Unnamed: 0,trans_date_trans_time,cc_num,merchant,category,amt,first,last,gender,street,city,state,zip,lat,long,city_pop,job,dob,trans_num,unix_time,merch_lat,merch_long,is_fraud,fraud_probability,is_predicted_fraud
951,2020-06-21 17:40:54,4292743669224718067,"fraud_Haley, Jewess and Bechtelar",shopping_pos,3204.98,Michael,Williams,M,35822 Clayton Street Apt. 679,Great Mills,MD,20634,38.2674,-76.4954,5927,Art therapist,1973-06-09,cdb7839b9b57c1bd8f856c3166b0e9db,1371836454,37.480372,-77.34958,0,0.9235338,1
999,2020-06-21 17:55:33,4933461930348832,fraud_Kessler Group,travel,2068.05,Richard,Carter,M,5097 Martin Ridges,Minneapolis,MN,55403,44.9673,-93.2828,1022298,Chemical engineer,1976-09-29,904e99f9a81c33371549da1ed53ac282,1371837333,44.444997,-93.515788,0,0.64976454,1
1044,2020-06-21 18:08:47,4302480582202074,"fraud_Towne, Greenholt and Koepp",shopping_net,981.92,David,Rodriguez,M,821 Solis Points,Muskegon,MI,49440,43.2326,-86.2492,128715,Historic buildings inspector/conservation officer,1995-05-25,3b1e799de5fa593a74b851b9d5f8bbe1,1371838127,43.849101,-85.560458,0,0.8575406,1
1398,2020-06-21 20:15:59,4956828990005111019,fraud_Kassulke PLC,shopping_net,1420.9,Kenneth,Robinson,M,269 Sanchez Rapids,Elizabeth,NJ,7208,40.6747,-74.2239,124967,Operational researcher,1980-12-21,6228a57f008628933ac25b0c67c7c43a,1371845759,41.030466,-74.717381,0,0.96838903,1
1428,2020-06-21 20:31:19,5540636818935089,fraud_Volkman-Predovic,shopping_net,2271.66,Kenneth,Foster,M,329 Michael Extension,Lawrence,MA,1843,42.6911,-71.1605,76383,Geoscientist,1985-04-04,f0c428ca5e8084b0753eca7828a74f67,1371846679,43.622853000000006,-71.020822,0,0.91127056,1
1687,2020-06-21 22:07:34,4560004149983868183,"fraud_Baumbach, Hodkiewicz and Walsh",shopping_pos,661.5,Stacy,Villegas,F,20581 Pena Walks,Colorado Springs,CO,80951,38.8881,-104.6556,525713,Museum/gallery exhibitions officer,1992-05-09,a5160620c59f7c95647dae16dcc4ad48,1371852454,38.65905,-103.747452,0,0.5074442,1
1695,2020-06-21 22:09:41,4427805710168,fraud_Lebsack and Sons,misc_net,890.22,Michelle,Rodriguez,F,1742 Brandon Squares Apt. 461,Ruidoso,NM,88355,33.3305,-105.6933,8874,Licensed conveyancer,2000-08-16,670e9fd071e3745d6d90b5ee5f29c64c,1371852581,34.154798,-106.551531,0,0.9382892,1
1767,2020-06-21 22:32:22,6564459919350820,"fraud_Rodriguez, Yost and Jenkins",misc_net,780.52,Douglas,Willis,M,619 Jeremy Garden Apt. 681,Benton,WI,53803,42.5545,-90.3508,1306,Public relations officer,1958-09-10,ab4b379d2c0c9c667d46508d4e126d72,1371853942,42.461127000000005,-91.147148,1,0.9921508,1
1781,2020-06-21 22:37:27,6564459919350820,fraud_Nienow PLC,entertainment,620.33,Douglas,Willis,M,619 Jeremy Garden Apt. 681,Benton,WI,53803,42.5545,-90.3508,1306,Public relations officer,1958-09-10,47a9987ae81d99f7832a54b29a77bf4b,1371854247,42.771834000000005,-90.158365,1,0.92922795,1
1857,2020-06-21 23:02:16,3560725013359375,fraud_Hermann and Sons,shopping_pos,842.65,Brooke,Smith,F,63542 Luna Brook Apt. 012,Notrees,TX,79759,31.8599,-102.7413,23,Cytogeneticist,1969-09-15,f6838c01f5d2262006e6b71d33ba7c6d,1371855736,31.315782,-102.73639,1,0.7259675,1
2026,2020-06-21 23:59:05,6564459919350820,fraud_Lemke-Gutmann,shopping_net,955.16,Douglas,Willis,M,619 Jeremy Garden Apt. 681,Benton,WI,53803,42.5545,-90.3508,1306,Public relations officer,1958-09-10,1799ffe421a2a05dc87903e379140f55,1371859145,43.027879,-90.493768,1,0.98290676,1
2039,2020-06-22 00:06:40,4005676619255478,"fraud_Rodriguez, Yost and Jenkins",misc_net,701.81,William,Perry,M,458 Phillips Island Apt. 768,Denham Springs,LA,70726,30.459,-90.9027,71335,Herbalist,1994-05-31,720905fa777ec90291cfd002fd12d67f,1371859600,30.652786,-90.206798,1,0.94719994,1
2049,2020-06-22 00:14:20,372509258176510,fraud_Schmitt Ltd,misc_net,432.31,Kristen,Hanson,F,26544 Andrea Glen,Goodrich,MI,48438,42.9147,-83.4845,6951,Learning disability nurse,1985-06-18,335f56dd328ecb4f1c2a476a538fcd6a,1371860060,43.283413,-83.54444000000001,0,0.84086764,1
2071,2020-06-22 00:29:42,3551217896304745,fraud_Huel-Langworth,misc_net,722.94,Sara,Harris,F,597 Jenny Ford Apt. 543,Tupper Lake,NY,12986,44.232,-74.4905,6120,Chartered loss adjuster,1976-10-09,67a93a8de98219a3efa811c0dc437636,1371860982,45.08194,-73.750262,0,0.83433443,1
2161,2020-06-22 01:14:22,4259996134423,"fraud_Kerluke, Considine and Macejkovic",misc_net,978.39,Julie,Johnson,F,9331 Robert Passage Suite 327,Hudson,KS,67545,38.1485,-98.6408,215,Probation officer,1968-11-22,74e14b89e8d7ffcd0ebc6861e3d53a7b,1371863662,38.053129,-98.278097,0,0.7645829,1
2187,2020-06-22 01:23:39,6011367958204270,fraud_Smith-Stokes,misc_pos,316.82,Tammy,Ayers,F,1652 James Mews,Hinckley,OH,44233,41.2419,-81.7453,7646,Medical sales representative,1988-09-15,5d78b6c2e1b38b226cbf843645b0842a,1371864219,40.897922,-81.031235,0,0.7661382,1
2433,2020-06-22 03:21:09,3513285035244624,fraud_Huel Ltd,misc_net,875.04,Ariana,Campbell,F,50932 Neal Valley,Daniels,WV,25832,37.7256,-81.1087,3994,"Biochemist, clinical",1936-11-05,5b0f6327129de1c595c2c83afcfd6539,1371871269,37.314284,-81.025239,0,0.7908668,1
2467,2020-06-22 03:38:35,4005676619255478,"fraud_Kerluke, Considine and Macejkovic",misc_net,868.48,William,Perry,M,458 Phillips Island Apt. 768,Denham Springs,LA,70726,30.459,-90.9027,71335,Herbalist,1994-05-31,2316b3d5045b9dcba383d5c27031ea4a,1371872315,30.283263,-90.606406,1,0.9192702,1
2650,2020-06-22 04:58:25,3524574586339330,fraud_Schumm PLC,shopping_net,967.86,Ashley,Cabrera,F,94225 Smith Springs Apt. 617,Vero Beach,FL,32960,27.633000000000003,-80.4031,105638,"Librarian, public",1986-05-07,4ee010ce369915da173469857effcea5,1371877105,28.218323,-80.97967,1,0.5938487,1
2946,2020-06-22 07:19:23,4060579726528237,"fraud_Nitzsche, Kessler and Wolff",shopping_pos,1674.52,Steven,Sanders,M,25955 Amy Via,Ozawkie,KS,66070,39.2136,-95.4404,2661,Theatre director,1948-11-14,594a38f9e4cfbf509f4230fb5e642993,1371885563,39.29869,-95.746321,0,0.6373949,1
3332,2020-06-22 10:00:09,4961003488432306,fraud_Dach-Nader,misc_net,1235.6,Stacy,Walsh,F,324 Donna Ridge Suite 651,Cressona,PA,17929,40.6284,-76.195,1606,Ecologist,1966-05-10,b144f95bcf60a045b014bfbfe50b3a3a,1371895209,41.477199,-76.903421,0,0.81961375,1
3339,2020-06-22 10:01:50,30143713661454,fraud_Jaskolski-Vandervort,misc_net,1085.92,Nicholas,Thornton,M,5270 Megan Burg Suite 756,Halma,MN,56729,48.6669,-96.5969,140,"Embryologist, clinical",1942-01-06,1f5fe3d7efb0504652ccab036b8a58d5,1371895310,48.35465,-96.755082,0,0.91881096,1
3469,2020-06-22 10:58:54,4599735407877245080,"fraud_Rippin, Kub and Mann",misc_net,796.31,Mary,Myers,F,39787 Pamela Fall Suite 639,Tiptonville,TN,38079,36.3846,-89.4649,5577,Geochemist,1964-12-30,90c558cd8549097f867dcf7b25c1d00d,1371898734,35.918496999999995,-89.76369100000001,0,0.71450835,1
4007,2020-06-22 14:01:44,30131826429364,fraud_Mohr Inc,shopping_pos,1170.57,Brianna,Foley,F,57256 Raymond Ports,Knoxville,TN,37932,35.9335,-84.1481,391389,"Designer, industrial/product",1994-04-22,aefca624f7c0423c2e19780c1b1840e8,1371909704,35.621603,-84.62679399999999,0,0.68496484,1
4019,2020-06-22 14:04:16,2450829271795901,fraud_Dickinson-Rempel,misc_pos,1134.7,Timothy,Kirby,M,7309 Sophia Causeway Suite 702,Sauk Rapids,MN,56379,45.604,-94.1591,16163,Hydrographic surveyor,1987-02-22,1d580ba6884aa1f68d0189fe5236ad8d,1371909856,45.801637,-94.417357,0,0.8323062,1
4105,2020-06-22 14:26:17,4997733566924489,fraud_Kihn Inc,shopping_pos,1270.1,Stephanie,Taylor,F,598 Martin Pine Suite 365,Saint Paul,MN,55128,44.9913,-92.9487,753116,Fisheries officer,1971-08-06,3c00c66aacb733eb6a3225c252031619,1371911177,44.161582,-92.376607,0,0.8941492,1
4427,2020-06-22 15:54:49,2703186189652095,"fraud_Little, Gutmann and Lynch",shopping_net,1447.9,Jennifer,Banks,F,561 Perry Cove,Moravian Falls,NC,28654,36.0788,-81.1781,3495,"Psychologist, counselling",1988-03-09,01894a15ac990076875a3f72fd86f65d,1371916489,36.127534,-81.424937,0,0.7973563,1
4722,2020-06-22 17:19:15,573860193545,fraud_Kuhn LLC,shopping_pos,1444.02,Cristian,Jones,M,0423 Kirby Field Suite 623,Wilmette,IL,60091,42.0765,-87.7246,27020,Trade mark attorney,1986-07-23,e5b9490d1d82f793f65c1f38bcdbc0c8,1371921555,42.469032,-88.08081700000001,0,0.9022784,1
5178,2020-06-22 19:27:31,30266994494236,"fraud_Wiza, Schaden and Stark",misc_pos,1422.13,Sarah,Foster,F,77872 Andrea Glen Apt. 543,Ford,VA,23850,37.1349,-77.7364,1051,Chief Operating Officer,1976-11-21,4273a3467d38cfa56c3678137b212f74,1371929251,37.647358,-77.262281,0,0.9656949,1
5622,2020-06-22 21:38:13,4792627764422477317,fraud_Terry-Huel,shopping_net,517.36,Margaret,Mendez,F,7952 Karen Pike,De Soto,KS,66018,38.9462,-94.9714,5760,Chief Executive Officer,1978-10-01,e6fe5b107a9bc5b9099885929fe3eae2,1371937093,38.127011,-95.360384,0,0.5102997,1
5718,2020-06-22 22:09:33,180018375329178,fraud_Dooley Inc,shopping_pos,1060.92,Michelle,Woods,F,952 Joseph Throughway,Munith,MI,49259,42.3703,-84.2485,2523,Geophysicist/field seismologist,1988-03-21,aab7812ba81e0bcabb38d313174ae320,1371938973,42.341918,-83.369734,0,0.8742567,1
6143,2020-06-23 00:18:42,3596357274378601,fraud_Zemlak Group,misc_net,461.23,David,Everett,M,4138 David Fall,Morrisdale,PA,16858,41.0001,-78.2357,3688,Advice worker,1973-05-27,0e85f47de4fc7970ba5e43fe196672c3,1371946722,40.321585,-79.12216,0,0.8502562,1
6214,2020-06-23 00:51:28,4089096483689733451,fraud_Eichmann-Russel,misc_pos,395.08,Debra,Stark,F,686 Linda Rest,Kilgore,TX,75662,32.3836,-94.8653,24536,Multimedia programmer,1983-10-14,40054951eff89dd38655e259f68b02ab,1371948688,31.466627000000003,-94.892861,0,0.83486915,1
6252,2020-06-23 01:12:26,30150717898388,fraud_Huel-Langworth,misc_net,577.69,Raymond,Lloyd,M,5930 Rebecca Bridge Apt. 444,Paint Rock,AL,35764,34.7031,-86.3068,653,Paediatric nurse,1966-06-19,4caf5fba928cb4fc5c4c0087fc69e9b5,1371949946,33.913841999999995,-86.996566,0,0.79045725,1
6407,2020-06-23 02:32:47,36721445180895,fraud_Halvorson Group,misc_pos,621.95,Cesar,Smith,M,901 Ariel Points,Jefferson,NY,12093,42.4999,-74.6117,1666,Diagnostic radiographer,1968-07-01,466b9a4af7451074ecccb8a3e90fc91a,1371954767,43.447288,-74.594077,0,0.6379864,1
6546,2020-06-23 03:35:18,3546674063249004,"fraud_Johnson, Runolfsdottir and Mayer",misc_net,885.07,Jordan,May,M,1626 Susan Course,Aledo,TX,76008,32.7004,-97.6039,13602,Optometrist,1984-07-05,b9940090ed41234677870c6c7076b95f,1371958518,31.717089,-97.641174,0,0.7327137,1
6578,2020-06-23 03:56:53,3567527758368741,fraud_Jast Ltd,shopping_net,1532.76,Amanda,Vance,F,14601 Downs Skyway Apt. 440,Sterling City,TX,76951,31.8351,-101.0017,1143,"Scientist, biomedical",1962-03-19,51e7ed1a888d550ed36a2e68c6ada2cd,1371959813,31.943343,-101.755228,0,0.545553,1
6649,2020-06-23 04:25:50,30551643947183,fraud_Kerluke PLC,misc_net,499.9,Morgan,Smith,F,1441 Bradley Place,Grover,NC,28073,35.1836,-81.4552,5621,Toxicologist,1973-11-14,685666b6a647feb817653e467476aa50,1371961550,35.030706,-80.657249,0,0.73494864,1
6730,2020-06-23 05:06:34,372246459334925,"fraud_Boehm, Predovic and Reinger",misc_pos,1743.19,Rick,Martinez,M,062 Poole Hollow Apt. 815,Deadwood,SD,57732,44.3566,-103.6999,1979,Multimedia programmer,1970-03-13,b815e583c6c907bde0d55aebf7d04080,1371963994,44.543213,-103.603582,0,0.699274,1
6761,2020-06-23 05:21:39,3560725013359375,fraud_Kunde-Sanford,misc_net,975.81,Brooke,Smith,F,63542 Luna Brook Apt. 012,Notrees,TX,79759,31.8599,-102.7413,23,Cytogeneticist,1969-09-15,7fe510bfd906aab9fd4b8aa05233a1df,1371964899,31.779431,-103.246848,0,0.6916281,1
6825,2020-06-23 05:52:26,4239552724014407,"fraud_Ruecker, Beer and Collier",shopping_net,2077.77,Carl,Hernandez,M,9134 Darryl Flat Suite 916,Paulding,OH,45879,41.141000000000005,-84.5722,6284,Secondary school teacher,1936-03-27,8028ad999bf05960f38617ac32690ed3,1371966746,41.969647,-84.375479,0,0.7460753,1
7057,2020-06-23 07:26:41,4836998673805450,"fraud_Kerluke, Considine and Macejkovic",misc_net,430.59,Susan,Hardy,F,516 Brown Parks,Manistique,MI,49854,46.0062,-86.2555,6469,Trade mark attorney,1979-04-12,d367edaf2be756c3b79137a3988b2453,1371972401,45.20921,-86.273946,0,0.5335091,1
7420,2020-06-23 10:21:28,4092452671396169678,"fraud_Parisian, Schiller and Altenwerth",misc_net,827.94,Jeffrey,Vargas,M,478 Alexandria Mount,Bolton,NC,28423,34.3091,-78.3372,2290,"Engineer, biomedical",1945-12-07,e3010e097b5f9e3511e7268b758ea91b,1371982888,34.749054,-79.26815500000001,0,0.85918456,1
7926,2020-06-23 13:45:59,344709867813900,"fraud_Baumbach, Hodkiewicz and Walsh",shopping_pos,1225.08,Joanna,Hudson,F,2924 Bobby Trafficway,Sebring,FL,33872,27.4703,-81.4872,50835,Environmental consultant,1986-01-30,e7354cb05cc06d37a45a5e717e926ab4,1371995159,28.267665,-80.573367,0,0.5932789,1
8851,2020-06-23 18:10:43,4312133045694601139,"fraud_Streich, Dietrich and Barton",shopping_net,3344.72,Julian,Price,M,086 Pierce Cove,Pikesville,MD,21208,39.3764,-76.729,33917,Company secretary,1977-06-12,aba77952d151fa218172c73930252ac4,1372011043,38.784248,-76.905812,0,0.93033385,1
8947,2020-06-23 18:36:58,4587577161160601,fraud_Metz-Boehm,shopping_pos,1026.82,Tina,Lawrence,F,12444 Jacob Pines,Nobleboro,ME,4555,44.0943,-69.4828,1643,Financial trader,1976-04-12,8162f6539b2ba27bc84f273537141d1e,1372012618,43.674755,-69.26979,0,0.8174742,1
9129,2020-06-23 19:34:23,4897067971111209737,fraud_Ankunding LLC,shopping_net,1394.89,Randy,Wood,M,542 Howe Mission Apt. 092,Port Richey,FL,34668,28.3011,-82.6927,42619,Environmental education officer,1975-10-07,68abdfc11df1af86a2ec1800a529a503,1372016063,28.155051,-81.752039,0,0.9421281,1
9138,2020-06-23 19:37:26,4810789809665942990,fraud_McCullough LLC,misc_pos,664.82,Julie,Sanchez,F,916 Charles Road,Bowersville,OH,45307,39.5756,-83.7153,338,Quantity surveyor,1988-07-28,e656f7f328d4ce3730cbdbe165fe3585,1372016246,39.11251,-83.405956,0,0.73364884,1
9433,2020-06-23 21:02:27,4560004149983868183,"fraud_Mosciski, Ziemann and Farrell",shopping_net,1064.34,Stacy,Villegas,F,20581 Pena Walks,Colorado Springs,CO,80951,38.8881,-104.6556,525713,Museum/gallery exhibitions officer,1992-05-09,0a23d0f6427b610ce29b61e6190d5c69,1372021347,38.995282,-105.128926,0,0.93815506,1
9544,2020-06-23 21:36:13,3583293909206278,fraud_Lesch Ltd,shopping_pos,1472.32,Deborah,Fisher,F,1911 Fisher Brook,Kirtland Afb,NM,87117,35.0203,-106.5503,310,"Surveyor, land/geomatics",1978-09-30,c9a691bb598a9dd699e61cae3d1e7113,1372023373,34.474209,-106.874685,0,0.9593115,1
9557,2020-06-23 21:39:50,4044436772018844508,"fraud_Kuhic, Bins and Pfeffer",shopping_net,547.72,Amy,Abbott,F,01505 Amy Stravenue,Dayton,OH,45415,39.8355,-84.2613,479994,Environmental manager,1970-11-09,e05f89cd6e457aa5deb5bdddef7848c8,1372023590,40.112904,-83.40377099999999,0,0.70847565,1
9688,2020-06-23 22:23:04,6538891242532018,fraud_Kris-Padberg,shopping_pos,670.22,Jodi,Rodriguez,F,5796 Lee Coves Apt. 286,Walnut Ridge,AR,72476,36.0244,-90.9288,7155,"Engineer, control and instrumentation",1977-03-23,3b9f6d71c598608bd4a109fe289d1c0c,1372026184,35.355757000000004,-90.635023,0,0.64881957,1
9890,2020-06-23 23:21:40,371226440126102,fraud_Stamm-Witting,shopping_net,2721.97,Stacy,Lambert,F,85430 Julie Trafficway Suite 792,Mulberry Grove,IL,62262,38.9311,-89.2463,1810,Race relations officer,1974-12-24,6da8e87b6db4d3b29bfb0230de42a0a4,1372029700,39.585384000000005,-88.57423100000001,0,0.96322966,1
10151,2020-06-24 02:38:53,30175986190993,fraud_Kuphal-Predovic,misc_net,718.5,Rebecca,Butler,F,0665 Lisa Alley,Winger,MN,56592,47.5375,-95.9941,516,Applications developer,1966-06-07,21fca489f903a94d3052404813efc415,1372041533,48.207516,-96.761507,0,0.7714871,1
10208,2020-06-24 03:34:35,376656886990758,"fraud_Greenfelder, Bartoletti and Davis",misc_net,1261.89,Richard,Vance,M,169 Shelia Knoll Suite 753,Zavalla,TX,75980,31.1569,-94.3871,2836,"Designer, jewellery",1985-12-03,253451ca1ef5bb7acb132e9b426ab974,1372044875,30.460347,-94.35522,0,0.6820326,1
10579,2020-06-24 09:35:02,3598895972308782,fraud_Kunde-Sanford,misc_net,599.51,Kenneth,Richards,M,994 Livingston Extensions Suite 918,Norwalk,OH,44857,41.2403,-82.6078,23805,Copy,1970-02-22,78bb7325e8483a2beb6362f495b17584,1372066502,40.314273,-82.501538,0,0.5925057,1
10801,2020-06-24 12:44:21,4681601008538160,fraud_Kovacek Ltd,travel,1735.2,Tammy,Davis,F,77663 Colleen Freeway,Moundsville,WV,26041,39.9148,-80.73100000000001,16183,Physiotherapist,1977-08-12,675bef85e78ca037c19d81acb4b1fdfd,1372077861,40.380848,-80.613727,0,0.7662701,1
11499,2020-06-24 20:23:32,30364087349027,"fraud_Zboncak, Rowe and Murazik",shopping_net,3396.84,Samuel,Sandoval,M,0005 Morrison Land,Mounds,OK,74047,35.8896,-96.0887,7163,Fitness centre manager,1982-02-05,8d4aa6dea14dd5a722155e0f0e7e7070,1372105412,36.86798,-95.716439,0,0.93348616,1
11517,2020-06-24 20:30:13,213153151785052,"fraud_Moore, Dibbert and Koepp",misc_net,550.72,Rebecca,Conley,F,181 Moreno Light Apt. 215,Tomahawk,WI,54487,45.4963,-89.7273,9594,Seismic interpreter,1997-11-23,46894a0d08da4129eec2db393f89c247,1372105813,45.653483,-90.527482,0,0.6979977,1
11535,2020-06-24 20:44:01,375974680629816,fraud_Williamson LLC,misc_pos,754.62,Roberta,Mccarthy,F,94431 Matthew Mall Suite 296,Plymouth,CT,6782,41.6611,-73.0449,2376,Herpetologist,1973-04-06,382d8c1191816a524f8be10f7b9ef746,1372106641,41.864429,-73.381858,0,0.8696557,1
11666,2020-06-24 22:03:55,180098888332620,fraud_Durgan-Auer,misc_net,790.54,Dennis,Davidson,M,08469 Trujillo Forge,Springville,NY,14141,42.52,-78.6847,7728,"Scientist, research (maths)",1959-03-30,80275a9dbfd3b1a7a5a11bcaa000afab,1372111435,43.22957,-78.451208,1,0.9926041,1
11669,2020-06-24 22:07:11,180098888332620,fraud_Bednar Group,misc_net,723.23,Dennis,Davidson,M,08469 Trujillo Forge,Springville,NY,14141,42.52,-78.6847,7728,"Scientist, research (maths)",1959-03-30,16aee906e2a1167ab8c20770a5b7cf79,1372111631,41.673916,-78.922416,1,0.99306244,1
11710,2020-06-24 22:30:10,180098888332620,fraud_Sawayn PLC,shopping_pos,996.31,Dennis,Davidson,M,08469 Trujillo Forge,Springville,NY,14141,42.52,-78.6847,7728,"Scientist, research (maths)",1959-03-30,5b52378eee32883f0dd60e506ac911fd,1372113010,43.110777,-78.685005,1,0.98434955,1
11770,2020-06-24 23:06:34,180098888332620,"fraud_Mosciski, Ziemann and Farrell",shopping_net,902.3,Dennis,Davidson,M,08469 Trujillo Forge,Springville,NY,14141,42.52,-78.6847,7728,"Scientist, research (maths)",1959-03-30,6e37d3d1cc9d701679fd3910c20808d6,1372115194,41.940223,-78.541627,1,0.988477,1
11780,2020-06-24 23:15:28,180098888332620,"fraud_Baumbach, Hodkiewicz and Walsh",shopping_pos,741.77,Dennis,Davidson,M,08469 Trujillo Forge,Springville,NY,14141,42.52,-78.6847,7728,"Scientist, research (maths)",1959-03-30,b971b65d32c1d9b36223370bb5744a94,1372115728,43.225233,-77.81421800000001,1,0.95792747,1
11789,2020-06-24 23:20:06,3593118134380341,fraud_Terry-Huel,shopping_net,900.77,Laura,Casey,F,6114 Moran Way,Steuben,ME,4680,44.4971,-67.9503,1131,Make,1959-05-10,53252776f86750964b0ab9b922708d15,1372116006,44.971125,-68.90919699999999,1,0.92295176,1
11799,2020-06-24 23:24:22,180098888332620,fraud_Pfeffer and Sons,shopping_pos,1047.3,Dennis,Davidson,M,08469 Trujillo Forge,Springville,NY,14141,42.52,-78.6847,7728,"Scientist, research (maths)",1959-03-30,8c171170a9bf40cd94df9c66c3ede970,1372116262,43.217469,-78.33609399999999,1,0.990105,1
11831,2020-06-24 23:46:55,3593118134380341,fraud_Ruecker Group,misc_net,737.99,Laura,Casey,F,6114 Moran Way,Steuben,ME,4680,44.4971,-67.9503,1131,Make,1959-05-10,684959c9c371a7c2407502b86861bd76,1372117615,44.894012,-68.76144599999999,1,0.9892266,1
12051,2020-06-25 03:08:47,6538891242532018,fraud_Durgan-Auer,misc_net,465.1,Jodi,Rodriguez,F,5796 Lee Coves Apt. 286,Walnut Ridge,AR,72476,36.0244,-90.9288,7155,"Engineer, control and instrumentation",1977-03-23,ab7e103d3714c8fb23f6dca45342928a,1372129727,36.485322,-91.338238,0,0.7206588,1
12283,2020-06-25 06:13:37,4836998673805450,"fraud_Rippin, Kub and Mann",misc_net,620.6,Susan,Hardy,F,516 Brown Parks,Manistique,MI,49854,46.0062,-86.2555,6469,Trade mark attorney,1979-04-12,462952a3aa0c58105e4074621ce5c205,1372140817,46.269578,-86.041026,0,0.6653292,1
12336,2020-06-25 06:51:20,630424987505,"fraud_Johnson, Runolfsdottir and Mayer",misc_net,760.98,Jennifer,Black,F,2870 Bean Terrace Apt. 756,Thomas,WV,26292,39.1505,-79.503,836,Forensic psychologist,1981-08-29,a070c74268a2517c48fbc5085158f3bf,1372143080,39.179303,-80.338773,0,0.6947905,1
12393,2020-06-25 07:32:45,4173950183554608,fraud_Mante Group,misc_net,982.47,Stephen,Marshall,M,47144 Roberts Keys,Monmouth Beach,NJ,7750,40.333,-73.9809,3279,Health promotion specialist,1978-10-05,f6f48012ee57692fd84c7efcb8cbe2c8,1372145565,40.661566,-73.00201,0,0.7248975,1
13052,2020-06-25 15:28:02,3575540972310993,fraud_Romaguera and Sons,travel,1804.21,Rachel,Villarreal,F,250 Carrie Throughway,University,MS,38677,34.3396,-89.5736,4198,Curator,2001-06-22,2bbce78a4521b829dce8b018d1d702d6,1372174082,33.907435,-90.321487,0,0.7647334,1
13345,2020-06-25 18:16:26,3593118134380341,"fraud_Mosciski, Ziemann and Farrell",shopping_net,1046.97,Laura,Casey,F,6114 Moran Way,Steuben,ME,4680,44.4971,-67.9503,1131,Make,1959-05-10,1e28f4d8c246e631eaa939dbb9dfa19a,1372184186,45.05939,-68.335587,1,0.95304275,1
13466,2020-06-25 19:43:13,4378993458389626,fraud_Fritsch LLC,travel,6600.44,Travis,Hayes,M,1561 Chase Grove,Conway,NH,3818,43.9742,-71.1503,3807,Surgeon,1999-10-25,6ad730c17f10beeb66462e8e0bdb8651,1372189393,43.741878,-71.699656,0,0.90435815,1
13741,2020-06-25 22:24:27,3593118134380341,fraud_Miller-Harris,misc_net,850.82,Laura,Casey,F,6114 Moran Way,Steuben,ME,4680,44.4971,-67.9503,1131,Make,1959-05-10,26b513dd77a2680fab058dd8b113c108,1372199067,44.386233,-68.757723,1,0.99140733,1
13806,2020-06-25 23:01:19,3593118134380341,fraud_Goyette Inc,shopping_net,976.48,Laura,Casey,F,6114 Moran Way,Steuben,ME,4680,44.4971,-67.9503,1131,Make,1959-05-10,49a574fd22e8a19f229830c40eda50b2,1372201279,44.955637,-67.503251,1,0.9757465,1
13821,2020-06-25 23:08:03,3540075240003197,"fraud_Turcotte, McKenzie and Koss",entertainment,440.71,Christian,Johns,M,892 Solis Neck,Lonsdale,MN,55046,44.4477,-93.4252,5211,Chief Strategy Officer,1987-01-27,fde476e437970c7e1643fdd257bf6103,1372201683,44.184327,-93.683582,0,0.61221623,1
13902,2020-06-25 23:51:22,375082648741747,fraud_Bashirian Group,shopping_net,4622.47,Shannon,Bell,F,2918 David Spurs,Georgetown,MN,56546,47.0999,-96.727,346,"Research officer, trade union",1976-12-14,2b3b95424b8ed908a04d3e680a0e3d6a,1372204282,46.790234000000005,-97.028372,0,0.9424535,1
14181,2020-06-26 03:10:32,3577794103155425,"fraud_Rohan, White and Aufderhar",misc_net,474.45,Mary,Humphrey,F,9853 Flynn Hollow Apt. 602,Reynolds,ND,58275,47.7068,-97.2092,733,Visual merchandiser,1994-11-12,ca9f4279ba8235c95437558ea67ce2c7,1372216232,46.822608,-96.63165,0,0.5127156,1
14205,2020-06-26 03:30:56,4128730454058057622,fraud_Buckridge PLC,misc_pos,1202.58,Monique,Martin,F,68276 Matthew Springs,Ratcliff,TX,75858,31.3833,-95.0619,43,"Engineer, production",1949-10-04,8275d144618e1c2da95b158997c4ed16,1372217456,31.567979,-94.510982,0,0.5829412,1
14781,2020-06-26 10:53:42,6535328428560433,fraud_Thiel PLC,misc_pos,1010.23,Michelle,Beck,F,2887 Olson Road Suite 439,Minneapolis,MN,55428,45.0632,-93.3811,1022298,Analytical chemist,1967-10-28,34e23918991ea24c41cfedbd0421b1f9,1372244022,45.432638,-93.716975,0,0.8152487,1
15133,2020-06-26 14:16:50,3565196229855512,fraud_Mosciski Group,travel,1363.85,Adriana,Harvey,F,715 Joy Prairie,Unionville,MO,63565,40.4815,-92.9951,3805,"Investment banker, corporate",1950-09-15,c769451fb9dfff78f10cb860950c0eaa,1372256210,41.151899,-92.565585,0,0.7388123,1
15202,2020-06-26 14:48:23,374930071163758,"fraud_Reichert, Shanahan and Hayes",shopping_net,1483.41,Daniel,Escobar,M,61390 Hayes Port,Romulus,MI,48174,42.2203,-83.3583,31515,Police officer,1971-11-05,bc570bbcd4ba8a73ce89cdd29d8c142e,1372258103,41.561379,-84.033342,0,0.90250075,1
15252,2020-06-26 15:13:41,4997733566924489,fraud_Pagac LLC,shopping_pos,1386.56,Stephanie,Taylor,F,598 Martin Pine Suite 365,Saint Paul,MN,55128,44.9913,-92.9487,753116,Fisheries officer,1971-08-06,978037003016392efb411c884f93869e,1372259621,45.841501,-93.887667,0,0.94327587,1
15458,2020-06-26 16:53:18,4469777115158234880,fraud_Barrows PLC,shopping_pos,3936.15,Gregory,Graham,M,4005 Dana Glens,Methuen,MA,1844,42.728,-71.181,47249,Market researcher,1980-11-22,d16079eb11554610a9d6f00c66eb75ef,1372265598,42.74077,-70.224448,0,0.90379375,1
15859,2020-06-26 20:36:36,213112402583773,fraud_Rempel Inc,shopping_net,1061.45,Ana,Howell,F,4664 Sanchez Common Suite 930,Bradley,SC,29819,34.0326,-82.2027,1523,Research scientist (physical sciences),1984-06-03,b77e7a9659a334a4780e693bc153b06e,1372278996,34.804487,-82.573738,0,0.89119273,1
15997,2020-06-26 21:45:35,6011652924285713,"fraud_Boehm, Block and Jakubowski",misc_pos,596.49,Kathryn,Smith,F,19838 Tonya Prairie Apt. 947,Rocky Mount,MO,65072,38.2911,-92.7059,1847,Tax inspector,1988-10-26,237bb58628894b1ae432a4fd4a99ec7c,1372283135,37.672964,-92.99238,0,0.84083086,1
16050,2020-06-26 22:08:07,213161231269724,"fraud_Herman, Treutel and Dickens",misc_net,749.59,Alyssa,Morgan,F,622 Robin Run Suite 764,Gadsden,AL,35901,34.048,-85.9246,67082,Physiological scientist,1963-02-09,decbf2d0117525e5104b9c8bf353dd1c,1372284487,34.483166,-86.33510799999999,1,0.9906929,1
16078,2020-06-26 22:20:01,213161231269724,fraud_Heathcote LLC,shopping_net,1129.53,Alyssa,Morgan,F,622 Robin Run Suite 764,Gadsden,AL,35901,34.048,-85.9246,67082,Physiological scientist,1963-02-09,7950c9c41b8854359ef6307ed6d15678,1372285201,34.539133,-86.76194100000001,1,0.9811623,1
16080,2020-06-26 22:20:54,4681699462969,"fraud_Streich, Dietrich and Barton",shopping_net,1523.23,Joseph,Gonzalez,M,319 Wendy Fort Suite 179,Murfreesboro,TN,37132,35.8596,-86.421,158701,"Journalist, newspaper",1978-03-06,f384dc71f142db2765235da5ec68f3ab,1372285254,36.796014,-87.044075,0,0.97456646,1
16155,2020-06-26 22:55:04,213161231269724,fraud_Volkman Ltd,misc_net,844.29,Alyssa,Morgan,F,622 Robin Run Suite 764,Gadsden,AL,35901,34.048,-85.9246,67082,Physiological scientist,1963-02-09,e8cdb55d2b4a6f26f9d999bcd65fead1,1372287304,34.590163000000004,-85.76717099999999,1,0.9906144,1
16196,2020-06-26 23:18:46,6544734391390261,fraud_Schumm PLC,shopping_net,949.88,John,Myers,M,701 Wilson Divide,Highland,IN,46322,41.55,-87.4569,23727,Community arts worker,1982-02-08,913d395d3dfc5d93fdf25dc9f7870653,1372288726,41.618135,-87.55474699999999,1,0.91367346,1
16209,2020-06-26 23:26:59,6011399591920186,fraud_Jewess LLC,shopping_pos,1517.62,Maria,Roy,F,58665 Nicholas Ford Suite 348,Sheffield,MA,1257,42.1001,-73.3611,2121,Radio producer,1973-10-14,259a4f5010ad11936a01536fd25f712c,1372289219,42.785375,-72.429684,0,0.9692951,1
16221,2020-06-26 23:34:26,3576431665303017,fraud_Morissette PLC,shopping_pos,780.08,Jessica,Ward,F,72269 Elizabeth Field Apt. 132,Phoenix,AZ,85020,33.5623,-112.0559,1312922,Contractor,1981-10-24,592702affae81ff3635c8e4849053e3d,1372289666,33.99152,-112.748231,0,0.8694723,1
16229,2020-06-26 23:37:45,6544734391390261,fraud_Boyer PLC,shopping_net,935.06,John,Myers,M,701 Wilson Divide,Highland,IN,46322,41.55,-87.4569,23727,Community arts worker,1982-02-08,9d24c700341ca7aa0e9b3d48fcf4e2b1,1372289865,41.155063,-86.64502900000001,1,0.936925,1
16231,2020-06-26 23:38:10,6544734391390261,fraud_Kerluke-Abshire,shopping_net,1025.61,John,Myers,M,701 Wilson Divide,Highland,IN,46322,41.55,-87.4569,23727,Community arts worker,1982-02-08,92cb4901841afb9c374df14d36dfac38,1372289890,41.802631,-88.38959200000001,1,0.98033845,1
16268,2020-06-26 23:56:16,4755696071492,fraud_Kozey-Boehm,shopping_net,2507.89,Robert,Evans,M,01892 Patricia Vista Apt. 828,Sachse,TX,75048,32.9643,-96.6012,20328,Site engineer,1985-06-20,a7043b9307d90679e11ecf2272868864,1372290976,32.980613,-97.133892,0,0.95237213,1
16348,2020-06-27 01:01:50,4003771737807706,fraud_Klocko LLC,misc_net,718.49,Danielle,Hayden,F,03368 Michelle Trail,Gregory,AR,72059,35.1791,-91.2594,37,"Lecturer, further education",1958-01-01,8df94c023adb2e21f51174954d0276ae,1372294910,35.231921,-91.660502,0,0.7289864,1
16442,2020-06-27 02:06:49,6544734391390261,"fraud_Tillman, Fritsch and Schmitt",misc_net,764.71,John,Myers,M,701 Wilson Divide,Highland,IN,46322,41.55,-87.4569,23727,Community arts worker,1982-02-08,edcfe3e9c8859adcb31bba8bdb90286d,1372298809,41.870903000000006,-87.172741,1,0.80428714,1
16703,2020-06-27 05:29:42,4661996144291811856,"fraud_Kerluke, Considine and Macejkovic",misc_net,1179.71,Linda,Park,F,24607 Charles Mountains,Fenelton,PA,16034,40.8555,-79.7372,2054,Operations geologist,1963-08-04,e0a96f24cf9f7bd59bb75239df3ee020,1372310982,40.134672,-79.06895300000001,0,0.7474026,1
16790,2020-06-27 06:40:00,4826655832045236,"fraud_Hayes, Marquardt and Dibbert",misc_net,500.71,Tami,Forbes,F,5204 Robinson Plaza Suite 897,Barnstable,MA,2630,41.6983,-70.3001,1850,Counselling psychologist,1963-12-29,e83def93e7131326d5533d5fafa2140a,1372315200,41.155077,-70.611411,0,0.58849025,1
16849,2020-06-27 07:27:01,6011388901471808,fraud_Kerluke PLC,misc_net,637.34,Jacqueline,Marsh,F,950 Sheryl Spurs,Dunlevy,PA,15432,40.1151,-79.8627,427,Mining engineer,1951-02-05,928166b786bd4fdf66a84fd7c1f6ab89,1372318021,40.690037,-79.97484399999999,0,0.76113456,1
17219,2020-06-27 12:07:39,213148039875802,fraud_Kozey-Boehm,shopping_net,1154.19,Jill,Jacobs,F,034 Kimberly Mountains,Brandon,FL,33510,27.9551,-82.2966,79613,Environmental consultant,1978-11-30,2adc239f593f37b8928feacc65f27780,1372334859,28.006662,-81.891037,0,0.5800435,1
17320,2020-06-27 13:06:22,6011399591920186,fraud_Schumm PLC,shopping_net,856.83,Maria,Roy,F,58665 Nicholas Ford Suite 348,Sheffield,MA,1257,42.1001,-73.3611,2121,Radio producer,1973-10-14,7bccf16fd21b3e2906a25d6206afd84d,1372338382,42.524767,-72.73586999999999,0,0.53043187,1
17404,2020-06-27 13:44:27,371226440126102,"fraud_Quitzon, Green and Bashirian",shopping_pos,2227.37,Stacy,Lambert,F,85430 Julie Trafficway Suite 792,Mulberry Grove,IL,62262,38.9311,-89.2463,1810,Race relations officer,1974-12-24,b7736891a172c8f7e519ac4e6429ad3a,1372340667,38.802514,-89.52415500000001,0,0.8719275,1
17455,2020-06-27 14:10:33,4129767952109660,"fraud_Turner, Ruecker and Parisian",misc_pos,1118.11,Cheryl,Ballard,F,248 James Squares Apt. 838,Halstad,MN,56548,47.3551,-96.798,771,"Scientist, audiological",1972-06-14,e7c2542c20a519683f68b6a30579ff58,1372342233,46.508907,-96.598457,0,0.93037707,1
17711,2020-06-27 16:14:03,6544734391390261,fraud_Schumm PLC,shopping_net,917.11,John,Myers,M,701 Wilson Divide,Highland,IN,46322,41.55,-87.4569,23727,Community arts worker,1982-02-08,75c0ae4b4a70b9905579fcb4b612569e,1372349643,40.691289000000005,-87.41234399999999,1,0.8334038,1
17941,2020-06-27 18:08:50,3598014571045296,"fraud_Schuppe, Nolan and Hoeger",shopping_pos,2079.2,Lisa,Clark,F,07943 Davis River,Grimesland,NC,27837,35.558,-77.2566,5903,Manufacturing systems engineer,1993-10-07,1ed1b0fa3687011be2a990a53e23424c,1372356530,34.714781,-76.81024000000001,0,0.9187192,1
18142,2020-06-27 19:47:59,3573386445588324,fraud_Volkman Ltd,misc_net,667.17,Stephanie,Murphy,F,526 Stacy Walks,Barnard,SD,57426,45.7205,-98.5534,63,Systems developer,1969-10-30,276495f58de3af46843647fdd00843eb,1372362479,46.0403,-97.71046,1,0.98014313,1
18205,2020-06-27 20:18:28,3500969075198072,fraud_Jast Ltd,shopping_net,934.86,Kenneth,Sanchez,M,0110 Ashley Forest,Tekoa,WA,99033,47.2271,-117.0819,895,Clothing/textile technologist,1999-05-31,f5a36c79c135dac1d8dd05c1b0785305,1372364308,46.292585,-117.06859,0,0.87114745,1
18465,2020-06-27 22:24:48,60487002085,fraud_Tillman LLC,travel,2758.46,David,White,M,66234 Hall Lock Suite 758,Jackson,MS,39211,32.3739,-90.1293,233060,"Horticulturist, commercial",1972-08-15,22b7b5b63000cf526ab433d8204207d9,1372371888,33.010465,-89.50255899999999,0,0.94624794,1
18509,2020-06-27 22:55:13,3573386445588324,fraud_Spencer PLC,entertainment,614.72,Stephanie,Murphy,F,526 Stacy Walks,Barnard,SD,57426,45.7205,-98.5534,63,Systems developer,1969-10-30,140105375e97c577a1a0d363e4cedcd4,1372373713,44.920705,-99.264799,1,0.9817577,1
18534,2020-06-27 23:04:11,213161231269724,"fraud_Towne, Greenholt and Koepp",shopping_net,996.41,Alyssa,Morgan,F,622 Robin Run Suite 764,Gadsden,AL,35901,34.048,-85.9246,67082,Physiological scientist,1963-02-09,3d267ca2d3dfdd0330952d5e751fc11d,1372374251,34.247756,-84.94930500000001,1,0.9723697,1
18537,2020-06-27 23:07:02,213161231269724,fraud_Medhurst PLC,shopping_net,895.25,Alyssa,Morgan,F,622 Robin Run Suite 764,Gadsden,AL,35901,34.048,-85.9246,67082,Physiological scientist,1963-02-09,e97bba7a016e370eb4523ef437e3020a,1372374422,33.710897,-85.09965600000001,1,0.9740621,1
18572,2020-06-27 23:26:42,213161231269724,fraud_Bashirian Group,shopping_net,1134.41,Alyssa,Morgan,F,622 Robin Run Suite 764,Gadsden,AL,35901,34.048,-85.9246,67082,Physiological scientist,1963-02-09,815353b246f784616181388d7be9000d,1372375602,33.114693,-85.83744300000001,1,0.9841674,1
18587,2020-06-27 23:34:41,3527536963490470,fraud_Ankunding LLC,shopping_net,3640.18,Teresa,Stein,F,2838 White Fields Apt. 473,Brunson,SC,29911,32.9413,-81.1807,1725,Social researcher,1974-12-05,078d961374d40545d652c035d73d9ce6,1372376081,32.786044,-81.439775,0,0.94519323,1
18651,2020-06-28 00:11:22,6538891242532018,fraud_Donnelly PLC,misc_net,513.93,Jodi,Rodriguez,F,5796 Lee Coves Apt. 286,Walnut Ridge,AR,72476,36.0244,-90.9288,7155,"Engineer, control and instrumentation",1977-03-23,f9d9e0dd6dca97eeaa0db155f5eea839,1372378282,36.007498,-91.556485,0,0.8332088,1
18845,2020-06-28 01:43:12,4681601008538160,fraud_Schmeler Inc,misc_pos,460.73,Tammy,Davis,F,77663 Colleen Freeway,Moundsville,WV,26041,39.9148,-80.73100000000001,16183,Physiotherapist,1977-08-12,50d7b206241c36e31b7a8e0888b4e151,1372383792,39.598104,-80.222122,0,0.8619413,1
19104,2020-06-28 04:10:45,180064817343047,fraud_Medhurst PLC,shopping_net,1257.65,Patricia,Gonzalez,F,8973 Mark Drive,Stephensport,KY,40170,37.9048,-86.524,344,Chartered public finance accountant,1967-03-30,644b4f95cd5bcbc32a5d911e7e9c6fcb,1372392645,37.010604,-87.361419,0,0.577398,1
19554,2020-06-28 08:25:18,6535328428560433,fraud_Mante Group,misc_net,589.76,Michelle,Beck,F,2887 Olson Road Suite 439,Minneapolis,MN,55428,45.0632,-93.3811,1022298,Analytical chemist,1967-10-28,f67516737888f501eec14b120266d057,1372407918,45.613693,-93.805863,0,0.7324037,1
19667,2020-06-28 09:30:36,4025612008285111,fraud_Gutmann-Upton,misc_pos,1100.46,Krystal,Key,F,23142 Montoya Island Apt. 742,Corsica,PA,15829,41.1762,-79.1976,1274,Maintenance engineer,1949-03-20,387aa59b0d6d8167873497851e82019b,1372411836,40.710765,-79.58014399999999,0,0.8086806,1
20007,2020-06-28 12:24:51,374656033243756,"fraud_Romaguera, Cruickshank and Greenholt",shopping_net,2954.45,David,Lewis,M,1499 Michael Rue,Arlington,VA,22213,38.8954,-77.1633,207410,Mudlogger,1984-07-03,7cb77a823bd2c1c2af3a1a9d4f0b0c45,1372422291,38.885963,-76.22073,0,0.858209,1
20275,2020-06-28 13:56:47,630423337322,fraud_Lynch Ltd,shopping_pos,1002.5,Stephanie,Gill,F,43039 Riley Greens Suite 393,Orient,WA,99160,48.8878,-118.2105,149,Special educational needs teacher,1978-06-21,a193bcda9aa36f69954eb0a7df1484ee,1372427807,47.975649,-118.9508,0,0.7266455,1
20280,2020-06-28 13:58:30,3566094707272327,fraud_Botsford Ltd,shopping_pos,1263.7,Kristina,Stewart,F,47029 Jimmy Tunnel Apt. 106,Newhall,CA,91321,34.3795,-118.523,34882,Health physicist,1971-04-25,caac65f27183f6a3078dc4d57d7495e8,1372427910,33.654079,-118.31808,0,0.7304471,1
20398,2020-06-28 14:43:51,3595192916105588,fraud_Stiedemann Inc,misc_pos,1009.64,Dustin,Roberts,M,3283 James Station,Fayetteville,NC,28314,35.0583,-79.008,238602,"Scientist, research (maths)",1993-05-14,a798fc7717d0c361176ce0e5d9057854,1372430631,35.774349,-79.384796,0,0.76576376,1
20532,2020-06-28 15:20:07,3543299015720986,fraud_Lesch Ltd,shopping_pos,1604.22,Angela,White,F,137 Adam Dale,Lebanon,VA,24266,36.8809,-82.0956,9521,"Teacher, English as a foreign language",1977-10-19,ea0b18f12dfa3eb06f18ceb342993e8e,1372432807,37.106337,-82.643512,0,0.8930882,1
20977,2020-06-28 17:58:50,3576021480694169,"fraud_Yost, Block and Koepp",misc_pos,1758.56,Dawn,Gray,F,9486 Joel Common Suite 554,Topeka,KS,66618,39.1329,-95.7023,163415,Secondary school teacher,2004-12-30,5228e75e7661450c08872a77c763316e,1372442330,39.269626,-96.505833,0,0.8914232,1
21076,2020-06-28 18:37:31,2254917871818484,"fraud_Lehner, Reichert and Mills",misc_pos,770.77,Margaret,Gibson,F,382 Williams Stream Suite 197,Scotland,MD,20687,38.0828,-76.3477,313,Insurance underwriter,1976-03-26,725259040882d8a2ab8035714fd74b3c,1372444651,38.555841,-76.978652,0,0.8959637,1
21497,2020-06-28 20:58:46,4998109455173950,"fraud_Watsica, Haag and Considine",shopping_pos,642.63,Mary,Pruitt,F,2819 Luke Greens Suite 563,Kansas City,MO,64114,38.9621,-94.5959,545147,Counsellor,1987-11-18,559b9f040b677f99697d6aa77c4b72a0,1372453126,39.961951,-94.115379,0,0.52551216,1
21501,2020-06-28 21:00:45,36913587729122,"fraud_Heathcote, Yost and Kertzmann",shopping_net,655.19,Ana,Mccormick,F,4503 Patricia Route,Meridian,ID,83646,43.6498,-116.4306,84106,Intelligence analyst,1971-02-11,ab629eac0ecbbecaddba336ebf7d4a47,1372453245,42.975696,-116.946598,0,0.75550777,1
21704,2020-06-28 22:07:17,4279161831637,"fraud_Goyette, Howell and Collier",shopping_pos,1029.49,Lisa,Hendrix,F,35737 Kirby Fall Suite 409,Vanderbilt,PA,15486,40.0246,-79.6955,2303,Physiotherapist,1987-08-16,d04e691b1bef080720344ab05bd607bd,1372457237,39.432092,-80.610049,0,0.8274276,1
21721,2020-06-28 22:12:08,3581130339108561,"fraud_Labadie, Treutel and Bode",shopping_net,1159.89,Gregory,Wood,M,622 Robert Summit,Akron,OH,44307,41.0695,-81.5488,272134,Call centre manager,1964-03-15,8a6c3bd7b38794bb2355ee761f5325b5,1372457528,40.763354,-81.317657,1,0.98382956,1
21747,2020-06-28 22:21:29,3573386445588324,fraud_Gerlach Inc,shopping_net,1051.14,Stephanie,Murphy,F,526 Stacy Walks,Barnard,SD,57426,45.7205,-98.5534,63,Systems developer,1969-10-30,64e62a158d8caaa54ad30e767fd8cab3,1372458089,46.45845,-98.578936,1,0.9773287,1
21919,2020-06-28 23:19:07,4635330563105903,fraud_Turner and Sons,shopping_pos,878.43,Christina,Rose,F,1984 Taylor Island Suite 836,Falls Church,VA,22046,38.8856,-77.1802,116155,Chartered accountant,1983-07-10,d5e3f7df460a54b29b624df86a4681e8,1372461547,39.682892,-76.608,0,0.7519397,1
21937,2020-06-28 23:24:26,3581130339108561,fraud_Fisher-Schowalter,shopping_net,1142.66,Gregory,Wood,M,622 Robert Summit,Akron,OH,44307,41.0695,-81.5488,272134,Call centre manager,1964-03-15,6cc195cdb0c39f3ab5d2b1a5860b86a2,1372461866,41.894724,-81.866035,1,0.98714477,1
21953,2020-06-28 23:28:24,3573386445588324,fraud_Miller-Harris,misc_net,777.75,Stephanie,Murphy,F,526 Stacy Walks,Barnard,SD,57426,45.7205,-98.5534,63,Systems developer,1969-10-30,745d3d22bf0b7eb753d2d08899f9666a,1372462104,45.128934,-98.292388,1,0.9905381,1
22013,2020-06-28 23:48:15,30551643947183,"fraud_Swaniawski, Lowe and Robel",shopping_pos,1664.65,Morgan,Smith,F,1441 Bradley Place,Grover,NC,28073,35.1836,-81.4552,5621,Toxicologist,1973-11-14,aa794a98f2558a7e84d14f28af086d7b,1372463295,35.002588,-82.30820899999999,0,0.9726333,1
22015,2020-06-28 23:48:51,3581130339108561,"fraud_Heathcote, Yost and Kertzmann",shopping_net,1197.26,Gregory,Wood,M,622 Robert Summit,Akron,OH,44307,41.0695,-81.5488,272134,Call centre manager,1964-03-15,041e573c99f5f86a5110a99a2227d976,1372463331,40.199599,-81.10859599999999,1,0.9888087,1
22087,2020-06-29 00:15:24,571844099986,"fraud_Schoen, Kuphal and Nitzsche",grocery_pos,307.26,Susan,Mills,F,005 Cody Estates,Louisville,KY,40202,38.2507,-85.7476,736284,Engineering geologist,1952-04-02,3c07233862b52f7f1956a87a881df970,1372464924,37.582402,-85.696596,1,0.79237217,1
22236,2020-06-29 01:17:03,4761403817546679245,fraud_Lemke-Gutmann,shopping_net,969.7,Diana,Jacobs,F,69608 Perez Mountain Apt. 006,Viola,AR,72583,36.3924,-91.9932,1679,Psychiatric nurse,1986-05-02,4afe8724ad1ed51bca2f0d08c9529e3b,1372468623,37.310617,-92.913015,1,0.5500708,1
22427,2020-06-29 02:44:41,571844099986,fraud_Kunze Inc,grocery_pos,291.15,Susan,Mills,F,005 Cody Estates,Louisville,KY,40202,38.2507,-85.7476,736284,Engineering geologist,1952-04-02,d1fee4e236e02808b987557689681670,1372473881,37.790394,-85.506713,1,0.6109557,1
22594,2020-06-29 03:49:17,3526826139003047,fraud_Kunde-Sanford,misc_net,937.08,Nathan,Massey,M,5783 Evan Roads Apt. 465,Falmouth,MI,49632,44.2529,-85.01700000000001,1126,Furniture designer,1955-07-06,3a2ec52f7da713d4a5509b936a27d991,1372477757,44.882167,-85.633444,0,0.71671027,1
23216,2020-06-29 08:16:40,571844099986,"fraud_Osinski, Ledner and Leuschke",grocery_pos,344.74,Susan,Mills,F,005 Cody Estates,Louisville,KY,40202,38.2507,-85.7476,736284,Engineering geologist,1952-04-02,29adf16de2a376ca8ac610a8dad5d0dc,1372493800,37.618824,-85.43769300000001,1,0.713605,1
23304,2020-06-29 09:00:48,3559679414981506,fraud_Bogisich-Homenick,misc_net,801.52,Olivia,Stephenson,F,292 Cassidy Oval,Lowville,NY,13367,43.7893,-75.4156,8830,Theme park manager,1991-03-29,6295e48aef081245ccbc26cffaab4938,1372496448,44.347648,-74.811999,0,0.64861447,1
23609,2020-06-29 11:17:47,377234009633447,fraud_Simonis-Prohaska,misc_pos,1205.98,Theresa,Blackwell,F,43576 Kristina Islands,Shenandoah Junction,WV,25442,39.3716,-77.8229,1925,Systems developer,1966-02-14,623159b1f8c7a915122375a46c280b71,1372504667,38.489077,-78.477878,0,0.7807712,1
23917,2020-06-29 13:04:12,3563837241599446,fraud_Gleason-Macejkovic,shopping_net,1006.76,Timothy,Simmons,M,1049 John Ports Suite 057,Newberg,OR,97132,45.3099,-122.9685,28278,Research scientist (physical sciences),1977-07-17,372a574406b50270213e10e94cce5475,1372511052,45.70272,-123.625427,0,0.683438,1
23937,2020-06-29 13:09:26,3576021480694169,fraud_Boyer PLC,misc_pos,1495.43,Dawn,Gray,F,9486 Joel Common Suite 554,Topeka,KS,66618,39.1329,-95.7023,163415,Secondary school teacher,2004-12-30,388b0ae03471dd656e216999b9ce221c,1372511366,38.606874,-95.439677,0,0.7806986,1
24806,2020-06-29 17:26:08,2296006538441789,fraud_Stiedemann Inc,misc_pos,832.72,Judy,Hogan,F,4970 Michelle Burgs,Brooklyn,NY,11217,40.6816,-73.9798,2504700,Medical sales representative,1999-09-01,423aedf965beb3a4021f959f58a0842c,1372526768,41.340516,-73.232787,0,0.6236857,1
24869,2020-06-29 17:44:27,571844099986,fraud_Wilkinson Ltd,entertainment,443.97,Susan,Mills,F,005 Cody Estates,Louisville,KY,40202,38.2507,-85.7476,736284,Engineering geologist,1952-04-02,1dd7558077da437b22b45843f6d367ed,1372527867,37.737605,-86.051863,1,0.9894805,1
25007,2020-06-29 18:26:32,3551217896304745,fraud_Pacocha-Bauch,shopping_pos,943.64,Sara,Harris,F,597 Jenny Ford Apt. 543,Tupper Lake,NY,12986,44.232,-74.4905,6120,Chartered loss adjuster,1976-10-09,59f8d22889aad658d90c6ec8b525e470,1372530392,43.28998,-73.88069499999999,0,0.78156054,1
25264,2020-06-29 19:38:35,4173950183554608,"fraud_Terry, Johns and Bins",misc_pos,554.84,Stephen,Marshall,M,47144 Roberts Keys,Monmouth Beach,NJ,7750,40.333,-73.9809,3279,Health promotion specialist,1978-10-05,a5b60e37912e27a99c31875a58e628ba,1372534715,40.978316,-74.648134,0,0.5353651,1
25317,2020-06-29 19:54:05,30434173205605,"fraud_Kuhic, Bins and Pfeffer",shopping_net,1402.47,Kylie,Kirby,F,79816 Jackson Squares,Shedd,OR,97377,44.453,-123.1065,917,Radio broadcast assistant,1995-07-08,1825d956b76f9a8aaf7145c71a9006ab,1372535645,44.748046,-122.709703,0,0.91836625,1
25325,2020-06-29 19:56:02,4450831335606294,"fraud_Douglas, Schneider and Turner",shopping_pos,893.46,Donna,Davis,F,6760 Donovan Lakes,Clayton,OK,74536,34.5906,-95.38,1760,Occupational psychologist,1972-01-20,ef89072d08725cf7a46c4800d82d3ca8,1372535762,34.888286,-94.990273,0,0.7037786,1
25373,2020-06-29 20:07:56,4170689372027579,"fraud_Bins, Balistreri and Beatty",shopping_pos,1163.1,Samuel,Frey,M,830 Myers Plaza Apt. 384,Edmond,OK,73034,35.6665,-97.4798,116001,Media buyer,1993-05-10,c86103f04146876f6bad410d73b0d9fc,1372536476,35.662793,-97.965121,0,0.8407402,1
25396,2020-06-29 20:13:53,4089096483689733451,fraud_Hudson-Grady,shopping_pos,1090.29,Debra,Stark,F,686 Linda Rest,Kilgore,TX,75662,32.3836,-94.8653,24536,Multimedia programmer,1983-10-14,38da20a812c37afed9626e553815978f,1372536833,32.430893,-94.688767,0,0.7750855,1
25418,2020-06-29 20:21:44,3521417320836166,"fraud_Douglas, Schneider and Turner",shopping_pos,707.72,Angela,Hodges,F,08236 Kim Hill,Indianapolis,IN,46254,39.849,-86.272,910148,Firefighter,1975-11-30,a02c755e951325adba8bb7d4e8474dd3,1372537304,40.206544,-86.512394,0,0.801825,1
25419,2020-06-29 20:21:47,4716561796955522,fraud_Jast Ltd,shopping_net,2681.62,Lauren,Anderson,F,11014 Chad Lake Apt. 573,Heart Butte,MT,59448,48.2777,-112.8456,743,Water engineer,1972-05-04,fffe28401431792946a3d9208b7b386d,1372537307,47.964643,-113.48368,0,0.93947214,1
25792,2020-06-29 22:10:42,3528231451607350,fraud_Dooley Inc,shopping_pos,854.92,Lauren,Moreno,F,83719 Wilson Shore,Heislerville,NJ,8324,39.224,-74.9942,526,Exercise physiologist,1940-09-06,2be9e43e548dbb483e97a071c175e341,1372543842,38.759631,-74.136925,1,0.9461059,1
25864,2020-06-29 22:28:03,213178765398315,"fraud_Ruecker, Beer and Collier",shopping_net,3632.96,Alan,Colon,M,748 Bryan Fields Suite 935,Riverton,WY,82501,43.0351,-108.2024,19408,"Lecturer, higher education",1993-09-11,c27e5fddb116d29b8f452a93c7d6d55f,1372544883,42.397495,-108.769871,0,0.9235538,1
25921,2020-06-29 22:43:27,3528231451607350,fraud_Lockman Ltd,grocery_pos,320.36,Lauren,Moreno,F,83719 Wilson Shore,Heislerville,NJ,8324,39.224,-74.9942,526,Exercise physiologist,1940-09-06,3f34d846a251a3e8231c6a1a107c514d,1372545807,40.013038,-74.902923,1,0.91335696,1
26055,2020-06-29 23:28:28,571844099986,fraud_Sawayn PLC,shopping_pos,888.56,Susan,Mills,F,005 Cody Estates,Louisville,KY,40202,38.2507,-85.7476,736284,Engineering geologist,1952-04-02,e3745021f85a57c9d1a71bab8b24a60e,1372548508,38.033283,-85.15483499999999,1,0.9815485,1
26074,2020-06-29 23:34:18,377026671291680,fraud_Dooley Inc,shopping_pos,678.99,Jackie,Davis,F,1898 Parker Fork Apt. 057,Redford,MO,63665,37.3272,-91.0243,241,Investment analyst,1974-10-27,ec51614e0bb5ea5577d1130793d0b3b4,1372548858,36.426835,-90.64802,0,0.9046553,1
26098,2020-06-29 23:40:46,571844099986,fraud_Jaskolski-Vandervort,misc_net,878.42,Susan,Mills,F,005 Cody Estates,Louisville,KY,40202,38.2507,-85.7476,736284,Engineering geologist,1952-04-02,44f5d5219fd33b33b24ee4770448d2a9,1372549246,37.68554,-84.893428,1,0.99251705,1
26160,2020-06-29 23:55:16,3581130339108561,"fraud_Gottlieb, Considine and Schultz",shopping_net,1004.99,Gregory,Wood,M,622 Robert Summit,Akron,OH,44307,41.0695,-81.5488,272134,Call centre manager,1964-03-15,90883d6aab0c0806b2cf11e35d0ca9e3,1372550116,40.682223,-80.74166,1,0.980209,1
26161,2020-06-29 23:55:18,3581130339108561,fraud_Brown PLC,misc_net,793.07,Gregory,Wood,M,622 Robert Summit,Akron,OH,44307,41.0695,-81.5488,272134,Call centre manager,1964-03-15,a7b0e7daa0740e90defdfb8016a2c5d7,1372550118,41.703644,-80.949957,1,0.65262246,1
26163,2020-06-29 23:56:05,3581130339108561,fraud_Jewess LLC,shopping_pos,1013.85,Gregory,Wood,M,622 Robert Summit,Akron,OH,44307,41.0695,-81.5488,272134,Call centre manager,1964-03-15,10741337feb34e8968811157c6493b6c,1372550165,40.166832,-82.007641,1,0.9874373,1
26235,2020-06-30 00:25:45,4792627764422477317,fraud_Nader-Heller,misc_net,389.32,Margaret,Mendez,F,7952 Karen Pike,De Soto,KS,66018,38.9462,-94.9714,5760,Chief Executive Officer,1978-10-01,cfd927d25a3695a069f0154f7890ba40,1372551945,39.017757,-95.212572,0,0.8303893,1
26239,2020-06-30 00:27:19,571844099986,fraud_Bogisich Inc,grocery_pos,315.39,Susan,Mills,F,005 Cody Estates,Louisville,KY,40202,38.2507,-85.7476,736284,Engineering geologist,1952-04-02,db61932a533ba7ff64a37c40cb90c610,1372552039,37.478147,-86.731721,1,0.79493344,1
26363,2020-06-30 01:25:08,3586008444788268,fraud_Fisher Inc,shopping_net,1020.48,Crystal,Fuller,F,000 Jennifer Mills,Issaquah,WA,98027,47.4974,-122.0107,50489,Osteopath,1984-02-29,7d796223fc49800674cfc03e0dccfd3c,1372555508,47.856895,-121.562764,1,0.60364383,1
26379,2020-06-30 01:32:44,4761403817546679245,fraud_Kerluke PLC,misc_net,795.07,Diana,Jacobs,F,69608 Perez Mountain Apt. 006,Viola,AR,72583,36.3924,-91.9932,1679,Psychiatric nurse,1986-05-02,72613d844481e8c44ac275c685bff23f,1372555964,36.52083,-92.26128,1,0.8134242,1
26397,2020-06-30 01:40:26,4761403817546679245,"fraud_Langworth, Boehm and Gulgowski",shopping_net,829.4,Diana,Jacobs,F,69608 Perez Mountain Apt. 006,Viola,AR,72583,36.3924,-91.9932,1679,Psychiatric nurse,1986-05-02,dbab11d6b66735e14dffaf08b5601ad8,1372556426,35.582421999999994,-91.611369,1,0.7470495,1
26430,2020-06-30 01:55:30,4826655832045236,fraud_Zemlak Group,misc_net,441.49,Tami,Forbes,F,5204 Robinson Plaza Suite 897,Barnstable,MA,2630,41.6983,-70.3001,1850,Counselling psychologist,1963-12-29,353fdf8498319ed5b95ac857ac10445f,1372557330,42.378115,-71.275387,0,0.7925232,1
26519,2020-06-30 02:36:40,4761403817546679245,fraud_Miller-Hauck,grocery_pos,353.35,Diana,Jacobs,F,69608 Perez Mountain Apt. 006,Viola,AR,72583,36.3924,-91.9932,1679,Psychiatric nurse,1986-05-02,733738546cc3af37d6e29be2bdf6de9f,1372559800,36.867779,-91.124677,1,0.7874725,1
26597,2020-06-30 03:11:38,3502088871723054,"fraud_Herman, Treutel and Dickens",misc_net,1626.53,Scott,Martin,M,31472 Cody Place Suite 740,Kensington,MD,20895,39.0298,-77.0793,19054,Operations geologist,1976-09-08,1fbb271a7ae92204d70718b02ba2d5cc,1372561898,39.788823,-76.781498,0,0.7053005,1
26607,2020-06-30 03:16:01,3586008444788268,fraud_Wilkinson Ltd,entertainment,483.28,Crystal,Fuller,F,000 Jennifer Mills,Issaquah,WA,98027,47.4974,-122.0107,50489,Osteopath,1984-02-29,49d64edb852c5d9dc80541f9afe7dc02,1372562161,47.375404,-121.358143,1,0.76226604,1
26696,2020-06-30 03:59:50,3586008444788268,"fraud_Effertz, Welch and Schowalter",entertainment,520.02,Crystal,Fuller,F,000 Jennifer Mills,Issaquah,WA,98027,47.4974,-122.0107,50489,Osteopath,1984-02-29,ed40b7db85bb1279000dc0f694a88305,1372564790,46.780492,-122.916246,1,0.68803287,1
26825,2020-06-30 05:05:00,4761403817546679245,fraud_Huel-Langworth,misc_net,778.42,Diana,Jacobs,F,69608 Perez Mountain Apt. 006,Viola,AR,72583,36.3924,-91.9932,1679,Psychiatric nurse,1986-05-02,b882c9e703b2b5bf2c2ac5844e1bd586,1372568700,35.631507,-92.411869,1,0.7713586,1
26876,2020-06-30 05:25:21,3598304579370089,fraud_Huel Ltd,misc_net,414.22,Vincent,Flowers,M,0189 Emily Prairie,Wichita,KS,67232,37.6395,-97.1714,409656,Heritage manager,1985-12-27,25b9db68a3d8803ee8245fb3abb32dde,1372569921,37.488706,-97.413354,0,0.6689992,1
26931,2020-06-30 05:51:35,584673555952,fraud_Gutmann-Upton,misc_pos,859.19,Jessica,Jordan,F,071 Wise Trace,Coleharbor,ND,58531,47.5196,-101.2332,307,Make,1930-08-13,440959db36603062a1937d2098e7cc1b,1372571495,48.340559000000006,-101.762233,0,0.5983894,1
27101,2020-06-30 07:14:14,6011382886333463,fraud_Mante Group,misc_net,436.87,Martin,Duarte,M,6251 Payne Flats Apt. 581,Luzerne,MI,48636,44.6001,-84.2931,864,General practice doctor,1942-05-04,26f6304c2fd2a9f9b29ef24db4c223ea,1372576454,43.627652000000005,-84.009282,0,0.6230697,1
27436,2020-06-30 10:04:00,4761403817546679245,fraud_Boyer-Reichert,shopping_net,989.92,Diana,Jacobs,F,69608 Perez Mountain Apt. 006,Viola,AR,72583,36.3924,-91.9932,1679,Psychiatric nurse,1986-05-02,b7777c291eab9462af404396a76af9fb,1372586640,36.729191,-92.401574,1,0.5006337,1
27783,2020-06-30 12:27:14,571844099986,"fraud_Kuhic, Bins and Pfeffer",shopping_net,1143.96,Susan,Mills,F,005 Cody Estates,Louisville,KY,40202,38.2507,-85.7476,736284,Engineering geologist,1952-04-02,645d25f4ce11bab807386a38ab6b53f3,1372595234,39.219237,-86.65425400000001,1,0.8741441,1
28573,2020-06-30 16:28:54,371284424780634,fraud_Kovacek Ltd,travel,1524.28,Jeremy,Moore,M,574 Patricia Extensions,Lubbock,TX,79413,33.5466,-101.8871,254282,"Doctor, general practice",1952-01-29,0e8d59789a01ff03c713e8a7ae88f562,1372609734,32.902514000000004,-102.565089,0,0.834341,1
28606,2020-06-30 16:37:56,6506982560413523,"fraud_Labadie, Treutel and Bode",shopping_net,948.76,Alice,Kemp,F,057 Martinez Radial,Texarkana,AR,71854,33.431,-93.8765,36438,Surgeon,1985-04-15,4ecbc4121117d03ba2f39f4f2df95db7,1372610276,32.434355,-93.676048,0,0.6525384,1
28758,2020-06-30 17:23:27,371226440126102,fraud_Maggio-Fahey,misc_pos,607.37,Stacy,Lambert,F,85430 Julie Trafficway Suite 792,Mulberry Grove,IL,62262,38.9311,-89.2463,1810,Race relations officer,1974-12-24,4446344c957e9bf2a0f536d9bdea6191,1372613007,38.639215,-89.659272,0,0.74381477,1
29080,2020-06-30 19:05:52,4745996322265,"fraud_Labadie, Treutel and Bode",shopping_net,1178.11,Carrie,Washington,F,6114 Adams Harbor Suite 096,Kingsford Heights,IN,46346,41.4802,-86.6919,1423,"Psychologist, forensic",1998-10-07,5273d6c2792162a65ab59a026681d20e,1372619152,41.72608,-87.666712,0,0.89749354,1
29377,2020-06-30 20:33:19,30197398657930,fraud_Mohr Inc,shopping_pos,1620.73,April,Johnson,F,9727 Deleon Mountain,Creedmoor,NC,27522,36.1124,-78.6476,12335,Chief Strategy Officer,1987-09-19,853c77d117be6c5f66ba9e8ac7602d3d,1372624399,36.697532,-79.02658000000001,0,0.9266218,1
29449,2020-06-30 20:57:18,3540075240003197,fraud_Schumm PLC,shopping_net,1225.09,Christian,Johns,M,892 Solis Neck,Lonsdale,MN,55046,44.4477,-93.4252,5211,Chief Strategy Officer,1987-01-27,abe1922e47656c568fdae69ea81158dd,1372625838,43.883447,-92.962237,0,0.9346733,1
29593,2020-06-30 21:38:41,3528231451607350,"fraud_Kihn, Abernathy and Douglas",shopping_net,1123.95,Lauren,Moreno,F,83719 Wilson Shore,Heislerville,NJ,8324,39.224,-74.9942,526,Exercise physiologist,1940-09-06,1323d15c189239192dcf5ebe8c282a38,1372628321,39.045168,-74.554456,1,0.9870991,1
29608,2020-06-30 21:43:52,6011104316292105,fraud_Hermann and Sons,shopping_pos,1325.05,Valerie,Davis,F,3861 Anderson Ramp Apt. 536,Drakes Branch,VA,23937,36.9688,-78.5615,1970,Energy engineer,1985-09-02,7fb85fe68361d903c9e1ce979ab381a1,1372628632,36.854198,-77.663549,0,0.9313166,1
29664,2020-06-30 22:02:57,3528231451607350,fraud_McGlynn-Heathcote,misc_net,830.06,Lauren,Moreno,F,83719 Wilson Shore,Heislerville,NJ,8324,39.224,-74.9942,526,Exercise physiologist,1940-09-06,a6082c1bd6b00d7b9f8b0b2a4e1bce95,1372629777,38.668035,-74.77953199999999,1,0.99302167,1
29692,2020-06-30 22:13:59,3583635130604947,fraud_Hickle Group,shopping_pos,671.96,Crystal,Gamble,F,899 Michele View Suite 960,Philadelphia,PA,19149,40.0369,-75.0664,1526206,Structural engineer,1985-01-01,1db7bcd3a6ace3649d2d9a7d07168cad,1372630439,39.732207,-75.556668,0,0.7163503,1
29852,2020-06-30 23:02:09,30238755902988,fraud_Schmidt and Sons,shopping_net,652.66,Danielle,Yu,F,5395 Colon Burgs Suite 037,Thrall,TX,76578,30.592,-97.2893,1766,Press sub,1976-01-02,05f351206bd05daf9dbeec1bcad3d4f9,1372633329,31.373935,-97.392946,0,0.6468501,1
29853,2020-06-30 23:02:19,4997733566924489,fraud_Gislason Group,misc_pos,380.83,Stephanie,Taylor,F,598 Martin Pine Suite 365,Saint Paul,MN,55128,44.9913,-92.9487,753116,Fisheries officer,1971-08-06,78f81ade4825cb2ba06d0a4380761862,1372633339,44.129013,-92.182083,0,0.6906765,1
29859,2020-06-30 23:04:32,571844099986,"fraud_Gottlieb, Considine and Schultz",shopping_net,993.55,Susan,Mills,F,005 Cody Estates,Louisville,KY,40202,38.2507,-85.7476,736284,Engineering geologist,1952-04-02,9ca9e0b00e42cf6ca60957bf5bff7419,1372633472,38.188666,-86.542169,1,0.99007154,1
29894,2020-06-30 23:16:18,3528231451607350,"fraud_Romaguera, Cruickshank and Greenholt",shopping_net,970.38,Lauren,Moreno,F,83719 Wilson Shore,Heislerville,NJ,8324,39.224,-74.9942,526,Exercise physiologist,1940-09-06,11f1ae917c13c725aa0843ec04ef447b,1372634178,39.403926,-74.773576,1,0.98775244,1
29895,2020-06-30 23:16:28,3528231451607350,"fraud_Kerluke, Kertzmann and Wiza",misc_net,809.53,Lauren,Moreno,F,83719 Wilson Shore,Heislerville,NJ,8324,39.224,-74.9942,526,Exercise physiologist,1940-09-06,f7d1d432a8fd5abfedb08523d7c0a9f8,1372634188,38.487274,-74.886792,1,0.9855107,1
29896,2020-06-30 23:16:40,571844099986,"fraud_Haley, Jewess and Bechtelar",shopping_pos,917.97,Susan,Mills,F,005 Cody Estates,Louisville,KY,40202,38.2507,-85.7476,736284,Engineering geologist,1952-04-02,6736d580fbae1911b7f3117b1daedbc7,1372634200,37.6226,-85.91279300000001,1,0.98767334,1
29979,2020-06-30 23:40:13,2720433095629877,fraud_Jewess LLC,shopping_pos,789.29,Mark,Wood,M,854 Walker Dale Suite 488,Bowdoin,ME,4287,44.0575,-69.9656,3224,"Engineer, electronics",1997-08-22,5a239868e357c93d0528ee91f1dd7cf7,1372635613,43.318276,-69.748962,0,0.51848304,1
29998,2020-06-30 23:43:24,6538891242532018,fraud_Macejkovic-Lesch,shopping_pos,966.94,Jodi,Rodriguez,F,5796 Lee Coves Apt. 286,Walnut Ridge,AR,72476,36.0244,-90.9288,7155,"Engineer, control and instrumentation",1977-03-23,1f475a80b3fb34146065d3199a5967c5,1372635804,35.533826,-89.950277,0,0.941949,1
30007,2020-06-30 23:45:52,3528231451607350,"fraud_Huel, Hammes and Witting",grocery_pos,359.26,Lauren,Moreno,F,83719 Wilson Shore,Heislerville,NJ,8324,39.224,-74.9942,526,Exercise physiologist,1940-09-06,078da9a1497abd069d041aec3acfa627,1372635952,39.48877,-75.297022,1,0.9764372,1
30010,2020-06-30 23:46:30,3528231451607350,fraud_Torphy-Goyette,shopping_pos,727.32,Lauren,Moreno,F,83719 Wilson Shore,Heislerville,NJ,8324,39.224,-74.9942,526,Exercise physiologist,1940-09-06,71185970c3e5ee07c3d62523a8d5117b,1372635990,39.889722,-74.958256,1,0.9833523,1
30019,2020-06-30 23:48:35,571844099986,"fraud_Huel, Hammes and Witting",grocery_pos,284.94,Susan,Mills,F,005 Cody Estates,Louisville,KY,40202,38.2507,-85.7476,736284,Engineering geologist,1952-04-02,c319a3249bd476147cf1bbe36686a0ec,1372636115,39.075545,-85.607381,1,0.8790754,1
30162,2020-07-01 01:43:17,374930071163758,"fraud_Lehner, Mosciski and King",misc_net,579.55,Daniel,Escobar,M,61390 Hayes Port,Romulus,MI,48174,42.2203,-83.3583,31515,Police officer,1971-11-05,3b7c2e0642a93162b762e06b1f619a88,1372642997,41.572272,-83.620336,0,0.8276832,1
30289,2020-07-01 03:52:51,3586008444788268,fraud_Bashirian Group,shopping_net,1001.99,Crystal,Fuller,F,000 Jennifer Mills,Issaquah,WA,98027,47.4974,-122.0107,50489,Osteopath,1984-02-29,c41ee8fafceb3d02a63ef5f5a988f5f2,1372650771,47.402638,-122.645785,1,0.5105911,1
30919,2020-07-01 13:36:47,3546674063249004,fraud_Morissette PLC,shopping_pos,2312.36,Jordan,May,M,1626 Susan Course,Aledo,TX,76008,32.7004,-97.6039,13602,Optometrist,1984-07-05,6bba017aa05eaf0a239251f17481e0b1,1372685807,32.912945,-97.254773,0,0.8328831,1
31160,2020-07-01 16:11:31,3575540972310993,"fraud_Bernhard, Grant and Langworth",shopping_pos,1780.53,Rachel,Villarreal,F,250 Carrie Throughway,University,MS,38677,34.3396,-89.5736,4198,Curator,2001-06-22,d9d72f4d40f817a9487b195c0a7a8a05,1372695091,34.221071,-90.447617,0,0.8631482,1
31336,2020-07-01 18:02:44,3521417320836166,fraud_Jast Ltd,shopping_net,730.39,Angela,Hodges,F,08236 Kim Hill,Indianapolis,IN,46254,39.849,-86.272,910148,Firefighter,1975-11-30,631eff4eb29e78f0a5abf31032482d81,1372701764,39.44499,-86.782832,0,0.92866915,1
31390,2020-07-01 18:31:01,6011109736646996,"fraud_Baumbach, Hodkiewicz and Walsh",shopping_pos,1049.07,Rebecca,Erickson,F,594 Berry Lights Apt. 392,Wilmington,NC,28405,34.2651,-77.867,186140,English as a second language teacher,1983-02-08,7d82a6d7f5256ecc32d72908855ef491,1372703461,35.190925,-77.94000799999999,0,0.78920436,1
31717,2020-07-01 21:51:42,370877495212014,fraud_Bashirian Group,shopping_net,1411.28,Sarah,Clark,F,25961 Beverly Union Apt. 042,North Wilkesboro,NC,28659,36.2017,-81.1286,21134,Dispensing optician,1984-03-06,dabc2e01f5af90f8f45f8ba5f4e552ed,1372715502,35.953729,-80.46343399999999,0,0.94645023,1
31937,2020-07-02 00:25:54,502012776709,"fraud_Herman, Treutel and Dickens",misc_net,472.67,Sherry,Martinez,F,144 Yu Locks Apt. 754,Garrattsville,NY,13342,42.6315,-75.1866,165,Naval architect,1945-09-20,1a3590cd98656d769a124c046185dffb,1372724754,41.806371,-74.59274,0,0.738282,1
32033,2020-07-02 01:33:46,4605902936394,fraud_Schumm PLC,shopping_net,1133.44,Vincent,Mueller,M,79019 Taylor Cliffs,Dallas,TX,75238,32.876999999999995,-96.708,1263321,Drilling engineer,1959-06-28,abc49ab10396d16b6f89df633b4177d1,1372728826,32.460007,-95.966369,0,0.5940729,1
32063,2020-07-02 02:10:03,3519232971341141,fraud_Miller-Harris,misc_net,636.04,Michael,Jones,M,754 Smith Isle,Amsterdam,OH,43903,40.4731,-80.9596,2208,Mental health nurse,1961-09-10,688c201f179a760c280e47d514e537c5,1372731003,41.158984,-81.116359,0,0.7006245,1
32083,2020-07-02 02:25:53,4783226709001,fraud_Rempel Inc,shopping_net,1153.33,Jessica,Garcia,F,13108 Jennifer Passage,Mc Cracken,KS,67556,38.5957,-99.554,320,Film/video editor,1961-04-22,175ed038d39ead5b0c86b6cccd3c2f4f,1372731953,39.043907,-99.463854,0,0.5476504,1
32148,2020-07-02 03:23:51,4956828990005111019,fraud_Klocko LLC,misc_net,730.98,Kenneth,Robinson,M,269 Sanchez Rapids,Elizabeth,NJ,7208,40.6747,-74.2239,124967,Operational researcher,1980-12-21,33dadd45987a30713119531923193358,1372735431,41.154369,-74.97283399999999,0,0.7751953,1
32500,2020-07-02 08:32:19,4651007077623147,fraud_Hermann and Sons,shopping_pos,1201.77,Andrea,Lewis,F,43075 Cohen Shoals,Ashford,WA,98304,46.7531,-121.9898,759,Video editor,1956-09-14,25222da207469ee66d4ee1bb8e084e20,1372753939,46.000366,-122.349805,0,0.62396055,1
32517,2020-07-02 08:45:09,630469040731,"fraud_Romaguera, Cruickshank and Greenholt",shopping_net,964.13,Meredith,Ayala,F,7107 Henderson Station,Cascade Locks,OR,97014,45.67100000000001,-121.8686,1288,Barrister,1936-05-01,7b78ebf5819eb7343cd6458b75d830f1,1372754709,46.168286,-122.293038,0,0.5502476,1
32859,2020-07-02 13:22:39,346273234529002,fraud_Lemke-Gutmann,shopping_net,1512.37,Donna,Moreno,F,32301 Albert River Suite 364,Ronceverte,WV,24970,37.7418,-80.4626,4575,Statistician,1991-10-22,fc594a47606fb14ab18ce7c123cdd347,1372771359,38.211908,-80.430853,0,0.81223714,1
33071,2020-07-02 15:27:54,180094419304907,"fraud_Bins, Balistreri and Beatty",shopping_pos,1746.73,Sharon,Smith,F,17666 David Valleys,Sun City,CA,92585,33.7467,-117.1721,54287,"Designer, exhibition/display",1972-09-22,76b5d3af415f0e4751b939e6799ef09d,1372778874,34.076982,-116.535908,0,0.8501172,1
33093,2020-07-02 15:40:47,4926376199189801,fraud_Mayert Group,shopping_pos,953.11,Claire,Davis,F,83685 Matthew Center Suite 870,Cherokee Village,AR,72529,36.3011,-91.5281,4726,Pharmacologist,1977-06-07,e0f7c8145c94b05bb82e64bba01003aa,1372779647,35.922531,-92.237105,0,0.63056403,1
33273,2020-07-02 17:36:22,4066595222529,"fraud_Reichel, Bradtke and Blanda",travel,3971.9,Jamie,Olson,F,3423 Michael Canyon Suite 276,River,KY,41254,37.8795,-82.7251,571,Quarry manager,1931-03-07,c03cd71feca5fc7959883841aeb76034,1372786582,37.054684,-82.476056,0,0.9363541,1
33521,2020-07-02 19:49:07,213126662687660,fraud_Durgan-Auer,misc_net,608.74,Christopher,Luna,M,242 Brian Mountain,Laredo,TX,78040,27.5155,-99.4986,248858,Video editor,1971-01-28,59e7d031c1e456fa9998c0a1902d990c,1372794547,27.873490000000004,-100.130009,0,0.9633805,1
33862,2020-07-02 23:05:44,4178097073221156,"fraud_Ruecker, Beer and Collier",shopping_net,836.07,Jill,Flores,F,639 Cruz Islands,Baroda,MI,49101,41.9488,-86.4913,3104,"Horticulturist, commercial",1981-03-29,144e554da0fcdc5cbc43f3ddad92153b,1372806344,42.698267,-86.813559,0,0.8753326,1
34047,2020-07-03 01:14:35,3577578023716568,fraud_Boyer PLC,misc_pos,389.36,Debbie,Hughes,F,0182 Owens Burgs Suite 480,Diamond,OH,44412,41.0935,-81.0425,2644,"Engineer, biomedical",1983-08-25,5548f607709ffe325df6a18c81798b1f,1372814075,41.809822,-80.76788499999999,0,0.8074435,1
34076,2020-07-03 01:38:17,4926376199189801,fraud_Kuhn LLC,misc_net,522.19,Claire,Davis,F,83685 Matthew Center Suite 870,Cherokee Village,AR,72529,36.3011,-91.5281,4726,Pharmacologist,1977-06-07,584fdabeab5773761d19d29ae21654df,1372815497,36.175507,-90.94005,0,0.81547207,1
34107,2020-07-03 02:06:16,3568255211412877,fraud_Klocko LLC,misc_net,463.54,Timothy,Gomez,M,707 Anthony Causeway,Leo,IN,46765,41.2249,-85.0301,5341,Biomedical engineer,1994-11-24,57c1161b9c2a78367ef658d3aaef2f37,1372817176,42.00246,-85.097897,0,0.5809488,1
34751,2020-07-03 10:39:24,213148039875802,fraud_Zemlak Group,misc_net,802.04,Jill,Jacobs,F,034 Kimberly Mountains,Brandon,FL,33510,27.9551,-82.2966,79613,Environmental consultant,1978-11-30,b868a48664b2d418e18a7644319e5254,1372847964,28.271773,-81.523015,0,0.6273778,1
34900,2020-07-03 12:29:01,630423337322,"fraud_Greenholt, O'Hara and Balistreri",shopping_net,945.76,Stephanie,Gill,F,43039 Riley Greens Suite 393,Orient,WA,99160,48.8878,-118.2105,149,Special educational needs teacher,1978-06-21,65e26457f432acdb783ce1eeea930821,1372854541,48.014804,-117.541574,0,0.68937606,1
34957,2020-07-03 12:59:15,4642894980163,fraud_Pagac LLC,shopping_pos,4066.77,Eddie,Mendez,M,1831 Faith View Suite 653,Clarinda,IA,51632,40.7491,-95.038,7297,IT trainer,1990-07-13,8dcb58b82992c27ab81a8a19ae19cfb3,1372856355,41.18622,-94.789557,0,0.86236066,1
35149,2020-07-03 14:46:31,38057513087029,fraud_Auer-West,shopping_net,1062.89,Marissa,Clark,F,2677 Byrd Village Suite 035,San Jose,CA,95148,37.3304,-121.7913,973849,Geoscientist,1997-01-18,0406b7069104fa3db6bd5bfef47cabee,1372862791,36.900763,-122.04298,0,0.63931054,1
35204,2020-07-03 15:19:37,375082648741747,fraud_Bednar Group,misc_net,638.36,Shannon,Bell,F,2918 David Spurs,Georgetown,MN,56546,47.0999,-96.727,346,"Research officer, trade union",1976-12-14,812266041b7e155404ad98541d321ae8,1372864777,47.675975,-96.111823,0,0.8884977,1
35260,2020-07-03 15:47:52,30518196150127,"fraud_Streich, Dietrich and Barton",shopping_net,1340.6,Karen,Sullivan,F,6313 Scott Trace,Rossville,IL,60963,40.3625,-87.6692,1807,"Buyer, retail",1975-06-02,6deac72edca122f8f7ef0c8ce89a4eda,1372866472,40.546845000000005,-86.904444,0,0.91480476,1
35542,2020-07-03 18:13:00,4797297220948468262,"fraud_Hagenes, Hermann and Stroman",travel,13149.15,Erica,Briggs,F,3310 Davidson Spurs Apt. 107,Oolitic,IN,47451,38.8938,-86.5246,1228,Counsellor,1991-03-13,3a9d71cce25e35776395ce67aefff16f,1372875180,39.43586,-87.298161,0,0.8923083,1
35820,2020-07-03 20:34:45,180042946491150,fraud_Pouros-Haag,shopping_pos,1435.64,Charles,Robles,M,3337 Lisa Divide,Saint Petersburg,FL,33710,27.7898,-82.7243,341043,"Engineer, land",1989-02-28,b26b4fdbcc50a408542d24f4e9a4fc4b,1372883685,28.043191,-81.960637,0,0.8984799,1
35950,2020-07-03 21:45:21,675990301623,fraud_Kuphal-Bartoletti,misc_net,1009.69,Amanda,Spencer,F,6682 Green Forks,Ogdensburg,NJ,7439,41.0767,-74.5982,2456,Senior tax professional/tax inspector,1994-03-13,4a307630d095436689ac7cf3aa41b052,1372887921,41.103117,-73.791701,0,0.96944034,1
35983,2020-07-03 21:57:20,676372984911,"fraud_Hahn, Douglas and Schowalter",travel,6297.01,Vicki,Mendoza,F,3645 Atkins Island Apt. 238,Esbon,KS,66941,39.7562,-98.4462,242,Tourism officer,1987-07-18,23697553e774de088f3021d926769196,1372888640,39.908197,-97.909893,0,0.9074798,1
36001,2020-07-03 22:04:59,4560004149983868183,fraud_Boyer-Haley,travel,1189.68,Stacy,Villegas,F,20581 Pena Walks,Colorado Springs,CO,80951,38.8881,-104.6556,525713,Museum/gallery exhibitions officer,1992-05-09,add0decfbe3fe7d3b3d26c0af6149a72,1372889099,39.594492,-104.128594,0,0.7210909,1
36036,2020-07-03 22:22:31,4328928491302401,fraud_Dooley Inc,shopping_pos,1280.7,Margaret,Ray,F,927 Cummings Manor Suite 318,Greendale,WI,53129,42.9373,-87.9943,13973,Logistics and distribution manager,1981-05-06,4d7f163d22bd315fb5d1967c6ec10662,1372890151,43.878226,-87.814065,0,0.9610679,1
36057,2020-07-03 22:31:00,3540416671210051,"fraud_Schmeler, Bashirian and Price",shopping_net,1115.94,Stephanie,Freeman,F,44613 James Turnpike,Rice,MN,56367,45.7364,-94.1658,6263,"Engineer, water",1944-05-30,23ac0038963b49b09d06a0169123cef3,1372890660,45.518257,-94.170698,1,0.99045956,1
36062,2020-07-03 22:33:26,38530489946071,fraud_Bogisich-Homenick,misc_net,782.12,Laura,Johns,F,95835 Garcia Rue,Arcadia,SC,29320,34.9572,-81.9916,530,Animal technologist,1989-05-14,ad283f0630a935342fbe6e43ef7a94ed,1372890806,34.209176,-81.738711,0,0.977778,1
36082,2020-07-03 22:44:10,3589255887819806,fraud_McGlynn-Heathcote,misc_net,693.71,David,Miller,M,622 Bradley Knoll Apt. 758,Hancock,MD,21750,39.6991,-78.1762,3766,Press photographer,1984-02-14,e343db8193fac341cc23997d4eb71be9,1372891450,39.840071,-78.945141,1,0.97496337,1
36126,2020-07-03 23:07:22,3589255887819806,"fraud_Langworth, Boehm and Gulgowski",shopping_net,991.33,David,Miller,M,622 Bradley Knoll Apt. 758,Hancock,MD,21750,39.6991,-78.1762,3766,Press photographer,1984-02-14,b75e90645042d413db4a855d66f8b568,1372892842,39.333607,-77.99670400000001,1,0.9387707,1
36135,2020-07-03 23:13:05,3540416671210051,fraud_Kuphal-Bartoletti,misc_net,912.89,Stephanie,Freeman,F,44613 James Turnpike,Rice,MN,56367,45.7364,-94.1658,6263,"Engineer, water",1944-05-30,b246893ff833555b1047f500918497e3,1372893185,45.958943,-94.553793,1,0.99321246,1
36149,2020-07-03 23:22:20,3540416671210051,fraud_Gleason-Macejkovic,shopping_net,1061.91,Stephanie,Freeman,F,44613 James Turnpike,Rice,MN,56367,45.7364,-94.1658,6263,"Engineer, water",1944-05-30,760df776217dc8dca7e92ec08ae07e60,1372893740,44.782366,-93.49626,1,0.9921943,1
36174,2020-07-03 23:33:55,4561368699336875,"fraud_Wiza, Schaden and Stark",misc_pos,895.02,Pamela,Lewis,F,653 Jessica Extension Apt. 668,Clifton,SC,29324,34.9906,-81.8327,167,Museum/gallery conservator,1988-11-01,95c3189e2ca7906eb8650c875c04bd06,1372894435,34.864159,-81.380579,0,0.93723094,1
36187,2020-07-03 23:43:45,3589255887819806,fraud_Gerlach Inc,shopping_net,840.53,David,Miller,M,622 Bradley Knoll Apt. 758,Hancock,MD,21750,39.6991,-78.1762,3766,Press photographer,1984-02-14,f441409c4697dcfc08f7e217ecaa7166,1372895025,40.146169,-78.837614,1,0.89896584,1
36211,2020-07-03 23:52:21,3527536963490470,fraud_Ankunding LLC,shopping_net,2225.64,Teresa,Stein,F,2838 White Fields Apt. 473,Brunson,SC,29911,32.9413,-81.1807,1725,Social researcher,1974-12-05,01bba07ed378f1bab33c23c564b1f106,1372895541,32.591035999999995,-80.443361,0,0.9694529,1
36334,2020-07-04 01:30:56,3589255887819806,fraud_Bednar Group,misc_net,685.26,David,Miller,M,622 Bradley Knoll Apt. 758,Hancock,MD,21750,39.6991,-78.1762,3766,Press photographer,1984-02-14,4ec394c1ee618630a9b35d47653000bf,1372901456,39.093353,-78.094325,1,0.8268022,1
36337,2020-07-04 01:34:33,346208242862904,fraud_Hamill-Daugherty,misc_net,499.51,Tabitha,Reyes,F,20938 Barbara Viaduct,New York City,NY,10280,40.7105,-74.0163,1577385,"Pharmacist, hospital",1961-05-13,91a9ee1260e1fdce033ff2f3e2630489,1372901673,40.77752,-74.03065699999999,0,0.6422601,1
36571,2020-07-04 04:42:16,4989847570577635369,fraud_Wilkinson Ltd,entertainment,572.32,Vanessa,Anderson,F,21178 Brittney Locks,Prosperity,SC,29127,34.1832,-81.5324,8333,Archaeologist,1994-07-09,3e8d88203c0584354a62b45d65a2bcd2,1372912936,33.775548,-80.95723000000001,1,0.7832133,1
36745,2020-07-04 06:44:58,30143713661454,"fraud_Tillman, Fritsch and Schmitt",misc_net,619.27,Nicholas,Thornton,M,5270 Megan Burg Suite 756,Halma,MN,56729,48.6669,-96.5969,140,"Embryologist, clinical",1942-01-06,548b2e4b9c9606fa8f1ae29954e7ec01,1372920298,48.923943,-96.856552,0,0.787771,1
36799,2020-07-04 07:26:46,375974680629816,"fraud_Johnson, Runolfsdottir and Mayer",misc_net,794.51,Roberta,Mccarthy,F,94431 Matthew Mall Suite 296,Plymouth,CT,6782,41.6611,-73.0449,2376,Herpetologist,1973-04-06,504cbbf03cfe5292a66d14df2dbb0b9c,1372922806,42.626281,-72.55730600000001,0,0.6973473,1
36911,2020-07-04 08:44:07,581686439828,"fraud_Kerluke, Kertzmann and Wiza",misc_net,2451.48,Larry,House,M,911 Sabrina Trafficway,Cochranton,PA,16314,41.5205,-80.0573,5507,Retail merchandiser,1973-07-28,4ae3da594c7acd55a7dbaf6f5d68cd79,1372927447,41.86995,-80.963887,0,0.8271506,1
36915,2020-07-04 08:48:48,180067784565096,fraud_Kuphal-Bartoletti,misc_net,389.19,Mary,Juarez,F,35440 Ryan Islands,North Prairie,WI,53153,42.9385,-88.395,2328,Applications developer,1942-01-06,927cd977e35270aa9c4cfec1645d7f75,1372927728,43.732094,-87.840837,0,0.50064874,1
36996,2020-07-04 09:47:30,4708992452821239,"fraud_Altenwerth, Cartwright and Koss",shopping_net,1019.18,Jared,Walters,M,3326 Hannah Fords,Cord,AR,72524,35.8184,-91.3375,376,"Designer, ceramics/pottery",1938-09-08,3e39f7a494021f44e5a8a65bcd767a9b,1372931250,35.988476,-91.340553,0,0.6943788,1
37633,2020-07-04 15:58:45,4464457352619,fraud_Pfeffer and Sons,shopping_pos,1180.85,Breanna,Rodriguez,F,118 Cabrera Springs Apt. 105,Lanark Village,FL,32323,29.8826,-84.5964,217,Television production assistant,1990-01-24,4eef3f4102abcdd452038c3bbfb28e54,1372953525,29.533354,-84.4272,0,0.59283984,1
37744,2020-07-04 16:48:20,3521417320836166,"fraud_Bernhard, Grant and Langworth",shopping_pos,777.77,Angela,Hodges,F,08236 Kim Hill,Indianapolis,IN,46254,39.849,-86.272,910148,Firefighter,1975-11-30,646ac672b4c4a7dda79889fad0e419b6,1372956500,39.829238,-86.039139,0,0.81233925,1
37848,2020-07-04 17:38:27,3545109339866548,"fraud_Langworth, Boehm and Gulgowski",shopping_net,1244.99,Keith,Sanders,M,8030 Beck Motorway,Moorhead,MS,38761,33.4783,-90.5142,2870,Chartered public finance accountant,1999-03-05,c743b1354ccfd2dee3d8b14251e8569d,1372959507,34.225045,-89.799201,0,0.8282702,1
38091,2020-07-04 19:44:08,4939976756738216,fraud_Friesen Inc,shopping_pos,965.64,Michelle,Johnston,F,3531 Hamilton Highway,Roma,TX,78584,26.4215,-99.0025,18128,IT trainer,1990-11-07,1395ffe33a66e801da9a29e35a654064,1372967048,25.741947,-99.939045,0,0.51631594,1
38245,2020-07-04 21:08:05,6011305591981276,fraud_Jerde-Hermann,travel,3348.29,Daniel,Jones,M,290 Kathryn Fall,Huntsville,AL,35803,34.6205,-86.551,190178,"Engineer, automotive",1959-06-06,6975e447ef2b91ad0a829a796478d784,1372972085,35.159915000000005,-87.208145,0,0.94221807,1
38338,2020-07-04 22:03:54,571365235126,"fraud_Reichert, Huels and Hoppe",shopping_net,1421.63,Barbara,Taylor,F,0069 Robin Brooks Apt. 695,Elberta,MI,49628,44.5995,-86.2141,372,"Exhibitions officer, museum/gallery",1995-07-12,1032ccff43647a7c464059de0c6c5d99,1372975434,44.89101,-86.016316,0,0.95259404,1
38397,2020-07-04 22:35:47,3589255887819806,fraud_Hills-Witting,shopping_net,874.99,David,Miller,M,622 Bradley Knoll Apt. 758,Hancock,MD,21750,39.6991,-78.1762,3766,Press photographer,1984-02-14,cd1bf52e80cc6e25dd3fcdbfe6c78ac6,1372977347,39.618476,-77.753339,1,0.87758625,1
38527,2020-07-04 23:44:03,3589255887819806,fraud_Schmitt Ltd,misc_net,709.43,David,Miller,M,622 Bradley Knoll Apt. 758,Hancock,MD,21750,39.6991,-78.1762,3766,Press photographer,1984-02-14,4a4e21ce770f66574cdd04dc0ca4a001,1372981443,39.114715,-77.385777,1,0.980112,1
38714,2020-07-05 01:22:56,4989847570577635369,fraud_Kuphal-Bartoletti,misc_net,875.02,Vanessa,Anderson,F,21178 Brittney Locks,Prosperity,SC,29127,34.1832,-81.5324,8333,Archaeologist,1994-07-09,c721a78ffccf105d4d933ed1bd1b7093,1372987376,34.93699,-81.524364,1,0.8218547,1
39021,2020-07-05 03:50:28,4989847570577635369,fraud_Wilkinson Ltd,entertainment,520.74,Vanessa,Anderson,F,21178 Brittney Locks,Prosperity,SC,29127,34.1832,-81.5324,8333,Archaeologist,1994-07-09,877ba4621f103c3264f8b34d82b8c976,1372996228,34.537761,-81.55863199999999,1,0.8713554,1
40298,2020-07-05 13:54:56,4067137330196900,fraud_Kerluke-Abshire,shopping_net,1516.82,Christina,Eaton,F,3256 Brooks Field,Eldridge,AL,35554,33.9315,-87.6194,1186,Politician's assistant,1986-11-12,5a9cbd56158361ef90090de5250c39e8,1373032496,33.967599,-86.697908,0,0.8154807,1
40427,2020-07-05 14:33:57,4335531783520911,fraud_Hermann-Gaylord,misc_pos,1269.38,Amy,Daugherty,F,852 Thomas Well Suite 339,Owensville,MO,65066,38.3511,-91.4867,6703,Naval architect,1998-05-20,6e32aad351b5d7f4ecba1da38ac284ea,1373034837,38.728278,-90.739039,0,0.8191136,1
40736,2020-07-05 16:22:54,340951438290556,fraud_Pagac LLC,shopping_pos,1023.6,Maria,Garcia,F,865 Thomas Village,Orangeburg,NY,10962,41.0442,-73.9609,5950,Records manager,1971-07-02,9d89dac6907082ece5105ca54f53a9ae,1373041374,40.511175,-73.340295,0,0.8098767,1
41747,2020-07-05 22:23:35,6506116513503136,"fraud_Daugherty, Pouros and Beahan",shopping_pos,937.48,Kimberly,Rice,F,63991 Destiny Rue Apt. 651,Tyler,TX,75703,32.2768,-95.3031,144160,Sports development officer,1984-05-04,ce3196e85850fcb7da43c4162f87b995,1373063015,31.400919,-94.820994,0,0.86530167,1
41805,2020-07-05 22:48:02,30273037698427,"fraud_Turner, Ruecker and Parisian",misc_pos,653.52,Andrew,Patterson,M,06959 Stephen Branch Suite 246,Thida,AR,72165,35.5762,-91.4539,111,Careers information officer,2000-06-13,2646110a5c0f61d7e77af8efed66454c,1373064482,35.035307,-91.90809,0,0.6765418,1
41864,2020-07-05 23:07:53,2235613922823698,fraud_Macejkovic-Lesch,shopping_pos,1272.69,Melissa,Mcclure,F,2027 Snyder Track,Manville,WY,82227,42.73,-104.7024,241,Educational psychologist,1980-12-16,59bee2f80560bf8133d9a4c556c583e7,1373065673,42.970677,-103.708769,0,0.9649186,1
41867,2020-07-05 23:08:43,213157767990030,"fraud_Labadie, Treutel and Bode",shopping_net,594.42,Tara,Campbell,F,05050 Rogers Well Apt. 439,Rock Springs,WY,82901,41.606,-109.23,27971,Music therapist,1984-08-01,c421869479c0c37a7f8ddba77456f52a,1373065723,42.51967,-109.914382,0,0.7306934,1
41975,2020-07-05 23:40:23,3577578023716568,fraud_Price Inc,shopping_net,803.96,Debbie,Hughes,F,0182 Owens Burgs Suite 480,Diamond,OH,44412,41.0935,-81.0425,2644,"Engineer, biomedical",1983-08-25,300229166b725f42527cc8c45f9c008c,1373067623,41.784953,-80.25875500000001,0,0.8312762,1
42180,2020-07-06 01:01:59,30197398657930,fraud_Jast Ltd,shopping_net,794.77,April,Johnson,F,9727 Deleon Mountain,Creedmoor,NC,27522,36.1124,-78.6476,12335,Chief Strategy Officer,1987-09-19,8128cc832fc1ba188dae05a1d41d7d21,1373072519,35.320414,-79.222925,1,0.61153543,1
42194,2020-07-06 01:07:20,30197398657930,fraud_Gibson-Deckow,entertainment,576.52,April,Johnson,F,9727 Deleon Mountain,Creedmoor,NC,27522,36.1124,-78.6476,12335,Chief Strategy Officer,1987-09-19,6f69ec39a00bbe5e28413893d7b5b973,1373072840,36.886127,-79.280067,1,0.8959262,1
42208,2020-07-06 01:13:28,30197398657930,"fraud_Swaniawski, Lowe and Robel",shopping_pos,881.1,April,Johnson,F,9727 Deleon Mountain,Creedmoor,NC,27522,36.1124,-78.6476,12335,Chief Strategy Officer,1987-09-19,b0d7aa0baa2690c435c8d01405b02284,1373073208,35.58212,-77.79119399999999,1,0.61878204,1
42615,2020-07-06 04:18:13,4671727014157745,fraud_Block-Parisian,misc_net,559.95,Kenneth,Edwards,M,3653 Ryan Crossroad,Andrews,IN,46702,40.8618,-85.6067,2304,Retail banker,1955-07-25,24f4384fb494f88267825e9874a679a5,1373084293,41.277765,-85.326449,0,0.7470109,1
42644,2020-07-06 04:27:04,4836998673805450,fraud_Nader-Heller,misc_net,468.18,Susan,Hardy,F,516 Brown Parks,Manistique,MI,49854,46.0062,-86.2555,6469,Trade mark attorney,1979-04-12,f03abbd234e2f244b272fe7a05685b00,1373084824,45.014394,-86.752055,0,0.695336,1
43195,2020-07-06 08:40:12,4810789809665942990,fraud_Block-Parisian,misc_net,558.78,Julie,Sanchez,F,916 Charles Road,Bowersville,OH,45307,39.5756,-83.7153,338,Quantity surveyor,1988-07-28,430d4d5e971aeb9647fa9aa4c9d7654c,1373100012,40.242553,-83.345027,0,0.5019385,1
43432,2020-07-06 10:40:35,180064817343047,fraud_Gerlach Inc,shopping_net,1554.79,Patricia,Gonzalez,F,8973 Mark Drive,Stephensport,KY,40170,37.9048,-86.524,344,Chartered public finance accountant,1967-03-30,9106e5626960b6a546738a755c49e329,1373107235,37.007897,-86.739529,0,0.79056376,1
43612,2020-07-06 11:59:28,3518234918950662,"fraud_Lehner, Mosciski and King",misc_net,920.15,Barbara,Lowe,F,67210 Lori Creek,Sherman,TX,75092,33.6372,-96.6184,46563,Systems developer,1970-09-11,cba7e95935aae2e68d365cf13c839f87,1373111968,32.759169,-96.758099,0,0.70153755,1
43780,2020-07-06 12:46:35,213178765398315,"fraud_Heathcote, Yost and Kertzmann",shopping_net,1161.25,Alan,Colon,M,748 Bryan Fields Suite 935,Riverton,WY,82501,43.0351,-108.2024,19408,"Lecturer, higher education",1993-09-11,4803fcb521b70debcfa491917e750116,1373114795,43.480998,-107.213207,0,0.7173055,1
43802,2020-07-06 12:54:50,676102124465,"fraud_Eichmann, Hayes and Treutel",travel,6181.12,Natasha,Mclaughlin,F,8699 Lindsay Ford Apt. 486,Napa,CA,94558,38.4549,-122.2564,94014,Airline pilot,1985-08-21,9d21b68cd5340c9571447236e85930e0,1373115290,39.396649,-123.046094,0,0.86014926,1
44189,2020-07-06 14:34:33,6011693194885790,"fraud_Quitzon, Green and Bashirian",shopping_pos,1098.64,Victoria,Fleming,F,2807 Parker Station Suite 080,Stanchfield,MN,55080,45.6675,-93.2433,2607,"Lecturer, further education",1995-12-04,10dab9223baa6d7c38575089321f6b57,1373121273,45.801568,-93.913384,0,0.7070485,1
44313,2020-07-06 15:08:48,4646845581490336108,"fraud_Bins, Balistreri and Beatty",shopping_pos,2263.75,Julia,Bell,F,576 House Crossroad,West Sayville,NY,11796,40.732,-73.1,4056,Film/video editor,1990-06-25,d06504b7f43d0f06653749592de5a245,1373123328,41.390549,-73.783765,0,0.8777528,1
44314,2020-07-06 15:08:55,4319584480204988982,fraud_Tillman LLC,travel,2089.03,Kathleen,Nash,F,010 Salazar Walk,Cromona,KY,41810,37.1788,-82.695,502,Chief Financial Officer,1960-02-01,33aa1df7a62704e8c0bb5aec52e840c7,1373123335,36.225658,-81.742977,0,0.8609769,1
44721,2020-07-06 16:57:16,4836998673805450,fraud_Dooley Inc,shopping_pos,861.52,Susan,Hardy,F,516 Brown Parks,Manistique,MI,49854,46.0062,-86.2555,6469,Trade mark attorney,1979-04-12,6dbc6e37a41cbd63e2102ac1b3e456bb,1373129836,46.140622,-85.604845,0,0.67262745,1
44862,2020-07-06 17:30:12,3598634130286287,"fraud_Reichert, Shanahan and Hayes",shopping_net,2103.85,David,Hughes,M,707 Butler Parkways Apt. 747,Omaha,NE,68117,41.2064,-95.9953,518429,"Surveyor, land/geomatics",1995-10-10,6cebf428a95c1d3387a3ba7e68d93d1f,1373131812,41.078503000000005,-95.336993,0,0.9081488,1
44973,2020-07-06 18:03:41,213157767990030,fraud_Pacocha-Bauch,shopping_pos,994.76,Tara,Campbell,F,05050 Rogers Well Apt. 439,Rock Springs,WY,82901,41.606,-109.23,27971,Music therapist,1984-08-01,1c9fa287a6dab1d3284ef6f7e19cd219,1373133821,40.92257,-108.813824,0,0.8504338,1
45204,2020-07-06 19:11:56,4462038234743679432,fraud_Kerluke Inc,misc_net,913.39,Kimberly,Bush,F,6027 Scott Meadows Suite 494,Dell City,TX,79837,31.924,-105.2099,579,Hydrogeologist,1945-11-26,74d7bc514cf714aa9e9ed9127611f178,1373137916,32.383445,-104.996947,1,0.9872662,1
45390,2020-07-06 20:03:22,4607072969078276,fraud_Thiel PLC,misc_pos,1075.28,Brenda,Perez,F,033 Tara Brook Suite 523,Coyle,OK,73027,35.8985,-97.2607,1493,Amenity horticulturist,1985-03-21,b1ff87a7f1ffb580e39be5c3b4a6e9e8,1373141002,35.859204,-96.396925,0,0.94634974,1
45514,2020-07-06 20:38:10,4481131401752,fraud_Schmeler Inc,misc_pos,634.73,Frank,Foster,M,37910 Ward Lights,Shrewsbury,MA,1545,42.2848,-71.7205,35299,English as a second language teacher,1975-04-30,36313d6a7a545bb33b8aaab2b7e1c3b5,1373143090,43.219872,-72.546529,0,0.5909051,1
45597,2020-07-06 21:01:00,213157767990030,fraud_Botsford Ltd,shopping_pos,1914.06,Tara,Campbell,F,05050 Rogers Well Apt. 439,Rock Springs,WY,82901,41.606,-109.23,27971,Music therapist,1984-08-01,b3f1bdf93816c90bd81f0d7b86ef96cc,1373144460,42.544553,-109.465223,0,0.93980116,1
45805,2020-07-06 22:07:34,213157767990030,"fraud_Roob, Conn and Tremblay",shopping_pos,697.78,Tara,Campbell,F,05050 Rogers Well Apt. 439,Rock Springs,WY,82901,41.606,-109.23,27971,Music therapist,1984-08-01,581f1992115fe4e9e192debcb4bd9384,1373148454,41.797204,-110.229898,0,0.74496853,1
45927,2020-07-06 22:44:38,4462038234743679432,fraud_Boyer-Reichert,shopping_net,887.24,Kimberly,Bush,F,6027 Scott Meadows Suite 494,Dell City,TX,79837,31.924,-105.2099,579,Hydrogeologist,1945-11-26,9ac34c5d15e9fe278c80223c3734fa3d,1373150678,31.531105,-104.967163,1,0.9765024,1
46087,2020-07-06 23:34:07,676372984911,fraud_Halvorson Group,misc_pos,1121.35,Vicki,Mendoza,F,3645 Atkins Island Apt. 238,Esbon,KS,66941,39.7562,-98.4462,242,Tourism officer,1987-07-18,4c4c8f8f947de9adf6a6480339937ebc,1373153647,39.751794,-98.218851,0,0.9747882,1
46168,2020-07-06 23:52:46,4170689372027579,"fraud_Johnson, Runolfsdottir and Mayer",misc_net,527.97,Samuel,Frey,M,830 Myers Plaza Apt. 384,Edmond,OK,73034,35.6665,-97.4798,116001,Media buyer,1993-05-10,fb3e1725680a30e47a321e8385636d33,1373154766,35.198,-98.129739,0,0.93356895,1
46188,2020-07-06 23:58:21,3583793405872580,"fraud_Okuneva, Schneider and Rau",shopping_pos,674.42,Beth,Lambert,F,6447 Johnson Estates Apt. 986,Roosevelt,OK,73564,34.847,-98.9836,551,Amenity horticulturist,1970-09-27,252cc021337afce2f6cd06a1c5668598,1373155101,34.86179,-99.014575,0,0.55443597,1
46256,2020-07-07 00:36:02,4605902936394,"fraud_Monahan, Bogisich and Ledner",misc_pos,1743.55,Vincent,Mueller,M,79019 Taylor Cliffs,Dallas,TX,75238,32.876999999999995,-96.708,1263321,Drilling engineer,1959-06-28,71ebdf45396fdc3d3bd544e5e6fb4729,1373157362,32.61844,-96.17179,0,0.653833,1
46274,2020-07-07 00:49:52,4092452671396169678,"fraud_Boehm, Predovic and Reinger",misc_pos,509.0,Jeffrey,Vargas,M,478 Alexandria Mount,Bolton,NC,28423,34.3091,-78.3372,2290,"Engineer, biomedical",1945-12-07,fd02f966065d559c8beee61ef75d54f6,1373158192,33.841194,-77.5581,0,0.54975194,1
46403,2020-07-07 01:51:58,4560395181594436016,fraud_Welch Inc,misc_net,522.43,Angela,Taylor,F,6343 Ramirez Skyway Apt. 518,Lakeport,CA,95453,39.047,-122.9328,11256,Podiatrist,1972-10-18,7dc20feb7dd84ef944f1f59d934b5e02,1373161918,39.892141,-123.640473,0,0.7092998,1
46501,2020-07-07 02:42:53,3531129874770000,"fraud_Herman, Treutel and Dickens",misc_net,633.58,Shelby,Mitchell,F,974 Cindy Stream,Brandon,VT,5733,43.8065,-73.0882,5895,"Scientist, marine",1975-07-13,ccb1e8a2778f939627a9fabf26438062,1373164973,43.927345,-72.554056,0,0.8109141,1
46589,2020-07-07 03:18:41,4708992452821239,fraud_Keeling-Crist,misc_pos,1066.75,Jared,Walters,M,3326 Hannah Fords,Cord,AR,72524,35.8184,-91.3375,376,"Designer, ceramics/pottery",1938-09-08,3959c844f6854f98b445bd2f0259a8aa,1373167121,35.702411,-91.319313,0,0.5526725,1
46677,2020-07-07 03:58:05,4997733566924489,"fraud_Parisian, Schiller and Altenwerth",misc_net,392.07,Stephanie,Taylor,F,598 Martin Pine Suite 365,Saint Paul,MN,55128,44.9913,-92.9487,753116,Fisheries officer,1971-08-06,d00fa88464acf989cc666c9238c0d25c,1373169485,44.671401,-92.564352,0,0.7321687,1
47062,2020-07-07 07:00:25,213102873001603,"fraud_Herman, Treutel and Dickens",misc_net,552.99,Joanne,Padilla,F,477 Alejandro Knolls Suite 828,Gardiner,OR,97441,43.7857,-124.1437,260,"Engineer, maintenance",1956-09-01,2e6b6254ab358ae53f23a7be0dd42d68,1373180425,43.533736,-123.149369,0,0.5694438,1
47126,2020-07-07 07:31:11,372246459334925,fraud_Williamson LLC,misc_pos,2247.6,Rick,Martinez,M,062 Poole Hollow Apt. 815,Deadwood,SD,57732,44.3566,-103.6999,1979,Multimedia programmer,1970-03-13,095de9d4553ff56cb259d94c338da0d1,1373182271,43.622965,-104.453617,0,0.77428174,1
47130,2020-07-07 07:32:30,377234009633447,fraud_Miller-Harris,misc_net,597.91,Theresa,Blackwell,F,43576 Kristina Islands,Shenandoah Junction,WV,25442,39.3716,-77.8229,1925,Systems developer,1966-02-14,20610672dadcbbeca966c10e29acab43,1373182350,39.704454,-78.24018000000001,0,0.6160305,1
47800,2020-07-07 12:32:23,3590736522064285,"fraud_Quitzon, Green and Bashirian",shopping_pos,1329.68,Kimberly,Gonzalez,F,72966 Shannon Pass Apt. 391,Bauxite,AR,72011,34.5091,-92.4828,4074,"Scientist, audiological",1975-12-20,83fde89722d1bb5682f5fcc5d199cb6d,1373200343,33.712185,-92.965627,0,0.6942146,1
47988,2020-07-07 13:27:59,377026671291680,fraud_Hackett Group,travel,1679.07,Jackie,Davis,F,1898 Parker Fork Apt. 057,Redford,MO,63665,37.3272,-91.0243,241,Investment analyst,1974-10-27,a31d7c02e9343ced41730675788a182f,1373203679,36.822834,-90.602953,0,0.7635101,1
48072,2020-07-07 13:51:28,345933964507467,"fraud_Romaguera, Cruickshank and Greenholt",shopping_net,1455.38,Carol,Dillon,F,27479 Reeves Dale,Whaleyville,MD,21872,38.4121,-75.2811,718,Regulatory affairs officer,1985-03-19,57c3cbe910b2ea3a3dabf0c83aba37bf,1373205088,38.733421,-74.449892,0,0.8338558,1
48342,2020-07-07 15:09:34,6011693194885790,"fraud_Mosciski, Ziemann and Farrell",shopping_net,1043.16,Victoria,Fleming,F,2807 Parker Station Suite 080,Stanchfield,MN,55080,45.6675,-93.2433,2607,"Lecturer, further education",1995-12-04,9175a7cc399431737b905e1c61f9a3b1,1373209774,45.077689,-92.486255,0,0.7508845,1
48531,2020-07-07 16:02:26,377550167323848,fraud_Kessler Inc,travel,3156.96,Kevin,Walters,M,87227 Tapia Burgs,Auburn,ME,4210,44.0948,-70.23899999999999,23045,Tourist information centre manager,1958-09-02,fb5cb7f1ee3c9eb4d05c719ef877377b,1373212946,44.397434,-70.418261,0,0.91903424,1
48736,2020-07-07 17:02:26,3523898249167098,fraud_Gleason-Macejkovic,shopping_net,1510.76,Joshua,Carpenter,M,04975 Allison Shoal,Bronx,NY,10463,40.8798,-73.9067,1382480,"Therapist, drama",1990-11-09,960dd8f777674c08c191f9c06c667ea9,1373216546,41.13382,-73.2699,0,0.9237374,1
48749,2020-07-07 17:05:38,4969856774088583,fraud_Jerde-Hermann,travel,8021.63,Jacqueline,Prince,F,27823 Andrew Underpass Suite 948,Metairie,LA,70003,29.9975,-90.2146,137067,Advertising account planner,1951-12-04,af4195efd82f60701b3759a199095b1a,1373216738,30.574686,-91.134536,0,0.8982635,1
48991,2020-07-07 18:19:10,4713464490314802,fraud_Stoltenberg-Beatty,shopping_pos,892.88,Wesley,Parker,M,7452 Browning Port,Mc Intosh,SD,57641,45.7084,-101.1546,295,"Designer, industrial/product",1981-01-26,9c3392899b2a9f7c6a42add048ef6171,1373221150,46.082516,-101.105451,1,0.768982,1
49155,2020-07-07 19:10:03,6011693194885790,fraud_Friesen Inc,shopping_pos,1610.86,Victoria,Fleming,F,2807 Parker Station Suite 080,Stanchfield,MN,55080,45.6675,-93.2433,2607,"Lecturer, further education",1995-12-04,8ecd91591c03c070271c2d098d18f6f9,1373224203,45.059541,-94.145148,0,0.9297429,1
49398,2020-07-07 20:28:23,213157767990030,"fraud_Bernhard, Grant and Langworth",shopping_pos,756.08,Tara,Campbell,F,05050 Rogers Well Apt. 439,Rock Springs,WY,82901,41.606,-109.23,27971,Music therapist,1984-08-01,987a011142ef949831f66dec5abb3689,1373228903,41.748628,-109.948329,0,0.6640183,1
49834,2020-07-07 22:35:15,4713464490314802,fraud_Bashirian Group,shopping_net,1008.78,Wesley,Parker,M,7452 Browning Port,Mc Intosh,SD,57641,45.7084,-101.1546,295,"Designer, industrial/product",1981-01-26,a7f0458b68213db8d76f1fcc2b5dc2f8,1373236515,45.376097,-101.260996,1,0.9633999,1
50216,2020-07-08 01:53:49,4601636330889,fraud_Klocko LLC,misc_net,774.23,Mark,Rivera,M,383 Contreras Hills Suite 658,Humble,TX,77338,30.0041,-95.2825,194500,Tax adviser,1990-12-18,def046458db77bdd7a63d7edac50311d,1373248429,30.513781,-95.783842,0,0.8165433,1
50320,2020-07-08 03:52:07,30242921189660,"fraud_Yost, Block and Koepp",misc_pos,4800.65,Dalton,Jones,M,3304 Hernandez Run,Afton,MI,49705,45.3637,-84.4695,937,Technical brewer,1958-04-06,30485e13d6e06fc6708ababc921f199f,1373255527,45.333977,-84.08166899999999,0,0.8251866,1
50540,2020-07-08 07:53:58,379897244598068,fraud_Hamill-Daugherty,misc_net,424.41,Frank,Key,M,5537 Jessica Plaza,Pewee Valley,KY,40056,38.3039,-85.4834,3263,Stage manager,1930-02-28,649cba0f3d11c389d36b89d5cc90ae98,1373270038,38.879483,-85.53426,0,0.58581215,1
50684,2020-07-08 10:17:09,4926376199189801,fraud_Lebsack and Sons,misc_net,889.25,Claire,Davis,F,83685 Matthew Center Suite 870,Cherokee Village,AR,72529,36.3011,-91.5281,4726,Pharmacologist,1977-06-07,40817e7232d8a55dcf999a384c42492d,1373278629,35.302985,-91.495474,0,0.69044834,1
51024,2020-07-08 14:44:30,4170689372027579,fraud_Maggio-Fahey,misc_pos,1007.66,Samuel,Frey,M,830 Myers Plaza Apt. 384,Edmond,OK,73034,35.6665,-97.4798,116001,Media buyer,1993-05-10,7bc06b21dc7fe6503c98d6d5d357f904,1373294670,36.407239,-97.43511,0,0.7272539,1
51236,2020-07-08 17:10:30,4428780983793657331,"fraud_Hodkiewicz, Prohaska and Paucek",travel,2058.23,Richard,Waters,M,7683 Natasha Way Apt. 945,Waukesha,WI,53186,42.9993,-88.2196,95015,"Therapist, occupational",1946-01-02,16b91eed60ceadaad357c31cc9c14852,1373303430,42.343438,-89.154775,0,0.93771845,1
51369,2020-07-08 18:32:40,4562827002127,fraud_Torp-Lemke,misc_pos,486.2,Christopher,Johnson,M,28711 Kristine Junction Suite 309,Greenville,OH,45331,40.0987,-84.6342,22930,Media planner,1971-11-26,6b56d41687644d693d76e765a472bedc,1373308360,39.154366,-84.581971,0,0.5155213,1
51648,2020-07-08 21:38:28,3560797065840735,fraud_Ankunding LLC,shopping_net,622.15,Janet,Turner,F,0925 Lang Extensions,Shields,ND,58569,46.1838,-101.2589,77,Film/video editor,1989-12-17,a32517fe795c8d514b28243933ecf4fb,1373319508,45.804797,-100.888561,0,0.7791247,1
51720,2020-07-08 22:28:05,371009169330125,"fraud_Kerluke, Considine and Macejkovic",misc_net,665.43,Randall,Burgess,M,393 Carroll Route Suite 197,Norman Park,GA,31771,31.2462,-83.6549,5666,Rural practice surveyor,2003-09-14,6fc7f3b2777bce8e1d26fb78c12e91fa,1373322485,32.113101,-84.12747,0,0.7581345,1
51722,2020-07-08 22:30:04,503851367360,fraud_Lynch Ltd,shopping_pos,915.47,Bruce,Hall,M,77686 Donald Bridge Apt. 711,Grifton,NC,28530,35.3757,-77.4193,7332,Forensic psychologist,1957-06-27,c2ee58cdb96b7c48dcae8bc16c2455bf,1373322604,35.815861,-77.595782,1,0.9380252,1
51726,2020-07-08 22:35:20,4713464490314802,fraud_Goyette Inc,shopping_net,1083.38,Wesley,Parker,M,7452 Browning Port,Mc Intosh,SD,57641,45.7084,-101.1546,295,"Designer, industrial/product",1981-01-26,4fd5fb415ace65cb25d58a4a96050739,1373322920,44.923613,-100.548544,1,0.97545177,1
51736,2020-07-08 22:44:21,503851367360,fraud_Bashirian Group,shopping_net,913.98,Bruce,Hall,M,77686 Donald Bridge Apt. 711,Grifton,NC,28530,35.3757,-77.4193,7332,Forensic psychologist,1957-06-27,598c785c5faa7e2b8d849155dd656a14,1373323461,34.784836,-77.765043,1,0.98235875,1
51809,2020-07-08 23:24:56,4713464490314802,"fraud_Rodriguez, Yost and Jenkins",misc_net,667.98,Wesley,Parker,M,7452 Browning Port,Mc Intosh,SD,57641,45.7084,-101.1546,295,"Designer, industrial/product",1981-01-26,fedd2f2dae7ee9f0d094c7f4b82759c3,1373325896,45.088576,-101.748767,1,0.9886115,1
51849,2020-07-08 23:47:48,4713464490314802,"fraud_Kihn, Abernathy and Douglas",shopping_net,1002.25,Wesley,Parker,M,7452 Browning Port,Mc Intosh,SD,57641,45.7084,-101.1546,295,"Designer, industrial/product",1981-01-26,1b35063dced63774c303eb1bf13e6934,1373327268,45.513899,-101.748246,1,0.9783895,1
52377,2020-07-09 06:51:43,4502539526809429801,"fraud_Daugherty, Pouros and Beahan",shopping_pos,1402.25,Stephanie,Cummings,F,1025 Robin Square,Ash Flat,AR,72513,36.2201,-91.6421,2856,Hydrologist,1926-08-27,e0f2cafc365f4e50f4f71e20ab64bca6,1373352703,36.473907,-91.135383,0,0.7111046,1
53425,2020-07-09 18:11:58,4364010865167176,fraud_Flatley-Durgan,misc_net,613.35,Gary,Martinez,M,03512 Jackson Ports,Reno,NV,89512,39.5483,-119.7957,276896,Immunologist,1997-03-12,f22a9d1f624507b89b768d26b52dcc12,1373393518,39.844219,-119.503653,0,0.60150766,1
53502,2020-07-09 18:49:23,503851367360,"fraud_Swaniawski, Lowe and Robel",shopping_pos,952.8,Bruce,Hall,M,77686 Donald Bridge Apt. 711,Grifton,NC,28530,35.3757,-77.4193,7332,Forensic psychologist,1957-06-27,18914fca29c3de678c30379b17aad968,1373395763,34.767491,-76.444071,1,0.94415694,1
53742,2020-07-09 20:58:40,30118423745458,fraud_Gislason Group,misc_pos,684.07,Jared,Velazquez,M,01479 Murray Circle,Matawan,NJ,7747,40.4109,-74.238,30770,Drilling engineer,1993-04-29,aa9985f7795c6aa3fab9153e28a9d533,1373403520,41.392162,-74.458497,0,0.5597941,1
53757,2020-07-09 21:06:44,4908846471916297,fraud_Medhurst PLC,shopping_net,1134.33,Lauren,Torres,F,03030 White Lakes,Grandview,TX,76050,32.2779,-97.2351,5875,"Radiographer, therapeutic",1992-07-24,48018d97fd44e08bd1d87a280452758a,1373404004,31.497416,-97.145043,0,0.8997655,1
53893,2020-07-09 22:30:55,503851367360,fraud_Pouros-Haag,shopping_pos,999.59,Bruce,Hall,M,77686 Donald Bridge Apt. 711,Grifton,NC,28530,35.3757,-77.4193,7332,Forensic psychologist,1957-06-27,4ac3fc4f6030397f6e721c9bace314bb,1373409055,34.802368,-76.57119300000001,1,0.98142815,1
53997,2020-07-09 23:29:37,30118423745458,fraud_Dickinson Ltd,misc_pos,804.91,Jared,Velazquez,M,01479 Murray Circle,Matawan,NJ,7747,40.4109,-74.238,30770,Drilling engineer,1993-04-29,a56adfb43f1754ac9b447ae708c890c1,1373412577,41.241975,-74.793272,0,0.87849146,1
54063,2020-07-10 00:12:37,3563837241599446,fraud_McGlynn-Heathcote,misc_net,724.17,Timothy,Simmons,M,1049 John Ports Suite 057,Newberg,OR,97132,45.3099,-122.9685,28278,Research scientist (physical sciences),1977-07-17,fab61ead9131e7d988ac0b40752ee7ea,1373415157,46.183482,-123.942864,0,0.7228757,1
54164,2020-07-10 01:11:29,6538891242532018,fraud_Eichmann-Russel,misc_pos,407.96,Jodi,Rodriguez,F,5796 Lee Coves Apt. 286,Walnut Ridge,AR,72476,36.0244,-90.9288,7155,"Engineer, control and instrumentation",1977-03-23,c3fd1db81750134e5450ab200c72c830,1373418689,35.589490999999995,-91.27496,0,0.8355213,1
54275,2020-07-10 02:44:13,3576431665303017,fraud_Welch Inc,misc_net,621.11,Jessica,Ward,F,72269 Elizabeth Field Apt. 132,Phoenix,AZ,85020,33.5623,-112.0559,1312922,Contractor,1981-10-24,c042a04645ea007aad6bc9072e35d3e6,1373424253,34.473797999999995,-111.429436,0,0.8282576,1
54366,2020-07-10 04:01:22,30364087349027,fraud_Kuphal-Bartoletti,misc_net,658.25,Samuel,Sandoval,M,0005 Morrison Land,Mounds,OK,74047,35.8896,-96.0887,7163,Fitness centre manager,1982-02-05,bc0ea969e7257301ffb2ab5f8c708f0d,1373428882,36.741033,-95.626828,0,0.7229898,1
54390,2020-07-10 04:19:04,3589289942931264,fraud_Welch Inc,misc_net,1073.93,Paula,Estrada,F,350 Stacy Glens,Spencer,SD,57374,43.7557,-97.5936,343,"Development worker, international aid",1972-03-05,bf842e15e590a9325140a80e8854522d,1373429944,42.790072,-96.622289,0,0.7134028,1
54497,2020-07-10 05:51:19,4518350514020532,fraud_Corwin-Gorczany,misc_net,712.33,Christopher,Gregory,M,9579 Porter Tunnel,Wauchula,FL,33873,27.5517,-81.8074,14742,Teaching laboratory technician,1993-02-26,d6994a89dcce21cd706648ffd67d9d61,1373435479,27.81515,-80.813778,0,0.61666524,1
54687,2020-07-10 08:08:04,6593250708747804,"fraud_Lehner, Mosciski and King",misc_net,678.32,Melissa,Meza,F,244 Abbott Parkway,Loxahatchee,FL,33470,26.7383,-80.27600000000001,26551,Paramedic,1977-01-04,44c6413bf6bdc0282e77a97934c3ab17,1373443684,26.318592,-81.192488,0,0.51489806,1
54968,2020-07-10 11:30:29,6597888193422452,fraud_Wiza LLC,misc_pos,734.97,Bill,Lane,M,4725 Hurst Curve Apt. 634,Holliday,TX,76366,33.6751,-98.6576,2317,Chief Technology Officer,1964-08-23,55f1c33249d0e982ec6238466423c603,1373455829,32.94729,-98.313788,0,0.50101864,1
55501,2020-07-10 16:13:40,2264937662466770,fraud_Hermann-Gaylord,misc_pos,953.62,Juan,Sherman,M,5939 Garcia Forges Suite 297,San Antonio,TX,78214,29.3641,-98.4924,1595797,Land,1995-10-17,2549e7cd48f18a4cd8207513b830f214,1373472820,30.204687,-99.304762,0,0.79897547,1
55691,2020-07-10 18:00:54,30234966027947,"fraud_Ruecker, Beer and Collier",shopping_net,3160.15,Matthew,Lambert,M,7188 Melissa Crest Apt. 151,New Holstein,WI,53061,43.9446,-88.0911,5196,Child psychotherapist,1978-01-22,a6e0e2830a4e71042b968c1453208c33,1373479254,44.647095,-87.71943900000001,0,0.92301744,1
55915,2020-07-10 19:53:10,30270432095985,"fraud_Towne, Greenholt and Koepp",shopping_net,669.35,Lisa,Lin,F,908 Brooks Brook,Lomax,IL,61454,40.6761,-91.0391,725,Environmental consultant,1972-11-28,7a335e4943efdede3b4d6d7a8510e2c9,1373485990,41.553988,-91.131421,0,0.7810825,1
55997,2020-07-10 20:38:35,675961917837,"fraud_Baumbach, Hodkiewicz and Walsh",shopping_pos,837.54,Christopher,Cummings,M,478 George Course Apt. 056,Sprague,NE,68438,40.6267,-96.7456,142,Chiropodist,1967-08-24,be5bf8bf2eb0572daa8b4135d26590b8,1373488715,41.10998,-95.958421,1,0.8185498,1
56269,2020-07-10 22:42:44,675961917837,fraud_Koepp-Parker,grocery_pos,333.89,Christopher,Cummings,M,478 George Course Apt. 056,Sprague,NE,68438,40.6267,-96.7456,142,Chiropodist,1967-08-24,66462ae5ee8d35ae01d7ab1b1476e9df,1373496164,40.96852,-97.184621,1,0.6264028,1
56359,2020-07-10 23:26:13,675961917837,fraud_Pouros-Haag,shopping_pos,951.91,Christopher,Cummings,M,478 George Course Apt. 056,Sprague,NE,68438,40.6267,-96.7456,142,Chiropodist,1967-08-24,500a7aa27091cfba2eae84407520a2e0,1373498773,41.065633,-96.191279,1,0.96911365,1
56601,2020-07-11 02:17:03,3577578023716568,"fraud_Wintheiser, Dietrich and Schimmel",misc_pos,397.49,Debbie,Hughes,F,0182 Owens Burgs Suite 480,Diamond,OH,44412,41.0935,-81.0425,2644,"Engineer, biomedical",1983-08-25,162d379684e508a1f0c2a4a3e69b953d,1373509023,41.08095,-80.224657,0,0.78370255,1
56608,2020-07-11 02:22:39,38544312728630,fraud_Fisher Inc,shopping_net,1129.96,Veronica,Burton,F,08932 Bonnie Stravenue,Bonita Springs,FL,34135,26.3771,-81.7334,51427,Claims inspector/assessor,1991-08-21,93f23a4ec83cb356e137d4e0d44305e9,1373509359,26.550617,-82.237909,1,0.5817135,1
56614,2020-07-11 02:26:02,6011305591981276,fraud_Schmitt Ltd,misc_net,996.15,Daniel,Jones,M,290 Kathryn Fall,Huntsville,AL,35803,34.6205,-86.551,190178,"Engineer, automotive",1959-06-06,ce593eb4d48b78a438eca123a8b239f1,1373509562,35.117265,-86.45331800000001,0,0.7128161,1
56688,2020-07-11 03:16:12,30343344410970,fraud_Klein Group,entertainment,452.32,Jacob,Dawson,M,663 Anna Plaza,Marienville,PA,16239,41.4622,-79.1306,4172,"Copywriter, advertising",1962-03-20,2e91b5ffdf11a67619fc49abef4c0dae,1373512572,41.588268,-78.597486,0,0.5015242,1
56690,2020-07-11 03:16:53,6011399591920186,fraud_O'Keefe-Hudson,grocery_pos,369.18,Maria,Roy,F,58665 Nicholas Ford Suite 348,Sheffield,MA,1257,42.1001,-73.3611,2121,Radio producer,1973-10-14,e51acc0919bd6648216829bf84bd2093,1373512613,42.517951,-73.335409,1,0.5339939,1
56694,2020-07-11 03:22:29,6011399591920186,fraud_Dickinson-Rempel,misc_pos,629.85,Maria,Roy,F,58665 Nicholas Ford Suite 348,Sheffield,MA,1257,42.1001,-73.3611,2121,Radio producer,1973-10-14,7f3194d7306013dc5dd7296c0f52511e,1373512949,41.645054,-73.430254,1,0.6704648,1
56712,2020-07-11 03:37:28,6011399591920186,"fraud_Stehr, Jewess and Schimmel",misc_net,748.43,Maria,Roy,F,58665 Nicholas Ford Suite 348,Sheffield,MA,1257,42.1001,-73.3611,2121,Radio producer,1973-10-14,4dc60f41d997adc0c5b9af2a89107453,1373513848,41.94105,-74.316641,1,0.7623901,1
56758,2020-07-11 04:04:33,4169388510116,"fraud_Stehr, Jewess and Schimmel",misc_net,499.49,Marcia,Molina,F,6744 Jimmy Extensions,Port Gibson,NY,14537,43.033,-77.1575,207,Database administrator,1962-09-27,e0fe40b194f99ea9136a0df9b1023c73,1373515473,43.56928,-76.570549,0,0.7026156,1
56759,2020-07-11 04:05:00,5559857416065248,fraud_Kris-Weimann,misc_net,692.77,Jack,Hill,M,5916 Susan Bridge Apt. 939,Grenada,CA,96038,41.6125,-122.5258,589,Systems analyst,1945-12-21,b6ba0a4b4404f779027472ae33205a12,1373515500,40.77859,-121.545118,0,0.63176584,1
56878,2020-07-11 05:45:57,4698163635895795,fraud_Welch Inc,misc_net,839.56,Sharon,Powell,F,101 Carla Loop,Wendel,CA,96136,40.3406,-120.2824,104,"Teacher, adult education",1989-08-16,692ccefd4ae3993b726ab3e81175f685,1373521557,41.183773,-121.142767,0,0.60940504,1
57181,2020-07-11 09:44:14,6554245334757802,fraud_Botsford Ltd,shopping_pos,2261.77,Monique,Robinson,F,07712 Marcus Divide Apt. 831,Laguna Hills,CA,92637,33.615,-117.7114,45303,Sales executive,1969-12-22,42ffbc04595f10c2e1218c47d594e38d,1373535854,33.316024,-118.10961100000002,0,0.7756576,1
57395,2020-07-11 12:14:21,503874407318,fraud_Dooley Inc,shopping_pos,1058.46,Andrew,Mcgee,M,4130 Tiffany Glen Apt. 562,San Antonio,TX,78248,29.5894,-98.5201,1595797,Exhibition designer,1975-12-28,bdc7aeeb4d8d5c10bcf07f5b6e685987,1373544861,28.655725,-97.771684,0,0.7607378,1
58561,2020-07-11 22:00:25,4452366298769043,fraud_Maggio-Fahey,misc_pos,510.92,Linda,Davis,F,6602 Ortiz Pine Apt. 179,Blooming Grove,TX,76626,32.0758,-96.701,1563,Financial adviser,1978-03-04,8ae01593472da18596719c1b8d9ae8d9,1373580025,32.861932,-96.466018,0,0.59238875,1
58564,2020-07-11 22:01:07,675961917837,fraud_Auer-West,shopping_net,979.0,Christopher,Cummings,M,478 George Course Apt. 056,Sprague,NE,68438,40.6267,-96.7456,142,Chiropodist,1967-08-24,4c7971b4a29f83c19576871daa337f51,1373580067,40.883572,-96.366586,1,0.981173,1
58596,2020-07-11 22:22:15,675961917837,fraud_Terry-Huel,shopping_net,1133.22,Christopher,Cummings,M,478 George Course Apt. 056,Sprague,NE,68438,40.6267,-96.7456,142,Chiropodist,1967-08-24,e8b82ec2bc7d533fbe0149183513e862,1373581335,41.47972,-96.935342,1,0.98498327,1
58613,2020-07-11 22:30:56,6011542681743618,fraud_Denesik and Sons,shopping_pos,1263.15,Emily,Hall,F,8851 Reese Neck,Basye,VA,22810,38.8089,-78.7776,863,"Engineer, mining",1972-08-09,b10823bf845eb09babae4eda871d91df,1373581856,38.553348,-78.27729599999999,0,0.9662595,1
58626,2020-07-11 22:39:32,3567697931646329,fraud_Gleason-Macejkovic,shopping_net,906.21,John,Stevens,M,428 Morgan River,Hudson,NY,12534,42.247,-73.7552,17867,Travel agency manager,1998-07-29,e049d6ec3be7510a65cf714e32d67988,1373582372,42.862723,-72.821782,0,0.830651,1
58668,2020-07-11 23:06:29,501882822387,fraud_Block-Parisian,misc_net,741.45,Melissa,Phillips,F,5069 Scott Pass Apt. 654,Meadville,MS,39653,31.4285,-90.8578,2799,"Therapist, horticultural",1961-01-21,ce30e57ad5b1c23f8a2c667cffdabe2f,1373583989,31.014031,-90.689488,1,0.9902621,1
58707,2020-07-11 23:27:48,501882822387,"fraud_Reichert, Huels and Hoppe",shopping_net,1166.0,Melissa,Phillips,F,5069 Scott Pass Apt. 654,Meadville,MS,39653,31.4285,-90.8578,2799,"Therapist, horticultural",1961-01-21,132eedacbd368a5bd3d9fa904ea4bf35,1373585268,30.777478,-90.537908,1,0.9796538,1
58731,2020-07-11 23:37:59,675961917837,"fraud_Schmeler, Bashirian and Price",shopping_net,953.63,Christopher,Cummings,M,478 George Course Apt. 056,Sprague,NE,68438,40.6267,-96.7456,142,Chiropodist,1967-08-24,49329802eaf46732881a7c863e053f94,1373585879,39.819651,-96.024907,1,0.9831518,1
58744,2020-07-11 23:42:56,675961917837,"fraud_Heathcote, Yost and Kertzmann",shopping_net,1037.75,Christopher,Cummings,M,478 George Course Apt. 056,Sprague,NE,68438,40.6267,-96.7456,142,Chiropodist,1967-08-24,ff4355de842f8bd05de6f23e14fc3bf0,1373586176,40.748964,-96.982935,1,0.98359674,1
58772,2020-07-11 23:57:24,675961917837,fraud_Heathcote LLC,shopping_net,882.13,Christopher,Cummings,M,478 George Course Apt. 056,Sprague,NE,68438,40.6267,-96.7456,142,Chiropodist,1967-08-24,d9d450cf71badbc4167d0f5240009cb1,1373587044,41.347912,-96.042728,1,0.9868412,1
58775,2020-07-11 23:59:05,676195318214,fraud_Brown PLC,misc_net,458.63,Brandy,Quinn,F,9734 Beard Fields Suite 885,Altair,TX,77412,29.6047,-96.5249,106,"Editor, film/video",1983-07-24,d251400d0b1962016232bbae3dbe4b10,1373587145,30.313375,-96.850831,0,0.5646139,1
58928,2020-07-12 01:14:31,213186551511454,"fraud_Ferry, Lynch and Kautzer",misc_net,740.49,Cody,Dean,M,737 Thomas Wall Apt. 502,West Bethel,ME,4286,44.402,-70.8601,47,Chief Operating Officer,1951-03-31,5e6ad1d536b592fd5ef9b6bbf5f323c9,1373591671,44.908326,-70.964598,0,0.77777785,1
58974,2020-07-12 01:33:09,3540075240003197,"fraud_Parisian, Schiller and Altenwerth",misc_net,814.9,Christian,Johns,M,892 Solis Neck,Lonsdale,MN,55046,44.4477,-93.4252,5211,Chief Strategy Officer,1987-01-27,b930465c977e02369ea29d31ebdec0e2,1373592789,44.302549,-93.167974,1,0.7780501,1
58982,2020-07-12 01:37:12,213180742685905,"fraud_Stehr, Jewess and Schimmel",misc_net,498.93,Kayla,Sutton,F,010 Weaver Land,Carlotta,CA,95528,40.507,-123.9743,1139,"Therapist, occupational",1951-01-15,397311f0eb6098e0d8297aa5fd0c9d6c,1373593032,40.147366,-124.044738,0,0.5331995,1
59083,2020-07-12 02:39:17,4956828990005111019,fraud_Flatley-Durgan,misc_net,571.75,Kenneth,Robinson,M,269 Sanchez Rapids,Elizabeth,NJ,7208,40.6747,-74.2239,124967,Operational researcher,1980-12-21,0109e4f6c8860ec06316b6f1ded8a4b0,1373596757,41.382663,-74.66937800000001,0,0.79901737,1
59427,2020-07-12 05:36:17,4681601008538160,"fraud_Lehner, Mosciski and King",misc_net,501.69,Tammy,Davis,F,77663 Colleen Freeway,Moundsville,WV,26041,39.9148,-80.73100000000001,16183,Physiotherapist,1977-08-12,84f02731379066950c41bc7ef61f1adf,1373607377,40.408742,-80.382355,0,0.5711692,1
59448,2020-07-12 05:46:27,676281772837,fraud_Kassulke PLC,shopping_net,1259.45,Alicia,Bishop,F,222 Freeman Islands,Whigham,GA,39897,30.8836,-84.3246,3430,"Editor, commissioning",1950-03-25,594c18d403ac063e517f5b7fade8c9ba,1373607987,30.068636,-83.36936899999999,0,0.56534195,1
59869,2020-07-12 09:30:31,4996263498048679,"fraud_Lehner, Mosciski and King",misc_net,1279.42,Kendra,King,F,154 Hernandez Keys,Smith River,CA,95567,41.9404,-124.1587,1930,Web designer,1983-06-13,d06cc61b81600de07a471bf688fa3f2a,1373621431,41.572172,-125.091116,0,0.74208623,1
60051,2020-07-12 11:09:46,3558652751678952,"fraud_Swaniawski, Lowe and Robel",shopping_pos,1985.9,Teresa,Blankenship,F,6638 Lucero Mill Suite 952,Karnack,TX,75661,32.6205,-94.2,2807,Chiropodist,1931-01-26,aa38baf066a7d86a2b5df6d55560b5f3,1373627386,32.84299,-94.425823,0,0.88476396,1
60067,2020-07-12 11:23:52,4390966588600992777,"fraud_Altenwerth, Cartwright and Koss",shopping_net,1312.27,Kyle,Simmons,M,8149 Harris Divide,Oklahoma City,OK,73134,35.6174,-97.5583,640470,Advertising copywriter,1966-06-24,bc52b00c89731e720191e45808662b73,1373628232,34.743759999999995,-98.489111,0,0.8332793,1
60228,2020-07-12 12:28:46,501882822387,"fraud_Gottlieb, Considine and Schultz",shopping_net,959.71,Melissa,Phillips,F,5069 Scott Pass Apt. 654,Meadville,MS,39653,31.4285,-90.8578,2799,"Therapist, horticultural",1961-01-21,df86ac7e629a9c2d1f5023a71314ae10,1373632126,30.600768,-91.329178,1,0.5079865,1
60309,2020-07-12 13:02:43,4400011257587661852,fraud_Jacobi and Sons,shopping_pos,1839.14,Marissa,Powell,F,474 Allen Haven,North Loup,NE,68859,41.4972,-98.7858,509,"Nurse, children's",1980-09-15,c379ed63fc01c51ee31f6c7c05b5cd44,1373634163,41.291282,-98.308452,0,0.8354933,1
60327,2020-07-12 13:10:32,3583635130604947,"fraud_Zboncak, Rowe and Murazik",shopping_net,960.18,Crystal,Gamble,F,899 Michele View Suite 960,Philadelphia,PA,19149,40.0369,-75.0664,1526206,Structural engineer,1985-01-01,c3dd5cb643f3fda28a2e0d5070db957d,1373634632,40.048247,-74.971329,0,0.7629818,1
60466,2020-07-12 14:04:50,3589289942931264,fraud_Mohr Inc,shopping_pos,2410.93,Paula,Estrada,F,350 Stacy Glens,Spencer,SD,57374,43.7557,-97.5936,343,"Development worker, international aid",1972-03-05,a5b7d2f9b85487d2748d9cf2ed25d8fd,1373637890,43.288507,-97.401459,0,0.8896187,1
60587,2020-07-12 14:45:32,3540075240003197,fraud_Klocko LLC,misc_net,730.44,Christian,Johns,M,892 Solis Neck,Lonsdale,MN,55046,44.4477,-93.4252,5211,Chief Strategy Officer,1987-01-27,efbb0a84ee5643c6fe1706aecfb65bb5,1373640332,44.281146,-93.9805,1,0.77532107,1
60747,2020-07-12 15:46:54,3514897282719543,"fraud_Weimann, Kuhic and Beahan",shopping_pos,1100.78,Steven,Faulkner,M,841 Cheryl Centers Suite 115,Farmington,NY,14425,42.958,-77.3083,10717,Cytogeneticist,1952-10-13,1539e67419edb520024f852e827e32a3,1373644014,43.531818,-78.033574,1,0.92362154,1
61064,2020-07-12 17:34:35,342952484382519,fraud_Kerluke-Abshire,shopping_net,871.05,Kayla,Jones,F,6033 Young Track Suite 804,East Canaan,CT,6024,42.0158,-73.2913,647,Comptroller,1987-09-26,3bfb2bf7f4c5b040044fc667045da4d8,1373650475,42.614247,-72.343713,0,0.61766386,1
61541,2020-07-12 20:09:01,374656033243756,fraud_Conroy Ltd,shopping_pos,949.9,David,Lewis,M,1499 Michael Rue,Arlington,VA,22213,38.8954,-77.1633,207410,Mudlogger,1984-07-03,9bb9056302a5b6bed2f88ce258997f0a,1373659741,38.877764,-76.730674,0,0.7996884,1
61677,2020-07-12 20:56:48,4810839835482794272,"fraud_Baumbach, Hodkiewicz and Walsh",shopping_pos,1062.27,Carolyn,Perez,F,433 Blake Roads Suite 967,Wheaton,MO,64874,36.7651,-94.0492,760,Production manager,1985-08-31,efa48793fc02b512550cb2f96bbd13c0,1373662608,36.718773,-94.260615,0,0.8582367,1
61863,2020-07-12 22:07:55,501882822387,"fraud_Baumbach, Feeney and Morar",shopping_net,1045.16,Melissa,Phillips,F,5069 Scott Pass Apt. 654,Meadville,MS,39653,31.4285,-90.8578,2799,"Therapist, horticultural",1961-01-21,118a43c2f986b601824e95bf1ebfeed2,1373666875,31.665693,-91.741832,1,0.97878176,1
61883,2020-07-12 22:16:34,4683520018489354,fraud_Denesik and Sons,shopping_pos,1781.47,Charles,Carrillo,M,17547 Stephen Turnpike Apt. 846,Hawthorne,CA,90250,33.9143,-118.3493,93193,"Editor, magazine features",1995-04-19,60515e53a0e39db9929486106ee87a50,1373667394,33.047949,-117.665619,0,0.93971777,1
61951,2020-07-12 22:42:52,3540075240003197,"fraud_Mosciski, Ziemann and Farrell",shopping_net,985.9,Christian,Johns,M,892 Solis Neck,Lonsdale,MN,55046,44.4477,-93.4252,5211,Chief Strategy Officer,1987-01-27,701e80001a2b4029adc8188900c70116,1373668972,44.095024,-94.038821,1,0.93255085,1
61958,2020-07-12 22:43:52,501882822387,fraud_Kerluke-Abshire,shopping_net,1112.33,Melissa,Phillips,F,5069 Scott Pass Apt. 654,Meadville,MS,39653,31.4285,-90.8578,2799,"Therapist, horticultural",1961-01-21,a352255f8e58bdcbcd7784c3fe0cd970,1373669032,31.742309,-90.259289,1,0.9800457,1
62003,2020-07-12 22:53:57,501882822387,fraud_Beier-Hyatt,shopping_pos,906.83,Melissa,Phillips,F,5069 Scott Pass Apt. 654,Meadville,MS,39653,31.4285,-90.8578,2799,"Therapist, horticultural",1961-01-21,9fa628cd240b2664cd890c3c4bdd9ef7,1373669637,31.723859,-91.18125,1,0.9426115,1
62035,2020-07-12 23:09:05,36913587729122,"fraud_Larkin, Stracke and Greenfelder",entertainment,363.23,Ana,Mccormick,F,4503 Patricia Route,Meridian,ID,83646,43.6498,-116.4306,84106,Intelligence analyst,1971-02-11,87b5e7ce04f5360a2f6edc98f30e1be2,1373670545,43.157738,-115.883415,0,0.8155937,1
62042,2020-07-12 23:12:38,3514897282719543,"fraud_Quitzon, Green and Bashirian",shopping_pos,915.25,Steven,Faulkner,M,841 Cheryl Centers Suite 115,Farmington,NY,14425,42.958,-77.3083,10717,Cytogeneticist,1952-10-13,68d5de7b1fa679ad26c8efab6da20fa9,1373670758,43.083272,-78.132547,1,0.9592456,1
62064,2020-07-12 23:20:17,3540075240003197,"fraud_Greenholt, O'Hara and Balistreri",shopping_net,852.76,Christian,Johns,M,892 Solis Neck,Lonsdale,MN,55046,44.4477,-93.4252,5211,Chief Strategy Officer,1987-01-27,3bcda7eda5fad588fc5d143975349551,1373671217,43.745898,-93.001669,1,0.91223425,1
62125,2020-07-12 23:39:36,4653879239169997,"fraud_Rippin, Kub and Mann",misc_net,449.52,Monica,Tucker,F,302 Christina Islands,Smiths Grove,KY,42171,37.0581,-86.1938,6841,"Therapist, sports",1999-06-06,a1ec88a4dfba3072600a7d73470c1bc7,1373672376,37.143306,-85.484978,0,0.50870115,1
62129,2020-07-12 23:40:57,3514897282719543,fraud_Stamm-Witting,shopping_net,1111.35,Steven,Faulkner,M,841 Cheryl Centers Suite 115,Farmington,NY,14425,42.958,-77.3083,10717,Cytogeneticist,1952-10-13,0deca8c42edbdbd8dca65b69afb1a37f,1373672457,43.807193,-77.310928,1,0.9840607,1
62135,2020-07-12 23:42:17,3514897282719543,fraud_Denesik and Sons,shopping_pos,965.25,Steven,Faulkner,M,841 Cheryl Centers Suite 115,Farmington,NY,14425,42.958,-77.3083,10717,Cytogeneticist,1952-10-13,928ff163f29df5947602d27914bce5ae,1373672537,42.307983,-77.5606,1,0.98440474,1
62137,2020-07-12 23:42:40,3596357274378601,"fraud_Ruecker, Beer and Collier",shopping_net,2017.65,David,Everett,M,4138 David Fall,Morrisdale,PA,16858,41.0001,-78.2357,3688,Advice worker,1973-05-27,9a72befeddfda978777819c65b534e29,1373672560,40.620685,-78.22784899999999,0,0.97510046,1
62154,2020-07-12 23:48:55,3514897282719543,"fraud_Gottlieb, Considine and Schultz",shopping_net,1031.9,Steven,Faulkner,M,841 Cheryl Centers Suite 115,Farmington,NY,14425,42.958,-77.3083,10717,Cytogeneticist,1952-10-13,447bcdafbcd3c5a797c4a54ed6372b23,1373672935,42.74851,-77.537387,1,0.9843911,1
62326,2020-07-13 01:02:47,4255397449664185994,fraud_Ruecker Group,misc_net,507.24,George,Smith,M,7377 Walton Extensions Apt. 979,Dallas,TX,75236,32.69,-96.9177,1263321,"Designer, interior/spatial",1952-09-27,1116647881677f779b75ad6341fe2d52,1373677367,31.799056,-97.753513,0,0.8131371,1
62502,2020-07-13 02:22:47,3518758680062249,fraud_Mante Group,misc_net,880.88,Antonio,Koch,M,8738 Richard Brooks,Moab,UT,84532,38.5677,-109.5271,9772,Location manager,1989-11-24,2ed0294bde87fa4e8389c1a8ad83f195,1373682167,38.123313,-108.677134,0,0.7496313,1
62515,2020-07-13 02:28:36,676314217768,fraud_Reichel Inc,entertainment,536.63,Ellen,Carrillo,F,9431 Amanda Mills,Odessa,MO,64076,38.9829,-93.9757,9512,Clinical research associate,1972-12-31,6feed04cec681248e35a98753e67e789,1373682516,38.866562,-92.984121,1,0.67209214,1
62573,2020-07-13 02:50:57,4503101193493052864,fraud_Kunde-Sanford,misc_net,562.53,Katherine,Tucker,F,670 Le Meadows Suite 250,Lakeland,FL,33811,27.9865,-82.0139,237282,Clothing/textile technologist,1979-07-03,fa207ebc3a0258f336c7f86157c3ea90,1373683857,28.556958,-82.278697,0,0.81218696,1
62911,2020-07-13 05:16:29,6011917798331152,fraud_Pouros-Conroy,shopping_pos,1303.47,William,Johnson,M,50843 Vincent Mission,South Londonderry,VT,5155,43.1699,-72.8515,828,Scientific laboratory technician,1957-08-30,850aa2ea11d179c9723725b7d47d4f43,1373692589,43.75414,-73.194649,0,0.5200524,1
62943,2020-07-13 05:32:10,4412720572684931,fraud_Thiel PLC,misc_pos,2008.06,Richard,Marshall,M,295 Page Creek Suite 181,Greenbush,VA,23357,37.7681,-75.6664,776,Psychiatrist,1949-11-17,87caca67f94a2fd38b5af92816216d11,1373693530,37.610325,-75.474103,0,0.7668552,1
63083,2020-07-13 06:31:07,676298633337,fraud_Zemlak Group,misc_net,491.35,Jessica,Werner,F,4529 Cannon Alley,Center Point,WV,26339,39.4125,-80.6352,255,Chief Executive Officer,1971-12-10,5237423b8a644cbf2dbb450346657abc,1373697067,39.932986,-81.260929,0,0.5131331,1
63141,2020-07-13 07:00:22,372382441451095,fraud_Eichmann-Russel,misc_pos,1195.42,Brent,Terrell,M,502 Rice Plaza Apt. 979,Port Ewen,NY,12466,41.8948,-73.9767,2471,Heritage manager,1966-01-21,3462ea2ad52fc5b6ee6c45cd7de34ac3,1373698822,41.501291,-73.80161,0,0.68735147,1
63410,2020-07-13 09:03:00,6573561108825071,fraud_Koelpin and Sons,misc_net,725.31,Kristina,Lewis,F,5449 Brandi Heights Apt. 111,Tulsa,OK,74130,36.2395,-95.9596,413574,Bookseller,1968-06-18,e654f17fdb9bec10a5aff654dde5d010,1373706180,35.468853,-96.206278,0,0.7031854,1
63646,2020-07-13 10:58:16,3597926034019603,fraud_Koelpin and Sons,misc_net,888.23,Derrick,Flores,M,83690 Nicholas Ports Apt. 846,Oakland,TN,38060,35.2229,-89.5518,9496,Furniture conservator/restorer,1993-03-23,d7e6dab7a4adb3e7154735fd5dee7995,1373713096,35.12066,-88.72955999999999,0,0.616122,1
63824,2020-07-13 12:11:45,6534628260579800,"fraud_Ritchie, Oberbrunner and Cremin",travel,2468.38,Christine,Harris,F,29606 Martinez Views Suite 653,Hinesburg,VT,5461,44.3346,-73.098,4542,Claims inspector/assessor,1998-03-19,2c61688ae6de98c69439d7544fb39726,1373717505,44.485688,-73.205081,0,0.80465937,1
64023,2020-07-13 13:10:15,2450829271795901,"fraud_Zboncak, Rowe and Murazik",shopping_net,1037.93,Timothy,Kirby,M,7309 Sophia Causeway Suite 702,Sauk Rapids,MN,56379,45.604,-94.1591,16163,Hydrographic surveyor,1987-02-22,0491184a0d6d6591b7ae1ba6a4bdd3ff,1373721015,46.162796,-93.345377,0,0.71545655,1
64448,2020-07-13 15:18:56,6534628260579800,"fraud_Streich, Dietrich and Barton",shopping_net,874.72,Christine,Harris,F,29606 Martinez Views Suite 653,Hinesburg,VT,5461,44.3346,-73.098,4542,Claims inspector/assessor,1998-03-19,564cd4b86b2133d40fbf76131b4a3693,1373728736,43.833577000000005,-73.10909699999999,0,0.55120254,1
64506,2020-07-13 15:35:52,377993105397617,fraud_Jast-McDermott,shopping_pos,1779.55,Nathan,Martinez,M,586 Thomas Cliffs,Oconto Falls,WI,54154,44.8755,-88.1555,5548,Mining engineer,1975-09-11,0f8601ae036c63914eb074a29d06ff32,1373729752,44.853521,-87.767411,0,0.9059509,1
64602,2020-07-13 16:11:51,30234966027947,fraud_Volkman-Predovic,shopping_net,666.3,Matthew,Lambert,M,7188 Melissa Crest Apt. 151,New Holstein,WI,53061,43.9446,-88.0911,5196,Child psychotherapist,1978-01-22,9a96cbcd1104f377591c0acdb33e4c4f,1373731911,44.470523,-87.875389,0,0.82099515,1
64720,2020-07-13 16:46:22,30442439074871,"fraud_Nitzsche, Kessler and Wolff",shopping_pos,1316.29,Linda,Sanchez,F,6574 William Hill Apt. 375,Jermyn,PA,18433,41.5744,-75.5881,6508,Training and development officer,1981-06-22,fe576c99779753180fe33e5930741c68,1373733982,41.346765000000005,-74.83144,0,0.8174924,1
64917,2020-07-13 17:42:31,3533742182628021,fraud_Medhurst PLC,shopping_net,2715.47,Robert,Haynes,M,857 Aaron Circles Suite 398,Johns Island,SC,29455,32.8357,-79.8217,20478,Materials engineer,1997-06-04,5137746d68ebe951a7b71f52bc0e1494,1373737351,32.897212,-79.12315799999999,0,0.8765002,1
65853,2020-07-13 22:30:05,3540075240003197,fraud_Sawayn PLC,shopping_pos,824.17,Christian,Johns,M,892 Solis Neck,Lonsdale,MN,55046,44.4477,-93.4252,5211,Chief Strategy Officer,1987-01-27,baf43268e0e47cd44afc71badb5e3707,1373754605,44.788656,-92.850329,1,0.6747666,1
65904,2020-07-13 22:48:07,3540075240003197,"fraud_Quitzon, Green and Bashirian",shopping_pos,984.39,Christian,Johns,M,892 Solis Neck,Lonsdale,MN,55046,44.4477,-93.4252,5211,Chief Strategy Officer,1987-01-27,454ff3ce096a4441691eba51245794fe,1373755687,43.602685,-92.969851,1,0.8484855,1
66433,2020-07-14 01:59:28,180094419304907,fraud_Keeling-Crist,misc_pos,919.58,Sharon,Smith,F,17666 David Valleys,Sun City,CA,92585,33.7467,-117.1721,54287,"Designer, exhibition/display",1972-09-22,a91b4128f56d3fad7d7a5a39632c55e2,1373767168,34.694249,-116.696955,0,0.66975605,1
66551,2020-07-14 03:00:26,6011581063717667,"fraud_Lehner, Mosciski and King",misc_net,924.95,Jerry,Perkins,M,3867 Susan Corners Apt. 883,Brashear,MO,63533,40.1959,-92.4333,805,Private music teacher,1970-06-27,b5153d84f9bf03efcaa2cdd6f6a9151e,1373770826,39.731081,-91.700227,0,0.6995477,1
66643,2020-07-14 03:43:15,372509258176510,fraud_Spencer-Runolfsson,misc_pos,362.78,Kristen,Hanson,F,26544 Andrea Glen,Goodrich,MI,48438,42.9147,-83.4845,6951,Learning disability nurse,1985-06-18,73dd91e312830a07fee11cd68b226269,1373773395,43.025309,-83.51230100000001,0,0.65819806,1
66817,2020-07-14 05:20:23,2291163933867244,fraud_Hickle Group,shopping_pos,3679.74,Jeff,Elliott,M,351 Darlene Green,Columbia,SC,29209,33.9659,-80.9355,333497,Mechanical engineer,1968-03-19,d64d4adaac2e7cfefc5bd92acf4e4abf,1373779223,34.52738,-81.69815200000001,0,0.79159766,1
66830,2020-07-14 05:27:35,372509258176510,"fraud_Lehner, Mosciski and King",misc_net,380.43,Kristen,Hanson,F,26544 Andrea Glen,Goodrich,MI,48438,42.9147,-83.4845,6951,Learning disability nurse,1985-06-18,a23096e186a6591090a27ed567c86e68,1373779655,42.879461,-84.43354000000001,0,0.5132063,1
66909,2020-07-14 06:03:58,4634955908138648,fraud_Donnelly PLC,misc_net,863.57,Mackenzie,Smith,F,7178 Willis Drive,Hooper,NE,68031,41.6414,-96.5232,1745,"Engineer, automotive",1973-12-26,d7b41c9561e1506ea368e2d9386a3f73,1373781838,41.441132,-95.6699,0,0.7006345,1
67785,2020-07-14 12:45:11,3527536963490470,"fraud_Yost, Block and Koepp",misc_pos,1622.92,Teresa,Stein,F,2838 White Fields Apt. 473,Brunson,SC,29911,32.9413,-81.1807,1725,Social researcher,1974-12-05,70e2c546f6864ba3aa9658837faf1faf,1373805911,33.930465000000005,-80.24235999999999,0,0.81922334,1
68175,2020-07-14 14:41:42,4890424426862856940,fraud_Maggio-Fahey,misc_pos,742.62,Jeremy,Whitney,M,0371 Aimee Neck Suite 856,Sacramento,CA,95827,38.5662,-121.3286,757530,Magazine features editor,1979-04-30,ab7ec09e981ca5fb1e42bcf3ec6185e4,1373812902,38.595473,-121.585232,0,0.5477314,1
68346,2020-07-14 15:35:32,375082648741747,fraud_Howe Ltd,misc_pos,958.4,Shannon,Bell,F,2918 David Spurs,Georgetown,MN,56546,47.0999,-96.727,346,"Research officer, trade union",1976-12-14,8ec6cedc9a4472878010601a6656e786,1373816132,47.480715,-97.607837,0,0.9107998,1
68444,2020-07-14 16:05:06,4306630852918,"fraud_Hodkiewicz, Prohaska and Paucek",travel,3113.61,Maureen,Garza,F,169 Edward Inlet,Saint Louis,MO,63131,38.6171,-90.4504,927396,Occupational hygienist,1960-03-12,574547c6193d1c6f589ab2f47a329a1e,1373817906,37.996714,-90.87814,0,0.91834617,1
68506,2020-07-14 16:22:50,6011438889172900,fraud_Gleason-Macejkovic,shopping_net,1049.95,Allison,Allen,F,40624 Rebecca Spurs,De Witt,AR,72042,34.2853,-91.3336,5161,Electrical engineer,1993-04-08,5d9d958be1143f1a4923a48c7bb794db,1373818970,35.241407,-91.468109,0,0.7471058,1
68784,2020-07-14 17:43:09,3525590521269779,fraud_Simonis-Prohaska,misc_pos,844.38,Scott,Fuller,M,861 Karen Common,Haw River,NC,27258,36.0424,-79.3242,6006,Paramedic,1984-07-20,0b77b338287e9ce8692652f1a56b99fd,1373823789,35.648759000000005,-78.891471,0,0.790169,1
69850,2020-07-14 23:04:07,3579200383632826,fraud_Jast Ltd,shopping_net,967.23,Tyler,Small,M,047 Kevin Haven,Boyd,WI,54726,44.9437,-91.0294,1690,IT trainer,1975-12-24,0bb75a135d17e6084f721c2e6c97618a,1373843047,44.456675,-90.767457,1,0.9557794,1
69858,2020-07-14 23:08:09,3579200383632826,"fraud_Schmeler, Bashirian and Price",shopping_net,930.27,Tyler,Small,M,047 Kevin Haven,Boyd,WI,54726,44.9437,-91.0294,1690,IT trainer,1975-12-24,11e51c55f0f23b92f5ed0c1b413ba23b,1373843289,44.852175,-90.557513,1,0.9610474,1
69883,2020-07-14 23:14:14,4302480582202074,fraud_Cormier LLC,shopping_net,1297.79,David,Rodriguez,M,821 Solis Points,Muskegon,MI,49440,43.2326,-86.2492,128715,Historic buildings inspector/conservation officer,1995-05-25,8d413ea17f39c227b36a620db15613cf,1373843654,42.320935,-85.88858,0,0.9588871,1
69952,2020-07-14 23:37:12,4900628639996,"fraud_Baumbach, Strosin and Nicolas",shopping_pos,713.54,Michael,Johnson,M,094 Owens Underpass,Norwalk,CA,90650,33.9056,-118.0818,105549,Firefighter,1973-09-22,18366d9c4efc232365b4e6b4bd361afc,1373845032,34.346851,-117.605882,0,0.7542863,1
70299,2020-07-15 04:23:14,630424987505,"fraud_Tillman, Fritsch and Schmitt",misc_net,466.1,Jennifer,Black,F,2870 Bean Terrace Apt. 756,Thomas,WV,26292,39.1505,-79.503,836,Forensic psychologist,1981-08-29,a55263b769f6cf77278b40900ebf3f53,1373862194,38.854257,-78.699836,0,0.74514836,1
70422,2020-07-15 06:16:38,4605902936394,"fraud_Ruecker, Beer and Collier",shopping_net,2183.37,Vincent,Mueller,M,79019 Taylor Cliffs,Dallas,TX,75238,32.876999999999995,-96.708,1263321,Drilling engineer,1959-06-28,a5650f47f33581c0f2a86d4268b33878,1373868998,33.485418,-97.223764,0,0.722861,1
70607,2020-07-15 09:05:19,3533177016567295,"fraud_Boehm, Block and Jakubowski",misc_pos,746.78,Derek,Bentley,M,782 Lee Crossing Apt. 209,Weeping Water,NE,68463,40.8731,-96.1528,1517,Dealer,1951-11-08,52e16ea04a2df85c7643fd68c1e2d3ab,1373879119,41.287917,-96.982573,0,0.6462494,1
70973,2020-07-15 13:59:39,4653879239169997,"fraud_Romaguera, Cruickshank and Greenholt",shopping_net,1088.43,Monica,Tucker,F,302 Christina Islands,Smiths Grove,KY,42171,37.0581,-86.1938,6841,"Therapist, sports",1999-06-06,3ababe34d5bfd0b3b60321ee78ed39b2,1373896779,37.090797,-86.712704,0,0.59941614,1
71109,2020-07-15 15:21:16,630423337322,"fraud_Monahan, Bogisich and Ledner",misc_pos,1605.58,Stephanie,Gill,F,43039 Riley Greens Suite 393,Orient,WA,99160,48.8878,-118.2105,149,Special educational needs teacher,1978-06-21,d0917f1f1dc750671d2c8fb9c4e63692,1373901676,49.243019,-118.750029,0,0.9083893,1
71130,2020-07-15 15:30:26,36913587729122,fraud_Dooley Inc,shopping_pos,1100.79,Ana,Mccormick,F,4503 Patricia Route,Meridian,ID,83646,43.6498,-116.4306,84106,Intelligence analyst,1971-02-11,d53c563563d21a76c87dc24cd929de88,1373902226,43.615190000000005,-117.318801,0,0.857381,1
71204,2020-07-15 16:20:12,4048508450704760,"fraud_Haley, Jewess and Bechtelar",shopping_pos,3278.35,Cheryl,Melton,F,5053 Bell Crescent Apt. 255,Fullerton,NE,68638,41.36600000000001,-98.0054,1749,"Surveyor, mining",1973-05-07,29afc3df06a5c811fdb01daefdbfa073,1373905212,42.075935,-97.071379,0,0.91280276,1
71440,2020-07-15 18:58:40,3579200383632826,fraud_Lemke-Gutmann,shopping_net,932.64,Tyler,Small,M,047 Kevin Haven,Boyd,WI,54726,44.9437,-91.0294,1690,IT trainer,1975-12-24,1663f15f0d49fa2df0ee7a2510214413,1373914720,45.727734000000005,-90.696716,1,0.9132365,1
71516,2020-07-15 19:55:55,30541100351706,fraud_Ebert-Daugherty,travel,2759.89,Derrick,George,M,575 Chapman Union,Spring,TX,77379,30.0377,-95.5326,316665,"Education officer, museum",1990-09-12,50fa215018ec44ed8a797163a12a507a,1373918155,29.655184,-95.994287,0,0.88880706,1
71725,2020-07-15 22:14:51,3579200383632826,fraud_Heathcote LLC,shopping_net,954.08,Tyler,Small,M,047 Kevin Haven,Boyd,WI,54726,44.9437,-91.0294,1690,IT trainer,1975-12-24,ffba650403221a82f12568f1868e49cf,1373926491,43.957966,-90.815242,1,0.97215277,1
71895,2020-07-16 00:06:26,2712209726293386,fraud_McDermott-Rice,misc_pos,554.13,Jenna,Brooks,F,50872 Alex Plain Suite 088,Baton Rouge,LA,70808,30.4066,-91.1468,378909,"Designer, furniture",1977-02-22,aa5e4c55d6d31552ec41af69784c6cd9,1373933186,30.648818,-91.37199,0,0.75781894,1
72118,2020-07-16 03:29:21,3598304579370089,fraud_Klocko LLC,misc_net,450.92,Vincent,Flowers,M,0189 Emily Prairie,Wichita,KS,67232,37.6395,-97.1714,409656,Heritage manager,1985-12-27,39df90efac387d5921c7eb4a6fa5929b,1373945361,38.023115,-97.112912,0,0.6590539,1
72528,2020-07-16 09:24:36,4500002361389,fraud_Kemmer-Buckridge,misc_pos,991.45,Joseph,Nixon,M,86882 Desiree Camp Suite 047,Tyaskin,MD,21865,38.2833,-75.8465,470,Music tutor,1965-04-07,a2a4895f197aa5a8682127db741d67e9,1373966676,37.655588,-75.402941,0,0.71168905,1
72542,2020-07-16 09:37:39,30143713661454,fraud_Kerluke Inc,misc_net,825.43,Nicholas,Thornton,M,5270 Megan Burg Suite 756,Halma,MN,56729,48.6669,-96.5969,140,"Embryologist, clinical",1942-01-06,2e24e6459e03d97d7226749dd69289c2,1373967459,48.710743,-97.140274,0,0.9188534,1
72684,2020-07-16 11:41:05,377234009633447,fraud_Herzog Ltd,misc_pos,1665.51,Theresa,Blackwell,F,43576 Kristina Islands,Shenandoah Junction,WV,25442,39.3716,-77.8229,1925,Systems developer,1966-02-14,b994cd24024a47279448541a2014cbfe,1373974865,39.090141,-77.223051,0,0.8651052,1
72863,2020-07-16 13:31:55,630423337322,fraud_Rempel Inc,shopping_net,1833.38,Stephanie,Gill,F,43039 Riley Greens Suite 393,Orient,WA,99160,48.8878,-118.2105,149,Special educational needs teacher,1978-06-21,3602c74838897771052ab11c17d94dd3,1373981515,48.158656,-118.564112,0,0.87013835,1
73804,2020-07-16 22:42:48,213156747557083,"fraud_Roob, Conn and Tremblay",shopping_pos,4537.48,Adam,Santos,M,725 Jo Trace Apt. 102,Glendale,CA,91206,34.1556,-118.2322,172817,Advertising account planner,1982-07-30,f5f57468218450e5a7ef99d7f12ba0b6,1374014568,33.953841,-117.405683,0,0.9192158,1
73841,2020-07-16 23:06:35,30270432095985,fraud_Hermann-Gaylord,misc_pos,313.21,Lisa,Lin,F,908 Brooks Brook,Lomax,IL,61454,40.6761,-91.0391,725,Environmental consultant,1972-11-28,4e2217a881ae74095c61bd45cdc08db2,1374015995,41.436112,-91.498782,0,0.5688109,1
73938,2020-07-17 00:03:41,375248307838179,fraud_Buckridge PLC,misc_pos,941.78,Joshua,Mendoza,M,4215 Miranda Field Suite 326,Tallmansville,WV,26237,38.8564,-80.158,571,Accounting technician,1967-09-16,569be70aac37157329854a793533acab,1374019421,38.611363,-80.475126,0,0.6612857,1
74035,2020-07-17 01:19:17,502012776709,"fraud_Parisian, Schiller and Altenwerth",misc_net,679.63,Sherry,Martinez,F,144 Yu Locks Apt. 754,Garrattsville,NY,13342,42.6315,-75.1866,165,Naval architect,1945-09-20,63cff657230e83bacec71b24150fc94b,1374023957,43.217086,-74.78542900000001,0,0.7639294,1
74589,2020-07-17 08:40:44,2256234701263057,fraud_Lesch Ltd,shopping_pos,4806.47,Christopher,Grimes,M,39631 Dunn Radial,Grantham,NH,3753,43.5103,-72.1334,2971,Charity fundraiser,1948-04-11,18970ad9f4f69a4e85e56a630095be36,1374050444,43.643971,-72.66174699999999,0,0.8772853,1
74604,2020-07-17 08:50:34,6573561108825071,fraud_Gleason-Macejkovic,shopping_net,1246.12,Kristina,Lewis,F,5449 Brandi Heights Apt. 111,Tulsa,OK,74130,36.2395,-95.9596,413574,Bookseller,1968-06-18,4799c0562bffa545871c01f08c868811,1374051034,36.876509000000006,-95.474993,0,0.6707441,1
74665,2020-07-17 09:38:06,373905417449658,fraud_Bogisich-Homenick,misc_net,690.35,Sarah,Bishop,F,554 Mcdonald Valley Apt. 539,Meridian,TX,76665,31.929,-97.6443,2526,Phytotherapist,1970-11-12,49d5048de7936ef51ca4648816ed1a0a,1374053886,32.21171,-96.649104,0,0.6048645,1
74833,2020-07-17 11:56:00,30560609640617,fraud_Buckridge PLC,misc_pos,2642.67,Michael,Olson,M,558 Michael Estates,Luray,MO,63453,40.4931,-91.8912,519,Town planner,1966-02-13,c6876118257fe1898e00408f8e1f9b40,1374062160,40.084446,-92.551365,0,0.8826558,1
74888,2020-07-17 12:19:50,3531129874770000,fraud_Bashirian Group,shopping_net,3300.14,Shelby,Mitchell,F,974 Cindy Stream,Brandon,VT,5733,43.8065,-73.0882,5895,"Scientist, marine",1975-07-13,b2e89d31b12c9fed3ad9053ccdaa9057,1374063590,43.787233,-73.736109,0,0.88549703,1
75286,2020-07-17 15:34:19,4155021259183870,fraud_Heathcote LLC,shopping_net,1957.38,Renee,Parrish,F,174 Jennifer Meadow Apt. 467,Mountain Park,OK,73559,34.7032,-98.9591,540,Research scientist (life sciences),1983-10-12,44876713285b89edd7b4e0d281bfc66b,1374075259,33.853732,-98.927521,0,0.8719704,1
75654,2020-07-17 18:53:34,375974680629816,fraud_Towne LLC,misc_pos,725.03,Roberta,Mccarthy,F,94431 Matthew Mall Suite 296,Plymouth,CT,6782,41.6611,-73.0449,2376,Herpetologist,1973-04-06,4bdf849f0d7737f5307fa09302886708,1374087214,40.912402,-72.906187,0,0.8551052,1
75917,2020-07-17 21:06:04,4710826438164847414,fraud_Gislason Group,travel,3530.22,Juan,Henry,M,9795 Lori Island Suite 346,Turner,MT,59542,48.8328,-108.3961,192,Further education lecturer,1964-01-04,1cc16e75c5d00f1ead3fa5b3492d60c9,1374095164,48.701068,-107.770194,0,0.9478273,1
76265,2020-07-18 00:14:49,345832460465610,fraud_Volkman Ltd,misc_net,589.25,Jason,Mcmahon,M,6385 Donald Square Suite 429,Springfield,VA,22151,38.8029,-77.2116,104396,Production engineer,1950-11-20,69e532f4604ac6aaf9e48567556767ce,1374106489,38.938916,-77.53433299999999,0,0.80158013,1
76285,2020-07-18 00:30:50,5501083170975659,fraud_Towne LLC,misc_pos,658.79,Wayne,Payne,M,587 Bradley Inlet Suite 281,Cuyahoga Falls,OH,44223,41.1464,-81.5107,47772,Equities trader,1966-01-04,e030291fb2ecc4984aa472ec8a4411f1,1374107450,40.413422,-82.412212,0,0.5679738,1
76416,2020-07-18 02:20:09,30131826429364,fraud_Keeling-Crist,misc_pos,365.27,Brianna,Foley,F,57256 Raymond Ports,Knoxville,TN,37932,35.9335,-84.1481,391389,"Designer, industrial/product",1994-04-22,4608056171ec316c4eea8c99ca42e5b6,1374114009,35.209685,-84.482861,0,0.6046968,1
76466,2020-07-18 02:49:06,3597980945245815,"fraud_Greenholt, O'Hara and Balistreri",shopping_net,1245.68,Mark,Allen,M,25360 Mcgee Forge,De Queen,AR,71832,34.0442,-94.3386,11253,"Scientist, biomedical",1957-04-25,41816f6f2c71f0fc164a47bde6af50ef,1374115746,34.490888,-93.801668,0,0.5191268,1
76545,2020-07-18 03:51:48,2703186189652095,"fraud_Langworth, Boehm and Gulgowski",shopping_net,1097.18,Jennifer,Banks,F,561 Perry Cove,Moravian Falls,NC,28654,36.0788,-81.1781,3495,"Psychologist, counselling",1988-03-09,1042c537f7176e8f6e7e66306e771131,1374119508,36.763378,-81.221175,1,0.6275054,1
76820,2020-07-18 07:42:55,6528911529051375,fraud_Huel Ltd,misc_net,1011.0,Diane,Smith,F,195 Murray Overpass Apt. 384,Winter,WI,54896,45.8327,-91.0144,1478,Neurosurgeon,1965-04-27,39888dfe61a2b221686ffc277858f053,1374133375,46.711093,-91.01173,0,0.78717417,1
77413,2020-07-18 14:14:57,3501509250702469,fraud_Romaguera and Sons,travel,12882.78,Frank,Anderson,M,0611 Stafford Valley Suite 504,Naples,FL,34112,26.1184,-81.7361,276002,"Programme researcher, broadcasting/film/video",1979-01-02,7560e4f116a9e89163bbb81881f378ef,1374156897,25.730231,-82.406225,0,0.8805511,1
77765,2020-07-18 17:29:51,30235438713303,fraud_Barrows PLC,shopping_pos,1418.91,James,Baldwin,M,3603 Mitchell Court,Winfield,WV,25213,38.5072,-81.89,5512,Exhibition designer,1980-03-24,927780766590d2c439af5eb58a1a1ca8,1374168591,38.486123,-81.420526,0,0.90447944,1
78143,2020-07-18 20:42:17,3545109339866548,fraud_Corwin-Gorczany,misc_net,772.7,Keith,Sanders,M,8030 Beck Motorway,Moorhead,MS,38761,33.4783,-90.5142,2870,Chartered public finance accountant,1999-03-05,412c083f6fc2a2c3048e5c672cc7cbf1,1374180137,33.963551,-91.338974,0,0.89917773,1
78315,2020-07-18 22:03:20,2454076758463217,fraud_Kuphal-Predovic,misc_net,828.22,Robert,Andrade,M,27720 Martin Hills,Remer,MN,56672,47.0874,-93.9196,2097,Insurance risk surveyor,1987-10-27,9917b85781e97bdebb160301ab984360,1374185000,47.829339,-93.985386,1,0.9809296,1
78329,2020-07-18 22:09:38,2454076758463217,"fraud_Zboncak, Rowe and Murazik",shopping_net,958.05,Robert,Andrade,M,27720 Martin Hills,Remer,MN,56672,47.0874,-93.9196,2097,Insurance risk surveyor,1987-10-27,a17a4a799bd40548b05052eb3170c2ee,1374185378,46.292061,-94.024468,1,0.9501081,1
78331,2020-07-18 22:10:31,3534330126107879,fraud_Kerluke-Abshire,shopping_net,988.18,Jeffrey,Smith,M,713 Scott Pike Apt. 712,Bridger,MT,59014,45.2857,-108.9082,1446,Chartered loss adjuster,1978-01-15,22a5a0ffee29d19050b4767ea0dc819d,1374185431,44.349078000000006,-109.156419,1,0.9442524,1
78363,2020-07-18 22:26:27,30199621383748,fraud_Fisher Inc,shopping_net,544.92,Theresa,Powell,F,117 Natasha Vista Suite 936,Leonard,TX,75452,33.4044,-96.2238,4090,Sub,1977-03-23,84e0dab202f7e6424948fec8f20c4093,1374186387,34.086447,-95.424837,0,0.50966007,1
78379,2020-07-18 22:31:56,2454076758463217,fraud_Conroy Ltd,shopping_pos,822.11,Robert,Andrade,M,27720 Martin Hills,Remer,MN,56672,47.0874,-93.9196,2097,Insurance risk surveyor,1987-10-27,f2d7c66699d2c9d88f624c78de4135f5,1374186716,47.649872,-94.655308,1,0.83864444,1
78434,2020-07-18 23:01:36,2454076758463217,fraud_Bashirian Group,shopping_net,1133.57,Robert,Andrade,M,27720 Martin Hills,Remer,MN,56672,47.0874,-93.9196,2097,Insurance risk surveyor,1987-10-27,0cce1a1eceab279595379dc84d96533f,1374188496,47.275469,-93.430403,1,0.97302127,1
78466,2020-07-18 23:17:18,372509258176510,fraud_Medhurst PLC,shopping_net,815.71,Kristen,Hanson,F,26544 Andrea Glen,Goodrich,MI,48438,42.9147,-83.4845,6951,Learning disability nurse,1985-06-18,8d125c55a9b80f92212f0a7fc7b50180,1374189438,42.14811,-82.664867,0,0.90654325,1
78505,2020-07-18 23:37:00,3534330126107879,"fraud_Quitzon, Green and Bashirian",shopping_pos,742.91,Jeffrey,Smith,M,713 Scott Pike Apt. 712,Bridger,MT,59014,45.2857,-108.9082,1446,Chartered loss adjuster,1978-01-15,e64e044824c37a89d0c53939e36a3bd0,1374190620,44.290493,-108.71719,1,0.7516627,1
78858,2020-07-19 02:39:29,4471568287204,fraud_Lynch Ltd,shopping_pos,2239.64,Dakota,Maldonado,M,369 Cochran Radial,Pelham,NC,27311,36.4899,-79.4736,3402,Insurance underwriter,1927-10-24,2afd34ecede14cc18585eca0e6093d30,1374201569,37.139338,-79.58527600000001,0,0.74514765,1
78873,2020-07-19 02:46:17,2703186189652095,fraud_Lemke-Gutmann,shopping_net,1114.79,Jennifer,Banks,F,561 Perry Cove,Moravian Falls,NC,28654,36.0788,-81.1781,3495,"Psychologist, counselling",1988-03-09,a7ae1548209b1977680d7d05445d058e,1374201977,36.10807,-81.120944,1,0.6091738,1
78881,2020-07-19 02:49:26,375904527651269,fraud_Simonis-Prohaska,misc_pos,1173.25,Ryan,Cook,M,75952 Wilson Course,Roseland,NE,68973,40.4591,-98.5551,463,"Nurse, mental health",1948-05-31,8fbab3232bb18d0674aa8c3b37cdd1e3,1374202166,40.93363,-98.285706,0,0.64112806,1
79112,2020-07-19 04:53:46,30364087349027,fraud_Kris-Weimann,misc_net,660.09,Samuel,Sandoval,M,0005 Morrison Land,Mounds,OK,74047,35.8896,-96.0887,7163,Fitness centre manager,1982-02-05,82ee9428c7323001f2b625d7fbeba538,1374209626,35.328035,-96.325047,0,0.6510606,1
79122,2020-07-19 04:57:20,213113028819344,"fraud_Baumbach, Hodkiewicz and Walsh",shopping_pos,1870.76,Melanie,Jimenez,F,77944 Daniels Valley Suite 921,Camden,NY,13316,43.3392,-75.7543,6460,Building control surveyor,1959-09-27,0c80470199f9a65fea9071cb3a75fa5b,1374209840,43.663069,-75.621002,0,0.72073215,1
79386,2020-07-19 07:10:26,345832460465610,fraud_Turner and Sons,shopping_pos,1143.97,Jason,Mcmahon,M,6385 Donald Square Suite 429,Springfield,VA,22151,38.8029,-77.2116,104396,Production engineer,1950-11-20,5c679631a9c4e44905d0b1dd76ef64dd,1374217826,39.09289,-77.520517,0,0.607286,1
79971,2020-07-19 12:16:57,372509258176510,fraud_Lesch Ltd,shopping_pos,1273.97,Kristen,Hanson,F,26544 Andrea Glen,Goodrich,MI,48438,42.9147,-83.4845,6951,Learning disability nurse,1985-06-18,629cf0d5d73898465eb64f42f4dfea50,1374236217,43.617218,-83.86173199999999,0,0.7955008,1
80207,2020-07-19 13:42:08,372509258176510,"fraud_Romaguera, Cruickshank and Greenholt",shopping_net,1259.64,Kristen,Hanson,F,26544 Andrea Glen,Goodrich,MI,48438,42.9147,-83.4845,6951,Learning disability nurse,1985-06-18,4fef9807e634b94949ecd12ff592bcfa,1374241328,42.867052,-84.112255,0,0.81123155,1
80242,2020-07-19 13:56:56,4957924165498,"fraud_Hahn, Douglas and Schowalter",travel,5186.92,Alan,Parsons,M,0547 Russell Ford Suite 574,Kirk,CO,80824,39.6171,-102.4776,207,Network engineer,1955-12-04,03e91b0b4e348a7361e223a6c45001a7,1374242216,38.647712,-102.577561,0,0.89442575,1
80613,2020-07-19 16:06:25,30270432095985,fraud_Morissette PLC,shopping_pos,995.14,Lisa,Lin,F,908 Brooks Brook,Lomax,IL,61454,40.6761,-91.0391,725,Environmental consultant,1972-11-28,13e977ca0a3e9fa164cbf2f59fa6655b,1374249985,41.423732,-90.837822,0,0.85140246,1
80749,2020-07-19 16:52:12,3534330126107879,"fraud_Reichert, Rowe and Mraz",shopping_net,1022.5,Jeffrey,Smith,M,713 Scott Pike Apt. 712,Bridger,MT,59014,45.2857,-108.9082,1446,Chartered loss adjuster,1978-01-15,67b6463c531115094f3284eabbf77dc2,1374252732,45.113582,-108.650595,1,0.8848407,1
80786,2020-07-19 17:03:19,6506982560413523,fraud_Johnston-Casper,travel,2459.45,Alice,Kemp,F,057 Martinez Radial,Texarkana,AR,71854,33.431,-93.8765,36438,Surgeon,1985-04-15,bdf0f55569eee0827e7378ca9fdfa5fc,1374253399,33.945003,-93.762818,0,0.87150395,1
80925,2020-07-19 17:54:01,4797297220948468262,fraud_Lemke-Gutmann,shopping_net,1026.57,Erica,Briggs,F,3310 Davidson Spurs Apt. 107,Oolitic,IN,47451,38.8938,-86.5246,1228,Counsellor,1991-03-13,8eaf1ad9d814030d3136c915ce37837a,1374256441,38.493253,-85.81348299999999,0,0.8214051,1
80961,2020-07-19 18:06:31,343472729187663,"fraud_Roob, Conn and Tremblay",shopping_pos,829.89,Gloria,Wallace,F,234 Bridges Wells Apt. 389,Center Tuftonboro,NH,3816,43.6849,-71.2551,1368,"Optician, dispensing",1971-08-05,33e30150db593b337cd64dd704a57046,1374257191,43.279548,-71.651533,0,0.6338859,1
81264,2020-07-19 19:49:21,3562679455732797,"fraud_Larson, Quitzon and Spencer",travel,8508.34,Amanda,Jones,F,7320 Jennifer Forges,Queenstown,MD,21658,39.0026,-76.1424,3862,Maintenance engineer,1962-12-06,63220a5fa0baa766b9c6383d4c35773e,1374263361,39.93738,-75.933249,0,0.9141445,1
81378,2020-07-19 20:30:19,3595192916105588,fraud_Roberts-Beahan,misc_pos,661.48,Dustin,Roberts,M,3283 James Station,Fayetteville,NC,28314,35.0583,-79.008,238602,"Scientist, research (maths)",1993-05-14,b7ab67cb373d1eeac0df482dd07e1c66,1374265819,35.598647,-79.266301,0,0.72207236,1
81405,2020-07-19 20:36:54,3508104404056005,fraud_Reichert-Weissnat,travel,1193.5,Michael,Fisher,M,401 Escobar Port,East Troy,WI,53120,42.8035,-88.4092,9679,"Engineer, production",1991-04-11,f6caddf1ae7df0f2b0681a6978cc2465,1374266214,43.195066,-89.350263,0,0.55425507,1
81647,2020-07-19 22:00:56,3534330126107879,fraud_Kuphal-Predovic,misc_net,779.4,Jeffrey,Smith,M,713 Scott Pike Apt. 712,Bridger,MT,59014,45.2857,-108.9082,1446,Chartered loss adjuster,1978-01-15,2bcd83706161cc85fb485696159c0b1e,1374271256,46.115585,-108.565385,1,0.9851494,1
81649,2020-07-19 22:01:11,3567697931646329,fraud_Stamm-Witting,shopping_net,791.99,John,Stevens,M,428 Morgan River,Hudson,NY,12534,42.247,-73.7552,17867,Travel agency manager,1998-07-29,9d620152253879c0de5712e510bed307,1374271271,42.009890000000006,-73.502641,0,0.58341444,1
81662,2020-07-19 22:05:33,4428780983793657331,"fraud_Reichert, Huels and Hoppe",shopping_net,1040.83,Richard,Waters,M,7683 Natasha Way Apt. 945,Waukesha,WI,53186,42.9993,-88.2196,95015,"Therapist, occupational",1946-01-02,71ba289e95b080d29e8d0cc987fc726d,1374271533,42.513649,-88.337195,1,0.9861899,1
81684,2020-07-19 22:13:25,3534330126107879,"fraud_Zboncak, Rowe and Murazik",shopping_net,857.24,Jeffrey,Smith,M,713 Scott Pike Apt. 712,Bridger,MT,59014,45.2857,-108.9082,1446,Chartered loss adjuster,1978-01-15,a47d4329a158dd2c63027c30890be3ed,1374272005,46.047818,-109.446927,1,0.94861025,1
81697,2020-07-19 22:15:59,2454076758463217,fraud_Beier-Hyatt,shopping_pos,795.09,Robert,Andrade,M,27720 Martin Hills,Remer,MN,56672,47.0874,-93.9196,2097,Insurance risk surveyor,1987-10-27,2f0bc836dc7e1d03fafc5ed6878a6029,1374272159,47.158087,-93.759129,1,0.69744843,1
81715,2020-07-19 22:21:21,3534330126107879,fraud_Heaney-Marquardt,entertainment,503.53,Jeffrey,Smith,M,713 Scott Pike Apt. 712,Bridger,MT,59014,45.2857,-108.9082,1446,Chartered loss adjuster,1978-01-15,a4b226b750ab2e04f80c024834977b15,1374272481,44.557191,-107.920422,1,0.9518974,1
81731,2020-07-19 22:26:31,4428780983793657331,fraud_Klocko LLC,misc_net,890.68,Richard,Waters,M,7683 Natasha Way Apt. 945,Waukesha,WI,53186,42.9993,-88.2196,95015,"Therapist, occupational",1946-01-02,84674cce855303c45f6b5964892fd003,1374272791,42.848162,-87.778512,1,0.9921669,1
81736,2020-07-19 22:27:40,4428780983793657331,"fraud_Bernier, Volkman and Hoeger",misc_net,694.13,Richard,Waters,M,7683 Natasha Way Apt. 945,Waukesha,WI,53186,42.9993,-88.2196,95015,"Therapist, occupational",1946-01-02,5048b0028976310e09834403de1bc4cb,1374272860,43.144953,-88.419539,1,0.99304986,1
81775,2020-07-19 22:38:32,375534208663984,"fraud_Reichert, Shanahan and Hayes",shopping_net,1000.47,Tyler,Garcia,M,408 Bradley Rest,Doe Hill,VA,24433,38.4207,-79.4629,99,Dance movement psychotherapist,1986-03-28,8a449d7fd31a1bed7ea3d727aa4df4a6,1374273512,38.442526,-78.556268,1,0.8639443,1
81856,2020-07-19 23:09:05,30131826429364,"fraud_Kuhic, Bins and Pfeffer",shopping_net,647.04,Brianna,Foley,F,57256 Raymond Ports,Knoxville,TN,37932,35.9335,-84.1481,391389,"Designer, industrial/product",1994-04-22,a6c691dafb5f75b56f0e4a36e6998f8c,1374275345,35.799273,-83.846845,0,0.6324727,1
81861,2020-07-19 23:10:40,3534330126107879,fraud_Jast Ltd,shopping_net,843.65,Jeffrey,Smith,M,713 Scott Pike Apt. 712,Bridger,MT,59014,45.2857,-108.9082,1446,Chartered loss adjuster,1978-01-15,814ff486439058aa89b8070b5f962d4e,1374275440,45.933766,-109.034805,1,0.9662448,1
81876,2020-07-19 23:17:07,30074693890476,fraud_Kris-Padberg,shopping_pos,1063.01,Kelsey,Richards,F,889 Sarah Station Suite 624,Holcomb,KS,67851,37.9931,-100.9893,2691,Arboriculturist,1993-08-16,764b466b7eea49536c34325da53076e5,1374275827,38.205172,-101.457407,0,0.9201107,1
81909,2020-07-19 23:25:55,3534330126107879,"fraud_Heathcote, Yost and Kertzmann",shopping_net,723.15,Jeffrey,Smith,M,713 Scott Pike Apt. 712,Bridger,MT,59014,45.2857,-108.9082,1446,Chartered loss adjuster,1978-01-15,4f1077d7caab592a698de7ec0bffb2c9,1374276355,45.866906,-108.50611200000002,1,0.9502389,1
81960,2020-07-19 23:45:30,375534208663984,fraud_Kuhic LLC,shopping_net,1036.64,Tyler,Garcia,M,408 Bradley Rest,Doe Hill,VA,24433,38.4207,-79.4629,99,Dance movement psychotherapist,1986-03-28,88156d1e6a4068c0a4e37100d3c57e80,1374277530,38.650959,-79.825939,1,0.9182566,1
81979,2020-07-19 23:55:53,4428780983793657331,"fraud_Little, Gutmann and Lynch",shopping_net,1068.32,Richard,Waters,M,7683 Natasha Way Apt. 945,Waukesha,WI,53186,42.9993,-88.2196,95015,"Therapist, occupational",1946-01-02,9ad5f1ab3c823bef5599438aa341ae99,1374278153,42.727735,-88.40260500000001,1,0.98801416,1
81992,2020-07-20 00:00:52,2268221587779419,fraud_Mante Group,misc_net,707.11,Peggy,Berry,F,517 Vasquez Lodge,Vancouver,WA,98665,45.6892,-122.6616,299480,Teaching laboratory technician,1985-01-02,bdcf069b640bdfedcca63e529c0d9205,1374278452,44.993214,-123.335403,1,0.7796037,1
82009,2020-07-20 00:06:38,2268221587779419,"fraud_Towne, Greenholt and Koepp",shopping_net,967.39,Peggy,Berry,F,517 Vasquez Lodge,Vancouver,WA,98665,45.6892,-122.6616,299480,Teaching laboratory technician,1985-01-02,afe3b8a3dd4e23951963ffcfa5f6668f,1374278798,46.221079,-123.626395,1,0.5448595,1
82091,2020-07-20 00:43:01,4640395708703,"fraud_Tillman, Fritsch and Schmitt",misc_net,690.89,Melissa,Krause,F,67632 Martin Gateway,Fordoche,LA,70732,30.6576,-91.6264,1178,Community education officer,1951-06-13,141c8ea80364a63cc1d4262b197dca65,1374280981,30.273111,-92.34008,0,0.7515684,1
82260,2020-07-20 02:04:21,180046765320457,fraud_Hermann-Gaylord,misc_pos,536.15,Jared,Camacho,M,4257 Perez Mall,Canton,OH,44702,40.8027,-81.3739,192805,Building control surveyor,1963-06-30,45114786566984a6d91749cd3a427c14,1374285861,41.12396,-82.135462,0,0.59912175,1
82431,2020-07-20 03:27:12,584673555952,fraud_Kerluke PLC,misc_net,845.12,Jessica,Jordan,F,071 Wise Trace,Coleharbor,ND,58531,47.5196,-101.2332,307,Make,1930-08-13,755b9ae5275a4ae45525714092703421,1374290832,47.325809,-100.612642,0,0.72970265,1
82519,2020-07-20 04:10:50,377113842678100,fraud_Kris-Weimann,misc_net,474.12,Billy,Gallagher,M,673 Delgado Burg,Greenwich,NJ,8323,39.4055,-75.3209,804,Insurance risk surveyor,1965-03-25,3bd665a1ca51a24ffd97a3c86bdd1049,1374293450,39.439616,-74.998987,0,0.73177326,1
82563,2020-07-20 04:27:17,4855853415727304322,fraud_Kerluke-Abshire,shopping_net,1528.76,Justin,Aguilar,M,184 Miller Manors,Wittenberg,WI,54499,44.8232,-89.1665,3223,Senior tax professional/tax inspector,1954-06-30,09979922f0599f380a8e560090de5c1a,1374294437,44.900321000000005,-89.009941,0,0.6439998,1
82732,2020-07-20 05:57:14,4069975342931683,fraud_McGlynn-Heathcote,misc_net,775.8,Kimberly,Martin,F,1943 Dennis Inlet Suite 145,Hurricane,WV,25526,38.4257,-81.9943,21902,Sub,1980-09-18,cbfd485dba54bb9ec4840fe6e79fd621,1374299834,38.385166,-81.0495,0,0.68927175,1
82864,2020-07-20 06:55:07,3562679455732797,fraud_Kuphal-Bartoletti,misc_net,724.16,Amanda,Jones,F,7320 Jennifer Forges,Queenstown,MD,21658,39.0026,-76.1424,3862,Maintenance engineer,1962-12-06,3d4c1066eb971973c93915c718ad800d,1374303307,38.991962,-76.192073,0,0.63338876,1
83662,2020-07-20 12:38:09,4191109180926792,"fraud_Schmeler, Bashirian and Price",shopping_net,1237.56,Jennifer,Spencer,F,477 Wheeler Burg,Amanda,OH,43102,39.6251,-82.7552,4512,Farm manager,1992-10-03,9b2d51159e449c075aacebb901cfc124,1374323889,40.319603,-81.78697700000001,0,0.7081411,1
84236,2020-07-20 15:21:56,343472729187663,fraud_Hills-Witting,shopping_net,2848.31,Gloria,Wallace,F,234 Bridges Wells Apt. 389,Center Tuftonboro,NH,3816,43.6849,-71.2551,1368,"Optician, dispensing",1971-08-05,de83bc639bdf730f2e5bec33131012bf,1374333716,44.022005,-71.595662,0,0.9100904,1
84440,2020-07-20 16:20:30,3529597810116815,fraud_Barrows PLC,shopping_pos,978.73,Pamela,Curtis,F,8969 Fuentes Station Apt. 291,Mill Creek,PA,17060,40.4679,-77.8967,1334,Archaeologist,1986-12-17,a805d98b5d512a4fa99de457a7ae84c1,1374337230,41.149552,-78.47495,0,0.5354216,1
84689,2020-07-20 17:30:01,180084576295055,fraud_Romaguera and Sons,travel,1839.19,David,Kirby,M,133 Alyssa Plains,Lolita,TX,77971,28.7724,-96.4793,911,Archaeologist,1970-01-18,3b60630e5f14dd11727abe496cd8a16a,1374341401,28.086989000000003,-97.443828,0,0.8045884,1
84767,2020-07-20 17:49:20,4997733566924489,fraud_Jast Ltd,shopping_net,558.13,Stephanie,Taylor,F,598 Martin Pine Suite 365,Saint Paul,MN,55128,44.9913,-92.9487,753116,Fisheries officer,1971-08-06,6a0e760d771f95cca88d80991b364c12,1374342560,45.192716,-92.706913,0,0.50057185,1
85480,2020-07-20 21:11:18,3527536963490470,fraud_Gislason Group,misc_pos,1184.55,Teresa,Stein,F,2838 White Fields Apt. 473,Brunson,SC,29911,32.9413,-81.1807,1725,Social researcher,1974-12-05,11cb7eddb06c0de5c2b0834301004287,1374354678,32.577421,-81.090271,0,0.9726857,1
85650,2020-07-20 22:00:44,375534208663984,fraud_Beier-Hyatt,shopping_pos,768.27,Tyler,Garcia,M,408 Bradley Rest,Doe Hill,VA,24433,38.4207,-79.4629,99,Dance movement psychotherapist,1986-03-28,9d6e31b4112884d09342eb612fd4a410,1374357644,37.906677,-79.12953900000001,1,0.59311604,1
85669,2020-07-20 22:05:35,375534208663984,"fraud_Ruecker, Beer and Collier",shopping_net,1152.49,Tyler,Garcia,M,408 Bradley Rest,Doe Hill,VA,24433,38.4207,-79.4629,99,Dance movement psychotherapist,1986-03-28,7dfa0c04f69b0b82875e6fd6134c6f9e,1374357935,38.877282,-79.924397,1,0.96600103,1
85670,2020-07-20 22:05:45,375534208663984,fraud_Durgan-Auer,misc_net,920.6,Tyler,Garcia,M,408 Bradley Rest,Doe Hill,VA,24433,38.4207,-79.4629,99,Dance movement psychotherapist,1986-03-28,880e729d8adabcac2c9f0610b52ff14a,1374357945,38.831006,-79.108034,1,0.9713179,1
85691,2020-07-20 22:12:37,4428780983793657331,fraud_O'Keefe-Hudson,grocery_pos,304.85,Richard,Waters,M,7683 Natasha Way Apt. 945,Waukesha,WI,53186,42.9993,-88.2196,95015,"Therapist, occupational",1946-01-02,063cb6f35ed1f048c4d80a59093826b8,1374358357,43.126331,-88.10964,1,0.86157936,1
85700,2020-07-20 22:14:53,4225990116481262579,"fraud_Ferry, Lynch and Kautzer",misc_net,866.99,Brian,Simpson,M,2711 Duran Pines,Honokaa,HI,96727,20.0827,-155.488,4878,Physiotherapist,1966-12-03,5f9ddb00cb52b8b3570209af2dd0f7a2,1374358493,20.990102,-154.986614,1,0.53772247,1
85845,2020-07-20 22:54:24,2283743876903625,fraud_Spencer-Runolfsson,misc_pos,724.39,Shannon,Williams,F,9345 Spencer Junctions Suite 183,Alpharetta,GA,30009,34.077,-84.3033,165556,Prison officer,1997-12-27,e97e8beba63a963afa79cad1f95d1518,1374360864,35.073475,-84.745832,0,0.8013977,1
85863,2020-07-20 23:00:39,4428780983793657331,fraud_Boyer PLC,shopping_net,995.02,Richard,Waters,M,7683 Natasha Way Apt. 945,Waukesha,WI,53186,42.9993,-88.2196,95015,"Therapist, occupational",1946-01-02,9fc83f489f0012616b4d6fd64a755b8d,1374361239,43.29782,-87.30996800000001,1,0.985719,1
85879,2020-07-20 23:05:14,4428780983793657331,"fraud_Kihn, Abernathy and Douglas",shopping_net,960.91,Richard,Waters,M,7683 Natasha Way Apt. 945,Waukesha,WI,53186,42.9993,-88.2196,95015,"Therapist, occupational",1946-01-02,91d495ec9b58c64a5815c3c4af86f148,1374361514,42.027111,-88.529956,1,0.9877351,1
85939,2020-07-20 23:25:24,676369110710,fraud_Corwin-Romaguera,travel,4088.92,David,Wolfe,M,81261 Garcia Underpass Suite 741,Southfield,MI,48034,42.4969,-83.2911,75830,"Engineer, automotive",1974-12-28,7191277a24f16a575010b8650a5fa0bc,1374362724,42.122046000000005,-83.427842,0,0.9405327,1
85967,2020-07-20 23:35:37,4428780983793657331,fraud_Kerluke-Abshire,shopping_net,1076.88,Richard,Waters,M,7683 Natasha Way Apt. 945,Waukesha,WI,53186,42.9993,-88.2196,95015,"Therapist, occupational",1946-01-02,c62355b0854c230cf9da86a158dfc6da,1374363337,43.725099,-88.99354100000001,1,0.9884609,1
86150,2020-07-21 00:49:22,4797297220948468262,"fraud_Kuhic, Bins and Pfeffer",shopping_net,758.2,Erica,Briggs,F,3310 Davidson Spurs Apt. 107,Oolitic,IN,47451,38.8938,-86.5246,1228,Counsellor,1991-03-13,1304671b6058fadb43f297b97ae419ff,1374367762,38.468934,-86.302768,1,0.79888994,1
86238,2020-07-21 01:32:19,4428780983793657331,fraud_Lynch Ltd,shopping_pos,1645.28,Richard,Waters,M,7683 Natasha Way Apt. 945,Waukesha,WI,53186,42.9993,-88.2196,95015,"Therapist, occupational",1946-01-02,e195764ee37373e25f4ed63ee75f5f4b,1374370339,43.63371,-87.84026800000001,0,0.5775497,1
86283,2020-07-21 01:54:47,4874017206859125,fraud_Schmidt and Sons,shopping_net,952.53,Lauren,Williams,F,065 Jones Stravenue,Lake Oswego,OR,97034,45.4093,-122.6847,42817,Planning and development surveyor,1982-05-28,8a30c1f1f5ad3b1cbdfae8644eed6201,1374371687,46.359524,-123.032119,1,0.5143484,1
86359,2020-07-21 02:27:19,3547560454237873,fraud_Hermann-Gaylord,misc_pos,1543.0,Jerry,Robinson,M,212 Mary Stream,Arcadia,MI,49613,44.5232,-86.2061,680,"Designer, jewellery",1966-12-21,7bbca10a154cd491e820fccc5b64dc46,1374373639,44.116911,-85.712965,0,0.6732806,1
86864,2020-07-21 06:04:02,4981132848794,fraud_Volkman Ltd,misc_net,415.73,Joseph,Spencer,M,7854 Stephanie Island Suite 788,Holloway,OH,43985,40.0113,-80.9701,128,Child psychotherapist,1946-04-03,0ef1f91dd9574197186b19ccb5c43a09,1374386642,39.535772,-80.12586800000001,0,0.6595,1
87098,2020-07-21 07:58:31,2576709887791552,fraud_McGlynn-Jaskolski,misc_pos,532.54,Joseph,Morgan,M,126 Underwood Drive,San Diego,CA,92128,33.0067,-117.069,1241364,Chartered public finance accountant,1959-08-05,d70423505ab9371f94fdb8d2ee8d27a2,1374393511,33.509395,-117.989991,0,0.62193215,1
87382,2020-07-21 10:18:38,4769426683924058915,"fraud_Rohan, White and Aufderhar",misc_net,690.28,Andrea,Cruz,F,26572 Hodge Villages Suite 512,Mifflin,PA,17058,40.5553,-77.4001,1909,Mining engineer,1954-08-22,717c17f018a35739e3667682f8da4d7f,1374401918,39.698774,-78.327946,0,0.766969,1
87606,2020-07-21 12:01:13,630451534402,fraud_Ankunding-Carroll,travel,3281.71,Rachel,Daniels,F,561 Little Plain Apt. 738,Wetmore,MI,49895,46.3535,-86.6345,765,Immunologist,1972-06-12,35f7d6346a998e690fb0395b98d251e0,1374408073,47.11873,-86.585217,0,0.8501075,1
87643,2020-07-21 12:13:36,30235438713303,"fraud_Kerluke, Considine and Macejkovic",misc_net,811.45,James,Baldwin,M,3603 Mitchell Court,Winfield,WV,25213,38.5072,-81.89,5512,Exhibition designer,1980-03-24,014019287afe680e698414b3ca38dc09,1374408816,37.583384,-82.00600899999999,0,0.6898715,1
87726,2020-07-21 12:40:24,4147608975828480,"fraud_Schroeder, Hauck and Treutel",entertainment,374.64,Edward,Tapia,M,354 Gutierrez Gateway,Comfrey,MN,56019,44.1111,-94.9134,914,Health and safety adviser,1944-07-26,bb1606ce20826844861c0267f8864b1a,1374410424,43.428357,-94.999789,0,0.5174446,1
87794,2020-07-21 13:01:31,3598895972308782,"fraud_Ritchie, Oberbrunner and Cremin",travel,12882.33,Kenneth,Richards,M,994 Livingston Extensions Suite 918,Norwalk,OH,44857,41.2403,-82.6078,23805,Copy,1970-02-22,37396c884a1523886312a237254dd241,1374411691,40.4245,-82.47596800000001,0,0.88769454,1
88685,2020-07-21 17:31:46,2235613922823698,fraud_Thiel PLC,misc_pos,614.06,Melissa,Mcclure,F,2027 Snyder Track,Manville,WY,82227,42.73,-104.7024,241,Educational psychologist,1980-12-16,2400917e7dc6440ae5bf71c325109bd5,1374427906,41.985707,-104.782188,0,0.69433725,1
88829,2020-07-21 18:18:10,6011893664860915,fraud_Jast Ltd,shopping_net,1043.19,Erin,Chavez,F,3379 Williams Common,Littleton,CO,80120,39.5994,-105.0044,320420,Water engineer,1975-07-31,d278c62e3b83bdcfeda8c995a9bab7b2,1374430690,39.871375,-105.903842,0,0.9152399,1
89326,2020-07-21 20:54:27,3531129874770000,fraud_Kuhn LLC,shopping_pos,1013.29,Shelby,Mitchell,F,974 Cindy Stream,Brandon,VT,5733,43.8065,-73.0882,5895,"Scientist, marine",1975-07-13,48507d2af8ef1256aee74ecc3a0613ca,1374440067,44.698511,-73.395917,0,0.74648356,1
89387,2020-07-21 21:14:18,5104807169438134,fraud_Kris-Padberg,shopping_pos,2083.02,Regina,Johnston,F,641 Steven Mall Apt. 299,Westhampton Beach,NY,11978,40.8295,-72.6473,3255,Financial trader,1978-07-08,049c04a6dd034f7ab3de3957d42dcff2,1374441258,40.297743,-72.038414,0,0.96280646,1
89530,2020-07-21 21:54:29,342952484382519,"fraud_Baumbach, Strosin and Nicolas",shopping_pos,770.58,Kayla,Jones,F,6033 Young Track Suite 804,East Canaan,CT,6024,42.0158,-73.2913,647,Comptroller,1987-09-26,8685272b6bba8c53244538de76f8dace,1374443669,41.928566,-73.595279,0,0.5244277,1
89577,2020-07-21 22:08:52,5456712664803820,fraud_Lind-Buckridge,entertainment,319.3,Pamela,Matthews,F,36659 Smith Club Apt. 080,Llano,NM,87543,36.1486,-105.6648,247,Architectural technologist,1961-10-24,467ca1a3ac4a085b8323033c52cf6d01,1374444532,36.811296,-105.069816,0,0.8086786,1
89667,2020-07-21 22:36:11,345389171551808,fraud_Gleason-Macejkovic,shopping_net,1068.31,Justin,Fowler,M,5569 Phillips Neck Apt. 003,Coffeeville,MS,38922,33.9215,-89.6782,3451,Financial trader,1984-05-19,cd28aeec8c2d9100265a91206d27a83c,1374446171,33.245501000000004,-90.240373,0,0.9319939,1
89855,2020-07-21 23:28:47,3583793405872580,"fraud_Bernier, Volkman and Hoeger",misc_net,444.33,Beth,Lambert,F,6447 Johnson Estates Apt. 986,Roosevelt,OK,73564,34.847,-98.9836,551,Amenity horticulturist,1970-09-27,32f3a94df9f05ebf8a4791c19441313c,1374449327,34.579715,-98.237698,0,0.9671254,1
89939,2020-07-21 23:54:26,4797297220948468262,fraud_Cruickshank-Mills,entertainment,547.99,Erica,Briggs,F,3310 Davidson Spurs Apt. 107,Oolitic,IN,47451,38.8938,-86.5246,1228,Counsellor,1991-03-13,4bd7db50ab7fd4ffbf14e4199e0ae4a2,1374450866,38.00437,-87.02705300000001,1,0.93698317,1
89997,2020-07-22 00:34:07,4839615922685395,fraud_Spencer-Runolfsson,misc_pos,696.73,Phillip,Robertson,M,85344 Smith Gateway Apt. 280,Harrodsburg,IN,47434,39.013000000000005,-86.5457,76,Social researcher,1955-05-06,4f46af03fafc52159fcd6f9eb4776f63,1374453247,39.017188,-87.033611,0,0.595439,1
90006,2020-07-22 00:39:35,4797297220948468262,fraud_McCullough LLC,misc_pos,789.86,Erica,Briggs,F,3310 Davidson Spurs Apt. 107,Oolitic,IN,47451,38.8938,-86.5246,1228,Counsellor,1991-03-13,b8ab28a57adab274e324b6ee3f3686ff,1374453575,39.203152,-87.41735200000001,1,0.8643701,1
90113,2020-07-22 02:21:28,3523843138706408,"fraud_Jones, Sawayn and Romaguera",misc_net,1018.54,Grace,Williams,F,28812 Charles Mill Apt. 628,Plantersville,AL,36758,32.6176,-86.9475,1412,Drilling engineer,1970-11-20,b8adb33f5cc7294c61f981a6a128fdf6,1374459688,32.605623,-86.513571,0,0.6999708,1
90205,2020-07-22 04:08:45,571365235126,"fraud_Hayes, Marquardt and Dibbert",misc_net,641.61,Barbara,Taylor,F,0069 Robin Brooks Apt. 695,Elberta,MI,49628,44.5995,-86.2141,372,"Exhibitions officer, museum/gallery",1995-07-12,0e6cf8b4b3d6c1d7a81f1fe7968dc3d1,1374466125,45.493502,-86.924442,0,0.78378063,1
90342,2020-07-22 06:19:41,2268221587779419,fraud_Ruecker Group,misc_net,559.35,Peggy,Berry,F,517 Vasquez Lodge,Vancouver,WA,98665,45.6892,-122.6616,299480,Teaching laboratory technician,1985-01-02,d6634b6a954cb6fa093af2141bb1ca7c,1374473981,45.258163,-122.411693,0,0.5384908,1
90660,2020-07-22 11:34:09,4060579726528237,fraud_Williamson LLC,misc_pos,866.77,Steven,Sanders,M,25955 Amy Via,Ozawkie,KS,66070,39.2136,-95.4404,2661,Theatre director,1948-11-14,35d61de2afc17b275bd5e3b3030b97fe,1374492849,39.706814,-95.683942,0,0.8364591,1
91061,2020-07-22 16:11:14,60416207185,"fraud_Ferry, Lynch and Kautzer",misc_net,797.1,Mary,Diaz,F,9886 Anita Drive,Fort Washakie,WY,82514,43.0048,-108.8964,1645,Information systems manager,1986-02-17,bbe2b493588a7806e7f8d551d0d33a77,1374509474,42.235318,-108.261356,0,0.8772248,1
91637,2020-07-22 22:36:12,4195740185974,"fraud_Rohan, White and Aufderhar",misc_net,897.8,Benjamin,Robinson,M,0701 John Ranch,Portland,OR,97210,45.5303,-122.7033,841711,"Engineer, building services",1963-04-04,0916d6c3e5a18e696b01b30b1d5df98c,1374532572,45.545722,-123.244956,1,0.98917234,1
91664,2020-07-22 22:52:00,4195740185974,fraud_Jast Ltd,shopping_net,993.91,Benjamin,Robinson,M,0701 John Ranch,Portland,OR,97210,45.5303,-122.7033,841711,"Engineer, building services",1963-04-04,6bf65abccea83315a328da17fbd55642,1374533520,45.551237,-123.655281,1,0.9827545,1
91711,2020-07-22 23:31:15,4195740185974,"fraud_Towne, Greenholt and Koepp",shopping_net,1078.15,Benjamin,Robinson,M,0701 John Ranch,Portland,OR,97210,45.5303,-122.7033,841711,"Engineer, building services",1963-04-04,096a24104b0705dfad38a1e4219ebca7,1374535875,44.616924,-122.043982,1,0.98697054,1
91834,2020-07-23 01:03:12,180069253480336,"fraud_Baumbach, Strosin and Nicolas",shopping_pos,3887.64,William,Hunter,M,5036 Victoria Ports Suite 249,Emporium,PA,15834,41.5177,-78.2536,4533,Public affairs consultant,1969-11-01,3dc23caa350287f48cc199c8397207b4,1374541392,41.750104,-79.148202,0,0.7804203,1
91855,2020-07-23 01:25:46,180069253480336,"fraud_Roob, Conn and Tremblay",shopping_pos,2204.19,William,Hunter,M,5036 Victoria Ports Suite 249,Emporium,PA,15834,41.5177,-78.2536,4533,Public affairs consultant,1969-11-01,ffba5ffdda87610160ac283764027a75,1374542746,42.332538,-77.941187,0,0.68164057,1
91894,2020-07-23 01:56:32,180067151859700,fraud_Kuphal-Predovic,misc_net,603.17,Karen,Ryan,F,82468 Michelle Village Suite 556,Joliet,IL,60432,41.5378,-88.0572,128354,"Teacher, secondary school",1992-01-20,bcc5f9ae03e33d9c156bb52a15eb063b,1374544592,41.170688,-89.050135,0,0.8635114,1
92286,2020-07-23 07:17:39,676245600876,fraud_Dickinson-Rempel,misc_pos,883.18,Ashley,Blanchard,F,292 Lowe Dam Suite 858,West Palm Beach,FL,33417,26.7197,-80.1248,459921,Historic buildings inspector/conservation officer,1960-06-14,b18de59b3105056e1265f67578a06543,1374563859,27.128616,-80.133503,0,0.57581663,1
92334,2020-07-23 07:59:54,4005676619255478,"fraud_Hayes, Marquardt and Dibbert",misc_net,517.28,William,Perry,M,458 Phillips Island Apt. 768,Denham Springs,LA,70726,30.459,-90.9027,71335,Herbalist,1994-05-31,bc58e0e440e0bb3281c8bf56aca38c6d,1374566394,30.964663,-91.712611,0,0.5093778,1
92417,2020-07-23 09:18:16,377895991033232,"fraud_Turner, Ruecker and Parisian",misc_pos,812.2,Kimberly,Myers,F,6881 King Isle Suite 228,Higganum,CT,6441,41.4682,-72.5751,5438,"Librarian, academic",1964-11-17,bc3d90f8b907d270adcf4a383a4a8979,1374571096,40.705039,-73.15064,0,0.53316265,1
92439,2020-07-23 09:31:15,374656033243756,"fraud_Kerluke, Kertzmann and Wiza",misc_net,1016.35,David,Lewis,M,1499 Michael Rue,Arlington,VA,22213,38.8954,-77.1633,207410,Mudlogger,1984-07-03,6af780e80526685ab697607d5631bd25,1374571875,39.839842,-76.568343,0,0.73562574,1
92842,2020-07-23 14:09:12,3504178999463051,fraud_Goyette Inc,shopping_net,954.08,Drew,Garcia,M,70858 Jasmine Meadows Apt. 135,Lima,OH,45801,40.7641,-84.0973,86954,"Copywriter, advertising",1992-07-23,e5bcedef80eb414758c6918c28e771cc,1374588552,41.736711,-83.115073,0,0.57442164,1
93043,2020-07-23 16:11:33,374930071163758,fraud_Stamm-Witting,shopping_net,2702.98,Daniel,Escobar,M,61390 Hayes Port,Romulus,MI,48174,42.2203,-83.3583,31515,Police officer,1971-11-05,7dca553883b10c56eb487a370a7fcc31,1374595893,43.17547,-82.815014,0,0.91568106,1
93050,2020-07-23 16:17:30,3527536963490470,fraud_Terry-Huel,shopping_net,911.65,Teresa,Stein,F,2838 White Fields Apt. 473,Brunson,SC,29911,32.9413,-81.1807,1725,Social researcher,1974-12-05,a56a2405c81877a030128106bab670a6,1374596250,33.604968,-81.622303,0,0.7034507,1
93166,2020-07-23 17:23:55,30199621383748,"fraud_Hagenes, Hermann and Stroman",travel,3390.34,Theresa,Powell,F,117 Natasha Vista Suite 936,Leonard,TX,75452,33.4044,-96.2238,4090,Sub,1977-03-23,948028d53de0a08c1d446465884270c6,1374600235,33.875083000000004,-96.158427,0,0.8882427,1
93626,2020-07-23 22:06:29,4195740185974,"fraud_Kerluke, Considine and Macejkovic",misc_net,716.45,Benjamin,Robinson,M,0701 John Ranch,Portland,OR,97210,45.5303,-122.7033,841711,"Engineer, building services",1963-04-04,293ee1a4bea32eae3ea12e769c16ef64,1374617189,44.62066,-122.081829,1,0.99126244,1
93728,2020-07-23 23:05:05,4195740185974,fraud_Lemke-Gutmann,shopping_net,1042.2,Benjamin,Robinson,M,0701 John Ranch,Portland,OR,97210,45.5303,-122.7033,841711,"Engineer, building services",1963-04-04,88bce5e3c5f6e0cd0cf3aaa48be41441,1374620705,45.053654,-121.732743,1,0.9861091,1
93751,2020-07-23 23:16:22,4961003488432306,"fraud_Daugherty, Pouros and Beahan",shopping_pos,750.68,Stacy,Walsh,F,324 Donna Ridge Suite 651,Cressona,PA,17929,40.6284,-76.195,1606,Ecologist,1966-05-10,0d91b7bc60cb68e95612bfaf9b89b048,1374621382,41.43607,-76.939601,1,0.8224213,1
93774,2020-07-23 23:30:23,4195740185974,"fraud_Schuppe, Nolan and Hoeger",shopping_pos,865.11,Benjamin,Robinson,M,0701 John Ranch,Portland,OR,97210,45.5303,-122.7033,841711,"Engineer, building services",1963-04-04,20bd84c2f0016403e50992200d04b706,1374622223,44.819798,-121.749408,1,0.975072,1
93776,2020-07-23 23:31:12,4961003488432306,"fraud_Kuhic, Bins and Pfeffer",shopping_net,943.97,Stacy,Walsh,F,324 Donna Ridge Suite 651,Cressona,PA,17929,40.6284,-76.195,1606,Ecologist,1966-05-10,84fd6da4dfd98fa7255bccf45025ea77,1374622272,40.016579,-75.221864,1,0.9665485,1
93988,2020-07-24 02:03:57,2235613922823698,fraud_Kuphal-Predovic,misc_net,477.49,Melissa,Mcclure,F,2027 Snyder Track,Manville,WY,82227,42.73,-104.7024,241,Educational psychologist,1980-12-16,2af6256f1694042bf64f20087ebb9538,1374631437,41.876501,-103.861381,0,0.6291312,1
94413,2020-07-24 07:00:12,375904527651269,fraud_Huel Ltd,misc_net,437.96,Ryan,Cook,M,75952 Wilson Course,Roseland,NE,68973,40.4591,-98.5551,463,"Nurse, mental health",1948-05-31,7bf215f9fdd3e0ce4ba7985ee5848e51,1374649212,41.008955,-97.808962,0,0.52601546,1
94557,2020-07-24 08:47:27,4482427013979020,fraud_Volkman Ltd,misc_net,1989.08,Leslie,Ford,F,4938 Hatfield Course,Henderson,WV,25106,38.8265,-82.1364,642,Building services engineer,1946-08-30,b72c1619fec4563f175ecb2909bbc535,1374655647,37.961864,-81.700055,0,0.8842702,1
94562,2020-07-24 08:51:31,5104807169438134,fraud_Jaskolski-Vandervort,misc_net,778.13,Regina,Johnston,F,641 Steven Mall Apt. 299,Westhampton Beach,NY,11978,40.8295,-72.6473,3255,Financial trader,1978-07-08,2757671ecfa6f56d104b20868b525b0f,1374655891,40.351166,-72.472764,0,0.67834806,1
94603,2020-07-24 09:23:33,4586260469584,fraud_Brown PLC,misc_net,446.07,Melody,Thompson,F,0362 Anderson Wall,Mound City,MO,64470,40.1362,-95.2138,1631,Architect,1953-01-20,08c167e5b6fdb581c4960aff94206948,1374657813,40.049164000000005,-95.777162,0,0.5550635,1
94733,2020-07-24 10:56:17,344709867813900,"fraud_Hayes, Marquardt and Dibbert",misc_net,855.62,Joanna,Hudson,F,2924 Bobby Trafficway,Sebring,FL,33872,27.4703,-81.4872,50835,Environmental consultant,1986-01-30,9697097ef60463f8adcfb4c118a6c5e2,1374663377,27.098581,-81.841971,0,0.5601743,1
95304,2020-07-24 15:56:07,4560004149983868183,fraud_Boyer PLC,shopping_net,869.99,Stacy,Villegas,F,20581 Pena Walks,Colorado Springs,CO,80951,38.8881,-104.6556,525713,Museum/gallery exhibitions officer,1992-05-09,f2eca1f9d89d7d726f8c8f8ff0fc02d3,1374681367,39.197428,-105.162817,0,0.69182616,1
95549,2020-07-24 17:59:45,343746486082492,fraud_Boyer-Reichert,shopping_net,2243.66,Jeffrey,Munoz,M,836 Stephanie Union,Cedar,MI,49621,44.8605,-85.8138,3096,"Social research officer, government",1975-10-11,a57ad37d762914ca1276b2d6b2152fbe,1374688785,44.538467,-86.252274,0,0.9450903,1
96018,2020-07-24 22:11:54,3599237318576484,"fraud_Schroeder, Hauck and Treutel",entertainment,246.32,Jessica,Smith,F,06808 Ryan Valleys,Dubre,KY,42731,36.8421,-85.5396,341,Insurance risk surveyor,1932-11-19,588c28818917ac7ab416ffc27ab94b7f,1374703914,36.207758,-84.823451,0,0.8606753,1
96035,2020-07-24 22:21:15,6011652924285713,fraud_Turcotte-Halvorson,misc_pos,466.85,Kathryn,Smith,F,19838 Tonya Prairie Apt. 947,Rocky Mount,MO,65072,38.2911,-92.7059,1847,Tax inspector,1988-10-26,8f618b607a31df17129efdb86be0af39,1374704475,38.644258,-92.030966,0,0.6312061,1
96065,2020-07-24 22:38:53,4961003488432306,fraud_Ankunding LLC,shopping_net,1080.78,Stacy,Walsh,F,324 Donna Ridge Suite 651,Cressona,PA,17929,40.6284,-76.195,1606,Ecologist,1966-05-10,e3998478be73498c453dff6ae7fd4a5d,1374705533,39.902246000000005,-77.110446,1,0.97043175,1
96312,2020-07-25 01:05:19,4428154703770710,fraud_Volkman Ltd,misc_net,590.57,Brittany,Guerra,F,79209 Gary Dale,Colton,WA,99113,46.5901,-117.1692,761,Chief Marketing Officer,1943-06-30,37773f71dea631e946428d100fdb8dcc,1374714319,47.450617,-116.924634,0,0.6258938,1
96335,2020-07-25 01:22:06,3537797820923602,fraud_Donnelly PLC,misc_net,587.74,Christie,Mendoza,F,53142 Katrina Roads Suite 889,Monitor,WA,98836,47.4852,-120.4158,584,Medical technical officer,1969-03-20,bc390e775049fd33e57f65472a731022,1374715326,47.883811,-120.235072,0,0.58379364,1
96707,2020-07-25 06:38:21,4430881574719618,fraud_Hamill-Daugherty,misc_net,471.73,Alicia,Morales,F,4456 Dunn Roads,Meredith,CO,81642,39.3199,-106.6596,61,Public relations account executive,1939-11-04,bc22ad9836c4a8f1d532cd03801be205,1374734301,39.762547,-107.095877,0,0.55684984,1
97413,2020-07-25 14:55:52,4653879239169997,fraud_Jast-McDermott,shopping_pos,1309.95,Monica,Tucker,F,302 Christina Islands,Smiths Grove,KY,42171,37.0581,-86.1938,6841,"Therapist, sports",1999-06-06,91e9b53477486e85b1a06400ac027d3c,1374764152,38.044045,-86.740851,0,0.7799792,1
98003,2020-07-25 19:47:38,6011438889172900,fraud_Heathcote LLC,shopping_net,1156.63,Allison,Allen,F,40624 Rebecca Spurs,De Witt,AR,72042,34.2853,-91.3336,5161,Electrical engineer,1993-04-08,4baf96691dad0167ca3e71ee01a12e6f,1374781658,35.200678,-91.242414,0,0.8766309,1
98257,2020-07-25 21:43:42,38014427445058,fraud_Jast Ltd,shopping_net,974.65,Sonya,Jensen,F,4470 Jillian Courts,Adams,WI,53910,43.8967,-89.8219,3508,Sport and exercise psychologist,1946-08-11,59150de6c122d18f500f13f31cff1078,1374788622,43.031695,-89.14931700000001,1,0.9789271,1
98357,2020-07-25 22:35:50,4584931703207308232,"fraud_Reichert, Huels and Hoppe",shopping_net,806.86,Amanda,Gomez,F,8152 Brittany Centers,Dallas,TX,75218,32.8463,-96.6972,1263321,"Designer, ceramics/pottery",1975-04-16,26dbf8a464e0fc9474264a77fbae0c4e,1374791750,33.501193,-97.443551,0,0.95676494,1
98421,2020-07-25 23:06:21,38014427445058,fraud_Volkman Ltd,misc_net,794.73,Sonya,Jensen,F,4470 Jillian Courts,Adams,WI,53910,43.8967,-89.8219,3508,Sport and exercise psychologist,1946-08-11,e57a9eba0628008209895fb0b6cf4ec1,1374793581,43.661381,-90.403337,1,0.99226487,1
98451,2020-07-25 23:29:36,38014427445058,fraud_Mante Group,misc_net,782.49,Sonya,Jensen,F,4470 Jillian Courts,Adams,WI,53910,43.8967,-89.8219,3508,Sport and exercise psychologist,1946-08-11,4242886ae379ee92687c4eeea3bea20c,1374794976,43.135627,-88.984003,1,0.992649,1
99080,2020-07-26 05:07:05,180065479077096,fraud_Bogisich-Homenick,misc_net,905.99,Krystal,Gamble,F,47152 Clayton Burg,Manchester,MD,21102,39.6747,-76.8941,11751,Clinical research associate,1964-02-15,273fc96b2a58d255b6a289bf6d82b034,1374815225,39.359872,-76.725076,0,0.7267155,1
99233,2020-07-26 06:43:47,4294040533480516,"fraud_Rohan, White and Aufderhar",misc_net,819.5,Gail,Weaver,F,979 Stewart Lake,New Ellenton,SC,29809,33.413000000000004,-81.69,2206,Biomedical scientist,1986-12-31,96f23fb4cd073c104e3a7ce82a11f812,1374821027,33.210522,-82.257825,0,0.62818474,1
99686,2020-07-26 10:46:20,4128730454058057622,fraud_Dach-Nader,misc_net,687.63,Monique,Martin,F,68276 Matthew Springs,Ratcliff,TX,75858,31.3833,-95.0619,43,"Engineer, production",1949-10-04,815213c9927bc4f9aa1ef5250ab30701,1374835580,30.657521000000003,-95.210346,0,0.86350834,1
99825,2020-07-26 12:02:40,3567697931646329,"fraud_Haley, Jewess and Bechtelar",shopping_pos,1074.88,John,Stevens,M,428 Morgan River,Hudson,NY,12534,42.247,-73.7552,17867,Travel agency manager,1998-07-29,88db08f3d8890146056d5a47fab4535f,1374840160,41.329915,-74.57632,0,0.54201496,1
99987,2020-07-26 12:56:33,4228411452607671,fraud_Mohr Inc,shopping_pos,2606.86,Aaron,Stewart,M,400 Zuniga Pine,Winthrop,ME,4364,44.3229,-69.9576,6025,Advertising account planner,1995-04-22,7eedccf243e51a937a10016252236731,1374843393,44.884969,-70.040681,0,0.86881196,1
100181,2020-07-26 14:08:38,4550599031376731,fraud_Lemke and Sons,travel,3623.89,Angela,West,F,9471 Wong Islands,Mansfield,OH,44902,40.7559,-82.5123,92985,Press photographer,1968-05-29,1b93a4f519e56271d50914da12c3e165,1374847718,41.500346,-82.615137,0,0.8944149,1
100217,2020-07-26 14:21:23,676195318214,fraud_Buckridge PLC,misc_pos,1168.02,Brandy,Quinn,F,9734 Beard Fields Suite 885,Altair,TX,77412,29.6047,-96.5249,106,"Editor, film/video",1983-07-24,0adc43c257dba5abedf63ed2bf3ce713,1374848483,29.048194,-97.371205,0,0.76117057,1
100525,2020-07-26 16:12:58,346273234529002,fraud_Leannon-Nikolaus,travel,2399.59,Donna,Moreno,F,32301 Albert River Suite 364,Ronceverte,WV,24970,37.7418,-80.4626,4575,Statistician,1991-10-22,1ccb49061675354e60f8ea700e03e5b3,1374855178,37.468381,-80.369786,0,0.87514865,1
100914,2020-07-26 18:27:19,4890424426862856940,fraud_Stamm-Witting,shopping_net,954.99,Jeremy,Whitney,M,0371 Aimee Neck Suite 856,Sacramento,CA,95827,38.5662,-121.3286,757530,Magazine features editor,1979-04-30,01163a638dc800c20a9483dea48c4b0a,1374863239,38.041379,-122.209412,0,0.9155334,1
101239,2020-07-26 20:20:24,4792627764422477317,"fraud_Gottlieb, Considine and Schultz",shopping_net,1641.59,Margaret,Mendez,F,7952 Karen Pike,De Soto,KS,66018,38.9462,-94.9714,5760,Chief Executive Officer,1978-10-01,a0ff725febd79cd8f2a230964505beb5,1374870024,39.718718,-95.382237,0,0.9605642,1
101403,2020-07-26 21:15:43,4198470814557,fraud_Buckridge PLC,misc_pos,674.81,Christie,Williamson,F,519 Jerry Views,Avoca,IA,51521,41.4768,-95.3509,2036,Engineering geologist,1971-08-20,fbdfc52f3e23fc2787753e23172b8340,1374873343,41.908289,-95.043635,0,0.9642723,1
101578,2020-07-26 22:11:29,38014427445058,"fraud_Heathcote, Yost and Kertzmann",shopping_net,1049.73,Sonya,Jensen,F,4470 Jillian Courts,Adams,WI,53910,43.8967,-89.8219,3508,Sport and exercise psychologist,1946-08-11,94e9546b5b0fbcf5a35990926f4757ea,1374876689,43.772485,-89.738382,1,0.985157,1
101599,2020-07-26 22:17:46,4067137330196900,fraud_Mosciski Group,travel,1801.84,Christina,Eaton,F,3256 Brooks Field,Eldridge,AL,35554,33.9315,-87.6194,1186,Politician's assistant,1986-11-12,23e56e8525a62836025d87367f42e9d0,1374877066,33.677916,-86.801186,0,0.8901772,1
101608,2020-07-26 22:20:19,38014427445058,fraud_Jast Ltd,shopping_net,959.52,Sonya,Jensen,F,4470 Jillian Courts,Adams,WI,53910,43.8967,-89.8219,3508,Sport and exercise psychologist,1946-08-11,3ee1ef4b02d2ccf7a6bea2dce565d245,1374877219,43.429133,-89.626452,1,0.9860443,1
101635,2020-07-26 22:29:15,38014427445058,"fraud_Labadie, Treutel and Bode",shopping_net,1069.53,Sonya,Jensen,F,4470 Jillian Courts,Adams,WI,53910,43.8967,-89.8219,3508,Sport and exercise psychologist,1946-08-11,64e9c8c9bad21701fbf4b19d204e260a,1374877755,44.137675,-90.100158,1,0.98801243,1
101773,2020-07-26 23:21:08,38014427445058,"fraud_Rodriguez, Yost and Jenkins",misc_net,896.46,Sonya,Jensen,F,4470 Jillian Courts,Adams,WI,53910,43.8967,-89.8219,3508,Sport and exercise psychologist,1946-08-11,7dc023dadbe4e76928736388b794adb9,1374880868,43.418686,-89.40796999999999,1,0.99266,1
101783,2020-07-26 23:25:09,38014427445058,fraud_Doyle Ltd,grocery_pos,299.97,Sonya,Jensen,F,4470 Jillian Courts,Adams,WI,53910,43.8967,-89.8219,3508,Sport and exercise psychologist,1946-08-11,dbc9fc4c19b6fb1719e56de13ce2c715,1374881109,44.574122,-89.41778000000001,1,0.9480546,1
101786,2020-07-26 23:25:47,38014427445058,fraud_Zemlak Group,misc_net,650.86,Sonya,Jensen,F,4470 Jillian Courts,Adams,WI,53910,43.8967,-89.8219,3508,Sport and exercise psychologist,1946-08-11,4e12e1e8a8b0016958392785425fc167,1374881147,43.99166,-89.00269300000001,1,0.99340254,1
101821,2020-07-26 23:33:40,38014427445058,fraud_Kutch and Sons,grocery_pos,325.67,Sonya,Jensen,F,4470 Jillian Courts,Adams,WI,53910,43.8967,-89.8219,3508,Sport and exercise psychologist,1946-08-11,b29eb4e5c69603dcc71ccbc3b9914c17,1374881620,43.572083,-88.938528,1,0.9581621,1
102715,2020-07-27 06:28:06,4653178848915023204,fraud_Flatley-Durgan,misc_net,556.11,Robert,Hall,M,371 Anthony Trail Suite 354,Glade Spring,VA,24340,36.7779,-81.7676,5657,Clinical psychologist,1987-04-29,6af80d493808c5ff657009f48c11778d,1374906486,36.765106,-82.200445,0,0.5748069,1
103001,2020-07-27 08:26:06,4294040533480516,"fraud_Greenfelder, Bartoletti and Davis",misc_net,810.89,Gail,Weaver,F,979 Stewart Lake,New Ellenton,SC,29809,33.413000000000004,-81.69,2206,Biomedical scientist,1986-12-31,0a8e501e73efca4e26c825d55f8a01ac,1374913566,34.224757000000004,-81.441463,0,0.6191567,1
103024,2020-07-27 08:37:36,583699482621,fraud_Volkman Ltd,misc_net,397.43,Jennifer,Jones,F,5572 Kelly Plains Apt. 952,Waupaca,WI,54981,44.3481,-89.1101,15426,"Engineer, civil (contracting)",1936-07-22,70213c387d857722fe9875d656337190,1374914256,44.8635,-89.212064,0,0.6161231,1
103066,2020-07-27 08:57:03,375904527651269,fraud_Wiza LLC,misc_pos,796.15,Ryan,Cook,M,75952 Wilson Course,Roseland,NE,68973,40.4591,-98.5551,463,"Nurse, mental health",1948-05-31,ddc6bd7912791a1dcf40dd481490c9f8,1374915423,40.698842,-99.464899,0,0.54864454,1
103110,2020-07-27 09:19:09,374497717543058,fraud_Koelpin and Sons,misc_net,1433.22,Linda,Hurst,F,31701 Tucker Square Suite 893,Wilton,ND,58579,47.1709,-100.7944,1190,"Designer, ceramics/pottery",1948-06-30,6b61fca108850149ee4370e0a8e40d92,1374916749,47.496097,-99.982206,0,0.8913565,1
103182,2020-07-27 10:06:05,3537797820923602,"fraud_Herman, Treutel and Dickens",misc_net,634.44,Christie,Mendoza,F,53142 Katrina Roads Suite 889,Monitor,WA,98836,47.4852,-120.4158,584,Medical technical officer,1969-03-20,1942330d1ab03aada13289bf3eac8d1e,1374919565,46.983151,-119.628916,0,0.60420805,1
103637,2020-07-27 13:09:28,3589255887819806,"fraud_Reichert, Huels and Hoppe",shopping_net,1758.36,David,Miller,M,622 Bradley Knoll Apt. 758,Hancock,MD,21750,39.6991,-78.1762,3766,Press photographer,1984-02-14,66535767872d4ec429c3c46d1b6cc8e7,1374930568,40.169327,-78.163459,0,0.8535457,1
104207,2020-07-27 15:57:25,3598215285024754,fraud_Schumm PLC,shopping_net,880.17,Ashley,Lopez,F,9333 Valentine Point,Bellmore,NY,11710,40.6729,-73.5365,34496,"Librarian, public",1970-10-21,50d4d4a3313e8df588cfc0be783f66d1,1374940645,41.449634,-74.394808,0,0.5851622,1
104258,2020-07-27 16:14:35,3500165543009955,"fraud_Gottlieb, Considine and Schultz",shopping_net,923.89,Ricky,Dunn,M,97689 Davis Point Apt. 967,Detroit,MI,48214,42.3669,-82.9938,673342,Health visitor,1983-09-02,3e9b3e8cce42649414a32fb5db915258,1374941675,41.837624,-83.960206,0,0.82976806,1
104585,2020-07-27 17:52:11,4836998673805450,"fraud_Reichert, Huels and Hoppe",shopping_net,1238.32,Susan,Hardy,F,516 Brown Parks,Manistique,MI,49854,46.0062,-86.2555,6469,Trade mark attorney,1979-04-12,57b0e4b66f2761748662cc9d54200b61,1374947531,45.900275,-85.73484300000001,0,0.91615665,1
104698,2020-07-27 18:21:00,4561546772499,fraud_Lynch Ltd,shopping_pos,926.73,Daniel,Briggs,M,7118 Jessica Unions Apt. 789,Moriarty,NM,87035,34.9889,-106.0609,7268,"Therapist, art",1988-08-04,9d374032b8b4e42f499c73b99870ae2d,1374949260,34.389858000000004,-106.076517,0,0.60953933,1
105023,2020-07-27 19:56:58,2222001896600109,fraud_Predovic Inc,shopping_net,775.33,Susan,Hernandez,F,2193 Osborne Run Apt. 789,Moro,IL,62067,38.9318,-89.9618,2401,"Buyer, industrial",1972-01-03,f4d26de3302a77d1db663d153ef307f2,1374955018,38.814275,-89.260728,0,0.6936076,1
105167,2020-07-27 20:36:14,6011104316292105,"fraud_Lehner, Reichert and Mills",misc_pos,774.88,Valerie,Davis,F,3861 Anderson Ramp Apt. 536,Drakes Branch,VA,23937,36.9688,-78.5615,1970,Energy engineer,1985-09-02,4ace9811826a64d5c2a2d5ebde32c699,1374957374,36.237573,-78.191898,0,0.9076737,1
105392,2020-07-27 21:40:07,4400011257587661852,"fraud_Reichert, Shanahan and Hayes",shopping_net,2250.77,Marissa,Powell,F,474 Allen Haven,North Loup,NE,68859,41.4972,-98.7858,509,"Nurse, children's",1980-09-15,e6adff8efe8a05c9fb10392ea608465a,1374961207,40.898315,-99.219879,0,0.95003796,1
105468,2020-07-27 22:00:28,2222157926772399,fraud_Kilback and Sons,entertainment,557.46,Amy,Garrett,F,6014 Thomas Throughway,Trenton,TX,75490,33.4235,-96.3398,2211,"Investment banker, operational",1987-02-26,00baae1ac0c17ba62188c656dcdd81a9,1374962428,33.489518,-96.50862,1,0.6387847,1
105539,2020-07-27 22:22:43,30290551782700,fraud_Kerluke-Abshire,shopping_net,995.0,John,Clarke,M,27909 Peter Motorway,Cadiz,KY,42211,36.802,-87.8286,13422,Commissioning editor,1961-09-03,4fd16aefc932c41615df77ddb845ea5f,1374963763,36.995927,-87.195146,1,0.9613169,1
105671,2020-07-27 23:00:25,30290551782700,fraud_Macejkovic-Lesch,shopping_pos,951.91,John,Clarke,M,27909 Peter Motorway,Cadiz,KY,42211,36.802,-87.8286,13422,Commissioning editor,1961-09-03,5cca047522e63683009555a5e15ebe6e,1374966025,36.833312,-86.948924,1,0.9439932,1
105811,2020-07-27 23:44:56,30290551782700,fraud_Conroy Ltd,shopping_pos,1141.38,John,Clarke,M,27909 Peter Motorway,Cadiz,KY,42211,36.802,-87.8286,13422,Commissioning editor,1961-09-03,7654ab0bd4c20676e4d1ad06a59ddb55,1374968696,36.326702,-87.092698,1,0.9675925,1
105994,2020-07-28 00:52:03,3596357274378601,fraud_Flatley-Durgan,misc_net,444.98,David,Everett,M,4138 David Fall,Morrisdale,PA,16858,41.0001,-78.2357,3688,Advice worker,1973-05-27,6f318ecc57aa7d2e6f0df3b56c567479,1374972723,40.154237,-78.15831899999999,0,0.8521608,1
106223,2020-07-28 02:38:40,6011893664860915,fraud_Welch Inc,misc_net,853.6,Erin,Chavez,F,3379 Williams Common,Littleton,CO,80120,39.5994,-105.0044,320420,Water engineer,1975-07-31,5f5a35bc30a5a768e31fce4c9b710291,1374979120,40.45188,-105.911506,0,0.7332525,1
106526,2020-07-28 05:13:50,4294040533480516,fraud_Ruecker Group,misc_net,843.28,Gail,Weaver,F,979 Stewart Lake,New Ellenton,SC,29809,33.413000000000004,-81.69,2206,Biomedical scientist,1986-12-31,e6ff7ff50f1b4972ef232b5d0dff43f4,1374988430,33.2461,-81.28710799999999,0,0.6586779,1
106713,2020-07-28 06:41:15,5152054598359927,fraud_Mante Group,misc_net,776.98,Jim,Johnson,M,868 Brady Mill Apt. 837,Gretna,LA,70056,29.8872,-90.0331,55581,Biomedical scientist,1972-09-12,f66042fc521f8dc48ffc3e1da8081bf3,1374993675,29.014794,-91.031331,0,0.6484931,1
107313,2020-07-28 11:14:37,4635330563105903,"fraud_Tillman, Fritsch and Schmitt",misc_net,880.36,Christina,Rose,F,1984 Taylor Island Suite 836,Falls Church,VA,22046,38.8856,-77.1802,116155,Chartered accountant,1983-07-10,a067345125f3bae7a8b1c543ce4b27ca,1375010077,38.618347,-77.895286,0,0.7311289,1
107324,2020-07-28 11:18:23,180046617132290,fraud_Boyer PLC,misc_pos,955.1,Erika,Mason,F,083 Karen Island Apt. 656,Goreville,IL,62939,37.575,-88.9655,3119,"Teacher, secondary school",1942-04-17,4db8dfc5a2a7ec64c7c6428a33e44900,1375010303,37.704440000000005,-89.329768,0,0.903987,1
107406,2020-07-28 11:55:58,4952583804639909,"fraud_Stanton, Jakubowski and Baumbach",shopping_net,1981.66,Patricia,Rodriguez,F,386 Randolph Throughway,Warren,OH,44483,41.2639,-80.8164,75903,Magazine features editor,1957-04-05,3fb5245246e5dc268adf3660a05e6b39,1375012558,40.371732,-81.787396,0,0.8752346,1
107587,2020-07-28 12:50:57,6534628260579800,fraud_Beier-Hyatt,shopping_pos,1706.33,Christine,Harris,F,29606 Martinez Views Suite 653,Hinesburg,VT,5461,44.3346,-73.098,4542,Claims inspector/assessor,1998-03-19,53ec4c2c986210bae7c2c2d3eedd819a,1375015857,44.036949,-72.513862,0,0.80372363,1
107803,2020-07-28 13:58:17,4181833256558613886,fraud_Stamm-Rodriguez,misc_pos,935.9,Jessica,Potter,F,7600 Stephen Course Suite 031,Red River,NM,87558,36.6659,-105.4694,606,"Surveyor, land/geomatics",1988-09-06,04ec87fb21fb907026df9d13b95ab906,1375019897,36.217291,-104.911971,0,0.65723413,1
107901,2020-07-28 14:25:50,38530489946071,fraud_Kris-Kertzmann,travel,2043.61,Laura,Johns,F,95835 Garcia Rue,Arcadia,SC,29320,34.9572,-81.9916,530,Animal technologist,1989-05-14,9ecf46711dd1f646e2396432ad0622b6,1375021550,34.785017,-82.84602199999999,0,0.8027937,1
107930,2020-07-28 14:31:42,583699482621,fraud_Turner LLC,travel,3565.77,Jennifer,Jones,F,5572 Kelly Plains Apt. 952,Waupaca,WI,54981,44.3481,-89.1101,15426,"Engineer, civil (contracting)",1936-07-22,924929a49bdf03c1bacc11d5db796998,1375021902,44.246549,-88.323272,0,0.91462016,1
108122,2020-07-28 15:32:12,4900628639996,"fraud_Ritchie, Oberbrunner and Cremin",travel,3659.29,Michael,Johnson,M,094 Owens Underpass,Norwalk,CA,90650,33.9056,-118.0818,105549,Firefighter,1973-09-22,b38e9a71fb6274e9984e7419f0ee6879,1375025532,34.426694,-118.246192,0,0.86426073,1
108301,2020-07-28 16:27:15,4900628639996,"fraud_Kuhic, Bins and Pfeffer",shopping_net,4152.73,Michael,Johnson,M,094 Owens Underpass,Norwalk,CA,90650,33.9056,-118.0818,105549,Firefighter,1973-09-22,f66a72ac15a109cfe6f1600d0dbc38e6,1375028835,34.097179,-117.795968,0,0.8822333,1
108625,2020-07-28 18:08:31,6011399591920186,fraud_Kuphal-Predovic,misc_net,1285.04,Maria,Roy,F,58665 Nicholas Ford Suite 348,Sheffield,MA,1257,42.1001,-73.3611,2121,Radio producer,1973-10-14,7321de650073ea3ff9dca60d156bc620,1375034911,42.505611,-72.566907,0,0.9589112,1
108824,2020-07-28 19:11:34,371284100299909,fraud_Barrows PLC,shopping_pos,850.61,Hannah,Thomas,F,1004 Willis Pass,Hedley,TX,79237,34.8698,-100.6806,513,Early years teacher,1976-05-24,3b2a9178bf8cf124a4c2119c64a66970,1375038694,34.753147,-101.027752,0,0.56948876,1
108860,2020-07-28 19:19:48,213157767990030,"fraud_Swaniawski, Lowe and Robel",shopping_pos,1079.33,Tara,Campbell,F,05050 Rogers Well Apt. 439,Rock Springs,WY,82901,41.606,-109.23,27971,Music therapist,1984-08-01,d073f040ec0d088aa58563a1826d093c,1375039188,41.88597,-109.641059,0,0.88940996,1
109452,2020-07-28 22:26:11,30290551782700,fraud_Volkman Ltd,misc_net,768.37,John,Clarke,M,27909 Peter Motorway,Cadiz,KY,42211,36.802,-87.8286,13422,Commissioning editor,1961-09-03,7325dda2a2fce7d79b9365f9f4ed8603,1375050371,36.615139,-88.759174,1,0.9913242,1
109499,2020-07-28 22:38:43,30290551782700,fraud_Kerluke PLC,misc_net,789.41,John,Clarke,M,27909 Peter Motorway,Cadiz,KY,42211,36.802,-87.8286,13422,Commissioning editor,1961-09-03,4e26e3ab4773b5cc585237e122e65a17,1375051123,36.12121,-87.131412,1,0.991504,1
109514,2020-07-28 22:42:53,30290551782700,fraud_Lemke-Gutmann,shopping_net,1041.01,John,Clarke,M,27909 Peter Motorway,Cadiz,KY,42211,36.802,-87.8286,13422,Commissioning editor,1961-09-03,a8ed63a7195bb523458b2bf30bf9f654,1375051373,37.69827,-88.344371,1,0.982414,1
109575,2020-07-28 23:00:12,4671727014157745,fraud_Miller-Hauck,grocery_pos,337.94,Kenneth,Edwards,M,3653 Ryan Crossroad,Andrews,IN,46702,40.8618,-85.6067,2304,Retail banker,1955-07-25,701b1244a9c242883d6b454bce6bd8a7,1375052412,41.070091,-84.86556,1,0.94416845,1
109652,2020-07-28 23:28:06,4761403817546679245,fraud_Mante Group,misc_net,407.71,Diana,Jacobs,F,69608 Perez Mountain Apt. 006,Viola,AR,72583,36.3924,-91.9932,1679,Psychiatric nurse,1986-05-02,a7e752b30bbdd8247865be6493c044e2,1375054086,35.397985,-91.869912,0,0.77168906,1
109706,2020-07-28 23:44:06,30290551782700,"fraud_Reichert, Rowe and Mraz",shopping_net,1106.41,John,Clarke,M,27909 Peter Motorway,Cadiz,KY,42211,36.802,-87.8286,13422,Commissioning editor,1961-09-03,9a4b88cdf5c8bf469741a92bf75708c4,1375055046,37.761455,-87.595425,1,0.9824578,1
109776,2020-07-29 00:21:46,3538520143479972,"fraud_Ferry, Lynch and Kautzer",misc_net,936.66,Cassandra,Nunez,F,9572 Austin Forge Suite 612,Clay Center,OH,43408,41.5686,-83.3632,269,Insurance underwriter,1965-09-15,3af0ed8617eb27536c3f7c66d6dfec31,1375057306,42.006775,-82.522115,0,0.7340557,1
110161,2020-07-29 06:52:05,38580485618059,"fraud_Rippin, Kub and Mann",misc_net,678.29,Teresa,Clark,F,1323 Derek Mission,Noonan,ND,58765,48.8856,-103.0098,248,Industrial/product designer,1968-05-13,8ec04a330a44ab2abeab9a4e44a3a2bd,1375080725,48.797691,-102.383922,0,0.716984,1
110292,2020-07-29 08:31:11,6011399591920186,fraud_Jaskolski-Vandervort,misc_net,519.03,Maria,Roy,F,58665 Nicholas Ford Suite 348,Sheffield,MA,1257,42.1001,-73.3611,2121,Radio producer,1973-10-14,0885b792684fc9b66318bf6cf627e88e,1375086671,41.334295,-73.75703,0,0.57862055,1
110712,2020-07-29 14:12:03,3590736522064285,fraud_Kuhn LLC,shopping_pos,1199.47,Kimberly,Gonzalez,F,72966 Shannon Pass Apt. 391,Bauxite,AR,72011,34.5091,-92.4828,4074,"Scientist, audiological",1975-12-20,529ae6cc57c2626ec89957b7468da67c,1375107123,33.817895,-91.966812,0,0.76841074,1
110744,2020-07-29 14:40:37,639023984367,fraud_Boyer-Haley,travel,2891.93,Destiny,Lowe,F,79472 Stevens Trace Apt. 120,Hannawa Falls,NY,13647,44.6087,-74.9732,69,Chief Executive Officer,1991-06-05,fb2174d7a6eb0192e8b0b69ae76f5e29,1375108837,43.978521,-75.041136,0,0.8745635,1
110853,2020-07-29 15:51:30,6011348830550197,fraud_Fisher Inc,shopping_net,2446.86,Samuel,Johnston,M,16285 Jessica Lights,Birmingham,AL,35229,33.4629,-86.7904,493806,Musician,1980-07-12,2a5e308cdbd9675cfe5dff86672a93a5,1375113090,33.250336,-86.824185,0,0.89146733,1
111244,2020-07-29 20:07:25,630451534402,fraud_Pouros-Conroy,shopping_pos,1190.35,Rachel,Daniels,F,561 Little Plain Apt. 738,Wetmore,MI,49895,46.3535,-86.6345,765,Immunologist,1972-06-12,92df325b04b4bb36855a9ac7861bbf68,1375128445,47.163072,-87.10042299999999,0,0.94324106,1
111305,2020-07-29 20:45:34,60487002085,"fraud_Terry, Johns and Bins",misc_pos,1125.3,David,White,M,66234 Hall Lock Suite 758,Jackson,MS,39211,32.3739,-90.1293,233060,"Horticulturist, commercial",1972-08-15,ad49bdbadf2ebb70bd85d8f86abcc6a2,1375130734,33.125215000000004,-90.361277,0,0.9802439,1
111366,2020-07-29 21:44:05,374930071163758,"fraud_Swaniawski, Lowe and Robel",shopping_pos,958.07,Daniel,Escobar,M,61390 Hayes Port,Romulus,MI,48174,42.2203,-83.3583,31515,Police officer,1971-11-05,3013d838c3964b7ed1b695da9f3af3b7,1375134245,42.717854,-83.129665,0,0.8889162,1
111466,2020-07-29 22:54:20,4914700582394237,fraud_Hackett Group,travel,1166.45,John,Williams,M,8929 Phillips Corners Suite 259,Harmony,PA,16037,40.8496,-80.1381,4589,Bookseller,1956-05-01,d5e064006d53229e558b49ab75b659ed,1375138460,40.800971,-80.15825799999999,0,0.7678928,1
111646,2020-07-30 01:03:59,6593250708747804,fraud_Block-Parisian,misc_net,815.11,Melissa,Meza,F,244 Abbott Parkway,Loxahatchee,FL,33470,26.7383,-80.27600000000001,26551,Paramedic,1977-01-04,8ef3eb0dd488da166c876f72adff97a4,1375146239,26.428043,-80.76777299999999,0,0.74744105,1
111710,2020-07-30 01:58:01,3577794103155425,fraud_Nader-Heller,misc_net,1458.21,Mary,Humphrey,F,9853 Flynn Hollow Apt. 602,Reynolds,ND,58275,47.7068,-97.2092,733,Visual merchandiser,1994-11-12,cbca6c1481c62dd7e431c8bc23431e12,1375149481,47.910932,-97.841976,0,0.7200522,1
111739,2020-07-30 02:32:05,348789608637806,fraud_Zemlak Group,misc_net,608.99,Megan,Murphy,F,53696 Laura Radial,Holstein,NE,68950,40.4542,-98.6538,331,Telecommunications researcher,1950-08-19,d6db17e6a09237b75669d0f6dd32016b,1375151525,41.27429,-97.787489,0,0.719387,1
111853,2020-07-30 04:03:46,2512312531485080,fraud_Nader-Heller,misc_net,557.44,John,Mccormick,M,79414 Clark Lakes Suite 966,Warren,MI,48088,42.5164,-82.9832,134056,"Producer, radio",1956-10-08,c9aa16fbf1b903bd2f7cd71ddc0802d6,1375157026,43.452774,-83.810222,0,0.67850935,1
111992,2020-07-30 06:14:22,213112402583773,"fraud_Stehr, Jewess and Schimmel",misc_net,1052.35,Ana,Howell,F,4664 Sanchez Common Suite 930,Bradley,SC,29819,34.0326,-82.2027,1523,Research scientist (physical sciences),1984-06-03,9119e1f53a4eb5143cc6b737c53ab2df,1375164862,34.002446,-82.797241,0,0.6803396,1
112104,2020-07-30 07:48:51,3521417320836166,fraud_Bednar Group,misc_net,477.59,Angela,Hodges,F,08236 Kim Hill,Indianapolis,IN,46254,39.849,-86.272,910148,Firefighter,1975-11-30,7a3d54997681db58f4eca108ecc537b2,1375170531,39.849018,-87.12916899999999,0,0.7727329,1
112295,2020-07-30 10:39:18,502012776709,fraud_Gleason-Macejkovic,shopping_net,1070.02,Sherry,Martinez,F,144 Yu Locks Apt. 754,Garrattsville,NY,13342,42.6315,-75.1866,165,Naval architect,1945-09-20,2e59e5b83cbb1af3f6faa60a1faccaac,1375180758,42.67347,-75.95164399999999,0,0.81003195,1
113162,2020-07-30 19:49:50,3595192916105588,fraud_Barrows PLC,shopping_pos,6896.23,Dustin,Roberts,M,3283 James Station,Fayetteville,NC,28314,35.0583,-79.008,238602,"Scientist, research (maths)",1993-05-14,d0cf855e0c93f796964eb8c8316bf992,1375213790,35.340586,-78.823993,0,0.8986882,1
113411,2020-07-30 22:07:21,4352307151555405069,fraud_Boyer-Reichert,shopping_net,1051.96,Joseph,Bartlett,M,610 Pacheco Parkway,Falls Church,VA,22046,38.8856,-77.1802,116155,Armed forces training and education officer,1932-05-09,ae11b0ca6a9682dd97d2efe4ef676f7d,1375222041,39.464149,-77.146331,1,0.99052763,1
113491,2020-07-30 22:55:55,180011453250192,"fraud_Rodriguez, Yost and Jenkins",misc_net,853.47,Craig,Dunn,M,721 Jacqueline Brooks,New Boston,IL,61272,41.2153,-90.9879,1504,Manufacturing engineer,1993-10-05,137b7c7220ac73d94f12e60c1449106c,1375224955,40.312679,-91.133163,1,0.9784063,1
113541,2020-07-30 23:20:10,4352307151555405069,fraud_Kuhic LLC,shopping_net,1153.43,Joseph,Bartlett,M,610 Pacheco Parkway,Falls Church,VA,22046,38.8856,-77.1802,116155,Armed forces training and education officer,1932-05-09,b27d09db88c8d5831b0179609c9c90e7,1375226410,38.366676,-77.210792,1,0.9926117,1
113580,2020-07-30 23:38:50,4352307151555405069,fraud_Macejkovic-Lesch,shopping_pos,975.25,Joseph,Bartlett,M,610 Pacheco Parkway,Falls Church,VA,22046,38.8856,-77.1802,116155,Armed forces training and education officer,1932-05-09,135d392c8bd3fbe6198116d7dd00726f,1375227530,38.385786,-77.238447,1,0.98785883,1
113606,2020-07-30 23:54:57,676173792455,fraud_Kassulke PLC,shopping_net,1130.56,Brittany,Cox,F,07177 William Dale Apt. 547,Santa Monica,CA,90403,34.0287,-118.4924,92043,"Civil engineer, contracting",1961-04-25,1a5d74fa58c9c7c14231465a7b4034a8,1375228497,33.617538,-118.092913,1,0.9738473,1
113691,2020-07-31 00:57:51,4671727014157745,fraud_Donnelly PLC,misc_net,531.02,Kenneth,Edwards,M,3653 Ryan Crossroad,Andrews,IN,46702,40.8618,-85.6067,2304,Retail banker,1955-07-25,e109cf2f2911f1e3402c249599ed4b08,1375232271,41.31749,-86.222536,0,0.7336726,1
113964,2020-07-31 04:36:29,630425673344,"fraud_Heathcote, Yost and Kertzmann",shopping_net,1165.74,Bryan,Miller,M,411 Laurie Fords,Cass,WV,24927,38.388000000000005,-79.9906,365,Special effects artist,1970-03-14,f31fc8eb1a39fd429c9c3646ec1b8af2,1375245389,38.146245,-79.968125,0,0.5377008,1
114093,2020-07-31 06:18:16,6011542681743618,"fraud_Bernier, Volkman and Hoeger",misc_net,636.95,Emily,Hall,F,8851 Reese Neck,Basye,VA,22810,38.8089,-78.7776,863,"Engineer, mining",1972-08-09,487b06a2d931ed30ddb1aeb41b3e000b,1375251496,39.669228,-79.27154300000001,0,0.6094956,1
114137,2020-07-31 06:50:00,4980323467523543940,fraud_Kerluke PLC,misc_net,709.24,Patrick,Massey,M,7812 Shane Shoals Apt. 607,North Haverhill,NH,3774,44.0978,-72.0191,1966,Structural engineer,1947-10-27,44125f00ebfa009962dc06fbdfdedd0a,1375253400,43.757784,-71.317074,0,0.7978271,1
114420,2020-07-31 10:08:17,6011360759745864,fraud_Donnelly LLC,entertainment,640.2,Steven,Williams,M,231 Flores Pass Suite 720,Edinburg,VA,22824,38.8432,-78.6003,6018,"Designer, multimedia",1947-08-21,780192bdf1e76ec892ec6fed3e123a73,1375265297,37.995931,-78.875741,0,0.7913174,1
114560,2020-07-31 12:03:09,180011453250192,fraud_Dooley-Thompson,misc_net,780.45,Craig,Dunn,M,721 Jacqueline Brooks,New Boston,IL,61272,41.2153,-90.9879,1504,Manufacturing engineer,1993-10-05,9c1863f09e11a14aa571fb7ba0e3e7a5,1375272189,41.309914,-90.273864,1,0.6505108,1
114631,2020-07-31 12:42:52,630423337322,"fraud_Goyette, Howell and Collier",shopping_pos,7134.75,Stephanie,Gill,F,43039 Riley Greens Suite 393,Orient,WA,99160,48.8878,-118.2105,149,Special educational needs teacher,1978-06-21,ae1381fefeb2d2ebbf555856894a5d11,1375274572,48.788425,-117.477515,0,0.8798731,1
114949,2020-07-31 15:38:46,377550167323848,fraud_Kessler Group,travel,7920.88,Kevin,Walters,M,87227 Tapia Burgs,Auburn,ME,4210,44.0948,-70.23899999999999,23045,Tourist information centre manager,1958-09-02,d34943fd592dbefee418bb111581a40f,1375285126,43.303817,-70.49110999999999,0,0.90602255,1
115710,2020-07-31 22:26:25,4488941175228467,"fraud_Heathcote, Yost and Kertzmann",shopping_net,950.72,Jacqueline,Washington,F,138 Stephen Ridges Apt. 978,Umatilla,FL,32784,28.9254,-81.6801,11432,Private music teacher,1986-03-31,9675d4cfaa2fb187532cf601df03ee3c,1375309585,29.834444,-81.199623,0,0.7859285,1
115753,2020-07-31 22:46:43,676173792455,"fraud_Swaniawski, Lowe and Robel",shopping_pos,914.18,Brittany,Cox,F,07177 William Dale Apt. 547,Santa Monica,CA,90403,34.0287,-118.4924,92043,"Civil engineer, contracting",1961-04-25,0c8fce5ddff735d279d73f1b9ea44cf6,1375310803,33.324396,-117.548984,1,0.92796123,1
115796,2020-07-31 23:07:54,4352307151555405069,"fraud_Stehr, Jewess and Schimmel",misc_net,774.14,Joseph,Bartlett,M,610 Pacheco Parkway,Falls Church,VA,22046,38.8856,-77.1802,116155,Armed forces training and education officer,1932-05-09,c44e19d5f6ae81f3f9bb9c7e0cee09da,1375312074,38.928867,-76.30764599999999,1,0.99456847,1
115798,2020-07-31 23:08:01,676173792455,"fraud_Romaguera, Cruickshank and Greenholt",shopping_net,955.39,Brittany,Cox,F,07177 William Dale Apt. 547,Santa Monica,CA,90403,34.0287,-118.4924,92043,"Civil engineer, contracting",1961-04-25,d6944ae29679ff13585427fceed534db,1375312081,33.055071000000005,-117.521416,1,0.96743804,1
115852,2020-07-31 23:37:12,676173792455,fraud_Kuhn LLC,misc_net,720.24,Brittany,Cox,F,07177 William Dale Apt. 547,Santa Monica,CA,90403,34.0287,-118.4924,92043,"Civil engineer, contracting",1961-04-25,1fbe6de5c78dd35eb855f9221797381a,1375313832,33.862287,-119.286251,1,0.98988557,1
115880,2020-07-31 23:49:08,676173792455,"fraud_Romaguera, Cruickshank and Greenholt",shopping_net,990.7,Brittany,Cox,F,07177 William Dale Apt. 547,Santa Monica,CA,90403,34.0287,-118.4924,92043,"Civil engineer, contracting",1961-04-25,4d5b603424a701ad66af94f4c89a9dbd,1375314548,34.665421,-118.261771,1,0.9762073,1
115884,2020-07-31 23:51:11,676173792455,fraud_Kuphal-Bartoletti,misc_net,931.63,Brittany,Cox,F,07177 William Dale Apt. 547,Santa Monica,CA,90403,34.0287,-118.4924,92043,"Civil engineer, contracting",1961-04-25,01269c3f03aa52dbfbd541477aaa81d6,1375314671,33.979953,-118.458896,1,0.9877815,1
115913,2020-08-01 00:04:44,340953839692349,fraud_Schmitt Ltd,misc_net,573.69,Tyler,Wright,M,615 Clarke Spring Apt. 172,Warren,MI,48088,42.5164,-82.9832,134056,"Doctor, hospital",1980-05-18,f18cb7aaa982bfb764c75fb15ae107a9,1375315484,42.517269,-82.241299,0,0.83805233,1
116468,2020-08-01 07:42:46,5540636818935089,fraud_Lebsack and Sons,misc_net,2802.29,Kenneth,Foster,M,329 Michael Extension,Lawrence,MA,1843,42.6911,-71.1605,76383,Geoscientist,1985-04-04,40f90d524244437df11de35d99562973,1375342966,41.957307,-71.92279599999999,0,0.8178552,1
116575,2020-08-01 09:23:11,567868110212,"fraud_Herman, Treutel and Dickens",misc_net,1109.38,Dawn,Tucker,F,789 Herring Manors,Houston,TX,77007,29.7736,-95.4034,2906700,"Copywriter, advertising",1984-12-16,3a7673ae63f0e9f7934ac2815eec4d29,1375348991,29.387022,-95.27242,0,0.7673077,1
116857,2020-08-01 12:47:43,377234009633447,"fraud_Champlin, Rolfson and Connelly",travel,1740.77,Theresa,Blackwell,F,43576 Kristina Islands,Shenandoah Junction,WV,25442,39.3716,-77.8229,1925,Systems developer,1966-02-14,7804f45bc752951e18b5edd210a27053,1375361263,39.118317,-78.162235,0,0.78689325,1
117080,2020-08-01 14:35:12,3552581383553463,fraud_Leannon-Nikolaus,travel,1766.46,Jonathan,Castro,M,200 Christie Mills Apt. 307,Andrews,NC,28901,35.1959,-83.8228,5354,Retail buyer,1965-04-13,9f4c2e65d3ed5bc406a52d4ac224d25f,1375367712,35.85946,-83.65597,0,0.8208702,1
117133,2020-08-01 15:05:34,4560395181594436016,fraud_Volkman-Predovic,shopping_net,891.26,Angela,Taylor,F,6343 Ramirez Skyway Apt. 518,Lakeport,CA,95453,39.047,-122.9328,11256,Podiatrist,1972-10-18,0b63d0484c8f6f9f343127f2b52c2dc2,1375369534,38.561056,-122.229932,0,0.7224553,1
117453,2020-08-01 17:46:24,4904681492230012,fraud_Jast-McDermott,shopping_pos,1207.03,Lisa,Lowe,F,574 David Locks Suite 207,Cottekill,NY,12419,41.8467,-74.1038,722,Comptroller,1990-10-19,fc96f5d8e816f31bb5718bde5b5abf49,1375379184,41.454646,-73.684986,0,0.82382953,1
117683,2020-08-01 19:44:30,581686439828,fraud_Goyette Inc,shopping_net,3287.06,Larry,House,M,911 Sabrina Trafficway,Cochranton,PA,16314,41.5205,-80.0573,5507,Retail merchandiser,1973-07-28,05193c381a388ae9aff2230cff03bbc1,1375386270,41.843484,-80.158771,0,0.9206588,1
117712,2020-08-01 19:57:13,30364087349027,"fraud_Watsica, Haag and Considine",shopping_pos,1275.81,Samuel,Sandoval,M,0005 Morrison Land,Mounds,OK,74047,35.8896,-96.0887,7163,Fitness centre manager,1982-02-05,3ffbee587b8c78bd18f969b6562f379c,1375387033,36.05712,-96.516321,0,0.9071423,1
117782,2020-08-01 20:33:58,6011381817520024,fraud_McGlynn-Jaskolski,misc_pos,840.38,Kristen,Allen,F,8619 Lisa Manors Apt. 871,Lagrange,WY,82221,41.6423,-104.1974,635,Product/process development scientist,1973-07-13,8f9762191f8a8260d49b3bbfb95b65aa,1375389238,40.812946,-105.182701,0,0.9746361,1
117805,2020-08-01 20:45:23,30131826429364,"fraud_Mosciski, Ziemann and Farrell",shopping_net,672.91,Brianna,Foley,F,57256 Raymond Ports,Knoxville,TN,37932,35.9335,-84.1481,391389,"Designer, industrial/product",1994-04-22,44696212903041be006a52a7752d3dc7,1375389923,35.002978000000006,-84.27699,0,0.51881313,1
117893,2020-08-01 21:27:34,30235438713303,fraud_Barrows PLC,shopping_pos,647.87,James,Baldwin,M,3603 Mitchell Court,Winfield,WV,25213,38.5072,-81.89,5512,Exhibition designer,1980-03-24,920008bbb5aeb754d76388e62ca6cbe1,1375392454,37.98531,-82.43151999999999,0,0.5307329,1
117962,2020-08-01 22:03:08,2285066385084291,fraud_Price Inc,shopping_net,1791.08,Richard,Brown,M,17819 Jose Mount Suite 657,Heidelberg,MS,39439,31.882,-88.9981,4573,"Exhibitions officer, museum/gallery",1988-02-15,7ebd929b0e7389e6840be88e5de6a81e,1375394588,31.313137,-89.23179300000001,0,0.9523469,1
118000,2020-08-01 22:21:51,3576281490078437,fraud_Heathcote LLC,shopping_net,975.35,Chris,Dixon,M,919 Miller Isle,Williams,IN,47470,38.7735,-86.6285,1735,Financial adviser,1990-06-13,f5cf83ea7b63338db4a940342e7243c9,1375395711,38.790772,-87.160684,1,0.87796235,1
118079,2020-08-01 23:01:10,3576281490078437,fraud_Stamm-Witting,shopping_net,982.99,Chris,Dixon,M,919 Miller Isle,Williams,IN,47470,38.7735,-86.6285,1735,Financial adviser,1990-06-13,4fbd204b6e65e5e5a75e9af17dd01dcf,1375398070,39.317943,-85.92994200000001,1,0.92207515,1
118128,2020-08-01 23:26:46,3576281490078437,fraud_Klocko LLC,misc_net,710.75,Chris,Dixon,M,919 Miller Isle,Williams,IN,47470,38.7735,-86.6285,1735,Financial adviser,1990-06-13,f7c05be1f2729199c1eb207ccac1a29d,1375399606,37.917313,-86.82379399999999,1,0.9801207,1
118168,2020-08-01 23:46:01,3576281490078437,fraud_Gleason-Macejkovic,shopping_net,941.23,Chris,Dixon,M,919 Miller Isle,Williams,IN,47470,38.7735,-86.6285,1735,Financial adviser,1990-06-13,1f6dd7807055b8b61cfb88a51e7411ff,1375400761,39.740752,-87.513185,1,0.9257271,1
118212,2020-08-02 00:02:00,3577794103155425,"fraud_Gottlieb, Considine and Schultz",shopping_net,1034.33,Mary,Humphrey,F,9853 Flynn Hollow Apt. 602,Reynolds,ND,58275,47.7068,-97.2092,733,Visual merchandiser,1994-11-12,e5d9849bf300a0bfbe8c9c04d0b9fd5c,1375401720,48.171663,-97.431113,1,0.65163463,1
118262,2020-08-02 00:30:35,3577794103155425,fraud_Medhurst PLC,shopping_net,934.89,Mary,Humphrey,F,9853 Flynn Hollow Apt. 602,Reynolds,ND,58275,47.7068,-97.2092,733,Visual merchandiser,1994-11-12,4a3a2c951f97b8cb65a40cc8b0dd4b43,1375403435,47.985204,-97.13412,1,0.6777248,1
118271,2020-08-02 00:36:13,3577794103155425,fraud_Beier-Hyatt,shopping_pos,957.05,Mary,Humphrey,F,9853 Flynn Hollow Apt. 602,Reynolds,ND,58275,47.7068,-97.2092,733,Visual merchandiser,1994-11-12,c868641a6783351f93b6fb30fa2802ee,1375403773,48.634635,-96.424139,1,0.6610953,1
118300,2020-08-02 00:54:51,3577794103155425,"fraud_Haley, Jewess and Bechtelar",shopping_pos,920.68,Mary,Humphrey,F,9853 Flynn Hollow Apt. 602,Reynolds,ND,58275,47.7068,-97.2092,733,Visual merchandiser,1994-11-12,6fe36745efdd33a03be77c67b45a4f23,1375404891,46.777375,-96.849907,1,0.70046926,1
118522,2020-08-02 02:53:29,3577794103155425,"fraud_Roob, Conn and Tremblay",shopping_pos,805.5,Mary,Humphrey,F,9853 Flynn Hollow Apt. 602,Reynolds,ND,58275,47.7068,-97.2092,733,Visual merchandiser,1994-11-12,ce4796cf8d50e9281185563ffc42fbba,1375412009,48.191798,-97.537627,1,0.60538095,1
118526,2020-08-02 02:54:42,3577794103155425,fraud_Bradtke PLC,grocery_pos,348.61,Mary,Humphrey,F,9853 Flynn Hollow Apt. 602,Reynolds,ND,58275,47.7068,-97.2092,733,Visual merchandiser,1994-11-12,3d90fb83a6a609f3d341a6f0867a9911,1375412082,47.442871,-96.809288,1,0.6572784,1
118782,2020-08-02 05:03:01,676102124465,"fraud_Ferry, Lynch and Kautzer",misc_net,793.83,Natasha,Mclaughlin,F,8699 Lindsay Ford Apt. 486,Napa,CA,94558,38.4549,-122.2564,94014,Airline pilot,1985-08-21,1844ebb5fbe4020d64dfec142140e166,1375419781,37.579643,-122.642948,0,0.6008369,1
118816,2020-08-02 05:16:54,30546453310167,"fraud_Weimann, Kuhic and Beahan",shopping_pos,5044.68,Nicholas,Tran,M,672 Randall Burg Suite 551,Belmont,NH,3220,43.4512,-71.48899999999999,7430,"Scientist, research (medical)",1955-01-13,bed99a5f61cb71679f0223cfcba934a9,1375420614,42.729018,-72.330748,0,0.857758,1
118928,2020-08-02 06:17:44,2231186809828225,fraud_Padberg-Rogahn,entertainment,593.33,Katherine,Pennington,F,73869 Connie Prairie,Vienna,GA,31092,32.0913,-83.7922,7420,Phytotherapist,1957-01-15,02001ff968e33e8d266f47acf5f319ab,1375424264,31.85858,-82.80878299999999,0,0.5030354,1
119389,2020-08-02 10:29:23,4390966588600992777,fraud_Stamm-Witting,shopping_net,1009.96,Kyle,Simmons,M,8149 Harris Divide,Oklahoma City,OK,73134,35.6174,-97.5583,640470,Advertising copywriter,1966-06-24,775b62f0dd424a58f8b3d77671b1eb29,1375439363,36.258398,-98.527284,0,0.70964545,1
119448,2020-08-02 10:56:34,4981132848794,fraud_Hudson-Grady,shopping_pos,1119.96,Joseph,Spencer,M,7854 Stephanie Island Suite 788,Holloway,OH,43985,40.0113,-80.9701,128,Child psychotherapist,1946-04-03,91db478a132091f833f8f1679ed7f831,1375440994,40.861674,-80.984388,0,0.7742846,1
119581,2020-08-02 12:08:57,4890424426862856940,"fraud_Douglas, Schneider and Turner",shopping_pos,2947.68,Jeremy,Whitney,M,0371 Aimee Neck Suite 856,Sacramento,CA,95827,38.5662,-121.3286,757530,Magazine features editor,1979-04-30,ae36d1bb39bbed3ad304f926d80de24c,1375445337,38.782847,-121.419004,0,0.8383201,1
119961,2020-08-02 14:20:45,4181833256558613886,fraud_Schmidt and Sons,shopping_net,2478.28,Jessica,Potter,F,7600 Stephen Course Suite 031,Red River,NM,87558,36.6659,-105.4694,606,"Surveyor, land/geomatics",1988-09-06,feb9c777517feb01db9e355b8bbfcaf5,1375453245,36.914754,-106.362371,0,0.854129,1
119968,2020-08-02 14:24:35,36913587729122,"fraud_Kuhic, Bins and Pfeffer",shopping_net,813.18,Ana,Mccormick,F,4503 Patricia Route,Meridian,ID,83646,43.6498,-116.4306,84106,Intelligence analyst,1971-02-11,34dd85ec7ebfafd4d615bdb2b089190f,1375453475,44.282937,-116.68265,0,0.70931315,1
120060,2020-08-02 14:56:39,4198470814557,fraud_Price Inc,shopping_net,5899.86,Christie,Williamson,F,519 Jerry Views,Avoca,IA,51521,41.4768,-95.3509,2036,Engineering geologist,1971-08-20,2e1308bbee3e3382bb784e7f049a1e06,1375455399,42.105221,-95.516901,0,0.89513916,1
120096,2020-08-02 15:08:42,4797297220948468262,fraud_Hickle Group,shopping_pos,1782.69,Erica,Briggs,F,3310 Davidson Spurs Apt. 107,Oolitic,IN,47451,38.8938,-86.5246,1228,Counsellor,1991-03-13,c5da29fefa215448a17ec6588e7235bb,1375456122,39.686362,-85.753445,0,0.87522334,1
120438,2020-08-02 17:05:49,4400011257587661852,fraud_Pouros-Conroy,shopping_pos,1005.38,Marissa,Powell,F,474 Allen Haven,North Loup,NE,68859,41.4972,-98.7858,509,"Nurse, children's",1980-09-15,743365091d896ef3159c3e87fc668267,1375463149,41.350596,-99.217721,0,0.80908644,1
120838,2020-08-02 19:22:14,4302480582202074,fraud_Thiel PLC,misc_pos,677.25,David,Rodriguez,M,821 Solis Points,Muskegon,MI,49440,43.2326,-86.2492,128715,Historic buildings inspector/conservation officer,1995-05-25,216ca48a7f3f2252a38439b74a034f4e,1375471334,42.315386,-86.989627,0,0.6222903,1
120905,2020-08-02 19:43:13,503848303379,"fraud_Cremin, Hamill and Reichel",misc_pos,1657.58,Gregory,Wallace,M,27203 Darrell Landing,Saint James City,FL,33956,26.529,-82.0916,3776,Sport and exercise psychologist,1976-09-12,55f0991fadc6d11aad7dfee153f46c2b,1375472593,26.428845000000003,-81.150373,0,0.9419658,1
121034,2020-08-02 20:24:16,3577794103155425,fraud_Stark-Batz,entertainment,596.85,Mary,Humphrey,F,9853 Flynn Hollow Apt. 602,Reynolds,ND,58275,47.7068,-97.2092,733,Visual merchandiser,1994-11-12,01d25021ef34c8d0d585f528f5ec4f3a,1375475056,47.769536,-97.850139,1,0.7993892,1
121223,2020-08-02 21:29:59,676369110710,"fraud_Swaniawski, Lowe and Robel",shopping_pos,912.01,David,Wolfe,M,81261 Garcia Underpass Suite 741,Southfield,MI,48034,42.4969,-83.2911,75830,"Engineer, automotive",1974-12-28,10ee5fd8f333591c80230bb21e8a83a5,1375478999,42.395516,-83.59504100000001,0,0.88244104,1
121304,2020-08-02 21:57:46,4509922033272157,"fraud_Douglas, Schneider and Turner",shopping_pos,687.61,Monica,West,F,22084 Smith Roads Suite 776,Hurley,SD,57036,43.2893,-97.1904,811,Neurosurgeon,1972-03-28,7d54b862ab3bf5c078122421e5ee6f82,1375480666,42.348299,-98.12323,0,0.55420274,1
121318,2020-08-02 22:04:35,3576281490078437,fraud_Price Inc,shopping_net,1021.04,Chris,Dixon,M,919 Miller Isle,Williams,IN,47470,38.7735,-86.6285,1735,Financial adviser,1990-06-13,88afa76cf38463346c296d7724f4f1ed,1375481075,39.577959,-87.32079,1,0.9581314,1
121422,2020-08-02 22:40:23,581686439828,fraud_Terry-Huel,shopping_net,1470.9,Larry,House,M,911 Sabrina Trafficway,Cochranton,PA,16314,41.5205,-80.0573,5507,Retail merchandiser,1973-07-28,e1b0e26f558b03ed17f54364bfffad57,1375483223,42.155533,-80.584331,0,0.97781247,1
121552,2020-08-02 23:28:50,3576281490078437,"fraud_Rippin, Kub and Mann",misc_net,850.64,Chris,Dixon,M,919 Miller Isle,Williams,IN,47470,38.7735,-86.6285,1735,Financial adviser,1990-06-13,7b511445645cae405f8776134a6ab8b5,1375486130,39.505664,-87.57843299999999,1,0.9835202,1
121572,2020-08-02 23:33:36,3576281490078437,"fraud_Goyette, Howell and Collier",shopping_pos,760.17,Chris,Dixon,M,919 Miller Isle,Williams,IN,47470,38.7735,-86.6285,1735,Financial adviser,1990-06-13,c06384b90ee7a5a063c4147803de2bd2,1375486416,37.783378000000006,-87.08454,1,0.7593665,1
121580,2020-08-02 23:34:24,5359543825610251,fraud_Buckridge PLC,misc_pos,570.28,Michael,Francis,M,1833 Jeanette Stravenue,Belgrade,MT,59714,45.7801,-111.1439,18182,"Engineer, drilling",1975-06-29,2dcc1e330b41a503a7f42d51d5f405b3,1375486464,45.113697,-111.503314,0,0.9504304,1
121641,2020-08-02 23:54:11,4904681492230012,fraud_Mayert Group,shopping_pos,1732.11,Lisa,Lowe,F,574 David Locks Suite 207,Cottekill,NY,12419,41.8467,-74.1038,722,Comptroller,1990-10-19,127ace7bda16b3e99c7ab4fe74b0379c,1375487651,42.363107,-73.900999,0,0.9604842,1
121750,2020-08-03 00:41:02,3577794103155425,fraud_Lockman Ltd,grocery_pos,354.63,Mary,Humphrey,F,9853 Flynn Hollow Apt. 602,Reynolds,ND,58275,47.7068,-97.2092,733,Visual merchandiser,1994-11-12,81623108c2a9696464a26c715605658e,1375490462,46.85439,-96.341042,1,0.6545347,1
121752,2020-08-03 00:42:24,4653879239169997,"fraud_Rohan, White and Aufderhar",misc_net,989.83,Monica,Tucker,F,302 Christina Islands,Smiths Grove,KY,42171,37.0581,-86.1938,6841,"Therapist, sports",1999-06-06,fa320a6a33fd5459d374da96e47791b3,1375490544,37.792589,-85.244334,1,0.8237691,1
121773,2020-08-03 00:51:44,4653879239169997,"fraud_Rippin, Kub and Mann",misc_net,684.27,Monica,Tucker,F,302 Christina Islands,Smiths Grove,KY,42171,37.0581,-86.1938,6841,"Therapist, sports",1999-06-06,44549a6495507f6eb59e38c5b1b4cc26,1375491104,37.611321,-86.39285600000001,1,0.88014054,1
121860,2020-08-03 01:35:25,4725837176265195730,"fraud_Schroeder, Hauck and Treutel",entertainment,532.58,Elizabeth,Mckee,F,358 Pruitt Square,Jay,FL,32565,30.8985,-87.1332,5719,Higher education careers adviser,1994-11-05,058f95bbb994f9d2a1e9dd7b3c09685f,1375493725,31.256189000000003,-87.575991,1,0.7688034,1
121880,2020-08-03 01:43:53,3577794103155425,fraud_Maggio-Fahey,misc_pos,684.31,Mary,Humphrey,F,9853 Flynn Hollow Apt. 602,Reynolds,ND,58275,47.7068,-97.2092,733,Visual merchandiser,1994-11-12,f62547fed07b5d444ca8e53cdbeae2eb,1375494233,46.75386,-97.382143,1,0.86438036,1
121895,2020-08-03 01:50:22,3577794103155425,fraud_Koelpin and Sons,misc_net,772.78,Mary,Humphrey,F,9853 Flynn Hollow Apt. 602,Reynolds,ND,58275,47.7068,-97.2092,733,Visual merchandiser,1994-11-12,821bf185d401a4936ddf637e5ac35bc8,1375494622,48.414592,-96.282691,1,0.84238964,1
121988,2020-08-03 02:34:14,4725837176265195730,fraud_Kassulke PLC,shopping_net,906.2,Elizabeth,Mckee,F,358 Pruitt Square,Jay,FL,32565,30.8985,-87.1332,5719,Higher education careers adviser,1994-11-05,0e7d5f5916e4ef8a3be654201eedb94f,1375497254,31.256958,-86.79565500000001,1,0.559425,1
122019,2020-08-03 02:54:24,30103132002433,"fraud_Bernier, Volkman and Hoeger",misc_net,453.25,Stephanie,Middleton,F,99736 Rose Shoals Apt. 504,Morrisdale,PA,16858,41.0001,-78.2357,3688,Dispensing optician,1987-10-26,47298dfd2834847a932c76267e785c1d,1375498464,40.245887,-77.495398,0,0.81435615,1
122030,2020-08-03 02:58:32,2712209726293386,fraud_Hermann-Gaylord,misc_pos,380.85,Jenna,Brooks,F,50872 Alex Plain Suite 088,Baton Rouge,LA,70808,30.4066,-91.1468,378909,"Designer, furniture",1977-02-22,b644b3636a020366b7e5cd95526edd03,1375498712,29.448281,-91.227965,0,0.58565384,1
122170,2020-08-03 04:00:44,6011626928491360,"fraud_Herman, Treutel and Dickens",misc_net,1156.2,Heather,Roberts,F,62934 Maria Cliffs Suite 350,Bethel Springs,TN,38315,35.2289,-88.64399999999999,3876,Senior tax professional/tax inspector,1960-11-19,7593ed826333a2368e72d9d1552edcbe,1375502444,34.444565999999995,-87.784451,0,0.6908325,1
122236,2020-08-03 04:25:06,676314217768,"fraud_Ferry, Lynch and Kautzer",misc_net,797.29,Ellen,Carrillo,F,9431 Amanda Mills,Odessa,MO,64076,38.9829,-93.9757,9512,Clinical research associate,1972-12-31,67717740079754f9ec7b9945c695b46b,1375503906,38.867199,-93.860302,0,0.6440631,1
122334,2020-08-03 05:12:20,3577578023716568,fraud_Bogisich-Homenick,misc_net,771.16,Debbie,Hughes,F,0182 Owens Burgs Suite 480,Diamond,OH,44412,41.0935,-81.0425,2644,"Engineer, biomedical",1983-08-25,c6c28b8dbdc94771137406bc178f6b99,1375506740,40.334556,-81.220837,0,0.72426635,1
122445,2020-08-03 05:59:52,4979422371139333,fraud_Huel Ltd,misc_net,545.43,Kelly,Zimmerman,F,1893 Katie Tunnel,Westerville,NE,68881,41.4193,-99.3844,73,Product designer,1935-02-10,63642114efa7c08d0c7a149c53097ea8,1375509592,40.702619,-99.003428,0,0.69889313,1
122771,2020-08-03 08:38:43,213125815021702,fraud_Cormier LLC,shopping_net,1017.32,Adam,Kirk,M,40847 Stark Junctions,Big Indian,NY,12410,42.074,-74.453,397,Psychiatrist,1931-09-12,522a88e7e1420924ae46e72d8ae8f48f,1375519123,41.409636,-73.731675,0,0.5023039,1
123806,2020-08-03 15:05:18,3556613125071656,fraud_Pouros-Conroy,shopping_pos,1302.88,Jose,Vasquez,M,572 Davis Mountains,Lake Jackson,TX,77566,29.0393,-95.4401,28739,Futures trader,1999-12-27,f2473ed998d72441ce93daaceacf6564,1375542318,29.122802000000004,-94.4551,0,0.58166105,1
124735,2020-08-03 19:16:35,4725673654161314,fraud_Lemke-Gutmann,shopping_net,969.07,Alex,White,M,874 Fred Knolls Apt. 609,Orient,NY,11957,41.1437,-72.2879,743,Video editor,1968-09-19,445b805b43e360ed4f77ed19f46bb75d,1375557395,41.36776,-72.38510500000001,1,0.8258219,1
124916,2020-08-03 20:09:37,4025612008285111,"fraud_Champlin, Rolfson and Connelly",travel,3954.39,Krystal,Key,F,23142 Montoya Island Apt. 742,Corsica,PA,15829,41.1762,-79.1976,1274,Maintenance engineer,1949-03-20,6d3ac9db366dc35ff19cb0b07f90626b,1375560577,41.661211,-79.661911,0,0.9414791,1
125397,2020-08-03 22:22:52,2358122155477959,fraud_Kihn Inc,shopping_pos,1113.4,Mike,Tran,M,17355 Mendoza Bypass Suite 059,Linthicum Heights,MD,21090,39.2092,-76.6681,9784,"Conservator, furniture",1924-10-30,68e302253cf031d4d5c94fae29e2f35e,1375568572,39.73311,-77.366091,1,0.9829375,1
125475,2020-08-03 22:45:33,4810789809665942990,fraud_Gleason-Macejkovic,shopping_net,713.4,Julie,Sanchez,F,916 Charles Road,Bowersville,OH,45307,39.5756,-83.7153,338,Quantity surveyor,1988-07-28,c03704f9eaa7520448fb2f28f0b4542c,1375569933,39.685937,-84.080221,0,0.5996122,1
125489,2020-08-03 22:48:01,2358122155477959,fraud_Schmidt and Sons,shopping_net,1037.21,Mike,Tran,M,17355 Mendoza Bypass Suite 059,Linthicum Heights,MD,21090,39.2092,-76.6681,9784,"Conservator, furniture",1924-10-30,10ad75eeb90c45a7f64543463a52d998,1375570081,39.167276,-77.027134,1,0.98723537,1
125828,2020-08-04 00:43:26,346208242862904,fraud_Eichmann-Russel,misc_pos,590.14,Tabitha,Reyes,F,20938 Barbara Viaduct,New York City,NY,10280,40.7105,-74.0163,1577385,"Pharmacist, hospital",1961-05-13,c52b98fc4000bec511ea3501f207a7e1,1375577006,40.40794,-73.806937,0,0.642247,1
125872,2020-08-04 01:00:08,4725837176265195730,fraud_Reichel Inc,entertainment,576.18,Elizabeth,Mckee,F,358 Pruitt Square,Jay,FL,32565,30.8985,-87.1332,5719,Higher education careers adviser,1994-11-05,f38afd5fe97482756228e7a008051676,1375578008,30.896216,-87.942563,1,0.91001475,1
125901,2020-08-04 01:14:34,4725837176265195730,"fraud_Goldner, Kovacek and Abbott",grocery_pos,347.5,Elizabeth,Mckee,F,358 Pruitt Square,Jay,FL,32565,30.8985,-87.1332,5719,Higher education careers adviser,1994-11-05,c97ac5f8eee3e0a71ec9c7ee7ed3b6d5,1375578874,31.761515000000003,-87.443668,1,0.64013916,1
125931,2020-08-04 01:25:16,571844099986,fraud_Padberg-Rogahn,entertainment,364.32,Susan,Mills,F,005 Cody Estates,Louisville,KY,40202,38.2507,-85.7476,736284,Engineering geologist,1952-04-02,21ca6b7691b79ea069cabd027cd43395,1375579516,38.008088,-85.469862,0,0.7747803,1
125966,2020-08-04 01:41:37,30491348102802,"fraud_Wiza, Schaden and Stark",misc_pos,997.75,Tommy,Dixon,M,8829 Steele Station,Dresden,KS,67635,39.6094,-100.4112,169,"Librarian, public",1953-07-30,0347ef6e667a111174faace981cf5111,1375580497,40.350676,-100.49823,0,0.5356252,1
126080,2020-08-04 02:38:26,4998109455173950,fraud_Thiel PLC,misc_pos,318.77,Mary,Pruitt,F,2819 Luke Greens Suite 563,Kansas City,MO,64114,38.9621,-94.5959,545147,Counsellor,1987-11-18,987c38e79ca31b59d7d7ee3d2dbeef01,1375583906,39.728243,-94.637595,0,0.8191109,1
126135,2020-08-04 03:03:48,30143713661454,fraud_Nader-Heller,misc_net,667.65,Nicholas,Thornton,M,5270 Megan Burg Suite 756,Halma,MN,56729,48.6669,-96.5969,140,"Embryologist, clinical",1942-01-06,44ded87054b1be041079d1446f7064b1,1375585428,48.959034,-97.458302,0,0.7389181,1
126155,2020-08-04 03:12:07,4653879239169997,"fraud_Kerluke, Kertzmann and Wiza",misc_net,825.63,Monica,Tucker,F,302 Christina Islands,Smiths Grove,KY,42171,37.0581,-86.1938,6841,"Therapist, sports",1999-06-06,e8bfe17202ec76a1a74470c9ebb47a38,1375585927,36.673747,-86.930713,1,0.7891478,1
126302,2020-08-04 04:25:43,30131826429364,fraud_Mante Group,misc_net,448.48,Brianna,Foley,F,57256 Raymond Ports,Knoxville,TN,37932,35.9335,-84.1481,391389,"Designer, industrial/product",1994-04-22,6589078ad4c77b4e1cbbb13604523e1a,1375590343,36.592109,-83.513319,0,0.85497415,1
126316,2020-08-04 04:31:59,3577578023716568,fraud_Kerluke Inc,misc_net,660.98,Debbie,Hughes,F,0182 Owens Burgs Suite 480,Diamond,OH,44412,41.0935,-81.0425,2644,"Engineer, biomedical",1983-08-25,39de691a2f8d511e268d142527911362,1375590719,41.29126,-80.496205,0,0.77674884,1
126527,2020-08-04 06:11:13,4147608975828480,fraud_Miller-Harris,misc_net,516.72,Edward,Tapia,M,354 Gutierrez Gateway,Comfrey,MN,56019,44.1111,-94.9134,914,Health and safety adviser,1944-07-26,e1e5a23947fcd86c1e85486134698173,1375596673,43.856323,-94.522906,0,0.7060957,1
126580,2020-08-04 06:40:39,30175986190993,fraud_Kerluke Inc,misc_net,579.64,Rebecca,Butler,F,0665 Lisa Alley,Winger,MN,56592,47.5375,-95.9941,516,Applications developer,1966-06-07,0afb596a865da2d6fd6d183ae8d59b77,1375598439,48.073717,-96.709553,0,0.6675948,1
127259,2020-08-04 11:59:08,6011382886333463,fraud_Pacocha-Bauch,shopping_pos,978.41,Martin,Duarte,M,6251 Payne Flats Apt. 581,Luzerne,MI,48636,44.6001,-84.2931,864,General practice doctor,1942-05-04,f2b6b276b686049f38428f11641755e4,1375617548,44.969538,-83.53191600000001,0,0.6362572,1
127416,2020-08-04 12:51:29,4755696071492,fraud_Volkman Ltd,misc_net,937.12,Robert,Evans,M,01892 Patricia Vista Apt. 828,Sachse,TX,75048,32.9643,-96.6012,20328,Site engineer,1985-06-20,7d54e7cc1343238972c912f86e33e5f2,1375620689,32.442766,-97.409847,0,0.66309154,1
127708,2020-08-04 14:26:45,3561212938177173,"fraud_Quitzon, Green and Bashirian",shopping_pos,1883.39,Jose,Campbell,M,550 Cunningham Squares,Dadeville,AL,36853,32.8224,-85.7704,8269,Minerals surveyor,1977-01-04,729e36597895f897d77ce3f008966954,1375626405,32.956059,-85.870813,0,0.86562884,1
127922,2020-08-04 15:37:41,3589255887819806,fraud_McGlynn-Jaskolski,misc_pos,1725.81,David,Miller,M,622 Bradley Knoll Apt. 758,Hancock,MD,21750,39.6991,-78.1762,3766,Press photographer,1984-02-14,323b7d666f5d2afad2c56ebe9e086406,1375630661,39.910148,-77.752605,0,0.8845978,1
128477,2020-08-04 18:27:12,4727244663135968,fraud_Schmitt Ltd,misc_net,792.98,Mary,Lewis,F,118 Justin Extension,Bay Minette,AL,36507,30.8635,-87.7644,19090,Science writer,1929-05-30,d0134311f2a17638202fcd3e8e3ce8ba,1375640832,30.914325,-88.35544399999999,1,0.9918567,1
128488,2020-08-04 18:32:43,4129767952109660,"fraud_Little, Gutmann and Lynch",shopping_net,2915.33,Cheryl,Ballard,F,248 James Squares Apt. 838,Halstad,MN,56548,47.3551,-96.798,771,"Scientist, audiological",1972-06-14,63d41629d7a4a7b0a5b7b3a62f72e579,1375641163,47.828199,-96.778699,0,0.9419573,1
128568,2020-08-04 18:54:03,4561546772499,fraud_Kozey-Boehm,shopping_net,1674.0,Daniel,Briggs,M,7118 Jessica Unions Apt. 789,Moriarty,NM,87035,34.9889,-106.0609,7268,"Therapist, art",1988-08-04,e4929a547a366eae8f8b65856c1d3805,1375642443,34.871702,-106.772905,0,0.89417756,1
128576,2020-08-04 18:55:46,4908846471916297,"fraud_Baumbach, Feeney and Morar",shopping_net,1481.4,Lauren,Torres,F,03030 White Lakes,Grandview,TX,76050,32.2779,-97.2351,5875,"Radiographer, therapeutic",1992-07-24,fce00494c37101c9123d41d37cb81beb,1375642546,31.364901,-96.366696,0,0.8809084,1
128618,2020-08-04 19:06:36,3523898249167098,fraud_Kassulke PLC,shopping_net,2708.39,Joshua,Carpenter,M,04975 Allison Shoal,Bronx,NY,10463,40.8798,-73.9067,1382480,"Therapist, drama",1990-11-09,ae9158ff692fe1ef36071cc108de0c7c,1375643196,41.223938,-72.998663,0,0.9387396,1
128692,2020-08-04 19:30:31,4797297220948468262,fraud_Rempel Inc,shopping_net,787.8,Erica,Briggs,F,3310 Davidson Spurs Apt. 107,Oolitic,IN,47451,38.8938,-86.5246,1228,Counsellor,1991-03-13,0798921f92feb7e5d52afed0f72c83b3,1375644631,39.221729,-86.20982,0,0.6068219,1
129011,2020-08-04 21:08:49,3521417320836166,"fraud_Stanton, Jakubowski and Baumbach",shopping_net,1272.46,Angela,Hodges,F,08236 Kim Hill,Indianapolis,IN,46254,39.849,-86.272,910148,Firefighter,1975-11-30,d2dd17700dc702cb78b6ccb0e0c46aa7,1375650529,40.597569,-87.104959,0,0.9801067,1
129119,2020-08-04 21:40:05,3533742182628021,fraud_Ankunding-Carroll,travel,1394.88,Robert,Haynes,M,857 Aaron Circles Suite 398,Johns Island,SC,29455,32.8357,-79.8217,20478,Materials engineer,1997-06-04,68bf4d483f076bfd2642833720a4dafe,1375652405,32.857694,-80.65042700000001,0,0.61586106,1
129229,2020-08-04 22:08:11,4725673654161314,fraud_Schmitt Ltd,misc_net,758.6,Alex,White,M,874 Fred Knolls Apt. 609,Orient,NY,11957,41.1437,-72.2879,743,Video editor,1968-09-19,ba9dad094b82fc7b126a0649ffe5b5e0,1375654091,41.516219,-72.489861,1,0.98414016,1
129233,2020-08-04 22:09:56,4725673654161314,fraud_Kunze Inc,grocery_pos,330.62,Alex,White,M,874 Fred Knolls Apt. 609,Orient,NY,11957,41.1437,-72.2879,743,Video editor,1968-09-19,a824f7a50d3e610e2de5855d69f2c7fc,1375654196,40.817996,-72.66471999999999,1,0.73062974,1
129238,2020-08-04 22:11:52,4725673654161314,fraud_Schumm PLC,shopping_net,918.58,Alex,White,M,874 Fred Knolls Apt. 609,Orient,NY,11957,41.1437,-72.2879,743,Video editor,1968-09-19,72b28ca88355fea9e986f03a576d39c6,1375654312,40.680353,-73.043091,1,0.9325556,1
129296,2020-08-04 22:26:34,2358122155477959,fraud_Goyette Inc,shopping_net,916.74,Mike,Tran,M,17355 Mendoza Bypass Suite 059,Linthicum Heights,MD,21090,39.2092,-76.6681,9784,"Conservator, furniture",1924-10-30,51fc51c80f985c445bca3d291f3a0ed9,1375655194,38.724457,-76.409841,1,0.9864796,1
129306,2020-08-04 22:28:59,4727244663135968,fraud_Kuphal-Bartoletti,misc_net,742.86,Mary,Lewis,F,118 Justin Extension,Bay Minette,AL,36507,30.8635,-87.7644,19090,Science writer,1929-05-30,745cf8d3192c8f2c57ad94ed6cd19de5,1375655339,31.398897,-87.561314,1,0.9930528,1
129314,2020-08-04 22:31:27,5359543825610251,fraud_Gutmann-Upton,misc_pos,442.24,Michael,Francis,M,1833 Jeanette Stravenue,Belgrade,MT,59714,45.7801,-111.1439,18182,"Engineer, drilling",1975-06-29,5ac90414da6360e6a00498bf50190c80,1375655487,45.921009000000005,-110.255146,0,0.66714907,1
129480,2020-08-04 23:24:19,4653879239169997,fraud_Rempel Inc,shopping_net,891.63,Monica,Tucker,F,302 Christina Islands,Smiths Grove,KY,42171,37.0581,-86.1938,6841,"Therapist, sports",1999-06-06,600b5f31691f66e0839e5a7b589ef855,1375658659,36.663875,-86.737973,1,0.7031839,1
129485,2020-08-04 23:25:19,3543591270174051,fraud_McGlynn-Heathcote,misc_net,377.93,Margaret,Lam,F,6911 Nicholas Keys Apt. 237,Armagh,PA,15920,40.4603,-79.0097,922,Early years teacher,1972-10-04,5c12f3c25c6336bc7a382737b441ead1,1375658719,41.31825,-79.34042099999999,0,0.9117303,1
129844,2020-08-05 04:48:55,180046617132290,fraud_Hermann-Gaylord,misc_pos,975.66,Erika,Mason,F,083 Karen Island Apt. 656,Goreville,IL,62939,37.575,-88.9655,3119,"Teacher, secondary school",1942-04-17,935c9a5c3e650b8ced039bd5021a9a10,1375678135,36.825072,-88.67361899999999,0,0.55463666,1
130117,2020-08-05 09:36:49,38580485618059,"fraud_Lehner, Mosciski and King",misc_net,660.01,Teresa,Clark,F,1323 Derek Mission,Noonan,ND,58765,48.8856,-103.0098,248,Industrial/product designer,1968-05-13,9eb1de2840767cebec675492a729b206,1375695409,48.189548,-103.45237,0,0.716045,1
130139,2020-08-05 09:52:12,3595192916105588,fraud_Kerluke PLC,misc_net,1547.35,Dustin,Roberts,M,3283 James Station,Fayetteville,NC,28314,35.0583,-79.008,238602,"Scientist, research (maths)",1993-05-14,1eade9dd24fc4044c6aa3a54508e2ab7,1375696332,34.140392,-78.914824,0,0.7357576,1
130521,2020-08-05 14:39:16,3508104404056005,"fraud_Baumbach, Hodkiewicz and Walsh",shopping_pos,1134.81,Michael,Fisher,M,401 Escobar Port,East Troy,WI,53120,42.8035,-88.4092,9679,"Engineer, production",1991-04-11,7eca3e77c1f02cf7f1526fdf1ae3163c,1375713556,42.499639,-89.23785,0,0.72454196,1
130681,2020-08-05 16:32:55,4104312520615374,fraud_Sawayn PLC,shopping_pos,1994.17,Brooke,Rodriguez,F,901 Todd Gardens Apt. 466,Mountain Center,CA,92561,33.6401,-116.5567,1661,"Therapist, music",1988-09-19,ba25d06cd36738edd7bf60c3e5149df0,1375720375,33.473699,-116.330276,0,0.8604034,1
130823,2020-08-05 18:08:43,3541160328600277,fraud_Kessler Inc,travel,8645.35,Jason,Singh,M,4720 Anna Ways,Murrayville,IL,62668,39.5723,-90.2379,1512,Commercial/residential surveyor,2003-05-07,26cb2656d2ea079cf0a0e19e7152afbe,1375726123,40.272097,-90.890833,0,0.89112693,1
130861,2020-08-05 18:38:53,6506982560413523,"fraud_Larson, Quitzon and Spencer",travel,1654.11,Alice,Kemp,F,057 Martinez Radial,Texarkana,AR,71854,33.431,-93.8765,36438,Surgeon,1985-04-15,28bfcd940f45723b7866b2fce5390996,1375727933,34.138392,-93.411048,0,0.7726616,1
131089,2020-08-05 20:55:07,3534093764340240,"fraud_Ritchie, Bradtke and Stiedemann",travel,6782.92,Jeremy,White,M,9443 Cynthia Court Apt. 038,Boulder,MT,59632,46.2306,-112.1138,1939,Patent attorney,1967-01-12,7cb41cb2180000336638853b3efeb82e,1375736107,47.085568,-111.242815,0,0.9208072,1
131183,2020-08-05 22:11:41,348253506557335,"fraud_Kihn, Abernathy and Douglas",shopping_net,1117.83,Thomas,Gibson,M,32745 Silva Springs Suite 040,Grand Bay,AL,36541,30.4983,-88.3282,15647,Armed forces logistics/support/administrative officer,1948-03-22,436518c5eaad266b20f8639f2e5f5826,1375740701,30.755653,-88.809163,1,0.98102015,1
131235,2020-08-05 22:38:35,4727244663135968,fraud_Lemke-Gutmann,shopping_net,855.28,Mary,Lewis,F,118 Justin Extension,Bay Minette,AL,36507,30.8635,-87.7644,19090,Science writer,1929-05-30,348e68dd4bf32d012aca5defceabd795,1375742315,31.563648,-87.106188,1,0.98455507,1
131272,2020-08-05 23:02:12,348253506557335,fraud_Kris-Weimann,misc_net,723.97,Thomas,Gibson,M,32745 Silva Springs Suite 040,Grand Bay,AL,36541,30.4983,-88.3282,15647,Armed forces logistics/support/administrative officer,1948-03-22,d615788fa32af5d1dc4b8f17863ac07c,1375743732,30.591638,-88.90396899999999,1,0.99276394,1
131293,2020-08-05 23:12:06,30235268718158,"fraud_Turner, Ruecker and Parisian",misc_pos,928.58,Kenneth,Doyle,M,8614 Reed Glen,West Harrison,NY,10604,41.0592,-73.7395,11250,Lexicographer,1977-08-16,0732732b4ff66558264fb1d4f12e05a1,1375744326,40.527249,-73.530541,0,0.9612996,1
131361,2020-08-05 23:54:19,4727244663135968,"fraud_Baumbach, Hodkiewicz and Walsh",shopping_pos,1010.08,Mary,Lewis,F,118 Justin Extension,Bay Minette,AL,36507,30.8635,-87.7644,19090,Science writer,1929-05-30,a3ef4a0acbbd0cf86bf951ee1983cd23,1375746859,30.355717,-87.019374,1,0.982363,1
131376,2020-08-06 00:14:23,4518350514020532,fraud_Nader-Heller,misc_net,821.28,Christopher,Gregory,M,9579 Porter Tunnel,Wauchula,FL,33873,27.5517,-81.8074,14742,Teaching laboratory technician,1993-02-26,09f959ba5481ba7b1a7c575be39008a1,1375748063,28.053975,-80.965234,1,0.8120855,1
131408,2020-08-06 00:31:17,213180742685905,"fraud_Hayes, Marquardt and Dibbert",misc_net,1152.11,Kayla,Sutton,F,010 Weaver Land,Carlotta,CA,95528,40.507,-123.9743,1139,"Therapist, occupational",1951-01-15,a3ea628f33e275d4192b5224d6728f31,1375749077,41.075132,-123.352709,0,0.6776257,1
131434,2020-08-06 00:45:44,30199621383748,fraud_Wolf Inc,grocery_pos,366.56,Theresa,Powell,F,117 Natasha Vista Suite 936,Leonard,TX,75452,33.4044,-96.2238,4090,Sub,1977-03-23,2209f247f264dbdac85a1ee11c6f5e4d,1375749944,34.10204,-95.911024,1,0.7702755,1
131478,2020-08-06 01:16:39,4518350514020532,"fraud_Rodriguez, Yost and Jenkins",misc_net,615.95,Christopher,Gregory,M,9579 Porter Tunnel,Wauchula,FL,33873,27.5517,-81.8074,14742,Teaching laboratory technician,1993-02-26,9a01576de3ec98ff84397b6305a6ec59,1375751799,27.155671,-82.14097,1,0.8291907,1
131487,2020-08-06 01:23:11,30199621383748,"fraud_Mosciski, Ziemann and Farrell",shopping_net,1116.06,Theresa,Powell,F,117 Natasha Vista Suite 936,Leonard,TX,75452,33.4044,-96.2238,4090,Sub,1977-03-23,09f470a01a7bd7ef009eb4d9dc1cd2ba,1375752191,33.767247999999995,-96.867737,1,0.6027686,1
131567,2020-08-06 02:27:05,4518350514020532,fraud_Koelpin and Sons,misc_net,709.07,Christopher,Gregory,M,9579 Porter Tunnel,Wauchula,FL,33873,27.5517,-81.8074,14742,Teaching laboratory technician,1993-02-26,2b87078886a63c9cbae655d39b54ce75,1375756025,27.120883000000003,-81.448566,1,0.81599945,1
131811,2020-08-06 05:36:15,4998109455173950,fraud_Kerluke PLC,misc_net,456.48,Mary,Pruitt,F,2819 Luke Greens Suite 563,Kansas City,MO,64114,38.9621,-94.5959,545147,Counsellor,1987-11-18,8119f6fce1211db3f024e1eae37c9157,1375767375,39.174383,-94.795368,0,0.57193214,1
131860,2020-08-06 06:25:06,4736845434667908128,"fraud_Boehm, Predovic and Reinger",misc_pos,990.21,Toni,Gomez,F,062 Carl Dam,Altona,NY,12910,44.8816,-73.6408,2148,"Surveyor, land/geomatics",1953-05-23,5f80e486a2c1281fc5188f5f6966054f,1375770306,44.213802,-72.944404,0,0.6892481,1
131866,2020-08-06 06:29:44,30199621383748,fraud_Johns-Hoeger,entertainment,530.09,Theresa,Powell,F,117 Natasha Vista Suite 936,Leonard,TX,75452,33.4044,-96.2238,4090,Sub,1977-03-23,0023e99eccc5def33c3bb162ff3f5955,1375770584,33.430213,-95.423245,1,0.63575035,1
132135,2020-08-06 10:19:47,4124536010991657,fraud_Spencer-Runolfsson,misc_pos,1385.83,Sydney,Montoya,F,265 Christian Summit Suite 231,Fairhope,AL,36532,30.5012,-87.8835,27829,"Presenter, broadcasting",1954-07-21,6b2ad2145ea0ddf7b21503df170c0e44,1375784387,29.524664,-87.505408,0,0.82983625,1
132166,2020-08-06 10:37:58,213161869125933,fraud_Miller-Harris,misc_net,876.93,Monica,Lane,F,3270 Scott Islands,East Andover,ME,4226,44.6084,-70.6993,190,Animal nutritionist,1970-04-17,dbcb6d23c453fa085d2f56c20edab1df,1375785478,44.545279,-70.280941,0,0.79319257,1
132338,2020-08-06 12:43:16,639023984367,fraud_Terry-Huel,shopping_net,1323.95,Destiny,Lowe,F,79472 Stevens Trace Apt. 120,Hannawa Falls,NY,13647,44.6087,-74.9732,69,Chief Executive Officer,1991-06-05,e281dcf1ea5922c1676a66cc25c2c30d,1375792996,43.984392,-74.18275899999999,0,0.81376994,1
132431,2020-08-06 13:35:56,2720830304681674,fraud_Metz-Boehm,shopping_pos,1042.83,Melissa,Aguilar,F,21326 Taylor Squares Suite 708,Clarksville,TN,37040,36.522,-87.34899999999999,151785,Pathologist,1974-03-28,588e4b3380704c7a4341cfb561e305ca,1375796156,36.629197,-87.244429,0,0.67072165,1
132654,2020-08-06 15:39:13,4155021259183870,"fraud_Greenholt, O'Hara and Balistreri",shopping_net,2352.98,Renee,Parrish,F,174 Jennifer Meadow Apt. 467,Mountain Park,OK,73559,34.7032,-98.9591,540,Research scientist (life sciences),1983-10-12,02b13d250d2e5fffb461717f3edd5b49,1375803553,34.580133000000004,-98.604064,0,0.87506753,1
132868,2020-08-06 17:49:49,3595192916105588,"fraud_Kuhic, Bins and Pfeffer",shopping_net,1811.73,Dustin,Roberts,M,3283 James Station,Fayetteville,NC,28314,35.0583,-79.008,238602,"Scientist, research (maths)",1993-05-14,a474c2af9c3be05c2e703514e0515783,1375811389,34.475982,-79.714285,0,0.89935184,1
133114,2020-08-06 20:13:32,3531129874770000,fraud_Schumm PLC,shopping_net,648.2,Shelby,Mitchell,F,974 Cindy Stream,Brandon,VT,5733,43.8065,-73.0882,5895,"Scientist, marine",1975-07-13,56f43c9820148f73d1f2d0455b313e78,1375820012,43.796312,-72.198839,0,0.61142033,1
133268,2020-08-06 22:02:19,348253506557335,fraud_Pacocha-Bauch,shopping_pos,935.6,Thomas,Gibson,M,32745 Silva Springs Suite 040,Grand Bay,AL,36541,30.4983,-88.3282,15647,Armed forces logistics/support/administrative officer,1948-03-22,173e6d158f43108c92f11330fd60b42f,1375826539,29.577144,-89.286047,1,0.9669385,1
133275,2020-08-06 22:05:30,4518350514020532,"fraud_Towne, Greenholt and Koepp",shopping_net,969.54,Christopher,Gregory,M,9579 Porter Tunnel,Wauchula,FL,33873,27.5517,-81.8074,14742,Teaching laboratory technician,1993-02-26,37e0ffa627cd2a15ee0fde17728d1830,1375826730,26.868866,-81.77568000000001,1,0.70323974,1
133290,2020-08-06 22:10:53,3597926034019603,fraud_Dickinson-Rempel,misc_pos,1645.88,Derrick,Flores,M,83690 Nicholas Ports Apt. 846,Oakland,TN,38060,35.2229,-89.5518,9496,Furniture conservator/restorer,1993-03-23,ddea6be7c3277046aa79010ac133c055,1375827053,35.655823,-90.515198,0,0.96630836,1
133300,2020-08-06 22:15:19,348253506557335,"fraud_Streich, Dietrich and Barton",shopping_net,1267.18,Thomas,Gibson,M,32745 Silva Springs Suite 040,Grand Bay,AL,36541,30.4983,-88.3282,15647,Armed forces logistics/support/administrative officer,1948-03-22,f652df33e5877d73c422fa8799db45b3,1375827319,30.39588,-89.191137,1,0.98537725,1
133419,2020-08-06 23:24:21,4424338559877976,fraud_Brown-Greenholt,entertainment,185.16,Denise,Barnett,F,23220 Eaton Harbors,Kirby,OH,43330,40.813,-83.4196,118,Private music teacher,1957-11-12,bed7e4ac3970c36bba785dc865773d07,1375831461,41.556509000000005,-83.51664699999999,0,0.5096349,1
133465,2020-08-06 23:52:16,6595970453799027,fraud_Bashirian Group,shopping_net,1051.86,Gina,Gomez,F,72030 Shelton Crossing Apt. 742,Stirling,NJ,7980,40.6774,-74.4968,2307,Science writer,1969-09-11,27bc87a6103747819b66b505a2f3f669,1375833136,39.983503000000006,-75.28355400000001,1,0.9502165,1
133471,2020-08-06 23:53:54,348253506557335,"fraud_Schultz, Simonis and Little",grocery_pos,332.71,Thomas,Gibson,M,32745 Silva Springs Suite 040,Grand Bay,AL,36541,30.4983,-88.3282,15647,Armed forces logistics/support/administrative officer,1948-03-22,f5fca8b13dc8428bcd373c7561ab837a,1375833234,31.315238,-88.522865,1,0.8906061,1
133485,2020-08-07 00:03:32,376445266762684,fraud_Spencer-Runolfsson,misc_pos,714.17,Rachel,Lowe,F,372 Jeffrey Course,Sutherland,NE,69165,41.1558,-101.136,1789,Insurance broker,1982-02-11,4153c58ec1c1ed7567afe299b8477137,1375833812,40.8865,-100.286657,1,0.7882354,1
133596,2020-08-07 01:33:57,36078114201167,fraud_Durgan-Auer,misc_net,499.82,Christopher,Horn,M,956 Sanchez Highway,Mallie,KY,41836,37.2692,-82.9161,798,Facilities manager,1926-06-26,286f2b0c71fe185510c148e2b28b69c7,1375839237,36.535788,-82.814595,0,0.7676223,1
133632,2020-08-07 02:04:18,584673555952,fraud_Mante Group,misc_net,1315.78,Jessica,Jordan,F,071 Wise Trace,Coleharbor,ND,58531,47.5196,-101.2332,307,Make,1930-08-13,ded890ac59f6a1a17056c3efc0001bb2,1375841058,47.78051,-101.048801,0,0.78001106,1
133672,2020-08-07 02:33:47,4518350514020532,fraud_Dooley-Thompson,misc_net,814.59,Christopher,Gregory,M,9579 Porter Tunnel,Wauchula,FL,33873,27.5517,-81.8074,14742,Teaching laboratory technician,1993-02-26,b9075ba1f52dbb4947b875d1c77f0c0b,1375842827,27.576053,-82.53643000000001,1,0.78677106,1
133679,2020-08-07 02:39:31,375082648741747,"fraud_Lehner, Reichert and Mills",misc_pos,844.57,Shannon,Bell,F,2918 David Spurs,Georgetown,MN,56546,47.0999,-96.727,346,"Research officer, trade union",1976-12-14,8e7d6c415a3bab024277fcbb83549b63,1375843171,46.138938,-96.161376,1,0.690706,1
133686,2020-08-07 02:44:10,4518350514020532,fraud_Donnelly PLC,misc_net,695.52,Christopher,Gregory,M,9579 Porter Tunnel,Wauchula,FL,33873,27.5517,-81.8074,14742,Teaching laboratory technician,1993-02-26,9c8a4fc8aa4204d4b0b9e471f477c00d,1375843450,27.407403,-82.662143,1,0.8377538,1
133765,2020-08-07 03:44:44,343464013864032,"fraud_Johnson, Runolfsdottir and Mayer",misc_net,1106.31,Jodi,Foster,F,551 Zachary Freeway,Bailey,NC,27807,35.8072,-78.0892,6629,Call centre manager,1962-08-13,db3e443f0c99f8901dd0479c098c952e,1375847084,36.555573,-78.79333299999999,0,0.70613897,1
133781,2020-08-07 03:56:09,375082648741747,fraud_Miller-Harris,misc_net,778.4,Shannon,Bell,F,2918 David Spurs,Georgetown,MN,56546,47.0999,-96.727,346,"Research officer, trade union",1976-12-14,70382df57e2fa5ce5a91377fd9462149,1375847769,48.016888,-96.653005,1,0.7521016,1
134489,2020-08-07 12:56:17,4861310130652566408,"fraud_Mosciski, Ziemann and Farrell",shopping_net,1120.4,Ashley,Cruz,F,65417 Walsh Radial Suite 691,Saint Amant,LA,70774,30.2385,-90.8435,10076,"Surveyor, rural practice",1977-12-16,2d93fb1dee8d9094444662eb6067be9a,1375880177,29.361733,-90.715105,0,0.5935621,1
135108,2020-08-07 18:22:07,3543591270174051,"fraud_Lehner, Reichert and Mills",misc_pos,810.81,Margaret,Lam,F,6911 Nicholas Keys Apt. 237,Armagh,PA,15920,40.4603,-79.0097,922,Early years teacher,1972-10-04,77109571c2936bf88ae49b327bfeea70,1375899727,40.981311,-79.197728,0,0.955321,1
135173,2020-08-07 18:49:36,3583635130604947,fraud_Mohr Inc,shopping_pos,430.54,Crystal,Gamble,F,899 Michele View Suite 960,Philadelphia,PA,19149,40.0369,-75.0664,1526206,Structural engineer,1985-01-01,acf635d190b0f6d642f3a9d52877342f,1375901376,40.371596,-75.16595600000001,0,0.8062148,1
135502,2020-08-07 21:41:46,4364010865167176,fraud_Gutmann-Upton,misc_pos,741.17,Gary,Martinez,M,03512 Jackson Ports,Reno,NV,89512,39.5483,-119.7957,276896,Immunologist,1997-03-12,e8abb11b7ac7898461b6e7af278a5af1,1375911706,39.72053,-119.719446,0,0.7817902,1
135604,2020-08-07 22:26:33,6595970453799027,fraud_Kuhic LLC,shopping_net,1171.12,Gina,Gomez,F,72030 Shelton Crossing Apt. 742,Stirling,NJ,7980,40.6774,-74.4968,2307,Science writer,1969-09-11,cbf796902763fd030c35546f09527cef,1375914393,39.769553,-75.031189,1,0.9745894,1
135610,2020-08-07 22:27:48,376445266762684,fraud_Hermann and Sons,shopping_pos,1043.4,Rachel,Lowe,F,372 Jeffrey Course,Sutherland,NE,69165,41.1558,-101.136,1789,Insurance broker,1982-02-11,80a1a271990ee56b0c6d5e31013962ee,1375914468,41.786423,-101.020784,1,0.9232437,1
135667,2020-08-07 22:53:40,4755696071492,fraud_Denesik and Sons,shopping_pos,1255.22,Robert,Evans,M,01892 Patricia Vista Apt. 828,Sachse,TX,75048,32.9643,-96.6012,20328,Site engineer,1985-06-20,bf128d85c1a252231b0274ba9defbe5d,1375916020,33.885386,-96.542133,0,0.92964107,1
135723,2020-08-07 23:17:34,6595970453799027,fraud_Terry-Huel,shopping_net,815.62,Gina,Gomez,F,72030 Shelton Crossing Apt. 742,Stirling,NJ,7980,40.6774,-74.4968,2307,Science writer,1969-09-11,40ec2eb509eee02156eb1fc5bd164247,1375917454,41.507465,-74.528902,1,0.9497991,1
135726,2020-08-07 23:18:24,375082648741747,fraud_Heaney-Marquardt,entertainment,498.78,Shannon,Bell,F,2918 David Spurs,Georgetown,MN,56546,47.0999,-96.727,346,"Research officer, trade union",1976-12-14,a9e8385170dbd301101eff3695e161ca,1375917504,46.493104,-97.390103,1,0.9688525,1
135733,2020-08-07 23:23:52,376445266762684,"fraud_Nitzsche, Kessler and Wolff",shopping_pos,1079.08,Rachel,Lowe,F,372 Jeffrey Course,Sutherland,NE,69165,41.1558,-101.136,1789,Insurance broker,1982-02-11,38633a56e0f918113fb9fba82fd55148,1375917832,41.779142,-100.942277,1,0.9336087,1
135758,2020-08-07 23:35:22,4642255475285942,fraud_Smith-Stokes,misc_pos,468.7,Sabrina,Johnson,F,320 Nicholson Orchard,Thompson,UT,84540,38.9999,-109.615,46,"Surveyor, minerals",1987-04-23,8685a308b780e59527f35a4bcbc5c19d,1375918522,39.878589,-108.619326,0,0.5093828,1
135780,2020-08-07 23:47:03,4069975342931683,fraud_Breitenberg LLC,travel,2285.6,Kimberly,Martin,F,1943 Dennis Inlet Suite 145,Hurricane,WV,25526,38.4257,-81.9943,21902,Sub,1980-09-18,14434ec7f57f27960699d2cd5ddcaecb,1375919223,38.839323,-82.831136,0,0.94475305,1
135787,2020-08-07 23:48:26,6595970453799027,"fraud_Moen, Reinger and Murphy",grocery_pos,333.49,Gina,Gomez,F,72030 Shelton Crossing Apt. 742,Stirling,NJ,7980,40.6774,-74.4968,2307,Science writer,1969-09-11,25c21a1fe8f04865ae0c5aafa3d41b61,1375919306,40.111432,-75.304048,1,0.8509234,1
135973,2020-08-08 02:02:02,376445266762684,"fraud_Stanton, Jakubowski and Baumbach",shopping_net,1107.33,Rachel,Lowe,F,372 Jeffrey Course,Sutherland,NE,69165,41.1558,-101.136,1789,Insurance broker,1982-02-11,563f710e03fe0a2e06eebeb46307bbaf,1375927322,40.427648,-100.746378,1,0.6086005,1
135983,2020-08-08 02:07:47,376445266762684,"fraud_Altenwerth, Cartwright and Koss",shopping_net,882.83,Rachel,Lowe,F,372 Jeffrey Course,Sutherland,NE,69165,41.1558,-101.136,1789,Insurance broker,1982-02-11,ed037bf9087620bade94230a48f44a84,1375927667,42.010574,-102.108069,1,0.629619,1
135994,2020-08-08 02:13:59,376445266762684,fraud_Pacocha-Bauch,shopping_pos,1051.31,Rachel,Lowe,F,372 Jeffrey Course,Sutherland,NE,69165,41.1558,-101.136,1789,Insurance broker,1982-02-11,f2168997827ec90bb1c46ef25dbfc8dd,1375928039,42.080129,-101.566291,1,0.6054576,1
136032,2020-08-08 02:40:39,4476840372112,"fraud_Johnson, Runolfsdottir and Mayer",misc_net,762.62,Steven,Walters,M,3206 Hall Divide Suite 282,Woodville,AL,35776,34.6689,-86.2296,3395,"Editor, commissioning",1979-01-21,62ad0340ed20d75709c28d938209fca3,1375929639,34.249657,-85.394735,1,0.7654681,1
136086,2020-08-08 03:16:46,4476840372112,"fraud_Ferry, Lynch and Kautzer",misc_net,766.03,Steven,Walters,M,3206 Hall Divide Suite 282,Woodville,AL,35776,34.6689,-86.2296,3395,"Editor, commissioning",1979-01-21,9376217246d97b643b9da6da457bbce0,1375931806,34.445289,-86.86917700000001,1,0.7414751,1
136102,2020-08-08 03:31:20,375082648741747,"fraud_Parisian, Schiller and Altenwerth",misc_net,954.19,Shannon,Bell,F,2918 David Spurs,Georgetown,MN,56546,47.0999,-96.727,346,"Research officer, trade union",1976-12-14,bbf9fd1375c52b89e5a15ed9158b1560,1375932680,46.918994,-95.855367,1,0.72825956,1
136717,2020-08-08 11:27:16,30153452207526,fraud_Kerluke PLC,misc_net,1062.04,Robin,Smith,F,0537 Margaret Common Suite 526,Coleman,TX,76834,31.8287,-99.427,5908,Radio producer,1962-04-05,f9efed515146dd9b20e457e38ea2b220,1375961236,31.873708,-100.090956,0,0.85652053,1
136724,2020-08-08 11:31:28,4997733566924489,"fraud_Rippin, Kub and Mann",misc_net,588.67,Stephanie,Taylor,F,598 Martin Pine Suite 365,Saint Paul,MN,55128,44.9913,-92.9487,753116,Fisheries officer,1971-08-06,80cbafc616ff21b7f8e064fc306117b8,1375961488,44.54608,-93.224239,0,0.7467234,1
137063,2020-08-08 14:50:10,581686439828,fraud_Pouros-Haag,shopping_pos,4394.25,Larry,House,M,911 Sabrina Trafficway,Cochranton,PA,16314,41.5205,-80.0573,5507,Retail merchandiser,1973-07-28,bcee59cb0099cc8b38a4a8a96dd7ef1e,1375973410,41.11965,-79.491546,0,0.9005901,1
137068,2020-08-08 14:53:03,6011504998544485,"fraud_Heathcote, Yost and Kertzmann",shopping_net,1243.78,Ashley,Whitney,F,4038 Smith Avenue,Jones,AL,36749,32.5104,-86.8138,1089,Materials engineer,1971-11-02,3ccf7fb85f30b085eb8eeeb810f2a363,1375973583,32.248363,-87.136974,0,0.8155039,1
137093,2020-08-08 15:07:04,4005676619255478,fraud_Jacobi and Sons,shopping_pos,1781.75,William,Perry,M,458 Phillips Island Apt. 768,Denham Springs,LA,70726,30.459,-90.9027,71335,Herbalist,1994-05-31,0a2f454c3fa581fcc30f35b4dc152a21,1375974424,30.780052,-91.513141,0,0.8099062,1
137205,2020-08-08 15:56:19,3518758680062249,fraud_Haley Group,misc_pos,1184.21,Antonio,Koch,M,8738 Richard Brooks,Moab,UT,84532,38.5677,-109.5271,9772,Location manager,1989-11-24,07f2f791c668e12262fc8dbad4463313,1375977379,38.149309,-109.707475,0,0.8204618,1
137951,2020-08-08 22:13:17,343819048608995,fraud_Kris-Padberg,shopping_pos,877.38,Shelby,Cannon,F,1535 Ryan Burgs Suite 919,Des Moines,IA,50312,41.5855,-93.6719,222785,Wellsite geologist,1956-01-24,46b7d863b316eb5e0850ea5d767c5cdb,1375999997,41.539204,-94.26698,1,0.9738361,1
137964,2020-08-08 22:17:07,343819048608995,fraud_Terry-Huel,shopping_net,931.91,Shelby,Cannon,F,1535 Ryan Burgs Suite 919,Des Moines,IA,50312,41.5855,-93.6719,222785,Wellsite geologist,1956-01-24,5b810f68af2b0c1dcb8a138c55c71905,1376000227,41.129931,-94.381911,1,0.9845323,1
137984,2020-08-08 22:25:43,343819048608995,"fraud_Mosciski, Gislason and Mertz",grocery_pos,290.4,Shelby,Cannon,F,1535 Ryan Burgs Suite 919,Des Moines,IA,50312,41.5855,-93.6719,222785,Wellsite geologist,1956-01-24,46d0fa9918809a768f5475128d3d76c7,1376000743,41.967764,-93.884543,1,0.9195421,1
137986,2020-08-08 22:26:16,343819048608995,fraud_Howe PLC,entertainment,471.23,Shelby,Cannon,F,1535 Ryan Burgs Suite 919,Des Moines,IA,50312,41.5855,-93.6719,222785,Wellsite geologist,1956-01-24,e945cebdbeafc4fe0eb71b9a10d867f7,1376000776,41.156542,-94.007862,1,0.9922742,1
138072,2020-08-08 23:08:58,376445266762684,"fraud_Schroeder, Hauck and Treutel",entertainment,510.36,Rachel,Lowe,F,372 Jeffrey Course,Sutherland,NE,69165,41.1558,-101.136,1789,Insurance broker,1982-02-11,15cbe4ad9e7a930a24e1f66a0c483ff0,1376003338,41.880136,-100.329785,1,0.96553195,1
138154,2020-08-08 23:43:48,341283058448499,"fraud_Kunze, Larkin and Mayert",travel,2849.74,Mario,Johns,M,62130 Miller Square Suite 785,Brinson,GA,39825,30.9788,-84.7373,1461,"Engineer, broadcasting (operations)",1935-09-08,00b4896fcf966e7efb965e84fb907a3b,1376005428,31.51341,-84.195955,0,0.96689916,1
138242,2020-08-09 00:18:24,6011382886333463,fraud_Durgan-Auer,misc_net,583.98,Martin,Duarte,M,6251 Payne Flats Apt. 581,Luzerne,MI,48636,44.6001,-84.2931,864,General practice doctor,1942-05-04,faa5c54bc9dba22abb03517e2cb23040,1376007504,43.944758,-83.95046500000001,0,0.7673297,1
138254,2020-08-09 00:28:17,30029052116970,fraud_Schmitt Ltd,misc_net,705.09,Curtis,Young,M,4319 Watson Shoals Suite 658,Falconer,NY,14733,42.1239,-79.1895,3833,Metallurgist,1970-10-09,98c13aec95a4940e2b64c4929bbab9ee,1376008097,42.126966,-78.377289,0,0.76880956,1
138275,2020-08-09 00:39:05,38544312728630,fraud_Towne LLC,misc_pos,602.77,Veronica,Burton,F,08932 Bonnie Stravenue,Bonita Springs,FL,34135,26.3771,-81.7334,51427,Claims inspector/assessor,1991-08-21,e83b6d1c80f3c835de0bfac2b92518b8,1376008745,27.325754,-82.59277900000001,0,0.631506,1
138327,2020-08-09 01:13:00,4836998673805450,fraud_Kuphal-Predovic,misc_net,438.44,Susan,Hardy,F,516 Brown Parks,Manistique,MI,49854,46.0062,-86.2555,6469,Trade mark attorney,1979-04-12,1e6ca2bcd403e7749ad62b72b1110e6a,1376010780,45.861844,-85.571904,0,0.74622595,1
138350,2020-08-09 01:21:39,4178097073221156,fraud_Christiansen-Gusikowski,misc_pos,537.11,Jill,Flores,F,639 Cruz Islands,Baroda,MI,49101,41.9488,-86.4913,3104,"Horticulturist, commercial",1981-03-29,d719b8e0c0024e62797cf3c3805ca261,1376011299,41.084999,-86.055898,0,0.79936975,1
138454,2020-08-09 02:18:10,4908846471916297,fraud_Huel Ltd,misc_net,508.25,Lauren,Torres,F,03030 White Lakes,Grandview,TX,76050,32.2779,-97.2351,5875,"Radiographer, therapeutic",1992-07-24,a2ffef5bc4215d836744cc822d870209,1376014690,32.594597,-96.556144,0,0.7865144,1
138645,2020-08-09 03:50:15,4708992452821239,fraud_McGlynn-Heathcote,misc_net,493.36,Jared,Walters,M,3326 Hannah Fords,Cord,AR,72524,35.8184,-91.3375,376,"Designer, ceramics/pottery",1938-09-08,262351ec914510fb11bef535817d01dc,1376020215,36.545174,-90.714499,0,0.5458016,1
138662,2020-08-09 04:00:08,4807552641361,fraud_Terry-Huel,shopping_net,1198.9,Kimberly,Castro,F,588 Smith Lights Suite 786,Rosewood,OH,43070,40.2158,-83.9579,133,Professor Emeritus,1954-01-29,1dcb7d3fd32d024055502836b63a3581,1376020808,39.683499,-84.142979,0,0.60283935,1
138792,2020-08-09 04:58:59,3502088871723054,fraud_Kuphal-Bartoletti,misc_net,775.42,Scott,Martin,M,31472 Cody Place Suite 740,Kensington,MD,20895,39.0298,-77.0793,19054,Operations geologist,1976-09-08,e1ebdeb4c1b947b212a82acf457322a9,1376024339,38.288333,-77.94606800000001,0,0.6957708,1
138938,2020-08-09 06:13:18,340953839692349,fraud_Schmitt Ltd,misc_net,495.15,Tyler,Wright,M,615 Clarke Spring Apt. 172,Warren,MI,48088,42.5164,-82.9832,134056,"Doctor, hospital",1980-05-18,63aace5e1e579f920752935668867c63,1376028798,41.959872,-82.876641,0,0.59913015,1
138992,2020-08-09 06:43:46,6011860238257910,"fraud_Lehner, Mosciski and King",misc_net,1018.24,Lisa,Mendez,F,44259 Beth Station Suite 215,Lahoma,OK,73754,36.385,-98.0727,1078,"Programme researcher, broadcasting/film/video",1952-07-06,7aa198a61098bf485053b9de1182e9b5,1376030626,36.224047,-97.785551,0,0.7593507,1
139161,2020-08-09 08:03:05,4428780983793657331,fraud_Mohr Inc,shopping_pos,1453.27,Richard,Waters,M,7683 Natasha Way Apt. 945,Waukesha,WI,53186,42.9993,-88.2196,95015,"Therapist, occupational",1946-01-02,b14f7929bd9e01b4f2ea3399ef968f3e,1376035385,43.429823,-88.433825,0,0.7799441,1
139260,2020-08-09 08:58:16,676248282243,fraud_Kuhn LLC,shopping_pos,1353.72,Amanda,Wheeler,F,329 Emily Cape,Cape Coral,FL,33909,26.6939,-81.9452,156391,Higher education careers adviser,1968-02-09,384b598a58c4c7b8e9160cf3098c8044,1376038696,27.683803,-82.86191600000001,0,0.58465195,1
139464,2020-08-09 11:00:43,3585052663373890,"fraud_Cremin, Hamill and Reichel",misc_pos,791.8,Jeffery,Brown,M,296 Maria Street,West Eaton,NY,13484,42.8546,-75.6605,176,Science writer,1963-12-28,233d2e5917f494c535d1f76f2d1c8542,1376046043,43.346135,-76.46852700000001,0,0.67746836,1
139474,2020-08-09 11:03:28,3533177016567295,fraud_Predovic Inc,shopping_net,936.91,Derek,Bentley,M,782 Lee Crossing Apt. 209,Weeping Water,NE,68463,40.8731,-96.1528,1517,Dealer,1951-11-08,c783dc997348573b603c26d136f5b000,1376046208,40.314433,-96.611266,0,0.7886367,1
139636,2020-08-09 12:19:51,4642255475285942,fraud_Pfeffer and Sons,shopping_pos,1559.63,Sabrina,Johnson,F,320 Nicholson Orchard,Thompson,UT,84540,38.9999,-109.615,46,"Surveyor, minerals",1987-04-23,0322be4ecdbcfcb2748fa3043f92726e,1376050791,39.030868,-109.097497,0,0.75255007,1
139707,2020-08-09 12:43:33,38295635583927,"fraud_Roob, Conn and Tremblay",shopping_pos,1202.2,Candice,Brown,F,9412 Harris Mews,O Brien,TX,79539,33.3749,-99.8473,178,Warden/ranger,1983-06-14,9b8aad8260cb9759e122fd6d6ac29d23,1376052213,34.101996,-100.405982,0,0.6222509,1
139867,2020-08-09 13:39:26,4044436772018844508,"fraud_Nitzsche, Kessler and Wolff",shopping_pos,1960.36,Amy,Abbott,F,01505 Amy Stravenue,Dayton,OH,45415,39.8355,-84.2613,479994,Environmental manager,1970-11-09,424790b39a8b846ac1ffa7652bacb9c6,1376055566,39.767043,-84.643445,0,0.8899236,1
140441,2020-08-09 16:59:06,639023984367,fraud_Hermann and Sons,shopping_pos,1367.87,Destiny,Lowe,F,79472 Stevens Trace Apt. 120,Hannawa Falls,NY,13647,44.6087,-74.9732,69,Chief Executive Officer,1991-06-05,f2e4cd0dd134f4bac6f1149960f15f39,1376067546,43.693529,-74.556033,0,0.87902844,1
140604,2020-08-09 17:54:24,2703186189652095,fraud_Sawayn PLC,shopping_pos,737.48,Jennifer,Banks,F,561 Perry Cove,Moravian Falls,NC,28654,36.0788,-81.1781,3495,"Psychologist, counselling",1988-03-09,009539c7f43616617aec5bab3c8860f4,1376070864,36.274829,-80.833123,0,0.63181907,1
140723,2020-08-09 18:26:39,4951647200979051,fraud_Mohr-Bayer,shopping_net,813.5,Kimberly,Miller,F,75533 Tamara Valleys,Logan,IL,62856,37.9943,-88.9417,324,"Scientist, research (physical sciences)",1976-06-15,20fbeb2a4924f33a84c415d672780359,1376072799,38.503224,-88.30076,0,0.75810874,1
141167,2020-08-09 21:00:27,4560004149983868183,fraud_Kuhic LLC,shopping_net,1267.35,Stacy,Villegas,F,20581 Pena Walks,Colorado Springs,CO,80951,38.8881,-104.6556,525713,Museum/gallery exhibitions officer,1992-05-09,cf3ff5b115c9a81400c2d5c094bbcbf4,1376082027,39.256543,-105.494126,0,0.9598739,1
141244,2020-08-09 21:23:32,30551643947183,"fraud_Towne, Greenholt and Koepp",shopping_net,1086.44,Morgan,Smith,F,1441 Bradley Place,Grover,NC,28073,35.1836,-81.4552,5621,Toxicologist,1973-11-14,0f894b233973cabc74ac106169041f61,1376083412,34.568305,-81.58428,0,0.95857143,1
141260,2020-08-09 21:29:37,676102124465,fraud_Dooley Inc,shopping_pos,2221.62,Natasha,Mclaughlin,F,8699 Lindsay Ford Apt. 486,Napa,CA,94558,38.4549,-122.2564,94014,Airline pilot,1985-08-21,6825cac3aa44899aeca467f1512a3816,1376083777,37.604352,-121.9666,0,0.9462713,1
141272,2020-08-09 21:32:57,38052002992326,fraud_Macejkovic-Lesch,shopping_pos,1493.34,Anna,Logan,F,3522 Park Wells Suite 528,Cleveland,TX,77327,30.33,-95.0202,34153,Building surveyor,1995-09-11,1085d2a077c953a96dcfb2eec751565a,1376083977,30.417221,-94.931509,0,0.8795105,1
141278,2020-08-09 21:33:59,3576511691045060,fraud_Haley Group,misc_pos,857.6,Leah,Garner,F,147 Mckinney Run Apt. 743,Ehrhardt,SC,29081,33.1044,-81.0221,1352,"Engineer, materials",1992-10-08,7937e8da0bc4f8b95f2587b6ab575361,1376084039,34.030042,-80.786349,0,0.8252292,1
141344,2020-08-09 21:52:02,4708992452821239,fraud_Reichert-Weissnat,travel,3872.02,Jared,Walters,M,3326 Hannah Fords,Cord,AR,72524,35.8184,-91.3375,376,"Designer, ceramics/pottery",1938-09-08,2aef1743b970f27ba44cccfa3f82c966,1376085122,36.026995,-90.592333,0,0.94925886,1
141412,2020-08-09 22:17:11,180068353086472,fraud_Stamm-Witting,shopping_net,941.06,Melissa,Flores,F,7529 Carter Well Suite 262,Huntington Beach,CA,92648,33.6773,-118.0051,190249,"Therapist, horticultural",1976-09-17,0a9445d2e21f4a204be0046e28dc3a65,1376086631,34.074606,-118.715045,0,0.9194678,1
141587,2020-08-09 23:23:54,343819048608995,"fraud_Towne, Greenholt and Koepp",shopping_net,897.98,Shelby,Cannon,F,1535 Ryan Burgs Suite 919,Des Moines,IA,50312,41.5855,-93.6719,222785,Wellsite geologist,1956-01-24,f5ee082c3221273f02ecc6ab6decd201,1376090634,41.1751,-93.983309,1,0.9810985,1
141602,2020-08-09 23:26:54,343819048608995,fraud_Stoltenberg-Beatty,shopping_pos,1109.56,Shelby,Cannon,F,1535 Ryan Burgs Suite 919,Des Moines,IA,50312,41.5855,-93.6719,222785,Wellsite geologist,1956-01-24,afe34d8a0768c9e39a03e23d89aa482e,1376090814,41.517289,-94.175861,1,0.983164,1
141633,2020-08-09 23:37:38,343819048608995,fraud_Kutch and Sons,grocery_pos,280.74,Shelby,Cannon,F,1535 Ryan Burgs Suite 919,Des Moines,IA,50312,41.5855,-93.6719,222785,Wellsite geologist,1956-01-24,efd732b11c3b0c8bc75a7e8dc0482b8a,1376091458,41.621656,-94.10289,1,0.6788878,1
141818,2020-08-10 01:08:41,180048185037117,"fraud_Ferry, Lynch and Kautzer",misc_net,711.26,Mary,Wall,F,2481 Mills Lock,Plainfield,NJ,7060,40.6152,-74.415,71485,Leisure centre manager,1974-07-19,5886dac9fbf8cb827338c21a390d2f5f,1376096921,40.602315,-73.466714,0,0.81509703,1
141865,2020-08-10 01:27:28,4683520018489354,"fraud_Parisian, Schiller and Altenwerth",misc_net,562.51,Charles,Carrillo,M,17547 Stephen Turnpike Apt. 846,Hawthorne,CA,90250,33.9143,-118.3493,93193,"Editor, magazine features",1995-04-19,42c5138e9065407887b0ae991c08d769,1376098048,34.095965,-119.224569,0,0.798312,1
142380,2020-08-10 05:37:14,3538520143479972,fraud_Brown PLC,misc_net,407.8,Cassandra,Nunez,F,9572 Austin Forge Suite 612,Clay Center,OH,43408,41.5686,-83.3632,269,Insurance underwriter,1965-09-15,65d12db6fe58bdd2bbd96f02a68796c2,1376113034,42.508291,-83.160935,0,0.5022161,1
142476,2020-08-10 06:22:54,6011975266774121,fraud_Koelpin and Sons,misc_net,532.01,Haley,Wagner,F,05561 Farrell Crescent,Annapolis,MD,21405,39.0305,-76.5515,92106,"Accountant, chartered certified",1943-05-28,f307c1086e43d0dca4dca3bafd150459,1376115774,38.162711,-77.49409,0,0.53227586,1
142629,2020-08-10 07:24:27,180094419304907,"fraud_Moore, Dibbert and Koepp",misc_net,772.97,Sharon,Smith,F,17666 David Valleys,Sun City,CA,92585,33.7467,-117.1721,54287,"Designer, exhibition/display",1972-09-22,fbca92cad067254c3e1bcccdc7e9bb66,1376119467,32.906478,-116.294139,0,0.5811808,1
142661,2020-08-10 07:38:57,30238755902988,fraud_Zemlak Group,misc_net,876.32,Danielle,Yu,F,5395 Colon Burgs Suite 037,Thrall,TX,76578,30.592,-97.2893,1766,Press sub,1976-01-02,8dc78b2c20809e482c81d52ccb644de9,1376120337,31.035343,-97.140385,1,0.6004214,1
142733,2020-08-10 08:13:32,374930071163758,fraud_Block-Parisian,misc_net,598.85,Daniel,Escobar,M,61390 Hayes Port,Romulus,MI,48174,42.2203,-83.3583,31515,Police officer,1971-11-05,039d7d39aeec18912a18931f9c89d6c0,1376122412,42.238671,-82.440404,0,0.6261387,1
142916,2020-08-10 09:39:13,2248348993063230,fraud_Herman Inc,misc_pos,943.33,Jennifer,Scott,F,376 John Fork Suite 848,Randolph,OH,44265,41.0109,-81.2977,51,Mechanical engineer,1960-08-05,04e5512afe81411aa0df74978e427dd4,1376127553,41.488393,-81.383708,0,0.68402267,1
143059,2020-08-10 10:47:17,4124536010991657,"fraud_Bahringer, Schoen and Corkery",shopping_pos,2442.75,Sydney,Montoya,F,265 Christian Summit Suite 231,Fairhope,AL,36532,30.5012,-87.8835,27829,"Presenter, broadcasting",1954-07-21,50f39f932288a421c650e6afdc4f935c,1376131637,30.72551,-87.41637,0,0.8268013,1
143279,2020-08-10 12:20:23,4809701904914,fraud_Medhurst PLC,shopping_net,1555.39,Sabrina,Nolan,F,312 Eric Expressway Apt. 014,Phenix City,AL,36869,32.4204,-85.0796,59744,Chemical engineer,1984-02-07,08962e25b7b9dddbc4d10a57463edd33,1376137223,31.52408,-85.922913,0,0.77848226,1
143312,2020-08-10 12:31:57,6550399784335736,"fraud_Kihn, Abernathy and Douglas",shopping_net,1499.55,Harry,Mckee,M,95351 Sullivan Viaduct Apt. 239,Port Charlotte,FL,33981,26.9379,-82.2388,79008,Quantity surveyor,1984-08-31,d0eab7f5e696fb26c94eae538e308e6c,1376137917,27.185786,-81.417966,0,0.7389914,1
143498,2020-08-10 13:30:35,2235613922823698,"fraud_Nitzsche, Kessler and Wolff",shopping_pos,1140.97,Melissa,Mcclure,F,2027 Snyder Track,Manville,WY,82227,42.73,-104.7024,241,Educational psychologist,1980-12-16,e8a7f2da90c35f96c8a1ee380c7ce13e,1376141435,41.75861,-103.952242,0,0.72758275,1
144055,2020-08-10 16:21:57,30082025922891,"fraud_McLaughlin, Armstrong and Koepp",travel,3300.57,Kathleen,Thompson,F,199 Patterson Fords Apt. 132,Naples,FL,34112,26.1184,-81.7361,276002,"Pilot, airline",1934-06-23,9da2031817788f7e3310d10d09626665,1376151717,26.238498,-81.480798,0,0.9146187,1
144284,2020-08-10 17:28:12,4198470814557,"fraud_Kerluke, Kertzmann and Wiza",misc_net,1270.5,Christie,Williamson,F,519 Jerry Views,Avoca,IA,51521,41.4768,-95.3509,2036,Engineering geologist,1971-08-20,0528aa2fa86c0dde4f5004add70171d8,1376155692,41.009742,-94.989997,0,0.96447396,1
144677,2020-08-10 19:22:20,4836998673805450,"fraud_Douglas, Schneider and Turner",shopping_pos,823.33,Susan,Hardy,F,516 Brown Parks,Manistique,MI,49854,46.0062,-86.2555,6469,Trade mark attorney,1979-04-12,664b328b13e613a78c41fb4a80709c86,1376162540,46.843547,-87.20741600000001,0,0.5749935,1
144975,2020-08-10 20:45:15,567868110212,fraud_Schmidt and Sons,shopping_net,1508.73,Dawn,Tucker,F,789 Herring Manors,Houston,TX,77007,29.7736,-95.4034,2906700,"Copywriter, advertising",1984-12-16,5a8d04a108b1a06ba6ef7780ab10f6b2,1376167515,30.447984,-96.104761,0,0.917298,1
145208,2020-08-10 21:46:47,180031190491743,"fraud_Reichert, Shanahan and Hayes",shopping_net,614.81,Becky,Mckinney,F,250 Benjamin Hill Apt. 026,Mobile,AL,36617,30.7145,-88.0918,270712,"Surveyor, land/geomatics",1972-01-05,16dee1f68a21545d50abeaf7a71cbe51,1376171207,29.876584,-87.494314,0,0.5893311,1
145287,2020-08-10 22:11:19,2268221587779419,fraud_Pouros-Conroy,shopping_pos,1319.88,Peggy,Berry,F,517 Vasquez Lodge,Vancouver,WA,98665,45.6892,-122.6616,299480,Teaching laboratory technician,1985-01-02,6fa8290b0a8c7b9bf3d571df02feb851,1376172679,46.583044,-122.254928,0,0.95663816,1
145392,2020-08-10 22:41:50,30074693890476,"fraud_Altenwerth, Cartwright and Koss",shopping_net,951.11,Kelsey,Richards,F,889 Sarah Station Suite 624,Holcomb,KS,67851,37.9931,-100.9893,2691,Arboriculturist,1993-08-16,ab54bbca392d6e07227f7f4e08ced0bd,1376174510,38.79096,-100.014513,0,0.85115075,1
145526,2020-08-10 23:17:57,30442439074871,"fraud_Labadie, Treutel and Bode",shopping_net,681.11,Linda,Sanchez,F,6574 William Hill Apt. 375,Jermyn,PA,18433,41.5744,-75.5881,6508,Training and development officer,1981-06-22,3a516f6a9e4f06883d20102be992e73d,1376176677,42.465071,-74.743338,0,0.54084486,1
145706,2020-08-11 00:20:24,4335531783520911,"fraud_Moore, Dibbert and Koepp",misc_net,838.98,Amy,Daugherty,F,852 Thomas Well Suite 339,Owensville,MO,65066,38.3511,-91.4867,6703,Naval architect,1998-05-20,8eaa38d778d7123f997477d251fd6196,1376180424,38.265701,-92.409485,1,0.82350177,1
145883,2020-08-11 01:42:02,378278619832195,"fraud_Roob, Conn and Tremblay",shopping_pos,2117.38,Mary,Mcintyre,F,77921 Costa Villages,Eugene,OR,97403,44.0385,-123.0614,191096,"Scientist, physiological",1964-04-06,73ca53f8d701a1c03069fab4cc3195ce,1376185322,44.602622,-123.434673,0,0.6420768,1
145917,2020-08-11 01:56:02,4449530933957323,fraud_Brown PLC,misc_net,517.1,Felicia,Mckee,F,84079 Thomas Burgs,Tomales,CA,94971,38.2427,-122.9145,337,Occupational psychologist,1954-07-05,36e649679b22ea26d03259d352e767ea,1376186162,37.701826,-122.953467,0,0.69838357,1
145955,2020-08-11 02:12:56,343746486082492,fraud_Flatley-Durgan,misc_net,828.34,Jeffrey,Munoz,M,836 Stephanie Union,Cedar,MI,49621,44.8605,-85.8138,3096,"Social research officer, government",1975-10-11,9ef0b64784755614866a6c8edb83ff00,1376187176,45.118237,-85.329788,1,0.7530474,1
146053,2020-08-11 03:04:18,6011367958204270,"fraud_Tillman, Fritsch and Schmitt",misc_net,524.15,Tammy,Ayers,F,1652 James Mews,Hinckley,OH,44233,41.2419,-81.7453,7646,Medical sales representative,1988-09-15,05ef8f735b6364bf23bc3fce1433d235,1376190258,41.746855,-82.343818,0,0.7910984,1
146063,2020-08-11 03:09:08,4671727014157745,fraud_Block Group,misc_pos,926.54,Kenneth,Edwards,M,3653 Ryan Crossroad,Andrews,IN,46702,40.8618,-85.6067,2304,Retail banker,1955-07-25,fcdc1f01929f5aa6c366aabf20bb5266,1376190548,40.104268,-85.143443,0,0.53728706,1
146113,2020-08-11 03:32:23,4079773899158,fraud_McGlynn-Heathcote,misc_net,531.35,Eric,Preston,M,7020 Doyle Stream Apt. 951,Mesa,ID,83643,44.6255,-116.4493,129,Cartographer,1965-12-15,217d48cc7d30534c4efb2088ac1f8463,1376191943,43.905199,-117.119055,0,0.6464146,1
146424,2020-08-11 05:48:28,3538520143479972,"fraud_Rodriguez, Yost and Jenkins",misc_net,689.86,Cassandra,Nunez,F,9572 Austin Forge Suite 612,Clay Center,OH,43408,41.5686,-83.3632,269,Insurance underwriter,1965-09-15,7056149513c5231c9fd26e5c7a7f0cf8,1376200108,41.856124,-84.159112,0,0.70776767,1
146588,2020-08-11 07:00:56,30135235368675,fraud_Ruecker Group,misc_net,589.87,Amanda,Williams,F,02018 Gary Key Apt. 911,Independence,MO,64058,39.1412,-94.3515,123373,"Engineer, production",1992-11-27,fe8c3b9c93ed37964c142904728cc561,1376204456,39.677157,-94.32717,0,0.67450094,1
146657,2020-08-11 07:37:38,180031190491743,fraud_Durgan-Auer,misc_net,399.53,Becky,Mckinney,F,250 Benjamin Hill Apt. 026,Mobile,AL,36617,30.7145,-88.0918,270712,"Surveyor, land/geomatics",1972-01-05,6f7106845abac8774d7d19bdc2de9bfb,1376206658,31.408038,-89.047007,0,0.50836843,1
146811,2020-08-11 08:42:44,4640395708703,fraud_Welch Inc,misc_net,613.17,Melissa,Krause,F,67632 Martin Gateway,Fordoche,LA,70732,30.6576,-91.6264,1178,Community education officer,1951-06-13,3e9c5b3ad2ca38b55e1ca9e026a8999f,1376210564,30.079703,-91.534845,0,0.5525305,1
146916,2020-08-11 09:35:08,373905417449658,"fraud_Moore, Dibbert and Koepp",misc_net,635.57,Sarah,Bishop,F,554 Mcdonald Valley Apt. 539,Meridian,TX,76665,31.929,-97.6443,2526,Phytotherapist,1970-11-12,d4a17ce719b00a0c54e923d3b7d4e66f,1376213708,32.176854,-97.082658,0,0.5232253,1
147150,2020-08-11 11:22:48,2260801330657968,fraud_Kassulke PLC,shopping_net,971.02,Monique,Fox,F,755 Gardner Heights Apt. 420,Paxton,MA,1612,42.3066,-71.9202,4845,Accounting technician,1926-09-14,6cf9a1e9f247b3777ed05955f84cec15,1376220168,42.539577,-71.37494699999999,0,0.8584316,1
148327,2020-08-11 17:57:33,373905417449658,fraud_Turner and Sons,shopping_pos,928.31,Sarah,Bishop,F,554 Mcdonald Valley Apt. 539,Meridian,TX,76665,31.929,-97.6443,2526,Phytotherapist,1970-11-12,df6a2d1b16ad28b4679e9adbd2fb2375,1376243853,31.271712,-97.645712,0,0.6182224,1
148380,2020-08-11 18:15:08,36722699017270,"fraud_Gottlieb, Considine and Schultz",shopping_net,1387.88,Jessica,Perez,F,8172 Robertson Parkways Suite 072,Superior,AZ,85173,33.2887,-111.0985,2872,Petroleum engineer,1987-10-28,e8e4d202adb2b2bb16a82fea82859305,1376244908,32.63573,-110.69485,0,0.86929154,1
148484,2020-08-11 18:48:02,4067137330196900,"fraud_Reichert, Rowe and Mraz",shopping_net,1446.37,Christina,Eaton,F,3256 Brooks Field,Eldridge,AL,35554,33.9315,-87.6194,1186,Politician's assistant,1986-11-12,5115f6d64e25a0a64f82f76554ffbb57,1376246882,33.203021,-87.763001,0,0.9009244,1
148654,2020-08-11 19:42:53,6592243974328236,"fraud_Goyette, Howell and Collier",shopping_pos,1048.85,Philip,Hart,M,97405 Vazquez Plains,Montgomery,AL,36111,32.3374,-86.2715,214703,"Chemist, analytical",1994-10-07,1a201192de0e5410f8fd5e405835ee53,1376250173,32.666338,-85.930811,0,0.6373102,1
148674,2020-08-11 19:49:40,180068353086472,"fraud_Stanton, Jakubowski and Baumbach",shopping_net,1253.32,Melissa,Flores,F,7529 Carter Well Suite 262,Huntington Beach,CA,92648,33.6773,-118.0051,190249,"Therapist, horticultural",1976-09-17,7363bb6955cc76a1c0c51eb98a64739d,1376250580,34.258414,-117.829526,0,0.9193803,1
148931,2020-08-11 21:09:04,30270432095985,fraud_Welch Inc,misc_net,488.37,Lisa,Lin,F,908 Brooks Brook,Lomax,IL,61454,40.6761,-91.0391,725,Environmental consultant,1972-11-28,2461897a5c6ec7570d2a3ecdbd491844,1376255344,41.152946,-90.74228,0,0.9780764,1
149025,2020-08-11 21:37:20,4642894980163,fraud_Balistreri-Nader,misc_pos,687.89,Eddie,Mendez,M,1831 Faith View Suite 653,Clarinda,IA,51632,40.7491,-95.038,7297,IT trainer,1990-07-13,9d5badf6d98e1900a4b20557675c6540,1376257040,41.30298,-95.728508,0,0.8043504,1
149101,2020-08-11 22:00:57,4335531783520911,fraud_Bashirian Group,shopping_net,1125.06,Amy,Daugherty,F,852 Thomas Well Suite 339,Owensville,MO,65066,38.3511,-91.4867,6703,Naval architect,1998-05-20,10bcbe287fdbeab86b845becb57150bd,1376258457,38.696249,-91.30544,1,0.8987422,1
149124,2020-08-11 22:06:08,2284059275940012,fraud_Kozey-Boehm,shopping_net,976.39,Thomas,Mathis,M,26615 Nelson Lane,Moores Hill,IN,47032,39.0945,-85.0638,3289,Sub,1969-11-22,c9a21093343049f756e4c7ee6e99fd5f,1376258768,39.788616,-84.526363,1,0.9482777,1
149131,2020-08-11 22:07:14,573860193545,"fraud_Heathcote, Yost and Kertzmann",shopping_net,1267.32,Cristian,Jones,M,0423 Kirby Field Suite 623,Wilmette,IL,60091,42.0765,-87.7246,27020,Trade mark attorney,1986-07-23,333d309b7e14e316dd9d3bd38c98a7fc,1376258834,42.767553,-87.55716899999999,0,0.95815647,1
149204,2020-08-11 22:27:32,343746486082492,"fraud_Goyette, Howell and Collier",shopping_pos,736.46,Jeffrey,Munoz,M,836 Stephanie Union,Cedar,MI,49621,44.8605,-85.8138,3096,"Social research officer, government",1975-10-11,65b3114324ad0fa5677c6e82187ef46f,1376260052,45.549899,-85.355982,1,0.5986593,1
149253,2020-08-11 22:43:50,4312133045694601139,fraud_Goldner-Lemke,entertainment,382.73,Julian,Price,M,086 Pierce Cove,Pikesville,MD,21208,39.3764,-76.729,33917,Company secretary,1977-06-12,042655e82ed56261f1d5f936007d7b13,1376261030,39.039008,-76.245339,0,0.6956584,1
149260,2020-08-11 22:45:43,343746486082492,fraud_Beier-Hyatt,shopping_pos,873.99,Jeffrey,Munoz,M,836 Stephanie Union,Cedar,MI,49621,44.8605,-85.8138,3096,"Social research officer, government",1975-10-11,241d07ebb748c575c59da4e10370c12d,1376261143,44.887635,-86.106143,1,0.817678,1
149290,2020-08-11 22:55:30,2284059275940012,fraud_Auer-West,shopping_net,1042.58,Thomas,Mathis,M,26615 Nelson Lane,Moores Hill,IN,47032,39.0945,-85.0638,3289,Sub,1969-11-22,03943ff78a83d9d976608ab4fe95de16,1376261730,39.461273,-85.966818,1,0.97104293,1
149298,2020-08-11 22:59:27,4335531783520911,"fraud_Streich, Dietrich and Barton",shopping_net,1046.78,Amy,Daugherty,F,852 Thomas Well Suite 339,Owensville,MO,65066,38.3511,-91.4867,6703,Naval architect,1998-05-20,b976a0235621cc119f5238d1fa484c5a,1376261967,38.123875,-91.703268,1,0.8767655,1
149303,2020-08-11 23:00:07,343746486082492,fraud_Hills-Witting,shopping_net,1024.84,Jeffrey,Munoz,M,836 Stephanie Union,Cedar,MI,49621,44.8605,-85.8138,3096,"Social research officer, government",1975-10-11,65e1ff761ef190a881cb081a7987d021,1376262007,45.052403000000005,-84.841629,1,0.95825046,1
149310,2020-08-11 23:03:04,30238755902988,fraud_Botsford Ltd,shopping_pos,774.1,Danielle,Yu,F,5395 Colon Burgs Suite 037,Thrall,TX,76578,30.592,-97.2893,1766,Press sub,1976-01-02,2a5047ad342dbca90d80e9c4cc6e008d,1376262184,30.942918,-97.657047,1,0.67651427,1
149414,2020-08-11 23:35:23,2284059275940012,fraud_Kuhn LLC,misc_net,590.22,Thomas,Mathis,M,26615 Nelson Lane,Moores Hill,IN,47032,39.0945,-85.0638,3289,Sub,1969-11-22,e99e3a9fc79d90e8b8064ffdbb688f83,1376264123,38.589744,-84.73163199999999,1,0.99030614,1
149418,2020-08-11 23:36:04,4335531783520911,fraud_Kassulke PLC,shopping_net,1185.77,Amy,Daugherty,F,852 Thomas Well Suite 339,Owensville,MO,65066,38.3511,-91.4867,6703,Naval architect,1998-05-20,00c9e6a1ecced2ddee7405b419636224,1376264164,39.117126,-91.572039,1,0.9442617,1
149426,2020-08-11 23:37:56,343746486082492,"fraud_Watsica, Haag and Considine",shopping_pos,799.56,Jeffrey,Munoz,M,836 Stephanie Union,Cedar,MI,49621,44.8605,-85.8138,3096,"Social research officer, government",1975-10-11,7c86c5a48c848a5f7ea4c2be001dd993,1376264276,45.616036,-86.75034699999999,1,0.82045054,1
149479,2020-08-11 23:56:53,4335531783520911,fraud_Pacocha-Bauch,shopping_pos,909.85,Amy,Daugherty,F,852 Thomas Well Suite 339,Owensville,MO,65066,38.3511,-91.4867,6703,Naval architect,1998-05-20,9452acba94c98685c891c2aafd596d98,1376265413,37.490612,-92.201705,1,0.7857624,1
149508,2020-08-12 00:15:11,6526448584969862,fraud_Bogisich-Homenick,misc_net,450.85,Nathan,Stewart,M,63502 Brown Road Apt. 318,West Long Branch,NJ,7764,40.2878,-74.0162,8097,Mechanical engineer,1964-02-18,9ddd030c972919c8552ce917c5f4f0ea,1376266511,41.029126,-74.86189,0,0.74751925,1
149666,2020-08-12 02:15:55,180031190491743,fraud_Durgan-Auer,misc_net,466.09,Becky,Mckinney,F,250 Benjamin Hill Apt. 026,Mobile,AL,36617,30.7145,-88.0918,270712,"Surveyor, land/geomatics",1972-01-05,5f6253a78c4b864b28e8673cfe11f2c3,1376273755,31.125121000000004,-88.287583,0,0.8600009,1
149934,2020-08-12 06:46:06,4605902936394,fraud_Pouros-Conroy,shopping_pos,1838.59,Vincent,Mueller,M,79019 Taylor Cliffs,Dallas,TX,75238,32.876999999999995,-96.708,1263321,Drilling engineer,1959-06-28,b58009deccdced01a227b8b275a3ce40,1376289966,32.311303,-96.559216,0,0.68289906,1
150137,2020-08-12 10:12:48,30092964733035,fraud_Zemlak Group,misc_net,566.42,Jessica,Terry,F,6412 Elizabeth Gardens Suite 633,Maysville,KY,41056,38.6207,-83.8067,14228,Advertising account executive,1971-03-26,57e305e634dafd5c0a3fce1c3f00c23e,1376302368,38.814234,-83.234224,0,0.5514246,1
150173,2020-08-12 11:00:18,30143713661454,fraud_Koelpin and Sons,misc_net,1065.91,Nicholas,Thornton,M,5270 Megan Burg Suite 756,Halma,MN,56729,48.6669,-96.5969,140,"Embryologist, clinical",1942-01-06,1d1d47609d0b4feb6644c0a3335c8e19,1376305218,49.074999,-97.466172,0,0.9580036,1
150743,2020-08-12 17:39:52,4179719215697782,fraud_Roberts-Beahan,misc_pos,654.49,Belinda,Jimenez,F,6807 Jacob Skyway Apt. 331,Rockwell,IA,50469,43.0032,-93.2167,1574,"Scientist, audiological",1982-12-27,703d1d9f41ce25df8cd6280ba77477a7,1376329192,42.098023,-94.2165,0,0.5556853,1
150893,2020-08-12 18:59:09,4810789809665942990,fraud_Pouros-Haag,shopping_pos,3070.72,Julie,Sanchez,F,916 Charles Road,Bowersville,OH,45307,39.5756,-83.7153,338,Quantity surveyor,1988-07-28,1560b6a6950552bde26c8de467e8866c,1376333949,39.306428,-83.50959499999999,0,0.9108591,1
150995,2020-08-12 20:09:20,4452366298769043,fraud_Kuhn LLC,shopping_pos,914.03,Linda,Davis,F,6602 Ortiz Pine Apt. 179,Blooming Grove,TX,76626,32.0758,-96.701,1563,Financial adviser,1978-03-04,3eddef0abb84c784d143ba397037679a,1376338160,31.527639,-96.632993,0,0.6713329,1
151221,2020-08-12 22:24:12,374497717543058,fraud_Bauch-Raynor,grocery_pos,340.63,Linda,Hurst,F,31701 Tucker Square Suite 893,Wilton,ND,58579,47.1709,-100.7944,1190,"Designer, ceramics/pottery",1948-06-30,69091e3ce814474c832667cafd334817,1376346252,48.131002,-101.66512,1,0.8694576,1
151230,2020-08-12 22:30:22,343746486082492,fraud_Terry-Huel,shopping_net,1032.31,Jeffrey,Munoz,M,836 Stephanie Union,Cedar,MI,49621,44.8605,-85.8138,3096,"Social research officer, government",1975-10-11,036ff85d4c7c8c17317288d1f63c7fd6,1376346622,45.603190000000005,-86.027412,1,0.9610938,1
151253,2020-08-12 22:42:57,4335531783520911,"fraud_Altenwerth, Cartwright and Koss",shopping_net,1035.66,Amy,Daugherty,F,852 Thomas Well Suite 339,Owensville,MO,65066,38.3511,-91.4867,6703,Naval architect,1998-05-20,99d3ca976ca146bffb6ddfa41dc704ab,1376347377,38.447981,-92.083383,1,0.90872246,1
151294,2020-08-12 23:08:39,2284059275940012,"fraud_Ferry, Lynch and Kautzer",misc_net,796.22,Thomas,Mathis,M,26615 Nelson Lane,Moores Hill,IN,47032,39.0945,-85.0638,3289,Sub,1969-11-22,76a1998cae8bc8807138290005b7c218,1376348919,39.216741,-84.162768,1,0.9912377,1
151306,2020-08-12 23:17:16,374497717543058,"fraud_Ruecker, Beer and Collier",shopping_net,950.19,Linda,Hurst,F,31701 Tucker Square Suite 893,Wilton,ND,58579,47.1709,-100.7944,1190,"Designer, ceramics/pottery",1948-06-30,aeda9105879bb17679aae31171305cd0,1376349436,47.094274,-101.36355,1,0.9810714,1
151308,2020-08-12 23:18:44,343746486082492,fraud_Torphy-Goyette,shopping_pos,840.13,Jeffrey,Munoz,M,836 Stephanie Union,Cedar,MI,49621,44.8605,-85.8138,3096,"Social research officer, government",1975-10-11,c7b7b76388b8b6df776587404cc2889d,1376349524,44.537675,-86.62303399999999,1,0.8895835,1
151313,2020-08-12 23:21:30,374497717543058,fraud_Zemlak Group,misc_net,822.29,Linda,Hurst,F,31701 Tucker Square Suite 893,Wilton,ND,58579,47.1709,-100.7944,1190,"Designer, ceramics/pottery",1948-06-30,dd8715aea70e31bd44d02958b1d0622b,1376349690,47.607067,-101.720454,1,0.992086,1
151364,2020-08-12 23:57:48,2284059275940012,"fraud_Altenwerth, Cartwright and Koss",shopping_net,966.04,Thomas,Mathis,M,26615 Nelson Lane,Moores Hill,IN,47032,39.0945,-85.0638,3289,Sub,1969-11-22,98d1ed8d43062b3890f2bbfd132d0bf9,1376351868,38.305485,-84.303926,1,0.963011,1
151376,2020-08-13 00:10:05,2235613922823698,"fraud_Gottlieb, Considine and Schultz",shopping_net,1025.76,Melissa,Mcclure,F,2027 Snyder Track,Manville,WY,82227,42.73,-104.7024,241,Educational psychologist,1980-12-16,5758498b39d9efce66659985daec1962,1376352605,41.953063,-104.296483,1,0.5215126,1
151450,2020-08-13 01:16:33,30551643947183,fraud_Dach-Nader,misc_net,587.81,Morgan,Smith,F,1441 Bradley Place,Grover,NC,28073,35.1836,-81.4552,5621,Toxicologist,1973-11-14,f886a6ad981d6c98e9d312ae3b05a7e1,1376356593,35.365657,-82.095099,0,0.82350135,1
151808,2020-08-13 06:40:49,630451534402,fraud_Donnelly PLC,misc_net,770.59,Rachel,Daniels,F,561 Little Plain Apt. 738,Wetmore,MI,49895,46.3535,-86.6345,765,Immunologist,1972-06-12,ce35c3987e29353dea6fb58bfeeedd2d,1376376049,45.958876,-86.932765,0,0.71568507,1
152082,2020-08-13 10:29:03,30541100351706,"fraud_Herman, Treutel and Dickens",misc_net,955.18,Derrick,George,M,575 Chapman Union,Spring,TX,77379,30.0377,-95.5326,316665,"Education officer, museum",1990-09-12,2474d0b3ec80bc5fa652faa8cd6b04d0,1376389743,29.076238,-96.339117,0,0.6632363,1
152374,2020-08-13 13:45:34,374497717543058,"fraud_Willms, Kris and Bergnaum",shopping_pos,889.94,Linda,Hurst,F,31701 Tucker Square Suite 893,Wilton,ND,58579,47.1709,-100.7944,1190,"Designer, ceramics/pottery",1948-06-30,6f9df9491a64611c4d6f120b11fa19cd,1376401534,47.525855,-100.970657,1,0.6706734,1
152419,2020-08-13 14:15:40,6011893664860915,fraud_Auer-West,shopping_net,795.21,Erin,Chavez,F,3379 Williams Common,Littleton,CO,80120,39.5994,-105.0044,320420,Water engineer,1975-07-31,62280813bd5fda0b4a14477b1761fb1b,1376403340,39.272679,-105.119725,0,0.622863,1
152632,2020-08-13 16:12:07,3582402971899057,"fraud_Hodkiewicz, Prohaska and Paucek",travel,2336.65,Michele,Patrick,F,557 Lynn Garden Suite 907,Spirit Lake,ID,83869,47.9657,-116.868,4161,Production manager,1957-06-12,94d948ca62b6b6e988c3060536c7f859,1376410327,47.36386,-117.227105,0,0.9192168,1
152876,2020-08-13 18:23:42,4158945090781624,"fraud_Hoppe, Harris and Bednar",entertainment,382.01,Justin,Bell,M,5323 Walker Island,Pittsburgh,PA,15217,40.4308,-79.9205,687276,"Scientist, marine",1973-10-19,922a75b914a7a11578afe5d123a820ed,1376418222,40.734793,-80.77611,0,0.8401228,1
153109,2020-08-13 20:49:31,6011104316292105,"fraud_Turner, Ruecker and Parisian",misc_pos,544.9,Valerie,Davis,F,3861 Anderson Ramp Apt. 536,Drakes Branch,VA,23937,36.9688,-78.5615,1970,Energy engineer,1985-09-02,069d9d60bba70e2f595d7861fbde42e5,1376426971,37.53867,-78.939153,0,0.5505801,1
153241,2020-08-13 22:07:16,2254917871818484,"fraud_Bernhard, Grant and Langworth",shopping_pos,835.8,Margaret,Gibson,F,382 Williams Stream Suite 197,Scotland,MD,20687,38.0828,-76.3477,313,Insurance underwriter,1976-03-26,cdefe7caead8186b13de460bda0a4c4a,1376431636,38.628887,-76.46681,0,0.7728555,1
153285,2020-08-13 22:32:12,3583793405872580,fraud_Mayert Group,shopping_pos,845.81,Beth,Lambert,F,6447 Johnson Estates Apt. 986,Roosevelt,OK,73564,34.847,-98.9836,551,Amenity horticulturist,1970-09-27,f4aed484f279ae3dea580ee7c5f0a9d1,1376433132,34.336594,-98.366344,1,0.89371496,1
153318,2020-08-13 22:46:30,3576021480694169,fraud_Keeling-Crist,misc_pos,799.31,Dawn,Gray,F,9486 Joel Common Suite 554,Topeka,KS,66618,39.1329,-95.7023,163415,Secondary school teacher,2004-12-30,c5c29f73324d61b147db52b2d230ba4b,1376433990,38.439475,-95.892118,0,0.82202095,1
153337,2020-08-13 22:55:25,374497717543058,"fraud_Mosciski, Gislason and Mertz",grocery_pos,320.49,Linda,Hurst,F,31701 Tucker Square Suite 893,Wilton,ND,58579,47.1709,-100.7944,1190,"Designer, ceramics/pottery",1948-06-30,a0ac1d7474fee1fc23a97f46da92cc8d,1376434525,47.346181,-101.49061,1,0.91946274,1
153346,2020-08-13 23:01:29,374497717543058,fraud_Botsford Ltd,shopping_pos,785.68,Linda,Hurst,F,31701 Tucker Square Suite 893,Wilton,ND,58579,47.1709,-100.7944,1190,"Designer, ceramics/pottery",1948-06-30,8dff6d02611ee076cbaa94d683c4b24d,1376434889,46.961025,-100.34891,1,0.96600217,1
153369,2020-08-13 23:09:42,180036456789979,"fraud_Yost, Block and Koepp",misc_pos,333.59,Mackenzie,Salazar,F,982 Melissa Lock,Bagley,WI,53801,42.9207,-91.0685,878,Risk analyst,1974-11-20,b3e3973ccc66c0448986e6531e92facc,1376435382,43.093035,-90.313956,0,0.7222233,1
153430,2020-08-13 23:49:14,374497717543058,fraud_Miller-Harris,misc_net,811.26,Linda,Hurst,F,31701 Tucker Square Suite 893,Wilton,ND,58579,47.1709,-100.7944,1190,"Designer, ceramics/pottery",1948-06-30,a59c4c7a74a7d5de9e74401ce88780f4,1376437754,48.017097,-101.054507,1,0.9921854,1
153603,2020-08-14 02:02:38,3566094707272327,fraud_Donnelly PLC,misc_net,499.85,Kristina,Stewart,F,47029 Jimmy Tunnel Apt. 106,Newhall,CA,91321,34.3795,-118.523,34882,Health physicist,1971-04-25,4440db3cd7606a5cb9b56b4ce19bf9f8,1376445758,35.022643,-118.598827,0,0.60825664,1
153682,2020-08-14 03:07:13,4512828414983801773,"fraud_Kerluke, Kertzmann and Wiza",misc_net,996.32,Monica,Cohen,F,864 Reynolds Plains,Uledi,PA,15484,39.8936,-79.7856,328,Tree surgeon,1983-07-25,850e58be2ac918374f5996d897a4d898,1376449633,39.896069,-79.91229200000001,0,0.740192,1
153755,2020-08-14 04:08:49,3547560454237873,fraud_Flatley-Durgan,misc_net,711.81,Jerry,Robinson,M,212 Mary Stream,Arcadia,MI,49613,44.5232,-86.2061,680,"Designer, jewellery",1966-12-21,4c62c84ab1522e54667acc39cb38019f,1376453329,44.165775,-86.755531,0,0.71969604,1
153823,2020-08-14 05:03:00,377834944388609,"fraud_Heathcote, Yost and Kertzmann",shopping_net,1108.83,Michael,Jackson,M,539 Underwood Divide,Pea Ridge,AR,72751,36.4539,-94.118,6434,Product designer,1967-08-28,6944066e9810c1ff278d1600bb6d5e91,1376456580,36.816915,-93.261766,0,0.5300008,1
154055,2020-08-14 08:14:41,4769426683924058915,"fraud_Reichert, Rowe and Mraz",shopping_net,972.84,Andrea,Cruz,F,26572 Hodge Villages Suite 512,Mifflin,PA,17058,40.5553,-77.4001,1909,Mining engineer,1954-08-22,a62716b33f1fb29cedb9dc8315db79be,1376468081,39.617192,-76.708549,0,0.51196104,1
154210,2020-08-14 10:37:33,370612217861404,"fraud_Parisian, Schiller and Altenwerth",misc_net,721.22,Amanda,Fitzgerald,F,298 Kayla Lights,Bristol,PA,19007,40.1159,-74.8536,21125,"Administrator, charities/voluntary organisations",1985-05-25,b0db0044d246b54b73b4ceb673d6d937,1376476653,39.616717,-74.327878,0,0.61549145,1
154279,2020-08-14 11:32:46,377264520876399,"fraud_Greenholt, O'Hara and Balistreri",shopping_net,1119.99,Kara,Miles,F,2076 Thomas Roads Suite 970,Cassatt,SC,29032,34.3424,-80.5,4424,Lawyer,1961-07-31,2a7806655b95f8c03132f637eaf3d8d4,1376479966,33.900027,-80.57098,0,0.75262994,1
154285,2020-08-14 11:42:32,6506116513503136,fraud_Huel Ltd,misc_net,767.51,Kimberly,Rice,F,63991 Destiny Rue Apt. 651,Tyler,TX,75703,32.2768,-95.3031,144160,Sports development officer,1984-05-04,69a8150147d0ad8204c53e6e34e2e249,1376480552,31.527886,-95.215627,0,0.59096384,1
154288,2020-08-14 11:44:40,375237305371366,"fraud_Larkin, Stracke and Greenfelder",entertainment,533.84,David,Erickson,M,616 Jimenez Meadow Apt. 701,East Rochester,NY,14445,43.1128,-77.4906,8019,Retail buyer,1928-06-26,9d0b3b75811e0c6410d4834be132f5bb,1376480680,43.981998,-77.052355,0,0.8741579,1
155094,2020-08-14 18:35:25,4908846471916297,fraud_Jewess LLC,shopping_pos,1097.62,Lauren,Torres,F,03030 White Lakes,Grandview,TX,76050,32.2779,-97.2351,5875,"Radiographer, therapeutic",1992-07-24,444c714723079d3accd5aae0d5e3ab26,1376505325,32.480133,-97.589109,0,0.7012981,1
155266,2020-08-14 20:13:18,180081032825079,fraud_Thiel-Thiel,entertainment,319.5,Connie,Carroll,F,872 Justin Views Suite 746,Duncan,MS,38740,34.047,-90.7652,466,Trading standards officer,1955-04-03,e947373e2491814b76b8f2c14f0df40b,1376511198,33.773949,-91.450249,0,0.8424548,1
155307,2020-08-14 20:37:54,2450829271795901,"fraud_Goyette, Howell and Collier",shopping_pos,906.61,Timothy,Kirby,M,7309 Sophia Causeway Suite 702,Sauk Rapids,MN,56379,45.604,-94.1591,16163,Hydrographic surveyor,1987-02-22,a2a0eb7314f72ad3e88a4087c55e8004,1376512674,46.377338,-93.8701,0,0.79162276,1
155492,2020-08-14 22:17:12,4158945090781624,fraud_Kihn Inc,shopping_pos,1289.68,Justin,Bell,M,5323 Walker Island,Pittsburgh,PA,15217,40.4308,-79.9205,687276,"Scientist, marine",1973-10-19,56df11168e5cc3b3daca06a6ffc67ddf,1376518632,40.903495,-79.403574,0,0.9784711,1
155557,2020-08-14 22:49:01,4681699462969,fraud_Klein Group,entertainment,326.43,Joseph,Gonzalez,M,319 Wendy Fort Suite 179,Murfreesboro,TN,37132,35.8596,-86.421,158701,"Journalist, newspaper",1978-03-06,8eef00e51e19b5266e011afac83c5a15,1376520541,35.681548,-86.115003,0,0.66945446,1
155646,2020-08-14 23:32:22,676309913934,fraud_Pfeffer and Sons,shopping_pos,2127.11,Robert,Martinez,M,3683 Parrish Circles,Pueblo,CO,81005,38.2352,-104.66,151815,Further education lecturer,1988-01-04,79ad670a458d286984c24d9116d60d57,1376523142,39.163856,-105.148387,0,0.9596945,1
155690,2020-08-14 23:55:20,4904681492230012,fraud_Jewess LLC,shopping_pos,3445.34,Lisa,Lowe,F,574 David Locks Suite 207,Cottekill,NY,12419,41.8467,-74.1038,722,Comptroller,1990-10-19,693ea1da4a1eff4566120888cae2b783,1376524520,42.698251,-74.000057,0,0.9462795,1
155849,2020-08-15 02:08:03,4634955908138648,fraud_Botsford Ltd,shopping_pos,1319.97,Mackenzie,Smith,F,7178 Willis Drive,Hooper,NE,68031,41.6414,-96.5232,1745,"Engineer, automotive",1973-12-26,3f039e6f6df9f883e39f3b7b6b782a9c,1376532483,42.276801,-95.911843,1,0.56324387,1
156650,2020-08-15 12:50:38,3590736522064285,"fraud_Nitzsche, Kessler and Wolff",shopping_pos,1356.93,Kimberly,Gonzalez,F,72966 Shannon Pass Apt. 391,Bauxite,AR,72011,34.5091,-92.4828,4074,"Scientist, audiological",1975-12-20,62e8026bd4add0ecf3c8f667d0e3b9b8,1376571038,34.950514,-91.522565,0,0.78701353,1
156734,2020-08-15 13:37:09,2356276337669917,"fraud_Nienow, Ankunding and Collier",misc_pos,776.15,Benjamin,Harris,M,0881 Lori Pines,Chester,MD,21619,38.9583,-76.2842,5848,Paediatric nurse,1981-02-15,7f6956b8b20f9995eda7e4b885f05b19,1376573829,39.312954,-76.656697,0,0.53399974,1
156902,2020-08-15 15:08:46,3511378610369890,fraud_Abbott-Rogahn,entertainment,450.27,James,Cooper,M,663 Ramirez Trace Apt. 951,Huntsville,AL,35811,34.7789,-86.5438,190178,Television production assistant,1973-04-01,eb3d8b0a9c0d6a435a1ce667d93eecf7,1376579326,34.140318,-86.68554300000001,0,0.5440117,1
157112,2020-08-15 16:59:31,6011348830550197,fraud_Hermann and Sons,shopping_pos,862.35,Samuel,Johnston,M,16285 Jessica Lights,Birmingham,AL,35229,33.4629,-86.7904,493806,Musician,1980-07-12,3219809a93a3cdbeff731f75887ee8a7,1376585971,33.702407,-86.480083,0,0.6169728,1
157256,2020-08-15 18:09:32,4900628639996,fraud_Abbott-Rogahn,entertainment,625.08,Michael,Johnson,M,094 Owens Underpass,Norwalk,CA,90650,33.9056,-118.0818,105549,Firefighter,1973-09-22,fc0d6c43112fd8e4b6423053af952ac1,1376590172,34.641962,-118.332646,0,0.76651233,1
157462,2020-08-15 20:14:17,30551643947183,"fraud_Baumbach, Feeney and Morar",shopping_net,696.98,Morgan,Smith,F,1441 Bradley Place,Grover,NC,28073,35.1836,-81.4552,5621,Toxicologist,1973-11-14,2e7ac6a9f12e74f351739f0037938378,1376597657,34.656833,-81.507152,0,0.7298094,1
157605,2020-08-15 21:23:51,3518234918950662,fraud_Sawayn PLC,shopping_pos,1598.9,Barbara,Lowe,F,67210 Lori Creek,Sherman,TX,75092,33.6372,-96.6184,46563,Systems developer,1970-09-11,3de332f86141f08704c8c39727d2faa9,1376601831,32.851561,-96.491265,0,0.95980746,1
157623,2020-08-15 21:36:36,3583293909206278,fraud_Mayert Group,shopping_pos,2437.87,Deborah,Fisher,F,1911 Fisher Brook,Kirtland Afb,NM,87117,35.0203,-106.5503,310,"Surveyor, land/geomatics",1978-09-30,23b2a9df8be56c9168428fe061305ec4,1376602596,34.835293,-106.389839,0,0.9439706,1
157689,2020-08-15 22:09:34,6011504998544485,fraud_Boyer PLC,shopping_net,2969.87,Ashley,Whitney,F,4038 Smith Avenue,Jones,AL,36749,32.5104,-86.8138,1089,Materials engineer,1971-11-02,bc4467ae1c628e394cb13823db842553,1376604574,33.358843,-86.104417,0,0.9524184,1
157707,2020-08-15 22:19:00,30541100351706,fraud_Schumm PLC,shopping_net,1010.41,Derrick,George,M,575 Chapman Union,Spring,TX,77379,30.0377,-95.5326,316665,"Education officer, museum",1990-09-12,f8ffaad81eabe062fe1dd80b234e8240,1376605140,30.426679,-94.72192,0,0.8901009,1
157839,2020-08-15 23:28:51,3545109339866548,fraud_Kuhic LLC,shopping_net,2886.52,Keith,Sanders,M,8030 Beck Motorway,Moorhead,MS,38761,33.4783,-90.5142,2870,Chartered public finance accountant,1999-03-05,a5c39df7789900bc285f24206215757e,1376609331,33.858481,-90.337728,0,0.93992335,1
158043,2020-08-16 01:28:44,4334230547694630,fraud_Corwin-Gorczany,misc_net,593.78,Scott,Martin,M,7483 Navarro Flats,Freedom,WY,83120,43.0172,-111.0292,471,"Education officer, museum",1967-08-02,d29979c1e3991ff314aa763156b89097,1376616524,43.76467,-110.123061,0,0.6983856,1
158072,2020-08-16 01:46:43,4634955908138648,fraud_Medhurst PLC,shopping_net,1000.46,Mackenzie,Smith,F,7178 Willis Drive,Hooper,NE,68031,41.6414,-96.5232,1745,"Engineer, automotive",1973-12-26,d298d38ea7c37c4bd11863f19c5a81f8,1376617603,41.82573,-96.173772,1,0.5659239,1
158178,2020-08-16 02:48:54,676148621961,fraud_Block-Parisian,misc_net,519.97,Jennifer,Vega,F,91644 Crystal Drives,Eagarville,IL,62023,39.1118,-89.7855,91,Materials engineer,1962-11-18,bfe236a49c0959fca4436b572c7cfdc7,1376621334,38.548577,-89.666515,0,0.5153004,1
158680,2020-08-16 07:02:23,6011438889172900,"fraud_Hayes, Marquardt and Dibbert",misc_net,693.89,Allison,Allen,F,40624 Rebecca Spurs,De Witt,AR,72042,34.2853,-91.3336,5161,Electrical engineer,1993-04-08,e4e1210ea17b14516fa3b61b1ad10c4f,1376636543,34.782294,-91.775969,0,0.5999639,1
158895,2020-08-16 09:03:41,344342339068828,fraud_Jewess LLC,shopping_pos,2111.72,Ruth,Fuller,F,37732 Joe Courts Apt. 752,Darien,GA,31305,31.3826,-81.4312,5989,Tax adviser,1967-05-05,09679919750c10ce74f1aa7696111e74,1376643821,31.227347,-81.39370500000001,0,0.790462,1
159107,2020-08-16 10:54:21,4306586894261180,"fraud_Nienow, Ankunding and Collier",misc_pos,779.71,Renee,Walls,F,86542 Jessica Fords Apt. 706,Veedersburg,IN,47987,40.1186,-87.2602,4049,"Development worker, community",1959-10-19,260185dd4fddd0108f2f1155c6c002b1,1376650461,40.886381,-87.81434399999999,0,0.666734,1
159637,2020-08-16 14:31:11,213157767990030,"fraud_Kihn, Abernathy and Douglas",shopping_net,1147.91,Tara,Campbell,F,05050 Rogers Well Apt. 439,Rock Springs,WY,82901,41.606,-109.23,27971,Music therapist,1984-08-01,418f4985d8027889302b699910305a13,1376663471,42.138873,-108.822835,0,0.83348393,1
160027,2020-08-16 17:02:37,3545109339866548,fraud_Hickle Group,shopping_pos,1253.09,Keith,Sanders,M,8030 Beck Motorway,Moorhead,MS,38761,33.4783,-90.5142,2870,Chartered public finance accountant,1999-03-05,2f993d82a3d99aa7361d02fb38657bb0,1376672557,32.898243,-91.510092,0,0.79699785,1
160108,2020-08-16 17:31:03,676102124465,"fraud_Bernhard, Grant and Langworth",shopping_pos,1468.69,Natasha,Mclaughlin,F,8699 Lindsay Ford Apt. 486,Napa,CA,94558,38.4549,-122.2564,94014,Airline pilot,1985-08-21,be9f53fad148ecc6ef741aba149c0e3e,1376674263,39.327485,-121.610619,0,0.88805366,1
160147,2020-08-16 17:43:25,4998109455173950,"fraud_Hartmann, Rowe and Hermann",travel,2141.93,Mary,Pruitt,F,2819 Luke Greens Suite 563,Kansas City,MO,64114,38.9621,-94.5959,545147,Counsellor,1987-11-18,04c1f9529fd6355b78187688b46a7036,1376675005,39.184388,-94.577722,0,0.8838057,1
160260,2020-08-16 18:25:15,571365235126,fraud_Stamm-Witting,shopping_net,2218.94,Barbara,Taylor,F,0069 Robin Brooks Apt. 695,Elberta,MI,49628,44.5995,-86.2141,372,"Exhibitions officer, museum/gallery",1995-07-12,81081c6135d4bca6712b4bd578821ffc,1376677515,45.250559,-86.598457,0,0.92688626,1
160544,2020-08-16 20:00:26,2712209726293386,fraud_Boyer PLC,shopping_net,917.08,Jenna,Brooks,F,50872 Alex Plain Suite 088,Baton Rouge,LA,70808,30.4066,-91.1468,378909,"Designer, furniture",1977-02-22,b0c8d0f12f13296a91951eba0928cb74,1376683226,31.169722,-90.676714,0,0.93771636,1
160925,2020-08-16 22:23:02,3538520143479972,fraud_Kessler Group,travel,3135.13,Cassandra,Nunez,F,9572 Austin Forge Suite 612,Clay Center,OH,43408,41.5686,-83.3632,269,Insurance underwriter,1965-09-15,5b5eb4a7a05a57ca12b9e8b01a1171a9,1376691782,42.522595,-82.643552,0,0.9539604,1
160961,2020-08-16 22:35:55,3518669219150142,fraud_Buckridge PLC,misc_pos,615.58,Dorothy,Thomas,F,537 Rice Square Suite 040,Milford,OH,45150,39.1657,-84.23299999999999,31394,Hospital doctor,1996-11-12,8363db5fc77441356d4155c757748d8c,1376692555,39.668911,-84.231081,0,0.6363306,1
161002,2020-08-16 22:51:43,180067151859700,fraud_Dooley Inc,shopping_pos,711.31,Karen,Ryan,F,82468 Michelle Village Suite 556,Joliet,IL,60432,41.5378,-88.0572,128354,"Teacher, secondary school",1992-01-20,6c3920464136851d2b6e1bc271cfa284,1376693503,41.76791,-88.306443,0,0.55102557,1
161118,2020-08-16 23:25:44,180031190491743,"fraud_Heathcote, Yost and Kertzmann",shopping_net,1062.04,Becky,Mckinney,F,250 Benjamin Hill Apt. 026,Mobile,AL,36617,30.7145,-88.0918,270712,"Surveyor, land/geomatics",1972-01-05,eded5d107c96cfe913904cc6f30ca4be,1376695544,30.307021,-88.344879,0,0.97570986,1
161249,2020-08-17 00:17:50,375974680629816,fraud_Kerluke Inc,misc_net,430.26,Roberta,Mccarthy,F,94431 Matthew Mall Suite 296,Plymouth,CT,6782,41.6611,-73.0449,2376,Herpetologist,1973-04-06,78b58f5c7a0c413a3752f8c58cc2f5d2,1376698670,40.68269,-72.78886999999999,0,0.82834446,1
161274,2020-08-17 00:32:55,4708992452821239,"fraud_Rodriguez, Yost and Jenkins",misc_net,468.1,Jared,Walters,M,3326 Hannah Fords,Cord,AR,72524,35.8184,-91.3375,376,"Designer, ceramics/pottery",1938-09-08,bcd4b1c3f32f225bff22b7e683140158,1376699575,35.113646,-90.825186,0,0.76576823,1
161961,2020-08-17 06:09:23,2703186189652095,fraud_Mante Group,misc_net,471.07,Jennifer,Banks,F,561 Perry Cove,Moravian Falls,NC,28654,36.0788,-81.1781,3495,"Psychologist, counselling",1988-03-09,73ea000d6c18f51dced248877f83495b,1376719763,35.95277,-80.90748,0,0.53822887,1
162004,2020-08-17 06:30:23,2358122155477959,fraud_Kuphal-Bartoletti,misc_net,1070.19,Mike,Tran,M,17355 Mendoza Bypass Suite 059,Linthicum Heights,MD,21090,39.2092,-76.6681,9784,"Conservator, furniture",1924-10-30,cb2e1453d2f0b4bbb1ec6329bdd6ab72,1376721023,38.626993,-77.13248399999999,0,0.87969214,1
162107,2020-08-17 07:18:23,4440581794652,fraud_Torphy-Goyette,shopping_pos,2969.05,Karen,Cooper,F,425 Caleb Point Apt. 050,San Diego,CA,92128,33.0067,-117.069,1241364,"Pharmacist, hospital",1960-03-01,49f2fe735627bca06c699f568b33126d,1376723903,33.187104,-117.83701299999998,0,0.76678395,1
162591,2020-08-17 11:15:52,377895991033232,fraud_Mohr-Bayer,shopping_net,1118.2,Kimberly,Myers,F,6881 King Isle Suite 228,Higganum,CT,6441,41.4682,-72.5751,5438,"Librarian, academic",1964-11-17,bb150dea1f54705d09d36e706a9579cf,1376738152,40.877657,-71.99369300000001,0,0.6362048,1
163303,2020-08-17 14:57:48,2264937662466770,fraud_Kerluke Inc,misc_net,801.32,Juan,Sherman,M,5939 Garcia Forges Suite 297,San Antonio,TX,78214,29.3641,-98.4924,1595797,Land,1995-10-17,660277c0ca6fa792309e357190f87800,1376751468,28.765327000000003,-98.324444,0,0.6311572,1
163504,2020-08-17 15:59:24,4755696071492,fraud_Auer-West,shopping_net,1037.36,Robert,Evans,M,01892 Patricia Vista Apt. 828,Sachse,TX,75048,32.9643,-96.6012,20328,Site engineer,1985-06-20,7d804f3f0e8d14f1792bf880be9657fc,1376755164,32.583071999999994,-95.966064,0,0.56481546,1
164247,2020-08-17 19:36:12,6544734391390261,fraud_Beier-Hyatt,shopping_pos,1231.72,John,Myers,M,701 Wilson Divide,Highland,IN,46322,41.55,-87.4569,23727,Community arts worker,1982-02-08,1dd41da0528d668584bf824e4d37fecc,1376768172,41.068538,-87.94264799999999,0,0.9085148,1
164606,2020-08-17 21:21:54,3543299015720986,"fraud_McLaughlin, Armstrong and Koepp",travel,1832.76,Angela,White,F,137 Adam Dale,Lebanon,VA,24266,36.8809,-82.0956,9521,"Teacher, English as a foreign language",1977-10-19,f00a7831f77019e29ddfd462796b8e02,1376774514,37.367314,-82.134573,0,0.8936176,1
164801,2020-08-17 22:16:21,676195318214,fraud_Goyette Inc,shopping_net,1034.63,Brandy,Quinn,F,9734 Beard Fields Suite 885,Altair,TX,77412,29.6047,-96.5249,106,"Editor, film/video",1983-07-24,662e4cfb9d4f8d6f59c1c241fd859b56,1376777781,28.962909000000003,-96.902287,0,0.8114384,1
164842,2020-08-17 22:27:51,213112402583773,fraud_Bauch-Blanda,entertainment,555.79,Ana,Howell,F,4664 Sanchez Common Suite 930,Bradley,SC,29819,34.0326,-82.2027,1523,Research scientist (physical sciences),1984-06-03,e2ccf6869473e02210df150cbd979fa4,1376778471,34.507117,-81.315554,1,0.8534254,1
165088,2020-08-17 23:46:20,3536818734263520,"fraud_Nicolas, Hills and McGlynn",entertainment,383.93,Gerald,Frank,M,95793 Andrea Ville Suite 533,Des Moines,IA,50314,41.603,-93.633,222785,Interior and spatial designer,1981-08-10,3e06d988527220adfd2934a234e68a73,1376783180,41.403617,-93.968721,0,0.5434382,1
165139,2020-08-18 00:00:12,561942763351,fraud_McDermott-Rice,misc_pos,353.33,Melissa,Brown,F,330 Montoya Ramp,Washington,DC,20036,38.9087,-77.0414,601723,Prison officer,1986-03-14,cc12786dc0a7a746c501f6524019cddc,1376784012,39.221926,-77.94852,0,0.88371366,1
165160,2020-08-18 00:10:27,5559857416065248,"fraud_Johnson, Runolfsdottir and Mayer",misc_net,653.2,Jack,Hill,M,5916 Susan Bridge Apt. 939,Grenada,CA,96038,41.6125,-122.5258,589,Systems analyst,1945-12-21,95e87e353f24319faa849e9ca3b8b99a,1376784627,41.977213,-123.449368,0,0.663356,1
165199,2020-08-18 00:25:42,213112402583773,"fraud_Schoen, Kuphal and Nitzsche",grocery_pos,371.82,Ana,Howell,F,4664 Sanchez Common Suite 930,Bradley,SC,29819,34.0326,-82.2027,1523,Research scientist (physical sciences),1984-06-03,19ed9a900d2e4ee8bcd2ac7d95567f12,1376785542,34.136273,-81.87649300000001,1,0.745,1
165207,2020-08-18 00:30:17,213112402583773,fraud_Boyer PLC,shopping_net,1017.67,Ana,Howell,F,4664 Sanchez Common Suite 930,Bradley,SC,29819,34.0326,-82.2027,1523,Research scientist (physical sciences),1984-06-03,d2fa92fcb98a67a166d60c47e5173cc6,1376785817,35.001507000000004,-82.26003399999999,1,0.6449045,1
165242,2020-08-18 00:45:41,6011679934075347,fraud_Volkman Ltd,misc_net,578.94,Jennifer,Gonzalez,F,5517 Stacy Land,Jelm,WY,82063,41.0539,-106.0763,100,Public librarian,1974-04-16,ef68b3ef50c4463bad3cf52ddf80e0cb,1376786741,41.180724,-105.813316,0,0.74255115,1
165297,2020-08-18 01:18:08,4500002361389,fraud_Schmidt and Sons,shopping_net,1191.93,Joseph,Nixon,M,86882 Desiree Camp Suite 047,Tyaskin,MD,21865,38.2833,-75.8465,470,Music tutor,1965-04-07,9fc871d92003625c5dd5c10635a26c27,1376788688,38.293235,-76.503833,0,0.546879,1
165337,2020-08-18 01:36:23,4467456915153312231,fraud_Torp-Lemke,misc_pos,630.08,Rita,Myers,F,75703 Hernandez Corner Suite 348,Tampa,FL,33620,28.06,-82.4079,717255,Waste management officer,1966-09-16,6eea5228f45c9fcb7f283e0acaf12a08,1376789783,27.500602,-81.761113,0,0.6401367,1
165525,2020-08-18 03:01:28,4698163635895795,fraud_Corwin-Gorczany,misc_net,779.28,Sharon,Powell,F,101 Carla Loop,Wendel,CA,96136,40.3406,-120.2824,104,"Teacher, adult education",1989-08-16,78186eb2e3f1e17108e561929bdacd06,1376794888,41.015173,-119.677646,0,0.74463,1
165590,2020-08-18 03:30:17,213112402583773,fraud_Keeling-Crist,misc_pos,645.41,Ana,Howell,F,4664 Sanchez Common Suite 930,Bradley,SC,29819,34.0326,-82.2027,1523,Research scientist (physical sciences),1984-06-03,8bc785f62ecd2c92858060551babad14,1376796617,34.611342,-81.625323,1,0.6956846,1
165679,2020-08-18 04:12:12,2720894374956739,fraud_Beier-Hyatt,shopping_pos,1366.05,Audrey,Hickman,F,3325 Gregory Square,Mount Clemens,MI,48043,42.5978,-82.8823,16305,"Psychologist, sport and exercise",1927-05-25,84499f3dec1b0e20b859e255ef74e6fe,1376799132,43.523146,-82.902635,0,0.5616623,1
165768,2020-08-18 04:49:42,3565943051129759,fraud_Lynch Ltd,shopping_pos,1581.27,David,Thomas,M,838 Dan Haven Suite 003,Webster City,IA,50595,42.4657,-93.8262,9165,Medical secretary,1963-05-23,8f9336195e4567020200a61c8d0ffe1a,1376801382,42.415227,-93.536284,0,0.6103439,1
165900,2020-08-18 06:02:06,377654590313960,fraud_Dach-Nader,misc_net,562.68,Lawrence,Davis,M,7421 Serrano Lane Apt. 580,Powell,TN,37849,36.0435,-84.04,25459,"Teacher, special educational needs",1969-02-22,cc44f52344eebbb3ed91e3a993d5d05a,1376805726,36.796345,-84.78603000000001,0,0.69869614,1
166175,2020-08-18 08:08:56,3589255887819806,"fraud_Ferry, Lynch and Kautzer",misc_net,1071.83,David,Miller,M,622 Bradley Knoll Apt. 758,Hancock,MD,21750,39.6991,-78.1762,3766,Press photographer,1984-02-14,2eac2d2d3c6c3aad71dafbcf51366180,1376813336,40.035963,-77.973901,0,0.71028525,1
166348,2020-08-18 09:24:50,3502088871723054,"fraud_Rodriguez, Yost and Jenkins",misc_net,1169.16,Scott,Martin,M,31472 Cody Place Suite 740,Kensington,MD,20895,39.0298,-77.0793,19054,Operations geologist,1976-09-08,0958d6d825e045775a64973abd20d319,1376817890,38.096854,-77.99386899999999,0,0.7341726,1
166451,2020-08-18 10:21:51,630425673344,fraud_Hickle Group,shopping_pos,2112.53,Bryan,Miller,M,411 Laurie Fords,Cass,WV,24927,38.388000000000005,-79.9906,365,Special effects artist,1970-03-14,e7c2986b07a1a49e55a5da335c19821c,1376821311,37.607771,-80.708772,0,0.840189,1
166779,2020-08-18 12:44:01,6011104316292105,fraud_Terry-Huel,shopping_net,2348.63,Valerie,Davis,F,3861 Anderson Ramp Apt. 536,Drakes Branch,VA,23937,36.9688,-78.5615,1970,Energy engineer,1985-09-02,61dfb1f3ab3b959da1025a041cdf5ddb,1376829841,37.855178,-79.483168,0,0.8325615,1
167067,2020-08-18 14:09:09,3598304579370089,fraud_Christiansen-Gusikowski,misc_pos,746.08,Vincent,Flowers,M,0189 Emily Prairie,Wichita,KS,67232,37.6395,-97.1714,409656,Heritage manager,1985-12-27,738e025ab8d13e030bce7a5c82628817,1376834949,38.628391,-97.795803,0,0.64001477,1
167122,2020-08-18 14:24:33,676372984911,fraud_Goyette Inc,shopping_net,1733.48,Vicki,Mendoza,F,3645 Atkins Island Apt. 238,Esbon,KS,66941,39.7562,-98.4462,242,Tourism officer,1987-07-18,84cb3be88ce25e5154c34b9503ea1d78,1376835873,39.290272,-98.888959,0,0.85739917,1
167128,2020-08-18 14:26:32,4450831335606294,"fraud_Mosciski, Ziemann and Farrell",shopping_net,1303.9,Donna,Davis,F,6760 Donovan Lakes,Clayton,OK,74536,34.5906,-95.38,1760,Occupational psychologist,1972-01-20,d1d9cc66a617fdb5e8559a011bd8dc1c,1376835992,35.201363,-96.114016,0,0.83807844,1
167145,2020-08-18 14:32:27,180031190491743,fraud_Pagac LLC,shopping_pos,1350.96,Becky,Mckinney,F,250 Benjamin Hill Apt. 026,Mobile,AL,36617,30.7145,-88.0918,270712,"Surveyor, land/geomatics",1972-01-05,03c6a8c23d2b75eda6efae240d2edaae,1376836347,29.898179,-87.833961,0,0.8042086,1
167388,2020-08-18 15:57:49,4836998673805450,fraud_Kozey-Boehm,shopping_net,1553.37,Susan,Hardy,F,516 Brown Parks,Manistique,MI,49854,46.0062,-86.2555,6469,Trade mark attorney,1979-04-12,dc939ddbbaa3aec5ddbdc6c2548f2666,1376841469,46.219145000000005,-85.750513,0,0.901726,1
167481,2020-08-18 16:24:17,3523843138706408,"fraud_Nienow, Ankunding and Collier",misc_pos,770.2,Grace,Williams,F,28812 Charles Mill Apt. 628,Plantersville,AL,36758,32.6176,-86.9475,1412,Drilling engineer,1970-11-20,7881a0142e4d8be9b0881a500edc1f7f,1376843057,33.217039,-86.207054,0,0.79752946,1
167504,2020-08-18 16:29:44,639023984367,"fraud_Goyette, Howell and Collier",shopping_pos,1257.94,Destiny,Lowe,F,79472 Stevens Trace Apt. 120,Hannawa Falls,NY,13647,44.6087,-74.9732,69,Chief Executive Officer,1991-06-05,c6f9ac1809dd28cf4883d18771cf84ff,1376843384,44.782278000000005,-74.673556,0,0.79866785,1
167608,2020-08-18 16:59:52,630423337322,fraud_Schmeler Inc,misc_pos,584.37,Stephanie,Gill,F,43039 Riley Greens Suite 393,Orient,WA,99160,48.8878,-118.2105,149,Special educational needs teacher,1978-06-21,b946b4f8621bd1d60a806550f10922cd,1376845192,49.170387,-117.796563,0,0.5400892,1
167762,2020-08-18 17:49:35,4099707841315751,fraud_Balistreri-Nader,misc_pos,861.3,James,Stephens,M,1166 Castillo Mountains,Ruckersville,VA,22968,38.2586,-78.4074,9815,"Designer, ceramics/pottery",1975-07-07,311c61ca89e013fd9e312e51613d9d5b,1376848175,37.889761,-78.19375,0,0.893416,1
167913,2020-08-18 18:35:15,213112402583773,"fraud_Baumbach, Hodkiewicz and Walsh",shopping_pos,874.71,Ana,Howell,F,4664 Sanchez Common Suite 930,Bradley,SC,29819,34.0326,-82.2027,1523,Research scientist (physical sciences),1984-06-03,5a1efe5ee20227b4a577b332c35c39dc,1376850915,33.344198,-82.74733,1,0.53493166,1
168609,2020-08-18 22:07:55,213112402583773,fraud_Effertz LLC,entertainment,470.35,Ana,Howell,F,4664 Sanchez Common Suite 930,Bradley,SC,29819,34.0326,-82.2027,1523,Research scientist (physical sciences),1984-06-03,d98860e156688cb667e84cf9666d0740,1376863675,35.01748,-82.354831,1,0.7766404,1
168685,2020-08-18 22:31:28,4481131401752,fraud_Torphy-Goyette,shopping_pos,860.43,Frank,Foster,M,37910 Ward Lights,Shrewsbury,MA,1545,42.2848,-71.7205,35299,English as a second language teacher,1975-04-30,9af87c3ba6ca9e22aafc4124593fd5ef,1376865088,41.743253,-71.78390300000001,0,0.7308678,1
168756,2020-08-18 22:50:59,2264937662466770,fraud_Gislason Group,misc_pos,706.32,Juan,Sherman,M,5939 Garcia Forges Suite 297,San Antonio,TX,78214,29.3641,-98.4924,1595797,Land,1995-10-17,080c163e3d5379c1030678428fc9a90d,1376866259,30.30289,-97.688718,0,0.78532827,1
168815,2020-08-18 23:12:08,30518206766474,fraud_Boyer PLC,shopping_net,716.8,Tamara,Martinez,F,471 Marquez Prairie Suite 680,Matthews,MO,63867,36.7154,-89.6287,1019,Aeronautical engineer,1979-01-26,628b2d627fd957c7f62509fc3fc3f550,1376867528,36.940254,-88.76697,0,0.8602505,1
168825,2020-08-18 23:16:56,213112402583773,"fraud_Swaniawski, Lowe and Robel",shopping_pos,859.32,Ana,Howell,F,4664 Sanchez Common Suite 930,Bradley,SC,29819,34.0326,-82.2027,1523,Research scientist (physical sciences),1984-06-03,31699b94b227fbe55b8407ebe7c47c57,1376867816,33.687469,-82.42684,1,0.7712892,1
168997,2020-08-19 00:25:46,5456712664803820,"fraud_Ruecker, Beer and Collier",shopping_net,1443.28,Pamela,Matthews,F,36659 Smith Club Apt. 080,Llano,NM,87543,36.1486,-105.6648,247,Architectural technologist,1961-10-24,be09df4596dbc888f540454618e1e26c,1376871946,35.260846,-106.348645,0,0.5405613,1
169187,2020-08-19 03:14:48,6011367958204270,fraud_Lebsack and Sons,misc_net,499.59,Tammy,Ayers,F,1652 James Mews,Hinckley,OH,44233,41.2419,-81.7453,7646,Medical sales representative,1988-09-15,3c047fe6909f853f6084789b406cb388,1376882088,41.013755,-81.631451,0,0.81485003,1
169404,2020-08-19 06:59:54,4181833256558613886,"fraud_Greenfelder, Bartoletti and Davis",misc_net,573.32,Jessica,Potter,F,7600 Stephen Course Suite 031,Red River,NM,87558,36.6659,-105.4694,606,"Surveyor, land/geomatics",1988-09-06,5a577801c2160871d9947728c8c80f51,1376895594,36.398485,-106.374333,0,0.70499843,1
170058,2020-08-19 15:24:55,6011148190095209,fraud_Fisher Inc,shopping_net,1785.46,Terri,Bailey,F,508 Erin Mount,Daly City,CA,94015,37.6787,-122.478,107941,"Buyer, industrial",1991-10-04,2726d1bf6d6cf92cb56eb4802a129d6f,1376925895,38.437991,-122.058792,0,0.8453497,1
170504,2020-08-19 20:02:44,180036456789979,fraud_Fisher Inc,shopping_net,1089.79,Mackenzie,Salazar,F,982 Melissa Lock,Bagley,WI,53801,42.9207,-91.0685,878,Risk analyst,1974-11-20,87d023423292de8ab193092fab5ea935,1376942564,42.610372,-91.275662,0,0.9518818,1
170770,2020-08-19 22:57:47,4981132848794,fraud_Jacobi and Sons,shopping_pos,758.01,Joseph,Spencer,M,7854 Stephanie Island Suite 788,Holloway,OH,43985,40.0113,-80.9701,128,Child psychotherapist,1946-04-03,974d85ca150757b03219896db3498e55,1376953067,39.061183,-81.163115,1,0.904773,1
170822,2020-08-19 23:28:11,4981132848794,fraud_Bashirian Group,shopping_net,1057.1,Joseph,Spencer,M,7854 Stephanie Island Suite 788,Holloway,OH,43985,40.0113,-80.9701,128,Child psychotherapist,1946-04-03,fe13aaf1bbd0f5196cab3e6ed7ce3b8a,1376954891,39.962352,-81.730173,1,0.98200893,1
170833,2020-08-19 23:34:59,4170689372027579,fraud_Macejkovic-Lesch,shopping_pos,1033.75,Samuel,Frey,M,830 Myers Plaza Apt. 384,Edmond,OK,73034,35.6665,-97.4798,116001,Media buyer,1993-05-10,79517ab1963f913e87ef8434af40abdc,1376955299,36.192919,-97.072784,0,0.8502644,1
170842,2020-08-19 23:39:43,4450831335606294,fraud_Bashirian Group,shopping_net,1761.49,Donna,Davis,F,6760 Donovan Lakes,Clayton,OK,74536,34.5906,-95.38,1760,Occupational psychologist,1972-01-20,93016e50c8aa1a6a64c62565b3af960a,1376955583,35.422938,-94.438283,0,0.9745598,1
170969,2020-08-20 01:32:12,4939976756738216,fraud_Herman Inc,misc_pos,788.87,Michelle,Johnston,F,3531 Hamilton Highway,Roma,TX,78584,26.4215,-99.0025,18128,IT trainer,1990-11-07,690fcdd04b8fba786efd5723e2a3b107,1376962332,27.328536,-99.45091,0,0.67241025,1
171135,2020-08-20 03:55:11,4992346398065154184,fraud_McGlynn-Heathcote,misc_net,711.56,Benjamin,Kim,M,920 Patrick Light,Mc Nabb,IL,61335,41.173,-89.2187,532,Audiological scientist,1956-01-09,ef57f2e73ec4d3aec6c50ea529cae9a5,1376970911,41.384678,-90.094688,0,0.70622224,1
171180,2020-08-20 04:34:17,580954173374,fraud_Barrows PLC,shopping_pos,2030.44,Jessica,Benitez,F,31281 Thomas Inlet,Montrose,NY,10548,41.2496,-73.9446,3487,Race relations officer,1960-01-13,925baaccd84909aa2c941371c10e5380,1376973257,41.623926,-74.328804,0,0.7222022,1
171491,2020-08-20 09:07:07,30427035050508,"fraud_Quitzon, Green and Bashirian",shopping_pos,1466.82,John,Chandler,M,88325 Brandon Greens Apt. 477,Detroit,MI,48202,42.377,-83.0796,673342,Broadcast presenter,1969-11-20,f05b2cf2a5317114d815712be520c797,1376989627,41.568267,-83.2907,0,0.7940183,1
172292,2020-08-20 17:06:37,4379260813815979609,"fraud_Labadie, Treutel and Bode",shopping_net,3211.41,Thomas,Jenkins,M,93914 Gregory Via,Oakland,CA,94619,37.7878,-122.1884,381459,Barista,1974-01-03,8fa9fd26d4bd6a3b709e60f7f8681309,1377018397,37.965572,-122.583228,0,0.90131295,1
172307,2020-08-20 17:16:40,376445266762684,fraud_Botsford Ltd,shopping_pos,1237.3,Rachel,Lowe,F,372 Jeffrey Course,Sutherland,NE,69165,41.1558,-101.136,1789,Insurance broker,1982-02-11,e4b6d3976360ca970a8bc7f06afec2b8,1377019000,41.545314000000005,-101.2595,0,0.89848,1
172524,2020-08-20 19:17:24,372382441451095,"fraud_Herman, Treutel and Dickens",misc_net,923.35,Brent,Terrell,M,502 Rice Plaza Apt. 979,Port Ewen,NY,12466,41.8948,-73.9767,2471,Heritage manager,1966-01-21,16b1fd5188287d7b4e0a51e15dced1c1,1377026244,42.02102,-74.731216,1,0.98516685,1
172623,2020-08-20 20:05:50,36913587729122,fraud_Conroy Ltd,shopping_pos,1195.56,Ana,Mccormick,F,4503 Patricia Route,Meridian,ID,83646,43.6498,-116.4306,84106,Intelligence analyst,1971-02-11,3e556aea5ad7323442e916de7fcaa8c5,1377029150,42.664372,-116.626443,0,0.9608662,1
172648,2020-08-20 20:22:29,4342532437704183,fraud_Stoltenberg-Beatty,shopping_pos,3209.64,Kevin,Elliott,M,1852 Vincent Isle Suite 328,Newark Valley,NY,13811,42.2281,-76.1625,4354,Further education lecturer,1994-02-16,e7cec12696cb27a6ddd3b59e9e4ff58c,1377030149,41.65692,-76.095275,0,0.93329316,1
172680,2020-08-20 20:40:55,4198470814557,fraud_Towne LLC,misc_pos,1508.77,Christie,Williamson,F,519 Jerry Views,Avoca,IA,51521,41.4768,-95.3509,2036,Engineering geologist,1971-08-20,8625557e1c5ea7128eab657ce7c84dbf,1377031255,41.118187,-94.714205,0,0.9721024,1
172746,2020-08-20 21:19:50,30270432095985,"fraud_Greenfelder, Bartoletti and Davis",misc_net,2782.98,Lisa,Lin,F,908 Brooks Brook,Lomax,IL,61454,40.6761,-91.0391,725,Environmental consultant,1972-11-28,2b3148a1a1793724ce56c17b76e9c6c9,1377033590,39.899687,-91.062504,0,0.9597133,1
172831,2020-08-20 22:07:10,372382441451095,fraud_Volkman-Predovic,shopping_net,1046.28,Brent,Terrell,M,502 Rice Plaza Apt. 979,Port Ewen,NY,12466,41.8948,-73.9767,2471,Heritage manager,1966-01-21,6b3b2a38043e568a6dfdef323ca75299,1377036430,42.06062,-73.765041,1,0.96595806,1
172857,2020-08-20 22:25:47,372382441451095,fraud_Hudson-Grady,shopping_pos,970.97,Brent,Terrell,M,502 Rice Plaza Apt. 979,Port Ewen,NY,12466,41.8948,-73.9767,2471,Heritage manager,1966-01-21,7c6d7eab68c40b01ffde141ccc6c8433,1377037547,42.81454,-74.03594100000001,1,0.9271807,1
172917,2020-08-20 22:56:25,372382441451095,"fraud_Stehr, Jewess and Schimmel",misc_net,1039.88,Brent,Terrell,M,502 Rice Plaza Apt. 979,Port Ewen,NY,12466,41.8948,-73.9767,2471,Heritage manager,1966-01-21,fba3b56e17622b475101b252452e5247,1377039385,42.389188,-74.326336,1,0.98856574,1
172967,2020-08-20 23:19:54,372382441451095,"fraud_Altenwerth, Cartwright and Koss",shopping_net,963.37,Brent,Terrell,M,502 Rice Plaza Apt. 979,Port Ewen,NY,12466,41.8948,-73.9767,2471,Heritage manager,1966-01-21,fccecfc1c7f336badf3a15e6e03376f9,1377040794,41.374375,-74.071137,1,0.97261286,1
172968,2020-08-20 23:19:57,372382441451095,fraud_Medhurst PLC,shopping_net,956.23,Brent,Terrell,M,502 Rice Plaza Apt. 979,Port Ewen,NY,12466,41.8948,-73.9767,2471,Heritage manager,1966-01-21,abcbd471620adf0ef8040309147e7c30,1377040797,41.273563,-72.981542,1,0.8384693,1
172969,2020-08-20 23:20:07,375767678113375,"fraud_Kunze, Larkin and Mayert",travel,2157.7,Christopher,Patterson,M,16744 Campbell Wall Apt. 372,Timberville,VA,22853,38.6476,-78.7717,4367,Waste management officer,1962-04-12,99c5ae0b94981fa8ad3269f76d4f8a08,1377040807,38.245097,-78.277054,0,0.9593377,1
173105,2020-08-21 00:32:26,375974680629816,fraud_Kiehn Inc,grocery_pos,337.13,Roberta,Mccarthy,F,94431 Matthew Mall Suite 296,Plymouth,CT,6782,41.6611,-73.0449,2376,Herpetologist,1973-04-06,c56f1d8930016185babeee449aae5b35,1377045146,42.040289,-72.75357,1,0.69283956,1
173134,2020-08-21 00:52:22,375974680629816,fraud_Haley Group,misc_pos,721.52,Roberta,Mccarthy,F,94431 Matthew Mall Suite 296,Plymouth,CT,6782,41.6611,-73.0449,2376,Herpetologist,1973-04-06,68c21d83dbde37bd77d80fee17dc2711,1377046342,41.292948,-73.39416999999999,1,0.794037,1
173554,2020-08-21 06:38:46,3523843138706408,"fraud_Greenfelder, Bartoletti and Davis",misc_net,1417.02,Grace,Williams,F,28812 Charles Mill Apt. 628,Plantersville,AL,36758,32.6176,-86.9475,1412,Drilling engineer,1970-11-20,78e330b3bc16d68151faa928102982d0,1377067126,32.028882,-86.065585,0,0.7039469,1
174504,2020-08-21 16:36:37,213191402330021,fraud_Kunde-Sanford,misc_net,767.03,Thomas,Sullivan,M,464 Newman Crossroad,Milwaukee,WI,53228,42.9676,-88.0434,817312,"Accountant, chartered public finance",2004-03-18,95fa497b28c4fc361e67baeb11dc362f,1377102997,42.777631,-87.38334300000001,0,0.73344904,1
174573,2020-08-21 17:07:11,180084695172649,fraud_Ankunding-Carroll,travel,2603.56,Holly,Mann,F,7644 Joseph Fields,Nokomis,IL,62075,39.3036,-89.2853,3458,Building surveyor,1985-12-08,8f94657fb87000c91ae99380db979870,1377104831,38.373983,-89.644561,0,0.89840233,1
175150,2020-08-21 22:01:39,372382441451095,fraud_Rutherford-Mertz,grocery_pos,379.3,Brent,Terrell,M,502 Rice Plaza Apt. 979,Port Ewen,NY,12466,41.8948,-73.9767,2471,Heritage manager,1966-01-21,2cd71250e006b93ff84efe922ccf263b,1377122499,41.288461,-73.859022,1,0.9292965,1
175192,2020-08-21 22:20:25,372382441451095,"fraud_Schmeler, Bashirian and Price",shopping_net,992.81,Brent,Terrell,M,502 Rice Plaza Apt. 979,Port Ewen,NY,12466,41.8948,-73.9767,2471,Heritage manager,1966-01-21,5aaec2993e5dbc39489895ef2f8dce7f,1377123625,42.112889,-74.14336,1,0.9751467,1
175260,2020-08-21 22:57:51,372382441451095,"fraud_Greenholt, O'Hara and Balistreri",shopping_net,1033.25,Brent,Terrell,M,502 Rice Plaza Apt. 979,Port Ewen,NY,12466,41.8948,-73.9767,2471,Heritage manager,1966-01-21,96590055a3bc3df344e8c78db9481d98,1377125871,41.565622,-73.66106500000001,1,0.97671914,1
175318,2020-08-21 23:23:21,372382441451095,fraud_Dibbert and Sons,entertainment,549.93,Brent,Terrell,M,502 Rice Plaza Apt. 979,Port Ewen,NY,12466,41.8948,-73.9767,2471,Heritage manager,1966-01-21,bc122d856eea8e03c2b9036ea03716be,1377127401,42.178833,-73.895412,1,0.9759902,1
175388,2020-08-21 23:56:46,180018375329178,fraud_Jewess LLC,shopping_pos,1292.14,Michelle,Woods,F,952 Joseph Throughway,Munith,MI,49259,42.3703,-84.2485,2523,Geophysicist/field seismologist,1988-03-21,484d65bc642507ce976a265e2c496ec4,1377129406,41.548996,-84.443469,0,0.9469569,1
175532,2020-08-22 01:44:41,30092964733035,fraud_Bogisich-Homenick,misc_net,443.0,Jessica,Terry,F,6412 Elizabeth Gardens Suite 633,Maysville,KY,41056,38.6207,-83.8067,14228,Advertising account executive,1971-03-26,e2b2051bb3110504731949c2c09f4fe7,1377135881,37.817768,-83.13278100000001,0,0.548992,1
175999,2020-08-22 08:20:32,372246459334925,"fraud_Hayes, Marquardt and Dibbert",misc_net,1311.94,Rick,Martinez,M,062 Poole Hollow Apt. 815,Deadwood,SD,57732,44.3566,-103.6999,1979,Multimedia programmer,1970-03-13,4cece54fa9198712fe431b82019a3e5a,1377159632,44.617808,-103.081882,0,0.8554935,1
176137,2020-08-22 10:08:15,4990494243023,fraud_Turner and Sons,shopping_pos,1380.66,Martin,Ford,M,56812 Francis Courts,Corriganville,MD,21524,39.6967,-78.8031,626,Energy engineer,1960-12-13,556559137459d64ec9e04f77ee6a815c,1377166095,40.285616,-78.291591,0,0.8141216,1
176552,2020-08-22 14:28:26,3533800906065217,fraud_Ebert-Daugherty,travel,1270.46,Amber,Thornton,F,840 Werner Lock Apt. 852,Campbell,NE,68932,40.2967,-98.737,493,"Surveyor, minerals",1940-09-13,1c8d0a9bd6ad7d82289c8b7789ef8042,1377181706,39.358714,-98.941372,0,0.6816646,1
176999,2020-08-22 18:26:47,6550399784335736,fraud_Turner and Sons,shopping_pos,2871.33,Harry,Mckee,M,95351 Sullivan Viaduct Apt. 239,Port Charlotte,FL,33981,26.9379,-82.2388,79008,Quantity surveyor,1984-08-31,3968c7fb4e4774c1a5fa261c356709d9,1377196007,26.696064,-81.817254,0,0.9024095,1
177085,2020-08-22 19:17:31,3573030041201292,fraud_Ankunding LLC,shopping_net,1865.22,Joanne,Williams,F,3638 Marsh Union,Altonah,UT,84002,40.3207,-110.436,302,"Sales professional, IT",1990-01-17,2c69f6b9a05c228beb214ae46b2c09f1,1377199051,39.409055,-109.775505,0,0.9347802,1
177126,2020-08-22 19:36:22,4003989662068504,fraud_Jewess LLC,shopping_pos,2909.69,Chris,White,M,98897 Bennett Lodge,Bessemer,AL,35022,33.3224,-86.9657,71463,Radio broadcast assistant,1989-02-08,596a012ff982f8e1e9c31650bc5ef829,1377200182,32.386489000000005,-86.088953,0,0.9172016,1
177425,2020-08-22 22:02:37,30560609640617,fraud_Bogisich-Homenick,misc_net,996.21,Michael,Olson,M,558 Michael Estates,Luray,MO,63453,40.4931,-91.8912,519,Town planner,1966-02-13,4c230876398979d2ffa8d651dd19f81f,1377208957,41.33192,-92.311702,1,0.9890103,1
177464,2020-08-22 22:24:38,30560609640617,fraud_Ruecker Group,misc_net,810.84,Michael,Olson,M,558 Michael Estates,Luray,MO,63453,40.4931,-91.8912,519,Town planner,1966-02-13,c879e9c3565eb8c8669a8447fe6011cd,1377210278,40.964112,-91.524311,1,0.9897696,1
177567,2020-08-22 23:14:47,30560609640617,fraud_Stracke-Lemke,grocery_pos,299.83,Michael,Olson,M,558 Michael Estates,Luray,MO,63453,40.4931,-91.8912,519,Town planner,1966-02-13,aa4a6e97487fdcf3e089504bd48c981d,1377213287,40.874847,-91.990604,1,0.62082636,1
177611,2020-08-22 23:35:35,30560609640617,fraud_Mante Group,misc_net,760.8,Michael,Olson,M,558 Michael Estates,Luray,MO,63453,40.4931,-91.8912,519,Town planner,1966-02-13,dfbdb27db760f007636a0d7c9d3aff87,1377214535,40.540347,-90.962663,1,0.9907697,1
177874,2020-08-23 02:04:08,583699482621,fraud_Hamill-Daugherty,misc_net,491.96,Jennifer,Jones,F,5572 Kelly Plains Apt. 952,Waupaca,WI,54981,44.3481,-89.1101,15426,"Engineer, civil (contracting)",1936-07-22,ab5412f4795e12ea187df66ac2336e17,1377223448,45.069222,-89.37080300000001,0,0.68463904,1
178124,2020-08-23 04:29:16,2712209726293386,fraud_Dooley-Thompson,misc_net,510.34,Jenna,Brooks,F,50872 Alex Plain Suite 088,Baton Rouge,LA,70808,30.4066,-91.1468,378909,"Designer, furniture",1977-02-22,3e15f82fdb6ab11bc1f1536180763607,1377232156,29.674268,-90.85751,0,0.6880262,1
178800,2020-08-23 10:48:13,3566094707272327,fraud_McGlynn-Heathcote,misc_net,853.57,Kristina,Stewart,F,47029 Jimmy Tunnel Apt. 106,Newhall,CA,91321,34.3795,-118.523,34882,Health physicist,1971-04-25,4c1d06a370a89152899f0a50bb388240,1377254893,34.345244,-119.071614,0,0.6414547,1
179003,2020-08-23 12:24:04,60416207185,fraud_Torphy-Goyette,shopping_pos,1128.99,Mary,Diaz,F,9886 Anita Drive,Fort Washakie,WY,82514,43.0048,-108.8964,1645,Information systems manager,1986-02-17,d6ce520fdf07dbe86ad01d023d840164,1377260644,42.228729,-108.51335,0,0.72215736,1
179408,2020-08-23 14:44:10,6544734391390261,fraud_Boyer PLC,shopping_net,1709.1,John,Myers,M,701 Wilson Divide,Highland,IN,46322,41.55,-87.4569,23727,Community arts worker,1982-02-08,656bdad49cddd4831475a8789b6fa2dd,1377269050,42.544159,-87.17505799999999,0,0.88299084,1
179603,2020-08-23 15:47:45,3545109339866548,"fraud_Kunze, Larkin and Mayert",travel,5168.08,Keith,Sanders,M,8030 Beck Motorway,Moorhead,MS,38761,33.4783,-90.5142,2870,Chartered public finance accountant,1999-03-05,fd6cd3f2aa5f7314da899e854ed20ff2,1377272865,33.221356,-89.62741,0,0.8649478,1
179747,2020-08-23 16:41:13,30082025922891,fraud_Fritsch LLC,travel,4052.46,Kathleen,Thompson,F,199 Patterson Fords Apt. 132,Naples,FL,34112,26.1184,-81.7361,276002,"Pilot, airline",1934-06-23,0ff5bab6ebc8dee11d25063e986a5b69,1377276073,25.203711,-82.189617,0,0.911548,1
179846,2020-08-23 17:18:15,30560609640617,"fraud_Rodriguez, Yost and Jenkins",misc_net,922.33,Michael,Olson,M,558 Michael Estates,Luray,MO,63453,40.4931,-91.8912,519,Town planner,1966-02-13,d0ee942d5224f1fb29c0d142ba94ecbb,1377278295,40.840881,-92.020432,1,0.975468,1
180006,2020-08-23 18:10:01,4900628639996,fraud_Mohr-Bayer,shopping_net,2642.05,Michael,Johnson,M,094 Owens Underpass,Norwalk,CA,90650,33.9056,-118.0818,105549,Firefighter,1973-09-22,9d62d58782901ad642f5d217aa712618,1377281401,33.132144,-118.540249,0,0.905566,1
180094,2020-08-23 18:38:59,6011348830550197,"fraud_Streich, Dietrich and Barton",shopping_net,2413.9,Samuel,Johnston,M,16285 Jessica Lights,Birmingham,AL,35229,33.4629,-86.7904,493806,Musician,1980-07-12,252d23f5cfadb6d33ee275844cce4fef,1377283139,34.026505,-86.343556,0,0.91867644,1
180293,2020-08-23 20:01:36,4810789809665942990,fraud_Roberts-Beahan,misc_pos,842.08,Julie,Sanchez,F,916 Charles Road,Bowersville,OH,45307,39.5756,-83.7153,338,Quantity surveyor,1988-07-28,ba31a554d970849955040963e64928ac,1377288096,39.172072,-83.049269,0,0.9244567,1
180425,2020-08-23 20:53:44,3540075240003197,fraud_Terry-Huel,shopping_net,2167.85,Christian,Johns,M,892 Solis Neck,Lonsdale,MN,55046,44.4477,-93.4252,5211,Chief Strategy Officer,1987-01-27,357adde9c9f7f555aea3530574cb1492,1377291224,44.781379,-93.203568,0,0.9497159,1
180527,2020-08-23 21:26:57,577588686219,fraud_Price Inc,shopping_net,1029.06,James,Strickland,M,25454 Leonard Lake,Spring Church,PA,15686,40.6153,-79.4545,972,Public relations account executive,1997-10-23,15cd963054fa4a828a152af851adf424,1377293217,39.96292,-80.03583,1,0.81924486,1
180683,2020-08-23 22:15:38,577588686219,"fraud_Reichert, Huels and Hoppe",shopping_net,1060.69,James,Strickland,M,25454 Leonard Lake,Spring Church,PA,15686,40.6153,-79.4545,972,Public relations account executive,1997-10-23,bae318bb636e0e81157903d90910af37,1377296138,41.395256,-80.055131,1,0.8735813,1
180711,2020-08-23 22:28:35,30560609640617,fraud_Mayert Group,shopping_pos,785.58,Michael,Olson,M,558 Michael Estates,Luray,MO,63453,40.4931,-91.8912,519,Town planner,1966-02-13,c15ef0d69af6414c4889a08c53659056,1377296915,40.225117,-92.611539,1,0.90481013,1
180729,2020-08-23 22:35:57,577588686219,fraud_Heathcote LLC,shopping_net,814.44,James,Strickland,M,25454 Leonard Lake,Spring Church,PA,15686,40.6153,-79.4545,972,Public relations account executive,1997-10-23,b90f521e10c4c1c185c3c370fe1c7f22,1377297357,40.054373,-79.34026300000001,1,0.68006957,1
180776,2020-08-23 22:54:01,38057513087029,fraud_Lesch Ltd,shopping_pos,1774.18,Marissa,Clark,F,2677 Byrd Village Suite 035,San Jose,CA,95148,37.3304,-121.7913,973849,Geoscientist,1997-01-18,bcd5e90d271dc5250b0416c319d00bab,1377298441,37.665459000000006,-122.511652,0,0.94374484,1
180861,2020-08-23 23:21:31,4025612008285111,"fraud_Ritchie, Oberbrunner and Cremin",travel,3783.4,Krystal,Key,F,23142 Montoya Island Apt. 742,Corsica,PA,15829,41.1762,-79.1976,1274,Maintenance engineer,1949-03-20,a78f95f90a0185af8543e5ea3f27f297,1377300091,41.979285,-78.45492800000001,0,0.96043307,1
180874,2020-08-23 23:24:20,577588686219,fraud_Durgan-Auer,misc_net,812.66,James,Strickland,M,25454 Leonard Lake,Spring Church,PA,15686,40.6153,-79.4545,972,Public relations account executive,1997-10-23,4578d8b6cf24e0844ffa6e6c4d4f6e50,1377300260,40.814287,-79.086835,1,0.9713957,1
180884,2020-08-23 23:28:17,30560609640617,"fraud_Quitzon, Green and Bashirian",shopping_pos,881.81,Michael,Olson,M,558 Michael Estates,Luray,MO,63453,40.4931,-91.8912,519,Town planner,1966-02-13,f980af773c4939013f08cde563bc716c,1377300497,39.586679,-91.95981,1,0.9418598,1
180938,2020-08-23 23:46:39,577588686219,fraud_Stamm-Witting,shopping_net,973.03,James,Strickland,M,25454 Leonard Lake,Spring Church,PA,15686,40.6153,-79.4545,972,Public relations account executive,1997-10-23,a8b92af3940bdd60b743a2496c352920,1377301599,40.32384,-78.89858100000001,1,0.89939696,1
180944,2020-08-23 23:48:12,30560609640617,"fraud_Mosciski, Ziemann and Farrell",shopping_net,875.2,Michael,Olson,M,558 Michael Estates,Luray,MO,63453,40.4931,-91.8912,519,Town planner,1966-02-13,5d1ca84b0cf9d89a5003bf9f13c82f01,1377301692,40.900215,-92.441448,1,0.97205263,1
180945,2020-08-23 23:48:12,2297447006766555,fraud_Block-Hauck,travel,1646.84,Laura,Walker,F,611 Michael Rue,Cisco,IL,61830,39.9972,-88.6962,478,Landscape architect,1960-01-13,a53df4d4bcfe35a8b3f43a5360652045,1377301692,39.43632,-88.761942,0,0.94429755,1
181018,2020-08-24 00:13:17,30560609640617,"fraud_Moore, Dibbert and Koepp",misc_net,554.58,Michael,Olson,M,558 Michael Estates,Luray,MO,63453,40.4931,-91.8912,519,Town planner,1966-02-13,a32a102f41b047cd554e3987f5d6da7e,1377303197,39.74711,-92.816435,0,0.8639412,1
181369,2020-08-24 02:49:27,4908846471916297,"fraud_Wintheiser, Dietrich and Schimmel",misc_pos,442.16,Lauren,Torres,F,03030 White Lakes,Grandview,TX,76050,32.2779,-97.2351,5875,"Radiographer, therapeutic",1992-07-24,21bc28eff08cf3bd8777bd175ae580d0,1377312567,32.741081,-97.882648,0,0.80836684,1
181872,2020-08-24 06:43:47,30143713661454,fraud_Kerluke PLC,misc_net,881.16,Nicholas,Thornton,M,5270 Megan Burg Suite 756,Halma,MN,56729,48.6669,-96.5969,140,"Embryologist, clinical",1942-01-06,0481f4e99b29d89ff86b8e2f22e6e588,1377326627,48.14733,-97.084679,0,0.8071798,1
183354,2020-08-24 16:02:16,3567697931646329,"fraud_Lehner, Reichert and Mills",misc_pos,1210.71,John,Stevens,M,428 Morgan River,Hudson,NY,12534,42.247,-73.7552,17867,Travel agency manager,1998-07-29,0ef8da8cedcf48ebffedf2ad64354abe,1377360136,41.91837,-72.949823,0,0.86552894,1
183808,2020-08-24 18:13:31,3583793405872580,"fraud_Weimann, Kuhic and Beahan",shopping_pos,955.11,Beth,Lambert,F,6447 Johnson Estates Apt. 986,Roosevelt,OK,73564,34.847,-98.9836,551,Amenity horticulturist,1970-09-27,50efcbfe2cdcd306cd33a01f6a1be6c4,1377368011,35.60045,-99.347006,0,0.7560929,1
183979,2020-08-24 19:06:58,3501365119557234,fraud_Nader-Heller,misc_net,802.1,Danielle,Allen,F,87198 Macias Drive Suite 389,Loving,NM,88256,32.274,-104.0914,1925,Educational psychologist,1952-05-26,fc43c3cb576830881d207deb10b8c15c,1377371218,31.790515000000003,-104.507956,1,0.986984,1
184464,2020-08-24 21:22:51,373905417449658,"fraud_Little, Gutmann and Lynch",shopping_net,717.96,Sarah,Bishop,F,554 Mcdonald Valley Apt. 539,Meridian,TX,76665,31.929,-97.6443,2526,Phytotherapist,1970-11-12,51c9b4be7842f2cd198a55d1d4d73c0b,1377379371,31.71171,-98.050402,0,0.7005034,1
184565,2020-08-24 21:49:08,4471568287204,fraud_Kerluke Inc,misc_net,664.85,Dakota,Maldonado,M,369 Cochran Radial,Pelham,NC,27311,36.4899,-79.4736,3402,Insurance underwriter,1927-10-24,71093ed5b9949c06a50fb6ac132e66c4,1377380948,37.125873,-78.610794,1,0.9928235,1
184612,2020-08-24 22:04:26,3501365119557234,"fraud_Heathcote, Yost and Kertzmann",shopping_net,1076.63,Danielle,Allen,F,87198 Macias Drive Suite 389,Loving,NM,88256,32.274,-104.0914,1925,Educational psychologist,1952-05-26,067d6decfc9e8b248ded87b0a0c2535a,1377381866,32.008516,-103.202773,1,0.97515917,1
184697,2020-08-24 22:30:24,30551643947183,"fraud_Schuppe, Nolan and Hoeger",shopping_pos,735.16,Morgan,Smith,F,1441 Bradley Place,Grover,NC,28073,35.1836,-81.4552,5621,Toxicologist,1973-11-14,d7d0ecdf1ab332e299003ad87eba2f7e,1377383424,34.830306,-81.722466,0,0.7166021,1
184715,2020-08-24 22:34:07,4658490815480264,"fraud_Bernhard, Grant and Langworth",shopping_pos,675.79,Tara,Richards,F,4879 Cristina Station,Keisterville,PA,15449,39.9636,-79.7853,184,Systems developer,1945-11-04,a2939872e2c7066c84eb872809edb828,1377383647,40.145879,-79.478815,1,0.873199,1
184748,2020-08-24 22:43:03,3501365119557234,"fraud_Cormier, Stracke and Thiel",entertainment,580.52,Danielle,Allen,F,87198 Macias Drive Suite 389,Loving,NM,88256,32.274,-104.0914,1925,Educational psychologist,1952-05-26,c9842027f21d458748f0567fdf09eeaf,1377384183,32.817457,-105.031603,1,0.98401654,1
184753,2020-08-24 22:44:20,2712209726293386,"fraud_Ruecker, Beer and Collier",shopping_net,863.8,Jenna,Brooks,F,50872 Alex Plain Suite 088,Baton Rouge,LA,70808,30.4066,-91.1468,378909,"Designer, furniture",1977-02-22,0d45f845fd5cee747180ee4068b12112,1377384260,29.510425,-90.930957,0,0.9150325,1
184762,2020-08-24 22:46:43,4658490815480264,fraud_Corwin-Gorczany,misc_net,748.26,Tara,Richards,F,4879 Cristina Station,Keisterville,PA,15449,39.9636,-79.7853,184,Systems developer,1945-11-04,12a8e7cc48e41ec56ea3e87a7a8b2f63,1377384403,40.654987,-80.33908000000001,1,0.9925563,1
184899,2020-08-24 23:26:34,4471568287204,"fraud_Romaguera, Cruickshank and Greenholt",shopping_net,839.65,Dakota,Maldonado,M,369 Cochran Radial,Pelham,NC,27311,36.4899,-79.4736,3402,Insurance underwriter,1927-10-24,634a74968f5087d8502bcf76ff857f6f,1377386794,35.843001,-80.078212,1,0.98269975,1
184904,2020-08-24 23:27:07,4471568287204,fraud_Pagac LLC,shopping_pos,787.07,Dakota,Maldonado,M,369 Cochran Radial,Pelham,NC,27311,36.4899,-79.4736,3402,Insurance underwriter,1927-10-24,5e1c1317711b364fff7aed62f8d3c70c,1377386827,36.328401,-80.41244300000001,1,0.9800608,1
184919,2020-08-24 23:30:34,3566094707272327,"fraud_Watsica, Haag and Considine",shopping_pos,656.92,Kristina,Stewart,F,47029 Jimmy Tunnel Apt. 106,Newhall,CA,91321,34.3795,-118.523,34882,Health physicist,1971-04-25,7188fb1b57ed74ad9389630637549705,1377387034,35.075885,-118.20001200000002,0,0.5325957,1
184934,2020-08-24 23:34:31,377993105397617,"fraud_Yost, Block and Koepp",misc_pos,397.99,Nathan,Martinez,M,586 Thomas Cliffs,Oconto Falls,WI,54154,44.8755,-88.1555,5548,Mining engineer,1975-09-11,2176cf4cd3e560a1915a0ba911529f3f,1377387271,45.267485,-87.855981,0,0.54334795,1
185072,2020-08-25 00:23:25,4512828414983801773,fraud_Bashirian Group,shopping_net,1028.41,Monica,Cohen,F,864 Reynolds Plains,Uledi,PA,15484,39.8936,-79.7856,328,Tree surgeon,1983-07-25,7c50881f1e25a74e7f9140d4d2be90aa,1377390205,39.481471,-80.710311,1,0.67008895,1
185123,2020-08-25 00:47:33,4512828414983801773,fraud_Miller-Hauck,grocery_pos,336.64,Monica,Cohen,F,864 Reynolds Plains,Uledi,PA,15484,39.8936,-79.7856,328,Tree surgeon,1983-07-25,01c40a2b1142bbbca8e0d6e173fe48ab,1377391653,40.259102,-80.359262,1,0.8373345,1
185200,2020-08-25 01:14:58,4512828414983801773,fraud_Bogisich-Homenick,misc_net,764.01,Monica,Cohen,F,864 Reynolds Plains,Uledi,PA,15484,39.8936,-79.7856,328,Tree surgeon,1983-07-25,f5a38fffa01c5ab0bd04a5214e874261,1377393298,40.004636,-79.92125300000001,1,0.8105459,1
185234,2020-08-25 01:28:04,4512828414983801773,fraud_Eichmann-Russel,misc_pos,735.07,Monica,Cohen,F,864 Reynolds Plains,Uledi,PA,15484,39.8936,-79.7856,328,Tree surgeon,1983-07-25,739a283be52dfe3caac0dafbc87df525,1377394084,39.260691,-79.368978,1,0.8189083,1
185359,2020-08-25 02:34:08,376445266762684,"fraud_Ferry, Lynch and Kautzer",misc_net,436.19,Rachel,Lowe,F,372 Jeffrey Course,Sutherland,NE,69165,41.1558,-101.136,1789,Insurance broker,1982-02-11,2f57758ff1afbb9c34ed82f8502eb80e,1377398048,41.926515,-100.206467,0,0.74828696,1
185387,2020-08-25 02:47:51,4512828414983801773,fraud_McGlynn-Jaskolski,misc_pos,746.6,Monica,Cohen,F,864 Reynolds Plains,Uledi,PA,15484,39.8936,-79.7856,328,Tree surgeon,1983-07-25,b375e690ba7b3c8b9c6fe41b1e544c9d,1377398871,39.707859,-80.584417,1,0.78827685,1
185648,2020-08-25 05:02:39,30560609640617,"fraud_Greenholt, O'Hara and Balistreri",shopping_net,1403.18,Michael,Olson,M,558 Michael Estates,Luray,MO,63453,40.4931,-91.8912,519,Town planner,1966-02-13,885f35ec1ecab599b5d3e43a48740d63,1377406959,41.178421,-92.092739,0,0.61422175,1
185976,2020-08-25 07:48:55,3592325941359225,fraud_Miller-Harris,misc_net,616.15,Ashley,Robinson,F,1007 Colton Forks,Hopewell,VA,23860,37.2876,-77.295,31970,Purchasing manager,1935-08-15,f8db4c5edef117abbd77338c2d055457,1377416935,36.332023,-78.040386,0,0.809036,1
186070,2020-08-25 08:36:56,3546897637165774,fraud_Wisozk and Sons,misc_pos,570.8,Kayla,Obrien,F,7921 Robert Port Suite 343,Prairie Hill,TX,76678,31.6591,-96.8094,263,Barrister,1956-05-30,b9742b10cdfae7ee087b5d190f424d30,1377419816,31.223211,-96.046597,0,0.7147971,1
186716,2020-08-25 13:22:07,3596217206093829,fraud_Conroy Ltd,shopping_pos,1162.24,Sara,Ramirez,F,23843 Scott Island,Birmingham,IA,52535,40.8626,-91.9534,888,Camera operator,1988-03-25,0f8a5572788f67869e06696a65f93d7b,1377436927,39.891413,-91.854428,0,0.69185203,1
186741,2020-08-25 13:29:06,3501365119557234,fraud_Heathcote LLC,shopping_net,981.48,Danielle,Allen,F,87198 Macias Drive Suite 389,Loving,NM,88256,32.274,-104.0914,1925,Educational psychologist,1952-05-26,f4fc12554f5500f1b3e38e60203193a4,1377437346,32.127812,-104.698392,1,0.70070297,1
186941,2020-08-25 14:30:21,4562827002127,fraud_Christiansen-Gusikowski,misc_pos,928.52,Christopher,Johnson,M,28711 Kristine Junction Suite 309,Greenville,OH,45331,40.0987,-84.6342,22930,Media planner,1971-11-26,5ec4a19c88704411c22b601108f09480,1377441021,39.625324,-85.405064,0,0.8534653,1
187217,2020-08-25 15:59:04,4474324669797121,fraud_Lind-Buckridge,entertainment,383.97,Matthew,Russell,M,168 Michael Coves Suite 343,June Lake,CA,93529,37.7773,-119.0825,633,Health service manager,1927-09-09,d1d0dd1386f2495ab69967f162a97c00,1377446344,37.790226,-118.24093,0,0.59870064,1
187315,2020-08-25 16:34:51,4658490815480264,fraud_Hills-Witting,shopping_net,867.23,Tara,Richards,F,4879 Cristina Station,Keisterville,PA,15449,39.9636,-79.7853,184,Systems developer,1945-11-04,6db076782d1b5a176a1d23cee2944628,1377448491,40.864531,-79.657352,1,0.9387398,1
187352,2020-08-25 16:45:16,5359543825610251,"fraud_Baumbach, Strosin and Nicolas",shopping_pos,1517.96,Michael,Francis,M,1833 Jeanette Stravenue,Belgrade,MT,59714,45.7801,-111.1439,18182,"Engineer, drilling",1975-06-29,a1f48a973a7071d245f06442d067e7c4,1377449116,46.185369,-111.759653,0,0.9171843,1
187419,2020-08-25 17:04:30,3564839259330465,"fraud_Douglas, DuBuque and McKenzie",travel,5484.73,Robert,Ashley,M,1250 Christopher Prairie Suite 016,Port Costa,CA,94569,38.046,-122.1866,198,Armed forces training and education officer,1959-03-31,923b0ddb0e5fc27caa94372245c0e603,1377450270,37.660715,-121.414128,0,0.8928695,1
187495,2020-08-25 17:25:06,38530489946071,"fraud_Rippin, Kub and Mann",misc_net,647.9,Laura,Johns,F,95835 Garcia Rue,Arcadia,SC,29320,34.9572,-81.9916,530,Animal technologist,1989-05-14,23498c008cfe2be54db53a0df9f0926c,1377451506,35.183137,-82.423683,0,0.65686905,1
187643,2020-08-25 18:09:34,4584931703207308232,fraud_Terry-Huel,shopping_net,913.26,Amanda,Gomez,F,8152 Brittany Centers,Dallas,TX,75218,32.8463,-96.6972,1263321,"Designer, ceramics/pottery",1975-04-16,d212b79f5600403e288c36035bde0fb9,1377454174,32.141131,-97.026315,0,0.937986,1
187691,2020-08-25 18:20:56,2235613922823698,"fraud_Quitzon, Green and Bashirian",shopping_pos,1136.72,Melissa,Mcclure,F,2027 Snyder Track,Manville,WY,82227,42.73,-104.7024,241,Educational psychologist,1980-12-16,ba79ca491bee73de48365f57a4bc0b02,1377454856,42.291318,-103.73873,0,0.8864076,1
188278,2020-08-25 21:28:12,3563837241599446,"fraud_Mosciski, Ziemann and Farrell",shopping_net,998.85,Timothy,Simmons,M,1049 John Ports Suite 057,Newberg,OR,97132,45.3099,-122.9685,28278,Research scientist (physical sciences),1977-07-17,d93e7b76cc0af7384a41ccfdfbd623c2,1377466092,45.872736,-122.35428799999998,0,0.9101947,1
188331,2020-08-25 21:49:15,4173950183554608,fraud_Kovacek Ltd,travel,3381.13,Stephen,Marshall,M,47144 Roberts Keys,Monmouth Beach,NJ,7750,40.333,-73.9809,3279,Health promotion specialist,1978-10-05,ae31cf06f445aa53071b2fda66f976d9,1377467355,39.977009,-73.846876,0,0.9347604,1
188335,2020-08-25 21:50:46,6538891242532018,fraud_Ankunding LLC,shopping_net,736.73,Jodi,Rodriguez,F,5796 Lee Coves Apt. 286,Walnut Ridge,AR,72476,36.0244,-90.9288,7155,"Engineer, control and instrumentation",1977-03-23,f70619611cda5223318f86294390a137,1377467446,36.404921,-90.401345,0,0.80872256,1
188453,2020-08-25 22:26:37,4119762878330989,fraud_Torphy-Goyette,shopping_pos,938.71,Melinda,Gutierrez,F,1497 West Gateway,Eureka,IL,61530,40.7152,-89.2706,6713,Archivist,1945-08-19,ad3cf6b7c34eb666793bd9056e2a07b0,1377469597,41.188591,-88.604605,1,0.9710716,1
188475,2020-08-25 22:36:22,4119762878330989,fraud_Donnelly PLC,misc_net,776.33,Melinda,Gutierrez,F,1497 West Gateway,Eureka,IL,61530,40.7152,-89.2706,6713,Archivist,1945-08-19,a94087d4c7458a7943f7ef84a9ad7b39,1377470182,41.168566,-88.656388,1,0.99265,1
188487,2020-08-25 22:39:21,3501365119557234,fraud_Auer-West,shopping_net,965.6,Danielle,Allen,F,87198 Macias Drive Suite 389,Loving,NM,88256,32.274,-104.0914,1925,Educational psychologist,1952-05-26,23a37d907f9ccd33a29aea54b2c1d5b1,1377470361,32.186409999999995,-104.314291,1,0.9720799,1
188504,2020-08-25 22:43:14,4119762878330989,fraud_Koepp-Witting,grocery_pos,277.07,Melinda,Gutierrez,F,1497 West Gateway,Eureka,IL,61530,40.7152,-89.2706,6713,Archivist,1945-08-19,09dc6e585ae74e1912df87aec3689b3a,1377470594,40.673531,-90.055675,1,0.9543313,1
188526,2020-08-25 22:49:42,3501365119557234,fraud_Kris-Weimann,misc_net,790.95,Danielle,Allen,F,87198 Macias Drive Suite 389,Loving,NM,88256,32.274,-104.0914,1925,Educational psychologist,1952-05-26,d4de3bd15af46e596c3019b00d30398b,1377470982,31.894484,-103.630521,1,0.991876,1
188569,2020-08-25 23:04:24,374930071163758,fraud_Goyette Inc,shopping_net,1407.63,Daniel,Escobar,M,61390 Hayes Port,Romulus,MI,48174,42.2203,-83.3583,31515,Police officer,1971-11-05,a563dfb6268e9fba516c1cbb17bb622b,1377471864,42.861493,-83.68781,0,0.98022753,1
188601,2020-08-25 23:11:19,4512828414983801773,fraud_Kassulke Inc,entertainment,474.73,Monica,Cohen,F,864 Reynolds Plains,Uledi,PA,15484,39.8936,-79.7856,328,Tree surgeon,1983-07-25,1f7cf2b79bf37fe58ccf5df481dde123,1377472279,40.777232,-79.24407,1,0.86091495,1
188611,2020-08-25 23:12:47,4658490815480264,fraud_Cole PLC,grocery_pos,314.02,Tara,Richards,F,4879 Cristina Station,Keisterville,PA,15449,39.9636,-79.7853,184,Systems developer,1945-11-04,4962125df18d47188126fd7dc93d67d8,1377472367,40.837081,-80.281161,1,0.9554958,1
188648,2020-08-25 23:23:17,4471568287204,"fraud_Cormier, Stracke and Thiel",entertainment,347.05,Dakota,Maldonado,M,369 Cochran Radial,Pelham,NC,27311,36.4899,-79.4736,3402,Insurance underwriter,1927-10-24,226a154f6e0abbc4cfd2228cf9830922,1377472997,36.853903,-79.248207,1,0.970409,1
188663,2020-08-25 23:28:00,3501365119557234,fraud_Boyer PLC,shopping_net,976.1,Danielle,Allen,F,87198 Macias Drive Suite 389,Loving,NM,88256,32.274,-104.0914,1925,Educational psychologist,1952-05-26,f8ae72355287d080d5393e9cad43f186,1377473280,33.103590999999994,-104.068132,1,0.97968596,1
188736,2020-08-25 23:52:04,4119762878330989,fraud_Donnelly PLC,misc_net,854.79,Melinda,Gutierrez,F,1497 West Gateway,Eureka,IL,61530,40.7152,-89.2706,6713,Archivist,1945-08-19,c15de707657bc9c3b6f0e4b384511cd8,1377474724,40.600429,-88.63899599999999,1,0.99260616,1
188911,2020-08-26 02:10:44,4512828414983801773,fraud_Schumm PLC,shopping_net,834.55,Monica,Cohen,F,864 Reynolds Plains,Uledi,PA,15484,39.8936,-79.7856,328,Tree surgeon,1983-07-25,035a6b81ecab0b0f6e9ae7d9717cea3b,1377483044,38.907559,-79.095668,1,0.5016532,1
188939,2020-08-26 02:36:22,30248898834493,"fraud_Lehner, Mosciski and King",misc_net,1198.32,Michael,Rodriguez,M,172 Paula Inlet Apt. 650,Cross Plains,TX,76443,32.1482,-99.1872,1897,Chief Operating Officer,1953-04-19,8c3bf96c9fcf0135a7586435c9789c56,1377484582,31.420422,-100.059134,0,0.6587569,1
188987,2020-08-26 03:25:14,4836998673805450,fraud_Huel-Langworth,misc_net,684.19,Susan,Hardy,F,516 Brown Parks,Manistique,MI,49854,46.0062,-86.2555,6469,Trade mark attorney,1979-04-12,efd674340b7872a6a555bfe7c169174f,1377487514,45.700158,-87.231833,0,0.78396094,1
189565,2020-08-26 12:21:40,583699482621,fraud_Block-Parisian,misc_net,781.31,Jennifer,Jones,F,5572 Kelly Plains Apt. 952,Waupaca,WI,54981,44.3481,-89.1101,15426,"Engineer, civil (contracting)",1936-07-22,2d56f1573e69b6e4f0b8b1e3902c77a7,1377519700,44.021869,-89.60735799999999,1,0.97874177,1
189658,2020-08-26 13:17:40,583699482621,"fraud_Langworth, Boehm and Gulgowski",shopping_net,1104.35,Jennifer,Jones,F,5572 Kelly Plains Apt. 952,Waupaca,WI,54981,44.3481,-89.1101,15426,"Engineer, civil (contracting)",1936-07-22,6b454f76766cc422da7e008343ab9af8,1377523060,44.78665,-89.695755,1,0.9551806,1
190458,2020-08-26 22:16:40,4119762878330989,fraud_Pacocha-Bauch,shopping_pos,935.55,Melinda,Gutierrez,F,1497 West Gateway,Eureka,IL,61530,40.7152,-89.2706,6713,Archivist,1945-08-19,33aa00862eab7753fe2def35186ad961,1377555400,41.311964,-89.925449,1,0.9768316,1
190468,2020-08-26 22:28:18,583699482621,"fraud_Daugherty, Pouros and Beahan",shopping_pos,984.45,Jennifer,Jones,F,5572 Kelly Plains Apt. 952,Waupaca,WI,54981,44.3481,-89.1101,15426,"Engineer, civil (contracting)",1936-07-22,c2fa72b18a5099519fb62325213bdc87,1377556098,44.561139,-89.569509,1,0.9793885,1
190512,2020-08-26 22:52:30,4119762878330989,fraud_Kris-Weimann,misc_net,864.74,Melinda,Gutierrez,F,1497 West Gateway,Eureka,IL,61530,40.7152,-89.2706,6713,Archivist,1945-08-19,0f13a3fea824cd2a1a618ef51a5fcbde,1377557550,40.924794,-89.051076,1,0.99249965,1
190529,2020-08-26 23:01:35,4512828414983801773,fraud_Frami Group,entertainment,557.62,Monica,Cohen,F,864 Reynolds Plains,Uledi,PA,15484,39.8936,-79.7856,328,Tree surgeon,1983-07-25,b992e62b76e326a6ee54d3630fca602d,1377558095,39.135845,-79.398853,1,0.9395795,1
190587,2020-08-26 23:40:50,3563837241599446,fraud_Auer-West,shopping_net,998.47,Timothy,Simmons,M,1049 John Ports Suite 057,Newberg,OR,97132,45.3099,-122.9685,28278,Research scientist (physical sciences),1977-07-17,1aed8da29d71d59a40b9ba206b8593d2,1377560450,45.06605,-122.814893,1,0.9302227,1
190625,2020-08-27 00:18:51,30131826429364,"fraud_Lehner, Mosciski and King",misc_net,363.53,Brianna,Foley,F,57256 Raymond Ports,Knoxville,TN,37932,35.9335,-84.1481,391389,"Designer, industrial/product",1994-04-22,15bcbae2ade9e3fef3eba5bdef6c2685,1377562731,35.119184000000004,-84.83096,0,0.69299686,1
190827,2020-08-27 02:58:45,2260801330657968,"fraud_Parisian, Schiller and Altenwerth",misc_net,948.89,Monique,Fox,F,755 Gardner Heights Apt. 420,Paxton,MA,1612,42.3066,-71.9202,4845,Accounting technician,1926-09-14,47ef640c6adb09727e797333af241872,1377572325,42.378144,-72.392705,0,0.7968712,1
190844,2020-08-27 03:18:12,375904527651269,"fraud_Bernier, Volkman and Hoeger",misc_net,896.19,Ryan,Cook,M,75952 Wilson Course,Roseland,NE,68973,40.4591,-98.5551,463,"Nurse, mental health",1948-05-31,2d6850da4bedcbace87500256321610b,1377573492,40.406419,-97.729355,0,0.7396297,1
191445,2020-08-27 12:09:29,3563837241599446,"fraud_Heathcote, Yost and Kertzmann",shopping_net,949.25,Timothy,Simmons,M,1049 John Ports Suite 057,Newberg,OR,97132,45.3099,-122.9685,28278,Research scientist (physical sciences),1977-07-17,aee1269385745359d78e5a55bc7342d3,1377605369,44.988721000000005,-122.237063,1,0.6186776,1
191566,2020-08-27 13:18:56,6011542681743618,"fraud_Swaniawski, Lowe and Robel",shopping_pos,1853.27,Emily,Hall,F,8851 Reese Neck,Basye,VA,22810,38.8089,-78.7776,863,"Engineer, mining",1972-08-09,be7dd4c4a30c1ac1f33e44cb9517a9a1,1377609536,38.342619,-79.570523,0,0.8773131,1
191841,2020-08-27 16:07:14,6592861994408652,"fraud_Mosciski, Ziemann and Farrell",shopping_net,2796.64,Ashley,Whitehead,F,58188 Madison Meadow Apt. 949,Cowlesville,NY,14037,42.8112,-78.4481,1166,Colour technologist,1983-06-12,88b6d8a8cfba0edc2441371a24afa695,1377619634,42.71623,-77.983386,0,0.9123057,1
191955,2020-08-27 17:10:17,3511378610369890,fraud_Hickle Group,shopping_pos,3046.01,James,Cooper,M,663 Ramirez Trace Apt. 951,Huntsville,AL,35811,34.7789,-86.5438,190178,Television production assistant,1973-04-01,c0b2572059d77b778e80b4c34814f1f5,1377623417,34.542253,-86.394924,0,0.91335297,1
192233,2020-08-27 20:01:29,3518234918950662,"fraud_Reichert, Huels and Hoppe",shopping_net,910.5,Barbara,Lowe,F,67210 Lori Creek,Sherman,TX,75092,33.6372,-96.6184,46563,Systems developer,1970-09-11,b1b6e59ee0a4fce87b290a54775ea339,1377633689,33.158363,-96.045466,0,0.9231572,1
192247,2020-08-27 20:08:45,2703186189652095,"fraud_Okuneva, Schneider and Rau",shopping_pos,893.74,Jennifer,Banks,F,561 Perry Cove,Moravian Falls,NC,28654,36.0788,-81.1781,3495,"Psychologist, counselling",1988-03-09,54a784e81e0da9fc45822c4de680a141,1377634125,35.451646000000004,-82.112048,0,0.59228027,1
192352,2020-08-27 21:07:14,6011975266774121,fraud_Hudson-Ratke,grocery_pos,312.19,Haley,Wagner,F,05561 Farrell Crescent,Annapolis,MD,21405,39.0305,-76.5515,92106,"Accountant, chartered certified",1943-05-28,966081c567737117f3fc648801e9ede6,1377637634,38.659619,-76.42160600000001,1,0.9237102,1
192354,2020-08-27 21:08:55,3583793405872580,fraud_Wiza LLC,misc_pos,612.69,Beth,Lambert,F,6447 Johnson Estates Apt. 986,Roosevelt,OK,73564,34.847,-98.9836,551,Amenity horticulturist,1970-09-27,ce0658b3a1cbc0f2623001beb6c0d243,1377637735,35.401989,-99.172898,0,0.9449806,1
192397,2020-08-27 21:35:09,180018375329178,"fraud_Weimann, Kuhic and Beahan",shopping_pos,1094.84,Michelle,Woods,F,952 Joseph Throughway,Munith,MI,49259,42.3703,-84.2485,2523,Geophysicist/field seismologist,1988-03-21,c07f01eb487fe3b150f96e90d475ca4b,1377639309,43.037791,-84.50143299999999,0,0.8716313,1
192439,2020-08-27 22:03:12,583699482621,"fraud_Labadie, Treutel and Bode",shopping_net,892.48,Jennifer,Jones,F,5572 Kelly Plains Apt. 952,Waupaca,WI,54981,44.3481,-89.1101,15426,"Engineer, civil (contracting)",1936-07-22,b4bff799cb2db586f9be477bf0a8ccd2,1377640992,43.49546,-88.220483,1,0.98345906,1
192464,2020-08-27 22:16:09,3563837241599446,"fraud_Moore, Dibbert and Koepp",misc_net,656.66,Timothy,Simmons,M,1049 John Ports Suite 057,Newberg,OR,97132,45.3099,-122.9685,28278,Research scientist (physical sciences),1977-07-17,d9ebab7fd6d1898e26860bfe62064cbf,1377641769,45.901061,-123.319642,1,0.97898716,1
192507,2020-08-27 22:38:59,5540636818935089,"fraud_Weimann, Kuhic and Beahan",shopping_pos,3801.46,Kenneth,Foster,M,329 Michael Extension,Lawrence,MA,1843,42.6911,-71.1605,76383,Geoscientist,1985-04-04,f4233b42441274657d64ece8967b6782,1377643139,43.212531,-70.451707,0,0.94572735,1
192523,2020-08-27 22:46:14,4481131401752,fraud_Jast Ltd,shopping_net,542.54,Frank,Foster,M,37910 Ward Lights,Shrewsbury,MA,1545,42.2848,-71.7205,35299,English as a second language teacher,1975-04-30,f2ef0d37d185f9aee6e3d1b9c17cbf66,1377643574,41.561082,-71.7106,0,0.54896283,1
192550,2020-08-27 23:00:45,3573030041201292,"fraud_Douglas, Schneider and Turner",shopping_pos,961.07,Joanne,Williams,F,3638 Marsh Union,Altonah,UT,84002,40.3207,-110.436,302,"Sales professional, IT",1990-01-17,eebdf2c0ad941427d50ae3f92aa23ae6,1377644445,39.997562,-110.098259,0,0.8584295,1
192564,2020-08-27 23:10:16,3563837241599446,"fraud_Ferry, Lynch and Kautzer",misc_net,892.22,Timothy,Simmons,M,1049 John Ports Suite 057,Newberg,OR,97132,45.3099,-122.9685,28278,Research scientist (physical sciences),1977-07-17,b03b67ab2f7c662aead2064684be93e5,1377645016,45.262440000000005,-122.493458,1,0.9854996,1
192569,2020-08-27 23:12:51,6011975266774121,fraud_Pfeffer and Sons,shopping_pos,938.12,Haley,Wagner,F,05561 Farrell Crescent,Annapolis,MD,21405,39.0305,-76.5515,92106,"Accountant, chartered certified",1943-05-28,3be0561233a69fb28490ba176c4adff4,1377645171,39.571308,-75.749927,1,0.9759627,1
192570,2020-08-27 23:14:06,583699482621,fraud_Beier-Hyatt,shopping_pos,1013.3,Jennifer,Jones,F,5572 Kelly Plains Apt. 952,Waupaca,WI,54981,44.3481,-89.1101,15426,"Engineer, civil (contracting)",1936-07-22,90f386e518f33db103b4d821593a3bbb,1377645246,44.905339,-89.664664,1,0.9817811,1
192597,2020-08-27 23:28:27,6011975266774121,fraud_Huel-Langworth,misc_net,726.12,Haley,Wagner,F,05561 Farrell Crescent,Annapolis,MD,21405,39.0305,-76.5515,92106,"Accountant, chartered certified",1943-05-28,676a779c06cc9bf5a384cce87777d276,1377646107,39.575932,-75.74454,1,0.99323624,1
192598,2020-08-27 23:28:41,583699482621,"fraud_Mosciski, Ziemann and Farrell",shopping_net,1060.3,Jennifer,Jones,F,5572 Kelly Plains Apt. 952,Waupaca,WI,54981,44.3481,-89.1101,15426,"Engineer, civil (contracting)",1936-07-22,1d611fa55fe31513ec9cd5bdbd367f22,1377646121,45.069316,-88.815242,1,0.9879943,1
192610,2020-08-27 23:34:28,6011975266774121,fraud_Kilback LLC,grocery_pos,312.87,Haley,Wagner,F,05561 Farrell Crescent,Annapolis,MD,21405,39.0305,-76.5515,92106,"Accountant, chartered certified",1943-05-28,8fd9cbfbeecbfda75322e6c12795d627,1377646468,39.468334000000006,-77.437989,1,0.97801745,1
193241,2020-08-28 07:45:34,30074693890476,"fraud_Tillman, Fritsch and Schmitt",misc_net,812.25,Kelsey,Richards,F,889 Sarah Station Suite 624,Holcomb,KS,67851,37.9931,-100.9893,2691,Arboriculturist,1993-08-16,c548f3b25e2e28f28e06c3e40faba470,1377675934,38.168957,-101.550167,0,0.64954835,1
193466,2020-08-28 10:40:01,2233882705243596,"fraud_Ferry, Lynch and Kautzer",misc_net,868.99,Jamie,Robinson,F,67089 Caitlin Meadow Apt. 905,Sturgis,MS,39769,33.357,-89.0473,1923,Medical physicist,1960-01-16,c43efe38e4bd7e8744010baaae279763,1377686401,33.17846,-88.500608,0,0.8472556,1
193625,2020-08-28 12:29:06,3596217206093829,"fraud_Nitzsche, Kessler and Wolff",shopping_pos,1802.5,Sara,Ramirez,F,23843 Scott Island,Birmingham,IA,52535,40.8626,-91.9534,888,Camera operator,1988-03-25,767f8f2e150671ccc707f49dcef45e2b,1377692946,41.631975,-91.341243,0,0.8311597,1
194117,2020-08-28 16:29:16,6011975266774121,fraud_Auer-West,shopping_net,947.54,Haley,Wagner,F,05561 Farrell Crescent,Annapolis,MD,21405,39.0305,-76.5515,92106,"Accountant, chartered certified",1943-05-28,1adec8750b17210512daae73b4710ce9,1377707356,38.044191,-77.350847,1,0.9732107,1
194152,2020-08-28 16:49:43,30551643947183,fraud_Boyer-Reichert,shopping_net,973.07,Morgan,Smith,F,1441 Bradley Place,Grover,NC,28073,35.1836,-81.4552,5621,Toxicologist,1973-11-14,0781379f160c767fd994ed74a9270b5e,1377708583,34.683382,-80.728913,0,0.80654156,1
194255,2020-08-28 17:40:55,3527536963490470,fraud_Gerlach Inc,shopping_net,1722.19,Teresa,Stein,F,2838 White Fields Apt. 473,Brunson,SC,29911,32.9413,-81.1807,1725,Social researcher,1974-12-05,d3105e269285b69b334e99433d6a6585,1377711655,33.06762,-80.20109000000001,0,0.91472447,1
194279,2020-08-28 17:55:29,4708992452821239,fraud_Tromp Group,travel,2362.75,Jared,Walters,M,3326 Hannah Fords,Cord,AR,72524,35.8184,-91.3375,376,"Designer, ceramics/pottery",1938-09-08,ab191319b6a58c01b0669f174f0b5c38,1377712529,34.970403000000005,-91.876559,0,0.9326176,1
194644,2020-08-28 21:19:03,30270432095985,fraud_Kris-Weimann,misc_net,592.02,Lisa,Lin,F,908 Brooks Brook,Lomax,IL,61454,40.6761,-91.0391,725,Environmental consultant,1972-11-28,412a8546ee73a362bbb5e11b4a27c29d,1377724743,40.868012,-90.537945,0,0.9867388,1
194730,2020-08-28 22:05:01,4561368699336875,fraud_Jast Ltd,shopping_net,729.22,Pamela,Lewis,F,653 Jessica Extension Apt. 668,Clifton,SC,29324,34.9906,-81.8327,167,Museum/gallery conservator,1988-11-01,df2df2f6c810d7681534597b3a99540b,1377727501,35.182877000000005,-81.789986,0,0.5594217,1
194826,2020-08-28 22:57:52,676369110710,fraud_Reynolds-Schinner,misc_pos,542.69,David,Wolfe,M,81261 Garcia Underpass Suite 741,Southfield,MI,48034,42.4969,-83.2911,75830,"Engineer, automotive",1974-12-28,9076a0aee345651336f5af871f86cd28,1377730672,42.271576,-83.127255,0,0.88528746,1
194832,2020-08-28 23:01:34,3566094707272327,"fraud_Towne, Greenholt and Koepp",shopping_net,1212.59,Kristina,Stewart,F,47029 Jimmy Tunnel Apt. 106,Newhall,CA,91321,34.3795,-118.523,34882,Health physicist,1971-04-25,d8ea4e14ddba2b9c97a3cbbeb6017a17,1377730894,34.498028000000005,-117.544171,0,0.9708967,1
194930,2020-08-28 23:43:38,6011975266774121,fraud_Schmidt and Sons,shopping_net,1107.04,Haley,Wagner,F,05561 Farrell Crescent,Annapolis,MD,21405,39.0305,-76.5515,92106,"Accountant, chartered certified",1943-05-28,6e64b154d527dfdaae8a9532d01f2517,1377733418,39.982595,-76.47235500000001,1,0.98764557,1
194943,2020-08-28 23:52:29,6011975266774121,"fraud_Nitzsche, Kessler and Wolff",shopping_pos,1009.0,Haley,Wagner,F,05561 Farrell Crescent,Annapolis,MD,21405,39.0305,-76.5515,92106,"Accountant, chartered certified",1943-05-28,7a8e2a77ac20f5d197d223b28f3f608b,1377733949,38.09695,-75.620805,1,0.9821977,1
194946,2020-08-28 23:53:31,6011975266774121,"fraud_Kerluke, Considine and Macejkovic",misc_net,937.29,Haley,Wagner,F,05561 Farrell Crescent,Annapolis,MD,21405,39.0305,-76.5515,92106,"Accountant, chartered certified",1943-05-28,fb8784fd7832694ac0186a5a37311e51,1377734011,38.569316,-76.445511,1,0.9929751,1
195048,2020-08-29 01:19:42,4601636330889,fraud_Welch Inc,misc_net,1092.3,Mark,Rivera,M,383 Contreras Hills Suite 658,Humble,TX,77338,30.0041,-95.2825,194500,Tax adviser,1990-12-18,6207f0786634cd34499d8b8444047871,1377739182,29.414434000000004,-94.846816,0,0.720044,1
195135,2020-08-29 02:35:07,4220345354880,fraud_Nader-Heller,misc_net,1614.55,Patrick,Torres,M,27386 Snyder Station,Oxford,MI,48371,42.8223,-83.2829,24840,Agricultural consultant,1960-01-20,1e58ca5762136b4b3b173b1bac76d413,1377743707,43.310386,-82.300752,0,0.74382854,1
195146,2020-08-29 02:41:23,346273234529002,"fraud_Greenfelder, Bartoletti and Davis",misc_net,525.46,Donna,Moreno,F,32301 Albert River Suite 364,Ronceverte,WV,24970,37.7418,-80.4626,4575,Statistician,1991-10-22,5ee6297049d1928c834468d5bfa87c7e,1377744083,37.881822,-81.353486,0,0.8200904,1
195167,2020-08-29 02:59:10,4302475216404898,fraud_Kassulke PLC,shopping_net,1273.33,Daniel,Cain,M,384 Newman Forks Apt. 370,Belmond,IA,50421,42.8511,-93.62,3032,Community pharmacist,1964-08-08,6f50a4a829f2ab058a1e292ce9815033,1377745150,43.343666,-93.72637,0,0.56157005,1
195620,2020-08-29 09:09:43,180046617132290,fraud_Lesch Ltd,shopping_pos,1073.19,Erika,Mason,F,083 Karen Island Apt. 656,Goreville,IL,62939,37.575,-88.9655,3119,"Teacher, secondary school",1942-04-17,a9dacdf5b08556684d1a76f7a33855a4,1377767383,37.368298,-88.291003,0,0.6580119,1
196092,2020-08-29 14:05:34,30135235368675,"fraud_Swaniawski, Lowe and Robel",shopping_pos,946.61,Amanda,Williams,F,02018 Gary Key Apt. 911,Independence,MO,64058,39.1412,-94.3515,123373,"Engineer, production",1992-11-27,adeaeda60991b9f3f20084a5907f8cf1,1377785134,38.694759000000005,-94.703308,0,0.568926,1
196183,2020-08-29 14:53:43,6592243974328236,fraud_Gleason-Macejkovic,shopping_net,2873.64,Philip,Hart,M,97405 Vazquez Plains,Montgomery,AL,36111,32.3374,-86.2715,214703,"Chemist, analytical",1994-10-07,d0a2a823c2d06f30688b8f2ca55b8c5a,1377788023,33.000569,-86.535558,0,0.86437607,1
196518,2020-08-29 17:37:27,4710792708725663,fraud_Medhurst PLC,shopping_net,1114.16,Justin,Bell,M,954 Green Wall,Churubusco,IN,46723,41.229,-85.3244,7692,"Research officer, trade union",1986-12-13,1fcba40892cc597cd1f8e7acf9443023,1377797847,40.724144,-84.55046999999999,0,0.8727987,1
196824,2020-08-29 20:13:22,3598304579370089,fraud_Dooley Inc,shopping_pos,1570.37,Vincent,Flowers,M,0189 Emily Prairie,Wichita,KS,67232,37.6395,-97.1714,409656,Heritage manager,1985-12-27,22277ad7b32b02188ca5330268684d23,1377807202,37.377423,-98.03828,0,0.9508279,1
196878,2020-08-29 20:45:09,3589289942931264,"fraud_Daugherty, Pouros and Beahan",shopping_pos,1460.55,Paula,Estrada,F,350 Stacy Glens,Spencer,SD,57374,43.7557,-97.5936,343,"Development worker, international aid",1972-03-05,e085bd8a1a0179862bc0740cda812950,1377809109,43.908537,-98.226859,0,0.9647959,1
196989,2020-08-29 21:42:30,213112402583773,fraud_Bednar Group,misc_net,647.06,Ana,Howell,F,4664 Sanchez Common Suite 930,Bradley,SC,29819,34.0326,-82.2027,1523,Research scientist (physical sciences),1984-06-03,611e64e9198ad496cc9c98e1433d4981,1377812550,35.000975,-81.332925,0,0.9434897,1
197088,2020-08-29 22:32:56,3567697931646329,"fraud_Swaniawski, Lowe and Robel",shopping_pos,1774.06,John,Stevens,M,428 Morgan River,Hudson,NY,12534,42.247,-73.7552,17867,Travel agency manager,1998-07-29,2f0c834760b5983e4ef7978d324ea9ce,1377815576,41.288767,-73.27059,0,0.9445717,1
197096,2020-08-29 22:41:23,180048185037117,fraud_Pouros-Haag,shopping_pos,1153.73,Mary,Wall,F,2481 Mills Lock,Plainfield,NJ,7060,40.6152,-74.415,71485,Leisure centre manager,1974-07-19,7a86a85a491172a13371234de0495ba4,1377816083,39.707073,-74.882614,0,0.9623496,1
197651,2020-08-30 03:51:32,30357372465631,"fraud_Moore, Dibbert and Koepp",misc_net,660.05,John,Nichols,M,00821 Joanna Meadow,Dalton,WI,53926,43.6718,-89.1918,1628,Civil Service fast streamer,1967-09-30,8fcbb3bd1cd8926b6607184f80463436,1377834692,43.227177000000005,-89.176712,0,0.68916625,1
197827,2020-08-30 05:25:55,4060579726528237,"fraud_Little, Gutmann and Lynch",shopping_net,1045.69,Steven,Sanders,M,25955 Amy Via,Ozawkie,KS,66070,39.2136,-95.4404,2661,Theatre director,1948-11-14,d65ee9bef50a6e0e1b05ce0e1122ca40,1377840355,39.263263,-96.049223,0,0.50299156,1
198255,2020-08-30 09:25:42,2288748891690227,fraud_Nader-Heller,misc_net,545.77,Kathleen,Heath,F,9297 Victor Rest Apt. 382,Albuquerque,NM,87116,35.0561,-106.5506,641349,Charity officer,1967-01-24,e3926a199c8e3e891d38373e15ae7111,1377854742,35.846215,-107.160931,0,0.5564943,1
198442,2020-08-30 11:10:33,4467456915153312231,fraud_Keeling-Crist,misc_pos,940.63,Rita,Myers,F,75703 Hernandez Corner Suite 348,Tampa,FL,33620,28.06,-82.4079,717255,Waste management officer,1966-09-16,f10cf2e78920c6ceec9034abe688978f,1377861033,28.619486,-82.290052,0,0.81899315,1
199025,2020-08-30 14:43:30,372509258176510,fraud_Kassulke PLC,shopping_net,1036.5,Kristen,Hanson,F,26544 Andrea Glen,Goodrich,MI,48438,42.9147,-83.4845,6951,Learning disability nurse,1985-06-18,ca3913f72f6541d678e7fdfa470b85c3,1377873810,43.453122,-83.01050699999999,0,0.77952194,1
199122,2020-08-30 15:17:18,3576431665303017,fraud_Goyette Inc,shopping_net,864.37,Jessica,Ward,F,72269 Elizabeth Field Apt. 132,Phoenix,AZ,85020,33.5623,-112.0559,1312922,Contractor,1981-10-24,322ce34725abff8db27bf9ddcb3bd1ff,1377875838,33.217158000000005,-112.701149,0,0.70885944,1
199555,2020-08-30 17:52:42,3566094707272327,"fraud_Willms, Kris and Bergnaum",shopping_pos,866.97,Kristina,Stewart,F,47029 Jimmy Tunnel Apt. 106,Newhall,CA,91321,34.3795,-118.523,34882,Health physicist,1971-04-25,c95a1a35f22ae15a06505e5593ddfd9b,1377885162,33.831978,-117.582214,0,0.56534296,1
199597,2020-08-30 18:09:27,3567697931646329,"fraud_Kerluke, Kertzmann and Wiza",misc_net,669.78,John,Stevens,M,428 Morgan River,Hudson,NY,12534,42.247,-73.7552,17867,Travel agency manager,1998-07-29,4c9747a7a6dddf0019f1f7f5544c0b1e,1377886167,41.958952,-72.78170899999999,0,0.6231683,1
199625,2020-08-30 18:16:09,6596735789587928,fraud_Denesik and Sons,shopping_pos,1031.42,Spencer,Williams,M,1145 Tony Drive Suite 080,Watertown,MN,55388,44.9595,-93.8482,5619,Licensed conveyancer,1959-01-15,fe8e01de15f89f85361a8e1077cce940,1377886569,45.357337,-94.789537,1,0.9388527,1
199690,2020-08-30 18:41:00,342351256941125,"fraud_Schroeder, Wolff and Hermiston",travel,2609.92,Rebecca,Obrien,F,5619 Mendoza Inlet,Juliette,GA,31046,33.1194,-83.8235,3343,Theatre manager,1990-06-08,a8c36caa2c776a2f15d749aacb732a74,1377888060,33.288639,-83.102503,0,0.8848052,1
199738,2020-08-30 18:57:27,676308307625,fraud_Goyette Inc,shopping_net,1157.1,Donald,Evans,M,1287 Michael Roads,Washoe Valley,NV,89704,39.2669,-119.8174,4290,Animal nutritionist,1989-12-10,994954996fd6c30ab82a94a8c8dab3b9,1377889047,39.935263,-120.798815,0,0.88734716,1
199990,2020-08-30 20:40:19,2720433095629877,fraud_Eichmann-Russel,misc_pos,787.58,Mark,Wood,M,854 Walker Dale Suite 488,Bowdoin,ME,4287,44.0575,-69.9656,3224,"Engineer, electronics",1997-08-22,e6b8e4b03a0c3a4a09196a9f30692edc,1377895219,43.148067,-70.253505,0,0.676362,1
200051,2020-08-30 21:02:33,30551643947183,fraud_Kerluke-Abshire,shopping_net,617.82,Morgan,Smith,F,1441 Bradley Place,Grover,NC,28073,35.1836,-81.4552,5621,Toxicologist,1973-11-14,c5b72825679c4ac05775f62a203bf368,1377896553,34.941919,-80.90535799999999,0,0.51199037,1
200177,2020-08-30 21:47:14,503848303379,fraud_Kris-Weimann,misc_net,468.23,Gregory,Wallace,M,27203 Darrell Landing,Saint James City,FL,33956,26.529,-82.0916,3776,Sport and exercise psychologist,1976-09-12,03e4fe942aba316be1fbc0303ee2f2fe,1377899234,26.271658,-82.212315,0,0.580994,1
200268,2020-08-30 22:16:06,6596735789587928,fraud_Boyer-Reichert,shopping_net,1169.13,Spencer,Williams,M,1145 Tony Drive Suite 080,Watertown,MN,55388,44.9595,-93.8482,5619,Licensed conveyancer,1959-01-15,6c7a8c3c1a2110dbde36255927cb3abc,1377900966,44.92971,-93.895188,1,0.98114014,1
200412,2020-08-30 23:01:20,6596735789587928,"fraud_Reichert, Huels and Hoppe",shopping_net,893.61,Spencer,Williams,M,1145 Tony Drive Suite 080,Watertown,MN,55388,44.9595,-93.8482,5619,Licensed conveyancer,1959-01-15,f53edd2f9c641aee93827d041241562e,1377903680,44.905424,-92.975724,1,0.9788972,1
200419,2020-08-30 23:03:19,4512828414983801773,"fraud_Wiza, Schaden and Stark",misc_pos,916.71,Monica,Cohen,F,864 Reynolds Plains,Uledi,PA,15484,39.8936,-79.7856,328,Tree surgeon,1983-07-25,56a62beeb8ac5a70050a63030581270a,1377903799,39.660183,-80.436424,0,0.97392184,1
200525,2020-08-30 23:38:29,377026671291680,"fraud_Reichel, Bradtke and Blanda",travel,1334.86,Jackie,Davis,F,1898 Parker Fork Apt. 057,Redford,MO,63665,37.3272,-91.0243,241,Investment analyst,1974-10-27,72973e71691fe1b46adeaf8443f6be2a,1377905909,36.389659,-91.062471,0,0.854646,1
200604,2020-08-31 00:10:01,3573386445588324,fraud_Donnelly PLC,misc_net,567.3,Stephanie,Murphy,F,526 Stacy Walks,Barnard,SD,57426,45.7205,-98.5534,63,Systems developer,1969-10-30,b88d15de44cc586a6df42e789f3497ae,1377907801,46.088029,-99.007294,0,0.79695225,1
200672,2020-08-31 00:43:23,3590736522064285,fraud_Klocko LLC,misc_net,423.21,Kimberly,Gonzalez,F,72966 Shannon Pass Apt. 391,Bauxite,AR,72011,34.5091,-92.4828,4074,"Scientist, audiological",1975-12-20,6c1b5326117855c2c9f6a388e0b24a7e,1377909803,34.131137,-92.459493,0,0.87064475,1
201063,2020-08-31 03:29:35,213114122496591,"fraud_Kerluke, Considine and Macejkovic",misc_net,736.57,Jeremy,Perry,M,797 Jennifer Loop Suite 634,Minnesota Lake,MN,56068,43.8295,-93.8282,1087,Music tutor,1963-07-14,2996b11af8956d302bce96a960ecc891,1377919775,44.008777,-93.24515,0,0.6978182,1
201068,2020-08-31 03:31:00,6540981358631302,fraud_Kerluke Inc,misc_net,929.98,Bryan,Torres,M,152 James Centers Apt. 768,Detroit,MI,48221,42.426,-83.15,673342,Retail manager,1967-06-19,1372ded1e23f30df9b1414583af44d90,1377919860,43.005623,-82.348072,0,0.74564564,1
201970,2020-08-31 10:29:24,3593118134380341,fraud_Lemke-Gutmann,shopping_net,1361.27,Laura,Casey,F,6114 Moran Way,Steuben,ME,4680,44.4971,-67.9503,1131,Make,1959-05-10,cea3274d88c3dcaec3790e81d52cfeee,1377944964,45.309708,-68.763363,0,0.7659609,1
201989,2020-08-31 10:40:05,213102873001603,fraud_Block-Parisian,misc_net,634.41,Joanne,Padilla,F,477 Alejandro Knolls Suite 828,Gardiner,OR,97441,43.7857,-124.1437,260,"Engineer, maintenance",1956-09-01,1b54976acc1be524abad8db6d46fff93,1377945605,43.20933,-124.008951,0,0.62036014,1
202120,2020-08-31 11:35:15,4099707841315751,"fraud_Rohan, White and Aufderhar",misc_net,970.67,James,Stephens,M,1166 Castillo Mountains,Ruckersville,VA,22968,38.2586,-78.4074,9815,"Designer, ceramics/pottery",1975-07-07,2621c3d1ed85fd175d8959386b9f8161,1377948915,38.012959,-79.2773,0,0.73424715,1
203158,2020-08-31 16:44:58,4951647200979051,"fraud_Daugherty, Pouros and Beahan",shopping_pos,2227.2,Kimberly,Miller,F,75533 Tamara Valleys,Logan,IL,62856,37.9943,-88.9417,324,"Scientist, research (physical sciences)",1976-06-15,def1e758e8f1c1200f6e02131fea9489,1377967498,38.632518,-89.019785,0,0.8984736,1
203565,2020-08-31 18:44:57,4908846471916297,"fraud_Reichert, Rowe and Mraz",shopping_net,1393.33,Lauren,Torres,F,03030 White Lakes,Grandview,TX,76050,32.2779,-97.2351,5875,"Radiographer, therapeutic",1992-07-24,ae47e64fed43295590bbab26b3236e15,1377974697,31.597152,-98.155309,0,0.8506721,1
203707,2020-08-31 19:31:18,4302480582202074,fraud_Terry-Huel,shopping_net,2491.53,David,Rodriguez,M,821 Solis Points,Muskegon,MI,49440,43.2326,-86.2492,128715,Historic buildings inspector/conservation officer,1995-05-25,70cc1cb4a8e2c6076fcaae42f0fb7c1c,1377977478,43.927898,-87.200005,0,0.93047005,1
203853,2020-08-31 20:07:57,4509142395811241,fraud_Cummerata-Hilpert,entertainment,198.05,Margaret,Williams,F,165 Jerry Meadows Suite 460,Surrency,GA,31563,31.6489,-82.1982,1324,"Engineer, technical sales",1926-07-12,5f0252e4059de427c790e673bbdcc57c,1377979677,32.346106,-81.957306,0,0.52138346,1
204438,2020-08-31 22:55:44,6596735789587928,fraud_Durgan-Auer,misc_net,832.2,Spencer,Williams,M,1145 Tony Drive Suite 080,Watertown,MN,55388,44.9595,-93.8482,5619,Licensed conveyancer,1959-01-15,d117bcfe42f5b7261a96871fdfd7005f,1377989744,45.870354,-92.940381,1,0.9914397,1
204528,2020-08-31 23:20:52,6596735789587928,"fraud_Labadie, Treutel and Bode",shopping_net,1183.42,Spencer,Williams,M,1145 Tony Drive Suite 080,Watertown,MN,55388,44.9595,-93.8482,5619,Licensed conveyancer,1959-01-15,50ec42cb451d796a305744345df7aa23,1377991252,44.140062,-93.16693,1,0.9834658,1
204562,2020-08-31 23:31:49,4099707841315751,fraud_McGlynn-Jaskolski,misc_pos,1982.34,James,Stephens,M,1166 Castillo Mountains,Ruckersville,VA,22968,38.2586,-78.4074,9815,"Designer, ceramics/pottery",1975-07-07,82b65c79726b149119ecb11c5b1dfba8,1377991909,39.046685,-79.33538100000001,0,0.9729537,1
204693,2020-09-01 00:19:23,4003989662068504,fraud_Nader-Heller,misc_net,796.45,Chris,White,M,98897 Bennett Lodge,Bessemer,AL,35022,33.3224,-86.9657,71463,Radio broadcast assistant,1989-02-08,8a410228aeeda700396febfeceabf56c,1377994763,33.089968,-87.354732,1,0.84689754,1
204793,2020-09-01 01:02:10,6011603272871604,"fraud_Fadel, Mertz and Rippin",entertainment,449.56,Robert,Holland,M,431 Tracy Expressway,Milner,GA,30257,33.141,-84.1759,4138,Field seismologist,1969-05-16,024effc8f18fc2ab2c64e5840545fafd,1377997330,33.233011,-84.666353,0,0.62522376,1
204807,2020-09-01 01:10:19,4003989662068504,fraud_Bednar Group,misc_net,872.36,Chris,White,M,98897 Bennett Lodge,Bessemer,AL,35022,33.3224,-86.9657,71463,Radio broadcast assistant,1989-02-08,c29926f82e60e6ca6c0aad579380f539,1377997819,33.258487,-87.189499,1,0.81022567,1
204817,2020-09-01 01:12:25,30235438713303,"fraud_Tillman, Fritsch and Schmitt",misc_net,503.08,James,Baldwin,M,3603 Mitchell Court,Winfield,WV,25213,38.5072,-81.89,5512,Exhibition designer,1980-03-24,25a3fbfe03ceffd101f5b8fbb4d94bdf,1377997945,39.42201,-81.187526,0,0.85842067,1
205130,2020-09-01 03:37:27,4681601008538160,fraud_Herzog Ltd,misc_pos,537.5,Tammy,Davis,F,77663 Colleen Freeway,Moundsville,WV,26041,39.9148,-80.73100000000001,16183,Physiotherapist,1977-08-12,85cbe30c24a21719ec1434231326b8e6,1378006647,39.494164000000005,-79.968024,0,0.801346,1
205410,2020-09-01 05:41:42,4334230547694630,"fraud_Monahan, Bogisich and Ledner",misc_pos,962.78,Scott,Martin,M,7483 Navarro Flats,Freedom,WY,83120,43.0172,-111.0292,471,"Education officer, museum",1967-08-02,375ab21156f79cc30224a4a8095ff5df,1378014102,43.859035,-111.756046,0,0.576881,1
205444,2020-09-01 05:59:39,3593118134380341,fraud_Jaskolski-Vandervort,misc_net,872.55,Laura,Casey,F,6114 Moran Way,Steuben,ME,4680,44.4971,-67.9503,1131,Make,1959-05-10,fd7068e3b2ebecbefbfb375df5305e13,1378015179,44.191590000000005,-68.06673,0,0.73363984,1
205618,2020-09-01 07:26:38,4277232699798846,"fraud_Parisian, Schiller and Altenwerth",misc_net,517.64,Jennifer,Vance,F,13299 Patrick Terrace,Rhame,ND,58651,46.1664,-103.7079,475,Illustrator,1955-11-10,a65ca357c55d3ac978a76b890817ac58,1378020398,46.603912,-103.549185,0,0.6406032,1
205663,2020-09-01 07:44:35,6595970453799027,"fraud_Baumbach, Hodkiewicz and Walsh",shopping_pos,2250.17,Gina,Gomez,F,72030 Shelton Crossing Apt. 742,Stirling,NJ,7980,40.6774,-74.4968,2307,Science writer,1969-09-11,8ec7f547962132d095f40421a763f048,1378021475,40.057086,-74.29278199999999,0,0.77282584,1
205701,2020-09-01 07:59:38,2229824890647120,fraud_Metz-Boehm,shopping_pos,1555.38,Walter,Blair,M,44951 Williams Brooks,Pearlington,MS,39572,30.2508,-89.6011,1414,"Therapist, occupational",1958-02-17,b0aaa44e8038751d416c962c4c1f042a,1378022378,30.421273,-89.77240400000001,0,0.6250976,1
206117,2020-09-01 11:06:40,639023984367,"fraud_Tillman, Fritsch and Schmitt",misc_net,732.14,Destiny,Lowe,F,79472 Stevens Trace Apt. 120,Hannawa Falls,NY,13647,44.6087,-74.9732,69,Chief Executive Officer,1991-06-05,bb999d08c9b5fe2a83ac93b588ef7a00,1378033600,44.668064,-73.984277,0,0.6075582,1
206227,2020-09-01 12:04:34,4364010865167176,fraud_Fisher-Schowalter,shopping_net,1038.03,Gary,Martinez,M,03512 Jackson Ports,Reno,NV,89512,39.5483,-119.7957,276896,Immunologist,1997-03-12,f322f9d56fdfc586df57e55181fb68f0,1378037074,38.869988,-119.730499,0,0.5387821,1
206275,2020-09-01 12:20:51,2296006538441789,fraud_Macejkovic-Lesch,shopping_pos,1273.91,Judy,Hogan,F,4970 Michelle Burgs,Brooklyn,NY,11217,40.6816,-73.9798,2504700,Medical sales representative,1999-09-01,09b70392f3fcd2fb5d52fde854a67920,1378038051,40.735164000000005,-74.286621,0,0.58892226,1
206608,2020-09-01 14:11:00,180052752563109,fraud_Kris-Weimann,misc_net,920.01,Evan,Santiago,M,9652 Ford Ford Apt. 566,Arlington,VA,22204,38.859,-77.0997,207410,Historic buildings inspector/conservation officer,1968-11-14,ebf626e6e7de14a90201b30371004cc8,1378044660,38.804966,-76.15103,1,0.9534443,1
206973,2020-09-01 15:56:49,180046765320457,fraud_Breitenberg LLC,travel,7436.65,Jared,Camacho,M,4257 Perez Mall,Canton,OH,44702,40.8027,-81.3739,192805,Building control surveyor,1963-06-30,55e42aee5cc9625fa01ed1b7796c6471,1378051009,41.127415,-81.15108199999999,0,0.89907724,1
207509,2020-09-01 18:48:57,180052752563109,"fraud_Little, Gutmann and Lynch",shopping_net,970.72,Evan,Santiago,M,9652 Ford Ford Apt. 566,Arlington,VA,22204,38.859,-77.0997,207410,Historic buildings inspector/conservation officer,1968-11-14,a3a2b2997f0b20138e5221e7f64b8e0e,1378061337,39.392155,-76.610457,1,0.9767113,1
207703,2020-09-01 19:52:43,180064817343047,fraud_Little-Gleichner,travel,1710.91,Patricia,Gonzalez,F,8973 Mark Drive,Stephensport,KY,40170,37.9048,-86.524,344,Chartered public finance accountant,1967-03-30,4f29d9e7cb85fc90162a616d69774e02,1378065163,37.9134,-86.349699,0,0.89013195,1
207923,2020-09-01 20:57:17,180052752563109,"fraud_Mosciski, Ziemann and Farrell",shopping_net,1060.43,Evan,Santiago,M,9652 Ford Ford Apt. 566,Arlington,VA,22204,38.859,-77.0997,207410,Historic buildings inspector/conservation officer,1968-11-14,2c31eb42197ede4369235dba3d657c1b,1378069037,39.567029,-77.383981,1,0.98732764,1
207951,2020-09-01 21:06:24,372509258176510,"fraud_Watsica, Haag and Considine",shopping_pos,945.68,Kristen,Hanson,F,26544 Andrea Glen,Goodrich,MI,48438,42.9147,-83.4845,6951,Learning disability nurse,1985-06-18,249f5c7caf5934c7010edf10462038eb,1378069584,43.27291,-83.677947,0,0.8276373,1
208012,2020-09-01 21:25:55,2720433095629877,"fraud_Bins, Balistreri and Beatty",shopping_pos,1387.04,Mark,Wood,M,854 Walker Dale Suite 488,Bowdoin,ME,4287,44.0575,-69.9656,3224,"Engineer, electronics",1997-08-22,8803ea31bcf920a4c9cde20025ab8a60,1378070755,44.977459,-69.06164,0,0.9084511,1
208025,2020-09-01 21:31:17,4642255475285942,fraud_Smith-Stokes,misc_pos,694.92,Sabrina,Johnson,F,320 Nicholson Orchard,Thompson,UT,84540,38.9999,-109.615,46,"Surveyor, minerals",1987-04-23,5c8d207ac1fad752b1db2adc39565948,1378071077,39.008727,-109.886266,0,0.81993663,1
208171,2020-09-01 22:16:29,630451534402,fraud_Jewess LLC,shopping_pos,751.84,Rachel,Daniels,F,561 Little Plain Apt. 738,Wetmore,MI,49895,46.3535,-86.6345,765,Immunologist,1972-06-12,40cf6b1c636e864b30568bf56a009569,1378073789,46.343226,-87.081165,0,0.8094226,1
208262,2020-09-01 22:50:34,180052752563109,fraud_Lebsack and Sons,misc_net,755.75,Evan,Santiago,M,9652 Ford Ford Apt. 566,Arlington,VA,22204,38.859,-77.0997,207410,Historic buildings inspector/conservation officer,1968-11-14,35184e8c58216e4b9c4a710c80d3a125,1378075834,38.93981,-77.27709899999999,1,0.9919035,1
208296,2020-09-01 22:58:51,180052752563109,"fraud_Altenwerth, Cartwright and Koss",shopping_net,989.45,Evan,Santiago,M,9652 Ford Ford Apt. 566,Arlington,VA,22204,38.859,-77.0997,207410,Historic buildings inspector/conservation officer,1968-11-14,69c05007153376d8c5e200899bd9f560,1378076331,38.240532,-76.956992,1,0.99005157,1
208298,2020-09-01 22:59:13,4003989662068504,"fraud_Greenholt, O'Hara and Balistreri",shopping_net,1077.25,Chris,White,M,98897 Bennett Lodge,Bessemer,AL,35022,33.3224,-86.9657,71463,Radio broadcast assistant,1989-02-08,1c9e0859ba12e7d0d24ea02a52564626,1378076353,34.06682,-87.60166,1,0.8762644,1
208303,2020-09-01 22:59:31,4003989662068504,fraud_Boyer PLC,shopping_net,1159.44,Chris,White,M,98897 Bennett Lodge,Bessemer,AL,35022,33.3224,-86.9657,71463,Radio broadcast assistant,1989-02-08,4bef75658bae8368ae53b08b9ecaa26b,1378076371,34.025040999999995,-86.385577,1,0.96737593,1
208454,2020-09-01 23:45:19,180052752563109,fraud_Terry-Huel,shopping_net,912.95,Evan,Santiago,M,9652 Ford Ford Apt. 566,Arlington,VA,22204,38.859,-77.0997,207410,Historic buildings inspector/conservation officer,1968-11-14,5ff7bc0a3c96935807fab9c12d498dcd,1378079119,39.590675,-77.556824,1,0.99000895,1
208597,2020-09-02 01:44:18,4119762878330989,"fraud_Rodriguez, Yost and Jenkins",misc_net,578.47,Melinda,Gutierrez,F,1497 West Gateway,Eureka,IL,61530,40.7152,-89.2706,6713,Archivist,1945-08-19,a7be352b1b2424b2f412905dcd594790,1378086258,40.302271000000005,-89.37761,0,0.7926314,1
208810,2020-09-02 06:26:06,4247921790666,fraud_Keeling-Crist,misc_pos,770.22,Judith,Moss,F,46297 Benjamin Plains Suite 703,Washington Court House,OH,43160,39.537,-83.455,22305,Television floor manager,1939-03-09,89e56f00ea7e96859eea36245da480c8,1378103166,39.529996,-83.57045500000001,0,0.503454,1
209022,2020-09-02 11:01:59,3596217206093829,fraud_Kerluke Inc,misc_net,1163.15,Sara,Ramirez,F,23843 Scott Island,Birmingham,IA,52535,40.8626,-91.9534,888,Camera operator,1988-03-25,e67e2ca495b8d71f880b99827070c8a1,1378119719,40.697779,-92.076742,0,0.76230836,1
209202,2020-09-02 13:41:45,676372984911,fraud_Stamm-Witting,shopping_net,1305.0,Vicki,Mendoza,F,3645 Atkins Island Apt. 238,Esbon,KS,66941,39.7562,-98.4462,242,Tourism officer,1987-07-18,07c7dd2deb889bf81618e6bf1fdc9f53,1378129305,39.284874,-98.36675,0,0.8107637,1
209704,2020-09-02 20:03:15,6592074504369261,fraud_Kris-Padberg,shopping_pos,640.69,Amanda,Molina,F,8425 Daniel Knolls Suite 288,Philadelphia,PA,19154,40.0897,-74.9781,1526206,Commercial horticulturist,1972-05-23,452263ccfab385572721ce60405e9f98,1378152195,40.434963,-75.473739,0,0.65371186,1
209816,2020-09-02 21:33:36,180094419304907,"fraud_Weimann, Kuhic and Beahan",shopping_pos,796.19,Sharon,Smith,F,17666 David Valleys,Sun City,CA,92585,33.7467,-117.1721,54287,"Designer, exhibition/display",1972-09-22,754713692238c3b2b9afb03b41a6fc91,1378157616,34.043208,-117.603234,0,0.7101483,1
209895,2020-09-02 22:35:52,4003989662068504,"fraud_Mosciski, Ziemann and Farrell",shopping_net,1098.59,Chris,White,M,98897 Bennett Lodge,Bessemer,AL,35022,33.3224,-86.9657,71463,Radio broadcast assistant,1989-02-08,bd56bed93dec75de077a3f312ecf5c14,1378161352,33.806127000000004,-87.564435,1,0.9143612,1
209899,2020-09-02 22:40:13,180052752563109,fraud_Miller-Harris,misc_net,789.22,Evan,Santiago,M,9652 Ford Ford Apt. 566,Arlington,VA,22204,38.859,-77.0997,207410,Historic buildings inspector/conservation officer,1968-11-14,23cdc1d8d1b8b3660833d10d2fdb6553,1378161613,39.518597,-77.22930699999999,1,0.99335974,1
209951,2020-09-02 23:18:42,180052752563109,fraud_Bednar Group,misc_net,886.43,Evan,Santiago,M,9652 Ford Ford Apt. 566,Arlington,VA,22204,38.859,-77.0997,207410,Historic buildings inspector/conservation officer,1968-11-14,7467c403a5fefcf68e8e87314e8a88b3,1378163922,39.038925,-77.381086,1,0.99347985,1
209992,2020-09-02 23:48:33,4509142395811241,fraud_Klocko LLC,misc_net,718.27,Margaret,Williams,F,165 Jerry Meadows Suite 460,Surrency,GA,31563,31.6489,-82.1982,1324,"Engineer, technical sales",1926-07-12,6591f8c57183ef276cefbffc6ed85ef4,1378165713,31.563412,-81.31796899999999,1,0.992967,1
210521,2020-09-03 09:26:27,377264520876399,fraud_Schmidt and Sons,shopping_net,1124.53,Kara,Miles,F,2076 Thomas Roads Suite 970,Cassatt,SC,29032,34.3424,-80.5,4424,Lawyer,1961-07-31,fb38f234714407060816b0d657ee9be6,1378200387,34.667257,-81.330629,0,0.63063204,1
210860,2020-09-03 14:01:04,180094419304907,"fraud_Altenwerth, Cartwright and Koss",shopping_net,1653.99,Sharon,Smith,F,17666 David Valleys,Sun City,CA,92585,33.7467,-117.1721,54287,"Designer, exhibition/display",1972-09-22,625f057089d043dd7d44acf3550ce731,1378216864,32.939033,-117.241531,0,0.8237421,1
211462,2020-09-03 20:36:25,4906628655840914250,fraud_Pacocha-Bauch,shopping_pos,1034.18,Charles,Moreno,M,838 Franklin Prairie Apt. 902,Key West,FL,33040,24.6557,-81.3824,32891,Town planner,1987-02-13,7d6dd7e00e9f66856894a54e5df78b3f,1378240585,24.760807,-81.592102,0,0.50456023,1
211588,2020-09-03 22:01:38,4509142395811241,fraud_Mante Group,misc_net,725.34,Margaret,Williams,F,165 Jerry Meadows Suite 460,Surrency,GA,31563,31.6489,-82.1982,1324,"Engineer, technical sales",1926-07-12,7a3eb0437f1e843aa1b368d1bcfa059b,1378245698,32.496493,-81.924762,1,0.99311286,1
211624,2020-09-03 22:21:11,4509142395811241,fraud_Predovic Inc,shopping_net,1236.28,Margaret,Williams,F,165 Jerry Meadows Suite 460,Surrency,GA,31563,31.6489,-82.1982,1324,"Engineer, technical sales",1926-07-12,119f77ad81a44a478f374d4c4d467b7b,1378246871,32.256611,-82.32900699999999,1,0.9877138,1
211670,2020-09-03 22:52:45,503848303379,"fraud_Goyette, Howell and Collier",shopping_pos,914.77,Gregory,Wallace,M,27203 Darrell Landing,Saint James City,FL,33956,26.529,-82.0916,3776,Sport and exercise psychologist,1976-09-12,03bd6bebe33c90ed2b4c755a4209bd8b,1378248765,26.109853,-82.54577900000001,0,0.72397554,1
211694,2020-09-03 23:11:10,4191109180926792,fraud_Jewess LLC,shopping_pos,963.42,Jennifer,Spencer,F,477 Wheeler Burg,Amanda,OH,43102,39.6251,-82.7552,4512,Farm manager,1992-10-03,902d3807ce2edc73e5a37dabced29b73,1378249870,40.087601,-83.49098599999999,0,0.7827058,1
211707,2020-09-03 23:14:41,4509142395811241,fraud_Rempel Inc,shopping_net,902.66,Margaret,Williams,F,165 Jerry Meadows Suite 460,Surrency,GA,31563,31.6489,-82.1982,1324,"Engineer, technical sales",1926-07-12,6974f688e7d31e8f6b05e2fc777db636,1378250081,31.697198,-82.36919,1,0.9840313,1
211731,2020-09-03 23:33:07,4509142395811241,fraud_Rempel Inc,shopping_net,1050.25,Margaret,Williams,F,165 Jerry Meadows Suite 460,Surrency,GA,31563,31.6489,-82.1982,1324,"Engineer, technical sales",1926-07-12,d184f4c4511ca1369e7fba94f84b514f,1378251187,30.995236,-82.736977,1,0.9876956,1
211823,2020-09-04 00:46:50,4417677808209716,"fraud_Bernier, Volkman and Hoeger",misc_net,739.85,Renee,Jones,F,914 Nancy Square,Birmingham,AL,35211,33.4816,-86.859,493806,Operational investment banker,2000-03-28,1d0b2f4d473b9e02c70578d8829a861a,1378255610,33.972701,-87.628733,1,0.93408245,1
211840,2020-09-04 01:02:01,4926376199189801,fraud_Kerluke Inc,misc_net,471.41,Claire,Davis,F,83685 Matthew Center Suite 870,Cherokee Village,AR,72529,36.3011,-91.5281,4726,Pharmacologist,1977-06-07,df3f4caa1a2252979453f7f3519106be,1378256521,36.408133,-92.102835,0,0.67667806,1
212012,2020-09-04 03:47:01,30044330818990,"fraud_Hayes, Marquardt and Dibbert",misc_net,774.41,Allison,Ayala,F,87665 Karen Mill Apt. 586,Fort Myers,FL,33967,26.4722,-81.8122,224256,Paramedic,1985-08-29,0b91f51a92568d812c618d1d869b739e,1378266421,26.937349,-82.476813,0,0.7518218,1
212350,2020-09-04 09:26:11,30029052116970,fraud_Dooley-Thompson,misc_net,632.89,Curtis,Young,M,4319 Watson Shoals Suite 658,Falconer,NY,14733,42.1239,-79.1895,3833,Metallurgist,1970-10-09,d414106fd1fac4901d533b6491194502,1378286771,41.662898,-79.451187,0,0.6407459,1
212571,2020-09-04 12:53:30,4155021259183870,fraud_Kuhic LLC,shopping_net,5541.05,Renee,Parrish,F,174 Jennifer Meadow Apt. 467,Mountain Park,OK,73559,34.7032,-98.9591,540,Research scientist (life sciences),1983-10-12,b8f413cbd9c6c408dff905fdbc947538,1378299210,34.592986,-99.02772,0,0.8646233,1
212634,2020-09-04 13:31:57,38295635583927,fraud_Terry-Huel,shopping_net,1583.5,Candice,Brown,F,9412 Harris Mews,O Brien,TX,79539,33.3749,-99.8473,178,Warden/ranger,1983-06-14,279ee140630a1739691b8d863bfa2df1,1378301517,32.477536,-100.21642,0,0.80789757,1
212687,2020-09-04 14:05:43,30143535920989,fraud_Tromp Group,travel,1554.06,Lisa,Collins,F,44197 Jeffrey Port Suite 050,Bridgeport,NJ,8014,39.8016,-75.3478,504,"Engineer, control and instrumentation",1980-08-17,bae054aea85f9969c097fe5c51ac1360,1378303543,40.669591,-75.516676,0,0.6416734,1
212846,2020-09-04 15:44:57,6011109736646996,fraud_Kris-Padberg,shopping_pos,922.11,Rebecca,Erickson,F,594 Berry Lights Apt. 392,Wilmington,NC,28405,34.2651,-77.867,186140,English as a second language teacher,1983-02-08,566c440893b6c2634364e2c8ab24d64f,1378309497,35.179333,-78.095987,0,0.57105434,1
212874,2020-09-04 16:03:00,3583635130604947,fraud_Lynch Ltd,shopping_pos,1205.78,Crystal,Gamble,F,899 Michele View Suite 960,Philadelphia,PA,19149,40.0369,-75.0664,1526206,Structural engineer,1985-01-01,0263da3ef32fda13c4087117f7fe99f8,1378310580,40.564261,-74.876827,0,0.91300535,1
212911,2020-09-04 16:23:17,6011893664860915,"fraud_Reichert, Huels and Hoppe",shopping_net,1224.63,Erin,Chavez,F,3379 Williams Common,Littleton,CO,80120,39.5994,-105.0044,320420,Water engineer,1975-07-31,586d79f6abb4a55ff4a77622d457e28c,1378311797,38.741286,-104.171111,0,0.9359902,1
213070,2020-09-04 17:53:37,3550412175018089,fraud_Mayert Group,shopping_pos,969.74,Morgan,James,F,742 Sellers Ferry,Lexington,KY,40502,38.0174,-84.4854,296965,Software engineer,1962-12-30,b57c3ee651ac959691ade13a97ff2222,1378317217,37.799102000000005,-84.351236,1,0.96722263,1
213322,2020-09-04 20:28:45,3550412175018089,"fraud_Watsica, Haag and Considine",shopping_pos,912.51,Morgan,James,F,742 Sellers Ferry,Lexington,KY,40502,38.0174,-84.4854,296965,Software engineer,1962-12-30,fcd918c9198715d6b20c6ac7677ec666,1378326525,37.307146,-85.32729,1,0.977467,1
213377,2020-09-04 21:08:38,340953839692349,"fraud_Schroeder, Hauck and Treutel",entertainment,329.3,Tyler,Wright,M,615 Clarke Spring Apt. 172,Warren,MI,48088,42.5164,-82.9832,134056,"Doctor, hospital",1980-05-18,530b42b52077aceda93d0e3ee8388613,1378328918,42.38505,-83.29938800000001,0,0.89850664,1
213485,2020-09-04 22:11:13,3550412175018089,fraud_Klocko LLC,misc_net,868.91,Morgan,James,F,742 Sellers Ferry,Lexington,KY,40502,38.0174,-84.4854,296965,Software engineer,1962-12-30,572f0854e6d7cdebcd7e328febe6de56,1378332673,38.754189,-84.648841,1,0.9932341,1
213498,2020-09-04 22:14:39,4417677808209716,fraud_Kozey-Boehm,shopping_net,942.7,Renee,Jones,F,914 Nancy Square,Birmingham,AL,35211,33.4816,-86.859,493806,Operational investment banker,2000-03-28,86a09016eb114c75873976b1ebcf6e8a,1378332879,33.613334,-86.495351,1,0.8131314,1
213499,2020-09-04 22:17:00,341283058448499,fraud_Kuhic LLC,shopping_net,1186.21,Mario,Johns,M,62130 Miller Square Suite 785,Brinson,GA,39825,30.9788,-84.7373,1461,"Engineer, broadcasting (operations)",1935-09-08,c0965ce6c7362c6dd359347a06371a9b,1378333020,31.557547,-85.132531,1,0.9867907,1
213509,2020-09-04 22:27:44,4417677808209716,fraud_Predovic Inc,shopping_net,1016.98,Renee,Jones,F,914 Nancy Square,Birmingham,AL,35211,33.4816,-86.859,493806,Operational investment banker,2000-03-28,a99766b3a20d1a090e07dba548c77108,1378333664,33.403628999999995,-86.77646800000001,1,0.81378067,1
213511,2020-09-04 22:29:59,4873783502705038,fraud_Pouros-Conroy,shopping_pos,1320.99,Elizabeth,Maxwell,F,194 Goodman Fall Apt. 569,Burlington,WA,98233,48.4786,-122.3345,14871,Public house manager,1974-03-10,040f332c0ee7d6650447504c1833edcc,1378333799,48.969387,-123.242887,0,0.96552336,1
213577,2020-09-04 23:03:57,3550412175018089,fraud_Kris-Padberg,shopping_pos,925.38,Morgan,James,F,742 Sellers Ferry,Lexington,KY,40502,38.0174,-84.4854,296965,Software engineer,1962-12-30,8b8de393bf7905cb49e7bdd4cb537b76,1378335837,37.422352,-84.436766,1,0.98615617,1
213620,2020-09-04 23:26:00,3550412175018089,fraud_Welch Inc,misc_net,677.77,Morgan,James,F,742 Sellers Ferry,Lexington,KY,40502,38.0174,-84.4854,296965,Software engineer,1962-12-30,d6d0a2a41f87898f6fcdd0567938ca28,1378337160,37.650845,-84.899474,1,0.9937635,1
213638,2020-09-04 23:37:03,3529597810116815,fraud_Spencer-Runolfsson,misc_pos,784.76,Pamela,Curtis,F,8969 Fuentes Station Apt. 291,Mill Creek,PA,17060,40.4679,-77.8967,1334,Archaeologist,1986-12-17,52055c4b8daf0f00f3f9e26ab3cb66df,1378337823,40.154892,-78.034899,0,0.93778723,1
213641,2020-09-04 23:40:41,341283058448499,fraud_Lockman Ltd,grocery_pos,364.21,Mario,Johns,M,62130 Miller Square Suite 785,Brinson,GA,39825,30.9788,-84.7373,1461,"Engineer, broadcasting (operations)",1935-09-08,d6a2134f9c97bca034650da58ecf1990,1378338041,31.460254,-85.455712,1,0.9740432,1
213669,2020-09-04 23:54:40,3550412175018089,"fraud_Mosciski, Ziemann and Farrell",shopping_net,1113.85,Morgan,James,F,742 Sellers Ferry,Lexington,KY,40502,38.0174,-84.4854,296965,Software engineer,1962-12-30,388d8fa9368497e8f2943600d6276279,1378338880,38.913846,-83.83159599999999,1,0.9926967,1
213745,2020-09-05 01:06:29,4904681492230012,"fraud_Altenwerth, Cartwright and Koss",shopping_net,971.34,Lisa,Lowe,F,574 David Locks Suite 207,Cottekill,NY,12419,41.8467,-74.1038,722,Comptroller,1990-10-19,e659522725fd4367196e3a15bbff92ee,1378343189,42.413119,-73.73496999999999,1,0.7230519,1
213851,2020-09-05 02:33:28,2712209726293386,fraud_Bins-Tillman,entertainment,565.42,Jenna,Brooks,F,50872 Alex Plain Suite 088,Baton Rouge,LA,70808,30.4066,-91.1468,378909,"Designer, furniture",1977-02-22,bfc154a80bfc2c8d1e3a5b79e801b7e1,1378348408,30.472632,-91.669169,1,0.7087064,1
213887,2020-09-05 03:13:28,4417677808209716,"fraud_Parisian, Schiller and Altenwerth",misc_net,859.07,Renee,Jones,F,914 Nancy Square,Birmingham,AL,35211,33.4816,-86.859,493806,Operational investment banker,2000-03-28,ca545f75a0236bd5c26c40cf99d5c526,1378350808,32.999596000000004,-85.959367,1,0.89528716,1
214150,2020-09-05 07:35:49,30328384440870,fraud_Volkman-Predovic,shopping_net,2526.05,Helen,Campbell,F,182 Sergio Summit Apt. 129,Browning,MO,64630,40.029,-93.1607,602,Cytogeneticist,1954-07-14,f67ca3098dffb938e71c3fa27b8bebbc,1378366549,39.724074,-93.09493,0,0.81709963,1
214328,2020-09-05 10:09:36,3583793405872580,fraud_Dach-Nader,misc_net,725.37,Beth,Lambert,F,6447 Johnson Estates Apt. 986,Roosevelt,OK,73564,34.847,-98.9836,551,Amenity horticulturist,1970-09-27,5bbd831a10bea8d60cf11710ab066445,1378375776,34.697428,-98.815629,0,0.643717,1
215313,2020-09-05 21:28:44,30501624614310,fraud_Eichmann-Russel,misc_pos,559.42,Amanda,Smith,F,180 Graves Shore,Scotia,SC,29939,32.6786,-81.2455,302,Magazine features editor,1973-05-04,75afe8d3e62c73cba2416b8bce46ae7e,1378416524,31.741028000000004,-80.720079,0,0.8529292,1
215351,2020-09-05 21:55:11,3577578023716568,fraud_Beier-Hyatt,shopping_pos,2190.22,Debbie,Hughes,F,0182 Owens Burgs Suite 480,Diamond,OH,44412,41.0935,-81.0425,2644,"Engineer, biomedical",1983-08-25,a56a686ab17d33a2eeaaf92b80ee6850,1378418111,41.160951,-80.873002,0,0.9572906,1
215400,2020-09-05 22:29:56,341283058448499,fraud_McDermott-Weimann,grocery_pos,269.12,Mario,Johns,M,62130 Miller Square Suite 785,Brinson,GA,39825,30.9788,-84.7373,1461,"Engineer, broadcasting (operations)",1935-09-08,86fd97820341edd775110246056ca886,1378420196,31.567842,-84.228081,1,0.76569206,1
215455,2020-09-05 22:58:53,341283058448499,fraud_Medhurst PLC,shopping_net,1044.98,Mario,Johns,M,62130 Miller Square Suite 785,Brinson,GA,39825,30.9788,-84.7373,1461,"Engineer, broadcasting (operations)",1935-09-08,1c99b7800f496a711839ab6efc31d659,1378421933,31.16251,-84.978604,1,0.98535454,1
215462,2020-09-05 23:03:16,4417677808209716,"fraud_Gottlieb, Considine and Schultz",shopping_net,953.66,Renee,Jones,F,914 Nancy Square,Birmingham,AL,35211,33.4816,-86.859,493806,Operational investment banker,2000-03-28,36a8e917ed023dc99b14309135f32f2d,1378422196,34.149063,-87.536831,1,0.6711929,1
215466,2020-09-05 23:06:56,4939976756738216,fraud_Mohr-Bayer,shopping_net,848.09,Michelle,Johnston,F,3531 Hamilton Highway,Roma,TX,78584,26.4215,-99.0025,18128,IT trainer,1990-11-07,2fcdf1a49da433f2b96121d59caa3d4f,1378422416,27.163538,-99.032977,0,0.63279444,1
215516,2020-09-05 23:31:33,630424987505,"fraud_Lehner, Reichert and Mills",misc_pos,699.94,Jennifer,Black,F,2870 Bean Terrace Apt. 756,Thomas,WV,26292,39.1505,-79.503,836,Forensic psychologist,1981-08-29,b4ff606e25dd6f26b68bcfcee0856818,1378423893,38.837786,-79.224806,0,0.91719997,1
215522,2020-09-05 23:35:35,4417677808209716,fraud_Ankunding LLC,shopping_net,1168.61,Renee,Jones,F,914 Nancy Square,Birmingham,AL,35211,33.4816,-86.859,493806,Operational investment banker,2000-03-28,dbc42c7ffdba0884b16230f3780a75fd,1378424135,32.863271999999995,-87.435847,1,0.9783223,1
215528,2020-09-05 23:38:04,3550412175018089,"fraud_Reichert, Rowe and Mraz",shopping_net,881.37,Morgan,James,F,742 Sellers Ferry,Lexington,KY,40502,38.0174,-84.4854,296965,Software engineer,1962-12-30,9e5bf05c064277c5795ca45b601d7b33,1378424284,38.222233,-84.171104,1,0.98256195,1
215536,2020-09-05 23:41:16,4417677808209716,"fraud_Baumbach, Feeney and Morar",shopping_net,953.66,Renee,Jones,F,914 Nancy Square,Birmingham,AL,35211,33.4816,-86.859,493806,Operational investment banker,2000-03-28,05be86a07df3403daae2920d89e47c8b,1378424476,33.399006,-86.657747,1,0.6370926,1
215557,2020-09-05 23:52:22,3550412175018089,fraud_Dooley Inc,shopping_pos,1050.65,Morgan,James,F,742 Sellers Ferry,Lexington,KY,40502,38.0174,-84.4854,296965,Software engineer,1962-12-30,32fc74ed9cf4003b8a29fe60d2692f4b,1378425142,37.349376,-84.99032,1,0.9883626,1
215571,2020-09-05 23:57:54,341283058448499,fraud_Lebsack and Sons,misc_net,792.99,Mario,Johns,M,62130 Miller Square Suite 785,Brinson,GA,39825,30.9788,-84.7373,1461,"Engineer, broadcasting (operations)",1935-09-08,49c9203923808dee72f96acdc83ee546,1378425474,30.856309000000003,-84.62562700000001,1,0.99319273,1
215636,2020-09-06 00:39:50,371985236239474,fraud_Howe Ltd,misc_pos,875.71,Benjamin,Martin,M,0495 Baker Manors,Oriskany Falls,NY,13425,42.9576,-75.4838,1970,"Programmer, multimedia",1949-06-09,c685b6f80d8c4128e671c1485c5f7959,1378427990,42.954097,-74.581959,0,0.50415325,1
215843,2020-09-06 02:52:39,4904681492230012,fraud_Kozey-Boehm,shopping_net,1074.89,Lisa,Lowe,F,574 David Locks Suite 207,Cottekill,NY,12419,41.8467,-74.1038,722,Comptroller,1990-10-19,acf5ab009cf57b72d7111c797ad5fd8c,1378435959,41.793532,-73.942409,1,0.6280802,1
215900,2020-09-06 03:32:05,4904681492230012,fraud_Welch Inc,misc_net,795.99,Lisa,Lowe,F,574 David Locks Suite 207,Cottekill,NY,12419,41.8467,-74.1038,722,Comptroller,1990-10-19,3a640fad038d7364d315593339233b35,1378438325,41.633971,-73.202737,1,0.78049403,1
215909,2020-09-06 03:36:28,4904681492230012,"fraud_Langworth, Boehm and Gulgowski",shopping_net,1028.83,Lisa,Lowe,F,574 David Locks Suite 207,Cottekill,NY,12419,41.8467,-74.1038,722,Comptroller,1990-10-19,284a692f51c5e61a1a40c33c1cf231b9,1378438588,42.232969,-73.14705,1,0.65306145,1
216125,2020-09-06 06:02:32,213161869125933,"fraud_Rodriguez, Yost and Jenkins",misc_net,620.19,Monica,Lane,F,3270 Scott Islands,East Andover,ME,4226,44.6084,-70.6993,190,Animal nutritionist,1970-04-17,8ea320743e7c2c169758df44deaed5e6,1378447352,45.374498,-70.899913,0,0.5775812,1
216192,2020-09-06 06:51:20,3598014571045296,"fraud_Stehr, Jewess and Schimmel",misc_net,692.05,Lisa,Clark,F,07943 Davis River,Grimesland,NC,27837,35.558,-77.2566,5903,Manufacturing systems engineer,1993-10-07,714756442a883722f273ac5b38bf5b1a,1378450280,35.205846,-76.982068,0,0.5437797,1
216274,2020-09-06 07:47:19,3565414434959494,fraud_Brown PLC,misc_net,1232.74,Ryan,Arnold,M,2056 Michael Wells Apt. 348,Prairie Creek,IN,47869,39.4336,-87.4101,137,Materials engineer,1967-03-12,87830ff13ec1552b4ac4bdb18ad3b6f5,1378453639,40.015702000000005,-87.53083199999999,0,0.79346615,1
216395,2020-09-06 09:20:14,4904681492230012,"fraud_Jones, Sawayn and Romaguera",misc_net,845.29,Lisa,Lowe,F,574 David Locks Suite 207,Cottekill,NY,12419,41.8467,-74.1038,722,Comptroller,1990-10-19,e78442561f2d1b0385e6467e7a69a5bc,1378459214,42.105808,-74.760566,1,0.66450006,1
216561,2020-09-06 11:12:23,630441765090,fraud_Boyer-Reichert,shopping_net,1634.45,Susan,Washington,F,759 Erin Mount Suite 956,May,TX,76857,31.9571,-98.9656,1791,Corporate investment banker,1965-07-26,43250899b5c81186a54a69e284695ad1,1378465943,32.103276,-99.171757,0,0.7960092,1
217074,2020-09-06 15:06:37,30518206766474,"fraud_Stehr, Jewess and Schimmel",misc_net,595.55,Tamara,Martinez,F,471 Marquez Prairie Suite 680,Matthews,MO,63867,36.7154,-89.6287,1019,Aeronautical engineer,1979-01-26,2bf83cc0e2fa2d2873e3cc718a5c79dc,1378479997,35.826401000000004,-89.996688,0,0.72395223,1
217141,2020-09-06 15:35:12,503848303379,"fraud_Schmeler, Bashirian and Price",shopping_net,1035.26,Gregory,Wallace,M,27203 Darrell Landing,Saint James City,FL,33956,26.529,-82.0916,3776,Sport and exercise psychologist,1976-09-12,bf43789af8ef70a636cb6e2db937001b,1378481712,25.789084,-83.035854,0,0.66429037,1
217554,2020-09-06 18:34:48,4683520018489354,fraud_Pfeffer and Sons,shopping_pos,1031.61,Charles,Carrillo,M,17547 Stephen Turnpike Apt. 846,Hawthorne,CA,90250,33.9143,-118.3493,93193,"Editor, magazine features",1995-04-19,bb75214b7da228cf8e864ad94b4d83dd,1378492488,33.727545,-117.642086,0,0.6289403,1
217607,2020-09-06 18:56:23,6573561108825071,fraud_Leannon-Nikolaus,travel,5256.04,Kristina,Lewis,F,5449 Brandi Heights Apt. 111,Tulsa,OK,74130,36.2395,-95.9596,413574,Bookseller,1968-06-18,00da9374f4f7bdab0101d10478e5354b,1378493783,36.123593,-95.143191,0,0.9075994,1
217893,2020-09-06 21:09:25,4155021259183870,fraud_McDermott-Rice,misc_pos,727.78,Renee,Parrish,F,174 Jennifer Meadow Apt. 467,Mountain Park,OK,73559,34.7032,-98.9591,540,Research scientist (life sciences),1983-10-12,4682ff1d6af3c5efd8e12b57b6d6e8de,1378501765,35.599496,-99.744093,0,0.8966199,1
218060,2020-09-06 22:25:41,3576431665303017,"fraud_Quitzon, Green and Bashirian",shopping_pos,721.25,Jessica,Ward,F,72269 Elizabeth Field Apt. 132,Phoenix,AZ,85020,33.5623,-112.0559,1312922,Contractor,1981-10-24,7daf517fe851c528ec2cf2a60f1474c2,1378506341,33.335982,-111.313674,0,0.7816271,1
218061,2020-09-06 22:25:43,4904681492230012,fraud_Heaney-Marquardt,entertainment,493.98,Lisa,Lowe,F,574 David Locks Suite 207,Cottekill,NY,12419,41.8467,-74.1038,722,Comptroller,1990-10-19,4dd3016f786628b024cb93fab2d54458,1378506343,42.39999,-73.87866700000001,1,0.66878617,1
218155,2020-09-06 23:08:47,4653879239169997,"fraud_Monahan, Bogisich and Ledner",misc_pos,1037.07,Monica,Tucker,F,302 Christina Islands,Smiths Grove,KY,42171,37.0581,-86.1938,6841,"Therapist, sports",1999-06-06,ead2c9f5ee43a6049ff713819d432531,1378508927,37.666426,-86.691971,0,0.9499726,1
218326,2020-09-07 00:39:16,36913587729122,fraud_Miller-Harris,misc_net,940.42,Ana,Mccormick,F,4503 Patricia Route,Meridian,ID,83646,43.6498,-116.4306,84106,Intelligence analyst,1971-02-11,2d0d496b9fe1d9f475bf32750feaa043,1378514356,43.978747,-117.380355,1,0.7192909,1
218612,2020-09-07 03:34:37,6011652924285713,fraud_Bednar Group,misc_net,1039.23,Kathryn,Smith,F,19838 Tonya Prairie Apt. 947,Rocky Mount,MO,65072,38.2911,-92.7059,1847,Tax inspector,1988-10-26,2a4acd10cb38ede3ce5d06eb69eb71f6,1378524877,38.671611,-92.284845,0,0.71845466,1
218671,2020-09-07 04:08:48,6011893664860915,"fraud_Hayes, Marquardt and Dibbert",misc_net,750.37,Erin,Chavez,F,3379 Williams Common,Littleton,CO,80120,39.5994,-105.0044,320420,Water engineer,1975-07-31,9e09edac3fc5530350119c0457a32c64,1378526928,39.186765,-104.30608,0,0.75745595,1
218802,2020-09-07 05:24:43,4302475216404898,"fraud_Hayes, Marquardt and Dibbert",misc_net,701.82,Daniel,Cain,M,384 Newman Forks Apt. 370,Belmond,IA,50421,42.8511,-93.62,3032,Community pharmacist,1964-08-08,8f58cf53ed46e12fc3c32ff5bdccc27c,1378531483,42.574948,-93.599353,0,0.6783605,1
218904,2020-09-07 06:31:47,4824023901222438,fraud_Schmidt and Sons,shopping_net,1642.13,Christina,Nelson,F,1233 Sutton Road Suite 701,Bynum,TX,76631,31.9907,-96.9837,522,Commercial/residential surveyor,1946-03-21,61d3d59c99c621d9d8e5a52769aa0638,1378535507,32.640809999999995,-97.672723,0,0.6341465,1
219830,2020-09-07 14:08:37,4926376199189801,fraud_Lynch-Mohr,travel,2560.4,Claire,Davis,F,83685 Matthew Center Suite 870,Cherokee Village,AR,72529,36.3011,-91.5281,4726,Pharmacologist,1977-06-07,a7f57b6d582153fa8267ded55122832b,1378562917,37.201927000000005,-91.366233,0,0.85393596,1
219893,2020-09-07 14:32:24,3598304579370089,fraud_Boyer PLC,shopping_net,2151.64,Vincent,Flowers,M,0189 Emily Prairie,Wichita,KS,67232,37.6395,-97.1714,409656,Heritage manager,1985-12-27,38725aa3874eeea30505c72e13828df3,1378564344,37.576407,-96.741765,0,0.8563374,1
220020,2020-09-07 15:15:23,3575789281659026,fraud_Botsford Ltd,shopping_pos,1061.47,Lindsay,Wilson,F,7618 Gonzales Mission,Centerview,MO,64019,38.7897,-93.8702,2368,Electronics engineer,1989-07-17,8beda790432b8a8c8f1cc4999d2a2787,1378566923,38.028673,-94.353466,0,0.61336815,1
220061,2020-09-07 15:26:42,4601636330889,fraud_Mohr Inc,shopping_pos,1856.53,Mark,Rivera,M,383 Contreras Hills Suite 658,Humble,TX,77338,30.0041,-95.2825,194500,Tax adviser,1990-12-18,79f93784c49ecd3b63960f289d74143d,1378567602,30.866824,-95.582611,0,0.84794194,1
220065,2020-09-07 15:28:02,6011366578560244,fraud_Eichmann-Russel,misc_pos,1391.37,Adam,Stark,M,0912 Mark Fields Apt. 080,Mc Veytown,PA,17051,40.5046,-77.7186,4653,Nutritional therapist,1997-07-01,7ec142b52aebb0ca205ea106acee2732,1378567682,40.261277,-78.10212299999999,0,0.8555872,1
220161,2020-09-07 16:03:29,3596357274378601,fraud_Haley Group,misc_pos,778.96,David,Everett,M,4138 David Fall,Morrisdale,PA,16858,41.0001,-78.2357,3688,Advice worker,1973-05-27,cbd7ca9029e969cfc28d305e6d22a513,1378569809,41.191087,-77.466848,0,0.79172873,1
220377,2020-09-07 17:14:02,4646845581490336108,"fraud_Schuppe, Nolan and Hoeger",shopping_pos,1209.23,Julia,Bell,F,576 House Crossroad,West Sayville,NY,11796,40.732,-73.1,4056,Film/video editor,1990-06-25,444ec24d3ab7a1fe4353f51a0e2bbf8d,1378574042,41.149262,-73.613772,0,0.73835725,1
220379,2020-09-07 17:15:10,375974680629816,fraud_Schmidt and Sons,shopping_net,1310.64,Roberta,Mccarthy,F,94431 Matthew Mall Suite 296,Plymouth,CT,6782,41.6611,-73.0449,2376,Herpetologist,1973-04-06,93d451c8b03bb196bf80f57fd6889e3f,1378574110,42.451718,-73.962003,0,0.9116528,1
220505,2020-09-07 18:02:31,3543591270174051,"fraud_Zboncak, Rowe and Murazik",shopping_net,1457.07,Margaret,Lam,F,6911 Nicholas Keys Apt. 237,Armagh,PA,15920,40.4603,-79.0097,922,Early years teacher,1972-10-04,cee841dc8c876e32c29b0042cf7b9b0a,1378576951,40.116017,-79.51462099999999,0,0.94629085,1
220570,2020-09-07 18:27:06,4364010865167176,fraud_Corwin-Gorczany,misc_net,1341.88,Gary,Martinez,M,03512 Jackson Ports,Reno,NV,89512,39.5483,-119.7957,276896,Immunologist,1997-03-12,3a0d8cd9990f431b758890aadae486c7,1378578426,40.156169,-119.502693,0,0.8746376,1
220604,2020-09-07 18:41:16,4364010865167176,"fraud_Reichert, Shanahan and Hayes",shopping_net,965.76,Gary,Martinez,M,03512 Jackson Ports,Reno,NV,89512,39.5483,-119.7957,276896,Immunologist,1997-03-12,d57556be7aae21e54a61ffddbf6b79fd,1378579276,38.687824,-119.321489,0,0.8400287,1
220616,2020-09-07 18:44:48,4623560839669,"fraud_Schmeler, Bashirian and Price",shopping_net,992.81,Vincent,Waller,M,9379 Vanessa Run Apt. 400,Lohrville,IA,51453,42.2619,-94.5566,695,Administrator,1954-07-15,7949150348eeab5da4de2a931998babd,1378579488,41.526578,-94.897249,1,0.9598311,1
220750,2020-09-07 19:30:24,180064817343047,fraud_Romaguera and Sons,travel,7549.39,Patricia,Gonzalez,F,8973 Mark Drive,Stephensport,KY,40170,37.9048,-86.524,344,Chartered public finance accountant,1967-03-30,13af43f38911113f90a984297d82e459,1378582224,37.847876,-86.01540200000001,0,0.90738475,1
221149,2020-09-07 21:49:28,38295635583927,fraud_Hermann and Sons,shopping_pos,1372.62,Candice,Brown,F,9412 Harris Mews,O Brien,TX,79539,33.3749,-99.8473,178,Warden/ranger,1983-06-14,cd8928900bc589a71dbe9dd685e7b506,1378590568,33.747411,-99.97066,0,0.9130577,1
221151,2020-09-07 21:49:44,4755696071492,fraud_Hackett Group,travel,6358.87,Robert,Evans,M,01892 Patricia Vista Apt. 828,Sachse,TX,75048,32.9643,-96.6012,20328,Site engineer,1985-06-20,e85e23e14fc18bcd03bd5f6a5ef8eaed,1378590584,33.23145,-97.089012,0,0.9023715,1
221212,2020-09-07 22:16:34,5359543825610251,fraud_Block Group,misc_pos,684.16,Michael,Francis,M,1833 Jeanette Stravenue,Belgrade,MT,59714,45.7801,-111.1439,18182,"Engineer, drilling",1975-06-29,d75f9f93c8e44eea51bdb3e648bcd80d,1378592194,46.424385,-110.426991,0,0.9447148,1
221271,2020-09-07 22:36:28,4623560839669,fraud_Kerluke Inc,misc_net,788.07,Vincent,Waller,M,9379 Vanessa Run Apt. 400,Lohrville,IA,51453,42.2619,-94.5566,695,Administrator,1954-07-15,b45b5b66cdb3e0730438dc41e8799602,1378593388,42.460555,-94.055387,1,0.991829,1
221343,2020-09-07 23:03:12,4623560839669,fraud_Koelpin and Sons,misc_net,703.63,Vincent,Waller,M,9379 Vanessa Run Apt. 400,Lohrville,IA,51453,42.2619,-94.5566,695,Administrator,1954-07-15,5b9a484689a275eabc5bbd2fcb57b43c,1378594992,42.34765,-95.436201,1,0.99237275,1
221345,2020-09-07 23:03:35,6011382886333463,fraud_Effertz LLC,entertainment,232.36,Martin,Duarte,M,6251 Payne Flats Apt. 581,Luzerne,MI,48636,44.6001,-84.2931,864,General practice doctor,1942-05-04,04d706e1888ae7b562cf811af0278e78,1378595015,44.614916,-83.938723,0,0.62531626,1
221417,2020-09-07 23:26:43,4623560839669,"fraud_Schmeler, Bashirian and Price",shopping_net,839.55,Vincent,Waller,M,9379 Vanessa Run Apt. 400,Lohrville,IA,51453,42.2619,-94.5566,695,Administrator,1954-07-15,5818c8fe6c5df9786ccb1a1adfa6c388,1378596403,43.257676,-93.905192,1,0.97619575,1
221429,2020-09-07 23:30:44,4623560839669,fraud_Kerluke-Abshire,shopping_net,974.1,Vincent,Waller,M,9379 Vanessa Run Apt. 400,Lohrville,IA,51453,42.2619,-94.5566,695,Administrator,1954-07-15,f7dbc10127114f586e35797744a03d9f,1378596644,41.838767,-95.345335,1,0.9851022,1
221507,2020-09-07 23:55:25,5359543825610251,fraud_Flatley Group,misc_pos,437.46,Michael,Francis,M,1833 Jeanette Stravenue,Belgrade,MT,59714,45.7801,-111.1439,18182,"Engineer, drilling",1975-06-29,40be30bb277f06758ae1cac3cf099b7d,1378598125,45.95505,-112.099434,0,0.6822901,1
221518,2020-09-07 23:58:53,3521417320836166,fraud_Flatley Group,misc_pos,380.04,Angela,Hodges,F,08236 Kim Hill,Indianapolis,IN,46254,39.849,-86.272,910148,Firefighter,1975-11-30,18d5294d2d33ee7cff0118d0e9b27748,1378598333,39.50696,-86.17068499999999,0,0.5878493,1
221520,2020-09-07 23:59:38,4623560839669,fraud_Boyer-Reichert,shopping_net,1023.35,Vincent,Waller,M,9379 Vanessa Run Apt. 400,Lohrville,IA,51453,42.2619,-94.5566,695,Administrator,1954-07-15,7f329e52b14fffc9a9c8e325b7eba697,1378598378,42.773113,-94.546455,1,0.98431605,1
221700,2020-09-08 01:51:50,3597926034019603,fraud_Jaskolski-Vandervort,misc_net,586.09,Derrick,Flores,M,83690 Nicholas Ports Apt. 846,Oakland,TN,38060,35.2229,-89.5518,9496,Furniture conservator/restorer,1993-03-23,8be072762c5a577d81958b209a8af539,1378605110,35.769989,-88.92833,1,0.8581331,1
222128,2020-09-08 05:54:07,3517814635263522,"fraud_Turner, Ruecker and Parisian",misc_pos,956.65,William,Cannon,M,43809 Kenneth Circles Suite 152,Union,WV,24983,37.5802,-80.5248,2443,Chartered public finance accountant,1941-10-16,93d8d84271d23281af7a82651bfaa61c,1378619647,36.816996,-79.925326,0,0.543211,1
222665,2020-09-08 10:58:34,5456776410929288,fraud_Jacobi and Sons,shopping_pos,1036.12,Taylor,Khan,F,658 Diane Glen Apt. 677,North Washington,PA,16048,41.0472,-79.8089,139,Patent attorney,1954-05-25,85e0fc923af319588aad4d175520431f,1378637914,40.778863,-80.580362,0,0.5265745,1
222949,2020-09-08 13:01:35,3590736522064285,fraud_Predovic Inc,shopping_net,963.35,Kimberly,Gonzalez,F,72966 Shannon Pass Apt. 391,Bauxite,AR,72011,34.5091,-92.4828,4074,"Scientist, audiological",1975-12-20,0bcbe704519065ff4464e34802650e18,1378645295,34.386375,-91.505149,0,0.517765,1
223183,2020-09-08 14:43:08,3598634130286287,fraud_Kuphal-Bartoletti,misc_net,1222.95,David,Hughes,M,707 Butler Parkways Apt. 747,Omaha,NE,68117,41.2064,-95.9953,518429,"Surveyor, land/geomatics",1995-10-10,5e33c9ac7ea42b27b1baab46040d34bb,1378651388,42.204009,-95.797482,0,0.86063105,1
223390,2020-09-08 16:00:16,3506592072985012,fraud_Pacocha-Bauch,shopping_pos,1665.16,Randy,Murphy,M,0356 Sarah Light,Ballwin,MO,63021,38.577,-90.5255,92608,"Engineer, communications",2001-07-26,39d06deffa38ef7004d0e690bd36f87c,1378656016,38.889106,-91.504416,0,0.8718832,1
223408,2020-09-08 16:09:26,343472729187663,fraud_Sawayn PLC,shopping_pos,1652.81,Gloria,Wallace,F,234 Bridges Wells Apt. 389,Center Tuftonboro,NH,3816,43.6849,-71.2551,1368,"Optician, dispensing",1971-08-05,225c584f570639b24d0a83655d12e6a1,1378656566,42.827994,-70.997413,0,0.9228549,1
223498,2020-09-08 16:41:30,6538891242532018,fraud_Lesch Ltd,shopping_pos,1273.41,Jodi,Rodriguez,F,5796 Lee Coves Apt. 286,Walnut Ridge,AR,72476,36.0244,-90.9288,7155,"Engineer, control and instrumentation",1977-03-23,244efa86d0821bb00dc924c3fc1a990a,1378658490,35.557956,-90.570983,0,0.82993567,1
223623,2020-09-08 17:24:29,4642894980163,"fraud_Haley, Jewess and Bechtelar",shopping_pos,1219.66,Eddie,Mendez,M,1831 Faith View Suite 653,Clarinda,IA,51632,40.7491,-95.038,7297,IT trainer,1990-07-13,815b6227d436a8875db039afddbebb92,1378661069,41.274329,-94.530282,0,0.836665,1
223672,2020-09-08 17:46:19,4792627764422477317,fraud_Hermann and Sons,shopping_pos,903.0,Margaret,Mendez,F,7952 Karen Pike,De Soto,KS,66018,38.9462,-94.9714,5760,Chief Executive Officer,1978-10-01,f41e4770f9133edf0c04c2038de927c2,1378662379,37.960627,-94.206529,0,0.5571737,1
223874,2020-09-08 19:09:09,4178097073221156,"fraud_Schmeler, Bashirian and Price",shopping_net,775.1,Jill,Flores,F,639 Cruz Islands,Baroda,MI,49101,41.9488,-86.4913,3104,"Horticulturist, commercial",1981-03-29,f8c239bc3546fa860e4e584c0dfab5c7,1378667349,42.7427,-86.691352,0,0.601592,1
223930,2020-09-08 19:35:23,570273151375,fraud_Kuhic LLC,shopping_net,990.61,Peter,Edwards,M,96122 Steven Flat,Allentown,GA,31003,32.6064,-83.2095,112,"Lecturer, higher education",1965-02-03,b6bbd8284e307c332e54e44d0b9abe9b,1378668923,33.360471999999994,-84.02566999999999,1,0.9115272,1
224054,2020-09-08 20:32:08,3528407217576457,"fraud_Streich, Dietrich and Barton",shopping_net,1536.55,Patricia,Leach,F,71309 Martinez Stravenue,Kingsport,TN,37663,36.4715,-82.4834,87124,Warden/ranger,1987-02-14,fc74bb8cbc63ccc144202914cebcbd5d,1378672328,35.959821000000005,-82.16879399999999,0,0.9459614,1
224095,2020-09-08 20:51:56,3521417320836166,"fraud_Nienow, Ankunding and Collier",misc_pos,650.17,Angela,Hodges,F,08236 Kim Hill,Indianapolis,IN,46254,39.849,-86.272,910148,Firefighter,1975-11-30,61e9d1db6b45aa6c196f4f79f0507fd3,1378673516,39.802143,-87.05131300000001,0,0.9731007,1
224153,2020-09-08 21:15:47,570273151375,fraud_Klein Group,entertainment,577.16,Peter,Edwards,M,96122 Steven Flat,Allentown,GA,31003,32.6064,-83.2095,112,"Lecturer, higher education",1965-02-03,3bdc7dfeed43b212020ad44c4e53b421,1378674947,33.166284000000005,-82.850316,1,0.9809367,1
224161,2020-09-08 21:18:25,3501942333500073,"fraud_Haley, Jewess and Bechtelar",shopping_pos,1155.38,Lori,Bishop,F,08056 Alvarado Club Suite 699,Phoenix,AZ,85086,33.8155,-112.1202,1312922,Counselling psychologist,1999-11-30,7fb571ad7c9b44cc227df6aa775cd46e,1378675105,34.625409000000005,-113.000972,0,0.9017666,1
224257,2020-09-08 22:04:04,570273151375,fraud_Medhurst PLC,shopping_net,936.85,Peter,Edwards,M,96122 Steven Flat,Allentown,GA,31003,32.6064,-83.2095,112,"Lecturer, higher education",1965-02-03,5b1ef3942b93c8811d97e084bd19e1c9,1378677844,32.152823,-82.68418299999999,1,0.95450956,1
224265,2020-09-08 22:08:34,3500165543009955,"fraud_Bins, Balistreri and Beatty",shopping_pos,1095.67,Ricky,Dunn,M,97689 Davis Point Apt. 967,Detroit,MI,48214,42.3669,-82.9938,673342,Health visitor,1983-09-02,4ee889d21a8ea14eee386dc533f939a5,1378678114,41.50438,-82.476057,0,0.95125717,1
224275,2020-09-08 22:14:07,4335531783520911,"fraud_Reichert, Rowe and Mraz",shopping_net,907.32,Amy,Daugherty,F,852 Thomas Well Suite 339,Owensville,MO,65066,38.3511,-91.4867,6703,Naval architect,1998-05-20,00d133dfea29e9b2bc721f1096357a58,1378678447,39.294874,-91.415483,0,0.6530701,1
224279,2020-09-08 22:15:18,570273151375,fraud_Miller-Hauck,grocery_pos,321.51,Peter,Edwards,M,96122 Steven Flat,Allentown,GA,31003,32.6064,-83.2095,112,"Lecturer, higher education",1965-02-03,f9d56e3a0ceb2f7a8fc856f740d2a1fd,1378678518,33.243766,-83.178324,1,0.7847794,1
224307,2020-09-08 22:23:42,4908846471916297,"fraud_Kuhic, Bins and Pfeffer",shopping_net,974.39,Lauren,Torres,F,03030 White Lakes,Grandview,TX,76050,32.2779,-97.2351,5875,"Radiographer, therapeutic",1992-07-24,488092dfdc4e41f7260c528a8d012938,1378679022,32.625605,-96.586344,0,0.8287089,1
224319,2020-09-08 22:28:33,4623560839669,"fraud_Moen, Reinger and Murphy",grocery_pos,351.27,Vincent,Waller,M,9379 Vanessa Run Apt. 400,Lohrville,IA,51453,42.2619,-94.5566,695,Administrator,1954-07-15,94f08102924302fd89514cfc09749f5a,1378679313,43.083499,-94.883918,1,0.97146183,1
224381,2020-09-08 22:49:57,4623560839669,"fraud_Bahringer, Schoen and Corkery",shopping_pos,676.8,Vincent,Waller,M,9379 Vanessa Run Apt. 400,Lohrville,IA,51453,42.2619,-94.5566,695,Administrator,1954-07-15,03742ab44f7e03f02279e3d548a5b698,1378680597,42.22937,-95.327453,1,0.93998104,1
224395,2020-09-08 22:54:03,4560004149983868183,"fraud_Ruecker, Beer and Collier",shopping_net,819.82,Stacy,Villegas,F,20581 Pena Walks,Colorado Springs,CO,80951,38.8881,-104.6556,525713,Museum/gallery exhibitions officer,1992-05-09,5b47be7e35e56c776aa52f5ac3727e01,1378680843,39.322237,-105.373636,0,0.83776754,1
224536,2020-09-08 23:46:04,570273151375,fraud_Schmidt and Sons,shopping_net,1092.32,Peter,Edwards,M,96122 Steven Flat,Allentown,GA,31003,32.6064,-83.2095,112,"Lecturer, higher education",1965-02-03,370faf738e60f7cf445bf7ce2e18c622,1378683964,32.768611,-82.773752,1,0.9732613,1
224548,2020-09-08 23:50:48,570273151375,fraud_Jast-McDermott,shopping_pos,872.35,Peter,Edwards,M,96122 Steven Flat,Allentown,GA,31003,32.6064,-83.2095,112,"Lecturer, higher education",1965-02-03,5b864f8834addb65da288ddf695bba2d,1378684248,33.007942,-82.98498000000001,1,0.9299414,1
224921,2020-09-09 06:44:37,4509142395811241,fraud_Keeling-Crist,misc_pos,903.04,Margaret,Williams,F,165 Jerry Meadows Suite 460,Surrency,GA,31563,31.6489,-82.1982,1324,"Engineer, technical sales",1926-07-12,24a3bec91577cf721076b843634a86e1,1378709077,30.850946,-82.48804100000001,0,0.5759612,1
225378,2020-09-09 15:06:48,2712209726293386,"fraud_Mosciski, Ziemann and Farrell",shopping_net,1219.07,Jenna,Brooks,F,50872 Alex Plain Suite 088,Baton Rouge,LA,70808,30.4066,-91.1468,378909,"Designer, furniture",1977-02-22,a9587c2809e66009e2ca337ea9d0ca29,1378739208,30.812179,-92.128257,0,0.82370675,1
225419,2020-09-09 15:37:45,4681699462969,"fraud_Schmeler, Bashirian and Price",shopping_net,1471.93,Joseph,Gonzalez,M,319 Wendy Fort Suite 179,Murfreesboro,TN,37132,35.8596,-86.421,158701,"Journalist, newspaper",1978-03-06,2647be71e517f7335aa83b522f264770,1378741065,35.843439000000004,-85.495923,0,0.89383477,1
225529,2020-09-09 17:08:04,30235438713303,"fraud_Boehm, Predovic and Reinger",misc_pos,577.81,James,Baldwin,M,3603 Mitchell Court,Winfield,WV,25213,38.5072,-81.89,5512,Exhibition designer,1980-03-24,2360ebcef982b5ec732c6375b6fab268,1378746484,38.929942,-81.394757,0,0.5108401,1
225542,2020-09-09 17:14:51,3543591270174051,fraud_McGlynn-Heathcote,misc_net,762.77,Margaret,Lam,F,6911 Nicholas Keys Apt. 237,Armagh,PA,15920,40.4603,-79.0097,922,Early years teacher,1972-10-04,40af853229d16cc72174fbfd486a9c9e,1378746891,41.144196,-79.067533,0,0.9722403,1
225618,2020-09-09 18:25:42,570273151375,fraud_Huel Ltd,misc_net,932.86,Peter,Edwards,M,96122 Steven Flat,Allentown,GA,31003,32.6064,-83.2095,112,"Lecturer, higher education",1965-02-03,037bfc728b62bda67f4356a96718f6dd,1378751142,33.00925,-83.005565,1,0.981157,1
225745,2020-09-09 20:08:43,6515067575568369,fraud_Ankunding LLC,shopping_net,920.23,Kevin,Pena,M,2674 Bentley Radial,Damascus,VA,24236,36.6403,-81.7776,3085,Land/geomatics surveyor,1990-10-15,481fc5d500205d6d8e5e4bb63f419f42,1378757323,37.26557,-82.149446,0,0.6982077,1
225798,2020-09-09 20:50:01,372509258176510,fraud_Hudson-Grady,shopping_pos,2045.87,Kristen,Hanson,F,26544 Andrea Glen,Goodrich,MI,48438,42.9147,-83.4845,6951,Learning disability nurse,1985-06-18,3670de0ea6d36aaf32f88e8077945202,1378759801,42.568862,-82.99541500000001,0,0.9498321,1
225872,2020-09-09 21:44:43,570273151375,fraud_Friesen Inc,shopping_pos,918.36,Peter,Edwards,M,96122 Steven Flat,Allentown,GA,31003,32.6064,-83.2095,112,"Lecturer, higher education",1965-02-03,4cc58980392fbe879fdb5f9d122876b2,1378763083,32.348429,-82.261276,1,0.91772354,1
225904,2020-09-09 22:05:06,570273151375,fraud_Bauch-Raynor,grocery_pos,315.06,Peter,Edwards,M,96122 Steven Flat,Allentown,GA,31003,32.6064,-83.2095,112,"Lecturer, higher education",1965-02-03,42613d8e316e80b1cce3e2ea812365d2,1378764306,33.156624,-82.979507,1,0.6720706,1
225951,2020-09-09 22:40:42,4173950183554608,fraud_Gerlach Inc,shopping_net,1006.38,Stephen,Marshall,M,47144 Roberts Keys,Monmouth Beach,NJ,7750,40.333,-73.9809,3279,Health promotion specialist,1978-10-05,6b71643a6bb3840903a3f118566cdccf,1378766442,39.601394,-73.01354,1,0.89256954,1
225963,2020-09-09 22:45:39,4173950183554608,fraud_Fisher-Schowalter,shopping_net,1002.31,Stephen,Marshall,M,47144 Roberts Keys,Monmouth Beach,NJ,7750,40.333,-73.9809,3279,Health promotion specialist,1978-10-05,d00bf56115fa3358e16ca86fed9e77cf,1378766739,39.911373,-74.478696,1,0.9379694,1
225984,2020-09-09 23:00:20,4173950183554608,fraud_Terry-Huel,shopping_net,857.51,Stephen,Marshall,M,47144 Roberts Keys,Monmouth Beach,NJ,7750,40.333,-73.9809,3279,Health promotion specialist,1978-10-05,06773a2c1b2a92b3b3f82198f24a71b4,1378767620,40.318367,-74.390425,1,0.89948916,1
226013,2020-09-09 23:23:47,4173950183554608,fraud_Heathcote LLC,shopping_net,1102.11,Stephen,Marshall,M,47144 Roberts Keys,Monmouth Beach,NJ,7750,40.333,-73.9809,3279,Health promotion specialist,1978-10-05,6f6b169e644566fd9757273154f5fde4,1378769027,39.767952,-73.425789,1,0.9613426,1
226032,2020-09-09 23:41:40,213141712584544,fraud_Kuhic LLC,shopping_net,1418.14,Margaret,Curtis,F,742 Oneill Shore,Florence,MS,39073,32.153,-90.1217,19685,Fine artist,1984-12-24,3fce54c279456bee6605772a4b25d64c,1378770100,32.089423,-90.181893,0,0.95515984,1
226134,2020-09-10 01:03:12,4254074738931278,fraud_Morissette PLC,shopping_pos,2080.36,Gary,Hall,M,69085 Short Shores,Allentown,NY,14707,42.0737,-78.0594,239,Radio producer,1956-05-02,e9abdebdd9cdc4926b1256a37f8a6e23,1378774992,41.913031,-78.879285,0,0.6832788,1
226149,2020-09-10 01:14:09,376656886990758,fraud_Bogisich-Homenick,misc_net,801.71,Richard,Vance,M,169 Shelia Knoll Suite 753,Zavalla,TX,75980,31.1569,-94.3871,2836,"Designer, jewellery",1985-12-03,2087fffff26d2278524357498012e58f,1378775649,30.189693,-95.045541,1,0.7338911,1
226242,2020-09-10 02:59:08,376656886990758,fraud_Mante Group,misc_net,869.31,Richard,Vance,M,169 Shelia Knoll Suite 753,Zavalla,TX,75980,31.1569,-94.3871,2836,"Designer, jewellery",1985-12-03,14f4707bd4e457040a20092bac61b947,1378781948,31.722901,-93.754799,1,0.73247343,1
226411,2020-09-10 05:45:38,4147608975828480,fraud_Schmitt Ltd,misc_net,657.09,Edward,Tapia,M,354 Gutierrez Gateway,Comfrey,MN,56019,44.1111,-94.9134,914,Health and safety adviser,1944-07-26,e7335c586cdd478910e94679ae18d946,1378791938,44.291729,-93.937646,0,0.7654629,1
226498,2020-09-10 07:16:02,4689147265057948423,fraud_Huel-Langworth,misc_net,689.71,Steven,Brooks,M,2622 Reynolds Isle,Manley,NE,68403,40.9207,-96.168,206,Human resources officer,1967-10-04,f9d994c9f3e417ddaaba0efa0cb8816a,1378797362,41.753582,-96.247003,0,0.6829987,1
227029,2020-09-10 14:49:32,3502088871723054,"fraud_Schmeler, Bashirian and Price",shopping_net,3827.15,Scott,Martin,M,31472 Cody Place Suite 740,Kensington,MD,20895,39.0298,-77.0793,19054,Operations geologist,1976-09-08,095c98b1245e1a47fe459fc649156338,1378824572,38.408094,-76.77609100000001,0,0.8989244,1
227077,2020-09-10 15:21:52,4279161831637,"fraud_Bahringer, Schoen and Corkery",shopping_pos,1917.41,Lisa,Hendrix,F,35737 Kirby Fall Suite 409,Vanderbilt,PA,15486,40.0246,-79.6955,2303,Physiotherapist,1987-08-16,d7b130d8ce05743fcbbe6a37c4a7d84f,1378826512,39.324356,-80.495427,0,0.8942097,1
227407,2020-09-10 18:49:44,4997733566924489,"fraud_Daugherty, Pouros and Beahan",shopping_pos,1102.02,Stephanie,Taylor,F,598 Martin Pine Suite 365,Saint Paul,MN,55128,44.9913,-92.9487,753116,Fisheries officer,1971-08-06,41276d0fb8897c8759a9190fce08f28c,1378838984,45.33563,-92.650652,0,0.9617343,1
227636,2020-09-10 21:25:20,376656886990758,fraud_Mohr-Bayer,shopping_net,1012.71,Richard,Vance,M,169 Shelia Knoll Suite 753,Zavalla,TX,75980,31.1569,-94.3871,2836,"Designer, jewellery",1985-12-03,59a06d221defb8be9a70a7b9f7fa4e57,1378848320,31.075855,-94.539088,1,0.8261565,1
227707,2020-09-10 22:23:17,376656886990758,fraud_Kihn Inc,shopping_pos,788.01,Richard,Vance,M,169 Shelia Knoll Suite 753,Zavalla,TX,75980,31.1569,-94.3871,2836,"Designer, jewellery",1985-12-03,fea0c0a8501232049c4af7f2e7d77d16,1378851797,30.821926,-94.872215,1,0.550291,1
227708,2020-09-10 22:23:43,4173950183554608,fraud_Predovic Inc,shopping_net,1067.46,Stephen,Marshall,M,47144 Roberts Keys,Monmouth Beach,NJ,7750,40.333,-73.9809,3279,Health promotion specialist,1978-10-05,9356130a50164f1227c8f324e5e3ccd7,1378851823,40.653786,-73.112853,1,0.9545373,1
227742,2020-09-10 22:42:25,4173950183554608,fraud_Price Inc,shopping_net,965.21,Stephen,Marshall,M,47144 Roberts Keys,Monmouth Beach,NJ,7750,40.333,-73.9809,3279,Health promotion specialist,1978-10-05,dd5b908887b0c41ad3aeed439008afd6,1378852945,40.914549,-73.21849499999999,1,0.93356407,1
227811,2020-09-10 23:28:12,4173950183554608,"fraud_Streich, Dietrich and Barton",shopping_net,1007.85,Stephen,Marshall,M,47144 Roberts Keys,Monmouth Beach,NJ,7750,40.333,-73.9809,3279,Health promotion specialist,1978-10-05,2675172cdcf6e5f5e08d0082dbf1245e,1378855692,40.030124,-74.72856800000001,1,0.9414625,1
227823,2020-09-10 23:37:41,4173950183554608,fraud_Cormier LLC,shopping_net,957.83,Stephen,Marshall,M,47144 Roberts Keys,Monmouth Beach,NJ,7750,40.333,-73.9809,3279,Health promotion specialist,1978-10-05,c6c09b62455a70ef9c9047a8894b572b,1378856261,39.965247,-73.402189,1,0.9459437,1
227854,2020-09-10 23:57:22,6011652924285713,fraud_Lesch Ltd,shopping_pos,1184.18,Kathryn,Smith,F,19838 Tonya Prairie Apt. 947,Rocky Mount,MO,65072,38.2911,-92.7059,1847,Tax inspector,1988-10-26,42c68c38e955f5e56de92c0e260182cd,1378857442,37.892414,-93.633147,0,0.9319545,1
228034,2020-09-11 02:50:39,4740713119940984,"fraud_Goyette, Howell and Collier",shopping_pos,3288.68,Heather,Hines,F,13776 Hicks Plains,Pomona,NY,10970,41.1901,-74.0436,9993,Pensions consultant,1962-10-16,65df80e31852131adc4d63e473a738ca,1378867839,40.968684,-73.33825300000001,0,0.7799879,1
228067,2020-09-11 03:11:39,376656886990758,"fraud_Herman, Treutel and Dickens",misc_net,803.68,Richard,Vance,M,169 Shelia Knoll Suite 753,Zavalla,TX,75980,31.1569,-94.3871,2836,"Designer, jewellery",1985-12-03,55571becfa3c768023f6f73181ebfdb6,1378869099,30.506838,-93.662267,1,0.75046986,1
228557,2020-09-11 10:50:07,213161293389774,fraud_Hudson-Grady,shopping_pos,1301.05,Catherine,Weber,F,74890 Rodriguez Springs Apt. 540,West Henrietta,NY,14586,43.0397,-77.6871,10256,"Teacher, primary school",1968-06-24,11b5a656e928346f0fccf2400c56326f,1378896607,43.689552,-76.877459,0,0.7867644,1
228657,2020-09-11 12:05:21,4998109455173950,fraud_Kihn Inc,shopping_pos,1819.5,Mary,Pruitt,F,2819 Luke Greens Suite 563,Kansas City,MO,64114,38.9621,-94.5959,545147,Counsellor,1987-11-18,5d6efa8a4adcb27770584d4f675beb6c,1378901121,38.846552,-94.673655,0,0.84356165,1
228871,2020-09-11 14:10:11,4335531783520911,fraud_Jast-McDermott,shopping_pos,3277.64,Amy,Daugherty,F,852 Thomas Well Suite 339,Owensville,MO,65066,38.3511,-91.4867,6703,Naval architect,1998-05-20,1a2006bd9c691fb2cb66d11740e0119b,1378908611,39.194147,-90.98756,0,0.8695165,1
228875,2020-09-11 14:14:03,4584931703207308232,"fraud_Reichert, Huels and Hoppe",shopping_net,642.57,Amanda,Gomez,F,8152 Brittany Centers,Dallas,TX,75218,32.8463,-96.6972,1263321,"Designer, ceramics/pottery",1975-04-16,6f11e1a717f5effb67d0d5c755eae6b3,1378908843,33.666909999999994,-96.263908,0,0.5514338,1
229192,2020-09-11 17:32:08,3583293909206278,"fraud_Bins, Balistreri and Beatty",shopping_pos,1486.14,Deborah,Fisher,F,1911 Fisher Brook,Kirtland Afb,NM,87117,35.0203,-106.5503,310,"Surveyor, land/geomatics",1978-09-30,da038377b194f6bc42ceea4554403be2,1378920728,35.194468,-106.067159,0,0.8964643,1
229416,2020-09-11 19:52:42,6544734391390261,fraud_Botsford Ltd,shopping_pos,3258.75,John,Myers,M,701 Wilson Divide,Highland,IN,46322,41.55,-87.4569,23727,Community arts worker,1982-02-08,37a677ba24ead9a2ad62660bb3a1bf61,1378929162,42.01871,-86.504535,0,0.9337395,1
229454,2020-09-11 20:11:12,3511378610369890,fraud_Pfeffer and Sons,shopping_pos,793.59,James,Cooper,M,663 Ramirez Trace Apt. 951,Huntsville,AL,35811,34.7789,-86.5438,190178,Television production assistant,1973-04-01,94a59a999bd0c7c89a56ee6f66a59381,1378930272,35.07257,-86.443274,0,0.78440773,1
229460,2020-09-11 20:14:39,376656886990758,fraud_Lemke-Gutmann,shopping_net,1144.18,Richard,Vance,M,169 Shelia Knoll Suite 753,Zavalla,TX,75980,31.1569,-94.3871,2836,"Designer, jewellery",1985-12-03,0fdefcd675a4871a57994f4c1cb9e28e,1378930479,30.507772,-94.02331,1,0.89431316,1
229725,2020-09-11 23:00:08,30263540414123,fraud_Kessler Group,travel,1163.67,Erik,Patterson,M,162 Jessica Row Apt. 072,Hatch,UT,84735,37.7175,-112.4777,258,Geoscientist,1961-11-24,4bd49a8ec20064d4eb78390e896177ba,1378940408,38.499173,-113.23485,0,0.83592355,1
231030,2020-09-12 16:27:55,4683520018489354,"fraud_Labadie, Treutel and Bode",shopping_net,2560.35,Charles,Carrillo,M,17547 Stephen Turnpike Apt. 846,Hawthorne,CA,90250,33.9143,-118.3493,93193,"Editor, magazine features",1995-04-19,7bd090b9b33cafa5cc708f07b093a8fd,1379003275,34.253043,-117.936662,0,0.8614186,1
231526,2020-09-12 22:02:32,213161293389774,fraud_Nader-Heller,misc_net,964.3,Catherine,Weber,F,74890 Rodriguez Springs Apt. 540,West Henrietta,NY,14586,43.0397,-77.6871,10256,"Teacher, primary school",1968-06-24,525a51ad3b16f8fe070d8c90eee8f43d,1379023352,42.818239,-77.26955500000001,1,0.98908687,1
231616,2020-09-12 23:03:32,213161293389774,"fraud_Heathcote, Yost and Kertzmann",shopping_net,1062.27,Catherine,Weber,F,74890 Rodriguez Springs Apt. 540,West Henrietta,NY,14586,43.0397,-77.6871,10256,"Teacher, primary school",1968-06-24,b8065c4ef8666a05158ef8bb373f976f,1379027012,43.102864,-77.87945500000001,1,0.9706171,1
231681,2020-09-12 23:39:31,344709867813900,fraud_Hills-Witting,shopping_net,1077.2,Joanna,Hudson,F,2924 Bobby Trafficway,Sebring,FL,33872,27.4703,-81.4872,50835,Environmental consultant,1986-01-30,7aa86a940a1e6ce13b9553931997b6ab,1379029171,27.685207,-80.966022,0,0.8909481,1
232260,2020-09-13 05:57:00,2712209726293386,fraud_McGlynn-Heathcote,misc_net,500.28,Jenna,Brooks,F,50872 Alex Plain Suite 088,Baton Rouge,LA,70808,30.4066,-91.1468,378909,"Designer, furniture",1977-02-22,618636bfb19c9bdd0961afb56a09604e,1379051820,30.459447,-91.548933,0,0.57289314,1
232471,2020-09-13 08:16:35,4306586894261180,fraud_Schmitt Ltd,misc_net,1158.0,Renee,Walls,F,86542 Jessica Fords Apt. 706,Veedersburg,IN,47987,40.1186,-87.2602,4049,"Development worker, community",1959-10-19,d848b3c7e488d00db95f5b6f4bcf9ab6,1379060195,39.790038,-88.108405,0,0.8449381,1
232628,2020-09-13 10:06:17,4430881574719618,"fraud_Heathcote, Yost and Kertzmann",shopping_net,832.38,Alicia,Morales,F,4456 Dunn Roads,Meredith,CO,81642,39.3199,-106.6596,61,Public relations account executive,1939-11-04,f50a570fb359807d0ba43100b8d97bf7,1379066777,39.755956,-107.192083,0,0.5704692,1
232780,2020-09-13 11:43:38,213126662687660,fraud_Durgan-Auer,misc_net,749.92,Christopher,Luna,M,242 Brian Mountain,Laredo,TX,78040,27.5155,-99.4986,248858,Video editor,1971-01-28,2ff94968c173424b73ec269cd6a3ffb8,1379072618,28.157862,-100.460288,0,0.61012185,1
233400,2020-09-13 16:04:58,213161293389774,fraud_Klocko LLC,misc_net,738.31,Catherine,Weber,F,74890 Rodriguez Springs Apt. 540,West Henrietta,NY,14586,43.0397,-77.6871,10256,"Teacher, primary school",1968-06-24,10053fb8762f780477872fd98d3055a6,1379088298,43.075964,-77.135913,1,0.9675779,1
233692,2020-09-13 18:09:27,374930071163758,fraud_Kris-Kertzmann,travel,5339.75,Daniel,Escobar,M,61390 Hayes Port,Romulus,MI,48174,42.2203,-83.3583,31515,Police officer,1971-11-05,8f1c5fbee105d2fbe3077f7dfe24cf5e,1379095767,41.75516,-82.573764,0,0.9154627,1
233703,2020-09-13 18:13:25,213161293389774,fraud_Stamm-Witting,shopping_net,985.98,Catherine,Weber,F,74890 Rodriguez Springs Apt. 540,West Henrietta,NY,14586,43.0397,-77.6871,10256,"Teacher, primary school",1968-06-24,50490542c1a0cab1523892476bef9257,1379096005,43.181079,-76.906749,1,0.9431746,1
233924,2020-09-13 19:49:32,3518234918950662,"fraud_Little, Gutmann and Lynch",shopping_net,674.48,Barbara,Lowe,F,67210 Lori Creek,Sherman,TX,75092,33.6372,-96.6184,46563,Systems developer,1970-09-11,021fd900b61299d58b521308d4f87933,1379101772,33.930601,-97.118988,0,0.6353881,1
234198,2020-09-13 21:52:15,30118423745458,fraud_Kozey-McDermott,travel,3124.84,Jared,Velazquez,M,01479 Murray Circle,Matawan,NJ,7747,40.4109,-74.238,30770,Drilling engineer,1993-04-29,b8237794db73500780337cadc62eb008,1379109135,41.196978,-74.912165,0,0.92677534,1
234236,2020-09-13 22:03:41,213161293389774,fraud_Gleason-Macejkovic,shopping_net,949.4,Catherine,Weber,F,74890 Rodriguez Springs Apt. 540,West Henrietta,NY,14586,43.0397,-77.6871,10256,"Teacher, primary school",1968-06-24,d0bf204c7600eb91ef6e2c7d97a56ff3,1379109821,42.121637,-78.29471600000001,1,0.96206284,1
234314,2020-09-13 22:34:23,4586260469584,"fraud_Stehr, Jewess and Schimmel",misc_net,710.45,Melody,Thompson,F,0362 Anderson Wall,Mound City,MO,64470,40.1362,-95.2138,1631,Architect,1953-01-20,7e5c4675e1f87be74da84c5b1357026c,1379111663,39.651394,-96.089124,1,0.99149334,1
234401,2020-09-13 23:09:52,213161293389774,"fraud_Mosciski, Ziemann and Farrell",shopping_net,961.84,Catherine,Weber,F,74890 Rodriguez Springs Apt. 540,West Henrietta,NY,14586,43.0397,-77.6871,10256,"Teacher, primary school",1968-06-24,d6613454bd6e12d280bff38bb7672810,1379113792,42.398491,-77.857168,1,0.9712209,1
234409,2020-09-13 23:12:13,6534628260579800,fraud_Block Group,misc_pos,864.03,Christine,Harris,F,29606 Martinez Views Suite 653,Hinesburg,VT,5461,44.3346,-73.098,4542,Claims inspector/assessor,1998-03-19,64359ce20525a5ea2987f1e03a69f1ff,1379113933,45.051923,-73.822457,0,0.8441237,1
234446,2020-09-13 23:29:22,4586260469584,fraud_Jast Ltd,shopping_net,995.71,Melody,Thompson,F,0362 Anderson Wall,Mound City,MO,64470,40.1362,-95.2138,1631,Architect,1953-01-20,0555a2e7f6d1fedbe35740c2b421908f,1379114962,40.750528,-95.970518,1,0.98205954,1
234478,2020-09-13 23:39:52,4586260469584,"fraud_Mosciski, Gislason and Mertz",grocery_pos,344.55,Melody,Thompson,F,0362 Anderson Wall,Mound City,MO,64470,40.1362,-95.2138,1631,Architect,1953-01-20,385ec05292cb90d2295cca54825e3ad5,1379115592,39.442517,-94.706316,1,0.94527346,1
234488,2020-09-13 23:42:36,213161293389774,fraud_Heathcote LLC,shopping_net,805.55,Catherine,Weber,F,74890 Rodriguez Springs Apt. 540,West Henrietta,NY,14586,43.0397,-77.6871,10256,"Teacher, primary school",1968-06-24,2a1640de1316b2fbc79467531b773269,1379115756,42.921548,-77.87955,1,0.9461953,1
234495,2020-09-13 23:45:05,213161293389774,fraud_Kuhn LLC,misc_net,935.6,Catherine,Weber,F,74890 Rodriguez Springs Apt. 540,West Henrietta,NY,14586,43.0397,-77.6871,10256,"Teacher, primary school",1968-06-24,c76545dfe98f7b241cb0bf3a58dca842,1379115905,42.185869,-78.600713,1,0.99059135,1
234792,2020-09-14 02:17:36,5359543825610251,"fraud_Herman, Treutel and Dickens",misc_net,455.15,Michael,Francis,M,1833 Jeanette Stravenue,Belgrade,MT,59714,45.7801,-111.1439,18182,"Engineer, drilling",1975-06-29,c914d671c4cd9366b814dd62fb104588,1379125056,45.582657,-111.438946,0,0.5832819,1
235133,2020-09-14 05:55:09,4355790796238264643,fraud_Kerluke PLC,misc_net,527.91,Tanner,Davis,M,2632 Stevens Light Apt. 213,Payson,IL,62360,39.8153,-91.2627,1656,Exhibition designer,1969-08-04,fb3f5e9fe04f237893148c22cfff20e8,1379138109,39.636782,-91.471701,0,0.50510496,1
235501,2020-09-14 09:40:49,4671727014157745,fraud_Donnelly PLC,misc_net,523.3,Kenneth,Edwards,M,3653 Ryan Crossroad,Andrews,IN,46702,40.8618,-85.6067,2304,Retail banker,1955-07-25,b91628a1614da1ca2e5d7668953aef24,1379151649,41.412939,-85.875587,0,0.5722628,1
235585,2020-09-14 10:27:02,4220345354880,fraud_Simonis-Prohaska,misc_pos,866.91,Patrick,Torres,M,27386 Snyder Station,Oxford,MI,48371,42.8223,-83.2829,24840,Agricultural consultant,1960-01-20,a6afa039b6643e05f3708bf593c6ec66,1379154422,42.868241,-83.165563,0,0.62936026,1
235937,2020-09-14 13:12:02,38588538868506,fraud_Lemke-Gutmann,shopping_net,1812.37,Jacqueline,Curry,F,3047 Jeff Place,Marathon,TX,79842,30.1886,-103.2214,498,Lexicographer,1990-11-23,a68b348a0c1b5e4b20200df347dae013,1379164322,29.374292,-103.062412,0,0.8015498,1
236004,2020-09-14 13:33:32,3502088871723054,"fraud_Quitzon, Green and Bashirian",shopping_pos,1176.24,Scott,Martin,M,31472 Cody Place Suite 740,Kensington,MD,20895,39.0298,-77.0793,19054,Operations geologist,1976-09-08,bddf4b4b48bcb55b838b2cdb61ce012b,1379165612,38.827607,-77.26529000000001,0,0.6904275,1
236148,2020-09-14 14:24:26,4586260469584,fraud_Stamm-Witting,shopping_net,918.25,Melody,Thompson,F,0362 Anderson Wall,Mound City,MO,64470,40.1362,-95.2138,1631,Architect,1953-01-20,06bc98180d447e9a22b424bc3a48ebbd,1379168666,39.835778000000005,-94.84017,1,0.82707906,1
236258,2020-09-14 15:00:13,630451534402,"fraud_Heathcote, Yost and Kertzmann",shopping_net,860.07,Rachel,Daniels,F,561 Little Plain Apt. 738,Wetmore,MI,49895,46.3535,-86.6345,765,Immunologist,1972-06-12,897c361f7e923a0b6229ccf8af206ace,1379170813,45.697113,-87.247986,0,0.54604465,1
236576,2020-09-14 16:44:37,4681601008538160,"fraud_Stanton, Jakubowski and Baumbach",shopping_net,976.77,Tammy,Davis,F,77663 Colleen Freeway,Moundsville,WV,26041,39.9148,-80.73100000000001,16183,Physiotherapist,1977-08-12,6e26ca5c83bb61fd2cd2be2043da5997,1379177077,40.869447,-80.369564,0,0.7050573,1
236700,2020-09-14 17:25:45,4586260469584,"fraud_Heathcote, Yost and Kertzmann",shopping_net,904.82,Melody,Thompson,F,0362 Anderson Wall,Mound City,MO,64470,40.1362,-95.2138,1631,Architect,1953-01-20,1ee11402643ae42700acdab137f21fff,1379179545,39.693672,-96.181072,1,0.9370392,1
236845,2020-09-14 18:22:55,561942763351,fraud_Predovic Inc,shopping_net,946.8,Melissa,Brown,F,330 Montoya Ramp,Washington,DC,20036,38.9087,-77.0414,601723,Prison officer,1986-03-14,4ffbf7108cb0c75b15b3365821804cb3,1379182975,38.708996,-77.376359,0,0.8265529,1
236976,2020-09-14 19:24:58,6011382886333463,fraud_Lynch-Mohr,travel,3001.09,Martin,Duarte,M,6251 Payne Flats Apt. 581,Luzerne,MI,48636,44.6001,-84.2931,864,General practice doctor,1942-05-04,b8cd0e86067eb190b833e842f0dbd0ad,1379186698,43.835475,-85.012899,0,0.9538103,1
237077,2020-09-14 20:00:04,4179719215697782,"fraud_Weimann, Kuhic and Beahan",shopping_pos,821.7,Belinda,Jimenez,F,6807 Jacob Skyway Apt. 331,Rockwell,IA,50469,43.0032,-93.2167,1574,"Scientist, audiological",1982-12-27,bc9d83b0b936bc53e55ea5d0d1e87b59,1379188804,42.073284,-93.460811,0,0.50958914,1
237208,2020-09-14 20:47:51,4586260469584,fraud_Fisher Inc,shopping_net,990.11,Melody,Thompson,F,0362 Anderson Wall,Mound City,MO,64470,40.1362,-95.2138,1631,Architect,1953-01-20,786f8b7dd66feacda8e55a5d2f749978,1379191671,40.80746,-95.912738,1,0.9757111,1
237255,2020-09-14 21:02:59,3533742182628021,fraud_Pouros-Haag,shopping_pos,1320.09,Robert,Haynes,M,857 Aaron Circles Suite 398,Johns Island,SC,29455,32.8357,-79.8217,20478,Materials engineer,1997-06-04,14bc8471467c90ad831a579c33d94cfc,1379192579,33.27938,-79.598937,0,0.82870036,1
237362,2020-09-14 21:40:15,3590736522064285,fraud_Ankunding LLC,shopping_net,638.2,Kimberly,Gonzalez,F,72966 Shannon Pass Apt. 391,Bauxite,AR,72011,34.5091,-92.4828,4074,"Scientist, audiological",1975-12-20,cfead9c6925f0d809082d7e83f196ab8,1379194815,34.418688,-91.987729,0,0.58586687,1
237368,2020-09-14 21:42:04,377895991033232,fraud_Corwin-Romaguera,travel,1655.35,Kimberly,Myers,F,6881 King Isle Suite 228,Higganum,CT,6441,41.4682,-72.5751,5438,"Librarian, academic",1964-11-17,bc9bfb05d0b3c82250d353a5cbd320b3,1379194924,41.903196,-71.744197,0,0.8853332,1
237546,2020-09-14 22:45:15,4979422371139333,fraud_Dibbert and Sons,entertainment,225.39,Kelly,Zimmerman,F,1893 Katie Tunnel,Westerville,NE,68881,41.4193,-99.3844,73,Product designer,1935-02-10,0a9602a5177f66c7f108d94599b7e634,1379198715,40.929646000000005,-98.65033,0,0.7893248,1
237592,2020-09-14 23:00:16,4586260469584,fraud_DuBuque LLC,grocery_pos,305.08,Melody,Thompson,F,0362 Anderson Wall,Mound City,MO,64470,40.1362,-95.2138,1631,Architect,1953-01-20,a8a1f104a4a2865d1f6c1d51603668d6,1379199616,39.744929,-94.857133,1,0.946883,1
237627,2020-09-14 23:12:51,4586260469584,fraud_Kozey-Boehm,shopping_net,1050.34,Melody,Thompson,F,0362 Anderson Wall,Mound City,MO,64470,40.1362,-95.2138,1631,Architect,1953-01-20,c4384e972d4fdb7efbc06a0a88b085ac,1379200371,40.866274,-94.242387,1,0.9841114,1
237645,2020-09-14 23:19:18,30234966027947,fraud_Heathcote LLC,shopping_net,555.34,Matthew,Lambert,M,7188 Melissa Crest Apt. 151,New Holstein,WI,53061,43.9446,-88.0911,5196,Child psychotherapist,1978-01-22,ce2fb1e567e3e0b3631e640838432673,1379200758,43.841207,-88.678783,0,0.6622697,1
237664,2020-09-14 23:29:29,4586260469584,fraud_Kuhn LLC,shopping_pos,914.68,Melody,Thompson,F,0362 Anderson Wall,Mound City,MO,64470,40.1362,-95.2138,1631,Architect,1953-01-20,36486cff8ba8bd644db622ed598f54ae,1379201369,39.691374,-95.726813,1,0.9738468,1
237667,2020-09-14 23:29:50,4586260469584,fraud_Auer-West,shopping_net,928.08,Melody,Thompson,F,0362 Anderson Wall,Mound City,MO,64470,40.1362,-95.2138,1631,Architect,1953-01-20,c3a8e15e7be5760506e4b412535552ba,1379201390,39.853239,-96.207387,1,0.9854124,1
238011,2020-09-15 02:16:46,4908846471916297,fraud_Dooley-Thompson,misc_net,908.19,Lauren,Torres,F,03030 White Lakes,Grandview,TX,76050,32.2779,-97.2351,5875,"Radiographer, therapeutic",1992-07-24,a69025f1422b99bf74fdf2ed4f0b5a6c,1379211406,31.758593,-97.688331,0,0.8036136,1
238078,2020-09-15 02:59:15,30376238035123,"fraud_Hayes, Marquardt and Dibbert",misc_net,710.37,Cynthia,Davis,F,7177 Steven Forges,Sixes,OR,97476,42.825,-124.4409,217,Retail merchandiser,1928-10-01,fbb5537bc4482111cf0957e401490b1e,1379213955,43.403949,-123.47501499999998,0,0.57304937,1
238083,2020-09-15 03:02:56,213141712584544,fraud_Kuphal-Bartoletti,misc_net,544.31,Margaret,Curtis,F,742 Oneill Shore,Florence,MS,39073,32.153,-90.1217,19685,Fine artist,1984-12-24,82aa2bcb34ab27517eb759f64da5554b,1379214176,32.987845,-91.088338,0,0.8390928,1
238092,2020-09-15 03:06:17,4681601008538160,"fraud_Jones, Sawayn and Romaguera",misc_net,565.93,Tammy,Davis,F,77663 Colleen Freeway,Moundsville,WV,26041,39.9148,-80.73100000000001,16183,Physiotherapist,1977-08-12,eb65e4cb21e6c1020b772d798389ee84,1379214377,39.38401,-80.76177,0,0.8227299,1
238149,2020-09-15 03:33:19,3583635130604947,"fraud_Wintheiser, Dietrich and Schimmel",misc_pos,717.99,Crystal,Gamble,F,899 Michele View Suite 960,Philadelphia,PA,19149,40.0369,-75.0664,1526206,Structural engineer,1985-01-01,e9a1d8f35fe642459ba6079cab007f0c,1379215999,40.392188,-74.653458,0,0.7878178,1
238371,2020-09-15 05:44:11,6011399591920186,fraud_Koelpin and Sons,misc_net,572.02,Maria,Roy,F,58665 Nicholas Ford Suite 348,Sheffield,MA,1257,42.1001,-73.3611,2121,Radio producer,1973-10-14,e60a9cd56d31d83f11bdbcbb48562f7d,1379223851,41.599349,-73.537362,0,0.6882876,1
238491,2020-09-15 06:51:03,4229733778084049,"fraud_Kerluke, Kertzmann and Wiza",misc_net,886.04,Tyler,Mills,M,7838 Jason Squares,Elizabethtown,KY,42701,37.6848,-85.8784,48194,Surgeon,1990-05-03,26de4cb73bfc118e0b219c8b5c26b4b2,1379227863,37.586916,-86.07278000000001,1,0.6809112,1
238878,2020-09-15 10:25:11,4482427013979020,fraud_Gerlach Inc,shopping_net,1064.94,Leslie,Ford,F,4938 Hatfield Course,Henderson,WV,25106,38.8265,-82.1364,642,Building services engineer,1946-08-30,76a9e8f57a641a9dbf911b86f98318db,1379240711,38.800818,-82.333658,0,0.7327099,1
239051,2020-09-15 11:56:57,503874407318,fraud_Welch Inc,misc_net,535.57,Andrew,Mcgee,M,4130 Tiffany Glen Apt. 562,San Antonio,TX,78248,29.5894,-98.5201,1595797,Exhibition designer,1975-12-28,f22e25c5dc0e15abd8e39c02f9a68c34,1379246217,29.509857,-97.522076,0,0.7286969,1
239852,2020-09-15 17:11:26,6011492816282597,fraud_Pacocha-Bauch,shopping_pos,1051.52,Gary,Barnes,M,2970 Flores Brooks,Smackover,AR,71762,33.3398,-92.7442,2501,Financial adviser,1986-06-11,edd51209bc77668d652e7fa4e9011be9,1379265086,33.543647,-92.667646,0,0.58225924,1
239858,2020-09-15 17:12:25,4378993458389626,"fraud_Willms, Kris and Bergnaum",shopping_pos,1594.41,Travis,Hayes,M,1561 Chase Grove,Conway,NH,3818,43.9742,-71.1503,3807,Surgeon,1999-10-25,27ba92391e9aca29cfdf89bdcc052163,1379265145,43.502183,-70.666573,0,0.8788343,1
240298,2020-09-15 20:16:15,2288813824604479,"fraud_Gottlieb, Considine and Schultz",shopping_net,842.22,Barbara,Norman,F,6278 Stephanie Unions,New York City,NY,10039,40.8265,-73.9383,1577385,Herbalist,1981-08-29,8ed2fc43a17e5a5acaa37eef8aa61aa9,1379276175,41.44303,-73.064498,0,0.927902,1
240392,2020-09-15 20:45:42,4681699462969,fraud_Conroy Ltd,shopping_pos,3931.39,Joseph,Gonzalez,M,319 Wendy Fort Suite 179,Murfreesboro,TN,37132,35.8596,-86.421,158701,"Journalist, newspaper",1978-03-06,fb7b5814cb4c9a9b9b2e1e25ad82ac0a,1379277942,36.116338,-86.673849,0,0.9250979,1
240652,2020-09-15 22:31:44,4229733778084049,fraud_Medhurst PLC,shopping_net,1039.27,Tyler,Mills,M,7838 Jason Squares,Elizabethtown,KY,42701,37.6848,-85.8784,48194,Surgeon,1990-05-03,5f459028083793ada94fe82fd8f7314b,1379284304,38.417801,-86.534126,1,0.8812769,1
240694,2020-09-15 22:48:20,4229733778084049,fraud_Kuhic LLC,shopping_net,968.38,Tyler,Mills,M,7838 Jason Squares,Elizabethtown,KY,42701,37.6848,-85.8784,48194,Surgeon,1990-05-03,0fccd70bac3ad21887bdaad1b1200def,1379285300,36.890336,-85.445796,1,0.8822348,1
240721,2020-09-15 22:59:52,4229733778084049,"fraud_Kihn, Abernathy and Douglas",shopping_net,829.02,Tyler,Mills,M,7838 Jason Squares,Elizabethtown,KY,42701,37.6848,-85.8784,48194,Surgeon,1990-05-03,089e03b4a035d98d54bd695d7eed2540,1379285992,38.378874,-86.458232,1,0.81091255,1
240722,2020-09-15 22:59:55,2720433095629877,fraud_Macejkovic-Lesch,shopping_pos,4068.13,Mark,Wood,M,854 Walker Dale Suite 488,Bowdoin,ME,4287,44.0575,-69.9656,3224,"Engineer, electronics",1997-08-22,b965c991a3a7f63c622b0e2dfefbba75,1379285995,44.459727,-69.052808,0,0.93175375,1
240785,2020-09-15 23:20:16,4158008602445,fraud_Beier-Hyatt,shopping_pos,2825.78,Alicia,Miller,F,976 Hubbard Lodge,Randolph,MN,55065,44.5274,-93.0196,1201,Barrister,1979-12-27,b2e586295b1e486a3b455837c4c8ac07,1379287216,44.948252,-92.234024,0,0.9662167,1
240819,2020-09-15 23:33:03,4992346398065154184,fraud_Bauch-Blanda,entertainment,292.46,Benjamin,Kim,M,920 Patrick Light,Mc Nabb,IL,61335,41.173,-89.2187,532,Audiological scientist,1956-01-09,8eddede74cbae1f62e5459782e515f10,1379287983,41.543307,-89.959852,0,0.84942794,1
240854,2020-09-15 23:48:42,213153151785052,fraud_Kerluke-Abshire,shopping_net,1322.82,Rebecca,Conley,F,181 Moreno Light Apt. 215,Tomahawk,WI,54487,45.4963,-89.7273,9594,Seismic interpreter,1997-11-23,22fa659f5feb39c6453623f2fc4d4530,1379288922,44.876407,-88.81525699999999,0,0.9452663,1
240868,2020-09-15 23:53:49,4229733778084049,fraud_Volkman-Predovic,shopping_net,989.35,Tyler,Mills,M,7838 Jason Squares,Elizabethtown,KY,42701,37.6848,-85.8784,48194,Surgeon,1990-05-03,1e40e3d059a46f619c4d3eddd0b7ae12,1379289229,36.982117,-86.620108,1,0.9129033,1
240912,2020-09-16 00:26:00,342952484382519,"fraud_Reichert, Huels and Hoppe",shopping_net,1071.14,Kayla,Jones,F,6033 Young Track Suite 804,East Canaan,CT,6024,42.0158,-73.2913,647,Comptroller,1987-09-26,0c7a2801be73958d01a2e4c1c96e9be8,1379291160,42.353304,-73.814537,1,0.6624575,1
241078,2020-09-16 03:30:59,342952484382519,fraud_Stamm-Witting,shopping_net,833.88,Kayla,Jones,F,6033 Young Track Suite 804,East Canaan,CT,6024,42.0158,-73.2913,647,Comptroller,1987-09-26,f003e39e2460b84ff49a4abce23ab723,1379302259,42.703154,-73.645821,1,0.5389698,1
241079,2020-09-16 03:31:01,342952484382519,"fraud_Boehm, Predovic and Reinger",misc_pos,871.31,Kayla,Jones,F,6033 Young Track Suite 804,East Canaan,CT,6024,42.0158,-73.2913,647,Comptroller,1987-09-26,08935e641fae6db8644e91cedd6204c0,1379302261,41.446311,-73.981542,1,0.512565,1
241147,2020-09-16 04:56:16,30074693890476,fraud_Keeling-Crist,misc_pos,364.1,Kelsey,Richards,F,889 Sarah Station Suite 624,Holcomb,KS,67851,37.9931,-100.9893,2691,Arboriculturist,1993-08-16,d69fb25590efbb9d973a5ad6e5d3111c,1379307376,38.02267,-101.723875,0,0.68067914,1
241486,2020-09-16 12:19:19,3575789281659026,"fraud_Mosciski, Ziemann and Farrell",shopping_net,1871.22,Lindsay,Wilson,F,7618 Gonzales Mission,Centerview,MO,64019,38.7897,-93.8702,2368,Electronics engineer,1989-07-17,844018c16df2c48e092f508e4c435198,1379333959,38.85191,-94.569549,0,0.8160663,1
241720,2020-09-16 15:32:54,3530503964418806,fraud_Lebsack and Sons,misc_net,854.39,David,Nichols,M,0638 Fred Ramp Suite 086,Palmdale,CA,93552,34.5715,-118.0231,171170,Chemical engineer,1963-06-04,a604047091aba23cfad6922ed9aa470c,1379345574,33.708271999999994,-118.106389,1,0.90989214,1
242018,2020-09-16 19:28:47,4229733778084049,fraud_Kozey-Boehm,shopping_net,1012.65,Tyler,Mills,M,7838 Jason Squares,Elizabethtown,KY,42701,37.6848,-85.8784,48194,Surgeon,1990-05-03,b4b19838e7230afbdabf54b4cf2da8d7,1379359727,38.207278,-86.31347,1,0.84672475,1
242115,2020-09-16 20:58:06,3530503964418806,"fraud_Romaguera, Cruickshank and Greenholt",shopping_net,969.19,David,Nichols,M,0638 Fred Ramp Suite 086,Palmdale,CA,93552,34.5715,-118.0231,171170,Chemical engineer,1963-06-04,175fb6a524da08b6a414a604d5c98180,1379365086,35.093471,-117.334928,1,0.95112646,1
242194,2020-09-16 22:02:11,3530503964418806,fraud_Dach-Nader,misc_net,732.99,David,Nichols,M,0638 Fred Ramp Suite 086,Palmdale,CA,93552,34.5715,-118.0231,171170,Chemical engineer,1963-06-04,b0be3a47a500d6bf3c0b3ae238b5f265,1379368931,34.929289000000004,-117.407429,1,0.98881114,1
242414,2020-09-17 01:01:10,30029052116970,fraud_Kris-Weimann,misc_net,599.01,Curtis,Young,M,4319 Watson Shoals Suite 658,Falconer,NY,14733,42.1239,-79.1895,3833,Metallurgist,1970-10-09,43dfe780a4b67b05e2dd31ef72c4838f,1379379670,41.699276,-79.121394,1,0.7925602,1
242415,2020-09-17 01:01:45,342952484382519,fraud_Corwin-Gorczany,misc_net,911.2,Kayla,Jones,F,6033 Young Track Suite 804,East Canaan,CT,6024,42.0158,-73.2913,647,Comptroller,1987-09-26,d05e1ae086d3fdd8fe8fa679d6d1a7db,1379379705,41.281239,-72.940985,1,0.7740774,1
242442,2020-09-17 01:29:13,342952484382519,"fraud_Kuhic, Bins and Pfeffer",shopping_net,881.86,Kayla,Jones,F,6033 Young Track Suite 804,East Canaan,CT,6024,42.0158,-73.2913,647,Comptroller,1987-09-26,357dd0b1e82e8b627b14f55bce9c6930,1379381353,42.292709,-73.501754,1,0.58735317,1
242448,2020-09-17 01:33:58,342952484382519,fraud_Kiehn-Emmerich,grocery_pos,357.86,Kayla,Jones,F,6033 Young Track Suite 804,East Canaan,CT,6024,42.0158,-73.2913,647,Comptroller,1987-09-26,2661488215a62be7208a3e970849103a,1379381638,42.795963,-74.216363,1,0.52319294,1
243439,2020-09-17 16:50:21,377993105397617,"fraud_Lehner, Reichert and Mills",misc_pos,1837.08,Nathan,Martinez,M,586 Thomas Cliffs,Oconto Falls,WI,54154,44.8755,-88.1555,5548,Mining engineer,1975-09-11,7857affade5bbff066317dcc4c60c5a7,1379436621,44.412804,-89.036035,0,0.94762045,1
243501,2020-09-17 17:41:04,3559679414981506,fraud_Kris-Padberg,shopping_pos,985.71,Olivia,Stephenson,F,292 Cassidy Oval,Lowville,NY,13367,43.7893,-75.4156,8830,Theme park manager,1991-03-29,5720f4767a8e05b20291a1dea3287310,1379439664,44.592569,-75.393734,0,0.62188923,1
243828,2020-09-17 21:39:21,676195318214,"fraud_Greenholt, O'Hara and Balistreri",shopping_net,1203.84,Brandy,Quinn,F,9734 Beard Fields Suite 885,Altair,TX,77412,29.6047,-96.5249,106,"Editor, film/video",1983-07-24,a210656f32ed2698108efdec2dfd3749,1379453961,29.964909,-96.178993,0,0.9111459,1
243829,2020-09-17 21:39:36,4181833256558613886,fraud_Eichmann-Russel,misc_pos,662.02,Jessica,Potter,F,7600 Stephen Course Suite 031,Red River,NM,87558,36.6659,-105.4694,606,"Surveyor, land/geomatics",1988-09-06,1ca3aa8b66a645a9116323ee7f77b226,1379453976,36.884567,-104.556072,0,0.83569187,1
243909,2020-09-17 22:36:37,3575540972310993,"fraud_Romaguera, Cruickshank and Greenholt",shopping_net,3563.49,Rachel,Villarreal,F,250 Carrie Throughway,University,MS,38677,34.3396,-89.5736,4198,Curator,2001-06-22,55af3b23f6fe729e9fe19a347411f65f,1379457397,33.69709,-90.524942,0,0.93245226,1
243919,2020-09-17 22:41:50,3530503964418806,fraud_Welch Inc,misc_net,898.89,David,Nichols,M,0638 Fred Ramp Suite 086,Palmdale,CA,93552,34.5715,-118.0231,171170,Chemical engineer,1963-06-04,3b8295b79c293c0c3dd1f167ea5ed3ed,1379457710,34.117246,-117.145555,1,0.98969436,1
243924,2020-09-17 22:43:34,30029052116970,fraud_Kuphal-Bartoletti,misc_net,750.26,Curtis,Young,M,4319 Watson Shoals Suite 658,Falconer,NY,14733,42.1239,-79.1895,3833,Metallurgist,1970-10-09,2f76ac33f83f936fdac7c7e8d03b872e,1379457814,43.064857,-78.95769,1,0.98732936,1
243950,2020-09-17 23:03:36,3530503964418806,"fraud_Romaguera, Cruickshank and Greenholt",shopping_net,1038.25,David,Nichols,M,0638 Fred Ramp Suite 086,Palmdale,CA,93552,34.5715,-118.0231,171170,Chemical engineer,1963-06-04,aea6b4db63ae01a25d6b34e5cd30ac9a,1379459016,34.287735999999995,-117.297267,1,0.9776627,1
243966,2020-09-17 23:16:33,342952484382519,fraud_Mayert Group,shopping_pos,949.38,Kayla,Jones,F,6033 Young Track Suite 804,East Canaan,CT,6024,42.0158,-73.2913,647,Comptroller,1987-09-26,7f20f401255649d194d0221d137786fd,1379459793,41.996012,-72.66404,1,0.86605906,1
243997,2020-09-17 23:47:20,3530503964418806,"fraud_Langworth, Boehm and Gulgowski",shopping_net,963.73,David,Nichols,M,0638 Fred Ramp Suite 086,Palmdale,CA,93552,34.5715,-118.0231,171170,Chemical engineer,1963-06-04,5692deea47542bea73d5c40eada50f6a,1379461640,35.525013,-117.359532,1,0.9758149,1
243998,2020-09-17 23:48:23,4809701904914,fraud_Mohr Inc,shopping_pos,1237.4,Sabrina,Nolan,F,312 Eric Expressway Apt. 014,Phenix City,AL,36869,32.4204,-85.0796,59744,Chemical engineer,1984-02-07,f0da8b767d616edea1c73a9724382eb1,1379461703,31.594893,-86.019997,0,0.92695844,1
244011,2020-09-17 23:53:01,30029052116970,fraud_Lynch Ltd,shopping_pos,824.28,Curtis,Young,M,4319 Watson Shoals Suite 658,Falconer,NY,14733,42.1239,-79.1895,3833,Metallurgist,1970-10-09,0b5315d76b41a1fec466a9eed18e2dce,1379461981,41.389282,-78.31223299999999,1,0.872877,1
244173,2020-09-18 02:06:03,4988304376504,"fraud_Willms, Kris and Bergnaum",shopping_pos,2354.42,William,Thompson,M,977 Rita Grove Apt. 000,Rock Tavern,NY,12575,41.4575,-74.1659,2258,Building surveyor,1937-03-17,247b648c93e4188471209ff3e488eeb1,1379469963,41.424122,-74.588826,0,0.7442704,1
244186,2020-09-18 02:21:09,4904681492230012,fraud_Kunde-Sanford,misc_net,542.9,Lisa,Lowe,F,574 David Locks Suite 207,Cottekill,NY,12419,41.8467,-74.1038,722,Comptroller,1990-10-19,dddd77c6e46a7249ba4f8def8c156e92,1379470869,40.898426,-74.016462,0,0.84645784,1
244264,2020-09-18 03:39:55,4798937978667559470,fraud_Bednar Group,misc_net,1731.71,Robert,Williams,M,09419 Lewis Rapids,Bay City,MI,48706,43.6088,-83.95299999999999,67858,Water quality scientist,1995-03-13,181f5f1363a0cd5768b3c143f5a12fb7,1379475595,43.26373,-83.0344,0,0.7269468,1
245274,2020-09-18 17:03:40,30029052116970,"fraud_Kuhic, Bins and Pfeffer",shopping_net,1008.51,Curtis,Young,M,4319 Watson Shoals Suite 658,Falconer,NY,14733,42.1239,-79.1895,3833,Metallurgist,1970-10-09,188389aa90778ce94cc404aaa3dd6764,1379523820,41.757124,-79.905766,1,0.91885555,1
245337,2020-09-18 17:44:37,3518758680062249,fraud_Balistreri-Nader,misc_pos,1165.78,Antonio,Koch,M,8738 Richard Brooks,Moab,UT,84532,38.5677,-109.5271,9772,Location manager,1989-11-24,1965e33872ace410e76b5e669eae60d6,1379526277,38.53986,-110.525925,0,0.91624653,1
245353,2020-09-18 17:59:28,345933964507467,"fraud_Ruecker, Beer and Collier",shopping_net,1265.8,Carol,Dillon,F,27479 Reeves Dale,Whaleyville,MD,21872,38.4121,-75.2811,718,Regulatory affairs officer,1985-03-19,babd5cb2751da268d52ffd28ecfa4392,1379527168,38.801773,-74.48005400000001,0,0.89141536,1
245456,2020-09-18 19:04:26,503848303379,"fraud_Monahan, Bogisich and Ledner",misc_pos,785.96,Gregory,Wallace,M,27203 Darrell Landing,Saint James City,FL,33956,26.529,-82.0916,3776,Sport and exercise psychologist,1976-09-12,02ae39ae04717b016381f89d81206ad0,1379531066,26.911259,-82.767964,0,0.8339853,1
245533,2020-09-18 19:53:43,4800395067176717,"fraud_Cormier, Stracke and Thiel",entertainment,412.71,Daniel,Owens,M,88794 Mandy Lodge Apt. 874,Howells,NE,68641,41.6964,-96.9858,1063,Research scientist (maths),1928-04-02,ccc1c5b2269e919dc626b9d84a9db133,1379534023,42.283601,-97.968094,0,0.98429227,1
245540,2020-09-18 19:56:55,213178765398315,"fraud_Baumbach, Hodkiewicz and Walsh",shopping_pos,871.12,Alan,Colon,M,748 Bryan Fields Suite 935,Riverton,WY,82501,43.0351,-108.2024,19408,"Lecturer, higher education",1993-09-11,31ba7fd2c9883a2ab6b7129dca7871a4,1379534215,42.281285,-108.346285,0,0.6698027,1
245678,2020-09-18 21:32:03,4761403817546679245,fraud_Smith-Stokes,misc_pos,1171.55,Diana,Jacobs,F,69608 Perez Mountain Apt. 006,Viola,AR,72583,36.3924,-91.9932,1679,Psychiatric nurse,1986-05-02,0f7a199fb779ab7e2f13c672eac2c20b,1379539923,37.064659000000006,-92.128324,0,0.96699244,1
245715,2020-09-18 21:53:49,676314217768,fraud_Terry-Huel,shopping_net,742.29,Ellen,Carrillo,F,9431 Amanda Mills,Odessa,MO,64076,38.9829,-93.9757,9512,Clinical research associate,1972-12-31,1c54a2a7dcdabdf1a321f28fd92e7cc9,1379541229,39.404013,-93.548925,0,0.8662534,1
245784,2020-09-18 22:35:47,6538891242532018,fraud_Goyette Inc,shopping_net,505.32,Jodi,Rodriguez,F,5796 Lee Coves Apt. 286,Walnut Ridge,AR,72476,36.0244,-90.9288,7155,"Engineer, control and instrumentation",1977-03-23,a1eb622403a6411bf3fd12511e085443,1379543747,35.526990000000005,-91.504289,0,0.54716426,1
245836,2020-09-18 23:10:48,30029052116970,"fraud_Heathcote, Yost and Kertzmann",shopping_net,1180.79,Curtis,Young,M,4319 Watson Shoals Suite 658,Falconer,NY,14733,42.1239,-79.1895,3833,Metallurgist,1970-10-09,27080de676b15a5188fdac23e0f66b2d,1379545848,43.009815,-79.199053,1,0.9770363,1
245857,2020-09-18 23:22:16,30029052116970,"fraud_Langworth, Boehm and Gulgowski",shopping_net,841.89,Curtis,Young,M,4319 Watson Shoals Suite 658,Falconer,NY,14733,42.1239,-79.1895,3833,Metallurgist,1970-10-09,2200b20b9a956b7b103c04f6c6f166b0,1379546536,42.235151,-79.319487,1,0.9512757,1
245890,2020-09-18 23:41:28,30029052116970,fraud_Hudson-Grady,shopping_pos,729.49,Curtis,Young,M,4319 Watson Shoals Suite 658,Falconer,NY,14733,42.1239,-79.1895,3833,Metallurgist,1970-10-09,64e68f665d9bf17f0e2d7d3bc8d29208,1379547688,42.531011,-78.444906,1,0.88383734,1
245895,2020-09-18 23:45:20,30029052116970,"fraud_Stanton, Jakubowski and Baumbach",shopping_net,980.65,Curtis,Young,M,4319 Watson Shoals Suite 658,Falconer,NY,14733,42.1239,-79.1895,3833,Metallurgist,1970-10-09,0bff0ccd1f0f8decdcc9cb7671e0a6be,1379547920,42.967723,-79.707603,1,0.97741,1
245922,2020-09-19 00:09:28,676281772837,fraud_Botsford Ltd,shopping_pos,1891.39,Alicia,Bishop,F,222 Freeman Islands,Whigham,GA,39897,30.8836,-84.3246,3430,"Editor, commissioning",1950-03-25,4dca701be4ea3ea02d926c7717d5d323,1379549368,30.881691,-85.00578399999999,0,0.60512936,1
246102,2020-09-19 03:00:27,4809701904914,fraud_Bogisich-Homenick,misc_net,641.66,Sabrina,Nolan,F,312 Eric Expressway Apt. 014,Phenix City,AL,36869,32.4204,-85.0796,59744,Chemical engineer,1984-02-07,935b01d7683006ffd69eb002fea9d98c,1379559627,31.770116,-85.94387900000001,0,0.8120145,1
246406,2020-09-19 07:38:19,2576709887791552,fraud_Turner and Sons,shopping_pos,1696.19,Joseph,Morgan,M,126 Underwood Drive,San Diego,CA,92128,33.0067,-117.069,1241364,Chartered public finance accountant,1959-08-05,3d94387ab7ab8b9516f3ac45117b37db,1379576299,32.333728,-117.772727,0,0.6749858,1
246826,2020-09-19 13:39:24,30238755902988,fraud_Spencer-Runolfsson,misc_pos,932.79,Danielle,Yu,F,5395 Colon Burgs Suite 037,Thrall,TX,76578,30.592,-97.2893,1766,Press sub,1976-01-02,31e78a60d617d943102f549a2942dd4e,1379597964,30.410707,-98.166618,0,0.6202558,1
247341,2020-09-19 18:59:17,4810789809665942990,fraud_Gerlach Inc,shopping_net,1275.39,Julie,Sanchez,F,916 Charles Road,Bowersville,OH,45307,39.5756,-83.7153,338,Quantity surveyor,1988-07-28,25c1a4f09a4e57e36bd48ccbd91ab196,1379617157,40.193852,-82.929439,0,0.91533864,1
247482,2020-09-19 20:24:58,4170689372027579,fraud_Predovic Inc,shopping_net,2895.97,Samuel,Frey,M,830 Myers Plaza Apt. 384,Edmond,OK,73034,35.6665,-97.4798,116001,Media buyer,1993-05-10,9c8584d3c342186cf5a35b781409f7c0,1379622298,36.517771,-97.689341,0,0.9276518,1
247625,2020-09-19 21:46:37,213126662687660,fraud_Hickle Group,shopping_pos,714.21,Christopher,Luna,M,242 Brian Mountain,Laredo,TX,78040,27.5155,-99.4986,248858,Video editor,1971-01-28,85ee3d39492c95383e9712b641d4413f,1379627197,28.114806,-98.559922,0,0.5956335,1
247669,2020-09-19 22:15:08,3551217896304745,fraud_Rempel Inc,shopping_net,711.15,Sara,Harris,F,597 Jenny Ford Apt. 543,Tupper Lake,NY,12986,44.232,-74.4905,6120,Chartered loss adjuster,1976-10-09,5a629d73c02ba71ae353a9d4839ab411,1379628908,43.925421,-75.022654,0,0.77238566,1
247820,2020-09-19 23:46:19,3520550088202337,"fraud_Mosciski, Ziemann and Farrell",shopping_net,670.17,Micheal,Walters,M,15315 Vaughn Park Suite 356,Hovland,MN,55606,47.8342,-90.0476,272,Freight forwarder,2001-07-05,e8d9265016228bf85fe7b03a8ad018cf,1379634379,48.424131,-89.43695,0,0.5130472,1
248234,2020-09-20 04:33:56,213125815021702,fraud_Dach-Nader,misc_net,493.8,Adam,Kirk,M,40847 Stark Junctions,Big Indian,NY,12410,42.074,-74.453,397,Psychiatrist,1931-09-12,7bc3fdec69bf7f5447580b9a760e2ead,1379651636,41.36738,-73.55839399999999,0,0.71241623,1
248327,2020-09-20 05:42:31,4410582919485061752,fraud_Miller-Harris,misc_net,927.2,David,Cole,M,7955 Allen Orchard Apt. 336,Springfield,GA,31329,32.3697,-81.3618,9034,"Therapist, occupational",1969-03-02,dbd6ca349097afe58019f54b0fa2e8ca,1379655751,31.626691,-82.10934300000001,0,0.67322516,1
248335,2020-09-20 05:45:00,3560697798177746,"fraud_Kihn, Abernathy and Douglas",shopping_net,1441.21,Matthew,Young,M,8840 Miller Port Suite 645,Indian Wells,CA,92210,33.7163,-116.3381,4677,Learning mentor,1955-05-06,4277d2b9509ba6b4ad87bb28a12f8695,1379655900,33.450112,-116.45616499999998,0,0.5976634,1
248344,2020-09-20 05:49:29,180031190491743,fraud_Dooley-Thompson,misc_net,540.08,Becky,Mckinney,F,250 Benjamin Hill Apt. 026,Mobile,AL,36617,30.7145,-88.0918,270712,"Surveyor, land/geomatics",1972-01-05,7ad38f9cd8e1c18da7717330c7e33c14,1379656169,29.936793,-87.533879,0,0.63837785,1
248386,2020-09-20 06:17:50,2713913904780408,"fraud_Willms, Kris and Bergnaum",shopping_pos,2493.43,Jacqueline,Howard,F,4511 Choi Lock,Delhi,LA,71232,32.3929,-91.4714,6581,Multimedia programmer,1964-02-13,76c35ac6d3f871b933a2bd7e30c11cce,1379657870,31.640064,-90.776976,0,0.75904167,1
248661,2020-09-20 09:22:52,4570636521433188,fraud_Block-Parisian,misc_net,879.72,Christine,Leblanc,F,5097 Jodi Vista Suite 811,Deltona,FL,32725,28.8989,-81.2473,88735,Commercial horticulturist,1988-04-09,2b93eb89845134c6cece84a42f35ba6c,1379668972,28.167018,-81.411815,1,0.5876801,1
248674,2020-09-20 09:29:09,4277232699798846,"fraud_Rohan, White and Aufderhar",misc_net,751.56,Jennifer,Vance,F,13299 Patrick Terrace,Rhame,ND,58651,46.1664,-103.7079,475,Illustrator,1955-11-10,dcabe58c1f600e199a575111130d5b8e,1379669349,46.861596,-103.895211,0,0.8341479,1
249232,2020-09-20 14:24:19,213126662687660,fraud_Gleason-Macejkovic,shopping_net,1615.27,Christopher,Luna,M,242 Brian Mountain,Laredo,TX,78040,27.5155,-99.4986,248858,Video editor,1971-01-28,e5bfd04433af34a3499bf3db11122908,1379687059,27.782357,-99.34003,0,0.822097,1
249561,2020-09-20 16:47:38,4476840372112,fraud_Heathcote LLC,shopping_net,1111.95,Steven,Walters,M,3206 Hall Divide Suite 282,Woodville,AL,35776,34.6689,-86.2296,3395,"Editor, commissioning",1979-01-21,7fb9fb85314f9f36474d97fba44132f1,1379695658,34.585955,-86.299942,0,0.80323845,1
249728,2020-09-20 18:06:39,30407675418785,fraud_Mosciski Group,travel,2635.36,Danielle,Evans,F,76752 David Lodge Apt. 064,Breesport,NY,14816,42.1939,-76.7361,520,Psychotherapist,1991-10-13,a9a38ed34c10e6018fadee46574f530b,1379700399,42.96995,-76.812748,0,0.90724236,1
249768,2020-09-20 18:21:43,213191402330021,"fraud_Romaguera, Cruickshank and Greenholt",shopping_net,1414.27,Thomas,Sullivan,M,464 Newman Crossroad,Milwaukee,WI,53228,42.9676,-88.0434,817312,"Accountant, chartered public finance",2004-03-18,5a5db05d70a7bcf91985a8e504ddc76f,1379701303,43.261254,-88.378957,0,0.91680527,1
250573,2020-09-21 00:22:31,3596217206093829,fraud_Nader-Heller,misc_net,459.29,Sara,Ramirez,F,23843 Scott Island,Birmingham,IA,52535,40.8626,-91.9534,888,Camera operator,1988-03-25,eab78bc3881b8715680ade66cb84719c,1379722951,40.464325,-91.210709,0,0.89054745,1
250731,2020-09-21 02:02:22,4585132874641,"fraud_Jones, Sawayn and Romaguera",misc_net,500.56,Karen,Gordon,F,543 Ware Path Apt. 593,Utica,MO,64686,39.7417,-93.6289,271,Land/geomatics surveyor,1972-04-18,17d92790f19267361731046cb1c71bd6,1379728942,39.198458,-93.906329,0,0.6618561,1
251002,2020-09-21 04:32:33,213157767990030,fraud_Thiel PLC,misc_pos,573.01,Tara,Campbell,F,05050 Rogers Well Apt. 439,Rock Springs,WY,82901,41.606,-109.23,27971,Music therapist,1984-08-01,25725eb01a67028b294cd59f1e537cc5,1379737953,41.391193,-108.610225,0,0.5197025,1
251269,2020-09-21 07:11:40,346273234529002,fraud_Jaskolski-Vandervort,misc_net,826.49,Donna,Moreno,F,32301 Albert River Suite 364,Ronceverte,WV,24970,37.7418,-80.4626,4575,Statistician,1991-10-22,e84463236ef1122e5697cbeb369f454a,1379747500,36.91962,-80.49498299999999,0,0.6710429,1
251279,2020-09-21 07:16:37,4170689372027579,"fraud_Stehr, Jewess and Schimmel",misc_net,772.07,Samuel,Frey,M,830 Myers Plaza Apt. 384,Edmond,OK,73034,35.6665,-97.4798,116001,Media buyer,1993-05-10,4d069e0e767b3163f62736966d64f6ed,1379747797,35.600204,-97.061854,1,0.67276347,1
251467,2020-09-21 08:57:28,343819048608995,fraud_Schmidt and Sons,shopping_net,1204.1,Shelby,Cannon,F,1535 Ryan Burgs Suite 919,Des Moines,IA,50312,41.5855,-93.6719,222785,Wellsite geologist,1956-01-24,7604f27df51c6a9832f7fcc6905bac7e,1379753848,42.316384,-93.820822,0,0.6158391,1
251760,2020-09-21 11:43:42,30487648872433,fraud_Roberts-Beahan,misc_pos,1255.67,Stephanie,Crane,F,144 Martinez Curve,Central,IN,47110,38.097,-86.1723,350,Counsellor,1955-01-05,5b216808cb47f6dcdef36f7420d78622,1379763822,37.203147,-86.775141,0,0.8223893,1
251793,2020-09-21 12:02:00,3566094707272327,fraud_Johnston-Casper,travel,16837.08,Kristina,Stewart,F,47029 Jimmy Tunnel Apt. 106,Newhall,CA,91321,34.3795,-118.523,34882,Health physicist,1971-04-25,ba246b12f894ab083706e72f9d90ad15,1379764920,35.111725,-118.128435,0,0.8784875,1
251813,2020-09-21 12:07:03,4259996134423,"fraud_Hartmann, Rowe and Hermann",travel,3069.16,Julie,Johnson,F,9331 Robert Passage Suite 327,Hudson,KS,67545,38.1485,-98.6408,215,Probation officer,1968-11-22,5bafee945fd947bd2fc70a9cae24608e,1379765223,37.262017,-98.315127,0,0.8580061,1
252114,2020-09-21 14:08:57,2296006538441789,"fraud_Parisian, Schiller and Altenwerth",misc_net,748.42,Judy,Hogan,F,4970 Michelle Burgs,Brooklyn,NY,11217,40.6816,-73.9798,2504700,Medical sales representative,1999-09-01,990e0a5a0d66233b65a16eb1e9f4b9d1,1379772537,40.532877,-74.809162,0,0.6617381,1
252609,2020-09-21 17:15:15,4981132848794,fraud_Veum-Koelpin,travel,1507.32,Joseph,Spencer,M,7854 Stephanie Island Suite 788,Holloway,OH,43985,40.0113,-80.9701,128,Child psychotherapist,1946-04-03,b2e56f63dbb0085b5cd9c624a4ce5a0d,1379783715,39.263913,-80.107504,0,0.77808887,1
253203,2020-09-21 21:07:37,30044330818990,fraud_Turcotte-Halvorson,misc_pos,680.68,Allison,Ayala,F,87665 Karen Mill Apt. 586,Fort Myers,FL,33967,26.4722,-81.8122,224256,Paramedic,1985-08-29,b36d760bed510a6224baa1a4b4fd8cff,1379797657,26.427384000000004,-81.086174,0,0.85627186,1
253245,2020-09-21 21:23:32,4951647200979051,"fraud_Nienow, Ankunding and Collier",misc_pos,494.21,Kimberly,Miller,F,75533 Tamara Valleys,Logan,IL,62856,37.9943,-88.9417,324,"Scientist, research (physical sciences)",1976-06-15,a2ab23c1e1b10e9a77c32e0be7995d01,1379798612,38.393428,-87.949105,0,0.6370818,1
253422,2020-09-21 22:21:47,4514242065619750,fraud_Kozey-Boehm,shopping_net,1074.47,Janet,Carpenter,F,9870 Collins Flat,Laramie,WY,82072,41.4247,-105.4781,35371,"Pilot, airline",1988-09-02,729b4bbe70d8be775d27c731bfe7428e,1379802107,41.109386,-106.265422,0,0.92786103,1
253589,2020-09-21 23:23:30,4908846471916297,fraud_Jast Ltd,shopping_net,752.66,Lauren,Torres,F,03030 White Lakes,Grandview,TX,76050,32.2779,-97.2351,5875,"Radiographer, therapeutic",1992-07-24,26288262a22638eb307e4a76a78d4749,1379805810,32.605894,-97.6007,0,0.5056579,1
253677,2020-09-21 23:53:27,3583793405872580,fraud_Jewess LLC,shopping_pos,1390.11,Beth,Lambert,F,6447 Johnson Estates Apt. 986,Roosevelt,OK,73564,34.847,-98.9836,551,Amenity horticulturist,1970-09-27,4382f2772e1d46a950a273894da536ba,1379807607,35.841745,-99.480672,0,0.96246177,1
253678,2020-09-21 23:53:39,583699482621,fraud_Block-Hauck,travel,1056.16,Jennifer,Jones,F,5572 Kelly Plains Apt. 952,Waupaca,WI,54981,44.3481,-89.1101,15426,"Engineer, civil (contracting)",1936-07-22,bec9e32da4d105d18ad461d871de795f,1379807619,43.374935,-89.279816,0,0.8502647,1
253974,2020-09-22 02:48:21,6011724471098086,fraud_Mante Group,misc_net,536.82,Ann,Lawson,F,144 Evans Islands Apt. 683,Burbank,WA,99323,46.1966,-118.9017,3684,Musician,1981-11-29,fe65be508d83d26f586f13275abfc1c8,1379818101,46.122595,-118.416372,0,0.70241755,1
254037,2020-09-22 03:24:45,4792627764422477317,fraud_Klocko LLC,misc_net,818.76,Margaret,Mendez,F,7952 Karen Pike,De Soto,KS,66018,38.9462,-94.9714,5760,Chief Executive Officer,1978-10-01,a7f1cc5d895f1a71c9ed25b92e4de4c9,1379820285,39.444587,-94.498052,0,0.7654955,1
254168,2020-09-22 04:43:29,180067151859700,"fraud_Moore, Dibbert and Koepp",misc_net,696.22,Karen,Ryan,F,82468 Michelle Village Suite 556,Joliet,IL,60432,41.5378,-88.0572,128354,"Teacher, secondary school",1992-01-20,d12d7784a905d777528a2f01d6aebfaa,1379825009,42.059782,-87.675465,0,0.7618876,1
254513,2020-09-22 08:05:50,3567879740649740,fraud_Donnelly PLC,misc_net,642.0,Tanya,Williams,F,566 Megan Well,Brownville,NY,13615,44.0577,-76.0196,1271,"Producer, radio",1958-08-14,6e4c8d4e892615d032832e353c7c9adf,1379837150,43.306398,-75.418713,0,0.71574545,1
254580,2020-09-22 08:51:54,2657850734909997,"fraud_Tillman, Fritsch and Schmitt",misc_net,640.38,Alan,Howard,M,04139 Johnson Prairie Suite 401,Detroit,MI,48206,42.3749,-83.1087,673342,Trading standards officer,1946-11-01,2a097115cd015bff21b7ebbe8f39c58b,1379839914,42.017054,-83.579578,0,0.87358767,1
254587,2020-09-22 08:55:10,6526777409109795,fraud_Boyer-Reichert,shopping_net,1411.18,Michael,Garner,M,0157 Samuel Mission Suite 379,South Richmond Hill,NY,11419,40.6868,-73.82300000000001,47211,Site engineer,1937-02-01,c72298f2b4b251e958da58a7c56f4d8d,1379840110,40.502978000000006,-73.158394,0,0.81620294,1
254837,2020-09-22 11:23:29,4488258847705225890,fraud_Boyer PLC,misc_pos,706.12,Jessica,Shaw,F,5745 Blair Locks,West Columbia,SC,29170,33.9568,-81.1405,52126,Chemical engineer,1929-08-23,d671a66446e30a509ac83d762d0d094b,1379849009,34.053622999999995,-81.835563,0,0.8821271,1
254855,2020-09-22 11:34:57,2657850734909997,"fraud_Baumbach, Strosin and Nicolas",shopping_pos,923.49,Alan,Howard,M,04139 Johnson Prairie Suite 401,Detroit,MI,48206,42.3749,-83.1087,673342,Trading standards officer,1946-11-01,4d1f4a668a36dd98d273421d68544c27,1379849697,41.775458,-82.858006,0,0.6669305,1
255113,2020-09-22 13:24:47,4810789809665942990,fraud_Barrows PLC,shopping_pos,1355.68,Julie,Sanchez,F,916 Charles Road,Bowersville,OH,45307,39.5756,-83.7153,338,Quantity surveyor,1988-07-28,68ac592fa7578c30545cd9fbd2f9e1d4,1379856287,39.152754,-84.67469100000001,0,0.7742789,1
255128,2020-09-22 13:31:11,676372984911,fraud_Hermann and Sons,shopping_pos,1427.01,Vicki,Mendoza,F,3645 Atkins Island Apt. 238,Esbon,KS,66941,39.7562,-98.4462,242,Tourism officer,1987-07-18,97cb90f5a92fa1b9c1f70f3aca7381a9,1379856671,38.981393,-98.779665,0,0.8060255,1
255241,2020-09-22 14:12:47,30234966027947,fraud_Simonis-Prohaska,misc_pos,776.38,Matthew,Lambert,M,7188 Melissa Crest Apt. 151,New Holstein,WI,53061,43.9446,-88.0911,5196,Child psychotherapist,1978-01-22,d7990305a43c76b7a4c5d4a861aa0ac6,1379859167,44.09551,-87.808729,0,0.6940218,1
255267,2020-09-22 14:22:40,4379260813815979609,"fraud_Ruecker, Beer and Collier",shopping_net,1582.33,Thomas,Jenkins,M,93914 Gregory Via,Oakland,CA,94619,37.7878,-122.1884,381459,Barista,1974-01-03,bd99ec4ac9f9958ff9403e00c3a96491,1379859760,38.077173,-121.502543,0,0.83294415,1
255297,2020-09-22 14:35:29,4170689372027579,fraud_Bashirian Group,shopping_net,1117.27,Samuel,Frey,M,830 Myers Plaza Apt. 384,Edmond,OK,73034,35.6665,-97.4798,116001,Media buyer,1993-05-10,f425b53d73acfaa503ce609828ad859e,1379860529,35.043195000000004,-97.20962,1,0.65716755,1
256126,2020-09-22 20:20:53,4450831335606294,fraud_Goyette-Herzog,travel,4673.39,Donna,Davis,F,6760 Donovan Lakes,Clayton,OK,74536,34.5906,-95.38,1760,Occupational psychologist,1972-01-20,2b0333686165169d82ad913e8ce710c4,1379881253,35.327404,-96.051282,0,0.91383034,1
256150,2020-09-22 20:29:11,4400011257587661852,fraud_Wiza LLC,misc_pos,599.47,Marissa,Powell,F,474 Allen Haven,North Loup,NE,68859,41.4972,-98.7858,509,"Nurse, children's",1980-09-15,cf4a4660101f7b7898371c9c9646335b,1379881751,42.117853,-98.106381,0,0.7747398,1
256284,2020-09-22 21:20:29,4170689372027579,fraud_Kuhn LLC,misc_net,774.22,Samuel,Frey,M,830 Myers Plaza Apt. 384,Edmond,OK,73034,35.6665,-97.4798,116001,Media buyer,1993-05-10,d580d0784795feeb5db7e2b25f77630e,1379884829,35.900846,-97.308735,1,0.9599727,1
256470,2020-09-22 22:20:31,375082648741747,"fraud_Rohan, White and Aufderhar",misc_net,439.92,Shannon,Bell,F,2918 David Spurs,Georgetown,MN,56546,47.0999,-96.727,346,"Research officer, trade union",1976-12-14,14de97de920ec5b1966833fa02c86f51,1379888431,47.78387,-96.909459,0,0.96490276,1
256535,2020-09-22 22:39:18,60487002085,fraud_Kuhic LLC,shopping_net,995.97,David,White,M,66234 Hall Lock Suite 758,Jackson,MS,39211,32.3739,-90.1293,233060,"Horticulturist, commercial",1972-08-15,b1fe651e13056a1cd16bc231cdcbfdab,1379889558,33.1926,-89.908567,1,0.9578851,1
256612,2020-09-22 23:10:08,60487002085,fraud_Schmidt and Sons,shopping_net,1062.66,David,White,M,66234 Hall Lock Suite 758,Jackson,MS,39211,32.3739,-90.1293,233060,"Horticulturist, commercial",1972-08-15,bf12012b33adb9dd3f6ae3607c06f3b7,1379891408,31.426241,-90.281855,1,0.96965706,1
256626,2020-09-22 23:13:35,4170689372027579,"fraud_Welch, Rath and Koepp",entertainment,467.84,Samuel,Frey,M,830 Myers Plaza Apt. 384,Edmond,OK,73034,35.6665,-97.4798,116001,Media buyer,1993-05-10,658273c7693593c31ba6fb00d00bfae8,1379891615,36.379999,-97.934141,1,0.57139635,1
256631,2020-09-22 23:14:35,4170689372027579,"fraud_Hayes, Marquardt and Dibbert",misc_net,828.4,Samuel,Frey,M,830 Myers Plaza Apt. 384,Edmond,OK,73034,35.6665,-97.4798,116001,Media buyer,1993-05-10,8426fbdee0b7c8dd0d4f351ff46e17c0,1379891675,36.138233,-96.798634,1,0.98286414,1
256714,2020-09-22 23:47:50,60487002085,fraud_Kassulke PLC,shopping_net,1113.08,David,White,M,66234 Hall Lock Suite 758,Jackson,MS,39211,32.3739,-90.1293,233060,"Horticulturist, commercial",1972-08-15,fa7d8e9ced90cda4144eb3b47beacc4e,1379893670,33.028446,-90.258039,1,0.9754774,1
256888,2020-09-23 02:56:25,60487002085,fraud_McGlynn-Heathcote,misc_net,740.62,David,White,M,66234 Hall Lock Suite 758,Jackson,MS,39211,32.3739,-90.1293,233060,"Horticulturist, commercial",1972-08-15,cb6f813488269ee242718106acaca019,1379904985,31.974365,-89.920354,1,0.7828333,1
257102,2020-09-23 07:26:21,4561546772499,fraud_Flatley-Durgan,misc_net,2116.76,Daniel,Briggs,M,7118 Jessica Unions Apt. 789,Moriarty,NM,87035,34.9889,-106.0609,7268,"Therapist, art",1988-08-04,38b4db8b62d6f9bce27338030a9194a4,1379921181,34.740325,-105.077538,0,0.73091024,1
257551,2020-09-23 15:07:49,30407675418785,fraud_Gutmann-Upton,misc_pos,1222.33,Danielle,Evans,F,76752 David Lodge Apt. 064,Breesport,NY,14816,42.1939,-76.7361,520,Psychotherapist,1991-10-13,ef5960c6f329c15f0bf8bd816d28454f,1379948869,42.928922,-77.09455,0,0.8831135,1
257840,2020-09-23 18:55:13,4653879239169997,fraud_Pacocha-Bauch,shopping_pos,1173.04,Monica,Tucker,F,302 Christina Islands,Smiths Grove,KY,42171,37.0581,-86.1938,6841,"Therapist, sports",1999-06-06,5e8e1c9c2b2d150ba1e52f3bbeb1d4b6,1379962513,36.542296,-87.11492,0,0.76937735,1
258083,2020-09-23 22:03:34,60487002085,fraud_Volkman-Predovic,shopping_net,1057.35,David,White,M,66234 Hall Lock Suite 758,Jackson,MS,39211,32.3739,-90.1293,233060,"Horticulturist, commercial",1972-08-15,8fb4a94b1016de03a7e9d475f0070673,1379973814,32.205139,-90.731305,1,0.9735931,1
258088,2020-09-23 22:09:27,586100864972,"fraud_Rodriguez, Yost and Jenkins",misc_net,737.94,Patrick,Bates,M,4481 Maldonado Hollow,Kirkwood,NY,13795,42.0695,-75.7967,3800,Advertising account executive,1968-07-06,71695d04e743d9f0b5798dee0de99f6f,1379974167,41.150118,-75.000364,1,0.9925488,1
258100,2020-09-23 22:16:16,586100864972,"fraud_Nitzsche, Kessler and Wolff",shopping_pos,1090.31,Patrick,Bates,M,4481 Maldonado Hollow,Kirkwood,NY,13795,42.0695,-75.7967,3800,Advertising account executive,1968-07-06,ef4117135634b64963f0c18e9d9d60b6,1379974576,41.145569,-75.704756,1,0.9736701,1
258104,2020-09-23 22:20:54,3565423334076143,"fraud_Hahn, Douglas and Schowalter",travel,4308.22,Nathan,Thomas,M,4923 Campbell Pines Suite 717,Carlisle,IN,47838,38.9763,-87.3667,4081,Energy engineer,1938-03-15,2330beafe0194f428f5e3c32711395d2,1379974854,38.618547,-88.00797299999999,0,0.9539562,1
258170,2020-09-23 23:06:25,3518234918950662,fraud_Pacocha-Bauch,shopping_pos,737.34,Barbara,Lowe,F,67210 Lori Creek,Sherman,TX,75092,33.6372,-96.6184,46563,Systems developer,1970-09-11,e5254853cf80ebfa1b248470b6f46a81,1379977585,33.942195,-96.598263,0,0.83029824,1
258178,2020-09-23 23:11:29,586100864972,fraud_Kuhic LLC,shopping_net,966.79,Patrick,Bates,M,4481 Maldonado Hollow,Kirkwood,NY,13795,42.0695,-75.7967,3800,Advertising account executive,1968-07-06,953042aeb138dedda55fc5fc3767bd1c,1379977889,41.946847,-74.95278,1,0.98535943,1
258200,2020-09-23 23:31:05,586100864972,"fraud_Stehr, Jewess and Schimmel",misc_net,852.95,Patrick,Bates,M,4481 Maldonado Hollow,Kirkwood,NY,13795,42.0695,-75.7967,3800,Advertising account executive,1968-07-06,46e04abee75ae5063ae987c2e9c2659b,1379979065,41.275619,-75.879368,1,0.9939027,1
258234,2020-09-23 23:54:08,30270432095985,fraud_Kris-Padberg,shopping_pos,1083.04,Lisa,Lin,F,908 Brooks Brook,Lomax,IL,61454,40.6761,-91.0391,725,Environmental consultant,1972-11-28,c98e747667217c7b3c777f1de57552b9,1379980448,41.459806,-91.543203,1,0.9617796,1
258237,2020-09-23 23:56:13,586100864972,"fraud_Rodriguez, Yost and Jenkins",misc_net,820.97,Patrick,Bates,M,4481 Maldonado Hollow,Kirkwood,NY,13795,42.0695,-75.7967,3800,Advertising account executive,1968-07-06,d3001af82b680e9f0fd7b9e9ed9931e2,1379980573,41.47287,-74.880759,1,0.9938461,1
258241,2020-09-23 23:57:14,586100864972,"fraud_Baumbach, Hodkiewicz and Walsh",shopping_pos,991.0,Patrick,Bates,M,4481 Maldonado Hollow,Kirkwood,NY,13795,42.0695,-75.7967,3800,Advertising account executive,1968-07-06,dea1fa89d6e883f3ec597efed4010b06,1379980634,41.802211,-75.655383,1,0.98957133,1
258249,2020-09-24 00:07:53,676369110710,fraud_Corwin-Gorczany,misc_net,808.71,David,Wolfe,M,81261 Garcia Underpass Suite 741,Southfield,MI,48034,42.4969,-83.2911,75830,"Engineer, automotive",1974-12-28,e198fc32467c0f4a61ff6fe6c030d38b,1379981273,42.823043,-82.305778,1,0.789371,1
258250,2020-09-24 00:10:32,676369110710,fraud_O'Keefe-Hudson,grocery_pos,301.37,David,Wolfe,M,81261 Garcia Underpass Suite 741,Southfield,MI,48034,42.4969,-83.2911,75830,"Engineer, automotive",1974-12-28,506d96b33a585f7b79ff6d0ffb9c57cd,1379981432,42.516215,-83.93019699999999,1,0.57815343,1
258299,2020-09-24 01:08:52,30270432095985,"fraud_Labadie, Treutel and Bode",shopping_net,1004.38,Lisa,Lin,F,908 Brooks Brook,Lomax,IL,61454,40.6761,-91.0391,725,Environmental consultant,1972-11-28,5cc792fddcf3fa7401ab5cf43cd18d28,1379984932,40.862011,-90.144127,1,0.55422,1
258307,2020-09-24 01:14:37,4427805710168,fraud_Kerluke Inc,misc_net,809.83,Michelle,Rodriguez,F,1742 Brandon Squares Apt. 461,Ruidoso,NM,88355,33.3305,-105.6933,8874,Licensed conveyancer,2000-08-16,f442042f8f14ec7cd9d5fddece9b75b2,1379985277,32.842035,-104.904134,1,0.76391,1
258352,2020-09-24 01:58:52,4066595222529,"fraud_Rohan, White and Aufderhar",misc_net,496.39,Jamie,Olson,F,3423 Michael Canyon Suite 276,River,KY,41254,37.8795,-82.7251,571,Quarry manager,1931-03-07,a7a40fdf43d84b3f6bb8f58ce1076f91,1379987932,36.924991,-83.061829,0,0.72209716,1
258431,2020-09-24 03:17:31,676369110710,"fraud_Rippin, Kub and Mann",misc_net,726.23,David,Wolfe,M,81261 Garcia Underpass Suite 741,Southfield,MI,48034,42.4969,-83.2911,75830,"Engineer, automotive",1974-12-28,3af958498705961fe7e0c3f4c6ce883f,1379992651,41.504416,-83.294529,1,0.7726595,1
258566,2020-09-24 05:50:54,4836998673805450,fraud_Zemlak Group,misc_net,589.25,Susan,Hardy,F,516 Brown Parks,Manistique,MI,49854,46.0062,-86.2555,6469,Trade mark attorney,1979-04-12,3d78f3c58d43456837b6f08dc0a7e3c6,1380001854,45.279038,-85.812445,0,0.7410396,1
258665,2020-09-24 07:54:36,6011348830550197,fraud_Schmitt Ltd,misc_net,505.44,Samuel,Johnston,M,16285 Jessica Lights,Birmingham,AL,35229,33.4629,-86.7904,493806,Musician,1980-07-12,fe580b1c01baf8e2f48a33fdd2eb9579,1380009276,32.557887,-86.901747,0,0.5030425,1
258990,2020-09-24 13:10:15,586100864972,"fraud_Romaguera, Cruickshank and Greenholt",shopping_net,1135.26,Patrick,Bates,M,4481 Maldonado Hollow,Kirkwood,NY,13795,42.0695,-75.7967,3800,Advertising account executive,1968-07-06,f0b9d348563e2421ad482aacc6d1ed0c,1380028215,42.370634,-75.887362,1,0.5816321,1
259192,2020-09-24 15:14:18,30235268718158,fraud_Fisher Inc,shopping_net,3678.39,Kenneth,Doyle,M,8614 Reed Glen,West Harrison,NY,10604,41.0592,-73.7395,11250,Lexicographer,1977-08-16,3eb5b1a11cc5483629005001c96b2b32,1380035658,41.870317,-73.082328,0,0.9161363,1
259499,2020-09-24 18:57:51,4536996888716062123,fraud_Lemke-Gutmann,shopping_net,1450.9,Nathan,Mendoza,M,767 Adam Mill Apt. 115,Espanola,NM,87533,35.9866,-106.0654,18408,Historic buildings inspector/conservation officer,1972-07-18,5e00a941f474ccd69d785faa180466aa,1380049071,36.178948,-106.928358,0,0.9239815,1
259630,2020-09-24 20:23:08,4933461930348832,fraud_Pagac LLC,shopping_pos,689.84,Richard,Carter,M,5097 Martin Ridges,Minneapolis,MN,55403,44.9673,-93.2828,1022298,Chemical engineer,1976-09-29,f848a0173cac62f5104172162c8f656c,1380054188,45.381805,-93.67894,0,0.8256556,1
259650,2020-09-24 20:42:45,213186334552049,"fraud_Monahan, Hermann and Johns",travel,1440.79,Andrea,Perkins,F,37426 Olson Villages,Irvine,PA,16329,41.8117,-79.2643,528,Chief Marketing Officer,1972-09-13,b515e6734aed09b0f1d70e89267c54e2,1380055365,42.471251,-79.826819,0,0.7691721,1
259802,2020-09-24 22:37:44,30270432095985,fraud_Morissette PLC,shopping_pos,1052.9,Lisa,Lin,F,908 Brooks Brook,Lomax,IL,61454,40.6761,-91.0391,725,Environmental consultant,1972-11-28,81fcbc2c6dc202658afa67dfb5a54986,1380062264,41.419683,-91.67608,1,0.9639875,1
259804,2020-09-24 22:38:50,586100864972,fraud_Durgan-Auer,misc_net,963.78,Patrick,Bates,M,4481 Maldonado Hollow,Kirkwood,NY,13795,42.0695,-75.7967,3800,Advertising account executive,1968-07-06,e10b0891f268be24032e0b8ccd1b00bb,1380062330,41.32555,-75.444386,1,0.99302775,1
259810,2020-09-24 22:42:18,4427805710168,fraud_Gleason-Macejkovic,shopping_net,914.35,Michelle,Rodriguez,F,1742 Brandon Squares Apt. 461,Ruidoso,NM,88355,33.3305,-105.6933,8874,Licensed conveyancer,2000-08-16,1b0e73c664a05a9be0bbfb30ec4005bc,1380062538,34.314129,-105.531025,1,0.6560548,1
259812,2020-09-24 22:43:25,586100864972,fraud_Hickle Group,shopping_pos,1064.72,Patrick,Bates,M,4481 Maldonado Hollow,Kirkwood,NY,13795,42.0695,-75.7967,3800,Advertising account executive,1968-07-06,b2e829d19c5e9159ae748985cd8e9e02,1380062605,41.609997,-75.746714,1,0.98855305,1
259834,2020-09-24 22:59:50,586100864972,fraud_Kuhn LLC,misc_net,836.83,Patrick,Bates,M,4481 Maldonado Hollow,Kirkwood,NY,13795,42.0695,-75.7967,3800,Advertising account executive,1968-07-06,5974b3b4b4cb810570506dee3bcc0f43,1380063590,42.347743,-75.748297,1,0.9914493,1
259889,2020-09-24 23:37:08,676369110710,"fraud_Okuneva, Schneider and Rau",shopping_pos,834.99,David,Wolfe,M,81261 Garcia Underpass Suite 741,Southfield,MI,48034,42.4969,-83.2911,75830,"Engineer, automotive",1974-12-28,f268aae88de81dbd78e18cd19bb08e27,1380065828,41.81706,-82.617486,1,0.91714853,1
259900,2020-09-24 23:39:49,676369110710,fraud_Pagac LLC,shopping_pos,875.14,David,Wolfe,M,81261 Garcia Underpass Suite 741,Southfield,MI,48034,42.4969,-83.2911,75830,"Engineer, automotive",1974-12-28,e426c61a701ffa11aa36bd861b54d33f,1380065989,43.192062,-82.30609100000001,1,0.95609933,1
259904,2020-09-24 23:41:32,3577578023716568,fraud_Lemke-Gutmann,shopping_net,509.82,Debbie,Hughes,F,0182 Owens Burgs Suite 480,Diamond,OH,44412,41.0935,-81.0425,2644,"Engineer, biomedical",1983-08-25,ef30067814d82575c568d081c7e0f460,1380066092,40.901637,-81.928081,0,0.5942303,1
259926,2020-09-24 23:57:45,676369110710,fraud_Pacocha-Bauch,shopping_pos,672.95,David,Wolfe,M,81261 Garcia Underpass Suite 741,Southfield,MI,48034,42.4969,-83.2911,75830,"Engineer, automotive",1974-12-28,4984fae955e0f7a5c5401d715e0ac648,1380067065,41.804918,-82.308767,1,0.84935707,1
260176,2020-09-25 03:44:08,4646845581490336108,fraud_Dibbert-Green,entertainment,479.52,Julia,Bell,F,576 House Crossroad,West Sayville,NY,11796,40.732,-73.1,4056,Film/video editor,1990-06-25,40ef48d02e6687785083eb31fe87004a,1380080648,40.797655,-73.33613000000001,1,0.7005033,1
260720,2020-09-25 12:22:19,4169759661243568,"fraud_Baumbach, Strosin and Nicolas",shopping_pos,1428.47,Jamie,Carr,F,55363 Aaron Circle Suite 450,Lawn,PA,17041,40.2236,-76.538,213,Special educational needs teacher,1972-02-15,1c0f854fe1d2c72256f7e7b1bb8ffa6c,1380111739,40.146094,-76.94319499999999,0,0.8103219,1
260727,2020-09-25 12:25:34,4810839835482794272,"fraud_Mosciski, Ziemann and Farrell",shopping_net,2489.07,Carolyn,Perez,F,433 Blake Roads Suite 967,Wheaton,MO,64874,36.7651,-94.0492,760,Production manager,1985-08-31,c7e715d74a561c75ad85939d0a2ab88a,1380111934,37.586226,-93.7159,0,0.84245926,1
260788,2020-09-25 13:00:01,372509258176510,fraud_Kozey-Boehm,shopping_net,993.42,Kristen,Hanson,F,26544 Andrea Glen,Goodrich,MI,48438,42.9147,-83.4845,6951,Learning disability nurse,1985-06-18,5cc54f30d18dc198a75e03082a0f2ab1,1380114001,43.415316,-83.539519,0,0.6899888,1
260986,2020-09-25 14:57:01,30234966027947,fraud_Jacobi and Sons,shopping_pos,2716.23,Matthew,Lambert,M,7188 Melissa Crest Apt. 151,New Holstein,WI,53061,43.9446,-88.0911,5196,Child psychotherapist,1978-01-22,47952d8e5240f314e89885599cc5f0b9,1380121021,44.370942,-88.264802,0,0.8891352,1
261374,2020-09-25 19:04:42,4476840372112,fraud_Pagac LLC,shopping_pos,861.0,Steven,Walters,M,3206 Hall Divide Suite 282,Woodville,AL,35776,34.6689,-86.2296,3395,"Editor, commissioning",1979-01-21,3489dd5d71bfe6e5f312fbbf1181b446,1380135882,34.346779,-86.000562,0,0.6047715,1
261604,2020-09-25 21:36:47,5359543825610251,fraud_Mosciski Group,travel,8517.38,Michael,Francis,M,1833 Jeanette Stravenue,Belgrade,MT,59714,45.7801,-111.1439,18182,"Engineer, drilling",1975-06-29,e5b4abde3491493d1d9897b24cba9c58,1380145007,45.534538,-111.433653,0,0.9107469,1
261639,2020-09-25 22:05:30,2286236465059468,fraud_Koelpin and Sons,misc_net,851.6,Morgan,Murray,F,2788 Brittney Island,Blairstown,MO,64726,38.5319,-93.9221,467,Agricultural consultant,1950-05-27,35ecc36099e5601df28882ad0054edda,1380146730,39.199666,-93.167642,1,0.99208987,1
261643,2020-09-25 22:09:30,2286236465059468,fraud_Hills-Witting,shopping_net,911.81,Morgan,Murray,F,2788 Brittney Island,Blairstown,MO,64726,38.5319,-93.9221,467,Agricultural consultant,1950-05-27,0622633ab12ee824b47b2d682ca9c1a4,1380146970,38.307229,-94.022198,1,0.9805802,1
261717,2020-09-25 22:55:17,4427805710168,"fraud_Mosciski, Ziemann and Farrell",shopping_net,966.17,Michelle,Rodriguez,F,1742 Brandon Squares Apt. 461,Ruidoso,NM,88355,33.3305,-105.6933,8874,Licensed conveyancer,2000-08-16,7561e349e89afaa612d7002e90c9c688,1380149717,32.991018,-105.458003,1,0.7422714,1
261766,2020-09-25 23:28:52,2286236465059468,fraud_Reichel Inc,entertainment,620.39,Morgan,Murray,F,2788 Brittney Island,Blairstown,MO,64726,38.5319,-93.9221,467,Agricultural consultant,1950-05-27,62a9e31409f5bfa619ada26b84810bb8,1380151732,38.908889,-93.038175,1,0.9903197,1
261788,2020-09-25 23:47:41,4427805710168,fraud_Boyer-Reichert,shopping_net,1008.56,Michelle,Rodriguez,F,1742 Brandon Squares Apt. 461,Ruidoso,NM,88355,33.3305,-105.6933,8874,Licensed conveyancer,2000-08-16,a7d77cb2f23c8a534c055a6e7b08ae01,1380152861,33.290521000000005,-106.014594,1,0.8191073,1
261814,2020-09-26 00:08:59,4646845581490336108,"fraud_Greenholt, O'Hara and Balistreri",shopping_net,1115.73,Julia,Bell,F,576 House Crossroad,West Sayville,NY,11796,40.732,-73.1,4056,Film/video editor,1990-06-25,fc49a7cb659e1ccabafb61d7715d05d5,1380154139,41.148416,-72.937737,1,0.6795275,1
261865,2020-09-26 00:54:19,4319584480204988982,fraud_Predovic Inc,shopping_net,1124.49,Kathleen,Nash,F,010 Salazar Walk,Cromona,KY,41810,37.1788,-82.695,502,Chief Financial Officer,1960-02-01,278650ea3f3abf729af5ad20bff757b5,1380156859,37.52513,-82.600062,0,0.515509,1
262179,2020-09-26 05:58:14,345389171551808,fraud_Ruecker Group,misc_net,675.91,Justin,Fowler,M,5569 Phillips Neck Apt. 003,Coffeeville,MS,38922,33.9215,-89.6782,3451,Financial trader,1984-05-19,7c2f43065f0a8b54b8a2b68372b4f26f,1380175094,34.322932,-89.76181899999999,0,0.57894087,1
262945,2020-09-26 16:01:46,6011348830550197,fraud_Block-Hauck,travel,1627.79,Samuel,Johnston,M,16285 Jessica Lights,Birmingham,AL,35229,33.4629,-86.7904,493806,Musician,1980-07-12,dd8778bf09da118a473ce1cbd76e3de9,1380211306,33.723684000000006,-87.356837,0,0.81080145,1
262972,2020-09-26 16:20:19,213178765398315,fraud_Kihn Inc,shopping_pos,1264.7,Alan,Colon,M,748 Bryan Fields Suite 935,Riverton,WY,82501,43.0351,-108.2024,19408,"Lecturer, higher education",1993-09-11,ae5fa840274dbaa5613a71d7613f2e63,1380212419,43.23534,-107.225073,0,0.8716018,1
263075,2020-09-26 17:27:45,4089096483689733451,"fraud_Baumbach, Strosin and Nicolas",shopping_pos,1247.76,Debra,Stark,F,686 Linda Rest,Kilgore,TX,75662,32.3836,-94.8653,24536,Multimedia programmer,1983-10-14,b51ec602d390850c61b17d643a95e0c6,1380216465,32.014831,-95.813454,0,0.83821774,1
263082,2020-09-26 17:33:54,571314334723,"fraud_Moore, Dibbert and Koepp",misc_net,890.5,Lori,Mclean,F,4548 Werner Wells Apt. 441,Mc Clellandtown,PA,15458,39.8882,-79.8694,2379,"Sales professional, IT",1971-01-19,be59adaad4062425fab7a3555dd085b9,1380216834,39.777513,-79.40231899999999,0,0.9782834,1
263266,2020-09-26 19:30:30,3545109339866548,"fraud_Kihn, Abernathy and Douglas",shopping_net,2073.66,Keith,Sanders,M,8030 Beck Motorway,Moorhead,MS,38761,33.4783,-90.5142,2870,Chartered public finance accountant,1999-03-05,400be6dd448bc2b94dbee56feba94729,1380223830,32.656396,-91.208803,0,0.90567654,1
263727,2020-09-27 00:19:25,6593939509150446,fraud_Volkman Ltd,misc_net,771.44,Margaret,Ward,F,244 Jeffery Rapids,Azusa,CA,91702,34.1248,-117.9031,59705,Civil Service fast streamer,1983-06-23,72ce0648a4ef269a9e9c73f38323054a,1380241165,34.529426,-117.690785,1,0.7503029,1
263802,2020-09-27 01:16:23,4904681492230012,fraud_Huel Ltd,misc_net,802.33,Lisa,Lowe,F,574 David Locks Suite 207,Cottekill,NY,12419,41.8467,-74.1038,722,Comptroller,1990-10-19,57a31188c8462698ca144f6a5d4439d2,1380244583,40.911605,-74.55291,0,0.82198924,1
263861,2020-09-27 02:02:52,4989847570577635369,fraud_Schmitt Ltd,misc_net,703.62,Vanessa,Anderson,F,21178 Brittney Locks,Prosperity,SC,29127,34.1832,-81.5324,8333,Archaeologist,1994-07-09,fd7b5f56e8bb3801f0af48739c75a8be,1380247372,33.566722,-81.704392,0,0.7669766,1
263900,2020-09-27 02:23:34,4377338765909719,fraud_Koelpin and Sons,misc_net,705.34,Nicholas,Mcmahon,M,2123 Jonathan Falls Suite 753,Heiskell,TN,37754,36.115,-84.0438,4729,"Geologist, wellsite",1982-04-19,633070f9b197496893d40c4492bc929c,1380248614,36.983702,-83.454207,0,0.7689548,1
263934,2020-09-27 02:46:46,30175986190993,fraud_Beier-Hyatt,shopping_pos,1329.49,Rebecca,Butler,F,0665 Lisa Alley,Winger,MN,56592,47.5375,-95.9941,516,Applications developer,1966-06-07,00d8c185830b7a8588845f5599e03a42,1380250006,47.334499,-95.834997,0,0.521426,1
264067,2020-09-27 04:04:04,4512828414983801773,fraud_Brown PLC,misc_net,831.67,Monica,Cohen,F,864 Reynolds Plains,Uledi,PA,15484,39.8936,-79.7856,328,Tree surgeon,1983-07-25,d7340a00733b0d99c092fdb38d334166,1380254644,39.543047,-78.820495,0,0.7436493,1
264811,2020-09-27 12:09:22,180036456789979,fraud_Balistreri-Nader,misc_pos,1234.56,Mackenzie,Salazar,F,982 Melissa Lock,Bagley,WI,53801,42.9207,-91.0685,878,Risk analyst,1974-11-20,11c5e231961a6b8450933e0f6dd3d338,1380283762,42.328005,-90.952876,0,0.82228875,1
264844,2020-09-27 12:25:41,3501942333500073,"fraud_Baumbach, Strosin and Nicolas",shopping_pos,7320.86,Lori,Bishop,F,08056 Alvarado Club Suite 699,Phoenix,AZ,85086,33.8155,-112.1202,1312922,Counselling psychologist,1999-11-30,02cd6e12ecc0d6e2b53fdecd04acd97a,1380284741,34.239885,-111.975148,0,0.86388797,1
265156,2020-09-27 14:40:53,346243940647414,fraud_Block-Hauck,travel,3541.74,Sean,Miller,M,6340 Jeffrey Dale,Thornville,OH,43076,39.8974,-82.4071,9051,Audiological scientist,1983-01-08,481f363676ae76905f130e66393eb22e,1380292853,40.119023,-82.304879,0,0.88043123,1
265239,2020-09-27 15:21:11,6011367958204270,fraud_Predovic Inc,shopping_net,1234.1,Tammy,Ayers,F,1652 James Mews,Hinckley,OH,44233,41.2419,-81.7453,7646,Medical sales representative,1988-09-15,3be64647a5773108e87d32648f236d0c,1380295271,41.270846,-80.759775,0,0.8552476,1
265486,2020-09-27 17:13:05,60495593109,"fraud_Romaguera, Cruickshank and Greenholt",shopping_net,987.0,Randall,Dillon,M,4440 George Mills Suite 591,Dallas,TX,75210,32.7699,-96.743,1263321,Television camera operator,1942-11-24,5de9b385d617f8dc870ffd741da1b11a,1380301985,32.477235,-97.481238,1,0.9870653,1
265569,2020-09-27 17:44:36,4173950183554608,fraud_Conroy Ltd,shopping_pos,5906.28,Stephen,Marshall,M,47144 Roberts Keys,Monmouth Beach,NJ,7750,40.333,-73.9809,3279,Health promotion specialist,1978-10-05,1ea766e8ccd54dbe15886000380420eb,1380303876,40.996932,-74.709321,0,0.9088721,1
265698,2020-09-27 18:45:07,3575540972310993,"fraud_Moore, Dibbert and Koepp",misc_net,644.83,Rachel,Villarreal,F,250 Carrie Throughway,University,MS,38677,34.3396,-89.5736,4198,Curator,2001-06-22,3d681d7c9b37a21c1cc2d812a3ee2451,1380307507,34.039318,-89.473074,0,0.53595185,1
265786,2020-09-27 19:23:08,6011348830550197,fraud_Lesch Ltd,shopping_pos,3700.85,Samuel,Johnston,M,16285 Jessica Lights,Birmingham,AL,35229,33.4629,-86.7904,493806,Musician,1980-07-12,6882d55a84d2f4754ef3b4f68f7010da,1380309788,33.569321,-87.338959,0,0.91747653,1
266160,2020-09-27 22:00:17,60495593109,fraud_Bogisich-Homenick,misc_net,906.85,Randall,Dillon,M,4440 George Mills Suite 591,Dallas,TX,75210,32.7699,-96.743,1263321,Television camera operator,1942-11-24,71f3dbed522945c07b7bf13e9b176b4f,1380319217,33.004383000000004,-96.482719,1,0.99302846,1
266177,2020-09-27 22:07:07,372965408103277,fraud_Boyer PLC,shopping_net,1203.92,Debbie,Robbins,F,53199 Laurie Mills Apt. 864,Kirtland,NM,87417,36.741,-108.351,6910,TEFL teacher,1956-02-02,c19d9ff39ca763aea03afb594c10a1f8,1380319627,37.458851,-108.29787,1,0.9901924,1
266186,2020-09-27 22:10:25,60495593109,fraud_Heaney-Marquardt,entertainment,334.92,Randall,Dillon,M,4440 George Mills Suite 591,Dallas,TX,75210,32.7699,-96.743,1263321,Television camera operator,1942-11-24,1750e0462fc82c08dcedc7335166ccc4,1380319825,32.074918,-97.041804,1,0.96555126,1
266280,2020-09-27 22:49:20,372965408103277,fraud_Bednar Group,misc_net,933.69,Debbie,Robbins,F,53199 Laurie Mills Apt. 864,Kirtland,NM,87417,36.741,-108.351,6910,TEFL teacher,1956-02-02,935749ba6db1aeb592945e2e64dae531,1380322160,36.680654,-108.804646,1,0.9928316,1
266285,2020-09-27 22:51:20,60495593109,fraud_Huel-Langworth,misc_net,1037.69,Randall,Dillon,M,4440 George Mills Suite 591,Dallas,TX,75210,32.7699,-96.743,1263321,Television camera operator,1942-11-24,ae1bd81d6ff773d9cd320c330fa1e447,1380322280,33.712763,-96.823124,1,0.9916613,1
266381,2020-09-27 23:30:47,372965408103277,"fraud_Tillman, Fritsch and Schmitt",misc_net,902.71,Debbie,Robbins,F,53199 Laurie Mills Apt. 864,Kirtland,NM,87417,36.741,-108.351,6910,TEFL teacher,1956-02-02,b7cbd2ca5d9b1a2083fea80070f3ddc2,1380324647,35.890994,-107.402644,1,0.99369144,1
266419,2020-09-27 23:45:00,372965408103277,fraud_Boyer-Reichert,shopping_net,997.8,Debbie,Robbins,F,53199 Laurie Mills Apt. 864,Kirtland,NM,87417,36.741,-108.351,6910,TEFL teacher,1956-02-02,60e10898e44f308bb9dd75128c25feda,1380325500,36.165768,-109.189883,1,0.9907357,1
266849,2020-09-28 03:31:02,2256234701263057,fraud_Kunde-Sanford,misc_net,654.61,Christopher,Grimes,M,39631 Dunn Radial,Grantham,NH,3753,43.5103,-72.1334,2971,Charity fundraiser,1948-04-11,eeceb2710ca3d7799c88f6b14570fba3,1380339062,43.079507,-71.752871,0,0.68056864,1
267094,2020-09-28 06:01:08,341546199006537,"fraud_Labadie, Treutel and Bode",shopping_net,1616.96,Mark,Brown,M,8580 Moore Cove,Wales,AK,99783,64.7556,-165.6723,145,"Administrator, education",1939-11-09,0dedb34363bc2f0f3cea31294eded451,1380348068,64.647029,-166.127372,0,0.6081197,1
267694,2020-09-28 11:55:14,2248348993063230,fraud_Kerluke Inc,misc_net,521.11,Jennifer,Scott,F,376 John Fork Suite 848,Randolph,OH,44265,41.0109,-81.2977,51,Mechanical engineer,1960-08-05,1a5d758b2451a21649a9f49af760fb48,1380369314,40.821141,-81.161904,0,0.5380347,1
267859,2020-09-28 12:50:29,4560395181594436016,fraud_Lemke and Sons,travel,3091.66,Angela,Taylor,F,6343 Ramirez Skyway Apt. 518,Lakeport,CA,95453,39.047,-122.9328,11256,Podiatrist,1972-10-18,665fdab44e546812a9fbbb46f969ea1c,1380372629,38.85964,-121.993637,0,0.8321525,1
267969,2020-09-28 13:35:55,3596357274378601,fraud_Tromp Group,travel,5373.72,David,Everett,M,4138 David Fall,Morrisdale,PA,16858,41.0001,-78.2357,3688,Advice worker,1973-05-27,ad2aaef64d2a2641c07355266e9c4a60,1380375355,41.839451,-77.622955,0,0.881416,1
268009,2020-09-28 13:52:52,2235613922823698,fraud_Mohr-Bayer,shopping_net,1577.45,Melissa,Mcclure,F,2027 Snyder Track,Manville,WY,82227,42.73,-104.7024,241,Educational psychologist,1980-12-16,914b67e8a58c4bd8abf9139b52e49601,1380376372,43.303344,-103.72032,0,0.8571203,1
268213,2020-09-28 15:07:45,370612217861404,fraud_Dooley Inc,shopping_pos,2012.8,Amanda,Fitzgerald,F,298 Kayla Lights,Bristol,PA,19007,40.1159,-74.8536,21125,"Administrator, charities/voluntary organisations",1985-05-25,87bed50ec7b397a79427d60111f65e10,1380380865,39.493909,-74.276808,0,0.8915335,1
268392,2020-09-28 16:21:40,6011477612335392,"fraud_Schmeler, Bashirian and Price",shopping_net,1110.98,Anthony,Roberts,M,95488 Cabrera Well,Maria Stein,OH,45860,40.4062,-84.5076,2274,"Designer, television/film set",1943-12-17,22a715a7997acc01e7e3ac5c3dcf77d3,1380385300,40.210694,-84.305769,1,0.9708075,1
268495,2020-09-28 16:58:54,6011367958204270,"fraud_Baumbach, Hodkiewicz and Walsh",shopping_pos,1213.05,Tammy,Ayers,F,1652 James Mews,Hinckley,OH,44233,41.2419,-81.7453,7646,Medical sales representative,1988-09-15,deee92cfb2baa0acdcc8f99a7698a01d,1380387534,41.585539,-81.868775,0,0.7728426,1
268763,2020-09-28 18:39:45,6011148190095209,fraud_Hudson-Grady,shopping_pos,1272.32,Terri,Bailey,F,508 Erin Mount,Daly City,CA,94015,37.6787,-122.478,107941,"Buyer, industrial",1991-10-04,cc794370cff1b4ad3853c08145535ad8,1380393585,37.703071,-121.661493,0,0.7962081,1
269042,2020-09-28 20:20:22,4755696071492,fraud_Jast-McDermott,shopping_pos,1554.52,Robert,Evans,M,01892 Patricia Vista Apt. 828,Sachse,TX,75048,32.9643,-96.6012,20328,Site engineer,1985-06-20,16d488afc558676843f581d6c18d56ca,1380399622,33.839391,-96.391182,0,0.9143749,1
269376,2020-09-28 22:23:27,60495593109,fraud_Kerluke-Abshire,shopping_net,997.39,Randall,Dillon,M,4440 George Mills Suite 591,Dallas,TX,75210,32.7699,-96.743,1263321,Television camera operator,1942-11-24,a1ec1fa44f862ae6e4a0cb7e3ca8864d,1380407007,31.966031,-97.02949,1,0.9913886,1
269380,2020-09-28 22:24:15,372965408103277,fraud_Rempel Inc,shopping_net,984.59,Debbie,Robbins,F,53199 Laurie Mills Apt. 864,Kirtland,NM,87417,36.741,-108.351,6910,TEFL teacher,1956-02-02,7a88dc885d5109a3be38ccdadb967875,1380407055,37.385572,-107.373744,1,0.9895299,1
269451,2020-09-28 22:49:44,60495593109,"fraud_Zboncak, Rowe and Murazik",shopping_net,1000.49,Randall,Dillon,M,4440 George Mills Suite 591,Dallas,TX,75210,32.7699,-96.743,1263321,Television camera operator,1942-11-24,38727838926f6a4237a6346daa7605d4,1380408584,32.91472,-97.668378,1,0.9912845,1
269483,2020-09-28 23:03:00,60495593109,fraud_Stamm-Witting,shopping_net,956.22,Randall,Dillon,M,4440 George Mills Suite 591,Dallas,TX,75210,32.7699,-96.743,1263321,Television camera operator,1942-11-24,fc2057fce8df788b5d517f02e3c99179,1380409380,32.285544,-96.370911,1,0.99220324,1
269493,2020-09-28 23:07:10,6011477612335392,fraud_Donnelly PLC,misc_net,887.62,Anthony,Roberts,M,95488 Cabrera Well,Maria Stein,OH,45860,40.4062,-84.5076,2274,"Designer, television/film set",1943-12-17,d198945e3eaceee3341defd78a112697,1380409630,40.327104,-84.80378,1,0.9926595,1
269543,2020-09-28 23:21:18,372965408103277,"fraud_Romaguera, Cruickshank and Greenholt",shopping_net,1128.66,Debbie,Robbins,F,53199 Laurie Mills Apt. 864,Kirtland,NM,87417,36.741,-108.351,6910,TEFL teacher,1956-02-02,bb47813c5214463d2cc9a4f9a40f47dc,1380410478,37.46916,-108.8658,1,0.9917498,1
269615,2020-09-28 23:43:37,3599237318576484,fraud_Cruickshank-Mills,entertainment,198.67,Jessica,Smith,F,06808 Ryan Valleys,Dubre,KY,42731,36.8421,-85.5396,341,Insurance risk surveyor,1932-11-19,0e04290b14296b23c090910f72a844cc,1380411817,35.85337,-86.239522,0,0.64885604,1
269696,2020-09-29 00:21:00,3531129874770000,fraud_Stiedemann Inc,misc_pos,608.25,Shelby,Mitchell,F,974 Cindy Stream,Brandon,VT,5733,43.8065,-73.0882,5895,"Scientist, marine",1975-07-13,29288a7f64325404a0da9a970ac3120f,1380414060,44.746933,-73.06094499999999,0,0.8067143,1
270132,2020-09-29 04:41:51,30235268718158,fraud_Koelpin and Sons,misc_net,779.85,Kenneth,Doyle,M,8614 Reed Glen,West Harrison,NY,10604,41.0592,-73.7395,11250,Lexicographer,1977-08-16,3485465e8893805fb8edc61aec5133ba,1380429711,40.193715000000005,-74.612053,0,0.7486668,1
270250,2020-09-29 06:07:15,6011367958204270,fraud_Buckridge PLC,misc_pos,685.3,Tammy,Ayers,F,1652 James Mews,Hinckley,OH,44233,41.2419,-81.7453,7646,Medical sales representative,1988-09-15,c7b9b579d492c717b82024878e952fa2,1380434835,41.883941,-81.93869699999999,0,0.5555667,1
270984,2020-09-29 12:51:36,4400011257587661852,"fraud_Zboncak, Rowe and Murazik",shopping_net,2770.36,Marissa,Powell,F,474 Allen Haven,North Loup,NE,68859,41.4972,-98.7858,509,"Nurse, children's",1980-09-15,b8e3d675246941f47b3a5dff40aed974,1380459096,40.559582,-98.368333,0,0.86098856,1
271021,2020-09-29 13:10:06,342351256941125,fraud_Pfeffer and Sons,shopping_pos,1755.38,Rebecca,Obrien,F,5619 Mendoza Inlet,Juliette,GA,31046,33.1194,-83.8235,3343,Theatre manager,1990-06-08,aa79cdab4f85f4355b421ad83c2c698a,1380460206,32.918572,-83.509072,0,0.8100986,1
271180,2020-09-29 14:10:06,4767265376804500,"fraud_Hartmann, Rowe and Hermann",travel,4933.81,Jennifer,Conner,F,4655 David Island,Dublin,PA,18917,40.375,-75.2045,2158,Transport planner,1961-06-19,713d46c097a7bf7e73e07cfb583eec9f,1380463806,41.228367,-75.777395,0,0.89787394,1
271362,2020-09-29 15:12:52,213126662687660,fraud_Botsford Ltd,shopping_pos,1896.63,Christopher,Luna,M,242 Brian Mountain,Laredo,TX,78040,27.5155,-99.4986,248858,Video editor,1971-01-28,a905665a9c00a3c86f2f22e4f6794134,1380467572,26.650682,-99.39885,0,0.86094695,1
271854,2020-09-29 18:21:12,4658117080136,"fraud_Schaefer, Fay and Hilll",entertainment,695.66,Dwayne,Martinez,M,490 Baldwin Alley Apt. 468,Crownpoint,NM,87313,35.7206,-108.0271,5662,IT consultant,1989-04-08,8e4c46e5a189bc2cc2e415101186e091,1380478872,35.039627,-108.239954,0,0.6798216,1
271937,2020-09-29 19:01:36,6511349151405438,"fraud_Kilback, Nitzsche and Leffler",travel,1173.23,Robert,Nguyen,M,74835 Garner Point,Ruth,NV,89319,39.3426,-114.8859,450,Interpreter,1946-08-24,010d67989cefca7a8ead8dd993c7a41a,1380481296,39.44557,-114.497358,0,0.7484366,1
271979,2020-09-29 19:21:22,38947654498698,"fraud_Mosciski, Ziemann and Farrell",shopping_net,1707.75,Lori,Rodriguez,F,12087 Michael Light,Creola,OH,45622,39.3543,-82.50299999999999,321,"Copywriter, advertising",1979-06-24,5351a0b8a790b261f89fa0134947dd38,1380482482,39.582164,-83.109414,0,0.9495051,1
272138,2020-09-29 20:30:55,4048508450704760,"fraud_Langworth, Boehm and Gulgowski",shopping_net,2131.75,Cheryl,Melton,F,5053 Bell Crescent Apt. 255,Fullerton,NE,68638,41.36600000000001,-98.0054,1749,"Surveyor, mining",1973-05-07,984cc2dcffc7537cfaaa985250b73034,1380486655,42.047811,-97.408518,0,0.9618311,1
272190,2020-09-29 20:55:24,342952484382519,fraud_Bruen-Yost,misc_pos,1496.45,Kayla,Jones,F,6033 Young Track Suite 804,East Canaan,CT,6024,42.0158,-73.2913,647,Comptroller,1987-09-26,1246b2db69365c93a85f62612e2cac6c,1380488124,41.018799,-72.74683900000001,0,0.9597198,1
272370,2020-09-29 22:00:59,6011477612335392,fraud_Gleason-Macejkovic,shopping_net,844.39,Anthony,Roberts,M,95488 Cabrera Well,Maria Stein,OH,45860,40.4062,-84.5076,2274,"Designer, television/film set",1943-12-17,b92e448b12ffb1f0f2a17fa72c8d8c8c,1380492059,40.337715,-84.817892,1,0.98066425,1
272482,2020-09-29 22:48:33,6011477612335392,fraud_Hills-Witting,shopping_net,896.17,Anthony,Roberts,M,95488 Cabrera Well,Maria Stein,OH,45860,40.4062,-84.5076,2274,"Designer, television/film set",1943-12-17,337b1e9155182477aae13f5848ee8be4,1380494913,40.680443,-84.403823,1,0.9840857,1
272502,2020-09-29 22:55:22,6011477612335392,"fraud_Heathcote, Yost and Kertzmann",shopping_net,1104.54,Anthony,Roberts,M,95488 Cabrera Well,Maria Stein,OH,45860,40.4062,-84.5076,2274,"Designer, television/film set",1943-12-17,5eecd1633b8f08da8fc9bc1121cb1c45,1380495322,40.754224,-84.634173,1,0.98726165,1
272580,2020-09-29 23:23:29,6011477612335392,fraud_O'Keefe-Hudson,grocery_pos,337.19,Anthony,Roberts,M,95488 Cabrera Well,Maria Stein,OH,45860,40.4062,-84.5076,2274,"Designer, television/film set",1943-12-17,856c60f86a222e789feb6e5f4112ee80,1380497009,41.054614,-83.536152,1,0.97376007,1
272867,2020-09-30 03:22:06,4836998673805450,"fraud_Greenfelder, Bartoletti and Davis",misc_net,670.16,Susan,Hardy,F,516 Brown Parks,Manistique,MI,49854,46.0062,-86.2555,6469,Trade mark attorney,1979-04-12,0f02870092a2a2fd0d3d5afbeb7e0917,1380511326,46.485289,-87.170017,0,0.78674257,1
273327,2020-09-30 12:31:42,3558881852140592,fraud_Kozey-McDermott,travel,4515.08,Christopher,Holt,M,05597 Michael Spurs,Parks,AZ,86018,35.2563,-111.95,759,"Geologist, engineering",1957-03-28,204964b114b20728281ce678e2b7e37c,1380544302,35.628440999999995,-111.573407,0,0.866351,1
273388,2020-09-30 13:14:39,4797297220948468262,fraud_Lemke-Gutmann,shopping_net,2843.07,Erica,Briggs,F,3310 Davidson Spurs Apt. 107,Oolitic,IN,47451,38.8938,-86.5246,1228,Counsellor,1991-03-13,55ee4dec7dfec983a86725e2936724d6,1380546879,38.128245,-85.99475799999999,0,0.86645603,1
273674,2020-09-30 16:59:57,4904681492230012,fraud_Lesch Ltd,shopping_pos,2015.47,Lisa,Lowe,F,574 David Locks Suite 207,Cottekill,NY,12419,41.8467,-74.1038,722,Comptroller,1990-10-19,f834128d4f8768d1cb938d5f7731f754,1380560397,42.73706,-74.464251,0,0.9084008,1
273861,2020-09-30 19:22:58,3586008444788268,fraud_Kuhn LLC,shopping_pos,1393.08,Crystal,Fuller,F,000 Jennifer Mills,Issaquah,WA,98027,47.4974,-122.0107,50489,Osteopath,1984-02-29,ad63e8cb6ced054665a8edc97c9afad3,1380568978,48.163392,-122.816593,0,0.9337911,1
273950,2020-09-30 20:41:56,180020605265701,fraud_Price Inc,shopping_net,1017.05,John,Lewis,M,7908 Derrick Mount,Morrowville,KS,66958,39.8616,-97.1825,314,Chemical engineer,2002-03-17,6e6d5617e7cb77a58e4dbce0b87f4096,1380573716,39.610904,-97.718659,1,0.80112475,1
274046,2020-09-30 22:03:03,6544734391390261,fraud_Roberts-Beahan,misc_pos,1096.04,John,Myers,M,701 Wilson Divide,Highland,IN,46322,41.55,-87.4569,23727,Community arts worker,1982-02-08,1292d4ebc206116a2d372270afff6593,1380578583,41.7866,-86.854722,0,0.9780934,1
274054,2020-09-30 22:10:03,180020605265701,"fraud_Labadie, Treutel and Bode",shopping_net,943.12,John,Lewis,M,7908 Derrick Mount,Morrowville,KS,66958,39.8616,-97.1825,314,Chemical engineer,2002-03-17,b0a4a0e2b3a7dcd47c3cb2cc1374d3a9,1380579003,39.237628,-97.445436,1,0.72249466,1
274079,2020-09-30 22:27:20,3566094707272327,"fraud_Weimann, Kuhic and Beahan",shopping_pos,1307.31,Kristina,Stewart,F,47029 Jimmy Tunnel Apt. 106,Newhall,CA,91321,34.3795,-118.523,34882,Health physicist,1971-04-25,63c46311caeae4d81f16ac0cd06ba391,1380580040,34.088156,-119.065319,0,0.9546419,1
274154,2020-09-30 23:22:55,180020605265701,"fraud_Reichert, Rowe and Mraz",shopping_net,879.09,John,Lewis,M,7908 Derrick Mount,Morrowville,KS,66958,39.8616,-97.1825,314,Chemical engineer,2002-03-17,5ed442bd31e86692c17acf363154b066,1380583375,40.569117,-96.234125,1,0.70138174,1
274178,2020-09-30 23:41:38,180020605265701,"fraud_Daugherty, Pouros and Beahan",shopping_pos,1320.92,John,Lewis,M,7908 Derrick Mount,Morrowville,KS,66958,39.8616,-97.1825,314,Chemical engineer,2002-03-17,1352f5f821b77b49df4bc2329e5e249e,1380584498,39.679602,-97.038867,1,0.9629668,1
274202,2020-10-01 00:01:38,180064817343047,fraud_Brown PLC,misc_net,443.3,Patricia,Gonzalez,F,8973 Mark Drive,Stephensport,KY,40170,37.9048,-86.524,344,Chartered public finance accountant,1967-03-30,72f4bce2340332544afd76046a8d70a3,1380585698,38.868334,-85.935673,0,0.86716473,1
274277,2020-10-01 01:21:35,4334230547694630,fraud_Simonis-Prohaska,misc_pos,1310.91,Scott,Martin,M,7483 Navarro Flats,Freedom,WY,83120,43.0172,-111.0292,471,"Education officer, museum",1967-08-02,a61d4e63b1e0198cdf5bf44fbe42a74b,1380590495,42.534876,-110.596242,0,0.6026908,1
274280,2020-10-01 01:26:43,4634955908138648,fraud_Kuphal-Bartoletti,misc_net,456.7,Mackenzie,Smith,F,7178 Willis Drive,Hooper,NE,68031,41.6414,-96.5232,1745,"Engineer, automotive",1973-12-26,7f152b9453532be941fd2fe0264812ce,1380590803,42.478339,-95.942558,0,0.77945656,1
274625,2020-10-01 07:25:55,4477156602511939689,"fraud_Moore, Dibbert and Koepp",misc_net,668.99,Angela,Ross,F,0107 Clements Point,American Fork,UT,84003,40.3928,-111.7941,42384,Futures trader,1992-12-29,57b1045a026abee109e81c046e1b4dd2,1380612355,41.013473,-110.918337,0,0.5310949,1
274766,2020-10-01 09:56:10,4412720572684931,"fraud_Kerluke, Considine and Macejkovic",misc_net,454.83,Richard,Marshall,M,295 Page Creek Suite 181,Greenbush,VA,23357,37.7681,-75.6664,776,Psychiatrist,1949-11-17,d423363588bb4dfaf9589c4a71ddc13b,1380621370,37.445547,-75.992737,0,0.65085155,1
274936,2020-10-01 12:45:57,60487002085,fraud_Gutmann-Upton,misc_pos,1051.24,David,White,M,66234 Hall Lock Suite 758,Jackson,MS,39211,32.3739,-90.1293,233060,"Horticulturist, commercial",1972-08-15,9d2ad7f7b123558b8d47428daea6de2f,1380631557,32.591187,-90.421066,0,0.73434865,1
275501,2020-10-01 19:19:07,4836998673805450,fraud_Auer-West,shopping_net,1453.33,Susan,Hardy,F,516 Brown Parks,Manistique,MI,49854,46.0062,-86.2555,6469,Trade mark attorney,1979-04-12,4eb607edce3c1cc0ee5b73be0b571668,1380655147,45.421516,-87.009816,0,0.9622265,1
275540,2020-10-01 19:46:49,2712209726293386,"fraud_Willms, Kris and Bergnaum",shopping_pos,1089.64,Jenna,Brooks,F,50872 Alex Plain Suite 088,Baton Rouge,LA,70808,30.4066,-91.1468,378909,"Designer, furniture",1977-02-22,033e0bbeda92e97e46aa2f5dc92f50b1,1380656809,29.862183,-91.940412,0,0.89246017,1
275747,2020-10-01 22:22:21,180020605265701,fraud_Lemke-Gutmann,shopping_net,1020.62,John,Lewis,M,7908 Derrick Mount,Morrowville,KS,66958,39.8616,-97.1825,314,Chemical engineer,2002-03-17,b2119abc9eecf8da0ae13354a9db14a9,1380666141,39.697668,-97.355614,1,0.81970775,1
275753,2020-10-01 22:28:20,180020605265701,"fraud_Reichert, Huels and Hoppe",shopping_net,1075.7,John,Lewis,M,7908 Derrick Mount,Morrowville,KS,66958,39.8616,-97.1825,314,Chemical engineer,2002-03-17,6a93216458396de17fbac5e680481a20,1380666500,40.562946,-97.480374,1,0.97133386,1
275754,2020-10-01 22:28:32,4158945090781624,fraud_Schmidt and Sons,shopping_net,423.22,Justin,Bell,M,5323 Walker Island,Pittsburgh,PA,15217,40.4308,-79.9205,687276,"Scientist, marine",1973-10-19,916a5782aaec4d1f798c582304d12c46,1380666512,40.119164000000005,-80.818861,0,0.64927655,1
275769,2020-10-01 22:39:47,3518758680062249,fraud_Rempel Inc,shopping_net,1219.58,Antonio,Koch,M,8738 Richard Brooks,Moab,UT,84532,38.5677,-109.5271,9772,Location manager,1989-11-24,f6e6031cfd2296d4dbe1308da789f927,1380667187,38.813814,-108.647015,0,0.9517655,1
275829,2020-10-01 23:19:53,180020605265701,"fraud_Stanton, Jakubowski and Baumbach",shopping_net,944.94,John,Lewis,M,7908 Derrick Mount,Morrowville,KS,66958,39.8616,-97.1825,314,Chemical engineer,2002-03-17,0df4160cddfb8081d0dd603105e8d2a9,1380669593,40.714495,-97.675129,1,0.8695294,1
276028,2020-10-02 02:04:42,180084695172649,fraud_Bogisich-Homenick,misc_net,556.99,Holly,Mann,F,7644 Joseph Fields,Nokomis,IL,62075,39.3036,-89.2853,3458,Building surveyor,1985-12-08,2114595e3aba4cde56418a3687536e08,1380679482,39.480393,-89.7162,0,0.67379516,1
276634,2020-10-02 11:50:50,3501365119557234,"fraud_Greenfelder, Bartoletti and Davis",misc_net,611.33,Danielle,Allen,F,87198 Macias Drive Suite 389,Loving,NM,88256,32.274,-104.0914,1925,Educational psychologist,1952-05-26,ff62eeac443f97201cc770bb72bdccf8,1380714650,31.450594,-103.210577,0,0.74690485,1
277091,2020-10-02 16:46:10,3517527805128735,"fraud_Lehner, Mosciski and King",misc_net,804.81,Tracy,Conway,F,6778 Campos Field,Bonfield,IL,60913,41.1573,-88.0619,1617,Medical secretary,1990-04-25,2c1e27d921279565f8b1f18938fa3a39,1380732370,40.732615,-88.774674,0,0.8960134,1
277553,2020-10-02 21:24:23,371009169330125,"fraud_Schuppe, Nolan and Hoeger",shopping_pos,1074.43,Randall,Burgess,M,393 Carroll Route Suite 197,Norman Park,GA,31771,31.2462,-83.6549,5666,Rural practice surveyor,2003-09-14,1c4fc3f4715f256715cce75e7300e717,1380749063,31.350043,-83.255975,0,0.56150055,1
277556,2020-10-02 21:28:26,30407675418785,fraud_Romaguera and Sons,travel,1885.46,Danielle,Evans,F,76752 David Lodge Apt. 064,Breesport,NY,14816,42.1939,-76.7361,520,Psychotherapist,1991-10-13,897f0d091c1b979d7ccaf53e0478ab63,1380749306,43.038061,-77.67809399999999,0,0.8864775,1
277670,2020-10-02 22:42:16,4792627764422477317,fraud_Wiza LLC,misc_pos,522.74,Margaret,Mendez,F,7952 Karen Pike,De Soto,KS,66018,38.9462,-94.9714,5760,Chief Executive Officer,1978-10-01,95883a7a56f839bda6a974aeca0cd920,1380753736,38.510836,-94.662772,0,0.88272184,1
277679,2020-10-02 22:45:12,4710826438164847414,fraud_Heathcote LLC,shopping_net,1006.29,Juan,Henry,M,9795 Lori Island Suite 346,Turner,MT,59542,48.8328,-108.3961,192,Further education lecturer,1964-01-04,37bd38869e1d06f95050a70bc9062272,1380753912,47.9042,-107.806609,1,0.9680157,1
277718,2020-10-02 23:10:40,4710826438164847414,"fraud_Effertz, Welch and Schowalter",entertainment,669.67,Juan,Henry,M,9795 Lori Island Suite 346,Turner,MT,59542,48.8328,-108.3961,192,Further education lecturer,1964-01-04,9a0883131bacbf1153e440ee5a18e757,1380755440,48.047021,-107.757399,1,0.98336065,1
277746,2020-10-02 23:30:25,4710826438164847414,"fraud_Hayes, Marquardt and Dibbert",misc_net,826.05,Juan,Henry,M,9795 Lori Island Suite 346,Turner,MT,59542,48.8328,-108.3961,192,Further education lecturer,1964-01-04,a6b766794eed452d6f205bc04357ef83,1380756625,48.913372,-108.010935,1,0.9902442,1
278728,2020-10-03 13:47:38,36913587729122,fraud_Gerlach Inc,shopping_net,1405.66,Ana,Mccormick,F,4503 Patricia Route,Meridian,ID,83646,43.6498,-116.4306,84106,Intelligence analyst,1971-02-11,7d22bf36cee36731e3ecb62ab8ad3100,1380808058,43.416369,-117.409512,0,0.8625322,1
278884,2020-10-03 15:18:37,3585052663373890,fraud_Lynch Ltd,shopping_pos,847.92,Jeffery,Brown,M,296 Maria Street,West Eaton,NY,13484,42.8546,-75.6605,176,Science writer,1963-12-28,5c70149dfd54b264b72ca7ecf8210e80,1380813517,42.233875,-75.893686,1,0.58670974,1
278913,2020-10-03 15:37:23,4710826438164847414,"fraud_Langworth, Boehm and Gulgowski",shopping_net,1148.36,Juan,Henry,M,9795 Lori Island Suite 346,Turner,MT,59542,48.8328,-108.3961,192,Further education lecturer,1964-01-04,f4f1d5407a78d18d707186256c99206f,1380814643,48.574226,-107.826766,1,0.92521757,1
279026,2020-10-03 16:53:53,346243940647414,fraud_Fisher Inc,shopping_net,1151.1,Sean,Miller,M,6340 Jeffrey Dale,Thornville,OH,43076,39.8974,-82.4071,9051,Audiological scientist,1983-01-08,8adfa46e493c33c412574f38af07a103,1380819233,39.307098,-82.56581,0,0.88633627,1
279318,2020-10-03 19:59:37,3590736522064285,"fraud_Greenholt, O'Hara and Balistreri",shopping_net,681.4,Kimberly,Gonzalez,F,72966 Shannon Pass Apt. 391,Bauxite,AR,72011,34.5091,-92.4828,4074,"Scientist, audiological",1975-12-20,c5e1b84602a4f5eced2160272000c38b,1380830377,33.851517,-92.295756,0,0.6310337,1
279512,2020-10-03 22:01:59,3585052663373890,"fraud_Reichert, Huels and Hoppe",shopping_net,1104.51,Jeffery,Brown,M,296 Maria Street,West Eaton,NY,13484,42.8546,-75.6605,176,Science writer,1963-12-28,4c4958e5c21efd9e458920037f2ebb85,1380837719,42.600568,-75.71318000000001,1,0.9749631,1
279520,2020-10-03 22:04:32,4710826438164847414,"fraud_Lockman, West and Runte",grocery_pos,359.29,Juan,Henry,M,9795 Lori Island Suite 346,Turner,MT,59542,48.8328,-108.3961,192,Further education lecturer,1964-01-04,85a621175ac4605c2cb7879dff225eff,1380837872,49.40878,-108.781002,1,0.82090515,1
279522,2020-10-03 22:05:14,4710826438164847414,"fraud_Moore, Dibbert and Koepp",misc_net,750.14,Juan,Henry,M,9795 Lori Island Suite 346,Turner,MT,59542,48.8328,-108.3961,192,Further education lecturer,1964-01-04,277aee1058f9ea771f65c4694d1c5231,1380837914,49.608431,-108.785542,1,0.9894287,1
279526,2020-10-03 22:08:48,30235438713303,"fraud_Swaniawski, Lowe and Robel",shopping_pos,896.38,James,Baldwin,M,3603 Mitchell Court,Winfield,WV,25213,38.5072,-81.89,5512,Exhibition designer,1980-03-24,be979141f45f9996b3c67ff5a6815a21,1380838128,39.058445,-82.08242800000001,0,0.8461848,1
279540,2020-10-03 22:17:58,3511378610369890,fraud_Johns-Hoeger,entertainment,386.93,James,Cooper,M,663 Ramirez Trace Apt. 951,Huntsville,AL,35811,34.7789,-86.5438,190178,Television production assistant,1973-04-01,49592cf6122c1fcfc140e1c92f0f9c93,1380838678,34.197692,-86.741038,0,0.82661027,1
279571,2020-10-03 22:39:48,4710826438164847414,fraud_Lockman Ltd,grocery_pos,321.01,Juan,Henry,M,9795 Lori Island Suite 346,Turner,MT,59542,48.8328,-108.3961,192,Further education lecturer,1964-01-04,dfd89a2235b558d0c1b2a53f4a1b3932,1380839988,49.283838,-109.324832,1,0.6864812,1
279580,2020-10-03 22:45:39,347399333635231,fraud_Macejkovic-Lesch,shopping_pos,959.44,Stephanie,Allen,F,13128 Hall Station Suite 588,Seligman,MO,65745,36.5276,-93.9359,2693,"Engineer, biomedical",1968-02-05,d553cb71531da1951a0009a96e01db44,1380840339,36.607824,-94.031758,1,0.9523671,1
279644,2020-10-03 23:32:40,3585052663373890,fraud_Macejkovic-Lesch,shopping_pos,710.78,Jeffery,Brown,M,296 Maria Street,West Eaton,NY,13484,42.8546,-75.6605,176,Science writer,1963-12-28,71acb10d85e7e29024a76b027353293b,1380843160,43.463172,-74.820065,1,0.8193223,1
279654,2020-10-03 23:40:23,4710826438164847414,"fraud_Kerluke, Kertzmann and Wiza",misc_net,715.39,Juan,Henry,M,9795 Lori Island Suite 346,Turner,MT,59542,48.8328,-108.3961,192,Further education lecturer,1964-01-04,25f9dce4d55b3d6b2076a0f1810e2de2,1380843623,48.125345,-108.009667,1,0.99016666,1
279668,2020-10-03 23:45:56,38052002992326,"fraud_Quitzon, Green and Bashirian",shopping_pos,1126.13,Anna,Logan,F,3522 Park Wells Suite 528,Cleveland,TX,77327,30.33,-95.0202,34153,Building surveyor,1995-09-11,435de4cf5ac10858a9c150a9bdc90a91,1380843956,31.15861,-95.141946,0,0.83831,1
279794,2020-10-04 00:52:01,4861310130652566408,fraud_Kris-Weimann,misc_net,776.66,Ashley,Cruz,F,65417 Walsh Radial Suite 691,Saint Amant,LA,70774,30.2385,-90.8435,10076,"Surveyor, rural practice",1977-12-16,0897f5a7bc7bc283f666c80383535e59,1380847921,30.625026,-91.706909,1,0.77661043,1
280285,2020-10-04 06:13:35,6506116513503136,"fraud_Stehr, Jewess and Schimmel",misc_net,1222.65,Kimberly,Rice,F,63991 Destiny Rue Apt. 651,Tyler,TX,75703,32.2768,-95.3031,144160,Sports development officer,1984-05-04,637488b3aaaed2a083903eeed34ababf,1380867215,31.93841,-94.665523,0,0.6718658,1
280562,2020-10-04 09:14:26,4708992452821239,fraud_Kris-Weimann,misc_net,452.67,Jared,Walters,M,3326 Hannah Fords,Cord,AR,72524,35.8184,-91.3375,376,"Designer, ceramics/pottery",1938-09-08,1963f86dc6e9e2ca2c893200cd7a2892,1380878066,36.39319,-90.763132,0,0.78920954,1
280779,2020-10-04 11:49:29,4128730454058057622,"fraud_Terry, Johns and Bins",misc_pos,855.26,Monique,Martin,F,68276 Matthew Springs,Ratcliff,TX,75858,31.3833,-95.0619,43,"Engineer, production",1949-10-04,9781cd85e763025011c67d6b5ac6a316,1380887369,31.163131,-94.181163,0,0.6751529,1
280813,2020-10-04 12:06:04,180031190491743,"fraud_Schuppe, Nolan and Hoeger",shopping_pos,1180.44,Becky,Mckinney,F,250 Benjamin Hill Apt. 026,Mobile,AL,36617,30.7145,-88.0918,270712,"Surveyor, land/geomatics",1972-01-05,ec0f76211d179b078484926a3448b89d,1380888364,30.546508000000003,-88.624216,0,0.61683756,1
281048,2020-10-04 13:50:44,36153880429415,fraud_Lemke and Sons,travel,2129.9,Erik,Stevens,M,84033 Pitts Overpass,Lakeland,FL,33809,28.1762,-81.9591,237282,Plant breeder/geneticist,1949-10-13,f477231e5606fa282f641194a3eb36b6,1380894644,27.360475,-82.137019,0,0.841162,1
281738,2020-10-04 18:49:00,3585052663373890,"fraud_Kihn, Abernathy and Douglas",shopping_net,991.94,Jeffery,Brown,M,296 Maria Street,West Eaton,NY,13484,42.8546,-75.6605,176,Science writer,1963-12-28,1afa9c6da68418df4bed566be58b0c8f,1380912540,43.779972,-75.620207,1,0.9463088,1
281826,2020-10-04 19:26:08,581686439828,fraud_Nienow PLC,entertainment,522.89,Larry,House,M,911 Sabrina Trafficway,Cochranton,PA,16314,41.5205,-80.0573,5507,Retail merchandiser,1973-07-28,65afb00a771e122716bddda71d17d8e7,1380914768,40.578917,-80.801467,0,0.7675666,1
281959,2020-10-04 20:17:01,2703186189652095,fraud_Kihn Inc,shopping_pos,988.25,Jennifer,Banks,F,561 Perry Cove,Moravian Falls,NC,28654,36.0788,-81.1781,3495,"Psychologist, counselling",1988-03-09,ed479bf4d76cc1754e47c0ee12b51326,1380917821,36.764254,-81.825213,0,0.76810026,1
281965,2020-10-04 20:18:51,347399333635231,fraud_Corwin-Gorczany,misc_net,902.67,Stephanie,Allen,F,13128 Hall Station Suite 588,Seligman,MO,65745,36.5276,-93.9359,2693,"Engineer, biomedical",1968-02-05,e1e061b91a9782ae35325c2209c2b43b,1380917931,36.278903,-93.794217,1,0.9904041,1
282204,2020-10-04 22:08:57,30510856607165,fraud_Kozey-Boehm,shopping_net,1198.12,Frederick,Robinson,M,1125 Ray Track,Livonia,MI,48154,42.3958,-83.3772,96942,Horticultural consultant,1965-04-01,e65981c43c21dc4dbfb70891593d0bf9,1380924537,42.978556,-83.069435,1,0.9822244,1
282220,2020-10-04 22:17:25,3585052663373890,fraud_Boyer-Reichert,shopping_net,1180.19,Jeffery,Brown,M,296 Maria Street,West Eaton,NY,13484,42.8546,-75.6605,176,Science writer,1963-12-28,9023f43480dd770b22993b38b08a6b07,1380925045,43.044154,-76.399776,1,0.9808941,1
282237,2020-10-04 22:25:37,3585052663373890,fraud_Padberg-Welch,grocery_pos,360.25,Jeffery,Brown,M,296 Maria Street,West Eaton,NY,13484,42.8546,-75.6605,176,Science writer,1963-12-28,6b485a9838d4c45cca68aa3d050a2aa1,1380925537,41.867495,-74.981987,1,0.8141294,1
282266,2020-10-04 22:36:23,30510856607165,fraud_Terry-Huel,shopping_net,941.23,Frederick,Robinson,M,1125 Ray Track,Livonia,MI,48154,42.3958,-83.3772,96942,Horticultural consultant,1965-04-01,e6e515e028789de0e13e9dc34c9d5e3f,1380926183,41.652454,-82.73679,1,0.9761731,1
282268,2020-10-04 22:36:47,30510856607165,fraud_Kerluke-Abshire,shopping_net,1098.48,Frederick,Robinson,M,1125 Ray Track,Livonia,MI,48154,42.3958,-83.3772,96942,Horticultural consultant,1965-04-01,d0951132c8d363a68ea19380335f6b01,1380926207,41.418485,-83.50228299999999,1,0.98685837,1
282280,2020-10-04 22:42:31,2297447006766555,"fraud_Ruecker, Beer and Collier",shopping_net,899.79,Laura,Walker,F,611 Michael Rue,Cisco,IL,61830,39.9972,-88.6962,478,Landscape architect,1960-01-13,0c8f96153ef5dcf9c54bb27ebb7da0a4,1380926551,40.323034,-87.99378,1,0.96644306,1
282286,2020-10-04 22:45:15,347399333635231,"fraud_Parisian, Schiller and Altenwerth",misc_net,790.28,Stephanie,Allen,F,13128 Hall Station Suite 588,Seligman,MO,65745,36.5276,-93.9359,2693,"Engineer, biomedical",1968-02-05,caa18a7944c2eeccab7f2853e5245035,1380926715,36.73723,-93.960864,1,0.9922024,1
282314,2020-10-04 22:58:19,30510856607165,fraud_Koelpin and Sons,misc_net,832.54,Frederick,Robinson,M,1125 Ray Track,Livonia,MI,48154,42.3958,-83.3772,96942,Horticultural consultant,1965-04-01,d23898ff3501c9146437e47c3104b488,1380927499,43.111532,-83.625562,1,0.99120224,1
282322,2020-10-04 23:01:29,3585052663373890,fraud_Volkman-Predovic,shopping_net,914.64,Jeffery,Brown,M,296 Maria Street,West Eaton,NY,13484,42.8546,-75.6605,176,Science writer,1963-12-28,d1311384f621a7db1227c1ae2f0c10df,1380927689,43.526103000000006,-75.624736,1,0.9772675,1
282327,2020-10-04 23:03:28,3533742182628021,fraud_Pacocha-Bauch,shopping_pos,1183.63,Robert,Haynes,M,857 Aaron Circles Suite 398,Johns Island,SC,29455,32.8357,-79.8217,20478,Materials engineer,1997-06-04,9ecdeb2aabe297189502e1f7953576f9,1380927808,33.081565000000005,-79.44313299999999,0,0.8533701,1
282353,2020-10-04 23:14:37,30510856607165,fraud_Kris-Padberg,shopping_pos,893.45,Frederick,Robinson,M,1125 Ray Track,Livonia,MI,48154,42.3958,-83.3772,96942,Horticultural consultant,1965-04-01,15b339970c804d2f839bfedd7b202328,1380928477,42.477086,-83.08977900000001,1,0.9685637,1
282389,2020-10-04 23:26:26,2297447006766555,"fraud_Heathcote, Yost and Kertzmann",shopping_net,1024.42,Laura,Walker,F,611 Michael Rue,Cisco,IL,61830,39.9972,-88.6962,478,Landscape architect,1960-01-13,8f83a2fc8c246fe1eb3a66989ce3b827,1380929186,39.503655,-89.528858,1,0.9782558,1
282396,2020-10-04 23:29:53,30510856607165,"fraud_Little, Gutmann and Lynch",shopping_net,1118.62,Frederick,Robinson,M,1125 Ray Track,Livonia,MI,48154,42.3958,-83.3772,96942,Horticultural consultant,1965-04-01,ed49b06e46ac4cddb11cfa1de3f865f5,1380929393,43.099084000000005,-82.995236,1,0.98744744,1
282450,2020-10-04 23:47:58,347399333635231,"fraud_Kuhic, Bins and Pfeffer",shopping_net,991.2,Stephanie,Allen,F,13128 Hall Station Suite 588,Seligman,MO,65745,36.5276,-93.9359,2693,"Engineer, biomedical",1968-02-05,1559e7d9de3659597e7aea8d4e45709f,1380930478,35.776015,-94.206152,1,0.9860763,1
282465,2020-10-04 23:51:40,3527536963490470,fraud_Bashirian Group,shopping_net,469.53,Teresa,Stein,F,2838 White Fields Apt. 473,Brunson,SC,29911,32.9413,-81.1807,1725,Social researcher,1974-12-05,60fcf0d7ecc32e95faff094be7f02256,1380930700,31.972135,-81.128116,0,0.50569755,1
282468,2020-10-04 23:52:06,30510856607165,"fraud_Mosciski, Ziemann and Farrell",shopping_net,977.08,Frederick,Robinson,M,1125 Ray Track,Livonia,MI,48154,42.3958,-83.3772,96942,Horticultural consultant,1965-04-01,47e96c337ab9256228ba4a8ffff96d58,1380930726,41.575146,-83.240749,1,0.98676425,1
282874,2020-10-05 03:55:01,4836998673805450,"fraud_Stehr, Jewess and Schimmel",misc_net,599.34,Susan,Hardy,F,516 Brown Parks,Manistique,MI,49854,46.0062,-86.2555,6469,Trade mark attorney,1979-04-12,b544e7b6ec4fe0c1744e74ed0c719ac9,1380945301,46.577644,-85.41324300000001,0,0.8081829,1
282939,2020-10-05 04:25:13,371985236239474,fraud_Zemlak Group,misc_net,614.51,Benjamin,Martin,M,0495 Baker Manors,Oriskany Falls,NY,13425,42.9576,-75.4838,1970,"Programmer, multimedia",1949-06-09,2abf89d57203486f58f0c3b7b5f81e42,1380947113,43.764634,-75.273597,0,0.65628976,1
283865,2020-10-05 13:00:28,2297447006766555,"fraud_Mosciski, Ziemann and Farrell",shopping_net,1084.78,Laura,Walker,F,611 Michael Rue,Cisco,IL,61830,39.9972,-88.6962,478,Landscape architect,1960-01-13,95a9ea246c5baeb5d7a4c1dde4b54210,1380978028,40.710113,-89.292238,1,0.7808704,1
284199,2020-10-05 14:57:29,2297447006766555,"fraud_Labadie, Treutel and Bode",shopping_net,1061.02,Laura,Walker,F,611 Michael Rue,Cisco,IL,61830,39.9972,-88.6962,478,Landscape architect,1960-01-13,d30b35aead858500dbe684300ade3570,1380985049,40.009271000000005,-87.856606,1,0.8390175,1
284621,2020-10-05 17:40:53,375767678113375,fraud_Reichert-Weissnat,travel,3305.32,Christopher,Patterson,M,16744 Campbell Wall Apt. 372,Timberville,VA,22853,38.6476,-78.7717,4367,Waste management officer,1962-04-12,6f6fc058d9df9fd975e9d11329515fba,1380994853,39.084373,-79.64919,0,0.91946024,1
284911,2020-10-05 19:34:54,213112402583773,"fraud_Turner, Ruecker and Parisian",misc_pos,699.56,Ana,Howell,F,4664 Sanchez Common Suite 930,Bradley,SC,29819,34.0326,-82.2027,1523,Research scientist (physical sciences),1984-06-03,ebe52e75ce6e3383806f8e44a5f3ff51,1381001694,34.915952000000004,-82.441858,0,0.5891911,1
285291,2020-10-05 21:46:44,36913587729122,"fraud_Reichert, Shanahan and Hayes",shopping_net,634.87,Ana,Mccormick,F,4503 Patricia Route,Meridian,ID,83646,43.6498,-116.4306,84106,Intelligence analyst,1971-02-11,552b750ef47ca8cf1c2d75ec98a11ed1,1381009604,43.958789,-117.243151,0,0.70759547,1
285363,2020-10-05 22:10:28,2297447006766555,fraud_Mohr-Bayer,shopping_net,1004.81,Laura,Walker,F,611 Michael Rue,Cisco,IL,61830,39.9972,-88.6962,478,Landscape architect,1960-01-13,b58a09549e6b8396ecd7b30304a6bd21,1381011028,40.549337,-87.73003100000001,1,0.9755415,1
285459,2020-10-05 22:45:28,2297447006766555,fraud_Torphy-Goyette,shopping_pos,858.76,Laura,Walker,F,611 Michael Rue,Cisco,IL,61830,39.9972,-88.6962,478,Landscape architect,1960-01-13,313e8137029a07ec00887cd8595e3540,1381013128,39.524357,-89.504846,1,0.9452693,1
285474,2020-10-05 22:49:05,2297447006766555,"fraud_Baumbach, Strosin and Nicolas",shopping_pos,592.56,Laura,Walker,F,611 Michael Rue,Cisco,IL,61830,39.9972,-88.6962,478,Landscape architect,1960-01-13,caaf1070c7f27fb6fe3fa869da3ae5f5,1381013345,39.980439,-89.224452,1,0.81326807,1
285507,2020-10-05 23:00:10,581508178315,fraud_Heathcote LLC,shopping_net,913.19,Michael,Vargas,M,933 Martin Rapids,Desdemona,TX,76445,32.2819,-98.5673,407,Clothing/textile technologist,1978-08-08,0c02c5f261af4715922298b144eb7f5f,1381014010,31.846131,-98.499447,1,0.8537886,1
285512,2020-10-05 23:01:16,2450829271795901,"fraud_Welch, Rath and Koepp",entertainment,428.84,Timothy,Kirby,M,7309 Sophia Causeway Suite 702,Sauk Rapids,MN,56379,45.604,-94.1591,16163,Hydrographic surveyor,1987-02-22,77be0409493a21deef08e0a6e85d1ff7,1381014076,44.693093,-93.998626,0,0.5390947,1
285522,2020-10-05 23:07:29,2297447006766555,"fraud_Romaguera, Cruickshank and Greenholt",shopping_net,954.73,Laura,Walker,F,611 Michael Rue,Cisco,IL,61830,39.9972,-88.6962,478,Landscape architect,1960-01-13,f8fe6742c1f8e71bbd3fd387e2f016c5,1381014449,40.763781,-87.97326,1,0.97830176,1
285565,2020-10-05 23:20:54,581508178315,"fraud_Schmeler, Bashirian and Price",shopping_net,1022.16,Michael,Vargas,M,933 Martin Rapids,Desdemona,TX,76445,32.2819,-98.5673,407,Clothing/textile technologist,1978-08-08,5ba977b54e172eaf178a891cc1fdbde3,1381015254,31.40067,-98.903959,1,0.94707996,1
285583,2020-10-05 23:27:55,4497913965512794052,fraud_Ankunding-Carroll,travel,2768.66,Scott,Edwards,M,838 Amy Street Suite 107,Pembroke,NC,28372,34.6902,-79.1834,14783,Hospital doctor,1955-11-07,19076302ed093886b98452a79e22a097,1381015675,35.525965,-79.90978100000001,0,0.96001565,1
285649,2020-10-05 23:54:47,581508178315,fraud_Gleason-Macejkovic,shopping_net,813.57,Michael,Vargas,M,933 Martin Rapids,Desdemona,TX,76445,32.2819,-98.5673,407,Clothing/textile technologist,1978-08-08,4a19e852610dee266cb42a282ee235b9,1381017287,32.245776,-97.625541,1,0.85430163,1
285758,2020-10-06 01:03:34,3551217896304745,fraud_Bednar Group,misc_net,478.64,Sara,Harris,F,597 Jenny Ford Apt. 543,Tupper Lake,NY,12986,44.232,-74.4905,6120,Chartered loss adjuster,1976-10-09,5887722a74d0b6d295b521e2708ecc2c,1381021414,45.189402,-75.27753,0,0.8170963,1
285808,2020-10-06 01:35:01,4861310130652566408,fraud_Flatley Group,misc_pos,624.52,Ashley,Cruz,F,65417 Walsh Radial Suite 691,Saint Amant,LA,70774,30.2385,-90.8435,10076,"Surveyor, rural practice",1977-12-16,a1595bab5be3147de4b04c9ebf89da5d,1381023301,29.745838,-89.87854399999999,0,0.66059273,1
285953,2020-10-06 02:49:03,6011109736646996,"fraud_Bernier, Volkman and Hoeger",misc_net,349.5,Rebecca,Erickson,F,594 Berry Lights Apt. 392,Wilmington,NC,28405,34.2651,-77.867,186140,English as a second language teacher,1983-02-08,5be74cb7cd2f2aa93396286755e3452f,1381027743,33.75405,-77.987439,0,0.61333364,1
286257,2020-10-06 05:50:00,375237305371366,"fraud_Parisian, Schiller and Altenwerth",misc_net,639.16,David,Erickson,M,616 Jimenez Meadow Apt. 701,East Rochester,NY,14445,43.1128,-77.4906,8019,Retail buyer,1928-06-26,cc665d209312fbfda1ba67fd428bb7ae,1381038600,44.107345,-78.12699599999999,0,0.78978646,1
286647,2020-10-06 09:38:25,2297447006766555,fraud_Bogisich-Homenick,misc_net,515.37,Laura,Walker,F,611 Michael Rue,Cisco,IL,61830,39.9972,-88.6962,478,Landscape architect,1960-01-13,d2459cd203c8bf6e2f65fe2f7cdb9c87,1381052305,40.563946,-89.00129100000001,0,0.62557197,1
286677,2020-10-06 09:56:17,4424338559877976,fraud_Corwin-Gorczany,misc_net,497.78,Denise,Barnett,F,23220 Eaton Harbors,Kirby,OH,43330,40.813,-83.4196,118,Private music teacher,1957-11-12,c3596583c13278c9a164ec6dfc046d46,1381053377,40.742656,-82.745275,0,0.59053636,1
286792,2020-10-06 11:02:37,3534093764340240,fraud_Ruecker Group,misc_net,615.46,Jeremy,White,M,9443 Cynthia Court Apt. 038,Boulder,MT,59632,46.2306,-112.1138,1939,Patent attorney,1967-01-12,be81c2f827733341aad65c4b1f417f43,1381057357,47.22929,-112.363058,0,0.55065155,1
286801,2020-10-06 11:10:56,2254799658404120,fraud_Miller-Harris,misc_net,1326.88,Barbara,Nelson,F,7337 Browning Falls Suite 027,Valdosta,GA,31605,30.946,-83.2474,94325,Educational psychologist,1987-09-08,0da473e20c6f134032d4d2369caad6c3,1381057856,31.451228000000004,-83.850176,0,0.76376,1
287242,2020-10-06 14:24:49,4601636330889,fraud_Flatley Group,misc_pos,1661.35,Mark,Rivera,M,383 Contreras Hills Suite 658,Humble,TX,77338,30.0041,-95.2825,194500,Tax adviser,1990-12-18,91bd42f01bce0dd33493636619231c39,1381069489,29.015693,-94.33648,0,0.83497244,1
287660,2020-10-06 17:11:34,4904681492230012,"fraud_Lehner, Reichert and Mills",misc_pos,1279.97,Lisa,Lowe,F,574 David Locks Suite 207,Cottekill,NY,12419,41.8467,-74.1038,722,Comptroller,1990-10-19,edcf6465800619ba760d8fa7e599000f,1381079494,41.54507,-74.21835,0,0.90366,1
288402,2020-10-06 22:05:29,3586955669388457,fraud_Bashirian Group,shopping_net,1153.08,Benjamin,Rogers,M,24191 Elizabeth Mill,Bolivar,PA,15923,40.3673,-79.1605,1770,"Administrator, local government",1994-12-08,9f13a3f9c96016da73ee6e2300603a92,1381097129,39.698527,-78.862622,1,0.89396954,1
288420,2020-10-06 22:11:56,3586955669388457,fraud_Kris-Weimann,misc_net,857.15,Benjamin,Rogers,M,24191 Elizabeth Mill,Bolivar,PA,15923,40.3673,-79.1605,1770,"Administrator, local government",1994-12-08,1275be7a5c62700ab04acbfed71ceca1,1381097516,41.286922,-79.696166,1,0.9699185,1
288426,2020-10-06 22:14:02,4755696071492,fraud_Kuhn LLC,shopping_pos,814.7,Robert,Evans,M,01892 Patricia Vista Apt. 828,Sachse,TX,75048,32.9643,-96.6012,20328,Site engineer,1985-06-20,62b891d39bb4dc9961395a944056ab03,1381097642,33.271691,-97.344644,1,0.583874,1
288442,2020-10-06 22:21:04,3586955669388457,fraud_Jaskolski-Vandervort,misc_net,648.51,Benjamin,Rogers,M,24191 Elizabeth Mill,Bolivar,PA,15923,40.3673,-79.1605,1770,"Administrator, local government",1994-12-08,3928c0a0cccd1ffca1495349360fff5e,1381098064,39.639832,-79.961841,1,0.921836,1
288490,2020-10-06 22:40:28,581508178315,"fraud_Moore, Dibbert and Koepp",misc_net,798.61,Michael,Vargas,M,933 Martin Rapids,Desdemona,TX,76445,32.2819,-98.5673,407,Clothing/textile technologist,1978-08-08,0ac4b3b17cc469f0c767eada3cce5643,1381099228,32.773920000000004,-97.801577,1,0.986408,1
288508,2020-10-06 22:48:33,3586955669388457,fraud_Gerlach Inc,shopping_net,1058.67,Benjamin,Rogers,M,24191 Elizabeth Mill,Bolivar,PA,15923,40.3673,-79.1605,1770,"Administrator, local government",1994-12-08,0d79aedac08e8dd72ea359f228ec3201,1381099713,40.16684,-78.553622,1,0.8928908,1
288526,2020-10-06 22:55:20,3586955669388457,fraud_Ankunding LLC,shopping_net,1107.27,Benjamin,Rogers,M,24191 Elizabeth Mill,Bolivar,PA,15923,40.3673,-79.1605,1770,"Administrator, local government",1994-12-08,6d94d49a893cd378fb07c421ac85d4ea,1381100120,41.065174,-79.353713,1,0.9313735,1
288556,2020-10-06 23:03:17,3586955669388457,"fraud_Langworth, Boehm and Gulgowski",shopping_net,1007.28,Benjamin,Rogers,M,24191 Elizabeth Mill,Bolivar,PA,15923,40.3673,-79.1605,1770,"Administrator, local government",1994-12-08,b29b2d02430bd9ba1708c1e3005e9eeb,1381100597,41.180135,-79.918536,1,0.89476264,1
288690,2020-10-06 23:48:59,4755696071492,fraud_Bins-Tillman,entertainment,579.11,Robert,Evans,M,01892 Patricia Vista Apt. 828,Sachse,TX,75048,32.9643,-96.6012,20328,Site engineer,1985-06-20,6231485566b6ebfe132c02ed70c11747,1381103339,32.340867,-96.426617,1,0.9183705,1
288755,2020-10-07 00:48:36,3586955669388457,fraud_Kiehn-Emmerich,grocery_pos,322.47,Benjamin,Rogers,M,24191 Elizabeth Mill,Bolivar,PA,15923,40.3673,-79.1605,1770,"Administrator, local government",1994-12-08,000775d704ed882f306dcf6a998aa326,1381106916,39.629863,-79.309576,1,0.59422463,1
288890,2020-10-07 03:31:33,180067151859700,fraud_Nader-Heller,misc_net,730.3,Karen,Ryan,F,82468 Michelle Village Suite 556,Joliet,IL,60432,41.5378,-88.0572,128354,"Teacher, secondary school",1992-01-20,c0c0185ec74eac2a83cb90bf418fe834,1381116693,41.658024,-88.349071,0,0.7907601,1
289051,2020-10-07 06:50:16,5501083170975659,fraud_Mante Group,misc_net,2419.54,Wayne,Payne,M,587 Bradley Inlet Suite 281,Cuyahoga Falls,OH,44223,41.1464,-81.5107,47772,Equities trader,1966-01-04,a01204522e98946a873385cef231470d,1381128616,40.735022,-81.766019,0,0.8111354,1
289494,2020-10-07 14:47:14,4755696071492,fraud_Auer-West,shopping_net,1001.16,Robert,Evans,M,01892 Patricia Vista Apt. 828,Sachse,TX,75048,32.9643,-96.6012,20328,Site engineer,1985-06-20,f6476c710b517871348d04b35d5f8172,1381157234,33.060539,-96.882452,1,0.5121415,1
289606,2020-10-07 16:07:33,676298633337,fraud_Predovic Inc,shopping_net,842.29,Jessica,Werner,F,4529 Cannon Alley,Center Point,WV,26339,39.4125,-80.6352,255,Chief Executive Officer,1971-12-10,fe6f64b1104331ffa33b72df346f02dd,1381162053,39.586538,-80.838899,0,0.6910905,1
289781,2020-10-07 18:13:28,3586955669388457,"fraud_Reichert, Shanahan and Hayes",shopping_net,1081.63,Benjamin,Rogers,M,24191 Elizabeth Mill,Bolivar,PA,15923,40.3673,-79.1605,1770,"Administrator, local government",1994-12-08,bbc7867d04521d26965a7ee0e796112f,1381169608,40.574216,-78.399454,1,0.8410359,1
289940,2020-10-07 20:12:34,4998109455173950,"fraud_Ritchie, Bradtke and Stiedemann",travel,1067.0,Mary,Pruitt,F,2819 Luke Greens Suite 563,Kansas City,MO,64114,38.9621,-94.5959,545147,Counsellor,1987-11-18,2c51ff1f0b36df126c7449fda922ef22,1381176754,38.014442,-95.498247,0,0.5640692,1
289963,2020-10-07 20:34:44,376656886990758,fraud_Kunde-Sanford,misc_net,536.09,Richard,Vance,M,169 Shelia Knoll Suite 753,Zavalla,TX,75980,31.1569,-94.3871,2836,"Designer, jewellery",1985-12-03,3a5531264ec9e892305ee09ab6232132,1381178084,30.697427,-94.255777,0,0.79349977,1
289966,2020-10-07 20:38:04,2285066385084291,"fraud_Okuneva, Schneider and Rau",shopping_pos,1276.59,Richard,Brown,M,17819 Jose Mount Suite 657,Heidelberg,MS,39439,31.882,-88.9981,4573,"Exhibitions officer, museum/gallery",1988-02-15,7e1d9d92023465303f4f0b9c79e823da,1381178284,32.477268,-89.23232800000001,0,0.83911675,1
290070,2020-10-07 22:03:45,6597248210463122,fraud_Doyle Ltd,grocery_pos,322.76,Kyle,Wright,M,610 Samantha Park Suite 149,Whittemore,IA,50598,43.0261,-94.4064,912,Optometrist,1968-05-16,b00ca1e15067fb08868a9b347edad692,1381183425,42.43482,-94.09866,1,0.78012896,1
290084,2020-10-07 22:14:41,6597248210463122,"fraud_Parker, Nolan and Trantow",entertainment,637.33,Kyle,Wright,M,610 Samantha Park Suite 149,Whittemore,IA,50598,43.0261,-94.4064,912,Optometrist,1968-05-16,94c60925facbb4fe2c41854e36aabb89,1381184081,42.663504,-94.72486,1,0.98535514,1
290093,2020-10-07 22:20:10,6597248210463122,fraud_Heathcote LLC,shopping_net,979.63,Kyle,Wright,M,610 Samantha Park Suite 149,Whittemore,IA,50598,43.0261,-94.4064,912,Optometrist,1968-05-16,bedbade8832d0fdda6b7de38fd99e895,1381184410,42.105952,-93.943391,1,0.977585,1
290102,2020-10-07 22:26:49,344342339068828,fraud_Nader-Heller,misc_net,650.68,Ruth,Fuller,F,37732 Joe Courts Apt. 752,Darien,GA,31305,31.3826,-81.4312,5989,Tax adviser,1967-05-05,b544308c3c9888e5ee0bca70045e93ef,1381184809,31.781767,-81.753613,1,0.98865813,1
290124,2020-10-07 22:40:08,3586955669388457,fraud_Price Inc,shopping_net,955.07,Benjamin,Rogers,M,24191 Elizabeth Mill,Bolivar,PA,15923,40.3673,-79.1605,1770,"Administrator, local government",1994-12-08,2c1a1769bab3626f6a11b5e8cfd884d1,1381185608,40.18983,-79.982555,1,0.8816108,1
290150,2020-10-07 22:59:38,6597248210463122,"fraud_Mosciski, Gislason and Mertz",grocery_pos,334.54,Kyle,Wright,M,610 Samantha Park Suite 149,Whittemore,IA,50598,43.0261,-94.4064,912,Optometrist,1968-05-16,911bd1e0f9bd356d0b5d170de8a69dfc,1381186778,43.688634,-94.840344,1,0.90170395,1
290196,2020-10-07 23:31:07,344342339068828,"fraud_Gottlieb, Considine and Schultz",shopping_net,1113.91,Ruth,Fuller,F,37732 Joe Courts Apt. 752,Darien,GA,31305,31.3826,-81.4312,5989,Tax adviser,1967-05-05,1401cd12cfbc9f257e79257581276036,1381188667,30.655461,-82.152335,1,0.96545726,1
290302,2020-10-08 01:29:39,4708992452821239,fraud_Kunde-Sanford,misc_net,462.48,Jared,Walters,M,3326 Hannah Fords,Cord,AR,72524,35.8184,-91.3375,376,"Designer, ceramics/pottery",1938-09-08,e7dc6ef8f5b8e0be98336b6e7558deb6,1381195779,36.005834,-91.56906,0,0.60437876,1
290607,2020-10-08 07:15:35,4119762878330989,fraud_Morissette PLC,shopping_pos,2042.2,Melinda,Gutierrez,F,1497 West Gateway,Eureka,IL,61530,40.7152,-89.2706,6713,Archivist,1945-08-19,4e21998889202f2808a1096b32429ce2,1381216535,40.176325,-89.592711,0,0.8135364,1
290794,2020-10-08 10:58:29,4981132848794,fraud_Lebsack and Sons,misc_net,533.64,Joseph,Spencer,M,7854 Stephanie Island Suite 788,Holloway,OH,43985,40.0113,-80.9701,128,Child psychotherapist,1946-04-03,af91949bc50e0809af7a8c4ee6a9bbf7,1381229909,40.251721,-80.31318,0,0.9271098,1
291299,2020-10-08 17:38:57,372509258176510,"fraud_Daugherty, Pouros and Beahan",shopping_pos,1255.81,Kristen,Hanson,F,26544 Andrea Glen,Goodrich,MI,48438,42.9147,-83.4845,6951,Learning disability nurse,1985-06-18,00e9605eadc0cfecbd06b20b25c30e8e,1381253937,42.084174,-83.267501,0,0.8856983,1
291304,2020-10-08 17:43:12,3560797065840735,fraud_Brown PLC,misc_net,1219.02,Janet,Turner,F,0925 Lang Extensions,Shields,ND,58569,46.1838,-101.2589,77,Film/video editor,1989-12-17,c8e2aa0127a832aa4b1e6a80eb56882d,1381254192,46.03839,-101.171322,0,0.94442177,1
291400,2020-10-08 18:46:03,373905417449658,"fraud_Reichert, Shanahan and Hayes",shopping_net,710.79,Sarah,Bishop,F,554 Mcdonald Valley Apt. 539,Meridian,TX,76665,31.929,-97.6443,2526,Phytotherapist,1970-11-12,8a7b4983008764c36e9946f0d7b963f2,1381257963,31.654021000000004,-98.424965,0,0.5703635,1
291472,2020-10-08 19:28:45,6011724471098086,fraud_Mohr-Bayer,shopping_net,1009.29,Ann,Lawson,F,144 Evans Islands Apt. 683,Burbank,WA,99323,46.1966,-118.9017,3684,Musician,1981-11-29,0f44d0ebe8c08aafcb06c86968603976,1381260525,46.163556,-118.724562,0,0.88135237,1
291732,2020-10-08 22:32:09,6597248210463122,fraud_Hickle Group,shopping_pos,798.05,Kyle,Wright,M,610 Samantha Park Suite 149,Whittemore,IA,50598,43.0261,-94.4064,912,Optometrist,1968-05-16,e9989706afb4b7b0b346fd8b69fe6146,1381271529,43.062934000000006,-94.974793,1,0.9344398,1
291752,2020-10-08 22:47:45,344342339068828,fraud_Pouros-Conroy,shopping_pos,922.5,Ruth,Fuller,F,37732 Joe Courts Apt. 752,Darien,GA,31305,31.3826,-81.4312,5989,Tax adviser,1967-05-05,b92c802d0f1b68fcdf4e6aa1d382de1d,1381272465,32.279849,-80.66596,1,0.9041184,1
291763,2020-10-08 22:59:33,344342339068828,fraud_Terry-Huel,shopping_net,1185.79,Ruth,Fuller,F,37732 Joe Courts Apt. 752,Darien,GA,31305,31.3826,-81.4312,5989,Tax adviser,1967-05-05,ae628165c599878ab4c993306a9cd4c2,1381273173,31.003531,-80.97782600000001,1,0.97018605,1
291823,2020-10-08 23:43:26,6597248210463122,fraud_Schumm PLC,shopping_net,1012.1,Kyle,Wright,M,610 Samantha Park Suite 149,Whittemore,IA,50598,43.0261,-94.4064,912,Optometrist,1968-05-16,51bb0d742b59177867a9b012fac80f1b,1381275806,43.305787,-95.384359,1,0.9846623,1
291839,2020-10-08 23:52:34,6597248210463122,fraud_Flatley-Durgan,misc_net,740.92,Kyle,Wright,M,610 Samantha Park Suite 149,Whittemore,IA,50598,43.0261,-94.4064,912,Optometrist,1968-05-16,d1983d08942dd53904786290ad38ea84,1381276354,43.671,-93.830297,1,0.99171805,1
291916,2020-10-09 01:09:29,6538891242532018,"fraud_Bernier, Volkman and Hoeger",misc_net,405.88,Jodi,Rodriguez,F,5796 Lee Coves Apt. 286,Walnut Ridge,AR,72476,36.0244,-90.9288,7155,"Engineer, control and instrumentation",1977-03-23,af46a91f696c1aff56289232a656573e,1381280969,35.319181,-90.590176,0,0.5143674,1
292174,2020-10-09 05:14:40,2576709887791552,fraud_Hudson-Grady,shopping_pos,3119.87,Joseph,Morgan,M,126 Underwood Drive,San Diego,CA,92128,33.0067,-117.069,1241364,Chartered public finance accountant,1959-08-05,49394c2e1414f4bf475ab654faa91acf,1381295680,32.341412,-116.10738700000002,0,0.76290154,1
292347,2020-10-09 08:10:25,213173753804333,fraud_Dooley Inc,shopping_pos,1330.11,Joseph,Wagner,M,822 Austin Spur,North Judson,IN,46366,41.2244,-86.6966,5791,"Doctor, general practice",1959-10-07,f6071d28cdb9234f1353f12d50e4db24,1381306225,41.915144,-86.007716,0,0.70678157,1
292555,2020-10-09 11:38:48,4836998673805450,"fraud_Jones, Sawayn and Romaguera",misc_net,662.74,Susan,Hardy,F,516 Brown Parks,Manistique,MI,49854,46.0062,-86.2555,6469,Trade mark attorney,1979-04-12,2d4afb6328a946c1d9bef337b6dfcf4a,1381318728,45.821078,-86.182665,0,0.6526099,1
292577,2020-10-09 11:56:01,4306630852918,fraud_Auer-West,shopping_net,1377.36,Maureen,Garza,F,169 Edward Inlet,Saint Louis,MO,63131,38.6171,-90.4504,927396,Occupational hygienist,1960-03-12,c4f69f00b7f8544be7fbe585fa1bbbe6,1381319761,39.188369,-91.153175,0,0.85886514,1
292741,2020-10-09 13:38:32,6011724471098086,fraud_Mohr Inc,shopping_pos,1473.79,Ann,Lawson,F,144 Evans Islands Apt. 683,Burbank,WA,99323,46.1966,-118.9017,3684,Musician,1981-11-29,441fcf71a21e152fac45d92daa0a6a5b,1381325912,47.10018,-119.070235,0,0.8444437,1
293245,2020-10-09 18:53:55,6592243974328236,fraud_Donnelly PLC,misc_net,2522.05,Philip,Hart,M,97405 Vazquez Plains,Montgomery,AL,36111,32.3374,-86.2715,214703,"Chemist, analytical",1994-10-07,04e63c3c31da83ccd884299e30d93f4d,1381344835,32.894863,-86.905573,0,0.92795783,1
293570,2020-10-09 22:14:21,213199865312311,fraud_Medhurst PLC,shopping_net,974.22,Christopher,Miller,M,493 Fitzgerald Fields Suite 454,Varnell,GA,30756,34.9298,-84.9885,74,Pensions consultant,1944-05-14,b4cf2e6382a71938572113abf336c557,1381356861,35.474032,-84.635485,1,0.9828775,1
293629,2020-10-09 22:52:14,213199865312311,fraud_Jaskolski-Vandervort,misc_net,845.7,Christopher,Miller,M,493 Fitzgerald Fields Suite 454,Varnell,GA,30756,34.9298,-84.9885,74,Pensions consultant,1944-05-14,814440511bbf4619e7ebdc512be127f9,1381359134,35.423928000000004,-84.891228,1,0.9926535,1
293670,2020-10-09 23:10:32,213199865312311,fraud_Kunde-Sanford,misc_net,750.35,Christopher,Miller,M,493 Fitzgerald Fields Suite 454,Varnell,GA,30756,34.9298,-84.9885,74,Pensions consultant,1944-05-14,b11e3a28ad0b3b6f3fbc2b0c8ee4d9f8,1381360232,33.992163,-84.091418,1,0.9928189,1
293866,2020-10-10 01:51:28,377550167323848,fraud_Huel-Langworth,misc_net,1757.21,Kevin,Walters,M,87227 Tapia Burgs,Auburn,ME,4210,44.0948,-70.23899999999999,23045,Tourist information centre manager,1958-09-02,09e004650d5c1640c559e999e0737ed0,1381369888,43.204467,-70.907963,0,0.75440335,1
294254,2020-10-10 08:06:57,6524376634971418,"fraud_Cremin, Hamill and Reichel",misc_pos,1553.94,Jasmine,Foster,F,954 White Alley Apt. 251,Phil Campbell,AL,35581,34.347,-87.7154,5778,"Engineer, aeronautical",1952-12-05,4cbc756d795a1ab2e10ce7168390d606,1381392417,35.075451,-87.531983,0,0.8104855,1
294363,2020-10-10 09:56:01,581686439828,"fraud_Rodriguez, Yost and Jenkins",misc_net,793.86,Larry,House,M,911 Sabrina Trafficway,Cochranton,PA,16314,41.5205,-80.0573,5507,Retail merchandiser,1973-07-28,d1a08b416c026341e8c67e03b184cb04,1381398961,42.349790000000006,-80.164938,0,0.7184621,1
294463,2020-10-10 11:39:47,3577596616955856,"fraud_Cremin, Hamill and Reichel",misc_pos,520.19,David,Rogers,M,265 Mullen Park Apt. 307,Summerfield,NC,27358,36.2245,-79.8901,14075,"Buyer, industrial",1929-04-22,b358483192aeef7293550b041f6cba63,1381405187,36.573942,-80.662367,0,0.8055108,1
294744,2020-10-10 14:28:22,3501509250702469,fraud_Fisher Inc,shopping_net,2672.88,Frank,Anderson,M,0611 Stafford Valley Suite 504,Naples,FL,34112,26.1184,-81.7361,276002,"Programme researcher, broadcasting/film/video",1979-01-02,748c0af7a120eff74305c8090054482a,1381415302,26.508974,-81.380994,0,0.86722237,1
294754,2020-10-10 14:33:35,213199865312311,fraud_Bogisich-Homenick,misc_net,908.8,Christopher,Miller,M,493 Fitzgerald Fields Suite 454,Varnell,GA,30756,34.9298,-84.9885,74,Pensions consultant,1944-05-14,a178fa4112de6516b28dcaeaddc8ab89,1381415615,35.308297,-85.843589,1,0.98046416,1
294871,2020-10-10 15:43:04,4400011257587661852,"fraud_Altenwerth, Cartwright and Koss",shopping_net,2196.45,Marissa,Powell,F,474 Allen Haven,North Loup,NE,68859,41.4972,-98.7858,509,"Nurse, children's",1980-09-15,776bfffce9bbe562b33adedeca96fd30,1381419784,41.046068,-99.506459,0,0.89738965,1
294948,2020-10-10 16:27:46,6011724471098086,"fraud_Swaniawski, Lowe and Robel",shopping_pos,2270.11,Ann,Lawson,F,144 Evans Islands Apt. 683,Burbank,WA,99323,46.1966,-118.9017,3684,Musician,1981-11-29,1661c6568fa1cf2813972a185f327388,1381422466,45.63293,-119.656278,0,0.9142206,1
294960,2020-10-10 16:35:24,3575789281659026,fraud_Pouros-Haag,shopping_pos,1315.83,Lindsay,Wilson,F,7618 Gonzales Mission,Centerview,MO,64019,38.7897,-93.8702,2368,Electronics engineer,1989-07-17,bac59a292b44b14bad38cbd5e88118c6,1381422924,38.842308,-94.800835,0,0.85701513,1
295058,2020-10-10 17:34:05,6011893664860915,fraud_Kris-Padberg,shopping_pos,1266.08,Erin,Chavez,F,3379 Williams Common,Littleton,CO,80120,39.5994,-105.0044,320420,Water engineer,1975-07-31,7cacbbfb6270f393059ee7145e2056ed,1381426445,40.520154,-105.758155,0,0.93700516,1
295096,2020-10-10 18:02:29,4229733778084049,"fraud_Lehner, Reichert and Mills",misc_pos,822.61,Tyler,Mills,M,7838 Jason Squares,Elizabethtown,KY,42701,37.6848,-85.8784,48194,Surgeon,1990-05-03,08ecf08947ac3d2e660268cf4ec839d1,1381428149,38.004189,-85.46911,0,0.8730661,1
295500,2020-10-10 22:07:21,4104312520615374,"fraud_Swaniawski, Lowe and Robel",shopping_pos,1001.85,Brooke,Rodriguez,F,901 Todd Gardens Apt. 466,Mountain Center,CA,92561,33.6401,-116.5567,1661,"Therapist, music",1988-09-19,972a1a17dc018da6db1d52134a192ac9,1381442841,32.660971,-115.611352,1,0.75895065,1
295559,2020-10-10 22:47:11,213199865312311,fraud_Lebsack and Sons,misc_net,846.93,Christopher,Miller,M,493 Fitzgerald Fields Suite 454,Varnell,GA,30756,34.9298,-84.9885,74,Pensions consultant,1944-05-14,0248835bf2354a461c71f3f29095e2a7,1381445231,35.019090000000006,-85.17868399999999,1,0.9926587,1
295577,2020-10-10 22:57:03,30238755902988,fraud_Lynch Ltd,shopping_pos,2242.08,Danielle,Yu,F,5395 Colon Burgs Suite 037,Thrall,TX,76578,30.592,-97.2893,1766,Press sub,1976-01-02,a3ffa7429ea14f94065492dfbfa5336b,1381445823,30.852624,-97.279607,0,0.9506272,1
295596,2020-10-10 23:07:15,213178765398315,"fraud_Roob, Conn and Tremblay",shopping_pos,1265.69,Alan,Colon,M,748 Bryan Fields Suite 935,Riverton,WY,82501,43.0351,-108.2024,19408,"Lecturer, higher education",1993-09-11,0c4e77e59fe2900c4d772cdfbeeec46b,1381446435,43.152171,-108.406404,0,0.94561017,1
295605,2020-10-10 23:10:31,60416207185,fraud_Kassulke PLC,shopping_net,1404.3,Mary,Diaz,F,9886 Anita Drive,Fort Washakie,WY,82514,43.0048,-108.8964,1645,Information systems manager,1986-02-17,75d7ae23220fb35adf09b3132fe7f654,1381446631,42.602349,-109.826055,0,0.97096133,1
295643,2020-10-10 23:38:30,213112402583773,"fraud_Schuppe, Nolan and Hoeger",shopping_pos,662.36,Ana,Howell,F,4664 Sanchez Common Suite 930,Bradley,SC,29819,34.0326,-82.2027,1523,Research scientist (physical sciences),1984-06-03,25b0b6fe881a6be36d07871b1c44c2ba,1381448310,34.409809,-81.64189300000001,0,0.562769,1
295699,2020-10-11 00:18:18,4599735407877245080,fraud_Christiansen-Gusikowski,misc_pos,977.07,Mary,Myers,F,39787 Pamela Fall Suite 639,Tiptonville,TN,38079,36.3846,-89.4649,5577,Geochemist,1964-12-30,255c74ea1f5c55266dfdb3e5fb9374bf,1381450698,36.92842,-88.6614,0,0.5980255,1
295962,2020-10-11 03:06:41,38530489946071,fraud_Stamm-Witting,shopping_net,997.42,Laura,Johns,F,95835 Garcia Rue,Arcadia,SC,29320,34.9572,-81.9916,530,Animal technologist,1989-05-14,9366d4826322ac9f08c4ebd418be979b,1381460801,34.854169,-81.676624,1,0.5691591,1
296061,2020-10-11 04:09:58,3514897282719543,fraud_Mohr Inc,shopping_pos,3487.37,Steven,Faulkner,M,841 Cheryl Centers Suite 115,Farmington,NY,14425,42.958,-77.3083,10717,Cytogeneticist,1952-10-13,956188a39786b033e04cf320603c3290,1381464598,42.068122,-77.232537,0,0.8251899,1
296478,2020-10-11 09:01:28,30546453310167,fraud_Johns-Hoeger,entertainment,801.44,Nicholas,Tran,M,672 Randall Burg Suite 551,Belmont,NH,3220,43.4512,-71.48899999999999,7430,"Scientist, research (medical)",1955-01-13,222fe4127226d31df01ed1cd4f3f9ba1,1381482088,42.788092,-71.727073,0,0.81514627,1
297159,2020-10-11 15:23:10,5456712664803820,"fraud_Kihn, Abernathy and Douglas",shopping_net,957.37,Pamela,Matthews,F,36659 Smith Club Apt. 080,Llano,NM,87543,36.1486,-105.6648,247,Architectural technologist,1961-10-24,ee170d4daf60808467805259077ae2c9,1381504990,36.526666,-104.864936,1,0.8794033,1
297298,2020-10-11 16:19:50,373905417449658,fraud_Kerluke-Abshire,shopping_net,1292.7,Sarah,Bishop,F,554 Mcdonald Valley Apt. 539,Meridian,TX,76665,31.929,-97.6443,2526,Phytotherapist,1970-11-12,883e9d90a782093c71033d974b9d3c00,1381508390,32.398551,-97.074067,0,0.89387584,1
297619,2020-10-11 18:47:33,4587577161160601,"fraud_Turner, Ruecker and Parisian",misc_pos,678.49,Tina,Lawrence,F,12444 Jacob Pines,Nobleboro,ME,4555,44.0943,-69.4828,1643,Financial trader,1976-04-12,91143ccdd8d3efbfb51af6d8c2cebd66,1381517253,44.189855,-69.639974,0,0.663924,1
297808,2020-10-11 20:09:03,5456712664803820,"fraud_Mosciski, Ziemann and Farrell",shopping_net,952.33,Pamela,Matthews,F,36659 Smith Club Apt. 080,Llano,NM,87543,36.1486,-105.6648,247,Architectural technologist,1961-10-24,45c67b5ae130e9c063ef2b82ff9cb9e0,1381522143,36.869406,-105.825118,1,0.9659747,1
298141,2020-10-11 22:25:32,5456712664803820,fraud_Ankunding LLC,shopping_net,917.14,Pamela,Matthews,F,36659 Smith Club Apt. 080,Llano,NM,87543,36.1486,-105.6648,247,Architectural technologist,1961-10-24,38e4f0466ea4f65230d17e94f315e651,1381530332,35.615616,-105.517696,1,0.96831024,1
298184,2020-10-11 22:37:25,60416207185,fraud_Boyer PLC,shopping_net,702.87,Mary,Diaz,F,9886 Anita Drive,Fort Washakie,WY,82514,43.0048,-108.8964,1645,Information systems manager,1986-02-17,db789e83487b7aa6a0bea741e536420a,1381531045,43.177821,-108.967821,0,0.6400056,1
298232,2020-10-11 22:58:39,3559679414981506,fraud_Denesik and Sons,shopping_pos,741.05,Olivia,Stephenson,F,292 Cassidy Oval,Lowville,NY,13367,43.7893,-75.4156,8830,Theme park manager,1991-03-29,bf66e03cb016920950598607e26f3276,1381532319,44.079667,-74.655587,0,0.5282396,1
298293,2020-10-11 23:16:47,3595192916105588,"fraud_Baumbach, Strosin and Nicolas",shopping_pos,1069.15,Dustin,Roberts,M,3283 James Station,Fayetteville,NC,28314,35.0583,-79.008,238602,"Scientist, research (maths)",1993-05-14,1c8609bd473e00c882fb76e95d03d1f6,1381533407,35.38592,-78.29355100000001,0,0.895691,1
298406,2020-10-11 23:59:38,30561214688470,fraud_Pacocha-Bauch,shopping_pos,1064.62,Gina,Morrison,F,41851 Victor Drives Suite 219,Allentown,PA,18103,40.5891,-75.4645,166081,"Scientist, research (maths)",1998-10-01,3478280b27711f01829239c23945e3c8,1381535978,39.946695,-74.830836,0,0.88342017,1
298433,2020-10-12 00:10:38,4178097073221156,fraud_Lebsack and Sons,misc_net,551.28,Jill,Flores,F,639 Cruz Islands,Baroda,MI,49101,41.9488,-86.4913,3104,"Horticulturist, commercial",1981-03-29,789e963eda3579b834e31afb8b3d524a,1381536638,42.36355,-86.589711,0,0.8612234,1
298613,2020-10-12 01:48:07,3589289942931264,"fraud_Jones, Sawayn and Romaguera",misc_net,1203.92,Paula,Estrada,F,350 Stacy Glens,Spencer,SD,57374,43.7557,-97.5936,343,"Development worker, international aid",1972-03-05,19e66d36b99da25cf0d790564c30a6c4,1381542487,43.474988,-98.488354,0,0.69305426,1
298964,2020-10-12 05:09:14,4989847570577635369,fraud_Kunde-Sanford,misc_net,887.8,Vanessa,Anderson,F,21178 Brittney Locks,Prosperity,SC,29127,34.1832,-81.5324,8333,Archaeologist,1994-07-09,1701c4185bf6dc3ed6cae35322149ad2,1381554554,33.700692,-81.87266600000001,0,0.6984849,1
299039,2020-10-12 05:54:41,180094419304907,fraud_Kuhn LLC,misc_net,559.06,Sharon,Smith,F,17666 David Valleys,Sun City,CA,92585,33.7467,-117.1721,54287,"Designer, exhibition/display",1972-09-22,bd4fac60a784eb9177ae3da081341b27,1381557281,33.751012,-116.488658,0,0.54810405,1
299264,2020-10-12 08:11:40,3513506355699497,fraud_McGlynn-Jaskolski,misc_pos,1232.06,Sarah,Adams,F,5654 Peterson Land,Ridgeland,MS,39157,32.4122,-90.1207,24645,"Scientist, clinical (histocompatibility and immunogenetics)",1966-05-29,4fea5e6c2f82bde5ac4067a8ee046e50,1381565500,33.111714,-90.892896,0,0.62865204,1
299837,2020-10-12 13:00:15,2285066385084291,fraud_Lemke and Sons,travel,3103.14,Richard,Brown,M,17819 Jose Mount Suite 657,Heidelberg,MS,39439,31.882,-88.9981,4573,"Exhibitions officer, museum/gallery",1988-02-15,67a51aac5af9e4d2a3bdffe8a11b1a77,1381582815,32.772316,-89.476651,0,0.8368064,1
300045,2020-10-12 14:23:35,4859525594182537,fraud_Mohr-Bayer,shopping_net,2621.46,Rebecca,Farley,F,383 Long Islands,Downsville,NY,13755,42.0716,-75.0152,1228,"Psychotherapist, child",1990-02-25,1ce7f8c558aa8be4d7e4016c8006cb0e,1381587815,42.732864,-75.091454,0,0.88793004,1
300424,2020-10-12 16:42:33,2235613922823698,fraud_Mohr Inc,shopping_pos,3224.39,Melissa,Mcclure,F,2027 Snyder Track,Manville,WY,82227,42.73,-104.7024,241,Educational psychologist,1980-12-16,6c38bcfd54d8f3ba7594e29b96807be2,1381596153,42.963629,-105.127173,0,0.9002019,1
300494,2020-10-12 17:10:40,4514242065619750,fraud_Botsford Ltd,shopping_pos,1132.49,Janet,Carpenter,F,9870 Collins Flat,Laramie,WY,82072,41.4247,-105.4781,35371,"Pilot, airline",1988-09-02,6ca698d0adc927276ca2ab7095428fe1,1381597840,40.685898,-104.968101,0,0.7760052,1
300589,2020-10-12 17:42:06,3551217896304745,fraud_Little-Gleichner,travel,3404.91,Sara,Harris,F,597 Jenny Ford Apt. 543,Tupper Lake,NY,12986,44.232,-74.4905,6120,Chartered loss adjuster,1976-10-09,84bbe6a10b547bee2b9af87c7b2a8c0d,1381599726,44.893964,-73.902082,0,0.90750295,1
300940,2020-10-12 19:50:31,6011893664860915,fraud_Boyer-Reichert,shopping_net,1064.23,Erin,Chavez,F,3379 Williams Common,Littleton,CO,80120,39.5994,-105.0044,320420,Water engineer,1975-07-31,ad4c72f22586ff3c53c3b1fe3a156069,1381607431,40.414682,-105.853007,0,0.93803793,1
301122,2020-10-12 21:03:20,4099707841315751,"fraud_Wintheiser, Dietrich and Schimmel",misc_pos,709.17,James,Stephens,M,1166 Castillo Mountains,Ruckersville,VA,22968,38.2586,-78.4074,9815,"Designer, ceramics/pottery",1975-07-07,ea5e087a4da3c869b7c0df0c43196a45,1381611800,38.60903,-77.800989,0,0.9199731,1
301343,2020-10-12 22:25:05,4561546772499,"fraud_Terry, Johns and Bins",misc_pos,638.98,Daniel,Briggs,M,7118 Jessica Unions Apt. 789,Moriarty,NM,87035,34.9889,-106.0609,7268,"Therapist, art",1988-08-04,15d32a37701224f89b51f0d9fe7a00d2,1381616705,35.281269,-105.805823,0,0.60172343,1
301389,2020-10-12 22:39:09,5456712664803820,"fraud_Schuppe, Nolan and Hoeger",shopping_pos,842.07,Pamela,Matthews,F,36659 Smith Club Apt. 080,Llano,NM,87543,36.1486,-105.6648,247,Architectural technologist,1961-10-24,1069fb2d1dc278dbe886f3d191cd116c,1381617549,36.807533,-106.651408,1,0.8415802,1
301528,2020-10-12 23:28:15,38530489946071,fraud_Torphy-Goyette,shopping_pos,1030.78,Laura,Johns,F,95835 Garcia Rue,Arcadia,SC,29320,34.9572,-81.9916,530,Animal technologist,1989-05-14,1faa1c90ecf2f5419c4f838fc420139d,1381620495,34.730612,-82.966095,1,0.7886519,1
301539,2020-10-12 23:32:57,4048508450704760,fraud_Mohr-Bayer,shopping_net,4450.0,Cheryl,Melton,F,5053 Bell Crescent Apt. 255,Fullerton,NE,68638,41.36600000000001,-98.0054,1749,"Surveyor, mining",1973-05-07,82d9aff00cdb6e6a7f0e5f532e68f9b7,1381620777,42.335961,-98.997009,0,0.9476077,1
301807,2020-10-13 02:20:06,4474324669797121,fraud_Huel-Langworth,misc_net,771.71,Matthew,Russell,M,168 Michael Coves Suite 343,June Lake,CA,93529,37.7773,-119.0825,633,Health service manager,1927-09-09,89cf88a8f16ae933be5f5c4660b086df,1381630806,37.543756,-118.386619,0,0.6088636,1
301866,2020-10-13 02:57:06,4129767952109660,fraud_Bednar Group,misc_net,898.83,Cheryl,Ballard,F,248 James Squares Apt. 838,Halstad,MN,56548,47.3551,-96.798,771,"Scientist, audiological",1972-06-14,2bf5044c1b44ba912cd3700755b4eac2,1381633026,48.192149,-96.998591,1,0.71746486,1
301965,2020-10-13 04:04:36,4862293128558,fraud_Dooley-Thompson,misc_net,467.42,Elizabeth,Payne,F,897 Daugherty Mission,Grassflat,PA,16839,41.0036,-78.1104,489,Pension scheme manager,1956-09-15,46df702216f10b34c1174522a7a1772d,1381637076,41.873423,-77.25171,0,0.54141515,1
302523,2020-10-13 09:39:55,560881134780,fraud_Kerluke Inc,misc_net,808.21,Audrey,Martinez,F,343 Joshua Views,Liberty Mills,IN,46946,41.0356,-85.7358,136,Soil scientist,1953-03-19,cd4628ad3eb781919fefc50d96f443ed,1381657195,40.786093,-85.190892,0,0.86540335,1
302906,2020-10-13 12:55:25,2283743876903625,fraud_Reichert-Weissnat,travel,7886.26,Shannon,Williams,F,9345 Spencer Junctions Suite 183,Alpharetta,GA,30009,34.077,-84.3033,165556,Prison officer,1997-12-27,874bbbf9350d05cc701062340520d28a,1381668925,33.666478999999995,-83.44666099999999,0,0.8625135,1
303337,2020-10-13 15:28:58,6011231546538393,fraud_Pouros-Conroy,shopping_pos,6111.78,Johnny,Bennett,M,321 Camacho Causeway,Boonton,NJ,7005,40.9115,-74.414,15269,"Psychologist, sport and exercise",1993-07-05,5cce8d2941d82e2d65e3635cea08c97c,1381678138,41.461943,-74.827069,0,0.89342266,1
303481,2020-10-13 16:28:09,3501942333500073,"fraud_Rohan, White and Aufderhar",misc_net,862.79,Lori,Bishop,F,08056 Alvarado Club Suite 699,Phoenix,AZ,85086,33.8155,-112.1202,1312922,Counselling psychologist,1999-11-30,f14c965d759ca430e37af1c886756b88,1381681689,34.087731,-112.235272,0,0.5934356,1
304249,2020-10-13 21:25:00,3533742182628021,fraud_Morissette PLC,shopping_pos,1082.9,Robert,Haynes,M,857 Aaron Circles Suite 398,Johns Island,SC,29455,32.8357,-79.8217,20478,Materials engineer,1997-06-04,dbdb40bc62a56bbb23e364bf7dd58e9a,1381699500,33.206753000000006,-79.095965,0,0.6294592,1
304327,2020-10-13 22:06:00,3560797065840735,fraud_Mohr-Bayer,shopping_net,971.17,Janet,Turner,F,0925 Lang Extensions,Shields,ND,58569,46.1838,-101.2589,77,Film/video editor,1989-12-17,c74e5a74ce25b685cf1057900d84dc42,1381701960,45.51914,-101.073397,0,0.9375927,1
304345,2020-10-13 22:12:45,4129767952109660,fraud_Abbott-Rogahn,entertainment,489.67,Cheryl,Ballard,F,248 James Squares Apt. 838,Halstad,MN,56548,47.3551,-96.798,771,"Scientist, audiological",1972-06-14,f2ac30cc79bd9dceb8193eaca5654c18,1381702365,47.019184,-96.292327,1,0.93996775,1
304395,2020-10-13 22:33:58,180036456789979,"fraud_Towne, Greenholt and Koepp",shopping_net,586.36,Mackenzie,Salazar,F,982 Melissa Lock,Bagley,WI,53801,42.9207,-91.0685,878,Risk analyst,1974-11-20,4dc5c7df05e0ad50900ddc0239487ce7,1381703638,43.26209,-90.189808,0,0.7883599,1
304430,2020-10-13 22:46:25,3576431665303017,"fraud_Altenwerth, Cartwright and Koss",shopping_net,1149.04,Jessica,Ward,F,72269 Elizabeth Field Apt. 132,Phoenix,AZ,85020,33.5623,-112.0559,1312922,Contractor,1981-10-24,2a532be5c97346e961a7bcc5b7e01dd9,1381704385,33.37117,-112.15651,0,0.95638186,1
304646,2020-10-14 00:14:39,344342339068828,fraud_Larson-Moen,entertainment,528.49,Ruth,Fuller,F,37732 Joe Courts Apt. 752,Darien,GA,31305,31.3826,-81.4312,5989,Tax adviser,1967-05-05,50a4b1fe8b0de1f81870d4f37d41b153,1381709679,31.748259,-82.407674,0,0.88793546,1
304778,2020-10-14 02:39:06,502012776709,"fraud_Herman, Treutel and Dickens",misc_net,817.9,Sherry,Martinez,F,144 Yu Locks Apt. 754,Garrattsville,NY,13342,42.6315,-75.1866,165,Naval architect,1945-09-20,66d9158c6fd8b658f0389eac5ec9df77,1381718346,43.564491,-75.437782,0,0.7149635,1
305415,2020-10-14 14:22:59,3560318482131952,fraud_Hackett Group,travel,3422.77,William,Skinner,M,524 Wu Spurs Suite 894,Mount Hope,AL,35651,34.4793,-87.4769,1312,"Librarian, academic",1955-02-01,7b9280cd43096f6fa8ba27c7b1296516,1381760579,35.401234,-88.456513,0,0.8921309,1
305546,2020-10-14 16:11:00,675990301623,fraud_Dickinson Ltd,misc_pos,1350.93,Amanda,Spencer,F,6682 Green Forks,Ogdensburg,NJ,7439,41.0767,-74.5982,2456,Senior tax professional/tax inspector,1994-03-13,9e58926eda9b49696608ea37654fafc2,1381767060,40.513813,-73.924983,0,0.90124863,1
305575,2020-10-14 16:32:20,341542810616333,fraud_Kuhic LLC,shopping_net,1019.51,Billy,Mcdonald,M,304 Ryan Port Suite 335,Camden,MO,64017,39.2048,-94.0259,464,Colour technologist,1959-05-28,e292546fc4c745cee7071076638703f6,1381768340,39.765945,-93.170819,1,0.93665177,1
305910,2020-10-14 20:30:13,38295635583927,fraud_Bruen-Yost,misc_pos,686.46,Candice,Brown,F,9412 Harris Mews,O Brien,TX,79539,33.3749,-99.8473,178,Warden/ranger,1983-06-14,8bb7d81353d03a0a25510abd31955690,1381782613,33.438903,-100.668323,0,0.7641663,1
305911,2020-10-14 20:31:52,4210078554961359092,fraud_Breitenberg LLC,travel,1768.35,Valerie,Clark,F,7402 West Ranch,Lowell,OR,97452,43.92100000000001,-122.7806,1420,Systems analyst,1965-11-11,03884134e37c5e40cf6223f31afeedc8,1381782712,43.731269,-123.269749,0,0.9124057,1
306025,2020-10-14 22:13:39,341542810616333,fraud_Klocko LLC,misc_net,823.42,Billy,Mcdonald,M,304 Ryan Port Suite 335,Camden,MO,64017,39.2048,-94.0259,464,Colour technologist,1959-05-28,ad7140309e0b272f178369e3bd501430,1381788819,39.888304,-93.32464,1,0.9916203,1
306045,2020-10-14 22:25:15,3596357274378601,"fraud_Stanton, Jakubowski and Baumbach",shopping_net,1409.05,David,Everett,M,4138 David Fall,Morrisdale,PA,16858,41.0001,-78.2357,3688,Advice worker,1973-05-27,d6f84457a7b534ae7225ff5546ed1d99,1381789515,40.105209,-78.146002,0,0.9769395,1
306087,2020-10-14 23:02:34,3501942333500073,fraud_Price Inc,shopping_net,873.29,Lori,Bishop,F,08056 Alvarado Club Suite 699,Phoenix,AZ,85086,33.8155,-112.1202,1312922,Counselling psychologist,1999-11-30,56438c2ef689e807612fdc21b87ec0a0,1381791754,34.067865999999995,-112.125376,1,0.5463888,1
306107,2020-10-14 23:14:15,346273234529002,"fraud_Baumbach, Hodkiewicz and Walsh",shopping_pos,751.01,Donna,Moreno,F,32301 Albert River Suite 364,Ronceverte,WV,24970,37.7418,-80.4626,4575,Statistician,1991-10-22,806966519a49914628e57d0d4826ad00,1381792455,38.280901,-80.086039,0,0.65676874,1
306120,2020-10-14 23:24:17,341542810616333,fraud_Lockman Ltd,grocery_pos,348.09,Billy,Mcdonald,M,304 Ryan Port Suite 335,Camden,MO,64017,39.2048,-94.0259,464,Colour technologist,1959-05-28,fb0ec5499790a8c2d2e1187c21dfdbce,1381793057,40.08806,-93.079391,1,0.91644734,1
306123,2020-10-14 23:25:17,341542810616333,fraud_Kiehn-Emmerich,grocery_pos,319.27,Billy,Mcdonald,M,304 Ryan Port Suite 335,Camden,MO,64017,39.2048,-94.0259,464,Colour technologist,1959-05-28,ff21bae2d26cde1d5525c0db24cce028,1381793117,39.375428,-93.819125,1,0.98431826,1
306128,2020-10-14 23:30:09,3501942333500073,fraud_Mante Group,misc_net,708.51,Lori,Bishop,F,08056 Alvarado Club Suite 699,Phoenix,AZ,85086,33.8155,-112.1202,1312922,Counselling psychologist,1999-11-30,2002d98258b65bc9d318c2aa6d8b0967,1381793409,33.090936,-112.39668,1,0.8851992,1
306156,2020-10-14 23:48:05,341542810616333,"fraud_Johnson, Runolfsdottir and Mayer",misc_net,806.79,Billy,Mcdonald,M,304 Ryan Port Suite 335,Camden,MO,64017,39.2048,-94.0259,464,Colour technologist,1959-05-28,e71215719785073ee70305bcee532d61,1381794485,38.741744,-94.696218,1,0.99221426,1
306208,2020-10-15 00:20:49,3501942333500073,"fraud_Johnson, Runolfsdottir and Mayer",misc_net,870.55,Lori,Bishop,F,08056 Alvarado Club Suite 699,Phoenix,AZ,85086,33.8155,-112.1202,1312922,Counselling psychologist,1999-11-30,e763fb881c5ccda9c0bb3ddeca9d1e10,1381796449,32.975568,-112.378563,1,0.83766794,1
306221,2020-10-15 00:42:27,3501942333500073,"fraud_Rohan, White and Aufderhar",misc_net,850.16,Lori,Bishop,F,08056 Alvarado Club Suite 699,Phoenix,AZ,85086,33.8155,-112.1202,1312922,Counselling psychologist,1999-11-30,5e927b23b196ae5d0b1fdcffb28fffcb,1381797747,33.699068,-113.080882,1,0.8459135,1
306292,2020-10-15 01:49:43,6596735789587928,fraud_Hermann-Gaylord,misc_pos,1405.79,Spencer,Williams,M,1145 Tony Drive Suite 080,Watertown,MN,55388,44.9595,-93.8482,5619,Licensed conveyancer,1959-01-15,e935867b2d7670f7fc789b4b48281632,1381801783,45.4587,-93.043892,0,0.6385614,1
306337,2020-10-15 02:32:37,30042378430132,fraud_Bednar Group,misc_net,939.34,Connor,Grant,M,0654 Kevin Turnpike Apt. 084,Northport,NY,11768,40.9051,-73.3309,21902,Tour manager,1976-05-16,b0716712dc36b41dfcfe8c6747667ebd,1381804357,40.832568,-72.635088,1,0.72402847,1
306434,2020-10-15 04:21:11,3566094707272327,fraud_Nader-Heller,misc_net,788.29,Kristina,Stewart,F,47029 Jimmy Tunnel Apt. 106,Newhall,CA,91321,34.3795,-118.523,34882,Health physicist,1971-04-25,9458cc63d78a2f72ad3672df3a63e612,1381810871,33.772928,-119.41726,0,0.6347949,1
306663,2020-10-15 08:52:04,6547670341037171,"fraud_Ruecker, Beer and Collier",shopping_net,965.48,Bryce,Joseph,M,148 Baker Field,Chester Heights,PA,19017,39.8839,-75.4669,348,Management consultant,1945-05-05,b6cf2e649a7358610713793f9290f193,1381827124,40.029551,-75.045043,0,0.5096129,1
306878,2020-10-15 12:40:19,373213026644490,"fraud_Hahn, Douglas and Schowalter",travel,4112.78,Bobby,Smith,M,3495 Williams Stream,San Diego,CA,92101,32.7185,-117.1593,1241364,Comptroller,1987-11-30,f1abffc1e0fb5e26aa6f76654411daf2,1381840819,33.216971,-117.616121,0,0.8303372,1
307223,2020-10-15 16:41:43,3586008444788268,fraud_Kozey-Boehm,shopping_net,1336.5,Crystal,Fuller,F,000 Jennifer Mills,Issaquah,WA,98027,47.4974,-122.0107,50489,Osteopath,1984-02-29,a594a1b29bb31949f56c48a330f1ef4e,1381855303,48.304481,-122.908097,0,0.900658,1
307561,2020-10-15 20:27:53,341542810616333,fraud_Kuphal-Bartoletti,misc_net,863.5,Billy,Mcdonald,M,304 Ryan Port Suite 335,Camden,MO,64017,39.2048,-94.0259,464,Colour technologist,1959-05-28,9f3edbc7ab0f4883c2db6ee188f9eb12,1381868873,40.075505,-93.371757,1,0.9889859,1
307577,2020-10-15 20:34:33,3590736522064285,"fraud_Schuppe, Nolan and Hoeger",shopping_pos,651.19,Kimberly,Gonzalez,F,72966 Shannon Pass Apt. 391,Bauxite,AR,72011,34.5091,-92.4828,4074,"Scientist, audiological",1975-12-20,4336d69a6ec6f726009569c1d00c3ce6,1381869273,33.703602000000004,-92.09176,0,0.51635027,1
307720,2020-10-15 22:09:38,30042378430132,fraud_Sawayn PLC,shopping_pos,897.6,Connor,Grant,M,0654 Kevin Turnpike Apt. 084,Northport,NY,11768,40.9051,-73.3309,21902,Tour manager,1976-05-16,0e78cd24561fb52e0602545314ba5320,1381874978,40.873668,-73.756381,1,0.871236,1
307744,2020-10-15 22:23:52,3501942333500073,fraud_Pouros-Conroy,shopping_pos,854.43,Lori,Bishop,F,08056 Alvarado Club Suite 699,Phoenix,AZ,85086,33.8155,-112.1202,1312922,Counselling psychologist,1999-11-30,603e91e958bb78fc55c5df6d7b817c9d,1381875832,34.299298,-111.481019,1,0.6646944,1
307760,2020-10-15 22:36:47,3527063666782582,fraud_Stark-Batz,entertainment,582.92,Amanda,Alexander,F,21810 James Mall,Camden,TX,75934,30.9,-94.7547,99,Colour technologist,1965-11-21,13e2165ed892e6eec6528693079be7a6,1381876607,31.621203,-94.697322,1,0.9771737,1
307779,2020-10-15 22:49:25,3527063666782582,"fraud_Reichert, Shanahan and Hayes",shopping_net,1030.08,Amanda,Alexander,F,21810 James Mall,Camden,TX,75934,30.9,-94.7547,99,Colour technologist,1965-11-21,bd8b4948c21cbe3ac04c3ccbd37ec39f,1381877365,31.793523,-95.273698,1,0.9693795,1
307794,2020-10-15 22:55:52,3527063666782582,fraud_Goyette Inc,shopping_net,1012.2,Amanda,Alexander,F,21810 James Mall,Camden,TX,75934,30.9,-94.7547,99,Colour technologist,1965-11-21,24bac5d1d586be631a9ccf58c4c30f1f,1381877752,31.634757,-94.317013,1,0.9728186,1
307797,2020-10-15 23:00:11,3527063666782582,"fraud_Towne, Greenholt and Koepp",shopping_net,908.98,Amanda,Alexander,F,21810 James Mall,Camden,TX,75934,30.9,-94.7547,99,Colour technologist,1965-11-21,f5734f41ee6d1da587fac82c3c9d6101,1381878011,31.074232,-95.508486,1,0.9736834,1
307818,2020-10-15 23:20:27,341542810616333,"fraud_Herman, Treutel and Dickens",misc_net,830.7,Billy,Mcdonald,M,304 Ryan Port Suite 335,Camden,MO,64017,39.2048,-94.0259,464,Colour technologist,1959-05-28,7ba15d28db180c686342282ed3024e53,1381879227,39.191741,-93.640388,1,0.9922725,1
307849,2020-10-15 23:35:28,3527063666782582,fraud_Huel Ltd,misc_net,682.25,Amanda,Alexander,F,21810 James Mall,Camden,TX,75934,30.9,-94.7547,99,Colour technologist,1965-11-21,58e08c61bc0bae3db43a79663829b909,1381880128,30.812155,-95.440475,1,0.99163884,1
307854,2020-10-15 23:39:41,3501942333500073,"fraud_Greenholt, O'Hara and Balistreri",shopping_net,802.42,Lori,Bishop,F,08056 Alvarado Club Suite 699,Phoenix,AZ,85086,33.8155,-112.1202,1312922,Counselling psychologist,1999-11-30,954653c5be2a0f09f1b48579f709cc9a,1381880381,33.019659000000004,-113.034338,1,0.7241931,1
307864,2020-10-15 23:43:49,6011348830550197,fraud_Howe PLC,entertainment,346.53,Samuel,Johnston,M,16285 Jessica Lights,Birmingham,AL,35229,33.4629,-86.7904,493806,Musician,1980-07-12,09e474b8b335683d144181f873d42bde,1381880629,34.202985,-86.68619699999999,0,0.5200137,1
307868,2020-10-15 23:45:07,3527063666782582,"fraud_Kovacek, Dibbert and Ondricka",grocery_pos,312.5,Amanda,Alexander,F,21810 James Mall,Camden,TX,75934,30.9,-94.7547,99,Colour technologist,1965-11-21,42fbd30855f9d3275be4f46b2f2a4c87,1381880707,30.189027000000003,-94.964469,1,0.5313916,1
307895,2020-10-16 00:13:31,30150717898388,fraud_Lesch Ltd,shopping_pos,1541.74,Raymond,Lloyd,M,5930 Rebecca Bridge Apt. 444,Paint Rock,AL,35764,34.7031,-86.3068,653,Paediatric nurse,1966-06-19,3e002d8ea46d5c7f24c471a78b0f6404,1381882411,34.079227,-86.63622600000001,0,0.5253814,1
308053,2020-10-16 03:01:24,30042378430132,fraud_Huel Ltd,misc_net,714.25,Connor,Grant,M,0654 Kevin Turnpike Apt. 084,Northport,NY,11768,40.9051,-73.3309,21902,Tour manager,1976-05-16,1537ced82ebd3654b8431608c59e712e,1381892484,41.436488,-74.17256400000001,1,0.8039595,1
308351,2020-10-16 07:30:41,4377338765909719,fraud_Durgan-Auer,misc_net,1112.08,Nicholas,Mcmahon,M,2123 Jonathan Falls Suite 753,Heiskell,TN,37754,36.115,-84.0438,4729,"Geologist, wellsite",1982-04-19,8781e6987d91602eff87a9b9a60590a3,1381908641,36.709274,-84.175481,0,0.7059954,1
308425,2020-10-16 08:41:00,4986925034905735,"fraud_Roob, Conn and Tremblay",shopping_pos,1134.39,Erika,Gonzalez,F,907 Courtney Via Apt. 896,Irvine,KY,40336,37.6858,-83.9862,13061,"Editor, magazine features",1959-06-18,f7fd5ae68b12881c48f0837e7f075c28,1381912860,37.25686,-83.111478,0,0.52108645,1
308611,2020-10-16 11:53:01,30427035050508,"fraud_Stanton, Jakubowski and Baumbach",shopping_net,1295.41,John,Chandler,M,88325 Brandon Greens Apt. 477,Detroit,MI,48202,42.377,-83.0796,673342,Broadcast presenter,1969-11-20,002a9f999a18e9412198de4c80396d35,1381924381,41.644922,-84.07426099999999,0,0.8817281,1
308638,2020-10-16 12:09:48,6011504998544485,fraud_Schmidt and Sons,shopping_net,2288.39,Ashley,Whitney,F,4038 Smith Avenue,Jones,AL,36749,32.5104,-86.8138,1089,Materials engineer,1971-11-02,9445306558ca7f2ec57369cdccd67f75,1381925388,31.656543,-86.71839200000001,0,0.8558148,1
308963,2020-10-16 15:23:42,374930071163758,fraud_Pagac LLC,shopping_pos,1100.08,Daniel,Escobar,M,61390 Hayes Port,Romulus,MI,48174,42.2203,-83.3583,31515,Police officer,1971-11-05,a972235c88cf3acdf26f3f44e8530a02,1381937022,41.880363,-82.909077,0,0.86334294,1
309067,2020-10-16 16:18:57,180042946491150,fraud_Turcotte-Halvorson,misc_pos,846.02,Charles,Robles,M,3337 Lisa Divide,Saint Petersburg,FL,33710,27.7898,-82.7243,341043,"Engineer, land",1989-02-28,b867f862130d3e4693a12c5e7bea30d4,1381940337,27.161134000000004,-82.845853,0,0.61441356,1
309090,2020-10-16 16:32:10,3504178999463051,"fraud_Gottlieb, Considine and Schultz",shopping_net,920.87,Drew,Garcia,M,70858 Jasmine Meadows Apt. 135,Lima,OH,45801,40.7641,-84.0973,86954,"Copywriter, advertising",1992-07-23,129c09918f9218e0d0450af427e551c8,1381941130,39.78937,-83.169515,0,0.5843051,1
309250,2020-10-16 18:12:37,213178765398315,"fraud_Moore, Dibbert and Koepp",misc_net,846.42,Alan,Colon,M,748 Bryan Fields Suite 935,Riverton,WY,82501,43.0351,-108.2024,19408,"Lecturer, higher education",1993-09-11,c210a75fe49f1c39ea7d53449c7510c8,1381947157,43.32433,-108.869045,0,0.93731153,1
309296,2020-10-16 18:35:25,30042378430132,fraud_Fisher Inc,shopping_net,1094.32,Connor,Grant,M,0654 Kevin Turnpike Apt. 084,Northport,NY,11768,40.9051,-73.3309,21902,Tour manager,1976-05-16,623a5980fa8e0a166dcbff372e9a40d8,1381948525,41.174890000000005,-72.956586,1,0.94352984,1
309536,2020-10-16 21:11:16,5410056176712193,"fraud_Douglas, Schneider and Turner",shopping_pos,1502.03,Jeffrey,Krause,M,4742 Alexandria Mountain,New Franken,WI,54229,44.5592,-87.8235,4306,Art therapist,1989-10-19,d676e0f9b860f6c3bc8f8a80405d19cc,1381957876,44.642296,-88.700688,0,0.94665617,1
309659,2020-10-16 22:27:38,3527063666782582,fraud_Dach-Nader,misc_net,960.89,Amanda,Alexander,F,21810 James Mall,Camden,TX,75934,30.9,-94.7547,99,Colour technologist,1965-11-21,59d5982ec6f77b151a4a2e4b72ac2a3d,1381962458,31.175112,-94.042457,1,0.9897187,1
309661,2020-10-16 22:31:03,4306586894261180,"fraud_Schmeler, Bashirian and Price",shopping_net,891.36,Renee,Walls,F,86542 Jessica Fords Apt. 706,Veedersburg,IN,47987,40.1186,-87.2602,4049,"Development worker, community",1959-10-19,0f5258ac0127d104640c98ad7b2c0d42,1381962663,39.910453,-86.66265,1,0.96946174,1
309694,2020-10-16 22:53:28,4306586894261180,fraud_Morissette LLC,entertainment,398.89,Renee,Walls,F,86542 Jessica Fords Apt. 706,Veedersburg,IN,47987,40.1186,-87.2602,4049,"Development worker, community",1959-10-19,c65060e35aeaef63d4239e8713b6759a,1381964008,39.421318,-87.13356,1,0.9675184,1
309725,2020-10-16 23:17:21,4306586894261180,fraud_Lemke-Gutmann,shopping_net,912.32,Renee,Walls,F,86542 Jessica Fords Apt. 706,Veedersburg,IN,47987,40.1186,-87.2602,4049,"Development worker, community",1959-10-19,b9ff9b35536cd11c1c3abfe2ec9d916b,1381965441,39.464867,-87.30756600000001,1,0.9769018,1
309787,2020-10-16 23:47:57,4306586894261180,"fraud_Reichert, Shanahan and Hayes",shopping_net,1004.44,Renee,Walls,F,86542 Jessica Fords Apt. 706,Veedersburg,IN,47987,40.1186,-87.2602,4049,"Development worker, community",1959-10-19,4a97787a643d704087df5a87336c0c0a,1381967277,39.454932,-86.339438,1,0.9816776,1
309792,2020-10-16 23:58:03,30042378430132,fraud_Ruecker Group,misc_net,769.89,Connor,Grant,M,0654 Kevin Turnpike Apt. 084,Northport,NY,11768,40.9051,-73.3309,21902,Tour manager,1976-05-16,60a6dea5bc2bcc4a0dc16e0c42973dbb,1381967883,41.331453,-72.448539,1,0.99018973,1
309859,2020-10-17 01:13:49,6011724471098086,fraud_Flatley-Durgan,misc_net,826.49,Ann,Lawson,F,144 Evans Islands Apt. 683,Burbank,WA,99323,46.1966,-118.9017,3684,Musician,1981-11-29,a656b092c547e4639a2b84ac87a5ed26,1381972429,45.722223,-118.262596,0,0.7217567,1
309991,2020-10-17 03:25:17,378904938837132,"fraud_Ferry, Lynch and Kautzer",misc_net,759.5,Tina,Zimmerman,F,3595 Susan Island Suite 063,Thomas,OK,73669,35.7382,-98.7388,1675,Barrister,1986-05-01,8c12434a87697413c258e2b7f5ba65ce,1381980317,35.574699,-98.030415,1,0.7039089,1
310187,2020-10-17 06:17:03,3585052663373890,fraud_Kris-Padberg,shopping_pos,1313.67,Jeffery,Brown,M,296 Maria Street,West Eaton,NY,13484,42.8546,-75.6605,176,Science writer,1963-12-28,0f1f90fb89ab0435d9e682fb5f95c618,1381990623,43.104084,-75.51498199999999,0,0.5972572,1
310219,2020-10-17 06:40:07,372509258176510,"fraud_Terry, Johns and Bins",misc_pos,721.27,Kristen,Hanson,F,26544 Andrea Glen,Goodrich,MI,48438,42.9147,-83.4845,6951,Learning disability nurse,1985-06-18,9ff1e56cf202cd4238b10fd371a31c7c,1381992007,43.376932,-83.170509,0,0.5805254,1
310745,2020-10-17 13:55:11,639023984367,"fraud_Roob, Conn and Tremblay",shopping_pos,4198.4,Destiny,Lowe,F,79472 Stevens Trace Apt. 120,Hannawa Falls,NY,13647,44.6087,-74.9732,69,Chief Executive Officer,1991-06-05,97c020d2a16ecb9c50f7d7608a3ad2a5,1382018111,44.233134,-74.142543,0,0.8769609,1
310804,2020-10-17 14:34:12,3589289942931264,fraud_McCullough LLC,misc_pos,987.64,Paula,Estrada,F,350 Stacy Glens,Spencer,SD,57374,43.7557,-97.5936,343,"Development worker, international aid",1972-03-05,d99bc3effe0b1db3c6057ab95bf36592,1382020452,44.340633,-97.680409,0,0.9234613,1
310864,2020-10-17 15:14:21,6534628260579800,fraud_Hermann and Sons,shopping_pos,1344.18,Christine,Harris,F,29606 Martinez Views Suite 653,Hinesburg,VT,5461,44.3346,-73.098,4542,Claims inspector/assessor,1998-03-19,c149afa76f0af250e51f9900f213da16,1382022861,44.064907,-73.110915,0,0.7879214,1
311493,2020-10-17 22:01:35,30570197515105,fraud_Koelpin and Sons,misc_net,793.61,Vincent,Cain,M,64851 Cole Turnpike,Hartford,AL,36344,31.086,-85.7192,5732,Jewellery designer,1945-12-07,45f8b897d5094ba5efe82bb11e4411f1,1382047295,31.209,-85.327329,1,0.992781,1
311514,2020-10-17 22:15:31,30570197515105,"fraud_Kerluke, Considine and Macejkovic",misc_net,684.59,Vincent,Cain,M,64851 Cole Turnpike,Hartford,AL,36344,31.086,-85.7192,5732,Jewellery designer,1945-12-07,b795083457614293e808aa7b7174e2db,1382048131,31.041522,-84.725226,1,0.9930888,1
311523,2020-10-17 22:20:11,4958589671582726883,"fraud_Altenwerth, Cartwright and Koss",shopping_net,960.14,Aaron,Pena,M,793 Hooper Tunnel Suite 154,Burke,VA,22015,38.7894,-77.2818,43102,Health visitor,1950-11-27,47430f21c9b5d3f307a2269da03db1d2,1382048411,39.680992,-77.140438,1,0.98043066,1
311572,2020-10-17 22:47:04,4958589671582726883,fraud_Mayert Group,shopping_pos,1060.9,Aaron,Pena,M,793 Hooper Tunnel Suite 154,Burke,VA,22015,38.7894,-77.2818,43102,Health visitor,1950-11-27,ff34519edfceb18b55d5baa951d903c3,1382050024,39.647335,-76.44804,1,0.97598195,1
311575,2020-10-17 22:49:27,4170689372027579,fraud_Douglas-White,entertainment,597.69,Samuel,Frey,M,830 Myers Plaza Apt. 384,Edmond,OK,73034,35.6665,-97.4798,116001,Media buyer,1993-05-10,6ab44968b0cfbdff74fc962e239fec16,1382050167,35.517492,-97.220559,0,0.9096081,1
311582,2020-10-17 22:52:44,30570197515105,fraud_Stoltenberg-Beatty,shopping_pos,726.93,Vincent,Cain,M,64851 Cole Turnpike,Hartford,AL,36344,31.086,-85.7192,5732,Jewellery designer,1945-12-07,86171b28492743ab6b757855722dff4f,1382050364,30.831678000000004,-85.82209399999999,1,0.9075911,1
311586,2020-10-17 22:57:27,30570197515105,"fraud_Hayes, Marquardt and Dibbert",misc_net,856.3,Vincent,Cain,M,64851 Cole Turnpike,Hartford,AL,36344,31.086,-85.7192,5732,Jewellery designer,1945-12-07,cb9b6ae471a8f51bdc2a640fd905d512,1382050647,30.428075,-86.502788,1,0.99314606,1
311631,2020-10-17 23:37:09,378904938837132,"fraud_Cormier, Stracke and Thiel",entertainment,498.84,Tina,Zimmerman,F,3595 Susan Island Suite 063,Thomas,OK,73669,35.7382,-98.7388,1675,Barrister,1986-05-01,4a0bd1325a47cc9085a6b271e8d9c978,1382053029,34.883390000000006,-98.826247,1,0.66718966,1
311726,2020-10-18 00:38:24,378904938837132,fraud_Gerlach Inc,shopping_net,1018.07,Tina,Zimmerman,F,3595 Susan Island Suite 063,Thomas,OK,73669,35.7382,-98.7388,1675,Barrister,1986-05-01,01a244a36253666c717ffe5704e845ff,1382056704,34.832045,-97.823969,1,0.5917796,1
311753,2020-10-18 00:58:25,378904938837132,"fraud_Boehm, Predovic and Reinger",misc_pos,809.78,Tina,Zimmerman,F,3595 Susan Island Suite 063,Thomas,OK,73669,35.7382,-98.7388,1675,Barrister,1986-05-01,193caecd3d25f2eb2928cdd803b36a8e,1382057905,36.581621000000005,-99.625171,1,0.76286435,1
312545,2020-10-18 10:32:06,583699482621,fraud_Balistreri-Nader,misc_pos,785.82,Jennifer,Jones,F,5572 Kelly Plains Apt. 952,Waupaca,WI,54981,44.3481,-89.1101,15426,"Engineer, civil (contracting)",1936-07-22,24374e4a2284f69f0fdde5fba5dd761c,1382092326,44.481861,-89.483743,0,0.8321349,1
313184,2020-10-18 15:22:58,378858024506425,"fraud_Baumbach, Feeney and Morar",shopping_net,929.11,Debra,Eaton,F,72743 Brian Run,Paradise Valley,AZ,85253,33.5494,-111.9565,17047,Building surveyor,1935-01-29,26b94008b6ac6fa735c85b3ea0d32178,1382109778,33.057623,-112.536252,1,0.9321642,1
313286,2020-10-18 16:07:51,371284100299909,"fraud_Wintheiser, Dietrich and Schimmel",misc_pos,1626.54,Hannah,Thomas,F,1004 Willis Pass,Hedley,TX,79237,34.8698,-100.6806,513,Early years teacher,1976-05-24,c77e7eb31f17af3e898ae3694404b9e9,1382112471,34.623923,-100.959204,0,0.92284465,1
313321,2020-10-18 16:21:27,3551217896304745,fraud_Kihn Inc,shopping_pos,1087.23,Sara,Harris,F,597 Jenny Ford Apt. 543,Tupper Lake,NY,12986,44.232,-74.4905,6120,Chartered loss adjuster,1976-10-09,23c5bf8bc5211513391c7c6820b0a70b,1382113287,44.100633,-74.47215600000001,0,0.77238715,1
313436,2020-10-18 17:15:14,4958589671582726883,"fraud_Okuneva, Schneider and Rau",shopping_pos,890.94,Aaron,Pena,M,793 Hooper Tunnel Suite 154,Burke,VA,22015,38.7894,-77.2818,43102,Health visitor,1950-11-27,98a86df650a7558a16f05300aeb736e4,1382116514,38.255779,-77.560778,1,0.93716574,1
313496,2020-10-18 17:46:06,4379260813815979609,"fraud_Daugherty, Pouros and Beahan",shopping_pos,1488.69,Thomas,Jenkins,M,93914 Gregory Via,Oakland,CA,94619,37.7878,-122.1884,381459,Barista,1974-01-03,8363f015fbcebb31e097393bdb66ece5,1382118366,37.212752,-123.156382,0,0.91723615,1
313791,2020-10-18 19:54:51,4958589671582726883,fraud_Fisher-Schowalter,shopping_net,915.2,Aaron,Pena,M,793 Hooper Tunnel Suite 154,Burke,VA,22015,38.7894,-77.2818,43102,Health visitor,1950-11-27,844e74641f3bfd7663f013574468f0a9,1382126091,38.824366,-77.38639,1,0.9705499,1
313842,2020-10-18 20:15:20,4607072969078276,"fraud_Schuppe, Nolan and Hoeger",shopping_pos,985.13,Brenda,Perez,F,033 Tara Brook Suite 523,Coyle,OK,73027,35.8985,-97.2607,1493,Amenity horticulturist,1985-03-21,35f19f0c0098464bcef1f7e858e9625b,1382127320,36.350055,-97.626805,0,0.75705326,1
313857,2020-10-18 20:21:46,3518669219150142,fraud_Schmidt and Sons,shopping_net,1228.98,Dorothy,Thomas,F,537 Rice Square Suite 040,Milford,OH,45150,39.1657,-84.23299999999999,31394,Hospital doctor,1996-11-12,72ea6a53bd5414aee50b9a4e910964aa,1382127706,38.906865,-85.147993,0,0.9207107,1
313910,2020-10-18 20:44:19,378858024506425,fraud_Turner and Sons,shopping_pos,949.65,Debra,Eaton,F,72743 Brian Run,Paradise Valley,AZ,85253,33.5494,-111.9565,17047,Building surveyor,1935-01-29,2ef2ef1f5a5c5003d71594d97a698cc1,1382129059,33.129231,-112.211793,1,0.9630343,1
314106,2020-10-18 22:04:05,378858024506425,fraud_Zemlak Group,misc_net,768.25,Debra,Eaton,F,72743 Brian Run,Paradise Valley,AZ,85253,33.5494,-111.9565,17047,Building surveyor,1935-01-29,aee82b681391f5c1653bb7ce069a8177,1382133845,32.982192,-111.751157,1,0.9922759,1
314107,2020-10-18 22:04:17,2712209726293386,fraud_Mohr Inc,shopping_pos,650.33,Jenna,Brooks,F,50872 Alex Plain Suite 088,Baton Rouge,LA,70808,30.4066,-91.1468,378909,"Designer, furniture",1977-02-22,a132df8870cbaa4b454f8d11f573e2a7,1382133857,31.216789,-92.023892,0,0.7357651,1
314113,2020-10-18 22:06:22,4958589671582726883,fraud_Flatley-Durgan,misc_net,773.33,Aaron,Pena,M,793 Hooper Tunnel Suite 154,Burke,VA,22015,38.7894,-77.2818,43102,Health visitor,1950-11-27,b59aafe5a5d478fac3e705c3d28c86ac,1382133982,39.740031,-77.947084,1,0.9924435,1
314222,2020-10-18 22:57:25,378858024506425,"fraud_Johnson, Runolfsdottir and Mayer",misc_net,928.76,Debra,Eaton,F,72743 Brian Run,Paradise Valley,AZ,85253,33.5494,-111.9565,17047,Building surveyor,1935-01-29,8b20361278595469eb3d3047e3b44165,1382137045,34.352606,-111.924116,1,0.99183273,1
314245,2020-10-18 23:03:12,376656886990758,"fraud_Douglas, Schneider and Turner",shopping_pos,1682.09,Richard,Vance,M,169 Shelia Knoll Suite 753,Zavalla,TX,75980,31.1569,-94.3871,2836,"Designer, jewellery",1985-12-03,86f0ed5e55d98a952d80ecf948847862,1382137392,30.715848,-95.122898,0,0.9536482,1
314258,2020-10-18 23:10:15,4586810168620942,fraud_Goyette Inc,shopping_net,900.59,Michelle,Gregory,F,6983 Carrillo Isle,Edisto Island,SC,29438,32.5486,-80.307,2408,"Sales professional, IT",1997-07-05,1f14ba735eac68d2fbc48fe93174ee62,1382137815,32.212694,-79.891368,0,0.72120684,1
314330,2020-10-18 23:38:59,378858024506425,fraud_Boyer-Reichert,shopping_net,1008.11,Debra,Eaton,F,72743 Brian Run,Paradise Valley,AZ,85253,33.5494,-111.9565,17047,Building surveyor,1935-01-29,56d99270c19ccbd4af819dfd16fa944c,1382139539,34.141904,-112.540038,1,0.98436826,1
314352,2020-10-18 23:49:12,4958589671582726883,"fraud_Lehner, Mosciski and King",misc_net,751.72,Aaron,Pena,M,793 Hooper Tunnel Suite 154,Burke,VA,22015,38.7894,-77.2818,43102,Health visitor,1950-11-27,05736e17f30fcd9244214a998768bee3,1382140152,39.181157,-76.813395,1,0.99278945,1
314354,2020-10-18 23:50:33,4560395181594436016,fraud_Conroy Ltd,shopping_pos,942.9,Angela,Taylor,F,6343 Ramirez Skyway Apt. 518,Lakeport,CA,95453,39.047,-122.9328,11256,Podiatrist,1972-10-18,9bd801e3b4260a56fde922f227188e3e,1382140233,39.511752,-123.509442,0,0.91692394,1
314371,2020-10-18 23:55:50,378858024506425,"fraud_Bahringer, Schoen and Corkery",shopping_pos,1093.63,Debra,Eaton,F,72743 Brian Run,Paradise Valley,AZ,85253,33.5494,-111.9565,17047,Building surveyor,1935-01-29,27de7e60fd19bdf78807ae76f9c49b18,1382140550,33.459193,-112.687258,1,0.9808878,1
314593,2020-10-19 01:58:45,3590736522064285,"fraud_Kerluke, Considine and Macejkovic",misc_net,680.36,Kimberly,Gonzalez,F,72966 Shannon Pass Apt. 391,Bauxite,AR,72011,34.5091,-92.4828,4074,"Scientist, audiological",1975-12-20,6ff686a139cf25868c43375bdf8fcd51,1382147925,34.778322,-92.712817,0,0.81813705,1
314680,2020-10-19 02:46:11,3513618443244549,fraud_Spencer-Runolfsson,misc_pos,1372.27,Amber,Perez,F,954 Reyes Ways,Fulton,SD,57340,43.7588,-97.8712,355,Financial adviser,1955-06-26,a6b01b1781f3b182f9e4fced8529860e,1382150771,43.872531,-97.103518,0,0.63023084,1
315098,2020-10-19 06:56:13,30143713661454,fraud_McGlynn-Heathcote,misc_net,1738.35,Nicholas,Thornton,M,5270 Megan Burg Suite 756,Halma,MN,56729,48.6669,-96.5969,140,"Embryologist, clinical",1942-01-06,d776c407da6e37c6e4d996579758ec32,1382165773,49.499633,-96.441411,0,0.845087,1
315252,2020-10-19 08:23:04,4497913965512794052,fraud_Botsford Ltd,shopping_pos,1448.75,Scott,Edwards,M,838 Amy Street Suite 107,Pembroke,NC,28372,34.6902,-79.1834,14783,Hospital doctor,1955-11-07,dd1a82576876989888043fd32d60c76e,1382170984,35.37807,-80.024704,0,0.5542073,1
315881,2020-10-19 13:32:12,4562827002127,fraud_Pouros-Haag,shopping_pos,1611.05,Christopher,Johnson,M,28711 Kristine Junction Suite 309,Greenville,OH,45331,40.0987,-84.6342,22930,Media planner,1971-11-26,06ccf132b578fe11d4cdabc30b0b81b5,1382189532,40.234089,-83.87045,0,0.8599468,1
316367,2020-10-19 16:23:21,3501509250702469,fraud_Stoltenberg-Beatty,shopping_pos,1398.43,Frank,Anderson,M,0611 Stafford Valley Suite 504,Naples,FL,34112,26.1184,-81.7361,276002,"Programme researcher, broadcasting/film/video",1979-01-02,d68435bd161da5e7fa2d3ade03d6df08,1382199801,26.671488,-82.173699,0,0.75725275,1
316411,2020-10-19 16:44:01,3559679414981506,"fraud_Ritchie, Bradtke and Stiedemann",travel,5787.11,Olivia,Stephenson,F,292 Cassidy Oval,Lowville,NY,13367,43.7893,-75.4156,8830,Theme park manager,1991-03-29,106771cd23749f70ddf60c798a7f0871,1382201041,42.998751,-75.147391,0,0.8892082,1
316654,2020-10-19 18:11:49,3568255211412877,"fraud_Schroeder, Wolff and Hermiston",travel,12969.9,Timothy,Gomez,M,707 Anthony Causeway,Leo,IN,46765,41.2249,-85.0301,5341,Biomedical engineer,1994-11-24,3433e46c700a366392f7e0dc96505b13,1382206309,40.767099,-84.953818,0,0.8908412,1
316693,2020-10-19 18:23:15,6011504998544485,"fraud_Nienow, Ankunding and Collier",misc_pos,1159.74,Ashley,Whitney,F,4038 Smith Avenue,Jones,AL,36749,32.5104,-86.8138,1089,Materials engineer,1971-11-02,1a0b850d43c2074e86c2625e3de11058,1382206995,33.202472,-87.417642,0,0.9395711,1
316824,2020-10-19 19:15:08,213141712584544,fraud_Mohr-Bayer,shopping_net,1415.38,Margaret,Curtis,F,742 Oneill Shore,Florence,MS,39073,32.153,-90.1217,19685,Fine artist,1984-12-24,638141372fc827ce98ac3a5e275dee97,1382210108,32.682741,-89.444486,0,0.8968562,1
317299,2020-10-19 22:11:33,378858024506425,"fraud_Reichert, Huels and Hoppe",shopping_net,1015.71,Debra,Eaton,F,72743 Brian Run,Paradise Valley,AZ,85253,33.5494,-111.9565,17047,Building surveyor,1935-01-29,6d6fcd5a806279f2f0a072475862ab97,1382220693,33.919641,-111.911523,1,0.9792797,1
317440,2020-10-19 23:04:35,4646845581490336108,"fraud_Gottlieb, Considine and Schultz",shopping_net,1929.95,Julia,Bell,F,576 House Crossroad,West Sayville,NY,11796,40.732,-73.1,4056,Film/video editor,1990-06-25,9323ff2137ca4a70a5dd58cf36e815bb,1382223875,40.799041,-73.52444799999999,0,0.964538,1
317473,2020-10-19 23:15:44,3502088871723054,fraud_Hills-Witting,shopping_net,1957.5,Scott,Martin,M,31472 Cody Place Suite 740,Kensington,MD,20895,39.0298,-77.0793,19054,Operations geologist,1976-09-08,106372edfe74873ee4520a9fd57e8df8,1382224544,40.022217,-76.78924599999999,0,0.9745651,1
318117,2020-10-20 05:18:46,180069253480336,fraud_Klein Group,entertainment,664.26,William,Hunter,M,5036 Victoria Ports Suite 249,Emporium,PA,15834,41.5177,-78.2536,4533,Public affairs consultant,1969-11-01,90014df611bfc7ec8dac62106ac74c9c,1382246326,41.029244,-78.162767,0,0.5236715,1
318189,2020-10-20 05:59:10,3576431665303017,fraud_Spencer-Runolfsson,misc_pos,489.25,Jessica,Ward,F,72269 Elizabeth Field Apt. 132,Phoenix,AZ,85020,33.5623,-112.0559,1312922,Contractor,1981-10-24,da58f0fd839da2af15c027d1122a4636,1382248750,32.649846999999994,-111.95383,0,0.5257634,1
318453,2020-10-20 08:40:15,4518350514020532,fraud_Lebsack and Sons,misc_net,1364.61,Christopher,Gregory,M,9579 Porter Tunnel,Wauchula,FL,33873,27.5517,-81.8074,14742,Teaching laboratory technician,1993-02-26,32399b64fa5855bbcecd8cd61530fc61,1382258415,27.899919,-82.014424,0,0.6683004,1
318937,2020-10-20 13:12:39,3540075240003197,"fraud_Schmeler, Bashirian and Price",shopping_net,1385.91,Christian,Johns,M,892 Solis Neck,Lonsdale,MN,55046,44.4477,-93.4252,5211,Chief Strategy Officer,1987-01-27,2a8b849ada0dfad508ec2c1befbeffdf,1382274759,43.508838,-93.999734,0,0.84016484,1
319386,2020-10-20 16:03:54,6011542681743618,"fraud_Cremin, Hamill and Reichel",misc_pos,966.91,Emily,Hall,F,8851 Reese Neck,Basye,VA,22810,38.8089,-78.7776,863,"Engineer, mining",1972-08-09,efe0ca096a25102b8088ff36ff1d55a8,1382285034,39.075237,-78.51181,0,0.9189737,1
319573,2020-10-20 17:14:08,30042378430132,fraud_Barrows PLC,shopping_pos,1805.34,Connor,Grant,M,0654 Kevin Turnpike Apt. 084,Northport,NY,11768,40.9051,-73.3309,21902,Tour manager,1976-05-16,10ae7f3e5f85caa309c0b97dec2bc65f,1382289248,41.597402,-72.53383000000001,0,0.94174135,1
319588,2020-10-20 17:19:24,4906628655840914250,fraud_Schmeler Inc,misc_pos,1189.15,Charles,Moreno,M,838 Franklin Prairie Apt. 902,Key West,FL,33040,24.6557,-81.3824,32891,Town planner,1987-02-13,09c15719226b579918a29c2631b8b22b,1382289564,24.782855,-82.22003000000001,0,0.7888895,1
319622,2020-10-20 17:31:17,374930071163758,"fraud_Okuneva, Schneider and Rau",shopping_pos,2411.63,Daniel,Escobar,M,61390 Hayes Port,Romulus,MI,48174,42.2203,-83.3583,31515,Police officer,1971-11-05,ef74b2aadeaf5210f8a04c5ad4ec2eca,1382290277,43.063432,-82.764578,0,0.92948264,1
319973,2020-10-20 19:49:32,4069975342931683,fraud_Mayert Group,shopping_pos,1397.92,Kimberly,Martin,F,1943 Dennis Inlet Suite 145,Hurricane,WV,25526,38.4257,-81.9943,21902,Sub,1980-09-18,9b497feb7c771fa12e7b3022257dda32,1382298572,38.481644,-81.359034,0,0.9282139,1
320251,2020-10-20 21:36:58,30270432095985,"fraud_Roob, Conn and Tremblay",shopping_pos,5348.91,Lisa,Lin,F,908 Brooks Brook,Lomax,IL,61454,40.6761,-91.0391,725,Environmental consultant,1972-11-28,3720d8aaf44d8f112df0d0fdc738ab61,1382305018,39.846278000000005,-90.726273,0,0.9284067,1
320386,2020-10-20 22:26:11,30266994494236,fraud_Spencer-Runolfsson,misc_pos,383.58,Sarah,Foster,F,77872 Andrea Glen Apt. 543,Ford,VA,23850,37.1349,-77.7364,1051,Chief Operating Officer,1976-11-21,3c0c1495b6467eb16f98b64374f8079a,1382307971,37.352666,-77.989274,0,0.5050129,1
320476,2020-10-20 23:03:04,6592243974328236,"fraud_Baumbach, Hodkiewicz and Walsh",shopping_pos,908.86,Philip,Hart,M,97405 Vazquez Plains,Montgomery,AL,36111,32.3374,-86.2715,214703,"Chemist, analytical",1994-10-07,ea7e3b04bb13aa3d1fc69c757f91a2fd,1382310184,31.941353000000003,-86.201718,0,0.6473424,1
320642,2020-10-20 23:57:18,213112402583773,fraud_Maggio-Fahey,misc_pos,678.04,Ana,Howell,F,4664 Sanchez Common Suite 930,Bradley,SC,29819,34.0326,-82.2027,1523,Research scientist (physical sciences),1984-06-03,ed7f0e88603864e759586ad5f9340e8e,1382313438,34.37943,-81.97516800000001,0,0.87729645,1
321057,2020-10-21 08:02:21,3531129874770000,"fraud_Kerluke, Considine and Macejkovic",misc_net,957.38,Shelby,Mitchell,F,974 Cindy Stream,Brandon,VT,5733,43.8065,-73.0882,5895,"Scientist, marine",1975-07-13,f7828891f81a2569a9bb848f5ee25d11,1382342541,43.917106,-73.760936,0,0.73737454,1
321154,2020-10-21 09:48:50,3501509250702469,fraud_Kris-Weimann,misc_net,1081.64,Frank,Anderson,M,0611 Stafford Valley Suite 504,Naples,FL,34112,26.1184,-81.7361,276002,"Programme researcher, broadcasting/film/video",1979-01-02,708404b2cf2c3b4d90d5d961f52eb7dc,1382348930,26.144879,-81.25379000000001,0,0.6622817,1
321597,2020-10-21 16:38:26,4716561796955522,fraud_Turner and Sons,shopping_pos,814.48,Lauren,Anderson,F,11014 Chad Lake Apt. 573,Heart Butte,MT,59448,48.2777,-112.8456,743,Water engineer,1972-05-04,eddd68ef86689b485fb57678fc45d8df,1382373506,48.216502,-112.405125,0,0.5112733,1
322024,2020-10-21 22:04:25,30551643947183,"fraud_Labadie, Treutel and Bode",shopping_net,1216.21,Morgan,Smith,F,1441 Bradley Place,Grover,NC,28073,35.1836,-81.4552,5621,Toxicologist,1973-11-14,e798adc0e7f350e8f35accd16e1284a1,1382393065,34.948279,-80.67574599999999,0,0.9690693,1
322096,2020-10-21 23:03:38,342952484382519,fraud_Schmeler Inc,misc_pos,498.63,Kayla,Jones,F,6033 Young Track Suite 804,East Canaan,CT,6024,42.0158,-73.2913,647,Comptroller,1987-09-26,47d5f840ac6c1250354458a88ea82952,1382396618,42.324521,-72.917479,0,0.5590862,1
322121,2020-10-21 23:20:25,6011231546538393,"fraud_Schroeder, Wolff and Hermiston",travel,1420.94,Johnny,Bennett,M,321 Camacho Causeway,Boonton,NJ,7005,40.9115,-74.414,15269,"Psychologist, sport and exercise",1993-07-05,591371605e86173a94a8a7bf2fe551e6,1382397625,40.041338,-74.26315799999999,0,0.7262569,1
322331,2020-10-22 02:54:02,4481131401752,fraud_Kerluke Inc,misc_net,867.41,Frank,Foster,M,37910 Ward Lights,Shrewsbury,MA,1545,42.2848,-71.7205,35299,English as a second language teacher,1975-04-30,853f31a78ecc9fc4bfed5efd72a81c7f,1382410442,43.062279,-72.09643100000001,1,0.74901754,1
322387,2020-10-22 04:03:06,4956828990005111019,fraud_Kuhn LLC,misc_net,560.43,Kenneth,Robinson,M,269 Sanchez Rapids,Elizabeth,NJ,7208,40.6747,-74.2239,124967,Operational researcher,1980-12-21,f7b93d76946a1f0fc95d59e56c8aca4c,1382414586,39.930481,-74.75715699999999,0,0.65827006,1
322433,2020-10-22 04:42:33,375904527651269,fraud_Klocko LLC,misc_net,693.23,Ryan,Cook,M,75952 Wilson Course,Roseland,NE,68973,40.4591,-98.5551,463,"Nurse, mental health",1948-05-31,ace6300ea4e75ffb8ce4a0179c55100e,1382416953,39.960881,-99.546038,0,0.6857318,1
322717,2020-10-22 09:37:40,4623560839669,"fraud_Watsica, Haag and Considine",shopping_pos,1172.61,Vincent,Waller,M,9379 Vanessa Run Apt. 400,Lohrville,IA,51453,42.2619,-94.5566,695,Administrator,1954-07-15,63e8e6b327fad93a9a6d3ae9539ac49c,1382434660,41.928501,-94.073763,0,0.6652168,1
322891,2020-10-22 12:43:10,4129767952109660,fraud_Simonis-Prohaska,misc_pos,876.35,Cheryl,Ballard,F,248 James Squares Apt. 838,Halstad,MN,56548,47.3551,-96.798,771,"Scientist, audiological",1972-06-14,2c4a934e5a0994a18c213a260a2ea211,1382445790,48.070597,-96.350285,0,0.7591572,1
322918,2020-10-22 12:59:46,3589289942931264,"fraud_Willms, Kris and Bergnaum",shopping_pos,1552.14,Paula,Estrada,F,350 Stacy Glens,Spencer,SD,57374,43.7557,-97.5936,343,"Development worker, international aid",1972-03-05,c378bcc693d5a6d49f504eb500a12f37,1382446786,43.769343,-98.19853,0,0.847566,1
323025,2020-10-22 14:26:20,6011504998544485,fraud_Jaskolski-Vandervort,misc_net,952.49,Ashley,Whitney,F,4038 Smith Avenue,Jones,AL,36749,32.5104,-86.8138,1089,Materials engineer,1971-11-02,3359af8b51a50857615c73ed3e6f6560,1382451980,32.641870000000004,-86.94403100000001,0,0.9131546,1
323047,2020-10-22 14:46:51,3565996340207976,fraud_Kihn Inc,shopping_pos,2108.04,Warren,Daniels,M,23656 Harris Gardens Suite 698,El Paso,TX,79906,31.8092,-106.4247,749635,Market researcher,1973-01-21,01e778308254e5271380d0845daa73f8,1382453211,32.636365000000005,-107.012984,0,0.87062603,1
323158,2020-10-22 16:05:37,3527536963490470,"fraud_Goyette, Howell and Collier",shopping_pos,1617.36,Teresa,Stein,F,2838 White Fields Apt. 473,Brunson,SC,29911,32.9413,-81.1807,1725,Social researcher,1974-12-05,f1fe33722feb0d9e1e4b8c0e566cb207,1382457937,33.864621,-80.701565,0,0.89738303,1
323428,2020-10-22 19:14:48,30270432095985,"fraud_Langworth, Boehm and Gulgowski",shopping_net,1113.6,Lisa,Lin,F,908 Brooks Brook,Lomax,IL,61454,40.6761,-91.0391,725,Environmental consultant,1972-11-28,89eb664ffbb527d215b7574986563a25,1382469288,39.871051,-92.012436,0,0.96079993,1
323607,2020-10-22 21:23:32,180048185037117,"fraud_Quitzon, Green and Bashirian",shopping_pos,1065.84,Mary,Wall,F,2481 Mills Lock,Plainfield,NJ,7060,40.6152,-74.415,71485,Leisure centre manager,1974-07-19,abff23c8acee3f3aa9117e4b84ecc9c3,1382477012,41.321087,-75.03138100000001,0,0.92517847,1
323807,2020-10-23 00:03:37,4481131401752,"fraud_Bernier, Volkman and Hoeger",misc_net,680.39,Frank,Foster,M,37910 Ward Lights,Shrewsbury,MA,1545,42.2848,-71.7205,35299,English as a second language teacher,1975-04-30,2e96700c6d5e4de61fc8907bc44420dd,1382486617,42.056592,-71.54888100000001,1,0.8200897,1
323913,2020-10-23 01:51:03,348379466427142,"fraud_Baumbach, Hodkiewicz and Walsh",shopping_pos,1789.08,Michael,Rowe,M,7428 Martinez Flats,Melbourne,FL,32935,28.1384,-80.6524,139650,Database administrator,1957-01-23,7a73c0a6d1cb6bcd1380408a38495f5f,1382493063,28.113626,-81.055782,0,0.5692465,1
324530,2020-10-23 11:27:27,676173792455,"fraud_Towne, Greenholt and Koepp",shopping_net,1249.11,Brittany,Cox,F,07177 William Dale Apt. 547,Santa Monica,CA,90403,34.0287,-118.4924,92043,"Civil engineer, contracting",1961-04-25,9db396d37d5779034dc01155e2a65f1d,1382527647,34.872738,-118.19308,0,0.67326623,1
324538,2020-10-23 11:36:20,213156747557083,fraud_Welch Inc,misc_net,994.79,Adam,Santos,M,725 Jo Trace Apt. 102,Glendale,CA,91206,34.1556,-118.2322,172817,Advertising account planner,1982-07-30,03c21425f0522f3074bec1369801bbe2,1382528180,33.88429,-118.55815,0,0.6622067,1
324830,2020-10-23 14:34:22,6544734391390261,fraud_Spencer-Runolfsson,misc_pos,670.19,John,Myers,M,701 Wilson Divide,Highland,IN,46322,41.55,-87.4569,23727,Community arts worker,1982-02-08,1dee5a2b4df788b27119a2ffdce5e81a,1382538862,41.699475,-86.854168,0,0.50925016,1
325380,2020-10-23 20:04:37,4129767952109660,"fraud_Boehm, Block and Jakubowski",misc_pos,827.17,Cheryl,Ballard,F,248 James Squares Apt. 838,Halstad,MN,56548,47.3551,-96.798,771,"Scientist, audiological",1972-06-14,fda4ad76b36ed494939d23bd34c7d5c1,1382558677,47.894479,-97.191783,0,0.9727897,1
325408,2020-10-23 20:30:17,30501624614310,"fraud_Mosciski, Ziemann and Farrell",shopping_net,1927.13,Amanda,Smith,F,180 Graves Shore,Scotia,SC,29939,32.6786,-81.2455,302,Magazine features editor,1973-05-04,54d5833144d2adfa76bdc5c1b36c0d19,1382560217,33.512253,-81.174338,0,0.9577953,1
325571,2020-10-23 22:05:13,4560395181594436016,"fraud_Zboncak, Rowe and Murazik",shopping_net,1135.44,Angela,Taylor,F,6343 Ramirez Skyway Apt. 518,Lakeport,CA,95453,39.047,-122.9328,11256,Podiatrist,1972-10-18,8f046bcbfd04fc70d851d49964d94d4e,1382565913,39.843533,-122.90583,0,0.967531,1
325709,2020-10-23 23:30:18,377026671291680,"fraud_Roob, Conn and Tremblay",shopping_pos,2075.86,Jackie,Davis,F,1898 Parker Fork Apt. 057,Redford,MO,63665,37.3272,-91.0243,241,Investment analyst,1974-10-27,9caf8729e9de700c86eebd1122b206ab,1382571018,38.20673,-90.827057,0,0.9676155,1
325721,2020-10-23 23:39:49,4481131401752,"fraud_Schmeler, Bashirian and Price",shopping_net,1140.55,Frank,Foster,M,37910 Ward Lights,Shrewsbury,MA,1545,42.2848,-71.7205,35299,English as a second language teacher,1975-04-30,54cd6f816cd823d84c4961dee4ee46bd,1382571589,41.979828000000005,-72.197301,1,0.97158664,1
325849,2020-10-24 01:16:15,4560395181594436016,fraud_Kris-Weimann,misc_net,677.65,Angela,Taylor,F,6343 Ramirez Skyway Apt. 518,Lakeport,CA,95453,39.047,-122.9328,11256,Podiatrist,1972-10-18,33c83d39c751dcc0aad09ad2d87d0e05,1382577375,39.096657,-123.58288799999998,0,0.73477805,1
325979,2020-10-24 03:54:09,2256234701263057,fraud_Botsford Ltd,shopping_pos,2507.65,Christopher,Grimes,M,39631 Dunn Radial,Grantham,NH,3753,43.5103,-72.1334,2971,Charity fundraiser,1948-04-11,15244b2e0cb9196ec8d859c157016f26,1382586849,42.785321,-72.72381,0,0.78176755,1
326607,2020-10-24 13:48:19,3518758680062249,fraud_Block Group,misc_pos,1025.49,Antonio,Koch,M,8738 Richard Brooks,Moab,UT,84532,38.5677,-109.5271,9772,Location manager,1989-11-24,271f321d9c63bde5270ae6544189c0dd,1382622499,37.956809,-109.057575,0,0.7107611,1
326664,2020-10-24 14:24:57,4129767952109660,fraud_Pacocha-Bauch,shopping_pos,5920.5,Cheryl,Ballard,F,248 James Squares Apt. 838,Halstad,MN,56548,47.3551,-96.798,771,"Scientist, audiological",1972-06-14,79b8edbc1ebbfb693e0275a3b4d4b6a0,1382624697,46.971277,-97.438079,0,0.89911944,1
326693,2020-10-24 14:45:03,3596357274378601,"fraud_Altenwerth, Cartwright and Koss",shopping_net,970.26,David,Everett,M,4138 David Fall,Morrisdale,PA,16858,41.0001,-78.2357,3688,Advice worker,1973-05-27,0bda75a095cc72a89e746af00456e75e,1382625903,40.551291,-78.761812,0,0.7493545,1
326823,2020-10-24 16:08:19,30131826429364,fraud_Schmidt and Sons,shopping_net,1645.04,Brianna,Foley,F,57256 Raymond Ports,Knoxville,TN,37932,35.9335,-84.1481,391389,"Designer, industrial/product",1994-04-22,13d7fb1df006e47c08bcea510ee49eef,1382630899,36.467987,-83.25094399999999,0,0.90092516,1
327076,2020-10-24 18:47:50,4599285557366057,"fraud_Streich, Dietrich and Barton",shopping_net,966.98,Mary,Williams,F,00315 Ashley Valleys,Burrton,KS,67020,38.0261,-97.6666,1689,Gaffer,1997-11-18,7dbf64c03c549a79e30533c41c2ea5fe,1382640470,38.353951,-96.742705,1,0.7265267,1
327115,2020-10-24 19:18:27,6538891242532018,fraud_Fisher-Schowalter,shopping_net,740.05,Jodi,Rodriguez,F,5796 Lee Coves Apt. 286,Walnut Ridge,AR,72476,36.0244,-90.9288,7155,"Engineer, control and instrumentation",1977-03-23,e95fda4dd10dd09bd0fa88ac2f31da2e,1382642307,35.301316,-91.040089,0,0.7420392,1
327216,2020-10-24 20:25:22,4599285557366057,"fraud_Reichert, Shanahan and Hayes",shopping_net,1140.88,Mary,Williams,F,00315 Ashley Valleys,Burrton,KS,67020,38.0261,-97.6666,1689,Gaffer,1997-11-18,93f5d23515f0e7b79ffa206878839c78,1382646322,38.541845,-97.111516,1,0.8968022,1
327231,2020-10-24 20:34:24,4883407061576,fraud_Boyer PLC,shopping_net,1041.54,Rachel,Williams,F,6386 Bailey Hill Apt. 421,Seattle,WA,98118,47.5412,-122.275,837792,Systems developer,1936-12-23,982311611279f5d34b3b9b30004c6371,1382646864,48.287785,-121.80191299999998,1,0.9690211,1
327287,2020-10-24 21:13:10,344709867813900,"fraud_Bahringer, Schoen and Corkery",shopping_pos,893.62,Joanna,Hudson,F,2924 Bobby Trafficway,Sebring,FL,33872,27.4703,-81.4872,50835,Environmental consultant,1986-01-30,ddb73469d92ef7b9d8ce5d529a44bbc5,1382649190,27.865311,-81.103134,0,0.5157611,1
327373,2020-10-24 22:20:26,2576709887791552,fraud_Ankunding-Carroll,travel,8158.27,Joseph,Morgan,M,126 Underwood Drive,San Diego,CA,92128,33.0067,-117.069,1241364,Chartered public finance accountant,1959-08-05,0ae7839d1f490b5c7d2937dd364d0bb0,1382653226,33.424792,-116.191596,0,0.91406703,1
327423,2020-10-24 22:54:46,4883407061576,fraud_Mante Group,misc_net,832.55,Rachel,Williams,F,6386 Bailey Hill Apt. 421,Seattle,WA,98118,47.5412,-122.275,837792,Systems developer,1936-12-23,b0f9476adc02a9b53a9aa528545e0910,1382655286,46.679249,-123.271805,1,0.9943656,1
327427,2020-10-24 23:00:33,4883407061576,fraud_Schmidt and Sons,shopping_net,980.71,Rachel,Williams,F,6386 Bailey Hill Apt. 421,Seattle,WA,98118,47.5412,-122.275,837792,Systems developer,1936-12-23,a290fd872c03053e06a576a17e4c15fe,1382655633,46.827527,-123.007723,1,0.9915222,1
327431,2020-10-24 23:03:34,4883407061576,fraud_Pouros-Haag,shopping_pos,924.6,Rachel,Williams,F,6386 Bailey Hill Apt. 421,Seattle,WA,98118,47.5412,-122.275,837792,Systems developer,1936-12-23,2aca2695c7b92482706a1c005a8cd456,1382655814,47.688948,-122.785322,1,0.9893343,1
327451,2020-10-24 23:12:19,4740713119940984,"fraud_Mosciski, Ziemann and Farrell",shopping_net,826.38,Heather,Hines,F,13776 Hicks Plains,Pomona,NY,10970,41.1901,-74.0436,9993,Pensions consultant,1962-10-16,60921c4df6ac4e5a47f281ef545a6500,1382656339,42.185839,-74.193148,1,0.9642852,1
327456,2020-10-24 23:14:06,4599285557366057,"fraud_Heathcote, Yost and Kertzmann",shopping_net,1139.97,Mary,Williams,F,00315 Ashley Valleys,Burrton,KS,67020,38.0261,-97.6666,1689,Gaffer,1997-11-18,ab91e7ff19e264deab202d3edb8be36d,1382656446,38.169668,-97.950581,1,0.9284205,1
327480,2020-10-24 23:26:49,4740713119940984,fraud_Boyer-Reichert,shopping_net,1104.91,Heather,Hines,F,13776 Hicks Plains,Pomona,NY,10970,41.1901,-74.0436,9993,Pensions consultant,1962-10-16,9532bdd2ddb6394127e13e142a9cc6f9,1382657209,40.858331,-74.43611999999999,1,0.9813711,1
327530,2020-10-24 23:53:11,4599285557366057,"fraud_Okuneva, Schneider and Rau",shopping_pos,1252.51,Mary,Williams,F,00315 Ashley Valleys,Burrton,KS,67020,38.0261,-97.6666,1689,Gaffer,1997-11-18,0eefd12b0610c181ed68a0391e09a0b0,1382658791,37.135379,-96.667749,1,0.93119925,1
327596,2020-10-25 00:35:28,4979422371139333,fraud_Dach-Nader,misc_net,943.65,Kelly,Zimmerman,F,1893 Katie Tunnel,Westerville,NE,68881,41.4193,-99.3844,73,Product designer,1935-02-10,cf30cf4b128b684e9aba753ddd27e527,1382661328,42.254268,-98.810326,0,0.69770974,1
328351,2020-10-25 09:21:53,213173753804333,fraud_Kerluke Inc,misc_net,607.0,Joseph,Wagner,M,822 Austin Spur,North Judson,IN,46366,41.2244,-86.6966,5791,"Doctor, general practice",1959-10-07,059307278079757ff33f344cb208e90d,1382692913,41.075691,-86.87385,0,0.7640552,1
328850,2020-10-25 14:02:33,581686439828,fraud_Lemke-Gutmann,shopping_net,2537.28,Larry,House,M,911 Sabrina Trafficway,Cochranton,PA,16314,41.5205,-80.0573,5507,Retail merchandiser,1973-07-28,5e87c422a6637bd60c5b271fcfa86ec9,1382709753,41.243559000000005,-79.88604699999999,0,0.90768933,1
328867,2020-10-25 14:10:36,180046617132290,fraud_Kozey-Boehm,shopping_net,1134.02,Erika,Mason,F,083 Karen Island Apt. 656,Goreville,IL,62939,37.575,-88.9655,3119,"Teacher, secondary school",1942-04-17,932aec8c0c0ab350077d55ea85b60bb7,1382710236,37.194098,-88.279946,1,0.95963293,1
328910,2020-10-25 14:30:57,6011366578560244,fraud_Halvorson Group,misc_pos,1151.32,Adam,Stark,M,0912 Mark Fields Apt. 080,Mc Veytown,PA,17051,40.5046,-77.7186,4653,Nutritional therapist,1997-07-01,596206dd261a26b328d2e8a1113a05e7,1382711457,41.081844,-77.734344,0,0.8083714,1
329471,2020-10-25 18:25:49,180046617132290,"fraud_Schultz, Simonis and Little",grocery_pos,288.17,Erika,Mason,F,083 Karen Island Apt. 656,Goreville,IL,62939,37.575,-88.9655,3119,"Teacher, secondary school",1942-04-17,3ce0b42dbb61ca863d3130c008934047,1382725549,37.481834,-88.015398,1,0.719959,1
329625,2020-10-25 19:24:51,6544734391390261,"fraud_Herman, Treutel and Dickens",misc_net,508.43,John,Myers,M,701 Wilson Divide,Highland,IN,46322,41.55,-87.4569,23727,Community arts worker,1982-02-08,05be006451f2d8b4f5a12f8f22b82241,1382729091,40.665116,-88.241456,0,0.67263377,1
329651,2020-10-25 19:34:45,676369110710,"fraud_Wiza, Schaden and Stark",misc_pos,746.02,David,Wolfe,M,81261 Garcia Underpass Suite 741,Southfield,MI,48034,42.4969,-83.2911,75830,"Engineer, automotive",1974-12-28,7bdbace8d6fe529acc91c47eae2f33de,1382729685,42.942792,-82.644175,0,0.8065155,1
329696,2020-10-25 19:55:04,180068353086472,fraud_Kihn Inc,shopping_pos,915.32,Melissa,Flores,F,7529 Carter Well Suite 262,Huntington Beach,CA,92648,33.6773,-118.0051,190249,"Therapist, horticultural",1976-09-17,902cc3c8c1c7412e9ee33fb17b9a0f89,1382730904,32.743295,-118.797048,0,0.69689494,1
329837,2020-10-25 20:58:22,4599285557366057,"fraud_Langworth, Boehm and Gulgowski",shopping_net,849.81,Mary,Williams,F,00315 Ashley Valleys,Burrton,KS,67020,38.0261,-97.6666,1689,Gaffer,1997-11-18,457dbb8e3cb6ae8a851ecc2df34cac7b,1382734702,38.542762,-98.059882,1,0.6960905,1
329986,2020-10-25 22:09:24,4599285557366057,fraud_Price Inc,shopping_net,1034.66,Mary,Williams,F,00315 Ashley Valleys,Burrton,KS,67020,38.0261,-97.6666,1689,Gaffer,1997-11-18,d35738ab1d37cbc072512980e8bc9863,1382738964,37.932446,-98.517776,1,0.9279995,1
330003,2020-10-25 22:15:44,180046617132290,fraud_Kunze Inc,grocery_pos,272.26,Erika,Mason,F,083 Karen Island Apt. 656,Goreville,IL,62939,37.575,-88.9655,3119,"Teacher, secondary school",1942-04-17,e68ded4d68b1213b5a95dbee5f566734,1382739344,38.323166,-88.36568100000001,1,0.831688,1
330010,2020-10-25 22:17:46,4740713119940984,fraud_Heathcote LLC,shopping_net,1019.43,Heather,Hines,F,13776 Hicks Plains,Pomona,NY,10970,41.1901,-74.0436,9993,Pensions consultant,1962-10-16,f9689c59ca63a9c215d5f7558e342ec0,1382739466,41.22777,-73.25121800000001,1,0.9794189,1
330048,2020-10-25 22:34:45,4295296907373,"fraud_Baumbach, Hodkiewicz and Walsh",shopping_pos,1038.53,Destiny,Fowler,F,007 Tonya Isle Suite 299,Wever,IA,52658,40.7067,-91.2268,1071,Quantity surveyor,1998-08-02,90e78c5d17507bfe14168dbcb07f70bd,1382740485,40.151261,-90.52368,1,0.839755,1
330061,2020-10-25 22:41:26,4883407061576,fraud_Medhurst PLC,shopping_net,869.72,Rachel,Williams,F,6386 Bailey Hill Apt. 421,Seattle,WA,98118,47.5412,-122.275,837792,Systems developer,1936-12-23,5c758235759b69cd3b7096f8d926e4e3,1382740886,48.027705,-121.919191,1,0.9908716,1
330072,2020-10-25 22:46:05,4155021259183870,"fraud_Schmeler, Bashirian and Price",shopping_net,3712.07,Renee,Parrish,F,174 Jennifer Meadow Apt. 467,Mountain Park,OK,73559,34.7032,-98.9591,540,Research scientist (life sciences),1983-10-12,7a7bb1e01c72529d5a28230ecacf2a08,1382741165,33.984790999999994,-99.049805,0,0.93772525,1
330087,2020-10-25 22:49:56,4740713119940984,"fraud_Stanton, Jakubowski and Baumbach",shopping_net,976.13,Heather,Hines,F,13776 Hicks Plains,Pomona,NY,10970,41.1901,-74.0436,9993,Pensions consultant,1962-10-16,b035c300b4d3f7273611a41f938fd2f4,1382741396,40.912316,-73.912549,1,0.9783594,1
330093,2020-10-25 22:51:49,4599285557366057,"fraud_Romaguera, Cruickshank and Greenholt",shopping_net,873.24,Mary,Williams,F,00315 Ashley Valleys,Burrton,KS,67020,38.0261,-97.6666,1689,Gaffer,1997-11-18,10ee6414b2daa7a761e327929193fd3e,1382741509,37.596445,-97.436611,1,0.8163938,1
330124,2020-10-25 23:02:32,4295296907373,fraud_Bednar Group,misc_net,772.55,Destiny,Fowler,F,007 Tonya Isle Suite 299,Wever,IA,52658,40.7067,-91.2268,1071,Quantity surveyor,1998-08-02,082d3a5761e5ce991e99d92228200e4b,1382742152,40.556955,-90.847148,1,0.9301653,1
330135,2020-10-25 23:06:13,4883407061576,fraud_Kassulke PLC,shopping_net,974.36,Rachel,Williams,F,6386 Bailey Hill Apt. 421,Seattle,WA,98118,47.5412,-122.275,837792,Systems developer,1936-12-23,5cc92a8f0821a1fb075acce4e8b21ed4,1382742373,48.375593,-122.83509,1,0.9907279,1
330143,2020-10-25 23:09:34,4377338765909719,fraud_Metz-Boehm,shopping_pos,939.87,Nicholas,Mcmahon,M,2123 Jonathan Falls Suite 753,Heiskell,TN,37754,36.115,-84.0438,4729,"Geologist, wellsite",1982-04-19,2701df91d52c2e5d61cae4534bb898f0,1382742574,36.362543,-85.034635,0,0.8787469,1
330173,2020-10-25 23:24:18,4599285557366057,fraud_Dach-Nader,misc_net,898.03,Mary,Williams,F,00315 Ashley Valleys,Burrton,KS,67020,38.0261,-97.6666,1689,Gaffer,1997-11-18,228178b744198c545a50eb7719717afd,1382743458,37.415051,-96.860998,1,0.97610325,1
330182,2020-10-25 23:27:30,4599285557366057,fraud_Predovic Inc,shopping_net,780.19,Mary,Williams,F,00315 Ashley Valleys,Burrton,KS,67020,38.0261,-97.6666,1689,Gaffer,1997-11-18,ce8d52a2ac0c839c7684664873928cd0,1382743650,37.358152,-98.287486,1,0.8349025,1
330196,2020-10-25 23:32:34,4295296907373,"fraud_Langworth, Boehm and Gulgowski",shopping_net,1061.53,Destiny,Fowler,F,007 Tonya Isle Suite 299,Wever,IA,52658,40.7067,-91.2268,1071,Quantity surveyor,1998-08-02,415e12f8a1396525fed1aa8a86981460,1382743954,41.026989,-92.058575,1,0.9615569,1
330197,2020-10-25 23:33:00,4599285557366057,fraud_Kuhn LLC,misc_net,821.96,Mary,Williams,F,00315 Ashley Valleys,Burrton,KS,67020,38.0261,-97.6666,1689,Gaffer,1997-11-18,79a03ae645983fc0f5b46787e2ae2f83,1382743980,38.706515,-97.914621,1,0.9697636,1
330212,2020-10-25 23:38:36,180046617132290,fraud_Dooley-Thompson,misc_net,769.5,Erika,Mason,F,083 Karen Island Apt. 656,Goreville,IL,62939,37.575,-88.9655,3119,"Teacher, secondary school",1942-04-17,a691a4548fd4ae481799c6d85a4868a3,1382744316,36.848919,-88.333125,1,0.99301505,1
330223,2020-10-25 23:42:37,4740713119940984,fraud_Mohr-Bayer,shopping_net,1106.48,Heather,Hines,F,13776 Hicks Plains,Pomona,NY,10970,41.1901,-74.0436,9993,Pensions consultant,1962-10-16,120d14bb3592bc7cdf25f950dd2d4535,1382744557,41.363648,-73.284992,1,0.98316276,1
330255,2020-10-25 23:54:05,180046617132290,fraud_Auer-West,shopping_net,1009.26,Erika,Mason,F,083 Karen Island Apt. 656,Goreville,IL,62939,37.575,-88.9655,3119,"Teacher, secondary school",1942-04-17,121c530a9efe2c4de70b3eba647476d4,1382745245,36.685633,-88.040722,1,0.98572284,1
330260,2020-10-25 23:57:02,4599285557366057,"fraud_Heathcote, Yost and Kertzmann",shopping_net,880.31,Mary,Williams,F,00315 Ashley Valleys,Burrton,KS,67020,38.0261,-97.6666,1689,Gaffer,1997-11-18,25150c9a5c591dec5e74c51811dbe0be,1382745422,37.838392,-97.48212,1,0.835458,1
330410,2020-10-26 01:18:08,3531129874770000,fraud_Kris-Weimann,misc_net,540.99,Shelby,Mitchell,F,974 Cindy Stream,Brandon,VT,5733,43.8065,-73.0882,5895,"Scientist, marine",1975-07-13,6ca5476b39fc2b5fefb430d161daceb9,1382750288,43.691859,-72.764933,0,0.83263654,1
330699,2020-10-26 04:02:52,583699482621,fraud_Kuhn LLC,misc_net,557.73,Jennifer,Jones,F,5572 Kelly Plains Apt. 952,Waupaca,WI,54981,44.3481,-89.1101,15426,"Engineer, civil (contracting)",1936-07-22,bd4e896db5190f75ac5c5ed3f29efb42,1382760172,43.559178,-88.527497,0,0.65599865,1
331706,2020-10-26 13:05:15,36913587729122,fraud_Pacocha-Bauch,shopping_pos,1016.98,Ana,Mccormick,F,4503 Patricia Route,Meridian,ID,83646,43.6498,-116.4306,84106,Intelligence analyst,1971-02-11,12a9ea6ec73474cb50abd6596c832ad3,1382792715,43.253485,-116.635101,0,0.52244824,1
331857,2020-10-26 14:04:05,4725837176265195730,fraud_Mayert Group,shopping_pos,1349.95,Elizabeth,Mckee,F,358 Pruitt Square,Jay,FL,32565,30.8985,-87.1332,5719,Higher education careers adviser,1994-11-05,a4cb41d9bd76dda94bcd805067fffaaa,1382796245,31.67214,-86.31870500000001,0,0.6298391,1
332101,2020-10-26 15:26:43,342952484382519,fraud_Pacocha-Bauch,shopping_pos,1377.47,Kayla,Jones,F,6033 Young Track Suite 804,East Canaan,CT,6024,42.0158,-73.2913,647,Comptroller,1987-09-26,3541ec8a4ab74361002851ff7ae83014,1382801203,41.175783,-74.205968,0,0.80178994,1
332212,2020-10-26 16:06:31,30199621383748,"fraud_Roob, Conn and Tremblay",shopping_pos,1648.81,Theresa,Powell,F,117 Natasha Vista Suite 936,Leonard,TX,75452,33.4044,-96.2238,4090,Sub,1977-03-23,d663c63d772277452b072b2969873669,1382803591,33.311668,-95.606356,0,0.8674236,1
332317,2020-10-26 16:49:01,2231186809828225,fraud_Kessler Inc,travel,3280.68,Katherine,Pennington,F,73869 Connie Prairie,Vienna,GA,31092,32.0913,-83.7922,7420,Phytotherapist,1957-01-15,5dbc3dc47ea8f675338a1eeda741824b,1382806141,32.183637,-83.439222,0,0.90536124,1
332334,2020-10-26 16:54:33,6011381817520024,fraud_Gerlach Inc,shopping_net,2745.82,Kristen,Allen,F,8619 Lisa Manors Apt. 871,Lagrange,WY,82221,41.6423,-104.1974,635,Product/process development scientist,1973-07-13,de070a2a0c6a6d513ec25bc5ab5e30a2,1382806473,41.948701,-105.056688,0,0.91540015,1
332429,2020-10-26 17:25:36,3595192916105588,"fraud_Ruecker, Beer and Collier",shopping_net,990.11,Dustin,Roberts,M,3283 James Station,Fayetteville,NC,28314,35.0583,-79.008,238602,"Scientist, research (maths)",1993-05-14,15c59ce269265b8c60b6f90542fee716,1382808336,35.790222,-79.467179,0,0.59392816,1
332717,2020-10-26 19:08:45,630424987505,"fraud_Zboncak, Rowe and Murazik",shopping_net,1124.0,Jennifer,Black,F,2870 Bean Terrace Apt. 756,Thomas,WV,26292,39.1505,-79.503,836,Forensic psychologist,1981-08-29,1941c19e09e00fbc2db671fb9fbe8742,1382814525,39.393891,-78.94981899999999,0,0.90442026,1
332911,2020-10-26 20:21:33,3525590521269779,fraud_Predovic Inc,shopping_net,3372.11,Scott,Fuller,M,861 Karen Common,Haw River,NC,27258,36.0424,-79.3242,6006,Paramedic,1984-07-20,69a82f07c9986e3e83aea032834134fb,1382818893,36.262908,-79.225511,0,0.9273548,1
333143,2020-10-26 21:53:10,573283817795,fraud_Terry-Huel,shopping_net,1021.41,Amy,Flynn,F,46095 Tara Fords,Jaffrey,NH,3452,42.8178,-72.0275,5457,"Surveyor, hydrographic",1950-04-17,900c7e0cb0dd575f086dc1be877ace07,1382824390,42.727608,-71.228415,1,0.97136396,1
333221,2020-10-26 22:20:54,573283817795,fraud_Dooley-Thompson,misc_net,923.16,Amy,Flynn,F,46095 Tara Fords,Jaffrey,NH,3452,42.8178,-72.0275,5457,"Surveyor, hydrographic",1950-04-17,9f1f231ff108ff004d13cd4e237cabf6,1382826054,43.668113,-71.496759,1,0.992183,1
333419,2020-10-26 23:32:30,573283817795,"fraud_Mosciski, Ziemann and Farrell",shopping_net,988.01,Amy,Flynn,F,46095 Tara Fords,Jaffrey,NH,3452,42.8178,-72.0275,5457,"Surveyor, hydrographic",1950-04-17,75a08f669800ac16bdc32c9b0706bf82,1382830350,42.305776,-72.83364,1,0.97707695,1
333488,2020-10-26 23:57:07,370877495212014,fraud_Barrows PLC,shopping_pos,1437.13,Sarah,Clark,F,25961 Beverly Union Apt. 042,North Wilkesboro,NC,28659,36.2017,-81.1286,21134,Dispensing optician,1984-03-06,601a87610c6638f024986a08346521f7,1382831827,35.343389,-81.61247,0,0.9515202,1
333658,2020-10-27 01:28:47,6592074504369261,fraud_Balistreri-Nader,misc_pos,582.65,Amanda,Molina,F,8425 Daniel Knolls Suite 288,Philadelphia,PA,19154,40.0897,-74.9781,1526206,Commercial horticulturist,1972-05-23,c1e25ab413ddd736d5c3d243f4512a96,1382837327,39.113864,-74.700467,0,0.58644867,1
333716,2020-10-27 02:01:35,4191109180926792,fraud_Zemlak Group,misc_net,536.09,Jennifer,Spencer,F,477 Wheeler Burg,Amanda,OH,43102,39.6251,-82.7552,4512,Farm manager,1992-10-03,331291ef019702bcaa640dc2c8944989,1382839295,39.706864,-82.42226600000001,0,0.82286465,1
334050,2020-10-27 05:09:37,3593399694467427,fraud_Boyer PLC,misc_pos,940.04,Douglas,Smith,M,85932 Marc Throughway Apt. 080,Knowlesville,NY,14479,43.2363,-78.3138,275,TEFL teacher,1964-08-18,687354b0fd533ad9adf680680ff41078,1382850577,42.634318,-78.56345,0,0.51788795,1
334126,2020-10-27 05:56:35,370877495212014,fraud_Herzog Ltd,misc_pos,438.27,Sarah,Clark,F,25961 Beverly Union Apt. 042,North Wilkesboro,NC,28659,36.2017,-81.1286,21134,Dispensing optician,1984-03-06,60e6237da13783cc356fc87361374fff,1382853395,35.808547,-81.521351,0,0.5766955,1
334160,2020-10-27 06:14:04,630451534402,fraud_Kuphal-Bartoletti,misc_net,1211.79,Rachel,Daniels,F,561 Little Plain Apt. 738,Wetmore,MI,49895,46.3535,-86.6345,765,Immunologist,1972-06-12,9e85bfc4305717c5a697dc74a04e26b5,1382854444,46.24138,-86.64210600000001,0,0.75088817,1
334357,2020-10-27 08:08:54,30238755902988,fraud_Lebsack and Sons,misc_net,1298.02,Danielle,Yu,F,5395 Colon Burgs Suite 037,Thrall,TX,76578,30.592,-97.2893,1766,Press sub,1976-01-02,ffbb9c5158799fda7161ec206eb1fb79,1382861334,30.956423,-97.159478,0,0.675009,1
334754,2020-10-27 11:57:48,180017442990269,"fraud_Reichert, Rowe and Mraz",shopping_net,1565.48,Michelle,Anderson,F,28311 Dennis Trace,Albany,NY,12222,42.6853,-73.8253,151022,"Designer, textile",1939-06-01,da9a440dfa88d7615afb08b561fb1c63,1382875068,42.222299,-73.98050699999999,0,0.91828424,1
334792,2020-10-27 12:12:19,376445266762684,fraud_Williamson LLC,misc_pos,808.68,Rachel,Lowe,F,372 Jeffrey Course,Sutherland,NE,69165,41.1558,-101.136,1789,Insurance broker,1982-02-11,af37ef36fa89376780f5af157a715566,1382875939,41.09592,-101.224389,0,0.5129476,1
335027,2020-10-27 13:35:13,4181833256558613886,fraud_Williamson LLC,misc_pos,949.82,Jessica,Potter,F,7600 Stephen Course Suite 031,Red River,NM,87558,36.6659,-105.4694,606,"Surveyor, land/geomatics",1988-09-06,62b11e6f3726350bbb3558a730c32908,1382880913,37.503128,-106.436148,0,0.552572,1
335080,2020-10-27 13:56:53,3506592072985012,fraud_Mohr-Bayer,shopping_net,5757.51,Randy,Murphy,M,0356 Sarah Light,Ballwin,MO,63021,38.577,-90.5255,92608,"Engineer, communications",2001-07-26,8395a7a1afab9502ff9064118e784880,1382882213,39.206351,-90.645736,0,0.86830646,1
335637,2020-10-27 17:34:59,4681699462969,fraud_Stoltenberg-Beatty,shopping_pos,1572.23,Joseph,Gonzalez,M,319 Wendy Fort Suite 179,Murfreesboro,TN,37132,35.8596,-86.421,158701,"Journalist, newspaper",1978-03-06,dbcd9e239ee423e27f5f5affba1c8675,1382895299,36.72728,-85.497561,0,0.90432245,1
336070,2020-10-27 20:29:57,573283817795,fraud_Goyette Inc,shopping_net,939.95,Amy,Flynn,F,46095 Tara Fords,Jaffrey,NH,3452,42.8178,-72.0275,5457,"Surveyor, hydrographic",1950-04-17,34fe2b80f76aca88e3a890f3e5799cf0,1382905797,43.768763,-71.448365,1,0.9694812,1
336136,2020-10-27 20:51:21,3598304579370089,"fraud_Nienow, Ankunding and Collier",misc_pos,709.6,Vincent,Flowers,M,0189 Emily Prairie,Wichita,KS,67232,37.6395,-97.1714,409656,Heritage manager,1985-12-27,72822de14469b70403551927232e0fcc,1382907081,36.863051,-96.705313,0,0.8721102,1
336213,2020-10-27 21:21:51,4450831335606294,fraud_Macejkovic-Lesch,shopping_pos,793.74,Donna,Davis,F,6760 Donovan Lakes,Clayton,OK,74536,34.5906,-95.38,1760,Occupational psychologist,1972-01-20,a3c8b68fea90da58e4a5a6c17c4e2cc6,1382908911,34.003198,-95.117155,0,0.72164166,1
336388,2020-10-27 22:37:25,3543299015720986,"fraud_Baumbach, Hodkiewicz and Walsh",shopping_pos,632.49,Angela,White,F,137 Adam Dale,Lebanon,VA,24266,36.8809,-82.0956,9521,"Teacher, English as a foreign language",1977-10-19,8232bc9f598ad874c5f101aa0a5ada99,1382913445,36.65425,-82.58824200000001,0,0.5747873,1
336442,2020-10-27 22:56:55,676281772837,fraud_Predovic Inc,shopping_net,998.31,Alicia,Bishop,F,222 Freeman Islands,Whigham,GA,39897,30.8836,-84.3246,3430,"Editor, commissioning",1950-03-25,ea2a932a13b08b56db067d02387371b1,1382914615,31.774078000000003,-85.21792099999999,1,0.9679727,1
336477,2020-10-27 23:06:55,676281772837,"fraud_Romaguera, Cruickshank and Greenholt",shopping_net,898.97,Alicia,Bishop,F,222 Freeman Islands,Whigham,GA,39897,30.8836,-84.3246,3430,"Editor, commissioning",1950-03-25,ee36b4801eaa663d2fcddc049a9a78c3,1382915215,31.870977000000003,-83.82990699999999,1,0.9694548,1
336513,2020-10-27 23:20:01,676281772837,fraud_Brown PLC,misc_net,693.09,Alicia,Bishop,F,222 Freeman Islands,Whigham,GA,39897,30.8836,-84.3246,3430,"Editor, commissioning",1950-03-25,ce92537360dcace578d0182671ea7e0d,1382916001,30.260173,-85.186814,1,0.9919703,1
336518,2020-10-27 23:23:56,676281772837,fraud_Volkman-Predovic,shopping_net,882.81,Alicia,Bishop,F,222 Freeman Islands,Whigham,GA,39897,30.8836,-84.3246,3430,"Editor, commissioning",1950-03-25,9d58144dd768e67ba70a0ca0086f39a0,1382916236,30.716668,-83.632871,1,0.97509354,1
336533,2020-10-27 23:28:07,4926376199189801,"fraud_Gottlieb, Considine and Schultz",shopping_net,537.55,Claire,Davis,F,83685 Matthew Center Suite 870,Cherokee Village,AR,72529,36.3011,-91.5281,4726,Pharmacologist,1977-06-07,2ed8cb614f800d6fb361a91bc9b68d30,1382916487,36.402657,-91.855719,0,0.62460744,1
336538,2020-10-27 23:30:56,676281772837,fraud_Turner and Sons,shopping_pos,864.89,Alicia,Bishop,F,222 Freeman Islands,Whigham,GA,39897,30.8836,-84.3246,3430,"Editor, commissioning",1950-03-25,d051811cba3c7232e44c6bfb9b098e92,1382916656,31.533545,-83.94094,1,0.9477832,1
336596,2020-10-27 23:53:02,348253506557335,"fraud_Hahn, Douglas and Schowalter",travel,2927.35,Thomas,Gibson,M,32745 Silva Springs Suite 040,Grand Bay,AL,36541,30.4983,-88.3282,15647,Armed forces logistics/support/administrative officer,1948-03-22,6775b9b21b8d5a037cf94c57690a9ef6,1382917982,29.581919,-88.63720699999999,0,0.95957977,1
336601,2020-10-27 23:54:05,573283817795,fraud_Bogisich-Homenick,misc_net,859.65,Amy,Flynn,F,46095 Tara Fords,Jaffrey,NH,3452,42.8178,-72.0275,5457,"Surveyor, hydrographic",1950-04-17,685db86ce0a2e8fe864dbf40450c9181,1382918045,43.601365,-72.52595600000001,1,0.9929195,1
336630,2020-10-28 00:19:48,6501313409525696,fraud_Kuhn LLC,misc_net,574.34,Carrie,Lewis,F,28925 Powell Mountains Apt. 762,Pecos,TX,79772,31.4467,-103.5791,12747,"Merchandiser, retail",1987-05-05,804af6a618f0931e151ed276b3d3a591,1382919588,31.355943,-103.031787,0,0.74991477,1
337417,2020-10-28 14:40:21,3501509250702469,fraud_Herzog Ltd,misc_pos,1032.73,Frank,Anderson,M,0611 Stafford Valley Suite 504,Naples,FL,34112,26.1184,-81.7361,276002,"Programme researcher, broadcasting/film/video",1979-01-02,e7d73f06809f093f3b7d284698281ddf,1382971221,26.200049,-81.481302,0,0.6900479,1
337601,2020-10-28 16:40:53,4904681492230012,fraud_Conroy Ltd,shopping_pos,1003.14,Lisa,Lowe,F,574 David Locks Suite 207,Cottekill,NY,12419,41.8467,-74.1038,722,Comptroller,1990-10-19,122264cf70ad6a6978d7df34c122190b,1382978453,40.858753,-74.30712,0,0.5512213,1
337915,2020-10-28 20:43:38,3589289942931264,"fraud_Goyette, Howell and Collier",shopping_pos,869.2,Paula,Estrada,F,350 Stacy Glens,Spencer,SD,57374,43.7557,-97.5936,343,"Development worker, international aid",1972-03-05,6cf6008665631a42eb8cebb59cc8e2af,1382993018,44.463836,-98.527555,0,0.84512496,1
338026,2020-10-28 22:04:27,676281772837,fraud_Miller-Hauck,grocery_pos,307.9,Alicia,Bishop,F,222 Freeman Islands,Whigham,GA,39897,30.8836,-84.3246,3430,"Editor, commissioning",1950-03-25,6f8b2e82dcdd77689c9a13697ae0e7a1,1382997867,31.612332,-84.89478299999999,1,0.8396045,1
338412,2020-10-29 04:36:04,2703186189652095,"fraud_Wiza, Schaden and Stark",misc_pos,767.26,Jennifer,Banks,F,561 Perry Cove,Moravian Falls,NC,28654,36.0788,-81.1781,3495,"Psychologist, counselling",1988-03-09,24116c618d0ee2119b53fb92706ad664,1383021364,35.913145,-81.97398199999999,0,0.683781,1
338678,2020-10-29 09:38:22,372382441451095,"fraud_Quitzon, Green and Bashirian",shopping_pos,1589.94,Brent,Terrell,M,502 Rice Plaza Apt. 979,Port Ewen,NY,12466,41.8948,-73.9767,2471,Heritage manager,1966-01-21,e141b62c1a906dd4c439d4a74d766f01,1383039502,41.362339,-74.749142,0,0.80261165,1
338687,2020-10-29 09:52:23,3513618443244549,fraud_Dickinson-Rempel,misc_pos,763.01,Amber,Perez,F,954 Reyes Ways,Fulton,SD,57340,43.7588,-97.8712,355,Financial adviser,1955-06-26,48c65955d252cda37e818d1226ab31a1,1383040343,43.524897,-98.556238,0,0.5561511,1
339225,2020-10-29 17:02:11,3583793405872580,fraud_Predovic Inc,shopping_net,3120.74,Beth,Lambert,F,6447 Johnson Estates Apt. 986,Roosevelt,OK,73564,34.847,-98.9836,551,Amenity horticulturist,1970-09-27,1ce1dca6b48ef360cb31e4e4c73e3d40,1383066131,34.723659000000005,-99.680177,0,0.91234124,1
339365,2020-10-29 18:54:50,4158945090781624,fraud_Auer-West,shopping_net,1086.01,Justin,Bell,M,5323 Walker Island,Pittsburgh,PA,15217,40.4308,-79.9205,687276,"Scientist, marine",1973-10-19,176670d12a41c105b124aa05fb28eec9,1383072890,40.781805,-79.693448,0,0.968385,1
339563,2020-10-29 21:25:27,571365235126,fraud_Beier-Hyatt,shopping_pos,856.42,Barbara,Taylor,F,0069 Robin Brooks Apt. 695,Elberta,MI,49628,44.5995,-86.2141,372,"Exhibitions officer, museum/gallery",1995-07-12,dd1471623c1ec0e489da916fcefb8d50,1383081927,44.420486,-86.969822,0,0.611036,1
339659,2020-10-29 22:30:21,630451534402,fraud_Dooley Inc,shopping_pos,1229.97,Rachel,Daniels,F,561 Little Plain Apt. 738,Wetmore,MI,49895,46.3535,-86.6345,765,Immunologist,1972-06-12,6eed42985b5cadf3b63b3b196b83c1b6,1383085821,45.899762,-87.26673100000001,0,0.96767956,1
339722,2020-10-29 23:22:39,4469777115158234880,fraud_Kozey-Boehm,shopping_net,568.44,Gregory,Graham,M,4005 Dana Glens,Methuen,MA,1844,42.728,-71.181,47249,Market researcher,1980-11-22,6bfe819d4afaa98eae56e614507bce62,1383088959,42.091346,-70.270212,0,0.5285039,1
339917,2020-10-30 02:14:23,36078114201167,fraud_Kuphal-Bartoletti,misc_net,599.98,Christopher,Horn,M,956 Sanchez Highway,Mallie,KY,41836,37.2692,-82.9161,798,Facilities manager,1926-06-26,df47858655768fa4c3d54da862e3a1d7,1383099263,37.599658000000005,-82.933273,0,0.7654053,1
340247,2020-10-30 07:27:35,3513506355699497,"fraud_Kerluke, Kertzmann and Wiza",misc_net,652.37,Sarah,Adams,F,5654 Peterson Land,Ridgeland,MS,39157,32.4122,-90.1207,24645,"Scientist, clinical (histocompatibility and immunogenetics)",1966-05-29,c246370b045de076ef0cc1c39beed84c,1383118055,33.019544,-89.633077,0,0.53805745,1
340559,2020-10-30 12:13:00,30199621383748,fraud_Jast-McDermott,shopping_pos,1082.58,Theresa,Powell,F,117 Natasha Vista Suite 936,Leonard,TX,75452,33.4044,-96.2238,4090,Sub,1977-03-23,5ae2ac6c7c27a3b1e8def339c544dbf6,1383135180,33.720415,-95.398563,0,0.51571816,1
340694,2020-10-30 13:36:10,340951438290556,fraud_Bashirian Group,shopping_net,1411.03,Maria,Garcia,F,865 Thomas Village,Orangeburg,NY,10962,41.0442,-73.9609,5950,Records manager,1971-07-02,2bf3974015d8147b4f5ad5342f0bee7d,1383140170,41.388099,-73.54199399999999,0,0.88019514,1
340777,2020-10-30 14:30:16,4874017206859125,fraud_Cormier LLC,shopping_net,1872.14,Lauren,Williams,F,065 Jones Stravenue,Lake Oswego,OR,97034,45.4093,-122.6847,42817,Planning and development surveyor,1982-05-28,abccbefa89d213b7f693ac98a8205316,1383143416,45.939997,-123.01545,0,0.87928236,1
340846,2020-10-30 15:14:51,580954173374,fraud_Little-Gleichner,travel,2316.15,Jessica,Benitez,F,31281 Thomas Inlet,Montrose,NY,10548,41.2496,-73.9446,3487,Race relations officer,1960-01-13,5316ac932a217a010f3569bc64e069d4,1383146091,41.745728,-74.82989,0,0.8994043,1
340851,2020-10-30 15:17:30,373905417449658,fraud_Fisher-Schowalter,shopping_net,1143.09,Sarah,Bishop,F,554 Mcdonald Valley Apt. 539,Meridian,TX,76665,31.929,-97.6443,2526,Phytotherapist,1970-11-12,1d7fcca45e22942db925ddc15c93779c,1383146250,31.392009,-97.534649,0,0.829688,1
340949,2020-10-30 16:15:07,6011603272871604,fraud_Ebert-Daugherty,travel,2699.36,Robert,Holland,M,431 Tracy Expressway,Milner,GA,30257,33.141,-84.1759,4138,Field seismologist,1969-05-16,46852889a6e3c3e78a98c86f785f5ef3,1383149707,34.030419,-84.647563,0,0.8881229,1
341045,2020-10-30 17:07:14,3598304579370089,fraud_Block-Hauck,travel,4479.14,Vincent,Flowers,M,0189 Emily Prairie,Wichita,KS,67232,37.6395,-97.1714,409656,Heritage manager,1985-12-27,a6ab1368f7c24c2e54cf732e4c49ee4d,1383152834,37.995364,-98.061558,0,0.8931292,1
341409,2020-10-30 21:00:00,676245600876,"fraud_Ritchie, Bradtke and Stiedemann",travel,2567.97,Ashley,Blanchard,F,292 Lowe Dam Suite 858,West Palm Beach,FL,33417,26.7197,-80.1248,459921,Historic buildings inspector/conservation officer,1960-06-14,19278328b03ecc4e8853542845e2e267,1383166800,27.198052,-80.04978299999999,0,0.9438661,1
341530,2020-10-30 22:12:26,4800395067176717,fraud_Nienow PLC,entertainment,152.95,Daniel,Owens,M,88794 Mandy Lodge Apt. 874,Howells,NE,68641,41.6964,-96.9858,1063,Research scientist (maths),1928-04-02,896fc4629f91dfcfff3d2f6f2110f29f,1383171146,41.292298,-97.357115,0,0.63209504,1
341608,2020-10-30 23:11:52,3524574586339330,"fraud_Reichert, Rowe and Mraz",shopping_net,814.28,Ashley,Cabrera,F,94225 Smith Springs Apt. 617,Vero Beach,FL,32960,27.633000000000003,-80.4031,105638,"Librarian, public",1986-05-07,911a182c7f96bbc75322b57809339e74,1383174712,27.334015,-80.69974599999999,0,0.6839042,1
341867,2020-10-31 02:56:32,30343344410970,fraud_Sawayn PLC,shopping_pos,2754.93,Jacob,Dawson,M,663 Anna Plaza,Marienville,PA,16239,41.4622,-79.1306,4172,"Copywriter, advertising",1962-03-20,442be5230ecc5576f3a438115f4f3ada,1383188192,40.935056,-78.365207,0,0.74654377,1
342355,2020-10-31 10:36:06,4045036286570100739,"fraud_Kuhic, Bins and Pfeffer",shopping_net,1401.35,Bianca,Scott,F,9588 Cox Rapid Apt. 257,Atglen,PA,19310,39.9458,-75.9703,3066,Product manager,1928-07-15,7573de8a2a7c4862442d7b8534b1c452,1383215766,39.511396000000005,-75.30575999999999,0,0.93582624,1
342526,2020-10-31 12:54:44,503874407318,fraud_Lemke-Gutmann,shopping_net,1618.41,Andrew,Mcgee,M,4130 Tiffany Glen Apt. 562,San Antonio,TX,78248,29.5894,-98.5201,1595797,Exhibition designer,1975-12-28,48ebfd076dfb820597655bfd454c1a5c,1383224084,28.68849,-98.632027,0,0.8297275,1
343086,2020-10-31 19:00:24,343472729187663,fraud_Boyer-Reichert,shopping_net,1692.1,Gloria,Wallace,F,234 Bridges Wells Apt. 389,Center Tuftonboro,NH,3816,43.6849,-71.2551,1368,"Optician, dispensing",1971-08-05,08e7d0e93e42d9210926f3646fefd62e,1383246024,44.082439,-70.738086,0,0.9699448,1
343108,2020-10-31 19:13:53,573860193545,fraud_Pfeffer and Sons,shopping_pos,1038.7,Cristian,Jones,M,0423 Kirby Field Suite 623,Wilmette,IL,60091,42.0765,-87.7246,27020,Trade mark attorney,1986-07-23,14cfd4aecb21031c5fba839718a1b63f,1383246833,42.530173,-88.652906,0,0.85513645,1
343211,2020-10-31 20:17:51,213153151785052,"fraud_Bernier, Volkman and Hoeger",misc_net,521.46,Rebecca,Conley,F,181 Moreno Light Apt. 215,Tomahawk,WI,54487,45.4963,-89.7273,9594,Seismic interpreter,1997-11-23,2dc3c75b08fa329b76ea4620ba8922df,1383250671,44.746208,-89.053382,0,0.56838226,1
343335,2020-10-31 21:31:50,30551643947183,fraud_Volkman-Predovic,shopping_net,914.5,Morgan,Smith,F,1441 Bradley Place,Grover,NC,28073,35.1836,-81.4552,5621,Toxicologist,1973-11-14,5db8445a0558edf2826260a7753a45d2,1383255110,35.053462,-81.103039,0,0.91772854,1
343427,2020-10-31 22:35:21,6011109736646996,"fraud_Swaniawski, Lowe and Robel",shopping_pos,683.52,Rebecca,Erickson,F,594 Berry Lights Apt. 392,Wilmington,NC,28405,34.2651,-77.867,186140,English as a second language teacher,1983-02-08,78d18424c3c1973d34f573298d5e9277,1383258921,35.021425,-78.319148,0,0.6637917,1
343431,2020-10-31 22:36:06,4342532437704183,"fraud_Kunze, Larkin and Mayert",travel,3865.49,Kevin,Elliott,M,1852 Vincent Isle Suite 328,Newark Valley,NY,13811,42.2281,-76.1625,4354,Further education lecturer,1994-02-16,da1994695d1995a5f4a5a5ca12bf87ba,1383258966,42.466372,-75.858079,0,0.9326332,1
343441,2020-10-31 22:40:08,4087542780207162,fraud_Hills-Witting,shopping_net,940.61,Nicole,Dominguez,F,537 Brian Island,Guthrie,OK,73044,35.833,-97.436,20226,Retail manager,1969-11-08,3f2567a9364bc56edeb61c9176fe46a8,1383259208,35.736355,-97.429682,1,0.9687798,1
343443,2020-10-31 22:42:19,376012912828093,fraud_Fisher-Schowalter,shopping_net,1007.34,Nathan,Mayer,M,478 Donovan Corners Apt. 803,Schaumburg,IL,60193,42.0144,-88.0935,92294,Claims inspector/assessor,1969-05-01,b5936c854fecf50faf5e68d4c72bf7d3,1383259339,41.153156,-87.27213,1,0.9773259,1
343445,2020-10-31 22:44:03,30561214688470,fraud_Predovic Inc,shopping_net,4082.08,Gina,Morrison,F,41851 Victor Drives Suite 219,Allentown,PA,18103,40.5891,-75.4645,166081,"Scientist, research (maths)",1998-10-01,355224ed74360f3c7916350179047182,1383259443,41.563426,-74.465053,0,0.938669,1
343479,2020-10-31 23:06:47,4087542780207162,"fraud_Kerluke, Kertzmann and Wiza",misc_net,785.09,Nicole,Dominguez,F,537 Brian Island,Guthrie,OK,73044,35.833,-97.436,20226,Retail manager,1969-11-08,4ea1c96097820100b9ff550ea2647915,1383260807,36.828544,-98.196468,1,0.991351,1
343516,2020-10-31 23:38:39,4087542780207162,fraud_Boyer PLC,shopping_net,1046.08,Nicole,Dominguez,F,537 Brian Island,Guthrie,OK,73044,35.833,-97.436,20226,Retail manager,1969-11-08,c3e5c82a87b3d1b99a07185b80b657f8,1383262719,34.974667,-98.376583,1,0.9873662,1
343555,2020-11-01 00:08:13,4026222041577,fraud_Kris-Weimann,misc_net,736.63,Debbie,Payne,F,204 Ashley Neck Apt. 169,Preston,CT,6365,41.5224,-71.9934,4720,Broadcast presenter,1977-05-18,a69db557e6c63132d37fcb4b2e862e91,1383264493,40.657033,-71.755767,1,0.8085459,1
343617,2020-11-01 00:54:51,4026222041577,fraud_Lemke-Gutmann,shopping_net,910.3,Debbie,Payne,F,204 Ashley Neck Apt. 169,Preston,CT,6365,41.5224,-71.9934,4720,Broadcast presenter,1977-05-18,2d666feb2c7b048d6bf42042bf9cf6d9,1383267291,40.867269,-72.246289,1,0.5554106,1
343619,2020-11-01 00:55:29,4026222041577,"fraud_Kerluke, Kertzmann and Wiza",misc_net,721.23,Debbie,Payne,F,204 Ashley Neck Apt. 169,Preston,CT,6365,41.5224,-71.9934,4720,Broadcast presenter,1977-05-18,79592e0c0fa1a4f946bee09980505211,1383267329,42.031068,-71.149497,1,0.77169204,1
343667,2020-11-01 01:26:24,4026222041577,"fraud_Lehner, Mosciski and King",misc_net,827.42,Debbie,Payne,F,204 Ashley Neck Apt. 169,Preston,CT,6365,41.5224,-71.9934,4720,Broadcast presenter,1977-05-18,98b836c22e941201c1cc351316fe2e27,1383269184,42.221824,-72.389609,1,0.79424626,1
343752,2020-11-01 02:27:22,4026222041577,fraud_Medhurst PLC,shopping_net,1000.87,Debbie,Payne,F,204 Ashley Neck Apt. 169,Preston,CT,6365,41.5224,-71.9934,4720,Broadcast presenter,1977-05-18,e81e4ba315d0c2ca81719835a0112ddd,1383272842,42.454688,-72.521372,1,0.6338133,1
343872,2020-11-01 03:56:18,4128027264554082,fraud_Mante Group,misc_net,631.51,Kyle,Park,M,7507 Larry Passage Suite 859,Mount Perry,OH,43760,39.8788,-82.18799999999999,1831,Barrister's clerk,1953-10-18,3e83ad7aaddac151bb3d266968877372,1383278178,39.593391,-81.249943,0,0.6814974,1
344541,2020-11-01 11:57:45,213174467670432,"fraud_Bernier, Volkman and Hoeger",misc_net,880.64,James,Bishop,M,7055 Fernandez Estates Apt. 676,Cecilton,MD,21913,39.4015,-75.8654,663,Podiatrist,1969-01-14,da50980c917e8461ad1626dea6470d8c,1383307065,38.690792,-75.755113,0,0.874191,1
344697,2020-11-01 13:01:49,639023984367,fraud_Mayert Group,shopping_pos,2532.44,Destiny,Lowe,F,79472 Stevens Trace Apt. 120,Hannawa Falls,NY,13647,44.6087,-74.9732,69,Chief Executive Officer,1991-06-05,64609f4f217ce115b803046f42166725,1383310909,44.046516,-75.736307,0,0.8808964,1
344812,2020-11-01 13:44:40,6011652924285713,"fraud_Towne, Greenholt and Koepp",shopping_net,1636.15,Kathryn,Smith,F,19838 Tonya Prairie Apt. 947,Rocky Mount,MO,65072,38.2911,-92.7059,1847,Tax inspector,1988-10-26,7f131694ca6205988aeecc251ebfad11,1383313480,39.242387,-92.287891,0,0.83762103,1
345367,2020-11-01 17:29:38,4997733566924489,fraud_Cormier LLC,shopping_net,1761.95,Stephanie,Taylor,F,598 Martin Pine Suite 365,Saint Paul,MN,55128,44.9913,-92.9487,753116,Fisheries officer,1971-08-06,4fbf55c8e19059c537f06312011aa28c,1383326978,45.843368,-92.650151,0,0.9652172,1
345427,2020-11-01 17:49:14,2269768987945882,fraud_Satterfield-Lowe,travel,1962.74,Shannon,Patterson,F,9808 Ellis Bypass,Mount Morris,NY,14510,42.6835,-77.8664,4895,Acupuncturist,1958-10-29,604500b5ef8e4317d6f16233602ebcf3,1383328154,41.956274,-76.95747800000001,0,0.9173773,1
345431,2020-11-01 17:50:01,3590736522064285,fraud_Fisher-Schowalter,shopping_net,1497.72,Kimberly,Gonzalez,F,72966 Shannon Pass Apt. 391,Bauxite,AR,72011,34.5091,-92.4828,4074,"Scientist, audiological",1975-12-20,8162565189bf8c1a9202e3667c9c4756,1383328201,33.669945,-92.850284,0,0.9196091,1
345609,2020-11-01 19:09:17,30407675418785,fraud_Dooley-Thompson,misc_net,653.93,Danielle,Evans,F,76752 David Lodge Apt. 064,Breesport,NY,14816,42.1939,-76.7361,520,Psychotherapist,1991-10-13,5134b34e6eadc83a0a987ad94709c098,1383332957,42.090839,-76.602933,0,0.77174807,1
345896,2020-11-01 21:16:27,30118423745458,fraud_Ankunding LLC,shopping_net,1197.85,Jared,Velazquez,M,01479 Murray Circle,Matawan,NJ,7747,40.4109,-74.238,30770,Drilling engineer,1993-04-29,5fe2ae369073292bf510bb5ba284f51d,1383340587,40.23191,-73.94805600000001,0,0.9210472,1
346030,2020-11-01 22:20:54,4087542780207162,fraud_Auer-West,shopping_net,1034.69,Nicole,Dominguez,F,537 Brian Island,Guthrie,OK,73044,35.833,-97.436,20226,Retail manager,1969-11-08,4bb5ede5d664861664e5df7f973730b0,1383344454,35.837809,-97.256968,1,0.98088866,1
346076,2020-11-01 22:46:45,3589255887819806,fraud_Reynolds-Schinner,misc_pos,528.43,David,Miller,M,622 Bradley Knoll Apt. 758,Hancock,MD,21750,39.6991,-78.1762,3766,Press photographer,1984-02-14,4a96e4d6cc8c27d63cee873a0e192f97,1383346005,39.777118,-78.15090500000001,0,0.5144777,1
346096,2020-11-01 22:51:03,4102003771126577611,fraud_Bruen-Yost,misc_pos,747.09,William,Fitzgerald,M,715 Courtney Pike Suite 932,Keller,TX,76248,32.9276,-97.2489,95035,Probation officer,1987-06-13,15fb20e9bcd5ff92078bb66fdb5d7595,1383346263,33.107463,-98.084972,0,0.8607312,1
346169,2020-11-01 23:17:28,376445266762684,fraud_Turner and Sons,shopping_pos,1865.19,Rachel,Lowe,F,372 Jeffrey Course,Sutherland,NE,69165,41.1558,-101.136,1789,Insurance broker,1982-02-11,6fe14c3582b48b33f7a60244a75c563d,1383347848,40.333088,-101.708824,0,0.96728927,1
346185,2020-11-01 23:28:00,6592074504369261,fraud_Kuhic LLC,shopping_net,958.58,Amanda,Molina,F,8425 Daniel Knolls Suite 288,Philadelphia,PA,19154,40.0897,-74.9781,1526206,Commercial horticulturist,1972-05-23,3ccab4b13d04ec3403e5ac54d19b2b45,1383348480,40.417284,-75.172088,0,0.9820765,1
346677,2020-11-02 04:02:14,4671727014157745,fraud_Volkman Ltd,misc_net,658.35,Kenneth,Edwards,M,3653 Ryan Crossroad,Andrews,IN,46702,40.8618,-85.6067,2304,Retail banker,1955-07-25,6eac91fe36d62252aaa74bbc017c54d6,1383364934,40.977262,-85.932902,0,0.66570044,1
347220,2020-11-02 09:26:30,2657850734909997,"fraud_Schuppe, Nolan and Hoeger",shopping_pos,1183.88,Alan,Howard,M,04139 Johnson Prairie Suite 401,Detroit,MI,48206,42.3749,-83.1087,673342,Trading standards officer,1946-11-01,d69a10bc358fd821b50121164a3523e4,1383384390,43.291726,-83.099168,0,0.5100784,1
347257,2020-11-02 09:49:13,3551217896304745,fraud_Durgan-Auer,misc_net,1472.05,Sara,Harris,F,597 Jenny Ford Apt. 543,Tupper Lake,NY,12986,44.232,-74.4905,6120,Chartered loss adjuster,1976-10-09,987be502e8eea9caf5dfed0b1ee6cb91,1383385753,44.55622,-75.109062,0,0.7944329,1
347343,2020-11-02 10:33:38,4969856774088583,fraud_Morissette PLC,shopping_pos,1295.92,Jacqueline,Prince,F,27823 Andrew Underpass Suite 948,Metairie,LA,70003,29.9975,-90.2146,137067,Advertising account planner,1951-12-04,7730217e901a419e5b41ad42d50bf5c0,1383388418,30.431665,-90.306252,0,0.58658636,1
347373,2020-11-02 10:54:38,4147608975828480,"fraud_Johnson, Runolfsdottir and Mayer",misc_net,1283.69,Edward,Tapia,M,354 Gutierrez Gateway,Comfrey,MN,56019,44.1111,-94.9134,914,Health and safety adviser,1944-07-26,0b7866f6d8c4f321023a1ed706ebeb30,1383389678,44.044627,-95.11493,0,0.93060446,1
347929,2020-11-02 14:52:59,3529597930342630,fraud_Morissette PLC,shopping_pos,1397.57,Melissa,Rodriguez,F,81708 Christopher Plaza,Jordanville,NY,13361,42.8948,-74.8209,824,Travel agency manager,1985-09-01,5e04d1e03af75b90540b8ece7eaa6394,1383403979,43.87295,-74.33756,0,0.7904643,1
348298,2020-11-02 17:13:28,3501942333500073,fraud_Gislason Group,misc_pos,1233.33,Lori,Bishop,F,08056 Alvarado Club Suite 699,Phoenix,AZ,85086,33.8155,-112.1202,1312922,Counselling psychologist,1999-11-30,32e29b22bcaed16502961b11d45da0f4,1383412408,33.514603,-112.165149,0,0.76477253,1
348362,2020-11-02 17:39:43,675945690716,fraud_Mayert Group,shopping_pos,1265.36,Ellen,Smith,F,285 George Lake,Beaver Falls,PA,15010,40.7687,-80.3592,28425,Podiatrist,2000-06-09,b0302999bf7fd0327343b93f1017c91b,1383413983,41.04133,-79.65606,0,0.72263,1
348366,2020-11-02 17:41:32,571365235126,"fraud_Terry, Johns and Bins",misc_pos,959.45,Barbara,Taylor,F,0069 Robin Brooks Apt. 695,Elberta,MI,49628,44.5995,-86.2141,372,"Exhibitions officer, museum/gallery",1995-07-12,3248e38754376265f0cae50a0b0639f2,1383414092,44.289319,-86.008116,0,0.83712745,1
348923,2020-11-02 21:05:54,6534628260579800,fraud_Schmitt Ltd,misc_net,707.02,Christine,Harris,F,29606 Martinez Views Suite 653,Hinesburg,VT,5461,44.3346,-73.098,4542,Claims inspector/assessor,1998-03-19,2f20a1fd57fbce8a0dbb033d6c8d842d,1383426354,44.714843,-72.121662,0,0.74690205,1
349069,2020-11-02 22:01:46,4244953610136705533,fraud_Boyer PLC,shopping_net,992.26,Christopher,Odom,M,81446 Nicole Highway Apt. 874,Richland,NJ,8350,39.485,-74.8776,825,Licensed conveyancer,1991-07-06,170db6a77c024a4af7c249fb384ec41b,1383429706,39.968399,-75.08442600000001,1,0.80845195,1
349315,2020-11-02 23:31:38,6554245334757802,"fraud_Monahan, Hermann and Johns",travel,4640.61,Monique,Robinson,F,07712 Marcus Divide Apt. 831,Laguna Hills,CA,92637,33.615,-117.7114,45303,Sales executive,1969-12-22,506a57dcd98d7a2796f0b4dea8be246c,1383435098,34.350722999999995,-117.789498,0,0.9285572,1
349419,2020-11-03 00:13:15,4969856774088583,fraud_Bednar Group,misc_net,826.77,Jacqueline,Prince,F,27823 Andrew Underpass Suite 948,Metairie,LA,70003,29.9975,-90.2146,137067,Advertising account planner,1951-12-04,9a9c20ea38fc5d19aae5516555e0342a,1383437595,29.163176,-89.446436,0,0.684554,1
349486,2020-11-03 00:55:10,4178097073221156,fraud_Koelpin and Sons,misc_net,787.2,Jill,Flores,F,639 Cruz Islands,Baroda,MI,49101,41.9488,-86.4913,3104,"Horticulturist, commercial",1981-03-29,fbed06b4db865cd4ec03d7dae8c29aab,1383440110,42.459777,-86.91810100000001,0,0.8092918,1
350381,2020-11-03 09:37:01,3592325941359225,"fraud_Swaniawski, Lowe and Robel",shopping_pos,3778.46,Ashley,Robinson,F,1007 Colton Forks,Hopewell,VA,23860,37.2876,-77.295,31970,Purchasing manager,1935-08-15,cc2650f9529d57a99d5b32cf0e5788d8,1383471421,36.683046,-77.570918,0,0.88707775,1
350681,2020-11-03 12:20:20,36078114201167,fraud_Ankunding-Carroll,travel,5936.8,Christopher,Horn,M,956 Sanchez Highway,Mallie,KY,41836,37.2692,-82.9161,798,Facilities manager,1926-06-26,4ef348c1c92f0cfb5dd64d3e90e691b6,1383481220,36.913914,-82.740922,0,0.90036494,1
350836,2020-11-03 13:20:46,30518196150127,fraud_Pfeffer and Sons,shopping_pos,2289.81,Karen,Sullivan,F,6313 Scott Trace,Rossville,IL,60963,40.3625,-87.6692,1807,"Buyer, retail",1975-06-02,bbc29568db8736a0372d51567e20d165,1383484846,40.440168,-88.533781,0,0.88149786,1
351776,2020-11-03 19:08:15,4450831335606294,fraud_Goyette Inc,shopping_net,2274.48,Donna,Davis,F,6760 Donovan Lakes,Clayton,OK,74536,34.5906,-95.38,1760,Occupational psychologist,1972-01-20,916cb4d8193260e178c559a737c7bed9,1383505695,35.40278,-95.315994,0,0.94392514,1
352008,2020-11-03 20:44:55,3598304579370089,fraud_Mohr Inc,shopping_pos,1833.09,Vincent,Flowers,M,0189 Emily Prairie,Wichita,KS,67232,37.6395,-97.1714,409656,Heritage manager,1985-12-27,87726f6dd2099db9751aace1bf82399c,1383511495,37.166428,-96.818543,0,0.946447,1
352055,2020-11-03 21:03:18,6011438889172900,fraud_Ebert-Daugherty,travel,1580.0,Allison,Allen,F,40624 Rebecca Spurs,De Witt,AR,72042,34.2853,-91.3336,5161,Electrical engineer,1993-04-08,d021d902075a52e97ae359ef4c30ee39,1383512598,34.717754,-91.555031,0,0.7934834,1
352166,2020-11-03 21:46:35,4482427013979020,"fraud_Fadel, Mertz and Rippin",entertainment,293.81,Leslie,Ford,F,4938 Hatfield Course,Henderson,WV,25106,38.8265,-82.1364,642,Building services engineer,1946-08-30,a657a7be4decc0f81007621d35b2a47d,1383515195,39.376267,-82.517128,0,0.9017203,1
352237,2020-11-03 22:13:59,4244953610136705533,"fraud_Greenholt, O'Hara and Balistreri",shopping_net,1094.76,Christopher,Odom,M,81446 Nicole Highway Apt. 874,Richland,NJ,8350,39.485,-74.8776,825,Licensed conveyancer,1991-07-06,fa3144f6a07e6a8afbb2256c81741915,1383516839,38.945437,-75.65615799999999,1,0.906481,1
352431,2020-11-03 23:17:09,4244953610136705533,"fraud_Gottlieb, Considine and Schultz",shopping_net,821.38,Christopher,Odom,M,81446 Nicole Highway Apt. 874,Richland,NJ,8350,39.485,-74.8776,825,Licensed conveyancer,1991-07-06,3d447968909d54943ed8e9ff8a5f68a1,1383520629,39.696187,-75.426388,1,0.81344485,1
352497,2020-11-03 23:46:56,371985236239474,fraud_Kozey-Boehm,shopping_net,891.8,Benjamin,Martin,M,0495 Baker Manors,Oriskany Falls,NY,13425,42.9576,-75.4838,1970,"Programmer, multimedia",1949-06-09,28bee9962973cbe45494dbca96f0646e,1383522416,43.354502,-76.138001,1,0.9674096,1
352508,2020-11-03 23:50:51,4244953610136705533,"fraud_Tillman, Fritsch and Schmitt",misc_net,713.28,Christopher,Odom,M,81446 Nicole Highway Apt. 874,Richland,NJ,8350,39.485,-74.8776,825,Licensed conveyancer,1991-07-06,5dc31a63a8c719bd62a4c7dc04d67080,1383522651,38.981421000000005,-74.448369,1,0.97255594,1
352551,2020-11-04 00:19:40,370612217861404,"fraud_Rohan, White and Aufderhar",misc_net,801.34,Amanda,Fitzgerald,F,298 Kayla Lights,Bristol,PA,19007,40.1159,-74.8536,21125,"Administrator, charities/voluntary organisations",1985-05-25,2cc6a13dbd552cd375d6c0565c548f9d,1383524380,40.261009,-74.58761700000001,1,0.8235951,1
352617,2020-11-04 01:31:38,370612217861404,"fraud_Goldner, Kovacek and Abbott",grocery_pos,354.52,Amanda,Fitzgerald,F,298 Kayla Lights,Bristol,PA,19007,40.1159,-74.8536,21125,"Administrator, charities/voluntary organisations",1985-05-25,757e0b36c5fdc3f4e3ac4141d2ef46c8,1383528698,39.471252,-74.785794,1,0.7300389,1
352689,2020-11-04 03:07:54,180072527505094,fraud_Bednar Group,misc_net,875.23,Cody,Miller,M,25748 John Wells,Mooresville,NC,28117,35.584,-80.8685,69793,Control and instrumentation engineer,1953-12-08,90d6c692ee6821a58b6f7d53e0313fab,1383534474,35.570102,-80.142267,0,0.70051354,1
352880,2020-11-04 07:11:27,371034293500716,fraud_Kerluke PLC,misc_net,705.61,Jeremy,Jones,M,5758 Yates Center,Vinton,CA,96135,40.0235,-120.7986,128,Education administrator,1966-02-21,405582e7e6dd1db85af61cd5f7801bfb,1383549087,40.736038,-119.855809,0,0.50248486,1
352957,2020-11-04 08:54:22,4800395067176717,"fraud_Rippin, Kub and Mann",misc_net,603.23,Daniel,Owens,M,88794 Mandy Lodge Apt. 874,Howells,NE,68641,41.6964,-96.9858,1063,Research scientist (maths),1928-04-02,f49b8f782cc29df5a5057820b1cec293,1383555262,41.405848,-96.980047,0,0.9220965,1
353560,2020-11-04 18:19:13,3568255211412877,"fraud_Turner, Ruecker and Parisian",misc_pos,923.08,Timothy,Gomez,M,707 Anthony Causeway,Leo,IN,46765,41.2249,-85.0301,5341,Biomedical engineer,1994-11-24,8298aee6e93b04737686f518b90772d2,1383589153,41.283884,-85.90813399999999,0,0.8729233,1
353669,2020-11-04 19:35:00,6592074504369261,"fraud_Little, Gutmann and Lynch",shopping_net,1135.34,Amanda,Molina,F,8425 Daniel Knolls Suite 288,Philadelphia,PA,19154,40.0897,-74.9781,1526206,Commercial horticulturist,1972-05-23,aa494de8720f77cac7373ea9417e5e11,1383593700,39.099674,-75.83840699999999,0,0.9821523,1
353695,2020-11-04 19:54:20,3533742182628021,fraud_Pagac LLC,shopping_pos,1582.39,Robert,Haynes,M,857 Aaron Circles Suite 398,Johns Island,SC,29455,32.8357,-79.8217,20478,Materials engineer,1997-06-04,dfa56bdd549af0bd8851d0acd6b8bfc9,1383594860,32.044808,-78.950281,0,0.8702947,1
353843,2020-11-04 21:45:39,3595192916105588,fraud_Volkman-Predovic,shopping_net,770.89,Dustin,Roberts,M,3283 James Station,Fayetteville,NC,28314,35.0583,-79.008,238602,"Scientist, research (maths)",1993-05-14,99fc5cbc202eb8b9ad26c62e1b5a1b01,1383601539,35.909505,-79.74901700000001,0,0.597155,1
353895,2020-11-04 22:16:20,2229378226512508,"fraud_Stanton, Jakubowski and Baumbach",shopping_net,816.2,Thomas,Hale,M,949 Smith Parkway,Cazenovia,WI,53924,43.4987,-90.2796,1360,Occupational hygienist,1984-11-06,0b23158b08dbdca7ce6fe66610ac3afb,1383603380,42.766011,-91.103893,1,0.8313179,1
353937,2020-11-04 22:39:44,2450829271795901,"fraud_Greenholt, O'Hara and Balistreri",shopping_net,1111.46,Timothy,Kirby,M,7309 Sophia Causeway Suite 702,Sauk Rapids,MN,56379,45.604,-94.1591,16163,Hydrographic surveyor,1987-02-22,72dc751136af373dfafcac2e751128fe,1383604784,45.268418,-93.195059,0,0.94246674,1
353958,2020-11-04 22:58:54,2229378226512508,fraud_Lemke-Gutmann,shopping_net,1042.48,Thomas,Hale,M,949 Smith Parkway,Cazenovia,WI,53924,43.4987,-90.2796,1360,Occupational hygienist,1984-11-06,a3711ee05c801d9aa80f14c6b0a858be,1383605934,43.187764,-91.224593,1,0.947996,1
353959,2020-11-04 22:59:03,3596217206093829,fraud_Gutmann-Upton,misc_pos,553.27,Sara,Ramirez,F,23843 Scott Island,Birmingham,IA,52535,40.8626,-91.9534,888,Camera operator,1988-03-25,a6639e0ca5bb2cddba2bd8f0322110ef,1383605943,41.436647,-92.238469,0,0.7233847,1
353994,2020-11-04 23:26:24,2229378226512508,fraud_Kozey-Boehm,shopping_net,1090.29,Thomas,Hale,M,949 Smith Parkway,Cazenovia,WI,53924,43.4987,-90.2796,1360,Occupational hygienist,1984-11-06,7b8d575a131c87fb874d25ffdbfcbbe2,1383607584,44.03126,-90.764532,1,0.96426433,1
354008,2020-11-04 23:36:09,2229378226512508,"fraud_Greenholt, O'Hara and Balistreri",shopping_net,949.68,Thomas,Hale,M,949 Smith Parkway,Cazenovia,WI,53924,43.4987,-90.2796,1360,Occupational hygienist,1984-11-06,828adbd097f8726118beb7e8582a75e8,1383608169,43.774875,-90.727092,1,0.9491829,1
354131,2020-11-05 01:38:59,370612217861404,fraud_Huel Ltd,misc_net,890.93,Amanda,Fitzgerald,F,298 Kayla Lights,Bristol,PA,19007,40.1159,-74.8536,21125,"Administrator, charities/voluntary organisations",1985-05-25,1cf84be6cf4d83bc9ca433b8cdb966c8,1383615539,39.374647,-74.240534,1,0.80205166,1
354134,2020-11-05 01:46:06,370612217861404,"fraud_Rodriguez, Yost and Jenkins",misc_net,813.05,Amanda,Fitzgerald,F,298 Kayla Lights,Bristol,PA,19007,40.1159,-74.8536,21125,"Administrator, charities/voluntary organisations",1985-05-25,399fd562cb90621f4d1ba2dc9b7c6368,1383615966,39.347848,-75.79978,1,0.8289705,1
354254,2020-11-05 03:30:34,370612217861404,fraud_Auer-West,shopping_net,962.8,Amanda,Fitzgerald,F,298 Kayla Lights,Bristol,PA,19007,40.1159,-74.8536,21125,"Administrator, charities/voluntary organisations",1985-05-25,04f32b7c6fdf19c7229c31ccc5d32975,1383622234,41.043482,-74.916847,1,0.6145341,1
354439,2020-11-05 07:01:25,3538520143479972,"fraud_Hayes, Marquardt and Dibbert",misc_net,1238.92,Cassandra,Nunez,F,9572 Austin Forge Suite 612,Clay Center,OH,43408,41.5686,-83.3632,269,Insurance underwriter,1965-09-15,c2dd2a35bcfaceab5d403ab941727bc2,1383634885,42.287908,-84.245067,0,0.77785444,1
355112,2020-11-05 17:06:58,4560004149983868183,fraud_Jewess LLC,shopping_pos,2255.15,Stacy,Villegas,F,20581 Pena Walks,Colorado Springs,CO,80951,38.8881,-104.6556,525713,Museum/gallery exhibitions officer,1992-05-09,6448b3a64bd28d7844cec8ebc1a12b3b,1383671218,38.976119,-104.841288,0,0.897231,1
355202,2020-11-05 18:18:46,4292743669224718067,fraud_Auer-West,shopping_net,1686.86,Michael,Williams,M,35822 Clayton Street Apt. 679,Great Mills,MD,20634,38.2674,-76.4954,5927,Art therapist,1973-06-09,7a2fd8aae6d59e9f3e90ffad3ff9fc73,1383675526,37.963063,-77.070027,0,0.95675075,1
355382,2020-11-05 20:29:11,6011724471098086,fraud_Lesch Ltd,shopping_pos,1629.41,Ann,Lawson,F,144 Evans Islands Apt. 683,Burbank,WA,99323,46.1966,-118.9017,3684,Musician,1981-11-29,e72277e70161f3bd8112c2a4eb43759e,1383683351,45.858416,-119.539111,0,0.9557954,1
355529,2020-11-05 22:06:00,30491348102802,fraud_Nader-Heller,misc_net,807.62,Tommy,Dixon,M,8829 Steele Station,Dresden,KS,67635,39.6094,-100.4112,169,"Librarian, public",1953-07-30,bf19fb8f12bf8ff9c85b8173a9b78daf,1383689160,39.242203,-101.188528,1,0.99181646,1
355558,2020-11-05 22:21:55,30491348102802,fraud_Mohr-Bayer,shopping_net,823.34,Tommy,Dixon,M,8829 Steele Station,Dresden,KS,67635,39.6094,-100.4112,169,"Librarian, public",1953-07-30,da02de372f115fa20c3b249e8ba5d06f,1383690115,39.108767,-100.582626,1,0.97002864,1
355564,2020-11-05 22:25:33,38859492057661,fraud_Kuphal-Bartoletti,misc_net,718.19,Edward,Sanchez,M,594 White Dale Suite 530,Malad City,ID,83252,42.1808,-112.262,4154,Nature conservation officer,1962-01-19,b2c1b577c23eed4d2ae7b281c7a4380b,1383690333,42.490971,-112.759772,1,0.9894321,1
355633,2020-11-05 23:26:28,573860193545,"fraud_Reichert, Huels and Hoppe",shopping_net,998.73,Cristian,Jones,M,0423 Kirby Field Suite 623,Wilmette,IL,60091,42.0765,-87.7246,27020,Trade mark attorney,1986-07-23,9a15ddbf6453ecebac84916b8a4cb532,1383693988,41.567255,-87.776039,0,0.9460693,1
355635,2020-11-05 23:29:38,3589255887819806,"fraud_Baumbach, Hodkiewicz and Walsh",shopping_pos,1100.05,David,Miller,M,622 Bradley Knoll Apt. 758,Hancock,MD,21750,39.6991,-78.1762,3766,Press photographer,1984-02-14,e5435b5ada3038b14e29f29ef2ef3831,1383694178,39.451773,-78.237579,0,0.9137971,1
355655,2020-11-05 23:42:51,2229378226512508,"fraud_Moore, Dibbert and Koepp",misc_net,833.6,Thomas,Hale,M,949 Smith Parkway,Cazenovia,WI,53924,43.4987,-90.2796,1360,Occupational hygienist,1984-11-06,aff12b9abdf23b81adc20ef100423b70,1383694971,42.549759,-91.253132,1,0.98635536,1
355667,2020-11-05 23:55:12,30491348102802,fraud_Terry-Huel,shopping_net,988.75,Tommy,Dixon,M,8829 Steele Station,Dresden,KS,67635,39.6094,-100.4112,169,"Librarian, public",1953-07-30,ecbbb686673a97ccaa9bf01b7af5e3c2,1383695712,40.04203,-99.846143,1,0.98199546,1
355961,2020-11-06 05:17:25,30234966027947,fraud_Dach-Nader,misc_net,592.31,Matthew,Lambert,M,7188 Melissa Crest Apt. 151,New Holstein,WI,53061,43.9446,-88.0911,5196,Child psychotherapist,1978-01-22,1f5d450219ccae4a3774129215e8161e,1383715045,43.967455,-88.77095,0,0.6339031,1
356762,2020-11-06 15:57:35,3589289942931264,fraud_Reichert-Weissnat,travel,1881.03,Paula,Estrada,F,350 Stacy Glens,Spencer,SD,57374,43.7557,-97.5936,343,"Development worker, international aid",1972-03-05,dc531fc4b4523e9da67721716617fa09,1383753455,43.560333,-97.523098,0,0.8557302,1
357074,2020-11-06 19:09:40,38859492057661,fraud_Price Inc,shopping_net,1039.05,Edward,Sanchez,M,594 White Dale Suite 530,Malad City,ID,83252,42.1808,-112.262,4154,Nature conservation officer,1962-01-19,39c2dc848f478d002c06bc26380f7681,1383764980,42.263597,-111.815526,1,0.9702078,1
357231,2020-11-06 20:43:52,3528231451607350,fraud_Satterfield-Lowe,travel,4439.93,Lauren,Moreno,F,83719 Wilson Shore,Heislerville,NJ,8324,39.224,-74.9942,526,Exercise physiologist,1940-09-06,2e16db29c8341cd52d8e864cd100be23,1383770632,39.502798,-75.931623,0,0.94763917,1
357289,2020-11-06 21:26:09,3541160328600277,"fraud_Little, Gutmann and Lynch",shopping_net,773.78,Jason,Singh,M,4720 Anna Ways,Murrayville,IL,62668,39.5723,-90.2379,1512,Commercial/residential surveyor,2003-05-07,9bde4c237e1728c7e2531e7d48774f54,1383773169,39.984842,-90.214693,0,0.5132916,1
357304,2020-11-06 21:35:21,60416207185,"fraud_Stanton, Jakubowski and Baumbach",shopping_net,747.84,Mary,Diaz,F,9886 Anita Drive,Fort Washakie,WY,82514,43.0048,-108.8964,1645,Information systems manager,1986-02-17,a9c4fd00d0d55d3531c8efeb27a2b771,1383773721,42.686208,-108.523682,0,0.69037646,1
357366,2020-11-06 22:17:51,38859492057661,"fraud_Towne, Greenholt and Koepp",shopping_net,1009.4,Edward,Sanchez,M,594 White Dale Suite 530,Malad City,ID,83252,42.1808,-112.262,4154,Nature conservation officer,1962-01-19,1e262cb9252f963aea08639a17c65cd5,1383776271,43.157483,-111.417814,1,0.97933984,1
357378,2020-11-06 22:29:06,30491348102802,fraud_Jewess LLC,shopping_pos,805.77,Tommy,Dixon,M,8829 Steele Station,Dresden,KS,67635,39.6094,-100.4112,169,"Librarian, public",1953-07-30,4d890d65dd8fff0ee833a45271536dec,1383776946,39.876692,-101.029183,1,0.9552771,1
357403,2020-11-06 22:48:34,36913587729122,fraud_Friesen Inc,shopping_pos,625.92,Ana,Mccormick,F,4503 Patricia Route,Meridian,ID,83646,43.6498,-116.4306,84106,Intelligence analyst,1971-02-11,fbf60974e3c461e732cd809620415d01,1383778114,44.42738,-115.858993,0,0.6654244,1
357405,2020-11-06 22:52:25,4170689372027579,fraud_Gerlach Inc,shopping_net,958.83,Samuel,Frey,M,830 Myers Plaza Apt. 384,Edmond,OK,73034,35.6665,-97.4798,116001,Media buyer,1993-05-10,48ece60a4af5626647ace6c16be1db66,1383778345,35.956862,-98.406223,0,0.85711294,1
357473,2020-11-06 23:42:18,30491348102802,fraud_Rempel Inc,shopping_net,1135.07,Tommy,Dixon,M,8829 Steele Station,Dresden,KS,67635,39.6094,-100.4112,169,"Librarian, public",1953-07-30,3d0c01a74bae20c2dbde3cc62eaf734a,1383781338,40.185567,-99.583982,1,0.98592025,1
357904,2020-11-07 06:36:50,3560697798177746,"fraud_Lehner, Mosciski and King",misc_net,1592.71,Matthew,Young,M,8840 Miller Port Suite 645,Indian Wells,CA,92210,33.7163,-116.3381,4677,Learning mentor,1955-05-06,2b6da149a2383f0ed5a2f4344595842e,1383806210,32.749899,-116.065273,0,0.76275986,1
357924,2020-11-07 06:57:03,4477156602511939689,fraud_Corwin-Gorczany,misc_net,638.85,Angela,Ross,F,0107 Clements Point,American Fork,UT,84003,40.3928,-111.7941,42384,Futures trader,1992-12-29,eaff2a3488b91652fd321ba11d6473a5,1383807423,39.670746,-112.412882,0,0.5000875,1
358215,2020-11-07 11:17:53,377550167323848,"fraud_Rippin, Kub and Mann",misc_net,680.79,Kevin,Walters,M,87227 Tapia Burgs,Auburn,ME,4210,44.0948,-70.23899999999999,23045,Tourist information centre manager,1958-09-02,cba5277f0ae39e5c6cc9e778f99b4fee,1383823073,44.633578,-69.509465,0,0.8548118,1
358270,2020-11-07 12:03:33,6592861994408652,fraud_Reynolds-Schinner,misc_pos,797.93,Ashley,Whitehead,F,58188 Madison Meadow Apt. 949,Cowlesville,NY,14037,42.8112,-78.4481,1166,Colour technologist,1983-06-12,96fbf3d9dbe9e14e732a78a9a21e1198,1383825813,43.333195,-78.392287,0,0.56822836,1
358323,2020-11-07 12:27:48,676195318214,"fraud_Swaniawski, Lowe and Robel",shopping_pos,1618.54,Brandy,Quinn,F,9734 Beard Fields Suite 885,Altair,TX,77412,29.6047,-96.5249,106,"Editor, film/video",1983-07-24,06db12b07dc2be675f2561033a8e1977,1383827268,30.239243,-97.390693,0,0.71154547,1
358575,2020-11-07 15:17:58,3518669219150142,fraud_Hickle Group,shopping_pos,1467.7,Dorothy,Thomas,F,537 Rice Square Suite 040,Milford,OH,45150,39.1657,-84.23299999999999,31394,Hospital doctor,1996-11-12,29f54f3d55515a76898c3f3c35a0c2c5,1383837478,38.306691,-85.049221,0,0.8514967,1
359048,2020-11-07 20:10:35,2296006538441789,"fraud_Rohan, White and Aufderhar",misc_net,1031.61,Judy,Hogan,F,4970 Michelle Burgs,Brooklyn,NY,11217,40.6816,-73.9798,2504700,Medical sales representative,1999-09-01,95a33c328e61a4f41279639f5172a74c,1383855035,40.844342,-74.333221,0,0.919163,1
359112,2020-11-07 20:50:38,4681601008538160,fraud_Volkman-Predovic,shopping_net,819.04,Tammy,Davis,F,77663 Colleen Freeway,Moundsville,WV,26041,39.9148,-80.73100000000001,16183,Physiotherapist,1977-08-12,6e93e60a00f58956342415bcb38e3bef,1383857438,40.696419,-80.880635,0,0.84468055,1
359171,2020-11-07 21:31:48,6011197122270059,fraud_Ankunding LLC,shopping_net,1480.76,Vincent,Ward,M,06730 Joshua Isle Suite 555,North Brookfield,MA,1535,42.2665,-72.0821,4680,Field seismologist,1986-04-03,29b046eec1dd7e838e2aef249fb135d1,1383859908,42.787874,-71.372867,0,0.9580955,1
359220,2020-11-07 22:03:35,38295635583927,"fraud_Okuneva, Schneider and Rau",shopping_pos,2241.91,Candice,Brown,F,9412 Harris Mews,O Brien,TX,79539,33.3749,-99.8473,178,Warden/ranger,1983-06-14,fce1529f82ad89a7c2d6fba85c161306,1383861815,34.290513,-99.767731,0,0.949622,1
359331,2020-11-07 23:19:33,630469040731,fraud_Volkman-Predovic,shopping_net,1098.94,Meredith,Ayala,F,7107 Henderson Station,Cascade Locks,OR,97014,45.67100000000001,-121.8686,1288,Barrister,1936-05-01,e039213e88b498bca6df6894d8aa66e2,1383866373,46.524104,-121.804767,1,0.9842912,1
359416,2020-11-08 00:10:36,4171397999167005,fraud_Flatley-Durgan,misc_net,497.56,Ashley,Mcdonald,F,3160 Tina Estates Suite 234,Marietta,SC,29661,35.0296,-82.5136,5648,Museum/gallery exhibitions officer,1934-10-06,00391981262fca0afcd1990c44d14817,1383869436,35.100362,-82.14829300000001,0,0.54611015,1
359829,2020-11-08 04:56:55,30175986190993,fraud_Volkman Ltd,misc_net,691.93,Rebecca,Butler,F,0665 Lisa Alley,Winger,MN,56592,47.5375,-95.9941,516,Applications developer,1966-06-07,5121d8eaf3b4c3cfcd23052192f41066,1383886615,47.78563,-96.626267,0,0.64055145,1
360248,2020-11-08 09:31:57,4471568287204,fraud_Hudson-Grady,shopping_pos,1036.84,Dakota,Maldonado,M,369 Cochran Radial,Pelham,NC,27311,36.4899,-79.4736,3402,Insurance underwriter,1927-10-24,191ab682309fc5770afa05922c4d8182,1383903117,36.809134,-79.145044,0,0.7240539,1
360522,2020-11-08 12:21:41,2222001896600109,fraud_Kerluke-Abshire,shopping_net,1162.04,Susan,Hernandez,F,2193 Osborne Run Apt. 789,Moro,IL,62067,38.9318,-89.9618,2401,"Buyer, industrial",1972-01-03,09c99211d53fe20ced869d7fdcc39ec7,1383913301,38.753966,-90.130018,0,0.78004014,1
360712,2020-11-08 13:55:38,180036456789979,fraud_Boyer PLC,misc_pos,742.03,Mackenzie,Salazar,F,982 Melissa Lock,Bagley,WI,53801,42.9207,-91.0685,878,Risk analyst,1974-11-20,328c3b6f8d347cbfc1c28ab3b3af581a,1383918938,43.626277,-91.608727,0,0.694881,1
360716,2020-11-08 13:56:24,3525590521269779,"fraud_Little, Gutmann and Lynch",shopping_net,1826.44,Scott,Fuller,M,861 Karen Common,Haw River,NC,27258,36.0424,-79.3242,6006,Paramedic,1984-07-20,e2dbd1a16d5b09eeff2f82ca79a8fdaa,1383918984,35.866516,-79.83100999999999,0,0.8586954,1
360786,2020-11-08 14:34:22,3517527805128735,fraud_Stamm-Rodriguez,misc_pos,1302.57,Tracy,Conway,F,6778 Campos Field,Bonfield,IL,60913,41.1573,-88.0619,1617,Medical secretary,1990-04-25,6e920a6427ab4f44995f62fe28021663,1383921262,41.089082,-87.32560500000001,0,0.87687594,1
360867,2020-11-08 15:13:06,4104312520615374,"fraud_Greenholt, O'Hara and Balistreri",shopping_net,2377.61,Brooke,Rodriguez,F,901 Todd Gardens Apt. 466,Mountain Center,CA,92561,33.6401,-116.5567,1661,"Therapist, music",1988-09-19,a2c6157e8ba0d6fd17e60e2656b752f0,1383923586,34.387987,-115.647177,0,0.8711614,1
361254,2020-11-08 18:03:05,639023984367,fraud_Jast-McDermott,shopping_pos,1163.37,Destiny,Lowe,F,79472 Stevens Trace Apt. 120,Hannawa Falls,NY,13647,44.6087,-74.9732,69,Chief Executive Officer,1991-06-05,f4cf29cce07d05af653294db13294d13,1383933785,44.930281,-75.296704,0,0.8099459,1
361291,2020-11-08 18:19:03,2475085306462014,"fraud_Romaguera, Cruickshank and Greenholt",shopping_net,1015.01,John,Miller,M,153 Mccullough Springs Apt. 857,Lamberton,MN,56152,44.2378,-95.2739,1507,Land/geomatics surveyor,1993-10-12,8b0b5fcf6107de0d8e06ca77629e740d,1383934743,43.522922,-95.657665,1,0.86694556,1
361301,2020-11-08 18:22:08,2475085306462014,"fraud_Schuppe, Nolan and Hoeger",shopping_pos,855.0,John,Miller,M,153 Mccullough Springs Apt. 857,Lamberton,MN,56152,44.2378,-95.2739,1507,Land/geomatics surveyor,1993-10-12,1bc39bda09000eb17556d4de8593a989,1383934928,45.088596,-95.520364,1,0.7056889,1
361585,2020-11-08 20:19:11,213120463918358,fraud_Treutel-King,travel,1229.3,Willie,Jordan,M,529 West Key,Spearsville,LA,71277,32.955,-92.587,1758,"Psychologist, forensic",1957-08-08,532708c1317ad0c9296434b03e160302,1383941951,32.257845,-91.73706,0,0.72953403,1
361804,2020-11-08 21:48:46,3523898249167098,fraud_Dickinson-Rempel,misc_pos,723.91,Joshua,Carpenter,M,04975 Allison Shoal,Bronx,NY,10463,40.8798,-73.9067,1382480,"Therapist, drama",1990-11-09,327df27057f7db0a625f6124025237c5,1383947326,40.092927,-74.352515,0,0.90121806,1
361849,2020-11-08 22:04:21,2450829271795901,fraud_Hudson-Grady,shopping_pos,858.07,Timothy,Kirby,M,7309 Sophia Causeway Suite 702,Sauk Rapids,MN,56379,45.604,-94.1591,16163,Hydrographic surveyor,1987-02-22,9b65a6bc79db537cd608d35eedd4493f,1383948261,45.331369,-93.327024,0,0.7985264,1
361853,2020-11-08 22:05:37,4169388510116,"fraud_Schmeler, Bashirian and Price",shopping_net,1104.78,Marcia,Molina,F,6744 Jimmy Extensions,Port Gibson,NY,14537,43.033,-77.1575,207,Database administrator,1962-09-27,3c6666bcfe64c7c554a4f9ce22c25b21,1383948337,43.463203,-77.780079,1,0.9713217,1
361904,2020-11-08 22:24:48,2475085306462014,"fraud_Altenwerth, Cartwright and Koss",shopping_net,1027.83,John,Miller,M,153 Mccullough Springs Apt. 857,Lamberton,MN,56152,44.2378,-95.2739,1507,Land/geomatics surveyor,1993-10-12,a0ce2438795892f501a81e601585ad77,1383949488,45.002188,-94.409407,1,0.93947846,1
362054,2020-11-08 23:27:03,2475085306462014,"fraud_Baumbach, Hodkiewicz and Walsh",shopping_pos,785.82,John,Miller,M,153 Mccullough Springs Apt. 857,Lamberton,MN,56152,44.2378,-95.2739,1507,Land/geomatics surveyor,1993-10-12,a5a9a213bbc80e92b053568820758911,1383953223,43.468867,-94.295944,1,0.68284583,1
362088,2020-11-08 23:42:16,2475085306462014,fraud_Rempel Inc,shopping_net,965.58,John,Miller,M,153 Mccullough Springs Apt. 857,Lamberton,MN,56152,44.2378,-95.2739,1507,Land/geomatics surveyor,1993-10-12,48f5b1ba10571153e5c9d44a04c82368,1383954136,44.768283,-95.633459,1,0.9503996,1
363183,2020-11-09 09:56:15,4681601008538160,fraud_Schmitt Ltd,misc_net,852.3,Tammy,Davis,F,77663 Colleen Freeway,Moundsville,WV,26041,39.9148,-80.73100000000001,16183,Physiotherapist,1977-08-12,81459b4d5ac15e9e5fe615cd92aa01f7,1383990975,40.873213,-79.783026,0,0.64657676,1
363287,2020-11-09 10:51:38,3586008444788268,"fraud_Cremin, Hamill and Reichel",misc_pos,1066.33,Crystal,Fuller,F,000 Jennifer Mills,Issaquah,WA,98027,47.4974,-122.0107,50489,Osteopath,1984-02-29,ae436985bdf82f209cd06e147df5fcd9,1383994298,46.710532,-122.998252,0,0.570983,1
363885,2020-11-09 14:44:59,4538566639857,fraud_Satterfield-Lowe,travel,4394.68,Jerry,Kelly,M,3539 Mckenzie Stream,Fairview,NJ,7022,40.817,-74.0,13835,"Programmer, multimedia",1967-05-28,41e7de3ed8a7991177a57bed511a9597,1384008299,41.075374,-74.339301,0,0.8910996,1
364188,2020-11-09 16:24:11,3589289942931264,"fraud_Romaguera, Cruickshank and Greenholt",shopping_net,942.78,Paula,Estrada,F,350 Stacy Glens,Spencer,SD,57374,43.7557,-97.5936,343,"Development worker, international aid",1972-03-05,2ff256b35fe5fdb8e0e24792358c4c91,1384014251,42.834884,-98.289918,0,0.7227404,1
364945,2020-11-09 20:54:43,2720433095629877,"fraud_Tillman, Fritsch and Schmitt",misc_net,722.76,Mark,Wood,M,854 Walker Dale Suite 488,Bowdoin,ME,4287,44.0575,-69.9656,3224,"Engineer, electronics",1997-08-22,331e98effbe174c0b4b156c04724a9a3,1384030483,43.399948,-69.692184,0,0.74795294,1
364979,2020-11-09 21:06:12,4933461930348832,fraud_Conroy Ltd,shopping_pos,2154.75,Richard,Carter,M,5097 Martin Ridges,Minneapolis,MN,55403,44.9673,-93.2828,1022298,Chemical engineer,1976-09-29,591c735fe1be5056939a7db39dcf2edd,1384031172,44.66426,-93.855566,0,0.97074395,1
365028,2020-11-09 21:21:23,2266735643685262,fraud_Goldner-Lemke,entertainment,378.22,Carlos,Chung,M,8957 Russell Key,Grant,AL,35747,34.4959,-86.259,5901,Curator,1972-07-25,46a77ccafb044135a6c42fc2a2c88893,1384032083,34.021037,-87.158076,0,0.536383,1
365320,2020-11-09 22:54:44,4099707841315751,"fraud_Greenfelder, Bartoletti and Davis",misc_net,398.16,James,Stephens,M,1166 Castillo Mountains,Ruckersville,VA,22968,38.2586,-78.4074,9815,"Designer, ceramics/pottery",1975-07-07,0985f043febdf12c7c68c39631a69701,1384037684,39.093342,-77.734612,0,0.5787215,1
365368,2020-11-09 23:14:47,6011652924285713,"fraud_Baumbach, Hodkiewicz and Walsh",shopping_pos,1756.34,Kathryn,Smith,F,19838 Tonya Prairie Apt. 947,Rocky Mount,MO,65072,38.2911,-92.7059,1847,Tax inspector,1988-10-26,64b0ecf40718bdb77e234b9e48d3e74b,1384038887,37.651039,-92.888696,0,0.95679605,1
365424,2020-11-09 23:36:16,4169388510116,fraud_Schmitt Ltd,misc_net,762.14,Marcia,Molina,F,6744 Jimmy Extensions,Port Gibson,NY,14537,43.033,-77.1575,207,Database administrator,1962-09-27,35c1ad92033aa859c9293d894bcde4ab,1384040176,43.214295,-77.14636899999999,1,0.9886003,1
365436,2020-11-09 23:39:37,3560336828629935,fraud_Hickle Group,shopping_pos,924.24,Christopher,White,M,13613 Hammond Ferry,Clutier,IA,52217,42.0789,-92.3763,590,"Embryologist, clinical",1953-03-30,b7102f9c534b89ec04870bf00a73d1e2,1384040377,41.105156,-93.100314,1,0.9451954,1
365478,2020-11-09 23:54:16,3576431665303017,fraud_Kassulke PLC,shopping_net,992.77,Jessica,Ward,F,72269 Elizabeth Field Apt. 132,Phoenix,AZ,85020,33.5623,-112.0559,1312922,Contractor,1981-10-24,6562e217463f07f26899f739c75c6b3d,1384041256,34.475977,-111.927928,0,0.94992393,1
365486,2020-11-09 23:55:33,3511378610369890,fraud_McCullough LLC,misc_pos,389.97,James,Cooper,M,663 Ramirez Trace Apt. 951,Huntsville,AL,35811,34.7789,-86.5438,190178,Television production assistant,1973-04-01,07e7be2fc552aa215733c9142d39ef05,1384041333,33.817338,-87.061072,0,0.5386303,1
365495,2020-11-09 23:58:53,2475085306462014,"fraud_Zboncak, Rowe and Murazik",shopping_net,986.97,John,Miller,M,153 Mccullough Springs Apt. 857,Lamberton,MN,56152,44.2378,-95.2739,1507,Land/geomatics surveyor,1993-10-12,2fd3c789b4fbc1ed4f500bdd78e934e7,1384041533,44.903642,-95.785681,1,0.87120825,1
365540,2020-11-10 00:21:09,346273234529002,"fraud_Greenfelder, Bartoletti and Davis",misc_net,594.91,Donna,Moreno,F,32301 Albert River Suite 364,Ronceverte,WV,24970,37.7418,-80.4626,4575,Statistician,1991-10-22,d969b7108cf4883da26d16f89ba22362,1384042869,38.513733,-81.122516,0,0.9020727,1
365608,2020-11-10 01:01:48,4079773899158,fraud_Miller-Harris,misc_net,659.49,Eric,Preston,M,7020 Doyle Stream Apt. 951,Mesa,ID,83643,44.6255,-116.4493,129,Cartographer,1965-12-15,4fb407cbdb021d54c008a2a8dd9d3d6f,1384045308,44.491273,-116.675732,0,0.66585743,1
365722,2020-11-10 02:11:53,3576431665303017,fraud_Klocko LLC,misc_net,400.12,Jessica,Ward,F,72269 Elizabeth Field Apt. 132,Phoenix,AZ,85020,33.5623,-112.0559,1312922,Contractor,1981-10-24,7ca60f9c33918a8521414f247f3afd9c,1384049513,32.8915,-112.356857,0,0.5751254,1
366372,2020-11-10 08:03:36,5456776410929288,fraud_Dach-Nader,misc_net,611.72,Taylor,Khan,F,658 Diane Glen Apt. 677,North Washington,PA,16048,41.0472,-79.8089,139,Patent attorney,1954-05-25,59c8e41884331316612f7a86699f0d51,1384070616,41.622657,-79.411437,0,0.71174675,1
366381,2020-11-10 08:13:37,213199865312311,fraud_Block Group,misc_pos,1501.28,Christopher,Miller,M,493 Fitzgerald Fields Suite 454,Varnell,GA,30756,34.9298,-84.9885,74,Pensions consultant,1944-05-14,fd11f4a2784fb08ded8b4cd959a08043,1384071217,35.842587,-84.107445,0,0.7462211,1
366765,2020-11-10 11:57:45,4147608975828480,fraud_Goyette Inc,shopping_net,1907.06,Edward,Tapia,M,354 Gutierrez Gateway,Comfrey,MN,56019,44.1111,-94.9134,914,Health and safety adviser,1944-07-26,e02449ed6e702fc544a72b7d94168cf8,1384084665,43.88581,-94.2494,0,0.89912117,1
367026,2020-11-10 13:38:55,3506592072985012,fraud_Botsford Ltd,shopping_pos,2259.49,Randy,Murphy,M,0356 Sarah Light,Ballwin,MO,63021,38.577,-90.5255,92608,"Engineer, communications",2001-07-26,9f416e6d91cb4f7d1baa2effdacbd5e3,1384090735,39.010039,-91.087404,0,0.82163304,1
367279,2020-11-10 15:16:03,4364010865167176,fraud_Friesen Inc,shopping_pos,4093.22,Gary,Martinez,M,03512 Jackson Ports,Reno,NV,89512,39.5483,-119.7957,276896,Immunologist,1997-03-12,b69b7468ac1cb4202932a45cd4072f40,1384096563,39.001156,-119.291389,0,0.8574802,1
367629,2020-11-10 17:35:39,6011504998544485,"fraud_Rippin, Kub and Mann",misc_net,655.27,Ashley,Whitney,F,4038 Smith Avenue,Jones,AL,36749,32.5104,-86.8138,1089,Materials engineer,1971-11-02,8095094806e7dfa6dc68ddb40a3d2909,1384104939,31.615604,-86.051509,0,0.87821144,1
368136,2020-11-10 20:31:43,30197398657930,"fraud_Bernhard, Grant and Langworth",shopping_pos,1698.93,April,Johnson,F,9727 Deleon Mountain,Creedmoor,NC,27522,36.1124,-78.6476,12335,Chief Strategy Officer,1987-09-19,917875745d8e19dc75c8a95d28fe002a,1384115503,35.99422,-77.855502,0,0.9322482,1
368370,2020-11-10 22:04:09,3560336828629935,fraud_Boyer PLC,shopping_net,1013.2,Christopher,White,M,13613 Hammond Ferry,Clutier,IA,52217,42.0789,-92.3763,590,"Embryologist, clinical",1953-03-30,c7dbb06d2fa566e438903d22717338e6,1384121049,41.199018,-91.862748,1,0.97918713,1
368372,2020-11-10 22:04:39,3560336828629935,fraud_Wolf Inc,grocery_pos,306.22,Christopher,White,M,13613 Hammond Ferry,Clutier,IA,52217,42.0789,-92.3763,590,"Embryologist, clinical",1953-03-30,a774150535c44081c412a1f0a2a4b4b6,1384121079,41.150687,-93.258119,1,0.75661045,1
368399,2020-11-10 22:15:36,571314334723,fraud_Gislason Group,misc_pos,351.82,Lori,Mclean,F,4548 Werner Wells Apt. 441,Mc Clellandtown,PA,15458,39.8882,-79.8694,2379,"Sales professional, IT",1971-01-19,56f6507183cbd0543db70eb91d9c2df2,1384121736,39.418199,-79.140915,0,0.5516279,1
368457,2020-11-10 22:37:46,4103158249977,fraud_Medhurst PLC,shopping_net,937.47,Christopher,Adkins,M,3512 Knight Center,Lorenzo,TX,79343,33.6666,-101.5277,1571,Petroleum engineer,1982-06-27,8f5df4cdc8a1222d1545314e88bb04e4,1384123066,34.363187,-100.772046,1,0.85638046,1
368507,2020-11-10 22:55:30,4103158249977,"fraud_Altenwerth, Cartwright and Koss",shopping_net,1160.11,Christopher,Adkins,M,3512 Knight Center,Lorenzo,TX,79343,33.6666,-101.5277,1571,Petroleum engineer,1982-06-27,22d872cf5289216df7f34a4fb253e9eb,1384124130,34.621382000000004,-100.550732,1,0.944147,1
368558,2020-11-10 23:13:51,4103158249977,fraud_Kihn Inc,shopping_pos,704.86,Christopher,Adkins,M,3512 Knight Center,Lorenzo,TX,79343,33.6666,-101.5277,1571,Petroleum engineer,1982-06-27,cae31520cd09c677a400cec1ef72d56a,1384125231,33.894833,-101.576969,1,0.5112067,1
368573,2020-11-10 23:20:32,4103158249977,fraud_Rempel Inc,shopping_net,1084.29,Christopher,Adkins,M,3512 Knight Center,Lorenzo,TX,79343,33.6666,-101.5277,1571,Petroleum engineer,1982-06-27,b372d5ab8219afcf76e2a9f3d15e85aa,1384125632,33.139140000000005,-101.925095,1,0.9473213,1
368620,2020-11-10 23:41:43,3568255211412877,"fraud_Romaguera, Cruickshank and Greenholt",shopping_net,1078.61,Timothy,Gomez,M,707 Anthony Causeway,Leo,IN,46765,41.2249,-85.0301,5341,Biomedical engineer,1994-11-24,42bbff3c610e68d4bb670547d6fa849e,1384126903,40.288051,-85.240277,0,0.9352649,1
368631,2020-11-10 23:46:02,213156747557083,fraud_Block Group,misc_pos,1259.04,Adam,Santos,M,725 Jo Trace Apt. 102,Glendale,CA,91206,34.1556,-118.2322,172817,Advertising account planner,1982-07-30,7026f6cde1cada0aed9616e1dc3e74d3,1384127162,34.310666,-118.587142,0,0.9628724,1
368850,2020-11-11 03:27:01,371034293500716,fraud_Corwin-Gorczany,misc_net,710.23,Jeremy,Jones,M,5758 Yates Center,Vinton,CA,96135,40.0235,-120.7986,128,Education administrator,1966-02-21,e08f83fc0a897062add8a66924f19ee9,1384140421,39.86561,-121.066568,0,0.60742223,1
369463,2020-11-11 14:39:05,30092964733035,fraud_Kerluke-Abshire,shopping_net,991.09,Jessica,Terry,F,6412 Elizabeth Gardens Suite 633,Maysville,KY,41056,38.6207,-83.8067,14228,Advertising account executive,1971-03-26,5842edde1250ed075654a02f0820d60e,1384180745,37.771335,-84.278031,0,0.7449428,1
370092,2020-11-11 22:31:53,4103158249977,"fraud_Kerluke, Kertzmann and Wiza",misc_net,741.13,Christopher,Adkins,M,3512 Knight Center,Lorenzo,TX,79343,33.6666,-101.5277,1571,Petroleum engineer,1982-06-27,f138fb8eb65b858abdb77395e1422042,1384209113,33.972438000000004,-102.331619,1,0.9813921,1
370109,2020-11-11 22:42:47,4103158249977,"fraud_Weimann, Kuhic and Beahan",shopping_pos,727.83,Christopher,Adkins,M,3512 Knight Center,Lorenzo,TX,79343,33.6666,-101.5277,1571,Petroleum engineer,1982-06-27,7d58b6f586599f1e0bfdc51f2be0965e,1384209767,32.965222,-101.505162,1,0.5640475,1
370156,2020-11-11 23:23:51,4103158249977,"fraud_Bernier, Volkman and Hoeger",misc_net,701.95,Christopher,Adkins,M,3512 Knight Center,Lorenzo,TX,79343,33.6666,-101.5277,1571,Petroleum engineer,1982-06-27,a66b01b96425b1e87d5353a2a8d10ca1,1384212231,33.705208,-100.840738,1,0.98301286,1
370539,2020-11-12 06:41:21,213174467670432,fraud_Huel-Langworth,misc_net,749.2,James,Bishop,M,7055 Fernandez Estates Apt. 676,Cecilton,MD,21913,39.4015,-75.8654,663,Podiatrist,1969-01-14,f4ba6a825479f74dae546e02e142273d,1384238481,39.039983,-76.014521,0,0.67000043,1
370748,2020-11-12 11:12:42,30290551782700,fraud_Pagac LLC,shopping_pos,992.46,John,Clarke,M,27909 Peter Motorway,Cadiz,KY,42211,36.802,-87.8286,13422,Commissioning editor,1961-09-03,8999776807c27b3c8f9ae3d221275c78,1384254762,36.625987,-87.575358,0,0.5058428,1
370835,2020-11-12 12:34:03,30242921189660,fraud_Kuhic LLC,shopping_net,905.67,Dalton,Jones,M,3304 Hernandez Run,Afton,MI,49705,45.3637,-84.4695,937,Technical brewer,1958-04-06,b53ab2be130bb565eb8466d2c8387acc,1384259643,44.673034,-83.79041099999999,1,0.5889639,1
371111,2020-11-12 15:43:41,3540075240003197,"fraud_Weimann, Kuhic and Beahan",shopping_pos,1622.39,Christian,Johns,M,892 Solis Neck,Lonsdale,MN,55046,44.4477,-93.4252,5211,Chief Strategy Officer,1987-01-27,3e2cd125f3c9fbc1dacfc05216b71537,1384271021,44.682312,-93.703219,0,0.88997877,1
371558,2020-11-12 20:55:29,4897067971111209737,fraud_Jacobi and Sons,shopping_pos,2088.89,Randy,Wood,M,542 Howe Mission Apt. 092,Port Richey,FL,34668,28.3011,-82.6927,42619,Environmental education officer,1975-10-07,6cfa881f41b99727266bc459c6876bda,1384289729,28.564361,-81.920209,0,0.9468675,1
371703,2020-11-12 22:27:23,30242921189660,"fraud_Bernier, Volkman and Hoeger",misc_net,684.72,Dalton,Jones,M,3304 Hernandez Run,Afton,MI,49705,45.3637,-84.4695,937,Technical brewer,1958-04-06,b34bbc5d5970e6b8643452db53338d5b,1384295243,45.802949,-85.301461,1,0.9897983,1
371721,2020-11-12 22:39:40,30242921189660,fraud_Brown-Greenholt,entertainment,507.07,Dalton,Jones,M,3304 Hernandez Run,Afton,MI,49705,45.3637,-84.4695,937,Technical brewer,1958-04-06,971e56c0677a40358faec19690371a9c,1384295980,46.215658000000005,-84.378157,1,0.9708837,1
371808,2020-11-12 23:42:59,3535808924394848,fraud_Boyer PLC,shopping_net,1113.48,Matthew,Myers,M,4936 Michelle Points,Tower Hill,IL,62571,39.39,-88.9597,1532,Radio broadcast assistant,1980-01-09,ab67dc261850fe24b59e91ecf60a73f8,1384299779,38.844694,-88.953632,1,0.9691195,1
371812,2020-11-12 23:48:17,30242921189660,"fraud_Bernier, Volkman and Hoeger",misc_net,665.71,Dalton,Jones,M,3304 Hernandez Run,Afton,MI,49705,45.3637,-84.4695,937,Technical brewer,1958-04-06,017d7358ab39ae4ce9c39647d708600f,1384300097,45.065189,-84.683988,1,0.9909979,1
372175,2020-11-13 05:30:43,3564839259330465,fraud_McDermott-Rice,misc_pos,1274.18,Robert,Ashley,M,1250 Christopher Prairie Suite 016,Port Costa,CA,94569,38.046,-122.1866,198,Armed forces training and education officer,1959-03-31,103ce100b252c1de0177403799f2f60f,1384320643,38.563514,-122.980521,0,0.57579046,1
372223,2020-11-13 06:13:36,374821819075109,"fraud_Johnson, Runolfsdottir and Mayer",misc_net,1956.36,Zachary,Boone,M,3703 Benson Wells,Palmyra,NY,14522,43.0622,-77.2218,9565,Exhibition designer,1927-12-11,494a04979e7d8f820e17c83549ffd733,1384323216,42.963287,-78.208613,0,0.89838046,1
372858,2020-11-13 14:55:38,4716561796955522,fraud_Dickinson-Rempel,misc_pos,797.55,Lauren,Anderson,F,11014 Chad Lake Apt. 573,Heart Butte,MT,59448,48.2777,-112.8456,743,Water engineer,1972-05-04,c91b38ae81d85db03789703a179c73f8,1384354538,47.397401,-113.72841,0,0.70602167,1
372871,2020-11-13 15:03:33,4198470814557,fraud_Keeling-Crist,misc_pos,670.63,Christie,Williamson,F,519 Jerry Views,Avoca,IA,51521,41.4768,-95.3509,2036,Engineering geologist,1971-08-20,926d859d69dccf7cd9884f9eb6256a5e,1384355013,40.864238,-96.226517,0,0.70176286,1
373301,2020-11-13 19:53:27,374930071163758,fraud_Donnelly PLC,misc_net,517.79,Daniel,Escobar,M,61390 Hayes Port,Romulus,MI,48174,42.2203,-83.3583,31515,Police officer,1971-11-05,7f47277028b58b71a43fa3ad460efc7f,1384372407,41.47538,-83.862175,0,0.95979565,1
373523,2020-11-13 22:14:44,3535808924394848,fraud_Fisher Inc,shopping_net,1096.43,Matthew,Myers,M,4936 Michelle Points,Tower Hill,IL,62571,39.39,-88.9597,1532,Radio broadcast assistant,1980-01-09,76679744b710d09770aaa62473885aa1,1384380884,39.657467,-88.13605,1,0.9681492,1
373524,2020-11-13 22:14:53,4379260813815979609,fraud_Jast-McDermott,shopping_pos,1045.52,Thomas,Jenkins,M,93914 Gregory Via,Oakland,CA,94619,37.7878,-122.1884,381459,Barista,1974-01-03,d7ef94d969533be3b6eafee5cba5c0be,1384380893,38.71242,-121.673711,0,0.9374237,1
373526,2020-11-13 22:16:05,30487648872433,"fraud_Streich, Dietrich and Barton",shopping_net,1070.36,Stephanie,Crane,F,144 Martinez Curve,Central,IN,47110,38.097,-86.1723,350,Counsellor,1955-01-05,bade4c2c1aefb1fb7222474a89359a6b,1384380965,38.150576,-85.721508,1,0.9804012,1
373553,2020-11-13 22:27:41,30487648872433,fraud_Bashirian Group,shopping_net,1004.6,Stephanie,Crane,F,144 Martinez Curve,Central,IN,47110,38.097,-86.1723,350,Counsellor,1955-01-05,045d481c66fc106292050bd413c1de85,1384381661,38.370982,-85.762132,1,0.98061657,1
373597,2020-11-13 22:57:59,180047222886866,fraud_Rempel Inc,shopping_net,1026.34,Christine,Shaffer,F,14017 Thomas Plaza,Loami,IL,62661,39.6704,-89.8588,1213,English as a foreign language teacher,1991-04-22,66d14179e46c47996ece463e53ae59b1,1384383479,40.368298,-90.430818,0,0.8969216,1
373615,2020-11-13 23:05:40,30242921189660,"fraud_Nitzsche, Kessler and Wolff",shopping_pos,835.04,Dalton,Jones,M,3304 Hernandez Run,Afton,MI,49705,45.3637,-84.4695,937,Technical brewer,1958-04-06,833b19993c6b0f2de8ed2c2f096997d6,1384383940,45.034341,-84.635812,1,0.9415332,1
373617,2020-11-13 23:06:51,30487648872433,fraud_Kris-Weimann,misc_net,876.63,Stephanie,Crane,F,144 Martinez Curve,Central,IN,47110,38.097,-86.1723,350,Counsellor,1955-01-05,cf2e5f906d97daacf82e51b7dc8b0d34,1384384011,37.144762,-85.256488,1,0.9923579,1
373643,2020-11-13 23:21:37,3535808924394848,"fraud_Kuhic, Bins and Pfeffer",shopping_net,1033.84,Matthew,Myers,M,4936 Michelle Points,Tower Hill,IL,62571,39.39,-88.9597,1532,Radio broadcast assistant,1980-01-09,a34dfa005cd8319172c7bdf7214acbdc,1384384897,39.512316,-87.990811,1,0.9703066,1
373809,2020-11-14 01:44:32,30487648872433,fraud_McDermott-Weimann,grocery_pos,382.18,Stephanie,Crane,F,144 Martinez Curve,Central,IN,47110,38.097,-86.1723,350,Counsellor,1955-01-05,2b13d5aa33826a5fdbcabf65129e7456,1384393472,38.131973,-86.926826,1,0.603865,1
374418,2020-11-14 11:54:07,345832460465610,fraud_Herman Inc,misc_pos,1104.34,Jason,Mcmahon,M,6385 Donald Square Suite 429,Springfield,VA,22151,38.8029,-77.2116,104396,Production engineer,1950-11-20,7cc8405a7511084f6371627ebb887469,1384430047,38.412024,-77.931641,0,0.9298353,1
374469,2020-11-14 12:27:30,180094419304907,"fraud_Bernhard, Grant and Langworth",shopping_pos,1722.76,Sharon,Smith,F,17666 David Valleys,Sun City,CA,92585,33.7467,-117.1721,54287,"Designer, exhibition/display",1972-09-22,b0e68c08b2e81cf26aa4ce85b47c6980,1384432050,34.515567,-116.904638,0,0.7732441,1
374519,2020-11-14 13:02:56,4560395181594436016,fraud_Stamm-Witting,shopping_net,1524.54,Angela,Taylor,F,6343 Ramirez Skyway Apt. 518,Lakeport,CA,95453,39.047,-122.9328,11256,Podiatrist,1972-10-18,693dc1e45a6c138ae59072e1873a7077,1384434176,39.547895,-123.102393,0,0.81967187,1
374862,2020-11-14 16:46:20,375082648741747,fraud_Kuhic LLC,shopping_net,2546.9,Shannon,Bell,F,2918 David Spurs,Georgetown,MN,56546,47.0999,-96.727,346,"Research officer, trade union",1976-12-14,0a7272df2b6434385af33a90e561b642,1384447580,46.483005,-96.130555,0,0.9318345,1
375097,2020-11-14 19:29:52,4681601008538160,"fraud_Douglas, Schneider and Turner",shopping_pos,1501.3,Tammy,Davis,F,77663 Colleen Freeway,Moundsville,WV,26041,39.9148,-80.73100000000001,16183,Physiotherapist,1977-08-12,1944cf54d68de4e9a9a16d469d0ef18f,1384457392,39.324516,-81.006573,0,0.95203036,1
375322,2020-11-14 21:52:39,4587577161160601,fraud_Stiedemann Inc,misc_pos,802.67,Tina,Lawrence,F,12444 Jacob Pines,Nobleboro,ME,4555,44.0943,-69.4828,1643,Financial trader,1976-04-12,0e9f4d9e6b9a0af0680e52fbdb664680,1384465959,43.2768,-68.65116,0,0.9604286,1
375326,2020-11-14 21:54:52,676148621961,"fraud_Hartmann, Rowe and Hermann",travel,1245.06,Jennifer,Vega,F,91644 Crystal Drives,Eagarville,IL,62023,39.1118,-89.7855,91,Materials engineer,1962-11-18,97c46e08685a77b8590c83218f09086d,1384466092,38.157414,-90.110526,0,0.778593,1
375337,2020-11-14 22:00:18,30487648872433,fraud_Kuhic Inc,grocery_pos,280.0,Stephanie,Crane,F,144 Martinez Curve,Central,IN,47110,38.097,-86.1723,350,Counsellor,1955-01-05,115748031d1cd75da67fe3f36fa3535f,1384466418,37.64114,-86.863674,1,0.7537877,1
375355,2020-11-14 22:07:32,30487648872433,fraud_Murray-Smitham,grocery_pos,349.38,Stephanie,Crane,F,144 Martinez Curve,Central,IN,47110,38.097,-86.1723,350,Counsellor,1955-01-05,f81f12fc900d7dc7c1f55182ab9db343,1384466852,37.903138,-86.582598,1,0.9442975,1
375488,2020-11-14 23:41:55,3518758680062249,fraud_Pacocha-Bauch,shopping_pos,1527.69,Antonio,Koch,M,8738 Richard Brooks,Moab,UT,84532,38.5677,-109.5271,9772,Location manager,1989-11-24,2a7e08068680d02580c007990c6ed4e5,1384472515,37.917959,-109.861496,0,0.95771617,1
375513,2020-11-14 23:56:33,3566094707272327,fraud_Kuhic LLC,shopping_net,630.07,Kristina,Stewart,F,47029 Jimmy Tunnel Apt. 106,Newhall,CA,91321,34.3795,-118.523,34882,Health physicist,1971-04-25,f084903ad11b9f1794d2154714b5eff7,1384473393,34.601276,-117.863988,0,0.7214503,1
375569,2020-11-15 00:31:24,501899453424,fraud_Dickinson Ltd,misc_pos,840.09,Jessica,Dominguez,F,06393 Nancy Parkways Suite 855,Gadsden,AL,35903,33.9845,-85.9077,67082,Ceramics designer,1970-01-08,364deead35674626272265ed6277f324,1384475484,34.109455,-86.625085,0,0.6657374,1
375987,2020-11-15 05:19:44,4710826438164847414,fraud_Stoltenberg-Beatty,shopping_pos,1424.88,Juan,Henry,M,9795 Lori Island Suite 346,Turner,MT,59542,48.8328,-108.3961,192,Further education lecturer,1964-01-04,f897fb6f5e60b02de2cd2d5d8eb53fc1,1384492784,47.852274,-108.26997,0,0.5862491,1
376369,2020-11-15 09:48:05,4239552724014407,fraud_Kuphal-Bartoletti,misc_net,931.25,Carl,Hernandez,M,9134 Darryl Flat Suite 916,Paulding,OH,45879,41.141000000000005,-84.5722,6284,Secondary school teacher,1936-03-27,07d0384958d4c143cfe80a99a976a77a,1384508885,40.370724,-84.846663,0,0.95367116,1
376439,2020-11-15 10:28:58,4800395067176717,"fraud_Jones, Sawayn and Romaguera",misc_net,462.59,Daniel,Owens,M,88794 Mandy Lodge Apt. 874,Howells,NE,68641,41.6964,-96.9858,1063,Research scientist (maths),1928-04-02,cbea01d17cb49ebe61ebac5bd568876e,1384511338,41.168486,-96.618998,0,0.938698,1
376850,2020-11-15 14:00:55,4900628639996,"fraud_Monahan, Hermann and Johns",travel,1761.85,Michael,Johnson,M,094 Owens Underpass,Norwalk,CA,90650,33.9056,-118.0818,105549,Firefighter,1973-09-22,63748caa60599d9d133d8bf6411a5e1a,1384524055,34.315049,-118.519176,0,0.7644143,1
377298,2020-11-15 17:05:33,30103132002433,fraud_Stoltenberg-Beatty,shopping_pos,993.86,Stephanie,Middleton,F,99736 Rose Shoals Apt. 504,Morrisdale,PA,16858,41.0001,-78.2357,3688,Dispensing optician,1987-10-26,9b9f320468d43c70e934ef379446887e,1384535133,40.079802,-79.08239300000001,0,0.7066806,1
378098,2020-11-15 23:05:17,180094419304907,fraud_Pacocha-Bauch,shopping_pos,941.42,Sharon,Smith,F,17666 David Valleys,Sun City,CA,92585,33.7467,-117.1721,54287,"Designer, exhibition/display",1972-09-22,7d79365647dd02f537bfd8481af081bd,1384556717,34.213706,-116.963396,0,0.8901928,1
378167,2020-11-15 23:35:32,378006354724784,"fraud_Quitzon, Green and Bashirian",shopping_pos,640.43,Christopher,Matthews,M,433 John Heights Apt. 849,Etlan,VA,22719,38.5095,-78.2638,395,Senior tax professional/tax inspector,1982-01-07,1160cfdec0651a00a9023cbd8d74defa,1384558532,39.238315,-77.433677,1,0.5714814,1
378175,2020-11-15 23:38:43,378006354724784,fraud_Schmidt and Sons,shopping_net,916.14,Christopher,Matthews,M,433 John Heights Apt. 849,Etlan,VA,22719,38.5095,-78.2638,395,Senior tax professional/tax inspector,1982-01-07,a65f92b04af1715249e9321daf8baaac,1384558723,39.350105,-78.527201,1,0.9539719,1
378330,2020-11-16 00:55:27,5456776410929288,"fraud_Lehner, Mosciski and King",misc_net,634.05,Taylor,Khan,F,658 Diane Glen Apt. 677,North Washington,PA,16048,41.0472,-79.8089,139,Patent attorney,1954-05-25,58f228f77dc5c1577fd77544bc1aa13b,1384563327,40.723827,-79.946416,0,0.7840989,1
378470,2020-11-16 02:18:17,3563837241599446,fraud_Jaskolski-Vandervort,misc_net,747.41,Timothy,Simmons,M,1049 John Ports Suite 057,Newberg,OR,97132,45.3099,-122.9685,28278,Research scientist (physical sciences),1977-07-17,7a1c70accb449d8c53b7d2560e28eabb,1384568297,45.928974,-123.147705,0,0.6448328,1
379043,2020-11-16 08:11:12,4981132848794,"fraud_Ruecker, Beer and Collier",shopping_net,1212.06,Joseph,Spencer,M,7854 Stephanie Island Suite 788,Holloway,OH,43985,40.0113,-80.9701,128,Child psychotherapist,1946-04-03,6695e633d2656a7231af396d1a8b12e1,1384589472,40.613554,-80.46310799999999,0,0.5918611,1
379589,2020-11-16 12:58:40,4266200684857219,fraud_Thiel Ltd,travel,4344.58,Joshua,Bryant,M,5452 Patricia Inlet Apt. 280,Nelson,NE,68961,40.201,-98.0684,732,Television/film/video producer,1956-12-13,fbcbc5005b0b4d33e117ff7582a3a8a3,1384606720,40.46735,-97.553416,0,0.8783785,1
380258,2020-11-16 17:10:01,372509258176510,"fraud_Reichel, Bradtke and Blanda",travel,7343.29,Kristen,Hanson,F,26544 Andrea Glen,Goodrich,MI,48438,42.9147,-83.4845,6951,Learning disability nurse,1985-06-18,0edaa5d1dcf035848c0990143d70aad6,1384621801,43.883589,-83.524443,0,0.8955448,1
380349,2020-11-16 17:44:08,6011652924285713,"fraud_Nitzsche, Kessler and Wolff",shopping_pos,1847.15,Kathryn,Smith,F,19838 Tonya Prairie Apt. 947,Rocky Mount,MO,65072,38.2911,-92.7059,1847,Tax inspector,1988-10-26,c6e314c98fff45920a62cc37bb3d5162,1384623848,39.122265000000006,-93.210187,0,0.89599854,1
380778,2020-11-16 20:18:59,36913587729122,fraud_Torphy-Goyette,shopping_pos,1908.97,Ana,Mccormick,F,4503 Patricia Route,Meridian,ID,83646,43.6498,-116.4306,84106,Intelligence analyst,1971-02-11,cd6f1388a441d7e68065d72d97cb4a47,1384633139,43.52978,-115.942477,0,0.9449106,1
380955,2020-11-16 21:13:35,4069975342931683,"fraud_Baumbach, Strosin and Nicolas",shopping_pos,1472.46,Kimberly,Martin,F,1943 Dennis Inlet Suite 145,Hurricane,WV,25526,38.4257,-81.9943,21902,Sub,1980-09-18,c9aed29a032b57dd9a45752e982ad948,1384636415,39.267369,-81.88330500000001,0,0.9498313,1
381020,2020-11-16 21:37:04,4836998673805450,fraud_Gislason Group,travel,2956.31,Susan,Hardy,F,516 Brown Parks,Manistique,MI,49854,46.0062,-86.2555,6469,Trade mark attorney,1979-04-12,e3311fe1b237bb2a1c605d809afb883e,1384637824,45.378123,-85.354697,0,0.93460804,1
381203,2020-11-16 22:42:54,3576431665303017,fraud_Kris-Padberg,shopping_pos,1026.78,Jessica,Ward,F,72269 Elizabeth Field Apt. 132,Phoenix,AZ,85020,33.5623,-112.0559,1312922,Contractor,1981-10-24,a1cbe461cc6f0a89e18a0eabb9222653,1384641774,33.781205,-112.992783,0,0.91328615,1
381274,2020-11-16 23:05:03,38947654498698,fraud_Ankunding LLC,shopping_net,1817.12,Lori,Rodriguez,F,12087 Michael Light,Creola,OH,45622,39.3543,-82.50299999999999,321,"Copywriter, advertising",1979-06-24,763f23918ca1edf2ae9a3f936ed5a84c,1384643103,39.904965,-83.047004,0,0.9738512,1
381375,2020-11-16 23:38:40,377026671291680,fraud_Conroy Ltd,shopping_pos,1935.46,Jackie,Davis,F,1898 Parker Fork Apt. 057,Redford,MO,63665,37.3272,-91.0243,241,Investment analyst,1974-10-27,9a1fee2a249cc876e3b5bfc72a04327d,1384645120,37.117587,-91.451172,0,0.9670536,1
383271,2020-11-17 15:56:07,3552581383553463,"fraud_Hartmann, Rowe and Hermann",travel,2532.98,Jonathan,Castro,M,200 Christie Mills Apt. 307,Andrews,NC,28901,35.1959,-83.8228,5354,Retail buyer,1965-04-13,70d3c8b1c66d2656e3c80a1b548982a4,1384703767,36.087087,-84.82016999999999,0,0.86789894,1
383460,2020-11-17 17:13:10,4797297220948468262,fraud_Jast-McDermott,shopping_pos,3123.9,Erica,Briggs,F,3310 Davidson Spurs Apt. 107,Oolitic,IN,47451,38.8938,-86.5246,1228,Counsellor,1991-03-13,578d726753e6afdf245e643e9838f6f0,1384708390,39.775831,-86.963014,0,0.9016648,1
384062,2020-11-17 20:58:48,30270432095985,"fraud_Lehner, Reichert and Mills",misc_pos,542.99,Lisa,Lin,F,908 Brooks Brook,Lomax,IL,61454,40.6761,-91.0391,725,Environmental consultant,1972-11-28,2f021aafbc47264a42dc0757b86d89fd,1384721928,40.847417,-91.562026,0,0.88651836,1
384315,2020-11-17 22:46:03,6011367958204270,"fraud_Bins, Balistreri and Beatty",shopping_pos,1039.78,Tammy,Ayers,F,1652 James Mews,Hinckley,OH,44233,41.2419,-81.7453,7646,Medical sales representative,1988-09-15,bfcdf671dae77bd6788810aa50bf2809,1384728363,41.385115,-81.98546,0,0.8817466,1
384436,2020-11-17 23:34:48,4998109455173950,fraud_Boyer-Reichert,shopping_net,1097.38,Mary,Pruitt,F,2819 Luke Greens Suite 563,Kansas City,MO,64114,38.9621,-94.5959,545147,Counsellor,1987-11-18,74393121358109e86fc4aa3c43107a1a,1384731288,39.566765,-94.108841,0,0.96695775,1
384450,2020-11-17 23:39:07,36192615525683,fraud_Price Inc,shopping_net,554.58,Susan,Garcia,F,582 Rodriguez Wells,Albuquerque,NM,87109,35.1506,-106.569,641349,Civil Service administrator,1976-04-11,1400400c906e0caa331f026b152095c9,1384731547,35.83213,-106.445724,0,0.63183385,1
384518,2020-11-17 23:56:31,561942763351,"fraud_Towne, Greenholt and Koepp",shopping_net,589.11,Melissa,Brown,F,330 Montoya Ramp,Washington,DC,20036,38.9087,-77.0414,601723,Prison officer,1986-03-14,5eeba8649fcb7a270a7400159a9f64ee,1384732591,38.658147,-76.746123,0,0.69812286,1
384831,2020-11-18 06:39:28,3502377050801561,fraud_Stoltenberg-Beatty,shopping_pos,2665.91,Kathleen,Martin,F,659 Nicole Cove Suite 560,New Waverly,TX,77358,30.5354,-95.4532,4993,"Scientist, biomedical",1948-11-30,376605876f86f9e7fb1c6cb6def83ee9,1384756768,30.337542,-95.441516,0,0.7771186,1
385168,2020-11-18 13:03:48,3511378610369890,fraud_Dooley Inc,shopping_pos,1344.08,James,Cooper,M,663 Ramirez Trace Apt. 951,Huntsville,AL,35811,34.7789,-86.5438,190178,Television production assistant,1973-04-01,59f37e834acf548a97c4681df88ecf1c,1384779828,33.890678,-85.65065200000001,0,0.77922636,1
385422,2020-11-18 16:34:27,4102003771126577611,"fraud_Baumbach, Feeney and Morar",shopping_net,1318.51,William,Fitzgerald,M,715 Courtney Pike Suite 932,Keller,TX,76248,32.9276,-97.2489,95035,Probation officer,1987-06-13,3f8b885305dc921dbaf0d549d7e412e6,1384792467,32.612331,-97.262103,0,0.82799214,1
385628,2020-11-18 19:11:32,3523898249167098,fraud_Beier-Hyatt,shopping_pos,1255.2,Joshua,Carpenter,M,04975 Allison Shoal,Bronx,NY,10463,40.8798,-73.9067,1382480,"Therapist, drama",1990-11-09,904d29f606770772d1337fbba15ce895,1384801892,40.192701,-73.100536,0,0.9474102,1
385753,2020-11-18 20:41:20,4710792708725663,"fraud_Kihn, Abernathy and Douglas",shopping_net,958.91,Justin,Bell,M,954 Green Wall,Churubusco,IN,46723,41.229,-85.3244,7692,"Research officer, trade union",1986-12-13,421506dec39fa94e6771a0d9dbdcee5e,1384807280,41.355379,-85.273072,1,0.80369836,1
385844,2020-11-18 22:06:07,4710792708725663,fraud_Heathcote LLC,shopping_net,945.16,Justin,Bell,M,954 Green Wall,Churubusco,IN,46723,41.229,-85.3244,7692,"Research officer, trade union",1986-12-13,a3e81b0db20b2e3482dc14612dac16c2,1384812367,41.093506,-84.84890899999999,1,0.88828874,1
385859,2020-11-18 22:15:19,4710792708725663,fraud_Jast Ltd,shopping_net,998.39,Justin,Bell,M,954 Green Wall,Churubusco,IN,46723,41.229,-85.3244,7692,"Research officer, trade union",1986-12-13,359cfb2dbb83bbcf366d65b20861ff98,1384812919,41.238119,-85.243372,1,0.89807963,1
385901,2020-11-18 22:53:34,4066595222529,fraud_Flatley-Durgan,misc_net,986.16,Jamie,Olson,F,3423 Michael Canyon Suite 276,River,KY,41254,37.8795,-82.7251,571,Quarry manager,1931-03-07,cf941cb4d50e4ba7a4bc331d72466b83,1384815214,38.740308,-81.752299,1,0.99268204,1
385945,2020-11-18 23:27:19,4066595222529,"fraud_Streich, Dietrich and Barton",shopping_net,1108.71,Jamie,Olson,F,3423 Michael Canyon Suite 276,River,KY,41254,37.8795,-82.7251,571,Quarry manager,1931-03-07,68a9cc0f235ec12c3638a2e3e8d0ac70,1384817239,37.020649,-82.85431899999999,1,0.98623127,1
385961,2020-11-18 23:34:01,4066595222529,fraud_Schumm PLC,shopping_net,1187.73,Jamie,Olson,F,3423 Michael Canyon Suite 276,River,KY,41254,37.8795,-82.7251,571,Quarry manager,1931-03-07,7f5f052da88a47670cbb3566078e10bd,1384817641,38.616655,-82.160448,1,0.98754126,1
385968,2020-11-18 23:37:56,4066595222529,fraud_Mohr-Bayer,shopping_net,902.81,Jamie,Olson,F,3423 Michael Canyon Suite 276,River,KY,41254,37.8795,-82.7251,571,Quarry manager,1931-03-07,096e5bace63bfaddc606e1a1a44c5320,1384817876,37.426532,-81.923358,1,0.9856145,1
386233,2020-11-19 04:09:47,4979422371139333,fraud_Kuhn LLC,misc_net,756.92,Kelly,Zimmerman,F,1893 Katie Tunnel,Westerville,NE,68881,41.4193,-99.3844,73,Product designer,1935-02-10,30d4d7ba8b6c535386df0202fbbcf543,1384834187,41.332267,-100.071186,0,0.7628273,1
386298,2020-11-19 05:30:50,30501624614310,fraud_Brown PLC,misc_net,653.07,Amanda,Smith,F,180 Graves Shore,Scotia,SC,29939,32.6786,-81.2455,302,Magazine features editor,1973-05-04,16e05c56ed742c7d2e9babfea6dc6f5b,1384839050,32.278562,-80.803445,0,0.57662266,1
386409,2020-11-19 07:40:30,639095706599,"fraud_Rohan, White and Aufderhar",misc_net,540.78,Kyle,Wilkinson,M,93970 Trujillo Causeway,Curlew,IA,50527,42.9633,-94.7975,223,Estate manager/land agent,1939-04-14,6adbbd376e247d01fe2b7f045726147f,1384846830,42.503291,-94.874301,0,0.8082827,1
386762,2020-11-19 12:59:15,30551643947183,fraud_Pfeffer and Sons,shopping_pos,1330.88,Morgan,Smith,F,1441 Bradley Place,Grover,NC,28073,35.1836,-81.4552,5621,Toxicologist,1973-11-14,93930b2be5bec61e7cafad977dd3d071,1384865955,34.567924,-80.769826,0,0.75499684,1
386939,2020-11-19 15:02:41,4998109455173950,fraud_Botsford Ltd,shopping_pos,1217.72,Mary,Pruitt,F,2819 Luke Greens Suite 563,Kansas City,MO,64114,38.9621,-94.5959,545147,Counsellor,1987-11-18,cf050ec6a5925b0c8f6a369ce3a76835,1384873361,39.470896,-94.368567,0,0.84290963,1
387011,2020-11-19 16:06:02,4104312520615374,fraud_Schmitt Ltd,misc_net,1289.01,Brooke,Rodriguez,F,901 Todd Gardens Apt. 466,Mountain Center,CA,92561,33.6401,-116.5567,1661,"Therapist, music",1988-09-19,e712cfe52b4664aaa008231e4d2f9701,1384877162,33.253922,-116.654817,0,0.8775557,1
387366,2020-11-19 20:29:46,3598215285024754,fraud_Ankunding LLC,shopping_net,771.31,Ashley,Lopez,F,9333 Valentine Point,Bellmore,NY,11710,40.6729,-73.5365,34496,"Librarian, public",1970-10-21,9bee67cd25254787e906be7c8b96572d,1384892986,40.002909,-72.620127,0,0.8327319,1
387443,2020-11-19 21:29:11,6538441737335434,"fraud_Greenfelder, Bartoletti and Davis",misc_net,826.89,Gina,Grimes,F,444 Robert Mews,Clarks Mills,PA,16114,41.3851,-80.1752,606,Energy manager,1997-09-22,ee5900b043f40d0188f371fc5f0b6908,1384896551,41.409237,-81.072455,1,0.95833534,1
387490,2020-11-19 22:00:06,4710792708725663,"fraud_Roob, Conn and Tremblay",shopping_pos,743.45,Justin,Bell,M,954 Green Wall,Churubusco,IN,46723,41.229,-85.3244,7692,"Research officer, trade union",1986-12-13,2d93780ef31f14e834b558ddfb9e73b5,1384898406,40.366438,-86.213952,1,0.6092679,1
387533,2020-11-19 22:30:12,4716561796955522,fraud_Gutmann-Upton,misc_pos,905.83,Lauren,Anderson,F,11014 Chad Lake Apt. 573,Heart Butte,MT,59448,48.2777,-112.8456,743,Water engineer,1972-05-04,e137dfe057ef5c8973bbb6f394fcd3e1,1384900212,48.141082,-111.919072,0,0.97519284,1
387556,2020-11-19 22:48:43,6538441737335434,fraud_Stamm-Witting,shopping_net,1004.95,Gina,Grimes,F,444 Robert Mews,Clarks Mills,PA,16114,41.3851,-80.1752,606,Energy manager,1997-09-22,8e6f54fcf1f7eb610c900850eea42244,1384901323,42.005098,-80.485252,1,0.8537751,1
387610,2020-11-19 23:23:32,6538441737335434,fraud_Boyer-Reichert,shopping_net,821.89,Gina,Grimes,F,444 Robert Mews,Clarks Mills,PA,16114,41.3851,-80.1752,606,Energy manager,1997-09-22,863d91055e2b509de6bc1823c12b3248,1384903412,40.7932,-80.433995,1,0.78270984,1
387625,2020-11-19 23:31:04,6538441737335434,fraud_Miller-Harris,misc_net,875.38,Gina,Grimes,F,444 Robert Mews,Clarks Mills,PA,16114,41.3851,-80.1752,606,Energy manager,1997-09-22,a27a0e748030102436aba5b6aa5f3d10,1384903864,40.917701,-80.014586,1,0.9797435,1
387658,2020-11-19 23:51:22,6538441737335434,fraud_Flatley-Durgan,misc_net,747.9,Gina,Grimes,F,444 Robert Mews,Clarks Mills,PA,16114,41.3851,-80.1752,606,Energy manager,1997-09-22,e90a8d8fd818f1f03d0a96563e674e05,1384905082,41.420042,-79.652445,1,0.9697854,1
387752,2020-11-20 01:12:08,30235268718158,"fraud_Rohan, White and Aufderhar",misc_net,833.78,Kenneth,Doyle,M,8614 Reed Glen,West Harrison,NY,10604,41.0592,-73.7395,11250,Lexicographer,1977-08-16,4310b53ba0647efb0b993d5d8c15ef74,1384909928,41.415146,-73.742692,1,0.76345825,1
388104,2020-11-20 07:01:47,2297447006766555,fraud_Huel-Langworth,misc_net,1304.66,Laura,Walker,F,611 Michael Rue,Cisco,IL,61830,39.9972,-88.6962,478,Landscape architect,1960-01-13,1b7969ccd230c1e3e7218527cd668ba7,1384930907,40.748224,-89.292379,0,0.8201002,1
388676,2020-11-20 14:54:02,371284100299909,"fraud_Willms, Kris and Bergnaum",shopping_pos,2156.67,Hannah,Thomas,F,1004 Willis Pass,Hedley,TX,79237,34.8698,-100.6806,513,Early years teacher,1976-05-24,1e45101d2b87013ceac69af9bb66d528,1384959242,34.735234000000005,-101.587557,0,0.87599605,1
388747,2020-11-20 15:48:29,376656886990758,fraud_Fritsch LLC,travel,3607.05,Richard,Vance,M,169 Shelia Knoll Suite 753,Zavalla,TX,75980,31.1569,-94.3871,2836,"Designer, jewellery",1985-12-03,9c595f2039a89426394368258b63c41c,1384962509,31.254567,-94.10582,0,0.86266315,1
388843,2020-11-20 16:51:32,30518206766474,"fraud_Altenwerth, Cartwright and Koss",shopping_net,767.19,Tamara,Martinez,F,471 Marquez Prairie Suite 680,Matthews,MO,63867,36.7154,-89.6287,1019,Aeronautical engineer,1979-01-26,c194a1ccd6733756b984690270f48dd2,1384966292,36.104755,-89.22220899999999,0,0.5197927,1
388980,2020-11-20 18:14:58,6011348830550197,fraud_Schumm PLC,shopping_net,756.82,Samuel,Johnston,M,16285 Jessica Lights,Birmingham,AL,35229,33.4629,-86.7904,493806,Musician,1980-07-12,2683328e79e87f89fb16d400d9366deb,1384971298,33.143539000000004,-87.34531899999999,0,0.75131816,1
389109,2020-11-20 19:39:53,3529597810116815,"fraud_Bernhard, Grant and Langworth",shopping_pos,1267.74,Pamela,Curtis,F,8969 Fuentes Station Apt. 291,Mill Creek,PA,17060,40.4679,-77.8967,1334,Archaeologist,1986-12-17,bcbe21aa6887ca15a263ebc29f4c6eb4,1384976393,39.468804,-78.035248,0,0.8966332,1
389126,2020-11-20 19:49:14,3582402971899057,"fraud_Bernier, Volkman and Hoeger",misc_net,1022.36,Michele,Patrick,F,557 Lynn Garden Suite 907,Spirit Lake,ID,83869,47.9657,-116.868,4161,Production manager,1957-06-12,94893fe6937d248fdfaa4ca8a5a273cc,1384976954,48.485288,-116.089142,1,0.98748404,1
389332,2020-11-20 22:04:45,30235268718158,fraud_Auer-West,shopping_net,1122.28,Kenneth,Doyle,M,8614 Reed Glen,West Harrison,NY,10604,41.0592,-73.7395,11250,Lexicographer,1977-08-16,5cc0b796aa2a9cd7aa68e888d7ce6705,1384985085,40.844562,-73.625922,1,0.96120673,1
389344,2020-11-20 22:08:58,6538441737335434,"fraud_Kihn, Abernathy and Douglas",shopping_net,1147.88,Gina,Grimes,F,444 Robert Mews,Clarks Mills,PA,16114,41.3851,-80.1752,606,Energy manager,1997-09-22,3478929642a979620ab632c679402767,1384985338,40.660857,-79.879354,1,0.9385793,1
389348,2020-11-20 22:10:59,6538441737335434,"fraud_Altenwerth, Cartwright and Koss",shopping_net,919.1,Gina,Grimes,F,444 Robert Mews,Clarks Mills,PA,16114,41.3851,-80.1752,606,Energy manager,1997-09-22,b15a54a483211a7a60406738ac1d52c4,1384985459,40.86562,-79.909134,1,0.88003224,1
389352,2020-11-20 22:15:08,6538441737335434,fraud_Volkman Ltd,misc_net,666.71,Gina,Grimes,F,444 Robert Mews,Clarks Mills,PA,16114,41.3851,-80.1752,606,Energy manager,1997-09-22,f213e239a29b17661e2888b46716450f,1384985708,42.354109,-80.66788299999999,1,0.86216336,1
389358,2020-11-20 22:18:38,3582402971899057,fraud_Barrows PLC,shopping_pos,964.94,Michele,Patrick,F,557 Lynn Garden Suite 907,Spirit Lake,ID,83869,47.9657,-116.868,4161,Production manager,1957-06-12,14c45dfec2422256990f7df50829f0c2,1384985918,47.667726,-116.05418799999998,1,0.9521873,1
389360,2020-11-20 22:18:46,3582402971899057,fraud_Medhurst PLC,shopping_net,994.02,Michele,Patrick,F,557 Lynn Garden Suite 907,Spirit Lake,ID,83869,47.9657,-116.868,4161,Production manager,1957-06-12,119fab045d8d0677d0e8c58a03c15962,1384985926,47.634533000000005,-116.936717,1,0.9769917,1
389363,2020-11-20 22:21:02,6011329966782895,"fraud_Quitzon, Green and Bashirian",shopping_pos,516.76,Lauren,Butler,F,030 Seth Divide Suite 355,Tulsa,OK,74131,36.0557,-96.0602,413574,"Teacher, special educational needs",1971-09-01,4000cd858a8e2a51f5db2397dcac4dec,1384986062,35.339427,-95.078626,0,0.63537425,1
389373,2020-11-20 22:28:13,6538441737335434,fraud_Bednar Group,misc_net,734.29,Gina,Grimes,F,444 Robert Mews,Clarks Mills,PA,16114,41.3851,-80.1752,606,Energy manager,1997-09-22,81297cdf7356d146c3e8b2c966c348b7,1384986493,41.543267,-80.718655,1,0.9474806,1
389394,2020-11-20 22:42:17,3582402971899057,fraud_Pouros-Haag,shopping_pos,863.1,Michele,Patrick,F,557 Lynn Garden Suite 907,Spirit Lake,ID,83869,47.9657,-116.868,4161,Production manager,1957-06-12,ac445c4dac912c517c2cccf56bd7942a,1384987337,48.472635,-117.486623,1,0.9421401,1
389396,2020-11-20 22:43:58,6538441737335434,fraud_Medhurst PLC,shopping_net,999.15,Gina,Grimes,F,444 Robert Mews,Clarks Mills,PA,16114,41.3851,-80.1752,606,Energy manager,1997-09-22,9d483d29a0a848cb45f46e6b59cabb5e,1384987438,41.22478,-80.232754,1,0.87771136,1
389445,2020-11-20 23:11:48,6538441737335434,"fraud_Langworth, Boehm and Gulgowski",shopping_net,1030.86,Gina,Grimes,F,444 Robert Mews,Clarks Mills,PA,16114,41.3851,-80.1752,606,Energy manager,1997-09-22,162c96ba059cde3a71fff76673a4f235,1384989108,41.148534000000005,-79.691913,1,0.92920583,1
389501,2020-11-20 23:46:46,6593250708747804,fraud_Pacocha-Bauch,shopping_pos,773.46,Melissa,Meza,F,244 Abbott Parkway,Loxahatchee,FL,33470,26.7383,-80.27600000000001,26551,Paramedic,1977-01-04,1b567eccfffdc80564ae4441241dbaa2,1384991206,27.277554,-79.334634,0,0.63618344,1
389881,2020-11-21 05:52:43,342952484382519,fraud_Corwin-Gorczany,misc_net,515.83,Kayla,Jones,F,6033 Young Track Suite 804,East Canaan,CT,6024,42.0158,-73.2913,647,Comptroller,1987-09-26,634fbc4fca22b867b543e4d2976fd7a1,1385013163,42.1893,-73.074485,0,0.5401303,1
390283,2020-11-21 12:06:01,60416207185,fraud_Jast-McDermott,shopping_pos,1187.19,Mary,Diaz,F,9886 Anita Drive,Fort Washakie,WY,82514,43.0048,-108.8964,1645,Information systems manager,1986-02-17,ebaaf209a92f560662eefaef8a2d1e90,1385035561,42.513898,-109.052813,0,0.6842519,1
390330,2020-11-21 12:35:25,4239436242473,fraud_Pouros-Haag,shopping_pos,1409.69,James,Leon,M,826 Benjamin Stravenue,Alexandria,VA,22311,38.832,-77.12,321490,"Scientist, biomedical",1991-10-04,9bfbf517c9c46177dcbcd67e566e232a,1385037325,37.876619,-76.286045,0,0.7983563,1
390475,2020-11-21 14:13:47,30270432095985,fraud_Kihn Inc,shopping_pos,1124.07,Lisa,Lin,F,908 Brooks Brook,Lomax,IL,61454,40.6761,-91.0391,725,Environmental consultant,1972-11-28,cac6a1128e765a34c5117f28f126a302,1385043227,41.550667,-91.692446,0,0.7854611,1
390864,2020-11-21 18:53:46,4826655832045236,"fraud_Medhurst, Labadie and Gottlieb",travel,3075.48,Tami,Forbes,F,5204 Robinson Plaza Suite 897,Barnstable,MA,2630,41.6983,-70.3001,1850,Counselling psychologist,1963-12-29,dde1afe6aef2d43ed066623d3212b8ad,1385060026,42.182974,-69.706664,0,0.9358348,1
390991,2020-11-21 20:13:38,4178097073221156,"fraud_Romaguera, Cruickshank and Greenholt",shopping_net,1207.06,Jill,Flores,F,639 Cruz Islands,Baroda,MI,49101,41.9488,-86.4913,3104,"Horticulturist, commercial",1981-03-29,0f7526e46d0dd79c837427aff4c661e9,1385064818,42.674609,-86.851336,0,0.9561818,1
391069,2020-11-21 21:05:33,213178765398315,fraud_Haley Group,misc_pos,909.76,Alan,Colon,M,748 Bryan Fields Suite 935,Riverton,WY,82501,43.0351,-108.2024,19408,"Lecturer, higher education",1993-09-11,58da3257717e42a9b836154fb1a984da,1385067933,43.538065,-108.697723,0,0.94273436,1
391121,2020-11-21 21:37:32,30235268718158,fraud_Howe PLC,entertainment,464.99,Kenneth,Doyle,M,8614 Reed Glen,West Harrison,NY,10604,41.0592,-73.7395,11250,Lexicographer,1977-08-16,0d4c6ccda977a4e9ee7e5684cb71a5ce,1385069852,40.9156,-74.381689,1,0.7013941,1
391235,2020-11-21 22:55:47,30235268718158,fraud_Friesen Inc,shopping_pos,870.33,Kenneth,Doyle,M,8614 Reed Glen,West Harrison,NY,10604,41.0592,-73.7395,11250,Lexicographer,1977-08-16,28661ad73d68ddd73ab12a684c82d4a4,1385074547,40.649849,-74.30006800000001,1,0.845926,1
391248,2020-11-21 23:03:52,30235268718158,fraud_Medhurst PLC,shopping_net,809.15,Kenneth,Doyle,M,8614 Reed Glen,West Harrison,NY,10604,41.0592,-73.7395,11250,Lexicographer,1977-08-16,93e95b11634eb07ee911cd7d611281c9,1385075032,40.202146,-73.10199399999999,1,0.90769565,1
391272,2020-11-21 23:21:08,30235268718158,"fraud_Swaniawski, Lowe and Robel",shopping_pos,641.44,Kenneth,Doyle,M,8614 Reed Glen,West Harrison,NY,10604,41.0592,-73.7395,11250,Lexicographer,1977-08-16,7bcac797f7acba84130e417dadaf78cd,1385076068,40.124429,-73.783699,1,0.6634998,1
391521,2020-11-22 01:52:14,4425161475596168,"fraud_Boehm, Block and Jakubowski",misc_pos,1012.42,Brooke,Fisher,F,815 Heather Divide Apt. 965,San Angelo,TX,76905,31.4647,-100.39,103927,Drilling engineer,1962-06-27,3d468c3ed83082a927c8a2167974faa5,1385085134,30.736884000000003,-100.244449,0,0.52550167,1
391639,2020-11-22 03:03:56,5501083170975659,fraud_Stiedemann Inc,misc_pos,1802.57,Wayne,Payne,M,587 Bradley Inlet Suite 281,Cuyahoga Falls,OH,44223,41.1464,-81.5107,47772,Equities trader,1966-01-04,61c2f40ea71ccaf1518b2b052e440d25,1385089436,41.410618,-82.237012,0,0.70317465,1
392377,2020-11-22 11:54:46,4957924165498,fraud_Denesik and Sons,shopping_pos,1240.76,Alan,Parsons,M,0547 Russell Ford Suite 574,Kirk,CO,80824,39.6171,-102.4776,207,Network engineer,1955-12-04,d4705fee1f85870c437bb1111af54afd,1385121286,39.495419,-101.64018,0,0.80910474,1
392382,2020-11-22 11:56:33,4599735407877245080,"fraud_Rippin, Kub and Mann",misc_net,668.76,Mary,Myers,F,39787 Pamela Fall Suite 639,Tiptonville,TN,38079,36.3846,-89.4649,5577,Geochemist,1964-12-30,19f5861b9063eea5ebf8d78eebfe2190,1385121393,36.601167,-89.75111700000001,0,0.8686694,1
392903,2020-11-22 15:47:51,4377338765909719,"fraud_Wiza, Schaden and Stark",misc_pos,744.14,Nicholas,Mcmahon,M,2123 Jonathan Falls Suite 753,Heiskell,TN,37754,36.115,-84.0438,4729,"Geologist, wellsite",1982-04-19,60c2c11df868cbf5507d811fd88dfbd8,1385135271,35.789232,-83.329699,0,0.6677669,1
393038,2020-11-22 16:44:27,213191402330021,fraud_Denesik and Sons,shopping_pos,1444.0,Thomas,Sullivan,M,464 Newman Crossroad,Milwaukee,WI,53228,42.9676,-88.0434,817312,"Accountant, chartered public finance",2004-03-18,956002d1932f453f2021151578d5a51d,1385138667,42.666956,-87.279187,0,0.88800967,1
393166,2020-11-22 17:41:16,4998109455173950,fraud_Schmidt and Sons,shopping_net,737.49,Mary,Pruitt,F,2819 Luke Greens Suite 563,Kansas City,MO,64114,38.9621,-94.5959,545147,Counsellor,1987-11-18,4dec57d93e275d80e278a679383f5a38,1385142076,38.384707,-95.03834,0,0.6437879,1
393336,2020-11-22 18:59:47,213157767990030,fraud_Heathcote LLC,shopping_net,1211.67,Tara,Campbell,F,05050 Rogers Well Apt. 439,Rock Springs,WY,82901,41.606,-109.23,27971,Music therapist,1984-08-01,72949c172b872c4b323f116d8a4df8eb,1385146787,42.060515,-109.361927,0,0.91365945,1
393385,2020-11-22 19:26:05,3567879740649740,"fraud_Larson, Quitzon and Spencer",travel,2854.64,Tanya,Williams,F,566 Megan Well,Brownville,NY,13615,44.0577,-76.0196,1271,"Producer, radio",1958-08-14,943e1369c24f96c98f6d1510348b6a69,1385148365,44.666457,-75.993574,0,0.94925034,1
393624,2020-11-22 21:15:28,3500165543009955,fraud_Heathcote LLC,shopping_net,952.03,Ricky,Dunn,M,97689 Davis Point Apt. 967,Detroit,MI,48214,42.3669,-82.9938,673342,Health visitor,1983-09-02,62c4902555a105cd82e72ef254993e8f,1385154928,41.577654,-82.017011,1,0.95334107,1
393745,2020-11-22 22:06:29,3500165543009955,"fraud_Watsica, Haag and Considine",shopping_pos,971.98,Ricky,Dunn,M,97689 Davis Point Apt. 967,Detroit,MI,48214,42.3669,-82.9938,673342,Health visitor,1983-09-02,a383e813ed8cec7b7ed46d518b0f8a83,1385157989,41.444684,-82.303303,1,0.948317,1
393847,2020-11-22 22:49:35,6011438889172900,"fraud_Swaniawski, Lowe and Robel",shopping_pos,818.45,Allison,Allen,F,40624 Rebecca Spurs,De Witt,AR,72042,34.2853,-91.3336,5161,Electrical engineer,1993-04-08,53c73fec0df36e7b462769657a53b37f,1385160575,33.890095,-92.094,0,0.5735026,1
394133,2020-11-23 01:25:30,6011603272871604,"fraud_Bernier, Volkman and Hoeger",misc_net,829.78,Robert,Holland,M,431 Tracy Expressway,Milner,GA,30257,33.141,-84.1759,4138,Field seismologist,1969-05-16,015b1946bf3452174d8c2cc66d9adac2,1385169930,32.565694,-83.902682,0,0.7382153,1
394193,2020-11-23 01:51:50,213195754007681,"fraud_Greenfelder, Bartoletti and Davis",misc_net,619.23,Zachary,Allen,M,69252 Oconnor Alley Apt. 153,Ollie,IA,52576,41.2001,-92.1354,568,Commercial horticulturist,1969-07-24,08ca0d376164d2d0533dbbc79def2b99,1385171510,40.437059000000005,-91.875353,0,0.81452775,1
394296,2020-11-23 02:52:16,6538891242532018,fraud_Donnelly PLC,misc_net,468.19,Jodi,Rodriguez,F,5796 Lee Coves Apt. 286,Walnut Ridge,AR,72476,36.0244,-90.9288,7155,"Engineer, control and instrumentation",1977-03-23,e3047b8f36e81132ec228eb22e907d3d,1385175136,36.764234,-90.116989,0,0.8572294,1
394461,2020-11-23 04:37:56,4220345354880,fraud_Kuphal-Bartoletti,misc_net,791.99,Patrick,Torres,M,27386 Snyder Station,Oxford,MI,48371,42.8223,-83.2829,24840,Agricultural consultant,1960-01-20,ea608fc6589293c0baa42b31e1406770,1385181476,41.865636,-84.25514799999999,0,0.64675623,1
394482,2020-11-23 04:49:02,213136802746375,fraud_McCullough LLC,misc_pos,1546.56,Christine,Davis,F,736 Moss Motorway Suite 549,Humboldt,AZ,86329,34.5189,-112.2523,1179,"Civil engineer, contracting",1955-01-20,90ea60a6f5eaac56a7bcd0cbc3de5a56,1385182142,34.725677000000005,-111.378638,0,0.61524343,1
394547,2020-11-23 05:29:35,180040027502291,fraud_Mohr-Bayer,shopping_net,1478.51,Mary,Schmidt,F,022 Moore Island,New York City,NY,10162,40.7699,-73.9511,1577385,Audiological scientist,1957-12-29,775680f9d53271b622c6e5074ac88492,1385184575,40.726608,-74.491765,0,0.6285474,1
395287,2020-11-23 12:29:54,6011381817520024,fraud_Predovic Inc,shopping_net,1951.02,Kristen,Allen,F,8619 Lisa Manors Apt. 871,Lagrange,WY,82221,41.6423,-104.1974,635,Product/process development scientist,1973-07-13,b5be1d6ea9ad4fe4a1086225bde5dd7e,1385209794,41.134506,-103.264279,0,0.8651105,1
395365,2020-11-23 12:59:46,30235268718158,"fraud_Weimann, Kuhic and Beahan",shopping_pos,2893.11,Kenneth,Doyle,M,8614 Reed Glen,West Harrison,NY,10604,41.0592,-73.7395,11250,Lexicographer,1977-08-16,4866e3e77d9e8dbfe9f42c5bd37f8003,1385211586,41.398461,-73.19267099999999,0,0.8668244,1
395483,2020-11-23 13:39:03,340951438290556,fraud_Pagac LLC,shopping_pos,1155.81,Maria,Garcia,F,865 Thomas Village,Orangeburg,NY,10962,41.0442,-73.9609,5950,Records manager,1971-07-02,e5e84153d88c82b02188d0a683fc98eb,1385213943,40.573897,-73.671864,0,0.6992576,1
395681,2020-11-23 14:49:54,3518669219150142,"fraud_Streich, Dietrich and Barton",shopping_net,1268.02,Dorothy,Thomas,F,537 Rice Square Suite 040,Milford,OH,45150,39.1657,-84.23299999999999,31394,Hospital doctor,1996-11-12,45589c5e52f8530f8552ee80639af833,1385218194,38.34538,-84.553662,0,0.74466693,1
396285,2020-11-23 18:17:04,3527536963490470,fraud_Kihn Inc,shopping_pos,1243.48,Teresa,Stein,F,2838 White Fields Apt. 473,Brunson,SC,29911,32.9413,-81.1807,1725,Social researcher,1974-12-05,c9ebf882ce91c07a7e6f156721467b48,1385230624,32.80332,-81.77682,0,0.82492775,1
396716,2020-11-23 21:07:03,4797297220948468262,"fraud_Greenholt, O'Hara and Balistreri",shopping_net,2273.62,Erica,Briggs,F,3310 Davidson Spurs Apt. 107,Oolitic,IN,47451,38.8938,-86.5246,1228,Counsellor,1991-03-13,f3b329c6892bf9447181c59db3c5464f,1385240823,38.109875,-86.295785,0,0.9489785,1
396777,2020-11-23 21:32:40,4861310130652566408,fraud_Boyer-Reichert,shopping_net,1028.08,Ashley,Cruz,F,65417 Walsh Radial Suite 691,Saint Amant,LA,70774,30.2385,-90.8435,10076,"Surveyor, rural practice",1977-12-16,b077aa4ab2a40523cbb543bdee655d33,1385242360,30.668101,-91.663281,0,0.8239934,1
396826,2020-11-23 21:52:45,3500165543009955,"fraud_Stanton, Jakubowski and Baumbach",shopping_net,913.17,Ricky,Dunn,M,97689 Davis Point Apt. 967,Detroit,MI,48214,42.3669,-82.9938,673342,Health visitor,1983-09-02,82b2ca3ca9a85300767f011ddb7b09d3,1385243565,42.152715,-82.733987,1,0.9310132,1
396866,2020-11-23 22:05:47,4972228199573984,fraud_Klocko LLC,misc_net,836.49,Brian,Hogan,M,3316 Cindy Land,Lane,OK,74555,34.2691,-95.9685,861,Quantity surveyor,1960-04-08,d2c41dbf2c418a8c53c68741f2521f38,1385244347,34.449544,-95.578273,1,0.98961604,1
396870,2020-11-23 22:07:22,30235268718158,fraud_Lesch Ltd,shopping_pos,2761.28,Kenneth,Doyle,M,8614 Reed Glen,West Harrison,NY,10604,41.0592,-73.7395,11250,Lexicographer,1977-08-16,7101a0e20b049eede413bfa23a35b7a7,1385244442,40.251632,-73.756527,0,0.9622405,1
396898,2020-11-23 22:17:22,4972228199573984,fraud_Mohr-Bayer,shopping_net,1023.43,Brian,Hogan,M,3316 Cindy Land,Lane,OK,74555,34.2691,-95.9685,861,Quantity surveyor,1960-04-08,6435a19dc4fd8061af67472475275fbb,1385245042,34.445072,-95.995012,1,0.96265846,1
397032,2020-11-23 23:06:10,3500165543009955,fraud_Cormier LLC,shopping_net,963.57,Ricky,Dunn,M,97689 Davis Point Apt. 967,Detroit,MI,48214,42.3669,-82.9938,673342,Health visitor,1983-09-02,a2259cf90dc1dd4e8489c8e5a1b25c8a,1385247970,41.693109,-83.80810600000001,1,0.9627484,1
397066,2020-11-23 23:18:54,4972228199573984,fraud_Volkman-Predovic,shopping_net,988.52,Brian,Hogan,M,3316 Cindy Land,Lane,OK,74555,34.2691,-95.9685,861,Quantity surveyor,1960-04-08,e6ccdf5d5ad0aeec2f607404396e7d2c,1385248734,35.186202,-96.2768,1,0.9622335,1
397621,2020-11-24 04:27:34,374497717543058,"fraud_Ferry, Lynch and Kautzer",misc_net,548.17,Linda,Hurst,F,31701 Tucker Square Suite 893,Wilton,ND,58579,47.1709,-100.7944,1190,"Designer, ceramics/pottery",1948-06-30,7af2ba14f90243e2223dbe0fa590ede5,1385267254,47.232594,-100.188426,0,0.65782267,1
397714,2020-11-24 05:26:52,30328384440870,"fraud_Greenholt, O'Hara and Balistreri",shopping_net,1529.14,Helen,Campbell,F,182 Sergio Summit Apt. 129,Browning,MO,64630,40.029,-93.1607,602,Cytogeneticist,1954-07-14,017a76ed8e86c22f157720b6f9f3ad9e,1385270812,39.692486,-92.710274,0,0.6425542,1
397811,2020-11-24 06:21:33,36721445180895,"fraud_Lehner, Mosciski and King",misc_net,1747.0,Cesar,Smith,M,901 Ariel Points,Jefferson,NY,12093,42.4999,-74.6117,1666,Diagnostic radiographer,1968-07-01,4d423bedb1faef51441c1566f6df69b2,1385274093,43.07453,-75.60389,0,0.79702103,1
397814,2020-11-24 06:22:28,4810839835482794272,fraud_Welch Inc,misc_net,1761.06,Carolyn,Perez,F,433 Blake Roads Suite 967,Wheaton,MO,64874,36.7651,-94.0492,760,Production manager,1985-08-31,d9d981aad1c5c906fde2181bf40b72eb,1385274148,37.194167,-94.464811,0,0.72102964,1
397846,2020-11-24 06:45:27,340953839692349,fraud_Block-Parisian,misc_net,1308.81,Tyler,Wright,M,615 Clarke Spring Apt. 172,Warren,MI,48088,42.5164,-82.9832,134056,"Doctor, hospital",1980-05-18,d4ed41a2304bacee05ed3832dcb92f96,1385275527,41.662635,-83.384718,0,0.7288107,1
397996,2020-11-24 08:27:15,4640395708703,fraud_Koelpin and Sons,misc_net,1037.24,Melissa,Krause,F,67632 Martin Gateway,Fordoche,LA,70732,30.6576,-91.6264,1178,Community education officer,1951-06-13,f907234f6d58286228ee12d6f74887b3,1385281635,30.732099,-91.954158,0,0.77579904,1
398043,2020-11-24 08:57:33,378278619832195,fraud_Turcotte-Halvorson,misc_pos,1565.76,Mary,Mcintyre,F,77921 Costa Villages,Eugene,OR,97403,44.0385,-123.0614,191096,"Scientist, physiological",1964-04-06,8b50c7ebe10ff6f72fcb2c41823943be,1385283453,44.991974,-123.181032,0,0.7425749,1
398068,2020-11-24 09:10:12,3540862542587229,fraud_Jacobi and Sons,shopping_pos,1802.15,Nancy,Roach,F,376 Brown Courts,Yellowstone National Park,WY,82190,44.7957,-110.6137,369,Materials engineer,1941-11-16,d527b406b8e45fe1b3c08ca40006cabf,1385284212,43.998629,-110.815884,0,0.8282294,1
398149,2020-11-24 09:55:39,30150717898388,fraud_Block-Parisian,misc_net,666.55,Raymond,Lloyd,M,5930 Rebecca Bridge Apt. 444,Paint Rock,AL,35764,34.7031,-86.3068,653,Paediatric nurse,1966-06-19,f0998cd5ce51b8fdc790abe190d6d663,1385286939,34.981432,-85.908238,0,0.65719885,1
398157,2020-11-24 10:01:01,4482427013979020,fraud_Mante Group,misc_net,554.42,Leslie,Ford,F,4938 Hatfield Course,Henderson,WV,25106,38.8265,-82.1364,642,Building services engineer,1946-08-30,28b61c5706315a83e6e143c517037e21,1385287261,38.862777,-81.605974,0,0.88581383,1
398445,2020-11-24 12:34:02,6011504998544485,"fraud_Baumbach, Hodkiewicz and Walsh",shopping_pos,2659.44,Ashley,Whitney,F,4038 Smith Avenue,Jones,AL,36749,32.5104,-86.8138,1089,Materials engineer,1971-11-02,49b0b2bdf6d8013292441e011467e24d,1385296442,32.987815999999995,-86.796334,0,0.82535666,1
398785,2020-11-24 14:45:00,4189814094741,fraud_Mante Group,misc_net,1928.22,Jason,Farmer,M,33165 Larry Walks Suite 960,Ragland,AL,35131,33.7367,-86.1619,4159,Educational psychologist,1998-02-03,37ac280512efcbdb62fdfd5781f125b5,1385304300,34.532312,-86.378602,0,0.86995345,1
399158,2020-11-24 17:07:59,2283743876903625,fraud_Ankunding-Carroll,travel,3719.96,Shannon,Williams,F,9345 Spencer Junctions Suite 183,Alpharetta,GA,30009,34.077,-84.3033,165556,Prison officer,1997-12-27,c69025d76faf78e0136bfe832aa8c5c2,1385312879,34.985799,-84.537275,0,0.87900054,1
399657,2020-11-24 20:36:47,4646845581490336108,"fraud_Roob, Conn and Tremblay",shopping_pos,1045.82,Julia,Bell,F,576 House Crossroad,West Sayville,NY,11796,40.732,-73.1,4056,Film/video editor,1990-06-25,d4f3ca4e59c9b6808118a5e60a66919a,1385325407,40.90817,-73.38255600000001,0,0.71413076,1
399880,2020-11-24 22:04:22,2703186189652095,"fraud_Gottlieb, Considine and Schultz",shopping_net,643.81,Jennifer,Banks,F,561 Perry Cove,Moravian Falls,NC,28654,36.0788,-81.1781,3495,"Psychologist, counselling",1988-03-09,602486675adbab0e87089aa05008fc69,1385330662,35.702874,-81.824548,0,0.5808877,1
399919,2020-11-24 22:16:54,4972228199573984,fraud_Kris-Weimann,misc_net,710.24,Brian,Hogan,M,3316 Cindy Land,Lane,OK,74555,34.2691,-95.9685,861,Quantity surveyor,1960-04-08,39839dd3b8a5e94718f6ec6d5569c084,1385331414,33.420656,-96.724637,1,0.9909651,1
400011,2020-11-24 22:54:15,6535328428560433,fraud_Kovacek Ltd,travel,9410.41,Michelle,Beck,F,2887 Olson Road Suite 439,Minneapolis,MN,55428,45.0632,-93.3811,1022298,Analytical chemist,1967-10-28,b7a9fa52534a9afcaf4d17d729339654,1385333655,44.195384,-93.666772,0,0.92229116,1
400054,2020-11-24 23:11:45,4972228199573984,"fraud_Kihn, Abernathy and Douglas",shopping_net,1082.1,Brian,Hogan,M,3316 Cindy Land,Lane,OK,74555,34.2691,-95.9685,861,Quantity surveyor,1960-04-08,8ebf7f1820fd92be12c503a3adf85457,1385334705,33.505052,-96.859338,1,0.97390705,1
400082,2020-11-24 23:25:26,4169388510116,"fraud_Effertz, Welch and Schowalter",entertainment,289.29,Marcia,Molina,F,6744 Jimmy Extensions,Port Gibson,NY,14537,43.033,-77.1575,207,Database administrator,1962-09-27,ef5c59c8e7b4e43f7d2ce9a5901c5566,1385335526,42.540649,-76.541083,0,0.66062236,1
400172,2020-11-24 23:55:46,4642894980163,"fraud_McLaughlin, Armstrong and Koepp",travel,2926.67,Eddie,Mendez,M,1831 Faith View Suite 653,Clarinda,IA,51632,40.7491,-95.038,7297,IT trainer,1990-07-13,3499ca2ea37ea0d4c39731a247890bb8,1385337346,40.121782,-94.335006,0,0.93173337,1
400174,2020-11-24 23:56:07,4972228199573984,"fraud_Moen, Reinger and Murphy",grocery_pos,330.44,Brian,Hogan,M,3316 Cindy Land,Lane,OK,74555,34.2691,-95.9685,861,Quantity surveyor,1960-04-08,789da29a9fa4b00a5f3a7f3d11dea1f0,1385337367,34.27366,-96.378806,1,0.8695309,1
400839,2020-11-25 12:56:36,630451534402,fraud_Jacobi and Sons,shopping_pos,2212.54,Rachel,Daniels,F,561 Little Plain Apt. 738,Wetmore,MI,49895,46.3535,-86.6345,765,Immunologist,1972-06-12,f59d34c46b8da9fc2a3e843cbe52516a,1385384196,47.228259,-87.264707,0,0.85281074,1
401045,2020-11-25 16:05:03,180046165512893,fraud_Goyette Inc,shopping_net,1133.52,Erica,Walker,F,084 Holmes Avenue Suite 206,Stayton,OR,97383,44.8021,-122.7624,9587,"Engineer, biomedical",1968-03-24,fe9a0c06e711803440c156f374ccc2cf,1385395503,45.519346,-121.78303,1,0.8558677,1
401342,2020-11-25 20:04:28,3527536963490470,"fraud_Baumbach, Hodkiewicz and Walsh",shopping_pos,1623.61,Teresa,Stein,F,2838 White Fields Apt. 473,Brunson,SC,29911,32.9413,-81.1807,1725,Social researcher,1974-12-05,301d3cfe27fd17474a54b911462559d3,1385409868,31.968179,-81.211215,0,0.9439872,1
401409,2020-11-25 20:46:03,60416207185,fraud_Pouros-Haag,shopping_pos,3437.46,Mary,Diaz,F,9886 Anita Drive,Fort Washakie,WY,82514,43.0048,-108.8964,1645,Information systems manager,1986-02-17,0dc0bbf62ad83e2844c1424dd548baf1,1385412363,43.022693,-109.746267,0,0.9306823,1
401448,2020-11-25 21:21:33,180046165512893,"fraud_Romaguera, Cruickshank and Greenholt",shopping_net,983.38,Erica,Walker,F,084 Holmes Avenue Suite 206,Stayton,OR,97383,44.8021,-122.7624,9587,"Engineer, biomedical",1968-03-24,539e8bca3e46005290122ad5a6db335d,1385414493,45.402624,-122.059475,1,0.92300415,1
401463,2020-11-25 21:32:03,4383521454815,"fraud_Swaniawski, Lowe and Robel",shopping_pos,3181.9,John,Robertson,M,209 Austin Stream Apt. 231,Indianapolis,IN,46290,39.9347,-86.1633,910148,Academic librarian,1987-09-22,de346ee4fe790bbbd430c814e65068bb,1385415123,40.816513,-85.962822,0,0.95180774,1
401530,2020-11-25 22:19:06,374930071163758,fraud_Grimes LLC,entertainment,435.83,Daniel,Escobar,M,61390 Hayes Port,Romulus,MI,48174,42.2203,-83.3583,31515,Police officer,1971-11-05,641beb4e5fbcb476e908749f2c5b3ca6,1385417946,41.688323,-83.888131,0,0.9350138,1
401559,2020-11-25 22:37:19,30546453310167,fraud_Schmidt and Sons,shopping_net,1132.88,Nicholas,Tran,M,672 Randall Burg Suite 551,Belmont,NH,3220,43.4512,-71.48899999999999,7430,"Scientist, research (medical)",1955-01-13,eb190e9b5f34bfb8045ff887813d62e2,1385419039,43.810074,-70.95586999999999,1,0.98042965,1
401588,2020-11-25 23:00:53,180046165512893,"fraud_Romaguera, Cruickshank and Greenholt",shopping_net,1070.99,Erica,Walker,F,084 Holmes Avenue Suite 206,Stayton,OR,97383,44.8021,-122.7624,9587,"Engineer, biomedical",1968-03-24,f71d794bf136d47bfac1dbb7768a93ef,1385420453,45.666729,-123.072503,1,0.9673292,1
401623,2020-11-25 23:21:38,30546453310167,fraud_Turner and Sons,shopping_pos,1033.33,Nicholas,Tran,M,672 Randall Burg Suite 551,Belmont,NH,3220,43.4512,-71.48899999999999,7430,"Scientist, research (medical)",1955-01-13,51126a17579a482a887addd137a1ea96,1385421698,42.851048,-72.418639,1,0.96400946,1
401625,2020-11-25 23:22:09,4505383113689,"fraud_Jones, Sawayn and Romaguera",misc_net,722.27,Alicia,Hawkins,F,507 John Overpass Suite 424,Harwood,MD,20776,38.8582,-76.6145,3289,Quantity surveyor,1933-03-15,d5fd5b6ccd27120ea02557cce58db691,1385421729,37.865667,-77.066474,1,0.99286616,1
401632,2020-11-25 23:26:58,6011492816282597,fraud_Little-Gleichner,travel,3359.23,Gary,Barnes,M,2970 Flores Brooks,Smackover,AR,71762,33.3398,-92.7442,2501,Financial adviser,1986-06-11,293fd89578362df1b13f626f371eecfa,1385422018,33.18582,-93.121264,0,0.93123835,1
401637,2020-11-25 23:29:42,4505383113689,fraud_Friesen Inc,shopping_pos,1032.63,Alicia,Hawkins,F,507 John Overpass Suite 424,Harwood,MD,20776,38.8582,-76.6145,3289,Quantity surveyor,1933-03-15,cf6672fe469967fbad959fc3ea69bf31,1385422182,37.988316,-77.51156999999999,1,0.9784672,1
401640,2020-11-25 23:31:51,30546453310167,"fraud_Goldner, Kovacek and Abbott",grocery_pos,331.69,Nicholas,Tran,M,672 Randall Burg Suite 551,Belmont,NH,3220,43.4512,-71.48899999999999,7430,"Scientist, research (medical)",1955-01-13,466e5afe93749eba5e133877dc4aafeb,1385422311,43.161142,-70.592019,1,0.9235842,1
401671,2020-11-25 23:58:01,4810789809665942990,fraud_Herman Inc,misc_pos,579.08,Julie,Sanchez,F,916 Charles Road,Bowersville,OH,45307,39.5756,-83.7153,338,Quantity surveyor,1988-07-28,96627eab2b7ab2d57223a6cdfa74fc22,1385423881,39.081057,-82.87210300000001,0,0.7679758,1
401815,2020-11-26 03:00:18,3513618443244549,"fraud_Moore, Dibbert and Koepp",misc_net,602.47,Amber,Perez,F,954 Reyes Ways,Fulton,SD,57340,43.7588,-97.8712,355,Financial adviser,1955-06-26,dd7071caf469a9c283f634c62204dde0,1385434818,44.605674,-97.715393,0,0.67328745,1
401921,2020-11-26 05:00:48,3583635130604947,fraud_Klocko LLC,misc_net,764.47,Crystal,Gamble,F,899 Michele View Suite 960,Philadelphia,PA,19149,40.0369,-75.0664,1526206,Structural engineer,1985-01-01,ea90c73351c33bc718484b849f26ff0d,1385442048,40.376007,-74.16141999999999,0,0.7460997,1
402308,2020-11-26 11:40:33,5410056176712193,fraud_McGlynn-Heathcote,misc_net,682.62,Jeffrey,Krause,M,4742 Alexandria Mountain,New Franken,WI,54229,44.5592,-87.8235,4306,Art therapist,1989-10-19,a98eb7b63ba4fb03b123d1d6f05a7ef9,1385466033,44.045311,-86.97641,1,0.52268624,1
402823,2020-11-26 17:55:24,3553629419254918,fraud_Kemmer-Buckridge,misc_pos,1058.2,Sharon,Johnson,F,7202 Jeffrey Mills,Conway,WA,98238,48.34,-122.3456,85,"Research officer, political party",1984-09-01,4869343c74b5afc46078027a58c7f098,1385488524,48.843247,-123.239214,0,0.9084733,1
402960,2020-11-26 19:24:02,3587044315915002,"fraud_Lehner, Mosciski and King",misc_net,760.29,Christian,Roman,M,495 Fisher Throughway,Grand Junction,TN,38039,35.0659,-89.1534,1804,Clothing/textile technologist,1974-10-15,395d402786b816a4f87d03654b909259,1385493842,35.884399,-88.797699,1,0.98308706,1
402991,2020-11-26 19:54:42,5410056176712193,fraud_Boyer PLC,shopping_net,1082.63,Jeffrey,Krause,M,4742 Alexandria Mountain,New Franken,WI,54229,44.5592,-87.8235,4306,Art therapist,1989-10-19,c969539534aecdb629b58a83b7ea686f,1385495682,44.639425,-87.734762,1,0.8747986,1
403057,2020-11-26 20:35:18,180046165512893,"fraud_Johnson, Runolfsdottir and Mayer",misc_net,835.51,Erica,Walker,F,084 Holmes Avenue Suite 206,Stayton,OR,97383,44.8021,-122.7624,9587,"Engineer, biomedical",1968-03-24,735e4e15e2df7e164156e1d4c8f6c5d9,1385498118,43.922252,-122.782957,1,0.98322695,1
403183,2020-11-26 22:23:45,180046165512893,"fraud_Altenwerth, Cartwright and Koss",shopping_net,797.76,Erica,Walker,F,084 Holmes Avenue Suite 206,Stayton,OR,97383,44.8021,-122.7624,9587,"Engineer, biomedical",1968-03-24,a94c370fbbf4980876b5bf0dea5340d4,1385504625,45.002462,-122.696088,1,0.91881335,1
403193,2020-11-26 22:28:31,4505383113689,"fraud_Daugherty, Pouros and Beahan",shopping_pos,969.05,Alicia,Hawkins,F,507 John Overpass Suite 424,Harwood,MD,20776,38.8582,-76.6145,3289,Quantity surveyor,1933-03-15,20d5fc1d58ca27ce3e724d0f575ab808,1385504911,38.748056,-76.53502399999999,1,0.98066735,1
403216,2020-11-26 22:41:38,30546453310167,fraud_Macejkovic-Lesch,shopping_pos,1059.37,Nicholas,Tran,M,672 Randall Burg Suite 551,Belmont,NH,3220,43.4512,-71.48899999999999,7430,"Scientist, research (medical)",1955-01-13,1919d27e91d43b976831c335798a6548,1385505698,43.25638,-71.81695500000001,1,0.9654268,1
403231,2020-11-26 22:52:37,4505383113689,fraud_Volkman Ltd,misc_net,867.25,Alicia,Hawkins,F,507 John Overpass Suite 424,Harwood,MD,20776,38.8582,-76.6145,3289,Quantity surveyor,1933-03-15,fb4fb60a813497fc465237416e77bd74,1385506357,39.276534000000005,-76.52540400000001,1,0.9933663,1
403235,2020-11-26 22:59:38,5410056176712193,fraud_Pouros-Haag,shopping_pos,868.43,Jeffrey,Krause,M,4742 Alexandria Mountain,New Franken,WI,54229,44.5592,-87.8235,4306,Art therapist,1989-10-19,08e47626b4f1d1c52ebd4612ab2dd025,1385506778,45.443201,-87.620535,1,0.76171064,1
403249,2020-11-26 23:07:51,5410056176712193,fraud_Zemlak Group,misc_net,754.95,Jeffrey,Krause,M,4742 Alexandria Mountain,New Franken,WI,54229,44.5592,-87.8235,4306,Art therapist,1989-10-19,89dce2b82dc626b34ee09c79dda18f5d,1385507271,44.074088,-87.453334,1,0.98508954,1
403254,2020-11-26 23:11:00,5410056176712193,fraud_Hills-Witting,shopping_net,1000.91,Jeffrey,Krause,M,4742 Alexandria Mountain,New Franken,WI,54229,44.5592,-87.8235,4306,Art therapist,1989-10-19,dd96aae2d39a282a1a914fb4b4f60577,1385507460,44.380561,-87.37544799999999,1,0.96186763,1
403258,2020-11-26 23:12:27,180046165512893,fraud_Hills-Witting,shopping_net,914.77,Erica,Walker,F,084 Holmes Avenue Suite 206,Stayton,OR,97383,44.8021,-122.7624,9587,"Engineer, biomedical",1968-03-24,fc0717a62c17660fcf2546cc35db2275,1385507547,45.066875,-122.075501,1,0.97016877,1
403272,2020-11-26 23:24:11,3587044315915002,fraud_Bashirian Group,shopping_net,969.37,Christian,Roman,M,495 Fisher Throughway,Grand Junction,TN,38039,35.0659,-89.1534,1804,Clothing/textile technologist,1974-10-15,bf09dbc5f323413f0b639a9f2e988c45,1385508251,34.890668,-89.089689,1,0.95725924,1
403273,2020-11-26 23:25:17,3587044315915002,fraud_McGlynn-Heathcote,misc_net,836.44,Christian,Roman,M,495 Fisher Throughway,Grand Junction,TN,38039,35.0659,-89.1534,1804,Clothing/textile technologist,1974-10-15,6d672e8764fe15891d9325e29645cc64,1385508317,34.890666,-89.834959,1,0.99078065,1
403304,2020-11-26 23:45:54,30546453310167,fraud_Durgan-Auer,misc_net,981.75,Nicholas,Tran,M,672 Randall Burg Suite 551,Belmont,NH,3220,43.4512,-71.48899999999999,7430,"Scientist, research (medical)",1955-01-13,2e4aea8fbf8268177847c4bf901e156f,1385509554,42.707602,-72.442872,1,0.99194884,1
403329,2020-11-26 23:58:13,5410056176712193,fraud_Gleason-Macejkovic,shopping_net,959.99,Jeffrey,Krause,M,4742 Alexandria Mountain,New Franken,WI,54229,44.5592,-87.8235,4306,Art therapist,1989-10-19,07509b7670573ec59094feea234a42d6,1385510293,43.808276,-87.802667,1,0.95712376,1
403361,2020-11-27 00:37:57,36722699017270,"fraud_Moore, Dibbert and Koepp",misc_net,478.12,Jessica,Perez,F,8172 Robertson Parkways Suite 072,Superior,AZ,85173,33.2887,-111.0985,2872,Petroleum engineer,1987-10-28,2ff125926fae0f743a08c73043c2ec09,1385512677,33.435373,-110.981982,0,0.6862569,1
403376,2020-11-27 00:50:48,3559679414981506,fraud_Stamm-Rodriguez,misc_pos,733.47,Olivia,Stephenson,F,292 Cassidy Oval,Lowville,NY,13367,43.7893,-75.4156,8830,Theme park manager,1991-03-29,f183da44169d0c5a22ff40d93631a2ca,1385513448,43.06113,-75.822788,0,0.8359963,1
403573,2020-11-27 03:41:52,2657850734909997,fraud_Medhurst PLC,shopping_net,1426.78,Alan,Howard,M,04139 Johnson Prairie Suite 401,Detroit,MI,48206,42.3749,-83.1087,673342,Trading standards officer,1946-11-01,902f4c2a56e96e22ef841f79a9011e99,1385523712,41.513732,-82.377306,0,0.6246657,1
403615,2020-11-27 04:23:30,4119762878330989,fraud_Wisozk and Sons,misc_pos,928.29,Melinda,Gutierrez,F,1497 West Gateway,Eureka,IL,61530,40.7152,-89.2706,6713,Archivist,1945-08-19,1eb10da0c8aad3cd3079701c033e59ff,1385526210,40.920117,-88.590793,0,0.53767884,1
404128,2020-11-27 12:37:21,4260059589824237,"fraud_Douglas, DuBuque and McKenzie",travel,5056.21,Aaron,Rogers,M,969 Huerta Path Apt. 270,Valentine,NE,69201,42.8062,-100.6215,4005,Network engineer,1945-03-15,79794ef308bd44cff390320de170c015,1385555841,42.521516,-100.561151,0,0.8953155,1
404336,2020-11-27 14:54:06,4497913965512794052,fraud_Kovacek Ltd,travel,19364.91,Scott,Edwards,M,838 Amy Street Suite 107,Pembroke,NC,28372,34.6902,-79.1834,14783,Hospital doctor,1955-11-07,88d5f18471024a72f0937f7a628327f9,1385564046,33.789732,-78.63094699999999,0,0.89372325,1
404444,2020-11-27 16:07:24,3513506355699497,fraud_Friesen Inc,shopping_pos,956.44,Sarah,Adams,F,5654 Peterson Land,Ridgeland,MS,39157,32.4122,-90.1207,24645,"Scientist, clinical (histocompatibility and immunogenetics)",1966-05-29,6356cd12a8d89b1c36abd3521db229a6,1385568444,33.060111,-89.410945,1,0.7015721,1
404678,2020-11-27 18:46:40,676275912597,fraud_Fisher Inc,shopping_net,850.57,Edward,Hensley,M,24318 Dixon Mills,Elk Rapids,MI,49629,44.8955,-85.4082,2223,Chief Financial Officer,1986-01-18,164a98659d161d72f0916d582ea91548,1385578000,44.092973,-86.164902,1,0.68292004,1
404680,2020-11-27 18:48:28,30131826429364,fraud_Price Inc,shopping_net,886.08,Brianna,Foley,F,57256 Raymond Ports,Knoxville,TN,37932,35.9335,-84.1481,391389,"Designer, industrial/product",1994-04-22,818552e83139381f831fd7fa330ce023,1385578108,36.802504,-84.818798,0,0.6785434,1
404838,2020-11-27 20:38:34,342952484382519,"fraud_Altenwerth, Cartwright and Koss",shopping_net,1516.45,Kayla,Jones,F,6033 Young Track Suite 804,East Canaan,CT,6024,42.0158,-73.2913,647,Comptroller,1987-09-26,dd38e99f14ea8cbd362a5421beec247b,1385584714,41.12316,-73.78558199999999,0,0.95308685,1
404850,2020-11-27 20:45:19,30266994494236,fraud_Kunde-Sanford,misc_net,555.89,Sarah,Foster,F,77872 Andrea Glen Apt. 543,Ford,VA,23850,37.1349,-77.7364,1051,Chief Operating Officer,1976-11-21,6156cec10330cc9937096c05860f78ed,1385585119,37.409185,-78.005353,0,0.9598178,1
405012,2020-11-27 22:31:04,676275912597,fraud_Stamm-Witting,shopping_net,831.72,Edward,Hensley,M,24318 Dixon Mills,Elk Rapids,MI,49629,44.8955,-85.4082,2223,Chief Financial Officer,1986-01-18,d24bb7e1030a1a2ce6bcfa10d825329f,1385591464,45.617354,-85.523258,1,0.8472538,1
405025,2020-11-27 22:37:25,3513506355699497,fraud_Boyer-Reichert,shopping_net,980.82,Sarah,Adams,F,5654 Peterson Land,Ridgeland,MS,39157,32.4122,-90.1207,24645,"Scientist, clinical (histocompatibility and immunogenetics)",1966-05-29,1a0f820a700bfa12dc4c394d00407b94,1385591845,31.466231,-90.405622,1,0.9674712,1
405026,2020-11-27 22:38:28,676275912597,"fraud_Lehner, Mosciski and King",misc_net,847.3,Edward,Hensley,M,24318 Dixon Mills,Elk Rapids,MI,49629,44.8955,-85.4082,2223,Chief Financial Officer,1986-01-18,1ef28a20e1a944f46c7ce6edfc6305a7,1385591908,44.299426,-86.039575,1,0.98586476,1
405027,2020-11-27 22:38:31,676275912597,"fraud_Greenholt, O'Hara and Balistreri",shopping_net,884.94,Edward,Hensley,M,24318 Dixon Mills,Elk Rapids,MI,49629,44.8955,-85.4082,2223,Chief Financial Officer,1986-01-18,561fe71da2ab01d7a4939190392174e1,1385591911,45.790067,-85.96025,1,0.60238713,1
405035,2020-11-27 22:44:47,3551217896304745,fraud_Beier-Hyatt,shopping_pos,622.08,Sara,Harris,F,597 Jenny Ford Apt. 543,Tupper Lake,NY,12986,44.232,-74.4905,6120,Chartered loss adjuster,1976-10-09,68b19ed237cda6251c1fe9723f6f0ecb,1385592287,43.754304,-73.753777,0,0.5630954,1
405047,2020-11-27 22:55:25,676275912597,fraud_Dooley Inc,shopping_pos,916.04,Edward,Hensley,M,24318 Dixon Mills,Elk Rapids,MI,49629,44.8955,-85.4082,2223,Chief Financial Officer,1986-01-18,6c06e2c14248d0e5fc7837b09dd9386c,1385592925,44.9374,-85.991028,1,0.89229184,1
405057,2020-11-27 23:01:19,30135235368675,"fraud_Baumbach, Hodkiewicz and Walsh",shopping_pos,1360.68,Amanda,Williams,F,02018 Gary Key Apt. 911,Independence,MO,64058,39.1412,-94.3515,123373,"Engineer, production",1992-11-27,f696c42c3578f93d5faa2d7b03aab9e1,1385593279,38.364988,-94.959604,0,0.9475865,1
405098,2020-11-27 23:25:00,3587044315915002,"fraud_Kerluke, Considine and Macejkovic",misc_net,949.55,Christian,Roman,M,495 Fisher Throughway,Grand Junction,TN,38039,35.0659,-89.1534,1804,Clothing/textile technologist,1974-10-15,e12c537f4dd0763c9fd737f62d663517,1385594700,34.49834,-88.708163,1,0.9900621,1
405115,2020-11-27 23:34:59,676275912597,fraud_Gerlach Inc,shopping_net,957.9,Edward,Hensley,M,24318 Dixon Mills,Elk Rapids,MI,49629,44.8955,-85.4082,2223,Chief Financial Officer,1986-01-18,07b18357966795a9b071d9ff599b7705,1385595299,45.451729,-85.966786,1,0.96091825,1
405125,2020-11-27 23:39:46,375082648741747,fraud_Dickinson-Rempel,misc_pos,594.74,Shannon,Bell,F,2918 David Spurs,Georgetown,MN,56546,47.0999,-96.727,346,"Research officer, trade union",1976-12-14,0f33f30b8f7247d3c467e275d0e5959f,1385595586,47.469839,-97.062847,0,0.9201356,1
405159,2020-11-27 23:54:57,3513506355699497,fraud_Bashirian Group,shopping_net,1071.14,Sarah,Adams,F,5654 Peterson Land,Ridgeland,MS,39157,32.4122,-90.1207,24645,"Scientist, clinical (histocompatibility and immunogenetics)",1966-05-29,b2e1f47d26a43b1ffdaac5962f34b8be,1385596497,32.742388,-90.008881,1,0.972982,1
405160,2020-11-27 23:55:15,676275912597,fraud_Mante Group,misc_net,836.06,Edward,Hensley,M,24318 Dixon Mills,Elk Rapids,MI,49629,44.8955,-85.4082,2223,Chief Financial Officer,1986-01-18,93890bb392dbc35874e9f405555e03e5,1385596515,44.738191,-84.83429699999999,1,0.98744875,1
405580,2020-11-28 06:52:22,180017442990269,fraud_Corwin-Gorczany,misc_net,558.18,Michelle,Anderson,F,28311 Dennis Trace,Albany,NY,12222,42.6853,-73.8253,151022,"Designer, textile",1939-06-01,2d1fedb48ef07bf3c73d9ca370605780,1385621542,43.21745,-74.540671,0,0.80742,1
405865,2020-11-28 11:55:56,4710826438164847414,fraud_Durgan-Auer,misc_net,1343.72,Juan,Henry,M,9795 Lori Island Suite 346,Turner,MT,59542,48.8328,-108.3961,192,Further education lecturer,1964-01-04,dd7d6a244284d0a514c3d39036c5d512,1385639756,48.803597,-109.274171,0,0.90321755,1
406800,2020-11-28 22:36:21,6011399591920186,fraud_Conroy Ltd,shopping_pos,2265.62,Maria,Roy,F,58665 Nicholas Ford Suite 348,Sheffield,MA,1257,42.1001,-73.3611,2121,Radio producer,1973-10-14,ab9104687cca526670d9eb9aa0e25bb5,1385678181,41.564482,-72.82753100000001,0,0.9709192,1
406811,2020-11-28 22:42:01,676275912597,fraud_Lemke-Gutmann,shopping_net,993.65,Edward,Hensley,M,24318 Dixon Mills,Elk Rapids,MI,49629,44.8955,-85.4082,2223,Chief Financial Officer,1986-01-18,b9afd29df30e8fdd2af685c363fc71b8,1385678521,44.691064,-84.612845,1,0.95988786,1
406846,2020-11-28 23:00:58,676275912597,"fraud_Moore, Dibbert and Koepp",misc_net,816.03,Edward,Hensley,M,24318 Dixon Mills,Elk Rapids,MI,49629,44.8955,-85.4082,2223,Chief Financial Officer,1986-01-18,6c726597e60ce358f19c74a562df7843,1385679658,44.241425,-85.63477900000001,1,0.98768705,1
406863,2020-11-28 23:08:03,503874407318,fraud_Jast Ltd,shopping_net,2132.89,Andrew,Mcgee,M,4130 Tiffany Glen Apt. 562,San Antonio,TX,78248,29.5894,-98.5201,1595797,Exhibition designer,1975-12-28,8aff8c735522b2057c9e53dfaf2d0909,1385680083,29.831161,-98.462851,0,0.9704881,1
406887,2020-11-28 23:18:30,676275912597,fraud_Kuphal-Predovic,misc_net,917.14,Edward,Hensley,M,24318 Dixon Mills,Elk Rapids,MI,49629,44.8955,-85.4082,2223,Chief Financial Officer,1986-01-18,4633b279e33363753da0d4af67193182,1385680710,43.925165,-85.288768,1,0.9886508,1
406968,2020-11-29 00:02:09,3518234918950662,fraud_Durgan-Auer,misc_net,518.37,Barbara,Lowe,F,67210 Lori Creek,Sherman,TX,75092,33.6372,-96.6184,46563,Systems developer,1970-09-11,8e33dd57a3b1e64028cf8f9760643727,1385683329,34.200436,-95.747979,0,0.74445844,1
407706,2020-11-29 08:30:22,3547574373318979,"fraud_Quitzon, Green and Bashirian",shopping_pos,1860.14,Jacob,Patel,M,54822 Hill Forks,Dieterich,IL,62424,39.0319,-88.4074,2092,"Psychologist, clinical",1962-04-30,aef981efb91f5ead359a62637514e072,1385713822,39.314435,-88.99568000000001,0,0.7764703,1
409177,2020-11-29 20:31:28,374930071163758,"fraud_Roob, Conn and Tremblay",shopping_pos,1305.81,Daniel,Escobar,M,61390 Hayes Port,Romulus,MI,48174,42.2203,-83.3583,31515,Police officer,1971-11-05,957c687d92d6da75cf8a81f1a38d25f9,1385757088,41.569958,-83.364262,0,0.9631854,1
409252,2020-11-29 21:03:08,213141712584544,fraud_Hackett Group,travel,1186.01,Margaret,Curtis,F,742 Oneill Shore,Florence,MS,39073,32.153,-90.1217,19685,Fine artist,1984-12-24,b71b25ca31e68b1e864f45319ec94f39,1385758988,33.041024,-89.837899,0,0.58737916,1
409293,2020-11-29 21:19:45,4066595222529,fraud_Brown-Greenholt,entertainment,237.63,Jamie,Olson,F,3423 Michael Canyon Suite 276,River,KY,41254,37.8795,-82.7251,571,Quarry manager,1931-03-07,1fdf2e2d8a2b1b1600794a96c07db1e8,1385759985,38.172796000000005,-81.933817,0,0.68651336,1
409557,2020-11-29 23:17:07,4181833256558613886,"fraud_Daugherty, Pouros and Beahan",shopping_pos,807.68,Jessica,Potter,F,7600 Stephen Course Suite 031,Red River,NM,87558,36.6659,-105.4694,606,"Surveyor, land/geomatics",1988-09-06,3544430f51d036230cbb6a5175b56b0c,1385767027,37.080761,-105.547834,0,0.6939724,1
409666,2020-11-30 00:05:07,4646845581490336108,"fraud_Kerluke, Kertzmann and Wiza",misc_net,583.99,Julia,Bell,F,576 House Crossroad,West Sayville,NY,11796,40.732,-73.1,4056,Film/video editor,1990-06-25,5cf17511d04579d7bef8c134d031e043,1385769907,39.85146,-73.561999,0,0.8832823,1
409739,2020-11-30 00:21:46,6538891242532018,fraud_McGlynn-Jaskolski,misc_pos,650.18,Jodi,Rodriguez,F,5796 Lee Coves Apt. 286,Walnut Ridge,AR,72476,36.0244,-90.9288,7155,"Engineer, control and instrumentation",1977-03-23,db41c116be1ef15d7642443271488353,1385770906,35.361289,-91.455188,0,0.81717294,1
409806,2020-11-30 00:43:06,3577578023716568,fraud_Dach-Nader,misc_net,772.16,Debbie,Hughes,F,0182 Owens Burgs Suite 480,Diamond,OH,44412,41.0935,-81.0425,2644,"Engineer, biomedical",1983-08-25,6732646e08a5c3ba4228ea2beeacc202,1385772186,41.890743,-81.617992,0,0.842412,1
409882,2020-11-30 01:00:58,6011367958204270,fraud_Dooley-Thompson,misc_net,650.87,Tammy,Ayers,F,1652 James Mews,Hinckley,OH,44233,41.2419,-81.7453,7646,Medical sales representative,1988-09-15,8193599bb9962c80314813eb8dada3e0,1385773258,41.797687,-80.747656,0,0.873119,1
411516,2020-11-30 08:59:56,4605902936394,fraud_Mohr-Bayer,shopping_net,1318.6,Vincent,Mueller,M,79019 Taylor Cliffs,Dallas,TX,75238,32.876999999999995,-96.708,1263321,Drilling engineer,1959-06-28,169285cc8bd2f446baf0b3f50f637c8d,1385801996,32.535607,-97.027809,0,0.53722006,1
411691,2020-11-30 09:49:34,348253506557335,fraud_Kris-Weimann,misc_net,658.6,Thomas,Gibson,M,32745 Silva Springs Suite 040,Grand Bay,AL,36541,30.4983,-88.3282,15647,Armed forces logistics/support/administrative officer,1948-03-22,e4152a4dbbcd8c61c7d15a7c7c43839f,1385804974,29.799107,-88.220246,0,0.6920421,1
411822,2020-11-30 10:28:07,4836998673805450,"fraud_Ferry, Lynch and Kautzer",misc_net,1087.98,Susan,Hardy,F,516 Brown Parks,Manistique,MI,49854,46.0062,-86.2555,6469,Trade mark attorney,1979-04-12,4538033da420184edab90a076f921db7,1385807287,46.816624,-85.698796,0,0.7736079,1
411892,2020-11-30 10:49:24,4428154703770710,fraud_Kihn Inc,shopping_pos,2253.2,Brittany,Guerra,F,79209 Gary Dale,Colton,WA,99113,46.5901,-117.1692,761,Chief Marketing Officer,1943-06-30,1b701d300e13e6c832cd6f5dd615a512,1385808564,45.828038,-116.183093,0,0.8670427,1
412983,2020-11-30 14:32:28,3525590521269779,fraud_Hickle Group,shopping_pos,2261.59,Scott,Fuller,M,861 Karen Common,Haw River,NC,27258,36.0424,-79.3242,6006,Paramedic,1984-07-20,7cfc9f6a983746ca578d12a354564e59,1385821948,35.282095,-78.546832,0,0.86140054,1
414018,2020-11-30 17:37:51,5152054598359927,fraud_Metz-Boehm,shopping_pos,3947.88,Jim,Johnson,M,868 Brady Mill Apt. 837,Gretna,LA,70056,29.8872,-90.0331,55581,Biomedical scientist,1972-09-12,72761b363f46f3e40268cc42e33c83c2,1385833071,29.780904,-89.736235,0,0.9009839,1
414224,2020-11-30 18:16:07,4178097073221156,fraud_Gislason Group,travel,4587.8,Jill,Flores,F,639 Cruz Islands,Baroda,MI,49101,41.9488,-86.4913,3104,"Horticulturist, commercial",1981-03-29,1e3acfbbcf82340a82a744f015f3c9ba,1385835367,41.532718,-87.260749,0,0.9026396,1
415180,2020-11-30 21:03:59,38530489946071,"fraud_Ferry, Lynch and Kautzer",misc_net,732.38,Laura,Johns,F,95835 Garcia Rue,Arcadia,SC,29320,34.9572,-81.9916,530,Animal technologist,1989-05-14,6f4e84091d4ffb86d458058ef959b068,1385845439,35.243342,-81.151164,0,0.93908185,1
415349,2020-11-30 21:31:53,3590736522064285,fraud_Kris-Padberg,shopping_pos,1017.3,Kimberly,Gonzalez,F,72966 Shannon Pass Apt. 391,Bauxite,AR,72011,34.5091,-92.4828,4074,"Scientist, audiological",1975-12-20,5d80ab666df36865d40c8735ca7a0c3b,1385847113,35.299155,-91.488617,0,0.80136013,1
415645,2020-11-30 22:23:26,567868110212,fraud_Stamm-Witting,shopping_net,782.0,Dawn,Tucker,F,789 Herring Manors,Houston,TX,77007,29.7736,-95.4034,2906700,"Copywriter, advertising",1984-12-16,2edcd57a16af6cedbf3b1e2e5ffa8c23,1385850206,29.938548,-96.224713,0,0.51616335,1
415675,2020-11-30 22:28:02,3576021480694169,fraud_Medhurst PLC,shopping_net,3440.4,Dawn,Gray,F,9486 Joel Common Suite 554,Topeka,KS,66618,39.1329,-95.7023,163415,Secondary school teacher,2004-12-30,992c7446095dd6c7bfe878311f1f5fdf,1385850482,38.986865,-95.189528,0,0.90569574,1
416024,2020-11-30 23:28:13,213156747557083,fraud_Kessler Group,travel,1851.71,Adam,Santos,M,725 Jo Trace Apt. 102,Glendale,CA,91206,34.1556,-118.2322,172817,Advertising account planner,1982-07-30,2ae497302942fde1750bb06a27b607e4,1385854093,33.263659000000004,-117.57378500000002,0,0.90716606,1
416421,2020-12-01 01:17:53,30266994494236,fraud_Gutmann-Upton,misc_pos,913.04,Sarah,Foster,F,77872 Andrea Glen Apt. 543,Ford,VA,23850,37.1349,-77.7364,1051,Chief Operating Officer,1976-11-21,4bce1357c18f56edfa4da236b615c3ca,1385860673,36.784251,-77.812359,1,0.6363046,1
416540,2020-12-01 01:51:14,2286236465059468,"fraud_Lehner, Mosciski and King",misc_net,464.14,Morgan,Murray,F,2788 Brittney Island,Blairstown,MO,64726,38.5319,-93.9221,467,Agricultural consultant,1950-05-27,5c284224a7760a878151f12a6b76f8d1,1385862674,38.972362,-94.161718,0,0.7337564,1
416568,2020-12-01 01:58:10,4128730454058057622,fraud_Wisozk and Sons,misc_pos,1367.3,Monique,Martin,F,68276 Matthew Springs,Ratcliff,TX,75858,31.3833,-95.0619,43,"Engineer, production",1949-10-04,4db564d9cb8646641ff55378c9dbea06,1385863090,31.250958,-94.546464,0,0.56333226,1
416981,2020-12-01 03:56:16,30266994494236,fraud_Dooley-Thompson,misc_net,806.92,Sarah,Foster,F,77872 Andrea Glen Apt. 543,Ford,VA,23850,37.1349,-77.7364,1051,Chief Operating Officer,1976-11-21,6b7f8836f03169ed0d5c4355b1a5ea94,1385870176,37.752562,-78.443794,1,0.7663105,1
417522,2020-12-01 06:43:58,4792627764422477317,fraud_Bednar Group,misc_net,465.6,Margaret,Mendez,F,7952 Karen Pike,De Soto,KS,66018,38.9462,-94.9714,5760,Chief Executive Officer,1978-10-01,8b27f9d5f1f4d9042f5b05edcf56594d,1385880238,39.304674,-95.636067,0,0.64867455,1
417765,2020-12-01 07:55:28,4060579726528237,fraud_McGlynn-Heathcote,misc_net,523.51,Steven,Sanders,M,25955 Amy Via,Ozawkie,KS,66070,39.2136,-95.4404,2661,Theatre director,1948-11-14,dc5744fcfaf41e213a66632ab95da212,1385884528,39.502122,-96.140407,0,0.51532054,1
417936,2020-12-01 08:44:26,6011893664860915,fraud_Schmitt Ltd,misc_net,595.88,Erin,Chavez,F,3379 Williams Common,Littleton,CO,80120,39.5994,-105.0044,320420,Water engineer,1975-07-31,8a85498320a1c988e51b3e49995215d8,1385887466,39.56689,-105.41648899999998,0,0.6899101,1
418253,2020-12-01 10:18:28,30510856607165,fraud_Dickinson Ltd,misc_pos,1051.68,Frederick,Robinson,M,1125 Ray Track,Livonia,MI,48154,42.3958,-83.3772,96942,Horticultural consultant,1965-04-01,768af1309e40c97ab10406ba8ce517be,1385893108,41.628572,-84.065789,0,0.7364124,1
418515,2020-12-01 11:33:21,4428154703770710,fraud_Kuphal-Bartoletti,misc_net,566.91,Brittany,Guerra,F,79209 Gary Dale,Colton,WA,99113,46.5901,-117.1692,761,Chief Marketing Officer,1943-06-30,78acc69695d117684e2eb7e308890e6b,1385897601,47.172311,-118.096898,0,0.56503445,1
418519,2020-12-01 11:34:35,501899453424,fraud_Lebsack and Sons,misc_net,648.69,Jessica,Dominguez,F,06393 Nancy Parkways Suite 855,Gadsden,AL,35903,33.9845,-85.9077,67082,Ceramics designer,1970-01-08,aff7eb15f482cd033879d788242a0131,1385897675,33.109089000000004,-85.59205,0,0.60077816,1
418977,2020-12-01 13:19:13,6011652924285713,fraud_Friesen Inc,shopping_pos,1920.86,Kathryn,Smith,F,19838 Tonya Prairie Apt. 947,Rocky Mount,MO,65072,38.2911,-92.7059,1847,Tax inspector,1988-10-26,b47678d98ad7b0069e5b65c306236623,1385903953,37.855394,-92.134381,0,0.75112486,1
419153,2020-12-01 13:53:01,3540075240003197,"fraud_Baumbach, Hodkiewicz and Walsh",shopping_pos,1550.65,Christian,Johns,M,892 Solis Neck,Lonsdale,MN,55046,44.4477,-93.4252,5211,Chief Strategy Officer,1987-01-27,3ac0d64fa2411a4fe65c65ed028018f6,1385905981,43.555212,-93.074303,0,0.81676847,1
419168,2020-12-01 13:54:47,6011109736646996,fraud_Lemke-Gutmann,shopping_net,433.34,Rebecca,Erickson,F,594 Berry Lights Apt. 392,Wilmington,NC,28405,34.2651,-77.867,186140,English as a second language teacher,1983-02-08,0c8036fee37df7ed28d8b275cc6552e7,1385906087,33.416442,-77.366376,0,0.51857394,1
419242,2020-12-01 14:07:02,3595192916105588,fraud_Herzog Ltd,misc_pos,926.2,Dustin,Roberts,M,3283 James Station,Fayetteville,NC,28314,35.0583,-79.008,238602,"Scientist, research (maths)",1993-05-14,04b670d620836b22d4376f80353246fb,1385906822,34.478556,-79.180389,0,0.57209855,1
419252,2020-12-01 14:08:54,30442439074871,"fraud_Hartmann, Rowe and Hermann",travel,2018.08,Linda,Sanchez,F,6574 William Hill Apt. 375,Jermyn,PA,18433,41.5744,-75.5881,6508,Training and development officer,1981-06-22,407f48891fe227c1d76c8334dbe454c4,1385906934,41.853864,-76.505445,0,0.82098484,1
419823,2020-12-01 15:57:20,571314334723,fraud_Denesik and Sons,shopping_pos,1299.28,Lori,Mclean,F,4548 Werner Wells Apt. 441,Mc Clellandtown,PA,15458,39.8882,-79.8694,2379,"Sales professional, IT",1971-01-19,df20728d4fdd585960158b5c557949c0,1385913440,40.676284,-79.220967,0,0.8354261,1
419997,2020-12-01 16:31:45,4302475216404898,fraud_Gislason Group,travel,3634.18,Daniel,Cain,M,384 Newman Forks Apt. 370,Belmond,IA,50421,42.8511,-93.62,3032,Community pharmacist,1964-08-08,f96804199dff9d6ebf6f6eb373f65d9b,1385915505,42.183071000000005,-94.033047,0,0.9004351,1
420164,2020-12-01 17:05:04,3556613125071656,fraud_Predovic Inc,shopping_net,1893.27,Jose,Vasquez,M,572 Davis Mountains,Lake Jackson,TX,77566,29.0393,-95.4401,28739,Futures trader,1999-12-27,f2ad88ccf9a536efa934ae41b7fac29c,1385917504,29.607555,-95.144953,0,0.8049596,1
420319,2020-12-01 17:34:54,30143535920989,fraud_Block-Parisian,misc_net,783.75,Lisa,Collins,F,44197 Jeffrey Port Suite 050,Bridgeport,NJ,8014,39.8016,-75.3478,504,"Engineer, control and instrumentation",1980-08-17,48006c3b9a2e85b759e07da351b66deb,1385919294,39.776761,-74.438976,0,0.9485241,1
420516,2020-12-01 18:13:00,30551643947183,"fraud_Goyette, Howell and Collier",shopping_pos,996.36,Morgan,Smith,F,1441 Bradley Place,Grover,NC,28073,35.1836,-81.4552,5621,Toxicologist,1973-11-14,f00e4c1f7a0d838d4ebbbadf0852929c,1385921580,36.061106,-82.20318,0,0.6263832,1
420829,2020-12-01 19:11:10,374930071163758,fraud_Hermann and Sons,shopping_pos,1194.36,Daniel,Escobar,M,61390 Hayes Port,Romulus,MI,48174,42.2203,-83.3583,31515,Police officer,1971-11-05,b654836f380af5733fc7d32ef0c84331,1385925070,42.537928,-83.854694,0,0.9139043,1
421195,2020-12-01 20:17:25,4452366298769043,"fraud_Watsica, Haag and Considine",shopping_pos,1658.03,Linda,Davis,F,6602 Ortiz Pine Apt. 179,Blooming Grove,TX,76626,32.0758,-96.701,1563,Financial adviser,1978-03-04,465b5e4b92bd8b23ffc6d4a69595def0,1385929045,32.465312,-95.914159,0,0.9108726,1
421290,2020-12-01 20:36:16,377834944388609,"fraud_Streich, Dietrich and Barton",shopping_net,934.26,Michael,Jackson,M,539 Underwood Divide,Pea Ridge,AR,72751,36.4539,-94.118,6434,Product designer,1967-08-28,7bb1da85296b8083abb762c1dee66be1,1385930176,36.325663,-94.115099,1,0.93821746,1
421365,2020-12-01 20:49:15,4181833256558613886,fraud_Gleason-Macejkovic,shopping_net,3215.79,Jessica,Potter,F,7600 Stephen Course Suite 031,Red River,NM,87558,36.6659,-105.4694,606,"Surveyor, land/geomatics",1988-09-06,fce21f54c204af866a505593ccdf8978,1385930955,36.471333,-105.066548,0,0.9088094,1
421642,2020-12-01 21:37:51,3596217206093829,"fraud_Nienow, Ankunding and Collier",misc_pos,779.79,Sara,Ramirez,F,23843 Scott Island,Birmingham,IA,52535,40.8626,-91.9534,888,Camera operator,1988-03-25,f9266bcfd95d2fe810bdafb68522d881,1385933871,39.952944,-92.675094,0,0.81940085,1
421833,2020-12-01 22:17:33,377834944388609,fraud_Kuhic LLC,shopping_net,1061.02,Michael,Jackson,M,539 Underwood Divide,Pea Ridge,AR,72751,36.4539,-94.118,6434,Product designer,1967-08-28,fcf6d8e2b69b866a4070958f88e3958b,1385936253,35.530401,-95.065806,1,0.9615024,1
421918,2020-12-01 22:35:54,4226219726886852999,"fraud_Reichert, Shanahan and Hayes",shopping_net,669.95,Jessica,Bell,F,669 Moore Shoal,Bethel,OH,45106,38.9424,-84.09200000000001,12349,Field trials officer,1985-07-08,1479aa2be58d5efcd30faa02933cd422,1385937354,39.493112,-84.420965,0,0.64236885,1
421949,2020-12-01 22:41:24,377834944388609,fraud_Upton PLC,entertainment,409.2,Michael,Jackson,M,539 Underwood Divide,Pea Ridge,AR,72751,36.4539,-94.118,6434,Product designer,1967-08-28,01a748c0d894d55069063e3cf1ce10bd,1385937684,37.112335,-94.237607,1,0.91981936,1
421965,2020-12-01 22:45:01,571844099986,"fraud_Kunze, Larkin and Mayert",travel,1702.72,Susan,Mills,F,005 Cody Estates,Louisville,KY,40202,38.2507,-85.7476,736284,Engineering geologist,1952-04-02,fba41ca72e5815e47b58d63fa1e570c5,1385937901,38.41107,-85.37658499999999,0,0.96900475,1
422048,2020-12-01 23:02:16,4681601008538160,fraud_Pfeffer and Sons,shopping_pos,1686.09,Tammy,Davis,F,77663 Colleen Freeway,Moundsville,WV,26041,39.9148,-80.73100000000001,16183,Physiotherapist,1977-08-12,c262855d1187bdfe3b629a90d0c7f7a4,1385938936,40.123751,-81.40767,0,0.9741029,1
422265,2020-12-01 23:38:40,4956828990005111019,fraud_Effertz LLC,entertainment,436.63,Kenneth,Robinson,M,269 Sanchez Rapids,Elizabeth,NJ,7208,40.6747,-74.2239,124967,Operational researcher,1980-12-21,eb64999c33bfbbddcdb255713b60d32e,1385941120,39.973248,-74.59586800000001,0,0.7904499,1
422537,2020-12-02 01:35:49,4010002218955876,fraud_Miller-Harris,misc_net,493.55,Jennifer,Bishop,F,589 Matthew Brooks,Houston,TX,77026,29.7972,-95.3288,2906700,Animator,1983-08-24,9e024c60f20a0b5305f6addccdcadbce,1385948149,30.632511,-94.636202,0,0.5567595,1
422676,2020-12-02 02:52:44,36722699017270,"fraud_Johnson, Runolfsdottir and Mayer",misc_net,465.11,Jessica,Perez,F,8172 Robertson Parkways Suite 072,Superior,AZ,85173,33.2887,-111.0985,2872,Petroleum engineer,1987-10-28,8da17c5c207aa1d794bd9d301753b49a,1385952764,32.9638,-111.360353,0,0.83139247,1
422748,2020-12-02 03:37:28,3598304579370089,fraud_Flatley-Durgan,misc_net,1896.72,Vincent,Flowers,M,0189 Emily Prairie,Wichita,KS,67232,37.6395,-97.1714,409656,Heritage manager,1985-12-27,b360013f6f6038a8f45cb168bf021df3,1385955448,37.065233,-96.178323,0,0.70774204,1
422944,2020-12-02 05:40:44,630425673344,fraud_Klocko LLC,misc_net,509.11,Bryan,Miller,M,411 Laurie Fords,Cass,WV,24927,38.388000000000005,-79.9906,365,Special effects artist,1970-03-14,a3dd4b1adfe3e2f16010070f5bf98bcf,1385962844,38.084174,-80.303646,0,0.5930912,1
422948,2020-12-02 05:42:53,3512365128314616,fraud_Kuhn LLC,misc_net,430.41,Francisco,Kemp,M,9554 Flores Drive,Arnold,MO,63010,38.4305,-90.387,35439,Land/geomatics surveyor,1985-03-31,057d42db4aef12d582b7bde4f3a9b9d8,1385962973,38.786465,-89.82041600000001,0,0.59221077,1
423436,2020-12-02 10:35:54,3582754887089201,fraud_Volkman Ltd,misc_net,979.6,Terrance,Mckinney,M,42965 Christopher Fords Suite 659,Norman,AR,71960,34.4596,-93.6743,1383,Magazine features editor,1966-08-08,76993be63f5c033e77d89af5e601062d,1385980554,34.278040000000004,-93.397874,0,0.7807216,1
423701,2020-12-02 12:59:51,4904681492230012,fraud_Metz-Boehm,shopping_pos,1473.36,Lisa,Lowe,F,574 David Locks Suite 207,Cottekill,NY,12419,41.8467,-74.1038,722,Comptroller,1990-10-19,90de6f81f0947e636306ff446ce22d45,1385989191,42.610593,-73.824347,0,0.7296338,1
423887,2020-12-02 14:13:05,4400011257587661852,fraud_Lynch Ltd,shopping_pos,1103.56,Marissa,Powell,F,474 Allen Haven,North Loup,NE,68859,41.4972,-98.7858,509,"Nurse, children's",1980-09-15,b5d0e16106f772221f1be974292b2412,1385993585,41.715517,-98.690607,0,0.6624925,1
424724,2020-12-02 19:44:21,376445266762684,fraud_Bogisich-Homenick,misc_net,684.62,Rachel,Lowe,F,372 Jeffrey Course,Sutherland,NE,69165,41.1558,-101.136,1789,Insurance broker,1982-02-11,94e62e68bceeae69d01dacca36ce6110,1386013461,40.637067,-100.696276,0,0.9518954,1
425118,2020-12-02 22:26:14,3588001568691267,fraud_Kunde-Sanford,misc_net,745.05,Jason,Johnson,M,5942 Thomas Park,Craig,AK,99921,55.4732,-133.1171,1920,Commissioning editor,1997-06-17,4dcbabac2b9319533b45b3adb7e417f1,1386023174,56.134886,-132.392044,1,0.7450429,1
425120,2020-12-02 22:27:09,30266994494236,fraud_Stark-Batz,entertainment,603.08,Sarah,Foster,F,77872 Andrea Glen Apt. 543,Ford,VA,23850,37.1349,-77.7364,1051,Chief Operating Officer,1976-11-21,2215d80a51e4759cd958566e5c7223b0,1386023229,37.961216,-78.291452,1,0.9353603,1
425124,2020-12-02 22:27:36,3588001568691267,fraud_Torphy-Goyette,shopping_pos,1318.89,Jason,Johnson,M,5942 Thomas Park,Craig,AK,99921,55.4732,-133.1171,1920,Commissioning editor,1997-06-17,2682f81f3f9e070b7abc721ca4bd5862,1386023256,54.801713,-133.669108,1,0.9551455,1
425166,2020-12-02 22:42:27,3588001568691267,fraud_Predovic Inc,shopping_net,1061.37,Jason,Johnson,M,5942 Thomas Park,Craig,AK,99921,55.4732,-133.1171,1920,Commissioning editor,1997-06-17,30ade9e3ef3d39534e186f983b2e5116,1386024147,55.24043399999999,-133.48808300000002,1,0.7381608,1
425170,2020-12-02 22:43:00,3588001568691267,"fraud_Altenwerth, Cartwright and Koss",shopping_net,1008.38,Jason,Johnson,M,5942 Thomas Park,Craig,AK,99921,55.4732,-133.1171,1920,Commissioning editor,1997-06-17,3f368b3c5c88cd222a92081e3ce3eaf4,1386024180,56.117578,-133.50481499999998,1,0.8591688,1
425171,2020-12-02 22:43:08,30266994494236,"fraud_Quitzon, Green and Bashirian",shopping_pos,918.2,Sarah,Foster,F,77872 Andrea Glen Apt. 543,Ford,VA,23850,37.1349,-77.7364,1051,Chief Operating Officer,1976-11-21,641cbe2ca6b51270a77be0b80ae5a275,1386024188,36.836519,-77.71658199999999,1,0.8922448,1
425177,2020-12-02 22:44:42,3527536963490470,fraud_Kris-Padberg,shopping_pos,1403.14,Teresa,Stein,F,2838 White Fields Apt. 473,Brunson,SC,29911,32.9413,-81.1807,1725,Social researcher,1974-12-05,b3812de7aad210accec7a6e9b3a2abf7,1386024282,33.845542,-81.841854,0,0.95190656,1
425184,2020-12-02 22:47:15,3588001568691267,fraud_Goyette Inc,shopping_net,990.84,Jason,Johnson,M,5942 Thomas Park,Craig,AK,99921,55.4732,-133.1171,1920,Commissioning editor,1997-06-17,583bfd7df5cd966870be9f4d2101f97b,1386024435,55.480308,-133.312477,1,0.80642456,1
425205,2020-12-02 22:55:57,3588001568691267,fraud_Barrows PLC,shopping_pos,1118.24,Jason,Johnson,M,5942 Thomas Park,Craig,AK,99921,55.4732,-133.1171,1920,Commissioning editor,1997-06-17,368833420db1c558bc00446dee5c1c7f,1386024957,55.518149,-134.01771100000002,1,0.70542055,1
425220,2020-12-02 23:04:23,3588001568691267,fraud_Beier-Hyatt,shopping_pos,1183.93,Jason,Johnson,M,5942 Thomas Park,Craig,AK,99921,55.4732,-133.1171,1920,Commissioning editor,1997-06-17,894951d364edb750070353b06c6434bf,1386025463,54.539825,-132.377864,1,0.905049,1
425230,2020-12-02 23:07:53,180048185037117,fraud_Morissette PLC,shopping_pos,543.88,Mary,Wall,F,2481 Mills Lock,Plainfield,NJ,7060,40.6152,-74.415,71485,Leisure centre manager,1974-07-19,768121a35fe45bc9bb1f21c4b34eb88a,1386025673,41.601344,-74.007775,0,0.55076635,1
425245,2020-12-02 23:16:36,377834944388609,fraud_Kuhic LLC,shopping_net,993.4,Michael,Jackson,M,539 Underwood Divide,Pea Ridge,AR,72751,36.4539,-94.118,6434,Product designer,1967-08-28,ee6e4dcbadd05ebc3b2c582c6f41d75f,1386026196,37.192427,-93.791148,1,0.973239,1
425250,2020-12-02 23:17:16,4810839835482794272,fraud_Block Group,misc_pos,663.96,Carolyn,Perez,F,433 Blake Roads Suite 967,Wheaton,MO,64874,36.7651,-94.0492,760,Production manager,1985-08-31,5454c7ef8224d8578a9da82cbaae2079,1386026236,37.582156,-93.867766,0,0.8928997,1
425258,2020-12-02 23:21:37,4509142395811241,fraud_Effertz LLC,entertainment,283.7,Margaret,Williams,F,165 Jerry Meadows Suite 460,Surrency,GA,31563,31.6489,-82.1982,1324,"Engineer, technical sales",1926-07-12,bd459bf7bc6599f56935639314d91cb1,1386026497,32.012539000000004,-82.07408000000001,0,0.87214166,1
425694,2020-12-03 02:59:57,213126662687660,fraud_Bogisich-Homenick,misc_net,585.03,Christopher,Luna,M,242 Brian Mountain,Laredo,TX,78040,27.5155,-99.4986,248858,Video editor,1971-01-28,3a588cc38c0fca5549e42b8a8ca2e2a0,1386039597,26.535587,-98.855474,0,0.6943356,1
425904,2020-12-03 04:51:37,3567879740649740,fraud_Kerluke PLC,misc_net,915.79,Tanya,Williams,F,566 Megan Well,Brownville,NY,13615,44.0577,-76.0196,1271,"Producer, radio",1958-08-14,da19e3a678c25f0c093a4c12d3e0499e,1386046297,44.102186,-75.2778,0,0.74212354,1
425917,2020-12-03 04:57:24,4440581794652,fraud_Dickinson Ltd,misc_pos,1081.0,Karen,Cooper,F,425 Caleb Point Apt. 050,San Diego,CA,92128,33.0067,-117.069,1241364,"Pharmacist, hospital",1960-03-01,936d79346d71263f69b67a281490da80,1386046644,32.806055,-116.350589,0,0.51377034,1
426393,2020-12-03 09:38:20,3560725013359375,fraud_Miller-Harris,misc_net,701.52,Brooke,Smith,F,63542 Luna Brook Apt. 012,Notrees,TX,79759,31.8599,-102.7413,23,Cytogeneticist,1969-09-15,9444bafced718c87df5181fc1e344a84,1386063500,31.832443,-103.395454,0,0.5629332,1
426535,2020-12-03 10:52:46,372382441451095,fraud_Gleason-Macejkovic,shopping_net,980.52,Brent,Terrell,M,502 Rice Plaza Apt. 979,Port Ewen,NY,12466,41.8948,-73.9767,2471,Heritage manager,1966-01-21,4431bf27c23f696fa985a8d71629a230,1386067966,42.328834,-74.218413,0,0.5134089,1
427150,2020-12-03 15:12:01,3501942333500073,fraud_Metz-Boehm,shopping_pos,2174.57,Lori,Bishop,F,08056 Alvarado Club Suite 699,Phoenix,AZ,85086,33.8155,-112.1202,1312922,Counselling psychologist,1999-11-30,8c4baa23e36bee9bfc88c1f070712a57,1386083521,33.032145,-113.081232,0,0.8409188,1
427235,2020-12-03 15:40:04,4099707841315751,"fraud_Schmeler, Bashirian and Price",shopping_net,1855.84,James,Stephens,M,1166 Castillo Mountains,Ruckersville,VA,22968,38.2586,-78.4074,9815,"Designer, ceramics/pottery",1975-07-07,af71cb9286c812dda396049da820f82f,1386085204,38.282519,-79.20222,0,0.9198634,1
427401,2020-12-03 16:34:43,3523843138706408,"fraud_Heathcote, Yost and Kertzmann",shopping_net,1322.53,Grace,Williams,F,28812 Charles Mill Apt. 628,Plantersville,AL,36758,32.6176,-86.9475,1412,Drilling engineer,1970-11-20,e124bae05d7d89362e08b11ccdb274bb,1386088483,33.454405,-87.234802,0,0.880291,1
428150,2020-12-03 21:08:18,6011893664860915,fraud_Kozey-Boehm,shopping_net,606.52,Erin,Chavez,F,3379 Williams Common,Littleton,CO,80120,39.5994,-105.0044,320420,Water engineer,1975-07-31,e519c12fb9dc0e6ec39a86fe1d447769,1386104898,38.824555,-105.911101,0,0.7387386,1
428339,2020-12-03 22:18:25,4933461930348832,fraud_Pagac LLC,shopping_pos,1474.47,Richard,Carter,M,5097 Martin Ridges,Minneapolis,MN,55403,44.9673,-93.2828,1022298,Chemical engineer,1976-09-29,4fdf0922ff3ab46564ff2d4b0b3bcc0a,1386109105,45.663219,-93.922878,0,0.9825074,1
428634,2020-12-03 23:59:07,38052002992326,fraud_Denesik and Sons,shopping_pos,884.87,Anna,Logan,F,3522 Park Wells Suite 528,Cleveland,TX,77327,30.33,-95.0202,34153,Building surveyor,1995-09-11,fb7de1b1bb02e185c2fe27371456e461,1386115147,30.611105,-94.183718,0,0.5520592,1
428840,2020-12-04 01:35:19,343746486082492,fraud_Bogisich-Homenick,misc_net,506.95,Jeffrey,Munoz,M,836 Stephanie Union,Cedar,MI,49621,44.8605,-85.8138,3096,"Social research officer, government",1975-10-11,2358399d974a065f06b1711e70893ee3,1386120919,44.622558000000005,-85.506303,0,0.7341783,1
429039,2020-12-04 03:13:38,4681601008538160,"fraud_Turner, Ruecker and Parisian",misc_pos,458.25,Tammy,Davis,F,77663 Colleen Freeway,Moundsville,WV,26041,39.9148,-80.73100000000001,16183,Physiotherapist,1977-08-12,76cfc820db0291d7e067f2aa02e7919f,1386126818,40.243967,-79.901972,0,0.52320355,1
429072,2020-12-04 03:28:51,2288748891690227,"fraud_Gottlieb, Considine and Schultz",shopping_net,2965.05,Kathleen,Heath,F,9297 Victor Rest Apt. 382,Albuquerque,NM,87116,35.0561,-106.5506,641349,Charity officer,1967-01-24,0c9bc28d6452a97e3f4d9f83d8d901ad,1386127731,34.454148,-106.089657,0,0.7260729,1
429834,2020-12-04 09:46:40,4006047418382,"fraud_Parisian, Schiller and Altenwerth",misc_net,910.52,Robert,Sanchez,M,7314 Johnson Square Apt. 296,Parkers Lake,KY,42634,36.8347,-84.4436,1565,"Designer, industrial/product",1968-07-24,ed504685ea6c43070333d8f5bbfd594d,1386150400,37.767985,-84.80070699999999,0,0.7858256,1
430069,2020-12-04 11:42:52,4186530744674,"fraud_Reichert, Shanahan and Hayes",shopping_net,2383.68,Casey,Howell,F,374 Christopher Ramp Suite 855,Blackville,SC,29817,33.3645,-81.2718,4913,Technical brewer,1966-11-10,5591891c51f2925aabdad22f4d739904,1386157372,33.196017,-81.446517,0,0.85630596,1
430160,2020-12-04 12:17:54,340951438290556,fraud_Kuhic LLC,shopping_net,1048.36,Maria,Garcia,F,865 Thomas Village,Orangeburg,NY,10962,41.0442,-73.9609,5950,Records manager,1971-07-02,0f285c9044bd2ebf2c111a1f04daa7cc,1386159474,41.343125,-74.329133,0,0.70276487,1
430577,2020-12-04 14:35:58,6538891242532018,fraud_Dooley Inc,shopping_pos,1109.12,Jodi,Rodriguez,F,5796 Lee Coves Apt. 286,Walnut Ridge,AR,72476,36.0244,-90.9288,7155,"Engineer, control and instrumentation",1977-03-23,91950c8def1276a92ae8fe6a58c525f8,1386167758,36.101705,-91.706436,0,0.6648286,1
431074,2020-12-04 17:17:09,6011652924285713,fraud_Hudson-Grady,shopping_pos,1084.92,Kathryn,Smith,F,19838 Tonya Prairie Apt. 947,Rocky Mount,MO,65072,38.2911,-92.7059,1847,Tax inspector,1988-10-26,d28d3e275cf64aeaa75196fefffce266,1386177429,37.453958,-93.599356,0,0.77322185,1
431243,2020-12-04 18:06:52,3521417320836166,fraud_Kihn Inc,shopping_pos,1342.28,Angela,Hodges,F,08236 Kim Hill,Indianapolis,IN,46254,39.849,-86.272,910148,Firefighter,1975-11-30,66397e30d44e4ab69982510971eb7c44,1386180412,39.739765000000006,-86.566541,0,0.9513428,1
431642,2020-12-04 20:22:44,4469777115158234880,fraud_Hermann and Sons,shopping_pos,2822.56,Gregory,Graham,M,4005 Dana Glens,Methuen,MA,1844,42.728,-71.181,47249,Market researcher,1980-11-22,4717c52d9e1c51bbd77d2ba78e89628c,1386188564,43.624677,-70.304261,0,0.9545691,1
431889,2020-12-04 21:50:46,213156747557083,fraud_Pouros-Conroy,shopping_pos,959.59,Adam,Santos,M,725 Jo Trace Apt. 102,Glendale,CA,91206,34.1556,-118.2322,172817,Advertising account planner,1982-07-30,0e5ab0e310ae755066362d08848a7306,1386193846,33.92808,-118.771782,1,0.7452744,1
431991,2020-12-04 22:15:54,3513618443244549,fraud_Goldner-Lemke,entertainment,376.13,Amber,Perez,F,954 Reyes Ways,Fulton,SD,57340,43.7588,-97.8712,355,Financial adviser,1955-06-26,f8614e6d997a9b1fce846f2413704872,1386195354,44.58744,-96.999124,0,0.90120065,1
432104,2020-12-04 22:50:34,4658117080136,"fraud_Schuppe, Nolan and Hoeger",shopping_pos,1449.33,Dwayne,Martinez,M,490 Baldwin Alley Apt. 468,Crownpoint,NM,87313,35.7206,-108.0271,5662,IT consultant,1989-04-08,29c1d620d958a0475ac2d1bc8e92a7d1,1386197434,35.645544,-108.966701,0,0.93585277,1
432136,2020-12-04 22:58:28,4302480582202074,fraud_Kris-Kertzmann,travel,1207.09,David,Rodriguez,M,821 Solis Points,Muskegon,MI,49440,43.2326,-86.2492,128715,Historic buildings inspector/conservation officer,1995-05-25,f2aea50631fc65890b8c1b0cb2457a04,1386197908,44.178056,-86.645409,0,0.7236733,1
432176,2020-12-04 23:09:22,213156747557083,fraud_Kilback and Sons,entertainment,570.37,Adam,Santos,M,725 Jo Trace Apt. 102,Glendale,CA,91206,34.1556,-118.2322,172817,Advertising account planner,1982-07-30,9fc833423b3ce359515abd1dbe9a5db5,1386198562,34.489953,-119.031236,1,0.76652914,1
432283,2020-12-04 23:47:28,213156747557083,fraud_Auer-West,shopping_net,1068.48,Adam,Santos,M,725 Jo Trace Apt. 102,Glendale,CA,91206,34.1556,-118.2322,172817,Advertising account planner,1982-07-30,33d95705335ebab992d3fe9764a8c722,1386200848,33.951918,-118.759126,1,0.931861,1
432401,2020-12-05 00:31:01,4334230547694630,"fraud_Heathcote, Yost and Kertzmann",shopping_net,1384.79,Scott,Martin,M,7483 Navarro Flats,Freedom,WY,83120,43.0172,-111.0292,471,"Education officer, museum",1967-08-02,9d7b0456af9521f3a7a277972ea3fb49,1386203461,43.064542,-111.579565,0,0.5373178,1
432427,2020-12-05 00:46:15,30029052116970,"fraud_Stehr, Jewess and Schimmel",misc_net,554.75,Curtis,Young,M,4319 Watson Shoals Suite 658,Falconer,NY,14733,42.1239,-79.1895,3833,Metallurgist,1970-10-09,5a73c500437a74a703adee868e647fc6,1386204375,41.582272,-80.127038,0,0.8104248,1
432746,2020-12-05 03:23:40,4292743669224718067,fraud_Flatley-Durgan,misc_net,656.56,Michael,Williams,M,35822 Clayton Street Apt. 679,Great Mills,MD,20634,38.2674,-76.4954,5927,Art therapist,1973-06-09,a94cd6fece49c2b1de1310337eb3b6f6,1386213820,38.703043,-76.325305,1,0.65978354,1
433403,2020-12-05 08:54:59,374497717543058,fraud_Brown PLC,misc_net,573.7,Linda,Hurst,F,31701 Tucker Square Suite 893,Wilton,ND,58579,47.1709,-100.7944,1190,"Designer, ceramics/pottery",1948-06-30,9b8e12323f84d9eb4de5491d9429715d,1386233699,47.209319,-100.235253,0,0.70343995,1
433681,2020-12-05 11:06:21,4306630852918,"fraud_Nicolas, Hills and McGlynn",entertainment,433.35,Maureen,Garza,F,169 Edward Inlet,Saint Louis,MO,63131,38.6171,-90.4504,927396,Occupational hygienist,1960-03-12,28d37ea129a39e8c6d83e8341a7250d2,1386241581,39.311201,-89.848337,0,0.5188576,1
433973,2020-12-05 12:55:50,30029052116970,fraud_Treutel-King,travel,1799.68,Curtis,Young,M,4319 Watson Shoals Suite 658,Falconer,NY,14733,42.1239,-79.1895,3833,Metallurgist,1970-10-09,6c30297f0e9ede38fe11c796784f1967,1386248150,42.807702,-80.164638,0,0.77604824,1
434785,2020-12-05 17:08:47,630424987505,"fraud_Douglas, Schneider and Turner",shopping_pos,3479.09,Jennifer,Black,F,2870 Bean Terrace Apt. 756,Thomas,WV,26292,39.1505,-79.503,836,Forensic psychologist,1981-08-29,b27f3f5928197f57c8b6fabe96b044c4,1386263327,39.907477,-79.772467,0,0.91537875,1
434792,2020-12-05 17:11:12,213126662687660,"fraud_Cremin, Hamill and Reichel",misc_pos,1155.54,Christopher,Luna,M,242 Brian Mountain,Laredo,TX,78040,27.5155,-99.4986,248858,Video editor,1971-01-28,dc55523fafd884f5b6baded11d9538ff,1386263472,26.996583,-99.03163,0,0.9084612,1
434963,2020-12-05 18:06:57,3589255887819806,fraud_Lynch Ltd,shopping_pos,1978.7,David,Miller,M,622 Bradley Knoll Apt. 758,Hancock,MD,21750,39.6991,-78.1762,3766,Press photographer,1984-02-14,d1e171e33a0e3e39a1cc163cf711c5e7,1386266817,39.909829,-77.607004,0,0.91723424,1
435281,2020-12-05 19:46:46,3566094707272327,"fraud_Romaguera, Cruickshank and Greenholt",shopping_net,875.05,Kristina,Stewart,F,47029 Jimmy Tunnel Apt. 106,Newhall,CA,91321,34.3795,-118.523,34882,Health physicist,1971-04-25,f84192d0774e2f8f0927d48e9dfcb34d,1386272806,34.691621999999995,-119.465648,0,0.73991394,1
435333,2020-12-05 20:04:42,213156747557083,fraud_Terry-Huel,shopping_net,967.36,Adam,Santos,M,725 Jo Trace Apt. 102,Glendale,CA,91206,34.1556,-118.2322,172817,Advertising account planner,1982-07-30,9ff388548a93df1e7b7c963dddf8929b,1386273882,34.965841,-118.066656,1,0.8532285,1
435742,2020-12-05 22:04:48,4957924165498,fraud_Dare-Marvin,entertainment,292.61,Alan,Parsons,M,0547 Russell Ford Suite 574,Kirk,CO,80824,39.6171,-102.4776,207,Network engineer,1955-12-04,c9ca2b3f13323e2d80c9444869b9a1e6,1386281088,40.214612,-102.927764,0,0.70746964,1
435846,2020-12-05 22:35:07,4633065159406313,"fraud_Wintheiser, Dietrich and Schimmel",misc_pos,1061.81,Jasmine,Wade,F,90662 Lewis Avenue,Providence,RI,2908,41.8383,-71.4377,203571,"Nurse, children's",1995-11-29,f8752cb04a8ed2a6f28ead5d84f4e1c7,1386282907,41.303685,-70.661973,0,0.9493194,1
435857,2020-12-05 22:37:20,3545109339866548,"fraud_Haley, Jewess and Bechtelar",shopping_pos,1355.3,Keith,Sanders,M,8030 Beck Motorway,Moorhead,MS,38761,33.4783,-90.5142,2870,Chartered public finance accountant,1999-03-05,d685659af340d2473f3969ddfc5745e1,1386283040,33.757562,-90.208993,0,0.89197594,1
435862,2020-12-05 22:39:29,4292743669224718067,"fraud_Reichert, Shanahan and Hayes",shopping_net,1086.32,Michael,Williams,M,35822 Clayton Street Apt. 679,Great Mills,MD,20634,38.2674,-76.4954,5927,Art therapist,1973-06-09,7dd2cce435d48a28cb0172a950440084,1386283169,39.031834,-76.322416,1,0.9643868,1
436024,2020-12-05 23:32:10,3583793405872580,"fraud_Wintheiser, Dietrich and Schimmel",misc_pos,538.07,Beth,Lambert,F,6447 Johnson Estates Apt. 986,Roosevelt,OK,73564,34.847,-98.9836,551,Amenity horticulturist,1970-09-27,4956ab2a04d59c24c5e82576c4b3de0d,1386286330,35.425024,-98.178283,0,0.8782955,1
436071,2020-12-05 23:47:44,630423337322,fraud_Kassulke Inc,entertainment,419.52,Stephanie,Gill,F,43039 Riley Greens Suite 393,Orient,WA,99160,48.8878,-118.2105,149,Special educational needs teacher,1978-06-21,72f28fdacf2cdb29924861618f4d0479,1386287264,48.342876,-118.35081,1,0.6126204,1
436087,2020-12-05 23:53:39,3564182536169293,"fraud_Kerluke, Kertzmann and Wiza",misc_net,690.67,Brenda,Johnson,F,56160 Nicholas Isle,Norwich,OH,43767,39.9934,-81.8024,1443,Research scientist (medical),1962-03-04,eadb5b7ce5236ae8aa7c074ec92e06e0,1386287619,40.949867,-80.938135,1,0.98894775,1
436106,2020-12-05 23:59:24,213156747557083,"fraud_Baumbach, Hodkiewicz and Walsh",shopping_pos,799.3,Adam,Santos,M,725 Jo Trace Apt. 102,Glendale,CA,91206,34.1556,-118.2322,172817,Advertising account planner,1982-07-30,cb45dfc8275faf5c694d034711766d1d,1386287964,34.036573,-117.60762,1,0.6982543,1
436180,2020-12-06 00:24:34,30044330818990,fraud_Huel Ltd,misc_net,748.96,Allison,Ayala,F,87665 Karen Mill Apt. 586,Fort Myers,FL,33967,26.4722,-81.8122,224256,Paramedic,1985-08-29,22c6be8c3726100dd0d071cb743c13b1,1386289474,26.347106,-82.471055,0,0.8073488,1
436193,2020-12-06 00:26:46,4826655832045236,fraud_Zemlak Group,misc_net,444.76,Tami,Forbes,F,5204 Robinson Plaza Suite 897,Barnstable,MA,2630,41.6983,-70.3001,1850,Counselling psychologist,1963-12-29,dc78cd5c4e57c2ba25ba07cad47a08ab,1386289606,41.03305,-69.78185,0,0.68854564,1
436261,2020-12-06 00:45:46,372509258176510,"fraud_Ferry, Lynch and Kautzer",misc_net,404.68,Kristen,Hanson,F,26544 Andrea Glen,Goodrich,MI,48438,42.9147,-83.4845,6951,Learning disability nurse,1985-06-18,5233f09f477f653287f4e579824c08b6,1386290746,43.382345,-83.168878,0,0.6718725,1
436264,2020-12-06 00:46:08,4292743669224718067,fraud_Huel-Langworth,misc_net,846.5,Michael,Williams,M,35822 Clayton Street Apt. 679,Great Mills,MD,20634,38.2674,-76.4954,5927,Art therapist,1973-06-09,1d419058b4efc747cf77bc51ef0c0fd1,1386290768,39.042840000000005,-75.641607,1,0.7757984,1
436654,2020-12-06 02:48:12,180031190491743,fraud_Dickinson Ltd,misc_pos,553.1,Becky,Mckinney,F,250 Benjamin Hill Apt. 026,Mobile,AL,36617,30.7145,-88.0918,270712,"Surveyor, land/geomatics",1972-01-05,0f13b0fbb3379a8a1cc756a13062f2d2,1386298092,31.208984,-87.09183399999999,0,0.7490149,1
436731,2020-12-06 03:11:45,4560004149983868183,fraud_Thiel PLC,misc_pos,439.17,Stacy,Villegas,F,20581 Pena Walks,Colorado Springs,CO,80951,38.8881,-104.6556,525713,Museum/gallery exhibitions officer,1992-05-09,a3f8519708dc74ad03a70a8d49787a8b,1386299505,39.083253000000006,-105.028448,0,0.696589,1
437247,2020-12-06 06:28:51,4220345354880,fraud_Kris-Weimann,misc_net,554.76,Patrick,Torres,M,27386 Snyder Station,Oxford,MI,48371,42.8223,-83.2829,24840,Agricultural consultant,1960-01-20,6f726dcab16c45ee20f8c48ab9f5bb04,1386311331,41.919244,-83.243685,0,0.55029845,1
437346,2020-12-06 06:59:03,2358122155477959,fraud_Mohr-Bayer,shopping_net,1594.88,Mike,Tran,M,17355 Mendoza Bypass Suite 059,Linthicum Heights,MD,21090,39.2092,-76.6681,9784,"Conservator, furniture",1924-10-30,6a04ecfac0fcb75e4d22fdc9ae18853d,1386313143,39.190484000000005,-77.424752,0,0.8421279,1
437779,2020-12-06 09:31:08,372509258176510,fraud_Flatley-Durgan,misc_net,603.22,Kristen,Hanson,F,26544 Andrea Glen,Goodrich,MI,48438,42.9147,-83.4845,6951,Learning disability nurse,1985-06-18,9739f01c387864e73c43f730af5ff209,1386322268,42.955568,-84.360192,0,0.51956683,1
438141,2020-12-06 11:31:05,4488258847705225890,fraud_Reynolds-Schinner,misc_pos,545.14,Jessica,Shaw,F,5745 Blair Locks,West Columbia,SC,29170,33.9568,-81.1405,52126,Chemical engineer,1929-08-23,4fa976e8237f6cb293569654d2e94919,1386329465,33.84443,-81.105352,0,0.65352523,1
438216,2020-12-06 11:59:52,36078114201167,"fraud_Rippin, Kub and Mann",misc_net,511.99,Christopher,Horn,M,956 Sanchez Highway,Mallie,KY,41836,37.2692,-82.9161,798,Facilities manager,1926-06-26,c8ac90ab4d0287315af8b4db78e7a65b,1386331192,36.932264,-83.27948,0,0.97247297,1
438309,2020-12-06 12:16:52,3554849923339851,fraud_Kovacek Ltd,travel,5421.72,John,Hudson,M,886 Nicole Key,Stillwater,OK,74074,36.1043,-97.0609,55345,Cabin crew,1948-05-01,be1fe1dfd67305ea7a85f40751c56dbc,1386332212,35.221204,-96.101929,0,0.8885356,1
438495,2020-12-06 12:57:02,4430881574719618,fraud_Reichert-Weissnat,travel,1642.95,Alicia,Morales,F,4456 Dunn Roads,Meredith,CO,81642,39.3199,-106.6596,61,Public relations account executive,1939-11-04,6cbb2a1f5637ff66c4315da6070d50c6,1386334622,39.322967,-105.90385,0,0.7917857,1
438555,2020-12-06 13:09:27,30235438713303,fraud_Thiel PLC,misc_pos,1320.39,James,Baldwin,M,3603 Mitchell Court,Winfield,WV,25213,38.5072,-81.89,5512,Exhibition designer,1980-03-24,5a4f3665db384efd71f6a7a71c4a9475,1386335367,38.729714,-81.055554,0,0.83252513,1
438564,2020-12-06 13:11:32,4302480582202074,fraud_Kassulke PLC,shopping_net,1566.58,David,Rodriguez,M,821 Solis Points,Muskegon,MI,49440,43.2326,-86.2492,128715,Historic buildings inspector/conservation officer,1995-05-25,8512b990d8a8395a8487871da9d7cad8,1386335492,44.214126,-85.39038599999999,0,0.827101,1
438804,2020-12-06 13:56:06,4926376199189801,"fraud_Douglas, Schneider and Turner",shopping_pos,2723.07,Claire,Davis,F,83685 Matthew Center Suite 870,Cherokee Village,AR,72529,36.3011,-91.5281,4726,Pharmacologist,1977-06-07,5b266f0340410a1e4e81d942d01cf8c4,1386338166,35.851993,-92.108212,0,0.87377274,1
438819,2020-12-06 13:59:22,3564182536169293,"fraud_Langworth, Boehm and Gulgowski",shopping_net,1099.03,Brenda,Johnson,F,56160 Nicholas Isle,Norwich,OH,43767,39.9934,-81.8024,1443,Research scientist (medical),1962-03-04,009ae31d7187e430c030336f337923d7,1386338362,39.684015,-81.623829,1,0.8744378,1
438938,2020-12-06 14:23:30,4226219726886852999,"fraud_Daugherty, Pouros and Beahan",shopping_pos,2792.42,Jessica,Bell,F,669 Moore Shoal,Bethel,OH,45106,38.9424,-84.09200000000001,12349,Field trials officer,1985-07-08,f1ef8fa80f6d80b4b55a3fb608f99d11,1386339810,38.151359,-84.51434499999999,0,0.89163613,1
439053,2020-12-06 14:52:17,377895991033232,"fraud_Reichel, Bradtke and Blanda",travel,1705.75,Kimberly,Myers,F,6881 King Isle Suite 228,Higganum,CT,6441,41.4682,-72.5751,5438,"Librarian, academic",1964-11-17,1b1c0c072b6b9f1a8f5144c520fb7ebc,1386341537,40.690837,-72.76535600000001,0,0.7894544,1
439214,2020-12-06 15:30:00,4509922033272157,fraud_Lesch Ltd,shopping_pos,1008.98,Monica,West,F,22084 Smith Roads Suite 776,Hurley,SD,57036,43.2893,-97.1904,811,Neurosurgeon,1972-03-28,748bdef436bbbcf411b6a4606b60ca17,1386343800,42.626677,-98.014745,0,0.8124843,1
439245,2020-12-06 15:39:44,4550599031376731,"fraud_Reichel, Bradtke and Blanda",travel,3242.98,Angela,West,F,9471 Wong Islands,Mansfield,OH,44902,40.7559,-82.5123,92985,Press photographer,1968-05-29,9fce6e7374767d518a01f0860a79c365,1386344384,41.650645,-82.556608,0,0.8901287,1
439853,2020-12-06 17:55:48,30364087349027,fraud_Pacocha-Bauch,shopping_pos,1166.11,Samuel,Sandoval,M,0005 Morrison Land,Mounds,OK,74047,35.8896,-96.0887,7163,Fitness centre manager,1982-02-05,b905fc1e8315abb49f6fed83e578eb47,1386352548,35.50885,-95.871018,0,0.82862645,1
439914,2020-12-06 18:08:16,6011492816282597,"fraud_Bahringer, Schoen and Corkery",shopping_pos,940.3,Gary,Barnes,M,2970 Flores Brooks,Smackover,AR,71762,33.3398,-92.7442,2501,Financial adviser,1986-06-11,e5996802fa30e6c620ede714b4db23c5,1386353296,34.328351,-92.994792,0,0.6162369,1
439963,2020-12-06 18:20:37,372509258176510,"fraud_Baumbach, Hodkiewicz and Walsh",shopping_pos,1090.45,Kristen,Hanson,F,26544 Andrea Glen,Goodrich,MI,48438,42.9147,-83.4845,6951,Learning disability nurse,1985-06-18,69066e52b0463ac182b07c0af5767358,1386354037,43.71753,-84.24813,0,0.83303076,1
440077,2020-12-06 18:44:46,342351256941125,"fraud_Schmeler, Bashirian and Price",shopping_net,948.4,Rebecca,Obrien,F,5619 Mendoza Inlet,Juliette,GA,31046,33.1194,-83.8235,3343,Theatre manager,1990-06-08,8b510029273efc6f0c3cace066e6bda6,1386355486,33.099989,-84.178421,0,0.60760057,1
440329,2020-12-06 19:47:25,4653879239169997,fraud_Botsford Ltd,shopping_pos,1880.38,Monica,Tucker,F,302 Christina Islands,Smiths Grove,KY,42171,37.0581,-86.1938,6841,"Therapist, sports",1999-06-06,5a1e78e85b6690caac21315348196ed7,1386359245,37.846337,-85.599192,0,0.91473895,1
440436,2020-12-06 20:09:20,4585132874641,fraud_Kerluke PLC,misc_net,1344.94,Karen,Gordon,F,543 Ware Path Apt. 593,Utica,MO,64686,39.7417,-93.6289,271,Land/geomatics surveyor,1972-04-18,5585e3f27a70137e7cebdf6da183fff6,1386360560,39.141503,-93.144891,0,0.9797238,1
440538,2020-12-06 20:31:34,676372984911,fraud_Terry-Huel,shopping_net,3858.51,Vicki,Mendoza,F,3645 Atkins Island Apt. 238,Esbon,KS,66941,39.7562,-98.4462,242,Tourism officer,1987-07-18,93d608fdd5bffdf55346525c2fa34ee3,1386361894,39.168777,-97.739997,0,0.9058075,1
440646,2020-12-06 20:53:45,3589255887819806,fraud_Denesik and Sons,shopping_pos,1053.2,David,Miller,M,622 Bradley Knoll Apt. 758,Hancock,MD,21750,39.6991,-78.1762,3766,Press photographer,1984-02-14,92f3d4cb3f2bbe57f4447873efb2a5eb,1386363225,39.499646000000006,-78.507379,0,0.833048,1
440709,2020-12-06 21:09:51,4587577161160601,"fraud_Swaniawski, Lowe and Robel",shopping_pos,728.18,Tina,Lawrence,F,12444 Jacob Pines,Nobleboro,ME,4555,44.0943,-69.4828,1643,Financial trader,1976-04-12,00d79181281bb36c0d21bc1af21eba40,1386364191,43.365148,-70.183922,0,0.522626,1
440768,2020-12-06 21:23:04,4412720572684931,fraud_Auer-Mosciski,grocery_pos,338.94,Richard,Marshall,M,295 Page Creek Suite 181,Greenbush,VA,23357,37.7681,-75.6664,776,Psychiatrist,1949-11-17,5f4646c7932e6490b780f1f016262fa3,1386364984,38.54937,-76.45039399999999,1,0.78095895,1
440882,2020-12-06 21:47:40,38530489946071,fraud_Lynch-Mohr,travel,1574.85,Laura,Johns,F,95835 Garcia Rue,Arcadia,SC,29320,34.9572,-81.9916,530,Animal technologist,1989-05-14,7a627817dcc0e94adb58769dd8fade47,1386366460,34.642697,-82.217182,0,0.79812795,1
440902,2020-12-06 21:51:29,676102124465,fraud_Gleason-Macejkovic,shopping_net,932.94,Natasha,Mclaughlin,F,8699 Lindsay Ford Apt. 486,Napa,CA,94558,38.4549,-122.2564,94014,Airline pilot,1985-08-21,7cf57aee8606eacbc88f41e5e888b529,1386366689,37.851693,-122.88086,0,0.8623716,1
441000,2020-12-06 22:13:54,4412720572684931,fraud_Lynch Ltd,shopping_pos,686.99,Richard,Marshall,M,295 Page Creek Suite 181,Greenbush,VA,23357,37.7681,-75.6664,776,Psychiatrist,1949-11-17,d55ae3193c56ed00263c548f2a99ce3b,1386368034,37.200888,-76.142348,1,0.9186576,1
441001,2020-12-06 22:14:02,3564182536169293,fraud_Friesen Inc,shopping_pos,893.8,Brenda,Johnson,F,56160 Nicholas Isle,Norwich,OH,43767,39.9934,-81.8024,1443,Research scientist (medical),1962-03-04,4f7f267d0c361ecccb2767ba33385a38,1386368042,39.620091,-81.914436,1,0.94487983,1
441008,2020-12-06 22:15:47,3564182536169293,fraud_Hickle Group,shopping_pos,886.33,Brenda,Johnson,F,56160 Nicholas Isle,Norwich,OH,43767,39.9934,-81.8024,1443,Research scientist (medical),1962-03-04,612f4511121a38c39e15b60ddbb196b2,1386368147,40.028547,-81.831648,1,0.94541734,1
441144,2020-12-06 22:44:44,6538441737335434,fraud_Tromp Group,travel,1189.85,Gina,Grimes,F,444 Robert Mews,Clarks Mills,PA,16114,41.3851,-80.1752,606,Energy manager,1997-09-22,446fea577183dac6ba3e4e4323bd2127,1386369884,40.946902,-79.70608100000001,0,0.6424176,1
441151,2020-12-06 22:45:44,4292743669224718067,"fraud_Stanton, Jakubowski and Baumbach",shopping_net,812.13,Michael,Williams,M,35822 Clayton Street Apt. 679,Great Mills,MD,20634,38.2674,-76.4954,5927,Art therapist,1973-06-09,214637c3924cacdc8f4bab26fecfefcb,1386369944,38.256588,-75.75484499999999,1,0.9068646,1
441206,2020-12-06 22:58:46,6011893664860915,fraud_Boyer PLC,shopping_net,1187.41,Erin,Chavez,F,3379 Williams Common,Littleton,CO,80120,39.5994,-105.0044,320420,Water engineer,1975-07-31,6e27965b7807abf2fd61888fda34eb98,1386370726,39.273519,-104.329745,0,0.97169423,1
441274,2020-12-06 23:10:57,503874407318,fraud_Stoltenberg-Beatty,shopping_pos,654.58,Andrew,Mcgee,M,4130 Tiffany Glen Apt. 562,San Antonio,TX,78248,29.5894,-98.5201,1595797,Exhibition designer,1975-12-28,deccd9a22606b5a3c47e86dc5d444429,1386371457,30.02881,-97.661631,0,0.7269862,1
441283,2020-12-06 23:12:24,4292743669224718067,fraud_Predovic Inc,shopping_net,986.43,Michael,Williams,M,35822 Clayton Street Apt. 679,Great Mills,MD,20634,38.2674,-76.4954,5927,Art therapist,1973-06-09,a9605942c1c72383eae209d343b2ca5b,1386371544,38.355806,-75.585197,1,0.9625146,1
441292,2020-12-06 23:14:00,4292743669224718067,"fraud_Schuppe, Nolan and Hoeger",shopping_pos,858.73,Michael,Williams,M,35822 Clayton Street Apt. 679,Great Mills,MD,20634,38.2674,-76.4954,5927,Art therapist,1973-06-09,eedef2cebc9e8d25f6f4bfeac0138728,1386371640,39.13715,-76.29579,1,0.94808376,1
441312,2020-12-06 23:17:47,6544734391390261,fraud_Jewess LLC,shopping_pos,1664.25,John,Myers,M,701 Wilson Divide,Highland,IN,46322,41.55,-87.4569,23727,Community arts worker,1982-02-08,9c2eed20c8b9301ad8b0ad66da684e2e,1386371867,41.663591,-86.559179,0,0.9711925,1
441421,2020-12-06 23:41:16,4412720572684931,"fraud_Willms, Kris and Bergnaum",shopping_pos,854.04,Richard,Marshall,M,295 Page Creek Suite 181,Greenbush,VA,23357,37.7681,-75.6664,776,Psychiatrist,1949-11-17,97fa08a9fd567c59b1d81bd69efbefac,1386373276,38.072832,-76.121749,1,0.9656345,1
441426,2020-12-06 23:42:00,4412720572684931,fraud_Mante Group,misc_net,905.63,Richard,Marshall,M,295 Page Creek Suite 181,Greenbush,VA,23357,37.7681,-75.6664,776,Psychiatrist,1949-11-17,b5fef5c69602146267644daf969f292c,1386373320,38.213847,-76.416574,1,0.99285936,1
441467,2020-12-06 23:53:03,3564182536169293,fraud_Boyer PLC,shopping_net,1073.81,Brenda,Johnson,F,56160 Nicholas Isle,Norwich,OH,43767,39.9934,-81.8024,1443,Research scientist (medical),1962-03-04,e3b6952aeef3a979761ba5d949d07757,1386373983,40.564654,-81.708551,1,0.98223674,1
442214,2020-12-07 03:17:26,30518196150127,fraud_Huel Ltd,misc_net,835.3,Karen,Sullivan,F,6313 Scott Trace,Rossville,IL,60963,40.3625,-87.6692,1807,"Buyer, retail",1975-06-02,c5507e9c87a70eccfd50435075e61d3b,1386386246,40.000226,-86.780113,1,0.70840275,1
442365,2020-12-07 04:03:06,6011724471098086,fraud_Dooley-Thompson,misc_net,505.88,Ann,Lawson,F,144 Evans Islands Apt. 683,Burbank,WA,99323,46.1966,-118.9017,3684,Musician,1981-11-29,4291d71b29fb4c833d5cdaef174c2d23,1386388986,46.411381,-119.46422,0,0.5069602,1
442454,2020-12-07 04:30:15,6011860238257910,fraud_Jewess LLC,shopping_pos,1797.26,Lisa,Mendez,F,44259 Beth Station Suite 215,Lahoma,OK,73754,36.385,-98.0727,1078,"Programme researcher, broadcasting/film/video",1952-07-06,e5a706e034a43c5cbb7f8923801c1bae,1386390615,37.212514,-98.036172,0,0.5859481,1
443180,2020-12-07 07:57:20,30131826429364,"fraud_Tillman, Fritsch and Schmitt",misc_net,509.15,Brianna,Foley,F,57256 Raymond Ports,Knoxville,TN,37932,35.9335,-84.1481,391389,"Designer, industrial/product",1994-04-22,2f2a814ee0830cac74f867e41aa64998,1386403040,36.118895,-85.095559,0,0.7131357,1
443236,2020-12-07 08:14:18,4788103653396,fraud_Macejkovic-Lesch,shopping_pos,1986.79,Kristin,Williams,F,36366 Smith Road,Miamisburg,OH,45342,39.6321,-84.2675,36784,"Investment banker, corporate",1941-07-31,ac8207e96c403da0b97742a188f42faa,1386404058,38.891269,-83.897827,0,0.79857266,1
444325,2020-12-07 12:49:04,4716561796955522,fraud_Jast-McDermott,shopping_pos,1266.92,Lauren,Anderson,F,11014 Chad Lake Apt. 573,Heart Butte,MT,59448,48.2777,-112.8456,743,Water engineer,1972-05-04,ce8c1ec5fc0ef626e15cd8166669a436,1386420544,48.724831,-111.857937,0,0.66031754,1
444811,2020-12-07 14:18:30,38588538868506,"fraud_Champlin, Rolfson and Connelly",travel,1883.6,Jacqueline,Curry,F,3047 Jeff Place,Marathon,TX,79842,30.1886,-103.2214,498,Lexicographer,1990-11-23,2b60da67b698c36e4d2aaa6a5916e320,1386425910,29.231401,-103.900698,0,0.6188775,1
445370,2020-12-07 15:56:14,371226440126102,"fraud_Quitzon, Green and Bashirian",shopping_pos,1128.62,Stacy,Lambert,F,85430 Julie Trafficway Suite 792,Mulberry Grove,IL,62262,38.9311,-89.2463,1810,Race relations officer,1974-12-24,ecd9ccd71b6f7ba890588cac687e02fc,1386431774,39.899226,-90.126623,0,0.6076092,1
445773,2020-12-07 17:12:23,4518350514020532,fraud_Schumm PLC,shopping_net,2755.22,Christopher,Gregory,M,9579 Porter Tunnel,Wauchula,FL,33873,27.5517,-81.8074,14742,Teaching laboratory technician,1993-02-26,458ad558d14b8a1d56578c84d3bcab0a,1386436343,27.221693,-82.577298,0,0.87871015,1
445925,2020-12-07 17:39:35,3512365128314616,fraud_Ebert-Daugherty,travel,1821.23,Francisco,Kemp,M,9554 Flores Drive,Arnold,MO,63010,38.4305,-90.387,35439,Land/geomatics surveyor,1985-03-31,b383ab7d49d67481dc998aa18410d38e,1386437975,39.426197,-89.669031,0,0.81113607,1
446152,2020-12-07 18:21:01,375974680629816,fraud_Boyer PLC,shopping_net,4120.28,Roberta,Mccarthy,F,94431 Matthew Mall Suite 296,Plymouth,CT,6782,41.6611,-73.0449,2376,Herpetologist,1973-04-06,14c1b6772fe72e0a26b41f9f79cbe77f,1386440461,41.43358,-73.982789,0,0.90869164,1
446196,2020-12-07 18:28:10,4561892980175,"fraud_Larson, Quitzon and Spencer",travel,3424.8,Jacqueline,Allen,F,166 Lisa Fords,Greenwood,IN,46143,39.596,-86.1309,78968,Financial adviser,1968-02-10,59ea8b00b71e7fa8f55c7879da494b9c,1386440890,39.572526,-85.588595,0,0.918181,1
446437,2020-12-07 19:12:11,4908846471916297,fraud_Jast-McDermott,shopping_pos,1341.32,Lauren,Torres,F,03030 White Lakes,Grandview,TX,76050,32.2779,-97.2351,5875,"Radiographer, therapeutic",1992-07-24,8ab4dcea52f23aa39b9823d6f0847a9d,1386443531,33.091845,-96.935962,0,0.78433853,1
446787,2020-12-07 20:15:26,4653879239169997,fraud_Herzog Ltd,misc_pos,1116.55,Monica,Tucker,F,302 Christina Islands,Smiths Grove,KY,42171,37.0581,-86.1938,6841,"Therapist, sports",1999-06-06,68080f6bf209aa24980389270d32dcdc,1386447326,36.115521,-85.68203299999999,0,0.8757223,1
446791,2020-12-07 20:16:07,4179719215697782,fraud_Simonis-Prohaska,misc_pos,991.7,Belinda,Jimenez,F,6807 Jacob Skyway Apt. 331,Rockwell,IA,50469,43.0032,-93.2167,1574,"Scientist, audiological",1982-12-27,bf5d3b20011ac7d6a67344a5cb02185f,1386447367,43.891992,-93.719894,0,0.9525247,1
446822,2020-12-07 20:22:37,2254917871818484,fraud_Dickinson Ltd,misc_pos,899.0,Margaret,Gibson,F,382 Williams Stream Suite 197,Scotland,MD,20687,38.0828,-76.3477,313,Insurance underwriter,1976-03-26,72d74c3de3e0feef0ba18f8cee2b397f,1386447757,37.72372,-77.04010699999999,0,0.9436618,1
446991,2020-12-07 20:53:04,3582754887089201,fraud_Hyatt-Blick,travel,4925.21,Terrance,Mckinney,M,42965 Christopher Fords Suite 659,Norman,AR,71960,34.4596,-93.6743,1383,Magazine features editor,1966-08-08,85983208731c1af82b542d5523444ad0,1386449584,34.432272,-94.335167,0,0.9089337,1
447406,2020-12-07 22:11:54,4890424426862856940,"fraud_Stanton, Jakubowski and Baumbach",shopping_net,829.45,Jeremy,Whitney,M,0371 Aimee Neck Suite 856,Sacramento,CA,95827,38.5662,-121.3286,757530,Magazine features editor,1979-04-30,e4e6a49b4f8cac2910073acb3f988525,1386454314,38.484867,-120.582823,0,0.82763034,1
447437,2020-12-07 22:19:45,3518758680062249,fraud_Veum-Koelpin,travel,2637.52,Antonio,Koch,M,8738 Richard Brooks,Moab,UT,84532,38.5677,-109.5271,9772,Location manager,1989-11-24,426d4c3414f59dcbb08791893c74e990,1386454785,38.29267,-109.121238,0,0.9191613,1
447469,2020-12-07 22:25:37,4412720572684931,"fraud_Douglas, Schneider and Turner",shopping_pos,718.27,Richard,Marshall,M,295 Page Creek Suite 181,Greenbush,VA,23357,37.7681,-75.6664,776,Psychiatrist,1949-11-17,59b9916ef1176267dadcdf2d53dd3064,1386455137,37.747006,-75.346749,1,0.9184832,1
447559,2020-12-07 22:40:40,4412720572684931,"fraud_Rowe, Batz and Goodwin",grocery_pos,327.7,Richard,Marshall,M,295 Page Creek Suite 181,Greenbush,VA,23357,37.7681,-75.6664,776,Psychiatrist,1949-11-17,3001aebd7a3fe1ce45699838cc5f822e,1386456040,37.102138,-75.77995,1,0.89900964,1
447696,2020-12-07 23:02:21,30518196150127,fraud_Nienow PLC,entertainment,419.94,Karen,Sullivan,F,6313 Scott Trace,Rossville,IL,60963,40.3625,-87.6692,1807,"Buyer, retail",1975-06-02,ae8a47e0c03262ce4b076bb0cbf9810d,1386457341,39.924457,-88.538191,1,0.8519218,1
447759,2020-12-07 23:14:25,4412720572684931,"fraud_Parisian, Schiller and Altenwerth",misc_net,694.47,Richard,Marshall,M,295 Page Creek Suite 181,Greenbush,VA,23357,37.7681,-75.6664,776,Psychiatrist,1949-11-17,ab8435ba2350a5c0efc66449cdacabfd,1386458065,37.963851,-74.750682,1,0.9929194,1
447769,2020-12-07 23:16:07,4412720572684931,fraud_Lemke-Gutmann,shopping_net,925.31,Richard,Marshall,M,295 Page Creek Suite 181,Greenbush,VA,23357,37.7681,-75.6664,776,Psychiatrist,1949-11-17,762b452785b0280257027cb266413cfb,1386458167,38.262403000000006,-75.073913,1,0.979733,1
447963,2020-12-07 23:49:44,4364010865167176,fraud_Volkman Ltd,misc_net,598.02,Gary,Martinez,M,03512 Jackson Ports,Reno,NV,89512,39.5483,-119.7957,276896,Immunologist,1997-03-12,b317a6154a822df92cbf0ecd3c4f284c,1386460184,40.263205,-119.552438,0,0.62252426,1
448012,2020-12-07 23:59:58,213157767990030,fraud_Heathcote LLC,shopping_net,950.91,Tara,Campbell,F,05050 Rogers Well Apt. 439,Rock Springs,WY,82901,41.606,-109.23,27971,Music therapist,1984-08-01,0be0eedd6b8bc5f76a8ee8914328e27c,1386460798,42.048925,-108.793813,0,0.91973,1
448277,2020-12-08 01:15:13,4512828414983801773,fraud_Miller-Harris,misc_net,388.32,Monica,Cohen,F,864 Reynolds Plains,Uledi,PA,15484,39.8936,-79.7856,328,Tree surgeon,1983-07-25,1fc0ca40dc2a597f7f111a22a7c65821,1386465313,39.370502,-80.357314,0,0.67866856,1
448409,2020-12-08 01:57:48,4640395708703,"fraud_Lehner, Mosciski and King",misc_net,426.43,Melissa,Krause,F,67632 Martin Gateway,Fordoche,LA,70732,30.6576,-91.6264,1178,Community education officer,1951-06-13,76a45846fa1f5f4bc24f5893378e86e6,1386467868,30.097223,-92.465859,0,0.53647757,1
448483,2020-12-08 02:19:47,4605902936394,"fraud_Nitzsche, Kessler and Wolff",shopping_pos,2664.53,Vincent,Mueller,M,79019 Taylor Cliffs,Dallas,TX,75238,32.876999999999995,-96.708,1263321,Drilling engineer,1959-06-28,2e236c467d9c8b2489ca574b58820628,1386469187,32.27782,-96.076381,0,0.6776602,1
448694,2020-12-08 03:15:43,3545109339866548,fraud_Bogisich-Homenick,misc_net,721.96,Keith,Sanders,M,8030 Beck Motorway,Moorhead,MS,38761,33.4783,-90.5142,2870,Chartered public finance accountant,1999-03-05,4cd814f813af9319ab971f506430f9e5,1386472543,32.761125,-90.121092,1,0.77571297,1
448756,2020-12-08 03:34:35,4424338559877976,fraud_Miller-Harris,misc_net,398.41,Denise,Barnett,F,23220 Eaton Harbors,Kirby,OH,43330,40.813,-83.4196,118,Private music teacher,1957-11-12,544d141fa5d7c111cc3febf0206a970a,1386473675,40.200386,-83.87270600000001,0,0.5548891,1
448825,2020-12-08 03:51:50,180048185037117,fraud_Lebsack and Sons,misc_net,488.78,Mary,Wall,F,2481 Mills Lock,Plainfield,NJ,7060,40.6152,-74.415,71485,Leisure centre manager,1974-07-19,69f35ae6e2e0eedccc387a51ebcec48b,1386474710,41.233636,-75.327316,0,0.61603296,1
448848,2020-12-08 03:57:59,3545109339866548,"fraud_Lehner, Mosciski and King",misc_net,821.01,Keith,Sanders,M,8030 Beck Motorway,Moorhead,MS,38761,33.4783,-90.5142,2870,Chartered public finance accountant,1999-03-05,9fb124d90a12da77cefb5678e1a9b062,1386475079,33.842943,-90.66632,1,0.7909666,1
448896,2020-12-08 04:13:17,4736845434667908128,"fraud_Kerluke, Considine and Macejkovic",misc_net,641.63,Toni,Gomez,F,062 Carl Dam,Altona,NY,12910,44.8816,-73.6408,2148,"Surveyor, land/geomatics",1953-05-23,086c8c5da72ef1bfebf2b76a21a89d1f,1386475997,45.408276,-73.540001,0,0.712701,1
448999,2020-12-08 04:40:02,180072527505094,fraud_Heathcote LLC,shopping_net,710.95,Cody,Miller,M,25748 John Wells,Mooresville,NC,28117,35.584,-80.8685,69793,Control and instrumentation engineer,1953-12-08,ac50cc90dbf3fcff578ff374d354e5aa,1386477602,35.198308000000004,-80.714484,0,0.57288224,1
449117,2020-12-08 05:14:24,3545109339866548,fraud_McGlynn-Heathcote,misc_net,798.67,Keith,Sanders,M,8030 Beck Motorway,Moorhead,MS,38761,33.4783,-90.5142,2870,Chartered public finance accountant,1999-03-05,abc02ec864491c7846025936cc78fbb6,1386479664,32.983959000000006,-89.874034,1,0.7259713,1
449299,2020-12-08 06:06:48,4585132874641,"fraud_Moore, Dibbert and Koepp",misc_net,580.15,Karen,Gordon,F,543 Ware Path Apt. 593,Utica,MO,64686,39.7417,-93.6289,271,Land/geomatics surveyor,1972-04-18,0284559b210e0c2b09f3e5faf7b67d5d,1386482808,38.926057,-94.16612,0,0.63245535,1
449327,2020-12-08 06:15:44,676102124465,fraud_Donnelly PLC,misc_net,734.43,Natasha,Mclaughlin,F,8699 Lindsay Ford Apt. 486,Napa,CA,94558,38.4549,-122.2564,94014,Airline pilot,1985-08-21,3af93e8efe506ac15bddf4832f4b523e,1386483344,37.671591,-121.465764,0,0.6683016,1
450127,2020-12-08 10:27:56,3502088871723054,"fraud_Greenfelder, Bartoletti and Davis",misc_net,696.31,Scott,Martin,M,31472 Cody Place Suite 740,Kensington,MD,20895,39.0298,-77.0793,19054,Operations geologist,1976-09-08,bdafdadbed8600d80f0addfee3c4d14c,1386498476,38.919259,-77.254074,0,0.61764586,1
450182,2020-12-08 10:44:11,375974680629816,"fraud_Kerluke, Kertzmann and Wiza",misc_net,574.86,Roberta,Mccarthy,F,94431 Matthew Mall Suite 296,Plymouth,CT,6782,41.6611,-73.0449,2376,Herpetologist,1973-04-06,a7857f4575cd03b089efa1efd0aa1dc3,1386499451,41.723639,-73.050092,0,0.51784784,1
450646,2020-12-08 12:38:39,3518234918950662,"fraud_Watsica, Haag and Considine",shopping_pos,1449.81,Barbara,Lowe,F,67210 Lori Creek,Sherman,TX,75092,33.6372,-96.6184,46563,Systems developer,1970-09-11,c5c3a9dbaddddc0fa7419610316e6102,1386506319,33.084903000000004,-95.778427,0,0.6999166,1
450840,2020-12-08 13:18:24,3523843138706408,fraud_Flatley Group,misc_pos,1090.53,Grace,Williams,F,28812 Charles Mill Apt. 628,Plantersville,AL,36758,32.6176,-86.9475,1412,Drilling engineer,1970-11-20,165483cf6394e6439cd7f25f8c698878,1386508704,33.401465,-86.39294100000001,0,0.7000366,1
451436,2020-12-08 15:21:08,4789911625179723,fraud_Botsford Ltd,shopping_pos,1149.83,Dorothy,Zuniga,F,77321 Ford Via,Moriches,NY,11955,40.8095,-72.8229,3285,"Research officer, trade union",1988-04-27,c6a9064bcd7e38fa6cfa01e4df152f13,1386516068,40.276638,-73.052798,0,0.6020361,1
451550,2020-12-08 15:44:34,2222001896600109,fraud_Gleason-Macejkovic,shopping_net,1702.95,Susan,Hernandez,F,2193 Osborne Run Apt. 789,Moro,IL,62067,38.9318,-89.9618,2401,"Buyer, industrial",1972-01-03,5fb1a139ea390393e8138cef8e71de2c,1386517474,39.46659,-89.99876,0,0.89201653,1
451832,2020-12-08 16:38:16,3512365128314616,fraud_Buckridge PLC,misc_pos,904.4,Francisco,Kemp,M,9554 Flores Drive,Arnold,MO,63010,38.4305,-90.387,35439,Land/geomatics surveyor,1985-03-31,f5e09061f8c0495b6d49d0e51ebc7c35,1386520696,37.58089,-89.620483,0,0.68805015,1
452290,2020-12-08 18:01:34,4908846471916297,"fraud_Goyette, Howell and Collier",shopping_pos,1453.62,Lauren,Torres,F,03030 White Lakes,Grandview,TX,76050,32.2779,-97.2351,5875,"Radiographer, therapeutic",1992-07-24,70a30853ab48eb042bf045407de13059,1386525694,32.328968,-97.594542,0,0.8026913,1
452557,2020-12-08 18:50:27,4400011257587661852,fraud_Block Group,misc_pos,680.37,Marissa,Powell,F,474 Allen Haven,North Loup,NE,68859,41.4972,-98.7858,509,"Nurse, children's",1980-09-15,9c8c2c65ad76c19c31affc0736a4be28,1386528627,41.778329,-99.18425,0,0.73668987,1
452613,2020-12-08 19:00:07,372509258176510,fraud_Jast-McDermott,shopping_pos,855.2,Kristen,Hanson,F,26544 Andrea Glen,Goodrich,MI,48438,42.9147,-83.4845,6951,Learning disability nurse,1985-06-18,2de990bcf6c5e2acc51a085f392e3ebb,1386529207,42.540152,-82.754173,0,0.50992805,1
452763,2020-12-08 19:33:15,6011438889172900,fraud_Pouros-Conroy,shopping_pos,1611.64,Allison,Allen,F,40624 Rebecca Spurs,De Witt,AR,72042,34.2853,-91.3336,5161,Electrical engineer,1993-04-08,344e5cf0d7bb7089e71b371809555d8d,1386531195,33.423423,-90.821266,0,0.87478596,1
452869,2020-12-08 19:52:20,2254799658404120,fraud_Lesch Ltd,shopping_pos,1161.1,Barbara,Nelson,F,7337 Browning Falls Suite 027,Valdosta,GA,31605,30.946,-83.2474,94325,Educational psychologist,1987-09-08,3c3b5dfd71fd6cc5b541303362da2e9a,1386532340,30.367428000000004,-82.535128,0,0.7019914,1
453029,2020-12-08 20:26:35,567868110212,"fraud_Goyette, Howell and Collier",shopping_pos,1925.43,Dawn,Tucker,F,789 Herring Manors,Houston,TX,77007,29.7736,-95.4034,2906700,"Copywriter, advertising",1984-12-16,0056ca16b0a578aba41c35f9f8fc1734,1386534395,29.37057,-95.706666,0,0.91920704,1
453075,2020-12-08 20:34:02,6011348830550197,"fraud_Bahringer, Schoen and Corkery",shopping_pos,783.2,Samuel,Johnston,M,16285 Jessica Lights,Birmingham,AL,35229,33.4629,-86.7904,493806,Musician,1980-07-12,7260f91a8bbec5118f5a09b079256857,1386534842,32.52571,-86.300852,0,0.531554,1
453219,2020-12-08 21:03:42,4873783502705038,fraud_Hermann and Sons,shopping_pos,803.04,Elizabeth,Maxwell,F,194 Goodman Fall Apt. 569,Burlington,WA,98233,48.4786,-122.3345,14871,Public house manager,1974-03-10,22398a19709ff358834dd15a85d510b3,1386536622,49.336473,-122.696639,0,0.5939349,1
453345,2020-12-08 21:26:39,4810789809665942990,fraud_Jewess LLC,shopping_pos,1625.13,Julie,Sanchez,F,916 Charles Road,Bowersville,OH,45307,39.5756,-83.7153,338,Quantity surveyor,1988-07-28,714c3a69134a679e4263a4f27c44fda5,1386537999,39.787922,-82.801383,0,0.94481957,1
453516,2020-12-08 22:00:27,213180742685905,fraud_Lemke-Gutmann,shopping_net,1128.83,Kayla,Sutton,F,010 Weaver Land,Carlotta,CA,95528,40.507,-123.9743,1139,"Therapist, occupational",1951-01-15,a5f3e7dbb567d52a894df900bde5b500,1386540027,39.674539,-124.877603,1,0.96869904,1
453559,2020-12-08 22:07:08,213180742685905,"fraud_Heathcote, Yost and Kertzmann",shopping_net,981.4,Kayla,Sutton,F,010 Weaver Land,Carlotta,CA,95528,40.507,-123.9743,1139,"Therapist, occupational",1951-01-15,2f1f1e952ac1190897ac764c27f02983,1386540428,41.302890000000005,-123.071834,1,0.9632634,1
453717,2020-12-08 22:35:59,3545109339866548,fraud_Hills-Witting,shopping_net,1115.54,Keith,Sanders,M,8030 Beck Motorway,Moorhead,MS,38761,33.4783,-90.5142,2870,Chartered public finance accountant,1999-03-05,61875702319a2189aa6534c47e3b3905,1386542159,33.559543,-90.727481,1,0.82410944,1
453728,2020-12-08 22:37:26,213180742685905,"fraud_Romaguera, Cruickshank and Greenholt",shopping_net,901.46,Kayla,Sutton,F,010 Weaver Land,Carlotta,CA,95528,40.507,-123.9743,1139,"Therapist, occupational",1951-01-15,e8efe341358e4daf058fea0ed258a78a,1386542246,40.850867,-123.28486399999998,1,0.9523142,1
453869,2020-12-08 23:02:29,3591919803438423,"fraud_Altenwerth, Cartwright and Koss",shopping_net,1153.76,Brian,Williams,M,32941 Krystal Mill Apt. 552,Titusville,FL,32780,28.5697,-80.8191,54767,Set designer,1987-07-25,2d9816124ad414a206011edccf6f7537,1386543749,27.955886,-80.79095799999999,1,0.86786854,1
453937,2020-12-08 23:15:43,3591919803438423,"fraud_Romaguera, Cruickshank and Greenholt",shopping_net,988.31,Brian,Williams,M,32941 Krystal Mill Apt. 552,Titusville,FL,32780,28.5697,-80.8191,54767,Set designer,1987-07-25,31672226b0a8a2cdcad2fd2350fc3f40,1386544543,28.460745000000003,-81.369518,1,0.7964648,1
454003,2020-12-08 23:28:25,5289285402893489,"fraud_Ritchie, Bradtke and Stiedemann",travel,1774.66,Amanda,Adams,F,08580 Jeremy Falls,Bay City,OR,97107,45.5197,-123.8761,1530,Colour technologist,1986-11-24,7c49563d6c5cac1e8cdb6fc4dce9994a,1386545305,44.817113,-123.20008,0,0.8828549,1
454114,2020-12-08 23:48:10,3591919803438423,"fraud_Altenwerth, Cartwright and Koss",shopping_net,911.05,Brian,Williams,M,32941 Krystal Mill Apt. 552,Titusville,FL,32780,28.5697,-80.8191,54767,Set designer,1987-07-25,fa377d0ecf208b0fb11b2d0897271254,1386546490,28.193086,-81.135456,1,0.69598234,1
454156,2020-12-08 23:55:27,374930071163758,fraud_Boyer PLC,shopping_net,579.6,Daniel,Escobar,M,61390 Hayes Port,Romulus,MI,48174,42.2203,-83.3583,31515,Police officer,1971-11-05,dfa3fbb6ee8063c8c1555f3c7ca5c510,1386546927,42.420848,-83.55265899999999,0,0.80246514,1
454170,2020-12-08 23:58:43,213180742685905,fraud_Boyer-Reichert,shopping_net,871.77,Kayla,Sutton,F,010 Weaver Land,Carlotta,CA,95528,40.507,-123.9743,1139,"Therapist, occupational",1951-01-15,444f7343ba4f2fcf6e6d828012d2f90d,1386547123,40.237194,-123.676706,1,0.9499377,1
454182,2020-12-09 00:05:33,6011231546538393,fraud_Bogisich-Homenick,misc_net,382.63,Johnny,Bennett,M,321 Camacho Causeway,Boonton,NJ,7005,40.9115,-74.414,15269,"Psychologist, sport and exercise",1993-07-05,b1b5bb2e8c7333efca7bc3c0a40974ad,1386547533,41.426258,-74.31783100000001,0,0.51040894,1
454286,2020-12-09 01:04:43,213199865312311,"fraud_Ferry, Lynch and Kautzer",misc_net,565.49,Christopher,Miller,M,493 Fitzgerald Fields Suite 454,Varnell,GA,30756,34.9298,-84.9885,74,Pensions consultant,1944-05-14,24c2a6c983659c116d73f25243f5f2c8,1386551083,34.491378999999995,-84.502903,0,0.6837681,1
454327,2020-12-09 01:28:08,3583093681934489,fraud_Kerluke Inc,misc_net,500.26,Hannah,Knight,F,0900 Beverly Landing,Louisville,KY,40209,38.1901,-85.7519,736284,"Education officer, museum",1961-09-13,a258490941ee60efc43f6e566a259294,1386552488,37.625841,-84.97900200000001,0,0.7185435,1
454434,2020-12-09 02:26:40,4358137750029944984,"fraud_Greenfelder, Bartoletti and Davis",misc_net,657.08,Dawn,Stephens,F,91542 Marissa Shores Apt. 053,Oran,IA,50664,42.7012,-92.0762,53,Sports administrator,1972-10-05,b26fd4ec135499774d83343e115eae59,1386556000,42.527358,-92.372766,0,0.7103785,1
454847,2020-12-09 06:58:19,2266735643685262,fraud_Block-Parisian,misc_net,692.79,Carlos,Chung,M,8957 Russell Key,Grant,AL,35747,34.4959,-86.259,5901,Curator,1972-07-25,239c91ade754cac97636df91c6310e27,1386572299,34.843090000000004,-85.781591,0,0.6770839,1
454906,2020-12-09 07:33:33,6011329966782895,"fraud_Ferry, Lynch and Kautzer",misc_net,796.99,Lauren,Butler,F,030 Seth Divide Suite 355,Tulsa,OK,74131,36.0557,-96.0602,413574,"Teacher, special educational needs",1971-09-01,b85b49e733ee4f357904920e9ec85499,1386574413,35.380104,-95.679354,0,0.684939,1
455013,2020-12-09 08:32:29,3566094707272327,fraud_Hamill-Daugherty,misc_net,650.69,Kristina,Stewart,F,47029 Jimmy Tunnel Apt. 106,Newhall,CA,91321,34.3795,-118.523,34882,Health physicist,1971-04-25,76038f0eaab35cf19373fa029010b1b3,1386577949,35.034137,-117.677405,0,0.55356306,1
455134,2020-12-09 09:44:00,60490596305,"fraud_Baumbach, Hodkiewicz and Walsh",shopping_pos,1277.21,Karen,Johnson,F,4349 Anna Flat Suite 214,Haynes,AR,72341,34.8838,-90.7666,222,"Programmer, applications",1963-05-19,ee303bc5757d5d9a3dcd5c0605258c6a,1386582240,34.359487,-90.487886,0,0.5790387,1
455382,2020-12-09 12:07:14,4477156602511939689,fraud_Kerluke-Abshire,shopping_net,1115.36,Angela,Ross,F,0107 Clements Point,American Fork,UT,84003,40.3928,-111.7941,42384,Futures trader,1992-12-29,469b017c4f51ebfb4bcaffbf5e157f1d,1386590834,40.62708,-112.258825,0,0.5769497,1
455948,2020-12-09 15:51:12,2288813824604479,"fraud_Nitzsche, Kessler and Wolff",shopping_pos,896.45,Barbara,Norman,F,6278 Stephanie Unions,New York City,NY,10039,40.8265,-73.9383,1577385,Herbalist,1981-08-29,80551812240444f1884d950d70150975,1386604272,40.384282,-74.76340400000001,0,0.53520477,1
456171,2020-12-09 17:16:38,30442439074871,fraud_Auer-West,shopping_net,961.86,Linda,Sanchez,F,6574 William Hill Apt. 375,Jermyn,PA,18433,41.5744,-75.5881,6508,Training and development officer,1981-06-22,0b3b9e41addfb1b82077799fc3e072ab,1386609398,41.321528,-75.814095,0,0.7492914,1
456349,2020-12-09 18:32:05,581686439828,fraud_Donnelly PLC,misc_net,396.13,Larry,House,M,911 Sabrina Trafficway,Cochranton,PA,16314,41.5205,-80.0573,5507,Retail merchandiser,1973-07-28,657e7a8b0678dbfa3508035d2f4e9f76,1386613925,41.316495,-80.52949699999999,0,0.51247764,1
456352,2020-12-09 18:33:06,2712209726293386,fraud_Hermann and Sons,shopping_pos,1061.66,Jenna,Brooks,F,50872 Alex Plain Suite 088,Baton Rouge,LA,70808,30.4066,-91.1468,378909,"Designer, furniture",1977-02-22,6719129229d6260db5b32751ce7103c3,1386613986,30.126331,-90.471168,0,0.7809729,1
456642,2020-12-09 20:35:31,2254799658404120,fraud_Mohr-Bayer,shopping_net,1071.09,Barbara,Nelson,F,7337 Browning Falls Suite 027,Valdosta,GA,31605,30.946,-83.2474,94325,Educational psychologist,1987-09-08,592c8fa7dd69db343d40cb6f558df834,1386621331,31.138821000000004,-84.13915300000001,0,0.81256473,1
456761,2020-12-09 21:18:53,213180742685905,"fraud_Roob, Conn and Tremblay",shopping_pos,1011.85,Kayla,Sutton,F,010 Weaver Land,Carlotta,CA,95528,40.507,-123.9743,1139,"Therapist, occupational",1951-01-15,c6cf6ef9d2ad12483303440954e42621,1386623933,39.512842,-123.367496,1,0.9178356,1
456900,2020-12-09 22:16:52,3590736522064285,fraud_Pfeffer and Sons,shopping_pos,816.5,Kimberly,Gonzalez,F,72966 Shannon Pass Apt. 391,Bauxite,AR,72011,34.5091,-92.4828,4074,"Scientist, audiological",1975-12-20,f981e08a4750b514671fff42442e280c,1386627412,34.731937,-92.1418,0,0.78208816,1
456922,2020-12-09 22:26:19,213180742685905,fraud_Kris-Padberg,shopping_pos,866.41,Kayla,Sutton,F,010 Weaver Land,Carlotta,CA,95528,40.507,-123.9743,1139,"Therapist, occupational",1951-01-15,7f1539f5bca55a223568993df5f168f8,1386627979,40.040928,-124.414258,1,0.90490943,1
456939,2020-12-09 22:33:23,4681601008538160,"fraud_Heathcote, Yost and Kertzmann",shopping_net,831.45,Tammy,Davis,F,77663 Colleen Freeway,Moundsville,WV,26041,39.9148,-80.73100000000001,16183,Physiotherapist,1977-08-12,9158422db7c2458f132522f701d485c2,1386628403,39.76631,-81.22406600000001,0,0.914714,1
456964,2020-12-09 22:45:16,213180742685905,"fraud_Bernier, Volkman and Hoeger",misc_net,824.1,Kayla,Sutton,F,010 Weaver Land,Carlotta,CA,95528,40.507,-123.9743,1139,"Therapist, occupational",1951-01-15,a15c9d5dc78e86c530cdc227670fd104,1386629116,39.9323,-124.521184,1,0.98974985,1
457053,2020-12-09 23:19:18,3591919803438423,fraud_Zemlak Group,misc_net,1015.53,Brian,Williams,M,32941 Krystal Mill Apt. 552,Titusville,FL,32780,28.5697,-80.8191,54767,Set designer,1987-07-25,99759c4c41396188a9fb5498650aa775,1386631158,28.563715,-80.885251,1,0.9777688,1
457100,2020-12-09 23:38:35,3591919803438423,"fraud_Labadie, Treutel and Bode",shopping_net,878.28,Brian,Williams,M,32941 Krystal Mill Apt. 552,Titusville,FL,32780,28.5697,-80.8191,54767,Set designer,1987-07-25,4a2cd4981f66782d3bf022bd3af280ee,1386632315,29.137931,-81.641363,1,0.7278748,1
457111,2020-12-09 23:42:19,213180742685905,"fraud_Osinski, Ledner and Leuschke",grocery_pos,337.77,Kayla,Sutton,F,010 Weaver Land,Carlotta,CA,95528,40.507,-123.9743,1139,"Therapist, occupational",1951-01-15,6abfc5a830e4f0ba75d652215cac2a53,1386632539,40.629841,-124.076891,1,0.7363333,1
457136,2020-12-09 23:52:07,3591919803438423,fraud_Cormier LLC,shopping_net,1044.34,Brian,Williams,M,32941 Krystal Mill Apt. 552,Titusville,FL,32780,28.5697,-80.8191,54767,Set designer,1987-07-25,9af7fcc9eb7d6ad2ba4ca1901325c402,1386633127,29.463944,-81.291653,1,0.8462348,1
457317,2020-12-10 01:25:40,370877495212014,fraud_Huel-Langworth,misc_net,1137.34,Sarah,Clark,F,25961 Beverly Union Apt. 042,North Wilkesboro,NC,28659,36.2017,-81.1286,21134,Dispensing optician,1984-03-06,42dfd0e0dfcfc9dfcb01d83a0e5d883b,1386638740,35.740814,-81.352434,0,0.7143506,1
457349,2020-12-10 01:43:06,4997733566924489,fraud_Kuphal-Bartoletti,misc_net,1302.31,Stephanie,Taylor,F,598 Martin Pine Suite 365,Saint Paul,MN,55128,44.9913,-92.9487,753116,Fisheries officer,1971-08-06,9f7b808377ce4bdb4313ff67fd5ad868,1386639786,45.097074,-92.316165,0,0.7163645,1
457956,2020-12-10 06:42:04,4003989662068504,"fraud_Kerluke, Kertzmann and Wiza",misc_net,488.17,Chris,White,M,98897 Bennett Lodge,Bessemer,AL,35022,33.3224,-86.9657,71463,Radio broadcast assistant,1989-02-08,e52e3be1f535f177c671145eac74daf6,1386657724,33.365302,-87.39733100000001,0,0.5994274,1
458124,2020-12-10 08:08:59,30131826429364,fraud_Bednar Group,misc_net,707.64,Brianna,Foley,F,57256 Raymond Ports,Knoxville,TN,37932,35.9335,-84.1481,391389,"Designer, industrial/product",1994-04-22,f0e0620e10a18404d20ec1d4958b7cfd,1386662939,35.189512,-83.381538,0,0.6253951,1
458306,2020-12-10 09:54:38,30082025922891,fraud_Bogisich-Homenick,misc_net,586.34,Kathleen,Thompson,F,199 Patterson Fords Apt. 132,Naples,FL,34112,26.1184,-81.7361,276002,"Pilot, airline",1934-06-23,a4489a4db4f4edb8987d9341a89a4ca1,1386669278,26.041363,-80.950053,0,0.9447384,1
458353,2020-12-10 10:14:49,4210078554961359092,"fraud_Baumbach, Strosin and Nicolas",shopping_pos,1488.43,Valerie,Clark,F,7402 West Ranch,Lowell,OR,97452,43.92100000000001,-122.7806,1420,Systems analyst,1965-11-11,e039a454511bb439f323f7f3312d2106,1386670489,43.555503,-121.93873700000002,0,0.7380954,1
458713,2020-12-10 13:02:37,6011693194885790,"fraud_Hahn, Douglas and Schowalter",travel,6854.49,Victoria,Fleming,F,2807 Parker Station Suite 080,Stanchfield,MN,55080,45.6675,-93.2433,2607,"Lecturer, further education",1995-12-04,dfc4099c3e5ed3a655024efaa159c13f,1386680557,45.692562,-93.316767,0,0.8799147,1
458809,2020-12-10 13:34:20,3590736522064285,fraud_Pouros-Haag,shopping_pos,1158.89,Kimberly,Gonzalez,F,72966 Shannon Pass Apt. 391,Bauxite,AR,72011,34.5091,-92.4828,4074,"Scientist, audiological",1975-12-20,e695a23423cc686b7e7355033ff23405,1386682460,34.504813,-91.84691,0,0.6927732,1
458852,2020-12-10 13:51:19,3590736522064285,fraud_Stamm-Witting,shopping_net,1299.22,Kimberly,Gonzalez,F,72966 Shannon Pass Apt. 391,Bauxite,AR,72011,34.5091,-92.4828,4074,"Scientist, audiological",1975-12-20,3fc7e62b4d8b7f2b2bcd6331ef722d19,1386683479,34.742012,-93.269705,0,0.7724372,1
458907,2020-12-10 14:11:04,4800395067176717,"fraud_Hodkiewicz, Prohaska and Paucek",travel,6050.12,Daniel,Owens,M,88794 Mandy Lodge Apt. 874,Howells,NE,68641,41.6964,-96.9858,1063,Research scientist (maths),1928-04-02,fb3599d96031965ee4f1bf82d3d6d077,1386684664,42.508432,-96.659171,0,0.90462303,1
459266,2020-12-10 16:12:56,3589255887819806,fraud_Ankunding LLC,shopping_net,1227.72,David,Miller,M,622 Bradley Knoll Apt. 758,Hancock,MD,21750,39.6991,-78.1762,3766,Press photographer,1984-02-14,486e4439331ea62247f7e4156440fda7,1386691976,39.659836,-77.316252,0,0.8436807,1
459454,2020-12-10 17:14:10,4642894980163,fraud_Howe Ltd,misc_pos,728.48,Eddie,Mendez,M,1831 Faith View Suite 653,Clarinda,IA,51632,40.7491,-95.038,7297,IT trainer,1990-07-13,4b43b3e1aceb874e70ffdd3aea53d0f7,1386695650,41.618066,-94.444618,0,0.604331,1
459820,2020-12-10 19:25:44,2222001896600109,"fraud_Tillman, Fritsch and Schmitt",misc_net,862.05,Susan,Hernandez,F,2193 Osborne Run Apt. 789,Moro,IL,62067,38.9318,-89.9618,2401,"Buyer, industrial",1972-01-03,37922b11e8850138aca7eb30ce58ea7f,1386703544,39.464156,-90.798874,0,0.98586035,1
460061,2020-12-10 20:45:45,2266735643685262,fraud_Lesch Ltd,shopping_pos,1368.09,Carlos,Chung,M,8957 Russell Key,Grant,AL,35747,34.4959,-86.259,5901,Curator,1972-07-25,90d17fd590d2a4480be301e9c0c12677,1386708345,33.990681,-87.19381,0,0.94387233,1
460409,2020-12-10 22:45:35,6538891242532018,fraud_Kilback and Sons,entertainment,592.15,Jodi,Rodriguez,F,5796 Lee Coves Apt. 286,Walnut Ridge,AR,72476,36.0244,-90.9288,7155,"Engineer, control and instrumentation",1977-03-23,5ef82b62ad1bfc0d37bce13b2dbe121d,1386715535,36.969893,-90.038664,0,0.9133249,1
460531,2020-12-10 23:35:47,3521417320836166,"fraud_Hagenes, Hermann and Stroman",travel,1537.1,Angela,Hodges,F,08236 Kim Hill,Indianapolis,IN,46254,39.849,-86.272,910148,Firefighter,1975-11-30,8323f70d4e8952dc503c88b03115627a,1386718547,39.667686,-87.17297099999999,0,0.9578417,1
460540,2020-12-10 23:39:09,180031190491743,fraud_Block Group,misc_pos,467.16,Becky,Mckinney,F,250 Benjamin Hill Apt. 026,Mobile,AL,36617,30.7145,-88.0918,270712,"Surveyor, land/geomatics",1972-01-05,1d5ca6d4357b7c829f56f21cc41968d1,1386718749,30.412564,-87.800834,0,0.7792718,1
460624,2020-12-11 00:10:12,3596217206093829,fraud_Botsford Ltd,shopping_pos,829.36,Sara,Ramirez,F,23843 Scott Island,Birmingham,IA,52535,40.8626,-91.9534,888,Camera operator,1988-03-25,abc615a575dd5b29a7e1a49d455ce122,1386720612,40.865108,-92.348375,1,0.6873189,1
460836,2020-12-11 01:51:39,4560395181594436016,fraud_Huel-Langworth,misc_net,890.64,Angela,Taylor,F,6343 Ramirez Skyway Apt. 518,Lakeport,CA,95453,39.047,-122.9328,11256,Podiatrist,1972-10-18,b1b4b5dd6a24ce4bf65e31dafd18635b,1386726699,39.91141,-122.528368,1,0.6498683,1
460924,2020-12-11 02:28:53,3596217206093829,"fraud_Baumbach, Strosin and Nicolas",shopping_pos,720.83,Sara,Ramirez,F,23843 Scott Island,Birmingham,IA,52535,40.8626,-91.9534,888,Camera operator,1988-03-25,03276c522c673f1b5a974d276f688d01,1386728933,41.417984,-92.240716,1,0.6281062,1
461013,2020-12-11 03:08:06,3596217206093829,fraud_Stoltenberg-Beatty,shopping_pos,1103.29,Sara,Ramirez,F,23843 Scott Island,Birmingham,IA,52535,40.8626,-91.9534,888,Camera operator,1988-03-25,53d2c555b1b1f5efaf27333bddf2642c,1386731286,40.863403000000005,-92.201559,1,0.6109357,1
461029,2020-12-11 03:16:21,4874017206859125,fraud_Welch Inc,misc_net,1184.29,Lauren,Williams,F,065 Jones Stravenue,Lake Oswego,OR,97034,45.4093,-122.6847,42817,Planning and development surveyor,1982-05-28,8776e496ff96c3e8b647f48c4b1c21d8,1386731781,45.94503,-121.719344,0,0.6534797,1
461062,2020-12-11 03:30:40,3514865930894695,fraud_Dooley Inc,shopping_pos,1602.94,Christopher,Castaneda,M,1632 Cohen Drive Suite 639,High Rolls Mountain Park,NM,88325,32.9396,-105.8189,899,Naval architect,1967-08-30,a2d30297a14c762baac74fac5c3201f6,1386732640,33.021851,-106.079763,0,0.55250555,1
461077,2020-12-11 03:38:32,346273234529002,"fraud_Ferry, Lynch and Kautzer",misc_net,684.49,Donna,Moreno,F,32301 Albert River Suite 364,Ronceverte,WV,24970,37.7418,-80.4626,4575,Statistician,1991-10-22,f1ea5d6ab2e3642a8a8d5da4c57d8d75,1386733112,36.793957,-79.91775,0,0.8209843,1
461095,2020-12-11 03:48:21,3596217206093829,fraud_Gutmann-Upton,misc_pos,745.88,Sara,Ramirez,F,23843 Scott Island,Birmingham,IA,52535,40.8626,-91.9534,888,Camera operator,1988-03-25,808d112f86a9385ce6243430dbb22dff,1386733701,40.094289,-91.461019,1,0.77544284,1
461106,2020-12-11 03:52:05,4560395181594436016,"fraud_Bahringer, Schoen and Corkery",shopping_pos,770.65,Angela,Taylor,F,6343 Ramirez Skyway Apt. 518,Lakeport,CA,95453,39.047,-122.9328,11256,Podiatrist,1972-10-18,65c4a80dabf9b440e884713d7dd79c30,1386733925,39.721476,-122.611438,1,0.5604277,1
461384,2020-12-11 06:12:55,30082025922891,"fraud_Yost, Block and Koepp",misc_pos,1007.71,Kathleen,Thompson,F,199 Patterson Fords Apt. 132,Naples,FL,34112,26.1184,-81.7361,276002,"Pilot, airline",1934-06-23,89b76f3d81391fefe694f2cb3afedf2f,1386742375,25.181409,-81.604342,0,0.65096766,1
461657,2020-12-11 08:20:13,345832460465610,fraud_Rempel Inc,shopping_net,1119.45,Jason,Mcmahon,M,6385 Donald Square Suite 429,Springfield,VA,22151,38.8029,-77.2116,104396,Production engineer,1950-11-20,23e13d99de32a8241eda4dd0e03757fe,1386750013,38.652091,-77.002821,0,0.6268346,1
461742,2020-12-11 09:01:47,3544606805704278,"fraud_Ferry, Lynch and Kautzer",misc_net,528.18,Carolyn,Thomas,F,755 Solis Isle Suite 075,New Memphis,IL,62266,38.4857,-89.6816,254,Magazine journalist,1952-05-07,71eebc322144141ca5da11f7063fa87c,1386752507,38.824777000000005,-88.867446,0,0.8181822,1
461798,2020-12-11 09:35:03,583699482621,fraud_Pouros-Haag,shopping_pos,1157.95,Jennifer,Jones,F,5572 Kelly Plains Apt. 952,Waupaca,WI,54981,44.3481,-89.1101,15426,"Engineer, civil (contracting)",1936-07-22,d0e144d056be9983d7f98f39dc08defd,1386754503,44.975594,-88.302439,0,0.65369505,1
461939,2020-12-11 10:50:15,4836998673805450,fraud_Huel Ltd,misc_net,1232.07,Susan,Hardy,F,516 Brown Parks,Manistique,MI,49854,46.0062,-86.2555,6469,Trade mark attorney,1979-04-12,1a4cb4b766f9c20faac181a45fdd28c2,1386759015,46.406153,-86.144601,0,0.79665583,1
462725,2020-12-11 15:13:52,4178097073221156,fraud_Fisher Inc,shopping_net,1407.94,Jill,Flores,F,639 Cruz Islands,Baroda,MI,49101,41.9488,-86.4913,3104,"Horticulturist, commercial",1981-03-29,bd8e9d636578a327d8d5c729887742bf,1386774832,42.910957,-86.01088299999999,0,0.90661436,1
462762,2020-12-11 15:23:58,3596357274378601,fraud_Hills-Witting,shopping_net,878.46,David,Everett,M,4138 David Fall,Morrisdale,PA,16858,41.0001,-78.2357,3688,Advice worker,1973-05-27,cd4172ed4c50a7d20734f86383b431ab,1386775438,40.692369,-78.214276,1,0.68478006,1
463571,2020-12-11 19:40:21,4536996888716062123,fraud_Beier-Hyatt,shopping_pos,1068.24,Nathan,Mendoza,M,767 Adam Mill Apt. 115,Espanola,NM,87533,35.9866,-106.0654,18408,Historic buildings inspector/conservation officer,1972-07-18,510e3d69c4644fcea8f25b90be697d98,1386790821,36.230713,-105.958219,0,0.87737036,1
464032,2020-12-11 21:58:46,4503101193493052864,fraud_Conroy Ltd,shopping_pos,2600.15,Katherine,Tucker,F,670 Le Meadows Suite 250,Lakeland,FL,33811,27.9865,-82.0139,237282,Clothing/textile technologist,1979-07-03,074f71f9ac656672809a60f501123c34,1386799126,28.686249,-81.26995500000001,0,0.94277316,1
464351,2020-12-11 23:44:23,3596357274378601,fraud_Kerluke-Abshire,shopping_net,1123.99,David,Everett,M,4138 David Fall,Morrisdale,PA,16858,41.0001,-78.2357,3688,Advice worker,1973-05-27,455799d91bb448b697c23be76ca78c7f,1386805463,40.671072,-78.694978,1,0.9695358,1
464368,2020-12-11 23:50:31,344709867813900,fraud_Predovic Inc,shopping_net,1293.99,Joanna,Hudson,F,2924 Bobby Trafficway,Sebring,FL,33872,27.4703,-81.4872,50835,Environmental consultant,1986-01-30,5db3b96dbb22b5334320dad26f22f049,1386805831,27.027534000000003,-80.92343699999999,0,0.9193502,1
464451,2020-12-12 00:28:08,3596217206093829,fraud_Rau and Sons,grocery_pos,381.5,Sara,Ramirez,F,23843 Scott Island,Birmingham,IA,52535,40.8626,-91.9534,888,Camera operator,1988-03-25,78948981b7feea35ea7ea14c4fc1a95f,1386808088,40.645431,-92.476175,1,0.7494592,1
464483,2020-12-12 00:41:18,4607072969078276,fraud_Stoltenberg-Beatty,shopping_pos,851.46,Brenda,Perez,F,033 Tara Brook Suite 523,Coyle,OK,73027,35.8985,-97.2607,1493,Amenity horticulturist,1985-03-21,94f63440c731d9ac891f7a83ecfc99c3,1386808878,35.608164,-97.960048,1,0.51311606,1
464493,2020-12-12 00:45:27,4607072969078276,"fraud_Schumm, Bauch and Ondricka",grocery_pos,372.65,Brenda,Perez,F,033 Tara Brook Suite 523,Coyle,OK,73027,35.8985,-97.2607,1493,Amenity horticulturist,1985-03-21,2fd711ac7d991e91bf47727e1f49d108,1386809127,36.350925,-98.064198,1,0.6844021,1
464505,2020-12-12 00:49:13,3596217206093829,"fraud_Haley, Jewess and Bechtelar",shopping_pos,716.96,Sara,Ramirez,F,23843 Scott Island,Birmingham,IA,52535,40.8626,-91.9534,888,Camera operator,1988-03-25,a8e4f148fb9c163af2bfd5ca642a644c,1386809353,41.088842,-92.742432,1,0.66065437,1
464635,2020-12-12 01:57:10,4607072969078276,fraud_Fisher-Schowalter,shopping_net,956.58,Brenda,Perez,F,033 Tara Brook Suite 523,Coyle,OK,73027,35.8985,-97.2607,1493,Amenity horticulturist,1985-03-21,e5081b01f4e29ecb6f45035c6f191c9e,1386813430,36.419555,-98.121448,1,0.6285253,1
464760,2020-12-12 02:51:36,3568255211412877,fraud_Kuhn LLC,misc_net,437.65,Timothy,Gomez,M,707 Anthony Causeway,Leo,IN,46765,41.2249,-85.0301,5341,Biomedical engineer,1994-11-24,9f86d096c586a9e43e8a6d0b7d733119,1386816696,41.540797,-84.452505,0,0.56553775,1
464810,2020-12-12 03:18:51,3596217206093829,fraud_Bruen-Yost,misc_pos,717.14,Sara,Ramirez,F,23843 Scott Island,Birmingham,IA,52535,40.8626,-91.9534,888,Camera operator,1988-03-25,44b9c3273bfeaa931586a19ee9941b3b,1386818331,40.368314,-92.514904,1,0.71444565,1
464918,2020-12-12 04:06:26,4973530368125489546,fraud_Kuhn LLC,misc_net,760.95,Mary,Rodriguez,F,8986 Fitzgerald Plains,Winslow,AR,72959,35.8312,-94.1187,2786,Musician,1965-09-27,ae9a7b798b8b978838bc4ad02cf5f8ff,1386821186,35.740016,-93.9428,0,0.63917655,1
465038,2020-12-12 05:06:22,3599237318576484,fraud_Volkman Ltd,misc_net,800.59,Jessica,Smith,F,06808 Ryan Valleys,Dubre,KY,42731,36.8421,-85.5396,341,Insurance risk surveyor,1932-11-19,2a3e71fe92137255d8899756d16cb7fe,1386824782,36.397195,-86.142661,0,0.82373303,1
465434,2020-12-12 08:26:17,345832460465610,fraud_Goyette Inc,shopping_net,2136.99,Jason,Mcmahon,M,6385 Donald Square Suite 429,Springfield,VA,22151,38.8029,-77.2116,104396,Production engineer,1950-11-20,baf6b01202dd36e84ef4aa085b588011,1386836777,39.204846,-77.236362,0,0.8154199,1
465466,2020-12-12 08:37:24,4980323467523543940,fraud_Koelpin and Sons,misc_net,547.31,Patrick,Massey,M,7812 Shane Shoals Apt. 607,North Haverhill,NH,3774,44.0978,-72.0191,1966,Structural engineer,1947-10-27,d0983a09b4405a34fac3b62be7773a92,1386837444,43.602136,-71.775228,0,0.7623681,1
465749,2020-12-12 10:54:10,375248307838179,fraud_Huel-Langworth,misc_net,1354.42,Joshua,Mendoza,M,4215 Miranda Field Suite 326,Tallmansville,WV,26237,38.8564,-80.158,571,Accounting technician,1967-09-16,36a0952acbd81a29ed48ee14be01f742,1386845650,39.054599,-79.45071,0,0.8281704,1
465800,2020-12-12 11:18:51,36913587729122,fraud_Brown PLC,misc_net,748.51,Ana,Mccormick,F,4503 Patricia Route,Meridian,ID,83646,43.6498,-116.4306,84106,Intelligence analyst,1971-02-11,7f15ffea7bab761316464c7632e7611c,1386847131,42.750657,-115.882764,0,0.721627,1
465925,2020-12-12 12:13:57,3545109339866548,fraud_Boyer PLC,misc_pos,1225.34,Keith,Sanders,M,8030 Beck Motorway,Moorhead,MS,38761,33.4783,-90.5142,2870,Chartered public finance accountant,1999-03-05,b04c9dcab73ee82832c27fc4a91df9f6,1386850437,32.810752,-90.932217,0,0.66288155,1
465988,2020-12-12 12:35:25,371226440126102,"fraud_Nitzsche, Kessler and Wolff",shopping_pos,1450.58,Stacy,Lambert,F,85430 Julie Trafficway Suite 792,Mulberry Grove,IL,62262,38.9311,-89.2463,1810,Race relations officer,1974-12-24,af1301f943fab6cbe2c51dee5dcd07ad,1386851725,38.215978,-89.770664,0,0.7743211,1
466345,2020-12-12 14:32:17,4476840372112,fraud_Pouros-Conroy,shopping_pos,1376.04,Steven,Walters,M,3206 Hall Divide Suite 282,Woodville,AL,35776,34.6689,-86.2296,3395,"Editor, commissioning",1979-01-21,833e067b52aa6506c6ad9d72c7599b35,1386858737,33.82269,-85.71140600000001,0,0.81446356,1
466362,2020-12-12 14:39:01,4099707841315751,fraud_Sawayn PLC,shopping_pos,1899.38,James,Stephens,M,1166 Castillo Mountains,Ruckersville,VA,22968,38.2586,-78.4074,9815,"Designer, ceramics/pottery",1975-07-07,ae9aafaafceff31134f158db60659bc4,1386859141,37.422911,-79.099863,0,0.8747248,1
466627,2020-12-12 16:00:56,4173950183554608,fraud_Hackett Group,travel,1788.19,Stephen,Marshall,M,47144 Roberts Keys,Monmouth Beach,NJ,7750,40.333,-73.9809,3279,Health promotion specialist,1978-10-05,3467b13e1906ea63653516a44457f676,1386864056,41.270949,-73.79641600000001,0,0.82942986,1
467099,2020-12-12 18:27:16,30270432095985,fraud_McGlynn-Jaskolski,misc_pos,838.5,Lisa,Lin,F,908 Brooks Brook,Lomax,IL,61454,40.6761,-91.0391,725,Environmental consultant,1972-11-28,091bed7a60a51b507a4a1abb04062ea8,1386872836,39.879292,-91.701428,0,0.93920666,1
467293,2020-12-12 19:32:05,4900628639996,fraud_Pacocha-Bauch,shopping_pos,1856.55,Michael,Johnson,M,094 Owens Underpass,Norwalk,CA,90650,33.9056,-118.0818,105549,Firefighter,1973-09-22,442d89949d4e8214b921626a4f9071df,1386876725,34.53114,-117.406668,0,0.91882676,1
467521,2020-12-12 20:51:10,4560004149983868183,"fraud_Greenholt, O'Hara and Balistreri",shopping_net,758.04,Stacy,Villegas,F,20581 Pena Walks,Colorado Springs,CO,80951,38.8881,-104.6556,525713,Museum/gallery exhibitions officer,1992-05-09,f6ff21763bf453d309382bbdbd154cce,1386881470,39.161693,-104.361299,0,0.64116126,1
467610,2020-12-12 21:28:02,3551217896304745,fraud_Friesen Inc,shopping_pos,734.3,Sara,Harris,F,597 Jenny Ford Apt. 543,Tupper Lake,NY,12986,44.232,-74.4905,6120,Chartered loss adjuster,1976-10-09,f60d310c5e0c6906c9d683add418951b,1386883682,43.549155,-75.014169,0,0.5837866,1
467781,2020-12-12 22:35:01,3596357274378601,fraud_Jast Ltd,shopping_net,768.45,David,Everett,M,4138 David Fall,Morrisdale,PA,16858,41.0001,-78.2357,3688,Advice worker,1973-05-27,475d1afb1ac28118151d7f3010e34755,1386887701,41.534011,-78.56051,1,0.9094536,1
467907,2020-12-12 23:19:01,6011366578560244,"fraud_Greenholt, O'Hara and Balistreri",shopping_net,811.88,Adam,Stark,M,0912 Mark Fields Apt. 080,Mc Veytown,PA,17051,40.5046,-77.7186,4653,Nutritional therapist,1997-07-01,0f4449c3dd07efaf0d5eed842f931eef,1386890341,40.950811,-77.971003,0,0.72733223,1
467970,2020-12-12 23:39:16,4607072969078276,fraud_Dare-Marvin,entertainment,552.04,Brenda,Perez,F,033 Tara Brook Suite 523,Coyle,OK,73027,35.8985,-97.2607,1493,Amenity horticulturist,1985-03-21,b47bf6fc5222e4976b5dbbb85d896c5a,1386891556,35.420831,-98.207166,1,0.8469354,1
468005,2020-12-12 23:49:27,340953839692349,fraud_Kris-Padberg,shopping_pos,1519.43,Tyler,Wright,M,615 Clarke Spring Apt. 172,Warren,MI,48088,42.5164,-82.9832,134056,"Doctor, hospital",1980-05-18,a566d4475b54f8e9c76eaf5aae47b8d4,1386892167,41.897033,-81.983451,0,0.9750897,1
468155,2020-12-13 00:44:01,6011109736646996,fraud_Ruecker Group,misc_net,1240.12,Rebecca,Erickson,F,594 Berry Lights Apt. 392,Wilmington,NC,28405,34.2651,-77.867,186140,English as a second language teacher,1983-02-08,9954c5d5d1d256d82c6456acd4111d51,1386895441,34.773985,-77.19403100000001,0,0.7707487,1
468428,2020-12-13 02:18:11,3521417320836166,fraud_Boyer PLC,misc_pos,439.48,Angela,Hodges,F,08236 Kim Hill,Indianapolis,IN,46254,39.849,-86.272,910148,Firefighter,1975-11-30,b103710d51c126e9681a8d56aac364be,1386901091,40.742312,-86.107218,0,0.7319837,1
468855,2020-12-13 04:46:57,30235268718158,fraud_Corwin-Gorczany,misc_net,558.37,Kenneth,Doyle,M,8614 Reed Glen,West Harrison,NY,10604,41.0592,-73.7395,11250,Lexicographer,1977-08-16,5a627cc5a89874859f536e362f01d72d,1386910017,40.604161,-73.527118,0,0.56180245,1
469069,2020-12-13 05:56:59,3513618443244549,"fraud_Greenfelder, Bartoletti and Davis",misc_net,1097.16,Amber,Perez,F,954 Reyes Ways,Fulton,SD,57340,43.7588,-97.8712,355,Financial adviser,1955-06-26,4d491fdcf008e046280d705978d07ff0,1386914219,44.375484,-98.137465,0,0.8022279,1
470216,2020-12-13 12:09:06,213112402583773,fraud_Kris-Padberg,shopping_pos,2107.35,Ana,Howell,F,4664 Sanchez Common Suite 930,Bradley,SC,29819,34.0326,-82.2027,1523,Research scientist (physical sciences),1984-06-03,f1ae29bc3fa11eef55bcc2c78a539968,1386936546,34.625303,-81.41475600000001,0,0.80093867,1
471208,2020-12-13 15:55:06,4423489490781412,fraud_Medhurst PLC,shopping_net,985.83,Christopher,Ortega,M,5045 Emily Wall,Princeton,IA,52768,41.6858,-90.3706,1426,Agricultural consultant,1957-03-06,c595ca537ea142f6463d56e0bc133bae,1386950106,42.471876,-89.696683,1,0.91833156,1
471453,2020-12-13 16:48:30,3586008444788268,fraud_Kuhic LLC,shopping_net,867.81,Crystal,Fuller,F,000 Jennifer Mills,Issaquah,WA,98027,47.4974,-122.0107,50489,Osteopath,1984-02-29,ddbebe1a738f4d44d08180e67fdd8189,1386953310,47.950107,-122.947474,0,0.58185136,1
471499,2020-12-13 16:58:39,3518669219150142,fraud_Mohr Inc,shopping_pos,1702.98,Dorothy,Thomas,F,537 Rice Square Suite 040,Milford,OH,45150,39.1657,-84.23299999999999,31394,Hospital doctor,1996-11-12,8c2aede7be76defa63ee844c5fa45d4d,1386953919,39.889526,-84.373233,0,0.87013406,1
471545,2020-12-13 17:08:39,630424987505,fraud_Beier-Hyatt,shopping_pos,928.73,Jennifer,Black,F,2870 Bean Terrace Apt. 756,Thomas,WV,26292,39.1505,-79.503,836,Forensic psychologist,1981-08-29,7bdd73a4526e0b99dfa2269261f60323,1386954519,38.871261,-79.914469,0,0.58047557,1
471554,2020-12-13 17:09:46,213148039875802,fraud_Goyette Inc,shopping_net,1057.33,Jill,Jacobs,F,034 Kimberly Mountains,Brandon,FL,33510,27.9551,-82.2966,79613,Environmental consultant,1978-11-30,65b6a83b9a3571b7d4e4cf1a997ac583,1386954586,27.174384000000003,-81.582923,0,0.71703976,1
472064,2020-12-13 18:55:16,38588538868506,"fraud_Wiza, Schaden and Stark",misc_pos,1319.9,Jacqueline,Curry,F,3047 Jeff Place,Marathon,TX,79842,30.1886,-103.2214,498,Lexicographer,1990-11-23,9d04c5ed1288939b139520646b44c91b,1386960916,30.635697,-102.466498,0,0.8838872,1
472101,2020-12-13 19:03:24,3598215285024754,fraud_Dooley Inc,shopping_pos,1081.79,Ashley,Lopez,F,9333 Valentine Point,Bellmore,NY,11710,40.6729,-73.5365,34496,"Librarian, public",1970-10-21,1e189c714674f7c3cc46326f7c4a05bb,1386961404,41.116157,-73.901473,0,0.9107972,1
472139,2020-12-13 19:12:27,676102124465,"fraud_Baumbach, Feeney and Morar",shopping_net,1769.21,Natasha,Mclaughlin,F,8699 Lindsay Ford Apt. 486,Napa,CA,94558,38.4549,-122.2564,94014,Airline pilot,1985-08-21,ba9d16350e9c3fca9d4795f17bea7130,1386961947,38.871127,-122.241946,0,0.9078185,1
472210,2020-12-13 19:29:37,503874407318,fraud_Jerde-Hermann,travel,1017.65,Andrew,Mcgee,M,4130 Tiffany Glen Apt. 562,San Antonio,TX,78248,29.5894,-98.5201,1595797,Exhibition designer,1975-12-28,a020a1dea2efedc0e56b5542adc8158d,1386962977,28.749303,-97.60114,0,0.6661933,1
472349,2020-12-13 19:59:14,4806443445305,"fraud_Hahn, Douglas and Schowalter",travel,4258.73,Eric,Patel,M,69459 Rachel Prairie Apt. 850,Ironton,OH,45638,38.5294,-82.6654,21635,Geochemist,2001-07-10,69a20eba519f63d8f423b69dbb56ad2f,1386964754,38.552365,-82.22088000000001,0,0.90065163,1
472380,2020-12-13 20:05:31,3575789281659026,fraud_Mohr-Bayer,shopping_net,4175.74,Lindsay,Wilson,F,7618 Gonzales Mission,Centerview,MO,64019,38.7897,-93.8702,2368,Electronics engineer,1989-07-17,d9c7a5d230405dbeb14667357346d097,1386965131,39.7166,-94.823845,0,0.9169616,1
472383,2020-12-13 20:05:51,6011381817520024,"fraud_Turner, Ruecker and Parisian",misc_pos,542.4,Kristen,Allen,F,8619 Lisa Manors Apt. 871,Lagrange,WY,82221,41.6423,-104.1974,635,Product/process development scientist,1973-07-13,559d353dfdbac29cc71d9ccd259c0633,1386965151,42.385112,-103.482245,0,0.70234686,1
472485,2020-12-13 20:29:57,30234966027947,fraud_Balistreri-Nader,misc_pos,895.41,Matthew,Lambert,M,7188 Melissa Crest Apt. 151,New Holstein,WI,53061,43.9446,-88.0911,5196,Child psychotherapist,1978-01-22,1c4dcd6b32a6dee79e3053129feaf722,1386966597,44.338737,-87.237528,0,0.9674864,1
472941,2020-12-13 22:09:23,377550167323848,fraud_Jacobi and Sons,shopping_pos,949.49,Kevin,Walters,M,87227 Tapia Burgs,Auburn,ME,4210,44.0948,-70.23899999999999,23045,Tourist information centre manager,1958-09-02,0254cc4709d51e5d4039c465179ec0f2,1386972563,44.947379,-70.018025,1,0.9172558,1
472970,2020-12-13 22:16:11,378904938837132,fraud_Lesch Ltd,shopping_pos,6025.4,Tina,Zimmerman,F,3595 Susan Island Suite 063,Thomas,OK,73669,35.7382,-98.7388,1675,Barrister,1986-05-01,03440e0f1bfcb17798699e26b777644f,1386972971,35.089532,-98.482126,0,0.9151794,1
473151,2020-12-13 22:56:04,377550167323848,fraud_Klocko LLC,misc_net,823.31,Kevin,Walters,M,87227 Tapia Burgs,Auburn,ME,4210,44.0948,-70.23899999999999,23045,Tourist information centre manager,1958-09-02,5776a03d8bcc253abcd3b125db17979e,1386975364,43.377701,-69.283263,1,0.9906487,1
473167,2020-12-13 22:59:45,2266735643685262,fraud_Lynch-Mohr,travel,1469.5,Carlos,Chung,M,8957 Russell Key,Grant,AL,35747,34.4959,-86.259,5901,Curator,1972-07-25,d0019410915e170d48f352609a4f617d,1386975585,33.815926,-85.58596,0,0.8643541,1
473228,2020-12-13 23:14:00,377550167323848,fraud_Zemlak Group,misc_net,746.79,Kevin,Walters,M,87227 Tapia Burgs,Auburn,ME,4210,44.0948,-70.23899999999999,23045,Tourist information centre manager,1958-09-02,24cde32c8ff5e9ab25a41816c8f4b272,1386976440,44.876462,-71.02125799999999,1,0.99018013,1
473333,2020-12-13 23:37:19,3576431665303017,fraud_Heathcote LLC,shopping_net,1156.23,Jessica,Ward,F,72269 Elizabeth Field Apt. 132,Phoenix,AZ,85020,33.5623,-112.0559,1312922,Contractor,1981-10-24,2fa6942cc146125d3a0d4e1ee2bd526a,1386977839,33.23617,-112.251433,0,0.97268707,1
473360,2020-12-13 23:43:03,4048508450704760,fraud_Metz-Boehm,shopping_pos,1814.08,Cheryl,Melton,F,5053 Bell Crescent Apt. 255,Fullerton,NE,68638,41.36600000000001,-98.0054,1749,"Surveyor, mining",1973-05-07,d88438363cf9a0a5813440ac86845b54,1386978183,40.911529,-97.671173,0,0.97179127,1
473480,2020-12-14 00:10:33,3598014571045296,fraud_Dach-Nader,misc_net,485.48,Lisa,Clark,F,07943 Davis River,Grimesland,NC,27837,35.558,-77.2566,5903,Manufacturing systems engineer,1993-10-07,359e486fdaaa1062dbef26e7a45aea25,1386979833,36.240061,-76.45737199999999,0,0.9142322,1
473554,2020-12-14 00:33:13,213141712584544,"fraud_Moore, Dibbert and Koepp",misc_net,682.78,Margaret,Curtis,F,742 Oneill Shore,Florence,MS,39073,32.153,-90.1217,19685,Fine artist,1984-12-24,608be7c0ad272bef44d7b426c5336bb3,1386981193,32.980619,-90.139782,0,0.8865164,1
473636,2020-12-14 01:01:47,4412720572684931,fraud_Koelpin and Sons,misc_net,1348.88,Richard,Marshall,M,295 Page Creek Suite 181,Greenbush,VA,23357,37.7681,-75.6664,776,Psychiatrist,1949-11-17,c22fb3ea3862b3dd625820743e6241e9,1386982907,37.045612,-76.45719100000001,0,0.6971507,1
473760,2020-12-14 01:32:56,371226440126102,"fraud_Ferry, Lynch and Kautzer",misc_net,1276.54,Stacy,Lambert,F,85430 Julie Trafficway Suite 792,Mulberry Grove,IL,62262,38.9311,-89.2463,1810,Race relations officer,1974-12-24,aae4c033991e5d22d01c3ea1b5c45adc,1386984776,39.063646000000006,-90.03703900000001,0,0.6967768,1
475074,2020-12-14 07:43:05,4990494243023,fraud_Zemlak Group,misc_net,622.88,Martin,Ford,M,56812 Francis Courts,Corriganville,MD,21524,39.6967,-78.8031,626,Energy engineer,1960-12-13,7cefd9e410fd88008cfe8e9c026d7eb3,1387006985,38.957478,-78.09696,0,0.5492289,1
475123,2020-12-14 07:58:33,4067137330196900,fraud_Huel Ltd,misc_net,733.66,Christina,Eaton,F,3256 Brooks Field,Eldridge,AL,35554,33.9315,-87.6194,1186,Politician's assistant,1986-11-12,d7e716f6ada8aeee903de361ff35ffbc,1387007913,33.345147999999995,-86.95484,0,0.6139343,1
475160,2020-12-14 08:07:17,348789608637806,"fraud_Bernier, Volkman and Hoeger",misc_net,850.63,Megan,Murphy,F,53696 Laura Radial,Holstein,NE,68950,40.4542,-98.6538,331,Telecommunications researcher,1950-08-19,683b91cb9edf8bdb90bbc03ceb2a4dc5,1387008437,41.361736,-99.05719,0,0.6687576,1
475560,2020-12-14 10:02:50,4428154703770710,fraud_Bogisich-Homenick,misc_net,608.74,Brittany,Guerra,F,79209 Gary Dale,Colton,WA,99113,46.5901,-117.1692,761,Chief Marketing Officer,1943-06-30,866028be7c413ef65704ab5ad313701d,1387015370,47.163541,-116.960305,0,0.5909093,1
476015,2020-12-14 12:05:03,503874407318,fraud_Howe PLC,entertainment,792.09,Andrew,Mcgee,M,4130 Tiffany Glen Apt. 562,San Antonio,TX,78248,29.5894,-98.5201,1595797,Exhibition designer,1975-12-28,9a1dc75a685a09845c599a99d26d8730,1387022703,28.842292,-99.049989,0,0.7399042,1
476054,2020-12-14 12:11:22,3534718226968689,fraud_Dickinson Ltd,misc_pos,945.4,Lisa,Lopez,F,32343 Saunders Course,Dongola,IL,62926,37.3712,-89.1349,2263,Scientific laboratory technician,1984-09-13,ac3cfea7bca4887abf2d9cee69dfdb31,1387023082,38.143252,-89.531581,0,0.5120009,1
476145,2020-12-14 12:29:04,377550167323848,"fraud_Herman, Treutel and Dickens",misc_net,938.8,Kevin,Walters,M,87227 Tapia Burgs,Auburn,ME,4210,44.0948,-70.23899999999999,23045,Tourist information centre manager,1958-09-02,ee229d7ceb19dab4c4d685cd2733b333,1387024144,44.235248,-70.460132,1,0.9347331,1
476430,2020-12-14 13:18:52,630451534402,fraud_Pfeffer and Sons,shopping_pos,2143.89,Rachel,Daniels,F,561 Little Plain Apt. 738,Wetmore,MI,49895,46.3535,-86.6345,765,Immunologist,1972-06-12,c55257a09367338b3ab49216ca443850,1387027132,46.80809,-86.911283,0,0.8649476,1
476557,2020-12-14 13:41:36,3566094707272327,fraud_Johnston-Casper,travel,3172.89,Kristina,Stewart,F,47029 Jimmy Tunnel Apt. 106,Newhall,CA,91321,34.3795,-118.523,34882,Health physicist,1971-04-25,3e4f5e6f803b8ca0024772931a2e7f08,1387028496,34.234782,-118.498801,0,0.82186055,1
477234,2020-12-14 15:45:41,4661996144291811856,"fraud_Douglas, DuBuque and McKenzie",travel,7587.23,Linda,Park,F,24607 Charles Mountains,Fenelton,PA,16034,40.8555,-79.7372,2054,Operations geologist,1963-08-04,a6a089eb5ba1d7ad41497e59917a21f0,1387035941,40.288484,-79.02209,0,0.9002295,1
477569,2020-12-14 16:48:41,3501509250702469,fraud_Rempel Inc,shopping_net,2306.3,Frank,Anderson,M,0611 Stafford Valley Suite 504,Naples,FL,34112,26.1184,-81.7361,276002,"Programme researcher, broadcasting/film/video",1979-01-02,466014620fe629d033f50d23ac16bdb8,1387039721,26.936851,-81.100163,0,0.8731652,1
477621,2020-12-14 16:59:23,30131826429364,"fraud_Stanton, Jakubowski and Baumbach",shopping_net,1131.71,Brianna,Foley,F,57256 Raymond Ports,Knoxville,TN,37932,35.9335,-84.1481,391389,"Designer, industrial/product",1994-04-22,c3aa12fb5b93260d14c650abd70c9b34,1387040363,35.036506,-84.35533000000001,0,0.72084194,1
477624,2020-12-14 17:00:28,213141712584544,fraud_Kozey-Boehm,shopping_net,1070.14,Margaret,Curtis,F,742 Oneill Shore,Florence,MS,39073,32.153,-90.1217,19685,Fine artist,1984-12-24,1474815135aa31d5f1c5097349f8ca2e,1387040428,31.243083,-90.38727,0,0.6377089,1
477657,2020-12-14 17:06:01,3529597810116815,"fraud_Reichert, Rowe and Mraz",shopping_net,2371.66,Pamela,Curtis,F,8969 Fuentes Station Apt. 291,Mill Creek,PA,17060,40.4679,-77.8967,1334,Archaeologist,1986-12-17,8ed8ed6cb8eb8fab06c2311d73217882,1387040761,41.044714,-77.496562,0,0.9185528,1
478386,2020-12-14 19:25:11,6534628260579800,fraud_Botsford Ltd,shopping_pos,1536.02,Christine,Harris,F,29606 Martinez Views Suite 653,Hinesburg,VT,5461,44.3346,-73.098,4542,Claims inspector/assessor,1998-03-19,a7d476f1a497484ffb5aac5ff90a536d,1387049111,44.379494,-72.335123,0,0.8930273,1
478393,2020-12-14 19:26:20,3504178999463051,"fraud_Douglas, Schneider and Turner",shopping_pos,1164.31,Drew,Garcia,M,70858 Jasmine Meadows Apt. 135,Lima,OH,45801,40.7641,-84.0973,86954,"Copywriter, advertising",1992-07-23,eaad61138d09dde3865ce58791371974,1387049180,40.30888,-84.821038,0,0.83703554,1
478399,2020-12-14 19:27:21,4725837176265195730,"fraud_Baumbach, Feeney and Morar",shopping_net,1204.59,Elizabeth,Mckee,F,358 Pruitt Square,Jay,FL,32565,30.8985,-87.1332,5719,Higher education careers adviser,1994-11-05,227ac9071f4dceea68374eb41455c0a8,1387049241,31.352247,-87.75263100000001,0,0.71826255,1
478708,2020-12-14 20:25:46,38052002992326,fraud_Towne LLC,misc_pos,1108.28,Anna,Logan,F,3522 Park Wells Suite 528,Cleveland,TX,77327,30.33,-95.0202,34153,Building surveyor,1995-09-11,e8e2e14fb1a87585dd78a31922486180,1387052746,30.63018,-95.193887,0,0.7809099,1
479216,2020-12-14 22:03:30,377550167323848,fraud_Kuhn LLC,misc_net,777.27,Kevin,Walters,M,87227 Tapia Burgs,Auburn,ME,4210,44.0948,-70.23899999999999,23045,Tourist information centre manager,1958-09-02,4e76831c0f67f28787859cfd6d9be55a,1387058610,43.428598,-69.752895,1,0.99130577,1
479238,2020-12-14 22:09:50,3576431665303017,fraud_Auer-West,shopping_net,963.59,Jessica,Ward,F,72269 Elizabeth Field Apt. 132,Phoenix,AZ,85020,33.5623,-112.0559,1312922,Contractor,1981-10-24,e18544c9441aa22b663ddada1d236757,1387058990,32.793187,-111.917874,0,0.8972279,1
479321,2020-12-14 22:25:24,4423489490781412,fraud_Beier-Hyatt,shopping_pos,916.68,Christopher,Ortega,M,5045 Emily Wall,Princeton,IA,52768,41.6858,-90.3706,1426,Agricultural consultant,1957-03-06,32383aab46f65b9b7df29eceec451b4f,1387059924,42.620528,-90.773483,1,0.9084071,1
479443,2020-12-14 22:49:45,6011492816282597,fraud_Goyette Inc,shopping_net,991.1,Gary,Barnes,M,2970 Flores Brooks,Smackover,AR,71762,33.3398,-92.7442,2501,Financial adviser,1986-06-11,494b8535244dd506b8f875de3b1d9c46,1387061385,33.359804,-92.974237,1,0.78317493,1
479444,2020-12-14 22:49:48,6011492816282597,"fraud_Greenholt, O'Hara and Balistreri",shopping_net,991.22,Gary,Barnes,M,2970 Flores Brooks,Smackover,AR,71762,33.3398,-92.7442,2501,Financial adviser,1986-06-11,7ee4e9bb090a4c3cfb0c01d5c2920455,1387061388,33.846656,-93.72454,1,0.8167043,1
479508,2020-12-14 23:01:06,30235438713303,fraud_Hermann-Gaylord,misc_pos,712.34,James,Baldwin,M,3603 Mitchell Court,Winfield,WV,25213,38.5072,-81.89,5512,Exhibition designer,1980-03-24,d9cc0cdd6c34f60e3033ce91633d4e43,1387062066,38.52256,-81.289934,0,0.8616741,1
479517,2020-12-14 23:03:32,4424338559877976,"fraud_Hagenes, Hermann and Stroman",travel,1582.5,Denise,Barnett,F,23220 Eaton Harbors,Kirby,OH,43330,40.813,-83.4196,118,Private music teacher,1957-11-12,65622e2ed7d4d3b9ba631c484adcddce,1387062212,41.064104,-83.209742,0,0.9368888,1
479634,2020-12-14 23:24:11,676369110710,"fraud_Schroeder, Hauck and Treutel",entertainment,636.04,David,Wolfe,M,81261 Garcia Underpass Suite 741,Southfield,MI,48034,42.4969,-83.2911,75830,"Engineer, automotive",1974-12-28,f71d3f0d56ef97387ba918debb3d302e,1387063451,41.529469,-83.151928,0,0.9252809,1
479645,2020-12-14 23:25:22,2254917871818484,fraud_Jewess LLC,shopping_pos,1538.59,Margaret,Gibson,F,382 Williams Stream Suite 197,Scotland,MD,20687,38.0828,-76.3477,313,Insurance underwriter,1976-03-26,d840051f6b507bf8c2aa0ffd6818f20a,1387063522,38.747872,-76.831828,0,0.9657418,1
479790,2020-12-14 23:50:56,676298633337,"fraud_Goyette, Howell and Collier",shopping_pos,1304.07,Jessica,Werner,F,4529 Cannon Alley,Center Point,WV,26339,39.4125,-80.6352,255,Chief Executive Officer,1971-12-10,ee0479626568490079cb0c6c2f2506c4,1387065056,39.566145,-79.802175,0,0.9631878,1
479884,2020-12-15 00:13:08,6011492816282597,fraud_Volkman Ltd,misc_net,725.33,Gary,Barnes,M,2970 Flores Brooks,Smackover,AR,71762,33.3398,-92.7442,2501,Financial adviser,1986-06-11,31941916823bb3b58e6c52e95d453539,1387066388,32.843962,-91.853305,1,0.8638157,1
479996,2020-12-15 00:48:48,213180742685905,fraud_Jaskolski-Vandervort,misc_net,468.0,Kayla,Sutton,F,010 Weaver Land,Carlotta,CA,95528,40.507,-123.9743,1139,"Therapist, occupational",1951-01-15,a8540c793f05e9cad6d4179abc46fa3a,1387068528,41.355401,-123.638728,0,0.526032,1
480019,2020-12-15 00:52:58,213195754007681,fraud_McGlynn-Heathcote,misc_net,528.64,Zachary,Allen,M,69252 Oconnor Alley Apt. 153,Ollie,IA,52576,41.2001,-92.1354,568,Commercial horticulturist,1969-07-24,f242d68e986710bf191f01ad8e7b00e4,1387068778,41.198418,-91.958371,0,0.8261017,1
480046,2020-12-15 01:00:42,379897244598068,"fraud_Parisian, Schiller and Altenwerth",misc_net,729.93,Frank,Key,M,5537 Jessica Plaza,Pewee Valley,KY,40056,38.3039,-85.4834,3263,Stage manager,1930-02-28,971f4cdfb9a4e913ce67e1d45b1c5f04,1387069242,37.739562,-85.574634,0,0.65881795,1
480409,2020-12-15 02:54:59,4149635823017,fraud_Kunde-Sanford,misc_net,667.95,Samuel,Farrell,M,428 Michael Tunnel Apt. 377,Cleveland,AL,35049,33.9778,-86.5598,3996,Aid worker,1977-06-14,f69c47085df2c64f3d353c4ca8165146,1387076099,34.491195000000005,-86.70834,0,0.80593926,1
480501,2020-12-15 03:25:36,30551643947183,fraud_Bednar Group,misc_net,914.23,Morgan,Smith,F,1441 Bradley Place,Grover,NC,28073,35.1836,-81.4552,5621,Toxicologist,1973-11-14,7fe8c4304abbe6f9f180c6f4dfdeef0f,1387077936,35.715267,-80.711013,0,0.7646357,1
480728,2020-12-15 04:27:34,38947654498698,fraud_Dach-Nader,misc_net,499.71,Lori,Rodriguez,F,12087 Michael Light,Creola,OH,45622,39.3543,-82.50299999999999,321,"Copywriter, advertising",1979-06-24,8f39b8016c3e8be888ac64a554f8e908,1387081654,40.351365,-82.48240600000001,0,0.67475903,1
480923,2020-12-15 05:29:14,3598014571045296,fraud_Miller-Harris,misc_net,1127.31,Lisa,Clark,F,07943 Davis River,Grimesland,NC,27837,35.558,-77.2566,5903,Manufacturing systems engineer,1993-10-07,91265aec9757cfb9cea0c6997cedbd10,1387085354,35.057931,-76.50524,0,0.71262944,1
480972,2020-12-15 05:46:13,3583635130604947,"fraud_Greenfelder, Bartoletti and Davis",misc_net,418.02,Crystal,Gamble,F,899 Michele View Suite 960,Philadelphia,PA,19149,40.0369,-75.0664,1526206,Structural engineer,1985-01-01,e9d199cb5d1de41b00a3acc1e0732603,1387086373,40.742795,-74.161876,0,0.51703167,1
481276,2020-12-15 07:21:21,4824023901222438,"fraud_Daugherty, Pouros and Beahan",shopping_pos,1453.11,Christina,Nelson,F,1233 Sutton Road Suite 701,Bynum,TX,76631,31.9907,-96.9837,522,Commercial/residential surveyor,1946-03-21,eca23322936594805b90ca5787b5ffca,1387092081,32.748259999999995,-96.94222,0,0.5196766,1
481309,2020-12-15 07:32:47,30376238035123,"fraud_Wintheiser, Dietrich and Schimmel",misc_pos,2295.48,Cynthia,Davis,F,7177 Steven Forges,Sixes,OR,97476,42.825,-124.4409,217,Retail merchandiser,1928-10-01,7ded0bb9f73ff27bb65540fc4b95c714,1387092767,42.562114,-123.647552,0,0.84520185,1
482331,2020-12-15 12:27:31,3596217206093829,fraud_Hills-Witting,shopping_net,1334.9,Sara,Ramirez,F,23843 Scott Island,Birmingham,IA,52535,40.8626,-91.9534,888,Camera operator,1988-03-25,86f41c481b50ea36e8917637c9405b5a,1387110451,40.848674,-91.008167,0,0.68534946,1
482338,2020-12-15 12:29:57,3501365119557234,fraud_Veum-Koelpin,travel,4341.64,Danielle,Allen,F,87198 Macias Drive Suite 389,Loving,NM,88256,32.274,-104.0914,1925,Educational psychologist,1952-05-26,b17b2b79684f677d4c896f0703528bb0,1387110597,32.111628,-105.084447,0,0.8637772,1
482748,2020-12-15 13:47:44,371226440126102,"fraud_Zboncak, Rowe and Murazik",shopping_net,1008.26,Stacy,Lambert,F,85430 Julie Trafficway Suite 792,Mulberry Grove,IL,62262,38.9311,-89.2463,1810,Race relations officer,1974-12-24,b989489304319897884b3c87261d4546,1387115264,38.078549,-88.614643,0,0.51438636,1
483492,2020-12-15 16:15:56,3596217206093829,fraud_Schmeler Inc,misc_pos,1604.02,Sara,Ramirez,F,23843 Scott Island,Birmingham,IA,52535,40.8626,-91.9534,888,Camera operator,1988-03-25,752e4809155234028205060071d98c26,1387124156,41.446869,-92.840341,0,0.8414854,1
483844,2020-12-15 17:21:32,567868110212,fraud_Terry-Huel,shopping_net,816.71,Dawn,Tucker,F,789 Herring Manors,Houston,TX,77007,29.7736,-95.4034,2906700,"Copywriter, advertising",1984-12-16,15e264c32837d843e24afc2600efa5f6,1387128092,30.716268,-96.17245,0,0.63469,1
483954,2020-12-15 17:48:11,676369110710,fraud_Metz-Boehm,shopping_pos,2384.52,David,Wolfe,M,81261 Garcia Underpass Suite 741,Southfield,MI,48034,42.4969,-83.2911,75830,"Engineer, automotive",1974-12-28,ee67780f392c9c0b466edfeb0466cc3a,1387129691,41.954895,-82.986337,0,0.90672076,1
484114,2020-12-15 18:20:28,378904938837132,fraud_Kuphal-Predovic,misc_net,1081.21,Tina,Zimmerman,F,3595 Susan Island Suite 063,Thomas,OK,73669,35.7382,-98.7388,1675,Barrister,1986-05-01,cbbe83ed062ebc9ae0d4f925a19fec13,1387131628,35.640297,-98.911977,0,0.9347182,1
484208,2020-12-15 18:40:04,573860193545,fraud_Balistreri-Nader,misc_pos,798.01,Cristian,Jones,M,0423 Kirby Field Suite 623,Wilmette,IL,60091,42.0765,-87.7246,27020,Trade mark attorney,1986-07-23,6b7f4eb4b2593c7d21a6c4c582a24634,1387132804,41.486567,-87.71729,0,0.81923735,1
484271,2020-12-15 18:52:51,4587657402165341815,fraud_Mosciski Group,travel,11052.59,Amber,Lewis,F,6296 John Keys Suite 858,Pembroke Township,IL,60958,41.0646,-87.5917,2135,"Psychotherapist, child",2004-05-08,472b4e735048d978337e579a5b60bbda,1387133571,41.70312,-87.80266999999999,0,0.87982565,1
484449,2020-12-15 19:25:19,370877495212014,fraud_Conroy Ltd,shopping_pos,1354.12,Sarah,Clark,F,25961 Beverly Union Apt. 042,North Wilkesboro,NC,28659,36.2017,-81.1286,21134,Dispensing optician,1984-03-06,e3de4fc2ff38dc4a0f09780cbb57f6ad,1387135519,37.036431,-81.558849,0,0.8830238,1
484700,2020-12-15 20:11:06,2222001896600109,"fraud_Haley, Jewess and Bechtelar",shopping_pos,2212.11,Susan,Hernandez,F,2193 Osborne Run Apt. 789,Moro,IL,62067,38.9318,-89.9618,2401,"Buyer, industrial",1972-01-03,64d74032867c0f09c3b0022f5c42c8e8,1387138266,39.683878,-89.95509100000001,0,0.95126426,1
484807,2020-12-15 20:34:25,30491348102802,fraud_Hackett Group,travel,4688.36,Tommy,Dixon,M,8829 Steele Station,Dresden,KS,67635,39.6094,-100.4112,169,"Librarian, public",1953-07-30,9a0b21cd107c758006c48ad507f085ad,1387139665,39.38107,-100.496547,0,0.9311474,1
484900,2020-12-15 20:50:46,4710792708725663,"fraud_Romaguera, Cruickshank and Greenholt",shopping_net,1238.24,Justin,Bell,M,954 Green Wall,Churubusco,IN,46723,41.229,-85.3244,7692,"Research officer, trade union",1986-12-13,bedf43b5d8827a4415ad8405502a7312,1387140646,41.540133,-86.178927,0,0.9415927,1
484913,2020-12-15 20:55:14,4069975342931683,"fraud_Nitzsche, Kessler and Wolff",shopping_pos,1430.78,Kimberly,Martin,F,1943 Dennis Inlet Suite 145,Hurricane,WV,25526,38.4257,-81.9943,21902,Sub,1980-09-18,e679bae54e17d5cfaa085c61cd47bbec,1387140914,37.76438,-82.962761,0,0.93321294,1
485119,2020-12-15 21:31:24,4198470814557,"fraud_Greenholt, O'Hara and Balistreri",shopping_net,580.13,Christie,Williamson,F,519 Jerry Views,Avoca,IA,51521,41.4768,-95.3509,2036,Engineering geologist,1971-08-20,4bb396569e59b946d606ff11a3b96059,1387143084,40.920851,-96.2601,0,0.57210326,1
485148,2020-12-15 21:37:37,6011492816282597,fraud_Schumm PLC,shopping_net,1065.89,Gary,Barnes,M,2970 Flores Brooks,Smackover,AR,71762,33.3398,-92.7442,2501,Financial adviser,1986-06-11,64d951d57294b97baf576ba8f08b71a2,1387143457,32.83108,-93.199649,1,0.84348637,1
485294,2020-12-15 22:04:42,4099707841315751,fraud_Sawayn PLC,shopping_pos,832.47,James,Stephens,M,1166 Castillo Mountains,Ruckersville,VA,22968,38.2586,-78.4074,9815,"Designer, ceramics/pottery",1975-07-07,4cf7121af1793cc284ce33977a7ee052,1387145082,37.37028,-78.995802,0,0.74938166,1
485390,2020-12-15 22:22:44,180040027502291,fraud_Cormier LLC,shopping_net,982.07,Mary,Schmidt,F,022 Moore Island,New York City,NY,10162,40.7699,-73.9511,1577385,Audiological scientist,1957-12-29,8b4a2652c4c39850db71607e7c208e7c,1387146164,40.590142,-74.666428,1,0.9873355,1
485405,2020-12-15 22:25:50,180040027502291,"fraud_Stanton, Jakubowski and Baumbach",shopping_net,898.36,Mary,Schmidt,F,022 Moore Island,New York City,NY,10162,40.7699,-73.9511,1577385,Audiological scientist,1957-12-29,27631ab54b82510217b550dedf4287e8,1387146350,41.598438,-72.982478,1,0.9897378,1
485523,2020-12-15 22:47:52,30131826429364,fraud_Schmeler Inc,misc_pos,601.62,Brianna,Foley,F,57256 Raymond Ports,Knoxville,TN,37932,35.9335,-84.1481,391389,"Designer, industrial/product",1994-04-22,c1a2f7fa5f8cbb3d97b9fc36f0f924fe,1387147672,36.169065,-83.944197,0,0.55531746,1
485605,2020-12-15 23:05:40,180040027502291,fraud_Ankunding LLC,shopping_net,856.86,Mary,Schmidt,F,022 Moore Island,New York City,NY,10162,40.7699,-73.9511,1577385,Audiological scientist,1957-12-29,26f374ce6ee947de8c05dae2745b32ff,1387148740,40.408171,-74.586272,1,0.9856058,1
485675,2020-12-15 23:19:23,374930071163758,"fraud_Wiza, Schaden and Stark",misc_pos,815.43,Daniel,Escobar,M,61390 Hayes Port,Romulus,MI,48174,42.2203,-83.3583,31515,Police officer,1971-11-05,f593ea838b3f7fab8077d1cda9cf6bac,1387149563,41.285609,-83.84173100000001,0,0.97207177,1
485783,2020-12-15 23:39:48,180040027502291,fraud_Fisher Inc,shopping_net,844.77,Mary,Schmidt,F,022 Moore Island,New York City,NY,10162,40.7699,-73.9511,1577385,Audiological scientist,1957-12-29,611fff72c27462a7197d771d34f200ab,1387150788,41.741763,-74.818218,1,0.9863738,1
485859,2020-12-15 23:54:19,180040027502291,fraud_Mayert Group,shopping_pos,1038.53,Mary,Schmidt,F,022 Moore Island,New York City,NY,10162,40.7699,-73.9511,1577385,Audiological scientist,1957-12-29,b624ad3c240f7cf53d8e145678573e8e,1387151659,40.054711,-73.878917,1,0.9891066,1
485923,2020-12-16 00:19:19,30343344410970,fraud_Bins-Tillman,entertainment,415.26,Jacob,Dawson,M,663 Anna Plaza,Marienville,PA,16239,41.4622,-79.1306,4172,"Copywriter, advertising",1962-03-20,0b52e534b97eb5c2f89c1ca3f1238f6c,1387153159,41.108782,-79.42116899999999,0,0.62047875,1
486075,2020-12-16 01:51:48,30344654314976,fraud_Ankunding LLC,shopping_net,1474.8,Christine,Johnson,F,8011 Chapman Tunnel Apt. 568,Blairsden-Graeagle,CA,96103,39.8127,-120.6405,1725,Chartered legal executive (England and Wales),1967-05-27,f2b891a33f88ac438da4e8b482106076,1387158708,40.526608,-120.541915,0,0.5305911,1
486104,2020-12-16 02:07:09,4503101193493052864,"fraud_Boehm, Predovic and Reinger",misc_pos,716.72,Katherine,Tucker,F,670 Le Meadows Suite 250,Lakeland,FL,33811,27.9865,-82.0139,237282,Clothing/textile technologist,1979-07-03,d62d0722c633af629c33ef9b234a3bf3,1387159629,28.206209,-82.88781,0,0.74130905,1
486315,2020-12-16 04:15:58,370348764075623,"fraud_Stanton, Jakubowski and Baumbach",shopping_net,4476.38,Christopher,Gomez,M,950 Dunn Squares,Tickfaw,LA,70466,30.5668,-90.482,8512,"Accountant, chartered public finance",1951-09-03,f61720bfa7834b824f313119a32ade4d,1387167358,30.385194,-90.409328,0,0.80815566,1
486353,2020-12-16 04:35:33,4560004149983868183,fraud_Halvorson Group,misc_pos,705.5,Stacy,Villegas,F,20581 Pena Walks,Colorado Springs,CO,80951,38.8881,-104.6556,525713,Museum/gallery exhibitions officer,1992-05-09,25ace195de5b6fef097e475a869d6638,1387168533,39.030088,-103.943478,0,0.7267271,1
486381,2020-12-16 04:49:13,180067784565096,"fraud_Greenfelder, Bartoletti and Davis",misc_net,583.99,Mary,Juarez,F,35440 Ryan Islands,North Prairie,WI,53153,42.9385,-88.395,2328,Applications developer,1942-01-06,702b932b6632f72efbcebd1d244af8d0,1387169353,43.278256,-89.33196099999999,0,0.6691373,1
486566,2020-12-16 06:55:27,6011542681743618,"fraud_Tillman, Fritsch and Schmitt",misc_net,715.35,Emily,Hall,F,8851 Reese Neck,Basye,VA,22810,38.8089,-78.7776,863,"Engineer, mining",1972-08-09,d2fcd58456d2cc071aad1d0d2e5d42ad,1387176927,39.764882,-78.734008,0,0.6784795,1
486929,2020-12-16 10:40:36,4736845434667908128,"fraud_Tillman, Fritsch and Schmitt",misc_net,648.51,Toni,Gomez,F,062 Carl Dam,Altona,NY,12910,44.8816,-73.6408,2148,"Surveyor, land/geomatics",1953-05-23,503833e775b47a39c6fdd53a194e7838,1387190436,45.706735,-72.89431,0,0.6750214,1
487297,2020-12-16 13:27:22,180067151859700,fraud_Sawayn PLC,shopping_pos,1141.28,Karen,Ryan,F,82468 Michelle Village Suite 556,Joliet,IL,60432,41.5378,-88.0572,128354,"Teacher, secondary school",1992-01-20,0d671805b144a6250c30992195661e09,1387200442,42.468535,-88.178547,0,0.6492115,1
487654,2020-12-16 15:45:10,30404291151692,"fraud_Bins, Balistreri and Beatty",shopping_pos,1229.49,Savannah,Lewis,F,537 Walker Freeway,North Tonawanda,NY,14120,43.0498,-78.851,45100,Ambulance person,1993-10-25,7be7b08f18ec5a80a54da30b3a2d6387,1387208710,43.494194,-77.90010600000001,0,0.8473905,1
487960,2020-12-16 17:41:08,5540636818935089,fraud_Wiza LLC,misc_pos,818.49,Kenneth,Foster,M,329 Michael Extension,Lawrence,MA,1843,42.6911,-71.1605,76383,Geoscientist,1985-04-04,7f756507a7b436e55b520fca012c9211,1387215668,41.764472,-70.70040300000001,0,0.55116075,1
488094,2020-12-16 18:41:15,676308307625,fraud_Wisozk and Sons,misc_pos,1583.09,Donald,Evans,M,1287 Michael Roads,Washoe Valley,NV,89704,39.2669,-119.8174,4290,Animal nutritionist,1989-12-10,79398d8f11636eb2bfc4191ae873eb86,1387219275,39.920001,-120.503838,0,0.9196328,1
488456,2020-12-16 21:16:07,4378993458389626,fraud_Boyer-Haley,travel,16339.26,Travis,Hayes,M,1561 Chase Grove,Conway,NH,3818,43.9742,-71.1503,3807,Surgeon,1999-10-25,787b3a6dae2fad86d24e89ec9e13482b,1387228567,43.07245,-71.11775300000001,0,0.90265894,1
488612,2020-12-16 22:11:36,3521417320836166,fraud_Predovic Inc,shopping_net,558.66,Angela,Hodges,F,08236 Kim Hill,Indianapolis,IN,46254,39.849,-86.272,910148,Firefighter,1975-11-30,277c8af4cf163372f6d38c72c858d67e,1387231896,40.68335,-85.27699399999999,0,0.72186106,1
488646,2020-12-16 22:30:51,639046421587,"fraud_Heathcote, Yost and Kertzmann",shopping_net,899.98,Dylan,Bonilla,M,2497 John Motorway Suite 922,Leetsdale,PA,15056,40.5662,-80.2099,1140,"Administrator, education",1986-06-20,c2a98e8e8ecf4a9c8e8514ff373be2ac,1387233051,40.561211,-79.681402,1,0.8702306,1
488648,2020-12-16 22:31:11,180040027502291,"fraud_Rippin, Kub and Mann",misc_net,821.87,Mary,Schmidt,F,022 Moore Island,New York City,NY,10162,40.7699,-73.9511,1577385,Audiological scientist,1957-12-29,924443f2c7faeaf93ae5be6c7d7ddbd9,1387233071,41.315805,-73.064565,1,0.99234253,1
488684,2020-12-16 22:42:18,2714019737356678,"fraud_Ruecker, Beer and Collier",shopping_net,949.82,Christina,Moore,F,542 Finley Ports Apt. 396,West Finley,PA,15377,39.9914,-80.4408,724,Theme park manager,1995-08-30,9848478758f1a3d08e475cc30787a5bf,1387233738,40.889993,-80.089213,1,0.796803,1
488699,2020-12-16 22:47:03,180040027502291,"fraud_Rippin, Kub and Mann",misc_net,848.91,Mary,Schmidt,F,022 Moore Island,New York City,NY,10162,40.7699,-73.9511,1577385,Audiological scientist,1957-12-29,7c646e95b7ce0f284a9aada19d5c9fdc,1387234023,40.073253,-74.063548,1,0.99281913,1
488786,2020-12-16 23:22:36,639046421587,fraud_Gerlach Inc,shopping_net,958.42,Dylan,Bonilla,M,2497 John Motorway Suite 922,Leetsdale,PA,15056,40.5662,-80.2099,1140,"Administrator, education",1986-06-20,4fb62e1e354c4444603edb1b136e0a35,1387236156,40.371957,-80.52050799999999,1,0.9103357,1
488792,2020-12-16 23:25:10,180040027502291,fraud_Koelpin and Sons,misc_net,806.56,Mary,Schmidt,F,022 Moore Island,New York City,NY,10162,40.7699,-73.9511,1577385,Audiological scientist,1957-12-29,ccc4bf93e1fecd503ec40ef1f18afe78,1387236310,41.228507,-73.558441,1,0.9930577,1
488799,2020-12-16 23:29:49,38530489946071,fraud_Kerluke-Abshire,shopping_net,767.9,Laura,Johns,F,95835 Garcia Rue,Arcadia,SC,29320,34.9572,-81.9916,530,Animal technologist,1989-05-14,11682d3160220ae0069a38a9b22b9035,1387236589,34.250237,-81.343797,0,0.6965367,1
488857,2020-12-16 23:45:43,30199621383748,fraud_Kihn Inc,shopping_pos,745.76,Theresa,Powell,F,117 Natasha Vista Suite 936,Leonard,TX,75452,33.4044,-96.2238,4090,Sub,1977-03-23,2e2ea2d7ef8758c3a6bfe8bd4d32b661,1387237543,33.925265,-95.316725,0,0.69127893,1
488869,2020-12-16 23:49:29,639046421587,fraud_Terry-Huel,shopping_net,1158.64,Dylan,Bonilla,M,2497 John Motorway Suite 922,Leetsdale,PA,15056,40.5662,-80.2099,1140,"Administrator, education",1986-06-20,f73e97a4f59f9c0ffc90ffc9deede858,1387237769,40.843626,-80.706604,1,0.9555216,1
488895,2020-12-16 23:59:32,2714019737356678,"fraud_Zboncak, Rowe and Murazik",shopping_net,1056.99,Christina,Moore,F,542 Finley Ports Apt. 396,West Finley,PA,15377,39.9914,-80.4408,724,Theme park manager,1995-08-30,07d67e15b9ed9f64d0e1fd7db283a0af,1387238372,39.874947,-79.92155699999999,1,0.9113979,1
488985,2020-12-17 00:44:27,377234009633447,fraud_Kris-Weimann,misc_net,1338.68,Theresa,Blackwell,F,43576 Kristina Islands,Shenandoah Junction,WV,25442,39.3716,-77.8229,1925,Systems developer,1966-02-14,a4d7847fb43432b1eed4219fa7b7018d,1387241067,39.49653,-78.717747,0,0.68667716,1
489037,2020-12-17 01:21:01,5540636818935089,fraud_Kuhn LLC,misc_net,1348.23,Kenneth,Foster,M,329 Michael Extension,Lawrence,MA,1843,42.6911,-71.1605,76383,Geoscientist,1985-04-04,796a6aa93b859784f2645504b1a23f6c,1387243261,42.777062,-70.805846,0,0.7258763,1
489075,2020-12-17 01:40:07,3533800906065217,fraud_Ruecker Group,misc_net,751.0,Amber,Thornton,F,840 Werner Lock Apt. 852,Campbell,NE,68932,40.2967,-98.737,493,"Surveyor, minerals",1940-09-13,b0ffda413c96e31ea9bd9575cb61358f,1387244407,40.777354,-98.420191,0,0.67944056,1
489156,2020-12-17 02:20:52,6011109736646996,fraud_Kerluke PLC,misc_net,570.97,Rebecca,Erickson,F,594 Berry Lights Apt. 392,Wilmington,NC,28405,34.2651,-77.867,186140,English as a second language teacher,1983-02-08,ccffdf2fd69e9cd0768d84ef675ba951,1387246852,33.742726,-78.422122,0,0.87834203,1
489244,2020-12-17 03:14:39,30135235368675,fraud_Balistreri-Nader,misc_pos,465.86,Amanda,Williams,F,02018 Gary Key Apt. 911,Independence,MO,64058,39.1412,-94.3515,123373,"Engineer, production",1992-11-27,b80f0fe07f78dbd020f1e7c1ed2e27bf,1387250079,39.752473,-94.200553,0,0.84859145,1
489334,2020-12-17 04:03:05,3583093681934489,fraud_Kunde-Sanford,misc_net,754.74,Hannah,Knight,F,0900 Beverly Landing,Louisville,KY,40209,38.1901,-85.7519,736284,"Education officer, museum",1961-09-13,7ea3a26a25986e94b538bcdbefa3f4e8,1387252985,37.449902,-84.826638,0,0.6907232,1
490002,2020-12-17 09:46:23,213141712584544,fraud_Corwin-Gorczany,misc_net,841.36,Margaret,Curtis,F,742 Oneill Shore,Florence,MS,39073,32.153,-90.1217,19685,Fine artist,1984-12-24,e4037256ab7a89dc05ce2c0863e0bd41,1387273583,31.957581,-90.300904,0,0.5913169,1
490162,2020-12-17 11:00:44,213120463918358,fraud_McGlynn-Heathcote,misc_net,727.34,Willie,Jordan,M,529 West Key,Spearsville,LA,71277,32.955,-92.587,1758,"Psychologist, forensic",1957-08-08,3efe91434831e6711aa342f6a84e2071,1387278044,32.075215,-93.550398,0,0.8133833,1
490179,2020-12-17 11:09:20,4788103653396,fraud_Volkman Ltd,misc_net,965.34,Kristin,Williams,F,36366 Smith Road,Miamisburg,OH,45342,39.6321,-84.2675,36784,"Investment banker, corporate",1941-07-31,896fdb2c60841b7eb4e37ef960767435,1387278560,38.763925,-83.66885400000001,0,0.9630045,1
490310,2020-12-17 12:11:41,3554849923339851,fraud_Romaguera and Sons,travel,2696.0,John,Hudson,M,886 Nicole Key,Stillwater,OK,74074,36.1043,-97.0609,55345,Cabin crew,1948-05-01,dc6057a049c3a1cb792788d797c1783d,1387282301,35.254999,-96.651896,0,0.8608797,1
490762,2020-12-17 15:01:51,571365235126,fraud_Barrows PLC,shopping_pos,1600.57,Barbara,Taylor,F,0069 Robin Brooks Apt. 695,Elberta,MI,49628,44.5995,-86.2141,372,"Exhibitions officer, museum/gallery",1995-07-12,6ad19c96b6e7e704e25c5b25000c0b78,1387292511,45.20234,-86.848047,0,0.8615949,1
490996,2020-12-17 16:28:51,4229733778084049,fraud_McCullough LLC,misc_pos,828.86,Tyler,Mills,M,7838 Jason Squares,Elizabethtown,KY,42701,37.6848,-85.8784,48194,Surgeon,1990-05-03,94e438166e7c2ad3563613a3c1d6df84,1387297731,38.294592,-86.074956,0,0.7084544,1
491121,2020-12-17 17:11:23,3599237318576484,fraud_Turner LLC,travel,4074.56,Jessica,Smith,F,06808 Ryan Valleys,Dubre,KY,42731,36.8421,-85.5396,341,Insurance risk surveyor,1932-11-19,dcf7dbbad22bc2c5b2ac5a9bfdf7ab60,1387300283,37.486871,-85.260847,0,0.93063575,1
491475,2020-12-17 19:15:28,6011724471098086,"fraud_Gottlieb, Considine and Schultz",shopping_net,873.48,Ann,Lawson,F,144 Evans Islands Apt. 683,Burbank,WA,99323,46.1966,-118.9017,3684,Musician,1981-11-29,125a26df0cba0f5333c34b40a7834a7f,1387307728,45.525936,-119.808443,0,0.8523262,1
491539,2020-12-17 19:42:04,639046421587,"fraud_Parisian, Schiller and Altenwerth",misc_net,759.36,Dylan,Bonilla,M,2497 John Motorway Suite 922,Leetsdale,PA,15056,40.5662,-80.2099,1140,"Administrator, education",1986-06-20,41df2bed8c3534f38ee9aa65f2d7dfc2,1387309324,40.451613,-79.438631,1,0.9689549,1
491589,2020-12-17 19:59:24,5540636818935089,fraud_Goyette-Herzog,travel,7029.48,Kenneth,Foster,M,329 Michael Extension,Lawrence,MA,1843,42.6911,-71.1605,76383,Geoscientist,1985-04-04,c27daff842cf77512bb90a6206cb9527,1387310364,41.882788,-71.417777,0,0.9090936,1
491673,2020-12-17 20:28:55,4265776278887457,fraud_Dibbert and Sons,entertainment,380.45,Christine,Best,F,68248 Deanna Land,Enola,AR,72047,35.2087,-92.2123,969,"Physicist, medical",1954-01-05,f24234f58b86ac38280cf6b68234b90e,1387312135,36.006322,-92.942761,0,0.86040246,1
491682,2020-12-17 20:31:18,6538891242532018,fraud_Hickle Group,shopping_pos,812.77,Jodi,Rodriguez,F,5796 Lee Coves Apt. 286,Walnut Ridge,AR,72476,36.0244,-90.9288,7155,"Engineer, control and instrumentation",1977-03-23,a6ce9d664d435532f7d0a6bf7125de7e,1387312278,35.360116,-90.325699,0,0.69915086,1
491777,2020-12-17 20:57:52,2714019737356678,fraud_Stamm-Witting,shopping_net,925.28,Christina,Moore,F,542 Finley Ports Apt. 396,West Finley,PA,15377,39.9914,-80.4408,724,Theme park manager,1995-08-30,edce6d8702c805036ff866e1170a3035,1387313872,39.554361,-80.37955799999999,1,0.76813805,1
491850,2020-12-17 21:19:37,630451534402,fraud_Wisozk and Sons,misc_pos,659.96,Rachel,Daniels,F,561 Little Plain Apt. 738,Wetmore,MI,49895,46.3535,-86.6345,765,Immunologist,1972-06-12,d792bba33614121fc637a0b0eddd01dc,1387315177,46.162292,-86.039295,0,0.931926,1
491900,2020-12-17 21:38:33,573860193545,"fraud_Gottlieb, Considine and Schultz",shopping_net,752.47,Cristian,Jones,M,0423 Kirby Field Suite 623,Wilmette,IL,60091,42.0765,-87.7246,27020,Trade mark attorney,1986-07-23,1a90d1f3a7cc068593ab3a77463194f4,1387316313,41.909905,-87.319733,0,0.73586243,1
491986,2020-12-17 22:10:45,4116554952971686,fraud_Thiel Ltd,travel,751.67,Bridget,Bowen,F,49120 Regina Island Apt. 170,Port Saint Lucie,FL,34953,27.2625,-80.3793,181438,Primary school teacher,1934-03-19,872e6b7d55c38c8a17948b87ae49cf87,1387318245,27.737104,-79.737652,0,0.575448,1
491996,2020-12-17 22:12:59,4400011257587661852,fraud_Kunde-Sanford,misc_net,521.23,Marissa,Powell,F,474 Allen Haven,North Loup,NE,68859,41.4972,-98.7858,509,"Nurse, children's",1980-09-15,e76e518ad4e46bd4d9770fb94a120576,1387318379,41.673961,-98.275881,0,0.9600019,1
492025,2020-12-17 22:24:11,340953839692349,fraud_Auer-West,shopping_net,946.24,Tyler,Wright,M,615 Clarke Spring Apt. 172,Warren,MI,48088,42.5164,-82.9832,134056,"Doctor, hospital",1980-05-18,fb28ebed05c7342d8dcccea50cd18702,1387319051,43.165693,-83.6265,0,0.9550187,1
492026,2020-12-17 22:24:15,2714019737356678,"fraud_Stanton, Jakubowski and Baumbach",shopping_net,986.73,Christina,Moore,F,542 Finley Ports Apt. 396,West Finley,PA,15377,39.9914,-80.4408,724,Theme park manager,1995-08-30,2d671407b86cfbf99b47245d65e25563,1387319055,39.159426,-80.605666,1,0.87750775,1
492082,2020-12-17 22:43:44,639046421587,fraud_Lemke-Gutmann,shopping_net,838.93,Dylan,Bonilla,M,2497 John Motorway Suite 922,Leetsdale,PA,15056,40.5662,-80.2099,1140,"Administrator, education",1986-06-20,2587654a81248dccf3cd3add48096ec2,1387320224,39.788872,-80.165622,1,0.88420737,1
492141,2020-12-17 23:01:57,639046421587,"fraud_Swaniawski, Lowe and Robel",shopping_pos,751.63,Dylan,Bonilla,M,2497 John Motorway Suite 922,Leetsdale,PA,15056,40.5662,-80.2099,1140,"Administrator, education",1986-06-20,519228eb91276960abd7867b23305747,1387321317,39.594265,-79.766653,1,0.7053328,1
492158,2020-12-17 23:08:57,639046421587,fraud_Macejkovic-Lesch,shopping_pos,881.41,Dylan,Bonilla,M,2497 John Motorway Suite 922,Leetsdale,PA,15056,40.5662,-80.2099,1140,"Administrator, education",1986-06-20,ef6d6c2c19ac18ec331283f4f56f7881,1387321737,40.736297,-79.220611,1,0.8997739,1
492197,2020-12-17 23:22:58,639046421587,"fraud_Rippin, Kub and Mann",misc_net,985.69,Dylan,Bonilla,M,2497 John Motorway Suite 922,Leetsdale,PA,15056,40.5662,-80.2099,1140,"Administrator, education",1986-06-20,b2fbdf7fb226106817f76adc6b2317a0,1387322578,39.674765,-80.29929,1,0.98715925,1
492200,2020-12-17 23:23:43,2714019737356678,fraud_Donnelly PLC,misc_net,890.81,Christina,Moore,F,542 Finley Ports Apt. 396,West Finley,PA,15377,39.9914,-80.4408,724,Theme park manager,1995-08-30,1f6496cac08540f0a2b682ef0974ef1e,1387322623,39.270964,-80.37176600000001,1,0.98235345,1
492248,2020-12-17 23:38:26,4069975342931683,fraud_Pagac LLC,shopping_pos,989.33,Kimberly,Martin,F,1943 Dennis Inlet Suite 145,Hurricane,WV,25526,38.4257,-81.9943,21902,Sub,1980-09-18,1c05bcad6458e453cd4731b528747a7b,1387323506,38.060179,-81.389202,0,0.9380082,1
492277,2020-12-17 23:43:58,2714019737356678,fraud_Heathcote LLC,shopping_net,913.22,Christina,Moore,F,542 Finley Ports Apt. 396,West Finley,PA,15377,39.9914,-80.4408,724,Theme park manager,1995-08-30,1057d6d529be008234caffe13808aead,1387323838,40.754469,-80.878766,1,0.87376976,1
492284,2020-12-17 23:46:50,639046421587,fraud_Kassulke PLC,shopping_net,835.25,Dylan,Bonilla,M,2497 John Motorway Suite 922,Leetsdale,PA,15056,40.5662,-80.2099,1140,"Administrator, education",1986-06-20,ce6f26645fea47870406746d8b901f62,1387324010,41.424378,-80.12758000000001,1,0.9145938,1
492406,2020-12-18 00:41:53,4334230547694630,fraud_Gleason-Macejkovic,shopping_net,2519.17,Scott,Martin,M,7483 Navarro Flats,Freedom,WY,83120,43.0172,-111.0292,471,"Education officer, museum",1967-08-02,e2749abf7f7c1f33926ed72fa1822064,1387327313,42.915767,-111.161141,0,0.6924502,1
492432,2020-12-18 00:54:35,180048185037117,"fraud_Wiza, Schaden and Stark",misc_pos,737.62,Mary,Wall,F,2481 Mills Lock,Plainfield,NJ,7060,40.6152,-74.415,71485,Leisure centre manager,1974-07-19,90d2bb7ab924268385d143c9088ccf3f,1387328075,41.49067,-75.32873199999999,0,0.8075213,1
492588,2020-12-18 02:04:22,213175487106448,fraud_Koelpin and Sons,misc_net,659.45,Diane,Jackson,F,682 Mills Way Apt. 814,Rule,TX,79548,33.0771,-99.959,932,"Physicist, medical",1954-12-10,a710fa10d478067692347d5178b87683,1387332262,33.02769,-99.92065,0,0.6192413,1
492823,2020-12-18 03:49:55,4961003488432306,fraud_Durgan-Auer,misc_net,1678.87,Stacy,Walsh,F,324 Donna Ridge Suite 651,Cressona,PA,17929,40.6284,-76.195,1606,Ecologist,1966-05-10,b8ef0ce7ccbc8650e358ab0c2c0a1065,1387338595,40.622,-76.49940500000001,0,0.73729664,1
492995,2020-12-18 05:07:54,4972228199573984,fraud_Koelpin and Sons,misc_net,1075.07,Brian,Hogan,M,3316 Cindy Land,Lane,OK,74555,34.2691,-95.9685,861,Quantity surveyor,1960-04-08,716082e4b4c7b7c9afc88c5ebab6a5ee,1387343274,35.017024,-95.936206,0,0.7133417,1
493595,2020-12-18 09:52:13,30082025922891,fraud_Simonis-Prohaska,misc_pos,710.11,Kathleen,Thompson,F,199 Patterson Fords Apt. 132,Naples,FL,34112,26.1184,-81.7361,276002,"Pilot, airline",1934-06-23,5713f0b6dd58cb5468c98ed1bb793ca8,1387360333,25.995149,-80.75561400000001,0,0.74741864,1
493952,2020-12-18 12:32:56,4642255475285942,fraud_Hills-Witting,shopping_net,2899.68,Sabrina,Johnson,F,320 Nicholson Orchard,Thompson,UT,84540,38.9999,-109.615,46,"Surveyor, minerals",1987-04-23,9960bc4b6c34ea63eba4209772e1b27b,1387369976,38.840362,-109.916658,0,0.84460545,1
494388,2020-12-18 14:49:24,2266735643685262,"fraud_Wintheiser, Dietrich and Schimmel",misc_pos,1480.84,Carlos,Chung,M,8957 Russell Key,Grant,AL,35747,34.4959,-86.259,5901,Curator,1972-07-25,29a663bcb750536a34a6957ea275e884,1387378164,33.968306,-86.223737,0,0.8765844,1
494466,2020-12-18 15:13:19,3561212938177173,fraud_Pacocha-Bauch,shopping_pos,1573.98,Jose,Campbell,M,550 Cunningham Squares,Dadeville,AL,36853,32.8224,-85.7704,8269,Minerals surveyor,1977-01-04,2543cc2d5d07c6c1c5d10f39494ae0b4,1387379599,32.20377,-85.347578,0,0.871543,1
494505,2020-12-18 15:27:22,2720830304681674,fraud_Frami Group,entertainment,543.81,Melissa,Aguilar,F,21326 Taylor Squares Suite 708,Clarksville,TN,37040,36.522,-87.34899999999999,151785,Pathologist,1974-03-28,62e5b0334896e8bf0515c9cb0cfe5d13,1387380442,37.39213,-87.546801,0,0.742993,1
494891,2020-12-18 17:22:07,30266994494236,fraud_Pfeffer and Sons,shopping_pos,1196.74,Sarah,Foster,F,77872 Andrea Glen Apt. 543,Ford,VA,23850,37.1349,-77.7364,1051,Chief Operating Officer,1976-11-21,b9c64cdf6aa87f717477b150f39cbd4b,1387387327,37.218342,-77.69330500000001,0,0.85778964,1
495154,2020-12-18 18:44:39,374125201044065,fraud_Sawayn PLC,shopping_pos,837.53,Christopher,Gilbert,M,20937 Reed Lakes Apt. 271,Washington,DC,20012,38.9757,-77.0282,601723,"Optician, dispensing",1970-07-20,a3a5addfcb05517dbe7a32703008be20,1387392279,39.319253,-76.39384,1,0.8947212,1
495481,2020-12-18 20:33:01,676369110710,fraud_Simonis-Prohaska,misc_pos,555.54,David,Wolfe,M,81261 Garcia Underpass Suite 741,Southfield,MI,48034,42.4969,-83.2911,75830,"Engineer, automotive",1974-12-28,61a8dc39e195dc406c400f83fffa55b3,1387398781,42.555228,-83.84558,0,0.8881209,1
495642,2020-12-18 21:19:33,4836998673805450,"fraud_Streich, Dietrich and Barton",shopping_net,1130.36,Susan,Hardy,F,516 Brown Parks,Manistique,MI,49854,46.0062,-86.2555,6469,Trade mark attorney,1979-04-12,272fb98b2b307a6fdca8b23f8419b5d2,1387401573,45.388056,-87.10195,0,0.96657526,1
495791,2020-12-18 22:02:04,374125201044065,"fraud_Zboncak, Rowe and Murazik",shopping_net,835.63,Christopher,Gilbert,M,20937 Reed Lakes Apt. 271,Washington,DC,20012,38.9757,-77.0282,601723,"Optician, dispensing",1970-07-20,1af30b050fec0ae3ca516e08c241a2da,1387404124,38.406167,-76.850227,1,0.97281003,1
495812,2020-12-18 22:08:08,374125201044065,"fraud_Kihn, Abernathy and Douglas",shopping_net,982.14,Christopher,Gilbert,M,20937 Reed Lakes Apt. 271,Washington,DC,20012,38.9757,-77.0282,601723,"Optician, dispensing",1970-07-20,16ecdcdda5398b023eef4e61db54cc33,1387404488,39.434586,-77.83913000000001,1,0.9834421,1
496578,2020-12-19 03:18:14,36721445180895,"fraud_Bernier, Volkman and Hoeger",misc_net,541.48,Cesar,Smith,M,901 Ariel Points,Jefferson,NY,12093,42.4999,-74.6117,1666,Diagnostic radiographer,1968-07-01,3bf39f2fd796107bda4ca5b3dc3288b9,1387423094,41.904585,-73.771478,0,0.6975768,1
496846,2020-12-19 05:46:59,345832460465610,fraud_Kris-Padberg,shopping_pos,1902.63,Jason,Mcmahon,M,6385 Donald Square Suite 429,Springfield,VA,22151,38.8029,-77.2116,104396,Production engineer,1950-11-20,5b82fa11d44fd75409cc9933d61c344c,1387432019,38.150707,-77.469557,0,0.723496,1
497687,2020-12-19 12:27:25,376445266762684,fraud_Hickle Group,shopping_pos,1872.93,Rachel,Lowe,F,372 Jeffrey Course,Sutherland,NE,69165,41.1558,-101.136,1789,Insurance broker,1982-02-11,c2d44abe7e6c239de93be921392de6bf,1387456045,40.413312,-101.068562,0,0.8238757,1
497825,2020-12-19 13:19:42,180094419304907,fraud_Kuhic LLC,shopping_net,1053.5,Sharon,Smith,F,17666 David Valleys,Sun City,CA,92585,33.7467,-117.1721,54287,"Designer, exhibition/display",1972-09-22,e4f45657c8873dec2dde620e32358ddb,1387459182,34.741461,-117.500204,0,0.51765305,1
497953,2020-12-19 13:57:43,6011399591920186,fraud_Gerlach Inc,shopping_net,914.86,Maria,Roy,F,58665 Nicholas Ford Suite 348,Sheffield,MA,1257,42.1001,-73.3611,2121,Radio producer,1973-10-14,b17130b72adf0eee99c82677da684419,1387461463,41.441707,-73.285011,0,0.520452,1
498277,2020-12-19 15:36:54,4377338765909719,"fraud_Greenholt, O'Hara and Balistreri",shopping_net,1524.22,Nicholas,Mcmahon,M,2123 Jonathan Falls Suite 753,Heiskell,TN,37754,36.115,-84.0438,4729,"Geologist, wellsite",1982-04-19,172057ee1493abd872fd7c6a50985718,1387467414,35.857749,-83.119354,0,0.86525863,1
498309,2020-12-19 15:47:16,4514242065619750,fraud_Gerlach Inc,shopping_net,957.9,Janet,Carpenter,F,9870 Collins Flat,Laramie,WY,82072,41.4247,-105.4781,35371,"Pilot, airline",1988-09-02,24b0b0654fa5ee7baf4b81d5e57f6c1a,1387468036,40.796059,-105.186212,0,0.7124898,1
498509,2020-12-19 16:43:54,3560318482131952,fraud_Satterfield-Lowe,travel,1739.21,William,Skinner,M,524 Wu Spurs Suite 894,Mount Hope,AL,35651,34.4793,-87.4769,1312,"Librarian, academic",1955-02-01,2d4fcc4ceab40f3e2deceb11b51caaca,1387471434,34.924058,-87.4346,0,0.86252266,1
498560,2020-12-19 16:58:05,6011438889172900,fraud_Kris-Padberg,shopping_pos,1779.59,Allison,Allen,F,40624 Rebecca Spurs,De Witt,AR,72042,34.2853,-91.3336,5161,Electrical engineer,1993-04-08,0172cb423c006f9e67bbcda40c6bd4c9,1387472285,33.768906,-92.185484,0,0.8540962,1
498674,2020-12-19 17:37:34,4951647200979051,fraud_Zemlak Group,misc_net,433.49,Kimberly,Miller,F,75533 Tamara Valleys,Logan,IL,62856,37.9943,-88.9417,324,"Scientist, research (physical sciences)",1976-06-15,837730e5828cca8fa60bb8c8c00e2c97,1387474654,38.02686,-88.35072,0,0.60103613,1
498876,2020-12-19 18:42:04,3521417320836166,"fraud_Schuppe, Nolan and Hoeger",shopping_pos,1058.01,Angela,Hodges,F,08236 Kim Hill,Indianapolis,IN,46254,39.849,-86.272,910148,Firefighter,1975-11-30,bc41121c404ef60ebb953a8f5ec3a659,1387478524,38.94445,-86.544865,0,0.967252,1
499020,2020-12-19 19:32:04,3504178999463051,fraud_Boyer-Reichert,shopping_net,3814.08,Drew,Garcia,M,70858 Jasmine Meadows Apt. 135,Lima,OH,45801,40.7641,-84.0973,86954,"Copywriter, advertising",1992-07-23,cb98cf5fc09709165f2613ca21a38c34,1387481524,41.447501,-83.410341,0,0.9278036,1
499138,2020-12-19 20:05:23,4198470814557,fraud_McGlynn-Jaskolski,misc_pos,588.5,Christie,Williamson,F,519 Jerry Views,Avoca,IA,51521,41.4768,-95.3509,2036,Engineering geologist,1971-08-20,c2157299a9818194324a794dfc0777c8,1387483523,41.682445,-95.589388,0,0.8804718,1
499195,2020-12-19 20:22:40,676298633337,fraud_Turner and Sons,shopping_pos,754.87,Jessica,Werner,F,4529 Cannon Alley,Center Point,WV,26339,39.4125,-80.6352,255,Chief Executive Officer,1971-12-10,ed27850e5a8b44d24ee0d6fd4b9ab3dc,1387484560,38.920645,-81.459281,0,0.763642,1
499222,2020-12-19 20:32:49,4769426683924058915,"fraud_Parker, Nolan and Trantow",entertainment,336.82,Andrea,Cruz,F,26572 Hodge Villages Suite 512,Mifflin,PA,17058,40.5553,-77.4001,1909,Mining engineer,1954-08-22,fbd4080b00ca0c1b815324cba58bc67e,1387485169,39.837413,-76.590325,0,0.724864,1
499256,2020-12-19 20:41:42,4836998673805450,fraud_Ankunding-Carroll,travel,3994.05,Susan,Hardy,F,516 Brown Parks,Manistique,MI,49854,46.0062,-86.2555,6469,Trade mark attorney,1979-04-12,1da6b0437195fe227cb9eef0c8bfd691,1387485702,46.417441,-86.473159,0,0.91723406,1
499367,2020-12-19 21:16:04,4358137750029944984,fraud_Maggio-Fahey,misc_pos,611.53,Dawn,Stephens,F,91542 Marissa Shores Apt. 053,Oran,IA,50664,42.7012,-92.0762,53,Sports administrator,1972-10-05,f018c207045f68b83be56e85e57950d6,1387487764,42.996709,-91.971199,0,0.92268294,1
499551,2020-12-19 22:14:40,373905417449658,fraud_Turner and Sons,shopping_pos,1012.73,Sarah,Bishop,F,554 Mcdonald Valley Apt. 539,Meridian,TX,76665,31.929,-97.6443,2526,Phytotherapist,1970-11-12,e82d4bdbf443174d62377355a09c2b1d,1387491280,32.60153,-97.924424,0,0.9052306,1
499585,2020-12-19 22:22:55,374125201044065,fraud_Klocko LLC,misc_net,831.86,Christopher,Gilbert,M,20937 Reed Lakes Apt. 271,Washington,DC,20012,38.9757,-77.0282,601723,"Optician, dispensing",1970-07-20,a113a052ea81949175e2db4679743537,1387491775,38.994232,-76.757242,1,0.9917823,1
499668,2020-12-19 22:53:33,6011438889172900,"fraud_Willms, Kris and Bergnaum",shopping_pos,880.9,Allison,Allen,F,40624 Rebecca Spurs,De Witt,AR,72042,34.2853,-91.3336,5161,Electrical engineer,1993-04-08,c42c608478e54a7da243c81dfe9fbf32,1387493613,34.186208,-90.824562,0,0.64127344,1
499719,2020-12-19 23:11:36,374125201044065,fraud_Turner and Sons,shopping_pos,939.59,Christopher,Gilbert,M,20937 Reed Lakes Apt. 271,Washington,DC,20012,38.9757,-77.0282,601723,"Optician, dispensing",1970-07-20,c403c8b28b78d9a43f3440468a53e5a2,1387494696,39.201096,-77.301276,1,0.9731207,1
499732,2020-12-19 23:19:17,374125201044065,fraud_Schumm PLC,shopping_net,1121.05,Christopher,Gilbert,M,20937 Reed Lakes Apt. 271,Washington,DC,20012,38.9757,-77.0282,601723,"Optician, dispensing",1970-07-20,60213a1124214805d1c9bb3678045254,1387495157,39.934793,-77.653351,1,0.98665684,1
499899,2020-12-20 00:12:51,6011109736646996,"fraud_Monahan, Bogisich and Ledner",misc_pos,356.96,Rebecca,Erickson,F,594 Berry Lights Apt. 392,Wilmington,NC,28405,34.2651,-77.867,186140,English as a second language teacher,1983-02-08,d6688a70c6e3ed385fa5ae946f43ddc3,1387498371,34.857906,-78.240821,0,0.54200274,1
499942,2020-12-20 00:30:57,3531129874770000,"fraud_Lehner, Mosciski and King",misc_net,416.12,Shelby,Mitchell,F,974 Cindy Stream,Brandon,VT,5733,43.8065,-73.0882,5895,"Scientist, marine",1975-07-13,7ba88b97823f0055a8b529a125f63d1a,1387499457,44.547463,-73.760847,0,0.6333497,1
500003,2020-12-20 00:55:58,676148621961,fraud_Lebsack and Sons,misc_net,638.16,Jennifer,Vega,F,91644 Crystal Drives,Eagarville,IL,62023,39.1118,-89.7855,91,Materials engineer,1962-11-18,8c76833935280c4fa115295778c58dec,1387500958,39.519342,-89.385468,0,0.68095165,1
500034,2020-12-20 01:08:58,3597926034019603,fraud_Flatley-Durgan,misc_net,703.01,Derrick,Flores,M,83690 Nicholas Ports Apt. 846,Oakland,TN,38060,35.2229,-89.5518,9496,Furniture conservator/restorer,1993-03-23,90d546319a93ab6c7922d294fd28895e,1387501738,35.352035,-90.159059,0,0.7837377,1
500370,2020-12-20 02:56:31,4464457352619,"fraud_Parisian, Schiller and Altenwerth",misc_net,757.78,Breanna,Rodriguez,F,118 Cabrera Springs Apt. 105,Lanark Village,FL,32323,29.8826,-84.5964,217,Television production assistant,1990-01-24,1b2d78e707630f2e30e728a0fdba7003,1387508191,30.481454,-83.915763,0,0.7938305,1
500434,2020-12-20 03:15:28,213125815021702,fraud_Koelpin and Sons,misc_net,594.6,Adam,Kirk,M,40847 Stark Junctions,Big Indian,NY,12410,42.074,-74.453,397,Psychiatrist,1931-09-12,7b552dd68900930f4333e8f230506c3e,1387509328,41.226998,-73.946555,0,0.7068918,1
500966,2020-12-20 06:16:19,213126662687660,fraud_Nader-Heller,misc_net,745.6,Christopher,Luna,M,242 Brian Mountain,Laredo,TX,78040,27.5155,-99.4986,248858,Video editor,1971-01-28,4cc81895f6b3cbc0b4a395fd9b6fc69b,1387520179,27.540615000000003,-98.608656,0,0.5374242,1
501039,2020-12-20 06:40:39,3514865930894695,fraud_Schmidt and Sons,shopping_net,1440.65,Christopher,Castaneda,M,1632 Cohen Drive Suite 639,High Rolls Mountain Park,NM,88325,32.9396,-105.8189,899,Naval architect,1967-08-30,2259f2431f4c1217d48f1830e88c4f9a,1387521639,32.663787,-106.786598,0,0.5558243,1
501050,2020-12-20 06:43:53,3592931352252641,fraud_Herman Inc,misc_pos,807.46,Dylan,Garcia,M,923 Jordan Road,Afton,MN,55001,44.8696,-92.8234,2916,Barrister's clerk,1935-06-29,94405fa681972754373b7736724b78be,1387521833,44.856644,-91.843257,0,0.5034536,1
501174,2020-12-20 07:24:39,560881134780,fraud_Kuphal-Bartoletti,misc_net,500.28,Audrey,Martinez,F,343 Joshua Views,Liberty Mills,IN,46946,41.0356,-85.7358,136,Soil scientist,1953-03-19,8d4e815e35604ed263391c0d9bd399b7,1387524279,41.079483,-84.939501,0,0.54791534,1
501182,2020-12-20 07:26:13,4502539526809429801,fraud_Turcotte-Halvorson,misc_pos,1040.02,Stephanie,Cummings,F,1025 Robin Square,Ash Flat,AR,72513,36.2201,-91.6421,2856,Hydrologist,1926-08-27,2c77394cff6d00b37c311d2326974143,1387524373,36.38382,-91.088833,0,0.83519703,1
501413,2020-12-20 08:49:54,30118423745458,fraud_Hamill-Daugherty,misc_net,857.29,Jared,Velazquez,M,01479 Murray Circle,Matawan,NJ,7747,40.4109,-74.238,30770,Drilling engineer,1993-04-29,e2ea19f40961e06a40b956f80f5eb7d8,1387529394,41.288746,-74.100684,0,0.6406204,1
501469,2020-12-20 09:06:12,4922710831011201,fraud_Kuphal-Predovic,misc_net,928.48,Heather,Chase,F,6888 Hicks Stream Suite 954,Manor,PA,15665,40.3359,-79.6607,1472,Public affairs consultant,1941-03-07,b3e540554444ae12cd79f049f824ff44,1387530372,40.456964,-79.852735,0,0.9456975,1
502425,2020-12-20 13:45:29,2712209726293386,fraud_Hyatt-Blick,travel,1487.09,Jenna,Brooks,F,50872 Alex Plain Suite 088,Baton Rouge,LA,70808,30.4066,-91.1468,378909,"Designer, furniture",1977-02-22,5a59162876454809fc65a89653167d47,1387547129,31.361351000000003,-90.840951,0,0.5720323,1
502542,2020-12-20 14:08:14,675909898057,"fraud_Ritchie, Bradtke and Stiedemann",travel,4052.61,Christopher,Henry,M,1198 Robert Stravenue Apt. 479,Armonk,NY,10504,41.136,-73.7009,7987,Television/film/video producer,1964-03-16,4d352b8dacc78dbad79c01a2b81c8e53,1387548494,41.076991,-73.457973,0,0.8976939,1
502673,2020-12-20 14:40:22,630424987505,fraud_Wiza LLC,misc_pos,1410.22,Jennifer,Black,F,2870 Bean Terrace Apt. 756,Thomas,WV,26292,39.1505,-79.503,836,Forensic psychologist,1981-08-29,04c8983481b5776186e4022501ec6410,1387550422,38.480845,-80.420187,0,0.85901195,1
503103,2020-12-20 16:14:02,3598215285024754,fraud_Barrows PLC,shopping_pos,1344.7,Ashley,Lopez,F,9333 Valentine Point,Bellmore,NY,11710,40.6729,-73.5365,34496,"Librarian, public",1970-10-21,c43f4e9b78cb08dfd8e3915b5a89292a,1387556042,41.583502,-73.70875600000001,0,0.92438877,1
503695,2020-12-20 18:19:16,60487002085,fraud_Williamson LLC,misc_pos,608.68,David,White,M,66234 Hall Lock Suite 758,Jackson,MS,39211,32.3739,-90.1293,233060,"Horticulturist, commercial",1972-08-15,43922708b06e08232f61f15b9bd1701a,1387563556,32.971644,-90.837988,0,0.80388004,1
503820,2020-12-20 18:47:26,6538891242532018,"fraud_Quitzon, Green and Bashirian",shopping_pos,958.44,Jodi,Rodriguez,F,5796 Lee Coves Apt. 286,Walnut Ridge,AR,72476,36.0244,-90.9288,7155,"Engineer, control and instrumentation",1977-03-23,0d864403f0533eafcf2455b2af495e1c,1387565246,36.556305,-91.192865,0,0.7413923,1
504271,2020-12-20 20:33:30,2235613922823698,fraud_Kerluke PLC,misc_net,630.08,Melissa,Mcclure,F,2027 Snyder Track,Manville,WY,82227,42.73,-104.7024,241,Educational psychologist,1980-12-16,0edb8c02ea065a34c1b225ff3683f0b8,1387571610,41.86668,-103.99445,0,0.9382976,1
504556,2020-12-20 21:28:33,4481131401752,fraud_Lemke-Gutmann,shopping_net,1414.59,Frank,Foster,M,37910 Ward Lights,Shrewsbury,MA,1545,42.2848,-71.7205,35299,English as a second language teacher,1975-04-30,4343e994698b9d5d421f5cbd2c76d04c,1387574913,41.292349,-72.217833,0,0.97038525,1
504686,2020-12-20 21:54:23,4587577161160601,"fraud_Reichert, Huels and Hoppe",shopping_net,3523.87,Tina,Lawrence,F,12444 Jacob Pines,Nobleboro,ME,4555,44.0943,-69.4828,1643,Financial trader,1976-04-12,edcc61a145f51c52d68017312a219e5d,1387576463,44.569141,-69.175216,0,0.954872,1
504819,2020-12-20 22:20:04,30266994494236,fraud_Terry-Huel,shopping_net,6852.36,Sarah,Foster,F,77872 Andrea Glen Apt. 543,Ford,VA,23850,37.1349,-77.7364,1051,Chief Operating Officer,1976-11-21,85cc89dd4c705e445d1ce3079e6e1201,1387578004,37.383454,-78.415253,0,0.9221639,1
504949,2020-12-20 22:45:21,6011652924285713,"fraud_Hayes, Marquardt and Dibbert",misc_net,534.4,Kathryn,Smith,F,19838 Tonya Prairie Apt. 947,Rocky Mount,MO,65072,38.2911,-92.7059,1847,Tax inspector,1988-10-26,f109a08a07cfc39e66356a44e2cf325a,1387579521,37.964435,-93.076489,0,0.9609086,1
505155,2020-12-20 23:30:51,4873783502705038,fraud_Turner and Sons,shopping_pos,734.48,Elizabeth,Maxwell,F,194 Goodman Fall Apt. 569,Burlington,WA,98233,48.4786,-122.3345,14871,Public house manager,1974-03-10,3b7559b4c704168e993ca36420012075,1387582251,47.759902,-121.936206,0,0.801627,1
505240,2020-12-20 23:48:30,2512312531485080,"fraud_Hahn, Douglas and Schowalter",travel,1730.32,John,Mccormick,M,79414 Clark Lakes Suite 966,Warren,MI,48088,42.5164,-82.9832,134056,"Producer, radio",1956-10-08,9b53506d1e04864cd75224ab0130882f,1387583310,41.848703,-83.449989,0,0.95995975,1
505498,2020-12-21 01:06:56,2720894374956739,fraud_Block Group,misc_pos,1188.31,Audrey,Hickman,F,3325 Gregory Square,Mount Clemens,MI,48043,42.5978,-82.8823,16305,"Psychologist, sport and exercise",1927-05-25,a5ef5add0a0584bb6f017d5197552519,1387588016,42.792813,-83.482647,0,0.507763,1
505794,2020-12-21 02:28:23,3583635130604947,fraud_Wisozk and Sons,misc_pos,431.42,Crystal,Gamble,F,899 Michele View Suite 960,Philadelphia,PA,19149,40.0369,-75.0664,1526206,Structural engineer,1985-01-01,d1e447603002b65acb5638569c09a375,1387592903,39.532039000000005,-75.259303,0,0.5807545,1
505913,2020-12-21 02:57:35,6011348830550197,fraud_Dooley-Thompson,misc_net,732.78,Samuel,Johnston,M,16285 Jessica Lights,Birmingham,AL,35229,33.4629,-86.7904,493806,Musician,1980-07-12,0e9505cd3d23a364ad8dd4ddc5c437b6,1387594655,34.383282,-85.925579,0,0.8234235,1
505969,2020-12-21 03:14:09,4186530744674,fraud_Kassulke Inc,entertainment,570.77,Casey,Howell,F,374 Christopher Ramp Suite 855,Blackville,SC,29817,33.3645,-81.2718,4913,Technical brewer,1966-11-10,8744e7709fb1f94cd5fd757ed142d288,1387595649,34.082105,-80.835095,0,0.6338144,1
506164,2020-12-21 04:08:12,4979422371139333,fraud_Volkman Ltd,misc_net,2549.5,Kelly,Zimmerman,F,1893 Katie Tunnel,Westerville,NE,68881,41.4193,-99.3844,73,Product designer,1935-02-10,781c22a02480d773626c1db9fcaed3aa,1387598892,40.945774,-98.903949,0,0.7840705,1
506359,2020-12-21 05:07:05,180064817343047,fraud_Durgan-Auer,misc_net,607.19,Patricia,Gonzalez,F,8973 Mark Drive,Stephensport,KY,40170,37.9048,-86.524,344,Chartered public finance accountant,1967-03-30,5d841ef503cc36dcdf0b9ea09c26d201,1387602425,37.716168,-86.990501,0,0.6086862,1
506920,2020-12-21 07:56:50,4826655832045236,"fraud_Swaniawski, Lowe and Robel",shopping_pos,1400.62,Tami,Forbes,F,5204 Robinson Plaza Suite 897,Barnstable,MA,2630,41.6983,-70.3001,1850,Counselling psychologist,1963-12-29,35535286d1c68df17cf0acbb8d8f00d3,1387612610,40.817664,-70.427962,0,0.52621126,1
507031,2020-12-21 08:28:30,38580485618059,"fraud_Herman, Treutel and Dickens",misc_net,940.22,Teresa,Clark,F,1323 Derek Mission,Noonan,ND,58765,48.8856,-103.0098,248,Industrial/product designer,1968-05-13,6757b6b680705890e8eeff208459e9e4,1387614510,48.464989,-103.155361,0,0.70342,1
507179,2020-12-21 09:09:58,4707867759656333,"fraud_Rippin, Kub and Mann",misc_net,1232.3,Susan,Shah,F,9016 Jordan Bypass Apt. 516,Cranks,KY,40820,36.7558,-83.1838,581,"Psychologist, counselling",1967-02-04,351d2b361daa7c76c29a2935d4382e35,1387616998,37.176414,-83.333499,0,0.77964395,1
507304,2020-12-21 09:45:06,6506116513503136,"fraud_Bernier, Volkman and Hoeger",misc_net,591.49,Kimberly,Rice,F,63991 Destiny Rue Apt. 651,Tyler,TX,75703,32.2768,-95.3031,144160,Sports development officer,1984-05-04,1846f9e47d4f2fe112a51cab8bf2c510,1387619106,32.734237,-95.322965,0,0.52320355,1
507739,2020-12-21 11:59:11,372246459334925,fraud_Turcotte-Halvorson,misc_pos,1093.61,Rick,Martinez,M,062 Poole Hollow Apt. 815,Deadwood,SD,57732,44.3566,-103.6999,1979,Multimedia programmer,1970-03-13,ce015f7ee2c002b6b170c972aad93c27,1387627151,43.850911,-102.986721,0,0.7195077,1
507899,2020-12-21 12:27:00,3525590521269779,fraud_Pouros-Conroy,shopping_pos,2292.07,Scott,Fuller,M,861 Karen Common,Haw River,NC,27258,36.0424,-79.3242,6006,Paramedic,1984-07-20,19927a8997d3610a86673658f366e948,1387628820,36.341759,-78.770696,0,0.82639104,1
507982,2020-12-21 12:42:03,3551217896304745,fraud_Mayert Group,shopping_pos,1493.9,Sara,Harris,F,597 Jenny Ford Apt. 543,Tupper Lake,NY,12986,44.232,-74.4905,6120,Chartered loss adjuster,1976-10-09,c92af6bd760150eb1dd339fb16e79acf,1387629723,43.562934000000006,-75.28397199999999,0,0.7886158,1
508768,2020-12-21 15:14:17,3518669219150142,fraud_Lynch Ltd,shopping_pos,2035.23,Dorothy,Thomas,F,537 Rice Square Suite 040,Milford,OH,45150,39.1657,-84.23299999999999,31394,Hospital doctor,1996-11-12,2db710f42d1ab78a6edbe383cf97313f,1387638857,39.692596,-84.118716,0,0.8205263,1
508807,2020-12-21 15:20:05,371226440126102,"fraud_Willms, Kris and Bergnaum",shopping_pos,1868.08,Stacy,Lambert,F,85430 Julie Trafficway Suite 792,Mulberry Grove,IL,62262,38.9311,-89.2463,1810,Race relations officer,1974-12-24,736729c759b9e51889c1af2c33f9ab7a,1387639205,39.80838,-89.987383,0,0.8692556,1
509082,2020-12-21 16:06:07,3566094707272327,"fraud_Altenwerth, Cartwright and Koss",shopping_net,1464.21,Kristina,Stewart,F,47029 Jimmy Tunnel Apt. 106,Newhall,CA,91321,34.3795,-118.523,34882,Health physicist,1971-04-25,af4eb2bc198383bf504b7e907b4499b4,1387641967,34.353243,-117.833277,0,0.83507305,1
509400,2020-12-21 17:05:47,3576431665303017,"fraud_Reichert, Huels and Hoppe",shopping_net,916.42,Jessica,Ward,F,72269 Elizabeth Field Apt. 132,Phoenix,AZ,85020,33.5623,-112.0559,1312922,Contractor,1981-10-24,4dd6837c86a79b8e9ae2a922e889f839,1387645547,34.495607,-112.034768,0,0.58603984,1
509736,2020-12-21 18:08:01,3596357274378601,"fraud_Douglas, DuBuque and McKenzie",travel,9172.71,David,Everett,M,4138 David Fall,Morrisdale,PA,16858,41.0001,-78.2357,3688,Advice worker,1973-05-27,00a5e57d65c204260a5a948bde7b8a41,1387649281,40.303006,-77.732481,0,0.8998134,1
509761,2020-12-21 18:13:07,630423337322,"fraud_Kuhic, Bins and Pfeffer",shopping_net,1950.34,Stephanie,Gill,F,43039 Riley Greens Suite 393,Orient,WA,99160,48.8878,-118.2105,149,Special educational needs teacher,1978-06-21,6787d271ac8acb9ccd402ab4dadb92d9,1387649587,49.589484000000006,-118.647517,0,0.9322282,1
510060,2020-12-21 19:05:59,4003989662068504,fraud_Hills-Witting,shopping_net,1559.84,Chris,White,M,98897 Bennett Lodge,Bessemer,AL,35022,33.3224,-86.9657,71463,Radio broadcast assistant,1989-02-08,fca399a86590dc73016d57e497779665,1387652759,32.663557,-86.42681800000001,0,0.89740795,1
510279,2020-12-21 19:46:27,4798937978667559470,fraud_Bednar Group,misc_net,779.91,Robert,Williams,M,09419 Lewis Rapids,Bay City,MI,48706,43.6088,-83.95299999999999,67858,Water quality scientist,1995-03-13,0131643e5152000b7f62b03b6f17b3ac,1387655187,43.342055,-83.45315500000001,0,0.91070664,1
510348,2020-12-21 20:00:14,4873783502705038,"fraud_Watsica, Haag and Considine",shopping_pos,1498.06,Elizabeth,Maxwell,F,194 Goodman Fall Apt. 569,Burlington,WA,98233,48.4786,-122.3345,14871,Public house manager,1974-03-10,0bcccfa96f7e7b493abc1209e372dfef,1387656014,48.160687,-123.273475,0,0.9482546,1
510438,2020-12-21 20:17:39,3511378610369890,fraud_Romaguera and Sons,travel,1523.99,James,Cooper,M,663 Ramirez Trace Apt. 951,Huntsville,AL,35811,34.7789,-86.5438,190178,Television production assistant,1973-04-01,fd52e017ca4739c4087640139c382a99,1387657059,35.702925,-85.881469,0,0.7918724,1
510443,2020-12-21 20:18:13,60416207185,fraud_Price Inc,shopping_net,1063.37,Mary,Diaz,F,9886 Anita Drive,Fort Washakie,WY,82514,43.0048,-108.8964,1645,Information systems manager,1986-02-17,0eb1b49ecee79c375e2748d9ca4c228f,1387657093,43.620367,-109.085265,0,0.88251084,1
510806,2020-12-21 21:22:34,38057513087029,"fraud_Ruecker, Beer and Collier",shopping_net,865.95,Marissa,Clark,F,2677 Byrd Village Suite 035,San Jose,CA,95148,37.3304,-121.7913,973849,Geoscientist,1997-01-18,1cdd7e6db0fed0153b08bb39b5fb605c,1387660954,37.522346,-122.58236399999998,0,0.5013348,1
511215,2020-12-21 22:32:23,3556613125071656,"fraud_Ruecker, Beer and Collier",shopping_net,1799.39,Jose,Vasquez,M,572 Davis Mountains,Lake Jackson,TX,77566,29.0393,-95.4401,28739,Futures trader,1999-12-27,1a1eb043b51210525312cb4739894a77,1387665143,29.949582,-94.802809,0,0.8724096,1
511235,2020-12-21 22:36:56,2242176657877538,fraud_Kozey-Boehm,shopping_net,866.01,Travis,Daniel,M,1327 Rose Causeway Apt. 610,Senatobia,MS,38668,34.6323,-89.8855,14462,Database administrator,1959-03-03,9a4d301d2430446a0a3917086133f051,1387665416,34.138515000000005,-90.187114,1,0.9797657,1
511250,2020-12-21 22:39:36,3567697931646329,fraud_Corwin-Romaguera,travel,1433.74,John,Stevens,M,428 Morgan River,Hudson,NY,12534,42.247,-73.7552,17867,Travel agency manager,1998-07-29,5f325b447b4bcdb90a781bda7bc33aab,1387665576,42.168472,-73.928834,0,0.73216516,1
511385,2020-12-21 23:01:12,3517814635263522,"fraud_Schaefer, Fay and Hilll",entertainment,204.35,William,Cannon,M,43809 Kenneth Circles Suite 152,Union,WV,24983,37.5802,-80.5248,2443,Chartered public finance accountant,1941-10-16,816dbd8d619108562ba7b05c16d0b7a0,1387666872,37.290955,-81.067989,0,0.5904628,1
511394,2020-12-21 23:02:42,3582754887089201,fraud_Kris-Kertzmann,travel,8180.52,Terrance,Mckinney,M,42965 Christopher Fords Suite 659,Norman,AR,71960,34.4596,-93.6743,1383,Magazine features editor,1966-08-08,1175ed62a49b622475d8fb049e25b901,1387666962,34.689888,-94.032437,0,0.90806437,1
511441,2020-12-21 23:11:35,4681601008538160,fraud_Stoltenberg-Beatty,shopping_pos,727.71,Tammy,Davis,F,77663 Colleen Freeway,Moundsville,WV,26041,39.9148,-80.73100000000001,16183,Physiotherapist,1977-08-12,2d56c811aefaa87b3560316c392a6fbe,1387667495,40.803431,-80.76974799999999,0,0.61787623,1
511675,2020-12-21 23:57:16,2242176657877538,"fraud_Zboncak, Rowe and Murazik",shopping_net,981.22,Travis,Daniel,M,1327 Rose Causeway Apt. 610,Senatobia,MS,38668,34.6323,-89.8855,14462,Database administrator,1959-03-03,337214fb7984f4a661314d40a31f0bea,1387670236,34.526886,-88.97534399999999,1,0.98738015,1
512011,2020-12-22 01:35:56,4992346398065154184,fraud_Dooley-Thompson,misc_net,980.14,Benjamin,Kim,M,920 Patrick Light,Mc Nabb,IL,61335,41.173,-89.2187,532,Audiological scientist,1956-01-09,61bc95c61b0d59a83586f0d5bad1cab1,1387676156,41.609392,-90.161426,0,0.7145306,1
512064,2020-12-22 01:49:59,4423489490781412,fraud_Kunde-Sanford,misc_net,719.8,Christopher,Ortega,M,5045 Emily Wall,Princeton,IA,52768,41.6858,-90.3706,1426,Agricultural consultant,1957-03-06,a42cb6ff50ba30e258261b83940f3ad8,1387676999,41.031446,-90.400708,0,0.7494674,1
512119,2020-12-22 02:03:35,4681601008538160,fraud_Dickinson-Rempel,misc_pos,491.76,Tammy,Davis,F,77663 Colleen Freeway,Moundsville,WV,26041,39.9148,-80.73100000000001,16183,Physiotherapist,1977-08-12,b167adbed38ae589621f580e493c0d5d,1387677815,39.734349,-81.541912,0,0.75500727,1
512267,2020-12-22 02:46:44,30197398657930,fraud_Klocko LLC,misc_net,579.49,April,Johnson,F,9727 Deleon Mountain,Creedmoor,NC,27522,36.1124,-78.6476,12335,Chief Strategy Officer,1987-09-19,d2468809bfff4a5541e63a9dc96d2110,1387680404,36.270117,-79.018571,0,0.86212784,1
512540,2020-12-22 04:10:03,4623560839669,"fraud_Altenwerth, Cartwright and Koss",shopping_net,1336.14,Vincent,Waller,M,9379 Vanessa Run Apt. 400,Lohrville,IA,51453,42.2619,-94.5566,695,Administrator,1954-07-15,ed5cb92f1eea95d45dc13136f91ae8b6,1387685403,42.283962,-94.066988,0,0.54561013,1
512635,2020-12-22 04:37:26,2288813824604479,fraud_Kuphal-Bartoletti,misc_net,628.17,Barbara,Norman,F,6278 Stephanie Unions,New York City,NY,10039,40.8265,-73.9383,1577385,Herbalist,1981-08-29,2e528be0ae6ff2b9ebe71f9076f4903f,1387687046,40.779615,-74.881058,0,0.7541217,1
512701,2020-12-22 05:00:12,6597888193422452,fraud_Bogisich-Homenick,misc_net,623.76,Bill,Lane,M,4725 Hurst Curve Apt. 634,Holliday,TX,76366,33.6751,-98.6576,2317,Chief Technology Officer,1964-08-23,44793e0fb1ea1899d60f3403545ec2fd,1387688412,33.363215000000004,-98.030572,0,0.6001278,1
513007,2020-12-22 06:28:07,30518206766474,fraud_Brown PLC,misc_net,667.46,Tamara,Martinez,F,471 Marquez Prairie Suite 680,Matthews,MO,63867,36.7154,-89.6287,1019,Aeronautical engineer,1979-01-26,37c090d2d9e1f99cf9c9e59a29ade337,1387693687,37.546431,-89.71531999999999,0,0.6993294,1
513120,2020-12-22 07:00:35,213141712584544,fraud_Nader-Heller,misc_net,524.85,Margaret,Curtis,F,742 Oneill Shore,Florence,MS,39073,32.153,-90.1217,19685,Fine artist,1984-12-24,75295597efd6a610ab4a05d7a0aa727f,1387695635,31.672040000000003,-89.23558299999999,0,0.5573736,1
513726,2020-12-22 09:56:51,583699482621,"fraud_Schmeler, Bashirian and Price",shopping_net,1207.96,Jennifer,Jones,F,5572 Kelly Plains Apt. 952,Waupaca,WI,54981,44.3481,-89.1101,15426,"Engineer, civil (contracting)",1936-07-22,bc23b8e7a5d9fdc05e23cc3818b1f1a2,1387706211,43.555041,-89.59490100000001,0,0.67717767,1
514913,2020-12-22 14:30:10,2242176657877538,fraud_Predovic Inc,shopping_net,997.77,Travis,Daniel,M,1327 Rose Causeway Apt. 610,Senatobia,MS,38668,34.6323,-89.8855,14462,Database administrator,1959-03-03,a9082963c08b7f2873cf04e5209e584f,1387722610,35.112482,-90.417066,1,0.77231574,1
515536,2020-12-22 16:36:02,6011366578560244,"fraud_Nitzsche, Kessler and Wolff",shopping_pos,1489.47,Adam,Stark,M,0912 Mark Fields Apt. 080,Mc Veytown,PA,17051,40.5046,-77.7186,4653,Nutritional therapist,1997-07-01,e0b6e9aec74c8fb789e70fc54ac67b31,1387730162,41.446478000000006,-77.95650699999999,0,0.8350111,1
515594,2020-12-22 16:50:20,4836998673805450,fraud_Dooley Inc,shopping_pos,1062.09,Susan,Hardy,F,516 Brown Parks,Manistique,MI,49854,46.0062,-86.2555,6469,Trade mark attorney,1979-04-12,b8fc8fb1f890cc96d01d738af0b0f2f8,1387731020,45.925532,-85.45642099999999,0,0.72993785,1
515954,2020-12-22 17:53:20,4512828414983801773,"fraud_Kihn, Abernathy and Douglas",shopping_net,1926.97,Monica,Cohen,F,864 Reynolds Plains,Uledi,PA,15484,39.8936,-79.7856,328,Tree surgeon,1983-07-25,d9efb8f1f4e7d5cf15cc567e23e371b1,1387734800,39.770502,-78.82909000000001,0,0.8887947,1
516594,2020-12-22 19:59:27,3561212938177173,fraud_Hyatt-Blick,travel,2880.81,Jose,Campbell,M,550 Cunningham Squares,Dadeville,AL,36853,32.8224,-85.7704,8269,Minerals surveyor,1977-01-04,53e4728d72ec125bbfe855951c1e299b,1387742367,32.991307,-85.059822,0,0.90846425,1
516859,2020-12-22 20:57:17,213156747557083,"fraud_Monahan, Hermann and Johns",travel,11586.34,Adam,Santos,M,725 Jo Trace Apt. 102,Glendale,CA,91206,34.1556,-118.2322,172817,Advertising account planner,1982-07-30,3394889086b5722b8ddd556d8f21b9ca,1387745837,33.324777000000005,-117.819696,0,0.88825077,1
517033,2020-12-22 21:30:34,4725837176265195730,fraud_Corwin-Romaguera,travel,21437.71,Elizabeth,Mckee,F,358 Pruitt Square,Jay,FL,32565,30.8985,-87.1332,5719,Higher education careers adviser,1994-11-05,932aef04df2c7a1f4d53127eb1bd71f2,1387747834,30.74312,-86.29422199999999,0,0.8944178,1
517152,2020-12-22 21:54:19,5359543825610251,fraud_Boyer-Haley,travel,14637.79,Michael,Francis,M,1833 Jeanette Stravenue,Belgrade,MT,59714,45.7801,-111.1439,18182,"Engineer, drilling",1975-06-29,462e0600ada45a23bd67fcab06298616,1387749259,44.95025,-111.832758,0,0.8988046,1
517197,2020-12-22 22:05:48,2242176657877538,"fraud_Willms, Kris and Bergnaum",shopping_pos,1041.51,Travis,Daniel,M,1327 Rose Causeway Apt. 610,Senatobia,MS,38668,34.6323,-89.8855,14462,Database administrator,1959-03-03,35b0297dd026d2e9a75d024a5dec7955,1387749948,34.573471000000005,-89.911011,1,0.9734804,1
517200,2020-12-22 22:06:18,3518234918950662,"fraud_Haley, Jewess and Bechtelar",shopping_pos,729.45,Barbara,Lowe,F,67210 Lori Creek,Sherman,TX,75092,33.6372,-96.6184,46563,Systems developer,1970-09-11,df86c8639be4ff492ae77958a76c8fbd,1387749978,34.61688,-97.444311,0,0.525249,1
517274,2020-12-22 22:18:07,2242176657877538,fraud_Kuhn LLC,shopping_pos,868.09,Travis,Daniel,M,1327 Rose Causeway Apt. 610,Senatobia,MS,38668,34.6323,-89.8855,14462,Database administrator,1959-03-03,da7f67d7375f10a054a3d919448c45dd,1387750687,34.091227,-90.390612,1,0.9711992,1
517313,2020-12-22 22:25:22,2720894374956739,fraud_Ebert-Daugherty,travel,1488.1,Audrey,Hickman,F,3325 Gregory Square,Mount Clemens,MI,48043,42.5978,-82.8823,16305,"Psychologist, sport and exercise",1927-05-25,5c1c77dc622f5b0f6716e8f3ec3dedde,1387751122,42.563681,-82.029035,0,0.95279366,1
517341,2020-12-22 22:31:48,2242176657877538,"fraud_Mosciski, Ziemann and Farrell",shopping_net,1039.42,Travis,Daniel,M,1327 Rose Causeway Apt. 610,Senatobia,MS,38668,34.6323,-89.8855,14462,Database administrator,1959-03-03,25b076c7bcd70f272c1c5326bb234f4b,1387751508,34.628434000000006,-90.28478,1,0.98699087,1
517524,2020-12-22 23:05:39,38052002992326,fraud_Kuhn LLC,shopping_pos,1176.5,Anna,Logan,F,3522 Park Wells Suite 528,Cleveland,TX,77327,30.33,-95.0202,34153,Building surveyor,1995-09-11,f702bae92938ddd2ef86d5b29213dea1,1387753539,29.922933,-94.509999,0,0.75788146,1
517571,2020-12-22 23:13:39,2242176657877538,fraud_Jaskolski-Vandervort,misc_net,766.38,Travis,Daniel,M,1327 Rose Causeway Apt. 610,Senatobia,MS,38668,34.6323,-89.8855,14462,Database administrator,1959-03-03,44292cbc51e37dc018ee6a988a4bc426,1387754019,33.771462,-90.651342,1,0.9938838,1
517952,2020-12-23 01:18:09,4497913965512794052,fraud_Bruen-Yost,misc_pos,635.1,Scott,Edwards,M,838 Amy Street Suite 107,Pembroke,NC,28372,34.6902,-79.1834,14783,Hospital doctor,1955-11-07,20034e98e782502a7c9d1e848e4231b5,1387761489,33.973442,-79.042419,0,0.62541574,1
518122,2020-12-23 02:59:11,374930071163758,fraud_Kunde-Sanford,misc_net,2360.03,Daniel,Escobar,M,61390 Hayes Port,Romulus,MI,48174,42.2203,-83.3583,31515,Police officer,1971-11-05,e456127501d0ccf05688ef216fa1b9e5,1387767551,42.265174,-83.85436800000001,0,0.7365699,1
518325,2020-12-23 04:55:48,4715741951931168360,fraud_Huel Ltd,misc_net,593.13,Robert,Drake,M,463 Willie Estates,Burbank,OK,74633,36.6966,-96.7869,471,Sub,1941-03-30,7fbced4e6215127fff01872e840a78c3,1387774548,37.190136,-97.648476,0,0.6011823,1
518394,2020-12-23 05:37:50,6011438889172900,fraud_Smith-Stokes,misc_pos,591.57,Allison,Allen,F,40624 Rebecca Spurs,De Witt,AR,72042,34.2853,-91.3336,5161,Electrical engineer,1993-04-08,9cc6346077e92c88ee21632731f7acc3,1387777070,34.605138000000004,-92.311338,0,0.7469449,1
518771,2020-12-23 09:26:40,4319584480204988982,"fraud_Hayes, Marquardt and Dibbert",misc_net,575.55,Kathleen,Nash,F,010 Salazar Walk,Cromona,KY,41810,37.1788,-82.695,502,Chief Financial Officer,1960-02-01,dc17c7b1d9d1519128eedf5ba7cc8a27,1387790800,36.975031,-82.965926,0,0.6288192,1
518980,2020-12-23 11:33:35,30042378430132,fraud_Bogisich-Homenick,misc_net,1081.65,Connor,Grant,M,0654 Kevin Turnpike Apt. 084,Northport,NY,11768,40.9051,-73.3309,21902,Tour manager,1976-05-16,310ea037325cef3f145cd3936a3a2cdd,1387798415,40.498869,-74.286423,0,0.8593452,1
519075,2020-12-23 12:21:50,4859525594182537,fraud_Lesch Ltd,shopping_pos,1325.98,Rebecca,Farley,F,383 Long Islands,Downsville,NY,13755,42.0716,-75.0152,1228,"Psychotherapist, child",1990-02-25,ad2c70b2dabea87a1d29659e84045cf2,1387801310,41.467349,-74.229323,0,0.7047445,1
519391,2020-12-23 14:25:17,4634955908138648,"fraud_Streich, Dietrich and Barton",shopping_net,1532.66,Mackenzie,Smith,F,7178 Willis Drive,Hooper,NE,68031,41.6414,-96.5232,1745,"Engineer, automotive",1973-12-26,cb90ba16caf359aa9bf594aa7d8b99d4,1387808717,41.274102,-96.857633,0,0.874469,1
520380,2020-12-23 21:23:22,4149635823017,fraud_Roberts-Beahan,misc_pos,484.87,Samuel,Farrell,M,428 Michael Tunnel Apt. 377,Cleveland,AL,35049,33.9778,-86.5598,3996,Aid worker,1977-06-14,0a716ef31ee240716ebacfe4ebf560b3,1387833802,33.993221000000005,-85.564886,0,0.52185065,1
520653,2020-12-23 23:23:24,30135235368675,"fraud_Willms, Kris and Bergnaum",shopping_pos,664.29,Amanda,Williams,F,02018 Gary Key Apt. 911,Independence,MO,64058,39.1412,-94.3515,123373,"Engineer, production",1992-11-27,b3001f72541e8b55b3f3b95a3f65774c,1387841004,39.734905,-94.511563,0,0.50409526,1
521758,2020-12-24 09:02:27,30199621383748,"fraud_Greenfelder, Bartoletti and Davis",misc_net,1198.14,Theresa,Powell,F,117 Natasha Vista Suite 936,Leonard,TX,75452,33.4044,-96.2238,4090,Sub,1977-03-23,db3539e110568720c42ebbc3c48c3f61,1387875747,34.231571,-96.814307,0,0.6921714,1
522574,2020-12-24 15:10:10,4980323467523543940,fraud_Reichel Inc,entertainment,506.23,Patrick,Massey,M,7812 Shane Shoals Apt. 607,North Haverhill,NH,3774,44.0978,-72.0191,1966,Structural engineer,1947-10-27,5ab07b4a2639fb88d26be9ede3053169,1387897810,44.458979,-71.428216,0,0.911147,1
522734,2020-12-24 16:02:50,4998109455173950,"fraud_Nitzsche, Kessler and Wolff",shopping_pos,1877.8,Mary,Pruitt,F,2819 Luke Greens Suite 563,Kansas City,MO,64114,38.9621,-94.5959,545147,Counsellor,1987-11-18,af27f4a683cbd1e53f1029e3df0aa905,1387900970,39.504926,-95.571718,0,0.8900646,1
523559,2020-12-24 21:09:00,561942763351,fraud_Lynch Ltd,shopping_pos,666.01,Melissa,Brown,F,330 Montoya Ramp,Washington,DC,20036,38.9087,-77.0414,601723,Prison officer,1986-03-14,cc44027866e61308de914fb02219771a,1387919340,39.029852000000005,-76.667454,0,0.5438497,1
523680,2020-12-24 21:56:57,30442439074871,"fraud_Schuppe, Nolan and Hoeger",shopping_pos,1086.53,Linda,Sanchez,F,6574 William Hill Apt. 375,Jermyn,PA,18433,41.5744,-75.5881,6508,Training and development officer,1981-06-22,01837d7e606f65b497d9890fef5fbe13,1387922217,41.005162,-75.096838,0,0.9082747,1
523782,2020-12-24 22:29:21,4585132874641,"fraud_Lehner, Mosciski and King",misc_net,662.08,Karen,Gordon,F,543 Ware Path Apt. 593,Utica,MO,64686,39.7417,-93.6289,271,Land/geomatics surveyor,1972-04-18,af482aedeee01af4157f011b30480a33,1387924161,40.023795,-93.622165,0,0.98712826,1
523920,2020-12-24 23:16:59,4873783502705038,fraud_Hermann and Sons,shopping_pos,683.97,Elizabeth,Maxwell,F,194 Goodman Fall Apt. 569,Burlington,WA,98233,48.4786,-122.3345,14871,Public house manager,1974-03-10,920c2d9c593b6ade771a3e949809c79c,1387927019,48.957465,-122.613165,0,0.57973236,1
524124,2020-12-25 00:43:40,4186530744674,fraud_Flatley-Durgan,misc_net,797.16,Casey,Howell,F,374 Christopher Ramp Suite 855,Blackville,SC,29817,33.3645,-81.2718,4913,Technical brewer,1966-11-10,66e03e9e9ad622be5e94a09c85da8ce6,1387932220,33.415546,-82.255716,0,0.76322824,1
524263,2020-12-25 01:50:25,3595192916105588,fraud_Block-Parisian,misc_net,822.32,Dustin,Roberts,M,3283 James Station,Fayetteville,NC,28314,35.0583,-79.008,238602,"Scientist, research (maths)",1993-05-14,59e26dffa769ddd3a704813598149005,1387936225,34.982071999999995,-78.027058,0,0.8425496,1
524549,2020-12-25 04:03:55,630425673344,fraud_Bednar Group,misc_net,621.65,Bryan,Miller,M,411 Laurie Fords,Cass,WV,24927,38.388000000000005,-79.9906,365,Special effects artist,1970-03-14,5b79c6f2b0d8ea07099ec57ea4f2d1ad,1387944235,38.510575,-79.16516899999999,0,0.6928414,1
524879,2020-12-25 06:53:10,4862293128558,"fraud_Turner, Ruecker and Parisian",misc_pos,901.06,Elizabeth,Payne,F,897 Daugherty Mission,Grassflat,PA,16839,41.0036,-78.1104,489,Pension scheme manager,1956-09-15,d018957f5b05d009a56cd652a87cfc55,1387954390,40.108645,-77.218778,0,0.5309916,1
525414,2020-12-25 11:22:59,343464013864032,fraud_Nader-Heller,misc_net,608.94,Jodi,Foster,F,551 Zachary Freeway,Bailey,NC,27807,35.8072,-78.0892,6629,Call centre manager,1962-08-13,daf41603ea362d1e134053427b118ddd,1387970579,35.286068,-78.153269,0,0.82327425,1
525423,2020-12-25 11:26:16,2256234701263057,fraud_Jast Ltd,shopping_net,1126.39,Christopher,Grimes,M,39631 Dunn Radial,Grantham,NH,3753,43.5103,-72.1334,2971,Charity fundraiser,1948-04-11,1de125ff6316519a6417329f75e8b676,1387970776,44.052435,-72.950387,0,0.7931547,1
526143,2020-12-25 15:36:36,180056173248083,fraud_Jast-McDermott,shopping_pos,1222.44,Larry,Warner,M,145 Jeffrey Key Suite 668,Lakeview,MI,48850,43.4269,-85.2924,4474,Emergency planning/management officer,1976-01-15,b40a296f22f6f4df3834c341b21bcea4,1387985796,43.531848,-85.437393,0,0.8376319,1
526170,2020-12-25 15:49:12,676195318214,fraud_Mohr Inc,shopping_pos,1114.87,Brandy,Quinn,F,9734 Beard Fields Suite 885,Altair,TX,77412,29.6047,-96.5249,106,"Editor, film/video",1983-07-24,1e7432f52ea1e1af9309c36caefe2376,1387986552,28.915135,-97.263754,0,0.5093617,1
526192,2020-12-25 15:55:18,4653178848915023204,fraud_Abbott-Rogahn,entertainment,591.11,Robert,Hall,M,371 Anthony Trail Suite 354,Glade Spring,VA,24340,36.7779,-81.7676,5657,Clinical psychologist,1987-04-29,0d4e21259909e6e2cfb14eef3e60a5d5,1387986918,36.157332,-82.04600699999999,0,0.5323055,1
526224,2020-12-25 16:03:03,503874407318,fraud_Wiza LLC,misc_pos,739.32,Andrew,Mcgee,M,4130 Tiffany Glen Apt. 562,San Antonio,TX,78248,29.5894,-98.5201,1595797,Exhibition designer,1975-12-28,c22163a8c3642cc779a2e7761a7ca21d,1387987383,29.073633,-98.106917,0,0.8282506,1
526298,2020-12-25 16:24:52,30235438713303,fraud_Pfeffer and Sons,shopping_pos,1315.41,James,Baldwin,M,3603 Mitchell Court,Winfield,WV,25213,38.5072,-81.89,5512,Exhibition designer,1980-03-24,87448be0d77fb50b425f64e6e3793c19,1387988692,38.597566,-82.360934,0,0.8629005,1
527231,2020-12-25 21:29:12,6011231546538393,"fraud_Hodkiewicz, Prohaska and Paucek",travel,4340.34,Johnny,Bennett,M,321 Camacho Causeway,Boonton,NJ,7005,40.9115,-74.414,15269,"Psychologist, sport and exercise",1993-07-05,b48e3eaa3740f007b637285179290282,1388006952,41.09108,-74.300398,0,0.92585814,1
527318,2020-12-25 21:54:10,4292743669224718067,fraud_Thiel PLC,misc_pos,500.11,Michael,Williams,M,35822 Clayton Street Apt. 679,Great Mills,MD,20634,38.2674,-76.4954,5927,Art therapist,1973-06-09,9ab08183157a8bdaa9d3f1c51438e77d,1388008450,37.540804,-77.022646,0,0.60349166,1
527353,2020-12-25 22:07:21,6011492816282597,fraud_Dooley Inc,shopping_pos,2753.28,Gary,Barnes,M,2970 Flores Brooks,Smackover,AR,71762,33.3398,-92.7442,2501,Financial adviser,1986-06-11,3687fab9543276c6aea41aff69ef8317,1388009241,33.695549,-93.491567,0,0.9428911,1
527407,2020-12-25 22:28:08,4951647200979051,"fraud_Haley, Jewess and Bechtelar",shopping_pos,643.36,Kimberly,Miller,F,75533 Tamara Valleys,Logan,IL,62856,37.9943,-88.9417,324,"Scientist, research (physical sciences)",1976-06-15,69d519be5d43d0f18b86e231ce17d82f,1388010488,38.03873,-88.677114,0,0.6029519,1
527510,2020-12-25 23:05:02,4089096483689733451,fraud_Gibson-Deckow,entertainment,460.22,Debra,Stark,F,686 Linda Rest,Kilgore,TX,75662,32.3836,-94.8653,24536,Multimedia programmer,1983-10-14,9423025cad27db971b521363da154cf9,1388012702,32.481937,-94.952397,0,0.5854101,1
528450,2020-12-26 06:09:01,3547574373318979,fraud_Kunde-Sanford,misc_net,759.45,Jacob,Patel,M,54822 Hill Forks,Dieterich,IL,62424,39.0319,-88.4074,2092,"Psychologist, clinical",1962-04-30,b3eecbaa0dc56541798c0ae89d856b6e,1388038141,38.82633,-87.670862,0,0.7031174,1
528668,2020-12-26 07:51:06,3554849923339851,fraud_Gutmann-Upton,misc_pos,1280.59,John,Hudson,M,886 Nicole Key,Stillwater,OK,74074,36.1043,-97.0609,55345,Cabin crew,1948-05-01,d869b0558e5c38ecbd2a4cb524315d22,1388044266,36.478791,-97.199974,0,0.7770679,1
528913,2020-12-26 09:47:22,3567879740649740,"fraud_Greenfelder, Bartoletti and Davis",misc_net,1310.9,Tanya,Williams,F,566 Megan Well,Brownville,NY,13615,44.0577,-76.0196,1271,"Producer, radio",1958-08-14,9f82d0a6f78cdbfaf842d934c0b5099e,1388051242,43.50845,-76.997876,0,0.854247,1
529167,2020-12-26 11:37:03,213161293389774,fraud_Flatley Group,misc_pos,1225.05,Catherine,Weber,F,74890 Rodriguez Springs Apt. 540,West Henrietta,NY,14586,43.0397,-77.6871,10256,"Teacher, primary school",1968-06-24,d34b1437673d99f7ce9fd557b43ea54f,1388057823,42.330298,-77.490876,0,0.8240817,1
529177,2020-12-26 11:45:06,6011603272871604,fraud_Goyette Inc,shopping_net,1231.61,Robert,Holland,M,431 Tracy Expressway,Milner,GA,30257,33.141,-84.1759,4138,Field seismologist,1969-05-16,7ef80a5a12228bced9c7d0c07f7bb560,1388058306,32.287097,-85.04644300000001,0,0.6701652,1
529278,2020-12-26 12:22:12,4683520018489354,fraud_Macejkovic-Lesch,shopping_pos,1484.88,Charles,Carrillo,M,17547 Stephen Turnpike Apt. 846,Hawthorne,CA,90250,33.9143,-118.3493,93193,"Editor, magazine features",1995-04-19,02c65ce49d3636e11a49d1a95071623e,1388060532,33.490435999999995,-119.100045,0,0.6296968,1
529392,2020-12-26 13:03:40,4904681492230012,fraud_Friesen Inc,shopping_pos,1376.05,Lisa,Lowe,F,574 David Locks Suite 207,Cottekill,NY,12419,41.8467,-74.1038,722,Comptroller,1990-10-19,862d9efd8a51d07f92fdaa5c39b52b8a,1388063020,40.92141,-73.549678,0,0.73096484,1
529423,2020-12-26 13:10:35,4512828414983801773,fraud_Lesch Ltd,shopping_pos,2119.66,Monica,Cohen,F,864 Reynolds Plains,Uledi,PA,15484,39.8936,-79.7856,328,Tree surgeon,1983-07-25,38a8c5c514bd0d7bd74af0c4d535b61c,1388063435,40.440971000000005,-80.102663,0,0.8578558,1
529752,2020-12-26 14:53:18,4653879239169997,fraud_Price Inc,shopping_net,1793.27,Monica,Tucker,F,302 Christina Islands,Smiths Grove,KY,42171,37.0581,-86.1938,6841,"Therapist, sports",1999-06-06,a794af007be5c395c6b4a23813c8d32a,1388069598,36.433454,-85.304563,0,0.84454405,1
530382,2020-12-26 18:02:32,5152054598359927,fraud_Hermann and Sons,shopping_pos,2331.19,Jim,Johnson,M,868 Brady Mill Apt. 837,Gretna,LA,70056,29.8872,-90.0331,55581,Biomedical scientist,1972-09-12,a01cbb17ed1d4f7e34cbf464e9defb2a,1388080952,29.043242,-89.991646,0,0.912299,1
530427,2020-12-26 18:20:58,378278619832195,"fraud_Medhurst, Labadie and Gottlieb",travel,1285.55,Mary,Mcintyre,F,77921 Costa Villages,Eugene,OR,97403,44.0385,-123.0614,191096,"Scientist, physiological",1964-04-06,cc53df218a6f8ef8d3972bfdbed091b6,1388082058,44.385824,-122.168149,0,0.7548786,1
531185,2020-12-26 22:29:30,3529597930342630,fraud_Lynch Ltd,shopping_pos,825.64,Melissa,Rodriguez,F,81708 Christopher Plaza,Jordanville,NY,13361,42.8948,-74.8209,824,Travel agency manager,1985-09-01,a2d8754dda010f604edf7adeccd74495,1388096970,42.474275,-74.128958,0,0.7226178,1
531337,2020-12-26 23:27:57,376445266762684,"fraud_Kuhic, Bins and Pfeffer",shopping_net,1782.53,Rachel,Lowe,F,372 Jeffrey Course,Sutherland,NE,69165,41.1558,-101.136,1789,Insurance broker,1982-02-11,3e7821e946264a6627a5c95c3279bedc,1388100477,41.912379,-100.494871,0,0.9584531,1
531358,2020-12-26 23:32:37,6011693194885790,"fraud_Baumbach, Feeney and Morar",shopping_net,720.1,Victoria,Fleming,F,2807 Parker Station Suite 080,Stanchfield,MN,55080,45.6675,-93.2433,2607,"Lecturer, further education",1995-12-04,b5d5ac220259511e460dc84092c99819,1388100757,45.430172,-92.380634,0,0.65673167,1
531389,2020-12-26 23:39:49,3598215285024754,"fraud_Stanton, Jakubowski and Baumbach",shopping_net,652.72,Ashley,Lopez,F,9333 Valentine Point,Bellmore,NY,11710,40.6729,-73.5365,34496,"Librarian, public",1970-10-21,4253969eab70cfe039b759a7c8049dd3,1388101189,40.87329,-73.167168,0,0.864912,1
531811,2020-12-27 01:56:19,4452366298769043,"fraud_Rippin, Kub and Mann",misc_net,588.47,Linda,Davis,F,6602 Ortiz Pine Apt. 179,Blooming Grove,TX,76626,32.0758,-96.701,1563,Financial adviser,1978-03-04,dba1dda51515d85ca671f2cd03a4f1ac,1388109379,31.276377,-96.340131,0,0.68974257,1
531907,2020-12-27 02:30:50,3564182536169293,fraud_Welch Inc,misc_net,489.35,Brenda,Johnson,F,56160 Nicholas Isle,Norwich,OH,43767,39.9934,-81.8024,1443,Research scientist (medical),1962-03-04,8ea72ee12beeb7882c906b0df4f5daec,1388111450,39.885643,-82.342229,0,0.5226159,1
532471,2020-12-27 05:53:46,180031190491743,"fraud_Kerluke, Kertzmann and Wiza",misc_net,505.55,Becky,Mckinney,F,250 Benjamin Hill Apt. 026,Mobile,AL,36617,30.7145,-88.0918,270712,"Surveyor, land/geomatics",1972-01-05,cfa04805b6c2181802f5094ad929f29a,1388123626,30.801646,-87.72290600000001,0,0.6168312,1
532477,2020-12-27 05:55:46,2657850734909997,fraud_Cormier LLC,shopping_net,978.34,Alan,Howard,M,04139 Johnson Prairie Suite 401,Detroit,MI,48206,42.3749,-83.1087,673342,Trading standards officer,1946-11-01,c40ad330538d4f76964d3ae2d8a4fb19,1388123746,42.682968,-82.20706,0,0.5145283,1
532540,2020-12-27 06:15:00,30234966027947,fraud_Hamill-Daugherty,misc_net,804.83,Matthew,Lambert,M,7188 Melissa Crest Apt. 151,New Holstein,WI,53061,43.9446,-88.0911,5196,Child psychotherapist,1978-01-22,1dfd8bdfd019a9ea3589e6d9d5c7ab8b,1388124900,42.987866,-87.16436800000001,0,0.67301095,1
533012,2020-12-27 08:52:34,6011438889172900,fraud_Bogisich-Homenick,misc_net,785.49,Allison,Allen,F,40624 Rebecca Spurs,De Witt,AR,72042,34.2853,-91.3336,5161,Electrical engineer,1993-04-08,c4f8c6d4ae861c0570add7d78b75d09e,1388134354,34.779517,-91.910465,0,0.59394103,1
533029,2020-12-27 08:59:07,573860193545,fraud_Kuphal-Predovic,misc_net,702.64,Cristian,Jones,M,0423 Kirby Field Suite 623,Wilmette,IL,60091,42.0765,-87.7246,27020,Trade mark attorney,1986-07-23,33ecee0baf71d7355c644c92bbb4b13f,1388134747,41.113382,-87.14527,0,0.55948865,1
533084,2020-12-27 09:15:09,4634955908138648,fraud_McGlynn-Heathcote,misc_net,708.58,Mackenzie,Smith,F,7178 Willis Drive,Hooper,NE,68031,41.6414,-96.5232,1745,"Engineer, automotive",1973-12-26,6f69c8f7c8d7a5506b159654c3a96e97,1388135709,41.086789,-96.052455,0,0.5846371,1
533211,2020-12-27 10:01:05,377993105397617,"fraud_Hayes, Marquardt and Dibbert",misc_net,739.71,Nathan,Martinez,M,586 Thomas Cliffs,Oconto Falls,WI,54154,44.8755,-88.1555,5548,Mining engineer,1975-09-11,614c34f81eca79c06058ec6b5930f2d7,1388138465,45.49436,-88.982899,0,0.5981731,1
533646,2020-12-27 12:19:03,3540075240003197,fraud_Dickinson Ltd,misc_pos,1746.1,Christian,Johns,M,892 Solis Neck,Lonsdale,MN,55046,44.4477,-93.4252,5211,Chief Strategy Officer,1987-01-27,c50780836b4b75aa76f836e8e3e28c8a,1388146743,43.703837,-93.163711,0,0.8346983,1
533706,2020-12-27 12:32:59,4181833256558613886,fraud_Mohr-Bayer,shopping_net,3154.76,Jessica,Potter,F,7600 Stephen Course Suite 031,Red River,NM,87558,36.6659,-105.4694,606,"Surveyor, land/geomatics",1988-09-06,3513190d3803bb60a78ac4772591e43f,1388147579,36.956953000000006,-106.250277,0,0.8392779,1
533909,2020-12-27 13:15:14,4377338765909719,fraud_Schumm PLC,shopping_net,1511.91,Nicholas,Mcmahon,M,2123 Jonathan Falls Suite 753,Heiskell,TN,37754,36.115,-84.0438,4729,"Geologist, wellsite",1982-04-19,28e6c40cdf68950ea0d37e555f0cf5c0,1388150114,36.351262,-83.928163,0,0.81772393,1
534050,2020-12-27 13:44:47,4292743669224718067,"fraud_Okuneva, Schneider and Rau",shopping_pos,995.15,Michael,Williams,M,35822 Clayton Street Apt. 679,Great Mills,MD,20634,38.2674,-76.4954,5927,Art therapist,1973-06-09,0f75f2795d44ae4f529a379066526410,1388151887,38.622,-75.570353,0,0.51317674,1
534533,2020-12-27 15:29:05,4874017206859125,"fraud_Schuppe, Nolan and Hoeger",shopping_pos,1349.26,Lauren,Williams,F,065 Jones Stravenue,Lake Oswego,OR,97034,45.4093,-122.6847,42817,Planning and development surveyor,1982-05-28,38bb9c3c2403568fbda8160865f4ae4b,1388158145,46.352185,-123.146946,0,0.8631512,1
534669,2020-12-27 15:58:03,30143535920989,fraud_Kozey-McDermott,travel,22768.11,Lisa,Collins,F,44197 Jeffrey Port Suite 050,Bridgeport,NJ,8014,39.8016,-75.3478,504,"Engineer, control and instrumentation",1980-08-17,93dd11ae955df7ea72df575dc091ac82,1388159883,40.608401,-75.56314,0,0.89081055,1
534815,2020-12-27 16:32:36,4874017206859125,fraud_Schmidt and Sons,shopping_net,1001.67,Lauren,Williams,F,065 Jones Stravenue,Lake Oswego,OR,97034,45.4093,-122.6847,42817,Planning and development surveyor,1982-05-28,3d55a867cedea757bd78c74095917290,1388161956,46.157717,-121.745677,0,0.7811481,1
534910,2020-12-27 16:52:05,6011542681743618,"fraud_Willms, Kris and Bergnaum",shopping_pos,946.98,Emily,Hall,F,8851 Reese Neck,Basye,VA,22810,38.8089,-78.7776,863,"Engineer, mining",1972-08-09,ac65ed3a100f479a048b716b372a9c8d,1388163125,39.269024,-78.694839,0,0.6857689,1
534912,2020-12-27 16:52:13,4755696071492,fraud_Wiza LLC,misc_pos,941.03,Robert,Evans,M,01892 Patricia Vista Apt. 828,Sachse,TX,75048,32.9643,-96.6012,20328,Site engineer,1985-06-20,aadd146a7145e02133b3cae35e1e85e1,1388163133,33.861538,-95.77842,0,0.7107925,1
535227,2020-12-27 18:00:06,4951647200979051,"fraud_Weimann, Kuhic and Beahan",shopping_pos,1001.77,Kimberly,Miller,F,75533 Tamara Valleys,Logan,IL,62856,37.9943,-88.9417,324,"Scientist, research (physical sciences)",1976-06-15,753865bc5decbe90bf0895d6cf4ff414,1388167206,38.063835,-89.069758,0,0.7717583,1
535370,2020-12-27 18:35:25,3524574586339330,fraud_Dooley Inc,shopping_pos,1267.51,Ashley,Cabrera,F,94225 Smith Springs Apt. 617,Vero Beach,FL,32960,27.633000000000003,-80.4031,105638,"Librarian, public",1986-05-07,e73c9f131c08ccf1d9fbf82df89114db,1388169325,28.463413,-80.824718,0,0.7647948,1
535615,2020-12-27 19:38:56,6534628260579800,fraud_Pacocha-Bauch,shopping_pos,1114.83,Christine,Harris,F,29606 Martinez Views Suite 653,Hinesburg,VT,5461,44.3346,-73.098,4542,Claims inspector/assessor,1998-03-19,c005fa5a6363b001326da008fa838b97,1388173136,43.378246,-72.816484,0,0.7905191,1
535764,2020-12-27 20:11:58,4646845581490336108,fraud_Schmidt and Sons,shopping_net,1072.85,Julia,Bell,F,576 House Crossroad,West Sayville,NY,11796,40.732,-73.1,4056,Film/video editor,1990-06-25,8861f3475e1ce1661d1f514690f68d9a,1388175118,40.792472,-73.49122,0,0.8683568,1
535952,2020-12-27 20:51:09,180067151859700,"fraud_Ruecker, Beer and Collier",shopping_net,1122.12,Karen,Ryan,F,82468 Michelle Village Suite 556,Joliet,IL,60432,41.5378,-88.0572,128354,"Teacher, secondary school",1992-01-20,2a50bf527a3427ee6bfc27ed7f1fd304,1388177469,40.695308,-89.042763,0,0.9336917,1
536100,2020-12-27 21:25:56,3512365128314616,fraud_Terry-Huel,shopping_net,830.28,Francisco,Kemp,M,9554 Flores Drive,Arnold,MO,63010,38.4305,-90.387,35439,Land/geomatics surveyor,1985-03-31,a177d815c95fccc8283cfd4d287741f9,1388179556,38.184572,-89.95141600000001,0,0.8323741,1
536138,2020-12-27 21:32:59,630424987505,fraud_Mante Group,misc_net,589.05,Jennifer,Black,F,2870 Bean Terrace Apt. 756,Thomas,WV,26292,39.1505,-79.503,836,Forensic psychologist,1981-08-29,f649ae5b3dc0518c6c4f696a74a37be3,1388179979,38.780289,-79.313132,0,0.95178086,1
536142,2020-12-27 21:33:50,30238755902988,"fraud_Heathcote, Yost and Kertzmann",shopping_net,1463.15,Danielle,Yu,F,5395 Colon Burgs Suite 037,Thrall,TX,76578,30.592,-97.2893,1766,Press sub,1976-01-02,890e05ad9ebb08ce0f995486072e126b,1388180030,30.941151,-97.370694,0,0.9455768,1
536380,2020-12-27 22:29:02,2712209726293386,"fraud_Schroeder, Wolff and Hermiston",travel,1616.82,Jenna,Brooks,F,50872 Alex Plain Suite 088,Baton Rouge,LA,70808,30.4066,-91.1468,378909,"Designer, furniture",1977-02-22,ee55cf65e65fc25251279e829849da64,1388183342,31.395974,-91.6435,0,0.90563107,1
536629,2020-12-27 23:29:56,3577794103155425,"fraud_Altenwerth, Cartwright and Koss",shopping_net,791.93,Mary,Humphrey,F,9853 Flynn Hollow Apt. 602,Reynolds,ND,58275,47.7068,-97.2092,733,Visual merchandiser,1994-11-12,d806926d4679c030a164378c229327b5,1388186996,46.929576,-96.944359,0,0.7262296,1
536901,2020-12-28 00:27:12,3525590521269779,"fraud_Johnson, Runolfsdottir and Mayer",misc_net,458.1,Scott,Fuller,M,861 Karen Common,Haw River,NC,27258,36.0424,-79.3242,6006,Paramedic,1984-07-20,9dc5f419ef2c2066e90a44581d9efbfd,1388190432,36.803563,-79.269245,0,0.9036566,1
537204,2020-12-28 01:54:45,4550599031376731,fraud_Jaskolski-Vandervort,misc_net,537.36,Angela,West,F,9471 Wong Islands,Mansfield,OH,44902,40.7559,-82.5123,92985,Press photographer,1968-05-29,a85e549f2ee3b5949e3a261c943565d2,1388195685,40.736023,-81.997801,0,0.8362522,1
537647,2020-12-28 04:08:57,3560725013359375,fraud_Koelpin and Sons,misc_net,1234.82,Brooke,Smith,F,63542 Luna Brook Apt. 012,Notrees,TX,79759,31.8599,-102.7413,23,Cytogeneticist,1969-09-15,157433de1efc6ce0a70f3b4b34fa74f5,1388203737,31.414658000000003,-102.385822,0,0.6558014,1
538222,2020-12-28 06:59:12,6011626928491360,fraud_Kuhn LLC,shopping_pos,1603.51,Heather,Roberts,F,62934 Maria Cliffs Suite 350,Bethel Springs,TN,38315,35.2289,-88.64399999999999,3876,Senior tax professional/tax inspector,1960-11-19,10d4cfc8501c02e00d637053283283c7,1388213952,35.177085,-89.343848,0,0.5824063,1
538344,2020-12-28 07:37:25,6573561108825071,"fraud_Rippin, Kub and Mann",misc_net,577.52,Kristina,Lewis,F,5449 Brandi Heights Apt. 111,Tulsa,OK,74130,36.2395,-95.9596,413574,Bookseller,1968-06-18,18d8ad426701279c8150ec2bee935626,1388216245,36.495646,-96.245435,0,0.5622662,1
538483,2020-12-28 08:20:27,4169388510116,fraud_Corwin-Gorczany,misc_net,1072.05,Marcia,Molina,F,6744 Jimmy Extensions,Port Gibson,NY,14537,43.033,-77.1575,207,Database administrator,1962-09-27,4edca869692c79d885e4bf4fe39a23b0,1388218827,42.407359,-77.57957900000001,0,0.7822145,1
538838,2020-12-28 10:01:57,4992346398065154184,fraud_Stiedemann Inc,misc_pos,1133.01,Benjamin,Kim,M,920 Patrick Light,Mc Nabb,IL,61335,41.173,-89.2187,532,Audiological scientist,1956-01-09,2f5fb123846cc9374e9a7d526fb16f25,1388224917,40.634597,-88.723823,0,0.76923096,1
539087,2020-12-28 11:17:02,4119762878330989,"fraud_Jones, Sawayn and Romaguera",misc_net,496.44,Melinda,Gutierrez,F,1497 West Gateway,Eureka,IL,61530,40.7152,-89.2706,6713,Archivist,1945-08-19,d86c3adecb0696292dc680f77a5982a6,1388229422,41.195071,-88.64052099999999,0,0.52674663,1
539274,2020-12-28 12:05:07,4173950183554608,fraud_Hills-Witting,shopping_net,1470.79,Stephen,Marshall,M,47144 Roberts Keys,Monmouth Beach,NJ,7750,40.333,-73.9809,3279,Health promotion specialist,1978-10-05,e02da80b966a6cb1e5abdf055bde374d,1388232307,41.024103,-73.80306,0,0.78771096,1
540330,2020-12-28 15:10:13,5540636818935089,"fraud_Monahan, Bogisich and Ledner",misc_pos,996.33,Kenneth,Foster,M,329 Michael Extension,Lawrence,MA,1843,42.6911,-71.1605,76383,Geoscientist,1985-04-04,9663f103987661bdead48f83bf2c4018,1388243413,43.342072,-71.026101,0,0.73948145,1
540346,2020-12-28 15:13:40,373905417449658,"fraud_Heathcote, Yost and Kertzmann",shopping_net,1136.18,Sarah,Bishop,F,554 Mcdonald Valley Apt. 539,Meridian,TX,76665,31.929,-97.6443,2526,Phytotherapist,1970-11-12,c3dda78e5cef663efaab27e0d84f8b94,1388243620,32.874123,-96.997899,0,0.60397196,1
540474,2020-12-28 15:37:46,501899453424,"fraud_Medhurst, Labadie and Gottlieb",travel,5030.32,Jessica,Dominguez,F,06393 Nancy Parkways Suite 855,Gadsden,AL,35903,33.9845,-85.9077,67082,Ceramics designer,1970-01-08,4970945fbb7c99961e5fde2f76f998ed,1388245066,33.102605,-86.35936600000001,0,0.8834774,1
541057,2020-12-28 17:24:37,4997733566924489,fraud_Fisher-Schowalter,shopping_net,850.69,Stephanie,Taylor,F,598 Martin Pine Suite 365,Saint Paul,MN,55128,44.9913,-92.9487,753116,Fisheries officer,1971-08-06,ad00bde524274eac0a96b26370a574d5,1388251477,45.049582,-93.779431,0,0.8712911,1
541486,2020-12-28 18:44:00,4586260469584,fraud_Turner LLC,travel,3261.47,Melody,Thompson,F,0362 Anderson Wall,Mound City,MO,64470,40.1362,-95.2138,1631,Architect,1953-01-20,b5ea3972079963499adf291e2695f317,1388256240,40.506225,-95.666991,0,0.9176853,1
541844,2020-12-28 19:55:27,6592861994408652,fraud_Reynolds-Schinner,misc_pos,1235.18,Ashley,Whitehead,F,58188 Madison Meadow Apt. 949,Cowlesville,NY,14037,42.8112,-78.4481,1166,Colour technologist,1983-06-12,9c5b3bfe9462bd3a22be3a701fd923cb,1388260527,43.22802,-79.072579,0,0.954208,1
542181,2020-12-28 20:58:37,4364010865167176,fraud_Kris-Padberg,shopping_pos,831.33,Gary,Martinez,M,03512 Jackson Ports,Reno,NV,89512,39.5483,-119.7957,276896,Immunologist,1997-03-12,3f00d42d0e8bb7a48d502b06524cd0fe,1388264317,40.277817,-119.67924,0,0.5389603,1
542290,2020-12-28 21:19:30,3529597810116815,fraud_Stiedemann Inc,misc_pos,680.16,Pamela,Curtis,F,8969 Fuentes Station Apt. 291,Mill Creek,PA,17060,40.4679,-77.8967,1334,Archaeologist,1986-12-17,666325cfa0578981d3fe9b06a75773aa,1388265570,39.695186,-77.207985,0,0.55334574,1
542329,2020-12-28 21:27:03,3573030041201292,fraud_Botsford Ltd,shopping_pos,922.78,Joanne,Williams,F,3638 Marsh Union,Altonah,UT,84002,40.3207,-110.436,302,"Sales professional, IT",1990-01-17,f37bb8e77ad678c556f84f4ef880a1e2,1388266023,40.76037,-109.840468,0,0.6627178,1
542446,2020-12-28 21:48:54,6011542681743618,fraud_Rempel Inc,shopping_net,1472.44,Emily,Hall,F,8851 Reese Neck,Basye,VA,22810,38.8089,-78.7776,863,"Engineer, mining",1972-08-09,a9edfded638aa7c12d4b9916ee98496e,1388267334,38.290188,-79.292151,0,0.96966714,1
542947,2020-12-28 23:24:17,3512365128314616,fraud_Barrows PLC,shopping_pos,872.22,Francisco,Kemp,M,9554 Flores Drive,Arnold,MO,63010,38.4305,-90.387,35439,Land/geomatics surveyor,1985-03-31,0bd7795caf58c29d2e72d68c0e3bbb72,1388273057,37.592058,-90.212741,0,0.7616697,1
543058,2020-12-28 23:47:21,374656033243756,"fraud_Willms, Kris and Bergnaum",shopping_pos,1068.23,David,Lewis,M,1499 Michael Rue,Arlington,VA,22213,38.8954,-77.1633,207410,Mudlogger,1984-07-03,0373a75aac0a95cd4ca1ed46317f4b03,1388274441,38.83341,-76.90215400000001,0,0.8963939,1
544218,2020-12-29 05:20:05,341283058448499,"fraud_Kerluke, Kertzmann and Wiza",misc_net,732.09,Mario,Johns,M,62130 Miller Square Suite 785,Brinson,GA,39825,30.9788,-84.7373,1461,"Engineer, broadcasting (operations)",1935-09-08,640b9970fb06a0446c05d1a3f6cf2167,1388294405,31.920919,-85.30279399999999,0,0.6006868,1
544290,2020-12-29 05:40:06,30131826429364,fraud_Bruen-Yost,misc_pos,420.72,Brianna,Foley,F,57256 Raymond Ports,Knoxville,TN,37932,35.9335,-84.1481,391389,"Designer, industrial/product",1994-04-22,78ece1e3dc5c7a803fa871da714026a2,1388295606,35.556474,-83.97251,0,0.6120584,1
544829,2020-12-29 08:21:03,4003771737807706,fraud_Ruecker Group,misc_net,734.16,Danielle,Hayden,F,03368 Michelle Trail,Gregory,AR,72059,35.1791,-91.2594,37,"Lecturer, further education",1958-01-01,5e8aa21e7bd8de08bdb32caa04228a21,1388305263,34.282881,-90.500649,0,0.6277716,1
544843,2020-12-29 08:24:19,3585052663373890,fraud_Jaskolski-Vandervort,misc_net,966.6,Jeffery,Brown,M,296 Maria Street,West Eaton,NY,13484,42.8546,-75.6605,176,Science writer,1963-12-28,a2bdb90854eb20afec69bc3f18ab93e4,1388305459,41.964936,-75.50048000000001,0,0.7286577,1
544903,2020-12-29 08:39:50,4334230547694630,fraud_Kihn Inc,shopping_pos,1420.94,Scott,Martin,M,7483 Navarro Flats,Freedom,WY,83120,43.0172,-111.0292,471,"Education officer, museum",1967-08-02,7e84b7a4180eadad4d15d5484693985d,1388306390,43.131968,-110.621138,0,0.57455343,1
545231,2020-12-29 10:22:07,6547670341037171,"fraud_Jones, Sawayn and Romaguera",misc_net,513.68,Bryce,Joseph,M,148 Baker Field,Chester Heights,PA,19017,39.8839,-75.4669,348,Management consultant,1945-05-05,e2d484fe3088902db7300adbabf66fe9,1388312527,39.249463,-74.950333,0,0.6240716,1
545260,2020-12-29 10:30:49,3533177016567295,fraud_Jaskolski-Vandervort,misc_net,1566.58,Derek,Bentley,M,782 Lee Crossing Apt. 209,Weeping Water,NE,68463,40.8731,-96.1528,1517,Dealer,1951-11-08,f252a255d94855ff2076fc3a7cc92ff3,1388313049,40.813042,-95.662625,0,0.90131134,1
545366,2020-12-29 10:58:44,5456712664803820,fraud_Welch Inc,misc_net,597.56,Pamela,Matthews,F,36659 Smith Club Apt. 080,Llano,NM,87543,36.1486,-105.6648,247,Architectural technologist,1961-10-24,f92a47096925c8e9389725abb2ddb88c,1388314724,35.863921999999995,-105.98525,0,0.5082763,1
545856,2020-12-29 12:55:44,675945690716,fraud_Turner and Sons,shopping_pos,6942.06,Ellen,Smith,F,285 George Lake,Beaver Falls,PA,15010,40.7687,-80.3592,28425,Podiatrist,2000-06-09,71d2a3523f880f51f648ad5c9c99d9fd,1388321744,40.004351,-79.809315,0,0.87270457,1
546004,2020-12-29 13:22:47,379141394109214,fraud_Tromp Group,travel,3436.87,Gerald,Anthony,M,252 Melissa Rapids Suite 944,Monetta,SC,29105,33.8084,-81.5956,1514,Chief Strategy Officer,1966-12-15,828133d60c63e69f564bc5b82b2bf7d2,1388323367,33.07574,-80.962142,0,0.8674938,1
546142,2020-12-29 13:47:18,2254917871818484,fraud_Spencer-Runolfsson,misc_pos,1116.94,Margaret,Gibson,F,382 Williams Stream Suite 197,Scotland,MD,20687,38.0828,-76.3477,313,Insurance underwriter,1976-03-26,e5aad611dba40df508f3376fb59c22a4,1388324838,38.022524,-77.05435200000001,0,0.7254629,1
547106,2020-12-29 16:55:55,38530489946071,fraud_Pouros-Conroy,shopping_pos,2034.11,Laura,Johns,F,95835 Garcia Rue,Arcadia,SC,29320,34.9572,-81.9916,530,Animal technologist,1989-05-14,f9ef20a3003792c11b1e46543d92dc40,1388336155,35.225151000000004,-81.396284,0,0.84720254,1
547460,2020-12-29 18:00:46,30143535920989,"fraud_Okuneva, Schneider and Rau",shopping_pos,1299.31,Lisa,Collins,F,44197 Jeffrey Port Suite 050,Bridgeport,NJ,8014,39.8016,-75.3478,504,"Engineer, control and instrumentation",1980-08-17,c88b7addfc9f508f875efa3758f7d5e9,1388340046,38.966504,-75.922886,0,0.8711896,1
547878,2020-12-29 19:16:20,6593250708747804,fraud_Rempel Inc,shopping_net,1413.79,Melissa,Meza,F,244 Abbott Parkway,Loxahatchee,FL,33470,26.7383,-80.27600000000001,26551,Paramedic,1977-01-04,3197c9751f5cd0878a89bc658277d29a,1388344580,25.924937,-79.59739499999999,0,0.85033274,1
548467,2020-12-29 21:15:44,180084695172649,fraud_Jacobi and Sons,shopping_pos,1258.29,Holly,Mann,F,7644 Joseph Fields,Nokomis,IL,62075,39.3036,-89.2853,3458,Building surveyor,1985-12-08,f45627e11ba8563128c68c06a35e7333,1388351744,40.255158,-88.52419599999999,0,0.90405345,1
548595,2020-12-29 21:41:06,503874407318,"fraud_Monahan, Bogisich and Ledner",misc_pos,661.82,Andrew,Mcgee,M,4130 Tiffany Glen Apt. 562,San Antonio,TX,78248,29.5894,-98.5201,1595797,Exhibition designer,1975-12-28,3d9905e222b84510cbafc0a7cbbc808f,1388353266,29.687131,-98.027141,0,0.87384546,1
548987,2020-12-29 22:57:48,60416207185,"fraud_Wiza, Schaden and Stark",misc_pos,1141.67,Mary,Diaz,F,9886 Anita Drive,Fort Washakie,WY,82514,43.0048,-108.8964,1645,Information systems manager,1986-02-17,e01a1ad48a2b6a614f384e9be1f7dfec,1388357868,43.076284,-108.449026,0,0.96662235,1
549100,2020-12-29 23:18:41,4279161831637,fraud_Mayert Group,shopping_pos,1324.59,Lisa,Hendrix,F,35737 Kirby Fall Suite 409,Vanderbilt,PA,15486,40.0246,-79.6955,2303,Physiotherapist,1987-08-16,da70f1cd9e3a1ec241db3d2d8b77c882,1388359121,39.19252,-79.400142,0,0.92981565,1
549211,2020-12-29 23:38:22,3521417320836166,fraud_Torphy-Goyette,shopping_pos,595.35,Angela,Hodges,F,08236 Kim Hill,Indianapolis,IN,46254,39.849,-86.272,910148,Firefighter,1975-11-30,28efc8a60967aa801520463b4d81fc51,1388360302,39.24143,-87.07673100000001,0,0.6432656,1
549919,2020-12-30 05:30:43,3531606252458308,fraud_Bednar Group,misc_net,1095.43,Juan,Taylor,M,7911 Campbell Crossing Apt. 725,Stoneham,MA,2180,42.4828,-71.0978,21437,Artist,1964-06-25,a688648a82e85b2b29a74c0f02a8d3eb,1388381443,41.675552,-71.26612800000001,0,0.72334504,1
550247,2020-12-30 08:54:49,6011679934075347,"fraud_Parisian, Schiller and Altenwerth",misc_net,721.02,Jennifer,Gonzalez,F,5517 Stacy Land,Jelm,WY,82063,41.0539,-106.0763,100,Public librarian,1974-04-16,5b7b6ab2e63149d5d7640440ce9c9bbd,1388393689,41.146538,-106.112244,0,0.5766886,1
550463,2020-12-30 11:17:40,4311368326621416041,fraud_Nader-Heller,misc_net,948.11,Phillip,Delacruz,M,26678 Lisa Locks Apt. 904,Iliff,CO,80736,40.7692,-103.0968,648,Community arts worker,1969-09-21,97842af5d750ba1a93ef68a095a14e76,1388402260,41.006837,-103.546703,0,0.7826923,1
550960,2020-12-30 14:56:54,3589255887819806,fraud_Hudson-Grady,shopping_pos,1445.17,David,Miller,M,622 Bradley Knoll Apt. 758,Hancock,MD,21750,39.6991,-78.1762,3766,Press photographer,1984-02-14,40309279acc9b9bc24f76c539aad5ffb,1388415414,38.817805,-79.119612,0,0.8056368,1
551522,2020-12-30 18:45:10,30135235368675,"fraud_Reichert, Huels and Hoppe",shopping_net,1112.26,Amanda,Williams,F,02018 Gary Key Apt. 911,Independence,MO,64058,39.1412,-94.3515,123373,"Engineer, production",1992-11-27,2895cebdaecb681cf016e04dc4772f2c,1388429110,39.337181,-94.225395,0,0.84525764,1
551800,2020-12-30 20:32:03,375082648741747,"fraud_Willms, Kris and Bergnaum",shopping_pos,2168.91,Shannon,Bell,F,2918 David Spurs,Georgetown,MN,56546,47.0999,-96.727,346,"Research officer, trade union",1976-12-14,bbf94f039f39f95128728f1e242c5d29,1388435523,47.557838,-96.288225,0,0.95537955,1
552225,2020-12-30 23:21:11,4067137330196900,"fraud_Romaguera, Cruickshank and Greenholt",shopping_net,3186.7,Christina,Eaton,F,3256 Brooks Field,Eldridge,AL,35554,33.9315,-87.6194,1186,Politician's assistant,1986-11-12,fd075eb7593bd591cd2dce4d190964ab,1388445671,33.2016,-87.610602,0,0.94980013,1
552362,2020-12-31 00:08:32,372246459334925,fraud_Jaskolski-Vandervort,misc_net,2045.37,Rick,Martinez,M,062 Poole Hollow Apt. 815,Deadwood,SD,57732,44.3566,-103.6999,1979,Multimedia programmer,1970-03-13,ea1d6234f44c8bc5e086f3051b8ab7f8,1388448512,43.663117,-103.253348,0,0.71196574,1
552545,2020-12-31 01:48:05,6011399591920186,fraud_Dooley-Thompson,misc_net,1351.2,Maria,Roy,F,58665 Nicholas Ford Suite 348,Sheffield,MA,1257,42.1001,-73.3611,2121,Radio producer,1973-10-14,e2c5c6facabf53596b147f5fc3e2494b,1388454485,41.664377,-73.203902,0,0.699906,1
552671,2020-12-31 03:06:41,4755696071492,fraud_Mante Group,misc_net,940.08,Robert,Evans,M,01892 Patricia Vista Apt. 828,Sachse,TX,75048,32.9643,-96.6012,20328,Site engineer,1985-06-20,c28d9baf26b578799d4adea7d5ca645d,1388459201,32.001139,-96.12284,0,0.70191133,1
552959,2020-12-31 05:53:19,6011388901471808,fraud_Flatley Group,misc_pos,891.35,Jacqueline,Marsh,F,950 Sheryl Spurs,Dunlevy,PA,15432,40.1151,-79.8627,427,Mining engineer,1951-02-05,2c590b5930daaecf086904baac8c1e20,1388469199,39.794165,-80.453351,0,0.50265354,1
553402,2020-12-31 09:49:25,4502539526809429801,fraud_Dooley Inc,shopping_pos,1026.21,Stephanie,Cummings,F,1025 Robin Square,Ash Flat,AR,72513,36.2201,-91.6421,2856,Hydrologist,1926-08-27,fbe8badc7316b1b316526b0b757655f4,1388483365,35.741701,-91.846889,0,0.5700054,1
553937,2020-12-31 13:42:39,30596478689301,fraud_Hermann and Sons,shopping_pos,2416.72,Daniel,Graham,M,28223 Ward Summit Apt. 664,Arvada,CO,80005,39.8422,-105.1097,122111,Hotel manager,1987-05-23,d3c3161d6b450c1d7d30e6fb3dc5501f,1388497359,39.168857,-105.891583,0,0.8628446,1
554341,2020-12-31 16:06:57,3536818734263520,"fraud_Heathcote, Yost and Kertzmann",shopping_net,1540.15,Gerald,Frank,M,95793 Andrea Ville Suite 533,Des Moines,IA,50314,41.603,-93.633,222785,Interior and spatial designer,1981-08-10,83b116d5a4ae35ab5ec6baba49997fc6,1388506017,40.875282,-93.640651,0,0.93294454,1
554526,2020-12-31 17:06:52,6528911529051375,"fraud_Schroeder, Wolff and Hermiston",travel,3304.44,Diane,Smith,F,195 Murray Overpass Apt. 384,Winter,WI,54896,45.8327,-91.0144,1478,Neurosurgeon,1965-04-27,c1487837b74e89b3bb62ccd678cf95a9,1388509612,45.899192,-91.504935,0,0.9266319,1
554553,2020-12-31 17:17:41,3582754887089201,fraud_Thiel Ltd,travel,1362.77,Terrance,Mckinney,M,42965 Christopher Fords Suite 659,Norman,AR,71960,34.4596,-93.6743,1383,Magazine features editor,1966-08-08,08c57e78d6fce016f73fb3450aa55850,1388510261,35.010628999999994,-94.389187,0,0.58919173,1
555004,2020-12-31 19:43:11,4364010865167176,"fraud_Douglas, Schneider and Turner",shopping_pos,2149.66,Gary,Martinez,M,03512 Jackson Ports,Reno,NV,89512,39.5483,-119.7957,276896,Immunologist,1997-03-12,418c90ecaebea2701d7fece2de5a4fed,1388518991,40.170913,-120.005205,0,0.9103515,1
555229,2020-12-31 21:08:01,36913587729122,fraud_Mayert Group,shopping_pos,1309.21,Ana,Mccormick,F,4503 Patricia Route,Meridian,ID,83646,43.6498,-116.4306,84106,Intelligence analyst,1971-02-11,7a848ec13987751c1b04be6006dc360f,1388524081,42.916524,-115.787654,0,0.96636105,1
555495,2020-12-31 22:36:21,630451534402,fraud_Gleason-Macejkovic,shopping_net,850.87,Rachel,Daniels,F,561 Little Plain Apt. 738,Wetmore,MI,49895,46.3535,-86.6345,765,Immunologist,1972-06-12,ff81dabd1ed194df2fc190d5f2d28f30,1388529381,45.905236,-86.690136,0,0.9358932,1
555637,2020-12-31 23:30:29,6011109736646996,fraud_Gleason-Macejkovic,shopping_net,1164.37,Rebecca,Erickson,F,594 Berry Lights Apt. 392,Wilmington,NC,28405,34.2651,-77.867,186140,English as a second language teacher,1983-02-08,b7f83407df7234b10f7aa2c06af06444,1388532629,34.854212,-77.711814,0,0.9635824,1
