city_pop,hour,age,unix_time,amt_diff_avg_30d,trans_count_24h,distance_velocity,merchant_risk_score,merchant_freq_30d,cat_misc_net,cat_grocery_pos,cat_entertainment,cat_gas_transport,cat_misc_pos,cat_grocery_net,cat_shopping_net,cat_shopping_pos,cat_food_dining,cat_personal_care,cat_health_fitness,cat_travel,cat_kids_pets,cat_home,is_fraud,predicted_prob,prediction
-0.22988898,1.495366,-1.1360338,1.9629128,-0.49034524,0.6865081,1.4618925,-0.87718683,-1.549564,0.0,0.0,0.0,0.0,0.0,0.0,0.0,0.0,0.0,0.0,0.0,1.0,0.0,0.0,0,0.5562632,1
0.8102911,-1.2914469,0.30252665,2.0989246,-0.29010597,1.0109638,-0.03621406,0.47645783,1.7746401,0.0,0.0,0.0,1.0,0.0,0.0,0.0,0.0,0.0,0.0,0.0,0.0,0.0,0.0,0,0.7095148,1
-0.22684218,0.3219711,-0.6756944,2.142429,6.1095834,2.3087866,-0.021946708,1.6367247,0.46711978,0.0,0.0,0.0,0.0,0.0,0.0,1.0,0.0,0.0,0.0,0.0,0.0,0.0,0.0,0,0.75634426,1
-0.2880464,1.495366,-0.8483217,2.1916482,0.5036679,1.3354195,8.72643,-0.4904312,1.3757355,0.0,0.0,0.0,0.0,0.0,0.0,0.0,0.0,0.0,0.0,0.0,0.0,0.0,1.0,0,0.50964177,1
-0.28872198,1.2020173,-0.15781268,2.890721,4.2222342,0.36205244,-0.038302395,0.28308,0.8881856,0.0,0.0,0.0,0.0,0.0,0.0,0.0,1.0,0.0,0.0,0.0,0.0,0.0,0.0,0,0.6830889,1
-0.24834529,-0.70474946,0.36006907,2.8603761,-0.32210764,1.3354195,0.00093943876,0.21862076,0.60008794,0.0,0.0,0.0,1.0,0.0,0.0,0.0,0.0,0.0,0.0,0.0,0.0,0.0,0.0,0,0.60319424,1
-0.2935273,1.495366,0.5326963,1.8552489,-0.07059792,1.0109638,0.006255214,-0.55489045,0.60008794,0.0,0.0,0.0,0.0,0.0,0.0,0.0,0.0,0.0,1.0,0.0,0.0,0.0,0.0,0,0.55021185,1
-0.29390818,1.495366,-0.9058641,2.6089196,1.0442238,2.3087866,0.028754393,-0.4904312,0.356313,0.0,0.0,0.0,0.0,0.0,0.0,0.0,0.0,0.0,0.0,0.0,0.0,0.0,1.0,0,0.92369527,1
-0.2918615,1.3486917,1.1081204,2.2855787,4.526766,-0.28685895,-0.04121967,0.5409171,-0.90688455,1.0,0.0,0.0,0.0,0.0,0.0,0.0,0.0,0.0,0.0,0.0,0.0,0.0,0.0,1,0.99814475,1
-0.2916297,1.3486917,0.07235698,3.0593328,4.987232,0.36205244,0.13513036,2.0879395,2.3065128,0.0,0.0,0.0,0.0,0.0,0.0,1.0,0.0,0.0,0.0,0.0,0.0,0.0,0.0,0,0.9800005,1
-0.22162952,-1.4381213,-0.15781268,2.542492,4.071388,0.36205244,-0.025106775,0.15416148,-1.2171437,1.0,0.0,0.0,0.0,0.0,0.0,0.0,0.0,0.0,0.0,0.0,0.0,0.0,0.0,1,0.8978083,1
-0.2916297,1.3486917,0.07235698,1.9693768,-0.30122104,0.03759675,0.25294003,-0.55489045,-0.19772102,0.0,0.0,0.0,0.0,0.0,0.0,0.0,0.0,0.0,0.0,1.0,0.0,0.0,0.0,0,0.6594406,1
-0.17864317,-1.73147,0.1298994,2.9323401,-0.28560582,1.3354195,-0.046445105,-0.03921632,1.951931,0.0,0.0,0.0,1.0,0.0,0.0,0.0,0.0,0.0,0.0,0.0,0.0,0.0,0.0,0,0.63058347,1
0.017186455,-0.9980982,-0.6756944,2.9,3.899978,1.3354195,0.03910488,0.6698356,-0.7295937,1.0,0.0,0.0,0.0,0.0,0.0,0.0,0.0,0.0,0.0,0.0,0.0,0.0,0.0,0,0.75669986,1
-0.28579772,-1.73147,0.18744181,2.5286386,-0.27712697,-0.61131465,-0.037572723,-0.6193497,-1.8155004,0.0,0.0,0.0,0.0,0.0,1.0,0.0,0.0,0.0,0.0,0.0,0.0,0.0,0.0,0,0.5841643,1
-0.29318622,-1.5847957,-0.44552475,1.8627067,1.2573223,-0.28685895,-0.015782293,1.8945618,1.0654765,0.0,1.0,0.0,0.0,0.0,0.0,0.0,0.0,0.0,0.0,0.0,0.0,0.0,0.0,1,0.9950937,1
-0.2932657,1.3486917,0.07235698,3.039006,-0.17247646,1.3354195,0.10082437,-0.55489045,1.5530264,0.0,0.0,0.0,0.0,1.0,0.0,0.0,0.0,0.0,0.0,0.0,0.0,0.0,0.0,0,0.788614,1
-0.28289664,1.495366,2.6617658,2.1916165,4.941743,-0.61131465,-0.018312525,2.2813175,0.356313,0.0,0.0,0.0,0.0,0.0,0.0,1.0,0.0,0.0,0.0,0.0,0.0,0.0,0.0,1,0.99801326,1
-0.284324,-1.5847957,1.453375,1.9570817,-0.3676892,0.03759675,-0.048713244,-0.16813485,1.4865423,0.0,0.0,0.0,1.0,0.0,0.0,0.0,0.0,0.0,0.0,0.0,0.0,0.0,0.0,0,0.79848796,1
-0.29152042,-1.5847957,2.7193081,2.8181431,-0.43546867,1.0109638,-0.04403514,0.025242949,0.6222493,0.0,0.0,0.0,1.0,0.0,0.0,0.0,0.0,0.0,0.0,0.0,0.0,0.0,0.0,0,0.87796307,1
-0.2905567,1.3486917,0.1298994,2.3461962,-0.27053145,0.6865081,-0.037569463,-0.42597193,2.74974,0.0,0.0,0.0,0.0,1.0,0.0,0.0,0.0,0.0,0.0,0.0,0.0,0.0,0.0,0,0.53258985,1
-0.29139456,1.495366,-0.44552475,2.1983073,-0.14742808,1.3354195,0.2960688,-0.9416461,-0.30852783,0.0,0.0,0.0,0.0,0.0,0.0,0.0,0.0,0.0,0.0,1.0,0.0,0.0,0.0,0,0.58951586,1
-0.28977844,-1.4381213,2.7193081,2.253405,1.6161317,-0.93577033,-0.041623957,2.0234802,1.154122,0.0,1.0,0.0,0.0,0.0,0.0,0.0,0.0,0.0,0.0,0.0,0.0,0.0,0.0,1,0.99981695,1
-0.27193147,1.495366,1.6260022,2.198464,4.9607544,0.6865081,-0.022237945,0.6698356,-0.35285056,1.0,0.0,0.0,0.0,0.0,0.0,0.0,0.0,0.0,0.0,0.0,0.0,0.0,0.0,1,0.9985776,1
0.6198828,-1.1447725,-0.33043993,2.0923824,-0.5074886,-0.28685895,-0.04817401,-0.10367559,1.3757355,0.0,0.0,0.0,1.0,0.0,0.0,0.0,0.0,0.0,0.0,0.0,0.0,0.0,0.0,0,0.55716264,1
-0.114378914,1.495366,0.07235698,2.7499661,5.317654,0.03759675,-0.042921077,0.47645783,0.33415163,0.0,0.0,0.0,0.0,0.0,0.0,0.0,1.0,0.0,0.0,0.0,0.0,0.0,0.0,0,0.95039517,1
-0.29250067,1.3486917,0.76286596,2.6086106,0.030722793,0.6865081,-0.0118167745,-0.683809,-0.17555965,0.0,0.0,0.0,0.0,0.0,0.0,0.0,0.0,0.0,1.0,0.0,0.0,0.0,0.0,0,0.5646048,1
-0.29368296,-1.4381213,1.9712567,2.8051648,-0.29813552,0.03759675,-0.03991886,-0.03921632,0.33415163,0.0,0.0,0.0,1.0,0.0,0.0,0.0,0.0,0.0,0.0,0.0,0.0,0.0,0.0,0,0.76944405,1
-0.2715076,-1.73147,-1.4812882,2.050875,1.3809793,1.0109638,0.13810797,1.5722654,0.93250835,0.0,1.0,0.0,0.0,0.0,0.0,0.0,0.0,0.0,0.0,0.0,0.0,0.0,0.0,1,0.99766016,1
-0.2868012,1.495366,-0.73323685,2.8308444,5.5163674,1.0109638,-0.02689102,1.4433469,-0.2642051,0.0,0.0,0.0,0.0,0.0,0.0,1.0,0.0,0.0,0.0,0.0,0.0,0.0,0.0,1,0.9783481,1
-0.2924212,-1.2914469,1.9137143,2.8659606,-0.44655675,-0.61131465,-0.045286793,-0.6193497,-1.1728209,0.0,0.0,0.0,0.0,0.0,1.0,0.0,0.0,0.0,0.0,0.0,0.0,0.0,0.0,0,0.6579373,1
-0.28073075,-1.8781444,-0.9634065,1.9361322,-0.3149264,0.36205244,-0.04245482,0.21862076,1.0433152,0.0,0.0,0.0,1.0,0.0,0.0,0.0,0.0,0.0,0.0,0.0,0.0,0.0,0.0,0,0.5872737,1
-0.27690572,1.495366,-0.79077923,1.7878318,2.446219,-0.61131465,-0.046167158,-0.683809,-0.19772102,0.0,0.0,1.0,0.0,0.0,0.0,0.0,0.0,0.0,0.0,0.0,0.0,0.0,0.0,0,0.9130322,1
-0.28803647,-1.8781444,0.59023875,2.8714228,-0.28486726,0.36205244,-0.04513576,-0.36151266,0.9546697,0.0,0.0,0.0,1.0,0.0,0.0,0.0,0.0,0.0,0.0,0.0,0.0,0.0,0.0,0,0.7497597,1
-0.1799215,1.3486917,0.18744181,2.1375065,1.308215,0.36205244,-0.037306476,-0.55489045,0.5557652,0.0,0.0,0.0,0.0,0.0,0.0,0.0,0.0,0.0,0.0,0.0,0.0,0.0,1.0,0,0.74219596,1
-0.29114288,1.3486917,0.30252665,2.4873514,5.786871,0.03759675,0.20744792,2.0234802,0.09037667,0.0,0.0,0.0,0.0,0.0,0.0,1.0,0.0,0.0,0.0,0.0,0.0,0.0,0.0,1,0.9922035,1
-0.28816894,1.495366,-0.042727854,3.032752,-0.17713669,0.6865081,0.009792006,-0.683809,0.8881856,0.0,0.0,0.0,0.0,0.0,0.0,0.0,0.0,0.0,1.0,0.0,0.0,0.0,0.0,0,0.6072785,1
-0.27462062,0.3219711,0.07235698,2.1154222,4.7462687,0.6865081,0.347916,0.41199857,0.8881856,0.0,0.0,0.0,0.0,0.0,0.0,0.0,1.0,0.0,0.0,0.0,0.0,0.0,0.0,0,0.6538392,1
2.1442156,-0.118052006,1.2232053,1.8184792,6.817511,0.36205244,-0.045494568,2.0234802,0.44495845,0.0,0.0,0.0,0.0,0.0,0.0,1.0,0.0,0.0,0.0,0.0,0.0,0.0,0.0,1,0.9360569,1
-0.276091,-1.8781444,1.3382901,2.6157603,1.3666991,0.03759675,0.005713095,1.4433469,0.356313,0.0,1.0,0.0,0.0,0.0,0.0,0.0,0.0,0.0,0.0,0.0,0.0,0.0,0.0,1,0.9996519,1
0.39272416,-0.55807513,-0.618152,1.9724078,5.838703,-0.28685895,-0.04450135,0.8632134,-0.68527097,1.0,0.0,0.0,0.0,0.0,0.0,0.0,0.0,0.0,0.0,0.0,0.0,0.0,0.0,0,0.50101775,1
-0.29160982,-1.8781444,0.07235698,2.2187471,-0.44099927,-1.260226,-0.04863816,-0.03921632,1.1097993,0.0,0.0,0.0,1.0,0.0,0.0,0.0,0.0,0.0,0.0,0.0,0.0,0.0,0.0,0,0.7686915,1
-0.294087,-1.8781444,0.24498422,1.8755859,-0.19118086,0.6865081,0.15716562,0.15416148,1.0876379,0.0,0.0,0.0,1.0,0.0,0.0,0.0,0.0,0.0,0.0,0.0,0.0,0.0,0.0,0,0.55614364,1
-0.28258866,-0.26472637,-0.8483217,1.945968,5.63131,-0.28685895,-0.048042893,1.4433469,-0.109075576,0.0,0.0,0.0,0.0,0.0,0.0,1.0,0.0,0.0,0.0,0.0,0.0,0.0,0.0,1,0.9037828,1
-0.29334518,0.3219711,0.7053236,2.5123162,5.5083394,-0.28685895,-0.041423995,1.6367247,-0.2642051,0.0,0.0,0.0,0.0,0.0,0.0,1.0,0.0,0.0,0.0,0.0,0.0,0.0,0.0,1,0.9786406,1
-0.29143098,1.3486917,-1.0209489,2.6622014,5.569979,-0.61131465,-0.046817258,2.5391545,1.5751878,0.0,0.0,0.0,0.0,0.0,0.0,1.0,0.0,0.0,0.0,0.0,0.0,0.0,0.0,1,0.96677285,1
-0.28309202,0.7619942,-0.9634065,2.8900433,5.358573,0.36205244,-0.039859515,2.3457766,-0.30852783,0.0,0.0,0.0,0.0,0.0,0.0,1.0,0.0,0.0,0.0,0.0,0.0,0.0,0.0,0,0.81438726,1
-0.27901196,1.2020173,-1.0209489,2.6148314,1.0462358,1.9843309,0.0013995814,-0.4904312,0.37847435,0.0,0.0,0.0,0.0,0.0,0.0,0.0,0.0,0.0,0.0,0.0,0.0,0.0,1.0,0,0.5806016,1
-0.29347765,1.3486917,0.64778113,2.0970526,0.030918546,0.03759675,-0.029892031,-0.87718683,-1.3501117,0.0,0.0,0.0,0.0,0.0,0.0,0.0,0.0,0.0,0.0,0.0,1.0,0.0,0.0,0,0.577978,1
-0.29227218,-1.5847957,2.431596,2.7710345,1.9425479,0.36205244,-0.04876423,2.0234802,0.22334483,0.0,1.0,0.0,0.0,0.0,0.0,0.0,0.0,0.0,0.0,0.0,0.0,0.0,0.0,1,0.9998202,1
-0.29041758,1.495366,0.8204084,1.7813207,-0.14069925,-0.28685895,0.22258987,-0.7482683,-0.57446414,0.0,0.0,0.0,0.0,1.0,0.0,0.0,0.0,0.0,0.0,0.0,0.0,0.0,0.0,1,0.9890593,1
-0.015626233,-1.73147,0.1298994,2.273049,2.1498156,-0.28685895,-0.044542145,-0.2970534,-0.13123694,0.0,0.0,1.0,0.0,0.0,0.0,0.0,0.0,0.0,0.0,0.0,0.0,0.0,0.0,1,0.8943483,1
-0.2607941,-1.1447725,-0.2153551,2.8459635,1.1021395,1.0109638,-0.019931655,1.8301024,0.60008794,0.0,1.0,0.0,0.0,0.0,0.0,0.0,0.0,0.0,0.0,0.0,0.0,0.0,0.0,0,0.9013635,1
-0.1108751,-1.1447725,1.453375,2.9334354,-0.33722967,0.6865081,0.4965849,-0.23259413,1.7524787,0.0,0.0,0.0,1.0,0.0,0.0,0.0,0.0,0.0,0.0,0.0,0.0,0.0,0.0,0,0.70774674,1
-0.29259008,-1.4381213,1.050578,2.5357747,-0.2611889,-0.61131465,-0.04819597,0.15416148,0.48928115,0.0,0.0,0.0,1.0,0.0,0.0,0.0,0.0,0.0,0.0,0.0,0.0,0.0,0.0,0,0.5577862,1
-0.114378914,-1.8781444,0.07235698,2.4342296,-0.36765125,0.03759675,-0.031841222,0.28308,0.7552175,0.0,0.0,0.0,1.0,0.0,0.0,0.0,0.0,0.0,0.0,0.0,0.0,0.0,0.0,0,0.8371025,1
0.09051162,-1.8781444,2.3740537,2.0237935,1.7710956,0.03759675,-0.03765232,1.8301024,0.33415163,0.0,1.0,0.0,0.0,0.0,0.0,0.0,0.0,0.0,0.0,0.0,0.0,0.0,0.0,1,0.9997682,1
-0.2883014,1.3486917,-1.1935762,2.4874449,5.3783116,0.36205244,-0.041406438,2.0234802,-0.57446414,0.0,0.0,0.0,0.0,0.0,0.0,1.0,0.0,0.0,0.0,0.0,0.0,0.0,0.0,1,0.967917,1
-0.27508757,1.495366,-0.2728975,2.9048648,-0.20539306,1.9843309,0.0031338634,-0.6193497,1.0654765,0.0,0.0,0.0,0.0,0.0,0.0,0.0,0.0,0.0,0.0,0.0,0.0,1.0,0.0,0,0.61592585,1
-0.2924212,1.495366,1.9137143,1.821653,4.241575,1.9843309,1.277254,0.41199857,1.5530264,0.0,0.0,0.0,0.0,0.0,0.0,0.0,1.0,0.0,0.0,0.0,0.0,0.0,0.0,1,0.998445,1
-0.28866237,-1.4381213,-0.8483217,2.509039,1.5848339,0.03759675,-0.047714714,1.4433469,0.0682153,0.0,1.0,0.0,0.0,0.0,0.0,0.0,0.0,0.0,0.0,0.0,0.0,0.0,0.0,1,0.99731284,1
-0.28771853,-1.73147,-0.9634065,2.75743,-0.3033636,-0.61131465,-0.043931507,-0.10367559,0.1790221,0.0,0.0,0.0,1.0,0.0,0.0,0.0,0.0,0.0,0.0,0.0,0.0,0.0,0.0,0,0.58223486,1
-0.288616,0.7619942,-0.73323685,2.9504843,6.159287,1.0109638,-0.020953255,0.28308,-0.24204375,1.0,0.0,0.0,0.0,0.0,0.0,0.0,0.0,0.0,0.0,0.0,0.0,0.0,0.0,0,0.7602952,1
-0.28477108,1.0553429,-0.6756944,2.311829,6.842495,1.0109638,-0.047911704,2.2168581,-0.4858187,0.0,0.0,0.0,0.0,0.0,0.0,1.0,0.0,0.0,0.0,0.0,0.0,0.0,0.0,1,0.8762528,1
-0.29131177,1.495366,0.76286596,2.810551,6.5388484,-0.28685895,-0.045244567,1.6367247,0.112538025,0.0,0.0,0.0,0.0,0.0,0.0,1.0,0.0,0.0,0.0,0.0,0.0,0.0,0.0,1,0.9972696,1
-0.2751803,1.3486917,1.6260022,2.5548086,5.0598164,0.6865081,0.21527088,0.3475393,-1.1728209,1.0,0.0,0.0,0.0,0.0,0.0,0.0,0.0,0.0,0.0,0.0,0.0,0.0,0.0,1,0.99883765,1
-0.2792206,-1.5847957,-1.0784913,2.9862878,0.90509456,0.36205244,-0.047254663,2.9903693,6.0517826,0.0,1.0,0.0,0.0,0.0,0.0,0.0,0.0,0.0,0.0,0.0,0.0,0.0,0.0,0,0.531674,1
-0.25326654,-1.4381213,-0.6756944,3.033852,-0.55293626,-1.260226,-0.049245153,-0.42597193,3.8134851,0.0,0.0,0.0,1.0,0.0,0.0,0.0,0.0,0.0,0.0,0.0,0.0,0.0,0.0,0,0.7526885,1
-0.28938764,-1.73147,-0.5030672,2.9794698,-0.52419716,-0.93577033,-0.04773131,-0.683809,-0.8625618,0.0,0.0,0.0,0.0,0.0,1.0,0.0,0.0,0.0,0.0,0.0,0.0,0.0,0.0,0,0.53134376,1
-0.29039112,1.495366,1.2807478,2.9116185,1.778095,0.36205244,-0.025858441,1.959021,1.6195105,0.0,1.0,0.0,0.0,0.0,0.0,0.0,0.0,0.0,0.0,0.0,0.0,0.0,0.0,1,0.99945074,1
-0.2938618,-1.73147,0.64778113,2.8583412,-0.2584783,0.6865081,-0.040412903,0.28308,0.8881856,0.0,0.0,0.0,1.0,0.0,0.0,0.0,0.0,0.0,0.0,0.0,0.0,0.0,0.0,0,0.7603536,1
-0.29318622,1.3486917,-0.44552475,1.8684182,5.6416435,0.03759675,-0.04484258,1.7656432,0.0017312241,0.0,0.0,0.0,0.0,0.0,0.0,1.0,0.0,0.0,0.0,0.0,0.0,0.0,0.0,1,0.9657618,1
-0.2868012,1.3486917,-0.73323685,2.830546,4.7216873,-0.28685895,-0.037289426,1.7656432,-0.75175506,0.0,0.0,0.0,0.0,0.0,0.0,1.0,0.0,0.0,0.0,0.0,0.0,0.0,0.0,1,0.89116013,1
-0.29291797,-0.85142386,2.028799,1.9448565,-0.2629565,1.0109638,-0.04169189,-0.6193497,-1.3944345,0.0,0.0,0.0,0.0,0.0,1.0,0.0,0.0,0.0,0.0,0.0,0.0,0.0,0.0,0,0.5994497,1
-0.29393467,-0.9980982,-1.0209489,2.5570621,-0.39379236,0.6865081,-0.045627993,-0.03921632,0.5779266,0.0,0.0,0.0,1.0,0.0,0.0,0.0,0.0,0.0,0.0,0.0,0.0,0.0,0.0,0,0.50012064,1
-0.28921875,1.495366,-0.6756944,2.9318483,1.0020641,1.6598753,0.101390034,-0.6193497,0.77737886,0.0,0.0,0.0,0.0,0.0,0.0,0.0,0.0,0.0,0.0,0.0,0.0,0.0,1.0,1,0.92152214,1
-0.2755545,1.3486917,0.8204084,2.2316785,-0.3217411,0.03759675,0.2460237,-0.8127276,0.40063572,0.0,0.0,0.0,0.0,0.0,0.0,0.0,0.0,0.0,1.0,0.0,0.0,0.0,0.0,1,0.5438565,1
-0.29118592,1.3486917,0.36006907,2.1980238,-0.28109968,0.03759675,6.6754775,-0.87718683,0.15686075,0.0,0.0,0.0,0.0,0.0,0.0,0.0,0.0,0.0,0.0,1.0,0.0,0.0,0.0,0,0.5732988,1
0.68930674,-1.4381213,0.64778113,2.260099,2.0773668,-0.93577033,-0.033913054,1.249969,0.8217016,0.0,1.0,0.0,0.0,0.0,0.0,0.0,0.0,0.0,0.0,0.0,0.0,0.0,0.0,1,0.99980086,1
-0.28261515,-1.2914469,0.76286596,2.7649894,-0.35319132,-0.61131465,-0.04723318,0.15416148,0.46711978,0.0,0.0,0.0,1.0,0.0,0.0,0.0,0.0,0.0,0.0,0.0,0.0,0.0,0.0,0,0.6422147,1
-0.23394917,-1.4381213,-0.10027027,2.5223818,-0.4564036,0.03759675,-0.046612527,-0.23259413,0.15686075,0.0,0.0,0.0,1.0,0.0,0.0,0.0,0.0,0.0,0.0,0.0,0.0,0.0,0.0,0,0.73857003,1
-0.29106006,1.495366,0.8779508,2.7365112,4.943625,-0.61131465,-0.048496548,0.5409171,0.09037667,0.0,0.0,0.0,0.0,0.0,0.0,0.0,1.0,0.0,0.0,0.0,0.0,0.0,0.0,1,0.9973757,1
4.053889,-1.73147,-0.44552475,2.0846639,-0.27773067,0.03759675,-0.04833014,0.025242949,1.4200583,0.0,0.0,0.0,1.0,0.0,0.0,0.0,0.0,0.0,0.0,0.0,0.0,0.0,0.0,0,0.6046422,1
-0.28489363,1.3486917,0.7053236,1.8951731,-0.3341876,-1.260226,-0.048694722,-0.55489045,-0.3306892,0.0,0.0,0.0,0.0,1.0,0.0,0.0,0.0,0.0,0.0,0.0,0.0,0.0,0.0,1,0.9379777,1
-0.2825456,1.495366,1.5684597,1.996492,3.7968059,1.0109638,1.7645997,0.5409171,-0.8625618,1.0,0.0,0.0,0.0,0.0,0.0,0.0,0.0,0.0,0.0,0.0,0.0,0.0,0.0,1,0.9972486,1
-0.293577,-1.2914469,-0.042727854,2.2200267,-0.2696385,-0.28685895,-0.030568724,0.21862076,1.154122,0.0,0.0,0.0,1.0,0.0,0.0,0.0,0.0,0.0,0.0,0.0,0.0,0.0,0.0,0,0.5017543,1
-0.2891194,0.7619942,-0.618152,2.1497843,2.547854,0.6865081,-0.046645418,-0.7482683,-0.1533983,0.0,0.0,1.0,0.0,0.0,0.0,0.0,0.0,0.0,0.0,0.0,0.0,0.0,0.0,1,0.83084404,1
-0.28289664,-1.73147,2.6617658,2.0373163,-0.26053882,-0.61131465,-0.022829,-0.10367559,1.3978969,0.0,0.0,0.0,1.0,0.0,0.0,0.0,0.0,0.0,0.0,0.0,0.0,0.0,0.0,0,0.55113554,1
-0.0002962036,-0.41140074,-0.8483217,2.3762534,4.8701777,-0.93577033,-0.0474709,0.08970222,0.2455062,0.0,0.0,0.0,0.0,0.0,0.0,0.0,1.0,0.0,0.0,0.0,0.0,0.0,0.0,1,0.56696224,1
-0.29360348,1.3486917,1.1656629,2.6824803,4.804109,-0.93577033,0.0041637775,1.5722654,-0.3306892,0.0,0.0,0.0,0.0,0.0,0.0,1.0,0.0,0.0,0.0,0.0,0.0,0.0,0.0,1,0.9963671,1
-0.29240796,1.3486917,-0.9058641,2.5210466,1.4188126,0.6865081,0.045793664,-0.36151266,0.33415163,0.0,0.0,0.0,0.0,0.0,0.0,0.0,0.0,0.0,0.0,0.0,0.0,0.0,1.0,1,0.95116925,1
-0.14413156,-1.73147,0.24498422,2.8245368,-0.2955862,-0.61131465,-0.045477115,0.025242949,0.356313,0.0,0.0,0.0,1.0,0.0,0.0,0.0,0.0,0.0,0.0,0.0,0.0,0.0,0.0,0,0.7627604,1
-0.29209003,-1.2914469,0.76286596,2.1796877,-0.29291323,-0.28685895,-0.04866916,-0.87718683,-1.5717254,0.0,0.0,0.0,0.0,0.0,1.0,0.0,0.0,0.0,0.0,0.0,0.0,0.0,0.0,0,0.7413848,1
-0.28772846,1.3486917,0.1298994,1.9221343,-0.24072586,-0.28685895,0.14763235,-0.683809,-1.4165958,0.0,0.0,0.0,0.0,0.0,0.0,0.0,0.0,0.0,0.0,0.0,1.0,0.0,0.0,0,0.7164711,1
-0.29345778,1.3486917,0.07235698,2.8978312,-0.18791799,1.0109638,0.28596023,-0.8127276,-0.28636646,0.0,0.0,0.0,0.0,0.0,0.0,0.0,0.0,0.0,0.0,1.0,0.0,0.0,0.0,0,0.6946435,1
-0.2935803,1.3486917,0.59023875,2.467156,-0.018616278,0.36205244,0.9959624,-0.55489045,-0.7074323,0.0,0.0,0.0,0.0,1.0,0.0,0.0,0.0,0.0,0.0,0.0,0.0,0.0,0.0,1,0.96406996,1
-0.29246426,0.9086686,-0.15781268,2.008761,4.9275827,-0.61131465,-0.04209676,0.60537636,0.8881856,0.0,0.0,0.0,0.0,0.0,0.0,0.0,1.0,0.0,0.0,0.0,0.0,0.0,0.0,0,0.74073803,1
-0.29345778,0.17529672,0.07235698,2.942763,4.8964224,1.9843309,-0.048692685,0.21862076,1.1097993,0.0,0.0,0.0,0.0,0.0,0.0,0.0,1.0,0.0,0.0,0.0,0.0,0.0,0.0,0,0.6178241,1
-0.2935273,1.3486917,0.5326963,2.4603653,1.9365039,0.6865081,-0.045011457,2.0879395,0.20118347,0.0,1.0,0.0,0.0,0.0,0.0,0.0,0.0,0.0,0.0,0.0,0.0,0.0,0.0,1,0.9994198,1
-0.28932473,1.3486917,2.2014263,2.2722268,5.921689,0.03759675,-0.0037185852,2.0879395,0.26766756,0.0,0.0,0.0,0.0,0.0,0.0,1.0,0.0,0.0,0.0,0.0,0.0,0.0,0.0,1,0.9990728,1
-0.29401082,1.495366,-0.79077923,2.2454405,-0.26598984,2.6332424,5.6251187,-0.6193497,0.77737886,0.0,0.0,0.0,0.0,0.0,0.0,0.0,0.0,0.0,0.0,0.0,0.0,1.0,0.0,0,0.5242209,1
-0.29176217,1.3486917,0.07235698,2.3998582,0.38630098,0.6865081,-0.047317777,-0.8127276,-0.19772102,0.0,0.0,0.0,0.0,0.0,0.0,0.0,0.0,1.0,0.0,0.0,0.0,0.0,0.0,1,0.6499395,1
-0.2930173,-1.5847957,-0.15781268,2.0713358,-0.27612895,1.0109638,-0.020842722,-0.16813485,1.1984447,0.0,0.0,0.0,1.0,0.0,0.0,0.0,0.0,0.0,0.0,0.0,0.0,0.0,0.0,1,0.62743205,1
-0.29164955,-1.5847957,0.93549323,2.5826867,-0.5514686,0.03759675,-0.047078863,0.025242949,0.28982893,0.0,0.0,0.0,1.0,0.0,0.0,0.0,0.0,0.0,0.0,0.0,0.0,0.0,0.0,0,0.82638544,1
-0.28876173,-1.8781444,1.1656629,2.326557,-0.27388585,0.6865081,0.012716768,0.025242949,0.910347,0.0,0.0,0.0,1.0,0.0,0.0,0.0,0.0,0.0,0.0,0.0,0.0,0.0,0.0,1,0.8394063,1
-0.015626233,-1.73147,0.1298994,2.8045034,-0.2372218,0.36205244,-0.042399,0.08970222,0.5779266,0.0,0.0,0.0,1.0,0.0,0.0,0.0,0.0,0.0,0.0,0.0,0.0,0.0,0.0,0,0.66614723,1
-0.29164624,-0.9980982,-0.6756944,1.904289,-0.5070015,0.6865081,-0.034119762,-0.03921632,1.8411242,0.0,0.0,0.0,1.0,0.0,0.0,0.0,0.0,0.0,0.0,0.0,0.0,0.0,0.0,0,0.6677097,1
-0.2889803,1.495366,0.30252665,1.9897625,0.4140291,0.03759675,-0.038422342,-0.7482683,0.356313,0.0,0.0,0.0,0.0,0.0,0.0,0.0,0.0,1.0,0.0,0.0,0.0,0.0,0.0,0,0.5859719,1
-0.2743292,1.495366,0.36006907,2.487683,6.6544137,-0.61131465,-0.01758546,1.8301024,-0.08691422,0.0,0.0,0.0,0.0,0.0,0.0,1.0,0.0,0.0,0.0,0.0,0.0,0.0,0.0,1,0.9904241,1
-0.29114288,-1.73147,0.30252665,2.488305,1.6367487,0.6865081,-0.037073016,2.410236,0.71089476,0.0,1.0,0.0,0.0,0.0,0.0,0.0,0.0,0.0,0.0,0.0,0.0,0.0,0.0,1,0.99954766,1
-0.2938353,-1.4381213,0.4751539,2.5425198,-0.4247479,1.0109638,-0.027570251,0.08970222,0.356313,0.0,0.0,0.0,1.0,0.0,0.0,0.0,0.0,0.0,0.0,0.0,0.0,0.0,0.0,1,0.8710115,1
-0.27236864,-1.73147,0.5326963,2.4881058,-0.3710796,-0.28685895,-0.047554348,0.025242949,0.40063572,0.0,0.0,0.0,1.0,0.0,0.0,0.0,0.0,0.0,0.0,0.0,0.0,0.0,0.0,0,0.8389744,1
-0.27690572,1.3486917,-0.79077923,1.9088482,5.808138,-0.28685895,0.06612546,0.992132,0.64441067,0.0,0.0,0.0,0.0,0.0,0.0,0.0,1.0,0.0,0.0,0.0,0.0,0.0,0.0,1,0.9084473,1
-0.24307632,0.028622357,2.143884,2.202228,6.328918,-0.28685895,-0.025666045,2.3457766,0.33415163,0.0,0.0,0.0,0.0,0.0,0.0,1.0,0.0,0.0,0.0,0.0,0.0,0.0,0.0,1,0.9683358,1
-0.28742048,1.495366,0.1298994,1.8217131,-0.36556175,0.6865081,-0.041252077,-0.42597193,2.505965,0.0,0.0,0.0,0.0,1.0,0.0,0.0,0.0,0.0,0.0,0.0,0.0,0.0,0.0,0,0.5484818,1
-0.2819495,1.495366,-0.79077923,2.9385855,-0.31870702,-0.28685895,0.22169264,-0.683809,0.2455062,0.0,0.0,0.0,0.0,0.0,0.0,0.0,0.0,0.0,1.0,0.0,0.0,0.0,0.0,0,0.5417001,1
-0.23106134,1.495366,-0.15781268,2.9788773,0.50973564,0.6865081,-0.044261012,-0.683809,0.5557652,0.0,0.0,0.0,0.0,0.0,0.0,0.0,0.0,1.0,0.0,0.0,0.0,0.0,0.0,0,0.73413265,1
-0.28860277,-1.1447725,-0.73323685,1.8164128,4.6256385,1.3354195,-0.030622948,0.3475393,-0.46365735,1.0,0.0,0.0,0.0,0.0,0.0,0.0,0.0,0.0,0.0,0.0,0.0,0.0,0.0,1,0.88373387,1
-0.28866237,1.3486917,-0.8483217,2.5074766,5.8718114,-0.93577033,-0.04139036,0.28308,0.8217016,0.0,0.0,0.0,0.0,0.0,0.0,0.0,1.0,0.0,0.0,0.0,0.0,0.0,0.0,1,0.7719726,1
-0.29159325,1.3486917,1.3958325,2.8910203,4.0577207,-0.61131465,-0.002377977,0.41199857,0.9768311,0.0,0.0,0.0,0.0,0.0,0.0,0.0,1.0,0.0,0.0,0.0,0.0,0.0,0.0,1,0.99816716,1
-0.2858805,-1.4381213,-0.73323685,2.9394681,1.1273397,0.03759675,-0.031735666,2.0879395,2.1735446,0.0,1.0,0.0,0.0,0.0,0.0,0.0,0.0,0.0,0.0,0.0,0.0,0.0,0.0,1,0.98351026,1
-0.06826629,-1.8781444,1.8561718,1.8084515,-0.5667437,0.36205244,-0.046294767,0.41199857,1.1762834,0.0,0.0,0.0,1.0,0.0,0.0,0.0,0.0,0.0,0.0,0.0,0.0,0.0,0.0,0,0.8917163,1
-0.24234442,-0.55807513,1.453375,2.0598562,1.4933115,-0.93577033,-0.04237326,2.1523988,0.99899244,0.0,1.0,0.0,0.0,0.0,0.0,0.0,0.0,0.0,0.0,0.0,0.0,0.0,0.0,1,0.9984861,1
-0.22634542,1.495366,-1.3662034,2.4673688,7.088511,0.6865081,-0.044001713,0.47645783,0.42279708,0.0,0.0,0.0,0.0,0.0,0.0,0.0,1.0,0.0,0.0,0.0,0.0,0.0,0.0,0,0.8727745,1
0.68930674,1.495366,0.64778113,2.265759,6.997733,1.0109638,0.04317639,2.410236,0.7330561,0.0,0.0,0.0,0.0,0.0,0.0,1.0,0.0,0.0,0.0,0.0,0.0,0.0,0.0,1,0.99612623,1
-0.26988152,0.7619942,0.93549323,1.8808194,5.9834423,0.6865081,-0.04751316,0.28308,0.8217016,0.0,0.0,0.0,0.0,0.0,0.0,0.0,1.0,0.0,0.0,0.0,0.0,0.0,0.0,1,0.9872786,1
-0.27901196,1.495366,-1.0209489,2.9923859,-0.17477554,1.6598753,-0.034130815,-0.8127276,1.2206061,0.0,0.0,0.0,0.0,0.0,0.0,0.0,0.0,0.0,0.0,1.0,0.0,0.0,0.0,0,0.5078859,1
-0.015626233,-1.8781444,0.1298994,2.797594,-0.26266417,0.6865081,-0.015079492,-0.16813485,0.51144254,0.0,0.0,0.0,1.0,0.0,0.0,0.0,0.0,0.0,0.0,0.0,0.0,0.0,0.0,0,0.8347558,1
-0.26857007,1.3486917,0.8204084,1.7808039,4.9615307,0.36205244,-0.0471837,0.992132,-0.7074323,1.0,0.0,0.0,0.0,0.0,0.0,0.0,0.0,0.0,0.0,0.0,0.0,0.0,0.0,1,0.9977938,1
-0.22417292,1.495366,-0.618152,2.9989386,-0.44981626,0.36205244,0.13072807,-0.6193497,1.8854469,0.0,0.0,0.0,0.0,0.0,0.0,0.0,0.0,0.0,0.0,0.0,0.0,1.0,0.0,0,0.5890672,1
-0.1514207,1.495366,1.3382901,2.5617788,4.329211,-0.28685895,-0.03200067,0.21862076,-1.0841755,1.0,0.0,0.0,0.0,0.0,0.0,0.0,0.0,0.0,0.0,0.0,0.0,0.0,0.0,1,0.99798393,1
2.4933622,1.495366,0.59023875,1.9696044,6.3591027,1.0109638,0.016163165,1.7656432,0.60008794,0.0,0.0,0.0,0.0,0.0,0.0,1.0,0.0,0.0,0.0,0.0,0.0,0.0,0.0,1,0.9964678,1
-0.290305,1.3486917,1.6835446,2.9046288,0.596935,1.9843309,24.430275,-0.8127276,0.44495845,0.0,0.0,0.0,0.0,0.0,0.0,0.0,0.0,0.0,0.0,1.0,0.0,0.0,0.0,0,0.55492336,1
-0.22417292,1.0553429,-0.618152,2.0966058,4.428319,0.03759675,0.21597861,0.5409171,0.8881856,0.0,0.0,0.0,0.0,0.0,0.0,0.0,1.0,0.0,0.0,0.0,0.0,0.0,0.0,0,0.8132841,1
-0.28327087,1.495366,2.3165112,2.817328,4.052438,-0.93577033,-0.047203843,-0.10367559,-0.90688455,1.0,0.0,0.0,0.0,0.0,0.0,0.0,0.0,0.0,0.0,0.0,0.0,0.0,0.0,1,0.9950212,1
-0.29318622,-1.5847957,-0.44552475,1.8696139,1.240023,-0.28685895,-0.047275428,1.8945618,1.2206061,0.0,1.0,0.0,0.0,0.0,0.0,0.0,0.0,0.0,0.0,0.0,0.0,0.0,0.0,1,0.9923509,1
-0.2755545,1.495366,0.8204084,2.238688,7.0103064,-0.61131465,0.07175218,1.8301024,0.5557652,0.0,0.0,0.0,0.0,0.0,0.0,1.0,0.0,0.0,0.0,0.0,0.0,0.0,0.0,1,0.99705136,1
-0.29336503,1.495366,-0.38798234,1.9829977,-0.27116174,1.9843309,0.21978566,-0.4904312,0.66657203,0.0,0.0,0.0,0.0,0.0,0.0,0.0,0.0,0.0,0.0,0.0,0.0,1.0,0.0,0,0.6521764,1
-0.2852513,-1.5847957,-1.1360338,2.3539314,-0.2462135,-0.28685895,-0.040965807,0.15416148,0.77737886,0.0,0.0,0.0,1.0,0.0,0.0,0.0,0.0,0.0,0.0,0.0,0.0,0.0,0.0,0,0.504182,1
-0.2920271,1.3486917,-0.042727854,2.8775969,-0.11978457,0.03759675,0.011612767,-0.4904312,-0.41933462,0.0,0.0,0.0,0.0,0.0,0.0,0.0,0.0,0.0,1.0,0.0,0.0,0.0,0.0,0,0.50778484,1
-0.28871536,-1.5847957,-0.73323685,2.898819,-0.3013356,0.6865081,-0.042971455,0.025242949,1.4422196,0.0,0.0,0.0,1.0,0.0,0.0,0.0,0.0,0.0,0.0,0.0,0.0,0.0,0.0,0,0.57527167,1
-0.28823847,-1.5847957,-0.5030672,2.0779886,5.240657,0.6865081,0.5264547,1.5722654,0.5779266,0.0,0.0,0.0,0.0,0.0,0.0,1.0,0.0,0.0,0.0,0.0,0.0,0.0,0.0,1,0.99826837,1
-0.2938353,1.3486917,-0.73323685,1.9557483,5.1854105,1.9843309,6.671168,0.992132,-0.5301414,1.0,0.0,0.0,0.0,0.0,0.0,0.0,0.0,0.0,0.0,0.0,0.0,0.0,0.0,1,0.99163073,1
-0.09630676,1.495366,-0.618152,2.3531976,7.1197853,-0.93577033,-0.04588918,0.41199857,0.44495845,0.0,0.0,0.0,0.0,0.0,0.0,0.0,1.0,0.0,0.0,0.0,0.0,0.0,0.0,0,0.6403358,1
-0.28898692,0.17529672,-0.2728975,2.8956392,2.7784793,1.9843309,-0.018133163,-0.683809,0.37847435,0.0,0.0,1.0,0.0,0.0,0.0,0.0,0.0,0.0,0.0,0.0,0.0,0.0,0.0,0,0.6980937,1
-0.2742729,-1.73147,-0.618152,2.716941,-0.27409562,0.36205244,-0.010660337,-0.03921632,0.40063572,0.0,0.0,0.0,1.0,0.0,0.0,0.0,0.0,0.0,0.0,0.0,0.0,0.0,0.0,0,0.6845114,1
-0.1734901,0.46864545,-0.6756944,1.8196505,5.46494,-0.28685895,-0.0388023,1.8301024,0.1790221,0.0,0.0,0.0,0.0,0.0,0.0,1.0,0.0,0.0,0.0,0.0,0.0,0.0,0.0,0,0.7640767,1
-0.29293782,1.495366,0.64778113,3.0462174,-0.23539647,0.03759675,0.040508404,-0.683809,2.4173195,0.0,0.0,0.0,0.0,0.0,0.0,0.0,0.0,0.0,1.0,0.0,0.0,0.0,0.0,0,0.5640893,1
0.25411472,-1.2914469,-1.3662034,2.5362754,-0.2574539,-0.61131465,-0.045161884,0.6698356,0.48928115,0.0,0.0,0.0,1.0,0.0,0.0,0.0,0.0,0.0,0.0,0.0,0.0,0.0,0.0,0,0.51909864,1
-0.29302394,-1.5847957,0.36006907,2.313545,-0.5013308,-1.260226,-0.04814847,-0.03921632,1.1984447,0.0,0.0,0.0,1.0,0.0,0.0,0.0,0.0,0.0,0.0,0.0,0.0,0.0,0.0,0,0.76078844,1
-0.27470672,-1.8781444,-1.0784913,2.8108125,0.9534566,0.36205244,-0.036378838,2.2813175,0.356313,0.0,1.0,0.0,0.0,0.0,0.0,0.0,0.0,0.0,0.0,0.0,0.0,0.0,0.0,0,0.5890992,1
-0.29353395,-1.8781444,0.18744181,2.7975225,5.6531415,-0.61131465,-0.047158808,1.7656432,-0.6631096,0.0,0.0,0.0,0.0,0.0,0.0,1.0,0.0,0.0,0.0,0.0,0.0,0.0,0.0,0,0.962573,1
-0.29366973,1.495366,-0.2728975,2.756709,0.19583388,1.6598753,0.03425055,-0.683809,-0.3750119,0.0,0.0,0.0,0.0,0.0,0.0,0.0,0.0,1.0,0.0,0.0,0.0,0.0,0.0,0,0.61794704,1
-0.29164293,-1.8781444,1.7410871,2.8647351,-0.2880029,-0.93577033,-0.04712453,0.15416148,1.2206061,0.0,0.0,0.0,1.0,0.0,0.0,0.0,0.0,0.0,0.0,0.0,0.0,0.0,0.0,0,0.592734,1
-0.28935122,1.3486917,-0.042727854,2.9854195,-0.24072997,1.6598753,0.045598473,-0.55489045,1.8189628,0.0,0.0,0.0,0.0,0.0,0.0,0.0,0.0,0.0,0.0,0.0,0.0,1.0,0.0,0,0.66289675,1
-0.29302725,1.495366,0.07235698,2.7364986,-0.3637797,1.0109638,0.01360394,-0.4904312,0.15686075,0.0,0.0,0.0,0.0,0.0,0.0,0.0,0.0,0.0,0.0,0.0,0.0,1.0,0.0,0,0.59293896,1
-0.20051388,-1.8781444,-0.2153551,2.1987355,1.5981848,0.03759675,-0.040570185,2.410236,1.3978969,0.0,1.0,0.0,0.0,0.0,0.0,0.0,0.0,0.0,0.0,0.0,0.0,0.0,0.0,1,0.99855465,1
-0.29122233,-1.5847957,-0.8483217,2.9191248,4.188791,2.6332424,-0.0116888955,0.15416148,0.93250835,0.0,0.0,0.0,0.0,0.0,0.0,0.0,1.0,0.0,0.0,0.0,0.0,0.0,0.0,1,0.9973429,1
-0.29303387,1.3486917,2.3740537,2.561503,1.4025263,-0.28685895,-0.04228025,-0.6193497,0.77737886,0.0,0.0,0.0,0.0,0.0,0.0,0.0,0.0,0.0,0.0,0.0,0.0,0.0,1.0,0,0.69918704,1
-0.2893744,1.3486917,-0.2728975,1.9489975,4.3570085,0.36205244,-0.044033647,0.28308,-0.7960777,1.0,0.0,0.0,0.0,0.0,0.0,0.0,0.0,0.0,0.0,0.0,0.0,0.0,0.0,1,0.9756713,1
1.3411924,-1.4381213,-1.5388306,2.26666,1.729151,-0.61131465,-0.04759327,2.1523988,1.3535743,0.0,1.0,0.0,0.0,0.0,0.0,0.0,0.0,0.0,0.0,0.0,0.0,0.0,0.0,1,0.9963894,1
-0.22417292,1.3486917,-0.618152,2.0028727,-0.55991906,1.3354195,-0.015673798,-0.55489045,1.0876379,0.0,0.0,0.0,0.0,0.0,0.0,0.0,0.0,0.0,0.0,0.0,0.0,1.0,0.0,0,0.58151925,1
-0.2890896,1.495366,-0.38798234,2.7365859,5.921325,0.6865081,-0.044931144,2.0234802,-0.7074323,0.0,0.0,0.0,0.0,0.0,0.0,1.0,0.0,0.0,0.0,0.0,0.0,0.0,0.0,1,0.97980803,1
-0.28552946,1.495366,-1.2511185,2.5616896,-0.24956633,2.3087866,0.31425786,-0.55489045,-0.3306892,0.0,0.0,0.0,0.0,0.0,0.0,0.0,0.0,0.0,1.0,0.0,0.0,0.0,0.0,0,0.5231972,1
-0.290305,1.2020173,1.6835446,2.5206473,1.7608536,0.6865081,-0.037905637,-0.6193497,-0.064752854,0.0,0.0,0.0,0.0,0.0,0.0,0.0,0.0,0.0,0.0,0.0,0.0,0.0,1.0,0,0.7261364,1
-0.29318622,-0.26472637,-0.44552475,1.8719256,1.108647,-0.28685895,-0.04478369,1.8301024,1.4200583,0.0,1.0,0.0,0.0,0.0,0.0,0.0,0.0,0.0,0.0,0.0,0.0,0.0,0.0,1,0.8441566,1
-0.29237482,1.495366,-0.5606096,2.8913608,-0.28832188,1.3354195,0.16722295,-1.0061053,-0.19772102,0.0,0.0,0.0,0.0,0.0,0.0,0.0,0.0,0.0,0.0,1.0,0.0,0.0,0.0,0,0.6258655,1
-0.0002962036,1.3486917,-0.8483217,1.9558103,-0.32212272,0.36205244,0.13025838,-0.8127276,0.5557652,0.0,0.0,0.0,0.0,0.0,0.0,0.0,0.0,0.0,0.0,1.0,0.0,0.0,0.0,0,0.51692045,1
-0.13995877,1.495366,0.18744181,2.6693723,-0.1945232,1.6598753,0.07241926,-0.8127276,-0.5301414,0.0,0.0,0.0,0.0,0.0,0.0,0.0,0.0,0.0,0.0,1.0,0.0,0.0,0.0,0,0.701778,1
0.47767022,1.495366,0.07235698,2.3866603,6.361184,-0.28685895,0.052518256,1.8945618,0.023892585,0.0,0.0,0.0,0.0,0.0,0.0,1.0,0.0,0.0,0.0,0.0,0.0,0.0,0.0,1,0.9861573,1
-0.28477108,-1.5847957,-0.6756944,2.3002625,5.1171007,-0.28685895,0.055493608,0.7342949,-0.57446414,1.0,0.0,0.0,0.0,0.0,0.0,0.0,0.0,0.0,0.0,0.0,0.0,0.0,0.0,1,0.9689783,1
-0.2934445,0.028622357,-0.9634065,3.0568178,5.0960064,0.36205244,-0.04804382,0.41199857,2.4394808,0.0,0.0,0.0,0.0,0.0,0.0,0.0,1.0,0.0,0.0,0.0,0.0,0.0,0.0,0,0.6082438,1
-0.28061816,-1.73147,-0.2153551,2.0710568,5.0378337,0.36205244,-0.0362122,1.0565913,0.48928115,0.0,0.0,0.0,0.0,0.0,0.0,0.0,1.0,0.0,0.0,0.0,0.0,0.0,0.0,1,0.9978405,1
-0.27464047,1.495366,-0.10027027,2.8509648,-0.40362462,1.9843309,0.127978,-0.55489045,0.64441067,0.0,0.0,0.0,0.0,0.0,0.0,0.0,0.0,0.0,0.0,0.0,0.0,1.0,0.0,0,0.6996794,1
0.02688322,1.3486917,0.4751539,2.4673448,4.752768,0.6865081,0.088622026,0.7342949,-0.9512073,1.0,0.0,0.0,0.0,0.0,0.0,0.0,0.0,0.0,0.0,0.0,0.0,0.0,0.0,1,0.99732697,1
-0.28742048,-1.2914469,0.1298994,2.2267663,-0.5378623,1.3354195,-0.018828746,0.025242949,1.1984447,0.0,0.0,0.0,1.0,0.0,0.0,0.0,0.0,0.0,0.0,0.0,0.0,0.0,0.0,0,0.76517415,1
-0.28958303,-1.8781444,0.41761148,3.012754,-0.5654892,0.6865081,-0.046181113,-0.36151266,2.8383853,0.0,0.0,0.0,1.0,0.0,0.0,0.0,0.0,0.0,0.0,0.0,0.0,0.0,0.0,0,0.81994915,1
-0.29244438,0.61531985,0.41761148,2.1831672,5.511191,0.03759675,-0.048330795,0.6698356,-1.0176914,1.0,0.0,0.0,0.0,0.0,0.0,0.0,0.0,0.0,0.0,0.0,0.0,0.0,0.0,1,0.9737922,1
-0.28856966,-1.8781444,-1.3662034,2.6022716,1.2497473,0.03759675,0.027337568,1.5722654,0.31199026,0.0,1.0,0.0,0.0,0.0,0.0,0.0,0.0,0.0,0.0,0.0,0.0,0.0,0.0,1,0.9937139,1
-0.29260665,-1.5847957,0.4751539,3.046967,6.238284,2.3087866,-0.04213423,1.7656432,1.5751878,0.0,0.0,0.0,0.0,0.0,0.0,1.0,0.0,0.0,0.0,0.0,0.0,0.0,0.0,0,0.8150244,1
-0.29240796,-1.4381213,-0.9058641,2.5157478,6.7181096,-0.28685895,-0.043597005,0.41199857,0.356313,0.0,0.0,0.0,0.0,0.0,0.0,0.0,1.0,0.0,0.0,0.0,0.0,0.0,0.0,1,0.9834427,1
-0.29312328,1.0553429,-1.6539155,2.4397943,6.3880877,-0.93577033,-0.04726421,2.0234802,-0.39717326,0.0,0.0,0.0,0.0,0.0,0.0,1.0,0.0,0.0,0.0,0.0,0.0,0.0,0.0,1,0.9187316,1
-0.2533129,-1.4381213,-0.79077923,1.8564413,4.4349437,1.3354195,-0.035597935,-0.2970534,0.64441067,0.0,0.0,0.0,0.0,0.0,0.0,0.0,1.0,0.0,0.0,0.0,0.0,0.0,0.0,1,0.99598736,1
-0.28157857,1.3486917,0.30252665,2.3931053,4.6302567,-0.93577033,-0.044749144,0.6698356,-0.8625618,1.0,0.0,0.0,0.0,0.0,0.0,0.0,0.0,0.0,0.0,0.0,0.0,0.0,0.0,1,0.9936488,1
-0.27285546,1.3486917,0.36006907,2.857396,6.187472,0.36205244,-0.030543081,2.410236,0.0017312241,0.0,0.0,0.0,0.0,0.0,0.0,1.0,0.0,0.0,0.0,0.0,0.0,0.0,0.0,1,0.9908606,1
-0.28989765,1.495366,2.143884,2.6962063,6.4963064,0.03759675,-0.028211785,1.249969,-0.042591497,0.0,0.0,0.0,0.0,0.0,0.0,1.0,0.0,0.0,0.0,0.0,0.0,0.0,0.0,1,0.99902225,1
-0.29244107,1.3486917,-1.0209489,2.5143025,-0.585704,0.6865081,0.41824418,-0.87718683,-0.4858187,0.0,0.0,0.0,0.0,0.0,0.0,0.0,0.0,0.0,0.0,1.0,0.0,0.0,0.0,0,0.5966948,1
-0.29215625,1.495366,-1.3662034,2.9116082,-0.39370424,2.3087866,0.8547232,-0.7482683,-0.21988238,0.0,0.0,0.0,0.0,0.0,0.0,0.0,0.0,0.0,0.0,1.0,0.0,0.0,0.0,0,0.57637835,1
-0.27273956,1.495366,-0.33043993,2.8710983,-0.49345076,1.3354195,0.026471248,-0.7482683,-0.5966255,0.0,0.0,0.0,0.0,0.0,0.0,0.0,0.0,0.0,0.0,1.0,0.0,0.0,0.0,0,0.51950806,1
-0.2902222,-1.4381213,1.453375,2.1053245,1.5494465,2.3087866,0.001245165,2.668073,0.93250835,0.0,1.0,0.0,0.0,0.0,0.0,0.0,0.0,0.0,0.0,0.0,0.0,0.0,0.0,1,0.9997719,1
-0.29122233,1.495366,-0.8483217,2.8105752,0.52937984,1.0109638,-0.035937447,-0.683809,-0.68527097,0.0,0.0,0.0,0.0,0.0,0.0,0.0,0.0,1.0,0.0,0.0,0.0,0.0,0.0,0,0.7363945,1
-0.2884173,1.495366,-0.9634065,2.0367467,5.4110265,-0.61131465,-0.0009622437,1.7656432,-0.020430136,0.0,0.0,0.0,0.0,0.0,0.0,1.0,0.0,0.0,0.0,0.0,0.0,0.0,0.0,1,0.9751628,1
-0.29347765,-0.9980982,0.64778113,2.7048144,1.6803912,-0.61131465,-0.046247862,1.8945618,0.31199026,0.0,1.0,0.0,0.0,0.0,0.0,0.0,0.0,0.0,0.0,0.0,0.0,0.0,0.0,1,0.99971706,1
-0.2921927,1.495366,-0.33043993,2.0166965,-0.2599786,0.03759675,0.097838454,-0.4904312,0.9546697,0.0,0.0,0.0,0.0,0.0,0.0,0.0,0.0,0.0,0.0,0.0,0.0,1.0,0.0,0,0.5579339,1
-0.27470672,1.3486917,-1.0784913,2.2922473,5.5189357,1.3354195,-0.041321658,2.0234802,-0.042591497,0.0,0.0,0.0,0.0,0.0,0.0,1.0,0.0,0.0,0.0,0.0,0.0,0.0,0.0,0,0.96967894,1
-0.29369953,-1.8781444,1.7986294,2.1918454,-0.40077654,-0.61131465,-0.044206124,-0.23259413,1.2427675,0.0,0.0,0.0,1.0,0.0,0.0,0.0,0.0,0.0,0.0,0.0,0.0,0.0,0.0,0,0.85506773,1
-0.28348944,-1.5847957,1.1081204,1.9568654,-0.38555694,-0.61131465,-0.046711992,-0.10367559,1.2649288,0.0,0.0,0.0,1.0,0.0,0.0,0.0,0.0,0.0,0.0,0.0,0.0,0.0,0.0,0,0.773044,1
-0.26656646,-1.73147,-1.1935762,2.9322941,-0.32836708,-0.61131465,-0.047059245,0.025242949,2.1513832,0.0,0.0,0.0,1.0,0.0,0.0,0.0,0.0,0.0,0.0,0.0,0.0,0.0,0.0,0,0.6803289,1
-0.2935538,1.3486917,1.6260022,2.1914303,4.2645545,-0.28685895,0.06596791,0.28308,-0.68527097,1.0,0.0,0.0,0.0,0.0,0.0,0.0,0.0,0.0,0.0,0.0,0.0,0.0,0.0,1,0.99840206,1
-0.29038778,0.9086686,-0.73323685,2.9643223,4.135951,0.36205244,-0.048664644,0.7342949,0.112538025,1.0,0.0,0.0,0.0,0.0,0.0,0.0,0.0,0.0,0.0,0.0,0.0,0.0,0.0,1,0.9401335,1
0.010867661,1.2020173,1.7410871,2.2111504,1.4543698,-0.61131465,-0.048802238,2.0879395,1.0211538,0.0,1.0,0.0,0.0,0.0,0.0,0.0,0.0,0.0,0.0,0.0,0.0,0.0,0.0,1,0.99952006,1
0.018216405,0.61531985,-0.79077923,3.0444124,4.6224527,1.9843309,-0.042849217,0.47645783,2.6167717,0.0,0.0,0.0,0.0,0.0,0.0,0.0,1.0,0.0,0.0,0.0,0.0,0.0,0.0,0,0.6072768,1
-0.2704677,-0.85142386,-0.2153551,2.9742959,1.1252135,0.03759675,-0.041772217,1.6367247,2.0405765,0.0,1.0,0.0,0.0,0.0,0.0,0.0,0.0,0.0,0.0,0.0,0.0,0.0,0.0,0,0.9343375,1
-0.2770713,-1.73147,-1.1360338,2.5284808,0.99235547,2.3087866,-0.041922126,1.249969,0.28982893,0.0,1.0,0.0,0.0,0.0,0.0,0.0,0.0,0.0,0.0,0.0,0.0,0.0,0.0,0,0.7999223,1
-0.29301068,1.3486917,1.6260022,3.0256457,-0.3748874,0.03759675,0.083025604,-0.6193497,2.395158,0.0,0.0,0.0,0.0,0.0,0.0,0.0,0.0,0.0,0.0,0.0,0.0,1.0,0.0,0,0.58885705,1
-0.27470672,1.3486917,-1.0784913,1.9087908,-0.79394305,1.9843309,0.507467,-0.6193497,0.7995402,0.0,0.0,0.0,0.0,0.0,0.0,0.0,0.0,0.0,0.0,0.0,0.0,1.0,0.0,0,0.6395431,1
1.2289741,1.3486917,0.76286596,1.9020202,1.8874542,-0.61131465,-0.04720523,-0.6193497,1.0211538,0.0,0.0,0.0,0.0,0.0,0.0,0.0,0.0,0.0,0.0,0.0,0.0,0.0,1.0,0,0.64775157,1
-0.28713897,-1.4381213,0.014814562,1.8900152,4.341787,1.3354195,0.03518003,0.21862076,-0.84040046,1.0,0.0,0.0,0.0,0.0,0.0,0.0,0.0,0.0,0.0,0.0,0.0,0.0,0.0,1,0.93228924,1
-0.29246426,-1.73147,-0.15781268,2.9054213,-0.25418407,1.3354195,-0.032108635,-0.03921632,1.5308651,0.0,0.0,0.0,1.0,0.0,0.0,0.0,0.0,0.0,0.0,0.0,0.0,0.0,0.0,0,0.50748336,1
-0.28983805,1.495366,0.8779508,1.761157,5.7496834,-0.61131465,-0.042108074,2.2168581,-0.19772102,0.0,0.0,0.0,0.0,0.0,0.0,1.0,0.0,0.0,0.0,0.0,0.0,0.0,0.0,1,0.99805224,1
-0.29160982,-1.4381213,0.07235698,2.1926873,-0.3538238,-0.93577033,-0.04899014,0.41199857,0.93250835,0.0,0.0,0.0,1.0,0.0,0.0,0.0,0.0,0.0,0.0,0.0,0.0,0.0,0.0,0,0.57266927,1
-0.28579772,-1.2914469,0.18744181,1.903843,-0.26836625,1.3354195,0.0023915493,0.025242949,1.4200583,0.0,0.0,0.0,1.0,0.0,0.0,0.0,0.0,0.0,0.0,0.0,0.0,0.0,0.0,0,0.8030762,1
-0.12385048,-1.5847957,-1.0209489,1.8896656,6.584763,-0.28685895,-0.03052397,1.7656432,0.5336039,0.0,0.0,0.0,0.0,0.0,0.0,1.0,0.0,0.0,0.0,0.0,0.0,0.0,0.0,1,0.9971879,1
-0.276091,-1.1447725,1.3382901,2.617153,1.6266141,0.03759675,-0.04454843,1.5722654,0.37847435,0.0,1.0,0.0,0.0,0.0,0.0,0.0,0.0,0.0,0.0,0.0,0.0,0.0,0.0,1,0.9998172,1
-0.28061816,1.495366,-0.2153551,2.0773814,0.83704484,1.0109638,-0.028608533,-0.55489045,0.9768311,0.0,0.0,0.0,0.0,0.0,0.0,0.0,0.0,0.0,0.0,0.0,0.0,0.0,1.0,1,0.5939366,1
-0.29330212,1.495366,0.9930356,2.1849797,-0.27666548,-0.28685895,0.0397067,-0.683809,-0.020430136,0.0,0.0,0.0,0.0,0.0,0.0,0.0,0.0,0.0,1.0,0.0,0.0,0.0,0.0,0,0.5185905,1
-0.057423662,1.2020173,-0.042727854,2.5880115,6.1031766,-0.28685895,-0.043094505,0.992132,-0.17555965,0.0,0.0,0.0,0.0,0.0,0.0,0.0,1.0,0.0,0.0,0.0,0.0,0.0,0.0,0,0.6826101,1
-0.21290639,-1.5847957,-0.5606096,3.0401683,1.000025,1.0109638,-0.035666782,1.8301024,3.0821602,0.0,1.0,0.0,0.0,0.0,0.0,0.0,0.0,0.0,0.0,0.0,0.0,0.0,0.0,0,0.7934032,1
-0.20623325,-1.8781444,-0.2153551,2.8982549,-0.38979453,0.36205244,0.027983645,-0.6193497,-0.9290459,0.0,0.0,0.0,0.0,0.0,1.0,0.0,0.0,0.0,0.0,0.0,0.0,0.0,0.0,0,0.68177366,1
-0.29388168,1.495366,-0.618152,2.9452376,-0.20120336,1.6598753,-0.013941427,-0.4904312,1.6416719,0.0,0.0,0.0,0.0,0.0,0.0,0.0,0.0,0.0,0.0,0.0,0.0,1.0,0.0,0,0.5102976,1
-0.28061816,1.3486917,-0.2153551,2.292366,-0.42545256,1.3354195,0.043026704,-0.6193497,0.7995402,0.0,0.0,0.0,0.0,0.0,0.0,0.0,0.0,0.0,0.0,0.0,0.0,1.0,0.0,0,0.5559771,1
-0.28958303,-0.70474946,0.41761148,2.9006991,-0.2717841,1.9843309,-0.043293823,0.28308,1.5751878,0.0,0.0,0.0,1.0,0.0,0.0,0.0,0.0,0.0,0.0,0.0,0.0,0.0,0.0,0,0.53586257,1
-0.22897163,1.0553429,-0.618152,2.7558563,4.6018543,0.36205244,-0.03806286,0.47645783,0.5336039,0.0,0.0,0.0,0.0,0.0,0.0,0.0,1.0,0.0,0.0,0.0,0.0,0.0,0.0,0,0.75914013,1
-0.29207015,-1.8781444,-0.9058641,2.5887797,-0.2649225,-1.260226,-0.049445692,0.15416148,0.09037667,0.0,0.0,0.0,1.0,0.0,0.0,0.0,0.0,0.0,0.0,0.0,0.0,0.0,0.0,0,0.5311389,1
-0.28860277,1.3486917,-0.73323685,1.8145951,1.8788556,-0.28685895,-0.049057115,-0.36151266,0.8660243,0.0,0.0,0.0,0.0,0.0,0.0,0.0,0.0,0.0,0.0,0.0,0.0,0.0,1.0,1,0.8857378,1
0.33589146,1.3486917,-0.15781268,2.0903678,5.3753924,-0.61131465,-0.0452514,1.7656432,0.13469939,0.0,0.0,0.0,0.0,0.0,0.0,1.0,0.0,0.0,0.0,0.0,0.0,0.0,0.0,0,0.95440054,1
-0.2929312,1.495366,-1.2511185,1.9156913,0.531699,0.03759675,-0.046121508,-0.683809,-0.064752854,0.0,0.0,0.0,0.0,0.0,0.0,0.0,0.0,1.0,0.0,0.0,0.0,0.0,0.0,0,0.5968245,1
-0.29370284,1.3486917,1.1081204,2.0096245,-0.30300048,0.6865081,0.37863907,-0.8127276,-1.4387572,0.0,0.0,0.0,0.0,0.0,0.0,0.0,0.0,0.0,0.0,0.0,1.0,0.0,0.0,0,0.6833164,1
-0.2751803,1.3486917,1.6260022,2.5547867,4.2450457,0.36205244,-0.004231237,1.0565913,0.0017312241,0.0,0.0,0.0,0.0,0.0,0.0,0.0,1.0,0.0,0.0,0.0,0.0,0.0,0.0,1,0.99907446,1
-0.2930173,-1.5847957,-0.15781268,2.0781212,4.7963967,1.0109638,-0.014432848,-0.2970534,0.7995402,0.0,0.0,0.0,0.0,0.0,0.0,0.0,1.0,0.0,0.0,0.0,0.0,0.0,0.0,1,0.9944067,1
-0.015626233,-1.2914469,0.1298994,2.542915,-0.33263096,-0.28685895,-0.047673475,0.025242949,0.09037667,0.0,0.0,0.0,1.0,0.0,0.0,0.0,0.0,0.0,0.0,0.0,0.0,0.0,0.0,0,0.59763885,1
-0.29041758,1.495366,0.8204084,1.7811599,5.2226048,-0.61131465,-0.00079503277,2.6036136,0.44495845,0.0,0.0,0.0,0.0,0.0,0.0,1.0,0.0,0.0,0.0,0.0,0.0,0.0,0.0,1,0.99696165,1
-0.2825456,1.495366,1.5684597,1.9896729,4.7028975,-0.61131465,-0.026184434,0.7342949,-0.9290459,1.0,0.0,0.0,0.0,0.0,0.0,0.0,0.0,0.0,0.0,0.0,0.0,0.0,0.0,1,0.99807286,1
-0.2755479,-1.4381213,0.014814562,1.8159275,6.010139,-0.28685895,-0.02367359,1.8301024,0.7995402,0.0,0.0,0.0,0.0,0.0,0.0,1.0,0.0,0.0,0.0,0.0,0.0,0.0,0.0,1,0.9849376,1
-0.1514207,1.3486917,1.3382901,2.5612984,4.4653106,0.03759675,-0.036207415,0.5409171,-0.99553,1.0,0.0,0.0,0.0,0.0,0.0,0.0,0.0,0.0,0.0,0.0,0.0,0.0,0.0,1,0.99850464,1
0.02688322,1.3486917,0.4751539,2.4672425,5.4372964,0.03759675,0.036649056,2.6036136,-0.3306892,0.0,0.0,0.0,0.0,0.0,0.0,1.0,0.0,0.0,0.0,0.0,0.0,0.0,0.0,1,0.9946642,1
-0.29215625,1.495366,-0.8483217,2.8442175,4.7754035,0.6865081,-0.0364644,-0.03921632,0.1790221,0.0,0.0,0.0,0.0,0.0,0.0,0.0,1.0,0.0,0.0,0.0,0.0,0.0,0.0,0,0.9232332,1
-0.26656646,-1.73147,-1.1935762,1.8490168,5.0307803,0.03759675,-0.04709488,0.7342949,-0.4858187,1.0,0.0,0.0,0.0,0.0,0.0,0.0,0.0,0.0,0.0,0.0,0.0,0.0,0.0,1,0.97873634,1
-0.28778806,-1.73147,1.2232053,2.992741,-0.6399751,-0.28685895,-0.04083519,-0.16813485,2.7275786,0.0,0.0,0.0,1.0,0.0,0.0,0.0,0.0,0.0,0.0,0.0,0.0,0.0,0.0,0,0.7223589,1
-0.29302725,1.3486917,0.07235698,2.4738164,0.34400168,1.6598753,0.0056571634,-0.7482683,-0.3306892,0.0,0.0,0.0,0.0,0.0,0.0,0.0,0.0,1.0,0.0,0.0,0.0,0.0,0.0,0,0.6993232,1
-0.28280392,1.495366,1.3382901,2.6222155,5.1888294,0.03759675,0.5850154,1.249969,-0.35285056,0.0,0.0,0.0,0.0,0.0,0.0,1.0,0.0,0.0,0.0,0.0,0.0,0.0,0.0,1,0.99878126,1
-0.2764752,1.495366,-1.1935762,2.6559534,-0.9331031,0.03759675,-0.034262653,-0.36151266,-0.3750119,0.0,0.0,0.0,0.0,1.0,0.0,0.0,0.0,0.0,0.0,0.0,0.0,0.0,0.0,0,0.50128436,1
-0.29307693,1.495366,-0.5606096,2.2388585,1.014784,1.0109638,-0.038074926,-0.4904312,1.154122,0.0,0.0,0.0,0.0,0.0,0.0,0.0,0.0,0.0,0.0,0.0,0.0,0.0,1.0,0,0.8517384,1
0.2470243,-1.8781444,-1.7690003,1.8959048,-0.3034686,0.36205244,-0.012349323,-0.10367559,0.93250835,0.0,0.0,0.0,1.0,0.0,0.0,0.0,0.0,0.0,0.0,0.0,0.0,0.0,0.0,0,0.7604932,1
-0.28977844,-1.4381213,2.7193081,2.6098568,-0.26296407,0.6865081,0.042500276,-0.8127276,-1.549564,0.0,0.0,0.0,0.0,0.0,1.0,0.0,0.0,0.0,0.0,0.0,0.0,0.0,0.0,0,0.5837631,1
-0.20051388,1.3486917,-0.2153551,2.9044318,-0.22098415,0.6865081,0.6207168,-0.4904312,-0.042591497,0.0,0.0,0.0,0.0,1.0,0.0,0.0,0.0,0.0,0.0,0.0,0.0,0.0,0.0,0,0.5119471,1
0.02688322,1.495366,0.4751539,2.4674923,6.5386915,1.3354195,0.022294229,1.3788877,-0.30852783,0.0,0.0,0.0,0.0,0.0,0.0,1.0,0.0,0.0,0.0,0.0,0.0,0.0,0.0,1,0.9941235,1
-0.2819495,1.495366,0.014814562,2.8915122,-0.28244367,1.6598753,0.43073446,-0.9416461,-1.4165958,0.0,0.0,0.0,0.0,0.0,0.0,0.0,0.0,0.0,0.0,0.0,1.0,0.0,0.0,0,0.675281,1
-0.05749652,-1.8781444,-0.9058641,2.2389615,4.616989,1.6598753,-0.032217372,0.6698356,-0.9290459,1.0,0.0,0.0,0.0,0.0,0.0,0.0,0.0,0.0,0.0,0.0,0.0,0.0,0.0,1,0.9732959,1
-0.29038778,1.495366,-0.73323685,2.95875,6.6234164,-0.61131465,-0.01756142,2.6036136,1.3757355,0.0,0.0,0.0,0.0,0.0,0.0,1.0,0.0,0.0,0.0,0.0,0.0,0.0,0.0,1,0.9716405,1
-0.2940009,-1.2914469,-0.44552475,2.5696867,-0.24706128,-0.28685895,-0.0022204684,0.025242949,0.40063572,0.0,0.0,0.0,1.0,0.0,0.0,0.0,0.0,0.0,0.0,0.0,0.0,0.0,0.0,0,0.52873445,1
-0.29215625,-1.4381213,-1.3662034,2.7782319,-0.35678807,1.6598753,-0.021619158,-0.10367559,0.66657203,0.0,0.0,0.0,1.0,0.0,0.0,0.0,0.0,0.0,0.0,0.0,0.0,0.0,0.0,1,0.7314005,1
-0.29251394,1.495366,-0.9634065,2.9114816,-0.22637565,2.3087866,0.3635449,-0.87718683,0.37847435,0.0,0.0,0.0,0.0,0.0,0.0,0.0,0.0,0.0,0.0,1.0,0.0,0.0,0.0,0,0.64533085,1
-0.2911263,0.9086686,-1.2511185,1.8138387,8.226006,-1.260226,-0.048963655,2.0234802,0.42279708,0.0,0.0,0.0,0.0,0.0,0.0,1.0,0.0,0.0,0.0,0.0,0.0,0.0,0.0,0,0.5911321,1
-0.29039112,1.3486917,1.2807478,2.9044454,5.835716,1.0109638,0.5103332,2.2813175,0.28982893,0.0,0.0,0.0,0.0,0.0,0.0,1.0,0.0,0.0,0.0,0.0,0.0,0.0,0.0,1,0.99909985,1
1.3411924,-1.8781444,-1.5388306,2.2592745,4.6422853,-1.260226,-0.049747176,0.41199857,-0.6631096,1.0,0.0,0.0,0.0,0.0,0.0,0.0,0.0,0.0,0.0,0.0,0.0,0.0,0.0,1,0.98757905,1
-0.2922457,1.3486917,1.6260022,1.8549348,-0.57179666,-0.61131465,-0.04904142,-0.7482683,-0.3306892,0.0,0.0,0.0,0.0,1.0,0.0,0.0,0.0,0.0,0.0,0.0,0.0,0.0,0.0,1,0.9721377,1
-0.2178442,1.3486917,0.8779508,2.9447982,4.480251,0.6865081,0.8900962,2.5391545,3.6583557,1.0,0.0,0.0,0.0,0.0,0.0,0.0,0.0,0.0,0.0,0.0,0.0,0.0,0.0,1,0.9982133,1
-0.29114288,1.495366,0.30252665,2.494469,5.991367,1.0109638,0.074420765,1.6367247,1.5751878,0.0,0.0,0.0,0.0,0.0,0.0,1.0,0.0,0.0,0.0,0.0,0.0,0.0,0.0,1,0.9922725,1
2.1442156,1.495366,1.2232053,2.0975728,0.3327994,1.0109638,-0.04605059,-0.8127276,0.33415163,0.0,0.0,0.0,0.0,0.0,0.0,0.0,0.0,1.0,0.0,0.0,0.0,0.0,0.0,0,0.5462955,1
0.09000161,-0.85142386,-1.1360338,2.3754768,4.3752747,0.36205244,-0.043048613,0.21862076,-0.7739164,1.0,0.0,0.0,0.0,0.0,0.0,0.0,0.0,0.0,0.0,0.0,0.0,0.0,0.0,1,0.86569136,1
-0.26955697,-1.73147,1.050578,2.8112314,1.7776593,0.03759675,0.09576197,2.410236,0.356313,0.0,1.0,0.0,0.0,0.0,0.0,0.0,0.0,0.0,0.0,0.0,0.0,0.0,0.0,1,0.99979955,1
-0.29170254,1.495366,0.07235698,2.9855096,-0.2377763,0.03759675,0.010815514,-0.683809,0.40063572,0.0,0.0,0.0,0.0,0.0,0.0,0.0,0.0,0.0,1.0,0.0,0.0,0.0,0.0,1,0.5485201,1
-0.29043415,1.495366,-0.38798234,2.4606984,-0.12121534,0.03759675,0.3559967,-0.7482683,-0.4858187,0.0,0.0,0.0,0.0,0.0,0.0,0.0,0.0,0.0,0.0,1.0,0.0,0.0,0.0,0,0.5238202,1
-0.29173568,1.3486917,-1.1935762,2.043372,1.0944582,1.6598753,0.27428964,-0.36151266,1.3535743,0.0,0.0,0.0,0.0,0.0,0.0,0.0,0.0,0.0,0.0,0.0,0.0,0.0,1.0,1,0.94676334,1
-0.28938764,-1.8781444,-0.5030672,2.9858713,-0.50215465,0.6865081,-0.030163331,-0.36151266,-0.39717326,0.0,0.0,0.0,0.0,0.0,1.0,0.0,0.0,0.0,0.0,0.0,0.0,0.0,0.0,0,0.5762635,1
-0.23106134,-1.2914469,-0.15781268,2.085517,4.5423045,-0.61131465,-0.02168444,0.7342949,-0.68527097,1.0,0.0,0.0,0.0,0.0,0.0,0.0,0.0,0.0,0.0,0.0,0.0,0.0,0.0,0,0.908442,1
-0.27461398,1.495366,-1.1360338,3.0325816,-0.65126085,0.36205244,-0.006276184,-0.6193497,1.9076083,0.0,0.0,0.0,0.0,0.0,0.0,0.0,0.0,0.0,0.0,1.0,0.0,0.0,0.0,0,0.67566884,1
-0.28169116,-0.55807513,-0.618152,1.8378634,1.591632,0.36205244,-0.046723507,1.8945618,0.9546697,0.0,1.0,0.0,0.0,0.0,0.0,0.0,0.0,0.0,0.0,0.0,0.0,0.0,0.0,1,0.99467117,1
-0.2893744,1.495366,-0.2728975,2.9789424,-0.18363836,0.6865081,-0.011414353,-0.87718683,1.7746401,0.0,0.0,0.0,0.0,0.0,0.0,0.0,0.0,0.0,1.0,0.0,0.0,0.0,0.0,0,0.5208826,1
1.0020142,1.495366,-1.1935762,1.8149043,1.9178298,1.9843309,-0.038173664,-0.6193497,1.0433152,0.0,0.0,0.0,0.0,0.0,0.0,0.0,0.0,0.0,0.0,0.0,0.0,0.0,1.0,0,0.79946303,1
-0.27009347,1.495366,-0.8483217,2.9453013,-0.19261988,3.6066093,0.89608634,-0.683809,0.2455062,0.0,0.0,0.0,0.0,0.0,0.0,0.0,0.0,0.0,0.0,1.0,0.0,0.0,0.0,0,0.57240915,1
-0.28348613,1.495366,-1.3662034,1.8216237,4.7041025,0.6865081,-0.048042923,0.41199857,0.99899244,0.0,0.0,0.0,0.0,0.0,0.0,0.0,1.0,0.0,0.0,0.0,0.0,0.0,0.0,0,0.9309087,1
-0.29122233,-1.8781444,-0.8483217,2.918477,4.872311,1.9843309,-0.042234063,0.41199857,1.1984447,0.0,0.0,0.0,0.0,0.0,0.0,0.0,1.0,0.0,0.0,0.0,0.0,0.0,0.0,1,0.99811554,1
-0.28803647,-1.5847957,0.59023875,2.0040336,-0.27166045,0.36205244,-0.04431434,-0.8127276,-1.2171437,0.0,0.0,0.0,0.0,0.0,1.0,0.0,0.0,0.0,0.0,0.0,0.0,0.0,0.0,0,0.8718791,1
0.529989,-0.9980982,0.1298994,2.9807425,4.2798767,-0.28685895,-0.04531684,0.6698356,-0.17555965,1.0,0.0,0.0,0.0,0.0,0.0,0.0,0.0,0.0,0.0,0.0,0.0,0.0,0.0,0,0.62126416,1
-0.22897163,-1.8781444,-0.618152,2.9387693,3.7058353,1.6598753,-0.037282098,0.992132,-0.020430136,1.0,0.0,0.0,0.0,0.0,0.0,0.0,0.0,0.0,0.0,0.0,0.0,0.0,0.0,0,0.7888617,1
-0.20051388,1.495366,-0.2153551,2.2051396,5.907952,-0.61131465,-0.049458038,1.6367247,0.60008794,0.0,0.0,0.0,0.0,0.0,0.0,1.0,0.0,0.0,0.0,0.0,0.0,0.0,0.0,1,0.9723655,1
-0.26241356,1.2020173,0.30252665,2.8167644,5.7249613,-0.93577033,-0.048490573,2.2813175,-0.19772102,0.0,0.0,0.0,0.0,0.0,0.0,1.0,0.0,0.0,0.0,0.0,0.0,0.0,0.0,1,0.97305995,1
-0.27276936,1.495366,0.8204084,2.5146608,-0.42497942,0.36205244,0.6708166,-0.9416461,-0.7295937,0.0,0.0,0.0,0.0,0.0,0.0,0.0,0.0,0.0,0.0,1.0,0.0,0.0,0.0,0,0.63913983,1
-0.29318622,1.3486917,-0.44552475,1.8751469,6.1809063,-0.28685895,-0.044800203,2.2168581,0.0017312241,0.0,0.0,0.0,0.0,0.0,0.0,1.0,0.0,0.0,0.0,0.0,0.0,0.0,0.0,1,0.960411,1
0.33565632,-1.73147,0.8204084,2.0037549,-0.24717188,-0.93577033,-0.04865259,-0.36151266,-1.5052413,0.0,0.0,0.0,0.0,0.0,1.0,0.0,0.0,0.0,0.0,0.0,0.0,0.0,0.0,0,0.80191994,1
1.3411924,-1.5847957,-0.38798234,2.986542,4.2713437,1.3354195,-0.045897286,0.08970222,-0.08691422,1.0,0.0,0.0,0.0,0.0,0.0,0.0,0.0,0.0,0.0,0.0,0.0,0.0,0.0,0,0.9041084,1
-0.29307693,-1.2914469,-0.5606096,2.414947,4.8460727,1.3354195,0.09201339,0.79875416,-0.7074323,1.0,0.0,0.0,0.0,0.0,0.0,0.0,0.0,0.0,0.0,0.0,0.0,0.0,0.0,0,0.94077116,1
-0.28073075,1.495366,-0.9634065,2.2185383,0.9295114,-0.28685895,-0.047157742,-0.7482683,0.84386295,0.0,0.0,0.0,0.0,0.0,0.0,0.0,0.0,0.0,0.0,0.0,0.0,0.0,1.0,0,0.7773509,1
-0.2719646,1.495366,-1.4237459,2.104193,7.180387,1.0109638,-0.0018252964,1.5722654,0.48928115,0.0,0.0,0.0,0.0,0.0,0.0,1.0,0.0,0.0,0.0,0.0,0.0,0.0,0.0,1,0.97141856,1
-0.29176217,1.3486917,0.07235698,2.393302,1.26457,-0.61131465,-0.045224544,-0.55489045,0.31199026,0.0,0.0,0.0,0.0,0.0,0.0,0.0,0.0,0.0,0.0,0.0,0.0,0.0,1.0,1,0.6130027,1
-0.29369292,-1.73147,0.36006907,1.8894848,1.4283155,0.36205244,-0.036589492,1.8945618,1.1984447,0.0,1.0,0.0,0.0,0.0,0.0,0.0,0.0,0.0,0.0,0.0,0.0,0.0,0.0,1,0.9994579,1
-0.26760635,1.0553429,2.6042233,2.85691,1.535532,0.36205244,-0.035822965,-0.55489045,0.44495845,0.0,0.0,0.0,0.0,0.0,0.0,0.0,0.0,0.0,0.0,0.0,0.0,0.0,1.0,0,0.5530538,1
-0.27800852,-1.73147,0.41761148,1.7951475,4.317522,-1.260226,-0.047887657,2.5391545,2.7275786,0.0,0.0,0.0,0.0,0.0,0.0,0.0,1.0,0.0,0.0,0.0,0.0,0.0,0.0,0,0.87433267,1
-0.2868575,1.3486917,-0.73323685,1.794267,3.9814048,-0.61131465,-0.046879508,0.5409171,0.99899244,0.0,0.0,0.0,0.0,0.0,0.0,0.0,1.0,0.0,0.0,0.0,0.0,0.0,0.0,0,0.77406263,1
-0.29018578,-1.8781444,-0.38798234,2.407279,-0.30743882,0.03759675,-0.042017628,0.15416148,0.66657203,0.0,0.0,0.0,1.0,0.0,0.0,0.0,0.0,0.0,0.0,0.0,0.0,0.0,0.0,0,0.6281087,1
4.9906964,0.17529672,-1.2511185,2.142141,4.748816,0.03759675,-0.047917016,0.5409171,-0.64094824,1.0,0.0,0.0,0.0,0.0,0.0,0.0,0.0,0.0,0.0,0.0,0.0,0.0,0.0,0,0.72645825,1
-0.29260334,-1.1447725,0.36006907,2.2404673,5.633206,1.9843309,-0.018574368,-0.6193497,-0.21988238,0.0,0.0,0.0,0.0,1.0,0.0,0.0,0.0,0.0,0.0,0.0,0.0,0.0,0.0,0,0.5119267,1
-0.1799215,1.2020173,0.18744181,2.2449467,0.5710447,1.6598753,-0.024492664,-0.683809,0.26766756,0.0,0.0,0.0,0.0,0.0,0.0,0.0,0.0,1.0,0.0,0.0,0.0,0.0,0.0,0,0.520874,1
1.44686,-1.8781444,-1.0784913,1.801546,-0.21036196,-0.61131465,-0.046020407,-0.10367559,1.4200583,0.0,0.0,0.0,1.0,0.0,0.0,0.0,0.0,0.0,0.0,0.0,0.0,0.0,0.0,0,0.53947234,1
-0.043034166,-1.4381213,-0.042727854,2.394642,1.5511897,1.0109638,0.063583806,2.0234802,0.9768311,0.0,1.0,0.0,0.0,0.0,0.0,0.0,0.0,0.0,0.0,0.0,0.0,0.0,0.0,1,0.9994499,1
-0.2819495,0.3219711,0.014814562,2.9227464,5.242861,0.36205244,-0.049258333,1.3788877,0.46711978,0.0,0.0,0.0,0.0,0.0,0.0,1.0,0.0,0.0,0.0,0.0,0.0,0.0,0.0,1,0.749831,1
-0.2825456,1.495366,1.5684597,1.9964703,5.3435917,0.36205244,-0.020089354,0.6698356,-0.8847232,1.0,0.0,0.0,0.0,0.0,0.0,0.0,0.0,0.0,0.0,0.0,0.0,0.0,0.0,1,0.9984836,1
-0.29313654,1.3486917,-0.2728975,2.8507392,0.2539629,1.0109638,0.013624451,-0.683809,-0.41933462,0.0,0.0,0.0,0.0,0.0,0.0,0.0,0.0,1.0,0.0,0.0,0.0,0.0,0.0,0,0.6590142,1
2.2145767,1.3486917,-0.33043993,2.8977394,4.824286,1.0109638,-0.021208331,2.0234802,0.20118347,0.0,0.0,0.0,0.0,0.0,0.0,1.0,0.0,0.0,0.0,0.0,0.0,0.0,0.0,0,0.8162169,1
4.929721,1.3486917,0.93549323,2.9516163,5.5801425,-0.28685895,-0.044741884,2.410236,4.5669713,0.0,0.0,0.0,0.0,0.0,0.0,1.0,0.0,0.0,0.0,0.0,0.0,0.0,0.0,1,0.9952382,1
-0.29300407,-1.5847957,1.050578,2.7306218,-0.3336666,-1.260226,-0.049454127,0.025242949,0.5557652,0.0,0.0,0.0,1.0,0.0,0.0,0.0,0.0,0.0,0.0,0.0,0.0,0.0,0.0,1,0.69269127,1
-0.28648987,1.495366,0.5326963,2.8577352,-0.15718214,1.9843309,0.061994426,-0.55489045,-0.24204375,0.0,0.0,0.0,0.0,0.0,0.0,0.0,0.0,0.0,1.0,0.0,0.0,0.0,0.0,0,0.55673456,1
-0.2819495,1.495366,0.014814562,2.9250846,6.788584,-0.61131465,-0.048464842,2.2168581,0.09037667,0.0,0.0,0.0,0.0,0.0,0.0,1.0,0.0,0.0,0.0,0.0,0.0,0.0,0.0,1,0.97429526,1
-0.29393467,1.2020173,-1.0209489,2.063317,4.641263,-0.28685895,-0.030394115,0.6698356,0.112538025,0.0,0.0,0.0,0.0,0.0,0.0,0.0,1.0,0.0,0.0,0.0,0.0,0.0,0.0,0,0.8095283,1
0.49165237,-1.8781444,-0.33043993,2.8917186,1.1600026,0.36205244,-0.046753366,1.8945618,0.48928115,0.0,1.0,0.0,0.0,0.0,0.0,0.0,0.0,0.0,0.0,0.0,0.0,0.0,0.0,0,0.9487709,1
-0.2814693,-1.5847957,0.18744181,2.3538258,1.6069015,-0.28685895,-0.025641477,1.3144283,0.51144254,0.0,1.0,0.0,0.0,0.0,0.0,0.0,0.0,0.0,0.0,0.0,0.0,0.0,0.0,1,0.99924064,1
-0.29113623,-0.9980982,1.6835446,2.8530674,-0.33865184,1.3354195,-0.046753105,-0.23259413,0.5336039,0.0,0.0,0.0,1.0,0.0,0.0,0.0,0.0,0.0,0.0,0.0,0.0,0.0,0.0,0,0.6434382,1
-0.2918615,1.495366,1.1081204,2.467472,-0.299885,-0.28685895,0.052122448,-0.55489045,-0.6187869,0.0,0.0,0.0,0.0,0.0,0.0,0.0,0.0,0.0,1.0,0.0,0.0,0.0,0.0,0,0.51403403,1
1.2954507,-1.8781444,0.18744181,2.7569659,1.2186834,-0.93577033,-0.04741436,1.5078062,-0.17555965,0.0,1.0,0.0,0.0,0.0,0.0,0.0,0.0,0.0,0.0,0.0,0.0,0.0,0.0,0,0.98939896,1
-0.28938434,1.495366,0.64778113,2.8847582,3.8865025,-0.61131465,-0.04723373,0.8632134,-0.57446414,1.0,0.0,0.0,0.0,0.0,0.0,0.0,0.0,0.0,0.0,0.0,0.0,0.0,0.0,1,0.9927685,1
-0.2755545,-1.4381213,0.8204084,2.2263486,1.3486743,-0.93577033,0.24693425,1.5078062,1.0876379,0.0,1.0,0.0,0.0,0.0,0.0,0.0,0.0,0.0,0.0,0.0,0.0,0.0,0.0,1,0.99975497,1
-0.28086653,-1.73147,0.1298994,2.5891047,-0.2632197,-1.260226,-0.049361,0.025242949,0.22334483,0.0,0.0,0.0,1.0,0.0,0.0,0.0,0.0,0.0,0.0,0.0,0.0,0.0,0.0,0,0.6081431,1
-0.29396117,1.495366,1.9712567,1.90902,-0.32173693,1.3354195,2.5155249,-0.55489045,0.8217016,0.0,0.0,0.0,0.0,0.0,0.0,0.0,0.0,0.0,0.0,0.0,0.0,1.0,0.0,0,0.7231952,1
3.8169076,-1.73147,0.8204084,2.656563,-0.69329315,-0.28685895,-0.0447572,0.28308,0.26766756,0.0,0.0,0.0,1.0,0.0,0.0,0.0,0.0,0.0,0.0,0.0,0.0,0.0,0.0,0,0.60721666,1
-0.289487,1.495366,0.18744181,2.7566824,-0.18698226,0.6865081,0.51657146,-0.7482683,-0.17555965,0.0,0.0,0.0,0.0,0.0,0.0,0.0,0.0,0.0,1.0,0.0,0.0,0.0,0.0,0,0.7042183,1
-0.29373926,-1.5847957,0.41761148,2.8115132,-0.25638148,0.03759675,-0.046004742,0.21862076,0.8217016,0.0,0.0,0.0,1.0,0.0,0.0,0.0,0.0,0.0,0.0,0.0,0.0,0.0,0.0,0,0.6521785,1
0.010867661,1.495366,1.7410871,2.21181,4.061296,0.03759675,-0.04904709,0.3475393,-0.84040046,1.0,0.0,0.0,0.0,0.0,0.0,0.0,0.0,0.0,0.0,0.0,0.0,0.0,0.0,1,0.99783355,1
-0.29119918,1.3486917,-1.4812882,2.0905662,1.9109073,0.6865081,-0.046111975,-0.6193497,1.2427675,0.0,0.0,0.0,0.0,0.0,0.0,0.0,0.0,0.0,0.0,0.0,0.0,0.0,1.0,0,0.75459564,1
-0.29373926,0.028622357,1.5684597,2.161898,-0.1476889,-0.61131465,-0.046985663,-0.4904312,0.0017312241,0.0,0.0,0.0,0.0,1.0,0.0,0.0,0.0,0.0,0.0,0.0,0.0,0.0,0.0,1,0.774466,1
-0.29395452,1.3486917,0.24498422,1.8012285,3.533745,-0.28685895,0.0737938,-0.4904312,0.023892585,0.0,0.0,1.0,0.0,0.0,0.0,0.0,0.0,0.0,0.0,0.0,0.0,0.0,0.0,1,0.992636,1
-0.2896592,1.495366,-0.618152,2.6760535,6.2771564,0.03759675,0.0082052685,2.8614507,-0.020430136,0.0,0.0,0.0,0.0,0.0,0.0,1.0,0.0,0.0,0.0,0.0,0.0,0.0,0.0,1,0.9790252,1
-0.2924212,-1.8781444,1.9137143,2.8042715,-0.6987612,-0.61131465,0.7901453,-0.23259413,0.7552175,0.0,0.0,0.0,1.0,0.0,0.0,0.0,0.0,0.0,0.0,0.0,0.0,0.0,0.0,0,0.846232,1
-0.26656646,0.9086686,-1.1935762,2.8971214,5.068145,1.6598753,-0.036008753,1.7656432,0.023892585,0.0,0.0,0.0,0.0,0.0,0.0,1.0,0.0,0.0,0.0,0.0,0.0,0.0,0.0,0,0.7077872,1
4.053889,-1.8781444,-0.44552475,1.8151504,-0.22453614,0.6865081,-0.043158777,0.15416148,0.910347,0.0,0.0,0.0,1.0,0.0,0.0,0.0,0.0,0.0,0.0,0.0,0.0,0.0,0.0,0,0.5106505,1
-0.2928153,1.495366,-0.2728975,2.4741657,3.955238,-0.61131465,-0.011226105,0.5409171,-0.020430136,0.0,0.0,0.0,0.0,0.0,0.0,0.0,1.0,0.0,0.0,0.0,0.0,0.0,0.0,1,0.87636596,1
-0.28917238,1.495366,-1.1360338,2.7029698,4.3091173,0.6865081,-0.006400545,0.6698356,0.33415163,0.0,0.0,0.0,0.0,0.0,0.0,0.0,1.0,0.0,0.0,0.0,0.0,0.0,0.0,1,0.9576041,1
-0.28524467,1.3486917,0.30252665,2.4670737,1.9881873,-0.61131465,-0.03336699,2.2813175,0.26766756,0.0,1.0,0.0,0.0,0.0,0.0,0.0,0.0,0.0,0.0,0.0,0.0,0.0,0.0,1,0.99906677,1
-0.28908628,1.495366,2.2014263,3.0461805,0.67864716,0.36205244,-0.029565679,-0.683809,1.4200583,0.0,0.0,0.0,0.0,0.0,0.0,0.0,0.0,1.0,0.0,0.0,0.0,0.0,0.0,0,0.7127286,1
-0.29110974,1.3486917,0.07235698,2.5749898,0.33529392,1.3354195,0.058028527,-0.683809,-0.28636646,0.0,0.0,0.0,0.0,0.0,0.0,0.0,0.0,1.0,0.0,0.0,0.0,0.0,0.0,0,0.84774387,1
-0.2930438,1.495366,-0.8483217,2.0772269,0.8921056,-0.93577033,-0.048795875,-0.36151266,1.2206061,0.0,0.0,0.0,0.0,0.0,0.0,0.0,0.0,0.0,0.0,0.0,0.0,0.0,1.0,0,0.7928112,1
-0.29312328,1.495366,-1.6539155,2.440634,8.301858,0.6865081,0.05180528,-0.03921632,0.31199026,0.0,0.0,0.0,0.0,0.0,0.0,0.0,1.0,0.0,0.0,0.0,0.0,0.0,0.0,1,0.7928785,1
-0.26656646,-0.118052006,-1.1935762,3.0228853,5.5008874,-0.61131465,-0.036469847,0.025242949,3.0378375,0.0,0.0,0.0,0.0,0.0,0.0,0.0,1.0,0.0,0.0,0.0,0.0,0.0,0.0,0,0.5647272,1
-0.28075394,-1.4381213,0.8204084,2.5427463,1.432679,-0.93577033,-0.025691431,2.668073,0.046053946,0.0,1.0,0.0,0.0,0.0,0.0,0.0,0.0,0.0,0.0,0.0,0.0,0.0,0.0,1,0.9994524,1
-0.2924775,0.61531985,-0.38798234,2.0418148,5.787928,-0.28685895,-0.049271308,0.21862076,1.1319606,0.0,0.0,0.0,0.0,0.0,0.0,0.0,1.0,0.0,0.0,0.0,0.0,0.0,0.0,0,0.52617687,1
-0.2607941,1.2020173,-0.2153551,2.8033597,5.9925184,1.3354195,0.029666753,2.2813175,0.2455062,0.0,0.0,0.0,0.0,0.0,0.0,1.0,0.0,0.0,0.0,0.0,0.0,0.0,0.0,0,0.95138544,1
-0.29368958,-1.73147,-0.5030672,3.0131664,-0.36387384,-0.93577033,-0.03913861,0.025242949,3.23729,0.0,0.0,0.0,1.0,0.0,0.0,0.0,0.0,0.0,0.0,0.0,0.0,0.0,0.0,0,0.72273606,1
-0.28896043,1.495366,-0.5030672,2.7163959,6.3081913,1.0109638,0.16310692,1.7656432,-0.64094824,0.0,0.0,0.0,0.0,0.0,0.0,1.0,0.0,0.0,0.0,0.0,0.0,0.0,0.0,1,0.9850605,1
0.529989,1.2020173,0.1298994,2.3660853,4.098572,-0.61131465,-0.04256843,0.21862076,0.40063572,0.0,0.0,0.0,0.0,0.0,0.0,0.0,1.0,0.0,0.0,0.0,0.0,0.0,0.0,0,0.58182377,1
-0.1269569,-1.4381213,-0.618152,1.8158919,4.759775,1.6598753,0.07249499,0.41199857,1.3314129,0.0,0.0,0.0,0.0,0.0,0.0,0.0,1.0,0.0,0.0,0.0,0.0,0.0,0.0,1,0.9972976,1
-0.28778806,-1.5847957,1.2232053,2.9729698,-0.6539216,-0.28685895,-0.047337543,0.025242949,2.8383853,0.0,0.0,0.0,1.0,0.0,0.0,0.0,0.0,0.0,0.0,0.0,0.0,0.0,0.0,0,0.64842045,1
-0.2884173,1.3486917,-0.9634065,2.0432107,5.650665,0.36205244,0.50452834,2.0234802,0.22334483,0.0,0.0,0.0,0.0,0.0,0.0,1.0,0.0,0.0,0.0,0.0,0.0,0.0,0.0,1,0.98448944,1
-0.27193147,1.3486917,1.6260022,2.2049139,5.015442,-0.28685895,-0.012276284,0.79875416,-0.9290459,1.0,0.0,0.0,0.0,0.0,0.0,0.0,0.0,0.0,0.0,0.0,0.0,0.0,0.0,1,0.9986065,1
-0.2891757,1.495366,0.76286596,1.8080487,-0.2945825,0.36205244,0.047553297,-0.55489045,-1.6382095,0.0,0.0,0.0,0.0,0.0,0.0,0.0,0.0,0.0,0.0,0.0,1.0,0.0,0.0,0,0.65084213,1
-0.20051388,1.3486917,-0.2153551,2.2114723,3.7509117,0.36205244,-0.04630853,0.992132,-0.84040046,1.0,0.0,0.0,0.0,0.0,0.0,0.0,0.0,0.0,0.0,0.0,0.0,0.0,0.0,1,0.96002287,1
-0.28921875,-1.8781444,-0.6756944,2.9253507,5.0072274,0.6865081,0.027372675,1.0565913,1.2206061,0.0,0.0,0.0,0.0,0.0,0.0,0.0,1.0,0.0,0.0,0.0,0.0,0.0,0.0,1,0.99849486,1
-0.27389535,1.3486917,-0.15781268,2.6623294,-0.57113624,1.0109638,0.47286794,-0.55489045,0.51144254,0.0,0.0,0.0,0.0,0.0,0.0,0.0,0.0,0.0,0.0,0.0,0.0,1.0,0.0,0,0.6372761,1
-0.28721845,0.7619942,-0.79077923,1.9413489,1.027469,-0.93577033,-0.048437063,1.7656432,1.1097993,0.0,1.0,0.0,0.0,0.0,0.0,0.0,0.0,0.0,0.0,0.0,0.0,0.0,0.0,1,0.8091556,1
-0.13768692,1.3486917,-0.38798234,2.9853404,-0.2725754,2.3087866,0.014868978,-0.36151266,1.5751878,0.0,0.0,0.0,0.0,0.0,0.0,0.0,0.0,0.0,0.0,0.0,0.0,1.0,0.0,0,0.5243234,1
-0.043034166,-1.4381213,-0.042727854,2.3944721,1.3706981,0.36205244,-0.0482173,1.8945618,0.8660243,0.0,1.0,0.0,0.0,0.0,0.0,0.0,0.0,0.0,0.0,0.0,0.0,0.0,0.0,1,0.9981065,1
-0.17864317,1.495366,0.1298994,2.8778315,-0.58282804,1.6598753,0.62487197,-0.8127276,-0.3306892,0.0,0.0,0.0,0.0,0.0,0.0,0.0,0.0,0.0,0.0,1.0,0.0,0.0,0.0,0,0.55755043,1
0.02688322,1.3486917,0.4751539,2.4672441,6.427655,0.36205244,2.6694055,2.2168581,-0.19772102,0.0,0.0,0.0,0.0,0.0,0.0,1.0,0.0,0.0,0.0,0.0,0.0,0.0,0.0,1,0.99300283,1
-0.29202047,1.495366,-0.79077923,2.4474,0.49596205,0.03759675,-0.03675319,-0.7482683,-0.41933462,0.0,0.0,0.0,0.0,0.0,0.0,0.0,0.0,1.0,0.0,0.0,0.0,0.0,0.0,0,0.6765488,1
-0.28884453,1.3486917,0.41761148,1.9828163,6.4846067,0.03759675,-0.047820654,1.249969,0.40063572,0.0,0.0,0.0,0.0,0.0,0.0,1.0,0.0,0.0,0.0,0.0,0.0,0.0,0.0,1,0.9901495,1
-0.29114288,1.495366,0.30252665,2.4945116,4.2834783,1.3354195,0.17828414,0.5409171,-0.9512073,1.0,0.0,0.0,0.0,0.0,0.0,0.0,0.0,0.0,0.0,0.0,0.0,0.0,0.0,1,0.9959864,1
-0.2938353,1.3486917,0.4751539,2.5413146,5.934268,-0.28685895,0.022550505,1.249969,-0.5966255,0.0,0.0,0.0,0.0,0.0,0.0,1.0,0.0,0.0,0.0,0.0,0.0,0.0,0.0,1,0.9947265,1
-0.20051388,0.028622357,-0.2153551,1.8119236,5.93145,0.03759675,-0.03554451,2.0879395,0.13469939,0.0,0.0,0.0,0.0,0.0,0.0,1.0,0.0,0.0,0.0,0.0,0.0,0.0,0.0,0,0.8300526,1
-0.2719646,-0.85142386,-1.4237459,2.3756032,-0.6658155,-0.28685895,-0.040664054,0.41199857,0.9768311,0.0,0.0,0.0,1.0,0.0,0.0,0.0,0.0,0.0,0.0,0.0,0.0,0.0,0.0,0,0.6730394,1
-0.19898717,0.9086686,-1.4812882,2.5201125,6.537209,1.9843309,-0.020351933,-0.03921632,0.48928115,0.0,0.0,0.0,0.0,0.0,0.0,0.0,1.0,0.0,0.0,0.0,0.0,0.0,0.0,0,0.5664152,1
-0.29253048,1.3486917,1.9137143,2.951581,-0.15313652,0.6865081,0.13549325,-0.55489045,0.2455062,0.0,0.0,0.0,0.0,0.0,0.0,0.0,0.0,0.0,1.0,0.0,0.0,0.0,0.0,0,0.5551646,1
1.5112202,1.495366,-0.79077923,2.7635605,6.306778,0.36205244,-0.044747654,2.2813175,0.2455062,0.0,0.0,0.0,0.0,0.0,0.0,1.0,0.0,0.0,0.0,0.0,0.0,0.0,0.0,0,0.9727381,1
-0.2751803,-1.4381213,1.6260022,2.549406,1.3651644,-0.61131465,-0.0331362,2.410236,0.5779266,0.0,1.0,0.0,0.0,0.0,0.0,0.0,0.0,0.0,0.0,0.0,0.0,0.0,0.0,1,0.99953425,1
-0.2884173,1.495366,-0.9634065,2.0368664,3.6964622,-0.28685895,0.057687823,0.47645783,-0.7739164,1.0,0.0,0.0,0.0,0.0,0.0,0.0,0.0,0.0,0.0,0.0,0.0,0.0,0.0,1,0.9731126,1
-0.29125547,1.2020173,-0.042727854,2.3860576,0.40068763,1.9843309,0.7275202,-0.7482683,-0.064752854,0.0,0.0,0.0,0.0,0.0,0.0,0.0,0.0,1.0,0.0,0.0,0.0,0.0,0.0,0,0.72192997,1
0.607073,1.495366,0.5326963,1.8149658,4.6282053,-0.61131465,54.429623,0.79875416,-0.7074323,1.0,0.0,0.0,0.0,0.0,0.0,0.0,0.0,0.0,0.0,0.0,0.0,0.0,0.0,1,0.7484614,1
0.96912867,1.3486917,-0.042727854,2.736274,5.99887,-0.61131465,-0.045872323,0.08970222,0.112538025,0.0,0.0,0.0,0.0,0.0,0.0,0.0,1.0,0.0,0.0,0.0,0.0,0.0,0.0,0,0.7127902,1
-0.27643213,-1.4381213,0.4751539,2.8654885,-0.3343991,0.36205244,-0.042874504,0.025242949,1.0876379,0.0,0.0,0.0,1.0,0.0,0.0,0.0,0.0,0.0,0.0,0.0,0.0,0.0,0.0,0,0.77833927,1
-0.291739,-1.8781444,0.9930356,2.8647287,-0.5571221,0.6865081,-0.020363836,-0.16813485,1.2206061,0.0,0.0,0.0,1.0,0.0,0.0,0.0,0.0,0.0,0.0,0.0,0.0,0.0,0.0,0,0.89212316,1
-0.28981817,1.495366,1.050578,2.6223238,-0.46775937,0.03759675,0.307024,-0.42597193,-0.35285056,0.0,0.0,0.0,0.0,0.0,0.0,0.0,0.0,0.0,0.0,0.0,0.0,1.0,0.0,0,0.69369626,1
-0.2715076,-1.4381213,-1.4812882,2.0445971,1.5446789,3.931065,0.027150244,2.2813175,1.1097993,0.0,1.0,0.0,0.0,0.0,0.0,0.0,0.0,0.0,0.0,0.0,0.0,0.0,0.0,1,0.99928373,1
-0.29360348,1.495366,1.1656629,2.6895843,6.7575526,-0.28685895,-0.022166131,1.7656432,-0.75175506,0.0,0.0,0.0,0.0,0.0,0.0,1.0,0.0,0.0,0.0,0.0,0.0,0.0,0.0,1,0.99843496,1
-0.28653294,-1.1447725,1.050578,2.0049767,1.7100111,-0.28685895,-0.03719045,1.7011839,1.1984447,0.0,1.0,0.0,0.0,0.0,0.0,0.0,0.0,0.0,0.0,0.0,0.0,0.0,0.0,1,0.99981076,1
-0.29342797,1.495366,0.59023875,1.9157304,0.00013930404,0.03759675,0.037112635,-0.55489045,0.023892585,0.0,0.0,0.0,0.0,0.0,0.0,0.0,0.0,0.0,1.0,0.0,0.0,0.0,0.0,0,0.6435382,1
-0.28958303,-1.73147,0.41761148,2.9257112,-0.24010661,0.36205244,-0.040064245,0.15416148,1.4422196,0.0,0.0,0.0,1.0,0.0,0.0,0.0,0.0,0.0,0.0,0.0,0.0,0.0,0.0,0,0.5327841,1
1.9357684,1.2020173,-0.5606096,2.8034537,5.4125977,-0.28685895,-0.04927238,2.0234802,-0.064752854,0.0,0.0,0.0,0.0,0.0,0.0,1.0,0.0,0.0,0.0,0.0,0.0,0.0,0.0,1,0.8505975,1
-0.29164624,1.3486917,-0.6756944,2.9854257,1.143788,1.0109638,-0.04205613,-0.4904312,2.4838035,0.0,0.0,0.0,0.0,0.0,0.0,0.0,0.0,0.0,0.0,0.0,0.0,0.0,1.0,0,0.7635086,1
-0.27853176,-1.8781444,-0.2153551,2.6493356,4.282801,-0.28685895,-0.044722944,0.79875416,-1.0176914,1.0,0.0,0.0,0.0,0.0,0.0,0.0,0.0,0.0,0.0,0.0,0.0,0.0,0.0,1,0.971731,1
-0.2638111,-1.5847957,0.59023875,2.2799227,-0.5028443,-0.93577033,-0.04615537,-0.10367559,0.910347,0.0,0.0,0.0,1.0,0.0,0.0,0.0,0.0,0.0,0.0,0.0,0.0,0.0,0.0,0,0.78528154,1
-0.27974388,-1.8781444,-1.1935762,2.1851213,-0.28717497,-0.28685895,-0.042506017,-0.10367559,1.5087037,0.0,0.0,0.0,1.0,0.0,0.0,0.0,0.0,0.0,0.0,0.0,0.0,0.0,0.0,0,0.5694501,1
-0.26492053,-0.55807513,-1.0209489,1.8107864,4.419257,0.03759675,-0.04203432,0.7342949,-1.0176914,1.0,0.0,0.0,0.0,0.0,0.0,0.0,0.0,0.0,0.0,0.0,0.0,0.0,0.0,0,0.82428813,1
-0.28489363,1.495366,0.7053236,1.895577,6.9583793,-0.28685895,-0.02749233,1.5078062,0.40063572,0.0,0.0,0.0,0.0,0.0,0.0,1.0,0.0,0.0,0.0,0.0,0.0,0.0,0.0,1,0.99582326,1
-0.26656646,-1.4381213,-1.1935762,1.8496677,0.24594682,0.36205244,0.008993939,-0.8127276,0.20118347,0.0,0.0,0.0,0.0,0.0,0.0,0.0,0.0,1.0,0.0,0.0,0.0,0.0,0.0,1,0.9893556,1
-0.29170254,-1.8781444,0.07235698,2.9858122,1.7733604,0.03759675,0.00084007974,2.0234802,2.6167717,0.0,1.0,0.0,0.0,0.0,0.0,0.0,0.0,0.0,0.0,0.0,0.0,0.0,0.0,1,0.99907327,1
-0.2686893,1.3486917,-0.73323685,2.7698746,5.6578875,-0.61131465,-0.04119219,2.0234802,-0.90688455,0.0,0.0,0.0,0.0,0.0,0.0,1.0,0.0,0.0,0.0,0.0,0.0,0.0,0.0,1,0.9588347,1
-0.2916297,1.2020173,0.07235698,2.80994,0.6151214,2.3087866,0.5990597,-0.7482683,-0.57446414,0.0,0.0,0.0,0.0,0.0,0.0,0.0,0.0,1.0,0.0,0.0,0.0,0.0,0.0,0,0.7558038,1
-0.28597987,1.3486917,0.41761148,2.1643322,6.2259583,-0.28685895,-0.042308282,1.249969,0.046053946,0.0,0.0,0.0,0.0,0.0,0.0,1.0,0.0,0.0,0.0,0.0,0.0,0.0,0.0,1,0.9917585,1
-0.29131177,1.3486917,0.76286596,2.8035686,6.1693454,-0.61131465,0.002394769,1.5722654,-0.17555965,0.0,0.0,0.0,0.0,0.0,0.0,1.0,0.0,0.0,0.0,0.0,0.0,0.0,0.0,1,0.9974074,1
-0.28086653,-1.73147,0.1298994,2.4679708,5.2429533,0.36205244,2.4332576,2.0234802,0.09037667,0.0,0.0,0.0,0.0,0.0,0.0,1.0,0.0,0.0,0.0,0.0,0.0,0.0,0.0,1,0.99648464,1
-0.28271118,-1.4381213,-0.6756944,1.863059,-0.4241822,-0.93577033,-0.04887555,0.025242949,1.2427675,0.0,0.0,0.0,1.0,0.0,0.0,0.0,0.0,0.0,0.0,0.0,0.0,0.0,0.0,0,0.5768896,1
-0.2770713,0.9086686,-1.1360338,1.9887445,6.717827,0.03759675,-0.047513336,2.0234802,0.2455062,0.0,0.0,0.0,0.0,0.0,0.0,1.0,0.0,0.0,0.0,0.0,0.0,0.0,0.0,0,0.88431066,1
0.13210703,0.9086686,-1.2511185,2.4796972,4.648427,1.0109638,-0.020101676,0.41199857,0.7552175,0.0,0.0,0.0,0.0,0.0,0.0,0.0,1.0,0.0,0.0,0.0,0.0,0.0,0.0,0,0.68816745,1
-0.28871536,0.7619942,-0.73323685,2.089384,4.155382,-0.61131465,-0.02242528,0.41199857,0.60008794,0.0,0.0,0.0,0.0,0.0,0.0,0.0,1.0,0.0,0.0,0.0,0.0,0.0,0.0,0,0.527556,1
-0.2933187,1.495366,0.1298994,2.85779,0.56909513,1.0109638,-0.030349039,-0.9416461,0.356313,0.0,0.0,0.0,0.0,0.0,0.0,0.0,0.0,1.0,0.0,0.0,0.0,0.0,0.0,0,0.7179935,1
0.09000161,-1.5847957,-1.1360338,2.3807917,1.061399,0.03759675,0.027350293,2.410236,0.5779266,0.0,1.0,0.0,0.0,0.0,0.0,0.0,0.0,0.0,0.0,0.0,0.0,0.0,0.0,1,0.8652976,1
-0.29336172,-1.8781444,-0.79077923,1.8487531,-0.35639828,0.36205244,0.01360159,0.60537636,0.9546697,0.0,0.0,0.0,1.0,0.0,0.0,0.0,0.0,0.0,0.0,0.0,0.0,0.0,0.0,0,0.8133627,1
-0.291739,-1.4381213,0.9930356,2.7781417,-0.56776977,-1.260226,-0.04857356,-0.16813485,0.2455062,0.0,0.0,0.0,1.0,0.0,0.0,0.0,0.0,0.0,0.0,0.0,0.0,0.0,0.0,0,0.5467729,1
-0.29114288,1.3486917,0.30252665,2.487326,3.6310697,-0.28685895,0.033011414,-0.9416461,-0.41933462,0.0,0.0,1.0,0.0,0.0,0.0,0.0,0.0,0.0,0.0,0.0,0.0,0.0,0.0,1,0.9879453,1
0.020501504,1.495366,1.5684597,1.9560049,5.6306777,-0.28685895,-0.027520604,2.5391545,2.882708,0.0,0.0,0.0,0.0,0.0,0.0,1.0,0.0,0.0,0.0,0.0,0.0,0.0,0.0,1,0.99875116,1
-0.28155538,-1.5847957,-1.4812882,1.8291001,-0.5213998,-0.61131465,-0.025801346,-0.10367559,0.99899244,0.0,0.0,0.0,1.0,0.0,0.0,0.0,0.0,0.0,0.0,0.0,0.0,0.0,0.0,0,0.8109333,1
-0.29324582,-1.8781444,0.1298994,2.891745,-0.2679455,0.6865081,-0.04000681,0.15416148,1.1762834,0.0,0.0,0.0,1.0,0.0,0.0,0.0,0.0,0.0,0.0,0.0,0.0,0.0,0.0,0,0.68327844,1
-0.2868012,0.7619942,-0.73323685,2.8294973,4.8404045,-0.61131465,-0.046521842,1.7656432,-0.24204375,0.0,0.0,0.0,0.0,0.0,0.0,1.0,0.0,0.0,0.0,0.0,0.0,0.0,0.0,1,0.54103,1
-0.29030168,1.3486917,-0.5606096,2.117267,0.38961503,-0.28685895,0.15770385,-0.7482683,-0.1533983,0.0,0.0,0.0,0.0,0.0,0.0,0.0,0.0,1.0,0.0,0.0,0.0,0.0,0.0,0,0.72668797,1
-0.29337168,-1.4381213,0.9930356,2.461771,-0.33869946,-0.93577033,-0.022287259,0.21862076,0.910347,0.0,0.0,0.0,1.0,0.0,0.0,0.0,0.0,0.0,0.0,0.0,0.0,0.0,0.0,0,0.7091744,1
-0.28579772,1.3486917,0.18744181,2.7161736,-0.14237936,0.03759675,0.045529004,-0.7482683,-0.17555965,0.0,0.0,0.0,0.0,0.0,0.0,0.0,0.0,0.0,1.0,0.0,0.0,0.0,0.0,0,0.58081913,1
-0.23394917,-1.8781444,-0.10027027,3.0463681,-0.33962157,0.6865081,0.014018859,-0.2970534,4.6556168,0.0,0.0,0.0,1.0,0.0,0.0,0.0,0.0,0.0,0.0,0.0,0.0,0.0,0.0,0,0.64203703,1
-0.29020566,-1.4381213,-0.042727854,2.273481,-0.25914317,0.03759675,-0.03492026,-0.10367559,0.6222493,0.0,0.0,0.0,1.0,0.0,0.0,0.0,0.0,0.0,0.0,0.0,0.0,0.0,0.0,0,0.54042906,1
-0.29336172,1.495366,-0.79077923,2.952018,-0.39161393,1.9843309,0.01859475,-0.8127276,0.26766756,0.0,0.0,0.0,0.0,0.0,0.0,0.0,0.0,0.0,0.0,1.0,0.0,0.0,0.0,0,0.51725864,1
-0.24234442,1.495366,1.453375,2.0706348,1.5328656,-0.28685895,-0.030430075,2.3457766,0.71089476,0.0,1.0,0.0,0.0,0.0,0.0,0.0,0.0,0.0,0.0,0.0,0.0,0.0,0.0,1,0.998992,1
-0.22897163,-1.73147,-0.618152,2.945832,-0.33908316,3.2821536,-0.046300683,0.21862076,2.3729968,0.0,0.0,0.0,1.0,0.0,0.0,0.0,0.0,0.0,0.0,0.0,0.0,0.0,0.0,0,0.54377586,1
1.698585,1.495366,0.18744181,2.9787939,6.655678,0.36205244,0.12917617,1.6367247,4.3675194,0.0,0.0,0.0,0.0,0.0,0.0,1.0,0.0,0.0,0.0,0.0,0.0,0.0,0.0,1,0.9785079,1
-0.2893744,1.495366,-0.2728975,1.9493233,4.7616544,1.3354195,-0.03240647,2.2813175,0.28982893,0.0,0.0,0.0,0.0,0.0,0.0,1.0,0.0,0.0,0.0,0.0,0.0,0.0,0.0,1,0.9374608,1
-0.1269569,-1.4381213,-0.618152,1.8159037,2.599628,1.9843309,0.6682971,-0.4904312,0.0682153,0.0,0.0,1.0,0.0,0.0,0.0,0.0,0.0,0.0,0.0,0.0,0.0,0.0,0.0,1,0.99899024,1
-0.23499237,1.3486917,-1.4237459,1.8953514,5.4041367,1.9843309,0.090272166,2.0879395,-0.3306892,0.0,0.0,0.0,0.0,0.0,0.0,1.0,0.0,0.0,0.0,0.0,0.0,0.0,0.0,0,0.9776249,1
2.1442156,-0.70474946,1.2232053,1.8105801,1.7854501,0.6865081,-0.048794094,1.959021,1.4200583,0.0,1.0,0.0,0.0,0.0,0.0,0.0,0.0,0.0,0.0,0.0,0.0,0.0,0.0,1,0.9995685,1
-0.2846585,1.3486917,-1.4812882,2.9044535,1.0285789,2.3087866,-0.047244076,-0.683809,1.0876379,0.0,0.0,0.0,0.0,0.0,0.0,0.0,0.0,0.0,0.0,0.0,0.0,0.0,1.0,1,0.5552723,1
-0.23770799,1.495366,2.2014263,2.561731,6.029505,1.0109638,-0.026452102,2.2813175,-0.24204375,0.0,0.0,0.0,0.0,0.0,0.0,1.0,0.0,0.0,0.0,0.0,0.0,0.0,0.0,1,0.99916804,1
-0.26656646,-1.5847957,-1.1935762,2.5691726,-0.4190308,-0.28685895,-0.04588114,-0.03921632,0.44495845,0.0,0.0,0.0,1.0,0.0,0.0,0.0,0.0,0.0,0.0,0.0,0.0,0.0,0.0,0,0.74077886,1
-0.27464047,1.495366,-0.10027027,2.0570157,-0.14138316,0.6865081,0.32405463,-0.55489045,0.15686075,0.0,0.0,0.0,0.0,0.0,0.0,0.0,0.0,0.0,1.0,0.0,0.0,0.0,0.0,0,0.6616957,1
-0.29173568,-1.73147,-1.1935762,2.0442657,4.441461,1.9843309,0.4432259,0.7342949,-0.5966255,1.0,0.0,0.0,0.0,0.0,0.0,0.0,0.0,0.0,0.0,0.0,0.0,0.0,0.0,1,0.99087465,1
-0.29009637,-1.1447725,-1.0209489,1.8568239,-0.40923202,0.36205244,-0.043034323,0.21862076,1.2870902,0.0,0.0,0.0,1.0,0.0,0.0,0.0,0.0,0.0,0.0,0.0,0.0,0.0,0.0,0,0.6152848,1
-0.2819495,1.3486917,0.014814562,2.5344734,8.198949,-0.28685895,0.028336106,2.0234802,0.26766756,0.0,0.0,0.0,0.0,0.0,0.0,1.0,0.0,0.0,0.0,0.0,0.0,0.0,0.0,0,0.6664391,1
-0.27853176,-1.73147,-0.2153551,2.649845,4.762456,1.0109638,0.1285659,0.21862076,0.26766756,0.0,0.0,0.0,0.0,0.0,0.0,0.0,1.0,0.0,0.0,0.0,0.0,0.0,0.0,1,0.9976674,1
-0.17679852,1.3486917,-0.6756944,2.1106467,0.33983785,0.36205244,-0.022872416,-0.6193497,0.09037667,0.0,0.0,0.0,0.0,0.0,0.0,0.0,0.0,1.0,0.0,0.0,0.0,0.0,0.0,0,0.64733094,1
-0.29277554,-1.4381213,-0.9634065,2.7510839,-0.5242718,-0.93577033,-0.043272793,-0.16813485,0.7995402,0.0,0.0,0.0,1.0,0.0,0.0,0.0,0.0,0.0,0.0,0.0,0.0,0.0,0.0,0,0.7306731,1
-0.2923384,1.495366,0.18744181,1.8620782,3.8336885,0.36205244,-0.047199115,0.08970222,0.9546697,0.0,0.0,0.0,0.0,0.0,0.0,0.0,1.0,0.0,0.0,0.0,0.0,0.0,0.0,0,0.8468334,1
-0.24788827,0.46864545,-0.44552475,2.1762156,4.531561,-0.28685895,-0.048166964,0.21862076,0.40063572,0.0,0.0,0.0,0.0,0.0,0.0,0.0,1.0,0.0,0.0,0.0,0.0,0.0,0.0,0,0.5831285,1
1.9357684,-1.4381213,0.36006907,2.2331283,5.259305,0.6865081,-0.04906088,0.5409171,-0.6187869,1.0,0.0,0.0,0.0,0.0,0.0,0.0,0.0,0.0,0.0,0.0,0.0,0.0,0.0,0,0.6963338,1
4.053889,-1.8781444,-1.4812882,2.5350134,4.748048,0.36205244,-0.04571122,0.025242949,-1.3501117,1.0,0.0,0.0,0.0,0.0,0.0,0.0,0.0,0.0,0.0,0.0,0.0,0.0,0.0,1,0.98261005,1
-0.13995877,-1.8781444,0.18744181,2.279252,-0.26325628,0.36205244,0.008095094,-0.87718683,-1.6825322,0.0,0.0,0.0,0.0,0.0,1.0,0.0,0.0,0.0,0.0,0.0,0.0,0.0,0.0,0,0.7563541,1
-0.29009637,1.3486917,-1.0209489,1.9021196,-0.63733053,1.0109638,0.09785293,-0.42597193,0.2455062,0.0,0.0,0.0,0.0,0.0,0.0,0.0,0.0,0.0,1.0,0.0,0.0,0.0,0.0,0,0.65928864,1
0.41687667,1.495366,-1.1935762,2.5750198,4.889613,0.03759675,-0.04207809,0.6698356,0.31199026,0.0,0.0,0.0,0.0,0.0,0.0,0.0,1.0,0.0,0.0,0.0,0.0,0.0,0.0,0,0.93785506,1
-0.28383386,0.7619942,1.7986294,2.6073658,1.4753013,-0.28685895,-0.04729303,2.3457766,0.0682153,0.0,1.0,0.0,0.0,0.0,0.0,0.0,0.0,0.0,0.0,0.0,0.0,0.0,0.0,1,0.99964416,1
-0.2926729,-1.5847957,1.5684597,2.5085735,-0.3364655,-0.61131465,-0.040029444,-0.42597193,0.44495845,0.0,0.0,0.0,1.0,0.0,0.0,0.0,0.0,0.0,0.0,0.0,0.0,0.0,0.0,0,0.80405295,1
-0.29336503,1.3486917,-0.38798234,1.8079283,-0.1732183,0.6865081,0.0234284,-0.6193497,0.31199026,0.0,0.0,0.0,0.0,0.0,0.0,0.0,0.0,0.0,0.0,1.0,0.0,0.0,0.0,0,0.50915813,1
0.09000161,1.2020173,-1.1360338,2.3861482,4.4219995,0.03759675,-0.04600932,2.5391545,2.0627377,1.0,0.0,0.0,0.0,0.0,0.0,0.0,0.0,0.0,0.0,0.0,0.0,0.0,0.0,1,0.9649992,1
-0.27901196,-1.8781444,-1.0209489,2.7099507,3.25021,0.36205244,-0.047170747,-0.16813485,-0.8847232,1.0,0.0,0.0,0.0,0.0,0.0,0.0,0.0,0.0,0.0,0.0,0.0,0.0,0.0,0,0.5250389,1
-0.29176217,1.495366,0.07235698,2.4001787,-0.21704629,1.3354195,0.06669077,-0.683809,-0.68527097,0.0,0.0,0.0,0.0,0.0,0.0,0.0,0.0,0.0,1.0,0.0,0.0,0.0,0.0,1,0.5688777,1
-0.22634542,1.3486917,-1.3662034,1.8617713,4.0846157,1.0109638,-0.032877274,0.41199857,0.93250835,0.0,0.0,0.0,0.0,0.0,0.0,0.0,1.0,0.0,0.0,0.0,0.0,0.0,0.0,0,0.870968,1
-0.28579772,-1.8781444,0.18744181,2.7569997,0.91186327,0.36205244,0.11641544,2.3457766,0.15686075,0.0,1.0,0.0,0.0,0.0,0.0,0.0,0.0,0.0,0.0,0.0,0.0,0.0,0.0,0,0.5352402,1
-0.1901945,1.0553429,-1.308661,2.5608096,7.3904486,0.36205244,-0.042789202,1.8945618,-0.020430136,0.0,0.0,0.0,0.0,0.0,0.0,1.0,0.0,0.0,0.0,0.0,0.0,0.0,0.0,0,0.89173526,1
-0.28823847,1.3486917,-0.5030672,2.0769608,6.251925,-0.28685895,-0.048367597,0.47645783,0.7552175,0.0,0.0,0.0,0.0,0.0,0.0,0.0,1.0,0.0,0.0,0.0,0.0,0.0,0.0,1,0.7445625,1
-0.29350746,1.495366,-0.2728975,2.9250166,-0.25909096,0.6865081,0.005606721,-0.7482683,1.1319606,0.0,0.0,0.0,0.0,0.0,0.0,0.0,0.0,0.0,0.0,0.0,0.0,1.0,0.0,0,0.54153603,1
-0.27342176,1.495366,1.6835446,1.8349721,0.03958973,-1.260226,-0.049747176,-0.36151266,-0.1533983,0.0,0.0,0.0,0.0,1.0,0.0,0.0,0.0,0.0,0.0,0.0,0.0,0.0,0.0,1,0.9871018,1
-0.29094416,-1.8781444,-1.3662034,2.171732,-0.40409598,0.36205244,-0.04600998,0.025242949,1.0211538,0.0,0.0,0.0,1.0,0.0,0.0,0.0,0.0,0.0,0.0,0.0,0.0,0.0,0.0,1,0.762714,1
-0.28837094,-1.73147,0.014814562,2.1181989,-0.2928478,-0.93577033,-0.049319945,0.15416148,0.9546697,0.0,0.0,0.0,1.0,0.0,0.0,0.0,0.0,0.0,0.0,0.0,0.0,0.0,0.0,0,0.5808731,1
-0.2905567,1.3486917,0.1298994,2.6151435,-0.28708917,1.6598753,-0.018309753,-0.4904312,0.2455062,0.0,0.0,0.0,0.0,0.0,0.0,0.0,0.0,0.0,0.0,0.0,0.0,1.0,0.0,0,0.5614661,1
-0.24307632,-1.2914469,2.143884,2.0450714,-0.32976264,0.6865081,-0.04236372,-0.23259413,1.1097993,0.0,0.0,0.0,1.0,0.0,0.0,0.0,0.0,0.0,0.0,0.0,0.0,0.0,0.0,0,0.7345022,1
-0.030505868,0.61531985,-0.2728975,2.9366975,6.062782,0.6865081,-0.04115102,2.2168581,0.9546697,0.0,0.0,0.0,0.0,0.0,0.0,1.0,0.0,0.0,0.0,0.0,0.0,0.0,0.0,0,0.83959013,1
-0.2785119,1.2020173,-0.2153551,2.850523,3.8966208,0.36205244,-0.044479456,0.47645783,0.42279708,0.0,0.0,0.0,0.0,0.0,0.0,0.0,1.0,0.0,0.0,0.0,0.0,0.0,0.0,0,0.5119448,1
-0.1799215,-1.2914469,0.18744181,2.8188946,1.0746057,-0.28685895,-0.043395586,1.5078062,0.5779266,0.0,1.0,0.0,0.0,0.0,0.0,0.0,0.0,0.0,0.0,0.0,0.0,0.0,0.0,0,0.89449966,1
-0.015626233,-1.4381213,0.1298994,2.5089772,-0.3421876,0.03759675,-0.048338603,0.025242949,0.20118347,0.0,0.0,0.0,1.0,0.0,0.0,0.0,0.0,0.0,0.0,0.0,0.0,0.0,0.0,0,0.72678953,1
-0.28932473,-1.5847957,2.2014263,2.266368,1.3760529,0.03759675,-0.03753889,1.7656432,1.1319606,0.0,1.0,0.0,0.0,0.0,0.0,0.0,0.0,0.0,0.0,0.0,0.0,0.0,0.0,1,0.99981195,1
-0.29302725,1.3486917,0.07235698,2.7093067,-0.5195387,1.0109638,-0.005064389,-0.6193497,-0.21988238,0.0,0.0,0.0,0.0,0.0,0.0,0.0,0.0,0.0,0.0,0.0,0.0,1.0,0.0,0,0.5775283,1
-0.2711433,0.17529672,-0.6756944,2.2295423,6.0044146,0.6865081,-0.037004855,1.5722654,0.42279708,0.0,0.0,0.0,0.0,0.0,0.0,1.0,0.0,0.0,0.0,0.0,0.0,0.0,0.0,0,0.8218866,1
-0.29241458,1.3486917,0.07235698,2.9247932,-0.2725106,1.0109638,0.030595606,-0.42597193,0.7552175,0.0,0.0,0.0,0.0,0.0,0.0,0.0,0.0,0.0,0.0,0.0,0.0,1.0,0.0,0,0.6850936,1
-0.2755479,1.3486917,0.014814562,2.191354,3.9503942,1.6598753,-0.04390231,0.41199857,1.1984447,0.0,0.0,0.0,0.0,0.0,0.0,0.0,1.0,0.0,0.0,0.0,0.0,0.0,0.0,0,0.51058006,1
-0.27508757,-0.26472637,-0.2728975,2.9821062,1.1196432,0.6865081,-0.04363805,1.249969,2.5281262,0.0,1.0,0.0,0.0,0.0,0.0,0.0,0.0,0.0,0.0,0.0,0.0,0.0,0.0,0,0.84354806,1
-0.29379225,1.2020173,0.4751539,2.29193,3.327479,0.03759675,-0.032212835,-0.7482683,-0.020430136,0.0,0.0,1.0,0.0,0.0,0.0,0.0,0.0,0.0,0.0,0.0,0.0,0.0,0.0,1,0.9920055,1
-0.2918615,0.7619942,1.1081204,2.284496,5.816216,-0.61131465,-0.048139624,2.3457766,-0.17555965,0.0,0.0,0.0,0.0,0.0,0.0,1.0,0.0,0.0,0.0,0.0,0.0,0.0,0.0,1,0.99596125,1
-0.27833968,-1.5847957,1.1081204,2.2396967,-0.26104474,-0.93577033,-0.048137896,0.08970222,0.71089476,0.0,0.0,0.0,1.0,0.0,0.0,0.0,0.0,0.0,0.0,0.0,0.0,0.0,0.0,0,0.53559786,1
-0.29202047,0.61531985,-0.79077923,1.9006549,5.136312,0.6865081,-0.04355572,2.2168581,-0.064752854,0.0,0.0,0.0,0.0,0.0,0.0,1.0,0.0,0.0,0.0,0.0,0.0,0.0,0.0,0,0.71031076,1
-0.29324582,-1.73147,0.1298994,2.2660985,-0.26432896,-0.28685895,-0.03718711,-0.36151266,-1.3722731,0.0,0.0,0.0,0.0,0.0,1.0,0.0,0.0,0.0,0.0,0.0,0.0,0.0,0.0,0,0.6204507,1
-0.23320071,1.3486917,0.07235698,2.1912174,-0.25218514,0.6865081,0.08916684,-0.7482683,-0.020430136,0.0,0.0,0.0,0.0,0.0,0.0,0.0,0.0,0.0,0.0,1.0,0.0,0.0,0.0,0,0.6443084,1
-0.26955697,1.3486917,1.050578,2.8171184,6.7978673,1.0109638,-0.03716692,1.8945618,-0.39717326,0.0,0.0,0.0,0.0,0.0,0.0,1.0,0.0,0.0,0.0,0.0,0.0,0.0,0.0,1,0.99760556,1
-0.26955697,-1.2914469,1.050578,2.1459463,-0.585358,-0.28685895,-0.044248987,-0.16813485,1.5530264,0.0,0.0,0.0,1.0,0.0,0.0,0.0,0.0,0.0,0.0,0.0,0.0,0.0,0.0,0,0.5093529,1
-0.29260334,1.495366,0.36006907,2.958538,-0.16102377,1.6598753,0.09543785,-0.55489045,0.31199026,0.0,0.0,0.0,0.0,0.0,0.0,0.0,0.0,0.0,1.0,0.0,0.0,0.0,0.0,0,0.6236662,1
-0.2607941,-1.8781444,-0.2153551,2.4611478,4.3901634,-0.28685895,-0.045273986,0.79875416,-0.97336864,1.0,0.0,0.0,0.0,0.0,0.0,0.0,0.0,0.0,0.0,0.0,0.0,0.0,0.0,1,0.9759828,1
-0.22634542,0.3219711,-1.3662034,2.2164176,3.4182189,0.03759675,-0.04251398,0.21862076,-0.9512073,1.0,0.0,0.0,0.0,0.0,0.0,0.0,0.0,0.0,0.0,0.0,0.0,0.0,0.0,0,0.5218966,1
-0.28580767,1.2020173,-0.8483217,2.2112808,6.2435517,-0.61131465,-0.045388136,0.21862076,-0.2642051,0.0,0.0,0.0,0.0,0.0,0.0,0.0,1.0,0.0,0.0,0.0,0.0,0.0,0.0,0,0.58212495,1
-0.28921875,1.3486917,-0.6756944,2.9314153,1.1058549,1.3354195,-0.02313175,-0.55489045,0.9768311,0.0,0.0,0.0,0.0,0.0,0.0,0.0,0.0,0.0,0.0,0.0,0.0,0.0,1.0,1,0.7787757,1
-0.28977844,1.3486917,2.7193081,2.258594,7.385477,-0.28685895,-0.012240873,1.0565913,-0.1533983,0.0,0.0,0.0,0.0,0.0,0.0,1.0,0.0,0.0,0.0,0.0,0.0,0.0,0.0,1,0.9985353,1
-0.28921875,1.0553429,-0.6756944,2.5607796,5.859644,-1.260226,-0.04811206,0.41199857,0.0017312241,0.0,0.0,0.0,0.0,0.0,0.0,0.0,1.0,0.0,0.0,0.0,0.0,0.0,0.0,0,0.5512616,1
-0.29262653,1.495366,0.8204084,2.8577619,-0.2598456,0.6865081,0.389195,-0.7482683,0.28982893,0.0,0.0,0.0,0.0,0.0,0.0,0.0,0.0,0.0,0.0,0.0,0.0,1.0,0.0,0,0.54734427,1
0.018216405,1.3486917,-0.79077923,2.3797708,3.648803,-0.28685895,0.011839999,0.21862076,1.1319606,0.0,0.0,0.0,0.0,0.0,0.0,0.0,1.0,0.0,0.0,0.0,0.0,0.0,0.0,0,0.55140907,1
0.49602386,-1.73147,-1.1360338,3.0131414,4.8063583,1.9843309,-0.04318264,0.41199857,0.15686075,1.0,0.0,0.0,0.0,0.0,0.0,0.0,0.0,0.0,0.0,0.0,0.0,0.0,0.0,0,0.96309197,1
-0.27833968,1.3486917,1.1081204,2.945014,-0.35598692,0.36205244,0.03791692,-0.7482683,1.6859946,0.0,0.0,0.0,0.0,0.0,0.0,0.0,0.0,0.0,0.0,0.0,0.0,1.0,0.0,0,0.55105424,1
-0.26884162,-1.73147,-0.8483217,2.844703,3.3831413,0.36205244,0.086545125,0.08970222,-1.0841755,1.0,0.0,0.0,0.0,0.0,0.0,0.0,0.0,0.0,0.0,0.0,0.0,0.0,0.0,0,0.84033644,1
-0.29293782,-1.8781444,0.64778113,2.245863,-0.21497662,0.36205244,0.015688533,0.47645783,1.2649288,0.0,0.0,0.0,1.0,0.0,0.0,0.0,0.0,0.0,0.0,0.0,0.0,0.0,0.0,0,0.55805093,1
-0.2792206,1.495366,-1.0784913,2.1849484,0.42357504,-0.61131465,-0.02660434,2.9903693,3.9464533,0.0,0.0,0.0,0.0,0.0,0.0,0.0,0.0,1.0,0.0,0.0,0.0,0.0,0.0,0,0.5050434,1
-0.29196748,-1.73147,0.24498422,2.824631,-0.26378235,0.03759675,-0.044604342,-0.7482683,-1.549564,0.0,0.0,0.0,0.0,0.0,1.0,0.0,0.0,0.0,0.0,0.0,0.0,0.0,0.0,0,0.61101735,1
0.529989,-0.26472637,0.1298994,2.3228981,4.3662353,1.0109638,-0.037657935,0.992132,-0.6631096,1.0,0.0,0.0,0.0,0.0,0.0,0.0,0.0,0.0,0.0,0.0,0.0,0.0,0.0,0,0.73613495,1
-0.28763905,1.3486917,-0.6756944,3.02579,-0.06771741,1.3354195,0.15135042,-0.87718683,1.1097993,0.0,0.0,0.0,0.0,0.0,0.0,0.0,0.0,0.0,0.0,1.0,0.0,0.0,0.0,0,0.5035117,1
-0.28721845,1.3486917,-0.79077923,1.9423099,5.3283024,-0.28685895,0.3791263,1.4433469,0.40063572,0.0,0.0,0.0,0.0,0.0,0.0,1.0,0.0,0.0,0.0,0.0,0.0,0.0,0.0,1,0.98171943,1
-0.28845042,-1.2914469,-0.042727854,1.9777601,-0.4035566,0.03759675,-0.008055553,0.21862076,1.3092515,0.0,0.0,0.0,1.0,0.0,0.0,0.0,0.0,0.0,0.0,0.0,0.0,0.0,0.0,0,0.81392276,1
1.5112202,1.495366,-0.79077923,1.9359987,0.8442283,1.0109638,-0.0481886,-0.4904312,1.2427675,0.0,0.0,0.0,0.0,0.0,0.0,0.0,0.0,0.0,0.0,0.0,0.0,0.0,1.0,0,0.63100743,1
0.020501504,1.495366,1.5684597,1.9560262,5.4158535,0.03759675,0.5466363,1.6367247,1.154122,0.0,0.0,0.0,0.0,0.0,0.0,1.0,0.0,0.0,0.0,0.0,0.0,0.0,0.0,1,0.9990909,1
-0.29262653,1.495366,0.8204084,2.5414596,4.8534174,1.3354195,-0.011764996,1.4433469,-0.99553,1.0,0.0,0.0,0.0,0.0,0.0,0.0,0.0,0.0,0.0,0.0,0.0,0.0,0.0,1,0.99793434,1
-0.29097065,-1.8781444,-0.042727854,1.963159,-0.39752117,0.6865081,-0.018329667,-0.6193497,-1.2171437,0.0,0.0,0.0,0.0,0.0,1.0,0.0,0.0,0.0,0.0,0.0,0.0,0.0,0.0,0,0.6426086,1
0.25411472,-1.5847957,-1.3662034,2.6969788,-0.33706775,-0.61131465,-0.043111313,0.08970222,0.44495845,0.0,0.0,0.0,1.0,0.0,0.0,0.0,0.0,0.0,0.0,0.0,0.0,0.0,0.0,0,0.7216814,1
-0.28086653,-1.73147,0.1298994,2.4679682,5.413062,0.03759675,-0.008874769,1.7656432,-0.5523028,0.0,0.0,0.0,0.0,0.0,0.0,1.0,0.0,0.0,0.0,0.0,0.0,0.0,0.0,1,0.9888439,1
-0.2755545,-1.73147,0.8204084,1.8019537,-0.23542215,-0.28685895,-0.034747124,-0.6193497,-1.1284982,0.0,0.0,0.0,0.0,0.0,1.0,0.0,0.0,0.0,0.0,0.0,0.0,0.0,0.0,0,0.78274876,1
-0.2891194,-1.4381213,-0.618152,2.145657,3.6980863,0.36205244,-0.04339134,-0.55489045,0.023892585,0.0,0.0,0.0,0.0,1.0,0.0,0.0,0.0,0.0,0.0,0.0,0.0,0.0,0.0,1,0.92289114,1
-0.29164624,1.0553429,-0.6756944,1.9015998,5.886051,0.6865081,-0.03563406,0.6698356,0.44495845,0.0,0.0,0.0,0.0,0.0,0.0,0.0,1.0,0.0,0.0,0.0,0.0,0.0,0.0,0,0.6520039,1
-0.2715076,1.495366,-1.4812882,2.05704,5.2626505,-0.28685895,-0.0495226,1.7656432,0.20118347,0.0,0.0,0.0,0.0,0.0,0.0,1.0,0.0,0.0,0.0,0.0,0.0,0.0,0.0,1,0.9736192,1
-0.22420274,-1.8781444,-0.6756944,2.66969,-0.46713334,0.6865081,-0.0039338265,-0.55489045,0.40063572,0.0,0.0,0.0,1.0,0.0,0.0,0.0,0.0,0.0,0.0,0.0,0.0,0.0,0.0,1,0.8079065,1
-0.28856966,1.495366,-1.3662034,2.6021674,7.383484,-0.28685895,0.015430097,0.08970222,0.023892585,0.0,0.0,0.0,0.0,0.0,0.0,0.0,1.0,0.0,0.0,0.0,0.0,0.0,0.0,1,0.8410101,1
1.0754851,-1.2914469,0.1298994,2.448847,1.2249892,-1.260226,-0.04847447,1.959021,0.26766756,0.0,1.0,0.0,0.0,0.0,0.0,0.0,0.0,0.0,0.0,0.0,0.0,0.0,0.0,0,0.943308,1
0.014467519,1.495366,-1.2511185,2.9452286,1.0937908,0.6865081,-0.037396695,-0.7482683,1.0876379,0.0,0.0,0.0,0.0,0.0,0.0,0.0,0.0,0.0,0.0,0.0,0.0,0.0,1.0,0,0.8055314,1
0.055682085,0.7619942,-0.73323685,2.9707599,4.1551304,0.36205244,-0.04740933,0.15416148,1.5087037,0.0,0.0,0.0,0.0,0.0,0.0,0.0,1.0,0.0,0.0,0.0,0.0,0.0,0.0,0,0.55184686,1
-0.29068252,-1.73147,-0.15781268,2.8515103,5.3856893,0.36205244,-0.047672182,-0.4904312,-0.7739164,0.0,0.0,0.0,0.0,1.0,0.0,0.0,0.0,0.0,0.0,0.0,0.0,0.0,0.0,1,0.99007165,1
4.929721,-1.73147,0.93549323,2.9525166,1.3471388,1.0109638,-0.033357613,2.0234802,1.3978969,0.0,1.0,0.0,0.0,0.0,0.0,0.0,0.0,0.0,0.0,0.0,0.0,0.0,0.0,1,0.9969472,1
-0.28289664,-1.8781444,2.6617658,2.8849592,-0.31896663,-0.61131465,-0.049421955,-0.16813485,1.3092515,0.0,0.0,0.0,1.0,0.0,0.0,0.0,0.0,0.0,0.0,0.0,0.0,0.0,0.0,0,0.74072266,1
-0.29202047,1.495366,-0.79077923,1.9359448,-0.31031355,1.0109638,0.8660632,-0.683809,0.26766756,0.0,0.0,0.0,0.0,0.0,0.0,0.0,0.0,0.0,1.0,0.0,0.0,0.0,0.0,0,0.59914124,1
-0.28391004,1.3486917,-0.10027027,2.339399,1.1500206,0.03759675,-0.023613889,-0.7482683,1.2206061,0.0,0.0,0.0,0.0,0.0,0.0,0.0,0.0,0.0,0.0,0.0,0.0,0.0,1.0,0,0.7563058,1
-0.29176217,1.3486917,0.07235698,2.3999658,6.2676144,1.3354195,-0.0010427701,-0.23259413,0.7330561,0.0,0.0,0.0,0.0,0.0,0.0,0.0,1.0,0.0,0.0,0.0,0.0,0.0,0.0,1,0.61825645,1
-0.27508757,1.495366,-0.2728975,3.0460901,-0.09582346,1.0109638,0.85085875,-0.55489045,1.6638333,0.0,0.0,0.0,0.0,0.0,0.0,0.0,0.0,0.0,1.0,0.0,0.0,0.0,0.0,0,0.69723505,1
-0.29095078,1.495366,-1.1360338,2.9789753,-0.2659599,2.3087866,0.10184013,-0.7482683,1.2206061,0.0,0.0,0.0,0.0,0.0,0.0,0.0,0.0,0.0,0.0,0.0,0.0,1.0,0.0,0,0.50890183,1
-0.29113623,1.495366,1.6835446,2.3801231,0.79177207,0.36205244,-0.04654368,-0.9416461,-0.35285056,0.0,0.0,0.0,0.0,0.0,0.0,0.0,0.0,1.0,0.0,0.0,0.0,0.0,0.0,0,0.52483624,1
-0.015626233,-1.4381213,0.1298994,1.8629326,-0.30066472,2.3087866,-0.03839522,-0.03921632,1.6859946,0.0,0.0,0.0,1.0,0.0,0.0,0.0,0.0,0.0,0.0,0.0,0.0,0.0,0.0,0,0.6756014,1
-0.29131177,-1.5847957,0.76286596,2.8048482,1.947678,-0.28685895,-0.048737343,2.3457766,0.33415163,0.0,1.0,0.0,0.0,0.0,0.0,0.0,0.0,0.0,0.0,0.0,0.0,0.0,0.0,1,0.99975246,1
-0.17726217,-1.4381213,-0.10027027,2.5830748,1.6955665,0.03759675,0.013260164,2.3457766,0.5557652,0.0,1.0,0.0,0.0,0.0,0.0,0.0,0.0,0.0,0.0,0.0,0.0,0.0,0.0,1,0.99906677,1
-0.2891558,-1.5847957,-1.711458,2.7914002,-0.27046534,-1.260226,-0.048464995,0.08970222,0.40063572,0.0,0.0,0.0,1.0,0.0,0.0,0.0,0.0,0.0,0.0,0.0,0.0,0.0,0.0,0,0.5381225,1
-0.2881888,0.9086686,-0.042727854,2.8229437,4.1158657,0.03759675,-0.037437398,0.21862076,-1.239305,1.0,0.0,0.0,0.0,0.0,0.0,0.0,0.0,0.0,0.0,0.0,0.0,0.0,0.0,1,0.9513796,1
-0.28831464,1.495366,-0.15781268,2.178038,1.3289433,0.36205244,0.03592024,-0.8127276,0.7330561,0.0,0.0,0.0,0.0,0.0,0.0,0.0,0.0,0.0,0.0,0.0,0.0,0.0,1.0,0,0.94875014,1
-0.07200524,-1.8781444,0.18744181,2.7436402,4.8580203,0.36205244,-0.008431934,-0.42597193,1.1097993,0.0,0.0,0.0,0.0,1.0,0.0,0.0,0.0,0.0,0.0,0.0,0.0,0.0,0.0,0,0.9569241,1
-0.28845042,-1.5847957,-0.042727854,2.878855,-0.23584542,1.9843309,0.006216396,0.08970222,0.7995402,0.0,0.0,0.0,1.0,0.0,0.0,0.0,0.0,0.0,0.0,0.0,0.0,0.0,0.0,0,0.6967566,1
-0.29366973,-1.4381213,-0.2728975,2.8789234,1.9128335,0.03759675,-0.026817596,1.7011839,0.8660243,0.0,1.0,0.0,0.0,0.0,0.0,0.0,0.0,0.0,0.0,0.0,0.0,0.0,0.0,1,0.99848336,1
-0.24971303,1.3486917,0.7053236,2.0097482,6.1460495,0.6865081,0.73108375,2.2168581,0.48928115,0.0,0.0,0.0,0.0,0.0,0.0,1.0,0.0,0.0,0.0,0.0,0.0,0.0,0.0,1,0.99799013,1
2.4803834,1.495366,2.143884,2.6086762,6.119227,-0.28685895,7.3831e-05,1.5722654,-0.35285056,0.0,0.0,0.0,0.0,0.0,0.0,1.0,0.0,0.0,0.0,0.0,0.0,0.0,0.0,1,0.99926716,1
-0.28709263,-1.4381213,-1.7690003,2.4149206,-0.31182003,0.36205244,-0.047403168,0.025242949,0.42279708,0.0,0.0,0.0,1.0,0.0,0.0,0.0,0.0,0.0,0.0,0.0,0.0,0.0,0.0,0,0.60320455,1
-0.29313654,1.3486917,-0.2728975,2.6691566,1.3385824,0.03759675,-0.04341891,-0.683809,0.6887334,0.0,0.0,0.0,0.0,0.0,0.0,0.0,0.0,0.0,0.0,0.0,0.0,0.0,1.0,0,0.84186536,1
-0.2923384,0.17529672,0.18744181,2.1150851,2.7683706,-0.61131465,-0.049638238,-0.55489045,0.26766756,0.0,0.0,1.0,0.0,0.0,0.0,0.0,0.0,0.0,0.0,0.0,0.0,0.0,0.0,1,0.88229,1
-0.12581103,-0.41140074,-0.73323685,1.9795334,4.813717,0.36205244,-0.0073087937,0.3475393,-0.7739164,1.0,0.0,0.0,0.0,0.0,0.0,0.0,0.0,0.0,0.0,0.0,0.0,0.0,0.0,0,0.6986494,1
-0.25688627,1.495366,0.07235698,2.5617852,5.2104163,0.03759675,-0.018049935,0.60537636,-0.44149598,0.0,0.0,0.0,0.0,0.0,0.0,0.0,1.0,0.0,0.0,0.0,0.0,0.0,0.0,0,0.9661561,1
1.5112202,1.495366,-0.79077923,2.9451609,-0.41068414,1.9843309,0.25005692,-0.6193497,0.66657203,0.0,0.0,0.0,0.0,0.0,0.0,0.0,0.0,0.0,0.0,1.0,0.0,0.0,0.0,0,0.5166695,1
-0.2704677,0.7619942,-0.2153551,2.984252,5.4227333,1.9843309,0.006032529,0.992132,2.1513832,0.0,0.0,0.0,0.0,0.0,0.0,0.0,1.0,0.0,0.0,0.0,0.0,0.0,0.0,0,0.67305386,1
-0.28169116,-0.118052006,-0.618152,2.0540683,1.2869633,0.6865081,-0.047160134,-0.8127276,0.6222493,0.0,0.0,0.0,0.0,0.0,0.0,0.0,0.0,0.0,0.0,0.0,0.0,0.0,1.0,0,0.63690954,1
0.68930674,1.495366,0.64778113,2.2724767,6.5997005,-0.28685895,0.08380323,0.60537636,0.64441067,0.0,0.0,0.0,0.0,0.0,0.0,0.0,1.0,0.0,0.0,0.0,0.0,0.0,0.0,1,0.98643583,1
-0.13995877,-1.8781444,0.18744181,2.615714,-0.36517134,0.03759675,-0.023492478,-0.8127276,-1.5052413,0.0,0.0,0.0,0.0,0.0,1.0,0.0,0.0,0.0,0.0,0.0,0.0,0.0,0.0,0,0.749457,1
-0.2935803,0.3219711,0.59023875,2.4584687,5.003579,-0.93577033,-0.046326425,0.41199857,-0.21988238,0.0,0.0,0.0,0.0,0.0,0.0,0.0,1.0,0.0,0.0,0.0,0.0,0.0,0.0,1,0.9597615,1
-0.21558559,1.0553429,-0.5030672,2.8906727,2.2568452,0.03759675,-0.043885376,-0.55489045,0.023892585,0.0,0.0,1.0,0.0,0.0,0.0,0.0,0.0,0.0,0.0,0.0,0.0,0.0,0.0,0,0.67336607,1
1.698585,1.495366,0.18744181,2.9788637,0.93055457,0.6865081,0.14830758,-0.55489045,1.5751878,0.0,0.0,0.0,0.0,0.0,0.0,0.0,0.0,0.0,0.0,0.0,0.0,0.0,1.0,1,0.72582877,1
-0.21558559,1.495366,-0.5030672,3.0595944,-0.1983589,0.36205244,0.0035996651,-0.7482683,2.018415,0.0,0.0,0.0,0.0,0.0,0.0,0.0,0.0,0.0,0.0,0.0,0.0,1.0,0.0,0,0.5337509,1
-0.28258866,0.61531985,-0.8483217,2.08914,4.112732,0.03759675,2.142276,0.7342949,0.8217016,0.0,0.0,0.0,0.0,0.0,0.0,0.0,1.0,0.0,0.0,0.0,0.0,0.0,0.0,0,0.5202872,1
-0.24491434,1.495366,-0.042727854,2.1042001,0.10729398,1.3354195,0.3688079,-0.7482683,-0.064752854,0.0,0.0,0.0,0.0,0.0,0.0,0.0,0.0,1.0,0.0,0.0,0.0,0.0,0.0,0,0.6668412,1
-0.28477108,-1.5847957,-0.6756944,2.3001986,-0.28411728,-0.61131465,-0.019221142,0.21862076,1.1319606,0.0,0.0,0.0,1.0,0.0,0.0,0.0,0.0,0.0,0.0,0.0,0.0,0.0,0.0,1,0.6447682,1
-0.28998706,1.495366,0.07235698,2.5683997,-0.30917448,0.03759675,0.12745468,-0.6193497,-0.064752854,0.0,0.0,0.0,0.0,0.0,0.0,0.0,0.0,0.0,0.0,0.0,0.0,1.0,0.0,0,0.56154346,1
-0.27273956,1.495366,-0.33043993,1.9425788,-0.5047354,0.36205244,0.22557822,-0.683809,0.112538025,0.0,0.0,0.0,0.0,0.0,0.0,0.0,0.0,0.0,1.0,0.0,0.0,0.0,0.0,0,0.6420982,1
-0.29244107,1.495366,-1.0209489,2.1243382,-0.1896931,0.36205244,0.10189115,-0.6193497,1.0654765,0.0,0.0,0.0,0.0,0.0,0.0,0.0,0.0,0.0,0.0,0.0,0.0,1.0,0.0,0,0.5019587,1
-0.2921927,1.3486917,-0.33043993,2.9449558,-0.28274637,1.6598753,0.03145977,-0.4904312,1.464381,0.0,0.0,0.0,0.0,0.0,0.0,0.0,0.0,0.0,0.0,0.0,0.0,1.0,0.0,0,0.626664,1
-0.28073075,1.495366,-0.9634065,2.575128,-0.5233509,0.36205244,0.34412917,-0.683809,-0.21988238,0.0,0.0,0.0,0.0,0.0,0.0,0.0,0.0,0.0,1.0,0.0,0.0,0.0,0.0,0,0.5714458,1
-0.27871722,1.3486917,0.4751539,2.2854886,0.5449782,0.36205244,-0.046899732,-0.9416461,0.2455062,0.0,0.0,0.0,0.0,0.0,0.0,0.0,0.0,1.0,0.0,0.0,0.0,0.0,0.0,0,0.5092416,1
-0.29285502,-1.1447725,-0.5030672,2.7516294,1.0788668,1.3354195,-0.018553495,1.3144283,0.60008794,0.0,1.0,0.0,0.0,0.0,0.0,0.0,0.0,0.0,0.0,0.0,0.0,0.0,0.0,1,0.90904623,1
2.1442156,0.61531985,1.2232053,1.813233,2.4089823,0.03759675,-0.04819844,-0.4904312,0.0017312241,0.0,0.0,1.0,0.0,0.0,0.0,0.0,0.0,0.0,0.0,0.0,0.0,0.0,0.0,1,0.99730754,1
-0.2938353,1.3486917,-0.73323685,1.9557346,1.3845116,1.3354195,0.40011966,2.0234802,1.2649288,0.0,1.0,0.0,0.0,0.0,0.0,0.0,0.0,0.0,0.0,0.0,0.0,0.0,0.0,1,0.99660957,1
-0.261069,-1.73147,0.64778113,2.467976,-0.4289712,-0.28685895,-0.048129246,-0.2970534,0.7552175,0.0,0.0,0.0,1.0,0.0,0.0,0.0,0.0,0.0,0.0,0.0,0.0,0.0,0.0,0,0.8411906,1
4.053889,0.46864545,-1.4812882,2.5260766,4.697865,0.36205244,-0.020598304,0.6698356,-1.1728209,1.0,0.0,0.0,0.0,0.0,0.0,0.0,0.0,0.0,0.0,0.0,0.0,0.0,0.0,0,0.78236645,1
-0.261069,1.3486917,0.64778113,2.6086001,5.787506,1.0109638,-0.017514734,2.0234802,-0.21988238,0.0,0.0,0.0,0.0,0.0,0.0,1.0,0.0,0.0,0.0,0.0,0.0,0.0,0.0,1,0.99716645,1
-0.28155538,-1.4381213,-1.4812882,1.8564482,-0.6348274,0.36205244,-0.03959948,0.025242949,1.2206061,0.0,0.0,0.0,1.0,0.0,0.0,0.0,0.0,0.0,0.0,0.0,0.0,0.0,0.0,0,0.85456306,1
-0.29336172,-1.2914469,-0.79077923,1.9035819,-0.44130018,0.03759675,-0.046558145,-0.16813485,1.7968014,0.0,0.0,0.0,1.0,0.0,0.0,0.0,0.0,0.0,0.0,0.0,0.0,0.0,0.0,0,0.68055546,1
0.6198828,1.495366,2.2589688,2.8845403,-0.25019157,0.6865081,-0.038522586,-0.87718683,-0.1533983,0.0,0.0,0.0,0.0,0.0,0.0,0.0,0.0,0.0,0.0,1.0,0.0,0.0,0.0,0,0.53149116,1
-0.24056934,1.3486917,-0.2153551,2.9650242,-0.21838768,1.3354195,-0.026344633,-0.7482683,0.93250835,0.0,0.0,0.0,0.0,0.0,0.0,0.0,0.0,0.0,0.0,0.0,0.0,1.0,0.0,0,0.543438,1
-0.28597987,1.3486917,0.41761148,2.1712973,6.134952,0.6865081,-0.019012852,1.959021,-0.08691422,0.0,0.0,0.0,0.0,0.0,0.0,1.0,0.0,0.0,0.0,0.0,0.0,0.0,0.0,1,0.9935045,1
-0.28155538,-1.1447725,-1.4812882,1.8164697,-0.5235002,1.0109638,-0.042969428,0.08970222,1.5087037,0.0,0.0,0.0,1.0,0.0,0.0,0.0,0.0,0.0,0.0,0.0,0.0,0.0,0.0,0,0.77794737,1
-0.23770799,1.3486917,2.2014263,2.5612876,4.5188694,0.36205244,-0.040645592,0.5409171,-0.99553,1.0,0.0,0.0,0.0,0.0,0.0,0.0,0.0,0.0,0.0,0.0,0.0,0.0,0.0,1,0.99816495,1
4.053889,1.495366,-0.44552475,2.9385083,6.665726,3.6066093,0.028392706,2.0234802,0.0682153,0.0,0.0,0.0,0.0,0.0,0.0,1.0,0.0,0.0,0.0,0.0,0.0,0.0,0.0,0,0.84149045,1
-0.25690612,-1.2914469,-0.2153551,2.4285803,4.2534513,0.36205244,-0.017015833,0.7342949,-0.8847232,1.0,0.0,0.0,0.0,0.0,0.0,0.0,0.0,0.0,0.0,0.0,0.0,0.0,0.0,0,0.9171027,1
-0.2922457,-1.8781444,1.6260022,1.8555659,1.0915021,-0.61131465,-0.034864422,2.0234802,1.3314129,0.0,1.0,0.0,0.0,0.0,0.0,0.0,0.0,0.0,0.0,0.0,0.0,0.0,0.0,1,0.98753333,1
0.05538734,-1.5847957,0.014814562,2.07819,-0.23300509,0.03759675,-0.04720186,0.21862076,1.4200583,0.0,0.0,0.0,1.0,0.0,0.0,0.0,0.0,0.0,0.0,0.0,0.0,0.0,0.0,0,0.52512276,1
-0.2929875,1.495366,1.050578,1.7745318,1.4318162,2.3087866,-0.019018086,-0.6193497,1.0654765,0.0,0.0,0.0,0.0,0.0,0.0,0.0,0.0,0.0,0.0,0.0,0.0,0.0,1.0,0,0.64983314,1
-0.1901945,0.17529672,-1.308661,2.801478,7.6276317,0.36205244,0.16302513,1.7011839,-0.3750119,0.0,0.0,0.0,0.0,0.0,0.0,1.0,0.0,0.0,0.0,0.0,0.0,0.0,0.0,0,0.6028822,1
4.929721,1.495366,0.93549323,2.9520442,5.935727,1.0109638,0.17182486,0.47645783,1.2649288,0.0,0.0,0.0,0.0,0.0,0.0,0.0,1.0,0.0,0.0,0.0,0.0,0.0,0.0,1,0.99526125,1
-0.29220924,1.3486917,1.1656629,2.716039,5.996419,-0.61131465,-0.047440875,2.5391545,1.7746401,0.0,0.0,0.0,0.0,0.0,0.0,1.0,0.0,0.0,0.0,0.0,0.0,0.0,0.0,1,0.9982712,1
-0.27276936,-1.4381213,0.8204084,2.0851681,-0.33879223,-0.61131465,-0.044509113,-0.10367559,1.2870902,0.0,0.0,0.0,1.0,0.0,0.0,0.0,0.0,0.0,0.0,0.0,0.0,0.0,0.0,0,0.6924781,1
-0.28668526,1.3486917,2.0863416,2.5345242,0.48907927,-0.61131465,-0.03912782,-0.683809,-0.7074323,0.0,0.0,0.0,0.0,0.0,0.0,0.0,0.0,1.0,0.0,0.0,0.0,0.0,0.0,0,0.57061344,1
0.14979503,1.2020173,-0.38798234,2.2649834,1.7265502,0.03759675,5.4010434,-0.55489045,-0.50798005,0.0,0.0,1.0,0.0,0.0,0.0,0.0,0.0,0.0,0.0,0.0,0.0,0.0,0.0,0,0.89591414,1
-0.27990285,-1.8781444,-0.9058641,2.8176713,1.4496417,-0.93577033,-0.049503475,1.3144283,0.15686075,0.0,1.0,0.0,0.0,0.0,0.0,0.0,0.0,0.0,0.0,0.0,0.0,0.0,0.0,1,0.996101,1
-0.2890896,1.495366,-0.38798234,2.7299573,6.4276423,-0.61131465,0.33714098,2.5391545,1.6195105,0.0,0.0,0.0,0.0,0.0,0.0,1.0,0.0,0.0,0.0,0.0,0.0,0.0,0.0,1,0.9835052,1
-0.26241356,1.495366,0.30252665,2.8172286,6.276728,-0.28685895,0.2887207,2.2813175,-0.17555965,0.0,0.0,0.0,0.0,0.0,0.0,1.0,0.0,0.0,0.0,0.0,0.0,0.0,0.0,1,0.99221957,1
-0.28535065,1.2020173,1.453375,2.8638005,0.71110845,0.6865081,0.14442907,-0.6193497,0.1790221,0.0,0.0,0.0,0.0,0.0,0.0,0.0,0.0,1.0,0.0,0.0,0.0,0.0,0.0,0,0.5910351,1
0.49602386,0.61531985,-1.1360338,2.613813,5.8334956,0.03759675,-0.047406435,0.7342949,-0.30852783,0.0,0.0,0.0,0.0,0.0,0.0,1.0,0.0,0.0,0.0,0.0,0.0,0.0,0.0,0,0.7426451,1
-0.2868012,1.495366,-0.73323685,2.8309393,4.7490206,1.3354195,0.043167625,0.7342949,-1.4609185,1.0,0.0,0.0,0.0,0.0,0.0,0.0,0.0,0.0,0.0,0.0,0.0,0.0,0.0,1,0.9880719,1
-0.29393467,-0.26472637,-1.0209489,2.2419858,4.1084967,1.6598753,-0.0103066,0.79875416,-0.7739164,1.0,0.0,0.0,0.0,0.0,0.0,0.0,0.0,0.0,0.0,0.0,0.0,0.0,0.0,0,0.71535414,1
-0.29041758,1.3486917,0.8204084,1.787628,4.9081864,0.36205244,-0.044525497,0.8632134,-0.84040046,1.0,0.0,0.0,0.0,0.0,0.0,0.0,0.0,0.0,0.0,0.0,0.0,0.0,0.0,1,0.9978041,1
-0.29334518,-1.8781444,0.7053236,2.5080533,-0.41500708,-0.93577033,-0.047869284,-0.8127276,-1.6160481,0.0,0.0,0.0,0.0,0.0,1.0,0.0,0.0,0.0,0.0,0.0,0.0,0.0,0.0,1,0.8517881,1
-0.2769554,1.495366,-0.2728975,1.8687385,-0.33483294,1.0109638,0.29781893,-0.683809,-0.13123694,0.0,0.0,0.0,0.0,0.0,0.0,0.0,0.0,0.0,1.0,0.0,0.0,0.0,0.0,0,0.5963129,1
-0.28524467,1.3486917,0.30252665,2.4673495,0.72739303,0.36205244,1.0388783,-0.7482683,-0.57446414,0.0,0.0,0.0,0.0,0.0,0.0,0.0,0.0,1.0,0.0,0.0,0.0,0.0,0.0,1,0.8660172,1
-0.2916297,1.3486917,0.07235698,2.2451155,4.345401,1.3354195,-0.047991473,0.41199857,1.4865423,0.0,0.0,0.0,0.0,0.0,0.0,0.0,1.0,0.0,0.0,0.0,0.0,0.0,0.0,0,0.8318567,1
-0.23394917,-1.5847957,-0.10027027,2.4884703,-0.39031774,0.36205244,0.107453786,0.025242949,0.2455062,0.0,0.0,0.0,1.0,0.0,0.0,0.0,0.0,0.0,0.0,0.0,0.0,0.0,0.0,0,0.89834356,1
0.013778678,-1.4381213,0.30252665,2.9058285,-0.27394956,0.36205244,-0.04292517,-0.683809,-1.1063368,0.0,0.0,0.0,0.0,0.0,1.0,0.0,0.0,0.0,0.0,0.0,0.0,0.0,0.0,0,0.5880031,1
-0.28073075,1.495366,-0.9634065,2.9989161,-0.16608536,1.0109638,-0.042115677,-0.8127276,1.1762834,0.0,0.0,0.0,0.0,0.0,0.0,0.0,0.0,0.0,0.0,1.0,0.0,0.0,0.0,0,0.50401855,1
-0.2755479,-1.5847957,0.014814562,1.815625,4.1303787,-0.61131465,0.121853985,0.7342949,1.0433152,0.0,0.0,0.0,0.0,0.0,0.0,0.0,1.0,0.0,0.0,0.0,0.0,0.0,0.0,1,0.9938351,1
4.053889,-1.5847957,-1.4812882,2.5961313,-0.40960237,0.03759675,-0.04698653,0.025242949,0.0682153,0.0,0.0,0.0,1.0,0.0,0.0,0.0,0.0,0.0,0.0,0.0,0.0,0.0,0.0,0,0.7136412,1
-0.13995877,-0.26472637,0.18744181,1.8587192,5.177344,1.0109638,-0.043321453,0.21862076,-0.109075576,1.0,0.0,0.0,0.0,0.0,0.0,0.0,0.0,0.0,0.0,0.0,0.0,0.0,0.0,0,0.6284142,1
-0.2880464,1.3486917,-0.8483217,2.7765877,-0.4509065,0.6865081,9.44706,-0.7482683,-0.97336864,0.0,0.0,0.0,0.0,1.0,0.0,0.0,0.0,0.0,0.0,0.0,0.0,0.0,0.0,0,0.51057816,1
-0.28831464,1.3486917,-0.15781268,2.0970924,-0.16962475,0.6865081,1.6525015,-0.42597193,0.28982893,0.0,0.0,0.0,0.0,0.0,0.0,0.0,0.0,0.0,1.0,0.0,0.0,0.0,0.0,1,0.66692936,1
0.39272416,0.17529672,0.30252665,2.242847,5.7769313,-0.28685895,-0.035923913,0.79875416,-0.7960777,1.0,0.0,0.0,0.0,0.0,0.0,0.0,0.0,0.0,0.0,0.0,0.0,0.0,0.0,1,0.85771054,1
-0.2726104,0.61531985,-0.44552475,2.9098163,5.373538,-0.28685895,-0.0068749664,1.6367247,0.37847435,0.0,0.0,0.0,0.0,0.0,0.0,1.0,0.0,0.0,0.0,0.0,0.0,0.0,0.0,0,0.75431824,1
-0.25867128,1.495366,1.2232053,1.9022344,5.363739,-0.28685895,-0.047956113,0.992132,0.44495845,0.0,0.0,0.0,0.0,0.0,0.0,0.0,1.0,0.0,0.0,0.0,0.0,0.0,0.0,1,0.9986035,1
-0.29379556,-1.8781444,-1.5388306,1.7748791,-0.39461395,1.3354195,-0.007619001,-0.36151266,-1.2171437,0.0,0.0,0.0,0.0,0.0,1.0,0.0,0.0,0.0,0.0,0.0,0.0,0.0,0.0,0,0.5336607,1
-0.28291982,-1.5847957,-0.33043993,2.0781422,4.5184107,1.0109638,-0.018554023,0.025242949,-0.8847232,1.0,0.0,0.0,0.0,0.0,0.0,0.0,0.0,0.0,0.0,0.0,0.0,0.0,0.0,1,0.9414157,1
1.9357684,1.495366,-0.5606096,2.8037965,5.730016,-0.28685895,-0.027679933,2.410236,1.9962537,0.0,0.0,0.0,0.0,0.0,0.0,1.0,0.0,0.0,0.0,0.0,0.0,0.0,0.0,1,0.9758941,1
9.332063,1.495366,-0.5606096,2.6222582,-0.6747142,-1.260226,-0.04923058,-0.7482683,-0.68527097,0.0,0.0,0.0,0.0,0.0,0.0,0.0,0.0,0.0,0.0,1.0,0.0,0.0,0.0,0,0.5561859,1
0.529989,-1.8781444,0.1298994,2.4746351,-0.23676674,-0.61131465,-0.04668464,-0.10367559,0.6887334,0.0,0.0,0.0,1.0,0.0,0.0,0.0,0.0,0.0,0.0,0.0,0.0,0.0,0.0,0,0.5463811,1
-0.26271492,-1.73147,-1.1360338,2.9793062,4.073706,-0.28685895,-0.04225158,0.5409171,-0.28636646,1.0,0.0,0.0,0.0,0.0,0.0,0.0,0.0,0.0,0.0,0.0,0.0,0.0,0.0,0,0.9614815,1
-0.2607941,-1.2914469,-0.2153551,1.7759553,-0.31472033,1.6598753,-0.0475909,0.025242949,2.0848992,0.0,0.0,0.0,1.0,0.0,0.0,0.0,0.0,0.0,0.0,0.0,0.0,0.0,0.0,0,0.50814027,1
-0.29330873,1.495366,0.7053236,2.4271333,1.7016052,1.0109638,-0.031540573,-0.8127276,0.40063572,0.0,0.0,0.0,0.0,0.0,0.0,0.0,0.0,0.0,0.0,0.0,0.0,0.0,1.0,0,0.87229246,1
-0.29240796,1.495366,-0.9058641,2.521311,6.2098184,0.6865081,-0.032934323,0.41199857,0.046053946,0.0,0.0,0.0,0.0,0.0,0.0,0.0,1.0,0.0,0.0,0.0,0.0,0.0,0.0,1,0.9010811,1
-0.2533129,1.495366,-0.79077923,1.8620306,0.88156456,1.3354195,0.02160805,-0.4904312,0.51144254,0.0,0.0,0.0,0.0,0.0,0.0,0.0,0.0,0.0,0.0,0.0,0.0,0.0,1.0,1,0.90420735,1
-0.27462062,1.495366,0.07235698,2.3732877,-0.303701,0.03759675,1.6037328,-0.16813485,0.5336039,0.0,0.0,0.0,0.0,1.0,0.0,0.0,0.0,0.0,0.0,0.0,0.0,0.0,0.0,0,0.7155264,1
-0.29041758,1.495366,0.8204084,1.7878003,5.6995916,0.36205244,0.00070041645,2.2168581,-0.042591497,0.0,0.0,0.0,0.0,0.0,0.0,1.0,0.0,0.0,0.0,0.0,0.0,0.0,0.0,1,0.99843293,1
-0.2935273,1.495366,0.5326963,2.4539459,3.8878174,-0.28685895,-0.039633043,-0.55489045,-0.64094824,0.0,0.0,1.0,0.0,0.0,0.0,0.0,0.0,0.0,0.0,0.0,0.0,0.0,0.0,1,0.9965823,1
-0.28780463,-1.8781444,-1.3662034,2.8647738,1.8643059,1.9843309,-0.014589993,1.5078062,0.2455062,0.0,1.0,0.0,0.0,0.0,0.0,0.0,0.0,0.0,0.0,0.0,0.0,0.0,0.0,1,0.9987311,1
-0.29350746,1.495366,0.8204084,3.0124235,-0.18871152,0.36205244,0.66125137,-0.7482683,1.8854469,0.0,0.0,0.0,0.0,0.0,0.0,0.0,0.0,0.0,0.0,0.0,0.0,1.0,0.0,0,0.59000987,1
-0.28989765,-1.4381213,2.143884,2.6905377,-0.28399524,-0.61131465,-0.04773792,0.47645783,0.37847435,0.0,0.0,0.0,1.0,0.0,0.0,0.0,0.0,0.0,0.0,0.0,0.0,0.0,0.0,1,0.64032954,1
-0.2862945,-1.4381213,0.014814562,2.1592035,5.9794946,-0.28685895,-0.019359114,1.5722654,0.5557652,0.0,0.0,0.0,0.0,0.0,0.0,1.0,0.0,0.0,0.0,0.0,0.0,0.0,0.0,1,0.97918916,1
-0.2868575,-1.1447725,-0.73323685,2.0048466,4.8569274,-0.28685895,-0.04799884,0.28308,-0.44149598,1.0,0.0,0.0,0.0,0.0,0.0,0.0,0.0,0.0,0.0,0.0,0.0,0.0,0.0,0,0.8732829,1
-0.1269569,-1.5847957,-0.618152,1.8156016,-0.39330193,1.0109638,0.00016151885,-0.03921632,1.4422196,0.0,0.0,0.0,1.0,0.0,0.0,0.0,0.0,0.0,0.0,0.0,0.0,0.0,0.0,1,0.83427787,1
-0.13995877,-1.8781444,0.18744181,2.3466642,1.0048406,-0.61131465,-0.048095882,1.7011839,1.0433152,0.0,1.0,0.0,0.0,0.0,0.0,0.0,0.0,0.0,0.0,0.0,0.0,0.0,0.0,0,0.71181905,1
-0.29337168,-1.4381213,0.9930356,2.3609183,-0.3639907,-0.61131465,-0.012060537,-0.03921632,0.71089476,0.0,0.0,0.0,1.0,0.0,0.0,0.0,0.0,0.0,0.0,0.0,0.0,0.0,0.0,0,0.82454365,1
-0.20623325,1.495366,-0.2153551,2.7838013,4.270919,-0.93577033,-0.046585698,0.47645783,0.28982893,0.0,0.0,0.0,0.0,0.0,0.0,0.0,1.0,0.0,0.0,0.0,0.0,0.0,0.0,0,0.884777,1
-0.28157857,1.495366,0.30252665,2.393395,6.071551,-0.28685895,-0.018584257,2.410236,-0.17555965,0.0,0.0,0.0,0.0,0.0,0.0,1.0,0.0,0.0,0.0,0.0,0.0,0.0,0.0,1,0.99122757,1
3.8169076,1.495366,0.8204084,2.9654264,1.1445256,-0.61131465,-0.047904063,-0.4904312,2.0405765,0.0,0.0,0.0,0.0,0.0,0.0,0.0,0.0,0.0,0.0,0.0,0.0,0.0,1.0,0,0.7197084,1
-0.28086653,-1.73147,0.1298994,2.2864501,1.0875139,-0.28685895,-0.03936423,2.0234802,1.3535743,0.0,1.0,0.0,0.0,0.0,0.0,0.0,0.0,0.0,0.0,0.0,0.0,0.0,0.0,0,0.917979,1
-0.29172242,1.495366,-0.79077923,3.0327091,-0.22130913,0.6865081,0.116999835,-0.7482683,1.0433152,0.0,0.0,0.0,0.0,0.0,0.0,0.0,0.0,0.0,0.0,1.0,0.0,0.0,0.0,0,0.67619044,1
3.8896234,-1.5847957,1.7986294,2.4212856,-0.3284844,0.36205244,-0.040532153,-0.36151266,0.6222493,0.0,0.0,0.0,1.0,0.0,0.0,0.0,0.0,0.0,0.0,0.0,0.0,0.0,0.0,1,0.8972834,1
-0.2814693,1.495366,0.18744181,2.3599117,5.8704505,1.0109638,0.41605762,2.0234802,-0.020430136,0.0,0.0,0.0,0.0,0.0,0.0,1.0,0.0,0.0,0.0,0.0,0.0,0.0,0.0,1,0.99371076,1
-0.2938353,-1.8781444,-0.73323685,1.9496086,1.440793,-0.28685895,0.013145163,1.249969,0.7995402,0.0,1.0,0.0,0.0,0.0,0.0,0.0,0.0,0.0,0.0,0.0,0.0,0.0,0.0,1,0.9976216,1
-0.2883014,1.3486917,-1.1935762,2.4807875,6.338286,0.36205244,0.23117316,1.249969,-0.4858187,0.0,0.0,0.0,0.0,0.0,0.0,1.0,0.0,0.0,0.0,0.0,0.0,0.0,0.0,1,0.9775264,1
-0.23499237,-0.118052006,-1.4237459,1.9933002,6.390172,1.0109638,0.014449379,0.47645783,1.1984447,0.0,0.0,0.0,0.0,0.0,0.0,0.0,1.0,0.0,0.0,0.0,0.0,0.0,0.0,0,0.55001223,1
-0.29347765,1.3486917,1.050578,2.50769,-0.16383529,-0.61131465,0.047889896,-0.87718683,-0.41933462,0.0,0.0,0.0,0.0,0.0,0.0,0.0,0.0,0.0,1.0,0.0,0.0,0.0,0.0,0,0.53636086,1
0.017186455,-1.4381213,-0.6756944,2.1725562,-0.37866923,-0.61131465,-0.04531725,0.025242949,0.910347,0.0,0.0,0.0,1.0,0.0,0.0,0.0,0.0,0.0,0.0,0.0,0.0,0.0,0.0,0,0.61958253,1
-0.2923384,-1.4381213,0.18744181,2.7714381,-0.2523363,-0.28685895,-0.04305181,0.28308,0.09037667,0.0,0.0,0.0,1.0,0.0,0.0,0.0,0.0,0.0,0.0,0.0,0.0,0.0,0.0,0,0.5890468,1
-0.29060304,-0.9980982,-1.3662034,2.6175106,-0.34719425,0.36205244,-0.032991223,0.21862076,0.44495845,0.0,0.0,0.0,1.0,0.0,0.0,0.0,0.0,0.0,0.0,0.0,0.0,0.0,0.0,0,0.5146216,1
-0.29316303,1.3486917,0.014814562,2.9044635,-0.31947136,1.0109638,0.008246138,-0.7482683,0.40063572,0.0,0.0,0.0,0.0,0.0,0.0,0.0,0.0,0.0,0.0,0.0,0.0,1.0,0.0,0,0.56281555,1
-0.29381874,-1.4381213,-0.9058641,2.1455224,4.473534,1.0109638,-0.03377514,0.28308,-0.6631096,1.0,0.0,0.0,0.0,0.0,0.0,0.0,0.0,0.0,0.0,0.0,0.0,0.0,0.0,0,0.92273164,1
-0.2814693,1.3486917,0.18744181,2.3528948,4.419457,-0.28685895,-0.048142377,0.7342949,-1.0841755,1.0,0.0,0.0,0.0,0.0,0.0,0.0,0.0,0.0,0.0,0.0,0.0,0.0,0.0,1,0.9907582,1
-0.28391004,1.3486917,-0.10027027,2.1039577,5.084161,-0.61131465,0.032133386,0.992132,1.1762834,0.0,0.0,0.0,0.0,0.0,0.0,0.0,1.0,0.0,0.0,0.0,0.0,0.0,0.0,1,0.9264434,1
-0.2858805,-1.4381213,-0.73323685,2.9394963,-0.53526616,0.36205244,0.19434659,0.025242949,1.7524787,0.0,0.0,0.0,1.0,0.0,0.0,0.0,0.0,0.0,0.0,0.0,0.0,0.0,0.0,1,0.9037472,1
-0.17864317,-0.41140074,0.1298994,2.1813447,4.836447,-0.28685895,-0.04833339,0.79875416,-1.0176914,1.0,0.0,0.0,0.0,0.0,0.0,0.0,0.0,0.0,0.0,0.0,0.0,0.0,0.0,0,0.7040368,1
-0.2607941,-0.55807513,-0.2153551,2.4702015,5.7043333,0.03759675,-0.04057306,1.5078062,-0.64094824,0.0,0.0,0.0,0.0,0.0,0.0,1.0,0.0,0.0,0.0,0.0,0.0,0.0,0.0,1,0.942847,1
-0.28831464,1.495366,-0.15781268,2.891347,-0.2162234,2.6332424,0.017136132,-0.2970534,0.51144254,0.0,0.0,0.0,0.0,0.0,0.0,0.0,0.0,0.0,0.0,0.0,0.0,1.0,0.0,0,0.5479786,1
-0.12581103,1.495366,-0.73323685,2.7634652,-0.5221362,1.0109638,0.10120063,-0.6193497,0.1790221,0.0,0.0,0.0,0.0,0.0,0.0,0.0,0.0,0.0,0.0,0.0,0.0,1.0,0.0,0,0.6261412,1
-0.29294115,-1.8781444,1.8561718,2.9656062,-0.31332105,-0.93577033,-0.0446875,-0.16813485,2.26219,0.0,0.0,0.0,1.0,0.0,0.0,0.0,0.0,0.0,0.0,0.0,0.0,0.0,0.0,0,0.62555707,1
-0.2178442,-0.118052006,0.8779508,2.942114,5.497565,0.03759675,-0.048076954,1.4433469,-0.3750119,1.0,0.0,0.0,0.0,0.0,0.0,0.0,0.0,0.0,0.0,0.0,0.0,0.0,0.0,1,0.9489541,1
-0.2607941,-1.2914469,-0.2153551,2.6304994,-0.3088081,0.36205244,-0.03795957,0.025242949,0.6222493,0.0,0.0,0.0,1.0,0.0,0.0,0.0,0.0,0.0,0.0,0.0,0.0,0.0,0.0,0,0.62704456,1
-0.2935273,1.495366,0.5326963,2.4540381,4.872697,0.03759675,0.028776389,0.3475393,-1.1506596,1.0,0.0,0.0,0.0,0.0,0.0,0.0,0.0,0.0,0.0,0.0,0.0,0.0,0.0,1,0.99701333,1
-0.2935538,1.3486917,1.6260022,2.1913714,3.8081393,-0.61131465,-0.048940852,-0.10367559,0.48928115,0.0,0.0,0.0,0.0,0.0,0.0,0.0,1.0,0.0,0.0,0.0,0.0,0.0,0.0,1,0.9954791,1
-0.26271492,-1.73147,-1.1360338,2.2864914,3.3339095,-0.61131465,-0.019528568,0.60537636,-0.7739164,1.0,0.0,0.0,0.0,0.0,0.0,0.0,0.0,0.0,0.0,0.0,0.0,0.0,0.0,1,0.6805454,1
-0.27990285,1.3486917,-0.9058641,2.823951,5.196005,0.03759675,-0.0420709,0.5409171,-0.064752854,0.0,0.0,0.0,0.0,0.0,0.0,0.0,1.0,0.0,0.0,0.0,0.0,0.0,0.0,1,0.8716133,1
-0.28856632,1.495366,-0.10027027,1.91567,5.3208575,0.03759675,0.13444854,2.3457766,0.6222493,0.0,0.0,0.0,0.0,0.0,0.0,1.0,0.0,0.0,0.0,0.0,0.0,0.0,0.0,1,0.9869163,1
-0.2891194,0.7619942,-0.618152,2.1498854,5.1326113,1.3354195,0.124243386,0.6698356,0.5779266,0.0,0.0,0.0,0.0,0.0,0.0,0.0,1.0,0.0,0.0,0.0,0.0,0.0,0.0,1,0.69460744,1
-0.28872198,1.495366,-0.15781268,3.0460732,-0.18891242,1.3354195,0.013213306,-0.4904312,2.7275786,0.0,0.0,0.0,0.0,0.0,0.0,0.0,0.0,0.0,0.0,0.0,0.0,1.0,0.0,0,0.5327865,1
-0.28958303,-0.41140074,0.41761148,2.8608458,5.741592,0.36205244,-0.03969502,0.7342949,-0.7739164,1.0,0.0,0.0,0.0,0.0,0.0,0.0,0.0,0.0,0.0,0.0,0.0,0.0,0.0,0,0.5489593,1
-0.28736088,1.495366,0.59023875,2.9049318,-0.559215,1.0109638,1.4260696,-0.4904312,0.7995402,0.0,0.0,0.0,0.0,0.0,0.0,0.0,0.0,0.0,0.0,0.0,0.0,1.0,0.0,0,0.6942075,1
1.3411924,1.495366,-1.5388306,2.2724247,5.9888587,0.36205244,0.2110852,1.7011839,0.51144254,0.0,0.0,0.0,0.0,0.0,0.0,1.0,0.0,0.0,0.0,0.0,0.0,0.0,0.0,1,0.9809006,1
-0.28837094,-1.5847957,0.014814562,2.5895057,-0.4051192,-0.93577033,-0.04861737,-0.42597193,0.46711978,0.0,0.0,0.0,1.0,0.0,0.0,0.0,0.0,0.0,0.0,0.0,0.0,0.0,0.0,0,0.56618494,1
-0.29181182,-1.5847957,0.18744181,2.3740728,-0.27849573,0.36205244,-0.04270247,-0.36151266,-1.2836277,0.0,0.0,0.0,0.0,0.0,1.0,0.0,0.0,0.0,0.0,0.0,0.0,0.0,0.0,0,0.6479381,1
-0.22684218,1.3486917,-0.6756944,2.4335337,-0.61388683,1.0109638,-0.031578097,-0.6193497,-0.08691422,0.0,0.0,0.0,0.0,0.0,0.0,0.0,0.0,0.0,0.0,0.0,0.0,1.0,0.0,0,0.6104752,1
-0.28169116,1.495366,-0.618152,1.8485547,4.1350913,-0.28685895,-0.0348585,0.5409171,-0.8182391,1.0,0.0,0.0,0.0,0.0,0.0,0.0,0.0,0.0,0.0,0.0,0.0,0.0,0.0,1,0.97984856,1
-0.29368296,-1.2914469,1.9712567,2.8457456,-0.2352746,0.36205244,0.2374293,0.15416148,0.64441067,0.0,0.0,0.0,1.0,0.0,0.0,0.0,0.0,0.0,0.0,0.0,0.0,0.0,0.0,0,0.5708444,1
-0.22684218,1.495366,-0.6756944,2.4809213,-0.63217545,0.03759675,-0.027547095,-0.7482683,0.5557652,0.0,0.0,0.0,0.0,0.0,0.0,0.0,0.0,0.0,0.0,0.0,0.0,1.0,0.0,1,0.5363117,1
-0.29166612,1.495366,0.64778113,3.0326943,0.06604128,-0.93577033,0.18889207,-0.683809,1.8632855,0.0,0.0,0.0,0.0,0.0,0.0,0.0,0.0,0.0,1.0,0.0,0.0,0.0,0.0,0,0.5917905,1
-0.29176217,1.495366,0.07235698,2.9722097,-0.2889619,1.9843309,0.51426405,-0.4904312,0.5779266,0.0,0.0,0.0,0.0,0.0,0.0,0.0,0.0,0.0,1.0,0.0,0.0,0.0,0.0,0,0.61323696,1
-0.015626233,-1.4381213,0.1298994,2.6434348,-0.24092044,0.36205244,-0.04319905,0.6698356,0.99899244,0.0,0.0,0.0,1.0,0.0,0.0,0.0,0.0,0.0,0.0,0.0,0.0,0.0,0.0,0,0.58134156,1
-0.2533129,0.028622357,-0.79077923,2.8683655,4.46513,1.3354195,-0.048113383,0.41199857,0.5557652,0.0,0.0,0.0,0.0,0.0,0.0,0.0,1.0,0.0,0.0,0.0,0.0,0.0,0.0,0,0.5672228,1
-0.29318622,1.495366,-0.44552475,1.8754855,5.6699505,0.36205244,-0.017060678,1.6367247,0.8881856,0.0,0.0,0.0,0.0,0.0,0.0,1.0,0.0,0.0,0.0,0.0,0.0,0.0,0.0,1,0.97947466,1
-0.2852513,-1.73147,-1.1360338,2.9323153,-0.3246246,0.36205244,0.004954322,0.21862076,1.9297696,0.0,0.0,0.0,1.0,0.0,0.0,0.0,0.0,0.0,0.0,0.0,0.0,0.0,0.0,0,0.7773927,1
-0.29261658,1.495366,1.3382901,2.4068348,-0.05988998,-0.28685895,-0.0123163415,-0.7482683,-0.21988238,0.0,0.0,0.0,0.0,1.0,0.0,0.0,0.0,0.0,0.0,0.0,0.0,0.0,0.0,1,0.99397236,1
-0.2890896,-1.8781444,-0.38798234,2.7302616,-0.51563793,-0.28685895,-0.0054291063,0.15416148,0.6222493,0.0,0.0,0.0,1.0,0.0,0.0,0.0,0.0,0.0,0.0,0.0,0.0,0.0,0.0,1,0.8756626,1
-0.2930173,1.3486917,-0.15781268,2.3864286,2.4384735,0.36205244,0.77582955,0.6698356,-0.9512073,1.0,0.0,0.0,0.0,0.0,0.0,0.0,0.0,0.0,0.0,0.0,0.0,0.0,0.0,0,0.5582076,1
0.010867661,1.495366,1.7410871,2.2117374,5.3964696,-0.28685895,-0.035056476,0.41199857,0.5336039,0.0,0.0,0.0,0.0,0.0,0.0,0.0,1.0,0.0,0.0,0.0,0.0,0.0,0.0,1,0.99903834,1
-0.29307693,-1.73147,-0.5606096,2.1921842,4.23107,1.9843309,0.065209456,-0.7482683,-0.17555965,0.0,0.0,0.0,0.0,1.0,0.0,0.0,0.0,0.0,0.0,0.0,0.0,0.0,0.0,1,0.98943263,1
-0.29131177,1.495366,0.76286596,2.8038561,5.949483,-0.28685895,-0.027574107,1.249969,0.023892585,0.0,0.0,0.0,0.0,0.0,0.0,1.0,0.0,0.0,0.0,0.0,0.0,0.0,0.0,1,0.99775547,1
-0.28780463,-1.8781444,-1.3662034,2.864669,2.0825942,1.6598753,-0.016656162,1.3144283,0.71089476,0.0,1.0,0.0,0.0,0.0,0.0,0.0,0.0,0.0,0.0,0.0,0.0,0.0,0.0,1,0.99866366,1
-0.2935273,-1.8781444,0.5326963,2.0642056,-0.45458344,-0.61131465,-0.04633331,-0.2970534,1.464381,0.0,0.0,0.0,1.0,0.0,0.0,0.0,0.0,0.0,0.0,0.0,0.0,0.0,0.0,0,0.8423366,1
0.27816126,-1.5847957,-0.5030672,2.8719127,-0.33746544,1.3354195,-0.034652926,0.15416148,0.77737886,0.0,0.0,0.0,1.0,0.0,0.0,0.0,0.0,0.0,0.0,0.0,0.0,0.0,0.0,1,0.7747495,1
-0.28684092,1.495366,-0.79077923,1.9964157,-0.26645985,0.03759675,0.11031987,-0.55489045,0.99899244,0.0,0.0,0.0,0.0,0.0,0.0,0.0,0.0,0.0,0.0,0.0,0.0,1.0,0.0,1,0.51653594,1
-0.29041758,0.7619942,0.8204084,1.7864692,6.1429043,0.03759675,-0.048394617,2.410236,-0.30852783,0.0,0.0,0.0,0.0,0.0,0.0,1.0,0.0,0.0,0.0,0.0,0.0,0.0,0.0,1,0.9936574,1
-0.28330398,1.3486917,-0.2728975,2.3057914,5.66154,0.03759675,-0.024115067,2.0234802,0.2455062,0.0,0.0,0.0,0.0,0.0,0.0,1.0,0.0,0.0,0.0,0.0,0.0,0.0,0.0,1,0.9678642,1
0.41687667,0.9086686,-1.1935762,2.1031034,6.2049227,-0.28685895,-0.042481847,0.41199857,0.8881856,0.0,0.0,0.0,0.0,0.0,0.0,0.0,1.0,0.0,0.0,0.0,0.0,0.0,0.0,0,0.6226157,1
0.34996966,-1.73147,-0.9634065,2.2190583,6.462801,-0.61131465,-0.038325805,0.60537636,-0.8847232,1.0,0.0,0.0,0.0,0.0,0.0,0.0,0.0,0.0,0.0,0.0,0.0,0.0,0.0,0,0.943316,1
0.6023637,-1.8781444,0.07235698,2.454319,-0.20969538,0.36205244,0.007320333,-0.03921632,0.66657203,0.0,0.0,0.0,1.0,0.0,0.0,0.0,0.0,0.0,0.0,0.0,0.0,0.0,0.0,0,0.65983254,1
-0.29020566,-1.8781444,-0.042727854,2.232193,-0.27085787,0.6865081,-0.00563923,-0.6193497,-1.4609185,0.0,0.0,0.0,0.0,0.0,1.0,0.0,0.0,0.0,0.0,0.0,0.0,0.0,0.0,0,0.54373693,1
-0.2918615,1.495366,1.1081204,2.285967,6.008557,1.3354195,0.017472664,2.2813175,0.13469939,0.0,0.0,0.0,0.0,0.0,0.0,1.0,0.0,0.0,0.0,0.0,0.0,0.0,0.0,1,0.99889284,1
-0.29020232,1.495366,0.8779508,2.8576183,0.013236148,1.0109638,-0.03598349,-0.42597193,-0.4858187,0.0,0.0,0.0,0.0,0.0,0.0,0.0,0.0,0.0,1.0,0.0,0.0,0.0,0.0,0,0.50175834,1
-0.29371276,-1.8781444,-1.5388306,2.31984,-0.21279496,0.6865081,0.5190583,0.15416148,0.8217016,0.0,0.0,0.0,1.0,0.0,0.0,0.0,0.0,0.0,0.0,0.0,0.0,0.0,0.0,0,0.62523764,1
-0.29106006,-1.8781444,0.8779508,2.7302616,1.8181008,0.36205244,-0.02199774,1.5078062,0.2455062,0.0,1.0,0.0,0.0,0.0,0.0,0.0,0.0,0.0,0.0,0.0,0.0,0.0,0.0,1,0.9996644,1
0.47767022,-1.73147,0.07235698,2.3805008,1.7934419,0.03759675,-0.040407643,2.410236,0.5336039,0.0,1.0,0.0,0.0,0.0,0.0,0.0,0.0,0.0,0.0,0.0,0.0,0.0,0.0,1,0.9994708,1
-0.29379225,1.3486917,0.4751539,2.2988887,1.6666796,0.6865081,0.037240516,1.6367247,0.9546697,0.0,1.0,0.0,0.0,0.0,0.0,0.0,0.0,0.0,0.0,0.0,0.0,0.0,0.0,1,0.9994869,1
0.017186455,-1.1447725,-0.6756944,2.0384376,4.061205,-0.61131465,-0.04774629,0.3475393,-0.7960777,1.0,0.0,0.0,0.0,0.0,0.0,0.0,0.0,0.0,0.0,0.0,0.0,0.0,0.0,0,0.7872351,1
-0.28073075,1.0553429,-0.9634065,2.8098269,6.021786,0.6865081,-0.038248535,0.025242949,0.20118347,0.0,0.0,0.0,0.0,0.0,0.0,0.0,1.0,0.0,0.0,0.0,0.0,0.0,0.0,0,0.636896,1
0.4436421,1.3486917,0.9930356,2.0835955,-0.2748729,-0.61131465,0.39484212,-0.7482683,0.26766756,0.0,0.0,0.0,0.0,0.0,0.0,0.0,0.0,0.0,1.0,0.0,0.0,0.0,0.0,1,0.5377231,1
-0.26492053,-1.73147,-1.0209489,2.6227682,-0.5156056,-1.260226,-0.048434906,-0.23259413,0.33415163,0.0,0.0,0.0,1.0,0.0,0.0,0.0,0.0,0.0,0.0,0.0,0.0,0.0,0.0,0,0.69128793,1
-0.27470672,0.46864545,-1.0784913,2.0146587,4.3202095,0.03759675,-0.043177664,0.47645783,0.7330561,0.0,0.0,0.0,0.0,0.0,0.0,0.0,1.0,0.0,0.0,0.0,0.0,0.0,0.0,0,0.61894494,1
0.020501504,-1.5847957,1.5684597,1.9435505,-0.5628269,-0.28685895,-0.0070832823,-0.10367559,1.3092515,0.0,0.0,0.0,1.0,0.0,0.0,0.0,0.0,0.0,0.0,0.0,0.0,0.0,0.0,1,0.8200698,1
-0.29215625,1.495366,-0.8483217,2.0504718,-0.22426508,0.6865081,0.46817687,-0.6193497,0.48928115,0.0,0.0,0.0,0.0,0.0,0.0,0.0,0.0,0.0,0.0,0.0,0.0,1.0,0.0,0,0.59920865,1
-0.284122,1.495366,0.5326963,2.8510962,0.52358043,0.6865081,-0.03845598,-0.8127276,-0.1533983,0.0,0.0,0.0,0.0,0.0,0.0,0.0,0.0,1.0,0.0,0.0,0.0,0.0,0.0,0,0.6589881,1
-0.29094416,1.495366,-1.3662034,1.7745515,1.8353807,0.6865081,-0.035218827,-0.4904312,0.99899244,0.0,0.0,0.0,0.0,0.0,0.0,0.0,0.0,0.0,0.0,0.0,0.0,0.0,1.0,0,0.92946863,1
-0.2896592,1.495366,-0.618152,2.6828587,4.652218,0.03759675,-0.028627314,0.992132,-1.4387572,1.0,0.0,0.0,0.0,0.0,0.0,0.0,0.0,0.0,0.0,0.0,0.0,0.0,0.0,1,0.985843,1
0.010659022,1.3486917,0.7053236,1.9088767,-0.3018298,1.3354195,0.15364553,-0.87718683,-0.020430136,0.0,0.0,0.0,0.0,0.0,0.0,0.0,0.0,0.0,0.0,1.0,0.0,0.0,0.0,0,0.5019322,1
-0.29366973,-1.8781444,-0.2728975,2.104505,-0.3580427,0.6865081,-0.040182702,-0.55489045,1.3757355,0.0,0.0,0.0,1.0,0.0,0.0,0.0,0.0,0.0,0.0,0.0,0.0,0.0,0.0,0,0.6017874,1
0.9606837,-1.8781444,-0.2153551,2.4139545,-0.2730973,0.03759675,-0.043962784,-0.10367559,0.42279708,0.0,0.0,0.0,1.0,0.0,0.0,0.0,0.0,0.0,0.0,0.0,0.0,0.0,0.0,0,0.6954946,1
0.47767022,1.3486917,0.07235698,2.3930776,6.3291807,0.36205244,-0.046188537,1.249969,-0.17555965,0.0,0.0,0.0,0.0,0.0,0.0,1.0,0.0,0.0,0.0,0.0,0.0,0.0,0.0,1,0.9665231,1
-0.29350746,-1.2914469,0.8204084,2.3814542,-0.27485612,0.03759675,-0.04494965,0.41199857,0.8660243,0.0,0.0,0.0,1.0,0.0,0.0,0.0,0.0,0.0,0.0,0.0,0.0,0.0,0.0,0,0.629031,1
-0.2924212,-1.8781444,1.9137143,2.7504604,-0.686295,-0.28685895,-0.045640755,-0.42597193,1.1762834,0.0,0.0,0.0,1.0,0.0,0.0,0.0,0.0,0.0,0.0,0.0,0.0,0.0,0.0,0,0.7072934,1
-0.27479613,1.495366,-0.44552475,2.2454376,-0.19349882,0.36205244,0.08437432,-0.683809,0.15686075,0.0,0.0,0.0,0.0,0.0,0.0,0.0,0.0,0.0,0.0,1.0,0.0,0.0,0.0,0,0.6105193,1
0.09000161,1.495366,-1.1360338,2.3866813,4.7632246,0.6865081,1.6144242,0.3475393,-0.9290459,1.0,0.0,0.0,0.0,0.0,0.0,0.0,0.0,0.0,0.0,0.0,0.0,0.0,0.0,1,0.9890337,1
-0.28860277,-0.9980982,-0.73323685,1.8102031,6.471545,0.03759675,-0.042651076,2.0879395,0.13469939,0.0,0.0,0.0,0.0,0.0,0.0,1.0,0.0,0.0,0.0,0.0,0.0,0.0,0.0,1,0.99318284,1
-0.29393467,-1.1447725,-1.0209489,1.8570276,-0.38003844,1.3354195,-0.033237193,0.15416148,0.84386295,0.0,0.0,0.0,1.0,0.0,0.0,0.0,0.0,0.0,0.0,0.0,0.0,0.0,0.0,0,0.60382223,1
-0.2923384,1.3486917,0.18744181,2.117351,4.94863,0.36205244,5.3243362e-05,0.47645783,1.0211538,0.0,0.0,0.0,0.0,0.0,0.0,0.0,1.0,0.0,0.0,0.0,0.0,0.0,0.0,1,0.9498286,1
-0.22988898,0.9086686,-1.1360338,2.3588445,5.0760126,0.03759675,-0.048755214,0.6698356,0.60008794,0.0,0.0,0.0,0.0,0.0,0.0,0.0,1.0,0.0,0.0,0.0,0.0,0.0,0.0,0,0.737693,1
-0.28652298,1.3486917,0.24498422,2.0769548,7.0361767,0.6865081,-0.043944333,2.410236,0.44495845,0.0,0.0,0.0,0.0,0.0,0.0,1.0,0.0,0.0,0.0,0.0,0.0,0.0,0.0,1,0.97665805,1
-0.26857007,1.3486917,0.8204084,1.7808192,4.537613,0.6865081,0.8077691,0.992132,-0.3306892,1.0,0.0,0.0,0.0,0.0,0.0,0.0,0.0,0.0,0.0,0.0,0.0,0.0,0.0,1,0.9987404,1
-0.29114288,1.3486917,0.30252665,2.4941359,4.6432824,0.6865081,-0.033226635,0.21862076,-0.2642051,0.0,0.0,0.0,0.0,0.0,0.0,0.0,1.0,0.0,0.0,0.0,0.0,0.0,0.0,1,0.9717951,1
-0.2846585,1.495366,-1.4812882,2.4068542,0.7701675,0.03759675,-0.03349719,-0.683809,0.93250835,0.0,0.0,0.0,0.0,0.0,0.0,0.0,0.0,0.0,0.0,0.0,0.0,0.0,1.0,0,0.58141285,1
-0.17702372,0.3219711,-0.8483217,2.9766817,5.528824,0.03759675,-0.04079483,1.4433469,0.51144254,0.0,0.0,0.0,0.0,0.0,0.0,1.0,0.0,0.0,0.0,0.0,0.0,0.0,0.0,0,0.77233326,1
-0.15379852,-0.118052006,-1.0784913,2.9083707,6.3822727,0.03759675,-0.0208692,2.2168581,0.09037667,0.0,0.0,0.0,0.0,0.0,0.0,1.0,0.0,0.0,0.0,0.0,0.0,0.0,0.0,0,0.8910656,1
-0.28823185,1.3486917,0.4751539,2.7833474,-0.3936726,0.6865081,0.0068664053,-0.683809,0.046053946,0.0,0.0,0.0,0.0,0.0,0.0,0.0,0.0,0.0,0.0,0.0,0.0,1.0,0.0,0,0.54856545,1
-0.2932624,-1.8781444,-1.5963731,2.9590628,-0.2693784,-0.61131465,-0.04210858,0.15416148,2.8605468,0.0,0.0,0.0,1.0,0.0,0.0,0.0,0.0,0.0,0.0,0.0,0.0,0.0,0.0,0,0.5135284,1
1.5112202,-1.8781444,-0.79077923,2.2054274,-0.22966239,0.6865081,-0.040091053,0.21862076,1.1762834,0.0,0.0,0.0,1.0,0.0,0.0,0.0,0.0,0.0,0.0,0.0,0.0,0.0,0.0,0,0.56640077,1
-0.2905567,1.495366,0.1298994,2.19153,-0.4217913,0.36205244,0.2268438,-0.4904312,0.0682153,0.0,0.0,0.0,0.0,1.0,0.0,0.0,0.0,0.0,0.0,0.0,0.0,0.0,0.0,0,0.64633006,1
-0.28280392,1.3486917,1.3382901,2.6220891,5.916247,-0.93577033,-0.047105856,1.0565913,-0.5301414,0.0,0.0,0.0,0.0,0.0,0.0,1.0,0.0,0.0,0.0,0.0,0.0,0.0,0.0,1,0.99857974,1
-0.29114288,1.3486917,0.30252665,2.487536,1.7241018,0.36205244,0.026555508,1.8301024,0.6222493,0.0,1.0,0.0,0.0,0.0,0.0,0.0,0.0,0.0,0.0,0.0,0.0,0.0,0.0,1,0.99934167,1
-0.294087,-0.55807513,0.24498422,2.867305,3.965534,2.3087866,-0.03177862,0.8632134,-1.1284982,1.0,0.0,0.0,0.0,0.0,0.0,0.0,0.0,0.0,0.0,0.0,0.0,0.0,0.0,0,0.58908427,1
-0.29348096,-1.4381213,0.36006907,1.7688152,-0.5220688,-0.28685895,-0.04500704,-0.42597193,0.8217016,0.0,0.0,0.0,1.0,0.0,0.0,0.0,0.0,0.0,0.0,0.0,0.0,0.0,0.0,0,0.71751684,1
-0.28724495,-1.8781444,0.59023875,2.7975883,-0.2530218,-0.61131465,-0.04860431,-0.16813485,0.48928115,0.0,0.0,0.0,1.0,0.0,0.0,0.0,0.0,0.0,0.0,0.0,0.0,0.0,0.0,0,0.55652016,1
-0.22988898,1.2020173,-1.1360338,1.7604274,4.0656133,0.36205244,-0.04765572,0.08970222,0.9546697,0.0,0.0,0.0,0.0,0.0,0.0,0.0,1.0,0.0,0.0,0.0,0.0,0.0,0.0,0,0.7268081,1
-0.057920426,1.495366,-1.1935762,1.7610466,5.390685,0.03759675,0.03169251,1.4433469,0.40063572,0.0,0.0,0.0,0.0,0.0,0.0,1.0,0.0,0.0,0.0,0.0,0.0,0.0,0.0,1,0.9812889,1
-0.27462062,1.3486917,0.07235698,1.8617228,0.5536528,0.6865081,-0.044324525,-0.7482683,0.0682153,0.0,0.0,0.0,0.0,0.0,0.0,0.0,0.0,1.0,0.0,0.0,0.0,0.0,0.0,0,0.67012054,1
-0.24307632,-1.2914469,2.143884,2.6169522,-0.33854568,0.03759675,-0.048564926,0.60537636,0.22334483,0.0,0.0,0.0,1.0,0.0,0.0,0.0,0.0,0.0,0.0,0.0,0.0,0.0,0.0,0,0.7129711,1
0.013778678,-1.5847957,0.30252665,2.8990066,-0.4145792,-0.28685895,-0.045617178,-0.16813485,1.4200583,0.0,0.0,0.0,1.0,0.0,0.0,0.0,0.0,0.0,0.0,0.0,0.0,0.0,0.0,0,0.8288347,1
-0.29347765,-1.73147,1.050578,2.091217,-0.48910475,-0.61131465,-0.0463764,0.21862076,1.1319606,0.0,0.0,0.0,1.0,0.0,0.0,0.0,0.0,0.0,0.0,0.0,0.0,0.0,0.0,0,0.8414047,1
-0.29258016,-1.8781444,0.76286596,2.4677742,1.3985624,-0.28685895,-0.013012496,1.4433469,-0.042591497,0.0,1.0,0.0,0.0,0.0,0.0,0.0,0.0,0.0,0.0,0.0,0.0,0.0,0.0,1,0.99950767,1
-0.2930438,1.495366,-0.8483217,2.978886,0.30358392,-0.28685895,-0.025219044,-0.6193497,0.84386295,0.0,0.0,0.0,0.0,0.0,0.0,0.0,0.0,1.0,0.0,0.0,0.0,0.0,0.0,0,0.66289496,1
9.332063,1.495366,-0.618152,2.2319176,-0.37674293,1.0109638,0.17142645,-0.87718683,-0.08691422,0.0,0.0,0.0,0.0,0.0,0.0,0.0,0.0,0.0,0.0,1.0,0.0,0.0,0.0,0,0.6552604,1
-0.2924212,-1.4381213,1.9137143,1.8159587,1.5956953,0.36205244,0.03012081,1.5078062,0.7995402,0.0,1.0,0.0,0.0,0.0,0.0,0.0,0.0,0.0,0.0,0.0,0.0,0.0,0.0,1,0.9998673,1
-0.28524467,1.3486917,0.30252665,2.4673438,0.03492922,0.03759675,0.03826764,-0.683809,-0.75175506,0.0,0.0,0.0,0.0,1.0,0.0,0.0,0.0,0.0,0.0,0.0,0.0,0.0,0.0,1,0.9002312,1
-0.23770799,-1.8781444,2.2014263,2.5551596,1.5435107,-0.61131465,-0.046489984,1.7011839,0.7330561,0.0,1.0,0.0,0.0,0.0,0.0,0.0,0.0,0.0,0.0,0.0,0.0,0.0,0.0,1,0.9997975,1
-0.28876173,1.495366,1.1656629,2.332788,1.5314796,1.3354195,-0.032053597,1.5722654,0.7995402,0.0,1.0,0.0,0.0,0.0,0.0,0.0,0.0,0.0,0.0,0.0,0.0,0.0,0.0,1,0.99934524,1
0.32228354,-1.8781444,-0.5606096,2.9320915,7.316125,3.6066093,-0.01228759,0.28308,-0.042591497,1.0,0.0,0.0,0.0,0.0,0.0,0.0,0.0,0.0,0.0,0.0,0.0,0.0,0.0,0,0.8032284,1
-0.28713897,1.495366,0.014814562,2.7704031,-0.26755175,-0.28685895,0.19673216,-0.55489045,-0.7739164,0.0,0.0,0.0,0.0,1.0,0.0,0.0,0.0,0.0,0.0,0.0,0.0,0.0,0.0,0,0.6020085,1
0.4485137,1.495366,-0.6756944,3.019317,-0.26392815,1.0109638,0.01808773,-0.42597193,0.84386295,0.0,0.0,0.0,0.0,0.0,0.0,0.0,0.0,0.0,0.0,1.0,0.0,0.0,0.0,0,0.62388223,1
-0.17864317,1.3486917,0.1298994,2.9785821,-0.30614898,1.6598753,0.028455546,-0.7482683,1.8411242,0.0,0.0,0.0,0.0,0.0,0.0,0.0,0.0,0.0,0.0,0.0,0.0,1.0,0.0,0,0.5191664,1
-0.2896592,1.3486917,-0.618152,2.6757262,4.5509405,-0.61131465,-0.047298063,2.0234802,-0.3306892,0.0,0.0,0.0,0.0,0.0,0.0,1.0,0.0,0.0,0.0,0.0,0.0,0.0,0.0,1,0.78183913,1
-0.2890962,-1.8781444,-0.73323685,2.9387395,-0.37837178,-1.260226,-0.048677225,0.025242949,2.2400286,0.0,0.0,0.0,1.0,0.0,0.0,0.0,0.0,0.0,0.0,0.0,0.0,0.0,0.0,0,0.7238363,1
-0.27285546,-1.2914469,0.36006907,2.8523061,1.4803554,-0.61131465,0.018638965,2.0234802,0.99899244,0.0,1.0,0.0,0.0,0.0,0.0,0.0,0.0,0.0,0.0,0.0,0.0,0.0,0.0,1,0.9995024,1
-0.28763905,-1.5847957,-0.6756944,2.2126744,5.1757145,0.03759675,-0.034338273,0.60537636,0.71089476,0.0,0.0,0.0,0.0,0.0,0.0,0.0,1.0,0.0,0.0,0.0,0.0,0.0,0.0,1,0.9973023,1
-0.28856966,1.3486917,-1.3662034,2.6084106,6.0043955,1.3354195,-0.03222172,2.0234802,-0.3306892,0.0,0.0,0.0,0.0,0.0,0.0,1.0,0.0,0.0,0.0,0.0,0.0,0.0,0.0,1,0.97353506,1
-0.2906163,1.0553429,-1.4237459,2.6080084,3.85151,-0.93577033,-0.04827977,0.992132,-1.239305,1.0,0.0,0.0,0.0,0.0,0.0,0.0,0.0,0.0,0.0,0.0,0.0,0.0,0.0,1,0.8502746,1
-0.27688915,-1.73147,-1.1360338,2.48159,0.9776967,-0.93577033,-0.045866154,2.0234802,0.7330561,0.0,1.0,0.0,0.0,0.0,0.0,0.0,0.0,0.0,0.0,0.0,0.0,0.0,0.0,0,0.51453435,1
-0.29303387,1.495366,2.3740537,2.8780239,0.58614945,-0.93577033,-0.04661301,-0.683809,-0.3750119,0.0,0.0,0.0,0.0,0.0,0.0,0.0,0.0,1.0,0.0,0.0,0.0,0.0,0.0,0,0.65566087,1
-0.26241356,1.0553429,0.30252665,2.8232765,4.78516,1.3354195,-0.047693312,0.025242949,-0.9512073,1.0,0.0,0.0,0.0,0.0,0.0,0.0,0.0,0.0,0.0,0.0,0.0,0.0,0.0,1,0.97995937,1
-0.29212976,-1.4381213,0.36006907,2.3745313,-0.26375288,-0.61131465,-0.046163686,-0.03921632,0.2455062,0.0,0.0,0.0,1.0,0.0,0.0,0.0,0.0,0.0,0.0,0.0,0.0,0.0,0.0,0,0.55951315,1
-0.22417292,1.495366,-0.618152,2.3260765,-0.49742767,1.0109638,0.042231042,-0.8127276,-0.5301414,0.0,0.0,0.0,0.0,0.0,0.0,0.0,0.0,0.0,0.0,1.0,0.0,0.0,0.0,0,0.5069541,1
-0.27800852,1.3486917,0.41761148,1.9558098,5.719995,-0.61131465,0.5576801,0.28308,1.154122,0.0,0.0,0.0,0.0,0.0,0.0,0.0,1.0,0.0,0.0,0.0,0.0,0.0,0.0,1,0.9814338,1
-0.29068252,1.3486917,-0.15781268,2.8641691,3.4424722,-1.260226,-0.04958126,-0.2970534,0.356313,0.0,0.0,1.0,0.0,0.0,0.0,0.0,0.0,0.0,0.0,0.0,0.0,0.0,0.0,1,0.9489253,1
1.698585,-1.8781444,0.18744181,2.9724832,1.4683281,0.03759675,-0.011690029,2.2813175,2.683256,0.0,1.0,0.0,0.0,0.0,0.0,0.0,0.0,0.0,0.0,0.0,0.0,0.0,0.0,1,0.99907744,1
-0.28803647,-1.73147,0.59023875,2.9254658,-0.25928494,-0.28685895,-0.036325842,0.28308,1.8189628,0.0,0.0,0.0,1.0,0.0,0.0,0.0,0.0,0.0,0.0,0.0,0.0,0.0,0.0,0,0.6082854,1
-0.29312328,1.3486917,-1.6539155,2.447055,0.041982967,0.6865081,0.09786538,-0.683809,-1.3279504,0.0,0.0,0.0,0.0,0.0,0.0,0.0,0.0,0.0,0.0,0.0,1.0,0.0,0.0,1,0.60551375,1
-0.29253048,1.495366,1.9137143,2.9518104,-0.32424507,0.6865081,2.1532016,-0.87718683,0.40063572,0.0,0.0,0.0,0.0,0.0,0.0,0.0,0.0,0.0,0.0,1.0,0.0,0.0,0.0,0,0.7058622,1
-0.25690612,-1.4381213,-0.2153551,2.7847867,1.5994785,-0.61131465,-0.047604375,1.5078062,-0.21988238,0.0,1.0,0.0,0.0,0.0,0.0,0.0,0.0,0.0,0.0,0.0,0.0,0.0,0.0,1,0.99854577,1
-0.29336172,1.3486917,-0.79077923,1.9423649,-0.64030707,0.03759675,0.46733758,-0.683809,0.0682153,0.0,0.0,0.0,0.0,1.0,0.0,0.0,0.0,0.0,0.0,0.0,0.0,0.0,0.0,0,0.61918586,1
-0.2924212,1.495366,1.9137143,1.8215119,5.7723637,1.0109638,-0.03211629,2.2813175,0.71089476,0.0,0.0,0.0,0.0,0.0,0.0,1.0,0.0,0.0,0.0,0.0,0.0,0.0,0.0,1,0.99915695,1
-0.2852513,-0.85142386,-1.1360338,2.214133,4.574153,0.36205244,-0.048518755,0.79875416,-0.84040046,1.0,0.0,0.0,0.0,0.0,0.0,0.0,0.0,0.0,0.0,0.0,0.0,0.0,0.0,0,0.91241264,1
-0.26492053,-0.85142386,-1.0209489,2.7993796,0.9718522,0.03759675,0.019288603,1.3144283,0.48928115,0.0,1.0,0.0,0.0,0.0,0.0,0.0,0.0,0.0,0.0,0.0,0.0,0.0,0.0,0,0.6303198,1
-0.2846585,0.46864545,-1.4812882,2.6404815,3.8012094,0.36205244,-0.0033759687,0.21862076,-1.239305,1.0,0.0,0.0,0.0,0.0,0.0,0.0,0.0,0.0,0.0,0.0,0.0,0.0,0.0,0,0.79490584,1
-0.27389535,1.495366,-0.15781268,2.4741814,0.29960877,0.6865081,-0.041426927,-0.7482683,-0.28636646,0.0,0.0,0.0,0.0,0.0,0.0,0.0,0.0,1.0,0.0,0.0,0.0,0.0,0.0,0,0.6530909,1
-0.27193147,1.3486917,1.6260022,2.144304,0.27940887,-0.28685895,0.08487088,-0.4904312,-0.064752854,0.0,0.0,0.0,0.0,0.0,0.0,0.0,0.0,1.0,0.0,0.0,0.0,0.0,0.0,0,0.71740806,1
0.11969464,1.495366,-0.38798234,2.0302703,0.8200235,0.6865081,0.7647953,-0.55489045,1.154122,0.0,0.0,0.0,0.0,0.0,0.0,0.0,0.0,0.0,0.0,0.0,0.0,0.0,1.0,0,0.8051916,1
-0.28817886,-1.8781444,-0.10027027,2.7100348,-0.45709604,-0.61131465,-0.023113696,-0.16813485,1.0433152,0.0,0.0,0.0,1.0,0.0,0.0,0.0,0.0,0.0,0.0,0.0,0.0,0.0,0.0,0,0.83932805,1
-0.29327232,1.3486917,0.64778113,1.9626676,-0.22988294,1.3354195,0.554065,-0.55489045,0.09037667,0.0,0.0,0.0,0.0,0.0,0.0,0.0,0.0,0.0,1.0,0.0,0.0,0.0,0.0,0,0.6973669,1
-0.2938353,1.495366,0.4751539,2.541575,1.4149574,1.0109638,0.086101934,1.1855098,0.023892585,0.0,1.0,0.0,0.0,0.0,0.0,0.0,0.0,0.0,0.0,0.0,0.0,0.0,0.0,1,0.9988703,1
-0.21558559,1.495366,-0.5030672,2.4675412,-0.32363895,1.0109638,0.12279992,-0.8127276,-0.7074323,0.0,0.0,0.0,0.0,0.0,0.0,0.0,0.0,0.0,0.0,1.0,0.0,0.0,0.0,0,0.5482922,1
-0.28157857,1.3486917,0.30252665,2.3999922,6.688313,0.6865081,0.089677,0.21862076,-0.020430136,0.0,0.0,0.0,0.0,0.0,0.0,0.0,1.0,0.0,0.0,0.0,0.0,0.0,0.0,1,0.8145475,1
-0.28597987,-0.85142386,0.41761148,2.1669264,1.755527,1.0109638,-0.039412454,2.9903693,3.7248397,0.0,1.0,0.0,0.0,0.0,0.0,0.0,0.0,0.0,0.0,0.0,0.0,0.0,0.0,1,0.99830127,1
0.47767022,1.3486917,0.07235698,2.3865163,5.941171,-0.28685895,-0.049039554,2.410236,-0.08691422,0.0,0.0,0.0,0.0,0.0,0.0,1.0,0.0,0.0,0.0,0.0,0.0,0.0,0.0,1,0.9751821,1
-0.22988898,0.7619942,-1.1360338,2.5467496,4.733193,-0.61131465,-0.034585483,0.992132,-1.1506596,1.0,0.0,0.0,0.0,0.0,0.0,0.0,0.0,0.0,0.0,0.0,0.0,0.0,0.0,0,0.91588587,1
-0.2846585,-1.73147,-1.4812882,2.2728486,-0.35086575,0.03759675,0.04035365,0.21862076,0.910347,0.0,0.0,0.0,1.0,0.0,0.0,0.0,0.0,0.0,0.0,0.0,0.0,0.0,0.0,0,0.8410122,1
-0.2924013,-1.8781444,0.9930356,1.7815084,-0.34337386,-0.93577033,-0.04745625,-0.42597193,1.0433152,0.0,0.0,0.0,1.0,0.0,0.0,0.0,0.0,0.0,0.0,0.0,0.0,0.0,0.0,0,0.8076576,1
-0.29390818,1.495366,-0.9058641,1.7880474,-0.21151973,1.0109638,0.22531864,-0.87718683,-0.2642051,0.0,0.0,0.0,0.0,0.0,0.0,0.0,0.0,0.0,0.0,1.0,0.0,0.0,0.0,0,0.5644729,1
-0.28998706,-1.8781444,0.07235698,1.8219111,-0.33822754,-0.28685895,-0.037042156,-0.8127276,-0.7960777,0.0,0.0,0.0,0.0,0.0,1.0,0.0,0.0,0.0,0.0,0.0,0.0,0.0,0.0,0,0.5389685,1
-0.22897163,1.495366,-0.618152,2.5952346,-0.14514986,1.3354195,0.14949453,-0.55489045,0.20118347,0.0,0.0,0.0,0.0,0.0,0.0,0.0,0.0,0.0,0.0,0.0,0.0,1.0,0.0,0,0.5327695,1
-0.29039112,-1.5847957,1.2807478,2.8989377,1.7630913,2.957698,-0.042939913,2.0879395,1.6859946,0.0,1.0,0.0,0.0,0.0,0.0,0.0,0.0,0.0,0.0,0.0,0.0,0.0,0.0,1,0.99944395,1
-0.2719646,1.3486917,-1.4237459,2.2922025,5.1965694,-1.260226,-0.04823151,1.4433469,0.20118347,0.0,0.0,0.0,0.0,0.0,0.0,1.0,0.0,0.0,0.0,0.0,0.0,0.0,0.0,0,0.9457347,1
-0.29254374,-1.5847957,0.9930356,2.5220535,-0.2696203,-0.61131465,-0.047687836,-0.87718683,-1.5052413,0.0,0.0,0.0,0.0,0.0,1.0,0.0,0.0,0.0,0.0,0.0,0.0,0.0,0.0,0,0.7293606,1
0.020501504,1.3486917,1.5684597,1.9490191,5.9191885,-0.28685895,-0.04793563,1.5078062,0.64441067,0.0,0.0,0.0,0.0,0.0,0.0,1.0,0.0,0.0,0.0,0.0,0.0,0.0,0.0,1,0.9990644,1
1.0625097,1.495366,-0.6756944,2.0972996,1.2974635,-0.93577033,-0.045734096,-0.8127276,1.2427675,0.0,0.0,0.0,0.0,0.0,0.0,0.0,0.0,0.0,0.0,0.0,0.0,0.0,1.0,0,0.6283753,1
-0.28598318,1.495366,0.30252665,3.0327578,-0.29952994,-0.93577033,0.33047646,-0.7482683,1.1319606,0.0,0.0,0.0,0.0,0.0,0.0,0.0,0.0,0.0,0.0,1.0,0.0,0.0,0.0,0,0.5694587,1
-0.28760925,1.495366,0.18744181,2.077186,-0.355021,-0.28685895,0.289146,-0.683809,-1.239305,0.0,0.0,0.0,0.0,0.0,0.0,0.0,0.0,0.0,0.0,0.0,1.0,0.0,0.0,0,0.6712822,1
-0.2804062,1.3486917,0.64778113,2.6891897,5.814679,0.36205244,-0.040965002,1.7656432,-0.75175506,0.0,0.0,0.0,0.0,0.0,0.0,1.0,0.0,0.0,0.0,0.0,0.0,0.0,0.0,1,0.9970778,1
-0.2858805,0.7619942,-0.73323685,2.8898726,5.250607,1.0109638,0.057219855,0.41199857,0.26766756,0.0,0.0,0.0,0.0,0.0,0.0,0.0,1.0,0.0,0.0,0.0,0.0,0.0,0.0,0,0.7022717,1
-0.28932473,-1.5847957,2.2014263,2.266506,1.4690741,0.36205244,-0.024309898,2.2813175,0.7552175,0.0,1.0,0.0,0.0,0.0,0.0,0.0,0.0,0.0,0.0,0.0,0.0,0.0,0.0,1,0.9998306,1
0.011490268,-1.8781444,0.24498422,2.6426668,1.5044569,-0.93577033,-0.04775182,1.5722654,0.26766756,0.0,1.0,0.0,0.0,0.0,0.0,0.0,0.0,0.0,0.0,0.0,0.0,0.0,0.0,1,0.99883395,1
-0.28579772,1.495366,0.18744181,2.2050655,-0.5131799,0.03759675,0.108446985,-0.36151266,-0.19772102,0.0,0.0,0.0,0.0,0.0,0.0,0.0,0.0,0.0,0.0,1.0,0.0,0.0,0.0,0,0.5701346,1
-0.28845042,-1.8781444,-0.042727854,2.8444655,-0.29255885,1.3354195,-0.047169812,0.08970222,0.46711978,0.0,0.0,0.0,1.0,0.0,0.0,0.0,0.0,0.0,0.0,0.0,0.0,0.0,0.0,0,0.66958606,1
-0.261069,-1.4381213,0.64778113,2.3811116,-0.24965249,0.6865081,-0.039094865,-0.7482683,-1.4387572,0.0,0.0,0.0,0.0,0.0,1.0,0.0,0.0,0.0,0.0,0.0,0.0,0.0,0.0,0,0.8084896,1
0.607073,-0.9980982,0.5326963,1.8034847,1.1539943,-0.93577033,-0.04720629,2.3457766,0.9546697,0.0,1.0,0.0,0.0,0.0,0.0,0.0,0.0,0.0,0.0,0.0,0.0,0.0,0.0,1,0.93793064,1
-0.28917238,0.7619942,-1.1360338,2.701545,4.7466745,0.03759675,0.8443535,0.41199857,0.0682153,0.0,0.0,0.0,0.0,0.0,0.0,0.0,1.0,0.0,0.0,0.0,0.0,0.0,0.0,1,0.67745245,1
-0.22684218,1.495366,-0.6756944,2.481038,2.8928716,0.03759675,-0.0163268,-0.8127276,-0.4858187,0.0,0.0,1.0,0.0,0.0,0.0,0.0,0.0,0.0,0.0,0.0,0.0,0.0,0.0,1,0.9643913,1
-0.27273956,0.46864545,-0.33043993,1.8601106,4.9134617,1.9843309,-0.027554166,0.60537636,0.60008794,0.0,0.0,0.0,0.0,0.0,0.0,0.0,1.0,0.0,0.0,0.0,0.0,0.0,0.0,0,0.54092646,1
-0.28391004,1.495366,-0.10027027,2.1108403,4.853628,0.03759675,0.005772367,0.41199857,0.71089476,0.0,0.0,0.0,0.0,0.0,0.0,0.0,1.0,0.0,0.0,0.0,0.0,0.0,0.0,1,0.9515497,1
-0.27276936,-1.5847957,0.8204084,1.99058,-0.33278784,0.03759675,-0.014712364,-0.10367559,1.2427675,0.0,0.0,0.0,1.0,0.0,0.0,0.0,0.0,0.0,0.0,0.0,0.0,0.0,0.0,0,0.8638005,1
-0.28327087,1.3486917,0.24498422,2.1037726,5.718792,-0.93577033,-0.04410046,2.8614507,0.71089476,0.0,0.0,0.0,0.0,0.0,0.0,1.0,0.0,0.0,0.0,0.0,0.0,0.0,0.0,1,0.97838,1
-0.2928153,1.495366,-0.2728975,2.474337,4.606765,0.03759675,0.021630831,2.0879395,0.13469939,0.0,0.0,0.0,0.0,0.0,0.0,1.0,0.0,0.0,0.0,0.0,0.0,0.0,0.0,1,0.9424862,1
-0.29379225,1.3486917,0.4751539,2.2921555,5.5928025,0.36205244,-0.012511542,2.0879395,0.48928115,0.0,0.0,0.0,0.0,0.0,0.0,1.0,0.0,0.0,0.0,0.0,0.0,0.0,0.0,1,0.9958896,1
-0.28884453,1.495366,0.41761148,1.9830338,0.010967473,0.36205244,0.08326172,-0.683809,-0.064752854,0.0,0.0,0.0,0.0,1.0,0.0,0.0,0.0,0.0,0.0,0.0,0.0,0.0,0.0,1,0.97383386,1
-0.28806627,1.3486917,-0.10027027,2.2384973,-0.16416244,1.0109638,0.16333339,-0.6193497,-0.3306892,0.0,0.0,0.0,0.0,0.0,0.0,0.0,0.0,0.0,0.0,1.0,0.0,0.0,0.0,0,0.64522296,1
-0.28856632,-1.73147,-0.10027027,1.9097148,-0.47754708,-0.28685895,-0.0326598,0.08970222,1.7524787,0.0,0.0,0.0,1.0,0.0,0.0,0.0,0.0,0.0,0.0,0.0,0.0,0.0,0.0,1,0.8552149,1
-0.22717999,1.495366,0.24498422,2.6491976,6.5709186,-0.28685895,0.052803133,2.5391545,1.4200583,0.0,0.0,0.0,0.0,0.0,0.0,1.0,0.0,0.0,0.0,0.0,0.0,0.0,0.0,1,0.98876977,1
-0.2896592,-1.1447725,-0.618152,2.6777346,1.4009798,1.3354195,-0.001900487,1.4433469,0.37847435,0.0,1.0,0.0,0.0,0.0,0.0,0.0,0.0,0.0,0.0,0.0,0.0,0.0,0.0,1,0.9973109,1
-0.2852513,-1.2914469,-1.1360338,3.0541465,0.8980126,0.03759675,-0.034544397,2.0234802,3.370258,0.0,1.0,0.0,0.0,0.0,0.0,0.0,0.0,0.0,0.0,0.0,0.0,0.0,0.0,0,0.5337384,1
-0.2704677,1.3486917,-0.2153551,2.9180815,3.2000651,0.6865081,-0.04093012,-0.7482683,0.42279708,0.0,0.0,1.0,0.0,0.0,0.0,0.0,0.0,0.0,0.0,0.0,0.0,0.0,0.0,0,0.94095474,1
0.02688322,-1.4381213,0.4751539,2.4686217,1.4385176,1.9843309,-0.040821932,1.5078062,0.2455062,0.0,1.0,0.0,0.0,0.0,0.0,0.0,0.0,0.0,0.0,0.0,0.0,0.0,0.0,1,0.999668,1
-0.29303387,1.495366,-0.2728975,2.481081,-0.27751476,-0.28685895,0.45270526,-0.8127276,-0.7739164,0.0,0.0,0.0,0.0,0.0,0.0,0.0,0.0,0.0,0.0,1.0,0.0,0.0,0.0,0,0.5670432,1
-0.29110974,0.61531985,0.07235698,2.2975326,4.3913703,-1.260226,-0.048881203,0.79875416,-0.90688455,1.0,0.0,0.0,0.0,0.0,0.0,0.0,0.0,0.0,0.0,0.0,0.0,0.0,0.0,0,0.91020185,1
-0.293577,-1.73147,-0.042727854,2.3134224,-0.3232925,0.36205244,0.31986552,-0.8127276,-1.1506596,0.0,0.0,0.0,0.0,0.0,1.0,0.0,0.0,0.0,0.0,0.0,0.0,0.0,0.0,0,0.57303023,1
-0.28075394,1.495366,0.8204084,2.5483165,5.9169726,0.36205244,-0.00681763,1.249969,-0.5523028,0.0,0.0,0.0,0.0,0.0,0.0,1.0,0.0,0.0,0.0,0.0,0.0,0.0,0.0,1,0.9982108,1
-0.28258866,-1.73147,-0.8483217,1.943139,1.5468127,-0.28685895,-0.044202924,2.1523988,0.6887334,0.0,1.0,0.0,0.0,0.0,0.0,0.0,0.0,0.0,0.0,0.0,0.0,0.0,0.0,1,0.99752814,1
-0.28073075,0.028622357,-0.9634065,2.92901,5.2543726,2.6332424,-0.045078248,2.0879395,0.112538025,0.0,0.0,0.0,0.0,0.0,0.0,1.0,0.0,0.0,0.0,0.0,0.0,0.0,0.0,0,0.7058913,1
-0.27592543,1.495366,0.014814562,1.8079873,-0.26624167,0.6865081,0.02025395,-0.683809,0.356313,0.0,0.0,0.0,0.0,0.0,0.0,0.0,0.0,0.0,1.0,0.0,0.0,0.0,0.0,0,0.5354885,1
1.981914,0.7619942,0.014814562,2.6344147,6.4534745,-0.61131465,-0.046317633,1.6367247,0.13469939,0.0,0.0,0.0,0.0,0.0,0.0,1.0,0.0,0.0,0.0,0.0,0.0,0.0,0.0,0,0.8223339,1
-0.2704677,-1.8781444,-0.2153551,2.8445196,3.544317,1.9843309,-0.045933038,-0.7482683,-0.68527097,0.0,0.0,0.0,0.0,1.0,0.0,0.0,0.0,0.0,0.0,0.0,0.0,0.0,0.0,0,0.8585009,1
-0.29357368,1.495366,-0.5606096,2.9047472,-0.32159945,3.2821536,0.4921986,-0.6193497,1.1319606,0.0,0.0,0.0,0.0,0.0,0.0,0.0,0.0,0.0,0.0,0.0,0.0,1.0,0.0,0,0.512337,1
2.1442156,1.495366,1.2232053,1.8148979,5.1451435,0.36205244,0.0080268225,0.60537636,-1.1063368,1.0,0.0,0.0,0.0,0.0,0.0,0.0,0.0,0.0,0.0,0.0,0.0,0.0,0.0,1,0.99904674,1
-0.29152042,-1.73147,2.7193081,2.7103612,-0.3409153,0.6865081,-0.040830124,-0.16813485,0.5336039,0.0,0.0,0.0,1.0,0.0,0.0,0.0,0.0,0.0,0.0,0.0,0.0,0.0,0.0,0,0.8392662,1
-0.28938434,1.3486917,0.64778113,2.891021,5.162862,0.03759675,-0.048920497,-0.10367559,0.7552175,0.0,0.0,0.0,0.0,0.0,0.0,0.0,1.0,0.0,0.0,0.0,0.0,0.0,0.0,1,0.9889753,1
-0.28073075,0.46864545,-0.9634065,2.9904187,5.237111,1.0109638,-0.04343615,2.0879395,1.7968014,0.0,0.0,0.0,0.0,0.0,0.0,1.0,0.0,0.0,0.0,0.0,0.0,0.0,0.0,0,0.79308176,1
-0.27273956,-1.4381213,-0.33043993,2.19946,3.7023253,1.0109638,-0.040567752,0.3475393,-0.7739164,1.0,0.0,0.0,0.0,0.0,0.0,0.0,0.0,0.0,0.0,0.0,0.0,0.0,0.0,0,0.5913001,1
-0.28871536,1.3486917,-0.15781268,2.8978102,-0.26190367,1.3354195,0.04714144,-0.7482683,0.84386295,0.0,0.0,0.0,0.0,0.0,0.0,0.0,0.0,0.0,0.0,0.0,0.0,1.0,0.0,0,0.67625564,1
-0.28653294,1.3486917,1.050578,1.9356911,-0.1174209,-0.28685895,2.6922314,-0.8127276,0.023892585,0.0,0.0,0.0,0.0,0.0,0.0,0.0,0.0,0.0,1.0,0.0,0.0,0.0,0.0,0,0.6294764,1
-0.2755479,1.495366,0.014814562,2.8981695,-0.5375043,1.6598753,1.2135398,-0.8127276,0.023892585,0.0,0.0,0.0,0.0,0.0,0.0,0.0,0.0,0.0,0.0,1.0,0.0,0.0,0.0,0,0.6056024,1
-0.28763905,-1.73147,-0.6756944,2.2122405,4.930219,-0.28685895,-0.041086767,0.60537636,0.6887334,0.0,0.0,0.0,0.0,0.0,0.0,0.0,1.0,0.0,0.0,0.0,0.0,0.0,0.0,1,0.9979686,1
0.010659022,1.495366,0.7053236,2.0302522,5.46977,0.6865081,0.55420285,0.7342949,-0.57446414,1.0,0.0,0.0,0.0,0.0,0.0,0.0,0.0,0.0,0.0,0.0,0.0,0.0,0.0,1,0.998133,1
-0.28876173,1.495366,1.1656629,2.3328466,6.2251186,1.6598753,0.119988136,2.8614507,0.48928115,0.0,0.0,0.0,0.0,0.0,0.0,1.0,0.0,0.0,0.0,0.0,0.0,0.0,0.0,1,0.99897975,1
-0.28489363,1.3486917,0.7053236,1.902147,5.3176394,1.6598753,0.08694942,0.992132,1.1762834,0.0,0.0,0.0,0.0,0.0,0.0,0.0,1.0,0.0,0.0,0.0,0.0,0.0,0.0,1,0.9933355,1
-0.29142106,1.495366,-1.0209489,2.8578126,-0.09767675,1.6598753,0.0056400043,-0.36151266,-0.08691422,0.0,0.0,0.0,0.0,0.0,0.0,0.0,0.0,0.0,0.0,1.0,0.0,0.0,0.0,0,0.51480716,1
-0.29251394,0.61531985,-0.9634065,2.344796,4.3495235,-1.260226,-0.049009506,0.60537636,0.60008794,0.0,0.0,0.0,0.0,0.0,0.0,0.0,1.0,0.0,0.0,0.0,0.0,0.0,0.0,0,0.5007495,1
-0.27522334,-1.1447725,-1.1935762,2.0992217,1.0685663,0.03759675,-0.048484344,1.8945618,1.464381,0.0,1.0,0.0,0.0,0.0,0.0,0.0,0.0,0.0,0.0,0.0,0.0,0.0,0.0,0,0.96307606,1
-0.28721845,1.3486917,-0.79077923,1.942414,4.4721537,0.03759675,0.06250092,0.60537636,0.6887334,0.0,0.0,0.0,0.0,0.0,0.0,0.0,1.0,0.0,0.0,0.0,0.0,0.0,0.0,1,0.94436496,1
-0.2804592,-1.73147,0.24498422,2.7977195,4.4305897,-0.61131465,-0.047303606,0.41199857,-0.90688455,1.0,0.0,0.0,0.0,0.0,0.0,0.0,0.0,0.0,0.0,0.0,0.0,0.0,0.0,0,0.6555688,1
-0.24056934,1.3486917,-0.2153551,2.9112964,4.506325,-0.28685895,-0.04860375,2.2813175,0.28982893,0.0,0.0,0.0,0.0,0.0,0.0,1.0,0.0,0.0,0.0,0.0,0.0,0.0,0.0,0,0.82807934,1
-0.29143098,1.495366,-1.0209489,2.6694393,3.9020908,0.36205244,0.0045204097,0.79875416,-0.90688455,1.0,0.0,0.0,0.0,0.0,0.0,0.0,0.0,0.0,0.0,0.0,0.0,0.0,0.0,1,0.9794978,1
-0.27789262,-1.8781444,0.41761148,1.8284969,-0.26981205,-0.61131465,-0.045573764,0.21862076,1.6859946,0.0,0.0,0.0,1.0,0.0,0.0,0.0,0.0,0.0,0.0,0.0,0.0,0.0,0.0,0,0.6130488,1
-0.28989765,-1.73147,2.143884,2.6966898,1.6250106,0.36205244,-0.03713974,1.3144283,0.28982893,0.0,1.0,0.0,0.0,0.0,0.0,0.0,0.0,0.0,0.0,0.0,0.0,0.0,0.0,1,0.99978787,1
-0.29215625,1.3486917,-1.3662034,2.7833445,6.799325,1.6598753,-0.034410898,1.6367247,-0.3306892,0.0,0.0,0.0,0.0,0.0,0.0,1.0,0.0,0.0,0.0,0.0,0.0,0.0,0.0,1,0.96075517,1
-0.28273436,1.3486917,-0.618152,1.9626188,6.327572,1.0109638,-0.037625037,2.0879395,-0.17555965,0.0,0.0,0.0,0.0,0.0,0.0,1.0,0.0,0.0,0.0,0.0,0.0,0.0,0.0,0,0.96485907,1
-0.2905567,1.3486917,0.1298994,2.4402196,-0.14241014,0.03759675,0.003141305,-0.42597193,-0.35285056,0.0,0.0,0.0,0.0,0.0,0.0,0.0,0.0,0.0,1.0,0.0,0.0,0.0,0.0,0,0.53191495,1
-0.29039112,1.495366,1.2807478,2.9049666,5.1452675,1.6598753,-0.035000432,2.2813175,0.77737886,0.0,0.0,0.0,0.0,0.0,0.0,1.0,0.0,0.0,0.0,0.0,0.0,0.0,0.0,1,0.99804807,1
-0.18523684,1.495366,-0.79077923,2.2116966,0.19619039,1.0109638,-0.00378299,-0.683809,0.22334483,0.0,0.0,0.0,0.0,0.0,0.0,0.0,0.0,1.0,0.0,0.0,0.0,0.0,0.0,0,0.5123208,1
-0.28330398,1.495366,-0.2728975,2.2991467,4.9853735,-0.28685895,-0.00037199384,2.6036136,0.15686075,0.0,0.0,0.0,0.0,0.0,0.0,1.0,0.0,0.0,0.0,0.0,0.0,0.0,0.0,1,0.9573026,1
-0.2918615,1.3486917,1.1081204,2.2923698,3.8135118,1.0109638,0.025332604,0.41199857,0.84386295,0.0,0.0,0.0,0.0,0.0,0.0,0.0,1.0,0.0,0.0,0.0,0.0,0.0,0.0,1,0.9942339,1
-0.29119918,1.0553429,-1.4812882,1.8004961,5.3865294,0.6865081,-0.042861138,2.2813175,0.13469939,0.0,0.0,0.0,0.0,0.0,0.0,1.0,0.0,0.0,0.0,0.0,0.0,0.0,0.0,0,0.9400866,1
-0.27470672,-1.4381213,-1.0784913,2.610004,0.9805255,0.36205244,-0.047406968,1.3144283,-0.042591497,0.0,1.0,0.0,0.0,0.0,0.0,0.0,0.0,0.0,0.0,0.0,0.0,0.0,0.0,0,0.6714801,1
-0.24307632,-1.4381213,2.143884,2.206282,1.1235787,0.36205244,0.0098954085,2.9903693,3.9464533,0.0,1.0,0.0,0.0,0.0,0.0,0.0,0.0,0.0,0.0,0.0,0.0,0.0,0.0,1,0.9867677,1
-0.28944063,1.3486917,0.93549323,2.9449005,5.4156117,-0.61131465,-0.047362585,0.992132,1.9962537,0.0,0.0,0.0,0.0,0.0,0.0,0.0,1.0,0.0,0.0,0.0,0.0,0.0,0.0,1,0.9954092,1
-0.2751803,-1.2914469,1.6260022,2.5497365,1.4989966,-0.28685895,-0.031309176,1.7656432,0.37847435,0.0,1.0,0.0,0.0,0.0,0.0,0.0,0.0,0.0,0.0,0.0,0.0,0.0,0.0,1,0.9998179,1
-0.29038778,1.495366,-0.73323685,2.9652562,4.0872674,0.6865081,-0.014682288,0.28308,1.5751878,0.0,0.0,0.0,0.0,0.0,0.0,0.0,1.0,0.0,0.0,0.0,0.0,0.0,0.0,1,0.90181845,1
-0.28394645,1.0553429,-0.9634065,2.2983449,5.210693,-0.93577033,-0.047182422,1.249969,0.1790221,0.0,0.0,0.0,0.0,0.0,0.0,1.0,0.0,0.0,0.0,0.0,0.0,0.0,0.0,0,0.8330133,1
0.15976666,-1.8781444,1.2807478,2.0169315,-0.7727909,-0.93577033,-0.04744159,-0.16813485,1.6416719,0.0,0.0,0.0,1.0,0.0,0.0,0.0,0.0,0.0,0.0,0.0,0.0,0.0,0.0,0,0.5957104,1
-0.015626233,-1.73147,0.1298994,2.959245,-0.3439027,0.03759675,-0.04262416,-0.36151266,-0.68527097,0.0,0.0,0.0,0.0,0.0,1.0,0.0,0.0,0.0,0.0,0.0,0.0,0.0,0.0,0,0.6426253,1
1.3411924,1.495366,-0.38798234,2.3800998,0.5394713,0.6865081,-0.036052894,-0.6193497,-0.109075576,0.0,0.0,0.0,0.0,0.0,0.0,0.0,0.0,1.0,0.0,0.0,0.0,0.0,0.0,0,0.75406116,1
-0.2790186,-1.2914469,-0.8483217,2.6034977,-0.5185828,-0.61131465,-0.047457665,0.6698356,1.0433152,0.0,0.0,0.0,1.0,0.0,0.0,0.0,0.0,0.0,0.0,0.0,0.0,0.0,0.0,0,0.7499389,1
-0.043034166,1.495366,-0.042727854,2.4003396,3.8728275,1.0109638,0.08618216,0.47645783,0.22334483,0.0,0.0,0.0,0.0,0.0,0.0,0.0,1.0,0.0,0.0,0.0,0.0,0.0,0.0,1,0.9124262,1
0.34435624,1.3486917,0.59023875,2.9448593,-0.03927285,0.03759675,0.008930285,-0.36151266,0.7330561,0.0,0.0,0.0,0.0,0.0,0.0,0.0,0.0,0.0,1.0,0.0,0.0,0.0,0.0,0,0.63502544,1
-0.2819495,-1.8781444,0.014814562,2.6089838,-0.28891528,1.3354195,-0.03734563,0.6698356,1.1762834,0.0,0.0,0.0,1.0,0.0,0.0,0.0,0.0,0.0,0.0,0.0,0.0,0.0,0.0,0,0.69014007,1
-0.2862117,1.495366,0.07235698,3.032773,-0.49292865,0.36205244,0.08759963,-0.683809,1.154122,0.0,0.0,0.0,0.0,1.0,0.0,0.0,0.0,0.0,0.0,0.0,0.0,0.0,0.0,0,0.55072206,1
-0.29014602,1.3486917,-1.0209489,2.7364755,5.9196906,-1.260226,-0.049197804,1.7656432,-0.84040046,0.0,0.0,0.0,0.0,0.0,0.0,1.0,0.0,0.0,0.0,0.0,0.0,0.0,0.0,0,0.9475754,1
0.39272416,0.7619942,0.30252665,2.2441456,6.096302,0.03759675,-0.04540392,1.3788877,0.15686075,0.0,0.0,0.0,0.0,0.0,0.0,1.0,0.0,0.0,0.0,0.0,0.0,0.0,0.0,1,0.9636746,1
-0.2930438,1.3486917,-0.8483217,3.0458274,3.6757998,0.6865081,-0.025928043,0.5409171,2.5281262,0.0,0.0,0.0,0.0,0.0,0.0,0.0,1.0,0.0,0.0,0.0,0.0,0.0,0.0,0,0.656581,1
-0.2846585,-1.4381213,-1.4812882,2.2331028,-0.36971092,1.3354195,-0.043451592,0.025242949,1.5530264,0.0,0.0,0.0,1.0,0.0,0.0,0.0,0.0,0.0,0.0,0.0,0.0,0.0,0.0,0,0.6519433,1
-0.22897163,1.495366,-0.618152,2.1849687,-0.13386953,1.3354195,0.28922245,-0.8127276,1.0211538,0.0,0.0,0.0,0.0,0.0,0.0,0.0,0.0,0.0,0.0,0.0,0.0,1.0,0.0,0,0.52936006,1
-0.28981817,-1.8781444,1.050578,2.6763377,-0.25698134,0.03759675,-0.047695372,0.21862076,0.28982893,0.0,0.0,0.0,1.0,0.0,0.0,0.0,0.0,0.0,0.0,0.0,0.0,0.0,0.0,0,0.7433691,1
-0.28330398,1.495366,-0.2728975,2.2992563,6.5258617,0.03759675,0.01927432,2.0234802,0.13469939,0.0,0.0,0.0,0.0,0.0,0.0,1.0,0.0,0.0,0.0,0.0,0.0,0.0,0.0,1,0.977047,1
3.8169076,-1.8781444,0.8204084,2.7570884,-0.5990861,0.36205244,-0.045111552,0.15416148,0.33415163,0.0,0.0,0.0,1.0,0.0,0.0,0.0,0.0,0.0,0.0,0.0,0.0,0.0,0.0,0,0.73177207,1
-0.28921875,1.495366,-0.6756944,2.931789,3.127824,1.3354195,-0.024202457,-0.4904312,0.60008794,0.0,0.0,1.0,0.0,0.0,0.0,0.0,0.0,0.0,0.0,0.0,0.0,0.0,0.0,1,0.9670323,1
-0.2715076,-1.5847957,-1.4812882,2.0444026,1.6547048,3.6066093,-0.016461445,2.410236,0.8217016,0.0,1.0,0.0,0.0,0.0,0.0,0.0,0.0,0.0,0.0,0.0,0.0,0.0,0.0,1,0.9993981,1
-0.14413156,-1.73147,0.24498422,2.0508375,5.7259593,-0.28685895,-0.047644205,1.6367247,0.60008794,0.0,0.0,0.0,0.0,0.0,0.0,1.0,0.0,0.0,0.0,0.0,0.0,0.0,0.0,0,0.9163989,1
-0.069435336,0.9086686,-1.2511185,2.991256,4.4672585,0.03759675,-0.03893913,0.992132,-0.2642051,1.0,0.0,0.0,0.0,0.0,0.0,0.0,0.0,0.0,0.0,0.0,0.0,0.0,0.0,0,0.9480701,1
-0.2860726,1.495366,1.8561718,1.9561515,0.43516716,-0.28685895,-0.022276849,-0.8127276,0.31199026,0.0,0.0,0.0,0.0,0.0,0.0,0.0,0.0,1.0,0.0,0.0,0.0,0.0,0.0,0,0.5606334,1
-0.29324582,-1.73147,0.1298994,3.0533714,-0.33919227,0.03759675,-0.045188744,-0.8127276,-0.6631096,0.0,0.0,0.0,0.0,0.0,1.0,0.0,0.0,0.0,0.0,0.0,0.0,0.0,0.0,0,0.572655,1
0.013778678,-1.2914469,0.30252665,2.1459696,-0.25727928,-0.28685895,-0.03057207,-0.23259413,1.2870902,0.0,0.0,0.0,1.0,0.0,0.0,0.0,0.0,0.0,0.0,0.0,0.0,0.0,0.0,0,0.5384853,1
-0.05749652,1.3486917,-0.9058641,2.2519343,6.501365,0.03759675,-0.04895359,2.410236,0.64441067,0.0,0.0,0.0,0.0,0.0,0.0,1.0,0.0,0.0,0.0,0.0,0.0,0.0,0.0,1,0.96239686,1
-0.18979378,1.3486917,0.1298994,1.7875432,-0.33479112,-0.61131465,0.027511759,-0.42597193,2.195706,0.0,0.0,0.0,0.0,1.0,0.0,0.0,0.0,0.0,0.0,0.0,0.0,0.0,0.0,0,0.6275303,1
-0.20623325,-1.8781444,-0.2153551,2.8983145,-0.41198415,0.6865081,0.080862306,-0.87718683,-1.2171437,0.0,0.0,0.0,0.0,0.0,1.0,0.0,0.0,0.0,0.0,0.0,0.0,0.0,0.0,0,0.5412563,1
-0.2891823,-1.73147,-1.1360338,2.0172205,1.21622,1.3354195,-0.010384117,2.9903693,3.8134851,0.0,1.0,0.0,0.0,0.0,0.0,0.0,0.0,0.0,0.0,0.0,0.0,0.0,0.0,1,0.9953419,1
0.25585338,1.3486917,-1.4237459,2.6691966,-0.4601091,1.0109638,1.7604184,-0.36151266,-0.6631096,0.0,0.0,0.0,0.0,0.0,0.0,0.0,0.0,0.0,0.0,1.0,0.0,0.0,0.0,0,0.5673148,1
-0.29119918,1.3486917,-1.4812882,3.0322733,0.17094918,2.6332424,6.428329,-0.7482683,0.8881856,0.0,0.0,0.0,0.0,1.0,0.0,0.0,0.0,0.0,0.0,0.0,0.0,0.0,0.0,0,0.547584,1
-0.28258866,1.3486917,-0.8483217,1.9491457,1.0503552,0.36205244,0.09090794,-0.6193497,1.1097993,0.0,0.0,0.0,0.0,0.0,0.0,0.0,0.0,0.0,0.0,0.0,0.0,0.0,1.0,1,0.91301,1
-0.21558559,0.46864545,-0.5030672,1.7993541,5.387846,0.6865081,-0.047463574,1.6367247,2.4394808,0.0,0.0,0.0,0.0,0.0,0.0,1.0,0.0,0.0,0.0,0.0,0.0,0.0,0.0,1,0.771904,1
-0.2852513,1.495366,-1.1360338,1.9493535,6.117908,2.6332424,-0.036925912,0.15416148,1.0876379,0.0,0.0,0.0,0.0,0.0,0.0,0.0,1.0,0.0,0.0,0.0,0.0,0.0,0.0,0,0.73702854,1
-0.21558559,1.495366,-0.5030672,1.7677269,-0.18859403,-0.28685895,0.3628746,-0.8127276,0.09037667,0.0,0.0,0.0,0.0,0.0,0.0,0.0,0.0,0.0,0.0,1.0,0.0,0.0,0.0,0,0.6366687,1
-0.26988152,1.3486917,0.93549323,1.8751223,5.748338,-0.93577033,-0.049227785,0.41199857,0.60008794,0.0,0.0,0.0,0.0,0.0,0.0,0.0,1.0,0.0,0.0,0.0,0.0,0.0,0.0,1,0.9967129,1
-0.27990285,-1.5847957,-0.9058641,2.8182278,1.4306847,-0.61131465,-0.045377888,2.8614507,0.31199026,0.0,1.0,0.0,0.0,0.0,0.0,0.0,0.0,0.0,0.0,0.0,0.0,0.0,0.0,1,0.99274045,1
-0.29244107,1.3486917,-1.0209489,2.4334733,0.94659203,0.03759675,-0.04292862,-0.683809,0.44495845,0.0,0.0,0.0,0.0,0.0,0.0,0.0,0.0,0.0,0.0,0.0,0.0,0.0,1.0,0,0.60134876,1
-0.07200524,1.495366,0.59023875,1.8013756,6.764521,-0.61131465,0.026844645,1.7656432,0.1790221,0.0,0.0,0.0,0.0,0.0,0.0,1.0,0.0,0.0,0.0,0.0,0.0,0.0,0.0,1,0.99602795,1
-0.28837094,-1.8781444,0.014814562,2.5820627,-0.35998264,-1.260226,-0.049516845,-0.16813485,0.1790221,0.0,0.0,0.0,1.0,0.0,0.0,0.0,0.0,0.0,0.0,0.0,0.0,0.0,0.0,0,0.6335641,1
-0.2918615,-1.5847957,1.1081204,2.2798412,-0.33291072,-0.61131465,-0.047398686,-0.16813485,1.3092515,0.0,0.0,0.0,1.0,0.0,0.0,0.0,0.0,0.0,0.0,0.0,0.0,0.0,0.0,1,0.73389727,1
-0.29244438,1.495366,0.41761148,2.178202,4.493877,0.36205244,0.021896182,0.7342949,-0.19772102,1.0,0.0,0.0,0.0,0.0,0.0,0.0,0.0,0.0,0.0,0.0,0.0,0.0,0.0,1,0.9965804,1
-0.27470672,1.3486917,-1.0784913,2.3932414,-0.5005726,0.36205244,0.094455294,-0.55489045,0.5557652,0.0,0.0,0.0,0.0,0.0,0.0,0.0,0.0,0.0,0.0,0.0,0.0,1.0,0.0,0,0.54553026,1
-0.07200524,-1.73147,0.59023875,1.7885195,1.4698068,-0.28685895,-0.04267023,1.959021,1.0433152,0.0,1.0,0.0,0.0,0.0,0.0,0.0,0.0,0.0,0.0,0.0,0.0,0.0,0.0,1,0.9996629,1
-0.28540695,-1.73147,-0.5606096,2.9122164,-0.29371178,-0.28685895,-0.04515351,-0.03921632,1.3092515,0.0,0.0,0.0,1.0,0.0,0.0,0.0,0.0,0.0,0.0,0.0,0.0,0.0,0.0,0,0.59457743,1
-0.29388168,1.3486917,-0.618152,1.9558927,-0.19200982,1.3354195,0.027520048,-0.7482683,0.20118347,0.0,0.0,0.0,0.0,0.0,0.0,0.0,0.0,0.0,0.0,1.0,0.0,0.0,0.0,0,0.53074056,1
-0.28867894,1.495366,0.24498422,2.864501,-0.11080693,0.6865081,-0.0020423953,-0.683809,-0.109075576,0.0,0.0,0.0,0.0,0.0,0.0,0.0,0.0,0.0,1.0,0.0,0.0,0.0,0.0,0,0.5266731,1
-0.2929875,-1.73147,1.050578,2.7506413,-0.27925372,1.0109638,-0.040392492,-0.8127276,-1.6382095,0.0,0.0,0.0,0.0,0.0,1.0,0.0,0.0,0.0,0.0,0.0,0.0,0.0,0.0,0,0.83940476,1
-0.27522334,-1.73147,-1.1935762,2.044196,2.8713608,-0.93577033,-0.046902277,-0.55489045,0.44495845,0.0,0.0,1.0,0.0,0.0,0.0,0.0,0.0,0.0,0.0,0.0,0.0,0.0,0.0,1,0.99831367,1
-0.22162952,-1.1447725,-0.38798234,1.951223,4.3207545,-0.61131465,-0.044541083,0.79875416,-0.6187869,1.0,0.0,0.0,0.0,0.0,0.0,0.0,0.0,0.0,0.0,0.0,0.0,0.0,0.0,0,0.8788251,1
-0.29345116,-1.4381213,0.30252665,2.5157542,-0.349937,0.36205244,-0.043904804,-0.16813485,0.8660243,0.0,0.0,0.0,1.0,0.0,0.0,0.0,0.0,0.0,0.0,0.0,0.0,0.0,0.0,0,0.76797926,1
0.09051162,1.495366,2.3740537,2.023379,7.247008,-0.61131465,-0.023233602,2.410236,0.40063572,0.0,0.0,0.0,0.0,0.0,0.0,1.0,0.0,0.0,0.0,0.0,0.0,0.0,0.0,1,0.9989305,1
-0.29396117,1.3486917,1.9712567,2.8439693,0.7774052,0.36205244,-0.043719362,-0.683809,-0.5966255,0.0,0.0,0.0,0.0,0.0,0.0,0.0,0.0,1.0,0.0,0.0,0.0,0.0,0.0,0,0.5686001,1
-0.28493667,-1.5847957,0.4751539,2.9862838,5.388725,1.0109638,-0.03192382,1.959021,1.1319606,0.0,0.0,0.0,0.0,0.0,0.0,1.0,0.0,0.0,0.0,0.0,0.0,0.0,0.0,0,0.7426563,1
-0.25194848,-1.8781444,-0.79077923,2.8982615,0.93212545,-0.28685895,0.022667976,1.5722654,1.6416719,0.0,1.0,0.0,0.0,0.0,0.0,0.0,0.0,0.0,0.0,0.0,0.0,0.0,0.0,0,0.6367814,1
-0.2896592,1.495366,-0.618152,2.6761112,0.043218482,0.6865081,0.62507993,-0.7482683,-0.109075576,0.0,0.0,0.0,0.0,0.0,0.0,0.0,0.0,1.0,0.0,0.0,0.0,0.0,0.0,1,0.5200971,1
-0.2924212,-1.73147,1.9137143,2.804556,-0.46074224,0.03759675,0.49405503,-0.2970534,0.48928115,0.0,0.0,0.0,1.0,0.0,0.0,0.0,0.0,0.0,0.0,0.0,0.0,0.0,0.0,0,0.92800313,1
-0.29176217,0.9086686,0.07235698,2.58741,6.4526353,0.6865081,-0.017794132,2.3457766,-0.44149598,0.0,0.0,0.0,0.0,0.0,0.0,1.0,0.0,0.0,0.0,0.0,0.0,0.0,0.0,0,0.89079833,1
-0.27273956,1.495366,-0.33043993,3.0191092,-0.42562896,1.0109638,0.121446446,-0.6193497,1.6859946,0.0,0.0,0.0,0.0,0.0,0.0,0.0,0.0,0.0,1.0,0.0,0.0,0.0,0.0,0,0.5060629,1
-0.29160982,-1.1447725,0.07235698,2.2404802,-0.40279508,0.36205244,-0.046585508,0.15416148,1.154122,0.0,0.0,0.0,1.0,0.0,0.0,0.0,0.0,0.0,0.0,0.0,0.0,0.0,0.0,0,0.6533953,1
-0.29313654,-1.4381213,-0.2728975,1.7889715,-0.43302277,-0.28685895,-0.043181036,0.41199857,1.0433152,0.0,0.0,0.0,1.0,0.0,0.0,0.0,0.0,0.0,0.0,0.0,0.0,0.0,0.0,0,0.7454903,1
-0.28271118,1.495366,-0.6756944,2.8577964,0.088719435,0.6865081,0.21076101,-0.683809,-0.3750119,0.0,0.0,0.0,0.0,0.0,0.0,0.0,0.0,1.0,0.0,0.0,0.0,0.0,0.0,0,0.5559472,1
-0.29258016,1.3486917,0.76286596,2.474013,5.0207734,1.3354195,0.035709757,0.41199857,-0.064752854,0.0,0.0,0.0,0.0,0.0,0.0,0.0,1.0,0.0,0.0,0.0,0.0,0.0,0.0,1,0.99582845,1
-0.2922457,-1.5847957,1.6260022,1.8561575,1.2553757,0.03759675,0.30439815,1.8301024,0.8217016,0.0,1.0,0.0,0.0,0.0,0.0,0.0,0.0,0.0,0.0,0.0,0.0,0.0,0.0,1,0.9997224,1
-0.27273956,-1.4381213,-0.33043993,2.4349358,3.690952,0.6865081,-0.04639525,-0.16813485,-1.0176914,1.0,0.0,0.0,0.0,0.0,0.0,0.0,0.0,0.0,0.0,0.0,0.0,0.0,0.0,0,0.552159,1
1.3411924,0.46864545,-0.38798234,2.1292534,4.9637384,0.6865081,-0.03757916,0.47645783,0.7552175,0.0,0.0,0.0,0.0,0.0,0.0,0.0,1.0,0.0,0.0,0.0,0.0,0.0,0.0,0,0.56645197,1
-0.2891823,1.3486917,-1.1360338,2.0231447,1.3235004,0.36205244,-0.047342643,2.0234802,1.0433152,0.0,1.0,0.0,0.0,0.0,0.0,0.0,0.0,0.0,0.0,0.0,0.0,0.0,0.0,1,0.9938467,1
-0.29139456,0.028622357,-0.44552475,2.377189,4.5656047,1.3354195,-0.03691166,0.41199857,0.8881856,0.0,0.0,0.0,0.0,0.0,0.0,0.0,1.0,0.0,0.0,0.0,0.0,0.0,0.0,0,0.5588406,1
-0.28383386,-1.4381213,1.7986294,2.596457,1.4553636,0.03759675,-0.04195939,1.7011839,0.48928115,0.0,1.0,0.0,0.0,0.0,0.0,0.0,0.0,0.0,0.0,0.0,0.0,0.0,0.0,1,0.9998116,1
0.5479519,1.495366,1.2232053,2.2385974,0.46461537,-0.61131465,-0.046549466,-0.6193497,0.77737886,0.0,0.0,0.0,0.0,0.0,0.0,0.0,0.0,1.0,0.0,0.0,0.0,0.0,0.0,0,0.5680294,1
-0.14480384,0.3219711,-1.1360338,3.0372763,4.9510193,1.9843309,-0.01646078,0.992132,3.3480966,0.0,0.0,0.0,0.0,0.0,0.0,0.0,1.0,0.0,0.0,0.0,0.0,0.0,0.0,0,0.58180517,1
-0.2759089,1.495366,-0.38798234,2.6153781,1.0135806,0.36205244,-0.044674877,-1.0061053,0.42279708,0.0,0.0,0.0,0.0,0.0,0.0,0.0,0.0,0.0,0.0,0.0,0.0,0.0,1.0,0,0.75169814,1
0.39272416,-1.1447725,0.30252665,2.2403874,1.8059236,-1.260226,-0.049747176,1.4433469,1.0211538,0.0,1.0,0.0,0.0,0.0,0.0,0.0,0.0,0.0,0.0,0.0,0.0,0.0,0.0,1,0.9995981,1
-0.11278928,1.495366,-0.79077923,2.9049175,5.3969474,0.36205244,-0.03145507,1.5722654,0.66657203,0.0,0.0,0.0,0.0,0.0,0.0,1.0,0.0,0.0,0.0,0.0,0.0,0.0,0.0,1,0.9768009,1
4.053889,-1.8781444,-1.4812882,2.42747,-0.29294202,0.6865081,-0.026448037,0.28308,0.8217016,0.0,0.0,0.0,1.0,0.0,0.0,0.0,0.0,0.0,0.0,0.0,0.0,0.0,0.0,0,0.7411212,1
-0.2897453,0.46864545,-0.73323685,1.9541352,5.7934656,0.36205244,-0.013406994,0.60537636,1.0654765,0.0,0.0,0.0,0.0,0.0,0.0,0.0,1.0,0.0,0.0,0.0,0.0,0.0,0.0,0,0.5163327,1
-0.28884453,1.3486917,0.41761148,1.9760493,-0.008556291,-0.28685895,-0.04750408,-0.36151266,0.023892585,0.0,0.0,0.0,0.0,1.0,0.0,0.0,0.0,0.0,0.0,0.0,0.0,0.0,0.0,1,0.92424667,1
-0.28073075,-1.8781444,-0.9634065,2.198602,1.0029061,1.6598753,-0.007792644,1.7656432,1.3978969,0.0,1.0,0.0,0.0,0.0,0.0,0.0,0.0,0.0,0.0,0.0,0.0,0.0,0.0,0,0.88686466,1
-0.28780463,1.495366,-1.3662034,2.8711042,5.5320024,-0.61131465,-0.048932143,1.7656432,-0.109075576,0.0,0.0,0.0,0.0,0.0,0.0,1.0,0.0,0.0,0.0,0.0,0.0,0.0,0.0,1,0.9738182,1
-0.29307693,-1.4381213,-0.5606096,2.1186361,5.8936386,1.3354195,-0.029430266,0.8632134,-0.84040046,1.0,0.0,0.0,0.0,0.0,0.0,0.0,0.0,0.0,0.0,0.0,0.0,0.0,0.0,0,0.8900439,1
-0.2929544,-1.5847957,0.18744181,2.2060478,-0.35286763,-0.28685895,-0.041830096,-0.03921632,1.3535743,0.0,0.0,0.0,1.0,0.0,0.0,0.0,0.0,0.0,0.0,0.0,0.0,0.0,0.0,0,0.75967324,1
-0.27592543,-1.73147,0.014814562,2.1786249,-0.38070118,0.36205244,0.005130646,-0.8127276,-1.2614664,0.0,0.0,0.0,0.0,0.0,1.0,0.0,0.0,0.0,0.0,0.0,0.0,0.0,0.0,0,0.6466408,1
4.053889,1.495366,-0.44552475,2.709825,5.6550055,0.36205244,-0.03963502,1.5722654,-0.3750119,0.0,0.0,0.0,0.0,0.0,0.0,1.0,0.0,0.0,0.0,0.0,0.0,0.0,0.0,0,0.96265364,1
0.011490268,-1.73147,0.24498422,2.6430273,1.497844,-0.61131465,0.04580817,1.7011839,0.33415163,0.0,1.0,0.0,0.0,0.0,0.0,0.0,0.0,0.0,0.0,0.0,0.0,0.0,0.0,1,0.99933016,1
1.3411924,-1.5847957,-1.5388306,2.2596745,2.1017401,-0.93577033,-0.033281893,2.0234802,1.0876379,0.0,1.0,0.0,0.0,0.0,0.0,0.0,0.0,0.0,0.0,0.0,0.0,0.0,0.0,1,0.9980494,1
-0.2928153,1.495366,-0.2728975,2.4740818,5.2341704,-0.93577033,-0.026587015,2.0234802,0.20118347,0.0,0.0,0.0,0.0,0.0,0.0,1.0,0.0,0.0,0.0,0.0,0.0,0.0,0.0,1,0.96242666,1
-0.2935538,-1.8781444,1.6260022,2.1918714,-0.3578539,1.0109638,0.35236016,-0.683809,-1.2614664,0.0,0.0,0.0,0.0,0.0,1.0,0.0,0.0,0.0,0.0,0.0,0.0,0.0,0.0,1,0.93366796,1
-0.14413156,-1.2914469,0.24498422,2.859076,-0.28241155,1.3354195,-0.04790348,-0.03921632,0.84386295,0.0,0.0,0.0,1.0,0.0,0.0,0.0,0.0,0.0,0.0,0.0,0.0,0.0,0.0,0,0.70808405,1
-0.28806627,1.3486917,-0.10027027,2.9046059,-0.09347608,2.3087866,0.72201353,-0.683809,0.6222493,0.0,0.0,0.0,0.0,0.0,0.0,0.0,0.0,0.0,1.0,0.0,0.0,0.0,0.0,0,0.54963195,1
-0.26418865,-1.73147,-0.5606096,2.5623238,-0.7935668,-0.61131465,-0.037152383,0.15416148,0.44495845,0.0,0.0,0.0,1.0,0.0,0.0,0.0,0.0,0.0,0.0,0.0,0.0,0.0,0.0,0,0.83334094,1
-0.28938434,-1.73147,0.64778113,2.8783867,1.5471147,-0.28685895,-0.00049840246,2.410236,0.2455062,0.0,1.0,0.0,0.0,0.0,0.0,0.0,0.0,0.0,0.0,0.0,0.0,0.0,0.0,1,0.99963415,1
2.1442156,-1.2914469,1.2232053,2.9062483,-0.12886332,1.0109638,-0.04355891,-0.23259413,1.3757355,0.0,0.0,0.0,1.0,0.0,0.0,0.0,0.0,0.0,0.0,0.0,0.0,0.0,0.0,0,0.5511367,1
-0.18979378,1.3486917,0.1298994,2.198132,-0.18992071,1.0109638,0.4587649,-0.6193497,0.46711978,0.0,0.0,0.0,0.0,0.0,0.0,0.0,0.0,0.0,0.0,0.0,0.0,1.0,0.0,0,0.51596564,1
-0.28709263,-1.5847957,-1.7690003,3.0132337,-0.3862836,0.6865081,-0.038655598,-0.55489045,2.993515,0.0,0.0,0.0,1.0,0.0,0.0,0.0,0.0,0.0,0.0,0.0,0.0,0.0,0.0,0,0.5937532,1
-0.28778806,1.495366,0.41761148,2.8914423,0.32741335,1.0109638,-0.04798019,-0.4904312,0.0682153,0.0,0.0,0.0,0.0,0.0,0.0,0.0,0.0,1.0,0.0,0.0,0.0,0.0,0.0,0,0.51197934,1
3.8896234,-1.5847957,1.2232053,2.892125,0.1811711,0.6865081,0.009636875,0.08970222,1.2206061,0.0,0.0,0.0,1.0,0.0,0.0,0.0,0.0,0.0,0.0,0.0,0.0,0.0,0.0,0,0.56929225,1
-0.294087,1.495366,0.24498422,2.3128188,-0.19125664,0.03759675,0.20841475,-0.42597193,2.6610944,0.0,0.0,0.0,0.0,0.0,0.0,0.0,0.0,0.0,1.0,0.0,0.0,0.0,0.0,0,0.7589956,1
-0.27974388,-0.118052006,-1.1935762,2.0743077,4.9399886,-0.61131465,-0.046039943,0.41199857,0.6222493,0.0,0.0,0.0,0.0,0.0,0.0,0.0,1.0,0.0,0.0,0.0,0.0,0.0,0.0,0,0.59272605,1
-0.29369292,1.495366,0.36006907,1.8956245,5.4820786,0.03759675,-0.008025818,2.3457766,0.5779266,0.0,0.0,0.0,0.0,0.0,0.0,1.0,0.0,0.0,0.0,0.0,0.0,0.0,0.0,1,0.9949279,1
-0.28876173,1.495366,1.1656629,2.3262446,1.7719729,0.03759675,0.22249468,1.8301024,0.51144254,0.0,1.0,0.0,0.0,0.0,0.0,0.0,0.0,0.0,0.0,0.0,0.0,0.0,0.0,1,0.9993204,1
-0.26239038,0.46864545,-1.3662034,2.1357944,4.937061,-0.28685895,-0.047168087,0.60537636,0.7995402,0.0,0.0,0.0,0.0,0.0,0.0,0.0,1.0,0.0,0.0,0.0,0.0,0.0,0.0,0,0.6788468,1
-0.23770799,-1.73147,2.2014263,2.5556014,1.4783895,-0.28685895,-0.023811698,1.8301024,0.60008794,0.0,1.0,0.0,0.0,0.0,0.0,0.0,0.0,0.0,0.0,0.0,0.0,0.0,0.0,1,0.9998311,1
0.055682085,1.495366,-0.73323685,1.7676486,-0.5500266,1.0109638,0.011238979,-0.7482683,0.42279708,0.0,0.0,0.0,0.0,0.0,0.0,0.0,0.0,0.0,0.0,1.0,0.0,0.0,0.0,1,0.6364134,1
-0.29202047,1.495366,-0.79077923,2.985631,-0.2664344,1.6598753,0.2621241,-0.8127276,0.6222493,0.0,0.0,0.0,0.0,0.0,0.0,0.0,0.0,0.0,0.0,1.0,0.0,0.0,0.0,0,0.6799426,1
-0.29258016,1.495366,0.76286596,2.7568588,-0.31552234,0.03759675,0.062244162,-0.683809,0.023892585,0.0,0.0,0.0,0.0,0.0,0.0,0.0,0.0,0.0,1.0,0.0,0.0,0.0,0.0,0,0.5444258,1
-0.29173568,-1.5847957,-1.1935762,2.0377345,1.8429523,0.6865081,-0.018984858,1.5078062,1.0876379,0.0,1.0,0.0,0.0,0.0,0.0,0.0,0.0,0.0,0.0,0.0,0.0,0.0,0.0,1,0.99819607,1
-0.24971303,1.495366,0.7053236,2.0033097,6.7736487,-0.28685895,-0.029235654,0.60537636,0.7995402,0.0,0.0,0.0,0.0,0.0,0.0,0.0,1.0,0.0,0.0,0.0,0.0,0.0,0.0,1,0.9846126,1
-0.2924013,1.495366,0.9930356,2.9988987,-0.18878601,1.6598753,0.20758702,-0.683809,1.6416719,0.0,0.0,0.0,0.0,0.0,0.0,0.0,0.0,0.0,0.0,0.0,0.0,1.0,0.0,0,0.6346814,1
-0.29170254,1.3486917,0.07235698,2.9921572,1.0205626,1.3354195,0.057696898,-0.4904312,2.7719014,0.0,0.0,0.0,0.0,0.0,0.0,0.0,0.0,0.0,0.0,0.0,0.0,0.0,1.0,1,0.54466,1
-0.22897163,1.3486917,-0.618152,2.3932066,-0.1922271,1.9843309,0.25378257,-0.8127276,-0.08691422,0.0,0.0,0.0,0.0,0.0,0.0,0.0,0.0,0.0,0.0,1.0,0.0,0.0,0.0,0,0.6259867,1
0.34996966,-1.73147,-0.9634065,1.869346,4.437365,0.03759675,-0.016709387,0.47645783,-0.6187869,1.0,0.0,0.0,0.0,0.0,0.0,0.0,0.0,0.0,0.0,0.0,0.0,0.0,0.0,0,0.9757322,1
-0.2914343,-1.73147,-0.042727854,1.9767928,-0.23537733,-0.28685895,-0.025107956,0.15416148,1.3092515,0.0,0.0,0.0,1.0,0.0,0.0,0.0,0.0,0.0,0.0,0.0,0.0,0.0,0.0,0,0.5140803,1
0.14979503,1.3486917,-0.38798234,2.1510677,-0.17232454,0.03759675,0.73105216,-0.683809,-0.020430136,0.0,0.0,0.0,0.0,0.0,0.0,0.0,0.0,0.0,0.0,1.0,0.0,0.0,0.0,0,0.5799512,1
-0.261069,-1.73147,0.64778113,2.6026833,1.5538092,0.36205244,-0.0378216,1.959021,0.2455062,0.0,1.0,0.0,0.0,0.0,0.0,0.0,0.0,0.0,0.0,0.0,0.0,0.0,0.0,1,0.99971396,1
-0.22067241,1.0553429,-1.1935762,1.9081662,4.695584,-0.61131465,-0.039657652,0.21862076,0.910347,0.0,0.0,0.0,0.0,0.0,0.0,0.0,1.0,0.0,0.0,0.0,0.0,0.0,0.0,0,0.7272583,1
-0.043034166,-1.5847957,-0.042727854,2.3876355,-0.30309063,0.03759675,-0.040167246,0.21862076,1.0433152,0.0,0.0,0.0,1.0,0.0,0.0,0.0,0.0,0.0,0.0,0.0,0.0,0.0,0.0,1,0.71534747,1
-0.29302394,-1.2914469,0.36006907,1.8027028,7.415501,-0.61131465,-0.049477883,2.0879395,-0.5523028,0.0,0.0,0.0,0.0,0.0,0.0,1.0,0.0,0.0,0.0,0.0,0.0,0.0,0.0,0,0.68732435,1
-0.28803647,-1.1447725,0.59023875,2.9334972,-0.24767344,1.6598753,-0.04349835,0.21862076,1.951931,0.0,0.0,0.0,1.0,0.0,0.0,0.0,0.0,0.0,0.0,0.0,0.0,0.0,0.0,0,0.58623534,1
-0.29018578,1.495366,-0.38798234,2.09746,-0.19299498,-0.28685895,-0.0147768045,-0.42597193,2.5502877,0.0,0.0,0.0,0.0,0.0,0.0,0.0,0.0,0.0,1.0,0.0,0.0,0.0,0.0,0,0.56935716,1
-0.26241356,-1.8781444,0.30252665,2.8176103,-0.4244575,0.03759675,-0.014254975,-0.7482683,-1.5274026,0.0,0.0,0.0,0.0,0.0,1.0,0.0,0.0,0.0,0.0,0.0,0.0,0.0,0.0,1,0.8480868,1
-0.26418865,0.46864545,-0.5606096,2.4589138,6.0161605,-1.260226,-0.049588718,1.7656432,-1.0620141,0.0,0.0,0.0,0.0,0.0,0.0,1.0,0.0,0.0,0.0,0.0,0.0,0.0,0.0,0,0.7903493,1
-0.28922868,1.495366,-1.0209489,2.9519458,-0.32043138,1.6598753,0.46565086,-0.8127276,1.0876379,0.0,0.0,0.0,0.0,0.0,0.0,0.0,0.0,0.0,0.0,0.0,0.0,1.0,0.0,0,0.5758071,1
-0.29336503,1.495366,-0.38798234,2.8039005,-0.25423712,0.6865081,0.55083585,-0.36151266,-0.64094824,0.0,0.0,0.0,0.0,1.0,0.0,0.0,0.0,0.0,0.0,0.0,0.0,0.0,0.0,0,0.5740625,1
-0.29009637,-1.4381213,-1.0209489,1.8428581,-0.5453981,0.6865081,-0.04553673,-0.16813485,1.3978969,0.0,0.0,0.0,1.0,0.0,0.0,0.0,0.0,0.0,0.0,0.0,0.0,0.0,0.0,0,0.7947566,1
-0.29130182,-1.1447725,1.7986294,2.4691162,-0.3396291,-0.61131465,-0.04141293,-0.10367559,0.5336039,0.0,0.0,0.0,1.0,0.0,0.0,0.0,0.0,0.0,0.0,0.0,0.0,0.0,0.0,0,0.5065771,1
2.0811965,-1.4381213,0.41761148,3.0539384,5.593349,0.03759675,0.15394332,2.3457766,1.6416719,0.0,0.0,0.0,0.0,0.0,0.0,1.0,0.0,0.0,0.0,0.0,0.0,0.0,0.0,0,0.86141163,1
0.6198828,-1.2914469,-0.33043993,1.957457,-0.6207812,-0.93577033,-0.045947246,0.21862076,1.0654765,0.0,0.0,0.0,1.0,0.0,0.0,0.0,0.0,0.0,0.0,0.0,0.0,0.0,0.0,0,0.6492583,1
-0.28898692,1.0553429,-0.2728975,2.1099553,5.3602734,-0.61131465,-0.043053925,2.5391545,2.1735446,0.0,0.0,0.0,0.0,0.0,0.0,0.0,1.0,0.0,0.0,0.0,0.0,0.0,0.0,0,0.8329926,1
0.05538734,-1.73147,0.014814562,2.1855173,-0.42105442,1.6598753,-0.03432517,0.21862076,1.0433152,0.0,0.0,0.0,1.0,0.0,0.0,0.0,0.0,0.0,0.0,0.0,0.0,0.0,0.0,0,0.8414533,1
-0.2881888,-1.5847957,-0.042727854,2.8181698,-0.614994,0.03759675,0.021111518,0.21862076,0.66657203,0.0,0.0,0.0,1.0,0.0,0.0,0.0,0.0,0.0,0.0,0.0,0.0,0.0,0.0,1,0.8817232,1
-0.29285502,-1.8781444,-0.5030672,2.7436328,1.3625032,-1.260226,-0.049380403,2.0234802,0.37847435,0.0,1.0,0.0,0.0,0.0,0.0,0.0,0.0,0.0,0.0,0.0,0.0,0.0,0.0,1,0.99393696,1
2.4933622,1.3486917,0.59023875,1.969421,5.82856,0.6865081,-0.017781038,2.2813175,0.37847435,0.0,0.0,0.0,0.0,0.0,0.0,1.0,0.0,0.0,0.0,0.0,0.0,0.0,0.0,1,0.9965964,1
-0.27615395,-1.8781444,0.5326963,2.918545,-0.27577278,-0.28685895,-0.04922102,-0.23259413,1.464381,0.0,0.0,0.0,1.0,0.0,0.0,0.0,0.0,0.0,0.0,0.0,0.0,0.0,0.0,0,0.6181073,1
-0.27871722,1.3486917,0.4751539,2.245312,0.54218477,0.03759675,-0.048998762,-0.6193497,-0.24204375,0.0,0.0,0.0,0.0,0.0,0.0,0.0,0.0,1.0,0.0,0.0,0.0,0.0,0.0,0,0.52333933,1
-0.28860277,-1.5847957,-0.73323685,1.8088679,1.9145727,0.03759675,-0.022393694,1.7011839,1.2870902,0.0,1.0,0.0,0.0,0.0,0.0,0.0,0.0,0.0,0.0,0.0,0.0,0.0,0.0,1,0.9983878,1
0.9606837,1.3486917,-0.2153551,2.177897,0.8166826,1.0109638,0.14007534,-0.683809,0.28982893,0.0,0.0,0.0,0.0,0.0,0.0,0.0,0.0,1.0,0.0,0.0,0.0,0.0,0.0,0,0.69040763,1
0.6198828,-1.73147,-0.33043993,2.1250236,-0.5847603,0.36205244,-0.039350145,-0.16813485,1.5530264,0.0,0.0,0.0,1.0,0.0,0.0,0.0,0.0,0.0,0.0,0.0,0.0,0.0,0.0,0,0.84928596,1
-0.29285502,-1.5847957,-0.5030672,2.7507834,1.3002411,0.6865081,-0.03723486,2.1523988,0.046053946,0.0,1.0,0.0,0.0,0.0,0.0,0.0,0.0,0.0,0.0,0.0,0.0,0.0,0.0,1,0.994619,1
-0.27127907,1.3486917,0.9930356,2.4202049,5.8630877,-0.28685895,0.024821255,0.992132,-0.7295937,1.0,0.0,0.0,0.0,0.0,0.0,0.0,0.0,0.0,0.0,0.0,0.0,0.0,0.0,1,0.99760675,1
-0.28061816,1.495366,-0.2153551,2.480891,0.1912845,0.6865081,0.099948436,-0.8127276,-0.4858187,0.0,0.0,0.0,0.0,0.0,0.0,0.0,0.0,1.0,0.0,0.0,0.0,0.0,0.0,0,0.77604103,1
-0.29223904,1.495366,0.36006907,2.750087,0.028469583,-0.28685895,0.070850104,-0.42597193,0.0017312241,0.0,0.0,0.0,0.0,0.0,0.0,0.0,0.0,0.0,1.0,0.0,0.0,0.0,0.0,0,0.5264217,1
-0.22634542,1.2020173,-1.3662034,2.5274637,6.3806973,-0.61131465,-0.04797955,-0.23259413,0.44495845,0.0,0.0,0.0,0.0,0.0,0.0,0.0,1.0,0.0,0.0,0.0,0.0,0.0,0.0,0,0.6465328,1
-0.29261658,1.3486917,1.3382901,2.8508399,0.18071263,1.0109638,0.632822,-0.7482683,-0.2642051,0.0,0.0,0.0,0.0,0.0,0.0,0.0,0.0,1.0,0.0,0.0,0.0,0.0,0.0,0,0.59846777,1
-0.13455732,1.495366,-0.9634065,2.3397665,5.883558,0.36205244,-0.0040593385,1.249969,-0.17555965,0.0,0.0,0.0,0.0,0.0,0.0,1.0,0.0,0.0,0.0,0.0,0.0,0.0,0.0,1,0.9797349,1
-0.2883842,-0.9980982,0.014814562,1.9108846,5.082585,1.0109638,-0.044388656,0.6698356,-0.9290459,1.0,0.0,0.0,0.0,0.0,0.0,0.0,0.0,0.0,0.0,0.0,0.0,0.0,0.0,0,0.8457803,1
-0.29106006,1.495366,0.8779508,2.7299821,3.8816996,0.03759675,-0.01977827,0.41199857,-0.9512073,1.0,0.0,0.0,0.0,0.0,0.0,0.0,0.0,0.0,0.0,0.0,0.0,0.0,0.0,1,0.9963037,1
-0.2923384,1.495366,0.18744181,2.9452195,-0.30068102,2.3087866,1.1319554,-0.683809,0.13469939,0.0,0.0,0.0,0.0,1.0,0.0,0.0,0.0,0.0,0.0,0.0,0.0,0.0,0.0,0,0.68497294,1
-0.2686893,1.2020173,-0.73323685,1.8547745,0.92913973,0.36205244,0.004383419,-0.36151266,0.7995402,0.0,0.0,0.0,0.0,0.0,0.0,0.0,0.0,0.0,0.0,0.0,0.0,0.0,1.0,0,0.50959826,1
-0.288616,-1.8781444,-0.73323685,2.555374,4.7188187,0.03759675,0.15044682,-0.36151266,-0.8625618,0.0,0.0,0.0,0.0,1.0,0.0,0.0,0.0,0.0,0.0,0.0,0.0,0.0,0.0,1,0.996396,1
0.017186455,-1.1447725,-0.6756944,1.9376396,-0.34321296,0.36205244,-0.04353453,0.025242949,1.0211538,0.0,0.0,0.0,1.0,0.0,0.0,0.0,0.0,0.0,0.0,0.0,0.0,0.0,0.0,0,0.5080011,1
-0.29336503,1.495366,-0.38798234,2.3867338,-0.29653227,0.6865081,0.22402138,-0.55489045,-0.21988238,0.0,0.0,0.0,0.0,0.0,0.0,0.0,0.0,0.0,1.0,0.0,0.0,0.0,0.0,0,0.6183649,1
-0.2704677,1.0553429,-0.2153551,2.9645524,4.534235,0.6865081,0.06664888,0.21862076,0.9546697,0.0,0.0,0.0,0.0,0.0,0.0,0.0,1.0,0.0,0.0,0.0,0.0,0.0,0.0,0,0.764632,1
-0.24704377,1.3486917,0.1298994,2.9919338,0.0046030055,0.36205244,4.785533,2.410236,5.320458,0.0,0.0,0.0,0.0,0.0,0.0,0.0,0.0,0.0,0.0,1.0,0.0,0.0,0.0,0,0.58867013,1
-0.2715076,-1.73147,-1.4812882,2.0508485,-0.26966044,0.6865081,-0.021454806,0.21862076,1.464381,0.0,0.0,0.0,1.0,0.0,0.0,0.0,0.0,0.0,0.0,0.0,0.0,0.0,0.0,1,0.56473017,1
-0.29209003,1.3486917,0.76286596,2.1374488,-0.033612687,0.6865081,0.42288387,-0.683809,-0.13123694,0.0,0.0,0.0,0.0,0.0,0.0,0.0,0.0,0.0,1.0,0.0,0.0,0.0,0.0,0,0.63381493,1
-0.28831464,1.3486917,-0.15781268,2.4134564,-0.23147497,0.36205244,0.24791108,-0.8127276,-0.21988238,0.0,0.0,0.0,0.0,0.0,0.0,0.0,0.0,0.0,0.0,1.0,0.0,0.0,0.0,0,0.6658009,1
-0.29173568,-1.8781444,-1.1935762,2.0371647,5.465681,-0.28685895,-0.03300688,2.0879395,-0.5523028,0.0,0.0,0.0,0.0,0.0,0.0,1.0,0.0,0.0,0.0,0.0,0.0,0.0,0.0,1,0.9987405,1
-0.2846585,-0.85142386,-1.4812882,2.9071932,1.5903997,1.0109638,-0.04446158,2.8614507,1.4422196,0.0,1.0,0.0,0.0,0.0,0.0,0.0,0.0,0.0,0.0,0.0,0.0,0.0,0.0,1,0.99743015,1
-0.29302394,-1.2914469,0.36006907,1.9979737,-0.24417472,1.0109638,-0.035301883,-0.10367559,1.5308651,0.0,0.0,0.0,1.0,0.0,0.0,0.0,0.0,0.0,0.0,0.0,0.0,0.0,0.0,0,0.5300061,1
3.8896234,1.3486917,1.7986294,2.4199755,5.3296285,-0.61131465,-0.043679763,0.7342949,-1.0841755,1.0,0.0,0.0,0.0,0.0,0.0,0.0,0.0,0.0,0.0,0.0,0.0,0.0,0.0,1,0.999164,1
-0.2896327,1.495366,0.1298994,2.2522442,0.27014333,0.36205244,-0.045527373,-0.8127276,0.112538025,0.0,0.0,0.0,0.0,0.0,0.0,0.0,0.0,1.0,0.0,0.0,0.0,0.0,0.0,0,0.5548816,1
-0.29379225,1.3486917,0.4751539,2.2923725,1.5403618,1.0109638,-0.033367593,1.249969,1.1762834,0.0,1.0,0.0,0.0,0.0,0.0,0.0,0.0,0.0,0.0,0.0,0.0,0.0,0.0,1,0.99948055,1
-0.26176113,1.3486917,2.834393,2.05677,5.4602294,-0.61131465,-0.04868694,2.2168581,0.023892585,0.0,0.0,0.0,0.0,0.0,0.0,1.0,0.0,0.0,0.0,0.0,0.0,0.0,0.0,1,0.9984328,1
-0.17679852,1.2020173,-0.6756944,3.0320907,4.8150105,1.6598753,0.005674452,2.6036136,1.9962537,0.0,0.0,0.0,0.0,0.0,0.0,1.0,0.0,0.0,0.0,0.0,0.0,0.0,0.0,0,0.72799015,1
-0.29009637,-1.1447725,-1.0209489,1.8704835,-0.4844085,0.6865081,-0.048185118,-0.23259413,1.3535743,0.0,0.0,0.0,1.0,0.0,0.0,0.0,0.0,0.0,0.0,0.0,0.0,0.0,0.0,0,0.66947347,1
-0.22684218,1.495366,-0.6756944,2.8711593,-0.32312793,0.03759675,0.13990586,-0.55489045,-0.6631096,0.0,0.0,0.0,0.0,0.0,0.0,0.0,0.0,0.0,1.0,0.0,0.0,0.0,0.0,0,0.51866907,1
-0.17726217,-1.8781444,-0.10027027,2.582106,1.4039696,-0.61131465,-0.045031145,2.2813175,0.0682153,0.0,1.0,0.0,0.0,0.0,0.0,0.0,0.0,0.0,0.0,0.0,0.0,0.0,0.0,1,0.99732333,1
1.44686,1.495366,-1.0784913,1.9089442,-0.6755468,0.36205244,-0.025304133,-0.7482683,0.20118347,0.0,0.0,0.0,0.0,0.0,0.0,0.0,0.0,0.0,0.0,1.0,0.0,0.0,0.0,0,0.67482245,1
-0.18979378,1.495366,0.1298994,2.4609017,-0.3422268,0.03759675,0.5202576,-0.55489045,-0.44149598,0.0,0.0,0.0,0.0,0.0,0.0,0.0,0.0,0.0,1.0,0.0,0.0,0.0,0.0,0,0.64686805,1
1.9357684,-0.26472637,1.5684597,2.3834124,5.247663,0.36205244,-0.0433997,0.15416148,0.42279708,0.0,0.0,0.0,0.0,0.0,0.0,0.0,1.0,0.0,0.0,0.0,0.0,0.0,0.0,0,0.69734657,1
-0.26271492,-1.8781444,-1.1360338,2.279375,1.2524403,-0.93577033,-0.047007155,1.8945618,1.0433152,0.0,1.0,0.0,0.0,0.0,0.0,0.0,0.0,0.0,0.0,0.0,0.0,0.0,0.0,1,0.98711514,1
-0.28169116,1.3486917,-0.618152,2.8575597,-0.28694957,2.957698,1.667252,-0.8127276,-0.020430136,0.0,0.0,0.0,0.0,0.0,0.0,0.0,0.0,0.0,0.0,0.0,0.0,1.0,0.0,0,0.56718296,1
-0.29327232,-1.5847957,0.4751539,2.1452742,-0.49653414,0.03759675,-0.047723394,0.15416148,1.4200583,0.0,0.0,0.0,1.0,0.0,0.0,0.0,0.0,0.0,0.0,0.0,0.0,0.0,0.0,0,0.84374624,1
0.05538734,-1.1447725,0.014814562,2.0991342,-0.26707637,0.6865081,-0.019658335,0.025242949,1.6416719,0.0,0.0,0.0,1.0,0.0,0.0,0.0,0.0,0.0,0.0,0.0,0.0,0.0,0.0,0,0.61527187,1
-0.24534154,-1.5847957,-1.1360338,2.0713818,4.6023564,-0.61131465,-0.04243484,0.08970222,-1.0398527,1.0,0.0,0.0,0.0,0.0,0.0,0.0,0.0,0.0,0.0,0.0,0.0,0.0,0.0,1,0.9641463,1
-0.27273956,1.495366,-0.33043993,1.9426508,-0.506573,1.0109638,6.095166,-0.683809,-0.020430136,0.0,0.0,0.0,0.0,0.0,0.0,0.0,0.0,0.0,1.0,0.0,0.0,0.0,0.0,0,0.63187355,1
-0.29262653,-1.73147,0.8204084,2.5353131,-0.24463429,1.6598753,0.035068102,0.47645783,0.66657203,0.0,0.0,0.0,1.0,0.0,0.0,0.0,0.0,0.0,0.0,0.0,0.0,0.0,0.0,1,0.85573643,1
-0.26165846,-0.26472637,-0.10027027,2.235391,5.708077,1.9843309,-0.043634042,0.6698356,-0.8625618,1.0,0.0,0.0,0.0,0.0,0.0,0.0,0.0,0.0,0.0,0.0,0.0,0.0,0.0,0,0.63808167,1
-0.2890896,1.495366,-0.38798234,3.059575,-0.38016745,0.36205244,0.030766724,-0.55489045,2.2178674,0.0,0.0,0.0,0.0,0.0,0.0,0.0,0.0,0.0,0.0,0.0,0.0,1.0,0.0,0,0.56533825,1
-0.28871536,-1.73147,-0.73323685,2.871688,-0.29423457,0.03759675,-0.046946503,-0.03921632,0.8881856,0.0,0.0,0.0,1.0,0.0,0.0,0.0,0.0,0.0,0.0,0.0,0.0,0.0,0.0,0,0.57061523,1
-0.26955697,1.3486917,1.050578,2.8238668,6.37082,-0.61131465,-0.048611857,0.6698356,-0.08691422,0.0,0.0,0.0,0.0,0.0,0.0,0.0,1.0,0.0,0.0,0.0,0.0,0.0,0.0,1,0.99496055,1
-0.29043415,1.495366,1.050578,2.0705416,-0.33024883,0.36205244,1.4802829,-0.683809,-1.3501117,0.0,0.0,0.0,0.0,0.0,0.0,0.0,0.0,0.0,0.0,0.0,1.0,0.0,0.0,0,0.79490525,1
-0.27951205,-0.26472637,0.7053236,2.1209984,6.4932013,-1.260226,-0.049357776,1.959021,-0.109075576,0.0,0.0,0.0,0.0,0.0,0.0,1.0,0.0,0.0,0.0,0.0,0.0,0.0,0.0,0,0.6661402,1
-0.28917238,1.3486917,-1.1360338,2.8574657,-0.29311705,1.6598753,0.11072425,-0.55489045,0.77737886,0.0,0.0,0.0,0.0,0.0,0.0,0.0,0.0,0.0,0.0,0.0,0.0,1.0,0.0,0,0.50175434,1
-0.28945056,0.9086686,-1.4237459,1.8203417,6.913806,1.9843309,-0.018905176,1.8301024,0.1790221,0.0,0.0,0.0,0.0,0.0,0.0,1.0,0.0,0.0,0.0,0.0,0.0,0.0,0.0,0,0.87649596,1
-0.28663227,-1.4381213,1.7410871,2.428338,1.5038549,-0.28685895,-0.025912454,2.0234802,0.7995402,0.0,1.0,0.0,0.0,0.0,0.0,0.0,0.0,0.0,0.0,0.0,0.0,0.0,0.0,1,0.9998179,1
-0.28061816,-1.73147,-0.2153551,2.0710945,-0.5225341,0.6865081,0.027799856,-0.10367559,1.2649288,0.0,0.0,0.0,1.0,0.0,0.0,0.0,0.0,0.0,0.0,0.0,0.0,0.0,0.0,1,0.89449936,1
0.09000161,1.495366,-1.1360338,1.8820292,-0.5409213,0.36205244,0.47137514,-0.683809,-0.24204375,0.0,0.0,0.0,0.0,0.0,0.0,0.0,0.0,0.0,0.0,1.0,0.0,0.0,0.0,0,0.64168346,1
2.1999588,1.495366,0.1298994,2.164753,0.2992737,0.6865081,-0.042481646,-0.6193497,0.023892585,0.0,0.0,0.0,0.0,0.0,0.0,0.0,0.0,1.0,0.0,0.0,0.0,0.0,0.0,0,0.7139731,1
-0.24626884,0.17529672,0.8204084,2.9965065,6.2666626,-0.28685895,-0.046800323,1.0565913,1.3535743,0.0,0.0,0.0,0.0,0.0,0.0,1.0,0.0,0.0,0.0,0.0,0.0,0.0,0.0,1,0.91213876,1
-0.28995395,-0.9980982,0.8779508,2.859688,-0.2482299,2.3087866,-0.029401755,0.21862076,0.60008794,0.0,0.0,0.0,1.0,0.0,0.0,0.0,0.0,0.0,0.0,0.0,0.0,0.0,0.0,0,0.6657557,1
-0.28327087,1.3486917,0.24498422,2.1040034,6.135656,-0.28685895,0.014495454,1.6367247,0.48928115,0.0,0.0,0.0,0.0,0.0,0.0,1.0,0.0,0.0,0.0,0.0,0.0,0.0,0.0,1,0.9873267,1
0.05538734,-1.2914469,0.014814562,2.072005,-0.33936918,0.36205244,-0.04602843,-0.16813485,1.3535743,0.0,0.0,0.0,1.0,0.0,0.0,0.0,0.0,0.0,0.0,0.0,0.0,0.0,0.0,0,0.6229201,1
-0.28075394,1.3486917,0.8204084,2.5479572,5.2047963,-0.61131465,-0.048112117,2.3457766,0.046053946,0.0,0.0,0.0,0.0,0.0,0.0,1.0,0.0,0.0,0.0,0.0,0.0,0.0,0.0,1,0.9958456,1
-0.28684092,1.3486917,-0.79077923,2.0028217,3.129738,0.03759675,-0.04882014,-0.7482683,0.40063572,0.0,0.0,1.0,0.0,0.0,0.0,0.0,0.0,0.0,0.0,0.0,0.0,0.0,0.0,1,0.91723764,1
0.76698357,0.9086686,-0.10027027,2.5202937,6.063456,1.9843309,-0.038122695,2.2813175,-0.1533983,0.0,0.0,0.0,0.0,0.0,0.0,1.0,0.0,0.0,0.0,0.0,0.0,0.0,0.0,0,0.76562905,1
-0.28645346,1.495366,1.7986294,2.952032,0.7691884,1.3354195,-0.04849329,-0.683809,0.5779266,0.0,0.0,0.0,0.0,0.0,0.0,0.0,0.0,1.0,0.0,0.0,0.0,0.0,0.0,0,0.59307915,1
-0.26656646,1.495366,-1.1935762,1.8552327,-0.37991926,1.9843309,0.39891058,-0.36151266,0.31199026,0.0,0.0,0.0,0.0,0.0,0.0,0.0,0.0,0.0,0.0,1.0,0.0,0.0,0.0,1,0.5828363,1
-0.29347765,1.3486917,0.64778113,1.7741286,0.18823718,0.36205244,0.037619345,-0.4904312,0.42279708,0.0,0.0,0.0,0.0,0.0,0.0,0.0,0.0,1.0,0.0,0.0,0.0,0.0,0.0,0,0.54027826,1
-0.2891194,1.495366,-0.618152,2.514455,0.6994674,1.6598753,-0.003438308,-0.8127276,-0.39717326,0.0,0.0,0.0,0.0,0.0,0.0,0.0,0.0,1.0,0.0,0.0,0.0,0.0,0.0,0,0.7156507,1
-0.28860277,1.495366,-0.73323685,1.8215355,1.4837894,1.3354195,-0.015132083,-0.683809,1.3092515,0.0,0.0,0.0,0.0,0.0,0.0,0.0,0.0,0.0,0.0,0.0,0.0,0.0,1.0,1,0.92243093,1
0.529989,-1.8781444,0.1298994,2.5149662,-0.3059252,0.36205244,-0.021535717,0.21862076,0.356313,0.0,0.0,0.0,1.0,0.0,0.0,0.0,0.0,0.0,0.0,0.0,0.0,0.0,0.0,0,0.8782223,1
-0.29009637,-0.70474946,-1.0209489,1.9990534,-0.6207816,0.36205244,-0.04916047,0.025242949,1.5308651,0.0,0.0,0.0,1.0,0.0,0.0,0.0,0.0,0.0,0.0,0.0,0.0,0.0,0.0,0,0.5139963,1
-0.2825456,1.3486917,1.5684597,1.9961861,5.740743,0.03759675,0.020437678,2.2813175,0.33415163,0.0,0.0,0.0,0.0,0.0,0.0,1.0,0.0,0.0,0.0,0.0,0.0,0.0,0.0,1,0.9991393,1
0.47767022,-1.5847957,0.07235698,2.3877177,4.3329797,-0.28685895,-0.039572474,0.79875416,-1.1284982,1.0,0.0,0.0,0.0,0.0,0.0,0.0,0.0,0.0,0.0,0.0,0.0,0.0,0.0,1,0.93857867,1
-0.2917721,-1.2914469,-0.9634065,2.495734,-0.3266757,0.03759675,-0.048236392,0.15416148,-0.042591497,0.0,0.0,0.0,1.0,0.0,0.0,0.0,0.0,0.0,0.0,0.0,0.0,0.0,0.0,0,0.5208513,1
-0.27342176,1.495366,1.6835446,1.8417006,0.0572241,0.36205244,0.33754447,-0.683809,-1.1284982,0.0,0.0,0.0,0.0,0.0,0.0,0.0,0.0,0.0,0.0,0.0,1.0,0.0,0.0,1,0.8419351,1
-0.28876173,0.61531985,1.1656629,2.331225,5.309943,1.6598753,0.012418457,2.2813175,-0.064752854,0.0,0.0,0.0,0.0,0.0,0.0,1.0,0.0,0.0,0.0,0.0,0.0,0.0,0.0,1,0.9925305,1
-0.29360348,1.3486917,1.1656629,2.6824062,4.705105,-1.260226,-0.04935595,0.6698356,-1.0841755,1.0,0.0,0.0,0.0,0.0,0.0,0.0,0.0,0.0,0.0,0.0,0.0,0.0,0.0,1,0.9977391,1
-0.27901196,-0.41140074,-1.0209489,2.4974062,1.1740212,0.03759675,-0.044085547,2.0234802,0.60008794,0.0,1.0,0.0,0.0,0.0,0.0,0.0,0.0,0.0,0.0,0.0,0.0,0.0,0.0,0,0.9408521,1
-0.2930173,-1.5847957,-0.15781268,2.0714085,4.9571214,1.3354195,0.071114376,-0.55489045,0.15686075,0.0,0.0,0.0,0.0,1.0,0.0,0.0,0.0,0.0,0.0,0.0,0.0,0.0,0.0,1,0.98970526,1
-0.2905567,1.3486917,0.1298994,2.332555,1.0639507,2.6332424,0.012446502,-0.4904312,0.42279708,0.0,0.0,0.0,0.0,0.0,0.0,0.0,0.0,0.0,0.0,0.0,0.0,0.0,1.0,0,0.75406885,1
4.053889,1.495366,-1.4812882,2.5347767,3.7275217,0.36205244,0.102202505,0.7342949,-1.1949823,1.0,0.0,0.0,0.0,0.0,0.0,0.0,0.0,0.0,0.0,0.0,0.0,0.0,0.0,1,0.87537414,1
-0.26239038,1.0553429,-1.3662034,1.7803661,3.1545548,-0.28685895,-0.043838337,0.992132,-0.3750119,1.0,0.0,0.0,0.0,0.0,0.0,0.0,0.0,0.0,0.0,0.0,0.0,0.0,0.0,0,0.6439016,1
-0.276091,1.3486917,1.3382901,2.6151927,5.387335,-0.61131465,0.0111233825,0.08970222,-0.97336864,1.0,0.0,0.0,0.0,0.0,0.0,0.0,0.0,0.0,0.0,0.0,0.0,0.0,0.0,1,0.99819154,1
-0.18979378,-1.4381213,0.1298994,2.3676958,-0.32753685,1.0109638,-0.0078118206,-0.6193497,-1.2836277,0.0,0.0,0.0,0.0,0.0,1.0,0.0,0.0,0.0,0.0,0.0,0.0,0.0,0.0,0,0.5701239,1
-0.2907885,1.495366,-0.33043993,2.1511793,4.2090096,1.0109638,-0.03580873,2.5391545,2.328674,0.0,0.0,0.0,0.0,0.0,0.0,1.0,0.0,0.0,0.0,0.0,0.0,0.0,0.0,0,0.7786659,1
-0.29291797,-1.73147,2.028799,2.2122798,-0.2952178,0.03759675,0.02090374,-0.10367559,1.0654765,0.0,0.0,0.0,1.0,0.0,0.0,0.0,0.0,0.0,0.0,0.0,0.0,0.0,0.0,0,0.8424966,1
-0.29369953,1.495366,-0.9058641,2.6019454,-0.19295111,0.03759675,1.223045,-0.87718683,-0.5301414,0.0,0.0,0.0,0.0,0.0,0.0,0.0,0.0,0.0,0.0,1.0,0.0,0.0,0.0,0,0.5325207,1
-0.24063557,0.028622357,-0.79077923,1.9061481,6.0606184,0.36205244,-0.043310177,1.4433469,0.40063572,0.0,0.0,0.0,0.0,0.0,0.0,1.0,0.0,0.0,0.0,0.0,0.0,0.0,0.0,0,0.8203493,1
-0.29097065,-1.5847957,-0.042727854,1.8561114,-0.26612705,1.0109638,-0.044250444,0.15416148,1.3978969,0.0,0.0,0.0,1.0,0.0,0.0,0.0,0.0,0.0,0.0,0.0,0.0,0.0,0.0,0,0.52404255,1
-0.29307693,1.3486917,-0.5606096,2.1982036,0.31045943,0.36205244,-0.04834674,-0.683809,0.28982893,0.0,0.0,0.0,0.0,0.0,0.0,0.0,0.0,1.0,0.0,0.0,0.0,0.0,0.0,1,0.5722208,1
0.4485137,-1.4381213,-0.6756944,2.2601163,4.3196907,-0.28685895,-0.046447165,0.3475393,-0.68527097,1.0,0.0,0.0,0.0,0.0,0.0,0.0,0.0,0.0,0.0,0.0,0.0,0.0,0.0,0,0.9397034,1
-0.29041758,1.3486917,0.8204084,2.9517398,-0.2850307,0.36205244,1.1021855,-1.0061053,0.60008794,0.0,0.0,0.0,0.0,0.0,0.0,0.0,0.0,0.0,0.0,1.0,0.0,0.0,0.0,0,0.5641703,1
-0.29206023,-1.73147,0.014814562,2.8514907,-0.2516343,0.03759675,-0.045678318,-0.16813485,1.0211538,0.0,0.0,0.0,1.0,0.0,0.0,0.0,0.0,0.0,0.0,0.0,0.0,0.0,0.0,0,0.50218207,1
-0.2846585,-1.1447725,-1.4812882,2.1866074,-0.32311183,0.36205244,-0.045793243,0.21862076,1.3535743,0.0,0.0,0.0,1.0,0.0,0.0,0.0,0.0,0.0,0.0,0.0,0.0,0.0,0.0,0,0.52052236,1
-0.29381874,-1.73147,2.6617658,2.6429842,-0.3453077,-1.260226,-0.048437957,0.15416148,0.356313,0.0,0.0,0.0,1.0,0.0,0.0,0.0,0.0,0.0,0.0,0.0,0.0,0.0,0.0,0,0.7901027,1
-0.29152042,-1.2914469,2.7193081,2.7313385,-0.47070137,-0.61131465,-0.044123948,0.08970222,0.1790221,0.0,0.0,0.0,1.0,0.0,0.0,0.0,0.0,0.0,0.0,0.0,0.0,0.0,0.0,0,0.74451965,1
-0.28291982,-1.4381213,-0.33043993,2.078311,4.5398865,1.0109638,0.010244485,0.3475393,-0.68527097,1.0,0.0,0.0,0.0,0.0,0.0,0.0,0.0,0.0,0.0,0.0,0.0,0.0,0.0,1,0.93784124,1
-0.29009637,-0.85142386,-1.0209489,1.9650742,1.3333793,1.3354195,-0.043006387,1.249969,0.8881856,0.0,1.0,0.0,0.0,0.0,0.0,0.0,0.0,0.0,0.0,0.0,0.0,0.0,0.0,1,0.9945134,1
1.0754851,-1.73147,0.30252665,2.4074588,-0.30869323,-0.93577033,-0.048079398,-0.16813485,0.60008794,0.0,0.0,0.0,1.0,0.0,0.0,0.0,0.0,0.0,0.0,0.0,0.0,0.0,0.0,0,0.7380445,1
-0.28994402,-1.8781444,1.3958325,2.3532658,-0.25485548,-0.61131465,-0.048917215,0.025242949,0.48928115,0.0,0.0,0.0,1.0,0.0,0.0,0.0,0.0,0.0,0.0,0.0,0.0,0.0,0.0,0,0.54307854,1
-0.24626884,1.495366,0.8204084,2.9924278,6.1624312,-0.61131465,-0.026266849,1.4433469,1.9740924,0.0,0.0,0.0,0.0,0.0,0.0,1.0,0.0,0.0,0.0,0.0,0.0,0.0,0.0,1,0.99732494,1
0.32228354,-1.8781444,-0.5606096,1.9495946,-0.27975628,1.0109638,-0.035288934,0.025242949,1.6859946,0.0,0.0,0.0,1.0,0.0,0.0,0.0,0.0,0.0,0.0,0.0,0.0,0.0,0.0,0,0.6311403,1
-0.2686893,0.61531985,-0.73323685,2.2236269,6.606597,-0.93577033,-0.048591368,2.0879395,0.20118347,0.0,0.0,0.0,0.0,0.0,0.0,1.0,0.0,0.0,0.0,0.0,0.0,0.0,0.0,0,0.80831856,1
-0.260198,1.495366,0.30252665,2.3193467,6.187099,-0.61131465,-0.0344969,2.2813175,-0.13123694,0.0,0.0,0.0,0.0,0.0,0.0,1.0,0.0,0.0,0.0,0.0,0.0,0.0,0.0,1,0.99037206,1
-0.20051388,-0.26472637,-0.2153551,2.2018106,1.5509963,0.36205244,-0.0484264,2.0234802,0.66657203,0.0,1.0,0.0,0.0,0.0,0.0,0.0,0.0,0.0,0.0,0.0,0.0,0.0,0.0,1,0.9944079,1
-0.29020566,-1.8781444,-0.042727854,2.885061,-0.35789448,0.6865081,-0.007048258,-0.87718683,-1.1284982,0.0,0.0,0.0,0.0,0.0,1.0,0.0,0.0,0.0,0.0,0.0,0.0,0.0,0.0,0,0.52908087,1
-0.23094212,-1.4381213,2.546681,2.0515428,1.7644604,0.6865081,-0.04288241,2.0234802,1.5973492,0.0,1.0,0.0,0.0,0.0,0.0,0.0,0.0,0.0,0.0,0.0,0.0,0.0,0.0,1,0.9997594,1
-0.13995877,1.495366,0.18744181,2.3933713,4.1030035,0.03759675,-0.039472766,0.47645783,0.31199026,0.0,0.0,0.0,0.0,0.0,0.0,0.0,1.0,0.0,0.0,0.0,0.0,0.0,0.0,0,0.945065,1
0.49602386,-1.1447725,-1.1360338,2.0721724,-0.43394393,0.6865081,-0.046645556,-0.10367559,1.0654765,0.0,0.0,0.0,1.0,0.0,0.0,0.0,0.0,0.0,0.0,0.0,0.0,0.0,0.0,0,0.6666129,1
-0.29178533,-1.73147,-0.6756944,1.8961406,-0.30203858,0.6865081,0.20166984,0.025242949,0.8881856,0.0,0.0,0.0,1.0,0.0,0.0,0.0,0.0,0.0,0.0,0.0,0.0,0.0,0.0,0,0.89210206,1
-0.21558559,-0.55807513,-0.5030672,1.7907451,1.5659263,-0.28685895,-0.045805357,2.0879395,0.5336039,0.0,1.0,0.0,0.0,0.0,0.0,0.0,0.0,0.0,0.0,0.0,0.0,0.0,0.0,1,0.99338245,1
-0.2781178,1.2020173,2.7193081,2.9917793,0.6350221,-0.28685895,-0.045799427,-0.9416461,1.1097993,0.0,0.0,0.0,0.0,0.0,0.0,0.0,0.0,1.0,0.0,0.0,0.0,0.0,0.0,0,0.56176865,1
-0.2719646,1.3486917,-1.4237459,2.110673,6.212939,0.6865081,-0.04899091,1.5722654,0.5557652,0.0,0.0,0.0,0.0,0.0,0.0,1.0,0.0,0.0,0.0,0.0,0.0,0.0,0.0,1,0.96856225,1
-0.114378914,1.3486917,0.07235698,2.4738648,-0.23583785,0.6865081,0.14273632,-0.8127276,-0.7295937,0.0,0.0,0.0,0.0,0.0,0.0,0.0,0.0,0.0,0.0,1.0,0.0,0.0,0.0,0,0.6491023,1
-0.2880464,1.495366,-0.8483217,2.7768552,-0.2712447,1.3354195,0.22802195,-0.7482683,-0.84040046,0.0,0.0,0.0,0.0,0.0,0.0,0.0,0.0,0.0,0.0,1.0,0.0,0.0,0.0,0,0.6030475,1
-0.28742048,-1.4381213,0.1298994,2.11882,-0.35330248,-0.61131465,-0.04766244,0.15416148,0.9768311,0.0,0.0,0.0,1.0,0.0,0.0,0.0,0.0,0.0,0.0,0.0,0.0,0.0,0.0,0,0.63123995,1
-0.29215625,1.495366,-1.3662034,1.9090687,0.001939187,1.0109638,3.087755,-0.42597193,-0.4858187,0.0,0.0,0.0,0.0,1.0,0.0,0.0,0.0,0.0,0.0,0.0,0.0,0.0,0.0,0,0.5537805,1
-0.28778806,-1.8781444,1.2232053,2.1852748,1.8281124,-0.61131465,-0.048311677,1.1855098,1.3535743,0.0,1.0,0.0,0.0,0.0,0.0,0.0,0.0,0.0,0.0,0.0,0.0,0.0,0.0,1,0.99966097,1
-0.26884162,1.495366,-0.8483217,2.427039,-0.58243823,0.36205244,0.044585746,-0.6193497,0.5336039,0.0,0.0,0.0,0.0,0.0,0.0,0.0,0.0,0.0,0.0,0.0,0.0,1.0,0.0,0,0.69594157,1
-0.2881888,1.495366,-0.042727854,2.830798,5.310582,0.36205244,0.021515133,0.5409171,-1.0841755,1.0,0.0,0.0,0.0,0.0,0.0,0.0,0.0,0.0,0.0,0.0,0.0,0.0,0.0,1,0.98991114,1
-0.29395452,1.495366,0.24498422,1.8081118,4.5605063,-0.61131465,-0.014440256,0.8632134,-0.84040046,1.0,0.0,0.0,0.0,0.0,0.0,0.0,0.0,0.0,0.0,0.0,0.0,0.0,0.0,1,0.9943816,1
-0.29215625,1.2020173,-1.3662034,2.7764304,4.781256,-0.28685895,-0.048621334,-0.16813485,-0.99553,1.0,0.0,0.0,0.0,0.0,0.0,0.0,0.0,0.0,0.0,0.0,0.0,0.0,0.0,1,0.9164321,1
-0.29215625,1.3486917,-1.3662034,2.7768018,5.9026756,0.03759675,-0.03340221,1.7656432,-0.6631096,0.0,0.0,0.0,0.0,0.0,0.0,1.0,0.0,0.0,0.0,0.0,0.0,0.0,0.0,1,0.97185653,1
4.929721,0.3219711,-0.44552475,2.9094172,5.119036,0.36205244,-0.04616891,0.5409171,0.66657203,0.0,0.0,0.0,0.0,0.0,0.0,0.0,1.0,0.0,0.0,0.0,0.0,0.0,0.0,0,0.51770955,1
-0.27901196,-1.8781444,-1.0209489,2.6359804,1.0638262,-0.61131465,-0.038983762,1.249969,-0.1533983,0.0,1.0,0.0,0.0,0.0,0.0,0.0,0.0,0.0,0.0,0.0,0.0,0.0,0.0,0,0.85325366,1
-0.29350746,-1.1447725,0.8204084,2.381653,-0.41354582,0.36205244,0.0033954158,-0.16813485,0.84386295,0.0,0.0,0.0,1.0,0.0,0.0,0.0,0.0,0.0,0.0,0.0,0.0,0.0,0.0,0,0.73383677,1
-0.28169116,-1.73147,-0.618152,1.8423065,1.5013189,0.6865081,-0.041536037,2.668073,1.0433152,0.0,1.0,0.0,0.0,0.0,0.0,0.0,0.0,0.0,0.0,0.0,0.0,0.0,0.0,1,0.9982522,1
0.4485137,-1.8781444,-0.6756944,2.8849025,4.1642246,-0.28685895,-0.012712532,0.15416148,-0.5966255,1.0,0.0,0.0,0.0,0.0,0.0,0.0,0.0,0.0,0.0,0.0,0.0,0.0,0.0,0,0.97171366,1
-0.21558559,1.495366,-0.5030672,1.794699,5.505274,-0.61131465,0.026604852,2.5391545,2.7940626,0.0,0.0,0.0,0.0,0.0,0.0,1.0,0.0,0.0,0.0,0.0,0.0,0.0,0.0,1,0.98020315,1
8.000744,1.495366,-1.4812882,3.0192316,-0.15424661,0.6865081,-0.033206556,-0.6193497,1.8411242,0.0,0.0,0.0,0.0,0.0,0.0,0.0,0.0,0.0,0.0,1.0,0.0,0.0,0.0,0,0.5095092,1
-0.28067115,1.495366,-0.10027027,2.2253451,-0.5900039,0.6865081,-0.027612174,-0.6193497,0.6887334,0.0,0.0,0.0,0.0,0.0,0.0,0.0,0.0,0.0,0.0,0.0,0.0,1.0,0.0,0,0.51318336,1
-0.28896043,1.495366,-0.5030672,2.7231395,3.9134278,-0.28685895,-0.010162563,0.41199857,-1.0620141,1.0,0.0,0.0,0.0,0.0,0.0,0.0,0.0,0.0,0.0,0.0,0.0,0.0,0.0,1,0.9772675,1
-0.13995877,-1.5847957,0.18744181,2.0982158,-0.28663746,1.6598753,-0.01929977,-0.6193497,-1.1728209,0.0,0.0,0.0,0.0,0.0,1.0,0.0,0.0,0.0,0.0,0.0,0.0,0.0,0.0,0,0.6015369,1
-0.2754121,1.495366,-0.9058641,3.0393033,1.518885,-0.28685895,-0.046989627,-0.8127276,3.2816126,0.0,0.0,0.0,0.0,0.0,0.0,0.0,0.0,0.0,0.0,0.0,0.0,0.0,1.0,0,0.8075846,1
1.3411924,1.495366,-1.5388306,2.2723982,7.3426113,0.03759675,0.12415669,1.249969,0.1790221,0.0,0.0,0.0,0.0,0.0,0.0,1.0,0.0,0.0,0.0,0.0,0.0,0.0,0.0,1,0.9550726,1
-0.28898692,-0.118052006,-0.2728975,2.5719354,0.48303372,1.0109638,-0.044894192,-0.6193497,-0.75175506,0.0,0.0,0.0,0.0,0.0,0.0,0.0,0.0,1.0,0.0,0.0,0.0,0.0,0.0,0,0.59787744,1
-0.2905567,1.495366,0.1298994,2.1444292,-0.1633995,1.0109638,0.38131556,-0.8127276,-0.109075576,0.0,0.0,0.0,0.0,0.0,0.0,0.0,0.0,0.0,0.0,1.0,0.0,0.0,0.0,0,0.6399576,1
-0.28944063,0.3219711,0.93549323,2.9363484,5.85581,1.0109638,-0.047709476,2.0879395,0.356313,0.0,0.0,0.0,0.0,0.0,0.0,1.0,0.0,0.0,0.0,0.0,0.0,0.0,0.0,1,0.98596466,1
-0.28579772,1.3486917,0.18744181,2.4740543,-0.24092989,0.36205244,1.5090044,-0.683809,-0.64094824,0.0,0.0,0.0,0.0,0.0,0.0,0.0,0.0,0.0,1.0,0.0,0.0,0.0,0.0,0,0.6301752,1
-0.23094212,0.7619942,2.546681,2.0556517,4.6230545,-0.28685895,-0.04909591,0.5409171,-0.50798005,1.0,0.0,0.0,0.0,0.0,0.0,0.0,0.0,0.0,0.0,0.0,0.0,0.0,0.0,1,0.99701893,1
-0.26477483,-1.4381213,-1.5388306,2.4012213,-0.30353904,0.36205244,0.01525775,0.025242949,0.09037667,0.0,0.0,0.0,1.0,0.0,0.0,0.0,0.0,0.0,0.0,0.0,0.0,0.0,0.0,1,0.7829501,1
-0.28917238,1.495366,-1.1360338,2.7030408,5.4412436,1.0109638,0.13683835,1.7656432,-0.68527097,0.0,0.0,0.0,0.0,0.0,0.0,1.0,0.0,0.0,0.0,0.0,0.0,0.0,0.0,1,0.9854358,1
-0.2883842,-1.5847957,0.014814562,2.131859,6.122543,0.03759675,0.023349619,1.7011839,0.1790221,0.0,0.0,0.0,0.0,0.0,0.0,1.0,0.0,0.0,0.0,0.0,0.0,0.0,0.0,1,0.990853,1
-0.28038302,-1.5847957,0.93549323,2.7778087,-0.30109996,-0.93577033,-0.047033258,-0.23259413,-0.064752854,0.0,0.0,0.0,1.0,0.0,0.0,0.0,0.0,0.0,0.0,0.0,0.0,0.0,0.0,1,0.8065622,1
-0.29207346,1.495366,0.014814562,2.528116,-0.15329777,-0.93577033,16.118036,-0.55489045,-0.46365735,0.0,0.0,0.0,0.0,0.0,0.0,0.0,0.0,0.0,1.0,0.0,0.0,0.0,0.0,0,0.50391394,1
-0.2881888,1.495366,-0.042727854,2.8240657,5.436442,0.36205244,-0.04226972,1.7656432,-0.4858187,0.0,0.0,0.0,0.0,0.0,0.0,1.0,0.0,0.0,0.0,0.0,0.0,0.0,0.0,1,0.98226833,1
-0.29381213,1.495366,-0.5606096,2.7701335,0.33723265,0.36205244,0.23371983,-0.683809,-0.5966255,0.0,0.0,0.0,0.0,0.0,0.0,0.0,0.0,1.0,0.0,0.0,0.0,0.0,0.0,0,0.86594737,1
-0.29009637,1.495366,-1.0209489,1.9629844,2.5719748,1.3354195,0.8274725,-0.4904312,0.7330561,0.0,0.0,1.0,0.0,0.0,0.0,0.0,0.0,0.0,0.0,0.0,0.0,0.0,0.0,1,0.98472947,1
-0.24971303,-1.8781444,0.7053236,2.0036054,1.282956,-0.28685895,0.001163045,1.5078062,1.2649288,0.0,1.0,0.0,0.0,0.0,0.0,0.0,0.0,0.0,0.0,0.0,0.0,0.0,0.0,1,0.999385,1
-0.2846585,-1.4381213,-1.4812882,2.8990943,1.6531585,8.473445,-0.032547433,2.2813175,1.464381,0.0,1.0,0.0,0.0,0.0,0.0,0.0,0.0,0.0,0.0,0.0,0.0,0.0,0.0,1,0.97569644,1
-0.29240796,0.61531985,-0.9058641,2.1966558,3.6368015,2.3087866,-0.022307219,0.5409171,-0.8625618,1.0,0.0,0.0,0.0,0.0,0.0,0.0,0.0,0.0,0.0,0.0,0.0,0.0,0.0,0,0.5486556,1
-0.29336503,-1.5847957,-0.38798234,2.1185184,5.5390487,0.03759675,-0.03253346,0.41199857,0.44495845,0.0,0.0,0.0,0.0,0.0,0.0,0.0,1.0,0.0,0.0,0.0,0.0,0.0,0.0,1,0.99544454,1
-0.29249406,-1.4381213,-0.38798234,2.4350953,-0.2714282,0.03759675,-0.035853315,-0.16813485,1.1319606,0.0,0.0,0.0,1.0,0.0,0.0,0.0,0.0,0.0,0.0,0.0,0.0,0.0,0.0,0,0.5235502,1
-0.28580767,-1.4381213,-0.8483217,2.8722615,0.973819,0.03759675,-0.03721696,1.1855098,0.7330561,0.0,1.0,0.0,0.0,0.0,0.0,0.0,0.0,0.0,0.0,0.0,0.0,0.0,0.0,0,0.62193066,1
-0.2889505,1.0553429,-0.5030672,2.331946,4.7074013,-0.93577033,-0.047988795,0.21862076,0.09037667,0.0,0.0,0.0,0.0,0.0,0.0,0.0,1.0,0.0,0.0,0.0,0.0,0.0,0.0,0,0.69094634,1
-0.15236454,-1.8781444,-0.5030672,2.8579664,-0.28433198,1.3354195,-0.027823664,-0.2970534,0.8660243,0.0,0.0,0.0,1.0,0.0,0.0,0.0,0.0,0.0,0.0,0.0,0.0,0.0,0.0,0,0.5960652,1
-0.29020566,1.495366,-0.042727854,3.0394983,-0.26999533,1.9843309,0.2451819,-0.4904312,2.7719014,0.0,0.0,0.0,0.0,0.0,0.0,0.0,0.0,0.0,0.0,0.0,0.0,1.0,0.0,0,0.7411013,1
-0.28938434,1.3486917,0.64778113,2.8910291,5.115816,0.36205244,0.3653583,0.21862076,0.46711978,0.0,0.0,0.0,0.0,0.0,0.0,0.0,1.0,0.0,0.0,0.0,0.0,0.0,0.0,1,0.99428767,1
-0.29159325,1.495366,1.3958325,2.8980315,4.10483,0.36205244,0.012052941,0.7342949,-0.44149598,1.0,0.0,0.0,0.0,0.0,0.0,0.0,0.0,0.0,0.0,0.0,0.0,0.0,0.0,1,0.99837613,1
-0.29291797,-1.8781444,2.028799,2.2121131,-0.36409825,-0.28685895,-0.045541152,0.15416148,0.42279708,0.0,0.0,0.0,1.0,0.0,0.0,0.0,0.0,0.0,0.0,0.0,0.0,0.0,0.0,0,0.8566713,1
-0.043034166,1.3486917,-0.042727854,2.5546265,-0.2694026,-0.61131465,0.38835555,-0.42597193,1.6859946,0.0,0.0,0.0,0.0,0.0,0.0,0.0,0.0,0.0,1.0,0.0,0.0,0.0,0.0,0,0.63516194,1
-0.17864317,-1.2914469,0.1298994,2.5361364,3.7806408,-0.28685895,0.0073292023,0.6698356,-0.9512073,1.0,0.0,0.0,0.0,0.0,0.0,0.0,0.0,0.0,0.0,0.0,0.0,0.0,0.0,0,0.60533386,1
-0.29350746,-1.5847957,0.8204084,2.2932673,-0.4385432,0.36205244,-0.040101517,-0.55489045,1.7524787,0.0,0.0,0.0,1.0,0.0,0.0,0.0,0.0,0.0,0.0,0.0,0.0,0.0,0.0,0,0.80179703,1
-0.288616,-1.8781444,-0.73323685,3.053003,-0.28739312,0.03759675,0.0061501944,-0.55489045,3.4810648,0.0,0.0,0.0,1.0,0.0,0.0,0.0,0.0,0.0,0.0,0.0,0.0,0.0,0.0,0,0.5283247,1
-0.28289664,1.2020173,2.6617658,2.1911612,3.8408546,-0.93577033,-0.04906435,0.5409171,-0.68527097,1.0,0.0,0.0,0.0,0.0,0.0,0.0,0.0,0.0,0.0,0.0,0.0,0.0,0.0,1,0.995169,1
-0.28831464,1.495366,-0.15781268,2.0974443,0.31871343,1.0109638,-0.042738203,-0.6193497,0.37847435,0.0,0.0,0.0,0.0,0.0,0.0,0.0,0.0,1.0,0.0,0.0,0.0,0.0,0.0,1,0.67398864,1
-0.28857958,1.3486917,-0.73323685,2.9448347,0.010995578,0.03759675,-0.02394103,-1.0061053,-1.305789,0.0,0.0,0.0,0.0,0.0,0.0,0.0,0.0,0.0,0.0,0.0,1.0,0.0,0.0,0,0.5615763,1
0.011490268,-1.5847957,0.24498422,2.6431944,-0.3479075,-0.28685895,0.023338493,-0.10367559,0.46711978,0.0,0.0,0.0,1.0,0.0,0.0,0.0,0.0,0.0,0.0,0.0,0.0,0.0,0.0,1,0.89294505,1
-0.29164624,0.61531985,-0.6756944,2.5466442,4.332039,-0.93577033,-0.049520653,0.28308,0.7995402,0.0,0.0,0.0,0.0,0.0,0.0,0.0,1.0,0.0,0.0,0.0,0.0,0.0,0.0,0,0.51374644,1
-0.28280392,1.495366,1.3382901,2.6221359,5.290605,-0.61131465,0.15820436,2.2813175,-0.3750119,0.0,0.0,0.0,0.0,0.0,0.0,1.0,0.0,0.0,0.0,0.0,0.0,0.0,0.0,1,0.9987031,1
0.20598195,-1.8781444,1.9712567,2.8108985,-0.28509134,-0.61131465,-0.048151214,-0.16813485,0.5336039,0.0,0.0,0.0,1.0,0.0,0.0,0.0,0.0,0.0,0.0,0.0,0.0,0.0,0.0,0,0.7141371,1
0.2085088,0.3219711,-0.042727854,2.9698606,2.8184464,-0.61131465,-0.038811754,-0.683809,1.464381,0.0,0.0,1.0,0.0,0.0,0.0,0.0,0.0,0.0,0.0,0.0,0.0,0.0,0.0,0,0.81239444,1
-0.28742048,-1.1447725,0.1298994,2.0587468,-0.3808171,0.6865081,-0.009096036,0.025242949,1.708156,0.0,0.0,0.0,1.0,0.0,0.0,0.0,0.0,0.0,0.0,0.0,0.0,0.0,0.0,0,0.7785816,1
-0.17702372,-1.73147,-0.8483217,2.3267028,1.1102998,-0.61131465,-0.029011553,1.1855098,0.64441067,0.0,1.0,0.0,0.0,0.0,0.0,0.0,0.0,0.0,0.0,0.0,0.0,0.0,0.0,0,0.91570485,1
-0.2880464,-1.4381213,-0.8483217,2.2802434,6.165488,0.36205244,-0.04045389,0.992132,-0.7295937,1.0,0.0,0.0,0.0,0.0,0.0,0.0,0.0,0.0,0.0,0.0,0.0,0.0,0.0,0,0.9009762,1
-0.28157857,1.495366,0.30252665,2.3934867,5.354588,0.03759675,0.036739048,0.21862076,-0.84040046,1.0,0.0,0.0,0.0,0.0,0.0,0.0,0.0,0.0,0.0,0.0,0.0,0.0,0.0,1,0.9946807,1
-0.20051388,-1.5847957,-0.2153551,2.2060027,1.5493662,-0.28685895,-0.040057916,1.7011839,0.8881856,0.0,1.0,0.0,0.0,0.0,0.0,0.0,0.0,0.0,0.0,0.0,0.0,0.0,0.0,1,0.99823475,1
-0.28845042,-1.2914469,-0.042727854,1.9912032,-0.4192934,0.03759675,-0.04169498,0.47645783,1.1319606,0.0,0.0,0.0,1.0,0.0,0.0,0.0,0.0,0.0,0.0,0.0,0.0,0.0,0.0,0,0.72842216,1
-0.29176217,1.3486917,0.07235698,2.4000432,-0.23537344,1.3354195,0.23697352,-0.683809,0.13469939,0.0,0.0,0.0,0.0,0.0,0.0,0.0,0.0,0.0,0.0,0.0,0.0,1.0,0.0,1,0.6357389,1
1.9357684,1.2020173,-0.5606096,2.796551,5.6573377,-0.93577033,-0.047257,2.0234802,-0.99553,0.0,0.0,0.0,0.0,0.0,0.0,1.0,0.0,0.0,0.0,0.0,0.0,0.0,0.0,1,0.8697762,1
-0.043034166,1.495366,-0.042727854,2.2453861,-0.2726494,0.6865081,0.08513925,-0.7482683,0.15686075,0.0,0.0,0.0,0.0,0.0,0.0,0.0,0.0,0.0,0.0,1.0,0.0,0.0,0.0,0,0.6192402,1
-0.29164624,-1.2914469,-0.6756944,1.8902326,-0.5335888,0.36205244,-0.040643886,0.025242949,1.8632855,0.0,0.0,0.0,1.0,0.0,0.0,0.0,0.0,0.0,0.0,0.0,0.0,0.0,0.0,0,0.81219953,1
-0.28524467,1.3486917,0.30252665,2.4672837,4.959893,0.03759675,0.01353789,0.7342949,-1.0841755,1.0,0.0,0.0,0.0,0.0,0.0,0.0,0.0,0.0,0.0,0.0,0.0,0.0,0.0,1,0.995118,1
-0.29368296,-1.2914469,1.9712567,2.603475,-0.35547543,-0.93577033,-0.04721331,-0.2970534,0.5779266,0.0,0.0,0.0,1.0,0.0,0.0,0.0,0.0,0.0,0.0,0.0,0.0,0.0,0.0,0,0.60317194,1
-0.26884162,-1.1447725,-0.8483217,2.4691322,1.1085473,-0.28685895,-0.047315802,2.1523988,0.84386295,0.0,1.0,0.0,0.0,0.0,0.0,0.0,0.0,0.0,0.0,0.0,0.0,0.0,0.0,0,0.8883576,1
-0.26241356,-1.5847957,0.30252665,2.8181534,1.649533,0.6865081,-0.02162634,1.8301024,0.26766756,0.0,1.0,0.0,0.0,0.0,0.0,0.0,0.0,0.0,0.0,0.0,0.0,0.0,0.0,1,0.99957985,1
-0.29164955,-1.8781444,0.93549323,2.5350823,-0.47541374,-0.93577033,-0.04175707,-0.10367559,0.28982893,0.0,0.0,0.0,1.0,0.0,0.0,0.0,0.0,0.0,0.0,0.0,0.0,0.0,0.0,0,0.850874,1
0.010867661,-1.5847957,1.7410871,2.2060366,-0.4552688,-0.93577033,-0.036443517,0.025242949,1.1319606,0.0,0.0,0.0,1.0,0.0,0.0,0.0,0.0,0.0,0.0,0.0,0.0,0.0,0.0,1,0.84119284,1
-0.1108751,-1.73147,1.453375,3.0468073,-0.51475805,-0.93577033,-0.04553596,0.15416148,3.23729,0.0,0.0,0.0,1.0,0.0,0.0,0.0,0.0,0.0,0.0,0.0,0.0,0.0,0.0,0,0.79674864,1
-0.28632098,1.2020173,-0.9058641,2.588105,0.36744756,1.6598753,0.7602562,-0.683809,-0.57446414,0.0,0.0,0.0,0.0,0.0,0.0,0.0,0.0,1.0,0.0,0.0,0.0,0.0,0.0,0,0.5660735,1
-0.28817886,1.495366,-0.10027027,2.897975,2.3596914,0.36205244,0.10997646,-0.55489045,0.33415163,0.0,0.0,1.0,0.0,0.0,0.0,0.0,0.0,0.0,0.0,0.0,0.0,0.0,0.0,1,0.9826261,1
0.32228354,-1.5847957,-0.5606096,2.643216,1.1695791,1.6598753,-0.03978419,1.3144283,-0.17555965,0.0,1.0,0.0,0.0,0.0,0.0,0.0,0.0,0.0,0.0,0.0,0.0,0.0,0.0,0,0.9652497,1
-0.27912125,1.2020173,-1.4237459,2.6619403,4.0664024,-0.28685895,-0.042109717,0.5409171,-1.0620141,1.0,0.0,0.0,0.0,0.0,0.0,0.0,0.0,0.0,0.0,0.0,0.0,0.0,0.0,0,0.94937027,1
-0.2719646,-1.5847957,-1.4237459,2.1049492,1.6082441,1.0109638,-0.03484934,1.8945618,1.7968014,0.0,1.0,0.0,0.0,0.0,0.0,0.0,0.0,0.0,0.0,0.0,0.0,0.0,0.0,1,0.99767286,1
-0.17864317,-1.5847957,0.1298994,2.5087142,-0.86227417,0.36205244,-0.04452809,0.15416148,-0.064752854,0.0,0.0,0.0,1.0,0.0,0.0,0.0,0.0,0.0,0.0,0.0,0.0,0.0,0.0,0,0.6745714,1
-0.27800852,1.495366,0.41761148,1.9560785,5.1330857,0.03759675,0.02180387,1.959021,0.33415163,0.0,0.0,0.0,0.0,0.0,0.0,1.0,0.0,0.0,0.0,0.0,0.0,0.0,0.0,1,0.99513996,1
-0.29051363,1.495366,-0.9058641,2.8509996,-0.25202763,2.957698,6.7256374,-0.55489045,-0.2642051,0.0,0.0,0.0,0.0,0.0,0.0,0.0,0.0,0.0,0.0,0.0,0.0,1.0,0.0,0,0.54364824,1
-0.2715076,-1.8781444,-1.4812882,2.0439918,3.954667,3.2821536,0.12471951,0.5409171,-1.0620141,1.0,0.0,0.0,0.0,0.0,0.0,0.0,0.0,0.0,0.0,0.0,0.0,0.0,0.0,1,0.9708228,1
-0.29244438,1.495366,0.41761148,2.1849892,5.2180243,0.03759675,0.007719597,2.410236,0.46711978,0.0,0.0,0.0,0.0,0.0,0.0,1.0,0.0,0.0,0.0,0.0,0.0,0.0,0.0,1,0.99441916,1
-0.29285502,-1.8781444,-0.5030672,2.7502942,-0.5260746,0.6865081,-0.014292958,-0.683809,-1.3501117,0.0,0.0,0.0,0.0,0.0,1.0,0.0,0.0,0.0,0.0,0.0,0.0,0.0,0.0,1,0.5923285,1
-0.2862945,1.3486917,0.014814562,2.164448,0.46525806,0.6865081,-0.038922712,-0.6193497,-0.21988238,0.0,0.0,0.0,0.0,0.0,0.0,0.0,0.0,1.0,0.0,0.0,0.0,0.0,0.0,1,0.70702046,1
-0.28938764,-1.4381213,-0.5030672,2.1052656,-0.40252906,-0.61131465,-0.047195375,0.21862076,1.154122,0.0,0.0,0.0,1.0,0.0,0.0,0.0,0.0,0.0,0.0,0.0,0.0,0.0,0.0,0,0.6524956,1
-0.20468004,1.495366,-0.73323685,2.0100186,0.7884738,1.6598753,-0.025558848,-0.683809,0.84386295,0.0,0.0,0.0,0.0,0.0,0.0,0.0,0.0,0.0,0.0,0.0,0.0,0.0,1.0,0,0.5762765,1
-0.24063557,1.3486917,-0.79077923,2.7025833,4.8614025,-0.28685895,-0.04691397,-0.16813485,0.0682153,0.0,0.0,0.0,0.0,0.0,0.0,0.0,1.0,0.0,0.0,0.0,0.0,0.0,0.0,0,0.7757344,1
-0.29106006,-1.4381213,0.8779508,1.9504703,-0.4552882,-0.61131465,-0.04642309,-0.36151266,1.5973492,0.0,0.0,0.0,1.0,0.0,0.0,0.0,0.0,0.0,0.0,0.0,0.0,0.0,0.0,0,0.6805752,1
-0.2891194,1.3486917,-0.618152,2.1442683,-0.23501067,0.03759675,0.32615077,-0.87718683,-0.042591497,0.0,0.0,0.0,0.0,0.0,0.0,0.0,0.0,0.0,0.0,1.0,0.0,0.0,0.0,1,0.551899,1
-0.06302712,1.3486917,1.1656629,1.9153708,-0.3624285,1.0109638,1.0367357,-0.55489045,0.0682153,0.0,0.0,0.0,0.0,0.0,0.0,0.0,0.0,0.0,1.0,0.0,0.0,0.0,0.0,0,0.5244777,1
-0.29345116,-1.73147,0.30252665,2.441211,-0.52781296,-0.93577033,-0.04857143,-0.16813485,0.77737886,0.0,0.0,0.0,1.0,0.0,0.0,0.0,0.0,0.0,0.0,0.0,0.0,0.0,0.0,0,0.8215669,1
-0.22684218,1.495366,-0.6756944,2.4608247,-0.6914954,0.36205244,-0.0035430249,-0.7482683,-0.8182391,0.0,0.0,0.0,0.0,0.0,0.0,0.0,0.0,0.0,1.0,0.0,0.0,0.0,0.0,0,0.5039638,1
-0.25688627,0.3219711,0.07235698,2.0345247,4.929673,-0.28685895,-0.047522884,1.249969,0.40063572,0.0,0.0,0.0,0.0,0.0,0.0,1.0,0.0,0.0,0.0,0.0,0.0,0.0,0.0,0,0.64584994,1
-0.2814693,1.2020173,0.18744181,1.955504,0.55240124,0.36205244,0.39236793,-0.7482683,-0.28636646,0.0,0.0,0.0,0.0,0.0,0.0,0.0,0.0,1.0,0.0,0.0,0.0,0.0,0.0,0,0.6888194,1
-0.29369292,1.495366,0.36006907,1.8956476,6.0118656,0.6865081,7.6800184,2.2813175,0.356313,0.0,0.0,0.0,0.0,0.0,0.0,1.0,0.0,0.0,0.0,0.0,0.0,0.0,0.0,1,0.9926192,1
0.49165237,-1.4381213,1.3958325,2.6165104,-0.33065102,-0.93577033,-0.04737863,-0.36151266,0.5779266,0.0,0.0,0.0,1.0,0.0,0.0,0.0,0.0,0.0,0.0,0.0,0.0,0.0,0.0,0,0.7352461,1
-0.24534154,1.3486917,-1.1360338,2.0701282,5.5829396,-0.28685895,-0.04917257,1.7656432,0.44495845,0.0,0.0,0.0,0.0,0.0,0.0,1.0,0.0,0.0,0.0,0.0,0.0,0.0,0.0,1,0.9692208,1
-0.29313654,1.0553429,-0.2728975,2.8567626,0.52888775,0.6865081,-0.032514647,-0.6193497,-0.44149598,0.0,0.0,0.0,0.0,0.0,0.0,0.0,0.0,1.0,0.0,0.0,0.0,0.0,0.0,0,0.50238043,1
-0.28964928,1.495366,1.9137143,3.0123878,0.30801743,0.36205244,2.0037751,-0.683809,1.1097993,0.0,0.0,0.0,0.0,0.0,0.0,0.0,0.0,0.0,1.0,0.0,0.0,0.0,0.0,0,0.6083452,1
-0.28663227,-1.5847957,1.7410871,2.3269155,-0.3159387,-1.260226,-0.04924429,0.21862076,0.6222493,0.0,0.0,0.0,1.0,0.0,0.0,0.0,0.0,0.0,0.0,0.0,0.0,0.0,0.0,0,0.66313654,1
-0.22420274,1.3486917,-0.6756944,2.6824207,0.30270416,1.3354195,-0.028153228,-0.6193497,-0.57446414,0.0,0.0,0.0,0.0,0.0,0.0,0.0,0.0,1.0,0.0,0.0,0.0,0.0,0.0,1,0.5594196,1
-0.28628454,-1.8781444,0.1298994,2.9455638,-0.3448847,-0.93577033,-0.046331573,0.6698356,2.7719014,0.0,0.0,0.0,1.0,0.0,0.0,0.0,0.0,0.0,0.0,0.0,0.0,0.0,0.0,0,0.701037,1
-0.24307632,1.495366,2.143884,2.2118113,6.2579613,0.03759675,0.025294201,2.410236,0.44495845,0.0,0.0,0.0,0.0,0.0,0.0,1.0,0.0,0.0,0.0,0.0,0.0,0.0,0.0,1,0.9990822,1
-0.29250067,1.2020173,0.76286596,2.6217077,0.56942105,0.36205244,0.20034112,-0.8127276,0.0017312241,0.0,0.0,0.0,0.0,0.0,0.0,0.0,0.0,1.0,0.0,0.0,0.0,0.0,0.0,0,0.63829315,1
-0.28579772,1.3486917,0.18744181,2.1779056,-0.46875986,0.03759675,0.43233943,-0.8127276,-0.28636646,0.0,0.0,0.0,0.0,0.0,0.0,0.0,0.0,0.0,0.0,1.0,0.0,0.0,0.0,0,0.62055933,1
-0.29350746,-1.4381213,0.8204084,2.3070817,-0.27801782,-0.93577033,-0.047082122,-0.36151266,1.0211538,0.0,0.0,0.0,1.0,0.0,0.0,0.0,0.0,0.0,0.0,0.0,0.0,0.0,0.0,0,0.5029972,1
-0.29202047,0.3219711,-0.79077923,2.3508313,5.3800735,0.36205244,-0.046290893,0.41199857,0.44495845,0.0,0.0,0.0,0.0,0.0,0.0,0.0,1.0,0.0,0.0,0.0,0.0,0.0,0.0,1,0.5332327,1
-0.2883014,1.3486917,-1.1935762,2.4805846,4.764364,-0.28685895,0.4161997,0.79875416,-0.84040046,1.0,0.0,0.0,0.0,0.0,0.0,0.0,0.0,0.0,0.0,0.0,0.0,0.0,0.0,1,0.98601925,1
-0.28653294,-1.73147,1.050578,2.5016448,-0.33916408,0.03759675,-0.04054984,-0.2970534,0.71089476,0.0,0.0,0.0,1.0,0.0,0.0,0.0,0.0,0.0,0.0,0.0,0.0,0.0,0.0,0,0.84838444,1
-0.29149723,-1.4381213,0.18744181,1.910027,5.3321304,-0.28685895,-0.042778917,0.21862076,-0.17555965,1.0,0.0,0.0,0.0,0.0,0.0,0.0,0.0,0.0,0.0,0.0,0.0,0.0,0.0,0,0.5687536,1
-0.26241356,0.028622357,0.30252665,2.8211641,5.2491484,1.0109638,-0.04883567,0.60537636,0.46711978,0.0,0.0,0.0,0.0,0.0,0.0,0.0,1.0,0.0,0.0,0.0,0.0,0.0,0.0,1,0.73397374,1
-0.21254541,-1.8781444,0.41761148,2.824364,1.49448,-0.61131465,-0.048370164,2.3457766,0.09037667,0.0,1.0,0.0,0.0,0.0,0.0,0.0,0.0,0.0,0.0,0.0,0.0,0.0,0.0,1,0.9992262,1
-0.28831464,-1.8781444,-0.15781268,2.0909016,5.593972,0.03759675,-0.02863588,1.249969,0.5557652,0.0,0.0,0.0,0.0,0.0,0.0,1.0,0.0,0.0,0.0,0.0,0.0,0.0,0.0,1,0.9955831,1
-0.2917721,-1.73147,-0.9634065,2.2660947,5.603946,1.0109638,-0.044073407,1.5722654,0.33415163,0.0,0.0,0.0,0.0,0.0,0.0,1.0,0.0,0.0,0.0,0.0,0.0,0.0,0.0,1,0.99783415,1
3.8896234,1.495366,1.7986294,2.426997,5.64056,0.6865081,0.117311426,1.7656432,-0.1533983,0.0,0.0,0.0,0.0,0.0,0.0,1.0,0.0,0.0,0.0,0.0,0.0,0.0,0.0,1,0.9993635,1
-0.2745345,1.3486917,0.014814562,2.891169,4.801323,-0.61131465,-0.048693515,2.0234802,-0.064752854,0.0,0.0,0.0,0.0,0.0,0.0,1.0,0.0,0.0,0.0,0.0,0.0,0.0,0.0,1,0.92126036,1
-0.28833452,1.0553429,0.07235698,2.903876,1.2419407,1.6598753,11.314764,-0.55489045,0.6222493,0.0,0.0,0.0,0.0,0.0,0.0,0.0,0.0,0.0,0.0,0.0,0.0,1.0,0.0,0,0.70542693,1
-0.28977844,1.495366,2.7193081,2.2589023,2.2591033,0.36205244,-0.007921414,-0.6193497,0.44495845,0.0,0.0,0.0,0.0,0.0,0.0,0.0,0.0,0.0,0.0,0.0,0.0,0.0,1.0,1,0.89342505,1
-0.2902222,-1.5847957,1.453375,2.1050713,1.7184916,1.9843309,-0.028131207,2.0234802,0.93250835,0.0,1.0,0.0,0.0,0.0,0.0,0.0,0.0,0.0,0.0,0.0,0.0,0.0,0.0,1,0.9997317,1
-0.22251375,0.61531985,-1.5963731,2.9638033,4.739204,-1.260226,-0.048764672,1.5722654,0.42279708,0.0,0.0,0.0,0.0,0.0,0.0,1.0,0.0,0.0,0.0,0.0,0.0,0.0,0.0,0,0.6173642,1
0.39272416,1.3486917,-0.618152,3.0592659,-0.07724623,1.3354195,0.0017718461,-0.7482683,0.99899244,0.0,0.0,0.0,0.0,0.0,0.0,0.0,0.0,0.0,0.0,1.0,0.0,0.0,0.0,0,0.52106655,1
-0.2893744,-1.5847957,-0.2728975,1.943538,1.364665,0.03759675,-0.0147757055,1.5722654,1.2649288,0.0,1.0,0.0,0.0,0.0,0.0,0.0,0.0,0.0,0.0,0.0,0.0,0.0,0.0,1,0.99784267,1
-0.2891194,1.495366,-0.618152,1.976365,-0.28625405,0.36205244,3.2961967,-0.55489045,0.1790221,0.0,0.0,0.0,0.0,0.0,0.0,0.0,0.0,0.0,1.0,0.0,0.0,0.0,0.0,0,0.66072154,1
-0.26165846,1.3486917,-0.10027027,2.9515321,4.804715,0.36205244,0.09954568,0.7342949,1.8854469,0.0,0.0,0.0,0.0,0.0,0.0,0.0,1.0,0.0,0.0,0.0,0.0,0.0,0.0,0,0.931293,1
-0.29160982,-1.4381213,0.07235698,2.5290694,-0.25134847,0.03759675,-0.03797725,-0.03921632,0.8660243,0.0,0.0,0.0,1.0,0.0,0.0,0.0,0.0,0.0,0.0,0.0,0.0,0.0,0.0,1,0.5666627,1
-0.27853176,-1.4381213,-0.2153551,2.6503215,1.7682664,1.9843309,-0.045669258,1.7656432,0.31199026,0.0,1.0,0.0,0.0,0.0,0.0,0.0,0.0,0.0,0.0,0.0,0.0,0.0,0.0,1,0.998676,1
-0.2902222,1.495366,1.453375,2.117711,4.7384834,0.03759675,-0.00710391,0.8632134,-0.3306892,1.0,0.0,0.0,0.0,0.0,0.0,0.0,0.0,0.0,0.0,0.0,0.0,0.0,0.0,1,0.9983935,1
-0.24056934,1.495366,-0.2153551,2.7568574,0.8746954,0.36205244,-0.010921675,-0.683809,0.2455062,0.0,0.0,0.0,0.0,0.0,0.0,0.0,0.0,0.0,0.0,0.0,0.0,0.0,1.0,0,0.69388765,1
-0.29345116,1.495366,0.30252665,1.915753,-0.32341057,-0.28685895,0.12663163,-0.4904312,0.8660243,0.0,0.0,0.0,0.0,0.0,0.0,0.0,0.0,0.0,0.0,0.0,0.0,1.0,0.0,0,0.54188776,1
-0.28391004,-1.5847957,-0.10027027,2.0981975,4.801921,0.36205244,-0.04664396,0.5409171,-0.46365735,1.0,0.0,0.0,0.0,0.0,0.0,0.0,0.0,0.0,0.0,0.0,0.0,0.0,0.0,1,0.9404758,1
0.055682085,-1.73147,-0.73323685,2.5623837,-0.25595745,0.36205244,-0.040917896,0.15416148,-0.020430136,0.0,0.0,0.0,1.0,0.0,0.0,0.0,0.0,0.0,0.0,0.0,0.0,0.0,0.0,0,0.5928917,1
-0.29334188,-1.8781444,0.30252665,2.7570193,-0.26990193,-0.61131465,-0.048559617,-0.6193497,-1.5938867,0.0,0.0,0.0,0.0,0.0,1.0,0.0,0.0,0.0,0.0,0.0,0.0,0.0,0.0,0,0.75687647,1
-0.2733522,1.3486917,2.143884,1.7877266,-0.032668605,0.36205244,0.085908495,-0.55489045,0.26766756,0.0,0.0,0.0,0.0,0.0,0.0,0.0,0.0,0.0,1.0,0.0,0.0,0.0,0.0,0,0.5452,1
-0.28280392,-1.8781444,1.3382901,2.6157944,1.5401688,-0.28685895,-0.04633896,2.2813175,0.6222493,0.0,1.0,0.0,0.0,0.0,0.0,0.0,0.0,0.0,0.0,0.0,0.0,0.0,0.0,1,0.99964285,1
4.284247,-1.8781444,-0.9634065,1.9496897,-0.2248252,0.36205244,-0.0061895032,0.025242949,1.708156,0.0,0.0,0.0,1.0,0.0,0.0,0.0,0.0,0.0,0.0,0.0,0.0,0.0,0.0,0,0.60026747,1
-0.29043415,1.495366,1.050578,2.8107224,-0.08023464,-0.28685895,0.30782947,-0.6193497,-0.24204375,0.0,0.0,0.0,0.0,0.0,0.0,0.0,0.0,0.0,1.0,0.0,0.0,0.0,0.0,0,0.6984116,1
-0.2932657,1.3486917,0.07235698,3.0459054,0.7377963,1.0109638,-0.041096643,-0.6193497,1.1319606,0.0,0.0,0.0,0.0,0.0,0.0,0.0,0.0,1.0,0.0,0.0,0.0,0.0,0.0,0,0.59610534,1
-0.2755479,1.3486917,0.014814562,2.413318,0.28354275,0.36205244,-0.04121753,-0.7482683,-0.6631096,0.0,0.0,0.0,0.0,0.0,0.0,0.0,0.0,1.0,0.0,0.0,0.0,0.0,0.0,0,0.606449,1
-0.28169116,1.3486917,-0.618152,3.059238,-0.3984128,1.0109638,3.7727137,-0.7482683,-0.1533983,0.0,0.0,0.0,0.0,0.0,0.0,0.0,0.0,0.0,0.0,0.0,1.0,0.0,0.0,0,0.5455076,1
-0.29202047,-1.8781444,-0.79077923,2.3399167,6.4764996,0.6865081,-0.038684588,1.5078062,0.1790221,0.0,0.0,0.0,0.0,0.0,0.0,1.0,0.0,0.0,0.0,0.0,0.0,0.0,0.0,1,0.99747986,1
-0.29369292,1.3486917,0.36006907,1.888638,1.5789634,-0.61131465,-0.036503594,1.7656432,1.2427675,0.0,1.0,0.0,0.0,0.0,0.0,0.0,0.0,0.0,0.0,0.0,0.0,0.0,0.0,1,0.99929166,1
-0.28780463,1.495366,-1.3662034,2.871262,4.901826,-0.28685895,0.010712376,0.41199857,-0.99553,1.0,0.0,0.0,0.0,0.0,0.0,0.0,0.0,0.0,0.0,0.0,0.0,0.0,0.0,1,0.9791499,1
-0.17864317,1.3486917,0.1298994,2.4402869,7.048161,-0.28685895,0.07185291,0.21862076,-0.109075576,0.0,0.0,0.0,0.0,0.0,0.0,0.0,1.0,0.0,0.0,0.0,0.0,0.0,0.0,0,0.6100546,1
-0.29122233,-1.4381213,-0.8483217,2.9260867,4.1689205,0.6865081,-0.04104624,-0.4904312,0.356313,0.0,0.0,0.0,0.0,1.0,0.0,0.0,0.0,0.0,0.0,0.0,0.0,0.0,0.0,1,0.9754954,1
-0.29393467,-0.118052006,-1.0209489,2.0675013,7.843247,0.03759675,-0.04663536,2.6036136,0.31199026,0.0,0.0,0.0,0.0,0.0,0.0,1.0,0.0,0.0,0.0,0.0,0.0,0.0,0.0,0,0.55390644,1
-0.2704412,1.495366,-0.5030672,1.9492934,-0.06691225,1.0109638,1.3578603,-0.42597193,2.4616423,0.0,0.0,0.0,0.0,1.0,0.0,0.0,0.0,0.0,0.0,0.0,0.0,0.0,0.0,0,0.5763912,1
-0.1901945,-0.118052006,-1.308661,1.8050121,4.3958764,0.6865081,-0.029341156,0.21862076,0.7995402,0.0,0.0,0.0,0.0,0.0,0.0,0.0,1.0,0.0,0.0,0.0,0.0,0.0,0.0,0,0.679315,1
-0.29094416,1.495366,-1.3662034,2.184982,5.688246,0.6865081,-0.009518782,1.7656432,0.6222493,0.0,0.0,0.0,0.0,0.0,0.0,1.0,0.0,0.0,0.0,0.0,0.0,0.0,0.0,1,0.9806464,1
-0.29347765,1.495366,0.64778113,2.709741,4.542794,-0.61131465,-0.048434198,0.5409171,-0.90688455,1.0,0.0,0.0,0.0,0.0,0.0,0.0,0.0,0.0,0.0,0.0,0.0,0.0,0.0,1,0.9968411,1
0.39272416,-0.41140074,0.30252665,2.241889,1.9509662,-0.61131465,-0.02797863,2.410236,0.8217016,0.0,1.0,0.0,0.0,0.0,0.0,0.0,0.0,0.0,0.0,0.0,0.0,0.0,0.0,1,0.99782616,1
4.9906964,1.3486917,-0.10027027,2.8843532,0.7226098,1.0109638,-0.0013484461,-0.8127276,0.2455062,0.0,0.0,0.0,0.0,0.0,0.0,0.0,0.0,1.0,0.0,0.0,0.0,0.0,0.0,0,0.60124034,1
-0.2934445,1.495366,-0.9634065,2.1713665,-0.34913945,0.36205244,0.119293965,-0.42597193,2.3508356,0.0,0.0,0.0,0.0,0.0,0.0,0.0,0.0,0.0,1.0,0.0,0.0,0.0,0.0,0,0.5855051,1
-0.2929312,1.495366,-1.2511185,2.4675786,0.79539305,0.6865081,-0.039752986,-0.6193497,-0.46365735,0.0,0.0,0.0,0.0,0.0,0.0,0.0,0.0,1.0,0.0,0.0,0.0,0.0,0.0,0,0.62854224,1
-0.2704677,1.495366,-0.2153551,1.8216385,5.537905,1.6598753,-0.041446727,0.6698356,0.8217016,0.0,0.0,0.0,0.0,0.0,0.0,0.0,1.0,0.0,0.0,0.0,0.0,0.0,0.0,0,0.87460643,1
0.33589146,-1.4381213,-0.15781268,2.7510803,-0.31719592,-0.61131465,-0.04753931,0.15416148,0.33415163,0.0,0.0,0.0,1.0,0.0,0.0,0.0,0.0,0.0,0.0,0.0,0.0,0.0,0.0,0,0.5750951,1
-0.26477483,1.495366,-1.5388306,2.4070208,5.9665117,0.36205244,-0.031168202,2.2813175,-0.08691422,0.0,0.0,0.0,0.0,0.0,0.0,1.0,0.0,0.0,0.0,0.0,0.0,0.0,0.0,1,0.9796133,1
-0.22417292,-1.73147,-0.618152,2.9121013,6.6321273,-0.28685895,-0.043753676,0.3475393,-0.50798005,1.0,0.0,0.0,0.0,0.0,0.0,0.0,0.0,0.0,0.0,0.0,0.0,0.0,0.0,0,0.86806613,1
-0.28540695,-1.8781444,-0.5606096,2.6293497,1.7011427,-0.61131465,-0.04875963,1.959021,0.40063572,0.0,1.0,0.0,0.0,0.0,0.0,0.0,0.0,0.0,0.0,0.0,0.0,0.0,0.0,1,0.9984932,1
0.39272416,1.3486917,0.30252665,2.2518337,2.5890784,-0.28685895,-0.04941388,-0.683809,0.26766756,0.0,0.0,1.0,0.0,0.0,0.0,0.0,0.0,0.0,0.0,0.0,0.0,0.0,0.0,1,0.9907127,1
-0.2935538,-1.8781444,1.6260022,2.185167,1.39752,-0.28685895,-0.046380352,1.5078062,1.3535743,0.0,1.0,0.0,0.0,0.0,0.0,0.0,0.0,0.0,0.0,0.0,0.0,0.0,0.0,1,0.9996006,1
-0.29131177,-1.2914469,0.76286596,2.46881,-0.29098684,-0.93577033,-0.048763428,-0.8127276,-1.4387572,0.0,0.0,0.0,0.0,0.0,1.0,0.0,0.0,0.0,0.0,0.0,0.0,0.0,0.0,0,0.5036343,1
0.020501504,-1.5847957,1.5684597,1.9434355,1.3579966,-0.61131465,-0.047655318,1.959021,1.0211538,0.0,1.0,0.0,0.0,0.0,0.0,0.0,0.0,0.0,0.0,0.0,0.0,0.0,0.0,1,0.99968076,1
0.11969464,-1.4381213,-0.38798234,1.8293968,4.18656,0.03759675,-0.04783252,0.47645783,-0.7074323,1.0,0.0,0.0,0.0,0.0,0.0,0.0,0.0,0.0,0.0,0.0,0.0,0.0,0.0,0,0.9184705,1
-0.2769554,-0.9980982,-0.2728975,3.0278344,4.7098775,0.6865081,0.08643809,-0.10367559,0.046053946,1.0,0.0,0.0,0.0,0.0,0.0,0.0,0.0,0.0,0.0,0.0,0.0,0.0,0.0,0,0.8434361,1
-0.27276936,-1.2914469,0.8204084,2.0449622,-0.27977416,0.03759675,-0.022053361,-0.42597193,1.3092515,0.0,0.0,0.0,1.0,0.0,0.0,0.0,0.0,0.0,0.0,0.0,0.0,0.0,0.0,0,0.6597688,1
-0.24971303,1.495366,0.7053236,2.0031018,5.580369,-0.61131465,-0.03784493,0.6698356,0.51144254,0.0,0.0,0.0,0.0,0.0,0.0,0.0,1.0,0.0,0.0,0.0,0.0,0.0,0.0,1,0.9956808,1
-0.28653625,1.3486917,-0.79077923,1.8077328,5.768735,-0.61131465,-0.040719364,0.41199857,1.3314129,0.0,0.0,0.0,0.0,0.0,0.0,0.0,1.0,0.0,0.0,0.0,0.0,0.0,0.0,0,0.8181923,1
1.0020142,0.46864545,-1.1935762,2.9433773,6.564308,1.6598753,-0.028950972,2.0234802,0.9546697,0.0,0.0,0.0,0.0,0.0,0.0,1.0,0.0,0.0,0.0,0.0,0.0,0.0,0.0,0,0.75902605,1
1.0625097,1.495366,2.4891384,2.03684,0.9926662,-0.61131465,-0.033926535,-0.8127276,0.46711978,0.0,0.0,0.0,0.0,0.0,0.0,0.0,0.0,0.0,0.0,0.0,0.0,0.0,1.0,0,0.5806742,1
-0.28073075,1.495366,-0.9634065,1.8687758,-0.6215963,1.3354195,0.06972322,-0.6193497,0.7995402,0.0,0.0,0.0,0.0,0.0,0.0,0.0,0.0,0.0,0.0,0.0,0.0,1.0,0.0,0,0.74433833,1
9.332063,1.495366,-0.618152,2.0033464,-0.46968237,1.0109638,-0.031095564,-0.87718683,0.046053946,0.0,0.0,0.0,0.0,0.0,0.0,0.0,0.0,0.0,0.0,1.0,0.0,0.0,0.0,0,0.56864154,1
-0.29393467,-1.73147,-1.0209489,2.6900644,-0.36680534,-0.61131465,-0.045184016,-0.2970534,0.15686075,0.0,0.0,0.0,1.0,0.0,0.0,0.0,0.0,0.0,0.0,0.0,0.0,0.0,0.0,0,0.58691716,1
-0.28663227,1.495366,1.7410871,2.433821,1.656581,0.6865081,0.0054146377,1.8945618,0.910347,0.0,1.0,0.0,0.0,0.0,0.0,0.0,0.0,0.0,0.0,0.0,0.0,0.0,0.0,1,0.9993948,1
-0.28872198,1.3486917,-0.15781268,2.850851,-0.29076558,1.6598753,-0.009801393,-0.6193497,-0.13123694,0.0,0.0,0.0,0.0,0.0,0.0,0.0,0.0,0.0,0.0,0.0,0.0,1.0,0.0,0,0.5782813,1
-0.29159325,1.3486917,1.3958325,2.8978736,1.7949164,0.03759675,0.035596304,1.3144283,0.77737886,0.0,1.0,0.0,0.0,0.0,0.0,0.0,0.0,0.0,0.0,0.0,0.0,0.0,0.0,1,0.9995807,1
0.27816126,-0.9980982,-0.5030672,2.8799062,1.3288403,0.36205244,-0.047235332,1.8945618,0.40063572,0.0,1.0,0.0,0.0,0.0,0.0,0.0,0.0,0.0,0.0,0.0,0.0,0.0,0.0,1,0.9859502,1
-0.06826629,-1.73147,1.8561718,1.8422534,-0.24976146,-0.61131465,-0.023387166,-0.6193497,-1.4165958,0.0,0.0,0.0,0.0,0.0,1.0,0.0,0.0,0.0,0.0,0.0,0.0,0.0,0.0,0,0.69616234,1
4.053889,-1.73147,-1.4812882,2.4680145,-0.4668079,-0.61131465,-0.04396408,0.025242949,0.51144254,0.0,0.0,0.0,1.0,0.0,0.0,0.0,0.0,0.0,0.0,0.0,0.0,0.0,0.0,0,0.75824255,1
-0.29244438,1.495366,0.41761148,2.1848962,5.2596536,-0.28685895,-0.02587801,0.992132,0.6887334,0.0,0.0,0.0,0.0,0.0,0.0,0.0,1.0,0.0,0.0,0.0,0.0,0.0,0.0,1,0.9883537,1
0.32228354,0.3219711,-0.5606096,2.263471,5.2669587,0.36205244,-0.044776227,0.15416148,1.3092515,0.0,0.0,0.0,0.0,0.0,0.0,0.0,1.0,0.0,0.0,0.0,0.0,0.0,0.0,0,0.50208664,1
-0.28896043,-1.8781444,-0.5030672,2.7101283,-0.48211083,-0.61131465,-0.039812904,-0.03921632,0.42279708,0.0,0.0,0.0,1.0,0.0,0.0,0.0,0.0,0.0,0.0,0.0,0.0,0.0,0.0,1,0.7864642,1
-0.22420274,-0.41140074,-0.6756944,2.1207402,3.9242678,0.36205244,-0.047398124,0.7342949,-0.8847232,1.0,0.0,0.0,0.0,0.0,0.0,0.0,0.0,0.0,0.0,0.0,0.0,0.0,0.0,0,0.5989624,1
-0.28280392,1.3486917,1.3382901,2.6285725,1.5668149,0.6865081,-0.048121333,2.0234802,0.33415163,0.0,1.0,0.0,0.0,0.0,0.0,0.0,0.0,0.0,0.0,0.0,0.0,0.0,0.0,1,0.99948645,1
0.1832568,-1.73147,-0.618152,2.145074,-0.3137429,0.36205244,-0.03849649,0.025242949,1.2206061,0.0,0.0,0.0,1.0,0.0,0.0,0.0,0.0,0.0,0.0,0.0,0.0,0.0,0.0,0,0.7144167,1
3.8896234,-0.9980982,1.7986294,2.4223068,-0.30707124,0.6865081,-0.042443857,0.47645783,0.60008794,0.0,0.0,0.0,1.0,0.0,0.0,0.0,0.0,0.0,0.0,0.0,0.0,0.0,0.0,1,0.70798856,1
-0.28684092,1.3486917,-0.79077923,1.9963089,1.3409758,-0.28685895,0.018331088,-0.55489045,0.6887334,0.0,0.0,0.0,0.0,0.0,0.0,0.0,0.0,0.0,0.0,0.0,0.0,0.0,1.0,1,0.8788911,1
1.0625097,1.495366,-0.6756944,2.1512458,1.7362453,0.6865081,-0.047511548,-0.8127276,0.84386295,0.0,0.0,0.0,0.0,0.0,0.0,0.0,0.0,0.0,0.0,0.0,0.0,0.0,1.0,0,0.7536063,1
-0.2751803,-1.5847957,1.6260022,2.5491085,1.5243145,-0.93577033,-0.044649698,1.8301024,0.44495845,0.0,1.0,0.0,0.0,0.0,0.0,0.0,0.0,0.0,0.0,0.0,0.0,0.0,0.0,1,0.99976176,1
-0.28932473,1.495366,2.2014263,2.2656937,1.6342074,0.03759675,-0.043610983,2.0234802,1.2427675,0.0,1.0,0.0,0.0,0.0,0.0,0.0,0.0,0.0,0.0,0.0,0.0,0.0,0.0,1,0.9992574,1
-0.28489363,-1.4381213,0.7053236,1.896788,1.4801999,0.6865081,-0.016082563,2.0879395,0.6222493,0.0,1.0,0.0,0.0,0.0,0.0,0.0,0.0,0.0,0.0,0.0,0.0,0.0,0.0,1,0.9998004,1
-0.261069,1.495366,0.64778113,2.602044,6.598561,0.03759675,0.11264332,2.2813175,-0.19772102,0.0,0.0,0.0,0.0,0.0,0.0,1.0,0.0,0.0,0.0,0.0,0.0,0.0,0.0,1,0.997022,1
-0.28834113,-0.26472637,0.93549323,2.9618864,4.1437593,-0.61131465,-0.019527677,0.79875416,-0.17555965,1.0,0.0,0.0,0.0,0.0,0.0,0.0,0.0,0.0,0.0,0.0,0.0,0.0,0.0,0,0.77470213,1
-0.2568962,-1.4381213,0.93549323,2.0648537,-0.28927502,-0.28685895,-0.04104463,0.47645783,1.3757355,0.0,0.0,0.0,1.0,0.0,0.0,0.0,0.0,0.0,0.0,0.0,0.0,0.0,0.0,0,0.690241,1
-0.29327232,1.495366,0.64778113,2.232136,-0.2023291,0.36205244,0.89296263,-0.6193497,0.28982893,0.0,0.0,0.0,0.0,0.0,0.0,0.0,0.0,0.0,1.0,0.0,0.0,0.0,0.0,0,0.7362422,1
-0.27508757,1.495366,-0.2728975,2.924939,-0.43310857,1.0109638,0.0079586245,-0.55489045,1.1319606,0.0,0.0,0.0,0.0,0.0,0.0,0.0,0.0,0.0,0.0,0.0,0.0,1.0,0.0,0,0.5317097,1
-0.29196748,-0.26472637,0.24498422,1.8586396,5.251815,1.0109638,-0.044777736,1.0565913,0.6222493,0.0,0.0,0.0,0.0,0.0,0.0,1.0,0.0,0.0,0.0,0.0,0.0,0.0,0.0,0,0.5102772,1
-0.2896592,1.495366,-0.618152,2.676099,5.3915963,0.36205244,-0.0032816394,1.959021,-0.50798005,0.0,0.0,0.0,0.0,0.0,0.0,1.0,0.0,0.0,0.0,0.0,0.0,0.0,0.0,1,0.9797008,1
-0.24704377,0.17529672,0.1298994,2.7206876,5.614869,-0.93577033,-0.047748677,2.2168581,-0.13123694,0.0,0.0,0.0,0.0,0.0,0.0,1.0,0.0,0.0,0.0,0.0,0.0,0.0,0.0,0,0.755965,1
-0.29368296,-1.2914469,1.9712567,2.5966647,-0.3159507,-0.93577033,-0.04534921,-0.10367559,0.8217016,0.0,0.0,0.0,1.0,0.0,0.0,0.0,0.0,0.0,0.0,0.0,0.0,0.0,0.0,0,0.5391615,1
-0.29215625,1.3486917,-1.3662034,2.7833734,3.7689219,2.3087866,0.6247748,0.7342949,-0.9512073,1.0,0.0,0.0,0.0,0.0,0.0,0.0,0.0,0.0,0.0,0.0,0.0,0.0,0.0,1,0.9772544,1
-0.29122233,-1.73147,-0.8483217,2.9187365,1.7532955,1.9843309,-0.03424254,1.5078062,1.0654765,0.0,1.0,0.0,0.0,0.0,0.0,0.0,0.0,0.0,0.0,0.0,0.0,0.0,0.0,1,0.9987419,1
-0.29164293,-1.4381213,1.7410871,2.8857005,-0.40692648,-0.61131465,-0.047993906,0.28308,1.2206061,0.0,0.0,0.0,1.0,0.0,0.0,0.0,0.0,0.0,0.0,0.0,0.0,0.0,0.0,0,0.7224676,1
-0.28958303,-1.8781444,0.41761148,2.952074,-0.35402578,0.36205244,-0.039747816,-0.03921632,2.5281262,0.0,0.0,0.0,1.0,0.0,0.0,0.0,0.0,0.0,0.0,0.0,0.0,0.0,0.0,0,0.7581537,1
-0.2751803,1.2020173,1.6260022,2.7159584,-0.23172341,0.03759675,5.7190366,-0.55489045,-0.042591497,0.0,0.0,0.0,0.0,0.0,0.0,0.0,0.0,0.0,1.0,0.0,0.0,0.0,0.0,0,0.58356255,1
-0.294087,1.495366,0.24498422,1.8686138,0.44445774,0.6865081,-0.045990735,-0.683809,-0.13123694,0.0,0.0,0.0,0.0,0.0,0.0,0.0,0.0,1.0,0.0,0.0,0.0,0.0,0.0,0,0.683762,1
0.017186455,-1.5847957,-0.6756944,2.9394217,-0.38427794,2.3087866,-0.036549613,-0.03921632,1.7303174,0.0,0.0,0.0,1.0,0.0,0.0,0.0,0.0,0.0,0.0,0.0,0.0,0.0,0.0,0,0.72374934,1
-0.28552946,1.495366,-1.2511185,3.0259542,4.0512524,0.03759675,-0.03658869,1.7011839,1.6416719,0.0,0.0,0.0,0.0,0.0,0.0,1.0,0.0,0.0,0.0,0.0,0.0,0.0,0.0,0,0.7194929,1
-0.22684218,-1.8781444,-0.6756944,2.434262,-0.37057456,1.0109638,-0.039195117,0.21862076,0.37847435,0.0,0.0,0.0,1.0,0.0,0.0,0.0,0.0,0.0,0.0,0.0,0.0,0.0,0.0,0,0.7203367,1
-0.2935273,1.3486917,0.5326963,2.46053,1.6954169,1.3354195,-0.0254562,2.0234802,0.40063572,0.0,1.0,0.0,0.0,0.0,0.0,0.0,0.0,0.0,0.0,0.0,0.0,0.0,0.0,1,0.99946743,1
-0.27193147,1.3486917,1.6260022,2.1981423,1.3222806,0.36205244,0.24902779,2.1523988,0.84386295,0.0,1.0,0.0,0.0,0.0,0.0,0.0,0.0,0.0,0.0,0.0,0.0,0.0,0.0,1,0.9992698,1
-0.17864317,0.61531985,0.1298994,2.2304263,4.833244,1.3354195,-0.042264648,0.025242949,0.77737886,0.0,0.0,0.0,0.0,0.0,0.0,0.0,1.0,0.0,0.0,0.0,0.0,0.0,0.0,0,0.77695173,1
2.1442156,-1.8781444,1.2232053,1.8150631,1.5195805,0.36205244,0.0010239338,1.5722654,1.1762834,0.0,1.0,0.0,0.0,0.0,0.0,0.0,0.0,0.0,0.0,0.0,0.0,0.0,0.0,1,0.99988437,1
-0.29026195,1.495366,1.2807478,2.9453163,-0.33684272,1.6598753,0.72866124,-0.87718683,1.3092515,0.0,0.0,0.0,0.0,0.0,0.0,0.0,0.0,0.0,0.0,0.0,0.0,1.0,0.0,0,0.7102754,1
-0.24626884,1.3486917,0.8204084,2.9920526,5.4368396,-0.93577033,-0.048025783,2.8614507,1.2649288,0.0,0.0,0.0,0.0,0.0,0.0,1.0,0.0,0.0,0.0,0.0,0.0,0.0,0.0,1,0.99463695,1
0.051568907,-1.73147,1.3382901,2.9322345,-0.3109743,0.6865081,-0.04646397,0.15416148,1.3978969,0.0,0.0,0.0,1.0,0.0,0.0,0.0,0.0,0.0,0.0,0.0,0.0,0.0,0.0,0,0.82284963,1
-0.29009637,-1.4381213,-1.0209489,1.9035729,-0.44437623,1.9843309,-0.045060087,0.21862076,1.5973492,0.0,0.0,0.0,1.0,0.0,0.0,0.0,0.0,0.0,0.0,0.0,0.0,0.0,0.0,0,0.73872566,1
-0.23320071,1.495366,0.07235698,3.059626,-0.28129333,0.36205244,0.119443916,-0.7482683,1.4865423,0.0,0.0,0.0,0.0,0.0,0.0,0.0,0.0,0.0,1.0,0.0,0.0,0.0,0.0,0,0.6561693,1
-0.28086653,-1.8781444,0.1298994,1.7815989,-0.37934572,-1.260226,-0.048402004,0.21862076,1.0876379,0.0,0.0,0.0,1.0,0.0,0.0,0.0,0.0,0.0,0.0,0.0,0.0,0.0,0.0,0,0.74165106,1
-0.2906163,1.3486917,-1.4237459,2.6086051,4.8521976,-0.28685895,0.060734536,1.3788877,-0.17555965,0.0,0.0,0.0,0.0,0.0,0.0,1.0,0.0,0.0,0.0,0.0,0.0,0.0,0.0,1,0.957747,1
-0.28872198,1.495366,-0.15781268,2.9317796,-0.27907133,1.0109638,0.029359316,-0.8127276,0.40063572,0.0,0.0,0.0,0.0,0.0,0.0,0.0,0.0,0.0,0.0,1.0,0.0,0.0,0.0,0,0.5703001,1
-0.2881888,-1.73147,-0.042727854,2.8180642,-0.6027129,-0.28685895,-0.04383011,-0.7482683,-1.3722731,0.0,0.0,0.0,0.0,0.0,1.0,0.0,0.0,0.0,0.0,0.0,0.0,0.0,0.0,1,0.58203673,1
-0.17702372,0.028622357,-0.8483217,2.2426467,2.554431,2.3087866,-0.042727273,-0.6193497,0.28982893,0.0,0.0,1.0,0.0,0.0,0.0,0.0,0.0,0.0,0.0,0.0,0.0,0.0,0.0,0,0.7585696,1
-0.29302725,1.3486917,0.07235698,2.8708267,-0.25226632,1.6598753,0.496138,-0.683809,-0.44149598,0.0,0.0,0.0,0.0,0.0,0.0,0.0,0.0,0.0,1.0,0.0,0.0,0.0,0.0,0,0.6541921,1
9.332063,-1.8781444,-0.618152,2.111303,-0.24101673,-0.61131465,-0.03058274,-0.03921632,1.3092515,0.0,0.0,0.0,1.0,0.0,0.0,0.0,0.0,0.0,0.0,0.0,0.0,0.0,0.0,0,0.5301542,1
0.017186455,-1.2914469,-0.6756944,2.186263,-0.49917653,0.03759675,-0.047696993,-0.36151266,1.5308651,0.0,0.0,0.0,1.0,0.0,0.0,0.0,0.0,0.0,0.0,0.0,0.0,0.0,0.0,0,0.7459755,1
-0.057423662,-1.8781444,-0.042727854,2.9657824,4.074035,1.6598753,-0.023842974,-0.87718683,-0.28636646,0.0,0.0,0.0,0.0,1.0,0.0,0.0,0.0,0.0,0.0,0.0,0.0,0.0,0.0,0,0.93239677,1
-0.057920426,-1.4381213,-1.1935762,1.7621827,4.9917707,1.0109638,-0.0431341,0.5409171,-0.68527097,1.0,0.0,0.0,0.0,0.0,0.0,0.0,0.0,0.0,0.0,0.0,0.0,0.0,0.0,1,0.95720667,1
0.02688322,-1.8781444,0.4751539,2.4678535,-0.46045187,1.9843309,0.00134838,-0.2970534,0.7330561,0.0,0.0,0.0,1.0,0.0,0.0,0.0,0.0,0.0,0.0,0.0,0.0,0.0,0.0,1,0.91085684,1
-0.043034166,-1.8781444,-0.042727854,2.3936586,4.7282815,0.03759675,-0.03773376,0.28308,-1.1063368,1.0,0.0,0.0,0.0,0.0,0.0,0.0,0.0,0.0,0.0,0.0,0.0,0.0,0.0,1,0.9634185,1
-0.28196272,1.3486917,-0.44552475,2.4738317,-0.28949654,1.9843309,-0.022975158,-0.42597193,-0.35285056,0.0,0.0,0.0,0.0,0.0,0.0,0.0,0.0,0.0,0.0,0.0,0.0,1.0,0.0,0,0.5023579,1
-0.28856966,1.3486917,-1.3662034,2.6084764,1.9225435,1.6598753,0.07284512,-0.7482683,-0.7074323,0.0,0.0,1.0,0.0,0.0,0.0,0.0,0.0,0.0,0.0,0.0,0.0,0.0,0.0,1,0.7555121,1
-0.28780463,1.495366,-1.3662034,2.864343,7.4390965,1.6598753,0.23293674,0.992132,0.60008794,0.0,0.0,0.0,0.0,0.0,0.0,0.0,1.0,0.0,0.0,0.0,0.0,0.0,0.0,1,0.9036849,1
-0.2917721,1.495366,-0.9634065,2.386769,-0.3253494,0.6865081,0.15491779,-0.6193497,0.22334483,0.0,0.0,0.0,0.0,0.0,0.0,0.0,0.0,0.0,0.0,0.0,0.0,1.0,0.0,0,0.5610324,1
-0.22420274,-1.8781444,-0.6756944,2.669574,4.504058,0.36205244,-0.048358407,0.6698356,-1.1506596,1.0,0.0,0.0,0.0,0.0,0.0,0.0,0.0,0.0,0.0,0.0,0.0,0.0,0.0,1,0.9753871,1
-0.234128,-1.1447725,-0.9634065,3.0342648,0.99099475,2.6332424,0.4389833,2.0234802,2.6167717,0.0,1.0,0.0,0.0,0.0,0.0,0.0,0.0,0.0,0.0,0.0,0.0,0.0,0.0,0,0.7725442,1
-0.043034166,-1.8781444,-0.042727854,2.393671,1.5330602,0.36205244,0.7680069,1.8945618,0.8217016,0.0,1.0,0.0,0.0,0.0,0.0,0.0,0.0,0.0,0.0,0.0,0.0,0.0,0.0,1,0.9995228,1
0.32228354,1.495366,-0.5606096,3.0595858,6.7987804,0.36205244,-0.045617163,2.0879395,2.328674,0.0,0.0,0.0,0.0,0.0,0.0,1.0,0.0,0.0,0.0,0.0,0.0,0.0,0.0,0,0.9552651,1
-0.18979378,1.2020173,0.1298994,2.0162017,5.58752,-0.61131465,-0.04935041,0.28308,1.0654765,0.0,0.0,0.0,0.0,0.0,0.0,0.0,1.0,0.0,0.0,0.0,0.0,0.0,0.0,0,0.8500435,1
-0.29240796,1.0553429,-0.9058641,2.5138245,1.6026694,-0.28685895,-0.048168603,-0.683809,0.2455062,0.0,0.0,0.0,0.0,0.0,0.0,0.0,0.0,0.0,0.0,0.0,0.0,0.0,1.0,1,0.5204533,1
-0.21254541,-0.70474946,0.41761148,2.8265588,1.2404435,-0.61131465,-0.04282923,2.0879395,0.71089476,0.0,1.0,0.0,0.0,0.0,0.0,0.0,0.0,0.0,0.0,0.0,0.0,0.0,0.0,1,0.98698956,1
-0.22717999,1.495366,0.24498422,2.6490486,4.9272065,-0.61131465,0.033005632,0.8632134,-1.0398527,1.0,0.0,0.0,0.0,0.0,0.0,0.0,0.0,0.0,0.0,0.0,0.0,0.0,0.0,1,0.995169,1
-0.2917721,-1.5847957,-0.9634065,2.2260542,-0.28002423,1.3354195,0.05060529,0.15416148,1.4200583,0.0,0.0,0.0,1.0,0.0,0.0,0.0,0.0,0.0,0.0,0.0,0.0,0.0,0.0,0,0.72404104,1
-0.29130182,-0.9980982,1.7986294,2.4761715,-0.34600112,0.03759675,-0.039691012,-0.10367559,0.7552175,0.0,0.0,0.0,1.0,0.0,0.0,0.0,0.0,0.0,0.0,0.0,0.0,0.0,0.0,0,0.5425571,1
-0.23394917,-1.8781444,-0.10027027,3.0127175,-0.4260898,0.03759675,-0.018311378,-0.9416461,-0.28636646,0.0,0.0,0.0,0.0,0.0,1.0,0.0,0.0,0.0,0.0,0.0,0.0,0.0,0.0,0,0.6144403,1
-0.07200524,1.495366,0.59023875,1.8012837,5.2582946,-0.93577033,0.29009232,2.0879395,-0.57446414,0.0,0.0,0.0,0.0,0.0,0.0,1.0,0.0,0.0,0.0,0.0,0.0,0.0,0.0,1,0.9964257,1
-0.21254541,1.3486917,0.41761148,2.029895,-0.26942426,-0.93577033,0.447529,-0.683809,0.26766756,0.0,0.0,0.0,0.0,0.0,0.0,0.0,0.0,0.0,1.0,0.0,0.0,0.0,0.0,0,0.51597893,1
-0.28816894,-1.73147,-0.042727854,1.8693,-0.43366668,1.0109638,-0.030008813,-0.7482683,-1.305789,0.0,0.0,0.0,0.0,0.0,1.0,0.0,0.0,0.0,0.0,0.0,0.0,0.0,0.0,0,0.52534354,1
0.8102911,1.3486917,0.30252665,2.9651759,0.8888045,0.03759675,-0.04959214,-0.6193497,1.0211538,0.0,0.0,0.0,0.0,0.0,0.0,0.0,0.0,1.0,0.0,0.0,0.0,0.0,0.0,0,0.6238104,1
-0.05749652,1.495366,-0.9058641,3.019097,-0.15658323,1.3354195,0.09252559,-0.87718683,0.8217016,0.0,0.0,0.0,0.0,0.0,0.0,0.0,0.0,0.0,0.0,1.0,0.0,0.0,0.0,0,0.6436501,1
-0.28524467,-1.5847957,0.30252665,2.4547544,1.883011,-0.93577033,-0.032733873,2.3457766,0.40063572,0.0,1.0,0.0,0.0,0.0,0.0,0.0,0.0,0.0,0.0,0.0,0.0,0.0,0.0,1,0.9995554,1
2.4933622,-1.4381213,0.59023875,1.970638,1.4837037,0.36205244,-0.036296338,2.1523988,0.7995402,0.0,1.0,0.0,0.0,0.0,0.0,0.0,0.0,0.0,0.0,0.0,0.0,0.0,0.0,1,0.9997712,1
-0.24307632,-1.8781444,2.143884,2.0235863,-0.2719924,0.03759675,-0.048056375,0.08970222,1.2649288,0.0,0.0,0.0,1.0,0.0,0.0,0.0,0.0,0.0,0.0,0.0,0.0,0.0,0.0,0,0.59989023,1
-0.015626233,-1.73147,0.1298994,2.844911,-0.44483283,-0.61131465,-0.048453234,-0.8127276,-1.1063368,0.0,0.0,0.0,0.0,0.0,1.0,0.0,0.0,0.0,0.0,0.0,0.0,0.0,0.0,0,0.57880193,1
-0.29176548,-1.5847957,-1.2511185,2.9526448,1.3958951,-0.28685895,-0.023882039,1.4433469,2.018415,0.0,1.0,0.0,0.0,0.0,0.0,0.0,0.0,0.0,0.0,0.0,0.0,0.0,0.0,1,0.99612373,1
-0.28388354,1.495366,-0.44552475,1.8349191,4.6229925,-0.61131465,-0.047235336,0.7342949,-0.109075576,0.0,0.0,0.0,0.0,0.0,0.0,1.0,0.0,0.0,0.0,0.0,0.0,0.0,0.0,0,0.8499823,1
-0.21290639,1.495366,-0.5606096,3.019097,2.3363829,0.36205244,-0.04313098,-0.42597193,0.8217016,0.0,0.0,1.0,0.0,0.0,0.0,0.0,0.0,0.0,0.0,0.0,0.0,0.0,0.0,0,0.92853427,1
3.8169076,-1.73147,0.8204084,2.6093864,-0.7070918,0.03759675,-0.04292174,-0.03921632,0.71089476,0.0,0.0,0.0,1.0,0.0,0.0,0.0,0.0,0.0,0.0,0.0,0.0,0.0,0.0,0,0.5364429,1
-0.24704377,-1.8781444,0.1298994,2.5688286,1.0256703,-0.61131465,-0.045721747,2.0879395,0.64441067,0.0,1.0,0.0,0.0,0.0,0.0,0.0,0.0,0.0,0.0,0.0,0.0,0.0,0.0,0,0.7884221,1
1.0625097,1.0553429,2.4891384,2.9779258,1.0775611,-0.61131465,5.731146,-0.4904312,1.7746401,0.0,0.0,0.0,0.0,0.0,0.0,0.0,0.0,0.0,0.0,0.0,0.0,0.0,1.0,0,0.8193904,1
-0.14413156,-1.2914469,0.24498422,2.8522677,4.608479,1.3354195,-0.019382592,0.47645783,0.46711978,0.0,0.0,0.0,0.0,0.0,0.0,0.0,1.0,0.0,0.0,0.0,0.0,0.0,0.0,0,0.9205732,1
-0.29388168,1.3486917,-0.618152,2.2181373,1.1710382,1.0109638,-0.045974977,-0.8127276,1.0654765,0.0,0.0,0.0,0.0,0.0,0.0,0.0,0.0,0.0,0.0,0.0,0.0,0.0,1.0,0,0.74851346,1
0.33565632,0.17529672,0.014814562,3.0504048,2.5642352,0.36205244,-0.04680055,-0.7482683,1.8411242,0.0,0.0,1.0,0.0,0.0,0.0,0.0,0.0,0.0,0.0,0.0,0.0,0.0,0.0,0,0.79941815,1
-0.2902222,0.028622357,1.453375,2.1148906,5.234009,0.03759675,-0.04648798,0.025242949,0.8660243,0.0,0.0,0.0,0.0,0.0,0.0,0.0,1.0,0.0,0.0,0.0,0.0,0.0,0.0,1,0.95606154,1
-0.29254374,-1.4381213,0.9930356,1.8091731,-0.5143516,1.0109638,-0.045611538,-0.23259413,1.1984447,0.0,0.0,0.0,1.0,0.0,0.0,0.0,0.0,0.0,0.0,0.0,0.0,0.0,0.0,0,0.76285565,1
-0.26239038,1.495366,-1.3662034,2.3397424,7.9862475,-0.61131465,-0.016696986,2.2168581,-0.39717326,0.0,0.0,0.0,0.0,0.0,0.0,1.0,0.0,0.0,0.0,0.0,0.0,0.0,0.0,0,0.95524216,1
-0.28983805,1.3486917,0.8779508,1.7607518,4.6498027,-0.61131465,-0.048377298,0.6698356,-1.1949823,1.0,0.0,0.0,0.0,0.0,0.0,0.0,0.0,0.0,0.0,0.0,0.0,0.0,0.0,1,0.99788886,1
-0.29196748,1.495366,0.24498422,3.0393927,-0.25482604,0.36205244,0.06819861,-0.683809,1.3978969,0.0,0.0,0.0,0.0,0.0,0.0,0.0,0.0,0.0,1.0,0.0,0.0,0.0,0.0,0,0.6557579,1
-0.21254541,-1.73147,0.41761148,2.8313143,-0.44230026,1.0109638,-0.041021794,0.47645783,0.66657203,0.0,0.0,0.0,1.0,0.0,0.0,0.0,0.0,0.0,0.0,0.0,0.0,0.0,0.0,1,0.87484163,1
-0.29160982,1.495366,0.07235698,3.0461497,0.43807894,1.0109638,-0.04236573,2.9903693,7.6917233,0.0,0.0,0.0,0.0,0.0,0.0,0.0,0.0,1.0,0.0,0.0,0.0,0.0,0.0,0,0.7571244,1
-0.26857007,-1.5847957,0.8204084,1.7754441,1.7926348,-0.61131465,-0.041647106,2.2813175,1.2206061,0.0,1.0,0.0,0.0,0.0,0.0,0.0,0.0,0.0,0.0,0.0,0.0,0.0,0.0,1,0.99975365,1
-0.26477483,-1.73147,-1.5388306,2.400703,1.5855426,-0.28685895,-0.012059156,1.5722654,0.28982893,0.0,1.0,0.0,0.0,0.0,0.0,0.0,0.0,0.0,0.0,0.0,0.0,0.0,0.0,1,0.9969976,1
-0.28073075,1.0553429,-0.9634065,3.031745,6.215887,1.3354195,-0.037469957,1.8945618,2.0848992,0.0,0.0,0.0,0.0,0.0,0.0,1.0,0.0,0.0,0.0,0.0,0.0,0.0,0.0,0,0.8717054,1
-0.2884173,1.3486917,-0.9634065,2.0431976,0.9568372,0.03759675,-0.048337013,2.0234802,0.93250835,0.0,1.0,0.0,0.0,0.0,0.0,0.0,0.0,0.0,0.0,0.0,0.0,0.0,0.0,1,0.8988021,1
-0.28061816,-1.73147,-0.2153551,2.0643237,6.4160547,0.6865081,-0.00932299,2.410236,0.31199026,0.0,0.0,0.0,0.0,0.0,0.0,1.0,0.0,0.0,0.0,0.0,0.0,0.0,0.0,1,0.9969144,1
0.09051162,1.495366,2.3740537,2.03005,4.8582435,0.03759675,-0.047912486,0.21862076,-0.99553,1.0,0.0,0.0,0.0,0.0,0.0,0.0,0.0,0.0,0.0,0.0,0.0,0.0,0.0,1,0.9978029,1
-0.288616,-1.8781444,-0.73323685,2.5552804,6.030627,-0.28685895,0.006657196,1.4433469,-0.7295937,0.0,0.0,0.0,0.0,0.0,0.0,1.0,0.0,0.0,0.0,0.0,0.0,0.0,0.0,1,0.9981184,1
-0.2704412,1.495366,-0.5030672,2.3395934,0.674483,-0.61131465,-0.04486184,-0.7482683,0.15686075,0.0,0.0,0.0,0.0,0.0,0.0,0.0,0.0,1.0,0.0,0.0,0.0,0.0,0.0,0,0.5420045,1
-0.24491434,1.2020173,-0.042727854,2.904149,4.486481,0.6865081,-0.03128369,0.47645783,0.9768311,0.0,0.0,0.0,0.0,0.0,0.0,0.0,1.0,0.0,0.0,0.0,0.0,0.0,0.0,0,0.78451264,1
-0.25688627,0.17529672,0.07235698,2.0074844,4.6219573,1.3354195,-0.028654274,0.21862076,0.8660243,0.0,0.0,0.0,0.0,0.0,0.0,0.0,1.0,0.0,0.0,0.0,0.0,0.0,0.0,0,0.59824425,1
0.020501504,1.3486917,1.5684597,1.9557804,1.2839953,0.03759675,-0.04853959,1.8945618,1.1097993,0.0,1.0,0.0,0.0,0.0,0.0,0.0,0.0,0.0,0.0,0.0,0.0,0.0,0.0,1,0.9993467,1
7.600726,1.3486917,0.8204084,2.7564898,-0.4611894,-1.260226,-0.049251415,-0.36151266,-0.57446414,0.0,0.0,0.0,0.0,0.0,0.0,0.0,0.0,0.0,0.0,1.0,0.0,0.0,0.0,0,0.50425535,1
2.1442156,-1.73147,1.2232053,2.7976522,-0.2889487,0.03759675,-0.014500909,0.6698356,0.93250835,0.0,0.0,0.0,1.0,0.0,0.0,0.0,0.0,0.0,0.0,0.0,0.0,0.0,0.0,0,0.8771829,1
-0.2819495,0.17529672,0.014814562,2.599606,5.2854395,0.6865081,-0.037876625,1.5722654,-0.5301414,0.0,0.0,0.0,0.0,0.0,0.0,1.0,0.0,0.0,0.0,0.0,0.0,0.0,0.0,0,0.73386955,1
-0.2891194,1.3486917,-0.618152,2.144244,3.1353579,-0.28685895,0.112078026,-0.55489045,0.09037667,0.0,0.0,1.0,0.0,0.0,0.0,0.0,0.0,0.0,0.0,0.0,0.0,0.0,0.0,1,0.95588565,1
-0.29312328,1.3486917,-1.6539155,2.4403198,4.718932,-0.28685895,0.020710172,1.7656432,-0.5523028,0.0,0.0,0.0,0.0,0.0,0.0,1.0,0.0,0.0,0.0,0.0,0.0,0.0,0.0,1,0.94219476,1
-0.260198,-1.4381213,0.30252665,2.3205986,1.3757507,-0.28685895,-0.039689362,2.0234802,0.8660243,0.0,1.0,0.0,0.0,0.0,0.0,0.0,0.0,0.0,0.0,0.0,0.0,0.0,0.0,1,0.9993112,1
-0.29324582,1.495366,0.1298994,2.1511836,-0.13841662,0.03759675,0.020753028,-0.683809,-0.1533983,0.0,0.0,0.0,0.0,0.0,0.0,0.0,0.0,0.0,1.0,0.0,0.0,0.0,0.0,0,0.58807534,1
-0.28856966,-0.85142386,-1.3662034,2.6043255,-0.43956214,1.3354195,-0.042960342,0.025242949,0.48928115,0.0,0.0,0.0,1.0,0.0,0.0,0.0,0.0,0.0,0.0,0.0,0.0,0.0,0.0,1,0.54635644,1
-0.11278928,1.495366,-0.79077923,2.9047658,5.8835297,0.03759675,0.04553508,2.2813175,0.8217016,0.0,0.0,0.0,0.0,0.0,0.0,1.0,0.0,0.0,0.0,0.0,0.0,0.0,0.0,1,0.98237324,1
0.9606837,-1.5847957,-0.2153551,2.266501,2.9535635,-0.93577033,-0.048433635,-0.8127276,0.0682153,0.0,0.0,1.0,0.0,0.0,0.0,0.0,0.0,0.0,0.0,0.0,0.0,0.0,0.0,1,0.95257145,1
-0.28917238,1.495366,-1.1360338,2.7096565,1.3562778,-0.28685895,-0.046591856,2.8614507,0.5557652,0.0,1.0,0.0,0.0,0.0,0.0,0.0,0.0,0.0,0.0,0.0,0.0,0.0,0.0,1,0.99116665,1
-0.27461398,-0.9980982,-1.1360338,2.2744343,3.6331031,-0.93577033,0.025764072,0.21862076,-0.7739164,1.0,0.0,0.0,0.0,0.0,0.0,0.0,0.0,0.0,0.0,0.0,0.0,0.0,0.0,0,0.52080894,1
-0.27462062,1.495366,0.07235698,2.7905707,-0.25458,0.03759675,0.25921243,-0.87718683,-0.5523028,0.0,0.0,0.0,0.0,0.0,0.0,0.0,0.0,0.0,0.0,1.0,0.0,0.0,0.0,0,0.6600441,1
-0.14480384,-1.8781444,-1.1360338,3.046516,1.0559841,1.0109638,-0.040122405,2.2813175,3.2594512,0.0,1.0,0.0,0.0,0.0,0.0,0.0,0.0,0.0,0.0,0.0,0.0,0.0,0.0,0,0.9648668,1
-0.28837094,0.028622357,0.014814562,3.0030544,5.4478254,0.03759675,-0.047437616,0.41199857,2.1070604,0.0,0.0,0.0,0.0,0.0,0.0,0.0,1.0,0.0,0.0,0.0,0.0,0.0,0.0,0,0.5794394,1
-0.13455732,1.3486917,-0.9634065,2.3394604,5.7514887,0.03759675,0.13590439,2.410236,-0.1533983,0.0,0.0,0.0,0.0,0.0,0.0,1.0,0.0,0.0,0.0,0.0,0.0,0.0,0.0,1,0.97905284,1
-0.1799215,1.0553429,0.18744181,2.7761526,4.35181,-0.28685895,-0.0459286,1.249969,-0.3306892,0.0,0.0,0.0,0.0,0.0,0.0,1.0,0.0,0.0,0.0,0.0,0.0,0.0,0.0,0,0.5350532,1
-0.28857958,1.3486917,-0.73323685,3.0257483,0.9568544,-0.61131465,-0.044303697,-0.7482683,2.3729968,0.0,0.0,0.0,0.0,0.0,0.0,0.0,0.0,0.0,0.0,0.0,0.0,0.0,1.0,0,0.50791967,1
-0.28086653,-1.8781444,0.1298994,2.4611752,1.7962533,-0.93577033,-0.02004656,1.5722654,-0.13123694,0.0,1.0,0.0,0.0,0.0,0.0,0.0,0.0,0.0,0.0,0.0,0.0,0.0,0.0,1,0.99935037,1
-0.29152042,-1.4381213,2.7193081,2.7781239,-0.46272618,-0.93577033,-0.048564013,0.025242949,0.77737886,0.0,0.0,0.0,1.0,0.0,0.0,0.0,0.0,0.0,0.0,0.0,0.0,0.0,0.0,0,0.78332084,1
-0.2719646,-1.73147,-1.4237459,2.373983,-0.84082377,-0.28685895,-0.046321116,-0.16813485,1.1097993,0.0,0.0,0.0,1.0,0.0,0.0,0.0,0.0,0.0,0.0,0.0,0.0,0.0,0.0,0,0.84417725,1
-0.26176113,1.495366,2.834393,2.615409,0.12717842,-0.61131465,-0.04725133,-0.9416461,-1.5274026,0.0,0.0,0.0,0.0,0.0,0.0,0.0,0.0,0.0,0.0,0.0,1.0,0.0,0.0,0,0.61027205,1
-0.29395452,0.9086686,0.24498422,1.8003536,3.8659368,-0.93577033,-0.047687437,0.7342949,-0.5966255,1.0,0.0,0.0,0.0,0.0,0.0,0.0,0.0,0.0,0.0,0.0,0.0,0.0,0.0,1,0.9492639,1
-0.29369292,1.0553429,0.36006907,1.888058,4.750945,-0.93577033,-0.048065398,0.6698356,0.356313,0.0,0.0,0.0,0.0,0.0,0.0,0.0,1.0,0.0,0.0,0.0,0.0,0.0,0.0,1,0.95467347,1
-0.041202776,1.495366,-0.6756944,2.9653857,1.4733539,1.3354195,-0.0019110262,-0.4904312,1.8189628,0.0,0.0,0.0,0.0,0.0,0.0,0.0,0.0,0.0,0.0,0.0,0.0,0.0,1.0,0,0.93917155,1
-0.29381874,-1.1447725,-0.9058641,1.8906155,4.883253,-0.93577033,-0.045393888,0.60537636,-0.5523028,1.0,0.0,0.0,0.0,0.0,0.0,0.0,0.0,0.0,0.0,0.0,0.0,0.0,0.0,0,0.90694743,1
-0.29336172,-1.8781444,-0.79077923,1.9161892,-0.4182423,-0.28685895,-0.04078017,-0.16813485,1.2206061,0.0,0.0,0.0,1.0,0.0,0.0,0.0,0.0,0.0,0.0,0.0,0.0,0.0,0.0,0,0.73325825,1
-0.2938353,1.3486917,-0.73323685,1.9557475,6.645851,1.6598753,1.01449,0.7342949,0.37847435,0.0,0.0,0.0,0.0,0.0,0.0,1.0,0.0,0.0,0.0,0.0,0.0,0.0,0.0,1,0.95743465,1
-0.29043415,1.495366,-0.38798234,2.7904084,-0.2872717,0.03759675,0.12397753,-0.42597193,0.20118347,0.0,0.0,0.0,0.0,0.0,0.0,0.0,0.0,0.0,0.0,0.0,0.0,1.0,0.0,0,0.5801871,1
-0.29302394,-1.73147,0.36006907,2.3064368,-0.6084887,-0.93577033,-0.04548758,0.21862076,0.7552175,0.0,0.0,0.0,1.0,0.0,0.0,0.0,0.0,0.0,0.0,0.0,0.0,0.0,0.0,0,0.8369578,1
-0.29240796,1.3486917,-0.9058641,1.8414965,4.3870587,-0.28685895,-0.034446593,0.7342949,-1.305789,1.0,0.0,0.0,0.0,0.0,0.0,0.0,0.0,0.0,0.0,0.0,0.0,0.0,0.0,0,0.97759664,1
-0.29334518,1.3486917,0.7053236,2.5142899,5.2549715,0.36205244,-0.033291087,1.249969,-0.7074323,0.0,0.0,0.0,0.0,0.0,0.0,1.0,0.0,0.0,0.0,0.0,0.0,0.0,0.0,1,0.99724704,1
-0.29334518,1.3486917,0.7053236,2.5210817,4.788488,-1.260226,-0.047930837,0.41199857,-0.020430136,0.0,0.0,0.0,0.0,0.0,0.0,0.0,1.0,0.0,0.0,0.0,0.0,0.0,0.0,1,0.99358153,1
-0.29207346,1.495366,0.014814562,2.6088457,-0.20308489,-0.61131465,-0.011787461,-0.42597193,1.3314129,0.0,0.0,0.0,0.0,0.0,0.0,0.0,0.0,0.0,1.0,0.0,0.0,0.0,0.0,0,0.54868436,1
-0.114378914,-1.4381213,0.07235698,2.3206892,-0.2588679,1.3354195,-0.03956322,-0.03921632,1.0211538,0.0,0.0,0.0,1.0,0.0,0.0,0.0,0.0,0.0,0.0,0.0,0.0,0.0,0.0,0,0.64330715,1
-0.29313654,-1.5847957,-0.2728975,2.1858466,-0.28092957,0.03759675,-0.04527181,0.15416148,0.64441067,0.0,0.0,0.0,1.0,0.0,0.0,0.0,0.0,0.0,0.0,0.0,0.0,0.0,0.0,0,0.546917,1
-0.23094212,1.3486917,2.546681,2.2587657,1.3150171,-0.28685895,-0.033119258,-0.7482683,0.8217016,0.0,0.0,0.0,0.0,0.0,0.0,0.0,0.0,0.0,0.0,0.0,0.0,0.0,1.0,0,0.6655561,1
-0.2770713,-1.2914469,-1.1360338,2.8120763,-0.37418222,1.9843309,-0.048743214,-0.16813485,1.0876379,0.0,0.0,0.0,1.0,0.0,0.0,0.0,0.0,0.0,0.0,0.0,0.0,0.0,0.0,0,0.5736609,1
-0.28067115,1.3486917,-0.10027027,2.7698572,1.164321,-0.28685895,-0.039296772,-0.55489045,0.44495845,0.0,0.0,0.0,0.0,0.0,0.0,0.0,0.0,0.0,0.0,0.0,0.0,0.0,1.0,0,0.653422,1
-0.2917721,1.495366,-0.9634065,2.9788196,-0.30424565,1.6598753,0.2923081,-0.55489045,0.84386295,0.0,0.0,0.0,0.0,0.0,0.0,0.0,0.0,0.0,1.0,0.0,0.0,0.0,0.0,0,0.59684646,1
-0.29227218,1.3486917,2.431596,2.7700963,5.872114,-0.93577033,-0.048274767,0.5409171,-1.0176914,1.0,0.0,0.0,0.0,0.0,0.0,0.0,0.0,0.0,0.0,0.0,0.0,0.0,0.0,1,0.9979796,1
-0.28383386,-0.70474946,1.7986294,2.6044757,1.6661303,-0.93577033,-0.047857415,2.2813175,0.09037667,0.0,1.0,0.0,0.0,0.0,0.0,0.0,0.0,0.0,0.0,0.0,0.0,0.0,0.0,1,0.9993487,1
0.49602386,-1.73147,-1.1360338,2.0978897,-0.37422276,1.9843309,-0.038728688,0.025242949,1.6859946,0.0,0.0,0.0,1.0,0.0,0.0,0.0,0.0,0.0,0.0,0.0,0.0,0.0,0.0,0,0.75497305,1
-0.29215625,1.495366,-0.8483217,2.124471,0.77783525,0.36205244,-0.046929616,-0.683809,1.1984447,0.0,0.0,0.0,0.0,0.0,0.0,0.0,0.0,0.0,0.0,0.0,0.0,0.0,1.0,0,0.6034517,1
-0.11278928,1.495366,-0.79077923,2.9116642,6.2450647,0.03759675,0.008221038,2.410236,3.791324,0.0,0.0,0.0,0.0,0.0,0.0,1.0,0.0,0.0,0.0,0.0,0.0,0.0,0.0,1,0.97516304,1
-0.13995877,-1.8781444,0.18744181,1.9834318,-0.20778601,-0.28685895,0.59607464,0.15416148,1.1762834,0.0,0.0,0.0,1.0,0.0,0.0,0.0,0.0,0.0,0.0,0.0,0.0,0.0,0.0,0,0.6728406,1
-0.2533129,1.495366,-0.79077923,2.938349,0.12718083,2.957698,2.2363281,-0.7482683,0.46711978,0.0,0.0,0.0,0.0,0.0,0.0,0.0,0.0,0.0,0.0,1.0,0.0,0.0,0.0,0,0.5578463,1
-0.2917721,-1.4381213,-0.9634065,2.5897245,-0.27160612,0.03759675,0.07026672,-0.23259413,0.5557652,0.0,0.0,0.0,1.0,0.0,0.0,0.0,0.0,0.0,0.0,0.0,0.0,0.0,0.0,0,0.7603765,1
-0.17726217,1.2020173,-0.10027027,2.5747201,1.5686262,-0.28685895,-0.042552836,-0.8127276,0.5557652,0.0,0.0,0.0,0.0,0.0,0.0,0.0,0.0,0.0,0.0,0.0,0.0,0.0,1.0,0,0.6505666,1
-0.2868012,1.3486917,-0.73323685,2.8305805,4.81981,0.03759675,0.2750313,0.21862076,-1.1728209,1.0,0.0,0.0,0.0,0.0,0.0,0.0,0.0,0.0,0.0,0.0,0.0,0.0,0.0,1,0.9849636,1
-0.27901196,-1.4381213,-1.0209489,2.9194503,3.7284362,1.3354195,-0.046335742,0.3475393,-0.41933462,1.0,0.0,0.0,0.0,0.0,0.0,0.0,0.0,0.0,0.0,0.0,0.0,0.0,0.0,0,0.74018395,1
-0.2939115,1.3486917,1.050578,2.0097888,-0.1545874,0.03759675,0.048522566,-0.683809,0.2455062,0.0,0.0,0.0,0.0,0.0,0.0,0.0,0.0,0.0,1.0,0.0,0.0,0.0,0.0,0,0.6359444,1
-0.29038778,1.495366,-0.73323685,2.9654658,4.613905,1.3354195,0.07943613,1.5722654,0.40063572,0.0,0.0,0.0,0.0,0.0,0.0,1.0,0.0,0.0,0.0,0.0,0.0,0.0,0.0,1,0.9401279,1
-0.29340148,-1.73147,-1.3662034,2.2391589,-0.2589841,-0.61131465,-0.031401645,0.6698356,1.1762834,0.0,0.0,0.0,1.0,0.0,0.0,0.0,0.0,0.0,0.0,0.0,0.0,0.0,0.0,0,0.599734,1
-0.29302725,0.61531985,0.07235698,1.7861873,1.708018,0.03759675,-0.039109837,-0.4904312,0.71089476,0.0,0.0,0.0,0.0,0.0,0.0,0.0,0.0,0.0,0.0,0.0,0.0,0.0,1.0,0,0.5080318,1
-0.28489363,-1.73147,0.7053236,1.8962104,1.3677808,0.03759675,-0.044659816,1.5078062,1.1097993,0.0,1.0,0.0,0.0,0.0,0.0,0.0,0.0,0.0,0.0,0.0,0.0,0.0,0.0,1,0.99954957,1
-0.29340148,1.3486917,-1.3662034,2.9920614,1.234585,3.2821536,1.4736316,-0.7482683,1.2870902,0.0,0.0,0.0,0.0,0.0,0.0,0.0,0.0,1.0,0.0,0.0,0.0,0.0,0.0,0,0.5151503,1
-0.261069,-1.5847957,0.64778113,2.5960588,1.3654101,-0.93577033,0.0014366058,1.7011839,0.28982893,0.0,1.0,0.0,0.0,0.0,0.0,0.0,0.0,0.0,0.0,0.0,0.0,0.0,0.0,1,0.9995103,1
2.2145767,0.7619942,-0.33043993,1.9950975,5.580325,-0.93577033,-0.043845695,1.7656432,-0.13123694,0.0,0.0,0.0,0.0,0.0,0.0,1.0,0.0,0.0,0.0,0.0,0.0,0.0,0.0,0,0.6507826,1
-0.28330398,1.495366,-0.2728975,2.3060052,5.927674,-0.61131465,0.00589834,1.7011839,0.40063572,0.0,0.0,0.0,0.0,0.0,0.0,1.0,0.0,0.0,0.0,0.0,0.0,0.0,0.0,1,0.97868377,1
-0.29244438,1.495366,0.41761148,2.1849396,2.3394656,-0.28685895,0.1706861,-0.36151266,0.6887334,0.0,0.0,0.0,0.0,0.0,0.0,0.0,0.0,0.0,0.0,0.0,0.0,0.0,1.0,1,0.96418244,1
-0.28917238,-1.8781444,-1.1360338,2.696642,1.2293568,-0.28685895,-0.0441459,2.3457766,-0.020430136,0.0,1.0,0.0,0.0,0.0,0.0,0.0,0.0,0.0,0.0,0.0,0.0,0.0,0.0,1,0.98442346,1
-0.20200084,-1.8781444,1.1081204,2.1379654,-0.65295535,-1.260226,-0.04905433,0.21862076,1.464381,0.0,0.0,0.0,1.0,0.0,0.0,0.0,0.0,0.0,0.0,0.0,0.0,0.0,0.0,0,0.7701674,1
-0.28833452,1.2020173,0.07235698,2.621645,4.5874624,1.0109638,0.013360277,0.6698356,0.2455062,0.0,0.0,0.0,0.0,0.0,0.0,0.0,1.0,0.0,0.0,0.0,0.0,0.0,0.0,0,0.86490357,1
-0.25690612,1.495366,-0.2153551,2.79041,3.7155213,0.03759675,0.0038609894,0.28308,0.0017312241,0.0,0.0,0.0,0.0,0.0,0.0,0.0,1.0,0.0,0.0,0.0,0.0,0.0,0.0,1,0.8429601,1
-0.2891823,-1.8781444,-1.1360338,2.016866,-0.5509326,1.0109638,-0.034693245,0.21862076,1.6859946,0.0,0.0,0.0,1.0,0.0,0.0,0.0,0.0,0.0,0.0,0.0,0.0,0.0,0.0,1,0.85480297,1
-0.29039112,-1.4381213,1.2807478,2.8992493,1.8787854,3.6066093,-0.024047412,1.8945618,0.77737886,0.0,1.0,0.0,0.0,0.0,0.0,0.0,0.0,0.0,0.0,0.0,0.0,0.0,0.0,1,0.99935097,1
-0.2745345,1.495366,0.014814562,2.8912938,5.899062,-0.28685895,-0.038805783,1.0565913,0.40063572,0.0,0.0,0.0,0.0,0.0,0.0,1.0,0.0,0.0,0.0,0.0,0.0,0.0,0.0,1,0.9778555,1
-0.27853176,1.3486917,-0.2153551,3.0323389,-0.3328975,-0.61131465,0.106268115,-0.6193497,1.708156,0.0,0.0,0.0,0.0,0.0,0.0,0.0,0.0,0.0,1.0,0.0,0.0,0.0,0.0,0,0.5403229,1
-0.22897163,1.495366,-0.618152,2.2993398,8.465801,0.6865081,-0.04041535,2.410236,-0.3750119,0.0,0.0,0.0,0.0,0.0,0.0,1.0,0.0,0.0,0.0,0.0,0.0,0.0,0.0,0,0.7463011,1
-0.26955697,-1.73147,1.050578,2.8111393,-0.28871065,-0.28685895,0.0046843933,0.15416148,0.51144254,0.0,0.0,0.0,1.0,0.0,0.0,0.0,0.0,0.0,0.0,0.0,0.0,0.0,0.0,1,0.8658189,1
-0.261069,1.495366,0.64778113,2.6019764,4.8443823,-0.28685895,0.74054027,2.410236,-0.30852783,0.0,0.0,0.0,0.0,0.0,0.0,1.0,0.0,0.0,0.0,0.0,0.0,0.0,0.0,1,0.9961293,1
-0.28552946,1.495366,-1.2511185,3.0260391,0.13446653,0.6865081,0.12120428,-0.6193497,1.1984447,0.0,0.0,0.0,0.0,0.0,0.0,0.0,0.0,1.0,0.0,0.0,0.0,0.0,0.0,0,0.5387378,1
-0.29260665,1.3486917,0.4751539,2.8372552,0.038478587,0.6865081,0.08398151,-0.683809,-0.21988238,0.0,0.0,0.0,0.0,0.0,0.0,0.0,0.0,0.0,1.0,0.0,0.0,0.0,0.0,0,0.5837682,1
-0.28806627,-1.8781444,-0.10027027,1.9967159,-0.28794587,0.6865081,-0.046270102,0.15416148,1.3978969,0.0,0.0,0.0,1.0,0.0,0.0,0.0,0.0,0.0,0.0,0.0,0.0,0.0,0.0,0,0.57518727,1
-0.25688627,-1.5847957,0.07235698,2.912321,-0.53036374,-0.28685895,-0.04895339,0.025242949,1.8632855,0.0,0.0,0.0,1.0,0.0,0.0,0.0,0.0,0.0,0.0,0.0,0.0,0.0,0.0,1,0.84526527,1
-0.2935538,1.2020173,1.6260022,2.9311378,0.6820351,1.0109638,-0.04521872,2.9903693,4.6556168,0.0,0.0,0.0,0.0,0.0,0.0,0.0,0.0,1.0,0.0,0.0,0.0,0.0,0.0,0,0.667646,1
-0.22417292,1.495366,-0.618152,1.794619,0.25864148,0.6865081,-0.028771747,-0.7482683,0.31199026,0.0,0.0,0.0,0.0,0.0,0.0,0.0,0.0,1.0,0.0,0.0,0.0,0.0,0.0,0,0.5765777,1
-0.22162952,-1.5847957,-0.15781268,2.5422163,1.5827377,0.03759675,0.9602919,1.7011839,0.26766756,0.0,1.0,0.0,0.0,0.0,0.0,0.0,0.0,0.0,0.0,0.0,0.0,0.0,0.0,1,0.99954885,1
0.7705271,1.495366,-1.0209489,2.8981135,-0.17000836,0.03759675,-0.033310827,-0.42597193,2.74974,0.0,0.0,0.0,0.0,0.0,0.0,0.0,0.0,0.0,1.0,0.0,0.0,0.0,0.0,0,0.5547432,1
-0.22634542,1.495366,-1.3662034,2.2858157,-0.21105139,1.6598753,0.4909062,-0.55489045,-0.68527097,0.0,0.0,0.0,0.0,0.0,0.0,0.0,0.0,0.0,1.0,0.0,0.0,0.0,0.0,0,0.5488235,1
-0.22420274,1.495366,-0.6756944,1.8080391,-0.4619827,-0.28685895,0.055964015,-0.7482683,0.15686075,0.0,0.0,0.0,0.0,0.0,0.0,0.0,0.0,0.0,0.0,1.0,0.0,0.0,0.0,0,0.5581632,1
-0.29369292,-1.4381213,0.36006907,1.8899757,-0.39841598,0.6865081,-0.029468121,-0.6193497,-1.305789,0.0,0.0,0.0,0.0,0.0,1.0,0.0,0.0,0.0,0.0,0.0,0.0,0.0,0.0,1,0.8289336,1
-0.28757945,-1.8781444,-0.2728975,2.0170836,-0.2696841,0.36205244,-0.03133097,-0.10367559,1.3757355,0.0,0.0,0.0,1.0,0.0,0.0,0.0,0.0,0.0,0.0,0.0,0.0,0.0,0.0,0,0.5192876,1
-0.2711433,1.495366,-0.6756944,1.942626,4.5613794,1.0109638,-0.04251982,2.0879395,-0.19772102,0.0,0.0,0.0,0.0,0.0,0.0,1.0,0.0,0.0,0.0,0.0,0.0,0.0,0.0,0,0.917924,1
-0.2917721,-1.4381213,-0.9634065,2.2735238,5.962706,0.6865081,0.1909712,2.3457766,0.2455062,0.0,0.0,0.0,0.0,0.0,0.0,1.0,0.0,0.0,0.0,0.0,0.0,0.0,0.0,1,0.99817026,1
-0.28826827,-1.5847957,-0.5606096,2.8249729,-0.4803958,-1.260226,-0.049512375,-0.42597193,0.48928115,0.0,0.0,0.0,1.0,0.0,0.0,0.0,0.0,0.0,0.0,0.0,0.0,0.0,0.0,0,0.54567605,1
-0.2711433,0.028622357,-0.6756944,1.9466668,7.284434,0.6865081,-0.033819962,2.2813175,0.42279708,0.0,0.0,0.0,0.0,0.0,0.0,1.0,0.0,0.0,0.0,0.0,0.0,0.0,0.0,0,0.66359186,1
-0.24626884,1.3486917,0.8204084,2.9986353,6.5421367,0.03759675,-0.047122713,0.025242949,2.7054172,0.0,0.0,0.0,0.0,0.0,0.0,0.0,1.0,0.0,0.0,0.0,0.0,0.0,0.0,1,0.9746192,1
-0.28652298,-0.9980982,0.24498422,1.904331,-0.26748362,1.3354195,-0.04762942,-0.10367559,1.2206061,0.0,0.0,0.0,1.0,0.0,0.0,0.0,0.0,0.0,0.0,0.0,0.0,0.0,0.0,0,0.50522274,1
-0.29360348,-1.5847957,1.1656629,2.1185267,-0.30263186,-0.93577033,-0.031187227,0.025242949,1.154122,0.0,0.0,0.0,1.0,0.0,0.0,0.0,0.0,0.0,0.0,0.0,0.0,0.0,0.0,0,0.7224464,1
-0.27276936,-1.73147,0.8204084,2.1248846,-0.3938345,-1.260226,-0.04883616,0.025242949,1.1762834,0.0,0.0,0.0,1.0,0.0,0.0,0.0,0.0,0.0,0.0,0.0,0.0,0.0,0.0,0,0.75586486,1
-0.29206023,-1.1447725,0.014814562,2.8526258,-0.37645662,0.03759675,-0.04425834,-0.10367559,0.8660243,0.0,0.0,0.0,1.0,0.0,0.0,0.0,0.0,0.0,0.0,0.0,0.0,0.0,0.0,0,0.5994618,1
-0.2930173,-1.4381213,-0.15781268,2.0784826,1.6982274,1.6598753,0.083182774,1.5078062,0.84386295,0.0,1.0,0.0,0.0,0.0,0.0,0.0,0.0,0.0,0.0,0.0,0.0,0.0,0.0,1,0.99905485,1
-0.2755545,1.3486917,0.8204084,2.2385705,4.798327,-0.61131465,-0.04820634,0.992132,-0.41933462,1.0,0.0,0.0,0.0,0.0,0.0,0.0,0.0,0.0,0.0,0.0,0.0,0.0,0.0,1,0.9977883,1
-0.29390818,1.3486917,-0.9058641,2.5276551,5.7272725,1.9843309,-0.026253728,1.5722654,-0.28636646,0.0,0.0,0.0,0.0,0.0,0.0,1.0,0.0,0.0,0.0,0.0,0.0,0.0,0.0,0,0.9610397,1
-0.29018578,1.495366,-0.38798234,1.8217152,-0.2897149,0.36205244,0.72531015,-0.55489045,0.26766756,0.0,0.0,0.0,0.0,0.0,0.0,0.0,0.0,0.0,0.0,0.0,0.0,1.0,0.0,0,0.6338151,1
-0.27389535,-1.73147,-0.15781268,2.75078,-0.29810375,0.6865081,-0.04630072,0.15416148,0.6887334,0.0,0.0,0.0,1.0,0.0,0.0,0.0,0.0,0.0,0.0,0.0,0.0,0.0,0.0,0,0.64542115,1
-0.28780463,1.3486917,-1.3662034,2.864263,6.2230177,1.0109638,2.2139313,2.2168581,0.2455062,0.0,0.0,0.0,0.0,0.0,0.0,1.0,0.0,0.0,0.0,0.0,0.0,0.0,0.0,1,0.98711115,1
-0.2920271,1.495366,-0.042727854,2.0033748,-0.15091626,-0.28685895,0.6143656,-0.4904312,0.26766756,0.0,0.0,0.0,0.0,0.0,0.0,0.0,0.0,0.0,1.0,0.0,0.0,0.0,0.0,0,0.6763011,1
-0.27522334,-0.55807513,-1.1935762,2.0464067,1.6984439,0.03759675,-0.046714325,1.8301024,0.9546697,0.0,1.0,0.0,0.0,0.0,0.0,0.0,0.0,0.0,0.0,0.0,0.0,0.0,0.0,1,0.99439114,1
0.76698357,-1.8781444,-0.10027027,2.7168353,-0.26493385,1.3354195,-0.049314573,0.025242949,0.0682153,0.0,0.0,0.0,1.0,0.0,0.0,0.0,0.0,0.0,0.0,0.0,0.0,0.0,0.0,0,0.70921683,1
0.09000161,-1.4381213,-1.1360338,2.3745477,1.449733,0.03759675,-0.033756066,1.8301024,0.37847435,0.0,1.0,0.0,0.0,0.0,0.0,0.0,0.0,0.0,0.0,0.0,0.0,0.0,0.0,1,0.9957087,1
-0.2937724,-1.5847957,0.93549323,1.9435953,-0.2225782,-0.28685895,0.002936014,-0.8127276,-1.2836277,0.0,0.0,0.0,0.0,0.0,1.0,0.0,0.0,0.0,0.0,0.0,0.0,0.0,0.0,0,0.64199716,1
-0.28391004,1.495366,-0.10027027,2.1042016,4.6154017,0.03759675,0.01787991,0.47645783,0.7995402,0.0,0.0,0.0,0.0,0.0,0.0,0.0,1.0,0.0,0.0,0.0,0.0,0.0,0.0,1,0.95776755,1
-0.28169116,-1.73147,-0.618152,1.8423258,3.9843638,1.0109638,0.33586285,0.992132,-0.4858187,1.0,0.0,0.0,0.0,0.0,0.0,0.0,0.0,0.0,0.0,0.0,0.0,0.0,0.0,1,0.97263724,1
-0.2935538,1.3486917,1.6260022,2.191447,-0.42813945,0.03759675,0.71312064,-0.42597193,1.0876379,0.0,0.0,0.0,0.0,0.0,0.0,0.0,0.0,0.0,0.0,0.0,0.0,1.0,0.0,1,0.6377088,1
-0.2814693,1.495366,0.18744181,2.359804,4.996542,0.36205244,0.06974833,2.3457766,-0.3306892,0.0,0.0,0.0,0.0,0.0,0.0,1.0,0.0,0.0,0.0,0.0,0.0,0.0,0.0,1,0.98792714,1
-0.29176548,1.495366,-1.2511185,2.9654524,5.324261,0.36205244,0.08333014,2.0234802,0.46711978,0.0,0.0,0.0,0.0,0.0,0.0,1.0,0.0,0.0,0.0,0.0,0.0,0.0,0.0,1,0.98233426,1
-0.28856632,1.3486917,-0.10027027,1.9221493,5.4725356,0.36205244,-0.0338765,2.0234802,0.1790221,0.0,0.0,0.0,0.0,0.0,0.0,1.0,0.0,0.0,0.0,0.0,0.0,0.0,0.0,1,0.96805286,1
8.000744,0.17529672,-1.4812882,2.3774035,4.3310294,3.6066093,-0.021840408,0.7342949,-1.1506596,1.0,0.0,0.0,0.0,0.0,0.0,0.0,0.0,0.0,0.0,0.0,0.0,0.0,0.0,0,0.5090352,1
-0.2719646,-1.4381213,-1.4237459,2.0986426,1.7989609,1.0109638,-0.044508483,2.0234802,1.0654765,0.0,1.0,0.0,0.0,0.0,0.0,0.0,0.0,0.0,0.0,0.0,0.0,0.0,0.0,1,0.9979747,1
-0.29369292,1.495366,0.36006907,1.8888077,-0.20223364,-0.28685895,-0.0038924888,-0.7482683,-0.5523028,0.0,0.0,0.0,0.0,1.0,0.0,0.0,0.0,0.0,0.0,0.0,0.0,0.0,0.0,1,0.91884106,1
-0.032641936,-1.8781444,0.30252665,2.9454625,-0.25378865,0.03759675,-0.04735806,0.21862076,2.2843513,0.0,0.0,0.0,1.0,0.0,0.0,0.0,0.0,0.0,0.0,0.0,0.0,0.0,0.0,0,0.5151473,1
-0.28742048,-1.73147,0.1298994,2.2325835,-0.29322213,3.6066093,-0.03912481,0.15416148,1.3314129,0.0,0.0,0.0,1.0,0.0,0.0,0.0,0.0,0.0,0.0,0.0,0.0,0.0,0.0,0,0.668091,1
2.4803834,1.3486917,2.143884,2.6017344,2.013631,-0.93577033,-0.034952097,1.3144283,0.28982893,0.0,1.0,0.0,0.0,0.0,0.0,0.0,0.0,0.0,0.0,0.0,0.0,0.0,0.0,1,0.99952483,1
-0.29337168,-1.73147,0.9930356,2.461263,-0.4242928,-1.260226,-0.048486166,0.6698356,0.44495845,0.0,0.0,0.0,1.0,0.0,0.0,0.0,0.0,0.0,0.0,0.0,0.0,0.0,0.0,0,0.76956177,1
-0.29159325,1.495366,1.3958325,2.8980393,5.558657,0.6865081,0.3556632,2.2168581,0.5336039,0.0,0.0,0.0,0.0,0.0,0.0,1.0,0.0,0.0,0.0,0.0,0.0,0.0,0.0,1,0.99918383,1
3.8896234,0.61531985,1.7986294,2.4186337,5.834412,-0.93577033,-0.04837639,2.2813175,-0.30852783,0.0,0.0,0.0,0.0,0.0,0.0,1.0,0.0,0.0,0.0,0.0,0.0,0.0,0.0,1,0.99707246,1
-0.29196748,-0.9980982,0.24498422,2.9874187,5.471021,0.6865081,-0.043549694,0.41199857,2.018415,0.0,0.0,0.0,0.0,0.0,0.0,0.0,1.0,0.0,0.0,0.0,0.0,0.0,0.0,0,0.55700976,1
-0.22684218,-1.73147,-0.6756944,2.4749062,-0.67679304,0.03759675,-0.04333375,0.025242949,0.28982893,0.0,0.0,0.0,1.0,0.0,0.0,0.0,0.0,0.0,0.0,0.0,0.0,0.0,0.0,1,0.8622144,1
-0.28823847,1.3486917,-0.5030672,1.9828889,0.4991276,0.6865081,-0.033603687,-0.8127276,0.09037667,0.0,0.0,0.0,0.0,0.0,0.0,0.0,0.0,1.0,0.0,0.0,0.0,0.0,0.0,0,0.6287651,1
-0.26857007,1.3486917,0.8204084,1.7809265,6.2574677,1.0109638,0.060931284,0.7342949,0.8217016,0.0,0.0,0.0,0.0,0.0,0.0,0.0,1.0,0.0,0.0,0.0,0.0,0.0,0.0,1,0.98996526,1
-0.27569363,-0.41140074,0.5326963,1.76424,4.449672,-0.28685895,-0.04258907,0.5409171,-0.7074323,1.0,0.0,0.0,0.0,0.0,0.0,0.0,0.0,0.0,0.0,0.0,0.0,0.0,0.0,0,0.6061809,1
-0.28067115,-1.1447725,-0.10027027,2.5632405,-0.3990484,2.6332424,-0.045167122,0.6698356,0.84386295,0.0,0.0,0.0,1.0,0.0,0.0,0.0,0.0,0.0,0.0,0.0,0.0,0.0,0.0,0,0.6705077,1
-0.28872198,1.495366,-0.15781268,2.8444152,-0.14009188,-0.28685895,2.2014327,-0.6193497,-0.7960777,0.0,0.0,0.0,0.0,0.0,0.0,0.0,0.0,0.0,0.0,1.0,0.0,0.0,0.0,0,0.5793439,1
-0.29152042,-1.8781444,2.7193081,2.8580484,-0.2914468,2.957698,-0.041093934,0.21862076,0.60008794,0.0,0.0,0.0,1.0,0.0,0.0,0.0,0.0,0.0,0.0,0.0,0.0,0.0,0.0,0,0.67057806,1
-0.27127907,1.3486917,0.9930356,2.4200075,7.564993,-0.93577033,-0.048836064,2.5391545,1.708156,0.0,0.0,0.0,0.0,0.0,0.0,1.0,0.0,0.0,0.0,0.0,0.0,0.0,0.0,1,0.9932823,1
-0.28579772,-1.5847957,0.18744181,1.7618743,-0.36793235,0.36205244,-0.031964086,-0.87718683,-1.305789,0.0,0.0,0.0,0.0,0.0,1.0,0.0,0.0,0.0,0.0,0.0,0.0,0.0,0.0,0,0.57850444,1
-0.25688627,1.495366,0.07235698,1.7609159,1.0121949,-0.28685895,-0.034848563,-0.4904312,1.0211538,0.0,0.0,0.0,0.0,0.0,0.0,0.0,0.0,0.0,0.0,0.0,0.0,0.0,1.0,0,0.6371803,1
-0.2785119,-1.8781444,-0.2153551,2.8915412,-0.45190987,-0.28685895,-0.043436512,-0.6193497,-1.0398527,0.0,0.0,0.0,0.0,0.0,1.0,0.0,0.0,0.0,0.0,0.0,0.0,0.0,0.0,0,0.602584,1
-0.2939181,1.495366,1.6835446,2.191738,-0.027707532,-0.28685895,0.16139156,-0.55489045,0.023892585,0.0,0.0,0.0,0.0,0.0,0.0,0.0,0.0,0.0,1.0,0.0,0.0,0.0,0.0,0,0.5928582,1
-0.29229534,-1.73147,-1.308661,2.8650029,-0.30231282,1.3354195,-0.010035543,0.08970222,0.5557652,0.0,0.0,0.0,1.0,0.0,0.0,0.0,0.0,0.0,0.0,0.0,0.0,0.0,0.0,0,0.68531865,1
-0.29366973,1.3486917,-0.2728975,2.2250633,0.034959298,1.0109638,-0.040964436,-0.55489045,-1.4387572,0.0,0.0,0.0,0.0,0.0,0.0,0.0,0.0,0.0,0.0,0.0,1.0,0.0,0.0,0,0.6656983,1
-0.25690612,-1.4381213,-0.2153551,1.9034309,-0.2642959,0.36205244,-0.025570622,0.025242949,1.1319606,0.0,0.0,0.0,1.0,0.0,0.0,0.0,0.0,0.0,0.0,0.0,0.0,0.0,0.0,0,0.5808783,1
-0.29373595,1.495366,0.4751539,2.5752082,-0.3488057,0.36205244,0.3019761,-0.55489045,-0.020430136,0.0,0.0,0.0,0.0,0.0,0.0,0.0,0.0,0.0,0.0,0.0,0.0,1.0,0.0,0,0.6806653,1
-0.29043415,1.495366,-0.38798234,2.0973966,-0.17817757,1.0109638,0.22515386,-0.7482683,-0.3306892,0.0,0.0,0.0,0.0,0.0,0.0,0.0,0.0,0.0,0.0,1.0,0.0,0.0,0.0,0,0.6424347,1
-0.2916297,1.495366,0.07235698,2.8981893,0.6745605,3.2821536,0.041460868,-0.87718683,-0.30852783,0.0,0.0,0.0,0.0,0.0,0.0,0.0,0.0,1.0,0.0,0.0,0.0,0.0,0.0,0,0.5509841,1
-0.057920426,1.3486917,-1.1935762,2.3595257,3.9191213,0.6865081,-0.0271504,0.47645783,0.60008794,0.0,0.0,0.0,0.0,0.0,0.0,0.0,1.0,0.0,0.0,0.0,0.0,0.0,0.0,0,0.80136615,1
-0.29009637,-1.4381213,-1.0209489,1.9168892,-0.5958196,1.6598753,-0.043539077,-0.42597193,1.1762834,0.0,0.0,0.0,1.0,0.0,0.0,0.0,0.0,0.0,0.0,0.0,0.0,0.0,0.0,0,0.7701732,1
-0.27470672,0.7619942,-1.0784913,2.122973,6.2779694,0.03759675,-0.04759158,0.41199857,0.8881856,0.0,0.0,0.0,0.0,0.0,0.0,0.0,1.0,0.0,0.0,0.0,0.0,0.0,0.0,0,0.63181514,1
-0.24307632,1.495366,2.143884,2.0571973,0.07099054,1.3354195,0.060990617,-0.683809,0.09037667,0.0,0.0,0.0,0.0,0.0,0.0,0.0,0.0,0.0,1.0,0.0,0.0,0.0,0.0,0,0.5370041,1
-0.2868012,1.3486917,-0.73323685,2.8306596,5.2527337,0.6865081,0.038944855,0.60537636,-0.13123694,0.0,0.0,0.0,0.0,0.0,0.0,0.0,1.0,0.0,0.0,0.0,0.0,0.0,0.0,1,0.9268585,1
-0.28856966,1.495366,-1.3662034,2.6019847,6.6747084,-0.61131465,-0.04187427,2.2813175,-0.28636646,0.0,0.0,0.0,0.0,0.0,0.0,1.0,0.0,0.0,0.0,0.0,0.0,0.0,0.0,1,0.9741512,1
-0.2884173,-1.4381213,-0.9634065,2.0311534,1.0507436,-1.260226,-0.04911892,2.0879395,1.0433152,0.0,1.0,0.0,0.0,0.0,0.0,0.0,0.0,0.0,0.0,0.0,0.0,0.0,0.0,1,0.65126747,1
2.1442156,1.495366,1.2232053,1.8216628,1.4085995,0.36205244,0.031331252,2.0234802,1.3092515,0.0,1.0,0.0,0.0,0.0,0.0,0.0,0.0,0.0,0.0,0.0,0.0,0.0,0.0,1,0.9992366,1
-0.28983805,1.3486917,0.8779508,1.7607757,3.6409278,-0.28685895,0.22377379,-0.55489045,0.37847435,0.0,0.0,1.0,0.0,0.0,0.0,0.0,0.0,0.0,0.0,0.0,0.0,0.0,0.0,1,0.99851507,1
-0.28998706,-1.8781444,0.07235698,1.8150135,-0.28448424,0.03759675,-0.03256838,-0.6193497,-1.4609185,0.0,0.0,0.0,0.0,0.0,1.0,0.0,0.0,0.0,0.0,0.0,0.0,0.0,0.0,0,0.59906113,1
-0.27508757,1.495366,-0.2728975,2.8644495,-0.20491797,1.6598753,0.114158794,-0.683809,0.046053946,0.0,0.0,0.0,0.0,0.0,0.0,0.0,0.0,0.0,1.0,0.0,0.0,0.0,0.0,0,0.5932381,1
-0.2533129,1.495366,-0.79077923,2.6155117,0.41896355,-0.93577033,-0.0489512,-0.6193497,-0.6187869,0.0,0.0,0.0,0.0,0.0,0.0,0.0,0.0,1.0,0.0,0.0,0.0,0.0,0.0,0,0.53279465,1
-0.28845042,0.46864545,-0.042727854,1.974306,5.0689807,0.03759675,-0.048109278,2.6036136,0.26766756,0.0,0.0,0.0,0.0,0.0,0.0,1.0,0.0,0.0,0.0,0.0,0.0,0.0,0.0,0,0.6802823,1
-0.27285546,-1.2914469,0.36006907,2.8524814,-0.4414758,-0.28685895,0.033476155,0.15416148,0.13469939,0.0,0.0,0.0,1.0,0.0,0.0,0.0,0.0,0.0,0.0,0.0,0.0,0.0,0.0,1,0.84066194,1
-0.28653294,1.495366,1.050578,3.0259938,0.24639711,0.36205244,0.042069204,-0.4904312,1.5973492,0.0,0.0,0.0,0.0,0.0,0.0,0.0,0.0,0.0,1.0,0.0,0.0,0.0,0.0,0,0.54221505,1
-0.23770799,1.495366,2.2014263,2.7635145,1.6176865,-1.260226,-0.047750898,-0.7482683,-0.109075576,0.0,0.0,0.0,0.0,0.0,0.0,0.0,0.0,0.0,0.0,0.0,0.0,0.0,1.0,0,0.7293403,1
-0.28884453,-1.4381213,0.41761148,1.977576,1.6179622,0.36205244,-0.04366805,1.5078062,0.9768311,0.0,1.0,0.0,0.0,0.0,0.0,0.0,0.0,0.0,0.0,0.0,0.0,0.0,0.0,1,0.99971646,1
-0.0056314114,-1.4381213,-0.79077923,2.3274274,-0.33810264,-0.93577033,-0.043229017,0.60537636,1.4865423,0.0,0.0,0.0,1.0,0.0,0.0,0.0,0.0,0.0,0.0,0.0,0.0,0.0,0.0,0,0.5730182,1
-0.29130182,-1.8781444,1.7986294,2.3533294,-0.44058102,-1.260226,-0.049516264,-0.16813485,0.84386295,0.0,0.0,0.0,1.0,0.0,0.0,0.0,0.0,0.0,0.0,0.0,0.0,0.0,0.0,0,0.8416872,1
-0.28067115,-1.73147,-0.10027027,2.5623841,3.62243,2.3087866,1.1626319,0.5409171,-1.1063368,1.0,0.0,0.0,0.0,0.0,0.0,0.0,0.0,0.0,0.0,0.0,0.0,0.0,0.0,0,0.94120634,1
9.332063,1.495366,-0.618152,2.9249482,0.2920449,1.0109638,-0.017802402,-0.7482683,0.64441067,0.0,0.0,0.0,0.0,0.0,0.0,0.0,0.0,1.0,0.0,0.0,0.0,0.0,0.0,0,0.61903125,1
-0.28196272,1.495366,-0.44552475,2.28587,-0.34110752,1.3354195,0.12745854,-0.6193497,0.5336039,0.0,0.0,0.0,0.0,0.0,0.0,0.0,0.0,0.0,0.0,0.0,0.0,1.0,0.0,0,0.6321463,1
-0.28579772,1.3486917,0.18744181,3.0526032,-0.26704136,1.0109638,0.11751779,-0.7482683,2.2178674,0.0,0.0,0.0,0.0,0.0,0.0,0.0,0.0,0.0,0.0,0.0,0.0,1.0,0.0,0,0.6574514,1
-0.2862117,-0.118052006,0.07235698,2.6998608,6.961234,-0.61131465,-0.048355676,2.2168581,-0.19772102,0.0,0.0,0.0,0.0,0.0,0.0,1.0,0.0,0.0,0.0,0.0,0.0,0.0,0.0,0,0.5564445,1
-0.11009353,-0.9980982,0.07235698,2.005255,4.582141,1.0109638,-0.03995052,0.7342949,-0.44149598,1.0,0.0,0.0,0.0,0.0,0.0,0.0,0.0,0.0,0.0,0.0,0.0,0.0,0.0,0,0.86231065,1
-0.29307693,1.495366,-0.5606096,3.0327034,0.8379665,2.3087866,-0.004764864,-1.0061053,1.3978969,0.0,0.0,0.0,0.0,0.0,0.0,0.0,0.0,1.0,0.0,0.0,0.0,0.0,0.0,0,0.52977055,1
-0.22420274,1.495366,-0.6756944,2.8308022,1.3026229,-0.93577033,-0.046362292,-0.55489045,0.1790221,0.0,0.0,0.0,0.0,0.0,0.0,0.0,0.0,0.0,0.0,0.0,0.0,0.0,1.0,0,0.8644103,1
-0.29258016,1.3486917,0.76286596,2.467271,5.2524905,-0.93577033,-0.047780383,0.7342949,-0.30852783,0.0,0.0,0.0,0.0,0.0,0.0,1.0,0.0,0.0,0.0,0.0,0.0,0.0,0.0,1,0.9951337,1
-0.23394917,-1.1447725,-0.10027027,2.5095563,-0.5074988,0.36205244,-0.04489021,0.025242949,0.20118347,0.0,0.0,0.0,1.0,0.0,0.0,0.0,0.0,0.0,0.0,0.0,0.0,0.0,0.0,0,0.6921826,1
-0.2711433,1.3486917,-0.6756944,3.0592532,-0.32242185,0.36205244,0.16677107,-0.87718683,1.3535743,0.0,0.0,0.0,0.0,0.0,0.0,0.0,0.0,0.0,0.0,1.0,0.0,0.0,0.0,0,0.5687112,1
-0.28826827,-1.2914469,-0.5606096,2.9466064,-0.34438255,-0.61131465,-0.030979246,0.41199857,2.129222,0.0,0.0,0.0,1.0,0.0,0.0,0.0,0.0,0.0,0.0,0.0,0.0,0.0,0.0,0,0.6145215,1
-0.29178533,1.495366,-0.6756944,1.956231,-0.24906512,1.3354195,0.5124707,-0.42597193,2.683256,0.0,0.0,0.0,0.0,0.0,0.0,0.0,0.0,0.0,1.0,0.0,0.0,0.0,0.0,0,0.5697296,1
-0.24971303,1.3486917,0.7053236,2.0097287,4.5614758,0.36205244,0.1466431,0.15416148,-0.9290459,1.0,0.0,0.0,0.0,0.0,0.0,0.0,0.0,0.0,0.0,0.0,0.0,0.0,0.0,1,0.9980027,1
-0.27853176,-1.4381213,-0.2153551,2.650234,1.7580007,1.6598753,-0.0047562975,2.0234802,0.33415163,0.0,1.0,0.0,0.0,0.0,0.0,0.0,0.0,0.0,0.0,0.0,0.0,0.0,0.0,1,0.9989737,1
-0.29020566,1.495366,-0.042727854,2.9249666,-0.20093162,0.6865081,0.036683492,-0.55489045,0.22334483,0.0,0.0,0.0,0.0,0.0,0.0,0.0,0.0,0.0,1.0,0.0,0.0,0.0,0.0,0,0.6068053,1
-0.17864317,-1.2914469,0.1298994,2.1862795,1.2847619,1.6598753,0.07766699,1.1855098,1.3757355,0.0,1.0,0.0,0.0,0.0,0.0,0.0,0.0,0.0,0.0,0.0,0.0,0.0,0.0,0,0.9992205,1
-0.28817886,-1.4381213,-0.10027027,2.8924387,4.97751,-0.61131465,-0.023966806,0.15416148,-0.5301414,1.0,0.0,0.0,0.0,0.0,0.0,0.0,0.0,0.0,0.0,0.0,0.0,0.0,0.0,1,0.865027,1
-0.25690612,-1.4381213,-0.2153551,1.795703,-0.48907343,-0.61131465,-0.002115465,0.025242949,0.5779266,0.0,0.0,0.0,1.0,0.0,0.0,0.0,0.0,0.0,0.0,0.0,0.0,0.0,0.0,0,0.8340761,1
-0.24056934,1.495366,-0.2153551,2.8913202,-0.74378514,1.9843309,0.411086,-0.6193497,0.8881856,0.0,0.0,0.0,0.0,0.0,0.0,0.0,0.0,0.0,0.0,0.0,0.0,1.0,0.0,0,0.5878458,1
0.68930674,0.61531985,0.64778113,2.2640722,6.0901303,-0.61131465,-0.048367962,0.47645783,1.2206061,0.0,0.0,0.0,0.0,0.0,0.0,0.0,1.0,0.0,0.0,0.0,0.0,0.0,0.0,1,0.9657345,1
-0.27850196,1.495366,-0.5030672,2.6559236,0.77016556,0.03759675,0.0122883655,-0.8127276,0.356313,0.0,0.0,0.0,0.0,0.0,0.0,0.0,0.0,0.0,0.0,0.0,0.0,0.0,1.0,0,0.54447764,1
-0.28579772,-1.8781444,0.18744181,2.5955276,-0.35623884,-0.61131465,-0.04786003,-0.683809,-1.305789,0.0,0.0,0.0,0.0,0.0,1.0,0.0,0.0,0.0,0.0,0.0,0.0,0.0,0.0,0,0.7054715,1
1.0020142,-1.5847957,-1.1935762,2.2327604,1.0777564,1.0109638,-0.04743091,1.5722654,1.1319606,0.0,1.0,0.0,0.0,0.0,0.0,0.0,0.0,0.0,0.0,0.0,0.0,0.0,0.0,0,0.61342746,1
-0.29300407,-1.5847957,1.050578,2.730823,1.6413195,-0.93577033,-0.04046649,1.8945618,0.60008794,0.0,1.0,0.0,0.0,0.0,0.0,0.0,0.0,0.0,0.0,0.0,0.0,0.0,0.0,1,0.9997112,1
2.4933622,-1.4381213,0.59023875,1.9639049,-0.38249457,0.6865081,-0.028832573,-0.10367559,1.3535743,0.0,0.0,0.0,1.0,0.0,0.0,0.0,0.0,0.0,0.0,0.0,0.0,0.0,0.0,1,0.76218003,1
-0.2930173,-1.4381213,-0.15781268,2.0784254,1.9327645,1.3354195,0.13566957,2.0234802,0.77737886,0.0,1.0,0.0,0.0,0.0,0.0,0.0,0.0,0.0,0.0,0.0,0.0,0.0,0.0,1,0.9990596,1
0.27816126,1.495366,-0.5030672,2.878001,6.3303623,0.03759675,-0.022848276,1.6367247,0.023892585,0.0,0.0,0.0,0.0,0.0,0.0,1.0,0.0,0.0,0.0,0.0,0.0,0.0,0.0,1,0.97237915,1
0.2085088,-1.73147,-0.042727854,2.360435,-0.48032585,-0.93577033,-0.020692622,-0.8127276,-1.0620141,0.0,0.0,0.0,0.0,0.0,1.0,0.0,0.0,0.0,0.0,0.0,0.0,0.0,0.0,0,0.5555199,1
-0.28896043,1.495366,-0.5030672,2.7163646,3.9185455,0.6865081,0.057207078,0.15416148,0.2455062,0.0,0.0,0.0,0.0,0.0,0.0,0.0,1.0,0.0,0.0,0.0,0.0,0.0,0.0,1,0.9116574,1
-0.12581103,1.495366,-0.73323685,2.9251132,7.5922194,1.9843309,-0.03363616,1.0565913,0.48928115,0.0,0.0,0.0,0.0,0.0,0.0,1.0,0.0,0.0,0.0,0.0,0.0,0.0,0.0,0,0.82869256,1
-0.28876173,1.495366,1.1656629,2.332926,5.4551263,1.9843309,1.9750684,1.6367247,0.42279708,0.0,0.0,0.0,0.0,0.0,0.0,1.0,0.0,0.0,0.0,0.0,0.0,0.0,0.0,1,0.9985233,1
2.1442156,-1.5847957,1.2232053,2.8517203,-0.23196116,1.3354195,-0.048031285,-0.23259413,0.7330561,0.0,0.0,0.0,1.0,0.0,0.0,0.0,0.0,0.0,0.0,0.0,0.0,0.0,0.0,0,0.6982561,1
-0.29201716,-0.26472637,0.24498422,3.0494335,5.462826,1.0109638,-0.04656709,0.6698356,0.44495845,1.0,0.0,0.0,0.0,0.0,0.0,0.0,0.0,0.0,0.0,0.0,0.0,0.0,0.0,0,0.756765,1
-0.29020566,-1.73147,-0.042727854,1.9633335,-0.26757935,0.36205244,-0.029866904,0.15416148,0.9768311,0.0,0.0,0.0,1.0,0.0,0.0,0.0,0.0,0.0,0.0,0.0,0.0,0.0,0.0,0,0.6257822,1
-0.29303387,-1.73147,2.3740537,3.006418,-0.32285306,-0.93577033,-0.04825277,0.21862076,3.1043217,0.0,0.0,0.0,1.0,0.0,0.0,0.0,0.0,0.0,0.0,0.0,0.0,0.0,0.0,0,0.663007,1
1.698585,1.495366,-0.73323685,2.9922953,-0.14388055,1.0109638,-0.0031577935,-0.8127276,1.3535743,0.0,0.0,0.0,0.0,0.0,0.0,0.0,0.0,0.0,0.0,1.0,0.0,0.0,0.0,0,0.5733769,1
-0.29379225,1.495366,0.4751539,2.292632,6.5719504,1.3354195,-0.02112914,1.8945618,0.44495845,0.0,0.0,0.0,0.0,0.0,0.0,1.0,0.0,0.0,0.0,0.0,0.0,0.0,0.0,1,0.99379635,1
-0.289487,1.495366,0.18744181,3.0258434,-0.3269228,0.36205244,0.527843,-0.55489045,2.4838035,0.0,0.0,0.0,0.0,0.0,0.0,0.0,0.0,0.0,0.0,0.0,0.0,1.0,0.0,0,0.7050506,1
0.011490268,1.3486917,0.24498422,2.9853144,-0.2637136,0.03759675,0.022158774,-0.55489045,1.7968014,0.0,0.0,0.0,0.0,0.0,0.0,0.0,0.0,0.0,0.0,0.0,0.0,1.0,0.0,0,0.5564959,1
-0.2852513,1.495366,-1.1360338,2.898143,-0.53503597,1.3354195,0.635493,-0.6193497,0.40063572,0.0,0.0,0.0,0.0,0.0,0.0,0.0,0.0,0.0,1.0,0.0,0.0,0.0,0.0,0,0.5638704,1
-0.28778806,-1.2914469,0.41761148,1.9507439,-0.353218,0.6865081,-0.0414192,-0.8127276,-0.99553,0.0,0.0,0.0,0.0,0.0,1.0,0.0,0.0,0.0,0.0,0.0,0.0,0.0,0.0,0,0.7092834,1
-0.28778806,-1.5847957,1.2232053,2.9932077,-0.45938355,0.03759675,-0.03570168,0.15416148,3.3037739,0.0,0.0,0.0,1.0,0.0,0.0,0.0,0.0,0.0,0.0,0.0,0.0,0.0,0.0,0,0.8056363,1
-0.28169116,-1.8781444,-0.618152,1.8353648,1.4196969,-0.28685895,-0.0425277,2.410236,0.33415163,0.0,1.0,0.0,0.0,0.0,0.0,0.0,0.0,0.0,0.0,0.0,0.0,0.0,0.0,1,0.99671847,1
-0.28330398,1.3486917,-0.2728975,2.3057039,6.305509,0.03759675,-0.04857875,1.0565913,-0.44149598,0.0,0.0,0.0,0.0,0.0,0.0,1.0,0.0,0.0,0.0,0.0,0.0,0.0,0.0,1,0.94166046,1
-0.261069,-1.73147,0.64778113,2.595926,1.4191107,-1.260226,-0.048787415,1.6367247,0.66657203,0.0,1.0,0.0,0.0,0.0,0.0,0.0,0.0,0.0,0.0,0.0,0.0,0.0,0.0,1,0.99912137,1
-0.2178442,-1.8781444,0.8779508,2.7032812,-0.33516386,-0.93577033,-0.04606278,-0.2970534,0.023892585,0.0,0.0,0.0,1.0,0.0,0.0,0.0,0.0,0.0,0.0,0.0,0.0,0.0,0.0,0,0.86525744,1
2.7200074,-0.85142386,-0.10027027,2.4966197,1.1359102,0.36205244,-0.045720275,1.5722654,-0.042591497,0.0,1.0,0.0,0.0,0.0,0.0,0.0,0.0,0.0,0.0,0.0,0.0,0.0,0.0,0,0.6385819,1
-0.2846585,1.495366,-1.4812882,2.709588,-0.32141927,2.3087866,0.23322603,-0.683809,-0.35285056,0.0,0.0,0.0,0.0,0.0,0.0,0.0,0.0,0.0,0.0,1.0,0.0,0.0,0.0,0,0.5039787,1
-0.2819495,1.3486917,0.014814562,2.9314888,4.554753,0.03759675,-0.048145887,2.2813175,0.84386295,0.0,0.0,0.0,0.0,0.0,0.0,1.0,0.0,0.0,0.0,0.0,0.0,0.0,0.0,1,0.9019572,1
0.4436421,1.3486917,0.9930356,2.0836794,1.4173965,0.36205244,0.13759024,1.8301024,0.910347,0.0,1.0,0.0,0.0,0.0,0.0,0.0,0.0,0.0,0.0,0.0,0.0,0.0,0.0,1,0.99950135,1
-0.28388354,1.3486917,-0.44552475,2.9852827,-0.19979224,0.36205244,0.026247878,-0.7482683,0.7330561,0.0,0.0,0.0,0.0,0.0,0.0,0.0,0.0,0.0,0.0,1.0,0.0,0.0,0.0,0,0.5229411,1
-0.12581103,1.3486917,-0.73323685,2.1711855,0.28485665,1.0109638,0.12391851,-0.7482683,0.046053946,0.0,0.0,0.0,0.0,0.0,0.0,0.0,0.0,1.0,0.0,0.0,0.0,0.0,0.0,0,0.72071093,1
-0.2924212,1.495366,1.9137143,1.8215127,4.759332,1.3354195,9.659876,0.8632134,-0.64094824,1.0,0.0,0.0,0.0,0.0,0.0,0.0,0.0,0.0,0.0,0.0,0.0,0.0,0.0,1,0.99043536,1
-0.2883842,-1.5847957,0.014814562,2.125088,8.007494,-0.28685895,-0.042340174,0.41199857,0.77737886,0.0,0.0,0.0,0.0,0.0,0.0,0.0,1.0,0.0,0.0,0.0,0.0,0.0,0.0,1,0.6217341,1
-0.29261658,1.495366,-0.618152,2.9049559,-0.24977134,2.957698,0.03337936,-0.4904312,1.154122,0.0,0.0,0.0,0.0,0.0,0.0,0.0,0.0,0.0,0.0,0.0,0.0,1.0,0.0,0,0.5290575,1
-0.2920271,1.3486917,-0.042727854,2.8506558,-0.14951123,1.9843309,0.06436261,-0.55489045,-0.7074323,0.0,0.0,0.0,0.0,0.0,0.0,0.0,0.0,0.0,1.0,0.0,0.0,0.0,0.0,0,0.55916697,1
-0.27445835,-0.118052006,0.1298994,2.874779,5.9939303,-0.28685895,-0.047269803,2.410236,0.046053946,0.0,0.0,0.0,0.0,0.0,0.0,1.0,0.0,0.0,0.0,0.0,0.0,0.0,0.0,0,0.7993636,1
-0.28833452,-1.73147,0.07235698,2.4814587,-0.30155516,1.3354195,-0.0468605,0.025242949,0.77737886,0.0,0.0,0.0,1.0,0.0,0.0,0.0,0.0,0.0,0.0,0.0,0.0,0.0,0.0,0,0.68583286,1
-0.29143098,0.61531985,-1.0209489,2.6677997,4.627367,-0.28685895,-0.04834475,0.28308,0.6222493,0.0,0.0,0.0,0.0,0.0,0.0,0.0,1.0,0.0,0.0,0.0,0.0,0.0,0.0,1,0.64944863,1
-0.28632098,1.3486917,-0.9058641,2.447124,0.6847163,0.36205244,-0.03393988,-0.7482683,-0.5301414,0.0,0.0,0.0,0.0,0.0,0.0,0.0,0.0,1.0,0.0,0.0,0.0,0.0,0.0,0,0.51606816,1
0.76698357,-1.2914469,-0.10027027,2.2804031,4.0982685,1.6598753,-0.041197505,0.3475393,-0.64094824,1.0,0.0,0.0,0.0,0.0,0.0,0.0,0.0,0.0,0.0,0.0,0.0,0.0,0.0,0,0.79813874,1
0.49165237,-1.5847957,-0.33043993,2.9526649,3.9029975,0.6865081,-0.039643314,-0.36151266,0.15686075,0.0,0.0,0.0,0.0,1.0,0.0,0.0,0.0,0.0,0.0,0.0,0.0,0.0,0.0,0,0.91787666,1
-0.24534154,-1.73147,-1.1360338,2.0642931,3.3595386,-0.61131465,-0.010922435,0.6698356,-0.7960777,1.0,0.0,0.0,0.0,0.0,0.0,0.0,0.0,0.0,0.0,0.0,0.0,0.0,0.0,1,0.71674085,1
-0.2874867,-1.73147,1.1656629,1.9366546,-0.34645474,-0.61131465,-0.033258848,0.025242949,1.1319606,0.0,0.0,0.0,1.0,0.0,0.0,0.0,0.0,0.0,0.0,0.0,0.0,0.0,0.0,0,0.82622474,1
0.09000161,1.0553429,-1.1360338,2.0899382,3.8816442,0.36205244,-0.028496014,0.5409171,0.7552175,0.0,0.0,0.0,0.0,0.0,0.0,0.0,1.0,0.0,0.0,0.0,0.0,0.0,0.0,0,0.53320736,1
-0.28823847,-1.5847957,-0.5030672,2.078014,1.9387474,1.0109638,0.1035055,1.3144283,0.910347,0.0,1.0,0.0,0.0,0.0,0.0,0.0,0.0,0.0,0.0,0.0,0.0,0.0,0.0,1,0.99880445,1
-0.2686893,-1.4381213,-0.73323685,2.771337,-0.24534315,0.6865081,-0.012195412,0.60537636,0.42279708,0.0,0.0,0.0,1.0,0.0,0.0,0.0,0.0,0.0,0.0,0.0,0.0,0.0,0.0,1,0.5416568,1
-0.29139456,1.2020173,-0.44552475,2.0565643,1.4054253,2.6332424,0.071871795,-0.7482683,1.1984447,0.0,0.0,0.0,0.0,0.0,0.0,0.0,0.0,0.0,0.0,0.0,0.0,0.0,1.0,0,0.52030224,1
-0.28196272,-1.8781444,-0.44552475,2.0102763,-0.31649503,1.6598753,-0.03274016,-0.16813485,1.8632855,0.0,0.0,0.0,1.0,0.0,0.0,0.0,0.0,0.0,0.0,0.0,0.0,0.0,0.0,0,0.5266765,1
-0.2755479,-1.5847957,0.014814562,1.8155603,1.2747447,-0.93577033,-0.03442705,1.1855098,1.2206061,0.0,1.0,0.0,0.0,0.0,0.0,0.0,0.0,0.0,0.0,0.0,0.0,0.0,0.0,1,0.9946396,1
-0.2715076,-1.8781444,-1.4812882,2.0439353,1.5241475,2.6332424,-0.022368794,1.5722654,0.42279708,0.0,1.0,0.0,0.0,0.0,0.0,0.0,0.0,0.0,0.0,0.0,0.0,0.0,0.0,1,0.9985091,1
-0.22162952,-1.5847957,-0.15781268,2.5422194,1.3515385,0.36205244,1.8574913,2.2813175,-0.13123694,0.0,1.0,0.0,0.0,0.0,0.0,0.0,0.0,0.0,0.0,0.0,0.0,0.0,0.0,1,0.99906355,1
-0.2928153,1.3486917,-0.2728975,2.4807181,4.5261436,1.0109638,0.22607389,0.992132,-0.9290459,1.0,0.0,0.0,0.0,0.0,0.0,0.0,0.0,0.0,0.0,0.0,0.0,0.0,0.0,1,0.9906137,1
1.3411924,-1.4381213,-1.5388306,2.2666879,5.3931317,-0.28685895,0.15791363,0.7342949,-0.8847232,1.0,0.0,0.0,0.0,0.0,0.0,0.0,0.0,0.0,0.0,0.0,0.0,0.0,0.0,1,0.98845065,1
-0.29379225,1.2020173,0.4751539,2.2987933,5.466256,0.6865081,-0.04170677,-0.10367559,0.5779266,0.0,0.0,0.0,0.0,0.0,0.0,0.0,1.0,0.0,0.0,0.0,0.0,0.0,0.0,1,0.9578112,1
-0.20468004,1.495366,-0.73323685,1.8618324,0.31899998,-0.61131465,-0.03799642,-0.6193497,0.20118347,0.0,0.0,0.0,0.0,0.0,0.0,0.0,0.0,1.0,0.0,0.0,0.0,0.0,0.0,0,0.634218,1
-0.29309016,1.3486917,-0.15781268,3.0189247,3.7385046,1.0109638,-0.03982724,0.47645783,2.0848992,0.0,0.0,0.0,0.0,0.0,0.0,0.0,1.0,0.0,0.0,0.0,0.0,0.0,0.0,0,0.5286773,1
-0.2880464,-1.2914469,-0.8483217,2.8455427,-0.34262007,-0.28685895,-0.044704393,0.15416148,0.6887334,0.0,0.0,0.0,1.0,0.0,0.0,0.0,0.0,0.0,0.0,0.0,0.0,0.0,0.0,0,0.5693521,1
-0.29300407,1.3486917,1.050578,2.7429342,1.2939008,1.0109638,-0.049066275,1.5078062,0.33415163,0.0,1.0,0.0,0.0,0.0,0.0,0.0,0.0,0.0,0.0,0.0,0.0,0.0,0.0,1,0.99929917,1
-0.29307693,1.495366,-0.5606096,2.9316669,-0.17642158,1.3354195,0.552223,-0.683809,0.023892585,0.0,0.0,0.0,0.0,1.0,0.0,0.0,0.0,0.0,0.0,0.0,0.0,0.0,0.0,0,0.5425247,1
-0.29313654,1.495366,-0.2728975,2.7634034,0.35174847,0.36205244,-0.02771711,-0.6193497,-0.46365735,0.0,0.0,0.0,0.0,0.0,0.0,0.0,0.0,1.0,0.0,0.0,0.0,0.0,0.0,0,0.73049563,1
-0.27592543,0.9086686,0.014814562,2.4663534,2.908183,-0.93577033,-0.04483322,-0.55489045,0.09037667,0.0,0.0,1.0,0.0,0.0,0.0,0.0,0.0,0.0,0.0,0.0,0.0,0.0,0.0,0,0.9051067,1
-0.28067115,-1.2914469,-0.10027027,2.1527772,-0.28515786,0.36205244,-0.046049576,0.025242949,0.910347,0.0,0.0,0.0,1.0,0.0,0.0,0.0,0.0,0.0,0.0,0.0,0.0,0.0,0.0,0,0.5125322,1
-0.28477108,0.3219711,-0.6756944,2.7008383,4.7505975,-0.93577033,-0.048071858,0.60537636,-0.13123694,0.0,0.0,0.0,0.0,0.0,0.0,0.0,1.0,0.0,0.0,0.0,0.0,0.0,0.0,0,0.5241452,1
-0.29249406,1.3486917,-0.38798234,2.8642192,0.15223531,-0.28685895,-0.047252003,-0.683809,-1.3722731,0.0,0.0,0.0,0.0,0.0,0.0,0.0,0.0,0.0,0.0,0.0,1.0,0.0,0.0,0,0.55945545,1
-0.27273956,1.495366,-0.33043993,2.4203248,-0.40440598,0.03759675,0.25877428,-0.8127276,-0.44149598,0.0,0.0,0.0,0.0,0.0,0.0,0.0,0.0,0.0,0.0,1.0,0.0,0.0,0.0,0,0.58877516,1
-0.2916297,0.3219711,0.07235698,2.330545,5.056012,0.03759675,-0.042231165,2.2813175,-0.13123694,0.0,0.0,0.0,0.0,0.0,0.0,1.0,0.0,0.0,0.0,0.0,0.0,0.0,0.0,0,0.6722536,1
-0.29130515,1.495366,0.07235698,3.012608,0.23015222,-0.61131465,0.19804418,-0.7482683,1.1319606,0.0,0.0,0.0,0.0,0.0,0.0,0.0,0.0,1.0,0.0,0.0,0.0,0.0,0.0,0,0.72851944,1
-0.2924212,-1.4381213,1.9137143,1.8158591,1.6800883,0.03759675,-0.042082973,1.5722654,1.5751878,0.0,1.0,0.0,0.0,0.0,0.0,0.0,0.0,0.0,0.0,0.0,0.0,0.0,0.0,1,0.99983907,1
-0.22162952,-1.8781444,-0.38798234,1.7814658,-0.27563453,-0.61131465,-0.043885272,-0.16813485,1.5973492,0.0,0.0,0.0,1.0,0.0,0.0,0.0,0.0,0.0,0.0,0.0,0.0,0.0,0.0,0,0.52537423,1
0.27816126,1.495366,-0.5030672,2.884785,4.6268144,-0.28685895,-0.042234816,0.6698356,0.910347,0.0,0.0,0.0,0.0,0.0,0.0,0.0,1.0,0.0,0.0,0.0,0.0,0.0,0.0,1,0.9248383,1
-0.2803466,-1.5847957,0.64778113,2.6634774,-0.28086117,-0.28685895,-0.046859004,0.15416148,0.44495845,0.0,0.0,0.0,1.0,0.0,0.0,0.0,0.0,0.0,0.0,0.0,0.0,0.0,0.0,0,0.7434005,1
-0.28169116,1.495366,-0.618152,1.8485593,-0.2850257,0.03759675,2.4029722,-0.16813485,0.8217016,0.0,0.0,0.0,0.0,1.0,0.0,0.0,0.0,0.0,0.0,0.0,0.0,0.0,0.0,1,0.5958653,1
-0.27470672,1.2020173,-1.0784913,1.8814613,6.11863,0.6865081,-0.045539394,2.0879395,-0.2642051,0.0,0.0,0.0,0.0,0.0,0.0,1.0,0.0,0.0,0.0,0.0,0.0,0.0,0.0,0,0.95653564,1
-0.28803647,-1.73147,0.59023875,2.9121594,-0.26486647,1.3354195,-0.026863867,0.15416148,1.0876379,0.0,0.0,0.0,1.0,0.0,0.0,0.0,0.0,0.0,0.0,0.0,0.0,0.0,0.0,0,0.8129719,1
-0.276091,1.495366,1.3382901,2.6223564,4.9932036,-0.28685895,-0.04288579,0.7342949,-1.1284982,1.0,0.0,0.0,0.0,0.0,0.0,0.0,0.0,0.0,0.0,0.0,0.0,0.0,0.0,1,0.9982326,1
-0.28486714,1.2020173,2.431596,2.7494462,0.043667253,-0.28685895,-0.017142205,-0.8127276,-1.6603708,0.0,0.0,0.0,0.0,0.0,0.0,0.0,0.0,0.0,0.0,0.0,1.0,0.0,0.0,0,0.65065205,1
1.981914,1.495366,0.014814562,2.4944437,0.47035655,0.03759675,0.13492359,-0.683809,-0.6631096,0.0,0.0,0.0,0.0,0.0,0.0,0.0,0.0,1.0,0.0,0.0,0.0,0.0,0.0,0,0.87485415,1
-0.27522334,-1.5847957,-1.1935762,2.0444708,5.2244153,-0.28685895,0.17106257,1.5722654,0.33415163,0.0,0.0,0.0,0.0,0.0,0.0,1.0,0.0,0.0,0.0,0.0,0.0,0.0,0.0,1,0.998323,1
-0.28540695,0.17529672,-0.5606096,3.009888,4.0570955,-0.28685895,-0.020301985,0.41199857,2.9713535,0.0,0.0,0.0,0.0,0.0,0.0,0.0,1.0,0.0,0.0,0.0,0.0,0.0,0.0,0,0.53930646,1
-0.29203704,1.495366,1.5684597,2.9049067,0.4814887,1.9843309,0.00913165,-0.6193497,0.51144254,0.0,0.0,0.0,0.0,0.0,0.0,0.0,0.0,1.0,0.0,0.0,0.0,0.0,0.0,0,0.6027645,1
-0.29176548,1.495366,-1.2511185,2.958797,6.229032,0.03759675,-0.0264693,1.4433469,1.464381,0.0,0.0,0.0,0.0,0.0,0.0,1.0,0.0,0.0,0.0,0.0,0.0,0.0,0.0,1,0.9734364,1
-0.26884162,1.495366,-0.8483217,2.588572,-0.56144327,-0.61131465,0.14585663,-0.8127276,-0.5523028,0.0,0.0,0.0,0.0,0.0,0.0,0.0,0.0,0.0,0.0,1.0,0.0,0.0,0.0,0,0.501971,1
-0.24063557,1.495366,-0.79077923,2.474087,2.2991436,-0.93577033,-0.04860271,-0.683809,-0.3306892,0.0,0.0,1.0,0.0,0.0,0.0,0.0,0.0,0.0,0.0,0.0,0.0,0.0,0.0,0,0.7452276,1
-0.29164624,1.495366,-0.6756944,1.8082011,-0.6209164,0.03759675,-0.04019359,-0.42597193,1.0433152,0.0,0.0,0.0,0.0,0.0,0.0,0.0,0.0,0.0,0.0,0.0,0.0,1.0,0.0,0,0.5429429,1
-0.260198,1.495366,0.30252665,2.3261044,5.539159,0.36205244,-0.038434718,2.410236,0.40063572,0.0,0.0,0.0,0.0,0.0,0.0,1.0,0.0,0.0,0.0,0.0,0.0,0.0,0.0,1,0.9930534,1
-0.29227218,1.495366,2.431596,2.7702854,7.1414742,-0.28685895,0.3928602,1.6367247,1.4200583,0.0,0.0,0.0,0.0,0.0,0.0,1.0,0.0,0.0,0.0,0.0,0.0,0.0,0.0,1,0.99868995,1
0.010659022,1.495366,0.7053236,2.030187,4.1419773,0.03759675,0.051362205,2.5391545,1.8411242,1.0,0.0,0.0,0.0,0.0,0.0,0.0,0.0,0.0,0.0,0.0,0.0,0.0,0.0,1,0.9979977,1
-0.28789738,1.495366,0.9930356,1.9628634,0.3684838,2.3087866,0.35662028,-0.6193497,0.356313,0.0,0.0,0.0,0.0,0.0,0.0,0.0,0.0,1.0,0.0,0.0,0.0,0.0,0.0,0,0.85823405,1
-0.2719646,1.3486917,-1.4237459,2.1037486,6.798036,0.36205244,-0.047609325,1.7656432,0.28982893,0.0,0.0,0.0,0.0,0.0,0.0,1.0,0.0,0.0,0.0,0.0,0.0,0.0,0.0,1,0.96393967,1
-0.0002962036,1.495366,-0.8483217,1.9494156,3.5663853,-0.61131465,-0.047460377,0.025242949,1.0211538,0.0,0.0,0.0,0.0,0.0,0.0,0.0,1.0,0.0,0.0,0.0,0.0,0.0,0.0,0,0.53681093,1
-0.29203704,1.495366,1.5684597,2.1916778,-0.0018963341,0.03759675,0.04572974,-0.7482683,0.09037667,0.0,0.0,0.0,0.0,0.0,0.0,0.0,0.0,0.0,1.0,0.0,0.0,0.0,0.0,0,0.56845576,1
-0.2935273,-1.73147,0.5326963,2.4477894,-0.23245299,-0.61131465,-0.028252358,-0.8127276,-1.5717254,0.0,0.0,0.0,0.0,0.0,1.0,0.0,0.0,0.0,0.0,0.0,0.0,0.0,0.0,1,0.6168213,1
-0.22417292,1.3486917,-0.618152,2.675745,1.2125474,0.36205244,-0.042428255,-0.36151266,0.46711978,0.0,0.0,0.0,0.0,0.0,0.0,0.0,0.0,0.0,0.0,0.0,0.0,0.0,1.0,0,0.8795989,1
-0.2785119,1.495366,-0.2153551,2.2253892,0.3173967,-0.28685895,-0.046648435,-0.7482683,-0.042591497,0.0,0.0,0.0,0.0,0.0,0.0,0.0,0.0,1.0,0.0,0.0,0.0,0.0,0.0,0,0.66829765,1
-0.2719646,-1.8781444,-1.4237459,2.0977232,1.6844006,0.36205244,0.028215626,1.7656432,1.1762834,0.0,1.0,0.0,0.0,0.0,0.0,0.0,0.0,0.0,0.0,0.0,0.0,0.0,0.0,1,0.99788755,1
-0.1514207,1.495366,1.3382901,1.909125,1.0958498,1.3354195,-0.03988648,2.9903693,4.411842,0.0,0.0,0.0,0.0,0.0,0.0,0.0,0.0,1.0,0.0,0.0,0.0,0.0,0.0,0,0.805587,1
-0.28932473,-1.73147,2.2014263,2.2593632,-0.546505,-1.260226,-0.04926768,-0.87718683,-0.8847232,0.0,0.0,0.0,0.0,0.0,1.0,0.0,0.0,0.0,0.0,0.0,0.0,0.0,0.0,1,0.69883347,1
0.09000161,1.495366,-1.1360338,2.9251428,0.7002464,1.3354195,0.03478068,-0.4904312,0.51144254,0.0,0.0,0.0,0.0,0.0,0.0,0.0,0.0,1.0,0.0,0.0,0.0,0.0,0.0,0,0.82921624,1
-0.27273956,1.3486917,-0.33043993,1.9627101,-0.4304965,0.6865081,0.063004136,-0.55489045,0.33415163,0.0,0.0,0.0,0.0,0.0,0.0,0.0,0.0,0.0,1.0,0.0,0.0,0.0,0.0,0,0.5106187,1
-0.2938353,1.3486917,-0.73323685,1.9557248,4.226038,1.0109638,-0.04374043,0.992132,1.154122,0.0,0.0,0.0,0.0,0.0,0.0,0.0,1.0,0.0,0.0,0.0,0.0,0.0,0.0,1,0.8402414,1
2.7771282,1.495366,0.76286596,1.8215746,-0.42401248,0.03759675,0.045192476,-0.6193497,0.7552175,0.0,0.0,0.0,0.0,0.0,0.0,0.0,0.0,0.0,0.0,0.0,0.0,1.0,0.0,0,0.5443417,1
-0.28289664,1.495366,2.6617658,2.1983294,1.8399295,0.03759675,-0.034541015,-0.4904312,0.5557652,0.0,0.0,1.0,0.0,0.0,0.0,0.0,0.0,0.0,0.0,0.0,0.0,0.0,0.0,1,0.94663906,1
1.0625097,-1.73147,-0.6756944,2.8113008,-0.24241829,-0.61131465,-0.04678875,-0.03921632,0.356313,0.0,0.0,0.0,1.0,0.0,0.0,0.0,0.0,0.0,0.0,0.0,0.0,0.0,0.0,0,0.5518401,1
-0.28721845,1.495366,-0.79077923,1.9492812,-0.47358772,0.03759675,0.67599946,-0.55489045,-0.1533983,0.0,0.0,0.0,0.0,0.0,0.0,0.0,0.0,0.0,1.0,0.0,0.0,0.0,0.0,1,0.6062837,1
-0.09643593,1.495366,-0.5606096,2.4203742,-0.2969143,1.0109638,0.23335944,-0.4904312,0.112538025,0.0,0.0,0.0,0.0,0.0,0.0,0.0,0.0,0.0,0.0,0.0,0.0,1.0,0.0,1,0.632316,1
-0.29203704,1.495366,1.5684597,3.032756,-0.2482519,1.6598753,0.3072293,-0.6193497,2.3729968,0.0,0.0,0.0,0.0,0.0,0.0,0.0,0.0,0.0,0.0,0.0,0.0,1.0,0.0,0,0.5620195,1
-0.29381874,-1.2914469,2.6617658,2.7042658,-0.30899343,-1.260226,-0.049166203,0.08970222,0.40063572,0.0,0.0,0.0,1.0,0.0,0.0,0.0,0.0,0.0,0.0,0.0,0.0,0.0,0.0,0,0.5854307,1
-0.09643593,1.3486917,-0.5606096,2.420112,1.1007982,0.36205244,-0.048328638,-0.36151266,0.31199026,0.0,0.0,0.0,0.0,0.0,0.0,0.0,0.0,0.0,0.0,0.0,0.0,0.0,1.0,1,0.8244543,1
-0.24016531,1.495366,2.6617658,2.6221588,-0.2315271,-0.28685895,0.20330864,-0.683809,-0.28636646,0.0,0.0,0.0,0.0,0.0,0.0,0.0,0.0,0.0,1.0,0.0,0.0,0.0,0.0,0,0.5144202,1
-0.2755479,1.3486917,0.014814562,2.581474,7.056478,0.03759675,-0.046872746,1.8301024,-0.28636646,0.0,0.0,0.0,0.0,0.0,0.0,1.0,0.0,0.0,0.0,0.0,0.0,0.0,0.0,0,0.9520874,1
-0.2819495,-1.8781444,0.014814562,2.521735,-0.29245028,-0.28685895,-0.046170212,0.6698356,0.5557652,0.0,0.0,0.0,1.0,0.0,0.0,0.0,0.0,0.0,0.0,0.0,0.0,0.0,0.0,0,0.6606845,1
-0.28823847,1.495366,-0.5030672,2.0772228,6.476637,-0.61131465,-0.047898166,0.5409171,0.60008794,0.0,0.0,0.0,0.0,0.0,0.0,0.0,1.0,0.0,0.0,0.0,0.0,0.0,0.0,1,0.81873745,1
-0.29262653,1.3486917,0.8204084,2.5344436,-0.028172426,0.03759675,0.41640222,-0.6193497,-0.7295937,0.0,0.0,0.0,0.0,0.0,0.0,0.0,0.0,0.0,1.0,0.0,0.0,0.0,0.0,1,0.54034746,1
-0.29244107,0.9086686,-1.0209489,2.6546671,3.6831527,-0.93577033,-0.047438636,0.08970222,-1.1949823,1.0,0.0,0.0,0.0,0.0,0.0,0.0,0.0,0.0,0.0,0.0,0.0,0.0,0.0,0,0.6770233,1
-0.29068252,-1.5847957,-0.15781268,2.851815,1.6932415,1.0109638,0.009828376,2.410236,0.42279708,0.0,1.0,0.0,0.0,0.0,0.0,0.0,0.0,0.0,0.0,0.0,0.0,0.0,0.0,1,0.9990446,1
-0.2858805,1.2020173,-0.73323685,2.9514055,6.112066,0.03759675,-0.04915589,1.6367247,4.0794215,0.0,0.0,0.0,0.0,0.0,0.0,1.0,0.0,0.0,0.0,0.0,0.0,0.0,0.0,1,0.90441674,1
-0.2755479,-1.4381213,0.014814562,2.9463031,5.198356,4.255521,-0.04618018,0.992132,-0.35285056,1.0,0.0,0.0,0.0,0.0,0.0,0.0,0.0,0.0,0.0,0.0,0.0,0.0,0.0,0,0.9152522,1
-0.28806627,-1.1447725,-0.10027027,1.9375094,-0.30529702,1.6598753,-0.043747853,0.41199857,1.3092515,0.0,0.0,0.0,1.0,0.0,0.0,0.0,0.0,0.0,0.0,0.0,0.0,0.0,0.0,0,0.63468236,1
-0.26241356,1.495366,0.30252665,2.8240108,5.2843385,1.0109638,-0.03375228,1.3788877,-0.6187869,0.0,0.0,0.0,0.0,0.0,0.0,1.0,0.0,0.0,0.0,0.0,0.0,0.0,0.0,1,0.9882984,1
-0.29250067,1.3486917,0.76286596,1.9154147,-0.43342832,0.36205244,0.2598534,-0.6193497,1.0876379,0.0,0.0,0.0,0.0,0.0,0.0,0.0,0.0,0.0,0.0,0.0,0.0,1.0,0.0,0,0.6330131,1
0.33565632,1.0553429,0.014814562,2.311813,4.501151,0.36205244,-0.031349797,0.41199857,0.64441067,0.0,0.0,0.0,0.0,0.0,0.0,0.0,1.0,0.0,0.0,0.0,0.0,0.0,0.0,0,0.6782592,1
-0.2755479,1.3486917,0.014814562,1.9626476,0.50101745,0.36205244,-0.027655942,-0.9416461,0.356313,0.0,0.0,0.0,0.0,0.0,0.0,0.0,0.0,1.0,0.0,0.0,0.0,0.0,0.0,0,0.62858737,1
-0.29303387,1.495366,-0.2728975,2.8780162,-0.2164336,1.3354195,-0.015244361,-0.55489045,0.7552175,0.0,0.0,0.0,0.0,0.0,0.0,0.0,0.0,0.0,0.0,0.0,0.0,1.0,0.0,0,0.54273677,1
-0.28721845,-1.8781444,-0.79077923,1.9429582,-0.64622134,0.36205244,-0.023885833,0.15416148,1.6416719,0.0,0.0,0.0,1.0,0.0,0.0,0.0,0.0,0.0,0.0,0.0,0.0,0.0,0.0,1,0.8803968,1
-0.26492053,1.495366,-1.0209489,3.0395017,3.7384071,0.03759675,-0.046704743,-0.23259413,2.5946105,0.0,0.0,0.0,0.0,0.0,0.0,0.0,1.0,0.0,0.0,0.0,0.0,0.0,0.0,0,0.7484523,1
-0.28155538,-1.8781444,-1.4812882,1.8287225,-0.63121176,-0.93577033,-0.04394906,0.08970222,1.5751878,0.0,0.0,0.0,1.0,0.0,0.0,0.0,0.0,0.0,0.0,0.0,0.0,0.0,0.0,0,0.8531206,1
-0.29262653,-1.8781444,0.8204084,2.5349448,-0.25099525,1.3354195,0.062158875,0.41199857,0.910347,0.0,0.0,0.0,1.0,0.0,0.0,0.0,0.0,0.0,0.0,0.0,0.0,0.0,0.0,1,0.84519625,1
-0.14413156,-1.4381213,0.24498422,2.7376983,-0.4493137,-0.61131465,0.013406074,0.15416148,0.6887334,0.0,0.0,0.0,1.0,0.0,0.0,0.0,0.0,0.0,0.0,0.0,0.0,0.0,0.0,0,0.86649364,1
-0.23770799,1.3486917,2.2014263,2.5680509,6.0773697,0.36205244,-0.04160937,1.5078062,-0.46365735,0.0,0.0,0.0,0.0,0.0,0.0,1.0,0.0,0.0,0.0,0.0,0.0,0.0,0.0,1,0.9990971,1
-0.27853176,-1.8781444,-0.2153551,2.6495564,4.185812,0.36205244,3.9038007,0.8632134,-1.0176914,1.0,0.0,0.0,0.0,0.0,0.0,0.0,0.0,0.0,0.0,0.0,0.0,0.0,0.0,1,0.9938437,1
-0.28652298,-1.2914469,0.24498422,2.3274922,-0.21782021,0.6865081,0.013374178,0.025242949,1.2649288,0.0,0.0,0.0,1.0,0.0,0.0,0.0,0.0,0.0,0.0,0.0,0.0,0.0,0.0,0,0.65895975,1
-0.29336172,-1.5847957,-0.79077923,1.9905258,-0.30782858,0.03759675,-0.020954901,-0.10367559,1.5530264,0.0,0.0,0.0,1.0,0.0,0.0,0.0,0.0,0.0,0.0,0.0,0.0,0.0,0.0,0,0.64320564,1
-0.28653625,1.495366,-0.79077923,3.046074,7.96726,-0.61131465,-0.048194427,0.47645783,2.9270308,0.0,0.0,0.0,0.0,0.0,0.0,0.0,1.0,0.0,0.0,0.0,0.0,0.0,0.0,0,0.60394174,1
1.698585,0.7619942,-0.73323685,2.331492,5.4067864,0.36205244,-0.010478582,1.0565913,-0.44149598,0.0,0.0,0.0,0.0,0.0,0.0,1.0,0.0,0.0,0.0,0.0,0.0,0.0,0.0,0,0.5623233,1
-0.20153058,1.495366,-0.618152,2.8982441,5.392555,1.9843309,-0.045545384,2.0234802,-0.46365735,0.0,0.0,0.0,0.0,0.0,0.0,1.0,0.0,0.0,0.0,0.0,0.0,0.0,0.0,0,0.9699129,1
-0.294087,-1.1447725,0.24498422,1.7693925,5.7161326,1.3354195,-0.046280287,0.28308,-0.50798005,1.0,0.0,0.0,0.0,0.0,0.0,0.0,0.0,0.0,0.0,0.0,0.0,0.0,0.0,0,0.596251,1
-0.05749652,1.495366,-0.9058641,3.019128,-0.24690169,1.6598753,0.07068843,-0.4904312,2.74974,0.0,0.0,0.0,0.0,0.0,0.0,0.0,0.0,0.0,0.0,0.0,0.0,1.0,0.0,0,0.5373404,1
0.6198828,-1.4381213,2.2589688,2.2398374,-0.55279016,0.03759675,-0.024754355,0.15416148,1.464381,0.0,0.0,0.0,1.0,0.0,0.0,0.0,0.0,0.0,0.0,0.0,0.0,0.0,0.0,0,0.73022634,1
-0.29173568,-1.5847957,-1.1935762,2.037838,1.7732965,1.3354195,1.2421999,1.8301024,0.356313,0.0,1.0,0.0,0.0,0.0,0.0,0.0,0.0,0.0,0.0,0.0,0.0,0.0,0.0,1,0.9993562,1
-0.29347765,-1.73147,1.050578,2.1382325,-0.5785162,-0.61131465,-0.048331987,0.15416148,1.3535743,0.0,0.0,0.0,1.0,0.0,0.0,0.0,0.0,0.0,0.0,0.0,0.0,0.0,0.0,0,0.8278447,1
-0.2939181,-1.8781444,1.6835446,2.7233238,-0.21965647,0.03759675,0.002604746,0.41199857,0.6222493,0.0,0.0,0.0,1.0,0.0,0.0,0.0,0.0,0.0,0.0,0.0,0.0,0.0,0.0,0,0.5346296,1
-0.29152042,-1.2914469,2.7193081,2.7985294,-0.45754707,0.03759675,-0.04021579,-0.23259413,0.7995402,0.0,0.0,0.0,1.0,0.0,0.0,0.0,0.0,0.0,0.0,0.0,0.0,0.0,0.0,0,0.7574267,1
-0.29262653,-1.8781444,0.8204084,2.5282488,-0.27211347,-1.260226,-0.04897079,-0.683809,-1.5274026,0.0,0.0,0.0,0.0,0.0,1.0,0.0,0.0,0.0,0.0,0.0,0.0,0.0,0.0,1,0.79277414,1
-0.28856966,1.0553429,-1.3662034,2.6080787,4.8402123,1.0109638,-0.047895625,2.3457766,-0.24204375,0.0,0.0,0.0,0.0,0.0,0.0,1.0,0.0,0.0,0.0,0.0,0.0,0.0,0.0,1,0.80333745,1
-0.27464047,1.3486917,-0.10027027,1.9491978,-0.5346628,0.36205244,0.08274824,-0.4904312,-0.1533983,0.0,0.0,0.0,0.0,0.0,0.0,0.0,0.0,0.0,1.0,0.0,0.0,0.0,0.0,0,0.5917807,1
-0.2868012,1.3486917,-0.73323685,2.8373253,5.741521,0.36205244,-0.020565338,2.2168581,-0.30852783,0.0,0.0,0.0,0.0,0.0,0.0,1.0,0.0,0.0,0.0,0.0,0.0,0.0,0.0,1,0.9693393,1
-0.29302725,1.495366,0.07235698,2.7635918,-0.4384027,0.6865081,0.06742694,-0.4904312,-1.0398527,0.0,0.0,0.0,0.0,1.0,0.0,0.0,0.0,0.0,0.0,0.0,0.0,0.0,0.0,0,0.5925055,1
-0.27522334,0.46864545,-1.1935762,2.1022701,4.4769397,0.36205244,-0.047556806,0.47645783,1.3314129,0.0,0.0,0.0,0.0,0.0,0.0,0.0,1.0,0.0,0.0,0.0,0.0,0.0,0.0,0,0.6596707,1
-0.28845042,1.3486917,-0.042727854,2.8238595,-0.27624556,0.6865081,0.10506874,-0.683809,-0.46365735,0.0,0.0,0.0,0.0,0.0,0.0,0.0,0.0,0.0,1.0,0.0,0.0,0.0,0.0,0,0.525063,1
-0.29379225,0.7619942,0.4751539,2.2978635,5.5575767,1.0109638,-0.04971989,0.15416148,-0.99553,1.0,0.0,0.0,0.0,0.0,0.0,0.0,0.0,0.0,0.0,0.0,0.0,0.0,0.0,1,0.96673197,1
-0.29244107,1.3486917,-1.0209489,2.5143335,-0.5506684,1.0109638,0.1642682,-0.683809,-0.042591497,0.0,0.0,0.0,0.0,0.0,0.0,0.0,0.0,0.0,0.0,0.0,0.0,1.0,0.0,0,0.659296,1
-0.2918615,1.495366,1.1081204,2.2857034,3.994964,0.36205244,0.02603847,0.7342949,-0.7074323,1.0,0.0,0.0,0.0,0.0,0.0,0.0,0.0,0.0,0.0,0.0,0.0,0.0,0.0,1,0.998035,1
-0.29381213,1.495366,-0.5606096,2.9181967,-0.26290476,0.03759675,0.14166951,-0.683809,0.13469939,0.0,0.0,0.0,0.0,0.0,0.0,0.0,0.0,0.0,0.0,1.0,0.0,0.0,0.0,0,0.62707955,1
0.055682085,-1.73147,-0.73323685,1.7616966,1.5505958,-0.61131465,0.0130893765,1.959021,1.2206061,0.0,1.0,0.0,0.0,0.0,0.0,0.0,0.0,0.0,0.0,0.0,0.0,0.0,0.0,1,0.9976865,1
-0.28391004,1.3486917,-0.10027027,2.1106143,6.0639753,0.03759675,-0.04853172,2.6036136,0.40063572,0.0,0.0,0.0,0.0,0.0,0.0,1.0,0.0,0.0,0.0,0.0,0.0,0.0,0.0,1,0.9666349,1
-0.2890896,1.495366,-0.38798234,2.8847208,-0.3833487,0.6865081,0.13608861,-0.42597193,0.44495845,0.0,0.0,0.0,0.0,0.0,0.0,0.0,0.0,0.0,0.0,0.0,0.0,1.0,0.0,0,0.6389036,1
-0.28757945,-1.73147,-0.2728975,2.979499,-0.32060185,0.03759675,0.02778884,-0.7482683,-0.6187869,0.0,0.0,0.0,0.0,0.0,1.0,0.0,0.0,0.0,0.0,0.0,0.0,0.0,0.0,0,0.5482135,1
-0.2935803,1.495366,0.59023875,2.460777,4.141016,-0.28685895,-0.028783591,0.6698356,-0.020430136,0.0,0.0,0.0,0.0,0.0,0.0,0.0,1.0,0.0,0.0,0.0,0.0,0.0,0.0,1,0.9921395,1
-0.2891823,1.495366,-1.1360338,2.86452,-0.34282815,1.0109638,0.54671323,-0.8127276,0.15686075,0.0,0.0,0.0,0.0,0.0,0.0,0.0,0.0,0.0,0.0,0.0,0.0,1.0,0.0,0,0.5685067,1
-0.2891194,0.7619942,-0.618152,2.7956676,4.473969,1.3354195,-0.03153936,0.41199857,0.046053946,0.0,0.0,0.0,0.0,0.0,0.0,0.0,1.0,0.0,0.0,0.0,0.0,0.0,0.0,0,0.6700761,1
0.4436421,-1.5847957,0.9930356,2.0849583,1.6499591,1.0109638,-0.036389336,2.8614507,0.7995402,0.0,1.0,0.0,0.0,0.0,0.0,0.0,0.0,0.0,0.0,0.0,0.0,0.0,0.0,1,0.99984825,1
-0.2891558,-1.8781444,-1.711458,2.097773,-0.5352145,2.957698,-0.040893726,0.025242949,1.3535743,0.0,0.0,0.0,1.0,0.0,0.0,0.0,0.0,0.0,0.0,0.0,0.0,0.0,0.0,0,0.8181883,1
-0.2938353,1.495366,-0.73323685,2.8510408,-0.096888915,1.6598753,0.15681073,-0.36151266,-0.2642051,0.0,0.0,0.0,0.0,0.0,0.0,0.0,0.0,0.0,0.0,1.0,0.0,0.0,0.0,0,0.63559896,1
-0.057920426,1.2020173,-1.1935762,1.7672873,4.7119884,1.0109638,-0.04844156,0.15416148,0.84386295,0.0,0.0,0.0,0.0,0.0,0.0,0.0,1.0,0.0,0.0,0.0,0.0,0.0,0.0,1,0.7211246,1
-0.2930438,-1.73147,-0.8483217,2.2730272,-0.28733334,-0.28685895,-0.035201315,-0.23259413,1.1984447,0.0,0.0,0.0,1.0,0.0,0.0,0.0,0.0,0.0,0.0,0.0,0.0,0.0,0.0,0,0.55063146,1
-0.27508757,1.495366,-0.2728975,2.615489,0.2236395,0.36205244,-0.008991153,-0.683809,-0.2642051,0.0,0.0,0.0,0.0,0.0,0.0,0.0,0.0,1.0,0.0,0.0,0.0,0.0,0.0,0,0.6364597,1
-0.24016531,1.3486917,2.6617658,2.1914687,0.74299806,-0.61131465,-0.045487635,-0.6193497,0.0017312241,0.0,0.0,0.0,0.0,0.0,0.0,0.0,0.0,1.0,0.0,0.0,0.0,0.0,0.0,0,0.6739281,1
-0.2743292,-1.8781444,0.36006907,2.5282562,2.8520806,0.03759675,-0.046395123,-0.55489045,-0.35285056,0.0,0.0,1.0,0.0,0.0,0.0,0.0,0.0,0.0,0.0,0.0,0.0,0.0,0.0,0,0.5439916,1
-0.28330398,1.495366,-0.2728975,2.3060496,5.6126485,-0.28685895,0.1389246,2.410236,2.3508356,0.0,0.0,0.0,0.0,0.0,0.0,1.0,0.0,0.0,0.0,0.0,0.0,0.0,0.0,1,0.98464036,1
-0.27800852,-1.8781444,0.41761148,1.9498247,-0.4726988,-0.28685895,-0.030108394,-0.10367559,0.7552175,0.0,0.0,0.0,1.0,0.0,0.0,0.0,0.0,0.0,0.0,0.0,0.0,0.0,0.0,1,0.88411456,1
-0.22684218,0.17529672,-0.6756944,2.4852352,5.536828,0.36205244,-0.048319116,1.6367247,-0.30852783,0.0,0.0,0.0,0.0,0.0,0.0,1.0,0.0,0.0,0.0,0.0,0.0,0.0,0.0,1,0.800047,1
-0.22897163,1.3486917,-0.618152,2.4269817,-0.42994514,1.9843309,0.5117569,-0.683809,-0.064752854,0.0,0.0,0.0,0.0,0.0,0.0,0.0,0.0,0.0,0.0,0.0,0.0,1.0,0.0,0,0.60993963,1
-0.24534154,-1.5847957,-1.1360338,2.0714118,1.5442421,-0.28685895,0.21703254,1.5722654,0.8660243,0.0,1.0,0.0,0.0,0.0,0.0,0.0,0.0,0.0,0.0,0.0,0.0,0.0,0.0,1,0.9980476,1
-0.29307693,-1.73147,-0.5606096,2.192123,4.413334,1.9843309,-0.022788286,0.7342949,-0.64094824,1.0,0.0,0.0,0.0,0.0,0.0,0.0,0.0,0.0,0.0,0.0,0.0,0.0,0.0,1,0.9499466,1
2.4803834,1.495366,2.143884,2.6019213,6.1592193,-0.28685895,0.021334745,1.8945618,-0.17555965,0.0,0.0,0.0,0.0,0.0,0.0,1.0,0.0,0.0,0.0,0.0,0.0,0.0,0.0,1,0.999278,1
1.0625097,-1.73147,2.4891384,2.0710483,-0.2865417,-1.260226,-0.048883714,0.47645783,1.4422196,0.0,0.0,0.0,1.0,0.0,0.0,0.0,0.0,0.0,0.0,0.0,0.0,0.0,0.0,0,0.74471843,1
0.14979503,1.3486917,-0.38798234,2.9650798,5.564991,0.6865081,0.025314676,1.6367247,1.154122,0.0,0.0,0.0,0.0,0.0,0.0,1.0,0.0,0.0,0.0,0.0,0.0,0.0,0.0,0,0.9671172,1
0.75454795,-0.41140074,-0.9634065,2.1139722,5.0117254,-0.93577033,-0.04772764,1.4433469,-0.7074323,1.0,0.0,0.0,0.0,0.0,0.0,0.0,0.0,0.0,0.0,0.0,0.0,0.0,0.0,0,0.78209084,1
0.010659022,-1.73147,0.7053236,2.0238838,1.4002762,-0.28685895,-0.010520675,1.8945618,1.2870902,0.0,1.0,0.0,0.0,0.0,0.0,0.0,0.0,0.0,0.0,0.0,0.0,0.0,0.0,1,0.99968827,1
-0.23770799,1.2020173,2.2014263,2.877478,-0.31445226,-0.61131465,1.434363,-0.683809,-1.6603708,0.0,0.0,0.0,0.0,0.0,0.0,0.0,0.0,0.0,0.0,0.0,1.0,0.0,0.0,0,0.73021936,1
-0.29196748,-0.26472637,0.24498422,2.6526508,5.129547,-0.61131465,-0.04621654,0.41199857,-1.1063368,1.0,0.0,0.0,0.0,0.0,0.0,0.0,0.0,0.0,0.0,0.0,0.0,0.0,0.0,0,0.65821105,1
0.063309014,0.61531985,-1.0209489,2.9435995,4.4701996,0.6865081,0.0120266145,0.21862076,1.2206061,0.0,0.0,0.0,0.0,0.0,0.0,0.0,1.0,0.0,0.0,0.0,0.0,0.0,0.0,0,0.62203264,1
-0.26176113,-1.2914469,2.834393,2.2603524,-0.3588394,-1.260226,-0.049496926,-0.03921632,0.8660243,0.0,0.0,0.0,1.0,0.0,0.0,0.0,0.0,0.0,0.0,0.0,0.0,0.0,0.0,0,0.66836196,1
2.9309685,1.2020173,-1.3662034,2.991705,5.1630816,1.3354195,-0.027971324,0.7342949,1.0433152,0.0,0.0,0.0,0.0,0.0,0.0,1.0,0.0,0.0,0.0,0.0,0.0,0.0,0.0,0,0.722684,1
-0.28977844,1.495366,2.7193081,2.258844,5.2843423,0.03759675,-0.031337943,1.7656432,0.48928115,0.0,0.0,0.0,0.0,0.0,0.0,1.0,0.0,0.0,0.0,0.0,0.0,0.0,0.0,1,0.99827266,1
-0.27990285,1.495366,-0.9058641,2.8240042,6.030362,0.6865081,0.12404026,1.3788877,-0.64094824,0.0,0.0,0.0,0.0,0.0,0.0,1.0,0.0,0.0,0.0,0.0,0.0,0.0,0.0,1,0.9842365,1
4.929721,0.46864545,0.93549323,2.9499164,1.461951,-0.61131465,-0.045750182,2.8614507,2.129222,0.0,1.0,0.0,0.0,0.0,0.0,0.0,0.0,0.0,0.0,0.0,0.0,0.0,0.0,1,0.99904996,1
-0.27445835,-1.4381213,0.1298994,2.831895,-0.39827076,-0.93577033,-0.04840027,-0.03921632,0.6222493,0.0,0.0,0.0,1.0,0.0,0.0,0.0,0.0,0.0,0.0,0.0,0.0,0.0,0.0,0,0.6468576,1
0.05538734,-1.5847957,0.014814562,2.0847437,-0.3881125,-0.28685895,-0.04426922,0.21862076,1.1319606,0.0,0.0,0.0,1.0,0.0,0.0,0.0,0.0,0.0,0.0,0.0,0.0,0.0,0.0,0,0.8067585,1
-0.26241356,0.028622357,0.30252665,2.821423,5.24877,1.3354195,-0.032874476,2.5391545,1.4865423,0.0,0.0,0.0,0.0,0.0,0.0,1.0,0.0,0.0,0.0,0.0,0.0,0.0,0.0,1,0.8550715,1
-0.12581103,1.495366,-0.73323685,2.036765,-0.19879642,0.6865081,0.035631515,-0.4904312,-0.1533983,0.0,0.0,0.0,0.0,0.0,0.0,0.0,0.0,0.0,0.0,1.0,0.0,0.0,0.0,0,0.5557191,1
-0.06826629,-1.1447725,1.8561718,1.8771225,-0.40936384,0.03759675,-0.048236284,0.025242949,1.1319606,0.0,0.0,0.0,1.0,0.0,0.0,0.0,0.0,0.0,0.0,0.0,0.0,0.0,0.0,0,0.6783545,1
-0.28958303,-1.5847957,0.41761148,2.979646,-0.3241286,-0.28685895,-0.026869476,-0.10367559,2.683256,0.0,0.0,0.0,1.0,0.0,0.0,0.0,0.0,0.0,0.0,0.0,0.0,0.0,0.0,0,0.72544867,1
-0.26857007,-1.4381213,0.8204084,1.7755615,1.7234828,-0.28685895,0.022779487,1.3144283,1.2427675,0.0,1.0,0.0,0.0,0.0,0.0,0.0,0.0,0.0,0.0,0.0,0.0,0.0,0.0,1,0.9998078,1
-0.2804062,-1.73147,0.64778113,2.6833513,-0.49924326,-0.61131465,-0.044587776,-0.16813485,0.5557652,0.0,0.0,0.0,1.0,0.0,0.0,0.0,0.0,0.0,0.0,0.0,0.0,0.0,0.0,1,0.83601534,1
-0.2918615,1.3486917,1.1081204,2.2856462,2.050082,0.03759675,0.044281222,-0.4904312,0.60008794,0.0,0.0,0.0,0.0,0.0,0.0,0.0,0.0,0.0,0.0,0.0,0.0,0.0,1.0,1,0.9032146,1
-0.29009637,1.3486917,-1.0209489,1.8615266,-0.7207207,1.3354195,-0.03847694,-0.55489045,0.51144254,0.0,0.0,0.0,0.0,0.0,0.0,0.0,0.0,0.0,0.0,0.0,0.0,1.0,0.0,0,0.5969115,1
-0.28327087,-0.118052006,0.24498422,2.100993,5.4100647,-1.260226,-0.049541388,0.025242949,0.8881856,0.0,0.0,0.0,0.0,0.0,0.0,0.0,1.0,0.0,0.0,0.0,0.0,0.0,0.0,1,0.53826165,1
-0.2607941,-1.1447725,-0.2153551,2.4624693,0.17687239,0.03759675,-0.045459867,-0.7482683,-0.6187869,0.0,0.0,0.0,0.0,0.0,0.0,0.0,0.0,1.0,0.0,0.0,0.0,0.0,0.0,1,0.9801052,1
-0.29152042,-1.1447725,2.7193081,2.7584603,-0.39308208,0.6865081,-0.0363097,0.025242949,0.5557652,0.0,0.0,0.0,1.0,0.0,0.0,0.0,0.0,0.0,0.0,0.0,0.0,0.0,0.0,0,0.7856965,1
-0.12385048,-1.4381213,-1.0209489,1.8901157,4.0699134,0.03759675,-0.033828147,-0.10367559,0.7552175,0.0,0.0,0.0,0.0,0.0,0.0,0.0,1.0,0.0,0.0,0.0,0.0,0.0,0.0,1,0.9963026,1
-0.22162952,1.495366,-0.15781268,2.5483637,4.421808,0.6865081,-0.028920498,0.28308,-1.1949823,1.0,0.0,0.0,0.0,0.0,0.0,0.0,0.0,0.0,0.0,0.0,0.0,0.0,0.0,1,0.98513967,1
-0.29373595,1.3486917,0.4751539,2.0903368,-0.12652558,1.0109638,0.04680552,-0.4904312,0.13469939,0.0,0.0,0.0,0.0,0.0,0.0,0.0,0.0,0.0,1.0,0.0,0.0,0.0,0.0,0,0.6444787,1
0.68930674,1.3486917,0.64778113,2.2652757,5.455104,0.03759675,-0.023292033,0.47645783,-0.5966255,1.0,0.0,0.0,0.0,0.0,0.0,0.0,0.0,0.0,0.0,0.0,0.0,0.0,0.0,1,0.9973314,1
-0.29202047,1.495366,-0.79077923,3.0460863,-0.17981099,1.9843309,0.09350965,-0.6193497,1.8189628,0.0,0.0,0.0,0.0,0.0,0.0,0.0,0.0,0.0,1.0,0.0,0.0,0.0,0.0,0,0.55083984,1
-0.2861885,1.495366,-1.3662034,2.5615969,5.182141,1.0109638,-0.0421539,2.2168581,-0.50798005,0.0,0.0,0.0,0.0,0.0,0.0,1.0,0.0,0.0,0.0,0.0,0.0,0.0,0.0,0,0.9731442,1
-0.13455732,-0.55807513,-0.9634065,2.342525,1.4230642,0.03759675,-0.04897324,2.1523988,0.28982893,0.0,1.0,0.0,0.0,0.0,0.0,0.0,0.0,0.0,0.0,0.0,0.0,0.0,0.0,1,0.9883696,1
-0.26988152,1.3486917,0.93549323,1.8818545,6.2781253,0.6865081,-0.048873987,0.5409171,0.7330561,0.0,0.0,0.0,0.0,0.0,0.0,0.0,1.0,0.0,0.0,0.0,0.0,0.0,0.0,1,0.9927898,1
-0.29221255,1.495366,1.6260022,2.4135945,0.46909487,0.03759675,-0.035061076,-0.8127276,-0.6631096,0.0,0.0,0.0,0.0,0.0,0.0,0.0,0.0,1.0,0.0,0.0,0.0,0.0,0.0,0,0.56892407,1
-0.2914078,1.495366,-0.79077923,2.9587476,-0.13843618,0.03759675,0.0458279,-0.36151266,0.8660243,0.0,0.0,0.0,0.0,0.0,0.0,0.0,0.0,0.0,0.0,1.0,0.0,0.0,0.0,0,0.55097014,1
-0.28817886,1.3486917,-0.10027027,2.8979304,0.45486468,0.03759675,-0.0075372546,-0.6193497,0.15686075,0.0,0.0,0.0,0.0,0.0,0.0,0.0,0.0,1.0,0.0,0.0,0.0,0.0,0.0,1,0.72238237,1
-0.29159325,1.495366,1.3958325,2.891432,5.434713,0.03759675,0.60058355,0.7342949,-1.2171437,1.0,0.0,0.0,0.0,0.0,0.0,0.0,0.0,0.0,0.0,0.0,0.0,0.0,0.0,1,0.998522,1
0.017186455,1.495366,-0.6756944,2.52118,-0.43820575,0.6865081,0.37805068,-0.4904312,0.31199026,0.0,0.0,0.0,0.0,0.0,0.0,0.0,0.0,0.0,0.0,0.0,0.0,1.0,0.0,0,0.58597356,1
-0.29173568,-1.5847957,-1.1935762,2.0378323,4.6507845,1.0109638,-0.02423648,0.025242949,0.51144254,0.0,0.0,0.0,0.0,0.0,0.0,0.0,1.0,0.0,0.0,0.0,0.0,0.0,0.0,1,0.9976197,1
-0.2896592,-1.2914469,-0.618152,2.6774862,-0.52469313,1.0109638,-0.04349802,0.025242949,0.40063572,0.0,0.0,0.0,1.0,0.0,0.0,0.0,0.0,0.0,0.0,0.0,0.0,0.0,0.0,1,0.8092812,1
-0.2911462,-1.4381213,0.18744181,2.845537,5.950673,-0.28685895,-0.043515384,0.41199857,0.42279708,0.0,0.0,0.0,0.0,0.0,0.0,0.0,1.0,0.0,0.0,0.0,0.0,0.0,0.0,0,0.8327227,1
-0.27389535,-1.73147,-0.15781268,2.0104032,-0.27138874,0.36205244,-0.042304743,-0.03921632,1.6859946,0.0,0.0,0.0,1.0,0.0,0.0,0.0,0.0,0.0,0.0,0.0,0.0,0.0,0.0,0,0.5031448,1
-0.2885332,-1.8781444,-1.5963731,1.942848,-0.23599045,-0.28685895,0.04050933,-0.10367559,1.0654765,0.0,0.0,0.0,1.0,0.0,0.0,0.0,0.0,0.0,0.0,0.0,0.0,0.0,0.0,0,0.60075957,1
-0.2935538,-1.8781444,1.6260022,2.1918359,1.6908188,0.6865081,-0.020376492,1.5722654,1.0433152,0.0,1.0,0.0,0.0,0.0,0.0,0.0,0.0,0.0,0.0,0.0,0.0,0.0,0.0,1,0.9997304,1
-0.27420995,1.495366,-1.2511185,2.2722375,3.7214167,-1.260226,-0.04931519,0.15416148,0.8660243,0.0,0.0,0.0,0.0,0.0,0.0,0.0,1.0,0.0,0.0,0.0,0.0,0.0,0.0,0,0.64738744,1
0.75454795,1.3486917,-0.9634065,2.1307461,5.6722016,-0.93577033,-0.046129517,1.6367247,2.993515,0.0,0.0,0.0,0.0,0.0,0.0,1.0,0.0,0.0,0.0,0.0,0.0,0.0,0.0,0,0.9588633,1
0.4436421,1.3486917,0.9930356,2.0836818,2.5562618,0.6865081,2.5589309,-0.55489045,-0.1533983,0.0,0.0,1.0,0.0,0.0,0.0,0.0,0.0,0.0,0.0,0.0,0.0,0.0,0.0,1,0.9972465,1
-0.2715076,1.495366,-1.4812882,2.191538,0.50788295,1.0109638,-0.038693033,-0.8127276,-0.08691422,0.0,0.0,0.0,0.0,0.0,0.0,0.0,0.0,1.0,0.0,0.0,0.0,0.0,0.0,0,0.53553355,1
-0.24056934,-0.55807513,-0.2153551,2.7059095,4.775229,-0.28685895,-0.043478794,0.5409171,-0.9512073,1.0,0.0,0.0,0.0,0.0,0.0,0.0,0.0,0.0,0.0,0.0,0.0,0.0,0.0,0,0.67864347,1
-0.28884453,1.495366,0.41761148,1.9762632,4.4056406,0.03759675,-0.0014166342,-0.03921632,0.31199026,0.0,0.0,0.0,0.0,0.0,0.0,0.0,1.0,0.0,0.0,0.0,0.0,0.0,0.0,1,0.9871076,1
-0.28856632,0.7619942,-0.10027027,1.9212327,5.337507,0.03759675,-0.04823009,2.2168581,0.37847435,0.0,0.0,0.0,0.0,0.0,0.0,1.0,0.0,0.0,0.0,0.0,0.0,0.0,0.0,1,0.8060722,1
-0.29327232,-1.4381213,0.4751539,2.1859589,-0.41276705,0.36205244,-0.046776894,-0.683809,-0.97336864,0.0,0.0,0.0,0.0,0.0,1.0,0.0,0.0,0.0,0.0,0.0,0.0,0.0,0.0,0,0.7897004,1
-0.28067115,-1.73147,-0.10027027,2.138452,-0.27494347,1.9843309,-0.038440052,-0.03921632,1.2649288,0.0,0.0,0.0,1.0,0.0,0.0,0.0,0.0,0.0,0.0,0.0,0.0,0.0,0.0,0,0.54175353,1
-0.29336172,1.495366,-0.79077923,2.8508997,0.88359773,2.6332424,-0.034084156,-0.4904312,0.64441067,0.0,0.0,0.0,0.0,0.0,0.0,0.0,0.0,0.0,0.0,0.0,0.0,0.0,1.0,0,0.634889,1
-0.07200524,1.495366,0.59023875,1.8012704,5.895399,-1.260226,-0.048829667,1.7656432,0.356313,0.0,0.0,0.0,0.0,0.0,0.0,1.0,0.0,0.0,0.0,0.0,0.0,0.0,0.0,1,0.996305,1
-0.29107663,-1.5847957,1.1081204,2.5220854,-0.22289243,0.6865081,-0.043592315,-0.683809,-1.5717254,0.0,0.0,0.0,0.0,0.0,1.0,0.0,0.0,0.0,0.0,0.0,0.0,0.0,0.0,0,0.56292754,1
0.607073,1.495366,0.5326963,1.8149694,6.018675,-0.28685895,3.8359935,0.41199857,0.9546697,0.0,0.0,0.0,0.0,0.0,0.0,0.0,1.0,0.0,0.0,0.0,0.0,0.0,0.0,1,0.9879652,1
-0.2751803,1.3486917,1.6260022,2.5546129,3.9783888,0.03759675,0.018605612,0.5409171,-1.2171437,1.0,0.0,0.0,0.0,0.0,0.0,0.0,0.0,0.0,0.0,0.0,0.0,0.0,0.0,1,0.99831426,1
-0.29260665,1.3486917,0.4751539,2.7160428,-0.2777034,0.6865081,1.0610981,-0.6193497,0.13469939,0.0,0.0,0.0,0.0,0.0,0.0,0.0,0.0,0.0,0.0,0.0,0.0,1.0,0.0,0,0.57268244,1
-0.29350746,-1.5847957,0.8204084,2.3608184,-0.46294686,0.03759675,-0.04879213,-0.16813485,0.8660243,0.0,0.0,0.0,1.0,0.0,0.0,0.0,0.0,0.0,0.0,0.0,0.0,0.0,0.0,0,0.8226597,1
-0.28273436,-1.1447725,-0.618152,2.4087522,3.8588896,-0.61131465,-0.047374573,0.28308,-0.9512073,1.0,0.0,0.0,0.0,0.0,0.0,0.0,0.0,0.0,0.0,0.0,0.0,0.0,0.0,0,0.6303662,1
-0.29119918,-1.5847957,-1.4812882,2.7846744,-0.29313898,-0.28685895,-0.045125,0.025242949,0.64441067,0.0,0.0,0.0,1.0,0.0,0.0,0.0,0.0,0.0,0.0,0.0,0.0,0.0,0.0,0,0.62440175,1
-0.2825456,1.495366,1.5684597,1.9897816,4.62581,-0.28685895,0.03774417,0.7342949,-0.6187869,1.0,0.0,0.0,0.0,0.0,0.0,0.0,0.0,0.0,0.0,0.0,0.0,0.0,0.0,1,0.99834764,1
-0.276091,1.2020173,1.3382901,2.6150632,6.006112,-0.61131465,-0.048548885,2.6036136,0.023892585,0.0,0.0,0.0,0.0,0.0,0.0,1.0,0.0,0.0,0.0,0.0,0.0,0.0,0.0,1,0.9985158,1
-0.22162952,1.3486917,-0.15781268,2.5411286,5.226124,-0.61131465,-0.049496446,0.7342949,0.1790221,0.0,0.0,0.0,0.0,0.0,0.0,0.0,1.0,0.0,0.0,0.0,0.0,0.0,0.0,1,0.87778777,1
-0.2924543,-1.5847957,0.41761148,1.7753603,4.160104,1.6598753,0.059022497,0.28308,-0.9512073,1.0,0.0,0.0,0.0,0.0,0.0,0.0,0.0,0.0,0.0,0.0,0.0,0.0,0.0,0,0.59807575,1
-0.29094416,1.495366,-1.3662034,2.1848776,4.678237,0.36205244,-0.017598595,0.992132,-0.57446414,1.0,0.0,0.0,0.0,0.0,0.0,0.0,0.0,0.0,0.0,0.0,0.0,0.0,0.0,1,0.9823844,1
-0.2938353,-1.73147,0.4751539,2.5421576,1.3789959,0.6865081,-0.042462476,2.410236,0.5336039,0.0,1.0,0.0,0.0,0.0,0.0,0.0,0.0,0.0,0.0,0.0,0.0,0.0,0.0,1,0.99932325,1
-0.015626233,1.2020173,0.1298994,3.0589201,7.711396,0.36205244,1.1218437,0.47645783,2.7275786,0.0,0.0,0.0,0.0,0.0,0.0,0.0,1.0,0.0,0.0,0.0,0.0,0.0,0.0,0,0.6707872,1
-0.2883842,-1.73147,0.014814562,2.1317165,6.0009284,0.03759675,0.14163204,2.0879395,-0.30852783,0.0,0.0,0.0,0.0,0.0,0.0,1.0,0.0,0.0,0.0,0.0,0.0,0.0,0.0,1,0.99605894,1
-0.24534154,-1.5847957,-1.1360338,2.0714302,3.852455,0.03759675,0.35960472,0.6698356,-0.6187869,1.0,0.0,0.0,0.0,0.0,0.0,0.0,0.0,0.0,0.0,0.0,0.0,0.0,0.0,1,0.9703451,1
-0.2881888,1.3486917,-0.042727854,2.830627,1.271997,0.36205244,-0.04951642,1.8301024,0.22334483,0.0,1.0,0.0,0.0,0.0,0.0,0.0,0.0,0.0,0.0,0.0,0.0,0.0,0.0,1,0.9979486,1
-0.29122233,-1.8781444,-0.8483217,2.9252892,2.0550637,1.3354195,-0.03667928,2.8614507,1.5973492,0.0,1.0,0.0,0.0,0.0,0.0,0.0,0.0,0.0,0.0,0.0,0.0,0.0,0.0,1,0.99899286,1
-0.07200524,-1.73147,0.59023875,1.7885975,1.5864456,0.03759675,0.118338175,2.9903693,4.6777782,0.0,1.0,0.0,0.0,0.0,0.0,0.0,0.0,0.0,0.0,0.0,0.0,0.0,0.0,1,0.9995179,1
-0.2905567,0.17529672,0.1298994,2.5860622,5.5797644,0.03759675,-0.013317328,0.60537636,-1.4165958,1.0,0.0,0.0,0.0,0.0,0.0,0.0,0.0,0.0,0.0,0.0,0.0,0.0,0.0,0,0.78822196,1
-0.2178442,1.3486917,0.8779508,2.9380975,5.5648904,-1.260226,-0.04954488,0.47645783,2.0627377,0.0,0.0,0.0,0.0,0.0,0.0,0.0,1.0,0.0,0.0,0.0,0.0,0.0,0.0,1,0.9939877,1
-0.2607941,1.3486917,-0.2153551,2.4738603,0.26983467,0.6865081,-0.048193976,-0.7482683,-0.064752854,0.0,0.0,0.0,0.0,0.0,0.0,0.0,0.0,1.0,0.0,0.0,0.0,0.0,0.0,1,0.51676893,1
-0.2884173,1.495366,-0.9634065,2.0436268,4.0077085,0.03759675,0.6009353,0.41199857,0.7330561,0.0,0.0,0.0,0.0,0.0,0.0,0.0,1.0,0.0,0.0,0.0,0.0,0.0,0.0,1,0.9707308,1
-0.28989765,1.495366,2.143884,2.8980756,-0.25100937,0.36205244,16.552017,-0.7482683,0.6887334,0.0,0.0,0.0,0.0,0.0,0.0,0.0,0.0,0.0,0.0,0.0,0.0,1.0,0.0,0,0.5918026,1
-0.2938353,-1.73147,0.4751539,2.5352876,1.5125549,-1.260226,-0.049552083,1.8301024,0.5336039,0.0,1.0,0.0,0.0,0.0,0.0,0.0,0.0,0.0,0.0,0.0,0.0,0.0,0.0,1,0.9992036,1
-0.2896327,0.7619942,0.1298994,1.9479022,4.773805,0.03759675,-0.038226604,0.025242949,1.0654765,0.0,0.0,0.0,0.0,0.0,0.0,0.0,1.0,0.0,0.0,0.0,0.0,0.0,0.0,0,0.8406294,1
-0.20153058,1.495366,-0.618152,2.4271271,-0.20341156,2.3087866,0.108891405,-0.2970534,0.356313,0.0,0.0,0.0,0.0,0.0,0.0,0.0,0.0,0.0,0.0,0.0,0.0,1.0,0.0,0,0.5747117,1
-0.2891823,1.3486917,-1.1360338,2.0232656,4.749858,0.36205244,0.050495654,0.6698356,-0.7960777,1.0,0.0,0.0,0.0,0.0,0.0,0.0,0.0,0.0,0.0,0.0,0.0,0.0,0.0,1,0.9830619,1
-0.27193147,-1.73147,1.6260022,2.1921577,1.4027814,1.3354195,0.064960465,1.4433469,1.1762834,0.0,1.0,0.0,0.0,0.0,0.0,0.0,0.0,0.0,0.0,0.0,0.0,0.0,0.0,1,0.9997379,1
-0.290305,-1.73147,1.6835446,2.1922026,-0.22163916,0.36205244,0.012815039,-0.6193497,-1.2836277,0.0,0.0,0.0,0.0,0.0,1.0,0.0,0.0,0.0,0.0,0.0,0.0,0.0,0.0,0,0.64302427,1
0.1309115,-1.73147,-1.0784913,1.9500394,-0.22245665,0.36205244,0.2220344,0.41199857,1.3978969,0.0,0.0,0.0,1.0,0.0,0.0,0.0,0.0,0.0,0.0,0.0,0.0,0.0,0.0,0,0.8358773,1
-0.28155538,-1.1447725,-1.4812882,3.0074947,-0.7428749,-1.260226,-0.04933668,0.15416148,3.2151284,0.0,0.0,0.0,1.0,0.0,0.0,0.0,0.0,0.0,0.0,0.0,0.0,0.0,0.0,0,0.73590785,1
-0.2715076,0.028622357,-1.4812882,1.9198354,6.5206685,0.36205244,-0.045880605,2.2813175,0.42279708,0.0,0.0,0.0,0.0,0.0,0.0,1.0,0.0,0.0,0.0,0.0,0.0,0.0,0.0,0,0.86479765,1
-0.234128,1.495366,-0.9634065,2.218476,-0.35442677,-0.28685895,0.81911016,-0.4904312,0.93250835,0.0,0.0,0.0,0.0,0.0,0.0,0.0,0.0,0.0,0.0,0.0,0.0,1.0,0.0,0,0.53087413,1
1.0754851,-1.8781444,0.30252665,1.9430728,-0.219406,0.03759675,-0.04659946,0.21862076,1.0433152,0.0,0.0,0.0,1.0,0.0,0.0,0.0,0.0,0.0,0.0,0.0,0.0,0.0,0.0,0,0.5861839,1
-0.291739,-1.73147,0.9930356,2.9322107,-0.3627365,-0.28685895,-0.04258615,0.08970222,1.9297696,0.0,0.0,0.0,1.0,0.0,0.0,0.0,0.0,0.0,0.0,0.0,0.0,0.0,0.0,0,0.77157444,1
-0.28896043,1.3486917,-0.5030672,2.7162678,1.396705,0.03759675,0.048314493,2.3457766,0.31199026,0.0,1.0,0.0,0.0,0.0,0.0,0.0,0.0,0.0,0.0,0.0,0.0,0.0,0.0,1,0.9966793,1
-0.2938353,-1.4381213,-0.73323685,1.9504197,1.2965543,0.03759675,-0.034753256,1.3144283,0.84386295,0.0,1.0,0.0,0.0,0.0,0.0,0.0,0.0,0.0,0.0,0.0,0.0,0.0,0.0,1,0.9944028,1
-0.28736088,-1.4381213,0.59023875,2.8387985,-0.39045122,-0.61131465,-0.04635803,-0.16813485,0.44495845,0.0,0.0,0.0,1.0,0.0,0.0,0.0,0.0,0.0,0.0,0.0,0.0,0.0,0.0,0,0.75450104,1
-0.22988898,0.3219711,-1.1360338,2.2566433,5.287333,-0.61131465,-0.04908701,0.41199857,0.51144254,0.0,0.0,0.0,0.0,0.0,0.0,0.0,1.0,0.0,0.0,0.0,0.0,0.0,0.0,0,0.56285536,1
-0.29396117,1.3486917,1.9712567,2.4471369,1.2364588,0.36205244,-0.029400714,-0.683809,0.22334483,0.0,0.0,0.0,0.0,0.0,0.0,0.0,0.0,0.0,0.0,0.0,0.0,0.0,1.0,0,0.56615955,1
-0.2607941,1.3486917,-0.2153551,2.467236,0.33924493,-0.28685895,0.39629623,-0.7482683,-0.41933462,0.0,0.0,0.0,0.0,0.0,0.0,0.0,0.0,1.0,0.0,0.0,0.0,0.0,0.0,1,0.81198037,1
-0.23394917,0.028622357,-0.10027027,2.9963586,4.655701,0.36205244,-0.047389824,2.2168581,1.154122,0.0,0.0,0.0,0.0,0.0,0.0,1.0,0.0,0.0,0.0,0.0,0.0,0.0,0.0,0,0.5461034,1
-0.29143098,-1.73147,-1.0209489,2.8919847,-0.25324902,-0.28685895,0.058509454,0.15416148,0.93250835,0.0,0.0,0.0,1.0,0.0,0.0,0.0,0.0,0.0,0.0,0.0,0.0,0.0,0.0,0,0.76147515,1
-0.29262653,0.46864545,0.8204084,2.5328243,6.064319,-0.61131465,-0.027303448,2.410236,-0.19772102,0.0,0.0,0.0,0.0,0.0,0.0,1.0,0.0,0.0,0.0,0.0,0.0,0.0,0.0,1,0.98446345,1
-0.2715076,1.495366,-1.4812882,2.0570655,0.4511764,0.03759675,0.24409373,-0.6193497,-0.39717326,0.0,0.0,0.0,0.0,0.0,0.0,0.0,0.0,1.0,0.0,0.0,0.0,0.0,0.0,1,0.67560124,1
-0.28327087,1.3486917,2.3165112,2.8239183,4.958316,0.03759675,-0.011207724,0.7342949,-0.9290459,1.0,0.0,0.0,0.0,0.0,0.0,0.0,0.0,0.0,0.0,0.0,0.0,0.0,0.0,1,0.99829656,1
-0.2858805,1.3486917,-0.73323685,2.9450142,5.6425304,-0.28685895,-0.049188197,2.2168581,1.0876379,0.0,0.0,0.0,0.0,0.0,0.0,1.0,0.0,0.0,0.0,0.0,0.0,0.0,0.0,1,0.9626648,1
0.33565632,1.3486917,0.014814562,2.8238628,-0.39106858,-0.28685895,2.018376,-0.7482683,-0.8625618,0.0,0.0,0.0,0.0,1.0,0.0,0.0,0.0,0.0,0.0,0.0,0.0,0.0,0.0,0,0.55068475,1
-0.14413156,-1.2914469,0.24498422,2.065264,-0.29140252,0.03759675,-0.04670336,0.21862076,1.464381,0.0,0.0,0.0,1.0,0.0,0.0,0.0,0.0,0.0,0.0,0.0,0.0,0.0,0.0,0,0.592266,1
-0.29318622,-1.8781444,-0.44552475,1.8623607,1.0194473,-0.61131465,-0.044398934,1.8301024,1.0876379,0.0,1.0,0.0,0.0,0.0,0.0,0.0,0.0,0.0,0.0,0.0,0.0,0.0,0.0,1,0.62329245,1
-0.28477108,-1.2914469,-0.6756944,2.3073707,1.6029359,0.6865081,-0.016354758,1.4433469,0.60008794,0.0,1.0,0.0,0.0,0.0,0.0,0.0,0.0,0.0,0.0,0.0,0.0,0.0,0.0,1,0.99796957,1
-0.29348096,-1.4381213,0.36006907,1.7622095,-0.42182434,0.6865081,-0.048525788,-0.36151266,1.2427675,0.0,0.0,0.0,1.0,0.0,0.0,0.0,0.0,0.0,0.0,0.0,0.0,0.0,0.0,0,0.7585003,1
-0.2846585,-1.8781444,-1.4812882,2.27275,-0.30227822,-0.28685895,-0.039961677,-0.16813485,0.7330561,0.0,0.0,0.0,1.0,0.0,0.0,0.0,0.0,0.0,0.0,0.0,0.0,0.0,0.0,0,0.64253116,1
-0.29365647,1.495366,0.64778113,2.9453382,-0.3152413,1.3354195,0.12933475,-0.87718683,0.84386295,0.0,0.0,0.0,0.0,0.0,0.0,0.0,0.0,0.0,0.0,1.0,0.0,0.0,0.0,0,0.5836456,1
-0.06826629,-1.5847957,1.8561718,1.8694369,-0.56181777,0.6865081,-0.04836626,0.025242949,0.71089476,0.0,0.0,0.0,1.0,0.0,0.0,0.0,0.0,0.0,0.0,0.0,0.0,0.0,0.0,0,0.82095045,1
-0.2884173,1.495366,-0.9634065,2.0436044,4.5774875,-0.28685895,-0.04533711,0.5409171,-1.0841755,1.0,0.0,0.0,0.0,0.0,0.0,0.0,0.0,0.0,0.0,0.0,0.0,0.0,0.0,1,0.9804585,1
-0.28489363,-0.9980982,0.7053236,1.89754,-0.3291492,1.0109638,-0.028971503,-0.683809,-1.4387572,0.0,0.0,0.0,0.0,0.0,1.0,0.0,0.0,0.0,0.0,0.0,0.0,0.0,0.0,1,0.7272061,1
-0.15236454,0.7619942,-0.5030672,2.2508118,4.3415704,-0.93577033,0.10651829,0.6698356,1.0876379,0.0,0.0,0.0,0.0,0.0,0.0,0.0,1.0,0.0,0.0,0.0,0.0,0.0,0.0,0,0.5813367,1
-0.21822505,-1.73147,0.1298994,1.7749058,-0.3616527,-0.93577033,-0.048623674,-0.36151266,-1.1949823,0.0,0.0,0.0,0.0,0.0,1.0,0.0,0.0,0.0,0.0,0.0,0.0,0.0,0.0,0,0.6277934,1
-0.13995877,1.2020173,0.18744181,2.7494638,-0.0875571,0.6865081,0.04938858,-0.7482683,-0.8847232,0.0,0.0,0.0,0.0,1.0,0.0,0.0,0.0,0.0,0.0,0.0,0.0,0.0,0.0,0,0.6201052,1
0.607073,-1.73147,0.5326963,1.8086755,1.6155108,0.36205244,-0.033849463,1.8301024,0.8660243,0.0,1.0,0.0,0.0,0.0,0.0,0.0,0.0,0.0,0.0,0.0,0.0,0.0,0.0,1,0.99981254,1
-0.27389535,-1.8781444,-0.15781268,1.7613001,4.03152,3.931065,-0.01941039,0.3475393,-0.39717326,1.0,0.0,0.0,0.0,0.0,0.0,0.0,0.0,0.0,0.0,0.0,0.0,0.0,0.0,0,0.7644268,1
-0.26176113,1.3486917,2.834393,2.050142,6.2189484,0.03759675,-0.006185399,1.8945618,0.31199026,0.0,0.0,0.0,0.0,0.0,0.0,1.0,0.0,0.0,0.0,0.0,0.0,0.0,0.0,1,0.9988741,1
-0.29393467,-1.2914469,-1.0209489,1.8163016,-0.43568337,1.9843309,-0.041893393,0.025242949,1.3535743,0.0,0.0,0.0,1.0,0.0,0.0,0.0,0.0,0.0,0.0,0.0,0.0,0.0,0.0,0,0.6805464,1
-0.28196272,0.9086686,-0.44552475,2.9641979,4.835119,0.6865081,7.5024605,1.8301024,0.99899244,0.0,0.0,0.0,0.0,0.0,0.0,1.0,0.0,0.0,0.0,0.0,0.0,0.0,0.0,0,0.98717463,1
-0.2935273,-1.8781444,0.5326963,2.454184,1.857031,0.36205244,0.003378296,1.249969,0.22334483,0.0,1.0,0.0,0.0,0.0,0.0,0.0,0.0,0.0,0.0,0.0,0.0,0.0,0.0,1,0.9995939,1
-0.27990285,-0.26472637,-0.9058641,2.8207781,4.034985,-0.61131465,-0.045996472,0.79875416,-1.1506596,1.0,0.0,0.0,0.0,0.0,0.0,0.0,0.0,0.0,0.0,0.0,0.0,0.0,0.0,1,0.6186838,1
9.332063,1.495366,-0.5606096,2.945084,0.94610155,1.9843309,0.10909435,-0.8127276,0.60008794,0.0,0.0,0.0,0.0,0.0,0.0,0.0,0.0,1.0,0.0,0.0,0.0,0.0,0.0,0,0.6911957,1
-0.29261658,1.495366,1.3382901,2.4069328,3.53771,0.03759675,0.062369905,-0.4904312,-0.24204375,0.0,0.0,1.0,0.0,0.0,0.0,0.0,0.0,0.0,0.0,0.0,0.0,0.0,0.0,1,0.99890447,1
-0.260198,1.495366,0.30252665,2.326269,5.3739,1.0109638,0.59239185,2.5391545,2.505965,1.0,0.0,0.0,0.0,0.0,0.0,0.0,0.0,0.0,0.0,0.0,0.0,0.0,0.0,1,0.9965969,1
-0.2911263,-1.73147,-1.2511185,1.875872,-0.2905963,-0.93577033,-0.046610087,-0.16813485,1.154122,0.0,0.0,0.0,1.0,0.0,0.0,0.0,0.0,0.0,0.0,0.0,0.0,0.0,0.0,0,0.5047484,1
0.1309115,1.0553429,-1.0784913,3.031928,6.4508047,1.3354195,-0.02083533,0.7342949,1.3978969,0.0,0.0,0.0,0.0,0.0,0.0,1.0,0.0,0.0,0.0,0.0,0.0,0.0,0.0,0,0.7623326,1
-0.22988898,1.2020173,-1.1360338,2.3794935,4.0770164,1.3354195,-0.002091628,1.0565913,0.60008794,0.0,0.0,0.0,0.0,0.0,0.0,0.0,1.0,0.0,0.0,0.0,0.0,0.0,0.0,0,0.73530966,1
0.02688322,1.3486917,0.4751539,2.4671142,7.0551867,-0.28685895,-0.045478277,2.8614507,0.023892585,0.0,0.0,0.0,0.0,0.0,0.0,1.0,0.0,0.0,0.0,0.0,0.0,0.0,0.0,1,0.98984957,1
-0.26955697,-1.4381213,1.050578,2.8116322,-0.27189502,0.6865081,-0.024295347,0.6698356,1.0211538,0.0,0.0,0.0,1.0,0.0,0.0,0.0,0.0,0.0,0.0,0.0,0.0,0.0,0.0,1,0.77840686,1
-0.28845042,-1.73147,0.36006907,2.952593,8.81321,1.0109638,-0.042866077,1.249969,1.5087037,0.0,0.0,0.0,0.0,0.0,0.0,1.0,0.0,0.0,0.0,0.0,0.0,0.0,0.0,0,0.6873227,1
-0.29371276,-1.4381213,1.1656629,2.953161,-0.29133114,-0.28685895,-0.036089603,0.28308,2.26219,0.0,0.0,0.0,1.0,0.0,0.0,0.0,0.0,0.0,0.0,0.0,0.0,0.0,0.0,0,0.63753986,1
-0.29173568,-1.8781444,-1.1935762,2.037278,5.376187,0.36205244,0.12748377,0.47645783,1.154122,0.0,0.0,0.0,0.0,0.0,0.0,0.0,1.0,0.0,0.0,0.0,0.0,0.0,0.0,1,0.9983309,1
-0.29388168,1.495366,-0.618152,2.8711514,-0.3368949,0.6865081,0.8243811,-0.55489045,0.46711978,0.0,0.0,0.0,0.0,0.0,0.0,0.0,0.0,0.0,0.0,0.0,0.0,1.0,0.0,0,0.6601448,1
-0.28073075,-0.85142386,-0.9634065,1.7900395,1.1423893,0.36205244,-0.021105884,1.3144283,0.46711978,0.0,1.0,0.0,0.0,0.0,0.0,0.0,0.0,0.0,0.0,0.0,0.0,0.0,0.0,0,0.97406274,1
-0.28155538,-1.2914469,-1.4812882,3.0004215,-0.7342694,0.36205244,-0.0477834,-0.03921632,3.2816126,0.0,0.0,0.0,1.0,0.0,0.0,0.0,0.0,0.0,0.0,0.0,0.0,0.0,0.0,0,0.8465775,1
0.6198828,-1.4381213,2.2589688,2.3206024,-0.24807914,-0.93577033,-0.046878323,0.025242949,1.154122,0.0,0.0,0.0,1.0,0.0,0.0,0.0,0.0,0.0,0.0,0.0,0.0,0.0,0.0,0,0.51803726,1
-0.17726217,-1.73147,-0.10027027,2.5891266,1.4376801,0.36205244,0.011995969,2.410236,0.22334483,0.0,1.0,0.0,0.0,0.0,0.0,0.0,0.0,0.0,0.0,0.0,0.0,0.0,0.0,1,0.9985234,1
3.8896234,0.3219711,-0.10027027,2.236601,4.9280643,-0.61131465,-0.04827077,0.60537636,0.46711978,0.0,0.0,0.0,0.0,0.0,0.0,0.0,1.0,0.0,0.0,0.0,0.0,0.0,0.0,0,0.5158664,1
0.114415735,1.495366,-1.0784913,2.238655,0.8681725,1.9843309,-0.040681932,-0.6193497,0.6887334,0.0,0.0,0.0,0.0,0.0,0.0,0.0,0.0,0.0,0.0,0.0,0.0,0.0,1.0,0,0.57895887,1
-0.29068252,1.3486917,-0.15781268,2.8642437,5.4270945,-0.61131465,0.4475642,0.992132,0.8217016,0.0,0.0,0.0,0.0,0.0,0.0,0.0,1.0,0.0,0.0,0.0,0.0,0.0,0.0,1,0.9462573,1
-0.24307632,1.2020173,2.143884,2.406257,1.8528928,0.03759675,-0.04941517,-0.683809,0.40063572,0.0,0.0,0.0,0.0,0.0,0.0,0.0,0.0,0.0,0.0,0.0,0.0,0.0,1.0,0,0.6940516,1
-0.28061816,-1.73147,-0.2153551,2.1316302,-0.28611243,1.0109638,-0.04466408,0.15416148,1.0876379,0.0,0.0,0.0,1.0,0.0,0.0,0.0,0.0,0.0,0.0,0.0,0.0,0.0,0.0,0,0.55758166,1
-0.28856966,1.495366,-1.3662034,2.6088014,4.6648135,2.957698,0.39117327,2.5391545,1.8411242,1.0,0.0,0.0,0.0,0.0,0.0,0.0,0.0,0.0,0.0,0.0,0.0,0.0,0.0,1,0.9896153,1
-0.28653625,-1.5847957,-0.79077923,1.8897554,-0.4818071,-0.93577033,-0.048876915,0.15416148,0.60008794,0.0,0.0,0.0,1.0,0.0,0.0,0.0,0.0,0.0,0.0,0.0,0.0,0.0,0.0,0,0.7260268,1
-0.2704677,-1.2914469,-0.2153551,1.9036044,-0.31681812,1.0109638,-0.04203684,0.15416148,1.5308651,0.0,0.0,0.0,1.0,0.0,0.0,0.0,0.0,0.0,0.0,0.0,0.0,0.0,0.0,0,0.58175695,1
0.6198828,-1.2914469,-0.33043993,2.132548,-0.43364847,-0.28685895,-0.048021283,0.15416148,0.6887334,0.0,0.0,0.0,1.0,0.0,0.0,0.0,0.0,0.0,0.0,0.0,0.0,0.0,0.0,0,0.681068,1
-0.20153058,0.7619942,-0.618152,1.8604211,5.609815,1.0109638,-0.043606184,0.47645783,0.84386295,0.0,0.0,0.0,0.0,0.0,0.0,0.0,1.0,0.0,0.0,0.0,0.0,0.0,0.0,0,0.5552444,1
-0.28289664,-1.5847957,2.6617658,2.1924736,1.57339,0.03759675,-0.03609962,1.249969,0.93250835,0.0,1.0,0.0,0.0,0.0,0.0,0.0,0.0,0.0,0.0,0.0,0.0,0.0,0.0,1,0.99972934,1
-0.24626884,1.3486917,0.8204084,2.998693,5.4499397,0.36205244,0.03928801,2.5391545,4.6334558,0.0,0.0,0.0,0.0,0.0,0.0,0.0,1.0,0.0,0.0,0.0,0.0,0.0,0.0,1,0.99020547,1
-0.28742048,1.495366,0.1298994,2.622272,-0.2007459,1.0109638,0.010381192,-0.4904312,-0.7960777,0.0,0.0,0.0,0.0,0.0,0.0,0.0,0.0,0.0,1.0,0.0,0.0,0.0,0.0,0,0.5223066,1
-0.28932473,-1.4381213,2.2014263,2.2599297,-0.5180891,-0.93577033,-0.04016956,-0.03921632,0.8217016,0.0,0.0,0.0,1.0,0.0,0.0,0.0,0.0,0.0,0.0,0.0,0.0,0.0,0.0,1,0.7024946,1
-0.28489363,-1.5847957,0.7053236,1.8964674,-0.34968063,0.36205244,-0.03681036,0.21862076,1.1984447,0.0,0.0,0.0,1.0,0.0,0.0,0.0,0.0,0.0,0.0,0.0,0.0,0.0,0.0,1,0.8338021,1
-0.2759089,1.3486917,-0.38798234,2.460385,5.294763,-0.28685895,-0.046673313,0.28308,0.5779266,0.0,0.0,0.0,0.0,0.0,0.0,0.0,1.0,0.0,0.0,0.0,0.0,0.0,0.0,0,0.8084895,1
-0.2868575,-0.9980982,-0.73323685,1.9918103,4.758212,-0.28685895,-0.046773437,0.6698356,-0.75175506,1.0,0.0,0.0,0.0,0.0,0.0,0.0,0.0,0.0,0.0,0.0,0.0,0.0,0.0,0,0.8770291,1
-0.2937724,1.2020173,0.93549323,2.049755,-0.24424738,1.6598753,3.6546106,-0.36151266,0.15686075,0.0,0.0,0.0,0.0,0.0,0.0,0.0,0.0,0.0,0.0,1.0,0.0,0.0,0.0,0,0.5606859,1
-0.28742048,1.3486917,0.1298994,2.3864384,-0.22809577,0.36205244,0.15346636,-0.7482683,-0.30852783,0.0,0.0,0.0,0.0,1.0,0.0,0.0,0.0,0.0,0.0,0.0,0.0,0.0,0.0,0,0.7185618,1
-0.28867894,1.495366,0.24498422,2.9520035,-0.18438877,1.6598753,0.16399096,-0.36151266,0.93250835,0.0,0.0,0.0,0.0,0.0,0.0,0.0,0.0,0.0,0.0,1.0,0.0,0.0,0.0,0,0.72060484,1
-0.2924212,1.3486917,1.9137143,1.8144771,5.05129,-0.61131465,-0.047059815,0.60537636,0.7330561,0.0,0.0,0.0,0.0,0.0,0.0,0.0,1.0,0.0,0.0,0.0,0.0,0.0,0.0,1,0.99900645,1
2.4803834,-1.8781444,2.143884,2.602458,1.9218066,0.6865081,0.08767436,1.5078062,0.37847435,0.0,1.0,0.0,0.0,0.0,0.0,0.0,0.0,0.0,0.0,0.0,0.0,0.0,0.0,1,0.9997861,1
-0.2862945,1.495366,0.014814562,2.62219,1.0964563,0.36205244,-0.047835693,2.9903693,2.6167717,0.0,0.0,0.0,0.0,0.0,0.0,0.0,0.0,1.0,0.0,0.0,0.0,0.0,0.0,0,0.6047969,1
-0.20468004,-0.70474946,-0.73323685,3.0286012,4.044017,1.6598753,-0.04251046,0.28308,0.33415163,1.0,0.0,0.0,0.0,0.0,0.0,0.0,0.0,0.0,0.0,0.0,0.0,0.0,0.0,0,0.71960634,1
-0.29336503,1.495366,-0.042727854,2.110766,-0.17280993,-0.28685895,0.029852467,-0.55489045,0.13469939,0.0,0.0,0.0,0.0,0.0,0.0,0.0,0.0,0.0,1.0,0.0,0.0,0.0,0.0,0,0.6072085,1
-0.27273956,1.495366,-0.33043993,1.9426492,-0.484289,0.6865081,0.049913473,-0.36151266,0.8217016,0.0,0.0,0.0,0.0,0.0,0.0,0.0,0.0,0.0,0.0,0.0,0.0,1.0,0.0,0,0.5953553,1
-0.2933187,1.495366,0.1298994,2.9923036,-0.3396912,2.6332424,16.51279,-0.55489045,1.3314129,0.0,0.0,0.0,0.0,0.0,0.0,0.0,0.0,0.0,1.0,0.0,0.0,0.0,0.0,0,0.50337505,1
-0.1514207,0.9086686,1.3382901,2.560684,5.359318,-0.28685895,-0.04330962,1.8301024,-0.50798005,0.0,0.0,0.0,0.0,0.0,0.0,1.0,0.0,0.0,0.0,0.0,0.0,0.0,0.0,1,0.9981065,1
-0.28628454,0.61531985,0.1298994,2.4120026,5.1572824,-0.93577033,-0.043439087,0.992132,-0.75175506,1.0,0.0,0.0,0.0,0.0,0.0,0.0,0.0,0.0,0.0,0.0,0.0,0.0,0.0,0,0.947663,1
-0.28597987,1.3486917,0.41761148,2.1711226,5.8802614,1.0109638,0.02997124,2.3457766,-0.17555965,0.0,0.0,0.0,0.0,0.0,0.0,1.0,0.0,0.0,0.0,0.0,0.0,0.0,0.0,1,0.99474686,1
-0.29110974,0.028622357,0.07235698,2.8684652,1.4783009,1.3354195,-0.038578704,-0.7482683,0.51144254,0.0,0.0,0.0,0.0,0.0,0.0,0.0,0.0,0.0,0.0,0.0,0.0,0.0,1.0,0,0.5902982,1
0.012530153,-1.4381213,-1.5963731,2.7714958,-0.5427534,-0.61131465,-0.0495079,-0.03921632,0.7995402,0.0,0.0,0.0,1.0,0.0,0.0,0.0,0.0,0.0,0.0,0.0,0.0,0.0,0.0,0,0.8031971,1
-0.25688627,1.3486917,0.07235698,2.500966,-0.61553586,0.03759675,0.02279133,-0.7482683,0.1790221,0.0,0.0,0.0,0.0,0.0,0.0,0.0,0.0,0.0,0.0,0.0,0.0,1.0,0.0,0,0.5325196,1
-0.29176217,0.9086686,0.07235698,2.8902345,1.6475753,1.0109638,-0.02191013,-0.4904312,1.1097993,0.0,0.0,0.0,0.0,0.0,0.0,0.0,0.0,0.0,0.0,0.0,0.0,0.0,1.0,0,0.54323107,1
-0.20153058,0.17529672,-0.618152,2.1352885,6.6289673,-0.28685895,-0.02952999,1.6367247,0.2455062,0.0,0.0,0.0,0.0,0.0,0.0,1.0,0.0,0.0,0.0,0.0,0.0,0.0,0.0,0,0.6514509,1
-0.28932473,-1.73147,2.2014263,1.8020278,-0.479431,-1.260226,-0.04960112,0.025242949,0.93250835,0.0,0.0,0.0,1.0,0.0,0.0,0.0,0.0,0.0,0.0,0.0,0.0,0.0,0.0,0,0.8240175,1
-0.2894605,1.495366,0.4751539,2.8578167,0.5407759,1.3354195,-0.019272458,-0.6193497,0.1790221,0.0,0.0,0.0,0.0,0.0,0.0,0.0,0.0,1.0,0.0,0.0,0.0,0.0,0.0,0,0.73569196,1
-0.28995395,-1.73147,0.8779508,2.858289,-0.2978581,1.3354195,-0.0443345,-0.16813485,1.0211538,0.0,0.0,0.0,1.0,0.0,0.0,0.0,0.0,0.0,0.0,0.0,0.0,0.0,0.0,0,0.79008824,1
-0.261069,-1.4381213,0.64778113,2.3743076,-0.4084698,0.03759675,-0.041227248,0.60537636,1.3978969,0.0,0.0,0.0,1.0,0.0,0.0,0.0,0.0,0.0,0.0,0.0,0.0,0.0,0.0,0,0.8349255,1
-0.26857007,-1.8781444,0.8204084,1.774743,1.9694194,-1.260226,-0.049747176,1.5722654,1.1097993,0.0,1.0,0.0,0.0,0.0,0.0,0.0,0.0,0.0,0.0,0.0,0.0,0.0,0.0,1,0.99963784,1
-0.29373926,-1.2914469,1.5684597,2.4958322,-0.29995444,-0.28685895,-0.0453323,-0.8127276,-1.4609185,0.0,0.0,0.0,0.0,0.0,1.0,0.0,0.0,0.0,0.0,0.0,0.0,0.0,0.0,0,0.6997787,1
1.0625097,1.495366,-0.6756944,2.4875755,0.47419506,0.03759675,-0.044718277,-0.6193497,-0.30852783,0.0,0.0,0.0,0.0,0.0,0.0,0.0,0.0,1.0,0.0,0.0,0.0,0.0,0.0,0,0.67313164,1
-0.29170254,0.46864545,0.07235698,2.579951,4.7644362,1.6598753,-0.039903358,0.60537636,-0.020430136,0.0,0.0,0.0,0.0,0.0,0.0,0.0,1.0,0.0,0.0,0.0,0.0,0.0,0.0,0,0.7022782,1
1.829816,-1.4381213,0.36006907,2.93281,-0.3657319,-0.61131465,-0.03841729,0.15416148,1.7524787,0.0,0.0,0.0,1.0,0.0,0.0,0.0,0.0,0.0,0.0,0.0,0.0,0.0,0.0,0,0.6644572,1
-0.29307693,-1.8781444,-0.5606096,2.1918821,6.078743,1.3354195,-0.040529158,1.7656432,0.60008794,0.0,0.0,0.0,0.0,0.0,0.0,1.0,0.0,0.0,0.0,0.0,0.0,0.0,0.0,1,0.99755543,1
-0.29106006,-1.73147,0.8779508,1.9769695,-0.28187183,-1.260226,-0.049668886,0.025242949,1.3757355,0.0,0.0,0.0,1.0,0.0,0.0,0.0,0.0,0.0,0.0,0.0,0.0,0.0,0.0,0,0.6022536,1
-0.29350746,1.3486917,-0.2728975,2.4807484,-0.26434812,0.6865081,0.20009589,-0.7482683,0.22334483,0.0,0.0,0.0,0.0,0.0,0.0,0.0,0.0,0.0,0.0,0.0,0.0,1.0,0.0,0,0.54873675,1
-0.27461398,0.9086686,-1.1360338,2.7220588,4.8421516,-0.28685895,-0.03104783,0.47645783,0.1790221,0.0,0.0,0.0,0.0,0.0,0.0,0.0,1.0,0.0,0.0,0.0,0.0,0.0,0.0,0,0.7265483,1
-0.28922868,1.0553429,-1.0209489,2.5205002,4.952628,-0.28685895,-0.03216,1.7656432,0.0682153,0.0,0.0,0.0,0.0,0.0,0.0,1.0,0.0,0.0,0.0,0.0,0.0,0.0,0.0,0,0.7611149,1
-0.28061816,-1.5847957,-0.2153551,2.0712318,0.21729064,0.6865081,-0.041285276,-0.8127276,0.37847435,0.0,0.0,0.0,0.0,0.0,0.0,0.0,0.0,1.0,0.0,0.0,0.0,0.0,0.0,1,0.987921,1
0.49602386,1.2020173,-1.1360338,2.6755826,4.420888,0.36205244,0.0059749885,1.249969,-0.109075576,0.0,0.0,0.0,0.0,0.0,0.0,1.0,0.0,0.0,0.0,0.0,0.0,0.0,0.0,0,0.6504619,1
-0.27974388,-1.8781444,-1.1935762,2.6561735,-0.25298297,-0.93577033,-0.043472134,-0.16813485,0.60008794,0.0,0.0,0.0,1.0,0.0,0.0,0.0,0.0,0.0,0.0,0.0,0.0,0.0,0.0,0,0.54139036,1
-0.26656646,-1.2914469,-1.1935762,1.8432199,3.130587,-0.28685895,-0.039199382,-0.4904312,0.0682153,0.0,0.0,1.0,0.0,0.0,0.0,0.0,0.0,0.0,0.0,0.0,0.0,0.0,0.0,1,0.9967513,1
-0.24491434,-1.73147,-0.042727854,3.0264626,4.15226,1.0109638,0.03634386,-0.7482683,0.6887334,0.0,0.0,0.0,0.0,1.0,0.0,0.0,0.0,0.0,0.0,0.0,0.0,0.0,0.0,0,0.9768048,1
-0.27901196,-1.8781444,-1.0209489,1.8353454,-0.31545764,0.03759675,-0.04852206,0.6698356,1.4422196,0.0,0.0,0.0,1.0,0.0,0.0,0.0,0.0,0.0,0.0,0.0,0.0,0.0,0.0,0,0.59738404,1
-0.29107663,-1.8781444,1.1081204,2.6964643,-0.29556203,0.36205244,-0.048036322,-0.6193497,-1.3722731,0.0,0.0,0.0,0.0,0.0,1.0,0.0,0.0,0.0,0.0,0.0,0.0,0.0,0.0,0,0.8807448,1
-0.29143098,-1.73147,-1.0209489,2.6563797,1.4765388,-0.28685895,-0.037096374,1.249969,-0.17555965,0.0,1.0,0.0,0.0,0.0,0.0,0.0,0.0,0.0,0.0,0.0,0.0,0.0,0.0,1,0.9969356,1
-0.2719646,-1.5847957,-1.4237459,2.4345713,-0.8157834,-1.260226,-0.04862494,-0.2970534,0.66657203,0.0,0.0,0.0,1.0,0.0,0.0,0.0,0.0,0.0,0.0,0.0,0.0,0.0,0.0,0,0.7371117,1
-0.29107663,1.495366,1.1081204,2.9991481,1.682875,2.957698,0.0037006724,-0.36151266,2.129222,0.0,0.0,0.0,0.0,0.0,0.0,0.0,0.0,0.0,0.0,0.0,0.0,0.0,1.0,0,0.79627013,1
-0.29237482,1.495366,-0.5606096,2.945235,0.32655373,0.03759675,-0.04002828,-0.6193497,0.6222493,0.0,0.0,0.0,0.0,0.0,0.0,0.0,0.0,1.0,0.0,0.0,0.0,0.0,0.0,0,0.64822114,1
-0.29316303,1.2020173,-0.9634065,3.038824,5.5011168,1.3354195,-0.047386326,0.41199857,2.8605468,0.0,0.0,0.0,0.0,0.0,0.0,0.0,1.0,0.0,0.0,0.0,0.0,0.0,0.0,0,0.71898913,1
-0.29114288,-1.8781444,0.30252665,2.4880126,-0.24710566,0.6865081,-0.032974046,0.15416148,0.44495845,0.0,0.0,0.0,1.0,0.0,0.0,0.0,0.0,0.0,0.0,0.0,0.0,0.0,0.0,1,0.74649715,1
-0.28938434,1.495366,0.64778113,2.8914835,6.296563,1.0109638,-0.032286305,2.5391545,2.5281262,0.0,0.0,0.0,0.0,0.0,0.0,1.0,0.0,0.0,0.0,0.0,0.0,0.0,0.0,1,0.99565953,1
-0.2939181,1.3486917,1.6835446,2.5076625,4.9457736,0.03759675,-0.0060629407,0.47645783,-0.8625618,1.0,0.0,0.0,0.0,0.0,0.0,0.0,0.0,0.0,0.0,0.0,0.0,0.0,0.0,1,0.9986773,1
-0.29139456,1.495366,-0.44552475,1.8954887,-0.042648003,2.3087866,1.1424853,-0.6193497,0.51144254,0.0,0.0,0.0,0.0,0.0,0.0,0.0,0.0,0.0,0.0,0.0,0.0,1.0,0.0,0,0.52216333,1
-0.2883842,-1.73147,0.014814562,2.1316886,1.878895,-0.28685895,-0.03119473,2.2813175,1.1762834,0.0,1.0,0.0,0.0,0.0,0.0,0.0,0.0,0.0,0.0,0.0,0.0,0.0,0.0,1,0.9990397,1
-0.29170254,0.9086686,0.30252665,2.049154,5.7797604,-1.260226,-0.049331762,2.2168581,0.5557652,0.0,0.0,0.0,0.0,0.0,0.0,1.0,0.0,0.0,0.0,0.0,0.0,0.0,0.0,1,0.9570207,1
-0.2929312,1.2020173,-1.2511185,2.6351185,5.0517645,-0.28685895,-0.048837487,0.992132,-0.042591497,0.0,0.0,0.0,0.0,0.0,0.0,0.0,1.0,0.0,0.0,0.0,0.0,0.0,0.0,0,0.8323764,1
-0.2883279,-1.5847957,0.64778113,2.1185472,-0.27578008,-1.260226,-0.04913992,-0.87718683,-1.239305,0.0,0.0,0.0,0.0,0.0,1.0,0.0,0.0,0.0,0.0,0.0,0.0,0.0,0.0,0,0.6779869,1
-0.29020232,1.495366,0.8779508,2.1782792,0.010057935,0.03759675,0.59086245,-0.683809,0.33415163,0.0,0.0,0.0,0.0,0.0,0.0,0.0,0.0,0.0,1.0,0.0,0.0,0.0,0.0,0,0.63348055,1
-0.25867128,1.495366,1.2232053,1.9023666,6.5987744,0.03759675,0.008466052,1.7656432,0.09037667,0.0,0.0,0.0,0.0,0.0,0.0,1.0,0.0,0.0,0.0,0.0,0.0,0.0,0.0,1,0.99876654,1
-0.28871536,1.495366,-0.15781268,2.945145,-0.12955527,1.6598753,0.036921974,-0.683809,0.5557652,0.0,0.0,0.0,0.0,0.0,0.0,0.0,0.0,0.0,1.0,0.0,0.0,0.0,0.0,0,0.59031004,1
-0.28067115,1.3486917,-0.10027027,2.9112191,4.571111,0.03759675,-0.046653084,0.41199857,0.66657203,0.0,0.0,0.0,0.0,0.0,0.0,0.0,1.0,0.0,0.0,0.0,0.0,0.0,0.0,0,0.87775934,1
-0.29300407,-1.4381213,1.050578,2.7378173,1.4971368,0.36205244,-0.034972336,1.5078062,-0.21988238,0.0,1.0,0.0,0.0,0.0,0.0,0.0,0.0,0.0,0.0,0.0,0.0,0.0,0.0,1,0.999765,1
-0.24359626,-0.85142386,-1.1360338,2.6312377,-0.73069465,-0.61131465,-0.046896216,0.21862076,0.5779266,0.0,0.0,0.0,1.0,0.0,0.0,0.0,0.0,0.0,0.0,0.0,0.0,0.0,0.0,0,0.5704023,1
-0.28663227,1.3486917,1.7410871,2.4336576,5.1770306,0.36205244,-0.032554228,1.3788877,0.26766756,0.0,0.0,0.0,0.0,0.0,0.0,1.0,0.0,0.0,0.0,0.0,0.0,0.0,0.0,1,0.99887246,1
-0.28831464,1.495366,-0.15781268,2.985614,-0.09167665,3.6066093,0.8754601,-0.8127276,1.0433152,0.0,0.0,0.0,0.0,0.0,0.0,0.0,0.0,0.0,0.0,1.0,0.0,0.0,0.0,0,0.50133955,1
0.2085088,-1.73147,-0.042727854,2.22588,-0.5058496,-0.61131465,-0.04472218,-0.8127276,-1.1284982,0.0,0.0,0.0,0.0,0.0,1.0,0.0,0.0,0.0,0.0,0.0,0.0,0.0,0.0,0,0.50136185,1
-0.27800852,1.3486917,0.41761148,1.955791,4.997931,-0.61131465,-0.04930785,0.3475393,-0.68527097,1.0,0.0,0.0,0.0,0.0,0.0,0.0,0.0,0.0,0.0,0.0,0.0,0.0,0.0,1,0.9955315,1
-0.29327232,-0.55807513,0.4751539,2.147341,-0.33564246,0.6865081,-0.04718468,0.41199857,1.2206061,0.0,0.0,0.0,1.0,0.0,0.0,0.0,0.0,0.0,0.0,0.0,0.0,0.0,0.0,0,0.51348305,1
-0.28932473,-1.73147,2.2014263,2.6429904,-0.26300484,-0.93577033,-0.048034202,-0.03921632,0.40063572,0.0,0.0,0.0,1.0,0.0,0.0,0.0,0.0,0.0,0.0,0.0,0.0,0.0,0.0,0,0.5096209,1
-0.29261658,1.3486917,1.3382901,2.4065433,4.993868,-0.93577033,-0.04774881,0.7342949,-0.9290459,1.0,0.0,0.0,0.0,0.0,0.0,0.0,0.0,0.0,0.0,0.0,0.0,0.0,0.0,1,0.9982564,1
-0.29336172,-1.4381213,-0.79077923,1.957283,-0.4670129,1.0109638,-0.04508557,-0.55489045,1.6416719,0.0,0.0,0.0,1.0,0.0,0.0,0.0,0.0,0.0,0.0,0.0,0.0,0.0,0.0,0,0.6879391,1
-0.29215625,1.3486917,-1.3662034,2.783508,5.862625,2.957698,0.0042657754,2.0879395,-0.4858187,0.0,0.0,0.0,0.0,0.0,0.0,1.0,0.0,0.0,0.0,0.0,0.0,0.0,0.0,1,0.96397215,1
-0.2920271,1.495366,-0.042727854,2.6557546,-0.21308932,0.36205244,0.00027830055,-0.4904312,-0.50798005,0.0,0.0,0.0,0.0,0.0,0.0,0.0,0.0,0.0,1.0,0.0,0.0,0.0,0.0,0,0.5178968,1
-0.2885332,1.495366,-1.5963731,2.6087255,1.3682901,-0.93577033,-0.048596397,-0.6193497,0.77737886,0.0,0.0,0.0,0.0,0.0,0.0,0.0,0.0,0.0,0.0,0.0,0.0,0.0,1.0,0,0.69377583,1
-0.28663227,0.46864545,1.7410871,2.4251218,6.53259,-0.93577033,-0.047615398,2.3457766,0.0682153,0.0,0.0,0.0,0.0,0.0,0.0,1.0,0.0,0.0,0.0,0.0,0.0,0.0,0.0,1,0.9942251,1
-0.23394917,-1.5847957,-0.10027027,3.0468686,-0.3710645,1.0109638,-0.033487167,-0.10367559,3.924292,0.0,0.0,0.0,1.0,0.0,0.0,0.0,0.0,0.0,0.0,0.0,0.0,0.0,0.0,0,0.7053904,1
2.4933622,-1.4381213,0.59023875,1.9639971,1.5456976,1.3354195,0.14557227,2.9903693,3.791324,0.0,1.0,0.0,0.0,0.0,0.0,0.0,0.0,0.0,0.0,0.0,0.0,0.0,0.0,1,0.99768174,1
-0.25690612,1.2020173,-0.2153551,2.7899258,2.6042414,-0.61131465,-0.048543252,-0.55489045,-0.6187869,0.0,0.0,1.0,0.0,0.0,0.0,0.0,0.0,0.0,0.0,0.0,0.0,0.0,0.0,1,0.85828024,1
-0.29152042,1.3486917,2.7193081,2.1240788,-0.37357157,0.03759675,0.10808039,-0.9416461,-1.3944345,0.0,0.0,0.0,0.0,0.0,0.0,0.0,0.0,0.0,0.0,0.0,1.0,0.0,0.0,0,0.5557902,1
-0.2930173,1.495366,-0.15781268,2.501255,1.026955,0.03759675,-0.048404407,-0.36151266,0.42279708,0.0,0.0,0.0,0.0,0.0,0.0,0.0,0.0,0.0,0.0,0.0,0.0,0.0,1.0,0,0.7786657,1
-0.06826629,-1.4381213,1.8561718,1.8630061,-0.47502378,0.03759675,-0.048127014,-0.42597193,1.1319606,0.0,0.0,0.0,1.0,0.0,0.0,0.0,0.0,0.0,0.0,0.0,0.0,0.0,0.0,0,0.7802619,1
0.6023637,-1.4381213,0.07235698,2.9329276,-0.3136806,1.3354195,-0.04776785,0.025242949,2.2400286,0.0,0.0,0.0,1.0,0.0,0.0,0.0,0.0,0.0,0.0,0.0,0.0,0.0,0.0,0,0.66684705,1
-0.2935803,1.495366,0.59023875,2.4673595,5.424924,1.3354195,0.09321654,1.249969,-0.3750119,0.0,0.0,0.0,0.0,0.0,0.0,1.0,0.0,0.0,0.0,0.0,0.0,0.0,0.0,1,0.99712497,1
-0.29294115,-1.8781444,1.8561718,2.9927173,-0.32582742,0.36205244,-0.041322224,0.025242949,3.1929672,0.0,0.0,0.0,1.0,0.0,0.0,0.0,0.0,0.0,0.0,0.0,0.0,0.0,0.0,0,0.6203661,1
1.3411924,1.495366,-1.5388306,2.2722473,5.9888587,-0.61131465,-0.047168367,1.8301024,-0.2642051,0.0,0.0,0.0,0.0,0.0,0.0,1.0,0.0,0.0,0.0,0.0,0.0,0.0,0.0,1,0.96884567,1
-0.28489363,1.495366,0.7053236,1.8954773,4.2845683,-0.61131465,-0.013752385,0.41199857,-0.50798005,1.0,0.0,0.0,0.0,0.0,0.0,0.0,0.0,0.0,0.0,0.0,0.0,0.0,0.0,1,0.9972574,1
-0.29176548,1.3486917,-1.2511185,2.96508,5.787226,0.36205244,-0.040960867,2.0234802,1.1097993,0.0,0.0,0.0,0.0,0.0,0.0,1.0,0.0,0.0,0.0,0.0,0.0,0.0,0.0,1,0.9708839,1
-0.28831464,-0.85142386,-0.15781268,2.0929925,5.2203426,1.0109638,-0.042632107,0.5409171,-0.5966255,1.0,0.0,0.0,0.0,0.0,0.0,0.0,0.0,0.0,0.0,0.0,0.0,0.0,0.0,1,0.7713185,1
0.39272416,1.495366,0.30252665,2.2521343,5.565445,-0.28685895,-0.027195688,0.992132,-0.84040046,1.0,0.0,0.0,0.0,0.0,0.0,0.0,0.0,0.0,0.0,0.0,0.0,0.0,0.0,1,0.9953157,1
-0.29020232,1.3486917,0.8779508,2.0567698,-0.3540815,0.6865081,0.2665973,-0.6193497,0.93250835,0.0,0.0,0.0,0.0,0.0,0.0,0.0,0.0,0.0,0.0,0.0,0.0,1.0,0.0,0,0.6401026,1
-0.2896327,-1.8781444,0.1298994,2.0371335,-0.39325744,-1.260226,-0.04893925,-0.87718683,-0.90688455,0.0,0.0,0.0,0.0,0.0,1.0,0.0,0.0,0.0,0.0,0.0,0.0,0.0,0.0,0,0.54381967,1
-0.29094416,1.3486917,-1.3662034,2.1845567,6.2403274,-0.61131465,0.001958653,1.5078062,0.7552175,0.0,0.0,0.0,0.0,0.0,0.0,1.0,0.0,0.0,0.0,0.0,0.0,0.0,0.0,1,0.97066766,1
0.20860815,-1.73147,-0.8483217,2.1787307,-0.24034944,-0.61131465,-0.04947042,0.025242949,0.9768311,0.0,0.0,0.0,1.0,0.0,0.0,0.0,0.0,0.0,0.0,0.0,0.0,0.0,0.0,0,0.5312517,1
0.75454795,-1.8781444,-0.9634065,2.198688,-0.34439862,-0.61131465,-0.040026486,-0.03921632,1.5308651,0.0,0.0,0.0,1.0,0.0,0.0,0.0,0.0,0.0,0.0,0.0,0.0,0.0,0.0,0,0.75892395,1
-0.22417292,-0.70474946,-0.618152,3.0150096,3.8444269,0.03759675,-0.036687024,-0.55489045,0.9546697,0.0,0.0,0.0,0.0,1.0,0.0,0.0,0.0,0.0,0.0,0.0,0.0,0.0,0.0,0,0.75288135,1
-0.29366973,-0.118052006,-0.2728975,1.8386724,5.5868917,1.3354195,-0.032749847,1.959021,0.0682153,0.0,0.0,0.0,0.0,0.0,0.0,1.0,0.0,0.0,0.0,0.0,0.0,0.0,0.0,0,0.90181965,1
-0.29370284,-1.5847957,1.1081204,2.4549892,-0.368032,-0.61131465,-0.047906853,0.15416148,0.5779266,0.0,0.0,0.0,1.0,0.0,0.0,0.0,0.0,0.0,0.0,0.0,0.0,0.0,0.0,0,0.7949854,1
-0.17864317,1.495366,0.1298994,2.2184129,7.038982,-0.28685895,-0.03839768,1.7656432,0.42279708,0.0,0.0,0.0,0.0,0.0,0.0,1.0,0.0,0.0,0.0,0.0,0.0,0.0,0.0,0,0.97351384,1
-0.27470672,1.495366,-1.0784913,2.2724226,-0.5559845,0.36205244,-0.0427428,-0.36151266,0.046053946,0.0,0.0,0.0,0.0,0.0,0.0,0.0,0.0,0.0,1.0,0.0,0.0,0.0,0.0,0,0.55345327,1
-0.29150054,1.495366,0.4751539,2.1041563,0.018895844,1.3354195,-0.038992234,-0.683809,-1.239305,0.0,0.0,0.0,0.0,0.0,0.0,0.0,0.0,0.0,0.0,0.0,1.0,0.0,0.0,0,0.5240279,1
-0.27389535,1.3486917,-0.15781268,2.7229276,-0.55374515,-0.61131465,0.15802412,-0.4904312,-0.020430136,0.0,0.0,0.0,0.0,0.0,0.0,0.0,0.0,0.0,0.0,0.0,0.0,1.0,0.0,0,0.5389388,1
-0.27690572,1.495366,-0.79077923,1.9091164,3.557237,-0.61131465,0.008111824,0.41199857,1.154122,0.0,0.0,0.0,0.0,0.0,0.0,0.0,1.0,0.0,0.0,0.0,0.0,0.0,0.0,1,0.75931174,1
-0.29294115,1.495366,1.8561718,1.7609928,-0.20853055,0.03759675,0.13539466,-0.7482683,-0.30852783,0.0,0.0,0.0,0.0,0.0,0.0,0.0,0.0,0.0,1.0,0.0,0.0,0.0,0.0,0,0.534663,1
-0.29152042,-1.1447725,2.7193081,2.8459208,-0.44301397,-0.61131465,-0.04380716,0.41199857,0.8217016,0.0,0.0,0.0,1.0,0.0,0.0,0.0,0.0,0.0,0.0,0.0,0.0,0.0,0.0,0,0.63515216,1
-0.2755545,1.3486917,0.8204084,2.231657,6.9209456,-0.28685895,-0.044165853,2.2813175,0.0682153,0.0,0.0,0.0,0.0,0.0,0.0,1.0,0.0,0.0,0.0,0.0,0.0,0.0,0.0,1,0.9966048,1
-0.015626233,1.3486917,0.1298994,1.9021102,-0.33923084,0.6865081,0.05290331,-0.55489045,0.33415163,0.0,0.0,0.0,0.0,0.0,0.0,0.0,0.0,0.0,0.0,0.0,0.0,1.0,0.0,0,0.5543962,1
-0.22162952,1.495366,-0.38798234,2.9654267,5.607892,0.6865081,0.074228816,0.21862076,1.4200583,0.0,0.0,0.0,0.0,0.0,0.0,0.0,1.0,0.0,0.0,0.0,0.0,0.0,0.0,0,0.91403604,1
0.6198828,-1.5847957,2.2589688,2.2798855,-0.300911,-0.93577033,-0.048737876,0.025242949,1.1984447,0.0,0.0,0.0,1.0,0.0,0.0,0.0,0.0,0.0,0.0,0.0,0.0,0.0,0.0,0,0.79261804,1
-0.09630676,0.17529672,-0.618152,3.030105,5.086512,1.3354195,0.036314487,0.6698356,2.993515,0.0,0.0,0.0,0.0,0.0,0.0,0.0,1.0,0.0,0.0,0.0,0.0,0.0,0.0,0,0.54696375,1
-0.28657928,-1.2914469,1.6260022,2.334284,-0.310472,0.6865081,-0.037306618,-0.8127276,-1.4609185,0.0,0.0,0.0,0.0,0.0,1.0,0.0,0.0,0.0,0.0,0.0,0.0,0.0,0.0,0,0.83409613,1
-0.2862945,1.3486917,0.014814562,1.962656,-0.15281,1.0109638,0.04606121,-0.683809,0.33415163,0.0,0.0,0.0,0.0,0.0,0.0,0.0,0.0,0.0,1.0,0.0,0.0,0.0,0.0,0,0.50493515,1
-0.28540695,1.495366,-0.5606096,1.8015219,0.29496005,-0.61131465,-0.046523467,-0.9416461,0.1790221,0.0,0.0,0.0,0.0,0.0,0.0,0.0,0.0,1.0,0.0,0.0,0.0,0.0,0.0,0,0.5525634,1
0.09000161,1.495366,-1.1360338,1.8620521,2.7745879,1.0109638,0.18971065,0.025242949,-0.7074323,1.0,0.0,0.0,0.0,0.0,0.0,0.0,0.0,0.0,0.0,0.0,0.0,0.0,0.0,0,0.6443086,1
-0.24534154,-1.5847957,-1.1360338,2.0646222,3.9460073,-0.28685895,-0.034349,0.7342949,-0.64094824,1.0,0.0,0.0,0.0,0.0,0.0,0.0,0.0,0.0,0.0,0.0,0.0,0.0,0.0,1,0.9313534,1
-0.2924013,1.3486917,0.9930356,1.9153712,-0.26466364,-0.28685895,0.09496784,-0.8127276,-0.41933462,0.0,0.0,0.0,0.0,0.0,0.0,0.0,0.0,0.0,1.0,0.0,0.0,0.0,0.0,0,0.52460116,1
-0.260198,0.7619942,0.30252665,2.3247194,5.696597,0.36205244,-0.047044653,1.7656432,0.40063572,0.0,0.0,0.0,0.0,0.0,0.0,1.0,0.0,0.0,0.0,0.0,0.0,0.0,0.0,1,0.9625244,1
-0.23394917,-1.4381213,-0.10027027,3.0134723,-0.36847937,0.36205244,-0.04904347,-0.10367559,2.74974,0.0,0.0,0.0,1.0,0.0,0.0,0.0,0.0,0.0,0.0,0.0,0.0,0.0,0.0,0,0.71892154,1
-0.2896592,-1.73147,-0.618152,2.6700256,-0.5321165,-0.28685895,-0.043564495,-0.03921632,0.42279708,0.0,0.0,0.0,1.0,0.0,0.0,0.0,0.0,0.0,0.0,0.0,0.0,0.0,0.0,1,0.81378055,1
0.39272416,1.495366,0.30252665,2.2455306,5.732467,1.3354195,0.004278195,2.6036136,0.48928115,0.0,0.0,0.0,0.0,0.0,0.0,1.0,0.0,0.0,0.0,0.0,0.0,0.0,0.0,1,0.9947966,1
-0.28803647,-1.73147,0.59023875,2.8043609,-0.28558192,0.36205244,-0.014455632,-0.36151266,0.44495845,0.0,0.0,0.0,1.0,0.0,0.0,0.0,0.0,0.0,0.0,0.0,0.0,0.0,0.0,0,0.88681966,1
1.698585,1.495366,-0.73323685,2.9923828,0.6184075,1.3354195,0.08332757,-0.683809,0.77737886,0.0,0.0,0.0,0.0,0.0,0.0,0.0,0.0,1.0,0.0,0.0,0.0,0.0,0.0,0,0.7671048,1
-0.28816894,1.495366,-0.042727854,2.3867373,0.26885054,0.6865081,0.030373305,-0.7482683,-0.44149598,0.0,0.0,0.0,0.0,0.0,0.0,0.0,0.0,1.0,0.0,0.0,0.0,0.0,0.0,0,0.81787413,1
-0.28866237,1.495366,-0.8483217,2.5079157,0.35364014,-0.28685895,-0.0017627488,-0.4904312,-0.39717326,0.0,0.0,0.0,0.0,0.0,0.0,0.0,0.0,1.0,0.0,0.0,0.0,0.0,0.0,1,0.7499284,1
-0.29143098,-0.41140074,-1.0209489,2.6589372,1.1271894,0.03759675,-0.04532752,2.0879395,0.33415163,0.0,1.0,0.0,0.0,0.0,0.0,0.0,0.0,0.0,0.0,0.0,0.0,0.0,0.0,1,0.8446986,1
-0.28663227,-1.8781444,1.7410871,2.4206502,1.4310932,-0.93577033,-0.047548693,1.6367247,0.93250835,0.0,1.0,0.0,0.0,0.0,0.0,0.0,0.0,0.0,0.0,0.0,0.0,0.0,0.0,1,0.99961346,1
-0.2743292,1.3486917,0.36006907,2.494264,7.102684,0.36205244,0.14439844,2.6036136,-0.39717326,0.0,0.0,0.0,0.0,0.0,0.0,1.0,0.0,0.0,0.0,0.0,0.0,0.0,0.0,1,0.98677224,1
-0.27522334,1.3486917,-1.1935762,2.4536717,2.1320553,-0.61131465,-0.048202295,-0.55489045,-0.50798005,0.0,0.0,1.0,0.0,0.0,0.0,0.0,0.0,0.0,0.0,0.0,0.0,0.0,0.0,0,0.6453475,1
-0.28742048,1.495366,0.1298994,2.1378908,-0.61217755,0.03759675,0.0070375944,-0.42597193,0.33415163,0.0,0.0,0.0,0.0,0.0,0.0,0.0,0.0,0.0,1.0,0.0,0.0,0.0,0.0,0,0.50577104,1
-0.29319945,-1.73147,-1.0209489,1.761531,-0.28358325,-0.28685895,-0.04817832,0.15416148,1.4200583,0.0,0.0,0.0,1.0,0.0,0.0,0.0,0.0,0.0,0.0,0.0,0.0,0.0,0.0,0,0.5053488,1
-0.28684092,-1.8781444,-0.79077923,1.9900286,1.7799172,-1.260226,-0.04896007,2.0234802,0.66657203,0.0,1.0,0.0,0.0,0.0,0.0,0.0,0.0,0.0,0.0,0.0,0.0,0.0,0.0,1,0.9985424,1
3.8896234,-1.5847957,-0.10027027,2.111661,1.1221201,-0.61131465,-0.042925496,2.0879395,1.2649288,0.0,1.0,0.0,0.0,0.0,0.0,0.0,0.0,0.0,0.0,0.0,0.0,0.0,0.0,0,0.6163874,1
-0.29041758,-1.4381213,0.8204084,2.8858843,-0.22764988,1.0109638,0.186243,-0.36151266,-1.4165958,0.0,0.0,0.0,0.0,0.0,1.0,0.0,0.0,0.0,0.0,0.0,0.0,0.0,0.0,0,0.6674238,1
-0.26210886,0.17529672,-1.0209489,2.2631867,5.2344556,-0.28685895,-0.04798217,2.5391545,2.7054172,0.0,0.0,0.0,0.0,0.0,0.0,0.0,1.0,0.0,0.0,0.0,0.0,0.0,0.0,0,0.726786,1
-0.2755545,1.495366,0.8204084,2.2318683,5.185724,0.36205244,-0.036163915,1.5078062,0.6887334,0.0,0.0,0.0,0.0,0.0,0.0,1.0,0.0,0.0,0.0,0.0,0.0,0.0,0.0,1,0.9976896,1
-0.23770799,0.3219711,2.2014263,2.5594134,5.531964,0.03759675,-0.04561008,1.7011839,-0.7739164,0.0,0.0,0.0,0.0,0.0,0.0,1.0,0.0,0.0,0.0,0.0,0.0,0.0,0.0,1,0.9955136,1
0.25411472,-1.4381213,-1.3662034,2.6097744,-0.3462365,0.03759675,-0.028282646,0.025242949,0.13469939,0.0,0.0,0.0,1.0,0.0,0.0,0.0,0.0,0.0,0.0,0.0,0.0,0.0,0.0,0,0.7623292,1
-0.29369292,1.495366,0.36006907,1.8888413,5.4712462,0.03759675,0.06650216,0.5409171,0.7330561,0.0,0.0,0.0,0.0,0.0,0.0,0.0,1.0,0.0,0.0,0.0,0.0,0.0,0.0,1,0.9862228,1
-0.29366973,1.495366,-0.2728975,2.8777952,1.2989601,-0.93577033,-0.047501873,-0.4904312,0.5336039,0.0,0.0,0.0,0.0,0.0,0.0,0.0,0.0,0.0,0.0,0.0,0.0,0.0,1.0,1,0.7979736,1
-0.2802605,1.495366,-1.5963731,2.1378725,1.0576774,-0.61131465,-0.046810627,-0.87718683,1.1319606,0.0,0.0,0.0,0.0,0.0,0.0,0.0,0.0,0.0,0.0,0.0,0.0,0.0,1.0,0,0.5594381,1
-0.057920426,-1.73147,-1.1935762,1.7615595,1.581158,1.0109638,-0.028343942,1.8301024,0.6887334,0.0,1.0,0.0,0.0,0.0,0.0,0.0,0.0,0.0,0.0,0.0,0.0,0.0,0.0,1,0.99797624,1
-0.28763905,1.495366,-0.6756944,2.2117765,1.1057656,-0.93577033,0.012404334,-0.7482683,0.910347,0.0,0.0,0.0,0.0,0.0,0.0,0.0,0.0,0.0,0.0,0.0,0.0,0.0,1.0,1,0.8756911,1
-0.1514207,1.3486917,1.3382901,2.5546346,5.6457725,-0.61131465,-0.048156258,1.5722654,-0.5966255,0.0,0.0,0.0,0.0,0.0,0.0,1.0,0.0,0.0,0.0,0.0,0.0,0.0,0.0,1,0.9987458,1
-0.27690572,1.495366,-0.79077923,3.0325427,-0.15292123,1.3354195,-0.04576593,-0.7482683,1.1097993,0.0,0.0,0.0,0.0,0.0,0.0,0.0,0.0,0.0,0.0,1.0,0.0,0.0,0.0,0,0.5034877,1
2.4933622,-1.4381213,0.59023875,1.9639773,-0.38595846,1.0109638,0.074892245,0.025242949,1.464381,0.0,0.0,0.0,1.0,0.0,0.0,0.0,0.0,0.0,0.0,0.0,0.0,0.0,0.0,1,0.7487883,1
-0.2891194,1.3486917,-0.618152,2.1441498,1.0227606,-0.61131465,-0.047063313,-0.8127276,0.910347,0.0,0.0,0.0,0.0,0.0,0.0,0.0,0.0,0.0,0.0,0.0,0.0,0.0,1.0,1,0.67485815,1
-0.2711433,-1.8781444,-0.6756944,2.0170496,-0.28145465,-0.61131465,-0.017978791,-0.03921632,1.5751878,0.0,0.0,0.0,1.0,0.0,0.0,0.0,0.0,0.0,0.0,0.0,0.0,0.0,0.0,0,0.64997727,1
-0.29106006,-0.9980982,0.8779508,1.9984883,-0.38224775,-0.28685895,0.04430645,0.41199857,1.6859946,0.0,0.0,0.0,1.0,0.0,0.0,0.0,0.0,0.0,0.0,0.0,0.0,0.0,0.0,0,0.55384356,1
-0.29039112,-0.9980982,1.2807478,2.9001307,1.5567062,4.255521,-0.036701377,2.0879395,1.708156,0.0,1.0,0.0,0.0,0.0,0.0,0.0,0.0,0.0,0.0,0.0,0.0,0.0,0.0,1,0.9913356,1
-0.27875367,1.495366,-1.3662034,2.9316945,4.8252544,0.6865081,-0.04602845,1.959021,0.37847435,0.0,0.0,0.0,0.0,0.0,0.0,1.0,0.0,0.0,0.0,0.0,0.0,0.0,0.0,0,0.9591434,1
-0.29334188,-1.73147,0.30252665,2.885311,5.204078,0.36205244,-0.002214689,2.6036136,0.2455062,0.0,0.0,0.0,0.0,0.0,0.0,1.0,0.0,0.0,0.0,0.0,0.0,0.0,0.0,0,0.9824783,1
-0.28917238,-1.4381213,-1.1360338,2.6974037,1.2457315,0.03759675,-0.034396186,2.0234802,0.48928115,0.0,1.0,0.0,0.0,0.0,0.0,0.0,0.0,0.0,0.0,0.0,0.0,0.0,0.0,1,0.99170023,1
0.11969464,1.495366,-0.38798234,2.857775,2.4214787,2.3087866,-0.012430115,-0.36151266,-0.13123694,0.0,0.0,1.0,0.0,0.0,0.0,0.0,0.0,0.0,0.0,0.0,0.0,0.0,0.0,0,0.89230675,1
-0.2896327,-1.8781444,0.1298994,2.138204,-0.2871441,0.03759675,-0.045925632,-0.42597193,1.1762834,0.0,0.0,0.0,1.0,0.0,0.0,0.0,0.0,0.0,0.0,0.0,0.0,0.0,0.0,0,0.6294699,1
-0.20051388,-0.118052006,-0.2153551,2.2086377,5.5979652,0.03759675,0.042326093,2.2813175,0.046053946,0.0,0.0,0.0,0.0,0.0,0.0,1.0,0.0,0.0,0.0,0.0,0.0,0.0,0.0,1,0.78324,1
-0.29327232,-1.4381213,0.4751539,2.2870054,-0.30357113,0.03759675,-0.047634523,-0.36151266,1.3314129,0.0,0.0,0.0,1.0,0.0,0.0,0.0,0.0,0.0,0.0,0.0,0.0,0.0,0.0,0,0.6465018,1
-0.2846585,0.61531985,-1.4812882,1.8468465,7.5308146,0.03759675,-0.045033976,2.3457766,0.37847435,0.0,0.0,0.0,0.0,0.0,0.0,1.0,0.0,0.0,0.0,0.0,0.0,0.0,0.0,0,0.82794386,1
-0.28477108,-1.4381213,-0.6756944,2.3070493,4.6969485,0.36205244,-0.00084274757,1.4433469,-0.9290459,1.0,0.0,0.0,0.0,0.0,0.0,0.0,0.0,0.0,0.0,0.0,0.0,0.0,0.0,1,0.96922976,1
-0.28684092,1.495366,-0.79077923,2.1444256,-0.2218071,-0.28685895,0.26784635,-0.8127276,-1.4830799,0.0,0.0,0.0,0.0,0.0,0.0,0.0,0.0,0.0,0.0,0.0,1.0,0.0,0.0,0,0.53460556,1
0.14979503,1.3486917,-0.38798234,2.763153,-0.25635618,1.3354195,0.31784725,-0.55489045,-0.19772102,0.0,0.0,0.0,0.0,0.0,0.0,0.0,0.0,0.0,1.0,0.0,0.0,0.0,0.0,0,0.5380226,1
-0.28165805,1.3486917,-0.15781268,2.2317407,0.51388466,0.03759675,-0.024114905,-0.683809,-0.13123694,0.0,0.0,0.0,0.0,0.0,0.0,0.0,0.0,1.0,0.0,0.0,0.0,0.0,0.0,0,0.70175683,1
-0.2178442,1.3486917,0.8779508,2.9383154,4.7702103,-0.61131465,-0.0064891465,0.47645783,-0.109075576,1.0,0.0,0.0,0.0,0.0,0.0,0.0,0.0,0.0,0.0,0.0,0.0,0.0,0.0,1,0.99818844,1
0.529989,1.3486917,0.1298994,2.3798149,-0.21606596,-0.28685895,-0.032236613,-0.42597193,-0.1533983,0.0,0.0,0.0,0.0,1.0,0.0,0.0,0.0,0.0,0.0,0.0,0.0,0.0,0.0,0,0.53006554,1
-0.20623325,1.495366,-0.2153551,1.9022944,0.546153,0.36205244,-0.04209918,-0.683809,0.0017312241,0.0,0.0,0.0,0.0,0.0,0.0,0.0,0.0,1.0,0.0,0.0,0.0,0.0,0.0,0,0.69016635,1
-0.2928153,1.495366,-0.2728975,2.4741788,5.920462,-0.28685895,0.49307048,2.3457766,0.15686075,0.0,0.0,0.0,0.0,0.0,0.0,1.0,0.0,0.0,0.0,0.0,0.0,0.0,0.0,1,0.9879838,1
-0.28817886,-1.73147,-0.10027027,2.8919234,5.1049814,-0.93577033,-0.04086966,0.41199857,0.910347,0.0,0.0,0.0,0.0,0.0,0.0,0.0,1.0,0.0,0.0,0.0,0.0,0.0,0.0,1,0.9887565,1
0.017186455,-1.8781444,-0.6756944,2.1918185,-0.51081944,0.36205244,-0.03737854,-0.10367559,1.2206061,0.0,0.0,0.0,1.0,0.0,0.0,0.0,0.0,0.0,0.0,0.0,0.0,0.0,0.0,0,0.84117234,1
0.9606837,1.3486917,-0.2153551,2.1914191,4.8306875,1.3354195,0.03660057,0.7342949,0.26766756,0.0,0.0,0.0,0.0,0.0,0.0,1.0,0.0,0.0,0.0,0.0,0.0,0.0,0.0,0,0.78606886,1
-0.29059312,1.495366,1.2232053,2.7768962,0.33828017,0.03759675,0.07870123,-0.8127276,-0.44149598,0.0,0.0,0.0,0.0,0.0,0.0,0.0,0.0,1.0,0.0,0.0,0.0,0.0,0.0,0,0.7980881,1
-0.28169116,1.3486917,-0.618152,1.8415467,4.037582,0.03759675,0.018464746,0.79875416,-0.41933462,1.0,0.0,0.0,0.0,0.0,0.0,0.0,0.0,0.0,0.0,0.0,0.0,0.0,0.0,1,0.979917,1
-0.29039112,1.2020173,1.2807478,2.9109483,6.0234427,0.36205244,-0.0481552,0.025242949,1.2427675,0.0,0.0,0.0,0.0,0.0,0.0,0.0,1.0,0.0,0.0,0.0,0.0,0.0,0.0,1,0.9949824,1
-0.2891558,-1.5847957,-1.711458,2.2597067,-0.37416586,0.03759675,-0.038578134,-0.10367559,0.93250835,0.0,0.0,0.0,1.0,0.0,0.0,0.0,0.0,0.0,0.0,0.0,0.0,0.0,0.0,0,0.7517236,1
-0.27462062,-0.9980982,0.07235698,2.9069273,3.9796627,1.6598753,-0.045132287,0.41199857,-0.41933462,1.0,0.0,0.0,0.0,0.0,0.0,0.0,0.0,0.0,0.0,0.0,0.0,0.0,0.0,0,0.7321122,1
-0.23394917,-1.5847957,-0.10027027,2.4077787,-0.58721834,0.03759675,-0.046071302,-0.16813485,0.66657203,0.0,0.0,0.0,1.0,0.0,0.0,0.0,0.0,0.0,0.0,0.0,0.0,0.0,0.0,0,0.8320165,1
-0.29240796,1.3486917,-0.9058641,2.8977911,1.11903,1.6598753,-0.042809017,-0.7482683,1.1097993,0.0,0.0,0.0,0.0,0.0,0.0,0.0,0.0,0.0,0.0,0.0,0.0,0.0,1.0,0,0.67989653,1
-0.27789262,-1.8781444,0.41761148,3.0128295,4.467151,0.03759675,-0.03362941,0.5409171,0.023892585,1.0,0.0,0.0,0.0,0.0,0.0,0.0,0.0,0.0,0.0,0.0,0.0,0.0,0.0,0,0.6050612,1
-0.28876173,1.3486917,1.1656629,2.3259387,4.076407,-0.93577033,0.11940668,0.21862076,-0.7960777,1.0,0.0,0.0,0.0,0.0,0.0,0.0,0.0,0.0,0.0,0.0,0.0,0.0,0.0,1,0.9979317,1
-0.2880464,1.3486917,-0.8483217,2.9853635,2.9611616,1.3354195,5.951523,0.3475393,0.112538025,1.0,0.0,0.0,0.0,0.0,0.0,0.0,0.0,0.0,0.0,0.0,0.0,0.0,0.0,0,0.9642949,1
-0.22684218,1.495366,-0.6756944,2.4069026,-0.7036183,-0.28685895,0.036581162,-0.4904312,-0.7739164,0.0,0.0,0.0,0.0,0.0,0.0,0.0,0.0,0.0,1.0,0.0,0.0,0.0,0.0,0,0.5739531,1
-0.28271118,1.495366,-0.6756944,2.8578663,-0.072383255,1.0109638,0.0754123,-0.55489045,-0.5966255,0.0,0.0,0.0,0.0,0.0,0.0,0.0,0.0,0.0,1.0,0.0,0.0,0.0,0.0,0,0.50818366,1
-0.28876173,1.495366,1.1656629,2.0973508,-0.27362788,0.36205244,0.49775514,-0.7482683,0.8217016,0.0,0.0,0.0,0.0,0.0,0.0,0.0,0.0,0.0,0.0,0.0,0.0,1.0,0.0,0,0.5092608,1
-0.29312328,1.495366,-1.6539155,2.4472606,5.93394,0.6865081,-0.016998075,2.0234802,0.0682153,0.0,0.0,0.0,0.0,0.0,0.0,1.0,0.0,0.0,0.0,0.0,0.0,0.0,0.0,1,0.9802877,1
-0.29160982,-1.2914469,0.07235698,2.199718,-0.44973418,0.03759675,-0.047374826,0.025242949,1.6416719,0.0,0.0,0.0,1.0,0.0,0.0,0.0,0.0,0.0,0.0,0.0,0.0,0.0,0.0,0,0.7581847,1
-0.29009637,1.495366,-1.0209489,1.9627477,-0.7393515,0.03759675,0.0070654927,-0.4904312,1.1319606,0.0,0.0,0.0,0.0,0.0,0.0,0.0,0.0,0.0,0.0,0.0,0.0,1.0,0.0,1,0.70687073,1
3.8896234,1.3486917,1.7986294,2.4268122,5.899848,0.03759675,-0.047937248,2.2168581,-0.30852783,0.0,0.0,0.0,0.0,0.0,0.0,1.0,0.0,0.0,0.0,0.0,0.0,0.0,0.0,1,0.9992932,1
-0.29176217,1.495366,0.07235698,2.4002864,0.36010134,1.6598753,0.07832289,-0.6193497,-0.5966255,0.0,0.0,0.0,0.0,0.0,0.0,0.0,0.0,1.0,0.0,0.0,0.0,0.0,0.0,1,0.8756213,1
-0.28524467,1.3486917,0.30252665,2.4605575,6.025261,-0.61131465,-0.048823662,0.6698356,-0.042591497,0.0,0.0,0.0,0.0,0.0,0.0,0.0,1.0,0.0,0.0,0.0,0.0,0.0,0.0,1,0.94626033,1
-0.28653294,1.495366,1.050578,2.2926116,-0.357751,-0.28685895,0.28757063,-0.683809,-1.5717254,0.0,0.0,0.0,0.0,0.0,0.0,0.0,0.0,0.0,0.0,0.0,1.0,0.0,0.0,0,0.6497953,1
-0.27522334,-1.73147,-1.1935762,2.0508268,1.7264699,2.3087866,0.06769039,1.8301024,1.2870902,0.0,1.0,0.0,0.0,0.0,0.0,0.0,0.0,0.0,0.0,0.0,0.0,0.0,0.0,1,0.9991936,1
-0.28579772,0.3219711,0.18744181,2.6401277,6.5640397,-0.61131465,-0.016714834,1.8301024,-0.44149598,0.0,0.0,0.0,0.0,0.0,0.0,1.0,0.0,0.0,0.0,0.0,0.0,0.0,0.0,0,0.79703784,1
-0.28579772,-1.5847957,0.18744181,2.5288126,-0.38903847,-0.28685895,-0.02907229,-0.6193497,-1.793339,0.0,0.0,0.0,0.0,0.0,1.0,0.0,0.0,0.0,0.0,0.0,0.0,0.0,0.0,0,0.69027525,1
-0.2939181,1.3486917,1.6835446,2.5007808,5.7474446,-0.93577033,-0.048297994,2.0879395,-0.46365735,0.0,0.0,0.0,0.0,0.0,0.0,1.0,0.0,0.0,0.0,0.0,0.0,0.0,0.0,1,0.99878746,1
-0.29336503,1.495366,-0.042727854,1.8148677,3.9082167,1.9843309,6.0397067,0.60537636,0.7552175,0.0,0.0,0.0,0.0,0.0,0.0,0.0,1.0,0.0,0.0,0.0,0.0,0.0,0.0,0,0.98741746,1
-0.29334518,-1.5847957,0.7053236,2.2799475,-0.26247978,-0.93577033,-0.045763567,0.41199857,0.7552175,0.0,0.0,0.0,1.0,0.0,0.0,0.0,0.0,0.0,0.0,0.0,0.0,0.0,0.0,0,0.60417336,1
-0.29202047,1.2020173,-0.79077923,1.9624239,4.4913425,1.3354195,-0.042378485,0.15416148,0.8660243,0.0,0.0,0.0,0.0,0.0,0.0,0.0,1.0,0.0,0.0,0.0,0.0,0.0,0.0,0,0.7149567,1
-0.29336503,1.0553429,-0.38798234,2.9847474,3.6335964,1.3354195,-0.04076419,0.15416148,-0.6187869,1.0,0.0,0.0,0.0,0.0,0.0,0.0,0.0,0.0,0.0,0.0,0.0,0.0,0.0,0,0.8475606,1
-0.2935273,1.3486917,0.5326963,2.716129,-0.109469436,1.3354195,0.19609639,-0.8127276,-0.44149598,0.0,0.0,0.0,0.0,0.0,0.0,0.0,0.0,0.0,1.0,0.0,0.0,0.0,0.0,0,0.60604525,1
-0.2883842,0.028622357,0.014814562,2.135127,1.4597023,0.6865081,-0.04838998,-0.4904312,0.5336039,0.0,0.0,0.0,0.0,0.0,0.0,0.0,0.0,0.0,0.0,0.0,0.0,0.0,1.0,1,0.6195409,1
-0.29285502,-1.4381213,-0.5030672,2.7512484,1.4974312,1.0109638,-0.033377193,1.3144283,0.28982893,0.0,1.0,0.0,0.0,0.0,0.0,0.0,0.0,0.0,0.0,0.0,0.0,0.0,0.0,1,0.99792165,1
-0.28872198,1.495366,-0.15781268,2.0033128,-0.041594863,0.36205244,3.6985264,-0.7482683,0.112538025,0.0,0.0,0.0,0.0,1.0,0.0,0.0,0.0,0.0,0.0,0.0,0.0,0.0,0.0,0,0.69508433,1
-0.12385048,1.495366,-1.0209489,2.245529,-0.61184466,-0.93577033,-0.04346422,-0.42597193,2.9048696,0.0,0.0,0.0,0.0,0.0,0.0,0.0,0.0,0.0,1.0,0.0,0.0,0.0,0.0,0,0.6082723,1
-0.27193147,1.3486917,1.6260022,2.1980646,5.4892817,-0.28685895,0.04651798,0.41199857,0.93250835,0.0,0.0,0.0,0.0,0.0,0.0,0.0,1.0,0.0,0.0,0.0,0.0,0.0,0.0,1,0.9989919,1
-0.2935803,-1.8781444,0.59023875,2.7368162,-0.238354,-1.260226,-0.049293946,0.025242949,0.09037667,0.0,0.0,0.0,1.0,0.0,0.0,0.0,0.0,0.0,0.0,0.0,0.0,0.0,0.0,0,0.5263955,1
-0.29094416,1.495366,-1.3662034,2.1847644,2.465565,0.03759675,0.039289575,-0.4904312,0.15686075,0.0,0.0,1.0,0.0,0.0,0.0,0.0,0.0,0.0,0.0,0.0,0.0,0.0,0.0,1,0.9726978,1
-0.2711433,1.495366,-0.6756944,2.9114819,-0.5794926,1.3354195,0.30710226,-0.6193497,-0.042591497,0.0,0.0,0.0,0.0,0.0,0.0,0.0,0.0,0.0,0.0,1.0,0.0,0.0,0.0,0,0.68524945,1
-0.27592543,-0.55807513,0.014814562,2.5040593,4.6165743,-0.61131465,-0.048718162,0.6698356,-1.1949823,1.0,0.0,0.0,0.0,0.0,0.0,0.0,0.0,0.0,0.0,0.0,0.0,0.0,0.0,0,0.58994794,1
0.27816126,1.0553429,-0.5030672,2.8836884,5.6888223,0.6865081,-0.046811692,2.6036136,0.2455062,0.0,0.0,0.0,0.0,0.0,0.0,1.0,0.0,0.0,0.0,0.0,0.0,0.0,0.0,1,0.85838187,1
-0.26266193,-1.4381213,0.07235698,2.4079416,-0.4081589,-0.93577033,-0.04731631,0.15416148,0.6222493,0.0,0.0,0.0,1.0,0.0,0.0,0.0,0.0,0.0,0.0,0.0,0.0,0.0,0.0,0,0.6584896,1
2.1442156,1.495366,1.2232053,1.8214569,5.871417,0.36205244,-0.046895206,1.8301024,0.77737886,0.0,0.0,0.0,0.0,0.0,0.0,1.0,0.0,0.0,0.0,0.0,0.0,0.0,0.0,1,0.99899286,1
-0.22251375,-1.8781444,-1.5963731,3.032962,-0.47869346,-0.93577033,-0.047606584,-0.03921632,3.3037739,0.0,0.0,0.0,1.0,0.0,0.0,0.0,0.0,0.0,0.0,0.0,0.0,0.0,0.0,0,0.8305407,1
-0.28831464,1.495366,-0.15781268,2.1040387,4.579822,0.03759675,-0.048919063,0.41199857,0.9768311,0.0,0.0,0.0,0.0,0.0,0.0,0.0,1.0,0.0,0.0,0.0,0.0,0.0,0.0,1,0.92707,1
-0.29251394,1.3486917,-0.9634065,3.0457869,1.264688,1.3354195,0.6580429,-0.6193497,3.4145808,0.0,0.0,0.0,0.0,0.0,0.0,0.0,0.0,0.0,0.0,0.0,0.0,0.0,1.0,0,0.8926151,1
-0.24626884,1.3486917,0.8204084,2.998757,6.528974,0.6865081,0.020151732,2.410236,1.5973492,0.0,0.0,0.0,0.0,0.0,0.0,1.0,0.0,0.0,0.0,0.0,0.0,0.0,0.0,1,0.9967801,1
-0.2792206,0.028622357,-1.0784913,2.895208,4.590127,1.6598753,0.008674096,0.41199857,0.9768311,0.0,0.0,0.0,0.0,0.0,0.0,0.0,1.0,0.0,0.0,0.0,0.0,0.0,0.0,0,0.5932703,1
-0.27193147,-1.73147,1.6260022,2.1921346,1.5693631,1.0109638,-0.043859128,2.0234802,1.5973492,0.0,1.0,0.0,0.0,0.0,0.0,0.0,0.0,0.0,0.0,0.0,0.0,0.0,0.0,1,0.99974793,1
-0.29300407,1.3486917,1.050578,2.736341,-0.14090692,0.03759675,0.9437728,-0.7482683,-0.5301414,0.0,0.0,0.0,0.0,1.0,0.0,0.0,0.0,0.0,0.0,0.0,0.0,0.0,0.0,1,0.98498017,1
-0.294087,-1.73147,0.24498422,2.7976537,6.036424,1.3354195,-0.045232687,1.6367247,-0.042591497,0.0,0.0,0.0,0.0,0.0,0.0,1.0,0.0,0.0,0.0,0.0,0.0,0.0,0.0,0,0.96844816,1
-0.28067115,0.028622357,-0.10027027,2.2896209,5.430539,1.9843309,-0.004900519,1.0565913,-0.2642051,0.0,0.0,0.0,0.0,0.0,0.0,1.0,0.0,0.0,0.0,0.0,0.0,0.0,0.0,0,0.6703895,1
-0.26263213,-1.5847957,-0.2153551,2.8787365,-0.35512403,0.6865081,-0.047864947,0.28308,1.0433152,0.0,0.0,0.0,1.0,0.0,0.0,0.0,0.0,0.0,0.0,0.0,0.0,0.0,0.0,0,0.73004466,1
-0.26884162,0.3219711,-0.8483217,2.4181108,7.183114,1.0109638,-0.0018111973,1.0565913,-0.35285056,0.0,0.0,0.0,0.0,0.0,0.0,1.0,0.0,0.0,0.0,0.0,0.0,0.0,0.0,0,0.5168278,1
-0.28038302,-0.26472637,0.93549323,2.7869523,1.4946979,0.03759675,-0.04914405,2.0234802,0.33415163,0.0,1.0,0.0,0.0,0.0,0.0,0.0,0.0,0.0,0.0,0.0,0.0,0.0,0.0,1,0.9986015,1
-0.2923384,1.2020173,0.18744181,1.8748808,-0.35248587,-0.28685895,0.30355182,-0.55489045,-1.6603708,0.0,0.0,0.0,0.0,0.0,0.0,0.0,0.0,0.0,0.0,0.0,1.0,0.0,0.0,0,0.64490986,1
-0.2902222,1.3486917,1.453375,2.1174595,1.6476196,0.03759675,-0.048484948,1.8301024,0.99899244,0.0,1.0,0.0,0.0,0.0,0.0,0.0,0.0,0.0,0.0,0.0,0.0,0.0,0.0,1,0.9995907,1
-0.28921875,1.3486917,-0.6756944,2.8035834,0.47872204,-0.61131465,-0.04675898,-0.6193497,0.09037667,0.0,0.0,0.0,0.0,0.0,0.0,0.0,0.0,1.0,0.0,0.0,0.0,0.0,0.0,0,0.5304419,1
-0.27127907,-0.118052006,0.9930356,2.4240973,5.6752815,0.6865081,0.00045477145,1.5078062,-0.50798005,0.0,0.0,0.0,0.0,0.0,0.0,1.0,0.0,0.0,0.0,0.0,0.0,0.0,0.0,1,0.82861555,1
-0.2755479,0.3219711,0.014814562,3.0574486,4.8232074,0.36205244,-0.042534463,1.7656432,1.951931,0.0,0.0,0.0,0.0,0.0,0.0,1.0,0.0,0.0,0.0,0.0,0.0,0.0,0.0,0,0.6623529,1
-0.2934445,1.495366,-0.9634065,1.9965678,4.1262307,0.6865081,-0.042300843,0.47645783,0.26766756,0.0,0.0,0.0,0.0,0.0,0.0,0.0,1.0,0.0,0.0,0.0,0.0,0.0,0.0,0,0.9254918,1
-0.2938353,1.495366,-0.73323685,1.949486,5.917592,-0.61131465,-0.006833582,2.410236,0.28982893,0.0,0.0,0.0,0.0,0.0,0.0,1.0,0.0,0.0,0.0,0.0,0.0,0.0,0.0,1,0.97648674,1
-0.28273436,1.495366,-0.618152,2.8847728,-0.23823854,0.03759675,0.033933394,-0.7482683,0.023892585,0.0,0.0,0.0,0.0,0.0,0.0,0.0,0.0,0.0,1.0,0.0,0.0,0.0,0.0,0,0.5253821,1
-0.29393467,1.3486917,-1.0209489,2.6353226,0.48093146,-0.28685895,0.029110659,-0.4904312,-0.97336864,0.0,0.0,0.0,0.0,0.0,0.0,0.0,0.0,1.0,0.0,0.0,0.0,0.0,0.0,0,0.52200866,1
-0.2920271,1.495366,-0.042727854,1.8888973,-0.18762988,0.03759675,0.15387915,-0.7482683,-0.109075576,0.0,0.0,0.0,0.0,0.0,0.0,0.0,0.0,0.0,0.0,1.0,0.0,0.0,0.0,0,0.5459052,1
-0.27690572,1.495366,-0.79077923,1.9022701,4.9716473,0.03759675,-0.011018273,1.959021,0.44495845,0.0,0.0,0.0,0.0,0.0,0.0,1.0,0.0,0.0,0.0,0.0,0.0,0.0,0.0,1,0.96708274,1
-0.28579772,-1.4381213,0.18744181,1.8092458,-0.33422956,0.36205244,-0.031776205,-0.16813485,1.2870902,0.0,0.0,0.0,1.0,0.0,0.0,0.0,0.0,0.0,0.0,0.0,0.0,0.0,0.0,0,0.7503909,1
-0.28816894,0.028622357,-0.042727854,2.94921,5.915983,1.9843309,0.0013866636,1.4433469,1.464381,0.0,0.0,0.0,0.0,0.0,0.0,1.0,0.0,0.0,0.0,0.0,0.0,0.0,0.0,0,0.79733974,1
-0.29170254,1.3486917,0.07235698,2.992077,0.41958383,1.3354195,0.16166276,-0.8127276,1.4422196,0.0,0.0,0.0,0.0,0.0,0.0,0.0,0.0,1.0,0.0,0.0,0.0,0.0,0.0,1,0.82039565,1
-0.28477108,-1.73147,-0.6756944,2.3064957,1.6168544,0.6865081,-0.008434349,2.2813175,0.64441067,0.0,1.0,0.0,0.0,0.0,0.0,0.0,0.0,0.0,0.0,0.0,0.0,0.0,0.0,1,0.99861705,1
-0.2868012,-1.4381213,-0.73323685,2.8320389,1.4813095,1.0109638,-0.04571447,1.5722654,0.40063572,0.0,1.0,0.0,0.0,0.0,0.0,0.0,0.0,0.0,0.0,0.0,0.0,0.0,0.0,1,0.9977245,1
-0.28845042,1.3486917,-0.042727854,2.8979523,-0.13881345,1.9843309,0.00937891,-0.7482683,-0.3306892,0.0,0.0,0.0,0.0,0.0,0.0,0.0,0.0,0.0,0.0,1.0,0.0,0.0,0.0,0,0.55689085,1
-0.28086653,-1.8781444,0.1298994,2.4611793,1.8650273,-0.61131465,2.7515495,1.8945618,0.33415163,0.0,1.0,0.0,0.0,0.0,0.0,0.0,0.0,0.0,0.0,0.0,0.0,0.0,0.0,1,0.9996853,1
-0.2938353,-1.2914469,0.4751539,2.1794465,-0.31714872,-0.93577033,-0.009346296,0.025242949,1.6638333,0.0,0.0,0.0,1.0,0.0,0.0,0.0,0.0,0.0,0.0,0.0,0.0,0.0,0.0,0,0.6090931,1
-0.2918615,1.495366,1.1081204,2.2858133,4.8509865,0.6865081,0.058279417,2.3457766,-0.13123694,0.0,0.0,0.0,0.0,0.0,0.0,1.0,0.0,0.0,0.0,0.0,0.0,0.0,0.0,1,0.99825484,1
-0.13995877,-1.8781444,0.18744181,2.2726278,-0.33151105,0.36205244,-0.035844028,-0.683809,-1.0398527,0.0,0.0,0.0,0.0,0.0,1.0,0.0,0.0,0.0,0.0,0.0,0.0,0.0,0.0,0,0.73438066,1
-0.28763905,1.495366,-0.6756944,2.9249034,-0.2225157,1.9843309,0.115070865,-0.6193497,0.42279708,0.0,0.0,0.0,0.0,0.0,0.0,0.0,0.0,0.0,1.0,0.0,0.0,0.0,0.0,0,0.56028175,1
-0.23499237,0.7619942,-1.4237459,2.2305045,3.8470142,1.6598753,-0.045295365,0.8632134,-1.1063368,1.0,0.0,0.0,0.0,0.0,0.0,0.0,0.0,0.0,0.0,0.0,0.0,0.0,0.0,0,0.857511,1
-0.23499237,1.3486917,-1.4237459,1.9489987,4.6746483,0.03759675,-0.042246494,1.7656432,-0.08691422,0.0,0.0,0.0,0.0,0.0,0.0,1.0,0.0,0.0,0.0,0.0,0.0,0.0,0.0,0,0.919066,1
-0.26656646,1.2020173,-1.1935762,2.5679753,4.487847,0.03759675,0.210822,0.025242949,0.44495845,0.0,0.0,0.0,0.0,0.0,0.0,0.0,1.0,0.0,0.0,0.0,0.0,0.0,0.0,0,0.8682257,1
-0.29170254,-1.5847957,0.07235698,2.9864414,5.051589,1.0109638,0.091541536,1.8945618,1.4865423,0.0,0.0,0.0,0.0,0.0,0.0,1.0,0.0,0.0,0.0,0.0,0.0,0.0,0.0,1,0.9891418,1
-0.28823847,-0.118052006,-0.5030672,2.6190774,4.7139015,1.0109638,-0.041973434,-0.7482683,-0.6187869,0.0,0.0,0.0,0.0,1.0,0.0,0.0,0.0,0.0,0.0,0.0,0.0,0.0,0.0,0,0.56533223,1
-0.13455732,-1.8781444,-0.9634065,2.3331745,1.5119449,0.03759675,-0.018710926,2.9903693,3.7470012,0.0,1.0,0.0,0.0,0.0,0.0,0.0,0.0,0.0,0.0,0.0,0.0,0.0,0.0,1,0.9972843,1
-0.28038302,1.3486917,0.93549323,2.7835002,5.037138,0.6865081,0.018639725,0.5409171,0.13469939,0.0,0.0,0.0,0.0,0.0,0.0,0.0,1.0,0.0,0.0,0.0,0.0,0.0,0.0,1,0.9977822,1
-0.28061816,-1.73147,-0.2153551,2.064495,0.15461199,1.0109638,-0.025857797,-0.6193497,0.26766756,0.0,0.0,0.0,0.0,0.0,0.0,0.0,0.0,1.0,0.0,0.0,0.0,0.0,0.0,1,0.9796728,1
-0.13455732,0.9086686,-0.9634065,2.3452563,6.03777,0.36205244,-0.0463644,2.8614507,0.40063572,0.0,0.0,0.0,0.0,0.0,0.0,1.0,0.0,0.0,0.0,0.0,0.0,0.0,0.0,1,0.8761006,1
-0.28280392,1.495366,1.3382901,2.6222482,5.0759697,0.36205244,0.16574867,0.60537636,0.20118347,0.0,0.0,0.0,0.0,0.0,0.0,0.0,1.0,0.0,0.0,0.0,0.0,0.0,0.0,1,0.9989279,1
-0.29345116,-1.73147,0.30252665,1.7615088,5.6946254,-0.28685895,-0.047509145,0.5409171,-0.7295937,1.0,0.0,0.0,0.0,0.0,0.0,0.0,0.0,0.0,0.0,0.0,0.0,0.0,0.0,0,0.5169247,1
-0.29106006,-0.118052006,0.8779508,2.7268317,5.392965,-0.93577033,-0.04881673,2.410236,-0.44149598,0.0,0.0,0.0,0.0,0.0,0.0,1.0,0.0,0.0,0.0,0.0,0.0,0.0,0.0,1,0.7782205,1
2.7771282,-1.73147,0.76286596,2.98623,-0.13737555,1.0109638,0.15197901,0.21862076,2.4838035,0.0,0.0,0.0,1.0,0.0,0.0,0.0,0.0,0.0,0.0,0.0,0.0,0.0,0.0,0,0.55422866,1
-0.28524467,1.0553429,0.30252665,2.4665997,5.667724,-0.93577033,-0.04923025,0.28308,-0.7074323,1.0,0.0,0.0,0.0,0.0,0.0,0.0,0.0,0.0,0.0,0.0,0.0,0.0,0.0,1,0.97905195,1
-0.27901196,1.495366,-1.0209489,2.433912,-0.42670685,1.3354195,5.3972855,-0.683809,-0.064752854,0.0,0.0,0.0,0.0,0.0,0.0,0.0,0.0,0.0,0.0,0.0,0.0,1.0,0.0,0,0.57235956,1
-0.29316303,0.7619942,0.014814562,2.9505558,5.050281,2.3087866,-0.025113242,-0.23259413,1.5973492,0.0,0.0,0.0,0.0,0.0,0.0,0.0,1.0,0.0,0.0,0.0,0.0,0.0,0.0,0,0.63023514,1
-0.17679852,1.495366,-0.6756944,3.039372,5.0440407,1.3354195,-0.032435417,0.60537636,3.5918717,0.0,0.0,0.0,0.0,0.0,0.0,0.0,1.0,0.0,0.0,0.0,0.0,0.0,0.0,0,0.8639044,1
-0.29348096,-1.73147,0.36006907,1.8288769,-0.3847999,-0.61131465,-0.04958132,0.6698356,1.4422196,0.0,0.0,0.0,1.0,0.0,0.0,0.0,0.0,0.0,0.0,0.0,0.0,0.0,0.0,0,0.78237796,1
-0.2938353,1.3486917,0.4751539,2.5480545,-0.26398906,1.3354195,-0.0061048996,-0.42597193,-1.0398527,0.0,0.0,0.0,0.0,1.0,0.0,0.0,0.0,0.0,0.0,0.0,0.0,0.0,0.0,1,0.9861407,1
-0.2906428,0.9086686,2.6042233,2.3588295,2.1841757,0.03759675,-0.04498684,-0.4904312,-0.75175506,0.0,0.0,1.0,0.0,0.0,0.0,0.0,0.0,0.0,0.0,0.0,0.0,0.0,0.0,0,0.98910135,1
-0.18523684,0.7619942,-0.79077923,2.7150784,4.7610264,0.6865081,0.0636242,0.21862076,0.0682153,0.0,0.0,0.0,0.0,0.0,0.0,0.0,1.0,0.0,0.0,0.0,0.0,0.0,0.0,0,0.6946764,1
-0.27470672,1.495366,-1.0784913,2.3799946,4.117607,0.6865081,-0.045314703,2.2813175,-0.39717326,0.0,0.0,0.0,0.0,0.0,0.0,1.0,0.0,0.0,0.0,0.0,0.0,0.0,0.0,0,0.76857555,1
-0.28067115,-1.4381213,-0.10027027,3.0204093,-0.3436256,1.0109638,-0.04145888,0.15416148,2.74974,0.0,0.0,0.0,1.0,0.0,0.0,0.0,0.0,0.0,0.0,0.0,0.0,0.0,0.0,0,0.6966917,1
-0.09643593,-1.8781444,-0.5606096,2.4138973,4.420531,-0.61131465,-0.048945423,0.7342949,-1.2614664,1.0,0.0,0.0,0.0,0.0,0.0,0.0,0.0,0.0,0.0,0.0,0.0,0.0,0.0,1,0.9784194,1
-0.2759089,-0.118052006,-0.38798234,1.9597098,4.713416,2.3087866,-0.0229179,0.5409171,-0.5523028,1.0,0.0,0.0,0.0,0.0,0.0,0.0,0.0,0.0,0.0,0.0,0.0,0.0,0.0,0,0.7927872,1
-0.29227218,-1.4381213,2.431596,2.764771,1.5335687,0.03759675,-0.04842053,1.3144283,0.2455062,0.0,1.0,0.0,0.0,0.0,0.0,0.0,0.0,0.0,0.0,0.0,0.0,0.0,0.0,1,0.99980325,1
-0.22420274,-1.8781444,-0.6756944,2.6763022,1.5148202,1.0109638,-0.008060057,1.5078062,0.37847435,0.0,1.0,0.0,0.0,0.0,0.0,0.0,0.0,0.0,0.0,0.0,0.0,0.0,0.0,1,0.9984577,1
-0.26424494,-1.4381213,0.24498422,1.816083,6.357488,-0.93577033,-0.04726241,1.249969,0.8217016,0.0,0.0,0.0,0.0,0.0,0.0,1.0,0.0,0.0,0.0,0.0,0.0,0.0,0.0,0,0.6380439,1
-0.28073075,1.495366,-0.9634065,2.38679,0.8752744,0.36205244,-0.028869037,-0.55489045,0.46711978,0.0,0.0,0.0,0.0,0.0,0.0,0.0,0.0,0.0,0.0,0.0,0.0,0.0,1.0,0,0.8194557,1
0.33565632,1.495366,0.014814562,3.0527174,0.90038663,1.0109638,0.2042581,-0.8127276,1.6638333,0.0,0.0,0.0,0.0,0.0,0.0,0.0,0.0,1.0,0.0,0.0,0.0,0.0,0.0,0,0.87515914,1
-0.2923384,1.3486917,0.18744181,2.1173623,-0.2656007,0.6865081,1.237884,-0.36151266,-0.17555965,0.0,0.0,0.0,0.0,0.0,0.0,0.0,0.0,0.0,0.0,1.0,0.0,0.0,0.0,1,0.6923695,1
-0.114378914,-1.73147,0.07235698,2.9322596,-0.2711029,1.0109638,-0.019327486,-0.6193497,-1.0398527,0.0,0.0,0.0,0.0,0.0,1.0,0.0,0.0,0.0,0.0,0.0,0.0,0.0,0.0,0,0.5001538,1
3.8896234,-1.73147,1.7986294,2.4143412,1.6357685,-1.260226,-0.049077075,1.8301024,0.6887334,0.0,1.0,0.0,0.0,0.0,0.0,0.0,0.0,0.0,0.0,0.0,0.0,0.0,0.0,1,0.9998759,1
-0.24491434,1.495366,-0.042727854,2.4876652,0.2846545,0.03759675,-0.04779994,-0.9416461,-0.5301414,0.0,0.0,0.0,0.0,0.0,0.0,0.0,0.0,1.0,0.0,0.0,0.0,0.0,0.0,0,0.5530964,1
-0.2924543,1.3486917,0.41761148,2.1510737,0.47812805,0.36205244,-0.04544834,-0.683809,0.0682153,0.0,0.0,0.0,0.0,0.0,0.0,0.0,0.0,1.0,0.0,0.0,0.0,0.0,0.0,0,0.58290267,1
-0.28089967,-1.5847957,1.6260022,2.9729085,-0.46858668,-0.61131465,-0.045314144,0.15416148,2.4616423,0.0,0.0,0.0,1.0,0.0,0.0,0.0,0.0,0.0,0.0,0.0,0.0,0.0,0.0,0,0.7802889,1
-0.24016531,1.3486917,2.6617658,2.2923937,0.44912758,0.36205244,0.00073512516,-0.87718683,-1.5717254,0.0,0.0,0.0,0.0,0.0,0.0,0.0,0.0,0.0,0.0,0.0,1.0,0.0,0.0,0,0.6742543,1
-0.29160982,1.3486917,0.07235698,2.5276866,2.786801,-0.28685895,-0.030464875,-0.7482683,-0.44149598,0.0,0.0,1.0,0.0,0.0,0.0,0.0,0.0,0.0,0.0,0.0,0.0,0.0,0.0,1,0.9737256,1
-0.29369953,1.495366,-0.9058641,2.965487,-0.32644325,-0.28685895,1.8522017,-0.7482683,0.9546697,0.0,0.0,0.0,0.0,0.0,0.0,0.0,0.0,0.0,0.0,0.0,0.0,1.0,0.0,0,0.50330424,1
-0.29041427,-1.4381213,0.7053236,1.8564205,-0.2995581,0.36205244,-0.04698353,-0.683809,-1.4830799,0.0,0.0,0.0,0.0,0.0,1.0,0.0,0.0,0.0,0.0,0.0,0.0,0.0,0.0,0,0.89213717,1
-0.24971303,-1.8781444,0.7053236,1.9968666,1.3528494,0.03759675,-0.04852383,1.8301024,0.9546697,0.0,1.0,0.0,0.0,0.0,0.0,0.0,0.0,0.0,0.0,0.0,0.0,0.0,0.0,1,0.99946636,1
2.1999588,-1.4381213,0.1298994,2.8522441,-0.31336308,-0.28685895,-0.0489494,0.28308,0.7552175,0.0,0.0,0.0,1.0,0.0,0.0,0.0,0.0,0.0,0.0,0.0,0.0,0.0,0.0,0,0.6187002,1
-0.29258016,-1.4381213,0.76286596,2.4618518,1.7009184,-0.28685895,-0.04826703,1.7011839,0.5336039,0.0,1.0,0.0,0.0,0.0,0.0,0.0,0.0,0.0,0.0,0.0,0.0,0.0,0.0,1,0.9997696,1
-0.05749652,1.3486917,-0.9058641,2.252046,3.9384985,-0.28685895,-0.03004989,-0.03921632,0.9768311,0.0,0.0,0.0,0.0,0.0,0.0,0.0,1.0,0.0,0.0,0.0,0.0,0.0,0.0,1,0.6809473,1
-0.29303387,-1.2914469,2.3740537,2.9803145,-0.38773853,-0.93577033,-0.047596894,0.15416148,2.74974,0.0,0.0,0.0,1.0,0.0,0.0,0.0,0.0,0.0,0.0,0.0,0.0,0.0,0.0,0,0.5612713,1
-0.29202047,-1.73147,-0.79077923,2.3469627,1.9886439,0.36205244,0.2197044,2.410236,0.7995402,0.0,1.0,0.0,0.0,0.0,0.0,0.0,0.0,0.0,0.0,0.0,0.0,0.0,0.0,1,0.9990953,1
-0.261069,1.495366,0.64778113,2.6019561,1.3220433,-0.61131465,-0.04795115,2.0234802,-0.39717326,0.0,1.0,0.0,0.0,0.0,0.0,0.0,0.0,0.0,0.0,0.0,0.0,0.0,0.0,1,0.9975326,1
-0.07200524,1.3486917,0.59023875,1.7944995,4.922107,0.6865081,-0.008595962,0.7342949,-0.7074323,1.0,0.0,0.0,0.0,0.0,0.0,0.0,0.0,0.0,0.0,0.0,0.0,0.0,0.0,1,0.997439,1
-0.28713897,-1.73147,0.014814562,1.889436,2.0123496,0.03759675,-0.040060494,1.249969,0.46711978,0.0,1.0,0.0,0.0,0.0,0.0,0.0,0.0,0.0,0.0,0.0,0.0,0.0,0.0,1,0.998836,1
-0.29202047,1.495366,-0.79077923,2.9856422,-0.16252361,1.9843309,0.8364808,-0.4904312,1.0433152,0.0,0.0,0.0,0.0,0.0,0.0,0.0,0.0,0.0,1.0,0.0,0.0,0.0,0.0,0,0.62867117,1
-0.28489363,1.3486917,0.7053236,1.901932,6.18884,1.3354195,-0.046342757,1.7011839,0.356313,0.0,0.0,0.0,0.0,0.0,0.0,1.0,0.0,0.0,0.0,0.0,0.0,0.0,0.0,1,0.99708253,1
-0.28876173,0.17529672,1.1656629,2.3303778,5.394525,1.0109638,-0.04896524,1.7656432,0.42279708,0.0,0.0,0.0,0.0,0.0,0.0,1.0,0.0,0.0,0.0,0.0,0.0,0.0,0.0,1,0.9820825,1
-0.28155538,-1.4381213,-1.4812882,1.8496348,-0.7276833,0.03759675,-0.032323394,-0.16813485,1.2870902,0.0,0.0,0.0,1.0,0.0,0.0,0.0,0.0,0.0,0.0,0.0,0.0,0.0,0.0,0,0.84400755,1
-0.12581103,1.495366,-0.73323685,2.763524,-0.21907431,1.3354195,0.11854197,-0.4904312,-0.6187869,0.0,0.0,0.0,0.0,0.0,0.0,0.0,0.0,0.0,1.0,0.0,0.0,0.0,0.0,0,0.5731223,1
-0.28535065,1.3486917,1.453375,2.1106253,-0.39899582,-0.61131465,2.131498,-0.55489045,0.66657203,0.0,0.0,0.0,0.0,0.0,0.0,0.0,0.0,0.0,1.0,0.0,0.0,0.0,0.0,0,0.63083446,1
-0.27470672,-1.4381213,-1.0784913,1.7957845,-0.5651369,1.0109638,-0.044873163,0.025242949,1.2206061,0.0,0.0,0.0,1.0,0.0,0.0,0.0,0.0,0.0,0.0,0.0,0.0,0.0,0.0,0,0.81724906,1
-0.29023546,1.3486917,-0.73323685,3.01889,-0.34709728,0.6865081,0.033215493,-0.42597193,1.8632855,0.0,0.0,0.0,0.0,0.0,0.0,0.0,0.0,0.0,0.0,0.0,0.0,1.0,0.0,0,0.50398433,1
-0.28477108,1.3486917,-0.6756944,2.305702,4.598259,0.03759675,-0.03815597,0.15416148,0.13469939,0.0,0.0,0.0,0.0,0.0,0.0,0.0,1.0,0.0,0.0,0.0,0.0,0.0,0.0,1,0.8534005,1
-0.29300407,-1.1447725,1.050578,2.738328,-0.3904962,0.6865081,-0.040808275,-0.8127276,-1.2614664,0.0,0.0,0.0,0.0,0.0,1.0,0.0,0.0,0.0,0.0,0.0,0.0,0.0,0.0,1,0.65799093,1
-0.27342176,1.495366,1.6835446,1.8416817,5.7320895,0.36205244,0.049094133,0.7342949,-0.5523028,1.0,0.0,0.0,0.0,0.0,0.0,0.0,0.0,0.0,0.0,0.0,0.0,0.0,0.0,1,0.9985607,1
-0.28652298,-1.8781444,0.24498422,1.8556339,-0.26112673,-0.93577033,-0.044491127,-0.23259413,1.0433152,0.0,0.0,0.0,1.0,0.0,0.0,0.0,0.0,0.0,0.0,0.0,0.0,0.0,0.0,0,0.5313229,1
-0.28833452,1.495366,0.07235698,1.9831946,0.41821253,0.6865081,-0.04550508,-1.0061053,0.1790221,0.0,0.0,0.0,0.0,0.0,0.0,0.0,0.0,1.0,0.0,0.0,0.0,0.0,0.0,0,0.6701125,1
-0.28061816,-1.5847957,-0.2153551,2.0713537,1.6743302,1.0109638,0.00563962,1.3144283,1.1319606,0.0,1.0,0.0,0.0,0.0,0.0,0.0,0.0,0.0,0.0,0.0,0.0,0.0,0.0,1,0.9987801,1
-0.28165805,0.028622357,-0.15781268,2.3705082,2.7763727,0.03759675,-0.047730178,-0.4904312,-0.44149598,0.0,0.0,1.0,0.0,0.0,0.0,0.0,0.0,0.0,0.0,0.0,0.0,0.0,0.0,0,0.7253293,1
-0.1799215,1.3486917,0.18744181,2.2385023,-0.41419077,1.0109638,0.1971627,-0.55489045,-0.17555965,0.0,0.0,0.0,0.0,0.0,0.0,0.0,0.0,0.0,0.0,1.0,0.0,0.0,0.0,0,0.6215697,1
-0.28075394,1.3486917,0.8204084,2.5480618,2.103226,-0.28685895,-0.002019998,-0.6193497,-0.8625618,0.0,0.0,1.0,0.0,0.0,0.0,0.0,0.0,0.0,0.0,0.0,0.0,0.0,0.0,1,0.9936227,1
0.49165237,1.3486917,-0.33043993,2.6016762,0.56224126,0.6865081,-0.039021045,-0.683809,-0.30852783,0.0,0.0,0.0,0.0,0.0,0.0,0.0,0.0,1.0,0.0,0.0,0.0,0.0,0.0,0,0.62221646,1
0.114415735,1.495366,-1.0784913,2.8306873,7.864629,-1.260226,-0.049250674,0.6698356,0.51144254,0.0,0.0,0.0,0.0,0.0,0.0,0.0,1.0,0.0,0.0,0.0,0.0,0.0,0.0,0,0.54916745,1
-0.29037786,-1.73147,0.64778113,1.909506,-0.24051516,-0.61131465,-0.047239713,0.15416148,0.71089476,0.0,0.0,0.0,1.0,0.0,0.0,0.0,0.0,0.0,0.0,0.0,0.0,0.0,0.0,0,0.5408737,1
-0.28602955,1.495366,-1.1935762,2.0100806,0.8305418,0.36205244,2.6561258,-0.683809,0.2455062,0.0,0.0,0.0,0.0,0.0,0.0,0.0,0.0,1.0,0.0,0.0,0.0,0.0,0.0,0,0.819128,1
-0.29041758,1.495366,0.8204084,1.7812852,4.197418,-0.61131465,-0.04123134,0.28308,-0.8625618,1.0,0.0,0.0,0.0,0.0,0.0,0.0,0.0,0.0,0.0,0.0,0.0,0.0,0.0,1,0.9965437,1
-0.29218605,-1.8781444,0.7053236,2.508152,-0.36749235,-1.260226,-0.049110323,-0.10367559,0.26766756,0.0,0.0,0.0,1.0,0.0,0.0,0.0,0.0,0.0,0.0,0.0,0.0,0.0,0.0,0,0.8267142,1
-0.29379225,-1.73147,0.4751539,2.2862582,1.9848738,-1.260226,-0.049154192,2.0234802,1.3314129,0.0,1.0,0.0,0.0,0.0,0.0,0.0,0.0,0.0,0.0,0.0,0.0,0.0,0.0,1,0.99953234,1
-0.24534154,1.2020173,-1.1360338,2.9447289,4.691073,0.03759675,-0.04957646,1.3788877,0.9546697,0.0,0.0,0.0,0.0,0.0,0.0,1.0,0.0,0.0,0.0,0.0,0.0,0.0,0.0,0,0.842278,1
-0.2926199,1.495366,1.050578,2.2924736,0.033425335,0.03759675,0.0060369526,-0.55489045,-0.064752854,0.0,0.0,0.0,0.0,0.0,0.0,0.0,0.0,0.0,1.0,0.0,0.0,0.0,0.0,0,0.62272286,1
-0.28921875,-1.8781444,-0.6756944,2.92537,1.9916874,1.0109638,0.26679468,1.8945618,1.3757355,0.0,1.0,0.0,0.0,0.0,0.0,0.0,0.0,0.0,0.0,0.0,0.0,0.0,0.0,1,0.99918,1
-0.1514207,-1.5847957,1.3382901,2.5491607,1.399204,-0.28685895,-0.046767857,2.0234802,0.44495845,0.0,1.0,0.0,0.0,0.0,0.0,0.0,0.0,0.0,0.0,0.0,0.0,0.0,0.0,1,0.9997031,1
-0.26271492,1.3486917,-1.1360338,2.2922156,4.1359296,0.03759675,-0.047317963,0.41199857,1.0654765,0.0,0.0,0.0,0.0,0.0,0.0,0.0,1.0,0.0,0.0,0.0,0.0,0.0,0.0,1,0.86379796,1
-0.2862945,-0.85142386,0.014814562,1.8439884,4.5104585,-0.28685895,-0.04352887,0.025242949,-0.7074323,1.0,0.0,0.0,0.0,0.0,0.0,0.0,0.0,0.0,0.0,0.0,0.0,0.0,0.0,0,0.5475751,1
-0.29300407,-1.8781444,1.050578,2.5686135,-0.26599497,-0.93577033,-0.048754428,0.28308,0.46711978,0.0,0.0,0.0,1.0,0.0,0.0,0.0,0.0,0.0,0.0,0.0,0.0,0.0,0.0,0,0.6632908,1
-0.2770713,0.46864545,-1.1360338,1.9137763,6.1236234,2.6332424,0.392312,2.0879395,-0.21988238,0.0,0.0,0.0,0.0,0.0,0.0,1.0,0.0,0.0,0.0,0.0,0.0,0.0,0.0,0,0.7728938,1
-0.29206023,-1.8781444,0.014814562,2.7235157,-0.3886611,-1.260226,-0.04900755,-0.7482683,-1.3944345,0.0,0.0,0.0,0.0,0.0,1.0,0.0,0.0,0.0,0.0,0.0,0.0,0.0,0.0,0,0.5005064,1
-0.2563034,1.495366,-0.73323685,2.386639,0.32712108,0.03759675,-0.032661382,-0.9416461,-0.042591497,0.0,0.0,0.0,0.0,0.0,0.0,0.0,0.0,1.0,0.0,0.0,0.0,0.0,0.0,0,0.53950965,1
0.014467519,0.7619942,-1.2511185,2.2777212,6.0647154,-0.61131465,-0.048099127,0.41199857,0.48928115,0.0,0.0,0.0,0.0,0.0,0.0,0.0,1.0,0.0,0.0,0.0,0.0,0.0,0.0,0,0.5877239,1
-0.28597987,1.3486917,0.41761148,2.1710348,2.0163825,1.0109638,-0.04693435,1.3144283,0.99899244,0.0,1.0,0.0,0.0,0.0,0.0,0.0,0.0,0.0,0.0,0.0,0.0,0.0,0.0,1,0.99941623,1
-0.29093093,-1.4381213,-1.4812882,2.232994,-0.3087603,-0.61131465,-0.045198724,-0.16813485,1.6416719,0.0,0.0,0.0,1.0,0.0,0.0,0.0,0.0,0.0,0.0,0.0,0.0,0.0,0.0,0,0.54688144,1
-0.294087,1.495366,0.24498422,1.7608916,4.949722,0.03759675,-0.00977474,0.47645783,0.9768311,0.0,0.0,0.0,0.0,0.0,0.0,0.0,1.0,0.0,0.0,0.0,0.0,0.0,0.0,1,0.978445,1
-0.2935538,1.495366,1.6260022,2.1982803,1.5286132,0.36205244,-0.04765987,1.8301024,1.0876379,0.0,1.0,0.0,0.0,0.0,0.0,0.0,0.0,0.0,0.0,0.0,0.0,0.0,0.0,1,0.9993038,1
-0.28540695,-1.1447725,-0.5606096,2.0452094,4.315287,0.6865081,-0.04644791,0.7342949,-0.50798005,1.0,0.0,0.0,0.0,0.0,0.0,0.0,0.0,0.0,0.0,0.0,0.0,0.0,0.0,0,0.87283003,1
-0.2852513,1.495366,-1.1360338,2.2589993,3.638267,0.03759675,-0.04288785,0.41199857,0.66657203,0.0,0.0,0.0,0.0,0.0,0.0,0.0,1.0,0.0,0.0,0.0,0.0,0.0,0.0,0,0.80811745,1
-0.2814693,1.495366,0.18744181,1.8350744,1.0694915,0.6865081,-0.04021328,-0.4904312,0.5557652,0.0,0.0,0.0,0.0,0.0,0.0,0.0,0.0,0.0,0.0,0.0,0.0,0.0,1.0,0,0.6627329,1
-0.006194407,0.46864545,-1.0784913,2.5462801,5.3927493,-1.260226,-0.049586993,1.8301024,-0.21988238,0.0,0.0,0.0,0.0,0.0,0.0,1.0,0.0,0.0,0.0,0.0,0.0,0.0,0.0,0,0.6897683,1
-0.2770713,-1.8781444,-1.1360338,1.8756288,0.9878558,0.6865081,-0.045191802,2.2813175,0.7995402,0.0,1.0,0.0,0.0,0.0,0.0,0.0,0.0,0.0,0.0,0.0,0.0,0.0,0.0,0,0.6516464,1
0.25411472,1.495366,-1.3662034,3.0056193,-0.10656735,0.6865081,-0.035918795,-0.42597193,0.5779266,0.0,0.0,0.0,0.0,0.0,0.0,0.0,0.0,0.0,0.0,1.0,0.0,0.0,0.0,0,0.5168131,1
-0.013125872,-0.9980982,2.3740537,2.530135,-0.36823758,-0.61131465,-0.045425016,-0.03921632,0.77737886,0.0,0.0,0.0,1.0,0.0,0.0,0.0,0.0,0.0,0.0,0.0,0.0,0.0,0.0,0,0.5118191,1
-0.29316303,1.495366,-0.9634065,2.615632,-0.33770826,0.36205244,0.23396356,-0.55489045,-0.19772102,0.0,0.0,0.0,0.0,0.0,0.0,0.0,0.0,0.0,1.0,0.0,0.0,0.0,0.0,0,0.5581105,1
-0.29176548,1.0553429,-1.2511185,2.9646764,5.4002147,0.03759675,-0.048948452,1.7656432,1.3535743,0.0,0.0,0.0,0.0,0.0,0.0,1.0,0.0,0.0,0.0,0.0,0.0,0.0,0.0,1,0.91806644,1
-0.2930173,1.495366,-0.15781268,2.077197,2.77934,1.0109638,-0.025480226,-0.6193497,0.33415163,0.0,0.0,1.0,0.0,0.0,0.0,0.0,0.0,0.0,0.0,0.0,0.0,0.0,0.0,1,0.975138,1
-0.2755479,-1.8781444,0.014814562,2.2456253,-0.4083096,0.6865081,-0.0249051,-0.87718683,-0.90688455,0.0,0.0,0.0,0.0,0.0,1.0,0.0,0.0,0.0,0.0,0.0,0.0,0.0,0.0,0,0.555784,1
-0.2905567,1.3486917,0.1298994,2.6152031,-0.34966806,2.3087866,0.70090723,-0.6193497,-0.17555965,0.0,0.0,0.0,0.0,0.0,0.0,0.0,0.0,0.0,0.0,0.0,0.0,1.0,0.0,0,0.7202057,1
-0.24234442,-1.8781444,1.453375,2.7370272,-0.46598455,-0.93577033,-0.045689896,0.21862076,0.15686075,0.0,0.0,0.0,1.0,0.0,0.0,0.0,0.0,0.0,0.0,0.0,0.0,0.0,0.0,0,0.8637123,1
-0.27285546,-1.1447725,0.36006907,2.119177,6.5488605,-0.61131465,-0.04872047,2.2813175,0.1790221,0.0,0.0,0.0,0.0,0.0,0.0,1.0,0.0,0.0,0.0,0.0,0.0,0.0,0.0,0,0.61545354,1
-0.2922457,-1.5847957,1.6260022,1.8561418,-0.7981463,-0.28685895,-0.03301599,-0.87718683,-1.3722731,0.0,0.0,0.0,0.0,0.0,1.0,0.0,0.0,0.0,0.0,0.0,0.0,0.0,0.0,1,0.59015787,1
1.0625097,1.495366,-0.6756944,2.0974267,0.48375902,-0.61131465,0.02560409,-0.8127276,0.40063572,0.0,0.0,0.0,0.0,0.0,0.0,0.0,0.0,1.0,0.0,0.0,0.0,0.0,0.0,0,0.58543634,1
-0.29009637,-1.5847957,-1.0209489,1.956951,-0.8046785,0.6865081,-0.03896047,-0.2970534,1.5530264,0.0,0.0,0.0,1.0,0.0,0.0,0.0,0.0,0.0,0.0,0.0,0.0,0.0,0.0,1,0.79369175,1
-0.28580767,1.3486917,-0.8483217,1.7673736,6.018945,0.03759675,-0.037264645,0.60537636,0.5336039,0.0,0.0,0.0,0.0,0.0,0.0,0.0,1.0,0.0,0.0,0.0,0.0,0.0,0.0,0,0.8560774,1
-0.2711433,0.028622357,-0.6756944,2.4039946,5.658,1.3354195,-0.048089404,2.8614507,0.13469939,0.0,0.0,0.0,0.0,0.0,0.0,1.0,0.0,0.0,0.0,0.0,0.0,0.0,0.0,0,0.9013697,1
-0.2917721,-1.5847957,-0.9634065,2.273319,6.2527914,0.03759675,-0.042345915,2.8614507,0.51144254,0.0,0.0,0.0,0.0,0.0,0.0,1.0,0.0,0.0,0.0,0.0,0.0,0.0,0.0,1,0.9980252,1
3.8896234,-1.73147,1.7986294,2.461191,0.0079982085,-0.93577033,-0.005107805,0.025242949,0.64441067,0.0,0.0,0.0,1.0,0.0,0.0,0.0,0.0,0.0,0.0,0.0,0.0,0.0,0.0,0,0.57734865,1
-0.28540695,1.495366,-0.5606096,2.4339783,-0.62660766,1.3354195,0.5159681,-0.6193497,0.5336039,0.0,0.0,0.0,0.0,0.0,0.0,0.0,0.0,0.0,0.0,0.0,0.0,1.0,0.0,0,0.73976034,1
0.012530153,-1.4381213,-1.5963731,2.791596,-0.46526033,-1.260226,-0.049158547,0.21862076,0.7330561,0.0,0.0,0.0,1.0,0.0,0.0,0.0,0.0,0.0,0.0,0.0,0.0,0.0,0.0,0,0.7086835,1
-0.2906163,1.495366,-1.4237459,2.6086588,4.84823,0.03759675,0.03867456,0.992132,-1.2171437,1.0,0.0,0.0,0.0,0.0,0.0,0.0,0.0,0.0,0.0,0.0,0.0,0.0,0.0,1,0.985276,1
-0.114378914,-1.4381213,0.07235698,2.825218,-0.27354974,-0.28685895,-0.042600196,0.28308,0.22334483,0.0,0.0,0.0,1.0,0.0,0.0,0.0,0.0,0.0,0.0,0.0,0.0,0.0,0.0,0,0.66262466,1
-0.23320071,1.3486917,0.07235698,2.1441307,1.1402642,1.3354195,-0.037723225,-0.42597193,1.5087037,0.0,0.0,0.0,0.0,0.0,0.0,0.0,0.0,0.0,0.0,0.0,0.0,0.0,1.0,0,0.7514952,1
-0.29130182,-0.26472637,1.7986294,2.0538385,5.6901155,0.6865081,-0.047121085,0.47645783,0.77737886,0.0,0.0,0.0,0.0,0.0,0.0,0.0,1.0,0.0,0.0,0.0,0.0,0.0,0.0,0,0.662616,1
-0.29026195,-1.4381213,1.2807478,2.8252046,-0.28934756,-0.28685895,-0.04449415,-0.683809,-1.549564,0.0,0.0,0.0,0.0,0.0,1.0,0.0,0.0,0.0,0.0,0.0,0.0,0.0,0.0,0,0.78725785,1
-0.18105742,0.17529672,-1.2511185,2.2832832,2.171534,0.6865081,-0.043073952,-0.55489045,-0.13123694,0.0,0.0,1.0,0.0,0.0,0.0,0.0,0.0,0.0,0.0,0.0,0.0,0.0,0.0,0,0.55136156,1
-0.23770799,1.495366,2.2014263,2.5618098,6.5681086,1.3354195,0.022588415,0.41199857,0.2455062,0.0,0.0,0.0,0.0,0.0,0.0,0.0,1.0,0.0,0.0,0.0,0.0,0.0,0.0,1,0.9986091,1
-0.29318622,-1.4381213,-0.44552475,1.8630894,1.1732209,0.03759675,-0.008195472,1.5078062,0.8217016,0.0,1.0,0.0,0.0,0.0,0.0,0.0,0.0,0.0,0.0,0.0,0.0,0.0,0.0,1,0.9898823,1
-0.29366973,-1.8781444,-0.2728975,2.0439365,-0.5428886,1.6598753,-0.04763736,-0.6193497,-1.5717254,0.0,0.0,0.0,0.0,0.0,1.0,0.0,0.0,0.0,0.0,0.0,0.0,0.0,0.0,0,0.5161924,1
-0.29009637,-1.73147,-1.0209489,1.9902326,-0.52860427,1.0109638,-0.038650975,-0.03921632,1.5308651,0.0,0.0,0.0,1.0,0.0,0.0,0.0,0.0,0.0,0.0,0.0,0.0,0.0,0.0,0,0.82439214,1
-0.28165805,0.3219711,-0.15781268,2.276882,6.040298,-0.61131465,-0.04843698,2.3457766,-0.30852783,0.0,0.0,0.0,0.0,0.0,0.0,1.0,0.0,0.0,0.0,0.0,0.0,0.0,0.0,0,0.81639564,1
0.41687667,0.9086686,-1.1935762,2.9643416,4.1794705,-0.61131465,-0.045425337,0.08970222,1.4200583,0.0,0.0,0.0,0.0,0.0,0.0,0.0,1.0,0.0,0.0,0.0,0.0,0.0,0.0,0,0.5882517,1
-0.28623155,1.3486917,-1.1360338,3.0190356,-0.1677543,1.9843309,0.24553211,-0.8127276,0.9546697,0.0,0.0,0.0,0.0,0.0,0.0,0.0,0.0,0.0,0.0,1.0,0.0,0.0,0.0,0,0.5365986,1
-0.28896043,1.3486917,-0.5030672,2.7162788,6.7857046,0.36205244,0.8039588,1.5722654,-0.2642051,0.0,0.0,0.0,0.0,0.0,0.0,1.0,0.0,0.0,0.0,0.0,0.0,0.0,0.0,1,0.97905046,1
-0.26884162,1.495366,-0.8483217,2.7568722,-0.5671549,1.3354195,-0.04455284,-0.42597193,0.31199026,0.0,0.0,0.0,0.0,0.0,0.0,0.0,0.0,0.0,0.0,0.0,0.0,1.0,0.0,0,0.5336154,1
-0.261069,-1.73147,0.64778113,2.6025383,1.4207327,0.36205244,-0.0417891,1.8945618,0.22334483,0.0,1.0,0.0,0.0,0.0,0.0,0.0,0.0,0.0,0.0,0.0,0.0,0.0,0.0,1,0.99965477,1
0.39272416,0.7619942,-0.618152,2.3382692,2.3065693,0.36205244,-0.011669049,-0.55489045,0.112538025,0.0,0.0,1.0,0.0,0.0,0.0,0.0,0.0,0.0,0.0,0.0,0.0,0.0,0.0,0,0.52837276,1
0.13210703,1.495366,-1.2511185,1.9156984,7.7504454,1.0109638,0.045881048,2.410236,2.7275786,0.0,0.0,0.0,0.0,0.0,0.0,1.0,0.0,0.0,0.0,0.0,0.0,0.0,0.0,0,0.9565799,1
-0.2930438,-1.73147,-0.8483217,2.2122505,-0.40732384,-0.28685895,-0.047541354,0.15416148,1.5530264,0.0,0.0,0.0,1.0,0.0,0.0,0.0,0.0,0.0,0.0,0.0,0.0,0.0,0.0,0,0.75594336,1
-0.2858805,1.495366,-0.73323685,2.951828,3.9157684,0.03759675,-0.024379855,0.08970222,1.0433152,0.0,0.0,0.0,0.0,0.0,0.0,0.0,1.0,0.0,0.0,0.0,0.0,0.0,0.0,1,0.83861804,1
-0.043034166,-1.4381213,-0.042727854,2.3945446,4.2088237,0.6865081,0.06901116,0.5409171,-1.2614664,1.0,0.0,0.0,0.0,0.0,0.0,0.0,0.0,0.0,0.0,0.0,0.0,0.0,0.0,1,0.95265406,1
-0.29110643,1.3486917,0.5326963,2.2787385,-0.24057786,0.03759675,0.034770794,-1.0061053,-1.5274026,0.0,0.0,0.0,0.0,0.0,0.0,0.0,0.0,0.0,0.0,0.0,1.0,0.0,0.0,0,0.520029,1
-0.28075394,1.495366,0.8204084,2.5481734,5.336802,0.03759675,-0.039353497,2.2168581,-0.35285056,0.0,0.0,0.0,0.0,0.0,0.0,1.0,0.0,0.0,0.0,0.0,0.0,0.0,0.0,1,0.9976235,1
-0.2939181,1.495366,1.6835446,2.5010436,4.337514,-0.28685895,0.10154587,0.28308,-0.8182391,1.0,0.0,0.0,0.0,0.0,0.0,0.0,0.0,0.0,0.0,0.0,0.0,0.0,0.0,1,0.9981723,1
-0.2858805,1.3486917,-0.73323685,2.9450145,5.643286,0.03759675,27.79247,1.959021,0.48928115,0.0,0.0,0.0,0.0,0.0,0.0,1.0,0.0,0.0,0.0,0.0,0.0,0.0,0.0,1,0.93530923,1
-0.28721845,1.3486917,-0.79077923,1.9422804,4.5106344,-0.61131465,-0.03485712,0.28308,-0.84040046,1.0,0.0,0.0,0.0,0.0,0.0,0.0,0.0,0.0,0.0,0.0,0.0,0.0,0.0,1,0.9717451,1
-0.2868012,1.495366,-0.73323685,2.8374958,5.2596617,0.6865081,-0.009431628,0.28308,-1.239305,1.0,0.0,0.0,0.0,0.0,0.0,0.0,0.0,0.0,0.0,0.0,0.0,0.0,0.0,1,0.9815351,1
0.2085088,-1.8781444,-0.042727854,2.2323055,-0.38181812,-0.93577033,-0.04875257,0.15416148,1.1097993,0.0,0.0,0.0,1.0,0.0,0.0,0.0,0.0,0.0,0.0,0.0,0.0,0.0,0.0,0,0.78837454,1
-0.2686893,-1.73147,-0.73323685,2.7709618,1.6157753,0.36205244,-0.011018608,2.0234802,0.22334483,0.0,1.0,0.0,0.0,0.0,0.0,0.0,0.0,0.0,0.0,0.0,0.0,0.0,0.0,1,0.9983651,1
-0.29258016,-1.4381213,0.76286596,2.9665165,-0.21770522,0.36205244,-0.00040860666,-0.8127276,-1.3501117,0.0,0.0,0.0,0.0,0.0,1.0,0.0,0.0,0.0,0.0,0.0,0.0,0.0,0.0,0,0.574205,1
-0.13455732,1.3486917,-0.9634065,2.3395143,4.873801,0.36205244,0.20786382,1.6367247,-0.3306892,0.0,0.0,0.0,0.0,0.0,0.0,1.0,0.0,0.0,0.0,0.0,0.0,0.0,0.0,1,0.9675652,1
-0.25688627,-1.1447725,0.07235698,1.8165838,-0.30870238,0.36205244,-0.04640113,0.28308,1.2649288,0.0,0.0,0.0,1.0,0.0,0.0,0.0,0.0,0.0,0.0,0.0,0.0,0.0,0.0,0,0.5491108,1
-0.28038302,0.9086686,0.93549323,2.7826915,6.0401554,-0.28685895,-0.049254064,0.41199857,-0.8625618,1.0,0.0,0.0,0.0,0.0,0.0,0.0,0.0,0.0,0.0,0.0,0.0,0.0,0.0,1,0.99055934,1
-0.2533129,1.495366,-0.79077923,1.9090714,-0.5738802,0.03759675,-0.039367404,-0.683809,0.22334483,0.0,0.0,0.0,0.0,0.0,0.0,0.0,0.0,0.0,1.0,0.0,0.0,0.0,0.0,0,0.51062286,1
-0.20153058,1.495366,-0.618152,1.9964184,-0.42725423,1.9843309,0.4986098,-0.8127276,0.8660243,0.0,0.0,0.0,0.0,0.0,0.0,0.0,0.0,0.0,0.0,0.0,0.0,1.0,0.0,0,0.5783053,1
0.68930674,1.495366,0.64778113,2.265522,5.8107514,0.36205244,-0.005016869,0.15416148,1.2870902,0.0,0.0,0.0,0.0,0.0,0.0,0.0,1.0,0.0,0.0,0.0,0.0,0.0,0.0,1,0.99022955,1
0.4436421,1.3486917,0.9930356,2.0836213,5.1141896,-0.28685895,0.40398332,0.15416148,1.2870902,0.0,0.0,0.0,0.0,0.0,0.0,0.0,1.0,0.0,0.0,0.0,0.0,0.0,0.0,1,0.9978842,1
-0.26955697,-1.5847957,1.050578,2.811441,-0.27611467,0.36205244,-0.0059720525,0.08970222,0.60008794,0.0,0.0,0.0,1.0,0.0,0.0,0.0,0.0,0.0,0.0,0.0,0.0,0.0,0.0,1,0.8592171,1
-0.29307693,1.0553429,-0.5606096,1.8274537,4.215462,0.03759675,-0.040178165,0.60537636,1.0433152,0.0,0.0,0.0,0.0,0.0,0.0,0.0,1.0,0.0,0.0,0.0,0.0,0.0,0.0,0,0.69264156,1
-0.29176217,1.3486917,0.07235698,2.3999286,0.38113663,1.0109638,-0.024427986,-0.6193497,-0.68527097,0.0,0.0,0.0,0.0,0.0,0.0,0.0,0.0,1.0,0.0,0.0,0.0,0.0,0.0,1,0.7305321,1
-0.29164293,-1.5847957,1.7410871,2.858502,-0.3558024,1.6598753,-0.032191567,-0.10367559,0.9768311,0.0,0.0,0.0,1.0,0.0,0.0,0.0,0.0,0.0,0.0,0.0,0.0,0.0,0.0,0,0.84323883,1
-0.26656646,-1.8781444,-1.1935762,3.0396829,-0.38971066,1.6598753,-0.022267137,-0.03921632,3.6361945,0.0,0.0,0.0,1.0,0.0,0.0,0.0,0.0,0.0,0.0,0.0,0.0,0.0,0.0,0,0.68494046,1
4.053889,-1.1447725,-0.44552475,2.4152832,1.2344232,1.0109638,0.18853162,2.1523988,0.13469939,0.0,1.0,0.0,0.0,0.0,0.0,0.0,0.0,0.0,0.0,0.0,0.0,0.0,0.0,0,0.967947,1
-0.2607941,-1.4381213,-0.2153551,2.468675,1.8779277,0.03759675,-0.036902383,2.3457766,0.51144254,0.0,1.0,0.0,0.0,0.0,0.0,0.0,0.0,0.0,0.0,0.0,0.0,0.0,0.0,1,0.99878865,1
-0.2759089,0.7619942,-0.38798234,1.8874725,1.4315019,0.03759675,-0.046099544,-0.683809,0.9768311,0.0,0.0,0.0,0.0,0.0,0.0,0.0,0.0,0.0,0.0,0.0,0.0,0.0,1.0,0,0.56133753,1
0.8352815,1.495366,-0.9058641,2.3866212,2.2025683,-0.28685895,-0.040146694,-0.683809,0.023892585,0.0,0.0,1.0,0.0,0.0,0.0,0.0,0.0,0.0,0.0,0.0,0.0,0.0,0.0,0,0.7433406,1
0.27270684,0.3219711,0.59023875,2.3441544,5.049896,-0.28685895,-0.041254953,0.47645783,-0.68527097,1.0,0.0,0.0,0.0,0.0,0.0,0.0,0.0,0.0,0.0,0.0,0.0,0.0,0.0,1,0.9813504,1
-0.27800852,1.495366,0.41761148,2.756763,0.15736863,-0.28685895,0.08965894,-0.7482683,-0.08691422,0.0,0.0,0.0,0.0,0.0,0.0,0.0,0.0,1.0,0.0,0.0,0.0,0.0,0.0,0,0.61731213,1
-0.29334188,-0.70474946,0.30252665,2.9880884,5.46662,2.3087866,-0.041623954,1.4433469,0.112538025,1.0,0.0,0.0,0.0,0.0,0.0,0.0,0.0,0.0,0.0,0.0,0.0,0.0,0.0,0,0.7623562,1
-0.29178533,1.3486917,-0.6756944,2.4132833,0.5250091,0.03759675,-0.036221787,-0.7482683,-0.50798005,0.0,0.0,0.0,0.0,0.0,0.0,0.0,0.0,1.0,0.0,0.0,0.0,0.0,0.0,0,0.58331543,1
-0.28723502,1.495366,0.64778113,1.9089826,-0.1685014,0.36205244,0.022679262,-0.683809,0.046053946,0.0,0.0,0.0,0.0,0.0,0.0,0.0,0.0,0.0,1.0,0.0,0.0,0.0,0.0,0,0.60712135,1
-0.2686893,1.0553429,-0.73323685,2.9511867,7.3554206,-0.28685895,0.009162583,2.2813175,1.2870902,0.0,0.0,0.0,0.0,0.0,0.0,1.0,0.0,0.0,0.0,0.0,0.0,0.0,0.0,0,0.8548115,1
3.8896234,1.495366,1.2232053,2.9452531,-0.20947218,0.36205244,-0.029555619,-0.7482683,0.15686075,0.0,0.0,0.0,0.0,0.0,0.0,0.0,0.0,0.0,0.0,1.0,0.0,0.0,0.0,0,0.5057818,1
-0.2883014,1.3486917,-1.1935762,2.4806273,3.4503512,-0.28685895,0.26954293,0.60537636,-1.3501117,1.0,0.0,0.0,0.0,0.0,0.0,0.0,0.0,0.0,0.0,0.0,0.0,0.0,0.0,1,0.95439464,1
-0.23394917,-1.73147,-0.10027027,2.447962,-0.6844449,-0.93577033,-0.043425556,-0.16813485,0.7552175,0.0,0.0,0.0,1.0,0.0,0.0,0.0,0.0,0.0,0.0,0.0,0.0,0.0,0.0,0,0.81651044,1
-0.28898692,1.495366,-0.2728975,2.5750873,0.34539074,0.6865081,-0.038226966,-0.683809,-0.1533983,0.0,0.0,0.0,0.0,0.0,0.0,0.0,0.0,1.0,0.0,0.0,0.0,0.0,0.0,0,0.6982019,1
-0.28552946,0.028622357,-1.2511185,2.040941,3.3933117,0.03759675,-0.048533283,-0.7482683,0.0682153,0.0,0.0,1.0,0.0,0.0,0.0,0.0,0.0,0.0,0.0,0.0,0.0,0.0,0.0,0,0.5477755,1
-0.12581103,-1.8781444,-0.73323685,1.969867,-0.57264364,0.03759675,-0.00024117781,-0.36151266,-0.28636646,0.0,0.0,0.0,0.0,1.0,0.0,0.0,0.0,0.0,0.0,0.0,0.0,0.0,0.0,0,0.51026964,1
-0.2924212,-1.4381213,1.9137143,1.8160596,1.8510786,0.36205244,0.013312509,2.668073,1.1319606,0.0,1.0,0.0,0.0,0.0,0.0,0.0,0.0,0.0,0.0,0.0,0.0,0.0,0.0,1,0.9998474,1
0.05538734,-1.5847957,0.014814562,2.0108123,-0.4774567,0.03759675,-0.044419397,-0.7482683,-1.0841755,0.0,0.0,0.0,0.0,0.0,1.0,0.0,0.0,0.0,0.0,0.0,0.0,0.0,0.0,0,0.5334348,1
-0.28067115,-0.9980982,-0.10027027,2.0254912,-0.35011163,0.6865081,-0.047644038,0.60537636,1.4865423,0.0,0.0,0.0,1.0,0.0,0.0,0.0,0.0,0.0,0.0,0.0,0.0,0.0,0.0,0,0.5722882,1
-0.26271492,-1.4381213,-1.1360338,2.287006,1.7722603,0.03759675,0.003981037,1.8301024,0.7552175,0.0,1.0,0.0,0.0,0.0,0.0,0.0,0.0,0.0,0.0,0.0,0.0,0.0,0.0,1,0.9979699,1
-0.2755479,-1.4381213,0.014814562,2.192892,-0.29984817,1.9843309,-0.046469923,0.6698356,1.0433152,0.0,0.0,0.0,1.0,0.0,0.0,0.0,0.0,0.0,0.0,0.0,0.0,0.0,0.0,0,0.69547606,1
-0.29030168,1.495366,-0.5606096,2.8242176,1.1293261,-0.93577033,-0.048117626,-0.55489045,0.0017312241,0.0,0.0,0.0,0.0,0.0,0.0,0.0,0.0,0.0,0.0,0.0,0.0,0.0,1.0,0,0.7802677,1
-0.28896043,-1.4381213,-0.5030672,2.7108264,-0.4705855,-0.28685895,-0.04073583,-0.36151266,0.60008794,0.0,0.0,0.0,1.0,0.0,0.0,0.0,0.0,0.0,0.0,0.0,0.0,0.0,0.0,1,0.72565037,1
-0.24307632,-0.118052006,2.143884,2.2019663,4.2944155,-0.61131465,-0.044033978,0.41199857,-0.5966255,1.0,0.0,0.0,0.0,0.0,0.0,0.0,0.0,0.0,0.0,0.0,0.0,0.0,0.0,1,0.80632603,1
-0.2819495,1.495366,-0.79077923,2.938567,1.0152903,-0.61131465,-0.044359785,-0.683809,1.7303174,0.0,0.0,0.0,0.0,0.0,0.0,0.0,0.0,0.0,0.0,0.0,0.0,0.0,1.0,0,0.79253715,1
-0.27276936,-1.73147,0.8204084,2.064219,-0.3748325,-1.260226,-0.048908573,-0.10367559,1.5308651,0.0,0.0,0.0,1.0,0.0,0.0,0.0,0.0,0.0,0.0,0.0,0.0,0.0,0.0,0,0.7422819,1
-0.28258866,1.0553429,-0.8483217,2.4665911,5.5989194,-0.28685895,-0.044067614,0.15416148,-0.020430136,0.0,0.0,0.0,0.0,0.0,0.0,0.0,1.0,0.0,0.0,0.0,0.0,0.0,0.0,0,0.65686363,1
-0.15236454,-1.73147,-0.5030672,1.9568185,5.44999,0.36205244,-0.028915219,1.8945618,0.71089476,0.0,0.0,0.0,0.0,0.0,0.0,1.0,0.0,0.0,0.0,0.0,0.0,0.0,0.0,1,0.99803287,1
-0.29262653,1.495366,0.8204084,2.5347538,1.6498636,0.6865081,1.5526645,2.410236,0.5779266,0.0,1.0,0.0,0.0,0.0,0.0,0.0,0.0,0.0,0.0,0.0,0.0,0.0,0.0,1,0.99874336,1
-0.21254541,-1.4381213,0.41761148,1.9842249,5.51299,0.36205244,-0.032014206,2.0234802,0.22334483,0.0,0.0,0.0,0.0,0.0,0.0,1.0,0.0,0.0,0.0,0.0,0.0,0.0,0.0,0,0.7456744,1
-0.27127907,1.3486917,0.9930356,2.4200606,1.9210508,-0.61131465,0.21984187,1.5722654,0.046053946,0.0,1.0,0.0,0.0,0.0,0.0,0.0,0.0,0.0,0.0,0.0,0.0,0.0,0.0,1,0.9994554,1
1.0754851,1.495366,0.30252665,2.0436842,-0.23022592,0.36205244,0.047123607,-0.6193497,0.28982893,0.0,0.0,0.0,0.0,0.0,0.0,0.0,0.0,0.0,1.0,0.0,0.0,0.0,0.0,0,0.50764865,1
-0.2755479,0.7619942,0.014814562,2.8562531,5.637777,2.3087866,-0.026878767,0.41199857,0.13469939,0.0,0.0,0.0,0.0,0.0,0.0,0.0,1.0,0.0,0.0,0.0,0.0,0.0,0.0,0,0.5045576,1
-0.28597987,1.495366,0.41761148,2.1646721,5.703792,0.6865081,0.027513668,1.5722654,0.60008794,0.0,0.0,0.0,0.0,0.0,0.0,1.0,0.0,0.0,0.0,0.0,0.0,0.0,0.0,1,0.99595636,1
-0.261069,1.3486917,0.64778113,2.6084497,6.060209,0.6865081,-0.048689,2.0234802,-0.2642051,0.0,0.0,0.0,0.0,0.0,0.0,1.0,0.0,0.0,0.0,0.0,0.0,0.0,0.0,1,0.99676406,1
-0.28806627,1.495366,-0.10027027,2.339531,-0.39132833,1.3354195,0.03863399,-0.683809,0.26766756,0.0,0.0,0.0,0.0,0.0,0.0,0.0,0.0,0.0,0.0,0.0,0.0,1.0,0.0,0,0.5816869,1
-0.29336503,-1.8781444,-0.38798234,2.1110802,6.0828276,-0.93577033,-0.046125147,1.8301024,-0.17555965,0.0,0.0,0.0,0.0,0.0,0.0,1.0,0.0,0.0,0.0,0.0,0.0,0.0,0.0,1,0.9978198,1
-0.12153558,1.495366,2.546681,2.5145116,0.26076913,-0.61131465,-0.034043986,-0.6193497,-0.064752854,0.0,0.0,0.0,0.0,0.0,0.0,0.0,0.0,1.0,0.0,0.0,0.0,0.0,0.0,0,0.5105838,1
-0.24063557,1.0553429,-0.79077923,2.1235454,5.2806873,-0.61131465,-0.04885037,0.41199857,0.66657203,0.0,0.0,0.0,0.0,0.0,0.0,0.0,1.0,0.0,0.0,0.0,0.0,0.0,0.0,0,0.68241096,1
-0.2755545,0.7619942,0.8204084,2.230536,6.0536494,-0.61131465,-0.04850315,0.41199857,0.7330561,0.0,0.0,0.0,0.0,0.0,0.0,0.0,1.0,0.0,0.0,0.0,0.0,0.0,0.0,1,0.98232335,1
-0.20051388,-1.8781444,-0.2153551,2.2054632,-0.3111225,-0.28685895,-0.03915548,-0.2970534,1.2649288,0.0,0.0,0.0,1.0,0.0,0.0,0.0,0.0,0.0,0.0,0.0,0.0,0.0,0.0,1,0.6578934,1
-0.25690612,-1.5847957,-0.2153551,1.795507,-0.34054616,-0.93577033,-0.04769358,0.025242949,1.2870902,0.0,0.0,0.0,1.0,0.0,0.0,0.0,0.0,0.0,0.0,0.0,0.0,0.0,0.0,0,0.5531157,1
-0.29153034,1.2020173,-0.73323685,2.1034904,2.4941146,-0.28685895,4.4586906,-0.16813485,1.5751878,0.0,0.0,0.0,0.0,0.0,0.0,0.0,0.0,0.0,0.0,0.0,1.0,0.0,0.0,0,0.74901134,1
3.8169076,-1.5847957,0.8204084,2.42808,-0.09931205,1.0109638,-0.03311769,0.025242949,0.42279708,0.0,0.0,0.0,1.0,0.0,0.0,0.0,0.0,0.0,0.0,0.0,0.0,0.0,0.0,0,0.51722497,1
-0.29038778,1.495366,-0.73323685,2.9652889,4.90462,1.0109638,0.25549272,0.6698356,0.99899244,0.0,0.0,0.0,0.0,0.0,0.0,0.0,1.0,0.0,0.0,0.0,0.0,0.0,0.0,1,0.97353065,1
-0.28580767,1.495366,-0.8483217,2.8847067,-0.4762326,0.36205244,2.0009153,-0.6193497,0.6222493,0.0,0.0,0.0,0.0,0.0,0.0,0.0,0.0,0.0,0.0,0.0,0.0,1.0,0.0,0,0.62451696,1
0.02688322,-1.73147,0.4751539,2.4614391,1.4734896,-0.93577033,-0.048280682,1.4433469,0.0017312241,0.0,1.0,0.0,0.0,0.0,0.0,0.0,0.0,0.0,0.0,0.0,0.0,0.0,0.0,1,0.99949706,1
-0.29327232,-1.2914469,0.4751539,2.1458967,-0.23924343,0.36205244,-0.03477589,-0.10367559,1.3535743,0.0,0.0,0.0,1.0,0.0,0.0,0.0,0.0,0.0,0.0,0.0,0.0,0.0,0.0,0,0.5027107,1
-0.28075394,-1.4381213,0.8204084,2.5494123,-0.35040742,0.36205244,-0.038630813,0.025242949,0.44495845,0.0,0.0,0.0,1.0,0.0,0.0,0.0,0.0,0.0,0.0,0.0,0.0,0.0,0.0,1,0.8504473,1
-0.26656646,-1.4381213,-1.1935762,1.8497062,2.799529,0.6865081,0.25152022,-0.4904312,0.09037667,0.0,0.0,1.0,0.0,0.0,0.0,0.0,0.0,0.0,0.0,0.0,0.0,0.0,0.0,1,0.99858046,1
-0.29170254,1.3486917,0.30252665,2.0566843,4.4542227,-1.260226,-0.04956404,0.5409171,-0.50798005,1.0,0.0,0.0,0.0,0.0,0.0,0.0,0.0,0.0,0.0,0.0,0.0,0.0,0.0,1,0.9928845,1
-0.25326654,1.3486917,-0.6756944,3.0391974,-0.30210972,0.03759675,2.037999,-0.42597193,1.7303174,0.0,0.0,0.0,0.0,0.0,0.0,0.0,0.0,0.0,1.0,0.0,0.0,0.0,0.0,0,0.5982799,1
0.76698357,-1.73147,-0.10027027,2.6093085,-0.3349355,0.6865081,-0.046934947,-0.16813485,0.64441067,0.0,0.0,0.0,1.0,0.0,0.0,0.0,0.0,0.0,0.0,0.0,0.0,0.0,0.0,0,0.7258324,1
-0.1269569,-1.4381213,-0.618152,1.8228041,5.8662553,-0.28685895,-0.04810698,1.7656432,0.046053946,0.0,0.0,0.0,0.0,0.0,0.0,1.0,0.0,0.0,0.0,0.0,0.0,0.0,0.0,1,0.9970072,1
0.017186455,-1.73147,-0.6756944,1.936634,-0.65929484,0.36205244,-0.03776988,-0.683809,-1.2171437,0.0,0.0,0.0,0.0,0.0,1.0,0.0,0.0,0.0,0.0,0.0,0.0,0.0,0.0,0,0.51118034,1
4.053889,-1.8781444,-1.4812882,2.609,-0.38946703,0.36205244,-0.046999432,0.08970222,0.48928115,0.0,0.0,0.0,1.0,0.0,0.0,0.0,0.0,0.0,0.0,0.0,0.0,0.0,0.0,0,0.77564365,1
-0.2906428,-1.2914469,2.6042233,2.9534075,-0.29099494,0.36205244,-0.04758838,0.025242949,2.018415,0.0,0.0,0.0,1.0,0.0,0.0,0.0,0.0,0.0,0.0,0.0,0.0,0.0,0.0,0,0.5603314,1
-0.14480384,-1.73147,-1.1360338,1.8489773,1.0028224,-0.93577033,-0.049479973,1.5722654,1.2870902,0.0,1.0,0.0,0.0,0.0,0.0,0.0,0.0,0.0,0.0,0.0,0.0,0.0,0.0,0,0.5351491,1
-0.21290639,1.3486917,-0.5606096,2.2856834,0.4013704,0.36205244,-0.047034416,-0.6193497,0.0017312241,0.0,0.0,0.0,0.0,0.0,0.0,0.0,0.0,1.0,0.0,0.0,0.0,0.0,0.0,0,0.64951336,1
-0.29227218,1.495366,2.431596,2.770254,6.643807,-0.61131465,0.05059381,1.7011839,-0.30852783,0.0,0.0,0.0,0.0,0.0,0.0,1.0,0.0,0.0,0.0,0.0,0.0,0.0,0.0,1,0.9988986,1
-0.2804592,-1.5847957,0.24498422,2.8316007,-0.39216954,-0.61131465,-0.04652133,0.025242949,0.09037667,0.0,0.0,0.0,1.0,0.0,0.0,0.0,0.0,0.0,0.0,0.0,0.0,0.0,0.0,0,0.77920866,1
-0.2814693,1.495366,0.18744181,2.3597503,7.13093,0.03759675,-0.04325131,2.2813175,-0.020430136,0.0,0.0,0.0,0.0,0.0,0.0,1.0,0.0,0.0,0.0,0.0,0.0,0.0,0.0,1,0.97812665,1
-0.2923384,-1.4381213,0.18744181,2.1053135,5.377982,-0.61131465,-0.046885505,2.0234802,0.40063572,0.0,0.0,0.0,0.0,0.0,0.0,1.0,0.0,0.0,0.0,0.0,0.0,0.0,0.0,1,0.9351975,1
-0.29106006,-1.5847957,0.8779508,1.9099566,-0.52686137,0.03759675,-0.03885418,-0.16813485,1.9740924,0.0,0.0,0.0,1.0,0.0,0.0,0.0,0.0,0.0,0.0,0.0,0.0,0.0,0.0,0,0.82034916,1
-0.29095408,-1.8781444,1.1081204,2.7099593,-0.22866184,0.03759675,-0.03274823,-0.03921632,0.44495845,0.0,0.0,0.0,1.0,0.0,0.0,0.0,0.0,0.0,0.0,0.0,0.0,0.0,0.0,0,0.5242332,1
-0.29038778,1.3486917,-0.73323685,2.965171,4.6370816,0.36205244,-0.041379496,2.2168581,0.8881856,0.0,0.0,0.0,0.0,0.0,0.0,1.0,0.0,0.0,0.0,0.0,0.0,0.0,0.0,1,0.8905418,1
0.114415735,1.495366,-1.0784913,3.0057263,3.5280604,0.6865081,-0.03073353,0.025242949,2.816224,0.0,0.0,0.0,0.0,0.0,0.0,0.0,1.0,0.0,0.0,0.0,0.0,0.0,0.0,0,0.5694596,1
-0.015626233,1.495366,0.1298994,2.9787278,-0.14358604,0.36205244,0.011376153,-0.4904312,0.8217016,0.0,0.0,0.0,0.0,0.0,0.0,0.0,0.0,0.0,1.0,0.0,0.0,0.0,0.0,0,0.6292763,1
-0.2929875,1.3486917,1.050578,2.877573,1.9421291,0.36205244,-0.043909468,-0.683809,0.31199026,0.0,0.0,1.0,0.0,0.0,0.0,0.0,0.0,0.0,0.0,0.0,0.0,0.0,0.0,0,0.9492811,1
-0.2770713,1.3486917,-1.1360338,2.1441908,0.6444032,1.0109638,-0.029557955,-0.683809,0.48928115,0.0,0.0,0.0,0.0,0.0,0.0,0.0,0.0,1.0,0.0,0.0,0.0,0.0,0.0,0,0.5305324,1
-0.29150054,1.495366,0.4751539,3.0392776,0.37105653,1.6598753,-0.011165573,-0.683809,1.5308651,0.0,0.0,0.0,0.0,0.0,0.0,0.0,0.0,1.0,0.0,0.0,0.0,0.0,0.0,0,0.512661,1
-0.28383386,-1.8781444,1.7986294,2.6023715,-0.27661017,-0.93577033,-0.048802312,-0.03921632,0.2455062,0.0,0.0,0.0,1.0,0.0,0.0,0.0,0.0,0.0,0.0,0.0,0.0,0.0,0.0,1,0.6222258,1
-0.17702372,1.3486917,-0.8483217,2.144208,-0.5008485,0.36205244,-0.044723216,-0.36151266,-0.109075576,0.0,0.0,0.0,0.0,0.0,0.0,0.0,0.0,0.0,0.0,1.0,0.0,0.0,0.0,0,0.51087844,1
0.011490268,-1.73147,0.24498422,2.6429327,1.4094203,-0.93577033,-0.009581082,2.0879395,0.2455062,0.0,1.0,0.0,0.0,0.0,0.0,0.0,0.0,0.0,0.0,0.0,0.0,0.0,0.0,1,0.9988784,1
0.76698357,1.3486917,-0.10027027,2.89123,6.8716173,2.957698,-0.025663987,2.5391545,2.505965,0.0,0.0,0.0,0.0,0.0,0.0,1.0,0.0,0.0,0.0,0.0,0.0,0.0,0.0,0,0.8825806,1
-0.2922457,-1.4381213,1.6260022,1.8564188,-0.8296993,0.36205244,0.009014135,-0.683809,-1.4609185,0.0,0.0,0.0,0.0,0.0,1.0,0.0,0.0,0.0,0.0,0.0,0.0,0.0,0.0,1,0.57884467,1
-0.29369292,1.495366,0.36006907,1.8956469,0.25462243,0.36205244,0.12987043,-0.7482683,-0.042591497,0.0,0.0,0.0,0.0,0.0,0.0,0.0,0.0,1.0,0.0,0.0,0.0,0.0,0.0,1,0.8835824,1
-0.2719646,-1.4381213,-1.4237459,2.0986686,1.6970595,1.3354195,0.3513389,2.0879395,0.8660243,0.0,1.0,0.0,0.0,0.0,0.0,0.0,0.0,0.0,0.0,0.0,0.0,0.0,0.0,1,0.9990683,1
-0.29310343,-1.73147,0.7053236,2.925489,-0.27273953,0.36205244,-0.048491757,-0.8127276,-1.0398527,0.0,0.0,0.0,0.0,0.0,1.0,0.0,0.0,0.0,0.0,0.0,0.0,0.0,0.0,0,0.7995121,1
-0.0056314114,-1.5847957,-0.79077923,1.9569949,1.0958017,-0.28685895,-0.04063827,2.1523988,0.9546697,0.0,1.0,0.0,0.0,0.0,0.0,0.0,0.0,0.0,0.0,0.0,0.0,0.0,0.0,0,0.82277375,1
2.4803834,1.495366,2.143884,2.6019354,5.805839,0.03759675,0.4597089,0.5409171,0.22334483,0.0,0.0,0.0,0.0,0.0,0.0,0.0,1.0,0.0,0.0,0.0,0.0,0.0,0.0,1,0.9991436,1
-0.2923384,-1.5847957,0.18744181,2.1117632,5.9549737,-0.61131465,0.05955919,2.8614507,0.7330561,0.0,0.0,0.0,0.0,0.0,0.0,1.0,0.0,0.0,0.0,0.0,0.0,0.0,0.0,1,0.98631996,1
-0.25690612,-1.8781444,-0.2153551,2.8983924,-0.28028095,1.6598753,-0.04285675,-0.16813485,1.6638333,0.0,0.0,0.0,1.0,0.0,0.0,0.0,0.0,0.0,0.0,0.0,0.0,0.0,0.0,0,0.52953714,1
-0.29176217,-1.8781444,0.07235698,2.2525907,-0.26799566,0.03759675,-0.028074315,0.08970222,1.0211538,0.0,0.0,0.0,1.0,0.0,0.0,0.0,0.0,0.0,0.0,0.0,0.0,0.0,0.0,0,0.7078192,1
-0.2893744,-1.73147,-0.2728975,1.9431417,1.6601666,-0.28685895,-0.03184793,1.8945618,1.2206061,0.0,1.0,0.0,0.0,0.0,0.0,0.0,0.0,0.0,0.0,0.0,0.0,0.0,0.0,1,0.99849665,1
2.1442156,1.495366,1.2232053,1.8148404,5.209005,0.03759675,-0.045827974,0.7342949,1.0433152,0.0,0.0,0.0,0.0,0.0,0.0,0.0,1.0,0.0,0.0,0.0,0.0,0.0,0.0,1,0.99866104,1
-0.2711433,1.2020173,-0.6756944,2.244788,5.390704,1.0109638,0.020895686,0.47645783,0.6222493,0.0,0.0,0.0,0.0,0.0,0.0,0.0,1.0,0.0,0.0,0.0,0.0,0.0,0.0,0,0.7712619,1
-0.29336172,-0.9980982,-0.79077923,1.9177629,-0.5302851,0.6865081,0.062831774,0.21862076,2.129222,0.0,0.0,0.0,1.0,0.0,0.0,0.0,0.0,0.0,0.0,0.0,0.0,0.0,0.0,0,0.7966434,1
-0.2935803,1.3486917,0.59023875,2.4603534,6.6207232,-0.61131465,-0.048047405,1.5078062,-0.6187869,0.0,0.0,0.0,0.0,0.0,0.0,1.0,0.0,0.0,0.0,0.0,0.0,0.0,0.0,1,0.9942134,1
-0.07200524,1.3486917,0.18744181,2.9450336,-0.17914446,1.6598753,0.42238113,-0.55489045,1.7524787,0.0,0.0,0.0,0.0,0.0,0.0,0.0,0.0,0.0,0.0,0.0,0.0,1.0,0.0,0,0.706625,1
-0.29309016,0.7619942,-0.15781268,2.0892906,4.7996206,-0.61131465,-0.041992564,1.5722654,-0.020430136,0.0,0.0,0.0,0.0,0.0,0.0,1.0,0.0,0.0,0.0,0.0,0.0,0.0,0.0,0,0.5482265,1
-0.28391004,1.495366,-0.10027027,2.104025,6.0342126,-0.28685895,0.061263423,1.3788877,0.42279708,0.0,0.0,0.0,0.0,0.0,0.0,1.0,0.0,0.0,0.0,0.0,0.0,0.0,0.0,1,0.9813198,1
-0.288616,1.495366,-0.73323685,2.5615575,-0.27243435,1.0109638,1.0016079,-0.6193497,-0.44149598,0.0,0.0,0.0,0.0,0.0,0.0,0.0,0.0,0.0,0.0,1.0,0.0,0.0,0.0,1,0.6818448,1
-0.09643593,-1.5847957,-0.5606096,2.4143713,1.9044845,-0.28685895,-0.031415295,1.8945618,0.5779266,0.0,1.0,0.0,0.0,0.0,0.0,0.0,0.0,0.0,0.0,0.0,0.0,0.0,0.0,1,0.9985751,1
-0.28388354,1.0553429,-0.44552475,2.7895339,6.87344,-0.93577033,-0.042082857,2.2813175,-0.30852783,0.0,0.0,0.0,0.0,0.0,0.0,1.0,0.0,0.0,0.0,0.0,0.0,0.0,0.0,0,0.86709964,1
-0.26884162,-1.2914469,-0.8483217,2.4149656,0.9766663,0.03759675,-0.034771625,1.5078062,0.37847435,0.0,1.0,0.0,0.0,0.0,0.0,0.0,0.0,0.0,0.0,0.0,0.0,0.0,0.0,0,0.50843215,1
-0.24359626,1.495366,-1.1360338,2.5818431,-0.6832195,-0.61131465,0.9126104,-0.4904312,0.13469939,0.0,0.0,0.0,0.0,0.0,0.0,0.0,0.0,0.0,0.0,0.0,0.0,1.0,0.0,0,0.71886075,1
-0.26176113,1.3486917,2.834393,2.0500245,6.698792,-0.28685895,-0.048218127,0.15416148,0.8660243,0.0,0.0,0.0,0.0,0.0,0.0,0.0,1.0,0.0,0.0,0.0,0.0,0.0,0.0,1,0.9983113,1
-0.20468004,0.9086686,-0.73323685,2.6479604,6.0845757,0.03759675,-0.04369487,0.41199857,-0.08691422,0.0,0.0,0.0,0.0,0.0,0.0,0.0,1.0,0.0,0.0,0.0,0.0,0.0,0.0,0,0.54763085,1
-0.2883014,0.7619942,-1.1935762,2.486199,6.175385,1.0109638,-0.047774017,1.249969,-0.28636646,0.0,0.0,0.0,0.0,0.0,0.0,1.0,0.0,0.0,0.0,0.0,0.0,0.0,0.0,1,0.83248436,1
-0.29153034,1.495366,-0.73323685,2.9989264,-0.18489428,1.3354195,-0.0064566536,-0.55489045,1.4200583,0.0,0.0,0.0,0.0,0.0,0.0,0.0,0.0,0.0,0.0,1.0,0.0,0.0,0.0,0,0.58379495,1
-0.2862945,1.495366,0.014814562,2.1647825,1.2402105,1.3354195,0.080305815,-0.8127276,0.6887334,0.0,0.0,0.0,0.0,0.0,0.0,0.0,0.0,0.0,0.0,0.0,0.0,0.0,1.0,1,0.95956355,1
-0.24491434,0.028622357,-0.042727854,2.854966,5.00845,1.3354195,-0.043888703,0.6698356,-0.08691422,0.0,0.0,0.0,0.0,0.0,0.0,0.0,1.0,0.0,0.0,0.0,0.0,0.0,0.0,0,0.78558886,1
-0.2764752,1.495366,-1.1935762,2.7164948,5.77712,0.6865081,-0.024582166,2.2813175,-0.50798005,0.0,0.0,0.0,0.0,0.0,0.0,1.0,0.0,0.0,0.0,0.0,0.0,0.0,0.0,0,0.9796667,1
-0.28648987,1.495366,0.5326963,2.1513677,-0.0047052274,1.3354195,0.05539659,-0.8127276,0.2455062,0.0,0.0,0.0,0.0,0.0,0.0,0.0,0.0,0.0,1.0,0.0,0.0,0.0,0.0,0,0.6061042,1
0.6198828,1.495366,-0.33043993,2.864361,-0.25000593,0.03759675,0.0740078,-0.42597193,-0.44149598,0.0,0.0,0.0,0.0,0.0,0.0,0.0,0.0,0.0,1.0,0.0,0.0,0.0,0.0,0,0.5176807,1
-0.2929312,1.3486917,-1.2511185,1.8480868,8.521503,0.03759675,-0.04145909,1.5078062,0.33415163,0.0,0.0,0.0,0.0,0.0,0.0,1.0,0.0,0.0,0.0,0.0,0.0,0.0,0.0,0,0.69163144,1
0.27270684,-0.70474946,0.59023875,2.342306,1.4174049,-0.28685895,-0.0424016,1.249969,0.66657203,0.0,1.0,0.0,0.0,0.0,0.0,0.0,0.0,0.0,0.0,0.0,0.0,0.0,0.0,1,0.9994717,1
-0.27470672,-1.5847957,-1.0784913,2.3337061,5.108984,2.6332424,-0.04076949,0.08970222,-1.0176914,1.0,0.0,0.0,0.0,0.0,0.0,0.0,0.0,0.0,0.0,0.0,0.0,0.0,0.0,0,0.94561005,1
-0.1514207,1.3486917,1.3382901,2.5547602,6.280358,-0.28685895,-0.014835938,0.47645783,0.09037667,0.0,0.0,0.0,0.0,0.0,0.0,0.0,1.0,0.0,0.0,0.0,0.0,0.0,0.0,1,0.9975314,1
-0.28038302,1.3486917,0.93549323,2.7833896,5.678525,0.03759675,-0.040126637,0.60537636,-0.1533983,0.0,0.0,0.0,0.0,0.0,0.0,0.0,1.0,0.0,0.0,0.0,0.0,0.0,0.0,1,0.9966445,1
-0.28330398,1.3486917,-0.2728975,2.299055,5.922955,-0.93577033,-0.047684513,1.4433469,0.09037667,0.0,0.0,0.0,0.0,0.0,0.0,1.0,0.0,0.0,0.0,0.0,0.0,0.0,0.0,1,0.954176,1
-0.28806627,-1.1447725,-0.10027027,1.9980892,-0.2747707,1.0109638,-0.008742429,-0.03921632,1.7524787,0.0,0.0,0.0,1.0,0.0,0.0,0.0,0.0,0.0,0.0,0.0,0.0,0.0,0.0,0,0.5998715,1
-0.18183899,1.3486917,-0.2153551,2.1039488,2.069782,-0.28685895,0.028606104,-0.683809,-0.3306892,0.0,0.0,1.0,0.0,0.0,0.0,0.0,0.0,0.0,0.0,0.0,0.0,0.0,0.0,0,0.79476494,1
-0.22897163,0.61531985,-0.618152,2.9433823,6.114788,2.6332424,0.09169108,2.8614507,0.6222493,0.0,0.0,0.0,0.0,0.0,0.0,1.0,0.0,0.0,0.0,0.0,0.0,0.0,0.0,0,0.8028034,1
-0.2607941,-1.8781444,-0.2153551,2.2725673,0.9494978,0.36205244,0.10008539,1.5722654,1.2427675,0.0,1.0,0.0,0.0,0.0,0.0,0.0,0.0,0.0,0.0,0.0,0.0,0.0,0.0,0,0.698028,1
-0.2814693,-1.8781444,0.18744181,2.084252,4.138071,-0.61131465,0.2636156,0.5409171,-0.50798005,1.0,0.0,0.0,0.0,0.0,0.0,0.0,0.0,0.0,0.0,0.0,0.0,0.0,0.0,0,0.9453116,1
-0.24234442,1.3486917,1.453375,2.0701742,7.4323654,-0.28685895,0.061485108,1.7011839,0.26766756,0.0,0.0,0.0,0.0,0.0,0.0,1.0,0.0,0.0,0.0,0.0,0.0,0.0,0.0,1,0.9978604,1
-0.2891823,-1.73147,-1.1360338,2.0240817,1.3320656,-0.28685895,-0.033781096,1.8945618,1.3092515,0.0,1.0,0.0,0.0,0.0,0.0,0.0,0.0,0.0,0.0,0.0,0.0,0.0,0.0,1,0.99530834,1
-0.28736088,-1.2914469,0.59023875,3.0272374,-0.65749216,0.03759675,0.057518315,-0.23259413,3.1043217,0.0,0.0,0.0,1.0,0.0,0.0,0.0,0.0,0.0,0.0,0.0,0.0,0.0,0.0,0,0.6533737,1
-0.28165805,0.61531985,-0.15781268,2.694494,2.3027282,-0.28685895,-0.044823032,-0.7482683,0.44495845,0.0,0.0,1.0,0.0,0.0,0.0,0.0,0.0,0.0,0.0,0.0,0.0,0.0,0.0,0,0.6413191,1
-0.26884162,-0.9980982,-0.8483217,2.4289792,3.6636968,0.6865081,-0.045102496,-0.4904312,-0.50798005,0.0,0.0,0.0,0.0,1.0,0.0,0.0,0.0,0.0,0.0,0.0,0.0,0.0,0.0,0,0.82830405,1
0.017186455,-1.8781444,-0.6756944,1.9766804,-0.448735,-0.28685895,-0.04739017,-0.03921632,1.2427675,0.0,0.0,0.0,1.0,0.0,0.0,0.0,0.0,0.0,0.0,0.0,0.0,0.0,0.0,0,0.7928703,1
-0.2937724,1.495366,0.93549323,1.774469,-0.090627186,-0.28685895,0.07559431,-0.55489045,0.28982893,0.0,0.0,0.0,0.0,0.0,0.0,0.0,0.0,0.0,1.0,0.0,0.0,0.0,0.0,0,0.7032689,1
-0.2922821,1.495366,0.24498422,2.9048517,-0.35598078,2.3087866,3.221107,-0.55489045,0.09037667,0.0,0.0,0.0,0.0,0.0,0.0,0.0,0.0,0.0,0.0,1.0,0.0,0.0,0.0,0,0.73197067,1
-0.2814693,0.61531985,0.18744181,2.3580348,6.0459127,0.03759675,-0.044793196,2.0234802,-0.042591497,0.0,0.0,0.0,0.0,0.0,0.0,1.0,0.0,0.0,0.0,0.0,0.0,0.0,0.0,1,0.92924833,1
-0.28579772,1.3486917,0.18744181,1.8077661,-0.37702772,0.6865081,0.06840314,-0.4904312,0.64441067,0.0,0.0,0.0,0.0,0.0,0.0,0.0,0.0,0.0,0.0,0.0,0.0,1.0,0.0,0,0.6219634,1
-0.29312328,1.3486917,-1.6539155,2.440206,5.9224777,-0.61131465,-0.04119533,1.8301024,-0.2642051,0.0,0.0,0.0,0.0,0.0,0.0,1.0,0.0,0.0,0.0,0.0,0.0,0.0,0.0,1,0.9688955,1
-0.25690612,-1.5847957,-0.2153551,2.7779202,1.6709607,0.03759675,-0.039374344,1.4433469,0.5779266,0.0,1.0,0.0,0.0,0.0,0.0,0.0,0.0,0.0,0.0,0.0,0.0,0.0,0.0,1,0.99848783,1
-0.20468004,1.495366,-0.73323685,2.682782,5.788031,0.03759675,-0.012097574,1.5078062,-0.35285056,0.0,0.0,0.0,0.0,0.0,0.0,1.0,0.0,0.0,0.0,0.0,0.0,0.0,0.0,0,0.9798765,1
-0.28817886,1.495366,-0.10027027,2.8981504,1.3600745,0.36205244,0.023942959,-0.42597193,1.4422196,0.0,0.0,0.0,0.0,0.0,0.0,0.0,0.0,0.0,0.0,0.0,0.0,0.0,1.0,1,0.961937,1
-0.2825456,1.2020173,1.5684597,1.9892868,5.8360314,-0.93577033,-0.049144555,2.2813175,0.31199026,0.0,0.0,0.0,0.0,0.0,0.0,1.0,0.0,0.0,0.0,0.0,0.0,0.0,0.0,1,0.9987895,1
-0.28309202,-1.73147,-0.9634065,2.5487926,-0.36475146,-0.61131465,0.010662338,-0.03921632,0.6887334,0.0,0.0,0.0,1.0,0.0,0.0,0.0,0.0,0.0,0.0,0.0,0.0,0.0,0.0,0,0.80708444,1
-0.2935803,1.3486917,0.59023875,2.4671922,1.9333823,0.6865081,0.3020608,2.3457766,0.46711978,0.0,1.0,0.0,0.0,0.0,0.0,0.0,0.0,0.0,0.0,0.0,0.0,0.0,0.0,1,0.9994722,1
-0.19226103,1.495366,-1.1360338,2.171396,0.6078216,0.36205244,-0.045440275,-0.7482683,0.37847435,0.0,0.0,0.0,0.0,0.0,0.0,0.0,0.0,1.0,0.0,0.0,0.0,0.0,0.0,0,0.60819817,1
-0.28876173,1.3486917,1.1656629,2.3259685,-0.08971247,-0.61131465,0.3013239,-0.36151266,-0.39717326,0.0,0.0,0.0,0.0,1.0,0.0,0.0,0.0,0.0,0.0,0.0,0.0,0.0,0.0,1,0.9905787,1
-0.2749849,-1.5847957,0.8204084,2.6835716,-0.27478728,-0.61131465,-0.047058813,0.025242949,0.31199026,0.0,0.0,0.0,1.0,0.0,0.0,0.0,0.0,0.0,0.0,0.0,0.0,0.0,0.0,0,0.7473206,1
-0.28989765,-1.73147,2.143884,2.6968353,1.5052229,0.6865081,0.028882895,2.2813175,0.0017312241,0.0,1.0,0.0,0.0,0.0,0.0,0.0,0.0,0.0,0.0,0.0,0.0,0.0,0.0,1,0.9998523,1
0.010659022,1.495366,0.7053236,2.5885067,1.1549107,-0.61131465,0.106771305,-0.7482683,0.6222493,0.0,0.0,0.0,0.0,0.0,0.0,0.0,0.0,0.0,0.0,0.0,0.0,0.0,1.0,0,0.5341976,1
-0.28540695,1.495366,-0.5606096,2.6357467,1.0788096,-0.28685895,-0.04453131,-0.683809,0.22334483,0.0,0.0,0.0,0.0,0.0,0.0,0.0,0.0,0.0,0.0,0.0,0.0,0.0,1.0,1,0.8497094,1
-0.284324,-1.73147,1.453375,2.0306525,-0.35421464,-0.61131465,-0.04671806,0.15416148,1.4422196,0.0,0.0,0.0,1.0,0.0,0.0,0.0,0.0,0.0,0.0,0.0,0.0,0.0,0.0,0,0.784711,1
-0.28977844,1.2020173,2.7193081,2.924346,0.49465823,0.36205244,-0.044248283,-0.6193497,0.7995402,0.0,0.0,0.0,0.0,0.0,0.0,0.0,0.0,1.0,0.0,0.0,0.0,0.0,0.0,0,0.52809626,1
-0.17864317,-0.9980982,0.1298994,2.5569193,-0.6691274,-0.28685895,-0.03861171,0.41199857,0.910347,0.0,0.0,0.0,1.0,0.0,0.0,0.0,0.0,0.0,0.0,0.0,0.0,0.0,0.0,0,0.5086053,1
-0.28309202,-1.73147,-0.9634065,2.4749117,-0.37267467,0.03759675,-0.04745256,0.025242949,0.8217016,0.0,0.0,0.0,1.0,0.0,0.0,0.0,0.0,0.0,0.0,0.0,0.0,0.0,0.0,0,0.7037471,1
-0.28778806,1.3486917,1.2232053,2.1981726,4.657106,-0.28685895,0.06044247,0.79875416,-0.8625618,1.0,0.0,0.0,0.0,0.0,0.0,0.0,0.0,0.0,0.0,0.0,0.0,0.0,0.0,1,0.9985821,1
0.09051162,1.3486917,2.3740537,2.0230389,6.6079507,-0.93577033,-0.048909876,2.2813175,0.356313,0.0,0.0,0.0,0.0,0.0,0.0,1.0,0.0,0.0,0.0,0.0,0.0,0.0,0.0,1,0.9989833,1
-0.2607941,-0.118052006,-0.2153551,2.0742903,6.547606,1.0109638,-0.04283896,2.410236,0.26766756,0.0,0.0,0.0,0.0,0.0,0.0,1.0,0.0,0.0,0.0,0.0,0.0,0.0,0.0,0,0.88159645,1
-0.29038778,-1.4381213,-0.73323685,2.159157,-0.37405282,-0.61131465,-0.048543897,0.21862076,1.4422196,0.0,0.0,0.0,1.0,0.0,0.0,0.0,0.0,0.0,0.0,0.0,0.0,0.0,0.0,0,0.60740507,1
-0.28860277,-1.5847957,-0.73323685,1.8157197,1.9480705,1.0109638,-0.0077471086,2.0234802,1.0211538,0.0,1.0,0.0,0.0,0.0,0.0,0.0,0.0,0.0,0.0,0.0,0.0,0.0,0.0,1,0.9988788,1
-0.24704377,-1.4381213,0.1298994,2.906068,6.680997,-0.28685895,-0.029874627,2.2813175,0.28982893,0.0,0.0,0.0,0.0,0.0,0.0,1.0,0.0,0.0,0.0,0.0,0.0,0.0,0.0,1,0.9666245,1
-0.1269569,-1.4381213,-0.618152,1.8161083,2.831016,2.3087866,-0.0009604601,-0.55489045,0.20118347,0.0,0.0,1.0,0.0,0.0,0.0,0.0,0.0,0.0,0.0,0.0,0.0,0.0,0.0,1,0.99853134,1
-0.28073075,0.17529672,-0.9634065,2.5054116,4.816242,1.0109638,-0.046271175,2.5391545,1.4865423,0.0,0.0,0.0,0.0,0.0,0.0,1.0,0.0,0.0,0.0,0.0,0.0,0.0,0.0,0,0.6132823,1
0.607073,1.495366,0.5326963,1.8149656,5.962875,-0.93577033,-0.04856522,1.8301024,0.8217016,0.0,0.0,0.0,0.0,0.0,0.0,1.0,0.0,0.0,0.0,0.0,0.0,0.0,0.0,1,0.99635553,1
-0.27462062,1.3486917,0.07235698,2.6488163,0.62135255,-0.61131465,-0.045001417,-0.4904312,-0.9512073,0.0,0.0,0.0,0.0,0.0,0.0,0.0,0.0,1.0,0.0,0.0,0.0,0.0,0.0,0,0.62573934,1
-0.2749849,-1.1447725,0.8204084,2.6641805,-0.31200412,-0.28685895,-0.0316585,-0.03921632,0.8881856,0.0,0.0,0.0,1.0,0.0,0.0,0.0,0.0,0.0,0.0,0.0,0.0,0.0,0.0,0,0.54483694,1
-0.29398766,-1.4381213,-1.0784913,2.8520224,-0.36961034,1.3354195,-0.038555745,0.08970222,0.9768311,0.0,0.0,0.0,1.0,0.0,0.0,0.0,0.0,0.0,0.0,0.0,0.0,0.0,0.0,0,0.728088,1
3.8896234,-1.5847957,1.2232053,2.858584,0.040916182,0.6865081,-0.045600817,-0.16813485,0.64441067,0.0,0.0,0.0,1.0,0.0,0.0,0.0,0.0,0.0,0.0,0.0,0.0,0.0,0.0,0,0.5856708,1
-0.28157857,1.3486917,0.30252665,2.393137,6.8494787,-0.61131465,0.086998165,0.5409171,0.356313,0.0,0.0,0.0,0.0,0.0,0.0,0.0,1.0,0.0,0.0,0.0,0.0,0.0,0.0,1,0.84501386,1
-0.2921695,-1.5847957,0.8779508,2.3540258,-0.25489372,-0.93577033,-0.03995364,-0.03921632,0.8660243,0.0,0.0,0.0,1.0,0.0,0.0,0.0,0.0,0.0,0.0,0.0,0.0,0.0,0.0,0,0.52672786,1
-0.28945056,-1.8781444,-1.4237459,2.8377082,-0.37226626,0.6865081,0.25674257,-0.8127276,-1.239305,0.0,0.0,0.0,0.0,0.0,1.0,0.0,0.0,0.0,0.0,0.0,0.0,0.0,0.0,0,0.5090034,1
-0.29240796,1.3486917,-0.9058641,3.0323908,-0.2935281,1.0109638,0.40208846,-0.87718683,1.0654765,0.0,0.0,0.0,0.0,0.0,0.0,0.0,0.0,0.0,0.0,1.0,0.0,0.0,0.0,0,0.5910248,1
-0.28713897,0.028622357,0.014814562,2.9761698,5.3012547,1.0109638,-0.044657636,1.4433469,0.48928115,0.0,0.0,0.0,0.0,0.0,0.0,1.0,0.0,0.0,0.0,0.0,0.0,0.0,0.0,0,0.78304964,1
-0.27578965,-0.41140074,-0.10027027,3.0288906,4.3247447,1.6598753,-0.045524705,0.3475393,0.42279708,1.0,0.0,0.0,0.0,0.0,0.0,0.0,0.0,0.0,0.0,0.0,0.0,0.0,0.0,0,0.7690346,1
-0.28061816,-1.8781444,-0.2153551,2.0641487,1.6957127,0.36205244,-0.041152325,1.8945618,1.3757355,0.0,1.0,0.0,0.0,0.0,0.0,0.0,0.0,0.0,0.0,0.0,0.0,0.0,0.0,1,0.99879056,1
-0.057920426,1.495366,-1.1935762,1.7610699,5.7130165,0.36205244,0.2533326,1.6367247,0.51144254,0.0,0.0,0.0,0.0,0.0,0.0,1.0,0.0,0.0,0.0,0.0,0.0,0.0,0.0,1,0.9854617,1
0.76698357,-1.5847957,-0.10027027,2.0041215,4.807038,-0.28685895,-0.04645535,0.60537636,-0.41933462,1.0,0.0,0.0,0.0,0.0,0.0,0.0,0.0,0.0,0.0,0.0,0.0,0.0,0.0,0,0.94275534,1
-0.2743292,-0.41140074,0.36006907,2.4841733,1.7767271,0.03759675,-0.048506226,1.8301024,0.44495845,0.0,1.0,0.0,0.0,0.0,0.0,0.0,0.0,0.0,0.0,0.0,0.0,0.0,0.0,1,0.9982426,1
-0.2704677,-1.73147,-0.2153551,1.91621,-0.26856118,-0.28685895,-0.039521284,0.28308,1.3978969,0.0,0.0,0.0,1.0,0.0,0.0,0.0,0.0,0.0,0.0,0.0,0.0,0.0,0.0,0,0.56578606,1
-0.28092948,1.495366,-0.2153551,2.5684798,-0.31364244,1.0109638,1.189973,-0.683809,-0.9290459,0.0,0.0,0.0,0.0,1.0,0.0,0.0,0.0,0.0,0.0,0.0,0.0,0.0,0.0,0,0.64032567,1
-0.28067115,1.495366,-0.10027027,2.4337835,-0.49732435,2.6332424,0.23717117,-0.6193497,0.42279708,0.0,0.0,0.0,0.0,0.0,0.0,0.0,0.0,0.0,0.0,0.0,0.0,1.0,0.0,0,0.54415,1
-0.2769554,1.495366,-0.2728975,2.2723696,-0.20310363,0.6865081,2.4827142,-0.6193497,-0.2642051,0.0,0.0,0.0,0.0,0.0,0.0,0.0,0.0,0.0,0.0,1.0,0.0,0.0,0.0,0,0.7035931,1
-0.27508757,0.61531985,-0.2728975,2.2909513,5.1158237,-0.28685895,-0.03537715,0.47645783,0.22334483,0.0,0.0,0.0,0.0,0.0,0.0,0.0,1.0,0.0,0.0,0.0,0.0,0.0,0.0,0,0.6443446,1
-0.28958303,-1.8781444,0.41761148,2.1179287,-0.32814464,0.03759675,-0.04513524,-0.683809,-1.4165958,0.0,0.0,0.0,0.0,0.0,1.0,0.0,0.0,0.0,0.0,0.0,0.0,0.0,0.0,0,0.86669964,1
2.1442156,1.495366,1.2232053,1.8215137,5.395415,0.6865081,0.05931508,0.47645783,0.8217016,0.0,0.0,0.0,0.0,0.0,0.0,0.0,1.0,0.0,0.0,0.0,0.0,0.0,0.0,1,0.9986333,1
-0.23106134,-0.41140074,-0.15781268,2.9011784,4.057261,0.6865081,-0.011267276,-0.16813485,-0.35285056,1.0,0.0,0.0,0.0,0.0,0.0,0.0,0.0,0.0,0.0,0.0,0.0,0.0,0.0,0,0.5405849,1
2.1442156,-1.8781444,1.2232053,1.8083314,1.5550318,1.0109638,-0.043849766,1.5722654,1.1319606,0.0,1.0,0.0,0.0,0.0,0.0,0.0,0.0,0.0,0.0,0.0,0.0,0.0,0.0,1,0.9998172,1
-0.26656646,-1.4381213,-1.1935762,1.8428247,1.7439591,-0.93577033,-0.042754047,2.0879395,0.51144254,0.0,1.0,0.0,0.0,0.0,0.0,0.0,0.0,0.0,0.0,0.0,0.0,0.0,0.0,1,0.9978416,1
-0.2935273,-1.8781444,0.5326963,2.4474905,1.6956762,-0.93577033,-0.04855703,1.4433469,-0.042591497,0.0,1.0,0.0,0.0,0.0,0.0,0.0,0.0,0.0,0.0,0.0,0.0,0.0,0.0,1,0.999566,1
-0.2745345,1.3486917,0.014814562,2.8844116,6.5346212,-0.61131465,0.051689424,1.249969,-0.08691422,0.0,0.0,0.0,0.0,0.0,0.0,1.0,0.0,0.0,0.0,0.0,0.0,0.0,0.0,1,0.9683726,1
-0.29342797,-1.73147,0.59023875,2.4680727,-0.44328728,-0.61131465,-0.037896827,-0.8127276,-1.4609185,0.0,0.0,0.0,0.0,0.0,1.0,0.0,0.0,0.0,0.0,0.0,0.0,0.0,0.0,0,0.8497581,1
0.017186455,1.2020173,-0.6756944,2.8909156,5.157842,1.0109638,-0.045040987,2.0879395,0.26766756,0.0,0.0,0.0,0.0,0.0,0.0,1.0,0.0,0.0,0.0,0.0,0.0,0.0,0.0,0,0.8693679,1
0.020501504,1.495366,1.5684597,1.9561682,6.146231,0.36205244,0.05040774,2.2168581,0.0682153,0.0,0.0,0.0,0.0,0.0,0.0,1.0,0.0,0.0,0.0,0.0,0.0,0.0,0.0,1,0.999203,1
-0.28856966,1.0553429,-1.3662034,2.6011963,6.6744614,-0.93577033,-0.04353867,1.249969,-0.5523028,0.0,0.0,0.0,0.0,0.0,0.0,1.0,0.0,0.0,0.0,0.0,0.0,0.0,0.0,1,0.84523565,1
-0.13995877,-1.4381213,0.18744181,2.2599177,-0.40164912,-0.93577033,-0.046173688,-0.16813485,1.3092515,0.0,0.0,0.0,1.0,0.0,0.0,0.0,0.0,0.0,0.0,0.0,0.0,0.0,0.0,0,0.65945286,1
-0.29307693,-1.73147,-0.5606096,2.1988955,4.3551736,0.36205244,-0.04023061,0.60537636,0.5336039,0.0,0.0,0.0,0.0,0.0,0.0,0.0,1.0,0.0,0.0,0.0,0.0,0.0,0.0,1,0.99857485,1
-0.28579772,1.495366,0.18744181,3.0527425,-0.24926226,1.0109638,0.0120681375,-0.42597193,2.5502877,0.0,0.0,0.0,0.0,0.0,0.0,0.0,0.0,0.0,0.0,0.0,0.0,1.0,0.0,0,0.5734223,1
-0.2719646,-1.8781444,-1.4237459,2.0976717,4.9970164,0.03759675,-0.043987826,0.992132,-0.7295937,1.0,0.0,0.0,0.0,0.0,0.0,0.0,0.0,0.0,0.0,0.0,0.0,0.0,0.0,1,0.98701906,1
-0.2770713,-0.85142386,-1.1360338,2.1331916,3.7512388,0.03759675,-0.045607377,0.3475393,-0.9512073,1.0,0.0,0.0,0.0,0.0,0.0,0.0,0.0,0.0,0.0,0.0,0.0,0.0,0.0,0,0.5902201,1
-0.28780463,1.3486917,-1.3662034,2.8643036,7.0253816,1.3354195,0.031300552,0.60537636,0.33415163,0.0,0.0,0.0,0.0,0.0,0.0,0.0,1.0,0.0,0.0,0.0,0.0,0.0,0.0,1,0.82817805,1
-0.2792206,-1.73147,-1.0784913,2.2662477,-0.2673289,-1.260226,-0.04771861,0.47645783,0.93250835,0.0,0.0,0.0,1.0,0.0,0.0,0.0,0.0,0.0,0.0,0.0,0.0,0.0,0.0,0,0.5417563,1
-0.28856966,-1.4381213,-1.3662034,2.6033185,1.616605,1.0109638,0.007290607,2.0879395,0.20118347,0.0,1.0,0.0,0.0,0.0,0.0,0.0,0.0,0.0,0.0,0.0,0.0,0.0,0.0,1,0.9978873,1
-0.27853176,-0.9980982,-0.2153551,2.0253,1.1216903,-0.93577033,-0.04640337,2.2813175,0.6222493,0.0,1.0,0.0,0.0,0.0,0.0,0.0,0.0,0.0,0.0,0.0,0.0,0.0,0.0,0,0.5560714,1
-0.27342176,-1.8781444,1.6835446,1.8352578,1.7885411,-0.93577033,-0.0014148327,1.4433469,0.99899244,0.0,1.0,0.0,0.0,0.0,0.0,0.0,0.0,0.0,0.0,0.0,0.0,0.0,0.0,1,0.99977416,1
-0.26656646,-1.73147,-1.1935762,1.849126,1.6515949,0.36205244,0.0389638,1.8301024,0.8217016,0.0,1.0,0.0,0.0,0.0,0.0,0.0,0.0,0.0,0.0,0.0,0.0,0.0,0.0,1,0.99815625,1
0.017186455,1.495366,-0.6756944,2.1311522,-0.566859,0.03759675,-0.033596266,-0.42597193,0.5779266,0.0,0.0,0.0,0.0,0.0,0.0,0.0,0.0,0.0,0.0,0.0,0.0,1.0,0.0,0,0.5233455,1
0.15976666,-1.73147,1.2807478,2.0374477,-0.74608934,-0.93577033,-0.046533972,-0.16813485,1.5308651,0.0,0.0,0.0,1.0,0.0,0.0,0.0,0.0,0.0,0.0,0.0,0.0,0.0,0.0,0,0.5559072,1
-0.28330398,-1.8781444,-0.2728975,2.2929344,1.5635822,0.36205244,-0.03681021,1.5078062,1.4865423,0.0,1.0,0.0,0.0,0.0,0.0,0.0,0.0,0.0,0.0,0.0,0.0,0.0,0.0,1,0.9985611,1
-0.2764752,-1.73147,-1.1935762,2.7572541,-0.588075,0.36205244,-0.04372837,0.21862076,0.5557652,0.0,0.0,0.0,1.0,0.0,0.0,0.0,0.0,0.0,0.0,0.0,0.0,0.0,0.0,0,0.86051446,1
-0.29130515,1.495366,0.07235698,2.050453,1.5362796,-0.61131465,-0.042478915,-0.8127276,1.154122,0.0,0.0,0.0,0.0,0.0,0.0,0.0,0.0,0.0,0.0,0.0,0.0,0.0,1.0,0,0.8631744,1
-0.1901945,0.46864545,-1.308661,1.8128815,4.269688,1.3354195,0.031550195,0.47645783,0.6887334,0.0,0.0,0.0,0.0,0.0,0.0,0.0,1.0,0.0,0.0,0.0,0.0,0.0,0.0,0,0.5472542,1
-0.29020566,-1.8781444,-0.042727854,2.8984997,-0.4086145,0.6865081,-0.046195157,-0.683809,-1.1506596,0.0,0.0,0.0,0.0,0.0,1.0,0.0,0.0,0.0,0.0,0.0,0.0,0.0,0.0,0,0.53614634,1
0.34435624,-1.73147,0.59023875,2.293172,-0.7895767,-0.61131465,-0.046456486,0.6698356,1.1097993,0.0,0.0,0.0,1.0,0.0,0.0,0.0,0.0,0.0,0.0,0.0,0.0,0.0,0.0,0,0.6358085,1
-0.29009637,-1.8781444,-1.0209489,1.9565128,3.90206,0.36205244,-0.04663834,2.0234802,0.5557652,0.0,0.0,0.0,0.0,0.0,0.0,1.0,0.0,0.0,0.0,0.0,0.0,0.0,0.0,1,0.95710653,1
-0.28666872,1.3486917,-0.618152,1.9828552,1.2716337,0.03759675,-0.048033312,-1.0061053,0.84386295,0.0,0.0,0.0,0.0,0.0,0.0,0.0,0.0,0.0,0.0,0.0,0.0,0.0,1.0,0,0.7253789,1
-0.28073075,-1.4381213,-0.9634065,2.6705031,-0.30480012,0.03759675,-0.04630397,0.025242949,0.28982893,0.0,0.0,0.0,1.0,0.0,0.0,0.0,0.0,0.0,0.0,0.0,0.0,0.0,0.0,0,0.55184835,1
-0.29030168,-1.4381213,-0.5606096,2.3945127,-0.29333028,0.36205244,-0.035613034,0.025242949,0.8217016,0.0,0.0,0.0,1.0,0.0,0.0,0.0,0.0,0.0,0.0,0.0,0.0,0.0,0.0,0,0.59477895,1
0.32228354,1.495366,-0.5606096,3.02598,-0.37881336,1.3354195,-0.004493911,-0.7482683,1.3535743,0.0,0.0,0.0,0.0,0.0,0.0,0.0,0.0,0.0,0.0,1.0,0.0,0.0,0.0,0,0.5345103,1
-0.2938353,0.61531985,-0.73323685,1.9544138,4.365157,0.6865081,-0.048777163,0.15416148,0.84386295,0.0,0.0,0.0,0.0,0.0,0.0,0.0,1.0,0.0,0.0,0.0,0.0,0.0,0.0,1,0.61852336,1
-0.28995395,-1.73147,0.8779508,1.7749605,-0.25984403,0.6865081,-0.03687056,0.08970222,1.464381,0.0,0.0,0.0,1.0,0.0,0.0,0.0,0.0,0.0,0.0,0.0,0.0,0.0,0.0,0,0.6423597,1
-0.2755479,1.2020173,0.014814562,2.6486049,5.115166,-0.61131465,-0.041373353,1.249969,-0.35285056,0.0,0.0,0.0,0.0,0.0,0.0,1.0,0.0,0.0,0.0,0.0,0.0,0.0,0.0,0,0.8977666,1
-0.2930173,-1.4381213,-0.15781268,2.078379,5.647507,1.0109638,-0.020189622,0.7342949,-0.84040046,1.0,0.0,0.0,0.0,0.0,0.0,0.0,0.0,0.0,0.0,0.0,0.0,0.0,0.0,1,0.9018081,1
-0.28932473,-0.9980982,2.2014263,2.2608657,1.4041383,-0.61131465,-0.034591492,1.4433469,0.84386295,0.0,1.0,0.0,0.0,0.0,0.0,0.0,0.0,0.0,0.0,0.0,0.0,0.0,0.0,1,0.99966013,1
-0.26857007,1.495366,0.8204084,1.7811798,6.5786023,1.9843309,0.025359085,0.41199857,0.9768311,0.0,0.0,0.0,0.0,0.0,0.0,0.0,1.0,0.0,0.0,0.0,0.0,0.0,0.0,1,0.98132575,1
-0.29202047,-1.8781444,-0.79077923,2.346696,2.0202599,-0.61131465,-0.048488643,1.8301024,0.42279708,0.0,1.0,0.0,0.0,0.0,0.0,0.0,0.0,0.0,0.0,0.0,0.0,0.0,0.0,1,0.9987834,1
-0.28540695,-1.4381213,-0.5606096,2.6300893,4.9483857,-0.61131465,-0.043705884,2.2168581,-0.24204375,0.0,0.0,0.0,0.0,0.0,0.0,1.0,0.0,0.0,0.0,0.0,0.0,0.0,0.0,1,0.9967853,1
-0.28652298,-1.2914469,0.24498422,1.8431249,-0.5349823,0.03759675,-0.0376263,-0.8127276,-1.305789,0.0,0.0,0.0,0.0,0.0,1.0,0.0,0.0,0.0,0.0,0.0,0.0,0.0,0.0,0,0.5431589,1
-0.2938353,1.3486917,0.4751539,2.5412555,3.1180594,-0.61131465,-0.049205523,-0.2970534,0.1790221,0.0,0.0,1.0,0.0,0.0,0.0,0.0,0.0,0.0,0.0,0.0,0.0,0.0,0.0,1,0.9959842,1
-0.29009637,-1.4381213,-1.0209489,2.818521,-0.28634864,0.36205244,-0.035547454,-0.03921632,0.48928115,0.0,0.0,0.0,1.0,0.0,0.0,0.0,0.0,0.0,0.0,0.0,0.0,0.0,0.0,0,0.5664086,1
-0.29202047,-1.2914469,-0.79077923,2.347655,1.9172101,0.03759675,-0.029696954,1.7011839,0.99899244,0.0,1.0,0.0,0.0,0.0,0.0,0.0,0.0,0.0,0.0,0.0,0.0,0.0,0.0,1,0.99784136,1
-0.29009637,0.61531985,-1.0209489,1.9478438,5.6202865,0.36205244,-0.034380198,2.2168581,0.356313,0.0,0.0,0.0,0.0,0.0,0.0,1.0,0.0,0.0,0.0,0.0,0.0,0.0,0.0,0,0.84929216,1
-0.2804062,-1.8781444,0.64778113,2.6764786,1.1996391,-1.260226,-0.049278975,2.2813175,0.13469939,0.0,1.0,0.0,0.0,0.0,0.0,0.0,0.0,0.0,0.0,0.0,0.0,0.0,0.0,1,0.99469525,1
-0.26492053,1.495366,-1.0209489,2.1914945,0.47074068,0.03759675,-0.028364727,-0.6193497,0.2455062,0.0,0.0,0.0,0.0,0.0,0.0,0.0,0.0,1.0,0.0,0.0,0.0,0.0,0.0,0,0.7331357,1
-0.19898717,1.3486917,-1.4812882,2.9920313,10.97687,4.5799766,44.24068,0.7342949,1.0654765,0.0,0.0,0.0,0.0,0.0,0.0,1.0,0.0,0.0,0.0,0.0,0.0,0.0,0.0,0,0.9435096,1
-0.29173568,-1.8781444,-1.1935762,2.0439417,1.8079573,1.6598753,-0.03410439,2.0234802,1.0211538,0.0,1.0,0.0,0.0,0.0,0.0,0.0,0.0,0.0,0.0,0.0,0.0,0.0,0.0,1,0.99878424,1
-0.22420274,-1.5847957,-0.6756944,2.670211,4.167115,1.3354195,-0.044761777,0.47645783,-0.1533983,0.0,0.0,0.0,0.0,0.0,0.0,0.0,1.0,0.0,0.0,0.0,0.0,0.0,0.0,1,0.9982406,1
-0.293577,1.495366,-0.042727854,2.2319944,-0.13870196,0.03759675,0.036816083,-0.55489045,0.0017312241,0.0,0.0,0.0,0.0,0.0,0.0,0.0,0.0,0.0,1.0,0.0,0.0,0.0,0.0,0,0.6111019,1
-0.28757945,1.495366,-0.2728975,2.299207,-0.35351956,0.6865081,0.044023167,-0.6193497,0.51144254,0.0,0.0,0.0,0.0,0.0,0.0,0.0,0.0,0.0,0.0,0.0,0.0,1.0,0.0,0,0.5627764,1
0.09000161,-1.73147,-1.1360338,2.3805637,-0.4302795,0.03759675,-0.02000747,-0.23259413,0.37847435,0.0,0.0,0.0,1.0,0.0,0.0,0.0,0.0,0.0,0.0,0.0,0.0,0.0,0.0,1,0.80268574,1
-0.27236864,-1.8781444,0.5326963,2.373672,-0.30801198,0.03759675,-0.031972293,0.025242949,0.6887334,0.0,0.0,0.0,1.0,0.0,0.0,0.0,0.0,0.0,0.0,0.0,0.0,0.0,0.0,0,0.8332077,1
-0.24534154,-1.8781444,-1.1360338,2.064002,4.6527047,-0.93577033,-0.04509942,0.6698356,-0.8847232,1.0,0.0,0.0,0.0,0.0,0.0,0.0,0.0,0.0,0.0,0.0,0.0,0.0,0.0,1,0.98867667,1
-0.2905567,1.495366,0.1298994,2.0032651,-0.12958933,1.6598753,0.11333335,-0.55489045,0.112538025,0.0,0.0,0.0,0.0,0.0,0.0,0.0,0.0,0.0,1.0,0.0,0.0,0.0,0.0,0,0.6057539,1
-0.28860277,-0.41140074,-0.73323685,1.8178099,5.957663,1.3354195,-0.043295525,2.2813175,-0.1533983,0.0,0.0,0.0,0.0,0.0,0.0,1.0,0.0,0.0,0.0,0.0,0.0,0.0,0.0,1,0.98182434,1
-0.24534154,-1.5847957,-1.1360338,2.9932644,-0.34658062,1.3354195,-0.048722547,0.15416148,2.9270308,0.0,0.0,0.0,1.0,0.0,0.0,0.0,0.0,0.0,0.0,0.0,0.0,0.0,0.0,0,0.5369818,1
-0.29038778,-1.5847957,-0.73323685,2.9595351,-0.629284,-0.28685895,-0.03598381,0.21862076,2.26219,0.0,0.0,0.0,1.0,0.0,0.0,0.0,0.0,0.0,0.0,0.0,0.0,0.0,0.0,1,0.87548846,1
-0.2607941,-1.73147,-0.2153551,2.4748054,3.4231439,0.03759675,-0.03854293,-0.683809,-0.8847232,0.0,0.0,0.0,0.0,1.0,0.0,0.0,0.0,0.0,0.0,0.0,0.0,0.0,0.0,0,0.7152979,1
-0.2891492,1.495366,0.41761148,1.9427806,-0.31346524,-0.61131465,0.1423831,-0.7482683,-1.7046936,0.0,0.0,0.0,0.0,0.0,0.0,0.0,0.0,0.0,0.0,0.0,1.0,0.0,0.0,0,0.57509065,1
-0.2862945,-1.8781444,0.014814562,2.165011,1.7238928,1.6598753,-0.03244359,2.0879395,0.8660243,0.0,1.0,0.0,0.0,0.0,0.0,0.0,0.0,0.0,0.0,0.0,0.0,0.0,0.0,1,0.99941444,1
-0.2726104,1.3486917,-0.44552475,2.1981385,-0.36448857,1.6598753,0.089428656,-0.7482683,0.046053946,0.0,0.0,0.0,0.0,0.0,0.0,0.0,0.0,0.0,0.0,1.0,0.0,0.0,0.0,0,0.554843,1
-0.26988152,1.495366,0.93549323,1.8753179,0.032913864,-0.28685895,0.025121354,-0.55489045,-0.5523028,0.0,0.0,0.0,0.0,1.0,0.0,0.0,0.0,0.0,0.0,0.0,0.0,0.0,0.0,1,0.991867,1
-0.27127907,1.495366,0.9930356,2.4204648,6.266852,0.36205244,0.13211425,2.2813175,-0.042591497,0.0,0.0,0.0,0.0,0.0,0.0,1.0,0.0,0.0,0.0,0.0,0.0,0.0,0.0,1,0.9986733,1
-0.28489363,1.3486917,0.7053236,1.8952259,1.3714336,-0.93577033,-0.017680837,2.668073,1.0211538,0.0,1.0,0.0,0.0,0.0,0.0,0.0,0.0,0.0,0.0,0.0,0.0,0.0,0.0,1,0.9988613,1
0.018216405,0.9086686,-0.79077923,2.896938,5.222106,1.6598753,-0.048020344,2.0234802,-0.50798005,0.0,0.0,0.0,0.0,0.0,0.0,1.0,0.0,0.0,0.0,0.0,0.0,0.0,0.0,0,0.6555258,1
-0.28856966,1.495366,-1.3662034,2.6087756,4.4017467,2.6332424,0.57346743,1.0565913,-0.4858187,0.0,0.0,0.0,0.0,0.0,0.0,1.0,0.0,0.0,0.0,0.0,0.0,0.0,0.0,1,0.92987037,1
-0.29243445,-1.4381213,1.5684597,2.448401,-0.37986153,-1.260226,-0.04922453,0.025242949,0.37847435,0.0,0.0,0.0,1.0,0.0,0.0,0.0,0.0,0.0,0.0,0.0,0.0,0.0,0.0,0,0.65692484,1
-0.260198,-1.73147,0.30252665,2.319958,-0.4419118,-0.28685895,-0.044872686,0.6698356,1.2649288,0.0,0.0,0.0,1.0,0.0,0.0,0.0,0.0,0.0,0.0,0.0,0.0,0.0,0.0,1,0.84413564,1
-0.2924212,-1.5847957,1.9137143,1.8089298,1.8264049,-0.61131465,-0.04623558,2.3457766,0.9768311,0.0,1.0,0.0,0.0,0.0,0.0,0.0,0.0,0.0,0.0,0.0,0.0,0.0,0.0,1,0.9998271,1
-0.28709263,-1.73147,-1.7690003,3.0063741,-0.399635,0.6865081,-0.046793245,0.21862076,3.0821602,0.0,0.0,0.0,1.0,0.0,0.0,0.0,0.0,0.0,0.0,0.0,0.0,0.0,0.0,0,0.7178158,1
-0.29243445,-1.5847957,1.5684597,2.3809144,-0.44037998,-0.93577033,-0.04354047,0.15416148,0.7995402,0.0,0.0,0.0,1.0,0.0,0.0,0.0,0.0,0.0,0.0,0.0,0.0,0.0,0.0,0,0.79831237,1
-0.23770799,1.3486917,2.2014263,2.5615368,5.5297594,0.6865081,-0.0043438375,0.025242949,-1.3279504,1.0,0.0,0.0,0.0,0.0,0.0,0.0,0.0,0.0,0.0,0.0,0.0,0.0,0.0,1,0.99851185,1
-0.2860991,1.495366,0.36006907,1.7609122,-0.28270587,0.03759675,0.08856769,-0.87718683,-1.3722731,0.0,0.0,0.0,0.0,0.0,0.0,0.0,0.0,0.0,0.0,0.0,1.0,0.0,0.0,0,0.59954655,1
-0.29030168,-1.8781444,-0.5606096,2.783991,-0.26497048,-0.93577033,-0.04826469,0.15416148,0.44495845,0.0,0.0,0.0,1.0,0.0,0.0,0.0,0.0,0.0,0.0,0.0,0.0,0.0,0.0,0,0.5323162,1
-0.2792206,-1.4381213,-1.0784913,2.2937143,1.2487792,0.36205244,-0.04375846,1.7656432,1.3757355,0.0,1.0,0.0,0.0,0.0,0.0,0.0,0.0,0.0,0.0,0.0,0.0,0.0,0.0,0,0.9944377,1
-0.28771853,-1.5847957,-0.9634065,2.0445192,-0.3090549,0.6865081,-0.044728085,0.15416148,1.0876379,0.0,0.0,0.0,1.0,0.0,0.0,0.0,0.0,0.0,0.0,0.0,0.0,0.0,0.0,0,0.5399246,1
-0.288616,-1.73147,-0.73323685,2.5554876,-0.31220344,0.36205244,0.043897316,-0.10367559,0.1790221,0.0,0.0,0.0,1.0,0.0,0.0,0.0,0.0,0.0,0.0,0.0,0.0,0.0,0.0,1,0.8238916,1
3.8896234,1.3486917,1.7986294,2.4269218,1.2164751,0.36205244,-0.010719149,-0.7482683,0.13469939,0.0,0.0,0.0,0.0,0.0,0.0,0.0,0.0,0.0,0.0,0.0,0.0,0.0,1.0,1,0.8929096,1
-0.29366973,1.495366,-0.2728975,2.8778148,1.4920564,-0.61131465,0.6246358,-0.4904312,0.5779266,0.0,0.0,0.0,0.0,0.0,0.0,0.0,0.0,0.0,0.0,0.0,0.0,0.0,1.0,1,0.9711213,1
-0.27285546,1.0553429,0.36006907,2.8569226,5.3891387,0.03759675,-0.0480634,1.7011839,0.31199026,0.0,0.0,0.0,0.0,0.0,0.0,1.0,0.0,0.0,0.0,0.0,0.0,0.0,0.0,1,0.9743872,1
-0.2880464,1.3486917,-0.8483217,1.7607692,0.10408868,1.0109638,0.3274268,-0.8127276,0.15686075,0.0,0.0,0.0,0.0,0.0,0.0,0.0,0.0,1.0,0.0,0.0,0.0,0.0,0.0,0,0.5287223,1
0.063309014,1.495366,-1.0209489,2.85778,-0.5839922,0.03759675,-0.0068035633,-0.8127276,-0.5523028,0.0,0.0,0.0,0.0,0.0,0.0,0.0,0.0,0.0,0.0,1.0,0.0,0.0,0.0,0,0.53338265,1
-0.29118592,1.3486917,0.36006907,3.0190363,1.4030745,1.0109638,-0.04867273,-0.4904312,3.3259354,0.0,0.0,0.0,0.0,0.0,0.0,0.0,0.0,0.0,0.0,0.0,0.0,0.0,1.0,0,0.72553116,1
-0.29068252,-1.73147,-0.15781268,2.8516266,1.7862628,0.6865081,-0.017856104,1.8301024,0.51144254,0.0,1.0,0.0,0.0,0.0,0.0,0.0,0.0,0.0,0.0,0.0,0.0,0.0,0.0,1,0.9988992,1
-0.22162952,-1.5847957,-0.15781268,2.5356293,5.5090566,-1.260226,-0.04820654,0.992132,-1.1728209,1.0,0.0,0.0,0.0,0.0,0.0,0.0,0.0,0.0,0.0,0.0,0.0,0.0,0.0,1,0.87252945,1
-0.27342176,-1.5847957,1.6835446,1.8357698,1.6358778,-0.61131465,-0.032506946,1.8945618,0.93250835,0.0,1.0,0.0,0.0,0.0,0.0,0.0,0.0,0.0,0.0,0.0,0.0,0.0,0.0,1,0.9998141,1
-0.27389535,-1.4381213,-0.15781268,2.8454516,-0.5011664,-0.28685895,0.05028308,-0.683809,-1.3279504,0.0,0.0,0.0,0.0,0.0,1.0,0.0,0.0,0.0,0.0,0.0,0.0,0.0,0.0,0,0.5771063,1
-0.2819495,-1.73147,0.014814562,2.9255435,1.7180108,0.03759675,-0.021176247,1.8301024,1.5973492,0.0,1.0,0.0,0.0,0.0,0.0,0.0,0.0,0.0,0.0,0.0,0.0,0.0,0.0,1,0.99901867,1
-0.2846585,1.0553429,-1.4812882,1.9419017,4.4962354,0.03759675,-0.03944997,0.28308,-0.3306892,1.0,0.0,0.0,0.0,0.0,0.0,0.0,0.0,0.0,0.0,0.0,0.0,0.0,0.0,0,0.94668245,1
-0.2893744,1.3486917,-0.2728975,1.9490929,2.6195824,0.6865081,0.3571641,-0.6193497,0.48928115,0.0,0.0,1.0,0.0,0.0,0.0,0.0,0.0,0.0,0.0,0.0,0.0,0.0,0.0,1,0.9812447,1
-0.27789262,-1.5847957,0.41761148,1.8561728,-0.29603216,-0.28685895,-0.04626967,0.21862076,1.2649288,0.0,0.0,0.0,1.0,0.0,0.0,0.0,0.0,0.0,0.0,0.0,0.0,0.0,0.0,0,0.6849257,1
-0.2533129,1.495366,-0.79077923,1.8215237,0.26074305,0.6865081,-0.030944763,-0.683809,0.0017312241,0.0,0.0,0.0,0.0,0.0,0.0,0.0,0.0,1.0,0.0,0.0,0.0,0.0,0.0,0,0.5739404,1
-0.28061816,1.495366,-0.2153551,2.4808614,0.43250233,0.36205244,-0.047485165,-0.6193497,-0.19772102,0.0,0.0,0.0,0.0,0.0,0.0,0.0,0.0,1.0,0.0,0.0,0.0,0.0,0.0,0,0.7352224,1
1.2954507,-1.5847957,0.18744181,2.3807442,-0.34603125,-1.260226,-0.049319237,0.6698356,0.77737886,0.0,0.0,0.0,1.0,0.0,0.0,0.0,0.0,0.0,0.0,0.0,0.0,0.0,0.0,0,0.6307622,1
-0.21254541,0.46864545,0.41761148,2.8287532,5.5398912,-0.28685895,-0.043624643,-0.10367559,-0.064752854,0.0,0.0,0.0,0.0,0.0,0.0,0.0,1.0,0.0,0.0,0.0,0.0,0.0,0.0,1,0.88537496,1
0.017186455,-1.1447725,-0.6756944,2.1059713,-0.3256533,0.36205244,0.015298421,-0.16813485,1.0876379,0.0,0.0,0.0,1.0,0.0,0.0,0.0,0.0,0.0,0.0,0.0,0.0,0.0,0.0,0,0.65895665,1
0.055682085,1.495366,-0.73323685,2.642344,4.5453444,0.36205244,-0.047133647,1.4433469,-0.13123694,0.0,0.0,0.0,0.0,0.0,0.0,1.0,0.0,0.0,0.0,0.0,0.0,0.0,0.0,0,0.90264875,1
0.75454795,-1.73147,-0.9634065,2.003765,-0.3003415,-0.61131465,-0.04310043,0.41199857,1.6859946,0.0,0.0,0.0,1.0,0.0,0.0,0.0,0.0,0.0,0.0,0.0,0.0,0.0,0.0,0,0.72547007,1
-0.26955697,1.495366,1.050578,2.8173733,1.7519819,1.6598753,0.1861179,1.8301024,0.7995402,0.0,1.0,0.0,0.0,0.0,0.0,0.0,0.0,0.0,0.0,0.0,0.0,0.0,0.0,1,0.99943167,1
-0.28763905,1.495366,1.3958325,2.6761117,-0.0775253,-0.61131465,-0.048674542,-0.36151266,-0.7960777,0.0,0.0,0.0,0.0,1.0,0.0,0.0,0.0,0.0,0.0,0.0,0.0,0.0,0.0,1,0.989412,1
-0.29262653,1.3486917,0.8204084,2.534419,4.8249946,-0.28685895,-0.0488715,0.47645783,-1.0398527,1.0,0.0,0.0,0.0,0.0,0.0,0.0,0.0,0.0,0.0,0.0,0.0,0.0,0.0,1,0.9977189,1
-0.2881888,-1.1447725,-0.042727854,2.819052,1.1958036,0.03759675,-0.032288566,2.0234802,0.37847435,0.0,1.0,0.0,0.0,0.0,0.0,0.0,0.0,0.0,0.0,0.0,0.0,0.0,0.0,1,0.98627937,1
-0.17679852,1.495366,-0.6756944,1.9426378,0.47639364,0.36205244,-0.04511561,-0.683809,0.15686075,0.0,0.0,0.0,0.0,0.0,0.0,0.0,0.0,1.0,0.0,0.0,0.0,0.0,0.0,0,0.70770854,1
-0.29164624,-0.9980982,-0.6756944,1.8706942,-0.45839587,0.03759675,-0.045639955,0.6698356,1.4865423,0.0,0.0,0.0,1.0,0.0,0.0,0.0,0.0,0.0,0.0,0.0,0.0,0.0,0.0,0,0.5770458,1
-0.29393467,1.3486917,-1.0209489,2.184559,-0.55260694,1.0109638,-0.026684647,-0.55489045,-0.13123694,0.0,0.0,0.0,0.0,0.0,0.0,0.0,0.0,0.0,1.0,0.0,0.0,0.0,0.0,0,0.5036765,1
-0.28597987,0.9086686,0.41761148,2.163539,5.4537067,-0.28685895,-0.048869696,1.4433469,-0.68527097,1.0,0.0,0.0,0.0,0.0,0.0,0.0,0.0,0.0,0.0,0.0,0.0,0.0,0.0,1,0.9888575,1
4.053889,-1.8781444,-1.4812882,2.535088,1.0917506,0.6865081,0.018899703,2.0879395,0.26766756,0.0,1.0,0.0,0.0,0.0,0.0,0.0,0.0,0.0,0.0,0.0,0.0,0.0,0.0,1,0.7119976,1
-0.29401082,1.495366,-0.79077923,2.75677,3.6500545,1.9843309,0.028510345,2.5391545,1.9962537,0.0,0.0,0.0,0.0,0.0,0.0,0.0,1.0,0.0,0.0,0.0,0.0,0.0,0.0,0,0.58060646,1
-0.29113623,-1.4381213,1.6835446,2.8521144,-0.30462855,1.9843309,-0.03816727,-0.8127276,-1.6160481,0.0,0.0,0.0,0.0,0.0,1.0,0.0,0.0,0.0,0.0,0.0,0.0,0.0,0.0,0,0.7492436,1
-0.2924775,-1.8781444,-0.38798234,2.568686,-0.3981619,0.03759675,-0.047143485,-0.03921632,0.8217016,0.0,0.0,0.0,1.0,0.0,0.0,0.0,0.0,0.0,0.0,0.0,0.0,0.0,0.0,0,0.7275366,1
-0.29039112,1.3486917,1.2807478,2.9044142,6.7642283,1.0109638,-0.04777586,2.2168581,0.71089476,0.0,0.0,0.0,0.0,0.0,0.0,1.0,0.0,0.0,0.0,0.0,0.0,0.0,0.0,1,0.99810946,1
-0.29114288,-1.5847957,0.30252665,2.4885664,1.6716394,0.6865081,-0.021407112,2.0234802,0.0017312241,0.0,1.0,0.0,0.0,0.0,0.0,0.0,0.0,0.0,0.0,0.0,0.0,0.0,0.0,1,0.9996166,1
-0.27592543,-1.5847957,0.014814562,2.199082,-0.2868326,1.6598753,-0.046910953,-0.2970534,1.3757355,0.0,0.0,0.0,1.0,0.0,0.0,0.0,0.0,0.0,0.0,0.0,0.0,0.0,0.0,0,0.5157414,1
-0.030505868,-0.41140074,-0.2728975,1.8381603,4.3901067,-0.28685895,-0.04724435,0.5409171,-0.7960777,1.0,0.0,0.0,0.0,0.0,0.0,0.0,0.0,0.0,0.0,0.0,0.0,0.0,0.0,0,0.6127403,1
-0.2918615,1.3486917,1.1081204,2.29227,1.7633278,1.0109638,-0.009416768,2.410236,0.99899244,0.0,1.0,0.0,0.0,0.0,0.0,0.0,0.0,0.0,0.0,0.0,0.0,0.0,0.0,1,0.9996081,1
-0.260198,0.46864545,0.30252665,2.324119,4.142043,0.03759675,-0.048280265,0.47645783,-0.57446414,1.0,0.0,0.0,0.0,0.0,0.0,0.0,0.0,0.0,0.0,0.0,0.0,0.0,0.0,1,0.9516066,1
-0.24234442,1.495366,1.453375,2.063665,4.027748,-0.28685895,-0.04337536,0.79875416,-0.8847232,1.0,0.0,0.0,0.0,0.0,0.0,0.0,0.0,0.0,0.0,0.0,0.0,0.0,0.0,1,0.99747854,1
-0.29261658,1.3486917,1.3382901,2.406562,5.37307,-0.61131465,0.4395768,1.3788877,0.26766756,0.0,0.0,0.0,0.0,0.0,0.0,1.0,0.0,0.0,0.0,0.0,0.0,0.0,0.0,1,0.9988708,1
-0.28763905,-1.73147,1.3958325,2.669883,-0.35808343,-0.61131465,-0.037868164,-0.6193497,-1.4387572,0.0,0.0,0.0,0.0,0.0,1.0,0.0,0.0,0.0,0.0,0.0,0.0,0.0,0.0,1,0.883759,1
-0.24234442,-1.5847957,1.453375,2.057869,-0.48148566,-1.260226,-0.048702788,-0.10367559,1.7524787,0.0,0.0,0.0,1.0,0.0,0.0,0.0,0.0,0.0,0.0,0.0,0.0,0.0,0.0,1,0.7285056,1
-0.15236454,-1.4381213,-0.5030672,2.9193468,6.7890754,-0.28685895,-0.049611036,0.60537636,-0.44149598,1.0,0.0,0.0,0.0,0.0,0.0,0.0,0.0,0.0,0.0,0.0,0.0,0.0,0.0,0,0.5042073,1
-0.11471671,1.0553429,-1.0784913,2.59441,4.2808723,-0.93577033,-0.046383742,0.41199857,-0.3306892,0.0,0.0,0.0,0.0,0.0,0.0,0.0,1.0,0.0,0.0,0.0,0.0,0.0,0.0,0,0.5756302,1
-0.29240796,1.495366,-0.9058641,2.8845844,0.34107092,1.0109638,-0.04206355,-0.6193497,-0.08691422,0.0,0.0,0.0,0.0,0.0,0.0,0.0,0.0,1.0,0.0,0.0,0.0,0.0,0.0,0,0.61745524,1
-0.29143098,1.495366,-1.0209489,2.6627133,4.163772,-0.28685895,-0.03653193,1.5078062,-0.28636646,0.0,0.0,0.0,0.0,0.0,0.0,1.0,0.0,0.0,0.0,0.0,0.0,0.0,0.0,1,0.738945,1
-0.27461398,-1.2914469,-1.1360338,1.8363644,-0.49970597,-1.260226,-0.049196333,0.08970222,1.3314129,0.0,0.0,0.0,1.0,0.0,0.0,0.0,0.0,0.0,0.0,0.0,0.0,0.0,0.0,0,0.5819522,1
-0.28823847,1.495366,-0.5030672,2.951865,-0.15213324,1.9843309,0.378999,-0.8127276,1.2206061,0.0,0.0,0.0,0.0,0.0,0.0,0.0,0.0,0.0,0.0,0.0,0.0,1.0,0.0,0,0.66664857,1
-0.28597987,1.495366,0.41761148,2.1646724,5.6588244,1.0109638,28.926926,2.0879395,-0.13123694,0.0,0.0,0.0,0.0,0.0,0.0,1.0,0.0,0.0,0.0,0.0,0.0,0.0,0.0,1,0.93306166,1
-0.27853176,-1.5847957,-0.2153551,2.6499858,5.946982,1.3354195,0.03609654,2.0879395,-0.6187869,0.0,0.0,0.0,0.0,0.0,0.0,1.0,0.0,0.0,0.0,0.0,0.0,0.0,0.0,1,0.9970204,1
-0.2938353,1.495366,0.4751539,2.5415297,3.7436388,0.6865081,-0.036374733,0.15416148,-1.2171437,1.0,0.0,0.0,0.0,0.0,0.0,0.0,0.0,0.0,0.0,0.0,0.0,0.0,0.0,1,0.985973,1
-0.29143098,-1.5847957,-1.0209489,2.6635613,1.1992462,-0.28685895,-0.04464493,1.8301024,0.28982893,0.0,1.0,0.0,0.0,0.0,0.0,0.0,0.0,0.0,0.0,0.0,0.0,0.0,0.0,1,0.9838981,1
-0.28778806,1.3486917,1.2232053,2.1914132,3.33182,0.36205244,0.02956942,-0.4904312,0.44495845,0.0,0.0,1.0,0.0,0.0,0.0,0.0,0.0,0.0,0.0,0.0,0.0,0.0,0.0,1,0.9988054,1
-0.2686893,1.3486917,-0.73323685,2.7765749,4.389855,0.6865081,-0.047734607,0.025242949,0.09037667,0.0,0.0,0.0,0.0,0.0,0.0,0.0,1.0,0.0,0.0,0.0,0.0,0.0,0.0,1,0.8545462,1
0.34435624,1.495366,0.59023875,2.9922662,0.8522352,0.6865081,-0.047381163,-0.8127276,1.3757355,0.0,0.0,0.0,0.0,0.0,0.0,0.0,0.0,1.0,0.0,0.0,0.0,0.0,0.0,0,0.720912,1
-0.2902222,-1.5847957,1.453375,2.185826,-0.24687646,0.6865081,-0.033376295,-0.03921632,0.8881856,0.0,0.0,0.0,1.0,0.0,0.0,0.0,0.0,0.0,0.0,0.0,0.0,0.0,0.0,0,0.575899,1
-0.2933187,1.0553429,0.1298994,2.9779685,4.3570857,0.6865081,-0.024624515,0.60537636,2.195706,0.0,0.0,0.0,0.0,0.0,0.0,0.0,1.0,0.0,0.0,0.0,0.0,0.0,0.0,0,0.86498064,1
-0.29009637,-1.5847957,-1.0209489,1.8897283,-0.40451404,0.36205244,-0.047445584,-0.36151266,1.1319606,0.0,0.0,0.0,1.0,0.0,0.0,0.0,0.0,0.0,0.0,0.0,0.0,0.0,0.0,0,0.62743354,1
-0.24626884,1.495366,0.8204084,2.9989169,1.804538,0.6865081,-0.04196857,1.6367247,2.6610944,0.0,1.0,0.0,0.0,0.0,0.0,0.0,0.0,0.0,0.0,0.0,0.0,0.0,0.0,1,0.9994019,1
-0.22162952,-1.73147,-0.15781268,2.5422046,-0.35868025,-0.28685895,-0.042303476,0.47645783,0.64441067,0.0,0.0,0.0,1.0,0.0,0.0,0.0,0.0,0.0,0.0,0.0,0.0,0.0,0.0,1,0.75822043,1
-0.2852513,1.3486917,-1.1360338,2.0972111,5.397767,0.6865081,0.008757588,1.5722654,0.6887334,0.0,0.0,0.0,0.0,0.0,0.0,1.0,0.0,0.0,0.0,0.0,0.0,0.0,0.0,0,0.9764059,1
-0.17864317,-1.73147,0.1298994,2.629455,-0.31953365,-0.28685895,-0.035720795,-0.8127276,-1.4165958,0.0,0.0,0.0,0.0,0.0,1.0,0.0,0.0,0.0,0.0,0.0,0.0,0.0,0.0,0,0.51664454,1
-0.27193147,1.3486917,1.6260022,2.2047465,5.4614024,0.36205244,-0.049249128,0.47645783,1.0876379,0.0,0.0,0.0,0.0,0.0,0.0,0.0,1.0,0.0,0.0,0.0,0.0,0.0,0.0,1,0.998686,1
-0.29130182,-1.8781444,1.7986294,2.3600543,-0.55781996,-0.61131465,-0.049099833,0.21862076,0.77737886,0.0,0.0,0.0,1.0,0.0,0.0,0.0,0.0,0.0,0.0,0.0,0.0,0.0,0.0,0,0.8669512,1
-0.2715076,-1.4381213,-1.4812882,2.051376,4.8528714,0.6865081,-0.032839667,0.8632134,-0.64094824,1.0,0.0,0.0,0.0,0.0,0.0,0.0,0.0,0.0,0.0,0.0,0.0,0.0,0.0,1,0.96979094,1
-0.28860277,1.495366,-0.73323685,3.03273,-0.314694,0.6865081,0.43942067,-0.55489045,2.129222,0.0,0.0,0.0,0.0,0.0,0.0,0.0,0.0,0.0,0.0,0.0,0.0,1.0,0.0,0,0.64341336,1
0.09000161,1.495366,-1.1360338,2.1580143,6.1402483,0.03759675,-0.04002606,0.6698356,0.7330561,0.0,0.0,0.0,0.0,0.0,0.0,0.0,1.0,0.0,0.0,0.0,0.0,0.0,0.0,0,0.91065127,1
-0.2896592,1.3486917,-0.618152,2.675925,5.9760494,-0.28685895,-0.03195792,2.2168581,-0.5966255,0.0,0.0,0.0,0.0,0.0,0.0,1.0,0.0,0.0,0.0,0.0,0.0,0.0,0.0,1,0.96553636,1
0.607073,1.495366,0.5326963,1.8080933,6.8298044,-0.28685895,-0.02048336,1.8301024,0.66657203,0.0,0.0,0.0,0.0,0.0,0.0,1.0,0.0,0.0,0.0,0.0,0.0,0.0,0.0,1,0.994785,1
-0.29324582,-1.73147,0.1298994,2.138455,-0.23458156,0.36205244,0.015396686,0.6698356,0.9768311,0.0,0.0,0.0,1.0,0.0,0.0,0.0,0.0,0.0,0.0,0.0,0.0,0.0,0.0,0,0.74439377,1
-0.28932473,-1.8781444,2.2014263,1.8151757,-0.52375734,0.03759675,-0.04621397,-0.16813485,1.2427675,0.0,0.0,0.0,1.0,0.0,0.0,0.0,0.0,0.0,0.0,0.0,0.0,0.0,0.0,0,0.88528234,1
-0.2924212,0.9086686,1.9137143,1.8203896,-0.023738042,0.6865081,-0.047597606,-0.4904312,0.1790221,0.0,0.0,0.0,0.0,1.0,0.0,0.0,0.0,0.0,0.0,0.0,0.0,0.0,0.0,1,0.99564207,1
-0.29244107,-0.9980982,-1.0209489,2.456134,-0.48515007,0.36205244,0.010213949,0.025242949,0.44495845,0.0,0.0,0.0,1.0,0.0,0.0,0.0,0.0,0.0,0.0,0.0,0.0,0.0,0.0,0,0.7425424,1
-0.29176217,1.495366,0.07235698,2.3934252,-0.24499486,0.03759675,0.02400265,-0.42597193,-0.24204375,0.0,0.0,0.0,0.0,0.0,0.0,0.0,0.0,0.0,1.0,0.0,0.0,0.0,0.0,1,0.53811693,1
-0.25867128,1.495366,1.2232053,1.902373,5.6786385,0.36205244,1.9407747,0.41199857,0.6887334,0.0,0.0,0.0,0.0,0.0,0.0,0.0,1.0,0.0,0.0,0.0,0.0,0.0,0.0,1,0.9975552,1
-0.29300407,-1.73147,1.050578,2.7372537,1.9374292,0.6865081,-0.031353515,2.2813175,0.112538025,0.0,1.0,0.0,0.0,0.0,0.0,0.0,0.0,0.0,0.0,0.0,0.0,0.0,0.0,1,0.99979,1
2.1999588,1.3486917,0.1298994,2.9650998,-0.25258592,0.03759675,-0.015360353,-0.42597193,1.7524787,0.0,0.0,0.0,0.0,0.0,0.0,0.0,0.0,0.0,0.0,0.0,0.0,1.0,0.0,0,0.50214726,1
-0.28831464,1.3486917,-0.15781268,2.9584422,-0.11041488,2.3087866,4.679576,-0.42597193,0.42279708,0.0,0.0,0.0,0.0,0.0,0.0,0.0,0.0,0.0,1.0,0.0,0.0,0.0,0.0,0,0.62354773,1
-0.24307632,1.3486917,2.143884,2.2048008,5.573789,-0.28685895,-0.048972532,-0.03921632,0.6887334,0.0,0.0,0.0,0.0,0.0,0.0,0.0,1.0,0.0,0.0,0.0,0.0,0.0,0.0,1,0.9987263,1
-0.2905567,0.61531985,0.1298994,2.7147844,3.6603518,1.6598753,-0.039071143,0.5409171,-0.7739164,1.0,0.0,0.0,0.0,0.0,0.0,0.0,0.0,0.0,0.0,0.0,0.0,0.0,0.0,0,0.7443808,1
0.27270684,1.3486917,0.59023875,2.3460355,1.4219394,0.6865081,0.13153848,1.959021,0.8217016,0.0,1.0,0.0,0.0,0.0,0.0,0.0,0.0,0.0,0.0,0.0,0.0,0.0,0.0,1,0.99949837,1
-0.28327087,1.495366,2.3165112,2.8173633,6.0070815,-0.61131465,0.036814567,-0.10367559,-0.17555965,0.0,0.0,0.0,0.0,0.0,0.0,0.0,1.0,0.0,0.0,0.0,0.0,0.0,0.0,1,0.9989279,1
-0.29023546,-0.85142386,-0.73323685,2.9408503,4.2916126,0.03759675,-0.047955267,0.15416148,-0.13123694,1.0,0.0,0.0,0.0,0.0,0.0,0.0,0.0,0.0,0.0,0.0,0.0,0.0,0.0,0,0.8046061,1
-0.26988152,1.495366,0.93549323,1.8822703,1.7416211,0.36205244,-0.018237835,1.5078062,0.9768311,0.0,1.0,0.0,0.0,0.0,0.0,0.0,0.0,0.0,0.0,0.0,0.0,0.0,0.0,1,0.9994912,1
-0.17864317,-1.2914469,0.1298994,2.9870558,-0.32350612,0.36205244,9.752915e-05,-0.03921632,2.9491923,0.0,0.0,0.0,1.0,0.0,0.0,0.0,0.0,0.0,0.0,0.0,0.0,0.0,0.0,0,0.7456929,1
-0.2930173,1.495366,-0.15781268,1.895614,-0.52885157,0.6865081,0.19548655,-0.7482683,1.0433152,0.0,0.0,0.0,0.0,0.0,0.0,0.0,0.0,0.0,0.0,0.0,0.0,1.0,0.0,0,0.6695191,1
-0.2885862,-1.4381213,-1.1935762,2.6435559,-0.27236128,0.03759675,-0.041604564,0.60537636,0.22334483,0.0,0.0,0.0,1.0,0.0,0.0,0.0,0.0,0.0,0.0,0.0,0.0,0.0,0.0,0,0.5462277,1
-0.27127907,1.495366,0.9930356,2.4270825,7.0910063,0.36205244,-0.013158757,2.2813175,-0.21988238,0.0,0.0,0.0,0.0,0.0,0.0,1.0,0.0,0.0,0.0,0.0,0.0,0.0,0.0,1,0.9977041,1
-0.28383386,1.495366,1.7986294,2.6088998,6.011998,0.6865081,-0.017339842,1.6367247,0.112538025,0.0,0.0,0.0,0.0,0.0,0.0,1.0,0.0,0.0,0.0,0.0,0.0,0.0,0.0,1,0.99910814,1
1.3411924,1.3486917,-1.5388306,2.265353,6.387647,0.03759675,-0.0075026047,1.0565913,-0.1533983,0.0,0.0,0.0,0.0,0.0,0.0,1.0,0.0,0.0,0.0,0.0,0.0,0.0,0.0,1,0.94918215,1
-0.289487,1.3486917,0.18744181,2.5345855,-0.073481575,-0.61131465,-0.045074966,-0.42597193,1.8189628,0.0,0.0,0.0,0.0,1.0,0.0,0.0,0.0,0.0,0.0,0.0,0.0,0.0,0.0,0,0.61302966,1
-0.22420274,-1.4381213,-0.6756944,2.6771944,5.504284,1.0109638,-0.019050524,1.6367247,0.1790221,0.0,0.0,0.0,0.0,0.0,0.0,1.0,0.0,0.0,0.0,0.0,0.0,0.0,0.0,1,0.99684864,1
-0.28981817,1.3486917,1.050578,2.5007362,-0.09437955,-0.28685895,1.0354096,-0.4904312,-0.97336864,0.0,0.0,0.0,0.0,0.0,0.0,0.0,0.0,0.0,1.0,0.0,0.0,0.0,0.0,0,0.5205189,1
-0.25690612,1.3486917,-0.2153551,2.7833247,6.739015,-0.28685895,-0.04898677,1.6367247,-0.109075576,0.0,0.0,0.0,0.0,0.0,0.0,1.0,0.0,0.0,0.0,0.0,0.0,0.0,0.0,1,0.94877774,1
-0.2880464,1.495366,-0.8483217,2.3061416,7.015234,0.03759675,-0.040545236,0.15416148,0.42279708,0.0,0.0,0.0,0.0,0.0,0.0,0.0,1.0,0.0,0.0,0.0,0.0,0.0,0.0,0,0.78409034,1
-0.276091,1.0553429,1.3382901,2.6214025,5.4989324,0.36205244,-0.048355237,2.2168581,0.112538025,0.0,0.0,0.0,0.0,0.0,0.0,1.0,0.0,0.0,0.0,0.0,0.0,0.0,0.0,1,0.9986646,1
-0.28597987,1.3486917,0.41761148,2.1645625,6.185651,0.36205244,-0.022438476,0.21862076,-1.0620141,1.0,0.0,0.0,0.0,0.0,0.0,0.0,0.0,0.0,0.0,0.0,0.0,0.0,0.0,1,0.9823814,1
-0.114378914,-1.73147,0.07235698,2.8314779,-0.32234326,1.3354195,-0.045884028,-0.6193497,-1.5938867,0.0,0.0,0.0,0.0,0.0,1.0,0.0,0.0,0.0,0.0,0.0,0.0,0.0,0.0,0,0.50293964,1
-0.28477108,1.3486917,-0.6756944,2.3124044,1.1315421,1.0109638,-0.03780876,-0.7482683,1.0211538,0.0,0.0,0.0,0.0,0.0,0.0,0.0,0.0,0.0,0.0,0.0,0.0,0.0,1.0,1,0.75694406,1
-0.28450614,1.495366,2.2014263,2.8510358,-0.33313096,0.36205244,1.0254616,-0.8127276,-0.46365735,0.0,0.0,0.0,0.0,0.0,0.0,0.0,0.0,0.0,0.0,1.0,0.0,0.0,0.0,0,0.6688871,1
-0.29170254,-1.5847957,0.07235698,2.9862823,1.8449055,0.36205244,-0.03868029,2.0234802,2.328674,0.0,1.0,0.0,0.0,0.0,0.0,0.0,0.0,0.0,0.0,0.0,0.0,0.0,0.0,1,0.9990688,1
-0.29240796,-1.4381213,0.36006907,2.6099913,-0.28597727,-0.61131465,-0.049067575,0.025242949,0.1790221,0.0,0.0,0.0,1.0,0.0,0.0,0.0,0.0,0.0,0.0,0.0,0.0,0.0,0.0,0,0.6242486,1
-0.28258866,-1.4381213,-0.8483217,1.9371803,6.363006,0.03759675,-0.037686244,2.3457766,0.6222493,0.0,0.0,0.0,0.0,0.0,0.0,1.0,0.0,0.0,0.0,0.0,0.0,0.0,0.0,1,0.99704725,1
-0.29366973,-1.5847957,-0.2728975,2.0513096,-0.403517,1.0109638,-0.04570054,-0.16813485,1.6859946,0.0,0.0,0.0,1.0,0.0,0.0,0.0,0.0,0.0,0.0,0.0,0.0,0.0,0.0,0,0.700725,1
-0.28834113,-1.5847957,0.93549323,2.9931793,-0.30930343,1.6598753,0.100243494,-0.6193497,-0.44149598,0.0,0.0,0.0,0.0,0.0,1.0,0.0,0.0,0.0,0.0,0.0,0.0,0.0,0.0,0,0.6712467,1
1.0020142,-0.70474946,-1.1935762,2.9139857,3.9282672,0.03759675,-0.045706928,0.992132,-0.4858187,1.0,0.0,0.0,0.0,0.0,0.0,0.0,0.0,0.0,0.0,0.0,0.0,0.0,0.0,0,0.65113354,1
-0.2883014,-1.5847957,-1.1935762,2.4751792,-0.56341416,-0.28685895,-0.041178133,0.21862076,0.28982893,0.0,0.0,0.0,1.0,0.0,0.0,0.0,0.0,0.0,0.0,0.0,0.0,0.0,0.0,1,0.8452549,1
-0.28580767,-1.1447725,-0.8483217,3.0274901,0.9237475,0.36205244,0.14115532,1.5078062,2.572449,0.0,1.0,0.0,0.0,0.0,0.0,0.0,0.0,0.0,0.0,0.0,0.0,0.0,0.0,0,0.7548363,1
-0.22897163,-0.55807513,-0.618152,2.961539,4.694002,1.9843309,-0.0024360886,0.28308,-0.30852783,1.0,0.0,0.0,0.0,0.0,0.0,0.0,0.0,0.0,0.0,0.0,0.0,0.0,0.0,0,0.82281846,1
-0.29340148,-1.73147,-1.3662034,2.831282,-0.26799428,-0.61131465,-0.047687043,0.025242949,0.48928115,0.0,0.0,0.0,1.0,0.0,0.0,0.0,0.0,0.0,0.0,0.0,0.0,0.0,0.0,0,0.5789508,1
-0.2896327,-1.5847957,0.1298994,2.0444624,-0.42604598,-0.61131465,-0.048556622,-0.16813485,1.6195105,0.0,0.0,0.0,1.0,0.0,0.0,0.0,0.0,0.0,0.0,0.0,0.0,0.0,0.0,0,0.76049376,1
-0.29094416,1.3486917,-1.3662034,2.1846516,4.6894474,-0.28685895,0.07534251,2.0234802,0.046053946,0.0,0.0,0.0,0.0,0.0,0.0,1.0,0.0,0.0,0.0,0.0,0.0,0.0,0.0,1,0.9358937,1
-0.28327087,1.495366,0.24498422,2.1041896,3.2866979,0.03759675,0.00736797,2.5391545,2.195706,1.0,0.0,0.0,0.0,0.0,0.0,0.0,0.0,0.0,0.0,0.0,0.0,0.0,0.0,1,0.9698379,1
-0.25867128,0.3219711,1.2232053,1.9001517,6.5322046,-0.61131465,-0.047157604,0.21862076,0.8217016,0.0,0.0,0.0,0.0,0.0,0.0,0.0,1.0,0.0,0.0,0.0,0.0,0.0,0.0,1,0.972282,1
-0.2719646,-1.1447725,-1.4237459,2.469198,-0.67616314,-0.93577033,-0.046796538,-0.10367559,0.71089476,0.0,0.0,0.0,1.0,0.0,0.0,0.0,0.0,0.0,0.0,0.0,0.0,0.0,0.0,0,0.6788265,1
-0.11278928,1.495366,-0.79077923,2.911511,6.0636196,-0.28685895,-0.0403307,0.5409171,-0.24204375,1.0,0.0,0.0,0.0,0.0,0.0,0.0,0.0,0.0,0.0,0.0,0.0,0.0,0.0,1,0.96500033,1
-0.28652298,1.495366,0.24498422,2.0706272,6.2827225,-0.93577033,-0.018663445,1.7656432,0.15686075,0.0,0.0,0.0,0.0,0.0,0.0,1.0,0.0,0.0,0.0,0.0,0.0,0.0,0.0,1,0.98840904,1
-0.28540695,1.495366,-0.5606096,2.743233,-0.26056573,0.6865081,0.22319584,-0.55489045,-0.5966255,0.0,0.0,0.0,0.0,0.0,0.0,0.0,0.0,0.0,1.0,0.0,0.0,0.0,0.0,0,0.6223893,1
-0.29106006,-1.8781444,0.8779508,2.8511865,-0.3312287,-0.28685895,-0.047552776,-0.7482683,-1.4830799,0.0,0.0,0.0,0.0,0.0,1.0,0.0,0.0,0.0,0.0,0.0,0.0,0.0,0.0,0,0.8855448,1
0.1309115,-1.2914469,-1.0784913,2.3814898,3.901849,-0.28685895,-0.045143064,0.992132,-0.68527097,1.0,0.0,0.0,0.0,0.0,0.0,0.0,0.0,0.0,0.0,0.0,0.0,0.0,0.0,0,0.8629371,1
-0.114378914,1.3486917,0.07235698,2.7228003,0.32458547,-0.28685895,-0.0077512944,-0.683809,-0.30852783,0.0,0.0,0.0,0.0,0.0,0.0,0.0,0.0,1.0,0.0,0.0,0.0,0.0,0.0,0,0.52226245,1
-0.27522334,1.495366,-1.1935762,2.0502808,1.2520424,0.6865081,0.16052067,-0.4904312,1.3314129,0.0,0.0,0.0,0.0,0.0,0.0,0.0,0.0,0.0,0.0,0.0,0.0,0.0,1.0,1,0.9526463,1
-0.276091,1.495366,1.3382901,2.6155272,5.795759,-0.28685895,-0.008588799,2.410236,-0.35285056,0.0,0.0,0.0,0.0,0.0,0.0,1.0,0.0,0.0,0.0,0.0,0.0,0.0,0.0,1,0.9987783,1
-0.28876173,1.0553429,1.1656629,2.3321693,5.8470984,1.9843309,-0.03990008,1.7656432,-0.21988238,0.0,0.0,0.0,0.0,0.0,0.0,1.0,0.0,0.0,0.0,0.0,0.0,0.0,0.0,1,0.9977362,1
-0.29229534,1.495366,-1.308661,2.958799,-0.4038236,2.6332424,3.9893951,-0.4904312,1.7746401,0.0,0.0,0.0,0.0,0.0,0.0,0.0,0.0,0.0,0.0,0.0,0.0,1.0,0.0,0,0.52033305,1
-0.29068252,-1.1447725,-0.15781268,3.0276868,-0.504846,1.0109638,-0.04826289,-0.03921632,3.5032263,0.0,0.0,0.0,1.0,0.0,0.0,0.0,0.0,0.0,0.0,0.0,0.0,0.0,0.0,0,0.6586324,1
-0.2929312,-1.2914469,-1.2511185,1.9641727,3.6751156,0.6865081,-0.04597044,0.3475393,-0.75175506,1.0,0.0,0.0,0.0,0.0,0.0,0.0,0.0,0.0,0.0,0.0,0.0,0.0,0.0,0,0.6899409,1
-0.27193147,-1.73147,1.6260022,2.198851,1.4929245,1.0109638,-0.029869819,2.2813175,1.2206061,0.0,1.0,0.0,0.0,0.0,0.0,0.0,0.0,0.0,0.0,0.0,0.0,0.0,0.0,1,0.9997582,1
-0.29206023,-1.4381213,0.014814562,2.8454583,-0.27241775,-0.28685895,-0.047390196,0.15416148,0.5557652,0.0,0.0,0.0,1.0,0.0,0.0,0.0,0.0,0.0,0.0,0.0,0.0,0.0,0.0,0,0.55691147,1
-0.291739,-1.73147,0.9930356,2.7842567,-0.6707505,-0.93577033,-0.049155723,-0.16813485,0.28982893,0.0,0.0,0.0,1.0,0.0,0.0,0.0,0.0,0.0,0.0,0.0,0.0,0.0,0.0,0,0.7120277,1
-0.2917721,0.46864545,-0.9634065,2.6270607,5.721825,0.6865081,-0.0057233092,0.60537636,-0.46365735,0.0,0.0,0.0,0.0,0.0,0.0,0.0,1.0,0.0,0.0,0.0,0.0,0.0,0.0,0,0.6051537,1
-0.284324,-1.8781444,1.453375,2.0170398,-0.43073773,-1.260226,-0.04894646,0.15416148,1.1097993,0.0,0.0,0.0,1.0,0.0,0.0,0.0,0.0,0.0,0.0,0.0,0.0,0.0,0.0,0,0.81468683,1
-0.28391004,1.3486917,-0.10027027,2.1038728,4.2179985,-0.93577033,-0.049122065,0.41199857,0.8881856,0.0,0.0,0.0,0.0,0.0,0.0,0.0,1.0,0.0,0.0,0.0,0.0,0.0,0.0,1,0.7875943,1
-0.2785119,1.495366,-0.2153551,3.046005,0.4914976,1.0109638,-0.03534854,-0.683809,1.708156,0.0,0.0,0.0,0.0,0.0,0.0,0.0,0.0,1.0,0.0,0.0,0.0,0.0,0.0,0,0.71089965,1
-0.29202047,1.495366,-0.79077923,2.2924778,-0.23135947,1.6598753,0.2225458,-0.2970534,0.7995402,0.0,0.0,0.0,0.0,0.0,0.0,0.0,0.0,0.0,0.0,0.0,0.0,1.0,0.0,0,0.62570083,1
-0.23770799,0.61531985,2.2014263,2.5667121,1.5082419,0.6865081,-0.04802715,2.0879395,0.6887334,0.0,1.0,0.0,0.0,0.0,0.0,0.0,0.0,0.0,0.0,0.0,0.0,0.0,0.0,1,0.9997348,1
0.6198828,-1.4381213,2.2589688,3.027086,-0.19652507,0.03759675,-0.037172724,-0.16813485,3.1708057,0.0,0.0,0.0,1.0,0.0,0.0,0.0,0.0,0.0,0.0,0.0,0.0,0.0,0.0,0,0.57070386,1
-0.28086653,-0.26472637,0.1298994,2.470866,5.537762,0.6865081,-0.040108677,2.410236,-0.17555965,0.0,0.0,0.0,0.0,0.0,0.0,1.0,0.0,0.0,0.0,0.0,0.0,0.0,0.0,1,0.85264933,1
-0.2825456,1.3486917,1.5684597,1.9962279,6.4335847,0.36205244,0.10502032,1.8301024,0.40063572,0.0,0.0,0.0,0.0,0.0,0.0,1.0,0.0,0.0,0.0,0.0,0.0,0.0,0.0,1,0.99906856,1
-0.27389535,1.3486917,-0.15781268,2.8103895,-0.3838502,1.3354195,0.14594485,-0.4904312,0.6222493,0.0,0.0,0.0,0.0,0.0,0.0,0.0,0.0,0.0,0.0,0.0,0.0,1.0,0.0,0,0.6914604,1
-0.28579772,0.61531985,0.18744181,2.1026113,5.288641,0.6865081,0.053970337,0.60537636,0.6222493,0.0,0.0,0.0,0.0,0.0,0.0,0.0,1.0,0.0,0.0,0.0,0.0,0.0,0.0,0,0.7868695,1
-0.2624864,1.3486917,2.6617658,2.4470172,0.89754367,-1.260226,-0.049400765,-0.7482683,-0.30852783,0.0,0.0,0.0,0.0,0.0,0.0,0.0,0.0,1.0,0.0,0.0,0.0,0.0,0.0,0,0.5840254,1
-0.05749652,-1.73147,-0.9058641,2.2391994,5.093991,1.9843309,-0.04222548,0.992132,-0.8625618,1.0,0.0,0.0,0.0,0.0,0.0,0.0,0.0,0.0,0.0,0.0,0.0,0.0,0.0,1,0.97250855,1
-0.29262653,0.3219711,0.8204084,2.532536,1.5211395,-0.93577033,-0.04840383,1.3144283,0.023892585,0.0,1.0,0.0,0.0,0.0,0.0,0.0,0.0,0.0,0.0,0.0,0.0,0.0,0.0,1,0.9991304,1
-0.057920426,1.3486917,-1.1935762,1.7607825,6.309373,-0.61131465,-0.0492402,2.2813175,0.09037667,0.0,0.0,0.0,0.0,0.0,0.0,1.0,0.0,0.0,0.0,0.0,0.0,0.0,0.0,1,0.9644069,1
-0.2918615,1.495366,1.1081204,2.2858322,5.698381,1.0109638,0.7253618,2.2168581,-0.30852783,0.0,0.0,0.0,0.0,0.0,0.0,1.0,0.0,0.0,0.0,0.0,0.0,0.0,0.0,1,0.9989944,1
-0.29106006,1.3486917,0.8779508,2.7296615,2.8825867,-0.28685895,0.059353806,-0.683809,-0.4858187,0.0,0.0,1.0,0.0,0.0,0.0,0.0,0.0,0.0,0.0,0.0,0.0,0.0,0.0,1,0.9985667,1
-0.18105742,1.495366,-1.2511185,2.460839,6.76157,0.03759675,-0.039310493,0.992132,-0.020430136,0.0,0.0,0.0,0.0,0.0,0.0,0.0,1.0,0.0,0.0,0.0,0.0,0.0,0.0,0,0.8997518,1
-0.28845042,1.2020173,-0.042727854,2.76303,0.6597271,1.0109638,-0.047061414,-0.683809,-0.46365735,0.0,0.0,0.0,0.0,0.0,0.0,0.0,0.0,1.0,0.0,0.0,0.0,0.0,0.0,0,0.583979,1
-0.26263213,1.495366,-0.2153551,2.9854486,-0.31555447,-0.28685895,0.20408903,-0.683809,1.0433152,0.0,0.0,0.0,0.0,0.0,0.0,0.0,0.0,0.0,1.0,0.0,0.0,0.0,0.0,0,0.64259624,1
-0.25690612,-1.73147,-0.2153551,2.777472,4.922045,-0.28685895,-0.04467938,0.6698356,-1.1063368,1.0,0.0,0.0,0.0,0.0,0.0,0.0,0.0,0.0,0.0,0.0,0.0,0.0,0.0,1,0.9628398,1
-0.29361674,-1.2914469,1.6260022,2.69767,-0.29540843,0.03759675,-0.044910096,-0.16813485,0.5557652,0.0,0.0,0.0,1.0,0.0,0.0,0.0,0.0,0.0,0.0,0.0,0.0,0.0,0.0,0,0.67810935,1
-0.26955697,-0.55807513,1.050578,2.8134506,1.3237187,0.6865081,-0.044510458,1.5078062,-0.17555965,0.0,1.0,0.0,0.0,0.0,0.0,0.0,0.0,0.0,0.0,0.0,0.0,0.0,0.0,1,0.99876356,1
-0.24307632,-1.4381213,2.143884,2.2060788,1.1561018,0.03759675,-0.04628546,2.0234802,0.66657203,0.0,1.0,0.0,0.0,0.0,0.0,0.0,0.0,0.0,0.0,0.0,0.0,0.0,0.0,1,0.99768674,1
-0.17726217,1.495366,-0.10027027,2.5953765,6.891335,0.03759675,-0.048048064,2.3457766,0.0017312241,0.0,0.0,0.0,0.0,0.0,0.0,1.0,0.0,0.0,0.0,0.0,0.0,0.0,0.0,1,0.9712251,1
-0.28823847,1.495366,-0.5030672,2.0773137,-0.1881462,0.36205244,0.11890343,-0.7482683,-0.109075576,0.0,0.0,0.0,0.0,0.0,0.0,0.0,0.0,0.0,0.0,1.0,0.0,0.0,0.0,1,0.6224293,1
-0.28580767,1.495366,-0.8483217,1.848504,-0.31948197,0.36205244,0.17414397,-0.7482683,0.5779266,0.0,0.0,0.0,0.0,0.0,0.0,0.0,0.0,0.0,0.0,0.0,0.0,1.0,0.0,0,0.5088437,1
-0.2891194,-1.8781444,-0.618152,2.1447947,1.9750197,0.36205244,-0.04090533,1.5722654,1.4422196,0.0,1.0,0.0,0.0,0.0,0.0,0.0,0.0,0.0,0.0,0.0,0.0,0.0,0.0,1,0.9985592,1
-0.26477483,-1.5847957,-1.5388306,2.4009964,1.2034436,0.03759675,-0.042504683,1.3144283,0.48928115,0.0,1.0,0.0,0.0,0.0,0.0,0.0,0.0,0.0,0.0,0.0,0.0,0.0,0.0,1,0.987866,1
-0.28938434,-1.73147,0.64778113,2.8853252,-0.34656438,-0.93577033,-0.043361932,-0.03921632,0.8660243,0.0,0.0,0.0,1.0,0.0,0.0,0.0,0.0,0.0,0.0,0.0,0.0,0.0,0.0,1,0.8029775,1
-0.2935273,1.495366,0.5326963,2.4608185,-0.17571545,1.0109638,0.89679086,-0.8127276,-0.5523028,0.0,0.0,0.0,0.0,0.0,0.0,0.0,0.0,0.0,0.0,1.0,0.0,0.0,0.0,1,0.65020406,1
0.09051162,1.495366,-0.5606096,1.8080684,4.9487367,-0.93577033,-0.044505544,0.60537636,0.42279708,0.0,0.0,0.0,0.0,0.0,0.0,0.0,1.0,0.0,0.0,0.0,0.0,0.0,0.0,0,0.8990662,1
4.929721,1.3486917,0.93549323,2.9584582,4.7415023,0.36205244,0.11142253,0.5409171,-0.5523028,1.0,0.0,0.0,0.0,0.0,0.0,0.0,0.0,0.0,0.0,0.0,0.0,0.0,0.0,1,0.9985045,1
-0.27464047,-1.4381213,-0.10027027,2.0582166,-0.36239254,0.36205244,-0.04396802,0.025242949,1.3314129,0.0,0.0,0.0,1.0,0.0,0.0,0.0,0.0,0.0,0.0,0.0,0.0,0.0,0.0,0,0.6986152,1
-0.27464047,1.495366,-0.10027027,2.608804,-0.39738584,0.6865081,0.17551166,-0.4904312,0.22334483,0.0,0.0,0.0,0.0,0.0,0.0,0.0,0.0,0.0,0.0,0.0,0.0,1.0,0.0,0,0.66390127,1
-0.2914343,1.3486917,-0.6756944,3.0256593,4.8575754,1.3354195,-0.045054756,0.41199857,2.6610944,0.0,0.0,0.0,0.0,0.0,0.0,0.0,1.0,0.0,0.0,0.0,0.0,0.0,0.0,0,0.8034552,1
-0.29114288,-1.5847957,0.30252665,2.4816637,1.7368819,-0.61131465,-0.01848866,2.8614507,0.26766756,0.0,1.0,0.0,0.0,0.0,0.0,0.0,0.0,0.0,0.0,0.0,0.0,0.0,0.0,1,0.9994665,1
0.018216405,1.0553429,-0.79077923,2.9107456,5.983794,0.36205244,-0.006471765,1.5722654,0.33415163,0.0,0.0,0.0,0.0,0.0,0.0,1.0,0.0,0.0,0.0,0.0,0.0,0.0,0.0,0,0.90209746,1
0.09051162,1.495366,2.3740537,2.0234663,6.124832,-0.28685895,-0.04702644,0.6698356,0.31199026,0.0,0.0,0.0,0.0,0.0,0.0,0.0,1.0,0.0,0.0,0.0,0.0,0.0,0.0,1,0.99900514,1
-0.28383386,1.3486917,1.7986294,2.6084402,1.3751003,0.03759675,-0.04297851,2.0879395,0.356313,0.0,1.0,0.0,0.0,0.0,0.0,0.0,0.0,0.0,0.0,0.0,0.0,0.0,0.0,1,0.9991616,1
-0.28856966,1.495366,-1.3662034,2.6087606,5.1439013,2.3087866,0.056413207,-0.16813485,-1.2171437,1.0,0.0,0.0,0.0,0.0,0.0,0.0,0.0,0.0,0.0,0.0,0.0,0.0,0.0,1,0.97430533,1
-0.23094212,-1.4381213,2.546681,2.0581307,1.4647495,-0.28685895,-0.0466309,1.8301024,0.910347,0.0,1.0,0.0,0.0,0.0,0.0,0.0,0.0,0.0,0.0,0.0,0.0,0.0,0.0,1,0.9998398,1
-0.13995877,-1.8781444,0.18744181,2.185237,-0.32095358,-0.93577033,-0.047192995,-0.683809,-1.5717254,0.0,0.0,0.0,0.0,0.0,1.0,0.0,0.0,0.0,0.0,0.0,0.0,0.0,0.0,0,0.6114596,1
-0.29334518,1.0553429,0.7053236,2.513652,5.476598,0.03759675,-0.044567034,2.410236,-0.24204375,0.0,0.0,0.0,0.0,0.0,0.0,1.0,0.0,0.0,0.0,0.0,0.0,0.0,0.0,1,0.99411327,1
3.8169076,-1.73147,0.8204084,2.6026728,-0.67957085,0.03759675,-0.045930885,-0.16813485,0.2455062,0.0,0.0,0.0,1.0,0.0,0.0,0.0,0.0,0.0,0.0,0.0,0.0,0.0,0.0,0,0.5770593,1
-0.29318622,0.7619942,-0.44552475,1.8672217,4.911707,0.03759675,-0.047233082,1.0565913,1.2206061,0.0,0.0,0.0,0.0,0.0,0.0,0.0,1.0,0.0,0.0,0.0,0.0,0.0,0.0,1,0.7376979,1
-0.27800852,0.3219711,0.41761148,1.960698,5.702607,0.03759675,-0.04819061,2.8614507,0.33415163,0.0,0.0,0.0,0.0,0.0,0.0,1.0,0.0,0.0,0.0,0.0,0.0,0.0,0.0,1,0.95172155,1
-0.23394917,-1.8781444,-0.10027027,2.4745054,-0.7018082,0.03759675,-0.008091625,-0.683809,-1.3722731,0.0,0.0,0.0,0.0,0.0,1.0,0.0,0.0,0.0,0.0,0.0,0.0,0.0,0.0,0,0.6873747,1
-0.2930173,-1.4381213,-0.15781268,2.0717666,4.540384,1.6598753,-0.0060040127,0.8632134,-0.6187869,1.0,0.0,0.0,0.0,0.0,0.0,0.0,0.0,0.0,0.0,0.0,0.0,0.0,0.0,1,0.9432285,1
-0.28157857,1.3486917,0.30252665,2.400069,5.2530646,1.0109638,0.029225104,2.5391545,1.6859946,1.0,0.0,0.0,0.0,0.0,0.0,0.0,0.0,0.0,0.0,0.0,0.0,0.0,0.0,1,0.9942781,1
1.698585,-1.8781444,0.18744181,2.9723313,1.5768424,-0.28685895,-0.034410242,1.5078062,1.7746401,0.0,1.0,0.0,0.0,0.0,0.0,0.0,0.0,0.0,0.0,0.0,0.0,0.0,0.0,1,0.99934024,1
-0.18979378,1.3486917,0.1298994,2.8170333,2.417804,0.03759675,-0.0086908275,-0.7482683,-0.57446414,0.0,0.0,1.0,0.0,0.0,0.0,0.0,0.0,0.0,0.0,0.0,0.0,0.0,0.0,0,0.97125626,1
-0.2883014,1.3486917,-1.1935762,2.4807558,6.0322037,0.03759675,0.027107773,1.4433469,-0.6187869,0.0,0.0,0.0,0.0,0.0,0.0,1.0,0.0,0.0,0.0,0.0,0.0,0.0,0.0,1,0.97604793,1
-0.29018578,-1.1447725,-0.33043993,2.5230105,-0.8226621,-0.93577033,-0.047918987,-0.03921632,0.5336039,0.0,0.0,0.0,1.0,0.0,0.0,0.0,0.0,0.0,0.0,0.0,0.0,0.0,0.0,0,0.5708706,1
0.05538734,0.7619942,0.014814562,2.1295805,3.2675092,-0.93577033,-0.04849297,-0.7482683,0.20118347,0.0,0.0,1.0,0.0,0.0,0.0,0.0,0.0,0.0,0.0,0.0,0.0,0.0,0.0,0,0.9229662,1
-0.27342176,1.495366,1.6835446,1.841725,6.6706157,0.6865081,0.17191094,2.0879395,-0.020430136,0.0,0.0,0.0,0.0,0.0,0.0,1.0,0.0,0.0,0.0,0.0,0.0,0.0,0.0,1,0.9991171,1
-0.21254541,1.495366,0.41761148,2.8309429,-0.37932038,1.0109638,1.5572613,-0.6193497,0.13469939,0.0,0.0,0.0,0.0,0.0,0.0,0.0,0.0,0.0,0.0,0.0,0.0,1.0,0.0,1,0.73300004,1
-0.29176548,-1.8781444,-1.2511185,2.9590435,-0.33013597,0.36205244,-0.016817845,-0.16813485,2.2178674,0.0,0.0,0.0,1.0,0.0,0.0,0.0,0.0,0.0,0.0,0.0,0.0,0.0,0.0,1,0.708571,1
-0.2917721,1.3486917,-0.9634065,2.2787013,0.36576322,1.6598753,-0.03712016,-0.683809,-0.08691422,0.0,0.0,0.0,0.0,0.0,0.0,0.0,0.0,1.0,0.0,0.0,0.0,0.0,0.0,1,0.508187,1
-0.276091,-1.8781444,1.3382901,2.6091623,1.3754718,-0.28685895,-0.045273867,2.3457766,0.6887334,0.0,1.0,0.0,0.0,0.0,0.0,0.0,0.0,0.0,0.0,0.0,0.0,0.0,0.0,1,0.9994259,1
-0.27342176,1.3486917,1.6835446,1.8414851,7.010896,-0.28685895,-0.04946584,2.3457766,0.42279708,0.0,0.0,0.0,0.0,0.0,0.0,1.0,0.0,0.0,0.0,0.0,0.0,0.0,0.0,1,0.99876523,1
-0.24785516,-1.8781444,-0.33043993,1.8017263,1.0749303,-1.260226,-0.049465418,2.0879395,0.7330561,0.0,1.0,0.0,0.0,0.0,0.0,0.0,0.0,0.0,0.0,0.0,0.0,0.0,0.0,0,0.553401,1
-0.29327232,-1.5847957,0.4751539,2.232903,-0.39401606,-0.93577033,-0.047175866,-0.23259413,1.7524787,0.0,0.0,0.0,1.0,0.0,0.0,0.0,0.0,0.0,0.0,0.0,0.0,0.0,0.0,0,0.73479533,1
-0.28856632,-1.5847957,-0.10027027,1.916671,-0.4724505,-0.28685895,-0.049022783,0.28308,1.4422196,0.0,0.0,0.0,1.0,0.0,0.0,0.0,0.0,0.0,0.0,0.0,0.0,0.0,0.0,1,0.8076898,1
-0.2883014,1.495366,-1.1935762,2.4808247,5.70855,0.6865081,0.047677014,2.3457766,-0.6187869,0.0,0.0,0.0,0.0,0.0,0.0,1.0,0.0,0.0,0.0,0.0,0.0,0.0,0.0,1,0.98336154,1
-0.29020566,-1.73147,-0.042727854,2.36032,-0.2678751,-0.28685895,-0.044812556,-0.23259413,1.2649288,0.0,0.0,0.0,1.0,0.0,0.0,0.0,0.0,0.0,0.0,0.0,0.0,0.0,0.0,0,0.5529631,1
0.012530153,-1.4381213,-1.5963731,2.764786,-0.36123094,-0.28685895,-0.047358934,0.21862076,0.7995402,0.0,0.0,0.0,1.0,0.0,0.0,0.0,0.0,0.0,0.0,0.0,0.0,0.0,0.0,0,0.75850934,1
-0.28388354,-1.5847957,-0.44552475,2.9324987,-0.30601805,0.36205244,-0.03926412,0.21862076,2.0627377,0.0,0.0,0.0,1.0,0.0,0.0,0.0,0.0,0.0,0.0,0.0,0.0,0.0,0.0,0,0.63678354,1
-0.2868012,-1.73147,-0.73323685,2.8247406,1.4865369,-1.260226,-0.048751462,2.0879395,0.64441067,0.0,1.0,0.0,0.0,0.0,0.0,0.0,0.0,0.0,0.0,0.0,0.0,0.0,0.0,1,0.9961733,1
-0.29345116,-1.4381213,0.30252665,2.5626903,-0.3947539,-1.260226,-0.0489227,-0.16813485,0.112538025,0.0,0.0,0.0,1.0,0.0,0.0,0.0,0.0,0.0,0.0,0.0,0.0,0.0,0.0,0,0.55716,1
-0.28196272,0.9086686,-0.44552475,2.493279,5.8050017,0.03759675,-0.048076697,1.5722654,-0.24204375,0.0,0.0,0.0,0.0,0.0,0.0,1.0,0.0,0.0,0.0,0.0,0.0,0.0,0.0,0,0.8638838,1
-0.28157857,1.495366,0.30252665,2.393604,5.153178,0.36205244,0.004432883,0.6698356,-0.84040046,1.0,0.0,0.0,0.0,0.0,0.0,0.0,0.0,0.0,0.0,0.0,0.0,0.0,0.0,1,0.99503857,1
-0.25688627,1.3486917,0.07235698,2.5949345,6.342118,0.03759675,-0.0212171,1.4433469,-0.50798005,0.0,0.0,0.0,0.0,0.0,0.0,1.0,0.0,0.0,0.0,0.0,0.0,0.0,0.0,0,0.9725301,1
-0.26241356,-1.73147,0.30252665,2.3266518,5.0649114,-0.28685895,-0.0294063,-0.4904312,-0.41933462,0.0,0.0,0.0,0.0,1.0,0.0,0.0,0.0,0.0,0.0,0.0,0.0,0.0,0.0,0,0.78249985,1
-0.29395452,-1.4381213,0.24498422,1.8024837,1.674642,-0.28685895,-0.044724267,1.8945618,0.93250835,0.0,1.0,0.0,0.0,0.0,0.0,0.0,0.0,0.0,0.0,0.0,0.0,0.0,0.0,1,0.9995521,1
-0.27273956,1.495366,-0.33043993,2.5077984,-0.5376272,-0.61131465,8.42915,-0.4904312,0.09037667,0.0,0.0,0.0,0.0,0.0,0.0,0.0,0.0,0.0,0.0,0.0,0.0,1.0,0.0,0,0.59104455,1
-0.2917721,1.495366,-0.9634065,2.2724311,2.1436393,0.03759675,0.057467252,-0.6193497,0.15686075,0.0,0.0,1.0,0.0,0.0,0.0,0.0,0.0,0.0,0.0,0.0,0.0,0.0,0.0,1,0.95566046,1
-0.2533129,1.3486917,-0.79077923,1.8615669,-0.6091693,0.03759675,-0.048378117,-0.42597193,0.26766756,0.0,0.0,0.0,0.0,0.0,0.0,0.0,0.0,0.0,0.0,0.0,0.0,1.0,0.0,1,0.50902814,1
-0.29285502,1.495366,-0.5030672,2.7501223,5.167874,0.36205244,0.42148963,1.8945618,-0.28636646,0.0,0.0,0.0,0.0,0.0,0.0,1.0,0.0,0.0,0.0,0.0,0.0,0.0,0.0,1,0.9872235,1
1.9357684,-1.4381213,1.5684597,2.852252,-0.35243765,0.03759675,-0.03953872,0.21862076,0.910347,0.0,0.0,0.0,1.0,0.0,0.0,0.0,0.0,0.0,0.0,0.0,0.0,0.0,0.0,0,0.8754674,1
0.47767022,-1.5847957,0.07235698,2.3807387,1.5109771,0.36205244,0.022602633,1.8301024,0.5557652,0.0,1.0,0.0,0.0,0.0,0.0,0.0,0.0,0.0,0.0,0.0,0.0,0.0,0.0,1,0.99947315,1
1.0625097,1.495366,-0.6756944,2.6895788,-0.6689951,-0.28685895,-0.045315012,-0.42597193,-1.1728209,0.0,0.0,0.0,0.0,1.0,0.0,0.0,0.0,0.0,0.0,0.0,0.0,0.0,0.0,0,0.53708845,1
-0.2862117,-1.8781444,0.07235698,3.039582,-0.30255714,1.6598753,0.07516931,-0.16813485,3.7691624,0.0,0.0,0.0,1.0,0.0,0.0,0.0,0.0,0.0,0.0,0.0,0.0,0.0,0.0,0,0.5686867,1
-0.26241356,1.3486917,0.30252665,2.8237834,4.547411,1.3354195,-0.03221463,1.5722654,-0.21988238,0.0,0.0,0.0,0.0,0.0,0.0,1.0,0.0,0.0,0.0,0.0,0.0,0.0,0.0,1,0.9327096,1
-0.29110974,1.3486917,0.07235698,2.9449143,-0.2693626,1.6598753,0.45323074,-0.4904312,0.09037667,0.0,0.0,0.0,0.0,1.0,0.0,0.0,0.0,0.0,0.0,0.0,0.0,0.0,0.0,0,0.60778147,1
-0.2533129,-1.73147,-0.79077923,1.8556472,4.1789303,0.6865081,-0.039454125,2.2813175,0.20118347,0.0,0.0,0.0,0.0,0.0,0.0,1.0,0.0,0.0,0.0,0.0,0.0,0.0,0.0,1,0.9875822,1
-0.07200524,1.3486917,0.59023875,1.7943357,6.7185454,0.36205244,0.0028458794,2.0234802,0.20118347,0.0,0.0,0.0,0.0,0.0,0.0,1.0,0.0,0.0,0.0,0.0,0.0,0.0,0.0,1,0.99544984,1
-0.2924775,-1.73147,-0.38798234,2.542125,-0.35546762,-0.61131465,-0.04554745,0.025242949,0.5336039,0.0,0.0,0.0,1.0,0.0,0.0,0.0,0.0,0.0,0.0,0.0,0.0,0.0,0.0,0,0.64985275,1
-0.29258016,1.3486917,0.76286596,2.4738495,5.9353933,1.3354195,-0.04536269,1.5722654,-0.1533983,0.0,0.0,0.0,0.0,0.0,0.0,1.0,0.0,0.0,0.0,0.0,0.0,0.0,0.0,1,0.9974758,1
-0.29095408,1.3486917,1.1081204,1.9626316,-0.35996768,0.36205244,0.10308289,-0.42597193,0.9768311,0.0,0.0,0.0,0.0,0.0,0.0,0.0,0.0,0.0,0.0,0.0,0.0,1.0,0.0,0,0.5576464,1
-0.2891194,1.495366,-0.618152,1.9627535,-0.2590594,2.6332424,0.5567403,-0.8127276,0.33415163,0.0,0.0,0.0,0.0,0.0,0.0,0.0,0.0,0.0,0.0,1.0,0.0,0.0,0.0,0,0.6100266,1
1.9357684,-1.5847957,0.36006907,2.185718,5.261813,0.03759675,-0.023811676,0.41199857,0.77737886,0.0,0.0,0.0,0.0,0.0,0.0,0.0,1.0,0.0,0.0,0.0,0.0,0.0,0.0,0,0.7634419,1
-0.24056934,1.495366,-0.2153551,2.3800206,-0.400545,1.9843309,0.13750316,-0.6193497,0.7552175,0.0,0.0,0.0,0.0,0.0,0.0,0.0,0.0,0.0,0.0,0.0,0.0,1.0,0.0,0,0.6458023,1
-0.2860991,-1.8781444,0.36006907,2.9050028,-0.25679523,0.6865081,-0.021328267,-0.87718683,-1.1728209,0.0,0.0,0.0,0.0,0.0,1.0,0.0,0.0,0.0,0.0,0.0,0.0,0.0,0.0,0,0.7141201,1
-0.28780463,1.3486917,-1.3662034,2.8642406,6.667215,0.03759675,0.45500293,1.0565913,0.046053946,0.0,0.0,0.0,0.0,0.0,0.0,1.0,0.0,0.0,0.0,0.0,0.0,0.0,0.0,1,0.9694938,1
-0.260198,1.3486917,0.30252665,2.3190615,5.570085,-0.93577033,-0.048684485,0.6698356,-1.0841755,1.0,0.0,0.0,0.0,0.0,0.0,0.0,0.0,0.0,0.0,0.0,0.0,0.0,0.0,1,0.99312615,1
0.020501504,1.3486917,1.5684597,1.9491171,4.9735456,0.03759675,-0.005350442,0.47645783,-0.7295937,1.0,0.0,0.0,0.0,0.0,0.0,0.0,0.0,0.0,0.0,0.0,0.0,0.0,0.0,1,0.9988808,1
-0.27461398,1.495366,-1.1360338,1.9560283,-0.6468327,-0.28685895,-0.045992646,-0.55489045,0.66657203,0.0,0.0,0.0,0.0,0.0,0.0,0.0,0.0,0.0,0.0,0.0,0.0,1.0,0.0,0,0.50636786,1
-0.2424239,-1.8781444,-1.1360338,2.003632,-0.25928685,-0.61131465,-0.04668623,0.15416148,1.464381,0.0,0.0,0.0,1.0,0.0,0.0,0.0,0.0,0.0,0.0,0.0,0.0,0.0,0.0,0,0.5417044,1
-0.28465188,-1.4381213,-0.79077923,2.7445216,1.0583565,0.36205244,-0.035168964,1.8301024,0.51144254,0.0,1.0,0.0,0.0,0.0,0.0,0.0,0.0,0.0,0.0,0.0,0.0,0.0,0.0,0,0.8898937,1
-0.22717999,-1.8781444,0.24498422,2.6493635,1.982834,0.03759675,0.015101192,2.1523988,0.28982893,0.0,1.0,0.0,0.0,0.0,0.0,0.0,0.0,0.0,0.0,0.0,0.0,0.0,0.0,1,0.99944264,1
-0.234128,0.9086686,-0.9634065,1.8474338,5.5743446,-0.28685895,-0.011787543,-0.10367559,0.6222493,0.0,0.0,0.0,0.0,0.0,0.0,0.0,1.0,0.0,0.0,0.0,0.0,0.0,0.0,0,0.5993581,1
-0.28652298,-1.73147,0.24498422,1.8422165,-0.2718798,-0.28685895,-0.047900517,0.15416148,0.7330561,0.0,0.0,0.0,1.0,0.0,0.0,0.0,0.0,0.0,0.0,0.0,0.0,0.0,0.0,0,0.6240532,1
-0.28663227,1.3486917,1.7410871,2.4336896,6.489342,0.6865081,-0.0008839778,2.2813175,0.13469939,0.0,0.0,0.0,0.0,0.0,0.0,1.0,0.0,0.0,0.0,0.0,0.0,0.0,0.0,1,0.9991217,1
-0.27643213,-0.9980982,0.4751539,2.7656279,-0.279105,0.6865081,-0.040528886,0.21862076,0.7995402,0.0,0.0,0.0,1.0,0.0,0.0,0.0,0.0,0.0,0.0,0.0,0.0,0.0,0.0,0,0.6086753,1
-0.29401082,-0.118052006,-0.79077923,2.208711,1.2606174,-0.28685895,-0.0458404,-0.8127276,0.9546697,0.0,0.0,0.0,0.0,0.0,0.0,0.0,0.0,0.0,0.0,0.0,0.0,0.0,1.0,0,0.5138788,1
-0.28493667,-1.73147,0.4751539,2.4008482,-0.24461004,-0.61131465,-0.040022988,0.15416148,0.9768311,0.0,0.0,0.0,1.0,0.0,0.0,0.0,0.0,0.0,0.0,0.0,0.0,0.0,0.0,0,0.5573017,1
0.020501504,1.495366,1.5684597,1.9495345,6.0923204,0.6865081,-0.04143229,1.3788877,-0.08691422,0.0,0.0,0.0,0.0,0.0,0.0,1.0,0.0,0.0,0.0,0.0,0.0,0.0,0.0,1,0.99915683,1
1.9357684,-1.5847957,-0.5606096,2.7980042,1.6304039,-0.28685895,-0.014069213,2.0234802,0.48928115,0.0,1.0,0.0,0.0,0.0,0.0,0.0,0.0,0.0,0.0,0.0,0.0,0.0,0.0,1,0.99846256,1
-0.28938764,-1.73147,-0.5030672,2.9593132,-0.331409,0.36205244,0.004472983,0.21862076,2.2400286,0.0,0.0,0.0,1.0,0.0,0.0,0.0,0.0,0.0,0.0,0.0,0.0,0.0,0.0,0,0.7842481,1
-0.28579772,-1.8781444,0.18744181,2.7032213,-0.29162833,0.36205244,-0.02255267,-1.0061053,-1.3501117,0.0,0.0,0.0,0.0,0.0,1.0,0.0,0.0,0.0,0.0,0.0,0.0,0.0,0.0,0,0.6183122,1
-0.29302725,1.3486917,0.07235698,2.4738274,-0.2352012,1.9843309,0.89992785,-0.7482683,-0.46365735,0.0,0.0,0.0,0.0,1.0,0.0,0.0,0.0,0.0,0.0,0.0,0.0,0.0,0.0,0,0.58433795,1
-0.11471671,0.3219711,-1.0784913,2.0077045,5.905181,-0.28685895,-0.046617907,0.992132,1.154122,0.0,0.0,0.0,0.0,0.0,0.0,0.0,1.0,0.0,0.0,0.0,0.0,0.0,0.0,0,0.5884552,1
-0.2924212,1.2020173,1.9137143,1.8210558,6.739546,1.0109638,-0.038487375,1.6367247,0.93250835,0.0,0.0,0.0,0.0,0.0,0.0,1.0,0.0,0.0,0.0,0.0,0.0,0.0,0.0,1,0.9987741,1
-0.24626884,1.495366,0.8204084,2.9989524,4.809371,1.0109638,0.18062553,0.60537636,0.2455062,1.0,0.0,0.0,0.0,0.0,0.0,0.0,0.0,0.0,0.0,0.0,0.0,0.0,0.0,1,0.99832064,1
-0.14413156,-1.2914469,0.24498422,2.8525455,-0.47492784,1.6598753,-0.0033162474,-0.10367559,0.40063572,0.0,0.0,0.0,1.0,0.0,0.0,0.0,0.0,0.0,0.0,0.0,0.0,0.0,0.0,0,0.78887457,1
4.053889,1.3486917,-0.44552475,2.75659,5.8337154,1.9843309,-0.021260394,0.15416148,-0.3750119,0.0,0.0,0.0,0.0,0.0,0.0,0.0,1.0,0.0,0.0,0.0,0.0,0.0,0.0,0,0.60124594,1
-0.29244438,1.3486917,0.41761148,2.1846173,4.6535983,-0.28685895,-0.0454309,0.47645783,1.3092515,0.0,0.0,0.0,0.0,0.0,0.0,0.0,1.0,0.0,0.0,0.0,0.0,0.0,0.0,1,0.9859591,1
-0.28998706,1.495366,0.07235698,2.9453173,-0.20035096,2.3087866,-7.7892524e-05,-0.8127276,0.1790221,0.0,0.0,0.0,0.0,0.0,0.0,0.0,0.0,0.0,0.0,1.0,0.0,0.0,0.0,0,0.5645443,1
-0.2745345,1.2020173,0.014814562,2.7226908,1.569489,0.03759675,-0.003769107,-0.4904312,0.5779266,0.0,0.0,0.0,0.0,0.0,0.0,0.0,0.0,0.0,0.0,0.0,0.0,0.0,1.0,0,0.7787962,1
0.055682085,-1.4381213,-0.73323685,1.7622622,4.2232733,0.03759675,-0.036768574,2.5391545,2.7719014,0.0,0.0,0.0,0.0,0.0,0.0,0.0,1.0,0.0,0.0,0.0,0.0,0.0,0.0,1,0.99838364,1
-0.2891823,1.3486917,-1.1360338,2.009614,-0.15683566,0.6865081,5.462612,-0.36151266,0.0682153,0.0,0.0,0.0,0.0,0.0,0.0,0.0,0.0,0.0,0.0,1.0,0.0,0.0,0.0,0,0.507016,1
-0.28871536,1.0553429,-0.73323685,2.9914043,6.136773,1.6598753,-0.032528833,2.0234802,1.8854469,0.0,0.0,0.0,0.0,0.0,0.0,1.0,0.0,0.0,0.0,0.0,0.0,0.0,0.0,0,0.86560255,1
-0.2906163,1.495366,-1.4237459,2.6087992,6.6682224,0.36205244,0.010554125,2.3457766,-0.21988238,0.0,0.0,0.0,0.0,0.0,0.0,1.0,0.0,0.0,0.0,0.0,0.0,0.0,0.0,1,0.9811298,1
3.8896234,-1.8781444,1.7986294,2.3264506,0.23555265,-0.28685895,-0.04822661,0.6698356,1.3092515,0.0,0.0,0.0,1.0,0.0,0.0,0.0,0.0,0.0,0.0,0.0,0.0,0.0,0.0,0,0.52829164,1
-0.29227218,-1.8781444,0.36006907,1.9293861,5.4688478,0.03759675,0.003000845,-0.4904312,-0.41933462,0.0,0.0,0.0,0.0,1.0,0.0,0.0,0.0,0.0,0.0,0.0,0.0,0.0,0.0,0,0.86154765,1
-0.28845042,-1.73147,-0.042727854,1.8759618,-0.2770618,-0.61131465,-0.04600913,0.6698356,1.5087037,0.0,0.0,0.0,1.0,0.0,0.0,0.0,0.0,0.0,0.0,0.0,0.0,0.0,0.0,0,0.5517471,1
-0.29142106,-1.8781444,0.93549323,1.8152463,-0.2888612,-0.61131465,-0.033527415,-0.23259413,1.3978969,0.0,0.0,0.0,1.0,0.0,0.0,0.0,0.0,0.0,0.0,0.0,0.0,0.0,0.0,0,0.7250683,1
-0.29215625,1.495366,-1.3662034,2.7770946,4.2820582,1.0109638,-0.0002700125,0.5409171,-0.97336864,1.0,0.0,0.0,0.0,0.0,0.0,0.0,0.0,0.0,0.0,0.0,0.0,0.0,0.0,1,0.98133904,1
-0.2819495,-0.9980982,0.014814562,2.99424,-0.3625489,1.6598753,-0.0446073,0.15416148,3.370258,0.0,0.0,0.0,1.0,0.0,0.0,0.0,0.0,0.0,0.0,0.0,0.0,0.0,0.0,0,0.55630124,1
-0.2792206,-0.118052006,-1.0784913,1.9530963,7.2928815,-0.28685895,-0.049260043,2.3457766,0.64441067,0.0,0.0,0.0,0.0,0.0,0.0,1.0,0.0,0.0,0.0,0.0,0.0,0.0,0.0,0,0.74210626,1
-0.12581103,1.495366,-0.73323685,2.3195148,6.224707,0.03759675,0.022579296,1.3788877,0.28982893,0.0,0.0,0.0,0.0,0.0,0.0,1.0,0.0,0.0,0.0,0.0,0.0,0.0,0.0,0,0.9782964,1
-0.29366973,-1.8781444,-0.2728975,1.9766576,-0.21596456,0.36205244,0.20244046,-0.16813485,1.4422196,0.0,0.0,0.0,1.0,0.0,0.0,0.0,0.0,0.0,0.0,0.0,0.0,0.0,0.0,0,0.64022225,1
-0.29176217,-1.5847957,0.07235698,2.6027846,-0.2676948,1.0109638,-0.036060445,-0.16813485,1.0433152,0.0,0.0,0.0,1.0,0.0,0.0,0.0,0.0,0.0,0.0,0.0,0.0,0.0,0.0,0,0.66580504,1
-0.26477483,-1.73147,-1.5388306,2.3939705,4.734312,-1.260226,-0.049146116,0.5409171,-1.0841755,1.0,0.0,0.0,0.0,0.0,0.0,0.0,0.0,0.0,0.0,0.0,0.0,0.0,0.0,1,0.9858994,1
-0.29110974,1.495366,0.07235698,2.94516,-0.23190817,1.6598753,0.003791257,-0.42597193,1.5530264,0.0,0.0,0.0,0.0,0.0,0.0,0.0,0.0,0.0,0.0,0.0,0.0,1.0,0.0,0,0.640713,1
-0.29206684,0.3219711,2.6617658,2.1962538,2.031007,0.6865081,-0.03180521,-0.683809,0.15686075,0.0,0.0,1.0,0.0,0.0,0.0,0.0,0.0,0.0,0.0,0.0,0.0,0.0,0.0,0,0.82340974,1
-0.2862117,1.495366,0.07235698,2.279119,-0.281974,0.03759675,1.5515683,-0.42597193,-0.08691422,0.0,0.0,0.0,0.0,1.0,0.0,0.0,0.0,0.0,0.0,0.0,0.0,0.0,0.0,0,0.70402825,1
-0.28995395,1.495366,0.8779508,1.7678391,0.049376886,1.0109638,0.12266316,-0.4904312,-0.064752854,0.0,0.0,0.0,0.0,0.0,0.0,0.0,0.0,0.0,1.0,0.0,0.0,0.0,0.0,0,0.6714255,1
-0.289487,1.2020173,0.18744181,1.9556049,-0.16592708,0.6865081,0.056997094,-0.4904312,-0.28636646,0.0,0.0,0.0,0.0,1.0,0.0,0.0,0.0,0.0,0.0,0.0,0.0,0.0,0.0,0,0.54257095,1
-0.05749652,-1.73147,-0.9058641,2.2461193,1.465128,-0.61131465,-0.037864197,1.5722654,1.0211538,0.0,1.0,0.0,0.0,0.0,0.0,0.0,0.0,0.0,0.0,0.0,0.0,0.0,0.0,1,0.9960354,1
-0.17726217,-1.5847957,-0.10027027,2.5828273,5.159712,-0.28685895,-0.029775761,0.5409171,-0.9512073,1.0,0.0,0.0,0.0,0.0,0.0,0.0,0.0,0.0,0.0,0.0,0.0,0.0,0.0,1,0.9277043,1
-0.2917721,-1.5847957,-0.9634065,2.636554,-0.32810825,-0.61131465,-0.040550683,-0.16813485,0.28982893,0.0,0.0,0.0,1.0,0.0,0.0,0.0,0.0,0.0,0.0,0.0,0.0,0.0,0.0,0,0.5680235,1
-0.29388168,1.495366,-0.618152,3.0327668,1.075869,2.6332424,-0.015643032,-0.683809,2.7054172,0.0,0.0,0.0,0.0,0.0,0.0,0.0,0.0,0.0,0.0,0.0,0.0,0.0,1.0,0,0.70740527,1
-0.28579772,0.46864545,0.18744181,2.512581,7.5245204,-0.28685895,-0.047842693,2.2168581,-0.08691422,0.0,0.0,0.0,0.0,0.0,0.0,1.0,0.0,0.0,0.0,0.0,0.0,0.0,0.0,0,0.5082824,1
-0.07200524,-0.55807513,0.18744181,2.2416055,4.698093,1.0109638,-0.039641082,0.21862076,1.1097993,0.0,0.0,0.0,0.0,0.0,0.0,0.0,1.0,0.0,0.0,0.0,0.0,0.0,0.0,0,0.61932933,1
4.9906964,1.495366,-0.10027027,1.989652,0.7072593,-0.28685895,-0.018919215,-0.683809,0.13469939,0.0,0.0,0.0,0.0,0.0,0.0,0.0,0.0,1.0,0.0,0.0,0.0,0.0,0.0,0,0.76318145,1
-0.28061816,-0.26472637,-0.2153551,2.073882,0.26569134,1.0109638,-0.043433398,-0.8127276,0.40063572,0.0,0.0,0.0,0.0,0.0,0.0,0.0,0.0,1.0,0.0,0.0,0.0,0.0,0.0,1,0.5647912,1
-0.28597987,-1.73147,0.41761148,2.1584923,1.6167772,0.03759675,-0.041561406,1.3144283,1.0654765,0.0,1.0,0.0,0.0,0.0,0.0,0.0,0.0,0.0,0.0,0.0,0.0,0.0,0.0,1,0.9995115,1
-0.29215625,1.495366,-0.8483217,2.8847253,-0.3272751,2.957698,2.245922,-0.42597193,0.51144254,0.0,0.0,0.0,0.0,0.0,0.0,0.0,0.0,0.0,0.0,0.0,0.0,1.0,0.0,0,0.63849,1
-0.18523684,1.495366,-0.79077923,2.851142,0.3342087,1.9843309,0.03356373,-0.7482683,0.13469939,0.0,0.0,0.0,0.0,0.0,0.0,0.0,0.0,1.0,0.0,0.0,0.0,0.0,0.0,0,0.63984156,1
-0.2568962,1.3486917,0.93549323,2.9449964,-0.24438827,-0.61131465,0.06389421,-0.7482683,0.40063572,0.0,0.0,0.0,0.0,0.0,0.0,0.0,0.0,0.0,1.0,0.0,0.0,0.0,0.0,0,0.51852125,1
-0.2862117,0.9086686,0.07235698,2.9171479,4.8846793,-0.28685895,-0.040914454,0.79875416,-0.39717326,1.0,0.0,0.0,0.0,0.0,0.0,0.0,0.0,0.0,0.0,0.0,0.0,0.0,0.0,0,0.9723961,1
0.607073,-1.5847957,0.5326963,1.8021003,1.6216649,-1.260226,-0.048938364,1.3144283,0.9768311,0.0,1.0,0.0,0.0,0.0,0.0,0.0,0.0,0.0,0.0,0.0,0.0,0.0,0.0,1,0.99968946,1
-0.28742048,-1.5847957,0.1298994,2.1923418,-0.3252676,-0.28685895,-0.039253525,0.025242949,1.0876379,0.0,0.0,0.0,1.0,0.0,0.0,0.0,0.0,0.0,0.0,0.0,0.0,0.0,0.0,0,0.7297841,1
-0.0056314114,-1.5847957,-0.79077923,2.293355,-0.26897267,0.03759675,-0.047302134,0.025242949,0.6887334,0.0,0.0,0.0,1.0,0.0,0.0,0.0,0.0,0.0,0.0,0.0,0.0,0.0,0.0,0,0.5432707,1
-0.28817886,-1.8781444,-0.10027027,2.7099211,-0.5659115,-0.93577033,-0.047405202,-0.87718683,-1.4165958,0.0,0.0,0.0,0.0,0.0,1.0,0.0,0.0,0.0,0.0,0.0,0.0,0.0,0.0,0,0.50291485,1
-0.22162952,1.3486917,-0.38798234,2.971802,-0.35317108,1.0109638,0.1778893,-0.683809,0.99899244,0.0,0.0,0.0,0.0,0.0,0.0,0.0,0.0,0.0,1.0,0.0,0.0,0.0,0.0,0,0.5071226,1
-0.26857007,-1.8781444,0.8204084,1.7748255,1.74477,-0.93577033,0.017259303,2.0234802,1.0433152,0.0,1.0,0.0,0.0,0.0,0.0,0.0,0.0,0.0,0.0,0.0,0.0,0.0,0.0,1,0.9996666,1
-0.28383386,0.17529672,1.7986294,2.6061735,6.802455,-0.61131465,-0.043136247,2.8614507,0.09037667,0.0,0.0,0.0,0.0,0.0,0.0,1.0,0.0,0.0,0.0,0.0,0.0,0.0,0.0,1,0.97886014,1
2.4933622,1.495366,0.59023875,1.9763286,5.022621,0.03759675,-0.033483,0.41199857,0.1790221,0.0,0.0,0.0,0.0,0.0,0.0,0.0,1.0,0.0,0.0,0.0,0.0,0.0,0.0,1,0.9948683,1
-0.28465188,-0.85142386,-0.79077923,2.6714962,1.035621,0.6865081,-0.046897393,1.8945618,0.5336039,0.0,1.0,0.0,0.0,0.0,0.0,0.0,0.0,0.0,0.0,0.0,0.0,0.0,0.0,0,0.5530073,1
1.698585,1.3486917,0.18744181,2.9717047,4.8551345,-0.61131465,-0.041025404,1.4433469,1.5973492,0.0,0.0,0.0,0.0,0.0,0.0,1.0,0.0,0.0,0.0,0.0,0.0,0.0,0.0,1,0.9472488,1
-0.28736088,-1.73147,0.59023875,2.8784912,-0.38777658,-0.28685895,-0.043450862,0.28308,1.0433152,0.0,0.0,0.0,1.0,0.0,0.0,0.0,0.0,0.0,0.0,0.0,0.0,0.0,0.0,0,0.8265162,1
-0.28981817,-1.4381213,1.050578,2.6636498,-0.3175293,0.03759675,-0.042216472,-0.42597193,0.910347,0.0,0.0,0.0,1.0,0.0,0.0,0.0,0.0,0.0,0.0,0.0,0.0,0.0,0.0,0,0.7566755,1
-0.29229534,-1.8781444,-1.308661,2.8647141,-0.31627712,1.3354195,0.18024331,0.025242949,1.0876379,0.0,0.0,0.0,1.0,0.0,0.0,0.0,0.0,0.0,0.0,0.0,0.0,0.0,0.0,0,0.85199827,1
-0.28169116,1.3486917,-0.618152,2.8575544,0.64881784,2.6332424,-0.04650891,-0.6193497,0.023892585,0.0,0.0,0.0,0.0,0.0,0.0,0.0,0.0,1.0,0.0,0.0,0.0,0.0,0.0,0,0.57224333,1
-0.28871536,1.3486917,-0.73323685,2.1039505,0.60385334,1.9843309,-0.020965703,-0.6193497,0.2455062,0.0,0.0,0.0,0.0,0.0,0.0,0.0,0.0,1.0,0.0,0.0,0.0,0.0,0.0,0,0.6634323,1
-0.29260334,-1.1447725,0.36006907,2.973707,-0.33240855,2.3087866,-0.04358784,-0.10367559,2.683256,0.0,0.0,0.0,1.0,0.0,0.0,0.0,0.0,0.0,0.0,0.0,0.0,0.0,0.0,0,0.5263517,1
-0.27445835,-1.8781444,0.1298994,2.0238352,-0.34199542,0.36205244,-0.048155177,-0.8127276,-1.4165958,0.0,0.0,0.0,0.0,0.0,1.0,0.0,0.0,0.0,0.0,0.0,0.0,0.0,0.0,0,0.5665858,1
0.4436421,1.495366,0.9930356,2.0906794,5.2420797,-0.61131465,-0.048894774,1.7656432,0.6887334,0.0,0.0,0.0,0.0,0.0,0.0,1.0,0.0,0.0,0.0,0.0,0.0,0.0,0.0,1,0.9982703,1
-0.29223904,1.495366,0.36006907,2.5212991,0.5068925,0.6865081,-0.018161938,-0.7482683,-0.2642051,0.0,0.0,0.0,0.0,0.0,0.0,0.0,0.0,1.0,0.0,0.0,0.0,0.0,0.0,0,0.7357195,1
-0.2889505,1.3486917,-0.5030672,2.9517336,0.2626015,-0.28685895,0.025413431,-0.7482683,1.0654765,0.0,0.0,0.0,0.0,0.0,0.0,0.0,0.0,1.0,0.0,0.0,0.0,0.0,0.0,0,0.5422571,1
-0.29258016,1.495366,0.76286596,2.4674761,6.037409,-0.61131465,0.007651883,2.2813175,0.023892585,0.0,0.0,0.0,0.0,0.0,0.0,1.0,0.0,0.0,0.0,0.0,0.0,0.0,0.0,1,0.99766076,1
-0.29324582,-1.73147,0.1298994,2.817876,-0.29151016,-0.28685895,-0.04642152,-0.683809,-1.4165958,0.0,0.0,0.0,0.0,0.0,1.0,0.0,0.0,0.0,0.0,0.0,0.0,0.0,0.0,0,0.50816226,1
-0.26656646,-1.5847957,-1.1935762,2.4143808,3.848285,-0.93577033,-0.04655674,0.5409171,-1.0398527,1.0,0.0,0.0,0.0,0.0,0.0,0.0,0.0,0.0,0.0,0.0,0.0,0.0,0.0,0,0.8675646,1
-0.2755545,-1.73147,0.8204084,2.2324893,1.3257496,0.6865081,-0.044835817,1.5722654,0.44495845,0.0,1.0,0.0,0.0,0.0,0.0,0.0,0.0,0.0,0.0,0.0,0.0,0.0,0.0,1,0.99957556,1
-0.28335696,1.495366,2.4891384,2.9248881,-0.39897737,-0.28685895,0.3489643,-0.55489045,-0.13123694,0.0,0.0,0.0,0.0,0.0,0.0,0.0,0.0,0.0,1.0,0.0,0.0,0.0,0.0,0,0.5395936,1
-0.28763905,1.495366,1.3958325,2.669421,5.1780877,-0.61131465,-0.048592724,2.8614507,0.0682153,0.0,0.0,0.0,0.0,0.0,0.0,1.0,0.0,0.0,0.0,0.0,0.0,0.0,0.0,1,0.9972153,1
-0.22897163,-1.8781444,-0.618152,2.8781517,0.9446467,-0.28685895,-0.020159641,1.1855098,0.84386295,0.0,1.0,0.0,0.0,0.0,0.0,0.0,0.0,0.0,0.0,0.0,0.0,0.0,0.0,0,0.5003308,1
-0.29160982,-1.5847957,0.07235698,2.522287,5.363686,-0.28685895,-0.04464842,0.992132,-1.1506596,1.0,0.0,0.0,0.0,0.0,0.0,0.0,0.0,0.0,0.0,0.0,0.0,0.0,0.0,1,0.8789158,1
-0.28092948,-1.5847957,-0.2153551,2.94616,3.8597968,1.3354195,-0.044567835,0.28308,-0.30852783,1.0,0.0,0.0,0.0,0.0,0.0,0.0,0.0,0.0,0.0,0.0,0.0,0.0,0.0,0,0.7756686,1
-0.28871536,1.495366,-0.73323685,2.8509245,-0.5749362,1.3354195,-0.043557405,-0.4904312,-0.4858187,0.0,0.0,0.0,0.0,0.0,0.0,0.0,0.0,0.0,0.0,1.0,0.0,0.0,0.0,0,0.5303751,1
-0.29324913,1.2020173,2.546681,2.0429387,0.6309885,-0.28685895,-0.046734426,-0.683809,0.51144254,0.0,0.0,0.0,0.0,0.0,0.0,0.0,0.0,1.0,0.0,0.0,0.0,0.0,0.0,0,0.55304027,1
-0.26492053,-1.8781444,-1.0209489,2.8244705,4.074766,-0.61131465,-0.04107586,-0.4904312,-0.84040046,0.0,0.0,0.0,0.0,1.0,0.0,0.0,0.0,0.0,0.0,0.0,0.0,0.0,0.0,0,0.96037745,1
-0.2934412,1.495366,-1.2511185,3.052768,-0.3987796,-0.28685895,0.07267315,-0.4904312,1.8189628,0.0,0.0,0.0,0.0,0.0,0.0,0.0,0.0,0.0,1.0,0.0,0.0,0.0,0.0,0,0.5248573,1
-0.2742729,1.495366,-0.618152,2.8643522,0.8123193,1.0109638,-0.046789788,-0.9416461,0.1790221,0.0,0.0,0.0,0.0,0.0,0.0,0.0,0.0,1.0,0.0,0.0,0.0,0.0,0.0,0,0.54383296,1
-0.2924212,-1.73147,1.9137143,2.804547,-0.49467745,-0.28685895,-0.029615523,-0.03921632,0.46711978,0.0,0.0,0.0,1.0,0.0,0.0,0.0,0.0,0.0,0.0,0.0,0.0,0.0,0.0,0,0.8855921,1
-0.26271492,-1.8781444,-1.1360338,2.2860634,1.5581917,-0.61131465,-0.04171055,2.1523988,0.44495845,0.0,1.0,0.0,0.0,0.0,0.0,0.0,0.0,0.0,0.0,0.0,0.0,0.0,0.0,1,0.9971527,1
-0.27901196,1.495366,-1.0209489,1.8149732,-0.5100391,1.0109638,0.077191584,-0.683809,0.9546697,0.0,0.0,0.0,0.0,0.0,0.0,0.0,0.0,0.0,0.0,0.0,0.0,1.0,0.0,0,0.55081654,1
-0.29379225,1.3486917,0.4751539,2.292208,1.7173982,0.6865081,0.13289511,2.0234802,1.0876379,0.0,1.0,0.0,0.0,0.0,0.0,0.0,0.0,0.0,0.0,0.0,0.0,0.0,0.0,1,0.99951136,1
-0.26999742,1.495366,-0.9634065,1.79467,0.780217,0.03759675,-0.032212242,-0.683809,1.5973492,0.0,0.0,0.0,0.0,0.0,0.0,0.0,0.0,0.0,0.0,0.0,0.0,0.0,1.0,0,0.6823377,1
-0.2825456,-1.4381213,1.5684597,1.9909642,1.5971074,-0.28685895,-0.04510854,1.5722654,0.40063572,0.0,1.0,0.0,0.0,0.0,0.0,0.0,0.0,0.0,0.0,0.0,0.0,0.0,0.0,1,0.9998265,1
-0.2819495,0.61531985,-0.79077923,2.7482853,5.4588065,-0.61131465,0.26038936,1.0565913,0.37847435,0.0,0.0,0.0,0.0,0.0,0.0,0.0,1.0,0.0,0.0,0.0,0.0,0.0,0.0,0,0.6691026,1
-0.24234442,1.3486917,1.453375,2.0701134,5.3440785,-0.28685895,-0.04764933,0.47645783,0.5557652,0.0,0.0,0.0,0.0,0.0,0.0,0.0,1.0,0.0,0.0,0.0,0.0,0.0,0.0,1,0.9987569,1
-0.29262653,1.3486917,0.8204084,2.191404,0.6756706,0.36205244,0.36345932,-0.7482683,0.26766756,0.0,0.0,0.0,0.0,0.0,0.0,0.0,0.0,1.0,0.0,0.0,0.0,0.0,0.0,0,0.84256953,1
-0.28765228,0.3219711,1.5109174,3.01015,2.7652307,-0.28685895,-0.048078083,-0.4904312,1.708156,0.0,0.0,1.0,0.0,0.0,0.0,0.0,0.0,0.0,0.0,0.0,0.0,0.0,0.0,0,0.9717932,1
-0.260198,1.495366,0.30252665,2.3262575,4.5548463,0.6865081,-0.021652376,2.0234802,0.40063572,0.0,0.0,0.0,0.0,0.0,0.0,1.0,0.0,0.0,0.0,0.0,0.0,0.0,0.0,1,0.9749073,1
0.017186455,-1.1447725,-0.6756944,2.1932595,-0.6439038,0.6865081,-0.040765088,-0.10367559,1.4865423,0.0,0.0,0.0,1.0,0.0,0.0,0.0,0.0,0.0,0.0,0.0,0.0,0.0,0.0,0,0.73309946,1
-0.288616,1.495366,-0.73323685,2.8780017,-0.22934079,0.36205244,0.5885482,-0.2970534,0.28982893,0.0,0.0,0.0,0.0,0.0,0.0,0.0,0.0,0.0,0.0,0.0,0.0,1.0,0.0,0,0.6298053,1
-0.29178533,1.495366,-0.6756944,1.8015008,0.35594863,0.36205244,-0.04690819,-0.683809,-0.08691422,0.0,0.0,0.0,0.0,0.0,0.0,0.0,0.0,1.0,0.0,0.0,0.0,0.0,0.0,0,0.6735625,1
-0.29302394,-1.8781444,0.36006907,2.5820284,-0.32597226,-0.93577033,-0.048182007,0.15416148,0.22334483,0.0,0.0,0.0,1.0,0.0,0.0,0.0,0.0,0.0,0.0,0.0,0.0,0.0,0.0,0,0.7788809,1
2.4933622,1.3486917,0.59023875,1.9759367,4.0887465,0.03759675,-0.047141496,0.5409171,-0.6631096,1.0,0.0,0.0,0.0,0.0,0.0,0.0,0.0,0.0,0.0,0.0,0.0,0.0,0.0,1,0.9966191,1
0.33565632,1.495366,0.014814562,3.0326958,-0.28890625,1.9843309,0.10576189,-0.683809,1.8411242,0.0,0.0,0.0,0.0,0.0,0.0,0.0,0.0,0.0,0.0,0.0,0.0,1.0,0.0,0,0.63949496,1
-0.29347765,-1.8781444,1.050578,1.976584,-0.6069818,-0.93577033,-0.046804816,0.08970222,1.3535743,0.0,0.0,0.0,1.0,0.0,0.0,0.0,0.0,0.0,0.0,0.0,0.0,0.0,0.0,0,0.8311956,1
-0.2743292,1.3486917,0.36006907,2.4873827,3.7369967,-0.61131465,-0.04767583,0.6698356,-1.0398527,1.0,0.0,0.0,0.0,0.0,0.0,0.0,0.0,0.0,0.0,0.0,0.0,0.0,0.0,1,0.97653747,1
0.1832568,-0.26472637,-0.618152,2.121044,4.230961,-0.28685895,-0.046850268,0.15416148,-0.5301414,1.0,0.0,0.0,0.0,0.0,0.0,0.0,0.0,0.0,0.0,0.0,0.0,0.0,0.0,0,0.5772757,1
-0.27273956,-1.2914469,-0.33043993,2.1392403,1.1231687,0.03759675,-0.030630792,2.410236,0.6887334,0.0,1.0,0.0,0.0,0.0,0.0,0.0,0.0,0.0,0.0,0.0,0.0,0.0,0.0,0,0.8072466,1
-0.2937724,1.3486917,0.93549323,2.951746,-0.3585857,1.6598753,0.22373849,-0.683809,1.5530264,0.0,0.0,0.0,0.0,0.0,0.0,0.0,0.0,0.0,0.0,0.0,0.0,1.0,0.0,0,0.7136182,1
-0.29316303,1.3486917,-0.9634065,1.7740704,-0.22984752,0.36205244,0.097352415,-0.6193497,0.15686075,0.0,0.0,0.0,0.0,0.0,0.0,0.0,0.0,0.0,0.0,1.0,0.0,0.0,0.0,0,0.5151817,1
-0.29202047,-1.4381213,-0.79077923,2.3407812,4.982239,1.0109638,-0.046219986,1.7656432,0.46711978,0.0,0.0,0.0,0.0,0.0,0.0,1.0,0.0,0.0,0.0,0.0,0.0,0.0,0.0,1,0.99701774,1
-0.29336172,-1.5847957,-0.79077923,1.990549,-0.24043955,0.36205244,0.09223586,-0.2970534,1.5530264,0.0,0.0,0.0,1.0,0.0,0.0,0.0,0.0,0.0,0.0,0.0,0.0,0.0,0.0,0,0.6341767,1
-0.2742729,0.028622357,-0.618152,2.4107506,5.1774583,-0.28685895,-0.049205337,2.6036136,-0.35285056,0.0,0.0,0.0,0.0,0.0,0.0,1.0,0.0,0.0,0.0,0.0,0.0,0.0,0.0,0,0.68514425,1
-0.27273956,1.495366,-0.33043993,1.8214594,-0.26227313,1.9843309,0.025746709,-0.6193497,0.9768311,0.0,0.0,0.0,0.0,0.0,0.0,0.0,0.0,0.0,0.0,0.0,0.0,1.0,0.0,0,0.5129412,1
-0.29379225,-1.4381213,0.4751539,2.2869792,1.6108361,-0.61131465,0.007623562,2.8614507,0.7995402,0.0,1.0,0.0,0.0,0.0,0.0,0.0,0.0,0.0,0.0,0.0,0.0,0.0,0.0,1,0.99960786,1
-0.2933187,0.3219711,0.1298994,2.027988,2.0538332,0.03759675,0.13900319,-0.6193497,0.33415163,0.0,0.0,1.0,0.0,0.0,0.0,0.0,0.0,0.0,0.0,0.0,0.0,0.0,0.0,0,0.70072794,1
-0.2785119,0.3219711,-0.2153551,1.8328401,5.3748693,-0.61131465,-0.044208165,0.47645783,0.8881856,0.0,0.0,0.0,0.0,0.0,0.0,0.0,1.0,0.0,0.0,0.0,0.0,0.0,0.0,0,0.53139436,1
-0.28896043,1.3486917,-0.5030672,2.7228968,4.160183,0.6865081,-0.04839428,0.8632134,-0.90688455,1.0,0.0,0.0,0.0,0.0,0.0,0.0,0.0,0.0,0.0,0.0,0.0,0.0,0.0,1,0.9765253,1
2.1442156,-1.2914469,1.2232053,2.885977,-0.3440922,-0.93577033,-0.039819267,0.025242949,1.0433152,0.0,0.0,0.0,1.0,0.0,0.0,0.0,0.0,0.0,0.0,0.0,0.0,0.0,0.0,0,0.64719415,1
-0.2770713,0.17529672,-1.1360338,2.3103187,5.0222473,-0.61131465,-0.048591428,0.6698356,0.60008794,0.0,0.0,0.0,0.0,0.0,0.0,0.0,1.0,0.0,0.0,0.0,0.0,0.0,0.0,0,0.5830216,1
-0.28470486,1.495366,2.7193081,2.8239932,0.4017954,-0.61131465,-0.022387713,-0.7482683,-0.109075576,0.0,0.0,0.0,0.0,0.0,0.0,0.0,0.0,1.0,0.0,0.0,0.0,0.0,0.0,0,0.70775664,1
-0.2929875,-1.8781444,1.050578,2.1717668,0.8562838,0.03759675,0.14784162,1.5722654,0.910347,0.0,1.0,0.0,0.0,0.0,0.0,0.0,0.0,0.0,0.0,0.0,0.0,0.0,0.0,0,0.59582543,1
-0.27445835,-1.73147,0.1298994,1.77506,-0.25743046,0.36205244,-0.039364465,-0.36151266,-1.1728209,0.0,0.0,0.0,0.0,0.0,1.0,0.0,0.0,0.0,0.0,0.0,0.0,0.0,0.0,0,0.5981707,1
0.9606837,1.0553429,-0.2153551,2.136827,5.26572,1.3354195,-0.008824499,2.5391545,2.2400286,0.0,0.0,0.0,0.0,0.0,0.0,1.0,0.0,0.0,0.0,0.0,0.0,0.0,0.0,0,0.73733133,1
-0.27464047,-0.70474946,-0.10027027,2.5775397,5.505267,0.36205244,-0.042110633,0.5409171,-0.9512073,1.0,0.0,0.0,0.0,0.0,0.0,0.0,0.0,0.0,0.0,0.0,0.0,0.0,0.0,0,0.6140804,1
-0.2935273,1.3486917,0.5326963,2.453827,6.0078464,-0.61131465,-0.04798495,2.0234802,0.023892585,0.0,0.0,0.0,0.0,0.0,0.0,1.0,0.0,0.0,0.0,0.0,0.0,0.0,0.0,1,0.9948992,1
-0.28780463,1.3486917,-1.3662034,2.864243,6.333484,0.36205244,2.7530105,1.5722654,0.13469939,0.0,0.0,0.0,0.0,0.0,0.0,1.0,0.0,0.0,0.0,0.0,0.0,0.0,0.0,1,0.98191005,1
-0.29258347,-1.4381213,-0.8483217,2.8722782,-0.30360714,1.0109638,0.030351682,-0.23259413,1.0433152,0.0,0.0,0.0,1.0,0.0,0.0,0.0,0.0,0.0,0.0,0.0,0.0,0.0,0.0,0,0.77829933,1
-0.28038302,1.3486917,0.93549323,2.7833903,5.8616705,0.36205244,7.7980156,2.0879395,-0.50798005,0.0,0.0,0.0,0.0,0.0,0.0,1.0,0.0,0.0,0.0,0.0,0.0,0.0,0.0,1,0.99309856,1
0.09051162,-0.26472637,-0.5606096,2.0065324,4.6971674,-0.61131465,-0.04647736,0.79875416,-1.0620141,1.0,0.0,0.0,0.0,0.0,0.0,0.0,0.0,0.0,0.0,0.0,0.0,0.0,0.0,0,0.73828524,1
-0.29215625,-1.1447725,-1.3662034,2.772024,-0.3856119,-0.28685895,-0.041052863,0.6698356,0.8660243,0.0,0.0,0.0,1.0,0.0,0.0,0.0,0.0,0.0,0.0,0.0,0.0,0.0,0.0,1,0.6175823,1
-0.29113623,-1.5847957,1.6835446,2.7441943,-0.43190828,-0.28685895,-0.035914574,-0.16813485,1.1762834,0.0,0.0,0.0,1.0,0.0,0.0,0.0,0.0,0.0,0.0,0.0,0.0,0.0,0.0,0,0.8499181,1
-0.29176217,-1.2914469,0.07235698,2.71796,-0.28191894,0.36205244,-0.044887953,-0.03921632,0.40063572,0.0,0.0,0.0,1.0,0.0,0.0,0.0,0.0,0.0,0.0,0.0,0.0,0.0,0.0,0,0.5781789,1
-0.27542868,0.3219711,-0.79077923,3.0170891,3.3409307,-0.61131465,0.20001887,-0.7482683,1.6638333,0.0,0.0,1.0,0.0,0.0,0.0,0.0,0.0,0.0,0.0,0.0,0.0,0.0,0.0,0,0.58523506,1
-0.24234442,-1.5847957,1.453375,2.791325,-0.6294506,-0.61131465,-0.032905385,-0.16813485,0.77737886,0.0,0.0,0.0,1.0,0.0,0.0,0.0,0.0,0.0,0.0,0.0,0.0,0.0,0.0,0,0.7153862,1
-0.2930438,1.3486917,-0.8483217,2.0501304,4.0708485,0.6865081,-0.0458524,2.0879395,0.22334483,0.0,0.0,0.0,0.0,0.0,0.0,1.0,0.0,0.0,0.0,0.0,0.0,0.0,0.0,0,0.53516763,1
-0.28860277,-1.73147,-0.73323685,1.8086195,5.832362,0.03759675,-0.044601448,2.2168581,0.112538025,0.0,0.0,0.0,0.0,0.0,0.0,1.0,0.0,0.0,0.0,0.0,0.0,0.0,0.0,1,0.9982249,1
-0.27789262,-1.5847957,0.41761148,1.7887079,-0.3749324,-1.260226,-0.049369983,-0.8127276,-0.97336864,0.0,0.0,0.0,0.0,0.0,1.0,0.0,0.0,0.0,0.0,0.0,0.0,0.0,0.0,0,0.68866116,1
-0.28075394,1.495366,0.8204084,2.5549915,-0.37269711,0.03759675,-0.02214144,-0.42597193,-0.75175506,0.0,0.0,0.0,0.0,1.0,0.0,0.0,0.0,0.0,0.0,0.0,0.0,0.0,0.0,1,0.98437136,1
-0.28465188,-1.73147,-0.79077923,2.6363235,0.9921251,-0.28685895,-0.041428823,1.8945618,0.42279708,0.0,1.0,0.0,0.0,0.0,0.0,0.0,0.0,0.0,0.0,0.0,0.0,0.0,0.0,0,0.59497297,1
2.7200074,1.3486917,-0.10027027,1.9694507,-0.31318486,1.0109638,0.06783376,-0.683809,0.0017312241,0.0,0.0,0.0,0.0,0.0,0.0,0.0,0.0,0.0,0.0,1.0,0.0,0.0,0.0,0,0.53346294,1
-0.26492053,0.61531985,-1.0209489,2.3514814,5.58299,-0.28685895,-0.045699194,0.15416148,0.31199026,0.0,0.0,0.0,0.0,0.0,0.0,0.0,1.0,0.0,0.0,0.0,0.0,0.0,0.0,0,0.55285317,1
-0.29310343,-1.2914469,0.7053236,1.9979793,-0.37560716,-0.61131465,-0.04826679,-0.6193497,-0.97336864,0.0,0.0,0.0,0.0,0.0,1.0,0.0,0.0,0.0,0.0,0.0,0.0,0.0,0.0,0,0.7443312,1
-0.27389535,1.495366,-0.15781268,2.7097073,0.041871298,0.6865081,0.8387649,-0.7482683,-0.3750119,0.0,0.0,0.0,0.0,0.0,0.0,0.0,0.0,1.0,0.0,0.0,0.0,0.0,0.0,0,0.5484952,1
-0.2939181,0.17529672,1.6835446,2.5053563,5.33543,-0.28685895,-0.046031266,0.7342949,-1.0176914,1.0,0.0,0.0,0.0,0.0,0.0,0.0,0.0,0.0,0.0,0.0,0.0,0.0,0.0,1,0.9907176,1
-0.27850196,-1.5847957,-0.5030672,2.4144773,4.1079335,0.03759675,-0.008631087,0.7342949,-0.8847232,1.0,0.0,0.0,0.0,0.0,0.0,0.0,0.0,0.0,0.0,0.0,0.0,0.0,0.0,0,0.95132816,1
-0.05749652,1.3486917,-0.9058641,2.245315,6.3739333,-0.28685895,-0.048568226,1.959021,0.046053946,0.0,0.0,0.0,0.0,0.0,0.0,1.0,0.0,0.0,0.0,0.0,0.0,0.0,0.0,1,0.9611119,1
-0.14413156,-1.8781444,0.24498422,1.9967822,4.8736587,-0.61131465,-0.03301285,0.47645783,0.5336039,0.0,0.0,0.0,0.0,0.0,0.0,0.0,1.0,0.0,0.0,0.0,0.0,0.0,0.0,0,0.9126095,1
-0.21558559,1.495366,-0.5030672,2.864597,0.8794596,0.36205244,-0.039091103,-0.8127276,0.48928115,0.0,0.0,0.0,0.0,0.0,0.0,0.0,0.0,0.0,0.0,0.0,0.0,0.0,1.0,0,0.63303703,1
-0.2686893,1.3486917,-0.73323685,2.7699175,5.9931293,-0.28685895,0.013343677,2.2813175,-0.24204375,0.0,0.0,0.0,0.0,0.0,0.0,1.0,0.0,0.0,0.0,0.0,0.0,0.0,0.0,1,0.9686137,1
-0.28958303,-1.4381213,0.41761148,2.952997,-0.30176005,0.6865081,0.062087096,0.47645783,2.5946105,0.0,0.0,0.0,1.0,0.0,0.0,0.0,0.0,0.0,0.0,0.0,0.0,0.0,0.0,0,0.823745,1
-0.26241356,-1.73147,0.30252665,2.8178089,1.3198963,0.36205244,0.0034330229,2.0234802,0.6222493,0.0,1.0,0.0,0.0,0.0,0.0,0.0,0.0,0.0,0.0,0.0,0.0,0.0,0.0,1,0.9991258,1
-0.22420274,1.3486917,-0.6756944,2.9852471,1.2408526,0.6865081,-0.03508248,-0.683809,2.0848992,0.0,0.0,0.0,0.0,0.0,0.0,0.0,0.0,0.0,0.0,0.0,0.0,0.0,1.0,0,0.79320186,1
-0.29139456,0.61531985,-0.44552475,2.9366922,5.3496966,0.6865081,-0.041700944,0.992132,1.7524787,0.0,0.0,0.0,0.0,0.0,0.0,0.0,1.0,0.0,0.0,0.0,0.0,0.0,0.0,0,0.7044214,1
-0.2923384,-1.5847957,0.18744181,2.1116514,4.7442484,-0.93577033,-0.04902738,0.15416148,0.64441067,0.0,0.0,0.0,0.0,0.0,0.0,0.0,1.0,0.0,0.0,0.0,0.0,0.0,0.0,1,0.64025754,1
-0.013125872,-1.73147,2.3740537,2.522004,-0.31371808,-0.28685895,-0.04584374,-0.36151266,0.51144254,0.0,0.0,0.0,1.0,0.0,0.0,0.0,0.0,0.0,0.0,0.0,0.0,0.0,0.0,0,0.8203852,1
3.8896234,1.3486917,1.7986294,2.426935,5.919372,0.6865081,0.9117374,1.4433469,-0.064752854,0.0,0.0,0.0,0.0,0.0,0.0,1.0,0.0,0.0,0.0,0.0,0.0,0.0,0.0,1,0.9991173,1
0.09000161,1.3486917,-1.1360338,2.6893513,5.639393,-0.61131465,-0.048976783,1.4433469,-0.35285056,0.0,0.0,0.0,0.0,0.0,0.0,1.0,0.0,0.0,0.0,0.0,0.0,0.0,0.0,0,0.9623037,1
-0.29379225,1.495366,0.4751539,2.2926543,5.186582,1.6598753,0.06085083,0.08970222,0.5779266,0.0,0.0,0.0,0.0,0.0,0.0,0.0,1.0,0.0,0.0,0.0,0.0,0.0,0.0,1,0.9845819,1
-0.28998706,1.495366,0.07235698,2.8981178,-0.17751235,1.3354195,0.020293508,-0.7482683,-0.1533983,0.0,0.0,0.0,0.0,0.0,0.0,0.0,0.0,0.0,0.0,1.0,0.0,0.0,0.0,0,0.601003,1
-0.29176217,-1.5847957,0.07235698,2.3875515,1.9136925,0.6865081,-0.04266755,1.5078062,1.154122,0.0,1.0,0.0,0.0,0.0,0.0,0.0,0.0,0.0,0.0,0.0,0.0,0.0,0.0,1,0.9990903,1
-0.015626233,-1.5847957,0.1298994,2.0781684,-0.3192832,-0.61131465,-0.014458571,-0.6193497,-1.549564,0.0,0.0,0.0,0.0,0.0,1.0,0.0,0.0,0.0,0.0,0.0,0.0,0.0,0.0,0,0.5591103,1
-0.2891194,1.495366,-0.618152,2.5079024,3.7960382,0.36205244,-0.041493215,0.41199857,-0.064752854,0.0,0.0,0.0,0.0,0.0,0.0,0.0,1.0,0.0,0.0,0.0,0.0,0.0,0.0,0,0.84334654,1
-0.20468004,1.3486917,-0.73323685,3.0121117,0.4793837,1.0109638,-0.030925391,-0.7482683,1.2427675,0.0,0.0,0.0,0.0,0.0,0.0,0.0,0.0,1.0,0.0,0.0,0.0,0.0,0.0,0,0.5632435,1
-0.29114288,-1.8781444,0.30252665,2.4813416,1.6312174,-0.93577033,-0.04829957,2.0879395,0.33415163,0.0,1.0,0.0,0.0,0.0,0.0,0.0,0.0,0.0,0.0,0.0,0.0,0.0,0.0,1,0.9991462,1
-0.2711433,1.495366,-0.6756944,2.5077496,-0.389683,-0.61131465,1.4294667,-0.4904312,0.26766756,0.0,0.0,0.0,0.0,0.0,0.0,0.0,0.0,0.0,0.0,0.0,0.0,1.0,0.0,0,0.5812198,1
-0.29260334,-1.8781444,0.36006907,2.8782043,8.24684,0.36205244,-0.046605412,2.2813175,-0.4858187,0.0,0.0,0.0,0.0,0.0,0.0,1.0,0.0,0.0,0.0,0.0,0.0,0.0,0.0,0,0.92633986,1
-0.2846585,-1.4381213,-1.4812882,2.8993564,4.838429,9.446812,0.0197033,0.21862076,-0.64094824,1.0,0.0,0.0,0.0,0.0,0.0,0.0,0.0,0.0,0.0,0.0,0.0,0.0,0.0,1,0.83109164,1
-0.26988152,-1.73147,0.93549323,1.8760742,1.9440384,0.6865081,-0.023113098,1.6367247,1.0433152,0.0,1.0,0.0,0.0,0.0,0.0,0.0,0.0,0.0,0.0,0.0,0.0,0.0,0.0,1,0.9996935,1
-0.29041427,-1.1447725,0.7053236,1.9107084,-0.31438375,0.03759675,-0.03633805,-0.8127276,-0.9290459,0.0,0.0,0.0,0.0,0.0,1.0,0.0,0.0,0.0,0.0,0.0,0.0,0.0,0.0,0,0.72654015,1
-0.289487,-1.5847957,0.18744181,1.9636714,6.003015,0.6865081,-0.047286864,-0.10367559,-1.0398527,1.0,0.0,0.0,0.0,0.0,0.0,0.0,0.0,0.0,0.0,0.0,0.0,0.0,0.0,0,0.67525935,1
-0.25688627,-1.73147,0.07235698,2.918951,5.008671,0.03759675,-0.046802744,0.3475393,-0.46365735,1.0,0.0,0.0,0.0,0.0,0.0,0.0,0.0,0.0,0.0,0.0,0.0,0.0,0.0,1,0.9013425,1
-0.2711433,-0.9980982,-0.6756944,2.5502422,3.9801922,0.6865081,0.036272973,-0.55489045,-0.7295937,0.0,0.0,0.0,0.0,1.0,0.0,0.0,0.0,0.0,0.0,0.0,0.0,0.0,0.0,0,0.96794754,1
-0.28489363,1.3486917,0.7053236,1.9021,6.611876,1.3354195,0.012021941,2.2168581,-0.020430136,0.0,0.0,0.0,0.0,0.0,0.0,1.0,0.0,0.0,0.0,0.0,0.0,0.0,0.0,1,0.99653876,1
-0.24056934,1.495366,-0.2153551,2.9922144,3.9451694,2.3087866,-0.038887296,1.0565913,2.395158,0.0,0.0,0.0,0.0,0.0,0.0,0.0,1.0,0.0,0.0,0.0,0.0,0.0,0.0,0,0.6440669,1
0.32228354,1.495366,-0.5606096,2.5685,-0.39726898,0.6865081,0.43526006,-0.8127276,-0.5966255,0.0,0.0,0.0,0.0,0.0,0.0,0.0,0.0,0.0,0.0,1.0,0.0,0.0,0.0,0,0.59988815,1
-0.18979378,1.2020173,0.1298994,2.5274727,0.034259897,0.36205244,-0.04455377,-0.683809,-1.5717254,0.0,0.0,0.0,0.0,0.0,0.0,0.0,0.0,0.0,0.0,0.0,1.0,0.0,0.0,0,0.63960034,1
0.68930674,1.0553429,0.64778113,2.264797,5.7296963,-0.28685895,-0.03936023,0.47645783,0.5557652,0.0,0.0,0.0,0.0,0.0,0.0,0.0,1.0,0.0,0.0,0.0,0.0,0.0,0.0,1,0.9843775,1
-0.29381213,1.2020173,-0.5606096,2.3525949,7.2214713,0.36205244,-0.039012145,1.959021,-0.064752854,0.0,0.0,0.0,0.0,0.0,0.0,1.0,0.0,0.0,0.0,0.0,0.0,0.0,0.0,0,0.8879983,1
-0.29368296,-1.4381213,1.9712567,2.589629,-0.48796254,-0.61131465,-0.04925212,0.21862076,0.31199026,0.0,0.0,0.0,1.0,0.0,0.0,0.0,0.0,0.0,0.0,0.0,0.0,0.0,0.0,0,0.78739166,1
-0.2743292,1.3486917,0.36006907,2.4942086,5.4444866,0.03759675,0.022391751,0.21862076,0.46711978,0.0,0.0,0.0,0.0,0.0,0.0,0.0,1.0,0.0,0.0,0.0,0.0,0.0,0.0,1,0.969877,1
0.47767022,1.495366,0.07235698,2.3868365,6.6787286,0.03759675,0.024942968,1.5722654,-0.21988238,0.0,0.0,0.0,0.0,0.0,0.0,1.0,0.0,0.0,0.0,0.0,0.0,0.0,0.0,1,0.9813302,1
-0.28856966,0.7619942,-1.3662034,2.6007404,5.5742493,-1.260226,-0.048700884,1.7011839,-0.8182391,0.0,0.0,0.0,0.0,0.0,0.0,1.0,0.0,0.0,0.0,0.0,0.0,0.0,0.0,1,0.82281584,1
1.44686,1.2020173,-1.0784913,2.0900092,7.2633905,-0.28685895,-0.045730315,2.410236,0.5557652,0.0,0.0,0.0,0.0,0.0,0.0,1.0,0.0,0.0,0.0,0.0,0.0,0.0,0.0,0,0.903664,1
-0.27912125,0.61531985,-1.4237459,2.5534036,3.8474178,-0.28685895,-0.03890444,0.7342949,-1.2171437,1.0,0.0,0.0,0.0,0.0,0.0,0.0,0.0,0.0,0.0,0.0,0.0,0.0,0.0,0,0.8273645,1
-0.29026195,-1.4381213,1.2807478,2.9599202,-0.2622366,0.03759675,-0.0441576,-0.6193497,-0.7960777,0.0,0.0,0.0,0.0,0.0,1.0,0.0,0.0,0.0,0.0,0.0,0.0,0.0,0.0,0,0.6134438,1
-0.29260665,-1.2914469,0.4751539,2.3814313,-0.23177932,2.3087866,0.0025754652,-0.10367559,0.7330561,0.0,0.0,0.0,1.0,0.0,0.0,0.0,0.0,0.0,0.0,0.0,0.0,0.0,0.0,0,0.74351406,1
-0.09630676,-1.8781444,-0.618152,2.2859826,-0.4499562,-0.28685895,-0.044303864,-0.36151266,-1.1506596,0.0,0.0,0.0,0.0,0.0,1.0,0.0,0.0,0.0,0.0,0.0,0.0,0.0,0.0,0,0.53569347,1
-0.29215625,1.495366,-1.3662034,2.7769997,5.0849257,0.6865081,0.029748036,0.8632134,-1.1506596,1.0,0.0,0.0,0.0,0.0,0.0,0.0,0.0,0.0,0.0,0.0,0.0,0.0,0.0,1,0.98480624,1
-0.25524694,1.3486917,0.5326963,2.0500364,0.31176248,0.36205244,-0.040138744,-0.8127276,-1.2171437,0.0,0.0,0.0,0.0,0.0,0.0,0.0,0.0,0.0,0.0,0.0,1.0,0.0,0.0,0,0.5928473,1
-0.23394917,-1.2914469,-0.10027027,3.0273411,-0.3558181,0.36205244,-0.043617945,-0.2970534,3.1043217,0.0,0.0,0.0,1.0,0.0,0.0,0.0,0.0,0.0,0.0,0.0,0.0,0.0,0.0,0,0.6768846,1
-0.2924013,1.2020173,0.9930356,2.8571577,-0.22345327,2.3087866,4.6393023,-0.4904312,0.356313,0.0,0.0,0.0,0.0,0.0,0.0,0.0,0.0,0.0,0.0,0.0,0.0,1.0,0.0,0,0.57681435,1
3.8896234,-1.8781444,1.7986294,2.4206078,-0.32552433,0.36205244,-0.02351193,0.025242949,0.44495845,0.0,0.0,0.0,1.0,0.0,0.0,0.0,0.0,0.0,0.0,0.0,0.0,0.0,0.0,1,0.9108139,1
-0.27273956,1.2020173,-0.33043993,2.971506,6.484419,1.9843309,-0.037934657,1.7011839,1.2206061,0.0,0.0,0.0,0.0,0.0,0.0,1.0,0.0,0.0,0.0,0.0,0.0,0.0,0.0,0,0.88034153,1
-0.29312658,1.3486917,-0.15781268,2.1172347,4.935899,-0.61131465,-0.041316055,-0.10367559,0.44495845,0.0,0.0,0.0,0.0,0.0,0.0,0.0,1.0,0.0,0.0,0.0,0.0,0.0,0.0,0,0.81274956,1
-0.2178442,-1.73147,0.8779508,2.077951,-0.49797505,-1.260226,-0.049551517,0.60537636,1.3535743,0.0,0.0,0.0,1.0,0.0,0.0,0.0,0.0,0.0,0.0,0.0,0.0,0.0,0.0,0,0.7845823,1
-0.2891194,1.495366,-0.618152,2.1512017,5.0354686,1.6598753,-0.046295937,0.28308,0.8660243,0.0,0.0,0.0,0.0,0.0,0.0,0.0,1.0,0.0,0.0,0.0,0.0,0.0,0.0,1,0.8549529,1
-0.09643593,-1.4381213,-0.5606096,2.4148083,4.65299,0.03759675,0.00035038605,0.60537636,0.356313,0.0,0.0,0.0,0.0,0.0,0.0,0.0,1.0,0.0,0.0,0.0,0.0,0.0,0.0,1,0.99770504,1
-0.29173568,-1.73147,-1.1935762,2.0442355,3.884278,1.6598753,-0.029624514,-0.7482683,-0.020430136,0.0,0.0,0.0,0.0,1.0,0.0,0.0,0.0,0.0,0.0,0.0,0.0,0.0,0.0,1,0.92976177,1
-0.26857007,1.495366,0.8204084,1.7810966,5.665394,1.3354195,0.0069947913,2.410236,-0.30852783,0.0,0.0,0.0,0.0,0.0,0.0,1.0,0.0,0.0,0.0,0.0,0.0,0.0,0.0,1,0.99855965,1
-0.2755479,-0.26472637,0.014814562,2.0469158,1.1486458,1.6598753,-0.046967354,1.249969,1.0654765,0.0,1.0,0.0,0.0,0.0,0.0,0.0,0.0,0.0,0.0,0.0,0.0,0.0,0.0,0,0.8591439,1
-0.043034166,1.495366,-0.042727854,2.4002433,4.8933535,0.36205244,-0.04836149,0.08970222,-0.042591497,0.0,0.0,0.0,0.0,0.0,0.0,0.0,1.0,0.0,0.0,0.0,0.0,0.0,0.0,1,0.932521,1
-0.14480384,-0.85142386,-1.1360338,2.4563966,1.1607416,-0.61131465,-0.037776746,2.1523988,0.6887334,0.0,1.0,0.0,0.0,0.0,0.0,0.0,0.0,0.0,0.0,0.0,0.0,0.0,0.0,0,0.9340419,1
-0.291739,-1.5847957,0.9930356,2.8316665,-0.5326226,-0.61131465,-0.04824346,0.025242949,0.5336039,0.0,0.0,0.0,1.0,0.0,0.0,0.0,0.0,0.0,0.0,0.0,0.0,0.0,0.0,0,0.8059909,1
4.053889,-1.73147,-1.4812882,2.6026883,-0.3794457,-0.93577033,-0.04854326,0.15416148,0.5336039,0.0,0.0,0.0,1.0,0.0,0.0,0.0,0.0,0.0,0.0,0.0,0.0,0.0,0.0,0,0.73602724,1
-0.29170254,-1.5847957,0.07235698,2.9863744,1.8970528,0.6865081,0.059703175,2.2813175,3.059999,0.0,1.0,0.0,0.0,0.0,0.0,0.0,0.0,0.0,0.0,0.0,0.0,0.0,0.0,1,0.99928856,1
-0.13455732,1.3486917,-0.9634065,1.8213384,-0.30580428,1.0109638,0.5981183,-0.7482683,-1.3501117,0.0,0.0,0.0,0.0,0.0,0.0,0.0,0.0,0.0,0.0,0.0,1.0,0.0,0.0,0,0.5056942,1
-0.2819495,-1.73147,0.014814562,2.4546022,-0.306406,-0.28685895,-0.045974266,0.08970222,0.48928115,0.0,0.0,0.0,1.0,0.0,0.0,0.0,0.0,0.0,0.0,0.0,0.0,0.0,0.0,0,0.67371804,1
-0.2667784,-1.8781444,-0.2153551,3.032907,-0.32980445,-0.61131465,-0.0459005,-0.10367559,3.791324,0.0,0.0,0.0,1.0,0.0,0.0,0.0,0.0,0.0,0.0,0.0,0.0,0.0,0.0,0,0.64924574,1
0.6023637,1.495366,0.07235698,2.99235,-0.20943163,1.3354195,-0.022836136,-0.6193497,2.26219,0.0,0.0,0.0,0.0,0.0,0.0,0.0,0.0,0.0,0.0,0.0,0.0,1.0,0.0,0,0.60394496,1
-0.29025865,-1.8781444,1.050578,2.9185126,-0.4741423,-0.61131465,-0.04550339,0.025242949,1.8632855,0.0,0.0,0.0,1.0,0.0,0.0,0.0,0.0,0.0,0.0,0.0,0.0,0.0,0.0,0,0.82730126,1
-0.29173568,-1.8781444,-1.1935762,2.037191,5.6052446,0.03759675,0.20073418,0.992132,1.1762834,0.0,0.0,0.0,0.0,0.0,0.0,0.0,1.0,0.0,0.0,0.0,0.0,0.0,0.0,1,0.99822503,1
-0.28860277,-1.73147,-0.73323685,1.815457,4.946228,1.0109638,0.19570619,2.3457766,0.37847435,0.0,0.0,0.0,0.0,0.0,0.0,1.0,0.0,0.0,0.0,0.0,0.0,0.0,0.0,1,0.9989549,1
-0.2764752,1.495366,-1.1935762,2.622126,-0.60727847,0.6865081,0.063449584,-0.6193497,0.0017312241,0.0,0.0,0.0,0.0,0.0,0.0,0.0,0.0,0.0,0.0,0.0,0.0,1.0,0.0,0,0.7045374,1
-0.29039112,1.3486917,1.2807478,2.904587,5.3322544,1.3354195,-0.021925706,2.2813175,0.7995402,0.0,0.0,0.0,0.0,0.0,0.0,1.0,0.0,0.0,0.0,0.0,0.0,0.0,0.0,1,0.99856263,1
0.010867661,1.495366,1.7410871,2.2186556,5.3912425,0.36205244,1.3124815,0.5409171,-0.5966255,1.0,0.0,0.0,0.0,0.0,0.0,0.0,0.0,0.0,0.0,0.0,0.0,0.0,0.0,1,0.99862325,1
4.7602296,1.495366,-0.6756944,2.0906146,0.5287778,1.0109638,6.3274684,-0.683809,-0.3306892,0.0,0.0,0.0,0.0,0.0,0.0,0.0,0.0,0.0,1.0,0.0,0.0,0.0,0.0,0,0.56474626,1
1.5112202,-1.8781444,-0.79077923,2.5619326,-0.4238941,-0.61131465,-0.04619608,-0.16813485,0.51144254,0.0,0.0,0.0,1.0,0.0,0.0,0.0,0.0,0.0,0.0,0.0,0.0,0.0,0.0,0,0.7557103,1
-0.28327087,1.495366,0.24498422,2.1110227,5.627686,-0.93577033,-0.016929017,1.5722654,0.5557652,0.0,0.0,0.0,0.0,0.0,0.0,1.0,0.0,0.0,0.0,0.0,0.0,0.0,0.0,1,0.9907272,1
-0.26656646,-1.5847957,-1.1935762,1.8494,0.38229826,0.6865081,0.0022019711,-0.7482683,-0.19772102,0.0,0.0,0.0,0.0,0.0,0.0,0.0,0.0,1.0,0.0,0.0,0.0,0.0,0.0,1,0.9896058,1
-0.29336503,1.2020173,-0.042727854,2.5812964,0.3750315,0.36205244,-0.03268325,-0.683809,-0.3306892,0.0,0.0,0.0,0.0,0.0,0.0,0.0,0.0,1.0,0.0,0.0,0.0,0.0,0.0,0,0.5451918,1
-0.28327087,-1.4381213,2.3165112,2.81174,1.2521553,-0.93577033,-0.048188187,2.0879395,0.5336039,0.0,1.0,0.0,0.0,0.0,0.0,0.0,0.0,0.0,0.0,0.0,0.0,0.0,0.0,1,0.9990175,1
-0.29336503,1.2020173,-0.38798234,2.5341258,0.38734928,0.6865081,-0.026937,-0.7482683,-0.7295937,0.0,0.0,0.0,0.0,0.0,0.0,0.0,0.0,1.0,0.0,0.0,0.0,0.0,0.0,0,0.51268715,1
-0.28833452,1.3486917,0.07235698,2.9718268,0.52171594,0.03759675,0.683705,-0.8127276,1.1984447,0.0,0.0,0.0,0.0,0.0,0.0,0.0,0.0,1.0,0.0,0.0,0.0,0.0,0.0,0,0.8918637,1
0.9606837,1.3486917,-0.2153551,2.5612886,3.4872723,0.03759675,0.7680606,0.41199857,0.046053946,0.0,0.0,0.0,0.0,0.0,0.0,0.0,1.0,0.0,0.0,0.0,0.0,0.0,0.0,0,0.71319073,1
-0.23320071,1.495366,0.07235698,2.8780332,-0.26027453,1.9843309,0.7593239,-0.4904312,-0.50798005,0.0,0.0,0.0,0.0,0.0,0.0,0.0,0.0,0.0,1.0,0.0,0.0,0.0,0.0,0,0.72556585,1
-0.27273956,-1.8781444,-0.33043993,2.884833,-0.299411,1.3354195,-0.039916735,0.15416148,0.44495845,0.0,0.0,0.0,1.0,0.0,0.0,0.0,0.0,0.0,0.0,0.0,0.0,0.0,0.0,0,0.6515721,1
-0.28833452,1.495366,0.07235698,2.9451082,0.94988,1.3354195,0.31536168,-0.6193497,0.5557652,0.0,0.0,0.0,0.0,0.0,0.0,0.0,0.0,1.0,0.0,0.0,0.0,0.0,0.0,0,0.8231229,1
-0.2932922,-1.4381213,0.9930356,1.9505645,-0.27330565,0.36205244,-0.043939974,0.15416148,1.0433152,0.0,0.0,0.0,1.0,0.0,0.0,0.0,0.0,0.0,0.0,0.0,0.0,0.0,0.0,0,0.7052048,1
-0.24491434,1.495366,-0.042727854,3.0124245,3.6729112,-0.28685895,0.0324775,0.47645783,2.328674,0.0,0.0,0.0,0.0,0.0,0.0,0.0,1.0,0.0,0.0,0.0,0.0,0.0,0.0,0,0.8627848,1
-0.28860277,-1.73147,-0.73323685,1.8154211,4.730018,0.6865081,-0.031021995,0.15416148,-0.8625618,1.0,0.0,0.0,0.0,0.0,0.0,0.0,0.0,0.0,0.0,0.0,0.0,0.0,0.0,1,0.9520192,1
-0.28493667,-1.2914469,0.4751539,2.926309,4.341072,0.6865081,-0.044897176,2.5391545,3.126483,1.0,0.0,0.0,0.0,0.0,0.0,0.0,0.0,0.0,0.0,0.0,0.0,0.0,0.0,0,0.8320569,1
-0.29314646,1.0553429,2.4891384,2.7762659,0.01100234,-0.61131465,-0.04584569,-0.55489045,-1.793339,0.0,0.0,0.0,0.0,0.0,0.0,0.0,0.0,0.0,0.0,0.0,1.0,0.0,0.0,0,0.52168727,1
3.8896234,0.7619942,-0.10027027,2.1968637,5.2570767,0.36205244,-0.027145263,2.6036136,0.71089476,0.0,0.0,0.0,0.0,0.0,0.0,1.0,0.0,0.0,0.0,0.0,0.0,0.0,0.0,0,0.57282776,1
-0.29229534,1.495366,-1.308661,2.0975666,1.2420399,2.6332424,0.05940789,-0.9416461,1.0876379,0.0,0.0,0.0,0.0,0.0,0.0,0.0,0.0,0.0,0.0,0.0,0.0,0.0,1.0,0,0.8926577,1
-0.2928153,-1.8781444,-0.2728975,2.4746337,1.6401635,0.36205244,-0.0022192365,2.9903693,2.6389332,0.0,1.0,0.0,0.0,0.0,0.0,0.0,0.0,0.0,0.0,0.0,0.0,0.0,0.0,1,0.9989832,1
-0.27800852,1.495366,0.41761148,1.9629594,4.474374,-0.28685895,-0.00091559795,0.992132,-0.5523028,1.0,0.0,0.0,0.0,0.0,0.0,0.0,0.0,0.0,0.0,0.0,0.0,0.0,0.0,1,0.9963283,1
0.27816126,-1.73147,-0.5030672,3.0198557,-0.4733002,0.03759675,-0.039444525,0.15416148,3.0378375,0.0,0.0,0.0,1.0,0.0,0.0,0.0,0.0,0.0,0.0,0.0,0.0,0.0,0.0,0,0.86660445,1
-0.29164955,-1.4381213,0.93549323,2.5155733,-0.5854436,-0.61131465,-0.0473305,0.60537636,0.33415163,0.0,0.0,0.0,1.0,0.0,0.0,0.0,0.0,0.0,0.0,0.0,0.0,0.0,0.0,0,0.7425053,1
-0.043034166,1.495366,-0.042727854,2.9451752,3.639514,3.931065,-0.03538462,-0.55489045,0.28982893,0.0,0.0,1.0,0.0,0.0,0.0,0.0,0.0,0.0,0.0,0.0,0.0,0.0,0.0,0,0.7024384,1
-0.29336503,1.2020173,-0.38798234,2.9580934,0.66591877,1.0109638,0.16758421,-0.683809,0.44495845,0.0,0.0,0.0,0.0,0.0,0.0,0.0,0.0,1.0,0.0,0.0,0.0,0.0,0.0,0,0.6833516,1
-0.29393467,-1.73147,-1.0209489,2.5892782,-0.33964482,-0.28685895,-0.042000845,-0.03921632,0.28982893,0.0,0.0,0.0,1.0,0.0,0.0,0.0,0.0,0.0,0.0,0.0,0.0,0.0,0.0,0,0.6509052,1
-0.114378914,1.3486917,0.07235698,2.6689918,-0.50196385,0.6865081,0.00802212,-0.55489045,0.31199026,0.0,0.0,0.0,0.0,0.0,0.0,0.0,0.0,0.0,0.0,0.0,0.0,1.0,0.0,0,0.56593966,1
-0.17702372,1.495366,-0.8483217,3.0392687,-0.2345238,1.6598753,-0.041642793,-0.683809,1.1984447,0.0,0.0,0.0,0.0,0.0,0.0,0.0,0.0,0.0,0.0,1.0,0.0,0.0,0.0,0,0.5071265,1
-0.2891558,1.2020173,-1.711458,2.6889482,4.4499846,-0.61131465,-0.043257516,1.3788877,-0.13123694,0.0,0.0,0.0,0.0,0.0,0.0,1.0,0.0,0.0,0.0,0.0,0.0,0.0,0.0,0,0.7813188,1
-0.2891194,-1.8781444,-0.618152,2.1448162,6.0425754,0.6865081,0.30340636,2.5391545,2.3065128,0.0,0.0,0.0,0.0,0.0,0.0,1.0,0.0,0.0,0.0,0.0,0.0,0.0,0.0,1,0.99852544,1
-0.2868012,1.495366,-0.73323685,2.8374138,4.622872,0.36205244,0.029705582,0.992132,-0.5523028,1.0,0.0,0.0,0.0,0.0,0.0,0.0,0.0,0.0,0.0,0.0,0.0,0.0,0.0,1,0.98709804,1
0.15976666,-1.8781444,1.2807478,1.9498112,-0.8600359,0.03759675,-0.04812814,0.025242949,1.6638333,0.0,0.0,0.0,1.0,0.0,0.0,0.0,0.0,0.0,0.0,0.0,0.0,0.0,0.0,0,0.56580424,1
0.607073,1.3486917,0.5326963,1.8077555,6.9383187,-0.61131465,-0.048584923,1.8301024,0.046053946,0.0,0.0,0.0,0.0,0.0,0.0,1.0,0.0,0.0,0.0,0.0,0.0,0.0,0.0,1,0.9926708,1
-0.29334518,1.3486917,0.7053236,2.5210943,-0.18824534,-0.93577033,0.7184362,-0.683809,-0.41933462,0.0,0.0,0.0,0.0,0.0,0.0,0.0,0.0,0.0,1.0,0.0,0.0,0.0,0.0,1,0.54597455,1
-0.09643593,-1.4381213,-0.5606096,2.4081135,1.8980558,-0.61131465,-0.034598857,2.3457766,0.46711978,0.0,1.0,0.0,0.0,0.0,0.0,0.0,0.0,0.0,0.0,0.0,0.0,0.0,0.0,1,0.99855083,1
-0.28196272,1.495366,-0.44552475,2.6625435,-0.11563438,1.6598753,0.051428393,-0.683809,-0.13123694,0.0,0.0,0.0,0.0,0.0,0.0,0.0,0.0,0.0,1.0,0.0,0.0,0.0,0.0,0,0.51507527,1
-0.29009637,1.495366,-1.0209489,1.9627758,0.7772041,0.36205244,-0.019168716,-0.683809,0.77737886,0.0,0.0,0.0,0.0,0.0,0.0,0.0,0.0,0.0,0.0,0.0,0.0,0.0,1.0,1,0.6977879,1
-0.07200524,-1.1447725,0.59023875,1.7897421,-0.34955612,-0.28685895,-0.038028758,0.025242949,1.2649288,0.0,0.0,0.0,1.0,0.0,0.0,0.0,0.0,0.0,0.0,0.0,0.0,0.0,0.0,1,0.5798911,1
-0.28938434,-1.4381213,0.64778113,2.8856761,1.5470518,-0.61131465,-0.01803037,2.1523988,0.6222493,0.0,1.0,0.0,0.0,0.0,0.0,0.0,0.0,0.0,0.0,0.0,0.0,0.0,0.0,1,0.99966264,1
-0.2618009,1.3486917,-0.9058641,2.4470735,7.160962,-0.28685895,-0.049196806,1.7656432,-0.5966255,0.0,0.0,0.0,0.0,0.0,0.0,1.0,0.0,0.0,0.0,0.0,0.0,0.0,0.0,0,0.9441549,1
-0.24755047,1.495366,2.546681,2.743243,0.83216006,-1.260226,-0.049426194,-0.6193497,-0.5523028,0.0,0.0,0.0,0.0,0.0,0.0,0.0,0.0,1.0,0.0,0.0,0.0,0.0,0.0,0,0.6332628,1
-0.28348613,0.46864545,-1.3662034,2.7817767,3.5732107,0.36205244,-0.046162922,1.4433469,-1.3501117,1.0,0.0,0.0,0.0,0.0,0.0,0.0,0.0,0.0,0.0,0.0,0.0,0.0,0.0,0,0.6512397,1
-0.28258866,1.0553429,-0.8483217,2.2108772,5.0108247,-0.61131465,-0.04903077,0.08970222,0.71089476,0.0,0.0,0.0,0.0,0.0,0.0,0.0,1.0,0.0,0.0,0.0,0.0,0.0,0.0,0,0.68058026,1
-0.09630676,-1.5847957,-0.618152,2.4548583,-0.2663452,-0.28685895,-0.04350001,-0.03921632,0.8217016,0.0,0.0,0.0,1.0,0.0,0.0,0.0,0.0,0.0,0.0,0.0,0.0,0.0,0.0,0,0.53086567,1
-0.29369292,1.3486917,0.36006907,1.8951719,5.6418586,0.36205244,-0.048348453,1.6367247,0.51144254,0.0,0.0,0.0,0.0,0.0,0.0,1.0,0.0,0.0,0.0,0.0,0.0,0.0,0.0,1,0.99353784,1
-0.28196272,-1.4381213,-0.44552475,2.320619,-0.31094876,0.36205244,-0.046496574,-0.16813485,0.5779266,0.0,0.0,0.0,1.0,0.0,0.0,0.0,0.0,0.0,0.0,0.0,0.0,0.0,0.0,0,0.51612955,1
-0.28086653,1.495366,0.1298994,2.4742796,-0.2676605,1.6598753,0.38359764,-0.6193497,-0.39717326,0.0,0.0,0.0,0.0,0.0,0.0,0.0,0.0,0.0,0.0,1.0,0.0,0.0,0.0,1,0.75053775,1
0.9606837,0.3219711,-0.2153551,2.2969341,7.032646,1.3354195,-0.04418901,2.410236,0.60008794,0.0,0.0,0.0,0.0,0.0,0.0,1.0,0.0,0.0,0.0,0.0,0.0,0.0,0.0,0,0.5007374,1
-0.27970082,-1.73147,0.64778113,2.649807,-0.28124398,-0.61131465,-0.045098923,0.15416148,0.22334483,0.0,0.0,0.0,1.0,0.0,0.0,0.0,0.0,0.0,0.0,0.0,0.0,0.0,0.0,0,0.7759826,1
-0.28742048,-1.4381213,0.1298994,2.1389189,-0.44955108,0.36205244,-0.042836208,-0.03921632,1.2870902,0.0,0.0,0.0,1.0,0.0,0.0,0.0,0.0,0.0,0.0,0.0,0.0,0.0,0.0,0,0.8059161,1
-0.24056934,-1.5847957,-0.2153551,2.7711709,-0.4404607,-1.260226,-0.048723098,0.08970222,0.046053946,0.0,0.0,0.0,1.0,0.0,0.0,0.0,0.0,0.0,0.0,0.0,0.0,0.0,0.0,0,0.6721576,1
0.010659022,1.495366,0.7053236,2.0300505,5.6229496,-0.28685895,-0.027445534,2.2813175,0.15686075,0.0,0.0,0.0,0.0,0.0,0.0,1.0,0.0,0.0,0.0,0.0,0.0,0.0,0.0,1,0.9977906,1
7.600726,1.2020173,0.8204084,1.9151903,-0.08671052,-0.93577033,-0.048176408,-0.42597193,2.4838035,0.0,0.0,0.0,0.0,0.0,0.0,0.0,0.0,0.0,1.0,0.0,0.0,0.0,0.0,0,0.521003,1
-0.28958303,1.495366,0.41761148,1.8216037,-0.14569709,2.3087866,0.32760504,-0.4904312,1.0433152,0.0,0.0,0.0,0.0,0.0,0.0,0.0,0.0,0.0,0.0,0.0,0.0,1.0,0.0,0,0.51968604,1
-0.15236454,0.46864545,-0.5030672,3.03072,5.641796,0.36205244,0.042006142,1.8945618,1.9962537,0.0,0.0,0.0,0.0,0.0,0.0,1.0,0.0,0.0,0.0,0.0,0.0,0.0,0.0,0,0.7869458,1
-0.27690572,-1.73147,-0.79077923,1.8960962,1.5245165,-0.61131465,-0.04761079,1.3144283,0.7995402,0.0,1.0,0.0,0.0,0.0,0.0,0.0,0.0,0.0,0.0,0.0,0.0,0.0,0.0,1,0.9969727,1
-0.2852513,0.3219711,-1.1360338,2.4585485,2.5857306,-0.93577033,-0.048824538,-0.6193497,0.046053946,0.0,0.0,1.0,0.0,0.0,0.0,0.0,0.0,0.0,0.0,0.0,0.0,0.0,0.0,0,0.59684265,1
-0.24307632,-1.2914469,2.143884,2.6708598,-0.3530311,0.36205244,0.30750996,0.025242949,0.64441067,0.0,0.0,0.0,1.0,0.0,0.0,0.0,0.0,0.0,0.0,0.0,0.0,0.0,0.0,0,0.85487145,1
-0.234128,1.495366,-0.9634065,2.709582,-0.5226327,1.0109638,0.0123092495,-0.4904312,0.42279708,0.0,0.0,0.0,0.0,0.0,0.0,0.0,0.0,0.0,0.0,0.0,0.0,1.0,0.0,0,0.6201786,1
-0.28856632,1.495366,-0.10027027,1.9156512,5.5536313,-0.28685895,0.041565835,2.2813175,0.2455062,0.0,0.0,0.0,0.0,0.0,0.0,1.0,0.0,0.0,0.0,0.0,0.0,0.0,0.0,1,0.98431325,1
-0.29160982,1.3486917,0.07235698,2.9313796,-0.17242943,-0.28685895,0.3940718,-0.4904312,-0.064752854,0.0,0.0,0.0,0.0,0.0,0.0,0.0,0.0,0.0,1.0,0.0,0.0,0.0,0.0,0,0.6633152,1
-0.2745345,-1.8781444,0.014814562,2.8850033,5.0242376,0.03759675,-0.037436325,0.3475393,-0.9290459,1.0,0.0,0.0,0.0,0.0,0.0,0.0,0.0,0.0,0.0,0.0,0.0,0.0,0.0,1,0.9446489,1
-0.2533129,-1.73147,-0.79077923,1.8556722,2.8043945,1.0109638,0.46476933,-0.42597193,-0.13123694,0.0,0.0,1.0,0.0,0.0,0.0,0.0,0.0,0.0,0.0,0.0,0.0,0.0,0.0,1,0.9992341,1
-0.29159325,1.2020173,1.3958325,2.8907828,1.8657057,-0.93577033,-0.044938132,1.7011839,0.6887334,0.0,1.0,0.0,0.0,0.0,0.0,0.0,0.0,0.0,0.0,0.0,0.0,0.0,0.0,1,0.99954504,1
1.3411924,1.495366,-1.5388306,2.272317,5.1805744,-0.28685895,0.10275646,1.3788877,0.31199026,0.0,0.0,0.0,0.0,0.0,0.0,1.0,0.0,0.0,0.0,0.0,0.0,0.0,0.0,1,0.96854335,1
-0.29178533,1.495366,-0.6756944,2.9181921,-0.18217394,1.3354195,0.08971796,-0.4904312,1.1762834,0.0,0.0,0.0,0.0,0.0,0.0,0.0,0.0,0.0,0.0,0.0,0.0,1.0,0.0,0,0.6486701,1
-0.2607941,-1.8781444,-0.2153551,3.0531437,0.98278445,0.6865081,-0.035317812,1.249969,3.1929672,0.0,1.0,0.0,0.0,0.0,0.0,0.0,0.0,0.0,0.0,0.0,0.0,0.0,0.0,0,0.75267243,1
-0.27285546,-1.4381213,0.36006907,2.8521357,1.3710853,-0.93577033,-0.03999112,2.9903693,3.1043217,0.0,1.0,0.0,0.0,0.0,0.0,0.0,0.0,0.0,0.0,0.0,0.0,0.0,0.0,1,0.99686146,1
0.09000161,1.495366,-1.1360338,2.3799932,2.683761,-0.28685895,-0.04740723,-0.8127276,-0.50798005,0.0,0.0,1.0,0.0,0.0,0.0,0.0,0.0,0.0,0.0,0.0,0.0,0.0,0.0,1,0.93472135,1
0.6228435,0.7619942,-1.3662034,1.8806447,3.6094067,-0.61131465,-0.048355676,0.5409171,-0.9290459,1.0,0.0,0.0,0.0,0.0,0.0,0.0,0.0,0.0,0.0,0.0,0.0,0.0,0.0,0,0.57055396,1
-0.29095408,1.0553429,1.1081204,2.9645412,1.9958456,1.0109638,-0.04101879,-0.6193497,0.71089476,0.0,0.0,1.0,0.0,0.0,0.0,0.0,0.0,0.0,0.0,0.0,0.0,0.0,0.0,0,0.7900358,1
-0.28823847,1.495366,-0.5030672,2.0772364,0.4815189,-0.28685895,0.31396103,-0.7482683,0.37847435,0.0,0.0,0.0,0.0,0.0,0.0,0.0,0.0,1.0,0.0,0.0,0.0,0.0,0.0,1,0.8362614,1
-0.28778806,1.3486917,1.2232053,2.1912327,6.456315,0.03759675,-0.038564503,2.2813175,0.28982893,0.0,0.0,0.0,0.0,0.0,0.0,1.0,0.0,0.0,0.0,0.0,0.0,0.0,0.0,1,0.998667,1
-0.27273956,0.46864545,-0.33043993,2.9971614,5.924891,0.6865081,-0.04658024,0.60537636,2.3729968,0.0,0.0,0.0,0.0,0.0,0.0,0.0,1.0,0.0,0.0,0.0,0.0,0.0,0.0,0,0.51816845,1
-0.2929312,1.3486917,-1.2511185,2.2518444,1.1134827,0.36205244,-0.04813148,-0.8127276,1.0211538,0.0,0.0,0.0,0.0,0.0,0.0,0.0,0.0,0.0,0.0,0.0,0.0,0.0,1.0,0,0.58992964,1
-0.29227218,-1.5847957,2.431596,1.8829305,-0.37687382,0.6865081,-0.03951092,0.21862076,0.7552175,0.0,0.0,0.0,1.0,0.0,0.0,0.0,0.0,0.0,0.0,0.0,0.0,0.0,0.0,0,0.857423,1
-0.2917721,1.0553429,-0.9634065,2.0967162,4.2623425,1.3354195,-0.041993514,0.60537636,0.93250835,0.0,0.0,0.0,0.0,0.0,0.0,0.0,1.0,0.0,0.0,0.0,0.0,0.0,0.0,0,0.692891,1
-0.28721845,-1.4381213,-0.79077923,1.9438573,1.2264225,0.6865081,-0.039073467,1.1855098,1.1762834,0.0,1.0,0.0,0.0,0.0,0.0,0.0,0.0,0.0,0.0,0.0,0.0,0.0,0.0,1,0.99292505,1
-0.2939214,1.3486917,2.2014263,2.971807,-0.4104525,0.03759675,0.054266762,-0.55489045,1.6859946,0.0,0.0,0.0,0.0,0.0,0.0,0.0,0.0,0.0,0.0,0.0,0.0,1.0,0.0,0,0.55371386,1
-0.25867128,-1.4381213,1.2232053,1.8965951,1.5318835,-0.93577033,-0.0355409,2.0234802,1.0433152,0.0,1.0,0.0,0.0,0.0,0.0,0.0,0.0,0.0,0.0,0.0,0.0,0.0,0.0,1,0.99974006,1
-0.24056934,1.495366,-0.2153551,2.8576767,-0.6063558,1.0109638,-0.0019133837,-0.7482683,-0.5523028,0.0,0.0,0.0,0.0,0.0,0.0,0.0,0.0,0.0,0.0,1.0,0.0,0.0,0.0,0,0.54786265,1
-0.29026195,1.495366,1.2807478,2.1177342,0.5987642,0.03759675,-0.036258884,-0.8127276,0.046053946,0.0,0.0,0.0,0.0,0.0,0.0,0.0,0.0,1.0,0.0,0.0,0.0,0.0,0.0,0,0.502757,1
0.69763577,-1.73147,-0.6756944,1.9567637,3.9462082,-1.260226,-0.04820787,-0.10367559,0.9546697,0.0,0.0,0.0,0.0,0.0,0.0,0.0,1.0,0.0,0.0,0.0,0.0,0.0,0.0,1,0.9952494,1
-0.29291797,-1.73147,2.028799,2.1316843,-0.30775848,-0.61131465,-0.03346113,0.025242949,1.4422196,0.0,0.0,0.0,1.0,0.0,0.0,0.0,0.0,0.0,0.0,0.0,0.0,0.0,0.0,0,0.7569156,1
-0.29215625,-1.5847957,-1.3662034,2.7777948,1.4942536,1.3354195,-0.033675607,1.8301024,0.046053946,0.0,1.0,0.0,0.0,0.0,0.0,0.0,0.0,0.0,0.0,0.0,0.0,0.0,0.0,1,0.9973833,1
-0.29388168,1.495366,-0.618152,2.8711543,0.10449031,1.0109638,1.3337243,-0.683809,0.42279708,0.0,0.0,0.0,0.0,0.0,0.0,0.0,0.0,0.0,1.0,0.0,0.0,0.0,0.0,0,0.50355643,1
-0.28977844,1.495366,2.7193081,2.2589302,6.2138624,0.6865081,0.10828589,1.7656432,0.48928115,0.0,0.0,0.0,0.0,0.0,0.0,1.0,0.0,0.0,0.0,0.0,0.0,0.0,0.0,1,0.9990005,1
-0.29094416,-1.73147,-1.3662034,2.178692,1.5775721,-1.260226,-0.048166163,2.0879395,0.8217016,0.0,1.0,0.0,0.0,0.0,0.0,0.0,0.0,0.0,0.0,0.0,0.0,0.0,0.0,1,0.9964897,1
-0.2862945,-1.8781444,0.014814562,2.1651042,4.144777,1.9843309,0.028487764,-0.36151266,-0.17555965,0.0,0.0,0.0,0.0,1.0,0.0,0.0,0.0,0.0,0.0,0.0,0.0,0.0,0.0,1,0.9716044,1
-0.2886458,-1.8781444,0.30252665,2.1246634,4.1024246,0.6865081,0.19889055,0.41199857,0.48928115,0.0,0.0,0.0,0.0,0.0,0.0,0.0,1.0,0.0,0.0,0.0,0.0,0.0,0.0,0,0.93052053,1
0.012530153,-1.4381213,-1.5963731,2.7916431,-0.49760985,-0.93577033,0.18897884,-0.10367559,-0.17555965,0.0,0.0,0.0,1.0,0.0,0.0,0.0,0.0,0.0,0.0,0.0,0.0,0.0,0.0,0,0.81226826,1
-0.28998706,-1.2914469,0.07235698,2.8994207,-0.24629565,2.3087866,-0.0063364934,0.025242949,1.464381,0.0,0.0,0.0,1.0,0.0,0.0,0.0,0.0,0.0,0.0,0.0,0.0,0.0,0.0,0,0.63061345,1
-0.27690572,1.3486917,-0.79077923,1.9020953,5.810161,-0.28685895,-0.049044877,2.410236,0.31199026,0.0,0.0,0.0,0.0,0.0,0.0,1.0,0.0,0.0,0.0,0.0,0.0,0.0,0.0,1,0.96367943,1
-0.28831464,-1.5847957,-0.15781268,2.0984008,6.152608,1.0109638,-0.042096417,-0.10367559,0.5557652,0.0,0.0,0.0,0.0,0.0,0.0,0.0,1.0,0.0,0.0,0.0,0.0,0.0,0.0,1,0.98367393,1
-0.2803466,-1.8781444,0.64778113,2.656046,-0.30757523,-0.93577033,-0.040385358,-0.10367559,0.13469939,0.0,0.0,0.0,1.0,0.0,0.0,0.0,0.0,0.0,0.0,0.0,0.0,0.0,0.0,0,0.8496837,1
-0.17864317,-1.8781444,0.1298994,2.3804438,-0.5918462,1.3354195,-0.04179689,-0.23259413,1.154122,0.0,0.0,0.0,1.0,0.0,0.0,0.0,0.0,0.0,0.0,0.0,0.0,0.0,0.0,0,0.8475298,1
-0.2935273,-1.5847957,0.5326963,2.454827,1.6295476,0.03759675,-0.037340924,1.7011839,0.8217016,0.0,1.0,0.0,0.0,0.0,0.0,0.0,0.0,0.0,0.0,0.0,0.0,0.0,0.0,1,0.99970067,1
-0.2935538,-1.73147,1.6260022,2.1920702,1.567945,1.0109638,0.0017088267,2.3457766,0.99899244,0.0,1.0,0.0,0.0,0.0,0.0,0.0,0.0,0.0,0.0,0.0,0.0,0.0,0.0,1,0.99980646,1
-0.17864317,1.3486917,0.1298994,2.917963,-0.23174322,1.3354195,0.013773421,-0.87718683,-0.064752854,0.0,0.0,0.0,0.0,0.0,0.0,0.0,0.0,0.0,0.0,1.0,0.0,0.0,0.0,0,0.53673345,1
-0.2902222,-1.5847957,1.453375,2.1117718,1.6426682,0.36205244,-0.035278946,1.249969,0.8217016,0.0,1.0,0.0,0.0,0.0,0.0,0.0,0.0,0.0,0.0,0.0,0.0,0.0,0.0,1,0.99978644,1
-0.29316303,1.495366,0.014814562,2.8106272,0.57495105,0.36205244,-0.04253623,-0.8127276,-0.24204375,0.0,0.0,0.0,0.0,0.0,0.0,0.0,0.0,1.0,0.0,0.0,0.0,0.0,0.0,0,0.7148649,1
-0.2891194,1.2020173,-0.618152,2.2247717,3.7477858,0.03759675,-0.02278118,0.992132,-0.9290459,1.0,0.0,0.0,0.0,0.0,0.0,0.0,0.0,0.0,0.0,0.0,0.0,0.0,0.0,0,0.94839126,1
-0.288616,-1.4381213,-0.73323685,2.549332,4.405704,-0.61131465,-0.046203565,0.3475393,-1.5052413,1.0,0.0,0.0,0.0,0.0,0.0,0.0,0.0,0.0,0.0,0.0,0.0,0.0,0.0,1,0.92907035,1
-0.2902222,1.495366,1.453375,2.117488,4.5773807,0.36205244,0.20130005,0.41199857,0.8881856,0.0,0.0,0.0,0.0,0.0,0.0,0.0,1.0,0.0,0.0,0.0,0.0,0.0,0.0,1,0.9990043,1
-0.27508757,-1.4381213,-0.2728975,2.3811219,4.586926,2.6332424,0.043477584,0.47645783,-0.7295937,1.0,0.0,0.0,0.0,0.0,0.0,0.0,0.0,0.0,0.0,0.0,0.0,0.0,0.0,0,0.9437531,1
-0.28663227,-1.5847957,1.7410871,2.427939,1.4584464,-0.61131465,-0.046257164,2.0879395,0.22334483,0.0,1.0,0.0,0.0,0.0,0.0,0.0,0.0,0.0,0.0,0.0,0.0,0.0,0.0,1,0.99972767,1
-0.28780463,1.3486917,-1.3662034,2.8641713,8.289073,-0.61131465,1.9008554,0.41199857,0.5779266,0.0,0.0,0.0,0.0,0.0,0.0,0.0,1.0,0.0,0.0,0.0,0.0,0.0,0.0,1,0.78140134,1
0.13210703,1.495366,-1.2511185,2.2318938,0.34626052,0.36205244,-0.03845984,-0.8127276,0.60008794,0.0,0.0,0.0,0.0,0.0,0.0,0.0,0.0,1.0,0.0,0.0,0.0,0.0,0.0,0,0.5070239,1
-0.2938353,-1.5847957,0.4751539,2.1050053,-0.25592524,-0.28685895,-0.046841137,0.21862076,1.6416719,0.0,0.0,0.0,1.0,0.0,0.0,0.0,0.0,0.0,0.0,0.0,0.0,0.0,0.0,0,0.5644425,1
-0.2935538,0.46864545,1.6260022,2.1964211,5.016384,1.0109638,-0.047340482,1.3788877,0.42279708,0.0,0.0,0.0,0.0,0.0,0.0,1.0,0.0,0.0,0.0,0.0,0.0,0.0,0.0,1,0.9932679,1
-0.28157857,0.028622357,0.30252665,2.397314,7.132573,1.0109638,-0.048431046,2.2813175,-0.3750119,0.0,0.0,0.0,0.0,0.0,0.0,1.0,0.0,0.0,0.0,0.0,0.0,0.0,0.0,1,0.61434793,1
-0.11278928,-1.2914469,-0.79077923,2.8994236,1.6122844,2.6332424,-0.019061867,2.0879395,1.3757355,0.0,1.0,0.0,0.0,0.0,0.0,0.0,0.0,0.0,0.0,0.0,0.0,0.0,0.0,1,0.99891603,1
3.0914187,-1.73147,-0.15781268,1.7884244,-0.43337956,-0.61131465,-0.045345668,0.025242949,1.2649288,0.0,0.0,0.0,1.0,0.0,0.0,0.0,0.0,0.0,0.0,0.0,0.0,0.0,0.0,0,0.79066783,1
-0.2917721,-1.73147,-0.9634065,2.4141636,4.6065197,0.03759675,-0.047477003,0.15416148,-1.0176914,1.0,0.0,0.0,0.0,0.0,0.0,0.0,0.0,0.0,0.0,0.0,0.0,0.0,0.0,0,0.96609384,1
-0.20468004,1.3486917,-0.73323685,2.514195,2.287669,-0.61131465,-0.042955685,-0.7482683,-0.042591497,0.0,0.0,1.0,0.0,0.0,0.0,0.0,0.0,0.0,0.0,0.0,0.0,0.0,0.0,0,0.7386009,1
4.929721,1.495366,0.93549323,2.951817,4.7915716,0.36205244,0.025140507,1.249969,1.5087037,0.0,0.0,0.0,0.0,0.0,0.0,1.0,0.0,0.0,0.0,0.0,0.0,0.0,0.0,1,0.9950088,1
-0.27690572,-1.73147,-0.79077923,1.8961626,4.742159,-0.28685895,-0.01691582,0.7342949,-0.8182391,1.0,0.0,0.0,0.0,0.0,0.0,0.0,0.0,0.0,0.0,0.0,0.0,0.0,0.0,1,0.97814083,1
-0.2742729,1.3486917,-0.618152,2.1645212,1.0691314,-0.93577033,-0.04898,-0.4904312,0.5336039,0.0,0.0,0.0,0.0,0.0,0.0,0.0,0.0,0.0,0.0,0.0,0.0,0.0,1.0,0,0.6745615,1
-0.28742048,1.495366,0.1298994,2.7097945,-0.32407692,0.36205244,0.061275315,-0.4904312,-0.064752854,0.0,0.0,0.0,0.0,1.0,0.0,0.0,0.0,0.0,0.0,0.0,0.0,0.0,0.0,0,0.6131676,1
0.05538734,-1.2914469,0.014814562,2.0517557,-0.35092995,1.0109638,-0.042531885,0.15416148,1.4422196,0.0,0.0,0.0,1.0,0.0,0.0,0.0,0.0,0.0,0.0,0.0,0.0,0.0,0.0,0,0.69890124,1
-0.2819495,-1.73147,0.014814562,2.9187188,1.7309135,1.6598753,-0.04014731,1.249969,1.7968014,0.0,1.0,0.0,0.0,0.0,0.0,0.0,0.0,0.0,0.0,0.0,0.0,0.0,0.0,1,0.9989102,1
-0.24971303,1.495366,0.7053236,2.0100343,6.5579376,0.6865081,-0.03264652,1.4433469,0.1790221,0.0,0.0,0.0,0.0,0.0,0.0,1.0,0.0,0.0,0.0,0.0,0.0,0.0,0.0,1,0.9971726,1
-0.1269569,-1.73147,-0.618152,1.8153856,5.9829073,0.6865081,-0.026815742,1.7656432,0.8660243,0.0,0.0,0.0,0.0,0.0,0.0,1.0,0.0,0.0,0.0,0.0,0.0,0.0,0.0,1,0.9977514,1
-0.26424494,1.495366,0.24498422,2.9856963,-0.16245323,0.36205244,0.27384973,-0.42597193,0.33415163,0.0,0.0,0.0,0.0,0.0,0.0,0.0,0.0,0.0,0.0,1.0,0.0,0.0,0.0,0,0.6322413,1
-0.29023546,1.0553429,-0.73323685,2.0695808,1.3754523,0.03759675,-0.04163984,-0.55489045,0.5557652,0.0,0.0,0.0,0.0,0.0,0.0,0.0,0.0,0.0,0.0,0.0,0.0,0.0,1.0,0,0.561566,1
-0.2755545,-1.4381213,0.8204084,2.2262998,1.6291238,-1.260226,-0.04890575,1.8301024,0.7995402,0.0,1.0,0.0,0.0,0.0,0.0,0.0,0.0,0.0,0.0,0.0,0.0,0.0,0.0,1,0.99968016,1
-0.2929544,-1.2914469,0.18744181,2.024857,6.9488344,-0.61131465,-0.03697584,2.2813175,0.112538025,0.0,0.0,0.0,0.0,0.0,0.0,1.0,0.0,0.0,0.0,0.0,0.0,0.0,0.0,0,0.90770113,1
-0.28157857,1.3486917,0.30252665,2.3999708,6.052594,0.36205244,-0.046359956,0.992132,-0.8625618,1.0,0.0,0.0,0.0,0.0,0.0,0.0,0.0,0.0,0.0,0.0,0.0,0.0,0.0,1,0.9877192,1
-0.2862117,0.9086686,0.07235698,2.0022447,4.579549,-0.61131465,-0.045536112,1.0565913,0.15686075,0.0,0.0,0.0,0.0,0.0,0.0,1.0,0.0,0.0,0.0,0.0,0.0,0.0,0.0,0,0.55227005,1
-0.27462062,1.2020173,0.07235698,2.2851615,1.5298249,-0.28685895,-0.04858677,-0.683809,0.7995402,0.0,0.0,0.0,0.0,0.0,0.0,0.0,0.0,0.0,0.0,0.0,0.0,0.0,1.0,0,0.70475185,1
-0.28477108,1.2020173,-0.6756944,2.3054311,6.0134172,-0.28685895,-0.048268143,1.5722654,0.22334483,0.0,0.0,0.0,0.0,0.0,0.0,1.0,0.0,0.0,0.0,0.0,0.0,0.0,0.0,1,0.92455494,1
-0.28092948,1.2020173,-0.2153551,1.9018644,-0.16552526,1.3354195,0.09890525,-0.8127276,-1.7268549,0.0,0.0,0.0,0.0,0.0,0.0,0.0,0.0,0.0,0.0,0.0,1.0,0.0,0.0,0,0.5347947,1
-0.2897453,0.028622357,-0.73323685,2.0608673,4.7126365,1.0109638,-0.04187191,0.41199857,0.93250835,0.0,0.0,0.0,0.0,0.0,0.0,0.0,1.0,0.0,0.0,0.0,0.0,0.0,0.0,0,0.5357564,1
-0.27470672,1.495366,-1.0784913,2.8376272,-0.5069501,0.36205244,0.026711877,-0.4904312,0.1790221,0.0,0.0,0.0,0.0,0.0,0.0,0.0,0.0,0.0,0.0,0.0,0.0,1.0,0.0,0,0.56085104,1
-0.29206023,1.2020173,0.014814562,2.3458025,1.4919387,-0.61131465,-0.034499574,-0.55489045,-0.020430136,0.0,0.0,0.0,0.0,0.0,0.0,0.0,0.0,0.0,0.0,0.0,0.0,0.0,1.0,0,0.67256534,1
-0.2935273,1.495366,0.5326963,2.4608428,-0.016187405,1.3354195,0.0961068,-0.683809,-0.9512073,0.0,0.0,0.0,0.0,1.0,0.0,0.0,0.0,0.0,0.0,0.0,0.0,0.0,0.0,1,0.98024106,1
-0.29176217,-1.73147,0.07235698,2.3939435,5.962932,0.6865081,-0.021268535,1.8301024,-0.21988238,0.0,0.0,0.0,0.0,0.0,0.0,1.0,0.0,0.0,0.0,0.0,0.0,0.0,0.0,1,0.99233013,1
0.27270684,1.3486917,0.59023875,2.3528867,5.4061055,-0.93577033,-0.047302317,0.60537636,-0.5523028,1.0,0.0,0.0,0.0,0.0,0.0,0.0,0.0,0.0,0.0,0.0,0.0,0.0,0.0,1,0.99695134,1
-0.2792206,1.495366,-1.0784913,2.9787238,-0.1798349,0.6865081,-0.007998001,-0.8127276,0.5336039,0.0,0.0,0.0,0.0,0.0,0.0,0.0,0.0,0.0,0.0,1.0,0.0,0.0,0.0,0,0.5178987,1
-0.2814693,1.495366,0.18744181,2.3532193,4.8856344,-0.28685895,-0.0056586023,0.41199857,0.2455062,0.0,0.0,0.0,0.0,0.0,0.0,0.0,1.0,0.0,0.0,0.0,0.0,0.0,0.0,1,0.97652924,1
-0.15236454,1.495366,-0.5030672,1.9562142,1.1766789,-0.28685895,-0.0058909366,-0.7482683,1.2870902,0.0,0.0,0.0,0.0,0.0,0.0,0.0,0.0,0.0,0.0,0.0,0.0,0.0,1.0,1,0.9136719,1
-0.2877947,1.3486917,0.76286596,2.0434246,-0.34437162,-0.28685895,0.11524031,-0.7482683,-1.3722731,0.0,0.0,0.0,0.0,0.0,0.0,0.0,0.0,0.0,0.0,0.0,1.0,0.0,0.0,0,0.51381505,1
-0.28061816,-1.4381213,-0.2153551,2.0716462,4.7506456,1.0109638,-0.032876372,0.21862076,0.60008794,0.0,0.0,0.0,0.0,0.0,0.0,0.0,1.0,0.0,0.0,0.0,0.0,0.0,0.0,1,0.9960615,1
-0.17864317,-1.2914469,0.1298994,2.5362382,-0.5687996,0.03759675,0.076873876,-0.03921632,0.5557652,0.0,0.0,0.0,1.0,0.0,0.0,0.0,0.0,0.0,0.0,0.0,0.0,0.0,0.0,0,0.8206527,1
-0.28917238,-1.73147,-1.1360338,2.6966949,1.1886717,0.03759675,0.0884795,1.5078062,-0.17555965,0.0,1.0,0.0,0.0,0.0,0.0,0.0,0.0,0.0,0.0,0.0,0.0,0.0,0.0,1,0.9934034,1
7.600726,1.495366,0.8204084,2.1915252,-0.27316138,-0.61131465,0.036637112,-0.4904312,0.46711978,0.0,0.0,0.0,0.0,0.0,0.0,0.0,0.0,0.0,0.0,0.0,0.0,1.0,0.0,0,0.5070305,1
-0.2914343,1.495366,-0.042727854,3.0258687,-0.25838763,1.3354195,-0.0298901,-0.9416461,1.8854469,0.0,0.0,0.0,0.0,0.0,0.0,0.0,0.0,0.0,0.0,0.0,0.0,1.0,0.0,0,0.50924546,1
-0.29353395,1.495366,0.18744181,2.6760778,-0.37690827,1.0109638,0.1817193,-0.55489045,0.22334483,0.0,0.0,0.0,0.0,0.0,0.0,0.0,0.0,0.0,0.0,0.0,0.0,1.0,0.0,0,0.7154406,1
-0.18105742,1.495366,-1.2511185,2.8713272,5.263568,0.36205244,-0.031578522,0.41199857,0.71089476,0.0,0.0,0.0,0.0,0.0,0.0,0.0,1.0,0.0,0.0,0.0,0.0,0.0,0.0,0,0.93914735,1
-0.114378914,0.17529672,0.07235698,2.888908,5.1018744,1.0109638,-0.03093583,1.4433469,0.22334483,0.0,0.0,0.0,0.0,0.0,0.0,1.0,0.0,0.0,0.0,0.0,0.0,0.0,0.0,0,0.6378312,1
-0.29160982,-0.26472637,0.07235698,2.5314248,1.894943,0.36205244,-0.045173924,1.4433469,0.20118347,0.0,1.0,0.0,0.0,0.0,0.0,0.0,0.0,0.0,0.0,0.0,0.0,0.0,0.0,1,0.99575555,1
-0.28995395,1.495366,0.8779508,2.4876626,0.5917277,0.03759675,0.12841846,-0.8127276,-0.2642051,0.0,0.0,0.0,0.0,0.0,0.0,0.0,0.0,1.0,0.0,0.0,0.0,0.0,0.0,0,0.83415574,1
1.2289741,-1.2914469,0.76286596,2.7109852,-0.3772896,-0.61131465,-0.044822022,0.6698356,1.1762834,0.0,0.0,0.0,1.0,0.0,0.0,0.0,0.0,0.0,0.0,0.0,0.0,0.0,0.0,0,0.5614187,1
-0.29350746,-1.1447725,0.8204084,2.2874446,-0.29057315,0.36205244,-0.048259694,-0.16813485,1.2649288,0.0,0.0,0.0,1.0,0.0,0.0,0.0,0.0,0.0,0.0,0.0,0.0,0.0,0.0,0,0.5498657,1
-0.2928153,1.3486917,-0.2728975,2.4738946,1.23457,-0.93577033,-0.04928348,2.0879395,0.20118347,0.0,1.0,0.0,0.0,0.0,0.0,0.0,0.0,0.0,0.0,0.0,0.0,0.0,0.0,1,0.992458,1
-0.27539888,1.2020173,-1.711458,2.4534492,6.473058,-1.260226,-0.048174188,0.41199857,-0.08691422,0.0,0.0,0.0,0.0,0.0,0.0,0.0,1.0,0.0,0.0,0.0,0.0,0.0,0.0,0,0.71152174,1
-0.29215625,1.3486917,-1.3662034,2.7833538,5.3584714,1.9843309,0.12976283,1.5722654,-0.35285056,0.0,0.0,0.0,0.0,0.0,0.0,1.0,0.0,0.0,0.0,0.0,0.0,0.0,0.0,1,0.97666293,1
-0.28289664,-1.5847957,2.6617658,2.1857727,1.4832553,-1.260226,-0.04927307,2.1523988,1.2427675,0.0,1.0,0.0,0.0,0.0,0.0,0.0,0.0,0.0,0.0,0.0,0.0,0.0,0.0,1,0.9997558,1
-0.27009347,0.7619942,-0.8483217,2.0017962,5.506355,1.3354195,0.0683338,0.41199857,1.0876379,0.0,0.0,0.0,0.0,0.0,0.0,0.0,1.0,0.0,0.0,0.0,0.0,0.0,0.0,0,0.60382986,1
-0.27901196,1.0553429,-1.0209489,2.076278,4.068444,1.0109638,-0.013516312,0.21862076,0.20118347,0.0,0.0,0.0,0.0,0.0,0.0,0.0,1.0,0.0,0.0,0.0,0.0,0.0,0.0,0,0.6163354,1
-0.29237482,-1.8781444,-0.5606096,2.2727666,-0.3935626,0.36205244,-0.04045275,0.15416148,1.2206061,0.0,0.0,0.0,1.0,0.0,0.0,0.0,0.0,0.0,0.0,0.0,0.0,0.0,0.0,0,0.7486874,1
-0.29336172,-1.8781444,-0.79077923,1.8084005,-0.29511228,1.0109638,-0.026264537,0.15416148,1.6195105,0.0,0.0,0.0,1.0,0.0,0.0,0.0,0.0,0.0,0.0,0.0,0.0,0.0,0.0,0,0.54113895,1
-0.2424239,-1.2914469,-1.1360338,2.8524768,0.99553806,-0.28685895,-0.046253398,2.0879395,1.0211538,0.0,1.0,0.0,0.0,0.0,0.0,0.0,0.0,0.0,0.0,0.0,0.0,0.0,0.0,0,0.75387985,1
-0.25688627,-1.8781444,0.07235698,2.8040879,-0.22728941,1.3354195,-0.044125497,0.08970222,0.28982893,0.0,0.0,0.0,1.0,0.0,0.0,0.0,0.0,0.0,0.0,0.0,0.0,0.0,0.0,0,0.5086495,1
-0.28540695,1.3486917,-0.5606096,1.9019148,0.3806164,0.36205244,-0.048713077,-0.9416461,0.0682153,0.0,0.0,0.0,0.0,0.0,0.0,0.0,0.0,1.0,0.0,0.0,0.0,0.0,0.0,0,0.5265654,1
2.1442156,-1.8781444,1.2232053,1.8151155,1.599187,0.6865081,0.16410342,1.249969,0.7330561,0.0,1.0,0.0,0.0,0.0,0.0,0.0,0.0,0.0,0.0,0.0,0.0,0.0,0.0,1,0.999887,1
0.76698357,-1.8781444,-0.10027027,2.61589,-0.2916594,0.36205244,-0.01965607,-0.03921632,0.64441067,0.0,0.0,0.0,1.0,0.0,0.0,0.0,0.0,0.0,0.0,0.0,0.0,0.0,0.0,0,0.83618695,1
-0.28579772,-1.8781444,0.18744181,1.8085282,-0.38791573,0.36205244,-0.038635388,-0.6193497,-1.2614664,0.0,0.0,0.0,0.0,0.0,1.0,0.0,0.0,0.0,0.0,0.0,0.0,0.0,0.0,0,0.76410174,1
0.010867661,0.46864545,1.7410871,2.21658,5.4557967,0.36205244,-0.047374785,1.6367247,0.64441067,0.0,0.0,0.0,0.0,0.0,0.0,1.0,0.0,0.0,0.0,0.0,0.0,0.0,0.0,1,0.997612,1
-0.2719646,-1.4381213,-1.4237459,2.1053846,1.6841978,1.0109638,-0.04104953,2.3457766,1.0654765,0.0,1.0,0.0,0.0,0.0,0.0,0.0,0.0,0.0,0.0,0.0,0.0,0.0,0.0,1,0.99782723,1
-0.28774172,-1.5847957,0.36006907,2.2731967,-0.29144874,-0.93577033,-0.04685077,0.21862076,1.3314129,0.0,0.0,0.0,1.0,0.0,0.0,0.0,0.0,0.0,0.0,0.0,0.0,0.0,0.0,0,0.6127053,1
-0.23094212,1.3486917,2.546681,2.0567813,4.3073993,-0.61131465,-0.043680817,0.7342949,-0.7074323,1.0,0.0,0.0,0.0,0.0,0.0,0.0,0.0,0.0,0.0,0.0,0.0,0.0,0.0,1,0.9970661,1
-0.27901196,-1.1447725,-1.0209489,2.9669366,0.94248796,1.0109638,0.07201666,1.3144283,1.7746401,0.0,1.0,0.0,0.0,0.0,0.0,0.0,0.0,0.0,0.0,0.0,0.0,0.0,0.0,0,0.8493947,1
-0.294087,1.495366,0.24498422,2.8979964,-0.053474426,0.6865081,0.0042481995,-0.87718683,0.51144254,0.0,0.0,0.0,0.0,0.0,0.0,0.0,0.0,0.0,1.0,0.0,0.0,0.0,0.0,0,0.54769814,1
-0.2711433,0.46864545,-0.6756944,2.7347386,4.9216805,-0.28685895,-0.04678321,0.47645783,0.023892585,0.0,0.0,0.0,0.0,0.0,0.0,0.0,1.0,0.0,0.0,0.0,0.0,0.0,0.0,0,0.6310183,1
9.332063,1.495366,-0.618152,2.575248,0.5024651,0.6865081,0.24130656,-0.6193497,0.910347,0.0,0.0,0.0,0.0,0.0,0.0,0.0,0.0,0.0,0.0,0.0,0.0,0.0,1.0,0,0.5276725,1
-0.27643213,-1.2914469,0.4751539,2.9331946,-0.28771436,1.0109638,-0.04216225,0.41199857,1.708156,0.0,0.0,0.0,1.0,0.0,0.0,0.0,0.0,0.0,0.0,0.0,0.0,0.0,0.0,0,0.69998604,1
-0.28704956,-1.4381213,1.1656629,2.8925076,-0.22346681,1.0109638,-0.039270148,-0.6193497,-1.4387572,0.0,0.0,0.0,0.0,0.0,1.0,0.0,0.0,0.0,0.0,0.0,0.0,0.0,0.0,0,0.60926235,1
-0.28668526,-1.73147,2.0863416,2.2324505,-0.24680217,0.03759675,-0.025385145,-0.7482683,-1.4609185,0.0,0.0,0.0,0.0,0.0,1.0,0.0,0.0,0.0,0.0,0.0,0.0,0.0,0.0,0,0.6498313,1
-0.28579772,1.3486917,0.18744181,2.4538217,-0.18603054,1.0109638,0.06345581,-0.6193497,-0.24204375,0.0,0.0,0.0,0.0,0.0,0.0,0.0,0.0,0.0,1.0,0.0,0.0,0.0,0.0,0,0.5606173,1
-0.28932473,1.3486917,2.2014263,2.2653027,6.811154,-0.28685895,-0.048160758,2.410236,-0.2642051,0.0,0.0,0.0,0.0,0.0,0.0,1.0,0.0,0.0,0.0,0.0,0.0,0.0,0.0,1,0.9989741,1
-0.09630676,1.495366,-0.618152,2.9115264,-0.54945976,0.6865081,-0.0060538524,-0.6193497,0.28982893,0.0,0.0,0.0,0.0,0.0,0.0,0.0,0.0,0.0,0.0,1.0,0.0,0.0,0.0,0,0.5947541,1
1.9357684,1.3486917,-0.5606096,2.7967894,5.7829823,-0.61131465,-0.0410574,0.47645783,-0.21988238,0.0,0.0,0.0,0.0,0.0,0.0,0.0,1.0,0.0,0.0,0.0,0.0,0.0,0.0,1,0.72295636,1
9.332063,1.3486917,-0.5606096,2.9449987,-0.28015712,1.6598753,0.17533371,-0.6193497,0.64441067,0.0,0.0,0.0,0.0,0.0,0.0,0.0,0.0,0.0,0.0,1.0,0.0,0.0,0.0,0,0.7294839,1
-0.28935122,1.495366,-0.042727854,2.13767,-0.23422998,0.6865081,0.097380266,-0.4904312,0.9546697,0.0,0.0,0.0,0.0,0.0,0.0,0.0,0.0,0.0,0.0,0.0,0.0,1.0,0.0,0,0.641616,1
-0.29249406,0.3219711,-0.38798234,2.8757493,4.7200255,0.03759675,-0.044953726,0.41199857,0.60008794,0.0,0.0,0.0,0.0,0.0,0.0,0.0,1.0,0.0,0.0,0.0,0.0,0.0,0.0,0,0.6235839,1
-0.28663227,-1.1447725,1.7410871,2.4287453,1.4507627,0.03759675,-0.023434551,2.2813175,0.20118347,0.0,1.0,0.0,0.0,0.0,0.0,0.0,0.0,0.0,0.0,0.0,0.0,0.0,0.0,1,0.99976784,1
-0.27470672,-1.8781444,-1.0784913,3.005959,0.9057876,0.03759675,-0.042737335,1.3144283,2.328674,0.0,1.0,0.0,0.0,0.0,0.0,0.0,0.0,0.0,0.0,0.0,0.0,0.0,0.0,0,0.55840856,1
-0.29258016,1.3486917,0.76286596,2.47403,3.344249,1.6598753,0.19536865,0.15416148,0.46711978,0.0,0.0,0.0,0.0,0.0,0.0,0.0,1.0,0.0,0.0,0.0,0.0,0.0,0.0,1,0.8624164,1
-0.24834529,-1.1447725,0.36006907,2.7114155,-0.35998166,0.03759675,-0.0483477,-0.23259413,0.48928115,0.0,0.0,0.0,1.0,0.0,0.0,0.0,0.0,0.0,0.0,0.0,0.0,0.0,0.0,0,0.55497795,1
-0.043034166,1.495366,-0.042727854,2.4002557,5.146218,0.6865081,0.86320937,0.21862076,0.112538025,0.0,0.0,0.0,0.0,0.0,0.0,0.0,1.0,0.0,0.0,0.0,0.0,0.0,0.0,1,0.98383313,1
1.0020142,0.3219711,-1.1935762,1.8124648,4.9359503,1.3354195,-0.033576805,0.6698356,0.7995402,0.0,0.0,0.0,0.0,0.0,0.0,0.0,1.0,0.0,0.0,0.0,0.0,0.0,0.0,0,0.5572443,1
-0.28958303,1.2020173,0.41761148,2.1979098,0.4952497,1.0109638,-0.027225683,2.9903693,3.990776,0.0,0.0,0.0,0.0,0.0,0.0,0.0,0.0,1.0,0.0,0.0,0.0,0.0,0.0,0,0.68236566,1
-0.29345116,-0.85142386,0.30252665,2.516747,-0.36217993,0.6865081,-0.049227152,0.15416148,0.22334483,0.0,0.0,0.0,1.0,0.0,0.0,0.0,0.0,0.0,0.0,0.0,0.0,0.0,0.0,0,0.54014164,1
-0.26492053,-1.5847957,-1.0209489,2.5088,-0.33819652,-0.93577033,-0.045866523,0.60537636,0.356313,0.0,0.0,0.0,1.0,0.0,0.0,0.0,0.0,0.0,0.0,0.0,0.0,0.0,0.0,0,0.6584288,1
-0.28540695,-1.4381213,-0.5606096,2.623475,0.35297552,1.0109638,0.0076252315,2.9903693,2.6167717,0.0,0.0,0.0,0.0,0.0,0.0,0.0,0.0,1.0,0.0,0.0,0.0,0.0,0.0,1,0.7966905,1
-0.27522334,-1.5847957,-1.1935762,2.044453,5.7333555,-0.61131465,-0.013700095,2.410236,2.6167717,0.0,0.0,0.0,0.0,0.0,0.0,1.0,0.0,0.0,0.0,0.0,0.0,0.0,0.0,1,0.9978258,1
-0.26266193,1.495366,0.07235698,1.9023949,1.1755238,-1.260226,-0.04913483,-0.6193497,1.464381,0.0,0.0,0.0,0.0,0.0,0.0,0.0,0.0,0.0,0.0,0.0,0.0,0.0,1.0,1,0.51388186,1
-0.2935273,0.3219711,0.5326963,2.4585564,6.909471,0.36205244,-0.04877873,2.3457766,-0.5523028,0.0,0.0,0.0,0.0,0.0,0.0,1.0,0.0,0.0,0.0,0.0,0.0,0.0,0.0,1,0.911062,1
-0.2846585,-1.73147,-1.4812882,2.90536,1.4768369,2.3087866,-0.044459525,2.3457766,1.0211538,0.0,1.0,0.0,0.0,0.0,0.0,0.0,0.0,0.0,0.0,0.0,0.0,0.0,0.0,1,0.9982839,1
-0.29147735,1.2020173,0.07235698,2.0431788,3.9435177,-0.93577033,-0.047359623,0.47645783,0.93250835,0.0,0.0,0.0,0.0,0.0,0.0,0.0,1.0,0.0,0.0,0.0,0.0,0.0,0.0,0,0.5962253,1
-0.18979378,-1.2914469,0.1298994,2.3880644,-0.3355385,0.36205244,-0.04762084,-0.16813485,0.6222493,0.0,0.0,0.0,1.0,0.0,0.0,0.0,0.0,0.0,0.0,0.0,0.0,0.0,0.0,0,0.6240207,1
-0.2891194,-1.5847957,-0.618152,2.1386087,1.7914413,0.6865081,-0.044959567,1.8301024,1.0654765,0.0,1.0,0.0,0.0,0.0,0.0,0.0,0.0,0.0,0.0,0.0,0.0,0.0,0.0,1,0.998555,1
-0.2704412,1.495366,-0.5030672,2.238807,-0.06669206,0.6865081,1.2382344,-0.42597193,-0.2642051,0.0,0.0,0.0,0.0,0.0,0.0,0.0,0.0,0.0,0.0,1.0,0.0,0.0,0.0,0,0.6591196,1
-0.043034166,-1.4381213,-0.042727854,2.3879325,1.6021138,0.03759675,-0.028379336,1.6367247,1.0211538,0.0,1.0,0.0,0.0,0.0,0.0,0.0,0.0,0.0,0.0,0.0,0.0,0.0,0.0,1,0.99911815,1
-0.17864317,1.3486917,0.1298994,2.9784894,-0.312986,1.6598753,0.5490441,-0.42597193,1.6195105,0.0,0.0,0.0,0.0,0.0,0.0,0.0,0.0,0.0,0.0,0.0,0.0,1.0,0.0,0,0.7120426,1
-0.28327087,1.3486917,2.3165112,2.8238056,5.599451,-0.28685895,-0.048843995,-0.03921632,0.1790221,0.0,0.0,0.0,0.0,0.0,0.0,0.0,1.0,0.0,0.0,0.0,0.0,0.0,0.0,1,0.9987338,1
0.49602386,1.495366,-1.1360338,2.5145292,6.369474,0.6865081,-0.043993987,0.15416148,0.22334483,0.0,0.0,0.0,0.0,0.0,0.0,0.0,1.0,0.0,0.0,0.0,0.0,0.0,0.0,0,0.83938575,1
-0.28552946,0.3219711,-1.2511185,1.8663357,6.2460494,-0.28685895,-0.049232088,2.410236,0.15686075,0.0,0.0,0.0,0.0,0.0,0.0,1.0,0.0,0.0,0.0,0.0,0.0,0.0,0.0,0,0.8590316,1
-0.2743292,1.3486917,0.36006907,2.494078,-0.31981,0.03759675,0.15337224,-0.42597193,-0.7960777,0.0,0.0,0.0,0.0,1.0,0.0,0.0,0.0,0.0,0.0,0.0,0.0,0.0,0.0,1,0.9491085,1
-0.22417292,1.495366,-0.618152,1.7676178,-0.43901858,0.6865081,0.14921716,-0.683809,0.8217016,0.0,0.0,0.0,0.0,0.0,0.0,0.0,0.0,0.0,1.0,0.0,0.0,0.0,0.0,0,0.61558694,1
-0.29173568,-1.4381213,-1.1935762,2.0446794,1.6660006,1.3354195,-0.024820976,1.8301024,0.8660243,0.0,1.0,0.0,0.0,0.0,0.0,0.0,0.0,0.0,0.0,0.0,0.0,0.0,0.0,1,0.99833614,1
-0.2719646,1.3486917,-1.4237459,2.1040218,6.30503,0.6865081,-0.030168578,1.7011839,0.356313,0.0,0.0,0.0,0.0,0.0,0.0,1.0,0.0,0.0,0.0,0.0,0.0,0.0,0.0,1,0.9714352,1
-0.25690612,-1.4381213,-0.2153551,2.7782469,1.5006001,0.36205244,-0.021025375,1.8301024,0.0682153,0.0,1.0,0.0,0.0,0.0,0.0,0.0,0.0,0.0,0.0,0.0,0.0,0.0,0.0,1,0.9983333,1
-0.12581103,-1.2914469,-0.73323685,2.980225,-0.336637,1.0109638,-0.023389084,0.08970222,2.9713535,0.0,0.0,0.0,1.0,0.0,0.0,0.0,0.0,0.0,0.0,0.0,0.0,0.0,0.0,0,0.6600335,1
2.1999588,-1.5847957,0.1298994,2.9192681,-0.22210023,0.03759675,-0.032633103,0.21862076,1.7746401,0.0,0.0,0.0,1.0,0.0,0.0,0.0,0.0,0.0,0.0,0.0,0.0,0.0,0.0,0,0.5297801,1
0.4485137,-1.8781444,-0.6756944,2.192013,-0.2805202,1.9843309,0.009520909,-0.16813485,0.93250835,0.0,0.0,0.0,1.0,0.0,0.0,0.0,0.0,0.0,0.0,0.0,0.0,0.0,0.0,0,0.7516166,1
-0.27690572,1.0553429,-0.79077923,1.8208624,7.3183603,-0.61131465,-0.016544197,1.6367247,2.6389332,0.0,0.0,0.0,0.0,0.0,0.0,1.0,0.0,0.0,0.0,0.0,0.0,0.0,0.0,0,0.81363446,1
-0.29350746,1.495366,0.8204084,2.5752378,0.76857793,0.36205244,-0.04560669,-0.6193497,-0.44149598,0.0,0.0,0.0,0.0,0.0,0.0,0.0,0.0,1.0,0.0,0.0,0.0,0.0,0.0,0,0.5024229,1
-0.17726217,1.3486917,-0.10027027,2.1509893,5.028499,-0.93577033,-0.039217148,0.41199857,0.8660243,0.0,0.0,0.0,0.0,0.0,0.0,0.0,1.0,0.0,0.0,0.0,0.0,0.0,0.0,0,0.86466044,1
-0.29039112,1.3486917,1.2807478,2.911352,4.840996,0.03759675,-0.03712981,0.41199857,-0.68527097,1.0,0.0,0.0,0.0,0.0,0.0,0.0,0.0,0.0,0.0,0.0,0.0,0.0,0.0,1,0.9984395,1
-0.2825456,1.495366,1.5684597,1.9965289,1.748763,1.0109638,0.044351846,1.3144283,0.93250835,0.0,1.0,0.0,0.0,0.0,0.0,0.0,0.0,0.0,0.0,0.0,0.0,0.0,0.0,1,0.9995685,1
2.7200074,1.2020173,-0.10027027,2.0564067,7.380282,1.0109638,0.006005882,2.0234802,0.37847435,0.0,0.0,0.0,0.0,0.0,0.0,1.0,0.0,0.0,0.0,0.0,0.0,0.0,0.0,0,0.67373073,1
-0.29398766,1.495366,-1.0784913,2.3868737,-0.22169456,0.03759675,0.13430502,-0.4904312,0.023892585,0.0,0.0,0.0,0.0,0.0,0.0,0.0,0.0,0.0,0.0,0.0,0.0,1.0,0.0,0,0.5056195,1
-0.28816894,1.495366,-0.042727854,1.7610998,-0.21409866,0.03759675,0.05210092,-0.55489045,0.1790221,0.0,0.0,0.0,0.0,0.0,0.0,0.0,0.0,0.0,1.0,0.0,0.0,0.0,0.0,0,0.640469,1
0.6228435,-0.118052006,-1.3662034,2.2422564,6.199314,3.2821536,-0.046533804,1.8301024,0.22334483,0.0,0.0,0.0,0.0,0.0,0.0,1.0,0.0,0.0,0.0,0.0,0.0,0.0,0.0,0,0.8995066,1
-0.29043415,1.495366,1.050578,2.0570626,-0.24975465,1.0109638,0.37727255,-0.4904312,0.31199026,0.0,0.0,0.0,0.0,0.0,0.0,0.0,0.0,0.0,0.0,0.0,0.0,1.0,0.0,0,0.5212985,1
-0.22897163,1.495366,-0.618152,2.5347881,0.38100332,1.6598753,0.021950442,-0.8127276,-0.13123694,0.0,0.0,0.0,0.0,0.0,0.0,0.0,0.0,1.0,0.0,0.0,0.0,0.0,0.0,0,0.7327295,1
-0.28663227,1.495366,1.7410871,2.4270165,5.123183,-0.61131465,-0.048024856,0.6698356,-0.8625618,1.0,0.0,0.0,0.0,0.0,0.0,0.0,0.0,0.0,0.0,0.0,0.0,0.0,0.0,1,0.9981779,1
-0.2922457,1.3486917,1.6260022,1.8617338,4.639415,0.6865081,-0.042702056,2.2813175,0.023892585,0.0,0.0,0.0,0.0,0.0,0.0,1.0,0.0,0.0,0.0,0.0,0.0,0.0,0.0,1,0.9980805,1
-0.28823847,-1.5847957,-0.5030672,2.0780175,6.301742,1.3354195,1.2248015,0.47645783,0.64441067,0.0,0.0,0.0,0.0,0.0,0.0,0.0,1.0,0.0,0.0,0.0,0.0,0.0,0.0,1,0.9890752,1
1.0020142,0.7619942,-1.1935762,2.190241,4.325436,0.6865081,-0.023318293,0.41199857,0.8217016,0.0,0.0,0.0,0.0,0.0,0.0,0.0,1.0,0.0,0.0,0.0,0.0,0.0,0.0,0,0.567274,1
-0.2934445,1.495366,2.6042233,2.1376867,1.0372165,-0.61131465,4.757663,-0.55489045,0.5779266,0.0,0.0,0.0,0.0,0.0,0.0,0.0,0.0,0.0,0.0,0.0,0.0,0.0,1.0,0,0.9044937,1
-0.29393467,1.0553429,-1.0209489,2.486745,4.5562196,-0.61131465,-0.043056577,0.47645783,0.20118347,0.0,0.0,0.0,0.0,0.0,0.0,0.0,1.0,0.0,0.0,0.0,0.0,0.0,0.0,0,0.7306652,1
-0.29200062,-1.2914469,0.41761148,2.610073,-0.3414506,0.03759675,-0.04807114,0.60537636,0.023892585,0.0,0.0,0.0,1.0,0.0,0.0,0.0,0.0,0.0,0.0,0.0,0.0,0.0,0.0,0,0.70784926,1
-0.28191304,-0.26472637,1.453375,2.8206482,5.7566805,-0.28685895,-0.047624417,0.47645783,0.33415163,0.0,0.0,0.0,0.0,0.0,0.0,0.0,1.0,0.0,0.0,0.0,0.0,0.0,0.0,0,0.6875451,1
-0.29113623,-0.85142386,1.6835446,2.8531148,-0.30128145,1.6598753,0.03699056,-0.16813485,0.7552175,0.0,0.0,0.0,1.0,0.0,0.0,0.0,0.0,0.0,0.0,0.0,0.0,0.0,0.0,0,0.538804,1
-0.28061816,0.17529672,-0.2153551,2.8755267,2.183118,0.36205244,-0.049153507,-0.55489045,-0.28636646,0.0,0.0,1.0,0.0,0.0,0.0,0.0,0.0,0.0,0.0,0.0,0.0,0.0,0.0,0,0.5742508,1
-0.29106006,1.3486917,0.8779508,2.729604,4.0014243,-0.61131465,-0.04515051,0.41199857,-0.97336864,1.0,0.0,0.0,0.0,0.0,0.0,0.0,0.0,0.0,0.0,0.0,0.0,0.0,0.0,1,0.99585223,1
-0.13768692,1.495366,-0.38798234,2.823953,0.33311254,0.36205244,-0.03907221,-0.87718683,-0.7074323,0.0,0.0,0.0,0.0,0.0,0.0,0.0,0.0,1.0,0.0,0.0,0.0,0.0,0.0,0,0.5752617,1
-0.28086653,1.3486917,0.1298994,2.4740613,-0.25928417,1.3354195,0.13263361,-0.55489045,-0.50798005,0.0,0.0,0.0,0.0,0.0,0.0,0.0,0.0,0.0,0.0,1.0,0.0,0.0,0.0,1,0.6974514,1
-0.24307632,-1.5847957,2.143884,2.562468,-0.27419814,1.0109638,-0.04648325,-0.16813485,0.5336039,0.0,0.0,0.0,1.0,0.0,0.0,0.0,0.0,0.0,0.0,0.0,0.0,0.0,0.0,0,0.69538385,1
-0.2894804,-1.5847957,0.8779508,2.0109258,-0.28874177,-0.93577033,-0.048379354,-0.87718683,-1.1506596,0.0,0.0,0.0,0.0,0.0,1.0,0.0,0.0,0.0,0.0,0.0,0.0,0.0,0.0,0,0.77807695,1
-0.260198,1.3486917,0.30252665,2.3257952,5.460812,0.36205244,-0.038519513,2.0879395,-0.3306892,0.0,0.0,0.0,0.0,0.0,0.0,1.0,0.0,0.0,0.0,0.0,0.0,0.0,0.0,1,0.99068636,1
0.6023637,-1.8781444,0.07235698,1.7613562,-0.3240136,0.6865081,-0.015002059,-0.683809,-1.5274026,0.0,0.0,0.0,0.0,0.0,1.0,0.0,0.0,0.0,0.0,0.0,0.0,0.0,0.0,0,0.5652972,1
-0.29393467,-1.4381213,-1.0209489,1.8361237,-0.3349245,0.03759675,-0.04334778,0.025242949,1.951931,0.0,0.0,0.0,1.0,0.0,0.0,0.0,0.0,0.0,0.0,0.0,0.0,0.0,0.0,0,0.58475465,1
-0.28981817,-1.5847957,1.050578,2.60953,-0.33343112,0.6865081,-0.031325724,0.28308,0.40063572,0.0,0.0,0.0,1.0,0.0,0.0,0.0,0.0,0.0,0.0,0.0,0.0,0.0,0.0,0,0.86784273,1
-0.2885332,-1.73147,-1.5963731,2.7505906,-0.26687157,-0.61131465,-0.046692617,0.21862076,0.66657203,0.0,0.0,0.0,1.0,0.0,0.0,0.0,0.0,0.0,0.0,0.0,0.0,0.0,0.0,0,0.61422604,1
-0.015626233,1.495366,0.1298994,2.5012188,-0.37904644,0.6865081,0.18001196,-0.6193497,-0.6187869,0.0,0.0,0.0,0.0,0.0,0.0,0.0,0.0,0.0,0.0,1.0,0.0,0.0,0.0,0,0.6193921,1
-0.13768692,0.7619942,-0.38798234,2.1835222,4.273865,0.03759675,-0.0007266536,0.41199857,0.7330561,0.0,0.0,0.0,0.0,0.0,0.0,0.0,1.0,0.0,0.0,0.0,0.0,0.0,0.0,0,0.5429833,1
-0.2890896,-1.73147,-0.38798234,2.730552,1.5130619,0.03759675,-0.007663382,1.959021,0.26766756,0.0,1.0,0.0,0.0,0.0,0.0,0.0,0.0,0.0,0.0,0.0,0.0,0.0,0.0,1,0.99832636,1
-0.0056314114,0.9086686,-0.79077923,2.9441028,2.3577566,1.0109638,0.23487404,-0.683809,1.2427675,0.0,0.0,1.0,0.0,0.0,0.0,0.0,0.0,0.0,0.0,0.0,0.0,0.0,0.0,0,0.7376874,1
-0.21254541,1.3486917,0.41761148,2.8305755,5.693436,0.36205244,0.29997948,2.2813175,0.112538025,0.0,0.0,0.0,0.0,0.0,0.0,1.0,0.0,0.0,0.0,0.0,0.0,0.0,0.0,1,0.99497956,1
-0.28867894,1.495366,0.24498422,2.8511379,-0.33389038,0.03759675,0.23123841,-0.8127276,-0.2642051,0.0,0.0,0.0,0.0,0.0,0.0,0.0,0.0,0.0,1.0,0.0,0.0,0.0,0.0,0,0.6002774,1
-0.21558559,1.495366,-0.5030672,1.7946103,5.59861,-0.93577033,-0.04741123,1.6367247,2.4173195,0.0,0.0,0.0,0.0,0.0,0.0,1.0,0.0,0.0,0.0,0.0,0.0,0.0,0.0,1,0.9709089,1
-0.2928484,-1.8781444,2.431596,1.8083212,-0.25145304,0.6865081,0.016879365,-0.9416461,-1.3722731,0.0,0.0,0.0,0.0,0.0,1.0,0.0,0.0,0.0,0.0,0.0,0.0,0.0,0.0,0,0.6173815,1
-0.29258016,1.495366,0.76286596,2.474116,5.625191,1.9843309,0.06808685,2.2813175,-0.08691422,0.0,0.0,0.0,0.0,0.0,0.0,1.0,0.0,0.0,0.0,0.0,0.0,0.0,0.0,1,0.99838936,1
-0.2862945,-0.85142386,0.014814562,2.166914,4.8463726,1.3354195,-0.046174143,2.410236,0.5779266,0.0,0.0,0.0,0.0,0.0,0.0,1.0,0.0,0.0,0.0,0.0,0.0,0.0,0.0,1,0.95101076,1
-0.2935803,1.3486917,0.59023875,2.467339,-0.02270997,1.0109638,0.06526714,-0.4904312,-0.5523028,0.0,0.0,0.0,0.0,1.0,0.0,0.0,0.0,0.0,0.0,0.0,0.0,0.0,0.0,1,0.99274033,1
1.9357684,-1.8781444,1.5684597,2.8512278,-0.31710255,-0.28685895,-0.04484163,-0.10367559,0.356313,0.0,0.0,0.0,1.0,0.0,0.0,0.0,0.0,0.0,0.0,0.0,0.0,0.0,0.0,0,0.88647956,1
-0.21254541,-1.8781444,0.41761148,2.8244853,1.3523587,-0.28685895,0.038512662,2.0234802,0.64441067,0.0,1.0,0.0,0.0,0.0,0.0,0.0,0.0,0.0,0.0,0.0,0.0,0.0,0.0,1,0.99912494,1
-0.29336172,-1.8781444,-0.79077923,1.8756055,-0.3967701,-0.28685895,-0.019830737,-0.03921632,1.5751878,0.0,0.0,0.0,1.0,0.0,0.0,0.0,0.0,0.0,0.0,0.0,0.0,0.0,0.0,0,0.7958211,1
0.010867661,1.495366,1.7410871,2.2118382,1.4586525,0.36205244,0.33307567,2.9903693,3.8578079,0.0,1.0,0.0,0.0,0.0,0.0,0.0,0.0,0.0,0.0,0.0,0.0,0.0,0.0,1,0.9992409,1
-0.29114288,1.3486917,0.30252665,2.487275,1.6499114,-0.61131465,-0.04850452,2.668073,0.046053946,0.0,1.0,0.0,0.0,0.0,0.0,0.0,0.0,0.0,0.0,0.0,0.0,0.0,0.0,1,0.99864846,1
-0.28155538,-1.5847957,-1.4812882,1.8157696,-0.74141794,0.6865081,-0.04702898,0.60537636,1.1762834,0.0,0.0,0.0,1.0,0.0,0.0,0.0,0.0,0.0,0.0,0.0,0.0,0.0,0.0,0,0.8657584,1
1.698585,1.495366,0.18744181,2.9787579,5.512845,0.03759675,-0.032775696,0.60537636,2.26219,0.0,0.0,0.0,0.0,0.0,0.0,0.0,1.0,0.0,0.0,0.0,0.0,0.0,0.0,1,0.96125346,1
-0.24491434,1.2020173,-0.042727854,1.8615037,2.5029435,1.3354195,44.762028,0.60537636,0.64441067,0.0,0.0,0.0,0.0,0.0,0.0,0.0,1.0,0.0,0.0,0.0,0.0,0.0,0.0,0,0.5356514,1
-0.28784105,-1.1447725,1.1081204,2.8660603,-0.2476438,0.36205244,-0.038902614,0.15416148,0.26766756,0.0,0.0,0.0,1.0,0.0,0.0,0.0,0.0,0.0,0.0,0.0,0.0,0.0,0.0,0,0.59592295,1
-0.27009347,1.0553429,-0.8483217,2.8031309,2.2677226,0.36205244,-0.036838207,-0.4904312,-0.39717326,0.0,0.0,1.0,0.0,0.0,0.0,0.0,0.0,0.0,0.0,0.0,0.0,0.0,0.0,0,0.7910193,1
-0.28837094,-1.4381213,0.014814562,2.6302242,-0.4929413,-1.260226,-0.04904105,0.025242949,0.26766756,0.0,0.0,0.0,1.0,0.0,0.0,0.0,0.0,0.0,0.0,0.0,0.0,0.0,0.0,0,0.6964253,1
-0.2719646,-1.73147,-1.4237459,2.0979142,1.366982,0.6865081,-0.026187675,2.9903693,3.990776,0.0,1.0,0.0,0.0,0.0,0.0,0.0,0.0,0.0,0.0,0.0,0.0,0.0,0.0,1,0.99574184,1
-0.28477108,-1.5847957,-0.6756944,2.306938,1.4769762,0.36205244,-0.044848084,1.3144283,0.8660243,0.0,1.0,0.0,0.0,0.0,0.0,0.0,0.0,0.0,0.0,0.0,0.0,0.0,0.0,1,0.99753076,1
-0.29150054,1.2020173,0.4751539,2.8907313,-0.30895644,2.3087866,1.2775646,-0.2970534,0.46711978,0.0,0.0,0.0,0.0,0.0,0.0,0.0,0.0,0.0,0.0,0.0,0.0,1.0,0.0,0,0.5533956,1
-0.28067115,-1.8781444,-0.10027027,2.4611237,-0.24041964,0.36205244,0.22357106,0.21862076,0.910347,0.0,0.0,0.0,1.0,0.0,0.0,0.0,0.0,0.0,0.0,0.0,0.0,0.0,0.0,0,0.8617207,1
-0.24234442,1.3486917,1.453375,2.0634289,6.5082736,-0.61131465,-0.048433617,1.6367247,0.44495845,0.0,0.0,0.0,0.0,0.0,0.0,1.0,0.0,0.0,0.0,0.0,0.0,0.0,0.0,1,0.99881727,1
-0.24534154,-1.73147,-1.1360338,2.0710428,1.3910121,-0.61131465,-0.043529026,1.5722654,0.2455062,0.0,1.0,0.0,0.0,0.0,0.0,0.0,0.0,0.0,0.0,0.0,0.0,0.0,0.0,1,0.9943967,1
0.010867661,1.495366,1.7410871,2.2186508,5.842871,0.03759675,0.34704065,0.5409171,0.22334483,0.0,0.0,0.0,0.0,0.0,0.0,0.0,1.0,0.0,0.0,0.0,0.0,0.0,0.0,1,0.9990472,1
-0.23499237,1.495366,-1.4237459,1.7610257,-0.30400297,0.6865081,2.29458,-0.87718683,-1.4609185,0.0,0.0,0.0,0.0,0.0,0.0,0.0,0.0,0.0,0.0,0.0,1.0,0.0,0.0,0,0.5987398,1
-0.29302394,-1.8781444,0.36006907,2.5484848,5.683909,-0.28685895,-0.04401055,0.47645783,0.09037667,0.0,0.0,0.0,0.0,0.0,0.0,0.0,1.0,0.0,0.0,0.0,0.0,0.0,0.0,0,0.7921051,1
4.053889,-1.5847957,-1.4812882,2.5355916,1.0587492,1.0109638,0.032581232,1.1855098,0.0017312241,0.0,1.0,0.0,0.0,0.0,0.0,0.0,0.0,0.0,0.0,0.0,0.0,0.0,0.0,1,0.5066313,1
-0.2846585,1.3486917,-1.4812882,2.904531,4.7899566,2.6332424,0.058827765,0.47645783,0.93250835,0.0,0.0,0.0,0.0,0.0,0.0,0.0,1.0,0.0,0.0,0.0,0.0,0.0,0.0,1,0.88096255,1
-0.28917238,1.495366,-1.1360338,2.7098467,5.5718994,-0.61131465,0.009128122,1.4433469,-0.5301414,0.0,0.0,0.0,0.0,0.0,0.0,1.0,0.0,0.0,0.0,0.0,0.0,0.0,0.0,1,0.9766259,1
-0.2676461,1.495366,1.9137143,2.0100136,1.1137307,0.03759675,-0.04739172,-0.7482683,0.112538025,0.0,0.0,0.0,0.0,0.0,0.0,0.0,0.0,1.0,0.0,0.0,0.0,0.0,0.0,0,0.50268376,1
-0.28921875,-1.8781444,-0.6756944,2.9252405,-0.31356522,0.36205244,-0.043071035,0.15416148,1.3757355,0.0,0.0,0.0,1.0,0.0,0.0,0.0,0.0,0.0,0.0,0.0,0.0,0.0,0.0,1,0.6499565,1
-0.29366973,-1.8781444,-0.2728975,2.1177835,-0.29489642,-0.61131465,-0.040728744,0.025242949,1.2427675,0.0,0.0,0.0,1.0,0.0,0.0,0.0,0.0,0.0,0.0,0.0,0.0,0.0,0.0,0,0.61607146,1
-0.29307693,1.495366,-0.5606096,2.1982734,2.587686,0.6865081,0.010963484,-0.42597193,-0.109075576,0.0,0.0,1.0,0.0,0.0,0.0,0.0,0.0,0.0,0.0,0.0,0.0,0.0,0.0,1,0.9763557,1
-0.23320071,1.495366,0.07235698,2.9787447,-0.23083858,1.6598753,-0.01705239,-0.4904312,2.0405765,0.0,0.0,0.0,0.0,0.0,0.0,0.0,0.0,0.0,0.0,0.0,0.0,1.0,0.0,0,0.59090334,1
-0.29202047,-1.4381213,-0.79077923,2.3407812,5.2179723,1.3354195,67.5004,-0.36151266,-0.39717326,0.0,0.0,0.0,0.0,1.0,0.0,0.0,0.0,0.0,0.0,0.0,0.0,0.0,0.0,1,0.5421544,1
-0.29347765,-1.2914469,1.050578,2.132562,-0.48253024,-0.93577033,-0.048127655,-0.10367559,1.2427675,0.0,0.0,0.0,1.0,0.0,0.0,0.0,0.0,0.0,0.0,0.0,0.0,0.0,0.0,0,0.500139,1
0.4436421,1.495366,0.9930356,2.0907435,1.3547094,0.03759675,-0.03046299,1.3144283,0.8217016,0.0,1.0,0.0,0.0,0.0,0.0,0.0,0.0,0.0,0.0,0.0,0.0,0.0,0.0,1,0.99921346,1
-0.288616,1.495366,-0.73323685,2.5549943,2.7618213,-0.93577033,-0.048371114,-0.4904312,-0.5966255,0.0,0.0,1.0,0.0,0.0,0.0,0.0,0.0,0.0,0.0,0.0,0.0,0.0,0.0,1,0.9315638,1
-0.27236864,-1.4381213,0.5326963,2.455081,-0.31534797,-0.93577033,-0.048499435,0.15416148,0.60008794,0.0,0.0,0.0,1.0,0.0,0.0,0.0,0.0,0.0,0.0,0.0,0.0,0.0,0.0,0,0.61537546,1
-0.28465188,-1.2914469,-0.79077923,1.7826711,-0.4581088,-0.61131465,-0.04681579,0.025242949,1.8632855,0.0,0.0,0.0,1.0,0.0,0.0,0.0,0.0,0.0,0.0,0.0,0.0,0.0,0.0,0,0.6523193,1
-0.17726217,-1.8781444,-0.10027027,2.588975,1.5150194,0.03759675,-0.007947404,1.5078062,0.51144254,0.0,1.0,0.0,0.0,0.0,0.0,0.0,0.0,0.0,0.0,0.0,0.0,0.0,0.0,1,0.9985904,1
-0.2924212,-1.8781444,1.9137143,2.8042567,-0.48644525,-0.93577033,-0.016390668,0.21862076,0.84386295,0.0,0.0,0.0,1.0,0.0,0.0,0.0,0.0,0.0,0.0,0.0,0.0,0.0,0.0,0,0.88656276,1
-0.29059312,1.495366,-0.9058641,3.0327663,-0.12653182,1.6598753,0.048862796,-0.683809,1.1984447,0.0,0.0,0.0,0.0,0.0,0.0,0.0,0.0,0.0,0.0,1.0,0.0,0.0,0.0,0,0.61526096,1
-0.13995877,0.46864545,0.18744181,2.667323,2.6459517,1.3354195,-0.025259297,-0.55489045,0.023892585,0.0,0.0,1.0,0.0,0.0,0.0,0.0,0.0,0.0,0.0,0.0,0.0,0.0,0.0,0,0.92564034,1
-0.21290639,-1.5847957,-0.5606096,2.62317,1.0265974,0.03759675,-0.04472388,2.2813175,0.42279708,0.0,1.0,0.0,0.0,0.0,0.0,0.0,0.0,0.0,0.0,0.0,0.0,0.0,0.0,0,0.5591773,1
1.698585,-0.26472637,0.18744181,2.9753954,1.2793857,0.36205244,-0.048040643,1.3144283,1.7303174,0.0,1.0,0.0,0.0,0.0,0.0,0.0,0.0,0.0,0.0,0.0,0.0,0.0,0.0,1,0.9830943,1
-0.29291797,-1.8781444,2.028799,2.1784346,-0.33543187,0.36205244,-0.03520447,0.15416148,1.0876379,0.0,0.0,0.0,1.0,0.0,0.0,0.0,0.0,0.0,0.0,0.0,0.0,0.0,0.0,0,0.83504415,1
-0.28086653,-1.8781444,0.1298994,2.4609811,6.6396585,-1.260226,-0.048366383,1.7011839,-0.6187869,0.0,0.0,0.0,0.0,0.0,0.0,1.0,0.0,0.0,0.0,0.0,0.0,0.0,0.0,1,0.9507418,1
-0.28309202,1.495366,-0.9634065,2.6223533,-0.73856467,0.6865081,-0.039345965,-0.4904312,-0.7960777,0.0,0.0,0.0,0.0,0.0,0.0,0.0,0.0,0.0,1.0,0.0,0.0,0.0,0.0,0,0.51709145,1
-0.29220924,1.3486917,1.1656629,2.7160413,1.5438671,-0.28685895,3.6455617,1.8945618,0.37847435,0.0,1.0,0.0,0.0,0.0,0.0,0.0,0.0,0.0,0.0,0.0,0.0,0.0,0.0,1,0.9969933,1
-0.29254374,-1.4381213,0.9930356,1.8429829,-0.6084747,-0.61131465,-0.041091837,0.025242949,1.7968014,0.0,0.0,0.0,1.0,0.0,0.0,0.0,0.0,0.0,0.0,0.0,0.0,0.0,0.0,0,0.632262,1
-0.27389535,1.3486917,-0.15781268,2.8238974,-0.6324771,0.36205244,0.008836738,-0.7482683,-0.042591497,0.0,0.0,0.0,0.0,0.0,0.0,0.0,0.0,0.0,0.0,0.0,0.0,1.0,0.0,0,0.5653176,1
-0.284324,-0.26472637,1.453375,3.0158322,6.6842456,0.6865081,-0.033027947,2.2813175,1.5973492,0.0,0.0,0.0,0.0,0.0,0.0,1.0,0.0,0.0,0.0,0.0,0.0,0.0,0.0,0,0.7584224,1
-0.293577,-1.8781444,-0.042727854,2.2388902,-0.35779938,0.03759675,-0.024760282,-0.6193497,-1.0620141,0.0,0.0,0.0,0.0,0.0,1.0,0.0,0.0,0.0,0.0,0.0,0.0,0.0,0.0,0,0.5938663,1
-0.29369292,1.495366,0.36006907,1.8957152,5.0317726,1.0109638,0.06300064,2.0234802,0.023892585,0.0,0.0,0.0,0.0,0.0,0.0,1.0,0.0,0.0,0.0,0.0,0.0,0.0,0.0,1,0.99367964,1
-0.2868575,-0.70474946,-0.73323685,1.9990166,4.695213,0.03759675,-0.046762474,-0.16813485,-0.64094824,1.0,0.0,0.0,0.0,0.0,0.0,0.0,0.0,0.0,0.0,0.0,0.0,0.0,0.0,0,0.66408885,1
-0.26266193,-1.5847957,0.07235698,1.90315,2.9149652,-0.93577033,-0.032068584,-0.4904312,0.37847435,0.0,0.0,1.0,0.0,0.0,0.0,0.0,0.0,0.0,0.0,0.0,0.0,0.0,0.0,1,0.93608147,1
0.6198828,-1.2914469,2.2589688,2.9802146,-0.15254751,0.03759675,-0.011006337,0.6698356,3.0156763,0.0,0.0,0.0,1.0,0.0,0.0,0.0,0.0,0.0,0.0,0.0,0.0,0.0,0.0,0,0.62735987,1
-0.2896327,-1.73147,0.1298994,1.9836701,-0.46523726,-0.93577033,-0.04843151,0.60537636,1.3092515,0.0,0.0,0.0,1.0,0.0,0.0,0.0,0.0,0.0,0.0,0.0,0.0,0.0,0.0,0,0.82062787,1
-0.21558559,1.495366,-0.5030672,1.7947009,6.0755568,-0.28685895,6.1020627,2.2168581,-0.109075576,0.0,0.0,0.0,0.0,0.0,0.0,1.0,0.0,0.0,0.0,0.0,0.0,0.0,0.0,1,0.9920556,1
-0.29330873,1.495366,0.7053236,2.8508928,0.10507841,2.3087866,-0.022494275,-0.683809,-0.5966255,0.0,0.0,0.0,0.0,0.0,0.0,0.0,0.0,0.0,1.0,0.0,0.0,0.0,0.0,0,0.5056205,1
4.053889,1.495366,-1.4812882,2.5346477,4.765304,-0.28685895,-0.047994934,2.0234802,-0.4858187,0.0,0.0,0.0,0.0,0.0,0.0,1.0,0.0,0.0,0.0,0.0,0.0,0.0,0.0,1,0.83345395,1
-0.28833452,0.9086686,0.07235698,1.8138479,5.260028,0.03759675,-0.03493973,0.47645783,0.5557652,0.0,0.0,0.0,0.0,0.0,0.0,0.0,1.0,0.0,0.0,0.0,0.0,0.0,0.0,0,0.78581625,1
-0.28524467,1.495366,0.30252665,2.4675767,6.225285,0.6865081,-0.009865426,2.0234802,0.023892585,0.0,0.0,0.0,0.0,0.0,0.0,1.0,0.0,0.0,0.0,0.0,0.0,0.0,0.0,1,0.99221694,1
-0.28938434,-1.8781444,0.64778113,2.8781524,1.2136992,-0.61131465,-0.04894292,1.5722654,1.0876379,0.0,1.0,0.0,0.0,0.0,0.0,0.0,0.0,0.0,0.0,0.0,0.0,0.0,0.0,1,0.9973003,1
-0.28155538,-1.1447725,-1.4812882,1.8569223,-0.61036056,0.6865081,-0.029656433,0.15416148,1.3978969,0.0,0.0,0.0,1.0,0.0,0.0,0.0,0.0,0.0,0.0,0.0,0.0,0.0,0.0,0,0.8342408,1
-0.29353395,1.3486917,0.18744181,2.1039987,1.3424915,1.3354195,-0.036193058,-0.683809,0.8217016,0.0,0.0,0.0,0.0,0.0,0.0,0.0,0.0,0.0,0.0,0.0,0.0,0.0,1.0,0,0.81861466,1
-0.2891558,-1.2914469,-1.711458,2.1659925,-0.5302744,-0.61131465,-0.045305222,0.025242949,1.5530264,0.0,0.0,0.0,1.0,0.0,0.0,0.0,0.0,0.0,0.0,0.0,0.0,0.0,0.0,0,0.77472997,1
-0.2770713,1.3486917,-1.1360338,2.7969909,4.52187,0.03759675,-0.046836812,0.28308,-0.042591497,0.0,0.0,0.0,0.0,0.0,0.0,0.0,1.0,0.0,0.0,0.0,0.0,0.0,0.0,0,0.87261677,1
-0.18979378,1.495366,0.1298994,2.1982412,8.438729,1.3354195,0.058252957,2.2168581,0.31199026,0.0,0.0,0.0,0.0,0.0,0.0,1.0,0.0,0.0,0.0,0.0,0.0,0.0,0.0,0,0.67380327,1
0.27270684,1.495366,0.59023875,2.3531928,5.814467,-0.28685895,1.2334126e-05,2.3457766,-0.30852783,0.0,0.0,0.0,0.0,0.0,0.0,1.0,0.0,0.0,0.0,0.0,0.0,0.0,0.0,1,0.9970681,1
-0.22162952,-1.1447725,-0.15781268,2.5365682,1.4229219,-0.93577033,-0.043422922,1.8301024,0.48928115,0.0,1.0,0.0,0.0,0.0,0.0,0.0,0.0,0.0,0.0,0.0,0.0,0.0,0.0,1,0.9955189,1
-0.2924212,1.3486917,1.9137143,1.8211691,4.88863,1.3354195,-0.019630924,0.79875416,-0.41933462,1.0,0.0,0.0,0.0,0.0,0.0,0.0,0.0,0.0,0.0,0.0,0.0,0.0,0.0,1,0.9987766,1
0.49602386,1.3486917,-1.1360338,2.1441624,-0.6115765,1.3354195,0.12273818,-0.683809,0.046053946,0.0,0.0,0.0,0.0,0.0,0.0,0.0,0.0,0.0,0.0,0.0,0.0,1.0,0.0,0,0.6423921,1
-0.22988898,-0.118052006,-1.1360338,1.8589394,6.7151847,-0.28685895,-0.03613403,2.2813175,0.31199026,0.0,0.0,0.0,0.0,0.0,0.0,1.0,0.0,0.0,0.0,0.0,0.0,0.0,0.0,0,0.83797014,1
-0.21254541,-1.8781444,0.41761148,2.831057,-0.42535865,1.3354195,0.024144053,-0.03921632,0.44495845,0.0,0.0,0.0,1.0,0.0,0.0,0.0,0.0,0.0,0.0,0.0,0.0,0.0,0.0,1,0.923885,1
-0.26955697,1.495366,1.050578,2.8241673,5.8819704,-0.93577033,-0.030203693,0.992132,-0.84040046,1.0,0.0,0.0,0.0,0.0,0.0,0.0,0.0,0.0,0.0,0.0,0.0,0.0,0.0,1,0.99751294,1
-0.29229203,1.495366,-0.2728975,2.8508863,-0.25259045,1.6598753,-0.0151902195,-0.6193497,-0.109075576,0.0,0.0,0.0,0.0,0.0,0.0,0.0,0.0,0.0,0.0,0.0,0.0,1.0,0.0,0,0.53885174,1
-0.2905567,1.495366,0.1298994,2.104279,-0.2974633,1.3354195,12.332189,-0.7482683,-0.30852783,0.0,0.0,0.0,0.0,0.0,0.0,0.0,0.0,0.0,1.0,0.0,0.0,0.0,0.0,0,0.55437535,1
-0.2935273,1.495366,0.5326963,2.460813,4.1792173,0.6865081,-0.007759791,0.8632134,-1.1949823,1.0,0.0,0.0,0.0,0.0,0.0,0.0,0.0,0.0,0.0,0.0,0.0,0.0,0.0,1,0.99656653,1
-0.27789262,1.495366,0.41761148,2.9654522,-0.39721927,-0.28685895,0.17523277,-0.55489045,2.018415,0.0,0.0,0.0,0.0,0.0,0.0,0.0,0.0,0.0,0.0,0.0,0.0,1.0,0.0,0,0.6412956,1
-0.29379556,1.495366,-1.5388306,2.9116368,-0.4165886,1.3354195,1.73395,-0.55489045,0.1790221,0.0,0.0,0.0,0.0,0.0,0.0,0.0,0.0,0.0,0.0,1.0,0.0,0.0,0.0,0,0.583987,1
-0.28602955,1.495366,-1.1935762,1.77451,0.33050853,0.03759675,-0.044162158,-0.7482683,0.22334483,0.0,0.0,0.0,0.0,0.0,0.0,0.0,0.0,1.0,0.0,0.0,0.0,0.0,0.0,0,0.5447318,1
-0.28289664,1.495366,2.6617658,2.1916192,4.6105947,-0.28685895,1.7251174,0.21862076,0.5557652,0.0,0.0,0.0,0.0,0.0,0.0,0.0,1.0,0.0,0.0,0.0,0.0,0.0,0.0,1,0.99744475,1
-0.2922457,-1.4381213,1.6260022,1.8563349,-0.7524229,0.03759675,-0.02871013,0.08970222,1.1984447,0.0,0.0,0.0,1.0,0.0,0.0,0.0,0.0,0.0,0.0,0.0,0.0,0.0,0.0,1,0.556634,1
4.053889,0.7619942,-1.4812882,2.230488,4.7561364,1.0109638,0.20562132,0.992132,0.93250835,0.0,0.0,0.0,0.0,0.0,0.0,0.0,1.0,0.0,0.0,0.0,0.0,0.0,0.0,0,0.5525415,1
-0.2814693,-0.85142386,0.18744181,2.3485725,1.7499307,0.36205244,-0.046552062,2.9903693,3.3924193,0.0,1.0,0.0,0.0,0.0,0.0,0.0,0.0,0.0,0.0,0.0,0.0,0.0,0.0,1,0.99788946,1
-0.24307632,1.3486917,2.143884,2.211412,5.2010326,-0.28685895,-0.047954638,1.8301024,0.22334483,0.0,0.0,0.0,0.0,0.0,0.0,1.0,0.0,0.0,0.0,0.0,0.0,0.0,0.0,1,0.99876106,1
-0.13768692,1.495366,-0.38798234,1.7879196,0.3909783,0.36205244,-0.040958036,-0.683809,-0.1533983,0.0,0.0,0.0,0.0,0.0,0.0,0.0,0.0,1.0,0.0,0.0,0.0,0.0,0.0,0,0.68871015,1
-0.29173568,1.0553429,-1.1935762,2.042742,3.3367093,1.3354195,-0.04845114,-0.2970534,-0.109075576,0.0,0.0,1.0,0.0,0.0,0.0,0.0,0.0,0.0,0.0,0.0,0.0,0.0,0.0,1,0.8686421,1
-0.29094416,1.2020173,-1.3662034,2.1843293,6.041122,-0.93577033,-0.04808805,2.0234802,0.64441067,0.0,0.0,0.0,0.0,0.0,0.0,1.0,0.0,0.0,0.0,0.0,0.0,0.0,0.0,1,0.94802547,1
1.698585,1.3486917,0.18744181,2.9785304,4.8343625,-0.28685895,-0.04955861,0.47645783,0.09037667,1.0,0.0,0.0,0.0,0.0,0.0,0.0,0.0,0.0,0.0,0.0,0.0,0.0,0.0,1,0.9922774,1
-0.29261658,1.495366,-0.618152,3.0057302,-0.15638907,0.6865081,0.7351159,-0.683809,1.0211538,0.0,0.0,0.0,0.0,0.0,0.0,0.0,0.0,0.0,1.0,0.0,0.0,0.0,0.0,0,0.6648612,1
-0.2935803,0.7619942,0.59023875,2.4661798,5.9117584,0.03759675,-0.048758022,1.6367247,-0.3750119,0.0,0.0,0.0,0.0,0.0,0.0,1.0,0.0,0.0,0.0,0.0,0.0,0.0,0.0,1,0.9886951,1
-0.2896327,-1.2914469,0.1298994,2.044937,-0.34733492,-0.28685895,-0.03454837,0.025242949,1.6416719,0.0,0.0,0.0,1.0,0.0,0.0,0.0,0.0,0.0,0.0,0.0,0.0,0.0,0.0,0,0.6628856,1
-0.1901945,1.495366,-1.308661,3.0594475,0.81209475,1.3354195,0.035578698,-0.6193497,1.5087037,0.0,0.0,0.0,0.0,0.0,0.0,0.0,0.0,1.0,0.0,0.0,0.0,0.0,0.0,0,0.7177152,1
0.018216405,1.495366,-0.79077923,3.0393896,-0.23217385,1.0109638,0.011150301,-0.8127276,1.5087037,0.0,0.0,0.0,0.0,0.0,0.0,0.0,0.0,0.0,0.0,1.0,0.0,0.0,0.0,0,0.6117256,1
-0.29285502,1.495366,-0.5030672,2.7501075,3.4314554,0.03759675,-0.025633624,0.992132,0.31199026,0.0,0.0,0.0,0.0,0.0,0.0,0.0,1.0,0.0,0.0,0.0,0.0,0.0,0.0,1,0.5815656,1
-0.29122233,-1.5847957,-0.8483217,2.9190412,1.820621,2.3087866,-0.034838654,2.0234802,0.9768311,0.0,1.0,0.0,0.0,0.0,0.0,0.0,0.0,0.0,0.0,0.0,0.0,0.0,0.0,1,0.99891293,1
-0.28579772,-0.55807513,0.18744181,2.3492274,1.009419,-0.28685895,0.047901087,1.249969,0.5779266,0.0,1.0,0.0,0.0,0.0,0.0,0.0,0.0,0.0,0.0,0.0,0.0,0.0,0.0,0,0.52394366,1
-0.29373926,1.495366,1.5684597,2.1579826,6.186525,-0.93577033,0.008160178,1.7656432,0.2455062,0.0,0.0,0.0,0.0,0.0,0.0,1.0,0.0,0.0,0.0,0.0,0.0,0.0,0.0,1,0.9988955,1
-0.2929544,-0.70474946,0.18744181,2.5641932,5.9870934,0.6865081,-0.041764718,0.60537636,-0.042591497,0.0,0.0,0.0,0.0,0.0,0.0,0.0,1.0,0.0,0.0,0.0,0.0,0.0,0.0,0,0.6791688,1
-0.29263976,-1.2914469,-1.7690003,1.8094035,-0.29443505,-0.28685895,-0.044857096,0.15416148,1.6859946,0.0,0.0,0.0,1.0,0.0,0.0,0.0,0.0,0.0,0.0,0.0,0.0,0.0,0.0,0,0.50177824,1
0.13210703,0.7619942,-1.2511185,1.7595203,5.8342004,1.0109638,-0.035371814,1.7656432,0.356313,0.0,0.0,0.0,0.0,0.0,0.0,1.0,0.0,0.0,0.0,0.0,0.0,0.0,0.0,0,0.86576086,1
-0.28291982,-1.4381213,-0.33043993,2.0851958,1.6304675,-0.28685895,-0.032410637,1.8945618,1.5308651,0.0,1.0,0.0,0.0,0.0,0.0,0.0,0.0,0.0,0.0,0.0,0.0,0.0,0.0,1,0.9981652,1
-0.27285546,1.3486917,0.36006907,2.8575072,2.082317,0.6865081,0.07675738,-0.7482683,-0.1533983,0.0,0.0,1.0,0.0,0.0,0.0,0.0,0.0,0.0,0.0,0.0,0.0,0.0,0.0,1,0.97890407,1
-0.29201716,1.495366,0.24498422,3.0461411,0.94885904,2.6332424,0.22799732,-0.683809,3.5032263,0.0,0.0,0.0,0.0,0.0,0.0,0.0,0.0,0.0,0.0,0.0,0.0,0.0,1.0,0,0.60795337,1
-0.29316303,1.495366,-0.9634065,2.5145128,-0.35931918,0.36205244,0.06674423,-0.36151266,-0.1533983,0.0,0.0,0.0,0.0,0.0,0.0,0.0,0.0,0.0,1.0,0.0,0.0,0.0,0.0,0,0.5383508,1
-0.25688627,1.495366,0.07235698,2.9518783,-0.23863602,1.3354195,0.015952824,-0.683809,1.5751878,0.0,0.0,0.0,0.0,0.0,0.0,0.0,0.0,0.0,0.0,0.0,0.0,1.0,0.0,0,0.67822075,1
0.09000161,1.3486917,-1.1360338,1.794321,0.44711825,0.03759675,-0.017057214,-0.6193497,-0.13123694,0.0,0.0,0.0,0.0,0.0,0.0,0.0,0.0,1.0,0.0,0.0,0.0,0.0,0.0,0,0.524704,1
-0.25690612,1.3486917,-0.2153551,2.7902915,5.157068,-0.61131465,-0.04361972,-0.10367559,-0.3750119,0.0,0.0,0.0,0.0,0.0,0.0,0.0,1.0,0.0,0.0,0.0,0.0,0.0,0.0,1,0.8143599,1
0.27270684,-1.4381213,0.59023875,2.3475883,1.3542535,0.36205244,-0.041444395,1.3144283,0.7330561,0.0,1.0,0.0,0.0,0.0,0.0,0.0,0.0,0.0,0.0,0.0,0.0,0.0,0.0,1,0.9997578,1
-0.28579772,-1.73147,0.18744181,2.0845158,1.0425532,0.03759675,-0.04735327,2.0234802,0.93250835,0.0,1.0,0.0,0.0,0.0,0.0,0.0,0.0,0.0,0.0,0.0,0.0,0.0,0.0,0,0.81220526,1
-0.28684092,-1.1447725,-0.79077923,1.9981846,1.9557223,0.03759675,-0.04218711,1.5722654,1.2649288,0.0,1.0,0.0,0.0,0.0,0.0,0.0,0.0,0.0,0.0,0.0,0.0,0.0,0.0,1,0.9973093,1
-0.22420274,-1.73147,-0.6756944,2.676673,5.0516477,0.6865081,0.054752324,0.15416148,-1.0841755,1.0,0.0,0.0,0.0,0.0,0.0,0.0,0.0,0.0,0.0,0.0,0.0,0.0,0.0,1,0.9737142,1
-0.2745345,1.495366,0.014814562,2.8913012,5.094809,0.03759675,1.0023743,0.41199857,0.8660243,0.0,0.0,0.0,0.0,0.0,0.0,0.0,1.0,0.0,0.0,0.0,0.0,0.0,0.0,1,0.9853049,1
-0.29258016,0.17529672,0.76286596,2.4718266,6.2905707,0.6865081,-0.030236728,1.8301024,-0.21988238,0.0,0.0,0.0,0.0,0.0,0.0,1.0,0.0,0.0,0.0,0.0,0.0,0.0,0.0,1,0.9612584,1
4.929721,-1.2914469,0.93549323,2.9466493,1.2953786,-0.93577033,-0.03360816,2.0234802,1.8854469,0.0,1.0,0.0,0.0,0.0,0.0,0.0,0.0,0.0,0.0,0.0,0.0,0.0,0.0,1,0.9890687,1
-0.23499237,1.495366,-1.4237459,2.7163048,3.6266997,2.3087866,-0.047391836,0.41199857,0.26766756,0.0,0.0,0.0,0.0,0.0,0.0,0.0,1.0,0.0,0.0,0.0,0.0,0.0,0.0,0,0.59200007,1
-0.2921695,-1.4381213,1.1081204,2.8924332,-0.21765128,1.0109638,-0.041638747,-0.6193497,-1.4609185,0.0,0.0,0.0,0.0,0.0,1.0,0.0,0.0,0.0,0.0,0.0,0.0,0.0,0.0,0,0.5999112,1
-0.2825456,1.495366,1.5684597,1.996489,1.5869046,0.6865081,0.45577526,2.668073,1.0876379,0.0,1.0,0.0,0.0,0.0,0.0,0.0,0.0,0.0,0.0,0.0,0.0,0.0,0.0,1,0.9992937,1
-0.20051388,-1.5847957,-0.2153551,2.7508678,4.3779616,-0.28685895,-0.03155351,0.60537636,-1.2171437,1.0,0.0,0.0,0.0,0.0,0.0,0.0,0.0,0.0,0.0,0.0,0.0,0.0,0.0,0,0.95147103,1
-0.29258347,1.495366,-0.8483217,3.019323,-0.13813823,1.0109638,0.018192286,-0.8127276,1.4422196,0.0,0.0,0.0,0.0,0.0,0.0,0.0,0.0,0.0,0.0,1.0,0.0,0.0,0.0,0,0.5944807,1
-0.27470672,-1.2914469,-1.0784913,1.8162931,-0.6156637,0.03759675,-0.047467973,0.41199857,1.4200583,0.0,0.0,0.0,1.0,0.0,0.0,0.0,0.0,0.0,0.0,0.0,0.0,0.0,0.0,0,0.83140856,1
-0.27990285,0.9086686,-0.9058641,2.823087,6.545034,-0.28685895,-0.046886414,2.5391545,1.4422196,0.0,0.0,0.0,0.0,0.0,0.0,1.0,0.0,0.0,0.0,0.0,0.0,0.0,0.0,1,0.86727035,1
-0.14413156,-1.4381213,0.24498422,1.8965858,-0.25453928,-0.28685895,-0.046701103,0.28308,1.0654765,0.0,0.0,0.0,1.0,0.0,0.0,0.0,0.0,0.0,0.0,0.0,0.0,0.0,0.0,0,0.5360709,1
-0.2726104,1.2020173,-0.44552475,3.0120506,6.187752,0.03759675,-0.04547576,0.41199857,2.4394808,0.0,0.0,0.0,0.0,0.0,0.0,0.0,1.0,0.0,0.0,0.0,0.0,0.0,0.0,0,0.67521375,1
-0.2918913,1.495366,-0.38798234,2.9181683,-0.24562857,1.0109638,0.27838224,-0.6193497,1.1097993,0.0,0.0,0.0,0.0,0.0,0.0,0.0,0.0,0.0,0.0,0.0,0.0,1.0,0.0,0,0.6937051,1
-0.28388354,-1.8781444,-0.44552475,2.6630116,4.38233,-0.28685895,-0.012324262,0.7342949,-0.7960777,1.0,0.0,0.0,0.0,0.0,0.0,0.0,0.0,0.0,0.0,0.0,0.0,0.0,0.0,0,0.98043275,1
-0.29131177,1.3486917,0.76286596,2.8035145,4.9919996,-0.93577033,-0.047842834,0.47645783,-1.1949823,1.0,0.0,0.0,0.0,0.0,0.0,0.0,0.0,0.0,0.0,0.0,0.0,0.0,0.0,1,0.9973974,1
-0.28465188,-1.4381213,-0.79077923,1.7620753,-0.39943272,0.6865081,-0.045290872,0.15416148,1.464381,0.0,0.0,0.0,1.0,0.0,0.0,0.0,0.0,0.0,0.0,0.0,0.0,0.0,0.0,0,0.68826294,1
-0.28196272,1.495366,-0.44552475,2.198295,-0.3840399,1.9843309,0.13442406,-0.42597193,1.154122,0.0,0.0,0.0,0.0,0.0,0.0,0.0,0.0,0.0,0.0,0.0,0.0,1.0,0.0,0,0.6289307,1
0.02688322,1.495366,0.4751539,2.467421,5.1363783,1.0109638,0.03072139,0.15416148,-0.020430136,0.0,0.0,0.0,0.0,0.0,0.0,0.0,1.0,0.0,0.0,0.0,0.0,0.0,0.0,1,0.98981094,1
-0.2923384,1.495366,0.18744181,3.026016,-0.23175351,1.3354195,0.39439166,-0.9416461,1.9076083,0.0,0.0,0.0,0.0,0.0,0.0,0.0,0.0,0.0,0.0,0.0,0.0,1.0,0.0,0,0.7534266,1
-0.28713897,1.495366,0.014814562,1.8887653,0.56922865,-0.93577033,0.049495146,-0.4904312,-0.17555965,0.0,0.0,0.0,0.0,0.0,0.0,0.0,0.0,1.0,0.0,0.0,0.0,0.0,0.0,1,0.72997254,1
-0.17864317,1.3486917,0.1298994,2.9784744,-0.18224049,1.3354195,0.057506755,-0.42597193,1.951931,0.0,0.0,0.0,0.0,0.0,0.0,0.0,0.0,0.0,0.0,0.0,0.0,1.0,0.0,0,0.62191737,1
-0.27853176,-1.8781444,-0.2153551,2.6495535,5.376573,0.03759675,-0.03366025,2.2168581,-0.5301414,0.0,0.0,0.0,0.0,0.0,0.0,1.0,0.0,0.0,0.0,0.0,0.0,0.0,0.0,1,0.99809176,1
-0.29164624,1.2020173,-0.6756944,1.8412358,-0.72178656,-0.28685895,0.4498968,-0.55489045,-0.109075576,0.0,0.0,0.0,0.0,1.0,0.0,0.0,0.0,0.0,0.0,0.0,0.0,0.0,0.0,0,0.5074329,1
-0.29149723,-1.73147,0.18744181,2.0241013,-0.31243327,-0.61131465,-0.047983248,0.08970222,1.3092515,0.0,0.0,0.0,1.0,0.0,0.0,0.0,0.0,0.0,0.0,0.0,0.0,0.0,0.0,0,0.67843544,1
-0.2922457,-1.4381213,1.6260022,1.8495445,-0.81527686,-0.28685895,-0.046744805,-0.7482683,-1.2836277,0.0,0.0,0.0,0.0,0.0,1.0,0.0,0.0,0.0,0.0,0.0,0.0,0.0,0.0,1,0.5016774,1
-0.2926729,-1.73147,1.5684597,2.6025252,-0.24693608,-0.61131465,-0.045146164,0.025242949,0.112538025,0.0,0.0,0.0,1.0,0.0,0.0,0.0,0.0,0.0,0.0,0.0,0.0,0.0,0.0,0,0.52442825,1
-0.2862945,-1.5847957,0.014814562,2.1587281,1.7242588,-0.61131465,-0.047402408,2.0234802,0.9768311,0.0,1.0,0.0,0.0,0.0,0.0,0.0,0.0,0.0,0.0,0.0,0.0,0.0,0.0,1,0.9988636,1
-0.26176113,-1.73147,2.834393,2.0442553,1.8116174,-0.93577033,0.051676396,2.410236,0.93250835,0.0,1.0,0.0,0.0,0.0,0.0,0.0,0.0,0.0,0.0,0.0,0.0,0.0,0.0,1,0.99979,1
3.8896234,-1.5847957,0.8204084,2.892166,-0.25375798,-0.93577033,-0.04795846,0.025242949,1.5530264,0.0,0.0,0.0,1.0,0.0,0.0,0.0,0.0,0.0,0.0,0.0,0.0,0.0,0.0,0,0.6164883,1
-0.09630676,-1.2914469,-0.618152,2.2671854,-0.2453433,0.6865081,-0.016534995,0.21862076,1.2870902,0.0,0.0,0.0,1.0,0.0,0.0,0.0,0.0,0.0,0.0,0.0,0.0,0.0,0.0,0,0.5135823,1
-0.28652298,-1.4381213,0.24498422,1.8160195,-0.33737665,-0.61131465,-0.049185783,-0.10367559,1.6638333,0.0,0.0,0.0,1.0,0.0,0.0,0.0,0.0,0.0,0.0,0.0,0.0,0.0,0.0,0,0.61582625,1
-0.09643593,-1.4381213,-0.5606096,2.4147131,6.0490646,-0.28685895,-0.04531524,1.5722654,0.13469939,0.0,0.0,0.0,0.0,0.0,0.0,1.0,0.0,0.0,0.0,0.0,0.0,0.0,0.0,1,0.99609923,1
-0.28169116,1.495366,-0.618152,1.841655,5.911989,0.36205244,0.017609458,2.3457766,0.356313,0.0,0.0,0.0,0.0,0.0,0.0,1.0,0.0,0.0,0.0,0.0,0.0,0.0,0.0,1,0.9825326,1
-0.260198,-1.5847957,0.30252665,2.3137155,1.3990828,-0.61131465,-0.04672,1.249969,0.7330561,0.0,1.0,0.0,0.0,0.0,0.0,0.0,0.0,0.0,0.0,0.0,0.0,0.0,0.0,1,0.998858,1
-0.04279241,1.3486917,0.93549323,1.9490094,-0.29072013,-0.28685895,0.30621845,-0.683809,0.1790221,0.0,0.0,0.0,0.0,0.0,0.0,0.0,0.0,0.0,1.0,0.0,0.0,0.0,0.0,0,0.5768263,1
-0.2785119,-1.4381213,-0.2153551,1.9910196,-0.3380085,-0.28685895,-0.046725754,0.025242949,1.5308651,0.0,0.0,0.0,1.0,0.0,0.0,0.0,0.0,0.0,0.0,0.0,0.0,0.0,0.0,0,0.6178389,1
-0.29240796,1.495366,-0.9058641,2.958658,4.4030538,-0.61131465,-0.0437716,2.2168581,0.5557652,0.0,0.0,0.0,0.0,0.0,0.0,1.0,0.0,0.0,0.0,0.0,0.0,0.0,0.0,0,0.8155422,1
0.68930674,1.495366,0.64778113,2.2656252,4.2513065,0.6865081,-0.015298766,0.60537636,-0.75175506,1.0,0.0,0.0,0.0,0.0,0.0,0.0,0.0,0.0,0.0,0.0,0.0,0.0,0.0,1,0.9979545,1
-0.29173568,0.7619942,-1.1935762,3.0448036,3.8547072,0.03759675,-0.041214008,0.15416148,2.683256,0.0,0.0,0.0,0.0,0.0,0.0,0.0,1.0,0.0,0.0,0.0,0.0,0.0,0.0,0,0.622126,1
-0.2533129,1.3486917,-0.79077923,1.8616257,0.8153097,0.36205244,0.024533242,-0.55489045,0.7995402,0.0,0.0,0.0,0.0,0.0,0.0,0.0,0.0,0.0,0.0,0.0,0.0,0.0,1.0,1,0.72908896,1
-0.2686893,-1.73147,-0.73323685,2.7707362,1.6538153,0.03759675,-0.045693822,1.8945618,0.46711978,0.0,1.0,0.0,0.0,0.0,0.0,0.0,0.0,0.0,0.0,0.0,0.0,0.0,0.0,1,0.9981504,1
-0.28823847,1.495366,-0.5030672,2.1982589,0.791419,3.6066093,6.0701685,-0.4904312,0.93250835,0.0,0.0,0.0,0.0,0.0,0.0,0.0,0.0,0.0,0.0,0.0,0.0,1.0,0.0,0,0.5719154,1
-0.29302725,-1.73147,0.07235698,2.70357,-0.28816834,0.03759675,-0.043063577,0.15416148,0.28982893,0.0,0.0,0.0,1.0,0.0,0.0,0.0,0.0,0.0,0.0,0.0,0.0,0.0,0.0,0,0.6949627,1
-0.23394917,-1.73147,-0.10027027,2.4210348,-0.5459025,-0.61131465,-0.045711573,0.15416148,0.5557652,0.0,0.0,0.0,1.0,0.0,0.0,0.0,0.0,0.0,0.0,0.0,0.0,0.0,0.0,0,0.83661926,1
-0.28736088,-1.8781444,0.59023875,2.9455779,-1.0036465,-0.61131465,-0.048365187,0.025242949,2.505965,0.0,0.0,0.0,1.0,0.0,0.0,0.0,0.0,0.0,0.0,0.0,0.0,0.0,0.0,0,0.5330267,1
-0.29170254,1.0553429,0.07235698,2.8904097,-0.09999961,2.3087866,6.6795363,-0.683809,-0.3750119,0.0,0.0,0.0,0.0,1.0,0.0,0.0,0.0,0.0,0.0,0.0,0.0,0.0,0.0,0,0.51274985,1
-0.17864317,-1.8781444,0.1298994,2.3532562,-0.3176488,-0.61131465,-0.046152677,-0.8127276,-1.3722731,0.0,0.0,0.0,0.0,0.0,1.0,0.0,0.0,0.0,0.0,0.0,0.0,0.0,0.0,0,0.53305596,1
0.69763577,-1.8781444,-0.6756944,1.9495579,4.0230436,-0.93577033,-0.047206547,0.7342949,-0.7739164,1.0,0.0,0.0,0.0,0.0,0.0,0.0,0.0,0.0,0.0,0.0,0.0,0.0,0.0,1,0.9517879,1
-0.26477483,1.3486917,-1.5388306,2.399987,5.378947,-0.93577033,-0.047615502,2.0879395,-0.39717326,0.0,0.0,0.0,0.0,0.0,0.0,1.0,0.0,0.0,0.0,0.0,0.0,0.0,0.0,1,0.9525786,1
-0.030505868,-0.118052006,-0.2728975,1.7982028,6.672939,-0.61131465,-0.049123023,2.8614507,-0.13123694,0.0,0.0,0.0,0.0,0.0,0.0,1.0,0.0,0.0,0.0,0.0,0.0,0.0,0.0,0,0.7752187,1
-0.29258016,-1.73147,0.76286596,2.4679904,1.6031212,0.03759675,-0.0027198985,2.3457766,0.48928115,0.0,1.0,0.0,0.0,0.0,0.0,0.0,0.0,0.0,0.0,0.0,0.0,0.0,0.0,1,0.99974555,1
-0.2935273,-1.4381213,0.5326963,2.8858414,-0.25437298,0.36205244,-0.045760185,0.15416148,0.5336039,0.0,0.0,0.0,1.0,0.0,0.0,0.0,0.0,0.0,0.0,0.0,0.0,0.0,0.0,0,0.700845,1
-0.29334518,-1.73147,0.7053236,2.5084748,1.5720083,-0.61131465,-0.030955685,2.0879395,0.5336039,0.0,1.0,0.0,0.0,0.0,0.0,0.0,0.0,0.0,0.0,0.0,0.0,0.0,0.0,1,0.9996331,1
-0.2754121,1.495366,-0.9058641,2.9787195,-0.38401937,1.3354195,0.08614986,-0.87718683,0.33415163,0.0,0.0,0.0,0.0,0.0,0.0,0.0,0.0,0.0,0.0,1.0,0.0,0.0,0.0,0,0.57302743,1
0.1309115,-1.4381213,-1.0784913,1.8024431,-0.27964407,-0.61131465,-0.045613207,0.15416148,1.6195105,0.0,0.0,0.0,1.0,0.0,0.0,0.0,0.0,0.0,0.0,0.0,0.0,0.0,0.0,0,0.541178,1
3.8169076,1.495366,0.8204084,2.992306,1.1907469,0.03759675,-0.046254426,-0.683809,2.1735446,0.0,0.0,0.0,0.0,0.0,0.0,0.0,0.0,0.0,0.0,0.0,0.0,0.0,1.0,0,0.7834209,1
-0.29172242,1.495366,-0.79077923,2.198353,-0.14193356,0.36205244,0.5223643,-0.683809,0.13469939,0.0,0.0,0.0,0.0,0.0,0.0,0.0,0.0,0.0,1.0,0.0,0.0,0.0,0.0,0,0.5309907,1
-0.29350746,-1.4381213,0.8204084,2.5694044,0.9342513,0.6865081,0.41422486,1.5078062,0.5336039,0.0,1.0,0.0,0.0,0.0,0.0,0.0,0.0,0.0,0.0,0.0,0.0,0.0,0.0,0,0.93278664,1
-0.20153058,1.3486917,-0.618152,2.0029216,-0.2062172,1.6598753,1.0958616,-0.6193497,0.7330561,0.0,0.0,0.0,0.0,0.0,0.0,0.0,0.0,0.0,0.0,0.0,0.0,1.0,0.0,0,0.52068764,1
-0.28872198,1.495366,-0.15781268,2.0033329,-0.14268236,0.6865081,0.2894302,-0.55489045,0.15686075,0.0,0.0,0.0,0.0,0.0,0.0,0.0,0.0,0.0,1.0,0.0,0.0,0.0,0.0,0,0.65004444,1
-0.27912125,0.9086686,-1.4237459,3.0315907,6.6975904,1.9843309,-0.013610044,0.47645783,2.993515,0.0,0.0,0.0,0.0,0.0,0.0,0.0,1.0,0.0,0.0,0.0,0.0,0.0,0.0,0,0.5919551,1
-0.29125547,1.3486917,-0.042727854,2.103927,-0.2756888,1.0109638,0.052552417,-0.7482683,0.77737886,0.0,0.0,0.0,0.0,0.0,0.0,0.0,0.0,0.0,0.0,0.0,0.0,1.0,0.0,0,0.6286732,1
-0.29131177,1.495366,0.76286596,2.8107584,1.8049026,-0.28685895,-0.015447595,2.410236,0.33415163,0.0,1.0,0.0,0.0,0.0,0.0,0.0,0.0,0.0,0.0,0.0,0.0,0.0,0.0,1,0.9989711,1
-0.29229534,0.46864545,-1.308661,2.795351,4.7901816,0.6865081,-0.038292523,1.0565913,-0.064752854,0.0,0.0,0.0,0.0,0.0,0.0,1.0,0.0,0.0,0.0,0.0,0.0,0.0,0.0,0,0.6790464,1
0.018216405,1.495366,-0.79077923,1.915751,0.18091244,1.0109638,0.21595028,-0.8127276,-0.020430136,0.0,0.0,0.0,0.0,0.0,0.0,0.0,0.0,1.0,0.0,0.0,0.0,0.0,0.0,0,0.61898434,1
1.9357684,-1.73147,-0.5606096,2.7977214,-0.27341503,-0.28685895,-0.030842356,0.21862076,0.64441067,0.0,0.0,0.0,1.0,0.0,0.0,0.0,0.0,0.0,0.0,0.0,0.0,0.0,0.0,1,0.7107259,1
0.25585338,1.495366,-1.4237459,2.5147295,6.3389487,1.0109638,-0.022517225,0.47645783,0.6222493,0.0,0.0,0.0,0.0,0.0,0.0,0.0,1.0,0.0,0.0,0.0,0.0,0.0,0.0,0,0.89582515,1
-0.28876173,1.495366,1.1656629,2.3261955,5.872971,-0.28685895,-0.019850884,2.2813175,-0.57446414,0.0,0.0,0.0,0.0,0.0,0.0,1.0,0.0,0.0,0.0,0.0,0.0,0.0,0.0,1,0.9986394,1
-0.29388168,1.3486917,-0.618152,2.312426,-0.28720516,0.36205244,0.351948,-0.6193497,0.5557652,0.0,0.0,0.0,0.0,0.0,0.0,0.0,0.0,0.0,0.0,0.0,0.0,1.0,0.0,0,0.5130617,1
-0.29170254,1.3486917,0.30252665,2.0566924,1.7588096,-0.93577033,0.66374934,2.0879395,1.1319606,0.0,1.0,0.0,0.0,0.0,0.0,0.0,0.0,0.0,0.0,0.0,0.0,0.0,0.0,1,0.9991053,1
-0.2891558,-0.9980982,-1.711458,2.0860565,-0.53454155,0.03759675,-0.048155658,-0.42597193,1.3535743,0.0,0.0,0.0,1.0,0.0,0.0,0.0,0.0,0.0,0.0,0.0,0.0,0.0,0.0,0,0.60442555,1
-0.2743292,1.3486917,0.36006907,2.4940422,-0.30683613,-0.28685895,-0.048097115,-0.42597193,-0.8182391,0.0,0.0,0.0,0.0,1.0,0.0,0.0,0.0,0.0,0.0,0.0,0.0,0.0,0.0,1,0.8517779,1
0.27816126,-1.4381213,-0.5030672,3.0403857,-0.31807384,1.9843309,-0.039277557,0.15416148,3.8578079,0.0,0.0,0.0,1.0,0.0,0.0,0.0,0.0,0.0,0.0,0.0,0.0,0.0,0.0,0,0.5754559,1
-0.2907885,-0.9980982,-0.33043993,2.994254,3.8657842,1.3354195,-0.048010074,0.79875416,0.22334483,1.0,0.0,0.0,0.0,0.0,0.0,0.0,0.0,0.0,0.0,0.0,0.0,0.0,0.0,0,0.6774276,1
-0.18979378,1.495366,0.1298994,1.9494132,-0.30506396,1.3354195,0.11648694,-0.683809,1.0433152,0.0,0.0,0.0,0.0,0.0,0.0,0.0,0.0,0.0,0.0,0.0,0.0,1.0,0.0,0,0.70772934,1
-0.2804592,-1.5847957,0.24498422,2.8990037,4.3872066,-0.61131465,-0.04733843,-0.4904312,-0.3750119,0.0,0.0,0.0,0.0,1.0,0.0,0.0,0.0,0.0,0.0,0.0,0.0,0.0,0.0,0,0.5220685,1
-0.17702372,-1.1447725,-0.8483217,2.4354072,2.5960884,-0.93577033,-0.04664859,-0.55489045,0.023892585,0.0,0.0,1.0,0.0,0.0,0.0,0.0,0.0,0.0,0.0,0.0,0.0,0.0,0.0,1,0.99425054,1
-0.28837094,-1.73147,0.014814562,2.5556574,-0.405411,-0.61131465,-0.046624642,0.21862076,0.28982893,0.0,0.0,0.0,1.0,0.0,0.0,0.0,0.0,0.0,0.0,0.0,0.0,0.0,0.0,0,0.76783675,1
-0.24971303,1.3486917,0.7053236,2.0096703,4.428966,0.03759675,-0.047893237,0.7342949,-0.90688455,1.0,0.0,0.0,0.0,0.0,0.0,0.0,0.0,0.0,0.0,0.0,0.0,0.0,0.0,1,0.99749386,1
0.96912867,1.3486917,-0.042727854,2.9784296,0.64964545,-0.28685895,-0.046874583,-0.7482683,0.6222493,0.0,0.0,0.0,0.0,0.0,0.0,0.0,0.0,1.0,0.0,0.0,0.0,0.0,0.0,0,0.5335961,1
-0.2868012,1.3486917,-0.73323685,2.8305807,5.0568666,0.36205244,52.378098,1.959021,-0.24204375,0.0,0.0,0.0,0.0,0.0,0.0,1.0,0.0,0.0,0.0,0.0,0.0,0.0,0.0,1,0.7212582,1
-0.28196272,-1.73147,-0.44552475,2.5487175,4.4358892,0.03759675,-0.04298045,0.5409171,-1.0841755,1.0,0.0,0.0,0.0,0.0,0.0,0.0,0.0,0.0,0.0,0.0,0.0,0.0,0.0,0,0.9675002,1
-0.2883014,1.3486917,-1.1935762,2.4805546,6.628127,-0.61131465,-0.04807176,1.7656432,-0.19772102,0.0,0.0,0.0,0.0,0.0,0.0,1.0,0.0,0.0,0.0,0.0,0.0,0.0,0.0,1,0.9605184,1
-0.28291982,-0.70474946,-0.33043993,2.0797544,1.504949,1.0109638,-0.043526173,2.0879395,0.93250835,0.0,1.0,0.0,0.0,0.0,0.0,0.0,0.0,0.0,0.0,0.0,0.0,0.0,0.0,1,0.99610317,1
4.929721,1.495366,0.93549323,2.9519765,4.715429,0.6865081,0.019499224,1.7656432,1.1984447,0.0,0.0,0.0,0.0,0.0,0.0,1.0,0.0,0.0,0.0,0.0,0.0,0.0,0.0,1,0.99409324,1
-0.29196748,1.495366,0.24498422,2.9182072,-0.33217305,1.6598753,0.91692156,-0.42597193,-0.1533983,0.0,0.0,0.0,0.0,0.0,0.0,0.0,0.0,0.0,0.0,1.0,0.0,0.0,0.0,0,0.756079,1
-0.28348613,0.3219711,-1.3662034,1.7924035,5.5148716,-0.28685895,-0.04880246,0.21862076,1.3978969,0.0,0.0,0.0,0.0,0.0,0.0,0.0,1.0,0.0,0.0,0.0,0.0,0.0,0.0,0,0.61126953,1
-0.2563034,1.3486917,-0.73323685,2.0298562,5.3472495,-0.93577033,-0.048161704,2.2813175,0.13469939,0.0,0.0,0.0,0.0,0.0,0.0,1.0,0.0,0.0,0.0,0.0,0.0,0.0,0.0,0,0.9298322,1
-0.28977844,-1.5847957,2.7193081,2.2462063,1.6205913,0.03759675,-0.048254527,1.1855098,0.9546697,0.0,1.0,0.0,0.0,0.0,0.0,0.0,0.0,0.0,0.0,0.0,0.0,0.0,0.0,1,0.99964464,1
-0.28742048,-1.5847957,0.1298994,2.239474,-0.34516677,0.03759675,0.009130003,0.025242949,1.2427675,0.0,0.0,0.0,1.0,0.0,0.0,0.0,0.0,0.0,0.0,0.0,0.0,0.0,0.0,0,0.87726206,1
-0.27592543,-1.8781444,0.014814562,2.0843794,-0.24323113,0.36205244,0.013425114,0.15416148,0.9546697,0.0,0.0,0.0,1.0,0.0,0.0,0.0,0.0,0.0,0.0,0.0,0.0,0.0,0.0,0,0.77405906,1
-0.05749652,-0.41140074,-0.9058641,2.2484186,1.5305713,-0.28685895,-0.047532924,2.2813175,1.2427675,0.0,1.0,0.0,0.0,0.0,0.0,0.0,0.0,0.0,0.0,0.0,0.0,0.0,0.0,1,0.98979414,1
0.2085088,-1.73147,-0.042727854,2.2595232,-0.2880681,-0.61131465,-0.04898652,0.41199857,0.60008794,0.0,0.0,0.0,1.0,0.0,0.0,0.0,0.0,0.0,0.0,0.0,0.0,0.0,0.0,0,0.6865039,1
-0.20468004,1.3486917,-0.73323685,2.103778,7.56592,0.36205244,-0.02312446,2.2813175,0.15686075,0.0,0.0,0.0,0.0,0.0,0.0,1.0,0.0,0.0,0.0,0.0,0.0,0.0,0.0,0,0.9329434,1
-0.289487,1.3486917,0.18744181,2.8643186,0.0094718505,0.03759675,0.0037891692,-0.8127276,-0.5301414,0.0,0.0,0.0,0.0,1.0,0.0,0.0,0.0,0.0,0.0,0.0,0.0,0.0,0.0,0,0.54691666,1
-0.2917721,-1.8781444,-0.9634065,2.2119915,-0.2985655,0.6865081,-0.008759591,0.47645783,0.9768311,0.0,0.0,0.0,1.0,0.0,0.0,0.0,0.0,0.0,0.0,0.0,0.0,0.0,0.0,0,0.7039256,1
-0.28713897,-1.4381213,0.014814562,1.8899451,3.5949712,1.0109638,0.22506422,-0.4904312,-0.28636646,0.0,0.0,0.0,0.0,1.0,0.0,0.0,0.0,0.0,0.0,0.0,0.0,0.0,0.0,1,0.9188757,1
-0.057423662,1.3486917,-0.042727854,2.3529382,-0.16153508,0.36205244,0.15978947,-0.6193497,-0.3750119,0.0,0.0,0.0,0.0,0.0,0.0,0.0,0.0,0.0,1.0,0.0,0.0,0.0,0.0,0,0.59418404,1
-0.2902222,1.495366,1.453375,2.1108334,5.6143055,0.03759675,-0.014761687,0.7342949,0.20118347,0.0,0.0,0.0,0.0,0.0,0.0,1.0,0.0,0.0,0.0,0.0,0.0,0.0,0.0,1,0.998806,1
-0.293832,-0.70474946,-0.042727854,3.048766,4.171408,1.6598753,-0.04500089,0.7342949,0.31199026,1.0,0.0,0.0,0.0,0.0,0.0,0.0,0.0,0.0,0.0,0.0,0.0,0.0,0.0,0,0.7735511,1
-0.29258016,0.028622357,0.76286596,2.4712799,6.4394784,0.36205244,-0.045615446,2.410236,-0.24204375,0.0,0.0,0.0,0.0,0.0,0.0,1.0,0.0,0.0,0.0,0.0,0.0,0.0,0.0,1,0.9415702,1
-0.27127907,1.3486917,0.9930356,2.426816,6.1836553,0.36205244,-0.046100397,1.7656432,-0.4858187,0.0,0.0,0.0,0.0,0.0,0.0,1.0,0.0,0.0,0.0,0.0,0.0,0.0,0.0,1,0.9984854,1
0.33565632,0.3219711,0.014814562,2.1287358,2.4989433,1.0109638,0.007283848,-0.7482683,0.1790221,0.0,0.0,1.0,0.0,0.0,0.0,0.0,0.0,0.0,0.0,0.0,0.0,0.0,0.0,0,0.68316334,1
-0.29176217,1.495366,0.07235698,2.3935943,6.458332,0.36205244,-0.0054091834,0.15416148,0.28982893,0.0,0.0,0.0,0.0,0.0,0.0,0.0,1.0,0.0,0.0,0.0,0.0,0.0,0.0,1,0.84081846,1
0.27816126,-1.5847957,-0.5030672,2.8787818,1.5935447,0.03759675,-0.04416892,2.0879395,0.99899244,0.0,1.0,0.0,0.0,0.0,0.0,0.0,0.0,0.0,0.0,0.0,0.0,0.0,0.0,1,0.9979798,1
-0.29223904,1.495366,0.36006907,2.7970457,0.018546179,1.3354195,0.07669784,-0.55489045,-0.7739164,0.0,0.0,0.0,0.0,0.0,0.0,0.0,0.0,0.0,1.0,0.0,0.0,0.0,0.0,0,0.60127354,1
-0.2792206,-0.26472637,-1.0784913,2.201836,1.0237588,0.03759675,-0.040577076,1.8301024,0.7995402,0.0,1.0,0.0,0.0,0.0,0.0,0.0,0.0,0.0,0.0,0.0,0.0,0.0,0.0,0,0.58548415,1
-0.28073075,-1.8781444,-0.9634065,2.4071202,6.5263343,0.03759675,-0.01996526,1.959021,-0.17555965,0.0,0.0,0.0,0.0,0.0,0.0,1.0,0.0,0.0,0.0,0.0,0.0,0.0,0.0,1,0.9979923,1
-0.2792206,1.495366,-1.0784913,2.2588274,5.4853344,-0.61131465,-0.04302682,0.41199857,1.2206061,0.0,0.0,0.0,0.0,0.0,0.0,0.0,1.0,0.0,0.0,0.0,0.0,0.0,0.0,0,0.9127627,1
-0.0002962036,-0.55807513,-0.8483217,2.3693385,5.024612,-1.260226,-0.04892308,0.41199857,-0.7074323,1.0,0.0,0.0,0.0,0.0,0.0,0.0,0.0,0.0,0.0,0.0,0.0,0.0,0.0,1,0.54904443,1
-0.27285546,-1.5847957,0.36006907,2.8586981,-0.4271164,0.6865081,-0.04510338,0.21862076,0.910347,0.0,0.0,0.0,1.0,0.0,0.0,0.0,0.0,0.0,0.0,0.0,0.0,0.0,0.0,1,0.84999835,1
1.9357684,-1.8781444,1.5684597,2.6899114,-0.24258855,-0.61131465,-0.04811364,0.15416148,0.5779266,0.0,0.0,0.0,1.0,0.0,0.0,0.0,0.0,0.0,0.0,0.0,0.0,0.0,0.0,0,0.60257965,1
-0.13455732,1.3486917,-0.9634065,2.339383,6.197953,-0.28685895,-0.04805291,2.0879395,0.09037667,0.0,0.0,0.0,0.0,0.0,0.0,1.0,0.0,0.0,0.0,0.0,0.0,0.0,0.0,1,0.9632514,1
9.332063,1.495366,-0.618152,2.3935452,0.6391202,0.03759675,-0.043568797,-0.683809,-0.30852783,0.0,0.0,0.0,0.0,0.0,0.0,0.0,0.0,1.0,0.0,0.0,0.0,0.0,0.0,0,0.66373897,1
-0.29312328,1.3486917,-1.6539155,2.446992,6.4105716,0.03759675,-0.049431525,2.2168581,-0.2642051,0.0,0.0,0.0,0.0,0.0,0.0,1.0,0.0,0.0,0.0,0.0,0.0,0.0,0.0,1,0.97174895,1
-0.29030168,1.495366,-0.5606096,1.902226,0.48606747,-0.28685895,-0.04506764,-0.87718683,0.2455062,0.0,0.0,0.0,0.0,0.0,0.0,0.0,0.0,1.0,0.0,0.0,0.0,0.0,0.0,0,0.65587395,1
0.010659022,1.495366,0.7053236,2.0302427,5.841792,0.36205244,0.12210603,2.2813175,0.1790221,0.0,0.0,0.0,0.0,0.0,0.0,1.0,0.0,0.0,0.0,0.0,0.0,0.0,0.0,1,0.99836785,1
-0.114378914,-0.85142386,0.07235698,2.0929248,4.332054,0.36205244,-0.033991575,0.992132,-0.7739164,1.0,0.0,0.0,0.0,0.0,0.0,0.0,0.0,0.0,0.0,0.0,0.0,0.0,0.0,0,0.78495497,1
-0.28309202,-1.4381213,-0.9634065,2.0919178,0.98421746,-0.28685895,-0.04594434,1.5722654,0.5779266,0.0,1.0,0.0,0.0,0.0,0.0,0.0,0.0,0.0,0.0,0.0,0.0,0.0,0.0,0,0.55780447,1
0.529989,1.495366,0.1298994,2.8308892,-0.2831726,-0.61131465,-0.04761744,-0.42597193,1.1984447,0.0,0.0,0.0,0.0,1.0,0.0,0.0,0.0,0.0,0.0,0.0,0.0,0.0,0.0,0,0.64614654,1
4.053889,-1.5847957,-1.4812882,2.5287635,1.3943999,1.6598753,0.18804482,1.5078062,0.20118347,0.0,1.0,0.0,0.0,0.0,0.0,0.0,0.0,0.0,0.0,0.0,0.0,0.0,0.0,1,0.99452776,1
-0.261069,-1.73147,0.64778113,2.420826,-0.4081874,-1.260226,-0.048863906,0.15416148,0.2455062,0.0,0.0,0.0,1.0,0.0,0.0,0.0,0.0,0.0,0.0,0.0,0.0,0.0,0.0,0,0.8018207,1
-0.29300407,1.3486917,1.050578,2.7362795,6.271579,-0.61131465,-0.04847933,1.7011839,-0.5523028,0.0,0.0,0.0,0.0,0.0,0.0,1.0,0.0,0.0,0.0,0.0,0.0,0.0,0.0,1,0.99838924,1
-0.29170254,-0.70474946,0.07235698,2.9814332,5.1029434,2.6332424,-0.04738234,0.60537636,2.572449,0.0,0.0,0.0,0.0,0.0,0.0,0.0,1.0,0.0,0.0,0.0,0.0,0.0,0.0,1,0.7361811,1
-0.28778806,1.495366,1.2232053,2.1983514,5.8231783,0.03759675,0.008257384,2.5391545,2.572449,0.0,0.0,0.0,0.0,0.0,0.0,1.0,0.0,0.0,0.0,0.0,0.0,0.0,0.0,1,0.9986357,1
-0.2726104,1.3486917,-0.44552475,2.198149,-0.3044871,1.9843309,0.40164217,-0.4904312,0.09037667,0.0,0.0,0.0,0.0,0.0,0.0,0.0,0.0,0.0,1.0,0.0,0.0,0.0,0.0,0,0.5276875,1
-0.28958303,-1.5847957,0.41761148,2.9056401,-0.28569835,0.03759675,-0.04740684,-0.42597193,1.1762834,0.0,0.0,0.0,1.0,0.0,0.0,0.0,0.0,0.0,0.0,0.0,0.0,0.0,0.0,0,0.66847837,1
3.8896234,-1.8781444,0.8204084,2.8983665,-0.36371133,-0.61131465,-0.012077092,0.08970222,1.4422196,0.0,0.0,0.0,1.0,0.0,0.0,0.0,0.0,0.0,0.0,0.0,0.0,0.0,0.0,0,0.894177,1
-0.26492053,-1.1447725,-1.0209489,2.6911325,-0.3936174,-0.28685895,-0.04672575,0.21862076,0.31199026,0.0,0.0,0.0,1.0,0.0,0.0,0.0,0.0,0.0,0.0,0.0,0.0,0.0,0.0,0,0.5487265,1
-0.06826629,-1.73147,1.8561718,1.8018829,-0.41831037,0.03759675,-0.048950203,0.60537636,1.0433152,0.0,0.0,0.0,1.0,0.0,0.0,0.0,0.0,0.0,0.0,0.0,0.0,0.0,0.0,0,0.8796965,1
-0.2804592,-1.5847957,0.24498422,2.663552,-0.44015503,0.03759675,-0.04611085,-0.10367559,0.44495845,0.0,0.0,0.0,1.0,0.0,0.0,0.0,0.0,0.0,0.0,0.0,0.0,0.0,0.0,0,0.8201824,1
-0.28075394,-1.5847957,0.8204084,2.5422978,-0.34209406,-0.93577033,-0.049142834,-0.683809,-1.4609185,0.0,0.0,0.0,0.0,0.0,1.0,0.0,0.0,0.0,0.0,0.0,0.0,0.0,0.0,1,0.81951725,1
-0.27389535,1.495366,-0.15781268,2.9250011,-0.025197426,2.6332424,0.487293,-0.6193497,-0.042591497,0.0,0.0,0.0,0.0,0.0,0.0,0.0,0.0,0.0,0.0,1.0,0.0,0.0,0.0,0,0.6382672,1
-0.2804062,-1.4381213,0.64778113,2.6838706,1.4719641,-0.28685895,-0.030229744,2.0879395,0.20118347,0.0,1.0,0.0,0.0,0.0,0.0,0.0,0.0,0.0,0.0,0.0,0.0,0.0,0.0,1,0.99968374,1
-0.28328413,0.61531985,-0.8483217,1.7726673,5.4296527,0.03759675,-0.027647253,-0.10367559,0.77737886,0.0,0.0,0.0,0.0,0.0,0.0,0.0,1.0,0.0,0.0,0.0,0.0,0.0,0.0,0,0.5502611,1
-0.28896043,1.3486917,-0.5030672,2.7229478,4.07642,0.6865081,0.1470336,0.21862076,0.51144254,0.0,0.0,0.0,0.0,0.0,0.0,0.0,1.0,0.0,0.0,0.0,0.0,0.0,0.0,1,0.90636945,1
-0.2891194,1.3486917,-0.618152,2.1508791,2.58574,1.6598753,1.3992927,-0.36151266,0.20118347,0.0,0.0,1.0,0.0,0.0,0.0,0.0,0.0,0.0,0.0,0.0,0.0,0.0,0.0,1,0.9877627,1
-0.29173568,-1.8781444,-1.1935762,2.0370312,6.0919533,-0.61131465,-0.04031674,1.8301024,-0.30852783,0.0,0.0,0.0,0.0,0.0,0.0,1.0,0.0,0.0,0.0,0.0,0.0,0.0,0.0,1,0.9985545,1
-0.22162952,1.3486917,-0.38798234,2.9449446,-0.27314243,1.9843309,0.00057782547,-0.683809,0.2455062,0.0,0.0,0.0,0.0,0.0,0.0,0.0,0.0,0.0,0.0,1.0,0.0,0.0,0.0,0,0.51183194,1
3.8896234,-1.73147,1.7986294,2.8850863,0.12419765,-0.28685895,-0.04761408,-0.16813485,1.3535743,0.0,0.0,0.0,1.0,0.0,0.0,0.0,0.0,0.0,0.0,0.0,0.0,0.0,0.0,0,0.56681806,1
0.09000161,1.495366,-1.1360338,2.608795,0.9304576,0.03759675,-0.037105843,-0.6193497,0.71089476,0.0,0.0,0.0,0.0,0.0,0.0,0.0,0.0,0.0,0.0,0.0,0.0,0.0,1.0,0,0.7450436,1
-0.29018578,-1.8781444,-0.33043993,2.481244,-0.718011,-1.260226,-0.048649024,0.08970222,0.40063572,0.0,0.0,0.0,1.0,0.0,0.0,0.0,0.0,0.0,0.0,0.0,0.0,0.0,0.0,0,0.8323366,1
0.05538734,1.495366,0.014814562,1.9158058,4.1059513,1.6598753,0.016420053,0.15416148,0.93250835,0.0,0.0,0.0,0.0,0.0,0.0,0.0,1.0,0.0,0.0,0.0,0.0,0.0,0.0,0,0.7083765,1
-0.28061816,1.495366,-0.2153551,2.9587324,4.159018,1.0109638,-0.027907258,0.15416148,2.0848992,0.0,0.0,0.0,0.0,0.0,0.0,0.0,1.0,0.0,0.0,0.0,0.0,0.0,0.0,0,0.8607046,1
-0.2764752,-0.9980982,-1.1935762,2.7250524,-0.58222663,-0.61131465,-0.045090083,-0.03921632,0.33415163,0.0,0.0,0.0,1.0,0.0,0.0,0.0,0.0,0.0,0.0,0.0,0.0,0.0,0.0,0,0.5952231,1
-0.28086653,-1.4381213,0.1298994,2.4619987,6.22651,-0.28685895,-0.035435066,2.0234802,-0.50798005,0.0,0.0,0.0,0.0,0.0,0.0,1.0,0.0,0.0,0.0,0.0,0.0,0.0,0.0,1,0.96870184,1
-0.28327087,-1.5847957,2.3165112,2.8182807,1.5591273,-0.28685895,-0.035233557,1.8945618,0.13469939,0.0,1.0,0.0,0.0,0.0,0.0,0.0,0.0,0.0,0.0,0.0,0.0,0.0,0.0,1,0.9998474,1
-0.27464047,0.9086686,-0.10027027,2.4597008,0.5906906,1.0109638,-0.043528523,-0.6193497,-0.35285056,0.0,0.0,0.0,0.0,0.0,0.0,0.0,0.0,1.0,0.0,0.0,0.0,0.0,0.0,0,0.51657313,1
-0.29353395,1.495366,0.18744181,2.8846152,1.5652196,0.6865081,-0.043649625,-0.4904312,0.5557652,0.0,0.0,0.0,0.0,0.0,0.0,0.0,0.0,0.0,0.0,0.0,0.0,0.0,1.0,0,0.9394953,1
-0.29202047,-1.73147,-0.79077923,2.3469405,5.2887897,0.03759675,0.020277908,2.0234802,0.046053946,0.0,0.0,0.0,0.0,0.0,0.0,1.0,0.0,0.0,0.0,0.0,0.0,0.0,0.0,1,0.99843866,1
-0.1269569,-1.73147,-0.618152,2.8313758,-0.3464149,0.03759675,-0.034299124,0.21862076,0.31199026,0.0,0.0,0.0,1.0,0.0,0.0,0.0,0.0,0.0,0.0,0.0,0.0,0.0,0.0,0,0.7495001,1
-0.29122233,1.3486917,-0.8483217,2.8978148,-0.25283763,1.9843309,0.4358653,-0.7482683,0.51144254,0.0,0.0,0.0,0.0,0.0,0.0,0.0,0.0,0.0,0.0,0.0,0.0,1.0,0.0,0,0.5661669,1
-0.1269569,-1.8781444,-0.618152,1.8150061,-0.3824209,0.36205244,0.16262282,0.28308,1.1319606,0.0,0.0,0.0,1.0,0.0,0.0,0.0,0.0,0.0,0.0,0.0,0.0,0.0,0.0,1,0.90632635,1
-0.234128,1.2020173,-0.9634065,2.5273707,3.636592,0.03759675,0.3307979,0.60537636,0.15686075,0.0,0.0,0.0,0.0,0.0,0.0,0.0,1.0,0.0,0.0,0.0,0.0,0.0,0.0,0,0.64955956,1
-0.2890896,-1.4381213,-0.38798234,2.724206,1.4157532,-0.61131465,-0.04815165,2.0879395,0.71089476,0.0,1.0,0.0,0.0,0.0,0.0,0.0,0.0,0.0,0.0,0.0,0.0,0.0,0.0,1,0.99579215,1
-0.29285502,-1.8781444,-0.5030672,2.339884,-0.3644556,-0.61131465,-0.043824058,-0.16813485,0.8660243,0.0,0.0,0.0,1.0,0.0,0.0,0.0,0.0,0.0,0.0,0.0,0.0,0.0,0.0,0,0.6285311,1
-0.043034166,0.9086686,-0.042727854,2.607688,4.3319254,0.03759675,23.92162,-0.87718683,-0.8625618,0.0,0.0,0.0,0.0,1.0,0.0,0.0,0.0,0.0,0.0,0.0,0.0,0.0,0.0,0,0.8715191,1
-0.29366973,-1.73147,-0.2728975,2.8785472,6.6588087,-0.28685895,-0.04063305,0.60537636,0.8217016,0.0,0.0,0.0,0.0,0.0,0.0,0.0,1.0,0.0,0.0,0.0,0.0,0.0,0.0,1,0.9788588,1
-0.294087,1.495366,0.24498422,2.6088257,-0.18461119,0.03759675,1.8779757,-0.683809,-0.44149598,0.0,0.0,0.0,0.0,0.0,0.0,0.0,0.0,0.0,1.0,0.0,0.0,0.0,0.0,0,0.70646286,1
-0.28579772,1.495366,0.18744181,1.9023792,-0.6079429,0.36205244,0.039826702,-0.4904312,0.910347,0.0,0.0,0.0,0.0,0.0,0.0,0.0,0.0,0.0,0.0,0.0,0.0,1.0,0.0,0,0.7343634,1
-0.2862945,-0.26472637,0.014814562,2.1614654,1.8069805,0.36205244,-0.046333615,2.410236,0.93250835,0.0,1.0,0.0,0.0,0.0,0.0,0.0,0.0,0.0,0.0,0.0,0.0,0.0,0.0,1,0.9973423,1
-0.1269569,-1.73147,-0.618152,2.8449576,-0.26975194,1.6598753,-0.040466446,0.08970222,0.26766756,0.0,0.0,0.0,1.0,0.0,0.0,0.0,0.0,0.0,0.0,0.0,0.0,0.0,0.0,0,0.5689425,1
-0.29381213,1.495366,-0.5606096,2.1513348,-0.45824912,2.3087866,0.105562806,-0.4904312,0.5336039,0.0,0.0,0.0,0.0,0.0,0.0,0.0,0.0,0.0,0.0,0.0,0.0,1.0,0.0,0,0.55386883,1
-0.28038302,-1.73147,0.93549323,2.272961,-0.4925525,-0.93577033,-0.049124587,-0.42597193,0.8660243,0.0,0.0,0.0,1.0,0.0,0.0,0.0,0.0,0.0,0.0,0.0,0.0,0.0,0.0,0,0.7734568,1
-0.28867894,1.495366,0.24498422,1.9964606,0.58025885,0.6865081,-0.044331364,-0.683809,0.5336039,0.0,0.0,0.0,0.0,0.0,0.0,0.0,0.0,1.0,0.0,0.0,0.0,0.0,0.0,0,0.670697,1
-0.261069,-1.8781444,0.64778113,2.3801668,-0.49517867,0.6865081,-0.029751863,0.08970222,0.42279708,0.0,0.0,0.0,1.0,0.0,0.0,0.0,0.0,0.0,0.0,0.0,0.0,0.0,0.0,0,0.90020007,1
-0.2852513,1.495366,-1.1360338,2.9922307,-0.17445603,0.6865081,-0.038824417,-0.7482683,1.2649288,0.0,0.0,0.0,0.0,0.0,0.0,0.0,0.0,0.0,0.0,1.0,0.0,0.0,0.0,0,0.5074534,1
-0.2846585,-1.1447725,-1.4812882,2.8997135,4.697732,9.771268,-0.02481733,0.79875416,-0.6187869,1.0,0.0,0.0,0.0,0.0,0.0,0.0,0.0,0.0,0.0,0.0,0.0,0.0,0.0,1,0.6132055,1
-0.2891194,1.495366,-0.618152,2.3800325,-0.294877,1.6598753,0.16454175,-0.6193497,0.112538025,0.0,0.0,0.0,0.0,0.0,0.0,0.0,0.0,0.0,1.0,0.0,0.0,0.0,0.0,0,0.5487792,1
-0.2755479,1.2020173,0.014814562,2.090117,6.311769,0.36205244,-0.030090455,1.7656432,0.6222493,0.0,0.0,0.0,0.0,0.0,0.0,1.0,0.0,0.0,0.0,0.0,0.0,0.0,0.0,0,0.943619,1
-0.13455732,-0.9980982,-0.9634065,2.3349876,5.2381496,0.03759675,-0.04574336,0.8632134,-1.0620141,1.0,0.0,0.0,0.0,0.0,0.0,0.0,0.0,0.0,0.0,0.0,0.0,0.0,0.0,1,0.9036231,1
-0.27990285,1.495366,-0.9058641,2.8239894,4.481309,0.36205244,0.24416825,0.5409171,-0.90688455,1.0,0.0,0.0,0.0,0.0,0.0,0.0,0.0,0.0,0.0,0.0,0.0,0.0,0.0,1,0.98846674,1
-0.28981817,1.495366,1.050578,2.2320924,-0.045520063,1.3354195,0.019750789,-0.6193497,0.356313,0.0,0.0,0.0,0.0,0.0,0.0,0.0,0.0,0.0,1.0,0.0,0.0,0.0,0.0,0,0.5829966,1
-0.29309016,0.7619942,-0.15781268,3.031129,5.961709,0.6865081,-0.046825964,0.21862076,2.5502877,0.0,0.0,0.0,0.0,0.0,0.0,0.0,1.0,0.0,0.0,0.0,0.0,0.0,0.0,0,0.5962206,1
-0.27273956,-1.73147,-0.33043993,3.0332317,-0.3659249,2.6332424,-0.044573773,0.15416148,3.0378375,0.0,0.0,0.0,1.0,0.0,0.0,0.0,0.0,0.0,0.0,0.0,0.0,0.0,0.0,0,0.6891283,1
-0.26955697,-1.5847957,1.050578,2.0445077,-0.4441509,0.36205244,0.26600596,0.15416148,1.3092515,0.0,0.0,0.0,1.0,0.0,0.0,0.0,0.0,0.0,0.0,0.0,0.0,0.0,0.0,0,0.92295957,1
-0.29307693,-1.5847957,-0.5606096,2.199112,4.8562417,0.36205244,0.026435595,1.6367247,2.9491923,0.0,0.0,0.0,0.0,0.0,0.0,1.0,0.0,0.0,0.0,0.0,0.0,0.0,0.0,1,0.99725014,1
-0.2755479,1.3486917,0.014814562,2.5209322,0.50147766,1.6598753,3.6485696,-0.6193497,-0.41933462,0.0,0.0,0.0,0.0,0.0,0.0,0.0,0.0,1.0,0.0,0.0,0.0,0.0,0.0,0,0.8779576,1
-0.27470672,1.495366,-1.0784913,2.0908027,-0.57100844,1.9843309,0.318618,-0.42597193,0.71089476,0.0,0.0,0.0,0.0,0.0,0.0,0.0,0.0,0.0,0.0,0.0,0.0,1.0,0.0,0,0.6784287,1
-0.21254541,1.495366,0.41761148,2.8309379,6.253658,0.6865081,-0.019836456,1.7656432,-0.44149598,0.0,0.0,0.0,0.0,0.0,0.0,1.0,0.0,0.0,0.0,0.0,0.0,0.0,0.0,1,0.9942703,1
-0.25688627,-0.9980982,0.07235698,2.5704775,-0.257563,1.9843309,-0.034685325,0.47645783,0.66657203,0.0,0.0,0.0,1.0,0.0,0.0,0.0,0.0,0.0,0.0,0.0,0.0,0.0,0.0,0,0.64209455,1
-0.27592543,1.495366,0.014814562,2.3666058,-0.23440917,-0.61131465,0.06091429,-0.683809,-0.064752854,0.0,0.0,0.0,0.0,0.0,0.0,0.0,0.0,0.0,1.0,0.0,0.0,0.0,0.0,0,0.5164105,1
8.000744,1.0553429,-1.4812882,2.6953235,6.1538076,-0.61131465,-0.045231,0.6698356,-1.1949823,1.0,0.0,0.0,0.0,0.0,0.0,0.0,0.0,0.0,0.0,0.0,0.0,0.0,0.0,0,0.7958273,1
2.4933622,1.3486917,0.59023875,1.9693471,5.2232604,0.36205244,-0.048733428,0.6698356,-0.7295937,1.0,0.0,0.0,0.0,0.0,0.0,0.0,0.0,0.0,0.0,0.0,0.0,0.0,0.0,1,0.9973335,1
-0.28736088,-1.2914469,0.59023875,2.9195943,-0.34747675,0.36205244,0.31189752,0.15416148,1.2870902,0.0,0.0,0.0,1.0,0.0,0.0,0.0,0.0,0.0,0.0,0.0,0.0,0.0,0.0,0,0.85849214,1
-0.28579772,1.495366,0.18744181,2.9788172,-0.29854468,1.9843309,0.9359002,-1.0061053,-1.1506596,0.0,0.0,0.0,0.0,0.0,0.0,0.0,0.0,0.0,0.0,0.0,1.0,0.0,0.0,0,0.72838044,1
-0.29020232,-1.73147,0.8779508,2.595776,-0.27118737,-0.93577033,-0.04778725,0.08970222,0.5557652,0.0,0.0,0.0,1.0,0.0,0.0,0.0,0.0,0.0,0.0,0.0,0.0,0.0,0.0,0,0.6858493,1
-0.29401082,1.3486917,-0.79077923,2.9717724,0.9605984,1.6598753,0.036183894,-0.8127276,0.48928115,0.0,0.0,0.0,0.0,0.0,0.0,0.0,0.0,1.0,0.0,0.0,0.0,0.0,0.0,0,0.53460515,1
-0.09643593,-1.4381213,-0.5606096,2.4079347,4.4668164,-0.93577033,-0.04416165,0.15416148,0.13469939,0.0,0.0,0.0,0.0,0.0,0.0,0.0,1.0,0.0,0.0,0.0,0.0,0.0,0.0,1,0.9943268,1
-0.29244438,1.495366,0.41761148,2.1781049,1.5906932,0.03759675,-0.037010457,2.1523988,1.1097993,0.0,1.0,0.0,0.0,0.0,0.0,0.0,0.0,0.0,0.0,0.0,0.0,0.0,0.0,1,0.9990722,1
-0.2921695,-1.5847957,1.1081204,2.9257271,-0.30060592,0.6865081,0.028404294,0.025242949,2.018415,0.0,0.0,0.0,1.0,0.0,0.0,0.0,0.0,0.0,0.0,0.0,0.0,0.0,0.0,0,0.84703374,1
-0.12385048,-1.5847957,-1.0209489,2.2126782,-0.42608908,-1.260226,-0.049024463,0.025242949,0.910347,0.0,0.0,0.0,1.0,0.0,0.0,0.0,0.0,0.0,0.0,0.0,0.0,0.0,0.0,0,0.6323387,1
-0.28833452,-1.8781444,0.07235698,2.5688255,-0.32579875,0.6865081,0.065720595,-0.03921632,0.5779266,0.0,0.0,0.0,1.0,0.0,0.0,0.0,0.0,0.0,0.0,0.0,0.0,0.0,0.0,0,0.90667003,1
-0.29113623,-1.8781444,1.6835446,2.4610918,-0.24950849,-0.28685895,0.02646016,0.21862076,0.2455062,0.0,0.0,0.0,1.0,0.0,0.0,0.0,0.0,0.0,0.0,0.0,0.0,0.0,0.0,0,0.7515446,1
-0.26656646,-0.41140074,-1.1935762,1.8448392,1.728781,0.03759675,-0.047857046,1.8301024,0.9546697,0.0,1.0,0.0,0.0,0.0,0.0,0.0,0.0,0.0,0.0,0.0,0.0,0.0,0.0,1,0.9891394,1
-0.29336503,1.495366,-0.38798234,2.0032153,-0.29631808,1.6598753,0.16251749,-0.87718683,1.154122,0.0,0.0,0.0,0.0,0.0,0.0,0.0,0.0,0.0,0.0,0.0,0.0,1.0,0.0,0,0.6243117,1
-0.2923384,0.7619942,0.18744181,2.1901538,5.6065035,0.36205244,0.03137212,0.21862076,-0.3750119,0.0,0.0,0.0,0.0,0.0,0.0,0.0,1.0,0.0,0.0,0.0,0.0,0.0,0.0,0,0.7278938,1
-0.2930173,-1.73147,-0.15781268,2.071108,-0.2928816,0.6865081,-0.03314923,0.15416148,1.2206061,0.0,0.0,0.0,1.0,0.0,0.0,0.0,0.0,0.0,0.0,0.0,0.0,0.0,0.0,1,0.650778,1
-0.29345116,-1.4381213,0.30252665,1.8158805,-0.2725394,0.03759675,-0.04416401,-0.03921632,1.464381,0.0,0.0,0.0,1.0,0.0,0.0,0.0,0.0,0.0,0.0,0.0,0.0,0.0,0.0,0,0.5535363,1
-0.29152042,-1.8781444,2.7193081,2.7840712,-0.34285626,0.6865081,-0.044456493,0.025242949,0.6222493,0.0,0.0,0.0,1.0,0.0,0.0,0.0,0.0,0.0,0.0,0.0,0.0,0.0,0.0,0,0.8405246,1
-0.29139456,0.9086686,-0.44552475,2.6142948,6.7311754,1.9843309,-0.003233961,1.4433469,-0.39717326,0.0,0.0,0.0,0.0,0.0,0.0,1.0,0.0,0.0,0.0,0.0,0.0,0.0,0.0,0,0.7395135,1
-0.27539888,1.3486917,-1.711458,1.875113,3.853537,-0.61131465,-0.04709699,0.5409171,-0.7739164,1.0,0.0,0.0,0.0,0.0,0.0,0.0,0.0,0.0,0.0,0.0,0.0,0.0,0.0,0,0.9389571,1
-0.234128,-1.73147,-0.9634065,2.118098,1.0729201,0.36205244,-0.044789184,1.959021,0.9546697,0.0,1.0,0.0,0.0,0.0,0.0,0.0,0.0,0.0,0.0,0.0,0.0,0.0,0.0,0,0.9275106,1
-0.29249406,-1.4381213,-0.38798234,3.0539238,-0.77720857,1.0109638,-0.03843634,-0.03921632,3.8134851,0.0,0.0,0.0,1.0,0.0,0.0,0.0,0.0,0.0,0.0,0.0,0.0,0.0,0.0,0,0.69603723,1
-0.26955697,-1.8781444,1.050578,2.810843,1.5649133,-0.61131465,-0.048141815,2.0234802,0.71089476,0.0,1.0,0.0,0.0,0.0,0.0,0.0,0.0,0.0,0.0,0.0,0.0,0.0,0.0,1,0.9995981,1
-0.29164624,1.2020173,-0.6756944,2.2786596,3.8859406,0.03759675,-0.04564926,0.21862076,0.09037667,0.0,0.0,0.0,0.0,0.0,0.0,0.0,1.0,0.0,0.0,0.0,0.0,0.0,0.0,0,0.51361203,1
0.6023637,1.495366,0.07235698,2.1377861,6.1657214,1.6598753,0.48780894,2.2813175,0.20118347,0.0,0.0,0.0,0.0,0.0,0.0,1.0,0.0,0.0,0.0,0.0,0.0,0.0,0.0,0,0.9902996,1
-0.29041427,-1.73147,0.7053236,2.098089,-0.20648478,0.6865081,-0.032567672,-0.7482683,-1.3279504,0.0,0.0,0.0,0.0,0.0,1.0,0.0,0.0,0.0,0.0,0.0,0.0,0.0,0.0,0,0.5508657,1
-0.27470672,-1.5847957,-1.0784913,1.768623,-0.5586733,1.6598753,-0.043024737,0.21862076,1.6638333,0.0,0.0,0.0,1.0,0.0,0.0,0.0,0.0,0.0,0.0,0.0,0.0,0.0,0.0,0,0.8344142,1
-0.29038778,1.495366,-0.73323685,2.9653544,5.5613747,1.0109638,0.1187149,0.5409171,-0.39717326,1.0,0.0,0.0,0.0,0.0,0.0,0.0,0.0,0.0,0.0,0.0,0.0,0.0,0.0,1,0.9848177,1
-0.19226103,-0.70474946,-1.1360338,2.9814599,5.0517993,1.3354195,0.01961774,-0.10367559,-0.30852783,1.0,0.0,0.0,0.0,0.0,0.0,0.0,0.0,0.0,0.0,0.0,0.0,0.0,0.0,0,0.83350074,1
-0.28896043,1.3486917,-0.5030672,2.7160356,1.2684151,-0.28685895,-0.047262374,1.8301024,0.112538025,0.0,1.0,0.0,0.0,0.0,0.0,0.0,0.0,0.0,0.0,0.0,0.0,0.0,0.0,1,0.9943057,1
-0.2937989,-1.73147,0.014814562,2.420817,-0.32020366,-0.93577033,-0.049323935,0.47645783,0.5779266,0.0,0.0,0.0,1.0,0.0,0.0,0.0,0.0,0.0,0.0,0.0,0.0,0.0,0.0,0,0.6661032,1
-0.29373595,-1.73147,0.4751539,1.8962684,-0.29765514,-0.61131465,-0.047786295,-0.10367559,0.64441067,0.0,0.0,0.0,1.0,0.0,0.0,0.0,0.0,0.0,0.0,0.0,0.0,0.0,0.0,0,0.7317224,1
-0.28721845,-1.8781444,-0.79077923,1.936196,1.1581523,-1.260226,-0.049256686,1.3144283,0.8660243,0.0,1.0,0.0,0.0,0.0,0.0,0.0,0.0,0.0,0.0,0.0,0.0,0.0,0.0,1,0.9149869,1
0.27270684,-1.8781444,0.59023875,2.3399682,-0.28141454,-0.28685895,0.0066687535,-0.6193497,-1.4830799,0.0,0.0,0.0,0.0,0.0,1.0,0.0,0.0,0.0,0.0,0.0,0.0,0.0,0.0,1,0.91614693,1
-0.015626233,1.3486917,0.1298994,2.6893332,3.322921,0.03759675,0.24639755,-0.10367559,-0.41933462,0.0,0.0,0.0,0.0,0.0,0.0,0.0,1.0,0.0,0.0,0.0,0.0,0.0,0.0,0,0.7703309,1
-0.2891558,-1.1447725,-1.711458,2.1799774,-0.47626495,-0.28685895,-0.043736897,0.025242949,1.6638333,0.0,0.0,0.0,1.0,0.0,0.0,0.0,0.0,0.0,0.0,0.0,0.0,0.0,0.0,0,0.70945877,1
-0.25690612,-1.2914469,-0.2153551,2.8457894,-0.32762474,0.03759675,-0.028032979,-0.16813485,0.7995402,0.0,0.0,0.0,1.0,0.0,0.0,0.0,0.0,0.0,0.0,0.0,0.0,0.0,0.0,0,0.6629863,1
-0.27445835,-1.2914469,0.1298994,3.0339422,1.0079055,1.0109638,-0.035250872,1.8945618,3.3259354,0.0,1.0,0.0,0.0,0.0,0.0,0.0,0.0,0.0,0.0,0.0,0.0,0.0,0.0,0,0.60102034,1
-0.27285546,-1.4381213,0.36006907,2.858933,1.5636921,0.6865081,-0.018912358,1.1855098,0.5336039,0.0,1.0,0.0,0.0,0.0,0.0,0.0,0.0,0.0,0.0,0.0,0.0,0.0,0.0,1,0.9996043,1
-0.28837094,-1.73147,0.014814562,2.6092408,-0.29552704,-0.28685895,-0.0392004,0.025242949,0.356313,0.0,0.0,0.0,1.0,0.0,0.0,0.0,0.0,0.0,0.0,0.0,0.0,0.0,0.0,0,0.6948985,1
0.02688322,1.495366,0.4751539,2.467596,5.647274,1.6598753,0.07164702,2.410236,-0.21988238,0.0,0.0,0.0,0.0,0.0,0.0,1.0,0.0,0.0,0.0,0.0,0.0,0.0,0.0,1,0.9969896,1
0.010867661,-1.2914469,1.7410871,2.2131736,1.1405411,0.03759675,-0.04430973,1.3144283,1.1984447,0.0,1.0,0.0,0.0,0.0,0.0,0.0,0.0,0.0,0.0,0.0,0.0,0.0,0.0,1,0.9972013,1
-0.28932473,1.495366,2.2014263,2.2725024,4.3346586,0.03759675,-0.036929905,0.47645783,-0.7960777,1.0,0.0,0.0,0.0,0.0,0.0,0.0,0.0,0.0,0.0,0.0,0.0,0.0,0.0,1,0.9974486,1
-0.2813269,1.495366,0.76286596,2.3261735,0.18032962,0.03759675,-0.04432845,-0.16813485,0.5779266,0.0,0.0,0.0,0.0,0.0,0.0,0.0,0.0,0.0,0.0,0.0,1.0,0.0,0.0,0,0.5088967,1
0.1832568,1.3486917,-0.618152,1.854907,5.2962813,1.0109638,-0.045246962,-0.03921632,0.6887334,0.0,0.0,0.0,0.0,0.0,0.0,0.0,1.0,0.0,0.0,0.0,0.0,0.0,0.0,0,0.6779541,1
-0.2819495,-1.8781444,0.014814562,2.9252903,1.4893938,0.03759675,0.08421933,2.668073,0.6887334,0.0,1.0,0.0,0.0,0.0,0.0,0.0,0.0,0.0,0.0,0.0,0.0,0.0,0.0,1,0.9988601,1
-0.2802605,0.7619942,-1.5963731,2.4190636,3.5500696,-0.28685895,0.3838031,0.992132,-0.7960777,1.0,0.0,0.0,0.0,0.0,0.0,0.0,0.0,0.0,0.0,0.0,0.0,0.0,0.0,0,0.8437253,1
0.4436421,-1.5847957,0.9930356,2.0847437,1.5397097,0.6865081,-0.047757663,2.1523988,0.8881856,0.0,1.0,0.0,0.0,0.0,0.0,0.0,0.0,0.0,0.0,0.0,0.0,0.0,0.0,1,0.9998485,1
-0.23094212,1.2020173,2.546681,2.009518,-0.222952,0.6865081,0.011380117,-0.683809,-1.4830799,0.0,0.0,0.0,0.0,0.0,0.0,0.0,0.0,0.0,0.0,0.0,1.0,0.0,0.0,0,0.51659954,1
-0.28816894,1.495366,-0.042727854,1.7745355,-0.4301836,0.6865081,0.0863398,-0.55489045,0.15686075,0.0,0.0,0.0,0.0,0.0,0.0,0.0,0.0,0.0,1.0,0.0,0.0,0.0,0.0,0,0.54212934,1
-0.28780463,1.3486917,-1.3662034,2.86423,6.181703,-0.28685895,-0.005353587,1.8301024,0.31199026,0.0,0.0,0.0,0.0,0.0,0.0,1.0,0.0,0.0,0.0,0.0,0.0,0.0,0.0,1,0.97225326,1
-0.29229203,1.495366,-0.2728975,2.8576906,-0.31199718,1.6598753,-0.0042071175,-0.4904312,0.66657203,0.0,0.0,0.0,0.0,0.0,0.0,0.0,0.0,0.0,0.0,0.0,0.0,1.0,0.0,0,0.5286051,1
-0.2923384,1.495366,0.18744181,2.945213,-0.27098116,1.9843309,0.29257745,-0.42597193,0.26766756,0.0,0.0,0.0,0.0,1.0,0.0,0.0,0.0,0.0,0.0,0.0,0.0,0.0,0.0,0,0.74636644,1
-0.28073075,-0.70474946,-0.9634065,2.1672766,1.2140446,-0.61131465,-0.043499503,2.0879395,1.2206061,0.0,1.0,0.0,0.0,0.0,0.0,0.0,0.0,0.0,0.0,0.0,0.0,0.0,0.0,0,0.97476566,1
1.698585,0.7619942,0.18744181,2.9707823,4.8707457,-0.93577033,-0.048051495,0.7342949,2.1513832,0.0,0.0,0.0,0.0,0.0,0.0,0.0,1.0,0.0,0.0,0.0,0.0,0.0,0.0,1,0.85196316,1
-0.29353395,-0.41140074,0.18744181,2.0669158,5.1253734,-0.61131465,-0.0467044,0.8632134,-0.7074323,1.0,0.0,0.0,0.0,0.0,0.0,0.0,0.0,0.0,0.0,0.0,0.0,0.0,0.0,0,0.6701016,1
-0.29353395,1.495366,0.18744181,2.9990118,-0.095833816,1.3354195,0.06356921,-0.7482683,0.9546697,0.0,0.0,0.0,0.0,0.0,0.0,0.0,0.0,0.0,0.0,1.0,0.0,0.0,0.0,0,0.5487182,1
-0.27464047,-1.8781444,-0.10027027,2.4273615,3.3179164,1.3354195,-0.04287419,-0.42597193,-0.2642051,0.0,0.0,0.0,0.0,1.0,0.0,0.0,0.0,0.0,0.0,0.0,0.0,0.0,0.0,0,0.72888225,1
4.053889,-1.73147,-1.4812882,2.5353696,-0.68913156,1.3354195,0.0035164591,0.47645783,0.6887334,0.0,0.0,0.0,1.0,0.0,0.0,0.0,0.0,0.0,0.0,0.0,0.0,0.0,0.0,1,0.6332149,1
-0.29020566,-1.73147,-0.042727854,2.8985884,-0.39166808,1.0109638,0.15059754,-0.7482683,-1.1728209,0.0,0.0,0.0,0.0,0.0,1.0,0.0,0.0,0.0,0.0,0.0,0.0,0.0,0.0,0,0.5334448,1
-0.27459744,1.3486917,0.64778113,1.7675934,-0.23483759,0.36205244,0.060003728,-0.683809,0.0682153,0.0,0.0,0.0,0.0,0.0,0.0,0.0,0.0,0.0,1.0,0.0,0.0,0.0,0.0,0,0.5761492,1
-0.2894605,-1.5847957,0.4751539,1.9503132,-0.27020547,0.36205244,0.18484174,-0.7482683,-1.2836277,0.0,0.0,0.0,0.0,0.0,1.0,0.0,0.0,0.0,0.0,0.0,0.0,0.0,0.0,0,0.90203655,1
-0.21558559,-1.5847957,-0.5030672,1.7953954,4.4324117,0.36205244,-0.038440406,0.79875416,-0.7739164,1.0,0.0,0.0,0.0,0.0,0.0,0.0,0.0,0.0,0.0,0.0,0.0,0.0,0.0,1,0.9564923,1
-0.29360348,1.495366,1.1656629,2.6829164,5.836031,-0.61131465,-0.029169038,2.6036136,-0.21988238,0.0,0.0,0.0,0.0,0.0,0.0,1.0,0.0,0.0,0.0,0.0,0.0,0.0,0.0,1,0.9983606,1
-0.29316634,1.495366,0.36006907,2.9183395,1.4086746,-0.93577033,-0.04887943,-0.55489045,1.2870902,0.0,0.0,0.0,0.0,0.0,0.0,0.0,0.0,0.0,0.0,0.0,0.0,0.0,1.0,0,0.5540847,1
-0.2935273,-1.2914469,0.5326963,2.051788,-0.30211157,2.3087866,-0.009177523,0.025242949,1.1762834,0.0,0.0,0.0,1.0,0.0,0.0,0.0,0.0,0.0,0.0,0.0,0.0,0.0,0.0,0,0.81939006,1
-0.057423662,1.495366,-0.042727854,1.8417586,-0.43962297,-0.28685895,0.17985234,-0.8127276,0.13469939,0.0,0.0,0.0,0.0,0.0,0.0,0.0,0.0,0.0,0.0,1.0,0.0,0.0,0.0,0,0.5285271,1
-0.28067115,1.3486917,-0.10027027,2.0232148,-0.47820723,0.6865081,1.635339,-0.683809,-0.13123694,0.0,0.0,0.0,0.0,1.0,0.0,0.0,0.0,0.0,0.0,0.0,0.0,0.0,0.0,0,0.54161394,1
-0.2902222,1.495366,1.453375,2.1108532,4.808793,0.36205244,0.18560028,0.5409171,-0.75175506,1.0,0.0,0.0,0.0,0.0,0.0,0.0,0.0,0.0,0.0,0.0,0.0,0.0,0.0,1,0.9986339,1
-0.28524467,-1.8781444,0.30252665,2.4541981,1.888805,-1.260226,-0.049747176,2.0234802,0.046053946,0.0,1.0,0.0,0.0,0.0,0.0,0.0,0.0,0.0,0.0,0.0,0.0,0.0,0.0,1,0.99947816,1
-0.28579772,0.3219711,0.18744181,3.0370796,6.577504,1.9843309,-0.012911361,2.2813175,2.0627377,0.0,0.0,0.0,0.0,0.0,0.0,1.0,0.0,0.0,0.0,0.0,0.0,0.0,0.0,0,0.820115,1
-0.28778806,1.495366,0.41761148,2.6625326,0.029332677,1.6598753,0.04857976,-0.683809,-0.39717326,0.0,0.0,0.0,0.0,0.0,0.0,0.0,0.0,0.0,1.0,0.0,0.0,0.0,0.0,0,0.5732512,1
-0.29114288,1.0553429,0.30252665,2.4936225,1.5114816,1.3354195,-0.04813649,2.2813175,0.1790221,0.0,1.0,0.0,0.0,0.0,0.0,0.0,0.0,0.0,0.0,0.0,0.0,0.0,0.0,1,0.9993736,1
-0.27389535,-1.2914469,-0.15781268,2.569833,-0.28945062,0.36205244,-0.043645438,0.60537636,0.22334483,0.0,0.0,0.0,1.0,0.0,0.0,0.0,0.0,0.0,0.0,0.0,0.0,0.0,0.0,0,0.5725615,1
-0.28540695,-1.4381213,-0.5606096,2.623242,1.4827716,0.6865081,-0.033825483,1.7011839,0.51144254,0.0,1.0,0.0,0.0,0.0,0.0,0.0,0.0,0.0,0.0,0.0,0.0,0.0,0.0,1,0.99799687,1
-0.28742048,-1.5847957,0.1298994,2.2193668,-0.47798827,-0.93577033,-0.048069432,0.21862076,1.1097993,0.0,0.0,0.0,1.0,0.0,0.0,0.0,0.0,0.0,0.0,0.0,0.0,0.0,0.0,0,0.7964202,1
-0.25688627,-1.5847957,0.07235698,2.1318517,-0.56620556,-0.61131465,-0.044884373,-0.683809,-1.4609185,0.0,0.0,0.0,0.0,0.0,1.0,0.0,0.0,0.0,0.0,0.0,0.0,0.0,0.0,0,0.602364,1
-0.24056934,1.0553429,-0.2153551,2.6955106,4.5848746,-0.61131465,-0.03848718,1.249969,-0.064752854,0.0,0.0,0.0,0.0,0.0,0.0,1.0,0.0,0.0,0.0,0.0,0.0,0.0,0.0,0,0.5180157,1
-0.29030168,0.17529672,-0.5606096,2.6198456,5.17587,-0.61131465,-0.044382416,0.992132,-0.13123694,0.0,0.0,0.0,0.0,0.0,0.0,0.0,1.0,0.0,0.0,0.0,0.0,0.0,0.0,0,0.51790994,1
-0.21254541,0.9086686,0.41761148,2.8364215,-0.43297923,0.6865081,-0.048820887,-0.42597193,-0.8847232,0.0,0.0,0.0,0.0,1.0,0.0,0.0,0.0,0.0,0.0,0.0,0.0,0.0,0.0,1,0.6138195,1
-0.1269569,1.3486917,-0.618152,1.760731,-0.51662475,1.9843309,-0.0070076496,-0.42597193,-0.020430136,0.0,0.0,0.0,0.0,0.0,0.0,0.0,0.0,0.0,0.0,1.0,0.0,0.0,0.0,0,0.50189704,1
-0.28258866,-1.5847957,-0.8483217,1.9436024,6.4710836,-0.28685895,-0.03028662,2.2168581,0.28982893,0.0,0.0,0.0,0.0,0.0,0.0,1.0,0.0,0.0,0.0,0.0,0.0,0.0,0.0,1,0.9974463,1
-0.27522334,-1.4381213,-1.1935762,2.051571,1.5675716,2.3087866,-0.003908158,1.8301024,1.2870902,0.0,1.0,0.0,0.0,0.0,0.0,0.0,0.0,0.0,0.0,0.0,0.0,0.0,0.0,1,0.99895203,1
-0.2890962,1.495366,-0.73323685,2.3194458,0.45231223,-0.93577033,-0.047571104,-0.8127276,-0.109075576,0.0,0.0,0.0,0.0,0.0,0.0,0.0,0.0,1.0,0.0,0.0,0.0,0.0,0.0,0,0.5577592,1
-0.2922457,0.9086686,1.6260022,1.86074,4.832474,0.6865081,-0.047907382,0.5409171,-0.8625618,1.0,0.0,0.0,0.0,0.0,0.0,0.0,0.0,0.0,0.0,0.0,0.0,0.0,0.0,1,0.9985317,1
4.7602296,1.495366,0.07235698,2.655876,5.0442886,-0.61131465,-0.047045086,2.410236,-0.46365735,0.0,0.0,0.0,0.0,0.0,0.0,1.0,0.0,0.0,0.0,0.0,0.0,0.0,0.0,0,0.95136124,1
-0.29336503,1.495366,-0.38798234,2.18478,-0.076177016,1.0109638,0.6080774,-0.4904312,-0.020430136,0.0,0.0,0.0,0.0,0.0,0.0,0.0,0.0,0.0,1.0,0.0,0.0,0.0,0.0,0,0.56897736,1
-0.29227218,1.495366,2.431596,2.7703035,5.347051,0.03759675,0.49077103,1.5722654,-0.35285056,0.0,0.0,0.0,0.0,0.0,0.0,1.0,0.0,0.0,0.0,0.0,0.0,0.0,0.0,1,0.998836,1
0.1309115,-1.4381213,-1.0784913,2.482078,3.953234,-0.28685895,-0.048021883,0.6698356,-1.0620141,1.0,0.0,0.0,0.0,0.0,0.0,0.0,0.0,0.0,0.0,0.0,0.0,0.0,0.0,0,0.88759416,1
-0.2924543,-1.4381213,0.41761148,2.8319778,-0.26741466,-0.28685895,-0.044250414,-0.03921632,0.5557652,0.0,0.0,0.0,1.0,0.0,0.0,0.0,0.0,0.0,0.0,0.0,0.0,0.0,0.0,0,0.64766264,1
-0.29285502,1.2020173,-0.5030672,2.749384,1.2497692,-0.61131465,-0.048012286,2.0234802,0.33415163,0.0,1.0,0.0,0.0,0.0,0.0,0.0,0.0,0.0,0.0,0.0,0.0,0.0,0.0,1,0.99380636,1
-0.29302725,1.0553429,0.07235698,2.6281948,4.9859915,0.36205244,-0.0060652248,0.41199857,-0.042591497,0.0,0.0,0.0,0.0,0.0,0.0,0.0,1.0,0.0,0.0,0.0,0.0,0.0,0.0,0,0.8269139,1
-0.2883014,-1.8781444,-1.1935762,2.4813168,1.3956244,1.0109638,-0.022746958,2.410236,0.71089476,0.0,1.0,0.0,0.0,0.0,0.0,0.0,0.0,0.0,0.0,0.0,0.0,0.0,0.0,1,0.9969708,1
-0.28806627,1.495366,-0.10027027,2.8241289,-0.2731832,-0.28685895,0.18386404,-0.8127276,-0.57446414,0.0,0.0,0.0,0.0,0.0,0.0,0.0,0.0,0.0,1.0,0.0,0.0,0.0,0.0,0,0.552266,1
-0.28823847,-1.5847957,-0.5030672,2.0779617,6.6545553,0.36205244,-0.039443184,2.0234802,0.40063572,0.0,0.0,0.0,0.0,0.0,0.0,1.0,0.0,0.0,0.0,0.0,0.0,0.0,0.0,1,0.9959676,1
0.4485137,1.2020173,-0.6756944,2.3793597,3.7756808,1.3354195,17.44038,-0.7482683,-0.35285056,0.0,0.0,0.0,0.0,1.0,0.0,0.0,0.0,0.0,0.0,0.0,0.0,0.0,0.0,0,0.88832814,1
-0.2938353,-1.73147,0.4751539,2.5353398,1.3350146,-0.93577033,0.05472781,1.5722654,-0.020430136,0.0,1.0,0.0,0.0,0.0,0.0,0.0,0.0,0.0,0.0,0.0,0.0,0.0,0.0,1,0.9993963,1
-0.28907636,-1.4381213,-0.44552475,2.7647774,-0.36475885,-0.61131465,-0.043048862,0.08970222,0.5336039,0.0,0.0,0.0,1.0,0.0,0.0,0.0,0.0,0.0,0.0,0.0,0.0,0.0,0.0,0,0.6243509,1
0.4436421,1.495366,0.9930356,2.0906935,6.5746083,-0.28685895,0.16785015,1.0565913,0.44495845,0.0,0.0,0.0,0.0,0.0,0.0,0.0,1.0,0.0,0.0,0.0,0.0,0.0,0.0,1,0.9952192,1
-0.28876173,1.495366,1.1656629,2.3329244,5.3707333,1.6598753,0.12265246,2.5391545,2.6610944,0.0,0.0,0.0,0.0,0.0,0.0,0.0,1.0,0.0,0.0,0.0,0.0,0.0,0.0,1,0.9979917,1
-0.27470672,-1.73147,-1.0784913,1.8825803,-0.9415394,1.6598753,0.04987551,-0.4904312,-0.41933462,0.0,0.0,0.0,0.0,1.0,0.0,0.0,0.0,0.0,0.0,0.0,0.0,0.0,0.0,0,0.59725636,1
-0.14480384,0.3219711,-1.1360338,2.956487,7.199376,-0.28685895,13.634724,-0.2970534,1.8189628,0.0,0.0,0.0,0.0,0.0,0.0,0.0,1.0,0.0,0.0,0.0,0.0,0.0,0.0,0,0.87774897,1
-0.28663227,-1.4381213,1.7410871,2.3878455,-0.2692579,-0.28685895,-0.04455521,-0.03921632,0.9768311,0.0,0.0,0.0,1.0,0.0,0.0,0.0,0.0,0.0,0.0,0.0,0.0,0.0,0.0,0,0.5707299,1
-0.2917721,-1.4381213,-0.9634065,2.6905458,-0.26717854,-0.28685895,-0.038070098,0.28308,0.1790221,0.0,0.0,0.0,1.0,0.0,0.0,0.0,0.0,0.0,0.0,0.0,0.0,0.0,0.0,0,0.53567386,1
-0.2938353,1.3486917,-0.73323685,1.9491732,5.689794,-1.260226,-0.049074363,1.249969,0.7552175,0.0,0.0,0.0,0.0,0.0,0.0,1.0,0.0,0.0,0.0,0.0,0.0,0.0,0.0,1,0.94724536,1
-0.11471671,1.3486917,-1.0784913,2.218311,1.109633,-0.93577033,-0.04717397,-0.8127276,1.3978969,0.0,0.0,0.0,0.0,0.0,0.0,0.0,0.0,0.0,0.0,0.0,0.0,0.0,1.0,0,0.540976,1
-0.0002962036,-1.73147,-0.8483217,2.1113288,-0.24120463,-0.61131465,-0.03008335,0.47645783,1.5751878,0.0,0.0,0.0,1.0,0.0,0.0,0.0,0.0,0.0,0.0,0.0,0.0,0.0,0.0,0,0.6050336,1
-0.28489363,-0.118052006,0.7053236,1.899226,5.6591673,1.3354195,-0.047342315,1.8301024,0.37847435,0.0,0.0,0.0,0.0,0.0,0.0,1.0,0.0,0.0,0.0,0.0,0.0,0.0,0.0,1,0.9005534,1
-0.27273956,-1.2914469,-0.33043993,2.4959283,-0.33310124,0.36205244,-0.049453888,-0.03921632,0.8660243,0.0,0.0,0.0,1.0,0.0,0.0,0.0,0.0,0.0,0.0,0.0,0.0,0.0,0.0,0,0.57686585,1
-0.29393467,1.3486917,-1.0209489,1.8819207,-0.67863107,0.03759675,2.8538125,-0.7482683,-0.6187869,0.0,0.0,0.0,0.0,1.0,0.0,0.0,0.0,0.0,0.0,0.0,0.0,0.0,0.0,0,0.5441662,1
-0.07200524,1.3486917,0.59023875,1.79428,4.3256874,0.36205244,-0.043025512,1.4433469,-0.6187869,1.0,0.0,0.0,0.0,0.0,0.0,0.0,0.0,0.0,0.0,0.0,0.0,0.0,0.0,1,0.99716693,1
-0.29379225,0.9086686,0.4751539,2.2914608,5.931382,-0.28685895,-0.047709294,2.410236,-0.2642051,0.0,0.0,0.0,0.0,0.0,0.0,1.0,0.0,0.0,0.0,0.0,0.0,0.0,0.0,1,0.98163915,1
-0.28391004,1.495366,-0.10027027,1.7677337,0.23197995,0.36205244,-0.041815504,-0.7482683,0.15686075,0.0,0.0,0.0,0.0,0.0,0.0,0.0,0.0,1.0,0.0,0.0,0.0,0.0,0.0,0,0.5678626,1
-0.22162952,-0.9980982,-0.38798234,2.5703814,4.0209427,0.6865081,-0.04440464,-0.4904312,-1.0176914,0.0,0.0,0.0,0.0,1.0,0.0,0.0,0.0,0.0,0.0,0.0,0.0,0.0,0.0,0,0.96033776,1
-0.006194407,0.17529672,-1.0784913,1.9737066,5.504798,-0.93577033,0.12762408,2.2168581,-0.020430136,0.0,0.0,0.0,0.0,0.0,0.0,1.0,0.0,0.0,0.0,0.0,0.0,0.0,0.0,0,0.71648914,1
-0.2912323,1.495366,-0.8483217,2.9048498,-0.3399968,1.3354195,0.038924515,-0.6193497,1.1984447,0.0,0.0,0.0,0.0,0.0,0.0,0.0,0.0,0.0,0.0,0.0,0.0,1.0,0.0,0,0.5475769,1
0.013778678,-1.1447725,0.30252665,2.8997762,-0.23800613,0.36205244,-0.016026478,-0.03921632,1.5087037,0.0,0.0,0.0,1.0,0.0,0.0,0.0,0.0,0.0,0.0,0.0,0.0,0.0,0.0,0,0.6239464,1
-0.27901196,1.495366,-1.0209489,2.9047918,-0.18192478,1.9843309,0.008032984,-0.8127276,0.37847435,0.0,0.0,0.0,0.0,0.0,0.0,0.0,0.0,0.0,0.0,1.0,0.0,0.0,0.0,0,0.5397593,1
0.011490268,-1.8781444,0.24498422,2.6360192,1.4927425,-0.93577033,-0.04889146,2.0234802,0.48928115,0.0,1.0,0.0,0.0,0.0,0.0,0.0,0.0,0.0,0.0,0.0,0.0,0.0,0.0,1,0.9986539,1
-0.1799215,0.3219711,0.18744181,2.0011253,5.0179315,0.6865081,-0.04792112,1.6367247,3.059999,0.0,0.0,0.0,0.0,0.0,0.0,1.0,0.0,0.0,0.0,0.0,0.0,0.0,0.0,0,0.8427363,1
-0.24307632,1.495366,2.143884,2.211743,5.9619555,-0.28685895,-0.0063932827,0.992132,0.84386295,0.0,0.0,0.0,0.0,0.0,0.0,0.0,1.0,0.0,0.0,0.0,0.0,0.0,0.0,1,0.99905163,1
-0.27389535,1.2020173,-0.15781268,2.2179708,1.2887626,0.03759675,-0.041538965,-0.42597193,1.1319606,0.0,0.0,0.0,0.0,0.0,0.0,0.0,0.0,0.0,0.0,0.0,0.0,0.0,1.0,0,0.740211,1
-0.29360348,1.3486917,1.1656629,2.6892424,4.683625,-0.61131465,-0.048449434,0.41199857,0.1790221,0.0,0.0,0.0,0.0,0.0,0.0,0.0,1.0,0.0,0.0,0.0,0.0,0.0,0.0,1,0.9982395,1
0.063309014,0.61531985,-1.0209489,2.7148085,4.4248753,-0.61131465,-0.04034472,0.47645783,0.15686075,0.0,0.0,0.0,0.0,0.0,0.0,0.0,1.0,0.0,0.0,0.0,0.0,0.0,0.0,0,0.51378256,1
-0.234128,-1.73147,-0.9634065,2.158562,4.51578,-0.28685895,-0.04584728,-0.4904312,-0.3306892,0.0,0.0,0.0,0.0,1.0,0.0,0.0,0.0,0.0,0.0,0.0,0.0,0.0,0.0,0,0.98704684,1
-0.2891558,1.3486917,-1.711458,2.2116106,-0.68669534,0.36205244,-0.043942712,-0.36151266,0.20118347,0.0,0.0,0.0,0.0,0.0,0.0,0.0,0.0,0.0,1.0,0.0,0.0,0.0,0.0,0,0.5473424,1
-0.29159325,1.495366,1.3958325,2.8914285,5.1097994,-0.28685895,-0.032205503,0.025242949,0.9546697,0.0,0.0,0.0,0.0,0.0,0.0,0.0,1.0,0.0,0.0,0.0,0.0,0.0,0.0,1,0.99842536,1
-0.29345116,-1.8781444,0.30252665,2.5082283,-0.5641823,-0.93577033,-0.043009847,-0.7482683,-1.5274026,0.0,0.0,0.0,0.0,0.0,1.0,0.0,0.0,0.0,0.0,0.0,0.0,0.0,0.0,0,0.7037703,1
-0.27127907,1.495366,0.9930356,2.4203985,5.667976,0.03759675,0.008702132,0.79875416,-1.1284982,1.0,0.0,0.0,0.0,0.0,0.0,0.0,0.0,0.0,0.0,0.0,0.0,0.0,0.0,1,0.99780625,1
0.6228435,0.7619942,-1.3662034,2.2844796,5.6952133,1.9843309,1.4889838,1.249969,0.5336039,0.0,0.0,0.0,0.0,0.0,0.0,1.0,0.0,0.0,0.0,0.0,0.0,0.0,0.0,0,0.7968478,1
-0.27236864,1.2020173,0.5326963,1.9554931,-0.34947535,0.03759675,0.5777174,-0.7482683,-1.5717254,0.0,0.0,0.0,0.0,0.0,0.0,0.0,0.0,0.0,0.0,0.0,1.0,0.0,0.0,0,0.6966456,1
-0.28652298,-1.4381213,0.24498422,2.3341212,-0.28977618,0.36205244,-0.046942838,-0.7482683,-1.549564,0.0,0.0,0.0,0.0,0.0,1.0,0.0,0.0,0.0,0.0,0.0,0.0,0.0,0.0,0,0.50808096,1
-0.2711433,1.495366,-0.6756944,2.4135518,-0.31485057,1.6598753,0.0036911666,-0.36151266,0.22334483,0.0,0.0,0.0,0.0,0.0,0.0,0.0,0.0,0.0,0.0,0.0,0.0,1.0,0.0,0,0.50874424,1
-0.28742048,1.3486917,0.1298994,2.4874685,0.8052609,-0.28685895,1.3075465,-0.4904312,0.356313,0.0,0.0,0.0,0.0,0.0,0.0,0.0,0.0,0.0,0.0,0.0,0.0,0.0,1.0,0,0.61759114,1
-0.11278928,1.495366,-0.79077923,2.9047039,6.925532,0.03759675,-0.04791251,1.5722654,0.66657203,0.0,0.0,0.0,0.0,0.0,0.0,1.0,0.0,0.0,0.0,0.0,0.0,0.0,0.0,1,0.95920837,1
0.47767022,-1.73147,0.07235698,2.023855,-0.26435846,-0.61131465,-0.049495406,-0.03921632,1.2206061,0.0,0.0,0.0,1.0,0.0,0.0,0.0,0.0,0.0,0.0,0.0,0.0,0.0,0.0,0,0.6499866,1
-0.27690572,-0.118052006,-0.79077923,2.229026,1.5468676,0.6865081,-0.0015892137,-0.4904312,0.7995402,0.0,0.0,0.0,0.0,0.0,0.0,0.0,0.0,0.0,0.0,0.0,0.0,0.0,1.0,0,0.5754187,1
-0.28073075,-1.8781444,-0.9634065,2.656266,-0.254038,0.36205244,0.06858697,-0.36151266,0.42279708,0.0,0.0,0.0,1.0,0.0,0.0,0.0,0.0,0.0,0.0,0.0,0.0,0.0,0.0,0,0.7398216,1
-0.22417292,-0.118052006,-0.618152,2.4712312,4.6072454,1.9843309,-0.004466239,0.28308,0.7330561,0.0,0.0,0.0,0.0,0.0,0.0,0.0,1.0,0.0,0.0,0.0,0.0,0.0,0.0,0,0.5263425,1
0.6023637,1.495366,0.07235698,2.4741294,-0.63717437,1.3354195,0.07724468,-0.87718683,-0.39717326,0.0,0.0,0.0,0.0,0.0,0.0,0.0,0.0,0.0,0.0,1.0,0.0,0.0,0.0,0,0.52816594,1
-0.29240796,-1.8781444,-0.9058641,1.8419088,-0.2970331,0.03759675,-0.044049885,-0.03921632,0.910347,0.0,0.0,0.0,1.0,0.0,0.0,0.0,0.0,0.0,0.0,0.0,0.0,0.0,0.0,0,0.510448,1
0.011490268,-1.4381213,0.24498422,2.6436195,1.4528134,0.03759675,-0.021290608,1.249969,-0.19772102,0.0,1.0,0.0,0.0,0.0,0.0,0.0,0.0,0.0,0.0,0.0,0.0,0.0,0.0,1,0.99949074,1
-0.29353395,1.3486917,0.18744181,2.3325324,-0.14306402,0.36205244,0.08022789,-0.6193497,0.046053946,0.0,0.0,0.0,0.0,0.0,0.0,0.0,0.0,0.0,1.0,0.0,0.0,0.0,0.0,0,0.6519771,1
-0.288616,1.495366,-0.73323685,2.5550568,1.2329847,-0.61131465,0.09974827,-0.7482683,0.356313,0.0,0.0,0.0,0.0,0.0,0.0,0.0,0.0,0.0,0.0,0.0,0.0,0.0,1.0,1,0.8962342,1
0.47767022,1.495366,0.07235698,1.7610025,0.40831977,-0.61131465,-0.028237075,-0.6193497,0.2455062,0.0,0.0,0.0,0.0,0.0,0.0,0.0,0.0,1.0,0.0,0.0,0.0,0.0,0.0,0,0.74167466,1
-0.2883842,-0.55807513,0.014814562,3.028676,4.0376806,1.0109638,-0.03123259,0.79875416,0.5336039,1.0,0.0,0.0,0.0,0.0,0.0,0.0,0.0,0.0,0.0,0.0,0.0,0.0,0.0,0,0.70878184,1
-0.27009347,1.495366,-0.8483217,2.481005,-0.25168312,0.6865081,0.009715871,-0.55489045,-0.64094824,0.0,0.0,0.0,0.0,0.0,0.0,0.0,0.0,0.0,1.0,0.0,0.0,0.0,0.0,0,0.50352323,1
-0.29294115,-1.73147,1.8561718,2.8987873,-0.45444608,-0.28685895,-0.04935132,0.15416148,1.3535743,0.0,0.0,0.0,1.0,0.0,0.0,0.0,0.0,0.0,0.0,0.0,0.0,0.0,0.0,0,0.8427226,1
-0.28908628,-1.1447725,2.2014263,2.8795495,-0.2719617,0.03759675,-0.04923249,0.025242949,0.8660243,0.0,0.0,0.0,1.0,0.0,0.0,0.0,0.0,0.0,0.0,0.0,0.0,0.0,0.0,0,0.5086351,1
-0.27470672,1.495366,-1.0784913,1.8955743,-0.5284581,1.3354195,-0.040204614,-0.36151266,0.48928115,0.0,0.0,0.0,0.0,0.0,0.0,0.0,0.0,0.0,0.0,1.0,0.0,0.0,0.0,0,0.5138758,1
-0.29243445,-1.5847957,1.5684597,2.4749496,-0.32698366,-0.61131465,-0.04438436,-0.16813485,0.8217016,0.0,0.0,0.0,1.0,0.0,0.0,0.0,0.0,0.0,0.0,0.0,0.0,0.0,0.0,0,0.7607709,1
-0.27193147,1.3486917,1.6260022,2.19811,4.4666142,0.03759675,-0.04184941,0.6698356,-0.39717326,1.0,0.0,0.0,0.0,0.0,0.0,0.0,0.0,0.0,0.0,0.0,0.0,0.0,0.0,1,0.99846506,1
-0.2902222,1.3486917,1.453375,2.1105855,1.775304,-0.28685895,-0.04669562,1.6367247,0.8881856,0.0,1.0,0.0,0.0,0.0,0.0,0.0,0.0,0.0,0.0,0.0,0.0,0.0,0.0,1,0.9995877,1
0.33565632,1.3486917,0.014814562,2.460428,2.0335486,-0.61131465,-0.031068042,-0.8127276,-0.46365735,0.0,0.0,1.0,0.0,0.0,0.0,0.0,0.0,0.0,0.0,0.0,0.0,0.0,0.0,0,0.56834537,1
-0.11278928,-1.8781444,-0.79077923,2.9050176,-0.28623146,0.36205244,0.0743182,-0.16813485,1.5973492,0.0,0.0,0.0,1.0,0.0,0.0,0.0,0.0,0.0,0.0,0.0,0.0,0.0,0.0,1,0.83872575,1
-0.24971303,-1.73147,0.7053236,2.0038767,1.6086978,0.03759675,-0.031816375,2.0879395,1.4200583,0.0,1.0,0.0,0.0,0.0,0.0,0.0,0.0,0.0,0.0,0.0,0.0,0.0,0.0,1,0.99971455,1
-0.2922457,-1.8781444,1.6260022,1.8487159,1.2669641,-0.61131465,-0.041224305,1.4433469,1.0433152,0.0,1.0,0.0,0.0,0.0,0.0,0.0,0.0,0.0,0.0,0.0,0.0,0.0,0.0,1,0.99925154,1
-0.29160982,-1.4381213,0.07235698,2.5223336,4.436622,0.03759675,0.17467637,-0.683809,-0.8847232,0.0,0.0,0.0,0.0,1.0,0.0,0.0,0.0,0.0,0.0,0.0,0.0,0.0,0.0,1,0.93507975,1
-0.05749652,1.3486917,-0.9058641,2.2453165,6.891565,0.03759675,5.8577538,2.5391545,2.8605468,0.0,0.0,0.0,0.0,0.0,0.0,1.0,0.0,0.0,0.0,0.0,0.0,0.0,0.0,1,0.9874807,1
-0.2896592,1.495366,-0.618152,2.1377416,-0.37913063,0.6865081,0.23783685,-0.6193497,1.1984447,0.0,0.0,0.0,0.0,0.0,0.0,0.0,0.0,0.0,0.0,0.0,0.0,1.0,0.0,0,0.6073996,1
-0.2884173,1.495366,-0.9634065,2.0369563,5.1480227,0.03759675,0.1237819,2.0879395,0.112538025,0.0,0.0,0.0,0.0,0.0,0.0,1.0,0.0,0.0,0.0,0.0,0.0,0.0,0.0,1,0.9802137,1
-0.28597987,1.495366,0.41761148,2.1714165,3.0910084,0.36205244,-0.005810157,-0.6193497,-0.109075576,0.0,0.0,1.0,0.0,0.0,0.0,0.0,0.0,0.0,0.0,0.0,0.0,0.0,0.0,1,0.99636984,1
-0.29130182,-1.5847957,1.7986294,2.3538866,-0.52336603,-0.93577033,-0.041363522,0.15416148,0.7552175,0.0,0.0,0.0,1.0,0.0,0.0,0.0,0.0,0.0,0.0,0.0,0.0,0.0,0.0,0,0.806591,1
-0.22684218,-0.118052006,-0.6756944,2.054083,5.543079,1.9843309,-0.038967576,0.7342949,-0.8182391,1.0,0.0,0.0,0.0,0.0,0.0,0.0,0.0,0.0,0.0,0.0,0.0,0.0,0.0,0,0.74061614,1
4.053889,-1.73147,-1.4812882,2.52872,1.2117583,1.3354195,-0.044473764,2.9903693,2.505965,0.0,1.0,0.0,0.0,0.0,0.0,0.0,0.0,0.0,0.0,0.0,0.0,0.0,0.0,1,0.86583656,1
-0.23203498,1.3486917,2.3165112,2.689356,0.8961362,-0.28685895,-0.046988014,-0.8127276,-0.46365735,0.0,0.0,0.0,0.0,0.0,0.0,0.0,0.0,1.0,0.0,0.0,0.0,0.0,0.0,0,0.6274035,1
-0.030505868,1.0553429,-0.2728975,2.3388975,4.810386,-0.28685895,-0.02653695,0.41199857,0.40063572,0.0,0.0,0.0,0.0,0.0,0.0,0.0,1.0,0.0,0.0,0.0,0.0,0.0,0.0,0,0.7218071,1
-0.28348613,1.0553429,-1.3662034,2.7089863,4.2889085,1.6598753,0.062063742,0.79875416,-0.97336864,1.0,0.0,0.0,0.0,0.0,0.0,0.0,0.0,0.0,0.0,0.0,0.0,0.0,0.0,0,0.9704466,1
-0.28778806,0.9086686,1.2232053,2.1904035,4.7273283,-0.28685895,-0.04939426,0.6698356,-0.8847232,1.0,0.0,0.0,0.0,0.0,0.0,0.0,0.0,0.0,0.0,0.0,0.0,0.0,0.0,1,0.99823415,1
9.332063,0.61531985,-0.5606096,1.7795755,4.717404,-0.93577033,-0.037709728,-0.10367559,0.8660243,0.0,0.0,0.0,0.0,0.0,0.0,0.0,1.0,0.0,0.0,0.0,0.0,0.0,0.0,0,0.50230736,1
-0.28845042,-1.2914469,-0.042727854,1.8499123,-0.37876675,0.36205244,-0.048831224,-0.16813485,1.3314129,0.0,0.0,0.0,1.0,0.0,0.0,0.0,0.0,0.0,0.0,0.0,0.0,0.0,0.0,0,0.61851144,1
-0.28580767,1.495366,-0.8483217,2.1715727,7.603455,-0.28685895,-0.030633816,0.41199857,0.99899244,0.0,0.0,0.0,0.0,0.0,0.0,0.0,1.0,0.0,0.0,0.0,0.0,0.0,0.0,0,0.6839508,1
-0.29202047,-1.73147,-0.79077923,2.3468122,5.4735727,-0.28685895,-0.010264999,0.28308,-1.0620141,1.0,0.0,0.0,0.0,0.0,0.0,0.0,0.0,0.0,0.0,0.0,0.0,0.0,0.0,1,0.9664345,1
-0.20051388,1.2020173,-0.2153551,2.1977918,5.9150586,-0.61131465,-0.038028065,2.410236,0.6222493,0.0,0.0,0.0,0.0,0.0,0.0,1.0,0.0,0.0,0.0,0.0,0.0,0.0,0.0,0,0.93231297,1
-0.2178442,1.495366,0.8779508,2.9383993,4.288288,-0.28685895,0.14133029,0.5409171,-0.020430136,1.0,0.0,0.0,0.0,0.0,0.0,0.0,0.0,0.0,0.0,0.0,0.0,0.0,0.0,1,0.9982169,1
-0.29321602,-1.2914469,-0.9058641,2.475484,-0.23856388,-0.61131465,0.48925015,-0.03921632,0.66657203,0.0,0.0,0.0,1.0,0.0,0.0,0.0,0.0,0.0,0.0,0.0,0.0,0.0,0.0,0,0.5653188,1
-0.2924212,1.495366,1.9137143,1.82165,1.923537,1.6598753,0.013075895,2.0234802,1.2870902,0.0,1.0,0.0,0.0,0.0,0.0,0.0,0.0,0.0,0.0,0.0,0.0,0.0,0.0,1,0.99963987,1
-0.28169116,1.495366,-0.618152,2.9654357,-0.3516123,1.3354195,0.026675878,-0.42597193,0.71089476,0.0,0.0,0.0,0.0,0.0,0.0,0.0,0.0,0.0,1.0,0.0,0.0,0.0,0.0,0,0.51124126,1
-0.28938434,0.028622357,0.64778113,2.8887098,6.458349,-0.28685895,-0.048664596,2.3457766,0.112538025,0.0,0.0,0.0,0.0,0.0,0.0,1.0,0.0,0.0,0.0,0.0,0.0,0.0,0.0,1,0.92009145,1
-0.27127907,-1.8781444,0.9930356,2.414066,1.8223614,-1.260226,-0.049747176,2.3457766,0.37847435,0.0,1.0,0.0,0.0,0.0,0.0,0.0,0.0,0.0,0.0,0.0,0.0,0.0,0.0,1,0.9996216,1
-0.29249406,1.3486917,-0.38798234,2.917992,-0.32977787,0.36205244,7.525247,-0.683809,-0.24204375,0.0,0.0,0.0,0.0,1.0,0.0,0.0,0.0,0.0,0.0,0.0,0.0,0.0,0.0,0,0.56229305,1
-0.29347765,1.495366,0.64778113,2.2859414,-0.1933505,0.03759675,0.14031594,-0.42597193,0.046053946,0.0,0.0,0.0,0.0,0.0,0.0,0.0,0.0,0.0,1.0,0.0,0.0,0.0,0.0,0,0.7030718,1
-0.29402077,-1.73147,1.3958325,2.6497314,-0.24287872,0.36205244,-0.031960804,-0.6193497,-1.3944345,0.0,0.0,0.0,0.0,0.0,1.0,0.0,0.0,0.0,0.0,0.0,0.0,0.0,0.0,0,0.6662424,1
-0.28196272,1.495366,-0.44552475,2.1445544,0.6497742,0.6865081,-0.045913827,-0.6193497,0.20118347,0.0,0.0,0.0,0.0,0.0,0.0,0.0,0.0,1.0,0.0,0.0,0.0,0.0,0.0,0,0.65077925,1
-0.2861885,-1.5847957,-1.3662034,2.6296892,-0.2458179,-0.28685895,-0.0409396,-0.03921632,0.1790221,0.0,0.0,0.0,1.0,0.0,0.0,0.0,0.0,0.0,0.0,0.0,0.0,0.0,0.0,0,0.5013318,1
-0.28736088,-1.2914469,0.59023875,2.9801276,-0.42557645,-0.28685895,-0.045856204,-0.16813485,2.5946105,0.0,0.0,0.0,1.0,0.0,0.0,0.0,0.0,0.0,0.0,0.0,0.0,0.0,0.0,0,0.68134433,1
2.2145767,1.495366,-0.33043993,2.218679,2.1854134,-0.61131465,-0.047674254,-0.683809,0.0017312241,0.0,0.0,1.0,0.0,0.0,0.0,0.0,0.0,0.0,0.0,0.0,0.0,0.0,0.0,0,0.7477928,1
1.698585,1.3486917,0.18744181,2.971733,5.7778525,-0.28685895,0.32228848,1.6367247,1.3314129,0.0,0.0,0.0,0.0,0.0,0.0,1.0,0.0,0.0,0.0,0.0,0.0,0.0,0.0,1,0.98857147,1
-0.29393467,-1.2914469,-1.0209489,1.8633893,-0.30013373,0.36205244,0.06597011,-0.10367559,1.2206061,0.0,0.0,0.0,1.0,0.0,0.0,0.0,0.0,0.0,0.0,0.0,0.0,0.0,0.0,0,0.7311097,1
-0.29244438,-1.8781444,0.41761148,2.1717846,1.7100681,-0.28685895,-0.04844444,2.0879395,0.77737886,0.0,1.0,0.0,0.0,0.0,0.0,0.0,0.0,0.0,0.0,0.0,0.0,0.0,0.0,1,0.999448,1
-0.015626233,1.495366,0.1298994,2.81061,-0.6049154,0.6865081,-0.048270807,-0.683809,-0.1533983,0.0,0.0,0.0,0.0,0.0,0.0,0.0,0.0,0.0,0.0,0.0,0.0,1.0,0.0,0,0.51758367,1
-0.2891757,1.495366,0.76286596,2.9316533,0.4551861,-0.61131465,0.06642247,-0.8127276,0.28982893,0.0,0.0,0.0,0.0,0.0,0.0,0.0,0.0,1.0,0.0,0.0,0.0,0.0,0.0,0,0.7425799,1
-0.28784105,1.495366,1.1081204,1.9023552,-0.087198935,2.3087866,0.07950715,-0.55489045,0.023892585,0.0,0.0,0.0,0.0,0.0,0.0,0.0,0.0,0.0,1.0,0.0,0.0,0.0,0.0,0,0.5359807,1
-0.29361013,1.495366,-0.8483217,2.2789774,0.8125397,-0.61131465,-0.0474305,-0.4904312,1.1319606,0.0,0.0,0.0,0.0,0.0,0.0,0.0,0.0,0.0,0.0,0.0,0.0,0.0,1.0,0,0.62935823,1
-0.28486714,1.2020173,2.431596,2.2852738,0.5597247,0.03759675,0.02044247,-0.7482683,-0.064752854,0.0,0.0,0.0,0.0,0.0,0.0,0.0,0.0,1.0,0.0,0.0,0.0,0.0,0.0,0,0.62156224,1
-0.29170254,1.495366,0.07235698,1.8081831,-0.2816727,0.03759675,0.18305764,-0.8127276,-1.2836277,0.0,0.0,0.0,0.0,0.0,0.0,0.0,0.0,0.0,0.0,0.0,1.0,0.0,0.0,0,0.66985035,1
-0.29307693,1.495366,-0.5606096,2.2049563,3.1050007,0.36205244,-0.047334686,-0.683809,-0.064752854,0.0,0.0,1.0,0.0,0.0,0.0,0.0,0.0,0.0,0.0,0.0,0.0,0.0,0.0,1,0.9645524,1
-0.17864317,-1.2914469,0.1298994,1.7623135,-0.304588,0.6865081,-0.039067023,-0.55489045,1.2206061,0.0,0.0,0.0,1.0,0.0,0.0,0.0,0.0,0.0,0.0,0.0,0.0,0.0,0.0,0,0.5081301,1
-0.03250947,1.3486917,-0.618152,1.9087334,2.4738452,-0.93577033,-0.04846819,-0.683809,0.13469939,0.0,0.0,1.0,0.0,0.0,0.0,0.0,0.0,0.0,0.0,0.0,0.0,0.0,0.0,0,0.722298,1
1.698585,-1.8781444,-0.73323685,2.9455748,-0.2787515,0.03759675,-0.04385843,-0.23259413,1.951931,0.0,0.0,0.0,1.0,0.0,0.0,0.0,0.0,0.0,0.0,0.0,0.0,0.0,0.0,0,0.67014056,1
-0.29009637,-1.5847957,-1.0209489,1.9637573,-0.8296206,1.0109638,-0.046445895,-0.16813485,1.1097993,0.0,0.0,0.0,1.0,0.0,0.0,0.0,0.0,0.0,0.0,0.0,0.0,0.0,0.0,1,0.77256256,1
-0.29312328,1.3486917,-1.6539155,2.4470198,6.757465,0.6865081,1.5817178,1.5078062,-0.7074323,0.0,0.0,0.0,0.0,0.0,0.0,1.0,0.0,0.0,0.0,0.0,0.0,0.0,0.0,1,0.9797763,1
-0.28833452,0.17529672,0.07235698,3.0436535,5.154242,1.0109638,-0.035930924,-0.10367559,3.1043217,0.0,0.0,0.0,0.0,0.0,0.0,0.0,1.0,0.0,0.0,0.0,0.0,0.0,0.0,0,0.65147674,1
0.49602386,-1.5847957,-1.1360338,2.0982919,-0.36722302,2.6332424,-0.045591954,0.21862076,1.7303174,0.0,0.0,0.0,1.0,0.0,0.0,0.0,0.0,0.0,0.0,0.0,0.0,0.0,0.0,0,0.6284536,1
-0.2938353,1.495366,0.4751539,2.541365,5.1715817,0.36205244,0.423161,1.7656432,-0.19772102,0.0,0.0,0.0,0.0,0.0,0.0,1.0,0.0,0.0,0.0,0.0,0.0,0.0,0.0,1,0.99669135,1
-0.17864317,1.3486917,0.1298994,2.0903373,0.2685381,1.3354195,0.207313,-0.6193497,0.0017312241,0.0,0.0,0.0,0.0,0.0,0.0,0.0,0.0,1.0,0.0,0.0,0.0,0.0,0.0,0,0.8659565,1
3.8896234,-1.73147,0.8204084,2.8785746,-0.34945732,-0.61131465,0.23409492,0.15416148,0.71089476,0.0,0.0,0.0,1.0,0.0,0.0,0.0,0.0,0.0,0.0,0.0,0.0,0.0,0.0,0,0.93342954,1
-0.2814693,1.495366,0.18744181,2.3598936,4.288648,0.6865081,0.015286175,-0.16813485,-0.020430136,0.0,0.0,0.0,0.0,0.0,0.0,0.0,1.0,0.0,0.0,0.0,0.0,0.0,0.0,1,0.9597111,1
-0.2880464,-0.118052006,-0.8483217,2.1615894,5.3463035,1.3354195,-0.04624344,0.21862076,0.84386295,0.0,0.0,0.0,0.0,0.0,0.0,0.0,1.0,0.0,0.0,0.0,0.0,0.0,0.0,0,0.5760616,1
-0.28327087,1.495366,0.24498422,2.110793,4.5581613,-0.93577033,-0.048792794,0.3475393,-0.41933462,1.0,0.0,0.0,0.0,0.0,0.0,0.0,0.0,0.0,0.0,0.0,0.0,0.0,0.0,1,0.9928819,1
-0.28169116,-1.73147,-0.618152,1.8356984,-0.2873728,0.03759675,-0.016887339,0.15416148,0.66657203,0.0,0.0,0.0,1.0,0.0,0.0,0.0,0.0,0.0,0.0,0.0,0.0,0.0,0.0,1,0.63568693,1
-0.27970082,1.2020173,0.64778113,2.9514067,0.44832748,1.3354195,0.78005964,-0.6193497,1.154122,0.0,0.0,0.0,0.0,0.0,0.0,0.0,0.0,1.0,0.0,0.0,0.0,0.0,0.0,0,0.7471162,1
-0.29253048,1.495366,1.9137143,1.8687118,-0.27857128,0.6865081,0.12859578,-0.8127276,0.48928115,0.0,0.0,0.0,0.0,0.0,0.0,0.0,0.0,0.0,0.0,1.0,0.0,0.0,0.0,0,0.50272846,1
-0.28348944,-1.73147,1.1081204,2.0777974,-0.5398882,-1.260226,-0.04880831,0.025242949,1.3092515,0.0,0.0,0.0,1.0,0.0,0.0,0.0,0.0,0.0,0.0,0.0,0.0,0.0,0.0,0,0.7797554,1
4.053889,-1.73147,-0.44552475,1.8960872,-0.27937073,0.03759675,-0.04676938,0.41199857,1.3978969,0.0,0.0,0.0,1.0,0.0,0.0,0.0,0.0,0.0,0.0,0.0,0.0,0.0,0.0,0,0.6379048,1
-0.2921927,-1.8781444,-0.33043993,2.1649933,-0.2721977,-0.28685895,-0.024939934,-0.23259413,1.2870902,0.0,0.0,0.0,1.0,0.0,0.0,0.0,0.0,0.0,0.0,0.0,0.0,0.0,0.0,0,0.6056559,1
-0.29302394,-1.73147,0.36006907,2.3268347,-0.55831796,-0.93577033,-0.04788581,-0.10367559,0.5336039,0.0,0.0,0.0,1.0,0.0,0.0,0.0,0.0,0.0,0.0,0.0,0.0,0.0,0.0,0,0.8248479,1
-0.29023546,1.495366,-0.73323685,1.9627947,-0.4454284,1.0109638,0.0520035,-0.683809,0.44495845,0.0,0.0,0.0,0.0,0.0,0.0,0.0,0.0,0.0,1.0,0.0,0.0,0.0,0.0,0,0.5162756,1
-0.29393467,-1.1447725,-1.0209489,2.7383559,-0.32726908,0.6865081,-0.019497117,0.41199857,0.64441067,0.0,0.0,0.0,1.0,0.0,0.0,0.0,0.0,0.0,0.0,0.0,0.0,0.0,0.0,0,0.6328142,1
-0.28713897,1.495366,0.014814562,2.003252,-0.22126567,1.3354195,0.11146583,-0.6193497,-0.020430136,0.0,0.0,0.0,0.0,0.0,0.0,0.0,0.0,0.0,1.0,0.0,0.0,0.0,0.0,0,0.6044067,1
0.1309115,-0.118052006,-1.0784913,2.942146,4.7548494,0.36205244,-0.04406322,1.7656432,0.5557652,0.0,0.0,0.0,0.0,0.0,0.0,1.0,0.0,0.0,0.0,0.0,0.0,0.0,0.0,0,0.57939756,1
-0.29202047,1.495366,-0.79077923,2.3530488,5.708679,1.0109638,0.0363201,0.47645783,0.51144254,0.0,0.0,0.0,0.0,0.0,0.0,0.0,1.0,0.0,0.0,0.0,0.0,0.0,0.0,1,0.93282866,1
-0.28653294,1.3486917,1.050578,2.2318332,0.07347558,1.9843309,0.116747804,-0.683809,0.112538025,0.0,0.0,0.0,0.0,0.0,0.0,0.0,0.0,0.0,1.0,0.0,0.0,0.0,0.0,0,0.5803394,1
-0.26424494,-1.2914469,0.24498422,2.7582283,-0.27055413,-0.28685895,-0.02432612,0.025242949,0.48928115,0.0,0.0,0.0,1.0,0.0,0.0,0.0,0.0,0.0,0.0,0.0,0.0,0.0,0.0,0,0.6587861,1
-0.25867128,1.495366,1.2232053,1.902404,6.098399,0.6865081,0.06704672,1.8301024,0.46711978,0.0,0.0,0.0,0.0,0.0,0.0,1.0,0.0,0.0,0.0,0.0,0.0,0.0,0.0,1,0.9990225,1
-0.043034166,-1.4381213,-0.042727854,2.387995,1.4354061,0.36205244,0.0668356,1.8301024,0.5336039,0.0,1.0,0.0,0.0,0.0,0.0,0.0,0.0,0.0,0.0,0.0,0.0,0.0,0.0,1,0.99914014,1
-0.2935803,1.3486917,0.59023875,2.4671538,7.097355,0.03759675,-0.041918278,2.2813175,0.046053946,0.0,0.0,0.0,0.0,0.0,0.0,1.0,0.0,0.0,0.0,0.0,0.0,0.0,0.0,1,0.9921497,1
-0.28816894,-1.5847957,-0.042727854,1.8425529,-0.3357098,2.957698,-0.042517036,0.08970222,1.3092515,0.0,0.0,0.0,1.0,0.0,0.0,0.0,0.0,0.0,0.0,0.0,0.0,0.0,0.0,0,0.6652523,1
-0.2938353,1.495366,-0.73323685,1.9492853,1.3068979,-0.93577033,-0.015794076,2.0234802,0.9546697,0.0,1.0,0.0,0.0,0.0,0.0,0.0,0.0,0.0,0.0,0.0,0.0,0.0,0.0,1,0.9898449,1
-0.28871536,1.3486917,-0.15781268,2.8978965,-0.21788281,1.6598753,0.043138187,-0.2970534,0.66657203,0.0,0.0,0.0,0.0,0.0,0.0,0.0,0.0,0.0,0.0,0.0,0.0,1.0,0.0,0,0.6291941,1
-0.28280392,1.495366,1.3382901,2.6221972,3.9939752,-0.28685895,0.21671003,0.79875416,-0.7739164,1.0,0.0,0.0,0.0,0.0,0.0,0.0,0.0,0.0,0.0,0.0,0.0,0.0,0.0,1,0.99808276,1
-0.015626233,-1.5847957,0.1298994,2.2799215,1.5468231,-0.61131465,-0.03226904,2.0234802,1.2427675,0.0,1.0,0.0,0.0,0.0,0.0,0.0,0.0,0.0,0.0,0.0,0.0,0.0,0.0,1,0.9990946,1
-0.2852513,-1.5847957,-1.1360338,1.7954015,0.9261206,0.6865081,0.2560979,2.0234802,0.46711978,0.0,1.0,0.0,0.0,0.0,0.0,0.0,0.0,0.0,0.0,0.0,0.0,0.0,0.0,0,0.6165387,1
-0.2917721,-0.55807513,-0.9634065,2.27513,4.806773,1.3354195,-0.011280998,-0.10367559,-0.46365735,1.0,0.0,0.0,0.0,0.0,0.0,0.0,0.0,0.0,0.0,0.0,0.0,0.0,0.0,1,0.7710989,1
-0.29318622,1.495366,-0.44552475,1.8753786,3.564722,0.03759675,-0.019118972,0.6698356,-1.0841755,1.0,0.0,0.0,0.0,0.0,0.0,0.0,0.0,0.0,0.0,0.0,0.0,0.0,0.0,1,0.9580131,1
2.4803834,1.3486917,2.143884,2.6018944,5.226109,-0.61131465,0.04028431,0.7342949,-1.1949823,1.0,0.0,0.0,0.0,0.0,0.0,0.0,0.0,0.0,0.0,0.0,0.0,0.0,0.0,1,0.9991373,1
-0.28086653,1.3486917,0.1298994,2.4740083,-0.2757219,1.0109638,0.257684,-0.4904312,0.0017312241,0.0,0.0,0.0,0.0,0.0,0.0,0.0,0.0,0.0,0.0,0.0,0.0,1.0,0.0,1,0.6802514,1
-0.294087,1.495366,0.24498422,2.1580064,-0.26987243,0.03759675,0.039137885,-0.55489045,0.15686075,0.0,0.0,0.0,0.0,0.0,0.0,0.0,0.0,0.0,1.0,0.0,0.0,0.0,0.0,0,0.5737517,1
-0.28831464,-0.9980982,-0.15781268,2.0993457,4.8211727,1.0109638,-0.037031896,-0.42597193,0.09037667,0.0,0.0,0.0,0.0,1.0,0.0,0.0,0.0,0.0,0.0,0.0,0.0,0.0,0.0,1,0.96891755,1
-0.2792206,1.495366,-1.0784913,2.8038676,4.1152906,0.03759675,-0.0453352,0.47645783,0.356313,0.0,0.0,0.0,0.0,0.0,0.0,0.0,1.0,0.0,0.0,0.0,0.0,0.0,0.0,0,0.9196095,1
-0.29037786,-1.73147,0.64778113,2.185409,-0.25512418,-0.61131465,0.045840103,-0.23259413,1.2427675,0.0,0.0,0.0,1.0,0.0,0.0,0.0,0.0,0.0,0.0,0.0,0.0,0.0,0.0,0,0.73392045,1
-0.28823847,1.495366,-0.5030672,2.0838814,2.894185,1.9843309,0.025071343,-0.55489045,0.66657203,0.0,0.0,1.0,0.0,0.0,0.0,0.0,0.0,0.0,0.0,0.0,0.0,0.0,0.0,1,0.96761215,1
-0.29260665,-1.73147,0.4751539,2.1450396,7.0913525,1.3354195,-0.04748899,1.8945618,0.5557652,0.0,0.0,0.0,0.0,0.0,0.0,1.0,0.0,0.0,0.0,0.0,0.0,0.0,0.0,0,0.850621,1
-0.27285546,-1.8781444,0.36006907,2.851189,1.42487,-1.260226,-0.04926658,2.0879395,0.20118347,0.0,1.0,0.0,0.0,0.0,0.0,0.0,0.0,0.0,0.0,0.0,0.0,0.0,0.0,1,0.99865377,1
-0.29314646,1.495366,2.4891384,1.9091153,0.3684541,0.6865081,-0.040488143,-0.8127276,0.6222493,0.0,0.0,0.0,0.0,0.0,0.0,0.0,0.0,1.0,0.0,0.0,0.0,0.0,0.0,0,0.5384457,1
-0.15302026,1.3486917,-0.10027027,2.426852,1.4465208,0.36205244,-0.04117284,-0.55489045,0.356313,0.0,0.0,0.0,0.0,0.0,0.0,0.0,0.0,0.0,0.0,0.0,0.0,0.0,1.0,0,0.8854301,1
-0.29254374,1.495366,0.9930356,2.5078907,-0.39167756,0.6865081,0.39299512,-0.87718683,-1.7711776,0.0,0.0,0.0,0.0,0.0,0.0,0.0,0.0,0.0,0.0,0.0,1.0,0.0,0.0,0,0.67927116,1
-0.29393467,-1.8781444,-1.0209489,2.18513,-0.34404066,1.3354195,-0.033382747,0.15416148,1.1762834,0.0,0.0,0.0,1.0,0.0,0.0,0.0,0.0,0.0,0.0,0.0,0.0,0.0,0.0,0,0.6725492,1
-0.1514207,1.3486917,1.3382901,2.857498,0.5944823,1.3354195,-0.045660783,-0.87718683,-0.90688455,0.0,0.0,0.0,0.0,0.0,0.0,0.0,0.0,1.0,0.0,0.0,0.0,0.0,0.0,0,0.5510072,1
-0.2932922,-1.2914469,0.9930356,2.14595,-0.27488104,-0.28685895,-0.031867515,-0.36151266,-1.1949823,0.0,0.0,0.0,0.0,0.0,1.0,0.0,0.0,0.0,0.0,0.0,0.0,0.0,0.0,0,0.75426227,1
2.4933622,-1.5847957,0.59023875,1.9636753,-0.3755038,0.6865081,-0.035714794,-0.10367559,0.9546697,0.0,0.0,0.0,1.0,0.0,0.0,0.0,0.0,0.0,0.0,0.0,0.0,0.0,0.0,1,0.85812634,1
-0.22684218,1.495366,-0.6756944,2.7567618,-0.26373342,-0.93577033,4.0023184,-0.4904312,0.0682153,0.0,0.0,0.0,0.0,0.0,0.0,0.0,0.0,0.0,0.0,0.0,0.0,1.0,0.0,0,0.5224163,1
-0.26271492,-1.4381213,-1.1360338,2.2868764,1.4162979,-0.28685895,-0.017225238,1.8301024,0.5779266,0.0,1.0,0.0,0.0,0.0,0.0,0.0,0.0,0.0,0.0,0.0,0.0,0.0,0.0,1,0.995877,1
-0.2852513,-1.1447725,-1.1360338,3.0343945,0.9843437,2.3087866,-0.041199435,1.3144283,2.8605468,0.0,1.0,0.0,0.0,0.0,0.0,0.0,0.0,0.0,0.0,0.0,0.0,0.0,0.0,0,0.7807454,1
0.39272416,1.0553429,0.30252665,2.2447453,6.6612945,0.36205244,-0.041228123,2.410236,0.7552175,0.0,0.0,0.0,0.0,0.0,0.0,1.0,0.0,0.0,0.0,0.0,0.0,0.0,0.0,1,0.97238886,1
-0.22684218,-1.4381213,-0.6756944,3.0538676,5.5721965,0.36205244,-0.03133099,0.7342949,0.0017312241,1.0,0.0,0.0,0.0,0.0,0.0,0.0,0.0,0.0,0.0,0.0,0.0,0.0,0.0,0,0.92464316,1
-0.27578965,1.0553429,-0.10027027,2.8502085,1.2601746,1.0109638,-0.042381644,-0.9416461,0.15686075,0.0,0.0,0.0,0.0,0.0,0.0,0.0,0.0,0.0,0.0,0.0,0.0,0.0,1.0,0,0.5013623,1
-0.041202776,1.495366,-0.6756944,2.6625834,-0.2505664,1.6598753,0.10317179,-0.683809,0.22334483,0.0,0.0,0.0,0.0,0.0,0.0,0.0,0.0,0.0,0.0,0.0,0.0,1.0,0.0,0,0.58763194,1
-0.24520576,-1.4381213,1.050578,2.6031046,-0.43346304,-1.260226,-0.047563963,0.15416148,0.1790221,0.0,0.0,0.0,1.0,0.0,0.0,0.0,0.0,0.0,0.0,0.0,0.0,0.0,0.0,0,0.6550971,1
0.529989,-1.8781444,0.1298994,2.4947708,-0.44586718,-0.93577033,-0.04430183,-0.16813485,0.7552175,0.0,0.0,0.0,1.0,0.0,0.0,0.0,0.0,0.0,0.0,0.0,0.0,0.0,0.0,0,0.8287685,1
-0.28778806,0.028622357,1.2232053,2.195553,5.8570614,0.03759675,-0.048926964,2.0234802,0.15686075,0.0,0.0,0.0,0.0,0.0,0.0,1.0,0.0,0.0,0.0,0.0,0.0,0.0,0.0,1,0.97571146,1
-0.28327087,1.3486917,2.3165112,2.8239274,-0.45971772,0.36205244,0.029464148,-0.55489045,-0.9512073,0.0,0.0,0.0,0.0,1.0,0.0,0.0,0.0,0.0,0.0,0.0,0.0,0.0,0.0,1,0.9891649,1
-0.28597987,1.495366,0.41761148,2.2455878,-0.15840669,1.0109638,0.2725802,-0.6193497,-0.2642051,0.0,0.0,0.0,0.0,0.0,0.0,0.0,0.0,0.0,0.0,1.0,0.0,0.0,0.0,0,0.604297,1
-0.28856966,-1.4381213,-1.3662034,2.6031547,1.4498973,0.6865081,-0.025865914,1.8945618,0.2455062,0.0,1.0,0.0,0.0,0.0,0.0,0.0,0.0,0.0,0.0,0.0,0.0,0.0,0.0,1,0.9965025,1
1.698585,1.495366,-0.73323685,2.0437422,0.3507949,0.03759675,-0.037972484,-0.7482683,0.046053946,0.0,0.0,0.0,0.0,0.0,0.0,0.0,0.0,1.0,0.0,0.0,0.0,0.0,0.0,0,0.5059236,1
-0.28038302,-1.8781444,0.93549323,2.279469,-0.5415523,-0.93577033,-0.04759902,-0.55489045,1.7968014,0.0,0.0,0.0,1.0,0.0,0.0,0.0,0.0,0.0,0.0,0.0,0.0,0.0,0.0,0,0.76985896,1
-0.22988898,1.495366,-1.1360338,2.9318116,0.13564527,1.3354195,7.2617736,-0.8127276,0.31199026,0.0,0.0,0.0,0.0,0.0,0.0,0.0,0.0,1.0,0.0,0.0,0.0,0.0,0.0,0,0.53401095,1
-0.2755479,-0.9980982,0.014814562,2.2810037,-0.41601032,1.0109638,-0.045478497,-0.16813485,1.3092515,0.0,0.0,0.0,1.0,0.0,0.0,0.0,0.0,0.0,0.0,0.0,0.0,0.0,0.0,0,0.56546396,1
-0.29068252,1.3486917,-0.15781268,2.0971699,0.66174054,1.9843309,-0.0257851,-0.6193497,0.44495845,0.0,0.0,0.0,0.0,0.0,0.0,0.0,0.0,1.0,0.0,0.0,0.0,0.0,0.0,0,0.50566155,1
-0.2935538,-1.4381213,1.6260022,2.1859195,1.4544538,0.03759675,-0.036841817,2.0879395,0.910347,0.0,1.0,0.0,0.0,0.0,0.0,0.0,0.0,0.0,0.0,0.0,0.0,0.0,0.0,1,0.9997974,1
-0.28763905,-1.8781444,1.3958325,2.662811,1.3590381,-0.61131465,-0.043764006,1.8945618,0.71089476,0.0,1.0,0.0,0.0,0.0,0.0,0.0,0.0,0.0,0.0,0.0,0.0,0.0,0.0,1,0.9994592,1
-0.28597987,-0.41140074,0.41761148,2.867653,5.7387705,0.36205244,-0.046058796,2.0879395,0.09037667,0.0,0.0,0.0,0.0,0.0,0.0,1.0,0.0,0.0,0.0,0.0,0.0,0.0,0.0,0,0.66138846,1
-0.2891558,-1.73147,-1.711458,2.1317172,-0.38367918,-0.61131465,-0.039692603,-0.10367559,1.2649288,0.0,0.0,0.0,1.0,0.0,0.0,0.0,0.0,0.0,0.0,0.0,0.0,0.0,0.0,0,0.7515978,1
-0.29110974,1.3486917,0.07235698,2.0703719,0.6713857,-0.28685895,-0.038557418,-0.6193497,0.112538025,0.0,0.0,0.0,0.0,0.0,0.0,0.0,0.0,1.0,0.0,0.0,0.0,0.0,0.0,0,0.5470668,1
0.010659022,1.3486917,0.7053236,2.029951,5.3634095,-0.61131465,-0.04682339,0.28308,1.0654765,0.0,0.0,0.0,0.0,0.0,0.0,0.0,1.0,0.0,0.0,0.0,0.0,0.0,0.0,1,0.9943362,1
0.23141277,-1.73147,-0.2728975,2.3804748,-0.24412094,0.03759675,-0.037216336,0.08970222,0.8217016,0.0,0.0,0.0,1.0,0.0,0.0,0.0,0.0,0.0,0.0,0.0,0.0,0.0,0.0,0,0.6371193,1
-0.11278928,1.495366,-0.79077923,2.9116008,5.1992207,0.03759675,0.03013274,1.8301024,0.20118347,0.0,0.0,0.0,0.0,0.0,0.0,1.0,0.0,0.0,0.0,0.0,0.0,0.0,0.0,1,0.9768574,1
-0.29038778,1.495366,-0.73323685,2.9586244,5.362433,-0.93577033,-0.027136656,1.4433469,0.42279708,0.0,0.0,0.0,0.0,0.0,0.0,1.0,0.0,0.0,0.0,0.0,0.0,0.0,0.0,1,0.9689131,1
4.929721,1.3486917,0.93549323,2.9516308,5.052938,0.03759675,0.86905575,2.0234802,1.1097993,0.0,0.0,0.0,0.0,0.0,0.0,1.0,0.0,0.0,0.0,0.0,0.0,0.0,0.0,1,0.99486804,1
-0.24971303,-0.26472637,0.7053236,2.7264516,5.804086,-0.61131465,-0.045419954,0.21862076,0.5336039,0.0,0.0,0.0,0.0,0.0,0.0,0.0,1.0,0.0,0.0,0.0,0.0,0.0,0.0,0,0.596215,1
-0.26477483,-1.8781444,-1.5388306,2.4005215,1.5053062,-0.28685895,-0.038346738,2.0879395,0.5779266,0.0,1.0,0.0,0.0,0.0,0.0,0.0,0.0,0.0,0.0,0.0,0.0,0.0,0.0,1,0.9962554,1
-0.27464047,1.0553429,-0.10027027,1.9621434,5.6977816,-0.61131465,-0.040224895,2.5391545,2.2178674,0.0,0.0,0.0,0.0,0.0,0.0,0.0,1.0,0.0,0.0,0.0,0.0,0.0,0.0,0,0.85348284,1
-0.2935803,-1.4381213,0.59023875,2.4618938,-0.2439583,0.03759675,-0.024759429,-0.87718683,-1.7268549,0.0,0.0,0.0,0.0,0.0,1.0,0.0,0.0,0.0,0.0,0.0,0.0,0.0,0.0,1,0.67925626,1
0.017186455,1.3486917,-0.6756944,2.2249384,-0.58452266,0.6865081,-0.04207232,-0.42597193,0.6222493,0.0,0.0,0.0,0.0,0.0,0.0,0.0,0.0,0.0,0.0,0.0,0.0,1.0,0.0,0,0.5811568,1
-0.29122233,-1.1447725,-0.8483217,2.9199078,2.1178231,3.6066093,-0.028972134,2.1523988,1.1319606,0.0,1.0,0.0,0.0,0.0,0.0,0.0,0.0,0.0,0.0,0.0,0.0,0.0,0.0,1,0.99826163,1
-0.20153058,0.7619942,-0.618152,2.795917,6.9907007,1.3354195,-0.035637118,2.0234802,-1.0176914,0.0,0.0,0.0,0.0,0.0,0.0,1.0,0.0,0.0,0.0,0.0,0.0,0.0,0.0,0,0.75785446,1
0.25411472,-1.2914469,-1.3662034,2.6707768,-0.32340607,0.03759675,-0.04287687,-0.10367559,0.7552175,0.0,0.0,0.0,1.0,0.0,0.0,0.0,0.0,0.0,0.0,0.0,0.0,0.0,0.0,0,0.61587244,1
-0.29373926,1.3486917,1.5684597,2.1578405,4.30286,-1.260226,-0.04865287,0.47645783,0.48928115,0.0,0.0,0.0,0.0,0.0,0.0,0.0,1.0,0.0,0.0,0.0,0.0,0.0,0.0,1,0.99802077,1
-0.29130515,0.46864545,0.07235698,3.030811,5.6134596,0.36205244,-0.032402467,0.025242949,3.2816126,0.0,0.0,0.0,0.0,0.0,0.0,0.0,1.0,0.0,0.0,0.0,0.0,0.0,0.0,0,0.71807194,1
-0.29164955,-1.8781444,0.93549323,2.562038,-0.40268812,-0.28685895,-0.046471875,0.025242949,0.22334483,0.0,0.0,0.0,1.0,0.0,0.0,0.0,0.0,0.0,0.0,0.0,0.0,0.0,0.0,0,0.87772113,1
-0.29159325,1.3486917,1.3958325,2.8978033,4.2547216,-0.28685895,-0.04890827,0.47645783,0.77737886,0.0,0.0,0.0,0.0,0.0,0.0,0.0,1.0,0.0,0.0,0.0,0.0,0.0,0.0,1,0.9983317,1
-0.2858805,-1.73147,-0.73323685,2.9390054,1.3257893,-0.28685895,-0.04416888,2.1523988,1.3757355,0.0,1.0,0.0,0.0,0.0,0.0,0.0,0.0,0.0,0.0,0.0,0.0,0.0,0.0,1,0.9953511,1
-0.29393467,-1.8781444,-1.0209489,2.0909715,-0.29987752,1.9843309,0.0012478976,0.21862076,1.5973492,0.0,0.0,0.0,1.0,0.0,0.0,0.0,0.0,0.0,0.0,0.0,0.0,0.0,0.0,0,0.6205883,1
-0.13781276,-1.73147,2.0863416,2.5688844,-0.28068098,-0.93577033,-0.049546383,-0.16813485,0.910347,0.0,0.0,0.0,1.0,0.0,0.0,0.0,0.0,0.0,0.0,0.0,0.0,0.0,0.0,0,0.5804054,1
-0.283559,0.46864545,-1.4237459,2.230113,3.4760191,0.03759675,-0.04590636,0.79875416,-1.0398527,1.0,0.0,0.0,0.0,0.0,0.0,0.0,0.0,0.0,0.0,0.0,0.0,0.0,0.0,0,0.62346107,1
-0.29360348,-1.8781444,1.1656629,2.6831286,1.5869043,-0.28685895,-0.03229277,2.0879395,0.15686075,0.0,1.0,0.0,0.0,0.0,0.0,0.0,0.0,0.0,0.0,0.0,0.0,0.0,0.0,1,0.9996705,1
-0.29285502,1.3486917,-0.5030672,2.756548,3.9529228,1.3354195,-0.047929946,0.60537636,-0.08691422,0.0,0.0,0.0,0.0,0.0,0.0,0.0,1.0,0.0,0.0,0.0,0.0,0.0,0.0,1,0.78396034,1
-0.29360348,-1.8781444,1.1656629,3.0396662,-0.46176317,-0.93577033,-0.04855982,-0.03921632,3.6583557,0.0,0.0,0.0,1.0,0.0,0.0,0.0,0.0,0.0,0.0,0.0,0.0,0.0,0.0,0,0.7628436,1
-0.234128,1.495366,-0.9634065,2.2722642,4.8048606,0.36205244,-0.04814148,1.5722654,0.15686075,0.0,0.0,0.0,0.0,0.0,0.0,1.0,0.0,0.0,0.0,0.0,0.0,0.0,0.0,0,0.953368,1
-0.28742048,-1.4381213,0.1298994,2.2263675,-0.47062883,1.0109638,-0.04835761,-0.03921632,1.4422196,0.0,0.0,0.0,1.0,0.0,0.0,0.0,0.0,0.0,0.0,0.0,0.0,0.0,0.0,0,0.7896757,1
-0.29143098,1.3486917,-1.0209489,2.6689868,6.3046474,-0.28685895,-0.044786714,1.959021,-0.44149598,0.0,0.0,0.0,0.0,0.0,0.0,1.0,0.0,0.0,0.0,0.0,0.0,0.0,0.0,1,0.96407086,1
-0.2935273,1.3486917,0.5326963,2.4603686,4.3980727,1.0109638,0.45152435,0.992132,-1.0398527,1.0,0.0,0.0,0.0,0.0,0.0,0.0,0.0,0.0,0.0,0.0,0.0,0.0,0.0,1,0.9978162,1
-0.29122233,-0.118052006,-0.8483217,2.92864,1.1295114,0.36205244,-0.04646448,-0.6193497,1.3757355,0.0,0.0,0.0,0.0,0.0,0.0,0.0,0.0,0.0,0.0,0.0,0.0,0.0,1.0,1,0.54863966,1
-0.28778806,-1.73147,1.2232053,3.033188,-0.43785864,-0.28685895,-0.04472588,-0.03921632,3.3259354,0.0,0.0,0.0,1.0,0.0,0.0,0.0,0.0,0.0,0.0,0.0,0.0,0.0,0.0,0,0.7688577,1
-0.27462062,1.2020173,0.07235698,2.4601507,-0.32076097,0.6865081,0.25858936,-0.8127276,-1.7490163,0.0,0.0,0.0,0.0,0.0,0.0,0.0,0.0,0.0,0.0,0.0,1.0,0.0,0.0,0,0.55211747,1
-0.28291982,0.9086686,-0.33043993,2.4056985,5.056581,-0.61131465,-0.048567902,0.21862076,0.09037667,0.0,0.0,0.0,0.0,0.0,0.0,0.0,1.0,0.0,0.0,0.0,0.0,0.0,0.0,0,0.6796861,1
-0.29041758,-1.8781444,0.8204084,2.3534265,-0.3323602,0.36205244,-0.04260131,-0.16813485,0.9546697,0.0,0.0,0.0,1.0,0.0,0.0,0.0,0.0,0.0,0.0,0.0,0.0,0.0,0.0,0,0.834994,1
-0.29262653,1.495366,0.8204084,2.5348604,4.7202587,1.0109638,0.021953372,0.025242949,-1.3944345,1.0,0.0,0.0,0.0,0.0,0.0,0.0,0.0,0.0,0.0,0.0,0.0,0.0,0.0,1,0.9979644,1
-0.27990285,1.495366,-0.9058641,2.8242247,5.7726483,1.0109638,-0.02557963,2.0879395,-0.3306892,0.0,0.0,0.0,0.0,0.0,0.0,1.0,0.0,0.0,0.0,0.0,0.0,0.0,0.0,1,0.980441,1
-0.29122233,-1.4381213,-0.8483217,2.9194963,4.346555,3.2821536,-0.008125105,-0.4904312,-0.21988238,0.0,0.0,0.0,0.0,1.0,0.0,0.0,0.0,0.0,0.0,0.0,0.0,0.0,0.0,1,0.97363067,1
-0.23770799,-1.5847957,2.2014263,2.5624142,1.6626686,1.0109638,-0.033311166,1.3144283,0.71089476,0.0,1.0,0.0,0.0,0.0,0.0,0.0,0.0,0.0,0.0,0.0,0.0,0.0,0.0,1,0.9997675,1
-0.29313654,-1.8781444,-0.2728975,2.1313088,-0.3366781,0.03759675,-0.001017162,-0.23259413,1.2427675,0.0,0.0,0.0,1.0,0.0,0.0,0.0,0.0,0.0,0.0,0.0,0.0,0.0,0.0,0,0.80085564,1
-0.29202047,1.495366,-0.79077923,2.810676,-0.27646282,1.3354195,-0.0046549304,-0.6193497,-0.13123694,0.0,0.0,0.0,0.0,0.0,0.0,0.0,0.0,0.0,0.0,0.0,0.0,1.0,0.0,0,0.5063556,1
-0.2923384,1.3486917,0.18744181,2.0097332,-0.23692437,0.6865081,0.080321215,-0.42597193,0.84386295,0.0,0.0,0.0,0.0,0.0,0.0,0.0,0.0,0.0,0.0,0.0,0.0,1.0,0.0,0,0.5945508,1
-0.22162952,1.495366,-0.38798234,3.0462644,-0.11571505,1.3354195,-0.030754352,-0.7482683,1.3535743,0.0,0.0,0.0,0.0,0.0,0.0,0.0,0.0,0.0,1.0,0.0,0.0,0.0,0.0,0,0.51372755,1
-0.28291982,-1.73147,-0.33043993,2.0845153,-0.24626999,0.36205244,-0.018446947,0.025242949,1.3092515,0.0,0.0,0.0,1.0,0.0,0.0,0.0,0.0,0.0,0.0,0.0,0.0,0.0,0.0,1,0.5381809,1
2.4803834,1.3486917,2.143884,2.6085603,5.4602056,0.36205244,-0.04824802,2.0879395,-0.6187869,0.0,0.0,0.0,0.0,0.0,0.0,1.0,0.0,0.0,0.0,0.0,0.0,0.0,0.0,1,0.9993777,1
-0.28763905,1.495366,-0.6756944,2.2117994,0.35114056,-0.61131465,0.14480476,-0.7482683,-0.020430136,0.0,0.0,0.0,0.0,0.0,0.0,0.0,0.0,1.0,0.0,0.0,0.0,0.0,0.0,1,0.8075539,1
-0.2715076,0.7619942,-1.4812882,2.3921976,6.984017,0.6865081,-0.041538466,0.47645783,0.28982893,0.0,0.0,0.0,0.0,0.0,0.0,0.0,1.0,0.0,0.0,0.0,0.0,0.0,0.0,0,0.6198854,1
-0.015626233,-1.5847957,0.1298994,2.2800286,5.449143,-0.28685895,0.03456342,1.6367247,0.66657203,0.0,0.0,0.0,0.0,0.0,0.0,1.0,0.0,0.0,0.0,0.0,0.0,0.0,0.0,1,0.9748703,1
0.39272416,1.3486917,0.30252665,2.2453134,6.2142634,1.0109638,0.10781615,1.5722654,0.51144254,0.0,0.0,0.0,0.0,0.0,0.0,1.0,0.0,0.0,0.0,0.0,0.0,0.0,0.0,1,0.9907143,1
-0.06826629,1.3486917,1.8561718,2.413419,0.6584261,-0.61131465,-0.04829251,-0.7482683,-0.90688455,0.0,0.0,0.0,0.0,0.0,0.0,0.0,0.0,1.0,0.0,0.0,0.0,0.0,0.0,0,0.5932629,1
-0.2868012,-1.5847957,-0.73323685,2.8249416,-0.4416553,-0.93577033,-0.027621994,0.15416148,0.6887334,0.0,0.0,0.0,1.0,0.0,0.0,0.0,0.0,0.0,0.0,0.0,0.0,0.0,0.0,1,0.77942616,1
-0.2804062,0.9086686,0.64778113,2.6883104,6.0014143,0.03759675,-0.0481711,2.0234802,-0.21988238,0.0,0.0,0.0,0.0,0.0,0.0,1.0,0.0,0.0,0.0,0.0,0.0,0.0,0.0,1,0.9911282,1
-0.29018578,-1.8781444,-0.38798234,2.3602574,-0.24410315,-0.28685895,-0.024780707,0.15416148,0.910347,0.0,0.0,0.0,1.0,0.0,0.0,0.0,0.0,0.0,0.0,0.0,0.0,0.0,0.0,0,0.57150114,1
3.8896234,1.3486917,-0.10027027,2.231631,1.969208,-0.61131465,0.0026516719,-0.55489045,0.42279708,0.0,0.0,1.0,0.0,0.0,0.0,0.0,0.0,0.0,0.0,0.0,0.0,0.0,0.0,0,0.76525116,1
-0.2918615,-1.4381213,1.1081204,2.280307,1.8431423,-0.28685895,-0.046472307,1.8945618,0.51144254,0.0,1.0,0.0,0.0,0.0,0.0,0.0,0.0,0.0,0.0,0.0,0.0,0.0,0.0,1,0.9998111,1
-0.29262653,1.495366,0.8204084,2.5347493,1.8313717,0.36205244,-0.005351785,2.0234802,0.51144254,0.0,1.0,0.0,0.0,0.0,0.0,0.0,0.0,0.0,0.0,0.0,0.0,0.0,0.0,1,0.9993098,1
4.7602296,0.9086686,0.07235698,2.6749723,5.991662,-0.93577033,-0.029661564,1.3788877,-0.064752854,0.0,0.0,0.0,0.0,0.0,0.0,1.0,0.0,0.0,0.0,0.0,0.0,0.0,0.0,0,0.8548235,1
-0.06302712,-1.2914469,1.1656629,2.8995528,4.1384826,2.6332424,8.030872,2.0234802,-0.46365735,0.0,0.0,0.0,0.0,0.0,0.0,1.0,0.0,0.0,0.0,0.0,0.0,0.0,0.0,0,0.9490537,1
0.33565632,-1.73147,0.8204084,2.0373998,-0.4670404,-0.93577033,-0.04878283,-0.16813485,1.5087037,0.0,0.0,0.0,1.0,0.0,0.0,0.0,0.0,0.0,0.0,0.0,0.0,0.0,0.0,0,0.81534344,1
-0.29059312,1.3486917,1.2232053,2.5749736,0.6832309,1.6598753,-0.02588786,-0.6193497,-0.2642051,0.0,0.0,0.0,0.0,0.0,0.0,0.0,0.0,1.0,0.0,0.0,0.0,0.0,0.0,0,0.54663265,1
-0.2891194,-1.5847957,-0.618152,2.1386676,5.3655496,1.0109638,0.036608916,0.60537636,0.7330561,0.0,0.0,0.0,0.0,0.0,0.0,0.0,1.0,0.0,0.0,0.0,0.0,0.0,0.0,1,0.99722785,1
-0.27522334,1.495366,-1.1935762,2.0502083,-0.33744383,0.36205244,2.5970752,-0.7482683,0.1790221,0.0,0.0,0.0,0.0,0.0,0.0,0.0,0.0,0.0,0.0,1.0,0.0,0.0,0.0,1,0.60008883,1
-0.28291982,0.46864545,-0.33043993,2.3714166,6.6968136,-0.28685895,-0.043549392,2.0234802,0.2455062,0.0,0.0,0.0,0.0,0.0,0.0,1.0,0.0,0.0,0.0,0.0,0.0,0.0,0.0,0,0.7466125,1
-0.28064796,1.3486917,2.028799,2.9515338,-0.16159797,1.0109638,3.9053793,-0.8127276,0.5779266,0.0,0.0,0.0,0.0,0.0,0.0,0.0,0.0,0.0,0.0,1.0,0.0,0.0,0.0,0,0.6964691,1
0.3800104,1.495366,-1.2511185,2.548229,1.0936815,-0.61131465,-0.030447604,-0.4904312,0.46711978,0.0,0.0,0.0,0.0,0.0,0.0,0.0,0.0,0.0,0.0,0.0,0.0,0.0,1.0,0,0.77302307,1
-0.28652298,1.495366,0.24498422,2.0771933,4.7947426,1.0109638,0.011539594,2.6036136,0.356313,0.0,0.0,0.0,0.0,0.0,0.0,1.0,0.0,0.0,0.0,0.0,0.0,0.0,0.0,1,0.9812617,1
-0.24063557,1.3486917,-0.79077923,2.6758354,6.4931383,-0.93577033,-0.041107994,1.959021,-0.5301414,0.0,0.0,0.0,0.0,0.0,0.0,1.0,0.0,0.0,0.0,0.0,0.0,0.0,0.0,0,0.9520242,1
-0.20051388,1.495366,-0.2153551,2.2117252,5.234466,0.6865081,-0.021771818,0.3475393,-0.41933462,1.0,0.0,0.0,0.0,0.0,0.0,0.0,0.0,0.0,0.0,0.0,0.0,0.0,0.0,1,0.98212147,1
-0.29262653,-1.8781444,0.8204084,2.5351589,-0.24098146,1.3354195,-0.0056035053,-0.03921632,0.31199026,0.0,0.0,0.0,1.0,0.0,0.0,0.0,0.0,0.0,0.0,0.0,0.0,0.0,0.0,1,0.79771763,1
-0.2938353,-1.4381213,0.4751539,2.5426073,1.5392797,1.3354195,-0.022099629,1.959021,0.0682153,0.0,1.0,0.0,0.0,0.0,0.0,0.0,0.0,0.0,0.0,0.0,0.0,0.0,0.0,1,0.9997305,1
-0.28196272,1.495366,-0.15781268,1.9762391,0.46803203,-0.61131465,-0.04719554,-0.4904312,-0.2642051,0.0,0.0,0.0,0.0,0.0,0.0,0.0,0.0,1.0,0.0,0.0,0.0,0.0,0.0,0,0.6827605,1
-0.17234424,-0.26472637,1.8561718,2.9619265,5.473393,-0.28685895,-0.049288757,0.7342949,-0.08691422,1.0,0.0,0.0,0.0,0.0,0.0,0.0,0.0,0.0,0.0,0.0,0.0,0.0,0.0,0,0.805516,1
4.929721,1.495366,0.93549323,2.9586363,4.474783,0.36205244,0.0063681374,0.7342949,-0.042591497,1.0,0.0,0.0,0.0,0.0,0.0,0.0,0.0,0.0,0.0,0.0,0.0,0.0,0.0,1,0.99849916,1
-0.20051388,-1.8781444,-0.2153551,1.8823297,4.131326,-0.28685895,-0.03466211,0.79875416,-0.57446414,1.0,0.0,0.0,0.0,0.0,0.0,0.0,0.0,0.0,0.0,0.0,0.0,0.0,0.0,0,0.9722015,1
-0.2891194,1.0553429,-0.618152,1.7938524,6.3526015,0.03759675,-0.0407376,1.7656432,0.1790221,0.0,0.0,0.0,0.0,0.0,0.0,1.0,0.0,0.0,0.0,0.0,0.0,0.0,0.0,0,0.877538,1
3.8896234,-1.8781444,1.7986294,2.642694,0.065420814,-0.93577033,-0.03721215,-0.16813485,0.26766756,0.0,0.0,0.0,1.0,0.0,0.0,0.0,0.0,0.0,0.0,0.0,0.0,0.0,0.0,0,0.5189945,1
-0.28913927,-1.5847957,1.2807478,2.1788936,-0.24894768,-0.61131465,-0.049423013,-0.8127276,-1.1728209,0.0,0.0,0.0,0.0,0.0,1.0,0.0,0.0,0.0,0.0,0.0,0.0,0.0,0.0,0,0.52047783,1
-0.28579772,-0.55807513,0.18744181,2.8471603,1.143762,-0.28685895,-0.043588236,1.5722654,0.8217016,0.0,1.0,0.0,0.0,0.0,0.0,0.0,0.0,0.0,0.0,0.0,0.0,0.0,0.0,0,0.90543956,1
-0.23770799,1.0553429,2.2014263,2.560915,5.6613245,0.03759675,-0.048209965,0.60537636,-0.042591497,0.0,0.0,0.0,0.0,0.0,0.0,0.0,1.0,0.0,0.0,0.0,0.0,0.0,0.0,1,0.99872005,1
2.4933622,1.495366,0.59023875,1.9762105,6.137932,-0.28685895,-0.03479018,2.2168581,0.37847435,0.0,0.0,0.0,0.0,0.0,0.0,1.0,0.0,0.0,0.0,0.0,0.0,0.0,0.0,1,0.99645704,1
-0.29130515,-0.9980982,0.07235698,2.954012,4.175398,0.6865081,-0.04796776,0.79875416,-0.08691422,1.0,0.0,0.0,0.0,0.0,0.0,0.0,0.0,0.0,0.0,0.0,0.0,0.0,0.0,0,0.8073077,1
-0.29227218,1.3486917,2.431596,2.8977056,-0.2690344,1.3354195,1.686087,-0.6193497,0.2455062,0.0,0.0,0.0,0.0,0.0,0.0,0.0,0.0,0.0,0.0,1.0,0.0,0.0,0.0,0,0.66560024,1
-0.28155538,-1.73147,-1.4812882,1.8489331,-0.7314675,-0.28685895,-0.044820223,-0.10367559,0.8217016,0.0,0.0,0.0,1.0,0.0,0.0,0.0,0.0,0.0,0.0,0.0,0.0,0.0,0.0,0,0.859279,1
-0.28713897,0.028622357,0.014814562,1.798477,4.9685783,0.03759675,-0.048532363,1.6367247,2.4173195,0.0,0.0,0.0,0.0,0.0,0.0,1.0,0.0,0.0,0.0,0.0,0.0,0.0,0.0,0,0.74916315,1
-0.26241356,0.46864545,0.30252665,2.8152857,6.680418,-1.260226,-0.04922535,2.2168581,0.0017312241,0.0,0.0,0.0,0.0,0.0,0.0,1.0,0.0,0.0,0.0,0.0,0.0,0.0,0.0,1,0.89261746,1
-0.18105742,1.495366,-1.2511185,2.998915,7.071871,0.6865081,-0.029985081,2.5391545,4.6556168,0.0,0.0,0.0,0.0,0.0,0.0,0.0,1.0,0.0,0.0,0.0,0.0,0.0,0.0,0,0.8823911,1
-0.2933187,1.3486917,0.1298994,2.8507373,-0.237861,2.6332424,-0.009730331,-0.55489045,0.5557652,0.0,0.0,0.0,0.0,0.0,0.0,0.0,0.0,0.0,0.0,0.0,0.0,1.0,0.0,0,0.51910037,1
-0.28884453,1.495366,0.41761148,2.9452221,-0.10513637,0.6865081,1.9298896,-0.4904312,1.6638333,0.0,0.0,0.0,0.0,0.0,0.0,0.0,0.0,0.0,0.0,0.0,0.0,1.0,0.0,0,0.65365905,1
-0.29215625,-1.5847957,-1.3662034,2.7710297,1.5650641,-0.61131465,-0.045960285,1.7011839,-0.020430136,0.0,1.0,0.0,0.0,0.0,0.0,0.0,0.0,0.0,0.0,0.0,0.0,0.0,0.0,1,0.9966624,1
-0.29009637,-1.4381213,-1.0209489,1.9506508,-0.5529132,0.36205244,-0.044196963,0.6698356,1.5530264,0.0,0.0,0.0,1.0,0.0,0.0,0.0,0.0,0.0,0.0,0.0,0.0,0.0,0.0,0,0.83954334,1
-0.2814693,-0.26472637,0.18744181,2.3565102,1.558533,-0.28685895,-0.047523938,2.668073,0.33415163,0.0,1.0,0.0,0.0,0.0,0.0,0.0,0.0,0.0,0.0,0.0,0.0,0.0,0.0,1,0.9953002,1
-0.17702372,-1.5847957,-0.8483217,2.1385553,-0.25404,0.03759675,0.025611905,-0.16813485,1.4422196,0.0,0.0,0.0,1.0,0.0,0.0,0.0,0.0,0.0,0.0,0.0,0.0,0.0,0.0,0,0.7081175,1
-0.21290639,0.61531985,-0.5606096,3.044574,4.575905,0.6865081,-0.046961285,-0.10367559,3.1486444,0.0,0.0,0.0,0.0,0.0,0.0,0.0,1.0,0.0,0.0,0.0,0.0,0.0,0.0,0,0.6897809,1
-0.1514207,0.61531985,1.3382901,2.559938,5.2065287,-0.61131465,-0.047148626,0.08970222,-0.020430136,0.0,0.0,0.0,0.0,0.0,0.0,0.0,1.0,0.0,0.0,0.0,0.0,0.0,0.0,1,0.9967428,1
0.051568907,-1.1447725,1.3382901,2.7516627,-0.23790912,0.36205244,-0.042753257,0.025242949,0.046053946,0.0,0.0,0.0,1.0,0.0,0.0,0.0,0.0,0.0,0.0,0.0,0.0,0.0,0.0,0,0.70941633,1
-0.015626233,-1.8781444,0.1298994,2.2794242,5.3622756,-0.61131465,-0.045483813,0.8632134,-0.7960777,1.0,0.0,0.0,0.0,0.0,0.0,0.0,0.0,0.0,0.0,0.0,0.0,0.0,0.0,1,0.8686898,1
-0.28038302,-1.4381213,0.93549323,2.2533195,-0.4848801,-0.93577033,-0.04646874,-0.10367559,0.7995402,0.0,0.0,0.0,1.0,0.0,0.0,0.0,0.0,0.0,0.0,0.0,0.0,0.0,0.0,0,0.6825921,1
-0.29150054,-1.2914469,0.4751539,1.9374162,-0.22685364,-0.28685895,-0.04518208,-0.6193497,-1.3944345,0.0,0.0,0.0,0.0,0.0,1.0,0.0,0.0,0.0,0.0,0.0,0.0,0.0,0.0,0,0.52526605,1
-0.29113623,-1.8781444,1.6835446,2.8511813,-0.24176568,2.6332424,-0.013146046,0.025242949,0.33415163,0.0,0.0,0.0,1.0,0.0,0.0,0.0,0.0,0.0,0.0,0.0,0.0,0.0,0.0,0,0.6104748,1
4.053889,1.495366,-0.44552475,1.7946835,4.2748933,0.36205244,-0.047837835,-0.23259413,0.71089476,0.0,0.0,0.0,0.0,0.0,0.0,0.0,1.0,0.0,0.0,0.0,0.0,0.0,0.0,0,0.6348192,1
4.053889,1.3486917,-0.44552475,2.527844,6.6576867,0.6865081,-0.044471644,1.5722654,-0.5966255,0.0,0.0,0.0,0.0,0.0,0.0,1.0,0.0,0.0,0.0,0.0,0.0,0.0,0.0,0,0.9365806,1
0.76698357,1.495366,-0.10027027,1.8753799,0.24295369,0.03759675,-0.027594475,-0.6193497,0.046053946,0.0,0.0,0.0,0.0,0.0,0.0,0.0,0.0,1.0,0.0,0.0,0.0,0.0,0.0,0,0.6361022,1
-0.234128,-0.70474946,-0.9634065,2.0259225,1.041662,-0.28685895,-0.037886582,2.0879395,1.4200583,0.0,1.0,0.0,0.0,0.0,0.0,0.0,0.0,0.0,0.0,0.0,0.0,0.0,0.0,0,0.7215318,1
-0.057423662,-1.73147,-0.042727854,2.091169,3.9648066,1.0109638,-0.0376109,0.3475393,-0.50798005,1.0,0.0,0.0,0.0,0.0,0.0,0.0,0.0,0.0,0.0,0.0,0.0,0.0,0.0,0,0.8748,1
0.063309014,-1.4381213,-1.0209489,2.6636977,-0.26380414,-0.28685895,-0.038888663,-0.16813485,0.6887334,0.0,0.0,0.0,1.0,0.0,0.0,0.0,0.0,0.0,0.0,0.0,0.0,0.0,0.0,0,0.50630605,1
-0.27896562,-1.73147,0.9930356,2.0373025,-0.3576897,-1.260226,-0.04948429,-0.42597193,1.154122,0.0,0.0,0.0,1.0,0.0,0.0,0.0,0.0,0.0,0.0,0.0,0.0,0.0,0.0,0,0.7561518,1
0.4436421,1.3486917,0.9930356,2.0836391,5.457619,0.03759675,0.14200248,2.6036136,0.33415163,0.0,0.0,0.0,0.0,0.0,0.0,1.0,0.0,0.0,0.0,0.0,0.0,0.0,0.0,1,0.998779,1
-0.28273436,1.495366,-0.618152,2.0906456,0.54128253,0.03759675,-0.045760326,-0.683809,0.48928115,0.0,0.0,0.0,0.0,0.0,0.0,0.0,0.0,1.0,0.0,0.0,0.0,0.0,0.0,0,0.6715009,1
-0.27464047,-1.8781444,-0.10027027,2.9319348,0.9488949,1.3354195,0.1593727,2.0879395,1.5530264,0.0,1.0,0.0,0.0,0.0,0.0,0.0,0.0,0.0,0.0,0.0,0.0,0.0,0.0,0,0.60297483,1
-0.2934445,1.495366,-0.9634065,2.3194363,1.2303803,-0.61131465,-0.0049551507,-0.55489045,0.60008794,0.0,0.0,0.0,0.0,0.0,0.0,0.0,0.0,0.0,0.0,0.0,0.0,0.0,1.0,0,0.9093991,1
-0.2924212,1.3486917,1.9137143,1.8146302,1.677758,-0.28685895,0.02463333,2.0234802,1.154122,0.0,1.0,0.0,0.0,0.0,0.0,0.0,0.0,0.0,0.0,0.0,0.0,0.0,0.0,1,0.99955636,1
-0.27273956,-1.8781444,-0.33043993,2.8916485,-0.24602437,1.0109638,-0.006129666,-0.10367559,1.3978969,0.0,0.0,0.0,1.0,0.0,0.0,0.0,0.0,0.0,0.0,0.0,0.0,0.0,0.0,0,0.53438777,1
0.607073,1.495366,0.5326963,1.8082074,7.1736746,0.03759675,0.078994505,2.2813175,0.1790221,0.0,0.0,0.0,0.0,0.0,0.0,1.0,0.0,0.0,0.0,0.0,0.0,0.0,0.0,1,0.99450785,1
-0.26271492,1.495366,-1.1360338,2.2116852,3.3999765,-0.28685895,-0.045512635,0.15416148,1.3314129,0.0,0.0,0.0,0.0,0.0,0.0,0.0,1.0,0.0,0.0,0.0,0.0,0.0,0.0,0,0.6054294,1
-0.28137323,1.3486917,0.64778113,2.9516633,0.22207856,0.6865081,0.20021266,-0.42597193,3.9686148,0.0,0.0,0.0,0.0,0.0,0.0,0.0,0.0,0.0,1.0,0.0,0.0,0.0,0.0,0,0.534674,1
-0.28155538,-1.8781444,-1.4812882,1.794948,-0.73716724,-0.61131465,0.23003115,-0.16813485,1.2870902,0.0,0.0,0.0,1.0,0.0,0.0,0.0,0.0,0.0,0.0,0.0,0.0,0.0,0.0,0,0.8915719,1
-0.28871536,0.46864545,-0.73323685,1.9675485,4.6678443,0.03759675,-0.04642003,0.3475393,-0.6631096,1.0,0.0,0.0,0.0,0.0,0.0,0.0,0.0,0.0,0.0,0.0,0.0,0.0,0.0,0,0.86950934,1
-0.28580767,0.9086686,-0.8483217,2.9507296,5.013958,-0.28685895,-0.004155673,0.15416148,1.5087037,0.0,0.0,0.0,0.0,0.0,0.0,0.0,1.0,0.0,0.0,0.0,0.0,0.0,0.0,0,0.70869535,1
-0.28579772,-1.8781444,0.18744181,1.8017108,-0.28733018,-0.28685895,-0.0050874427,0.21862076,1.3757355,0.0,0.0,0.0,1.0,0.0,0.0,0.0,0.0,0.0,0.0,0.0,0.0,0.0,0.0,0,0.79653364,1
-0.2891492,-1.8781444,0.41761148,2.4677312,-0.2528075,-0.93577033,-0.048615634,-0.10367559,0.51144254,0.0,0.0,0.0,1.0,0.0,0.0,0.0,0.0,0.0,0.0,0.0,0.0,0.0,0.0,0,0.5332643,1
-0.29009637,1.495366,-1.0209489,1.9629668,0.8298882,1.0109638,-0.027772225,-0.4904312,1.2870902,0.0,0.0,0.0,0.0,0.0,0.0,0.0,0.0,0.0,0.0,0.0,0.0,0.0,1.0,1,0.77604175,1
0.017186455,0.3219711,-0.6756944,2.781442,5.2469535,-0.28685895,-0.045492593,2.410236,-0.28636646,0.0,0.0,0.0,0.0,0.0,0.0,1.0,0.0,0.0,0.0,0.0,0.0,0.0,0.0,0,0.6116049,1
-0.27464047,1.495366,-0.10027027,1.8149567,-0.30985573,1.0109638,0.057964735,-0.4904312,0.9546697,0.0,0.0,0.0,0.0,0.0,0.0,0.0,0.0,0.0,0.0,0.0,0.0,1.0,0.0,0,0.63273793,1
0.09000161,1.495366,-1.1360338,2.3866765,2.4924219,0.36205244,-0.03893003,-0.683809,-0.21988238,0.0,0.0,1.0,0.0,0.0,0.0,0.0,0.0,0.0,0.0,0.0,0.0,0.0,0.0,1,0.9524593,1
-0.29366973,-1.73147,-0.2728975,2.0373816,-0.40524358,0.03759675,-0.040848907,0.08970222,1.2427675,0.0,0.0,0.0,1.0,0.0,0.0,0.0,0.0,0.0,0.0,0.0,0.0,0.0,0.0,0,0.7609164,1
-0.2930173,1.3486917,-0.15781268,2.292395,0.49110234,1.0109638,-0.015565004,-0.87718683,0.37847435,0.0,0.0,0.0,0.0,0.0,0.0,0.0,0.0,1.0,0.0,0.0,0.0,0.0,0.0,0,0.6640996,1
-0.29227218,-1.2914469,2.431596,2.455429,-0.3327842,-0.61131465,-0.044611033,-0.87718683,-1.3944345,0.0,0.0,0.0,0.0,0.0,1.0,0.0,0.0,0.0,0.0,0.0,0.0,0.0,0.0,0,0.590995,1
0.012530153,-0.85142386,-1.5963731,2.7051702,-0.38788915,0.36205244,-0.012758427,0.15416148,0.40063572,0.0,0.0,0.0,1.0,0.0,0.0,0.0,0.0,0.0,0.0,0.0,0.0,0.0,0.0,0,0.5402386,1
-0.26477483,1.3486917,-1.5388306,1.7606459,5.2944756,-0.28685895,-0.030380752,0.47645783,-0.6631096,1.0,0.0,0.0,0.0,0.0,0.0,0.0,0.0,0.0,0.0,0.0,0.0,0.0,0.0,0,0.97009295,1
0.39272416,1.3486917,0.30252665,2.2519546,4.9532175,0.03759675,-0.014833862,0.8632134,-0.50798005,1.0,0.0,0.0,0.0,0.0,0.0,0.0,0.0,0.0,0.0,0.0,0.0,0.0,0.0,1,0.99540555,1
-0.22684218,1.3486917,-0.6756944,2.4805946,4.3766146,-0.28685895,0.1042451,2.5391545,1.5530264,0.0,0.0,0.0,0.0,0.0,0.0,0.0,1.0,0.0,0.0,0.0,0.0,0.0,0.0,1,0.8619628,1
-0.29215625,1.495366,-1.3662034,2.783638,6.0623345,2.6332424,-0.023602026,2.3457766,-0.042591497,0.0,0.0,0.0,0.0,0.0,0.0,1.0,0.0,0.0,0.0,0.0,0.0,0.0,0.0,1,0.97624516,1
-0.23106134,1.2020173,-0.15781268,3.025464,1.5867784,0.03759675,-0.04490188,-0.4904312,2.572449,0.0,0.0,0.0,0.0,0.0,0.0,0.0,0.0,0.0,0.0,0.0,0.0,0.0,1.0,0,0.76043475,1
-0.29173568,1.3486917,-1.1935762,2.0434577,0.42548585,2.3087866,0.10835921,-0.683809,-0.064752854,0.0,0.0,0.0,0.0,0.0,0.0,0.0,0.0,1.0,0.0,0.0,0.0,0.0,0.0,1,0.59382975,1
0.47767022,-1.5847957,0.07235698,1.9301118,-0.6369973,-1.260226,-0.04902867,0.21862076,1.3314129,0.0,0.0,0.0,1.0,0.0,0.0,0.0,0.0,0.0,0.0,0.0,0.0,0.0,0.0,0,0.7260652,1
-0.29396117,1.3486917,1.9712567,2.1979725,0.83556277,0.6865081,-0.04586255,-0.7482683,0.046053946,0.0,0.0,0.0,0.0,0.0,0.0,0.0,0.0,1.0,0.0,0.0,0.0,0.0,0.0,0,0.5238314,1
0.1309115,1.3486917,-1.0784913,2.1376271,3.936346,-0.28685895,-0.039375048,0.60537636,0.8217016,0.0,0.0,0.0,0.0,0.0,0.0,0.0,1.0,0.0,0.0,0.0,0.0,0.0,0.0,0,0.75556904,1
-0.2907885,1.495366,-0.33043993,2.42041,0.5884722,-0.28685895,0.5461233,-0.4904312,-0.24204375,0.0,0.0,0.0,0.0,0.0,0.0,0.0,0.0,1.0,0.0,0.0,0.0,0.0,0.0,0,0.86124426,1
0.33589146,0.9086686,-0.15781268,2.103135,7.1244564,-0.28685895,-0.042253356,2.0234802,0.5336039,0.0,0.0,0.0,0.0,0.0,0.0,1.0,0.0,0.0,0.0,0.0,0.0,0.0,0.0,0,0.66254574,1
-0.28663227,1.3486917,1.7410871,2.4334354,4.8509207,0.03759675,-0.049179025,2.0879395,-0.19772102,0.0,0.0,0.0,0.0,0.0,0.0,1.0,0.0,0.0,0.0,0.0,0.0,0.0,0.0,1,0.99842477,1
-0.28073075,-1.4381213,-0.9634065,2.4013972,2.5175865,0.36205244,-0.045638476,-0.55489045,-0.57446414,0.0,0.0,1.0,0.0,0.0,0.0,0.0,0.0,0.0,0.0,0.0,0.0,0.0,0.0,1,0.9983956,1
-0.27389535,1.3486917,-0.15781268,2.9853327,-0.3979371,1.3354195,0.24147344,-0.4904312,1.6416719,0.0,0.0,0.0,0.0,0.0,0.0,0.0,0.0,0.0,0.0,0.0,0.0,1.0,0.0,0,0.6390409,1
-0.261069,-0.9980982,0.64778113,2.381966,-0.25699654,0.6865081,-0.041950293,0.025242949,1.0433152,0.0,0.0,0.0,1.0,0.0,0.0,0.0,0.0,0.0,0.0,0.0,0.0,0.0,0.0,0,0.5486589,1
-0.29369292,0.3219711,0.36006907,1.8867459,4.105214,-0.93577033,-0.04822201,0.41199857,1.0654765,0.0,0.0,0.0,0.0,0.0,0.0,0.0,1.0,0.0,0.0,0.0,0.0,0.0,0.0,1,0.6344958,1
0.010867661,1.495366,1.7410871,2.2186093,6.4603257,-0.28685895,-0.04317819,1.8945618,0.15686075,0.0,0.0,0.0,0.0,0.0,0.0,1.0,0.0,0.0,0.0,0.0,0.0,0.0,0.0,1,0.999094,1
4.929721,1.3486917,0.93549323,2.958384,4.571205,0.03759675,-0.047541957,0.5409171,-0.57446414,1.0,0.0,0.0,0.0,0.0,0.0,0.0,0.0,0.0,0.0,0.0,0.0,0.0,0.0,1,0.99822587,1
0.68930674,1.495366,0.64778113,2.27241,5.533577,-0.61131465,-0.048371945,1.4433469,0.0017312241,0.0,0.0,0.0,0.0,0.0,0.0,1.0,0.0,0.0,0.0,0.0,0.0,0.0,0.0,1,0.9970866,1
0.010867661,-1.8781444,1.7410871,2.205474,1.3355012,-1.260226,-0.04831325,2.9903693,3.924292,0.0,1.0,0.0,0.0,0.0,0.0,0.0,0.0,0.0,0.0,0.0,0.0,0.0,0.0,1,0.9982066,1
0.011490268,1.3486917,0.24498422,2.6489344,5.9146776,0.36205244,-0.046967696,1.8301024,-0.44149598,0.0,0.0,0.0,0.0,0.0,0.0,1.0,0.0,0.0,0.0,0.0,0.0,0.0,0.0,1,0.9878802,1
-0.28917238,0.7619942,-1.1360338,2.7015305,5.7544155,-0.28685895,-0.049196545,2.2813175,-0.5301414,0.0,0.0,0.0,0.0,0.0,0.0,1.0,0.0,0.0,0.0,0.0,0.0,0.0,0.0,1,0.85695857,1
-0.22988898,1.495366,-1.1360338,1.9629465,-0.19118778,1.0109638,0.18141356,-0.8127276,0.0017312241,0.0,0.0,0.0,0.0,0.0,0.0,0.0,0.0,0.0,0.0,1.0,0.0,0.0,0.0,0,0.5529411,1
2.1442156,-1.5847957,1.2232053,1.809029,1.4506354,1.0109638,-0.046726607,2.0879395,0.6222493,0.0,1.0,0.0,0.0,0.0,0.0,0.0,0.0,0.0,0.0,0.0,0.0,0.0,0.0,1,0.9997584,1
-0.2877947,1.495366,0.76286596,2.898122,0.37627962,0.36205244,-0.031662293,-0.683809,-1.4165958,0.0,0.0,0.0,0.0,0.0,0.0,0.0,0.0,0.0,0.0,0.0,1.0,0.0,0.0,0,0.6679041,1
-0.261069,-0.85142386,0.64778113,2.604269,1.4912072,0.36205244,-0.047007043,2.0879395,0.42279708,0.0,1.0,0.0,0.0,0.0,0.0,0.0,0.0,0.0,0.0,0.0,0.0,0.0,0.0,1,0.9996057,1
-0.29375583,-1.4381213,0.014814562,2.0244572,-0.2535265,-0.28685895,-0.012018166,-0.03921632,1.2206061,0.0,0.0,0.0,1.0,0.0,0.0,0.0,0.0,0.0,0.0,0.0,0.0,0.0,0.0,0,0.6367496,1
-0.28709263,1.3486917,0.7053236,2.9382095,0.042658813,2.3087866,0.76315254,-0.4904312,0.44495845,0.0,0.0,0.0,0.0,0.0,0.0,0.0,0.0,0.0,1.0,0.0,0.0,0.0,0.0,0,0.77669144,1
-0.27995583,0.7619942,-0.9058641,2.2307289,6.6792088,0.03759675,-0.026688749,2.2168581,0.0017312241,0.0,0.0,0.0,0.0,0.0,0.0,1.0,0.0,0.0,0.0,0.0,0.0,0.0,0.0,0,0.83773106,1
-0.2874867,-1.4381213,1.1656629,1.8091307,-0.45542315,-0.93577033,0.07686533,0.025242949,1.2649288,0.0,0.0,0.0,1.0,0.0,0.0,0.0,0.0,0.0,0.0,0.0,0.0,0.0,0.0,0,0.834799,1
1.0754851,-0.26472637,0.1298994,3.036013,1.1114755,1.0109638,-0.03234092,2.668073,2.0405765,0.0,1.0,0.0,0.0,0.0,0.0,0.0,0.0,0.0,0.0,0.0,0.0,0.0,0.0,0,0.58087,1
2.9309685,0.17529672,-1.3662034,1.8393148,6.363025,-0.93577033,-0.048729382,1.6367247,0.46711978,0.0,0.0,0.0,0.0,0.0,0.0,1.0,0.0,0.0,0.0,0.0,0.0,0.0,0.0,0,0.6992193,1
-0.0002962036,1.495366,-0.8483217,2.8980753,-0.14837451,0.6865081,-0.03645021,-0.42597193,2.7275786,0.0,0.0,0.0,0.0,0.0,0.0,0.0,0.0,0.0,1.0,0.0,0.0,0.0,0.0,0,0.5036696,1
0.6198828,-1.8781444,-0.33043993,2.6090097,-0.21643707,0.6865081,-0.01909413,0.28308,0.31199026,0.0,0.0,0.0,1.0,0.0,0.0,0.0,0.0,0.0,0.0,0.0,0.0,0.0,0.0,0,0.58608824,1
-0.17702372,1.3486917,-0.8483217,2.3797061,6.200635,0.36205244,-0.049177345,2.8614507,0.20118347,0.0,0.0,0.0,0.0,0.0,0.0,1.0,0.0,0.0,0.0,0.0,0.0,0.0,0.0,0,0.96496737,1
-0.29345778,1.3486917,0.07235698,2.5344474,-0.25383297,0.6865081,0.050297577,-0.55489045,-0.5301414,0.0,0.0,0.0,0.0,0.0,0.0,0.0,0.0,0.0,1.0,0.0,0.0,0.0,0.0,0,0.54959375,1
-0.2924013,-0.9980982,0.9930356,2.604067,-0.23021084,1.0109638,-0.013872713,0.025242949,0.46711978,0.0,0.0,0.0,1.0,0.0,0.0,0.0,0.0,0.0,0.0,0.0,0.0,0.0,0.0,0,0.55897814,1
-0.28061816,1.495366,-0.2153551,2.4338565,-0.24225709,0.03759675,0.103615545,-0.6193497,0.09037667,0.0,0.0,0.0,0.0,0.0,0.0,0.0,0.0,0.0,0.0,1.0,0.0,0.0,0.0,0,0.57944274,1
-0.29176548,1.495366,-1.2511185,2.9653578,5.183123,0.03759675,-0.043458793,0.6698356,-0.2642051,1.0,0.0,0.0,0.0,0.0,0.0,0.0,0.0,0.0,0.0,0.0,0.0,0.0,0.0,1,0.97751266,1
0.055682085,1.495366,-0.73323685,1.7677765,0.8895676,1.0109638,-0.016552808,-0.683809,1.6195105,0.0,0.0,0.0,0.0,0.0,0.0,0.0,0.0,0.0,0.0,0.0,0.0,0.0,1.0,1,0.7751564,1
-0.27461398,-1.1447725,-1.1360338,2.9468808,6.326978,0.6865081,-0.044468038,0.8632134,-0.13123694,1.0,0.0,0.0,0.0,0.0,0.0,0.0,0.0,0.0,0.0,0.0,0.0,0.0,0.0,0,0.84337384,1
-0.29106006,-1.2914469,0.8779508,2.0517273,-0.42234,-0.93577033,-0.04886942,0.21862076,1.7524787,0.0,0.0,0.0,1.0,0.0,0.0,0.0,0.0,0.0,0.0,0.0,0.0,0.0,0.0,0,0.5709933,1
-0.29125547,1.0553429,-0.042727854,2.1570225,6.458682,-0.28685895,-0.04622667,1.7656432,0.15686075,0.0,0.0,0.0,0.0,0.0,0.0,1.0,0.0,0.0,0.0,0.0,0.0,0.0,0.0,0,0.8902641,1
0.114415735,0.7619942,-1.0784913,3.0515244,6.4503326,0.03759675,-0.04361127,1.5078062,1.7746401,0.0,0.0,0.0,0.0,0.0,0.0,1.0,0.0,0.0,0.0,0.0,0.0,0.0,0.0,0,0.8042886,1
-0.2719646,-1.73147,-1.4237459,2.104611,1.523851,1.0109638,-0.04100215,2.410236,1.3092515,0.0,1.0,0.0,0.0,0.0,0.0,0.0,0.0,0.0,0.0,0.0,0.0,0.0,0.0,1,0.9974113,1
-0.28884453,1.495366,0.41761148,1.9763324,5.622979,0.36205244,0.17842029,2.0234802,0.33415163,0.0,0.0,0.0,0.0,0.0,0.0,1.0,0.0,0.0,0.0,0.0,0.0,0.0,0.0,1,0.99681205,1
-0.20051388,-0.26472637,-0.2153551,2.2085154,1.4263666,0.03759675,-0.045656856,2.0879395,0.99899244,0.0,1.0,0.0,0.0,0.0,0.0,0.0,0.0,0.0,0.0,0.0,0.0,0.0,0.0,1,0.9916536,1
-0.2938353,1.3486917,0.4751539,2.5413446,5.82166,0.03759675,0.17616391,2.2168581,-0.5301414,0.0,0.0,0.0,0.0,0.0,0.0,1.0,0.0,0.0,0.0,0.0,0.0,0.0,0.0,1,0.9955284,1
-0.29261658,-1.4381213,1.3382901,2.401448,1.7350469,-0.93577033,-0.049140904,2.410236,0.64441067,0.0,1.0,0.0,0.0,0.0,0.0,0.0,0.0,0.0,0.0,0.0,0.0,0.0,0.0,1,0.99976474,1
-0.2929544,-1.2914469,0.18744181,2.1997771,-0.31607026,0.6865081,-0.041609596,0.025242949,0.93250835,0.0,0.0,0.0,1.0,0.0,0.0,0.0,0.0,0.0,0.0,0.0,0.0,0.0,0.0,0,0.6740347,1
-0.28540695,1.495366,-0.5606096,1.855266,4.5367336,-0.28685895,-0.042786438,2.0234802,-0.042591497,0.0,0.0,0.0,0.0,0.0,0.0,1.0,0.0,0.0,0.0,0.0,0.0,0.0,0.0,0,0.86709005,1
-0.29373926,-1.8781444,0.41761148,2.730233,-0.41843224,-1.260226,-0.04948953,0.28308,0.26766756,0.0,0.0,0.0,1.0,0.0,0.0,0.0,0.0,0.0,0.0,0.0,0.0,0.0,0.0,0,0.8180755,1
-0.28760925,-1.5847957,0.18744181,2.1790862,-0.33992216,0.03759675,-0.049007986,-0.10367559,1.1984447,0.0,0.0,0.0,1.0,0.0,0.0,0.0,0.0,0.0,0.0,0.0,0.0,0.0,0.0,0,0.72435504,1
-0.29240796,-1.4381213,-0.9058641,2.5088751,5.997205,0.36205244,-0.040336523,1.7656432,-0.3750119,0.0,0.0,0.0,0.0,0.0,0.0,1.0,0.0,0.0,0.0,0.0,0.0,0.0,0.0,1,0.9968792,1
-0.2890896,1.3486917,-0.38798234,2.7362733,6.315516,0.36205244,-0.04713083,1.7656432,-0.21988238,0.0,0.0,0.0,0.0,0.0,0.0,1.0,0.0,0.0,0.0,0.0,0.0,0.0,0.0,1,0.9593474,1
0.05538734,1.495366,0.014814562,2.7567139,0.6197596,0.6865081,-0.0408521,-0.8127276,-0.28636646,0.0,0.0,0.0,0.0,0.0,0.0,0.0,0.0,1.0,0.0,0.0,0.0,0.0,0.0,0,0.68473643,1
-0.29244438,1.3486917,0.41761148,2.1777675,5.976486,-0.61131465,-0.049393363,0.7342949,-0.7739164,1.0,0.0,0.0,0.0,0.0,0.0,0.0,0.0,0.0,0.0,0.0,0.0,0.0,0.0,1,0.9919003,1
-0.29300407,1.3486917,1.050578,2.7363338,5.8574233,-0.28685895,-0.016009217,1.7656432,-0.68527097,0.0,0.0,0.0,0.0,0.0,0.0,1.0,0.0,0.0,0.0,0.0,0.0,0.0,0.0,1,0.99854845,1
-0.22162952,0.7619942,-0.15781268,2.5468562,6.465064,0.36205244,-0.04795949,1.7656432,-0.57446414,0.0,0.0,0.0,0.0,0.0,0.0,1.0,0.0,0.0,0.0,0.0,0.0,0.0,0.0,1,0.81864315,1
-0.2785119,-0.41140074,-0.2153551,1.8716978,4.921197,1.9843309,0.16242056,0.47645783,-0.97336864,1.0,0.0,0.0,0.0,0.0,0.0,0.0,0.0,0.0,0.0,0.0,0.0,0.0,0.0,0,0.68088204,1
-0.23499237,1.495366,-1.4237459,2.9989734,0.8613789,2.3087866,-0.022301443,-0.4904312,2.7275786,0.0,0.0,0.0,0.0,0.0,0.0,0.0,0.0,0.0,0.0,0.0,0.0,0.0,1.0,0,0.52176684,1
-0.28831464,1.495366,-0.15781268,2.0975585,-0.1827324,1.3354195,0.05440454,-0.683809,0.40063572,0.0,0.0,0.0,0.0,0.0,0.0,0.0,0.0,0.0,1.0,0.0,0.0,0.0,0.0,1,0.57758003,1
-0.293832,1.495366,-0.042727854,2.615639,-0.2257479,-0.28685895,0.24822494,-0.55489045,-0.17555965,0.0,0.0,0.0,0.0,0.0,0.0,0.0,0.0,0.0,1.0,0.0,0.0,0.0,0.0,0,0.6620307,1
-0.2755479,-1.8781444,0.014814562,2.588755,-0.4497359,-0.93577033,0.43608823,-0.6193497,-1.3722731,0.0,0.0,0.0,0.0,0.0,1.0,0.0,0.0,0.0,0.0,0.0,0.0,0.0,0.0,0,0.79797846,1
-0.2533129,-1.73147,-0.79077923,1.8557009,4.7226357,1.3354195,0.45817003,0.28308,0.60008794,0.0,0.0,0.0,0.0,0.0,0.0,0.0,1.0,0.0,0.0,0.0,0.0,0.0,0.0,1,0.9985967,1
0.2470243,1.3486917,-0.10027027,3.0459673,-0.028186977,0.6865081,1.2101882,-0.87718683,1.2870902,0.0,0.0,0.0,0.0,0.0,0.0,0.0,0.0,0.0,0.0,1.0,0.0,0.0,0.0,0,0.53686595,1
-0.17864317,1.3486917,0.1298994,1.7673389,-0.09173033,1.6598753,4.05658,-0.42597193,2.2400286,0.0,0.0,0.0,0.0,0.0,0.0,0.0,0.0,0.0,1.0,0.0,0.0,0.0,0.0,0,0.58645886,1
-0.17726217,1.495366,-0.10027027,3.046001,0.38319108,0.36205244,-0.031200793,-0.9416461,1.3535743,0.0,0.0,0.0,0.0,0.0,0.0,0.0,0.0,1.0,0.0,0.0,0.0,0.0,0.0,0,0.5673908,1
-0.25690612,-1.5847957,-0.2153551,2.8317392,-0.3288828,-1.260226,-0.048650358,0.15416148,0.71089476,0.0,0.0,0.0,1.0,0.0,0.0,0.0,0.0,0.0,0.0,0.0,0.0,0.0,0.0,0,0.56157005,1
-0.20623325,-1.73147,-0.2153551,2.0171359,4.607974,-0.61131465,-0.046228707,0.41199857,-0.50798005,1.0,0.0,0.0,0.0,0.0,0.0,0.0,0.0,0.0,0.0,0.0,0.0,0.0,0.0,0,0.9573966,1
-0.288616,-0.85142386,-0.73323685,2.954258,-0.4333206,1.3354195,-0.02315666,0.60537636,2.2178674,0.0,0.0,0.0,1.0,0.0,0.0,0.0,0.0,0.0,0.0,0.0,0.0,0.0,0.0,0,0.64774245,1
-0.26477483,1.3486917,-1.5388306,2.406776,5.69954,0.03759675,-0.04777413,2.410236,-0.109075576,0.0,0.0,0.0,0.0,0.0,0.0,1.0,0.0,0.0,0.0,0.0,0.0,0.0,0.0,1,0.97083956,1
-0.29336172,1.495366,-0.79077923,2.030021,-0.5823866,1.0109638,-0.012474527,-0.7482683,0.8217016,0.0,0.0,0.0,0.0,0.0,0.0,0.0,0.0,0.0,0.0,0.0,0.0,1.0,0.0,0,0.54940265,1
-0.27800852,1.3486917,0.41761148,1.9627255,1.3847694,-0.28685895,0.045581434,1.5078062,1.0876379,0.0,1.0,0.0,0.0,0.0,0.0,0.0,0.0,0.0,0.0,0.0,0.0,0.0,0.0,1,0.9993586,1
3.8896234,1.3486917,-0.10027027,1.9895303,4.598357,-0.93577033,-0.040318485,1.5078062,0.44495845,0.0,0.0,0.0,0.0,0.0,0.0,1.0,0.0,0.0,0.0,0.0,0.0,0.0,0.0,0,0.7718297,1
-0.29240796,1.2020173,-0.9058641,2.850324,4.3058085,0.6865081,-0.047172442,0.3475393,-0.99553,1.0,0.0,0.0,0.0,0.0,0.0,0.0,0.0,0.0,0.0,0.0,0.0,0.0,0.0,0,0.9646195,1
-0.29381213,1.3486917,-0.5606096,2.1441903,6.0629497,-0.93577033,-0.047706436,2.2168581,0.37847435,0.0,0.0,0.0,0.0,0.0,0.0,1.0,0.0,0.0,0.0,0.0,0.0,0.0,0.0,0,0.9552634,1
-0.29164624,1.3486917,-0.6756944,2.877591,1.025534,0.6865081,0.003966908,-0.683809,0.60008794,0.0,0.0,0.0,0.0,0.0,0.0,0.0,0.0,0.0,0.0,0.0,0.0,0.0,1.0,0,0.77096087,1
-0.27273956,-1.73147,-0.33043993,3.0333035,-0.30542827,2.957698,0.026455516,0.60537636,3.0378375,0.0,0.0,0.0,1.0,0.0,0.0,0.0,0.0,0.0,0.0,0.0,0.0,0.0,0.0,0,0.60691524,1
-0.29038778,1.3486917,-0.73323685,2.9583826,4.9943786,-0.93577033,-0.049188424,2.2813175,1.0433152,0.0,0.0,0.0,0.0,0.0,0.0,1.0,0.0,0.0,0.0,0.0,0.0,0.0,0.0,1,0.90700245,1
-0.28579772,1.3486917,0.18744181,2.245258,0.45649064,1.6598753,-0.04507314,-0.6193497,0.1790221,0.0,0.0,0.0,0.0,0.0,0.0,0.0,0.0,1.0,0.0,0.0,0.0,0.0,0.0,0,0.6484614,1
-0.28067115,1.2020173,-0.10027027,2.8504543,5.7729106,2.3087866,-0.02508939,0.15416148,-0.13123694,0.0,0.0,0.0,0.0,0.0,0.0,0.0,1.0,0.0,0.0,0.0,0.0,0.0,0.0,0,0.578132,1
-0.24307632,-0.85142386,2.143884,2.200527,1.2629173,-0.28685895,-0.046813693,2.0234802,1.2870902,0.0,1.0,0.0,0.0,0.0,0.0,0.0,0.0,0.0,0.0,0.0,0.0,0.0,0.0,1,0.9984028,1
-0.29215625,1.3486917,-1.3662034,2.7834344,4.19454,2.6332424,0.059281435,0.992132,-1.1506596,1.0,0.0,0.0,0.0,0.0,0.0,0.0,0.0,0.0,0.0,0.0,0.0,0.0,0.0,1,0.9763957,1
-0.27273956,1.0553429,-0.33043993,2.9846303,2.0279968,2.3087866,-0.016338618,-0.4904312,1.9297696,0.0,0.0,0.0,0.0,0.0,0.0,0.0,0.0,0.0,0.0,0.0,0.0,0.0,1.0,0,0.52294225,1
-0.2764752,-1.8781444,-1.1935762,2.6898913,-0.50357133,-0.28685895,-0.0432137,-0.36151266,0.31199026,0.0,0.0,0.0,1.0,0.0,0.0,0.0,0.0,0.0,0.0,0.0,0.0,0.0,0.0,0,0.7666567,1
-0.27901196,1.495366,-1.0209489,2.5347023,4.1995816,1.0109638,0.09769123,0.6698356,0.0682153,0.0,0.0,0.0,0.0,0.0,0.0,0.0,1.0,0.0,0.0,0.0,0.0,0.0,0.0,0,0.96818393,1
-0.29336172,1.3486917,-0.79077923,1.8953007,-0.5830228,0.6865081,-0.01528919,-0.55489045,0.5779266,0.0,0.0,0.0,0.0,0.0,0.0,0.0,0.0,0.0,0.0,0.0,0.0,1.0,0.0,0,0.6022272,1
-0.28898692,0.17529672,-0.2728975,2.0410712,5.0059414,-0.61131465,-0.037639588,0.5409171,0.77737886,0.0,0.0,0.0,0.0,0.0,0.0,0.0,1.0,0.0,0.0,0.0,0.0,0.0,0.0,0,0.561075,1
-0.27470672,-1.8781444,-1.0784913,2.86483,0.95170337,1.6598753,-0.04164061,1.959021,0.71089476,0.0,1.0,0.0,0.0,0.0,0.0,0.0,0.0,0.0,0.0,0.0,0.0,0.0,0.0,0,0.51992935,1
-0.29304713,1.3486917,1.1081204,1.9490337,-0.38754815,1.0109638,0.18952535,-0.4904312,1.0876379,0.0,0.0,0.0,0.0,0.0,0.0,0.0,0.0,0.0,0.0,0.0,0.0,1.0,0.0,0,0.6527059,1
-0.29347765,1.3486917,0.64778113,2.7025893,6.6896086,-1.260226,-0.048735768,2.3457766,-0.08691422,0.0,0.0,0.0,0.0,0.0,0.0,1.0,0.0,0.0,0.0,0.0,0.0,0.0,0.0,1,0.993694,1
-0.22717999,1.3486917,0.24498422,2.648924,5.9066696,-0.93577033,-0.044371884,1.3788877,-0.4858187,0.0,0.0,0.0,0.0,0.0,0.0,1.0,0.0,0.0,0.0,0.0,0.0,0.0,0.0,1,0.9837516,1
-0.29170254,1.3486917,0.07235698,3.0525835,-0.21468964,1.6598753,1.5737684,-0.7482683,2.4173195,0.0,0.0,0.0,0.0,0.0,0.0,0.0,0.0,0.0,0.0,0.0,0.0,1.0,0.0,0,0.5910091,1
-0.29009637,-1.8781444,-1.0209489,1.9631953,4.095269,1.6598753,-0.0016018255,-0.8127276,0.13469939,0.0,0.0,0.0,0.0,1.0,0.0,0.0,0.0,0.0,0.0,0.0,0.0,0.0,0.0,1,0.97681296,1
-0.27522334,-1.73147,-1.1935762,2.0507593,3.166694,1.9843309,0.84754646,-0.4904312,0.0017312241,0.0,0.0,1.0,0.0,0.0,0.0,0.0,0.0,0.0,0.0,0.0,0.0,0.0,0.0,1,0.99874914,1
-0.2937724,1.3486917,0.93549323,2.2383618,0.50781167,1.9843309,-0.040033985,-0.4904312,0.28982893,0.0,0.0,0.0,0.0,0.0,0.0,0.0,0.0,1.0,0.0,0.0,0.0,0.0,0.0,0,0.5047345,1
-0.29139456,1.2020173,-0.44552475,3.0321236,3.1767354,0.03759675,-0.04868715,0.7342949,-0.064752854,1.0,0.0,0.0,0.0,0.0,0.0,0.0,0.0,0.0,0.0,0.0,0.0,0.0,0.0,0,0.6917319,1
0.76698357,-1.8781444,-0.10027027,2.097753,-0.30114952,2.3087866,-0.0054159416,0.41199857,1.0876379,0.0,0.0,0.0,1.0,0.0,0.0,0.0,0.0,0.0,0.0,0.0,0.0,0.0,0.0,0,0.7351947,1
-0.28932473,-1.73147,2.2014263,1.8086908,-0.34019157,-0.28685895,-0.04681299,-0.03921632,0.84386295,0.0,0.0,0.0,1.0,0.0,0.0,0.0,0.0,0.0,0.0,0.0,0.0,0.0,0.0,0,0.8242316,1
-0.2846585,-1.4381213,-1.4812882,2.899159,4.2146134,8.7979,0.06536937,0.7342949,-0.7960777,1.0,0.0,0.0,0.0,0.0,0.0,0.0,0.0,0.0,0.0,0.0,0.0,0.0,0.0,1,0.6594228,1
-0.28780463,1.3486917,-1.3662034,2.86426,5.8191905,0.6865081,0.6191501,2.2813175,0.112538025,0.0,0.0,0.0,0.0,0.0,0.0,1.0,0.0,0.0,0.0,0.0,0.0,0.0,0.0,1,0.9847189,1
-0.2930173,1.3486917,-0.15781268,2.07686,-0.2299647,1.0109638,0.25666282,-0.683809,0.2455062,0.0,0.0,0.0,0.0,0.0,0.0,0.0,0.0,0.0,1.0,0.0,0.0,0.0,0.0,1,0.5754708,1
-0.28856966,1.495366,-1.3662034,2.6089137,5.0323014,3.2821536,0.022914652,2.2813175,-0.24204375,0.0,0.0,0.0,0.0,0.0,0.0,1.0,0.0,0.0,0.0,0.0,0.0,0.0,0.0,1,0.9001112,1
-0.29118592,1.495366,0.36006907,2.8643928,-0.40159616,0.36205244,0.17345703,-0.55489045,0.6887334,0.0,0.0,0.0,0.0,0.0,0.0,0.0,0.0,0.0,0.0,0.0,0.0,1.0,0.0,0,0.67989725,1
0.4436421,-1.8781444,0.9930356,2.0774815,-0.3476466,-1.260226,-0.04927962,-0.2970534,1.3314129,0.0,0.0,0.0,1.0,0.0,0.0,0.0,0.0,0.0,0.0,0.0,0.0,0.0,0.0,1,0.8285298,1
-0.22417292,-1.2914469,-0.618152,1.9711093,-0.32866707,0.03759675,-0.04761552,0.15416148,1.2870902,0.0,0.0,0.0,1.0,0.0,0.0,0.0,0.0,0.0,0.0,0.0,0.0,0.0,0.0,0,0.52958703,1
0.68930674,-1.4381213,0.64778113,2.2666495,1.522955,1.0109638,-0.034047168,1.7656432,1.1762834,0.0,1.0,0.0,0.0,0.0,0.0,0.0,0.0,0.0,0.0,0.0,0.0,0.0,0.0,1,0.99984443,1
-0.29220924,1.495366,1.1656629,2.7097566,5.457177,-1.260226,-0.04735355,0.21862076,0.09037667,0.0,0.0,0.0,0.0,0.0,0.0,0.0,1.0,0.0,0.0,0.0,0.0,0.0,0.0,1,0.99819905,1
-0.28837094,1.495366,0.014814562,2.5617056,-0.77270544,0.03759675,-0.023676181,-0.4904312,-0.50798005,0.0,0.0,0.0,0.0,1.0,0.0,0.0,0.0,0.0,0.0,0.0,0.0,0.0,0.0,0,0.6000789,1
-0.24520576,-1.5847957,1.050578,2.5489712,-0.5776795,-0.61131465,-0.041047003,-0.8127276,-1.4830799,0.0,0.0,0.0,0.0,0.0,1.0,0.0,0.0,0.0,0.0,0.0,0.0,0.0,0.0,0,0.70649534,1
-0.2921695,-1.2914469,1.1081204,2.468819,-0.28343847,-0.61131465,0.118793115,-0.2970534,0.8217016,0.0,0.0,0.0,1.0,0.0,0.0,0.0,0.0,0.0,0.0,0.0,0.0,0.0,0.0,0,0.71797127,1
-0.2893744,1.495366,-0.2728975,1.942718,4.11084,-0.61131465,-0.043251723,0.992132,0.66657203,0.0,0.0,0.0,0.0,0.0,0.0,0.0,1.0,0.0,0.0,0.0,0.0,0.0,0.0,1,0.89232165,1
3.8896234,-1.5847957,0.8204084,1.8290911,-0.32994884,-0.28685895,0.0045351963,-0.16813485,1.3757355,0.0,0.0,0.0,1.0,0.0,0.0,0.0,0.0,0.0,0.0,0.0,0.0,0.0,0.0,0,0.9015602,1
-0.29336503,1.495366,-0.38798234,1.8620838,-0.2529972,0.36205244,0.19045311,-0.6193497,0.13469939,0.0,0.0,0.0,0.0,0.0,0.0,0.0,0.0,0.0,0.0,1.0,0.0,0.0,0.0,0,0.6666696,1
-0.27273956,0.9086686,-0.33043993,2.0962791,4.6282806,0.36205244,0.11473157,0.47645783,1.154122,0.0,0.0,0.0,0.0,0.0,0.0,0.0,1.0,0.0,0.0,0.0,0.0,0.0,0.0,0,0.7510607,1
-0.2938353,1.3486917,-0.73323685,1.95599,1.3780876,2.3087866,-0.020885069,1.5722654,1.4200583,0.0,1.0,0.0,0.0,0.0,0.0,0.0,0.0,0.0,0.0,0.0,0.0,0.0,0.0,1,0.99506336,1
-0.29312328,1.495366,-1.6539155,2.4405465,5.5192175,0.36205244,0.13330637,1.4433469,-0.30852783,0.0,0.0,0.0,0.0,0.0,0.0,1.0,0.0,0.0,0.0,0.0,0.0,0.0,0.0,1,0.9834268,1
-0.29258016,-1.73147,0.76286596,2.467992,1.5903362,0.36205244,4.7533326,2.3457766,0.5336039,0.0,1.0,0.0,0.0,0.0,0.0,0.0,0.0,0.0,0.0,0.0,0.0,0.0,0.0,1,0.99863094,1
-0.2933187,0.46864545,0.1298994,2.4856105,4.9211135,-0.61131465,-0.048891906,1.0565913,-0.3750119,0.0,0.0,0.0,0.0,0.0,0.0,1.0,0.0,0.0,0.0,0.0,0.0,0.0,0.0,0,0.6208439,1
1.0625097,-1.1447725,2.4891384,2.01847,-0.30680552,-0.93577033,-0.048054665,0.08970222,1.2649288,0.0,0.0,0.0,1.0,0.0,0.0,0.0,0.0,0.0,0.0,0.0,0.0,0.0,0.0,0,0.67335194,1
-0.29060304,1.495366,-1.3662034,2.669295,0.3731021,0.6865081,11.434704,-0.42597193,-0.46365735,0.0,0.0,0.0,0.0,1.0,0.0,0.0,0.0,0.0,0.0,0.0,0.0,0.0,0.0,0,0.6547011,1
-0.28921875,-1.5847957,-0.6756944,2.9325256,4.89611,0.6865081,-0.039482843,1.249969,0.40063572,0.0,0.0,0.0,0.0,0.0,0.0,1.0,0.0,0.0,0.0,0.0,0.0,0.0,0.0,1,0.99697244,1
-0.26988152,1.3486917,0.93549323,1.8751891,5.738954,-0.61131465,0.07823666,1.7656432,-0.1533983,0.0,0.0,0.0,0.0,0.0,0.0,1.0,0.0,0.0,0.0,0.0,0.0,0.0,0.0,1,0.9985682,1
-0.29327232,1.3486917,0.64778113,2.2922678,-0.23079778,1.3354195,0.2426629,-0.683809,0.112538025,0.0,0.0,0.0,0.0,0.0,0.0,0.0,0.0,0.0,1.0,0.0,0.0,0.0,0.0,0,0.6220724,1
-0.26271492,1.0553429,-1.1360338,2.2850137,2.8053823,-0.93577033,-0.049411017,-0.42597193,0.046053946,0.0,0.0,1.0,0.0,0.0,0.0,0.0,0.0,0.0,0.0,0.0,0.0,0.0,0.0,1,0.8375214,1
-0.2891194,1.495366,-0.618152,2.1512256,-0.23323952,1.9843309,0.1121465,-0.6193497,-0.2642051,0.0,0.0,0.0,0.0,0.0,0.0,0.0,0.0,0.0,0.0,1.0,0.0,0.0,0.0,1,0.61448485,1
-0.25688627,-1.4381213,0.07235698,2.9195137,4.252975,0.6865081,22.334824,0.41199857,0.7552175,0.0,0.0,0.0,0.0,0.0,0.0,0.0,1.0,0.0,0.0,0.0,0.0,0.0,0.0,1,0.70675975,1
-0.28834113,-1.5847957,0.93549323,2.8450396,-0.2605304,-0.28685895,0.026813716,0.60537636,0.33415163,0.0,0.0,0.0,1.0,0.0,0.0,0.0,0.0,0.0,0.0,0.0,0.0,0.0,0.0,0,0.823546,1
-0.2704677,-1.8781444,-0.2153551,3.019568,-0.2551952,1.0109638,0.06858642,0.15416148,2.6610944,0.0,0.0,0.0,1.0,0.0,0.0,0.0,0.0,0.0,0.0,0.0,0.0,0.0,0.0,0,0.53044367,1
2.4933622,-1.8781444,0.59023875,1.9632223,-0.356043,0.36205244,-0.045630943,0.025242949,1.5751878,0.0,0.0,0.0,1.0,0.0,0.0,0.0,0.0,0.0,0.0,0.0,0.0,0.0,0.0,1,0.8776982,1
-0.28958303,-1.73147,-1.4812882,2.4209387,-0.3547426,-0.61131465,-0.041613527,-0.03921632,0.48928115,0.0,0.0,0.0,1.0,0.0,0.0,0.0,0.0,0.0,0.0,0.0,0.0,0.0,0.0,0,0.7202891,1
-0.2884173,1.3486917,-0.9634065,2.0365632,5.36291,-0.93577033,-0.049168557,2.0234802,0.15686075,0.0,0.0,0.0,0.0,0.0,0.0,1.0,0.0,0.0,0.0,0.0,0.0,0.0,0.0,1,0.9445707,1
-0.29388168,1.495366,-0.618152,1.9225761,-0.26945195,1.9843309,0.78228503,-0.4904312,0.37847435,0.0,0.0,0.0,0.0,0.0,0.0,0.0,0.0,0.0,1.0,0.0,0.0,0.0,0.0,0,0.62260854,1
-0.27850196,1.495366,-0.5030672,2.6086917,5.4932184,0.03759675,-0.03456754,-0.16813485,0.15686075,0.0,0.0,0.0,0.0,0.0,0.0,0.0,1.0,0.0,0.0,0.0,0.0,0.0,0.0,0,0.85569316,1
-0.2686893,1.0553429,-0.73323685,2.7694783,5.7444844,-0.93577033,-0.04964801,1.6367247,-0.35285056,0.0,0.0,0.0,0.0,0.0,0.0,1.0,0.0,0.0,0.0,0.0,0.0,0.0,0.0,1,0.873825,1
-0.29176217,1.495366,0.07235698,2.4539652,-0.286096,1.0109638,0.46722305,-0.4904312,-0.90688455,0.0,0.0,0.0,0.0,1.0,0.0,0.0,0.0,0.0,0.0,0.0,0.0,0.0,0.0,0,0.68712044,1
-0.29056332,-1.2914469,0.59023875,2.2872512,-0.3238856,-0.93577033,-0.022486057,-0.87718683,-1.4165958,0.0,0.0,0.0,0.0,0.0,1.0,0.0,0.0,0.0,0.0,0.0,0.0,0.0,0.0,0,0.5206496,1
-0.27236864,-1.5847957,0.5326963,2.4212456,-0.27609342,1.0109638,-0.026236666,-0.03921632,0.51144254,0.0,0.0,0.0,1.0,0.0,0.0,0.0,0.0,0.0,0.0,0.0,0.0,0.0,0.0,0,0.8636977,1
-0.29068252,-0.118052006,-0.15781268,2.5720308,4.6152124,0.36205244,-0.03910918,0.08970222,0.023892585,0.0,0.0,0.0,0.0,0.0,0.0,0.0,1.0,0.0,0.0,0.0,0.0,0.0,0.0,0,0.5892756,1
-0.29170254,1.3486917,0.30252665,2.0567014,5.461775,-0.61131465,0.2392829,1.6367247,3.1486444,0.0,0.0,0.0,0.0,0.0,0.0,1.0,0.0,0.0,0.0,0.0,0.0,0.0,0.0,1,0.9912344,1
-0.24704377,-1.73147,0.1298994,2.898532,1.524296,0.03759675,-0.048827704,1.5722654,1.5751878,0.0,1.0,0.0,0.0,0.0,0.0,0.0,0.0,0.0,0.0,0.0,0.0,0.0,0.0,1,0.9988438,1
-0.27522334,0.9086686,-1.1935762,2.9440687,6.9007106,-0.93577033,-0.0482798,1.7011839,0.99899244,0.0,0.0,0.0,0.0,0.0,0.0,1.0,0.0,0.0,0.0,0.0,0.0,0.0,0.0,0,0.8480701,1
-0.29314315,1.495366,0.8779508,2.245365,-0.30608442,1.3354195,0.11345006,-0.42597193,0.5557652,0.0,0.0,0.0,0.0,0.0,0.0,0.0,0.0,0.0,0.0,0.0,0.0,1.0,0.0,0,0.67586565,1
1.698585,-1.8781444,-0.73323685,2.8916206,1.0991203,1.0109638,-0.027820488,2.0879395,1.2427675,0.0,1.0,0.0,0.0,0.0,0.0,0.0,0.0,0.0,0.0,0.0,0.0,0.0,0.0,0,0.805243,1
-0.2916297,-1.73147,0.07235698,2.6362936,-0.28016907,0.6865081,-0.036774743,0.47645783,0.046053946,0.0,0.0,0.0,1.0,0.0,0.0,0.0,0.0,0.0,0.0,0.0,0.0,0.0,0.0,0,0.7178862,1
-0.2711433,1.495366,-0.6756944,2.218598,0.5079946,-0.28685895,-0.044042036,-0.683809,0.2455062,0.0,0.0,0.0,0.0,0.0,0.0,0.0,0.0,1.0,0.0,0.0,0.0,0.0,0.0,0,0.67889756,1
-0.043034166,1.2020173,-0.042727854,2.043049,5.2215075,0.03759675,-0.044043284,0.28308,1.1097993,0.0,0.0,0.0,0.0,0.0,0.0,0.0,1.0,0.0,0.0,0.0,0.0,0.0,0.0,0,0.76698935,1
-0.27285546,1.495366,0.36006907,2.8644001,5.836752,-0.61131465,-0.04871381,2.410236,0.046053946,0.0,0.0,0.0,0.0,0.0,0.0,1.0,0.0,0.0,0.0,0.0,0.0,0.0,0.0,1,0.9908756,1
-0.2607941,1.495366,-0.2153551,2.6559968,-0.25378552,1.6598753,0.022290513,-0.7482683,-0.3750119,0.0,0.0,0.0,0.0,0.0,0.0,0.0,0.0,0.0,0.0,1.0,0.0,0.0,0.0,0,0.5752953,1
-0.2922457,-1.4381213,1.6260022,1.9773256,-0.45270061,-1.260226,-0.048677374,0.025242949,1.4865423,0.0,0.0,0.0,1.0,0.0,0.0,0.0,0.0,0.0,0.0,0.0,0.0,0.0,0.0,0,0.63909143,1
-0.17702372,-1.1447725,-0.8483217,2.3413782,1.1108404,1.3354195,-0.0452534,1.5078062,0.99899244,0.0,1.0,0.0,0.0,0.0,0.0,0.0,0.0,0.0,0.0,0.0,0.0,0.0,0.0,0,0.9335406,1
-0.2711433,0.9086686,-0.6756944,2.0493267,2.1335356,1.0109638,-0.016730597,-0.55489045,0.5336039,0.0,0.0,1.0,0.0,0.0,0.0,0.0,0.0,0.0,0.0,0.0,0.0,0.0,0.0,0,0.6073009,1
-0.27901196,-0.85142386,-1.0209489,2.3754537,4.604687,0.03759675,-0.042597808,0.60537636,-1.1284982,1.0,0.0,0.0,0.0,0.0,0.0,0.0,0.0,0.0,0.0,0.0,0.0,0.0,0.0,0,0.89624727,1
0.09000161,1.3486917,-1.1360338,2.5547714,3.3142562,0.6865081,0.16346735,-0.6193497,-0.4858187,0.0,0.0,1.0,0.0,0.0,0.0,0.0,0.0,0.0,0.0,0.0,0.0,0.0,0.0,0,0.9633717,1
-0.26988152,-1.5847957,0.93549323,1.8694015,2.0684867,-1.260226,-0.049747176,2.668073,1.1762834,0.0,1.0,0.0,0.0,0.0,0.0,0.0,0.0,0.0,0.0,0.0,0.0,0.0,0.0,1,0.99973696,1
-0.28579772,1.3486917,0.18744181,2.9784918,5.850459,1.6598753,-0.015672604,0.60537636,2.2400286,0.0,0.0,0.0,0.0,0.0,0.0,0.0,1.0,0.0,0.0,0.0,0.0,0.0,0.0,0,0.8955454,1
-0.2893744,1.3486917,-0.2728975,1.9490558,4.847244,0.36205244,0.036857698,1.4433469,0.46711978,0.0,0.0,0.0,0.0,0.0,0.0,1.0,0.0,0.0,0.0,0.0,0.0,0.0,0.0,1,0.95218384,1
-0.05749652,1.495366,-0.9058641,2.7365303,1.07884,0.6865081,-0.046075016,-0.683809,0.37847435,0.0,0.0,0.0,0.0,0.0,0.0,0.0,0.0,0.0,0.0,0.0,0.0,0.0,1.0,0,0.836983,1
0.27270684,1.3486917,0.59023875,2.3459733,4.28532,0.36205244,-0.044959467,-0.16813485,-0.6631096,1.0,0.0,0.0,0.0,0.0,0.0,0.0,0.0,0.0,0.0,0.0,0.0,0.0,0.0,1,0.9961623,1
9.332063,1.495366,-0.618152,1.9628325,-0.36416313,1.0109638,-0.037022337,-0.55489045,-0.1533983,0.0,0.0,0.0,0.0,0.0,0.0,0.0,0.0,0.0,0.0,1.0,0.0,0.0,0.0,0,0.63748634,1
-0.28736088,-1.2914469,0.59023875,2.9938002,-0.56512374,0.6865081,-0.046400532,-0.03921632,3.059999,0.0,0.0,0.0,1.0,0.0,0.0,0.0,0.0,0.0,0.0,0.0,0.0,0.0,0.0,0,0.5781928,1
-0.17864317,-1.5847957,0.1298994,2.0849307,-0.37907448,1.0109638,-0.035450596,-0.6193497,-1.2171437,0.0,0.0,0.0,0.0,0.0,1.0,0.0,0.0,0.0,0.0,0.0,0.0,0.0,0.0,0,0.60621256,1
-0.29244438,1.3486917,0.41761148,2.1778705,4.809028,-0.28685895,0.0059440695,0.28308,-0.6187869,1.0,0.0,0.0,0.0,0.0,0.0,0.0,0.0,0.0,0.0,0.0,0.0,0.0,0.0,1,0.9962447,1
-0.27690572,0.17529672,-0.79077923,1.899865,4.2081947,-0.28685895,-0.048456453,0.47645783,-0.68527097,1.0,0.0,0.0,0.0,0.0,0.0,0.0,0.0,0.0,0.0,0.0,0.0,0.0,0.0,1,0.8243003,1
0.39272416,1.0553429,-0.618152,1.9013765,5.3407364,-0.28685895,-0.035200637,0.60537636,0.93250835,0.0,0.0,0.0,0.0,0.0,0.0,0.0,1.0,0.0,0.0,0.0,0.0,0.0,0.0,0,0.659706,1
-0.18523684,1.0553429,-0.79077923,2.2581046,6.1849384,0.03759675,-0.047441367,0.47645783,0.66657203,0.0,0.0,0.0,0.0,0.0,0.0,0.0,1.0,0.0,0.0,0.0,0.0,0.0,0.0,0,0.6336,1
0.9606837,1.495366,-0.2153551,2.0838897,-0.37286094,1.0109638,0.1735583,-0.7482683,-0.109075576,0.0,0.0,0.0,0.0,0.0,0.0,0.0,0.0,0.0,0.0,1.0,0.0,0.0,0.0,0,0.5900409,1
-0.2618009,-1.5847957,-0.9058641,1.9031228,5.1385756,0.6865081,-0.028265117,0.7342949,-0.7295937,1.0,0.0,0.0,0.0,0.0,0.0,0.0,0.0,0.0,0.0,0.0,0.0,0.0,0.0,0,0.960742,1
-0.2819495,1.495366,0.014814562,1.9831012,0.40175256,0.03759675,-0.04838641,-0.9416461,-0.08691422,0.0,0.0,0.0,0.0,0.0,0.0,0.0,0.0,1.0,0.0,0.0,0.0,0.0,0.0,0,0.6616319,1
0.02688322,-1.1447725,0.4751539,2.4623845,1.497359,-0.93577033,-0.039972525,2.1523988,0.71089476,0.0,1.0,0.0,0.0,0.0,0.0,0.0,0.0,0.0,0.0,0.0,0.0,0.0,0.0,1,0.99950397,1
-0.28938434,1.3486917,0.64778113,2.8910851,-0.15446655,0.6865081,0.06377553,-0.6193497,0.33415163,0.0,0.0,0.0,0.0,0.0,0.0,0.0,0.0,0.0,1.0,0.0,0.0,0.0,0.0,1,0.6334747,1
1.3411924,1.3486917,-1.5388306,2.2652917,5.9198327,-0.28685895,-0.04883135,2.8614507,0.5557652,0.0,0.0,0.0,0.0,0.0,0.0,1.0,0.0,0.0,0.0,0.0,0.0,0.0,0.0,1,0.96436054,1
-0.28803647,1.495366,0.59023875,2.0975287,-0.35685933,1.6598753,0.3359234,-0.683809,0.0017312241,0.0,0.0,0.0,0.0,0.0,0.0,0.0,0.0,0.0,0.0,1.0,0.0,0.0,0.0,0,0.6540658,1
-0.22420274,-1.73147,-0.6756944,2.676706,4.56116,1.0109638,0.24801055,0.6698356,-1.4387572,1.0,0.0,0.0,0.0,0.0,0.0,0.0,0.0,0.0,0.0,0.0,0.0,0.0,0.0,1,0.98453563,1
-0.28871536,1.495366,-0.73323685,2.5077717,8.378198,-0.28685895,-0.046225112,1.5722654,-0.3306892,0.0,0.0,0.0,0.0,0.0,0.0,1.0,0.0,0.0,0.0,0.0,0.0,0.0,0.0,0,0.6829514,1
-0.29306698,1.3486917,1.3382901,2.9247317,0.13393053,1.0109638,0.1258622,-0.55489045,0.7552175,0.0,0.0,0.0,0.0,0.0,0.0,0.0,0.0,0.0,1.0,0.0,0.0,0.0,0.0,0,0.6878458,1
-0.2893744,0.46864545,-0.2728975,1.947555,5.8663673,0.36205244,-0.04705757,1.4433469,-0.13123694,0.0,0.0,0.0,0.0,0.0,0.0,1.0,0.0,0.0,0.0,0.0,0.0,0.0,0.0,1,0.7980073,1
-0.24971303,1.3486917,0.7053236,2.0029256,5.8517494,-0.93577033,-0.048181277,2.2168581,0.26766756,0.0,0.0,0.0,0.0,0.0,0.0,1.0,0.0,0.0,0.0,0.0,0.0,0.0,0.0,1,0.99696296,1
-0.27866423,-1.5847957,-0.73323685,2.872171,-0.49978888,-0.61131465,-0.048805553,-0.36151266,0.99899244,0.0,0.0,0.0,1.0,0.0,0.0,0.0,0.0,0.0,0.0,0.0,0.0,0.0,0.0,0,0.7333508,1
-0.28383386,1.495366,1.7986294,2.6088274,4.501992,0.36205244,-0.01847853,0.08970222,-1.0176914,1.0,0.0,0.0,0.0,0.0,0.0,0.0,0.0,0.0,0.0,0.0,0.0,0.0,0.0,1,0.9980217,1
-0.27539888,1.0553429,-1.711458,2.466598,3.2198365,-0.61131465,-0.044613928,0.79875416,-1.1949823,1.0,0.0,0.0,0.0,0.0,0.0,0.0,0.0,0.0,0.0,0.0,0.0,0.0,0.0,0,0.6410479,1
-0.29215625,1.495366,-1.3662034,2.7769647,4.7480464,0.36205244,0.04403986,2.2813175,0.26766756,0.0,0.0,0.0,0.0,0.0,0.0,1.0,0.0,0.0,0.0,0.0,0.0,0.0,0.0,1,0.962505,1
-0.28917238,0.46864545,-1.1360338,2.7078838,1.2455244,0.36205244,-0.04880703,1.8945618,0.51144254,0.0,1.0,0.0,0.0,0.0,0.0,0.0,0.0,0.0,0.0,0.0,0.0,0.0,0.0,1,0.98108083,1
-0.28704956,1.495366,1.1656629,2.844396,0.37129802,0.03759675,0.10063128,-0.6193497,-0.84040046,0.0,0.0,0.0,0.0,0.0,0.0,0.0,0.0,1.0,0.0,0.0,0.0,0.0,0.0,0,0.84621364,1
-0.29366973,1.495366,-0.2728975,2.8847306,2.3222058,-0.28685895,0.0025325383,-0.42597193,-0.21988238,0.0,0.0,1.0,0.0,0.0,0.0,0.0,0.0,0.0,0.0,0.0,0.0,0.0,0.0,1,0.9558002,1
-0.29262653,1.3486917,0.8204084,2.541195,1.9691274,1.0109638,-0.032560844,-0.4904312,-0.21988238,0.0,0.0,0.0,0.0,0.0,0.0,0.0,0.0,0.0,0.0,0.0,0.0,0.0,1.0,1,0.92435706,1
0.4485137,1.495366,-0.6756944,2.225398,0.49615005,0.36205244,-0.037781507,-0.6193497,0.5557652,0.0,0.0,0.0,0.0,0.0,0.0,0.0,0.0,1.0,0.0,0.0,0.0,0.0,0.0,0,0.7671072,1
-0.29302725,-1.4381213,0.07235698,2.7309515,-0.25340128,-0.28685895,-0.039036036,0.025242949,0.33415163,0.0,0.0,0.0,1.0,0.0,0.0,0.0,0.0,0.0,0.0,0.0,0.0,0.0,0.0,0,0.55965483,1
-0.23394917,-1.5847957,-0.10027027,2.4345968,-0.47541678,-0.93577033,-0.049182117,-0.10367559,0.37847435,0.0,0.0,0.0,1.0,0.0,0.0,0.0,0.0,0.0,0.0,0.0,0.0,0.0,0.0,0,0.72131795,1
-0.29336172,-1.73147,-0.79077923,2.0373569,-0.29679638,-0.61131465,-0.047859542,0.21862076,1.0433152,0.0,0.0,0.0,1.0,0.0,0.0,0.0,0.0,0.0,0.0,0.0,0.0,0.0,0.0,0,0.546132,1
-0.29393467,-1.73147,-1.0209489,1.8490286,-0.3941129,0.36205244,-0.044085108,-0.2970534,1.2427675,0.0,0.0,0.0,1.0,0.0,0.0,0.0,0.0,0.0,0.0,0.0,0.0,0.0,0.0,0,0.65305465,1
-0.28258866,-1.2914469,-0.8483217,2.6304023,4.2343574,0.36205244,-0.045100898,-0.87718683,-0.7074323,0.0,0.0,0.0,0.0,1.0,0.0,0.0,0.0,0.0,0.0,0.0,0.0,0.0,0.0,0,0.951468,1
-0.2704677,1.495366,-0.2153551,1.9493589,-0.33889312,1.3354195,0.19220191,-0.55489045,0.84386295,0.0,0.0,0.0,0.0,0.0,0.0,0.0,0.0,0.0,0.0,0.0,0.0,1.0,0.0,0,0.669688,1
-0.29131177,1.3486917,0.76286596,2.8102946,4.1968784,-0.28685895,-0.047055904,0.79875416,-1.1063368,1.0,0.0,0.0,0.0,0.0,0.0,0.0,0.0,0.0,0.0,0.0,0.0,0.0,0.0,1,0.9969357,1
0.27270684,1.0553429,0.59023875,2.3456738,5.772905,0.03759675,-0.041509382,2.2813175,-0.2642051,0.0,0.0,0.0,0.0,0.0,0.0,1.0,0.0,0.0,0.0,0.0,0.0,0.0,0.0,1,0.992967,1
0.114415735,1.495366,-1.0784913,3.0462418,-0.24265303,1.0109638,-0.029812032,-0.8127276,1.9962537,0.0,0.0,0.0,0.0,0.0,0.0,0.0,0.0,0.0,0.0,1.0,0.0,0.0,0.0,0,0.5277091,1
-0.2858805,-1.8781444,-0.73323685,2.9454038,3.9687142,0.36205244,-0.010585422,0.7342949,-0.24204375,1.0,0.0,0.0,0.0,0.0,0.0,0.0,0.0,0.0,0.0,0.0,0.0,0.0,0.0,1,0.95941734,1
-0.28780463,1.3486917,-1.3662034,2.8641648,4.675035,-0.93577033,-0.04910369,0.28308,-0.7074323,1.0,0.0,0.0,0.0,0.0,0.0,0.0,0.0,0.0,0.0,0.0,0.0,0.0,0.0,1,0.9550824,1
4.053889,-1.8781444,-1.4812882,2.5351145,4.619632,1.0109638,0.1218607,0.6698356,-1.1949823,1.0,0.0,0.0,0.0,0.0,0.0,0.0,0.0,0.0,0.0,0.0,0.0,0.0,0.0,1,0.99035054,1
-0.2922821,-1.5847957,0.24498422,2.5289328,-0.22518462,1.0109638,-0.04029105,0.21862076,0.6222493,0.0,0.0,0.0,1.0,0.0,0.0,0.0,0.0,0.0,0.0,0.0,0.0,0.0,0.0,0,0.637037,1
-0.29173568,1.495366,-1.1935762,3.03267,4.596765,0.36205244,-0.03154543,1.5722654,1.8189628,0.0,0.0,0.0,0.0,0.0,0.0,1.0,0.0,0.0,0.0,0.0,0.0,0.0,0.0,0,0.9400097,1
-0.2804062,-1.4381213,0.64778113,2.6839628,1.4021194,0.03759675,0.09568787,2.3457766,0.046053946,0.0,1.0,0.0,0.0,0.0,0.0,0.0,0.0,0.0,0.0,0.0,0.0,0.0,0.0,1,0.9996357,1
-0.28602955,1.2020173,-1.1935762,1.8412719,5.964768,-0.28685895,-0.047992762,0.7342949,-0.57446414,1.0,0.0,0.0,0.0,0.0,0.0,0.0,0.0,0.0,0.0,0.0,0.0,0.0,0.0,0,0.95484084,1
-0.28884453,-1.5847957,0.41761148,1.9772627,1.6479406,0.03759675,-0.04885974,1.1855098,1.0876379,0.0,1.0,0.0,0.0,0.0,0.0,0.0,0.0,0.0,0.0,0.0,0.0,0.0,0.0,1,0.99960417,1
-0.28169116,1.495366,-0.618152,2.682797,6.523397,0.03759675,-0.04888527,0.6698356,0.15686075,0.0,0.0,0.0,0.0,0.0,0.0,0.0,1.0,0.0,0.0,0.0,0.0,0.0,0.0,0,0.8421944,1
-0.23320071,-1.8781444,0.07235698,2.4743843,-0.28742748,1.0109638,0.07204818,-0.8127276,-1.6160481,0.0,0.0,0.0,0.0,0.0,1.0,0.0,0.0,0.0,0.0,0.0,0.0,0.0,0.0,0,0.7422281,1
-0.2533129,-0.55807513,-0.79077923,1.8648399,5.8000793,0.6865081,-0.046239585,2.0234802,0.09037667,0.0,0.0,0.0,0.0,0.0,0.0,1.0,0.0,0.0,0.0,0.0,0.0,0.0,0.0,1,0.9863397,1
0.27816126,1.2020173,-0.5030672,2.8774557,5.644574,-0.28685895,-0.048377156,0.21862076,0.33415163,0.0,0.0,0.0,0.0,0.0,0.0,0.0,1.0,0.0,0.0,0.0,0.0,0.0,0.0,1,0.65008545,1
-0.28155538,1.495366,-1.4812882,1.855329,-0.64242435,0.36205244,0.054120265,-0.8127276,0.9768311,0.0,0.0,0.0,0.0,0.0,0.0,0.0,0.0,0.0,0.0,0.0,0.0,1.0,0.0,0,0.5949667,1
-0.29307693,-0.85142386,-0.5606096,2.2005427,3.775562,0.36205244,-0.0404454,-0.7482683,-0.21988238,0.0,0.0,0.0,0.0,1.0,0.0,0.0,0.0,0.0,0.0,0.0,0.0,0.0,0.0,1,0.8028183,1
-0.28871536,-1.1447725,-0.15781268,2.146204,-0.2720413,1.6598753,-0.013621727,0.15416148,1.6416719,0.0,0.0,0.0,1.0,0.0,0.0,0.0,0.0,0.0,0.0,0.0,0.0,0.0,0.0,0,0.55771506,1
-0.24911693,-1.4381213,-0.618152,1.7688956,5.1020355,0.36205244,-0.044067744,0.025242949,-0.75175506,1.0,0.0,0.0,0.0,0.0,0.0,0.0,0.0,0.0,0.0,0.0,0.0,0.0,0.0,0,0.9039254,1
0.017186455,-1.8781444,-0.6756944,1.9296482,-0.54266787,0.03759675,-0.04553657,-0.6193497,-1.4165958,0.0,0.0,0.0,0.0,0.0,1.0,0.0,0.0,0.0,0.0,0.0,0.0,0.0,0.0,0,0.510429,1
-0.2846585,-1.4381213,-1.4812882,2.199451,-0.2978945,0.03759675,-0.048061136,-0.10367559,1.3092515,0.0,0.0,0.0,1.0,0.0,0.0,0.0,0.0,0.0,0.0,0.0,0.0,0.0,0.0,0,0.51263434,1
0.27816126,1.495366,-0.5030672,2.8778229,3.1932712,0.03759675,-0.01914951,-0.7482683,-0.19772102,0.0,0.0,1.0,0.0,0.0,0.0,0.0,0.0,0.0,0.0,0.0,0.0,0.0,0.0,1,0.96245855,1
-0.25690612,1.495366,-0.2153551,2.7903292,4.771757,-0.28685895,0.17112686,2.0879395,-0.50798005,0.0,0.0,0.0,0.0,0.0,0.0,1.0,0.0,0.0,0.0,0.0,0.0,0.0,0.0,1,0.9743584,1
-0.29366973,-1.5847957,-0.2728975,2.1184042,-0.33251294,-0.28685895,-0.033281293,-0.2970534,1.3757355,0.0,0.0,0.0,1.0,0.0,0.0,0.0,0.0,0.0,0.0,0.0,0.0,0.0,0.0,0,0.63291955,1
-0.28876173,-1.8781444,1.1656629,2.3264272,1.571319,0.36205244,0.010530945,1.1855098,0.60008794,0.0,1.0,0.0,0.0,0.0,0.0,0.0,0.0,0.0,0.0,0.0,0.0,0.0,0.0,1,0.9996675,1
-0.29244438,-1.8781444,0.41761148,2.1718578,1.8216685,0.03759675,-0.010639627,1.5722654,0.8881856,0.0,1.0,0.0,0.0,0.0,0.0,0.0,0.0,0.0,0.0,0.0,0.0,0.0,0.0,1,0.9995047,1
-0.17726217,-1.8781444,-0.10027027,2.5887594,3.9793594,0.03759675,-0.046803158,0.41199857,-1.1728209,1.0,0.0,0.0,0.0,0.0,0.0,0.0,0.0,0.0,0.0,0.0,0.0,0.0,0.0,1,0.9307028,1
-0.29307693,-1.5847957,-0.5606096,2.1925569,4.3036857,2.3087866,-0.026857737,-0.7482683,-0.064752854,0.0,0.0,0.0,0.0,1.0,0.0,0.0,0.0,0.0,0.0,0.0,0.0,0.0,0.0,1,0.9794989,1
-0.29300407,1.3486917,1.050578,2.7429678,1.7308552,1.3354195,0.03371021,2.2813175,0.42279708,0.0,1.0,0.0,0.0,0.0,0.0,0.0,0.0,0.0,0.0,0.0,0.0,0.0,0.0,1,0.99955493,1
-0.28338346,0.9086686,-0.2728975,1.7936052,4.296474,-0.93577033,0.020256218,0.47645783,0.9546697,0.0,0.0,0.0,0.0,0.0,0.0,0.0,1.0,0.0,0.0,0.0,0.0,0.0,0.0,0,0.57495916,1
-0.2804062,1.3486917,0.64778113,2.6824975,3.9806418,-0.61131465,-0.046420243,0.7342949,-1.1063368,1.0,0.0,0.0,0.0,0.0,0.0,0.0,0.0,0.0,0.0,0.0,0.0,0.0,0.0,1,0.99406636,1
-0.28721845,-1.8781444,-0.79077923,2.4274535,-0.30429617,-0.28685895,-0.041066267,-0.2970534,0.51144254,0.0,0.0,0.0,1.0,0.0,0.0,0.0,0.0,0.0,0.0,0.0,0.0,0.0,0.0,0,0.5378146,1
0.6023637,1.495366,0.07235698,2.4541624,0.45166466,0.03759675,-0.027428959,-0.7482683,-0.35285056,0.0,0.0,0.0,0.0,0.0,0.0,0.0,0.0,1.0,0.0,0.0,0.0,0.0,0.0,0,0.7862909,1
-0.28477108,-1.73147,-0.6756944,2.299772,4.6913567,-0.93577033,-0.041648846,0.7342949,-0.84040046,1.0,0.0,0.0,0.0,0.0,0.0,0.0,0.0,0.0,0.0,0.0,0.0,0.0,0.0,1,0.9779168,1
2.1999588,-1.5847957,0.1298994,2.2529511,1.1536617,-0.93577033,-0.049250484,1.5722654,0.910347,0.0,1.0,0.0,0.0,0.0,0.0,0.0,0.0,0.0,0.0,0.0,0.0,0.0,0.0,0,0.89242846,1
-0.27690572,1.495366,-0.79077923,2.608778,-0.3472722,0.6865081,0.177943,-0.55489045,-0.2642051,0.0,0.0,0.0,0.0,0.0,0.0,0.0,0.0,0.0,1.0,0.0,0.0,0.0,0.0,0,0.5645534,1
-0.27522334,1.495366,-1.1935762,2.0502026,1.3822849,0.03759675,-0.047581,-0.36151266,1.4200583,0.0,0.0,0.0,0.0,0.0,0.0,0.0,0.0,0.0,0.0,0.0,0.0,0.0,1.0,1,0.9213345,1
-0.2917721,-1.73147,-0.9634065,2.6361687,-0.31794196,-1.260226,-0.048280623,-0.03921632,0.5779266,0.0,0.0,0.0,1.0,0.0,0.0,0.0,0.0,0.0,0.0,0.0,0.0,0.0,0.0,0,0.53835773,1
-0.27690572,1.3486917,-0.79077923,1.9087639,4.799074,-0.28685895,-0.048460186,0.7342949,0.99899244,0.0,0.0,0.0,0.0,0.0,0.0,0.0,1.0,0.0,0.0,0.0,0.0,0.0,0.0,1,0.87355864,1
-0.29223904,1.3486917,0.36006907,1.9020996,0.24749753,-0.28685895,0.41890985,-0.8127276,-0.020430136,0.0,0.0,0.0,0.0,0.0,0.0,0.0,0.0,1.0,0.0,0.0,0.0,0.0,0.0,0,0.8429613,1
-0.2917721,-1.4381213,-0.9634065,2.2735033,4.4962826,0.36205244,-0.024134196,0.60537636,-0.6631096,1.0,0.0,0.0,0.0,0.0,0.0,0.0,0.0,0.0,0.0,0.0,0.0,0.0,0.0,1,0.95687157,1
-0.12581103,1.495366,-0.73323685,2.763562,-0.23072988,1.6598753,0.16455273,-0.55489045,-0.2642051,0.0,0.0,0.0,0.0,0.0,0.0,0.0,0.0,0.0,1.0,0.0,0.0,0.0,0.0,0,0.56135696,1
-0.28984466,-1.73147,0.18744181,2.7909784,-0.3166161,-1.260226,-0.049663484,0.15416148,0.40063572,0.0,0.0,0.0,1.0,0.0,0.0,0.0,0.0,0.0,0.0,0.0,0.0,0.0,0.0,0,0.6855305,1
1.0625097,-1.8781444,-0.6756944,2.7974565,-0.34257683,-0.28685895,-0.047220528,0.15416148,0.7552175,0.0,0.0,0.0,1.0,0.0,0.0,0.0,0.0,0.0,0.0,0.0,0.0,0.0,0.0,0,0.7757237,1
-0.1269569,1.495366,-0.618152,3.012623,-0.28293866,0.6865081,-0.008183335,-0.55489045,1.5973492,0.0,0.0,0.0,0.0,0.0,0.0,0.0,0.0,0.0,1.0,0.0,0.0,0.0,0.0,0,0.5545737,1
-0.29204035,-1.8781444,-1.1360338,2.3668466,-0.27322903,-0.93577033,-0.046532314,0.025242949,0.71089476,0.0,0.0,0.0,1.0,0.0,0.0,0.0,0.0,0.0,0.0,0.0,0.0,0.0,0.0,0,0.55865586,1
-0.23203498,1.3486917,2.3165112,2.6285934,0.33043206,0.03759675,-0.048144225,-0.6193497,-0.5523028,0.0,0.0,0.0,0.0,0.0,0.0,0.0,0.0,1.0,0.0,0.0,0.0,0.0,0.0,0,0.5146272,1
-0.29381874,1.495366,-0.9058641,2.6156237,1.1369283,-0.93577033,0.17254183,-0.7482683,0.0017312241,0.0,0.0,0.0,0.0,0.0,0.0,0.0,0.0,0.0,0.0,0.0,0.0,0.0,1.0,0,0.74854136,1
1.44686,1.3486917,-1.0784913,2.2923892,4.593035,0.6865081,-0.03947349,0.7342949,0.37847435,0.0,0.0,0.0,0.0,0.0,0.0,1.0,0.0,0.0,0.0,0.0,0.0,0.0,0.0,0,0.7056715,1
-0.2770713,-0.70474946,-1.1360338,3.0285704,4.2570195,1.3354195,-0.033443257,0.7342949,0.2455062,1.0,0.0,0.0,0.0,0.0,0.0,0.0,0.0,0.0,0.0,0.0,0.0,0.0,0.0,0,0.85919774,1
-0.17726217,-1.5847957,-0.10027027,2.589461,1.5061393,0.6865081,-0.005718589,2.2813175,0.023892585,0.0,1.0,0.0,0.0,0.0,0.0,0.0,0.0,0.0,0.0,0.0,0.0,0.0,0.0,1,0.99887794,1
-0.29039112,1.3486917,1.2807478,2.9112632,5.1074634,0.03759675,-0.024669176,0.15416148,0.7995402,0.0,0.0,0.0,0.0,0.0,0.0,0.0,1.0,0.0,0.0,0.0,0.0,0.0,0.0,1,0.99820876,1
-0.2938353,1.3486917,0.4751539,2.5479412,5.481099,1.6598753,-0.0481576,-0.16813485,-1.5938867,1.0,0.0,0.0,0.0,0.0,0.0,0.0,0.0,0.0,0.0,0.0,0.0,0.0,0.0,1,0.98893577,1
-0.29269606,1.495366,1.5109174,3.0394075,1.074726,-0.93577033,-0.048104912,-0.7482683,1.2649288,0.0,0.0,0.0,0.0,0.0,0.0,0.0,0.0,1.0,0.0,0.0,0.0,0.0,0.0,0,0.5113091,1
-0.27901196,1.3486917,-1.0209489,1.9153763,-0.52183086,1.0109638,0.13364771,-0.6193497,0.13469939,0.0,0.0,0.0,0.0,0.0,0.0,0.0,0.0,0.0,1.0,0.0,0.0,0.0,0.0,0,0.56408244,1
-0.28958303,1.495366,0.41761148,2.8980746,-0.16201945,2.3087866,0.0909282,-0.55489045,1.2649288,0.0,0.0,0.0,0.0,0.0,0.0,0.0,0.0,0.0,0.0,0.0,0.0,1.0,0.0,0,0.61947775,1
-0.2819495,-1.8781444,0.014814562,2.6224527,-0.2711003,0.03759675,-0.04092529,0.08970222,0.71089476,0.0,0.0,0.0,1.0,0.0,0.0,0.0,0.0,0.0,0.0,0.0,0.0,0.0,0.0,0,0.66625404,1
-0.2932657,1.3486917,0.07235698,3.012202,3.7209253,-0.28685895,-0.048216976,0.21862076,0.20118347,1.0,0.0,0.0,0.0,0.0,0.0,0.0,0.0,0.0,0.0,0.0,0.0,0.0,0.0,0,0.9575016,1
1.44686,1.2020173,-1.0784913,1.7737883,6.0358367,0.03759675,-0.045771018,2.410236,-0.2642051,0.0,0.0,0.0,0.0,0.0,0.0,1.0,0.0,0.0,0.0,0.0,0.0,0.0,0.0,0,0.9393178,1
-0.29350746,-1.4381213,0.8204084,2.3610692,-0.32813528,0.03759675,-0.016589858,0.21862076,0.7552175,0.0,0.0,0.0,1.0,0.0,0.0,0.0,0.0,0.0,0.0,0.0,0.0,0.0,0.0,0,0.8542403,1
-0.28157857,1.495366,0.30252665,2.4003165,2.4584582,0.6865081,-0.010137489,-0.683809,0.112538025,0.0,0.0,1.0,0.0,0.0,0.0,0.0,0.0,0.0,0.0,0.0,0.0,0.0,0.0,1,0.9880484,1
-0.23094212,1.495366,2.546681,2.0639083,5.9796515,-0.28685895,-0.02166502,0.6698356,0.15686075,0.0,0.0,0.0,0.0,0.0,0.0,0.0,1.0,0.0,0.0,0.0,0.0,0.0,0.0,1,0.99889463,1
-0.2533129,-1.2914469,-0.79077923,2.3881629,-0.25719327,-0.61131465,-0.00037846554,0.21862076,0.51144254,0.0,0.0,0.0,1.0,0.0,0.0,0.0,0.0,0.0,0.0,0.0,0.0,0.0,0.0,0,0.50931597,1
-0.28932473,-1.2914469,2.2014263,1.8163054,-0.5056311,0.03759675,-0.047431428,0.025242949,1.1319606,0.0,0.0,0.0,1.0,0.0,0.0,0.0,0.0,0.0,0.0,0.0,0.0,0.0,0.0,0,0.68039584,1
-0.114378914,0.028622357,0.07235698,2.9759922,6.068437,1.3354195,-0.04881314,2.410236,1.6195105,0.0,0.0,0.0,0.0,0.0,0.0,1.0,0.0,0.0,0.0,0.0,0.0,0.0,0.0,0,0.8915623,1
-0.2755479,1.0553429,0.014814562,1.7735407,0.33851126,0.6865081,-0.04584711,-0.6193497,0.26766756,0.0,0.0,0.0,0.0,0.0,0.0,0.0,0.0,1.0,0.0,0.0,0.0,0.0,0.0,0,0.50313216,1
-0.29018578,-1.1447725,-0.33043993,2.5028722,-0.71512836,-0.93577033,-0.04702626,-0.16813485,0.7330561,0.0,0.0,0.0,1.0,0.0,0.0,0.0,0.0,0.0,0.0,0.0,0.0,0.0,0.0,0,0.59264964,1
-0.28580767,1.495366,-0.8483217,2.9989479,0.58844906,0.03759675,-0.037968908,-0.9416461,1.1762834,0.0,0.0,0.0,0.0,0.0,0.0,0.0,0.0,1.0,0.0,0.0,0.0,0.0,0.0,0,0.6365979,1
-0.28169116,1.3486917,-0.618152,1.8482357,5.1777864,0.36205244,-0.048930798,1.3788877,0.31199026,0.0,0.0,0.0,0.0,0.0,0.0,1.0,0.0,0.0,0.0,0.0,0.0,0.0,0.0,1,0.9533317,1
7.600726,1.495366,0.8204084,2.3396094,0.78918844,-0.93577033,-0.04448806,-0.4904312,0.64441067,0.0,0.0,0.0,0.0,0.0,0.0,0.0,0.0,0.0,0.0,0.0,0.0,0.0,1.0,0,0.7608173,1
0.25411472,-1.73147,-1.3662034,2.5623038,-0.34118897,1.9843309,-0.03830206,-0.10367559,0.2455062,0.0,0.0,0.0,1.0,0.0,0.0,0.0,0.0,0.0,0.0,0.0,0.0,0.0,0.0,0,0.726332,1
-0.28388354,-1.73147,-0.44552475,3.0198534,-0.2999964,-0.93577033,-0.043351617,0.15416148,3.0156763,0.0,0.0,0.0,1.0,0.0,0.0,0.0,0.0,0.0,0.0,0.0,0.0,0.0,0.0,0,0.6058419,1
-0.29122233,-1.8781444,-0.8483217,2.9253876,4.167787,1.6598753,-0.009156241,0.47645783,1.2427675,0.0,0.0,0.0,0.0,0.0,0.0,0.0,1.0,0.0,0.0,0.0,0.0,0.0,0.0,1,0.9986908,1
-0.28856966,1.3486917,-1.3662034,2.6086087,4.9877744,1.9843309,-0.005725827,2.2813175,-0.19772102,0.0,0.0,0.0,0.0,0.0,0.0,1.0,0.0,0.0,0.0,0.0,0.0,0.0,0.0,1,0.9368426,1
-0.29160982,-1.4381213,0.07235698,2.6030657,-0.7359909,-0.93577033,-0.04701056,0.41199857,0.60008794,0.0,0.0,0.0,1.0,0.0,0.0,0.0,0.0,0.0,0.0,0.0,0.0,0.0,0.0,0,0.7138361,1
-0.18979378,-1.5847957,0.1298994,2.3674343,-0.30952072,0.6865081,0.01731095,-0.03921632,1.1762834,0.0,0.0,0.0,1.0,0.0,0.0,0.0,0.0,0.0,0.0,0.0,0.0,0.0,0.0,0,0.8954946,1
-0.2916297,1.0553429,0.07235698,1.9553195,0.4945918,1.0109638,-0.04027557,-0.7482683,-0.1533983,0.0,0.0,0.0,0.0,0.0,0.0,0.0,0.0,1.0,0.0,0.0,0.0,0.0,0.0,0,0.53223693,1
-0.29249406,0.61531985,-0.38798234,2.8560753,4.5900445,0.6865081,-0.042953733,0.41199857,-0.8182391,1.0,0.0,0.0,0.0,0.0,0.0,0.0,0.0,0.0,0.0,0.0,0.0,0.0,0.0,0,0.91430193,1
-0.29336503,-1.73147,-0.38798234,2.1181612,5.0764613,-0.28685895,-0.039468717,1.8301024,0.20118347,0.0,0.0,0.0,0.0,0.0,0.0,1.0,0.0,0.0,0.0,0.0,0.0,0.0,0.0,1,0.99798536,1
-0.2862945,-1.4381213,0.014814562,2.1592174,1.7696673,0.03759675,0.37237957,2.3457766,0.93250835,0.0,1.0,0.0,0.0,0.0,0.0,0.0,0.0,0.0,0.0,0.0,0.0,0.0,0.0,1,0.9995907,1
-0.19898717,1.495366,-1.4812882,2.8309157,4.2433987,-0.61131465,-0.045883372,-0.03921632,0.20118347,0.0,0.0,0.0,0.0,0.0,0.0,0.0,1.0,0.0,0.0,0.0,0.0,0.0,0.0,0,0.8562242,1
-0.2934445,-1.5847957,-0.9634065,2.9798088,4.415648,1.0109638,-0.003478084,0.7342949,0.112538025,1.0,0.0,0.0,0.0,0.0,0.0,0.0,0.0,0.0,0.0,0.0,0.0,0.0,0.0,0,0.9654368,1
-0.29258016,-1.4381213,0.76286596,2.4752266,-0.2108751,1.0109638,-0.03806394,-0.9416461,-1.8598231,0.0,0.0,0.0,0.0,0.0,1.0,0.0,0.0,0.0,0.0,0.0,0.0,0.0,0.0,0,0.5008809,1
-0.27789262,-1.5847957,0.41761148,1.8089058,-0.26118788,-0.28685895,-0.015499972,0.025242949,2.3729968,0.0,0.0,0.0,1.0,0.0,0.0,0.0,0.0,0.0,0.0,0.0,0.0,0.0,0.0,0,0.639214,1
-0.24704377,-1.4381213,0.1298994,2.9058976,4.451572,-0.61131465,-0.039411627,0.21862076,0.8881856,0.0,0.0,0.0,0.0,0.0,0.0,0.0,1.0,0.0,0.0,0.0,0.0,0.0,0.0,1,0.77072227,1
-0.28831464,-1.73147,-0.15781268,2.0913045,5.1334934,0.36205244,-0.02361097,0.28308,0.9546697,0.0,0.0,0.0,0.0,0.0,0.0,0.0,1.0,0.0,0.0,0.0,0.0,0.0,0.0,1,0.99628973,1
-0.29316303,1.495366,-0.9634065,2.2116807,5.6180043,0.03759675,-0.04661673,0.47645783,1.3757355,0.0,0.0,0.0,0.0,0.0,0.0,0.0,1.0,0.0,0.0,0.0,0.0,0.0,0.0,0,0.9123429,1
-0.2533129,0.61531985,-0.79077923,2.257159,4.723668,-0.28685895,-0.045352865,0.41199857,1.1319606,0.0,0.0,0.0,0.0,0.0,0.0,0.0,1.0,0.0,0.0,0.0,0.0,0.0,0.0,0,0.67086214,1
-0.2891194,-0.9980982,-0.618152,2.018586,6.254524,1.0109638,-0.047159202,0.21862076,-0.97336864,1.0,0.0,0.0,0.0,0.0,0.0,0.0,0.0,0.0,0.0,0.0,0.0,0.0,0.0,0,0.6095533,1
-0.29312328,1.495366,-1.6539155,2.4405198,0.04588772,0.03759675,-0.021600312,-0.8127276,-1.7268549,0.0,0.0,0.0,0.0,0.0,0.0,0.0,0.0,0.0,0.0,0.0,1.0,0.0,0.0,1,0.5109758,1
-0.28856632,-1.8781444,-0.10027027,1.909264,-0.4766024,-0.61131465,-0.045027293,0.6698356,1.6195105,0.0,0.0,0.0,1.0,0.0,0.0,0.0,0.0,0.0,0.0,0.0,0.0,0.0,0.0,1,0.8399375,1
-0.2917721,1.3486917,-0.9634065,2.2788,2.5790653,1.6598753,0.04544862,-0.6193497,-0.2642051,0.0,0.0,1.0,0.0,0.0,0.0,0.0,0.0,0.0,0.0,0.0,0.0,0.0,0.0,1,0.9627989,1
-0.29041758,-1.2914469,0.8204084,2.798489,-0.27816886,0.36205244,0.0005812245,0.025242949,0.6887334,0.0,0.0,0.0,1.0,0.0,0.0,0.0,0.0,0.0,0.0,0.0,0.0,0.0,0.0,0,0.8336679,1
0.2085088,-1.73147,-0.042727854,3.0400486,-0.2880485,-0.93577033,-0.04857772,-0.23259413,4.035099,0.0,0.0,0.0,1.0,0.0,0.0,0.0,0.0,0.0,0.0,0.0,0.0,0.0,0.0,0,0.6053938,1
-0.09630676,1.495366,-0.618152,2.4810014,-0.4856687,0.6865081,0.08501993,-0.55489045,-0.24204375,0.0,0.0,0.0,0.0,0.0,0.0,0.0,0.0,0.0,1.0,0.0,0.0,0.0,0.0,0,0.525557,1
-0.057920426,-1.8781444,-1.1935762,1.7611926,3.942085,0.6865081,0.052657515,0.6698356,-1.1506596,1.0,0.0,0.0,0.0,0.0,0.0,0.0,0.0,0.0,0.0,0.0,0.0,0.0,0.0,1,0.9705278,1
-0.2868012,1.3486917,-0.73323685,2.8371449,1.3408014,1.0109638,-0.04832904,1.7011839,0.28982893,0.0,1.0,0.0,0.0,0.0,0.0,0.0,0.0,0.0,0.0,0.0,0.0,0.0,0.0,1,0.99509984,1
-0.2178442,-1.8781444,0.8779508,2.5822484,-0.25354892,-0.93577033,-0.045671538,0.60537636,0.13469939,0.0,0.0,0.0,1.0,0.0,0.0,0.0,0.0,0.0,0.0,0.0,0.0,0.0,0.0,0,0.69927686,1
-0.29130515,1.495366,0.07235698,1.8754625,0.59377086,0.36205244,-0.044721205,-0.6193497,-0.064752854,0.0,0.0,0.0,0.0,0.0,0.0,0.0,0.0,1.0,0.0,0.0,0.0,0.0,0.0,0,0.66103977,1
-0.28465188,0.7619942,-0.79077923,2.9909317,5.581145,2.957698,0.13460808,0.6698356,1.5087037,0.0,0.0,0.0,0.0,0.0,0.0,0.0,1.0,0.0,0.0,0.0,0.0,0.0,0.0,0,0.51831126,1
-0.28391004,-1.73147,-0.10027027,2.104666,1.404687,0.36205244,-0.036115382,1.8945618,1.1762834,0.0,1.0,0.0,0.0,0.0,0.0,0.0,0.0,0.0,0.0,0.0,0.0,0.0,0.0,1,0.9984596,1
0.20598195,1.3486917,1.9712567,2.6153722,0.74444973,-0.28685895,-0.041481074,-0.87718683,-0.30852783,0.0,0.0,0.0,0.0,0.0,0.0,0.0,0.0,1.0,0.0,0.0,0.0,0.0,0.0,0,0.7192678,1
-0.2916297,-0.9980982,0.07235698,2.1129057,4.3583546,0.6865081,-0.04702503,0.6698356,-0.5523028,1.0,0.0,0.0,0.0,0.0,0.0,0.0,0.0,0.0,0.0,0.0,0.0,0.0,0.0,0,0.85040176,1
-0.28944063,-1.8781444,0.93549323,2.9320865,1.6641413,1.0109638,-0.037628196,1.3144283,1.6195105,0.0,1.0,0.0,0.0,0.0,0.0,0.0,0.0,0.0,0.0,0.0,0.0,0.0,0.0,1,0.99956757,1
-0.261069,1.495366,0.64778113,2.6088462,6.6084485,0.36205244,-0.027948445,1.5722654,-0.64094824,0.0,0.0,0.0,0.0,0.0,0.0,1.0,0.0,0.0,0.0,0.0,0.0,0.0,0.0,1,0.99636817,1
-0.28921875,-1.73147,-0.6756944,2.925705,5.669272,1.3354195,-0.047721464,1.8301024,1.1319606,0.0,0.0,0.0,0.0,0.0,0.0,1.0,0.0,0.0,0.0,0.0,0.0,0.0,0.0,1,0.9974765,1
-0.29244438,-1.8781444,0.41761148,2.084282,-0.31244135,-0.28685895,-0.045227937,-0.2970534,1.2427675,0.0,0.0,0.0,1.0,0.0,0.0,0.0,0.0,0.0,0.0,0.0,0.0,0.0,0.0,0,0.7597755,1
-0.28157857,1.495366,0.30252665,2.3936088,6.2240252,0.6865081,1.1015211,0.6698356,0.60008794,0.0,0.0,0.0,0.0,0.0,0.0,0.0,1.0,0.0,0.0,0.0,0.0,0.0,0.0,1,0.9833747,1
-0.29025865,-1.4381213,1.050578,2.852263,-0.4393093,-0.61131465,-0.0418847,0.21862076,0.5336039,0.0,0.0,0.0,1.0,0.0,0.0,0.0,0.0,0.0,0.0,0.0,0.0,0.0,0.0,0,0.7650062,1
-0.2939181,1.3486917,1.6835446,2.500958,4.9380274,-0.61131465,-0.03980735,0.60537636,-1.5052413,1.0,0.0,0.0,0.0,0.0,0.0,0.0,0.0,0.0,0.0,0.0,0.0,0.0,0.0,1,0.99838483,1
0.09000161,0.17529672,-1.1360338,2.384256,6.542026,-0.28685895,-0.047495965,1.7656432,-0.13123694,0.0,0.0,0.0,0.0,0.0,0.0,1.0,0.0,0.0,0.0,0.0,0.0,0.0,0.0,1,0.77068776,1
-0.27915108,-1.2914469,0.24498422,2.018174,-0.41978982,-0.28685895,-0.04026883,-0.10367559,1.7968014,0.0,0.0,0.0,1.0,0.0,0.0,0.0,0.0,0.0,0.0,0.0,0.0,0.0,0.0,0,0.7294489,1
-0.28823847,-1.8781444,-0.5030672,2.0706797,4.1749773,0.6865081,-0.0028960314,-0.36151266,-0.2642051,0.0,0.0,0.0,0.0,1.0,0.0,0.0,0.0,0.0,0.0,0.0,0.0,0.0,0.0,1,0.99241865,1
-0.26955697,1.495366,1.050578,2.8173256,6.1709023,1.3354195,0.007052848,0.60537636,0.28982893,0.0,0.0,0.0,0.0,0.0,0.0,0.0,1.0,0.0,0.0,0.0,0.0,0.0,0.0,1,0.99603313,1
0.33589146,0.9086686,-0.15781268,2.607783,5.055034,0.03759675,-0.038657956,0.15416148,0.0682153,0.0,0.0,0.0,0.0,0.0,0.0,0.0,1.0,0.0,0.0,0.0,0.0,0.0,0.0,0,0.67622316,1
-0.27009347,1.495366,-0.8483217,2.8376188,0.6613613,0.03759675,5.9555764,-0.42597193,1.2427675,0.0,0.0,0.0,0.0,0.0,0.0,0.0,0.0,0.0,1.0,0.0,0.0,0.0,0.0,0,0.78716683,1
-0.2891823,-0.41140074,-1.1360338,2.0196738,1.2450104,0.6865081,-0.047250964,2.3457766,0.44495845,0.0,1.0,0.0,0.0,0.0,0.0,0.0,0.0,0.0,0.0,0.0,0.0,0.0,0.0,1,0.9752201,1
-0.24491434,1.3486917,-0.042727854,2.231681,-0.42964098,0.03759675,0.15260956,-0.55489045,0.84386295,0.0,0.0,0.0,0.0,0.0,0.0,0.0,0.0,0.0,0.0,0.0,0.0,1.0,0.0,0,0.5116744,1
0.33565632,-1.4381213,0.8204084,1.8899655,-0.44260707,-0.61131465,-0.016553717,0.6698356,1.4865423,0.0,0.0,0.0,1.0,0.0,0.0,0.0,0.0,0.0,0.0,0.0,0.0,0.0,0.0,0,0.8294733,1
0.055682085,-1.2914469,-0.73323685,1.7625557,5.422473,0.36205244,-0.033582117,1.6367247,2.6167717,0.0,0.0,0.0,0.0,0.0,0.0,1.0,0.0,0.0,0.0,0.0,0.0,0.0,0.0,1,0.9954852,1
-0.23320071,0.9086686,0.07235698,2.9239445,6.3445992,0.36205244,-0.046321698,0.992132,1.5087037,0.0,0.0,0.0,0.0,0.0,0.0,0.0,1.0,0.0,0.0,0.0,0.0,0.0,0.0,0,0.6767768,1
-0.17864317,-1.73147,0.1298994,2.447799,-0.6225186,-0.93577033,-0.04550066,-0.7482683,-1.6825322,0.0,0.0,0.0,0.0,0.0,1.0,0.0,0.0,0.0,0.0,0.0,0.0,0.0,0.0,0,0.5276985,1
-0.28598318,-1.73147,0.30252665,2.407412,-0.26864082,-0.61131465,-0.045573257,-0.03921632,0.46711978,0.0,0.0,0.0,1.0,0.0,0.0,0.0,0.0,0.0,0.0,0.0,0.0,0.0,0.0,0,0.66931397,1
2.4803834,-1.8781444,2.143884,2.6023924,0.07076477,0.36205244,-0.024959253,0.21862076,0.33415163,0.0,0.0,0.0,1.0,0.0,0.0,0.0,0.0,0.0,0.0,0.0,0.0,0.0,0.0,1,0.5308234,1
-0.19226103,1.2020173,-1.1360338,2.6552613,7.13713,0.03759675,-0.042757366,1.249969,-0.6631096,0.0,0.0,0.0,0.0,0.0,0.0,1.0,0.0,0.0,0.0,0.0,0.0,0.0,0.0,0,0.8819423,1
-0.27462062,1.495366,0.07235698,2.9721296,-0.24351348,3.2821536,0.25633463,-0.55489045,2.018415,0.0,0.0,0.0,0.0,0.0,0.0,0.0,0.0,0.0,0.0,0.0,0.0,1.0,0.0,0,0.54603374,1
-0.2715076,-0.70474946,-1.4812882,2.0461426,1.5869385,3.6066093,-0.04882267,2.0879395,1.3092515,0.0,1.0,0.0,0.0,0.0,0.0,0.0,0.0,0.0,0.0,0.0,0.0,0.0,0.0,1,0.9979006,1
-0.2891194,1.495366,-0.618152,2.8645425,-0.21818163,1.6598753,0.13691472,-0.87718683,-0.41933462,0.0,0.0,0.0,0.0,0.0,0.0,0.0,0.0,0.0,0.0,1.0,0.0,0.0,0.0,0,0.6406435,1
-0.28833452,1.3486917,0.07235698,2.3864202,-0.30186906,0.36205244,0.17009905,-0.683809,0.0017312241,0.0,0.0,0.0,0.0,0.0,0.0,0.0,0.0,0.0,0.0,1.0,0.0,0.0,0.0,0,0.65087074,1
0.69763577,-1.8781444,-0.6756944,1.9495848,5.6622844,-0.61131465,0.32953748,1.7656432,0.6222493,0.0,0.0,0.0,0.0,0.0,0.0,1.0,0.0,0.0,0.0,0.0,0.0,0.0,0.0,1,0.99893063,1
-0.28977844,1.495366,2.7193081,2.2522738,4.1283627,-0.93577033,-0.048110794,0.47645783,-0.50798005,1.0,0.0,0.0,0.0,0.0,0.0,0.0,0.0,0.0,0.0,0.0,0.0,0.0,0.0,1,0.9949681,1
-0.29176217,-1.4381213,0.07235698,2.394632,1.7831464,0.6865081,-0.03795363,1.959021,0.48928115,0.0,1.0,0.0,0.0,0.0,0.0,0.0,0.0,0.0,0.0,0.0,0.0,0.0,0.0,1,0.9993554,1
-0.27273956,1.495366,-0.33043993,2.467593,0.23872198,1.6598753,0.17491941,-0.6193497,-0.6631096,0.0,0.0,0.0,0.0,0.0,0.0,0.0,0.0,1.0,0.0,0.0,0.0,0.0,0.0,0,0.8024779,1
-0.27990285,-1.4381213,-0.9058641,2.8251872,1.5172237,0.6865081,-0.047111005,1.249969,-0.020430136,0.0,1.0,0.0,0.0,0.0,0.0,0.0,0.0,0.0,0.0,0.0,0.0,0.0,0.0,1,0.9970956,1
-0.28073075,-1.8781444,-0.9634065,2.4005046,0.16040777,0.03759675,-0.04916956,-0.7482683,-0.5301414,0.0,0.0,0.0,0.0,0.0,0.0,0.0,0.0,1.0,0.0,0.0,0.0,0.0,0.0,1,0.9942789,1
-0.22162952,-1.5847957,-0.38798234,1.9972839,-0.24612668,1.6598753,0.12860292,-0.2970534,1.5308651,0.0,0.0,0.0,1.0,0.0,0.0,0.0,0.0,0.0,0.0,0.0,0.0,0.0,0.0,0,0.53518826,1
-0.29039112,-1.8781444,1.2807478,2.8985243,1.8455949,2.957698,-0.04825471,2.8614507,1.3535743,0.0,1.0,0.0,0.0,0.0,0.0,0.0,0.0,0.0,0.0,0.0,0.0,0.0,0.0,1,0.9994425,1
-0.28922868,1.2020173,-1.0209489,1.9419957,-0.32566407,0.03759675,0.84679717,-0.23259413,-1.5717254,0.0,0.0,0.0,0.0,0.0,0.0,0.0,0.0,0.0,0.0,0.0,1.0,0.0,0.0,0,0.52007586,1
-0.23094212,-0.41140074,2.546681,2.0602825,1.4881691,-0.28685895,-0.046784572,2.2813175,0.66657203,0.0,1.0,0.0,0.0,0.0,0.0,0.0,0.0,0.0,0.0,0.0,0.0,0.0,0.0,1,0.99925727,1
-0.29160982,-1.73147,0.07235698,2.716973,-0.70925194,-0.61131465,-0.046884663,0.15416148,0.51144254,0.0,0.0,0.0,1.0,0.0,0.0,0.0,0.0,0.0,0.0,0.0,0.0,0.0,0.0,0,0.8184023,1
-0.2893744,1.3486917,-0.2728975,1.9423139,5.6560473,-0.93577033,-0.03975439,2.2168581,-0.064752854,0.0,0.0,0.0,0.0,0.0,0.0,1.0,0.0,0.0,0.0,0.0,0.0,0.0,0.0,1,0.9560533,1
0.051568907,-1.73147,1.3382901,3.0063076,-0.38905004,-0.93577033,-0.048245184,0.60537636,2.8605468,0.0,0.0,0.0,1.0,0.0,0.0,0.0,0.0,0.0,0.0,0.0,0.0,0.0,0.0,0,0.7669586,1
-0.25688627,-1.5847957,0.07235698,2.91904,1.5619705,0.36205244,0.059227947,2.0879395,1.1984447,0.0,1.0,0.0,0.0,0.0,0.0,0.0,0.0,0.0,0.0,0.0,0.0,0.0,0.0,1,0.9993081,1
-0.28917238,1.3486917,-1.1360338,2.702679,5.8332934,0.36205244,-0.044028547,1.5722654,-0.46365735,0.0,0.0,0.0,0.0,0.0,0.0,1.0,0.0,0.0,0.0,0.0,0.0,0.0,0.0,1,0.9705519,1
-0.26884162,1.3486917,-0.8483217,2.7633328,5.8993945,1.6598753,-0.039164867,-0.2970534,0.33415163,0.0,0.0,0.0,0.0,0.0,0.0,0.0,1.0,0.0,0.0,0.0,0.0,0.0,0.0,0,0.66643244,1
-0.12581103,1.2020173,-0.73323685,2.6014197,5.0786834,-0.28685895,-0.04260324,0.41199857,0.40063572,0.0,0.0,0.0,0.0,0.0,0.0,0.0,1.0,0.0,0.0,0.0,0.0,0.0,0.0,0,0.73700064,1
-0.28872198,1.3486917,-0.15781268,2.7431512,-0.2956886,0.36205244,0.109727964,-0.4904312,-0.7074323,0.0,0.0,0.0,0.0,0.0,0.0,0.0,0.0,0.0,1.0,0.0,0.0,0.0,0.0,0,0.5648154,1
-0.2896592,-1.73147,-0.618152,2.030827,-0.23939653,0.36205244,0.1325741,-0.10367559,0.7995402,0.0,0.0,0.0,1.0,0.0,0.0,0.0,0.0,0.0,0.0,0.0,0.0,0.0,0.0,0,0.8124964,1
-0.29260334,1.495366,1.8561718,2.7165196,1.4744029,0.6865081,-0.038565494,-0.8127276,0.42279708,0.0,0.0,0.0,0.0,0.0,0.0,0.0,0.0,0.0,0.0,0.0,0.0,0.0,1.0,0,0.75955856,1
-0.2924212,-1.4381213,1.9137143,1.8092501,1.7232438,-0.28685895,-0.03300788,2.3457766,0.99899244,0.0,1.0,0.0,0.0,0.0,0.0,0.0,0.0,0.0,0.0,0.0,0.0,0.0,0.0,1,0.99984,1
-0.27853176,-1.73147,-0.2153551,2.6497009,4.8545957,0.6865081,0.0036440557,0.21862076,-1.0620141,1.0,0.0,0.0,0.0,0.0,0.0,0.0,0.0,0.0,0.0,0.0,0.0,0.0,0.0,1,0.96794283,1
-0.2846585,1.3486917,-1.4812882,2.90458,6.6908784,2.957698,0.072979994,1.3788877,0.40063572,0.0,0.0,0.0,0.0,0.0,0.0,1.0,0.0,0.0,0.0,0.0,0.0,0.0,0.0,1,0.9498924,1
-0.28721845,1.3486917,-0.79077923,1.9490678,4.3911676,0.03759675,-0.049036205,0.992132,1.0654765,0.0,0.0,0.0,0.0,0.0,0.0,0.0,1.0,0.0,0.0,0.0,0.0,0.0,0.0,1,0.88204175,1
-0.2888081,0.46864545,-0.9634065,2.4521494,4.681976,-0.93577033,-0.048277188,0.21862076,-1.239305,1.0,0.0,0.0,0.0,0.0,0.0,0.0,0.0,0.0,0.0,0.0,0.0,0.0,0.0,0,0.8353282,1
-0.29160982,-1.4381213,0.07235698,2.2331393,-0.43787223,-0.93577033,-0.04839371,0.6698356,1.154122,0.0,0.0,0.0,1.0,0.0,0.0,0.0,0.0,0.0,0.0,0.0,0.0,0.0,0.0,0,0.69871134,1
-0.29262653,1.0553429,0.8204084,2.5406532,5.0646706,1.3354195,-0.049366146,0.7342949,-0.9290459,1.0,0.0,0.0,0.0,0.0,0.0,0.0,0.0,0.0,0.0,0.0,0.0,0.0,0.0,1,0.9961641,1
-0.28789738,1.495366,0.9930356,2.2050338,0.539262,0.6865081,-0.046691846,-0.4904312,0.22334483,0.0,0.0,0.0,0.0,0.0,0.0,0.0,0.0,1.0,0.0,0.0,0.0,0.0,0.0,0,0.54744405,1
-0.2764752,-0.85142386,-1.1935762,2.7589998,-0.67568034,1.0109638,-0.041317668,-0.23259413,0.0682153,0.0,0.0,0.0,1.0,0.0,0.0,0.0,0.0,0.0,0.0,0.0,0.0,0.0,0.0,0,0.5855828,1
0.529989,-1.73147,0.1298994,2.4747922,-0.369603,-0.28685895,0.032763314,0.025242949,0.51144254,0.0,0.0,0.0,1.0,0.0,0.0,0.0,0.0,0.0,0.0,0.0,0.0,0.0,0.0,0,0.90556985,1
2.1442156,-1.73147,1.2232053,2.992773,-0.04521026,0.6865081,-0.026912302,0.21862076,2.9270308,0.0,0.0,0.0,1.0,0.0,0.0,0.0,0.0,0.0,0.0,0.0,0.0,0.0,0.0,0,0.50944036,1
-0.28823185,1.495366,0.4751539,1.8552594,-0.10969751,1.3354195,0.23382664,-0.42597193,0.42279708,0.0,0.0,0.0,0.0,0.0,0.0,0.0,0.0,0.0,1.0,0.0,0.0,0.0,0.0,0,0.74398315,1
-0.22988898,1.495366,-1.1360338,2.5077565,7.4213467,0.36205244,-0.041946642,0.025242949,0.0017312241,0.0,0.0,0.0,0.0,0.0,0.0,0.0,1.0,0.0,0.0,0.0,0.0,0.0,0.0,0,0.76838374,1
-0.288616,1.3486917,-0.73323685,2.5615437,1.2185514,0.6865081,0.04201847,-0.6193497,0.09037667,0.0,0.0,0.0,0.0,0.0,0.0,0.0,0.0,0.0,0.0,0.0,0.0,0.0,1.0,1,0.92613024,1
-0.294087,1.3486917,0.24498422,3.0322595,-0.33562312,0.03759675,0.9289712,-0.87718683,1.1097993,0.0,0.0,0.0,0.0,0.0,0.0,0.0,0.0,0.0,0.0,1.0,0.0,0.0,0.0,0,0.60543805,1
-0.2825456,1.3486917,1.5684597,1.9961449,6.3088846,-0.28685895,-0.04947333,2.2813175,0.023892585,0.0,0.0,0.0,0.0,0.0,0.0,1.0,0.0,0.0,0.0,0.0,0.0,0.0,0.0,1,0.9989845,1
0.39272416,1.3486917,0.30252665,2.2452748,4.7424235,0.6865081,-0.039933003,0.47645783,-0.7074323,1.0,0.0,0.0,0.0,0.0,0.0,0.0,0.0,0.0,0.0,0.0,0.0,0.0,0.0,1,0.9940446,1
-0.29122233,-1.4381213,-0.8483217,2.9193082,6.5975194,2.957698,-0.024860917,1.0565913,1.0876379,0.0,0.0,0.0,0.0,0.0,0.0,0.0,1.0,0.0,0.0,0.0,0.0,0.0,0.0,1,0.9876396,1
-0.28652298,1.495366,0.24498422,2.0773375,1.7582934,1.3354195,0.03646542,2.410236,0.6887334,0.0,1.0,0.0,0.0,0.0,0.0,0.0,0.0,0.0,0.0,0.0,0.0,0.0,0.0,1,0.9992157,1
-0.2878808,1.3486917,1.1656629,2.9919865,-0.3709336,0.36205244,1.1713537,-1.0061053,-1.0176914,0.0,0.0,0.0,0.0,0.0,0.0,0.0,0.0,0.0,0.0,0.0,1.0,0.0,0.0,0,0.5237178,1
-0.17864317,-1.5847957,0.1298994,2.5625956,-0.78840566,0.03759675,-0.044353098,-0.10367559,0.26766756,0.0,0.0,0.0,1.0,0.0,0.0,0.0,0.0,0.0,0.0,0.0,0.0,0.0,0.0,0,0.71049803,1
-0.13995877,1.0553429,0.18744181,2.210843,5.120939,-0.61131465,-0.042983525,1.5078062,0.60008794,0.0,0.0,0.0,0.0,0.0,0.0,1.0,0.0,0.0,0.0,0.0,0.0,0.0,0.0,0,0.9037044,1
-0.2890962,-1.5847957,-0.73323685,2.9795942,-0.3154751,-0.93577033,-0.04720179,0.21862076,3.1929672,0.0,0.0,0.0,1.0,0.0,0.0,0.0,0.0,0.0,0.0,0.0,0.0,0.0,0.0,0,0.58774155,1
-0.294087,1.495366,0.24498422,3.0191653,0.6415454,0.36205244,-0.049289662,-0.6193497,1.8632855,0.0,0.0,0.0,0.0,0.0,0.0,0.0,0.0,1.0,0.0,0.0,0.0,0.0,0.0,0,0.62932396,1
-0.2769554,1.495366,-0.2728975,2.9047909,-0.2100542,1.6598753,0.06301448,-0.6193497,0.1790221,0.0,0.0,0.0,0.0,0.0,0.0,0.0,0.0,0.0,1.0,0.0,0.0,0.0,0.0,0,0.5549661,1
-0.2880464,-0.118052006,-0.8483217,1.8789688,4.603674,1.3354195,0.012565973,0.60537636,0.93250835,0.0,0.0,0.0,0.0,0.0,0.0,0.0,1.0,0.0,0.0,0.0,0.0,0.0,0.0,0,0.6580145,1
4.053889,1.3486917,-1.4812882,2.5411952,4.6335983,1.9843309,0.05138205,0.21862076,0.44495845,0.0,0.0,0.0,0.0,0.0,0.0,0.0,1.0,0.0,0.0,0.0,0.0,0.0,0.0,1,0.5874278,1
-0.28760925,-1.8781444,0.18744181,2.2994516,4.6072826,-0.28685895,-0.03900057,2.8614507,0.6222493,0.0,0.0,0.0,0.0,0.0,0.0,1.0,0.0,0.0,0.0,0.0,0.0,0.0,0.0,0,0.9706203,1
-0.29381213,1.495366,-0.5606096,2.8980806,-0.2786698,0.36205244,-0.005268754,-0.683809,0.71089476,0.0,0.0,0.0,0.0,0.0,0.0,0.0,0.0,0.0,1.0,0.0,0.0,0.0,0.0,0,0.50739205,1
-0.114378914,1.2020173,0.07235698,2.2516434,4.4927907,1.0109638,-0.041706283,0.21862076,0.0682153,0.0,0.0,0.0,0.0,0.0,0.0,0.0,1.0,0.0,0.0,0.0,0.0,0.0,0.0,0,0.75656974,1
-0.2893744,1.3486917,-0.2728975,1.9491508,-0.43286365,1.0109638,0.14555594,-0.4904312,0.7330561,0.0,0.0,0.0,0.0,0.0,0.0,0.0,0.0,0.0,0.0,0.0,0.0,1.0,0.0,1,0.61342096,1
0.020501504,1.3486917,1.5684597,1.9491224,3.735676,0.36205244,0.7981765,0.41199857,-0.84040046,1.0,0.0,0.0,0.0,0.0,0.0,0.0,0.0,0.0,0.0,0.0,0.0,0.0,0.0,1,0.998095,1
-0.22684218,1.0553429,-0.6756944,3.058663,1.3807249,0.6865081,-0.0138544,-0.683809,3.2594512,0.0,0.0,0.0,0.0,0.0,0.0,0.0,0.0,0.0,0.0,0.0,0.0,0.0,1.0,0,0.53742874,1
-0.24534154,-1.1447725,-1.1360338,1.8839123,4.0595813,-0.93577033,-0.04730388,0.28308,-0.75175506,1.0,0.0,0.0,0.0,0.0,0.0,0.0,0.0,0.0,0.0,0.0,0.0,0.0,0.0,0,0.77070326,1
-0.2858805,-1.4381213,-0.73323685,2.9462981,-0.5386302,-0.28685895,-0.041404765,0.47645783,2.6389332,0.0,0.0,0.0,1.0,0.0,0.0,0.0,0.0,0.0,0.0,0.0,0.0,0.0,0.0,1,0.84809,1
-0.28540695,-1.8781444,-0.5606096,2.8446193,4.234437,0.03759675,-0.04615562,-0.16813485,-1.239305,1.0,0.0,0.0,0.0,0.0,0.0,0.0,0.0,0.0,0.0,0.0,0.0,0.0,0.0,0,0.95509046,1
1.44686,-1.8781444,-1.0784913,2.1246953,-0.29879218,-0.93577033,-0.045853134,-0.16813485,1.5308651,0.0,0.0,0.0,1.0,0.0,0.0,0.0,0.0,0.0,0.0,0.0,0.0,0.0,0.0,0,0.66655535,1
-0.2891558,-1.2914469,-1.711458,2.1325786,-0.38322702,-0.28685895,-0.038720444,-0.03921632,1.3535743,0.0,0.0,0.0,1.0,0.0,0.0,0.0,0.0,0.0,0.0,0.0,0.0,0.0,0.0,0,0.6902711,1
-0.284324,-1.2914469,1.453375,2.6100495,-0.2821652,-0.28685895,-0.04882659,-0.03921632,0.2455062,0.0,0.0,0.0,1.0,0.0,0.0,0.0,0.0,0.0,0.0,0.0,0.0,0.0,0.0,0,0.5825084,1
-0.05749652,0.7619942,-0.9058641,2.4055552,2.3105133,0.36205244,-0.03584988,-0.42597193,-0.35285056,0.0,0.0,1.0,0.0,0.0,0.0,0.0,0.0,0.0,0.0,0.0,0.0,0.0,0.0,0,0.6947839,1
-0.29215625,-1.8781444,-1.3662034,2.777228,1.3582171,1.3354195,-0.030957123,2.8614507,0.33415163,0.0,1.0,0.0,0.0,0.0,0.0,0.0,0.0,0.0,0.0,0.0,0.0,0.0,0.0,1,0.9954829,1
-0.28155538,-0.85142386,-1.4812882,2.9945962,-0.6658188,1.9843309,-0.046010595,-0.10367559,2.5946105,0.0,0.0,0.0,1.0,0.0,0.0,0.0,0.0,0.0,0.0,0.0,0.0,0.0,0.0,0,0.5590572,1
-0.15379852,-0.41140074,-1.0784913,2.0534008,1.2372934,-0.93577033,-0.04776908,1.5078062,1.154122,0.0,1.0,0.0,0.0,0.0,0.0,0.0,0.0,0.0,0.0,0.0,0.0,0.0,0.0,0,0.9200658,1
-0.29030168,-0.118052006,-0.5606096,2.9487312,5.13976,0.03759675,-0.043084815,0.47645783,1.2206061,0.0,0.0,0.0,0.0,0.0,0.0,0.0,1.0,0.0,0.0,0.0,0.0,0.0,0.0,0,0.53658384,1
-0.28721845,1.495366,-0.79077923,1.9425527,6.4337254,0.36205244,0.0040869056,1.7656432,-0.13123694,0.0,0.0,0.0,0.0,0.0,0.0,1.0,0.0,0.0,0.0,0.0,0.0,0.0,0.0,1,0.9789812,1
-0.29159325,-1.5847957,1.3958325,2.89234,1.7557429,0.36205244,-0.044933517,1.7656432,0.910347,0.0,1.0,0.0,0.0,0.0,0.0,0.0,0.0,0.0,0.0,0.0,0.0,0.0,0.0,1,0.9998153,1
0.1832568,1.3486917,-0.618152,2.473885,-0.5386413,0.36205244,0.02975285,-0.8127276,-0.7295937,0.0,0.0,0.0,0.0,0.0,0.0,0.0,0.0,0.0,0.0,1.0,0.0,0.0,0.0,0,0.5564109,1
-0.27800852,1.3486917,0.41761148,1.9625632,1.4658246,-0.28685895,-0.045184623,2.0234802,0.8881856,0.0,1.0,0.0,0.0,0.0,0.0,0.0,0.0,0.0,0.0,0.0,0.0,0.0,0.0,1,0.99929655,1
-0.29300407,1.495366,1.050578,2.7365167,5.05147,0.36205244,-0.028819883,0.79875416,-1.0841755,1.0,0.0,0.0,0.0,0.0,0.0,0.0,0.0,0.0,0.0,0.0,0.0,0.0,0.0,1,0.998166,1
-0.20468004,1.3486917,-0.73323685,2.4471016,0.2617428,0.36205244,0.0671362,-0.6193497,-0.21988238,0.0,0.0,0.0,0.0,0.0,0.0,0.0,0.0,1.0,0.0,0.0,0.0,0.0,0.0,0,0.72362196,1
-0.29302725,0.46864545,0.07235698,2.7077222,5.359893,1.0109638,-0.047566958,2.2813175,-0.50798005,0.0,0.0,0.0,0.0,0.0,0.0,1.0,0.0,0.0,0.0,0.0,0.0,0.0,0.0,0,0.81684995,1
-0.2862945,1.495366,0.014814562,2.6492224,0.49281088,0.36205244,-0.016450679,-0.87718683,-0.24204375,0.0,0.0,0.0,0.0,0.0,0.0,0.0,0.0,1.0,0.0,0.0,0.0,0.0,0.0,0,0.7382304,1
-0.28896043,1.3486917,-0.5030672,2.716196,5.3835206,-0.28685895,-0.028519716,2.0879395,-0.2642051,0.0,0.0,0.0,0.0,0.0,0.0,1.0,0.0,0.0,0.0,0.0,0.0,0.0,0.0,1,0.9582209,1
-0.15236454,-1.8781444,-0.5030672,2.9320345,-0.3918678,-0.28685895,-0.048093855,-0.36151266,-0.84040046,0.0,0.0,0.0,0.0,0.0,1.0,0.0,0.0,0.0,0.0,0.0,0.0,0.0,0.0,0,0.5493556,1
-0.27127907,-0.118052006,0.9930356,2.4239228,5.9261937,0.36205244,-0.04856746,0.47645783,0.5557652,0.0,0.0,0.0,0.0,0.0,0.0,0.0,1.0,0.0,0.0,0.0,0.0,0.0,0.0,1,0.8781398,1
-0.27871722,1.3486917,0.4751539,2.8910193,-0.13913545,0.6865081,-0.005396271,-0.7482683,-0.28636646,0.0,0.0,0.0,0.0,0.0,0.0,0.0,0.0,0.0,1.0,0.0,0.0,0.0,0.0,0,0.5185874,1
-0.2719646,1.495366,-1.4237459,2.1042902,5.435217,1.3354195,0.09375684,0.47645783,0.9546697,0.0,0.0,0.0,0.0,0.0,0.0,0.0,1.0,0.0,0.0,0.0,0.0,0.0,0.0,1,0.95447534,1
-0.28289664,-1.8781444,2.6617658,2.1448781,-0.24232635,0.36205244,-0.005822157,0.21862076,1.5087037,0.0,0.0,0.0,1.0,0.0,0.0,0.0,0.0,0.0,0.0,0.0,0.0,0.0,0.0,0,0.56602085,1
-0.28994402,-0.85142386,1.3958325,2.133318,-0.33736396,0.6865081,0.03216048,-0.10367559,1.5308651,0.0,0.0,0.0,1.0,0.0,0.0,0.0,0.0,0.0,0.0,0.0,0.0,0.0,0.0,0,0.5193206,1
-0.25867128,-1.73147,1.2232053,1.9028183,-0.35732508,0.6865081,-0.03528377,0.15416148,1.0876379,0.0,0.0,0.0,1.0,0.0,0.0,0.0,0.0,0.0,0.0,0.0,0.0,0.0,0.0,1,0.8528321,1
-0.29097065,1.495366,-0.042727854,3.0259726,-0.15827027,1.0109638,0.06630022,-0.87718683,1.5308651,0.0,0.0,0.0,0.0,0.0,0.0,0.0,0.0,0.0,0.0,1.0,0.0,0.0,0.0,0,0.6577794,1
-0.29026195,-1.2914469,1.2807478,2.2199426,-0.26397192,0.03759675,-0.027493255,0.15416148,0.99899244,0.0,0.0,0.0,1.0,0.0,0.0,0.0,0.0,0.0,0.0,0.0,0.0,0.0,0.0,0,0.6719342,1
-0.2885332,-1.8781444,-1.5963731,1.8084178,-0.24191843,0.03759675,-0.026632156,0.60537636,1.0433152,0.0,0.0,0.0,1.0,0.0,0.0,0.0,0.0,0.0,0.0,0.0,0.0,0.0,0.0,0,0.52260345,1
-0.29143098,1.495366,-1.0209489,2.669282,4.5829034,0.03759675,-0.028283551,1.8301024,-0.35285056,0.0,0.0,0.0,0.0,0.0,0.0,1.0,0.0,0.0,0.0,0.0,0.0,0.0,0.0,1,0.9267813,1
-0.29369953,1.495366,-0.9058641,2.5415118,-0.15496239,0.36205244,0.105872944,-0.7482683,-0.5301414,0.0,0.0,0.0,0.0,0.0,0.0,0.0,0.0,0.0,0.0,1.0,0.0,0.0,0.0,0,0.5215309,1
-0.2715076,-1.8781444,-1.4812882,2.0439482,5.8790803,2.957698,0.26350874,0.6698356,-0.7960777,1.0,0.0,0.0,0.0,0.0,0.0,0.0,0.0,0.0,0.0,0.0,0.0,0.0,0.0,1,0.98712677,1
-0.27342176,1.3486917,1.6835446,1.8416052,0.047714137,0.03759675,-0.0052125948,-0.8127276,-1.3944345,0.0,0.0,0.0,0.0,0.0,0.0,0.0,0.0,0.0,0.0,0.0,1.0,0.0,0.0,1,0.5792475,1
-0.0056314114,-1.4381213,-0.79077923,2.4348578,-0.32264996,0.6865081,-0.04517131,-0.03921632,0.9546697,0.0,0.0,0.0,1.0,0.0,0.0,0.0,0.0,0.0,0.0,0.0,0.0,0.0,0.0,0,0.63791525,1
-0.2770713,1.495366,-1.1360338,2.6692424,-0.54899704,1.6598753,0.032097615,-0.42597193,-0.13123694,0.0,0.0,0.0,0.0,0.0,0.0,0.0,0.0,0.0,1.0,0.0,0.0,0.0,0.0,0,0.5007638,1
-0.29176548,1.3486917,-1.2511185,2.958436,5.5484357,-0.28685895,0.16953821,0.7342949,0.8660243,0.0,0.0,0.0,0.0,0.0,0.0,1.0,0.0,0.0,0.0,0.0,0.0,0.0,0.0,1,0.9663332,1
-0.29176217,1.2020173,0.07235698,2.217934,3.3149664,1.0109638,-0.04040919,0.79875416,-1.0176914,1.0,0.0,0.0,0.0,0.0,0.0,0.0,0.0,0.0,0.0,0.0,0.0,0.0,0.0,0,0.82652706,1
-0.29395452,1.3486917,0.24498422,1.8077991,6.2823133,-0.28685895,-0.047849808,1.4433469,0.31199026,0.0,0.0,0.0,0.0,0.0,0.0,1.0,0.0,0.0,0.0,0.0,0.0,0.0,0.0,1,0.98414814,1
-0.29375583,-0.9980982,0.014814562,2.9202497,-0.29997337,0.36205244,-0.048783753,0.15416148,1.9297696,0.0,0.0,0.0,1.0,0.0,0.0,0.0,0.0,0.0,0.0,0.0,0.0,0.0,0.0,0,0.5313377,1
-0.24056934,-1.73147,-0.2153551,2.912206,-0.47325477,0.03759675,-0.007160261,0.15416148,0.66657203,0.0,0.0,0.0,1.0,0.0,0.0,0.0,0.0,0.0,0.0,0.0,0.0,0.0,0.0,0,0.8806729,1
-0.26492053,1.3486917,-1.0209489,2.5144446,3.951499,0.6865081,-0.045057535,0.41199857,0.0017312241,0.0,0.0,0.0,0.0,0.0,0.0,0.0,1.0,0.0,0.0,0.0,0.0,0.0,0.0,0,0.8304402,1
-0.26271492,1.495366,-1.1360338,1.7812196,0.9828197,-1.260226,-0.049495474,-0.6193497,1.0433152,0.0,0.0,0.0,0.0,0.0,0.0,0.0,0.0,0.0,0.0,0.0,0.0,0.0,1.0,0,0.74392754,1
-0.2770713,1.3486917,-1.1360338,2.9786735,4.8826656,2.3087866,-0.038744412,0.025242949,2.3065128,0.0,0.0,0.0,0.0,0.0,0.0,0.0,1.0,0.0,0.0,0.0,0.0,0.0,0.0,0,0.7164997,1
-0.29369953,-1.2914469,1.7986294,2.1998422,-0.32544085,-0.28685895,2.100765,0.60537636,1.5087037,0.0,0.0,0.0,1.0,0.0,0.0,0.0,0.0,0.0,0.0,0.0,0.0,0.0,0.0,0,0.5251407,1
-0.29334188,-1.5847957,0.30252665,2.2327592,4.8882594,0.36205244,-0.04130705,1.8301024,0.37847435,0.0,0.0,0.0,0.0,0.0,0.0,1.0,0.0,0.0,0.0,0.0,0.0,0.0,0.0,0,0.8553672,1
-0.28061816,-0.9980982,-0.2153551,2.0657558,2.7306318,1.3354195,-0.046030372,-0.8127276,0.356313,0.0,0.0,1.0,0.0,0.0,0.0,0.0,0.0,0.0,0.0,0.0,0.0,0.0,0.0,1,0.9898718,1
-0.29336172,1.495366,-0.79077923,1.9627674,-0.20683709,1.6598753,0.14144874,-0.55489045,0.13469939,0.0,0.0,0.0,0.0,0.0,0.0,0.0,0.0,0.0,1.0,0.0,0.0,0.0,0.0,0,0.5571518,1
2.412559,0.46864545,-1.7690003,2.169516,4.430275,-0.28685895,0.056583177,0.28308,-1.0398527,1.0,0.0,0.0,0.0,0.0,0.0,0.0,0.0,0.0,0.0,0.0,0.0,0.0,0.0,0,0.72725594,1
-0.22420274,-1.73147,-0.6756944,2.6699102,1.6899906,1.0109638,-0.00021294117,1.8301024,0.8217016,0.0,1.0,0.0,0.0,0.0,0.0,0.0,0.0,0.0,0.0,0.0,0.0,0.0,0.0,1,0.9987986,1
-0.041202776,1.495366,-0.6756944,1.9023902,1.0406203,0.03759675,-0.040002987,-0.4904312,0.93250835,0.0,0.0,0.0,0.0,0.0,0.0,0.0,0.0,0.0,0.0,0.0,0.0,0.0,1.0,0,0.8928106,1
-0.27643213,1.3486917,0.4751539,2.7632787,-0.4684084,1.0109638,0.2787564,-0.9416461,-0.5301414,0.0,0.0,0.0,0.0,0.0,0.0,0.0,0.0,0.0,0.0,1.0,0.0,0.0,0.0,0,0.5005246,1
-0.1269569,-1.4381213,-0.618152,2.1994996,1.0942918,0.6865081,-0.027149584,1.8945618,0.7330561,0.0,1.0,0.0,0.0,0.0,0.0,0.0,0.0,0.0,0.0,0.0,0.0,0.0,0.0,0,0.88786376,1
-0.28833452,1.495366,0.07235698,2.952049,-0.23820662,1.3354195,0.0035165492,-0.7482683,0.6222493,0.0,0.0,0.0,0.0,0.0,0.0,0.0,0.0,0.0,0.0,1.0,0.0,0.0,0.0,0,0.5210243,1
-0.2533129,-1.4381213,-0.79077923,1.8631475,1.4231665,0.6865081,-0.04421276,2.410236,0.71089476,0.0,1.0,0.0,0.0,0.0,0.0,0.0,0.0,0.0,0.0,0.0,0.0,0.0,0.0,1,0.99725145,1
-0.26857007,1.495366,0.8204084,1.7811382,4.654378,1.6598753,0.22513491,0.6698356,0.7330561,0.0,0.0,0.0,0.0,0.0,0.0,0.0,1.0,0.0,0.0,0.0,0.0,0.0,0.0,1,0.99830794,1
-0.28165805,1.3486917,-0.15781268,2.2587414,5.3407626,-0.61131465,-0.03366772,0.41199857,0.5779266,0.0,0.0,0.0,0.0,0.0,0.0,0.0,1.0,0.0,0.0,0.0,0.0,0.0,0.0,0,0.84800476,1
-0.28067115,1.495366,-0.10027027,2.7905498,-0.47082508,0.03759675,0.27827567,-0.6193497,0.023892585,0.0,0.0,0.0,0.0,0.0,0.0,0.0,0.0,0.0,0.0,0.0,0.0,1.0,0.0,0,0.6122395,1
-0.2891823,-1.4381213,-1.1360338,2.0244224,1.2768815,0.03759675,-0.027321255,1.5722654,0.910347,0.0,1.0,0.0,0.0,0.0,0.0,0.0,0.0,0.0,0.0,0.0,0.0,0.0,0.0,1,0.9945874,1
-0.29176548,-1.73147,-1.2511185,2.9523554,1.2831612,-0.61131465,-0.0409238,1.5078062,2.2178674,0.0,1.0,0.0,0.0,0.0,0.0,0.0,0.0,0.0,0.0,0.0,0.0,0.0,0.0,1,0.99306786,1
0.018216405,-1.8781444,-0.79077923,2.111165,4.540966,-0.28685895,-0.046065837,0.41199857,0.40063572,0.0,0.0,0.0,0.0,0.0,0.0,0.0,1.0,0.0,0.0,0.0,0.0,0.0,0.0,1,0.99863344,1
-0.28258866,-1.73147,-0.8483217,1.9366034,1.5689776,-0.28685895,-0.04157532,2.3457766,0.13469939,0.0,1.0,0.0,0.0,0.0,0.0,0.0,0.0,0.0,0.0,0.0,0.0,0.0,0.0,1,0.99782604,1
0.114415735,0.17529672,-1.0784913,2.2226367,5.3714786,0.03759675,-0.040998615,0.28308,0.99899244,0.0,0.0,0.0,0.0,0.0,0.0,0.0,1.0,0.0,0.0,0.0,0.0,0.0,0.0,0,0.52154,1
-0.29307693,-1.8781444,-0.5606096,2.191995,1.7219834,1.6598753,0.010180165,2.0234802,1.1319606,0.0,1.0,0.0,0.0,0.0,0.0,0.0,0.0,0.0,0.0,0.0,0.0,0.0,0.0,1,0.9991942,1
0.39272416,1.495366,-0.618152,3.0394797,6.3802214,0.36205244,-0.046594325,0.025242949,3.4589036,0.0,0.0,0.0,0.0,0.0,0.0,0.0,1.0,0.0,0.0,0.0,0.0,0.0,0.0,0,0.7262152,1
-0.22684218,-1.8781444,-0.6756944,2.4813592,-0.7032038,0.36205244,-0.012415549,0.08970222,0.51144254,0.0,0.0,0.0,1.0,0.0,0.0,0.0,0.0,0.0,0.0,0.0,0.0,0.0,0.0,1,0.88273877,1
-0.28038302,-1.4381213,0.93549323,2.778195,-0.3638279,-0.61131465,-0.035031624,-0.03921632,0.0017312241,0.0,0.0,0.0,1.0,0.0,0.0,0.0,0.0,0.0,0.0,0.0,0.0,0.0,0.0,1,0.79727584,1
-0.28944063,1.2020173,0.93549323,2.3256893,-0.34680074,0.03759675,0.5160327,-0.683809,-1.3501117,0.0,0.0,0.0,0.0,0.0,0.0,0.0,0.0,0.0,0.0,0.0,1.0,0.0,0.0,0,0.52844155,1
-0.22634542,1.495366,-1.3662034,1.7677808,-0.13654111,1.3354195,0.41076946,-0.8127276,-0.042591497,0.0,0.0,0.0,0.0,0.0,0.0,0.0,0.0,0.0,0.0,1.0,0.0,0.0,0.0,0,0.50559163,1
-0.13995877,-0.85142386,0.18744181,2.1802802,6.0278134,-0.93577033,-0.046611995,1.7656432,0.44495845,0.0,0.0,0.0,0.0,0.0,0.0,1.0,0.0,0.0,0.0,0.0,0.0,0.0,0.0,1,0.52313876,1
-0.29336503,1.495366,-0.38798234,2.1175041,-0.25654915,-0.28685895,0.065676846,-0.4904312,0.15686075,0.0,0.0,0.0,0.0,0.0,0.0,0.0,0.0,0.0,1.0,0.0,0.0,0.0,0.0,1,0.6000795,1
-0.28995395,1.495366,0.8779508,2.7164636,0.0027423913,0.6865081,-0.016521726,-0.6193497,-0.30852783,0.0,0.0,0.0,0.0,0.0,0.0,0.0,0.0,0.0,1.0,0.0,0.0,0.0,0.0,0,0.5249164,1
-0.23094212,1.3486917,2.546681,2.0635545,5.0071363,-0.61131465,-0.049174853,2.2168581,0.5779266,0.0,0.0,0.0,0.0,0.0,0.0,1.0,0.0,0.0,0.0,0.0,0.0,0.0,0.0,1,0.9982565,1
-0.27236864,-1.73147,0.5326963,2.4208176,-0.39902258,0.6865081,0.17533502,0.15416148,0.51144254,0.0,0.0,0.0,1.0,0.0,0.0,0.0,0.0,0.0,0.0,0.0,0.0,0.0,0.0,0,0.9297641,1
0.020501504,-1.8781444,1.5684597,1.949824,-0.5900971,1.0109638,-0.016392622,0.08970222,1.0211538,0.0,0.0,0.0,1.0,0.0,0.0,0.0,0.0,0.0,0.0,0.0,0.0,0.0,0.0,1,0.8989168,1
0.09000161,-1.73147,-1.1360338,2.3738976,-0.43695536,-0.28685895,-0.04233689,0.15416148,0.6222493,0.0,0.0,0.0,1.0,0.0,0.0,0.0,0.0,0.0,0.0,0.0,0.0,0.0,0.0,1,0.81301373,1
-0.28271118,-1.8781444,-0.6756944,2.366852,-0.7949415,-1.260226,-0.049486615,-0.10367559,0.84386295,0.0,0.0,0.0,1.0,0.0,0.0,0.0,0.0,0.0,0.0,0.0,0.0,0.0,0.0,0,0.81227195,1
-0.28330398,1.3486917,-0.2728975,2.2990782,5.897322,-0.61131465,0.3649915,1.8301024,0.20118347,0.0,0.0,0.0,0.0,0.0,0.0,1.0,0.0,0.0,0.0,0.0,0.0,0.0,0.0,1,0.9801294,1
-0.057423662,1.495366,-0.042727854,1.8887331,-0.3057768,1.0109638,0.7121984,-0.42597193,0.20118347,0.0,0.0,0.0,0.0,0.0,0.0,0.0,0.0,0.0,1.0,0.0,0.0,0.0,0.0,0,0.68593025,1
-0.2846585,1.495366,-1.4812882,2.9047954,4.5470433,2.957698,-0.01648462,0.41199857,1.2649288,0.0,0.0,0.0,0.0,0.0,0.0,0.0,1.0,0.0,0.0,0.0,0.0,0.0,0.0,1,0.8765588,1
-0.24788827,-1.4381213,-0.44552475,1.856339,-0.38009563,0.6865081,-0.023415914,-0.03921632,1.2206061,0.0,0.0,0.0,1.0,0.0,0.0,0.0,0.0,0.0,0.0,0.0,0.0,0.0,0.0,0,0.7449948,1
-0.28155538,-1.1447725,-1.4812882,3.0274925,-0.5330534,0.36205244,-0.035193127,0.41199857,2.8605468,0.0,0.0,0.0,1.0,0.0,0.0,0.0,0.0,0.0,0.0,0.0,0.0,0.0,0.0,0,0.8297756,1
-0.20200084,-1.4381213,1.1081204,2.2332034,-0.5951618,-0.61131465,0.03471603,0.21862076,1.3314129,0.0,0.0,0.0,1.0,0.0,0.0,0.0,0.0,0.0,0.0,0.0,0.0,0.0,0.0,0,0.7587024,1
1.0754851,-0.85142386,0.1298994,2.9070919,4.502216,1.3354195,-0.045823716,0.3475393,-0.4858187,1.0,0.0,0.0,0.0,0.0,0.0,0.0,0.0,0.0,0.0,0.0,0.0,0.0,0.0,0,0.7631728,1
-0.27545848,-1.8781444,2.2589688,2.7906802,-0.26460642,-0.61131465,-0.043607485,0.21862076,0.20118347,0.0,0.0,0.0,1.0,0.0,0.0,0.0,0.0,0.0,0.0,0.0,0.0,0.0,0.0,0,0.64673984,1
-0.28977844,1.3486917,2.7193081,2.2585027,4.167583,-0.61131465,-0.04689657,0.7342949,-0.4858187,1.0,0.0,0.0,0.0,0.0,0.0,0.0,0.0,0.0,0.0,0.0,0.0,0.0,0.0,1,0.9963231,1
-0.26656646,-1.4381213,-1.1935762,1.8428832,3.4776692,-0.61131465,0.12884222,0.6698356,0.51144254,0.0,0.0,0.0,0.0,0.0,0.0,0.0,1.0,0.0,0.0,0.0,0.0,0.0,0.0,1,0.9952448,1
0.529989,0.9086686,0.1298994,1.8340005,3.3675535,-0.28685895,-0.041019626,0.992132,-0.50798005,1.0,0.0,0.0,0.0,0.0,0.0,0.0,0.0,0.0,0.0,0.0,0.0,0.0,0.0,0,0.6899974,1
-0.2751803,1.3486917,1.6260022,2.5545478,4.664995,0.03759675,-0.048706036,0.7342949,-0.97336864,1.0,0.0,0.0,0.0,0.0,0.0,0.0,0.0,0.0,0.0,0.0,0.0,0.0,0.0,1,0.99850875,1
-0.28713897,-1.4381213,0.014814562,1.889919,1.9532745,0.6865081,0.59804565,1.8945618,0.9768311,0.0,1.0,0.0,0.0,0.0,0.0,0.0,0.0,0.0,0.0,0.0,0.0,0.0,0.0,1,0.99938667,1
-0.24056934,0.46864545,-0.2153551,2.3310328,5.5489388,0.36205244,-0.031466063,2.0234802,-0.1533983,0.0,0.0,0.0,0.0,0.0,0.0,1.0,0.0,0.0,0.0,0.0,0.0,0.0,0.0,0,0.7841789,1
-0.2924543,1.495366,0.41761148,1.7746129,0.8065485,0.6865081,0.31153455,-0.8127276,-0.30852783,0.0,0.0,0.0,0.0,0.0,0.0,0.0,0.0,1.0,0.0,0.0,0.0,0.0,0.0,0,0.80301493,1
-0.21558559,-1.4381213,-0.5030672,1.7958709,1.4727979,0.6865081,-0.041107528,1.4433469,0.910347,0.0,1.0,0.0,0.0,0.0,0.0,0.0,0.0,0.0,0.0,0.0,0.0,0.0,0.0,1,0.99798584,1
-0.28668526,-1.8781444,2.0863416,2.5015056,-0.336156,1.0109638,-0.029728815,-0.8127276,-1.6160481,0.0,0.0,0.0,0.0,0.0,1.0,0.0,0.0,0.0,0.0,0.0,0.0,0.0,0.0,0,0.89819753,1
-0.29068252,-1.4381213,-0.15781268,2.8522503,4.7173467,1.3354195,-0.025410362,0.08970222,-1.0398527,1.0,0.0,0.0,0.0,0.0,0.0,0.0,0.0,0.0,0.0,0.0,0.0,0.0,0.0,1,0.9377562,1
-0.29303387,1.3486917,2.3740537,2.1845598,0.57278234,0.03759675,-0.045400556,-0.683809,-0.042591497,0.0,0.0,0.0,0.0,0.0,0.0,0.0,0.0,1.0,0.0,0.0,0.0,0.0,0.0,0,0.6301015,1
-0.28280392,-0.55807513,1.3382901,2.6250465,1.6065285,0.36205244,-0.04876507,1.3144283,0.37847435,0.0,1.0,0.0,0.0,0.0,0.0,0.0,0.0,0.0,0.0,0.0,0.0,0.0,0.0,1,0.99915886,1
-0.1269569,-1.5847957,-0.618152,1.8158276,1.7506592,1.3354195,-0.009754151,2.0879395,0.77737886,0.0,1.0,0.0,0.0,0.0,0.0,0.0,0.0,0.0,0.0,0.0,0.0,0.0,0.0,1,0.9990639,1
-0.2764752,-0.9980982,-1.1935762,2.603979,-0.45860842,0.36205244,-0.03992142,0.025242949,0.20118347,0.0,0.0,0.0,1.0,0.0,0.0,0.0,0.0,0.0,0.0,0.0,0.0,0.0,0.0,0,0.63289464,1
-0.2935273,-1.8781444,0.5326963,2.9454277,-0.28349486,-0.61131465,-0.046055526,0.025242949,2.1735446,0.0,0.0,0.0,1.0,0.0,0.0,0.0,0.0,0.0,0.0,0.0,0.0,0.0,0.0,0,0.6256839,1
3.8896234,1.3486917,-0.10027027,2.8978763,-0.35683772,0.6865081,0.12724978,-0.8127276,0.42279708,0.0,0.0,0.0,0.0,0.0,0.0,0.0,0.0,0.0,0.0,1.0,0.0,0.0,0.0,0,0.5886126,1
-0.2917721,-1.5847957,-0.9634065,2.4547973,-0.27878892,0.03759675,-0.04750796,0.025242949,0.37847435,0.0,0.0,0.0,1.0,0.0,0.0,0.0,0.0,0.0,0.0,0.0,0.0,0.0,0.0,0,0.50380015,1
-0.29330873,-1.73147,1.7410871,2.1989245,-0.2822165,1.0109638,-0.0406066,-0.8127276,-1.1949823,0.0,0.0,0.0,0.0,0.0,1.0,0.0,0.0,0.0,0.0,0.0,0.0,0.0,0.0,0,0.7387514,1
7.600726,-1.4381213,0.8204084,2.4283288,-0.022110762,0.03759675,-0.03329987,0.15416148,0.15686075,0.0,0.0,0.0,1.0,0.0,0.0,0.0,0.0,0.0,0.0,0.0,0.0,0.0,0.0,0,0.60387564,1
-0.2872814,0.7619942,0.59023875,2.9438877,2.2333913,0.36205244,-0.04191382,-0.6193497,0.5557652,0.0,0.0,1.0,0.0,0.0,0.0,0.0,0.0,0.0,0.0,0.0,0.0,0.0,0.0,0,0.9157666,1
-0.28935122,-1.73147,-0.042727854,2.535275,-0.33527964,-0.28685895,-0.037197873,-0.03921632,0.7552175,0.0,0.0,0.0,1.0,0.0,0.0,0.0,0.0,0.0,0.0,0.0,0.0,0.0,0.0,0,0.7335424,1
-0.26656646,-1.1447725,-1.1935762,2.516176,4.8679385,-0.28685895,-0.043859933,0.28308,-0.68527097,1.0,0.0,0.0,0.0,0.0,0.0,0.0,0.0,0.0,0.0,0.0,0.0,0.0,0.0,0,0.9263035,1
-0.2939115,-1.5847957,1.050578,2.99308,-0.22929704,1.0109638,-0.024196858,-0.87718683,-0.8625618,0.0,0.0,0.0,0.0,0.0,1.0,0.0,0.0,0.0,0.0,0.0,0.0,0.0,0.0,0,0.5258857,1
-0.29274905,1.495366,1.2807478,2.999017,-0.29505908,0.36205244,0.17246667,-0.6193497,1.8189628,0.0,0.0,0.0,0.0,0.0,0.0,0.0,0.0,0.0,0.0,1.0,0.0,0.0,0.0,0,0.5304255,1
-0.28932473,-1.8781444,2.2014263,2.1852555,-0.40480754,-0.28685895,-0.048113648,-0.7482683,-1.1284982,0.0,0.0,0.0,0.0,0.0,1.0,0.0,0.0,0.0,0.0,0.0,0.0,0.0,0.0,0,0.90560263,1
-0.2931001,-1.8781444,-0.33043993,2.6024,-0.25666353,-0.61131465,-0.04236234,0.025242949,0.7330561,0.0,0.0,0.0,1.0,0.0,0.0,0.0,0.0,0.0,0.0,0.0,0.0,0.0,0.0,0,0.5233094,1
-0.2819495,-1.8781444,0.014814562,2.5755591,-0.38259766,-0.61131465,-0.045039527,-0.03921632,0.37847435,0.0,0.0,0.0,1.0,0.0,0.0,0.0,0.0,0.0,0.0,0.0,0.0,0.0,0.0,0,0.7524497,1
-0.29114288,-1.4381213,0.30252665,2.4888463,-0.2639213,1.0109638,-0.033957887,0.08970222,0.5557652,0.0,0.0,0.0,1.0,0.0,0.0,0.0,0.0,0.0,0.0,0.0,0.0,0.0,0.0,1,0.77493554,1
0.14979503,1.495366,-0.38798234,2.9654493,-0.080536835,1.3354195,0.06724685,-0.42597193,0.26766756,0.0,0.0,0.0,0.0,0.0,0.0,0.0,0.0,0.0,0.0,1.0,0.0,0.0,0.0,0,0.59634215,1
-0.29130182,-1.73147,1.7986294,2.4612317,-0.4122327,-0.93577033,-0.012682119,0.21862076,0.26766756,0.0,0.0,0.0,1.0,0.0,0.0,0.0,0.0,0.0,0.0,0.0,0.0,0.0,0.0,0,0.87525064,1
-0.2906163,1.3486917,-1.4237459,2.608529,6.523369,-0.61131465,-0.027696222,0.6698356,0.20118347,0.0,0.0,0.0,0.0,0.0,0.0,0.0,1.0,0.0,0.0,0.0,0.0,0.0,0.0,1,0.85551476,1
-0.27800852,1.3486917,0.41761148,1.9558922,6.1837792,-0.28685895,0.018553324,1.8301024,0.44495845,0.0,0.0,0.0,0.0,0.0,0.0,1.0,0.0,0.0,0.0,0.0,0.0,0.0,0.0,1,0.9938087,1
-0.29347765,1.3486917,0.64778113,2.958332,0.043135904,-0.28685895,0.01523065,-0.6193497,0.93250835,0.0,0.0,0.0,0.0,0.0,0.0,0.0,0.0,0.0,1.0,0.0,0.0,0.0,0.0,0,0.54076844,1
0.05538734,-1.1447725,0.014814562,2.092465,-0.3311555,1.6598753,-0.043661308,-0.16813485,1.7524787,0.0,0.0,0.0,1.0,0.0,0.0,0.0,0.0,0.0,0.0,0.0,0.0,0.0,0.0,0,0.5635213,1
-0.2881888,1.495366,-0.042727854,2.824071,4.5992503,0.6865081,0.9268508,0.79875416,-1.1284982,1.0,0.0,0.0,0.0,0.0,0.0,0.0,0.0,0.0,0.0,0.0,0.0,0.0,0.0,1,0.9949569,1
-0.29375583,-1.8781444,0.014814562,2.286103,-0.23512463,0.36205244,0.15147215,-0.7482683,-1.6825322,0.0,0.0,0.0,0.0,0.0,1.0,0.0,0.0,0.0,0.0,0.0,0.0,0.0,0.0,0,0.60408074,1
-0.22684218,1.3486917,-0.6756944,2.4738321,-0.42532933,0.36205244,0.28648043,-0.7482683,-0.41933462,0.0,0.0,0.0,0.0,0.0,0.0,0.0,0.0,0.0,0.0,1.0,0.0,0.0,0.0,0,0.54504496,1
-0.12385048,-1.8781444,-1.0209489,1.8892434,1.6554533,-0.61131465,-0.04749656,1.3144283,0.7552175,0.0,1.0,0.0,0.0,0.0,0.0,0.0,0.0,0.0,0.0,0.0,0.0,0.0,0.0,1,0.9974433,1
-0.2711433,1.3486917,-0.6756944,2.9515944,-0.416252,1.3354195,0.034589287,-0.8127276,0.64441067,0.0,0.0,0.0,0.0,0.0,0.0,0.0,0.0,0.0,0.0,1.0,0.0,0.0,0.0,0,0.5033057,1
-0.114378914,-1.73147,0.07235698,1.9097422,5.210353,1.9843309,-0.038815133,-0.55489045,-0.1533983,0.0,0.0,0.0,0.0,1.0,0.0,0.0,0.0,0.0,0.0,0.0,0.0,0.0,0.0,0,0.9706388,1
-0.29347765,-1.4381213,1.050578,2.0917923,-0.7268066,-0.28685895,-0.02763134,-0.16813485,1.2870902,0.0,0.0,0.0,1.0,0.0,0.0,0.0,0.0,0.0,0.0,0.0,0.0,0.0,0.0,0,0.55727726,1
0.27270684,1.495366,0.59023875,2.3529885,6.2837934,-0.61131465,-0.032656834,2.2813175,-0.24204375,0.0,0.0,0.0,0.0,0.0,0.0,1.0,0.0,0.0,0.0,0.0,0.0,0.0,0.0,1,0.99642247,1
-0.29039112,-0.70474946,1.2807478,2.9074357,1.5371,0.03759675,-0.04831153,1.1855098,0.910347,0.0,1.0,0.0,0.0,0.0,0.0,0.0,0.0,0.0,0.0,0.0,0.0,0.0,0.0,1,0.99933285,1
-0.2846585,-1.1447725,-1.4812882,2.3278017,-0.40790522,2.6332424,-0.041328374,0.025242949,0.910347,0.0,0.0,0.0,1.0,0.0,0.0,0.0,0.0,0.0,0.0,0.0,0.0,0.0,0.0,0,0.569215,1
-0.23499237,1.3486917,-1.4237459,1.7675021,1.1955384,3.2821536,0.051397856,-0.36151266,0.8881856,0.0,0.0,0.0,0.0,0.0,0.0,0.0,0.0,0.0,0.0,0.0,0.0,0.0,1.0,0,0.863393,1
-0.21558559,-1.73147,-0.5030672,1.7951505,-0.3092809,0.03759675,-0.030485902,0.41199857,1.1319606,0.0,0.0,0.0,1.0,0.0,0.0,0.0,0.0,0.0,0.0,0.0,0.0,0.0,0.0,1,0.65753263,1
-0.28652298,-1.8781444,0.24498422,1.7949145,-0.3808463,0.36205244,0.16930404,-0.03921632,0.8881856,0.0,0.0,0.0,1.0,0.0,0.0,0.0,0.0,0.0,0.0,0.0,0.0,0.0,0.0,0,0.9227621,1
-0.2891823,-0.118052006,-1.1360338,2.026944,4.2882533,0.03759675,-0.048379175,0.08970222,-0.8625618,1.0,0.0,0.0,0.0,0.0,0.0,0.0,0.0,0.0,0.0,0.0,0.0,0.0,0.0,1,0.74509865,1
-0.29139456,-0.9980982,-0.44552475,1.7832682,4.450577,1.0109638,-0.043180626,0.025242949,-0.6631096,1.0,0.0,0.0,0.0,0.0,0.0,0.0,0.0,0.0,0.0,0.0,0.0,0.0,0.0,0,0.7813493,1
-0.17864317,-1.73147,0.1298994,2.3603919,-0.2549733,-0.93577033,-0.046932086,0.08970222,0.356313,0.0,0.0,0.0,1.0,0.0,0.0,0.0,0.0,0.0,0.0,0.0,0.0,0.0,0.0,0,0.6153247,1
-0.29227218,-1.5847957,2.431596,1.8761932,-0.30528,0.6865081,0.08426406,0.025242949,1.8632855,0.0,0.0,0.0,1.0,0.0,0.0,0.0,0.0,0.0,0.0,0.0,0.0,0.0,0.0,0,0.83407474,1
-0.057920426,1.495366,-1.1935762,1.7609825,6.627862,-0.28685895,-0.0029458015,2.410236,0.13469939,0.0,0.0,0.0,0.0,0.0,0.0,1.0,0.0,0.0,0.0,0.0,0.0,0.0,0.0,1,0.9793259,1
-0.27445835,0.46864545,0.1298994,1.8532218,5.75447,0.03759675,-0.037541106,0.21862076,0.910347,0.0,0.0,0.0,0.0,0.0,0.0,0.0,1.0,0.0,0.0,0.0,0.0,0.0,0.0,0,0.65619236,1
-0.29237482,1.3486917,-0.5606096,2.3190544,-0.5919347,0.03759675,-0.03670496,-0.6193497,0.60008794,0.0,0.0,0.0,0.0,0.0,0.0,0.0,0.0,0.0,0.0,0.0,0.0,1.0,0.0,0,0.50010085,1
0.010659022,1.495366,0.7053236,2.0235415,6.722832,-0.61131465,-0.029033955,1.5722654,0.44495845,0.0,0.0,0.0,0.0,0.0,0.0,1.0,0.0,0.0,0.0,0.0,0.0,0.0,0.0,1,0.9967715,1
2.7200074,-1.73147,-0.79077923,2.932315,-0.27537763,-0.93577033,-0.046459366,0.15416148,0.8660243,0.0,0.0,0.0,1.0,0.0,0.0,0.0,0.0,0.0,0.0,0.0,0.0,0.0,0.0,0,0.5930687,1
3.8896234,1.3486917,1.7986294,2.4202142,6.153657,0.03759675,0.02103708,0.3475393,-0.99553,1.0,0.0,0.0,0.0,0.0,0.0,0.0,0.0,0.0,0.0,0.0,0.0,0.0,0.0,1,0.9986952,1
-0.29009637,-1.5847957,-1.0209489,1.9569935,1.0823878,1.0109638,0.12841459,2.8614507,1.1762834,0.0,1.0,0.0,0.0,0.0,0.0,0.0,0.0,0.0,0.0,0.0,0.0,0.0,0.0,1,0.9521958,1
3.8896234,1.3486917,1.7986294,2.420023,1.7276199,-0.28685895,0.13097939,-0.6193497,-0.35285056,0.0,0.0,1.0,0.0,0.0,0.0,0.0,0.0,0.0,0.0,0.0,0.0,0.0,0.0,1,0.9929121,1
1.2289741,-1.73147,0.76286596,2.797645,-0.3236394,-0.61131465,-0.048351157,0.21862076,0.6222493,0.0,0.0,0.0,1.0,0.0,0.0,0.0,0.0,0.0,0.0,0.0,0.0,0.0,0.0,0,0.86273277,1
0.8102911,-1.73147,0.30252665,2.0912054,-0.32085115,-0.61131465,-0.048682578,-0.23259413,1.1762834,0.0,0.0,0.0,1.0,0.0,0.0,0.0,0.0,0.0,0.0,0.0,0.0,0.0,0.0,0,0.7688911,1
-0.28926843,-1.4381213,0.4751539,2.132263,-0.26396164,-0.61131465,-0.047695532,0.025242949,1.2870902,0.0,0.0,0.0,1.0,0.0,0.0,0.0,0.0,0.0,0.0,0.0,0.0,0.0,0.0,0,0.5088165,1
-0.28092948,1.495366,-0.2153551,2.137834,0.36226812,0.6865081,-0.039291397,-0.7482683,0.023892585,0.0,0.0,0.0,0.0,0.0,0.0,0.0,0.0,1.0,0.0,0.0,0.0,0.0,0.0,0,0.7025743,1
-0.15236454,-1.73147,-0.5030672,1.9500052,1.5870434,0.03759675,-0.043115377,2.410236,0.71089476,0.0,1.0,0.0,0.0,0.0,0.0,0.0,0.0,0.0,0.0,0.0,0.0,0.0,0.0,1,0.9982212,1
-0.24491434,1.3486917,-0.042727854,2.7161722,0.9729807,1.0109638,0.048849665,-0.683809,0.20118347,0.0,0.0,0.0,0.0,0.0,0.0,0.0,0.0,0.0,0.0,0.0,0.0,0.0,1.0,0,0.77874017,1
-0.2424239,-1.5847957,-1.1360338,1.9839463,-0.36749965,-0.93577033,-0.04868361,0.15416148,1.1984447,0.0,0.0,0.0,1.0,0.0,0.0,0.0,0.0,0.0,0.0,0.0,0.0,0.0,0.0,0,0.65080345,1
-0.28597987,1.3486917,0.41761148,2.1644192,5.7516565,0.03759675,0.023878993,-0.16813485,0.8660243,0.0,0.0,0.0,0.0,0.0,0.0,0.0,1.0,0.0,0.0,0.0,0.0,0.0,0.0,1,0.9586248,1
-0.2755479,0.46864545,0.014814562,2.2166755,5.3964915,-0.61131465,-0.04763945,2.2813175,0.09037667,0.0,0.0,0.0,0.0,0.0,0.0,1.0,0.0,0.0,0.0,0.0,0.0,0.0,0.0,0,0.76622427,1
-0.2178442,-1.2914469,0.8779508,2.0988507,-0.50281787,-0.28685895,-0.0429422,-0.87718683,-1.1949823,0.0,0.0,0.0,0.0,0.0,1.0,0.0,0.0,0.0,0.0,0.0,0.0,0.0,0.0,0,0.6447809,1
-0.29139456,1.3486917,-0.44552475,2.884389,-0.42201504,0.6865081,0.13107114,-0.6193497,0.5779266,0.0,0.0,0.0,0.0,0.0,0.0,0.0,0.0,0.0,0.0,0.0,0.0,1.0,0.0,0,0.57069683,1
-0.24234442,-1.5847957,1.453375,2.0645928,1.4843684,0.03759675,-0.04465683,2.1523988,0.46711978,0.0,1.0,0.0,0.0,0.0,0.0,0.0,0.0,0.0,0.0,0.0,0.0,0.0,0.0,1,0.9997663,1
-0.29097065,-1.5847957,-0.042727854,2.8452065,-0.35599825,0.36205244,0.04103473,-0.683809,-1.4830799,0.0,0.0,0.0,0.0,0.0,1.0,0.0,0.0,0.0,0.0,0.0,0.0,0.0,0.0,0,0.57008564,1
-0.29330873,1.495366,1.7410871,3.0056357,0.5881308,0.03759675,-0.043842968,-0.8127276,1.5751878,0.0,0.0,0.0,0.0,0.0,0.0,0.0,0.0,1.0,0.0,0.0,0.0,0.0,0.0,0,0.5518745,1
-0.22717999,1.3486917,0.24498422,2.6555624,6.4991846,0.6865081,-0.03983894,1.6367247,0.13469939,0.0,0.0,0.0,0.0,0.0,0.0,1.0,0.0,0.0,0.0,0.0,0.0,0.0,0.0,1,0.98143435,1
-0.28778806,-1.73147,0.41761148,2.965873,-0.2491028,0.03759675,-0.045466945,-0.6193497,-1.0841755,0.0,0.0,0.0,0.0,0.0,1.0,0.0,0.0,0.0,0.0,0.0,0.0,0.0,0.0,0,0.70069647,1
1.0754851,-1.5847957,0.30252665,2.4414585,-0.3120573,-0.28685895,-0.04751392,0.6698356,0.5336039,0.0,0.0,0.0,1.0,0.0,0.0,0.0,0.0,0.0,0.0,0.0,0.0,0.0,0.0,0,0.82243556,1
-0.28823847,0.9086686,-0.5030672,2.8634083,3.9536877,1.9843309,0.0864332,0.7342949,-0.99553,1.0,0.0,0.0,0.0,0.0,0.0,0.0,0.0,0.0,0.0,0.0,0.0,0.0,0.0,0,0.92722106,1
-0.28823847,1.3486917,-0.5030672,2.9517286,-0.14550357,1.6598753,0.1651066,-0.42597193,0.2455062,0.0,0.0,0.0,0.0,0.0,0.0,0.0,0.0,0.0,0.0,1.0,0.0,0.0,0.0,0,0.689955,1
-0.28778806,1.3486917,1.2232053,2.1981242,5.7570496,-0.28685895,-0.048691936,1.6367247,0.60008794,0.0,0.0,0.0,0.0,0.0,0.0,1.0,0.0,0.0,0.0,0.0,0.0,0.0,0.0,1,0.9987895,1
-0.15236454,-1.8781444,-0.5030672,1.9564313,0.19753069,0.36205244,0.059698958,-0.683809,-0.17555965,0.0,0.0,0.0,0.0,0.0,0.0,0.0,0.0,1.0,0.0,0.0,0.0,0.0,0.0,1,0.9929986,1
-0.28653294,-1.73147,1.050578,2.0039194,1.5725175,-0.61131465,-0.026131153,1.3144283,1.0876379,0.0,1.0,0.0,0.0,0.0,0.0,0.0,0.0,0.0,0.0,0.0,0.0,0.0,0.0,1,0.9996793,1
0.27270684,-1.8781444,0.59023875,2.3398247,1.4424078,-0.61131465,-0.04753641,2.2813175,0.5557652,0.0,1.0,0.0,0.0,0.0,0.0,0.0,0.0,0.0,0.0,0.0,0.0,0.0,0.0,1,0.9995054,1
2.4803834,1.0553429,2.143884,2.6012385,6.5423255,-1.260226,-0.049747176,2.5391545,1.6416719,0.0,0.0,0.0,0.0,0.0,0.0,1.0,0.0,0.0,0.0,0.0,0.0,0.0,0.0,1,0.99869365,1
-0.2918913,1.3486917,-0.38798234,2.8978732,-0.2123861,1.3354195,0.004724633,-0.55489045,1.154122,0.0,0.0,0.0,0.0,0.0,0.0,0.0,0.0,0.0,0.0,0.0,0.0,1.0,0.0,0,0.57167524,1
-0.28932473,1.3486917,2.2014263,2.2720914,1.0353316,-0.28685895,-0.04921038,2.2813175,0.7552175,0.0,1.0,0.0,0.0,0.0,0.0,0.0,0.0,0.0,0.0,0.0,0.0,0.0,0.0,1,0.9966468,1
-0.07200524,1.495366,0.18744181,2.433959,-0.39465183,0.03759675,0.19775742,-0.8127276,-0.4858187,0.0,0.0,0.0,0.0,0.0,0.0,0.0,0.0,0.0,1.0,0.0,0.0,0.0,0.0,0,0.52090406,1
-0.29218605,-1.73147,0.7053236,2.474915,-0.3978027,-0.93577033,-0.041212726,0.21862076,1.1097993,0.0,0.0,0.0,1.0,0.0,0.0,0.0,0.0,0.0,0.0,0.0,0.0,0.0,0.0,0,0.81052697,1
-0.2755479,-1.8781444,0.014814562,2.1446772,-0.37655026,0.03759675,0.19114749,0.025242949,1.2206061,0.0,0.0,0.0,1.0,0.0,0.0,0.0,0.0,0.0,0.0,0.0,0.0,0.0,0.0,0,0.92230386,1
-0.26271492,-0.41140074,-1.1360338,1.9055314,5.1844606,-0.93577033,-0.04424687,0.7342949,-0.6631096,1.0,0.0,0.0,0.0,0.0,0.0,0.0,0.0,0.0,0.0,0.0,0.0,0.0,0.0,0,0.7107254,1
-0.28067115,-1.8781444,-0.10027027,1.8757308,-0.60482746,0.03759675,0.017244795,-0.55489045,0.20118347,0.0,0.0,0.0,0.0,1.0,0.0,0.0,0.0,0.0,0.0,0.0,0.0,0.0,0.0,0,0.5368994,1
-0.28866237,-1.1447725,-0.8483217,2.5094192,1.9526994,0.36205244,-0.024972338,2.1523988,0.77737886,0.0,1.0,0.0,0.0,0.0,0.0,0.0,0.0,0.0,0.0,0.0,0.0,0.0,0.0,1,0.9979845,1
-0.29327232,1.3486917,0.4751539,2.1374955,-0.70327425,0.36205244,6.904164,-0.6193497,0.42279708,0.0,0.0,0.0,0.0,0.0,0.0,0.0,0.0,0.0,0.0,0.0,0.0,1.0,0.0,0,0.6575614,1
-0.28579772,-1.8781444,0.18744181,2.6426802,-0.39453888,0.03759675,-0.045335736,-0.683809,-1.4165958,0.0,0.0,0.0,0.0,0.0,1.0,0.0,0.0,0.0,0.0,0.0,0.0,0.0,0.0,0,0.73026633,1
0.020501504,-1.2914469,1.5684597,1.94413,1.1050065,0.03759675,-0.045461018,2.0879395,0.71089476,0.0,1.0,0.0,0.0,0.0,0.0,0.0,0.0,0.0,0.0,0.0,0.0,0.0,0.0,1,0.98750776,1
-0.17702372,-0.118052006,-0.8483217,1.8318146,4.3312907,-0.28685895,-0.043103173,0.992132,0.48928115,0.0,0.0,0.0,0.0,0.0,0.0,0.0,1.0,0.0,0.0,0.0,0.0,0.0,0.0,0,0.6142645,1
4.7602296,-1.1447725,-0.6756944,2.8189104,4.248228,0.03759675,-0.048302878,0.47645783,-1.1506596,1.0,0.0,0.0,0.0,0.0,0.0,0.0,0.0,0.0,0.0,0.0,0.0,0.0,0.0,0,0.86515313,1
-0.28653294,1.495366,1.050578,2.009829,1.7547891,-0.28685895,-0.04744206,2.0234802,0.9546697,0.0,1.0,0.0,0.0,0.0,0.0,0.0,0.0,0.0,0.0,0.0,0.0,0.0,0.0,1,0.9993222,1
0.25411472,-1.73147,-1.3662034,2.6092374,-0.24417949,-0.28685895,-0.048252273,0.08970222,0.51144254,0.0,0.0,0.0,1.0,0.0,0.0,0.0,0.0,0.0,0.0,0.0,0.0,0.0,0.0,0,0.61308956,1
-0.29369292,1.3486917,0.36006907,1.8952707,6.6131344,0.6865081,0.011280428,2.6036136,0.60008794,0.0,0.0,0.0,0.0,0.0,0.0,1.0,0.0,0.0,0.0,0.0,0.0,0.0,0.0,1,0.99024314,1
-0.28169116,1.495366,-0.618152,1.841825,4.9622526,0.6865081,0.00040964692,1.4433469,0.1790221,0.0,0.0,0.0,0.0,0.0,0.0,1.0,0.0,0.0,0.0,0.0,0.0,0.0,0.0,1,0.9694867,1
-0.2922821,-1.4381213,0.24498422,2.475222,5.027832,-0.61131465,-0.034403775,1.7656432,-0.08691422,0.0,0.0,0.0,0.0,0.0,0.0,1.0,0.0,0.0,0.0,0.0,0.0,0.0,0.0,0,0.6615224,1
-0.2890896,-0.70474946,-0.38798234,2.7324266,1.293451,0.03759675,-0.046083145,1.5078062,0.2455062,0.0,1.0,0.0,0.0,0.0,0.0,0.0,0.0,0.0,0.0,0.0,0.0,0.0,0.0,1,0.98543775,1
-0.22420274,1.495366,-0.6756944,2.6827075,1.4655647,1.3354195,-0.021111535,-0.4904312,0.20118347,0.0,0.0,0.0,0.0,0.0,0.0,0.0,0.0,0.0,0.0,0.0,0.0,0.0,1.0,1,0.95776844,1
-0.2891194,1.3486917,-0.618152,2.2115781,0.62017417,1.0109638,-0.046557162,-0.8127276,0.046053946,0.0,0.0,0.0,0.0,0.0,0.0,0.0,0.0,1.0,0.0,0.0,0.0,0.0,0.0,0,0.6003441,1
-0.28309202,1.3486917,-0.9634065,2.7161825,0.6515756,0.36205244,-0.03725578,-0.7482683,-0.30852783,0.0,0.0,0.0,0.0,0.0,0.0,0.0,0.0,1.0,0.0,0.0,0.0,0.0,0.0,0,0.5275323,1
