[ 2026-05-15 09:08:46 | node_27 | INFO ] 🧩 Model added for round 97 (6/6) from ['node_14']
[ 2026-05-15 09:08:47 | node_3 | INFO ] 🧩 Model added for round 97 (10/10) from ['node_47']
[ 2026-05-15 09:08:47 | node_45 | INFO ] 🧩 Model added for round 97 (7/8) from ['node_41']
[ 2026-05-15 09:08:47 | node_43 | INFO ] 🧠 Aggregation complete. Setting new model.
[ 2026-05-15 09:08:47 | node_25 | INFO ] 🧩 Model added for round 97 (8/8) from ['node_15']
[ 2026-05-15 09:08:47 | node_44 | INFO ] 🧩 Model added for round 97 (10/10) from ['node_7']
[ 2026-05-15 09:08:48 | node_28 | INFO ] 🧠 Aggregation complete. Setting new model.
[ 2026-05-15 09:08:48 | node_19 | INFO ] 🧠 Aggregation complete. Setting new model.
[ 2026-05-15 09:08:48 | node_1 | INFO ] 🧠 Aggregation complete. Setting new model.
[ 2026-05-15 09:08:48 | node_8 | INFO ] 🧠 Aggregation complete. Setting new model.
[ 2026-05-15 09:08:48 | node_27 | INFO ] 🧠 Aggregation complete. Setting new model.
[ 2026-05-15 09:08:48 | node_22 | INFO ] 🧠 Aggregation complete. Setting new model.
[ 2026-05-15 09:08:48 | node_13 | INFO ] 🧠 Aggregation complete. Setting new model.
[ 2026-05-15 09:08:48 | node_38 | INFO ] 🧠 Aggregation complete. Setting new model.
[ 2026-05-15 09:08:48 | node_9 | INFO ] 🧩 Model added for round 97 (9/11) from ['node_18']
[ 2026-05-15 09:08:48 | node_5 | INFO ] 🧠 Aggregation complete. Setting new model.
[ 2026-05-15 09:08:48 | node_11 | INFO ] 🧠 Aggregation complete. Setting new model.
[ 2026-05-15 09:08:48 | node_34 | INFO ] 🧩 Model added for round 97 (8/8) from ['node_14']
[ 2026-05-15 09:08:48 | node_27 | INFO ] 🗣️ Gossiping aggregated model.
[ 2026-05-15 09:08:48 | node_47 | INFO ] 🧩 Model added for round 97 (5/5) from ['node_9']
[ 2026-05-15 09:08:48 | node_36 | INFO ] 🧩 Model added for round 97 (10/11) from ['node_40']
[ 2026-05-15 09:08:48 | node_8 | INFO ] 🗣️ Gossiping aggregated model.
[ 2026-05-15 09:08:48 | node_43 | INFO ] 🗣️ Gossiping aggregated model.
[ 2026-05-15 09:08:49 | node_19 | INFO ] 🗣️ Gossiping aggregated model.
[ 2026-05-15 09:08:49 | node_13 | INFO ] 🗣️ Gossiping aggregated model.
[ 2026-05-15 09:08:49 | node_3 | INFO ] 🧠 Aggregation complete. Setting new model.
[ 2026-05-15 09:08:49 | node_9 | INFO ] 🧩 Model added for round 97 (10/11) from ['node_47']
[ 2026-05-15 09:08:49 | node_25 | INFO ] 🧠 Aggregation complete. Setting new model.
[ 2026-05-15 09:08:49 | node_1 | INFO ] 🗣️ Gossiping aggregated model.
[ 2026-05-15 09:08:49 | node_38 | INFO ] 🗣️ Gossiping aggregated model.
[ 2026-05-15 09:08:49 | node_44 | INFO ] 🧠 Aggregation complete. Setting new model.
[ 2026-05-15 09:08:49 | node_34 | INFO ] 🧠 Aggregation complete. Setting new model.
[ 2026-05-15 09:08:49 | node_28 | INFO ] 🗣️ Gossiping aggregated model.
[ 2026-05-15 09:08:49 | node_41 | INFO ] 🧠 Aggregation complete. Setting new model.
[ 2026-05-15 09:08:49 | node_22 | INFO ] 🗣️ Gossiping aggregated model.
[ 2026-05-15 09:08:50 | node_5 | INFO ] 🗣️ Gossiping aggregated model.
[ 2026-05-15 09:08:50 | node_30 | INFO ] 🧩 Model added for round 97 (4/5) from ['node_15']
[ 2026-05-15 09:08:50 | node_46 | INFO ] 🧩 Model added for round 97 (8/9) from ['node_7']
[ 2026-05-15 09:08:50 | node_14 | INFO ] 🧩 Model added for round 97 (7/8) from ['node_18']
[ 2026-05-15 09:08:50 | node_11 | INFO ] 🗣️ Gossiping aggregated model.
[ 2026-05-15 09:08:50 | node_6 | INFO ] 🤫 Gossip finished.
[ 2026-05-15 09:08:51 | node_6 | INFO ] 🔬 Evaluating...
[ 2026-05-15 09:08:51 | node_25 | INFO ] 🗣️ Gossiping aggregated model.
[ 2026-05-15 09:08:51 | node_3 | INFO ] 🗣️ Gossiping aggregated model.
[ 2026-05-15 09:08:51 | node_34 | INFO ] 🗣️ Gossiping aggregated model.
[ 2026-05-15 09:08:51 | node_6 | INFO ] 📈 Evaluated. Results: {'test_loss': 0.2467437982559204, 'test_acc': 0.9720279574394226, 'test_precision': 0.9098863005638123, 'test_recall': 0.9159597158432007, 'test_f1': 0.9118701219558716, 'communication_cost': 11290188}
[ 2026-05-15 09:08:51 | node_32 | INFO ] 🧩 Model added for round 97 (9/10) from ['node_15']
[ 2026-05-15 09:08:51 | node_44 | INFO ] 🗣️ Gossiping aggregated model.
[ 2026-05-15 09:08:51 | node_6 | INFO ] 📢 Broadcasting metrics.
[ 2026-05-15 09:08:51 | node_41 | INFO ] 🗣️ Gossiping aggregated model.
[ 2026-05-15 09:08:52 | node_45 | INFO ] 🧩 Model added for round 97 (8/8) from ['node_40']
[ 2026-05-15 09:08:52 | node_23 | INFO ] 🧩 Model added for round 97 (7/8) from ['node_47']
[ 2026-05-15 09:08:52 | node_17 | INFO ] 🧩 Model added for round 97 (5/5) from ['node_18']
[ 2026-05-15 09:08:52 | node_45 | INFO ] 🧠 Aggregation complete. Setting new model.
[ 2026-05-15 09:08:52 | node_17 | INFO ] 🧠 Aggregation complete. Setting new model.
[ 2026-05-15 09:08:53 | node_7 | INFO ] 🧠 Aggregation complete. Setting new model.
[ 2026-05-15 09:08:53 | node_23 | INFO ] 🧩 Model added for round 97 (8/8) from ['node_18']
[ 2026-05-15 09:08:53 | node_42 | INFO ] 🧩 Model added for round 97 (6/6) from ['node_15']
[ 2026-05-15 09:08:53 | node_17 | INFO ] 🗣️ Gossiping aggregated model.
[ 2026-05-15 09:08:53 | node_30 | INFO ] 🧩 Model added for round 97 (5/5) from ['node_47']
[ 2026-05-15 09:08:53 | node_6 | INFO ] 🎉 Round 98 of 100 finished.
[ 2026-05-15 09:08:53 | node_6 | INFO ] 🗳️ [DETERMINISTIC] Train set assigned (No Voting). Size: 50
[ 2026-05-15 09:08:54 | node_6 | INFO ] 🏋️‍♀️ Preparing training...
[ 2026-05-15 09:08:54 | node_45 | INFO ] 🗣️ Gossiping aggregated model.
[ 2026-05-15 09:08:54 | node_23 | INFO ] 🧠 Aggregation complete. Setting new model.
[ 2026-05-15 09:08:54 | node_30 | INFO ] 🧠 Aggregation complete. Setting new model.
[ 2026-05-15 09:08:54 | node_42 | INFO ] 🧠 Aggregation complete. Setting new model.
[ 2026-05-15 09:08:55 | node_36 | INFO ] 🧩 Model added for round 97 (11/11) from ['node_18']
[ 2026-05-15 09:08:55 | node_47 | INFO ] 🧠 Aggregation complete. Setting new model.
[ 2026-05-15 09:08:55 | node_6 | INFO ] 🎓 Training step done.
[ 2026-05-15 09:08:55 | node_7 | INFO ] 🗣️ Gossiping aggregated model.
[ 2026-05-15 09:08:55 | node_30 | INFO ] 🗣️ Gossiping aggregated model.
[ 2026-05-15 09:08:55 | node_15 | INFO ] 🧠 Aggregation complete. Setting new model.
[ 2026-05-15 09:08:55 | node_42 | INFO ] 🗣️ Gossiping aggregated model.
[ 2026-05-15 09:08:55 | node_23 | INFO ] 🗣️ Gossiping aggregated model.
[ 2026-05-15 09:08:55 | node_36 | INFO ] 🧠 Aggregation complete. Setting new model.
[ 2026-05-15 09:08:55 | node_47 | INFO ] 🗣️ Gossiping aggregated model.
[ 2026-05-15 09:08:56 | node_19 | INFO ] 🤫 Gossip finished.
[ 2026-05-15 09:08:56 | node_19 | INFO ] 🔬 Evaluating...
[ 2026-05-15 09:08:56 | node_19 | INFO ] 📈 Evaluated. Results: {'test_loss': 0.23840513825416565, 'test_acc': 0.9764150977134705, 'test_precision': 0.9201839566230774, 'test_recall': 0.9015337228775024, 'test_f1': 0.9096193313598633, 'communication_cost': 15053584}
[ 2026-05-15 09:08:56 | node_19 | INFO ] 📢 Broadcasting metrics.
[ 2026-05-15 09:08:57 | node_15 | INFO ] 🗣️ Gossiping aggregated model.
[ 2026-05-15 09:08:57 | node_25 | INFO ] 🤫 Gossip finished.
[ 2026-05-15 09:08:57 | node_25 | INFO ] 🔬 Evaluating...
[ 2026-05-15 09:08:57 | node_46 | INFO ] 🧩 Model added for round 97 (9/9) from ['node_18']
[ 2026-05-15 09:08:57 | node_36 | INFO ] 🗣️ Gossiping aggregated model.
[ 2026-05-15 09:08:57 | node_25 | INFO ] 📈 Evaluated. Results: {'test_loss': 0.2025148719549179, 'test_acc': 0.9718875288963318, 'test_precision': 0.7806894779205322, 'test_recall': 0.7769777774810791, 'test_f1': 0.7777913212776184, 'communication_cost': 26343772}
[ 2026-05-15 09:08:58 | node_25 | INFO ] 📢 Broadcasting metrics.
[ 2026-05-15 09:08:58 | node_37 | INFO ] 🤫 Gossip finished.
[ 2026-05-15 09:08:58 | node_37 | INFO ] 🔬 Evaluating...
[ 2026-05-15 09:08:58 | node_46 | INFO ] 🧠 Aggregation complete. Setting new model.
[ 2026-05-15 09:08:58 | node_2 | INFO ] 🤫 Gossip finished.
[ 2026-05-15 09:08:58 | node_2 | INFO ] 🔬 Evaluating...
[ 2026-05-15 09:08:59 | node_37 | INFO ] 📈 Evaluated. Results: {'test_loss': 0.23948805034160614, 'test_acc': 0.960629940032959, 'test_precision': 0.9498810768127441, 'test_recall': 0.957381010055542, 'test_f1': 0.9507081508636475, 'communication_cost': 18816980}
[ 2026-05-15 09:08:59 | node_19 | INFO ] 🎉 Round 98 of 100 finished.
[ 2026-05-15 09:08:59 | node_19 | INFO ] 🗳️ [DETERMINISTIC] Train set assigned (No Voting). Size: 50
[ 2026-05-15 09:08:59 | node_2 | INFO ] 📈 Evaluated. Results: {'test_loss': 0.2096835970878601, 'test_acc': 0.9738219976425171, 'test_precision': 0.8726612329483032, 'test_recall': 0.8757531046867371, 'test_f1': 0.873791515827179, 'communication_cost': 26343772}
[ 2026-05-15 09:08:59 | node_46 | INFO ] 🗣️ Gossiping aggregated model.
[ 2026-05-15 09:08:59 | node_19 | INFO ] 🏋️‍♀️ Preparing training...
[ 2026-05-15 09:08:59 | node_30 | INFO ] 🤫 Gossip finished.
[ 2026-05-15 09:08:59 | node_30 | INFO ] 🔬 Evaluating...
[ 2026-05-15 09:08:59 | node_37 | INFO ] 📢 Broadcasting metrics.
[ 2026-05-15 09:09:00 | node_2 | INFO ] 📢 Broadcasting metrics.
[ 2026-05-15 09:09:00 | node_6 | INFO ] 🛠️ Calling force_add_local_model...
[ 2026-05-15 09:09:00 | node_19 | INFO ] 🎓 Training step done.
[ 2026-05-15 09:09:00 | node_30 | INFO ] 📈 Evaluated. Results: {'test_loss': 0.2701548635959625, 'test_acc': 0.9551569223403931, 'test_precision': 0.7072088718414307, 'test_recall': 0.6893212199211121, 'test_f1': 0.6971272826194763, 'communication_cost': 15053584}
[ 2026-05-15 09:09:00 | node_6 | INFO ] ✅ [FORCE] Local model added for round 98. (1/4)
[ 2026-05-15 09:09:00 | node_6 | INFO ] 📤 Sending model to 3 direct neighbors: ['node_8', 'node_25', 'node_37']
[ 2026-05-15 09:09:00 | node_30 | INFO ] 📢 Broadcasting metrics.
[ 2026-05-15 09:09:02 | node_25 | INFO ] 🎉 Round 98 of 100 finished.
[ 2026-05-15 09:09:02 | node_25 | INFO ] 🗳️ [DETERMINISTIC] Train set assigned (No Voting). Size: 50
[ 2026-05-15 09:09:02 | node_25 | INFO ] ♻️ Proactively processing 1 early models for round 98.
[ 2026-05-15 09:09:02 | node_25 | INFO ] 🧩 Model added for round 98 (1/8) from ['node_6']
[ 2026-05-15 09:09:03 | node_25 | INFO ] 🏋️‍♀️ Preparing training...
[ 2026-05-15 09:09:03 | node_37 | INFO ] 🎉 Round 98 of 100 finished.
[ 2026-05-15 09:09:03 | node_30 | INFO ] 🎉 Round 98 of 100 finished.
[ 2026-05-15 09:09:03 | node_37 | INFO ] 🗳️ [DETERMINISTIC] Train set assigned (No Voting). Size: 50
[ 2026-05-15 09:09:03 | node_30 | INFO ] 🗳️ [DETERMINISTIC] Train set assigned (No Voting). Size: 50
[ 2026-05-15 09:09:03 | node_25 | INFO ] 🎓 Training step done.
[ 2026-05-15 09:09:03 | node_37 | INFO ] ♻️ Proactively processing 1 early models for round 98.
[ 2026-05-15 09:09:04 | node_37 | INFO ] 🧩 Model added for round 98 (1/6) from ['node_6']
[ 2026-05-15 09:09:04 | node_30 | INFO ] 🏋️‍♀️ Preparing training...
[ 2026-05-15 09:09:04 | node_37 | INFO ] 🏋️‍♀️ Preparing training...
[ 2026-05-15 09:09:04 | node_30 | INFO ] 🎓 Training step done.
[ 2026-05-15 09:09:05 | node_37 | INFO ] 🎓 Training step done.
[ 2026-05-15 09:09:05 | node_2 | INFO ] 🎉 Round 98 of 100 finished.
[ 2026-05-15 09:09:05 | node_19 | INFO ] 🛠️ Calling force_add_local_model...
[ 2026-05-15 09:09:05 | node_2 | INFO ] 🗳️ [DETERMINISTIC] Train set assigned (No Voting). Size: 50
[ 2026-05-15 09:09:05 | node_19 | INFO ] ✅ [FORCE] Local model added for round 98. (1/5)
[ 2026-05-15 09:09:05 | node_19 | INFO ] 📤 Sending model to 4 direct neighbors: ['node_7', 'node_11', 'node_15', 'node_25']
[ 2026-05-15 09:09:05 | node_2 | INFO ] 🏋️‍♀️ Preparing training...
[ 2026-05-15 09:09:06 | node_2 | INFO ] 🎓 Training step done.
[ 2026-05-15 09:09:07 | node_26 | INFO ] ⏹️  Gossiping exited for 10 equal rounds.
[ 2026-05-15 09:09:07 | node_25 | INFO ] 🧩 Model added for round 98 (2/8) from ['node_19']
[ 2026-05-15 09:09:07 | node_26 | INFO ] 🔬 Evaluating...
[ 2026-05-15 09:09:07 | node_21 | INFO ] ⏹️  Gossiping exited for 10 equal rounds.
[ 2026-05-15 09:09:07 | node_21 | INFO ] 🔬 Evaluating...
[ 2026-05-15 09:09:07 | node_26 | INFO ] 📈 Evaluated. Results: {'test_loss': 0.15293127298355103, 'test_acc': 0.9950248599052429, 'test_precision': 0.8938640356063843, 'test_recall': 0.8892494440078735, 'test_f1': 0.8915054798126221, 'communication_cost': 26343772}
[ 2026-05-15 09:09:08 | node_26 | INFO ] 📢 Broadcasting metrics.
[ 2026-05-15 09:09:08 | node_21 | INFO ] 📈 Evaluated. Results: {'test_loss': 0.28410086035728455, 'test_acc': 0.955974817276001, 'test_precision': 0.5594472885131836, 'test_recall': 0.5944849848747253, 'test_f1': 0.5704827308654785, 'communication_cost': 26343772}
[ 2026-05-15 09:09:08 | node_21 | INFO ] 📢 Broadcasting metrics.
[ 2026-05-15 09:09:09 | node_25 | INFO ] 🛠️ Calling force_add_local_model...
[ 2026-05-15 09:09:09 | node_25 | INFO ] ✅ [FORCE] Local model added for round 98. (3/8)
[ 2026-05-15 09:09:09 | node_25 | INFO ] 📤 Sending model to 7 direct neighbors: ['node_2', 'node_6', 'node_7', 'node_15', 'node_19', 'node_23', 'node_31']
[ 2026-05-15 09:09:09 | node_2 | INFO ] 🧩 Model added for round 98 (1/8) from ['node_25']
[ 2026-05-15 09:09:09 | node_30 | INFO ] 🛠️ Calling force_add_local_model...
[ 2026-05-15 09:09:09 | node_30 | INFO ] ✅ [FORCE] Local model added for round 98. (1/5)
[ 2026-05-15 09:09:10 | node_30 | INFO ] 📤 Sending model to 4 direct neighbors: ['node_15', 'node_35', 'node_46', 'node_47']
[ 2026-05-15 09:09:10 | node_37 | INFO ] 🛠️ Calling force_add_local_model...
[ 2026-05-15 09:09:10 | node_37 | INFO ] ✅ [FORCE] Local model added for round 98. (2/6)
[ 2026-05-15 09:09:10 | node_37 | INFO ] 📤 Sending model to 5 direct neighbors: ['node_6', 'node_21', 'node_26', 'node_28', 'node_36']
[ 2026-05-15 09:09:10 | node_4 | INFO ] ⏹️  Gossiping exited for 10 equal rounds.
[ 2026-05-15 09:09:10 | node_27 | INFO ] ⏹️  Gossiping exited for 10 equal rounds.
[ 2026-05-15 09:09:10 | node_4 | INFO ] 🔬 Evaluating...
[ 2026-05-15 09:09:10 | node_27 | INFO ] 🔬 Evaluating...
[ 2026-05-15 09:09:10 | node_6 | INFO ] 🧩 Model added for round 98 (2/4) from ['node_37']
[ 2026-05-15 09:09:11 | node_4 | INFO ] 📈 Evaluated. Results: {'test_loss': 0.26274505257606506, 'test_acc': 0.9677419066429138, 'test_precision': 0.948903501033783, 'test_recall': 0.9851852655410767, 'test_f1': 0.9626306295394897, 'communication_cost': 15053584}
[ 2026-05-15 09:09:11 | node_27 | INFO ] 📈 Evaluated. Results: {'test_loss': 0.19225536286830902, 'test_acc': 0.9761193990707397, 'test_precision': 0.782463788986206, 'test_recall': 0.8099953532218933, 'test_f1': 0.7881333827972412, 'communication_cost': 18816980}
[ 2026-05-15 09:09:11 | node_4 | INFO ] 📢 Broadcasting metrics.
[ 2026-05-15 09:09:11 | node_27 | INFO ] 📢 Broadcasting metrics.
[ 2026-05-15 09:09:11 | node_39 | INFO ] ⏹️  Gossiping exited for 10 equal rounds.
[ 2026-05-15 09:09:11 | node_31 | INFO ] ⏹️  Gossiping exited for 10 equal rounds.
[ 2026-05-15 09:09:11 | node_2 | INFO ] 🛠️ Calling force_add_local_model...
[ 2026-05-15 09:09:11 | node_6 | INFO ] 🧩 Model added for round 98 (3/4) from ['node_25']
[ 2026-05-15 09:09:11 | node_2 | INFO ] ✅ [FORCE] Local model added for round 98. (2/8)
[ 2026-05-15 09:09:11 | node_39 | INFO ] 🔬 Evaluating...
[ 2026-05-15 09:09:11 | node_2 | INFO ] 📤 Sending model to 7 direct neighbors: ['node_25', 'node_26', 'node_34', 'node_41', 'node_44', 'node_45', 'node_46']
[ 2026-05-15 09:09:11 | node_31 | INFO ] 🔬 Evaluating...
[ 2026-05-15 09:09:11 | node_22 | INFO ] ⏹️  Gossiping exited for 10 equal rounds.
[ 2026-05-15 09:09:12 | node_22 | INFO ] 🔬 Evaluating...
[ 2026-05-15 09:09:12 | node_39 | INFO ] 📈 Evaluated. Results: {'test_loss': 0.17892204225063324, 'test_acc': 0.9848484992980957, 'test_precision': 0.6484848260879517, 'test_recall': 0.6407439708709717, 'test_f1': 0.6445389986038208, 'communication_cost': 30107168}
[ 2026-05-15 09:09:12 | node_31 | INFO ] 📈 Evaluated. Results: {'test_loss': 0.2562808692455292, 'test_acc': 0.9661017060279846, 'test_precision': 0.9687148928642273, 'test_recall': 0.9697855114936829, 'test_f1': 0.9681065678596497, 'communication_cost': 26343772}
[ 2026-05-15 09:09:12 | node_39 | INFO ] 📢 Broadcasting metrics.
[ 2026-05-15 09:09:12 | node_25 | INFO ] 🧩 Model added for round 98 (4/8) from ['node_2']
[ 2026-05-15 09:09:12 | node_31 | INFO ] 📢 Broadcasting metrics.
[ 2026-05-15 09:09:12 | node_22 | INFO ] 📈 Evaluated. Results: {'test_loss': 0.20884478092193604, 'test_acc': 0.9720670580863953, 'test_precision': 0.8506518602371216, 'test_recall': 0.8694470524787903, 'test_f1': 0.8569091558456421, 'communication_cost': 30107168}
[ 2026-05-15 09:09:12 | node_16 | INFO ] ⏹️  Gossiping exited for 10 equal rounds.
[ 2026-05-15 09:09:12 | node_22 | INFO ] 📢 Broadcasting metrics.
[ 2026-05-15 09:09:13 | node_16 | INFO ] 🔬 Evaluating...
[ 2026-05-15 09:09:13 | node_16 | INFO ] 📈 Evaluated. Results: {'test_loss': 0.21537594497203827, 'test_acc': 0.9701492786407471, 'test_precision': 0.7858321666717529, 'test_recall': 0.8129951357841492, 'test_f1': 0.793192446231842, 'communication_cost': 22580376}
[ 2026-05-15 09:09:13 | node_26 | INFO ] 🎉 Round 98 of 100 finished.
[ 2026-05-15 09:09:13 | node_16 | INFO ] 📢 Broadcasting metrics.
[ 2026-05-15 09:09:13 | node_26 | INFO ] 🗳️ [DETERMINISTIC] Train set assigned (No Voting). Size: 50
[ 2026-05-15 09:09:13 | node_44 | INFO ] ⏹️  Gossiping exited for 10 equal rounds.
[ 2026-05-15 09:09:13 | node_21 | INFO ] 🎉 Round 98 of 100 finished.
[ 2026-05-15 09:09:13 | node_26 | INFO ] ♻️ Proactively processing 1 early models for round 98.
[ 2026-05-15 09:09:13 | node_44 | INFO ] 🔬 Evaluating...
[ 2026-05-15 09:09:13 | node_21 | INFO ] 🗳️ [DETERMINISTIC] Train set assigned (No Voting). Size: 50
[ 2026-05-15 09:09:13 | node_26 | INFO ] 🧩 Model added for round 98 (1/8) from ['node_37']
[ 2026-05-15 09:09:14 | node_26 | INFO ] 🏋️‍♀️ Preparing training...
[ 2026-05-15 09:09:14 | node_19 | INFO ] 🧩 Model added for round 98 (2/5) from ['node_25']
[ 2026-05-15 09:09:14 | node_21 | INFO ] ♻️ Proactively processing 1 early models for round 98.
[ 2026-05-15 09:09:14 | node_44 | INFO ] 📈 Evaluated. Results: {'test_loss': 0.22321966290473938, 'test_acc': 0.9571428298950195, 'test_precision': 0.8801904916763306, 'test_recall': 0.9251512885093689, 'test_f1': 0.8975046277046204, 'communication_cost': 33870564}
[ 2026-05-15 09:09:14 | node_21 | INFO ] 🧩 Model added for round 98 (1/8) from ['node_37']
[ 2026-05-15 09:09:14 | node_26 | INFO ] 🧩 Model added for round 98 (2/8) from ['node_2']
[ 2026-05-15 09:09:14 | node_21 | INFO ] 🏋️‍♀️ Preparing training...
[ 2026-05-15 09:09:14 | node_44 | INFO ] 📢 Broadcasting metrics.
[ 2026-05-15 09:09:14 | node_43 | INFO ] ⏹️  Gossiping exited for 10 equal rounds.
[ 2026-05-15 09:09:14 | node_4 | INFO ] 🎉 Round 98 of 100 finished.
[ 2026-05-15 09:09:14 | node_26 | INFO ] 🎓 Training step done.
[ 2026-05-15 09:09:14 | node_4 | INFO ] 🗳️ [DETERMINISTIC] Train set assigned (No Voting). Size: 50
[ 2026-05-15 09:09:14 | node_43 | INFO ] 🔬 Evaluating...
[ 2026-05-15 09:09:15 | node_28 | INFO ] ⏹️  Gossiping exited for 10 equal rounds.
[ 2026-05-15 09:09:15 | node_4 | INFO ] 🏋️‍♀️ Preparing training...
[ 2026-05-15 09:09:15 | node_43 | INFO ] 📈 Evaluated. Results: {'test_loss': 0.16705550253391266, 'test_acc': 0.9844357967376709, 'test_precision': 0.7509727478027344, 'test_recall': 0.7394377589225769, 'test_f1': 0.7450352907180786, 'communication_cost': 22580376}
[ 2026-05-15 09:09:15 | node_28 | INFO ] 🔬 Evaluating...
[ 2026-05-15 09:09:15 | node_21 | INFO ] 🎓 Training step done.
[ 2026-05-15 09:09:15 | node_43 | INFO ] 📢 Broadcasting metrics.
[ 2026-05-15 09:09:15 | node_27 | INFO ] 🎉 Round 98 of 100 finished.
[ 2026-05-15 09:09:15 | node_38 | INFO ] ⏹️  Gossiping exited for 10 equal rounds.
[ 2026-05-15 09:09:15 | node_5 | INFO ] ⏹️  Gossiping exited for 10 equal rounds.
[ 2026-05-15 09:09:15 | node_27 | INFO ] 🗳️ [DETERMINISTIC] Train set assigned (No Voting). Size: 50
[ 2026-05-15 09:09:15 | node_38 | INFO ] 🔬 Evaluating...
[ 2026-05-15 09:09:15 | node_5 | INFO ] 🔬 Evaluating...
[ 2026-05-15 09:09:15 | node_28 | INFO ] 📈 Evaluated. Results: {'test_loss': 0.22032377123832703, 'test_acc': 0.9638009071350098, 'test_precision': 0.7774070501327515, 'test_recall': 0.76409912109375, 'test_f1': 0.7702504396438599, 'communication_cost': 26343772}
[ 2026-05-15 09:09:15 | node_27 | INFO ] 🏋️‍♀️ Preparing training...
[ 2026-05-15 09:09:16 | node_28 | INFO ] 📢 Broadcasting metrics.
[ 2026-05-15 09:09:16 | node_4 | INFO ] 🎓 Training step done.
[ 2026-05-15 09:09:16 | node_38 | INFO ] 📈 Evaluated. Results: {'test_loss': 0.22511659562587738, 'test_acc': 0.9826589822769165, 'test_precision': 0.8755620121955872, 'test_recall': 0.9007729887962341, 'test_f1': 0.8856223821640015, 'communication_cost': 26343772}
[ 2026-05-15 09:09:16 | node_5 | INFO ] 📈 Evaluated. Results: {'test_loss': 0.28670161962509155, 'test_acc': 0.9550561904907227, 'test_precision': 0.7837373614311218, 'test_recall': 0.792561411857605, 'test_f1': 0.7859295010566711, 'communication_cost': 30107168}
[ 2026-05-15 09:09:16 | node_5 | INFO ] 📢 Broadcasting metrics.
[ 2026-05-15 09:09:16 | node_38 | INFO ] 📢 Broadcasting metrics.
[ 2026-05-15 09:09:16 | node_47 | INFO ] ⏹️  Gossiping exited for 10 equal rounds.
[ 2026-05-15 09:09:16 | node_7 | INFO ] ⏹️  Gossiping exited for 10 equal rounds.
[ 2026-05-15 09:09:16 | node_42 | INFO ] ⏹️  Gossiping exited for 10 equal rounds.
[ 2026-05-15 09:09:16 | node_47 | INFO ] 🔬 Evaluating...
[ 2026-05-15 09:09:16 | node_7 | INFO ] 🔬 Evaluating...
[ 2026-05-15 09:09:16 | node_42 | INFO ] 🔬 Evaluating...
[ 2026-05-15 09:09:17 | node_34 | INFO ] ⏹️  Gossiping exited for 10 equal rounds.
[ 2026-05-15 09:09:17 | node_13 | INFO ] ⏹️  Gossiping exited for 10 equal rounds.
[ 2026-05-15 09:09:17 | node_11 | INFO ] ⏹️  Gossiping exited for 10 equal rounds.
[ 2026-05-15 09:09:17 | node_47 | INFO ] 📈 Evaluated. Results: {'test_loss': 0.17250147461891174, 'test_acc': 0.9836065769195557, 'test_precision': 0.940909206867218, 'test_recall': 0.9474359750747681, 'test_f1': 0.9272727966308594, 'communication_cost': 15053584}
[ 2026-05-15 09:09:17 | node_27 | INFO ] 🎓 Training step done.
[ 2026-05-15 09:09:17 | node_1 | INFO ] ⏹️  Gossiping exited for 10 equal rounds.
[ 2026-05-15 09:09:17 | node_34 | INFO ] 🔬 Evaluating...
[ 2026-05-15 09:09:17 | node_42 | INFO ] 📈 Evaluated. Results: {'test_loss': 0.19937008619308472, 'test_acc': 0.9839572310447693, 'test_precision': 0.8851860165596008, 'test_recall': 0.8831932544708252, 'test_f1': 0.8837420344352722, 'communication_cost': 18816980}
[ 2026-05-15 09:09:17 | node_3 | INFO ] ⏹️  Gossiping exited for 10 equal rounds.
[ 2026-05-15 09:09:17 | node_7 | INFO ] 📈 Evaluated. Results: {'test_loss': 0.2481725960969925, 'test_acc': 0.9794721603393555, 'test_precision': 0.6889820098876953, 'test_recall': 0.6824766993522644, 'test_f1': 0.6856416463851929, 'communication_cost': 45160752}
[ 2026-05-15 09:09:17 | node_35 | INFO ] ⏹️  Gossiping exited for 10 equal rounds.
[ 2026-05-15 09:09:17 | node_47 | INFO ] 📢 Broadcasting metrics.
[ 2026-05-15 09:09:17 | node_13 | INFO ] 🔬 Evaluating...
[ 2026-05-15 09:09:17 | node_42 | INFO ] 📢 Broadcasting metrics.
[ 2026-05-15 09:09:17 | node_11 | INFO ] 🔬 Evaluating...
[ 2026-05-15 09:09:17 | node_7 | INFO ] 📢 Broadcasting metrics.
[ 2026-05-15 09:09:17 | node_1 | INFO ] 🔬 Evaluating...
[ 2026-05-15 09:09:18 | node_3 | INFO ] 🔬 Evaluating...
[ 2026-05-15 09:09:18 | node_35 | INFO ] 🔬 Evaluating...
[ 2026-05-15 09:09:18 | node_34 | INFO ] 📈 Evaluated. Results: {'test_loss': 0.2506640553474426, 'test_acc': 0.9671052694320679, 'test_precision': 0.8993985056877136, 'test_recall': 0.8761904835700989, 'test_f1': 0.88665771484375, 'communication_cost': 26343772}
[ 2026-05-15 09:09:18 | node_41 | INFO ] ⏹️  Gossiping exited for 10 equal rounds.
[ 2026-05-15 09:09:18 | node_34 | INFO ] 📢 Broadcasting metrics.
[ 2026-05-15 09:09:18 | node_13 | INFO ] 📈 Evaluated. Results: {'test_loss': 0.2516397535800934, 'test_acc': 0.9718309640884399, 'test_precision': 0.6963447332382202, 'test_recall': 0.6797854900360107, 'test_f1': 0.6877648234367371, 'communication_cost': 22580376}
[ 2026-05-15 09:09:18 | node_13 | INFO ] 📢 Broadcasting metrics.
[ 2026-05-15 09:09:18 | node_11 | INFO ] 📈 Evaluated. Results: {'test_loss': 0.2755039632320404, 'test_acc': 0.950276255607605, 'test_precision': 0.6014147400856018, 'test_recall': 0.6294435262680054, 'test_f1': 0.6115498542785645, 'communication_cost': 37633960}
[ 2026-05-15 09:09:18 | node_1 | INFO ] 📈 Evaluated. Results: {'test_loss': 0.2350984364748001, 'test_acc': 0.9644444584846497, 'test_precision': 0.618494987487793, 'test_recall': 0.6265372633934021, 'test_f1': 0.616454005241394, 'communication_cost': 26343772}
[ 2026-05-15 09:09:18 | node_41 | INFO ] 🔬 Evaluating...
[ 2026-05-15 09:09:18 | node_3 | INFO ] 📈 Evaluated. Results: {'test_loss': 0.2630952298641205, 'test_acc': 0.9556962251663208, 'test_precision': 0.7263411283493042, 'test_recall': 0.7144204378128052, 'test_f1': 0.7185711860656738, 'communication_cost': 33870564}
[ 2026-05-15 09:09:18 | node_35 | INFO ] 📈 Evaluated. Results: {'test_loss': 0.23712389171123505, 'test_acc': 0.9692307710647583, 'test_precision': 0.7761427760124207, 'test_recall': 0.7571977376937866, 'test_f1': 0.7661108374595642, 'communication_cost': 26343772}
[ 2026-05-15 09:09:18 | node_11 | INFO ] 📢 Broadcasting metrics.
[ 2026-05-15 09:09:18 | node_31 | INFO ] 🎉 Round 98 of 100 finished.
[ 2026-05-15 09:09:18 | node_1 | INFO ] 📢 Broadcasting metrics.
[ 2026-05-15 09:09:19 | node_3 | INFO ] 📢 Broadcasting metrics.
[ 2026-05-15 09:09:19 | node_35 | INFO ] 📢 Broadcasting metrics.
[ 2026-05-15 09:09:19 | node_31 | INFO ] 🗳️ [DETERMINISTIC] Train set assigned (No Voting). Size: 50
[ 2026-05-15 09:09:19 | node_16 | INFO ] 🎉 Round 98 of 100 finished.
[ 2026-05-15 09:09:19 | node_41 | INFO ] 📈 Evaluated. Results: {'test_loss': 0.19540683925151825, 'test_acc': 0.9738562107086182, 'test_precision': 0.8990559577941895, 'test_recall': 0.9323588609695435, 'test_f1': 0.9106041193008423, 'communication_cost': 33870564}
[ 2026-05-15 09:09:19 | node_41 | INFO ] 📢 Broadcasting metrics.
[ 2026-05-15 09:09:19 | node_31 | INFO ] ♻️ Proactively processing 1 early models for round 98.
[ 2026-05-15 09:09:19 | node_39 | INFO ] 🎉 Round 97 of 100 finished.
[ 2026-05-15 09:09:19 | node_31 | INFO ] 🧩 Model added for round 98 (1/8) from ['node_25']
[ 2026-05-15 09:09:19 | node_16 | INFO ] 🗳️ [DETERMINISTIC] Train set assigned (No Voting). Size: 50
[ 2026-05-15 09:09:19 | node_31 | INFO ] 🏋️‍♀️ Preparing training...
[ 2026-05-15 09:09:19 | node_39 | INFO ] 🗳️ [DETERMINISTIC] Train set assigned (No Voting). Size: 50
[ 2026-05-15 09:09:20 | node_16 | INFO ] 🏋️‍♀️ Preparing training...
[ 2026-05-15 09:09:20 | node_22 | INFO ] 🎉 Round 98 of 100 finished.
[ 2026-05-15 09:09:20 | node_26 | INFO ] 🛠️ Calling force_add_local_model...
[ 2026-05-15 09:09:20 | node_26 | INFO ] ✅ [FORCE] Local model added for round 98. (3/8)
[ 2026-05-15 09:09:20 | node_39 | INFO ] ♻️ Proactively processing 8 early models for round 97.
[ 2026-05-15 09:09:20 | node_22 | INFO ] 🗳️ [DETERMINISTIC] Train set assigned (No Voting). Size: 50
[ 2026-05-15 09:09:20 | node_39 | INFO ] 🧩 Model added for round 97 (1/9) from ['node_24']
[ 2026-05-15 09:09:20 | node_26 | INFO ] 📤 Sending model to 7 direct neighbors: ['node_2', 'node_11', 'node_12', 'node_21', 'node_36', 'node_37', 'node_45']
[ 2026-05-15 09:09:20 | node_39 | INFO ] 🧩 Model added for round 97 (2/9) from ['node_10']
[ 2026-05-15 09:09:20 | node_21 | INFO ] 🛠️ Calling force_add_local_model...
[ 2026-05-15 09:09:20 | node_39 | INFO ] 🧩 Model added for round 97 (3/9) from ['node_12']
[ 2026-05-15 09:09:20 | node_21 | INFO ] ✅ [FORCE] Local model added for round 98. (2/8)
[ 2026-05-15 09:09:20 | node_45 | INFO ] ⏹️  Gossiping exited for 10 equal rounds.
[ 2026-05-15 09:09:20 | node_22 | INFO ] 🏋️‍♀️ Preparing training...
[ 2026-05-15 09:09:20 | node_39 | INFO ] 🧩 Model added for round 97 (4/9) from ['node_9']
[ 2026-05-15 09:09:20 | node_21 | INFO ] 📤 Sending model to 7 direct neighbors: ['node_3', 'node_8', 'node_26', 'node_28', 'node_36', 'node_37', 'node_45']
[ 2026-05-15 09:09:21 | node_39 | INFO ] 🧩 Model added for round 97 (5/9) from ['node_32']
[ 2026-05-15 09:09:21 | node_39 | INFO ] 🧩 Model added for round 97 (6/9) from ['node_14']
[ 2026-05-15 09:09:21 | node_4 | INFO ] 🛠️ Calling force_add_local_model...
[ 2026-05-15 09:09:21 | node_2 | INFO ] 🧩 Model added for round 98 (3/8) from ['node_26']
[ 2026-05-15 09:09:21 | node_45 | INFO ] 🔬 Evaluating...
[ 2026-05-15 09:09:21 | node_39 | INFO ] 🧩 Model added for round 97 (7/9) from ['node_40']
[ 2026-05-15 09:09:21 | node_4 | INFO ] ✅ [FORCE] Local model added for round 98. (1/5)
[ 2026-05-15 09:09:21 | node_31 | INFO ] 🎓 Training step done.
[ 2026-05-15 09:09:21 | node_39 | INFO ] 🧩 Model added for round 97 (8/9) from ['node_18']
[ 2026-05-15 09:09:21 | node_4 | INFO ] 📤 Sending model to 4 direct neighbors: ['node_7', 'node_12', 'node_15', 'node_23']
[ 2026-05-15 09:09:21 | node_39 | INFO ] 🏋️‍♀️ Preparing training...
[ 2026-05-15 09:09:21 | node_45 | INFO ] 📈 Evaluated. Results: {'test_loss': 0.20984865725040436, 'test_acc': 0.9685039520263672, 'test_precision': 0.7054871320724487, 'test_recall': 0.7230009436607361, 'test_f1': 0.711945116519928, 'communication_cost': 26343772}
[ 2026-05-15 09:09:22 | node_43 | INFO ] 🎉 Round 98 of 100 finished.
[ 2026-05-15 09:09:22 | node_16 | INFO ] 🎓 Training step done.
[ 2026-05-15 09:09:22 | node_45 | INFO ] 📢 Broadcasting metrics.
[ 2026-05-15 09:09:22 | node_43 | INFO ] 🗳️ [DETERMINISTIC] Train set assigned (No Voting). Size: 50
[ 2026-05-15 09:09:22 | node_47 | INFO ] 🎉 Round 98 of 100 finished.
[ 2026-05-15 09:09:22 | node_27 | INFO ] 🛠️ Calling force_add_local_model...
[ 2026-05-15 09:09:22 | node_27 | INFO ] ✅ [FORCE] Local model added for round 98. (1/6)
[ 2026-05-15 09:09:22 | node_47 | INFO ] 🗳️ [DETERMINISTIC] Train set assigned (No Voting). Size: 50
[ 2026-05-15 09:09:22 | node_27 | INFO ] 📤 Sending model to 5 direct neighbors: ['node_14', 'node_20', 'node_23', 'node_31', 'node_43']
[ 2026-05-15 09:09:22 | node_43 | INFO ] 🏋️‍♀️ Preparing training...
[ 2026-05-15 09:09:22 | node_22 | INFO ] 🎓 Training step done.
[ 2026-05-15 09:09:22 | node_39 | INFO ] 🎓 Training step done.
[ 2026-05-15 09:09:23 | node_47 | INFO ] ♻️ Proactively processing 1 early models for round 98.
[ 2026-05-15 09:09:23 | node_26 | INFO ] 🧩 Model added for round 98 (4/8) from ['node_21']
[ 2026-05-15 09:09:23 | node_47 | INFO ] 🧩 Model added for round 98 (1/5) from ['node_30']
[ 2026-05-15 09:09:23 | node_47 | INFO ] 🏋️‍♀️ Preparing training...
[ 2026-05-15 09:09:23 | node_42 | INFO ] 🎉 Round 98 of 100 finished.
[ 2026-05-15 09:09:23 | node_44 | INFO ] 🎉 Round 98 of 100 finished.
[ 2026-05-15 09:09:23 | node_42 | INFO ] 🗳️ [DETERMINISTIC] Train set assigned (No Voting). Size: 50
[ 2026-05-15 09:09:23 | node_28 | INFO ] 🎉 Round 98 of 100 finished.
[ 2026-05-15 09:09:23 | node_44 | INFO ] 🗳️ [DETERMINISTIC] Train set assigned (No Voting). Size: 50
[ 2026-05-15 09:09:24 | node_28 | INFO ] 🗳️ [DETERMINISTIC] Train set assigned (No Voting). Size: 50
[ 2026-05-15 09:09:24 | node_42 | INFO ] 🏋️‍♀️ Preparing training...
[ 2026-05-15 09:09:24 | node_38 | INFO ] 🎉 Round 98 of 100 finished.
[ 2026-05-15 09:09:24 | node_43 | INFO ] 🎓 Training step done.
[ 2026-05-15 09:09:24 | node_44 | INFO ] ♻️ Proactively processing 1 early models for round 98.
[ 2026-05-15 09:09:24 | node_44 | INFO ] 🧩 Model added for round 98 (1/10) from ['node_2']
[ 2026-05-15 09:09:24 | node_38 | INFO ] 🗳️ [DETERMINISTIC] Train set assigned (No Voting). Size: 50
[ 2026-05-15 09:09:24 | node_28 | INFO ] ♻️ Proactively processing 1 early models for round 98.
[ 2026-05-15 09:09:24 | node_44 | INFO ] 🏋️‍♀️ Preparing training...
[ 2026-05-15 09:09:24 | node_17 | INFO ] ⏹️  Gossiping exited for 10 equal rounds.
[ 2026-05-15 09:09:24 | node_28 | INFO ] 🧩 Model added for round 98 (1/8) from ['node_37']
[ 2026-05-15 09:09:24 | node_47 | INFO ] 🎓 Training step done.
[ 2026-05-15 09:09:24 | node_28 | INFO ] 🏋️‍♀️ Preparing training...
[ 2026-05-15 09:09:24 | node_38 | INFO ] 🏋️‍♀️ Preparing training...
[ 2026-05-15 09:09:24 | node_13 | INFO ] 🎉 Round 98 of 100 finished.
[ 2026-05-15 09:09:24 | node_17 | INFO ] 🔬 Evaluating...
[ 2026-05-15 09:09:24 | node_5 | INFO ] 🎉 Round 98 of 100 finished.
[ 2026-05-15 09:09:24 | node_42 | INFO ] 🎓 Training step done.
[ 2026-05-15 09:09:24 | node_13 | INFO ] 🗳️ [DETERMINISTIC] Train set assigned (No Voting). Size: 50
[ 2026-05-15 09:09:24 | node_5 | INFO ] 🗳️ [DETERMINISTIC] Train set assigned (No Voting). Size: 50
[ 2026-05-15 09:09:25 | node_31 | INFO ] 🧩 Model added for round 98 (2/8) from ['node_27']
[ 2026-05-15 09:09:25 | node_21 | INFO ] 🧩 Model added for round 98 (3/8) from ['node_26']
[ 2026-05-15 09:09:25 | node_44 | INFO ] 🎓 Training step done.
[ 2026-05-15 09:09:25 | node_17 | INFO ] 📈 Evaluated. Results: {'test_loss': 0.18184462189674377, 'test_acc': 0.9900990128517151, 'test_precision': 0.9313119053840637, 'test_recall': 0.9361040592193604, 'test_f1': 0.9334197640419006, 'communication_cost': 15053584}
[ 2026-05-15 09:09:25 | node_28 | INFO ] 🧩 Model added for round 98 (2/8) from ['node_21']
[ 2026-05-15 09:09:25 | node_13 | INFO ] 🏋️‍♀️ Preparing training...
[ 2026-05-15 09:09:25 | node_5 | INFO ] 🏋️‍♀️ Preparing training...
[ 2026-05-15 09:09:25 | node_17 | INFO ] 📢 Broadcasting metrics.
[ 2026-05-15 09:09:25 | node_34 | INFO ] 🎉 Round 98 of 100 finished.
[ 2026-05-15 09:09:25 | node_34 | INFO ] 🗳️ [DETERMINISTIC] Train set assigned (No Voting). Size: 50
[ 2026-05-15 09:09:25 | node_38 | INFO ] 🎓 Training step done.
[ 2026-05-15 09:09:25 | node_28 | INFO ] 🎓 Training step done.
[ 2026-05-15 09:09:25 | node_34 | INFO ] ♻️ Proactively processing 1 early models for round 98.
[ 2026-05-15 09:09:25 | node_1 | INFO ] 🎉 Round 98 of 100 finished.
[ 2026-05-15 09:09:25 | node_34 | INFO ] 🧩 Model added for round 98 (1/8) from ['node_2']
[ 2026-05-15 09:09:25 | node_34 | INFO ] 🏋️‍♀️ Preparing training...
[ 2026-05-15 09:09:25 | node_35 | INFO ] 🎉 Round 98 of 100 finished.
[ 2026-05-15 09:09:25 | node_1 | INFO ] 🗳️ [DETERMINISTIC] Train set assigned (No Voting). Size: 50
[ 2026-05-15 09:09:25 | node_35 | INFO ] 🗳️ [DETERMINISTIC] Train set assigned (No Voting). Size: 50
[ 2026-05-15 09:09:26 | node_1 | INFO ] 🏋️‍♀️ Preparing training...
[ 2026-05-15 09:09:26 | node_5 | INFO ] 🎓 Training step done.
[ 2026-05-15 09:09:26 | node_13 | INFO ] 🎓 Training step done.
[ 2026-05-15 09:09:26 | node_35 | INFO ] ♻️ Proactively processing 1 early models for round 98.
[ 2026-05-15 09:09:26 | node_35 | INFO ] 🧩 Model added for round 98 (1/8) from ['node_30']
[ 2026-05-15 09:09:26 | node_35 | INFO ] 🏋️‍♀️ Preparing training...
[ 2026-05-15 09:09:26 | node_43 | INFO ] 🧩 Model added for round 98 (1/7) from ['node_27']
[ 2026-05-15 09:09:26 | node_34 | INFO ] 🎓 Training step done.
[ 2026-05-15 09:09:26 | node_31 | INFO ] 🛠️ Calling force_add_local_model...
[ 2026-05-15 09:09:26 | node_31 | INFO ] ✅ [FORCE] Local model added for round 98. (3/8)
[ 2026-05-15 09:09:26 | node_31 | INFO ] 📤 Sending model to 7 direct neighbors: ['node_7', 'node_24', 'node_25', 'node_27', 'node_32', 'node_36', 'node_44']
[ 2026-05-15 09:09:26 | node_36 | INFO ] ⏹️  Gossiping exited for 10 equal rounds.
[ 2026-05-15 09:09:27 | node_3 | INFO ] 🎉 Round 98 of 100 finished.
[ 2026-05-15 09:09:27 | node_37 | INFO ] 🧩 Model added for round 98 (3/6) from ['node_21']
[ 2026-05-15 09:09:27 | node_36 | INFO ] 🔬 Evaluating...
[ 2026-05-15 09:09:27 | node_1 | INFO ] 🎓 Training step done.
[ 2026-05-15 09:09:27 | node_37 | INFO ] 🧩 Model added for round 98 (4/6) from ['node_26']
[ 2026-05-15 09:09:27 | node_3 | INFO ] 🗳️ [DETERMINISTIC] Train set assigned (No Voting). Size: 50
[ 2026-05-15 09:09:27 | node_41 | INFO ] 🎉 Round 98 of 100 finished.
[ 2026-05-15 09:09:27 | node_16 | INFO ] 🛠️ Calling force_add_local_model...
[ 2026-05-15 09:09:27 | node_35 | INFO ] 🎓 Training step done.
[ 2026-05-15 09:09:27 | node_45 | INFO ] 🎉 Round 98 of 100 finished.
[ 2026-05-15 09:09:27 | node_16 | INFO ] ✅ [FORCE] Local model added for round 98. (1/7)
[ 2026-05-15 09:09:27 | node_41 | INFO ] 🗳️ [DETERMINISTIC] Train set assigned (No Voting). Size: 50
[ 2026-05-15 09:09:27 | node_3 | INFO ] ♻️ Proactively processing 1 early models for round 98.
[ 2026-05-15 09:09:27 | node_16 | INFO ] 📤 Sending model to 6 direct neighbors: ['node_1', 'node_3', 'node_7', 'node_14', 'node_24', 'node_36']
[ 2026-05-15 09:09:27 | node_36 | INFO ] 📈 Evaluated. Results: {'test_loss': 0.14646396040916443, 'test_acc': 0.9941176176071167, 'test_precision': 0.9176470637321472, 'test_recall': 0.9094117879867554, 'test_f1': 0.9133126735687256, 'communication_cost': 37633960}
[ 2026-05-15 09:09:27 | node_45 | INFO ] 🗳️ [DETERMINISTIC] Train set assigned (No Voting). Size: 50
[ 2026-05-15 09:09:27 | node_3 | INFO ] 🧩 Model added for round 98 (1/10) from ['node_21']
[ 2026-05-15 09:09:27 | node_3 | INFO ] 🏋️‍♀️ Preparing training...
[ 2026-05-15 09:09:27 | node_36 | INFO ] 📢 Broadcasting metrics.
[ 2026-05-15 09:09:27 | node_41 | INFO ] ♻️ Proactively processing 1 early models for round 98.
[ 2026-05-15 09:09:27 | node_45 | INFO ] ♻️ Proactively processing 1 early models for round 98.
[ 2026-05-15 09:09:27 | node_41 | INFO ] 🧩 Model added for round 98 (1/10) from ['node_2']
[ 2026-05-15 09:09:27 | node_11 | INFO ] 🎉 Round 98 of 100 finished.
[ 2026-05-15 09:09:27 | node_22 | INFO ] 🛠️ Calling force_add_local_model...
[ 2026-05-15 09:09:27 | node_45 | INFO ] 🧩 Model added for round 98 (1/8) from ['node_2']
[ 2026-05-15 09:09:27 | node_17 | INFO ] 🎉 Round 98 of 100 finished.
[ 2026-05-15 09:09:27 | node_41 | INFO ] 🏋️‍♀️ Preparing training...
[ 2026-05-15 09:09:27 | node_39 | INFO ] 🛠️ Calling force_add_local_model...
[ 2026-05-15 09:09:27 | node_45 | INFO ] 🏋️‍♀️ Preparing training...
[ 2026-05-15 09:09:28 | node_22 | INFO ] ✅ [FORCE] Local model added for round 98. (1/9)
[ 2026-05-15 09:09:28 | node_11 | INFO ] 🗳️ [DETERMINISTIC] Train set assigned (No Voting). Size: 50
[ 2026-05-15 09:09:28 | node_1 | INFO ] 🧩 Model added for round 98 (1/8) from ['node_16']
[ 2026-05-15 09:09:28 | node_39 | INFO ] ✅ [FORCE] Local model added for round 97. (9/9)
[ 2026-05-15 09:09:28 | node_17 | INFO ] 🗳️ [DETERMINISTIC] Train set assigned (No Voting). Size: 50
[ 2026-05-15 09:09:28 | node_22 | INFO ] 📤 Sending model to 8 direct neighbors: ['node_5', 'node_7', 'node_12', 'node_13', 'node_20', 'node_35', 'node_38', 'node_46']
[ 2026-05-15 09:09:28 | node_39 | INFO ] 📤 Sending model to 8 direct neighbors: ['node_9', 'node_10', 'node_12', 'node_14', 'node_18', 'node_24', 'node_32', 'node_40']
[ 2026-05-15 09:09:28 | node_11 | INFO ] ♻️ Proactively processing 2 early models for round 98.
[ 2026-05-15 09:09:28 | node_17 | INFO ] 🏋️‍♀️ Preparing training...
[ 2026-05-15 09:09:28 | node_7 | INFO ] 🎉 Round 98 of 100 finished.
[ 2026-05-15 09:09:28 | node_11 | INFO ] 🧩 Model added for round 98 (1/11) from ['node_19']
[ 2026-05-15 09:09:28 | node_11 | INFO ] 🧩 Model added for round 98 (2/11) from ['node_26']
[ 2026-05-15 09:09:28 | node_3 | INFO ] 🎓 Training step done.
[ 2026-05-15 09:09:28 | node_45 | INFO ] 🧩 Model added for round 98 (2/8) from ['node_21']
[ 2026-05-15 09:09:28 | node_7 | INFO ] 🗳️ [DETERMINISTIC] Train set assigned (No Voting). Size: 50
[ 2026-05-15 09:09:28 | node_5 | INFO ] 🧩 Model added for round 98 (1/9) from ['node_22']
[ 2026-05-15 09:09:28 | node_11 | INFO ] 🏋️‍♀️ Preparing training...
[ 2026-05-15 09:09:28 | node_25 | INFO ] 🧩 Model added for round 98 (5/8) from ['node_31']
[ 2026-05-15 09:09:28 | node_45 | INFO ] 🧩 Model added for round 98 (3/8) from ['node_26']
[ 2026-05-15 09:09:28 | node_9 | INFO ] 🧩 Model added for round 97 (11/11) from ['node_39']
[ 2026-05-15 09:09:28 | node_41 | INFO ] 🎓 Training step done.
[ 2026-05-15 09:09:28 | node_7 | INFO ] ♻️ Proactively processing 4 early models for round 98.
[ 2026-05-15 09:09:28 | node_7 | INFO ] 🧩 Model added for round 98 (1/13) from ['node_19']
[ 2026-05-15 09:09:28 | node_45 | INFO ] 🎓 Training step done.
[ 2026-05-15 09:09:29 | node_7 | INFO ] 🧩 Model added for round 98 (2/13) from ['node_25']
[ 2026-05-15 09:09:29 | node_7 | INFO ] 🧩 Model added for round 98 (3/13) from ['node_4']
[ 2026-05-15 09:09:29 | node_7 | INFO ] 🧩 Model added for round 98 (4/13) from ['node_31']
[ 2026-05-15 09:09:29 | node_43 | INFO ] 🛠️ Calling force_add_local_model...
[ 2026-05-15 09:09:29 | node_7 | INFO ] 🏋️‍♀️ Preparing training...
[ 2026-05-15 09:09:29 | node_43 | INFO ] ✅ [FORCE] Local model added for round 98. (2/7)
[ 2026-05-15 09:09:29 | node_46 | INFO ] ⏹️  Gossiping exited for 10 equal rounds.
[ 2026-05-15 09:09:29 | node_43 | INFO ] 📤 Sending model to 6 direct neighbors: ['node_5', 'node_10', 'node_11', 'node_27', 'node_28', 'node_35']
[ 2026-05-15 09:09:29 | node_17 | INFO ] 🎓 Training step done.
[ 2026-05-15 09:09:29 | node_9 | INFO ] 🧠 Aggregation complete. Setting new model.
[ 2026-05-15 09:09:29 | node_46 | INFO ] 🔬 Evaluating...
[ 2026-05-15 09:09:29 | node_47 | INFO ] 🛠️ Calling force_add_local_model...
[ 2026-05-15 09:09:29 | node_11 | INFO ] 🎓 Training step done.
[ 2026-05-15 09:09:29 | node_47 | INFO ] ✅ [FORCE] Local model added for round 98. (2/5)
[ 2026-05-15 09:09:29 | node_3 | INFO ] 🧩 Model added for round 98 (2/10) from ['node_16']
[ 2026-05-15 09:09:29 | node_47 | INFO ] 📤 Sending model to 4 direct neighbors: ['node_3', 'node_9', 'node_23', 'node_30']
[ 2026-05-15 09:09:29 | node_5 | INFO ] 🧩 Model added for round 98 (2/9) from ['node_43']
[ 2026-05-15 09:09:29 | node_42 | INFO ] 🛠️ Calling force_add_local_model...
[ 2026-05-15 09:09:30 | node_42 | INFO ] ✅ [FORCE] Local model added for round 98. (1/6)
[ 2026-05-15 09:09:30 | node_46 | INFO ] 📈 Evaluated. Results: {'test_loss': 0.24998268485069275, 'test_acc': 0.9656862616539001, 'test_precision': 0.8177313804626465, 'test_recall': 0.8153099417686462, 'test_f1': 0.8155955672264099, 'communication_cost': 30107168}
[ 2026-05-15 09:09:30 | node_42 | INFO ] 📤 Sending model to 5 direct neighbors: ['node_5', 'node_15', 'node_17', 'node_32', 'node_36']
[ 2026-05-15 09:09:30 | node_46 | INFO ] 📢 Broadcasting metrics.
[ 2026-05-15 09:09:30 | node_44 | INFO ] 🛠️ Calling force_add_local_model...
[ 2026-05-15 09:09:30 | node_7 | INFO ] 🎓 Training step done.
[ 2026-05-15 09:09:30 | node_44 | INFO ] ✅ [FORCE] Local model added for round 98. (2/10)
[ 2026-05-15 09:09:30 | node_3 | INFO ] 🧩 Model added for round 98 (3/10) from ['node_47']
[ 2026-05-15 09:09:30 | node_44 | INFO ] 📤 Sending model to 9 direct neighbors: ['node_2', 'node_3', 'node_7', 'node_31', 'node_34', 'node_35', 'node_36', 'node_38', 'node_41']
[ 2026-05-15 09:09:30 | node_27 | INFO ] 🧩 Model added for round 98 (2/6) from ['node_31']
[ 2026-05-15 09:09:30 | node_38 | INFO ] 🛠️ Calling force_add_local_model...
[ 2026-05-15 09:09:30 | node_5 | INFO ] 🧩 Model added for round 98 (3/9) from ['node_42']
[ 2026-05-15 09:09:30 | node_7 | INFO ] 🧩 Model added for round 98 (5/13) from ['node_22']
[ 2026-05-15 09:09:30 | node_28 | INFO ] 🛠️ Calling force_add_local_model...
[ 2026-05-15 09:09:30 | node_38 | INFO ] ✅ [FORCE] Local model added for round 98. (1/8)
[ 2026-05-15 09:09:30 | node_28 | INFO ] ✅ [FORCE] Local model added for round 98. (3/8)
[ 2026-05-15 09:09:30 | node_38 | INFO ] 📤 Sending model to 7 direct neighbors: ['node_5', 'node_7', 'node_10', 'node_22', 'node_24', 'node_41', 'node_44']
[ 2026-05-15 09:09:30 | node_28 | INFO ] 📤 Sending model to 7 direct neighbors: ['node_5', 'node_10', 'node_21', 'node_37', 'node_41', 'node_43', 'node_46']
[ 2026-05-15 09:09:30 | node_2 | INFO ] 🧩 Model added for round 98 (4/8) from ['node_44']
[ 2026-05-15 09:09:31 | node_5 | INFO ] 🛠️ Calling force_add_local_model...
[ 2026-05-15 09:09:31 | node_10 | INFO ] 🧩 Model added for round 97 (7/7) from ['node_39']
[ 2026-05-15 09:09:31 | node_13 | INFO ] 🛠️ Calling force_add_local_model...
[ 2026-05-15 09:09:31 | node_5 | INFO ] ✅ [FORCE] Local model added for round 98. (4/9)
[ 2026-05-15 09:09:31 | node_13 | INFO ] ✅ [FORCE] Local model added for round 98. (1/7)
[ 2026-05-15 09:09:31 | node_5 | INFO ] 📤 Sending model to 8 direct neighbors: ['node_9', 'node_18', 'node_22', 'node_28', 'node_38', 'node_42', 'node_43', 'node_45']
[ 2026-05-15 09:09:31 | node_5 | INFO ] 🧩 Model added for round 98 (5/9) from ['node_38']
[ 2026-05-15 09:09:31 | node_13 | INFO ] 📤 Sending model to 6 direct neighbors: ['node_10', 'node_20', 'node_22', 'node_24', 'node_34', 'node_40']
[ 2026-05-15 09:09:31 | node_5 | INFO ] 🧩 Model added for round 98 (6/9) from ['node_28']
[ 2026-05-15 09:09:31 | node_34 | INFO ] 🛠️ Calling force_add_local_model...
[ 2026-05-15 09:09:31 | node_9 | INFO ] 🗣️ Gossiping aggregated model.
[ 2026-05-15 09:09:31 | node_34 | INFO ] ✅ [FORCE] Local model added for round 98. (2/8)
[ 2026-05-15 09:09:31 | node_10 | INFO ] 🧠 Aggregation complete. Setting new model.
[ 2026-05-15 09:09:31 | node_34 | INFO ] 📤 Sending model to 7 direct neighbors: ['node_2', 'node_11', 'node_13', 'node_14', 'node_32', 'node_41', 'node_44']
[ 2026-05-15 09:09:32 | node_7 | INFO ] 🧩 Model added for round 98 (6/13) from ['node_16']
[ 2026-05-15 09:09:32 | node_1 | INFO ] 🛠️ Calling force_add_local_model...
[ 2026-05-15 09:09:32 | node_1 | INFO ] ✅ [FORCE] Local model added for round 98. (2/8)
[ 2026-05-15 09:09:32 | node_35 | INFO ] 🛠️ Calling force_add_local_model...
[ 2026-05-15 09:09:32 | node_1 | INFO ] 📤 Sending model to 7 direct neighbors: ['node_7', 'node_11', 'node_16', 'node_17', 'node_18', 'node_32', 'node_35']
[ 2026-05-15 09:09:32 | node_2 | INFO ] 🧩 Model added for round 98 (5/8) from ['node_34']
[ 2026-05-15 09:09:32 | node_35 | INFO ] ✅ [FORCE] Local model added for round 98. (2/8)
[ 2026-05-15 09:09:32 | node_35 | INFO ] 📤 Sending model to 7 direct neighbors: ['node_1', 'node_9', 'node_10', 'node_22', 'node_30', 'node_43', 'node_44']
[ 2026-05-15 09:09:32 | node_11 | INFO ] 🧩 Model added for round 98 (3/11) from ['node_43']
[ 2026-05-15 09:09:33 | node_3 | INFO ] 🧩 Model added for round 98 (4/10) from ['node_44']
[ 2026-05-15 09:09:33 | node_12 | INFO ] 🧩 Model added for round 97 (7/7) from ['node_39']
[ 2026-05-15 09:09:33 | node_22 | INFO ] 🧩 Model added for round 98 (2/9) from ['node_13']
[ 2026-05-15 09:09:33 | node_7 | INFO ] 🧩 Model added for round 98 (7/13) from ['node_1']
[ 2026-05-15 09:09:33 | node_22 | INFO ] 🧩 Model added for round 98 (3/9) from ['node_5']
[ 2026-05-15 09:09:33 | node_1 | INFO ] 🧩 Model added for round 98 (3/8) from ['node_35']
[ 2026-05-15 09:09:33 | node_44 | INFO ] 🧩 Model added for round 98 (3/10) from ['node_31']
[ 2026-05-15 09:09:33 | node_10 | INFO ] 🗣️ Gossiping aggregated model.
[ 2026-05-15 09:09:33 | node_3 | INFO ] 🛠️ Calling force_add_local_model...
[ 2026-05-15 09:09:33 | node_17 | INFO ] 🧩 Model added for round 98 (1/5) from ['node_42']
[ 2026-05-15 09:09:33 | node_3 | INFO ] ✅ [FORCE] Local model added for round 98. (5/10)
[ 2026-05-15 09:09:33 | node_7 | INFO ] 🧩 Model added for round 98 (8/13) from ['node_38']
[ 2026-05-15 09:09:33 | node_41 | INFO ] 🛠️ Calling force_add_local_model...
[ 2026-05-15 09:09:33 | node_3 | INFO ] 📤 Sending model to 9 direct neighbors: ['node_12', 'node_15', 'node_16', 'node_21', 'node_40', 'node_41', 'node_44', 'node_46', 'node_47']
[ 2026-05-15 09:09:33 | node_41 | INFO ] ✅ [FORCE] Local model added for round 98. (2/10)
[ 2026-05-15 09:09:34 | node_45 | INFO ] 🛠️ Calling force_add_local_model...
[ 2026-05-15 09:09:34 | node_30 | INFO ] 🧩 Model added for round 98 (2/5) from ['node_47']
[ 2026-05-15 09:09:34 | node_41 | INFO ] 📤 Sending model to 9 direct neighbors: ['node_2', 'node_3', 'node_9', 'node_28', 'node_34', 'node_36', 'node_38', 'node_44', 'node_45']
[ 2026-05-15 09:09:34 | node_45 | INFO ] ✅ [FORCE] Local model added for round 98. (4/8)
[ 2026-05-15 09:09:34 | node_45 | INFO ] 📤 Sending model to 7 direct neighbors: ['node_2', 'node_5', 'node_21', 'node_24', 'node_26', 'node_40', 'node_41']
[ 2026-05-15 09:09:34 | node_12 | INFO ] 🧠 Aggregation complete. Setting new model.
[ 2026-05-15 09:09:34 | node_2 | INFO ] 🧩 Model added for round 98 (6/8) from ['node_41']
[ 2026-05-15 09:09:34 | node_21 | INFO ] 🧩 Model added for round 98 (4/8) from ['node_28']
[ 2026-05-15 09:09:34 | node_11 | INFO ] 🛠️ Calling force_add_local_model...
[ 2026-05-15 09:09:34 | node_17 | INFO ] 🛠️ Calling force_add_local_model...
[ 2026-05-15 09:09:34 | node_11 | INFO ] 🧩 Model added for round 98 (4/11) from ['node_34']
[ 2026-05-15 09:09:34 | node_17 | INFO ] ✅ [FORCE] Local model added for round 98. (2/5)
[ 2026-05-15 09:09:34 | node_2 | INFO ] 🧩 Model added for round 98 (7/8) from ['node_45']
[ 2026-05-15 09:09:34 | node_11 | INFO ] ✅ [FORCE] Local model added for round 98. (5/11)
[ 2026-05-15 09:09:34 | node_17 | INFO ] 📤 Sending model to 4 direct neighbors: ['node_1', 'node_18', 'node_32', 'node_42']
[ 2026-05-15 09:09:35 | node_13 | INFO ] 🧩 Model added for round 98 (2/7) from ['node_22']
[ 2026-05-15 09:09:35 | node_11 | INFO ] 📤 Sending model to 10 direct neighbors: ['node_1', 'node_9', 'node_14', 'node_15', 'node_19', 'node_23', 'node_26', 'node_32', 'node_34', 'node_43']
[ 2026-05-15 09:09:35 | node_14 | INFO ] 🧩 Model added for round 97 (8/8) from ['node_39']
[ 2026-05-15 09:09:35 | node_7 | INFO ] 🛠️ Calling force_add_local_model...
[ 2026-05-15 09:09:35 | node_7 | INFO ] ✅ [FORCE] Local model added for round 98. (9/13)
[ 2026-05-15 09:09:35 | node_1 | INFO ] 🧩 Model added for round 98 (4/8) from ['node_17']
[ 2026-05-15 09:09:35 | node_7 | INFO ] 📤 Sending model to 12 direct neighbors: ['node_1', 'node_4', 'node_8', 'node_16', 'node_19', 'node_22', 'node_25', 'node_31', 'node_38', 'node_40', 'node_44', 'node_46']
[ 2026-05-15 09:09:35 | node_27 | INFO ] 🧩 Model added for round 98 (3/6) from ['node_43']
[ 2026-05-15 09:09:35 | node_1 | INFO ] 🧩 Model added for round 98 (5/8) from ['node_11']
[ 2026-05-15 09:09:36 | node_16 | INFO ] 🧩 Model added for round 98 (2/7) from ['node_3']
[ 2026-05-15 09:09:36 | node_28 | INFO ] 🧩 Model added for round 98 (4/8) from ['node_5']
[ 2026-05-15 09:09:36 | node_36 | INFO ] 🎉 Round 98 of 100 finished.
[ 2026-05-15 09:09:36 | node_7 | INFO ] 🧩 Model added for round 98 (10/13) from ['node_44']
[ 2026-05-15 09:09:36 | node_14 | INFO ] 🧠 Aggregation complete. Setting new model.
[ 2026-05-15 09:09:36 | node_12 | INFO ] 🗣️ Gossiping aggregated model.
[ 2026-05-15 09:09:36 | node_36 | INFO ] 🗳️ [DETERMINISTIC] Train set assigned (No Voting). Size: 50
[ 2026-05-15 09:09:36 | node_36 | INFO ] ♻️ Proactively processing 5 early models for round 98.
[ 2026-05-15 09:09:36 | node_36 | INFO ] 🧩 Model added for round 98 (1/11) from ['node_37']
[ 2026-05-15 09:09:36 | node_36 | INFO ] 🧩 Model added for round 98 (2/11) from ['node_26']
[ 2026-05-15 09:09:36 | node_36 | INFO ] 🧩 Model added for round 98 (3/11) from ['node_21']
[ 2026-05-15 09:09:37 | node_36 | INFO ] 🧩 Model added for round 98 (4/11) from ['node_31']
[ 2026-05-15 09:09:37 | node_36 | INFO ] 🧩 Model added for round 98 (5/11) from ['node_42']
[ 2026-05-15 09:09:37 | node_36 | INFO ] 🏋️‍♀️ Preparing training...
[ 2026-05-15 09:09:37 | node_46 | INFO ] 🎉 Round 98 of 100 finished.
[ 2026-05-15 09:09:37 | node_46 | INFO ] 🗳️ [DETERMINISTIC] Train set assigned (No Voting). Size: 50
[ 2026-05-15 09:09:37 | node_46 | INFO ] ♻️ Proactively processing 2 early models for round 98.
[ 2026-05-15 09:09:37 | node_1 | INFO ] 🧩 Model added for round 98 (6/8) from ['node_7']
[ 2026-05-15 09:09:37 | node_34 | INFO ] 🧩 Model added for round 98 (3/8) from ['node_13']
[ 2026-05-15 09:09:37 | node_46 | INFO ] 🧩 Model added for round 98 (1/9) from ['node_30']
[ 2026-05-15 09:09:37 | node_46 | INFO ] 🧩 Model added for round 98 (2/9) from ['node_2']
[ 2026-05-15 09:09:37 | node_46 | INFO ] 🏋️‍♀️ Preparing training...
[ 2026-05-15 09:09:37 | node_14 | INFO ] 🗣️ Gossiping aggregated model.
[ 2026-05-15 09:09:37 | node_5 | INFO ] 🧩 Model added for round 98 (7/9) from ['node_45']
[ 2026-05-15 09:09:38 | node_11 | INFO ] 🧩 Model added for round 98 (6/11) from ['node_1']
[ 2026-05-15 09:09:38 | node_18 | INFO ] 🧩 Model added for round 97 (10/10) from ['node_39']
[ 2026-05-15 09:09:38 | node_3 | INFO ] 🧩 Model added for round 98 (6/10) from ['node_41']
[ 2026-05-15 09:09:38 | node_37 | INFO ] 🧩 Model added for round 98 (5/6) from ['node_28']
[ 2026-05-15 09:09:38 | node_28 | INFO ] 🧩 Model added for round 98 (5/8) from ['node_43']
[ 2026-05-15 09:09:38 | node_22 | INFO ] 🧩 Model added for round 98 (4/9) from ['node_35']
[ 2026-05-15 09:09:38 | node_13 | INFO ] 🧩 Model added for round 98 (3/7) from ['node_34']
[ 2026-05-15 09:09:38 | node_21 | INFO ] 🧩 Model added for round 98 (5/8) from ['node_3']
[ 2026-05-15 09:09:38 | node_38 | INFO ] 🧩 Model added for round 98 (2/8) from ['node_5']
[ 2026-05-15 09:09:38 | node_36 | INFO ] 🎓 Training step done.
[ 2026-05-15 09:09:38 | node_20 | INFO ] ⏹️  Gossiping exited for 10 equal rounds.
[ 2026-05-15 09:09:38 | node_36 | INFO ] 🧩 Model added for round 98 (6/11) from ['node_16']
[ 2026-05-15 09:09:38 | node_46 | INFO ] 🎓 Training step done.
[ 2026-05-15 09:09:38 | node_22 | INFO ] 🧩 Model added for round 98 (5/9) from ['node_38']
[ 2026-05-15 09:09:38 | node_20 | INFO ] 🔬 Evaluating...
[ 2026-05-15 09:09:39 | node_35 | INFO ] 🧩 Model added for round 98 (3/8) from ['node_22']
[ 2026-05-15 09:09:39 | node_31 | INFO ] 🧩 Model added for round 98 (4/8) from ['node_44']
[ 2026-05-15 09:09:39 | node_4 | INFO ] 🧩 Model added for round 98 (2/5) from ['node_7']
[ 2026-05-15 09:09:39 | node_18 | INFO ] 🧠 Aggregation complete. Setting new model.
[ 2026-05-15 09:09:39 | node_20 | INFO ] 📈 Evaluated. Results: {'test_loss': 0.22707170248031616, 'test_acc': 0.9649999737739563, 'test_precision': 0.7160946130752563, 'test_recall': 0.7207854390144348, 'test_f1': 0.717217206954956, 'communication_cost': 18816980}
[ 2026-05-15 09:09:39 | node_20 | INFO ] 📢 Broadcasting metrics.
[ 2026-05-15 09:09:39 | node_41 | INFO ] 🧩 Model added for round 98 (3/10) from ['node_28']
[ 2026-05-15 09:09:40 | node_19 | INFO ] 🧩 Model added for round 98 (3/5) from ['node_11']
[ 2026-05-15 09:09:40 | node_21 | INFO ] 🧩 Model added for round 98 (6/8) from ['node_45']
[ 2026-05-15 09:09:40 | node_42 | INFO ] 🧩 Model added for round 98 (2/6) from ['node_17']
[ 2026-05-15 09:09:40 | node_35 | INFO ] 🧩 Model added for round 98 (4/8) from ['node_43']
[ 2026-05-15 09:09:40 | node_24 | INFO ] 🧩 Model added for round 97 (8/8) from ['node_39']
[ 2026-05-15 09:09:40 | node_42 | INFO ] 🧩 Model added for round 98 (3/6) from ['node_5']
[ 2026-05-15 09:09:41 | node_30 | INFO ] 🧩 Model added for round 98 (3/5) from ['node_35']
[ 2026-05-15 09:09:41 | node_16 | INFO ] 🧩 Model added for round 98 (3/7) from ['node_1']
[ 2026-05-15 09:09:41 | node_28 | INFO ] 🧩 Model added for round 98 (6/8) from ['node_41']
[ 2026-05-15 09:09:41 | node_34 | INFO ] 🧩 Model added for round 98 (4/8) from ['node_44']
[ 2026-05-15 09:09:41 | node_16 | INFO ] 🧩 Model added for round 98 (4/7) from ['node_7']
[ 2026-05-15 09:09:41 | node_38 | INFO ] 🧩 Model added for round 98 (3/8) from ['node_22']
[ 2026-05-15 09:09:41 | node_18 | INFO ] 🗣️ Gossiping aggregated model.
[ 2026-05-15 09:09:41 | node_41 | INFO ] 🧩 Model added for round 98 (4/10) from ['node_3']
[ 2026-05-15 09:09:42 | node_24 | INFO ] 🧠 Aggregation complete. Setting new model.
[ 2026-05-15 09:09:42 | node_41 | INFO ] 🧩 Model added for round 98 (5/10) from ['node_34']
[ 2026-05-15 09:09:42 | node_26 | INFO ] 🧩 Model added for round 98 (5/8) from ['node_11']
[ 2026-05-15 09:09:42 | node_41 | INFO ] 🧩 Model added for round 98 (6/10) from ['node_38']
[ 2026-05-15 09:09:42 | node_43 | INFO ] 🧩 Model added for round 98 (3/7) from ['node_35']
[ 2026-05-15 09:09:43 | node_43 | INFO ] 🧩 Model added for round 98 (4/7) from ['node_5']
[ 2026-05-15 09:09:43 | node_43 | INFO ] 🧩 Model added for round 98 (5/7) from ['node_28']
[ 2026-05-15 09:09:43 | node_26 | INFO ] 🧩 Model added for round 98 (6/8) from ['node_45']
[ 2026-05-15 09:09:43 | node_32 | INFO ] 🧩 Model added for round 97 (10/10) from ['node_39']
[ 2026-05-15 09:09:43 | node_17 | INFO ] 🧩 Model added for round 98 (3/5) from ['node_1']
[ 2026-05-15 09:09:43 | node_36 | INFO ] 🛠️ Calling force_add_local_model...
[ 2026-05-15 09:09:43 | node_34 | INFO ] 🧩 Model added for round 98 (5/8) from ['node_41']
[ 2026-05-15 09:09:43 | node_19 | INFO ] 🧩 Model added for round 98 (4/5) from ['node_7']
[ 2026-05-15 09:09:43 | node_46 | INFO ] 🛠️ Calling force_add_local_model...
[ 2026-05-15 09:09:43 | node_36 | INFO ] ✅ [FORCE] Local model added for round 98. (7/11)
[ 2026-05-15 09:09:43 | node_46 | INFO ] ✅ [FORCE] Local model added for round 98. (3/9)
[ 2026-05-15 09:09:43 | node_35 | INFO ] 🧩 Model added for round 98 (5/8) from ['node_44']
[ 2026-05-15 09:09:43 | node_24 | INFO ] 🗣️ Gossiping aggregated model.
[ 2026-05-15 09:09:43 | node_36 | INFO ] 📤 Sending model to 10 direct neighbors: ['node_16', 'node_18', 'node_21', 'node_26', 'node_31', 'node_37', 'node_40', 'node_41', 'node_42', 'node_44']
[ 2026-05-15 09:09:44 | node_46 | INFO ] 📤 Sending model to 8 direct neighbors: ['node_2', 'node_3', 'node_7', 'node_9', 'node_18', 'node_22', 'node_28', 'node_30']
[ 2026-05-15 09:09:44 | node_46 | INFO ] 🧩 Model added for round 98 (4/9) from ['node_22']
[ 2026-05-15 09:09:44 | node_16 | INFO ] 🧩 Model added for round 98 (5/7) from ['node_36']
[ 2026-05-15 09:09:44 | node_8 | INFO ] ⏹️  Gossiping exited for 10 equal rounds.
[ 2026-05-15 09:09:44 | node_20 | INFO ] 🎉 Round 98 of 100 finished.
[ 2026-05-15 09:09:44 | node_2 | INFO ] 🧩 Model added for round 98 (8/8) from ['node_46']
[ 2026-05-15 09:09:44 | node_32 | INFO ] 🧠 Aggregation complete. Setting new model.
[ 2026-05-15 09:09:44 | node_44 | INFO ] 🧩 Model added for round 98 (4/10) from ['node_3']
[ 2026-05-15 09:09:44 | node_20 | INFO ] 🗳️ [DETERMINISTIC] Train set assigned (No Voting). Size: 50
[ 2026-05-15 09:09:44 | node_8 | INFO ] 🔬 Evaluating...
[ 2026-05-15 09:09:45 | node_44 | INFO ] 🧩 Model added for round 98 (5/10) from ['node_34']
[ 2026-05-15 09:09:45 | node_44 | INFO ] 🧩 Model added for round 98 (6/10) from ['node_35']
[ 2026-05-15 09:09:45 | node_45 | INFO ] 🧩 Model added for round 98 (5/8) from ['node_5']
[ 2026-05-15 09:09:45 | node_20 | INFO ] ♻️ Proactively processing 3 early models for round 98.
[ 2026-05-15 09:09:45 | node_22 | INFO ] 🧩 Model added for round 98 (6/9) from ['node_7']
[ 2026-05-15 09:09:45 | node_20 | INFO ] 🧩 Model added for round 98 (1/6) from ['node_27']
[ 2026-05-15 09:09:45 | node_44 | INFO ] 🧩 Model added for round 98 (7/10) from ['node_38']
[ 2026-05-15 09:09:45 | node_46 | INFO ] 🧩 Model added for round 98 (5/9) from ['node_28']
[ 2026-05-15 09:09:45 | node_2 | INFO ] 🧠 Aggregation complete. Setting new model.
[ 2026-05-15 09:09:45 | node_20 | INFO ] 🧩 Model added for round 98 (2/6) from ['node_13']
[ 2026-05-15 09:09:45 | node_20 | INFO ] 🧩 Model added for round 98 (3/6) from ['node_22']
[ 2026-05-15 09:09:45 | node_8 | INFO ] 📈 Evaluated. Results: {'test_loss': 0.2545398473739624, 'test_acc': 0.9763779640197754, 'test_precision': 0.8358661532402039, 'test_recall': 0.8587328195571899, 'test_f1': 0.8444711565971375, 'communication_cost': 18816980}
[ 2026-05-15 09:09:45 | node_20 | INFO ] 🏋️‍♀️ Preparing training...
[ 2026-05-15 09:09:46 | node_8 | INFO ] 📢 Broadcasting metrics.
[ 2026-05-15 09:09:46 | node_34 | INFO ] 🧩 Model added for round 98 (6/8) from ['node_11']
[ 2026-05-15 09:09:46 | node_36 | INFO ] 🧩 Model added for round 98 (8/11) from ['node_41']
[ 2026-05-15 09:09:46 | node_40 | INFO ] 🧩 Model added for round 97 (8/8) from ['node_39']
[ 2026-05-15 09:09:46 | node_36 | INFO ] 🧩 Model added for round 98 (9/11) from ['node_44']
[ 2026-05-15 09:09:46 | node_2 | INFO ] 🗣️ Gossiping aggregated model.
[ 2026-05-15 09:09:46 | node_35 | INFO ] 🧩 Model added for round 98 (6/8) from ['node_1']
[ 2026-05-15 09:09:46 | node_20 | INFO ] 🎓 Training step done.
[ 2026-05-15 09:09:47 | node_41 | INFO ] 🧩 Model added for round 98 (7/10) from ['node_45']
[ 2026-05-15 09:09:47 | node_21 | INFO ] 🧩 Model added for round 98 (7/8) from ['node_36']
[ 2026-05-15 09:09:47 | node_3 | INFO ] 🧩 Model added for round 98 (7/10) from ['node_46']
[ 2026-05-15 09:09:47 | node_40 | INFO ] 🧠 Aggregation complete. Setting new model.
[ 2026-05-15 09:09:47 | node_32 | INFO ] 🗣️ Gossiping aggregated model.
[ 2026-05-15 09:09:47 | node_46 | INFO ] 🧩 Model added for round 98 (6/9) from ['node_3']
[ 2026-05-15 09:09:47 | node_25 | INFO ] 🧩 Model added for round 98 (6/8) from ['node_7']
[ 2026-05-15 09:09:48 | node_43 | INFO ] 🧩 Model added for round 98 (6/7) from ['node_11']
[ 2026-05-15 09:09:48 | node_40 | INFO ] 🗣️ Gossiping aggregated model.
[ 2026-05-15 09:09:49 | node_26 | INFO ] 🧩 Model added for round 98 (7/8) from ['node_36']
[ 2026-05-15 09:09:49 | node_38 | INFO ] 🧩 Model added for round 98 (4/8) from ['node_41']
[ 2026-05-15 09:09:49 | node_8 | INFO ] 🎉 Round 98 of 100 finished.
[ 2026-05-15 09:09:49 | node_38 | INFO ] 🧩 Model added for round 98 (5/8) from ['node_44']
[ 2026-05-15 09:09:49 | node_31 | INFO ] 🧩 Model added for round 98 (5/8) from ['node_7']
[ 2026-05-15 09:09:49 | node_8 | INFO ] 🗳️ [DETERMINISTIC] Train set assigned (No Voting). Size: 50
[ 2026-05-15 09:09:49 | node_7 | INFO ] 🧩 Model added for round 98 (11/13) from ['node_46']
[ 2026-05-15 09:09:49 | node_8 | INFO ] ♻️ Proactively processing 3 early models for round 98.
[ 2026-05-15 09:09:49 | node_8 | INFO ] 🧩 Model added for round 98 (1/6) from ['node_6']
[ 2026-05-15 09:09:49 | node_8 | INFO ] 🧩 Model added for round 98 (2/6) from ['node_21']
[ 2026-05-15 09:09:49 | node_47 | INFO ] 🧩 Model added for round 98 (3/5) from ['node_3']
[ 2026-05-15 09:09:49 | node_8 | INFO ] 🧩 Model added for round 98 (3/6) from ['node_7']
[ 2026-05-15 09:09:49 | node_8 | INFO ] 🏋️‍♀️ Preparing training...
[ 2026-05-15 09:09:51 | node_39 | INFO ] 🧠 Aggregation complete. Setting new model.
[ 2026-05-15 09:09:51 | node_31 | INFO ] 🧩 Model added for round 98 (6/8) from ['node_36']
[ 2026-05-15 09:09:51 | node_38 | INFO ] 🧩 Model added for round 98 (6/8) from ['node_7']
[ 2026-05-15 09:09:51 | node_8 | INFO ] 🎓 Training step done.
[ 2026-05-15 09:09:51 | node_44 | INFO ] 🧩 Model added for round 98 (8/10) from ['node_41']
[ 2026-05-15 09:09:51 | node_20 | INFO ] 🛠️ Calling force_add_local_model...
[ 2026-05-15 09:09:51 | node_20 | INFO ] ✅ [FORCE] Local model added for round 98. (4/6)
[ 2026-05-15 09:09:52 | node_20 | INFO ] 📤 Sending model to 5 direct neighbors: ['node_9', 'node_12', 'node_13', 'node_22', 'node_27']
[ 2026-05-15 09:09:52 | node_41 | INFO ] 🧩 Model added for round 98 (8/10) from ['node_44']
[ 2026-05-15 09:09:52 | node_23 | INFO ] ⏹️  Gossiping exited for 10 equal rounds.
[ 2026-05-15 09:09:52 | node_23 | INFO ] 🔬 Evaluating...
[ 2026-05-15 09:09:52 | node_39 | INFO ] 🗣️ Gossiping aggregated model.
[ 2026-05-15 09:09:53 | node_23 | INFO ] 📈 Evaluated. Results: {'test_loss': 0.25524669885635376, 'test_acc': 0.9557521939277649, 'test_precision': 0.918372392654419, 'test_recall': 0.9438339471817017, 'test_f1': 0.9191452860832214, 'communication_cost': 26343772}
[ 2026-05-15 09:09:53 | node_37 | INFO ] 🧩 Model added for round 98 (6/6) from ['node_36']
[ 2026-05-15 09:09:53 | node_23 | INFO ] 📢 Broadcasting metrics.
[ 2026-05-15 09:09:53 | node_45 | INFO ] 🧩 Model added for round 98 (6/8) from ['node_41']
[ 2026-05-15 09:09:53 | node_22 | INFO ] 🧩 Model added for round 98 (7/9) from ['node_46']
[ 2026-05-15 09:09:53 | node_13 | INFO ] 🧩 Model added for round 98 (4/7) from ['node_20']
[ 2026-05-15 09:09:54 | node_44 | INFO ] 🧩 Model added for round 98 (9/10) from ['node_7']
[ 2026-05-15 09:09:54 | node_37 | INFO ] 🧠 Aggregation complete. Setting new model.
[ 2026-05-15 09:09:54 | node_40 | INFO ] 🤫 Gossip finished.
[ 2026-05-15 09:09:54 | node_40 | INFO ] 🔬 Evaluating...
[ 2026-05-15 09:09:54 | node_37 | INFO ] 🗣️ Gossiping aggregated model.
[ 2026-05-15 09:09:54 | node_40 | INFO ] 📈 Evaluated. Results: {'test_loss': 0.16661673784255981, 'test_acc': 1.0, 'test_precision': 1.0, 'test_recall': 1.0, 'test_f1': 1.0, 'communication_cost': 26343772}
[ 2026-05-15 09:09:55 | node_15 | INFO ] ⏹️  Gossiping exited for 10 equal rounds.
[ 2026-05-15 09:09:55 | node_40 | INFO ] 📢 Broadcasting metrics.
[ 2026-05-15 09:09:55 | node_15 | INFO ] 🔬 Evaluating...
[ 2026-05-15 09:09:55 | node_22 | INFO ] 🧩 Model added for round 98 (8/9) from ['node_20']
[ 2026-05-15 09:09:55 | node_41 | INFO ] 🧩 Model added for round 98 (9/10) from ['node_36']
[ 2026-05-15 09:09:56 | node_28 | INFO ] 🧩 Model added for round 98 (7/8) from ['node_46']
[ 2026-05-15 09:09:56 | node_15 | INFO ] 📈 Evaluated. Results: {'test_loss': 0.215943843126297, 'test_acc': 0.9629629850387573, 'test_precision': 0.8212345242500305, 'test_recall': 0.8439942598342896, 'test_f1': 0.8305050134658813, 'communication_cost': 30107168}
[ 2026-05-15 09:09:56 | node_15 | INFO ] 📢 Broadcasting metrics.
[ 2026-05-15 09:09:56 | node_8 | INFO ] 🛠️ Calling force_add_local_model...
[ 2026-05-15 09:09:56 | node_8 | INFO ] ✅ [FORCE] Local model added for round 98. (4/6)
[ 2026-05-15 09:09:56 | node_8 | INFO ] 📤 Sending model to 5 direct neighbors: ['node_6', 'node_7', 'node_9', 'node_21', 'node_40']
[ 2026-05-15 09:09:56 | node_46 | INFO ] 🧩 Model added for round 98 (7/9) from ['node_7']
[ 2026-05-15 09:09:57 | node_6 | INFO ] 🧩 Model added for round 98 (4/4) from ['node_8']
[ 2026-05-15 09:09:57 | node_30 | INFO ] 🧩 Model added for round 98 (4/5) from ['node_46']
[ 2026-05-15 09:09:58 | node_6 | INFO ] 🧠 Aggregation complete. Setting new model.
[ 2026-05-15 09:09:58 | node_27 | INFO ] 🧩 Model added for round 98 (4/6) from ['node_20']
[ 2026-05-15 09:09:58 | node_7 | INFO ] 🧩 Model added for round 98 (12/13) from ['node_8']
[ 2026-05-15 09:09:58 | node_42 | INFO ] 🧩 Model added for round 98 (4/6) from ['node_36']
[ 2026-05-15 09:09:58 | node_23 | INFO ] 🎉 Round 98 of 100 finished.
[ 2026-05-15 09:09:58 | node_23 | INFO ] 🗳️ [DETERMINISTIC] Train set assigned (No Voting). Size: 50
[ 2026-05-15 09:09:58 | node_6 | INFO ] 🗣️ Gossiping aggregated model.
[ 2026-05-15 09:09:58 | node_23 | INFO ] ♻️ Proactively processing 5 early models for round 98.
[ 2026-05-15 09:09:58 | node_23 | INFO ] 🧩 Model added for round 98 (1/8) from ['node_25']
[ 2026-05-15 09:09:59 | node_23 | INFO ] 🧩 Model added for round 98 (2/8) from ['node_4']
[ 2026-05-15 09:09:59 | node_23 | INFO ] 🧩 Model added for round 98 (3/8) from ['node_27']
[ 2026-05-15 09:09:59 | node_23 | INFO ] 🧩 Model added for round 98 (4/8) from ['node_47']
[ 2026-05-15 09:09:59 | node_23 | INFO ] 🧩 Model added for round 98 (5/8) from ['node_11']
[ 2026-05-15 09:09:59 | node_23 | INFO ] 🏋️‍♀️ Preparing training...
[ 2026-05-15 09:09:59 | node_44 | INFO ] 🧩 Model added for round 98 (10/10) from ['node_36']
[ 2026-05-15 09:10:00 | node_9 | INFO ] ⏹️  Gossiping exited for 10 equal rounds.
[ 2026-05-15 09:10:00 | node_23 | INFO ] 🎓 Training step done.
[ 2026-05-15 09:10:00 | node_44 | INFO ] 🧠 Aggregation complete. Setting new model.
[ 2026-05-15 09:10:00 | node_9 | INFO ] 🔬 Evaluating...
[ 2026-05-15 09:10:00 | node_40 | INFO ] 🎉 Round 98 of 100 finished.
[ 2026-05-15 09:10:00 | node_40 | INFO ] 🗳️ [DETERMINISTIC] Train set assigned (No Voting). Size: 50
[ 2026-05-15 09:10:00 | node_40 | INFO ] ♻️ Proactively processing 5 early models for round 98.
[ 2026-05-15 09:10:01 | node_9 | INFO ] 📈 Evaluated. Results: {'test_loss': 0.2408650666475296, 'test_acc': 0.9520000219345093, 'test_precision': 0.9258087873458862, 'test_recall': 0.9680351614952087, 'test_f1': 0.9438027143478394, 'communication_cost': 37633960}
[ 2026-05-15 09:10:01 | node_40 | INFO ] 🧩 Model added for round 98 (1/8) from ['node_13']
[ 2026-05-15 09:10:01 | node_40 | INFO ] 🧩 Model added for round 98 (2/8) from ['node_3']
[ 2026-05-15 09:10:01 | node_9 | INFO ] 📢 Broadcasting metrics.
[ 2026-05-15 09:10:01 | node_40 | INFO ] 🧩 Model added for round 98 (3/8) from ['node_45']
[ 2026-05-15 09:10:01 | node_40 | INFO ] 🧩 Model added for round 98 (4/8) from ['node_7']
[ 2026-05-15 09:10:01 | node_40 | INFO ] 🧩 Model added for round 98 (5/8) from ['node_36']
[ 2026-05-15 09:10:01 | node_40 | INFO ] 🏋️‍♀️ Preparing training...
[ 2026-05-15 09:10:01 | node_15 | INFO ] 🎉 Round 98 of 100 finished.
[ 2026-05-15 09:10:01 | node_15 | INFO ] 🗳️ [DETERMINISTIC] Train set assigned (No Voting). Size: 50
[ 2026-05-15 09:10:02 | node_44 | INFO ] 🗣️ Gossiping aggregated model.
[ 2026-05-15 09:10:02 | node_15 | INFO ] ♻️ Proactively processing 7 early models for round 98.
[ 2026-05-15 09:10:02 | node_15 | INFO ] 🧩 Model added for round 98 (1/9) from ['node_19']
[ 2026-05-15 09:10:02 | node_15 | INFO ] 🧩 Model added for round 98 (2/9) from ['node_30']
[ 2026-05-15 09:10:02 | node_15 | INFO ] 🧩 Model added for round 98 (3/9) from ['node_25']
[ 2026-05-15 09:10:02 | node_15 | INFO ] 🧩 Model added for round 98 (4/9) from ['node_4']
[ 2026-05-15 09:10:02 | node_15 | INFO ] 🧩 Model added for round 98 (5/9) from ['node_42']
[ 2026-05-15 09:10:02 | node_15 | INFO ] 🧩 Model added for round 98 (6/9) from ['node_3']
[ 2026-05-15 09:10:02 | node_15 | INFO ] 🧩 Model added for round 98 (7/9) from ['node_11']
[ 2026-05-15 09:10:02 | node_15 | INFO ] 🏋️‍♀️ Preparing training...
[ 2026-05-15 09:10:03 | node_21 | INFO ] 🧩 Model added for round 98 (8/8) from ['node_8']
[ 2026-05-15 09:10:03 | node_40 | INFO ] 🎓 Training step done.
[ 2026-05-15 09:10:03 | node_21 | INFO ] 🧠 Aggregation complete. Setting new model.
[ 2026-05-15 09:10:04 | node_15 | INFO ] 🎓 Training step done.
[ 2026-05-15 09:10:04 | node_10 | INFO ] ⏹️  Gossiping exited for 10 equal rounds.
[ 2026-05-15 09:10:04 | node_40 | INFO ] 🧩 Model added for round 98 (6/8) from ['node_8']
[ 2026-05-15 09:10:04 | node_10 | INFO ] 🔬 Evaluating...
[ 2026-05-15 09:10:04 | node_21 | INFO ] 🗣️ Gossiping aggregated model.
[ 2026-05-15 09:10:05 | node_10 | INFO ] 📈 Evaluated. Results: {'test_loss': 0.21566879749298096, 'test_acc': 0.9766233563423157, 'test_precision': 0.6296261548995972, 'test_recall': 0.6128241419792175, 'test_f1': 0.6206880807876587, 'communication_cost': 22580376}
[ 2026-05-15 09:10:05 | node_10 | INFO ] 📢 Broadcasting metrics.
[ 2026-05-15 09:10:05 | node_23 | INFO ] 🛠️ Calling force_add_local_model...
[ 2026-05-15 09:10:05 | node_23 | INFO ] ✅ [FORCE] Local model added for round 98. (6/8)
[ 2026-05-15 09:10:05 | node_23 | INFO ] 📤 Sending model to 7 direct neighbors: ['node_4', 'node_11', 'node_18', 'node_25', 'node_27', 'node_32', 'node_47']
[ 2026-05-15 09:10:06 | node_4 | INFO ] 🧩 Model added for round 98 (3/5) from ['node_23']
[ 2026-05-15 09:10:06 | node_12 | INFO ] ⏹️  Gossiping exited for 10 equal rounds.
[ 2026-05-15 09:10:06 | node_18 | INFO ] ⏹️  Gossiping exited for 10 equal rounds.
[ 2026-05-15 09:10:07 | node_12 | INFO ] 🔬 Evaluating...
[ 2026-05-15 09:10:07 | node_9 | INFO ] 🎉 Round 98 of 100 finished.
[ 2026-05-15 09:10:07 | node_11 | INFO ] 🧩 Model added for round 98 (7/11) from ['node_23']
[ 2026-05-15 09:10:07 | node_18 | INFO ] 🔬 Evaluating...
[ 2026-05-15 09:10:07 | node_9 | INFO ] 🗳️ [DETERMINISTIC] Train set assigned (No Voting). Size: 50
[ 2026-05-15 09:10:07 | node_12 | INFO ] 📈 Evaluated. Results: {'test_loss': 0.2654004395008087, 'test_acc': 0.9475982785224915, 'test_precision': 0.6819621324539185, 'test_recall': 0.6624531149864197, 'test_f1': 0.6715530753135681, 'communication_cost': 22580376}
[ 2026-05-15 09:10:07 | node_9 | INFO ] ♻️ Proactively processing 8 early models for round 98.
[ 2026-05-15 09:10:07 | node_9 | INFO ] 🧩 Model added for round 98 (1/11) from ['node_5']
[ 2026-05-15 09:10:07 | node_18 | INFO ] 📈 Evaluated. Results: {'test_loss': 0.20997704565525055, 'test_acc': 0.9720279574394226, 'test_precision': 0.7395967841148376, 'test_recall': 0.7334713339805603, 'test_f1': 0.7358721494674683, 'communication_cost': 33870564}
[ 2026-05-15 09:10:07 | node_12 | INFO ] 📢 Broadcasting metrics.
[ 2026-05-15 09:10:07 | node_9 | INFO ] 🧩 Model added for round 98 (2/11) from ['node_47']
[ 2026-05-15 09:10:07 | node_9 | INFO ] 🧩 Model added for round 98 (3/11) from ['node_35']
[ 2026-05-15 09:10:07 | node_18 | INFO ] 📢 Broadcasting metrics.
[ 2026-05-15 09:10:07 | node_9 | INFO ] 🧩 Model added for round 98 (4/11) from ['node_11']
[ 2026-05-15 09:10:08 | node_9 | INFO ] 🧩 Model added for round 98 (5/11) from ['node_41']
[ 2026-05-15 09:10:08 | node_9 | INFO ] 🧩 Model added for round 98 (6/11) from ['node_46']
[ 2026-05-15 09:10:08 | node_40 | INFO ] 🛠️ Calling force_add_local_model...
[ 2026-05-15 09:10:08 | node_9 | INFO ] 🧩 Model added for round 98 (7/11) from ['node_20']
[ 2026-05-15 09:10:08 | node_40 | INFO ] ✅ [FORCE] Local model added for round 98. (7/8)
[ 2026-05-15 09:10:08 | node_9 | INFO ] 🧩 Model added for round 98 (8/11) from ['node_8']
[ 2026-05-15 09:10:08 | node_40 | INFO ] 📤 Sending model to 7 direct neighbors: ['node_3', 'node_7', 'node_8', 'node_13', 'node_36', 'node_39', 'node_45']
[ 2026-05-15 09:10:08 | node_9 | INFO ] 🏋️‍♀️ Preparing training...
[ 2026-05-15 09:10:08 | node_14 | INFO ] ⏹️  Gossiping exited for 10 equal rounds.
[ 2026-05-15 09:10:08 | node_14 | INFO ] 🔬 Evaluating...
[ 2026-05-15 09:10:08 | node_3 | INFO ] 🧩 Model added for round 98 (8/10) from ['node_40']
[ 2026-05-15 09:10:08 | node_14 | INFO ] 📈 Evaluated. Results: {'test_loss': 0.16931870579719543, 'test_acc': 0.976190447807312, 'test_precision': 0.9333333969116211, 'test_recall': 0.984541118144989, 'test_f1': 0.9494712352752686, 'communication_cost': 26343772}
[ 2026-05-15 09:10:09 | node_14 | INFO ] 📢 Broadcasting metrics.
[ 2026-05-15 09:10:09 | node_10 | INFO ] 🎉 Round 98 of 100 finished.
[ 2026-05-15 09:10:09 | node_15 | INFO ] 🛠️ Calling force_add_local_model...
[ 2026-05-15 09:10:09 | node_9 | INFO ] 🎓 Training step done.
[ 2026-05-15 09:10:09 | node_15 | INFO ] ✅ [FORCE] Local model added for round 98. (8/9)
[ 2026-05-15 09:10:09 | node_10 | INFO ] 🗳️ [DETERMINISTIC] Train set assigned (No Voting). Size: 50
[ 2026-05-15 09:10:09 | node_15 | INFO ] 📤 Sending model to 8 direct neighbors: ['node_3', 'node_4', 'node_11', 'node_19', 'node_25', 'node_30', 'node_32', 'node_42']
[ 2026-05-15 09:10:09 | node_10 | INFO ] ♻️ Proactively processing 5 early models for round 98.
[ 2026-05-15 09:10:09 | node_10 | INFO ] 🧩 Model added for round 98 (1/7) from ['node_13']
[ 2026-05-15 09:10:09 | node_25 | INFO ] 🧩 Model added for round 98 (7/8) from ['node_23']
[ 2026-05-15 09:10:09 | node_10 | INFO ] 🧩 Model added for round 98 (2/7) from ['node_43']
[ 2026-05-15 09:10:09 | node_3 | INFO ] 🧩 Model added for round 98 (9/10) from ['node_15']
[ 2026-05-15 09:10:09 | node_10 | INFO ] 🧩 Model added for round 98 (3/7) from ['node_28']
[ 2026-05-15 09:10:09 | node_10 | INFO ] 🧩 Model added for round 98 (4/7) from ['node_35']
[ 2026-05-15 09:10:09 | node_10 | INFO ] 🧩 Model added for round 98 (5/7) from ['node_38']
[ 2026-05-15 09:10:09 | node_10 | INFO ] 🏋️‍♀️ Preparing training...
[ 2026-05-15 09:10:10 | node_7 | INFO ] 🧩 Model added for round 98 (13/13) from ['node_40']
[ 2026-05-15 09:10:11 | node_10 | INFO ] 🎓 Training step done.
[ 2026-05-15 09:10:11 | node_27 | INFO ] 🧩 Model added for round 98 (5/6) from ['node_23']
[ 2026-05-15 09:10:11 | node_7 | INFO ] 🧠 Aggregation complete. Setting new model.
[ 2026-05-15 09:10:11 | node_12 | INFO ] 🎉 Round 98 of 100 finished.
[ 2026-05-15 09:10:11 | node_12 | INFO ] 🗳️ [DETERMINISTIC] Train set assigned (No Voting). Size: 50
[ 2026-05-15 09:10:11 | node_12 | INFO ] ♻️ Proactively processing 5 early models for round 98.
[ 2026-05-15 09:10:11 | node_12 | INFO ] 🧩 Model added for round 98 (1/7) from ['node_4']
[ 2026-05-15 09:10:11 | node_12 | INFO ] 🧩 Model added for round 98 (2/7) from ['node_26']
[ 2026-05-15 09:10:11 | node_12 | INFO ] 🧩 Model added for round 98 (3/7) from ['node_22']
[ 2026-05-15 09:10:11 | node_12 | INFO ] 🧩 Model added for round 98 (4/7) from ['node_3']
[ 2026-05-15 09:10:11 | node_12 | INFO ] 🧩 Model added for round 98 (5/7) from ['node_20']
[ 2026-05-15 09:10:11 | node_12 | INFO ] 🏋️‍♀️ Preparing training...
[ 2026-05-15 09:10:12 | node_4 | INFO ] 🧩 Model added for round 98 (4/5) from ['node_15']
[ 2026-05-15 09:10:12 | node_18 | INFO ] 🎉 Round 98 of 100 finished.
[ 2026-05-15 09:10:12 | node_14 | INFO ] 🎉 Round 98 of 100 finished.
[ 2026-05-15 09:10:12 | node_8 | INFO ] 🧩 Model added for round 98 (5/6) from ['node_40']
[ 2026-05-15 09:10:12 | node_12 | INFO ] 🎓 Training step done.
[ 2026-05-15 09:10:12 | node_24 | INFO ] ⏹️  Gossiping exited for 10 equal rounds.
[ 2026-05-15 09:10:12 | node_18 | INFO ] 🗳️ [DETERMINISTIC] Train set assigned (No Voting). Size: 50
[ 2026-05-15 09:10:12 | node_11 | INFO ] 🧩 Model added for round 98 (8/11) from ['node_15']
[ 2026-05-15 09:10:12 | node_7 | INFO ] 🗣️ Gossiping aggregated model.
[ 2026-05-15 09:10:12 | node_14 | INFO ] 🗳️ [DETERMINISTIC] Train set assigned (No Voting). Size: 50
[ 2026-05-15 09:10:12 | node_24 | INFO ] 🔬 Evaluating...
[ 2026-05-15 09:10:13 | node_18 | INFO ] ♻️ Proactively processing 6 early models for round 98.
[ 2026-05-15 09:10:13 | node_18 | INFO ] 🧩 Model added for round 98 (1/10) from ['node_5']
[ 2026-05-15 09:10:13 | node_47 | INFO ] 🧩 Model added for round 98 (4/5) from ['node_23']
[ 2026-05-15 09:10:13 | node_14 | INFO ] ♻️ Proactively processing 4 early models for round 98.
[ 2026-05-15 09:10:13 | node_18 | INFO ] 🧩 Model added for round 98 (2/10) from ['node_17']
[ 2026-05-15 09:10:13 | node_14 | INFO ] 🧩 Model added for round 98 (1/8) from ['node_27']
[ 2026-05-15 09:10:13 | node_18 | INFO ] 🧩 Model added for round 98 (3/10) from ['node_1']
[ 2026-05-15 09:10:13 | node_14 | INFO ] 🧩 Model added for round 98 (2/8) from ['node_16']
[ 2026-05-15 09:10:13 | node_18 | INFO ] 🧩 Model added for round 98 (4/10) from ['node_36']
[ 2026-05-15 09:10:13 | node_24 | INFO ] 📈 Evaluated. Results: {'test_loss': 0.1960660070180893, 'test_acc': 0.9807692170143127, 'test_precision': 0.9798320531845093, 'test_recall': 0.9458333253860474, 'test_f1': 0.9538164734840393, 'communication_cost': 26343772}
[ 2026-05-15 09:10:13 | node_14 | INFO ] 🧩 Model added for round 98 (3/8) from ['node_11']
[ 2026-05-15 09:10:13 | node_18 | INFO ] 🧩 Model added for round 98 (5/10) from ['node_46']
[ 2026-05-15 09:10:13 | node_14 | INFO ] 🧩 Model added for round 98 (4/8) from ['node_34']
[ 2026-05-15 09:10:13 | node_18 | INFO ] 🧩 Model added for round 98 (6/10) from ['node_23']
[ 2026-05-15 09:10:13 | node_24 | INFO ] 📢 Broadcasting metrics.
[ 2026-05-15 09:10:13 | node_14 | INFO ] 🏋️‍♀️ Preparing training...
[ 2026-05-15 09:10:13 | node_18 | INFO ] 🏋️‍♀️ Preparing training...
[ 2026-05-15 09:10:13 | node_13 | INFO ] 🧩 Model added for round 98 (5/7) from ['node_40']
[ 2026-05-15 09:10:14 | node_14 | INFO ] 🎓 Training step done.
[ 2026-05-15 09:10:14 | node_9 | INFO ] 🛠️ Calling force_add_local_model...
[ 2026-05-15 09:10:14 | node_18 | INFO ] 🎓 Training step done.
[ 2026-05-15 09:10:14 | node_9 | INFO ] ✅ [FORCE] Local model added for round 98. (9/11)
[ 2026-05-15 09:10:14 | node_9 | INFO ] 📤 Sending model to 10 direct neighbors: ['node_5', 'node_8', 'node_11', 'node_18', 'node_20', 'node_35', 'node_39', 'node_41', 'node_46', 'node_47']
[ 2026-05-15 09:10:14 | node_19 | INFO ] 🧩 Model added for round 98 (5/5) from ['node_15']
[ 2026-05-15 09:10:14 | node_5 | INFO ] 🧩 Model added for round 98 (8/9) from ['node_9']
[ 2026-05-15 09:10:14 | node_36 | INFO ] 🧩 Model added for round 98 (10/11) from ['node_40']
[ 2026-05-15 09:10:15 | node_32 | INFO ] ⏹️  Gossiping exited for 10 equal rounds.
[ 2026-05-15 09:10:15 | node_19 | INFO ] 🧠 Aggregation complete. Setting new model.
[ 2026-05-15 09:10:15 | node_32 | INFO ] 🔬 Evaluating...
[ 2026-05-15 09:10:15 | node_19 | INFO ] 🗣️ Gossiping aggregated model.
[ 2026-05-15 09:10:15 | node_25 | INFO ] 🧩 Model added for round 98 (8/8) from ['node_15']
[ 2026-05-15 09:10:15 | node_32 | INFO ] 📈 Evaluated. Results: {'test_loss': 0.18224158883094788, 'test_acc': 0.9928057789802551, 'test_precision': 0.9959073662757874, 'test_recall': 0.9921293258666992, 'test_f1': 0.9938191175460815, 'communication_cost': 33870564}
[ 2026-05-15 09:10:16 | node_10 | INFO ] 🛠️ Calling force_add_local_model...
[ 2026-05-15 09:10:16 | node_32 | INFO ] 📢 Broadcasting metrics.
[ 2026-05-15 09:10:16 | node_10 | INFO ] ✅ [FORCE] Local model added for round 98. (6/7)
[ 2026-05-15 09:10:16 | node_10 | INFO ] 📤 Sending model to 6 direct neighbors: ['node_13', 'node_28', 'node_35', 'node_38', 'node_39', 'node_43']
[ 2026-05-15 09:10:16 | node_24 | INFO ] 🎉 Round 98 of 100 finished.
[ 2026-05-15 09:10:16 | node_8 | INFO ] 🧩 Model added for round 98 (6/6) from ['node_9']
[ 2026-05-15 09:10:16 | node_24 | INFO ] 🗳️ [DETERMINISTIC] Train set assigned (No Voting). Size: 50
[ 2026-05-15 09:10:16 | node_24 | INFO ] ♻️ Proactively processing 5 early models for round 98.
[ 2026-05-15 09:10:17 | node_13 | INFO ] 🧩 Model added for round 98 (6/7) from ['node_10']
[ 2026-05-15 09:10:17 | node_24 | INFO ] 🧩 Model added for round 98 (1/8) from ['node_31']
[ 2026-05-15 09:10:17 | node_24 | INFO ] 🧩 Model added for round 98 (2/8) from ['node_13']
[ 2026-05-15 09:10:17 | node_24 | INFO ] 🧩 Model added for round 98 (3/8) from ['node_16']
[ 2026-05-15 09:10:17 | node_24 | INFO ] 🧩 Model added for round 98 (4/8) from ['node_38']
[ 2026-05-15 09:10:17 | node_24 | INFO ] 🧩 Model added for round 98 (5/8) from ['node_45']
[ 2026-05-15 09:10:17 | node_24 | INFO ] 🏋️‍♀️ Preparing training...
[ 2026-05-15 09:10:17 | node_30 | INFO ] 🧩 Model added for round 98 (5/5) from ['node_15']
[ 2026-05-15 09:10:17 | node_39 | INFO ] ⏹️  Gossiping exited for 10 equal rounds.
[ 2026-05-15 09:10:17 | node_39 | INFO ] 🔬 Evaluating...
[ 2026-05-15 09:10:17 | node_11 | INFO ] 🧩 Model added for round 98 (9/11) from ['node_9']
[ 2026-05-15 09:10:17 | node_12 | INFO ] 🛠️ Calling force_add_local_model...
[ 2026-05-15 09:10:18 | node_45 | INFO ] 🧩 Model added for round 98 (7/8) from ['node_40']
[ 2026-05-15 09:10:18 | node_12 | INFO ] ✅ [FORCE] Local model added for round 98. (6/7)
[ 2026-05-15 09:10:18 | node_28 | INFO ] 🧩 Model added for round 98 (8/8) from ['node_10']
[ 2026-05-15 09:10:18 | node_12 | INFO ] 📤 Sending model to 6 direct neighbors: ['node_3', 'node_4', 'node_20', 'node_22', 'node_26', 'node_39']
[ 2026-05-15 09:10:18 | node_8 | INFO ] 🧠 Aggregation complete. Setting new model.
[ 2026-05-15 09:10:18 | node_30 | INFO ] 🧠 Aggregation complete. Setting new model.
[ 2026-05-15 09:10:18 | node_25 | INFO ] 🧠 Aggregation complete. Setting new model.
[ 2026-05-15 09:10:18 | node_24 | INFO ] 🎓 Training step done.
[ 2026-05-15 09:10:18 | node_39 | INFO ] 📈 Evaluated. Results: {'test_loss': 0.19325828552246094, 'test_acc': 0.9886363744735718, 'test_precision': 0.6969696879386902, 'test_recall': 0.6906348466873169, 'test_f1': 0.6937631368637085, 'communication_cost': 30107168}
[ 2026-05-15 09:10:18 | node_39 | INFO ] 📢 Broadcasting metrics.
[ 2026-05-15 09:10:18 | node_3 | INFO ] 🧩 Model added for round 98 (10/10) from ['node_12']
[ 2026-05-15 09:10:19 | node_30 | INFO ] 🗣️ Gossiping aggregated model.
[ 2026-05-15 09:10:19 | node_8 | INFO ] 🗣️ Gossiping aggregated model.
[ 2026-05-15 09:10:19 | node_28 | INFO ] 🧠 Aggregation complete. Setting new model.
[ 2026-05-15 09:10:19 | node_42 | INFO ] 🧩 Model added for round 98 (5/6) from ['node_15']
[ 2026-05-15 09:10:19 | node_14 | INFO ] 🛠️ Calling force_add_local_model...
[ 2026-05-15 09:10:19 | node_14 | INFO ] ✅ [FORCE] Local model added for round 98. (5/8)
[ 2026-05-15 09:10:19 | node_18 | INFO ] 🛠️ Calling force_add_local_model...
[ 2026-05-15 09:10:19 | node_14 | INFO ] 📤 Sending model to 7 direct neighbors: ['node_11', 'node_16', 'node_18', 'node_24', 'node_27', 'node_34', 'node_39']
[ 2026-05-15 09:10:19 | node_25 | INFO ] 🗣️ Gossiping aggregated model.
[ 2026-05-15 09:10:19 | node_18 | INFO ] ✅ [FORCE] Local model added for round 98. (7/10)
[ 2026-05-15 09:10:19 | node_3 | INFO ] 🧠 Aggregation complete. Setting new model.
[ 2026-05-15 09:10:19 | node_18 | INFO ] 📤 Sending model to 9 direct neighbors: ['node_1', 'node_5', 'node_9', 'node_14', 'node_17', 'node_23', 'node_36', 'node_39', 'node_46']
[ 2026-05-15 09:10:19 | node_35 | INFO ] 🧩 Model added for round 98 (7/8) from ['node_10']
[ 2026-05-15 09:10:19 | node_11 | INFO ] 🧩 Model added for round 98 (10/11) from ['node_14']
[ 2026-05-15 09:10:20 | node_1 | INFO ] 🧩 Model added for round 98 (7/8) from ['node_18']
[ 2026-05-15 09:10:20 | node_18 | INFO ] 🧩 Model added for round 98 (8/10) from ['node_9']
[ 2026-05-15 09:10:20 | node_6 | INFO ] 🤫 Gossip finished.
[ 2026-05-15 09:10:20 | node_28 | INFO ] 🗣️ Gossiping aggregated model.
[ 2026-05-15 09:10:20 | node_6 | INFO ] 🔬 Evaluating...
[ 2026-05-15 09:10:21 | node_4 | INFO ] 🧩 Model added for round 98 (5/5) from ['node_12']
[ 2026-05-15 09:10:21 | node_6 | INFO ] 📈 Evaluated. Results: {'test_loss': 0.2631315588951111, 'test_acc': 0.9720279574394226, 'test_precision': 0.9197048544883728, 'test_recall': 0.932472288608551, 'test_f1': 0.924485981464386, 'communication_cost': 11290188}
[ 2026-05-15 09:10:21 | node_32 | INFO ] 🎉 Round 98 of 100 finished.
[ 2026-05-15 09:10:21 | node_6 | INFO ] 📢 Broadcasting metrics.
[ 2026-05-15 09:10:21 | node_3 | INFO ] 🗣️ Gossiping aggregated model.
[ 2026-05-15 09:10:21 | node_32 | INFO ] 🗳️ [DETERMINISTIC] Train set assigned (No Voting). Size: 50
[ 2026-05-15 09:10:21 | node_4 | INFO ] 🧠 Aggregation complete. Setting new model.
[ 2026-05-15 09:10:21 | node_32 | INFO ] ♻️ Proactively processing 8 early models for round 98.
[ 2026-05-15 09:10:21 | node_32 | INFO ] 🧩 Model added for round 98 (1/10) from ['node_31']
[ 2026-05-15 09:10:22 | node_32 | INFO ] 🧩 Model added for round 98 (2/10) from ['node_42']
[ 2026-05-15 09:10:22 | node_32 | INFO ] 🧩 Model added for round 98 (3/10) from ['node_17']
[ 2026-05-15 09:10:22 | node_32 | INFO ] 🧩 Model added for round 98 (4/10) from ['node_34']
[ 2026-05-15 09:10:22 | node_32 | INFO ] 🧩 Model added for round 98 (5/10) from ['node_11']
[ 2026-05-15 09:10:22 | node_32 | INFO ] 🧩 Model added for round 98 (6/10) from ['node_1']
[ 2026-05-15 09:10:22 | node_32 | INFO ] 🧩 Model added for round 98 (7/10) from ['node_23']
[ 2026-05-15 09:10:22 | node_32 | INFO ] 🧩 Model added for round 98 (8/10) from ['node_15']
[ 2026-05-15 09:10:22 | node_32 | INFO ] 🏋️‍♀️ Preparing training...
[ 2026-05-15 09:10:22 | node_38 | INFO ] 🧩 Model added for round 98 (7/8) from ['node_10']
[ 2026-05-15 09:10:22 | node_4 | INFO ] 🗣️ Gossiping aggregated model.
[ 2026-05-15 09:10:22 | node_5 | INFO ] 🧩 Model added for round 98 (9/9) from ['node_18']
[ 2026-05-15 09:10:22 | node_20 | INFO ] 🧩 Model added for round 98 (5/6) from ['node_12']
[ 2026-05-15 09:10:22 | node_16 | INFO ] 🧩 Model added for round 98 (6/7) from ['node_14']
[ 2026-05-15 09:10:23 | node_6 | INFO ] 🎉 Round 99 of 100 finished.
[ 2026-05-15 09:10:23 | node_6 | INFO ] 🗳️ [DETERMINISTIC] Train set assigned (No Voting). Size: 50
[ 2026-05-15 09:10:23 | node_20 | INFO ] 🧩 Model added for round 98 (6/6) from ['node_9']
[ 2026-05-15 09:10:23 | node_32 | INFO ] 🎓 Training step done.
[ 2026-05-15 09:10:23 | node_24 | INFO ] 🛠️ Calling force_add_local_model...
[ 2026-05-15 09:10:23 | node_6 | INFO ] 🏋️‍♀️ Preparing training...
[ 2026-05-15 09:10:23 | node_24 | INFO ] ✅ [FORCE] Local model added for round 98. (6/8)
[ 2026-05-15 09:10:23 | node_9 | INFO ] 🧩 Model added for round 98 (10/11) from ['node_18']
[ 2026-05-15 09:10:23 | node_24 | INFO ] 📤 Sending model to 7 direct neighbors: ['node_13', 'node_14', 'node_16', 'node_31', 'node_38', 'node_39', 'node_45']
[ 2026-05-15 09:10:23 | node_22 | INFO ] 🧩 Model added for round 98 (9/9) from ['node_12']
[ 2026-05-15 09:10:23 | node_5 | INFO ] 🧠 Aggregation complete. Setting new model.
[ 2026-05-15 09:10:23 | node_37 | INFO ] ⏹️  Gossiping exited for 10 equal rounds.
[ 2026-05-15 09:10:24 | node_20 | INFO ] 🧠 Aggregation complete. Setting new model.
[ 2026-05-15 09:10:24 | node_13 | INFO ] 🧩 Model added for round 98 (7/7) from ['node_24']
[ 2026-05-15 09:10:24 | node_22 | INFO ] 🧠 Aggregation complete. Setting new model.
[ 2026-05-15 09:10:24 | node_13 | INFO ] 🧠 Aggregation complete. Setting new model.
[ 2026-05-15 09:10:24 | node_39 | INFO ] 🎉 Round 98 of 100 finished.
[ 2026-05-15 09:10:24 | node_37 | INFO ] 🔬 Evaluating...
[ 2026-05-15 09:10:24 | node_39 | INFO ] 🗳️ [DETERMINISTIC] Train set assigned (No Voting). Size: 50
[ 2026-05-15 09:10:24 | node_39 | INFO ] ♻️ Proactively processing 2 early models for round 98.
[ 2026-05-15 09:10:24 | node_39 | INFO ] 🧩 Model added for round 98 (1/9) from ['node_40']
[ 2026-05-15 09:10:24 | node_39 | INFO ] 🧩 Model added for round 98 (2/9) from ['node_10']
[ 2026-05-15 09:10:24 | node_39 | INFO ] 🏋️‍♀️ Preparing training...
[ 2026-05-15 09:10:24 | node_37 | INFO ] 📈 Evaluated. Results: {'test_loss': 0.24695585668087006, 'test_acc': 0.960629940032959, 'test_precision': 0.9057998061180115, 'test_recall': 0.9557143449783325, 'test_f1': 0.9171350598335266, 'communication_cost': 18816980}
[ 2026-05-15 09:10:25 | node_37 | INFO ] 📢 Broadcasting metrics.
[ 2026-05-15 09:10:25 | node_6 | INFO ] 🎓 Training step done.
[ 2026-05-15 09:10:25 | node_18 | INFO ] 🧩 Model added for round 98 (9/10) from ['node_14']
[ 2026-05-15 09:10:25 | node_43 | INFO ] 🧩 Model added for round 98 (7/7) from ['node_10']
[ 2026-05-15 09:10:25 | node_35 | INFO ] 🧩 Model added for round 98 (8/8) from ['node_9']
[ 2026-05-15 09:10:25 | node_20 | INFO ] 🗣️ Gossiping aggregated model.
[ 2026-05-15 09:10:25 | node_5 | INFO ] 🗣️ Gossiping aggregated model.
[ 2026-05-15 09:10:25 | node_14 | INFO ] 🧩 Model added for round 98 (6/8) from ['node_24']
[ 2026-05-15 09:10:25 | node_26 | INFO ] 🧩 Model added for round 98 (8/8) from ['node_12']
[ 2026-05-15 09:10:25 | node_39 | INFO ] 🎓 Training step done.
[ 2026-05-15 09:10:25 | node_43 | INFO ] 🧠 Aggregation complete. Setting new model.
[ 2026-05-15 09:10:25 | node_35 | INFO ] 🧠 Aggregation complete. Setting new model.
[ 2026-05-15 09:10:25 | node_13 | INFO ] 🗣️ Gossiping aggregated model.
[ 2026-05-15 09:10:25 | node_22 | INFO ] 🗣️ Gossiping aggregated model.
[ 2026-05-15 09:10:25 | node_26 | INFO ] 🧠 Aggregation complete. Setting new model.
[ 2026-05-15 09:10:26 | node_14 | INFO ] 🧩 Model added for round 98 (7/8) from ['node_18']
[ 2026-05-15 09:10:26 | node_43 | INFO ] 🗣️ Gossiping aggregated model.
[ 2026-05-15 09:10:27 | node_26 | INFO ] 🗣️ Gossiping aggregated model.
[ 2026-05-15 09:10:27 | node_35 | INFO ] 🗣️ Gossiping aggregated model.
[ 2026-05-15 09:10:27 | node_39 | INFO ] 🧩 Model added for round 98 (3/9) from ['node_9']
[ 2026-05-15 09:10:27 | node_39 | INFO ] 🧩 Model added for round 98 (4/9) from ['node_12']
[ 2026-05-15 09:10:27 | node_16 | INFO ] 🧩 Model added for round 98 (7/7) from ['node_24']
[ 2026-05-15 09:10:27 | node_24 | INFO ] 🧩 Model added for round 98 (7/8) from ['node_14']
[ 2026-05-15 09:10:28 | node_37 | INFO ] 🎉 Round 99 of 100 finished.
[ 2026-05-15 09:10:28 | node_37 | INFO ] 🗳️ [DETERMINISTIC] Train set assigned (No Voting). Size: 50
[ 2026-05-15 09:10:28 | node_37 | INFO ] 🏋️‍♀️ Preparing training...
[ 2026-05-15 09:10:28 | node_17 | INFO ] 🧩 Model added for round 98 (4/5) from ['node_18']
[ 2026-05-15 09:10:28 | node_32 | INFO ] 🛠️ Calling force_add_local_model...
[ 2026-05-15 09:10:28 | node_32 | INFO ] ✅ [FORCE] Local model added for round 98. (9/10)
[ 2026-05-15 09:10:28 | node_32 | INFO ] 📤 Sending model to 9 direct neighbors: ['node_1', 'node_11', 'node_15', 'node_17', 'node_23', 'node_31', 'node_34', 'node_39', 'node_42']
[ 2026-05-15 09:10:29 | node_31 | INFO ] 🧩 Model added for round 98 (7/8) from ['node_24']
[ 2026-05-15 09:10:29 | node_41 | INFO ] 🧩 Model added for round 98 (10/10) from ['node_9']
[ 2026-05-15 09:10:29 | node_1 | INFO ] 🧩 Model added for round 98 (8/8) from ['node_32']
[ 2026-05-15 09:10:29 | node_27 | INFO ] 🧩 Model added for round 98 (6/6) from ['node_14']
[ 2026-05-15 09:10:29 | node_23 | INFO ] 🧩 Model added for round 98 (7/8) from ['node_18']
[ 2026-05-15 09:10:29 | node_16 | INFO ] 🧠 Aggregation complete. Setting new model.
[ 2026-05-15 09:10:29 | node_27 | INFO ] 🧠 Aggregation complete. Setting new model.
[ 2026-05-15 09:10:29 | node_1 | INFO ] 🧠 Aggregation complete. Setting new model.
[ 2026-05-15 09:10:29 | node_41 | INFO ] 🧠 Aggregation complete. Setting new model.
[ 2026-05-15 09:10:29 | node_37 | INFO ] 🎓 Training step done.
[ 2026-05-15 09:10:30 | node_6 | INFO ] 🛠️ Calling force_add_local_model...
[ 2026-05-15 09:10:30 | node_6 | INFO ] ✅ [FORCE] Local model added for round 99. (1/4)
[ 2026-05-15 09:10:30 | node_6 | INFO ] 📤 Sending model to 3 direct neighbors: ['node_8', 'node_25', 'node_37']
[ 2026-05-15 09:10:30 | node_27 | INFO ] 🗣️ Gossiping aggregated model.
[ 2026-05-15 09:10:30 | node_39 | INFO ] 🛠️ Calling force_add_local_model...
[ 2026-05-15 09:10:30 | node_34 | INFO ] 🧩 Model added for round 98 (7/8) from ['node_14']
[ 2026-05-15 09:10:30 | node_39 | INFO ] ✅ [FORCE] Local model added for round 98. (5/9)
[ 2026-05-15 09:10:30 | node_16 | INFO ] 🗣️ Gossiping aggregated model.
[ 2026-05-15 09:10:30 | node_39 | INFO ] 📤 Sending model to 8 direct neighbors: ['node_9', 'node_10', 'node_12', 'node_14', 'node_18', 'node_24', 'node_32', 'node_40']
[ 2026-05-15 09:10:30 | node_11 | INFO ] 🧩 Model added for round 98 (11/11) from ['node_32']
[ 2026-05-15 09:10:31 | node_21 | INFO ] ⏹️  Gossiping exited for 10 equal rounds.
[ 2026-05-15 09:10:31 | node_38 | INFO ] 🧩 Model added for round 98 (8/8) from ['node_24']
[ 2026-05-15 09:10:31 | node_36 | INFO ] 🧩 Model added for round 98 (11/11) from ['node_18']
[ 2026-05-15 09:10:31 | node_1 | INFO ] 🗣️ Gossiping aggregated model.
[ 2026-05-15 09:10:31 | node_21 | INFO ] 🔬 Evaluating...
[ 2026-05-15 09:10:31 | node_46 | INFO ] 🧩 Model added for round 98 (8/9) from ['node_9']
[ 2026-05-15 09:10:31 | node_41 | INFO ] 🗣️ Gossiping aggregated model.
[ 2026-05-15 09:10:31 | node_9 | INFO ] 🧩 Model added for round 98 (11/11) from ['node_39']
[ 2026-05-15 09:10:32 | node_38 | INFO ] 🧠 Aggregation complete. Setting new model.
[ 2026-05-15 09:10:32 | node_37 | INFO ] 🧩 Model added for round 99 (1/6) from ['node_6']
[ 2026-05-15 09:10:32 | node_36 | INFO ] 🧠 Aggregation complete. Setting new model.
[ 2026-05-15 09:10:32 | node_11 | INFO ] 🧠 Aggregation complete. Setting new model.
[ 2026-05-15 09:10:32 | node_21 | INFO ] 📈 Evaluated. Results: {'test_loss': 0.30220112204551697, 'test_acc': 0.946540892124176, 'test_precision': 0.5402520895004272, 'test_recall': 0.5533837080001831, 'test_f1': 0.5422598123550415, 'communication_cost': 26343772}
[ 2026-05-15 09:10:32 | node_21 | INFO ] 📢 Broadcasting metrics.
[ 2026-05-15 09:10:33 | node_38 | INFO ] 🗣️ Gossiping aggregated model.
[ 2026-05-15 09:10:33 | node_39 | INFO ] 🧩 Model added for round 98 (6/9) from ['node_14']
[ 2026-05-15 09:10:33 | node_36 | INFO ] 🗣️ Gossiping aggregated model.
[ 2026-05-15 09:10:33 | node_11 | INFO ] 🗣️ Gossiping aggregated model.
[ 2026-05-15 09:10:34 | node_39 | INFO ] 🧩 Model added for round 98 (7/9) from ['node_24']
[ 2026-05-15 09:10:34 | node_15 | INFO ] 🧩 Model added for round 98 (9/9) from ['node_32']
[ 2026-05-15 09:10:34 | node_47 | INFO ] 🧩 Model added for round 98 (5/5) from ['node_9']
[ 2026-05-15 09:10:34 | node_10 | INFO ] 🧩 Model added for round 98 (7/7) from ['node_39']
[ 2026-05-15 09:10:34 | node_39 | INFO ] 🧩 Model added for round 98 (8/9) from ['node_18']
[ 2026-05-15 09:10:35 | node_37 | INFO ] 🛠️ Calling force_add_local_model...
[ 2026-05-15 09:10:35 | node_37 | INFO ] ✅ [FORCE] Local model added for round 99. (2/6)
[ 2026-05-15 09:10:35 | node_37 | INFO ] 📤 Sending model to 5 direct neighbors: ['node_6', 'node_21', 'node_26', 'node_28', 'node_36']
[ 2026-05-15 09:10:35 | node_46 | INFO ] 🧩 Model added for round 98 (9/9) from ['node_18']
[ 2026-05-15 09:10:36 | node_12 | INFO ] 🧩 Model added for round 98 (7/7) from ['node_39']
[ 2026-05-15 09:10:36 | node_17 | INFO ] 🧩 Model added for round 98 (5/5) from ['node_32']
[ 2026-05-15 09:10:36 | node_45 | INFO ] 🧩 Model added for round 98 (8/8) from ['node_24']
[ 2026-05-15 09:10:36 | node_6 | INFO ] 🧩 Model added for round 99 (2/4) from ['node_37']
[ 2026-05-15 09:10:36 | node_21 | INFO ] 🎉 Round 99 of 100 finished.
[ 2026-05-15 09:10:36 | node_21 | INFO ] 🗳️ [DETERMINISTIC] Train set assigned (No Voting). Size: 50
[ 2026-05-15 09:10:36 | node_21 | INFO ] 🏋️‍♀️ Preparing training...
[ 2026-05-15 09:10:37 | node_21 | INFO ] 🧩 Model added for round 99 (1/8) from ['node_37']
[ 2026-05-15 09:10:37 | node_23 | INFO ] 🧩 Model added for round 98 (8/8) from ['node_32']
[ 2026-05-15 09:10:37 | node_10 | INFO ] 🧠 Aggregation complete. Setting new model.
[ 2026-05-15 09:10:37 | node_47 | INFO ] 🧠 Aggregation complete. Setting new model.
[ 2026-05-15 09:10:37 | node_15 | INFO ] 🧠 Aggregation complete. Setting new model.
[ 2026-05-15 09:10:37 | node_14 | INFO ] 🧩 Model added for round 98 (8/8) from ['node_39']
[ 2026-05-15 09:10:37 | node_47 | INFO ] 🗣️ Gossiping aggregated model.
[ 2026-05-15 09:10:38 | node_10 | INFO ] 🗣️ Gossiping aggregated model.
[ 2026-05-15 09:10:38 | node_17 | INFO ] 🧠 Aggregation complete. Setting new model.
[ 2026-05-15 09:10:38 | node_21 | INFO ] 🎓 Training step done.
[ 2026-05-15 09:10:38 | node_46 | INFO ] 🧠 Aggregation complete. Setting new model.
[ 2026-05-15 09:10:38 | node_12 | INFO ] 🧠 Aggregation complete. Setting new model.
[ 2026-05-15 09:10:38 | node_45 | INFO ] 🧠 Aggregation complete. Setting new model.
[ 2026-05-15 09:10:38 | node_9 | INFO ] 🧠 Aggregation complete. Setting new model.
[ 2026-05-15 09:10:38 | node_23 | INFO ] 🧠 Aggregation complete. Setting new model.
[ 2026-05-15 09:10:38 | node_14 | INFO ] 🧠 Aggregation complete. Setting new model.
[ 2026-05-15 09:10:38 | node_31 | INFO ] 🧩 Model added for round 98 (8/8) from ['node_32']
[ 2026-05-15 09:10:39 | node_43 | INFO ] 🤫 Gossip finished.
[ 2026-05-15 09:10:39 | node_43 | INFO ] 🔬 Evaluating...
[ 2026-05-15 09:10:39 | node_17 | INFO ] 🗣️ Gossiping aggregated model.
[ 2026-05-15 09:10:39 | node_18 | INFO ] 🧩 Model added for round 98 (10/10) from ['node_39']
[ 2026-05-15 09:10:39 | node_15 | INFO ] 🗣️ Gossiping aggregated model.
[ 2026-05-15 09:10:39 | node_31 | INFO ] 🧠 Aggregation complete. Setting new model.
[ 2026-05-15 09:10:39 | node_18 | INFO ] 🧠 Aggregation complete. Setting new model.
[ 2026-05-15 09:10:39 | node_12 | INFO ] 🗣️ Gossiping aggregated model.
[ 2026-05-15 09:10:39 | node_45 | INFO ] 🗣️ Gossiping aggregated model.
[ 2026-05-15 09:10:39 | node_43 | INFO ] 📈 Evaluated. Results: {'test_loss': 0.17898961901664734, 'test_acc': 0.9805447459220886, 'test_precision': 0.7436230182647705, 'test_recall': 0.7366607189178467, 'test_f1': 0.7399731278419495, 'communication_cost': 22580376}
[ 2026-05-15 09:10:39 | node_46 | INFO ] 🗣️ Gossiping aggregated model.
[ 2026-05-15 09:10:40 | node_43 | INFO ] 📢 Broadcasting metrics.
[ 2026-05-15 09:10:40 | node_23 | INFO ] 🗣️ Gossiping aggregated model.
[ 2026-05-15 09:10:40 | node_19 | INFO ] 🤫 Gossip finished.
[ 2026-05-15 09:10:40 | node_19 | INFO ] 🔬 Evaluating...
[ 2026-05-15 09:10:40 | node_9 | INFO ] 🗣️ Gossiping aggregated model.
[ 2026-05-15 09:10:40 | node_14 | INFO ] 🗣️ Gossiping aggregated model.
[ 2026-05-15 09:10:40 | node_35 | INFO ] 🤫 Gossip finished.
[ 2026-05-15 09:10:40 | node_20 | INFO ] 🤫 Gossip finished.
[ 2026-05-15 09:10:40 | node_35 | INFO ] 🔬 Evaluating...
[ 2026-05-15 09:10:40 | node_20 | INFO ] 🔬 Evaluating...
[ 2026-05-15 09:10:40 | node_31 | INFO ] 🗣️ Gossiping aggregated model.
[ 2026-05-15 09:10:40 | node_19 | INFO ] 📈 Evaluated. Results: {'test_loss': 0.24971647560596466, 'test_acc': 0.9669811129570007, 'test_precision': 0.7690173387527466, 'test_recall': 0.7469778060913086, 'test_f1': 0.7566764950752258, 'communication_cost': 15053584}
[ 2026-05-15 09:10:40 | node_30 | INFO ] 🤫 Gossip finished.
[ 2026-05-15 09:10:40 | node_18 | INFO ] 🗣️ Gossiping aggregated model.
[ 2026-05-15 09:10:40 | node_30 | INFO ] 🔬 Evaluating...
[ 2026-05-15 09:10:41 | node_47 | INFO ] 🤫 Gossip finished.
[ 2026-05-15 09:10:41 | node_19 | INFO ] 📢 Broadcasting metrics.
[ 2026-05-15 09:10:41 | node_47 | INFO ] 🔬 Evaluating...
[ 2026-05-15 09:10:41 | node_35 | INFO ] 📈 Evaluated. Results: {'test_loss': 0.20632201433181763, 'test_acc': 0.9743589758872986, 'test_precision': 0.7822749018669128, 'test_recall': 0.7682912349700928, 'test_f1': 0.7748139500617981, 'communication_cost': 26343772}
[ 2026-05-15 09:10:41 | node_27 | INFO ] 🤫 Gossip finished.
[ 2026-05-15 09:10:41 | node_34 | INFO ] 🧩 Model added for round 98 (8/8) from ['node_32']
[ 2026-05-15 09:10:41 | node_35 | INFO ] 📢 Broadcasting metrics.
[ 2026-05-15 09:10:41 | node_24 | INFO ] 🧩 Model added for round 98 (8/8) from ['node_39']
[ 2026-05-15 09:10:41 | node_20 | INFO ] 📈 Evaluated. Results: {'test_loss': 0.2459421008825302, 'test_acc': 0.9549999833106995, 'test_precision': 0.6868138909339905, 'test_recall': 0.6414839029312134, 'test_f1': 0.6588087677955627, 'communication_cost': 18816980}
[ 2026-05-15 09:10:41 | node_27 | INFO ] 🔬 Evaluating...
[ 2026-05-15 09:10:41 | node_47 | INFO ] 📈 Evaluated. Results: {'test_loss': 0.16809485852718353, 'test_acc': 0.9836065769195557, 'test_precision': 0.940909206867218, 'test_recall': 0.9474359750747681, 'test_f1': 0.9272727966308594, 'communication_cost': 15053584}
[ 2026-05-15 09:10:41 | node_30 | INFO ] 📈 Evaluated. Results: {'test_loss': 0.2686121165752411, 'test_acc': 0.9506726264953613, 'test_precision': 0.7073168754577637, 'test_recall': 0.6874454021453857, 'test_f1': 0.6958957314491272, 'communication_cost': 15053584}
[ 2026-05-15 09:10:41 | node_25 | INFO ] 🤫 Gossip finished.
[ 2026-05-15 09:10:41 | node_20 | INFO ] 📢 Broadcasting metrics.
[ 2026-05-15 09:10:41 | node_47 | INFO ] 📢 Broadcasting metrics.
[ 2026-05-15 09:10:41 | node_30 | INFO ] 📢 Broadcasting metrics.
[ 2026-05-15 09:10:41 | node_25 | INFO ] 🔬 Evaluating...
[ 2026-05-15 09:10:42 | node_34 | INFO ] 🧠 Aggregation complete. Setting new model.
[ 2026-05-15 09:10:42 | node_24 | INFO ] 🧠 Aggregation complete. Setting new model.
[ 2026-05-15 09:10:42 | node_27 | INFO ] 📈 Evaluated. Results: {'test_loss': 0.18647082149982452, 'test_acc': 0.9791044592857361, 'test_precision': 0.8369740843772888, 'test_recall': 0.8650724291801453, 'test_f1': 0.8428816795349121, 'communication_cost': 18816980}
[ 2026-05-15 09:10:42 | node_25 | INFO ] 📈 Evaluated. Results: {'test_loss': 0.1966092437505722, 'test_acc': 0.9678714871406555, 'test_precision': 0.7594866752624512, 'test_recall': 0.7763051390647888, 'test_f1': 0.7661218643188477, 'communication_cost': 26343772}
[ 2026-05-15 09:10:42 | node_27 | INFO ] 📢 Broadcasting metrics.
[ 2026-05-15 09:10:42 | node_43 | INFO ] 🎉 Round 99 of 100 finished.
[ 2026-05-15 09:10:42 | node_43 | INFO ] 🗳️ [DETERMINISTIC] Train set assigned (No Voting). Size: 50
[ 2026-05-15 09:10:42 | node_25 | INFO ] 📢 Broadcasting metrics.
[ 2026-05-15 09:10:42 | node_43 | INFO ] 🏋️‍♀️ Preparing training...
[ 2026-05-15 09:10:42 | node_24 | INFO ] 🗣️ Gossiping aggregated model.
[ 2026-05-15 09:10:42 | node_34 | INFO ] 🗣️ Gossiping aggregated model.
[ 2026-05-15 09:10:43 | node_39 | INFO ] 🧩 Model added for round 98 (9/9) from ['node_32']
[ 2026-05-15 09:10:43 | node_2 | INFO ] 🤫 Gossip finished.
[ 2026-05-15 09:10:43 | node_2 | INFO ] 🔬 Evaluating...
[ 2026-05-15 09:10:43 | node_16 | INFO ] 🤫 Gossip finished.
[ 2026-05-15 09:10:43 | node_19 | INFO ] 🎉 Round 99 of 100 finished.
[ 2026-05-15 09:10:43 | node_32 | INFO ] 🧩 Model added for round 98 (10/10) from ['node_39']
[ 2026-05-15 09:10:43 | node_16 | INFO ] 🔬 Evaluating...
[ 2026-05-15 09:10:43 | node_19 | INFO ] 🗳️ [DETERMINISTIC] Train set assigned (No Voting). Size: 50
[ 2026-05-15 09:10:43 | node_21 | INFO ] 🛠️ Calling force_add_local_model...
[ 2026-05-15 09:10:43 | node_19 | INFO ] 🏋️‍♀️ Preparing training...
[ 2026-05-15 09:10:43 | node_30 | INFO ] 🎉 Round 99 of 100 finished.
[ 2026-05-15 09:10:43 | node_21 | INFO ] ✅ [FORCE] Local model added for round 99. (2/8)
[ 2026-05-15 09:10:43 | node_21 | INFO ] 📤 Sending model to 7 direct neighbors: ['node_3', 'node_8', 'node_26', 'node_28', 'node_36', 'node_37', 'node_45']
[ 2026-05-15 09:10:43 | node_30 | INFO ] 🗳️ [DETERMINISTIC] Train set assigned (No Voting). Size: 50
[ 2026-05-15 09:10:43 | node_20 | INFO ] 🎉 Round 99 of 100 finished.
[ 2026-05-15 09:10:43 | node_2 | INFO ] 📈 Evaluated. Results: {'test_loss': 0.19956998527050018, 'test_acc': 0.9685863852500916, 'test_precision': 0.808465301990509, 'test_recall': 0.811007022857666, 'test_f1': 0.8078629374504089, 'communication_cost': 26343772}
[ 2026-05-15 09:10:43 | node_20 | INFO ] 🗳️ [DETERMINISTIC] Train set assigned (No Voting). Size: 50
[ 2026-05-15 09:10:43 | node_30 | INFO ] 🏋️‍♀️ Preparing training...
[ 2026-05-15 09:10:44 | node_16 | INFO ] 📈 Evaluated. Results: {'test_loss': 0.23971599340438843, 'test_acc': 0.96517413854599, 'test_precision': 0.6955224871635437, 'test_recall': 0.7007879018783569, 'test_f1': 0.6920910477638245, 'communication_cost': 22580376}
[ 2026-05-15 09:10:44 | node_20 | INFO ] 🏋️‍♀️ Preparing training...
[ 2026-05-15 09:10:44 | node_47 | INFO ] 🎉 Round 99 of 100 finished.
[ 2026-05-15 09:10:44 | node_2 | INFO ] 📢 Broadcasting metrics.
[ 2026-05-15 09:10:44 | node_19 | INFO ] 🎓 Training step done.
[ 2026-05-15 09:10:44 | node_16 | INFO ] 📢 Broadcasting metrics.
[ 2026-05-15 09:10:44 | node_47 | INFO ] 🗳️ [DETERMINISTIC] Train set assigned (No Voting). Size: 50
[ 2026-05-15 09:10:44 | node_43 | INFO ] 🎓 Training step done.
[ 2026-05-15 09:10:44 | node_47 | INFO ] 🏋️‍♀️ Preparing training...
[ 2026-05-15 09:10:44 | node_30 | INFO ] 🎓 Training step done.
[ 2026-05-15 09:10:44 | node_42 | INFO ] 🧩 Model added for round 98 (6/6) from ['node_32']
[ 2026-05-15 09:10:44 | node_20 | INFO ] 🎓 Training step done.
[ 2026-05-15 09:10:45 | node_40 | INFO ] 🧩 Model added for round 98 (8/8) from ['node_39']
[ 2026-05-15 09:10:45 | node_42 | INFO ] 🧠 Aggregation complete. Setting new model.
[ 2026-05-15 09:10:45 | node_40 | INFO ] 🧠 Aggregation complete. Setting new model.
[ 2026-05-15 09:10:45 | node_27 | INFO ] 🎉 Round 99 of 100 finished.
[ 2026-05-15 09:10:45 | node_27 | INFO ] 🗳️ [DETERMINISTIC] Train set assigned (No Voting). Size: 50
[ 2026-05-15 09:10:45 | node_27 | INFO ] 🏋️‍♀️ Preparing training...
[ 2026-05-15 09:10:45 | node_35 | INFO ] 🎉 Round 99 of 100 finished.
[ 2026-05-15 09:10:46 | node_35 | INFO ] 🗳️ [DETERMINISTIC] Train set assigned (No Voting). Size: 50
[ 2026-05-15 09:10:46 | node_42 | INFO ] 🗣️ Gossiping aggregated model.
[ 2026-05-15 09:10:46 | node_8 | INFO ] 🤫 Gossip finished.
[ 2026-05-15 09:10:46 | node_8 | INFO ] 🔬 Evaluating...
[ 2026-05-15 09:10:46 | node_7 | INFO ] 🤫 Gossip finished.
[ 2026-05-15 09:10:46 | node_35 | INFO ] 🏋️‍♀️ Preparing training...
[ 2026-05-15 09:10:46 | node_47 | INFO ] 🎓 Training step done.
[ 2026-05-15 09:10:46 | node_45 | INFO ] 🤫 Gossip finished.
[ 2026-05-15 09:10:46 | node_7 | INFO ] 🔬 Evaluating...
[ 2026-05-15 09:10:46 | node_8 | INFO ] 📈 Evaluated. Results: {'test_loss': 0.2316005975008011, 'test_acc': 0.9763779640197754, 'test_precision': 0.769724428653717, 'test_recall': 0.7853595018386841, 'test_f1': 0.7763120532035828, 'communication_cost': 18816980}
[ 2026-05-15 09:10:46 | node_40 | INFO ] 🗣️ Gossiping aggregated model.
[ 2026-05-15 09:10:46 | node_45 | INFO ] 🔬 Evaluating...
[ 2026-05-15 09:10:46 | node_25 | INFO ] 🎉 Round 99 of 100 finished.
[ 2026-05-15 09:10:46 | node_8 | INFO ] 📢 Broadcasting metrics.
[ 2026-05-15 09:10:46 | node_5 | INFO ] 🤫 Gossip finished.
[ 2026-05-15 09:10:46 | node_3 | INFO ] 🤫 Gossip finished.
[ 2026-05-15 09:10:46 | node_25 | INFO ] 🗳️ [DETERMINISTIC] Train set assigned (No Voting). Size: 50
[ 2026-05-15 09:10:47 | node_36 | INFO ] 🤫 Gossip finished.
[ 2026-05-15 09:10:47 | node_5 | INFO ] 🔬 Evaluating...
[ 2026-05-15 09:10:47 | node_39 | INFO ] 🧠 Aggregation complete. Setting new model.
[ 2026-05-15 09:10:47 | node_32 | INFO ] 🧠 Aggregation complete. Setting new model.
[ 2026-05-15 09:10:47 | node_3 | INFO ] 🔬 Evaluating...
[ 2026-05-15 09:10:47 | node_28 | INFO ] ⏹️  Gossiping exited for 10 equal rounds.
[ 2026-05-15 09:10:47 | node_45 | INFO ] 📈 Evaluated. Results: {'test_loss': 0.20992158353328705, 'test_acc': 0.9724409580230713, 'test_precision': 0.7565189599990845, 'test_recall': 0.7716256976127625, 'test_f1': 0.7614412307739258, 'communication_cost': 26343772}
[ 2026-05-15 09:10:47 | node_36 | INFO ] 🔬 Evaluating...
[ 2026-05-15 09:10:47 | node_25 | INFO ] ♻️ Proactively processing 1 early models for round 99.
[ 2026-05-15 09:10:47 | node_7 | INFO ] 📈 Evaluated. Results: {'test_loss': 0.239713653922081, 'test_acc': 0.9765396118164062, 'test_precision': 0.6820579171180725, 'test_recall': 0.6811507940292358, 'test_f1': 0.6813059449195862, 'communication_cost': 45160752}
[ 2026-05-15 09:10:47 | node_28 | INFO ] 🔬 Evaluating...
[ 2026-05-15 09:10:47 | node_25 | INFO ] 🧩 Model added for round 99 (1/8) from ['node_6']
[ 2026-05-15 09:10:47 | node_9 | INFO ] 🤫 Gossip finished.
[ 2026-05-15 09:10:47 | node_25 | INFO ] 🏋️‍♀️ Preparing training...
[ 2026-05-15 09:10:47 | node_9 | INFO ] 🔬 Evaluating...
[ 2026-05-15 09:10:47 | node_45 | INFO ] 📢 Broadcasting metrics.
[ 2026-05-15 09:10:47 | node_27 | INFO ] 🎓 Training step done.
[ 2026-05-15 09:10:47 | node_37 | INFO ] 🧩 Model added for round 99 (3/6) from ['node_21']
[ 2026-05-15 09:10:47 | node_7 | INFO ] 📢 Broadcasting metrics.
[ 2026-05-15 09:10:47 | node_3 | INFO ] 📈 Evaluated. Results: {'test_loss': 0.287502646446228, 'test_acc': 0.9556962251663208, 'test_precision': 0.7142857313156128, 'test_recall': 0.7144204378128052, 'test_f1': 0.7108994722366333, 'communication_cost': 33870564}
[ 2026-05-15 09:10:47 | node_5 | INFO ] 📈 Evaluated. Results: {'test_loss': 0.23834604024887085, 'test_acc': 0.9606741666793823, 'test_precision': 0.8334841132164001, 'test_recall': 0.8264205455780029, 'test_f1': 0.8289703130722046, 'communication_cost': 30107168}
[ 2026-05-15 09:10:47 | node_35 | INFO ] 🎓 Training step done.
[ 2026-05-15 09:10:47 | node_28 | INFO ] 📈 Evaluated. Results: {'test_loss': 0.20023870468139648, 'test_acc': 0.9728506803512573, 'test_precision': 0.7876543998718262, 'test_recall': 0.7869579195976257, 'test_f1': 0.7869826555252075, 'communication_cost': 26343772}
[ 2026-05-15 09:10:47 | node_36 | INFO ] 📈 Evaluated. Results: {'test_loss': 0.1495060920715332, 'test_acc': 1.0, 'test_precision': 1.0, 'test_recall': 1.0, 'test_f1': 1.0, 'communication_cost': 37633960}
[ 2026-05-15 09:10:47 | node_3 | INFO ] 📢 Broadcasting metrics.
[ 2026-05-15 09:10:47 | node_9 | INFO ] 📈 Evaluated. Results: {'test_loss': 0.2459402233362198, 'test_acc': 0.9520000219345093, 'test_precision': 0.9258087873458862, 'test_recall': 0.9680351614952087, 'test_f1': 0.9438027143478394, 'communication_cost': 37633960}
[ 2026-05-15 09:10:47 | node_5 | INFO ] 📢 Broadcasting metrics.
[ 2026-05-15 09:10:47 | node_13 | INFO ] 🤫 Gossip finished.
[ 2026-05-15 09:10:47 | node_12 | INFO ] 🤫 Gossip finished.
[ 2026-05-15 09:10:47 | node_36 | INFO ] 📢 Broadcasting metrics.
[ 2026-05-15 09:10:47 | node_28 | INFO ] 📢 Broadcasting metrics.
[ 2026-05-15 09:10:47 | node_9 | INFO ] 📢 Broadcasting metrics.
[ 2026-05-15 09:10:47 | node_13 | INFO ] 🔬 Evaluating...
[ 2026-05-15 09:10:47 | node_12 | INFO ] 🔬 Evaluating...
[ 2026-05-15 09:10:48 | node_23 | INFO ] 🤫 Gossip finished.
[ 2026-05-15 09:10:48 | node_25 | INFO ] 🎓 Training step done.
[ 2026-05-15 09:10:48 | node_24 | INFO ] 🤫 Gossip finished.
[ 2026-05-15 09:10:48 | node_23 | INFO ] 🔬 Evaluating...
[ 2026-05-15 09:10:48 | node_4 | INFO ] ⏹️  Gossiping exited for 10 equal rounds.
[ 2026-05-15 09:10:48 | node_12 | INFO ] 📈 Evaluated. Results: {'test_loss': 0.26346322894096375, 'test_acc': 0.9475982785224915, 'test_precision': 0.6776369214057922, 'test_recall': 0.6644502282142639, 'test_f1': 0.6705026626586914, 'communication_cost': 22580376}
[ 2026-05-15 09:10:48 | node_13 | INFO ] 📈 Evaluated. Results: {'test_loss': 0.2402818650007248, 'test_acc': 0.9683098793029785, 'test_precision': 0.702657163143158, 'test_recall': 0.678877592086792, 'test_f1': 0.6897525787353516, 'communication_cost': 22580376}
[ 2026-05-15 09:10:48 | node_24 | INFO ] 🔬 Evaluating...
[ 2026-05-15 09:10:48 | node_13 | INFO ] 📢 Broadcasting metrics.
[ 2026-05-15 09:10:48 | node_12 | INFO ] 📢 Broadcasting metrics.
[ 2026-05-15 09:10:48 | node_4 | INFO ] 🔬 Evaluating...
[ 2026-05-15 09:10:48 | node_39 | INFO ] 🗣️ Gossiping aggregated model.
[ 2026-05-15 09:10:48 | node_1 | INFO ] 🤫 Gossip finished.
[ 2026-05-15 09:10:48 | node_40 | INFO ] 🤫 Gossip finished.
[ 2026-05-15 09:10:48 | node_39 | INFO ] 🤫 Gossip finished.
[ 2026-05-15 09:10:48 | node_34 | INFO ] 🤫 Gossip finished.
[ 2026-05-15 09:10:48 | node_23 | INFO ] 📈 Evaluated. Results: {'test_loss': 0.27114835381507874, 'test_acc': 0.9557521939277649, 'test_precision': 0.9368907809257507, 'test_recall': 0.9438339471817017, 'test_f1': 0.9342449903488159, 'communication_cost': 26343772}
[ 2026-05-15 09:10:48 | node_17 | INFO ] 🤫 Gossip finished.
[ 2026-05-15 09:10:48 | node_16 | INFO ] 🎉 Round 99 of 100 finished.
[ 2026-05-15 09:10:48 | node_32 | INFO ] 🗣️ Gossiping aggregated model.
[ 2026-05-15 09:10:48 | node_23 | INFO ] 📢 Broadcasting metrics.
[ 2026-05-15 09:10:48 | node_1 | INFO ] 🔬 Evaluating...
[ 2026-05-15 09:10:48 | node_24 | INFO ] 📈 Evaluated. Results: {'test_loss': 0.18050940334796906, 'test_acc': 0.9807692170143127, 'test_precision': 0.9798320531845093, 'test_recall': 0.9458333253860474, 'test_f1': 0.9538164734840393, 'communication_cost': 26343772}
[ 2026-05-15 09:10:48 | node_40 | INFO ] 🔬 Evaluating...
[ 2026-05-15 09:10:48 | node_39 | INFO ] 🔬 Evaluating...
[ 2026-05-15 09:10:48 | node_34 | INFO ] 🔬 Evaluating...
[ 2026-05-15 09:10:48 | node_17 | INFO ] 🔬 Evaluating...
[ 2026-05-15 09:10:48 | node_4 | INFO ] 📈 Evaluated. Results: {'test_loss': 0.2486688643693924, 'test_acc': 0.9677419066429138, 'test_precision': 0.948903501033783, 'test_recall': 0.9851852655410767, 'test_f1': 0.9626306295394897, 'communication_cost': 15053584}
[ 2026-05-15 09:10:48 | node_24 | INFO ] 📢 Broadcasting metrics.
[ 2026-05-15 09:10:48 | node_16 | INFO ] 🗳️ [DETERMINISTIC] Train set assigned (No Voting). Size: 50
[ 2026-05-15 09:10:49 | node_4 | INFO ] 📢 Broadcasting metrics.
[ 2026-05-15 09:10:49 | node_39 | INFO ] 📈 Evaluated. Results: {'test_loss': 0.16085083782672882, 'test_acc': 0.9886363744735718, 'test_precision': 0.6969696879386902, 'test_recall': 0.6906348466873169, 'test_f1': 0.6937631368637085, 'communication_cost': 30107168}
[ 2026-05-15 09:10:49 | node_40 | INFO ] 📈 Evaluated. Results: {'test_loss': 0.1470913290977478, 'test_acc': 0.9873417615890503, 'test_precision': 0.9777777791023254, 'test_recall': 0.9907408356666565, 'test_f1': 0.9828234314918518, 'communication_cost': 26343772}
[ 2026-05-15 09:10:49 | node_16 | INFO ] 🏋️‍♀️ Preparing training...
[ 2026-05-15 09:10:49 | node_1 | INFO ] 📈 Evaluated. Results: {'test_loss': 0.2269441783428192, 'test_acc': 0.9644444584846497, 'test_precision': 0.6177778244018555, 'test_recall': 0.6137561798095703, 'test_f1': 0.6055436134338379, 'communication_cost': 26343772}
[ 2026-05-15 09:10:49 | node_17 | INFO ] 📈 Evaluated. Results: {'test_loss': 0.18816685676574707, 'test_acc': 0.9900990128517151, 'test_precision': 0.895332396030426, 'test_recall': 0.8928982615470886, 'test_f1': 0.8940863013267517, 'communication_cost': 15053584}
[ 2026-05-15 09:10:49 | node_34 | INFO ] 📈 Evaluated. Results: {'test_loss': 0.19806241989135742, 'test_acc': 0.9802631735801697, 'test_precision': 0.9052631855010986, 'test_recall': 0.9007518887519836, 'test_f1': 0.9028340578079224, 'communication_cost': 26343772}
[ 2026-05-15 09:10:49 | node_14 | INFO ] 🤫 Gossip finished.
[ 2026-05-15 09:10:49 | node_39 | INFO ] 📢 Broadcasting metrics.
[ 2026-05-15 09:10:49 | node_19 | INFO ] 🛠️ Calling force_add_local_model...
[ 2026-05-15 09:10:49 | node_40 | INFO ] 📢 Broadcasting metrics.
[ 2026-05-15 09:10:49 | node_2 | INFO ] 🎉 Round 99 of 100 finished.
[ 2026-05-15 09:10:49 | node_1 | INFO ] 📢 Broadcasting metrics.
[ 2026-05-15 09:10:49 | node_14 | INFO ] 🔬 Evaluating...
[ 2026-05-15 09:10:49 | node_19 | INFO ] ✅ [FORCE] Local model added for round 99. (1/5)
[ 2026-05-15 09:10:49 | node_17 | INFO ] 📢 Broadcasting metrics.
[ 2026-05-15 09:10:49 | node_43 | INFO ] 🛠️ Calling force_add_local_model...
[ 2026-05-15 09:10:49 | node_34 | INFO ] 📢 Broadcasting metrics.
[ 2026-05-15 09:10:49 | node_19 | INFO ] 📤 Sending model to 4 direct neighbors: ['node_7', 'node_11', 'node_15', 'node_25']
[ 2026-05-15 09:10:49 | node_2 | INFO ] 🗳️ [DETERMINISTIC] Train set assigned (No Voting). Size: 50
[ 2026-05-15 09:10:49 | node_43 | INFO ] ✅ [FORCE] Local model added for round 99. (1/7)
[ 2026-05-15 09:10:49 | node_42 | INFO ] 🤫 Gossip finished.
[ 2026-05-15 09:10:49 | node_43 | INFO ] 📤 Sending model to 6 direct neighbors: ['node_5', 'node_10', 'node_11', 'node_27', 'node_28', 'node_35']
[ 2026-05-15 09:10:49 | node_30 | INFO ] 🛠️ Calling force_add_local_model...
[ 2026-05-15 09:10:49 | node_42 | INFO ] 🔬 Evaluating...
[ 2026-05-15 09:10:49 | node_14 | INFO ] 📈 Evaluated. Results: {'test_loss': 0.16367942094802856, 'test_acc': 0.976190447807312, 'test_precision': 0.9388889670372009, 'test_recall': 0.984541118144989, 'test_f1': 0.9526798129081726, 'communication_cost': 26343772}
[ 2026-05-15 09:10:49 | node_2 | INFO ] 🏋️‍♀️ Preparing training...
[ 2026-05-15 09:10:49 | node_20 | INFO ] 🛠️ Calling force_add_local_model...
[ 2026-05-15 09:10:49 | node_30 | INFO ] ✅ [FORCE] Local model added for round 99. (1/5)
[ 2026-05-15 09:10:50 | node_30 | INFO ] 📤 Sending model to 4 direct neighbors: ['node_15', 'node_35', 'node_46', 'node_47']
[ 2026-05-15 09:10:50 | node_20 | INFO ] ✅ [FORCE] Local model added for round 99. (1/6)
[ 2026-05-15 09:10:50 | node_14 | INFO ] 📢 Broadcasting metrics.
[ 2026-05-15 09:10:50 | node_20 | INFO ] 📤 Sending model to 5 direct neighbors: ['node_9', 'node_12', 'node_13', 'node_22', 'node_27']
[ 2026-05-15 09:10:50 | node_42 | INFO ] 📈 Evaluated. Results: {'test_loss': 0.20589087903499603, 'test_acc': 0.9786096215248108, 'test_precision': 0.8359081149101257, 'test_recall': 0.830206573009491, 'test_f1': 0.8327547907829285, 'communication_cost': 18816980}
[ 2026-05-15 09:10:50 | node_8 | INFO ] 🎉 Round 99 of 100 finished.
[ 2026-05-15 09:10:50 | node_16 | INFO ] 🎓 Training step done.
[ 2026-05-15 09:10:50 | node_42 | INFO ] 📢 Broadcasting metrics.
[ 2026-05-15 09:10:50 | node_8 | INFO ] 🗳️ [DETERMINISTIC] Train set assigned (No Voting). Size: 50
[ 2026-05-15 09:10:50 | node_2 | INFO ] 🎓 Training step done.
[ 2026-05-15 09:10:51 | node_8 | INFO ] ♻️ Proactively processing 2 early models for round 99.
[ 2026-05-15 09:10:51 | node_8 | INFO ] 🧩 Model added for round 99 (1/6) from ['node_6']
[ 2026-05-15 09:10:51 | node_35 | INFO ] 🧩 Model added for round 99 (1/8) from ['node_30']
[ 2026-05-15 09:10:51 | node_8 | INFO ] 🧩 Model added for round 99 (2/6) from ['node_21']
[ 2026-05-15 09:10:51 | node_8 | INFO ] 🏋️‍♀️ Preparing training...
[ 2026-05-15 09:10:51 | node_47 | INFO ] 🛠️ Calling force_add_local_model...
[ 2026-05-15 09:10:51 | node_47 | INFO ] ✅ [FORCE] Local model added for round 99. (1/5)
[ 2026-05-15 09:10:51 | node_47 | INFO ] 📤 Sending model to 4 direct neighbors: ['node_3', 'node_9', 'node_23', 'node_30']
[ 2026-05-15 09:10:51 | node_44 | INFO ] ⏹️  Gossiping exited for 10 equal rounds.
[ 2026-05-15 09:10:51 | node_26 | INFO ] ⏹️  Gossiping exited for 10 equal rounds.
[ 2026-05-15 09:10:52 | node_25 | INFO ] 🧩 Model added for round 99 (2/8) from ['node_19']
[ 2026-05-15 09:10:52 | node_44 | INFO ] 🔬 Evaluating...
[ 2026-05-15 09:10:52 | node_27 | INFO ] 🧩 Model added for round 99 (1/6) from ['node_43']
[ 2026-05-15 09:10:52 | node_8 | INFO ] 🎓 Training step done.
[ 2026-05-15 09:10:52 | node_26 | INFO ] 🔬 Evaluating...
[ 2026-05-15 09:10:52 | node_27 | INFO ] 🛠️ Calling force_add_local_model...
[ 2026-05-15 09:10:52 | node_27 | INFO ] ✅ [FORCE] Local model added for round 99. (2/6)
[ 2026-05-15 09:10:52 | node_35 | INFO ] 🛠️ Calling force_add_local_model...
[ 2026-05-15 09:10:52 | node_44 | INFO ] 📈 Evaluated. Results: {'test_loss': 0.20076310634613037, 'test_acc': 0.9714285731315613, 'test_precision': 0.9166530966758728, 'test_recall': 0.9437755942344666, 'test_f1': 0.9276658296585083, 'communication_cost': 33870564}
[ 2026-05-15 09:10:52 | node_27 | INFO ] 📤 Sending model to 5 direct neighbors: ['node_14', 'node_20', 'node_23', 'node_31', 'node_43']
[ 2026-05-15 09:10:52 | node_26 | INFO ] 📈 Evaluated. Results: {'test_loss': 0.197581484913826, 'test_acc': 0.9900497794151306, 'test_precision': 0.9840795993804932, 'test_recall': 0.9937871694564819, 'test_f1': 0.9883250594139099, 'communication_cost': 26343772}
[ 2026-05-15 09:10:52 | node_35 | INFO ] ✅ [FORCE] Local model added for round 99. (2/8)
[ 2026-05-15 09:10:52 | node_4 | INFO ] 🎉 Round 99 of 100 finished.
[ 2026-05-15 09:10:52 | node_44 | INFO ] 📢 Broadcasting metrics.
[ 2026-05-15 09:10:52 | node_35 | INFO ] 📤 Sending model to 7 direct neighbors: ['node_1', 'node_9', 'node_10', 'node_22', 'node_30', 'node_43', 'node_44']
[ 2026-05-15 09:10:53 | node_26 | INFO ] 📢 Broadcasting metrics.
[ 2026-05-15 09:10:53 | node_4 | INFO ] 🗳️ [DETERMINISTIC] Train set assigned (No Voting). Size: 50
[ 2026-05-15 09:10:53 | node_27 | INFO ] 🧩 Model added for round 99 (3/6) from ['node_20']
[ 2026-05-15 09:10:53 | node_25 | INFO ] 🛠️ Calling force_add_local_model...
[ 2026-05-15 09:10:53 | node_45 | INFO ] 🎉 Round 99 of 100 finished.
[ 2026-05-15 09:10:53 | node_25 | INFO ] ✅ [FORCE] Local model added for round 99. (3/8)
[ 2026-05-15 09:10:53 | node_17 | INFO ] 🎉 Round 99 of 100 finished.
[ 2026-05-15 09:10:53 | node_4 | INFO ] 🏋️‍♀️ Preparing training...
[ 2026-05-15 09:10:53 | node_25 | INFO ] 📤 Sending model to 7 direct neighbors: ['node_2', 'node_6', 'node_7', 'node_15', 'node_19', 'node_23', 'node_31']
[ 2026-05-15 09:10:53 | node_45 | INFO ] 🗳️ [DETERMINISTIC] Train set assigned (No Voting). Size: 50
[ 2026-05-15 09:10:53 | node_17 | INFO ] 🗳️ [DETERMINISTIC] Train set assigned (No Voting). Size: 50
[ 2026-05-15 09:10:53 | node_45 | INFO ] ♻️ Proactively processing 1 early models for round 99.
[ 2026-05-15 09:10:53 | node_20 | INFO ] 🧩 Model added for round 99 (2/6) from ['node_27']
[ 2026-05-15 09:10:53 | node_13 | INFO ] 🎉 Round 99 of 100 finished.
[ 2026-05-15 09:10:53 | node_17 | INFO ] 🏋️‍♀️ Preparing training...
[ 2026-05-15 09:10:54 | node_12 | INFO ] 🎉 Round 99 of 100 finished.
[ 2026-05-15 09:10:54 | node_2 | INFO ] 🧩 Model added for round 99 (1/8) from ['node_25']
[ 2026-05-15 09:10:54 | node_45 | INFO ] 🧩 Model added for round 99 (1/8) from ['node_21']
[ 2026-05-15 09:10:54 | node_45 | INFO ] 🏋️‍♀️ Preparing training...
[ 2026-05-15 09:10:54 | node_28 | INFO ] 🎉 Round 99 of 100 finished.
[ 2026-05-15 09:10:54 | node_13 | INFO ] 🗳️ [DETERMINISTIC] Train set assigned (No Voting). Size: 50
[ 2026-05-15 09:10:54 | node_22 | INFO ] ⏹️  Gossiping exited for 10 equal rounds.
[ 2026-05-15 09:10:54 | node_12 | INFO ] 🗳️ [DETERMINISTIC] Train set assigned (No Voting). Size: 50
[ 2026-05-15 09:10:54 | node_30 | INFO ] 🧩 Model added for round 99 (2/5) from ['node_47']
[ 2026-05-15 09:10:54 | node_47 | INFO ] 🧩 Model added for round 99 (2/5) from ['node_30']
[ 2026-05-15 09:10:54 | node_4 | INFO ] 🎓 Training step done.
[ 2026-05-15 09:10:54 | node_13 | INFO ] ♻️ Proactively processing 1 early models for round 99.
[ 2026-05-15 09:10:54 | node_28 | INFO ] 🗳️ [DETERMINISTIC] Train set assigned (No Voting). Size: 50
[ 2026-05-15 09:10:54 | node_22 | INFO ] 🔬 Evaluating...
[ 2026-05-15 09:10:54 | node_13 | INFO ] 🧩 Model added for round 99 (1/7) from ['node_20']
[ 2026-05-15 09:10:54 | node_35 | INFO ] 🧩 Model added for round 99 (3/8) from ['node_43']
[ 2026-05-15 09:10:55 | node_12 | INFO ] ♻️ Proactively processing 1 early models for round 99.
[ 2026-05-15 09:10:55 | node_13 | INFO ] 🏋️‍♀️ Preparing training...
[ 2026-05-15 09:10:56 | node_5 | INFO ] 🎉 Round 99 of 100 finished.
[ 2026-05-15 09:10:56 | node_12 | INFO ] 🧩 Model added for round 99 (1/7) from ['node_20']
[ 2026-05-15 09:10:56 | node_28 | INFO ] ♻️ Proactively processing 3 early models for round 99.
[ 2026-05-15 09:10:56 | node_16 | INFO ] 🛠️ Calling force_add_local_model...
[ 2026-05-15 09:10:56 | node_2 | INFO ] 🛠️ Calling force_add_local_model...
[ 2026-05-15 09:10:56 | node_17 | INFO ] 🎓 Training step done.
[ 2026-05-15 09:10:56 | node_45 | INFO ] 🎓 Training step done.
[ 2026-05-15 09:10:56 | node_12 | INFO ] 🏋️‍♀️ Preparing training...
[ 2026-05-15 09:10:56 | node_28 | INFO ] 🧩 Model added for round 99 (1/8) from ['node_37']
[ 2026-05-15 09:10:56 | node_2 | INFO ] ✅ [FORCE] Local model added for round 99. (2/8)
[ 2026-05-15 09:10:56 | node_5 | INFO ] 🗳️ [DETERMINISTIC] Train set assigned (No Voting). Size: 50
[ 2026-05-15 09:10:56 | node_16 | INFO ] ✅ [FORCE] Local model added for round 99. (1/7)
[ 2026-05-15 09:10:56 | node_22 | INFO ] 📈 Evaluated. Results: {'test_loss': 0.18298940360546112, 'test_acc': 0.9664804339408875, 'test_precision': 0.8371819257736206, 'test_recall': 0.8411223292350769, 'test_f1': 0.8378279805183411, 'communication_cost': 30107168}
[ 2026-05-15 09:10:57 | node_28 | INFO ] 🧩 Model added for round 99 (2/8) from ['node_21']
[ 2026-05-15 09:10:57 | node_38 | INFO ] ⏹️  Gossiping exited for 10 equal rounds.
[ 2026-05-15 09:10:57 | node_2 | INFO ] 📤 Sending model to 7 direct neighbors: ['node_25', 'node_26', 'node_34', 'node_41', 'node_44', 'node_45', 'node_46']
[ 2026-05-15 09:10:57 | node_16 | INFO ] 📤 Sending model to 6 direct neighbors: ['node_1', 'node_3', 'node_7', 'node_14', 'node_24', 'node_36']
[ 2026-05-15 09:10:57 | node_28 | INFO ] 🧩 Model added for round 99 (3/8) from ['node_43']
[ 2026-05-15 09:10:57 | node_22 | INFO ] 📢 Broadcasting metrics.
[ 2026-05-15 09:10:57 | node_23 | INFO ] 🎉 Round 99 of 100 finished.
[ 2026-05-15 09:10:57 | node_28 | INFO ] 🏋️‍♀️ Preparing training...
[ 2026-05-15 09:10:57 | node_5 | INFO ] ♻️ Proactively processing 1 early models for round 99.
[ 2026-05-15 09:10:57 | node_38 | INFO ] 🔬 Evaluating...
[ 2026-05-15 09:10:57 | node_5 | INFO ] 🧩 Model added for round 99 (1/9) from ['node_43']
[ 2026-05-15 09:10:57 | node_8 | INFO ] 🛠️ Calling force_add_local_model...
[ 2026-05-15 09:10:57 | node_23 | INFO ] 🗳️ [DETERMINISTIC] Train set assigned (No Voting). Size: 50
[ 2026-05-15 09:10:57 | node_24 | INFO ] 🎉 Round 99 of 100 finished.
[ 2026-05-15 09:10:57 | node_5 | INFO ] 🏋️‍♀️ Preparing training...
[ 2026-05-15 09:10:57 | node_8 | INFO ] ✅ [FORCE] Local model added for round 99. (3/6)
[ 2026-05-15 09:10:57 | node_42 | INFO ] 🎉 Round 99 of 100 finished.
[ 2026-05-15 09:10:57 | node_8 | INFO ] 📤 Sending model to 5 direct neighbors: ['node_6', 'node_7', 'node_9', 'node_21', 'node_40']
[ 2026-05-15 09:10:57 | node_3 | INFO ] 🎉 Round 99 of 100 finished.
[ 2026-05-15 09:10:57 | node_24 | INFO ] 🗳️ [DETERMINISTIC] Train set assigned (No Voting). Size: 50
[ 2026-05-15 09:10:57 | node_25 | INFO ] 🧩 Model added for round 99 (4/8) from ['node_2']
[ 2026-05-15 09:10:57 | node_12 | INFO ] 🎓 Training step done.
[ 2026-05-15 09:10:57 | node_13 | INFO ] 🎓 Training step done.
[ 2026-05-15 09:10:58 | node_23 | INFO ] ♻️ Proactively processing 2 early models for round 99.
[ 2026-05-15 09:10:58 | node_42 | INFO ] 🗳️ [DETERMINISTIC] Train set assigned (No Voting). Size: 50
[ 2026-05-15 09:10:58 | node_30 | INFO ] 🧩 Model added for round 99 (3/5) from ['node_35']
[ 2026-05-15 09:10:58 | node_38 | INFO ] 📈 Evaluated. Results: {'test_loss': 0.1838601678609848, 'test_acc': 0.9826589822769165, 'test_precision': 0.8755620121955872, 'test_recall': 0.9007729887962341, 'test_f1': 0.8856223821640015, 'communication_cost': 26343772}
[ 2026-05-15 09:10:58 | node_3 | INFO ] 🗳️ [DETERMINISTIC] Train set assigned (No Voting). Size: 50
[ 2026-05-15 09:10:58 | node_23 | INFO ] 🧩 Model added for round 99 (1/8) from ['node_47']
[ 2026-05-15 09:10:58 | node_28 | INFO ] 🎓 Training step done.
[ 2026-05-15 09:10:58 | node_38 | INFO ] 📢 Broadcasting metrics.
[ 2026-05-15 09:10:58 | node_23 | INFO ] 🧩 Model added for round 99 (2/8) from ['node_27']
[ 2026-05-15 09:10:58 | node_24 | INFO ] 🏋️‍♀️ Preparing training...
[ 2026-05-15 09:10:58 | node_1 | INFO ] 🎉 Round 99 of 100 finished.
[ 2026-05-15 09:10:58 | node_42 | INFO ] 🏋️‍♀️ Preparing training...
[ 2026-05-15 09:10:58 | node_23 | INFO ] 🏋️‍♀️ Preparing training...
[ 2026-05-15 09:10:58 | node_5 | INFO ] 🎓 Training step done.
[ 2026-05-15 09:10:58 | node_6 | INFO ] 🧩 Model added for round 99 (3/4) from ['node_8']
[ 2026-05-15 09:10:58 | node_40 | INFO ] 🎉 Round 99 of 100 finished.
[ 2026-05-15 09:10:58 | node_3 | INFO ] ♻️ Proactively processing 2 early models for round 99.
[ 2026-05-15 09:10:58 | node_34 | INFO ] 🎉 Round 99 of 100 finished.
[ 2026-05-15 09:10:58 | node_1 | INFO ] 🗳️ [DETERMINISTIC] Train set assigned (No Voting). Size: 50
[ 2026-05-15 09:10:58 | node_6 | INFO ] 🧩 Model added for round 99 (4/4) from ['node_25']
[ 2026-05-15 09:10:58 | node_3 | INFO ] 🧩 Model added for round 99 (1/10) from ['node_21']
[ 2026-05-15 09:10:58 | node_40 | INFO ] 🗳️ [DETERMINISTIC] Train set assigned (No Voting). Size: 50
[ 2026-05-15 09:10:58 | node_3 | INFO ] 🧩 Model added for round 99 (2/10) from ['node_47']
[ 2026-05-15 09:10:58 | node_34 | INFO ] 🗳️ [DETERMINISTIC] Train set assigned (No Voting). Size: 50
[ 2026-05-15 09:10:58 | node_3 | INFO ] 🏋️‍♀️ Preparing training...
[ 2026-05-15 09:10:58 | node_3 | INFO ] 🧩 Model added for round 99 (3/10) from ['node_16']
[ 2026-05-15 09:10:59 | node_1 | INFO ] ♻️ Proactively processing 2 early models for round 99.
[ 2026-05-15 09:10:59 | node_40 | INFO ] 🏋️‍♀️ Preparing training...
[ 2026-05-15 09:10:59 | node_1 | INFO ] 🧩 Model added for round 99 (1/8) from ['node_35']
[ 2026-05-15 09:10:59 | node_34 | INFO ] 🏋️‍♀️ Preparing training...
[ 2026-05-15 09:10:59 | node_36 | INFO ] 🎉 Round 99 of 100 finished.
[ 2026-05-15 09:10:59 | node_14 | INFO ] 🎉 Round 99 of 100 finished.
[ 2026-05-15 09:10:59 | node_9 | INFO ] 🎉 Round 99 of 100 finished.
[ 2026-05-15 09:10:59 | node_43 | INFO ] 🧩 Model added for round 99 (2/7) from ['node_27']
[ 2026-05-15 09:10:59 | node_1 | INFO ] 🧩 Model added for round 99 (2/8) from ['node_16']
[ 2026-05-15 09:10:59 | node_1 | INFO ] 🏋️‍♀️ Preparing training...
[ 2026-05-15 09:10:59 | node_6 | INFO ] 🧠 Aggregation complete. Setting new model.
[ 2026-05-15 09:10:59 | node_14 | INFO ] 🗳️ [DETERMINISTIC] Train set assigned (No Voting). Size: 50
[ 2026-05-15 09:10:59 | node_36 | INFO ] 🗳️ [DETERMINISTIC] Train set assigned (No Voting). Size: 50
[ 2026-05-15 09:10:59 | node_9 | INFO ] 🗳️ [DETERMINISTIC] Train set assigned (No Voting). Size: 50
[ 2026-05-15 09:10:59 | node_39 | INFO ] 🎉 Round 99 of 100 finished.
[ 2026-05-15 09:10:59 | node_36 | INFO ] ♻️ Proactively processing 2 early models for round 99.
[ 2026-05-15 09:10:59 | node_36 | INFO ] 🧩 Model added for round 99 (1/11) from ['node_37']
[ 2026-05-15 09:10:59 | node_14 | INFO ] ♻️ Proactively processing 1 early models for round 99.
[ 2026-05-15 09:10:59 | node_36 | INFO ] 🧩 Model added for round 99 (2/11) from ['node_21']
[ 2026-05-15 09:10:59 | node_14 | INFO ] 🧩 Model added for round 99 (1/8) from ['node_27']
[ 2026-05-15 09:10:59 | node_39 | INFO ] 🗳️ [DETERMINISTIC] Train set assigned (No Voting). Size: 50
[ 2026-05-15 09:10:59 | node_9 | INFO ] ♻️ Proactively processing 3 early models for round 99.
[ 2026-05-15 09:10:59 | node_9 | INFO ] 🧩 Model added for round 99 (1/11) from ['node_20']
[ 2026-05-15 09:10:59 | node_9 | INFO ] 🧩 Model added for round 99 (2/11) from ['node_47']
[ 2026-05-15 09:10:59 | node_4 | INFO ] 🛠️ Calling force_add_local_model...
[ 2026-05-15 09:10:59 | node_36 | INFO ] 🏋️‍♀️ Preparing training...
[ 2026-05-15 09:10:59 | node_14 | INFO ] 🏋️‍♀️ Preparing training...
[ 2026-05-15 09:10:59 | node_39 | INFO ] 🏋️‍♀️ Preparing training...
[ 2026-05-15 09:10:59 | node_9 | INFO ] 🧩 Model added for round 99 (3/11) from ['node_35']
[ 2026-05-15 09:10:59 | node_9 | INFO ] 🏋️‍♀️ Preparing training...
[ 2026-05-15 09:10:59 | node_7 | INFO ] 🎉 Round 99 of 100 finished.
[ 2026-05-15 09:10:59 | node_6 | INFO ] 🗣️ Gossiping aggregated model.
[ 2026-05-15 09:10:59 | node_4 | INFO ] ✅ [FORCE] Local model added for round 99. (1/5)
[ 2026-05-15 09:10:59 | node_24 | INFO ] 🎓 Training step done.
[ 2026-05-15 09:10:59 | node_43 | INFO ] 🧩 Model added for round 99 (3/7) from ['node_35']
[ 2026-05-15 09:10:59 | node_42 | INFO ] 🎓 Training step done.
[ 2026-05-15 09:10:59 | node_7 | INFO ] 🗳️ [DETERMINISTIC] Train set assigned (No Voting). Size: 50
[ 2026-05-15 09:10:59 | node_4 | INFO ] 📤 Sending model to 4 direct neighbors: ['node_7', 'node_12', 'node_15', 'node_23']
[ 2026-05-15 09:10:59 | node_23 | INFO ] 🎓 Training step done.
[ 2026-05-15 09:10:59 | node_3 | INFO ] 🎓 Training step done.
[ 2026-05-15 09:11:00 | node_7 | INFO ] ♻️ Proactively processing 3 early models for round 99.
[ 2026-05-15 09:11:00 | node_9 | INFO ] 🧩 Model added for round 99 (4/11) from ['node_8']
[ 2026-05-15 09:11:00 | node_7 | INFO ] 🧩 Model added for round 99 (1/13) from ['node_19']
[ 2026-05-15 09:11:00 | node_34 | INFO ] 🎓 Training step done.
[ 2026-05-15 09:11:00 | node_40 | INFO ] 🎓 Training step done.
[ 2026-05-15 09:11:00 | node_7 | INFO ] 🧩 Model added for round 99 (2/13) from ['node_8']
[ 2026-05-15 09:11:00 | node_14 | INFO ] 🎓 Training step done.
[ 2026-05-15 09:11:00 | node_39 | INFO ] 🎓 Training step done.
[ 2026-05-15 09:11:00 | node_7 | INFO ] 🧩 Model added for round 99 (3/13) from ['node_25']
[ 2026-05-15 09:11:00 | node_36 | INFO ] 🎓 Training step done.
[ 2026-05-15 09:11:00 | node_7 | INFO ] 🏋️‍♀️ Preparing training...
[ 2026-05-15 09:11:00 | node_7 | INFO ] 🧩 Model added for round 99 (4/13) from ['node_4']
[ 2026-05-15 09:11:01 | node_34 | INFO ] 🧩 Model added for round 99 (1/8) from ['node_2']
[ 2026-05-15 09:11:01 | node_1 | INFO ] 🎓 Training step done.
[ 2026-05-15 09:11:01 | node_9 | INFO ] 🎓 Training step done.
[ 2026-05-15 09:11:01 | node_19 | INFO ] 🧩 Model added for round 99 (2/5) from ['node_25']
[ 2026-05-15 09:11:01 | node_7 | INFO ] 🧩 Model added for round 99 (5/13) from ['node_16']
[ 2026-05-15 09:11:01 | node_26 | INFO ] 🎉 Round 99 of 100 finished.
[ 2026-05-15 09:11:01 | node_17 | INFO ] 🛠️ Calling force_add_local_model...
[ 2026-05-15 09:11:01 | node_26 | INFO ] 🗳️ [DETERMINISTIC] Train set assigned (No Voting). Size: 50
[ 2026-05-15 09:11:01 | node_45 | INFO ] 🛠️ Calling force_add_local_model...
[ 2026-05-15 09:11:02 | node_17 | INFO ] ✅ [FORCE] Local model added for round 99. (1/5)
[ 2026-05-15 09:11:02 | node_7 | INFO ] 🎓 Training step done.
[ 2026-05-15 09:11:02 | node_45 | INFO ] ✅ [FORCE] Local model added for round 99. (2/8)
[ 2026-05-15 09:11:02 | node_17 | INFO ] 📤 Sending model to 4 direct neighbors: ['node_1', 'node_18', 'node_32', 'node_42']
[ 2026-05-15 09:11:02 | node_45 | INFO ] 📤 Sending model to 7 direct neighbors: ['node_2', 'node_5', 'node_21', 'node_24', 'node_26', 'node_40', 'node_41']
[ 2026-05-15 09:11:02 | node_26 | INFO ] ♻️ Proactively processing 3 early models for round 99.
[ 2026-05-15 09:11:02 | node_26 | INFO ] 🧩 Model added for round 99 (1/8) from ['node_37']
[ 2026-05-15 09:11:02 | node_10 | INFO ] ⏹️  Gossiping exited for 10 equal rounds.
[ 2026-05-15 09:11:02 | node_26 | INFO ] 🧩 Model added for round 99 (2/8) from ['node_21']
[ 2026-05-15 09:11:02 | node_26 | INFO ] 🧩 Model added for round 99 (3/8) from ['node_2']
[ 2026-05-15 09:11:02 | node_26 | INFO ] 🏋️‍♀️ Preparing training...
[ 2026-05-15 09:11:02 | node_1 | INFO ] 🧩 Model added for round 99 (3/8) from ['node_17']
[ 2026-05-15 09:11:02 | node_10 | INFO ] 🔬 Evaluating...
[ 2026-05-15 09:11:02 | node_23 | INFO ] 🧩 Model added for round 99 (3/8) from ['node_25']
[ 2026-05-15 09:11:02 | node_2 | INFO ] 🧩 Model added for round 99 (3/8) from ['node_45']
[ 2026-05-15 09:11:03 | node_44 | INFO ] 🎉 Round 99 of 100 finished.
[ 2026-05-15 09:11:03 | node_12 | INFO ] 🛠️ Calling force_add_local_model...
[ 2026-05-15 09:11:03 | node_13 | INFO ] 🛠️ Calling force_add_local_model...
[ 2026-05-15 09:11:03 | node_10 | INFO ] 📈 Evaluated. Results: {'test_loss': 0.17647427320480347, 'test_acc': 0.9740259647369385, 'test_precision': 0.6718862652778625, 'test_recall': 0.6532616019248962, 'test_f1': 0.6619806885719299, 'communication_cost': 22580376}
[ 2026-05-15 09:11:03 | node_44 | INFO ] 🗳️ [DETERMINISTIC] Train set assigned (No Voting). Size: 50
[ 2026-05-15 09:11:03 | node_21 | INFO ] 🧩 Model added for round 99 (3/8) from ['node_8']
[ 2026-05-15 09:11:03 | node_12 | INFO ] ✅ [FORCE] Local model added for round 99. (2/7)
[ 2026-05-15 09:11:03 | node_13 | INFO ] ✅ [FORCE] Local model added for round 99. (2/7)
[ 2026-05-15 09:11:03 | node_10 | INFO ] 📢 Broadcasting metrics.
[ 2026-05-15 09:11:03 | node_12 | INFO ] 📤 Sending model to 6 direct neighbors: ['node_3', 'node_4', 'node_20', 'node_22', 'node_26', 'node_39']
[ 2026-05-15 09:11:03 | node_13 | INFO ] 📤 Sending model to 6 direct neighbors: ['node_10', 'node_20', 'node_22', 'node_24', 'node_34', 'node_40']
[ 2026-05-15 09:11:03 | node_28 | INFO ] 🛠️ Calling force_add_local_model...
[ 2026-05-15 09:11:03 | node_44 | INFO ] ♻️ Proactively processing 1 early models for round 99.
[ 2026-05-15 09:11:03 | node_44 | INFO ] 🧩 Model added for round 99 (1/10) from ['node_35']
[ 2026-05-15 09:11:03 | node_28 | INFO ] ✅ [FORCE] Local model added for round 99. (4/8)
[ 2026-05-15 09:11:03 | node_26 | INFO ] 🎓 Training step done.
[ 2026-05-15 09:11:03 | node_44 | INFO ] 🏋️‍♀️ Preparing training...
[ 2026-05-15 09:11:03 | node_44 | INFO ] 🧩 Model added for round 99 (2/10) from ['node_2']
[ 2026-05-15 09:11:03 | node_28 | INFO ] 📤 Sending model to 7 direct neighbors: ['node_5', 'node_10', 'node_21', 'node_37', 'node_41', 'node_43', 'node_46']
[ 2026-05-15 09:11:03 | node_5 | INFO ] 🛠️ Calling force_add_local_model...
[ 2026-05-15 09:11:03 | node_5 | INFO ] ✅ [FORCE] Local model added for round 99. (2/9)
[ 2026-05-15 09:11:03 | node_3 | INFO ] 🧩 Model added for round 99 (4/10) from ['node_12']
[ 2026-05-15 09:11:03 | node_12 | INFO ] 🧩 Model added for round 99 (3/7) from ['node_4']
[ 2026-05-15 09:11:03 | node_41 | INFO ] ⏹️  Gossiping exited for 10 equal rounds.
[ 2026-05-15 09:11:03 | node_5 | INFO ] 📤 Sending model to 8 direct neighbors: ['node_9', 'node_18', 'node_22', 'node_28', 'node_38', 'node_42', 'node_43', 'node_45']
[ 2026-05-15 09:11:03 | node_46 | INFO ] ⏹️  Gossiping exited for 10 equal rounds.
[ 2026-05-15 09:11:04 | node_41 | INFO ] 🔬 Evaluating...
[ 2026-05-15 09:11:04 | node_46 | INFO ] 🔬 Evaluating...
[ 2026-05-15 09:11:04 | node_5 | INFO ] 🧩 Model added for round 99 (3/9) from ['node_28']
[ 2026-05-15 09:11:04 | node_20 | INFO ] 🧩 Model added for round 99 (3/6) from ['node_13']
[ 2026-05-15 09:11:04 | node_44 | INFO ] 🎓 Training step done.
[ 2026-05-15 09:11:04 | node_9 | INFO ] 🧩 Model added for round 99 (5/11) from ['node_5']
[ 2026-05-15 09:11:04 | node_41 | INFO ] 📈 Evaluated. Results: {'test_loss': 0.21092739701271057, 'test_acc': 0.9738562107086182, 'test_precision': 0.8325926065444946, 'test_recall': 0.8497136831283569, 'test_f1': 0.839245080947876, 'communication_cost': 33870564}
[ 2026-05-15 09:11:04 | node_46 | INFO ] 📈 Evaluated. Results: {'test_loss': 0.219864159822464, 'test_acc': 0.9607843160629272, 'test_precision': 0.7619943022727966, 'test_recall': 0.7445038557052612, 'test_f1': 0.7512822151184082, 'communication_cost': 30107168}
[ 2026-05-15 09:11:04 | node_14 | INFO ] 🧩 Model added for round 99 (2/8) from ['node_16']
[ 2026-05-15 09:11:04 | node_22 | INFO ] 🎉 Round 99 of 100 finished.
[ 2026-05-15 09:11:04 | node_38 | INFO ] 🎉 Round 99 of 100 finished.
[ 2026-05-15 09:11:04 | node_5 | INFO ] 🧩 Model added for round 99 (4/9) from ['node_45']
[ 2026-05-15 09:11:04 | node_41 | INFO ] 📢 Broadcasting metrics.
[ 2026-05-15 09:11:04 | node_42 | INFO ] 🛠️ Calling force_add_local_model...
[ 2026-05-15 09:11:04 | node_46 | INFO ] 📢 Broadcasting metrics.
[ 2026-05-15 09:11:04 | node_38 | INFO ] 🗳️ [DETERMINISTIC] Train set assigned (No Voting). Size: 50
[ 2026-05-15 09:11:04 | node_22 | INFO ] 🗳️ [DETERMINISTIC] Train set assigned (No Voting). Size: 50
[ 2026-05-15 09:11:04 | node_24 | INFO ] 🛠️ Calling force_add_local_model...
[ 2026-05-15 09:11:04 | node_42 | INFO ] ✅ [FORCE] Local model added for round 99. (1/6)
[ 2026-05-15 09:11:04 | node_3 | INFO ] 🛠️ Calling force_add_local_model...
[ 2026-05-15 09:11:05 | node_24 | INFO ] ✅ [FORCE] Local model added for round 99. (1/8)
[ 2026-05-15 09:11:05 | node_42 | INFO ] 📤 Sending model to 5 direct neighbors: ['node_5', 'node_15', 'node_17', 'node_32', 'node_36']
[ 2026-05-15 09:11:05 | node_23 | INFO ] 🛠️ Calling force_add_local_model...
[ 2026-05-15 09:11:05 | node_3 | INFO ] ✅ [FORCE] Local model added for round 99. (5/10)
[ 2026-05-15 09:11:05 | node_24 | INFO ] 📤 Sending model to 7 direct neighbors: ['node_13', 'node_14', 'node_16', 'node_31', 'node_38', 'node_39', 'node_45']
[ 2026-05-15 09:11:05 | node_22 | INFO ] ♻️ Proactively processing 2 early models for round 99.
[ 2026-05-15 09:11:05 | node_23 | INFO ] ✅ [FORCE] Local model added for round 99. (4/8)
[ 2026-05-15 09:11:05 | node_40 | INFO ] 🧩 Model added for round 99 (1/8) from ['node_8']
[ 2026-05-15 09:11:05 | node_3 | INFO ] 📤 Sending model to 9 direct neighbors: ['node_12', 'node_15', 'node_16', 'node_21', 'node_40', 'node_41', 'node_44', 'node_46', 'node_47']
[ 2026-05-15 09:11:05 | node_38 | INFO ] 🏋️‍♀️ Preparing training...
[ 2026-05-15 09:11:05 | node_22 | INFO ] 🧩 Model added for round 99 (1/9) from ['node_20']
[ 2026-05-15 09:11:05 | node_23 | INFO ] 📤 Sending model to 7 direct neighbors: ['node_4', 'node_11', 'node_18', 'node_25', 'node_27', 'node_32', 'node_47']
[ 2026-05-15 09:11:05 | node_22 | INFO ] 🧩 Model added for round 99 (2/9) from ['node_35']
[ 2026-05-15 09:11:05 | node_22 | INFO ] 🏋️‍♀️ Preparing training...
[ 2026-05-15 09:11:05 | node_34 | INFO ] 🛠️ Calling force_add_local_model...
[ 2026-05-15 09:11:05 | node_40 | INFO ] 🛠️ Calling force_add_local_model...
[ 2026-05-15 09:11:05 | node_5 | INFO ] 🧩 Model added for round 99 (5/9) from ['node_42']
[ 2026-05-15 09:11:05 | node_14 | INFO ] 🛠️ Calling force_add_local_model...
[ 2026-05-15 09:11:05 | node_13 | INFO ] 🧩 Model added for round 99 (3/7) from ['node_24']
[ 2026-05-15 09:11:05 | node_12 | INFO ] 🧩 Model added for round 99 (4/7) from ['node_3']
[ 2026-05-15 09:11:05 | node_39 | INFO ] 🛠️ Calling force_add_local_model...
[ 2026-05-15 09:11:05 | node_42 | INFO ] 🧩 Model added for round 99 (2/6) from ['node_17']
[ 2026-05-15 09:11:05 | node_4 | INFO ] 🧩 Model added for round 99 (2/5) from ['node_23']
[ 2026-05-15 09:11:05 | node_40 | INFO ] ✅ [FORCE] Local model added for round 99. (2/8)
[ 2026-05-15 09:11:05 | node_34 | INFO ] ✅ [FORCE] Local model added for round 99. (2/8)
[ 2026-05-15 09:11:05 | node_14 | INFO ] ✅ [FORCE] Local model added for round 99. (3/8)
[ 2026-05-15 09:11:05 | node_36 | INFO ] 🛠️ Calling force_add_local_model...
[ 2026-05-15 09:11:06 | node_39 | INFO ] ✅ [FORCE] Local model added for round 99. (1/9)
[ 2026-05-15 09:11:06 | node_40 | INFO ] 📤 Sending model to 7 direct neighbors: ['node_3', 'node_7', 'node_8', 'node_13', 'node_36', 'node_39', 'node_45']
[ 2026-05-15 09:11:06 | node_34 | INFO ] 📤 Sending model to 7 direct neighbors: ['node_2', 'node_11', 'node_13', 'node_14', 'node_32', 'node_41', 'node_44']
[ 2026-05-15 09:11:06 | node_14 | INFO ] 📤 Sending model to 7 direct neighbors: ['node_11', 'node_16', 'node_18', 'node_24', 'node_27', 'node_34', 'node_39']
[ 2026-05-15 09:11:06 | node_39 | INFO ] 📤 Sending model to 8 direct neighbors: ['node_9', 'node_10', 'node_12', 'node_14', 'node_18', 'node_24', 'node_32', 'node_40']
[ 2026-05-15 09:11:06 | node_36 | INFO ] ✅ [FORCE] Local model added for round 99. (3/11)
[ 2026-05-15 09:11:06 | node_45 | INFO ] 🧩 Model added for round 99 (3/8) from ['node_2']
[ 2026-05-15 09:11:06 | node_22 | INFO ] 🧩 Model added for round 99 (3/9) from ['node_13']
[ 2026-05-15 09:11:06 | node_1 | INFO ] 🛠️ Calling force_add_local_model...
[ 2026-05-15 09:11:06 | node_36 | INFO ] 📤 Sending model to 10 direct neighbors: ['node_16', 'node_18', 'node_21', 'node_26', 'node_31', 'node_37', 'node_40', 'node_41', 'node_42', 'node_44']
[ 2026-05-15 09:11:06 | node_38 | INFO ] 🎓 Training step done.
[ 2026-05-15 09:11:06 | node_1 | INFO ] ✅ [FORCE] Local model added for round 99. (4/8)
[ 2026-05-15 09:11:06 | node_9 | INFO ] 🛠️ Calling force_add_local_model...
[ 2026-05-15 09:11:06 | node_23 | INFO ] 🧩 Model added for round 99 (5/8) from ['node_4']
[ 2026-05-15 09:11:06 | node_1 | INFO ] 📤 Sending model to 7 direct neighbors: ['node_7', 'node_11', 'node_16', 'node_17', 'node_18', 'node_32', 'node_35']
[ 2026-05-15 09:11:06 | node_9 | INFO ] ✅ [FORCE] Local model added for round 99. (6/11)
[ 2026-05-15 09:11:06 | node_2 | INFO ] 🧩 Model added for round 99 (4/8) from ['node_34']
[ 2026-05-15 09:11:06 | node_11 | INFO ] ⏹️  Gossiping exited for 10 equal rounds.
[ 2026-05-15 09:11:06 | node_4 | INFO ] 🧩 Model added for round 99 (3/5) from ['node_12']
[ 2026-05-15 09:11:06 | node_3 | INFO ] 🧩 Model added for round 99 (6/10) from ['node_40']
[ 2026-05-15 09:11:06 | node_9 | INFO ] 📤 Sending model to 10 direct neighbors: ['node_5', 'node_8', 'node_11', 'node_18', 'node_20', 'node_35', 'node_39', 'node_41', 'node_46', 'node_47']
[ 2026-05-15 09:11:06 | node_9 | INFO ] 🧩 Model added for round 99 (7/11) from ['node_39']
[ 2026-05-15 09:11:06 | node_16 | INFO ] 🧩 Model added for round 99 (2/7) from ['node_36']
[ 2026-05-15 09:11:06 | node_22 | INFO ] 🎓 Training step done.
[ 2026-05-15 09:11:07 | node_7 | INFO ] 🛠️ Calling force_add_local_model...
[ 2026-05-15 09:11:07 | node_11 | INFO ] 🔬 Evaluating...
[ 2026-05-15 09:11:07 | node_24 | INFO ] 🧩 Model added for round 99 (2/8) from ['node_16']
[ 2026-05-15 09:11:07 | node_7 | INFO ] 🧩 Model added for round 99 (6/13) from ['node_1']
[ 2026-05-15 09:11:07 | node_7 | INFO ] ✅ [FORCE] Local model added for round 99. (7/13)
[ 2026-05-15 09:11:07 | node_21 | INFO ] 🧩 Model added for round 99 (4/8) from ['node_45']
[ 2026-05-15 09:11:07 | node_5 | INFO ] 🧩 Model added for round 99 (6/9) from ['node_9']
[ 2026-05-15 09:11:07 | node_7 | INFO ] 📤 Sending model to 12 direct neighbors: ['node_1', 'node_4', 'node_8', 'node_16', 'node_19', 'node_22', 'node_25', 'node_31', 'node_38', 'node_40', 'node_44', 'node_46']
[ 2026-05-15 09:11:07 | node_16 | INFO ] 🧩 Model added for round 99 (3/7) from ['node_14']
[ 2026-05-15 09:11:07 | node_21 | INFO ] 🧩 Model added for round 99 (5/8) from ['node_28']
[ 2026-05-15 09:11:07 | node_11 | INFO ] 📈 Evaluated. Results: {'test_loss': 0.2662537395954132, 'test_acc': 0.9447513818740845, 'test_precision': 0.5953143835067749, 'test_recall': 0.6253766417503357, 'test_f1': 0.6066238880157471, 'communication_cost': 37633960}
[ 2026-05-15 09:11:07 | node_11 | INFO ] 📢 Broadcasting metrics.
[ 2026-05-15 09:11:08 | node_22 | INFO ] 🧩 Model added for round 99 (4/9) from ['node_5']
[ 2026-05-15 09:11:08 | node_14 | INFO ] 🧩 Model added for round 99 (4/8) from ['node_24']
[ 2026-05-15 09:11:08 | node_1 | INFO ] 🧩 Model added for round 99 (5/8) from ['node_7']
[ 2026-05-15 09:11:08 | node_20 | INFO ] 🧩 Model added for round 99 (4/6) from ['node_12']
[ 2026-05-15 09:11:08 | node_26 | INFO ] 🛠️ Calling force_add_local_model...
[ 2026-05-15 09:11:08 | node_16 | INFO ] 🧩 Model added for round 99 (4/7) from ['node_3']
[ 2026-05-15 09:11:08 | node_26 | INFO ] ✅ [FORCE] Local model added for round 99. (4/8)
[ 2026-05-15 09:11:08 | node_10 | INFO ] 🎉 Round 99 of 100 finished.
[ 2026-05-15 09:11:08 | node_26 | INFO ] 📤 Sending model to 7 direct neighbors: ['node_2', 'node_11', 'node_12', 'node_21', 'node_36', 'node_37', 'node_45']
[ 2026-05-15 09:11:09 | node_25 | INFO ] 🧩 Model added for round 99 (5/8) from ['node_23']
[ 2026-05-15 09:11:09 | node_24 | INFO ] 🧩 Model added for round 99 (3/8) from ['node_13']
[ 2026-05-15 09:11:09 | node_10 | INFO ] 🗳️ [DETERMINISTIC] Train set assigned (No Voting). Size: 50
[ 2026-05-15 09:11:09 | node_17 | INFO ] 🧩 Model added for round 99 (2/5) from ['node_42']
[ 2026-05-15 09:11:09 | node_10 | INFO ] ♻️ Proactively processing 4 early models for round 99.
[ 2026-05-15 09:11:09 | node_10 | INFO ] 🧩 Model added for round 99 (1/7) from ['node_43']
[ 2026-05-15 09:11:09 | node_44 | INFO ] 🛠️ Calling force_add_local_model...
[ 2026-05-15 09:11:09 | node_7 | INFO ] 🧩 Model added for round 99 (8/13) from ['node_40']
[ 2026-05-15 09:11:09 | node_10 | INFO ] 🧩 Model added for round 99 (2/7) from ['node_35']
[ 2026-05-15 09:11:09 | node_44 | INFO ] ✅ [FORCE] Local model added for round 99. (3/10)
[ 2026-05-15 09:11:09 | node_36 | INFO ] 🧩 Model added for round 99 (4/11) from ['node_16']
[ 2026-05-15 09:11:09 | node_2 | INFO ] 🧩 Model added for round 99 (5/8) from ['node_26']
[ 2026-05-15 09:11:09 | node_13 | INFO ] 🧩 Model added for round 99 (4/7) from ['node_34']
[ 2026-05-15 09:11:09 | node_21 | INFO ] 🧩 Model added for round 99 (6/8) from ['node_36']
[ 2026-05-15 09:11:09 | node_10 | INFO ] 🧩 Model added for round 99 (3/7) from ['node_13']
[ 2026-05-15 09:11:09 | node_44 | INFO ] 📤 Sending model to 9 direct neighbors: ['node_2', 'node_3', 'node_7', 'node_31', 'node_34', 'node_35', 'node_36', 'node_38', 'node_41']
[ 2026-05-15 09:11:09 | node_24 | INFO ] 🧩 Model added for round 99 (4/8) from ['node_45']
[ 2026-05-15 09:11:09 | node_10 | INFO ] 🧩 Model added for round 99 (4/7) from ['node_28']
[ 2026-05-15 09:11:09 | node_10 | INFO ] 🏋️‍♀️ Preparing training...
[ 2026-05-15 09:11:10 | node_10 | INFO ] 🧩 Model added for round 99 (5/7) from ['node_39']
[ 2026-05-15 09:11:10 | node_37 | INFO ] 🧩 Model added for round 99 (4/6) from ['node_28']
[ 2026-05-15 09:11:10 | node_8 | INFO ] 🧩 Model added for round 99 (4/6) from ['node_9']
[ 2026-05-15 09:11:10 | node_22 | INFO ] 🧩 Model added for round 99 (5/9) from ['node_12']
[ 2026-05-15 09:11:10 | node_2 | INFO ] 🧩 Model added for round 99 (6/8) from ['node_44']
[ 2026-05-15 09:11:10 | node_24 | INFO ] 🧩 Model added for round 99 (5/8) from ['node_14']
[ 2026-05-15 09:11:10 | node_16 | INFO ] 🧩 Model added for round 99 (5/7) from ['node_24']
[ 2026-05-15 09:11:10 | node_4 | INFO ] 🧩 Model added for round 99 (4/5) from ['node_7']
[ 2026-05-15 09:11:10 | node_28 | INFO ] 🧩 Model added for round 99 (5/8) from ['node_5']
[ 2026-05-15 09:11:11 | node_21 | INFO ] 🧩 Model added for round 99 (7/8) from ['node_3']
[ 2026-05-15 09:11:11 | node_10 | INFO ] 🎓 Training step done.
[ 2026-05-15 09:11:11 | node_36 | INFO ] 🧩 Model added for round 99 (5/11) from ['node_42']
[ 2026-05-15 09:11:11 | node_38 | INFO ] 🛠️ Calling force_add_local_model...
[ 2026-05-15 09:11:11 | node_27 | INFO ] 🧩 Model added for round 99 (4/6) from ['node_23']
[ 2026-05-15 09:11:11 | node_38 | INFO ] ✅ [FORCE] Local model added for round 99. (1/8)
[ 2026-05-15 09:11:11 | node_34 | INFO ] 🧩 Model added for round 99 (3/8) from ['node_13']
[ 2026-05-15 09:11:11 | node_38 | INFO ] 📤 Sending model to 7 direct neighbors: ['node_5', 'node_7', 'node_10', 'node_22', 'node_24', 'node_41', 'node_44']
[ 2026-05-15 09:11:11 | node_16 | INFO ] 🧩 Model added for round 99 (6/7) from ['node_1']
[ 2026-05-15 09:11:12 | node_22 | INFO ] 🛠️ Calling force_add_local_model...
[ 2026-05-15 09:11:12 | node_14 | INFO ] 🧩 Model added for round 99 (5/8) from ['node_34']
[ 2026-05-15 09:11:12 | node_22 | INFO ] ✅ [FORCE] Local model added for round 99. (6/9)
[ 2026-05-15 09:11:12 | node_15 | INFO ] ⏹️  Gossiping exited for 10 equal rounds.
[ 2026-05-15 09:11:12 | node_22 | INFO ] 📤 Sending model to 8 direct neighbors: ['node_5', 'node_7', 'node_12', 'node_13', 'node_20', 'node_35', 'node_38', 'node_46']
[ 2026-05-15 09:11:12 | node_5 | INFO ] 🧩 Model added for round 99 (7/9) from ['node_38']
[ 2026-05-15 09:11:12 | node_12 | INFO ] 🧩 Model added for round 99 (5/7) from ['node_39']
[ 2026-05-15 09:11:12 | node_26 | INFO ] 🧩 Model added for round 99 (5/8) from ['node_36']
[ 2026-05-15 09:11:12 | node_8 | INFO ] 🧩 Model added for round 99 (5/6) from ['node_7']
[ 2026-05-15 09:11:12 | node_26 | INFO ] 🧩 Model added for round 99 (6/8) from ['node_45']
[ 2026-05-15 09:11:12 | node_15 | INFO ] 🔬 Evaluating...
[ 2026-05-15 09:11:12 | node_43 | INFO ] 🧩 Model added for round 99 (4/7) from ['node_28']
[ 2026-05-15 09:11:13 | node_31 | INFO ] ⏹️  Gossiping exited for 10 equal rounds.
[ 2026-05-15 09:11:13 | node_12 | INFO ] 🧩 Model added for round 99 (6/7) from ['node_26']
[ 2026-05-15 09:11:13 | node_18 | INFO ] ⏹️  Gossiping exited for 10 equal rounds.
[ 2026-05-15 09:11:13 | node_46 | INFO ] 🎉 Round 99 of 100 finished.
[ 2026-05-15 09:11:13 | node_27 | INFO ] 🧩 Model added for round 99 (5/6) from ['node_14']
[ 2026-05-15 09:11:13 | node_5 | INFO ] 🧩 Model added for round 99 (8/9) from ['node_22']
[ 2026-05-15 09:11:13 | node_3 | INFO ] 🧩 Model added for round 99 (7/10) from ['node_44']
[ 2026-05-15 09:11:13 | node_15 | INFO ] 📈 Evaluated. Results: {'test_loss': 0.23136873543262482, 'test_acc': 0.9506173133850098, 'test_precision': 0.7984773516654968, 'test_recall': 0.8241807222366333, 'test_f1': 0.8091695308685303, 'communication_cost': 30107168}
[ 2026-05-15 09:11:13 | node_46 | INFO ] 🗳️ [DETERMINISTIC] Train set assigned (No Voting). Size: 50
[ 2026-05-15 09:11:13 | node_26 | INFO ] 🧩 Model added for round 99 (7/8) from ['node_12']
[ 2026-05-15 09:11:13 | node_31 | INFO ] 🔬 Evaluating...
[ 2026-05-15 09:11:13 | node_18 | INFO ] 🔬 Evaluating...
[ 2026-05-15 09:11:13 | node_38 | INFO ] 🧩 Model added for round 99 (2/8) from ['node_5']
[ 2026-05-15 09:11:13 | node_15 | INFO ] 📢 Broadcasting metrics.
[ 2026-05-15 09:11:13 | node_38 | INFO ] 🧩 Model added for round 99 (3/8) from ['node_24']
[ 2026-05-15 09:11:13 | node_8 | INFO ] 🧩 Model added for round 99 (6/6) from ['node_40']
[ 2026-05-15 09:11:13 | node_46 | INFO ] ♻️ Proactively processing 2 early models for round 99.
[ 2026-05-15 09:11:13 | node_20 | INFO ] 🧩 Model added for round 99 (5/6) from ['node_9']
[ 2026-05-15 09:11:13 | node_40 | INFO ] 🧩 Model added for round 99 (3/8) from ['node_3']
[ 2026-05-15 09:11:13 | node_46 | INFO ] 🧩 Model added for round 99 (1/9) from ['node_30']
[ 2026-05-15 09:11:14 | node_31 | INFO ] 📈 Evaluated. Results: {'test_loss': 0.23645015060901642, 'test_acc': 0.9745762944221497, 'test_precision': 0.9745823740959167, 'test_recall': 0.9771929383277893, 'test_f1': 0.9744988083839417, 'communication_cost': 26343772}
[ 2026-05-15 09:11:14 | node_46 | INFO ] 🧩 Model added for round 99 (2/9) from ['node_2']
[ 2026-05-15 09:11:14 | node_18 | INFO ] 📈 Evaluated. Results: {'test_loss': 0.19396765530109406, 'test_acc': 0.9825174808502197, 'test_precision': 0.8139971494674683, 'test_recall': 0.8024870157241821, 'test_f1': 0.8078346848487854, 'communication_cost': 33870564}
[ 2026-05-15 09:11:14 | node_41 | INFO ] 🎉 Round 99 of 100 finished.
[ 2026-05-15 09:11:14 | node_46 | INFO ] 🏋️‍♀️ Preparing training...
[ 2026-05-15 09:11:14 | node_31 | INFO ] 📢 Broadcasting metrics.
[ 2026-05-15 09:11:14 | node_18 | INFO ] 📢 Broadcasting metrics.
[ 2026-05-15 09:11:14 | node_47 | INFO ] 🧩 Model added for round 99 (3/5) from ['node_23']
[ 2026-05-15 09:11:14 | node_17 | INFO ] 🧩 Model added for round 99 (3/5) from ['node_1']
[ 2026-05-15 09:11:14 | node_40 | INFO ] 🧩 Model added for round 99 (4/8) from ['node_13']
[ 2026-05-15 09:11:14 | node_41 | INFO ] 🗳️ [DETERMINISTIC] Train set assigned (No Voting). Size: 50
[ 2026-05-15 09:11:14 | node_41 | INFO ] ♻️ Proactively processing 2 early models for round 99.
[ 2026-05-15 09:11:14 | node_32 | INFO ] ⏹️  Gossiping exited for 10 equal rounds.
[ 2026-05-15 09:11:14 | node_41 | INFO ] 🧩 Model added for round 99 (1/10) from ['node_2']
[ 2026-05-15 09:11:14 | node_41 | INFO ] 🧩 Model added for round 99 (2/10) from ['node_28']
[ 2026-05-15 09:11:14 | node_41 | INFO ] 🏋️‍♀️ Preparing training...
[ 2026-05-15 09:11:14 | node_8 | INFO ] 🧠 Aggregation complete. Setting new model.
[ 2026-05-15 09:11:14 | node_46 | INFO ] 🎓 Training step done.
[ 2026-05-15 09:11:14 | node_14 | INFO ] 🧩 Model added for round 99 (6/8) from ['node_39']
[ 2026-05-15 09:11:15 | node_16 | INFO ] 🧩 Model added for round 99 (7/7) from ['node_7']
[ 2026-05-15 09:11:15 | node_21 | INFO ] 🧩 Model added for round 99 (8/8) from ['node_26']
[ 2026-05-15 09:11:15 | node_32 | INFO ] 🔬 Evaluating...
[ 2026-05-15 09:11:15 | node_40 | INFO ] 🧩 Model added for round 99 (5/8) from ['node_45']
[ 2026-05-15 09:11:15 | node_46 | INFO ] 🧩 Model added for round 99 (3/9) from ['node_28']
[ 2026-05-15 09:11:15 | node_34 | INFO ] 🧩 Model added for round 99 (4/8) from ['node_14']
[ 2026-05-15 09:11:15 | node_7 | INFO ] 🧩 Model added for round 99 (9/13) from ['node_38']
[ 2026-05-15 09:11:15 | node_32 | INFO ] 📈 Evaluated. Results: {'test_loss': 0.19548402726650238, 'test_acc': 0.9928057789802551, 'test_precision': 0.9959073662757874, 'test_recall': 0.9921293258666992, 'test_f1': 0.9938191175460815, 'communication_cost': 33870564}
[ 2026-05-15 09:11:15 | node_41 | INFO ] 🧩 Model added for round 99 (3/10) from ['node_34']
[ 2026-05-15 09:11:15 | node_37 | INFO ] 🧩 Model added for round 99 (5/6) from ['node_36']
[ 2026-05-15 09:11:15 | node_41 | INFO ] 🎓 Training step done.
[ 2026-05-15 09:11:16 | node_16 | INFO ] 🧠 Aggregation complete. Setting new model.
[ 2026-05-15 09:11:16 | node_21 | INFO ] 🧠 Aggregation complete. Setting new model.
[ 2026-05-15 09:11:16 | node_10 | INFO ] 🛠️ Calling force_add_local_model...
[ 2026-05-15 09:11:16 | node_32 | INFO ] 📢 Broadcasting metrics.
[ 2026-05-15 09:11:16 | node_8 | INFO ] 🗣️ Gossiping aggregated model.
[ 2026-05-15 09:11:16 | node_10 | INFO ] ✅ [FORCE] Local model added for round 99. (6/7)
[ 2026-05-15 09:11:16 | node_10 | INFO ] 📤 Sending model to 6 direct neighbors: ['node_13', 'node_28', 'node_35', 'node_38', 'node_39', 'node_43']
[ 2026-05-15 09:11:16 | node_35 | INFO ] 🧩 Model added for round 99 (4/8) from ['node_9']
[ 2026-05-15 09:11:16 | node_39 | INFO ] 🧩 Model added for round 99 (2/9) from ['node_12']
[ 2026-05-15 09:11:16 | node_39 | INFO ] 🧩 Model added for round 99 (3/9) from ['node_24']
[ 2026-05-15 09:11:16 | node_7 | INFO ] 🧩 Model added for round 99 (10/13) from ['node_44']
[ 2026-05-15 09:11:16 | node_13 | INFO ] 🧩 Model added for round 99 (5/7) from ['node_40']
[ 2026-05-15 09:11:17 | node_7 | INFO ] 🧩 Model added for round 99 (11/13) from ['node_22']
[ 2026-05-15 09:11:17 | node_16 | INFO ] 🗣️ Gossiping aggregated model.
[ 2026-05-15 09:11:17 | node_11 | INFO ] 🎉 Round 99 of 100 finished.
[ 2026-05-15 09:11:17 | node_42 | INFO ] 🧩 Model added for round 99 (3/6) from ['node_5']
[ 2026-05-15 09:11:17 | node_11 | INFO ] 🗳️ [DETERMINISTIC] Train set assigned (No Voting). Size: 50
[ 2026-05-15 09:11:17 | node_11 | INFO ] ♻️ Proactively processing 8 early models for round 99.
[ 2026-05-15 09:11:17 | node_41 | INFO ] 🧩 Model added for round 99 (4/10) from ['node_3']
[ 2026-05-15 09:11:17 | node_11 | INFO ] 🧩 Model added for round 99 (1/11) from ['node_19']
[ 2026-05-15 09:11:17 | node_11 | INFO ] 🧩 Model added for round 99 (2/11) from ['node_43']
[ 2026-05-15 09:11:17 | node_11 | INFO ] 🧩 Model added for round 99 (3/11) from ['node_14']
[ 2026-05-15 09:11:17 | node_11 | INFO ] 🧩 Model added for round 99 (4/11) from ['node_23']
[ 2026-05-15 09:11:17 | node_11 | INFO ] 🧩 Model added for round 99 (5/11) from ['node_34']
[ 2026-05-15 09:11:17 | node_21 | INFO ] 🗣️ Gossiping aggregated model.
[ 2026-05-15 09:11:17 | node_11 | INFO ] 🧩 Model added for round 99 (6/11) from ['node_1']
[ 2026-05-15 09:11:17 | node_13 | INFO ] 🧩 Model added for round 99 (6/7) from ['node_10']
[ 2026-05-15 09:11:17 | node_11 | INFO ] 🧩 Model added for round 99 (7/11) from ['node_26']
[ 2026-05-15 09:11:17 | node_11 | INFO ] 🧩 Model added for round 99 (8/11) from ['node_9']
[ 2026-05-15 09:11:17 | node_11 | INFO ] 🏋️‍♀️ Preparing training...
[ 2026-05-15 09:11:17 | node_36 | INFO ] 🧩 Model added for round 99 (6/11) from ['node_26']
[ 2026-05-15 09:11:18 | node_39 | INFO ] 🧩 Model added for round 99 (4/9) from ['node_14']
[ 2026-05-15 09:11:18 | node_40 | INFO ] 🧩 Model added for round 99 (6/8) from ['node_36']
[ 2026-05-15 09:11:18 | node_41 | INFO ] 🧩 Model added for round 99 (5/10) from ['node_45']
[ 2026-05-15 09:11:18 | node_19 | INFO ] 🧩 Model added for round 99 (3/5) from ['node_7']
[ 2026-05-15 09:11:18 | node_10 | INFO ] 🧩 Model added for round 99 (7/7) from ['node_38']
[ 2026-05-15 09:11:18 | node_31 | INFO ] 🎉 Round 99 of 100 finished.
[ 2026-05-15 09:11:18 | node_44 | INFO ] 🧩 Model added for round 99 (4/10) from ['node_34']
[ 2026-05-15 09:11:18 | node_31 | INFO ] 🗳️ [DETERMINISTIC] Train set assigned (No Voting). Size: 50
[ 2026-05-15 09:11:18 | node_31 | INFO ] ♻️ Proactively processing 4 early models for round 99.
[ 2026-05-15 09:11:18 | node_31 | INFO ] 🧩 Model added for round 99 (1/8) from ['node_27']
[ 2026-05-15 09:11:18 | node_31 | INFO ] 🧩 Model added for round 99 (2/8) from ['node_25']
[ 2026-05-15 09:11:18 | node_31 | INFO ] 🧩 Model added for round 99 (3/8) from ['node_24']
[ 2026-05-15 09:11:18 | node_31 | INFO ] 🧩 Model added for round 99 (4/8) from ['node_36']
[ 2026-05-15 09:11:18 | node_31 | INFO ] 🏋️‍♀️ Preparing training...
[ 2026-05-15 09:11:18 | node_39 | INFO ] 🧩 Model added for round 99 (5/9) from ['node_9']
[ 2026-05-15 09:11:18 | node_43 | INFO ] 🧩 Model added for round 99 (5/7) from ['node_5']
[ 2026-05-15 09:11:18 | node_45 | INFO ] 🧩 Model added for round 99 (4/8) from ['node_24']
[ 2026-05-15 09:11:18 | node_35 | INFO ] 🧩 Model added for round 99 (5/8) from ['node_1']
[ 2026-05-15 09:11:19 | node_24 | INFO ] 🧩 Model added for round 99 (6/8) from ['node_39']
[ 2026-05-15 09:11:19 | node_36 | INFO ] 🧩 Model added for round 99 (7/11) from ['node_40']
[ 2026-05-15 09:11:19 | node_11 | INFO ] 🎓 Training step done.
[ 2026-05-15 09:11:19 | node_44 | INFO ] 🧩 Model added for round 99 (5/10) from ['node_3']
[ 2026-05-15 09:11:19 | node_31 | INFO ] 🧩 Model added for round 99 (5/8) from ['node_44']
[ 2026-05-15 09:11:19 | node_28 | INFO ] 🧩 Model added for round 99 (6/8) from ['node_10']
[ 2026-05-15 09:11:19 | node_22 | INFO ] 🧩 Model added for round 99 (7/9) from ['node_7']
[ 2026-05-15 09:11:19 | node_31 | INFO ] 🎓 Training step done.
[ 2026-05-15 09:11:19 | node_15 | INFO ] 🎉 Round 99 of 100 finished.
[ 2026-05-15 09:11:20 | node_15 | INFO ] 🗳️ [DETERMINISTIC] Train set assigned (No Voting). Size: 50
[ 2026-05-15 09:11:20 | node_22 | INFO ] 🧩 Model added for round 99 (8/9) from ['node_38']
[ 2026-05-15 09:11:20 | node_12 | INFO ] 🧩 Model added for round 99 (7/7) from ['node_22']
[ 2026-05-15 09:11:20 | node_46 | INFO ] 🛠️ Calling force_add_local_model...
[ 2026-05-15 09:11:20 | node_41 | INFO ] 🧩 Model added for round 99 (6/10) from ['node_36']
[ 2026-05-15 09:11:20 | node_46 | INFO ] ✅ [FORCE] Local model added for round 99. (4/9)
[ 2026-05-15 09:11:20 | node_15 | INFO ] ♻️ Proactively processing 6 early models for round 99.
[ 2026-05-15 09:11:20 | node_18 | INFO ] 🎉 Round 99 of 100 finished.
[ 2026-05-15 09:11:20 | node_46 | INFO ] 📤 Sending model to 8 direct neighbors: ['node_2', 'node_3', 'node_7', 'node_9', 'node_18', 'node_22', 'node_28', 'node_30']
[ 2026-05-15 09:11:20 | node_15 | INFO ] 🧩 Model added for round 99 (1/9) from ['node_30']
[ 2026-05-15 09:11:20 | node_15 | INFO ] 🧩 Model added for round 99 (2/9) from ['node_19']
[ 2026-05-15 09:11:20 | node_18 | INFO ] 🗳️ [DETERMINISTIC] Train set assigned (No Voting). Size: 50
[ 2026-05-15 09:11:20 | node_37 | INFO ] 🧩 Model added for round 99 (6/6) from ['node_26']
[ 2026-05-15 09:11:20 | node_15 | INFO ] 🧩 Model added for round 99 (3/9) from ['node_25']
[ 2026-05-15 09:11:20 | node_45 | INFO ] 🧩 Model added for round 99 (5/8) from ['node_5']
[ 2026-05-15 09:11:20 | node_15 | INFO ] 🧩 Model added for round 99 (4/9) from ['node_4']
[ 2026-05-15 09:11:20 | node_18 | INFO ] ♻️ Proactively processing 8 early models for round 99.
[ 2026-05-15 09:11:20 | node_15 | INFO ] 🧩 Model added for round 99 (5/9) from ['node_3']
[ 2026-05-15 09:11:20 | node_2 | INFO ] 🧩 Model added for round 99 (7/8) from ['node_46']
[ 2026-05-15 09:11:20 | node_12 | INFO ] 🧠 Aggregation complete. Setting new model.
[ 2026-05-15 09:11:20 | node_15 | INFO ] 🧩 Model added for round 99 (6/9) from ['node_42']
[ 2026-05-15 09:11:20 | node_18 | INFO ] 🧩 Model added for round 99 (1/10) from ['node_17']
[ 2026-05-15 09:11:20 | node_15 | INFO ] 🏋️‍♀️ Preparing training...
[ 2026-05-15 09:11:20 | node_18 | INFO ] 🧩 Model added for round 99 (2/10) from ['node_5']
[ 2026-05-15 09:11:20 | node_41 | INFO ] 🧩 Model added for round 99 (7/10) from ['node_9']
[ 2026-05-15 09:11:20 | node_41 | INFO ] 🛠️ Calling force_add_local_model...
[ 2026-05-15 09:11:21 | node_34 | INFO ] 🧩 Model added for round 99 (5/8) from ['node_44']
[ 2026-05-15 09:11:21 | node_18 | INFO ] 🧩 Model added for round 99 (3/10) from ['node_23']
[ 2026-05-15 09:11:21 | node_35 | INFO ] 🧩 Model added for round 99 (6/8) from ['node_10']
[ 2026-05-15 09:11:21 | node_41 | INFO ] ✅ [FORCE] Local model added for round 99. (8/10)
[ 2026-05-15 09:11:21 | node_18 | INFO ] 🧩 Model added for round 99 (4/10) from ['node_36']
[ 2026-05-15 09:11:21 | node_41 | INFO ] 📤 Sending model to 9 direct neighbors: ['node_2', 'node_3', 'node_9', 'node_28', 'node_34', 'node_36', 'node_38', 'node_44', 'node_45']
[ 2026-05-15 09:11:21 | node_18 | INFO ] 🧩 Model added for round 99 (5/10) from ['node_14']
[ 2026-05-15 09:11:21 | node_37 | INFO ] 🧠 Aggregation complete. Setting new model.
[ 2026-05-15 09:11:21 | node_18 | INFO ] 🧩 Model added for round 99 (6/10) from ['node_9']
[ 2026-05-15 09:11:21 | node_40 | INFO ] 🧩 Model added for round 99 (7/8) from ['node_39']
[ 2026-05-15 09:11:21 | node_18 | INFO ] 🧩 Model added for round 99 (7/10) from ['node_1']
[ 2026-05-15 09:11:21 | node_39 | INFO ] 🧩 Model added for round 99 (6/9) from ['node_40']
[ 2026-05-15 09:11:21 | node_46 | INFO ] 🧩 Model added for round 99 (5/9) from ['node_3']
[ 2026-05-15 09:11:21 | node_18 | INFO ] 🧩 Model added for round 99 (8/10) from ['node_39']
[ 2026-05-15 09:11:21 | node_18 | INFO ] 🏋️‍♀️ Preparing training...
[ 2026-05-15 09:11:21 | node_2 | INFO ] 🧩 Model added for round 99 (8/8) from ['node_41']
[ 2026-05-15 09:11:21 | node_13 | INFO ] 🧩 Model added for round 99 (7/7) from ['node_22']
[ 2026-05-15 09:11:21 | node_25 | INFO ] 🧩 Model added for round 99 (6/8) from ['node_7']
[ 2026-05-15 09:11:22 | node_45 | INFO ] 🧩 Model added for round 99 (6/8) from ['node_26']
[ 2026-05-15 09:11:22 | node_24 | INFO ] 🧩 Model added for round 99 (7/8) from ['node_38']
[ 2026-05-15 09:11:22 | node_12 | INFO ] 🗣️ Gossiping aggregated model.
[ 2026-05-15 09:11:22 | node_15 | INFO ] 🎓 Training step done.
[ 2026-05-15 09:11:22 | node_42 | INFO ] 🧩 Model added for round 99 (4/6) from ['node_36']
[ 2026-05-15 09:11:22 | node_13 | INFO ] 🧠 Aggregation complete. Setting new model.
[ 2026-05-15 09:11:22 | node_37 | INFO ] 🗣️ Gossiping aggregated model.
[ 2026-05-15 09:11:22 | node_2 | INFO ] 🧠 Aggregation complete. Setting new model.
[ 2026-05-15 09:11:22 | node_18 | INFO ] 🎓 Training step done.
[ 2026-05-15 09:11:22 | node_38 | INFO ] 🧩 Model added for round 99 (4/8) from ['node_10']
[ 2026-05-15 09:11:22 | node_3 | INFO ] 🧩 Model added for round 99 (8/10) from ['node_46']
[ 2026-05-15 09:11:23 | node_35 | INFO ] 🧩 Model added for round 99 (7/8) from ['node_44']
[ 2026-05-15 09:11:23 | node_32 | INFO ] 🎉 Round 99 of 100 finished.
[ 2026-05-15 09:11:23 | node_46 | INFO ] 🧩 Model added for round 99 (6/9) from ['node_9']
[ 2026-05-15 09:11:23 | node_32 | INFO ] 🗳️ [DETERMINISTIC] Train set assigned (No Voting). Size: 50
[ 2026-05-15 09:11:23 | node_3 | INFO ] 🧩 Model added for round 99 (9/10) from ['node_41']
[ 2026-05-15 09:11:23 | node_47 | INFO ] 🧩 Model added for round 99 (4/5) from ['node_3']
[ 2026-05-15 09:11:23 | node_13 | INFO ] 🗣️ Gossiping aggregated model.
[ 2026-05-15 09:11:23 | node_45 | INFO ] 🧩 Model added for round 99 (7/8) from ['node_40']
[ 2026-05-15 09:11:23 | node_31 | INFO ] 🧩 Model added for round 99 (6/8) from ['node_7']
[ 2026-05-15 09:11:23 | node_20 | INFO ] 🧩 Model added for round 99 (6/6) from ['node_22']
[ 2026-05-15 09:11:23 | node_32 | INFO ] ♻️ Proactively processing 6 early models for round 99.
[ 2026-05-15 09:11:23 | node_44 | INFO ] 🧩 Model added for round 99 (6/10) from ['node_36']
[ 2026-05-15 09:11:23 | node_32 | INFO ] 🧩 Model added for round 99 (1/10) from ['node_17']
[ 2026-05-15 09:11:23 | node_41 | INFO ] 🧩 Model added for round 99 (9/10) from ['node_38']
[ 2026-05-15 09:11:23 | node_32 | INFO ] 🧩 Model added for round 99 (2/10) from ['node_42']
[ 2026-05-15 09:11:24 | node_32 | INFO ] 🧩 Model added for round 99 (3/10) from ['node_23']
[ 2026-05-15 09:11:24 | node_11 | INFO ] 🛠️ Calling force_add_local_model...
[ 2026-05-15 09:11:24 | node_32 | INFO ] 🧩 Model added for round 99 (4/10) from ['node_34']
[ 2026-05-15 09:11:24 | node_11 | INFO ] ✅ [FORCE] Local model added for round 99. (9/11)
[ 2026-05-15 09:11:24 | node_32 | INFO ] 🧩 Model added for round 99 (5/10) from ['node_1']
[ 2026-05-15 09:11:24 | node_2 | INFO ] 🗣️ Gossiping aggregated model.
[ 2026-05-15 09:11:24 | node_11 | INFO ] 📤 Sending model to 10 direct neighbors: ['node_1', 'node_9', 'node_14', 'node_15', 'node_19', 'node_23', 'node_26', 'node_32', 'node_34', 'node_43']
[ 2026-05-15 09:11:24 | node_32 | INFO ] 🧩 Model added for round 99 (6/10) from ['node_39']
[ 2026-05-15 09:11:24 | node_32 | INFO ] 🏋️‍♀️ Preparing training...
[ 2026-05-15 09:11:24 | node_31 | INFO ] 🛠️ Calling force_add_local_model...
[ 2026-05-15 09:11:24 | node_20 | INFO ] 🧠 Aggregation complete. Setting new model.
[ 2026-05-15 09:11:24 | node_39 | INFO ] 🧩 Model added for round 99 (7/9) from ['node_10']
[ 2026-05-15 09:11:24 | node_31 | INFO ] ✅ [FORCE] Local model added for round 99. (7/8)
[ 2026-05-15 09:11:24 | node_1 | INFO ] 🧩 Model added for round 99 (6/8) from ['node_11']
[ 2026-05-15 09:11:25 | node_31 | INFO ] 📤 Sending model to 7 direct neighbors: ['node_7', 'node_24', 'node_25', 'node_27', 'node_32', 'node_36', 'node_44']
[ 2026-05-15 09:11:25 | node_7 | INFO ] 🧩 Model added for round 99 (12/13) from ['node_46']
[ 2026-05-15 09:11:25 | node_36 | INFO ] 🧩 Model added for round 99 (8/11) from ['node_44']
[ 2026-05-15 09:11:25 | node_35 | INFO ] 🧩 Model added for round 99 (8/8) from ['node_22']
[ 2026-05-15 09:11:25 | node_47 | INFO ] 🧩 Model added for round 99 (5/5) from ['node_9']
[ 2026-05-15 09:11:25 | node_32 | INFO ] 🎓 Training step done.
[ 2026-05-15 09:11:25 | node_38 | INFO ] 🧩 Model added for round 99 (5/8) from ['node_7']
[ 2026-05-15 09:11:25 | node_9 | INFO ] 🧩 Model added for round 99 (8/11) from ['node_41']
[ 2026-05-15 09:11:25 | node_7 | INFO ] 🧩 Model added for round 99 (13/13) from ['node_31']
[ 2026-05-15 09:11:25 | node_44 | INFO ] 🧩 Model added for round 99 (7/10) from ['node_38']
[ 2026-05-15 09:11:25 | node_20 | INFO ] 🗣️ Gossiping aggregated model.
[ 2026-05-15 09:11:26 | node_9 | INFO ] 🧩 Model added for round 99 (9/11) from ['node_11']
[ 2026-05-15 09:11:26 | node_47 | INFO ] 🧠 Aggregation complete. Setting new model.
[ 2026-05-15 09:11:26 | node_35 | INFO ] 🧠 Aggregation complete. Setting new model.
[ 2026-05-15 09:11:27 | node_47 | INFO ] 🗣️ Gossiping aggregated model.
[ 2026-05-15 09:11:27 | node_15 | INFO ] 🛠️ Calling force_add_local_model...
[ 2026-05-15 09:11:27 | node_38 | INFO ] 🧩 Model added for round 99 (6/8) from ['node_22']
[ 2026-05-15 09:11:27 | node_15 | INFO ] ✅ [FORCE] Local model added for round 99. (7/9)
[ 2026-05-15 09:11:27 | node_15 | INFO ] 📤 Sending model to 8 direct neighbors: ['node_3', 'node_4', 'node_11', 'node_19', 'node_25', 'node_30', 'node_32', 'node_42']
[ 2026-05-15 09:11:27 | node_35 | INFO ] 🗣️ Gossiping aggregated model.
[ 2026-05-15 09:11:27 | node_40 | INFO ] 🧩 Model added for round 99 (8/8) from ['node_7']
[ 2026-05-15 09:11:27 | node_43 | INFO ] 🧩 Model added for round 99 (6/7) from ['node_10']
[ 2026-05-15 09:11:28 | node_18 | INFO ] 🛠️ Calling force_add_local_model...
[ 2026-05-15 09:11:28 | node_38 | INFO ] 🧩 Model added for round 99 (7/8) from ['node_44']
[ 2026-05-15 09:11:28 | node_9 | INFO ] 🧩 Model added for round 99 (10/11) from ['node_46']
[ 2026-05-15 09:11:28 | node_18 | INFO ] ✅ [FORCE] Local model added for round 99. (9/10)
[ 2026-05-15 09:11:28 | node_18 | INFO ] 📤 Sending model to 9 direct neighbors: ['node_1', 'node_5', 'node_9', 'node_14', 'node_17', 'node_23', 'node_36', 'node_39', 'node_46']
[ 2026-05-15 09:11:28 | node_28 | INFO ] 🧩 Model added for round 99 (7/8) from ['node_41']
[ 2026-05-15 09:11:28 | node_24 | INFO ] 🧩 Model added for round 99 (8/8) from ['node_31']
[ 2026-05-15 09:11:28 | node_3 | INFO ] 🧩 Model added for round 99 (10/10) from ['node_15']
[ 2026-05-15 09:11:28 | node_14 | INFO ] 🧩 Model added for round 99 (7/8) from ['node_11']
[ 2026-05-15 09:11:29 | node_6 | INFO ] ⏹️  Gossiping exited for 10 equal rounds.
[ 2026-05-15 09:11:29 | node_6 | INFO ] 🔬 Evaluating...
[ 2026-05-15 09:11:29 | node_46 | INFO ] 🧩 Model added for round 99 (7/9) from ['node_22']
[ 2026-05-15 09:11:30 | node_1 | INFO ] 🧩 Model added for round 99 (7/8) from ['node_18']
[ 2026-05-15 09:11:30 | node_44 | INFO ] 🧩 Model added for round 99 (8/10) from ['node_7']
[ 2026-05-15 09:11:30 | node_34 | INFO ] 🧩 Model added for round 99 (6/8) from ['node_41']
[ 2026-05-15 09:11:30 | node_41 | INFO ] 🧩 Model added for round 99 (10/10) from ['node_44']
[ 2026-05-15 09:11:30 | node_6 | INFO ] 📈 Evaluated. Results: {'test_loss': 0.2630031704902649, 'test_acc': 0.9510489702224731, 'test_precision': 0.8908483386039734, 'test_recall': 0.8995274901390076, 'test_f1': 0.893302857875824, 'communication_cost': 11290188}
[ 2026-05-15 09:11:30 | node_25 | INFO ] 🧩 Model added for round 99 (7/8) from ['node_31']
[ 2026-05-15 09:11:30 | node_15 | INFO ] 🧩 Model added for round 99 (8/9) from ['node_11']
[ 2026-05-15 09:11:30 | node_6 | INFO ] 📢 Broadcasting metrics.
[ 2026-05-15 09:11:30 | node_4 | INFO ] 🧩 Model added for round 99 (5/5) from ['node_15']
[ 2026-05-15 09:11:30 | node_18 | INFO ] 🧩 Model added for round 99 (10/10) from ['node_46']
[ 2026-05-15 09:11:30 | node_10 | INFO ] 🧠 Aggregation complete. Setting new model.
[ 2026-05-15 09:11:30 | node_24 | INFO ] 🧠 Aggregation complete. Setting new model.
[ 2026-05-15 09:11:30 | node_3 | INFO ] 🧠 Aggregation complete. Setting new model.
[ 2026-05-15 09:11:30 | node_40 | INFO ] 🧠 Aggregation complete. Setting new model.
[ 2026-05-15 09:11:30 | node_32 | INFO ] 🛠️ Calling force_add_local_model...
[ 2026-05-15 09:11:30 | node_32 | INFO ] ✅ [FORCE] Local model added for round 99. (7/10)
[ 2026-05-15 09:11:30 | node_32 | INFO ] 📤 Sending model to 9 direct neighbors: ['node_1', 'node_11', 'node_15', 'node_17', 'node_23', 'node_31', 'node_34', 'node_39', 'node_42']
[ 2026-05-15 09:11:31 | node_40 | INFO ] 🗣️ Gossiping aggregated model.
[ 2026-05-15 09:11:31 | node_24 | INFO ] 🗣️ Gossiping aggregated model.
[ 2026-05-15 09:11:31 | node_11 | INFO ] 🧩 Model added for round 99 (10/11) from ['node_15']
[ 2026-05-15 09:11:31 | node_10 | INFO ] 🗣️ Gossiping aggregated model.
[ 2026-05-15 09:11:31 | node_36 | INFO ] 🧩 Model added for round 99 (9/11) from ['node_41']
[ 2026-05-15 09:11:31 | node_5 | INFO ] 🧩 Model added for round 99 (9/9) from ['node_18']
[ 2026-05-15 09:11:31 | node_1 | INFO ] 🧩 Model added for round 99 (8/8) from ['node_32']
[ 2026-05-15 09:11:31 | node_3 | INFO ] 🗣️ Gossiping aggregated model.
[ 2026-05-15 09:11:32 | node_27 | INFO ] 🧩 Model added for round 99 (6/6) from ['node_31']
[ 2026-05-15 09:11:32 | node_6 | INFO ] 🎉 Round 100 of 100 finished.
[ 2026-05-15 09:11:32 | node_19 | INFO ] 🧩 Model added for round 99 (4/5) from ['node_11']
[ 2026-05-15 09:11:32 | node_6 | INFO ] 😋 Training finished!!
[ 2026-05-15 09:11:32 | node_4 | INFO ] 🧠 Aggregation complete. Setting new model.
[ 2026-05-15 09:11:33 | node_22 | INFO ] 🧩 Model added for round 99 (9/9) from ['node_46']
[ 2026-05-15 09:11:33 | node_46 | INFO ] 🧩 Model added for round 99 (8/9) from ['node_7']
[ 2026-05-15 09:11:33 | node_4 | INFO ] 🗣️ Gossiping aggregated model.
[ 2026-05-15 09:11:33 | node_9 | INFO ] 🧩 Model added for round 99 (11/11) from ['node_18']
[ 2026-05-15 09:11:33 | node_11 | INFO ] 🧩 Model added for round 99 (11/11) from ['node_32']
[ 2026-05-15 09:11:33 | node_23 | INFO ] 🧩 Model added for round 99 (6/8) from ['node_11']
[ 2026-05-15 09:11:33 | node_32 | INFO ] 🧩 Model added for round 99 (8/10) from ['node_31']
[ 2026-05-15 09:11:33 | node_19 | INFO ] 🧩 Model added for round 99 (5/5) from ['node_15']
[ 2026-05-15 09:11:33 | node_38 | INFO ] 🧩 Model added for round 99 (8/8) from ['node_41']
[ 2026-05-15 09:11:34 | node_5 | INFO ] 🧠 Aggregation complete. Setting new model.
[ 2026-05-15 09:11:34 | node_1 | INFO ] 🧠 Aggregation complete. Setting new model.
[ 2026-05-15 09:11:34 | node_9 | INFO ] 🧠 Aggregation complete. Setting new model.
[ 2026-05-15 09:11:34 | node_27 | INFO ] 🧠 Aggregation complete. Setting new model.
[ 2026-05-15 09:11:34 | node_22 | INFO ] 🧠 Aggregation complete. Setting new model.
[ 2026-05-15 09:11:35 | node_27 | INFO ] 🗣️ Gossiping aggregated model.
[ 2026-05-15 09:11:35 | node_25 | INFO ] 🧩 Model added for round 99 (8/8) from ['node_15']
[ 2026-05-15 09:11:35 | node_1 | INFO ] 🗣️ Gossiping aggregated model.
[ 2026-05-15 09:11:35 | node_9 | INFO ] 🗣️ Gossiping aggregated model.
[ 2026-05-15 09:11:35 | node_22 | INFO ] 🗣️ Gossiping aggregated model.
[ 2026-05-15 09:11:35 | node_5 | INFO ] 🗣️ Gossiping aggregated model.
[ 2026-05-15 09:11:35 | node_28 | INFO ] 🧩 Model added for round 99 (8/8) from ['node_46']
[ 2026-05-15 09:11:35 | node_44 | INFO ] 🧩 Model added for round 99 (9/10) from ['node_41']
[ 2026-05-15 09:11:36 | node_26 | INFO ] 🧩 Model added for round 99 (8/8) from ['node_11']
[ 2026-05-15 09:11:36 | node_36 | INFO ] 🧩 Model added for round 99 (10/11) from ['node_31']
[ 2026-05-15 09:11:36 | node_15 | INFO ] 🧩 Model added for round 99 (9/9) from ['node_32']
[ 2026-05-15 09:11:36 | node_14 | INFO ] 🧩 Model added for round 99 (8/8) from ['node_18']
[ 2026-05-15 09:11:37 | node_20 | INFO ] 🤫 Gossip finished.
[ 2026-05-15 09:11:37 | node_30 | INFO ] 🧩 Model added for round 99 (4/5) from ['node_15']
[ 2026-05-15 09:11:37 | node_20 | INFO ] 🔬 Evaluating...
[ 2026-05-15 09:11:37 | node_26 | INFO ] 🧠 Aggregation complete. Setting new model.
[ 2026-05-15 09:11:37 | node_38 | INFO ] 🧠 Aggregation complete. Setting new model.
[ 2026-05-15 09:11:37 | node_14 | INFO ] 🧠 Aggregation complete. Setting new model.
[ 2026-05-15 09:11:37 | node_7 | INFO ] 🧠 Aggregation complete. Setting new model.
[ 2026-05-15 09:11:37 | node_28 | INFO ] 🧠 Aggregation complete. Setting new model.
[ 2026-05-15 09:11:37 | node_25 | INFO ] 🧠 Aggregation complete. Setting new model.
[ 2026-05-15 09:11:38 | node_19 | INFO ] 🧠 Aggregation complete. Setting new model.
[ 2026-05-15 09:11:38 | node_20 | INFO ] 📈 Evaluated. Results: {'test_loss': 0.2426450401544571, 'test_acc': 0.9700000286102295, 'test_precision': 0.7279464602470398, 'test_recall': 0.7252299785614014, 'test_f1': 0.7262557744979858, 'communication_cost': 18816980}
[ 2026-05-15 09:11:38 | node_30 | INFO ] 🧩 Model added for round 99 (5/5) from ['node_46']
[ 2026-05-15 09:11:38 | node_32 | INFO ] 🧩 Model added for round 99 (9/10) from ['node_15']
[ 2026-05-15 09:11:38 | node_14 | INFO ] 🗣️ Gossiping aggregated model.
[ 2026-05-15 09:11:38 | node_26 | INFO ] 🗣️ Gossiping aggregated model.
[ 2026-05-15 09:11:38 | node_28 | INFO ] 🗣️ Gossiping aggregated model.
[ 2026-05-15 09:11:38 | node_45 | INFO ] 🧩 Model added for round 99 (8/8) from ['node_41']
[ 2026-05-15 09:11:38 | node_19 | INFO ] 🗣️ Gossiping aggregated model.
[ 2026-05-15 09:11:38 | node_38 | INFO ] 🗣️ Gossiping aggregated model.
[ 2026-05-15 09:11:38 | node_32 | INFO ] 🧩 Model added for round 99 (10/10) from ['node_11']
[ 2026-05-15 09:11:38 | node_20 | INFO ] 📢 Broadcasting metrics.
[ 2026-05-15 09:11:39 | node_25 | INFO ] 🗣️ Gossiping aggregated model.
[ 2026-05-15 09:11:39 | node_8 | INFO ] 🤫 Gossip finished.
[ 2026-05-15 09:11:39 | node_8 | INFO ] 🔬 Evaluating...
[ 2026-05-15 09:11:39 | node_17 | INFO ] 🧩 Model added for round 99 (4/5) from ['node_18']
[ 2026-05-15 09:11:39 | node_44 | INFO ] 🧩 Model added for round 99 (10/10) from ['node_31']
[ 2026-05-15 09:11:39 | node_17 | INFO ] 🧩 Model added for round 99 (5/5) from ['node_32']
[ 2026-05-15 09:11:39 | node_8 | INFO ] 📈 Evaluated. Results: {'test_loss': 0.26971086859703064, 'test_acc': 0.9724409580230713, 'test_precision': 0.7712662816047668, 'test_recall': 0.7830466032028198, 'test_f1': 0.7761708498001099, 'communication_cost': 18816980}
[ 2026-05-15 09:11:40 | node_7 | INFO ] 🗣️ Gossiping aggregated model.
[ 2026-05-15 09:11:40 | node_8 | INFO ] 📢 Broadcasting metrics.
[ 2026-05-15 09:11:40 | node_23 | INFO ] 🧩 Model added for round 99 (7/8) from ['node_18']
[ 2026-05-15 09:11:41 | node_42 | INFO ] 🧩 Model added for round 99 (5/6) from ['node_15']
[ 2026-05-15 09:11:41 | node_34 | INFO ] 🧩 Model added for round 99 (7/8) from ['node_11']
[ 2026-05-15 09:11:41 | node_23 | INFO ] 🧩 Model added for round 99 (8/8) from ['node_32']
[ 2026-05-15 09:11:41 | node_30 | INFO ] 🧠 Aggregation complete. Setting new model.
[ 2026-05-15 09:11:41 | node_17 | INFO ] 🧠 Aggregation complete. Setting new model.
[ 2026-05-15 09:11:41 | node_44 | INFO ] 🧠 Aggregation complete. Setting new model.
[ 2026-05-15 09:11:41 | node_45 | INFO ] 🧠 Aggregation complete. Setting new model.
[ 2026-05-15 09:11:41 | node_41 | INFO ] 🧠 Aggregation complete. Setting new model.
[ 2026-05-15 09:11:41 | node_30 | INFO ] 🗣️ Gossiping aggregated model.
[ 2026-05-15 09:11:42 | node_17 | INFO ] 🗣️ Gossiping aggregated model.
[ 2026-05-15 09:11:42 | node_20 | INFO ] 🎉 Round 100 of 100 finished.
[ 2026-05-15 09:11:42 | node_20 | INFO ] 😋 Training finished!!
[ 2026-05-15 09:11:42 | node_45 | INFO ] 🗣️ Gossiping aggregated model.
[ 2026-05-15 09:11:42 | node_36 | INFO ] 🧩 Model added for round 99 (11/11) from ['node_18']
[ 2026-05-15 09:11:43 | node_44 | INFO ] 🗣️ Gossiping aggregated model.
[ 2026-05-15 09:11:43 | node_41 | INFO ] 🗣️ Gossiping aggregated model.
[ 2026-05-15 09:11:43 | node_8 | INFO ] 🎉 Round 100 of 100 finished.
[ 2026-05-15 09:11:43 | node_8 | INFO ] 😋 Training finished!!
[ 2026-05-15 09:11:43 | node_31 | INFO ] 🧩 Model added for round 99 (8/8) from ['node_32']
[ 2026-05-15 09:11:43 | node_43 | INFO ] 🧩 Model added for round 99 (7/7) from ['node_11']
[ 2026-05-15 09:11:43 | node_23 | INFO ] 🧠 Aggregation complete. Setting new model.
[ 2026-05-15 09:11:44 | node_15 | INFO ] 🧠 Aggregation complete. Setting new model.
[ 2026-05-15 09:11:44 | node_31 | INFO ] 🧠 Aggregation complete. Setting new model.
[ 2026-05-15 09:11:44 | node_38 | INFO ] 🤫 Gossip finished.
[ 2026-05-15 09:11:44 | node_36 | INFO ] 🧠 Aggregation complete. Setting new model.
[ 2026-05-15 09:11:44 | node_38 | INFO ] 🔬 Evaluating...
[ 2026-05-15 09:11:44 | node_16 | INFO ] 🤫 Gossip finished.
[ 2026-05-15 09:11:44 | node_16 | INFO ] 🔬 Evaluating...
[ 2026-05-15 09:11:44 | node_23 | INFO ] 🗣️ Gossiping aggregated model.
[ 2026-05-15 09:11:44 | node_38 | INFO ] 📈 Evaluated. Results: {'test_loss': 0.20680342614650726, 'test_acc': 0.9826589822769165, 'test_precision': 0.8755620121955872, 'test_recall': 0.9007729887962341, 'test_f1': 0.8856223821640015, 'communication_cost': 26343772}
[ 2026-05-15 09:11:44 | node_47 | INFO ] 🤫 Gossip finished.
[ 2026-05-15 09:11:44 | node_16 | INFO ] 📈 Evaluated. Results: {'test_loss': 0.23599360883235931, 'test_acc': 0.9751243591308594, 'test_precision': 0.75, 'test_recall': 0.7597847580909729, 'test_f1': 0.7489238977432251, 'communication_cost': 22580376}
[ 2026-05-15 09:11:44 | node_47 | INFO ] 🔬 Evaluating...
[ 2026-05-15 09:11:45 | node_38 | INFO ] 📢 Broadcasting metrics.
[ 2026-05-15 09:11:45 | node_39 | INFO ] 🧩 Model added for round 99 (8/9) from ['node_18']
[ 2026-05-15 09:11:45 | node_16 | INFO ] 📢 Broadcasting metrics.
[ 2026-05-15 09:11:45 | node_47 | ERROR ] An error occurred during remote evaluation: Task was killed due to the node running low on memory.
Memory on the node (IP: 10.128.0.8, ID: ca38d58269d14f11d8bec1905386a8db4348f970daee3cdb57d12a6d) where the task (actor ID: 7ceb85f0c4104341ddceb45d01000000, name=VirtualLearnerActor.__init__, pid=355923, memory used=0.90GB) was running was 59.68GB / 62.81GB (0.950178), which exceeds the memory usage threshold of 0.95. Ray killed this worker (ID: cefd8158555c4fd75768116e2a426980c3cd9b54dcbae9a0d5752c56) because it was the most recently scheduled task; to see more information about memory usage on this node, use `ray logs raylet.out -ip 10.128.0.8`. To see the logs of the worker, use `ray logs worker-cefd8158555c4fd75768116e2a426980c3cd9b54dcbae9a0d5752c56*out -ip 10.128.0.8. Top 10 memory users:
PID	MEM(GB)	COMMAND
353214	4.74	/home/hoap/p2pfl/.venv/bin/python /home/hoap/p2pfl/.venv/bin/p2pfl run batch_configs/03_mnist_dirich...
353445	3.35	ray::RayP2PFLoggerActor
353447	0.91	ray::VirtualLearnerActor
355638	0.90	ray::VirtualLearnerActor
355923	0.90	ray::VirtualLearnerActor
353448	0.90	ray::VirtualLearnerActor
354028	0.90	ray::VirtualLearnerActor
353881	0.90	ray::VirtualLearnerActor
355447	0.90	ray::VirtualLearnerActor
353431	0.90	ray::VirtualLearnerActor
Refer to the documentation on how to address the out of memory issue: https://docs.ray.io/en/latest/ray-core/scheduling/ray-oom-prevention.html. Consider provisioning more memory on this node or reducing task parallelism by requesting more CPUs per task. Set max_restarts and max_task_retries to enable retry when the task crashes due to OOM. To adjust the kill threshold, set the environment variable `RAY_memory_usage_threshold` when starting Ray. To disable worker killing, set the environment variable `RAY_memory_monitor_refresh_ms` to zero.
[ 2026-05-15 09:11:45 | node_15 | INFO ] 🗣️ Gossiping aggregated model.
[ 2026-05-15 09:11:45 | node_34 | INFO ] 🧩 Model added for round 99 (8/8) from ['node_32']
[ 2026-05-15 09:11:45 | node_47 | ERROR ] Error OutOfMemoryError: Task was killed due to the node running low on memory.
Memory on the node (IP: 10.128.0.8, ID: ca38d58269d14f11d8bec1905386a8db4348f970daee3cdb57d12a6d) where the task (actor ID: 7ceb85f0c4104341ddceb45d01000000, name=VirtualLearnerActor.__init__, pid=355923, memory used=0.90GB) was running was 59.68GB / 62.81GB (0.950178), which exceeds the memory usage threshold of 0.95. Ray killed this worker (ID: cefd8158555c4fd75768116e2a426980c3cd9b54dcbae9a0d5752c56) because it was the most recently scheduled task; to see more information about memory usage on this node, use `ray logs raylet.out -ip 10.128.0.8`. To see the logs of the worker, use `ray logs worker-cefd8158555c4fd75768116e2a426980c3cd9b54dcbae9a0d5752c56*out -ip 10.128.0.8. Top 10 memory users:
PID	MEM(GB)	COMMAND
353214	4.74	/home/hoap/p2pfl/.venv/bin/python /home/hoap/p2pfl/.venv/bin/p2pfl run batch_configs/03_mnist_dirich...
353445	3.35	ray::RayP2PFLoggerActor
353447	0.91	ray::VirtualLearnerActor
355638	0.90	ray::VirtualLearnerActor
355923	0.90	ray::VirtualLearnerActor
353448	0.90	ray::VirtualLearnerActor
354028	0.90	ray::VirtualLearnerActor
353881	0.90	ray::VirtualLearnerActor
355447	0.90	ray::VirtualLearnerActor
353431	0.90	ray::VirtualLearnerActor
Refer to the documentation on how to address the out of memory issue: https://docs.ray.io/en/latest/ray-core/scheduling/ray-oom-prevention.html. Consider provisioning more memory on this node or reducing task parallelism by requesting more CPUs per task. Set max_restarts and max_task_retries to enable retry when the task crashes due to OOM. To adjust the kill threshold, set the environment variable `RAY_memory_usage_threshold` when starting Ray. To disable worker killing, set the environment variable `RAY_memory_monitor_refresh_ms` to zero.
Traceback (most recent call last):
  File "/home/hoap/p2pfl/p2pfl/node.py", line 418, in __start_learning
    self.learning_workflow.run(
  File "/home/hoap/p2pfl/p2pfl/stages/workflows.py", line 46, in run
    next_stage = self.current_stage.execute(**kwargs)
                 ^^^^^^^^^^^^^^^^^^^^^^^^^^^^^^^^^^^^
  File "/home/hoap/p2pfl/p2pfl/stages/base_node/round_finished_stage.py", line 60, in execute
    RoundFinishedStage.__evaluate(state, learner, communication_protocol, aggregator, experiment_logger)
  File "/home/hoap/p2pfl/p2pfl/stages/base_node/round_finished_stage.py", line 88, in __evaluate
    results = learner.evaluate()
              ^^^^^^^^^^^^^^^^^^
  File "/home/hoap/p2pfl/p2pfl/utils/node_component.py", line 36, in wrapper
    return method(self, *args, **kwargs)
           ^^^^^^^^^^^^^^^^^^^^^^^^^^^^^
  File "/home/hoap/p2pfl/p2pfl/learning/frameworks/simulation/virtual_learner.py", line 159, in evaluate
    raise ex
  File "/home/hoap/p2pfl/p2pfl/learning/frameworks/simulation/virtual_learner.py", line 155, in evaluate
    result: dict[str, float] = self.actor_pool.get_learner_result(job_id, None)[1]
                               ^^^^^^^^^^^^^^^^^^^^^^^^^^^^^^^^^^^^^^^^^^^^^^^^
  File "/home/hoap/p2pfl/p2pfl/learning/frameworks/simulation/actor_pool.py", line 368, in get_learner_result
    return self._fetch_future_result(addr)
           ^^^^^^^^^^^^^^^^^^^^^^^^^^^^^^^
  File "/home/hoap/p2pfl/p2pfl/learning/frameworks/simulation/actor_pool.py", line 255, in _fetch_future_result
    res_addr, result = ray.get(future)
                       ^^^^^^^^^^^^^^^
  File "/home/hoap/p2pfl/.venv/lib/python3.11/site-packages/ray/_private/auto_init_hook.py", line 22, in auto_init_wrapper
    return fn(*args, **kwargs)
           ^^^^^^^^^^^^^^^^^^^
  File "/home/hoap/p2pfl/.venv/lib/python3.11/site-packages/ray/_private/client_mode_hook.py", line 104, in wrapper
    return func(*args, **kwargs)
           ^^^^^^^^^^^^^^^^^^^^^
  File "/home/hoap/p2pfl/.venv/lib/python3.11/site-packages/ray/_private/worker.py", line 2882, in get
    values, debugger_breakpoint = worker.get_objects(object_refs, timeout=timeout)
                                  ^^^^^^^^^^^^^^^^^^^^^^^^^^^^^^^^^^^^^^^^^^^^^^^^
  File "/home/hoap/p2pfl/.venv/lib/python3.11/site-packages/ray/_private/worker.py", line 970, in get_objects
    raise value
ray.exceptions.OutOfMemoryError: Task was killed due to the node running low on memory.
Memory on the node (IP: 10.128.0.8, ID: ca38d58269d14f11d8bec1905386a8db4348f970daee3cdb57d12a6d) where the task (actor ID: 7ceb85f0c4104341ddceb45d01000000, name=VirtualLearnerActor.__init__, pid=355923, memory used=0.90GB) was running was 59.68GB / 62.81GB (0.950178), which exceeds the memory usage threshold of 0.95. Ray killed this worker (ID: cefd8158555c4fd75768116e2a426980c3cd9b54dcbae9a0d5752c56) because it was the most recently scheduled task; to see more information about memory usage on this node, use `ray logs raylet.out -ip 10.128.0.8`. To see the logs of the worker, use `ray logs worker-cefd8158555c4fd75768116e2a426980c3cd9b54dcbae9a0d5752c56*out -ip 10.128.0.8. Top 10 memory users:
PID	MEM(GB)	COMMAND
353214	4.74	/home/hoap/p2pfl/.venv/bin/python /home/hoap/p2pfl/.venv/bin/p2pfl run batch_configs/03_mnist_dirich...
353445	3.35	ray::RayP2PFLoggerActor
353447	0.91	ray::VirtualLearnerActor
355638	0.90	ray::VirtualLearnerActor
355923	0.90	ray::VirtualLearnerActor
353448	0.90	ray::VirtualLearnerActor
354028	0.90	ray::VirtualLearnerActor
353881	0.90	ray::VirtualLearnerActor
355447	0.90	ray::VirtualLearnerActor
353431	0.90	ray::VirtualLearnerActor
Refer to the documentation on how to address the out of memory issue: https://docs.ray.io/en/latest/ray-core/scheduling/ray-oom-prevention.html. Consider provisioning more memory on this node or reducing task parallelism by requesting more CPUs per task. Set max_restarts and max_task_retries to enable retry when the task crashes due to OOM. To adjust the kill threshold, set the environment variable `RAY_memory_usage_threshold` when starting Ray. To disable worker killing, set the environment variable `RAY_memory_monitor_refresh_ms` to zero.

[ 2026-05-15 09:11:45 | node_47 | INFO ] Stopping node...
[ 2026-05-15 09:11:45 | node_47 | INFO ] 🛑 Stopping gossiper...
[ 2026-05-15 09:11:45 | node_47 | INFO ] InMemoryServer stopped at node_47
[ 2026-05-15 09:11:45 | node_11 | INFO ] 🧠 Aggregation complete. Setting new model.
[ 2026-05-15 09:11:45 | node_34 | INFO ] 🧠 Aggregation complete. Setting new model.
[ 2026-05-15 09:11:45 | node_43 | INFO ] 🧠 Aggregation complete. Setting new model.
[ 2026-05-15 09:11:45 | node_31 | INFO ] 🗣️ Gossiping aggregated model.
[ 2026-05-15 09:11:45 | node_4 | INFO ] 🤫 Gossip finished.
[ 2026-05-15 09:11:45 | node_37 | INFO ] 🤫 Gossip finished.
[ 2026-05-15 09:11:45 | node_36 | INFO ] 🗣️ Gossiping aggregated model.
[ 2026-05-15 09:11:45 | node_37 | INFO ] 🔬 Evaluating...
[ 2026-05-15 09:11:45 | node_4 | INFO ] 🔬 Evaluating...
[ 2026-05-15 09:11:46 | node_21 | INFO ] 🤫 Gossip finished.
[ 2026-05-15 09:11:46 | node_25 | INFO ] 🤫 Gossip finished.
[ 2026-05-15 09:11:46 | node_25 | INFO ] 🔬 Evaluating...
[ 2026-05-15 09:11:46 | node_21 | INFO ] 🔬 Evaluating...
[ 2026-05-15 09:11:46 | node_4 | INFO ] 📈 Evaluated. Results: {'test_loss': 0.2508377730846405, 'test_acc': 0.9596773982048035, 'test_precision': 0.9447367787361145, 'test_recall': 0.9768519401550293, 'test_f1': 0.9564788341522217, 'communication_cost': 15053584}
[ 2026-05-15 09:11:46 | node_43 | INFO ] 🗣️ Gossiping aggregated model.
[ 2026-05-15 09:11:46 | node_37 | INFO ] 📈 Evaluated. Results: {'test_loss': 0.25386545062065125, 'test_acc': 0.9842519760131836, 'test_precision': 0.9357143640518188, 'test_recall': 0.9828571677207947, 'test_f1': 0.9500075578689575, 'communication_cost': 18816980}
[ 2026-05-15 09:11:46 | node_19 | INFO ] 🤫 Gossip finished.
[ 2026-05-15 09:11:46 | node_4 | INFO ] 📢 Broadcasting metrics.
[ 2026-05-15 09:11:46 | node_34 | INFO ] 🗣️ Gossiping aggregated model.
[ 2026-05-15 09:11:46 | node_25 | INFO ] 📈 Evaluated. Results: {'test_loss': 0.22413663566112518, 'test_acc': 0.9638554453849792, 'test_precision': 0.761304497718811, 'test_recall': 0.7775033712387085, 'test_f1': 0.7675427794456482, 'communication_cost': 26343772}
[ 2026-05-15 09:11:46 | node_35 | INFO ] 🤫 Gossip finished.
[ 2026-05-15 09:11:46 | node_19 | INFO ] 🔬 Evaluating...
[ 2026-05-15 09:11:46 | node_21 | INFO ] 📈 Evaluated. Results: {'test_loss': 0.27195000648498535, 'test_acc': 0.9433962106704712, 'test_precision': 0.5455222725868225, 'test_recall': 0.5905770063400269, 'test_f1': 0.5582168698310852, 'communication_cost': 26343772}
[ 2026-05-15 09:11:47 | node_35 | INFO ] 🔬 Evaluating...
[ 2026-05-15 09:11:47 | node_37 | INFO ] 📢 Broadcasting metrics.
[ 2026-05-15 09:11:47 | node_11 | INFO ] 🗣️ Gossiping aggregated model.
[ 2026-05-15 09:11:47 | node_39 | INFO ] 🧩 Model added for round 99 (9/9) from ['node_32']
[ 2026-05-15 09:11:47 | node_19 | INFO ] 📈 Evaluated. Results: {'test_loss': 0.23212163150310516, 'test_acc': 0.9622641801834106, 'test_precision': 0.7043118476867676, 'test_recall': 0.6904998421669006, 'test_f1': 0.6960746645927429, 'communication_cost': 15053584}
[ 2026-05-15 09:11:47 | node_35 | INFO ] 📈 Evaluated. Results: {'test_loss': 0.23883169889450073, 'test_acc': 0.9692307710647583, 'test_precision': 0.7246043086051941, 'test_recall': 0.7088696360588074, 'test_f1': 0.7162893414497375, 'communication_cost': 26343772}
[ 2026-05-15 09:11:47 | node_46 | INFO ] 🧩 Model added for round 99 (9/9) from ['node_18']
[ 2026-05-15 09:11:47 | node_13 | INFO ] 🤫 Gossip finished.
[ 2026-05-15 09:11:47 | node_13 | INFO ] 🔬 Evaluating...
[ 2026-05-15 09:11:47 | node_25 | INFO ] 📢 Broadcasting metrics.
[ 2026-05-15 09:11:47 | node_26 | INFO ] 🤫 Gossip finished.
[ 2026-05-15 09:11:47 | node_26 | INFO ] 🔬 Evaluating...
[ 2026-05-15 09:11:47 | node_44 | INFO ] 🤫 Gossip finished.
[ 2026-05-15 09:11:48 | node_21 | INFO ] 📢 Broadcasting metrics.
[ 2026-05-15 09:11:48 | node_44 | INFO ] 🔬 Evaluating...
[ 2026-05-15 09:11:48 | node_13 | INFO ] 📈 Evaluated. Results: {'test_loss': 0.24206948280334473, 'test_acc': 0.9683098793029785, 'test_precision': 0.6898639798164368, 'test_recall': 0.6641249060630798, 'test_f1': 0.6760596036911011, 'communication_cost': 22580376}
[ 2026-05-15 09:11:48 | node_16 | INFO ] 🎉 Round 100 of 100 finished.
[ 2026-05-15 09:11:48 | node_26 | INFO ] 📈 Evaluated. Results: {'test_loss': 0.14237099885940552, 'test_acc': 1.0, 'test_precision': 1.0, 'test_recall': 1.0, 'test_f1': 1.0, 'communication_cost': 26343772}
[ 2026-05-15 09:11:48 | node_16 | INFO ] 😋 Training finished!!
[ 2026-05-15 09:11:48 | node_41 | INFO ] 🤫 Gossip finished.
[ 2026-05-15 09:11:48 | node_41 | INFO ] 🔬 Evaluating...
[ 2026-05-15 09:11:48 | node_19 | INFO ] 📢 Broadcasting metrics.
[ 2026-05-15 09:11:48 | node_44 | INFO ] 📈 Evaluated. Results: {'test_loss': 0.1944003403186798, 'test_acc': 0.9785714149475098, 'test_precision': 0.9212245345115662, 'test_recall': 0.947040855884552, 'test_f1': 0.9317991137504578, 'communication_cost': 33870564}
[ 2026-05-15 09:11:48 | node_4 | INFO ] 🎉 Round 100 of 100 finished.
[ 2026-05-15 09:11:49 | node_4 | INFO ] 😋 Training finished!!
[ 2026-05-15 09:11:49 | node_38 | INFO ] 🎉 Round 100 of 100 finished.
[ 2026-05-15 09:11:49 | node_38 | INFO ] 😋 Training finished!!
[ 2026-05-15 09:11:49 | node_35 | INFO ] 📢 Broadcasting metrics.
[ 2026-05-15 09:11:49 | node_41 | INFO ] 📈 Evaluated. Results: {'test_loss': 0.18382592499256134, 'test_acc': 0.9673202633857727, 'test_precision': 0.7907626032829285, 'test_recall': 0.8432782888412476, 'test_f1': 0.8077329993247986, 'communication_cost': 33870564}
[ 2026-05-15 09:11:49 | node_13 | INFO ] 📢 Broadcasting metrics.
[ 2026-05-15 09:11:49 | node_37 | INFO ] 🎉 Round 100 of 100 finished.
[ 2026-05-15 09:11:49 | node_42 | INFO ] 🧩 Model added for round 99 (6/6) from ['node_32']
[ 2026-05-15 09:11:49 | node_37 | INFO ] 😋 Training finished!!
[ 2026-05-15 09:11:50 | node_26 | INFO ] 📢 Broadcasting metrics.
[ 2026-05-15 09:11:50 | node_44 | INFO ] 📢 Broadcasting metrics.
[ 2026-05-15 09:11:50 | node_41 | INFO ] 📢 Broadcasting metrics.
[ 2026-05-15 09:11:50 | node_42 | INFO ] 🧠 Aggregation complete. Setting new model.
[ 2026-05-15 09:11:50 | node_39 | INFO ] 🧠 Aggregation complete. Setting new model.
[ 2026-05-15 09:11:50 | node_18 | INFO ] 🧠 Aggregation complete. Setting new model.
[ 2026-05-15 09:11:50 | node_42 | INFO ] 🗣️ Gossiping aggregated model.
[ 2026-05-15 09:11:51 | node_46 | INFO ] 🧠 Aggregation complete. Setting new model.
[ 2026-05-15 09:11:51 | node_19 | INFO ] 🎉 Round 100 of 100 finished.
[ 2026-05-15 09:11:51 | node_19 | INFO ] 😋 Training finished!!
[ 2026-05-15 09:11:51 | node_10 | INFO ] 🤫 Gossip finished.
[ 2026-05-15 09:11:51 | node_14 | INFO ] 🤫 Gossip finished.
[ 2026-05-15 09:11:51 | node_25 | INFO ] 🎉 Round 100 of 100 finished.
[ 2026-05-15 09:11:51 | node_10 | INFO ] 🔬 Evaluating...
[ 2026-05-15 09:11:51 | node_25 | INFO ] 😋 Training finished!!
[ 2026-05-15 09:11:51 | node_14 | INFO ] 🔬 Evaluating...
[ 2026-05-15 09:11:51 | node_39 | INFO ] 🗣️ Gossiping aggregated model.
[ 2026-05-15 09:11:51 | node_14 | INFO ] 📈 Evaluated. Results: {'test_loss': 0.16985450685024261, 'test_acc': 0.976190447807312, 'test_precision': 0.9333333969116211, 'test_recall': 0.984541118144989, 'test_f1': 0.9494712352752686, 'communication_cost': 26343772}
[ 2026-05-15 09:11:51 | node_10 | INFO ] 📈 Evaluated. Results: {'test_loss': 0.2583329975605011, 'test_acc': 0.9766233563423157, 'test_precision': 0.6719761490821838, 'test_recall': 0.6551505923271179, 'test_f1': 0.6629911065101624, 'communication_cost': 22580376}
[ 2026-05-15 09:11:51 | node_21 | INFO ] 🎉 Round 100 of 100 finished.
[ 2026-05-15 09:11:51 | node_21 | INFO ] 😋 Training finished!!
[ 2026-05-15 09:11:51 | node_18 | INFO ] 🗣️ Gossiping aggregated model.
[ 2026-05-15 09:11:52 | node_46 | INFO ] 🗣️ Gossiping aggregated model.
[ 2026-05-15 09:11:52 | node_46 | INFO ] 🤫 Gossip finished.
[ 2026-05-15 09:11:52 | node_46 | INFO ] 🔬 Evaluating...
[ 2026-05-15 09:11:52 | node_22 | INFO ] 🤫 Gossip finished.
[ 2026-05-15 09:11:52 | node_30 | INFO ] 🤫 Gossip finished.
[ 2026-05-15 09:11:52 | node_22 | INFO ] 🔬 Evaluating...
[ 2026-05-15 09:11:52 | node_13 | INFO ] 🎉 Round 100 of 100 finished.
[ 2026-05-15 09:11:52 | node_13 | INFO ] 😋 Training finished!!
[ 2026-05-15 09:11:52 | node_30 | INFO ] 🔬 Evaluating...
[ 2026-05-15 09:11:52 | node_10 | INFO ] 📢 Broadcasting metrics.
[ 2026-05-15 09:11:52 | node_3 | INFO ] 🤫 Gossip finished.
[ 2026-05-15 09:11:52 | node_3 | INFO ] 🔬 Evaluating...
[ 2026-05-15 09:11:52 | node_2 | INFO ] 🤫 Gossip finished.
[ 2026-05-15 09:11:52 | node_36 | INFO ] 🤫 Gossip finished.
[ 2026-05-15 09:11:52 | node_22 | INFO ] 📈 Evaluated. Results: {'test_loss': 0.23557084798812866, 'test_acc': 0.9664804339408875, 'test_precision': 0.8241713643074036, 'test_recall': 0.8399692177772522, 'test_f1': 0.8287578821182251, 'communication_cost': 30107168}
[ 2026-05-15 09:11:52 | node_30 | INFO ] 📈 Evaluated. Results: {'test_loss': 0.2625029385089874, 'test_acc': 0.9596412777900696, 'test_precision': 0.7104634046554565, 'test_recall': 0.6704997420310974, 'test_f1': 0.6874412894248962, 'communication_cost': 15053584}
[ 2026-05-15 09:11:52 | node_46 | INFO ] 📈 Evaluated. Results: {'test_loss': 0.28948575258255005, 'test_acc': 0.9607843160629272, 'test_precision': 0.7769063115119934, 'test_recall': 0.7577077746391296, 'test_f1': 0.7643015384674072, 'communication_cost': 30107168}
[ 2026-05-15 09:11:52 | node_2 | INFO ] 🔬 Evaluating...
[ 2026-05-15 09:11:52 | node_36 | INFO ] 🔬 Evaluating...
[ 2026-05-15 09:11:52 | node_35 | INFO ] 🎉 Round 100 of 100 finished.
[ 2026-05-15 09:11:52 | node_35 | INFO ] 😋 Training finished!!
[ 2026-05-15 09:11:52 | node_14 | INFO ] 📢 Broadcasting metrics.
[ 2026-05-15 09:11:52 | node_5 | INFO ] 🤫 Gossip finished.
[ 2026-05-15 09:11:52 | node_3 | INFO ] 📈 Evaluated. Results: {'test_loss': 0.2552253305912018, 'test_acc': 0.949367105960846, 'test_precision': 0.7359855771064758, 'test_recall': 0.7175259590148926, 'test_f1': 0.7260260581970215, 'communication_cost': 33870564}
[ 2026-05-15 09:11:53 | node_5 | INFO ] 🔬 Evaluating...
[ 2026-05-15 09:11:53 | node_2 | INFO ] 📈 Evaluated. Results: {'test_loss': 0.19718670845031738, 'test_acc': 0.9790576100349426, 'test_precision': 0.8820545673370361, 'test_recall': 0.8782351016998291, 'test_f1': 0.8800596594810486, 'communication_cost': 26343772}
[ 2026-05-15 09:11:53 | node_7 | INFO ] 🤫 Gossip finished.
[ 2026-05-15 09:11:53 | node_36 | INFO ] 📈 Evaluated. Results: {'test_loss': 0.15441861748695374, 'test_acc': 0.9823529124259949, 'test_precision': 0.8284095525741577, 'test_recall': 0.8206722736358643, 'test_f1': 0.8241875767707825, 'communication_cost': 37633960}
[ 2026-05-15 09:11:53 | node_7 | INFO ] 🔬 Evaluating...
[ 2026-05-15 09:11:53 | node_22 | INFO ] 📢 Broadcasting metrics.
[ 2026-05-15 09:11:53 | node_30 | INFO ] 📢 Broadcasting metrics.
[ 2026-05-15 09:11:53 | node_26 | INFO ] 🎉 Round 100 of 100 finished.
[ 2026-05-15 09:11:53 | node_26 | INFO ] 😋 Training finished!!
[ 2026-05-15 09:11:53 | node_5 | INFO ] 📈 Evaluated. Results: {'test_loss': 0.3176378309726715, 'test_acc': 0.9438202381134033, 'test_precision': 0.7642983198165894, 'test_recall': 0.7899931073188782, 'test_f1': 0.7729634642601013, 'communication_cost': 30107168}
[ 2026-05-15 09:11:53 | node_7 | INFO ] 📈 Evaluated. Results: {'test_loss': 0.2707497477531433, 'test_acc': 0.9765396118164062, 'test_precision': 0.6347344517707825, 'test_recall': 0.6301629543304443, 'test_f1': 0.6323353052139282, 'communication_cost': 45160752}
[ 2026-05-15 09:11:54 | node_46 | INFO ] 📢 Broadcasting metrics.
[ 2026-05-15 09:11:54 | node_3 | INFO ] 📢 Broadcasting metrics.
[ 2026-05-15 09:11:54 | node_2 | INFO ] 📢 Broadcasting metrics.
[ 2026-05-15 09:11:54 | node_36 | INFO ] 📢 Broadcasting metrics.
[ 2026-05-15 09:11:54 | node_5 | INFO ] 📢 Broadcasting metrics.
[ 2026-05-15 09:11:54 | node_7 | INFO ] 📢 Broadcasting metrics.
[ 2026-05-15 09:11:54 | node_41 | INFO ] 🎉 Round 100 of 100 finished.
[ 2026-05-15 09:11:54 | node_32 | INFO ] 🧠 Aggregation complete. Setting new model.
[ 2026-05-15 09:11:54 | node_44 | INFO ] 🎉 Round 100 of 100 finished.
[ 2026-05-15 09:11:54 | node_44 | INFO ] 😋 Training finished!!
[ 2026-05-15 09:11:54 | node_41 | INFO ] 😋 Training finished!!
[ 2026-05-15 09:11:54 | node_23 | INFO ] 🤫 Gossip finished.
[ 2026-05-15 09:11:54 | node_30 | INFO ] 🎉 Round 100 of 100 finished.
[ 2026-05-15 09:11:54 | node_30 | INFO ] 😋 Training finished!!
[ 2026-05-15 09:11:54 | node_23 | INFO ] 🔬 Evaluating...
[ 2026-05-15 09:11:55 | node_34 | INFO ] 🤫 Gossip finished.
[ 2026-05-15 09:11:55 | node_34 | INFO ] 🔬 Evaluating...
[ 2026-05-15 09:11:55 | node_10 | INFO ] 🎉 Round 100 of 100 finished.
[ 2026-05-15 09:11:55 | node_10 | INFO ] 😋 Training finished!!
[ 2026-05-15 09:11:55 | node_32 | INFO ] 🗣️ Gossiping aggregated model.
[ 2026-05-15 09:11:55 | node_32 | INFO ] 🤫 Gossip finished.
[ 2026-05-15 09:11:55 | node_32 | INFO ] 🔬 Evaluating...
[ 2026-05-15 09:11:55 | node_34 | INFO ] 📈 Evaluated. Results: {'test_loss': 0.21469160914421082, 'test_acc': 0.9671052694320679, 'test_precision': 0.809824526309967, 'test_recall': 0.7853522300720215, 'test_f1': 0.7965890765190125, 'communication_cost': 26343772}
[ 2026-05-15 09:11:55 | node_23 | INFO ] 📈 Evaluated. Results: {'test_loss': 0.27908146381378174, 'test_acc': 0.9469026327133179, 'test_precision': 0.9050657749176025, 'test_recall': 0.9408309459686279, 'test_f1': 0.9075673818588257, 'communication_cost': 26343772}
[ 2026-05-15 09:11:55 | node_17 | INFO ] 🤫 Gossip finished.
[ 2026-05-15 09:11:55 | node_32 | INFO ] 📈 Evaluated. Results: {'test_loss': 0.15775200724601746, 'test_acc': 0.9928057789802551, 'test_precision': 0.9959073662757874, 'test_recall': 0.9921293258666992, 'test_f1': 0.9938191175460815, 'communication_cost': 33870564}
[ 2026-05-15 09:11:55 | node_17 | INFO ] 🔬 Evaluating...
[ 2026-05-15 09:11:56 | node_34 | INFO ] 📢 Broadcasting metrics.
[ 2026-05-15 09:11:56 | node_23 | INFO ] 📢 Broadcasting metrics.
[ 2026-05-15 09:11:56 | node_14 | INFO ] 🎉 Round 100 of 100 finished.
[ 2026-05-15 09:11:56 | node_14 | INFO ] 😋 Training finished!!
[ 2026-05-15 09:11:56 | node_17 | INFO ] 📈 Evaluated. Results: {'test_loss': 0.1712440699338913, 'test_acc': 0.9950494766235352, 'test_precision': 0.9389439225196838, 'test_recall': 0.9302215576171875, 'test_f1': 0.9342473149299622, 'communication_cost': 15053584}
[ 2026-05-15 09:11:56 | node_31 | INFO ] 🤫 Gossip finished.
[ 2026-05-15 09:11:56 | node_32 | INFO ] 📢 Broadcasting metrics.
[ 2026-05-15 09:11:56 | node_42 | INFO ] 🤫 Gossip finished.
[ 2026-05-15 09:11:56 | node_31 | INFO ] 🔬 Evaluating...
[ 2026-05-15 09:11:56 | node_42 | INFO ] 🔬 Evaluating...
[ 2026-05-15 09:11:56 | node_17 | INFO ] 📢 Broadcasting metrics.
[ 2026-05-15 09:11:57 | node_31 | INFO ] 📈 Evaluated. Results: {'test_loss': 0.2616640627384186, 'test_acc': 0.9661017060279846, 'test_precision': 0.9675925374031067, 'test_recall': 0.9697855114936829, 'test_f1': 0.967854380607605, 'communication_cost': 26343772}
[ 2026-05-15 09:11:57 | node_22 | INFO ] 🎉 Round 100 of 100 finished.
[ 2026-05-15 09:11:57 | node_22 | INFO ] 😋 Training finished!!
[ 2026-05-15 09:11:57 | node_5 | INFO ] 🎉 Round 100 of 100 finished.
[ 2026-05-15 09:11:57 | node_5 | INFO ] 😋 Training finished!!
[ 2026-05-15 09:11:57 | node_42 | INFO ] 📈 Evaluated. Results: {'test_loss': 0.16106261312961578, 'test_acc': 0.9679144620895386, 'test_precision': 0.795687735080719, 'test_recall': 0.7922829389572144, 'test_f1': 0.7927482724189758, 'communication_cost': 18816980}
[ 2026-05-15 09:11:57 | node_2 | INFO ] 🎉 Round 100 of 100 finished.
[ 2026-05-15 09:11:57 | node_2 | INFO ] 😋 Training finished!!
[ 2026-05-15 09:11:57 | node_3 | INFO ] 🎉 Round 100 of 100 finished.
[ 2026-05-15 09:11:57 | node_3 | INFO ] 😋 Training finished!!
[ 2026-05-15 09:11:57 | node_31 | INFO ] 📢 Broadcasting metrics.
[ 2026-05-15 09:11:57 | node_46 | INFO ] 🎉 Round 100 of 100 finished.
[ 2026-05-15 09:11:57 | node_46 | INFO ] 😋 Training finished!!
[ 2026-05-15 09:11:57 | node_42 | INFO ] 📢 Broadcasting metrics.
[ 2026-05-15 09:11:58 | node_24 | INFO ] ⏹️  Gossiping exited for 10 equal rounds.
[ 2026-05-15 09:11:58 | node_24 | INFO ] 🔬 Evaluating...
[ 2026-05-15 09:11:58 | node_36 | INFO ] 🎉 Round 100 of 100 finished.
[ 2026-05-15 09:11:58 | node_36 | INFO ] 😋 Training finished!!
[ 2026-05-15 09:11:58 | node_17 | INFO ] 🎉 Round 100 of 100 finished.
[ 2026-05-15 09:11:58 | node_34 | INFO ] 🎉 Round 100 of 100 finished.
[ 2026-05-15 09:11:58 | node_17 | INFO ] 😋 Training finished!!
[ 2026-05-15 09:11:58 | node_24 | INFO ] 📈 Evaluated. Results: {'test_loss': 0.1898825317621231, 'test_acc': 0.9807692170143127, 'test_precision': 0.9798320531845093, 'test_recall': 0.9458333253860474, 'test_f1': 0.9538164734840393, 'communication_cost': 26343772}
[ 2026-05-15 09:11:58 | node_34 | INFO ] 😋 Training finished!!
[ 2026-05-15 09:11:58 | node_23 | INFO ] 🎉 Round 100 of 100 finished.
[ 2026-05-15 09:11:58 | node_23 | INFO ] 😋 Training finished!!
[ 2026-05-15 09:11:58 | node_24 | INFO ] 📢 Broadcasting metrics.
[ 2026-05-15 09:11:59 | node_40 | INFO ] ⏹️  Gossiping exited for 10 equal rounds.
[ 2026-05-15 09:11:59 | node_40 | INFO ] 🔬 Evaluating...
[ 2026-05-15 09:11:59 | node_7 | INFO ] 🎉 Round 100 of 100 finished.
[ 2026-05-15 09:11:59 | node_7 | INFO ] 😋 Training finished!!
[ 2026-05-15 09:11:59 | node_40 | INFO ] 📈 Evaluated. Results: {'test_loss': 0.186926931142807, 'test_acc': 0.9873417615890503, 'test_precision': 0.9777777791023254, 'test_recall': 0.9907408356666565, 'test_f1': 0.9828234314918518, 'communication_cost': 26343772}
[ 2026-05-15 09:11:59 | node_32 | INFO ] 🎉 Round 100 of 100 finished.
[ 2026-05-15 09:11:59 | node_32 | INFO ] 😋 Training finished!!
[ 2026-05-15 09:11:59 | node_42 | INFO ] 🎉 Round 100 of 100 finished.
[ 2026-05-15 09:11:59 | node_31 | INFO ] 🎉 Round 100 of 100 finished.
[ 2026-05-15 09:11:59 | node_31 | INFO ] 😋 Training finished!!
[ 2026-05-15 09:11:59 | node_42 | INFO ] 😋 Training finished!!
[ 2026-05-15 09:11:59 | node_40 | INFO ] 📢 Broadcasting metrics.
[ 2026-05-15 09:12:00 | node_24 | INFO ] 🎉 Round 100 of 100 finished.
[ 2026-05-15 09:12:00 | node_24 | INFO ] 😋 Training finished!!
[ 2026-05-15 09:12:01 | node_27 | INFO ] ⏹️  Gossiping exited for 10 equal rounds.
[ 2026-05-15 09:12:01 | node_9 | INFO ] ⏹️  Gossiping exited for 10 equal rounds.
[ 2026-05-15 09:12:01 | node_27 | INFO ] 🔬 Evaluating...
[ 2026-05-15 09:12:01 | node_9 | INFO ] 🔬 Evaluating...
[ 2026-05-15 09:12:01 | node_27 | INFO ] 📈 Evaluated. Results: {'test_loss': 0.19878888130187988, 'test_acc': 0.9791044592857361, 'test_precision': 0.8319355249404907, 'test_recall': 0.8650724291801453, 'test_f1': 0.8400599956512451, 'communication_cost': 18816980}
[ 2026-05-15 09:12:01 | node_9 | INFO ] 📈 Evaluated. Results: {'test_loss': 0.2545323967933655, 'test_acc': 0.9520000219345093, 'test_precision': 0.9258087873458862, 'test_recall': 0.9680351614952087, 'test_f1': 0.9438027143478394, 'communication_cost': 37633960}
[ 2026-05-15 09:12:02 | node_27 | INFO ] 📢 Broadcasting metrics.
[ 2026-05-15 09:12:07 | node_9 | INFO ] 📢 Broadcasting metrics.
[ 2026-05-15 09:12:08 | node_40 | INFO ] 🎉 Round 100 of 100 finished.
[ 2026-05-15 09:12:08 | node_40 | INFO ] 😋 Training finished!!
[ 2026-05-15 09:12:09 | node_27 | INFO ] 🎉 Round 100 of 100 finished.
[ 2026-05-15 09:12:10 | node_27 | INFO ] 😋 Training finished!!
[ 2026-05-15 09:12:11 | node_9 | INFO ] 🎉 Round 100 of 100 finished.
[ 2026-05-15 09:12:11 | node_9 | INFO ] 😋 Training finished!!
[ 2026-05-15 09:12:12 | node_43 | INFO ] ⏹️  Gossiping exited for 10 equal rounds.
[ 2026-05-15 09:12:12 | node_43 | INFO ] 🔬 Evaluating...
[ 2026-05-15 09:12:13 | node_43 | INFO ] 📈 Evaluated. Results: {'test_loss': 0.1630088984966278, 'test_acc': 0.9805447459220886, 'test_precision': 0.7475140690803528, 'test_recall': 0.7381801009178162, 'test_f1': 0.7426257729530334, 'communication_cost': 22580376}
[ 2026-05-15 09:12:13 | node_43 | INFO ] 📢 Broadcasting metrics.
[ 2026-05-15 09:12:14 | node_11 | INFO ] ⏹️  Gossiping exited for 10 equal rounds.
[ 2026-05-15 09:12:14 | node_11 | INFO ] 🔬 Evaluating...
[ 2026-05-15 09:12:14 | node_28 | INFO ] ⏹️  Gossiping exited for 10 equal rounds.
[ 2026-05-15 09:12:14 | node_28 | INFO ] 🔬 Evaluating...
[ 2026-05-15 09:12:14 | node_11 | INFO ] 📈 Evaluated. Results: {'test_loss': 0.24583333730697632, 'test_acc': 0.9558011293411255, 'test_precision': 0.6662397384643555, 'test_recall': 0.6999260783195496, 'test_f1': 0.6788010597229004, 'communication_cost': 37633960}
[ 2026-05-15 09:12:15 | node_28 | INFO ] 📈 Evaluated. Results: {'test_loss': 0.2255624234676361, 'test_acc': 0.9683257937431335, 'test_precision': 0.8362497091293335, 'test_recall': 0.8318925499916077, 'test_f1': 0.8338403701782227, 'communication_cost': 26343772}
[ 2026-05-15 09:12:15 | node_11 | INFO ] 📢 Broadcasting metrics.
[ 2026-05-15 09:12:15 | node_28 | INFO ] 📢 Broadcasting metrics.
[ 2026-05-15 09:12:15 | node_43 | INFO ] 🎉 Round 100 of 100 finished.
[ 2026-05-15 09:12:15 | node_43 | INFO ] 😋 Training finished!!
[ 2026-05-15 09:12:17 | node_1 | INFO ] ⏹️  Gossiping exited for 10 equal rounds.
[ 2026-05-15 09:12:17 | node_1 | INFO ] 🔬 Evaluating...
[ 2026-05-15 09:12:17 | node_1 | INFO ] 📈 Evaluated. Results: {'test_loss': 0.2396218180656433, 'test_acc': 0.9599999785423279, 'test_precision': 0.6141852736473083, 'test_recall': 0.6229817867279053, 'test_f1': 0.6120338439941406, 'communication_cost': 26343772}
[ 2026-05-15 09:12:17 | node_1 | INFO ] 📢 Broadcasting metrics.
[ 2026-05-15 09:12:17 | node_28 | INFO ] 🎉 Round 100 of 100 finished.
[ 2026-05-15 09:12:17 | node_28 | INFO ] 😋 Training finished!!
[ 2026-05-15 09:12:18 | node_11 | INFO ] 🎉 Round 100 of 100 finished.
[ 2026-05-15 09:12:18 | node_11 | INFO ] 😋 Training finished!!
[ 2026-05-15 09:12:20 | node_1 | INFO ] 🎉 Round 100 of 100 finished.
[ 2026-05-15 09:12:20 | node_1 | INFO ] 😋 Training finished!!
[ 2026-05-15 09:12:23 | node_12 | INFO ] ⏹️  Gossiping exited for 10 equal rounds.
[ 2026-05-15 09:12:23 | node_12 | INFO ] 🔬 Evaluating...
[ 2026-05-15 09:12:23 | node_45 | INFO ] ⏹️  Gossiping exited for 10 equal rounds.
[ 2026-05-15 09:12:24 | node_12 | INFO ] 📈 Evaluated. Results: {'test_loss': 0.26561790704727173, 'test_acc': 0.9519650936126709, 'test_precision': 0.7412545680999756, 'test_recall': 0.7239099740982056, 'test_f1': 0.7319160103797913, 'communication_cost': 22580376}
[ 2026-05-15 09:12:24 | node_45 | INFO ] 🔬 Evaluating...
[ 2026-05-15 09:12:24 | node_12 | INFO ] 📢 Broadcasting metrics.
[ 2026-05-15 09:12:24 | node_45 | INFO ] 📈 Evaluated. Results: {'test_loss': 0.19818109273910522, 'test_acc': 0.9685039520263672, 'test_precision': 0.7278629541397095, 'test_recall': 0.7423906326293945, 'test_f1': 0.7330617904663086, 'communication_cost': 26343772}
[ 2026-05-15 09:12:24 | node_45 | INFO ] 📢 Broadcasting metrics.
[ 2026-05-15 09:12:26 | node_12 | INFO ] 🎉 Round 100 of 100 finished.
[ 2026-05-15 09:12:26 | node_12 | INFO ] 😋 Training finished!!
[ 2026-05-15 09:12:27 | node_45 | INFO ] 🎉 Round 100 of 100 finished.
[ 2026-05-15 09:12:27 | node_45 | INFO ] 😋 Training finished!!
[ 2026-05-15 09:12:33 | node_18 | INFO ] ⏹️  Gossiping exited for 10 equal rounds.
[ 2026-05-15 09:12:33 | node_18 | INFO ] 🔬 Evaluating...
[ 2026-05-15 09:12:34 | node_18 | INFO ] 📈 Evaluated. Results: {'test_loss': 0.18337607383728027, 'test_acc': 0.9790209531784058, 'test_precision': 0.8110909461975098, 'test_recall': 0.8014034032821655, 'test_f1': 0.8058595657348633, 'communication_cost': 33870564}
[ 2026-05-15 09:12:34 | node_18 | INFO ] 📢 Broadcasting metrics.
[ 2026-05-15 09:12:36 | node_18 | INFO ] 🎉 Round 100 of 100 finished.
[ 2026-05-15 09:12:36 | node_18 | INFO ] 😋 Training finished!!
[ 2026-05-15 09:12:37 | node_15 | INFO ] ⏹️  Gossiping exited for 10 equal rounds.
[ 2026-05-15 09:12:37 | node_15 | INFO ] 🔬 Evaluating...
[ 2026-05-15 09:12:38 | node_15 | INFO ] 📈 Evaluated. Results: {'test_loss': 0.21329563856124878, 'test_acc': 0.9691358208656311, 'test_precision': 0.8344033360481262, 'test_recall': 0.8463180661201477, 'test_f1': 0.8389029502868652, 'communication_cost': 30107168}
[ 2026-05-15 09:12:38 | node_15 | INFO ] 📢 Broadcasting metrics.
[ 2026-05-15 09:12:40 | node_15 | INFO ] 🎉 Round 100 of 100 finished.
[ 2026-05-15 09:12:40 | node_15 | INFO ] 😋 Training finished!!
[ 2026-05-15 09:12:43 | node_39 | INFO ] ⏹️  Gossiping exited for 10 equal rounds.
[ 2026-05-15 09:12:43 | node_39 | INFO ] 🔬 Evaluating...
[ 2026-05-15 09:12:44 | node_39 | INFO ] 📈 Evaluated. Results: {'test_loss': 0.1732727587223053, 'test_acc': 0.9886363744735718, 'test_precision': 0.6969696879386902, 'test_recall': 0.6906348466873169, 'test_f1': 0.6937631368637085, 'communication_cost': 30107168}
[ 2026-05-15 09:12:44 | node_39 | INFO ] 📢 Broadcasting metrics.
[ 2026-05-15 09:12:46 | node_39 | INFO ] 🎉 Round 100 of 100 finished.
[ 2026-05-15 09:12:46 | node_39 | INFO ] 😋 Training finished!!
