[ 2026-05-14 16:00:09 | node_11 | INFO ] 🧩 Model added for round 98 (7/8) from ['node_25']
[ 2026-05-14 16:00:09 | node_32 | INFO ] 🧩 Model added for round 98 (5/9) from ['node_4']
[ 2026-05-14 16:00:09 | node_33 | INFO ] 🧩 Model added for round 98 (6/10) from ['node_42']
[ 2026-05-14 16:00:09 | node_38 | INFO ] 🧩 Model added for round 98 (5/10) from ['node_19']
[ 2026-05-14 16:00:09 | node_9 | INFO ] 🎉 Round 98 of 100 finished.
[ 2026-05-14 16:00:09 | node_47 | INFO ] 🎉 Round 98 of 100 finished.
[ 2026-05-14 16:00:09 | node_6 | INFO ] 🧩 Model added for round 98 (8/8) from ['node_48']
[ 2026-05-14 16:00:09 | node_43 | INFO ] 🧩 Model added for round 98 (3/5) from ['node_45']
[ 2026-05-14 16:00:09 | node_38 | INFO ] 🧩 Model added for round 98 (6/10) from ['node_22']
[ 2026-05-14 16:00:10 | node | INFO ] 🗣️ Gossiping aggregated model.
[ 2026-05-14 16:00:10 | node_9 | INFO ] 🗳️ [DETERMINISTIC] Train set assigned (No Voting). Size: 50
[ 2026-05-14 16:00:10 | node_47 | INFO ] 🗳️ [DETERMINISTIC] Train set assigned (No Voting). Size: 50
[ 2026-05-14 16:00:10 | node_30 | INFO ] 🧩 Model added for round 98 (7/10) from ['node_23']
[ 2026-05-14 16:00:10 | node_41 | INFO ] 🧩 Model added for round 98 (6/8) from ['node_28']
[ 2026-05-14 16:00:10 | node_1 | INFO ] 🧩 Model added for round 98 (5/6) from ['node_27']
[ 2026-05-14 16:00:10 | node_9 | INFO ] ♻️ Proactively processing 9 early models for round 98.
[ 2026-05-14 16:00:10 | node_9 | INFO ] 🧩 Model added for round 98 (1/12) from ['node_15']
[ 2026-05-14 16:00:10 | node_9 | INFO ] 🧩 Model added for round 98 (2/12) from ['node_3']
[ 2026-05-14 16:00:10 | node_47 | INFO ] ♻️ Proactively processing 4 early models for round 98.
[ 2026-05-14 16:00:10 | node_9 | INFO ] 🧩 Model added for round 98 (3/12) from ['node_39']
[ 2026-05-14 16:00:10 | node_47 | INFO ] 🧩 Model added for round 98 (1/13) from ['node_21']
[ 2026-05-14 16:00:10 | node_47 | INFO ] 🧩 Model added for round 98 (2/13) from ['node_13']
[ 2026-05-14 16:00:10 | node_9 | INFO ] 🧩 Model added for round 98 (4/12) from ['node_40']
[ 2026-05-14 16:00:10 | node_49 | INFO ] 🧩 Model added for round 98 (5/11) from ['node_33']
[ 2026-05-14 16:00:10 | node_47 | INFO ] 🧩 Model added for round 98 (3/13) from ['node_41']
[ 2026-05-14 16:00:10 | node_9 | INFO ] 🧩 Model added for round 98 (5/12) from ['node_28']
[ 2026-05-14 16:00:10 | node_47 | INFO ] 🧩 Model added for round 98 (4/13) from ['node_33']
[ 2026-05-14 16:00:10 | node_9 | INFO ] 🧩 Model added for round 98 (6/12) from ['node_5']
[ 2026-05-14 16:00:10 | node_9 | INFO ] 🧩 Model added for round 98 (7/12) from ['node_34']
[ 2026-05-14 16:00:10 | node_9 | INFO ] 🧩 Model added for round 98 (8/12) from ['node_23']
[ 2026-05-14 16:00:10 | node_49 | INFO ] 🧩 Model added for round 98 (6/11) from ['node_30']
[ 2026-05-14 16:00:10 | node_38 | INFO ] 🧩 Model added for round 98 (7/10) from ['node_16']
[ 2026-05-14 16:00:10 | node_9 | INFO ] 🧩 Model added for round 98 (9/12) from ['node_25']
[ 2026-05-14 16:00:10 | node_7 | INFO ] 🧩 Model added for round 98 (9/10) from ['node_26']
[ 2026-05-14 16:00:10 | node_47 | INFO ] 🏋️‍♀️ Preparing training...
[ 2026-05-14 16:00:10 | node_47 | INFO ] 🧩 Model added for round 98 (5/13) from ['node_46']
[ 2026-05-14 16:00:11 | node_9 | INFO ] 🏋️‍♀️ Preparing training...
[ 2026-05-14 16:00:11 | node_47 | INFO ] 🧩 Model added for round 98 (6/13) from ['node_32']
[ 2026-05-14 16:00:11 | node_38 | INFO ] 🧩 Model added for round 98 (8/10) from ['node_5']
[ 2026-05-14 16:00:11 | node_21 | INFO ] 🧩 Model added for round 98 (7/9) from ['node_36']
[ 2026-05-14 16:00:11 | node_27 | INFO ] 🧩 Model added for round 98 (11/14) from ['node_44']
[ 2026-05-14 16:00:11 | node_46 | INFO ] 🧩 Model added for round 98 (6/9) from ['node_3']
[ 2026-05-14 16:00:11 | node_10 | INFO ] 🛠️ Calling force_add_local_model...
[ 2026-05-14 16:00:11 | node_32 | INFO ] 🧩 Model added for round 98 (6/9) from ['node_14']
[ 2026-05-14 16:00:11 | node_10 | INFO ] ✅ [FORCE] Local model added for round 98. (11/12)
[ 2026-05-14 16:00:11 | node_10 | INFO ] 📤 Sending model to 11 direct neighbors: ['node_1', 'node_4', 'node_13', 'node_15', 'node_21', 'node_25', 'node_27', 'node_31', 'node_32', 'node_35', 'node_39']
[ 2026-05-14 16:00:12 | node_9 | INFO ] 🧩 Model added for round 98 (10/12) from ['node_27']
[ 2026-05-14 16:00:12 | node_36 | INFO ] 🧩 Model added for round 98 (12/13) from ['node_18']
[ 2026-05-14 16:00:12 | node_33 | INFO ] 🧩 Model added for round 98 (7/10) from ['node_4']
[ 2026-05-14 16:00:12 | node_40 | INFO ] 🧩 Model added for round 98 (4/9) from ['node_25']
[ 2026-05-14 16:00:12 | node_30 | INFO ] 🧩 Model added for round 98 (8/10) from ['node_24']
[ 2026-05-14 16:00:12 | node_47 | INFO ] 🧩 Model added for round 98 (7/13) from ['node_22']
[ 2026-05-14 16:00:12 | node_24 | INFO ] 🧩 Model added for round 98 (10/10) from ['node_49']
[ 2026-05-14 16:00:12 | node_47 | INFO ] 🎓 Training step done.
[ 2026-05-14 16:00:12 | node_49 | INFO ] 🧩 Model added for round 98 (7/11) from ['node_19']
[ 2026-05-14 16:00:12 | node_48 | INFO ] 🧩 Model added for round 98 (5/9) from ['node_45']
[ 2026-05-14 16:00:12 | node_7 | INFO ] 🧩 Model added for round 98 (10/10) from ['node_48']
[ 2026-05-14 16:00:12 | node_37 | INFO ] 🧩 Model added for round 98 (6/6) from ['node_42']
[ 2026-05-14 16:00:12 | node_49 | INFO ] 🧩 Model added for round 98 (8/11) from ['node_28']
[ 2026-05-14 16:00:12 | node_44 | INFO ] 🧩 Model added for round 98 (6/7) from ['node_34']
[ 2026-05-14 16:00:12 | node_9 | INFO ] 🎓 Training step done.
[ 2026-05-14 16:00:12 | node_39 | INFO ] 🧩 Model added for round 98 (4/7) from ['node_40']
[ 2026-05-14 16:00:12 | node_1 | INFO ] 🧩 Model added for round 98 (6/6) from ['node_10']
[ 2026-05-14 16:00:12 | ModelPackager | INFO ] Round 98: Consensus detected (dist: 0.000002). Patience: 4/5
[ 2026-05-14 16:00:12 | ModelPackager | INFO ] Round 98: Consensus detected (dist: 0.000002). Patience: 4/5
[ 2026-05-14 16:00:12 | ModelPackager | INFO ] Round 98: Consensus detected (dist: 0.000002). Patience: 4/5
[ 2026-05-14 16:00:12 | node_37 | INFO ] 🧠 Aggregation complete. Setting new model.
[ 2026-05-14 16:00:12 | node_6 | INFO ] 🧠 Aggregation complete. Setting new model.
[ 2026-05-14 16:00:12 | node_8 | INFO ] 🧠 Aggregation complete. Setting new model.
[ 2026-05-14 16:00:13 | ModelPackager | INFO ] Round 98: Consensus detected (dist: 0.000002). Patience: 4/5
[ 2026-05-14 16:00:13 | ModelPackager | INFO ] Round 98: Consensus detected (dist: 0.000003). Patience: 4/5
[ 2026-05-14 16:00:13 | node_7 | INFO ] 🧠 Aggregation complete. Setting new model.
[ 2026-05-14 16:00:13 | node_1 | INFO ] 🧠 Aggregation complete. Setting new model.
[ 2026-05-14 16:00:13 | node_40 | INFO ] 🧩 Model added for round 98 (5/9) from ['node_16']
[ 2026-05-14 16:00:13 | node_45 | INFO ] 🧩 Model added for round 98 (7/11) from ['node_5']
[ 2026-05-14 16:00:14 | node_37 | INFO ] 🗣️ Gossiping aggregated model.
[ 2026-05-14 16:00:14 | node_26 | INFO ] 🧩 Model added for round 98 (7/7) from ['node_36']
[ 2026-05-14 16:00:14 | node_32 | INFO ] 🧩 Model added for round 98 (7/9) from ['node_26']
[ 2026-05-14 16:00:14 | node_47 | INFO ] 🧩 Model added for round 98 (8/13) from ['node_3']
[ 2026-05-14 16:00:14 | node_48 | INFO ] 🧩 Model added for round 98 (6/9) from ['node_34']
[ 2026-05-14 16:00:14 | node_4 | INFO ] 🧩 Model added for round 98 (16/16) from ['node_10']
[ 2026-05-14 16:00:14 | node_46 | INFO ] 🧩 Model added for round 98 (7/9) from ['node_40']
[ 2026-05-14 16:00:14 | node_43 | INFO ] 🧩 Model added for round 98 (4/5) from ['node_25']
[ 2026-05-14 16:00:14 | node_49 | INFO ] 🧩 Model added for round 98 (9/11) from ['node_45']
[ 2026-05-14 16:00:14 | node_6 | INFO ] 🗣️ Gossiping aggregated model.
[ 2026-05-14 16:00:14 | node_1 | INFO ] 🗣️ Gossiping aggregated model.
[ 2026-05-14 16:00:14 | node_28 | INFO ] 🧩 Model added for round 98 (8/9) from ['node_49']
[ 2026-05-14 16:00:14 | node_34 | INFO ] 🧩 Model added for round 98 (4/9) from ['node_24']
[ 2026-05-14 16:00:14 | node_8 | INFO ] 🗣️ Gossiping aggregated model.
[ 2026-05-14 16:00:14 | node_34 | INFO ] 🧩 Model added for round 98 (5/9) from ['node_4']
[ 2026-05-14 16:00:15 | ModelPackager | INFO ] Round 98: Consensus detected (dist: 0.000003). Patience: 4/5
[ 2026-05-14 16:00:15 | node_20 | INFO ] 🧩 Model added for round 98 (5/6) from ['node_48']
[ 2026-05-14 16:00:15 | node_33 | INFO ] 🧩 Model added for round 98 (8/10) from ['node_44']
[ 2026-05-14 16:00:15 | node_14 | INFO ] 🧠 Aggregation complete. Setting new model.
[ 2026-05-14 16:00:15 | node_10 | INFO ] 🧩 Model added for round 98 (12/12) from ['node_27']
[ 2026-05-14 16:00:15 | ModelPackager | INFO ] Round 98: Consensus detected (dist: 0.000007). Patience: 4/5
[ 2026-05-14 16:00:15 | node_7 | INFO ] 🗣️ Gossiping aggregated model.
[ 2026-05-14 16:00:16 | node_19 | INFO ] 🧠 Aggregation complete. Setting new model.
[ 2026-05-14 16:00:16 | node_14 | INFO ] 🗣️ Gossiping aggregated model.
[ 2026-05-14 16:00:16 | node_47 | INFO ] 🧩 Model added for round 98 (9/13) from ['node_25']
[ 2026-05-14 16:00:16 | node_35 | INFO ] 🧩 Model added for round 98 (9/10) from ['node_36']
[ 2026-05-14 16:00:16 | node_45 | INFO ] 🧩 Model added for round 98 (8/11) from ['node_18']
[ 2026-05-14 16:00:16 | node_17 | INFO ] 🤫 Gossip finished.
[ 2026-05-14 16:00:16 | node_17 | INFO ] 🔬 Evaluating...
[ 2026-05-14 16:00:17 | node_27 | INFO ] 🧩 Model added for round 98 (12/14) from ['node_48']
[ 2026-05-14 16:00:17 | node_19 | INFO ] 🗣️ Gossiping aggregated model.
[ 2026-05-14 16:00:17 | node_36 | INFO ] 🧩 Model added for round 98 (13/13) from ['node_26']
[ 2026-05-14 16:00:17 | node_40 | INFO ] 🧩 Model added for round 98 (6/9) from ['node_4']
[ 2026-05-14 16:00:17 | node_47 | INFO ] 🛠️ Calling force_add_local_model...
[ 2026-05-14 16:00:17 | node_17 | INFO ] 📈 Evaluated. Results: {'test_loss': 6.534980773925781, 'test_acc': 0.18027210235595703, 'test_precision': 0.1845489889383316, 'test_recall': 0.07311774790287018, 'test_f1': 0.08080381155014038, 'communication_cost': 3763396}
[ 2026-05-14 16:00:17 | node_30 | INFO ] 🧩 Model added for round 98 (9/10) from ['node_49']
[ 2026-05-14 16:00:17 | node_47 | INFO ] ✅ [FORCE] Local model added for round 98. (10/13)
[ 2026-05-14 16:00:17 | node_47 | INFO ] 📤 Sending model to 12 direct neighbors: ['node_3', 'node_9', 'node_13', 'node_21', 'node_22', 'node_25', 'node_32', 'node_33', 'node_41', 'node_46', 'node_48', 'node_49']
[ 2026-05-14 16:00:17 | node_34 | INFO ] 🧩 Model added for round 98 (6/9) from ['node_44']
[ 2026-05-14 16:00:17 | node_38 | INFO ] 🧩 Model added for round 98 (9/10) from ['node_24']
[ 2026-05-14 16:00:17 | node_9 | INFO ] 🛠️ Calling force_add_local_model...
[ 2026-05-14 16:00:17 | node_17 | INFO ] 📢 Broadcasting metrics.
[ 2026-05-14 16:00:17 | node_13 | INFO ] 🧩 Model added for round 98 (8/9) from ['node_10']
[ 2026-05-14 16:00:17 | node_9 | INFO ] ✅ [FORCE] Local model added for round 98. (11/12)
[ 2026-05-14 16:00:17 | node_9 | INFO ] 📤 Sending model to 11 direct neighbors: ['node_3', 'node_5', 'node_15', 'node_23', 'node_25', 'node_27', 'node_28', 'node_34', 'node_39', 'node_40', 'node_47']
[ 2026-05-14 16:00:18 | node_11 | INFO ] 🧩 Model added for round 98 (8/8) from ['node_27']
[ 2026-05-14 16:00:18 | node_17 | INFO ] 🎉 Round 99 of 100 finished.
[ 2026-05-14 16:00:18 | node_17 | INFO ] 🗳️ [DETERMINISTIC] Train set assigned (No Voting). Size: 50
[ 2026-05-14 16:00:18 | node_3 | INFO ] 🧩 Model added for round 98 (10/11) from ['node_47']
[ 2026-05-14 16:00:18 | node_40 | INFO ] 🧩 Model added for round 98 (7/9) from ['node_36']
[ 2026-05-14 16:00:18 | node_17 | INFO ] 🏋️‍♀️ Preparing training...
[ 2026-05-14 16:00:18 | node_3 | INFO ] 🧩 Model added for round 98 (11/11) from ['node_9']
[ 2026-05-14 16:00:18 | node_42 | INFO ] 🧩 Model added for round 98 (5/5) from ['node_4']
[ 2026-05-14 16:00:19 | node_15 | INFO ] 🧩 Model added for round 98 (6/7) from ['node_10']
[ 2026-05-14 16:00:19 | node_40 | INFO ] 🧩 Model added for round 98 (8/9) from ['node_24']
[ 2026-05-14 16:00:19 | node_34 | INFO ] 🧩 Model added for round 98 (7/9) from ['node_48']
[ 2026-05-14 16:00:19 | node_39 | INFO ] 🧩 Model added for round 98 (5/7) from ['node_44']
[ 2026-05-14 16:00:19 | node_38 | INFO ] 🧩 Model added for round 98 (10/10) from ['node_26']
[ 2026-05-14 16:00:19 | node_31 | INFO ] 🧩 Model added for round 98 (7/8) from ['node_49']
[ 2026-05-14 16:00:19 | node_12 | INFO ] 🧩 Model added for round 98 (7/7) from ['node_27']
[ 2026-05-14 16:00:19 | node_41 | INFO ] 🧩 Model added for round 98 (7/8) from ['node_36']
[ 2026-05-14 16:00:19 | node_17 | INFO ] 🎓 Training step done.
[ 2026-05-14 16:00:20 | ModelPackager | INFO ] Round 98: Consensus detected (dist: 0.000001). Patience: 4/5
[ 2026-05-14 16:00:20 | ModelPackager | INFO ] Round 98: Consensus detected (dist: 0.000002). Patience: 4/5
[ 2026-05-14 16:00:20 | ModelPackager | INFO ] Round 98: Consensus detected (dist: 0.000004). Patience: 4/5
[ 2026-05-14 16:00:20 | node_43 | INFO ] 🧩 Model added for round 98 (5/5) from ['node_4']
[ 2026-05-14 16:00:20 | ModelPackager | INFO ] Round 98: Consensus detected (dist: 0.000005). Patience: 4/5
[ 2026-05-14 16:00:20 | node_9 | INFO ] 🧩 Model added for round 98 (12/12) from ['node_47']
[ 2026-05-14 16:00:20 | ModelPackager | INFO ] Round 98: Consensus detected (dist: 0.000003). Patience: 4/5
[ 2026-05-14 16:00:20 | node_42 | INFO ] 🧠 Aggregation complete. Setting new model.
[ 2026-05-14 16:00:20 | node_12 | INFO ] 🧠 Aggregation complete. Setting new model.
[ 2026-05-14 16:00:20 | node_3 | INFO ] 🧠 Aggregation complete. Setting new model.
[ 2026-05-14 16:00:20 | node_11 | INFO ] 🧠 Aggregation complete. Setting new model.
[ 2026-05-14 16:00:21 | node_38 | INFO ] 🧠 Aggregation complete. Setting new model.
[ 2026-05-14 16:00:21 | node_42 | INFO ] 🗣️ Gossiping aggregated model.
[ 2026-05-14 16:00:21 | node_12 | INFO ] 🗣️ Gossiping aggregated model.
[ 2026-05-14 16:00:22 | node_5 | INFO ] 🧩 Model added for round 98 (9/9) from ['node_9']
[ 2026-05-14 16:00:22 | node_21 | INFO ] 🧩 Model added for round 98 (8/9) from ['node_10']
[ 2026-05-14 16:00:22 | node_33 | INFO ] 🧩 Model added for round 98 (9/10) from ['node_49']
[ 2026-05-14 16:00:22 | node_45 | INFO ] 🧩 Model added for round 98 (9/11) from ['node_4']
[ 2026-05-14 16:00:22 | node_16 | INFO ] 🧩 Model added for round 98 (11/11) from ['node_27']
[ 2026-05-14 16:00:22 | node_11 | INFO ] 🗣️ Gossiping aggregated model.
[ 2026-05-14 16:00:23 | node_46 | INFO ] 🧩 Model added for round 98 (8/9) from ['node_24']
[ 2026-05-14 16:00:23 | node_45 | INFO ] 🧩 Model added for round 98 (10/11) from ['node_48']
[ 2026-05-14 16:00:23 | node_38 | INFO ] 🗣️ Gossiping aggregated model.
[ 2026-05-14 16:00:23 | ModelPackager | INFO ] Round 98: Consensus detected (dist: 0.000001). Patience: 4/5
[ 2026-05-14 16:00:23 | node_43 | INFO ] 🧠 Aggregation complete. Setting new model.
[ 2026-05-14 16:00:23 | node_3 | INFO ] 🗣️ Gossiping aggregated model.
[ 2026-05-14 16:00:23 | node_13 | INFO ] 🧩 Model added for round 98 (9/9) from ['node_47']
[ 2026-05-14 16:00:23 | ModelPackager | INFO ] Round 98: Consensus detected (dist: 0.000002). Patience: 4/5
[ 2026-05-14 16:00:23 | ModelPackager | INFO ] Round 98: Consensus detected (dist: 0.000002). Patience: 4/5
[ 2026-05-14 16:00:23 | ModelPackager | INFO ] Round 98: Consensus detected (dist: 0.000004). Patience: 4/5
[ 2026-05-14 16:00:23 | ModelPackager | INFO ] Round 98: Consensus detected (dist: 0.000004). Patience: 4/5
[ 2026-05-14 16:00:24 | node_26 | INFO ] 🧠 Aggregation complete. Setting new model.
[ 2026-05-14 16:00:24 | node_43 | INFO ] 🗣️ Gossiping aggregated model.
[ 2026-05-14 16:00:24 | node_5 | INFO ] 🧠 Aggregation complete. Setting new model.
[ 2026-05-14 16:00:24 | node_36 | INFO ] 🧠 Aggregation complete. Setting new model.
[ 2026-05-14 16:00:24 | node_16 | INFO ] 🧠 Aggregation complete. Setting new model.
[ 2026-05-14 16:00:24 | node_25 | INFO ] 🧩 Model added for round 98 (9/11) from ['node_10']
[ 2026-05-14 16:00:24 | node_15 | INFO ] 🧩 Model added for round 98 (7/7) from ['node_9']
[ 2026-05-14 16:00:24 | node_45 | INFO ] 🧩 Model added for round 98 (11/11) from ['node_49']
[ 2026-05-14 16:00:24 | node_26 | INFO ] 🗣️ Gossiping aggregated model.
[ 2026-05-14 16:00:24 | node_18 | INFO ] 🧩 Model added for round 98 (10/10) from ['node_27']
[ 2026-05-14 16:00:25 | node_17 | INFO ] 🛠️ Calling force_add_local_model...
[ 2026-05-14 16:00:25 | node_48 | INFO ] 🧩 Model added for round 98 (7/9) from ['node_4']
[ 2026-05-14 16:00:25 | node_17 | INFO ] ✅ [FORCE] Local model added for round 99. (1/2)
[ 2026-05-14 16:00:25 | node_17 | INFO ] 📤 Sending model to 1 direct neighbors: ['node_19']
[ 2026-05-14 16:00:25 | node_49 | INFO ] 🧩 Model added for round 98 (10/11) from ['node_24']
[ 2026-05-14 16:00:25 | node_47 | INFO ] 🧩 Model added for round 98 (11/13) from ['node_48']
[ 2026-05-14 16:00:25 | node_5 | INFO ] 🗣️ Gossiping aggregated model.
[ 2026-05-14 16:00:25 | node_36 | INFO ] 🗣️ Gossiping aggregated model.
[ 2026-05-14 16:00:25 | node_16 | INFO ] 🗣️ Gossiping aggregated model.
[ 2026-05-14 16:00:25 | node_21 | INFO ] 🧩 Model added for round 98 (9/9) from ['node_47']
[ 2026-05-14 16:00:26 | node_23 | INFO ] 🧩 Model added for round 98 (9/9) from ['node_9']
[ 2026-05-14 16:00:27 | node_27 | INFO ] 🧩 Model added for round 98 (13/14) from ['node_10']
[ 2026-05-14 16:00:27 | node_47 | INFO ] 🧩 Model added for round 98 (12/13) from ['node_49']
[ 2026-05-14 16:00:28 | node_20 | INFO ] 🧩 Model added for round 98 (6/6) from ['node_27']
[ 2026-05-14 16:00:28 | node_22 | INFO ] 🧩 Model added for round 98 (10/10) from ['node_47']
[ 2026-05-14 16:00:29 | node_25 | INFO ] 🧩 Model added for round 98 (10/11) from ['node_9']
[ 2026-05-14 16:00:29 | node_29 | INFO ] 🧩 Model added for round 98 (5/5) from ['node_27']
[ 2026-05-14 16:00:30 | node_31 | INFO ] 🧩 Model added for round 98 (8/8) from ['node_10']
[ 2026-05-14 16:00:30 | ModelPackager | INFO ] Round 98: Consensus detected (dist: 0.000002). Patience: 4/5
[ 2026-05-14 16:00:30 | node_25 | INFO ] 🧩 Model added for round 98 (11/11) from ['node_47']
[ 2026-05-14 16:00:30 | ModelPackager | INFO ] Round 98: Consensus detected (dist: 0.000003). Patience: 4/5
[ 2026-05-14 16:00:30 | ModelPackager | INFO ] Round 98: Consensus detected (dist: 0.000002). Patience: 4/5
[ 2026-05-14 16:00:30 | ModelPackager | INFO ] Round 98: Consensus detected (dist: 0.000003). Patience: 4/5
[ 2026-05-14 16:00:30 | ModelPackager | INFO ] Round 98: Consensus detected (dist: 0.000002). Patience: 4/5
[ 2026-05-14 16:00:30 | ModelPackager | INFO ] Round 98: Consensus detected (dist: 0.000002). Patience: 4/5
[ 2026-05-14 16:00:30 | ModelPackager | INFO ] Round 98: Consensus detected (dist: 0.000002). Patience: 4/5
[ 2026-05-14 16:00:30 | ModelPackager | INFO ] Round 98: Consensus detected (dist: 0.000002). Patience: 4/5
[ 2026-05-14 16:00:30 | ModelPackager | INFO ] Round 98: Consensus detected (dist: 0.000001). Patience: 4/5
[ 2026-05-14 16:00:30 | ModelPackager | INFO ] Round 98: Consensus detected (dist: 0.000004). Patience: 4/5
[ 2026-05-14 16:00:30 | ModelPackager | INFO ] Round 98: Consensus detected (dist: 0.000003). Patience: 4/5
[ 2026-05-14 16:00:30 | node_13 | INFO ] 🧠 Aggregation complete. Setting new model.
[ 2026-05-14 16:00:30 | node_20 | INFO ] 🧠 Aggregation complete. Setting new model.
[ 2026-05-14 16:00:30 | node_15 | INFO ] 🧠 Aggregation complete. Setting new model.
[ 2026-05-14 16:00:30 | node_29 | INFO ] 🧠 Aggregation complete. Setting new model.
[ 2026-05-14 16:00:30 | node_24 | INFO ] 🧠 Aggregation complete. Setting new model.
[ 2026-05-14 16:00:31 | node_21 | INFO ] 🧠 Aggregation complete. Setting new model.
[ 2026-05-14 16:00:31 | node_45 | INFO ] 🧠 Aggregation complete. Setting new model.
[ 2026-05-14 16:00:31 | node_22 | INFO ] 🧠 Aggregation complete. Setting new model.
[ 2026-05-14 16:00:31 | node_4 | INFO ] 🧠 Aggregation complete. Setting new model.
[ 2026-05-14 16:00:31 | node_29 | INFO ] 🗣️ Gossiping aggregated model.
[ 2026-05-14 16:00:31 | node_23 | INFO ] 🧠 Aggregation complete. Setting new model.
[ 2026-05-14 16:00:31 | node_18 | INFO ] 🧠 Aggregation complete. Setting new model.
[ 2026-05-14 16:00:31 | node_30 | INFO ] 🧩 Model added for round 98 (10/10) from ['node_27']
[ 2026-05-14 16:00:31 | node_15 | INFO ] 🗣️ Gossiping aggregated model.
[ 2026-05-14 16:00:31 | node_13 | INFO ] 🗣️ Gossiping aggregated model.
[ 2026-05-14 16:00:31 | node_20 | INFO ] 🗣️ Gossiping aggregated model.
[ 2026-05-14 16:00:32 | node_27 | INFO ] 🧩 Model added for round 98 (14/14) from ['node_9']
[ 2026-05-14 16:00:32 | node_24 | INFO ] 🗣️ Gossiping aggregated model.
[ 2026-05-14 16:00:32 | node_21 | INFO ] 🗣️ Gossiping aggregated model.
[ 2026-05-14 16:00:32 | node_45 | INFO ] 🗣️ Gossiping aggregated model.
[ 2026-05-14 16:00:32 | node_23 | INFO ] 🗣️ Gossiping aggregated model.
[ 2026-05-14 16:00:32 | node_18 | INFO ] 🗣️ Gossiping aggregated model.
[ 2026-05-14 16:00:32 | node_22 | INFO ] 🗣️ Gossiping aggregated model.
[ 2026-05-14 16:00:33 | node_32 | INFO ] 🧩 Model added for round 98 (8/9) from ['node_10']
[ 2026-05-14 16:00:33 | node_32 | INFO ] 🧩 Model added for round 98 (9/9) from ['node_47']
[ 2026-05-14 16:00:33 | node_4 | INFO ] 🗣️ Gossiping aggregated model.
[ 2026-05-14 16:00:34 | node_34 | INFO ] 🧩 Model added for round 98 (8/9) from ['node_27']
[ 2026-05-14 16:00:34 | node_28 | INFO ] 🧩 Model added for round 98 (9/9) from ['node_9']
[ 2026-05-14 16:00:34 | node_33 | INFO ] 🧩 Model added for round 98 (10/10) from ['node_47']
[ 2026-05-14 16:00:34 | ModelPackager | INFO ] Round 98: Consensus detected (dist: 0.000004). Patience: 4/5
[ 2026-05-14 16:00:35 | node_31 | INFO ] 🧠 Aggregation complete. Setting new model.
[ 2026-05-14 16:00:35 | node_35 | INFO ] 🧩 Model added for round 98 (10/10) from ['node_10']
[ 2026-05-14 16:00:35 | node_44 | INFO ] 🧩 Model added for round 98 (7/7) from ['node_27']
[ 2026-05-14 16:00:36 | node_31 | INFO ] 🗣️ Gossiping aggregated model.
[ 2026-05-14 16:00:36 | node_34 | INFO ] 🧩 Model added for round 98 (9/9) from ['node_9']
[ 2026-05-14 16:00:37 | node_41 | INFO ] 🧩 Model added for round 98 (8/8) from ['node_47']
[ 2026-05-14 16:00:37 | ModelPackager | INFO ] Round 98: Consensus detected (dist: 0.000006). Patience: 4/5
[ 2026-05-14 16:00:38 | node_30 | INFO ] 🧠 Aggregation complete. Setting new model.
[ 2026-05-14 16:00:38 | node_48 | INFO ] 🧩 Model added for round 98 (8/9) from ['node_27']
[ 2026-05-14 16:00:38 | ModelPackager | INFO ] Round 98: Consensus detected (dist: 0.000003). Patience: 4/5
[ 2026-05-14 16:00:38 | node_32 | INFO ] 🧠 Aggregation complete. Setting new model.
[ 2026-05-14 16:00:38 | ModelPackager | INFO ] Round 98: Consensus detected (dist: 0.000002). Patience: 4/5
[ 2026-05-14 16:00:38 | node_39 | INFO ] 🧩 Model added for round 98 (6/7) from ['node_10']
[ 2026-05-14 16:00:38 | node_25 | INFO ] 🧠 Aggregation complete. Setting new model.
[ 2026-05-14 16:00:39 | node_14 | INFO ] 🤫 Gossip finished.
[ 2026-05-14 16:00:39 | node_14 | INFO ] 🔬 Evaluating...
[ 2026-05-14 16:00:39 | node_39 | INFO ] 🧩 Model added for round 98 (7/7) from ['node_9']
[ 2026-05-14 16:00:39 | node_46 | INFO ] 🧩 Model added for round 98 (9/9) from ['node_47']
[ 2026-05-14 16:00:39 | node_30 | INFO ] 🗣️ Gossiping aggregated model.
[ 2026-05-14 16:00:39 | node_26 | INFO ] 🤫 Gossip finished.
[ 2026-05-14 16:00:39 | node_32 | INFO ] 🗣️ Gossiping aggregated model.
[ 2026-05-14 16:00:39 | node_26 | INFO ] 🔬 Evaluating...
[ 2026-05-14 16:00:39 | node_14 | INFO ] 📈 Evaluated. Results: {'test_loss': 6.286205768585205, 'test_acc': 0.0, 'test_precision': 0.0, 'test_recall': 0.0, 'test_f1': 0.0, 'communication_cost': 22580376}
[ 2026-05-14 16:00:40 | node_2 | INFO ] ⏹️  Gossiping exited for 10 equal rounds.
[ 2026-05-14 16:00:40 | node_2 | INFO ] 🔬 Evaluating...
[ 2026-05-14 16:00:40 | node_26 | INFO ] 📈 Evaluated. Results: {'test_loss': 7.908860683441162, 'test_acc': 0.4000000059604645, 'test_precision': 0.375, 'test_recall': 0.5, 'test_f1': 0.4166666865348816, 'communication_cost': 22580376}
[ 2026-05-14 16:00:40 | node_14 | INFO ] 📢 Broadcasting metrics.
[ 2026-05-14 16:00:40 | node_25 | INFO ] 🗣️ Gossiping aggregated model.
[ 2026-05-14 16:00:40 | node_37 | INFO ] 🤫 Gossip finished.
[ 2026-05-14 16:00:40 | ModelPackager | INFO ] Round 98: Consensus detected (dist: 0.000002). Patience: 4/5
[ 2026-05-14 16:00:40 | node_37 | INFO ] 🔬 Evaluating...
[ 2026-05-14 16:00:40 | node_26 | INFO ] 📢 Broadcasting metrics.
[ 2026-05-14 16:00:41 | node_2 | INFO ] 📈 Evaluated. Results: {'test_loss': 10.197319984436035, 'test_acc': 0.1666666716337204, 'test_precision': 0.0317460335791111, 'test_recall': 0.0555555559694767, 'test_f1': 0.04040404036641121, 'communication_cost': 30107168}
[ 2026-05-14 16:00:41 | node_28 | INFO ] 🧠 Aggregation complete. Setting new model.
[ 2026-05-14 16:00:41 | node_40 | INFO ] 🧩 Model added for round 98 (9/9) from ['node_9']
[ 2026-05-14 16:00:41 | node_37 | INFO ] 📈 Evaluated. Results: {'test_loss': 3.878289222717285, 'test_acc': 0.6084142327308655, 'test_precision': 0.1385500133037567, 'test_recall': 0.13183850049972534, 'test_f1': 0.12561874091625214, 'communication_cost': 18816980}
[ 2026-05-14 16:00:41 | node_43 | INFO ] 🤫 Gossip finished.
[ 2026-05-14 16:00:41 | node_48 | INFO ] 🧩 Model added for round 98 (9/9) from ['node_47']
[ 2026-05-14 16:00:41 | node_2 | INFO ] 📢 Broadcasting metrics.
[ 2026-05-14 16:00:41 | node_43 | INFO ] 🔬 Evaluating...
[ 2026-05-14 16:00:41 | ModelPackager | INFO ] Round 98: Consensus detected (dist: 0.000001). Patience: 4/5
[ 2026-05-14 16:00:41 | node_37 | INFO ] 📢 Broadcasting metrics.
[ 2026-05-14 16:00:42 | node_44 | INFO ] 🧠 Aggregation complete. Setting new model.
[ 2026-05-14 16:00:42 | node_28 | INFO ] 🗣️ Gossiping aggregated model.
[ 2026-05-14 16:00:42 | node_43 | INFO ] 📈 Evaluated. Results: {'test_loss': 6.5423665046691895, 'test_acc': 0.11538461595773697, 'test_precision': 0.15555556118488312, 'test_recall': 0.23076923191547394, 'test_f1': 0.08994708955287933, 'communication_cost': 15053584}
[ 2026-05-14 16:00:43 | node | INFO ] ⏹️  Gossiping exited for 10 equal rounds.
[ 2026-05-14 16:00:43 | node | INFO ] 🔬 Evaluating...
[ 2026-05-14 16:00:43 | node_43 | INFO ] 📢 Broadcasting metrics.
[ 2026-05-14 16:00:43 | ModelPackager | INFO ] Round 98: Consensus detected (dist: 0.000004). Patience: 4/5
[ 2026-05-14 16:00:43 | node_47 | INFO ] 🧩 Model added for round 98 (13/13) from ['node_9']
[ 2026-05-14 16:00:43 | ModelPackager | INFO ] Round 98: Consensus detected (dist: 0.000001). Patience: 4/5
[ 2026-05-14 16:00:43 | ModelPackager | INFO ] Round 98: Consensus detected (dist: 0.000002). Patience: 4/5
[ 2026-05-14 16:00:43 | ModelPackager | INFO ] Round 98: Consensus detected (dist: 0.000002). Patience: 4/5
[ 2026-05-14 16:00:43 | ModelPackager | INFO ] Round 98: Consensus detected (dist: 0.000002). Patience: 4/5
[ 2026-05-14 16:00:44 | ModelPackager | INFO ] Round 98: Consensus detected (dist: 0.000001). Patience: 4/5
[ 2026-05-14 16:00:44 | ModelPackager | INFO ] Round 98: Consensus detected (dist: 0.000002). Patience: 4/5
[ 2026-05-14 16:00:44 | ModelPackager | INFO ] Round 98: Consensus detected (dist: 0.000002). Patience: 4/5
[ 2026-05-14 16:00:44 | ModelPackager | INFO ] Round 98: Consensus detected (dist: 0.000002). Patience: 4/5
[ 2026-05-14 16:00:44 | ModelPackager | INFO ] Round 98: Consensus detected (dist: 0.000001). Patience: 4/5
[ 2026-05-14 16:00:44 | node_41 | INFO ] 🧠 Aggregation complete. Setting new model.
[ 2026-05-14 16:00:44 | node_39 | INFO ] 🧠 Aggregation complete. Setting new model.
[ 2026-05-14 16:00:44 | node_35 | INFO ] 🧠 Aggregation complete. Setting new model.
[ 2026-05-14 16:00:44 | node_33 | INFO ] 🧠 Aggregation complete. Setting new model.
[ 2026-05-14 16:00:44 | node_34 | INFO ] 🧠 Aggregation complete. Setting new model.
[ 2026-05-14 16:00:44 | node | INFO ] 📈 Evaluated. Results: {'test_loss': 11.158533096313477, 'test_acc': 0.0, 'test_precision': 0.0, 'test_recall': 0.0, 'test_f1': 0.0, 'communication_cost': 26343772}
[ 2026-05-14 16:00:44 | node_44 | INFO ] 🗣️ Gossiping aggregated model.
[ 2026-05-14 16:00:44 | node_40 | INFO ] 🧠 Aggregation complete. Setting new model.
[ 2026-05-14 16:00:44 | node_48 | INFO ] 🧠 Aggregation complete. Setting new model.
[ 2026-05-14 16:00:44 | node_27 | INFO ] 🧠 Aggregation complete. Setting new model.
[ 2026-05-14 16:00:44 | node_46 | INFO ] 🧠 Aggregation complete. Setting new model.
[ 2026-05-14 16:00:44 | node_8 | INFO ] 🤫 Gossip finished.
[ 2026-05-14 16:00:44 | node_10 | INFO ] 🧠 Aggregation complete. Setting new model.
[ 2026-05-14 16:00:44 | node_8 | INFO ] 🔬 Evaluating...
[ 2026-05-14 16:00:44 | node_39 | INFO ] 🗣️ Gossiping aggregated model.
[ 2026-05-14 16:00:44 | node_49 | INFO ] 🧩 Model added for round 98 (11/11) from ['node_47']
[ 2026-05-14 16:00:44 | node | INFO ] 📢 Broadcasting metrics.
[ 2026-05-14 16:00:44 | node_41 | INFO ] 🗣️ Gossiping aggregated model.
[ 2026-05-14 16:00:44 | node_34 | INFO ] 🗣️ Gossiping aggregated model.
[ 2026-05-14 16:00:45 | node_8 | INFO ] 📈 Evaluated. Results: {'test_loss': 4.8917460441589355, 'test_acc': 0.5419847369194031, 'test_precision': 0.1598341315984726, 'test_recall': 0.1135014221072197, 'test_f1': 0.13118460774421692, 'communication_cost': 30107168}
[ 2026-05-14 16:00:45 | node_42 | INFO ] 🤫 Gossip finished.
[ 2026-05-14 16:00:45 | node_1 | INFO ] 🤫 Gossip finished.
[ 2026-05-14 16:00:45 | node_42 | INFO ] 🔬 Evaluating...
[ 2026-05-14 16:00:45 | node_1 | INFO ] 🔬 Evaluating...
[ 2026-05-14 16:00:45 | node_46 | INFO ] 🗣️ Gossiping aggregated model.
[ 2026-05-14 16:00:45 | node_14 | INFO ] 🎉 Round 99 of 100 finished.
[ 2026-05-14 16:00:45 | node_14 | INFO ] 🗳️ [DETERMINISTIC] Train set assigned (No Voting). Size: 50
[ 2026-05-14 16:00:45 | node_33 | INFO ] 🗣️ Gossiping aggregated model.
[ 2026-05-14 16:00:45 | node_37 | INFO ] 🎉 Round 99 of 100 finished.
[ 2026-05-14 16:00:45 | node_43 | INFO ] 🎉 Round 99 of 100 finished.
[ 2026-05-14 16:00:45 | node_37 | INFO ] 🗳️ [DETERMINISTIC] Train set assigned (No Voting). Size: 50
[ 2026-05-14 16:00:45 | node_35 | INFO ] 🗣️ Gossiping aggregated model.
[ 2026-05-14 16:00:45 | node_26 | INFO ] 🎉 Round 99 of 100 finished.
[ 2026-05-14 16:00:45 | node_14 | INFO ] 🏋️‍♀️ Preparing training...
[ 2026-05-14 16:00:45 | node_48 | INFO ] 🗣️ Gossiping aggregated model.
[ 2026-05-14 16:00:45 | node_43 | INFO ] 🗳️ [DETERMINISTIC] Train set assigned (No Voting). Size: 50
[ 2026-05-14 16:00:45 | node_8 | INFO ] 📢 Broadcasting metrics.
[ 2026-05-14 16:00:45 | node_42 | INFO ] 📈 Evaluated. Results: {'test_loss': 4.377232551574707, 'test_acc': 0.3382899761199951, 'test_precision': 0.19955424964427948, 'test_recall': 0.12693525850772858, 'test_f1': 0.14403042197227478, 'communication_cost': 15053584}
[ 2026-05-14 16:00:45 | node_40 | INFO ] 🗣️ Gossiping aggregated model.
[ 2026-05-14 16:00:45 | node_43 | INFO ] 🏋️‍♀️ Preparing training...
[ 2026-05-14 16:00:45 | node_26 | INFO ] 🗳️ [DETERMINISTIC] Train set assigned (No Voting). Size: 50
[ 2026-05-14 16:00:45 | node_1 | INFO ] 📈 Evaluated. Results: {'test_loss': 14.562962532043457, 'test_acc': 0.0714285746216774, 'test_precision': 0.0416666679084301, 'test_recall': 0.0833333358168602, 'test_f1': 0.0555555559694767, 'communication_cost': 18816980}
[ 2026-05-14 16:00:45 | node_37 | INFO ] 🏋️‍♀️ Preparing training...
[ 2026-05-14 16:00:45 | node_29 | INFO ] 🤫 Gossip finished.
[ 2026-05-14 16:00:45 | node_26 | INFO ] 🏋️‍♀️ Preparing training...
[ 2026-05-14 16:00:45 | node_29 | INFO ] 🔬 Evaluating...
[ 2026-05-14 16:00:46 | node_10 | INFO ] 🗣️ Gossiping aggregated model.
[ 2026-05-14 16:00:46 | node_27 | INFO ] 🗣️ Gossiping aggregated model.
[ 2026-05-14 16:00:46 | node_10 | INFO ] 🤫 Gossip finished.
[ 2026-05-14 16:00:46 | node_12 | INFO ] 🤫 Gossip finished.
[ 2026-05-14 16:00:46 | node_16 | INFO ] 🤫 Gossip finished.
[ 2026-05-14 16:00:46 | node_2 | INFO ] 🎉 Round 99 of 100 finished.
[ 2026-05-14 16:00:46 | node_42 | INFO ] 📢 Broadcasting metrics.
[ 2026-05-14 16:00:46 | node_1 | INFO ] 📢 Broadcasting metrics.
[ 2026-05-14 16:00:46 | node_2 | INFO ] 🗳️ [DETERMINISTIC] Train set assigned (No Voting). Size: 50
[ 2026-05-14 16:00:46 | node_10 | INFO ] 🔬 Evaluating...
[ 2026-05-14 16:00:46 | node_14 | INFO ] 🎓 Training step done.
[ 2026-05-14 16:00:46 | node_16 | INFO ] 🔬 Evaluating...
[ 2026-05-14 16:00:46 | node_12 | INFO ] 🔬 Evaluating...
[ 2026-05-14 16:00:46 | node_11 | INFO ] 🤫 Gossip finished.
[ 2026-05-14 16:00:46 | node_43 | INFO ] 🎓 Training step done.
[ 2026-05-14 16:00:46 | node_29 | INFO ] 📈 Evaluated. Results: {'test_loss': 2.503805160522461, 'test_acc': 0.522580623626709, 'test_precision': 0.24204519391059875, 'test_recall': 0.17484842240810394, 'test_f1': 0.1988435983657837, 'communication_cost': 15053584}
[ 2026-05-14 16:00:46 | node_37 | INFO ] 🎓 Training step done.
[ 2026-05-14 16:00:46 | ModelPackager | INFO ] Round 98: Consensus detected (dist: 0.000004). Patience: 4/5
[ 2026-05-14 16:00:46 | ModelPackager | INFO ] Round 98: Consensus detected (dist: 0.000003). Patience: 4/5
[ 2026-05-14 16:00:46 | ModelPackager | INFO ] Round 98: Consensus detected (dist: 0.000002). Patience: 4/5
[ 2026-05-14 16:00:46 | node_11 | INFO ] 🔬 Evaluating...
[ 2026-05-14 16:00:46 | node_2 | INFO ] 🏋️‍♀️ Preparing training...
[ 2026-05-14 16:00:46 | node_6 | INFO ] 🤫 Gossip finished.
[ 2026-05-14 16:00:46 | node_18 | INFO ] 🤫 Gossip finished.
[ 2026-05-14 16:00:46 | node_16 | INFO ] 📈 Evaluated. Results: {'test_loss': 4.984583377838135, 'test_acc': 0.3900415003299713, 'test_precision': 0.16290073096752167, 'test_recall': 0.1849171668291092, 'test_f1': 0.1537170112133026, 'communication_cost': 37633960}
[ 2026-05-14 16:00:46 | node_49 | INFO ] 🧠 Aggregation complete. Setting new model.
[ 2026-05-14 16:00:46 | node_26 | INFO ] 🎓 Training step done.
[ 2026-05-14 16:00:46 | node_29 | INFO ] 📢 Broadcasting metrics.
[ 2026-05-14 16:00:46 | node_9 | INFO ] 🧠 Aggregation complete. Setting new model.
[ 2026-05-14 16:00:46 | node_47 | INFO ] 🧠 Aggregation complete. Setting new model.
[ 2026-05-14 16:00:46 | node_6 | INFO ] 🔬 Evaluating...
[ 2026-05-14 16:00:46 | node_16 | INFO ] 📢 Broadcasting metrics.
[ 2026-05-14 16:00:46 | node_7 | INFO ] ⏹️  Gossiping exited for 10 equal rounds.
[ 2026-05-14 16:00:46 | node_44 | INFO ] 🤫 Gossip finished.
[ 2026-05-14 16:00:46 | node_10 | INFO ] 📈 Evaluated. Results: {'test_loss': 3.448232650756836, 'test_acc': 0.5855262875556946, 'test_precision': 0.12901760637760162, 'test_recall': 0.1331826001405716, 'test_f1': 0.10689271241426468, 'communication_cost': 41397356}
[ 2026-05-14 16:00:46 | node_18 | INFO ] 🔬 Evaluating...
[ 2026-05-14 16:00:47 | node_11 | INFO ] 📈 Evaluated. Results: {'test_loss': 15.658663749694824, 'test_acc': 0.025287356227636337, 'test_precision': 0.05204614996910095, 'test_recall': 0.04608983173966408, 'test_f1': 0.020072853192687035, 'communication_cost': 26343772}
[ 2026-05-14 16:00:47 | node_12 | INFO ] 📈 Evaluated. Results: {'test_loss': 12.402840614318848, 'test_acc': 0.15576323866844177, 'test_precision': 0.05988648533821106, 'test_recall': 0.05667278170585632, 'test_f1': 0.056798722594976425, 'communication_cost': 22580376}
[ 2026-05-14 16:00:47 | node_10 | INFO ] 📢 Broadcasting metrics.
[ 2026-05-14 16:00:47 | node_44 | INFO ] 🔬 Evaluating...
[ 2026-05-14 16:00:47 | node_7 | INFO ] 🔬 Evaluating...
[ 2026-05-14 16:00:47 | node_11 | INFO ] 📢 Broadcasting metrics.
[ 2026-05-14 16:00:47 | node_6 | INFO ] 📈 Evaluated. Results: {'test_loss': 6.925408363342285, 'test_acc': 0.2415459007024765, 'test_precision': 0.18060939013957977, 'test_recall': 0.14222003519535065, 'test_f1': 0.14429567754268646, 'communication_cost': 26343772}
[ 2026-05-14 16:00:47 | node_12 | INFO ] 📢 Broadcasting metrics.
[ 2026-05-14 16:00:47 | node_6 | INFO ] 📢 Broadcasting metrics.
[ 2026-05-14 16:00:47 | node_18 | INFO ] 📈 Evaluated. Results: {'test_loss': 3.7863383293151855, 'test_acc': 0.302325576543808, 'test_precision': 0.1693750023841858, 'test_recall': 0.09125000238418579, 'test_f1': 0.1086111068725586, 'communication_cost': 33870564}
[ 2026-05-14 16:00:47 | node_44 | INFO ] 📈 Evaluated. Results: {'test_loss': 3.2645909786224365, 'test_acc': 0.3743315637111664, 'test_precision': 0.17036281526088715, 'test_recall': 0.08939551562070847, 'test_f1': 0.11679787188768387, 'communication_cost': 22580376}
[ 2026-05-14 16:00:47 | node_7 | INFO ] 📈 Evaluated. Results: {'test_loss': 3.1797783374786377, 'test_acc': 0.4086378812789917, 'test_precision': 0.14637278020381927, 'test_recall': 0.06024986132979393, 'test_f1': 0.08282813429832458, 'communication_cost': 33870564}
[ 2026-05-14 16:00:47 | node_2 | INFO ] 🎓 Training step done.
[ 2026-05-14 16:00:47 | node_18 | INFO ] 📢 Broadcasting metrics.
[ 2026-05-14 16:00:47 | node_44 | INFO ] 📢 Broadcasting metrics.
[ 2026-05-14 16:00:47 | node_7 | INFO ] 📢 Broadcasting metrics.
[ 2026-05-14 16:00:47 | node_23 | INFO ] 🤫 Gossip finished.
[ 2026-05-14 16:00:47 | node_23 | INFO ] 🔬 Evaluating...
[ 2026-05-14 16:00:48 | node_23 | INFO ] 📈 Evaluated. Results: {'test_loss': 3.126664876937866, 'test_acc': 0.27272728085517883, 'test_precision': 0.20000000298023224, 'test_recall': 0.054545458406209946, 'test_f1': 0.08571428805589676, 'communication_cost': 30107168}
[ 2026-05-14 16:00:48 | node_23 | INFO ] 📢 Broadcasting metrics.
[ 2026-05-14 16:00:48 | node_49 | INFO ] 🗣️ Gossiping aggregated model.
[ 2026-05-14 16:00:48 | node_9 | INFO ] 🗣️ Gossiping aggregated model.
[ 2026-05-14 16:00:48 | node_32 | INFO ] 🤫 Gossip finished.
[ 2026-05-14 16:00:48 | node_9 | INFO ] 🤫 Gossip finished.
[ 2026-05-14 16:00:48 | node_32 | INFO ] 🔬 Evaluating...
[ 2026-05-14 16:00:48 | node_45 | INFO ] 🤫 Gossip finished.
[ 2026-05-14 16:00:48 | node_47 | INFO ] 🗣️ Gossiping aggregated model.
[ 2026-05-14 16:00:48 | node_24 | INFO ] 🤫 Gossip finished.
[ 2026-05-14 16:00:48 | node_9 | INFO ] 🔬 Evaluating...
[ 2026-05-14 16:00:48 | node_39 | INFO ] 🤫 Gossip finished.
[ 2026-05-14 16:00:48 | node_47 | INFO ] 🤫 Gossip finished.
[ 2026-05-14 16:00:48 | node_45 | INFO ] 🔬 Evaluating...
[ 2026-05-14 16:00:48 | node_24 | INFO ] 🔬 Evaluating...
[ 2026-05-14 16:00:48 | node_39 | INFO ] 🔬 Evaluating...
[ 2026-05-14 16:00:48 | node_34 | INFO ] 🤫 Gossip finished.
[ 2026-05-14 16:00:48 | node_42 | INFO ] 🎉 Round 99 of 100 finished.
[ 2026-05-14 16:00:48 | node_47 | INFO ] 🔬 Evaluating...
[ 2026-05-14 16:00:48 | node_32 | INFO ] 📈 Evaluated. Results: {'test_loss': 13.100547790527344, 'test_acc': 0.00561797758564353, 'test_precision': 0.013316687196493149, 'test_recall': 0.015980025753378868, 'test_f1': 0.014527295716106892, 'communication_cost': 30107168}
[ 2026-05-14 16:00:48 | node | INFO ] 🎉 Round 99 of 100 finished.
[ 2026-05-14 16:00:49 | node_34 | INFO ] 🔬 Evaluating...
[ 2026-05-14 16:00:49 | node_42 | INFO ] 🗳️ [DETERMINISTIC] Train set assigned (No Voting). Size: 50
[ 2026-05-14 16:00:49 | node_9 | INFO ] 📈 Evaluated. Results: {'test_loss': 2.6634647846221924, 'test_acc': 0.5581395626068115, 'test_precision': 0.12403100728988647, 'test_recall': 0.07087486237287521, 'test_f1': 0.09020437300205231, 'communication_cost': 41397356}
[ 2026-05-14 16:00:49 | node_45 | INFO ] 📈 Evaluated. Results: {'test_loss': 12.599690437316895, 'test_acc': 0.06578947603702545, 'test_precision': 0.03750000149011612, 'test_recall': 0.1041666716337204, 'test_f1': 0.04707792401313782, 'communication_cost': 37633960}
[ 2026-05-14 16:00:49 | node | INFO ] 🗳️ [DETERMINISTIC] Train set assigned (No Voting). Size: 50
[ 2026-05-14 16:00:49 | node_32 | INFO ] 📢 Broadcasting metrics.
[ 2026-05-14 16:00:49 | node_9 | INFO ] 📢 Broadcasting metrics.
[ 2026-05-14 16:00:49 | node_24 | INFO ] 📈 Evaluated. Results: {'test_loss': 15.87700080871582, 'test_acc': 0.0, 'test_precision': 0.0, 'test_recall': 0.0, 'test_f1': 0.0, 'communication_cost': 33870564}
[ 2026-05-14 16:00:49 | node_25 | INFO ] 🤫 Gossip finished.
[ 2026-05-14 16:00:49 | node_39 | INFO ] 📈 Evaluated. Results: {'test_loss': 3.6121387481689453, 'test_acc': 0.4000000059604645, 'test_precision': 0.13500000536441803, 'test_recall': 0.17370130121707916, 'test_f1': 0.08861197531223297, 'communication_cost': 22580376}
[ 2026-05-14 16:00:49 | node_45 | INFO ] 📢 Broadcasting metrics.
[ 2026-05-14 16:00:49 | node_29 | INFO ] 🎉 Round 99 of 100 finished.
[ 2026-05-14 16:00:49 | node_3 | INFO ] 🤫 Gossip finished.
[ 2026-05-14 16:00:49 | node_46 | INFO ] 🤫 Gossip finished.
[ 2026-05-14 16:00:49 | node_42 | INFO ] 🏋️‍♀️ Preparing training...
[ 2026-05-14 16:00:49 | node | INFO ] 🏋️‍♀️ Preparing training...
[ 2026-05-14 16:00:49 | node_24 | INFO ] 📢 Broadcasting metrics.
[ 2026-05-14 16:00:49 | node_25 | INFO ] 🔬 Evaluating...
[ 2026-05-14 16:00:49 | node_39 | INFO ] 📢 Broadcasting metrics.
[ 2026-05-14 16:00:49 | node_47 | INFO ] 📈 Evaluated. Results: {'test_loss': 4.825700759887695, 'test_acc': 0.2554744482040405, 'test_precision': 0.14042404294013977, 'test_recall': 0.04210566729307175, 'test_f1': 0.06096863001585007, 'communication_cost': 45160752}
[ 2026-05-14 16:00:49 | node_34 | INFO ] 📈 Evaluated. Results: {'test_loss': 7.163500785827637, 'test_acc': 0.04494382068514824, 'test_precision': 0.10005351155996323, 'test_recall': 0.010004201903939247, 'test_f1': 0.017958905547857285, 'communication_cost': 30107168}
[ 2026-05-14 16:00:49 | node_29 | INFO ] 🗳️ [DETERMINISTIC] Train set assigned (No Voting). Size: 50
[ 2026-05-14 16:00:49 | node_3 | INFO ] 🔬 Evaluating...
[ 2026-05-14 16:00:49 | node_46 | INFO ] 🔬 Evaluating...
[ 2026-05-14 16:00:49 | node_47 | INFO ] 📢 Broadcasting metrics.
[ 2026-05-14 16:00:49 | node_34 | INFO ] 📢 Broadcasting metrics.
[ 2026-05-14 16:00:49 | node_1 | INFO ] 🎉 Round 99 of 100 finished.
[ 2026-05-14 16:00:49 | node_29 | INFO ] 🏋️‍♀️ Preparing training...
[ 2026-05-14 16:00:49 | node | INFO ] 🎓 Training step done.
[ 2026-05-14 16:00:49 | node_3 | INFO ] 📈 Evaluated. Results: {'test_loss': 2.4071035385131836, 'test_acc': 0.5, 'test_precision': 0.14124368131160736, 'test_recall': 0.10680034756660461, 'test_f1': 0.11504825949668884, 'communication_cost': 37633960}
[ 2026-05-14 16:00:49 | node_25 | INFO ] 📈 Evaluated. Results: {'test_loss': 3.476679563522339, 'test_acc': 0.3580246865749359, 'test_precision': 0.22211265563964844, 'test_recall': 0.2158849984407425, 'test_f1': 0.17534290254116058, 'communication_cost': 37633960}
[ 2026-05-14 16:00:49 | node_1 | INFO ] 🗳️ [DETERMINISTIC] Train set assigned (No Voting). Size: 50
[ 2026-05-14 16:00:50 | node_42 | INFO ] 🎓 Training step done.
[ 2026-05-14 16:00:50 | node_46 | INFO ] 📈 Evaluated. Results: {'test_loss': 5.834941387176514, 'test_acc': 0.3571428656578064, 'test_precision': 0.10667746514081955, 'test_recall': 0.07274351269006729, 'test_f1': 0.08332562446594238, 'communication_cost': 30107168}
[ 2026-05-14 16:00:50 | node_3 | INFO ] 📢 Broadcasting metrics.
[ 2026-05-14 16:00:50 | node_25 | INFO ] 📢 Broadcasting metrics.
[ 2026-05-14 16:00:50 | node_46 | INFO ] 📢 Broadcasting metrics.
[ 2026-05-14 16:00:50 | node_1 | INFO ] 🏋️‍♀️ Preparing training...
[ 2026-05-14 16:00:50 | node_29 | INFO ] 🎓 Training step done.
[ 2026-05-14 16:00:50 | node_1 | INFO ] 🎓 Training step done.
[ 2026-05-14 16:00:51 | node_14 | INFO ] 🛠️ Calling force_add_local_model...
[ 2026-05-14 16:00:51 | node_12 | INFO ] 🎉 Round 99 of 100 finished.
[ 2026-05-14 16:00:51 | node_14 | INFO ] ✅ [FORCE] Local model added for round 99. (1/7)
[ 2026-05-14 16:00:51 | node_43 | INFO ] 🛠️ Calling force_add_local_model...
[ 2026-05-14 16:00:51 | node_14 | INFO ] 📤 Sending model to 6 direct neighbors: ['node_13', 'node_15', 'node_18', 'node_21', 'node_23', 'node_32']
[ 2026-05-14 16:00:51 | node_43 | INFO ] ✅ [FORCE] Local model added for round 99. (1/5)
[ 2026-05-14 16:00:51 | node_12 | INFO ] 🗳️ [DETERMINISTIC] Train set assigned (No Voting). Size: 50
[ 2026-05-14 16:00:51 | node_43 | INFO ] 📤 Sending model to 4 direct neighbors: ['node_4', 'node_21', 'node_25', 'node_45']
[ 2026-05-14 16:00:51 | node_37 | INFO ] 🛠️ Calling force_add_local_model...
[ 2026-05-14 16:00:51 | node_8 | INFO ] 🎉 Round 99 of 100 finished.
[ 2026-05-14 16:00:51 | node_36 | INFO ] ⏹️  Gossiping exited for 10 equal rounds.
[ 2026-05-14 16:00:51 | node_37 | INFO ] ✅ [FORCE] Local model added for round 99. (1/6)
[ 2026-05-14 16:00:51 | node_26 | INFO ] 🛠️ Calling force_add_local_model...
[ 2026-05-14 16:00:51 | node_12 | INFO ] 🏋️‍♀️ Preparing training...
[ 2026-05-14 16:00:51 | node_44 | INFO ] 🎉 Round 99 of 100 finished.
[ 2026-05-14 16:00:52 | node_8 | INFO ] 🗳️ [DETERMINISTIC] Train set assigned (No Voting). Size: 50
[ 2026-05-14 16:00:52 | node_37 | INFO ] 📤 Sending model to 5 direct neighbors: ['node_13', 'node_22', 'node_31', 'node_32', 'node_42']
[ 2026-05-14 16:00:52 | node_26 | INFO ] ✅ [FORCE] Local model added for round 99. (1/7)
[ 2026-05-14 16:00:52 | node_11 | INFO ] 🎉 Round 99 of 100 finished.
[ 2026-05-14 16:00:52 | node_36 | INFO ] 🔬 Evaluating...
[ 2026-05-14 16:00:52 | node_44 | INFO ] 🗳️ [DETERMINISTIC] Train set assigned (No Voting). Size: 50
[ 2026-05-14 16:00:52 | node_26 | INFO ] 📤 Sending model to 6 direct neighbors: ['node_2', 'node_4', 'node_7', 'node_32', 'node_36', 'node_38']
[ 2026-05-14 16:00:52 | node_6 | INFO ] 🎉 Round 99 of 100 finished.
[ 2026-05-14 16:00:52 | node_8 | INFO ] 🏋️‍♀️ Preparing training...
[ 2026-05-14 16:00:52 | node_11 | INFO ] 🗳️ [DETERMINISTIC] Train set assigned (No Voting). Size: 50
[ 2026-05-14 16:00:52 | node_6 | INFO ] 🗳️ [DETERMINISTIC] Train set assigned (No Voting). Size: 50
[ 2026-05-14 16:00:52 | node_2 | INFO ] 🛠️ Calling force_add_local_model...
[ 2026-05-14 16:00:52 | node_12 | INFO ] 🎓 Training step done.
[ 2026-05-14 16:00:52 | node_44 | INFO ] 🏋️‍♀️ Preparing training...
[ 2026-05-14 16:00:52 | node_2 | INFO ] ✅ [FORCE] Local model added for round 99. (1/9)
[ 2026-05-14 16:00:52 | node_36 | INFO ] 📈 Evaluated. Results: {'test_loss': 8.647821426391602, 'test_acc': 0.125, 'test_precision': 0.1116071417927742, 'test_recall': 0.11151960492134094, 'test_f1': 0.07982455939054489, 'communication_cost': 45160752}
[ 2026-05-14 16:00:53 | node_2 | INFO ] 📤 Sending model to 8 direct neighbors: ['node_1', 'node_6', 'node_8', 'node_18', 'node_22', 'node_26', 'node_28', 'node_38']
[ 2026-05-14 16:00:53 | node_11 | INFO ] 🏋️‍♀️ Preparing training...
[ 2026-05-14 16:00:53 | node_6 | INFO ] 🏋️‍♀️ Preparing training...
[ 2026-05-14 16:00:53 | node_36 | INFO ] 📢 Broadcasting metrics.
[ 2026-05-14 16:00:53 | node_2 | INFO ] 🧩 Model added for round 99 (2/9) from ['node_26']
[ 2026-05-14 16:00:53 | node_8 | INFO ] 🎓 Training step done.
[ 2026-05-14 16:00:53 | node_44 | INFO ] 🎓 Training step done.
[ 2026-05-14 16:00:53 | node_6 | INFO ] 🎓 Training step done.
[ 2026-05-14 16:00:53 | node_1 | INFO ] 🧩 Model added for round 99 (1/6) from ['node_2']
[ 2026-05-14 16:00:53 | node_11 | INFO ] 🎓 Training step done.
[ 2026-05-14 16:00:54 | node_18 | INFO ] 🎉 Round 99 of 100 finished.
[ 2026-05-14 16:00:54 | node_16 | INFO ] 🎉 Round 99 of 100 finished.
[ 2026-05-14 16:00:54 | node_7 | INFO ] 🎉 Round 99 of 100 finished.
[ 2026-05-14 16:00:54 | node_39 | INFO ] 🎉 Round 99 of 100 finished.
[ 2026-05-14 16:00:54 | node_18 | INFO ] 🗳️ [DETERMINISTIC] Train set assigned (No Voting). Size: 50
[ 2026-05-14 16:00:54 | node_16 | INFO ] 🗳️ [DETERMINISTIC] Train set assigned (No Voting). Size: 50
[ 2026-05-14 16:00:54 | node_23 | INFO ] 🎉 Round 99 of 100 finished.
[ 2026-05-14 16:00:54 | node_7 | INFO ] 🗳️ [DETERMINISTIC] Train set assigned (No Voting). Size: 50
[ 2026-05-14 16:00:54 | node | INFO ] 🛠️ Calling force_add_local_model...
[ 2026-05-14 16:00:54 | node_39 | INFO ] 🗳️ [DETERMINISTIC] Train set assigned (No Voting). Size: 50
[ 2026-05-14 16:00:55 | node | INFO ] ✅ [FORCE] Local model added for round 99. (1/8)
[ 2026-05-14 16:00:55 | node_42 | INFO ] 🧩 Model added for round 99 (1/5) from ['node_37']
[ 2026-05-14 16:00:55 | node_23 | INFO ] 🗳️ [DETERMINISTIC] Train set assigned (No Voting). Size: 50
[ 2026-05-14 16:00:55 | node_18 | INFO ] ♻️ Proactively processing 1 early models for round 99.
[ 2026-05-14 16:00:55 | node_42 | INFO ] 🛠️ Calling force_add_local_model...
[ 2026-05-14 16:00:55 | node | INFO ] 📤 Sending model to 7 direct neighbors: ['node_3', 'node_5', 'node_8', 'node_11', 'node_23', 'node_35', 'node_49']
[ 2026-05-14 16:00:55 | node_16 | INFO ] 🏋️‍♀️ Preparing training...
[ 2026-05-14 16:00:55 | node_18 | INFO ] 🧩 Model added for round 99 (1/10) from ['node_14']
[ 2026-05-14 16:00:55 | node_42 | INFO ] ✅ [FORCE] Local model added for round 99. (2/5)
[ 2026-05-14 16:00:55 | node_7 | INFO ] 🏋️‍♀️ Preparing training...
[ 2026-05-14 16:00:55 | node_39 | INFO ] 🏋️‍♀️ Preparing training...
[ 2026-05-14 16:00:55 | node_6 | INFO ] 🧩 Model added for round 99 (1/8) from ['node_2']
[ 2026-05-14 16:00:55 | node_18 | INFO ] 🏋️‍♀️ Preparing training...
[ 2026-05-14 16:00:55 | node_42 | INFO ] 📤 Sending model to 4 direct neighbors: ['node_3', 'node_4', 'node_33', 'node_37']
[ 2026-05-14 16:00:55 | node_29 | INFO ] 🛠️ Calling force_add_local_model...
[ 2026-05-14 16:00:55 | node_23 | INFO ] ♻️ Proactively processing 1 early models for round 99.
[ 2026-05-14 16:00:55 | node_23 | INFO ] 🧩 Model added for round 99 (1/9) from ['node_14']
[ 2026-05-14 16:00:55 | node_29 | INFO ] ✅ [FORCE] Local model added for round 99. (1/5)
[ 2026-05-14 16:00:55 | node_23 | INFO ] 🏋️‍♀️ Preparing training...
[ 2026-05-14 16:00:55 | node_29 | INFO ] 📤 Sending model to 4 direct neighbors: ['node_15', 'node_21', 'node_27', 'node_46']
[ 2026-05-14 16:00:55 | node_10 | INFO ] 🎉 Round 99 of 100 finished.
[ 2026-05-14 16:00:55 | node_39 | INFO ] 🎓 Training step done.
[ 2026-05-14 16:00:55 | node_7 | INFO ] 🎓 Training step done.
[ 2026-05-14 16:00:55 | node_16 | INFO ] 🎓 Training step done.
[ 2026-05-14 16:00:55 | node_10 | INFO ] 🗳️ [DETERMINISTIC] Train set assigned (No Voting). Size: 50
[ 2026-05-14 16:00:55 | node_18 | INFO ] 🎓 Training step done.
[ 2026-05-14 16:00:56 | node_1 | INFO ] 🛠️ Calling force_add_local_model...
[ 2026-05-14 16:00:56 | node_7 | INFO ] 🧩 Model added for round 99 (1/10) from ['node_26']
[ 2026-05-14 16:00:56 | node_1 | INFO ] ✅ [FORCE] Local model added for round 99. (2/6)
[ 2026-05-14 16:00:56 | node_1 | INFO ] 📤 Sending model to 5 direct neighbors: ['node_2', 'node_10', 'node_23', 'node_27', 'node_33']
[ 2026-05-14 16:00:56 | node_10 | INFO ] 🏋️‍♀️ Preparing training...
[ 2026-05-14 16:00:56 | node_32 | INFO ] 🎉 Round 99 of 100 finished.
[ 2026-05-14 16:00:56 | node_34 | INFO ] 🎉 Round 99 of 100 finished.
[ 2026-05-14 16:00:56 | node_32 | INFO ] 🗳️ [DETERMINISTIC] Train set assigned (No Voting). Size: 50
[ 2026-05-14 16:00:56 | node_8 | INFO ] 🧩 Model added for round 99 (1/9) from ['node']
[ 2026-05-14 16:00:56 | node_23 | INFO ] 🎓 Training step done.
[ 2026-05-14 16:00:56 | node_34 | INFO ] 🗳️ [DETERMINISTIC] Train set assigned (No Voting). Size: 50
[ 2026-05-14 16:00:56 | node_2 | INFO ] 🧩 Model added for round 99 (3/9) from ['node_1']
[ 2026-05-14 16:00:57 | node_32 | INFO ] ♻️ Proactively processing 2 early models for round 99.
[ 2026-05-14 16:00:57 | node_10 | INFO ] 🎓 Training step done.
[ 2026-05-14 16:00:57 | node_32 | INFO ] 🧩 Model added for round 99 (1/9) from ['node_37']
[ 2026-05-14 16:00:57 | node_34 | INFO ] 🏋️‍♀️ Preparing training...
[ 2026-05-14 16:00:57 | node_32 | INFO ] 🧩 Model added for round 99 (2/9) from ['node_14']
[ 2026-05-14 16:00:57 | node_24 | INFO ] 🎉 Round 99 of 100 finished.
[ 2026-05-14 16:00:57 | node_32 | INFO ] 🏋️‍♀️ Preparing training...
[ 2026-05-14 16:00:57 | node_37 | INFO ] 🧩 Model added for round 99 (2/6) from ['node_42']
[ 2026-05-14 16:00:57 | node_8 | INFO ] 🧩 Model added for round 99 (2/9) from ['node_2']
[ 2026-05-14 16:00:57 | node_24 | INFO ] 🗳️ [DETERMINISTIC] Train set assigned (No Voting). Size: 50
[ 2026-05-14 16:00:57 | node_46 | INFO ] 🎉 Round 99 of 100 finished.
[ 2026-05-14 16:00:57 | node_46 | INFO ] 🗳️ [DETERMINISTIC] Train set assigned (No Voting). Size: 50
[ 2026-05-14 16:00:57 | node_24 | INFO ] 🏋️‍♀️ Preparing training...
[ 2026-05-14 16:00:57 | node_34 | INFO ] 🎓 Training step done.
[ 2026-05-14 16:00:57 | node_46 | INFO ] ♻️ Proactively processing 1 early models for round 99.
[ 2026-05-14 16:00:57 | node_32 | INFO ] 🎓 Training step done.
[ 2026-05-14 16:00:57 | node_12 | INFO ] 🛠️ Calling force_add_local_model...
[ 2026-05-14 16:00:57 | node_46 | INFO ] 🧩 Model added for round 99 (1/9) from ['node_29']
[ 2026-05-14 16:00:57 | node_45 | INFO ] 🎉 Round 99 of 100 finished.
[ 2026-05-14 16:00:57 | node_12 | INFO ] ✅ [FORCE] Local model added for round 99. (1/7)
[ 2026-05-14 16:00:57 | node_46 | INFO ] 🏋️‍♀️ Preparing training...
[ 2026-05-14 16:00:58 | node_24 | INFO ] 🎓 Training step done.
[ 2026-05-14 16:00:58 | node_12 | INFO ] 📤 Sending model to 6 direct neighbors: ['node_5', 'node_23', 'node_27', 'node_31', 'node_33', 'node_45']
[ 2026-05-14 16:00:58 | node_45 | INFO ] 🗳️ [DETERMINISTIC] Train set assigned (No Voting). Size: 50
[ 2026-05-14 16:00:58 | node_20 | INFO ] ⏹️  Gossiping exited for 10 equal rounds.
[ 2026-05-14 16:00:58 | node_45 | INFO ] ♻️ Proactively processing 1 early models for round 99.
[ 2026-05-14 16:00:58 | node_46 | INFO ] 🎓 Training step done.
[ 2026-05-14 16:00:58 | node_20 | INFO ] 🔬 Evaluating...
[ 2026-05-14 16:00:58 | node_32 | INFO ] 🧩 Model added for round 99 (3/9) from ['node_26']
[ 2026-05-14 16:00:58 | node_45 | INFO ] 🧩 Model added for round 99 (1/11) from ['node_43']
[ 2026-05-14 16:00:58 | node_9 | INFO ] 🎉 Round 99 of 100 finished.
[ 2026-05-14 16:00:58 | node_25 | INFO ] 🎉 Round 99 of 100 finished.
[ 2026-05-14 16:00:58 | node_45 | INFO ] 🏋️‍♀️ Preparing training...
[ 2026-05-14 16:00:58 | node_3 | INFO ] 🎉 Round 99 of 100 finished.
[ 2026-05-14 16:00:58 | node_8 | INFO ] 🛠️ Calling force_add_local_model...
[ 2026-05-14 16:00:58 | node_44 | INFO ] 🛠️ Calling force_add_local_model...
[ 2026-05-14 16:00:58 | node_25 | INFO ] 🗳️ [DETERMINISTIC] Train set assigned (No Voting). Size: 50
[ 2026-05-14 16:00:58 | node_9 | INFO ] 🗳️ [DETERMINISTIC] Train set assigned (No Voting). Size: 50
[ 2026-05-14 16:00:58 | node_3 | INFO ] 🗳️ [DETERMINISTIC] Train set assigned (No Voting). Size: 50
[ 2026-05-14 16:00:58 | node_44 | INFO ] ✅ [FORCE] Local model added for round 99. (1/7)
[ 2026-05-14 16:00:58 | node_8 | INFO ] ✅ [FORCE] Local model added for round 99. (3/9)
[ 2026-05-14 16:00:58 | node_20 | INFO ] 📈 Evaluated. Results: {'test_loss': 1.2420881986618042, 'test_acc': 0.7891566157341003, 'test_precision': 0.17266207933425903, 'test_recall': 0.14429330825805664, 'test_f1': 0.15712270140647888, 'communication_cost': 18816980}
[ 2026-05-14 16:00:58 | node_11 | INFO ] 🧩 Model added for round 99 (1/8) from ['node']
[ 2026-05-14 16:00:58 | node_10 | INFO ] 🧩 Model added for round 99 (1/12) from ['node_1']
[ 2026-05-14 16:00:58 | node_44 | INFO ] 📤 Sending model to 6 direct neighbors: ['node_3', 'node_8', 'node_27', 'node_33', 'node_34', 'node_39']
[ 2026-05-14 16:00:58 | node_8 | INFO ] 📤 Sending model to 8 direct neighbors: ['node', 'node_2', 'node_25', 'node_30', 'node_39', 'node_41', 'node_44', 'node_45']
[ 2026-05-14 16:00:58 | node_25 | INFO ] ♻️ Proactively processing 1 early models for round 99.
[ 2026-05-14 16:00:58 | node_20 | INFO ] 📢 Broadcasting metrics.
[ 2026-05-14 16:00:58 | node_9 | INFO ] 🏋️‍♀️ Preparing training...
[ 2026-05-14 16:00:58 | node_3 | INFO ] ♻️ Proactively processing 2 early models for round 99.
[ 2026-05-14 16:00:58 | node_6 | INFO ] 🛠️ Calling force_add_local_model...
[ 2026-05-14 16:00:58 | node_11 | INFO ] 🛠️ Calling force_add_local_model...
[ 2026-05-14 16:00:58 | node_25 | INFO ] 🧩 Model added for round 99 (1/11) from ['node_43']
[ 2026-05-14 16:00:59 | node_3 | INFO ] 🧩 Model added for round 99 (1/11) from ['node']
[ 2026-05-14 16:00:59 | node_23 | INFO ] 🧩 Model added for round 99 (2/9) from ['node_12']
[ 2026-05-14 16:00:59 | node_25 | INFO ] 🏋️‍♀️ Preparing training...
[ 2026-05-14 16:00:59 | node_6 | INFO ] ✅ [FORCE] Local model added for round 99. (2/8)
[ 2026-05-14 16:00:59 | node_3 | INFO ] 🧩 Model added for round 99 (2/11) from ['node_42']
[ 2026-05-14 16:00:59 | node_11 | INFO ] ✅ [FORCE] Local model added for round 99. (2/8)
[ 2026-05-14 16:00:59 | node_3 | INFO ] 🏋️‍♀️ Preparing training...
[ 2026-05-14 16:00:59 | node_6 | INFO ] 📤 Sending model to 7 direct neighbors: ['node_2', 'node_16', 'node_25', 'node_33', 'node_35', 'node_41', 'node_48']
[ 2026-05-14 16:00:59 | node_11 | INFO ] 📤 Sending model to 7 direct neighbors: ['node', 'node_4', 'node_20', 'node_25', 'node_27', 'node_33', 'node_36']
[ 2026-05-14 16:00:59 | node | INFO ] 🧩 Model added for round 99 (2/8) from ['node_8']
[ 2026-05-14 16:00:59 | node_18 | INFO ] 🧩 Model added for round 99 (2/10) from ['node_2']
[ 2026-05-14 16:00:59 | node_3 | INFO ] 🧩 Model added for round 99 (3/11) from ['node_44']
[ 2026-05-14 16:00:59 | node_45 | INFO ] 🎓 Training step done.
[ 2026-05-14 16:00:59 | node_47 | INFO ] 🎉 Round 99 of 100 finished.
[ 2026-05-14 16:00:59 | node_2 | INFO ] 🧩 Model added for round 99 (4/9) from ['node_6']
[ 2026-05-14 16:00:59 | node_25 | INFO ] 🎓 Training step done.
[ 2026-05-14 16:00:59 | node_47 | INFO ] 🗳️ [DETERMINISTIC] Train set assigned (No Voting). Size: 50
[ 2026-05-14 16:00:59 | node | INFO ] 🧩 Model added for round 99 (3/8) from ['node_11']
[ 2026-05-14 16:00:59 | node_9 | INFO ] 🎓 Training step done.
[ 2026-05-14 16:01:00 | node_3 | INFO ] 🎓 Training step done.
[ 2026-05-14 16:01:00 | node_47 | INFO ] 🏋️‍♀️ Preparing training...
[ 2026-05-14 16:01:00 | node_23 | INFO ] 🧩 Model added for round 99 (3/9) from ['node']
[ 2026-05-14 16:01:00 | node_47 | INFO ] 🎓 Training step done.
[ 2026-05-14 16:01:00 | node_39 | INFO ] 🛠️ Calling force_add_local_model...
[ 2026-05-14 16:01:00 | node_7 | INFO ] 🛠️ Calling force_add_local_model...
[ 2026-05-14 16:01:00 | node_39 | INFO ] ✅ [FORCE] Local model added for round 99. (1/7)
[ 2026-05-14 16:01:00 | node_16 | INFO ] 🛠️ Calling force_add_local_model...
[ 2026-05-14 16:01:00 | node_7 | INFO ] ✅ [FORCE] Local model added for round 99. (2/10)
[ 2026-05-14 16:01:01 | node_39 | INFO ] 📤 Sending model to 6 direct neighbors: ['node_8', 'node_9', 'node_10', 'node_40', 'node_44', 'node_46']
[ 2026-05-14 16:01:01 | node_2 | INFO ] 🧩 Model added for round 99 (5/9) from ['node_8']
[ 2026-05-14 16:01:01 | node_7 | INFO ] 📤 Sending model to 9 direct neighbors: ['node_24', 'node_25', 'node_26', 'node_28', 'node_36', 'node_45', 'node_46', 'node_48', 'node_49']
[ 2026-05-14 16:01:01 | node_18 | INFO ] 🛠️ Calling force_add_local_model...
[ 2026-05-14 16:01:01 | node_16 | INFO ] ✅ [FORCE] Local model added for round 99. (1/11)
[ 2026-05-14 16:01:01 | node_18 | INFO ] ✅ [FORCE] Local model added for round 99. (3/10)
[ 2026-05-14 16:01:01 | node_16 | INFO ] 📤 Sending model to 10 direct neighbors: ['node_6', 'node_13', 'node_19', 'node_24', 'node_27', 'node_28', 'node_32', 'node_36', 'node_38', 'node_40']
[ 2026-05-14 16:01:01 | node_18 | INFO ] 📤 Sending model to 9 direct neighbors: ['node_2', 'node_5', 'node_13', 'node_14', 'node_21', 'node_22', 'node_27', 'node_36', 'node_45']
[ 2026-05-14 16:01:01 | node_23 | INFO ] 🧩 Model added for round 99 (4/9) from ['node_1']
[ 2026-05-14 16:01:01 | node_16 | INFO ] 🧩 Model added for round 99 (2/11) from ['node_6']
[ 2026-05-14 16:01:01 | node_24 | INFO ] 🧩 Model added for round 99 (1/10) from ['node_7']
[ 2026-05-14 16:01:01 | node_8 | INFO ] 🧩 Model added for round 99 (4/9) from ['node_44']
[ 2026-05-14 16:01:01 | node_8 | INFO ] 🧩 Model added for round 99 (5/9) from ['node_39']
[ 2026-05-14 16:01:01 | node_6 | INFO ] 🧩 Model added for round 99 (3/8) from ['node_16']
[ 2026-05-14 16:01:01 | node_2 | INFO ] 🧩 Model added for round 99 (6/9) from ['node_18']
[ 2026-05-14 16:01:01 | node_26 | INFO ] 🧩 Model added for round 99 (2/7) from ['node_2']
[ 2026-05-14 16:01:02 | node_23 | INFO ] 🛠️ Calling force_add_local_model...
[ 2026-05-14 16:01:02 | node_23 | INFO ] ✅ [FORCE] Local model added for round 99. (5/9)
[ 2026-05-14 16:01:02 | node_10 | INFO ] 🛠️ Calling force_add_local_model...
[ 2026-05-14 16:01:02 | node_36 | INFO ] 🎉 Round 99 of 100 finished.
[ 2026-05-14 16:01:02 | node_23 | INFO ] 📤 Sending model to 8 direct neighbors: ['node', 'node_1', 'node_4', 'node_9', 'node_12', 'node_14', 'node_22', 'node_30']
[ 2026-05-14 16:01:02 | node_10 | INFO ] ✅ [FORCE] Local model added for round 99. (2/12)
[ 2026-05-14 16:01:02 | node_10 | INFO ] 📤 Sending model to 11 direct neighbors: ['node_1', 'node_4', 'node_13', 'node_15', 'node_21', 'node_25', 'node_27', 'node_31', 'node_32', 'node_35', 'node_39']
[ 2026-05-14 16:01:02 | node_36 | INFO ] 🗳️ [DETERMINISTIC] Train set assigned (No Voting). Size: 50
[ 2026-05-14 16:01:02 | node_45 | INFO ] 🧩 Model added for round 99 (2/11) from ['node_12']
[ 2026-05-14 16:01:02 | node_25 | INFO ] 🧩 Model added for round 99 (2/11) from ['node_11']
[ 2026-05-14 16:01:02 | node_36 | INFO ] ♻️ Proactively processing 1 early models for round 99.
[ 2026-05-14 16:01:02 | node | INFO ] 🧩 Model added for round 99 (4/8) from ['node_23']
[ 2026-05-14 16:01:02 | node_34 | INFO ] 🛠️ Calling force_add_local_model...
[ 2026-05-14 16:01:02 | node_36 | INFO ] 🧩 Model added for round 99 (1/13) from ['node_26']
[ 2026-05-14 16:01:02 | node_32 | INFO ] 🛠️ Calling force_add_local_model...
[ 2026-05-14 16:01:02 | node_36 | INFO ] 🏋️‍♀️ Preparing training...
[ 2026-05-14 16:01:02 | node_34 | INFO ] ✅ [FORCE] Local model added for round 99. (1/9)
[ 2026-05-14 16:01:02 | node_20 | INFO ] 🎉 Round 99 of 100 finished.
[ 2026-05-14 16:01:02 | node_1 | INFO ] 🧩 Model added for round 99 (3/6) from ['node_10']
[ 2026-05-14 16:01:03 | node_32 | INFO ] ✅ [FORCE] Local model added for round 99. (4/9)
[ 2026-05-14 16:01:03 | node_34 | INFO ] 📤 Sending model to 8 direct neighbors: ['node_3', 'node_4', 'node_9', 'node_13', 'node_24', 'node_27', 'node_44', 'node_48']
[ 2026-05-14 16:01:03 | node_20 | INFO ] 🗳️ [DETERMINISTIC] Train set assigned (No Voting). Size: 50
[ 2026-05-14 16:01:03 | node_24 | INFO ] 🛠️ Calling force_add_local_model...
[ 2026-05-14 16:01:03 | node_32 | INFO ] 📤 Sending model to 8 direct neighbors: ['node_3', 'node_4', 'node_10', 'node_14', 'node_16', 'node_26', 'node_37', 'node_47']
[ 2026-05-14 16:01:03 | node_24 | INFO ] ✅ [FORCE] Local model added for round 99. (2/10)
[ 2026-05-14 16:01:03 | node_24 | INFO ] 📤 Sending model to 9 direct neighbors: ['node_4', 'node_7', 'node_16', 'node_30', 'node_34', 'node_38', 'node_40', 'node_46', 'node_49']
[ 2026-05-14 16:01:03 | node_20 | INFO ] ♻️ Proactively processing 1 early models for round 99.
[ 2026-05-14 16:01:03 | node_25 | INFO ] 🧩 Model added for round 99 (3/11) from ['node_8']
[ 2026-05-14 16:01:03 | node_46 | INFO ] 🛠️ Calling force_add_local_model...
[ 2026-05-14 16:01:03 | node_20 | INFO ] 🧩 Model added for round 99 (1/6) from ['node_11']
[ 2026-05-14 16:01:03 | node_31 | INFO ] ⏹️  Gossiping exited for 10 equal rounds.
[ 2026-05-14 16:01:03 | node_20 | INFO ] 🏋️‍♀️ Preparing training...
[ 2026-05-14 16:01:03 | node_3 | INFO ] 🧩 Model added for round 99 (4/11) from ['node_34']
[ 2026-05-14 16:01:03 | node_46 | INFO ] ✅ [FORCE] Local model added for round 99. (2/9)
[ 2026-05-14 16:01:03 | node_36 | INFO ] 🎓 Training step done.
[ 2026-05-14 16:01:03 | node_46 | INFO ] 📤 Sending model to 8 direct neighbors: ['node_3', 'node_7', 'node_24', 'node_29', 'node_39', 'node_40', 'node_41', 'node_47']
[ 2026-05-14 16:01:03 | node_3 | INFO ] 🧩 Model added for round 99 (5/11) from ['node_32']
[ 2026-05-14 16:01:03 | node_31 | INFO ] 🔬 Evaluating...
[ 2026-05-14 16:01:04 | node_22 | INFO ] ⏹️  Gossiping exited for 10 equal rounds.
[ 2026-05-14 16:01:04 | node_21 | INFO ] ⏹️  Gossiping exited for 10 equal rounds.
[ 2026-05-14 16:01:04 | node_9 | INFO ] 🧩 Model added for round 99 (1/12) from ['node_39']
[ 2026-05-14 16:01:04 | node_20 | INFO ] 🎓 Training step done.
[ 2026-05-14 16:01:04 | node_25 | INFO ] 🧩 Model added for round 99 (4/11) from ['node_7']
[ 2026-05-14 16:01:04 | node_45 | INFO ] 🛠️ Calling force_add_local_model...
[ 2026-05-14 16:01:04 | node_21 | INFO ] 🔬 Evaluating...
[ 2026-05-14 16:01:04 | node_22 | INFO ] 🔬 Evaluating...
[ 2026-05-14 16:01:04 | node_3 | INFO ] 🧩 Model added for round 99 (6/11) from ['node_46']
[ 2026-05-14 16:01:04 | node_31 | INFO ] 📈 Evaluated. Results: {'test_loss': 9.941917419433594, 'test_acc': 0.029498524963855743, 'test_precision': 0.0657527893781662, 'test_recall': 0.023173414170742035, 'test_f1': 0.023392517119646072, 'communication_cost': 26343772}
[ 2026-05-14 16:01:04 | node_4 | INFO ] ⏹️  Gossiping exited for 10 equal rounds.
[ 2026-05-14 16:01:04 | node_45 | INFO ] ✅ [FORCE] Local model added for round 99. (3/11)
[ 2026-05-14 16:01:04 | node_7 | INFO ] 🧩 Model added for round 99 (3/10) from ['node_24']
[ 2026-05-14 16:01:04 | node_45 | INFO ] 📤 Sending model to 10 direct neighbors: ['node_4', 'node_5', 'node_7', 'node_8', 'node_12', 'node_18', 'node_38', 'node_43', 'node_48', 'node_49']
[ 2026-05-14 16:01:05 | node_25 | INFO ] 🧩 Model added for round 99 (5/11) from ['node_6']
[ 2026-05-14 16:01:05 | node_31 | INFO ] 📢 Broadcasting metrics.
[ 2026-05-14 16:01:05 | node_25 | INFO ] 🛠️ Calling force_add_local_model...
[ 2026-05-14 16:01:05 | node_9 | INFO ] 🛠️ Calling force_add_local_model...
[ 2026-05-14 16:01:05 | node_9 | INFO ] ✅ [FORCE] Local model added for round 99. (2/12)
[ 2026-05-14 16:01:05 | node_4 | INFO ] 🔬 Evaluating...
[ 2026-05-14 16:01:05 | node_3 | INFO ] 🛠️ Calling force_add_local_model...
[ 2026-05-14 16:01:05 | node_25 | INFO ] ✅ [FORCE] Local model added for round 99. (6/11)
[ 2026-05-14 16:01:05 | node_22 | INFO ] 📈 Evaluated. Results: {'test_loss': 7.151678562164307, 'test_acc': 0.0979020968079567, 'test_precision': 0.1511216014623642, 'test_recall': 0.10450054705142975, 'test_f1': 0.053535860031843185, 'communication_cost': 33870564}
[ 2026-05-14 16:01:05 | node_9 | INFO ] 📤 Sending model to 11 direct neighbors: ['node_3', 'node_5', 'node_15', 'node_23', 'node_25', 'node_27', 'node_28', 'node_34', 'node_39', 'node_40', 'node_47']
[ 2026-05-14 16:01:05 | node_25 | INFO ] 📤 Sending model to 10 direct neighbors: ['node_3', 'node_6', 'node_7', 'node_8', 'node_9', 'node_10', 'node_11', 'node_40', 'node_43', 'node_47']
[ 2026-05-14 16:01:05 | node_3 | INFO ] ✅ [FORCE] Local model added for round 99. (7/11)
[ 2026-05-14 16:01:05 | node_21 | INFO ] 📈 Evaluated. Results: {'test_loss': 6.3420796394348145, 'test_acc': 0.1413690447807312, 'test_precision': 0.15051019191741943, 'test_recall': 0.04448670521378517, 'test_f1': 0.05315975844860077, 'communication_cost': 30107168}
[ 2026-05-14 16:01:05 | node_3 | INFO ] 📤 Sending model to 10 direct neighbors: ['node', 'node_9', 'node_19', 'node_25', 'node_32', 'node_34', 'node_42', 'node_44', 'node_46', 'node_47']
[ 2026-05-14 16:01:05 | node_22 | INFO ] 📢 Broadcasting metrics.
[ 2026-05-14 16:01:05 | node_21 | INFO ] 📢 Broadcasting metrics.
[ 2026-05-14 16:01:05 | node_1 | INFO ] 🧩 Model added for round 99 (4/6) from ['node_23']
[ 2026-05-14 16:01:05 | node_24 | INFO ] 🧩 Model added for round 99 (3/10) from ['node_16']
[ 2026-05-14 16:01:05 | node_4 | INFO ] 📈 Evaluated. Results: {'test_loss': 10.544401168823242, 'test_acc': 0.0994575023651123, 'test_precision': 0.045755062252283096, 'test_recall': 0.04578657075762749, 'test_f1': 0.031861428171396255, 'communication_cost': 56450940}
[ 2026-05-14 16:01:05 | node_34 | INFO ] 🧩 Model added for round 99 (2/9) from ['node_44']
[ 2026-05-14 16:01:05 | node_3 | INFO ] 🧩 Model added for round 99 (8/11) from ['node_9']
[ 2026-05-14 16:01:05 | node_47 | INFO ] 🛠️ Calling force_add_local_model...
[ 2026-05-14 16:01:05 | node_4 | INFO ] 📢 Broadcasting metrics.
[ 2026-05-14 16:01:05 | node_3 | INFO ] 🧩 Model added for round 99 (9/11) from ['node_25']
[ 2026-05-14 16:01:05 | node_14 | INFO ] 🧩 Model added for round 99 (2/7) from ['node_18']
[ 2026-05-14 16:01:05 | node_47 | INFO ] ✅ [FORCE] Local model added for round 99. (1/13)
[ 2026-05-14 16:01:06 | node | INFO ] 🧩 Model added for round 99 (5/8) from ['node_3']
[ 2026-05-14 16:01:06 | node_47 | INFO ] 📤 Sending model to 12 direct neighbors: ['node_3', 'node_9', 'node_13', 'node_21', 'node_22', 'node_25', 'node_32', 'node_33', 'node_41', 'node_46', 'node_48', 'node_49']
[ 2026-05-14 16:01:06 | node_3 | INFO ] 🧩 Model added for round 99 (10/11) from ['node_47']
[ 2026-05-14 16:01:06 | node_7 | INFO ] 🧩 Model added for round 99 (4/10) from ['node_45']
[ 2026-05-14 16:01:06 | node_36 | INFO ] 🧩 Model added for round 99 (2/13) from ['node_11']
[ 2026-05-14 16:01:06 | node_30 | INFO ] ⏹️  Gossiping exited for 10 equal rounds.
[ 2026-05-14 16:01:07 | node_25 | INFO ] 🧩 Model added for round 99 (7/11) from ['node_10']
[ 2026-05-14 16:01:07 | node_39 | INFO ] 🧩 Model added for round 99 (2/7) from ['node_8']
[ 2026-05-14 16:01:07 | node_30 | INFO ] 🔬 Evaluating...
[ 2026-05-14 16:01:07 | node_9 | INFO ] 🧩 Model added for round 99 (3/12) from ['node_34']
[ 2026-05-14 16:01:07 | node_26 | INFO ] 🧩 Model added for round 99 (3/7) from ['node_7']
[ 2026-05-14 16:01:07 | node_7 | INFO ] 🧩 Model added for round 99 (5/10) from ['node_46']
[ 2026-05-14 16:01:07 | node_28 | INFO ] ⏹️  Gossiping exited for 10 equal rounds.
[ 2026-05-14 16:01:07 | node_16 | INFO ] 🧩 Model added for round 99 (3/11) from ['node_24']
[ 2026-05-14 16:01:07 | node_9 | INFO ] 🧩 Model added for round 99 (4/12) from ['node_23']
[ 2026-05-14 16:01:07 | node_10 | INFO ] 🧩 Model added for round 99 (3/12) from ['node_32']
[ 2026-05-14 16:01:07 | node_10 | INFO ] 🧩 Model added for round 99 (4/12) from ['node_39']
[ 2026-05-14 16:01:07 | node_30 | INFO ] 📈 Evaluated. Results: {'test_loss': 7.581901550292969, 'test_acc': 0.1818181872367859, 'test_precision': 0.04545454680919647, 'test_recall': 0.032258063554763794, 'test_f1': 0.03773584961891174, 'communication_cost': 33870564}
[ 2026-05-14 16:01:07 | node_28 | INFO ] 🔬 Evaluating...
[ 2026-05-14 16:01:07 | node_30 | INFO ] 📢 Broadcasting metrics.
[ 2026-05-14 16:01:07 | node_39 | INFO ] 🧩 Model added for round 99 (3/7) from ['node_44']
[ 2026-05-14 16:01:08 | node_9 | INFO ] 🧩 Model added for round 99 (5/12) from ['node_3']
[ 2026-05-14 16:01:08 | node_28 | INFO ] 📈 Evaluated. Results: {'test_loss': 5.208242893218994, 'test_acc': 0.24513618648052216, 'test_precision': 0.12630656361579895, 'test_recall': 0.13121220469474792, 'test_f1': 0.07593166828155518, 'communication_cost': 30107168}
[ 2026-05-14 16:01:08 | node_28 | INFO ] 📢 Broadcasting metrics.
[ 2026-05-14 16:01:08 | node_6 | INFO ] 🧩 Model added for round 99 (4/8) from ['node_25']
[ 2026-05-14 16:01:08 | node_36 | INFO ] 🛠️ Calling force_add_local_model...
[ 2026-05-14 16:01:09 | node_36 | INFO ] ✅ [FORCE] Local model added for round 99. (3/13)
[ 2026-05-14 16:01:09 | node_36 | INFO ] 📤 Sending model to 12 direct neighbors: ['node_5', 'node_7', 'node_11', 'node_15', 'node_16', 'node_18', 'node_19', 'node_21', 'node_26', 'node_35', 'node_40', 'node_41']
[ 2026-05-14 16:01:09 | node_32 | INFO ] 🧩 Model added for round 99 (5/9) from ['node_16']
[ 2026-05-14 16:01:09 | node_36 | INFO ] 🧩 Model added for round 99 (4/13) from ['node_18']
[ 2026-05-14 16:01:09 | node_8 | INFO ] 🧩 Model added for round 99 (6/9) from ['node_45']
[ 2026-05-14 16:01:09 | node_23 | INFO ] 🧩 Model added for round 99 (6/9) from ['node_9']
[ 2026-05-14 16:01:09 | node_9 | INFO ] 🧩 Model added for round 99 (6/12) from ['node_47']
[ 2026-05-14 16:01:09 | node_20 | INFO ] 🛠️ Calling force_add_local_model...
[ 2026-05-14 16:01:09 | node_20 | INFO ] ✅ [FORCE] Local model added for round 99. (2/6)
[ 2026-05-14 16:01:09 | node_20 | INFO ] 📤 Sending model to 5 direct neighbors: ['node_4', 'node_11', 'node_27', 'node_41', 'node_48']
[ 2026-05-14 16:01:09 | node_36 | INFO ] 🧩 Model added for round 99 (5/13) from ['node_7']
[ 2026-05-14 16:01:09 | node_44 | INFO ] 🧩 Model added for round 99 (2/7) from ['node_8']
[ 2026-05-14 16:01:10 | node_24 | INFO ] 🧩 Model added for round 99 (4/10) from ['node_46']
[ 2026-05-14 16:01:10 | node_7 | INFO ] 🧩 Model added for round 99 (6/10) from ['node_36']
[ 2026-05-14 16:01:10 | node_12 | INFO ] 🧩 Model added for round 99 (2/7) from ['node_23']
[ 2026-05-14 16:01:10 | node_33 | INFO ] ⏹️  Gossiping exited for 10 equal rounds.
[ 2026-05-14 16:01:10 | node_14 | INFO ] 🧩 Model added for round 99 (3/7) from ['node_32']
[ 2026-05-14 16:01:10 | node_19 | INFO ] ⏹️  Gossiping exited for 10 equal rounds.
[ 2026-05-14 16:01:11 | node_41 | INFO ] ⏹️  Gossiping exited for 10 equal rounds.
[ 2026-05-14 16:01:11 | node_33 | INFO ] 🔬 Evaluating...
[ 2026-05-14 16:01:11 | node_34 | INFO ] 🧩 Model added for round 99 (3/9) from ['node_24']
[ 2026-05-14 16:01:11 | node_11 | INFO ] 🧩 Model added for round 99 (3/8) from ['node_20']
[ 2026-05-14 16:01:11 | node_7 | INFO ] 🧩 Model added for round 99 (7/10) from ['node_25']
[ 2026-05-14 16:01:11 | node_24 | INFO ] 🧩 Model added for round 99 (5/10) from ['node_34']
[ 2026-05-14 16:01:11 | node_19 | INFO ] 🔬 Evaluating...
[ 2026-05-14 16:01:11 | node_32 | INFO ] 🧩 Model added for round 99 (6/9) from ['node_10']
[ 2026-05-14 16:01:11 | node_41 | INFO ] 🔬 Evaluating...
[ 2026-05-14 16:01:11 | node_31 | INFO ] 🎉 Round 99 of 100 finished.
[ 2026-05-14 16:01:11 | node_33 | INFO ] 📈 Evaluated. Results: {'test_loss': 10.621530532836914, 'test_acc': 0.25, 'test_precision': 0.125, 'test_recall': 0.125, 'test_f1': 0.125, 'communication_cost': 33870564}
[ 2026-05-14 16:01:11 | node_44 | INFO ] 🧩 Model added for round 99 (3/7) from ['node_39']
[ 2026-05-14 16:01:11 | node_31 | INFO ] 🗳️ [DETERMINISTIC] Train set assigned (No Voting). Size: 50
[ 2026-05-14 16:01:11 | node_33 | INFO ] 📢 Broadcasting metrics.
[ 2026-05-14 16:01:12 | node_19 | INFO ] 📈 Evaluated. Results: {'test_loss': 3.8244168758392334, 'test_acc': 0.5316455960273743, 'test_precision': 0.2859797477722168, 'test_recall': 0.2514055073261261, 'test_f1': 0.24875904619693756, 'communication_cost': 33870564}
[ 2026-05-14 16:01:12 | node_12 | INFO ] 🧩 Model added for round 99 (3/7) from ['node_45']
[ 2026-05-14 16:01:12 | node_41 | INFO ] 📈 Evaluated. Results: {'test_loss': 7.429045677185059, 'test_acc': 0.0476190485060215, 'test_precision': 0.125, 'test_recall': 0.006127451080828905, 'test_f1': 0.011682244017720222, 'communication_cost': 26343772}
[ 2026-05-14 16:01:12 | node_19 | INFO ] 📢 Broadcasting metrics.
[ 2026-05-14 16:01:12 | node_31 | INFO ] ♻️ Proactively processing 3 early models for round 99.
[ 2026-05-14 16:01:12 | node_36 | INFO ] 🧩 Model added for round 99 (6/13) from ['node_16']
[ 2026-05-14 16:01:12 | node_41 | INFO ] 📢 Broadcasting metrics.
[ 2026-05-14 16:01:12 | node_25 | INFO ] 🧩 Model added for round 99 (8/11) from ['node_9']
[ 2026-05-14 16:01:12 | node_31 | INFO ] 🧩 Model added for round 99 (1/8) from ['node_37']
[ 2026-05-14 16:01:12 | node_45 | INFO ] 🧩 Model added for round 99 (4/11) from ['node_8']
[ 2026-05-14 16:01:12 | node_25 | INFO ] 🧩 Model added for round 99 (9/11) from ['node_3']
[ 2026-05-14 16:01:12 | node_31 | INFO ] 🧩 Model added for round 99 (2/8) from ['node_12']
[ 2026-05-14 16:01:12 | node_31 | INFO ] 🧩 Model added for round 99 (3/8) from ['node_10']
[ 2026-05-14 16:01:12 | node_31 | INFO ] 🏋️‍♀️ Preparing training...
[ 2026-05-14 16:01:12 | node_14 | INFO ] 🧩 Model added for round 99 (4/7) from ['node_23']
[ 2026-05-14 16:01:13 | node_31 | INFO ] 🎓 Training step done.
[ 2026-05-14 16:01:13 | node_45 | INFO ] 🧩 Model added for round 99 (5/11) from ['node_18']
[ 2026-05-14 16:01:13 | node_16 | INFO ] 🧩 Model added for round 99 (4/11) from ['node_32']
[ 2026-05-14 16:01:13 | node_21 | INFO ] 🎉 Round 99 of 100 finished.
[ 2026-05-14 16:01:13 | node_11 | INFO ] 🧩 Model added for round 99 (4/8) from ['node_36']
[ 2026-05-14 16:01:13 | node_29 | INFO ] 🧩 Model added for round 99 (2/5) from ['node_46']
[ 2026-05-14 16:01:13 | node_21 | INFO ] 🗳️ [DETERMINISTIC] Train set assigned (No Voting). Size: 50
[ 2026-05-14 16:01:13 | node_45 | INFO ] 🧩 Model added for round 99 (6/11) from ['node_7']
[ 2026-05-14 16:01:13 | node_22 | INFO ] 🎉 Round 99 of 100 finished.
[ 2026-05-14 16:01:13 | node_21 | INFO ] ♻️ Proactively processing 6 early models for round 99.
[ 2026-05-14 16:01:13 | node_21 | INFO ] 🧩 Model added for round 99 (1/9) from ['node_43']
[ 2026-05-14 16:01:13 | node_22 | INFO ] 🗳️ [DETERMINISTIC] Train set assigned (No Voting). Size: 50
[ 2026-05-14 16:01:13 | node_46 | INFO ] 🧩 Model added for round 99 (3/9) from ['node_39']
[ 2026-05-14 16:01:13 | node_21 | INFO ] 🧩 Model added for round 99 (2/9) from ['node_14']
[ 2026-05-14 16:01:14 | node_18 | INFO ] 🧩 Model added for round 99 (4/10) from ['node_45']
[ 2026-05-14 16:01:14 | node_21 | INFO ] 🧩 Model added for round 99 (3/9) from ['node_29']
[ 2026-05-14 16:01:14 | node_22 | INFO ] ♻️ Proactively processing 3 early models for round 99.
[ 2026-05-14 16:01:14 | node_21 | INFO ] 🧩 Model added for round 99 (4/9) from ['node_10']
[ 2026-05-14 16:01:14 | node_40 | INFO ] ⏹️  Gossiping exited for 10 equal rounds.
[ 2026-05-14 16:01:14 | node_22 | INFO ] 🧩 Model added for round 99 (1/10) from ['node_37']
[ 2026-05-14 16:01:14 | node_21 | INFO ] 🧩 Model added for round 99 (5/9) from ['node_18']
[ 2026-05-14 16:01:14 | node_8 | INFO ] 🧩 Model added for round 99 (7/9) from ['node_25']
[ 2026-05-14 16:01:14 | node_22 | INFO ] 🧩 Model added for round 99 (2/10) from ['node_2']
[ 2026-05-14 16:01:14 | node_21 | INFO ] 🧩 Model added for round 99 (6/9) from ['node_47']
[ 2026-05-14 16:01:14 | node_22 | INFO ] 🧩 Model added for round 99 (3/10) from ['node_18']
[ 2026-05-14 16:01:14 | node_21 | INFO ] 🏋️‍♀️ Preparing training...
[ 2026-05-14 16:01:14 | node_39 | INFO ] 🧩 Model added for round 99 (4/7) from ['node_10']
[ 2026-05-14 16:01:14 | node_40 | INFO ] 🔬 Evaluating...
[ 2026-05-14 16:01:14 | node_22 | INFO ] 🏋️‍♀️ Preparing training...
[ 2026-05-14 16:01:14 | node_22 | INFO ] 🧩 Model added for round 99 (4/10) from ['node_47']
[ 2026-05-14 16:01:15 | node_44 | INFO ] 🧩 Model added for round 99 (4/7) from ['node_34']
[ 2026-05-14 16:01:15 | node_46 | INFO ] 🧩 Model added for round 99 (4/9) from ['node_24']
[ 2026-05-14 16:01:15 | node_22 | INFO ] 🧩 Model added for round 99 (5/10) from ['node_23']
[ 2026-05-14 16:01:15 | node_39 | INFO ] 🧩 Model added for round 99 (5/7) from ['node_46']
[ 2026-05-14 16:01:15 | node_40 | INFO ] 📈 Evaluated. Results: {'test_loss': 11.484709739685059, 'test_acc': 0.07874015718698502, 'test_precision': 0.07475674152374268, 'test_recall': 0.051281239837408066, 'test_f1': 0.048330601304769516, 'communication_cost': 30107168}
[ 2026-05-14 16:01:15 | node_32 | INFO ] 🧩 Model added for round 99 (7/9) from ['node_3']
[ 2026-05-14 16:01:15 | node_21 | INFO ] 🎓 Training step done.
[ 2026-05-14 16:01:15 | node_40 | INFO ] 📢 Broadcasting metrics.
[ 2026-05-14 16:01:15 | node_22 | INFO ] 🎓 Training step done.
[ 2026-05-14 16:01:15 | node_28 | INFO ] 🎉 Round 99 of 100 finished.
[ 2026-05-14 16:01:15 | node_26 | INFO ] 🧩 Model added for round 99 (4/7) from ['node_32']
[ 2026-05-14 16:01:16 | node_28 | INFO ] 🗳️ [DETERMINISTIC] Train set assigned (No Voting). Size: 50
[ 2026-05-14 16:01:16 | node_16 | INFO ] 🧩 Model added for round 99 (5/11) from ['node_36']
[ 2026-05-14 16:01:16 | node_34 | INFO ] 🧩 Model added for round 99 (4/9) from ['node_9']
[ 2026-05-14 16:01:16 | node_28 | INFO ] ♻️ Proactively processing 4 early models for round 99.
[ 2026-05-14 16:01:16 | node_30 | INFO ] 🎉 Round 99 of 100 finished.
[ 2026-05-14 16:01:16 | node_28 | INFO ] 🧩 Model added for round 99 (1/9) from ['node_2']
[ 2026-05-14 16:01:16 | node_46 | INFO ] 🧩 Model added for round 99 (5/9) from ['node_7']
[ 2026-05-14 16:01:16 | node_28 | INFO ] 🧩 Model added for round 99 (2/9) from ['node_16']
[ 2026-05-14 16:01:16 | node_30 | INFO ] 🗳️ [DETERMINISTIC] Train set assigned (No Voting). Size: 50
[ 2026-05-14 16:01:16 | node_28 | INFO ] 🧩 Model added for round 99 (3/9) from ['node_7']
[ 2026-05-14 16:01:16 | node_28 | INFO ] 🧩 Model added for round 99 (4/9) from ['node_9']
[ 2026-05-14 16:01:16 | node_9 | INFO ] 🧩 Model added for round 99 (7/12) from ['node_25']
[ 2026-05-14 16:01:16 | node_28 | INFO ] 🏋️‍♀️ Preparing training...
[ 2026-05-14 16:01:16 | node_30 | INFO ] ♻️ Proactively processing 2 early models for round 99.
[ 2026-05-14 16:01:16 | node_30 | INFO ] 🧩 Model added for round 99 (1/10) from ['node_8']
[ 2026-05-14 16:01:16 | node_30 | INFO ] 🧩 Model added for round 99 (2/10) from ['node_24']
[ 2026-05-14 16:01:16 | node_25 | INFO ] 🧩 Model added for round 99 (10/11) from ['node_47']
[ 2026-05-14 16:01:17 | node_30 | INFO ] 🏋️‍♀️ Preparing training...
[ 2026-05-14 16:01:17 | node_48 | INFO ] ⏹️  Gossiping exited for 10 equal rounds.
[ 2026-05-14 16:01:17 | node_43 | INFO ] 🧩 Model added for round 99 (2/5) from ['node_45']
[ 2026-05-14 16:01:17 | node_34 | INFO ] 🧩 Model added for round 99 (5/9) from ['node_3']
[ 2026-05-14 16:01:17 | node_30 | INFO ] 🧩 Model added for round 99 (3/10) from ['node_23']
[ 2026-05-14 16:01:17 | node_28 | INFO ] 🎓 Training step done.
[ 2026-05-14 16:01:17 | node_48 | INFO ] 🔬 Evaluating...
[ 2026-05-14 16:01:17 | node_30 | INFO ] 🎓 Training step done.
[ 2026-05-14 16:01:17 | node_47 | INFO ] 🧩 Model added for round 99 (2/13) from ['node_46']
[ 2026-05-14 16:01:17 | node_37 | INFO ] 🧩 Model added for round 99 (3/6) from ['node_32']
[ 2026-05-14 16:01:17 | node_35 | INFO ] ⏹️  Gossiping exited for 10 equal rounds.
[ 2026-05-14 16:01:17 | node_48 | INFO ] 📈 Evaluated. Results: {'test_loss': 14.669672966003418, 'test_acc': 0.050713155418634415, 'test_precision': 0.02163761295378208, 'test_recall': 0.015335201285779476, 'test_f1': 0.016146084293723106, 'communication_cost': 30107168}
[ 2026-05-14 16:01:17 | node_48 | INFO ] 📢 Broadcasting metrics.
[ 2026-05-14 16:01:17 | node_35 | INFO ] 🔬 Evaluating...
[ 2026-05-14 16:01:17 | node_41 | INFO ] 🎉 Round 99 of 100 finished.
[ 2026-05-14 16:01:17 | node_39 | INFO ] 🧩 Model added for round 99 (6/7) from ['node_9']
[ 2026-05-14 16:01:18 | node_41 | INFO ] 🗳️ [DETERMINISTIC] Train set assigned (No Voting). Size: 50
[ 2026-05-14 16:01:18 | node_31 | INFO ] 🛠️ Calling force_add_local_model...
[ 2026-05-14 16:01:18 | node_35 | INFO ] 📈 Evaluated. Results: {'test_loss': 13.758644104003906, 'test_acc': 0.0793650820851326, 'test_precision': 0.0694444477558136, 'test_recall': 0.05681818351149559, 'test_f1': 0.0625, 'communication_cost': 33870564}
[ 2026-05-14 16:01:18 | node_31 | INFO ] ✅ [FORCE] Local model added for round 99. (4/8)
[ 2026-05-14 16:01:18 | node_31 | INFO ] 📤 Sending model to 7 direct neighbors: ['node_5', 'node_10', 'node_12', 'node_19', 'node_22', 'node_37', 'node_49']
[ 2026-05-14 16:01:18 | node_41 | INFO ] ♻️ Proactively processing 4 early models for round 99.
[ 2026-05-14 16:01:18 | node_18 | INFO ] 🧩 Model added for round 99 (5/10) from ['node_36']
[ 2026-05-14 16:01:18 | node_35 | INFO ] 📢 Broadcasting metrics.
[ 2026-05-14 16:01:18 | node_4 | INFO ] 🎉 Round 99 of 100 finished.
[ 2026-05-14 16:01:18 | node_41 | INFO ] 🧩 Model added for round 99 (1/8) from ['node_6']
[ 2026-05-14 16:01:18 | node_41 | INFO ] 🧩 Model added for round 99 (2/8) from ['node_8']
[ 2026-05-14 16:01:18 | node_4 | INFO ] 🗳️ [DETERMINISTIC] Train set assigned (No Voting). Size: 50
[ 2026-05-14 16:01:18 | node_41 | INFO ] 🧩 Model added for round 99 (3/8) from ['node_20']
[ 2026-05-14 16:01:18 | node_41 | INFO ] 🧩 Model added for round 99 (4/8) from ['node_46']
[ 2026-05-14 16:01:18 | node_41 | INFO ] 🏋️‍♀️ Preparing training...
[ 2026-05-14 16:01:18 | node_4 | INFO ] ♻️ Proactively processing 11 early models for round 99.
[ 2026-05-14 16:01:18 | node_42 | INFO ] 🧩 Model added for round 99 (3/5) from ['node_3']
[ 2026-05-14 16:01:18 | node_4 | INFO ] 🧩 Model added for round 99 (1/16) from ['node_43']
[ 2026-05-14 16:01:18 | node_33 | INFO ] 🎉 Round 99 of 100 finished.
[ 2026-05-14 16:01:18 | node_47 | INFO ] 🧩 Model added for round 99 (3/13) from ['node_32']
[ 2026-05-14 16:01:18 | node_10 | INFO ] 🧩 Model added for round 99 (5/12) from ['node_25']
[ 2026-05-14 16:01:18 | node_4 | INFO ] 🧩 Model added for round 99 (2/16) from ['node_26']
[ 2026-05-14 16:01:18 | node_19 | INFO ] 🎉 Round 99 of 100 finished.
[ 2026-05-14 16:01:18 | node_32 | INFO ] 🧩 Model added for round 99 (8/9) from ['node_47']
[ 2026-05-14 16:01:18 | node_4 | INFO ] 🧩 Model added for round 99 (3/16) from ['node_42']
[ 2026-05-14 16:01:18 | node_33 | INFO ] 🗳️ [DETERMINISTIC] Train set assigned (No Voting). Size: 50
[ 2026-05-14 16:01:18 | node_19 | INFO ] 🗳️ [DETERMINISTIC] Train set assigned (No Voting). Size: 50
[ 2026-05-14 16:01:18 | node_4 | INFO ] 🧩 Model added for round 99 (4/16) from ['node_11']
[ 2026-05-14 16:01:19 | node_4 | INFO ] 🧩 Model added for round 99 (5/16) from ['node_24']
[ 2026-05-14 16:01:19 | node_10 | INFO ] 🧩 Model added for round 99 (6/12) from ['node_31']
[ 2026-05-14 16:01:19 | node_33 | INFO ] ♻️ Proactively processing 6 early models for round 99.
[ 2026-05-14 16:01:19 | node_4 | INFO ] 🧩 Model added for round 99 (6/16) from ['node_10']
[ 2026-05-14 16:01:19 | node_33 | INFO ] 🧩 Model added for round 99 (1/10) from ['node_42']
[ 2026-05-14 16:01:19 | node_19 | INFO ] ♻️ Proactively processing 3 early models for round 99.
[ 2026-05-14 16:01:19 | node_4 | INFO ] 🧩 Model added for round 99 (7/16) from ['node_45']
[ 2026-05-14 16:01:19 | node_19 | INFO ] 🧩 Model added for round 99 (1/10) from ['node_17']
[ 2026-05-14 16:01:19 | node_33 | INFO ] 🧩 Model added for round 99 (2/10) from ['node_12']
[ 2026-05-14 16:01:19 | node_4 | INFO ] 🧩 Model added for round 99 (8/16) from ['node_34']
[ 2026-05-14 16:01:19 | node_19 | INFO ] 🧩 Model added for round 99 (2/10) from ['node_16']
[ 2026-05-14 16:01:19 | node_33 | INFO ] 🧩 Model added for round 99 (3/10) from ['node_1']
[ 2026-05-14 16:01:19 | node_4 | INFO ] 🧩 Model added for round 99 (9/16) from ['node_23']
[ 2026-05-14 16:01:19 | node_33 | INFO ] 🧩 Model added for round 99 (4/10) from ['node_44']
[ 2026-05-14 16:01:19 | node_19 | INFO ] 🧩 Model added for round 99 (3/10) from ['node_3']
[ 2026-05-14 16:01:19 | node_4 | INFO ] 🧩 Model added for round 99 (10/16) from ['node_32']
[ 2026-05-14 16:01:19 | node_33 | INFO ] 🧩 Model added for round 99 (5/10) from ['node_11']
[ 2026-05-14 16:01:19 | node_19 | INFO ] 🏋️‍♀️ Preparing training...
[ 2026-05-14 16:01:19 | node_4 | INFO ] 🧩 Model added for round 99 (11/16) from ['node_20']
[ 2026-05-14 16:01:19 | node_41 | INFO ] 🎓 Training step done.
[ 2026-05-14 16:01:19 | node_33 | INFO ] 🧩 Model added for round 99 (6/10) from ['node_6']
[ 2026-05-14 16:01:19 | node_4 | INFO ] 🏋️‍♀️ Preparing training...
[ 2026-05-14 16:01:19 | node_33 | INFO ] 🏋️‍♀️ Preparing training...
[ 2026-05-14 16:01:19 | node_47 | INFO ] 🧩 Model added for round 99 (4/13) from ['node_9']
[ 2026-05-14 16:01:19 | node_38 | INFO ] ⏹️  Gossiping exited for 10 equal rounds.
[ 2026-05-14 16:01:19 | node_49 | INFO ] ⏹️  Gossiping exited for 10 equal rounds.
[ 2026-05-14 16:01:19 | node_44 | INFO ] 🧩 Model added for round 99 (5/7) from ['node_3']
[ 2026-05-14 16:01:19 | node_38 | INFO ] 🔬 Evaluating...
[ 2026-05-14 16:01:19 | node_49 | INFO ] 🔬 Evaluating...
[ 2026-05-14 16:01:19 | node_19 | INFO ] 🧩 Model added for round 99 (4/10) from ['node_36']
[ 2026-05-14 16:01:20 | node_19 | INFO ] 🎓 Training step done.
[ 2026-05-14 16:01:20 | node_4 | INFO ] 🎓 Training step done.
[ 2026-05-14 16:01:20 | node_38 | INFO ] 📈 Evaluated. Results: {'test_loss': 6.843286037445068, 'test_acc': 0.19760479032993317, 'test_precision': 0.11438728123903275, 'test_recall': 0.05492854490876198, 'test_f1': 0.059532683342695236, 'communication_cost': 33870564}
[ 2026-05-14 16:01:20 | node_33 | INFO ] 🎓 Training step done.
[ 2026-05-14 16:01:20 | node_49 | INFO ] 📈 Evaluated. Results: {'test_loss': 0.8579416275024414, 'test_acc': 0.7818182110786438, 'test_precision': 0.17664851248264313, 'test_recall': 0.16926917433738708, 'test_f1': 0.16740915179252625, 'communication_cost': 37633960}
[ 2026-05-14 16:01:20 | node_40 | INFO ] 🎉 Round 99 of 100 finished.
[ 2026-05-14 16:01:20 | node_38 | INFO ] 📢 Broadcasting metrics.
[ 2026-05-14 16:01:20 | node_33 | INFO ] 🧩 Model added for round 99 (7/10) from ['node_47']
[ 2026-05-14 16:01:20 | node_40 | INFO ] 🗳️ [DETERMINISTIC] Train set assigned (No Voting). Size: 50
[ 2026-05-14 16:01:20 | node_21 | INFO ] 🛠️ Calling force_add_local_model...
[ 2026-05-14 16:01:20 | node_49 | INFO ] 📢 Broadcasting metrics.
[ 2026-05-14 16:01:20 | node_21 | INFO ] ✅ [FORCE] Local model added for round 99. (7/9)
[ 2026-05-14 16:01:20 | node_22 | INFO ] 🛠️ Calling force_add_local_model...
[ 2026-05-14 16:01:20 | node_21 | INFO ] 📤 Sending model to 8 direct neighbors: ['node_10', 'node_14', 'node_18', 'node_29', 'node_35', 'node_36', 'node_43', 'node_47']
[ 2026-05-14 16:01:20 | node_22 | INFO ] ✅ [FORCE] Local model added for round 99. (6/10)
[ 2026-05-14 16:01:20 | node_40 | INFO ] ♻️ Proactively processing 5 early models for round 99.
[ 2026-05-14 16:01:20 | node_22 | INFO ] 📤 Sending model to 9 direct neighbors: ['node_2', 'node_18', 'node_23', 'node_30', 'node_31', 'node_35', 'node_37', 'node_38', 'node_47']
[ 2026-05-14 16:01:20 | node_40 | INFO ] 🧩 Model added for round 99 (1/9) from ['node_39']
[ 2026-05-14 16:01:20 | node_11 | INFO ] 🧩 Model added for round 99 (5/8) from ['node_25']
[ 2026-05-14 16:01:20 | node_40 | INFO ] 🧩 Model added for round 99 (2/9) from ['node_24']
[ 2026-05-14 16:01:20 | node_40 | INFO ] 🧩 Model added for round 99 (3/9) from ['node_16']
[ 2026-05-14 16:01:20 | node_40 | INFO ] 🧩 Model added for round 99 (4/9) from ['node_46']
[ 2026-05-14 16:01:20 | node_10 | INFO ] 🧩 Model added for round 99 (7/12) from ['node_21']
[ 2026-05-14 16:01:20 | node_40 | INFO ] 🧩 Model added for round 99 (5/9) from ['node_9']
[ 2026-05-14 16:01:20 | node_40 | INFO ] 🏋️‍♀️ Preparing training...
[ 2026-05-14 16:01:21 | node_12 | INFO ] 🧩 Model added for round 99 (4/7) from ['node_31']
[ 2026-05-14 16:01:21 | node_2 | INFO ] 🧩 Model added for round 99 (7/9) from ['node_22']
[ 2026-05-14 16:01:21 | node_46 | INFO ] 🧩 Model added for round 99 (6/9) from ['node_3']
[ 2026-05-14 16:01:21 | node_40 | INFO ] 🎓 Training step done.
[ 2026-05-14 16:01:21 | node_5 | INFO ] ⏹️  Gossiping exited for 10 equal rounds.
[ 2026-05-14 16:01:21 | node_5 | INFO ] 🔬 Evaluating...
[ 2026-05-14 16:01:21 | node_21 | INFO ] 🧩 Model added for round 99 (8/9) from ['node_36']
[ 2026-05-14 16:01:22 | node_5 | INFO ] 📈 Evaluated. Results: {'test_loss': 3.5824742317199707, 'test_acc': 0.3764705955982208, 'test_precision': 0.12568627297878265, 'test_recall': 0.054150328040122986, 'test_f1': 0.07495653629302979, 'communication_cost': 30107168}
[ 2026-05-14 16:01:22 | node_5 | INFO ] 📢 Broadcasting metrics.
[ 2026-05-14 16:01:22 | node_41 | INFO ] 🧩 Model added for round 99 (5/8) from ['node_47']
[ 2026-05-14 16:01:22 | node_40 | INFO ] 🧩 Model added for round 99 (6/9) from ['node_25']
[ 2026-05-14 16:01:22 | node_28 | INFO ] 🛠️ Calling force_add_local_model...
[ 2026-05-14 16:01:22 | node_19 | INFO ] 🧩 Model added for round 99 (5/10) from ['node_31']
[ 2026-05-14 16:01:22 | node_28 | INFO ] ✅ [FORCE] Local model added for round 99. (5/9)
[ 2026-05-14 16:01:22 | node_28 | INFO ] 📤 Sending model to 8 direct neighbors: ['node_2', 'node_7', 'node_9', 'node_16', 'node_35', 'node_38', 'node_41', 'node_49']
[ 2026-05-14 16:01:22 | node_48 | INFO ] 🎉 Round 99 of 100 finished.
[ 2026-05-14 16:01:22 | node_30 | INFO ] 🛠️ Calling force_add_local_model...
[ 2026-05-14 16:01:22 | node_30 | INFO ] ✅ [FORCE] Local model added for round 99. (4/10)
[ 2026-05-14 16:01:22 | node_48 | INFO ] 🗳️ [DETERMINISTIC] Train set assigned (No Voting). Size: 50
[ 2026-05-14 16:01:22 | node_47 | INFO ] 🧩 Model added for round 99 (5/13) from ['node_3']
[ 2026-05-14 16:01:22 | node_18 | INFO ] 🧩 Model added for round 99 (6/10) from ['node_22']
[ 2026-05-14 16:01:22 | node_30 | INFO ] 📤 Sending model to 9 direct neighbors: ['node_4', 'node_8', 'node_19', 'node_22', 'node_23', 'node_24', 'node_27', 'node_35', 'node_49']
[ 2026-05-14 16:01:22 | node_48 | INFO ] ♻️ Proactively processing 5 early models for round 99.
[ 2026-05-14 16:01:22 | node_2 | INFO ] 🧩 Model added for round 99 (8/9) from ['node_28']
[ 2026-05-14 16:01:22 | node_48 | INFO ] 🧩 Model added for round 99 (1/9) from ['node_6']
[ 2026-05-14 16:01:22 | node_14 | INFO ] 🧩 Model added for round 99 (5/7) from ['node_21']
[ 2026-05-14 16:01:22 | node_48 | INFO ] 🧩 Model added for round 99 (2/9) from ['node_20']
[ 2026-05-14 16:01:23 | node_48 | INFO ] 🧩 Model added for round 99 (3/9) from ['node_34']
[ 2026-05-14 16:01:23 | node_48 | INFO ] 🧩 Model added for round 99 (4/9) from ['node_45']
[ 2026-05-14 16:01:23 | node_4 | INFO ] 🧩 Model added for round 99 (12/16) from ['node_30']
[ 2026-05-14 16:01:23 | node_48 | INFO ] 🧩 Model added for round 99 (5/9) from ['node_7']
[ 2026-05-14 16:01:23 | node_48 | INFO ] 🏋️‍♀️ Preparing training...
[ 2026-05-14 16:01:23 | node_26 | INFO ] 🧩 Model added for round 99 (5/7) from ['node_36']
[ 2026-05-14 16:01:23 | node_35 | INFO ] 🎉 Round 99 of 100 finished.
[ 2026-05-14 16:01:23 | node_46 | INFO ] 🧩 Model added for round 99 (7/9) from ['node_47']
[ 2026-05-14 16:01:23 | node_35 | INFO ] 🗳️ [DETERMINISTIC] Train set assigned (No Voting). Size: 50
[ 2026-05-14 16:01:23 | node_43 | INFO ] 🧩 Model added for round 99 (3/5) from ['node_25']
[ 2026-05-14 16:01:23 | node_35 | INFO ] ♻️ Proactively processing 3 early models for round 99.
[ 2026-05-14 16:01:23 | node_35 | INFO ] 🧩 Model added for round 99 (1/10) from ['node']
[ 2026-05-14 16:01:23 | node_35 | INFO ] 🧩 Model added for round 99 (2/10) from ['node_6']
[ 2026-05-14 16:01:23 | node_35 | INFO ] 🧩 Model added for round 99 (3/10) from ['node_10']
[ 2026-05-14 16:01:23 | node_35 | INFO ] 🏋️‍♀️ Preparing training...
[ 2026-05-14 16:01:23 | node_48 | INFO ] 🎓 Training step done.
[ 2026-05-14 16:01:23 | node_22 | INFO ] 🧩 Model added for round 99 (7/10) from ['node_31']
[ 2026-05-14 16:01:23 | node_13 | INFO ] ⏹️  Gossiping exited for 10 equal rounds.
[ 2026-05-14 16:01:24 | node_18 | INFO ] 🧩 Model added for round 99 (7/10) from ['node_21']
[ 2026-05-14 16:01:24 | node_13 | INFO ] 🔬 Evaluating...
[ 2026-05-14 16:01:24 | node_7 | INFO ] 🧩 Model added for round 99 (8/10) from ['node_28']
[ 2026-05-14 16:01:24 | node_23 | INFO ] 🧩 Model added for round 99 (7/9) from ['node_22']
[ 2026-05-14 16:01:24 | node_35 | INFO ] 🎓 Training step done.
[ 2026-05-14 16:01:24 | node_35 | INFO ] 🧩 Model added for round 99 (4/10) from ['node_36']
[ 2026-05-14 16:01:24 | node_13 | INFO ] 📈 Evaluated. Results: {'test_loss': 2.0836379528045654, 'test_acc': 0.5992217659950256, 'test_precision': 0.18132533133029938, 'test_recall': 0.15553149580955505, 'test_f1': 0.16183750331401825, 'communication_cost': 30107168}
[ 2026-05-14 16:01:24 | node_41 | INFO ] 🛠️ Calling force_add_local_model...
[ 2026-05-14 16:01:24 | node_47 | INFO ] 🧩 Model added for round 99 (6/13) from ['node_25']
[ 2026-05-14 16:01:24 | node_41 | INFO ] ✅ [FORCE] Local model added for round 99. (6/8)
[ 2026-05-14 16:01:24 | node_13 | INFO ] 📢 Broadcasting metrics.
[ 2026-05-14 16:01:24 | node_41 | INFO ] 📤 Sending model to 7 direct neighbors: ['node_6', 'node_8', 'node_20', 'node_28', 'node_36', 'node_46', 'node_47']
[ 2026-05-14 16:01:24 | node_48 | INFO ] 🧩 Model added for round 99 (6/9) from ['node_47']
[ 2026-05-14 16:01:25 | node_6 | INFO ] 🧩 Model added for round 99 (5/8) from ['node_41']
[ 2026-05-14 16:01:25 | node_19 | INFO ] 🛠️ Calling force_add_local_model...
[ 2026-05-14 16:01:25 | node_4 | INFO ] 🛠️ Calling force_add_local_model...
[ 2026-05-14 16:01:25 | node_19 | INFO ] ✅ [FORCE] Local model added for round 99. (6/10)
[ 2026-05-14 16:01:25 | node_4 | INFO ] ✅ [FORCE] Local model added for round 99. (13/16)
[ 2026-05-14 16:01:25 | node_19 | INFO ] 📤 Sending model to 9 direct neighbors: ['node_3', 'node_16', 'node_17', 'node_30', 'node_31', 'node_35', 'node_36', 'node_38', 'node_49']
[ 2026-05-14 16:01:25 | node_4 | INFO ] 📤 Sending model to 15 direct neighbors: ['node_10', 'node_11', 'node_20', 'node_23', 'node_24', 'node_26', 'node_30', 'node_32', 'node_33', 'node_34', 'node_40', 'node_42', 'node_43', 'node_45', 'node_48']
[ 2026-05-14 16:01:25 | node_38 | INFO ] 🎉 Round 99 of 100 finished.
[ 2026-05-14 16:01:25 | node_33 | INFO ] 🛠️ Calling force_add_local_model...
[ 2026-05-14 16:01:25 | node_38 | INFO ] 🗳️ [DETERMINISTIC] Train set assigned (No Voting). Size: 50
[ 2026-05-14 16:01:25 | node_33 | INFO ] ✅ [FORCE] Local model added for round 99. (8/10)
[ 2026-05-14 16:01:25 | node_8 | INFO ] 🧩 Model added for round 99 (8/9) from ['node_30']
[ 2026-05-14 16:01:25 | node_33 | INFO ] 📤 Sending model to 9 direct neighbors: ['node_1', 'node_4', 'node_6', 'node_11', 'node_12', 'node_42', 'node_44', 'node_47', 'node_49']
[ 2026-05-14 16:01:25 | node_37 | INFO ] 🧩 Model added for round 99 (4/6) from ['node_31']
[ 2026-05-14 16:01:25 | node_38 | INFO ] ♻️ Proactively processing 5 early models for round 99.
[ 2026-05-14 16:01:25 | node_3 | INFO ] 🧩 Model added for round 99 (11/11) from ['node_19']
[ 2026-05-14 16:01:25 | node_10 | INFO ] 🧩 Model added for round 99 (8/12) from ['node_4']
[ 2026-05-14 16:01:25 | node_38 | INFO ] 🧩 Model added for round 99 (1/10) from ['node_26']
[ 2026-05-14 16:01:25 | node_38 | INFO ] 🧩 Model added for round 99 (2/10) from ['node_2']
[ 2026-05-14 16:01:25 | node_38 | INFO ] 🧩 Model added for round 99 (3/10) from ['node_24']
[ 2026-05-14 16:01:25 | node_9 | INFO ] 🧩 Model added for round 99 (8/12) from ['node_28']
[ 2026-05-14 16:01:25 | node_29 | INFO ] 🧩 Model added for round 99 (3/5) from ['node_21']
[ 2026-05-14 16:01:25 | node_30 | INFO ] 🧩 Model added for round 99 (5/10) from ['node_22']
[ 2026-05-14 16:01:25 | node_38 | INFO ] 🧩 Model added for round 99 (4/10) from ['node_16']
[ 2026-05-14 16:01:26 | node_49 | INFO ] 🎉 Round 99 of 100 finished.
[ 2026-05-14 16:01:26 | node_1 | INFO ] 🧩 Model added for round 99 (5/6) from ['node_33']
[ 2026-05-14 16:01:26 | node_38 | INFO ] 🧩 Model added for round 99 (5/10) from ['node_45']
[ 2026-05-14 16:01:26 | node_38 | INFO ] 🏋️‍♀️ Preparing training...
[ 2026-05-14 16:01:26 | node_49 | INFO ] 🗳️ [DETERMINISTIC] Train set assigned (No Voting). Size: 50
[ 2026-05-14 16:01:26 | node_40 | INFO ] 🧩 Model added for round 99 (7/9) from ['node_36']
[ 2026-05-14 16:01:26 | ModelPackager | INFO ] Round 99: Consensus detected (dist: 0.000005). Patience: 5/5
[ 2026-05-14 16:01:26 | node_49 | INFO ] ♻️ Proactively processing 4 early models for round 99.
[ 2026-05-14 16:01:26 | node_40 | INFO ] 🛠️ Calling force_add_local_model...
[ 2026-05-14 16:01:26 | node_49 | INFO ] 🧩 Model added for round 99 (1/11) from ['node']
[ 2026-05-14 16:01:26 | node_49 | INFO ] 🧩 Model added for round 99 (2/11) from ['node_24']
[ 2026-05-14 16:01:26 | node_40 | INFO ] ✅ [FORCE] Local model added for round 99. (8/9)
[ 2026-05-14 16:01:26 | node_40 | INFO ] 📤 Sending model to 8 direct neighbors: ['node_4', 'node_9', 'node_16', 'node_24', 'node_25', 'node_36', 'node_39', 'node_46']
[ 2026-05-14 16:01:26 | node_49 | INFO ] 🧩 Model added for round 99 (3/11) from ['node_45']
[ 2026-05-14 16:01:26 | node_5 | INFO ] 🎉 Round 99 of 100 finished.
[ 2026-05-14 16:01:26 | node_49 | INFO ] 🧩 Model added for round 99 (4/11) from ['node_7']
[ 2026-05-14 16:01:26 | node_5 | INFO ] 🗳️ [DETERMINISTIC] Train set assigned (No Voting). Size: 50
[ 2026-05-14 16:01:26 | node_49 | INFO ] 🏋️‍♀️ Preparing training...
[ 2026-05-14 16:01:26 | node_38 | INFO ] 🎓 Training step done.
[ 2026-05-14 16:01:26 | node_49 | INFO ] 🧩 Model added for round 99 (5/11) from ['node_47']
[ 2026-05-14 16:01:26 | node_3 | INFO ] 🧠 Aggregation complete. Setting new model.
[ 2026-05-14 16:01:26 | node_8 | INFO ] 🧩 Model added for round 99 (9/9) from ['node_41']
[ 2026-05-14 16:01:26 | node_5 | INFO ] ♻️ Proactively processing 7 early models for round 99.
[ 2026-05-14 16:01:26 | node_49 | INFO ] 🧩 Model added for round 99 (6/11) from ['node_31']
[ 2026-05-14 16:01:26 | node_5 | INFO ] 🧩 Model added for round 99 (1/9) from ['node']
[ 2026-05-14 16:01:27 | node_35 | INFO ] 🧩 Model added for round 99 (5/10) from ['node_21']
[ 2026-05-14 16:01:27 | node_4 | INFO ] 🧩 Model added for round 99 (14/16) from ['node_40']
[ 2026-05-14 16:01:27 | node_5 | INFO ] 🧩 Model added for round 99 (2/9) from ['node_12']
[ 2026-05-14 16:01:27 | node_5 | INFO ] 🧩 Model added for round 99 (3/9) from ['node_18']
[ 2026-05-14 16:01:27 | node_5 | INFO ] 🧩 Model added for round 99 (4/9) from ['node_45']
[ 2026-05-14 16:01:27 | node_49 | INFO ] 🎓 Training step done.
[ 2026-05-14 16:01:27 | node_5 | INFO ] 🧩 Model added for round 99 (5/9) from ['node_9']
[ 2026-05-14 16:01:27 | node_19 | INFO ] 🧩 Model added for round 99 (7/10) from ['node_30']
[ 2026-05-14 16:01:27 | node_5 | INFO ] 🧩 Model added for round 99 (6/9) from ['node_36']
[ 2026-05-14 16:01:27 | node_4 | INFO ] 🧩 Model added for round 99 (15/16) from ['node_33']
[ 2026-05-14 16:01:27 | ModelPackager | INFO ] Round 99: Consensus detected (dist: 0.000002). Patience: 5/5
[ 2026-05-14 16:01:27 | node_5 | INFO ] 🧩 Model added for round 99 (7/9) from ['node_31']
[ 2026-05-14 16:01:27 | node_5 | INFO ] 🏋️‍♀️ Preparing training...
[ 2026-05-14 16:01:27 | node_8 | INFO ] 🧠 Aggregation complete. Setting new model.
[ 2026-05-14 16:01:28 | node_11 | INFO ] 🧩 Model added for round 99 (6/8) from ['node_4']
[ 2026-05-14 16:01:28 | node_15 | INFO ] ⏹️  Gossiping exited for 10 equal rounds.
[ 2026-05-14 16:01:28 | node_16 | INFO ] 🧩 Model added for round 99 (6/11) from ['node_28']
[ 2026-05-14 16:01:28 | node_41 | INFO ] 🧩 Model added for round 99 (7/8) from ['node_36']
[ 2026-05-14 16:01:28 | node_31 | INFO ] 🧩 Model added for round 99 (5/8) from ['node_22']
[ 2026-05-14 16:01:28 | node_5 | INFO ] 🎓 Training step done.
[ 2026-05-14 16:01:28 | node_16 | INFO ] 🧩 Model added for round 99 (7/11) from ['node_19']
[ 2026-05-14 16:01:28 | node_20 | INFO ] 🧩 Model added for round 99 (3/6) from ['node_41']
[ 2026-05-14 16:01:28 | node_3 | INFO ] 🗣️ Gossiping aggregated model.
[ 2026-05-14 16:01:28 | node_15 | INFO ] 🔬 Evaluating...
[ 2026-05-14 16:01:28 | node_36 | INFO ] 🧩 Model added for round 99 (7/13) from ['node_21']
[ 2026-05-14 16:01:28 | node_15 | INFO ] 📈 Evaluated. Results: {'test_loss': 9.091255187988281, 'test_acc': 0.23577235639095306, 'test_precision': 0.12986426055431366, 'test_recall': 0.11367522180080414, 'test_f1': 0.11633802950382233, 'communication_cost': 22580376}
[ 2026-05-14 16:01:28 | node_13 | INFO ] 🎉 Round 99 of 100 finished.
[ 2026-05-14 16:01:28 | node_15 | INFO ] 📢 Broadcasting metrics.
[ 2026-05-14 16:01:28 | node_13 | INFO ] 🗳️ [DETERMINISTIC] Train set assigned (No Voting). Size: 50
[ 2026-05-14 16:01:28 | node_22 | INFO ] 🧩 Model added for round 99 (8/10) from ['node_30']
[ 2026-05-14 16:01:28 | node_13 | INFO ] ♻️ Proactively processing 7 early models for round 99.
[ 2026-05-14 16:01:28 | node_9 | INFO ] 🧩 Model added for round 99 (9/12) from ['node_40']
[ 2026-05-14 16:01:28 | node_13 | INFO ] 🧩 Model added for round 99 (1/9) from ['node_14']
[ 2026-05-14 16:01:28 | node_8 | INFO ] 🗣️ Gossiping aggregated model.
[ 2026-05-14 16:01:29 | node_13 | INFO ] 🧩 Model added for round 99 (2/9) from ['node_37']
[ 2026-05-14 16:01:29 | node_48 | INFO ] 🛠️ Calling force_add_local_model...
[ 2026-05-14 16:01:29 | node_13 | INFO ] 🧩 Model added for round 99 (3/9) from ['node_16']
[ 2026-05-14 16:01:29 | node_13 | INFO ] 🧩 Model added for round 99 (4/9) from ['node_18']
[ 2026-05-14 16:01:29 | node_48 | INFO ] ✅ [FORCE] Local model added for round 99. (7/9)
[ 2026-05-14 16:01:29 | node_13 | INFO ] 🧩 Model added for round 99 (5/9) from ['node_10']
[ 2026-05-14 16:01:29 | node_48 | INFO ] 📤 Sending model to 8 direct neighbors: ['node_4', 'node_6', 'node_7', 'node_20', 'node_27', 'node_34', 'node_45', 'node_47']
[ 2026-05-14 16:01:29 | node_20 | INFO ] 🧩 Model added for round 99 (4/6) from ['node_4']
[ 2026-05-14 16:01:29 | node_13 | INFO ] 🧩 Model added for round 99 (6/9) from ['node_34']
[ 2026-05-14 16:01:29 | node_28 | INFO ] 🧩 Model added for round 99 (6/9) from ['node_41']
[ 2026-05-14 16:01:29 | node_13 | INFO ] 🧩 Model added for round 99 (7/9) from ['node_47']
[ 2026-05-14 16:01:29 | node_35 | INFO ] 🧩 Model added for round 99 (6/10) from ['node_22']
[ 2026-05-14 16:01:29 | node_13 | INFO ] 🏋️‍♀️ Preparing training...
[ 2026-05-14 16:01:29 | node_6 | INFO ] 🧩 Model added for round 99 (6/8) from ['node_33']
[ 2026-05-14 16:01:29 | node_35 | INFO ] 🛠️ Calling force_add_local_model...
[ 2026-05-14 16:01:29 | node_35 | INFO ] ✅ [FORCE] Local model added for round 99. (7/10)
[ 2026-05-14 16:01:29 | node_4 | INFO ] 🧩 Model added for round 99 (16/16) from ['node_48']
[ 2026-05-14 16:01:29 | node_35 | INFO ] 📤 Sending model to 9 direct neighbors: ['node', 'node_6', 'node_10', 'node_19', 'node_21', 'node_22', 'node_28', 'node_30', 'node_36']
[ 2026-05-14 16:01:29 | node_35 | INFO ] 🧩 Model added for round 99 (8/10) from ['node_28']
[ 2026-05-14 16:01:29 | node_17 | INFO ] 🧩 Model added for round 99 (2/2) from ['node_19']
[ 2026-05-14 16:01:29 | node_13 | INFO ] 🎓 Training step done.
[ 2026-05-14 16:01:30 | node | INFO ] 🧩 Model added for round 99 (6/8) from ['node_35']
[ 2026-05-14 16:01:30 | node_43 | INFO ] 🧩 Model added for round 99 (4/5) from ['node_21']
[ 2026-05-14 16:01:30 | node_23 | INFO ] 🧩 Model added for round 99 (8/9) from ['node_4']
[ 2026-05-14 16:01:30 | ModelPackager | INFO ] Round 99: Consensus detected (dist: 0.000004). Patience: 5/5
[ 2026-05-14 16:01:30 | node_30 | INFO ] 🧩 Model added for round 99 (6/10) from ['node_19']
[ 2026-05-14 16:01:30 | node_23 | INFO ] 🧩 Model added for round 99 (9/9) from ['node_30']
[ 2026-05-14 16:01:30 | node_17 | INFO ] 🧠 Aggregation complete. Setting new model.
[ 2026-05-14 16:01:30 | node_36 | INFO ] 🧩 Model added for round 99 (8/13) from ['node_41']
[ 2026-05-14 16:01:30 | node_17 | INFO ] 🗣️ Gossiping aggregated model.
[ 2026-05-14 16:01:30 | node_16 | INFO ] 🧩 Model added for round 99 (8/11) from ['node_40']
[ 2026-05-14 16:01:30 | node_11 | INFO ] 🧩 Model added for round 99 (7/8) from ['node_33']
[ 2026-05-14 16:01:31 | node_37 | INFO ] 🧩 Model added for round 99 (5/6) from ['node_22']
[ 2026-05-14 16:01:31 | ModelPackager | INFO ] Round 99: Consensus detected (dist: 0.000002). Patience: 5/5
[ 2026-05-14 16:01:31 | node_23 | INFO ] 🧠 Aggregation complete. Setting new model.
[ 2026-05-14 16:01:31 | node_38 | INFO ] 🛠️ Calling force_add_local_model...
[ 2026-05-14 16:01:31 | node_15 | INFO ] 🎉 Round 99 of 100 finished.
[ 2026-05-14 16:01:31 | node_6 | INFO ] 🧩 Model added for round 99 (7/8) from ['node_35']
[ 2026-05-14 16:01:31 | node_38 | INFO ] ✅ [FORCE] Local model added for round 99. (6/10)
[ 2026-05-14 16:01:31 | node_15 | INFO ] 🗳️ [DETERMINISTIC] Train set assigned (No Voting). Size: 50
[ 2026-05-14 16:01:31 | node_38 | INFO ] 📤 Sending model to 9 direct neighbors: ['node_2', 'node_5', 'node_16', 'node_19', 'node_22', 'node_24', 'node_26', 'node_28', 'node_45']
[ 2026-05-14 16:01:31 | node_38 | INFO ] 🧩 Model added for round 99 (7/10) from ['node_28']
[ 2026-05-14 16:01:32 | node_47 | INFO ] 🧩 Model added for round 99 (7/13) from ['node_21']
[ 2026-05-14 16:01:32 | node_15 | INFO ] ♻️ Proactively processing 5 early models for round 99.
[ 2026-05-14 16:01:32 | node_15 | INFO ] 🧩 Model added for round 99 (1/7) from ['node_14']
[ 2026-05-14 16:01:32 | node_31 | INFO ] 🧩 Model added for round 99 (6/8) from ['node_19']
[ 2026-05-14 16:01:32 | node_49 | INFO ] 🛠️ Calling force_add_local_model...
[ 2026-05-14 16:01:32 | node_23 | INFO ] 🗣️ Gossiping aggregated model.
[ 2026-05-14 16:01:32 | node_15 | INFO ] 🧩 Model added for round 99 (2/7) from ['node_29']
[ 2026-05-14 16:01:32 | node_15 | INFO ] 🧩 Model added for round 99 (3/7) from ['node_10']
[ 2026-05-14 16:01:32 | node_15 | INFO ] 🧩 Model added for round 99 (4/7) from ['node_9']
[ 2026-05-14 16:01:32 | node_15 | INFO ] 🧩 Model added for round 99 (5/7) from ['node_36']
[ 2026-05-14 16:01:32 | node_6 | INFO ] 🧩 Model added for round 99 (8/8) from ['node_48']
[ 2026-05-14 16:01:32 | node_15 | INFO ] 🏋️‍♀️ Preparing training...
[ 2026-05-14 16:01:32 | node_49 | INFO ] ✅ [FORCE] Local model added for round 99. (7/11)
[ 2026-05-14 16:01:32 | node_49 | INFO ] 📤 Sending model to 10 direct neighbors: ['node', 'node_7', 'node_19', 'node_24', 'node_28', 'node_30', 'node_31', 'node_33', 'node_45', 'node_47']
[ 2026-05-14 16:01:32 | node_24 | INFO ] 🧩 Model added for round 99 (6/10) from ['node_30']
[ 2026-05-14 16:01:32 | node_24 | INFO ] 🧩 Model added for round 99 (7/10) from ['node_40']
[ 2026-05-14 16:01:32 | node_2 | INFO ] 🧩 Model added for round 99 (9/9) from ['node_38']
[ 2026-05-14 16:01:32 | node_38 | INFO ] 🧩 Model added for round 99 (8/10) from ['node_22']
[ 2026-05-14 16:01:33 | node_12 | INFO ] 🧩 Model added for round 99 (5/7) from ['node_33']
[ 2026-05-14 16:01:33 | node_5 | INFO ] 🛠️ Calling force_add_local_model...
[ 2026-05-14 16:01:33 | node_15 | INFO ] 🎓 Training step done.
[ 2026-05-14 16:01:33 | node_46 | INFO ] 🧩 Model added for round 99 (8/9) from ['node_41']
[ 2026-05-14 16:01:33 | node_24 | INFO ] 🧩 Model added for round 99 (8/10) from ['node_4']
[ 2026-05-14 16:01:33 | node_5 | INFO ] ✅ [FORCE] Local model added for round 99. (8/9)
[ 2026-05-14 16:01:33 | node_5 | INFO ] 📤 Sending model to 8 direct neighbors: ['node', 'node_9', 'node_12', 'node_18', 'node_31', 'node_36', 'node_38', 'node_45']
[ 2026-05-14 16:01:33 | node | INFO ] 🧩 Model added for round 99 (7/8) from ['node_49']
[ 2026-05-14 16:01:33 | node_10 | INFO ] 🧩 Model added for round 99 (9/12) from ['node_35']
[ 2026-05-14 16:01:33 | node_41 | INFO ] 🧩 Model added for round 99 (8/8) from ['node_28']
[ 2026-05-14 16:01:33 | ModelPackager | INFO ] Round 99: Consensus detected (dist: 0.000002). Patience: 5/5
[ 2026-05-14 16:01:33 | node | INFO ] 🧩 Model added for round 99 (8/8) from ['node_5']
[ 2026-05-14 16:01:34 | node_35 | INFO ] 🧩 Model added for round 99 (9/10) from ['node_19']
[ 2026-05-14 16:01:34 | node_6 | INFO ] 🧠 Aggregation complete. Setting new model.
[ 2026-05-14 16:01:34 | node_7 | INFO ] 🧩 Model added for round 99 (9/10) from ['node_48']
[ 2026-05-14 16:01:34 | ModelPackager | INFO ] Round 99: Consensus detected (dist: 0.000002). Patience: 5/5
[ 2026-05-14 16:01:34 | ModelPackager | INFO ] Round 99: Consensus detected (dist: 0.000003). Patience: 5/5
[ 2026-05-14 16:01:34 | ModelPackager | INFO ] Round 99: Consensus patience reached. Authorized node saving & pushing...
[ 2026-05-14 16:01:34 | node | INFO ] 🧠 Aggregation complete. Setting new model.
[ 2026-05-14 16:01:34 | node_2 | INFO ] 🧠 Aggregation complete. Setting new model.
[ 2026-05-14 16:01:35 | node_13 | INFO ] 🛠️ Calling force_add_local_model...
[ 2026-05-14 16:01:35 | node_6 | INFO ] 🗣️ Gossiping aggregated model.
[ 2026-05-14 16:01:35 | node_13 | INFO ] ✅ [FORCE] Local model added for round 99. (8/9)
[ 2026-05-14 16:01:35 | node_13 | INFO ] 📤 Sending model to 8 direct neighbors: ['node_10', 'node_14', 'node_15', 'node_16', 'node_18', 'node_34', 'node_37', 'node_47']
[ 2026-05-14 16:01:35 | node_42 | INFO ] 🧩 Model added for round 99 (4/5) from ['node_33']
[ 2026-05-14 16:01:35 | node_47 | INFO ] 🧩 Model added for round 99 (8/13) from ['node_22']
[ 2026-05-14 16:01:35 | node_26 | INFO ] 🧩 Model added for round 99 (6/7) from ['node_4']
[ 2026-05-14 16:01:35 | node_5 | INFO ] 🧩 Model added for round 99 (9/9) from ['node_38']
[ 2026-05-14 16:01:35 | node_25 | INFO ] 🧩 Model added for round 99 (11/11) from ['node_40']
[ 2026-05-14 16:01:35 | node_7 | INFO ] 🧩 Model added for round 99 (10/10) from ['node_49']
[ 2026-05-14 16:01:35 | node_9 | INFO ] 🧩 Model added for round 99 (10/12) from ['node_5']
[ 2026-05-14 16:01:35 | node_49 | INFO ] 🧩 Model added for round 99 (8/11) from ['node_28']
[ 2026-05-14 16:01:35 | node_47 | INFO ] 🧩 Model added for round 99 (9/13) from ['node_41']
[ 2026-05-14 16:01:35 | node_10 | INFO ] 🧩 Model added for round 99 (10/12) from ['node_13']
[ 2026-05-14 16:01:35 | node_36 | INFO ] 🧩 Model added for round 99 (9/13) from ['node_19']
[ 2026-05-14 16:01:35 | node_19 | INFO ] 🧩 Model added for round 99 (8/10) from ['node_35']
[ 2026-05-14 16:01:36 | node_35 | INFO ] 🧩 Model added for round 99 (10/10) from ['node_30']
[ 2026-05-14 16:01:36 | node_2 | INFO ] 🗣️ Gossiping aggregated model.
[ 2026-05-14 16:01:36 | node | INFO ] 🗣️ Gossiping aggregated model.
[ 2026-05-14 16:01:36 | node_20 | INFO ] 🧩 Model added for round 99 (5/6) from ['node_48']
[ 2026-05-14 16:01:36 | ModelPackager | INFO ] Round 99: Consensus detected (dist: 0.000002). Patience: 5/5
[ 2026-05-14 16:01:36 | node_7 | INFO ] 🧠 Aggregation complete. Setting new model.
[ 2026-05-14 16:01:36 | node_44 | INFO ] 🧩 Model added for round 99 (6/7) from ['node_33']
[ 2026-05-14 16:01:36 | ModelPackager | INFO ] Round 99: Consensus detected (dist: 0.000002). Patience: 5/5
[ 2026-05-14 16:01:37 | node_30 | INFO ] 🧩 Model added for round 99 (7/10) from ['node_4']
[ 2026-05-14 16:01:37 | node_25 | INFO ] 🧠 Aggregation complete. Setting new model.
[ 2026-05-14 16:01:37 | node_16 | INFO ] 🧩 Model added for round 99 (9/11) from ['node_38']
[ 2026-05-14 16:01:37 | node_19 | INFO ] 🧩 Model added for round 99 (9/10) from ['node_49']
[ 2026-05-14 16:01:37 | node_36 | INFO ] 🧩 Model added for round 99 (10/13) from ['node_40']
[ 2026-05-14 16:01:37 | node_12 | INFO ] 🧩 Model added for round 99 (6/7) from ['node_5']
[ 2026-05-14 16:01:37 | node_14 | INFO ] 🧩 Model added for round 99 (6/7) from ['node_13']
[ 2026-05-14 16:01:37 | node_21 | INFO ] 🧩 Model added for round 99 (9/9) from ['node_35']
[ 2026-05-14 16:01:38 | node_49 | INFO ] 🧩 Model added for round 99 (9/11) from ['node_30']
[ 2026-05-14 16:01:38 | node_47 | INFO ] 🧩 Model added for round 99 (10/13) from ['node_33']
[ 2026-05-14 16:01:38 | node_34 | INFO ] 🧩 Model added for round 99 (6/9) from ['node_48']
[ 2026-05-14 16:01:38 | node_7 | INFO ] 🗣️ Gossiping aggregated model.
[ 2026-05-14 16:01:38 | node_38 | INFO ] 🧩 Model added for round 99 (9/10) from ['node_19']
[ 2026-05-14 16:01:38 | ModelPackager | INFO ] Round 99: Consensus detected (dist: 0.000001). Patience: 5/5
[ 2026-05-14 16:01:38 | node_15 | INFO ] 🛠️ Calling force_add_local_model...
[ 2026-05-14 16:01:38 | ModelPackager | INFO ] Round 99: Consensus detected (dist: 0.000003). Patience: 5/5
[ 2026-05-14 16:01:38 | node_15 | INFO ] ✅ [FORCE] Local model added for round 99. (6/7)
[ 2026-05-14 16:01:38 | node_15 | INFO ] 📤 Sending model to 6 direct neighbors: ['node_9', 'node_10', 'node_13', 'node_14', 'node_29', 'node_36']
[ 2026-05-14 16:01:38 | node_41 | INFO ] 🧠 Aggregation complete. Setting new model.
[ 2026-05-14 16:01:38 | node_25 | INFO ] 🗣️ Gossiping aggregated model.
[ 2026-05-14 16:01:38 | node_21 | INFO ] 🧠 Aggregation complete. Setting new model.
[ 2026-05-14 16:01:39 | node_18 | INFO ] 🧩 Model added for round 99 (8/10) from ['node_5']
[ 2026-05-14 16:01:39 | node_41 | INFO ] 🗣️ Gossiping aggregated model.
[ 2026-05-14 16:01:39 | node_15 | INFO ] 🧩 Model added for round 99 (7/7) from ['node_13']
[ 2026-05-14 16:01:39 | node_9 | INFO ] 🧩 Model added for round 99 (11/12) from ['node_15']
[ 2026-05-14 16:01:39 | node_24 | INFO ] 🧩 Model added for round 99 (9/10) from ['node_49']
[ 2026-05-14 16:01:39 | node_32 | INFO ] 🧩 Model added for round 99 (9/9) from ['node_4']
[ 2026-05-14 16:01:39 | node_19 | INFO ] 🧩 Model added for round 99 (10/10) from ['node_38']
[ 2026-05-14 16:01:40 | node_22 | INFO ] 🧩 Model added for round 99 (9/10) from ['node_35']
[ 2026-05-14 16:01:40 | node_49 | INFO ] 🧩 Model added for round 99 (10/11) from ['node_19']
[ 2026-05-14 16:01:40 | node_21 | INFO ] 🗣️ Gossiping aggregated model.
[ 2026-05-14 16:01:40 | node_45 | INFO ] 🧩 Model added for round 99 (7/11) from ['node_48']
[ 2026-05-14 16:01:40 | node_49 | INFO ] 🧩 Model added for round 99 (11/11) from ['node_33']
[ 2026-05-14 16:01:40 | node_39 | INFO ] 🧩 Model added for round 99 (7/7) from ['node_40']
[ 2026-05-14 16:01:41 | node_16 | INFO ] 🧩 Model added for round 99 (10/11) from ['node_13']
[ 2026-05-14 16:01:41 | node_33 | INFO ] 🧩 Model added for round 99 (9/10) from ['node_4']
[ 2026-05-14 16:01:41 | node_22 | INFO ] 🧩 Model added for round 99 (10/10) from ['node_38']
[ 2026-05-14 16:01:41 | node_31 | INFO ] 🧩 Model added for round 99 (7/8) from ['node_5']
[ 2026-05-14 16:01:42 | node_28 | INFO ] 🧩 Model added for round 99 (7/9) from ['node_49']
[ 2026-05-14 16:01:42 | node_46 | INFO ] 🧩 Model added for round 99 (9/9) from ['node_40']
[ 2026-05-14 16:01:42 | node_10 | INFO ] 🧩 Model added for round 99 (11/12) from ['node_15']
[ 2026-05-14 16:01:42 | node_47 | INFO ] 🧩 Model added for round 99 (11/13) from ['node_48']
[ 2026-05-14 16:01:42 | node_28 | INFO ] 🧩 Model added for round 99 (8/9) from ['node_35']
[ 2026-05-14 16:01:42 | ModelPackager | INFO ] Round 99: Consensus detected (dist: 0.000003). Patience: 5/5
[ 2026-05-14 16:01:42 | ModelPackager | INFO ] Round 99: Consensus detected (dist: 0.000002). Patience: 5/5
[ 2026-05-14 16:01:42 | ModelPackager | INFO ] Round 99: Consensus detected (dist: 0.000003). Patience: 5/5
[ 2026-05-14 16:01:42 | ModelPackager | INFO ] Round 99: Consensus detected (dist: 0.000007). Patience: 5/5
[ 2026-05-14 16:01:42 | ModelPackager | INFO ] Round 99: Consensus detected (dist: 0.000001). Patience: 5/5
[ 2026-05-14 16:01:42 | node_27 | INFO ] ⏹️  Gossiping exited for 10 equal rounds.
[ 2026-05-14 16:01:43 | node_27 | INFO ] 🔬 Evaluating...
[ 2026-05-14 16:01:43 | node_19 | INFO ] 🧠 Aggregation complete. Setting new model.
[ 2026-05-14 16:01:43 | node_39 | INFO ] 🧠 Aggregation complete. Setting new model.
[ 2026-05-14 16:01:43 | node_22 | INFO ] 🧠 Aggregation complete. Setting new model.
[ 2026-05-14 16:01:43 | node_32 | INFO ] 🧠 Aggregation complete. Setting new model.
[ 2026-05-14 16:01:43 | node_46 | INFO ] 🧠 Aggregation complete. Setting new model.
[ 2026-05-14 16:01:43 | node_18 | INFO ] 🧩 Model added for round 99 (9/10) from ['node_13']
[ 2026-05-14 16:01:43 | node_34 | INFO ] 🧩 Model added for round 99 (7/9) from ['node_4']
[ 2026-05-14 16:01:43 | node_27 | INFO ] 📈 Evaluated. Results: {'test_loss': 2.7423641681671143, 'test_acc': 0.4000000059604645, 'test_precision': 0.18775510787963867, 'test_recall': 0.1282467544078827, 'test_f1': 0.1488095223903656, 'communication_cost': 48924148}
[ 2026-05-14 16:01:43 | node_36 | INFO ] 🧩 Model added for round 99 (11/13) from ['node_5']
[ 2026-05-14 16:01:43 | node_27 | INFO ] 📢 Broadcasting metrics.
[ 2026-05-14 16:01:43 | node_39 | INFO ] 🗣️ Gossiping aggregated model.
[ 2026-05-14 16:01:43 | node_32 | INFO ] 🗣️ Gossiping aggregated model.
[ 2026-05-14 16:01:44 | node_17 | INFO ] 🤫 Gossip finished.
[ 2026-05-14 16:01:44 | node_17 | INFO ] 🔬 Evaluating...
[ 2026-05-14 16:01:44 | node_24 | INFO ] 🧩 Model added for round 99 (10/10) from ['node_38']
[ 2026-05-14 16:01:44 | node_22 | INFO ] 🗣️ Gossiping aggregated model.
[ 2026-05-14 16:01:44 | node_30 | INFO ] 🧩 Model added for round 99 (8/10) from ['node_35']
[ 2026-05-14 16:01:44 | node_46 | INFO ] 🗣️ Gossiping aggregated model.
[ 2026-05-14 16:01:44 | node_30 | INFO ] 🧩 Model added for round 99 (9/10) from ['node_49']
[ 2026-05-14 16:01:44 | node_13 | INFO ] 🧩 Model added for round 99 (9/9) from ['node_15']
[ 2026-05-14 16:01:44 | node_17 | INFO ] 📈 Evaluated. Results: {'test_loss': 6.517894744873047, 'test_acc': 0.18367347121238708, 'test_precision': 0.1861981451511383, 'test_recall': 0.07389520108699799, 'test_f1': 0.0820164680480957, 'communication_cost': 3763396}
[ 2026-05-14 16:01:44 | node_19 | INFO ] 🗣️ Gossiping aggregated model.
[ 2026-05-14 16:01:44 | node_17 | INFO ] 📢 Broadcasting metrics.
[ 2026-05-14 16:01:45 | node_40 | INFO ] 🧩 Model added for round 99 (9/9) from ['node_4']
[ 2026-05-14 16:01:45 | node_34 | INFO ] 🧩 Model added for round 99 (8/9) from ['node_13']
[ 2026-05-14 16:01:45 | node_38 | INFO ] 🧩 Model added for round 99 (10/10) from ['node_5']
[ 2026-05-14 16:01:45 | node_17 | INFO ] 🎉 Round 100 of 100 finished.
[ 2026-05-14 16:01:45 | node_17 | INFO ] 😋 Training finished!!
[ 2026-05-14 16:01:45 | node_36 | INFO ] 🧩 Model added for round 99 (12/13) from ['node_35']
[ 2026-05-14 16:01:45 | node_31 | INFO ] 🧩 Model added for round 99 (8/8) from ['node_49']
[ 2026-05-14 16:01:45 | node_26 | INFO ] 🧩 Model added for round 99 (7/7) from ['node_38']
[ 2026-05-14 16:01:46 | node_14 | INFO ] 🧩 Model added for round 99 (7/7) from ['node_15']
[ 2026-05-14 16:01:46 | ModelPackager | INFO ] Round 99: Consensus detected (dist: 0.000002). Patience: 5/5
[ 2026-05-14 16:01:46 | ModelPackager | INFO ] Round 99: Consensus detected (dist: 0.000002). Patience: 5/5
[ 2026-05-14 16:01:47 | node_26 | INFO ] 🧠 Aggregation complete. Setting new model.
[ 2026-05-14 16:01:47 | node_24 | INFO ] 🧠 Aggregation complete. Setting new model.
[ 2026-05-14 16:01:47 | node_42 | INFO ] 🧩 Model added for round 99 (5/5) from ['node_4']
[ 2026-05-14 16:01:47 | ModelPackager | INFO ] Round 99: Consensus detected (dist: 0.000002). Patience: 5/5
[ 2026-05-14 16:01:47 | node_37 | INFO ] 🧩 Model added for round 99 (6/6) from ['node_13']
[ 2026-05-14 16:01:47 | node_26 | INFO ] 🗣️ Gossiping aggregated model.
[ 2026-05-14 16:01:48 | node_45 | INFO ] 🧩 Model added for round 99 (8/11) from ['node_5']
[ 2026-05-14 16:01:48 | node_33 | INFO ] 🧩 Model added for round 99 (10/10) from ['node_49']
[ 2026-05-14 16:01:48 | node_40 | INFO ] 🧠 Aggregation complete. Setting new model.
[ 2026-05-14 16:01:48 | node_24 | INFO ] 🗣️ Gossiping aggregated model.
[ 2026-05-14 16:01:48 | node_28 | INFO ] 🧩 Model added for round 99 (9/9) from ['node_38']
[ 2026-05-14 16:01:48 | ModelPackager | INFO ] Round 99: Consensus detected (dist: 0.000004). Patience: 5/5
[ 2026-05-14 16:01:48 | node_29 | INFO ] 🧩 Model added for round 99 (4/5) from ['node_15']
[ 2026-05-14 16:01:49 | node_31 | INFO ] 🧠 Aggregation complete. Setting new model.
[ 2026-05-14 16:01:49 | node_43 | INFO ] 🧩 Model added for round 99 (5/5) from ['node_4']
[ 2026-05-14 16:01:49 | node_27 | INFO ] 🎉 Round 99 of 100 finished.
[ 2026-05-14 16:01:49 | node_27 | INFO ] 🗳️ [DETERMINISTIC] Train set assigned (No Voting). Size: 50
[ 2026-05-14 16:01:49 | node_47 | INFO ] 🧩 Model added for round 99 (12/13) from ['node_13']
[ 2026-05-14 16:01:49 | node_27 | INFO ] ♻️ Proactively processing 13 early models for round 99.
[ 2026-05-14 16:01:49 | node_40 | INFO ] 🗣️ Gossiping aggregated model.
[ 2026-05-14 16:01:50 | node_27 | INFO ] 🧩 Model added for round 99 (1/14) from ['node_29']
[ 2026-05-14 16:01:50 | node_27 | INFO ] 🧩 Model added for round 99 (2/14) from ['node_12']
[ 2026-05-14 16:01:50 | node_27 | INFO ] 🧩 Model added for round 99 (3/14) from ['node_1']
[ 2026-05-14 16:01:50 | node_27 | INFO ] 🧩 Model added for round 99 (4/14) from ['node_44']
[ 2026-05-14 16:01:50 | node_27 | INFO ] 🧩 Model added for round 99 (5/14) from ['node_11']
[ 2026-05-14 16:01:50 | node_27 | INFO ] 🧩 Model added for round 99 (6/14) from ['node_16']
[ 2026-05-14 16:01:50 | node_45 | INFO ] 🧩 Model added for round 99 (9/11) from ['node_49']
[ 2026-05-14 16:01:50 | node_36 | INFO ] 🧩 Model added for round 99 (13/13) from ['node_15']
[ 2026-05-14 16:01:50 | ModelPackager | INFO ] Round 99: Consensus detected (dist: 0.000001). Patience: 5/5
[ 2026-05-14 16:01:50 | ModelPackager | INFO ] Round 99: Consensus detected (dist: 0.000001). Patience: 5/5
[ 2026-05-14 16:01:50 | ModelPackager | INFO ] Round 99: Consensus detected (dist: 0.000003). Patience: 5/5
[ 2026-05-14 16:01:50 | ModelPackager | INFO ] Round 99: Consensus detected (dist: 0.000002). Patience: 5/5
[ 2026-05-14 16:01:50 | ModelPackager | INFO ] Round 99: Consensus detected (dist: 0.000002). Patience: 5/5
[ 2026-05-14 16:01:50 | ModelPackager | INFO ] Round 99: Consensus detected (dist: 0.000002). Patience: 5/5
[ 2026-05-14 16:01:50 | ModelPackager | INFO ] Round 99: Consensus detected (dist: 0.000004). Patience: 5/5
[ 2026-05-14 16:01:50 | ModelPackager | INFO ] Round 99: Consensus detected (dist: 0.000002). Patience: 5/5
[ 2026-05-14 16:01:50 | node_27 | INFO ] 🧩 Model added for round 99 (7/14) from ['node_18']
[ 2026-05-14 16:01:51 | node_27 | INFO ] 🧩 Model added for round 99 (8/14) from ['node_10']
[ 2026-05-14 16:01:51 | node_27 | INFO ] 🧩 Model added for round 99 (9/14) from ['node_20']
[ 2026-05-14 16:01:51 | node_27 | INFO ] 🧩 Model added for round 99 (10/14) from ['node_34']
[ 2026-05-14 16:01:51 | node_45 | INFO ] 🧩 Model added for round 99 (10/11) from ['node_38']
[ 2026-05-14 16:01:51 | node_27 | INFO ] 🧩 Model added for round 99 (11/14) from ['node_9']
[ 2026-05-14 16:01:51 | node_27 | INFO ] 🧩 Model added for round 99 (12/14) from ['node_30']
[ 2026-05-14 16:01:51 | node_27 | INFO ] 🧩 Model added for round 99 (13/14) from ['node_48']
[ 2026-05-14 16:01:51 | node_31 | INFO ] 🗣️ Gossiping aggregated model.
[ 2026-05-14 16:01:51 | node_42 | INFO ] 🧠 Aggregation complete. Setting new model.
[ 2026-05-14 16:01:51 | node_43 | INFO ] 🧠 Aggregation complete. Setting new model.
[ 2026-05-14 16:01:51 | node_14 | INFO ] 🧠 Aggregation complete. Setting new model.
[ 2026-05-14 16:01:51 | node_27 | INFO ] 🏋️‍♀️ Preparing training...
[ 2026-05-14 16:01:51 | node_37 | INFO ] 🧠 Aggregation complete. Setting new model.
[ 2026-05-14 16:01:51 | node_5 | INFO ] 🧠 Aggregation complete. Setting new model.
[ 2026-05-14 16:01:51 | node_33 | INFO ] 🧠 Aggregation complete. Setting new model.
[ 2026-05-14 16:01:51 | node_35 | INFO ] 🧠 Aggregation complete. Setting new model.
[ 2026-05-14 16:01:51 | node_28 | INFO ] 🧠 Aggregation complete. Setting new model.
[ 2026-05-14 16:01:52 | node_45 | INFO ] 🧩 Model added for round 99 (11/11) from ['node_4']
[ 2026-05-14 16:01:52 | node_27 | INFO ] 🎓 Training step done.
[ 2026-05-14 16:01:52 | node_43 | INFO ] 🗣️ Gossiping aggregated model.
[ 2026-05-14 16:01:52 | node_42 | INFO ] 🗣️ Gossiping aggregated model.
[ 2026-05-14 16:01:52 | node_14 | INFO ] 🗣️ Gossiping aggregated model.
[ 2026-05-14 16:01:52 | node_37 | INFO ] 🗣️ Gossiping aggregated model.
[ 2026-05-14 16:01:53 | ModelPackager | INFO ] Round 99: Consensus detected (dist: 0.000002). Patience: 5/5
[ 2026-05-14 16:01:53 | node_45 | INFO ] 🧠 Aggregation complete. Setting new model.
[ 2026-05-14 16:01:53 | node_5 | INFO ] 🗣️ Gossiping aggregated model.
[ 2026-05-14 16:01:53 | ModelPackager | INFO ] Round 99: Consensus detected (dist: 0.000003). Patience: 5/5
[ 2026-05-14 16:01:53 | node_33 | INFO ] 🗣️ Gossiping aggregated model.
[ 2026-05-14 16:01:54 | node_28 | INFO ] 🗣️ Gossiping aggregated model.
[ 2026-05-14 16:01:54 | ModelPackager | INFO ] Round 99: Consensus detected (dist: 0.000004). Patience: 5/5
[ 2026-05-14 16:01:54 | node_13 | INFO ] 🧠 Aggregation complete. Setting new model.
[ 2026-05-14 16:01:54 | node_35 | INFO ] 🗣️ Gossiping aggregated model.
[ 2026-05-14 16:01:54 | node_47 | INFO ] 🧩 Model added for round 99 (13/13) from ['node_49']
[ 2026-05-14 16:01:54 | node_36 | INFO ] 🧠 Aggregation complete. Setting new model.
[ 2026-05-14 16:01:55 | ModelPackager | INFO ] Round 99: Consensus detected (dist: 0.000004). Patience: 5/5
[ 2026-05-14 16:01:55 | ModelPackager | INFO ] Round 99: Consensus detected (dist: 0.000002). Patience: 5/5
[ 2026-05-14 16:01:55 | node_38 | INFO ] 🧠 Aggregation complete. Setting new model.
[ 2026-05-14 16:01:55 | ModelPackager | INFO ] Round 99: Consensus detected (dist: 0.000002). Patience: 5/5
[ 2026-05-14 16:01:55 | node_15 | INFO ] 🧠 Aggregation complete. Setting new model.
[ 2026-05-14 16:01:55 | node_13 | INFO ] 🗣️ Gossiping aggregated model.
[ 2026-05-14 16:01:56 | node_47 | INFO ] 🧠 Aggregation complete. Setting new model.
[ 2026-05-14 16:01:56 | node_45 | INFO ] 🗣️ Gossiping aggregated model.
[ 2026-05-14 16:01:56 | node_15 | INFO ] 🗣️ Gossiping aggregated model.
[ 2026-05-14 16:01:56 | node_48 | INFO ] 🧩 Model added for round 99 (8/9) from ['node_4']
[ 2026-05-14 16:01:56 | node_38 | INFO ] 🗣️ Gossiping aggregated model.
[ 2026-05-14 16:01:56 | node_36 | INFO ] 🗣️ Gossiping aggregated model.
[ 2026-05-14 16:01:56 | node_37 | INFO ] 🤫 Gossip finished.
[ 2026-05-14 16:01:57 | node_37 | INFO ] 🔬 Evaluating...
[ 2026-05-14 16:01:57 | node_27 | INFO ] 🛠️ Calling force_add_local_model...
[ 2026-05-14 16:01:57 | node_37 | INFO ] 📈 Evaluated. Results: {'test_loss': 3.8633899688720703, 'test_acc': 0.6116504669189453, 'test_precision': 0.13858450949192047, 'test_recall': 0.13237787783145905, 'test_f1': 0.1259627640247345, 'communication_cost': 18816980}
[ 2026-05-14 16:01:58 | node_27 | INFO ] ✅ [FORCE] Local model added for round 99. (14/14)
[ 2026-05-14 16:01:58 | node_27 | INFO ] 📤 Sending model to 13 direct neighbors: ['node_1', 'node_9', 'node_10', 'node_11', 'node_12', 'node_16', 'node_18', 'node_20', 'node_29', 'node_30', 'node_34', 'node_44', 'node_48']
[ 2026-05-14 16:01:58 | node_47 | INFO ] 🗣️ Gossiping aggregated model.
[ 2026-05-14 16:01:58 | node_37 | INFO ] 📢 Broadcasting metrics.
[ 2026-05-14 16:01:59 | node_1 | INFO ] 🧩 Model added for round 99 (6/6) from ['node_27']
[ 2026-05-14 16:02:00 | ModelPackager | INFO ] Round 99: Consensus detected (dist: 0.000003). Patience: 5/5
[ 2026-05-14 16:02:00 | ModelPackager | INFO ] Round 99: Consensus detected (dist: 0.000004). Patience: 5/5
[ 2026-05-14 16:02:00 | ModelPackager | INFO ] Round 99: Consensus detected (dist: 0.000004). Patience: 5/5
[ 2026-05-14 16:02:00 | node_1 | INFO ] 🧠 Aggregation complete. Setting new model.
[ 2026-05-14 16:02:00 | node_49 | INFO ] 🧠 Aggregation complete. Setting new model.
[ 2026-05-14 16:02:00 | node_1 | INFO ] 🗣️ Gossiping aggregated model.
[ 2026-05-14 16:02:01 | node_4 | INFO ] 🧠 Aggregation complete. Setting new model.
[ 2026-05-14 16:02:01 | node_8 | INFO ] ⏹️  Gossiping exited for 10 equal rounds.
[ 2026-05-14 16:02:01 | node_37 | INFO ] 🎉 Round 100 of 100 finished.
[ 2026-05-14 16:02:01 | node_37 | INFO ] 😋 Training finished!!
[ 2026-05-14 16:02:01 | node_8 | INFO ] 🔬 Evaluating...
[ 2026-05-14 16:02:01 | node_3 | INFO ] ⏹️  Gossiping exited for 10 equal rounds.
[ 2026-05-14 16:02:02 | node_3 | INFO ] 🔬 Evaluating...
[ 2026-05-14 16:02:02 | node_9 | INFO ] 🧩 Model added for round 99 (12/12) from ['node_27']
[ 2026-05-14 16:02:02 | node_8 | INFO ] 📈 Evaluated. Results: {'test_loss': 4.868889808654785, 'test_acc': 0.5496183037757874, 'test_precision': 0.15987545251846313, 'test_recall': 0.11473513394594193, 'test_f1': 0.1319432407617569, 'communication_cost': 30107168}
[ 2026-05-14 16:02:02 | node_49 | INFO ] 🗣️ Gossiping aggregated model.
[ 2026-05-14 16:02:03 | node_3 | INFO ] 📈 Evaluated. Results: {'test_loss': 2.407529830932617, 'test_acc': 0.5, 'test_precision': 0.14168678224086761, 'test_recall': 0.10680034756660461, 'test_f1': 0.11535996943712234, 'communication_cost': 37633960}
[ 2026-05-14 16:02:03 | node_8 | INFO ] 📢 Broadcasting metrics.
[ 2026-05-14 16:02:03 | node_3 | INFO ] 📢 Broadcasting metrics.
[ 2026-05-14 16:02:03 | node_26 | INFO ] 🤫 Gossip finished.
[ 2026-05-14 16:02:04 | node_26 | INFO ] 🔬 Evaluating...
[ 2026-05-14 16:02:04 | ModelPackager | INFO ] Round 99: Consensus detected (dist: 0.000003). Patience: 5/5
[ 2026-05-14 16:02:04 | node_4 | INFO ] 🗣️ Gossiping aggregated model.
[ 2026-05-14 16:02:04 | node_26 | INFO ] 📈 Evaluated. Results: {'test_loss': 7.87640905380249, 'test_acc': 0.4000000059604645, 'test_precision': 0.375, 'test_recall': 0.5, 'test_f1': 0.4166666865348816, 'communication_cost': 22580376}
[ 2026-05-14 16:02:04 | node_9 | INFO ] 🧠 Aggregation complete. Setting new model.
[ 2026-05-14 16:02:04 | node_26 | INFO ] 📢 Broadcasting metrics.
[ 2026-05-14 16:02:05 | node_10 | INFO ] 🧩 Model added for round 99 (12/12) from ['node_27']
[ 2026-05-14 16:02:05 | node_42 | INFO ] 🤫 Gossip finished.
[ 2026-05-14 16:02:05 | node_43 | INFO ] 🤫 Gossip finished.
[ 2026-05-14 16:02:05 | node_42 | INFO ] 🔬 Evaluating...
[ 2026-05-14 16:02:05 | node_43 | INFO ] 🔬 Evaluating...
[ 2026-05-14 16:02:05 | node_9 | INFO ] 🗣️ Gossiping aggregated model.
[ 2026-05-14 16:02:06 | node_42 | INFO ] 📈 Evaluated. Results: {'test_loss': 4.352415561676025, 'test_acc': 0.3382899761199951, 'test_precision': 0.19903644919395447, 'test_recall': 0.12693525850772858, 'test_f1': 0.14408421516418457, 'communication_cost': 15053584}
[ 2026-05-14 16:02:06 | node | INFO ] ⏹️  Gossiping exited for 10 equal rounds.
[ 2026-05-14 16:02:06 | node_43 | INFO ] 📈 Evaluated. Results: {'test_loss': 6.524169445037842, 'test_acc': 0.11538461595773697, 'test_precision': 0.15555556118488312, 'test_recall': 0.23076923191547394, 'test_f1': 0.08994708955287933, 'communication_cost': 15053584}
[ 2026-05-14 16:02:06 | node | INFO ] 🔬 Evaluating...
[ 2026-05-14 16:02:06 | node | INFO ] 📈 Evaluated. Results: {'test_loss': 11.097259521484375, 'test_acc': 0.0, 'test_precision': 0.0, 'test_recall': 0.0, 'test_f1': 0.0, 'communication_cost': 26343772}
[ 2026-05-14 16:02:06 | node_42 | INFO ] 📢 Broadcasting metrics.
[ 2026-05-14 16:02:06 | node_8 | INFO ] 🎉 Round 100 of 100 finished.
[ 2026-05-14 16:02:06 | node_8 | INFO ] 😋 Training finished!!
[ 2026-05-14 16:02:07 | node_43 | INFO ] 📢 Broadcasting metrics.
[ 2026-05-14 16:02:07 | node | INFO ] 📢 Broadcasting metrics.
[ 2026-05-14 16:02:07 | node_11 | INFO ] 🧩 Model added for round 99 (8/8) from ['node_27']
[ 2026-05-14 16:02:07 | node_26 | INFO ] 🎉 Round 100 of 100 finished.
[ 2026-05-14 16:02:07 | node_26 | INFO ] 😋 Training finished!!
[ 2026-05-14 16:02:07 | node_6 | INFO ] ⏹️  Gossiping exited for 10 equal rounds.
[ 2026-05-14 16:02:07 | node_6 | INFO ] 🔬 Evaluating...
[ 2026-05-14 16:02:08 | node_6 | INFO ] 📈 Evaluated. Results: {'test_loss': 6.887688159942627, 'test_acc': 0.2415459007024765, 'test_precision': 0.18060939013957977, 'test_recall': 0.14222003519535065, 'test_f1': 0.14429567754268646, 'communication_cost': 26343772}
[ 2026-05-14 16:02:08 | node_2 | INFO ] ⏹️  Gossiping exited for 10 equal rounds.
[ 2026-05-14 16:02:08 | node_3 | INFO ] 🎉 Round 100 of 100 finished.
[ 2026-05-14 16:02:08 | node_3 | INFO ] 😋 Training finished!!
[ 2026-05-14 16:02:08 | node_42 | INFO ] 🎉 Round 100 of 100 finished.
[ 2026-05-14 16:02:08 | node_2 | INFO ] 🔬 Evaluating...
[ 2026-05-14 16:02:08 | node_42 | INFO ] 😋 Training finished!!
[ 2026-05-14 16:02:08 | node_6 | INFO ] 📢 Broadcasting metrics.
[ 2026-05-14 16:02:08 | node_43 | INFO ] 🎉 Round 100 of 100 finished.
[ 2026-05-14 16:02:08 | node_43 | INFO ] 😋 Training finished!!
[ 2026-05-14 16:02:09 | node_2 | INFO ] 📈 Evaluated. Results: {'test_loss': 10.156159400939941, 'test_acc': 0.1666666716337204, 'test_precision': 0.0317460335791111, 'test_recall': 0.0555555559694767, 'test_f1': 0.04040404036641121, 'communication_cost': 30107168}
[ 2026-05-14 16:02:09 | node_2 | INFO ] 📢 Broadcasting metrics.
[ 2026-05-14 16:02:09 | node_12 | INFO ] 🧩 Model added for round 99 (7/7) from ['node_27']
[ 2026-05-14 16:02:10 | ModelPackager | INFO ] Round 99: Consensus detected (dist: 0.000002). Patience: 5/5
[ 2026-05-14 16:02:10 | ModelPackager | INFO ] Round 99: Consensus detected (dist: 0.000003). Patience: 5/5
[ 2026-05-14 16:02:10 | node_12 | INFO ] 🧠 Aggregation complete. Setting new model.
[ 2026-05-14 16:02:10 | node | INFO ] 🎉 Round 100 of 100 finished.
[ 2026-05-14 16:02:10 | node | INFO ] 😋 Training finished!!
[ 2026-05-14 16:02:10 | node_11 | INFO ] 🧠 Aggregation complete. Setting new model.
[ 2026-05-14 16:02:11 | node_16 | INFO ] 🧩 Model added for round 99 (11/11) from ['node_27']
[ 2026-05-14 16:02:11 | node_12 | INFO ] 🗣️ Gossiping aggregated model.
[ 2026-05-14 16:02:11 | node_6 | INFO ] 🎉 Round 100 of 100 finished.
[ 2026-05-14 16:02:12 | node_6 | INFO ] 😋 Training finished!!
[ 2026-05-14 16:02:12 | node_11 | INFO ] 🗣️ Gossiping aggregated model.
[ 2026-05-14 16:02:12 | ModelPackager | INFO ] Round 99: Consensus detected (dist: 0.000002). Patience: 5/5
[ 2026-05-14 16:02:12 | node_21 | INFO ] ⏹️  Gossiping exited for 10 equal rounds.
[ 2026-05-14 16:02:12 | node_21 | INFO ] 🔬 Evaluating...
[ 2026-05-14 16:02:12 | node_10 | INFO ] 🧠 Aggregation complete. Setting new model.
[ 2026-05-14 16:02:13 | node_21 | INFO ] 📈 Evaluated. Results: {'test_loss': 6.312868595123291, 'test_acc': 0.1413690447807312, 'test_precision': 0.15051019191741943, 'test_recall': 0.04448670521378517, 'test_f1': 0.05315975844860077, 'communication_cost': 30107168}
[ 2026-05-14 16:02:13 | node_2 | INFO ] 🎉 Round 100 of 100 finished.
[ 2026-05-14 16:02:13 | node_21 | INFO ] 📢 Broadcasting metrics.
[ 2026-05-14 16:02:13 | node_2 | INFO ] 😋 Training finished!!
[ 2026-05-14 16:02:14 | node_7 | INFO ] ⏹️  Gossiping exited for 10 equal rounds.
[ 2026-05-14 16:02:14 | node_7 | INFO ] 🔬 Evaluating...
[ 2026-05-14 16:02:14 | node_18 | INFO ] 🧩 Model added for round 99 (10/10) from ['node_27']
[ 2026-05-14 16:02:14 | node_10 | INFO ] 🗣️ Gossiping aggregated model.
[ 2026-05-14 16:02:14 | node_7 | INFO ] 📈 Evaluated. Results: {'test_loss': 3.1790668964385986, 'test_acc': 0.4053156077861786, 'test_precision': 0.146226167678833, 'test_recall': 0.05976274609565735, 'test_f1': 0.08235745131969452, 'communication_cost': 33870564}
[ 2026-05-14 16:02:15 | node_41 | INFO ] ⏹️  Gossiping exited for 10 equal rounds.
[ 2026-05-14 16:02:15 | node_7 | INFO ] 📢 Broadcasting metrics.
[ 2026-05-14 16:02:15 | node_41 | INFO ] 🔬 Evaluating...
[ 2026-05-14 16:02:15 | node_41 | INFO ] 📈 Evaluated. Results: {'test_loss': 7.383738994598389, 'test_acc': 0.0476190485060215, 'test_precision': 0.125, 'test_recall': 0.006127451080828905, 'test_f1': 0.011682244017720222, 'communication_cost': 26343772}
[ 2026-05-14 16:02:16 | node_41 | INFO ] 📢 Broadcasting metrics.
[ 2026-05-14 16:02:16 | node_20 | INFO ] 🧩 Model added for round 99 (6/6) from ['node_27']
[ 2026-05-14 16:02:16 | ModelPackager | INFO ] Round 99: Consensus detected (dist: 0.000004). Patience: 5/5
[ 2026-05-14 16:02:16 | node_16 | INFO ] 🧠 Aggregation complete. Setting new model.
[ 2026-05-14 16:02:16 | node_32 | INFO ] ⏹️  Gossiping exited for 10 equal rounds.
[ 2026-05-14 16:02:17 | ModelPackager | INFO ] Round 99: Consensus detected (dist: 0.000002). Patience: 5/5
[ 2026-05-14 16:02:17 | node_20 | INFO ] 🧠 Aggregation complete. Setting new model.
[ 2026-05-14 16:02:17 | ModelPackager | INFO ] Round 99: Consensus detected (dist: 0.000002). Patience: 5/5
[ 2026-05-14 16:02:17 | node_32 | INFO ] 🔬 Evaluating...
[ 2026-05-14 16:02:17 | node_18 | INFO ] 🧠 Aggregation complete. Setting new model.
[ 2026-05-14 16:02:17 | node_32 | INFO ] 📈 Evaluated. Results: {'test_loss': 13.028026580810547, 'test_acc': 0.00561797758564353, 'test_precision': 0.013316687196493149, 'test_recall': 0.015980025753378868, 'test_f1': 0.014527295716106892, 'communication_cost': 30107168}
[ 2026-05-14 16:02:17 | node_29 | INFO ] 🧩 Model added for round 99 (5/5) from ['node_27']
[ 2026-05-14 16:02:17 | node_32 | INFO ] 📢 Broadcasting metrics.
[ 2026-05-14 16:02:18 | ModelPackager | INFO ] Round 99: Consensus detected (dist: 0.000001). Patience: 5/5
[ 2026-05-14 16:02:18 | node_21 | INFO ] 🎉 Round 100 of 100 finished.
[ 2026-05-14 16:02:18 | node_20 | INFO ] 🗣️ Gossiping aggregated model.
[ 2026-05-14 16:02:18 | node_21 | INFO ] 😋 Training finished!!
[ 2026-05-14 16:02:18 | node_29 | INFO ] 🧠 Aggregation complete. Setting new model.
[ 2026-05-14 16:02:18 | node_16 | INFO ] 🗣️ Gossiping aggregated model.
[ 2026-05-14 16:02:19 | node_30 | INFO ] 🧩 Model added for round 99 (10/10) from ['node_27']
[ 2026-05-14 16:02:19 | node_18 | INFO ] 🗣️ Gossiping aggregated model.
[ 2026-05-14 16:02:19 | node_29 | INFO ] 🗣️ Gossiping aggregated model.
[ 2026-05-14 16:02:20 | ModelPackager | INFO ] Round 99: Consensus detected (dist: 0.000006). Patience: 5/5
[ 2026-05-14 16:02:21 | node_30 | INFO ] 🧠 Aggregation complete. Setting new model.
[ 2026-05-14 16:02:21 | node_41 | INFO ] 🎉 Round 100 of 100 finished.
[ 2026-05-14 16:02:21 | node_41 | INFO ] 😋 Training finished!!
[ 2026-05-14 16:02:21 | node_7 | INFO ] 🎉 Round 100 of 100 finished.
[ 2026-05-14 16:02:21 | node_7 | INFO ] 😋 Training finished!!
[ 2026-05-14 16:02:21 | node_34 | INFO ] 🧩 Model added for round 99 (9/9) from ['node_27']
[ 2026-05-14 16:02:21 | node_30 | INFO ] 🗣️ Gossiping aggregated model.
[ 2026-05-14 16:02:22 | node_31 | INFO ] ⏹️  Gossiping exited for 10 equal rounds.
[ 2026-05-14 16:02:22 | node_28 | INFO ] ⏹️  Gossiping exited for 10 equal rounds.
[ 2026-05-14 16:02:22 | node_31 | INFO ] 🔬 Evaluating...
[ 2026-05-14 16:02:22 | node_32 | INFO ] 🎉 Round 100 of 100 finished.
[ 2026-05-14 16:02:22 | node_28 | INFO ] 🔬 Evaluating...
[ 2026-05-14 16:02:22 | node_32 | INFO ] 😋 Training finished!!
[ 2026-05-14 16:02:22 | node_31 | INFO ] 📈 Evaluated. Results: {'test_loss': 9.890405654907227, 'test_acc': 0.029498524963855743, 'test_precision': 0.0657527893781662, 'test_recall': 0.023173414170742035, 'test_f1': 0.023392517119646072, 'communication_cost': 26343772}
[ 2026-05-14 16:02:22 | node_28 | INFO ] 📈 Evaluated. Results: {'test_loss': 5.215124130249023, 'test_acc': 0.24124513566493988, 'test_precision': 0.12625597417354584, 'test_recall': 0.13063372671604156, 'test_f1': 0.0752466693520546, 'communication_cost': 30107168}
[ 2026-05-14 16:02:23 | node_14 | INFO ] ⏹️  Gossiping exited for 10 equal rounds.
[ 2026-05-14 16:02:23 | node_14 | INFO ] 🔬 Evaluating...
[ 2026-05-14 16:02:23 | node_23 | INFO ] 🤫 Gossip finished.
[ 2026-05-14 16:02:23 | node_31 | INFO ] 📢 Broadcasting metrics.
[ 2026-05-14 16:02:23 | node_23 | INFO ] 🔬 Evaluating...
[ 2026-05-14 16:02:23 | node_44 | INFO ] 🧩 Model added for round 99 (7/7) from ['node_27']
[ 2026-05-14 16:02:24 | node_28 | INFO ] 📢 Broadcasting metrics.
[ 2026-05-14 16:02:24 | node_14 | INFO ] 📈 Evaluated. Results: {'test_loss': 6.244434833526611, 'test_acc': 0.0, 'test_precision': 0.0, 'test_recall': 0.0, 'test_f1': 0.0, 'communication_cost': 22580376}
[ 2026-05-14 16:02:24 | node_47 | INFO ] ⏹️  Gossiping exited for 10 equal rounds.
[ 2026-05-14 16:02:24 | node_23 | INFO ] 📈 Evaluated. Results: {'test_loss': 3.144113063812256, 'test_acc': 0.27272728085517883, 'test_precision': 0.20000000298023224, 'test_recall': 0.054545458406209946, 'test_f1': 0.08571428805589676, 'communication_cost': 30107168}
[ 2026-05-14 16:02:24 | node_47 | INFO ] 🔬 Evaluating...
[ 2026-05-14 16:02:24 | node_14 | INFO ] 📢 Broadcasting metrics.
[ 2026-05-14 16:02:25 | node_47 | INFO ] 📈 Evaluated. Results: {'test_loss': 4.806315898895264, 'test_acc': 0.2554744482040405, 'test_precision': 0.14042404294013977, 'test_recall': 0.04210566729307175, 'test_f1': 0.06096863001585007, 'communication_cost': 45160752}
[ 2026-05-14 16:02:25 | node_23 | INFO ] 📢 Broadcasting metrics.
[ 2026-05-14 16:02:25 | node_48 | INFO ] 🧩 Model added for round 99 (9/9) from ['node_27']
[ 2026-05-14 16:02:25 | node_47 | INFO ] 📢 Broadcasting metrics.
[ 2026-05-14 16:02:25 | ModelPackager | INFO ] Round 99: Consensus detected (dist: 0.000002). Patience: 5/5
[ 2026-05-14 16:02:25 | ModelPackager | INFO ] Round 99: Consensus detected (dist: 0.000001). Patience: 5/5
[ 2026-05-14 16:02:25 | ModelPackager | INFO ] Round 99: Consensus detected (dist: 0.000001). Patience: 5/5
[ 2026-05-14 16:02:25 | node_34 | INFO ] 🧠 Aggregation complete. Setting new model.
[ 2026-05-14 16:02:25 | node_44 | INFO ] 🧠 Aggregation complete. Setting new model.
[ 2026-05-14 16:02:25 | node_48 | INFO ] 🧠 Aggregation complete. Setting new model.
[ 2026-05-14 16:02:25 | node_35 | INFO ] ⏹️  Gossiping exited for 10 equal rounds.
[ 2026-05-14 16:02:26 | node_35 | INFO ] 🔬 Evaluating...
[ 2026-05-14 16:02:26 | node_34 | INFO ] 🗣️ Gossiping aggregated model.
[ 2026-05-14 16:02:26 | node_35 | INFO ] 📈 Evaluated. Results: {'test_loss': 13.716715812683105, 'test_acc': 0.0793650820851326, 'test_precision': 0.0694444477558136, 'test_recall': 0.05681818351149559, 'test_f1': 0.0625, 'communication_cost': 33870564}
[ 2026-05-14 16:02:26 | node_35 | INFO ] 📢 Broadcasting metrics.
[ 2026-05-14 16:02:26 | node_44 | INFO ] 🗣️ Gossiping aggregated model.
[ 2026-05-14 16:02:26 | node_48 | INFO ] 🗣️ Gossiping aggregated model.
[ 2026-05-14 16:02:27 | node_28 | INFO ] 🎉 Round 100 of 100 finished.
[ 2026-05-14 16:02:27 | node_24 | INFO ] 🤫 Gossip finished.
[ 2026-05-14 16:02:27 | node_28 | INFO ] 😋 Training finished!!
[ 2026-05-14 16:02:27 | node_24 | INFO ] 🔬 Evaluating...
[ 2026-05-14 16:02:27 | node_31 | INFO ] 🎉 Round 100 of 100 finished.
[ 2026-05-14 16:02:27 | node_31 | INFO ] 😋 Training finished!!
[ 2026-05-14 16:02:27 | node_14 | INFO ] 🎉 Round 100 of 100 finished.
[ 2026-05-14 16:02:28 | node_14 | INFO ] 😋 Training finished!!
[ 2026-05-14 16:02:28 | node_1 | INFO ] ⏹️  Gossiping exited for 10 equal rounds.
[ 2026-05-14 16:02:28 | node_1 | INFO ] 🔬 Evaluating...
[ 2026-05-14 16:02:28 | node_24 | INFO ] 📈 Evaluated. Results: {'test_loss': 15.810473442077637, 'test_acc': 0.0, 'test_precision': 0.0, 'test_recall': 0.0, 'test_f1': 0.0, 'communication_cost': 33870564}
[ 2026-05-14 16:02:28 | node_1 | INFO ] 📈 Evaluated. Results: {'test_loss': 14.516336441040039, 'test_acc': 0.0714285746216774, 'test_precision': 0.0416666679084301, 'test_recall': 0.0833333358168602, 'test_f1': 0.0555555559694767, 'communication_cost': 18816980}
[ 2026-05-14 16:02:28 | node_24 | INFO ] 📢 Broadcasting metrics.
[ 2026-05-14 16:02:28 | node_39 | INFO ] 🤫 Gossip finished.
[ 2026-05-14 16:02:28 | node_39 | INFO ] 🔬 Evaluating...
[ 2026-05-14 16:02:28 | node_1 | INFO ] 📢 Broadcasting metrics.
[ 2026-05-14 16:02:28 | node_23 | INFO ] 🎉 Round 100 of 100 finished.
[ 2026-05-14 16:02:28 | node_23 | INFO ] 😋 Training finished!!
[ 2026-05-14 16:02:28 | node_38 | INFO ] ⏹️  Gossiping exited for 10 equal rounds.
[ 2026-05-14 16:02:29 | node_38 | INFO ] 🔬 Evaluating...
[ 2026-05-14 16:02:29 | node_5 | INFO ] ⏹️  Gossiping exited for 10 equal rounds.
[ 2026-05-14 16:02:29 | node_5 | INFO ] 🔬 Evaluating...
[ 2026-05-14 16:02:29 | node_38 | INFO ] 📈 Evaluated. Results: {'test_loss': 6.811356067657471, 'test_acc': 0.19760479032993317, 'test_precision': 0.11438728123903275, 'test_recall': 0.05492854490876198, 'test_f1': 0.059532683342695236, 'communication_cost': 33870564}
[ 2026-05-14 16:02:30 | node_38 | INFO ] 📢 Broadcasting metrics.
[ 2026-05-14 16:02:30 | ModelPackager | INFO ] Round 99: Consensus detected (dist: 0.000002). Patience: 5/5
[ 2026-05-14 16:02:30 | node_39 | INFO ] 📈 Evaluated. Results: {'test_loss': 3.567021608352661, 'test_acc': 0.4000000059604645, 'test_precision': 0.13500000536441803, 'test_recall': 0.17370130121707916, 'test_f1': 0.08861197531223297, 'communication_cost': 22580376}
[ 2026-05-14 16:02:30 | node_5 | INFO ] 📈 Evaluated. Results: {'test_loss': 3.535918712615967, 'test_acc': 0.38823530077934265, 'test_precision': 0.12568627297878265, 'test_recall': 0.055620916187763214, 'test_f1': 0.07646053284406662, 'communication_cost': 30107168}
[ 2026-05-14 16:02:30 | node_39 | INFO ] 📢 Broadcasting metrics.
[ 2026-05-14 16:02:30 | node_36 | INFO ] ⏹️  Gossiping exited for 10 equal rounds.
[ 2026-05-14 16:02:30 | node_27 | INFO ] 🧠 Aggregation complete. Setting new model.
[ 2026-05-14 16:02:31 | node_5 | INFO ] 📢 Broadcasting metrics.
[ 2026-05-14 16:02:31 | node_47 | INFO ] 🎉 Round 100 of 100 finished.
[ 2026-05-14 16:02:31 | node_36 | INFO ] 🔬 Evaluating...
[ 2026-05-14 16:02:31 | node_47 | INFO ] 😋 Training finished!!
[ 2026-05-14 16:02:31 | node_4 | INFO ] ⏹️  Gossiping exited for 10 equal rounds.
[ 2026-05-14 16:02:31 | node_4 | INFO ] 🔬 Evaluating...
[ 2026-05-14 16:02:31 | node_12 | INFO ] ⏹️  Gossiping exited for 10 equal rounds.
[ 2026-05-14 16:02:31 | node_36 | INFO ] 📈 Evaluated. Results: {'test_loss': 8.604278564453125, 'test_acc': 0.125, 'test_precision': 0.1116071417927742, 'test_recall': 0.11151960492134094, 'test_f1': 0.07982455939054489, 'communication_cost': 45160752}
[ 2026-05-14 16:02:31 | node_12 | INFO ] 🔬 Evaluating...
[ 2026-05-14 16:02:31 | node_35 | INFO ] 🎉 Round 100 of 100 finished.
[ 2026-05-14 16:02:31 | node_35 | INFO ] 😋 Training finished!!
[ 2026-05-14 16:02:32 | node_36 | INFO ] 📢 Broadcasting metrics.
[ 2026-05-14 16:02:32 | node_4 | INFO ] 📈 Evaluated. Results: {'test_loss': 10.499162673950195, 'test_acc': 0.09584087133407593, 'test_precision': 0.04621309041976929, 'test_recall': 0.045265838503837585, 'test_f1': 0.03158922865986824, 'communication_cost': 56450940}
[ 2026-05-14 16:02:32 | node_1 | INFO ] 🎉 Round 100 of 100 finished.
[ 2026-05-14 16:02:32 | node_1 | INFO ] 😋 Training finished!!
[ 2026-05-14 16:02:32 | node_12 | INFO ] 📈 Evaluated. Results: {'test_loss': 12.365665435791016, 'test_acc': 0.15576323866844177, 'test_precision': 0.06004937365651131, 'test_recall': 0.05667278170585632, 'test_f1': 0.056900572031736374, 'communication_cost': 22580376}
[ 2026-05-14 16:02:32 | node_49 | INFO ] ⏹️  Gossiping exited for 10 equal rounds.
[ 2026-05-14 16:02:32 | node_4 | INFO ] 📢 Broadcasting metrics.
[ 2026-05-14 16:02:32 | node_49 | INFO ] 🔬 Evaluating...
[ 2026-05-14 16:02:32 | node_27 | INFO ] 🗣️ Gossiping aggregated model.
[ 2026-05-14 16:02:32 | node_24 | INFO ] 🎉 Round 100 of 100 finished.
[ 2026-05-14 16:02:32 | node_24 | INFO ] 😋 Training finished!!
[ 2026-05-14 16:02:32 | node_12 | INFO ] 📢 Broadcasting metrics.
[ 2026-05-14 16:02:33 | node_49 | INFO ] 📈 Evaluated. Results: {'test_loss': 0.8509811758995056, 'test_acc': 0.7818182110786438, 'test_precision': 0.17664851248264313, 'test_recall': 0.16926917433738708, 'test_f1': 0.16740915179252625, 'communication_cost': 37633960}
[ 2026-05-14 16:02:33 | node_49 | INFO ] 📢 Broadcasting metrics.
[ 2026-05-14 16:02:33 | node_29 | INFO ] 🤫 Gossip finished.
[ 2026-05-14 16:02:33 | node_29 | INFO ] 🔬 Evaluating...
[ 2026-05-14 16:02:33 | node_39 | INFO ] 🎉 Round 100 of 100 finished.
[ 2026-05-14 16:02:34 | node_39 | INFO ] 😋 Training finished!!
[ 2026-05-14 16:02:34 | node_29 | INFO ] 📈 Evaluated. Results: {'test_loss': 2.5004520416259766, 'test_acc': 0.522580623626709, 'test_precision': 0.2381742149591446, 'test_recall': 0.17484842240810394, 'test_f1': 0.19670788943767548, 'communication_cost': 15053584}
[ 2026-05-14 16:02:35 | node_38 | INFO ] 🎉 Round 100 of 100 finished.
[ 2026-05-14 16:02:35 | node_5 | INFO ] 🎉 Round 100 of 100 finished.
[ 2026-05-14 16:02:35 | node_38 | INFO ] 😋 Training finished!!
[ 2026-05-14 16:02:35 | node_29 | INFO ] 📢 Broadcasting metrics.
[ 2026-05-14 16:02:35 | node_5 | INFO ] 😋 Training finished!!
[ 2026-05-14 16:02:36 | node_12 | INFO ] 🎉 Round 100 of 100 finished.
[ 2026-05-14 16:02:36 | node_12 | INFO ] 😋 Training finished!!
[ 2026-05-14 16:02:36 | node_29 | INFO ] 🎉 Round 100 of 100 finished.
[ 2026-05-14 16:02:36 | node_29 | INFO ] 😋 Training finished!!
[ 2026-05-14 16:02:37 | node_49 | INFO ] 🎉 Round 100 of 100 finished.
[ 2026-05-14 16:02:37 | node_49 | INFO ] 😋 Training finished!!
[ 2026-05-14 16:02:38 | node_36 | INFO ] 🎉 Round 100 of 100 finished.
[ 2026-05-14 16:02:38 | node_36 | INFO ] 😋 Training finished!!
[ 2026-05-14 16:02:38 | node_4 | INFO ] 🎉 Round 100 of 100 finished.
[ 2026-05-14 16:02:38 | node_4 | INFO ] 😋 Training finished!!
[ 2026-05-14 16:02:39 | node_11 | INFO ] ⏹️  Gossiping exited for 10 equal rounds.
[ 2026-05-14 16:02:40 | node_11 | INFO ] 🔬 Evaluating...
[ 2026-05-14 16:02:40 | node_11 | INFO ] 📈 Evaluated. Results: {'test_loss': 15.597243309020996, 'test_acc': 0.025287356227636337, 'test_precision': 0.05204614996910095, 'test_recall': 0.04608983173966408, 'test_f1': 0.020072853192687035, 'communication_cost': 26343772}
[ 2026-05-14 16:02:40 | node_11 | INFO ] 📢 Broadcasting metrics.
[ 2026-05-14 16:02:41 | node_22 | INFO ] ⏹️  Gossiping exited for 10 equal rounds.
[ 2026-05-14 16:02:41 | node_46 | INFO ] ⏹️  Gossiping exited for 10 equal rounds.
[ 2026-05-14 16:02:41 | node_22 | INFO ] 🔬 Evaluating...
[ 2026-05-14 16:02:41 | node_46 | INFO ] 🔬 Evaluating...
[ 2026-05-14 16:02:42 | node_22 | INFO ] 📈 Evaluated. Results: {'test_loss': 7.113837718963623, 'test_acc': 0.0979020968079567, 'test_precision': 0.1511216014623642, 'test_recall': 0.10450054705142975, 'test_f1': 0.053535860031843185, 'communication_cost': 33870564}
[ 2026-05-14 16:02:42 | node_46 | INFO ] 📈 Evaluated. Results: {'test_loss': 5.792799472808838, 'test_acc': 0.35978835821151733, 'test_precision': 0.10711009055376053, 'test_recall': 0.07313543558120728, 'test_f1': 0.08387590944766998, 'communication_cost': 30107168}
[ 2026-05-14 16:02:42 | node_22 | INFO ] 📢 Broadcasting metrics.
[ 2026-05-14 16:02:43 | node_18 | INFO ] ⏹️  Gossiping exited for 10 equal rounds.
[ 2026-05-14 16:02:43 | node_46 | INFO ] 📢 Broadcasting metrics.
[ 2026-05-14 16:02:43 | node_18 | INFO ] 🔬 Evaluating...
[ 2026-05-14 16:02:43 | node_18 | INFO ] 📈 Evaluated. Results: {'test_loss': 3.771820068359375, 'test_acc': 0.302325576543808, 'test_precision': 0.1693750023841858, 'test_recall': 0.09125000238418579, 'test_f1': 0.1086111068725586, 'communication_cost': 33870564}
[ 2026-05-14 16:02:43 | node_11 | INFO ] 🎉 Round 100 of 100 finished.
[ 2026-05-14 16:02:43 | node_11 | INFO ] 😋 Training finished!!
[ 2026-05-14 16:02:44 | node_19 | INFO ] ⏹️  Gossiping exited for 10 equal rounds.
[ 2026-05-14 16:02:44 | node_18 | INFO ] 📢 Broadcasting metrics.
[ 2026-05-14 16:02:44 | node_19 | INFO ] 🔬 Evaluating...
[ 2026-05-14 16:02:44 | node_40 | INFO ] ⏹️  Gossiping exited for 10 equal rounds.
[ 2026-05-14 16:02:44 | node_40 | INFO ] 🔬 Evaluating...
[ 2026-05-14 16:02:44 | node_10 | INFO ] ⏹️  Gossiping exited for 10 equal rounds.
[ 2026-05-14 16:02:44 | node_19 | INFO ] 📈 Evaluated. Results: {'test_loss': 3.8113205432891846, 'test_acc': 0.5316455960273743, 'test_precision': 0.2859797477722168, 'test_recall': 0.2514055073261261, 'test_f1': 0.24875904619693756, 'communication_cost': 33870564}
[ 2026-05-14 16:02:44 | node_10 | INFO ] 🔬 Evaluating...
[ 2026-05-14 16:02:45 | node_40 | INFO ] 📈 Evaluated. Results: {'test_loss': 11.436274528503418, 'test_acc': 0.07874015718698502, 'test_precision': 0.07475674152374268, 'test_recall': 0.051281239837408066, 'test_f1': 0.048330601304769516, 'communication_cost': 30107168}
[ 2026-05-14 16:02:45 | node_19 | INFO ] 📢 Broadcasting metrics.
[ 2026-05-14 16:02:45 | node_10 | INFO ] 📈 Evaluated. Results: {'test_loss': 3.4303059577941895, 'test_acc': 0.5855262875556946, 'test_precision': 0.12901760637760162, 'test_recall': 0.1331826001405716, 'test_f1': 0.10689271241426468, 'communication_cost': 41397356}
[ 2026-05-14 16:02:45 | node_40 | INFO ] 📢 Broadcasting metrics.
[ 2026-05-14 16:02:45 | node_10 | INFO ] 📢 Broadcasting metrics.
[ 2026-05-14 16:02:46 | node_22 | INFO ] 🎉 Round 100 of 100 finished.
[ 2026-05-14 16:02:46 | node_22 | INFO ] 😋 Training finished!!
[ 2026-05-14 16:02:46 | node_46 | INFO ] 🎉 Round 100 of 100 finished.
[ 2026-05-14 16:02:46 | node_46 | INFO ] 😋 Training finished!!
[ 2026-05-14 16:02:47 | node_16 | INFO ] ⏹️  Gossiping exited for 10 equal rounds.
[ 2026-05-14 16:02:47 | node_16 | INFO ] 🔬 Evaluating...
[ 2026-05-14 16:02:48 | node_16 | INFO ] 📈 Evaluated. Results: {'test_loss': 4.9726128578186035, 'test_acc': 0.3900415003299713, 'test_precision': 0.16290073096752167, 'test_recall': 0.1849171668291092, 'test_f1': 0.1537170112133026, 'communication_cost': 37633960}
[ 2026-05-14 16:02:48 | node_18 | INFO ] 🎉 Round 100 of 100 finished.
[ 2026-05-14 16:02:48 | node_18 | INFO ] 😋 Training finished!!
[ 2026-05-14 16:02:48 | node_16 | INFO ] 📢 Broadcasting metrics.
[ 2026-05-14 16:02:48 | node_30 | INFO ] ⏹️  Gossiping exited for 10 equal rounds.
[ 2026-05-14 16:02:48 | node_30 | INFO ] 🔬 Evaluating...
[ 2026-05-14 16:02:48 | node_40 | INFO ] 🎉 Round 100 of 100 finished.
[ 2026-05-14 16:02:48 | node_40 | INFO ] 😋 Training finished!!
[ 2026-05-14 16:02:48 | node_19 | INFO ] 🎉 Round 100 of 100 finished.
[ 2026-05-14 16:02:48 | node_19 | INFO ] 😋 Training finished!!
[ 2026-05-14 16:02:49 | node_30 | INFO ] 📈 Evaluated. Results: {'test_loss': 7.552676677703857, 'test_acc': 0.1818181872367859, 'test_precision': 0.04545454680919647, 'test_recall': 0.032258063554763794, 'test_f1': 0.03773584961891174, 'communication_cost': 33870564}
[ 2026-05-14 16:02:49 | node_30 | INFO ] 📢 Broadcasting metrics.
[ 2026-05-14 16:02:49 | node_33 | INFO ] ⏹️  Gossiping exited for 10 equal rounds.
[ 2026-05-14 16:02:49 | node_33 | INFO ] 🔬 Evaluating...
[ 2026-05-14 16:02:49 | node_33 | INFO ] 📈 Evaluated. Results: {'test_loss': 10.572779655456543, 'test_acc': 0.25, 'test_precision': 0.125, 'test_recall': 0.125, 'test_f1': 0.125, 'communication_cost': 33870564}
[ 2026-05-14 16:02:50 | node_15 | INFO ] ⏹️  Gossiping exited for 10 equal rounds.
[ 2026-05-14 16:02:50 | node_15 | INFO ] 🔬 Evaluating...
[ 2026-05-14 16:02:50 | node_45 | INFO ] ⏹️  Gossiping exited for 10 equal rounds.
[ 2026-05-14 16:02:50 | node_33 | INFO ] 📢 Broadcasting metrics.
[ 2026-05-14 16:02:50 | node_45 | INFO ] 🔬 Evaluating...
[ 2026-05-14 16:02:50 | node_10 | INFO ] 🎉 Round 100 of 100 finished.
[ 2026-05-14 16:02:50 | node_15 | INFO ] 📈 Evaluated. Results: {'test_loss': 9.037524223327637, 'test_acc': 0.23577235639095306, 'test_precision': 0.12986426055431366, 'test_recall': 0.11367522180080414, 'test_f1': 0.11633802950382233, 'communication_cost': 22580376}
[ 2026-05-14 16:02:50 | node_10 | INFO ] 😋 Training finished!!
[ 2026-05-14 16:02:50 | node_13 | INFO ] ⏹️  Gossiping exited for 10 equal rounds.
[ 2026-05-14 16:02:50 | node_45 | INFO ] 📈 Evaluated. Results: {'test_loss': 12.56276798248291, 'test_acc': 0.06578947603702545, 'test_precision': 0.03750000149011612, 'test_recall': 0.1041666716337204, 'test_f1': 0.04707792401313782, 'communication_cost': 37633960}
[ 2026-05-14 16:02:50 | node_15 | INFO ] 📢 Broadcasting metrics.
[ 2026-05-14 16:02:50 | node_13 | INFO ] 🔬 Evaluating...
[ 2026-05-14 16:02:50 | node_45 | INFO ] 📢 Broadcasting metrics.
[ 2026-05-14 16:02:51 | node_44 | INFO ] ⏹️  Gossiping exited for 10 equal rounds.
[ 2026-05-14 16:02:51 | node_16 | INFO ] 🎉 Round 100 of 100 finished.
[ 2026-05-14 16:02:51 | node_13 | INFO ] 📈 Evaluated. Results: {'test_loss': 2.077040195465088, 'test_acc': 0.5992217659950256, 'test_precision': 0.18132533133029938, 'test_recall': 0.15553149580955505, 'test_f1': 0.16183750331401825, 'communication_cost': 30107168}
[ 2026-05-14 16:02:51 | node_44 | INFO ] 🔬 Evaluating...
[ 2026-05-14 16:02:51 | node_34 | INFO ] ⏹️  Gossiping exited for 10 equal rounds.
[ 2026-05-14 16:02:51 | node_13 | INFO ] 📢 Broadcasting metrics.
[ 2026-05-14 16:02:51 | node_16 | INFO ] 😋 Training finished!!
[ 2026-05-14 16:02:51 | node_34 | INFO ] 🔬 Evaluating...
[ 2026-05-14 16:02:51 | node_44 | INFO ] 📈 Evaluated. Results: {'test_loss': 3.2607810497283936, 'test_acc': 0.3743315637111664, 'test_precision': 0.17036281526088715, 'test_recall': 0.08939551562070847, 'test_f1': 0.11679787188768387, 'communication_cost': 22580376}
[ 2026-05-14 16:02:51 | node_34 | INFO ] 📈 Evaluated. Results: {'test_loss': 7.124646186828613, 'test_acc': 0.04494382068514824, 'test_precision': 0.10005351155996323, 'test_recall': 0.010004201903939247, 'test_f1': 0.017958905547857285, 'communication_cost': 30107168}
[ 2026-05-14 16:02:51 | node_44 | INFO ] 📢 Broadcasting metrics.
[ 2026-05-14 16:02:52 | node_30 | INFO ] 🎉 Round 100 of 100 finished.
[ 2026-05-14 16:02:52 | node_30 | INFO ] 😋 Training finished!!
[ 2026-05-14 16:02:52 | node_34 | INFO ] 📢 Broadcasting metrics.
[ 2026-05-14 16:02:53 | node_15 | INFO ] 🎉 Round 100 of 100 finished.
[ 2026-05-14 16:02:53 | node_15 | INFO ] 😋 Training finished!!
[ 2026-05-14 16:02:53 | node_33 | INFO ] 🎉 Round 100 of 100 finished.
[ 2026-05-14 16:02:53 | node_33 | INFO ] 😋 Training finished!!
[ 2026-05-14 16:02:53 | node_13 | INFO ] 🎉 Round 100 of 100 finished.
[ 2026-05-14 16:02:53 | node_13 | INFO ] 😋 Training finished!!
[ 2026-05-14 16:02:54 | node_44 | INFO ] 🎉 Round 100 of 100 finished.
[ 2026-05-14 16:02:54 | node_44 | INFO ] 😋 Training finished!!
[ 2026-05-14 16:02:54 | node_45 | INFO ] 🎉 Round 100 of 100 finished.
[ 2026-05-14 16:02:54 | node_45 | INFO ] 😋 Training finished!!
[ 2026-05-14 16:02:54 | node_25 | INFO ] ⏹️  Gossiping exited for 10 equal rounds.
[ 2026-05-14 16:02:54 | node_34 | INFO ] 🎉 Round 100 of 100 finished.
[ 2026-05-14 16:02:55 | node_25 | INFO ] 🔬 Evaluating...
[ 2026-05-14 16:02:55 | node_34 | INFO ] 😋 Training finished!!
[ 2026-05-14 16:02:55 | node_25 | INFO ] 📈 Evaluated. Results: {'test_loss': 3.482520580291748, 'test_acc': 0.35185185074806213, 'test_precision': 0.22211265563964844, 'test_recall': 0.21501050889492035, 'test_f1': 0.17409363389015198, 'communication_cost': 37633960}
[ 2026-05-14 16:02:55 | node_25 | INFO ] 📢 Broadcasting metrics.
[ 2026-05-14 16:02:58 | node_9 | INFO ] ⏹️  Gossiping exited for 10 equal rounds.
[ 2026-05-14 16:02:58 | node_9 | INFO ] 🔬 Evaluating...
[ 2026-05-14 16:02:59 | node_25 | INFO ] 🎉 Round 100 of 100 finished.
[ 2026-05-14 16:02:59 | node_25 | INFO ] 😋 Training finished!!
[ 2026-05-14 16:02:59 | node_9 | INFO ] 📈 Evaluated. Results: {'test_loss': 2.6235191822052, 'test_acc': 0.565891444683075, 'test_precision': 0.12403100728988647, 'test_recall': 0.07185923308134079, 'test_f1': 0.0909976214170456, 'communication_cost': 41397356}
[ 2026-05-14 16:02:59 | node_9 | INFO ] 📢 Broadcasting metrics.
[ 2026-05-14 16:03:03 | node_9 | INFO ] 🎉 Round 100 of 100 finished.
[ 2026-05-14 16:03:03 | node_9 | INFO ] 😋 Training finished!!
[ 2026-05-14 16:03:04 | node_27 | INFO ] ⏹️  Gossiping exited for 10 equal rounds.
[ 2026-05-14 16:03:04 | node_27 | INFO ] 🔬 Evaluating...
[ 2026-05-14 16:03:04 | node_27 | INFO ] 📈 Evaluated. Results: {'test_loss': 2.7181334495544434, 'test_acc': 0.4000000059604645, 'test_precision': 0.18775510787963867, 'test_recall': 0.1282467544078827, 'test_f1': 0.1488095223903656, 'communication_cost': 48924148}
[ 2026-05-14 16:03:04 | node_27 | INFO ] 📢 Broadcasting metrics.
[ 2026-05-14 16:03:08 | node_20 | INFO ] ⏹️  Gossiping exited for 10 equal rounds.
[ 2026-05-14 16:03:08 | node_20 | INFO ] 🔬 Evaluating...
[ 2026-05-14 16:03:08 | node_20 | INFO ] 📈 Evaluated. Results: {'test_loss': 1.2350871562957764, 'test_acc': 0.7951807379722595, 'test_precision': 0.17266207933425903, 'test_recall': 0.1452973186969757, 'test_f1': 0.1577313393354416, 'communication_cost': 18816980}
[ 2026-05-14 16:03:08 | node_20 | INFO ] 📢 Broadcasting metrics.
[ 2026-05-14 16:03:09 | node_27 | INFO ] 🎉 Round 100 of 100 finished.
[ 2026-05-14 16:03:09 | node_27 | INFO ] 😋 Training finished!!
[ 2026-05-14 16:03:10 | node_20 | INFO ] 🎉 Round 100 of 100 finished.
[ 2026-05-14 16:03:10 | node_20 | INFO ] 😋 Training finished!!
[ 2026-05-14 16:03:11 | node_48 | INFO ] ⏹️  Gossiping exited for 10 equal rounds.
[ 2026-05-14 16:03:12 | node_48 | INFO ] 🔬 Evaluating...
[ 2026-05-14 16:03:12 | node_48 | INFO ] 📈 Evaluated. Results: {'test_loss': 14.619406700134277, 'test_acc': 0.050713155418634415, 'test_precision': 0.02163761295378208, 'test_recall': 0.015335201285779476, 'test_f1': 0.016146084293723106, 'communication_cost': 30107168}
[ 2026-05-14 16:03:12 | node_48 | INFO ] 📢 Broadcasting metrics.
[ 2026-05-14 16:03:15 | node_48 | INFO ] 🎉 Round 100 of 100 finished.
[ 2026-05-14 16:03:15 | node_48 | INFO ] 😋 Training finished!!
[ 2026-05-14 16:03:16 | None | INFO ] 🏁 All nodes finished training. Waiting 10s for final synchronization...
[ 2026-05-14 16:03:26 | node | INFO ] Stopping node...
[ 2026-05-14 16:03:26 | node | INFO ] 🛑 Stopping gossiper...
[ 2026-05-14 16:03:26 | node | INFO ] InMemoryServer stopped at node
[ 2026-05-14 16:03:26 | node_1 | INFO ] Stopping node...
[ 2026-05-14 16:03:26 | node_1 | INFO ] 🛑 Stopping gossiper...
[ 2026-05-14 16:03:26 | node_1 | INFO ] InMemoryServer stopped at node_1
[ 2026-05-14 16:03:26 | node_2 | INFO ] Stopping node...
[ 2026-05-14 16:03:27 | node_2 | INFO ] 🛑 Stopping gossiper...
[ 2026-05-14 16:03:27 | node_2 | INFO ] InMemoryServer stopped at node_2
[ 2026-05-14 16:03:27 | node_3 | INFO ] Stopping node...
[ 2026-05-14 16:03:27 | node_3 | INFO ] 🛑 Stopping gossiper...
[ 2026-05-14 16:03:27 | node_3 | INFO ] InMemoryServer stopped at node_3
[ 2026-05-14 16:03:27 | node_4 | INFO ] Stopping node...
[ 2026-05-14 16:03:27 | node_4 | INFO ] 🛑 Stopping gossiper...
[ 2026-05-14 16:03:27 | node_4 | INFO ] InMemoryServer stopped at node_4
[ 2026-05-14 16:03:27 | node_5 | INFO ] Stopping node...
[ 2026-05-14 16:03:27 | node_5 | INFO ] 🛑 Stopping gossiper...
[ 2026-05-14 16:03:28 | node_5 | INFO ] InMemoryServer stopped at node_5
[ 2026-05-14 16:03:28 | node_6 | INFO ] Stopping node...
[ 2026-05-14 16:03:28 | node_6 | INFO ] 🛑 Stopping gossiper...
[ 2026-05-14 16:03:28 | node_6 | INFO ] InMemoryServer stopped at node_6
[ 2026-05-14 16:03:29 | node_7 | INFO ] Stopping node...
[ 2026-05-14 16:03:29 | node_7 | INFO ] 🛑 Stopping gossiper...
[ 2026-05-14 16:03:29 | node_7 | INFO ] InMemoryServer stopped at node_7
[ 2026-05-14 16:03:29 | node_8 | INFO ] Stopping node...
[ 2026-05-14 16:03:29 | node_8 | INFO ] 🛑 Stopping gossiper...
[ 2026-05-14 16:03:29 | node_8 | INFO ] InMemoryServer stopped at node_8
[ 2026-05-14 16:03:29 | node_9 | INFO ] Stopping node...
[ 2026-05-14 16:03:29 | node_9 | INFO ] 🛑 Stopping gossiper...
[ 2026-05-14 16:03:29 | node_9 | INFO ] InMemoryServer stopped at node_9
[ 2026-05-14 16:03:29 | node_10 | INFO ] Stopping node...
[ 2026-05-14 16:03:29 | node_10 | INFO ] 🛑 Stopping gossiper...
[ 2026-05-14 16:03:29 | node_10 | INFO ] InMemoryServer stopped at node_10
[ 2026-05-14 16:03:29 | node_11 | INFO ] Stopping node...
[ 2026-05-14 16:03:30 | node_11 | INFO ] 🛑 Stopping gossiper...
[ 2026-05-14 16:03:30 | node_11 | INFO ] InMemoryServer stopped at node_11
[ 2026-05-14 16:03:30 | node_12 | INFO ] Stopping node...
[ 2026-05-14 16:03:30 | node_12 | INFO ] 🛑 Stopping gossiper...
[ 2026-05-14 16:03:30 | node_12 | INFO ] InMemoryServer stopped at node_12
[ 2026-05-14 16:03:30 | node_13 | INFO ] Stopping node...
[ 2026-05-14 16:03:30 | node_13 | INFO ] 🛑 Stopping gossiper...
[ 2026-05-14 16:03:30 | node_13 | INFO ] InMemoryServer stopped at node_13
[ 2026-05-14 16:03:30 | node_14 | INFO ] Stopping node...
[ 2026-05-14 16:03:30 | node_14 | INFO ] 🛑 Stopping gossiper...
[ 2026-05-14 16:03:30 | node_14 | INFO ] InMemoryServer stopped at node_14
[ 2026-05-14 16:03:30 | node_15 | INFO ] Stopping node...
[ 2026-05-14 16:03:31 | node_15 | INFO ] 🛑 Stopping gossiper...
[ 2026-05-14 16:03:31 | node_15 | INFO ] InMemoryServer stopped at node_15
[ 2026-05-14 16:03:31 | node_16 | INFO ] Stopping node...
[ 2026-05-14 16:03:31 | node_16 | INFO ] 🛑 Stopping gossiper...
[ 2026-05-14 16:03:31 | node_16 | INFO ] InMemoryServer stopped at node_16
[ 2026-05-14 16:03:31 | node_17 | INFO ] Stopping node...
[ 2026-05-14 16:03:31 | node_17 | INFO ] 🛑 Stopping gossiper...
[ 2026-05-14 16:03:31 | node_17 | INFO ] InMemoryServer stopped at node_17
[ 2026-05-14 16:03:31 | node_18 | INFO ] Stopping node...
[ 2026-05-14 16:03:31 | node_18 | INFO ] 🛑 Stopping gossiper...
[ 2026-05-14 16:03:32 | node_18 | INFO ] InMemoryServer stopped at node_18
[ 2026-05-14 16:03:32 | node_19 | INFO ] Stopping node...
[ 2026-05-14 16:03:32 | node_19 | INFO ] 🛑 Stopping gossiper...
[ 2026-05-14 16:03:32 | node_19 | INFO ] InMemoryServer stopped at node_19
[ 2026-05-14 16:03:32 | node_20 | INFO ] Stopping node...
[ 2026-05-14 16:03:32 | node_20 | INFO ] 🛑 Stopping gossiper...
[ 2026-05-14 16:03:32 | node_20 | INFO ] InMemoryServer stopped at node_20
[ 2026-05-14 16:03:32 | node_21 | INFO ] Stopping node...
[ 2026-05-14 16:03:33 | node_21 | INFO ] 🛑 Stopping gossiper...
[ 2026-05-14 16:03:33 | node_21 | INFO ] InMemoryServer stopped at node_21
[ 2026-05-14 16:03:33 | node_22 | INFO ] Stopping node...
[ 2026-05-14 16:03:33 | node_22 | INFO ] 🛑 Stopping gossiper...
[ 2026-05-14 16:03:33 | node_22 | INFO ] InMemoryServer stopped at node_22
[ 2026-05-14 16:03:33 | node_23 | INFO ] Stopping node...
[ 2026-05-14 16:03:33 | node_23 | INFO ] 🛑 Stopping gossiper...
[ 2026-05-14 16:03:33 | node_23 | INFO ] InMemoryServer stopped at node_23
[ 2026-05-14 16:03:33 | node_24 | INFO ] Stopping node...
[ 2026-05-14 16:03:33 | node_24 | INFO ] 🛑 Stopping gossiper...
[ 2026-05-14 16:03:33 | node_24 | INFO ] InMemoryServer stopped at node_24
[ 2026-05-14 16:03:33 | node_25 | INFO ] Stopping node...
[ 2026-05-14 16:03:33 | node_25 | INFO ] 🛑 Stopping gossiper...
[ 2026-05-14 16:03:33 | node_25 | INFO ] InMemoryServer stopped at node_25
[ 2026-05-14 16:03:34 | node_26 | INFO ] Stopping node...
[ 2026-05-14 16:03:34 | node_26 | INFO ] 🛑 Stopping gossiper...
[ 2026-05-14 16:03:34 | node_26 | INFO ] InMemoryServer stopped at node_26
[ 2026-05-14 16:03:34 | node_27 | INFO ] Stopping node...
[ 2026-05-14 16:03:34 | node_27 | INFO ] 🛑 Stopping gossiper...
[ 2026-05-14 16:03:34 | node_27 | INFO ] InMemoryServer stopped at node_27
[ 2026-05-14 16:03:34 | node_28 | INFO ] Stopping node...
[ 2026-05-14 16:03:34 | node_28 | INFO ] 🛑 Stopping gossiper...
[ 2026-05-14 16:03:34 | node_28 | INFO ] InMemoryServer stopped at node_28
[ 2026-05-14 16:03:34 | node_29 | INFO ] Stopping node...
[ 2026-05-14 16:03:34 | node_29 | INFO ] 🛑 Stopping gossiper...
[ 2026-05-14 16:03:34 | node_29 | INFO ] InMemoryServer stopped at node_29
[ 2026-05-14 16:03:34 | node_30 | INFO ] Stopping node...
[ 2026-05-14 16:03:35 | node_30 | INFO ] 🛑 Stopping gossiper...
[ 2026-05-14 16:03:35 | node_30 | INFO ] InMemoryServer stopped at node_30
[ 2026-05-14 16:03:35 | node_31 | INFO ] Stopping node...
[ 2026-05-14 16:03:35 | node_31 | INFO ] 🛑 Stopping gossiper...
[ 2026-05-14 16:03:35 | node_31 | INFO ] InMemoryServer stopped at node_31
[ 2026-05-14 16:03:35 | node_32 | INFO ] Stopping node...
[ 2026-05-14 16:03:35 | node_32 | INFO ] 🛑 Stopping gossiper...
[ 2026-05-14 16:03:35 | node_32 | INFO ] InMemoryServer stopped at node_32
[ 2026-05-14 16:03:36 | node_33 | INFO ] Stopping node...
[ 2026-05-14 16:03:36 | node_33 | INFO ] 🛑 Stopping gossiper...
[ 2026-05-14 16:03:36 | node_33 | INFO ] InMemoryServer stopped at node_33
[ 2026-05-14 16:03:36 | node_34 | INFO ] Stopping node...
[ 2026-05-14 16:03:36 | node_34 | INFO ] 🛑 Stopping gossiper...
[ 2026-05-14 16:03:36 | node_34 | INFO ] InMemoryServer stopped at node_34
[ 2026-05-14 16:03:36 | node_35 | INFO ] Stopping node...
[ 2026-05-14 16:03:36 | node_35 | INFO ] 🛑 Stopping gossiper...
[ 2026-05-14 16:03:36 | node_35 | INFO ] InMemoryServer stopped at node_35
[ 2026-05-14 16:03:36 | node_36 | INFO ] Stopping node...
[ 2026-05-14 16:03:36 | node_36 | INFO ] 🛑 Stopping gossiper...
[ 2026-05-14 16:03:36 | node_36 | INFO ] InMemoryServer stopped at node_36
[ 2026-05-14 16:03:37 | node_37 | INFO ] Stopping node...
[ 2026-05-14 16:03:37 | node_37 | INFO ] 🛑 Stopping gossiper...
[ 2026-05-14 16:03:37 | node_37 | INFO ] InMemoryServer stopped at node_37
[ 2026-05-14 16:03:37 | node_38 | INFO ] Stopping node...
[ 2026-05-14 16:03:37 | node_38 | INFO ] 🛑 Stopping gossiper...
[ 2026-05-14 16:03:37 | node_38 | INFO ] InMemoryServer stopped at node_38
[ 2026-05-14 16:03:37 | node_39 | INFO ] Stopping node...
[ 2026-05-14 16:03:37 | node_39 | INFO ] 🛑 Stopping gossiper...
[ 2026-05-14 16:03:37 | node_39 | INFO ] InMemoryServer stopped at node_39
[ 2026-05-14 16:03:37 | node_40 | INFO ] Stopping node...
[ 2026-05-14 16:03:37 | node_40 | INFO ] 🛑 Stopping gossiper...
[ 2026-05-14 16:03:37 | node_40 | INFO ] InMemoryServer stopped at node_40
[ 2026-05-14 16:03:37 | node_41 | INFO ] Stopping node...
[ 2026-05-14 16:03:37 | node_41 | INFO ] 🛑 Stopping gossiper...
[ 2026-05-14 16:03:37 | node_41 | INFO ] InMemoryServer stopped at node_41
[ 2026-05-14 16:03:37 | node_42 | INFO ] Stopping node...
[ 2026-05-14 16:03:37 | node_42 | INFO ] 🛑 Stopping gossiper...
[ 2026-05-14 16:03:37 | node_42 | INFO ] InMemoryServer stopped at node_42
[ 2026-05-14 16:03:37 | node_43 | INFO ] Stopping node...
[ 2026-05-14 16:03:37 | node_43 | INFO ] 🛑 Stopping gossiper...
[ 2026-05-14 16:03:37 | node_43 | INFO ] InMemoryServer stopped at node_43
[ 2026-05-14 16:03:38 | node_44 | INFO ] Stopping node...
[ 2026-05-14 16:03:38 | node_44 | INFO ] 🛑 Stopping gossiper...
[ 2026-05-14 16:03:38 | node_44 | INFO ] InMemoryServer stopped at node_44
[ 2026-05-14 16:03:38 | node_45 | INFO ] Stopping node...
[ 2026-05-14 16:03:38 | node_45 | INFO ] 🛑 Stopping gossiper...
[ 2026-05-14 16:03:38 | node_45 | INFO ] InMemoryServer stopped at node_45
[ 2026-05-14 16:03:38 | node_46 | INFO ] Stopping node...
[ 2026-05-14 16:03:38 | node_46 | INFO ] 🛑 Stopping gossiper...
[ 2026-05-14 16:03:38 | node_46 | INFO ] InMemoryServer stopped at node_46
[ 2026-05-14 16:03:38 | node_47 | INFO ] Stopping node...
[ 2026-05-14 16:03:38 | node_47 | INFO ] 🛑 Stopping gossiper...
[ 2026-05-14 16:03:38 | node_47 | INFO ] InMemoryServer stopped at node_47
[ 2026-05-14 16:03:38 | node_48 | INFO ] Stopping node...
[ 2026-05-14 16:03:38 | node_48 | INFO ] 🛑 Stopping gossiper...
[ 2026-05-14 16:03:38 | node_48 | INFO ] InMemoryServer stopped at node_48
[ 2026-05-14 16:03:38 | node_49 | INFO ] Stopping node...
[ 2026-05-14 16:03:38 | node_49 | INFO ] 🛑 Stopping gossiper...
[ 2026-05-14 16:03:38 | node_49 | INFO ] InMemoryServer stopped at node_49
