[ 2026-03-06 13:42:24 | node_43 | INFO ] 📈 Evaluated. Results: {'test_loss': 0.3092811107635498, 'test_acc': 0.9103773832321167, 'test_precision': 0.427742063999176, 'test_recall': 0.43278950452804565, 'test_f1': 0.426244854927063, 'communication_cost': 0}
[ 2026-03-06 13:42:24 | node_2 | INFO ] 📈 Evaluated. Results: {'test_loss': 0.05885183811187744, 'test_acc': 0.9882352948188782, 'test_precision': 0.9946808815002441, 'test_recall': 0.9791667461395264, 'test_f1': 0.9864422678947449, 'communication_cost': 0}
[ 2026-03-06 13:42:24 | node_41 | INFO ] 📈 Evaluated. Results: {'test_loss': 0.18536311388015747, 'test_acc': 0.9636363387107849, 'test_precision': 0.7200000286102295, 'test_recall': 0.7923077940940857, 'test_f1': 0.7460784912109375, 'communication_cost': 0}
[ 2026-03-06 13:42:24 | node_34 | INFO ] 🚂 Round 81: Client training...
[ 2026-03-06 13:42:24 | node_49 | INFO ] 🔬 Evaluating...
[ 2026-03-06 13:42:24 | node_38 | INFO ] 🚂 Round 81: Client training...
[ 2026-03-06 13:42:24 | node_31 | INFO ] 🚂 Round 81: Client training...
[ 2026-03-06 13:42:24 | node_33 | INFO ] 🚂 Round 81: Client training...
[ 2026-03-06 13:42:24 | node_32 | INFO ] 🚂 Round 81: Client training...
[ 2026-03-06 13:42:24 | node_19 | INFO ] 🚂 Round 81: Client training...
[ 2026-03-06 13:42:24 | node_46 | INFO ] 📈 Evaluated. Results: {'test_loss': 0.21128599345684052, 'test_acc': 0.9702380895614624, 'test_precision': 0.5299145579338074, 'test_recall': 0.5234861969947815, 'test_f1': 0.5266488194465637, 'communication_cost': 0}
[ 2026-03-06 13:42:24 | node_45 | INFO ] 🚂 Round 81: Client training...
[ 2026-03-06 13:42:24 | node_5 | INFO ] 📈 Evaluated. Results: {'test_loss': 0.3383921682834625, 'test_acc': 0.9230769276618958, 'test_precision': 0.6071987748146057, 'test_recall': 0.6689674854278564, 'test_f1': 0.629238486289978, 'communication_cost': 0}
[ 2026-03-06 13:42:24 | node_28 | INFO ] 📈 Evaluated. Results: {'test_loss': 0.3408161997795105, 'test_acc': 0.970059871673584, 'test_precision': 0.3404626250267029, 'test_recall': 0.3466607332229614, 'test_f1': 0.3421611487865448, 'communication_cost': 0}
[ 2026-03-06 13:42:24 | node_21 | INFO ] 📈 Evaluated. Results: {'test_loss': 0.33584198355674744, 'test_acc': 0.932692289352417, 'test_precision': 0.45665448904037476, 'test_recall': 0.4462370276451111, 'test_f1': 0.4510536789894104, 'communication_cost': 0}
[ 2026-03-06 13:42:24 | node_12 | INFO ] 📈 Evaluated. Results: {'test_loss': 0.22402937710285187, 'test_acc': 0.9497041702270508, 'test_precision': 0.30836087465286255, 'test_recall': 0.3213850259780884, 'test_f1': 0.31068292260169983, 'communication_cost': 0}
[ 2026-03-06 13:42:24 | node_6 | INFO ] 🚂 Round 81: Client training...
[ 2026-03-06 13:42:24 | node_17 | INFO ] 🚂 Round 81: Client training...
[ 2026-03-06 13:42:24 | node_3 | INFO ] 🚂 Round 81: Client training...
[ 2026-03-06 13:42:24 | node_14 | INFO ] 📈 Evaluated. Results: {'test_loss': 0.18680493533611298, 'test_acc': 0.9676470756530762, 'test_precision': 0.41403359174728394, 'test_recall': 0.41755345463752747, 'test_f1': 0.41474393010139465, 'communication_cost': 0}
[ 2026-03-06 13:42:24 | node_15 | INFO ] 🚂 Round 81: Client training...
[ 2026-03-06 13:42:24 | node_37 | INFO ] 🚂 Round 81: Client training...
[ 2026-03-06 13:42:24 | node_2 | INFO ] 🚂 Round 81: Client training...
[ 2026-03-06 13:42:24 | node_43 | INFO ] 🚂 Round 81: Client training...
[ 2026-03-06 13:42:24 | node_41 | INFO ] 🚂 Round 81: Client training...
[ 2026-03-06 13:42:24 | node_8 | INFO ] 📈 Evaluated. Results: {'test_loss': 0.22459006309509277, 'test_acc': 0.9078013896942139, 'test_precision': 0.5917782783508301, 'test_recall': 0.5690187811851501, 'test_f1': 0.577801525592804, 'communication_cost': 0}
[ 2026-03-06 13:42:24 | node_46 | INFO ] 🚂 Round 81: Client training...
[ 2026-03-06 13:42:24 | node_40 | INFO ] 📈 Evaluated. Results: {'test_loss': 0.2533593475818634, 'test_acc': 0.9571428298950195, 'test_precision': 0.4482993483543396, 'test_recall': 0.45414820313453674, 'test_f1': 0.44357284903526306, 'communication_cost': 0}
[ 2026-03-06 13:42:24 | node_47 | INFO ] 📈 Evaluated. Results: {'test_loss': 0.034061238169670105, 'test_acc': 0.9928057789802551, 'test_precision': 0.9841727018356323, 'test_recall': 0.9810072183609009, 'test_f1': 0.9824140667915344, 'communication_cost': 0}
[ 2026-03-06 13:42:25 | node_21 | INFO ] 🚂 Round 81: Client training...
[ 2026-03-06 13:42:25 | node_5 | INFO ] 🚂 Round 81: Client training...
[ 2026-03-06 13:42:25 | node_12 | INFO ] 🚂 Round 81: Client training...
[ 2026-03-06 13:42:25 | node_28 | INFO ] 🚂 Round 81: Client training...
[ 2026-03-06 13:42:25 | node_14 | INFO ] 🚂 Round 81: Client training...
[ 2026-03-06 13:42:25 | node_9 | INFO ] 📈 Evaluated. Results: {'test_loss': 0.1331898719072342, 'test_acc': 0.9863013625144958, 'test_precision': 0.5194434523582458, 'test_recall': 0.5129541754722595, 'test_f1': 0.5161212682723999, 'communication_cost': 0}
[ 2026-03-06 13:42:25 | node_29 | INFO ] 📈 Evaluated. Results: {'test_loss': 0.6625655293464661, 'test_acc': 0.8407079577445984, 'test_precision': 0.2159377932548523, 'test_recall': 0.18578939139842987, 'test_f1': 0.1994703859090805, 'communication_cost': 0}
[ 2026-03-06 13:42:25 | node_48 | INFO ] 📈 Evaluated. Results: {'test_loss': 0.6067743897438049, 'test_acc': 0.8776978254318237, 'test_precision': 0.28115108609199524, 'test_recall': 0.3099425733089447, 'test_f1': 0.28084316849708557, 'communication_cost': 0}
[ 2026-03-06 13:42:25 | node_8 | INFO ] 🚂 Round 81: Client training...
[ 2026-03-06 13:42:25 | node_40 | INFO ] 🚂 Round 81: Client training...
[ 2026-03-06 13:42:25 | node_47 | INFO ] 🚂 Round 81: Client training...
[ 2026-03-06 13:42:25 | node_9 | INFO ] 🚂 Round 81: Client training...
[ 2026-03-06 13:42:25 | node_29 | INFO ] 🚂 Round 81: Client training...
[ 2026-03-06 13:42:25 | node_48 | INFO ] 🚂 Round 81: Client training...
[ 2026-03-06 13:42:25 | node_49 | INFO ] 📈 Evaluated. Results: {'test_loss': 0.2513948678970337, 'test_acc': 0.9378330111503601, 'test_precision': 0.470608115196228, 'test_recall': 0.47556203603744507, 'test_f1': 0.4710458517074585, 'communication_cost': 0}
[ 2026-03-06 13:42:26 | node_49 | INFO ] 🚂 Round 81: Client training...
[ 2026-03-06 13:42:26 | node | INFO ] ⏳ Round 81: Server waiting for 49 updates.
[ 2026-03-06 13:42:26 | node | INFO ] ♻️ Proactively processing 48 early models for round 81.
[ 2026-03-06 13:42:26 | node | INFO ] 🧩 Model added for round 81 (1/49) from ['node_1']
[ 2026-03-06 13:42:26 | node | INFO ] 🧩 Model added for round 81 (2/49) from ['node_10']
[ 2026-03-06 13:42:26 | node | INFO ] 🧩 Model added for round 81 (3/49) from ['node_4']
[ 2026-03-06 13:42:26 | node | INFO ] 🧩 Model added for round 81 (4/49) from ['node_7']
[ 2026-03-06 13:42:26 | node | INFO ] 🧩 Model added for round 81 (5/49) from ['node_35']
[ 2026-03-06 13:42:26 | node | INFO ] 🧩 Model added for round 81 (6/49) from ['node_30']
[ 2026-03-06 13:42:26 | node | INFO ] 🧩 Model added for round 81 (7/49) from ['node_26']
[ 2026-03-06 13:42:26 | node | INFO ] 🧩 Model added for round 81 (8/49) from ['node_24']
[ 2026-03-06 13:42:26 | node | INFO ] 🧩 Model added for round 81 (9/49) from ['node_20']
[ 2026-03-06 13:42:26 | node | INFO ] 🧩 Model added for round 81 (10/49) from ['node_13']
[ 2026-03-06 13:42:26 | node | INFO ] 🧩 Model added for round 81 (11/49) from ['node_11']
[ 2026-03-06 13:42:26 | node | INFO ] 🧩 Model added for round 81 (12/49) from ['node_42']
[ 2026-03-06 13:42:26 | node | INFO ] 🧩 Model added for round 81 (13/49) from ['node_18']
[ 2026-03-06 13:42:26 | node | INFO ] 🧩 Model added for round 81 (14/49) from ['node_34']
[ 2026-03-06 13:42:26 | node | INFO ] 🧩 Model added for round 81 (15/49) from ['node_25']
[ 2026-03-06 13:42:26 | node | INFO ] 🧩 Model added for round 81 (16/49) from ['node_33']
[ 2026-03-06 13:42:26 | node | INFO ] 🧩 Model added for round 81 (17/49) from ['node_16']
[ 2026-03-06 13:42:26 | node | INFO ] 🧩 Model added for round 81 (18/49) from ['node_22']
[ 2026-03-06 13:42:26 | node | INFO ] 🧩 Model added for round 81 (19/49) from ['node_23']
[ 2026-03-06 13:42:26 | node | INFO ] 🧩 Model added for round 81 (20/49) from ['node_38']
[ 2026-03-06 13:42:26 | node | INFO ] 🧩 Model added for round 81 (21/49) from ['node_17']
[ 2026-03-06 13:42:26 | node | INFO ] 🧩 Model added for round 81 (22/49) from ['node_39']
[ 2026-03-06 13:42:26 | node | INFO ] 🧩 Model added for round 81 (23/49) from ['node_37']
[ 2026-03-06 13:42:26 | node | INFO ] 🧩 Model added for round 81 (24/49) from ['node_31']
[ 2026-03-06 13:42:26 | node | INFO ] 🧩 Model added for round 81 (25/49) from ['node_41']
[ 2026-03-06 13:42:26 | node | INFO ] 🧩 Model added for round 81 (26/49) from ['node_21']
[ 2026-03-06 13:42:26 | node | INFO ] 🧩 Model added for round 81 (27/49) from ['node_45']
[ 2026-03-06 13:42:26 | node | INFO ] 🧩 Model added for round 81 (28/49) from ['node_27']
[ 2026-03-06 13:42:26 | node | INFO ] 🧩 Model added for round 81 (29/49) from ['node_19']
[ 2026-03-06 13:42:26 | node | INFO ] 🧩 Model added for round 81 (30/49) from ['node_5']
[ 2026-03-06 13:42:26 | node | INFO ] 🧩 Model added for round 81 (31/49) from ['node_44']
[ 2026-03-06 13:42:26 | node | INFO ] 🧩 Model added for round 81 (32/49) from ['node_43']
[ 2026-03-06 13:42:26 | node | INFO ] 🧩 Model added for round 81 (33/49) from ['node_46']
[ 2026-03-06 13:42:26 | node | INFO ] 🧩 Model added for round 81 (34/49) from ['node_47']
[ 2026-03-06 13:42:26 | node | INFO ] 🧩 Model added for round 81 (35/49) from ['node_6']
[ 2026-03-06 13:42:26 | node | INFO ] 🧩 Model added for round 81 (36/49) from ['node_3']
[ 2026-03-06 13:42:26 | node | INFO ] 🧩 Model added for round 81 (37/49) from ['node_9']
[ 2026-03-06 13:42:26 | node | INFO ] 🧩 Model added for round 81 (38/49) from ['node_32']
[ 2026-03-06 13:42:26 | node | INFO ] 🧩 Model added for round 81 (39/49) from ['node_28']
[ 2026-03-06 13:42:26 | node | INFO ] 🧩 Model added for round 81 (40/49) from ['node_14']
[ 2026-03-06 13:42:26 | node | INFO ] 🧩 Model added for round 81 (41/49) from ['node_2']
[ 2026-03-06 13:42:26 | node | INFO ] 🧩 Model added for round 81 (42/49) from ['node_8']
[ 2026-03-06 13:42:26 | node | INFO ] 🧩 Model added for round 81 (43/49) from ['node_40']
[ 2026-03-06 13:42:26 | node | INFO ] 🧩 Model added for round 81 (44/49) from ['node_12']
[ 2026-03-06 13:42:26 | node | INFO ] 🧩 Model added for round 81 (45/49) from ['node_15']
[ 2026-03-06 13:42:26 | node | INFO ] 🧩 Model added for round 81 (46/49) from ['node_48']
[ 2026-03-06 13:42:26 | node | INFO ] 🧩 Model added for round 81 (47/49) from ['node_29']
[ 2026-03-06 13:42:26 | node | INFO ] 🧩 Model added for round 81 (48/49) from ['node_49']
[ 2026-03-06 13:42:26 | node | INFO ] 🧩 Model added for round 81 (49/49) from ['node_36']
[ 2026-03-06 13:42:27 | node | INFO ] 🔬 Evaluating...
[ 2026-03-06 13:42:28 | node | INFO ] 📈 Evaluated. Results: {'test_loss': 0.20895040035247803, 'test_acc': 0.9637096524238586, 'test_precision': 0.35304659605026245, 'test_recall': 0.363055944442749, 'test_f1': 0.3568369150161743, 'communication_cost': 46110666}
[ 2026-03-06 13:42:28 | node_24 | INFO ] 🔬 Evaluating...
[ 2026-03-06 13:42:28 | node_13 | INFO ] 🔬 Evaluating...
[ 2026-03-06 13:42:28 | node_7 | INFO ] 🔬 Evaluating...
[ 2026-03-06 13:42:28 | node_20 | INFO ] 🔬 Evaluating...
[ 2026-03-06 13:42:28 | node_10 | INFO ] 🔬 Evaluating...
[ 2026-03-06 13:42:28 | node_11 | INFO ] 🔬 Evaluating...
[ 2026-03-06 13:42:28 | node_1 | INFO ] 🔬 Evaluating...
[ 2026-03-06 13:42:28 | node_42 | INFO ] 🔬 Evaluating...
[ 2026-03-06 13:42:28 | node_18 | INFO ] 🔬 Evaluating...
[ 2026-03-06 13:42:28 | node_34 | INFO ] 🔬 Evaluating...
[ 2026-03-06 13:42:28 | node_23 | INFO ] 🔬 Evaluating...
[ 2026-03-06 13:42:28 | node_24 | INFO ] 📈 Evaluated. Results: {'test_loss': 0.18046218156814575, 'test_acc': 0.9215686321258545, 'test_precision': 0.4749999940395355, 'test_recall': 0.4761904776096344, 'test_f1': 0.47434210777282715, 'communication_cost': 0}
[ 2026-03-06 13:42:28 | node_38 | INFO ] 🔬 Evaluating...
[ 2026-03-06 13:42:28 | node_22 | INFO ] 🔬 Evaluating...
[ 2026-03-06 13:42:28 | node_39 | INFO ] 🔬 Evaluating...
[ 2026-03-06 13:42:28 | node_4 | INFO ] 🔬 Evaluating...
[ 2026-03-06 13:42:28 | node_16 | INFO ] 🔬 Evaluating...
[ 2026-03-06 13:42:28 | node_33 | INFO ] 🔬 Evaluating...
[ 2026-03-06 13:42:28 | node_15 | INFO ] 🔬 Evaluating...
[ 2026-03-06 13:42:28 | node_6 | INFO ] 🔬 Evaluating...
[ 2026-03-06 13:42:28 | node_19 | INFO ] 🔬 Evaluating...
[ 2026-03-06 13:42:28 | node_44 | INFO ] 🔬 Evaluating...
[ 2026-03-06 13:42:28 | node_28 | INFO ] 🔬 Evaluating...
[ 2026-03-06 13:42:28 | node_37 | INFO ] 🔬 Evaluating...
[ 2026-03-06 13:42:28 | node_12 | INFO ] 🔬 Evaluating...
[ 2026-03-06 13:42:28 | node_14 | INFO ] 🔬 Evaluating...
[ 2026-03-06 13:42:28 | node_8 | INFO ] 🔬 Evaluating...
[ 2026-03-06 13:42:28 | node_32 | INFO ] 🔬 Evaluating...
[ 2026-03-06 13:42:28 | node_41 | INFO ] 🔬 Evaluating...
[ 2026-03-06 13:42:28 | node_25 | INFO ] 🔬 Evaluating...
[ 2026-03-06 13:42:28 | node_48 | INFO ] 🔬 Evaluating...
[ 2026-03-06 13:42:28 | node_45 | INFO ] 🔬 Evaluating...
[ 2026-03-06 13:42:28 | node_5 | INFO ] 🔬 Evaluating...
[ 2026-03-06 13:42:28 | node_2 | INFO ] 🔬 Evaluating...
[ 2026-03-06 13:42:28 | node_3 | INFO ] 🔬 Evaluating...
[ 2026-03-06 13:42:28 | node_17 | INFO ] 🔬 Evaluating...
[ 2026-03-06 13:42:28 | node_9 | INFO ] 🔬 Evaluating...
[ 2026-03-06 13:42:28 | node_47 | INFO ] 🔬 Evaluating...
[ 2026-03-06 13:42:28 | node_21 | INFO ] 🔬 Evaluating...
[ 2026-03-06 13:42:28 | node_10 | INFO ] 📈 Evaluated. Results: {'test_loss': 0.001521219965070486, 'test_acc': 1.0, 'test_precision': 1.0, 'test_recall': 1.0, 'test_f1': 1.0, 'communication_cost': 0}
[ 2026-03-06 13:42:28 | node_20 | INFO ] 📈 Evaluated. Results: {'test_loss': 0.6960064768791199, 'test_acc': 0.8544061183929443, 'test_precision': 0.3189086318016052, 'test_recall': 0.299652099609375, 'test_f1': 0.3081977963447571, 'communication_cost': 0}
[ 2026-03-06 13:42:28 | node_31 | INFO ] 🔬 Evaluating...
[ 2026-03-06 13:42:28 | node_40 | INFO ] 🔬 Evaluating...
[ 2026-03-06 13:42:28 | node_30 | INFO ] 🔬 Evaluating...
[ 2026-03-06 13:42:28 | node_7 | INFO ] 📈 Evaluated. Results: {'test_loss': 0.24871066212654114, 'test_acc': 0.9764705896377563, 'test_precision': 0.6666666865348816, 'test_recall': 0.6284146904945374, 'test_f1': 0.6461929082870483, 'communication_cost': 0}
[ 2026-03-06 13:42:28 | node_27 | INFO ] 🔬 Evaluating...
[ 2026-03-06 13:42:28 | node_35 | INFO ] 🔬 Evaluating...
[ 2026-03-06 13:42:28 | node_46 | INFO ] 🔬 Evaluating...
[ 2026-03-06 13:42:28 | node_43 | INFO ] 🔬 Evaluating...
[ 2026-03-06 13:42:28 | node_13 | INFO ] 📈 Evaluated. Results: {'test_loss': 0.43219661712646484, 'test_acc': 0.9057591557502747, 'test_precision': 0.25355273485183716, 'test_recall': 0.2829926908016205, 'test_f1': 0.2595096528530121, 'communication_cost': 0}
[ 2026-03-06 13:42:28 | node_1 | INFO ] 📈 Evaluated. Results: {'test_loss': 0.3673689067363739, 'test_acc': 0.949999988079071, 'test_precision': 0.5, 'test_recall': 0.4749999940395355, 'test_f1': 0.4871794581413269, 'communication_cost': 0}
[ 2026-03-06 13:42:28 | node_49 | INFO ] 🔬 Evaluating...
[ 2026-03-06 13:42:28 | node_29 | INFO ] 🔬 Evaluating...
[ 2026-03-06 13:42:28 | node_36 | INFO ] 🔬 Evaluating...
[ 2026-03-06 13:42:28 | node_24 | INFO ] 🚂 Round 82: Client training...
[ 2026-03-06 13:42:28 | node_26 | INFO ] 🔬 Evaluating...
[ 2026-03-06 13:42:28 | node_10 | INFO ] 🚂 Round 82: Client training...
[ 2026-03-06 13:42:28 | node_42 | INFO ] 📈 Evaluated. Results: {'test_loss': 0.0008171891677193344, 'test_acc': 1.0, 'test_precision': 1.0, 'test_recall': 1.0, 'test_f1': 1.0, 'communication_cost': 0}
[ 2026-03-06 13:42:28 | node_18 | INFO ] 📈 Evaluated. Results: {'test_loss': 0.49941909313201904, 'test_acc': 0.9189189076423645, 'test_precision': 0.39693695306777954, 'test_recall': 0.383459210395813, 'test_f1': 0.3889371156692505, 'communication_cost': 0}
[ 2026-03-06 13:42:28 | node_7 | INFO ] 🚂 Round 82: Client training...
[ 2026-03-06 13:42:28 | node_13 | INFO ] 🚂 Round 82: Client training...
[ 2026-03-06 13:42:28 | node_11 | INFO ] 📈 Evaluated. Results: {'test_loss': 0.45604991912841797, 'test_acc': 0.8761904835700989, 'test_precision': 0.5758578777313232, 'test_recall': 0.7052631378173828, 'test_f1': 0.6070379018783569, 'communication_cost': 0}
[ 2026-03-06 13:42:28 | node_20 | INFO ] 🚂 Round 82: Client training...
[ 2026-03-06 13:42:28 | node_41 | INFO ] 📈 Evaluated. Results: {'test_loss': 0.2398226410150528, 'test_acc': 0.9363636374473572, 'test_precision': 0.6000000238418579, 'test_recall': 0.6554487347602844, 'test_f1': 0.6191956996917725, 'communication_cost': 0}
[ 2026-03-06 13:42:29 | node_1 | INFO ] 🚂 Round 82: Client training...
[ 2026-03-06 13:42:29 | node_42 | INFO ] 🚂 Round 82: Client training...
[ 2026-03-06 13:42:29 | node_18 | INFO ] 🚂 Round 82: Client training...
[ 2026-03-06 13:42:29 | node_47 | INFO ] 📈 Evaluated. Results: {'test_loss': 0.01940280571579933, 'test_acc': 0.9928057789802551, 'test_precision': 0.9841727018356323, 'test_recall': 0.9810072183609009, 'test_f1': 0.9824140667915344, 'communication_cost': 0}
[ 2026-03-06 13:42:29 | node_38 | INFO ] 📈 Evaluated. Results: {'test_loss': 0.6087788939476013, 'test_acc': 0.8944099545478821, 'test_precision': 0.5396965146064758, 'test_recall': 0.5192057490348816, 'test_f1': 0.5235035419464111, 'communication_cost': 0}
[ 2026-03-06 13:42:29 | node_11 | INFO ] 🚂 Round 82: Client training...
[ 2026-03-06 13:42:29 | node_41 | INFO ] 🚂 Round 82: Client training...
[ 2026-03-06 13:42:29 | node_48 | INFO ] 📈 Evaluated. Results: {'test_loss': 0.4489028751850128, 'test_acc': 0.9100719690322876, 'test_precision': 0.30263790488243103, 'test_recall': 0.32968559861183167, 'test_f1': 0.3064752519130707, 'communication_cost': 0}
[ 2026-03-06 13:42:29 | node_47 | INFO ] 🚂 Round 82: Client training...
[ 2026-03-06 13:42:29 | node_32 | INFO ] 📈 Evaluated. Results: {'test_loss': 0.7141050696372986, 'test_acc': 0.9222221970558167, 'test_precision': 0.46666669845581055, 'test_recall': 0.5840909481048584, 'test_f1': 0.4917159974575043, 'communication_cost': 0}
[ 2026-03-06 13:42:29 | node_38 | INFO ] 🚂 Round 82: Client training...
[ 2026-03-06 13:42:29 | node_45 | INFO ] 📈 Evaluated. Results: {'test_loss': 0.22687079012393951, 'test_acc': 0.942307710647583, 'test_precision': 0.6500000357627869, 'test_recall': 0.7866666316986084, 'test_f1': 0.69786536693573, 'communication_cost': 0}
[ 2026-03-06 13:42:29 | node_37 | INFO ] 📈 Evaluated. Results: {'test_loss': 0.9125790596008301, 'test_acc': 0.8873239159584045, 'test_precision': 0.7658730149269104, 'test_recall': 0.7829861640930176, 'test_f1': 0.7679451107978821, 'communication_cost': 0}
[ 2026-03-06 13:42:29 | node_2 | INFO ] 📈 Evaluated. Results: {'test_loss': 0.06233271583914757, 'test_acc': 0.9882352948188782, 'test_precision': 0.9946808815002441, 'test_recall': 0.9791667461395264, 'test_f1': 0.9864422678947449, 'communication_cost': 0}
[ 2026-03-06 13:42:30 | node_48 | INFO ] 🚂 Round 82: Client training...
[ 2026-03-06 13:42:30 | node_23 | INFO ] 📈 Evaluated. Results: {'test_loss': 0.21085360646247864, 'test_acc': 0.9514563083648682, 'test_precision': 0.5166666507720947, 'test_recall': 0.6581632494926453, 'test_f1': 0.5650814771652222, 'communication_cost': 0}
[ 2026-03-06 13:42:30 | node_6 | INFO ] 📈 Evaluated. Results: {'test_loss': 0.34374237060546875, 'test_acc': 0.9102563858032227, 'test_precision': 0.5312820672988892, 'test_recall': 0.7652605175971985, 'test_f1': 0.5887316465377808, 'communication_cost': 0}
[ 2026-03-06 13:42:30 | node_17 | INFO ] 📈 Evaluated. Results: {'test_loss': 0.38429173827171326, 'test_acc': 0.8795180916786194, 'test_precision': 0.5597883462905884, 'test_recall': 0.6376586556434631, 'test_f1': 0.585593581199646, 'communication_cost': 0}
[ 2026-03-06 13:42:30 | node_22 | INFO ] 📈 Evaluated. Results: {'test_loss': 0.29470306634902954, 'test_acc': 0.9655172228813171, 'test_precision': 0.6000000238418579, 'test_recall': 0.6000000238418579, 'test_f1': 0.6000000238418579, 'communication_cost': 0}
[ 2026-03-06 13:42:30 | node_3 | INFO ] 📈 Evaluated. Results: {'test_loss': 0.027230340987443924, 'test_acc': 0.9750000238418579, 'test_precision': 0.75, 'test_recall': 0.740384578704834, 'test_f1': 0.7450980544090271, 'communication_cost': 0}
[ 2026-03-06 13:42:30 | node_32 | INFO ] 🚂 Round 82: Client training...
[ 2026-03-06 13:42:30 | node_34 | INFO ] 📈 Evaluated. Results: {'test_loss': 0.3859085142612457, 'test_acc': 0.9426751732826233, 'test_precision': 0.44183942675590515, 'test_recall': 0.42624080181121826, 'test_f1': 0.4333168566226959, 'communication_cost': 0}
[ 2026-03-06 13:42:30 | node_19 | INFO ] 📈 Evaluated. Results: {'test_loss': 0.4860270023345947, 'test_acc': 0.935251772403717, 'test_precision': 0.7127783894538879, 'test_recall': 0.7922382950782776, 'test_f1': 0.7388574481010437, 'communication_cost': 0}
[ 2026-03-06 13:42:30 | node_44 | INFO ] 📈 Evaluated. Results: {'test_loss': 0.32618626952171326, 'test_acc': 0.9433962106704712, 'test_precision': 0.6666666865348816, 'test_recall': 0.6541666984558105, 'test_f1': 0.6601731777191162, 'communication_cost': 0}
[ 2026-03-06 13:42:30 | node_45 | INFO ] 🚂 Round 82: Client training...
[ 2026-03-06 13:42:30 | node_33 | INFO ] 📈 Evaluated. Results: {'test_loss': 0.607127845287323, 'test_acc': 0.8600000143051147, 'test_precision': 0.34628573060035706, 'test_recall': 0.3224884867668152, 'test_f1': 0.3334348797798157, 'communication_cost': 0}
[ 2026-03-06 13:42:30 | node_39 | INFO ] 📈 Evaluated. Results: {'test_loss': 0.11737329512834549, 'test_acc': 0.9684210419654846, 'test_precision': 0.738095223903656, 'test_recall': 0.8369815349578857, 'test_f1': 0.7702671885490417, 'communication_cost': 0}
[ 2026-03-06 13:42:30 | node_37 | INFO ] 🚂 Round 82: Client training...
[ 2026-03-06 13:42:30 | node_27 | INFO ] 📈 Evaluated. Results: {'test_loss': 1.4245845079421997, 'test_acc': 0.8918918967247009, 'test_precision': 0.4444445073604584, 'test_recall': 0.42720305919647217, 'test_f1': 0.43535351753234863, 'communication_cost': 0}
[ 2026-03-06 13:42:30 | node_15 | INFO ] 📈 Evaluated. Results: {'test_loss': 0.15158993005752563, 'test_acc': 0.9877551198005676, 'test_precision': 0.6857143044471741, 'test_recall': 0.7332726120948792, 'test_f1': 0.7041680812835693, 'communication_cost': 0}
[ 2026-03-06 13:42:30 | node_21 | INFO ] 📈 Evaluated. Results: {'test_loss': 0.2779795527458191, 'test_acc': 0.9519230723381042, 'test_precision': 0.5327635407447815, 'test_recall': 0.5264015793800354, 'test_f1': 0.5293388962745667, 'communication_cost': 0}
[ 2026-03-06 13:42:30 | node_35 | INFO ] 📈 Evaluated. Results: {'test_loss': 0.3389088213443756, 'test_acc': 0.9523809552192688, 'test_precision': 0.5, 'test_recall': 0.48765432834625244, 'test_f1': 0.49367088079452515, 'communication_cost': 0}
[ 2026-03-06 13:42:30 | node_2 | INFO ] 🚂 Round 82: Client training...
[ 2026-03-06 13:42:30 | node_5 | INFO ] 📈 Evaluated. Results: {'test_loss': 0.4330030679702759, 'test_acc': 0.9140271544456482, 'test_precision': 0.6418229341506958, 'test_recall': 0.70843905210495, 'test_f1': 0.6638010144233704, 'communication_cost': 0}
[ 2026-03-06 13:42:30 | node_8 | INFO ] 📈 Evaluated. Results: {'test_loss': 0.3182757794857025, 'test_acc': 0.9078013896942139, 'test_precision': 0.5941562056541443, 'test_recall': 0.5690187811851501, 'test_f1': 0.5777732133865356, 'communication_cost': 0}
[ 2026-03-06 13:42:30 | node_25 | INFO ] 📈 Evaluated. Results: {'test_loss': 0.2242821305990219, 'test_acc': 0.9681817889213562, 'test_precision': 0.4030303359031677, 'test_recall': 0.3968893587589264, 'test_f1': 0.3999084532260895, 'communication_cost': 0}
[ 2026-03-06 13:42:30 | node_23 | INFO ] 🚂 Round 82: Client training...
[ 2026-03-06 13:42:30 | node_46 | INFO ] 📈 Evaluated. Results: {'test_loss': 0.19131356477737427, 'test_acc': 0.9702380895614624, 'test_precision': 0.5299145579338074, 'test_recall': 0.5234861969947815, 'test_f1': 0.5266488194465637, 'communication_cost': 0}
[ 2026-03-06 13:42:30 | node_30 | INFO ] 📈 Evaluated. Results: {'test_loss': 0.04907449334859848, 'test_acc': 1.0, 'test_precision': 1.0, 'test_recall': 1.0, 'test_f1': 1.0, 'communication_cost': 0}
[ 2026-03-06 13:42:30 | node_31 | INFO ] 📈 Evaluated. Results: {'test_loss': 0.1691308319568634, 'test_acc': 0.9618320465087891, 'test_precision': 0.5697928071022034, 'test_recall': 0.5589083433151245, 'test_f1': 0.5638771057128906, 'communication_cost': 0}
[ 2026-03-06 13:42:30 | node_12 | INFO ] 📈 Evaluated. Results: {'test_loss': 0.2968853712081909, 'test_acc': 0.9260355234146118, 'test_precision': 0.3116876184940338, 'test_recall': 0.32758817076683044, 'test_f1': 0.31422656774520874, 'communication_cost': 0}
[ 2026-03-06 13:42:30 | node_28 | INFO ] 📈 Evaluated. Results: {'test_loss': 0.34289973974227905, 'test_acc': 0.9720559120178223, 'test_precision': 0.403325617313385, 'test_recall': 0.41984519362449646, 'test_f1': 0.4075794816017151, 'communication_cost': 0}
[ 2026-03-06 13:42:30 | node_6 | INFO ] 🚂 Round 82: Client training...
[ 2026-03-06 13:42:30 | node_17 | INFO ] 🚂 Round 82: Client training...
[ 2026-03-06 13:42:30 | node_22 | INFO ] 🚂 Round 82: Client training...
[ 2026-03-06 13:42:30 | node_3 | INFO ] 🚂 Round 82: Client training...
[ 2026-03-06 13:42:30 | node_34 | INFO ] 🚂 Round 82: Client training...
[ 2026-03-06 13:42:30 | node_19 | INFO ] 🚂 Round 82: Client training...
[ 2026-03-06 13:42:30 | node_44 | INFO ] 🚂 Round 82: Client training...
[ 2026-03-06 13:42:30 | node_14 | INFO ] 📈 Evaluated. Results: {'test_loss': 0.20569372177124023, 'test_acc': 0.9617646932601929, 'test_precision': 0.3888235092163086, 'test_recall': 0.38894200325012207, 'test_f1': 0.3878995180130005, 'communication_cost': 0}
[ 2026-03-06 13:42:30 | node_33 | INFO ] 🚂 Round 82: Client training...
[ 2026-03-06 13:42:30 | node_4 | INFO ] 📈 Evaluated. Results: {'test_loss': 0.11094038933515549, 'test_acc': 0.9790209531784058, 'test_precision': 0.442890465259552, 'test_recall': 0.4347119927406311, 'test_f1': 0.4387354552745819, 'communication_cost': 0}
[ 2026-03-06 13:42:30 | node_39 | INFO ] 🚂 Round 82: Client training...
[ 2026-03-06 13:42:30 | node_27 | INFO ] 🚂 Round 82: Client training...
[ 2026-03-06 13:42:30 | node_15 | INFO ] 🚂 Round 82: Client training...
[ 2026-03-06 13:42:30 | node_9 | INFO ] 📈 Evaluated. Results: {'test_loss': 0.1303423047065735, 'test_acc': 0.9863013625144958, 'test_precision': 0.5194434523582458, 'test_recall': 0.5129541754722595, 'test_f1': 0.5161212682723999, 'communication_cost': 0}
[ 2026-03-06 13:42:30 | node_43 | INFO ] 📈 Evaluated. Results: {'test_loss': 0.362621009349823, 'test_acc': 0.9056603908538818, 'test_precision': 0.42991915345191956, 'test_recall': 0.4320543706417084, 'test_f1': 0.4275779128074646, 'communication_cost': 0}
[ 2026-03-06 13:42:30 | node_21 | INFO ] 🚂 Round 82: Client training...
[ 2026-03-06 13:42:30 | node_35 | INFO ] 🚂 Round 82: Client training...
[ 2026-03-06 13:42:30 | node_5 | INFO ] 🚂 Round 82: Client training...
[ 2026-03-06 13:42:30 | node_8 | INFO ] 🚂 Round 82: Client training...
[ 2026-03-06 13:42:30 | node_25 | INFO ] 🚂 Round 82: Client training...
[ 2026-03-06 13:42:30 | node_30 | INFO ] 🚂 Round 82: Client training...
[ 2026-03-06 13:42:30 | node_46 | INFO ] 🚂 Round 82: Client training...
[ 2026-03-06 13:42:30 | node_28 | INFO ] 🚂 Round 82: Client training...
[ 2026-03-06 13:42:30 | node_31 | INFO ] 🚂 Round 82: Client training...
[ 2026-03-06 13:42:30 | node_12 | INFO ] 🚂 Round 82: Client training...
[ 2026-03-06 13:42:31 | node_14 | INFO ] 🚂 Round 82: Client training...
[ 2026-03-06 13:42:31 | node_4 | INFO ] 🚂 Round 82: Client training...
[ 2026-03-06 13:42:31 | node_36 | INFO ] 📈 Evaluated. Results: {'test_loss': 0.3495228588581085, 'test_acc': 0.9438943862915039, 'test_precision': 0.38211536407470703, 'test_recall': 0.36413511633872986, 'test_f1': 0.3726033866405487, 'communication_cost': 0}
[ 2026-03-06 13:42:31 | node_9 | INFO ] 🚂 Round 82: Client training...
[ 2026-03-06 13:42:31 | node_43 | INFO ] 🚂 Round 82: Client training...
[ 2026-03-06 13:42:31 | node_40 | INFO ] 📈 Evaluated. Results: {'test_loss': 0.29213109612464905, 'test_acc': 0.9553571343421936, 'test_precision': 0.4095994234085083, 'test_recall': 0.41542354226112366, 'test_f1': 0.40476077795028687, 'communication_cost': 0}
[ 2026-03-06 13:42:31 | node_49 | INFO ] 📈 Evaluated. Results: {'test_loss': 0.2775731384754181, 'test_acc': 0.9307282567024231, 'test_precision': 0.45764246582984924, 'test_recall': 0.45837143063545227, 'test_f1': 0.45557090640068054, 'communication_cost': 0}
[ 2026-03-06 13:42:31 | node_29 | INFO ] 📈 Evaluated. Results: {'test_loss': 0.6933215260505676, 'test_acc': 0.8525073528289795, 'test_precision': 0.2125285118818283, 'test_recall': 0.18477706611156464, 'test_f1': 0.19744873046875, 'communication_cost': 0}
[ 2026-03-06 13:42:31 | node_26 | INFO ] 📈 Evaluated. Results: {'test_loss': 0.13843494653701782, 'test_acc': 0.9631490707397461, 'test_precision': 0.3571189343929291, 'test_recall': 0.3451520800590515, 'test_f1': 0.35093778371810913, 'communication_cost': 0}
[ 2026-03-06 13:42:31 | node_36 | INFO ] 🚂 Round 82: Client training...
[ 2026-03-06 13:42:31 | node_16 | INFO ] 📈 Evaluated. Results: {'test_loss': 0.24679651856422424, 'test_acc': 0.9545454382896423, 'test_precision': 0.757735013961792, 'test_recall': 0.7378270626068115, 'test_f1': 0.7472313046455383, 'communication_cost': 0}
[ 2026-03-06 13:42:31 | node_40 | INFO ] 🚂 Round 82: Client training...
[ 2026-03-06 13:42:31 | node_49 | INFO ] 🚂 Round 82: Client training...
[ 2026-03-06 13:42:31 | node_29 | INFO ] 🚂 Round 82: Client training...
[ 2026-03-06 13:42:31 | node_26 | INFO ] 🚂 Round 82: Client training...
[ 2026-03-06 13:42:31 | node_16 | INFO ] 🚂 Round 82: Client training...
[ 2026-03-06 13:42:32 | node | INFO ] ⏳ Round 82: Server waiting for 49 updates.
[ 2026-03-06 13:42:32 | node | INFO ] ♻️ Proactively processing 48 early models for round 82.
[ 2026-03-06 13:42:32 | node | INFO ] 🧩 Model added for round 82 (1/49) from ['node_10']
[ 2026-03-06 13:42:32 | node | INFO ] 🧩 Model added for round 82 (2/49) from ['node_7']
[ 2026-03-06 13:42:32 | node | INFO ] 🧩 Model added for round 82 (3/49) from ['node_20']
[ 2026-03-06 13:42:32 | node | INFO ] 🧩 Model added for round 82 (4/49) from ['node_47']
[ 2026-03-06 13:42:32 | node | INFO ] 🧩 Model added for round 82 (5/49) from ['node_1']
[ 2026-03-06 13:42:32 | node | INFO ] 🧩 Model added for round 82 (6/49) from ['node_24']
[ 2026-03-06 13:42:32 | node | INFO ] 🧩 Model added for round 82 (7/49) from ['node_41']
[ 2026-03-06 13:42:32 | node | INFO ] 🧩 Model added for round 82 (8/49) from ['node_13']
[ 2026-03-06 13:42:32 | node | INFO ] 🧩 Model added for round 82 (9/49) from ['node_18']
[ 2026-03-06 13:42:32 | node | INFO ] 🧩 Model added for round 82 (10/49) from ['node_42']
[ 2026-03-06 13:42:32 | node | INFO ] 🧩 Model added for round 82 (11/49) from ['node_38']
[ 2026-03-06 13:42:32 | node | INFO ] 🧩 Model added for round 82 (12/49) from ['node_11']
[ 2026-03-06 13:42:32 | node | INFO ] 🧩 Model added for round 82 (13/49) from ['node_48']
[ 2026-03-06 13:42:32 | node | INFO ] 🧩 Model added for round 82 (14/49) from ['node_17']
[ 2026-03-06 13:42:32 | node | INFO ] 🧩 Model added for round 82 (15/49) from ['node_37']
[ 2026-03-06 13:42:32 | node | INFO ] 🧩 Model added for round 82 (16/49) from ['node_33']
[ 2026-03-06 13:42:32 | node | INFO ] 🧩 Model added for round 82 (17/49) from ['node_34']
[ 2026-03-06 13:42:32 | node | INFO ] 🧩 Model added for round 82 (18/49) from ['node_3']
[ 2026-03-06 13:42:32 | node | INFO ] 🧩 Model added for round 82 (19/49) from ['node_32']
[ 2026-03-06 13:42:32 | node | INFO ] 🧩 Model added for round 82 (20/49) from ['node_22']
[ 2026-03-06 13:42:32 | node | INFO ] 🧩 Model added for round 82 (21/49) from ['node_45']
[ 2026-03-06 13:42:32 | node | INFO ] 🧩 Model added for round 82 (22/49) from ['node_35']
[ 2026-03-06 13:42:32 | node | INFO ] 🧩 Model added for round 82 (23/49) from ['node_23']
[ 2026-03-06 13:42:32 | node | INFO ] 🧩 Model added for round 82 (24/49) from ['node_21']
[ 2026-03-06 13:42:32 | node | INFO ] 🧩 Model added for round 82 (25/49) from ['node_2']
[ 2026-03-06 13:42:32 | node | INFO ] 🧩 Model added for round 82 (26/49) from ['node_19']
[ 2026-03-06 13:42:32 | node | INFO ] 🧩 Model added for round 82 (27/49) from ['node_30']
[ 2026-03-06 13:42:32 | node | INFO ] 🧩 Model added for round 82 (28/49) from ['node_39']
[ 2026-03-06 13:42:32 | node | INFO ] 🧩 Model added for round 82 (29/49) from ['node_27']
[ 2026-03-06 13:42:32 | node | INFO ] 🧩 Model added for round 82 (30/49) from ['node_46']
[ 2026-03-06 13:42:32 | node | INFO ] 🧩 Model added for round 82 (31/49) from ['node_8']
[ 2026-03-06 13:42:32 | node | INFO ] 🧩 Model added for round 82 (32/49) from ['node_4']
[ 2026-03-06 13:42:32 | node | INFO ] 🧩 Model added for round 82 (33/49) from ['node_25']
[ 2026-03-06 13:42:32 | node | INFO ] 🧩 Model added for round 82 (34/49) from ['node_31']
[ 2026-03-06 13:42:32 | node | INFO ] 🧩 Model added for round 82 (35/49) from ['node_9']
[ 2026-03-06 13:42:32 | node | INFO ] 🧩 Model added for round 82 (36/49) from ['node_12']
[ 2026-03-06 13:42:32 | node | INFO ] 🧩 Model added for round 82 (37/49) from ['node_43']
[ 2026-03-06 13:42:32 | node | INFO ] 🧩 Model added for round 82 (38/49) from ['node_44']
[ 2026-03-06 13:42:32 | node | INFO ] 🧩 Model added for round 82 (39/49) from ['node_15']
[ 2026-03-06 13:42:32 | node | INFO ] 🧩 Model added for round 82 (40/49) from ['node_5']
[ 2026-03-06 13:42:32 | node | INFO ] 🧩 Model added for round 82 (41/49) from ['node_14']
[ 2026-03-06 13:42:32 | node | INFO ] 🧩 Model added for round 82 (42/49) from ['node_28']
[ 2026-03-06 13:42:32 | node | INFO ] 🧩 Model added for round 82 (43/49) from ['node_26']
[ 2026-03-06 13:42:32 | node | INFO ] 🧩 Model added for round 82 (44/49) from ['node_36']
[ 2026-03-06 13:42:32 | node | INFO ] 🧩 Model added for round 82 (45/49) from ['node_6']
[ 2026-03-06 13:42:32 | node | INFO ] 🧩 Model added for round 82 (46/49) from ['node_49']
[ 2026-03-06 13:42:32 | node | INFO ] 🧩 Model added for round 82 (47/49) from ['node_40']
[ 2026-03-06 13:42:32 | node | INFO ] 🧩 Model added for round 82 (48/49) from ['node_29']
[ 2026-03-06 13:42:32 | node | INFO ] 🧩 Model added for round 82 (49/49) from ['node_16']
[ 2026-03-06 13:42:33 | node | INFO ] 🔬 Evaluating...
[ 2026-03-06 13:42:33 | node | INFO ] 📈 Evaluated. Results: {'test_loss': 0.2753455936908722, 'test_acc': 0.9314516186714172, 'test_precision': 0.263440877199173, 'test_recall': 0.2731011211872101, 'test_f1': 0.2632671594619751, 'communication_cost': 46110666}
[ 2026-03-06 13:42:33 | node_1 | INFO ] 🔬 Evaluating...
[ 2026-03-06 13:42:33 | node_24 | INFO ] 🔬 Evaluating...
[ 2026-03-06 13:42:33 | node_13 | INFO ] 🔬 Evaluating...
[ 2026-03-06 13:42:33 | node_18 | INFO ] 🔬 Evaluating...
[ 2026-03-06 13:42:33 | node_11 | INFO ] 🔬 Evaluating...
[ 2026-03-06 13:42:33 | node_33 | INFO ] 🔬 Evaluating...
[ 2026-03-06 13:42:33 | node_37 | INFO ] 🔬 Evaluating...
[ 2026-03-06 13:42:33 | node_17 | INFO ] 🔬 Evaluating...
[ 2026-03-06 13:42:33 | node_1 | INFO ] 📈 Evaluated. Results: {'test_loss': 0.4159823954105377, 'test_acc': 0.949999988079071, 'test_precision': 0.5, 'test_recall': 0.4749999940395355, 'test_f1': 0.4871794581413269, 'communication_cost': 0}
[ 2026-03-06 13:42:33 | node_34 | INFO ] 🔬 Evaluating...
[ 2026-03-06 13:42:33 | node_24 | INFO ] 📈 Evaluated. Results: {'test_loss': 0.16537418961524963, 'test_acc': 0.9411764740943909, 'test_precision': 0.5, 'test_recall': 0.4821428656578064, 'test_f1': 0.49074074625968933, 'communication_cost': 0}
[ 2026-03-06 13:42:33 | node_3 | INFO ] 🔬 Evaluating...
[ 2026-03-06 13:42:33 | node_32 | INFO ] 🔬 Evaluating...
[ 2026-03-06 13:42:33 | node_22 | INFO ] 🔬 Evaluating...
[ 2026-03-06 13:42:33 | node_35 | INFO ] 🔬 Evaluating...
[ 2026-03-06 13:42:33 | node_23 | INFO ] 🔬 Evaluating...
[ 2026-03-06 13:42:33 | node_1 | INFO ] 🚂 Round 83: Client training...
[ 2026-03-06 13:42:33 | node_13 | INFO ] 📈 Evaluated. Results: {'test_loss': 0.43718674778938293, 'test_acc': 0.9005235433578491, 'test_precision': 0.2774869203567505, 'test_recall': 0.313774436712265, 'test_f1': 0.28573599457740784, 'communication_cost': 0}
[ 2026-03-06 13:42:33 | node_17 | INFO ] 📈 Evaluated. Results: {'test_loss': 0.341582715511322, 'test_acc': 0.891566276550293, 'test_precision': 0.5670033693313599, 'test_recall': 0.6399896144866943, 'test_f1': 0.594058632850647, 'communication_cost': 0}
[ 2026-03-06 13:42:33 | node_18 | INFO ] 📈 Evaluated. Results: {'test_loss': 0.46092718839645386, 'test_acc': 0.9270270466804504, 'test_precision': 0.39693695306777954, 'test_recall': 0.3845618665218353, 'test_f1': 0.38956722617149353, 'communication_cost': 0}
[ 2026-03-06 13:42:33 | node_21 | INFO ] 🔬 Evaluating...
[ 2026-03-06 13:42:33 | node_11 | INFO ] 📈 Evaluated. Results: {'test_loss': 0.35225242376327515, 'test_acc': 0.9047619104385376, 'test_precision': 0.6383578777313232, 'test_recall': 0.7127631902694702, 'test_f1': 0.6531848907470703, 'communication_cost': 0}
[ 2026-03-06 13:42:33 | node_24 | INFO ] 🚂 Round 83: Client training...
[ 2026-03-06 13:42:33 | node_19 | INFO ] 🔬 Evaluating...
[ 2026-03-06 13:42:33 | node_39 | INFO ] 🔬 Evaluating...
[ 2026-03-06 13:42:33 | node_8 | INFO ] 🔬 Evaluating...
[ 2026-03-06 13:42:33 | node_4 | INFO ] 🔬 Evaluating...
[ 2026-03-06 13:42:33 | node_25 | INFO ] 🔬 Evaluating...
[ 2026-03-06 13:42:33 | node_27 | INFO ] 🔬 Evaluating...
[ 2026-03-06 13:42:33 | node_31 | INFO ] 🔬 Evaluating...
[ 2026-03-06 13:42:33 | node_40 | INFO ] 🔬 Evaluating...
[ 2026-03-06 13:42:33 | node_29 | INFO ] 🔬 Evaluating...
[ 2026-03-06 13:42:33 | node_26 | INFO ] 🔬 Evaluating...
[ 2026-03-06 13:42:33 | node_9 | INFO ] 🔬 Evaluating...
[ 2026-03-06 13:42:33 | node_28 | INFO ] 🔬 Evaluating...
[ 2026-03-06 13:42:33 | node_36 | INFO ] 🔬 Evaluating...
[ 2026-03-06 13:42:33 | node_12 | INFO ] 🔬 Evaluating...
[ 2026-03-06 13:42:33 | node_30 | INFO ] 🔬 Evaluating...
[ 2026-03-06 13:42:33 | node_5 | INFO ] 🔬 Evaluating...
[ 2026-03-06 13:42:33 | node_15 | INFO ] 🔬 Evaluating...
[ 2026-03-06 13:42:33 | node_37 | INFO ] 📈 Evaluated. Results: {'test_loss': 1.03983473777771, 'test_acc': 0.8591549396514893, 'test_precision': 0.5702381134033203, 'test_recall': 0.5622395873069763, 'test_f1': 0.5623224377632141, 'communication_cost': 0}
[ 2026-03-06 13:42:33 | node_6 | INFO ] 🔬 Evaluating...
[ 2026-03-06 13:42:33 | node_2 | INFO ] 🔬 Evaluating...
[ 2026-03-06 13:42:33 | node_14 | INFO ] 🔬 Evaluating...
[ 2026-03-06 13:42:33 | node_10 | INFO ] 🔬 Evaluating...
[ 2026-03-06 13:42:33 | node_34 | INFO ] 📈 Evaluated. Results: {'test_loss': 0.44280892610549927, 'test_acc': 0.9490445852279663, 'test_precision': 0.44183942675590515, 'test_recall': 0.4284442961215973, 'test_f1': 0.43448877334594727, 'communication_cost': 0}
[ 2026-03-06 13:42:34 | node_16 | INFO ] 🔬 Evaluating...
[ 2026-03-06 13:42:34 | node_13 | INFO ] 🚂 Round 83: Client training...
[ 2026-03-06 13:42:34 | node_22 | INFO ] 📈 Evaluated. Results: {'test_loss': 0.2600017786026001, 'test_acc': 0.9655172228813171, 'test_precision': 0.6000000238418579, 'test_recall': 0.6000000238418579, 'test_f1': 0.6000000238418579, 'communication_cost': 0}
[ 2026-03-06 13:42:34 | node_3 | INFO ] 📈 Evaluated. Results: {'test_loss': 0.04090597480535507, 'test_acc': 0.9750000238418579, 'test_precision': 0.75, 'test_recall': 0.740384578704834, 'test_f1': 0.7450980544090271, 'communication_cost': 0}
[ 2026-03-06 13:42:34 | node_7 | INFO ] 🔬 Evaluating...
[ 2026-03-06 13:42:34 | node_32 | INFO ] 📈 Evaluated. Results: {'test_loss': 0.877811849117279, 'test_acc': 0.855555534362793, 'test_precision': 0.2916666865348816, 'test_recall': 0.35653412342071533, 'test_f1': 0.3025306761264801, 'communication_cost': 0}
[ 2026-03-06 13:42:34 | node_23 | INFO ] 📈 Evaluated. Results: {'test_loss': 0.19452215731143951, 'test_acc': 0.9611650705337524, 'test_precision': 0.5416666865348816, 'test_recall': 0.6598639488220215, 'test_f1': 0.583829402923584, 'communication_cost': 0}
[ 2026-03-06 13:42:34 | node_17 | INFO ] 🚂 Round 83: Client training...
[ 2026-03-06 13:42:34 | node_18 | INFO ] 🚂 Round 83: Client training...
[ 2026-03-06 13:42:34 | node_11 | INFO ] 🚂 Round 83: Client training...
[ 2026-03-06 13:42:34 | node_35 | INFO ] 📈 Evaluated. Results: {'test_loss': 0.4198102355003357, 'test_acc': 0.9404761791229248, 'test_precision': 0.40000003576278687, 'test_recall': 0.38765430450439453, 'test_f1': 0.3936305642127991, 'communication_cost': 0}
[ 2026-03-06 13:42:34 | node_37 | INFO ] 🚂 Round 83: Client training...
[ 2026-03-06 13:42:34 | node_21 | INFO ] 📈 Evaluated. Results: {'test_loss': 0.33913421630859375, 'test_acc': 0.942307710647583, 'test_precision': 0.45665448904037476, 'test_recall': 0.4478500485420227, 'test_f1': 0.4519065022468567, 'communication_cost': 0}
[ 2026-03-06 13:42:34 | node_20 | INFO ] 🔬 Evaluating...
[ 2026-03-06 13:42:34 | node_34 | INFO ] 🚂 Round 83: Client training...
[ 2026-03-06 13:42:34 | node_41 | INFO ] 🔬 Evaluating...
[ 2026-03-06 13:42:34 | node_22 | INFO ] 🚂 Round 83: Client training...
[ 2026-03-06 13:42:34 | node_38 | INFO ] 🔬 Evaluating...
[ 2026-03-06 13:42:34 | node_32 | INFO ] 🚂 Round 83: Client training...
[ 2026-03-06 13:42:34 | node_30 | INFO ] 📈 Evaluated. Results: {'test_loss': 0.02438676357269287, 'test_acc': 1.0, 'test_precision': 1.0, 'test_recall': 1.0, 'test_f1': 1.0, 'communication_cost': 0}
[ 2026-03-06 13:42:34 | node_3 | INFO ] 🚂 Round 83: Client training...
[ 2026-03-06 13:42:34 | node_23 | INFO ] 🚂 Round 83: Client training...
[ 2026-03-06 13:42:34 | node_35 | INFO ] 🚂 Round 83: Client training...
[ 2026-03-06 13:42:34 | node_21 | INFO ] 🚂 Round 83: Client training...
[ 2026-03-06 13:42:34 | node_42 | INFO ] 🔬 Evaluating...
[ 2026-03-06 13:42:34 | node_30 | INFO ] 🚂 Round 83: Client training...
[ 2026-03-06 13:42:34 | node_26 | INFO ] 📈 Evaluated. Results: {'test_loss': 0.08846230804920197, 'test_acc': 0.9681742191314697, 'test_precision': 0.37498605251312256, 'test_recall': 0.36482712626457214, 'test_f1': 0.3697601556777954, 'communication_cost': 0}
[ 2026-03-06 13:42:34 | node_27 | INFO ] 📈 Evaluated. Results: {'test_loss': 1.3123708963394165, 'test_acc': 0.8918918967247009, 'test_precision': 0.4444445073604584, 'test_recall': 0.42720305919647217, 'test_f1': 0.43535351753234863, 'communication_cost': 0}
[ 2026-03-06 13:42:35 | node_6 | INFO ] 📈 Evaluated. Results: {'test_loss': 0.4827713072299957, 'test_acc': 0.8974359035491943, 'test_precision': 0.5333333611488342, 'test_recall': 0.7620347142219543, 'test_f1': 0.5800341963768005, 'communication_cost': 0}
[ 2026-03-06 13:42:35 | node_4 | INFO ] 📈 Evaluated. Results: {'test_loss': 0.10080550611019135, 'test_acc': 0.9790209531784058, 'test_precision': 0.442890465259552, 'test_recall': 0.4347119927406311, 'test_f1': 0.4387354552745819, 'communication_cost': 0}
[ 2026-03-06 13:42:35 | node_26 | INFO ] 🚂 Round 83: Client training...
[ 2026-03-06 13:42:35 | node_2 | INFO ] 📈 Evaluated. Results: {'test_loss': 0.07707478106021881, 'test_acc': 0.9882352948188782, 'test_precision': 0.9946808815002441, 'test_recall': 0.9791667461395264, 'test_f1': 0.9864422678947449, 'communication_cost': 0}
[ 2026-03-06 13:42:35 | node_25 | INFO ] 📈 Evaluated. Results: {'test_loss': 0.19946607947349548, 'test_acc': 0.9681817889213562, 'test_precision': 0.4030303359031677, 'test_recall': 0.3968893587589264, 'test_f1': 0.3999084532260895, 'communication_cost': 0}
[ 2026-03-06 13:42:35 | node_39 | INFO ] 📈 Evaluated. Results: {'test_loss': 0.16030193865299225, 'test_acc': 0.9684210419654846, 'test_precision': 0.738095223903656, 'test_recall': 0.8369815349578857, 'test_f1': 0.7702671885490417, 'communication_cost': 0}
[ 2026-03-06 13:42:35 | node_8 | INFO ] 📈 Evaluated. Results: {'test_loss': 0.25006741285324097, 'test_acc': 0.9290780425071716, 'test_precision': 0.5273933410644531, 'test_recall': 0.4998244047164917, 'test_f1': 0.5118869543075562, 'communication_cost': 0}
[ 2026-03-06 13:42:35 | node_31 | INFO ] 📈 Evaluated. Results: {'test_loss': 0.15520931780338287, 'test_acc': 0.9541984796524048, 'test_precision': 0.5348963737487793, 'test_recall': 0.5571414828300476, 'test_f1': 0.543000340461731, 'communication_cost': 0}
[ 2026-03-06 13:42:35 | node_27 | INFO ] 🚂 Round 83: Client training...
[ 2026-03-06 13:42:35 | node_6 | INFO ] 🚂 Round 83: Client training...
[ 2026-03-06 13:42:35 | node_4 | INFO ] 🚂 Round 83: Client training...
[ 2026-03-06 13:42:35 | node_10 | INFO ] 📈 Evaluated. Results: {'test_loss': 0.00237026484683156, 'test_acc': 1.0, 'test_precision': 1.0, 'test_recall': 1.0, 'test_f1': 1.0, 'communication_cost': 0}
[ 2026-03-06 13:42:35 | node_19 | INFO ] 📈 Evaluated. Results: {'test_loss': 0.5805788636207581, 'test_acc': 0.8920863270759583, 'test_precision': 0.6067032217979431, 'test_recall': 0.7338833212852478, 'test_f1': 0.6412914395332336, 'communication_cost': 0}
[ 2026-03-06 13:42:35 | node_15 | INFO ] 📈 Evaluated. Results: {'test_loss': 0.16079238057136536, 'test_acc': 0.9877551198005676, 'test_precision': 0.6193877458572388, 'test_recall': 0.6142401099205017, 'test_f1': 0.6167954802513123, 'communication_cost': 0}
[ 2026-03-06 13:42:35 | node_16 | INFO ] 📈 Evaluated. Results: {'test_loss': 0.298087477684021, 'test_acc': 0.9375, 'test_precision': 0.7575408816337585, 'test_recall': 0.7325822710990906, 'test_f1': 0.7440290451049805, 'communication_cost': 0}
[ 2026-03-06 13:42:35 | node_5 | INFO ] 📈 Evaluated. Results: {'test_loss': 0.32903939485549927, 'test_acc': 0.9276018142700195, 'test_precision': 0.6429709196090698, 'test_recall': 0.7108668684959412, 'test_f1': 0.6680355668067932, 'communication_cost': 0}
[ 2026-03-06 13:42:35 | node_2 | INFO ] 🚂 Round 83: Client training...
[ 2026-03-06 13:42:35 | node_7 | INFO ] 📈 Evaluated. Results: {'test_loss': 0.2856642007827759, 'test_acc': 0.9764705896377563, 'test_precision': 0.6666666865348816, 'test_recall': 0.6284146904945374, 'test_f1': 0.6461929082870483, 'communication_cost': 0}
[ 2026-03-06 13:42:35 | node_25 | INFO ] 🚂 Round 83: Client training...
[ 2026-03-06 13:42:35 | node_36 | INFO ] 📈 Evaluated. Results: {'test_loss': 0.3210531175136566, 'test_acc': 0.9438943862915039, 'test_precision': 0.3997749984264374, 'test_recall': 0.3988768756389618, 'test_f1': 0.3967534899711609, 'communication_cost': 0}
[ 2026-03-06 13:42:35 | node_43 | INFO ] 🔬 Evaluating...
[ 2026-03-06 13:42:35 | node_12 | INFO ] 📈 Evaluated. Results: {'test_loss': 0.20381046831607819, 'test_acc': 0.9526627063751221, 'test_precision': 0.34046822786331177, 'test_recall': 0.371593713760376, 'test_f1': 0.345750629901886, 'communication_cost': 0}
[ 2026-03-06 13:42:35 | node_14 | INFO ] 📈 Evaluated. Results: {'test_loss': 0.1970774531364441, 'test_acc': 0.9676470756530762, 'test_precision': 0.41403359174728394, 'test_recall': 0.41755345463752747, 'test_f1': 0.41474393010139465, 'communication_cost': 0}
[ 2026-03-06 13:42:35 | node_41 | INFO ] 📈 Evaluated. Results: {'test_loss': 0.2077101618051529, 'test_acc': 0.9636363387107849, 'test_precision': 0.7200000286102295, 'test_recall': 0.7923077940940857, 'test_f1': 0.7460784912109375, 'communication_cost': 0}
[ 2026-03-06 13:42:35 | node_39 | INFO ] 🚂 Round 83: Client training...
[ 2026-03-06 13:42:35 | node_8 | INFO ] 🚂 Round 83: Client training...
[ 2026-03-06 13:42:35 | node_31 | INFO ] 🚂 Round 83: Client training...
[ 2026-03-06 13:42:35 | node_10 | INFO ] 🚂 Round 83: Client training...
[ 2026-03-06 13:42:35 | node_7 | INFO ] 🚂 Round 83: Client training...
[ 2026-03-06 13:42:35 | node_15 | INFO ] 🚂 Round 83: Client training...
[ 2026-03-06 13:42:35 | node_16 | INFO ] 🚂 Round 83: Client training...
[ 2026-03-06 13:42:35 | node_28 | INFO ] 📈 Evaluated. Results: {'test_loss': 0.3676076829433441, 'test_acc': 0.9660678505897522, 'test_precision': 0.338988721370697, 'test_recall': 0.3450389802455902, 'test_f1': 0.34053513407707214, 'communication_cost': 0}
[ 2026-03-06 13:42:35 | node_5 | INFO ] 🚂 Round 83: Client training...
[ 2026-03-06 13:42:35 | node_9 | INFO ] 📈 Evaluated. Results: {'test_loss': 0.12954872846603394, 'test_acc': 0.9863013625144958, 'test_precision': 0.5194434523582458, 'test_recall': 0.5129541754722595, 'test_f1': 0.5161212682723999, 'communication_cost': 0}
[ 2026-03-06 13:42:35 | node_20 | INFO ] 📈 Evaluated. Results: {'test_loss': 0.5280033946037292, 'test_acc': 0.8773946166038513, 'test_precision': 0.32114753127098083, 'test_recall': 0.30124399065971375, 'test_f1': 0.3104931116104126, 'communication_cost': 0}
[ 2026-03-06 13:42:35 | node_19 | INFO ] 🚂 Round 83: Client training...
[ 2026-03-06 13:42:35 | node_36 | INFO ] 🚂 Round 83: Client training...
[ 2026-03-06 13:42:35 | node_12 | INFO ] 🚂 Round 83: Client training...
[ 2026-03-06 13:42:35 | node_14 | INFO ] 🚂 Round 83: Client training...
[ 2026-03-06 13:42:35 | node_40 | INFO ] 📈 Evaluated. Results: {'test_loss': 0.27498167753219604, 'test_acc': 0.9553571343421936, 'test_precision': 0.45102041959762573, 'test_recall': 0.45394718647003174, 'test_f1': 0.4467718005180359, 'communication_cost': 0}
[ 2026-03-06 13:42:35 | node_41 | INFO ] 🚂 Round 83: Client training...
[ 2026-03-06 13:42:35 | node_38 | INFO ] 📈 Evaluated. Results: {'test_loss': 0.5169139504432678, 'test_acc': 0.9068322777748108, 'test_precision': 0.5355863571166992, 'test_recall': 0.5287838578224182, 'test_f1': 0.5280717611312866, 'communication_cost': 0}
[ 2026-03-06 13:42:35 | node_42 | INFO ] 📈 Evaluated. Results: {'test_loss': 0.00036968980566598475, 'test_acc': 1.0, 'test_precision': 1.0, 'test_recall': 1.0, 'test_f1': 1.0, 'communication_cost': 0}
[ 2026-03-06 13:42:35 | node_29 | INFO ] 📈 Evaluated. Results: {'test_loss': 0.6649144887924194, 'test_acc': 0.8421828746795654, 'test_precision': 0.22043278813362122, 'test_recall': 0.18954865634441376, 'test_f1': 0.20354443788528442, 'communication_cost': 0}
[ 2026-03-06 13:42:35 | node_28 | INFO ] 🚂 Round 83: Client training...
[ 2026-03-06 13:42:35 | node_9 | INFO ] 🚂 Round 83: Client training...
[ 2026-03-06 13:42:35 | node_33 | INFO ] 📈 Evaluated. Results: {'test_loss': 0.4462481737136841, 'test_acc': 0.8899999856948853, 'test_precision': 0.34628573060035706, 'test_recall': 0.3277004659175873, 'test_f1': 0.3364279866218567, 'communication_cost': 0}
[ 2026-03-06 13:42:35 | node_20 | INFO ] 🚂 Round 83: Client training...
[ 2026-03-06 13:42:35 | node_40 | INFO ] 🚂 Round 83: Client training...
[ 2026-03-06 13:42:36 | node_43 | INFO ] 📈 Evaluated. Results: {'test_loss': 0.31001749634742737, 'test_acc': 0.9150943160057068, 'test_precision': 0.42991915345191956, 'test_recall': 0.43352460861206055, 'test_f1': 0.42848026752471924, 'communication_cost': 0}
[ 2026-03-06 13:42:36 | node_38 | INFO ] 🚂 Round 83: Client training...
[ 2026-03-06 13:42:36 | node_42 | INFO ] 🚂 Round 83: Client training...
[ 2026-03-06 13:42:36 | node_44 | INFO ] 🔬 Evaluating...
[ 2026-03-06 13:42:36 | node_29 | INFO ] 🚂 Round 83: Client training...
[ 2026-03-06 13:42:36 | node_33 | INFO ] 🚂 Round 83: Client training...
[ 2026-03-06 13:42:36 | node_43 | INFO ] 🚂 Round 83: Client training...
[ 2026-03-06 13:42:36 | node_45 | INFO ] 🔬 Evaluating...
[ 2026-03-06 13:42:36 | node_46 | INFO ] 🔬 Evaluating...
[ 2026-03-06 13:42:36 | node_44 | INFO ] 📈 Evaluated. Results: {'test_loss': 0.2830054759979248, 'test_acc': 0.9433962106704712, 'test_precision': 0.6666666865348816, 'test_recall': 0.6541666984558105, 'test_f1': 0.6601731777191162, 'communication_cost': 0}
[ 2026-03-06 13:42:36 | node_44 | INFO ] 🚂 Round 83: Client training...
[ 2026-03-06 13:42:36 | node_45 | INFO ] 📈 Evaluated. Results: {'test_loss': 0.3609124720096588, 'test_acc': 0.8846153616905212, 'test_precision': 0.5555555820465088, 'test_recall': 0.644444465637207, 'test_f1': 0.5714285373687744, 'communication_cost': 0}
[ 2026-03-06 13:42:36 | node_46 | INFO ] 📈 Evaluated. Results: {'test_loss': 0.20968158543109894, 'test_acc': 0.9702380895614624, 'test_precision': 0.5299145579338074, 'test_recall': 0.5234861969947815, 'test_f1': 0.5266488194465637, 'communication_cost': 0}
[ 2026-03-06 13:42:37 | node_45 | INFO ] 🚂 Round 83: Client training...
[ 2026-03-06 13:42:37 | node_46 | INFO ] 🚂 Round 83: Client training...
[ 2026-03-06 13:42:37 | node | INFO ] ⏳ Round 83: Server waiting for 49 updates.
[ 2026-03-06 13:42:37 | node | INFO ] ♻️ Proactively processing 44 early models for round 83.
[ 2026-03-06 13:42:37 | node | INFO ] 🧩 Model added for round 83 (1/49) from ['node_1']
[ 2026-03-06 13:42:37 | node | INFO ] 🧩 Model added for round 83 (2/49) from ['node_24']
[ 2026-03-06 13:42:37 | node | INFO ] 🧩 Model added for round 83 (3/49) from ['node_37']
[ 2026-03-06 13:42:37 | node | INFO ] 🧩 Model added for round 83 (4/49) from ['node_17']
[ 2026-03-06 13:42:37 | node | INFO ] 🧩 Model added for round 83 (5/49) from ['node_13']
[ 2026-03-06 13:42:37 | node | INFO ] 🧩 Model added for round 83 (6/49) from ['node_18']
[ 2026-03-06 13:42:37 | node | INFO ] 🧩 Model added for round 83 (7/49) from ['node_34']
[ 2026-03-06 13:42:37 | node | INFO ] 🧩 Model added for round 83 (8/49) from ['node_11']
[ 2026-03-06 13:42:37 | node | INFO ] 🧩 Model added for round 83 (9/49) from ['node_22']
[ 2026-03-06 13:42:37 | node | INFO ] 🧩 Model added for round 83 (10/49) from ['node_35']
[ 2026-03-06 13:42:37 | node | INFO ] 🧩 Model added for round 83 (11/49) from ['node_26']
[ 2026-03-06 13:42:37 | node | INFO ] 🧩 Model added for round 83 (12/49) from ['node_3']
[ 2026-03-06 13:42:37 | node | INFO ] 🧩 Model added for round 83 (13/49) from ['node_30']
[ 2026-03-06 13:42:37 | node | INFO ] 🧩 Model added for round 83 (14/49) from ['node_4']
[ 2026-03-06 13:42:37 | node | INFO ] 🧩 Model added for round 83 (15/49) from ['node_21']
[ 2026-03-06 13:42:37 | node | INFO ] 🧩 Model added for round 83 (16/49) from ['node_10']
[ 2026-03-06 13:42:37 | node | INFO ] 🧩 Model added for round 83 (17/49) from ['node_7']
[ 2026-03-06 13:42:37 | node | INFO ] 🧩 Model added for round 83 (18/49) from ['node_25']
[ 2026-03-06 13:42:37 | node | INFO ] 🧩 Model added for round 83 (19/49) from ['node_6']
[ 2026-03-06 13:42:37 | node | INFO ] 🧩 Model added for round 83 (20/49) from ['node_41']
[ 2026-03-06 13:42:37 | node | INFO ] 🧩 Model added for round 83 (21/49) from ['node_8']
[ 2026-03-06 13:42:37 | node | INFO ] 🧩 Model added for round 83 (22/49) from ['node_27']
[ 2026-03-06 13:42:37 | node | INFO ] 🧩 Model added for round 83 (23/49) from ['node_20']
[ 2026-03-06 13:42:37 | node | INFO ] 🧩 Model added for round 83 (24/49) from ['node_36']
[ 2026-03-06 13:42:37 | node | INFO ] 🧩 Model added for round 83 (25/49) from ['node_31']
[ 2026-03-06 13:42:37 | node | INFO ] 🧩 Model added for round 83 (26/49) from ['node_16']
[ 2026-03-06 13:42:37 | node | INFO ] 🧩 Model added for round 83 (27/49) from ['node_9']
[ 2026-03-06 13:42:37 | node | INFO ] 🧩 Model added for round 83 (28/49) from ['node_33']
[ 2026-03-06 13:42:37 | node | INFO ] 🧩 Model added for round 83 (29/49) from ['node_12']
[ 2026-03-06 13:42:37 | node | INFO ] 🧩 Model added for round 83 (30/49) from ['node_32']
[ 2026-03-06 13:42:37 | node | INFO ] 🧩 Model added for round 83 (31/49) from ['node_42']
[ 2026-03-06 13:42:37 | node | INFO ] 🧩 Model added for round 83 (32/49) from ['node_38']
[ 2026-03-06 13:42:37 | node_47 | INFO ] 🔬 Evaluating...
[ 2026-03-06 13:42:37 | node | INFO ] 🧩 Model added for round 83 (33/49) from ['node_29']
[ 2026-03-06 13:42:37 | node | INFO ] 🧩 Model added for round 83 (34/49) from ['node_19']
[ 2026-03-06 13:42:37 | node | INFO ] 🧩 Model added for round 83 (35/49) from ['node_23']
[ 2026-03-06 13:42:37 | node | INFO ] 🧩 Model added for round 83 (36/49) from ['node_40']
[ 2026-03-06 13:42:37 | node | INFO ] 🧩 Model added for round 83 (37/49) from ['node_43']
[ 2026-03-06 13:42:37 | node | INFO ] 🧩 Model added for round 83 (38/49) from ['node_28']
[ 2026-03-06 13:42:37 | node | INFO ] 🧩 Model added for round 83 (39/49) from ['node_5']
[ 2026-03-06 13:42:37 | node | INFO ] 🧩 Model added for round 83 (40/49) from ['node_15']
[ 2026-03-06 13:42:37 | node | INFO ] 🧩 Model added for round 83 (41/49) from ['node_2']
[ 2026-03-06 13:42:37 | node | INFO ] 🧩 Model added for round 83 (42/49) from ['node_14']
[ 2026-03-06 13:42:37 | node | INFO ] 🧩 Model added for round 83 (43/49) from ['node_39']
[ 2026-03-06 13:42:37 | node | INFO ] 🧩 Model added for round 83 (44/49) from ['node_46']
[ 2026-03-06 13:42:37 | node | INFO ] 🧩 Model added for round 83 (45/49) from ['node_44']
[ 2026-03-06 13:42:37 | node | INFO ] 🧩 Model added for round 83 (46/49) from ['node_45']
[ 2026-03-06 13:42:37 | node_47 | INFO ] 📈 Evaluated. Results: {'test_loss': 0.03408927470445633, 'test_acc': 0.9928057789802551, 'test_precision': 0.9841727018356323, 'test_recall': 0.9810072183609009, 'test_f1': 0.9824140667915344, 'communication_cost': 0}
[ 2026-03-06 13:42:37 | node_47 | INFO ] 🚂 Round 83: Client training...
[ 2026-03-06 13:42:37 | node_48 | INFO ] 🔬 Evaluating...
[ 2026-03-06 13:42:37 | node | INFO ] 🧩 Model added for round 83 (47/49) from ['node_47']
[ 2026-03-06 13:42:37 | node_48 | INFO ] 📈 Evaluated. Results: {'test_loss': 0.6102918386459351, 'test_acc': 0.866906464099884, 'test_precision': 0.27249059081077576, 'test_recall': 0.29812347888946533, 'test_f1': 0.2724173069000244, 'communication_cost': 0}
[ 2026-03-06 13:42:37 | node_48 | INFO ] 🚂 Round 83: Client training...
[ 2026-03-06 13:42:37 | node_49 | INFO ] 🔬 Evaluating...
[ 2026-03-06 13:42:37 | node | INFO ] 🧩 Model added for round 83 (48/49) from ['node_48']
[ 2026-03-06 13:42:37 | node_49 | INFO ] 📈 Evaluated. Results: {'test_loss': 0.26884740591049194, 'test_acc': 0.9360568523406982, 'test_precision': 0.4670275151729584, 'test_recall': 0.4751179814338684, 'test_f1': 0.4689135253429413, 'communication_cost': 0}
[ 2026-03-06 13:42:37 | node_49 | INFO ] 🚂 Round 83: Client training...
[ 2026-03-06 13:42:37 | node | INFO ] 🧩 Model added for round 83 (49/49) from ['node_49']
[ 2026-03-06 13:42:38 | node | INFO ] 🔬 Evaluating...
[ 2026-03-06 13:42:38 | node | INFO ] 📈 Evaluated. Results: {'test_loss': 0.19505733251571655, 'test_acc': 0.9596773982048035, 'test_precision': 0.32104456424713135, 'test_recall': 0.32425448298454285, 'test_f1': 0.32151466608047485, 'communication_cost': 46110666}
[ 2026-03-06 13:42:38 | node_11 | INFO ] 🔬 Evaluating...
[ 2026-03-06 13:42:38 | node_11 | INFO ] 📈 Evaluated. Results: {'test_loss': 0.39751628041267395, 'test_acc': 0.8857142925262451, 'test_precision': 0.5966911911964417, 'test_recall': 0.707763135433197, 'test_f1': 0.6293975114822388, 'communication_cost': 0}
[ 2026-03-06 13:42:38 | node_6 | INFO ] 🔬 Evaluating...
[ 2026-03-06 13:42:38 | node_11 | INFO ] 🚂 Round 84: Client training...
[ 2026-03-06 13:42:38 | node_8 | INFO ] 🔬 Evaluating...
[ 2026-03-06 13:42:38 | node_20 | INFO ] 🔬 Evaluating...
[ 2026-03-06 13:42:38 | node_13 | INFO ] 🔬 Evaluating...
[ 2026-03-06 13:42:38 | node_17 | INFO ] 🔬 Evaluating...
[ 2026-03-06 13:42:38 | node_16 | INFO ] 🔬 Evaluating...
[ 2026-03-06 13:42:38 | node_1 | INFO ] 🔬 Evaluating...
[ 2026-03-06 13:42:38 | node_12 | INFO ] 🔬 Evaluating...
[ 2026-03-06 13:42:38 | node_9 | INFO ] 🔬 Evaluating...
[ 2026-03-06 13:42:38 | node_23 | INFO ] 🔬 Evaluating...
[ 2026-03-06 13:42:38 | node_19 | INFO ] 🔬 Evaluating...
[ 2026-03-06 13:42:38 | node_6 | INFO ] 📈 Evaluated. Results: {'test_loss': 0.34598538279533386, 'test_acc': 0.9102563858032227, 'test_precision': 0.5312820672988892, 'test_recall': 0.7652605175971985, 'test_f1': 0.5887316465377808, 'communication_cost': 0}
[ 2026-03-06 13:42:38 | node_5 | INFO ] 🔬 Evaluating...
[ 2026-03-06 13:42:38 | node_2 | INFO ] 🔬 Evaluating...
[ 2026-03-06 13:42:38 | node_14 | INFO ] 🔬 Evaluating...
[ 2026-03-06 13:42:38 | node_15 | INFO ] 🔬 Evaluating...
[ 2026-03-06 13:42:38 | node_20 | INFO ] 📈 Evaluated. Results: {'test_loss': 0.6838945150375366, 'test_acc': 0.8467432856559753, 'test_precision': 0.3257134258747101, 'test_recall': 0.3032691776752472, 'test_f1': 0.31324517726898193, 'communication_cost': 0}
[ 2026-03-06 13:42:38 | node_6 | INFO ] 🚂 Round 84: Client training...
[ 2026-03-06 13:42:38 | node_13 | INFO ] 📈 Evaluated. Results: {'test_loss': 0.4711306095123291, 'test_acc': 0.9057591557502747, 'test_precision': 0.2774869203567505, 'test_recall': 0.31406742334365845, 'test_f1': 0.2858116626739502, 'communication_cost': 0}
[ 2026-03-06 13:42:38 | node_1 | INFO ] 📈 Evaluated. Results: {'test_loss': 0.40395933389663696, 'test_acc': 0.949999988079071, 'test_precision': 0.5, 'test_recall': 0.4749999940395355, 'test_f1': 0.4871794581413269, 'communication_cost': 0}
[ 2026-03-06 13:42:38 | node_17 | INFO ] 📈 Evaluated. Results: {'test_loss': 0.4345785081386566, 'test_acc': 0.8795180916786194, 'test_precision': 0.5597883462905884, 'test_recall': 0.6376586556434631, 'test_f1': 0.585593581199646, 'communication_cost': 0}
[ 2026-03-06 13:42:38 | node_20 | INFO ] 🚂 Round 84: Client training...
[ 2026-03-06 13:42:38 | node_13 | INFO ] 🚂 Round 84: Client training...
[ 2026-03-06 13:42:38 | node_1 | INFO ] 🚂 Round 84: Client training...
[ 2026-03-06 13:42:38 | node_17 | INFO ] 🚂 Round 84: Client training...
[ 2026-03-06 13:42:38 | node_16 | INFO ] 📈 Evaluated. Results: {'test_loss': 0.24390341341495514, 'test_acc': 0.9545454382896423, 'test_precision': 0.757735013961792, 'test_recall': 0.7378270626068115, 'test_f1': 0.7472313046455383, 'communication_cost': 0}
[ 2026-03-06 13:42:38 | node_16 | INFO ] 🚂 Round 84: Client training...
[ 2026-03-06 13:42:38 | node_26 | INFO ] 🔬 Evaluating...
[ 2026-03-06 13:42:38 | node_3 | INFO ] 🔬 Evaluating...
[ 2026-03-06 13:42:38 | node_12 | INFO ] 📈 Evaluated. Results: {'test_loss': 0.3155362606048584, 'test_acc': 0.9230769276618958, 'test_precision': 0.2934923470020294, 'test_recall': 0.30412718653678894, 'test_f1': 0.294399619102478, 'communication_cost': 0}
[ 2026-03-06 13:42:38 | node_12 | INFO ] 🚂 Round 84: Client training...
[ 2026-03-06 13:42:38 | node_2 | INFO ] 📈 Evaluated. Results: {'test_loss': 0.06944603472948074, 'test_acc': 0.9882352948188782, 'test_precision': 0.9946808815002441, 'test_recall': 0.9791667461395264, 'test_f1': 0.9864422678947449, 'communication_cost': 0}
[ 2026-03-06 13:42:39 | node_21 | INFO ] 🔬 Evaluating...
[ 2026-03-06 13:42:39 | node_7 | INFO ] 🔬 Evaluating...
[ 2026-03-06 13:42:39 | node_4 | INFO ] 🔬 Evaluating...
[ 2026-03-06 13:42:39 | node_10 | INFO ] 🔬 Evaluating...
[ 2026-03-06 13:42:39 | node_23 | INFO ] 📈 Evaluated. Results: {'test_loss': 0.20286501944065094, 'test_acc': 0.9514563083648682, 'test_precision': 0.5166666507720947, 'test_recall': 0.6581632494926453, 'test_f1': 0.5650814771652222, 'communication_cost': 0}
[ 2026-03-06 13:42:39 | node_5 | INFO ] 📈 Evaluated. Results: {'test_loss': 0.4158819317817688, 'test_acc': 0.9140271544456482, 'test_precision': 0.5513659119606018, 'test_recall': 0.6036102175712585, 'test_f1': 0.5689049363136292, 'communication_cost': 0}
[ 2026-03-06 13:42:39 | node_18 | INFO ] 🔬 Evaluating...
[ 2026-03-06 13:42:39 | node_22 | INFO ] 🔬 Evaluating...
[ 2026-03-06 13:42:39 | node_2 | INFO ] 🚂 Round 84: Client training...
[ 2026-03-06 13:42:39 | node_23 | INFO ] 🚂 Round 84: Client training...
[ 2026-03-06 13:42:39 | node_25 | INFO ] 🔬 Evaluating...
[ 2026-03-06 13:42:39 | node_9 | INFO ] 📈 Evaluated. Results: {'test_loss': 0.14002695679664612, 'test_acc': 0.9863013625144958, 'test_precision': 0.5194434523582458, 'test_recall': 0.5129541754722595, 'test_f1': 0.5161212682723999, 'communication_cost': 0}
[ 2026-03-06 13:42:39 | node_8 | INFO ] 📈 Evaluated. Results: {'test_loss': 0.3103504776954651, 'test_acc': 0.9078013896942139, 'test_precision': 0.5972294807434082, 'test_recall': 0.5704371929168701, 'test_f1': 0.5797142386436462, 'communication_cost': 0}
[ 2026-03-06 13:42:39 | node_27 | INFO ] 🔬 Evaluating...
[ 2026-03-06 13:42:39 | node_19 | INFO ] 📈 Evaluated. Results: {'test_loss': 0.4829729497432709, 'test_acc': 0.9280575513839722, 'test_precision': 0.6513875126838684, 'test_recall': 0.7884013652801514, 'test_f1': 0.6908550262451172, 'communication_cost': 0}
[ 2026-03-06 13:42:39 | node_24 | INFO ] 🔬 Evaluating...
[ 2026-03-06 13:42:39 | node_29 | INFO ] 🔬 Evaluating...
[ 2026-03-06 13:42:39 | node_5 | INFO ] 🚂 Round 84: Client training...
[ 2026-03-06 13:42:39 | node_15 | INFO ] 📈 Evaluated. Results: {'test_loss': 0.15906430780887604, 'test_acc': 0.9877551198005676, 'test_precision': 0.6857143044471741, 'test_recall': 0.7332726120948792, 'test_f1': 0.7041680812835693, 'communication_cost': 0}
[ 2026-03-06 13:42:39 | node_9 | INFO ] 🚂 Round 84: Client training...
[ 2026-03-06 13:42:39 | node_28 | INFO ] 🔬 Evaluating...
[ 2026-03-06 13:42:39 | node_8 | INFO ] 🚂 Round 84: Client training...
[ 2026-03-06 13:42:39 | node_14 | INFO ] 📈 Evaluated. Results: {'test_loss': 0.20729908347129822, 'test_acc': 0.9647058844566345, 'test_precision': 0.4264705777168274, 'test_recall': 0.4268995523452759, 'test_f1': 0.425701379776001, 'communication_cost': 0}
[ 2026-03-06 13:42:39 | node_19 | INFO ] 🚂 Round 84: Client training...
[ 2026-03-06 13:42:39 | node_3 | INFO ] 📈 Evaluated. Results: {'test_loss': 0.018897993490099907, 'test_acc': 1.0, 'test_precision': 1.0, 'test_recall': 1.0, 'test_f1': 1.0, 'communication_cost': 0}
[ 2026-03-06 13:42:39 | node_30 | INFO ] 🔬 Evaluating...
[ 2026-03-06 13:42:39 | node_21 | INFO ] 📈 Evaluated. Results: {'test_loss': 0.27744773030281067, 'test_acc': 0.9567307829856873, 'test_precision': 0.5327635407447815, 'test_recall': 0.5267199873924255, 'test_f1': 0.5294929146766663, 'communication_cost': 0}
[ 2026-03-06 13:42:39 | node_15 | INFO ] 🚂 Round 84: Client training...
[ 2026-03-06 13:42:39 | node_14 | INFO ] 🚂 Round 84: Client training...
[ 2026-03-06 13:42:39 | node_22 | INFO ] 📈 Evaluated. Results: {'test_loss': 0.31573763489723206, 'test_acc': 0.9655172228813171, 'test_precision': 0.6000000238418579, 'test_recall': 0.6000000238418579, 'test_f1': 0.6000000238418579, 'communication_cost': 0}
[ 2026-03-06 13:42:39 | node_10 | INFO ] 📈 Evaluated. Results: {'test_loss': 0.001828439999371767, 'test_acc': 1.0, 'test_precision': 1.0, 'test_recall': 1.0, 'test_f1': 1.0, 'communication_cost': 0}
[ 2026-03-06 13:42:39 | node_7 | INFO ] 📈 Evaluated. Results: {'test_loss': 0.25273600220680237, 'test_acc': 0.9764705896377563, 'test_precision': 0.6666666865348816, 'test_recall': 0.6284146904945374, 'test_f1': 0.6461929082870483, 'communication_cost': 0}
[ 2026-03-06 13:42:39 | node_26 | INFO ] 📈 Evaluated. Results: {'test_loss': 0.13069528341293335, 'test_acc': 0.9664991497993469, 'test_precision': 0.39285317063331604, 'test_recall': 0.3817238211631775, 'test_f1': 0.38710132241249084, 'communication_cost': 0}
[ 2026-03-06 13:42:39 | node_3 | INFO ] 🚂 Round 84: Client training...
[ 2026-03-06 13:42:39 | node_27 | INFO ] 📈 Evaluated. Results: {'test_loss': 1.437294363975525, 'test_acc': 0.8918918967247009, 'test_precision': 0.4444445073604584, 'test_recall': 0.42720305919647217, 'test_f1': 0.43535351753234863, 'communication_cost': 0}
[ 2026-03-06 13:42:39 | node_4 | INFO ] 📈 Evaluated. Results: {'test_loss': 0.11502523720264435, 'test_acc': 0.9790209531784058, 'test_precision': 0.442890465259552, 'test_recall': 0.4347119927406311, 'test_f1': 0.4387354552745819, 'communication_cost': 0}
[ 2026-03-06 13:42:39 | node_25 | INFO ] 📈 Evaluated. Results: {'test_loss': 0.22114793956279755, 'test_acc': 0.9590908885002136, 'test_precision': 0.37532466650009155, 'test_recall': 0.36842021346092224, 'test_f1': 0.3717944622039795, 'communication_cost': 0}
[ 2026-03-06 13:42:39 | node_21 | INFO ] 🚂 Round 84: Client training...
[ 2026-03-06 13:42:39 | node_22 | INFO ] 🚂 Round 84: Client training...
[ 2026-03-06 13:42:39 | node_24 | INFO ] 📈 Evaluated. Results: {'test_loss': 0.2079838216304779, 'test_acc': 0.9215686321258545, 'test_precision': 0.4749999940395355, 'test_recall': 0.4761904776096344, 'test_f1': 0.47434210777282715, 'communication_cost': 0}
[ 2026-03-06 13:42:39 | node_10 | INFO ] 🚂 Round 84: Client training...
[ 2026-03-06 13:42:39 | node_18 | INFO ] 📈 Evaluated. Results: {'test_loss': 0.5280870795249939, 'test_acc': 0.9135135412216187, 'test_precision': 0.3862387239933014, 'test_recall': 0.3728436529636383, 'test_f1': 0.37824732065200806, 'communication_cost': 0}
[ 2026-03-06 13:42:39 | node_7 | INFO ] 🚂 Round 84: Client training...
[ 2026-03-06 13:42:39 | node_26 | INFO ] 🚂 Round 84: Client training...
[ 2026-03-06 13:42:39 | node_31 | INFO ] 🔬 Evaluating...
[ 2026-03-06 13:42:39 | node_27 | INFO ] 🚂 Round 84: Client training...
[ 2026-03-06 13:42:39 | node_30 | INFO ] 📈 Evaluated. Results: {'test_loss': 0.05951293557882309, 'test_acc': 1.0, 'test_precision': 1.0, 'test_recall': 1.0, 'test_f1': 1.0, 'communication_cost': 0}
[ 2026-03-06 13:42:39 | node_29 | INFO ] 📈 Evaluated. Results: {'test_loss': 0.7085061073303223, 'test_acc': 0.8584070801734924, 'test_precision': 0.21479573845863342, 'test_recall': 0.1883760541677475, 'test_f1': 0.20051543414592743, 'communication_cost': 0}
[ 2026-03-06 13:42:39 | node_25 | INFO ] 🚂 Round 84: Client training...
[ 2026-03-06 13:42:39 | node_28 | INFO ] 📈 Evaluated. Results: {'test_loss': 0.36691930890083313, 'test_acc': 0.970059871673584, 'test_precision': 0.38158899545669556, 'test_recall': 0.38876402378082275, 'test_f1': 0.38372260332107544, 'communication_cost': 0}
[ 2026-03-06 13:42:39 | node_4 | INFO ] 🚂 Round 84: Client training...
[ 2026-03-06 13:42:39 | node_24 | INFO ] 🚂 Round 84: Client training...
[ 2026-03-06 13:42:39 | node_18 | INFO ] 🚂 Round 84: Client training...
[ 2026-03-06 13:42:39 | node_30 | INFO ] 🚂 Round 84: Client training...
[ 2026-03-06 13:42:39 | node_29 | INFO ] 🚂 Round 84: Client training...
[ 2026-03-06 13:42:39 | node_28 | INFO ] 🚂 Round 84: Client training...
[ 2026-03-06 13:42:40 | node_31 | INFO ] 📈 Evaluated. Results: {'test_loss': 0.16618894040584564, 'test_acc': 0.9618320465087891, 'test_precision': 0.5697928071022034, 'test_recall': 0.5589083433151245, 'test_f1': 0.5638771057128906, 'communication_cost': 0}
[ 2026-03-06 13:42:40 | node_32 | INFO ] 🔬 Evaluating...
[ 2026-03-06 13:42:40 | node_33 | INFO ] 🔬 Evaluating...
[ 2026-03-06 13:42:40 | node_31 | INFO ] 🚂 Round 84: Client training...
[ 2026-03-06 13:42:40 | node_35 | INFO ] 🔬 Evaluating...
[ 2026-03-06 13:42:40 | node_32 | INFO ] 📈 Evaluated. Results: {'test_loss': 0.7083835005760193, 'test_acc': 0.9111111164093018, 'test_precision': 0.3333333432674408, 'test_recall': 0.4155844449996948, 'test_f1': 0.3503401577472687, 'communication_cost': 0}
[ 2026-03-06 13:42:40 | node_33 | INFO ] 📈 Evaluated. Results: {'test_loss': 0.6445478200912476, 'test_acc': 0.8500000238418579, 'test_precision': 0.34628573060035706, 'test_recall': 0.32101383805274963, 'test_f1': 0.3325849771499634, 'communication_cost': 0}
[ 2026-03-06 13:42:40 | node_32 | INFO ] 🚂 Round 84: Client training...
[ 2026-03-06 13:42:40 | node_33 | INFO ] 🚂 Round 84: Client training...
[ 2026-03-06 13:42:40 | node_35 | INFO ] 📈 Evaluated. Results: {'test_loss': 0.34719786047935486, 'test_acc': 0.9523809552192688, 'test_precision': 0.5, 'test_recall': 0.48765432834625244, 'test_f1': 0.49367088079452515, 'communication_cost': 0}
[ 2026-03-06 13:42:40 | node_35 | INFO ] 🚂 Round 84: Client training...
[ 2026-03-06 13:42:40 | node_47 | INFO ] 🔬 Evaluating...
[ 2026-03-06 13:42:40 | node_34 | INFO ] 🔬 Evaluating...
[ 2026-03-06 13:42:40 | node_47 | INFO ] 📈 Evaluated. Results: {'test_loss': 0.021515879780054092, 'test_acc': 0.9928057789802551, 'test_precision': 0.9841727018356323, 'test_recall': 0.9810072183609009, 'test_f1': 0.9824140667915344, 'communication_cost': 0}
[ 2026-03-06 13:42:40 | node_47 | INFO ] 🚂 Round 84: Client training...
[ 2026-03-06 13:42:40 | node_34 | INFO ] 📈 Evaluated. Results: {'test_loss': 0.4260094165802002, 'test_acc': 0.9490445852279663, 'test_precision': 0.44183942675590515, 'test_recall': 0.4284442961215973, 'test_f1': 0.43448877334594727, 'communication_cost': 0}
[ 2026-03-06 13:42:40 | node_41 | INFO ] 🔬 Evaluating...
[ 2026-03-06 13:42:40 | node_34 | INFO ] 🚂 Round 84: Client training...
[ 2026-03-06 13:42:40 | node_37 | INFO ] 🔬 Evaluating...
[ 2026-03-06 13:42:40 | node_36 | INFO ] 🔬 Evaluating...
[ 2026-03-06 13:42:40 | node_40 | INFO ] 🔬 Evaluating...
[ 2026-03-06 13:42:40 | node_42 | INFO ] 🔬 Evaluating...
[ 2026-03-06 13:42:40 | node_43 | INFO ] 🔬 Evaluating...
[ 2026-03-06 13:42:40 | node_41 | INFO ] 📈 Evaluated. Results: {'test_loss': 0.2268819957971573, 'test_acc': 0.9636363387107849, 'test_precision': 0.6000000238418579, 'test_recall': 0.6602563858032227, 'test_f1': 0.6217319965362549, 'communication_cost': 0}
[ 2026-03-06 13:42:40 | node_41 | INFO ] 🚂 Round 84: Client training...
[ 2026-03-06 13:42:40 | node_37 | INFO ] 📈 Evaluated. Results: {'test_loss': 0.93864506483078, 'test_acc': 0.8591549396514893, 'test_precision': 0.6488035917282104, 'test_recall': 0.6449404954910278, 'test_f1': 0.6418811082839966, 'communication_cost': 0}
[ 2026-03-06 13:42:40 | node | INFO ] ⏳ Round 84: Server waiting for 49 updates.
[ 2026-03-06 13:42:40 | node | INFO ] ♻️ Proactively processing 34 early models for round 84.
[ 2026-03-06 13:42:40 | node | INFO ] 🧩 Model added for round 84 (1/49) from ['node_11']
[ 2026-03-06 13:42:40 | node_37 | INFO ] 🚂 Round 84: Client training...
[ 2026-03-06 13:42:40 | node | INFO ] 🧩 Model added for round 84 (2/49) from ['node_20']
[ 2026-03-06 13:42:40 | node | INFO ] 🧩 Model added for round 84 (3/49) from ['node_1']
[ 2026-03-06 13:42:40 | node | INFO ] 🧩 Model added for round 84 (4/49) from ['node_17']
[ 2026-03-06 13:42:40 | node | INFO ] 🧩 Model added for round 84 (5/49) from ['node_13']
[ 2026-03-06 13:42:40 | node | INFO ] 🧩 Model added for round 84 (6/49) from ['node_16']
[ 2026-03-06 13:42:40 | node | INFO ] 🧩 Model added for round 84 (7/49) from ['node_6']
[ 2026-03-06 13:42:40 | node | INFO ] 🧩 Model added for round 84 (8/49) from ['node_12']
[ 2026-03-06 13:42:40 | node | INFO ] 🧩 Model added for round 84 (9/49) from ['node_9']
[ 2026-03-06 13:42:40 | node | INFO ] 🧩 Model added for round 84 (10/49) from ['node_23']
[ 2026-03-06 13:42:40 | node | INFO ] 🧩 Model added for round 84 (11/49) from ['node_2']
[ 2026-03-06 13:42:40 | node | INFO ] 🧩 Model added for round 84 (12/49) from ['node_8']
[ 2026-03-06 13:42:40 | node_48 | INFO ] 🔬 Evaluating...
[ 2026-03-06 13:42:40 | node | INFO ] 🧩 Model added for round 84 (13/49) from ['node_7']
[ 2026-03-06 13:42:40 | node | INFO ] 🧩 Model added for round 84 (14/49) from ['node_10']
[ 2026-03-06 13:42:40 | node_39 | INFO ] 🔬 Evaluating...
[ 2026-03-06 13:42:40 | node_38 | INFO ] 🔬 Evaluating...
[ 2026-03-06 13:42:40 | node | INFO ] 🧩 Model added for round 84 (15/49) from ['node_21']
[ 2026-03-06 13:42:40 | node | INFO ] 🧩 Model added for round 84 (16/49) from ['node_26']
[ 2026-03-06 13:42:40 | node_42 | INFO ] 📈 Evaluated. Results: {'test_loss': 0.0005665417993441224, 'test_acc': 1.0, 'test_precision': 1.0, 'test_recall': 1.0, 'test_f1': 1.0, 'communication_cost': 0}
[ 2026-03-06 13:42:40 | node | INFO ] 🧩 Model added for round 84 (17/49) from ['node_19']
[ 2026-03-06 13:42:40 | node | INFO ] 🧩 Model added for round 84 (18/49) from ['node_3']
[ 2026-03-06 13:42:40 | node | INFO ] 🧩 Model added for round 84 (19/49) from ['node_4']
[ 2026-03-06 13:42:40 | node_42 | INFO ] 🚂 Round 84: Client training...
[ 2026-03-06 13:42:40 | node | INFO ] 🧩 Model added for round 84 (20/49) from ['node_22']
[ 2026-03-06 13:42:40 | node | INFO ] 🧩 Model added for round 84 (21/49) from ['node_5']
[ 2026-03-06 13:42:40 | node | INFO ] 🧩 Model added for round 84 (22/49) from ['node_18']
[ 2026-03-06 13:42:40 | node | INFO ] 🧩 Model added for round 84 (23/49) from ['node_25']
[ 2026-03-06 13:42:40 | node | INFO ] 🧩 Model added for round 84 (24/49) from ['node_24']
[ 2026-03-06 13:42:40 | node | INFO ] 🧩 Model added for round 84 (25/49) from ['node_29']
[ 2026-03-06 13:42:40 | node | INFO ] 🧩 Model added for round 84 (26/49) from ['node_14']
[ 2026-03-06 13:42:40 | node | INFO ] 🧩 Model added for round 84 (27/49) from ['node_27']
[ 2026-03-06 13:42:40 | node | INFO ] 🧩 Model added for round 84 (28/49) from ['node_30']
[ 2026-03-06 13:42:40 | node | INFO ] 🧩 Model added for round 84 (29/49) from ['node_15']
[ 2026-03-06 13:42:40 | node | INFO ] 🧩 Model added for round 84 (30/49) from ['node_28']
[ 2026-03-06 13:42:40 | node | INFO ] 🧩 Model added for round 84 (31/49) from ['node_31']
[ 2026-03-06 13:42:40 | node | INFO ] 🧩 Model added for round 84 (32/49) from ['node_33']
[ 2026-03-06 13:42:40 | node | INFO ] 🧩 Model added for round 84 (33/49) from ['node_35']
[ 2026-03-06 13:42:40 | node | INFO ] 🧩 Model added for round 84 (34/49) from ['node_32']
[ 2026-03-06 13:42:40 | node | INFO ] 🧩 Model added for round 84 (35/49) from ['node_47']
[ 2026-03-06 13:42:40 | node | INFO ] 🧩 Model added for round 84 (36/49) from ['node_34']
[ 2026-03-06 13:42:40 | node_43 | INFO ] 📈 Evaluated. Results: {'test_loss': 0.34786826372146606, 'test_acc': 0.9056603908538818, 'test_precision': 0.42991915345191956, 'test_recall': 0.4320543706417084, 'test_f1': 0.4275779128074646, 'communication_cost': 0}
[ 2026-03-06 13:42:40 | node_46 | INFO ] 🔬 Evaluating...
[ 2026-03-06 13:42:40 | node_49 | INFO ] 🔬 Evaluating...
[ 2026-03-06 13:42:40 | node_36 | INFO ] 📈 Evaluated. Results: {'test_loss': 0.3764326572418213, 'test_acc': 0.9438943862915039, 'test_precision': 0.3820982277393341, 'test_recall': 0.3665090501308441, 'test_f1': 0.37393635511398315, 'communication_cost': 0}
[ 2026-03-06 13:42:40 | node_43 | INFO ] 🚂 Round 84: Client training...
[ 2026-03-06 13:42:40 | node_39 | INFO ] 📈 Evaluated. Results: {'test_loss': 0.1284540742635727, 'test_acc': 0.9684210419654846, 'test_precision': 0.738095223903656, 'test_recall': 0.8369815349578857, 'test_f1': 0.7702671885490417, 'communication_cost': 0}
[ 2026-03-06 13:42:40 | node_48 | INFO ] 📈 Evaluated. Results: {'test_loss': 0.44366157054901123, 'test_acc': 0.9136690497398376, 'test_precision': 0.2988009452819824, 'test_recall': 0.3305077850818634, 'test_f1': 0.3023010492324829, 'communication_cost': 0}
[ 2026-03-06 13:42:40 | node_38 | INFO ] 📈 Evaluated. Results: {'test_loss': 0.6240525245666504, 'test_acc': 0.8819875717163086, 'test_precision': 0.527190625667572, 'test_recall': 0.5074853897094727, 'test_f1': 0.5115651488304138, 'communication_cost': 0}
[ 2026-03-06 13:42:40 | node_40 | INFO ] 📈 Evaluated. Results: {'test_loss': 0.27992114424705505, 'test_acc': 0.9553571343421936, 'test_precision': 0.41020411252975464, 'test_recall': 0.41704243421554565, 'test_f1': 0.4060126841068268, 'communication_cost': 0}
[ 2026-03-06 13:42:40 | node_36 | INFO ] 🚂 Round 84: Client training...
[ 2026-03-06 13:42:40 | node_39 | INFO ] 🚂 Round 84: Client training...
[ 2026-03-06 13:42:40 | node | INFO ] 🧩 Model added for round 84 (37/49) from ['node_41']
[ 2026-03-06 13:42:40 | node_48 | INFO ] 🚂 Round 84: Client training...
[ 2026-03-06 13:42:40 | node_44 | INFO ] 🔬 Evaluating...
[ 2026-03-06 13:42:40 | node_45 | INFO ] 🔬 Evaluating...
[ 2026-03-06 13:42:40 | node_46 | INFO ] 📈 Evaluated. Results: {'test_loss': 0.1901731789112091, 'test_acc': 0.9702380895614624, 'test_precision': 0.5889133214950562, 'test_recall': 0.597004234790802, 'test_f1': 0.5925010442733765, 'communication_cost': 0}
[ 2026-03-06 13:42:40 | node_38 | INFO ] 🚂 Round 84: Client training...
[ 2026-03-06 13:42:40 | node | INFO ] 🧩 Model added for round 84 (38/49) from ['node_37']
[ 2026-03-06 13:42:40 | node_40 | INFO ] 🚂 Round 84: Client training...
[ 2026-03-06 13:42:40 | node_46 | INFO ] 🚂 Round 84: Client training...
[ 2026-03-06 13:42:40 | node_49 | INFO ] 📈 Evaluated. Results: {'test_loss': 0.267497181892395, 'test_acc': 0.9342806339263916, 'test_precision': 0.46982982754707336, 'test_recall': 0.4704420268535614, 'test_f1': 0.46776238083839417, 'communication_cost': 0}
[ 2026-03-06 13:42:40 | node_49 | INFO ] 🚂 Round 84: Client training...
[ 2026-03-06 13:42:41 | node | INFO ] 🧩 Model added for round 84 (39/49) from ['node_42']
[ 2026-03-06 13:42:41 | node | INFO ] 🧩 Model added for round 84 (40/49) from ['node_36']
[ 2026-03-06 13:42:41 | node_44 | INFO ] 📈 Evaluated. Results: {'test_loss': 0.3164955675601959, 'test_acc': 0.9433962106704712, 'test_precision': 0.6666666865348816, 'test_recall': 0.6541666984558105, 'test_f1': 0.6601731777191162, 'communication_cost': 0}
[ 2026-03-06 13:42:41 | node_44 | INFO ] 🚂 Round 84: Client training...
[ 2026-03-06 13:42:41 | node_45 | INFO ] 📈 Evaluated. Results: {'test_loss': 0.19403515756130219, 'test_acc': 0.9230769276618958, 'test_precision': 0.5416666865348816, 'test_recall': 0.6518518924713135, 'test_f1': 0.5795496702194214, 'communication_cost': 0}
[ 2026-03-06 13:42:41 | node_45 | INFO ] 🚂 Round 84: Client training...
[ 2026-03-06 13:42:41 | node | INFO ] 🧩 Model added for round 84 (41/49) from ['node_48']
[ 2026-03-06 13:42:41 | node | INFO ] 🧩 Model added for round 84 (42/49) from ['node_43']
[ 2026-03-06 13:42:41 | node | INFO ] 🧩 Model added for round 84 (43/49) from ['node_38']
[ 2026-03-06 13:42:41 | node | INFO ] 🧩 Model added for round 84 (44/49) from ['node_49']
[ 2026-03-06 13:42:41 | node | INFO ] 🧩 Model added for round 84 (45/49) from ['node_46']
[ 2026-03-06 13:42:41 | node | INFO ] 🧩 Model added for round 84 (46/49) from ['node_39']
[ 2026-03-06 13:42:41 | node | INFO ] 🧩 Model added for round 84 (47/49) from ['node_40']
[ 2026-03-06 13:42:41 | node | INFO ] 🧩 Model added for round 84 (48/49) from ['node_45']
[ 2026-03-06 13:42:41 | node | INFO ] 🧩 Model added for round 84 (49/49) from ['node_44']
[ 2026-03-06 13:42:41 | node | INFO ] 🔬 Evaluating...
[ 2026-03-06 13:42:41 | node | INFO ] 📈 Evaluated. Results: {'test_loss': 0.26301658153533936, 'test_acc': 0.9435483813285828, 'test_precision': 0.30266621708869934, 'test_recall': 0.32146161794662476, 'test_f1': 0.308070570230484, 'communication_cost': 46110666}
[ 2026-03-06 13:42:42 | node_16 | INFO ] 🔬 Evaluating...
[ 2026-03-06 13:42:42 | node_11 | INFO ] 🔬 Evaluating...
[ 2026-03-06 13:42:42 | node_6 | INFO ] 🔬 Evaluating...
[ 2026-03-06 13:42:42 | node_16 | INFO ] 📈 Evaluated. Results: {'test_loss': 0.2999916970729828, 'test_acc': 0.9375, 'test_precision': 0.7575408816337585, 'test_recall': 0.7325822710990906, 'test_f1': 0.7440290451049805, 'communication_cost': 0}
[ 2026-03-06 13:42:42 | node_16 | INFO ] 🚂 Round 85: Client training...
[ 2026-03-06 13:42:42 | node_11 | INFO ] 📈 Evaluated. Results: {'test_loss': 0.32990461587905884, 'test_acc': 0.9238095283508301, 'test_precision': 0.6665441393852234, 'test_recall': 0.7177631855010986, 'test_f1': 0.6800224781036377, 'communication_cost': 0}
[ 2026-03-06 13:42:42 | node_11 | INFO ] 🚂 Round 85: Client training...
[ 2026-03-06 13:42:42 | node_6 | INFO ] 📈 Evaluated. Results: {'test_loss': 0.4473612904548645, 'test_acc': 0.9102563858032227, 'test_precision': 0.5312820672988892, 'test_recall': 0.7652605175971985, 'test_f1': 0.5887316465377808, 'communication_cost': 0}
[ 2026-03-06 13:42:42 | node_6 | INFO ] 🚂 Round 85: Client training...
[ 2026-03-06 13:42:42 | node_20 | INFO ] 🔬 Evaluating...
[ 2026-03-06 13:42:42 | node_32 | INFO ] 🔬 Evaluating...
[ 2026-03-06 13:42:42 | node_12 | INFO ] 🔬 Evaluating...
[ 2026-03-06 13:42:42 | node_46 | INFO ] 🔬 Evaluating...
[ 2026-03-06 13:42:42 | node_39 | INFO ] 🔬 Evaluating...
[ 2026-03-06 13:42:42 | node_32 | INFO ] 📈 Evaluated. Results: {'test_loss': 0.8937821388244629, 'test_acc': 0.855555534362793, 'test_precision': 0.3333333432674408, 'test_recall': 0.4074675142765045, 'test_f1': 0.3457493782043457, 'communication_cost': 0}
[ 2026-03-06 13:42:42 | node_32 | INFO ] 🚂 Round 85: Client training...
[ 2026-03-06 13:42:42 | node_20 | INFO ] 📈 Evaluated. Results: {'test_loss': 0.5382851958274841, 'test_acc': 0.8927202820777893, 'test_precision': 0.32990503311157227, 'test_recall': 0.3114793300628662, 'test_f1': 0.320132315158844, 'communication_cost': 0}
[ 2026-03-06 13:42:42 | node_20 | INFO ] 🚂 Round 85: Client training...
[ 2026-03-06 13:42:42 | node_40 | INFO ] 🔬 Evaluating...
[ 2026-03-06 13:42:42 | node_39 | INFO ] 📈 Evaluated. Results: {'test_loss': 0.1642034500837326, 'test_acc': 0.9684210419654846, 'test_precision': 0.738095223903656, 'test_recall': 0.8369815349578857, 'test_f1': 0.7702671885490417, 'communication_cost': 0}
[ 2026-03-06 13:42:42 | node_1 | INFO ] 🔬 Evaluating...
[ 2026-03-06 13:42:42 | node_17 | INFO ] 🔬 Evaluating...
[ 2026-03-06 13:42:42 | node_9 | INFO ] 🔬 Evaluating...
[ 2026-03-06 13:42:42 | node_39 | INFO ] 🚂 Round 85: Client training...
[ 2026-03-06 13:42:42 | node_45 | INFO ] 🔬 Evaluating...
[ 2026-03-06 13:42:42 | node_47 | INFO ] 🔬 Evaluating...
[ 2026-03-06 13:42:42 | node_34 | INFO ] 🔬 Evaluating...
[ 2026-03-06 13:42:42 | node_12 | INFO ] 📈 Evaluated. Results: {'test_loss': 0.22202573716640472, 'test_acc': 0.9408283829689026, 'test_precision': 0.30611562728881836, 'test_recall': 0.3192305564880371, 'test_f1': 0.308390349149704, 'communication_cost': 0}
[ 2026-03-06 13:42:42 | node_44 | INFO ] 🔬 Evaluating...
[ 2026-03-06 13:42:42 | node_23 | INFO ] 🔬 Evaluating...
[ 2026-03-06 13:42:42 | node_46 | INFO ] 📈 Evaluated. Results: {'test_loss': 0.19206233322620392, 'test_acc': 0.9702380895614624, 'test_precision': 0.5299145579338074, 'test_recall': 0.5234861969947815, 'test_f1': 0.5266488194465637, 'communication_cost': 0}
[ 2026-03-06 13:42:42 | node_13 | INFO ] 🔬 Evaluating...
[ 2026-03-06 13:42:42 | node_12 | INFO ] 🚂 Round 85: Client training...
[ 2026-03-06 13:42:42 | node_1 | INFO ] 📈 Evaluated. Results: {'test_loss': 0.5018925666809082, 'test_acc': 0.949999988079071, 'test_precision': 0.5, 'test_recall': 0.4749999940395355, 'test_f1': 0.4871794581413269, 'communication_cost': 0}
[ 2026-03-06 13:42:42 | node_2 | INFO ] 🔬 Evaluating...
[ 2026-03-06 13:42:42 | node_7 | INFO ] 🔬 Evaluating...
[ 2026-03-06 13:42:42 | node_8 | INFO ] 🔬 Evaluating...
[ 2026-03-06 13:42:42 | node_21 | INFO ] 🔬 Evaluating...
[ 2026-03-06 13:42:42 | node_10 | INFO ] 🔬 Evaluating...
[ 2026-03-06 13:42:42 | node_26 | INFO ] 🔬 Evaluating...
[ 2026-03-06 13:42:42 | node_4 | INFO ] 🔬 Evaluating...
[ 2026-03-06 13:42:42 | node_19 | INFO ] 🔬 Evaluating...
[ 2026-03-06 13:42:42 | node_5 | INFO ] 🔬 Evaluating...
[ 2026-03-06 13:42:42 | node_18 | INFO ] 🔬 Evaluating...
[ 2026-03-06 13:42:42 | node_25 | INFO ] 🔬 Evaluating...
[ 2026-03-06 13:42:42 | node_3 | INFO ] 🔬 Evaluating...
[ 2026-03-06 13:42:42 | node_30 | INFO ] 🔬 Evaluating...
[ 2026-03-06 13:42:42 | node_17 | INFO ] 📈 Evaluated. Results: {'test_loss': 0.31149372458457947, 'test_acc': 0.9036144614219666, 'test_precision': 0.5703703761100769, 'test_recall': 0.6433566808700562, 'test_f1': 0.5972124934196472, 'communication_cost': 0}
[ 2026-03-06 13:42:42 | node_22 | INFO ] 🔬 Evaluating...
[ 2026-03-06 13:42:42 | node_24 | INFO ] 🔬 Evaluating...
[ 2026-03-06 13:42:42 | node_15 | INFO ] 🔬 Evaluating...
[ 2026-03-06 13:42:42 | node_14 | INFO ] 🔬 Evaluating...
[ 2026-03-06 13:42:42 | node_41 | INFO ] 🔬 Evaluating...
[ 2026-03-06 13:42:42 | node_29 | INFO ] 🔬 Evaluating...
[ 2026-03-06 13:42:42 | node_27 | INFO ] 🔬 Evaluating...
[ 2026-03-06 13:42:42 | node_31 | INFO ] 🔬 Evaluating...
[ 2026-03-06 13:42:42 | node_28 | INFO ] 🔬 Evaluating...
[ 2026-03-06 13:42:42 | node_37 | INFO ] 🔬 Evaluating...
[ 2026-03-06 13:42:42 | node_46 | INFO ] 🚂 Round 85: Client training...
[ 2026-03-06 13:42:42 | node_33 | INFO ] 🔬 Evaluating...
[ 2026-03-06 13:42:42 | node_42 | INFO ] 🔬 Evaluating...
[ 2026-03-06 13:42:42 | node_1 | INFO ] 🚂 Round 85: Client training...
[ 2026-03-06 13:42:42 | node_36 | INFO ] 🔬 Evaluating...
[ 2026-03-06 13:42:42 | node_35 | INFO ] 🔬 Evaluating...
[ 2026-03-06 13:42:42 | node_48 | INFO ] 🔬 Evaluating...
[ 2026-03-06 13:42:42 | node_43 | INFO ] 🔬 Evaluating...
[ 2026-03-06 13:42:42 | node_38 | INFO ] 🔬 Evaluating...
[ 2026-03-06 13:42:42 | node_40 | INFO ] 📈 Evaluated. Results: {'test_loss': 0.2710515558719635, 'test_acc': 0.9553571343421936, 'test_precision': 0.4482993483543396, 'test_recall': 0.4532553553581238, 'test_f1': 0.4431139826774597, 'communication_cost': 0}
[ 2026-03-06 13:42:42 | node_49 | INFO ] 🔬 Evaluating...
[ 2026-03-06 13:42:42 | node_17 | INFO ] 🚂 Round 85: Client training...
[ 2026-03-06 13:42:42 | node_9 | INFO ] 📈 Evaluated. Results: {'test_loss': 0.13848057389259338, 'test_acc': 0.9843444228172302, 'test_precision': 0.4985693395137787, 'test_recall': 0.4919170141220093, 'test_f1': 0.49516206979751587, 'communication_cost': 0}
[ 2026-03-06 13:42:42 | node_44 | INFO ] 📈 Evaluated. Results: {'test_loss': 0.3065980076789856, 'test_acc': 0.9433962106704712, 'test_precision': 0.6666666865348816, 'test_recall': 0.6541666984558105, 'test_f1': 0.6601731777191162, 'communication_cost': 0}
[ 2026-03-06 13:42:42 | node_45 | INFO ] 📈 Evaluated. Results: {'test_loss': 0.3257085382938385, 'test_acc': 0.8653846383094788, 'test_precision': 0.5555555820465088, 'test_recall': 0.6407407522201538, 'test_f1': 0.5692771077156067, 'communication_cost': 0}
[ 2026-03-06 13:42:43 | node_47 | INFO ] 📈 Evaluated. Results: {'test_loss': 0.03561143949627876, 'test_acc': 0.9928057789802551, 'test_precision': 0.9841727018356323, 'test_recall': 0.9810072183609009, 'test_f1': 0.9824140667915344, 'communication_cost': 0}
[ 2026-03-06 13:42:43 | node_23 | INFO ] 📈 Evaluated. Results: {'test_loss': 0.23909726738929749, 'test_acc': 0.9514563083648682, 'test_precision': 0.5166666507720947, 'test_recall': 0.6581632494926453, 'test_f1': 0.5650814771652222, 'communication_cost': 0}
[ 2026-03-06 13:42:43 | node_40 | INFO ] 🚂 Round 85: Client training...
[ 2026-03-06 13:42:43 | node_13 | INFO ] 📈 Evaluated. Results: {'test_loss': 0.41037219762802124, 'test_acc': 0.9214659929275513, 'test_precision': 0.3109947741031647, 'test_recall': 0.3605622947216034, 'test_f1': 0.32414668798446655, 'communication_cost': 0}
[ 2026-03-06 13:42:43 | node_2 | INFO ] 📈 Evaluated. Results: {'test_loss': 0.0682460144162178, 'test_acc': 0.9882352948188782, 'test_precision': 0.9946808815002441, 'test_recall': 0.9791667461395264, 'test_f1': 0.9864422678947449, 'communication_cost': 0}
[ 2026-03-06 13:42:43 | node_34 | INFO ] 📈 Evaluated. Results: {'test_loss': 0.4403042495250702, 'test_acc': 0.9490445852279663, 'test_precision': 0.44183942675590515, 'test_recall': 0.4284442961215973, 'test_f1': 0.43448877334594727, 'communication_cost': 0}
[ 2026-03-06 13:42:43 | node_10 | INFO ] 📈 Evaluated. Results: {'test_loss': 0.0027335353661328554, 'test_acc': 1.0, 'test_precision': 1.0, 'test_recall': 1.0, 'test_f1': 1.0, 'communication_cost': 0}
[ 2026-03-06 13:42:43 | node_9 | INFO ] 🚂 Round 85: Client training...
[ 2026-03-06 13:42:43 | node_44 | INFO ] 🚂 Round 85: Client training...
[ 2026-03-06 13:42:43 | node_45 | INFO ] 🚂 Round 85: Client training...
[ 2026-03-06 13:42:43 | node_7 | INFO ] 📈 Evaluated. Results: {'test_loss': 0.2770463526248932, 'test_acc': 0.9764705896377563, 'test_precision': 0.6666666865348816, 'test_recall': 0.6284146904945374, 'test_f1': 0.6461929082870483, 'communication_cost': 0}
[ 2026-03-06 13:42:43 | node_23 | INFO ] 🚂 Round 85: Client training...
[ 2026-03-06 13:42:43 | node_47 | INFO ] 🚂 Round 85: Client training...
[ 2026-03-06 13:42:43 | node_8 | INFO ] 📈 Evaluated. Results: {'test_loss': 0.242710679769516, 'test_acc': 0.9290780425071716, 'test_precision': 0.6043078303337097, 'test_recall': 0.581237256526947, 'test_f1': 0.5907913446426392, 'communication_cost': 0}
[ 2026-03-06 13:42:43 | node_13 | INFO ] 🚂 Round 85: Client training...
[ 2026-03-06 13:42:43 | node_3 | INFO ] 📈 Evaluated. Results: {'test_loss': 0.02649882808327675, 'test_acc': 1.0, 'test_precision': 1.0, 'test_recall': 1.0, 'test_f1': 1.0, 'communication_cost': 0}
[ 2026-03-06 13:42:43 | node_2 | INFO ] 🚂 Round 85: Client training...
[ 2026-03-06 13:42:43 | node_21 | INFO ] 📈 Evaluated. Results: {'test_loss': 0.3243684768676758, 'test_acc': 0.9519230723381042, 'test_precision': 0.45665448904037476, 'test_recall': 0.4505990147590637, 'test_f1': 0.4533916115760803, 'communication_cost': 0}
[ 2026-03-06 13:42:43 | node_19 | INFO ] 📈 Evaluated. Results: {'test_loss': 0.5582680702209473, 'test_acc': 0.8920863270759583, 'test_precision': 0.6067032217979431, 'test_recall': 0.7338833212852478, 'test_f1': 0.6412914395332336, 'communication_cost': 0}
[ 2026-03-06 13:42:43 | node_10 | INFO ] 🚂 Round 85: Client training...
[ 2026-03-06 13:42:43 | node_25 | INFO ] 📈 Evaluated. Results: {'test_loss': 0.21929022669792175, 'test_acc': 0.9636363387107849, 'test_precision': 0.36818182468414307, 'test_recall': 0.3957277536392212, 'test_f1': 0.37840208411216736, 'communication_cost': 0}
[ 2026-03-06 13:42:43 | node_24 | INFO ] 📈 Evaluated. Results: {'test_loss': 0.17833103239536285, 'test_acc': 0.9411764740943909, 'test_precision': 0.5, 'test_recall': 0.4821428656578064, 'test_f1': 0.49074074625968933, 'communication_cost': 0}
[ 2026-03-06 13:42:43 | node_5 | INFO ] 📈 Evaluated. Results: {'test_loss': 0.33069995045661926, 'test_acc': 0.918552041053772, 'test_precision': 0.5726199746131897, 'test_recall': 0.632203996181488, 'test_f1': 0.5931152701377869, 'communication_cost': 0}
[ 2026-03-06 13:42:43 | node_27 | INFO ] 📈 Evaluated. Results: {'test_loss': 1.2856255769729614, 'test_acc': 0.8918918967247009, 'test_precision': 0.4444445073604584, 'test_recall': 0.42720305919647217, 'test_f1': 0.43535351753234863, 'communication_cost': 0}
[ 2026-03-06 13:42:43 | node_34 | INFO ] 🚂 Round 85: Client training...
[ 2026-03-06 13:42:43 | node_30 | INFO ] 📈 Evaluated. Results: {'test_loss': 0.015974609181284904, 'test_acc': 1.0, 'test_precision': 1.0, 'test_recall': 1.0, 'test_f1': 1.0, 'communication_cost': 0}
[ 2026-03-06 13:42:43 | node_22 | INFO ] 📈 Evaluated. Results: {'test_loss': 0.2624852657318115, 'test_acc': 0.9655172228813171, 'test_precision': 0.6000000238418579, 'test_recall': 0.6000000238418579, 'test_f1': 0.6000000238418579, 'communication_cost': 0}
[ 2026-03-06 13:42:43 | node_7 | INFO ] 🚂 Round 85: Client training...
[ 2026-03-06 13:42:43 | node_18 | INFO ] 📈 Evaluated. Results: {'test_loss': 0.4807780385017395, 'test_acc': 0.9243243336677551, 'test_precision': 0.4093017876148224, 'test_recall': 0.3972334861755371, 'test_f1': 0.4021145701408386, 'communication_cost': 0}
[ 2026-03-06 13:42:43 | node_42 | INFO ] 📈 Evaluated. Results: {'test_loss': 0.0004281458386685699, 'test_acc': 1.0, 'test_precision': 1.0, 'test_recall': 1.0, 'test_f1': 1.0, 'communication_cost': 0}
[ 2026-03-06 13:42:43 | node_4 | INFO ] 📈 Evaluated. Results: {'test_loss': 0.11135264486074448, 'test_acc': 0.9790209531784058, 'test_precision': 0.442890465259552, 'test_recall': 0.4347119927406311, 'test_f1': 0.4387354552745819, 'communication_cost': 0}
[ 2026-03-06 13:42:43 | node_41 | INFO ] 📈 Evaluated. Results: {'test_loss': 0.19087395071983337, 'test_acc': 0.9727272987365723, 'test_precision': 0.7200000286102295, 'test_recall': 0.7942308187484741, 'test_f1': 0.7470731735229492, 'communication_cost': 0}
[ 2026-03-06 13:42:43 | node_31 | INFO ] 📈 Evaluated. Results: {'test_loss': 0.15429459512233734, 'test_acc': 0.9618320465087891, 'test_precision': 0.5463467836380005, 'test_recall': 0.5724086761474609, 'test_f1': 0.5567408204078674, 'communication_cost': 0}
[ 2026-03-06 13:42:43 | node_8 | INFO ] 🚂 Round 85: Client training...
[ 2026-03-06 13:42:43 | node_3 | INFO ] 🚂 Round 85: Client training...
[ 2026-03-06 13:42:43 | node_37 | INFO ] 📈 Evaluated. Results: {'test_loss': 1.0531128644943237, 'test_acc': 0.8309859037399292, 'test_precision': 0.49864718317985535, 'test_recall': 0.5544270873069763, 'test_f1': 0.510790228843689, 'communication_cost': 0}
[ 2026-03-06 13:42:43 | node_35 | INFO ] 📈 Evaluated. Results: {'test_loss': 0.43833497166633606, 'test_acc': 0.9404761791229248, 'test_precision': 0.40000003576278687, 'test_recall': 0.38765430450439453, 'test_f1': 0.3936305642127991, 'communication_cost': 0}
[ 2026-03-06 13:42:43 | node_21 | INFO ] 🚂 Round 85: Client training...
[ 2026-03-06 13:42:44 | node_19 | INFO ] 🚂 Round 85: Client training...
[ 2026-03-06 13:42:44 | node_25 | INFO ] 🚂 Round 85: Client training...
[ 2026-03-06 13:42:44 | node_24 | INFO ] 🚂 Round 85: Client training...
[ 2026-03-06 13:42:44 | node_5 | INFO ] 🚂 Round 85: Client training...
[ 2026-03-06 13:42:44 | node_27 | INFO ] 🚂 Round 85: Client training...
[ 2026-03-06 13:42:44 | node_30 | INFO ] 🚂 Round 85: Client training...
[ 2026-03-06 13:42:44 | node_22 | INFO ] 🚂 Round 85: Client training...
[ 2026-03-06 13:42:44 | node_18 | INFO ] 🚂 Round 85: Client training...
[ 2026-03-06 13:42:44 | node_42 | INFO ] 🚂 Round 85: Client training...
[ 2026-03-06 13:42:44 | node_4 | INFO ] 🚂 Round 85: Client training...
[ 2026-03-06 13:42:44 | node_41 | INFO ] 🚂 Round 85: Client training...
[ 2026-03-06 13:42:44 | node_31 | INFO ] 🚂 Round 85: Client training...
[ 2026-03-06 13:42:44 | node_15 | INFO ] 📈 Evaluated. Results: {'test_loss': 0.17722812294960022, 'test_acc': 0.9836734533309937, 'test_precision': 0.6193877458572388, 'test_recall': 0.6121993064880371, 'test_f1': 0.6157548427581787, 'communication_cost': 0}
[ 2026-03-06 13:42:44 | node_33 | INFO ] 📈 Evaluated. Results: {'test_loss': 0.4684123694896698, 'test_acc': 0.8949999809265137, 'test_precision': 0.34628573060035706, 'test_recall': 0.32843777537345886, 'test_f1': 0.3368368148803711, 'communication_cost': 0}
[ 2026-03-06 13:42:44 | node_14 | INFO ] 📈 Evaluated. Results: {'test_loss': 0.2017800211906433, 'test_acc': 0.9676470756530762, 'test_precision': 0.41403359174728394, 'test_recall': 0.41755345463752747, 'test_f1': 0.41474393010139465, 'communication_cost': 0}
[ 2026-03-06 13:42:44 | node_37 | INFO ] 🚂 Round 85: Client training...
[ 2026-03-06 13:42:44 | node_35 | INFO ] 🚂 Round 85: Client training...
[ 2026-03-06 13:42:44 | node_43 | INFO ] 📈 Evaluated. Results: {'test_loss': 0.30233117938041687, 'test_acc': 0.9198113083839417, 'test_precision': 0.4355795383453369, 'test_recall': 0.4342597424983978, 'test_f1': 0.4331277012825012, 'communication_cost': 0}
[ 2026-03-06 13:42:44 | node_26 | INFO ] 📈 Evaluated. Results: {'test_loss': 0.10433459281921387, 'test_acc': 0.9748743772506714, 'test_precision': 0.39285317063331604, 'test_recall': 0.38470080494880676, 'test_f1': 0.38865429162979126, 'communication_cost': 0}
[ 2026-03-06 13:42:44 | node_48 | INFO ] 📈 Evaluated. Results: {'test_loss': 0.6094512343406677, 'test_acc': 0.8776978254318237, 'test_precision': 0.2658958435058594, 'test_recall': 0.2944512963294983, 'test_f1': 0.26744920015335083, 'communication_cost': 0}
[ 2026-03-06 13:42:44 | node_38 | INFO ] 📈 Evaluated. Results: {'test_loss': 0.5159206986427307, 'test_acc': 0.9068322777748108, 'test_precision': 0.5321595668792725, 'test_recall': 0.5287838578224182, 'test_f1': 0.5263282656669617, 'communication_cost': 0}
[ 2026-03-06 13:42:44 | node_36 | INFO ] 📈 Evaluated. Results: {'test_loss': 0.3365434408187866, 'test_acc': 0.9471946954727173, 'test_precision': 0.3898540139198303, 'test_recall': 0.3714657425880432, 'test_f1': 0.38016340136528015, 'communication_cost': 0}
[ 2026-03-06 13:42:44 | node_15 | INFO ] 🚂 Round 85: Client training...
[ 2026-03-06 13:42:44 | node_28 | INFO ] 📈 Evaluated. Results: {'test_loss': 0.36580872535705566, 'test_acc': 0.970059871673584, 'test_precision': 0.383026123046875, 'test_recall': 0.38876402378082275, 'test_f1': 0.384485125541687, 'communication_cost': 0}
[ 2026-03-06 13:42:44 | node_33 | INFO ] 🚂 Round 85: Client training...
[ 2026-03-06 13:42:44 | node_14 | INFO ] 🚂 Round 85: Client training...
[ 2026-03-06 13:42:44 | node_43 | INFO ] 🚂 Round 85: Client training...
[ 2026-03-06 13:42:44 | node_26 | INFO ] 🚂 Round 85: Client training...
[ 2026-03-06 13:42:44 | node_38 | INFO ] 🚂 Round 85: Client training...
[ 2026-03-06 13:42:44 | node_48 | INFO ] 🚂 Round 85: Client training...
[ 2026-03-06 13:42:44 | node_36 | INFO ] 🚂 Round 85: Client training...
[ 2026-03-06 13:42:44 | node_28 | INFO ] 🚂 Round 85: Client training...
[ 2026-03-06 13:42:45 | node_49 | INFO ] 📈 Evaluated. Results: {'test_loss': 0.25980421900749207, 'test_acc': 0.9396092295646667, 'test_precision': 0.48215925693511963, 'test_recall': 0.49113255739212036, 'test_f1': 0.48441824316978455, 'communication_cost': 0}
[ 2026-03-06 13:42:45 | node_29 | INFO ] 📈 Evaluated. Results: {'test_loss': 0.6710509061813354, 'test_acc': 0.8510324358940125, 'test_precision': 0.20994441211223602, 'test_recall': 0.1825585663318634, 'test_f1': 0.19506894052028656, 'communication_cost': 0}
[ 2026-03-06 13:42:45 | node_49 | INFO ] 🚂 Round 85: Client training...
[ 2026-03-06 13:42:45 | node_29 | INFO ] 🚂 Round 85: Client training...
[ 2026-03-06 13:42:46 | node | INFO ] ⏳ Round 85: Server waiting for 49 updates.
[ 2026-03-06 13:42:46 | node | INFO ] ♻️ Proactively processing 49 early models for round 85.
[ 2026-03-06 13:42:46 | node | INFO ] 🧩 Model added for round 85 (1/49) from ['node_11']
[ 2026-03-06 13:42:46 | node | INFO ] 🧩 Model added for round 85 (2/49) from ['node_16']
[ 2026-03-06 13:42:46 | node | INFO ] 🧩 Model added for round 85 (3/49) from ['node_20']
[ 2026-03-06 13:42:46 | node | INFO ] 🧩 Model added for round 85 (4/49) from ['node_6']
[ 2026-03-06 13:42:46 | node | INFO ] 🧩 Model added for round 85 (5/49) from ['node_39']
[ 2026-03-06 13:42:46 | node | INFO ] 🧩 Model added for round 85 (6/49) from ['node_32']
[ 2026-03-06 13:42:46 | node | INFO ] 🧩 Model added for round 85 (7/49) from ['node_17']
[ 2026-03-06 13:42:46 | node | INFO ] 🧩 Model added for round 85 (8/49) from ['node_1']
[ 2026-03-06 13:42:46 | node | INFO ] 🧩 Model added for round 85 (9/49) from ['node_46']
[ 2026-03-06 13:42:46 | node | INFO ] 🧩 Model added for round 85 (10/49) from ['node_10']
[ 2026-03-06 13:42:46 | node | INFO ] 🧩 Model added for round 85 (11/49) from ['node_7']
[ 2026-03-06 13:42:46 | node | INFO ] 🧩 Model added for round 85 (12/49) from ['node_13']
[ 2026-03-06 13:42:46 | node | INFO ] 🧩 Model added for round 85 (13/49) from ['node_47']
[ 2026-03-06 13:42:46 | node | INFO ] 🧩 Model added for round 85 (14/49) from ['node_12']
[ 2026-03-06 13:42:46 | node | INFO ] 🧩 Model added for round 85 (15/49) from ['node_9']
[ 2026-03-06 13:42:46 | node | INFO ] 🧩 Model added for round 85 (16/49) from ['node_34']
[ 2026-03-06 13:42:46 | node | INFO ] 🧩 Model added for round 85 (17/49) from ['node_40']
[ 2026-03-06 13:42:46 | node | INFO ] 🧩 Model added for round 85 (18/49) from ['node_21']
[ 2026-03-06 13:42:46 | node | INFO ] 🧩 Model added for round 85 (19/49) from ['node_45']
[ 2026-03-06 13:42:46 | node | INFO ] 🧩 Model added for round 85 (20/49) from ['node_3']
[ 2026-03-06 13:42:46 | node | INFO ] 🧩 Model added for round 85 (21/49) from ['node_42']
[ 2026-03-06 13:42:46 | node | INFO ] 🧩 Model added for round 85 (22/49) from ['node_24']
[ 2026-03-06 13:42:46 | node | INFO ] 🧩 Model added for round 85 (23/49) from ['node_4']
[ 2026-03-06 13:42:46 | node | INFO ] 🧩 Model added for round 85 (24/49) from ['node_23']
[ 2026-03-06 13:42:46 | node | INFO ] 🧩 Model added for round 85 (25/49) from ['node_18']
[ 2026-03-06 13:42:46 | node | INFO ] 🧩 Model added for round 85 (26/49) from ['node_35']
[ 2026-03-06 13:42:46 | node | INFO ] 🧩 Model added for round 85 (27/49) from ['node_41']
[ 2026-03-06 13:42:46 | node | INFO ] 🧩 Model added for round 85 (28/49) from ['node_44']
[ 2026-03-06 13:42:46 | node | INFO ] 🧩 Model added for round 85 (29/49) from ['node_33']
[ 2026-03-06 13:42:46 | node | INFO ] 🧩 Model added for round 85 (30/49) from ['node_30']
[ 2026-03-06 13:42:46 | node | INFO ] 🧩 Model added for round 85 (31/49) from ['node_22']
[ 2026-03-06 13:42:46 | node | INFO ] 🧩 Model added for round 85 (32/49) from ['node_37']
[ 2026-03-06 13:42:46 | node | INFO ] 🧩 Model added for round 85 (33/49) from ['node_48']
[ 2026-03-06 13:42:46 | node | INFO ] 🧩 Model added for round 85 (34/49) from ['node_8']
[ 2026-03-06 13:42:46 | node | INFO ] 🧩 Model added for round 85 (35/49) from ['node_2']
[ 2026-03-06 13:42:46 | node | INFO ] 🧩 Model added for round 85 (36/49) from ['node_25']
[ 2026-03-06 13:42:46 | node | INFO ] 🧩 Model added for round 85 (37/49) from ['node_43']
[ 2026-03-06 13:42:46 | node | INFO ] 🧩 Model added for round 85 (38/49) from ['node_26']
[ 2026-03-06 13:42:46 | node | INFO ] 🧩 Model added for round 85 (39/49) from ['node_38']
[ 2026-03-06 13:42:46 | node | INFO ] 🧩 Model added for round 85 (40/49) from ['node_36']
[ 2026-03-06 13:42:46 | node | INFO ] 🧩 Model added for round 85 (41/49) from ['node_14']
[ 2026-03-06 13:42:46 | node | INFO ] 🧩 Model added for round 85 (42/49) from ['node_19']
[ 2026-03-06 13:42:46 | node | INFO ] 🧩 Model added for round 85 (43/49) from ['node_15']
[ 2026-03-06 13:42:46 | node | INFO ] 🧩 Model added for round 85 (44/49) from ['node_27']
[ 2026-03-06 13:42:46 | node | INFO ] 🧩 Model added for round 85 (45/49) from ['node_28']
[ 2026-03-06 13:42:46 | node | INFO ] 🧩 Model added for round 85 (46/49) from ['node_5']
[ 2026-03-06 13:42:46 | node | INFO ] 🧩 Model added for round 85 (47/49) from ['node_31']
[ 2026-03-06 13:42:46 | node | INFO ] 🧩 Model added for round 85 (48/49) from ['node_49']
[ 2026-03-06 13:42:46 | node | INFO ] 🧩 Model added for round 85 (49/49) from ['node_29']
[ 2026-03-06 13:42:46 | node | INFO ] 🔬 Evaluating...
[ 2026-03-06 13:42:46 | node | INFO ] 📈 Evaluated. Results: {'test_loss': 0.18390034139156342, 'test_acc': 0.9596773982048035, 'test_precision': 0.32104456424713135, 'test_recall': 0.32425448298454285, 'test_f1': 0.32151466608047485, 'communication_cost': 46110666}
[ 2026-03-06 13:42:46 | node_7 | INFO ] 🔬 Evaluating...
[ 2026-03-06 13:42:46 | node_13 | INFO ] 🔬 Evaluating...
[ 2026-03-06 13:42:46 | node_47 | INFO ] 🔬 Evaluating...
[ 2026-03-06 13:42:46 | node_12 | INFO ] 🔬 Evaluating...
[ 2026-03-06 13:42:46 | node_9 | INFO ] 🔬 Evaluating...
[ 2026-03-06 13:42:46 | node_7 | INFO ] 📈 Evaluated. Results: {'test_loss': 0.2780925929546356, 'test_acc': 0.970588207244873, 'test_precision': 0.6254901885986328, 'test_recall': 0.587995171546936, 'test_f1': 0.6054671406745911, 'communication_cost': 0}
[ 2026-03-06 13:42:46 | node_34 | INFO ] 🔬 Evaluating...
[ 2026-03-06 13:42:46 | node_7 | INFO ] 🚂 Round 86: Client training...
[ 2026-03-06 13:42:46 | node_40 | INFO ] 🔬 Evaluating...
[ 2026-03-06 13:42:46 | node_42 | INFO ] 🔬 Evaluating...
[ 2026-03-06 13:42:46 | node_3 | INFO ] 🔬 Evaluating...
[ 2026-03-06 13:42:46 | node_21 | INFO ] 🔬 Evaluating...
[ 2026-03-06 13:42:46 | node_45 | INFO ] 🔬 Evaluating...
[ 2026-03-06 13:42:46 | node_23 | INFO ] 🔬 Evaluating...
[ 2026-03-06 13:42:46 | node_24 | INFO ] 🔬 Evaluating...
[ 2026-03-06 13:42:46 | node_4 | INFO ] 🔬 Evaluating...
[ 2026-03-06 13:42:46 | node_22 | INFO ] 🔬 Evaluating...
[ 2026-03-06 13:42:46 | node_35 | INFO ] 🔬 Evaluating...
[ 2026-03-06 13:42:46 | node_41 | INFO ] 🔬 Evaluating...
[ 2026-03-06 13:42:46 | node_8 | INFO ] 🔬 Evaluating...
[ 2026-03-06 13:42:46 | node_37 | INFO ] 🔬 Evaluating...
[ 2026-03-06 13:42:46 | node_44 | INFO ] 🔬 Evaluating...
[ 2026-03-06 13:42:46 | node_38 | INFO ] 🔬 Evaluating...
[ 2026-03-06 13:42:46 | node_14 | INFO ] 🔬 Evaluating...
[ 2026-03-06 13:42:46 | node_26 | INFO ] 🔬 Evaluating...
[ 2026-03-06 13:42:46 | node_28 | INFO ] 🔬 Evaluating...
[ 2026-03-06 13:42:46 | node_43 | INFO ] 🔬 Evaluating...
[ 2026-03-06 13:42:46 | node_2 | INFO ] 🔬 Evaluating...
[ 2026-03-06 13:42:46 | node_29 | INFO ] 🔬 Evaluating...
[ 2026-03-06 13:42:46 | node_13 | INFO ] 📈 Evaluated. Results: {'test_loss': 0.45553553104400635, 'test_acc': 0.9109947681427002, 'test_precision': 0.2774869203567505, 'test_recall': 0.31494688987731934, 'test_f1': 0.28628623485565186, 'communication_cost': 0}
[ 2026-03-06 13:42:46 | node_48 | INFO ] 🔬 Evaluating...
[ 2026-03-06 13:42:46 | node_27 | INFO ] 🔬 Evaluating...
[ 2026-03-06 13:42:46 | node_30 | INFO ] 🔬 Evaluating...
[ 2026-03-06 13:42:46 | node_25 | INFO ] 🔬 Evaluating...
[ 2026-03-06 13:42:46 | node_18 | INFO ] 🔬 Evaluating...
[ 2026-03-06 13:42:46 | node_19 | INFO ] 🔬 Evaluating...
[ 2026-03-06 13:42:46 | node_49 | INFO ] 🔬 Evaluating...
[ 2026-03-06 13:42:46 | node_36 | INFO ] 🔬 Evaluating...
[ 2026-03-06 13:42:46 | node_15 | INFO ] 🔬 Evaluating...
[ 2026-03-06 13:42:46 | node_5 | INFO ] 🔬 Evaluating...
[ 2026-03-06 13:42:46 | node_31 | INFO ] 🔬 Evaluating...
[ 2026-03-06 13:42:46 | node_33 | INFO ] 🔬 Evaluating...
[ 2026-03-06 13:42:46 | node_12 | INFO ] 📈 Evaluated. Results: {'test_loss': 0.305260568857193, 'test_acc': 0.9230769276618958, 'test_precision': 0.2934923470020294, 'test_recall': 0.30412718653678894, 'test_f1': 0.294399619102478, 'communication_cost': 0}
[ 2026-03-06 13:42:46 | node_6 | INFO ] 🔬 Evaluating...
[ 2026-03-06 13:42:46 | node_11 | INFO ] 🔬 Evaluating...
[ 2026-03-06 13:42:46 | node_39 | INFO ] 🔬 Evaluating...
[ 2026-03-06 13:42:46 | node_1 | INFO ] 🔬 Evaluating...
[ 2026-03-06 13:42:46 | node_17 | INFO ] 🔬 Evaluating...
[ 2026-03-06 13:42:46 | node_32 | INFO ] 🔬 Evaluating...
[ 2026-03-06 13:42:46 | node_16 | INFO ] 🔬 Evaluating...
[ 2026-03-06 13:42:46 | node_46 | INFO ] 🔬 Evaluating...
[ 2026-03-06 13:42:46 | node_13 | INFO ] 🚂 Round 86: Client training...
[ 2026-03-06 13:42:47 | node_47 | INFO ] 📈 Evaluated. Results: {'test_loss': 0.026014255359768867, 'test_acc': 0.9928057789802551, 'test_precision': 0.9841727018356323, 'test_recall': 0.9810072183609009, 'test_f1': 0.9824140667915344, 'communication_cost': 0}
[ 2026-03-06 13:42:47 | node_10 | INFO ] 🔬 Evaluating...
[ 2026-03-06 13:42:47 | node_34 | INFO ] 📈 Evaluated. Results: {'test_loss': 0.4193750023841858, 'test_acc': 0.9490445852279663, 'test_precision': 0.38799020648002625, 'test_recall': 0.37606412172317505, 'test_f1': 0.38139450550079346, 'communication_cost': 0}
[ 2026-03-06 13:42:47 | node_9 | INFO ] 📈 Evaluated. Results: {'test_loss': 0.13673035800457, 'test_acc': 0.9863013625144958, 'test_precision': 0.5194434523582458, 'test_recall': 0.5129541754722595, 'test_f1': 0.5161212682723999, 'communication_cost': 0}
[ 2026-03-06 13:42:47 | node_20 | INFO ] 🔬 Evaluating...
[ 2026-03-06 13:42:47 | node_12 | INFO ] 🚂 Round 86: Client training...
[ 2026-03-06 13:42:47 | node_3 | INFO ] 📈 Evaluated. Results: {'test_loss': 0.015012530609965324, 'test_acc': 1.0, 'test_precision': 1.0, 'test_recall': 1.0, 'test_f1': 1.0, 'communication_cost': 0}
[ 2026-03-06 13:42:47 | node_47 | INFO ] 🚂 Round 86: Client training...
[ 2026-03-06 13:42:47 | node_34 | INFO ] 🚂 Round 86: Client training...
[ 2026-03-06 13:42:47 | node_9 | INFO ] 🚂 Round 86: Client training...
[ 2026-03-06 13:42:47 | node_23 | INFO ] 📈 Evaluated. Results: {'test_loss': 0.21935594081878662, 'test_acc': 0.9514563083648682, 'test_precision': 0.5166666507720947, 'test_recall': 0.6581632494926453, 'test_f1': 0.5650814771652222, 'communication_cost': 0}
[ 2026-03-06 13:42:48 | node_37 | INFO ] 📈 Evaluated. Results: {'test_loss': 0.9079689979553223, 'test_acc': 0.8732394576072693, 'test_precision': 0.6544492244720459, 'test_recall': 0.649404764175415, 'test_f1': 0.6480684280395508, 'communication_cost': 0}
[ 2026-03-06 13:42:48 | node_3 | INFO ] 🚂 Round 86: Client training...
[ 2026-03-06 13:42:48 | node_42 | INFO ] 📈 Evaluated. Results: {'test_loss': 0.0005062517593614757, 'test_acc': 1.0, 'test_precision': 1.0, 'test_recall': 1.0, 'test_f1': 1.0, 'communication_cost': 0}
[ 2026-03-06 13:42:48 | node_23 | INFO ] 🚂 Round 86: Client training...
[ 2026-03-06 13:42:48 | node_44 | INFO ] 📈 Evaluated. Results: {'test_loss': 0.331449031829834, 'test_acc': 0.9433962106704712, 'test_precision': 0.6666666865348816, 'test_recall': 0.6541666984558105, 'test_f1': 0.6601731777191162, 'communication_cost': 0}
[ 2026-03-06 13:42:48 | node_35 | INFO ] 📈 Evaluated. Results: {'test_loss': 0.3949821889400482, 'test_acc': 0.9523809552192688, 'test_precision': 0.5, 'test_recall': 0.48765432834625244, 'test_f1': 0.49367088079452515, 'communication_cost': 0}
[ 2026-03-06 13:42:48 | node_37 | INFO ] 🚂 Round 86: Client training...
[ 2026-03-06 13:42:48 | node_27 | INFO ] 📈 Evaluated. Results: {'test_loss': 1.4650510549545288, 'test_acc': 0.8918918967247009, 'test_precision': 0.4444445073604584, 'test_recall': 0.42720305919647217, 'test_f1': 0.43535351753234863, 'communication_cost': 0}
[ 2026-03-06 13:42:48 | node_45 | INFO ] 📈 Evaluated. Results: {'test_loss': 0.1978120058774948, 'test_acc': 0.942307710647583, 'test_precision': 0.6500000357627869, 'test_recall': 0.7866666316986084, 'test_f1': 0.69786536693573, 'communication_cost': 0}
[ 2026-03-06 13:42:48 | node_30 | INFO ] 📈 Evaluated. Results: {'test_loss': 0.02481113187968731, 'test_acc': 1.0, 'test_precision': 1.0, 'test_recall': 1.0, 'test_f1': 1.0, 'communication_cost': 0}
[ 2026-03-06 13:42:48 | node_24 | INFO ] 📈 Evaluated. Results: {'test_loss': 0.22090347111225128, 'test_acc': 0.9215686321258545, 'test_precision': 0.6060606241226196, 'test_recall': 0.6349206566810608, 'test_f1': 0.6166666746139526, 'communication_cost': 0}
[ 2026-03-06 13:42:48 | node_44 | INFO ] 🚂 Round 86: Client training...
[ 2026-03-06 13:42:48 | node_41 | INFO ] 📈 Evaluated. Results: {'test_loss': 0.21196329593658447, 'test_acc': 0.9636363387107849, 'test_precision': 0.6000000238418579, 'test_recall': 0.6602563858032227, 'test_f1': 0.6217319965362549, 'communication_cost': 0}
[ 2026-03-06 13:42:48 | node_40 | INFO ] 📈 Evaluated. Results: {'test_loss': 0.2708527147769928, 'test_acc': 0.9571428298950195, 'test_precision': 0.3721088767051697, 'test_recall': 0.380732923746109, 'test_f1': 0.36883556842803955, 'communication_cost': 0}
[ 2026-03-06 13:42:48 | node_2 | INFO ] 📈 Evaluated. Results: {'test_loss': 0.07016893476247787, 'test_acc': 0.9882352948188782, 'test_precision': 0.9946808815002441, 'test_recall': 0.9791667461395264, 'test_f1': 0.9864422678947449, 'communication_cost': 0}
[ 2026-03-06 13:42:48 | node_8 | INFO ] 📈 Evaluated. Results: {'test_loss': 0.30285030603408813, 'test_acc': 0.914893627166748, 'test_precision': 0.5972294807434082, 'test_recall': 0.5718556642532349, 'test_f1': 0.5809758901596069, 'communication_cost': 0}
[ 2026-03-06 13:42:48 | node_21 | INFO ] 📈 Evaluated. Results: {'test_loss': 0.2798171639442444, 'test_acc': 0.9567307829856873, 'test_precision': 0.5144485235214233, 'test_recall': 0.5094759464263916, 'test_f1': 0.5117276310920715, 'communication_cost': 0}
[ 2026-03-06 13:42:48 | node_42 | INFO ] 🚂 Round 86: Client training...
[ 2026-03-06 13:42:48 | node_31 | INFO ] 📈 Evaluated. Results: {'test_loss': 0.186448335647583, 'test_acc': 0.9618320465087891, 'test_precision': 0.5697928071022034, 'test_recall': 0.5589083433151245, 'test_f1': 0.5638771057128906, 'communication_cost': 0}
[ 2026-03-06 13:42:48 | node_33 | INFO ] 📈 Evaluated. Results: {'test_loss': 0.6081540584564209, 'test_acc': 0.8500000238418579, 'test_precision': 0.34628573060035706, 'test_recall': 0.3212764859199524, 'test_f1': 0.3327450454235077, 'communication_cost': 0}
[ 2026-03-06 13:42:48 | node_35 | INFO ] 🚂 Round 86: Client training...
[ 2026-03-06 13:42:48 | node_15 | INFO ] 📈 Evaluated. Results: {'test_loss': 0.16005156934261322, 'test_acc': 0.9877551198005676, 'test_precision': 0.6193877458572388, 'test_recall': 0.6142401099205017, 'test_f1': 0.6167954802513123, 'communication_cost': 0}
[ 2026-03-06 13:42:48 | node_32 | INFO ] 📈 Evaluated. Results: {'test_loss': 0.6753643751144409, 'test_acc': 0.9222221970558167, 'test_precision': 0.3888888955116272, 'test_recall': 0.48674243688583374, 'test_f1': 0.4097633361816406, 'communication_cost': 0}
[ 2026-03-06 13:42:48 | node_19 | INFO ] 📈 Evaluated. Results: {'test_loss': 0.463005006313324, 'test_acc': 0.9136690497398376, 'test_precision': 0.6183967590332031, 'test_recall': 0.7413989901542664, 'test_f1': 0.6560086011886597, 'communication_cost': 0}
[ 2026-03-06 13:42:48 | node_38 | INFO ] 📈 Evaluated. Results: {'test_loss': 0.6141406297683716, 'test_acc': 0.888198733329773, 'test_precision': 0.5299511551856995, 'test_recall': 0.5165198445320129, 'test_f1': 0.5183647871017456, 'communication_cost': 0}
[ 2026-03-06 13:42:48 | node_25 | INFO ] 📈 Evaluated. Results: {'test_loss': 0.22498087584972382, 'test_acc': 0.9636363387107849, 'test_precision': 0.4030303359031677, 'test_recall': 0.39612582325935364, 'test_f1': 0.39950960874557495, 'communication_cost': 0}
[ 2026-03-06 13:42:48 | node_27 | INFO ] 🚂 Round 86: Client training...
[ 2026-03-06 13:42:48 | node_11 | INFO ] 📈 Evaluated. Results: {'test_loss': 0.3938196003437042, 'test_acc': 0.9047619104385376, 'test_precision': 0.6477314829826355, 'test_recall': 0.7168420553207397, 'test_f1': 0.6702433824539185, 'communication_cost': 0}
[ 2026-03-06 13:42:48 | node_39 | INFO ] 📈 Evaluated. Results: {'test_loss': 0.13308051228523254, 'test_acc': 0.9684210419654846, 'test_precision': 0.738095223903656, 'test_recall': 0.8369815349578857, 'test_f1': 0.7702671885490417, 'communication_cost': 0}
[ 2026-03-06 13:42:48 | node_1 | INFO ] 📈 Evaluated. Results: {'test_loss': 0.4376261830329895, 'test_acc': 0.949999988079071, 'test_precision': 0.5, 'test_recall': 0.4749999940395355, 'test_f1': 0.4871794581413269, 'communication_cost': 0}
[ 2026-03-06 13:42:48 | node_30 | INFO ] 🚂 Round 86: Client training...
[ 2026-03-06 13:42:48 | node_4 | INFO ] 📈 Evaluated. Results: {'test_loss': 0.11153801530599594, 'test_acc': 0.9790209531784058, 'test_precision': 0.442890465259552, 'test_recall': 0.4347119927406311, 'test_f1': 0.4387354552745819, 'communication_cost': 0}
[ 2026-03-06 13:42:48 | node_45 | INFO ] 🚂 Round 86: Client training...
[ 2026-03-06 13:42:48 | node_22 | INFO ] 📈 Evaluated. Results: {'test_loss': 0.2806250751018524, 'test_acc': 0.9655172228813171, 'test_precision': 0.6000000238418579, 'test_recall': 0.6000000238418579, 'test_f1': 0.6000000238418579, 'communication_cost': 0}
[ 2026-03-06 13:42:48 | node_6 | INFO ] 📈 Evaluated. Results: {'test_loss': 0.3092319369316101, 'test_acc': 0.9230769276618958, 'test_precision': 0.5512820482254028, 'test_recall': 0.7684863209724426, 'test_f1': 0.6095453500747681, 'communication_cost': 0}
[ 2026-03-06 13:42:48 | node_17 | INFO ] 📈 Evaluated. Results: {'test_loss': 0.41843941807746887, 'test_acc': 0.9036144614219666, 'test_precision': 0.5703703761100769, 'test_recall': 0.6433566808700562, 'test_f1': 0.5972124934196472, 'communication_cost': 0}
[ 2026-03-06 13:42:48 | node_36 | INFO ] 📈 Evaluated. Results: {'test_loss': 0.3829805850982666, 'test_acc': 0.9405940771102905, 'test_precision': 0.34691184759140015, 'test_recall': 0.33129680156707764, 'test_f1': 0.3386743664741516, 'communication_cost': 0}
[ 2026-03-06 13:42:48 | node_24 | INFO ] 🚂 Round 86: Client training...
[ 2026-03-06 13:42:48 | node_14 | INFO ] 📈 Evaluated. Results: {'test_loss': 0.2048165202140808, 'test_acc': 0.9647058844566345, 'test_precision': 0.3888235092163086, 'test_recall': 0.38968896865844727, 'test_f1': 0.3882882595062256, 'communication_cost': 0}
[ 2026-03-06 13:42:49 | node_18 | INFO ] 📈 Evaluated. Results: {'test_loss': 0.5136023163795471, 'test_acc': 0.9162161946296692, 'test_precision': 0.3862387239933014, 'test_recall': 0.3735467791557312, 'test_f1': 0.37864866852760315, 'communication_cost': 0}
[ 2026-03-06 13:42:49 | node_40 | INFO ] 🚂 Round 86: Client training...
[ 2026-03-06 13:42:49 | node_48 | INFO ] 📈 Evaluated. Results: {'test_loss': 0.43361443281173706, 'test_acc': 0.9208633303642273, 'test_precision': 0.32565948367118835, 'test_recall': 0.35316964983940125, 'test_f1': 0.3297765851020813, 'communication_cost': 0}
[ 2026-03-06 13:42:49 | node | INFO ] ⏳ Round 86: Server waiting for 49 updates.
[ 2026-03-06 13:42:49 | node | INFO ] ♻️ Proactively processing 1 early models for round 86.
[ 2026-03-06 13:42:49 | node_2 | INFO ] 🚂 Round 86: Client training...
[ 2026-03-06 13:42:49 | node | INFO ] 🧩 Model added for round 86 (1/49) from ['node_7']
[ 2026-03-06 13:42:49 | node_10 | INFO ] 📈 Evaluated. Results: {'test_loss': 0.0015220481436699629, 'test_acc': 1.0, 'test_precision': 1.0, 'test_recall': 1.0, 'test_f1': 1.0, 'communication_cost': 0}
[ 2026-03-06 13:42:49 | node_41 | INFO ] 🚂 Round 86: Client training...
[ 2026-03-06 13:42:49 | node_43 | INFO ] 📈 Evaluated. Results: {'test_loss': 0.34946367144584656, 'test_acc': 0.9103773832321167, 'test_precision': 0.4874213933944702, 'test_recall': 0.4896736443042755, 'test_f1': 0.48513782024383545, 'communication_cost': 0}
[ 2026-03-06 13:42:49 | node_5 | INFO ] 📈 Evaluated. Results: {'test_loss': 0.41877874732017517, 'test_acc': 0.9095022678375244, 'test_precision': 0.5513659119606018, 'test_recall': 0.6028909087181091, 'test_f1': 0.5684331059455872, 'communication_cost': 0}
[ 2026-03-06 13:42:49 | node_8 | INFO ] 🚂 Round 86: Client training...
[ 2026-03-06 13:42:49 | node_21 | INFO ] 🚂 Round 86: Client training...
[ 2026-03-06 13:42:49 | node_16 | INFO ] 📈 Evaluated. Results: {'test_loss': 0.2417527139186859, 'test_acc': 0.9545454382896423, 'test_precision': 0.757735013961792, 'test_recall': 0.7378270626068115, 'test_f1': 0.7472313046455383, 'communication_cost': 0}
[ 2026-03-06 13:42:49 | node_31 | INFO ] 🚂 Round 86: Client training...
[ 2026-03-06 13:42:49 | node_15 | INFO ] 🚂 Round 86: Client training...
[ 2026-03-06 13:42:49 | node_46 | INFO ] 📈 Evaluated. Results: {'test_loss': 0.18890325725078583, 'test_acc': 0.9702380895614624, 'test_precision': 0.5299145579338074, 'test_recall': 0.5234861969947815, 'test_f1': 0.5266488194465637, 'communication_cost': 0}
[ 2026-03-06 13:42:49 | node_33 | INFO ] 🚂 Round 86: Client training...
[ 2026-03-06 13:42:49 | node_26 | INFO ] 📈 Evaluated. Results: {'test_loss': 0.13618668913841248, 'test_acc': 0.9648241400718689, 'test_precision': 0.3571189343929291, 'test_recall': 0.3457103967666626, 'test_f1': 0.35122472047805786, 'communication_cost': 0}
[ 2026-03-06 13:42:49 | node_19 | INFO ] 🚂 Round 86: Client training...
[ 2026-03-06 13:42:49 | node_32 | INFO ] 🚂 Round 86: Client training...
[ 2026-03-06 13:42:49 | node_38 | INFO ] 🚂 Round 86: Client training...
[ 2026-03-06 13:42:49 | node_25 | INFO ] 🚂 Round 86: Client training...
[ 2026-03-06 13:42:49 | node | INFO ] 🧩 Model added for round 86 (2/49) from ['node_13']
[ 2026-03-06 13:42:49 | node_11 | INFO ] 🚂 Round 86: Client training...
[ 2026-03-06 13:42:49 | node_20 | INFO ] 📈 Evaluated. Results: {'test_loss': 0.6452252268791199, 'test_acc': 0.8505747318267822, 'test_precision': 0.3193991482257843, 'test_recall': 0.29670101404190063, 'test_f1': 0.30692386627197266, 'communication_cost': 0}
[ 2026-03-06 13:42:49 | node_29 | INFO ] 📈 Evaluated. Results: {'test_loss': 0.6677656769752502, 'test_acc': 0.8643068075180054, 'test_precision': 0.22043278813362122, 'test_recall': 0.19395816326141357, 'test_f1': 0.20616838335990906, 'communication_cost': 0}
[ 2026-03-06 13:42:49 | node_28 | INFO ] 📈 Evaluated. Results: {'test_loss': 0.3800834119319916, 'test_acc': 0.970059871673584, 'test_precision': 0.38158899545669556, 'test_recall': 0.38876402378082275, 'test_f1': 0.38372260332107544, 'communication_cost': 0}
[ 2026-03-06 13:42:49 | node_39 | INFO ] 🚂 Round 86: Client training...
[ 2026-03-06 13:42:49 | node_1 | INFO ] 🚂 Round 86: Client training...
[ 2026-03-06 13:42:49 | node_4 | INFO ] 🚂 Round 86: Client training...
[ 2026-03-06 13:42:49 | node_22 | INFO ] 🚂 Round 86: Client training...
[ 2026-03-06 13:42:49 | node_6 | INFO ] 🚂 Round 86: Client training...
[ 2026-03-06 13:42:49 | node_17 | INFO ] 🚂 Round 86: Client training...
[ 2026-03-06 13:42:49 | node_36 | INFO ] 🚂 Round 86: Client training...
[ 2026-03-06 13:42:49 | node | INFO ] 🧩 Model added for round 86 (3/49) from ['node_47']
[ 2026-03-06 13:42:49 | node_14 | INFO ] 🚂 Round 86: Client training...
[ 2026-03-06 13:42:49 | node_49 | INFO ] 📈 Evaluated. Results: {'test_loss': 0.2761758863925934, 'test_acc': 0.9307282567024231, 'test_precision': 0.4689905047416687, 'test_recall': 0.46950387954711914, 'test_f1': 0.46698468923568726, 'communication_cost': 0}
[ 2026-03-06 13:42:49 | node_18 | INFO ] 🚂 Round 86: Client training...
[ 2026-03-06 13:42:49 | node_48 | INFO ] 🚂 Round 86: Client training...
[ 2026-03-06 13:42:49 | node_10 | INFO ] 🚂 Round 86: Client training...
[ 2026-03-06 13:42:49 | node_43 | INFO ] 🚂 Round 86: Client training...
[ 2026-03-06 13:42:49 | node_5 | INFO ] 🚂 Round 86: Client training...
[ 2026-03-06 13:42:49 | node_16 | INFO ] 🚂 Round 86: Client training...
[ 2026-03-06 13:42:49 | node_46 | INFO ] 🚂 Round 86: Client training...
[ 2026-03-06 13:42:49 | node_26 | INFO ] 🚂 Round 86: Client training...
[ 2026-03-06 13:42:49 | node_20 | INFO ] 🚂 Round 86: Client training...
[ 2026-03-06 13:42:49 | node | INFO ] 🧩 Model added for round 86 (4/49) from ['node_35']
[ 2026-03-06 13:42:49 | node_29 | INFO ] 🚂 Round 86: Client training...
[ 2026-03-06 13:42:49 | node_28 | INFO ] 🚂 Round 86: Client training...
[ 2026-03-06 13:42:49 | node_49 | INFO ] 🚂 Round 86: Client training...
[ 2026-03-06 13:42:50 | node | INFO ] 🧩 Model added for round 86 (5/49) from ['node_34']
[ 2026-03-06 13:42:50 | node | INFO ] 🧩 Model added for round 86 (6/49) from ['node_9']
[ 2026-03-06 13:42:51 | node | INFO ] 🧩 Model added for round 86 (7/49) from ['node_37']
[ 2026-03-06 13:42:51 | node | INFO ] 🧩 Model added for round 86 (8/49) from ['node_3']
[ 2026-03-06 13:42:51 | node | INFO ] 🧩 Model added for round 86 (9/49) from ['node_41']
[ 2026-03-06 13:42:51 | node | INFO ] 🧩 Model added for round 86 (10/49) from ['node_30']
[ 2026-03-06 13:42:51 | node | INFO ] 🧩 Model added for round 86 (11/49) from ['node_12']
[ 2026-03-06 13:42:51 | node | INFO ] 🧩 Model added for round 86 (12/49) from ['node_42']
[ 2026-03-06 13:42:51 | node | INFO ] 🧩 Model added for round 86 (13/49) from ['node_33']
[ 2026-03-06 13:42:51 | node | INFO ] 🧩 Model added for round 86 (14/49) from ['node_24']
[ 2026-03-06 13:42:51 | node | INFO ] 🧩 Model added for round 86 (15/49) from ['node_45']
[ 2026-03-06 13:42:51 | node | INFO ] 🧩 Model added for round 86 (16/49) from ['node_23']
[ 2026-03-06 13:42:51 | node | INFO ] 🧩 Model added for round 86 (17/49) from ['node_38']
[ 2026-03-06 13:42:51 | node | INFO ] 🧩 Model added for round 86 (18/49) from ['node_1']
[ 2026-03-06 13:42:51 | node | INFO ] 🧩 Model added for round 86 (19/49) from ['node_21']
[ 2026-03-06 13:42:51 | node | INFO ] 🧩 Model added for round 86 (20/49) from ['node_40']
[ 2026-03-06 13:42:51 | node | INFO ] 🧩 Model added for round 86 (21/49) from ['node_4']
[ 2026-03-06 13:42:51 | node | INFO ] 🧩 Model added for round 86 (22/49) from ['node_17']
[ 2026-03-06 13:42:51 | node | INFO ] 🧩 Model added for round 86 (23/49) from ['node_44']
[ 2026-03-06 13:42:51 | node | INFO ] 🧩 Model added for round 86 (24/49) from ['node_8']
[ 2026-03-06 13:42:51 | node | INFO ] 🧩 Model added for round 86 (25/49) from ['node_11']
[ 2026-03-06 13:42:51 | node | INFO ] 🧩 Model added for round 86 (26/49) from ['node_25']
[ 2026-03-06 13:42:51 | node | INFO ] 🧩 Model added for round 86 (27/49) from ['node_2']
[ 2026-03-06 13:42:51 | node | INFO ] 🧩 Model added for round 86 (28/49) from ['node_36']
[ 2026-03-06 13:42:51 | node | INFO ] 🧩 Model added for round 86 (29/49) from ['node_31']
[ 2026-03-06 13:42:51 | node | INFO ] 🧩 Model added for round 86 (30/49) from ['node_48']
[ 2026-03-06 13:42:51 | node | INFO ] 🧩 Model added for round 86 (31/49) from ['node_10']
[ 2026-03-06 13:42:51 | node | INFO ] 🧩 Model added for round 86 (32/49) from ['node_18']
[ 2026-03-06 13:42:51 | node | INFO ] 🧩 Model added for round 86 (33/49) from ['node_19']
[ 2026-03-06 13:42:51 | node | INFO ] 🧩 Model added for round 86 (34/49) from ['node_32']
[ 2026-03-06 13:42:51 | node | INFO ] 🧩 Model added for round 86 (35/49) from ['node_39']
[ 2026-03-06 13:42:51 | node | INFO ] 🧩 Model added for round 86 (36/49) from ['node_22']
[ 2026-03-06 13:42:51 | node | INFO ] 🧩 Model added for round 86 (37/49) from ['node_43']
[ 2026-03-06 13:42:51 | node | INFO ] 🧩 Model added for round 86 (38/49) from ['node_20']
[ 2026-03-06 13:42:51 | node | INFO ] 🧩 Model added for round 86 (39/49) from ['node_28']
[ 2026-03-06 13:42:51 | node | INFO ] 🧩 Model added for round 86 (40/49) from ['node_49']
[ 2026-03-06 13:42:51 | node | INFO ] 🧩 Model added for round 86 (41/49) from ['node_46']
[ 2026-03-06 13:42:51 | node | INFO ] 🧩 Model added for round 86 (42/49) from ['node_6']
[ 2026-03-06 13:42:51 | node | INFO ] 🧩 Model added for round 86 (43/49) from ['node_29']
[ 2026-03-06 13:42:51 | node | INFO ] 🧩 Model added for round 86 (44/49) from ['node_16']
[ 2026-03-06 13:42:51 | node | INFO ] 🧩 Model added for round 86 (45/49) from ['node_27']
[ 2026-03-06 13:42:51 | node | INFO ] 🧩 Model added for round 86 (46/49) from ['node_14']
[ 2026-03-06 13:42:51 | node | INFO ] 🧩 Model added for round 86 (47/49) from ['node_26']
[ 2026-03-06 13:42:51 | node | INFO ] 🧩 Model added for round 86 (48/49) from ['node_5']
[ 2026-03-06 13:42:51 | node | INFO ] 🧩 Model added for round 86 (49/49) from ['node_15']
[ 2026-03-06 13:42:52 | node | INFO ] 🔬 Evaluating...
[ 2026-03-06 13:42:52 | node | INFO ] 📈 Evaluated. Results: {'test_loss': 0.25740548968315125, 'test_acc': 0.9435483813285828, 'test_precision': 0.3236404061317444, 'test_recall': 0.3360564410686493, 'test_f1': 0.3262854814529419, 'communication_cost': 46110666}
[ 2026-03-06 13:42:52 | node_1 | INFO ] 🔬 Evaluating...
[ 2026-03-06 13:42:52 | node_4 | INFO ] 🔬 Evaluating...
[ 2026-03-06 13:42:52 | node_2 | INFO ] 🔬 Evaluating...
[ 2026-03-06 13:42:52 | node_7 | INFO ] 🔬 Evaluating...
[ 2026-03-06 13:42:52 | node_1 | INFO ] 📈 Evaluated. Results: {'test_loss': 0.45048317313194275, 'test_acc': 0.949999988079071, 'test_precision': 0.5, 'test_recall': 0.4749999940395355, 'test_f1': 0.4871794581413269, 'communication_cost': 0}
[ 2026-03-06 13:42:52 | node_1 | INFO ] 🚂 Round 87: Client training...
[ 2026-03-06 13:42:52 | node_6 | INFO ] 🔬 Evaluating...
[ 2026-03-06 13:42:52 | node_14 | INFO ] 🔬 Evaluating...
[ 2026-03-06 13:42:52 | node_5 | INFO ] 🔬 Evaluating...
[ 2026-03-06 13:42:52 | node_15 | INFO ] 🔬 Evaluating...
[ 2026-03-06 13:42:52 | node_2 | INFO ] 📈 Evaluated. Results: {'test_loss': 0.07485482841730118, 'test_acc': 0.9764705896377563, 'test_precision': 0.7956521511077881, 'test_recall': 0.7789855003356934, 'test_f1': 0.7869564890861511, 'communication_cost': 0}
[ 2026-03-06 13:42:52 | node_2 | INFO ] 🚂 Round 87: Client training...
[ 2026-03-06 13:42:52 | node_4 | INFO ] 📈 Evaluated. Results: {'test_loss': 0.11579493433237076, 'test_acc': 0.9790209531784058, 'test_precision': 0.442890465259552, 'test_recall': 0.4347119927406311, 'test_f1': 0.4387354552745819, 'communication_cost': 0}
[ 2026-03-06 13:42:52 | node_4 | INFO ] 🚂 Round 87: Client training...
[ 2026-03-06 13:42:52 | node_7 | INFO ] 📈 Evaluated. Results: {'test_loss': 0.2927957773208618, 'test_acc': 0.970588207244873, 'test_precision': 0.6254901885986328, 'test_recall': 0.587995171546936, 'test_f1': 0.6054671406745911, 'communication_cost': 0}
[ 2026-03-06 13:42:52 | node_7 | INFO ] 🚂 Round 87: Client training...
[ 2026-03-06 13:42:52 | node_6 | INFO ] 📈 Evaluated. Results: {'test_loss': 0.42885375022888184, 'test_acc': 0.8974359035491943, 'test_precision': 0.5179487466812134, 'test_recall': 0.7620347142219543, 'test_f1': 0.5726495981216431, 'communication_cost': 0}
[ 2026-03-06 13:42:52 | node_6 | INFO ] 🚂 Round 87: Client training...
[ 2026-03-06 13:42:52 | node_14 | INFO ] 📈 Evaluated. Results: {'test_loss': 0.19842812418937683, 'test_acc': 0.9647058844566345, 'test_precision': 0.3889355957508087, 'test_recall': 0.3922562599182129, 'test_f1': 0.38954102993011475, 'communication_cost': 0}
[ 2026-03-06 13:42:52 | node_14 | INFO ] 🚂 Round 87: Client training...
[ 2026-03-06 13:42:52 | node_5 | INFO ] 📈 Evaluated. Results: {'test_loss': 0.3305468261241913, 'test_acc': 0.9230769276618958, 'test_precision': 0.5755422711372375, 'test_recall': 0.6330133080482483, 'test_f1': 0.5961326956748962, 'communication_cost': 0}
[ 2026-03-06 13:42:52 | node_15 | INFO ] 📈 Evaluated. Results: {'test_loss': 0.18785332143306732, 'test_acc': 0.9836734533309937, 'test_precision': 0.6193877458572388, 'test_recall': 0.6121993064880371, 'test_f1': 0.6157548427581787, 'communication_cost': 0}
[ 2026-03-06 13:42:52 | node_5 | INFO ] 🚂 Round 87: Client training...
[ 2026-03-06 13:42:52 | node_15 | INFO ] 🚂 Round 87: Client training...
[ 2026-03-06 13:42:52 | node_13 | INFO ] 🔬 Evaluating...
[ 2026-03-06 13:42:52 | node_47 | INFO ] 🔬 Evaluating...
[ 2026-03-06 13:42:52 | node_13 | INFO ] 📈 Evaluated. Results: {'test_loss': 0.426044762134552, 'test_acc': 0.9162303805351257, 'test_precision': 0.3109947741031647, 'test_recall': 0.3595069348812103, 'test_f1': 0.32358184456825256, 'communication_cost': 0}
[ 2026-03-06 13:42:52 | node_13 | INFO ] 🚂 Round 87: Client training...
[ 2026-03-06 13:42:52 | node_47 | INFO ] 📈 Evaluated. Results: {'test_loss': 0.03818126395344734, 'test_acc': 0.9928057789802551, 'test_precision': 0.9841727018356323, 'test_recall': 0.9810072183609009, 'test_f1': 0.9824140667915344, 'communication_cost': 0}
[ 2026-03-06 13:42:52 | node_47 | INFO ] 🚂 Round 87: Client training...
[ 2026-03-06 13:42:52 | node_35 | INFO ] 🔬 Evaluating...
[ 2026-03-06 13:42:52 | node_34 | INFO ] 🔬 Evaluating...
[ 2026-03-06 13:42:52 | node_9 | INFO ] 🔬 Evaluating...
[ 2026-03-06 13:42:52 | node_41 | INFO ] 🔬 Evaluating...
[ 2026-03-06 13:42:52 | node_37 | INFO ] 🔬 Evaluating...
[ 2026-03-06 13:42:52 | node_3 | INFO ] 🔬 Evaluating...
[ 2026-03-06 13:42:52 | node_30 | INFO ] 🔬 Evaluating...
[ 2026-03-06 13:42:52 | node_12 | INFO ] 🔬 Evaluating...
[ 2026-03-06 13:42:52 | node_42 | INFO ] 🔬 Evaluating...
[ 2026-03-06 13:42:52 | node_33 | INFO ] 🔬 Evaluating...
[ 2026-03-06 13:42:52 | node_45 | INFO ] 🔬 Evaluating...
[ 2026-03-06 13:42:52 | node_24 | INFO ] 🔬 Evaluating...
[ 2026-03-06 13:42:52 | node_23 | INFO ] 🔬 Evaluating...
[ 2026-03-06 13:42:52 | node_21 | INFO ] 🔬 Evaluating...
[ 2026-03-06 13:42:52 | node_44 | INFO ] 🔬 Evaluating...
[ 2026-03-06 13:42:52 | node_17 | INFO ] 🔬 Evaluating...
[ 2026-03-06 13:42:52 | node_38 | INFO ] 🔬 Evaluating...
[ 2026-03-06 13:42:52 | node_40 | INFO ] 🔬 Evaluating...
[ 2026-03-06 13:42:52 | node_11 | INFO ] 🔬 Evaluating...
[ 2026-03-06 13:42:52 | node_8 | INFO ] 🔬 Evaluating...
[ 2026-03-06 13:42:52 | node_25 | INFO ] 🔬 Evaluating...
[ 2026-03-06 13:42:52 | node_31 | INFO ] 🔬 Evaluating...
[ 2026-03-06 13:42:52 | node_48 | INFO ] 🔬 Evaluating...
[ 2026-03-06 13:42:52 | node_36 | INFO ] 🔬 Evaluating...
[ 2026-03-06 13:42:52 | node_10 | INFO ] 🔬 Evaluating...
[ 2026-03-06 13:42:52 | node_19 | INFO ] 🔬 Evaluating...
[ 2026-03-06 13:42:52 | node_18 | INFO ] 🔬 Evaluating...
[ 2026-03-06 13:42:52 | node_39 | INFO ] 🔬 Evaluating...
[ 2026-03-06 13:42:52 | node_32 | INFO ] 🔬 Evaluating...
[ 2026-03-06 13:42:52 | node_22 | INFO ] 🔬 Evaluating...
[ 2026-03-06 13:42:52 | node_43 | INFO ] 🔬 Evaluating...
[ 2026-03-06 13:42:52 | node_20 | INFO ] 🔬 Evaluating...
[ 2026-03-06 13:42:52 | node_28 | INFO ] 🔬 Evaluating...
[ 2026-03-06 13:42:52 | node_49 | INFO ] 🔬 Evaluating...
[ 2026-03-06 13:42:52 | node_46 | INFO ] 🔬 Evaluating...
[ 2026-03-06 13:42:52 | node_27 | INFO ] 🔬 Evaluating...
[ 2026-03-06 13:42:52 | node_16 | INFO ] 🔬 Evaluating...
[ 2026-03-06 13:42:52 | node_26 | INFO ] 🔬 Evaluating...
[ 2026-03-06 13:42:52 | node_29 | INFO ] 🔬 Evaluating...
[ 2026-03-06 13:42:52 | node_35 | INFO ] 📈 Evaluated. Results: {'test_loss': 0.42352786660194397, 'test_acc': 0.9404761791229248, 'test_precision': 0.40000003576278687, 'test_recall': 0.38765430450439453, 'test_f1': 0.3936305642127991, 'communication_cost': 0}
[ 2026-03-06 13:42:53 | node_34 | INFO ] 📈 Evaluated. Results: {'test_loss': 0.46567055583000183, 'test_acc': 0.9490445852279663, 'test_precision': 0.44183942675590515, 'test_recall': 0.4284442961215973, 'test_f1': 0.43448877334594727, 'communication_cost': 0}
[ 2026-03-06 13:42:53 | node_37 | INFO ] 📈 Evaluated. Results: {'test_loss': 1.0817151069641113, 'test_acc': 0.8591549396514893, 'test_precision': 0.6445578336715698, 'test_recall': 0.6523809432983398, 'test_f1': 0.642387330532074, 'communication_cost': 0}
[ 2026-03-06 13:42:53 | node_41 | INFO ] 📈 Evaluated. Results: {'test_loss': 0.18728868663311005, 'test_acc': 0.9727272987365723, 'test_precision': 0.7200000286102295, 'test_recall': 0.7942308187484741, 'test_f1': 0.7470731735229492, 'communication_cost': 0}
[ 2026-03-06 13:42:53 | node_3 | INFO ] 📈 Evaluated. Results: {'test_loss': 0.022463327273726463, 'test_acc': 1.0, 'test_precision': 1.0, 'test_recall': 1.0, 'test_f1': 1.0, 'communication_cost': 0}
[ 2026-03-06 13:42:53 | node_30 | INFO ] 📈 Evaluated. Results: {'test_loss': 0.02042454294860363, 'test_acc': 1.0, 'test_precision': 1.0, 'test_recall': 1.0, 'test_f1': 1.0, 'communication_cost': 0}
[ 2026-03-06 13:42:53 | node_9 | INFO ] 📈 Evaluated. Results: {'test_loss': 0.1401028335094452, 'test_acc': 0.9843444228172302, 'test_precision': 0.4985693395137787, 'test_recall': 0.4919170141220093, 'test_f1': 0.49516206979751587, 'communication_cost': 0}
[ 2026-03-06 13:42:53 | node_24 | INFO ] 📈 Evaluated. Results: {'test_loss': 0.17828452587127686, 'test_acc': 0.9411764740943909, 'test_precision': 0.5, 'test_recall': 0.4821428656578064, 'test_f1': 0.49074074625968933, 'communication_cost': 0}
[ 2026-03-06 13:42:53 | node_42 | INFO ] 📈 Evaluated. Results: {'test_loss': 0.00037289949250407517, 'test_acc': 1.0, 'test_precision': 1.0, 'test_recall': 1.0, 'test_f1': 1.0, 'communication_cost': 0}
[ 2026-03-06 13:42:53 | node_45 | INFO ] 📈 Evaluated. Results: {'test_loss': 0.31627529859542847, 'test_acc': 0.8846153616905212, 'test_precision': 0.5555555820465088, 'test_recall': 0.644444465637207, 'test_f1': 0.5714285373687744, 'communication_cost': 0}
[ 2026-03-06 13:42:53 | node_12 | INFO ] 📈 Evaluated. Results: {'test_loss': 0.22766469419002533, 'test_acc': 0.9437869787216187, 'test_precision': 0.30611562728881836, 'test_recall': 0.3198295831680298, 'test_f1': 0.3087154030799866, 'communication_cost': 0}
[ 2026-03-06 13:42:53 | node_17 | INFO ] 📈 Evaluated. Results: {'test_loss': 0.3549383580684662, 'test_acc': 0.9156626462936401, 'test_precision': 0.585185170173645, 'test_recall': 0.6462056636810303, 'test_f1': 0.6087844371795654, 'communication_cost': 0}
[ 2026-03-06 13:42:53 | node_35 | INFO ] 🚂 Round 87: Client training...
[ 2026-03-06 13:42:53 | node_34 | INFO ] 🚂 Round 87: Client training...
[ 2026-03-06 13:42:53 | node_44 | INFO ] 📈 Evaluated. Results: {'test_loss': 0.2931079864501953, 'test_acc': 0.9433962106704712, 'test_precision': 0.6666666865348816, 'test_recall': 0.6541666984558105, 'test_f1': 0.6601731777191162, 'communication_cost': 0}
[ 2026-03-06 13:42:53 | node_23 | INFO ] 📈 Evaluated. Results: {'test_loss': 0.23152779042720795, 'test_acc': 0.9417475461959839, 'test_precision': 0.5166666507720947, 'test_recall': 0.6564626097679138, 'test_f1': 0.5641813278198242, 'communication_cost': 0}
[ 2026-03-06 13:42:53 | node_33 | INFO ] 📈 Evaluated. Results: {'test_loss': 0.4271622598171234, 'test_acc': 0.8899999856948853, 'test_precision': 0.34628573060035706, 'test_recall': 0.3277004659175873, 'test_f1': 0.3364279866218567, 'communication_cost': 0}
[ 2026-03-06 13:42:53 | node_21 | INFO ] 📈 Evaluated. Results: {'test_loss': 0.3288134038448334, 'test_acc': 0.9519230723381042, 'test_precision': 0.5144485235214233, 'test_recall': 0.5081357955932617, 'test_f1': 0.5110146999359131, 'communication_cost': 0}
[ 2026-03-06 13:42:53 | node_11 | INFO ] 📈 Evaluated. Results: {'test_loss': 0.35850587487220764, 'test_acc': 0.9142857193946838, 'test_precision': 0.6591911911964417, 'test_recall': 0.7152632474899292, 'test_f1': 0.6754480004310608, 'communication_cost': 0}
[ 2026-03-06 13:42:53 | node_10 | INFO ] 📈 Evaluated. Results: {'test_loss': 0.003250488080084324, 'test_acc': 1.0, 'test_precision': 1.0, 'test_recall': 1.0, 'test_f1': 1.0, 'communication_cost': 0}
[ 2026-03-06 13:42:53 | node_38 | INFO ] 📈 Evaluated. Results: {'test_loss': 0.5063425302505493, 'test_acc': 0.9192546606063843, 'test_precision': 0.5374768376350403, 'test_recall': 0.5405042171478271, 'test_f1': 0.5351419448852539, 'communication_cost': 0}
[ 2026-03-06 13:42:53 | node_25 | INFO ] 📈 Evaluated. Results: {'test_loss': 0.21238264441490173, 'test_acc': 0.9681817889213562, 'test_precision': 0.4030303359031677, 'test_recall': 0.3968893587589264, 'test_f1': 0.3999084532260895, 'communication_cost': 0}
[ 2026-03-06 13:42:53 | node_37 | INFO ] 🚂 Round 87: Client training...
[ 2026-03-06 13:42:53 | node_36 | INFO ] 📈 Evaluated. Results: {'test_loss': 0.34658026695251465, 'test_acc': 0.9471946954727173, 'test_precision': 0.3997749984264374, 'test_recall': 0.39970195293426514, 'test_f1': 0.3972296416759491, 'communication_cost': 0}
[ 2026-03-06 13:42:53 | node_41 | INFO ] 🚂 Round 87: Client training...
[ 2026-03-06 13:42:53 | node_8 | INFO ] 📈 Evaluated. Results: {'test_loss': 0.23180007934570312, 'test_acc': 0.936170220375061, 'test_precision': 0.608917772769928, 'test_recall': 0.5858471989631653, 'test_f1': 0.5956008434295654, 'communication_cost': 0}
[ 2026-03-06 13:42:53 | node_39 | INFO ] 📈 Evaluated. Results: {'test_loss': 0.163028746843338, 'test_acc': 0.9684210419654846, 'test_precision': 0.738095223903656, 'test_recall': 0.8369815349578857, 'test_f1': 0.7702671885490417, 'communication_cost': 0}
[ 2026-03-06 13:42:53 | node_32 | INFO ] 📈 Evaluated. Results: {'test_loss': 0.8651913404464722, 'test_acc': 0.8666666746139526, 'test_precision': 0.3333333432674408, 'test_recall': 0.40909093618392944, 'test_f1': 0.346689909696579, 'communication_cost': 0}
[ 2026-03-06 13:42:53 | node_3 | INFO ] 🚂 Round 87: Client training...
[ 2026-03-06 13:42:53 | node_31 | INFO ] 📈 Evaluated. Results: {'test_loss': 0.17503905296325684, 'test_acc': 0.9541984796524048, 'test_precision': 0.5348963737487793, 'test_recall': 0.5571414828300476, 'test_f1': 0.543000340461731, 'communication_cost': 0}
[ 2026-03-06 13:42:53 | node_40 | INFO ] 📈 Evaluated. Results: {'test_loss': 0.27273285388946533, 'test_acc': 0.9589285850524902, 'test_precision': 0.45102041959762573, 'test_recall': 0.4552343189716339, 'test_f1': 0.4474655091762543, 'communication_cost': 0}
[ 2026-03-06 13:42:53 | node_22 | INFO ] 📈 Evaluated. Results: {'test_loss': 0.26109665632247925, 'test_acc': 0.9655172228813171, 'test_precision': 0.6000000238418579, 'test_recall': 0.6000000238418579, 'test_f1': 0.6000000238418579, 'communication_cost': 0}
[ 2026-03-06 13:42:53 | node_19 | INFO ] 📈 Evaluated. Results: {'test_loss': 0.5894805192947388, 'test_acc': 0.8992805480957031, 'test_precision': 0.6118191480636597, 'test_recall': 0.7377201914787292, 'test_f1': 0.6480583548545837, 'communication_cost': 0}
[ 2026-03-06 13:42:53 | node_30 | INFO ] 🚂 Round 87: Client training...
[ 2026-03-06 13:42:53 | node_48 | INFO ] 📈 Evaluated. Results: {'test_loss': 0.6166878938674927, 'test_acc': 0.8884891867637634, 'test_precision': 0.2834532558917999, 'test_recall': 0.3120042085647583, 'test_f1': 0.2851463556289673, 'communication_cost': 0}
[ 2026-03-06 13:42:53 | node_9 | INFO ] 🚂 Round 87: Client training...
[ 2026-03-06 13:42:53 | node_46 | INFO ] 📈 Evaluated. Results: {'test_loss': 0.21253304183483124, 'test_acc': 0.9702380895614624, 'test_precision': 0.5299145579338074, 'test_recall': 0.5234861969947815, 'test_f1': 0.5266488194465637, 'communication_cost': 0}
[ 2026-03-06 13:42:53 | node_27 | INFO ] 📈 Evaluated. Results: {'test_loss': 1.327492356300354, 'test_acc': 0.8918918967247009, 'test_precision': 0.4444445073604584, 'test_recall': 0.42720305919647217, 'test_f1': 0.43535351753234863, 'communication_cost': 0}
[ 2026-03-06 13:42:53 | node_24 | INFO ] 🚂 Round 87: Client training...
[ 2026-03-06 13:42:53 | node_45 | INFO ] 🚂 Round 87: Client training...
[ 2026-03-06 13:42:53 | node_18 | INFO ] 📈 Evaluated. Results: {'test_loss': 0.4778733253479004, 'test_acc': 0.9216216206550598, 'test_precision': 0.33709242939949036, 'test_recall': 0.3248424232006073, 'test_f1': 0.32992368936538696, 'communication_cost': 0}
[ 2026-03-06 13:42:53 | node_42 | INFO ] 🚂 Round 87: Client training...
[ 2026-03-06 13:42:53 | node_43 | INFO ] 📈 Evaluated. Results: {'test_loss': 0.3032071590423584, 'test_acc': 0.9245283007621765, 'test_precision': 0.49308180809020996, 'test_recall': 0.49187901616096497, 'test_f1': 0.49068763852119446, 'communication_cost': 0}
[ 2026-03-06 13:42:53 | node_16 | INFO ] 📈 Evaluated. Results: {'test_loss': 0.29008057713508606, 'test_acc': 0.9431818127632141, 'test_precision': 0.7576096057891846, 'test_recall': 0.7343305349349976, 'test_f1': 0.7451265454292297, 'communication_cost': 0}
[ 2026-03-06 13:42:53 | node_20 | INFO ] 📈 Evaluated. Results: {'test_loss': 0.5586870312690735, 'test_acc': 0.8812260627746582, 'test_precision': 0.32990503311157227, 'test_recall': 0.30950888991355896, 'test_f1': 0.3190048038959503, 'communication_cost': 0}
[ 2026-03-06 13:42:53 | node_12 | INFO ] 🚂 Round 87: Client training...
[ 2026-03-06 13:42:53 | node_28 | INFO ] 📈 Evaluated. Results: {'test_loss': 0.38189342617988586, 'test_acc': 0.9680638909339905, 'test_precision': 0.3404446244239807, 'test_recall': 0.345849871635437, 'test_f1': 0.34173402190208435, 'communication_cost': 0}
[ 2026-03-06 13:42:53 | node_17 | INFO ] 🚂 Round 87: Client training...
[ 2026-03-06 13:42:53 | node_44 | INFO ] 🚂 Round 87: Client training...
[ 2026-03-06 13:42:53 | node_23 | INFO ] 🚂 Round 87: Client training...
[ 2026-03-06 13:42:53 | node_33 | INFO ] 🚂 Round 87: Client training...
[ 2026-03-06 13:42:53 | node_49 | INFO ] 📈 Evaluated. Results: {'test_loss': 0.2616809010505676, 'test_acc': 0.9360568523406982, 'test_precision': 0.4821280241012573, 'test_recall': 0.49037134647369385, 'test_f1': 0.4839964210987091, 'communication_cost': 0}
[ 2026-03-06 13:42:53 | node_21 | INFO ] 🚂 Round 87: Client training...
[ 2026-03-06 13:42:53 | node_38 | INFO ] 🚂 Round 87: Client training...
[ 2026-03-06 13:42:53 | node_11 | INFO ] 🚂 Round 87: Client training...
[ 2026-03-06 13:42:53 | node_10 | INFO ] 🚂 Round 87: Client training...
[ 2026-03-06 13:42:53 | node_26 | INFO ] 📈 Evaluated. Results: {'test_loss': 0.10420341044664383, 'test_acc': 0.9731993079185486, 'test_precision': 0.4285873770713806, 'test_recall': 0.41898682713508606, 'test_f1': 0.4236551523208618, 'communication_cost': 0}
[ 2026-03-06 13:42:54 | node_25 | INFO ] 🚂 Round 87: Client training...
[ 2026-03-06 13:42:54 | node_36 | INFO ] 🚂 Round 87: Client training...
[ 2026-03-06 13:42:54 | node_39 | INFO ] 🚂 Round 87: Client training...
[ 2026-03-06 13:42:54 | node_29 | INFO ] 📈 Evaluated. Results: {'test_loss': 0.6809914112091064, 'test_acc': 0.8569321632385254, 'test_precision': 0.22043278813362122, 'test_recall': 0.1917089968919754, 'test_f1': 0.20484894514083862, 'communication_cost': 0}
[ 2026-03-06 13:42:54 | node_8 | INFO ] 🚂 Round 87: Client training...
[ 2026-03-06 13:42:54 | node_32 | INFO ] 🚂 Round 87: Client training...
[ 2026-03-06 13:42:54 | node_31 | INFO ] 🚂 Round 87: Client training...
[ 2026-03-06 13:42:54 | node_40 | INFO ] 🚂 Round 87: Client training...
[ 2026-03-06 13:42:54 | node_22 | INFO ] 🚂 Round 87: Client training...
[ 2026-03-06 13:42:54 | node_19 | INFO ] 🚂 Round 87: Client training...
[ 2026-03-06 13:42:54 | node_48 | INFO ] 🚂 Round 87: Client training...
[ 2026-03-06 13:42:54 | node_46 | INFO ] 🚂 Round 87: Client training...
[ 2026-03-06 13:42:54 | node_27 | INFO ] 🚂 Round 87: Client training...
[ 2026-03-06 13:42:54 | node_18 | INFO ] 🚂 Round 87: Client training...
[ 2026-03-06 13:42:54 | node_43 | INFO ] 🚂 Round 87: Client training...
[ 2026-03-06 13:42:54 | node_16 | INFO ] 🚂 Round 87: Client training...
[ 2026-03-06 13:42:54 | node_20 | INFO ] 🚂 Round 87: Client training...
[ 2026-03-06 13:42:54 | node_28 | INFO ] 🚂 Round 87: Client training...
[ 2026-03-06 13:42:54 | node_49 | INFO ] 🚂 Round 87: Client training...
[ 2026-03-06 13:42:54 | node_26 | INFO ] 🚂 Round 87: Client training...
[ 2026-03-06 13:42:54 | node_29 | INFO ] 🚂 Round 87: Client training...
[ 2026-03-06 13:42:55 | node | INFO ] ⏳ Round 87: Server waiting for 49 updates.
[ 2026-03-06 13:42:55 | node | INFO ] ♻️ Proactively processing 49 early models for round 87.
[ 2026-03-06 13:42:55 | node | INFO ] 🧩 Model added for round 87 (1/49) from ['node_1']
[ 2026-03-06 13:42:55 | node | INFO ] 🧩 Model added for round 87 (2/49) from ['node_7']
[ 2026-03-06 13:42:55 | node | INFO ] 🧩 Model added for round 87 (3/49) from ['node_4']
[ 2026-03-06 13:42:55 | node | INFO ] 🧩 Model added for round 87 (4/49) from ['node_13']
[ 2026-03-06 13:42:55 | node | INFO ] 🧩 Model added for round 87 (5/49) from ['node_2']
[ 2026-03-06 13:42:55 | node | INFO ] 🧩 Model added for round 87 (6/49) from ['node_6']
[ 2026-03-06 13:42:55 | node | INFO ] 🧩 Model added for round 87 (7/49) from ['node_47']
[ 2026-03-06 13:42:55 | node | INFO ] 🧩 Model added for round 87 (8/49) from ['node_5']
[ 2026-03-06 13:42:55 | node | INFO ] 🧩 Model added for round 87 (9/49) from ['node_14']
[ 2026-03-06 13:42:55 | node | INFO ] 🧩 Model added for round 87 (10/49) from ['node_15']
[ 2026-03-06 13:42:55 | node | INFO ] 🧩 Model added for round 87 (11/49) from ['node_35']
[ 2026-03-06 13:42:55 | node | INFO ] 🧩 Model added for round 87 (12/49) from ['node_41']
[ 2026-03-06 13:42:55 | node | INFO ] 🧩 Model added for round 87 (13/49) from ['node_37']
[ 2026-03-06 13:42:55 | node | INFO ] 🧩 Model added for round 87 (14/49) from ['node_34']
[ 2026-03-06 13:42:55 | node | INFO ] 🧩 Model added for round 87 (15/49) from ['node_9']
[ 2026-03-06 13:42:55 | node | INFO ] 🧩 Model added for round 87 (16/49) from ['node_17']
[ 2026-03-06 13:42:55 | node | INFO ] 🧩 Model added for round 87 (17/49) from ['node_30']
[ 2026-03-06 13:42:55 | node | INFO ] 🧩 Model added for round 87 (18/49) from ['node_24']
[ 2026-03-06 13:42:55 | node | INFO ] 🧩 Model added for round 87 (19/49) from ['node_42']
[ 2026-03-06 13:42:55 | node | INFO ] 🧩 Model added for round 87 (20/49) from ['node_10']
[ 2026-03-06 13:42:55 | node | INFO ] 🧩 Model added for round 87 (21/49) from ['node_3']
[ 2026-03-06 13:42:55 | node | INFO ] 🧩 Model added for round 87 (22/49) from ['node_33']
[ 2026-03-06 13:42:55 | node | INFO ] 🧩 Model added for round 87 (23/49) from ['node_38']
[ 2026-03-06 13:42:55 | node | INFO ] 🧩 Model added for round 87 (24/49) from ['node_45']
[ 2026-03-06 13:42:55 | node | INFO ] 🧩 Model added for round 87 (25/49) from ['node_21']
[ 2026-03-06 13:42:55 | node | INFO ] 🧩 Model added for round 87 (26/49) from ['node_11']
[ 2026-03-06 13:42:55 | node | INFO ] 🧩 Model added for round 87 (27/49) from ['node_12']
[ 2026-03-06 13:42:55 | node | INFO ] 🧩 Model added for round 87 (28/49) from ['node_36']
[ 2026-03-06 13:42:55 | node | INFO ] 🧩 Model added for round 87 (29/49) from ['node_23']
[ 2026-03-06 13:42:55 | node | INFO ] 🧩 Model added for round 87 (30/49) from ['node_25']
[ 2026-03-06 13:42:55 | node | INFO ] 🧩 Model added for round 87 (31/49) from ['node_8']
[ 2026-03-06 13:42:55 | node | INFO ] 🧩 Model added for round 87 (32/49) from ['node_31']
[ 2026-03-06 13:42:55 | node | INFO ] 🧩 Model added for round 87 (33/49) from ['node_44']
[ 2026-03-06 13:42:55 | node | INFO ] 🧩 Model added for round 87 (34/49) from ['node_48']
[ 2026-03-06 13:42:55 | node | INFO ] 🧩 Model added for round 87 (35/49) from ['node_20']
[ 2026-03-06 13:42:55 | node | INFO ] 🧩 Model added for round 87 (36/49) from ['node_26']
[ 2026-03-06 13:42:55 | node | INFO ] 🧩 Model added for round 87 (37/49) from ['node_39']
[ 2026-03-06 13:42:55 | node | INFO ] 🧩 Model added for round 87 (38/49) from ['node_32']
[ 2026-03-06 13:42:55 | node | INFO ] 🧩 Model added for round 87 (39/49) from ['node_40']
[ 2026-03-06 13:42:55 | node | INFO ] 🧩 Model added for round 87 (40/49) from ['node_22']
[ 2026-03-06 13:42:55 | node | INFO ] 🧩 Model added for round 87 (41/49) from ['node_18']
[ 2026-03-06 13:42:55 | node | INFO ] 🧩 Model added for round 87 (42/49) from ['node_46']
[ 2026-03-06 13:42:55 | node | INFO ] 🧩 Model added for round 87 (43/49) from ['node_49']
[ 2026-03-06 13:42:55 | node | INFO ] 🧩 Model added for round 87 (44/49) from ['node_16']
[ 2026-03-06 13:42:55 | node | INFO ] 🧩 Model added for round 87 (45/49) from ['node_29']
[ 2026-03-06 13:42:55 | node | INFO ] 🧩 Model added for round 87 (46/49) from ['node_43']
[ 2026-03-06 13:42:55 | node | INFO ] 🧩 Model added for round 87 (47/49) from ['node_19']
[ 2026-03-06 13:42:55 | node | INFO ] 🧩 Model added for round 87 (48/49) from ['node_27']
[ 2026-03-06 13:42:55 | node | INFO ] 🧩 Model added for round 87 (49/49) from ['node_28']
[ 2026-03-06 13:42:55 | node | INFO ] 🔬 Evaluating...
[ 2026-03-06 13:42:55 | node | INFO ] 📈 Evaluated. Results: {'test_loss': 0.19802819192409515, 'test_acc': 0.9637096524238586, 'test_precision': 0.364055335521698, 'test_recall': 0.36760127544403076, 'test_f1': 0.3647007346153259, 'communication_cost': 46110666}
[ 2026-03-06 13:42:55 | node_1 | INFO ] 🔬 Evaluating...
[ 2026-03-06 13:42:55 | node_7 | INFO ] 🔬 Evaluating...
[ 2026-03-06 13:42:55 | node_1 | INFO ] 📈 Evaluated. Results: {'test_loss': 0.43568307161331177, 'test_acc': 0.949999988079071, 'test_precision': 0.5, 'test_recall': 0.4749999940395355, 'test_f1': 0.4871794581413269, 'communication_cost': 0}
[ 2026-03-06 13:42:55 | node_1 | INFO ] 🚂 Round 88: Client training...
[ 2026-03-06 13:42:55 | node_7 | INFO ] 📈 Evaluated. Results: {'test_loss': 0.261860728263855, 'test_acc': 0.9764705896377563, 'test_precision': 0.6666666865348816, 'test_recall': 0.6284146904945374, 'test_f1': 0.6461929082870483, 'communication_cost': 0}
[ 2026-03-06 13:42:55 | node_4 | INFO ] 🔬 Evaluating...
[ 2026-03-06 13:42:55 | node_34 | INFO ] 🔬 Evaluating...
[ 2026-03-06 13:42:55 | node_7 | INFO ] 🚂 Round 88: Client training...
[ 2026-03-06 13:42:55 | node_17 | INFO ] 🔬 Evaluating...
[ 2026-03-06 13:42:55 | node_9 | INFO ] 🔬 Evaluating...
[ 2026-03-06 13:42:55 | node_30 | INFO ] 🔬 Evaluating...
[ 2026-03-06 13:42:55 | node_4 | INFO ] 📈 Evaluated. Results: {'test_loss': 0.11062479764223099, 'test_acc': 0.9790209531784058, 'test_precision': 0.442890465259552, 'test_recall': 0.4347119927406311, 'test_f1': 0.4387354552745819, 'communication_cost': 0}
[ 2026-03-06 13:42:55 | node_24 | INFO ] 🔬 Evaluating...
[ 2026-03-06 13:42:55 | node_42 | INFO ] 🔬 Evaluating...
[ 2026-03-06 13:42:55 | node_10 | INFO ] 🔬 Evaluating...
[ 2026-03-06 13:42:55 | node_3 | INFO ] 🔬 Evaluating...
[ 2026-03-06 13:42:55 | node_33 | INFO ] 🔬 Evaluating...
[ 2026-03-06 13:42:55 | node_13 | INFO ] 🔬 Evaluating...
[ 2026-03-06 13:42:55 | node_45 | INFO ] 🔬 Evaluating...
[ 2026-03-06 13:42:55 | node_6 | INFO ] 🔬 Evaluating...
[ 2026-03-06 13:42:55 | node_38 | INFO ] 🔬 Evaluating...
[ 2026-03-06 13:42:55 | node_2 | INFO ] 🔬 Evaluating...
[ 2026-03-06 13:42:55 | node_17 | INFO ] 📈 Evaluated. Results: {'test_loss': 0.37897318601608276, 'test_acc': 0.9036144614219666, 'test_precision': 0.5703703761100769, 'test_recall': 0.6433566808700562, 'test_f1': 0.5972124934196472, 'communication_cost': 0}
[ 2026-03-06 13:42:55 | node_47 | INFO ] 🔬 Evaluating...
[ 2026-03-06 13:42:55 | node_4 | INFO ] 🚂 Round 88: Client training...
[ 2026-03-06 13:42:55 | node_31 | INFO ] 🔬 Evaluating...
[ 2026-03-06 13:42:55 | node_21 | INFO ] 🔬 Evaluating...
[ 2026-03-06 13:42:55 | node_11 | INFO ] 🔬 Evaluating...
[ 2026-03-06 13:42:55 | node_36 | INFO ] 🔬 Evaluating...
[ 2026-03-06 13:42:55 | node_35 | INFO ] 🔬 Evaluating...
[ 2026-03-06 13:42:55 | node_25 | INFO ] 🔬 Evaluating...
[ 2026-03-06 13:42:55 | node_29 | INFO ] 🔬 Evaluating...
[ 2026-03-06 13:42:55 | node_48 | INFO ] 🔬 Evaluating...
[ 2026-03-06 13:42:55 | node_20 | INFO ] 🔬 Evaluating...
[ 2026-03-06 13:42:55 | node_16 | INFO ] 🔬 Evaluating...
[ 2026-03-06 13:42:55 | node_46 | INFO ] 🔬 Evaluating...
[ 2026-03-06 13:42:55 | node_23 | INFO ] 🔬 Evaluating...
[ 2026-03-06 13:42:55 | node_26 | INFO ] 🔬 Evaluating...
[ 2026-03-06 13:42:55 | node_27 | INFO ] 🔬 Evaluating...
[ 2026-03-06 13:42:55 | node_43 | INFO ] 🔬 Evaluating...
[ 2026-03-06 13:42:55 | node_30 | INFO ] 📈 Evaluated. Results: {'test_loss': 0.014910380356013775, 'test_acc': 1.0, 'test_precision': 1.0, 'test_recall': 1.0, 'test_f1': 1.0, 'communication_cost': 0}
[ 2026-03-06 13:42:55 | node_22 | INFO ] 🔬 Evaluating...
[ 2026-03-06 13:42:55 | node_28 | INFO ] 🔬 Evaluating...
[ 2026-03-06 13:42:55 | node_44 | INFO ] 🔬 Evaluating...
[ 2026-03-06 13:42:55 | node_8 | INFO ] 🔬 Evaluating...
[ 2026-03-06 13:42:55 | node_32 | INFO ] 🔬 Evaluating...
[ 2026-03-06 13:42:55 | node_34 | INFO ] 📈 Evaluated. Results: {'test_loss': 0.4802001714706421, 'test_acc': 0.9363057613372803, 'test_precision': 0.44183942675590515, 'test_recall': 0.424037367105484, 'test_f1': 0.4321284294128418, 'communication_cost': 0}
[ 2026-03-06 13:42:55 | node_19 | INFO ] 🔬 Evaluating...
[ 2026-03-06 13:42:55 | node_49 | INFO ] 🔬 Evaluating...
[ 2026-03-06 13:42:55 | node_14 | INFO ] 🔬 Evaluating...
[ 2026-03-06 13:42:55 | node_39 | INFO ] 🔬 Evaluating...
[ 2026-03-06 13:42:55 | node_18 | INFO ] 🔬 Evaluating...
[ 2026-03-06 13:42:55 | node_40 | INFO ] 🔬 Evaluating...
[ 2026-03-06 13:42:55 | node_9 | INFO ] 📈 Evaluated. Results: {'test_loss': 0.13746649026870728, 'test_acc': 0.9863013625144958, 'test_precision': 0.5194434523582458, 'test_recall': 0.5129541754722595, 'test_f1': 0.5161212682723999, 'communication_cost': 0}
[ 2026-03-06 13:42:55 | node_12 | INFO ] 🔬 Evaluating...
[ 2026-03-06 13:42:55 | node_5 | INFO ] 🔬 Evaluating...
[ 2026-03-06 13:42:55 | node_24 | INFO ] 📈 Evaluated. Results: {'test_loss': 0.18702520430088043, 'test_acc': 0.9607843160629272, 'test_precision': 0.6666666865348816, 'test_recall': 0.6507936120033264, 'test_f1': 0.6585366725921631, 'communication_cost': 0}
[ 2026-03-06 13:42:55 | node_42 | INFO ] 📈 Evaluated. Results: {'test_loss': 0.0004218769900035113, 'test_acc': 1.0, 'test_precision': 1.0, 'test_recall': 1.0, 'test_f1': 1.0, 'communication_cost': 0}
[ 2026-03-06 13:42:55 | node_15 | INFO ] 🔬 Evaluating...
[ 2026-03-06 13:42:55 | node_31 | INFO ] 📈 Evaluated. Results: {'test_loss': 0.1616305559873581, 'test_acc': 0.9541984796524048, 'test_precision': 0.5348963737487793, 'test_recall': 0.5571414828300476, 'test_f1': 0.543000340461731, 'communication_cost': 0}
[ 2026-03-06 13:42:55 | node_41 | INFO ] 🔬 Evaluating...
[ 2026-03-06 13:42:55 | node_3 | INFO ] 📈 Evaluated. Results: {'test_loss': 0.015193946659564972, 'test_acc': 1.0, 'test_precision': 1.0, 'test_recall': 1.0, 'test_f1': 1.0, 'communication_cost': 0}
[ 2026-03-06 13:42:55 | node_37 | INFO ] 🔬 Evaluating...
[ 2026-03-06 13:42:55 | node_17 | INFO ] 🚂 Round 88: Client training...
[ 2026-03-06 13:42:55 | node_9 | INFO ] 🚂 Round 88: Client training...
[ 2026-03-06 13:42:56 | node_30 | INFO ] 🚂 Round 88: Client training...
[ 2026-03-06 13:42:56 | node_34 | INFO ] 🚂 Round 88: Client training...
[ 2026-03-06 13:42:56 | node_43 | INFO ] 📈 Evaluated. Results: {'test_loss': 0.3216856122016907, 'test_acc': 0.9245283007621765, 'test_precision': 0.4899942874908447, 'test_recall': 0.49187901616096497, 'test_f1': 0.48846787214279175, 'communication_cost': 0}
[ 2026-03-06 13:42:56 | node_13 | INFO ] 📈 Evaluated. Results: {'test_loss': 0.5136233568191528, 'test_acc': 0.8952879309654236, 'test_precision': 0.25355273485183716, 'test_recall': 0.28119176626205444, 'test_f1': 0.2585364580154419, 'communication_cost': 0}
[ 2026-03-06 13:42:56 | node_24 | INFO ] 🚂 Round 88: Client training...
[ 2026-03-06 13:42:56 | node_42 | INFO ] 🚂 Round 88: Client training...
[ 2026-03-06 13:42:56 | node_31 | INFO ] 🚂 Round 88: Client training...
[ 2026-03-06 13:42:56 | node_3 | INFO ] 🚂 Round 88: Client training...
[ 2026-03-06 13:42:56 | node_43 | INFO ] 🚂 Round 88: Client training...
[ 2026-03-06 13:42:56 | node_13 | INFO ] 🚂 Round 88: Client training...
[ 2026-03-06 13:42:56 | node_32 | INFO ] 📈 Evaluated. Results: {'test_loss': 0.7105602622032166, 'test_acc': 0.9111111164093018, 'test_precision': 0.3333333432674408, 'test_recall': 0.4155844449996948, 'test_f1': 0.3503401577472687, 'communication_cost': 0}
[ 2026-03-06 13:42:57 | node_32 | INFO ] 🚂 Round 88: Client training...
[ 2026-03-06 13:42:57 | node_48 | INFO ] 📈 Evaluated. Results: {'test_loss': 0.4716339707374573, 'test_acc': 0.9064748287200928, 'test_precision': 0.2964988052845001, 'test_recall': 0.3289661705493927, 'test_f1': 0.298403799533844, 'communication_cost': 0}
[ 2026-03-06 13:42:57 | node_48 | INFO ] 🚂 Round 88: Client training...
[ 2026-03-06 13:42:57 | node_22 | INFO ] 📈 Evaluated. Results: {'test_loss': 0.3057034909725189, 'test_acc': 0.9655172228813171, 'test_precision': 0.6000000238418579, 'test_recall': 0.6000000238418579, 'test_f1': 0.6000000238418579, 'communication_cost': 0}
[ 2026-03-06 13:42:57 | node_22 | INFO ] 🚂 Round 88: Client training...
[ 2026-03-06 13:42:57 | node_21 | INFO ] 📈 Evaluated. Results: {'test_loss': 0.3152611553668976, 'test_acc': 0.942307710647583, 'test_precision': 0.45665448904037476, 'test_recall': 0.448452353477478, 'test_f1': 0.4522542953491211, 'communication_cost': 0}
[ 2026-03-06 13:42:57 | node_21 | INFO ] 🚂 Round 88: Client training...
[ 2026-03-06 13:42:57 | node_39 | INFO ] 📈 Evaluated. Results: {'test_loss': 0.14584824442863464, 'test_acc': 0.9684210419654846, 'test_precision': 0.738095223903656, 'test_recall': 0.8369815349578857, 'test_f1': 0.7702671885490417, 'communication_cost': 0}
[ 2026-03-06 13:42:57 | node_6 | INFO ] 📈 Evaluated. Results: {'test_loss': 0.33829665184020996, 'test_acc': 0.9102563858032227, 'test_precision': 0.5312820672988892, 'test_recall': 0.7652605175971985, 'test_f1': 0.5887316465377808, 'communication_cost': 0}
[ 2026-03-06 13:42:57 | node_35 | INFO ] 📈 Evaluated. Results: {'test_loss': 0.42662715911865234, 'test_acc': 0.9523809552192688, 'test_precision': 0.5, 'test_recall': 0.48765432834625244, 'test_f1': 0.49367088079452515, 'communication_cost': 0}
[ 2026-03-06 13:42:57 | node_10 | INFO ] 📈 Evaluated. Results: {'test_loss': 0.001292540575377643, 'test_acc': 1.0, 'test_precision': 1.0, 'test_recall': 1.0, 'test_f1': 1.0, 'communication_cost': 0}
[ 2026-03-06 13:42:57 | node_2 | INFO ] 📈 Evaluated. Results: {'test_loss': 0.07441078126430511, 'test_acc': 0.9882352948188782, 'test_precision': 0.9946808815002441, 'test_recall': 0.9791667461395264, 'test_f1': 0.9864422678947449, 'communication_cost': 0}
[ 2026-03-06 13:42:57 | node_45 | INFO ] 📈 Evaluated. Results: {'test_loss': 0.18422181904315948, 'test_acc': 0.9230769276618958, 'test_precision': 0.5416666865348816, 'test_recall': 0.6518518924713135, 'test_f1': 0.5795496702194214, 'communication_cost': 0}
[ 2026-03-06 13:42:57 | node_41 | INFO ] 📈 Evaluated. Results: {'test_loss': 0.22156193852424622, 'test_acc': 0.9636363387107849, 'test_precision': 0.6000000238418579, 'test_recall': 0.6602563858032227, 'test_f1': 0.6217319965362549, 'communication_cost': 0}
[ 2026-03-06 13:42:57 | node_27 | INFO ] 📈 Evaluated. Results: {'test_loss': 1.497413992881775, 'test_acc': 0.8918918967247009, 'test_precision': 0.4444445073604584, 'test_recall': 0.42720305919647217, 'test_f1': 0.43535351753234863, 'communication_cost': 0}
[ 2026-03-06 13:42:57 | node_11 | INFO ] 📈 Evaluated. Results: {'test_loss': 0.37500444054603577, 'test_acc': 0.9142857193946838, 'test_precision': 0.7164449095726013, 'test_recall': 0.7193421125411987, 'test_f1': 0.716393768787384, 'communication_cost': 0}
[ 2026-03-06 13:42:57 | node_44 | INFO ] 📈 Evaluated. Results: {'test_loss': 0.27903634309768677, 'test_acc': 0.9433962106704712, 'test_precision': 0.6666666865348816, 'test_recall': 0.6541666984558105, 'test_f1': 0.6601731777191162, 'communication_cost': 0}
[ 2026-03-06 13:42:57 | node_23 | INFO ] 📈 Evaluated. Results: {'test_loss': 0.19524680078029633, 'test_acc': 0.9320388436317444, 'test_precision': 0.4508448839187622, 'test_recall': 0.5150631666183472, 'test_f1': 0.47095489501953125, 'communication_cost': 0}
[ 2026-03-06 13:42:57 | node_39 | INFO ] 🚂 Round 88: Client training...
[ 2026-03-06 13:42:57 | node_35 | INFO ] 🚂 Round 88: Client training...
[ 2026-03-06 13:42:57 | node_6 | INFO ] 🚂 Round 88: Client training...
[ 2026-03-06 13:42:57 | node_8 | INFO ] 📈 Evaluated. Results: {'test_loss': 0.2875315248966217, 'test_acc': 0.9290780425071716, 'test_precision': 0.5227738618850708, 'test_recall': 0.4998244047164917, 'test_f1': 0.5094712972640991, 'communication_cost': 0}
[ 2026-03-06 13:42:58 | node_26 | INFO ] 📈 Evaluated. Results: {'test_loss': 0.13520587980747223, 'test_acc': 0.9648241400718689, 'test_precision': 0.39285317063331604, 'test_recall': 0.381165474653244, 'test_f1': 0.3868143558502197, 'communication_cost': 0}
[ 2026-03-06 13:42:58 | node_47 | INFO ] 📈 Evaluated. Results: {'test_loss': 0.030064616352319717, 'test_acc': 0.9928057789802551, 'test_precision': 0.9841727018356323, 'test_recall': 0.9810072183609009, 'test_f1': 0.9824140667915344, 'communication_cost': 0}
[ 2026-03-06 13:42:58 | node_2 | INFO ] 🚂 Round 88: Client training...
[ 2026-03-06 13:42:58 | node_15 | INFO ] 📈 Evaluated. Results: {'test_loss': 0.16797181963920593, 'test_acc': 0.9877551198005676, 'test_precision': 0.6193877458572388, 'test_recall': 0.6142401099205017, 'test_f1': 0.6167954802513123, 'communication_cost': 0}
[ 2026-03-06 13:42:58 | node_33 | INFO ] 📈 Evaluated. Results: {'test_loss': 0.5794637203216553, 'test_acc': 0.8600000143051147, 'test_precision': 0.34628573060035706, 'test_recall': 0.3230138421058655, 'test_f1': 0.33375728130340576, 'communication_cost': 0}
[ 2026-03-06 13:42:58 | node_37 | INFO ] 📈 Evaluated. Results: {'test_loss': 0.9743639230728149, 'test_acc': 0.8732394576072693, 'test_precision': 0.6542981266975403, 'test_recall': 0.656845211982727, 'test_f1': 0.6508175134658813, 'communication_cost': 0}
[ 2026-03-06 13:42:58 | node_45 | INFO ] 🚂 Round 88: Client training...
[ 2026-03-06 13:42:58 | node_10 | INFO ] 🚂 Round 88: Client training...
[ 2026-03-06 13:42:58 | node_27 | INFO ] 🚂 Round 88: Client training...
[ 2026-03-06 13:42:58 | node_41 | INFO ] 🚂 Round 88: Client training...
[ 2026-03-06 13:42:58 | node_11 | INFO ] 🚂 Round 88: Client training...
[ 2026-03-06 13:42:58 | node_19 | INFO ] 📈 Evaluated. Results: {'test_loss': 0.4885358214378357, 'test_acc': 0.9280575513839722, 'test_precision': 0.6667352318763733, 'test_recall': 0.7884013652801514, 'test_f1': 0.7062027454376221, 'communication_cost': 0}
[ 2026-03-06 13:42:58 | node_18 | INFO ] 📈 Evaluated. Results: {'test_loss': 0.532305121421814, 'test_acc': 0.9162161946296692, 'test_precision': 0.3643929958343506, 'test_recall': 0.3493553400039673, 'test_f1': 0.35580065846443176, 'communication_cost': 0}
[ 2026-03-06 13:42:58 | node_25 | INFO ] 📈 Evaluated. Results: {'test_loss': 0.21384240686893463, 'test_acc': 0.9636363387107849, 'test_precision': 0.36818182468414307, 'test_recall': 0.3957277536392212, 'test_f1': 0.37840208411216736, 'communication_cost': 0}
[ 2026-03-06 13:42:58 | node_46 | INFO ] 📈 Evaluated. Results: {'test_loss': 0.22306182980537415, 'test_acc': 0.9702380895614624, 'test_precision': 0.5889133214950562, 'test_recall': 0.597004234790802, 'test_f1': 0.5925010442733765, 'communication_cost': 0}
[ 2026-03-06 13:42:58 | node_16 | INFO ] 📈 Evaluated. Results: {'test_loss': 0.2565435469150543, 'test_acc': 0.9545454382896423, 'test_precision': 0.757735013961792, 'test_recall': 0.7378270626068115, 'test_f1': 0.7472313046455383, 'communication_cost': 0}
[ 2026-03-06 13:42:58 | node_44 | INFO ] 🚂 Round 88: Client training...
[ 2026-03-06 13:42:58 | node_5 | INFO ] 📈 Evaluated. Results: {'test_loss': 0.35630959272384644, 'test_acc': 0.9411764740943909, 'test_precision': 0.6316365599632263, 'test_recall': 0.6860478520393372, 'test_f1': 0.6520504951477051, 'communication_cost': 0}
[ 2026-03-06 13:42:58 | node_38 | INFO ] 📈 Evaluated. Results: {'test_loss': 0.59298175573349, 'test_acc': 0.888198733329773, 'test_precision': 0.5299511551856995, 'test_recall': 0.5165198445320129, 'test_f1': 0.5183647871017456, 'communication_cost': 0}
[ 2026-03-06 13:42:58 | node_36 | INFO ] 📈 Evaluated. Results: {'test_loss': 0.3749120235443115, 'test_acc': 0.9405940771102905, 'test_precision': 0.3820982277393341, 'test_recall': 0.36584895849227905, 'test_f1': 0.37353742122650146, 'communication_cost': 0}
[ 2026-03-06 13:42:58 | node_23 | INFO ] 🚂 Round 88: Client training...
[ 2026-03-06 13:42:58 | node_14 | INFO ] 📈 Evaluated. Results: {'test_loss': 0.2178974449634552, 'test_acc': 0.9647058844566345, 'test_precision': 0.3888235092163086, 'test_recall': 0.38968896865844727, 'test_f1': 0.3882882595062256, 'communication_cost': 0}
[ 2026-03-06 13:42:58 | node_12 | INFO ] 📈 Evaluated. Results: {'test_loss': 0.3071694076061249, 'test_acc': 0.9289940595626831, 'test_precision': 0.2934923470020294, 'test_recall': 0.30521929264068604, 'test_f1': 0.2950013279914856, 'communication_cost': 0}
[ 2026-03-06 13:42:58 | node_8 | INFO ] 🚂 Round 88: Client training...
[ 2026-03-06 13:42:58 | node_26 | INFO ] 🚂 Round 88: Client training...
[ 2026-03-06 13:42:58 | node_47 | INFO ] 🚂 Round 88: Client training...
[ 2026-03-06 13:42:58 | node_15 | INFO ] 🚂 Round 88: Client training...
[ 2026-03-06 13:42:58 | node_20 | INFO ] 📈 Evaluated. Results: {'test_loss': 0.6003209352493286, 'test_acc': 0.8735632300376892, 'test_precision': 0.3308219909667969, 'test_recall': 0.3084142208099365, 'test_f1': 0.3187156319618225, 'communication_cost': 0}
[ 2026-03-06 13:42:58 | node_37 | INFO ] 🚂 Round 88: Client training...
[ 2026-03-06 13:42:58 | node_33 | INFO ] 🚂 Round 88: Client training...
[ 2026-03-06 13:42:58 | node_19 | INFO ] 🚂 Round 88: Client training...
[ 2026-03-06 13:42:58 | node_18 | INFO ] 🚂 Round 88: Client training...
[ 2026-03-06 13:42:58 | node_46 | INFO ] 🚂 Round 88: Client training...
[ 2026-03-06 13:42:58 | node_28 | INFO ] 📈 Evaluated. Results: {'test_loss': 0.36478084325790405, 'test_acc': 0.970059871673584, 'test_precision': 0.38158899545669556, 'test_recall': 0.38876402378082275, 'test_f1': 0.38372260332107544, 'communication_cost': 0}
[ 2026-03-06 13:42:58 | node_16 | INFO ] 🚂 Round 88: Client training...
[ 2026-03-06 13:42:58 | node_25 | INFO ] 🚂 Round 88: Client training...
[ 2026-03-06 13:42:58 | node_5 | INFO ] 🚂 Round 88: Client training...
[ 2026-03-06 13:42:58 | node_36 | INFO ] 🚂 Round 88: Client training...
[ 2026-03-06 13:42:58 | node_49 | INFO ] 📈 Evaluated. Results: {'test_loss': 0.2673441767692566, 'test_acc': 0.932504415512085, 'test_precision': 0.4689905047416687, 'test_recall': 0.46972590684890747, 'test_f1': 0.4671257436275482, 'communication_cost': 0}
[ 2026-03-06 13:42:58 | node_29 | INFO ] 📈 Evaluated. Results: {'test_loss': 0.6388725638389587, 'test_acc': 0.8672566413879395, 'test_precision': 0.2155822515487671, 'test_recall': 0.19059798121452332, 'test_f1': 0.20218035578727722, 'communication_cost': 0}
[ 2026-03-06 13:42:58 | node_38 | INFO ] 🚂 Round 88: Client training...
[ 2026-03-06 13:42:58 | node_14 | INFO ] 🚂 Round 88: Client training...
[ 2026-03-06 13:42:58 | node_12 | INFO ] 🚂 Round 88: Client training...
[ 2026-03-06 13:42:58 | node_20 | INFO ] 🚂 Round 88: Client training...
[ 2026-03-06 13:42:58 | node_40 | INFO ] 📈 Evaluated. Results: {'test_loss': 0.2732088565826416, 'test_acc': 0.9571428298950195, 'test_precision': 0.41292518377304077, 'test_recall': 0.417734295129776, 'test_f1': 0.4096665680408478, 'communication_cost': 0}
[ 2026-03-06 13:42:58 | node_28 | INFO ] 🚂 Round 88: Client training...
[ 2026-03-06 13:42:59 | node_29 | INFO ] 🚂 Round 88: Client training...
[ 2026-03-06 13:42:59 | node_49 | INFO ] 🚂 Round 88: Client training...
[ 2026-03-06 13:42:59 | node_40 | INFO ] 🚂 Round 88: Client training...
[ 2026-03-06 13:42:59 | node | INFO ] ⏳ Round 88: Server waiting for 49 updates.
[ 2026-03-06 13:42:59 | node | INFO ] ♻️ Proactively processing 48 early models for round 88.
[ 2026-03-06 13:42:59 | node | INFO ] 🧩 Model added for round 88 (1/49) from ['node_1']
[ 2026-03-06 13:42:59 | node | INFO ] 🧩 Model added for round 88 (2/49) from ['node_7']
[ 2026-03-06 13:42:59 | node | INFO ] 🧩 Model added for round 88 (3/49) from ['node_4']
[ 2026-03-06 13:42:59 | node | INFO ] 🧩 Model added for round 88 (4/49) from ['node_17']
[ 2026-03-06 13:42:59 | node | INFO ] 🧩 Model added for round 88 (5/49) from ['node_30']
[ 2026-03-06 13:42:59 | node | INFO ] 🧩 Model added for round 88 (6/49) from ['node_9']
[ 2026-03-06 13:42:59 | node | INFO ] 🧩 Model added for round 88 (7/49) from ['node_24']
[ 2026-03-06 13:42:59 | node | INFO ] 🧩 Model added for round 88 (8/49) from ['node_34']
[ 2026-03-06 13:42:59 | node | INFO ] 🧩 Model added for round 88 (9/49) from ['node_13']
[ 2026-03-06 13:42:59 | node | INFO ] 🧩 Model added for round 88 (10/49) from ['node_48']
[ 2026-03-06 13:42:59 | node | INFO ] 🧩 Model added for round 88 (11/49) from ['node_10']
[ 2026-03-06 13:42:59 | node | INFO ] 🧩 Model added for round 88 (12/49) from ['node_42']
[ 2026-03-06 13:42:59 | node | INFO ] 🧩 Model added for round 88 (13/49) from ['node_3']
[ 2026-03-06 13:42:59 | node | INFO ] 🧩 Model added for round 88 (14/49) from ['node_35']
[ 2026-03-06 13:42:59 | node | INFO ] 🧩 Model added for round 88 (15/49) from ['node_22']
[ 2026-03-06 13:42:59 | node | INFO ] 🧩 Model added for round 88 (16/49) from ['node_43']
[ 2026-03-06 13:42:59 | node | INFO ] 🧩 Model added for round 88 (17/49) from ['node_21']
[ 2026-03-06 13:42:59 | node | INFO ] 🧩 Model added for round 88 (18/49) from ['node_31']
[ 2026-03-06 13:42:59 | node | INFO ] 🧩 Model added for round 88 (19/49) from ['node_41']
[ 2026-03-06 13:42:59 | node | INFO ] 🧩 Model added for round 88 (20/49) from ['node_11']
[ 2026-03-06 13:42:59 | node | INFO ] 🧩 Model added for round 88 (21/49) from ['node_26']
[ 2026-03-06 13:42:59 | node | INFO ] 🧩 Model added for round 88 (22/49) from ['node_33']
[ 2026-03-06 13:42:59 | node | INFO ] 🧩 Model added for round 88 (23/49) from ['node_32']
[ 2026-03-06 13:42:59 | node | INFO ] 🧩 Model added for round 88 (24/49) from ['node_45']
[ 2026-03-06 13:42:59 | node | INFO ] 🧩 Model added for round 88 (25/49) from ['node_47']
[ 2026-03-06 13:42:59 | node | INFO ] 🧩 Model added for round 88 (26/49) from ['node_39']
[ 2026-03-06 13:42:59 | node | INFO ] 🧩 Model added for round 88 (27/49) from ['node_8']
[ 2026-03-06 13:42:59 | node | INFO ] 🧩 Model added for round 88 (28/49) from ['node_6']
[ 2026-03-06 13:42:59 | node | INFO ] 🧩 Model added for round 88 (29/49) from ['node_46']
[ 2026-03-06 13:42:59 | node | INFO ] 🧩 Model added for round 88 (30/49) from ['node_18']
[ 2026-03-06 13:42:59 | node | INFO ] 🧩 Model added for round 88 (31/49) from ['node_37']
[ 2026-03-06 13:42:59 | node | INFO ] 🧩 Model added for round 88 (32/49) from ['node_23']
[ 2026-03-06 13:42:59 | node | INFO ] 🧩 Model added for round 88 (33/49) from ['node_2']
[ 2026-03-06 13:42:59 | node | INFO ] 🧩 Model added for round 88 (34/49) from ['node_44']
[ 2026-03-06 13:42:59 | node | INFO ] 🧩 Model added for round 88 (35/49) from ['node_27']
[ 2026-03-06 13:42:59 | node | INFO ] 🧩 Model added for round 88 (36/49) from ['node_20']
[ 2026-03-06 13:42:59 | node | INFO ] 🧩 Model added for round 88 (37/49) from ['node_16']
[ 2026-03-06 13:42:59 | node | INFO ] 🧩 Model added for round 88 (38/49) from ['node_38']
[ 2026-03-06 13:42:59 | node | INFO ] 🧩 Model added for round 88 (39/49) from ['node_19']
[ 2026-03-06 13:42:59 | node | INFO ] 🧩 Model added for round 88 (40/49) from ['node_25']
[ 2026-03-06 13:42:59 | node | INFO ] 🧩 Model added for round 88 (41/49) from ['node_36']
[ 2026-03-06 13:42:59 | node | INFO ] 🧩 Model added for round 88 (42/49) from ['node_15']
[ 2026-03-06 13:42:59 | node | INFO ] 🧩 Model added for round 88 (43/49) from ['node_12']
[ 2026-03-06 13:42:59 | node | INFO ] 🧩 Model added for round 88 (44/49) from ['node_49']
[ 2026-03-06 13:42:59 | node | INFO ] 🧩 Model added for round 88 (45/49) from ['node_29']
[ 2026-03-06 13:42:59 | node | INFO ] 🧩 Model added for round 88 (46/49) from ['node_5']
[ 2026-03-06 13:42:59 | node | INFO ] 🧩 Model added for round 88 (47/49) from ['node_14']
[ 2026-03-06 13:42:59 | node | INFO ] 🧩 Model added for round 88 (48/49) from ['node_28']
[ 2026-03-06 13:42:59 | node | INFO ] 🧩 Model added for round 88 (49/49) from ['node_40']
[ 2026-03-06 13:43:00 | node | INFO ] 🔬 Evaluating...
[ 2026-03-06 13:43:01 | node | INFO ] 📈 Evaluated. Results: {'test_loss': 0.23816730082035065, 'test_acc': 0.9556451439857483, 'test_precision': 0.35374149680137634, 'test_recall': 0.3662048578262329, 'test_f1': 0.3580152094364166, 'communication_cost': 46110666}
[ 2026-03-06 13:43:01 | node_9 | INFO ] 🔬 Evaluating...
[ 2026-03-06 13:43:01 | node_4 | INFO ] 🔬 Evaluating...
[ 2026-03-06 13:43:01 | node_1 | INFO ] 🔬 Evaluating...
[ 2026-03-06 13:43:01 | node_1 | INFO ] 📈 Evaluated. Results: {'test_loss': 0.4636802077293396, 'test_acc': 0.949999988079071, 'test_precision': 0.5, 'test_recall': 0.4749999940395355, 'test_f1': 0.4871794581413269, 'communication_cost': 0}
[ 2026-03-06 13:43:01 | node_1 | INFO ] 🚂 Round 89: Client training...
[ 2026-03-06 13:43:01 | node_9 | INFO ] 📈 Evaluated. Results: {'test_loss': 0.14054204523563385, 'test_acc': 0.9843444228172302, 'test_precision': 0.4985693395137787, 'test_recall': 0.4919170141220093, 'test_f1': 0.49516206979751587, 'communication_cost': 0}
[ 2026-03-06 13:43:01 | node_9 | INFO ] 🚂 Round 89: Client training...
[ 2026-03-06 13:43:01 | node_4 | INFO ] 📈 Evaluated. Results: {'test_loss': 0.1237744688987732, 'test_acc': 0.9790209531784058, 'test_precision': 0.442890465259552, 'test_recall': 0.4347119927406311, 'test_f1': 0.4387354552745819, 'communication_cost': 0}
[ 2026-03-06 13:43:01 | node_4 | INFO ] 🚂 Round 89: Client training...
[ 2026-03-06 13:43:01 | node_13 | INFO ] 🔬 Evaluating...
[ 2026-03-06 13:43:01 | node_42 | INFO ] 🔬 Evaluating...
[ 2026-03-06 13:43:01 | node_10 | INFO ] 🔬 Evaluating...
[ 2026-03-06 13:43:01 | node_3 | INFO ] 🔬 Evaluating...
[ 2026-03-06 13:43:01 | node_35 | INFO ] 🔬 Evaluating...
[ 2026-03-06 13:43:01 | node_22 | INFO ] 🔬 Evaluating...
[ 2026-03-06 13:43:01 | node_43 | INFO ] 🔬 Evaluating...
[ 2026-03-06 13:43:01 | node_21 | INFO ] 🔬 Evaluating...
[ 2026-03-06 13:43:01 | node_31 | INFO ] 🔬 Evaluating...
[ 2026-03-06 13:43:01 | node_41 | INFO ] 🔬 Evaluating...
[ 2026-03-06 13:43:01 | node_32 | INFO ] 🔬 Evaluating...
[ 2026-03-06 13:43:01 | node_11 | INFO ] 🔬 Evaluating...
[ 2026-03-06 13:43:01 | node_33 | INFO ] 🔬 Evaluating...
[ 2026-03-06 13:43:01 | node_39 | INFO ] 🔬 Evaluating...
[ 2026-03-06 13:43:01 | node_8 | INFO ] 🔬 Evaluating...
[ 2026-03-06 13:43:01 | node_37 | INFO ] 🔬 Evaluating...
[ 2026-03-06 13:43:01 | node_46 | INFO ] 🔬 Evaluating...
[ 2026-03-06 13:43:01 | node_6 | INFO ] 🔬 Evaluating...
[ 2026-03-06 13:43:01 | node_23 | INFO ] 🔬 Evaluating...
[ 2026-03-06 13:43:01 | node_45 | INFO ] 🔬 Evaluating...
[ 2026-03-06 13:43:01 | node_27 | INFO ] 🔬 Evaluating...
[ 2026-03-06 13:43:01 | node_18 | INFO ] 🔬 Evaluating...
[ 2026-03-06 13:43:01 | node_26 | INFO ] 🔬 Evaluating...
[ 2026-03-06 13:43:01 | node_2 | INFO ] 🔬 Evaluating...
[ 2026-03-06 13:43:01 | node_19 | INFO ] 🔬 Evaluating...
[ 2026-03-06 13:43:01 | node_36 | INFO ] 🔬 Evaluating...
[ 2026-03-06 13:43:01 | node_20 | INFO ] 🔬 Evaluating...
[ 2026-03-06 13:43:01 | node_16 | INFO ] 🔬 Evaluating...
[ 2026-03-06 13:43:01 | node_38 | INFO ] 🔬 Evaluating...
[ 2026-03-06 13:43:01 | node_25 | INFO ] 🔬 Evaluating...
[ 2026-03-06 13:43:01 | node_44 | INFO ] 🔬 Evaluating...
[ 2026-03-06 13:43:01 | node_15 | INFO ] 🔬 Evaluating...
[ 2026-03-06 13:43:01 | node_12 | INFO ] 🔬 Evaluating...
[ 2026-03-06 13:43:01 | node_5 | INFO ] 🔬 Evaluating...
[ 2026-03-06 13:43:01 | node_14 | INFO ] 🔬 Evaluating...
[ 2026-03-06 13:43:01 | node_30 | INFO ] 🔬 Evaluating...
[ 2026-03-06 13:43:01 | node_29 | INFO ] 🔬 Evaluating...
[ 2026-03-06 13:43:01 | node_28 | INFO ] 🔬 Evaluating...
[ 2026-03-06 13:43:01 | node_40 | INFO ] 🔬 Evaluating...
[ 2026-03-06 13:43:01 | node_7 | INFO ] 🔬 Evaluating...
[ 2026-03-06 13:43:01 | node_42 | INFO ] 📈 Evaluated. Results: {'test_loss': 0.0003897567221429199, 'test_acc': 1.0, 'test_precision': 1.0, 'test_recall': 1.0, 'test_f1': 1.0, 'communication_cost': 0}
[ 2026-03-06 13:43:01 | node_17 | INFO ] 🔬 Evaluating...
[ 2026-03-06 13:43:01 | node_24 | INFO ] 🔬 Evaluating...
[ 2026-03-06 13:43:01 | node_13 | INFO ] 📈 Evaluated. Results: {'test_loss': 0.40600478649139404, 'test_acc': 0.9319371581077576, 'test_precision': 0.3247382342815399, 'test_recall': 0.3760073184967041, 'test_f1': 0.33887365460395813, 'communication_cost': 0}
[ 2026-03-06 13:43:01 | node_34 | INFO ] 🔬 Evaluating...
[ 2026-03-06 13:43:01 | node_22 | INFO ] 📈 Evaluated. Results: {'test_loss': 0.26738789677619934, 'test_acc': 0.9655172228813171, 'test_precision': 0.6000000238418579, 'test_recall': 0.6000000238418579, 'test_f1': 0.6000000238418579, 'communication_cost': 0}
[ 2026-03-06 13:43:01 | node_3 | INFO ] 📈 Evaluated. Results: {'test_loss': 0.020014282315969467, 'test_acc': 1.0, 'test_precision': 1.0, 'test_recall': 1.0, 'test_f1': 1.0, 'communication_cost': 0}
[ 2026-03-06 13:43:01 | node_47 | INFO ] 🔬 Evaluating...
[ 2026-03-06 13:43:01 | node_43 | INFO ] 📈 Evaluated. Results: {'test_loss': 0.31681060791015625, 'test_acc': 0.9245283007621765, 'test_precision': 0.4355795383453369, 'test_recall': 0.43499481678009033, 'test_f1': 0.43356308341026306, 'communication_cost': 0}
[ 2026-03-06 13:43:01 | node_35 | INFO ] 📈 Evaluated. Results: {'test_loss': 0.47493776679039, 'test_acc': 0.9404761791229248, 'test_precision': 0.40000003576278687, 'test_recall': 0.38765430450439453, 'test_f1': 0.3936305642127991, 'communication_cost': 0}
[ 2026-03-06 13:43:01 | node_21 | INFO ] 📈 Evaluated. Results: {'test_loss': 0.3092898726463318, 'test_acc': 0.9519230723381042, 'test_precision': 0.5144485235214233, 'test_recall': 0.5081357955932617, 'test_f1': 0.5110146999359131, 'communication_cost': 0}
[ 2026-03-06 13:43:01 | node_31 | INFO ] 📈 Evaluated. Results: {'test_loss': 0.18111228942871094, 'test_acc': 0.9541984796524048, 'test_precision': 0.5348963737487793, 'test_recall': 0.5571414828300476, 'test_f1': 0.543000340461731, 'communication_cost': 0}
[ 2026-03-06 13:43:02 | node_41 | INFO ] 📈 Evaluated. Results: {'test_loss': 0.215509831905365, 'test_acc': 0.9636363387107849, 'test_precision': 0.7200000286102295, 'test_recall': 0.7923077940940857, 'test_f1': 0.7460784912109375, 'communication_cost': 0}
[ 2026-03-06 13:43:02 | node_42 | INFO ] 🚂 Round 89: Client training...
[ 2026-03-06 13:43:02 | node_39 | INFO ] 📈 Evaluated. Results: {'test_loss': 0.15720409154891968, 'test_acc': 0.9684210419654846, 'test_precision': 0.738095223903656, 'test_recall': 0.8369815349578857, 'test_f1': 0.7702671885490417, 'communication_cost': 0}
[ 2026-03-06 13:43:02 | node_11 | INFO ] 📈 Evaluated. Results: {'test_loss': 0.3297741711139679, 'test_acc': 0.9047619104385376, 'test_precision': 0.7095004320144653, 'test_recall': 0.7127631902694702, 'test_f1': 0.7096369862556458, 'communication_cost': 0}
[ 2026-03-06 13:43:02 | node_13 | INFO ] 🚂 Round 89: Client training...
[ 2026-03-06 13:43:02 | node_32 | INFO ] 📈 Evaluated. Results: {'test_loss': 0.8076004981994629, 'test_acc': 0.8999999761581421, 'test_precision': 0.3333333432674408, 'test_recall': 0.4139610826969147, 'test_f1': 0.3494439721107483, 'communication_cost': 0}
[ 2026-03-06 13:43:02 | node_22 | INFO ] 🚂 Round 89: Client training...
[ 2026-03-06 13:43:02 | node_23 | INFO ] 📈 Evaluated. Results: {'test_loss': 0.24486371874809265, 'test_acc': 0.9320388436317444, 'test_precision': 0.5, 'test_recall': 0.6547619104385376, 'test_f1': 0.549382746219635, 'communication_cost': 0}
[ 2026-03-06 13:43:02 | node_37 | INFO ] 📈 Evaluated. Results: {'test_loss': 0.9732145071029663, 'test_acc': 0.8732394576072693, 'test_precision': 0.6542981266975403, 'test_recall': 0.656845211982727, 'test_f1': 0.6508175134658813, 'communication_cost': 0}
[ 2026-03-06 13:43:02 | node_2 | INFO ] 📈 Evaluated. Results: {'test_loss': 0.07467005401849747, 'test_acc': 0.9764705896377563, 'test_precision': 0.7956521511077881, 'test_recall': 0.7789855003356934, 'test_f1': 0.7869564890861511, 'communication_cost': 0}
[ 2026-03-06 13:43:02 | node_27 | INFO ] 📈 Evaluated. Results: {'test_loss': 1.3974027633666992, 'test_acc': 0.8918918967247009, 'test_precision': 0.4444445073604584, 'test_recall': 0.42720305919647217, 'test_f1': 0.43535351753234863, 'communication_cost': 0}
[ 2026-03-06 13:43:02 | node_43 | INFO ] 🚂 Round 89: Client training...
[ 2026-03-06 13:43:02 | node_6 | INFO ] 📈 Evaluated. Results: {'test_loss': 0.3547704517841339, 'test_acc': 0.9102563858032227, 'test_precision': 0.5312820672988892, 'test_recall': 0.7652605175971985, 'test_f1': 0.5887316465377808, 'communication_cost': 0}
[ 2026-03-06 13:43:02 | node_48 | INFO ] 🔬 Evaluating...
[ 2026-03-06 13:43:02 | node_33 | INFO ] 📈 Evaluated. Results: {'test_loss': 0.42641982436180115, 'test_acc': 0.8999999761581421, 'test_precision': 0.34628573060035706, 'test_recall': 0.32917511463165283, 'test_f1': 0.3372422158718109, 'communication_cost': 0}
[ 2026-03-06 13:43:02 | node_45 | INFO ] 📈 Evaluated. Results: {'test_loss': 0.2440338432788849, 'test_acc': 0.9038461446762085, 'test_precision': 0.5555555820465088, 'test_recall': 0.6481481790542603, 'test_f1': 0.5735294222831726, 'communication_cost': 0}
[ 2026-03-06 13:43:02 | node_46 | INFO ] 📈 Evaluated. Results: {'test_loss': 0.21765843033790588, 'test_acc': 0.9702380895614624, 'test_precision': 0.5299145579338074, 'test_recall': 0.5234861969947815, 'test_f1': 0.5266488194465637, 'communication_cost': 0}
[ 2026-03-06 13:43:02 | node_3 | INFO ] 🚂 Round 89: Client training...
[ 2026-03-06 13:43:02 | node_35 | INFO ] 🚂 Round 89: Client training...
[ 2026-03-06 13:43:02 | node_21 | INFO ] 🚂 Round 89: Client training...
[ 2026-03-06 13:43:02 | node_31 | INFO ] 🚂 Round 89: Client training...
[ 2026-03-06 13:43:02 | node_8 | INFO ] 📈 Evaluated. Results: {'test_loss': 0.22427898645401, 'test_acc': 0.914893627166748, 'test_precision': 0.5972294807434082, 'test_recall': 0.5718556642532349, 'test_f1': 0.5809758901596069, 'communication_cost': 0}
[ 2026-03-06 13:43:02 | node_16 | INFO ] 📈 Evaluated. Results: {'test_loss': 0.2557933032512665, 'test_acc': 0.9488636255264282, 'test_precision': 0.7576742172241211, 'test_recall': 0.7360787987709045, 'test_f1': 0.746193528175354, 'communication_cost': 0}
[ 2026-03-06 13:43:02 | node_41 | INFO ] 🚂 Round 89: Client training...
[ 2026-03-06 13:43:02 | node_44 | INFO ] 📈 Evaluated. Results: {'test_loss': 0.33476564288139343, 'test_acc': 0.9433962106704712, 'test_precision': 0.6666666865348816, 'test_recall': 0.6541666984558105, 'test_f1': 0.6601731777191162, 'communication_cost': 0}
[ 2026-03-06 13:43:02 | node_11 | INFO ] 🚂 Round 89: Client training...
[ 2026-03-06 13:43:02 | node_19 | INFO ] 📈 Evaluated. Results: {'test_loss': 0.5372465252876282, 'test_acc': 0.9208633303642273, 'test_precision': 0.6271668672561646, 'test_recall': 0.7452359199523926, 'test_f1': 0.6647502183914185, 'communication_cost': 0}
[ 2026-03-06 13:43:02 | node_7 | INFO ] 📈 Evaluated. Results: {'test_loss': 0.30080896615982056, 'test_acc': 0.970588207244873, 'test_precision': 0.6254901885986328, 'test_recall': 0.587995171546936, 'test_f1': 0.6054671406745911, 'communication_cost': 0}
[ 2026-03-06 13:43:02 | node_12 | INFO ] 📈 Evaluated. Results: {'test_loss': 0.23013050854206085, 'test_acc': 0.9349112510681152, 'test_precision': 0.28641626238822937, 'test_recall': 0.29832473397254944, 'test_f1': 0.28805482387542725, 'communication_cost': 0}
[ 2026-03-06 13:43:02 | node_30 | INFO ] 📈 Evaluated. Results: {'test_loss': 0.06638748943805695, 'test_acc': 1.0, 'test_precision': 1.0, 'test_recall': 1.0, 'test_f1': 1.0, 'communication_cost': 0}
[ 2026-03-06 13:43:02 | node_26 | INFO ] 📈 Evaluated. Results: {'test_loss': 0.1117500513792038, 'test_acc': 0.9698492288589478, 'test_precision': 0.37498605251312256, 'test_recall': 0.3653644025325775, 'test_f1': 0.3700590133666992, 'communication_cost': 0}
[ 2026-03-06 13:43:02 | node_34 | INFO ] 📈 Evaluated. Results: {'test_loss': 0.440422385931015, 'test_acc': 0.9490445852279663, 'test_precision': 0.38799020648002625, 'test_recall': 0.37606412172317505, 'test_f1': 0.38139450550079346, 'communication_cost': 0}
[ 2026-03-06 13:43:02 | node_25 | INFO ] 📈 Evaluated. Results: {'test_loss': 0.23099376261234283, 'test_acc': 0.9681817889213562, 'test_precision': 0.4030303359031677, 'test_recall': 0.3968893587589264, 'test_f1': 0.3999084532260895, 'communication_cost': 0}
[ 2026-03-06 13:43:03 | node_40 | INFO ] 📈 Evaluated. Results: {'test_loss': 0.2901028096675873, 'test_acc': 0.9553571343421936, 'test_precision': 0.3721088767051697, 'test_recall': 0.37954244017601013, 'test_f1': 0.36822330951690674, 'communication_cost': 0}
[ 2026-03-06 13:43:03 | node_5 | INFO ] 📈 Evaluated. Results: {'test_loss': 0.3346272110939026, 'test_acc': 0.9230769276618958, 'test_precision': 0.5726199746131897, 'test_recall': 0.6330133080482483, 'test_f1': 0.5936278700828552, 'communication_cost': 0}
[ 2026-03-06 13:43:03 | node_29 | INFO ] 📈 Evaluated. Results: {'test_loss': 0.6541361212730408, 'test_acc': 0.8613569140434265, 'test_precision': 0.22043278813362122, 'test_recall': 0.1928081214427948, 'test_f1': 0.20552022755146027, 'communication_cost': 0}
[ 2026-03-06 13:43:03 | node_28 | INFO ] 📈 Evaluated. Results: {'test_loss': 0.3793593943119049, 'test_acc': 0.970059871673584, 'test_precision': 0.383026123046875, 'test_recall': 0.38876402378082275, 'test_f1': 0.384485125541687, 'communication_cost': 0}
[ 2026-03-06 13:43:03 | node_38 | INFO ] 📈 Evaluated. Results: {'test_loss': 0.5168363451957703, 'test_acc': 0.9130434989929199, 'test_precision': 0.4947306513786316, 'test_recall': 0.5300649404525757, 'test_f1': 0.49947237968444824, 'communication_cost': 0}
[ 2026-03-06 13:43:03 | node_10 | INFO ] 📈 Evaluated. Results: {'test_loss': 0.0030731346923857927, 'test_acc': 1.0, 'test_precision': 1.0, 'test_recall': 1.0, 'test_f1': 1.0, 'communication_cost': 0}
[ 2026-03-06 13:43:03 | node_39 | INFO ] 🚂 Round 89: Client training...
[ 2026-03-06 13:43:03 | node_32 | INFO ] 🚂 Round 89: Client training...
[ 2026-03-06 13:43:03 | node_23 | INFO ] 🚂 Round 89: Client training...
[ 2026-03-06 13:43:03 | node_47 | INFO ] 📈 Evaluated. Results: {'test_loss': 0.03616832196712494, 'test_acc': 0.9928057789802551, 'test_precision': 0.9841727018356323, 'test_recall': 0.9810072183609009, 'test_f1': 0.9824140667915344, 'communication_cost': 0}
[ 2026-03-06 13:43:03 | node_24 | INFO ] 📈 Evaluated. Results: {'test_loss': 0.22786132991313934, 'test_acc': 0.9019607901573181, 'test_precision': 0.45454543828964233, 'test_recall': 0.4702381193637848, 'test_f1': 0.4591771960258484, 'communication_cost': 0}
[ 2026-03-06 13:43:03 | node_15 | INFO ] 📈 Evaluated. Results: {'test_loss': 0.19424130022525787, 'test_acc': 0.9836734533309937, 'test_precision': 0.6193877458572388, 'test_recall': 0.6121993064880371, 'test_f1': 0.6157548427581787, 'communication_cost': 0}
[ 2026-03-06 13:43:03 | node_18 | INFO ] 📈 Evaluated. Results: {'test_loss': 0.4566812813282013, 'test_acc': 0.9351351261138916, 'test_precision': 0.4296010732650757, 'test_recall': 0.4245029389858246, 'test_f1': 0.42597696185112, 'communication_cost': 0}
[ 2026-03-06 13:43:03 | node_37 | INFO ] 🚂 Round 89: Client training...
[ 2026-03-06 13:43:03 | node_20 | INFO ] 📈 Evaluated. Results: {'test_loss': 0.5238585472106934, 'test_acc': 0.8927202820777893, 'test_precision': 0.3238128423690796, 'test_recall': 0.3043501675128937, 'test_f1': 0.31348803639411926, 'communication_cost': 0}
[ 2026-03-06 13:43:03 | node_2 | INFO ] 🚂 Round 89: Client training...
[ 2026-03-06 13:43:03 | node_36 | INFO ] 📈 Evaluated. Results: {'test_loss': 0.3711131513118744, 'test_acc': 0.9438943862915039, 'test_precision': 0.3997749984264374, 'test_recall': 0.3988768756389618, 'test_f1': 0.3967534899711609, 'communication_cost': 0}
[ 2026-03-06 13:43:03 | node_27 | INFO ] 🚂 Round 89: Client training...
[ 2026-03-06 13:43:03 | node_6 | INFO ] 🚂 Round 89: Client training...
[ 2026-03-06 13:43:03 | node_14 | INFO ] 📈 Evaluated. Results: {'test_loss': 0.2032957822084427, 'test_acc': 0.9676470756530762, 'test_precision': 0.3889355957508087, 'test_recall': 0.3929915428161621, 'test_f1': 0.3899244964122772, 'communication_cost': 0}
[ 2026-03-06 13:43:03 | node_33 | INFO ] 🚂 Round 89: Client training...
[ 2026-03-06 13:43:03 | node_17 | INFO ] 📈 Evaluated. Results: {'test_loss': 0.34617239236831665, 'test_acc': 0.891566276550293, 'test_precision': 0.5670033693313599, 'test_recall': 0.640507698059082, 'test_f1': 0.5938111543655396, 'communication_cost': 0}
[ 2026-03-06 13:43:03 | node_45 | INFO ] 🚂 Round 89: Client training...
[ 2026-03-06 13:43:03 | node_46 | INFO ] 🚂 Round 89: Client training...
[ 2026-03-06 13:43:03 | node_8 | INFO ] 🚂 Round 89: Client training...
[ 2026-03-06 13:43:03 | node_48 | INFO ] 📈 Evaluated. Results: {'test_loss': 0.554247260093689, 'test_acc': 0.8956834673881531, 'test_precision': 0.2988009452819824, 'test_recall': 0.326872318983078, 'test_f1': 0.30028271675109863, 'communication_cost': 0}
[ 2026-03-06 13:43:03 | node_16 | INFO ] 🚂 Round 89: Client training...
[ 2026-03-06 13:43:03 | node_7 | INFO ] 🚂 Round 89: Client training...
[ 2026-03-06 13:43:03 | node_44 | INFO ] 🚂 Round 89: Client training...
[ 2026-03-06 13:43:03 | node_19 | INFO ] 🚂 Round 89: Client training...
[ 2026-03-06 13:43:03 | node_12 | INFO ] 🚂 Round 89: Client training...
[ 2026-03-06 13:43:03 | node_26 | INFO ] 🚂 Round 89: Client training...
[ 2026-03-06 13:43:03 | node_30 | INFO ] 🚂 Round 89: Client training...
[ 2026-03-06 13:43:03 | node_25 | INFO ] 🚂 Round 89: Client training...
[ 2026-03-06 13:43:03 | node_34 | INFO ] 🚂 Round 89: Client training...
[ 2026-03-06 13:43:03 | node_40 | INFO ] 🚂 Round 89: Client training...
[ 2026-03-06 13:43:03 | node_5 | INFO ] 🚂 Round 89: Client training...
[ 2026-03-06 13:43:03 | node_29 | INFO ] 🚂 Round 89: Client training...
[ 2026-03-06 13:43:03 | node_28 | INFO ] 🚂 Round 89: Client training...
[ 2026-03-06 13:43:03 | node_38 | INFO ] 🚂 Round 89: Client training...
[ 2026-03-06 13:43:03 | node_10 | INFO ] 🚂 Round 89: Client training...
[ 2026-03-06 13:43:03 | node_47 | INFO ] 🚂 Round 89: Client training...
[ 2026-03-06 13:43:03 | node_24 | INFO ] 🚂 Round 89: Client training...
[ 2026-03-06 13:43:03 | node_15 | INFO ] 🚂 Round 89: Client training...
[ 2026-03-06 13:43:03 | node_18 | INFO ] 🚂 Round 89: Client training...
[ 2026-03-06 13:43:03 | node_49 | INFO ] 🔬 Evaluating...
[ 2026-03-06 13:43:03 | node_20 | INFO ] 🚂 Round 89: Client training...
[ 2026-03-06 13:43:03 | node_36 | INFO ] 🚂 Round 89: Client training...
[ 2026-03-06 13:43:03 | node_14 | INFO ] 🚂 Round 89: Client training...
[ 2026-03-06 13:43:03 | node_17 | INFO ] 🚂 Round 89: Client training...
[ 2026-03-06 13:43:03 | node_48 | INFO ] 🚂 Round 89: Client training...
[ 2026-03-06 13:43:04 | node_49 | INFO ] 📈 Evaluated. Results: {'test_loss': 0.25367358326911926, 'test_acc': 0.9378330111503601, 'test_precision': 0.46870505809783936, 'test_recall': 0.47357431054115295, 'test_f1': 0.46911025047302246, 'communication_cost': 0}
[ 2026-03-06 13:43:04 | node_49 | INFO ] 🚂 Round 89: Client training...
[ 2026-03-06 13:43:04 | node | INFO ] ⏳ Round 89: Server waiting for 49 updates.
[ 2026-03-06 13:43:04 | node | INFO ] ♻️ Proactively processing 48 early models for round 89.
[ 2026-03-06 13:43:04 | node | INFO ] 🧩 Model added for round 89 (1/49) from ['node_1']
[ 2026-03-06 13:43:04 | node | INFO ] 🧩 Model added for round 89 (2/49) from ['node_9']
[ 2026-03-06 13:43:04 | node | INFO ] 🧩 Model added for round 89 (3/49) from ['node_4']
[ 2026-03-06 13:43:04 | node | INFO ] 🧩 Model added for round 89 (4/49) from ['node_13']
[ 2026-03-06 13:43:04 | node | INFO ] 🧩 Model added for round 89 (5/49) from ['node_43']
[ 2026-03-06 13:43:04 | node | INFO ] 🧩 Model added for round 89 (6/49) from ['node_22']
[ 2026-03-06 13:43:04 | node | INFO ] 🧩 Model added for round 89 (7/49) from ['node_42']
[ 2026-03-06 13:43:04 | node | INFO ] 🧩 Model added for round 89 (8/49) from ['node_41']
[ 2026-03-06 13:43:04 | node | INFO ] 🧩 Model added for round 89 (9/49) from ['node_21']
[ 2026-03-06 13:43:04 | node | INFO ] 🧩 Model added for round 89 (10/49) from ['node_3']
[ 2026-03-06 13:43:04 | node | INFO ] 🧩 Model added for round 89 (11/49) from ['node_33']
[ 2026-03-06 13:43:04 | node | INFO ] 🧩 Model added for round 89 (12/49) from ['node_31']
[ 2026-03-06 13:43:04 | node | INFO ] 🧩 Model added for round 89 (13/49) from ['node_37']
[ 2026-03-06 13:43:04 | node | INFO ] 🧩 Model added for round 89 (14/49) from ['node_11']
[ 2026-03-06 13:43:04 | node | INFO ] 🧩 Model added for round 89 (15/49) from ['node_46']
[ 2026-03-06 13:43:04 | node | INFO ] 🧩 Model added for round 89 (16/49) from ['node_7']
[ 2026-03-06 13:43:04 | node | INFO ] 🧩 Model added for round 89 (17/49) from ['node_26']
[ 2026-03-06 13:43:04 | node | INFO ] 🧩 Model added for round 89 (18/49) from ['node_23']
[ 2026-03-06 13:43:04 | node | INFO ] 🧩 Model added for round 89 (19/49) from ['node_39']
[ 2026-03-06 13:43:04 | node | INFO ] 🧩 Model added for round 89 (20/49) from ['node_8']
[ 2026-03-06 13:43:04 | node | INFO ] 🧩 Model added for round 89 (21/49) from ['node_34']
[ 2026-03-06 13:43:04 | node | INFO ] 🧩 Model added for round 89 (22/49) from ['node_32']
[ 2026-03-06 13:43:04 | node | INFO ] 🧩 Model added for round 89 (23/49) from ['node_45']
[ 2026-03-06 13:43:04 | node | INFO ] 🧩 Model added for round 89 (24/49) from ['node_6']
[ 2026-03-06 13:43:04 | node | INFO ] 🧩 Model added for round 89 (25/49) from ['node_27']
[ 2026-03-06 13:43:04 | node | INFO ] 🧩 Model added for round 89 (26/49) from ['node_30']
[ 2026-03-06 13:43:04 | node | INFO ] 🧩 Model added for round 89 (27/49) from ['node_10']
[ 2026-03-06 13:43:04 | node | INFO ] 🧩 Model added for round 89 (28/49) from ['node_16']
[ 2026-03-06 13:43:04 | node | INFO ] 🧩 Model added for round 89 (29/49) from ['node_25']
[ 2026-03-06 13:43:04 | node | INFO ] 🧩 Model added for round 89 (30/49) from ['node_47']
[ 2026-03-06 13:43:04 | node | INFO ] 🧩 Model added for round 89 (31/49) from ['node_38']
[ 2026-03-06 13:43:04 | node | INFO ] 🧩 Model added for round 89 (32/49) from ['node_2']
[ 2026-03-06 13:43:04 | node | INFO ] 🧩 Model added for round 89 (33/49) from ['node_12']
[ 2026-03-06 13:43:04 | node | INFO ] 🧩 Model added for round 89 (34/49) from ['node_44']
[ 2026-03-06 13:43:04 | node | INFO ] 🧩 Model added for round 89 (35/49) from ['node_19']
[ 2026-03-06 13:43:04 | node | INFO ] 🧩 Model added for round 89 (36/49) from ['node_20']
[ 2026-03-06 13:43:04 | node | INFO ] 🧩 Model added for round 89 (37/49) from ['node_29']
[ 2026-03-06 13:43:04 | node | INFO ] 🧩 Model added for round 89 (38/49) from ['node_24']
[ 2026-03-06 13:43:04 | node | INFO ] 🧩 Model added for round 89 (39/49) from ['node_18']
[ 2026-03-06 13:43:04 | node | INFO ] 🧩 Model added for round 89 (40/49) from ['node_17']
[ 2026-03-06 13:43:04 | node | INFO ] 🧩 Model added for round 89 (41/49) from ['node_40']
[ 2026-03-06 13:43:04 | node | INFO ] 🧩 Model added for round 89 (42/49) from ['node_48']
[ 2026-03-06 13:43:04 | node | INFO ] 🧩 Model added for round 89 (43/49) from ['node_36']
[ 2026-03-06 13:43:04 | node | INFO ] 🧩 Model added for round 89 (44/49) from ['node_5']
[ 2026-03-06 13:43:04 | node | INFO ] 🧩 Model added for round 89 (45/49) from ['node_28']
[ 2026-03-06 13:43:04 | node | INFO ] 🧩 Model added for round 89 (46/49) from ['node_14']
[ 2026-03-06 13:43:04 | node | INFO ] 🧩 Model added for round 89 (47/49) from ['node_15']
[ 2026-03-06 13:43:04 | node | INFO ] 🧩 Model added for round 89 (48/49) from ['node_49']
[ 2026-03-06 13:43:04 | node | INFO ] 🧩 Model added for round 89 (49/49) from ['node_35']
[ 2026-03-06 13:43:05 | node | INFO ] 🔬 Evaluating...
[ 2026-03-06 13:43:05 | node | INFO ] 📈 Evaluated. Results: {'test_loss': 0.2075468897819519, 'test_acc': 0.9556451439857483, 'test_precision': 0.3161070644855499, 'test_recall': 0.3235562741756439, 'test_f1': 0.3187641203403473, 'communication_cost': 46110666}
[ 2026-03-06 13:43:06 | node_4 | INFO ] 🔬 Evaluating...
[ 2026-03-06 13:43:06 | node_1 | INFO ] 🔬 Evaluating...
[ 2026-03-06 13:43:06 | node_3 | INFO ] 🔬 Evaluating...
[ 2026-03-06 13:43:06 | node_1 | INFO ] 📈 Evaluated. Results: {'test_loss': 0.518214225769043, 'test_acc': 0.949999988079071, 'test_precision': 0.5, 'test_recall': 0.4749999940395355, 'test_f1': 0.4871794581413269, 'communication_cost': 0}
[ 2026-03-06 13:43:06 | node_1 | INFO ] 🚂 Round 90: Client training...
[ 2026-03-06 13:43:06 | node_11 | INFO ] 🔬 Evaluating...
[ 2026-03-06 13:43:06 | node_4 | INFO ] 📈 Evaluated. Results: {'test_loss': 0.12678202986717224, 'test_acc': 0.9790209531784058, 'test_precision': 0.442890465259552, 'test_recall': 0.4347119927406311, 'test_f1': 0.4387354552745819, 'communication_cost': 0}
[ 2026-03-06 13:43:06 | node_4 | INFO ] 🚂 Round 90: Client training...
[ 2026-03-06 13:43:06 | node_3 | INFO ] 📈 Evaluated. Results: {'test_loss': 0.027460753917694092, 'test_acc': 1.0, 'test_precision': 1.0, 'test_recall': 1.0, 'test_f1': 1.0, 'communication_cost': 0}
[ 2026-03-06 13:43:06 | node_7 | INFO ] 🔬 Evaluating...
[ 2026-03-06 13:43:06 | node_3 | INFO ] 🚂 Round 90: Client training...
[ 2026-03-06 13:43:06 | node_11 | INFO ] 📈 Evaluated. Results: {'test_loss': 0.3698224723339081, 'test_acc': 0.9142857193946838, 'test_precision': 0.7164449095726013, 'test_recall': 0.7193421125411987, 'test_f1': 0.716393768787384, 'communication_cost': 0}
[ 2026-03-06 13:43:06 | node_8 | INFO ] 🔬 Evaluating...
[ 2026-03-06 13:43:06 | node_11 | INFO ] 🚂 Round 90: Client training...
[ 2026-03-06 13:43:06 | node_6 | INFO ] 🔬 Evaluating...
[ 2026-03-06 13:43:06 | node_16 | INFO ] 🔬 Evaluating...
[ 2026-03-06 13:43:06 | node_2 | INFO ] 🔬 Evaluating...
[ 2026-03-06 13:43:06 | node_5 | INFO ] 🔬 Evaluating...
[ 2026-03-06 13:43:06 | node_18 | INFO ] 🔬 Evaluating...
[ 2026-03-06 13:43:06 | node_19 | INFO ] 🔬 Evaluating...
[ 2026-03-06 13:43:06 | node_10 | INFO ] 🔬 Evaluating...
[ 2026-03-06 13:43:06 | node_12 | INFO ] 🔬 Evaluating...
[ 2026-03-06 13:43:06 | node_20 | INFO ] 🔬 Evaluating...
[ 2026-03-06 13:43:06 | node_17 | INFO ] 🔬 Evaluating...
[ 2026-03-06 13:43:06 | node_14 | INFO ] 🔬 Evaluating...
[ 2026-03-06 13:43:06 | node_15 | INFO ] 🔬 Evaluating...
[ 2026-03-06 13:43:06 | node_7 | INFO ] 📈 Evaluated. Results: {'test_loss': 0.27492114901542664, 'test_acc': 0.9764705896377563, 'test_precision': 0.6666666865348816, 'test_recall': 0.6284146904945374, 'test_f1': 0.6461929082870483, 'communication_cost': 0}
[ 2026-03-06 13:43:06 | node_8 | INFO ] 📈 Evaluated. Results: {'test_loss': 0.2698867619037628, 'test_acc': 0.9219858050346375, 'test_precision': 0.5167067050933838, 'test_recall': 0.492998868227005, 'test_f1': 0.5020365118980408, 'communication_cost': 0}
[ 2026-03-06 13:43:06 | node_7 | INFO ] 🚂 Round 90: Client training...
[ 2026-03-06 13:43:06 | node_8 | INFO ] 🚂 Round 90: Client training...
[ 2026-03-06 13:43:06 | node_6 | INFO ] 📈 Evaluated. Results: {'test_loss': 0.33010610938072205, 'test_acc': 0.9102563858032227, 'test_precision': 0.5312820672988892, 'test_recall': 0.7652605175971985, 'test_f1': 0.5887316465377808, 'communication_cost': 0}
[ 2026-03-06 13:43:06 | node_6 | INFO ] 🚂 Round 90: Client training...
[ 2026-03-06 13:43:06 | node_22 | INFO ] 🔬 Evaluating...
[ 2026-03-06 13:43:06 | node_10 | INFO ] 📈 Evaluated. Results: {'test_loss': 0.0005701554473489523, 'test_acc': 1.0, 'test_precision': 1.0, 'test_recall': 1.0, 'test_f1': 1.0, 'communication_cost': 0}
[ 2026-03-06 13:43:06 | node_10 | INFO ] 🚂 Round 90: Client training...
[ 2026-03-06 13:43:06 | node_35 | INFO ] 🔬 Evaluating...
[ 2026-03-06 13:43:06 | node_21 | INFO ] 🔬 Evaluating...
[ 2026-03-06 13:43:06 | node_17 | INFO ] 📈 Evaluated. Results: {'test_loss': 0.3427906632423401, 'test_acc': 0.891566276550293, 'test_precision': 0.5703703761100769, 'test_recall': 0.640507698059082, 'test_f1': 0.5954686999320984, 'communication_cost': 0}
[ 2026-03-06 13:43:06 | node_2 | INFO ] 📈 Evaluated. Results: {'test_loss': 0.0782322958111763, 'test_acc': 0.9882352948188782, 'test_precision': 0.9946808815002441, 'test_recall': 0.9791667461395264, 'test_f1': 0.9864422678947449, 'communication_cost': 0}
[ 2026-03-06 13:43:06 | node_9 | INFO ] 🔬 Evaluating...
[ 2026-03-06 13:43:06 | node_17 | INFO ] 🚂 Round 90: Client training...
[ 2026-03-06 13:43:06 | node_13 | INFO ] 🔬 Evaluating...
[ 2026-03-06 13:43:06 | node_5 | INFO ] 📈 Evaluated. Results: {'test_loss': 0.34561729431152344, 'test_acc': 0.9321267008781433, 'test_precision': 0.6463316679000854, 'test_recall': 0.7116761207580566, 'test_f1': 0.670324981212616, 'communication_cost': 0}
[ 2026-03-06 13:43:06 | node_19 | INFO ] 📈 Evaluated. Results: {'test_loss': 0.49527549743652344, 'test_acc': 0.9208633303642273, 'test_precision': 0.6271668672561646, 'test_recall': 0.7452359199523926, 'test_f1': 0.6647502183914185, 'communication_cost': 0}
[ 2026-03-06 13:43:06 | node_2 | INFO ] 🚂 Round 90: Client training...
[ 2026-03-06 13:43:06 | node_33 | INFO ] 🔬 Evaluating...
[ 2026-03-06 13:43:06 | node_31 | INFO ] 🔬 Evaluating...
[ 2026-03-06 13:43:06 | node_15 | INFO ] 📈 Evaluated. Results: {'test_loss': 0.1905396729707718, 'test_acc': 0.9836734533309937, 'test_precision': 0.6193877458572388, 'test_recall': 0.6121993064880371, 'test_f1': 0.6157548427581787, 'communication_cost': 0}
[ 2026-03-06 13:43:06 | node_19 | INFO ] 🚂 Round 90: Client training...
[ 2026-03-06 13:43:06 | node_12 | INFO ] 📈 Evaluated. Results: {'test_loss': 0.2835058569908142, 'test_acc': 0.9319526553153992, 'test_precision': 0.30611562728881836, 'test_recall': 0.31744813919067383, 'test_f1': 0.30743056535720825, 'communication_cost': 0}
[ 2026-03-06 13:43:06 | node_14 | INFO ] 📈 Evaluated. Results: {'test_loss': 0.22995202243328094, 'test_acc': 0.9617646932601929, 'test_precision': 0.3888235092163086, 'test_recall': 0.38894200325012207, 'test_f1': 0.3878995180130005, 'communication_cost': 0}
[ 2026-03-06 13:43:06 | node_20 | INFO ] 📈 Evaluated. Results: {'test_loss': 0.5923041701316833, 'test_acc': 0.8659003973007202, 'test_precision': 0.31695592403411865, 'test_recall': 0.29980719089508057, 'test_f1': 0.30755406618118286, 'communication_cost': 0}
[ 2026-03-06 13:43:06 | node_5 | INFO ] 🚂 Round 90: Client training...
[ 2026-03-06 13:43:06 | node_22 | INFO ] 📈 Evaluated. Results: {'test_loss': 0.3028296232223511, 'test_acc': 0.9655172228813171, 'test_precision': 0.6000000238418579, 'test_recall': 0.6000000238418579, 'test_f1': 0.6000000238418579, 'communication_cost': 0}
[ 2026-03-06 13:43:06 | node_15 | INFO ] 🚂 Round 90: Client training...
[ 2026-03-06 13:43:06 | node_12 | INFO ] 🚂 Round 90: Client training...
[ 2026-03-06 13:43:06 | node_23 | INFO ] 🔬 Evaluating...
[ 2026-03-06 13:43:06 | node_25 | INFO ] 🔬 Evaluating...
[ 2026-03-06 13:43:06 | node_29 | INFO ] 🔬 Evaluating...
[ 2026-03-06 13:43:06 | node_27 | INFO ] 🔬 Evaluating...
[ 2026-03-06 13:43:06 | node_32 | INFO ] 🔬 Evaluating...
[ 2026-03-06 13:43:06 | node_34 | INFO ] 🔬 Evaluating...
[ 2026-03-06 13:43:06 | node_26 | INFO ] 🔬 Evaluating...
[ 2026-03-06 13:43:06 | node_18 | INFO ] 📈 Evaluated. Results: {'test_loss': 0.5187138915061951, 'test_acc': 0.9135135412216187, 'test_precision': 0.33709242939949036, 'test_recall': 0.3230343461036682, 'test_f1': 0.3289180099964142, 'communication_cost': 0}
[ 2026-03-06 13:43:06 | node_30 | INFO ] 🔬 Evaluating...
[ 2026-03-06 13:43:06 | node_28 | INFO ] 🔬 Evaluating...
[ 2026-03-06 13:43:06 | node_24 | INFO ] 🔬 Evaluating...
[ 2026-03-06 13:43:06 | node_36 | INFO ] 🔬 Evaluating...
[ 2026-03-06 13:43:06 | node_16 | INFO ] 📈 Evaluated. Results: {'test_loss': 0.2624673545360565, 'test_acc': 0.9488636255264282, 'test_precision': 0.7576742172241211, 'test_recall': 0.7360787987709045, 'test_f1': 0.746193528175354, 'communication_cost': 0}
[ 2026-03-06 13:43:06 | node_20 | INFO ] 🚂 Round 90: Client training...
[ 2026-03-06 13:43:06 | node_14 | INFO ] 🚂 Round 90: Client training...
[ 2026-03-06 13:43:06 | node_22 | INFO ] 🚂 Round 90: Client training...
[ 2026-03-06 13:43:06 | node_18 | INFO ] 🚂 Round 90: Client training...
[ 2026-03-06 13:43:06 | node_16 | INFO ] 🚂 Round 90: Client training...
[ 2026-03-06 13:43:06 | node_35 | INFO ] 📈 Evaluated. Results: {'test_loss': 0.45408838987350464, 'test_acc': 0.9404761791229248, 'test_precision': 0.40000003576278687, 'test_recall': 0.38765430450439453, 'test_f1': 0.3936305642127991, 'communication_cost': 0}
[ 2026-03-06 13:43:07 | node_21 | INFO ] 📈 Evaluated. Results: {'test_loss': 0.30371856689453125, 'test_acc': 0.9519230723381042, 'test_precision': 0.45665448904037476, 'test_recall': 0.4505990147590637, 'test_f1': 0.4533916115760803, 'communication_cost': 0}
[ 2026-03-06 13:43:07 | node_37 | INFO ] 🔬 Evaluating...
[ 2026-03-06 13:43:07 | node_35 | INFO ] 🚂 Round 90: Client training...
[ 2026-03-06 13:43:07 | node_13 | INFO ] 📈 Evaluated. Results: {'test_loss': 0.469200998544693, 'test_acc': 0.9057591557502747, 'test_precision': 0.2774869203567505, 'test_recall': 0.31406742334365845, 'test_f1': 0.2858116626739502, 'communication_cost': 0}
[ 2026-03-06 13:43:07 | node_38 | INFO ] 🔬 Evaluating...
[ 2026-03-06 13:43:07 | node_33 | INFO ] 📈 Evaluated. Results: {'test_loss': 0.5328965783119202, 'test_acc': 0.8700000047683716, 'test_precision': 0.34628573060035706, 'test_recall': 0.3247511684894562, 'test_f1': 0.3347572386264801, 'communication_cost': 0}
[ 2026-03-06 13:43:07 | node_31 | INFO ] 📈 Evaluated. Results: {'test_loss': 0.1507398635149002, 'test_acc': 0.9541984796524048, 'test_precision': 0.5348963737487793, 'test_recall': 0.5571414828300476, 'test_f1': 0.543000340461731, 'communication_cost': 0}
[ 2026-03-06 13:43:07 | node_21 | INFO ] 🚂 Round 90: Client training...
[ 2026-03-06 13:43:07 | node_9 | INFO ] 📈 Evaluated. Results: {'test_loss': 0.13719964027404785, 'test_acc': 0.9863013625144958, 'test_precision': 0.5194434523582458, 'test_recall': 0.5129541754722595, 'test_f1': 0.5161212682723999, 'communication_cost': 0}
[ 2026-03-06 13:43:07 | node_13 | INFO ] 🚂 Round 90: Client training...
[ 2026-03-06 13:43:07 | node_27 | INFO ] 📈 Evaluated. Results: {'test_loss': 1.4788016080856323, 'test_acc': 0.8918918967247009, 'test_precision': 0.4444445073604584, 'test_recall': 0.42720305919647217, 'test_f1': 0.43535351753234863, 'communication_cost': 0}
[ 2026-03-06 13:43:07 | node_23 | INFO ] 📈 Evaluated. Results: {'test_loss': 0.17555490136146545, 'test_acc': 0.9611650705337524, 'test_precision': 0.5416666865348816, 'test_recall': 0.6598639488220215, 'test_f1': 0.583829402923584, 'communication_cost': 0}
[ 2026-03-06 13:43:07 | node_24 | INFO ] 📈 Evaluated. Results: {'test_loss': 0.14166277647018433, 'test_acc': 0.9607843160629272, 'test_precision': 0.6666666865348816, 'test_recall': 0.6507936120033264, 'test_f1': 0.6585366725921631, 'communication_cost': 0}
[ 2026-03-06 13:43:07 | node_32 | INFO ] 📈 Evaluated. Results: {'test_loss': 0.7452787756919861, 'test_acc': 0.9111111164093018, 'test_precision': 0.3333333432674408, 'test_recall': 0.4155844449996948, 'test_f1': 0.3503401577472687, 'communication_cost': 0}
[ 2026-03-06 13:43:07 | node_33 | INFO ] 🚂 Round 90: Client training...
[ 2026-03-06 13:43:07 | node_25 | INFO ] 📈 Evaluated. Results: {'test_loss': 0.2028467208147049, 'test_acc': 0.9636363387107849, 'test_precision': 0.36818182468414307, 'test_recall': 0.3957277536392212, 'test_f1': 0.37840208411216736, 'communication_cost': 0}
[ 2026-03-06 13:43:07 | node_31 | INFO ] 🚂 Round 90: Client training...
[ 2026-03-06 13:43:07 | node_9 | INFO ] 🚂 Round 90: Client training...
[ 2026-03-06 13:43:07 | node_30 | INFO ] 📈 Evaluated. Results: {'test_loss': 0.02327900193631649, 'test_acc': 1.0, 'test_precision': 1.0, 'test_recall': 1.0, 'test_f1': 1.0, 'communication_cost': 0}
[ 2026-03-06 13:43:07 | node_23 | INFO ] 🚂 Round 90: Client training...
[ 2026-03-06 13:43:07 | node_24 | INFO ] 🚂 Round 90: Client training...
[ 2026-03-06 13:43:07 | node_27 | INFO ] 🚂 Round 90: Client training...
[ 2026-03-06 13:43:07 | node_25 | INFO ] 🚂 Round 90: Client training...
[ 2026-03-06 13:43:07 | node_36 | INFO ] 📈 Evaluated. Results: {'test_loss': 0.388212651014328, 'test_acc': 0.9405940771102905, 'test_precision': 0.39201921224594116, 'test_recall': 0.39161616563796997, 'test_f1': 0.38923197984695435, 'communication_cost': 0}
[ 2026-03-06 13:43:07 | node_32 | INFO ] 🚂 Round 90: Client training...
[ 2026-03-06 13:43:07 | node_34 | INFO ] 📈 Evaluated. Results: {'test_loss': 0.45427367091178894, 'test_acc': 0.9490445852279663, 'test_precision': 0.44183942675590515, 'test_recall': 0.4284442961215973, 'test_f1': 0.43448877334594727, 'communication_cost': 0}
[ 2026-03-06 13:43:07 | node_39 | INFO ] 🔬 Evaluating...
[ 2026-03-06 13:43:07 | node_40 | INFO ] 🔬 Evaluating...
[ 2026-03-06 13:43:07 | node_30 | INFO ] 🚂 Round 90: Client training...
[ 2026-03-06 13:43:07 | node_36 | INFO ] 🚂 Round 90: Client training...
[ 2026-03-06 13:43:07 | node_34 | INFO ] 🚂 Round 90: Client training...
[ 2026-03-06 13:43:07 | node_28 | INFO ] 📈 Evaluated. Results: {'test_loss': 0.36448678374290466, 'test_acc': 0.9720559120178223, 'test_precision': 0.38304415345191956, 'test_recall': 0.38957491517066956, 'test_f1': 0.38491228222846985, 'communication_cost': 0}
[ 2026-03-06 13:43:07 | node_41 | INFO ] 🔬 Evaluating...
[ 2026-03-06 13:43:07 | node_26 | INFO ] 📈 Evaluated. Results: {'test_loss': 0.1401718109846115, 'test_acc': 0.9631490707397461, 'test_precision': 0.38336125016212463, 'test_recall': 0.37181776762008667, 'test_f1': 0.37737223505973816, 'communication_cost': 0}
[ 2026-03-06 13:43:08 | node_28 | INFO ] 🚂 Round 90: Client training...
[ 2026-03-06 13:43:08 | node_29 | INFO ] 📈 Evaluated. Results: {'test_loss': 0.6478581428527832, 'test_acc': 0.8657817244529724, 'test_precision': 0.2125665247440338, 'test_recall': 0.1874011605978012, 'test_f1': 0.1990307867527008, 'communication_cost': 0}
[ 2026-03-06 13:43:08 | node_37 | INFO ] 📈 Evaluated. Results: {'test_loss': 0.9885649085044861, 'test_acc': 0.8732394576072693, 'test_precision': 0.6542981266975403, 'test_recall': 0.656845211982727, 'test_f1': 0.6508175134658813, 'communication_cost': 0}
[ 2026-03-06 13:43:08 | node_26 | INFO ] 🚂 Round 90: Client training...
[ 2026-03-06 13:43:08 | node_38 | INFO ] 📈 Evaluated. Results: {'test_loss': 0.5668160319328308, 'test_acc': 0.9068322777748108, 'test_precision': 0.5373932719230652, 'test_recall': 0.5358697175979614, 'test_f1': 0.5326197147369385, 'communication_cost': 0}
[ 2026-03-06 13:43:08 | node_29 | INFO ] 🚂 Round 90: Client training...
[ 2026-03-06 13:43:08 | node_37 | INFO ] 🚂 Round 90: Client training...
[ 2026-03-06 13:43:08 | node_39 | INFO ] 📈 Evaluated. Results: {'test_loss': 0.1608060598373413, 'test_acc': 0.9684210419654846, 'test_precision': 0.738095223903656, 'test_recall': 0.8369815349578857, 'test_f1': 0.7702671885490417, 'communication_cost': 0}
[ 2026-03-06 13:43:08 | node_38 | INFO ] 🚂 Round 90: Client training...
[ 2026-03-06 13:43:08 | node_39 | INFO ] 🚂 Round 90: Client training...
[ 2026-03-06 13:43:08 | node_41 | INFO ] 📈 Evaluated. Results: {'test_loss': 0.21653535962104797, 'test_acc': 0.9636363387107849, 'test_precision': 0.7200000286102295, 'test_recall': 0.7923077940940857, 'test_f1': 0.7460784912109375, 'communication_cost': 0}
[ 2026-03-06 13:43:08 | node_43 | INFO ] 🔬 Evaluating...
[ 2026-03-06 13:43:08 | node_42 | INFO ] 🔬 Evaluating...
[ 2026-03-06 13:43:08 | node_40 | INFO ] 📈 Evaluated. Results: {'test_loss': 0.2842954397201538, 'test_acc': 0.9607142806053162, 'test_precision': 0.45102041959762573, 'test_recall': 0.4564248025417328, 'test_f1': 0.4480777680873871, 'communication_cost': 0}
[ 2026-03-06 13:43:08 | node_41 | INFO ] 🚂 Round 90: Client training...
[ 2026-03-06 13:43:08 | node_40 | INFO ] 🚂 Round 90: Client training...
[ 2026-03-06 13:43:08 | node_42 | INFO ] 📈 Evaluated. Results: {'test_loss': 0.00039832497714087367, 'test_acc': 1.0, 'test_precision': 1.0, 'test_recall': 1.0, 'test_f1': 1.0, 'communication_cost': 0}
[ 2026-03-06 13:43:08 | node_43 | INFO ] 📈 Evaluated. Results: {'test_loss': 0.30665937066078186, 'test_acc': 0.9292452931404114, 'test_precision': 0.4355795383453369, 'test_recall': 0.4357299506664276, 'test_f1': 0.4339923560619354, 'communication_cost': 0}
[ 2026-03-06 13:43:08 | node_42 | INFO ] 🚂 Round 90: Client training...
[ 2026-03-06 13:43:08 | node_43 | INFO ] 🚂 Round 90: Client training...
[ 2026-03-06 13:43:08 | node_44 | INFO ] 🔬 Evaluating...
[ 2026-03-06 13:43:08 | node_45 | INFO ] 🔬 Evaluating...
[ 2026-03-06 13:43:08 | node_49 | INFO ] 🔬 Evaluating...
[ 2026-03-06 13:43:08 | node_44 | INFO ] 📈 Evaluated. Results: {'test_loss': 0.27007707953453064, 'test_acc': 0.9433962106704712, 'test_precision': 0.6666666865348816, 'test_recall': 0.6541666984558105, 'test_f1': 0.6601731777191162, 'communication_cost': 0}
[ 2026-03-06 13:43:08 | node_45 | INFO ] 📈 Evaluated. Results: {'test_loss': 0.2156868278980255, 'test_acc': 0.9230769276618958, 'test_precision': 0.5416666865348816, 'test_recall': 0.6518518924713135, 'test_f1': 0.5795496702194214, 'communication_cost': 0}
[ 2026-03-06 13:43:08 | node_45 | INFO ] 🚂 Round 90: Client training...
[ 2026-03-06 13:43:08 | node_44 | INFO ] 🚂 Round 90: Client training...
[ 2026-03-06 13:43:08 | node_49 | INFO ] 📈 Evaluated. Results: {'test_loss': 0.2601200044155121, 'test_acc': 0.9360568523406982, 'test_precision': 0.4710535705089569, 'test_recall': 0.4718942940235138, 'test_f1': 0.4693199694156647, 'communication_cost': 0}
[ 2026-03-06 13:43:08 | node_49 | INFO ] 🚂 Round 90: Client training...
[ 2026-03-06 13:43:09 | node | INFO ] ⏳ Round 90: Server waiting for 49 updates.
[ 2026-03-06 13:43:09 | node | INFO ] ♻️ Proactively processing 43 early models for round 90.
[ 2026-03-06 13:43:09 | node | INFO ] 🧩 Model added for round 90 (1/49) from ['node_1']
[ 2026-03-06 13:43:09 | node | INFO ] 🧩 Model added for round 90 (2/49) from ['node_4']
[ 2026-03-06 13:43:09 | node | INFO ] 🧩 Model added for round 90 (3/49) from ['node_3']
[ 2026-03-06 13:43:09 | node | INFO ] 🧩 Model added for round 90 (4/49) from ['node_11']
[ 2026-03-06 13:43:09 | node | INFO ] 🧩 Model added for round 90 (5/49) from ['node_10']
[ 2026-03-06 13:43:09 | node | INFO ] 🧩 Model added for round 90 (6/49) from ['node_17']
[ 2026-03-06 13:43:09 | node | INFO ] 🧩 Model added for round 90 (7/49) from ['node_8']
[ 2026-03-06 13:43:09 | node | INFO ] 🧩 Model added for round 90 (8/49) from ['node_6']
[ 2026-03-06 13:43:09 | node | INFO ] 🧩 Model added for round 90 (9/49) from ['node_7']
[ 2026-03-06 13:43:09 | node | INFO ] 🧩 Model added for round 90 (10/49) from ['node_20']
[ 2026-03-06 13:43:09 | node | INFO ] 🧩 Model added for round 90 (11/49) from ['node_19']
[ 2026-03-06 13:43:09 | node | INFO ] 🧩 Model added for round 90 (12/49) from ['node_2']
[ 2026-03-06 13:43:09 | node | INFO ] 🧩 Model added for round 90 (13/49) from ['node_18']
[ 2026-03-06 13:43:09 | node | INFO ] 🧩 Model added for round 90 (14/49) from ['node_33']
[ 2026-03-06 13:43:09 | node | INFO ] 🧩 Model added for round 90 (15/49) from ['node_12']
[ 2026-03-06 13:43:09 | node | INFO ] 🧩 Model added for round 90 (16/49) from ['node_35']
[ 2026-03-06 13:43:09 | node | INFO ] 🧩 Model added for round 90 (17/49) from ['node_5']
[ 2026-03-06 13:43:09 | node | INFO ] 🧩 Model added for round 90 (18/49) from ['node_16']
[ 2026-03-06 13:43:09 | node | INFO ] 🧩 Model added for round 90 (19/49) from ['node_21']
[ 2026-03-06 13:43:09 | node | INFO ] 🧩 Model added for round 90 (20/49) from ['node_13']
[ 2026-03-06 13:43:09 | node | INFO ] 🧩 Model added for round 90 (21/49) from ['node_22']
[ 2026-03-06 13:43:09 | node | INFO ] 🧩 Model added for round 90 (22/49) from ['node_15']
[ 2026-03-06 13:43:09 | node | INFO ] 🧩 Model added for round 90 (23/49) from ['node_24']
[ 2026-03-06 13:43:09 | node | INFO ] 🧩 Model added for round 90 (24/49) from ['node_34']
[ 2026-03-06 13:43:09 | node | INFO ] 🧩 Model added for round 90 (25/49) from ['node_9']
[ 2026-03-06 13:43:09 | node | INFO ] 🧩 Model added for round 90 (26/49) from ['node_26']
[ 2026-03-06 13:43:09 | node | INFO ] 🧩 Model added for round 90 (27/49) from ['node_30']
[ 2026-03-06 13:43:09 | node | INFO ] 🧩 Model added for round 90 (28/49) from ['node_31']
[ 2026-03-06 13:43:09 | node | INFO ] 🧩 Model added for round 90 (29/49) from ['node_14']
[ 2026-03-06 13:43:09 | node | INFO ] 🧩 Model added for round 90 (30/49) from ['node_23']
[ 2026-03-06 13:43:09 | node | INFO ] 🧩 Model added for round 90 (31/49) from ['node_36']
[ 2026-03-06 13:43:09 | node | INFO ] 🧩 Model added for round 90 (32/49) from ['node_27']
[ 2026-03-06 13:43:09 | node | INFO ] 🧩 Model added for round 90 (33/49) from ['node_32']
[ 2026-03-06 13:43:09 | node | INFO ] 🧩 Model added for round 90 (34/49) from ['node_37']
[ 2026-03-06 13:43:09 | node | INFO ] 🧩 Model added for round 90 (35/49) from ['node_25']
[ 2026-03-06 13:43:09 | node | INFO ] 🧩 Model added for round 90 (36/49) from ['node_38']
[ 2026-03-06 13:43:09 | node | INFO ] 🧩 Model added for round 90 (37/49) from ['node_29']
[ 2026-03-06 13:43:09 | node | INFO ] 🧩 Model added for round 90 (38/49) from ['node_28']
[ 2026-03-06 13:43:09 | node | INFO ] 🧩 Model added for round 90 (39/49) from ['node_41']
[ 2026-03-06 13:43:09 | node | INFO ] 🧩 Model added for round 90 (40/49) from ['node_39']
[ 2026-03-06 13:43:09 | node | INFO ] 🧩 Model added for round 90 (41/49) from ['node_40']
[ 2026-03-06 13:43:09 | node | INFO ] 🧩 Model added for round 90 (42/49) from ['node_42']
[ 2026-03-06 13:43:09 | node | INFO ] 🧩 Model added for round 90 (43/49) from ['node_43']
[ 2026-03-06 13:43:09 | node | INFO ] 🧩 Model added for round 90 (44/49) from ['node_49']
[ 2026-03-06 13:43:09 | node | INFO ] 🧩 Model added for round 90 (45/49) from ['node_45']
[ 2026-03-06 13:43:09 | node | INFO ] 🧩 Model added for round 90 (46/49) from ['node_44']
[ 2026-03-06 13:43:09 | node_46 | INFO ] 🔬 Evaluating...
[ 2026-03-06 13:43:09 | node_46 | INFO ] 📈 Evaluated. Results: {'test_loss': 0.20826932787895203, 'test_acc': 0.9702380895614624, 'test_precision': 0.5889133214950562, 'test_recall': 0.597004234790802, 'test_f1': 0.5925010442733765, 'communication_cost': 0}
[ 2026-03-06 13:43:09 | node_46 | INFO ] 🚂 Round 90: Client training...
[ 2026-03-06 13:43:09 | node_47 | INFO ] 🔬 Evaluating...
[ 2026-03-06 13:43:09 | node_48 | INFO ] 🔬 Evaluating...
[ 2026-03-06 13:43:09 | node_47 | INFO ] 📈 Evaluated. Results: {'test_loss': 0.03615366667509079, 'test_acc': 0.9928057789802551, 'test_precision': 0.9841727018356323, 'test_recall': 0.9810072183609009, 'test_f1': 0.9824140667915344, 'communication_cost': 0}
[ 2026-03-06 13:43:09 | node_47 | INFO ] 🚂 Round 90: Client training...
[ 2026-03-06 13:43:09 | node | INFO ] 🧩 Model added for round 90 (47/49) from ['node_46']
[ 2026-03-06 13:43:09 | node_48 | INFO ] 📈 Evaluated. Results: {'test_loss': 0.49390527606010437, 'test_acc': 0.902877688407898, 'test_precision': 0.2988009452819824, 'test_recall': 0.3284139633178711, 'test_f1': 0.30111363530158997, 'communication_cost': 0}
[ 2026-03-06 13:43:09 | node_48 | INFO ] 🚂 Round 90: Client training...
[ 2026-03-06 13:43:09 | node | INFO ] 🧩 Model added for round 90 (48/49) from ['node_47']
[ 2026-03-06 13:43:09 | node | INFO ] 🧩 Model added for round 90 (49/49) from ['node_48']
[ 2026-03-06 13:43:10 | node | INFO ] 🔬 Evaluating...
[ 2026-03-06 13:43:10 | node | INFO ] 📈 Evaluated. Results: {'test_loss': 0.21945233643054962, 'test_acc': 0.9556451439857483, 'test_precision': 0.3161070644855499, 'test_recall': 0.3235562741756439, 'test_f1': 0.3187641203403473, 'communication_cost': 46110666}
[ 2026-03-06 13:43:10 | node_11 | INFO ] 🔬 Evaluating...
[ 2026-03-06 13:43:10 | node_8 | INFO ] 🔬 Evaluating...
[ 2026-03-06 13:43:10 | node_7 | INFO ] 🔬 Evaluating...
[ 2026-03-06 13:43:10 | node_11 | INFO ] 📈 Evaluated. Results: {'test_loss': 0.3454953134059906, 'test_acc': 0.9047619104385376, 'test_precision': 0.7095004320144653, 'test_recall': 0.7127631902694702, 'test_f1': 0.7096369862556458, 'communication_cost': 0}
[ 2026-03-06 13:43:10 | node_8 | INFO ] 📈 Evaluated. Results: {'test_loss': 0.23207108676433563, 'test_acc': 0.9290780425071716, 'test_precision': 0.6018394231796265, 'test_recall': 0.5778840780258179, 'test_f1': 0.5869268774986267, 'communication_cost': 0}
[ 2026-03-06 13:43:10 | node_11 | INFO ] 🚂 Round 91: Client training...
[ 2026-03-06 13:43:10 | node_8 | INFO ] 🚂 Round 91: Client training...
[ 2026-03-06 13:43:10 | node_7 | INFO ] 📈 Evaluated. Results: {'test_loss': 0.3065034747123718, 'test_acc': 0.970588207244873, 'test_precision': 0.6254901885986328, 'test_recall': 0.587995171546936, 'test_f1': 0.6054671406745911, 'communication_cost': 0}
[ 2026-03-06 13:43:10 | node_1 | INFO ] 🔬 Evaluating...
[ 2026-03-06 13:43:10 | node_7 | INFO ] 🚂 Round 91: Client training...
[ 2026-03-06 13:43:10 | node_4 | INFO ] 🔬 Evaluating...
[ 2026-03-06 13:43:10 | node_19 | INFO ] 🔬 Evaluating...
[ 2026-03-06 13:43:10 | node_1 | INFO ] 📈 Evaluated. Results: {'test_loss': 0.5925359725952148, 'test_acc': 0.949999988079071, 'test_precision': 0.5, 'test_recall': 0.4749999940395355, 'test_f1': 0.4871794581413269, 'communication_cost': 0}
[ 2026-03-06 13:43:10 | node_1 | INFO ] 🚂 Round 91: Client training...
[ 2026-03-06 13:43:10 | node_3 | INFO ] 🔬 Evaluating...
[ 2026-03-06 13:43:10 | node_4 | INFO ] 📈 Evaluated. Results: {'test_loss': 0.11619782447814941, 'test_acc': 0.9790209531784058, 'test_precision': 0.442890465259552, 'test_recall': 0.4347119927406311, 'test_f1': 0.4387354552745819, 'communication_cost': 0}
[ 2026-03-06 13:43:10 | node_4 | INFO ] 🚂 Round 91: Client training...
[ 2026-03-06 13:43:10 | node_19 | INFO ] 📈 Evaluated. Results: {'test_loss': 0.544334352016449, 'test_acc': 0.8992805480957031, 'test_precision': 0.6118191480636597, 'test_recall': 0.7377201914787292, 'test_f1': 0.6480583548545837, 'communication_cost': 0}
[ 2026-03-06 13:43:10 | node_19 | INFO ] 🚂 Round 91: Client training...
[ 2026-03-06 13:43:10 | node_18 | INFO ] 🔬 Evaluating...
[ 2026-03-06 13:43:10 | node_2 | INFO ] 🔬 Evaluating...
[ 2026-03-06 13:43:10 | node_3 | INFO ] 📈 Evaluated. Results: {'test_loss': 0.017286183312535286, 'test_acc': 1.0, 'test_precision': 1.0, 'test_recall': 1.0, 'test_f1': 1.0, 'communication_cost': 0}
[ 2026-03-06 13:43:10 | node_33 | INFO ] 🔬 Evaluating...
[ 2026-03-06 13:43:10 | node_3 | INFO ] 🚂 Round 91: Client training...
[ 2026-03-06 13:43:10 | node_2 | INFO ] 📈 Evaluated. Results: {'test_loss': 0.07271041721105576, 'test_acc': 0.9764705896377563, 'test_precision': 0.7956521511077881, 'test_recall': 0.7789855003356934, 'test_f1': 0.7869564890861511, 'communication_cost': 0}
[ 2026-03-06 13:43:10 | node_12 | INFO ] 🔬 Evaluating...
[ 2026-03-06 13:43:10 | node_18 | INFO ] 📈 Evaluated. Results: {'test_loss': 0.47686973214149475, 'test_acc': 0.9243243336677551, 'test_precision': 0.3805920481681824, 'test_recall': 0.36937272548675537, 'test_f1': 0.3739296495914459, 'communication_cost': 0}
[ 2026-03-06 13:43:10 | node_2 | INFO ] 🚂 Round 91: Client training...
[ 2026-03-06 13:43:10 | node_33 | INFO ] 📈 Evaluated. Results: {'test_loss': 0.4611414968967438, 'test_acc': 0.8899999856948853, 'test_precision': 0.34628573060035706, 'test_recall': 0.32743778824806213, 'test_f1': 0.33626365661621094, 'communication_cost': 0}
[ 2026-03-06 13:43:10 | node_18 | INFO ] 🚂 Round 91: Client training...
[ 2026-03-06 13:43:10 | node_45 | INFO ] 🔬 Evaluating...
[ 2026-03-06 13:43:10 | node_35 | INFO ] 🔬 Evaluating...
[ 2026-03-06 13:43:10 | node_33 | INFO ] 🚂 Round 91: Client training...
[ 2026-03-06 13:43:10 | node_5 | INFO ] 🔬 Evaluating...
[ 2026-03-06 13:43:10 | node_16 | INFO ] 🔬 Evaluating...
[ 2026-03-06 13:43:10 | node_10 | INFO ] 🔬 Evaluating...
[ 2026-03-06 13:43:10 | node_17 | INFO ] 🔬 Evaluating...
[ 2026-03-06 13:43:10 | node_21 | INFO ] 🔬 Evaluating...
[ 2026-03-06 13:43:10 | node_44 | INFO ] 🔬 Evaluating...
[ 2026-03-06 13:43:10 | node_6 | INFO ] 🔬 Evaluating...
[ 2026-03-06 13:43:10 | node_13 | INFO ] 🔬 Evaluating...
[ 2026-03-06 13:43:10 | node_45 | INFO ] 📈 Evaluated. Results: {'test_loss': 0.21391037106513977, 'test_acc': 0.9038461446762085, 'test_precision': 0.5416666865348816, 'test_recall': 0.6481481790542603, 'test_f1': 0.577497661113739, 'communication_cost': 0}
[ 2026-03-06 13:43:10 | node_22 | INFO ] 🔬 Evaluating...
[ 2026-03-06 13:43:10 | node_15 | INFO ] 🔬 Evaluating...
[ 2026-03-06 13:43:10 | node_9 | INFO ] 🔬 Evaluating...
[ 2026-03-06 13:43:10 | node_31 | INFO ] 🔬 Evaluating...
[ 2026-03-06 13:43:10 | node_24 | INFO ] 🔬 Evaluating...
[ 2026-03-06 13:43:10 | node_26 | INFO ] 🔬 Evaluating...
[ 2026-03-06 13:43:10 | node_14 | INFO ] 🔬 Evaluating...
[ 2026-03-06 13:43:10 | node_34 | INFO ] 🔬 Evaluating...
[ 2026-03-06 13:43:10 | node_30 | INFO ] 🔬 Evaluating...
[ 2026-03-06 13:43:10 | node_20 | INFO ] 🔬 Evaluating...
[ 2026-03-06 13:43:10 | node_36 | INFO ] 🔬 Evaluating...
[ 2026-03-06 13:43:10 | node_23 | INFO ] 🔬 Evaluating...
[ 2026-03-06 13:43:10 | node_28 | INFO ] 🔬 Evaluating...
[ 2026-03-06 13:43:10 | node_37 | INFO ] 🔬 Evaluating...
[ 2026-03-06 13:43:10 | node_38 | INFO ] 🔬 Evaluating...
[ 2026-03-06 13:43:10 | node_41 | INFO ] 🔬 Evaluating...
[ 2026-03-06 13:43:10 | node_45 | INFO ] 🚂 Round 91: Client training...
[ 2026-03-06 13:43:10 | node_29 | INFO ] 🔬 Evaluating...
[ 2026-03-06 13:43:10 | node_27 | INFO ] 🔬 Evaluating...
[ 2026-03-06 13:43:10 | node_32 | INFO ] 🔬 Evaluating...
[ 2026-03-06 13:43:10 | node_39 | INFO ] 🔬 Evaluating...
[ 2026-03-06 13:43:10 | node_46 | INFO ] 🔬 Evaluating...
[ 2026-03-06 13:43:10 | node_25 | INFO ] 🔬 Evaluating...
[ 2026-03-06 13:43:10 | node_35 | INFO ] 📈 Evaluated. Results: {'test_loss': 0.5074383020401001, 'test_acc': 0.9404761791229248, 'test_precision': 0.40000003576278687, 'test_recall': 0.38765430450439453, 'test_f1': 0.3936305642127991, 'communication_cost': 0}
[ 2026-03-06 13:43:10 | node_40 | INFO ] 🔬 Evaluating...
[ 2026-03-06 13:43:10 | node_42 | INFO ] 🔬 Evaluating...
[ 2026-03-06 13:43:10 | node_47 | INFO ] 🔬 Evaluating...
[ 2026-03-06 13:43:10 | node_43 | INFO ] 🔬 Evaluating...
[ 2026-03-06 13:43:10 | node_10 | INFO ] 📈 Evaluated. Results: {'test_loss': 0.0016651889309287071, 'test_acc': 1.0, 'test_precision': 1.0, 'test_recall': 1.0, 'test_f1': 1.0, 'communication_cost': 0}
[ 2026-03-06 13:43:11 | node_48 | INFO ] 🔬 Evaluating...
[ 2026-03-06 13:43:11 | node_12 | INFO ] 📈 Evaluated. Results: {'test_loss': 0.2568417489528656, 'test_acc': 0.9319526553153992, 'test_precision': 0.30611562728881836, 'test_recall': 0.31744813919067383, 'test_f1': 0.30743056535720825, 'communication_cost': 0}
[ 2026-03-06 13:43:11 | node_49 | INFO ] 🔬 Evaluating...
[ 2026-03-06 13:43:11 | node_16 | INFO ] 📈 Evaluated. Results: {'test_loss': 0.27024638652801514, 'test_acc': 0.9431818127632141, 'test_precision': 0.7576096057891846, 'test_recall': 0.7343305349349976, 'test_f1': 0.7451265454292297, 'communication_cost': 0}
[ 2026-03-06 13:43:11 | node_5 | INFO ] 📈 Evaluated. Results: {'test_loss': 0.35258710384368896, 'test_acc': 0.918552041053772, 'test_precision': 0.5726199746131897, 'test_recall': 0.632203996181488, 'test_f1': 0.5931152701377869, 'communication_cost': 0}
[ 2026-03-06 13:43:11 | node_17 | INFO ] 📈 Evaluated. Results: {'test_loss': 0.345176100730896, 'test_acc': 0.9036144614219666, 'test_precision': 0.5703703761100769, 'test_recall': 0.6433566808700562, 'test_f1': 0.5972124934196472, 'communication_cost': 0}
[ 2026-03-06 13:43:11 | node_6 | INFO ] 📈 Evaluated. Results: {'test_loss': 0.3561805784702301, 'test_acc': 0.9230769276618958, 'test_precision': 0.5657142996788025, 'test_recall': 0.7806451320648193, 'test_f1': 0.6300421357154846, 'communication_cost': 0}
[ 2026-03-06 13:43:11 | node_44 | INFO ] 📈 Evaluated. Results: {'test_loss': 0.30501750111579895, 'test_acc': 0.9433962106704712, 'test_precision': 0.6666666865348816, 'test_recall': 0.6541666984558105, 'test_f1': 0.6601731777191162, 'communication_cost': 0}
[ 2026-03-06 13:43:11 | node_35 | INFO ] 🚂 Round 91: Client training...
[ 2026-03-06 13:43:11 | node_21 | INFO ] 📈 Evaluated. Results: {'test_loss': 0.32424232363700867, 'test_acc': 0.9471153616905212, 'test_precision': 0.5144485235214233, 'test_recall': 0.5071948170661926, 'test_f1': 0.5105242133140564, 'communication_cost': 0}
[ 2026-03-06 13:43:11 | node_13 | INFO ] 📈 Evaluated. Results: {'test_loss': 0.4656584560871124, 'test_acc': 0.9162303805351257, 'test_precision': 0.29123038053512573, 'test_recall': 0.3293291926383972, 'test_f1': 0.30047035217285156, 'communication_cost': 0}
[ 2026-03-06 13:43:11 | node_44 | INFO ] 🚂 Round 91: Client training...
[ 2026-03-06 13:43:11 | node_22 | INFO ] 📈 Evaluated. Results: {'test_loss': 0.25421321392059326, 'test_acc': 0.9655172228813171, 'test_precision': 0.6000000238418579, 'test_recall': 0.6000000238418579, 'test_f1': 0.6000000238418579, 'communication_cost': 0}
[ 2026-03-06 13:43:11 | node_10 | INFO ] 🚂 Round 91: Client training...
[ 2026-03-06 13:43:11 | node_24 | INFO ] 📈 Evaluated. Results: {'test_loss': 0.21212263405323029, 'test_acc': 0.9215686321258545, 'test_precision': 0.4749999940395355, 'test_recall': 0.4761904776096344, 'test_f1': 0.47434210777282715, 'communication_cost': 0}
[ 2026-03-06 13:43:11 | node_12 | INFO ] 🚂 Round 91: Client training...
[ 2026-03-06 13:43:11 | node_15 | INFO ] 📈 Evaluated. Results: {'test_loss': 0.19836975634098053, 'test_acc': 0.9836734533309937, 'test_precision': 0.6193877458572388, 'test_recall': 0.6121993064880371, 'test_f1': 0.6157548427581787, 'communication_cost': 0}
[ 2026-03-06 13:43:11 | node_34 | INFO ] 📈 Evaluated. Results: {'test_loss': 0.4473440945148468, 'test_acc': 0.9426751732826233, 'test_precision': 0.44183942675590515, 'test_recall': 0.42624080181121826, 'test_f1': 0.4333168566226959, 'communication_cost': 0}
[ 2026-03-06 13:43:11 | node_14 | INFO ] 📈 Evaluated. Results: {'test_loss': 0.20554639399051666, 'test_acc': 0.9647058844566345, 'test_precision': 0.3637255132198334, 'test_recall': 0.3651270270347595, 'test_f1': 0.36346885561943054, 'communication_cost': 0}
[ 2026-03-06 13:43:11 | node_9 | INFO ] 📈 Evaluated. Results: {'test_loss': 0.14922267198562622, 'test_acc': 0.9863013625144958, 'test_precision': 0.5194434523582458, 'test_recall': 0.5129541754722595, 'test_f1': 0.5161212682723999, 'communication_cost': 0}
[ 2026-03-06 13:43:11 | node_16 | INFO ] 🚂 Round 91: Client training...
[ 2026-03-06 13:43:11 | node_20 | INFO ] 📈 Evaluated. Results: {'test_loss': 0.5491982698440552, 'test_acc': 0.8850574493408203, 'test_precision': 0.3193991482257843, 'test_recall': 0.30339232087135315, 'test_f1': 0.31078964471817017, 'communication_cost': 0}
[ 2026-03-06 13:43:11 | node_14 | INFO ] 🚂 Round 91: Client training...
[ 2026-03-06 13:43:11 | node_26 | INFO ] 📈 Evaluated. Results: {'test_loss': 0.10946301370859146, 'test_acc': 0.9715242981910706, 'test_precision': 0.5000558495521545, 'test_recall': 0.49083858728408813, 'test_f1': 0.4953281581401825, 'communication_cost': 0}
[ 2026-03-06 13:43:11 | node_41 | INFO ] 📈 Evaluated. Results: {'test_loss': 0.1982821226119995, 'test_acc': 0.9727272987365723, 'test_precision': 0.7200000286102295, 'test_recall': 0.7942308187484741, 'test_f1': 0.7470731735229492, 'communication_cost': 0}
[ 2026-03-06 13:43:11 | node_37 | INFO ] 📈 Evaluated. Results: {'test_loss': 0.9951896071434021, 'test_acc': 0.8591549396514893, 'test_precision': 0.6445578336715698, 'test_recall': 0.6523809432983398, 'test_f1': 0.642387330532074, 'communication_cost': 0}
[ 2026-03-06 13:43:11 | node_23 | INFO ] 📈 Evaluated. Results: {'test_loss': 0.23022782802581787, 'test_acc': 0.9417475461959839, 'test_precision': 0.4642857313156128, 'test_recall': 0.5626822710037231, 'test_f1': 0.49889007210731506, 'communication_cost': 0}
[ 2026-03-06 13:43:11 | node_31 | INFO ] 📈 Evaluated. Results: {'test_loss': 0.1876911073923111, 'test_acc': 0.9541984796524048, 'test_precision': 0.5348963737487793, 'test_recall': 0.5571414828300476, 'test_f1': 0.543000340461731, 'communication_cost': 0}
[ 2026-03-06 13:43:11 | node_5 | INFO ] 🚂 Round 91: Client training...
[ 2026-03-06 13:43:11 | node_38 | INFO ] 📈 Evaluated. Results: {'test_loss': 0.5161941051483154, 'test_acc': 0.9254658222198486, 'test_precision': 0.4959183633327484, 'test_recall': 0.5417852997779846, 'test_f1': 0.506628692150116, 'communication_cost': 0}
[ 2026-03-06 13:43:11 | node_39 | INFO ] 📈 Evaluated. Results: {'test_loss': 0.15971973538398743, 'test_acc': 0.9684210419654846, 'test_precision': 0.738095223903656, 'test_recall': 0.8369815349578857, 'test_f1': 0.7702671885490417, 'communication_cost': 0}
[ 2026-03-06 13:43:11 | node_30 | INFO ] 📈 Evaluated. Results: {'test_loss': 0.04483504220843315, 'test_acc': 1.0, 'test_precision': 1.0, 'test_recall': 1.0, 'test_f1': 1.0, 'communication_cost': 0}
[ 2026-03-06 13:43:11 | node_27 | INFO ] 📈 Evaluated. Results: {'test_loss': 1.482303261756897, 'test_acc': 0.8918918967247009, 'test_precision': 0.4444445073604584, 'test_recall': 0.42720305919647217, 'test_f1': 0.43535351753234863, 'communication_cost': 0}
[ 2026-03-06 13:43:11 | node_17 | INFO ] 🚂 Round 91: Client training...
[ 2026-03-06 13:43:11 | node_32 | INFO ] 📈 Evaluated. Results: {'test_loss': 0.8093650937080383, 'test_acc': 0.8999999761581421, 'test_precision': 0.3333333432674408, 'test_recall': 0.4139610826969147, 'test_f1': 0.3494439721107483, 'communication_cost': 0}
[ 2026-03-06 13:43:11 | node_6 | INFO ] 🚂 Round 91: Client training...
[ 2026-03-06 13:43:11 | node_13 | INFO ] 🚂 Round 91: Client training...
[ 2026-03-06 13:43:11 | node_42 | INFO ] 📈 Evaluated. Results: {'test_loss': 0.0002381230442551896, 'test_acc': 1.0, 'test_precision': 1.0, 'test_recall': 1.0, 'test_f1': 1.0, 'communication_cost': 0}
[ 2026-03-06 13:43:11 | node_21 | INFO ] 🚂 Round 91: Client training...
[ 2026-03-06 13:43:11 | node_22 | INFO ] 🚂 Round 91: Client training...
[ 2026-03-06 13:43:11 | node_25 | INFO ] 📈 Evaluated. Results: {'test_loss': 0.23215578496456146, 'test_acc': 0.9636363387107849, 'test_precision': 0.36818182468414307, 'test_recall': 0.3957277536392212, 'test_f1': 0.37840208411216736, 'communication_cost': 0}
[ 2026-03-06 13:43:11 | node_28 | INFO ] 📈 Evaluated. Results: {'test_loss': 0.37436240911483765, 'test_acc': 0.970059871673584, 'test_precision': 0.383026123046875, 'test_recall': 0.38876402378082275, 'test_f1': 0.384485125541687, 'communication_cost': 0}
[ 2026-03-06 13:43:11 | node_46 | INFO ] 📈 Evaluated. Results: {'test_loss': 0.21792657673358917, 'test_acc': 0.9642857313156128, 'test_precision': 0.4768882095813751, 'test_recall': 0.46994641423225403, 'test_f1': 0.4733520746231079, 'communication_cost': 0}
[ 2026-03-06 13:43:11 | node_15 | INFO ] 🚂 Round 91: Client training...
[ 2026-03-06 13:43:11 | node_24 | INFO ] 🚂 Round 91: Client training...
[ 2026-03-06 13:43:11 | node_34 | INFO ] 🚂 Round 91: Client training...
[ 2026-03-06 13:43:11 | node_9 | INFO ] 🚂 Round 91: Client training...
[ 2026-03-06 13:43:11 | node_20 | INFO ] 🚂 Round 91: Client training...
[ 2026-03-06 13:43:11 | node_26 | INFO ] 🚂 Round 91: Client training...
[ 2026-03-06 13:43:11 | node_41 | INFO ] 🚂 Round 91: Client training...
[ 2026-03-06 13:43:11 | node_36 | INFO ] 📈 Evaluated. Results: {'test_loss': 0.37493613362312317, 'test_acc': 0.9471946954727173, 'test_precision': 0.3997749984264374, 'test_recall': 0.39970195293426514, 'test_f1': 0.3972296416759491, 'communication_cost': 0}
[ 2026-03-06 13:43:11 | node_47 | INFO ] 📈 Evaluated. Results: {'test_loss': 0.049326661974191666, 'test_acc': 0.9856114983558655, 'test_precision': 0.5237410068511963, 'test_recall': 0.5169784426689148, 'test_f1': 0.5201767683029175, 'communication_cost': 0}
[ 2026-03-06 13:43:11 | node_37 | INFO ] 🚂 Round 91: Client training...
[ 2026-03-06 13:43:11 | node_23 | INFO ] 🚂 Round 91: Client training...
[ 2026-03-06 13:43:11 | node_38 | INFO ] 🚂 Round 91: Client training...
[ 2026-03-06 13:43:12 | node_48 | INFO ] 📈 Evaluated. Results: {'test_loss': 0.5495964884757996, 'test_acc': 0.8956834673881531, 'test_precision': 0.31952038407325745, 'test_recall': 0.34780004620552063, 'test_f1': 0.31908532977104187, 'communication_cost': 0}
[ 2026-03-06 13:43:12 | node_31 | INFO ] 🚂 Round 91: Client training...
[ 2026-03-06 13:43:12 | node_43 | INFO ] 📈 Evaluated. Results: {'test_loss': 0.3199424743652344, 'test_acc': 0.9339622855186462, 'test_precision': 0.49308180809020996, 'test_recall': 0.49334922432899475, 'test_f1': 0.49155232310295105, 'communication_cost': 0}
[ 2026-03-06 13:43:12 | node_39 | INFO ] 🚂 Round 91: Client training...
[ 2026-03-06 13:43:12 | node_30 | INFO ] 🚂 Round 91: Client training...
[ 2026-03-06 13:43:12 | node_27 | INFO ] 🚂 Round 91: Client training...
[ 2026-03-06 13:43:12 | node_32 | INFO ] 🚂 Round 91: Client training...
[ 2026-03-06 13:43:12 | node_29 | INFO ] 📈 Evaluated. Results: {'test_loss': 0.660106360912323, 'test_acc': 0.8628318309783936, 'test_precision': 0.2211819738149643, 'test_recall': 0.19354261457920074, 'test_f1': 0.20623673498630524, 'communication_cost': 0}
[ 2026-03-06 13:43:12 | node_42 | INFO ] 🚂 Round 91: Client training...
[ 2026-03-06 13:43:12 | node_28 | INFO ] 🚂 Round 91: Client training...
[ 2026-03-06 13:43:12 | node_46 | INFO ] 🚂 Round 91: Client training...
[ 2026-03-06 13:43:12 | node_25 | INFO ] 🚂 Round 91: Client training...
[ 2026-03-06 13:43:12 | node_47 | INFO ] 🚂 Round 91: Client training...
[ 2026-03-06 13:43:12 | node_36 | INFO ] 🚂 Round 91: Client training...
[ 2026-03-06 13:43:12 | node_48 | INFO ] 🚂 Round 91: Client training...
[ 2026-03-06 13:43:12 | node_43 | INFO ] 🚂 Round 91: Client training...
[ 2026-03-06 13:43:12 | node_49 | INFO ] 📈 Evaluated. Results: {'test_loss': 0.26223060488700867, 'test_acc': 0.9342806339263916, 'test_precision': 0.35287153720855713, 'test_recall': 0.35693731904029846, 'test_f1': 0.35286346077919006, 'communication_cost': 0}
[ 2026-03-06 13:43:12 | node_29 | INFO ] 🚂 Round 91: Client training...
[ 2026-03-06 13:43:12 | node_40 | INFO ] 📈 Evaluated. Results: {'test_loss': 0.27951884269714355, 'test_acc': 0.9589285850524902, 'test_precision': 0.3748299479484558, 'test_recall': 0.38112717866897583, 'test_f1': 0.3723314702510834, 'communication_cost': 0}
[ 2026-03-06 13:43:12 | node_49 | INFO ] 🚂 Round 91: Client training...
[ 2026-03-06 13:43:12 | node_40 | INFO ] 🚂 Round 91: Client training...
[ 2026-03-06 13:43:13 | node | INFO ] ⏳ Round 91: Server waiting for 49 updates.
[ 2026-03-06 13:43:13 | node | INFO ] ♻️ Proactively processing 49 early models for round 91.
[ 2026-03-06 13:43:13 | node | INFO ] 🧩 Model added for round 91 (1/49) from ['node_7']
[ 2026-03-06 13:43:13 | node | INFO ] 🧩 Model added for round 91 (2/49) from ['node_11']
[ 2026-03-06 13:43:13 | node | INFO ] 🧩 Model added for round 91 (3/49) from ['node_8']
[ 2026-03-06 13:43:13 | node | INFO ] 🧩 Model added for round 91 (4/49) from ['node_1']
[ 2026-03-06 13:43:13 | node | INFO ] 🧩 Model added for round 91 (5/49) from ['node_4']
[ 2026-03-06 13:43:13 | node | INFO ] 🧩 Model added for round 91 (6/49) from ['node_3']
[ 2026-03-06 13:43:13 | node | INFO ] 🧩 Model added for round 91 (7/49) from ['node_33']
[ 2026-03-06 13:43:13 | node | INFO ] 🧩 Model added for round 91 (8/49) from ['node_18']
[ 2026-03-06 13:43:13 | node | INFO ] 🧩 Model added for round 91 (9/49) from ['node_19']
[ 2026-03-06 13:43:13 | node | INFO ] 🧩 Model added for round 91 (10/49) from ['node_2']
[ 2026-03-06 13:43:13 | node | INFO ] 🧩 Model added for round 91 (11/49) from ['node_10']
[ 2026-03-06 13:43:13 | node | INFO ] 🧩 Model added for round 91 (12/49) from ['node_35']
[ 2026-03-06 13:43:13 | node | INFO ] 🧩 Model added for round 91 (13/49) from ['node_17']
[ 2026-03-06 13:43:13 | node | INFO ] 🧩 Model added for round 91 (14/49) from ['node_45']
[ 2026-03-06 13:43:13 | node | INFO ] 🧩 Model added for round 91 (15/49) from ['node_13']
[ 2026-03-06 13:43:13 | node | INFO ] 🧩 Model added for round 91 (16/49) from ['node_21']
[ 2026-03-06 13:43:13 | node | INFO ] 🧩 Model added for round 91 (17/49) from ['node_41']
[ 2026-03-06 13:43:13 | node | INFO ] 🧩 Model added for round 91 (18/49) from ['node_20']
[ 2026-03-06 13:43:13 | node | INFO ] 🧩 Model added for round 91 (19/49) from ['node_26']
[ 2026-03-06 13:43:13 | node | INFO ] 🧩 Model added for round 91 (20/49) from ['node_24']
[ 2026-03-06 13:43:13 | node | INFO ] 🧩 Model added for round 91 (21/49) from ['node_12']
[ 2026-03-06 13:43:13 | node | INFO ] 🧩 Model added for round 91 (22/49) from ['node_16']
[ 2026-03-06 13:43:13 | node | INFO ] 🧩 Model added for round 91 (23/49) from ['node_38']
[ 2026-03-06 13:43:13 | node | INFO ] 🧩 Model added for round 91 (24/49) from ['node_34']
[ 2026-03-06 13:43:13 | node | INFO ] 🧩 Model added for round 91 (25/49) from ['node_37']
[ 2026-03-06 13:43:13 | node | INFO ] 🧩 Model added for round 91 (26/49) from ['node_9']
[ 2026-03-06 13:43:13 | node | INFO ] 🧩 Model added for round 91 (27/49) from ['node_22']
[ 2026-03-06 13:43:13 | node | INFO ] 🧩 Model added for round 91 (28/49) from ['node_6']
[ 2026-03-06 13:43:13 | node | INFO ] 🧩 Model added for round 91 (29/49) from ['node_44']
[ 2026-03-06 13:43:13 | node | INFO ] 🧩 Model added for round 91 (30/49) from ['node_30']
[ 2026-03-06 13:43:13 | node | INFO ] 🧩 Model added for round 91 (31/49) from ['node_47']
[ 2026-03-06 13:43:13 | node | INFO ] 🧩 Model added for round 91 (32/49) from ['node_25']
[ 2026-03-06 13:43:13 | node | INFO ] 🧩 Model added for round 91 (33/49) from ['node_42']
[ 2026-03-06 13:43:13 | node | INFO ] 🧩 Model added for round 91 (34/49) from ['node_36']
[ 2026-03-06 13:43:13 | node | INFO ] 🧩 Model added for round 91 (35/49) from ['node_46']
[ 2026-03-06 13:43:13 | node | INFO ] 🧩 Model added for round 91 (36/49) from ['node_23']
[ 2026-03-06 13:43:13 | node | INFO ] 🧩 Model added for round 91 (37/49) from ['node_48']
[ 2026-03-06 13:43:13 | node | INFO ] 🧩 Model added for round 91 (38/49) from ['node_31']
[ 2026-03-06 13:43:13 | node | INFO ] 🧩 Model added for round 91 (39/49) from ['node_5']
[ 2026-03-06 13:43:13 | node | INFO ] 🧩 Model added for round 91 (40/49) from ['node_32']
[ 2026-03-06 13:43:13 | node | INFO ] 🧩 Model added for round 91 (41/49) from ['node_14']
[ 2026-03-06 13:43:13 | node | INFO ] 🧩 Model added for round 91 (42/49) from ['node_29']
[ 2026-03-06 13:43:13 | node | INFO ] 🧩 Model added for round 91 (43/49) from ['node_27']
[ 2026-03-06 13:43:13 | node | INFO ] 🧩 Model added for round 91 (44/49) from ['node_40']
[ 2026-03-06 13:43:13 | node | INFO ] 🧩 Model added for round 91 (45/49) from ['node_39']
[ 2026-03-06 13:43:13 | node | INFO ] 🧩 Model added for round 91 (46/49) from ['node_15']
[ 2026-03-06 13:43:13 | node | INFO ] 🧩 Model added for round 91 (47/49) from ['node_28']
[ 2026-03-06 13:43:13 | node | INFO ] 🧩 Model added for round 91 (48/49) from ['node_49']
[ 2026-03-06 13:43:13 | node | INFO ] 🧩 Model added for round 91 (49/49) from ['node_43']
[ 2026-03-06 13:43:13 | node | INFO ] 🔬 Evaluating...
[ 2026-03-06 13:43:13 | node | INFO ] 📈 Evaluated. Results: {'test_loss': 0.19298607110977173, 'test_acc': 0.9596773982048035, 'test_precision': 0.32104456424713135, 'test_recall': 0.32425448298454285, 'test_f1': 0.32151466608047485, 'communication_cost': 46110666}
[ 2026-03-06 13:43:13 | node_2 | INFO ] 🔬 Evaluating...
[ 2026-03-06 13:43:13 | node_10 | INFO ] 🔬 Evaluating...
[ 2026-03-06 13:43:13 | node_2 | INFO ] 📈 Evaluated. Results: {'test_loss': 0.06338387727737427, 'test_acc': 0.9764705896377563, 'test_precision': 0.7956521511077881, 'test_recall': 0.7789855003356934, 'test_f1': 0.7869564890861511, 'communication_cost': 0}
[ 2026-03-06 13:43:13 | node_10 | INFO ] 📈 Evaluated. Results: {'test_loss': 0.0014280994655564427, 'test_acc': 1.0, 'test_precision': 1.0, 'test_recall': 1.0, 'test_f1': 1.0, 'communication_cost': 0}
[ 2026-03-06 13:43:13 | node_2 | INFO ] 🚂 Round 92: Client training...
[ 2026-03-06 13:43:13 | node_13 | INFO ] 🔬 Evaluating...
[ 2026-03-06 13:43:13 | node_41 | INFO ] 🔬 Evaluating...
[ 2026-03-06 13:43:13 | node_20 | INFO ] 🔬 Evaluating...
[ 2026-03-06 13:43:13 | node_21 | INFO ] 🔬 Evaluating...
[ 2026-03-06 13:43:13 | node_10 | INFO ] 🚂 Round 92: Client training...
[ 2026-03-06 13:43:13 | node_26 | INFO ] 🔬 Evaluating...
[ 2026-03-06 13:43:13 | node_12 | INFO ] 🔬 Evaluating...
[ 2026-03-06 13:43:13 | node_16 | INFO ] 🔬 Evaluating...
[ 2026-03-06 13:43:13 | node_34 | INFO ] 🔬 Evaluating...
[ 2026-03-06 13:43:13 | node_37 | INFO ] 🔬 Evaluating...
[ 2026-03-06 13:43:13 | node_38 | INFO ] 🔬 Evaluating...
[ 2026-03-06 13:43:13 | node_24 | INFO ] 🔬 Evaluating...
[ 2026-03-06 13:43:13 | node_9 | INFO ] 🔬 Evaluating...
[ 2026-03-06 13:43:13 | node_7 | INFO ] 🔬 Evaluating...
[ 2026-03-06 13:43:13 | node_22 | INFO ] 🔬 Evaluating...
[ 2026-03-06 13:43:13 | node_44 | INFO ] 🔬 Evaluating...
[ 2026-03-06 13:43:13 | node_25 | INFO ] 🔬 Evaluating...
[ 2026-03-06 13:43:13 | node_6 | INFO ] 🔬 Evaluating...
[ 2026-03-06 13:43:13 | node_46 | INFO ] 🔬 Evaluating...
[ 2026-03-06 13:43:13 | node_36 | INFO ] 🔬 Evaluating...
[ 2026-03-06 13:43:13 | node_23 | INFO ] 🔬 Evaluating...
[ 2026-03-06 13:43:13 | node_31 | INFO ] 🔬 Evaluating...
[ 2026-03-06 13:43:14 | node_48 | INFO ] 🔬 Evaluating...
[ 2026-03-06 13:43:14 | node_5 | INFO ] 🔬 Evaluating...
[ 2026-03-06 13:43:14 | node_32 | INFO ] 🔬 Evaluating...
[ 2026-03-06 13:43:14 | node_30 | INFO ] 🔬 Evaluating...
[ 2026-03-06 13:43:14 | node_42 | INFO ] 🔬 Evaluating...
[ 2026-03-06 13:43:14 | node_28 | INFO ] 🔬 Evaluating...
[ 2026-03-06 13:43:14 | node_49 | INFO ] 🔬 Evaluating...
[ 2026-03-06 13:43:14 | node_29 | INFO ] 🔬 Evaluating...
[ 2026-03-06 13:43:14 | node_39 | INFO ] 🔬 Evaluating...
[ 2026-03-06 13:43:14 | node_14 | INFO ] 🔬 Evaluating...
[ 2026-03-06 13:43:14 | node_43 | INFO ] 🔬 Evaluating...
[ 2026-03-06 13:43:14 | node_47 | INFO ] 🔬 Evaluating...
[ 2026-03-06 13:43:14 | node_27 | INFO ] 🔬 Evaluating...
[ 2026-03-06 13:43:14 | node_11 | INFO ] 🔬 Evaluating...
[ 2026-03-06 13:43:14 | node_40 | INFO ] 🔬 Evaluating...
[ 2026-03-06 13:43:14 | node_8 | INFO ] 🔬 Evaluating...
[ 2026-03-06 13:43:14 | node_3 | INFO ] 🔬 Evaluating...
[ 2026-03-06 13:43:14 | node_13 | INFO ] 📈 Evaluated. Results: {'test_loss': 0.429115891456604, 'test_acc': 0.9162303805351257, 'test_precision': 0.29123038053512573, 'test_recall': 0.32855942845344543, 'test_f1': 0.2999490201473236, 'communication_cost': 0}
[ 2026-03-06 13:43:14 | node_15 | INFO ] 🔬 Evaluating...
[ 2026-03-06 13:43:14 | node_20 | INFO ] 📈 Evaluated. Results: {'test_loss': 0.6087917685508728, 'test_acc': 0.8773946166038513, 'test_precision': 0.3193991482257843, 'test_recall': 0.30124399065971375, 'test_f1': 0.3096058964729309, 'communication_cost': 0}
[ 2026-03-06 13:43:14 | node_18 | INFO ] 🔬 Evaluating...
[ 2026-03-06 13:43:14 | node_19 | INFO ] 🔬 Evaluating...
[ 2026-03-06 13:43:14 | node_1 | INFO ] 🔬 Evaluating...
[ 2026-03-06 13:43:14 | node_21 | INFO ] 📈 Evaluated. Results: {'test_loss': 0.29020577669143677, 'test_acc': 0.9567307829856873, 'test_precision': 0.5144485235214233, 'test_recall': 0.5094759464263916, 'test_f1': 0.5117276310920715, 'communication_cost': 0}
[ 2026-03-06 13:43:14 | node_33 | INFO ] 🔬 Evaluating...
[ 2026-03-06 13:43:14 | node_12 | INFO ] 📈 Evaluated. Results: {'test_loss': 0.3013295531272888, 'test_acc': 0.9319526553153992, 'test_precision': 0.30611562728881836, 'test_recall': 0.31744813919067383, 'test_f1': 0.30743056535720825, 'communication_cost': 0}
[ 2026-03-06 13:43:14 | node_35 | INFO ] 🔬 Evaluating...
[ 2026-03-06 13:43:14 | node_17 | INFO ] 🔬 Evaluating...
[ 2026-03-06 13:43:14 | node_4 | INFO ] 🔬 Evaluating...
[ 2026-03-06 13:43:14 | node_45 | INFO ] 🔬 Evaluating...
[ 2026-03-06 13:43:14 | node_34 | INFO ] 📈 Evaluated. Results: {'test_loss': 0.4531891345977783, 'test_acc': 0.9426751732826233, 'test_precision': 0.38799020648002625, 'test_recall': 0.3742278814315796, 'test_f1': 0.3804178833961487, 'communication_cost': 0}
[ 2026-03-06 13:43:14 | node_26 | INFO ] 📈 Evaluated. Results: {'test_loss': 0.1468028873205185, 'test_acc': 0.9681742191314697, 'test_precision': 0.49056392908096313, 'test_recall': 0.48075342178344727, 'test_f1': 0.48550865054130554, 'communication_cost': 0}
[ 2026-03-06 13:43:14 | node_13 | INFO ] 🚂 Round 92: Client training...
[ 2026-03-06 13:43:14 | node_25 | INFO ] 📈 Evaluated. Results: {'test_loss': 0.24234050512313843, 'test_acc': 0.9636363387107849, 'test_precision': 0.36818182468414307, 'test_recall': 0.3957277536392212, 'test_f1': 0.37840208411216736, 'communication_cost': 0}
[ 2026-03-06 13:43:14 | node_20 | INFO ] 🚂 Round 92: Client training...
[ 2026-03-06 13:43:14 | node_21 | INFO ] 🚂 Round 92: Client training...
[ 2026-03-06 13:43:14 | node_38 | INFO ] 📈 Evaluated. Results: {'test_loss': 0.5929793119430542, 'test_acc': 0.9068322777748108, 'test_precision': 0.48566991090774536, 'test_recall': 0.5248910784721375, 'test_f1': 0.49339568614959717, 'communication_cost': 0}
[ 2026-03-06 13:43:15 | node_12 | INFO ] 🚂 Round 92: Client training...
[ 2026-03-06 13:43:15 | node_34 | INFO ] 🚂 Round 92: Client training...
[ 2026-03-06 13:43:15 | node_26 | INFO ] 🚂 Round 92: Client training...
[ 2026-03-06 13:43:15 | node_30 | INFO ] 📈 Evaluated. Results: {'test_loss': 0.048874158412218094, 'test_acc': 1.0, 'test_precision': 1.0, 'test_recall': 1.0, 'test_f1': 1.0, 'communication_cost': 0}
[ 2026-03-06 13:43:15 | node_24 | INFO ] 📈 Evaluated. Results: {'test_loss': 0.25719374418258667, 'test_acc': 0.9019607901573181, 'test_precision': 0.45454543828964233, 'test_recall': 0.4702381193637848, 'test_f1': 0.4591771960258484, 'communication_cost': 0}
[ 2026-03-06 13:43:15 | node_6 | INFO ] 📈 Evaluated. Results: {'test_loss': 0.2976367175579071, 'test_acc': 0.9230769276618958, 'test_precision': 0.5657142996788025, 'test_recall': 0.7806451320648193, 'test_f1': 0.6300421357154846, 'communication_cost': 0}
[ 2026-03-06 13:43:15 | node_25 | INFO ] 🚂 Round 92: Client training...
[ 2026-03-06 13:43:15 | node_22 | INFO ] 📈 Evaluated. Results: {'test_loss': 0.2942487895488739, 'test_acc': 0.9655172228813171, 'test_precision': 0.6000000238418579, 'test_recall': 0.6000000238418579, 'test_f1': 0.6000000238418579, 'communication_cost': 0}
[ 2026-03-06 13:43:15 | node_16 | INFO ] 📈 Evaluated. Results: {'test_loss': 0.2698267996311188, 'test_acc': 0.9488636255264282, 'test_precision': 0.7576742172241211, 'test_recall': 0.7360787987709045, 'test_f1': 0.746193528175354, 'communication_cost': 0}
[ 2026-03-06 13:43:15 | node_38 | INFO ] 🚂 Round 92: Client training...
[ 2026-03-06 13:43:15 | node_37 | INFO ] 📈 Evaluated. Results: {'test_loss': 0.9595552086830139, 'test_acc': 0.8732394576072693, 'test_precision': 0.6499999761581421, 'test_recall': 0.656845211982727, 'test_f1': 0.6486836671829224, 'communication_cost': 0}
[ 2026-03-06 13:43:15 | node_32 | INFO ] 📈 Evaluated. Results: {'test_loss': 0.7648903727531433, 'test_acc': 0.9111111164093018, 'test_precision': 0.3333333432674408, 'test_recall': 0.4155844449996948, 'test_f1': 0.3503401577472687, 'communication_cost': 0}
[ 2026-03-06 13:43:15 | node_44 | INFO ] 📈 Evaluated. Results: {'test_loss': 0.3581649959087372, 'test_acc': 0.9433962106704712, 'test_precision': 0.6666666865348816, 'test_recall': 0.6541666984558105, 'test_f1': 0.6601731777191162, 'communication_cost': 0}
[ 2026-03-06 13:43:15 | node_39 | INFO ] 📈 Evaluated. Results: {'test_loss': 0.16680105030536652, 'test_acc': 0.9684210419654846, 'test_precision': 0.738095223903656, 'test_recall': 0.8369815349578857, 'test_f1': 0.7702671885490417, 'communication_cost': 0}
[ 2026-03-06 13:43:15 | node_5 | INFO ] 📈 Evaluated. Results: {'test_loss': 0.38207316398620605, 'test_acc': 0.9230769276618958, 'test_precision': 0.6283895373344421, 'test_recall': 0.68317049741745, 'test_f1': 0.6477047801017761, 'communication_cost': 0}
[ 2026-03-06 13:43:15 | node_30 | INFO ] 🚂 Round 92: Client training...
[ 2026-03-06 13:43:15 | node_24 | INFO ] 🚂 Round 92: Client training...
[ 2026-03-06 13:43:15 | node_3 | INFO ] 📈 Evaluated. Results: {'test_loss': 0.01861320063471794, 'test_acc': 1.0, 'test_precision': 1.0, 'test_recall': 1.0, 'test_f1': 1.0, 'communication_cost': 0}
[ 2026-03-06 13:43:15 | node_47 | INFO ] 📈 Evaluated. Results: {'test_loss': 0.03812078759074211, 'test_acc': 0.9856114983558655, 'test_precision': 0.5237410068511963, 'test_recall': 0.5169784426689148, 'test_f1': 0.5201767683029175, 'communication_cost': 0}
[ 2026-03-06 13:43:15 | node_7 | INFO ] 📈 Evaluated. Results: {'test_loss': 0.2739524245262146, 'test_acc': 0.970588207244873, 'test_precision': 0.6254901885986328, 'test_recall': 0.587995171546936, 'test_f1': 0.6054671406745911, 'communication_cost': 0}
[ 2026-03-06 13:43:15 | node_36 | INFO ] 📈 Evaluated. Results: {'test_loss': 0.3870549499988556, 'test_acc': 0.9405940771102905, 'test_precision': 0.3645136058330536, 'test_recall': 0.3634750247001648, 'test_f1': 0.3616434335708618, 'communication_cost': 0}
[ 2026-03-06 13:43:15 | node_42 | INFO ] 📈 Evaluated. Results: {'test_loss': 0.00011556683602975681, 'test_acc': 1.0, 'test_precision': 1.0, 'test_recall': 1.0, 'test_f1': 1.0, 'communication_cost': 0}
[ 2026-03-06 13:43:15 | node_6 | INFO ] 🚂 Round 92: Client training...
[ 2026-03-06 13:43:15 | node_11 | INFO ] 📈 Evaluated. Results: {'test_loss': 0.36566606163978577, 'test_acc': 0.9238095283508301, 'test_precision': 0.7164449095726013, 'test_recall': 0.7218421101570129, 'test_f1': 0.7178236246109009, 'communication_cost': 0}
[ 2026-03-06 13:43:15 | node_14 | INFO ] 📈 Evaluated. Results: {'test_loss': 0.22159329056739807, 'test_acc': 0.9588235020637512, 'test_precision': 0.3637255132198334, 'test_recall': 0.3636447787284851, 'test_f1': 0.3626966178417206, 'communication_cost': 0}
[ 2026-03-06 13:43:15 | node_27 | INFO ] 📈 Evaluated. Results: {'test_loss': 1.5171453952789307, 'test_acc': 0.8918918967247009, 'test_precision': 0.4444445073604584, 'test_recall': 0.42720305919647217, 'test_f1': 0.43535351753234863, 'communication_cost': 0}
[ 2026-03-06 13:43:15 | node_22 | INFO ] 🚂 Round 92: Client training...
[ 2026-03-06 13:43:15 | node_37 | INFO ] 🚂 Round 92: Client training...
[ 2026-03-06 13:43:15 | node_23 | INFO ] 📈 Evaluated. Results: {'test_loss': 0.20943467319011688, 'test_acc': 0.9514563083648682, 'test_precision': 0.4642857313156128, 'test_recall': 0.5641399621963501, 'test_f1': 0.4996616542339325, 'communication_cost': 0}
[ 2026-03-06 13:43:15 | node_46 | INFO ] 📈 Evaluated. Results: {'test_loss': 0.21386125683784485, 'test_acc': 0.9702380895614624, 'test_precision': 0.5299145579338074, 'test_recall': 0.5234861969947815, 'test_f1': 0.5266488194465637, 'communication_cost': 0}
[ 2026-03-06 13:43:15 | node_16 | INFO ] 🚂 Round 92: Client training...
[ 2026-03-06 13:43:15 | node_31 | INFO ] 📈 Evaluated. Results: {'test_loss': 0.1920352429151535, 'test_acc': 0.9541984796524048, 'test_precision': 0.5348963737487793, 'test_recall': 0.5571414828300476, 'test_f1': 0.543000340461731, 'communication_cost': 0}
[ 2026-03-06 13:43:15 | node_32 | INFO ] 🚂 Round 92: Client training...
[ 2026-03-06 13:43:15 | node_44 | INFO ] 🚂 Round 92: Client training...
[ 2026-03-06 13:43:15 | node_9 | INFO ] 📈 Evaluated. Results: {'test_loss': 0.13808691501617432, 'test_acc': 0.9863013625144958, 'test_precision': 0.5194434523582458, 'test_recall': 0.5129541754722595, 'test_f1': 0.5161212682723999, 'communication_cost': 0}
[ 2026-03-06 13:43:15 | node_39 | INFO ] 🚂 Round 92: Client training...
[ 2026-03-06 13:43:15 | node_8 | INFO ] 📈 Evaluated. Results: {'test_loss': 0.30620715022087097, 'test_acc': 0.9219858050346375, 'test_precision': 0.5972294807434082, 'test_recall': 0.5732741355895996, 'test_f1': 0.5821173787117004, 'communication_cost': 0}
[ 2026-03-06 13:43:15 | node_43 | INFO ] 📈 Evaluated. Results: {'test_loss': 0.3577033579349518, 'test_acc': 0.9198113083839417, 'test_precision': 0.4355795383453369, 'test_recall': 0.4342597424983978, 'test_f1': 0.4331277012825012, 'communication_cost': 0}
[ 2026-03-06 13:43:15 | node_1 | INFO ] 📈 Evaluated. Results: {'test_loss': 0.5674208998680115, 'test_acc': 0.949999988079071, 'test_precision': 0.5, 'test_recall': 0.4749999940395355, 'test_f1': 0.4871794581413269, 'communication_cost': 0}
[ 2026-03-06 13:43:15 | node_19 | INFO ] 📈 Evaluated. Results: {'test_loss': 0.49355101585388184, 'test_acc': 0.9208633303642273, 'test_precision': 0.6271668672561646, 'test_recall': 0.7452359199523926, 'test_f1': 0.6647502183914185, 'communication_cost': 0}
[ 2026-03-06 13:43:15 | node_5 | INFO ] 🚂 Round 92: Client training...
[ 2026-03-06 13:43:15 | node_28 | INFO ] 📈 Evaluated. Results: {'test_loss': 0.35119354724884033, 'test_acc': 0.970059871673584, 'test_precision': 0.383026123046875, 'test_recall': 0.38876402378082275, 'test_f1': 0.384485125541687, 'communication_cost': 0}
[ 2026-03-06 13:43:15 | node_45 | INFO ] 📈 Evaluated. Results: {'test_loss': 0.1685495674610138, 'test_acc': 0.942307710647583, 'test_precision': 0.6500000357627869, 'test_recall': 0.7866666316986084, 'test_f1': 0.69786536693573, 'communication_cost': 0}
[ 2026-03-06 13:43:15 | node_35 | INFO ] 📈 Evaluated. Results: {'test_loss': 0.5133076906204224, 'test_acc': 0.9404761791229248, 'test_precision': 0.40000003576278687, 'test_recall': 0.38765430450439453, 'test_f1': 0.3936305642127991, 'communication_cost': 0}
[ 2026-03-06 13:43:15 | node_17 | INFO ] 📈 Evaluated. Results: {'test_loss': 0.37766748666763306, 'test_acc': 0.891566276550293, 'test_precision': 0.5670033693313599, 'test_recall': 0.640507698059082, 'test_f1': 0.5938111543655396, 'communication_cost': 0}
[ 2026-03-06 13:43:15 | node_3 | INFO ] 🚂 Round 92: Client training...
[ 2026-03-06 13:43:16 | node_47 | INFO ] 🚂 Round 92: Client training...
[ 2026-03-06 13:43:16 | node_7 | INFO ] 🚂 Round 92: Client training...
[ 2026-03-06 13:43:16 | node_36 | INFO ] 🚂 Round 92: Client training...
[ 2026-03-06 13:43:16 | node_48 | INFO ] 📈 Evaluated. Results: {'test_loss': 0.4980281591415405, 'test_acc': 0.9064748287200928, 'test_precision': 0.2988009452819824, 'test_recall': 0.3289983868598938, 'test_f1': 0.30147919058799744, 'communication_cost': 0}
[ 2026-03-06 13:43:16 | node_15 | INFO ] 📈 Evaluated. Results: {'test_loss': 0.19037313759326935, 'test_acc': 0.9836734533309937, 'test_precision': 0.6193877458572388, 'test_recall': 0.6121993064880371, 'test_f1': 0.6157548427581787, 'communication_cost': 0}
[ 2026-03-06 13:43:16 | node_42 | INFO ] 🚂 Round 92: Client training...
[ 2026-03-06 13:43:16 | node_33 | INFO ] 📈 Evaluated. Results: {'test_loss': 0.5547894835472107, 'test_acc': 0.875, 'test_precision': 0.34628573060035706, 'test_recall': 0.325225830078125, 'test_f1': 0.3350266218185425, 'communication_cost': 0}
[ 2026-03-06 13:43:16 | node_11 | INFO ] 🚂 Round 92: Client training...
[ 2026-03-06 13:43:16 | node_14 | INFO ] 🚂 Round 92: Client training...
[ 2026-03-06 13:43:16 | node_27 | INFO ] 🚂 Round 92: Client training...
[ 2026-03-06 13:43:16 | node_23 | INFO ] 🚂 Round 92: Client training...
[ 2026-03-06 13:43:16 | node_46 | INFO ] 🚂 Round 92: Client training...
[ 2026-03-06 13:43:16 | node_31 | INFO ] 🚂 Round 92: Client training...
[ 2026-03-06 13:43:16 | node_9 | INFO ] 🚂 Round 92: Client training...
[ 2026-03-06 13:43:16 | node_18 | INFO ] 📈 Evaluated. Results: {'test_loss': 0.5194783806800842, 'test_acc': 0.9189189076423645, 'test_precision': 0.3805920481681824, 'test_recall': 0.3686389923095703, 'test_f1': 0.3734916150569916, 'communication_cost': 0}
[ 2026-03-06 13:43:16 | node_43 | INFO ] 🚂 Round 92: Client training...
[ 2026-03-06 13:43:16 | node_41 | INFO ] 📈 Evaluated. Results: {'test_loss': 0.22063946723937988, 'test_acc': 0.9727272987365723, 'test_precision': 0.7200000286102295, 'test_recall': 0.7942308187484741, 'test_f1': 0.7470731735229492, 'communication_cost': 0}
[ 2026-03-06 13:43:16 | node_8 | INFO ] 🚂 Round 92: Client training...
[ 2026-03-06 13:43:16 | node_49 | INFO ] 📈 Evaluated. Results: {'test_loss': 0.27596205472946167, 'test_acc': 0.932504415512085, 'test_precision': 0.46654823422431946, 'test_recall': 0.47099465131759644, 'test_f1': 0.4666740596294403, 'communication_cost': 0}
[ 2026-03-06 13:43:16 | node_1 | INFO ] 🚂 Round 92: Client training...
[ 2026-03-06 13:43:16 | node_19 | INFO ] 🚂 Round 92: Client training...
[ 2026-03-06 13:43:16 | node_28 | INFO ] 🚂 Round 92: Client training...
[ 2026-03-06 13:43:16 | node_45 | INFO ] 🚂 Round 92: Client training...
[ 2026-03-06 13:43:16 | node_4 | INFO ] 📈 Evaluated. Results: {'test_loss': 0.1214587464928627, 'test_acc': 0.9790209531784058, 'test_precision': 0.442890465259552, 'test_recall': 0.4347119927406311, 'test_f1': 0.4387354552745819, 'communication_cost': 0}
[ 2026-03-06 13:43:16 | node_35 | INFO ] 🚂 Round 92: Client training...
[ 2026-03-06 13:43:16 | node_17 | INFO ] 🚂 Round 92: Client training...
[ 2026-03-06 13:43:16 | node_48 | INFO ] 🚂 Round 92: Client training...
[ 2026-03-06 13:43:16 | node_15 | INFO ] 🚂 Round 92: Client training...
[ 2026-03-06 13:43:16 | node_33 | INFO ] 🚂 Round 92: Client training...
[ 2026-03-06 13:43:16 | node_18 | INFO ] 🚂 Round 92: Client training...
[ 2026-03-06 13:43:16 | node_41 | INFO ] 🚂 Round 92: Client training...
[ 2026-03-06 13:43:16 | node_49 | INFO ] 🚂 Round 92: Client training...
[ 2026-03-06 13:43:16 | node_40 | INFO ] 📈 Evaluated. Results: {'test_loss': 0.27430441975593567, 'test_acc': 0.9571428298950195, 'test_precision': 0.3721088767051697, 'test_recall': 0.38013768196105957, 'test_f1': 0.36853164434432983, 'communication_cost': 0}
[ 2026-03-06 13:43:16 | node_29 | INFO ] 📈 Evaluated. Results: {'test_loss': 0.6504238247871399, 'test_acc': 0.8702064752578735, 'test_precision': 0.22043278813362122, 'test_recall': 0.19477525353431702, 'test_f1': 0.20667080581188202, 'communication_cost': 0}
[ 2026-03-06 13:43:16 | node_4 | INFO ] 🚂 Round 92: Client training...
[ 2026-03-06 13:43:17 | node_40 | INFO ] 🚂 Round 92: Client training...
[ 2026-03-06 13:43:17 | node_29 | INFO ] 🚂 Round 92: Client training...
[ 2026-03-06 13:43:18 | node | INFO ] ⏳ Round 92: Server waiting for 49 updates.
[ 2026-03-06 13:43:18 | node | INFO ] ♻️ Proactively processing 49 early models for round 92.
[ 2026-03-06 13:43:18 | node | INFO ] 🧩 Model added for round 92 (1/49) from ['node_10']
[ 2026-03-06 13:43:18 | node | INFO ] 🧩 Model added for round 92 (2/49) from ['node_2']
[ 2026-03-06 13:43:18 | node | INFO ] 🧩 Model added for round 92 (3/49) from ['node_20']
[ 2026-03-06 13:43:18 | node | INFO ] 🧩 Model added for round 92 (4/49) from ['node_13']
[ 2026-03-06 13:43:18 | node | INFO ] 🧩 Model added for round 92 (5/49) from ['node_26']
[ 2026-03-06 13:43:18 | node | INFO ] 🧩 Model added for round 92 (6/49) from ['node_24']
[ 2026-03-06 13:43:18 | node | INFO ] 🧩 Model added for round 92 (7/49) from ['node_38']
[ 2026-03-06 13:43:18 | node | INFO ] 🧩 Model added for round 92 (8/49) from ['node_34']
[ 2026-03-06 13:43:18 | node | INFO ] 🧩 Model added for round 92 (9/49) from ['node_21']
[ 2026-03-06 13:43:18 | node | INFO ] 🧩 Model added for round 92 (10/49) from ['node_7']
[ 2026-03-06 13:43:18 | node | INFO ] 🧩 Model added for round 92 (11/49) from ['node_30']
[ 2026-03-06 13:43:18 | node | INFO ] 🧩 Model added for round 92 (12/49) from ['node_37']
[ 2026-03-06 13:43:18 | node | INFO ] 🧩 Model added for round 92 (13/49) from ['node_47']
[ 2026-03-06 13:43:18 | node | INFO ] 🧩 Model added for round 92 (14/49) from ['node_25']
[ 2026-03-06 13:43:18 | node | INFO ] 🧩 Model added for round 92 (15/49) from ['node_12']
[ 2026-03-06 13:43:18 | node | INFO ] 🧩 Model added for round 92 (16/49) from ['node_42']
[ 2026-03-06 13:43:18 | node | INFO ] 🧩 Model added for round 92 (17/49) from ['node_36']
[ 2026-03-06 13:43:18 | node | INFO ] 🧩 Model added for round 92 (18/49) from ['node_22']
[ 2026-03-06 13:43:18 | node | INFO ] 🧩 Model added for round 92 (19/49) from ['node_3']
[ 2026-03-06 13:43:18 | node | INFO ] 🧩 Model added for round 92 (20/49) from ['node_16']
[ 2026-03-06 13:43:18 | node | INFO ] 🧩 Model added for round 92 (21/49) from ['node_11']
[ 2026-03-06 13:43:18 | node | INFO ] 🧩 Model added for round 92 (22/49) from ['node_43']
[ 2026-03-06 13:43:18 | node | INFO ] 🧩 Model added for round 92 (23/49) from ['node_1']
[ 2026-03-06 13:43:18 | node | INFO ] 🧩 Model added for round 92 (24/49) from ['node_6']
[ 2026-03-06 13:43:18 | node | INFO ] 🧩 Model added for round 92 (25/49) from ['node_39']
[ 2026-03-06 13:43:18 | node | INFO ] 🧩 Model added for round 92 (26/49) from ['node_32']
[ 2026-03-06 13:43:18 | node | INFO ] 🧩 Model added for round 92 (27/49) from ['node_46']
[ 2026-03-06 13:43:18 | node | INFO ] 🧩 Model added for round 92 (28/49) from ['node_9']
[ 2026-03-06 13:43:18 | node | INFO ] 🧩 Model added for round 92 (29/49) from ['node_48']
[ 2026-03-06 13:43:18 | node | INFO ] 🧩 Model added for round 92 (30/49) from ['node_23']
[ 2026-03-06 13:43:18 | node | INFO ] 🧩 Model added for round 92 (31/49) from ['node_44']
[ 2026-03-06 13:43:18 | node | INFO ] 🧩 Model added for round 92 (32/49) from ['node_17']
[ 2026-03-06 13:43:18 | node | INFO ] 🧩 Model added for round 92 (33/49) from ['node_35']
[ 2026-03-06 13:43:18 | node | INFO ] 🧩 Model added for round 92 (34/49) from ['node_49']
[ 2026-03-06 13:43:18 | node | INFO ] 🧩 Model added for round 92 (35/49) from ['node_18']
[ 2026-03-06 13:43:18 | node | INFO ] 🧩 Model added for round 92 (36/49) from ['node_27']
[ 2026-03-06 13:43:18 | node | INFO ] 🧩 Model added for round 92 (37/49) from ['node_31']
[ 2026-03-06 13:43:18 | node | INFO ] 🧩 Model added for round 92 (38/49) from ['node_41']
[ 2026-03-06 13:43:18 | node | INFO ] 🧩 Model added for round 92 (39/49) from ['node_8']
[ 2026-03-06 13:43:18 | node | INFO ] 🧩 Model added for round 92 (40/49) from ['node_33']
[ 2026-03-06 13:43:18 | node | INFO ] 🧩 Model added for round 92 (41/49) from ['node_5']
[ 2026-03-06 13:43:18 | node | INFO ] 🧩 Model added for round 92 (42/49) from ['node_19']
[ 2026-03-06 13:43:18 | node | INFO ] 🧩 Model added for round 92 (43/49) from ['node_45']
[ 2026-03-06 13:43:18 | node | INFO ] 🧩 Model added for round 92 (44/49) from ['node_4']
[ 2026-03-06 13:43:18 | node | INFO ] 🧩 Model added for round 92 (45/49) from ['node_14']
[ 2026-03-06 13:43:18 | node | INFO ] 🧩 Model added for round 92 (46/49) from ['node_28']
[ 2026-03-06 13:43:18 | node | INFO ] 🧩 Model added for round 92 (47/49) from ['node_40']
[ 2026-03-06 13:43:18 | node | INFO ] 🧩 Model added for round 92 (48/49) from ['node_29']
[ 2026-03-06 13:43:18 | node | INFO ] 🧩 Model added for round 92 (49/49) from ['node_15']
[ 2026-03-06 13:43:18 | node | INFO ] 🔬 Evaluating...
[ 2026-03-06 13:43:18 | node | INFO ] 📈 Evaluated. Results: {'test_loss': 0.19909311830997467, 'test_acc': 0.9556451439857483, 'test_precision': 0.33540117740631104, 'test_recall': 0.33788928389549255, 'test_f1': 0.33564236760139465, 'communication_cost': 46110666}
[ 2026-03-06 13:43:18 | node_26 | INFO ] 🔬 Evaluating...
[ 2026-03-06 13:43:18 | node_24 | INFO ] 🔬 Evaluating...
[ 2026-03-06 13:43:18 | node_38 | INFO ] 🔬 Evaluating...
[ 2026-03-06 13:43:18 | node_34 | INFO ] 🔬 Evaluating...
[ 2026-03-06 13:43:18 | node_21 | INFO ] 🔬 Evaluating...
[ 2026-03-06 13:43:18 | node_26 | INFO ] 📈 Evaluated. Results: {'test_loss': 0.12361832708120346, 'test_acc': 0.9681742191314697, 'test_precision': 0.39285317063331604, 'test_recall': 0.38226109743118286, 'test_f1': 0.38740620017051697, 'communication_cost': 0}
[ 2026-03-06 13:43:18 | node_7 | INFO ] 🔬 Evaluating...
[ 2026-03-06 13:43:18 | node_26 | INFO ] 🚂 Round 93: Client training...
[ 2026-03-06 13:43:18 | node_30 | INFO ] 🔬 Evaluating...
[ 2026-03-06 13:43:18 | node_37 | INFO ] 🔬 Evaluating...
[ 2026-03-06 13:43:18 | node_47 | INFO ] 🔬 Evaluating...
[ 2026-03-06 13:43:18 | node_25 | INFO ] 🔬 Evaluating...
[ 2026-03-06 13:43:18 | node_42 | INFO ] 🔬 Evaluating...
[ 2026-03-06 13:43:18 | node_22 | INFO ] 🔬 Evaluating...
[ 2026-03-06 13:43:18 | node_36 | INFO ] 🔬 Evaluating...
[ 2026-03-06 13:43:18 | node_3 | INFO ] 🔬 Evaluating...
[ 2026-03-06 13:43:18 | node_12 | INFO ] 🔬 Evaluating...
[ 2026-03-06 13:43:18 | node_1 | INFO ] 🔬 Evaluating...
[ 2026-03-06 13:43:18 | node_39 | INFO ] 🔬 Evaluating...
[ 2026-03-06 13:43:18 | node_46 | INFO ] 🔬 Evaluating...
[ 2026-03-06 13:43:18 | node_16 | INFO ] 🔬 Evaluating...
[ 2026-03-06 13:43:18 | node_17 | INFO ] 🔬 Evaluating...
[ 2026-03-06 13:43:18 | node_27 | INFO ] 🔬 Evaluating...
[ 2026-03-06 13:43:18 | node_18 | INFO ] 🔬 Evaluating...
[ 2026-03-06 13:43:18 | node_45 | INFO ] 🔬 Evaluating...
[ 2026-03-06 13:43:18 | node_8 | INFO ] 🔬 Evaluating...
[ 2026-03-06 13:43:18 | node_11 | INFO ] 🔬 Evaluating...
[ 2026-03-06 13:43:18 | node_44 | INFO ] 🔬 Evaluating...
[ 2026-03-06 13:43:18 | node_31 | INFO ] 🔬 Evaluating...
[ 2026-03-06 13:43:18 | node_32 | INFO ] 🔬 Evaluating...
[ 2026-03-06 13:43:18 | node_14 | INFO ] 🔬 Evaluating...
[ 2026-03-06 13:43:18 | node_23 | INFO ] 🔬 Evaluating...
[ 2026-03-06 13:43:18 | node_41 | INFO ] 🔬 Evaluating...
[ 2026-03-06 13:43:18 | node_33 | INFO ] 🔬 Evaluating...
[ 2026-03-06 13:43:18 | node_19 | INFO ] 🔬 Evaluating...
[ 2026-03-06 13:43:18 | node_48 | INFO ] 🔬 Evaluating...
[ 2026-03-06 13:43:18 | node_49 | INFO ] 🔬 Evaluating...
[ 2026-03-06 13:43:18 | node_5 | INFO ] 🔬 Evaluating...
[ 2026-03-06 13:43:18 | node_43 | INFO ] 🔬 Evaluating...
[ 2026-03-06 13:43:18 | node_29 | INFO ] 🔬 Evaluating...
[ 2026-03-06 13:43:18 | node_28 | INFO ] 🔬 Evaluating...
[ 2026-03-06 13:43:18 | node_40 | INFO ] 🔬 Evaluating...
[ 2026-03-06 13:43:18 | node_35 | INFO ] 🔬 Evaluating...
[ 2026-03-06 13:43:18 | node_21 | INFO ] 📈 Evaluated. Results: {'test_loss': 0.3421764373779297, 'test_acc': 0.9375, 'test_precision': 0.45665448904037476, 'test_recall': 0.4476458430290222, 'test_f1': 0.451825886964798, 'communication_cost': 0}
[ 2026-03-06 13:43:18 | node_24 | INFO ] 📈 Evaluated. Results: {'test_loss': 0.17359280586242676, 'test_acc': 0.9607843160629272, 'test_precision': 0.6666666865348816, 'test_recall': 0.6507936120033264, 'test_f1': 0.6585366725921631, 'communication_cost': 0}
[ 2026-03-06 13:43:18 | node_15 | INFO ] 🔬 Evaluating...
[ 2026-03-06 13:43:18 | node_34 | INFO ] 📈 Evaluated. Results: {'test_loss': 0.49210119247436523, 'test_acc': 0.9426751732826233, 'test_precision': 0.38799020648002625, 'test_recall': 0.3742278814315796, 'test_f1': 0.3804178833961487, 'communication_cost': 0}
[ 2026-03-06 13:43:18 | node_9 | INFO ] 🔬 Evaluating...
[ 2026-03-06 13:43:18 | node_4 | INFO ] 🔬 Evaluating...
[ 2026-03-06 13:43:18 | node_6 | INFO ] 🔬 Evaluating...
[ 2026-03-06 13:43:18 | node_10 | INFO ] 🔬 Evaluating...
[ 2026-03-06 13:43:18 | node_7 | INFO ] 📈 Evaluated. Results: {'test_loss': 0.28311654925346375, 'test_acc': 0.970588207244873, 'test_precision': 0.6254901885986328, 'test_recall': 0.587995171546936, 'test_f1': 0.6054671406745911, 'communication_cost': 0}
[ 2026-03-06 13:43:18 | node_37 | INFO ] 📈 Evaluated. Results: {'test_loss': 0.9866719841957092, 'test_acc': 0.8591549396514893, 'test_precision': 0.6445578336715698, 'test_recall': 0.6523809432983398, 'test_f1': 0.642387330532074, 'communication_cost': 0}
[ 2026-03-06 13:43:18 | node_13 | INFO ] 🔬 Evaluating...
[ 2026-03-06 13:43:18 | node_20 | INFO ] 🔬 Evaluating...
[ 2026-03-06 13:43:18 | node_2 | INFO ] 🔬 Evaluating...
[ 2026-03-06 13:43:18 | node_21 | INFO ] 🚂 Round 93: Client training...
[ 2026-03-06 13:43:18 | node_34 | INFO ] 🚂 Round 93: Client training...
[ 2026-03-06 13:43:18 | node_38 | INFO ] 📈 Evaluated. Results: {'test_loss': 0.5565172433853149, 'test_acc': 0.9130434989929199, 'test_precision': 0.48566991090774536, 'test_recall': 0.5268396139144897, 'test_f1': 0.494440495967865, 'communication_cost': 0}
[ 2026-03-06 13:43:18 | node_47 | INFO ] 📈 Evaluated. Results: {'test_loss': 0.05332152172923088, 'test_acc': 0.9856114983558655, 'test_precision': 0.5237410068511963, 'test_recall': 0.5169784426689148, 'test_f1': 0.5201767683029175, 'communication_cost': 0}
[ 2026-03-06 13:43:18 | node_30 | INFO ] 📈 Evaluated. Results: {'test_loss': 0.04606861621141434, 'test_acc': 1.0, 'test_precision': 1.0, 'test_recall': 1.0, 'test_f1': 1.0, 'communication_cost': 0}
[ 2026-03-06 13:43:18 | node_24 | INFO ] 🚂 Round 93: Client training...
[ 2026-03-06 13:43:18 | node_33 | INFO ] 📈 Evaluated. Results: {'test_loss': 0.47678688168525696, 'test_acc': 0.8799999952316284, 'test_precision': 0.34628573060035706, 'test_recall': 0.3259631395339966, 'test_f1': 0.33544251322746277, 'communication_cost': 0}
[ 2026-03-06 13:43:18 | node_7 | INFO ] 🚂 Round 93: Client training...
[ 2026-03-06 13:43:18 | node_42 | INFO ] 📈 Evaluated. Results: {'test_loss': 0.0011228560470044613, 'test_acc': 1.0, 'test_precision': 1.0, 'test_recall': 1.0, 'test_f1': 1.0, 'communication_cost': 0}
[ 2026-03-06 13:43:19 | node_25 | INFO ] 📈 Evaluated. Results: {'test_loss': 0.21187472343444824, 'test_acc': 0.9681817889213562, 'test_precision': 0.4030303359031677, 'test_recall': 0.3968893587589264, 'test_f1': 0.3999084532260895, 'communication_cost': 0}
[ 2026-03-06 13:43:19 | node_37 | INFO ] 🚂 Round 93: Client training...
[ 2026-03-06 13:43:19 | node_30 | INFO ] 🚂 Round 93: Client training...
[ 2026-03-06 13:43:19 | node_38 | INFO ] 🚂 Round 93: Client training...
[ 2026-03-06 13:43:19 | node_47 | INFO ] 🚂 Round 93: Client training...
[ 2026-03-06 13:43:19 | node_33 | INFO ] 🚂 Round 93: Client training...
[ 2026-03-06 13:43:19 | node_42 | INFO ] 🚂 Round 93: Client training...
[ 2026-03-06 13:43:19 | node_25 | INFO ] 🚂 Round 93: Client training...
[ 2026-03-06 13:43:20 | node_35 | INFO ] 📈 Evaluated. Results: {'test_loss': 0.49526309967041016, 'test_acc': 0.9404761791229248, 'test_precision': 0.40000003576278687, 'test_recall': 0.38765430450439453, 'test_f1': 0.3936305642127991, 'communication_cost': 0}
[ 2026-03-06 13:43:20 | node_35 | INFO ] 🚂 Round 93: Client training...
[ 2026-03-06 13:43:20 | node_22 | INFO ] 📈 Evaluated. Results: {'test_loss': 0.2990531921386719, 'test_acc': 0.9655172228813171, 'test_precision': 0.6000000238418579, 'test_recall': 0.6000000238418579, 'test_f1': 0.6000000238418579, 'communication_cost': 0}
[ 2026-03-06 13:43:20 | node_22 | INFO ] 🚂 Round 93: Client training...
[ 2026-03-06 13:43:20 | node_23 | INFO ] 📈 Evaluated. Results: {'test_loss': 0.18270577490329742, 'test_acc': 0.9417475461959839, 'test_precision': 0.4642857313156128, 'test_recall': 0.5626822710037231, 'test_f1': 0.49889007210731506, 'communication_cost': 0}
[ 2026-03-06 13:43:20 | node_23 | INFO ] 🚂 Round 93: Client training...
[ 2026-03-06 13:43:20 | node_27 | INFO ] 📈 Evaluated. Results: {'test_loss': 1.5632632970809937, 'test_acc': 0.8918918967247009, 'test_precision': 0.4444445073604584, 'test_recall': 0.42720305919647217, 'test_f1': 0.43535351753234863, 'communication_cost': 0}
[ 2026-03-06 13:43:20 | node_39 | INFO ] 📈 Evaluated. Results: {'test_loss': 0.15858958661556244, 'test_acc': 0.9684210419654846, 'test_precision': 0.738095223903656, 'test_recall': 0.8369815349578857, 'test_f1': 0.7702671885490417, 'communication_cost': 0}
[ 2026-03-06 13:43:20 | node_45 | INFO ] 📈 Evaluated. Results: {'test_loss': 0.1923244148492813, 'test_acc': 0.942307710647583, 'test_precision': 0.6500000357627869, 'test_recall': 0.7866666316986084, 'test_f1': 0.69786536693573, 'communication_cost': 0}
[ 2026-03-06 13:43:20 | node_27 | INFO ] 🚂 Round 93: Client training...
[ 2026-03-06 13:43:20 | node_17 | INFO ] 📈 Evaluated. Results: {'test_loss': 0.3875575363636017, 'test_acc': 0.8674699068069458, 'test_precision': 0.5562041401863098, 'test_recall': 0.6342916488647461, 'test_f1': 0.5824505090713501, 'communication_cost': 0}
[ 2026-03-06 13:43:20 | node_39 | INFO ] 🚂 Round 93: Client training...
[ 2026-03-06 13:43:20 | node_44 | INFO ] 📈 Evaluated. Results: {'test_loss': 0.2710303068161011, 'test_acc': 0.9622641801834106, 'test_precision': 0.6666666865348816, 'test_recall': 0.6583333015441895, 'test_f1': 0.6623932719230652, 'communication_cost': 0}
[ 2026-03-06 13:43:20 | node_32 | INFO ] 📈 Evaluated. Results: {'test_loss': 0.7474656105041504, 'test_acc': 0.8999999761581421, 'test_precision': 0.3333333432674408, 'test_recall': 0.4139610826969147, 'test_f1': 0.3494439721107483, 'communication_cost': 0}
[ 2026-03-06 13:43:20 | node_11 | INFO ] 📈 Evaluated. Results: {'test_loss': 0.376216858625412, 'test_acc': 0.8952381014823914, 'test_precision': 0.7095004320144653, 'test_recall': 0.7102631330490112, 'test_f1': 0.7081760168075562, 'communication_cost': 0}
[ 2026-03-06 13:43:20 | node_6 | INFO ] 📈 Evaluated. Results: {'test_loss': 0.3188268542289734, 'test_acc': 0.9102563858032227, 'test_precision': 0.5312820672988892, 'test_recall': 0.7652605175971985, 'test_f1': 0.5887316465377808, 'communication_cost': 0}
[ 2026-03-06 13:43:20 | node_3 | INFO ] 📈 Evaluated. Results: {'test_loss': 0.016231780871748924, 'test_acc': 1.0, 'test_precision': 1.0, 'test_recall': 1.0, 'test_f1': 1.0, 'communication_cost': 0}
[ 2026-03-06 13:43:20 | node_1 | INFO ] 📈 Evaluated. Results: {'test_loss': 0.5800949335098267, 'test_acc': 0.949999988079071, 'test_precision': 0.5, 'test_recall': 0.4749999940395355, 'test_f1': 0.4871794581413269, 'communication_cost': 0}
[ 2026-03-06 13:43:20 | node_45 | INFO ] 🚂 Round 93: Client training...
[ 2026-03-06 13:43:20 | node_41 | INFO ] 📈 Evaluated. Results: {'test_loss': 0.19496898353099823, 'test_acc': 0.9727272987365723, 'test_precision': 0.7200000286102295, 'test_recall': 0.7942308187484741, 'test_f1': 0.7470731735229492, 'communication_cost': 0}
[ 2026-03-06 13:43:20 | node_43 | INFO ] 📈 Evaluated. Results: {'test_loss': 0.32604721188545227, 'test_acc': 0.9339622855186462, 'test_precision': 0.49308180809020996, 'test_recall': 0.49334922432899475, 'test_f1': 0.49155232310295105, 'communication_cost': 0}
[ 2026-03-06 13:43:20 | node_17 | INFO ] 🚂 Round 93: Client training...
[ 2026-03-06 13:43:20 | node_10 | INFO ] 📈 Evaluated. Results: {'test_loss': 0.0019849890377372503, 'test_acc': 1.0, 'test_precision': 1.0, 'test_recall': 1.0, 'test_f1': 1.0, 'communication_cost': 0}
[ 2026-03-06 13:43:20 | node_8 | INFO ] 📈 Evaluated. Results: {'test_loss': 0.26438412070274353, 'test_acc': 0.914893627166748, 'test_precision': 0.5167067050933838, 'test_recall': 0.49158045649528503, 'test_f1': 0.5008950233459473, 'communication_cost': 0}
[ 2026-03-06 13:43:20 | node_31 | INFO ] 📈 Evaluated. Results: {'test_loss': 0.1714438647031784, 'test_acc': 0.9541984796524048, 'test_precision': 0.5348963737487793, 'test_recall': 0.5571414828300476, 'test_f1': 0.543000340461731, 'communication_cost': 0}
[ 2026-03-06 13:43:20 | node_32 | INFO ] 🚂 Round 93: Client training...
[ 2026-03-06 13:43:20 | node_19 | INFO ] 📈 Evaluated. Results: {'test_loss': 0.5405380129814148, 'test_acc': 0.9136690497398376, 'test_precision': 0.6271668672561646, 'test_recall': 0.7416387796401978, 'test_f1': 0.6626775860786438, 'communication_cost': 0}
[ 2026-03-06 13:43:20 | node_44 | INFO ] 🚂 Round 93: Client training...
[ 2026-03-06 13:43:20 | node_11 | INFO ] 🚂 Round 93: Client training...
[ 2026-03-06 13:43:20 | node_6 | INFO ] 🚂 Round 93: Client training...
[ 2026-03-06 13:43:21 | node_16 | INFO ] 📈 Evaluated. Results: {'test_loss': 0.2577730715274811, 'test_acc': 0.9431818127632141, 'test_precision': 0.7576096057891846, 'test_recall': 0.7343305349349976, 'test_f1': 0.7451265454292297, 'communication_cost': 0}
[ 2026-03-06 13:43:21 | node_3 | INFO ] 🚂 Round 93: Client training...
[ 2026-03-06 13:43:21 | node_5 | INFO ] 📈 Evaluated. Results: {'test_loss': 0.3513762950897217, 'test_acc': 0.9321267008781433, 'test_precision': 0.7455020546913147, 'test_recall': 0.8288814425468445, 'test_f1': 0.7762925028800964, 'communication_cost': 0}
[ 2026-03-06 13:43:21 | node_2 | INFO ] 📈 Evaluated. Results: {'test_loss': 0.08160439878702164, 'test_acc': 0.9764705896377563, 'test_precision': 0.7956521511077881, 'test_recall': 0.7789855003356934, 'test_f1': 0.7869564890861511, 'communication_cost': 0}
[ 2026-03-06 13:43:21 | node_15 | INFO ] 📈 Evaluated. Results: {'test_loss': 0.2037457823753357, 'test_acc': 0.9836734533309937, 'test_precision': 0.6193877458572388, 'test_recall': 0.6121993064880371, 'test_f1': 0.6157548427581787, 'communication_cost': 0}
[ 2026-03-06 13:43:21 | node | INFO ] ⏳ Round 93: Server waiting for 49 updates.
[ 2026-03-06 13:43:21 | node_12 | INFO ] 📈 Evaluated. Results: {'test_loss': 0.27745774388313293, 'test_acc': 0.9319526553153992, 'test_precision': 0.30611562728881836, 'test_recall': 0.31744813919067383, 'test_f1': 0.30743056535720825, 'communication_cost': 0}
[ 2026-03-06 13:43:21 | node_1 | INFO ] 🚂 Round 93: Client training...
[ 2026-03-06 13:43:21 | node_46 | INFO ] 📈 Evaluated. Results: {'test_loss': 0.24711965024471283, 'test_acc': 0.9702380895614624, 'test_precision': 0.5299145579338074, 'test_recall': 0.5234861969947815, 'test_f1': 0.5266488194465637, 'communication_cost': 0}
[ 2026-03-06 13:43:21 | node_4 | INFO ] 📈 Evaluated. Results: {'test_loss': 0.1157817542552948, 'test_acc': 0.9790209531784058, 'test_precision': 0.442890465259552, 'test_recall': 0.4347119927406311, 'test_f1': 0.4387354552745819, 'communication_cost': 0}
[ 2026-03-06 13:43:21 | node | INFO ] ♻️ Proactively processing 1 early models for round 93.
[ 2026-03-06 13:43:21 | node_41 | INFO ] 🚂 Round 93: Client training...
[ 2026-03-06 13:43:21 | node | INFO ] 🧩 Model added for round 93 (1/49) from ['node_26']
[ 2026-03-06 13:43:21 | node_48 | INFO ] 📈 Evaluated. Results: {'test_loss': 0.4897468686103821, 'test_acc': 0.9136690497398376, 'test_precision': 0.32565948367118835, 'test_recall': 0.3515060842037201, 'test_f1': 0.32882532477378845, 'communication_cost': 0}
[ 2026-03-06 13:43:21 | node_43 | INFO ] 🚂 Round 93: Client training...
[ 2026-03-06 13:43:21 | node_10 | INFO ] 🚂 Round 93: Client training...
[ 2026-03-06 13:43:21 | node_31 | INFO ] 🚂 Round 93: Client training...
[ 2026-03-06 13:43:21 | node | INFO ] 🧩 Model added for round 93 (2/49) from ['node_7']
[ 2026-03-06 13:43:21 | node_8 | INFO ] 🚂 Round 93: Client training...
[ 2026-03-06 13:43:21 | node_36 | INFO ] 📈 Evaluated. Results: {'test_loss': 0.39725106954574585, 'test_acc': 0.9405940771102905, 'test_precision': 0.3292929530143738, 'test_recall': 0.3283902108669281, 'test_f1': 0.3266010284423828, 'communication_cost': 0}
[ 2026-03-06 13:43:21 | node_19 | INFO ] 🚂 Round 93: Client training...
[ 2026-03-06 13:43:21 | node_16 | INFO ] 🚂 Round 93: Client training...
[ 2026-03-06 13:43:21 | node_14 | INFO ] 📈 Evaluated. Results: {'test_loss': 0.20120786130428314, 'test_acc': 0.9617646932601929, 'test_precision': 0.3637255132198334, 'test_recall': 0.3643917441368103, 'test_f1': 0.3630853593349457, 'communication_cost': 0}
[ 2026-03-06 13:43:21 | node_5 | INFO ] 🚂 Round 93: Client training...
[ 2026-03-06 13:43:21 | node_13 | INFO ] 📈 Evaluated. Results: {'test_loss': 0.5067580342292786, 'test_acc': 0.9109947681427002, 'test_precision': 0.2774869203567505, 'test_recall': 0.3155333697795868, 'test_f1': 0.2866969108581543, 'communication_cost': 0}
[ 2026-03-06 13:43:21 | node_18 | INFO ] 📈 Evaluated. Results: {'test_loss': 0.5057334899902344, 'test_acc': 0.9189189076423645, 'test_precision': 0.3805920481681824, 'test_recall': 0.36816731095314026, 'test_f1': 0.37326353788375854, 'communication_cost': 0}
[ 2026-03-06 13:43:21 | node_2 | INFO ] 🚂 Round 93: Client training...
[ 2026-03-06 13:43:21 | node_15 | INFO ] 🚂 Round 93: Client training...
[ 2026-03-06 13:43:21 | node_12 | INFO ] 🚂 Round 93: Client training...
[ 2026-03-06 13:43:21 | node_46 | INFO ] 🚂 Round 93: Client training...
[ 2026-03-06 13:43:21 | node_4 | INFO ] 🚂 Round 93: Client training...
[ 2026-03-06 13:43:21 | node_48 | INFO ] 🚂 Round 93: Client training...
[ 2026-03-06 13:43:21 | node_36 | INFO ] 🚂 Round 93: Client training...
[ 2026-03-06 13:43:21 | node | INFO ] 🧩 Model added for round 93 (3/49) from ['node_34']
[ 2026-03-06 13:43:21 | node_20 | INFO ] 📈 Evaluated. Results: {'test_loss': 0.5918274521827698, 'test_acc': 0.8697317838668823, 'test_precision': 0.3193991482257843, 'test_recall': 0.30028611421585083, 'test_f1': 0.30903753638267517, 'communication_cost': 0}
[ 2026-03-06 13:43:21 | node_18 | INFO ] 🚂 Round 93: Client training...
[ 2026-03-06 13:43:21 | node_28 | INFO ] 📈 Evaluated. Results: {'test_loss': 0.39576536417007446, 'test_acc': 0.9680638909339905, 'test_precision': 0.38157016038894653, 'test_recall': 0.38795316219329834, 'test_f1': 0.3832862973213196, 'communication_cost': 0}
[ 2026-03-06 13:43:21 | node_14 | INFO ] 🚂 Round 93: Client training...
[ 2026-03-06 13:43:21 | node_13 | INFO ] 🚂 Round 93: Client training...
[ 2026-03-06 13:43:21 | node_9 | INFO ] 📈 Evaluated. Results: {'test_loss': 0.153183251619339, 'test_acc': 0.9863013625144958, 'test_precision': 0.5194434523582458, 'test_recall': 0.5129541754722595, 'test_f1': 0.5161212682723999, 'communication_cost': 0}
[ 2026-03-06 13:43:22 | node_40 | INFO ] 📈 Evaluated. Results: {'test_loss': 0.2891131639480591, 'test_acc': 0.9571428298950195, 'test_precision': 0.3938775658607483, 'test_recall': 0.3994307518005371, 'test_f1': 0.39099839329719543, 'communication_cost': 0}
[ 2026-03-06 13:43:22 | node | INFO ] 🧩 Model added for round 93 (4/49) from ['node_33']
[ 2026-03-06 13:43:22 | node_29 | INFO ] 📈 Evaluated. Results: {'test_loss': 0.6696807742118835, 'test_acc': 0.8657817244529724, 'test_precision': 0.21077467501163483, 'test_recall': 0.18514393270015717, 'test_f1': 0.1969781368970871, 'communication_cost': 0}
[ 2026-03-06 13:43:22 | node_49 | INFO ] 📈 Evaluated. Results: {'test_loss': 0.2731139361858368, 'test_acc': 0.9360568523406982, 'test_precision': 0.46870505809783936, 'test_recall': 0.47327831387519836, 'test_f1': 0.4689340889453888, 'communication_cost': 0}
[ 2026-03-06 13:43:22 | node_20 | INFO ] 🚂 Round 93: Client training...
[ 2026-03-06 13:43:22 | node_28 | INFO ] 🚂 Round 93: Client training...
[ 2026-03-06 13:43:22 | node_9 | INFO ] 🚂 Round 93: Client training...
[ 2026-03-06 13:43:22 | node | INFO ] 🧩 Model added for round 93 (5/49) from ['node_24']
[ 2026-03-06 13:43:22 | node_40 | INFO ] 🚂 Round 93: Client training...
[ 2026-03-06 13:43:22 | node_29 | INFO ] 🚂 Round 93: Client training...
[ 2026-03-06 13:43:22 | node_49 | INFO ] 🚂 Round 93: Client training...
[ 2026-03-06 13:43:22 | node | INFO ] 🧩 Model added for round 93 (6/49) from ['node_21']
[ 2026-03-06 13:43:23 | node | INFO ] 🧩 Model added for round 93 (7/49) from ['node_37']
[ 2026-03-06 13:43:23 | node | INFO ] 🧩 Model added for round 93 (8/49) from ['node_38']
[ 2026-03-06 13:43:23 | node | INFO ] 🧩 Model added for round 93 (9/49) from ['node_47']
[ 2026-03-06 13:43:23 | node | INFO ] 🧩 Model added for round 93 (10/49) from ['node_35']
[ 2026-03-06 13:43:23 | node | INFO ] 🧩 Model added for round 93 (11/49) from ['node_30']
[ 2026-03-06 13:43:23 | node | INFO ] 🧩 Model added for round 93 (12/49) from ['node_42']
[ 2026-03-06 13:43:23 | node | INFO ] 🧩 Model added for round 93 (13/49) from ['node_17']
[ 2026-03-06 13:43:23 | node | INFO ] 🧩 Model added for round 93 (14/49) from ['node_25']
[ 2026-03-06 13:43:23 | node | INFO ] 🧩 Model added for round 93 (15/49) from ['node_1']
[ 2026-03-06 13:43:23 | node | INFO ] 🧩 Model added for round 93 (16/49) from ['node_41']
[ 2026-03-06 13:43:23 | node | INFO ] 🧩 Model added for round 93 (17/49) from ['node_10']
[ 2026-03-06 13:43:23 | node | INFO ] 🧩 Model added for round 93 (18/49) from ['node_22']
[ 2026-03-06 13:43:23 | node | INFO ] 🧩 Model added for round 93 (19/49) from ['node_23']
[ 2026-03-06 13:43:23 | node | INFO ] 🧩 Model added for round 93 (20/49) from ['node_3']
[ 2026-03-06 13:43:23 | node | INFO ] 🧩 Model added for round 93 (21/49) from ['node_43']
[ 2026-03-06 13:43:23 | node | INFO ] 🧩 Model added for round 93 (22/49) from ['node_11']
[ 2026-03-06 13:43:23 | node | INFO ] 🧩 Model added for round 93 (23/49) from ['node_44']
[ 2026-03-06 13:43:23 | node | INFO ] 🧩 Model added for round 93 (24/49) from ['node_32']
[ 2026-03-06 13:43:23 | node | INFO ] 🧩 Model added for round 93 (25/49) from ['node_39']
[ 2026-03-06 13:43:23 | node | INFO ] 🧩 Model added for round 93 (26/49) from ['node_27']
[ 2026-03-06 13:43:23 | node | INFO ] 🧩 Model added for round 93 (27/49) from ['node_19']
[ 2026-03-06 13:43:23 | node | INFO ] 🧩 Model added for round 93 (28/49) from ['node_45']
[ 2026-03-06 13:43:23 | node | INFO ] 🧩 Model added for round 93 (29/49) from ['node_5']
[ 2026-03-06 13:43:23 | node | INFO ] 🧩 Model added for round 93 (30/49) from ['node_6']
[ 2026-03-06 13:43:23 | node | INFO ] 🧩 Model added for round 93 (31/49) from ['node_12']
[ 2026-03-06 13:43:23 | node | INFO ] 🧩 Model added for round 93 (32/49) from ['node_31']
[ 2026-03-06 13:43:23 | node | INFO ] 🧩 Model added for round 93 (33/49) from ['node_16']
[ 2026-03-06 13:43:23 | node | INFO ] 🧩 Model added for round 93 (34/49) from ['node_2']
[ 2026-03-06 13:43:23 | node | INFO ] 🧩 Model added for round 93 (35/49) from ['node_8']
[ 2026-03-06 13:43:23 | node | INFO ] 🧩 Model added for round 93 (36/49) from ['node_36']
[ 2026-03-06 13:43:23 | node | INFO ] 🧩 Model added for round 93 (37/49) from ['node_15']
[ 2026-03-06 13:43:23 | node | INFO ] 🧩 Model added for round 93 (38/49) from ['node_48']
[ 2026-03-06 13:43:23 | node | INFO ] 🧩 Model added for round 93 (39/49) from ['node_4']
[ 2026-03-06 13:43:23 | node | INFO ] 🧩 Model added for round 93 (40/49) from ['node_18']
[ 2026-03-06 13:43:23 | node | INFO ] 🧩 Model added for round 93 (41/49) from ['node_46']
[ 2026-03-06 13:43:23 | node | INFO ] 🧩 Model added for round 93 (42/49) from ['node_13']
[ 2026-03-06 13:43:23 | node | INFO ] 🧩 Model added for round 93 (43/49) from ['node_20']
[ 2026-03-06 13:43:23 | node | INFO ] 🧩 Model added for round 93 (44/49) from ['node_14']
[ 2026-03-06 13:43:23 | node | INFO ] 🧩 Model added for round 93 (45/49) from ['node_9']
[ 2026-03-06 13:43:23 | node | INFO ] 🧩 Model added for round 93 (46/49) from ['node_29']
[ 2026-03-06 13:43:23 | node | INFO ] 🧩 Model added for round 93 (47/49) from ['node_49']
[ 2026-03-06 13:43:23 | node | INFO ] 🧩 Model added for round 93 (48/49) from ['node_28']
[ 2026-03-06 13:43:23 | node | INFO ] 🧩 Model added for round 93 (49/49) from ['node_40']
[ 2026-03-06 13:43:23 | node | INFO ] 🔬 Evaluating...
[ 2026-03-06 13:43:23 | node | INFO ] 📈 Evaluated. Results: {'test_loss': 0.2026083618402481, 'test_acc': 0.9556451439857483, 'test_precision': 0.3161070644855499, 'test_recall': 0.3235562741756439, 'test_f1': 0.3187641203403473, 'communication_cost': 46110666}
[ 2026-03-06 13:43:23 | node_21 | INFO ] 🔬 Evaluating...
[ 2026-03-06 13:43:23 | node_17 | INFO ] 🔬 Evaluating...
[ 2026-03-06 13:43:23 | node_25 | INFO ] 🔬 Evaluating...
[ 2026-03-06 13:43:23 | node_1 | INFO ] 🔬 Evaluating...
[ 2026-03-06 13:43:23 | node_22 | INFO ] 🔬 Evaluating...
[ 2026-03-06 13:43:23 | node_10 | INFO ] 🔬 Evaluating...
[ 2026-03-06 13:43:23 | node_3 | INFO ] 🔬 Evaluating...
[ 2026-03-06 13:43:23 | node_23 | INFO ] 🔬 Evaluating...
[ 2026-03-06 13:43:23 | node_21 | INFO ] 📈 Evaluated. Results: {'test_loss': 0.2977229356765747, 'test_acc': 0.9567307829856873, 'test_precision': 0.5144485235214233, 'test_recall': 0.5094759464263916, 'test_f1': 0.5117276310920715, 'communication_cost': 0}
[ 2026-03-06 13:43:23 | node_11 | INFO ] 🔬 Evaluating...
[ 2026-03-06 13:43:23 | node_32 | INFO ] 🔬 Evaluating...
[ 2026-03-06 13:43:23 | node_21 | INFO ] 🚂 Round 94: Client training...
[ 2026-03-06 13:43:23 | node_19 | INFO ] 🔬 Evaluating...
[ 2026-03-06 13:43:23 | node_27 | INFO ] 🔬 Evaluating...
[ 2026-03-06 13:43:23 | node_5 | INFO ] 🔬 Evaluating...
[ 2026-03-06 13:43:23 | node_6 | INFO ] 🔬 Evaluating...
[ 2026-03-06 13:43:23 | node_31 | INFO ] 🔬 Evaluating...
[ 2026-03-06 13:43:23 | node_7 | INFO ] 🔬 Evaluating...
[ 2026-03-06 13:43:23 | node_2 | INFO ] 🔬 Evaluating...
[ 2026-03-06 13:43:23 | node_12 | INFO ] 🔬 Evaluating...
[ 2026-03-06 13:43:23 | node_16 | INFO ] 🔬 Evaluating...
[ 2026-03-06 13:43:23 | node_8 | INFO ] 🔬 Evaluating...
[ 2026-03-06 13:43:23 | node_15 | INFO ] 🔬 Evaluating...
[ 2026-03-06 13:43:23 | node_13 | INFO ] 🔬 Evaluating...
[ 2026-03-06 13:43:23 | node_17 | INFO ] 📈 Evaluated. Results: {'test_loss': 0.3443472385406494, 'test_acc': 0.891566276550293, 'test_precision': 0.5670033693313599, 'test_recall': 0.6399896144866943, 'test_f1': 0.594058632850647, 'communication_cost': 0}
[ 2026-03-06 13:43:23 | node_20 | INFO ] 🔬 Evaluating...
[ 2026-03-06 13:43:23 | node_28 | INFO ] 🔬 Evaluating...
[ 2026-03-06 13:43:23 | node_18 | INFO ] 🔬 Evaluating...
[ 2026-03-06 13:43:23 | node_29 | INFO ] 🔬 Evaluating...
[ 2026-03-06 13:43:23 | node_14 | INFO ] 🔬 Evaluating...
[ 2026-03-06 13:43:23 | node_4 | INFO ] 🔬 Evaluating...
[ 2026-03-06 13:43:23 | node_9 | INFO ] 🔬 Evaluating...
[ 2026-03-06 13:43:23 | node_3 | INFO ] 📈 Evaluated. Results: {'test_loss': 0.01490349043160677, 'test_acc': 1.0, 'test_precision': 1.0, 'test_recall': 1.0, 'test_f1': 1.0, 'communication_cost': 0}
[ 2026-03-06 13:43:23 | node_10 | INFO ] 📈 Evaluated. Results: {'test_loss': 0.0011329976841807365, 'test_acc': 1.0, 'test_precision': 1.0, 'test_recall': 1.0, 'test_f1': 1.0, 'communication_cost': 0}
[ 2026-03-06 13:43:23 | node_25 | INFO ] 📈 Evaluated. Results: {'test_loss': 0.2516781687736511, 'test_acc': 0.9681817889213562, 'test_precision': 0.40696972608566284, 'test_recall': 0.43466830253601074, 'test_f1': 0.4172753095626831, 'communication_cost': 0}
[ 2026-03-06 13:43:23 | node_32 | INFO ] 📈 Evaluated. Results: {'test_loss': 0.7657647728919983, 'test_acc': 0.8999999761581421, 'test_precision': 0.3333333432674408, 'test_recall': 0.4139610826969147, 'test_f1': 0.3494439721107483, 'communication_cost': 0}
[ 2026-03-06 13:43:23 | node_11 | INFO ] 📈 Evaluated. Results: {'test_loss': 0.346223384141922, 'test_acc': 0.9238095283508301, 'test_precision': 0.7164449095726013, 'test_recall': 0.7218421101570129, 'test_f1': 0.7178236246109009, 'communication_cost': 0}
[ 2026-03-06 13:43:23 | node_1 | INFO ] 📈 Evaluated. Results: {'test_loss': 0.6593183279037476, 'test_acc': 0.949999988079071, 'test_precision': 0.5, 'test_recall': 0.4749999940395355, 'test_f1': 0.4871794581413269, 'communication_cost': 0}
[ 2026-03-06 13:43:23 | node_23 | INFO ] 📈 Evaluated. Results: {'test_loss': 0.23383428156375885, 'test_acc': 0.9320388436317444, 'test_precision': 0.44285717606544495, 'test_recall': 0.5612244606018066, 'test_f1': 0.48280423879623413, 'communication_cost': 0}
[ 2026-03-06 13:43:23 | node_27 | INFO ] 📈 Evaluated. Results: {'test_loss': 1.5708979368209839, 'test_acc': 0.8918918967247009, 'test_precision': 0.4444445073604584, 'test_recall': 0.42720305919647217, 'test_f1': 0.43535351753234863, 'communication_cost': 0}
[ 2026-03-06 13:43:23 | node_17 | INFO ] 🚂 Round 94: Client training...
[ 2026-03-06 13:43:23 | node_6 | INFO ] 📈 Evaluated. Results: {'test_loss': 0.2971464693546295, 'test_acc': 0.9230769276618958, 'test_precision': 0.5657142996788025, 'test_recall': 0.7806451320648193, 'test_f1': 0.6300421357154846, 'communication_cost': 0}
[ 2026-03-06 13:43:23 | node_26 | INFO ] 🔬 Evaluating...
[ 2026-03-06 13:43:23 | node_32 | INFO ] 🚂 Round 94: Client training...
[ 2026-03-06 13:43:24 | node_3 | INFO ] 🚂 Round 94: Client training...
[ 2026-03-06 13:43:24 | node_10 | INFO ] 🚂 Round 94: Client training...
[ 2026-03-06 13:43:24 | node_25 | INFO ] 🚂 Round 94: Client training...
[ 2026-03-06 13:43:24 | node_34 | INFO ] 🔬 Evaluating...
[ 2026-03-06 13:43:24 | node_1 | INFO ] 🚂 Round 94: Client training...
[ 2026-03-06 13:43:24 | node_19 | INFO ] 📈 Evaluated. Results: {'test_loss': 0.517790675163269, 'test_acc': 0.9280575513839722, 'test_precision': 0.6394450068473816, 'test_recall': 0.7471951842308044, 'test_f1': 0.6740663647651672, 'communication_cost': 0}
[ 2026-03-06 13:43:24 | node_11 | INFO ] 🚂 Round 94: Client training...
[ 2026-03-06 13:43:24 | node_5 | INFO ] 📈 Evaluated. Results: {'test_loss': 0.3455551862716675, 'test_acc': 0.9230769276618958, 'test_precision': 0.5550025701522827, 'test_recall': 0.6050488948822021, 'test_f1': 0.5717539191246033, 'communication_cost': 0}
[ 2026-03-06 13:43:24 | node_33 | INFO ] 🔬 Evaluating...
[ 2026-03-06 13:43:24 | node_8 | INFO ] 📈 Evaluated. Results: {'test_loss': 0.220336452126503, 'test_acc': 0.9219858050346375, 'test_precision': 0.5979294776916504, 'test_recall': 0.579818844795227, 'test_f1': 0.5870575904846191, 'communication_cost': 0}
[ 2026-03-06 13:43:24 | node_35 | INFO ] 🔬 Evaluating...
[ 2026-03-06 13:43:24 | node_24 | INFO ] 🔬 Evaluating...
[ 2026-03-06 13:43:24 | node_30 | INFO ] 🔬 Evaluating...
[ 2026-03-06 13:43:24 | node_23 | INFO ] 🚂 Round 94: Client training...
[ 2026-03-06 13:43:24 | node_27 | INFO ] 🚂 Round 94: Client training...
[ 2026-03-06 13:43:24 | node_6 | INFO ] 🚂 Round 94: Client training...
[ 2026-03-06 13:43:24 | node_19 | INFO ] 🚂 Round 94: Client training...
[ 2026-03-06 13:43:24 | node_5 | INFO ] 🚂 Round 94: Client training...
[ 2026-03-06 13:43:24 | node_8 | INFO ] 🚂 Round 94: Client training...
[ 2026-03-06 13:43:24 | node_7 | INFO ] 📈 Evaluated. Results: {'test_loss': 0.3020661175251007, 'test_acc': 0.970588207244873, 'test_precision': 0.6254901885986328, 'test_recall': 0.587995171546936, 'test_f1': 0.6054671406745911, 'communication_cost': 0}
[ 2026-03-06 13:43:24 | node_2 | INFO ] 📈 Evaluated. Results: {'test_loss': 0.06833101809024811, 'test_acc': 0.9764705896377563, 'test_precision': 0.7956521511077881, 'test_recall': 0.7789855003356934, 'test_f1': 0.7869564890861511, 'communication_cost': 0}
[ 2026-03-06 13:43:24 | node_16 | INFO ] 📈 Evaluated. Results: {'test_loss': 0.26284149289131165, 'test_acc': 0.9431818127632141, 'test_precision': 0.7576096057891846, 'test_recall': 0.7343305349349976, 'test_f1': 0.7451265454292297, 'communication_cost': 0}
[ 2026-03-06 13:43:24 | node_12 | INFO ] 📈 Evaluated. Results: {'test_loss': 0.29525890946388245, 'test_acc': 0.9289940595626831, 'test_precision': 0.28641626238822937, 'test_recall': 0.2971339523792267, 'test_f1': 0.2874089479446411, 'communication_cost': 0}
[ 2026-03-06 13:43:24 | node_22 | INFO ] 📈 Evaluated. Results: {'test_loss': 0.28297677636146545, 'test_acc': 0.9655172228813171, 'test_precision': 0.6000000238418579, 'test_recall': 0.6000000238418579, 'test_f1': 0.6000000238418579, 'communication_cost': 0}
[ 2026-03-06 13:43:24 | node_13 | INFO ] 📈 Evaluated. Results: {'test_loss': 0.44685548543930054, 'test_acc': 0.926701545715332, 'test_precision': 0.3247382342815399, 'test_recall': 0.3743581175804138, 'test_f1': 0.33792009949684143, 'communication_cost': 0}
[ 2026-03-06 13:43:24 | node_15 | INFO ] 📈 Evaluated. Results: {'test_loss': 0.2070135921239853, 'test_acc': 0.9836734533309937, 'test_precision': 0.6193877458572388, 'test_recall': 0.6121993064880371, 'test_f1': 0.6157548427581787, 'communication_cost': 0}
[ 2026-03-06 13:43:24 | node_31 | INFO ] 📈 Evaluated. Results: {'test_loss': 0.19882623851299286, 'test_acc': 0.9618320465087891, 'test_precision': 0.5463467836380005, 'test_recall': 0.5724086761474609, 'test_f1': 0.5567408204078674, 'communication_cost': 0}
[ 2026-03-06 13:43:24 | node_4 | INFO ] 📈 Evaluated. Results: {'test_loss': 0.1190595030784607, 'test_acc': 0.9790209531784058, 'test_precision': 0.442890465259552, 'test_recall': 0.4347119927406311, 'test_f1': 0.4387354552745819, 'communication_cost': 0}
[ 2026-03-06 13:43:24 | node_20 | INFO ] 📈 Evaluated. Results: {'test_loss': 0.5483602285385132, 'test_acc': 0.8850574493408203, 'test_precision': 0.32114753127098083, 'test_recall': 0.3029954731464386, 'test_f1': 0.31147831678390503, 'communication_cost': 0}
[ 2026-03-06 13:43:24 | node_18 | INFO ] 📈 Evaluated. Results: {'test_loss': 0.5019527077674866, 'test_acc': 0.9162161946296692, 'test_precision': 0.36220505833625793, 'test_recall': 0.3468568027019501, 'test_f1': 0.3534404933452606, 'communication_cost': 0}
[ 2026-03-06 13:43:24 | node_7 | INFO ] 🚂 Round 94: Client training...
[ 2026-03-06 13:43:24 | node_2 | INFO ] 🚂 Round 94: Client training...
[ 2026-03-06 13:43:24 | node_16 | INFO ] 🚂 Round 94: Client training...
[ 2026-03-06 13:43:24 | node_12 | INFO ] 🚂 Round 94: Client training...
[ 2026-03-06 13:43:24 | node_13 | INFO ] 🚂 Round 94: Client training...
[ 2026-03-06 13:43:24 | node_36 | INFO ] 🔬 Evaluating...
[ 2026-03-06 13:43:24 | node_14 | INFO ] 📈 Evaluated. Results: {'test_loss': 0.21608664095401764, 'test_acc': 0.9617646932601929, 'test_precision': 0.3637255132198334, 'test_recall': 0.3643917441368103, 'test_f1': 0.3630853593349457, 'communication_cost': 0}
[ 2026-03-06 13:43:24 | node_15 | INFO ] 🚂 Round 94: Client training...
[ 2026-03-06 13:43:24 | node_28 | INFO ] 📈 Evaluated. Results: {'test_loss': 0.38143524527549744, 'test_acc': 0.9680638909339905, 'test_precision': 0.3404446244239807, 'test_recall': 0.345849871635437, 'test_f1': 0.34173402190208435, 'communication_cost': 0}
[ 2026-03-06 13:43:24 | node_9 | INFO ] 📈 Evaluated. Results: {'test_loss': 0.15191805362701416, 'test_acc': 0.9863013625144958, 'test_precision': 0.5194434523582458, 'test_recall': 0.5129541754722595, 'test_f1': 0.5161212682723999, 'communication_cost': 0}
[ 2026-03-06 13:43:24 | node_22 | INFO ] 🚂 Round 94: Client training...
[ 2026-03-06 13:43:25 | node_35 | INFO ] 📈 Evaluated. Results: {'test_loss': 0.5613163709640503, 'test_acc': 0.9404761791229248, 'test_precision': 0.40000003576278687, 'test_recall': 0.38765430450439453, 'test_f1': 0.3936305642127991, 'communication_cost': 0}
[ 2026-03-06 13:43:25 | node_31 | INFO ] 🚂 Round 94: Client training...
[ 2026-03-06 13:43:25 | node_4 | INFO ] 🚂 Round 94: Client training...
[ 2026-03-06 13:43:25 | node_20 | INFO ] 🚂 Round 94: Client training...
[ 2026-03-06 13:43:25 | node_18 | INFO ] 🚂 Round 94: Client training...
[ 2026-03-06 13:43:25 | node_26 | INFO ] 📈 Evaluated. Results: {'test_loss': 0.133463516831398, 'test_acc': 0.9631490707397461, 'test_precision': 0.40480178594589233, 'test_recall': 0.39260390400886536, 'test_f1': 0.3985288441181183, 'communication_cost': 0}
[ 2026-03-06 13:43:25 | node_34 | INFO ] 📈 Evaluated. Results: {'test_loss': 0.45407572388648987, 'test_acc': 0.9363057613372803, 'test_precision': 0.38799020648002625, 'test_recall': 0.3723916709423065, 'test_f1': 0.3794275224208832, 'communication_cost': 0}
[ 2026-03-06 13:43:25 | node_14 | INFO ] 🚂 Round 94: Client training...
[ 2026-03-06 13:43:25 | node_24 | INFO ] 📈 Evaluated. Results: {'test_loss': 0.25476378202438354, 'test_acc': 0.9215686321258545, 'test_precision': 0.4749999940395355, 'test_recall': 0.4761904776096344, 'test_f1': 0.47434210777282715, 'communication_cost': 0}
[ 2026-03-06 13:43:25 | node_28 | INFO ] 🚂 Round 94: Client training...
[ 2026-03-06 13:43:25 | node_9 | INFO ] 🚂 Round 94: Client training...
[ 2026-03-06 13:43:25 | node_33 | INFO ] 📈 Evaluated. Results: {'test_loss': 0.505077600479126, 'test_acc': 0.8849999904632568, 'test_precision': 0.34628573060035706, 'test_recall': 0.32670047879219055, 'test_f1': 0.33585482835769653, 'communication_cost': 0}
[ 2026-03-06 13:43:25 | node_30 | INFO ] 📈 Evaluated. Results: {'test_loss': 0.09350353479385376, 'test_acc': 0.9285714030265808, 'test_precision': 0.5, 'test_recall': 0.4642857015132904, 'test_f1': 0.48148149251937866, 'communication_cost': 0}
[ 2026-03-06 13:43:25 | node_37 | INFO ] 🔬 Evaluating...
[ 2026-03-06 13:43:25 | node_35 | INFO ] 🚂 Round 94: Client training...
[ 2026-03-06 13:43:25 | node_38 | INFO ] 🔬 Evaluating...
[ 2026-03-06 13:43:25 | node_26 | INFO ] 🚂 Round 94: Client training...
[ 2026-03-06 13:43:25 | node_34 | INFO ] 🚂 Round 94: Client training...
[ 2026-03-06 13:43:25 | node_24 | INFO ] 🚂 Round 94: Client training...
[ 2026-03-06 13:43:25 | node_33 | INFO ] 🚂 Round 94: Client training...
[ 2026-03-06 13:43:25 | node_30 | INFO ] 🚂 Round 94: Client training...
[ 2026-03-06 13:43:25 | node_29 | INFO ] 📈 Evaluated. Results: {'test_loss': 0.6336089968681335, 'test_acc': 0.8746312856674194, 'test_precision': 0.2159377932548523, 'test_recall': 0.1913524866104126, 'test_f1': 0.2027735561132431, 'communication_cost': 0}
[ 2026-03-06 13:43:25 | node_36 | INFO ] 📈 Evaluated. Results: {'test_loss': 0.40381181240081787, 'test_acc': 0.9405940771102905, 'test_precision': 0.3292929530143738, 'test_recall': 0.3283902108669281, 'test_f1': 0.3266010284423828, 'communication_cost': 0}
[ 2026-03-06 13:43:25 | node_39 | INFO ] 🔬 Evaluating...
[ 2026-03-06 13:43:25 | node_37 | INFO ] 📈 Evaluated. Results: {'test_loss': 0.9791630506515503, 'test_acc': 0.8591549396514893, 'test_precision': 0.6445578336715698, 'test_recall': 0.6523809432983398, 'test_f1': 0.642387330532074, 'communication_cost': 0}
[ 2026-03-06 13:43:25 | node_29 | INFO ] 🚂 Round 94: Client training...
[ 2026-03-06 13:43:25 | node_40 | INFO ] 🔬 Evaluating...
[ 2026-03-06 13:43:25 | node_36 | INFO ] 🚂 Round 94: Client training...
[ 2026-03-06 13:43:25 | node_38 | INFO ] 📈 Evaluated. Results: {'test_loss': 0.5391678810119629, 'test_acc': 0.9068322777748108, 'test_precision': 0.48566991090774536, 'test_recall': 0.5248910784721375, 'test_f1': 0.49339568614959717, 'communication_cost': 0}
[ 2026-03-06 13:43:26 | node_37 | INFO ] 🚂 Round 94: Client training...
[ 2026-03-06 13:43:26 | node_38 | INFO ] 🚂 Round 94: Client training...
[ 2026-03-06 13:43:26 | node_39 | INFO ] 📈 Evaluated. Results: {'test_loss': 0.16886013746261597, 'test_acc': 0.9684210419654846, 'test_precision': 0.738095223903656, 'test_recall': 0.8369815349578857, 'test_f1': 0.7702671885490417, 'communication_cost': 0}
[ 2026-03-06 13:43:26 | node_39 | INFO ] 🚂 Round 94: Client training...
[ 2026-03-06 13:43:26 | node_40 | INFO ] 📈 Evaluated. Results: {'test_loss': 0.28497761487960815, 'test_acc': 0.9571428298950195, 'test_precision': 0.41020408272743225, 'test_recall': 0.4173400402069092, 'test_f1': 0.4061751365661621, 'communication_cost': 0}
[ 2026-03-06 13:43:26 | node_41 | INFO ] 🔬 Evaluating...
[ 2026-03-06 13:43:26 | node_42 | INFO ] 🔬 Evaluating...
[ 2026-03-06 13:43:26 | node_40 | INFO ] 🚂 Round 94: Client training...
[ 2026-03-06 13:43:26 | node_41 | INFO ] 📈 Evaluated. Results: {'test_loss': 0.20026235282421112, 'test_acc': 0.9727272987365723, 'test_precision': 0.7200000286102295, 'test_recall': 0.7942308187484741, 'test_f1': 0.7470731735229492, 'communication_cost': 0}
[ 2026-03-06 13:43:26 | node_41 | INFO ] 🚂 Round 94: Client training...
[ 2026-03-06 13:43:26 | node_42 | INFO ] 📈 Evaluated. Results: {'test_loss': 0.0008074900251813233, 'test_acc': 1.0, 'test_precision': 1.0, 'test_recall': 1.0, 'test_f1': 1.0, 'communication_cost': 0}
[ 2026-03-06 13:43:26 | node_42 | INFO ] 🚂 Round 94: Client training...
[ 2026-03-06 13:43:26 | node_46 | INFO ] 🔬 Evaluating...
[ 2026-03-06 13:43:26 | node_48 | INFO ] 🔬 Evaluating...
[ 2026-03-06 13:43:26 | node_45 | INFO ] 🔬 Evaluating...
[ 2026-03-06 13:43:26 | node_49 | INFO ] 🔬 Evaluating...
[ 2026-03-06 13:43:26 | node_45 | INFO ] 📈 Evaluated. Results: {'test_loss': 0.15727075934410095, 'test_acc': 0.9230769276618958, 'test_precision': 0.5416666865348816, 'test_recall': 0.6518518924713135, 'test_f1': 0.5795496702194214, 'communication_cost': 0}
[ 2026-03-06 13:43:26 | node_45 | INFO ] 🚂 Round 94: Client training...
[ 2026-03-06 13:43:26 | node_46 | INFO ] 📈 Evaluated. Results: {'test_loss': 0.20274080336093903, 'test_acc': 0.9583333134651184, 'test_precision': 0.4751337170600891, 'test_recall': 0.46157383918762207, 'test_f1': 0.46815264225006104, 'communication_cost': 0}
[ 2026-03-06 13:43:26 | node_48 | INFO ] 📈 Evaluated. Results: {'test_loss': 0.5221163034439087, 'test_acc': 0.9064748287200928, 'test_precision': 0.2988009452819824, 'test_recall': 0.32913336157798767, 'test_f1': 0.3015112578868866, 'communication_cost': 0}
[ 2026-03-06 13:43:26 | node_46 | INFO ] 🚂 Round 94: Client training...
[ 2026-03-06 13:43:26 | node_48 | INFO ] 🚂 Round 94: Client training...
[ 2026-03-06 13:43:26 | node_49 | INFO ] 📈 Evaluated. Results: {'test_loss': 0.25927016139030457, 'test_acc': 0.9378330111503601, 'test_precision': 0.46870505809783936, 'test_recall': 0.47357431054115295, 'test_f1': 0.46911025047302246, 'communication_cost': 0}
[ 2026-03-06 13:43:26 | node_49 | INFO ] 🚂 Round 94: Client training...
[ 2026-03-06 13:43:26 | node | INFO ] ⏳ Round 94: Server waiting for 49 updates.
[ 2026-03-06 13:43:26 | node | INFO ] ♻️ Proactively processing 41 early models for round 94.
[ 2026-03-06 13:43:26 | node | INFO ] 🧩 Model added for round 94 (1/49) from ['node_21']
[ 2026-03-06 13:43:26 | node | INFO ] 🧩 Model added for round 94 (2/49) from ['node_17']
[ 2026-03-06 13:43:26 | node | INFO ] 🧩 Model added for round 94 (3/49) from ['node_10']
[ 2026-03-06 13:43:26 | node | INFO ] 🧩 Model added for round 94 (4/49) from ['node_3']
[ 2026-03-06 13:43:26 | node | INFO ] 🧩 Model added for round 94 (5/49) from ['node_1']
[ 2026-03-06 13:43:26 | node | INFO ] 🧩 Model added for round 94 (6/49) from ['node_11']
[ 2026-03-06 13:43:26 | node | INFO ] 🧩 Model added for round 94 (7/49) from ['node_32']
[ 2026-03-06 13:43:26 | node | INFO ] 🧩 Model added for round 94 (8/49) from ['node_25']
[ 2026-03-06 13:43:26 | node | INFO ] 🧩 Model added for round 94 (9/49) from ['node_7']
[ 2026-03-06 13:43:26 | node | INFO ] 🧩 Model added for round 94 (10/49) from ['node_8']
[ 2026-03-06 13:43:26 | node | INFO ] 🧩 Model added for round 94 (11/49) from ['node_13']
[ 2026-03-06 13:43:26 | node | INFO ] 🧩 Model added for round 94 (12/49) from ['node_23']
[ 2026-03-06 13:43:26 | node | INFO ] 🧩 Model added for round 94 (13/49) from ['node_20']
[ 2026-03-06 13:43:26 | node | INFO ] 🧩 Model added for round 94 (14/49) from ['node_27']
[ 2026-03-06 13:43:26 | node | INFO ] 🧩 Model added for round 94 (15/49) from ['node_19']
[ 2026-03-06 13:43:26 | node | INFO ] 🧩 Model added for round 94 (16/49) from ['node_6']
[ 2026-03-06 13:43:26 | node | INFO ] 🧩 Model added for round 94 (17/49) from ['node_16']
[ 2026-03-06 13:43:26 | node | INFO ] 🧩 Model added for round 94 (18/49) from ['node_12']
[ 2026-03-06 13:43:26 | node | INFO ] 🧩 Model added for round 94 (19/49) from ['node_4']
[ 2026-03-06 13:43:26 | node | INFO ] 🧩 Model added for round 94 (20/49) from ['node_35']
[ 2026-03-06 13:43:26 | node | INFO ] 🧩 Model added for round 94 (21/49) from ['node_31']
[ 2026-03-06 13:43:26 | node | INFO ] 🧩 Model added for round 94 (22/49) from ['node_18']
[ 2026-03-06 13:43:26 | node | INFO ] 🧩 Model added for round 94 (23/49) from ['node_22']
[ 2026-03-06 13:43:26 | node | INFO ] 🧩 Model added for round 94 (24/49) from ['node_26']
[ 2026-03-06 13:43:26 | node | INFO ] 🧩 Model added for round 94 (25/49) from ['node_2']
[ 2026-03-06 13:43:26 | node | INFO ] 🧩 Model added for round 94 (26/49) from ['node_33']
[ 2026-03-06 13:43:26 | node | INFO ] 🧩 Model added for round 94 (27/49) from ['node_9']
[ 2026-03-06 13:43:26 | node | INFO ] 🧩 Model added for round 94 (28/49) from ['node_5']
[ 2026-03-06 13:43:26 | node | INFO ] 🧩 Model added for round 94 (29/49) from ['node_30']
[ 2026-03-06 13:43:26 | node | INFO ] 🧩 Model added for round 94 (30/49) from ['node_24']
[ 2026-03-06 13:43:26 | node | INFO ] 🧩 Model added for round 94 (31/49) from ['node_28']
[ 2026-03-06 13:43:26 | node | INFO ] 🧩 Model added for round 94 (32/49) from ['node_34']
[ 2026-03-06 13:43:26 | node | INFO ] 🧩 Model added for round 94 (33/49) from ['node_14']
[ 2026-03-06 13:43:26 | node | INFO ] 🧩 Model added for round 94 (34/49) from ['node_15']
[ 2026-03-06 13:43:26 | node | INFO ] 🧩 Model added for round 94 (35/49) from ['node_29']
[ 2026-03-06 13:43:26 | node | INFO ] 🧩 Model added for round 94 (36/49) from ['node_38']
[ 2026-03-06 13:43:26 | node | INFO ] 🧩 Model added for round 94 (37/49) from ['node_36']
[ 2026-03-06 13:43:26 | node | INFO ] 🧩 Model added for round 94 (38/49) from ['node_37']
[ 2026-03-06 13:43:26 | node | INFO ] 🧩 Model added for round 94 (39/49) from ['node_41']
[ 2026-03-06 13:43:26 | node | INFO ] 🧩 Model added for round 94 (40/49) from ['node_40']
[ 2026-03-06 13:43:26 | node | INFO ] 🧩 Model added for round 94 (41/49) from ['node_39']
[ 2026-03-06 13:43:26 | node | INFO ] 🧩 Model added for round 94 (42/49) from ['node_42']
[ 2026-03-06 13:43:26 | node | INFO ] 🧩 Model added for round 94 (43/49) from ['node_48']
[ 2026-03-06 13:43:26 | node | INFO ] 🧩 Model added for round 94 (44/49) from ['node_46']
[ 2026-03-06 13:43:26 | node | INFO ] 🧩 Model added for round 94 (45/49) from ['node_49']
[ 2026-03-06 13:43:26 | node | INFO ] 🧩 Model added for round 94 (46/49) from ['node_45']
[ 2026-03-06 13:43:26 | node_47 | INFO ] 🔬 Evaluating...
[ 2026-03-06 13:43:26 | node_43 | INFO ] 🔬 Evaluating...
[ 2026-03-06 13:43:26 | node_44 | INFO ] 🔬 Evaluating...
[ 2026-03-06 13:43:26 | node_47 | INFO ] 📈 Evaluated. Results: {'test_loss': 0.0643346980214119, 'test_acc': 0.9856114983558655, 'test_precision': 0.5237410068511963, 'test_recall': 0.5169784426689148, 'test_f1': 0.5201767683029175, 'communication_cost': 0}
[ 2026-03-06 13:43:26 | node_47 | INFO ] 🚂 Round 94: Client training...
[ 2026-03-06 13:43:26 | node_44 | INFO ] 📈 Evaluated. Results: {'test_loss': 0.38757824897766113, 'test_acc': 0.9433962106704712, 'test_precision': 0.6666666865348816, 'test_recall': 0.6541666984558105, 'test_f1': 0.6601731777191162, 'communication_cost': 0}
[ 2026-03-06 13:43:26 | node_44 | INFO ] 🚂 Round 94: Client training...
[ 2026-03-06 13:43:26 | node_43 | INFO ] 📈 Evaluated. Results: {'test_loss': 0.3314360976219177, 'test_acc': 0.9198113083839417, 'test_precision': 0.4355795383453369, 'test_recall': 0.4337240159511566, 'test_f1': 0.43295344710350037, 'communication_cost': 0}
[ 2026-03-06 13:43:26 | node_43 | INFO ] 🚂 Round 94: Client training...
[ 2026-03-06 13:43:26 | node | INFO ] 🧩 Model added for round 94 (47/49) from ['node_47']
[ 2026-03-06 13:43:26 | node | INFO ] 🧩 Model added for round 94 (48/49) from ['node_43']
[ 2026-03-06 13:43:27 | node | INFO ] 🧩 Model added for round 94 (49/49) from ['node_44']
[ 2026-03-06 13:43:27 | node | INFO ] 🔬 Evaluating...
[ 2026-03-06 13:43:27 | node | INFO ] 📈 Evaluated. Results: {'test_loss': 0.20024123787879944, 'test_acc': 0.9516128897666931, 'test_precision': 0.29233869910240173, 'test_recall': 0.29454249143600464, 'test_f1': 0.2914109528064728, 'communication_cost': 46110666}
[ 2026-03-06 13:43:27 | node_2 | INFO ] 🔬 Evaluating...
[ 2026-03-06 13:43:27 | node_5 | INFO ] 🔬 Evaluating...
[ 2026-03-06 13:43:27 | node_2 | INFO ] 📈 Evaluated. Results: {'test_loss': 0.07377763837575912, 'test_acc': 0.9764705896377563, 'test_precision': 0.7956521511077881, 'test_recall': 0.7789855003356934, 'test_f1': 0.7869564890861511, 'communication_cost': 0}
[ 2026-03-06 13:43:27 | node_2 | INFO ] 🚂 Round 95: Client training...
[ 2026-03-06 13:43:27 | node_5 | INFO ] 📈 Evaluated. Results: {'test_loss': 0.3323519825935364, 'test_acc': 0.9411764740943909, 'test_precision': 0.75616854429245, 'test_recall': 0.8305000066757202, 'test_f1': 0.7848575711250305, 'communication_cost': 0}
[ 2026-03-06 13:43:27 | node_5 | INFO ] 🚂 Round 95: Client training...
[ 2026-03-06 13:43:27 | node_3 | INFO ] 🔬 Evaluating...
[ 2026-03-06 13:43:27 | node_3 | INFO ] 📈 Evaluated. Results: {'test_loss': 0.013252762146294117, 'test_acc': 1.0, 'test_precision': 1.0, 'test_recall': 1.0, 'test_f1': 1.0, 'communication_cost': 0}
[ 2026-03-06 13:43:27 | node_3 | INFO ] 🚂 Round 95: Client training...
[ 2026-03-06 13:43:27 | node_41 | INFO ] 🔬 Evaluating...
[ 2026-03-06 13:43:27 | node_1 | INFO ] 🔬 Evaluating...
[ 2026-03-06 13:43:27 | node_43 | INFO ] 🔬 Evaluating...
[ 2026-03-06 13:43:28 | node_41 | INFO ] 📈 Evaluated. Results: {'test_loss': 0.2031700760126114, 'test_acc': 0.9727272987365723, 'test_precision': 0.7200000286102295, 'test_recall': 0.7942308187484741, 'test_f1': 0.7470731735229492, 'communication_cost': 0}
[ 2026-03-06 13:43:28 | node_1 | INFO ] 📈 Evaluated. Results: {'test_loss': 0.7247214317321777, 'test_acc': 0.949999988079071, 'test_precision': 0.5, 'test_recall': 0.4749999940395355, 'test_f1': 0.4871794581413269, 'communication_cost': 0}
[ 2026-03-06 13:43:28 | node_41 | INFO ] 🚂 Round 95: Client training...
[ 2026-03-06 13:43:28 | node_1 | INFO ] 🚂 Round 95: Client training...
[ 2026-03-06 13:43:28 | node_40 | INFO ] 🔬 Evaluating...
[ 2026-03-06 13:43:28 | node_11 | INFO ] 🔬 Evaluating...
[ 2026-03-06 13:43:28 | node_39 | INFO ] 🔬 Evaluating...
[ 2026-03-06 13:43:28 | node_32 | INFO ] 🔬 Evaluating...
[ 2026-03-06 13:43:28 | node_25 | INFO ] 🔬 Evaluating...
[ 2026-03-06 13:43:28 | node_43 | INFO ] 📈 Evaluated. Results: {'test_loss': 0.31637293100357056, 'test_acc': 0.9339622855186462, 'test_precision': 0.4921383857727051, 'test_recall': 0.5007003545761108, 'test_f1': 0.49287542700767517, 'communication_cost': 0}
[ 2026-03-06 13:43:28 | node_43 | INFO ] 🚂 Round 95: Client training...
[ 2026-03-06 13:43:28 | node_44 | INFO ] 🔬 Evaluating...
[ 2026-03-06 13:43:28 | node_42 | INFO ] 🔬 Evaluating...
[ 2026-03-06 13:43:28 | node_8 | INFO ] 🔬 Evaluating...
[ 2026-03-06 13:43:28 | node_7 | INFO ] 🔬 Evaluating...
[ 2026-03-06 13:43:28 | node_11 | INFO ] 📈 Evaluated. Results: {'test_loss': 0.35788610577583313, 'test_acc': 0.9238095283508301, 'test_precision': 0.7164449095726013, 'test_recall': 0.7218421101570129, 'test_f1': 0.7178236246109009, 'communication_cost': 0}
[ 2026-03-06 13:43:28 | node_17 | INFO ] 🔬 Evaluating...
[ 2026-03-06 13:43:28 | node_32 | INFO ] 📈 Evaluated. Results: {'test_loss': 0.7670213580131531, 'test_acc': 0.8999999761581421, 'test_precision': 0.3888888955116272, 'test_recall': 0.48295456171035767, 'test_f1': 0.4076846241950989, 'communication_cost': 0}
[ 2026-03-06 13:43:28 | node_48 | INFO ] 🔬 Evaluating...
[ 2026-03-06 13:43:28 | node_10 | INFO ] 🔬 Evaluating...
[ 2026-03-06 13:43:28 | node_46 | INFO ] 🔬 Evaluating...
[ 2026-03-06 13:43:28 | node_39 | INFO ] 📈 Evaluated. Results: {'test_loss': 0.16085472702980042, 'test_acc': 0.9684210419654846, 'test_precision': 0.738095223903656, 'test_recall': 0.8369815349578857, 'test_f1': 0.7702671885490417, 'communication_cost': 0}
[ 2026-03-06 13:43:28 | node_49 | INFO ] 🔬 Evaluating...
[ 2026-03-06 13:43:28 | node_25 | INFO ] 📈 Evaluated. Results: {'test_loss': 0.21365855634212494, 'test_acc': 0.9681817889213562, 'test_precision': 0.40696972608566284, 'test_recall': 0.43466830253601074, 'test_f1': 0.4172753095626831, 'communication_cost': 0}
[ 2026-03-06 13:43:28 | node_45 | INFO ] 🔬 Evaluating...
[ 2026-03-06 13:43:28 | node_13 | INFO ] 🔬 Evaluating...
[ 2026-03-06 13:43:28 | node_11 | INFO ] 🚂 Round 95: Client training...
[ 2026-03-06 13:43:28 | node_32 | INFO ] 🚂 Round 95: Client training...
[ 2026-03-06 13:43:28 | node_27 | INFO ] 🔬 Evaluating...
[ 2026-03-06 13:43:28 | node_23 | INFO ] 🔬 Evaluating...
[ 2026-03-06 13:43:28 | node_20 | INFO ] 🔬 Evaluating...
[ 2026-03-06 13:43:28 | node_19 | INFO ] 🔬 Evaluating...
[ 2026-03-06 13:43:28 | node_6 | INFO ] 🔬 Evaluating...
[ 2026-03-06 13:43:28 | node_16 | INFO ] 🔬 Evaluating...
[ 2026-03-06 13:43:28 | node_4 | INFO ] 🔬 Evaluating...
[ 2026-03-06 13:43:28 | node_12 | INFO ] 🔬 Evaluating...
[ 2026-03-06 13:43:28 | node_31 | INFO ] 🔬 Evaluating...
[ 2026-03-06 13:43:28 | node_35 | INFO ] 🔬 Evaluating...
[ 2026-03-06 13:43:28 | node_22 | INFO ] 🔬 Evaluating...
[ 2026-03-06 13:43:28 | node_26 | INFO ] 🔬 Evaluating...
[ 2026-03-06 13:43:28 | node_18 | INFO ] 🔬 Evaluating...
[ 2026-03-06 13:43:28 | node_39 | INFO ] 🚂 Round 95: Client training...
[ 2026-03-06 13:43:28 | node_21 | INFO ] 🔬 Evaluating...
[ 2026-03-06 13:43:28 | node_9 | INFO ] 🔬 Evaluating...
[ 2026-03-06 13:43:28 | node_33 | INFO ] 🔬 Evaluating...
[ 2026-03-06 13:43:28 | node_30 | INFO ] 🔬 Evaluating...
[ 2026-03-06 13:43:28 | node_44 | INFO ] 📈 Evaluated. Results: {'test_loss': 0.28625595569610596, 'test_acc': 0.9622641801834106, 'test_precision': 0.6666666865348816, 'test_recall': 0.6583333015441895, 'test_f1': 0.6623932719230652, 'communication_cost': 0}
[ 2026-03-06 13:43:28 | node_25 | INFO ] 🚂 Round 95: Client training...
[ 2026-03-06 13:43:28 | node_34 | INFO ] 🔬 Evaluating...
[ 2026-03-06 13:43:28 | node_24 | INFO ] 🔬 Evaluating...
[ 2026-03-06 13:43:28 | node_42 | INFO ] 📈 Evaluated. Results: {'test_loss': 0.0009001480066217482, 'test_acc': 1.0, 'test_precision': 1.0, 'test_recall': 1.0, 'test_f1': 1.0, 'communication_cost': 0}
[ 2026-03-06 13:43:28 | node_40 | INFO ] 📈 Evaluated. Results: {'test_loss': 0.28899121284484863, 'test_acc': 0.9589285850524902, 'test_precision': 0.424489825963974, 'test_recall': 0.431705117225647, 'test_f1': 0.4205114245414734, 'communication_cost': 0}
[ 2026-03-06 13:43:28 | node_29 | INFO ] 🔬 Evaluating...
[ 2026-03-06 13:43:28 | node_15 | INFO ] 🔬 Evaluating...
[ 2026-03-06 13:43:28 | node_14 | INFO ] 🔬 Evaluating...
[ 2026-03-06 13:43:28 | node_28 | INFO ] 🔬 Evaluating...
[ 2026-03-06 13:43:28 | node_36 | INFO ] 🔬 Evaluating...
[ 2026-03-06 13:43:28 | node_38 | INFO ] 🔬 Evaluating...
[ 2026-03-06 13:43:28 | node_37 | INFO ] 🔬 Evaluating...
[ 2026-03-06 13:43:28 | node_17 | INFO ] 📈 Evaluated. Results: {'test_loss': 0.3483274281024933, 'test_acc': 0.891566276550293, 'test_precision': 0.5670033693313599, 'test_recall': 0.6399896144866943, 'test_f1': 0.594058632850647, 'communication_cost': 0}
[ 2026-03-06 13:43:28 | node_8 | INFO ] 📈 Evaluated. Results: {'test_loss': 0.23788782954216003, 'test_acc': 0.914893627166748, 'test_precision': 0.5972294807434082, 'test_recall': 0.5718556642532349, 'test_f1': 0.5809758901596069, 'communication_cost': 0}
[ 2026-03-06 13:43:28 | node_47 | INFO ] 🔬 Evaluating...
[ 2026-03-06 13:43:28 | node_7 | INFO ] 📈 Evaluated. Results: {'test_loss': 0.30042529106140137, 'test_acc': 0.970588207244873, 'test_precision': 0.6254901885986328, 'test_recall': 0.587995171546936, 'test_f1': 0.6054671406745911, 'communication_cost': 0}
[ 2026-03-06 13:43:28 | node_46 | INFO ] 📈 Evaluated. Results: {'test_loss': 0.25348544120788574, 'test_acc': 0.9523809552192688, 'test_precision': 0.4751233458518982, 'test_recall': 0.4605470299720764, 'test_f1': 0.46761685609817505, 'communication_cost': 0}
[ 2026-03-06 13:43:28 | node_44 | INFO ] 🚂 Round 95: Client training...
[ 2026-03-06 13:43:28 | node_10 | INFO ] 📈 Evaluated. Results: {'test_loss': 0.0025563547387719154, 'test_acc': 1.0, 'test_precision': 1.0, 'test_recall': 1.0, 'test_f1': 1.0, 'communication_cost': 0}
[ 2026-03-06 13:43:28 | node_40 | INFO ] 🚂 Round 95: Client training...
[ 2026-03-06 13:43:28 | node_48 | INFO ] 📈 Evaluated. Results: {'test_loss': 0.5211489200592041, 'test_acc': 0.9100719690322876, 'test_precision': 0.32182255387306213, 'test_recall': 0.3508959710597992, 'test_f1': 0.32389354705810547, 'communication_cost': 0}
[ 2026-03-06 13:43:28 | node_42 | INFO ] 🚂 Round 95: Client training...
[ 2026-03-06 13:43:28 | node_45 | INFO ] 📈 Evaluated. Results: {'test_loss': 0.18209655582904816, 'test_acc': 0.9038461446762085, 'test_precision': 0.5416666865348816, 'test_recall': 0.6481481790542603, 'test_f1': 0.577497661113739, 'communication_cost': 0}
[ 2026-03-06 13:43:28 | node_17 | INFO ] 🚂 Round 95: Client training...
[ 2026-03-06 13:43:28 | node_8 | INFO ] 🚂 Round 95: Client training...
[ 2026-03-06 13:43:28 | node_7 | INFO ] 🚂 Round 95: Client training...
[ 2026-03-06 13:43:28 | node_27 | INFO ] 📈 Evaluated. Results: {'test_loss': 1.5081193447113037, 'test_acc': 0.8918918967247009, 'test_precision': 0.4444445073604584, 'test_recall': 0.42720305919647217, 'test_f1': 0.43535351753234863, 'communication_cost': 0}
[ 2026-03-06 13:43:28 | node_23 | INFO ] 📈 Evaluated. Results: {'test_loss': 0.18166382610797882, 'test_acc': 0.9417475461959839, 'test_precision': 0.4642857313156128, 'test_recall': 0.5626822710037231, 'test_f1': 0.49889007210731506, 'communication_cost': 0}
[ 2026-03-06 13:43:28 | node_46 | INFO ] 🚂 Round 95: Client training...
[ 2026-03-06 13:43:29 | node_49 | INFO ] 📈 Evaluated. Results: {'test_loss': 0.27566587924957275, 'test_acc': 0.9378330111503601, 'test_precision': 0.37645667791366577, 'test_recall': 0.38106128573417664, 'test_f1': 0.37660884857177734, 'communication_cost': 0}
[ 2026-03-06 13:43:29 | node_6 | INFO ] 📈 Evaluated. Results: {'test_loss': 0.2812439501285553, 'test_acc': 0.9230769276618958, 'test_precision': 0.5512820482254028, 'test_recall': 0.7684863209724426, 'test_f1': 0.6095453500747681, 'communication_cost': 0}
[ 2026-03-06 13:43:29 | node_10 | INFO ] 🚂 Round 95: Client training...
[ 2026-03-06 13:43:29 | node_19 | INFO ] 📈 Evaluated. Results: {'test_loss': 0.5311107039451599, 'test_acc': 0.9136690497398376, 'test_precision': 0.6271668672561646, 'test_recall': 0.7416387796401978, 'test_f1': 0.6626775860786438, 'communication_cost': 0}
[ 2026-03-06 13:43:29 | node_13 | INFO ] 📈 Evaluated. Results: {'test_loss': 0.5124757885932922, 'test_acc': 0.9057591557502747, 'test_precision': 0.2774869203567505, 'test_recall': 0.3146539032459259, 'test_f1': 0.28621846437454224, 'communication_cost': 0}
[ 2026-03-06 13:43:29 | node_48 | INFO ] 🚂 Round 95: Client training...
[ 2026-03-06 13:43:29 | node_20 | INFO ] 📈 Evaluated. Results: {'test_loss': 0.5487338304519653, 'test_acc': 0.8888888955116272, 'test_precision': 0.3308219909667969, 'test_recall': 0.3112603724002838, 'test_f1': 0.32033559679985046, 'communication_cost': 0}
[ 2026-03-06 13:43:29 | node_4 | INFO ] 📈 Evaluated. Results: {'test_loss': 0.11111459136009216, 'test_acc': 0.9790209531784058, 'test_precision': 0.442890465259552, 'test_recall': 0.4347119927406311, 'test_f1': 0.4387354552745819, 'communication_cost': 0}
[ 2026-03-06 13:43:29 | node_12 | INFO ] 📈 Evaluated. Results: {'test_loss': 0.255948543548584, 'test_acc': 0.9289940595626831, 'test_precision': 0.28641626238822937, 'test_recall': 0.2971339523792267, 'test_f1': 0.2874089479446411, 'communication_cost': 0}
[ 2026-03-06 13:43:29 | node_45 | INFO ] 🚂 Round 95: Client training...
[ 2026-03-06 13:43:29 | node_35 | INFO ] 📈 Evaluated. Results: {'test_loss': 0.5491844415664673, 'test_acc': 0.9404761791229248, 'test_precision': 0.40000003576278687, 'test_recall': 0.38765430450439453, 'test_f1': 0.3936305642127991, 'communication_cost': 0}
[ 2026-03-06 13:43:29 | node_27 | INFO ] 🚂 Round 95: Client training...
[ 2026-03-06 13:43:29 | node_31 | INFO ] 📈 Evaluated. Results: {'test_loss': 0.1689622551202774, 'test_acc': 0.9618320465087891, 'test_precision': 0.5463467836380005, 'test_recall': 0.5724086761474609, 'test_f1': 0.5567408204078674, 'communication_cost': 0}
[ 2026-03-06 13:43:29 | node_23 | INFO ] 🚂 Round 95: Client training...
[ 2026-03-06 13:43:29 | node_22 | INFO ] 📈 Evaluated. Results: {'test_loss': 0.3027997612953186, 'test_acc': 0.9655172228813171, 'test_precision': 0.6000000238418579, 'test_recall': 0.6000000238418579, 'test_f1': 0.6000000238418579, 'communication_cost': 0}
[ 2026-03-06 13:43:29 | node_30 | INFO ] 📈 Evaluated. Results: {'test_loss': 0.07608658075332642, 'test_acc': 0.9285714030265808, 'test_precision': 0.5, 'test_recall': 0.4642857015132904, 'test_f1': 0.48148149251937866, 'communication_cost': 0}
[ 2026-03-06 13:43:29 | node_49 | INFO ] 🚂 Round 95: Client training...
[ 2026-03-06 13:43:29 | node_16 | INFO ] 📈 Evaluated. Results: {'test_loss': 0.24300794303417206, 'test_acc': 0.9488636255264282, 'test_precision': 0.7576742172241211, 'test_recall': 0.7360787987709045, 'test_f1': 0.746193528175354, 'communication_cost': 0}
[ 2026-03-06 13:43:29 | node_6 | INFO ] 🚂 Round 95: Client training...
[ 2026-03-06 13:43:29 | node_24 | INFO ] 📈 Evaluated. Results: {'test_loss': 0.22246241569519043, 'test_acc': 0.9215686321258545, 'test_precision': 0.4749999940395355, 'test_recall': 0.4761904776096344, 'test_f1': 0.47434210777282715, 'communication_cost': 0}
[ 2026-03-06 13:43:29 | node_21 | INFO ] 📈 Evaluated. Results: {'test_loss': 0.35216447710990906, 'test_acc': 0.942307710647583, 'test_precision': 0.5144485235214233, 'test_recall': 0.5062538981437683, 'test_f1': 0.5100290775299072, 'communication_cost': 0}
[ 2026-03-06 13:43:29 | node_18 | INFO ] 📈 Evaluated. Results: {'test_loss': 0.4925276041030884, 'test_acc': 0.9243243336677551, 'test_precision': 0.3970656096935272, 'test_recall': 0.3846059739589691, 'test_f1': 0.3897583782672882, 'communication_cost': 0}
[ 2026-03-06 13:43:29 | node_19 | INFO ] 🚂 Round 95: Client training...
[ 2026-03-06 13:43:29 | node_13 | INFO ] 🚂 Round 95: Client training...
[ 2026-03-06 13:43:29 | node_20 | INFO ] 🚂 Round 95: Client training...
[ 2026-03-06 13:43:29 | node_4 | INFO ] 🚂 Round 95: Client training...
[ 2026-03-06 13:43:29 | node_33 | INFO ] 📈 Evaluated. Results: {'test_loss': 0.42941102385520935, 'test_acc': 0.8949999809265137, 'test_precision': 0.34628573060035706, 'test_recall': 0.3287004828453064, 'test_f1': 0.33699268102645874, 'communication_cost': 0}
[ 2026-03-06 13:43:29 | node_12 | INFO ] 🚂 Round 95: Client training...
[ 2026-03-06 13:43:29 | node_37 | INFO ] 📈 Evaluated. Results: {'test_loss': 0.9485406875610352, 'test_acc': 0.8591549396514893, 'test_precision': 0.6445578336715698, 'test_recall': 0.6523809432983398, 'test_f1': 0.642387330532074, 'communication_cost': 0}
[ 2026-03-06 13:43:29 | node_35 | INFO ] 🚂 Round 95: Client training...
[ 2026-03-06 13:43:29 | node_34 | INFO ] 📈 Evaluated. Results: {'test_loss': 0.5125018954277039, 'test_acc': 0.9426751732826233, 'test_precision': 0.38799020648002625, 'test_recall': 0.3742278814315796, 'test_f1': 0.3804178833961487, 'communication_cost': 0}
[ 2026-03-06 13:43:29 | node_15 | INFO ] 📈 Evaluated. Results: {'test_loss': 0.2118842601776123, 'test_acc': 0.9795918464660645, 'test_precision': 0.5323129296302795, 'test_recall': 0.5258048176765442, 'test_f1': 0.5290132761001587, 'communication_cost': 0}
[ 2026-03-06 13:43:29 | node_31 | INFO ] 🚂 Round 95: Client training...
[ 2026-03-06 13:43:29 | node_22 | INFO ] 🚂 Round 95: Client training...
[ 2026-03-06 13:43:29 | node_30 | INFO ] 🚂 Round 95: Client training...
[ 2026-03-06 13:43:29 | node_9 | INFO ] 📈 Evaluated. Results: {'test_loss': 0.14729081094264984, 'test_acc': 0.9882583022117615, 'test_precision': 0.644688069820404, 'test_recall': 0.6391773223876953, 'test_f1': 0.6418570280075073, 'communication_cost': 0}
[ 2026-03-06 13:43:29 | node_26 | INFO ] 📈 Evaluated. Results: {'test_loss': 0.11793282628059387, 'test_acc': 0.9715242981910706, 'test_precision': 0.4500279426574707, 'test_recall': 0.43953996896743774, 'test_f1': 0.4446621239185333, 'communication_cost': 0}
[ 2026-03-06 13:43:29 | node_14 | INFO ] 📈 Evaluated. Results: {'test_loss': 0.21255280077457428, 'test_acc': 0.9676470756530762, 'test_precision': 0.3889355957508087, 'test_recall': 0.3929915428161621, 'test_f1': 0.3899244964122772, 'communication_cost': 0}
[ 2026-03-06 13:43:29 | node_47 | INFO ] 📈 Evaluated. Results: {'test_loss': 0.06602480262517929, 'test_acc': 0.9856114983558655, 'test_precision': 0.5237410068511963, 'test_recall': 0.5169784426689148, 'test_f1': 0.5201767683029175, 'communication_cost': 0}
[ 2026-03-06 13:43:29 | node_16 | INFO ] 🚂 Round 95: Client training...
[ 2026-03-06 13:43:29 | node_38 | INFO ] 📈 Evaluated. Results: {'test_loss': 0.5296587944030762, 'test_acc': 0.9130434989929199, 'test_precision': 0.48566991090774536, 'test_recall': 0.5268396139144897, 'test_f1': 0.494440495967865, 'communication_cost': 0}
[ 2026-03-06 13:43:29 | node_36 | INFO ] 📈 Evaluated. Results: {'test_loss': 0.38367095589637756, 'test_acc': 0.9405940771102905, 'test_precision': 0.3292929530143738, 'test_recall': 0.3283902108669281, 'test_f1': 0.3266010284423828, 'communication_cost': 0}
[ 2026-03-06 13:43:29 | node_24 | INFO ] 🚂 Round 95: Client training...
[ 2026-03-06 13:43:29 | node_21 | INFO ] 🚂 Round 95: Client training...
[ 2026-03-06 13:43:29 | node_18 | INFO ] 🚂 Round 95: Client training...
[ 2026-03-06 13:43:29 | node_33 | INFO ] 🚂 Round 95: Client training...
[ 2026-03-06 13:43:29 | node_37 | INFO ] 🚂 Round 95: Client training...
[ 2026-03-06 13:43:29 | node_34 | INFO ] 🚂 Round 95: Client training...
[ 2026-03-06 13:43:29 | node_15 | INFO ] 🚂 Round 95: Client training...
[ 2026-03-06 13:43:29 | node_9 | INFO ] 🚂 Round 95: Client training...
[ 2026-03-06 13:43:29 | node_26 | INFO ] 🚂 Round 95: Client training...
[ 2026-03-06 13:43:30 | node_14 | INFO ] 🚂 Round 95: Client training...
[ 2026-03-06 13:43:30 | node_47 | INFO ] 🚂 Round 95: Client training...
[ 2026-03-06 13:43:30 | node_38 | INFO ] 🚂 Round 95: Client training...
[ 2026-03-06 13:43:30 | node_36 | INFO ] 🚂 Round 95: Client training...
[ 2026-03-06 13:43:30 | node_28 | INFO ] 📈 Evaluated. Results: {'test_loss': 0.37905722856521606, 'test_acc': 0.9680638909339905, 'test_precision': 0.3745098412036896, 'test_recall': 0.38024774193763733, 'test_f1': 0.3759647309780121, 'communication_cost': 0}
[ 2026-03-06 13:43:30 | node_29 | INFO ] 📈 Evaluated. Results: {'test_loss': 0.6220743060112, 'test_acc': 0.8731563687324524, 'test_precision': 0.20632272958755493, 'test_recall': 0.1830015480518341, 'test_f1': 0.19384822249412537, 'communication_cost': 0}
[ 2026-03-06 13:43:30 | node_28 | INFO ] 🚂 Round 95: Client training...
[ 2026-03-06 13:43:30 | node_29 | INFO ] 🚂 Round 95: Client training...
[ 2026-03-06 13:43:31 | node | INFO ] ⏳ Round 95: Server waiting for 49 updates.
[ 2026-03-06 13:43:31 | node | INFO ] ♻️ Proactively processing 46 early models for round 95.
[ 2026-03-06 13:43:31 | node | INFO ] 🧩 Model added for round 95 (1/49) from ['node_3']
[ 2026-03-06 13:43:31 | node | INFO ] 🧩 Model added for round 95 (2/49) from ['node_2']
[ 2026-03-06 13:43:31 | node | INFO ] 🧩 Model added for round 95 (3/49) from ['node_1']
[ 2026-03-06 13:43:31 | node | INFO ] 🧩 Model added for round 95 (4/49) from ['node_41']
[ 2026-03-06 13:43:31 | node | INFO ] 🧩 Model added for round 95 (5/49) from ['node_5']
[ 2026-03-06 13:43:31 | node | INFO ] 🧩 Model added for round 95 (6/49) from ['node_43']
[ 2026-03-06 13:43:31 | node | INFO ] 🧩 Model added for round 95 (7/49) from ['node_11']
[ 2026-03-06 13:43:31 | node | INFO ] 🧩 Model added for round 95 (8/49) from ['node_32']
[ 2026-03-06 13:43:31 | node | INFO ] 🧩 Model added for round 95 (9/49) from ['node_25']
[ 2026-03-06 13:43:31 | node | INFO ] 🧩 Model added for round 95 (10/49) from ['node_39']
[ 2026-03-06 13:43:31 | node | INFO ] 🧩 Model added for round 95 (11/49) from ['node_46']
[ 2026-03-06 13:43:31 | node | INFO ] 🧩 Model added for round 95 (12/49) from ['node_7']
[ 2026-03-06 13:43:31 | node | INFO ] 🧩 Model added for round 95 (13/49) from ['node_17']
[ 2026-03-06 13:43:31 | node | INFO ] 🧩 Model added for round 95 (14/49) from ['node_10']
[ 2026-03-06 13:43:31 | node | INFO ] 🧩 Model added for round 95 (15/49) from ['node_42']
[ 2026-03-06 13:43:31 | node | INFO ] 🧩 Model added for round 95 (16/49) from ['node_20']
[ 2026-03-06 13:43:31 | node | INFO ] 🧩 Model added for round 95 (17/49) from ['node_48']
[ 2026-03-06 13:43:31 | node | INFO ] 🧩 Model added for round 95 (18/49) from ['node_35']
[ 2026-03-06 13:43:31 | node | INFO ] 🧩 Model added for round 95 (19/49) from ['node_49']
[ 2026-03-06 13:43:31 | node | INFO ] 🧩 Model added for round 95 (20/49) from ['node_13']
[ 2026-03-06 13:43:31 | node | INFO ] 🧩 Model added for round 95 (21/49) from ['node_4']
[ 2026-03-06 13:43:31 | node | INFO ] 🧩 Model added for round 95 (22/49) from ['node_40']
[ 2026-03-06 13:43:31 | node | INFO ] 🧩 Model added for round 95 (23/49) from ['node_8']
[ 2026-03-06 13:43:31 | node | INFO ] 🧩 Model added for round 95 (24/49) from ['node_30']
[ 2026-03-06 13:43:31 | node | INFO ] 🧩 Model added for round 95 (25/49) from ['node_44']
[ 2026-03-06 13:43:31 | node | INFO ] 🧩 Model added for round 95 (26/49) from ['node_45']
[ 2026-03-06 13:43:31 | node | INFO ] 🧩 Model added for round 95 (27/49) from ['node_23']
[ 2026-03-06 13:43:31 | node | INFO ] 🧩 Model added for round 95 (28/49) from ['node_26']
[ 2026-03-06 13:43:31 | node | INFO ] 🧩 Model added for round 95 (29/49) from ['node_31']
[ 2026-03-06 13:43:31 | node | INFO ] 🧩 Model added for round 95 (30/49) from ['node_24']
[ 2026-03-06 13:43:31 | node | INFO ] 🧩 Model added for round 95 (31/49) from ['node_22']
[ 2026-03-06 13:43:31 | node | INFO ] 🧩 Model added for round 95 (32/49) from ['node_33']
[ 2026-03-06 13:43:31 | node | INFO ] 🧩 Model added for round 95 (33/49) from ['node_16']
[ 2026-03-06 13:43:31 | node | INFO ] 🧩 Model added for round 95 (34/49) from ['node_9']
[ 2026-03-06 13:43:31 | node | INFO ] 🧩 Model added for round 95 (35/49) from ['node_27']
[ 2026-03-06 13:43:31 | node | INFO ] 🧩 Model added for round 95 (36/49) from ['node_12']
[ 2026-03-06 13:43:31 | node | INFO ] 🧩 Model added for round 95 (37/49) from ['node_19']
[ 2026-03-06 13:43:31 | node | INFO ] 🧩 Model added for round 95 (38/49) from ['node_18']
[ 2026-03-06 13:43:31 | node | INFO ] 🧩 Model added for round 95 (39/49) from ['node_34']
[ 2026-03-06 13:43:31 | node | INFO ] 🧩 Model added for round 95 (40/49) from ['node_6']
[ 2026-03-06 13:43:31 | node | INFO ] 🧩 Model added for round 95 (41/49) from ['node_37']
[ 2026-03-06 13:43:31 | node | INFO ] 🧩 Model added for round 95 (42/49) from ['node_47']
[ 2026-03-06 13:43:31 | node | INFO ] 🧩 Model added for round 95 (43/49) from ['node_36']
[ 2026-03-06 13:43:31 | node | INFO ] 🧩 Model added for round 95 (44/49) from ['node_38']
[ 2026-03-06 13:43:31 | node | INFO ] 🧩 Model added for round 95 (45/49) from ['node_21']
[ 2026-03-06 13:43:31 | node | INFO ] 🧩 Model added for round 95 (46/49) from ['node_29']
[ 2026-03-06 13:43:31 | node | INFO ] 🧩 Model added for round 95 (47/49) from ['node_14']
[ 2026-03-06 13:43:31 | node | INFO ] 🧩 Model added for round 95 (48/49) from ['node_28']
[ 2026-03-06 13:43:31 | node | INFO ] 🧩 Model added for round 95 (49/49) from ['node_15']
[ 2026-03-06 13:43:32 | node | INFO ] 🔬 Evaluating...
[ 2026-03-06 13:43:32 | node | INFO ] 📈 Evaluated. Results: {'test_loss': 0.20368066430091858, 'test_acc': 0.9596773982048035, 'test_precision': 0.32104456424713135, 'test_recall': 0.32425448298454285, 'test_f1': 0.32151466608047485, 'communication_cost': 46110666}
[ 2026-03-06 13:43:32 | node_1 | INFO ] 🔬 Evaluating...
[ 2026-03-06 13:43:32 | node_1 | INFO ] 📈 Evaluated. Results: {'test_loss': 0.6876641511917114, 'test_acc': 0.949999988079071, 'test_precision': 0.5, 'test_recall': 0.4749999940395355, 'test_f1': 0.4871794581413269, 'communication_cost': 0}
[ 2026-03-06 13:43:32 | node_1 | INFO ] 🚂 Round 96: Client training...
[ 2026-03-06 13:43:32 | node_17 | INFO ] 🔬 Evaluating...
[ 2026-03-06 13:43:32 | node_5 | INFO ] 🔬 Evaluating...
[ 2026-03-06 13:43:32 | node_7 | INFO ] 🔬 Evaluating...
[ 2026-03-06 13:43:32 | node_11 | INFO ] 🔬 Evaluating...
[ 2026-03-06 13:43:32 | node_10 | INFO ] 🔬 Evaluating...
[ 2026-03-06 13:43:32 | node_7 | INFO ] 📈 Evaluated. Results: {'test_loss': 0.28892838954925537, 'test_acc': 0.970588207244873, 'test_precision': 0.6254901885986328, 'test_recall': 0.587995171546936, 'test_f1': 0.6054671406745911, 'communication_cost': 0}
[ 2026-03-06 13:43:32 | node_7 | INFO ] 🚂 Round 96: Client training...
[ 2026-03-06 13:43:32 | node_5 | INFO ] 📈 Evaluated. Results: {'test_loss': 0.3499254584312439, 'test_acc': 0.9321267008781433, 'test_precision': 0.6283895373344421, 'test_recall': 0.6846091747283936, 'test_f1': 0.6486083269119263, 'communication_cost': 0}
[ 2026-03-06 13:43:32 | node_5 | INFO ] 🚂 Round 96: Client training...
[ 2026-03-06 13:43:32 | node_42 | INFO ] 🔬 Evaluating...
[ 2026-03-06 13:43:32 | node_11 | INFO ] 📈 Evaluated. Results: {'test_loss': 0.3679441213607788, 'test_acc': 0.9047619104385376, 'test_precision': 0.7102314829826355, 'test_recall': 0.7168420553207397, 'test_f1': 0.7119100093841553, 'communication_cost': 0}
[ 2026-03-06 13:43:32 | node_3 | INFO ] 🔬 Evaluating...
[ 2026-03-06 13:43:32 | node_2 | INFO ] 🔬 Evaluating...
[ 2026-03-06 13:43:32 | node_10 | INFO ] 📈 Evaluated. Results: {'test_loss': 0.0013428708771243691, 'test_acc': 1.0, 'test_precision': 1.0, 'test_recall': 1.0, 'test_f1': 1.0, 'communication_cost': 0}
[ 2026-03-06 13:43:32 | node_11 | INFO ] 🚂 Round 96: Client training...
[ 2026-03-06 13:43:32 | node_10 | INFO ] 🚂 Round 96: Client training...
[ 2026-03-06 13:43:32 | node_49 | INFO ] 🔬 Evaluating...
[ 2026-03-06 13:43:32 | node_20 | INFO ] 🔬 Evaluating...
[ 2026-03-06 13:43:32 | node_8 | INFO ] 🔬 Evaluating...
[ 2026-03-06 13:43:32 | node_44 | INFO ] 🔬 Evaluating...
[ 2026-03-06 13:43:32 | node_13 | INFO ] 🔬 Evaluating...
[ 2026-03-06 13:43:32 | node_4 | INFO ] 🔬 Evaluating...
[ 2026-03-06 13:43:32 | node_45 | INFO ] 🔬 Evaluating...
[ 2026-03-06 13:43:32 | node_40 | INFO ] 🔬 Evaluating...
[ 2026-03-06 13:43:32 | node_23 | INFO ] 🔬 Evaluating...
[ 2026-03-06 13:43:32 | node_35 | INFO ] 🔬 Evaluating...
[ 2026-03-06 13:43:32 | node_30 | INFO ] 🔬 Evaluating...
[ 2026-03-06 13:43:32 | node_26 | INFO ] 🔬 Evaluating...
[ 2026-03-06 13:43:32 | node_47 | INFO ] 🔬 Evaluating...
[ 2026-03-06 13:43:32 | node_38 | INFO ] 🔬 Evaluating...
[ 2026-03-06 13:43:32 | node_24 | INFO ] 🔬 Evaluating...
[ 2026-03-06 13:43:32 | node_6 | INFO ] 🔬 Evaluating...
[ 2026-03-06 13:43:32 | node_27 | INFO ] 🔬 Evaluating...
[ 2026-03-06 13:43:32 | node_9 | INFO ] 🔬 Evaluating...
[ 2026-03-06 13:43:32 | node_48 | INFO ] 🔬 Evaluating...
[ 2026-03-06 13:43:32 | node_34 | INFO ] 🔬 Evaluating...
[ 2026-03-06 13:43:32 | node_36 | INFO ] 🔬 Evaluating...
[ 2026-03-06 13:43:32 | node_33 | INFO ] 🔬 Evaluating...
[ 2026-03-06 13:43:32 | node_16 | INFO ] 🔬 Evaluating...
[ 2026-03-06 13:43:32 | node_31 | INFO ] 🔬 Evaluating...
[ 2026-03-06 13:43:32 | node_19 | INFO ] 🔬 Evaluating...
[ 2026-03-06 13:43:32 | node_21 | INFO ] 🔬 Evaluating...
[ 2026-03-06 13:43:32 | node_22 | INFO ] 🔬 Evaluating...
[ 2026-03-06 13:43:32 | node_18 | INFO ] 🔬 Evaluating...
[ 2026-03-06 13:43:32 | node_12 | INFO ] 🔬 Evaluating...
[ 2026-03-06 13:43:32 | node_29 | INFO ] 🔬 Evaluating...
[ 2026-03-06 13:43:32 | node_37 | INFO ] 🔬 Evaluating...
[ 2026-03-06 13:43:32 | node_3 | INFO ] 📈 Evaluated. Results: {'test_loss': 0.011724475771188736, 'test_acc': 1.0, 'test_precision': 1.0, 'test_recall': 1.0, 'test_f1': 1.0, 'communication_cost': 0}
[ 2026-03-06 13:43:32 | node_14 | INFO ] 🔬 Evaluating...
[ 2026-03-06 13:43:32 | node_28 | INFO ] 🔬 Evaluating...
[ 2026-03-06 13:43:32 | node_41 | INFO ] 🔬 Evaluating...
[ 2026-03-06 13:43:32 | node_25 | INFO ] 🔬 Evaluating...
[ 2026-03-06 13:43:32 | node_32 | INFO ] 🔬 Evaluating...
[ 2026-03-06 13:43:32 | node_15 | INFO ] 🔬 Evaluating...
[ 2026-03-06 13:43:33 | node_46 | INFO ] 🔬 Evaluating...
[ 2026-03-06 13:43:33 | node_39 | INFO ] 🔬 Evaluating...
[ 2026-03-06 13:43:33 | node_43 | INFO ] 🔬 Evaluating...
[ 2026-03-06 13:43:33 | node_42 | INFO ] 📈 Evaluated. Results: {'test_loss': 0.0002653050469234586, 'test_acc': 1.0, 'test_precision': 1.0, 'test_recall': 1.0, 'test_f1': 1.0, 'communication_cost': 0}
[ 2026-03-06 13:43:33 | node_2 | INFO ] 📈 Evaluated. Results: {'test_loss': 0.06630514562129974, 'test_acc': 0.9764705896377563, 'test_precision': 0.7956521511077881, 'test_recall': 0.7789855003356934, 'test_f1': 0.7869564890861511, 'communication_cost': 0}
[ 2026-03-06 13:43:33 | node_3 | INFO ] 🚂 Round 96: Client training...
[ 2026-03-06 13:43:33 | node_8 | INFO ] 📈 Evaluated. Results: {'test_loss': 0.248011976480484, 'test_acc': 0.9219858050346375, 'test_precision': 0.5972294807434082, 'test_recall': 0.5732741355895996, 'test_f1': 0.5821173787117004, 'communication_cost': 0}
[ 2026-03-06 13:43:33 | node_44 | INFO ] 📈 Evaluated. Results: {'test_loss': 0.30869877338409424, 'test_acc': 0.9433962106704712, 'test_precision': 0.6666666865348816, 'test_recall': 0.6541666984558105, 'test_f1': 0.6601731777191162, 'communication_cost': 0}
[ 2026-03-06 13:43:33 | node_13 | INFO ] 📈 Evaluated. Results: {'test_loss': 0.4551662504673004, 'test_acc': 0.9162303805351257, 'test_precision': 0.29123038053512573, 'test_recall': 0.3293291926383972, 'test_f1': 0.30047035217285156, 'communication_cost': 0}
[ 2026-03-06 13:43:33 | node_35 | INFO ] 📈 Evaluated. Results: {'test_loss': 0.5983415246009827, 'test_acc': 0.9404761791229248, 'test_precision': 0.40000003576278687, 'test_recall': 0.38765430450439453, 'test_f1': 0.3936305642127991, 'communication_cost': 0}
[ 2026-03-06 13:43:33 | node_42 | INFO ] 🚂 Round 96: Client training...
[ 2026-03-06 13:43:33 | node_20 | INFO ] 📈 Evaluated. Results: {'test_loss': 0.54127436876297, 'test_acc': 0.8888888955116272, 'test_precision': 0.32114753127098083, 'test_recall': 0.3042680621147156, 'test_f1': 0.31215134263038635, 'communication_cost': 0}
[ 2026-03-06 13:43:33 | node_2 | INFO ] 🚂 Round 96: Client training...
[ 2026-03-06 13:43:33 | node_8 | INFO ] 🚂 Round 96: Client training...
[ 2026-03-06 13:43:33 | node_44 | INFO ] 🚂 Round 96: Client training...
[ 2026-03-06 13:43:33 | node_47 | INFO ] 📈 Evaluated. Results: {'test_loss': 0.06498681008815765, 'test_acc': 0.9856114983558655, 'test_precision': 0.5237410068511963, 'test_recall': 0.5169784426689148, 'test_f1': 0.5201767683029175, 'communication_cost': 0}
[ 2026-03-06 13:43:33 | node_13 | INFO ] 🚂 Round 96: Client training...
[ 2026-03-06 13:43:34 | node_38 | INFO ] 📈 Evaluated. Results: {'test_loss': 0.5515292882919312, 'test_acc': 0.9192546606063843, 'test_precision': 0.48566991090774536, 'test_recall': 0.5279071927070618, 'test_f1': 0.49507936835289, 'communication_cost': 0}
[ 2026-03-06 13:43:34 | node_35 | INFO ] 🚂 Round 96: Client training...
[ 2026-03-06 13:43:34 | node_20 | INFO ] 🚂 Round 96: Client training...
[ 2026-03-06 13:43:34 | node_4 | INFO ] 📈 Evaluated. Results: {'test_loss': 0.11464895308017731, 'test_acc': 0.9790209531784058, 'test_precision': 0.442890465259552, 'test_recall': 0.4347119927406311, 'test_f1': 0.4387354552745819, 'communication_cost': 0}
[ 2026-03-06 13:43:34 | node_40 | INFO ] 📈 Evaluated. Results: {'test_loss': 0.2988101541996002, 'test_acc': 0.9553571343421936, 'test_precision': 0.41020408272743225, 'test_recall': 0.41674482822418213, 'test_f1': 0.405866801738739, 'communication_cost': 0}
[ 2026-03-06 13:43:34 | node_27 | INFO ] 📈 Evaluated. Results: {'test_loss': 1.6083643436431885, 'test_acc': 0.8918918967247009, 'test_precision': 0.5333333611488342, 'test_recall': 0.5126436948776245, 'test_f1': 0.5224242210388184, 'communication_cost': 0}
[ 2026-03-06 13:43:34 | node_6 | INFO ] 📈 Evaluated. Results: {'test_loss': 0.2744331955909729, 'test_acc': 0.9230769276618958, 'test_precision': 0.5657142996788025, 'test_recall': 0.7806451320648193, 'test_f1': 0.6300421357154846, 'communication_cost': 0}
[ 2026-03-06 13:43:34 | node_30 | INFO ] 📈 Evaluated. Results: {'test_loss': 0.10933635383844376, 'test_acc': 0.9285714030265808, 'test_precision': 0.5, 'test_recall': 0.4642857015132904, 'test_f1': 0.48148149251937866, 'communication_cost': 0}
[ 2026-03-06 13:43:34 | node_49 | INFO ] 📈 Evaluated. Results: {'test_loss': 0.2805732786655426, 'test_acc': 0.932504415512085, 'test_precision': 0.36007779836654663, 'test_recall': 0.360839307308197, 'test_f1': 0.35839974880218506, 'communication_cost': 0}
[ 2026-03-06 13:43:34 | node_45 | INFO ] 📈 Evaluated. Results: {'test_loss': 0.14800645411014557, 'test_acc': 0.942307710647583, 'test_precision': 0.6500000357627869, 'test_recall': 0.7866666316986084, 'test_f1': 0.69786536693573, 'communication_cost': 0}
[ 2026-03-06 13:43:34 | node_47 | INFO ] 🚂 Round 96: Client training...
[ 2026-03-06 13:43:34 | node_24 | INFO ] 📈 Evaluated. Results: {'test_loss': 0.21250580251216888, 'test_acc': 0.9215686321258545, 'test_precision': 0.4749999940395355, 'test_recall': 0.4761904776096344, 'test_f1': 0.47434210777282715, 'communication_cost': 0}
[ 2026-03-06 13:43:34 | node_22 | INFO ] 📈 Evaluated. Results: {'test_loss': 0.28713861107826233, 'test_acc': 0.9655172228813171, 'test_precision': 0.6000000238418579, 'test_recall': 0.6000000238418579, 'test_f1': 0.6000000238418579, 'communication_cost': 0}
[ 2026-03-06 13:43:34 | node_23 | INFO ] 📈 Evaluated. Results: {'test_loss': 0.21180161833763123, 'test_acc': 0.9417475461959839, 'test_precision': 0.4642857313156128, 'test_recall': 0.5626822710037231, 'test_f1': 0.49889007210731506, 'communication_cost': 0}
[ 2026-03-06 13:43:34 | node_31 | INFO ] 📈 Evaluated. Results: {'test_loss': 0.1833590716123581, 'test_acc': 0.9541984796524048, 'test_precision': 0.5348963737487793, 'test_recall': 0.5571414828300476, 'test_f1': 0.543000340461731, 'communication_cost': 0}
[ 2026-03-06 13:43:34 | node_21 | INFO ] 📈 Evaluated. Results: {'test_loss': 0.3092398941516876, 'test_acc': 0.9471153616905212, 'test_precision': 0.5144485235214233, 'test_recall': 0.5071948170661926, 'test_f1': 0.5105242133140564, 'communication_cost': 0}
[ 2026-03-06 13:43:34 | node_9 | INFO ] 📈 Evaluated. Results: {'test_loss': 0.1505778431892395, 'test_acc': 0.9843444228172302, 'test_precision': 0.4985693395137787, 'test_recall': 0.4919170141220093, 'test_f1': 0.49516206979751587, 'communication_cost': 0}
[ 2026-03-06 13:43:34 | node_33 | INFO ] 📈 Evaluated. Results: {'test_loss': 0.4723735749721527, 'test_acc': 0.8899999856948853, 'test_precision': 0.34628573060035706, 'test_recall': 0.3277004659175873, 'test_f1': 0.3364279866218567, 'communication_cost': 0}
[ 2026-03-06 13:43:34 | node_38 | INFO ] 🚂 Round 96: Client training...
[ 2026-03-06 13:43:34 | node_34 | INFO ] 📈 Evaluated. Results: {'test_loss': 0.4675256013870239, 'test_acc': 0.9363057613372803, 'test_precision': 0.38799020648002625, 'test_recall': 0.3723916709423065, 'test_f1': 0.3794275224208832, 'communication_cost': 0}
[ 2026-03-06 13:43:34 | node_37 | INFO ] 📈 Evaluated. Results: {'test_loss': 0.9060165882110596, 'test_acc': 0.8591549396514893, 'test_precision': 0.6445578336715698, 'test_recall': 0.6523809432983398, 'test_f1': 0.642387330532074, 'communication_cost': 0}
[ 2026-03-06 13:43:34 | node_4 | INFO ] 🚂 Round 96: Client training...
[ 2026-03-06 13:43:34 | node_17 | INFO ] 📈 Evaluated. Results: {'test_loss': 0.3117821514606476, 'test_acc': 0.8795180916786194, 'test_precision': 0.5634258985519409, 'test_recall': 0.6371406316757202, 'test_f1': 0.5906638503074646, 'communication_cost': 0}
[ 2026-03-06 13:43:34 | node_32 | INFO ] 📈 Evaluated. Results: {'test_loss': 0.7729765772819519, 'test_acc': 0.8999999761581421, 'test_precision': 0.3888888955116272, 'test_recall': 0.48295456171035767, 'test_f1': 0.4076846241950989, 'communication_cost': 0}
[ 2026-03-06 13:43:34 | node_41 | INFO ] 📈 Evaluated. Results: {'test_loss': 0.2420087605714798, 'test_acc': 0.9727272987365723, 'test_precision': 0.7200000286102295, 'test_recall': 0.7942308187484741, 'test_f1': 0.7470731735229492, 'communication_cost': 0}
[ 2026-03-06 13:43:34 | node_36 | INFO ] 📈 Evaluated. Results: {'test_loss': 0.3980140686035156, 'test_acc': 0.9405940771102905, 'test_precision': 0.42975008487701416, 'test_recall': 0.42970165610313416, 'test_f1': 0.4273674488067627, 'communication_cost': 0}
[ 2026-03-06 13:43:34 | node_40 | INFO ] 🚂 Round 96: Client training...
[ 2026-03-06 13:43:34 | node_16 | INFO ] 📈 Evaluated. Results: {'test_loss': 0.25949397683143616, 'test_acc': 0.9431818127632141, 'test_precision': 0.7576096057891846, 'test_recall': 0.7343305349349976, 'test_f1': 0.7451265454292297, 'communication_cost': 0}
[ 2026-03-06 13:43:34 | node_18 | INFO ] 📈 Evaluated. Results: {'test_loss': 0.49496182799339294, 'test_acc': 0.9189189076423645, 'test_precision': 0.3970656096935272, 'test_recall': 0.3837500214576721, 'test_f1': 0.389247328042984, 'communication_cost': 0}
[ 2026-03-06 13:43:34 | node_48 | INFO ] 📈 Evaluated. Results: {'test_loss': 0.49471646547317505, 'test_acc': 0.9172661900520325, 'test_precision': 0.32565948367118835, 'test_recall': 0.3524824380874634, 'test_f1': 0.32938483357429504, 'communication_cost': 0}
[ 2026-03-06 13:43:34 | node_19 | INFO ] 📈 Evaluated. Results: {'test_loss': 0.506016194820404, 'test_acc': 0.9280575513839722, 'test_precision': 0.6732100248336792, 'test_recall': 0.7490728497505188, 'test_f1': 0.6974049210548401, 'communication_cost': 0}
[ 2026-03-06 13:43:34 | node_27 | INFO ] 🚂 Round 96: Client training...
[ 2026-03-06 13:43:34 | node_49 | INFO ] 🚂 Round 96: Client training...
[ 2026-03-06 13:43:34 | node_30 | INFO ] 🚂 Round 96: Client training...
[ 2026-03-06 13:43:34 | node_6 | INFO ] 🚂 Round 96: Client training...
[ 2026-03-06 13:43:34 | node_45 | INFO ] 🚂 Round 96: Client training...
[ 2026-03-06 13:43:34 | node_15 | INFO ] 📈 Evaluated. Results: {'test_loss': 0.2220567911863327, 'test_acc': 0.9836734533309937, 'test_precision': 0.6193877458572388, 'test_recall': 0.6121993064880371, 'test_f1': 0.6157548427581787, 'communication_cost': 0}
[ 2026-03-06 13:43:34 | node_25 | INFO ] 📈 Evaluated. Results: {'test_loss': 0.23213829100131989, 'test_acc': 0.9681817889213562, 'test_precision': 0.40696972608566284, 'test_recall': 0.43466830253601074, 'test_f1': 0.4172753095626831, 'communication_cost': 0}
[ 2026-03-06 13:43:34 | node_24 | INFO ] 🚂 Round 96: Client training...
[ 2026-03-06 13:43:34 | node_23 | INFO ] 🚂 Round 96: Client training...
[ 2026-03-06 13:43:34 | node_39 | INFO ] 📈 Evaluated. Results: {'test_loss': 0.15352410078048706, 'test_acc': 0.9684210419654846, 'test_precision': 0.738095223903656, 'test_recall': 0.8369815349578857, 'test_f1': 0.7702671885490417, 'communication_cost': 0}
[ 2026-03-06 13:43:34 | node_12 | INFO ] 📈 Evaluated. Results: {'test_loss': 0.2734144330024719, 'test_acc': 0.9289940595626831, 'test_precision': 0.28641626238822937, 'test_recall': 0.2971339523792267, 'test_f1': 0.2874089479446411, 'communication_cost': 0}
[ 2026-03-06 13:43:34 | node_22 | INFO ] 🚂 Round 96: Client training...
[ 2026-03-06 13:43:34 | node_31 | INFO ] 🚂 Round 96: Client training...
[ 2026-03-06 13:43:34 | node_21 | INFO ] 🚂 Round 96: Client training...
[ 2026-03-06 13:43:34 | node_9 | INFO ] 🚂 Round 96: Client training...
[ 2026-03-06 13:43:34 | node_26 | INFO ] 📈 Evaluated. Results: {'test_loss': 0.12549880146980286, 'test_acc': 0.9631490707397461, 'test_precision': 0.40480178594589233, 'test_recall': 0.39260390400886536, 'test_f1': 0.3985288441181183, 'communication_cost': 0}
[ 2026-03-06 13:43:34 | node_28 | INFO ] 📈 Evaluated. Results: {'test_loss': 0.36055245995521545, 'test_acc': 0.970059871673584, 'test_precision': 0.37410223484039307, 'test_recall': 0.3672582805156708, 'test_f1': 0.37057939171791077, 'communication_cost': 0}
[ 2026-03-06 13:43:34 | node_33 | INFO ] 🚂 Round 96: Client training...
[ 2026-03-06 13:43:34 | node_14 | INFO ] 📈 Evaluated. Results: {'test_loss': 0.2369171530008316, 'test_acc': 0.9617646932601929, 'test_precision': 0.3637255132198334, 'test_recall': 0.3635042905807495, 'test_f1': 0.36258265376091003, 'communication_cost': 0}
[ 2026-03-06 13:43:34 | node_43 | INFO ] 📈 Evaluated. Results: {'test_loss': 0.33614423871040344, 'test_acc': 0.9292452931404114, 'test_precision': 0.4899942874908447, 'test_recall': 0.49261409044265747, 'test_f1': 0.4889032542705536, 'communication_cost': 0}
[ 2026-03-06 13:43:34 | node_46 | INFO ] 📈 Evaluated. Results: {'test_loss': 0.22966115176677704, 'test_acc': 0.9583333134651184, 'test_precision': 0.4751337170600891, 'test_recall': 0.46157383918762207, 'test_f1': 0.46815264225006104, 'communication_cost': 0}
[ 2026-03-06 13:43:34 | node_34 | INFO ] 🚂 Round 96: Client training...
[ 2026-03-06 13:43:34 | node_37 | INFO ] 🚂 Round 96: Client training...
[ 2026-03-06 13:43:34 | node_17 | INFO ] 🚂 Round 96: Client training...
[ 2026-03-06 13:43:34 | node_36 | INFO ] 🚂 Round 96: Client training...
[ 2026-03-06 13:43:35 | node_32 | INFO ] 🚂 Round 96: Client training...
[ 2026-03-06 13:43:35 | node_41 | INFO ] 🚂 Round 96: Client training...
[ 2026-03-06 13:43:35 | node_18 | INFO ] 🚂 Round 96: Client training...
[ 2026-03-06 13:43:35 | node_16 | INFO ] 🚂 Round 96: Client training...
[ 2026-03-06 13:43:35 | node_48 | INFO ] 🚂 Round 96: Client training...
[ 2026-03-06 13:43:35 | node_19 | INFO ] 🚂 Round 96: Client training...
[ 2026-03-06 13:43:35 | node_15 | INFO ] 🚂 Round 96: Client training...
[ 2026-03-06 13:43:35 | node_25 | INFO ] 🚂 Round 96: Client training...
[ 2026-03-06 13:43:35 | node_39 | INFO ] 🚂 Round 96: Client training...
[ 2026-03-06 13:43:35 | node_12 | INFO ] 🚂 Round 96: Client training...
[ 2026-03-06 13:43:35 | node_26 | INFO ] 🚂 Round 96: Client training...
[ 2026-03-06 13:43:35 | node_28 | INFO ] 🚂 Round 96: Client training...
[ 2026-03-06 13:43:35 | node_14 | INFO ] 🚂 Round 96: Client training...
[ 2026-03-06 13:43:35 | node_43 | INFO ] 🚂 Round 96: Client training...
[ 2026-03-06 13:43:35 | node_46 | INFO ] 🚂 Round 96: Client training...
[ 2026-03-06 13:43:35 | node_29 | INFO ] 📈 Evaluated. Results: {'test_loss': 0.6370600461959839, 'test_acc': 0.8716813921928406, 'test_precision': 0.2076602429151535, 'test_recall': 0.18284352123737335, 'test_f1': 0.19433213770389557, 'communication_cost': 0}
[ 2026-03-06 13:43:35 | node_29 | INFO ] 🚂 Round 96: Client training...
[ 2026-03-06 13:43:36 | node | INFO ] ⏳ Round 96: Server waiting for 49 updates.
[ 2026-03-06 13:43:36 | node | INFO ] ♻️ Proactively processing 49 early models for round 96.
[ 2026-03-06 13:43:36 | node | INFO ] 🧩 Model added for round 96 (1/49) from ['node_1']
[ 2026-03-06 13:43:36 | node | INFO ] 🧩 Model added for round 96 (2/49) from ['node_7']
[ 2026-03-06 13:43:36 | node | INFO ] 🧩 Model added for round 96 (3/49) from ['node_10']
[ 2026-03-06 13:43:36 | node | INFO ] 🧩 Model added for round 96 (4/49) from ['node_11']
[ 2026-03-06 13:43:36 | node | INFO ] 🧩 Model added for round 96 (5/49) from ['node_5']
[ 2026-03-06 13:43:36 | node | INFO ] 🧩 Model added for round 96 (6/49) from ['node_20']
[ 2026-03-06 13:43:36 | node | INFO ] 🧩 Model added for round 96 (7/49) from ['node_3']
[ 2026-03-06 13:43:36 | node | INFO ] 🧩 Model added for round 96 (8/49) from ['node_35']
[ 2026-03-06 13:43:36 | node | INFO ] 🧩 Model added for round 96 (9/49) from ['node_13']
[ 2026-03-06 13:43:36 | node | INFO ] 🧩 Model added for round 96 (10/49) from ['node_42']
[ 2026-03-06 13:43:36 | node | INFO ] 🧩 Model added for round 96 (11/49) from ['node_8']
[ 2026-03-06 13:43:36 | node | INFO ] 🧩 Model added for round 96 (12/49) from ['node_47']
[ 2026-03-06 13:43:36 | node | INFO ] 🧩 Model added for round 96 (13/49) from ['node_38']
[ 2026-03-06 13:43:36 | node | INFO ] 🧩 Model added for round 96 (14/49) from ['node_49']
[ 2026-03-06 13:43:36 | node | INFO ] 🧩 Model added for round 96 (15/49) from ['node_4']
[ 2026-03-06 13:43:36 | node | INFO ] 🧩 Model added for round 96 (16/49) from ['node_33']
[ 2026-03-06 13:43:36 | node | INFO ] 🧩 Model added for round 96 (17/49) from ['node_21']
[ 2026-03-06 13:43:36 | node | INFO ] 🧩 Model added for round 96 (18/49) from ['node_17']
[ 2026-03-06 13:43:36 | node | INFO ] 🧩 Model added for round 96 (19/49) from ['node_30']
[ 2026-03-06 13:43:36 | node | INFO ] 🧩 Model added for round 96 (20/49) from ['node_24']
[ 2026-03-06 13:43:36 | node | INFO ] 🧩 Model added for round 96 (21/49) from ['node_40']
[ 2026-03-06 13:43:36 | node | INFO ] 🧩 Model added for round 96 (22/49) from ['node_34']
[ 2026-03-06 13:43:36 | node | INFO ] 🧩 Model added for round 96 (23/49) from ['node_44']
[ 2026-03-06 13:43:36 | node | INFO ] 🧩 Model added for round 96 (24/49) from ['node_37']
[ 2026-03-06 13:43:36 | node | INFO ] 🧩 Model added for round 96 (25/49) from ['node_2']
[ 2026-03-06 13:43:36 | node | INFO ] 🧩 Model added for round 96 (26/49) from ['node_9']
[ 2026-03-06 13:43:36 | node | INFO ] 🧩 Model added for round 96 (27/49) from ['node_41']
[ 2026-03-06 13:43:36 | node | INFO ] 🧩 Model added for round 96 (28/49) from ['node_36']
[ 2026-03-06 13:43:36 | node | INFO ] 🧩 Model added for round 96 (29/49) from ['node_45']
[ 2026-03-06 13:43:36 | node | INFO ] 🧩 Model added for round 96 (30/49) from ['node_23']
[ 2026-03-06 13:43:36 | node | INFO ] 🧩 Model added for round 96 (31/49) from ['node_22']
[ 2026-03-06 13:43:36 | node | INFO ] 🧩 Model added for round 96 (32/49) from ['node_26']
[ 2026-03-06 13:43:36 | node | INFO ] 🧩 Model added for round 96 (33/49) from ['node_18']
[ 2026-03-06 13:43:36 | node | INFO ] 🧩 Model added for round 96 (34/49) from ['node_31']
[ 2026-03-06 13:43:36 | node | INFO ] 🧩 Model added for round 96 (35/49) from ['node_6']
[ 2026-03-06 13:43:36 | node | INFO ] 🧩 Model added for round 96 (36/49) from ['node_27']
[ 2026-03-06 13:43:36 | node | INFO ] 🧩 Model added for round 96 (37/49) from ['node_48']
[ 2026-03-06 13:43:36 | node | INFO ] 🧩 Model added for round 96 (38/49) from ['node_46']
[ 2026-03-06 13:43:36 | node | INFO ] 🧩 Model added for round 96 (39/49) from ['node_16']
[ 2026-03-06 13:43:36 | node | INFO ] 🧩 Model added for round 96 (40/49) from ['node_25']
[ 2026-03-06 13:43:36 | node | INFO ] 🧩 Model added for round 96 (41/49) from ['node_32']
[ 2026-03-06 13:43:36 | node | INFO ] 🧩 Model added for round 96 (42/49) from ['node_43']
[ 2026-03-06 13:43:36 | node | INFO ] 🧩 Model added for round 96 (43/49) from ['node_12']
[ 2026-03-06 13:43:36 | node | INFO ] 🧩 Model added for round 96 (44/49) from ['node_19']
[ 2026-03-06 13:43:36 | node | INFO ] 🧩 Model added for round 96 (45/49) from ['node_39']
[ 2026-03-06 13:43:36 | node | INFO ] 🧩 Model added for round 96 (46/49) from ['node_29']
[ 2026-03-06 13:43:36 | node | INFO ] 🧩 Model added for round 96 (47/49) from ['node_28']
[ 2026-03-06 13:43:36 | node | INFO ] 🧩 Model added for round 96 (48/49) from ['node_14']
[ 2026-03-06 13:43:36 | node | INFO ] 🧩 Model added for round 96 (49/49) from ['node_15']
[ 2026-03-06 13:43:36 | node | INFO ] 🔬 Evaluating...
[ 2026-03-06 13:43:36 | node | INFO ] 📈 Evaluated. Results: {'test_loss': 0.2033510059118271, 'test_acc': 0.9596773982048035, 'test_precision': 0.32104456424713135, 'test_recall': 0.32425448298454285, 'test_f1': 0.32151466608047485, 'communication_cost': 46110666}
[ 2026-03-06 13:43:36 | node_3 | INFO ] 🔬 Evaluating...
[ 2026-03-06 13:43:36 | node_7 | INFO ] 🔬 Evaluating...
[ 2026-03-06 13:43:36 | node_3 | INFO ] 📈 Evaluated. Results: {'test_loss': 0.011639428324997425, 'test_acc': 1.0, 'test_precision': 1.0, 'test_recall': 1.0, 'test_f1': 1.0, 'communication_cost': 0}
[ 2026-03-06 13:43:36 | node_3 | INFO ] 🚂 Round 97: Client training...
[ 2026-03-06 13:43:36 | node_35 | INFO ] 🔬 Evaluating...
[ 2026-03-06 13:43:36 | node_7 | INFO ] 📈 Evaluated. Results: {'test_loss': 0.2947632372379303, 'test_acc': 0.970588207244873, 'test_precision': 0.6254901885986328, 'test_recall': 0.587995171546936, 'test_f1': 0.6054671406745911, 'communication_cost': 0}
[ 2026-03-06 13:43:36 | node_7 | INFO ] 🚂 Round 97: Client training...
[ 2026-03-06 13:43:36 | node_13 | INFO ] 🔬 Evaluating...
[ 2026-03-06 13:43:36 | node_42 | INFO ] 🔬 Evaluating...
[ 2026-03-06 13:43:36 | node_11 | INFO ] 🔬 Evaluating...
[ 2026-03-06 13:43:36 | node_35 | INFO ] 📈 Evaluated. Results: {'test_loss': 0.5903840661048889, 'test_acc': 0.9404761791229248, 'test_precision': 0.40000003576278687, 'test_recall': 0.38765430450439453, 'test_f1': 0.3936305642127991, 'communication_cost': 0}
[ 2026-03-06 13:43:36 | node_10 | INFO ] 🔬 Evaluating...
[ 2026-03-06 13:43:36 | node_8 | INFO ] 🔬 Evaluating...
[ 2026-03-06 13:43:36 | node_35 | INFO ] 🚂 Round 97: Client training...
[ 2026-03-06 13:43:36 | node_47 | INFO ] 🔬 Evaluating...
[ 2026-03-06 13:43:36 | node_49 | INFO ] 🔬 Evaluating...
[ 2026-03-06 13:43:36 | node_38 | INFO ] 🔬 Evaluating...
[ 2026-03-06 13:43:36 | node_42 | INFO ] 📈 Evaluated. Results: {'test_loss': 0.0003206375113222748, 'test_acc': 1.0, 'test_precision': 1.0, 'test_recall': 1.0, 'test_f1': 1.0, 'communication_cost': 0}
[ 2026-03-06 13:43:37 | node_21 | INFO ] 🔬 Evaluating...
[ 2026-03-06 13:43:37 | node_33 | INFO ] 🔬 Evaluating...
[ 2026-03-06 13:43:37 | node_24 | INFO ] 🔬 Evaluating...
[ 2026-03-06 13:43:37 | node_4 | INFO ] 🔬 Evaluating...
[ 2026-03-06 13:43:37 | node_17 | INFO ] 🔬 Evaluating...
[ 2026-03-06 13:43:37 | node_30 | INFO ] 🔬 Evaluating...
[ 2026-03-06 13:43:37 | node_40 | INFO ] 🔬 Evaluating...
[ 2026-03-06 13:43:37 | node_34 | INFO ] 🔬 Evaluating...
[ 2026-03-06 13:43:37 | node_2 | INFO ] 🔬 Evaluating...
[ 2026-03-06 13:43:37 | node_37 | INFO ] 🔬 Evaluating...
[ 2026-03-06 13:43:37 | node_44 | INFO ] 🔬 Evaluating...
[ 2026-03-06 13:43:37 | node_9 | INFO ] 🔬 Evaluating...
[ 2026-03-06 13:43:37 | node_36 | INFO ] 🔬 Evaluating...
[ 2026-03-06 13:43:37 | node_11 | INFO ] 📈 Evaluated. Results: {'test_loss': 0.3562609851360321, 'test_acc': 0.9333333373069763, 'test_precision': 0.8192119598388672, 'test_recall': 0.8324812650680542, 'test_f1': 0.8244341015815735, 'communication_cost': 0}
[ 2026-03-06 13:43:37 | node_41 | INFO ] 🔬 Evaluating...
[ 2026-03-06 13:43:37 | node_23 | INFO ] 🔬 Evaluating...
[ 2026-03-06 13:43:37 | node_22 | INFO ] 🔬 Evaluating...
[ 2026-03-06 13:43:37 | node_45 | INFO ] 🔬 Evaluating...
[ 2026-03-06 13:43:37 | node_26 | INFO ] 🔬 Evaluating...
[ 2026-03-06 13:43:37 | node_6 | INFO ] 🔬 Evaluating...
[ 2026-03-06 13:43:37 | node_18 | INFO ] 🔬 Evaluating...
[ 2026-03-06 13:43:37 | node_48 | INFO ] 🔬 Evaluating...
[ 2026-03-06 13:43:37 | node_25 | INFO ] 🔬 Evaluating...
[ 2026-03-06 13:43:37 | node_27 | INFO ] 🔬 Evaluating...
[ 2026-03-06 13:43:37 | node_31 | INFO ] 🔬 Evaluating...
[ 2026-03-06 13:43:37 | node_32 | INFO ] 🔬 Evaluating...
[ 2026-03-06 13:43:37 | node_46 | INFO ] 🔬 Evaluating...
[ 2026-03-06 13:43:37 | node_39 | INFO ] 🔬 Evaluating...
[ 2026-03-06 13:43:37 | node_16 | INFO ] 🔬 Evaluating...
[ 2026-03-06 13:43:37 | node_12 | INFO ] 🔬 Evaluating...
[ 2026-03-06 13:43:37 | node_43 | INFO ] 🔬 Evaluating...
[ 2026-03-06 13:43:37 | node_19 | INFO ] 🔬 Evaluating...
[ 2026-03-06 13:43:37 | node_29 | INFO ] 🔬 Evaluating...
[ 2026-03-06 13:43:37 | node_28 | INFO ] 🔬 Evaluating...
[ 2026-03-06 13:43:37 | node_15 | INFO ] 🔬 Evaluating...
[ 2026-03-06 13:43:37 | node_10 | INFO ] 📈 Evaluated. Results: {'test_loss': 0.0012526600621640682, 'test_acc': 1.0, 'test_precision': 1.0, 'test_recall': 1.0, 'test_f1': 1.0, 'communication_cost': 0}
[ 2026-03-06 13:43:37 | node_42 | INFO ] 🚂 Round 97: Client training...
[ 2026-03-06 13:43:37 | node_5 | INFO ] 🔬 Evaluating...
[ 2026-03-06 13:43:37 | node_14 | INFO ] 🔬 Evaluating...
[ 2026-03-06 13:43:37 | node_11 | INFO ] 🚂 Round 97: Client training...
[ 2026-03-06 13:43:37 | node_20 | INFO ] 🔬 Evaluating...
[ 2026-03-06 13:43:37 | node_1 | INFO ] 🔬 Evaluating...
[ 2026-03-06 13:43:37 | node_38 | INFO ] 📈 Evaluated. Results: {'test_loss': 0.5470815896987915, 'test_acc': 0.9130434989929199, 'test_precision': 0.48566991090774536, 'test_recall': 0.5268396139144897, 'test_f1': 0.494440495967865, 'communication_cost': 0}
[ 2026-03-06 13:43:37 | node_8 | INFO ] 📈 Evaluated. Results: {'test_loss': 0.25988900661468506, 'test_acc': 0.9290780425071716, 'test_precision': 0.521316647529602, 'test_recall': 0.49760881066322327, 'test_f1': 0.506846010684967, 'communication_cost': 0}
[ 2026-03-06 13:43:37 | node_10 | INFO ] 🚂 Round 97: Client training...
[ 2026-03-06 13:43:37 | node_47 | INFO ] 📈 Evaluated. Results: {'test_loss': 0.06186056509613991, 'test_acc': 0.9856114983558655, 'test_precision': 0.5237410068511963, 'test_recall': 0.5169784426689148, 'test_f1': 0.5201767683029175, 'communication_cost': 0}
[ 2026-03-06 13:43:38 | node_49 | INFO ] 📈 Evaluated. Results: {'test_loss': 0.2768271863460541, 'test_acc': 0.9342806339263916, 'test_precision': 0.47375455498695374, 'test_recall': 0.47540414333343506, 'test_f1': 0.4725222587585449, 'communication_cost': 0}
[ 2026-03-06 13:43:38 | node_17 | INFO ] 📈 Evaluated. Results: {'test_loss': 0.31286466121673584, 'test_acc': 0.891566276550293, 'test_precision': 0.5670033693313599, 'test_recall': 0.6399896144866943, 'test_f1': 0.594058632850647, 'communication_cost': 0}
[ 2026-03-06 13:43:38 | node_30 | INFO ] 📈 Evaluated. Results: {'test_loss': 0.04645299166440964, 'test_acc': 1.0, 'test_precision': 1.0, 'test_recall': 1.0, 'test_f1': 1.0, 'communication_cost': 0}
[ 2026-03-06 13:43:38 | node_21 | INFO ] 📈 Evaluated. Results: {'test_loss': 0.30295881628990173, 'test_acc': 0.9471153616905212, 'test_precision': 0.5144485235214233, 'test_recall': 0.5071948170661926, 'test_f1': 0.5105242133140564, 'communication_cost': 0}
[ 2026-03-06 13:43:38 | node_24 | INFO ] 📈 Evaluated. Results: {'test_loss': 0.18936032056808472, 'test_acc': 0.9215686321258545, 'test_precision': 0.4749999940395355, 'test_recall': 0.4761904776096344, 'test_f1': 0.47434210777282715, 'communication_cost': 0}
[ 2026-03-06 13:43:38 | node_33 | INFO ] 📈 Evaluated. Results: {'test_loss': 0.489665150642395, 'test_acc': 0.8899999856948853, 'test_precision': 0.34628573060035706, 'test_recall': 0.3277004659175873, 'test_f1': 0.3364279866218567, 'communication_cost': 0}
[ 2026-03-06 13:43:38 | node_2 | INFO ] 📈 Evaluated. Results: {'test_loss': 0.06094016879796982, 'test_acc': 0.9764705896377563, 'test_precision': 0.7956521511077881, 'test_recall': 0.7789855003356934, 'test_f1': 0.7869564890861511, 'communication_cost': 0}
[ 2026-03-06 13:43:38 | node_5 | INFO ] 📈 Evaluated. Results: {'test_loss': 0.32457345724105835, 'test_acc': 0.9321267008781433, 'test_precision': 0.6283895373344421, 'test_recall': 0.6846091747283936, 'test_f1': 0.6486083269119263, 'communication_cost': 0}
[ 2026-03-06 13:43:38 | node_41 | INFO ] 📈 Evaluated. Results: {'test_loss': 0.230503648519516, 'test_acc': 0.9727272987365723, 'test_precision': 0.7200000286102295, 'test_recall': 0.7942308187484741, 'test_f1': 0.7470731735229492, 'communication_cost': 0}
[ 2026-03-06 13:43:38 | node_23 | INFO ] 📈 Evaluated. Results: {'test_loss': 0.1839517056941986, 'test_acc': 0.9417475461959839, 'test_precision': 0.4642857313156128, 'test_recall': 0.5626822710037231, 'test_f1': 0.49889007210731506, 'communication_cost': 0}
[ 2026-03-06 13:43:38 | node_38 | INFO ] 🚂 Round 97: Client training...
[ 2026-03-06 13:43:38 | node_25 | INFO ] 📈 Evaluated. Results: {'test_loss': 0.2329947054386139, 'test_acc': 0.9681817889213562, 'test_precision': 0.40696972608566284, 'test_recall': 0.43466830253601074, 'test_f1': 0.4172753095626831, 'communication_cost': 0}
[ 2026-03-06 13:43:38 | node_43 | INFO ] 📈 Evaluated. Results: {'test_loss': 0.3301505446434021, 'test_acc': 0.9245283007621765, 'test_precision': 0.43249204754829407, 'test_recall': 0.43499481678009033, 'test_f1': 0.43134331703186035, 'communication_cost': 0}
[ 2026-03-06 13:43:38 | node_28 | INFO ] 📈 Evaluated. Results: {'test_loss': 0.3675643801689148, 'test_acc': 0.970059871673584, 'test_precision': 0.37410223484039307, 'test_recall': 0.3672582805156708, 'test_f1': 0.37057939171791077, 'communication_cost': 0}
[ 2026-03-06 13:43:38 | node_39 | INFO ] 📈 Evaluated. Results: {'test_loss': 0.16486673057079315, 'test_acc': 0.9684210419654846, 'test_precision': 0.738095223903656, 'test_recall': 0.8369815349578857, 'test_f1': 0.7702671885490417, 'communication_cost': 0}
[ 2026-03-06 13:43:38 | node_8 | INFO ] 🚂 Round 97: Client training...
[ 2026-03-06 13:43:38 | node_44 | INFO ] 📈 Evaluated. Results: {'test_loss': 0.3310638964176178, 'test_acc': 0.9433962106704712, 'test_precision': 0.6666666865348816, 'test_recall': 0.6541666984558105, 'test_f1': 0.6601731777191162, 'communication_cost': 0}
[ 2026-03-06 13:43:38 | node_46 | INFO ] 📈 Evaluated. Results: {'test_loss': 0.2123367190361023, 'test_acc': 0.9583333134651184, 'test_precision': 0.4751337170600891, 'test_recall': 0.46157383918762207, 'test_f1': 0.46815264225006104, 'communication_cost': 0}
[ 2026-03-06 13:43:38 | node_9 | INFO ] 📈 Evaluated. Results: {'test_loss': 0.15485574305057526, 'test_acc': 0.9863013625144958, 'test_precision': 0.5194434523582458, 'test_recall': 0.5129541754722595, 'test_f1': 0.5161212682723999, 'communication_cost': 0}
[ 2026-03-06 13:43:38 | node_6 | INFO ] 📈 Evaluated. Results: {'test_loss': 0.272418349981308, 'test_acc': 0.9102563858032227, 'test_precision': 0.5312820672988892, 'test_recall': 0.7652605175971985, 'test_f1': 0.5887316465377808, 'communication_cost': 0}
[ 2026-03-06 13:43:38 | node_18 | INFO ] 📈 Evaluated. Results: {'test_loss': 0.5156258940696716, 'test_acc': 0.9216216206550598, 'test_precision': 0.39487776160240173, 'test_recall': 0.3826005756855011, 'test_f1': 0.38760656118392944, 'communication_cost': 0}
[ 2026-03-06 13:43:38 | node_19 | INFO ] 📈 Evaluated. Results: {'test_loss': 0.5173017382621765, 'test_acc': 0.9208633303642273, 'test_precision': 0.6732100248336792, 'test_recall': 0.745475709438324, 'test_f1': 0.6953322887420654, 'communication_cost': 0}
[ 2026-03-06 13:43:38 | node_47 | INFO ] 🚂 Round 97: Client training...
[ 2026-03-06 13:43:38 | node_22 | INFO ] 📈 Evaluated. Results: {'test_loss': 0.29701006412506104, 'test_acc': 0.9655172228813171, 'test_precision': 0.6000000238418579, 'test_recall': 0.6000000238418579, 'test_f1': 0.6000000238418579, 'communication_cost': 0}
[ 2026-03-06 13:43:38 | node_45 | INFO ] 📈 Evaluated. Results: {'test_loss': 0.1358158439397812, 'test_acc': 0.942307710647583, 'test_precision': 0.6500000357627869, 'test_recall': 0.7866666316986084, 'test_f1': 0.69786536693573, 'communication_cost': 0}
[ 2026-03-06 13:43:38 | node_48 | INFO ] 📈 Evaluated. Results: {'test_loss': 0.5171598196029663, 'test_acc': 0.9100719690322876, 'test_precision': 0.32182255387306213, 'test_recall': 0.3508959710597992, 'test_f1': 0.32389354705810547, 'communication_cost': 0}
[ 2026-03-06 13:43:38 | node_26 | INFO ] 📈 Evaluated. Results: {'test_loss': 0.1323731690645218, 'test_acc': 0.9664991497993469, 'test_precision': 0.5120044946670532, 'test_recall': 0.5012025237083435, 'test_f1': 0.5064411759376526, 'communication_cost': 0}
[ 2026-03-06 13:43:38 | node_14 | INFO ] 📈 Evaluated. Results: {'test_loss': 0.2199183702468872, 'test_acc': 0.9647058844566345, 'test_precision': 0.3637255132198334, 'test_recall': 0.3651270270347595, 'test_f1': 0.36346885561943054, 'communication_cost': 0}
[ 2026-03-06 13:43:38 | node_32 | INFO ] 📈 Evaluated. Results: {'test_loss': 0.7693555355072021, 'test_acc': 0.8999999761581421, 'test_precision': 0.3333333432674408, 'test_recall': 0.4139610826969147, 'test_f1': 0.3494439721107483, 'communication_cost': 0}
[ 2026-03-06 13:43:38 | node_29 | INFO ] 📈 Evaluated. Results: {'test_loss': 0.6295626163482666, 'test_acc': 0.8790560364723206, 'test_precision': 0.2159377932548523, 'test_recall': 0.19201156497001648, 'test_f1': 0.20315614342689514, 'communication_cost': 0}
[ 2026-03-06 13:43:38 | node_13 | INFO ] 📈 Evaluated. Results: {'test_loss': 0.47097307443618774, 'test_acc': 0.9214659929275513, 'test_precision': 0.29123038053512573, 'test_recall': 0.3302086591720581, 'test_f1': 0.3009449243545532, 'communication_cost': 0}
[ 2026-03-06 13:43:38 | node_37 | INFO ] 📈 Evaluated. Results: {'test_loss': 0.9719778895378113, 'test_acc': 0.8591549396514893, 'test_precision': 0.6445578336715698, 'test_recall': 0.6523809432983398, 'test_f1': 0.642387330532074, 'communication_cost': 0}
[ 2026-03-06 13:43:38 | node_31 | INFO ] 📈 Evaluated. Results: {'test_loss': 0.18195833265781403, 'test_acc': 0.9618320465087891, 'test_precision': 0.5463467836380005, 'test_recall': 0.5724086761474609, 'test_f1': 0.5567408204078674, 'communication_cost': 0}
[ 2026-03-06 13:43:38 | node_40 | INFO ] 📈 Evaluated. Results: {'test_loss': 0.30556440353393555, 'test_acc': 0.9553571343421936, 'test_precision': 0.41020408272743225, 'test_recall': 0.41674482822418213, 'test_f1': 0.405866801738739, 'communication_cost': 0}
[ 2026-03-06 13:43:38 | node_15 | INFO ] 📈 Evaluated. Results: {'test_loss': 0.21789751946926117, 'test_acc': 0.9836734533309937, 'test_precision': 0.6193877458572388, 'test_recall': 0.6121993064880371, 'test_f1': 0.6157548427581787, 'communication_cost': 0}
[ 2026-03-06 13:43:38 | node_27 | INFO ] 📈 Evaluated. Results: {'test_loss': 1.5667186975479126, 'test_acc': 0.8918918967247009, 'test_precision': 0.4444445073604584, 'test_recall': 0.42720305919647217, 'test_f1': 0.43535351753234863, 'communication_cost': 0}
[ 2026-03-06 13:43:38 | node_4 | INFO ] 📈 Evaluated. Results: {'test_loss': 0.12140108644962311, 'test_acc': 0.9790209531784058, 'test_precision': 0.442890465259552, 'test_recall': 0.4347119927406311, 'test_f1': 0.4387354552745819, 'communication_cost': 0}
[ 2026-03-06 13:43:38 | node_36 | INFO ] 📈 Evaluated. Results: {'test_loss': 0.41015830636024475, 'test_acc': 0.9438943862915039, 'test_precision': 0.35934311151504517, 'test_recall': 0.3598446846008301, 'test_f1': 0.3573527932167053, 'communication_cost': 0}
[ 2026-03-06 13:43:38 | node_34 | INFO ] 📈 Evaluated. Results: {'test_loss': 0.4809834063053131, 'test_acc': 0.9426751732826233, 'test_precision': 0.38799020648002625, 'test_recall': 0.3742278814315796, 'test_f1': 0.3804178833961487, 'communication_cost': 0}
[ 2026-03-06 13:43:38 | node_16 | INFO ] 📈 Evaluated. Results: {'test_loss': 0.27043506503105164, 'test_acc': 0.9545454382896423, 'test_precision': 0.757735013961792, 'test_recall': 0.7378270626068115, 'test_f1': 0.7472313046455383, 'communication_cost': 0}
[ 2026-03-06 13:43:38 | node_12 | INFO ] 📈 Evaluated. Results: {'test_loss': 0.28004220128059387, 'test_acc': 0.9289940595626831, 'test_precision': 0.28641626238822937, 'test_recall': 0.2971339523792267, 'test_f1': 0.2874089479446411, 'communication_cost': 0}
[ 2026-03-06 13:43:38 | node_30 | INFO ] 🚂 Round 97: Client training...
[ 2026-03-06 13:43:38 | node_1 | INFO ] 📈 Evaluated. Results: {'test_loss': 0.6903737783432007, 'test_acc': 0.949999988079071, 'test_precision': 0.5, 'test_recall': 0.4749999940395355, 'test_f1': 0.4871794581413269, 'communication_cost': 0}
[ 2026-03-06 13:43:38 | node_49 | INFO ] 🚂 Round 97: Client training...
[ 2026-03-06 13:43:38 | node_21 | INFO ] 🚂 Round 97: Client training...
[ 2026-03-06 13:43:38 | node_24 | INFO ] 🚂 Round 97: Client training...
[ 2026-03-06 13:43:38 | node_17 | INFO ] 🚂 Round 97: Client training...
[ 2026-03-06 13:43:38 | node_2 | INFO ] 🚂 Round 97: Client training...
[ 2026-03-06 13:43:38 | node_33 | INFO ] 🚂 Round 97: Client training...
[ 2026-03-06 13:43:38 | node_41 | INFO ] 🚂 Round 97: Client training...
[ 2026-03-06 13:43:38 | node_5 | INFO ] 🚂 Round 97: Client training...
[ 2026-03-06 13:43:38 | node_23 | INFO ] 🚂 Round 97: Client training...
[ 2026-03-06 13:43:38 | node_25 | INFO ] 🚂 Round 97: Client training...
[ 2026-03-06 13:43:38 | node_28 | INFO ] 🚂 Round 97: Client training...
[ 2026-03-06 13:43:38 | node_43 | INFO ] 🚂 Round 97: Client training...
[ 2026-03-06 13:43:38 | node_39 | INFO ] 🚂 Round 97: Client training...
[ 2026-03-06 13:43:38 | node_44 | INFO ] 🚂 Round 97: Client training...
[ 2026-03-06 13:43:38 | node_9 | INFO ] 🚂 Round 97: Client training...
[ 2026-03-06 13:43:38 | node_46 | INFO ] 🚂 Round 97: Client training...
[ 2026-03-06 13:43:38 | node_18 | INFO ] 🚂 Round 97: Client training...
[ 2026-03-06 13:43:38 | node_19 | INFO ] 🚂 Round 97: Client training...
[ 2026-03-06 13:43:38 | node_6 | INFO ] 🚂 Round 97: Client training...
[ 2026-03-06 13:43:38 | node_22 | INFO ] 🚂 Round 97: Client training...
[ 2026-03-06 13:43:38 | node_45 | INFO ] 🚂 Round 97: Client training...
[ 2026-03-06 13:43:39 | node_26 | INFO ] 🚂 Round 97: Client training...
[ 2026-03-06 13:43:39 | node_48 | INFO ] 🚂 Round 97: Client training...
[ 2026-03-06 13:43:39 | node_32 | INFO ] 🚂 Round 97: Client training...
[ 2026-03-06 13:43:39 | node_14 | INFO ] 🚂 Round 97: Client training...
[ 2026-03-06 13:43:39 | node_29 | INFO ] 🚂 Round 97: Client training...
[ 2026-03-06 13:43:39 | node_37 | INFO ] 🚂 Round 97: Client training...
[ 2026-03-06 13:43:39 | node_31 | INFO ] 🚂 Round 97: Client training...
[ 2026-03-06 13:43:39 | node_13 | INFO ] 🚂 Round 97: Client training...
[ 2026-03-06 13:43:39 | node_15 | INFO ] 🚂 Round 97: Client training...
[ 2026-03-06 13:43:39 | node_40 | INFO ] 🚂 Round 97: Client training...
[ 2026-03-06 13:43:39 | node_4 | INFO ] 🚂 Round 97: Client training...
[ 2026-03-06 13:43:39 | node_27 | INFO ] 🚂 Round 97: Client training...
[ 2026-03-06 13:43:39 | node_36 | INFO ] 🚂 Round 97: Client training...
[ 2026-03-06 13:43:39 | node_12 | INFO ] 🚂 Round 97: Client training...
[ 2026-03-06 13:43:39 | node_34 | INFO ] 🚂 Round 97: Client training...
[ 2026-03-06 13:43:39 | node_16 | INFO ] 🚂 Round 97: Client training...
[ 2026-03-06 13:43:39 | node_1 | INFO ] 🚂 Round 97: Client training...
[ 2026-03-06 13:43:40 | node | INFO ] ⏳ Round 97: Server waiting for 49 updates.
[ 2026-03-06 13:43:40 | node | INFO ] ♻️ Proactively processing 48 early models for round 97.
[ 2026-03-06 13:43:40 | node | INFO ] 🧩 Model added for round 97 (1/49) from ['node_7']
[ 2026-03-06 13:43:40 | node | INFO ] 🧩 Model added for round 97 (2/49) from ['node_3']
[ 2026-03-06 13:43:40 | node | INFO ] 🧩 Model added for round 97 (3/49) from ['node_35']
[ 2026-03-06 13:43:40 | node | INFO ] 🧩 Model added for round 97 (4/49) from ['node_42']
[ 2026-03-06 13:43:40 | node | INFO ] 🧩 Model added for round 97 (5/49) from ['node_10']
[ 2026-03-06 13:43:40 | node | INFO ] 🧩 Model added for round 97 (6/49) from ['node_11']
[ 2026-03-06 13:43:40 | node | INFO ] 🧩 Model added for round 97 (7/49) from ['node_38']
[ 2026-03-06 13:43:40 | node | INFO ] 🧩 Model added for round 97 (8/49) from ['node_47']
[ 2026-03-06 13:43:40 | node | INFO ] 🧩 Model added for round 97 (9/49) from ['node_30']
[ 2026-03-06 13:43:40 | node | INFO ] 🧩 Model added for round 97 (10/49) from ['node_49']
[ 2026-03-06 13:43:40 | node | INFO ] 🧩 Model added for round 97 (11/49) from ['node_17']
[ 2026-03-06 13:43:40 | node | INFO ] 🧩 Model added for round 97 (12/49) from ['node_8']
[ 2026-03-06 13:43:40 | node | INFO ] 🧩 Model added for round 97 (13/49) from ['node_24']
[ 2026-03-06 13:43:40 | node | INFO ] 🧩 Model added for round 97 (14/49) from ['node_21']
[ 2026-03-06 13:43:40 | node | INFO ] 🧩 Model added for round 97 (15/49) from ['node_33']
[ 2026-03-06 13:43:40 | node | INFO ] 🧩 Model added for round 97 (16/49) from ['node_41']
[ 2026-03-06 13:43:40 | node | INFO ] 🧩 Model added for round 97 (17/49) from ['node_43']
[ 2026-03-06 13:43:40 | node | INFO ] 🧩 Model added for round 97 (18/49) from ['node_9']
[ 2026-03-06 13:43:40 | node | INFO ] 🧩 Model added for round 97 (19/49) from ['node_46']
[ 2026-03-06 13:43:40 | node | INFO ] 🧩 Model added for round 97 (20/49) from ['node_25']
[ 2026-03-06 13:43:40 | node | INFO ] 🧩 Model added for round 97 (21/49) from ['node_26']
[ 2026-03-06 13:43:40 | node | INFO ] 🧩 Model added for round 97 (22/49) from ['node_23']
[ 2026-03-06 13:43:40 | node | INFO ] 🧩 Model added for round 97 (23/49) from ['node_18']
[ 2026-03-06 13:43:40 | node | INFO ] 🧩 Model added for round 97 (24/49) from ['node_22']
[ 2026-03-06 13:43:40 | node | INFO ] 🧩 Model added for round 97 (25/49) from ['node_48']
[ 2026-03-06 13:43:40 | node | INFO ] 🧩 Model added for round 97 (26/49) from ['node_2']
[ 2026-03-06 13:43:40 | node | INFO ] 🧩 Model added for round 97 (27/49) from ['node_39']
[ 2026-03-06 13:43:40 | node | INFO ] 🧩 Model added for round 97 (28/49) from ['node_45']
[ 2026-03-06 13:43:40 | node | INFO ] 🧩 Model added for round 97 (29/49) from ['node_19']
[ 2026-03-06 13:43:40 | node | INFO ] 🧩 Model added for round 97 (30/49) from ['node_28']
[ 2026-03-06 13:43:40 | node | INFO ] 🧩 Model added for round 97 (31/49) from ['node_13']
[ 2026-03-06 13:43:40 | node | INFO ] 🧩 Model added for round 97 (32/49) from ['node_44']
[ 2026-03-06 13:43:40 | node | INFO ] 🧩 Model added for round 97 (33/49) from ['node_6']
[ 2026-03-06 13:43:40 | node | INFO ] 🧩 Model added for round 97 (34/49) from ['node_37']
[ 2026-03-06 13:43:40 | node | INFO ] 🧩 Model added for round 97 (35/49) from ['node_5']
[ 2026-03-06 13:43:40 | node | INFO ] 🧩 Model added for round 97 (36/49) from ['node_29']
[ 2026-03-06 13:43:40 | node | INFO ] 🧩 Model added for round 97 (37/49) from ['node_1']
[ 2026-03-06 13:43:40 | node | INFO ] 🧩 Model added for round 97 (38/49) from ['node_31']
[ 2026-03-06 13:43:40 | node | INFO ] 🧩 Model added for round 97 (39/49) from ['node_34']
[ 2026-03-06 13:43:40 | node | INFO ] 🧩 Model added for round 97 (40/49) from ['node_4']
[ 2026-03-06 13:43:40 | node | INFO ] 🧩 Model added for round 97 (41/49) from ['node_12']
[ 2026-03-06 13:43:40 | node | INFO ] 🧩 Model added for round 97 (42/49) from ['node_36']
[ 2026-03-06 13:43:40 | node | INFO ] 🧩 Model added for round 97 (43/49) from ['node_32']
[ 2026-03-06 13:43:40 | node | INFO ] 🧩 Model added for round 97 (44/49) from ['node_40']
[ 2026-03-06 13:43:40 | node | INFO ] 🧩 Model added for round 97 (45/49) from ['node_16']
[ 2026-03-06 13:43:40 | node | INFO ] 🧩 Model added for round 97 (46/49) from ['node_27']
[ 2026-03-06 13:43:40 | node | INFO ] 🧩 Model added for round 97 (47/49) from ['node_14']
[ 2026-03-06 13:43:40 | node | INFO ] 🧩 Model added for round 97 (48/49) from ['node_15']
[ 2026-03-06 13:43:40 | node_20 | INFO ] 📈 Evaluated. Results: {'test_loss': 0.5112704038619995, 'test_acc': 0.9042145609855652, 'test_precision': 0.3238128423690796, 'test_recall': 0.30865591764450073, 'test_f1': 0.31579095125198364, 'communication_cost': 0}
[ 2026-03-06 13:43:40 | node_20 | INFO ] 🚂 Round 97: Client training...
[ 2026-03-06 13:43:40 | node | INFO ] 🧩 Model added for round 97 (49/49) from ['node_20']
[ 2026-03-06 13:43:41 | node | INFO ] 🔬 Evaluating...
[ 2026-03-06 13:43:41 | node | INFO ] 📈 Evaluated. Results: {'test_loss': 0.1848522275686264, 'test_acc': 0.9596773982048035, 'test_precision': 0.32104456424713135, 'test_recall': 0.32425448298454285, 'test_f1': 0.32151466608047485, 'communication_cost': 46110666}
[ 2026-03-06 13:43:41 | node_7 | INFO ] 🔬 Evaluating...
[ 2026-03-06 13:43:41 | node_3 | INFO ] 🔬 Evaluating...
[ 2026-03-06 13:43:41 | node_17 | INFO ] 🔬 Evaluating...
[ 2026-03-06 13:43:41 | node_21 | INFO ] 🔬 Evaluating...
[ 2026-03-06 13:43:41 | node_8 | INFO ] 🔬 Evaluating...
[ 2026-03-06 13:43:41 | node_24 | INFO ] 🔬 Evaluating...
[ 2026-03-06 13:43:41 | node_7 | INFO ] 📈 Evaluated. Results: {'test_loss': 0.29571428894996643, 'test_acc': 0.970588207244873, 'test_precision': 0.6254901885986328, 'test_recall': 0.587995171546936, 'test_f1': 0.6054671406745911, 'communication_cost': 0}
[ 2026-03-06 13:43:41 | node_3 | INFO ] 📈 Evaluated. Results: {'test_loss': 0.010987257584929466, 'test_acc': 1.0, 'test_precision': 1.0, 'test_recall': 1.0, 'test_f1': 1.0, 'communication_cost': 0}
[ 2026-03-06 13:43:41 | node_3 | INFO ] 🚂 Round 98: Client training...
[ 2026-03-06 13:43:41 | node_7 | INFO ] 🚂 Round 98: Client training...
[ 2026-03-06 13:43:41 | node_11 | INFO ] 🔬 Evaluating...
[ 2026-03-06 13:43:41 | node_24 | INFO ] 📈 Evaluated. Results: {'test_loss': 0.24833549559116364, 'test_acc': 0.9411764740943909, 'test_precision': 0.6333333253860474, 'test_recall': 0.6428571343421936, 'test_f1': 0.6367771625518799, 'communication_cost': 0}
[ 2026-03-06 13:43:41 | node_24 | INFO ] 🚂 Round 98: Client training...
[ 2026-03-06 13:43:42 | node_21 | INFO ] 📈 Evaluated. Results: {'test_loss': 0.31420472264289856, 'test_acc': 0.9471153616905212, 'test_precision': 0.5144485235214233, 'test_recall': 0.5071948170661926, 'test_f1': 0.5105242133140564, 'communication_cost': 0}
[ 2026-03-06 13:43:42 | node_17 | INFO ] 📈 Evaluated. Results: {'test_loss': 0.3352080285549164, 'test_acc': 0.8795180916786194, 'test_precision': 0.5563161373138428, 'test_recall': 0.6371406316757202, 'test_f1': 0.5842390060424805, 'communication_cost': 0}
[ 2026-03-06 13:43:42 | node_8 | INFO ] 📈 Evaluated. Results: {'test_loss': 0.24912968277931213, 'test_acc': 0.9290780425071716, 'test_precision': 0.6068295240402222, 'test_recall': 0.5877820253372192, 'test_f1': 0.5954631567001343, 'communication_cost': 0}
[ 2026-03-06 13:43:42 | node_21 | INFO ] 🚂 Round 98: Client training...
[ 2026-03-06 13:43:42 | node_25 | INFO ] 🔬 Evaluating...
[ 2026-03-06 13:43:42 | node_23 | INFO ] 🔬 Evaluating...
[ 2026-03-06 13:43:42 | node_26 | INFO ] 🔬 Evaluating...
[ 2026-03-06 13:43:42 | node_9 | INFO ] 🔬 Evaluating...
[ 2026-03-06 13:43:42 | node_18 | INFO ] 🔬 Evaluating...
[ 2026-03-06 13:43:42 | node_22 | INFO ] 🔬 Evaluating...
[ 2026-03-06 13:43:42 | node_2 | INFO ] 🔬 Evaluating...
[ 2026-03-06 13:43:42 | node_28 | INFO ] 🔬 Evaluating...
[ 2026-03-06 13:43:42 | node_6 | INFO ] 🔬 Evaluating...
[ 2026-03-06 13:43:42 | node_13 | INFO ] 🔬 Evaluating...
[ 2026-03-06 13:43:42 | node_5 | INFO ] 🔬 Evaluating...
[ 2026-03-06 13:43:42 | node_19 | INFO ] 🔬 Evaluating...
[ 2026-03-06 13:43:42 | node_10 | INFO ] 🔬 Evaluating...
[ 2026-03-06 13:43:42 | node_17 | INFO ] 🚂 Round 98: Client training...
[ 2026-03-06 13:43:42 | node_29 | INFO ] 🔬 Evaluating...
[ 2026-03-06 13:43:42 | node_8 | INFO ] 🚂 Round 98: Client training...
[ 2026-03-06 13:43:42 | node_35 | INFO ] 🔬 Evaluating...
[ 2026-03-06 13:43:42 | node_1 | INFO ] 🔬 Evaluating...
[ 2026-03-06 13:43:42 | node_34 | INFO ] 🔬 Evaluating...
[ 2026-03-06 13:43:42 | node_32 | INFO ] 🔬 Evaluating...
[ 2026-03-06 13:43:42 | node_4 | INFO ] 🔬 Evaluating...
[ 2026-03-06 13:43:42 | node_12 | INFO ] 🔬 Evaluating...
[ 2026-03-06 13:43:42 | node_31 | INFO ] 🔬 Evaluating...
[ 2026-03-06 13:43:42 | node_27 | INFO ] 🔬 Evaluating...
[ 2026-03-06 13:43:42 | node_16 | INFO ] 🔬 Evaluating...
[ 2026-03-06 13:43:42 | node_36 | INFO ] 🔬 Evaluating...
[ 2026-03-06 13:43:42 | node_14 | INFO ] 🔬 Evaluating...
[ 2026-03-06 13:43:42 | node_15 | INFO ] 🔬 Evaluating...
[ 2026-03-06 13:43:42 | node_11 | INFO ] 📈 Evaluated. Results: {'test_loss': 0.3731938302516937, 'test_acc': 0.9238095283508301, 'test_precision': 0.8124450445175171, 'test_recall': 0.8296240568161011, 'test_f1': 0.8193297386169434, 'communication_cost': 0}
[ 2026-03-06 13:43:42 | node_2 | INFO ] 📈 Evaluated. Results: {'test_loss': 0.07087334245443344, 'test_acc': 0.9764705896377563, 'test_precision': 0.7956521511077881, 'test_recall': 0.7789855003356934, 'test_f1': 0.7869564890861511, 'communication_cost': 0}
[ 2026-03-06 13:43:42 | node_23 | INFO ] 📈 Evaluated. Results: {'test_loss': 0.22742250561714172, 'test_acc': 0.9514563083648682, 'test_precision': 0.4642857313156128, 'test_recall': 0.5641399621963501, 'test_f1': 0.4996616542339325, 'communication_cost': 0}
[ 2026-03-06 13:43:42 | node_20 | INFO ] 🔬 Evaluating...
[ 2026-03-06 13:43:42 | node_25 | INFO ] 📈 Evaluated. Results: {'test_loss': 0.22692330181598663, 'test_acc': 0.9727272987365723, 'test_precision': 0.4418181777000427, 'test_recall': 0.43582993745803833, 'test_f1': 0.4387817084789276, 'communication_cost': 0}
[ 2026-03-06 13:43:42 | node_30 | INFO ] 🔬 Evaluating...
[ 2026-03-06 13:43:42 | node_33 | INFO ] 🔬 Evaluating...
[ 2026-03-06 13:43:42 | node_11 | INFO ] 🚂 Round 98: Client training...
[ 2026-03-06 13:43:42 | node_22 | INFO ] 📈 Evaluated. Results: {'test_loss': 0.3020959794521332, 'test_acc': 0.9655172228813171, 'test_precision': 0.6000000238418579, 'test_recall': 0.6000000238418579, 'test_f1': 0.6000000238418579, 'communication_cost': 0}
[ 2026-03-06 13:43:42 | node_2 | INFO ] 🚂 Round 98: Client training...
[ 2026-03-06 13:43:42 | node_38 | INFO ] 🔬 Evaluating...
[ 2026-03-06 13:43:42 | node_37 | INFO ] 🔬 Evaluating...
[ 2026-03-06 13:43:42 | node_18 | INFO ] 📈 Evaluated. Results: {'test_loss': 0.4974649250507355, 'test_acc': 0.9243243336677551, 'test_precision': 0.39501288533210754, 'test_recall': 0.3837166428565979, 'test_f1': 0.38836604356765747, 'communication_cost': 0}
[ 2026-03-06 13:43:42 | node_23 | INFO ] 🚂 Round 98: Client training...
[ 2026-03-06 13:43:42 | node_25 | INFO ] 🚂 Round 98: Client training...
[ 2026-03-06 13:43:42 | node_22 | INFO ] 🚂 Round 98: Client training...
[ 2026-03-06 13:43:42 | node_13 | INFO ] 📈 Evaluated. Results: {'test_loss': 0.49068742990493774, 'test_acc': 0.9162303805351257, 'test_precision': 0.30890053510665894, 'test_recall': 0.34618720412254333, 'test_f1': 0.31767961382865906, 'communication_cost': 0}
[ 2026-03-06 13:43:42 | node_18 | INFO ] 🚂 Round 98: Client training...
[ 2026-03-06 13:43:42 | node_19 | INFO ] 📈 Evaluated. Results: {'test_loss': 0.5013036131858826, 'test_acc': 0.9280575513839722, 'test_precision': 0.685488224029541, 'test_recall': 0.7474349737167358, 'test_f1': 0.7046483755111694, 'communication_cost': 0}
[ 2026-03-06 13:43:42 | node_10 | INFO ] 📈 Evaluated. Results: {'test_loss': 0.003900469746440649, 'test_acc': 1.0, 'test_precision': 1.0, 'test_recall': 1.0, 'test_f1': 1.0, 'communication_cost': 0}
[ 2026-03-06 13:43:42 | node_5 | INFO ] 📈 Evaluated. Results: {'test_loss': 0.3407779633998871, 'test_acc': 0.9321267008781433, 'test_precision': 0.6316365599632263, 'test_recall': 0.6846091747283936, 'test_f1': 0.6511774063110352, 'communication_cost': 0}
[ 2026-03-06 13:43:42 | node_6 | INFO ] 📈 Evaluated. Results: {'test_loss': 0.2545323967933655, 'test_acc': 0.9358974099159241, 'test_precision': 0.5799999833106995, 'test_recall': 0.7838709354400635, 'test_f1': 0.6392157077789307, 'communication_cost': 0}
[ 2026-03-06 13:43:43 | node_13 | INFO ] 🚂 Round 98: Client training...
[ 2026-03-06 13:43:43 | node_39 | INFO ] 🔬 Evaluating...
[ 2026-03-06 13:43:43 | node_19 | INFO ] 🚂 Round 98: Client training...
[ 2026-03-06 13:43:43 | node_10 | INFO ] 🚂 Round 98: Client training...
[ 2026-03-06 13:43:43 | node_40 | INFO ] 🔬 Evaluating...
[ 2026-03-06 13:43:43 | node_5 | INFO ] 🚂 Round 98: Client training...
[ 2026-03-06 13:43:43 | node_6 | INFO ] 🚂 Round 98: Client training...
[ 2026-03-06 13:43:43 | node_32 | INFO ] 📈 Evaluated. Results: {'test_loss': 0.7420420050621033, 'test_acc': 0.8888888955116272, 'test_precision': 0.3888888955116272, 'test_recall': 0.48106062412261963, 'test_f1': 0.40662652254104614, 'communication_cost': 0}
[ 2026-03-06 13:43:43 | node_35 | INFO ] 📈 Evaluated. Results: {'test_loss': 0.5764681696891785, 'test_acc': 0.9404761791229248, 'test_precision': 0.40000003576278687, 'test_recall': 0.38765430450439453, 'test_f1': 0.3936305642127991, 'communication_cost': 0}
[ 2026-03-06 13:43:43 | node_1 | INFO ] 📈 Evaluated. Results: {'test_loss': 0.6241114735603333, 'test_acc': 0.949999988079071, 'test_precision': 0.5, 'test_recall': 0.4749999940395355, 'test_f1': 0.4871794581413269, 'communication_cost': 0}
[ 2026-03-06 13:43:43 | node_9 | INFO ] 📈 Evaluated. Results: {'test_loss': 0.16350972652435303, 'test_acc': 0.9863013625144958, 'test_precision': 0.6238139271736145, 'test_recall': 0.6181401014328003, 'test_f1': 0.6208978891372681, 'communication_cost': 0}
[ 2026-03-06 13:43:43 | node_31 | INFO ] 📈 Evaluated. Results: {'test_loss': 0.19581417739391327, 'test_acc': 0.9618320465087891, 'test_precision': 0.5463467836380005, 'test_recall': 0.5724086761474609, 'test_f1': 0.5567408204078674, 'communication_cost': 0}
[ 2026-03-06 13:43:43 | node_27 | INFO ] 📈 Evaluated. Results: {'test_loss': 1.5579591989517212, 'test_acc': 0.8918918967247009, 'test_precision': 0.4444445073604584, 'test_recall': 0.42720305919647217, 'test_f1': 0.43535351753234863, 'communication_cost': 0}
[ 2026-03-06 13:43:43 | node_34 | INFO ] 📈 Evaluated. Results: {'test_loss': 0.5119237303733826, 'test_acc': 0.9426751732826233, 'test_precision': 0.38799020648002625, 'test_recall': 0.3742278814315796, 'test_f1': 0.3804178833961487, 'communication_cost': 0}
[ 2026-03-06 13:43:43 | node_16 | INFO ] 📈 Evaluated. Results: {'test_loss': 0.2621304988861084, 'test_acc': 0.9488636255264282, 'test_precision': 0.7576742172241211, 'test_recall': 0.7360787987709045, 'test_f1': 0.746193528175354, 'communication_cost': 0}
[ 2026-03-06 13:43:43 | node_15 | INFO ] 📈 Evaluated. Results: {'test_loss': 0.22019584476947784, 'test_acc': 0.9795918464660645, 'test_precision': 0.5323129296302795, 'test_recall': 0.5258048176765442, 'test_f1': 0.5290132761001587, 'communication_cost': 0}
[ 2026-03-06 13:43:43 | node_26 | INFO ] 📈 Evaluated. Results: {'test_loss': 0.12938401103019714, 'test_acc': 0.9631490707397461, 'test_precision': 0.47269684076309204, 'test_recall': 0.4609888792037964, 'test_f1': 0.4666689336299896, 'communication_cost': 0}
[ 2026-03-06 13:43:43 | node_35 | INFO ] 🚂 Round 98: Client training...
[ 2026-03-06 13:43:43 | node_32 | INFO ] 🚂 Round 98: Client training...
[ 2026-03-06 13:43:43 | node_9 | INFO ] 🚂 Round 98: Client training...
[ 2026-03-06 13:43:43 | node_4 | INFO ] 📈 Evaluated. Results: {'test_loss': 0.11014719307422638, 'test_acc': 0.9790209531784058, 'test_precision': 0.442890465259552, 'test_recall': 0.4347119927406311, 'test_f1': 0.4387354552745819, 'communication_cost': 0}
[ 2026-03-06 13:43:43 | node_12 | INFO ] 📈 Evaluated. Results: {'test_loss': 0.2684204578399658, 'test_acc': 0.9289940595626831, 'test_precision': 0.28641626238822937, 'test_recall': 0.2971339523792267, 'test_f1': 0.2874089479446411, 'communication_cost': 0}
[ 2026-03-06 13:43:43 | node_30 | INFO ] 📈 Evaluated. Results: {'test_loss': 0.07006702572107315, 'test_acc': 0.9285714030265808, 'test_precision': 0.5, 'test_recall': 0.4642857015132904, 'test_f1': 0.48148149251937866, 'communication_cost': 0}
[ 2026-03-06 13:43:43 | node_1 | INFO ] 🚂 Round 98: Client training...
[ 2026-03-06 13:43:43 | node_14 | INFO ] 📈 Evaluated. Results: {'test_loss': 0.20102806389331818, 'test_acc': 0.970588207244873, 'test_precision': 0.41403359174728394, 'test_recall': 0.4182887375354767, 'test_f1': 0.41512739658355713, 'communication_cost': 0}
[ 2026-03-06 13:43:43 | node_41 | INFO ] 🔬 Evaluating...
[ 2026-03-06 13:43:43 | node_43 | INFO ] 🔬 Evaluating...
[ 2026-03-06 13:43:43 | node_31 | INFO ] 🚂 Round 98: Client training...
[ 2026-03-06 13:43:43 | node_27 | INFO ] 🚂 Round 98: Client training...
[ 2026-03-06 13:43:43 | node_34 | INFO ] 🚂 Round 98: Client training...
[ 2026-03-06 13:43:43 | node_16 | INFO ] 🚂 Round 98: Client training...
[ 2026-03-06 13:43:43 | node_28 | INFO ] 📈 Evaluated. Results: {'test_loss': 0.397101491689682, 'test_acc': 0.9660678505897522, 'test_precision': 0.36558592319488525, 'test_recall': 0.3577439785003662, 'test_f1': 0.3615541160106659, 'communication_cost': 0}
[ 2026-03-06 13:43:43 | node_36 | INFO ] 📈 Evaluated. Results: {'test_loss': 0.39914393424987793, 'test_acc': 0.9438943862915039, 'test_precision': 0.36449646949768066, 'test_recall': 0.363868772983551, 'test_f1': 0.3619481027126312, 'communication_cost': 0}
[ 2026-03-06 13:43:43 | node_42 | INFO ] 🔬 Evaluating...
[ 2026-03-06 13:43:43 | node_37 | INFO ] 📈 Evaluated. Results: {'test_loss': 0.9429091215133667, 'test_acc': 0.8732394576072693, 'test_precision': 0.6542981266975403, 'test_recall': 0.656845211982727, 'test_f1': 0.6508175134658813, 'communication_cost': 0}
[ 2026-03-06 13:43:43 | node_15 | INFO ] 🚂 Round 98: Client training...
[ 2026-03-06 13:43:43 | node_26 | INFO ] 🚂 Round 98: Client training...
[ 2026-03-06 13:43:43 | node_4 | INFO ] 🚂 Round 98: Client training...
[ 2026-03-06 13:43:43 | node_12 | INFO ] 🚂 Round 98: Client training...
[ 2026-03-06 13:43:43 | node_33 | INFO ] 📈 Evaluated. Results: {'test_loss': 0.453195184469223, 'test_acc': 0.8899999856948853, 'test_precision': 0.34628573060035706, 'test_recall': 0.3277004659175873, 'test_f1': 0.3364279866218567, 'communication_cost': 0}
[ 2026-03-06 13:43:43 | node_30 | INFO ] 🚂 Round 98: Client training...
[ 2026-03-06 13:43:43 | node_38 | INFO ] 📈 Evaluated. Results: {'test_loss': 0.5611933469772339, 'test_acc': 0.9130434989929199, 'test_precision': 0.5438145995140076, 'test_recall': 0.5932571291923523, 'test_f1': 0.5554534196853638, 'communication_cost': 0}
[ 2026-03-06 13:43:43 | node_20 | INFO ] 📈 Evaluated. Results: {'test_loss': 0.5430598855018616, 'test_acc': 0.8927202820777893, 'test_precision': 0.3193991482257843, 'test_recall': 0.3043501675128937, 'test_f1': 0.3113532066345215, 'communication_cost': 0}
[ 2026-03-06 13:43:43 | node_14 | INFO ] 🚂 Round 98: Client training...
[ 2026-03-06 13:43:43 | node_36 | INFO ] 🚂 Round 98: Client training...
[ 2026-03-06 13:43:43 | node_28 | INFO ] 🚂 Round 98: Client training...
[ 2026-03-06 13:43:43 | node_37 | INFO ] 🚂 Round 98: Client training...
[ 2026-03-06 13:43:43 | node_29 | INFO ] 📈 Evaluated. Results: {'test_loss': 0.634079098701477, 'test_acc': 0.8746312856674194, 'test_precision': 0.2118169069290161, 'test_recall': 0.1873309314250946, 'test_f1': 0.19870048761367798, 'communication_cost': 0}
[ 2026-03-06 13:43:43 | node_39 | INFO ] 📈 Evaluated. Results: {'test_loss': 0.18130521476268768, 'test_acc': 0.9684210419654846, 'test_precision': 0.738095223903656, 'test_recall': 0.8369815349578857, 'test_f1': 0.7702671885490417, 'communication_cost': 0}
[ 2026-03-06 13:43:44 | node_33 | INFO ] 🚂 Round 98: Client training...
[ 2026-03-06 13:43:44 | node_38 | INFO ] 🚂 Round 98: Client training...
[ 2026-03-06 13:43:44 | node_44 | INFO ] 🔬 Evaluating...
[ 2026-03-06 13:43:44 | node_20 | INFO ] 🚂 Round 98: Client training...
[ 2026-03-06 13:43:44 | node_39 | INFO ] 🚂 Round 98: Client training...
[ 2026-03-06 13:43:44 | node_29 | INFO ] 🚂 Round 98: Client training...
[ 2026-03-06 13:43:44 | node_41 | INFO ] 📈 Evaluated. Results: {'test_loss': 0.18808387219905853, 'test_acc': 0.9727272987365723, 'test_precision': 0.7200000286102295, 'test_recall': 0.7942308187484741, 'test_f1': 0.7470731735229492, 'communication_cost': 0}
[ 2026-03-06 13:43:44 | node_45 | INFO ] 🔬 Evaluating...
[ 2026-03-06 13:43:44 | node_42 | INFO ] 📈 Evaluated. Results: {'test_loss': 0.0004284031456336379, 'test_acc': 1.0, 'test_precision': 1.0, 'test_recall': 1.0, 'test_f1': 1.0, 'communication_cost': 0}
[ 2026-03-06 13:43:44 | node_43 | INFO ] 📈 Evaluated. Results: {'test_loss': 0.3264318108558655, 'test_acc': 0.9339622855186462, 'test_precision': 0.4899942874908447, 'test_recall': 0.49334922432899475, 'test_f1': 0.48933255672454834, 'communication_cost': 0}
[ 2026-03-06 13:43:44 | node_40 | INFO ] 📈 Evaluated. Results: {'test_loss': 0.2815514802932739, 'test_acc': 0.9607142806053162, 'test_precision': 0.424489825963974, 'test_recall': 0.4320027530193329, 'test_f1': 0.4206693768501282, 'communication_cost': 0}
[ 2026-03-06 13:43:44 | node_41 | INFO ] 🚂 Round 98: Client training...
[ 2026-03-06 13:43:44 | node_42 | INFO ] 🚂 Round 98: Client training...
[ 2026-03-06 13:43:44 | node_43 | INFO ] 🚂 Round 98: Client training...
[ 2026-03-06 13:43:44 | node_40 | INFO ] 🚂 Round 98: Client training...
[ 2026-03-06 13:43:44 | node_44 | INFO ] 📈 Evaluated. Results: {'test_loss': 0.3219006359577179, 'test_acc': 0.9622641801834106, 'test_precision': 0.6666666865348816, 'test_recall': 0.6583333015441895, 'test_f1': 0.6623932719230652, 'communication_cost': 0}
[ 2026-03-06 13:43:44 | node_45 | INFO ] 📈 Evaluated. Results: {'test_loss': 0.12287712842226028, 'test_acc': 0.942307710647583, 'test_precision': 0.6500000357627869, 'test_recall': 0.7866666316986084, 'test_f1': 0.69786536693573, 'communication_cost': 0}
[ 2026-03-06 13:43:44 | node_44 | INFO ] 🚂 Round 98: Client training...
[ 2026-03-06 13:43:45 | node_45 | INFO ] 🚂 Round 98: Client training...
[ 2026-03-06 13:43:45 | node_46 | INFO ] 🔬 Evaluating...
[ 2026-03-06 13:43:45 | node_46 | INFO ] 📈 Evaluated. Results: {'test_loss': 0.24919112026691437, 'test_acc': 0.9464285969734192, 'test_precision': 0.47511282563209534, 'test_recall': 0.4595201909542084, 'test_f1': 0.4670758843421936, 'communication_cost': 0}
[ 2026-03-06 13:43:45 | node_46 | INFO ] 🚂 Round 98: Client training...
[ 2026-03-06 13:43:45 | node | INFO ] ⏳ Round 98: Server waiting for 49 updates.
[ 2026-03-06 13:43:45 | node | INFO ] ♻️ Proactively processing 43 early models for round 98.
[ 2026-03-06 13:43:45 | node | INFO ] 🧩 Model added for round 98 (1/49) from ['node_7']
[ 2026-03-06 13:43:45 | node | INFO ] 🧩 Model added for round 98 (2/49) from ['node_3']
[ 2026-03-06 13:43:45 | node | INFO ] 🧩 Model added for round 98 (3/49) from ['node_24']
[ 2026-03-06 13:43:45 | node | INFO ] 🧩 Model added for round 98 (4/49) from ['node_17']
[ 2026-03-06 13:43:45 | node | INFO ] 🧩 Model added for round 98 (5/49) from ['node_8']
[ 2026-03-06 13:43:45 | node | INFO ] 🧩 Model added for round 98 (6/49) from ['node_11']
[ 2026-03-06 13:43:45 | node | INFO ] 🧩 Model added for round 98 (7/49) from ['node_10']
[ 2026-03-06 13:43:45 | node | INFO ] 🧩 Model added for round 98 (8/49) from ['node_18']
[ 2026-03-06 13:43:45 | node | INFO ] 🧩 Model added for round 98 (9/49) from ['node_25']
[ 2026-03-06 13:43:45 | node_47 | INFO ] 🔬 Evaluating...
[ 2026-03-06 13:43:45 | node | INFO ] 🧩 Model added for round 98 (10/49) from ['node_35']
[ 2026-03-06 13:43:45 | node | INFO ] 🧩 Model added for round 98 (11/49) from ['node_13']
[ 2026-03-06 13:43:45 | node | INFO ] 🧩 Model added for round 98 (12/49) from ['node_1']
[ 2026-03-06 13:43:45 | node | INFO ] 🧩 Model added for round 98 (13/49) from ['node_22']
[ 2026-03-06 13:43:45 | node | INFO ] 🧩 Model added for round 98 (14/49) from ['node_2']
[ 2026-03-06 13:43:45 | node | INFO ] 🧩 Model added for round 98 (15/49) from ['node_23']
[ 2026-03-06 13:43:45 | node | INFO ] 🧩 Model added for round 98 (16/49) from ['node_9']
[ 2026-03-06 13:43:45 | node | INFO ] 🧩 Model added for round 98 (17/49) from ['node_34']
[ 2026-03-06 13:43:45 | node | INFO ] 🧩 Model added for round 98 (18/49) from ['node_26']
[ 2026-03-06 13:43:45 | node | INFO ] 🧩 Model added for round 98 (19/49) from ['node_19']
[ 2026-03-06 13:43:45 | node | INFO ] 🧩 Model added for round 98 (20/49) from ['node_32']
[ 2026-03-06 13:43:45 | node | INFO ] 🧩 Model added for round 98 (21/49) from ['node_4']
[ 2026-03-06 13:43:45 | node | INFO ] 🧩 Model added for round 98 (22/49) from ['node_6']
[ 2026-03-06 13:43:45 | node | INFO ] 🧩 Model added for round 98 (23/49) from ['node_36']
[ 2026-03-06 13:43:45 | node | INFO ] 🧩 Model added for round 98 (24/49) from ['node_16']
[ 2026-03-06 13:43:45 | node | INFO ] 🧩 Model added for round 98 (25/49) from ['node_33']
[ 2026-03-06 13:43:45 | node | INFO ] 🧩 Model added for round 98 (26/49) from ['node_5']
[ 2026-03-06 13:43:45 | node | INFO ] 🧩 Model added for round 98 (27/49) from ['node_31']
[ 2026-03-06 13:43:45 | node | INFO ] 🧩 Model added for round 98 (28/49) from ['node_12']
[ 2026-03-06 13:43:45 | node | INFO ] 🧩 Model added for round 98 (29/49) from ['node_27']
[ 2026-03-06 13:43:45 | node | INFO ] 🧩 Model added for round 98 (30/49) from ['node_30']
[ 2026-03-06 13:43:45 | node | INFO ] 🧩 Model added for round 98 (31/49) from ['node_20']
[ 2026-03-06 13:43:45 | node | INFO ] 🧩 Model added for round 98 (32/49) from ['node_38']
[ 2026-03-06 13:43:45 | node | INFO ] 🧩 Model added for round 98 (33/49) from ['node_21']
[ 2026-03-06 13:43:45 | node | INFO ] 🧩 Model added for round 98 (34/49) from ['node_37']
[ 2026-03-06 13:43:45 | node | INFO ] 🧩 Model added for round 98 (35/49) from ['node_14']
[ 2026-03-06 13:43:45 | node_47 | INFO ] 📈 Evaluated. Results: {'test_loss': 0.08445289731025696, 'test_acc': 0.9856114983558655, 'test_precision': 0.5237410068511963, 'test_recall': 0.5169784426689148, 'test_f1': 0.5201767683029175, 'communication_cost': 0}
[ 2026-03-06 13:43:45 | node | INFO ] 🧩 Model added for round 98 (36/49) from ['node_29']
[ 2026-03-06 13:43:45 | node | INFO ] 🧩 Model added for round 98 (37/49) from ['node_28']
[ 2026-03-06 13:43:45 | node_47 | INFO ] 🚂 Round 98: Client training...
[ 2026-03-06 13:43:45 | node | INFO ] 🧩 Model added for round 98 (38/49) from ['node_15']
[ 2026-03-06 13:43:45 | node | INFO ] 🧩 Model added for round 98 (39/49) from ['node_39']
[ 2026-03-06 13:43:45 | node | INFO ] 🧩 Model added for round 98 (40/49) from ['node_41']
[ 2026-03-06 13:43:45 | node | INFO ] 🧩 Model added for round 98 (41/49) from ['node_42']
[ 2026-03-06 13:43:45 | node | INFO ] 🧩 Model added for round 98 (42/49) from ['node_43']
[ 2026-03-06 13:43:45 | node | INFO ] 🧩 Model added for round 98 (43/49) from ['node_40']
[ 2026-03-06 13:43:45 | node | INFO ] 🧩 Model added for round 98 (44/49) from ['node_46']
[ 2026-03-06 13:43:45 | node | INFO ] 🧩 Model added for round 98 (45/49) from ['node_45']
[ 2026-03-06 13:43:45 | node | INFO ] 🧩 Model added for round 98 (46/49) from ['node_44']
[ 2026-03-06 13:43:45 | node | INFO ] 🧩 Model added for round 98 (47/49) from ['node_47']
[ 2026-03-06 13:43:45 | node_49 | INFO ] 🔬 Evaluating...
[ 2026-03-06 13:43:45 | node_49 | INFO ] 📈 Evaluated. Results: {'test_loss': 0.2636893689632416, 'test_acc': 0.9378330111503601, 'test_precision': 0.47375455498695374, 'test_recall': 0.4761202335357666, 'test_f1': 0.4729253351688385, 'communication_cost': 0}
[ 2026-03-06 13:43:45 | node_49 | INFO ] 🚂 Round 98: Client training...
[ 2026-03-06 13:43:45 | node_48 | INFO ] 🔬 Evaluating...
[ 2026-03-06 13:43:45 | node_48 | INFO ] 📈 Evaluated. Results: {'test_loss': 0.518105149269104, 'test_acc': 0.9064748287200928, 'test_precision': 0.31952038407325745, 'test_recall': 0.35007375478744507, 'test_f1': 0.3203938901424408, 'communication_cost': 0}
[ 2026-03-06 13:43:45 | node_48 | INFO ] 🚂 Round 98: Client training...
[ 2026-03-06 13:43:45 | node | INFO ] 🧩 Model added for round 98 (48/49) from ['node_49']
[ 2026-03-06 13:43:45 | node | INFO ] 🧩 Model added for round 98 (49/49) from ['node_48']
[ 2026-03-06 13:43:46 | node | INFO ] 🔬 Evaluating...
[ 2026-03-06 13:43:46 | node | INFO ] 📈 Evaluated. Results: {'test_loss': 0.206072136759758, 'test_acc': 0.9556451439857483, 'test_precision': 0.3161070644855499, 'test_recall': 0.3235562741756439, 'test_f1': 0.3187641203403473, 'communication_cost': 46110666}
[ 2026-03-06 13:43:46 | node_7 | INFO ] 🔬 Evaluating...
[ 2026-03-06 13:43:46 | node_7 | INFO ] 📈 Evaluated. Results: {'test_loss': 0.3203670382499695, 'test_acc': 0.970588207244873, 'test_precision': 0.6254901885986328, 'test_recall': 0.587995171546936, 'test_f1': 0.6054671406745911, 'communication_cost': 0}
[ 2026-03-06 13:43:46 | node_13 | INFO ] 🔬 Evaluating...
[ 2026-03-06 13:43:46 | node_1 | INFO ] 🔬 Evaluating...
[ 2026-03-06 13:43:46 | node_7 | INFO ] 🚂 Round 99: Client training...
[ 2026-03-06 13:43:46 | node_22 | INFO ] 🔬 Evaluating...
[ 2026-03-06 13:43:46 | node_2 | INFO ] 🔬 Evaluating...
[ 2026-03-06 13:43:46 | node_9 | INFO ] 🔬 Evaluating...
[ 2026-03-06 13:43:46 | node_23 | INFO ] 🔬 Evaluating...
[ 2026-03-06 13:43:46 | node_17 | INFO ] 🔬 Evaluating...
[ 2026-03-06 13:43:46 | node_19 | INFO ] 🔬 Evaluating...
[ 2026-03-06 13:43:46 | node_26 | INFO ] 🔬 Evaluating...
[ 2026-03-06 13:43:46 | node_4 | INFO ] 🔬 Evaluating...
[ 2026-03-06 13:43:46 | node_6 | INFO ] 🔬 Evaluating...
[ 2026-03-06 13:43:46 | node_13 | INFO ] 📈 Evaluated. Results: {'test_loss': 0.46285995841026306, 'test_acc': 0.9214659929275513, 'test_precision': 0.30890053510665894, 'test_recall': 0.3470666706562042, 'test_f1': 0.3181580901145935, 'communication_cost': 0}
[ 2026-03-06 13:43:46 | node_1 | INFO ] 📈 Evaluated. Results: {'test_loss': 0.7860453724861145, 'test_acc': 0.949999988079071, 'test_precision': 0.5, 'test_recall': 0.4749999940395355, 'test_f1': 0.4871794581413269, 'communication_cost': 0}
[ 2026-03-06 13:43:46 | node_13 | INFO ] 🚂 Round 99: Client training...
[ 2026-03-06 13:43:46 | node_16 | INFO ] 🔬 Evaluating...
[ 2026-03-06 13:43:46 | node_31 | INFO ] 🔬 Evaluating...
[ 2026-03-06 13:43:46 | node_5 | INFO ] 🔬 Evaluating...
[ 2026-03-06 13:43:46 | node_12 | INFO ] 🔬 Evaluating...
[ 2026-03-06 13:43:46 | node_14 | INFO ] 🔬 Evaluating...
[ 2026-03-06 13:43:46 | node_30 | INFO ] 🔬 Evaluating...
[ 2026-03-06 13:43:46 | node_29 | INFO ] 🔬 Evaluating...
[ 2026-03-06 13:43:46 | node_20 | INFO ] 🔬 Evaluating...
[ 2026-03-06 13:43:46 | node_15 | INFO ] 🔬 Evaluating...
[ 2026-03-06 13:43:46 | node_27 | INFO ] 🔬 Evaluating...
[ 2026-03-06 13:43:46 | node_21 | INFO ] 🔬 Evaluating...
[ 2026-03-06 13:43:46 | node_28 | INFO ] 🔬 Evaluating...
[ 2026-03-06 13:43:46 | node_2 | INFO ] 📈 Evaluated. Results: {'test_loss': 0.0522238165140152, 'test_acc': 0.9764705896377563, 'test_precision': 0.7956521511077881, 'test_recall': 0.7789855003356934, 'test_f1': 0.7869564890861511, 'communication_cost': 0}
[ 2026-03-06 13:43:46 | node_8 | INFO ] 🔬 Evaluating...
[ 2026-03-06 13:43:46 | node_1 | INFO ] 🚂 Round 99: Client training...
[ 2026-03-06 13:43:46 | node_22 | INFO ] 📈 Evaluated. Results: {'test_loss': 0.24738329648971558, 'test_acc': 0.9655172228813171, 'test_precision': 0.6000000238418579, 'test_recall': 0.6000000238418579, 'test_f1': 0.6000000238418579, 'communication_cost': 0}
[ 2026-03-06 13:43:46 | node_23 | INFO ] 📈 Evaluated. Results: {'test_loss': 0.19933122396469116, 'test_acc': 0.9417475461959839, 'test_precision': 0.4642857313156128, 'test_recall': 0.5626822710037231, 'test_f1': 0.49889007210731506, 'communication_cost': 0}
[ 2026-03-06 13:43:46 | node_17 | INFO ] 📈 Evaluated. Results: {'test_loss': 0.20575104653835297, 'test_acc': 0.9036144614219666, 'test_precision': 0.5819172263145447, 'test_recall': 0.6428386569023132, 'test_f1': 0.6056263446807861, 'communication_cost': 0}
[ 2026-03-06 13:43:46 | node_19 | INFO ] 📈 Evaluated. Results: {'test_loss': 0.48842570185661316, 'test_acc': 0.935251772403717, 'test_precision': 0.685488224029541, 'test_recall': 0.7510321140289307, 'test_f1': 0.7067210078239441, 'communication_cost': 0}
[ 2026-03-06 13:43:46 | node_6 | INFO ] 📈 Evaluated. Results: {'test_loss': 0.2591845989227295, 'test_acc': 0.9487179517745972, 'test_precision': 0.6190476417541504, 'test_recall': 0.7870967388153076, 'test_f1': 0.6792593002319336, 'communication_cost': 0}
[ 2026-03-06 13:43:46 | node_4 | INFO ] 📈 Evaluated. Results: {'test_loss': 0.12462889403104782, 'test_acc': 0.9790209531784058, 'test_precision': 0.442890465259552, 'test_recall': 0.4347119927406311, 'test_f1': 0.4387354552745819, 'communication_cost': 0}
[ 2026-03-06 13:43:46 | node_2 | INFO ] 🚂 Round 99: Client training...
[ 2026-03-06 13:43:46 | node_23 | INFO ] 🚂 Round 99: Client training...
[ 2026-03-06 13:43:46 | node_11 | INFO ] 🔬 Evaluating...
[ 2026-03-06 13:43:46 | node_22 | INFO ] 🚂 Round 99: Client training...
[ 2026-03-06 13:43:46 | node_10 | INFO ] 🔬 Evaluating...
[ 2026-03-06 13:43:46 | node_3 | INFO ] 🔬 Evaluating...
[ 2026-03-06 13:43:46 | node_24 | INFO ] 🔬 Evaluating...
[ 2026-03-06 13:43:46 | node_17 | INFO ] 🚂 Round 99: Client training...
[ 2026-03-06 13:43:46 | node_9 | INFO ] 📈 Evaluated. Results: {'test_loss': 0.17005233466625214, 'test_acc': 0.9843444228172302, 'test_precision': 0.4985693395137787, 'test_recall': 0.4919170141220093, 'test_f1': 0.49516206979751587, 'communication_cost': 0}
[ 2026-03-06 13:43:46 | node_18 | INFO ] 🔬 Evaluating...
[ 2026-03-06 13:43:46 | node_19 | INFO ] 🚂 Round 99: Client training...
[ 2026-03-06 13:43:47 | node_25 | INFO ] 🔬 Evaluating...
[ 2026-03-06 13:43:47 | node_6 | INFO ] 🚂 Round 99: Client training...
[ 2026-03-06 13:43:47 | node_26 | INFO ] 📈 Evaluated. Results: {'test_loss': 0.14722993969917297, 'test_acc': 0.9614740610122681, 'test_precision': 0.47269684076309204, 'test_recall': 0.4605701267719269, 'test_f1': 0.4664502441883087, 'communication_cost': 0}
[ 2026-03-06 13:43:47 | node_16 | INFO ] 📈 Evaluated. Results: {'test_loss': 0.263823002576828, 'test_acc': 0.9545454382896423, 'test_precision': 0.757735013961792, 'test_recall': 0.7378270626068115, 'test_f1': 0.7472313046455383, 'communication_cost': 0}
[ 2026-03-06 13:43:47 | node_4 | INFO ] 🚂 Round 99: Client training...
[ 2026-03-06 13:43:47 | node_34 | INFO ] 🔬 Evaluating...
[ 2026-03-06 13:43:47 | node_32 | INFO ] 🔬 Evaluating...
[ 2026-03-06 13:43:47 | node_33 | INFO ] 🔬 Evaluating...
[ 2026-03-06 13:43:47 | node_9 | INFO ] 🚂 Round 99: Client training...
[ 2026-03-06 13:43:47 | node_30 | INFO ] 📈 Evaluated. Results: {'test_loss': 0.08601163327693939, 'test_acc': 0.9285714030265808, 'test_precision': 0.5, 'test_recall': 0.4642857015132904, 'test_f1': 0.48148149251937866, 'communication_cost': 0}
[ 2026-03-06 13:43:47 | node_26 | INFO ] 🚂 Round 99: Client training...
[ 2026-03-06 13:43:47 | node_27 | INFO ] 📈 Evaluated. Results: {'test_loss': 1.6514898538589478, 'test_acc': 0.8918918967247009, 'test_precision': 0.4444445073604584, 'test_recall': 0.42720305919647217, 'test_f1': 0.43535351753234863, 'communication_cost': 0}
[ 2026-03-06 13:43:47 | node_16 | INFO ] 🚂 Round 99: Client training...
[ 2026-03-06 13:43:47 | node_5 | INFO ] 📈 Evaluated. Results: {'test_loss': 0.2867138981819153, 'test_acc': 0.9457013607025146, 'test_precision': 0.6316365599632263, 'test_recall': 0.6867672204971313, 'test_f1': 0.6524761915206909, 'communication_cost': 0}
[ 2026-03-06 13:43:47 | node_31 | INFO ] 📈 Evaluated. Results: {'test_loss': 0.19220145046710968, 'test_acc': 0.9618320465087891, 'test_precision': 0.5463467836380005, 'test_recall': 0.5724086761474609, 'test_f1': 0.5567408204078674, 'communication_cost': 0}
[ 2026-03-06 13:43:47 | node_35 | INFO ] 🔬 Evaluating...
[ 2026-03-06 13:43:47 | node_30 | INFO ] 🚂 Round 99: Client training...
[ 2026-03-06 13:43:47 | node_12 | INFO ] 📈 Evaluated. Results: {'test_loss': 0.28815940022468567, 'test_acc': 0.9289940595626831, 'test_precision': 0.28641626238822937, 'test_recall': 0.2971339523792267, 'test_f1': 0.2874089479446411, 'communication_cost': 0}
[ 2026-03-06 13:43:47 | node_27 | INFO ] 🚂 Round 99: Client training...
[ 2026-03-06 13:43:47 | node_21 | INFO ] 📈 Evaluated. Results: {'test_loss': 0.29485222697257996, 'test_acc': 0.9471153616905212, 'test_precision': 0.5144485235214233, 'test_recall': 0.5075940489768982, 'test_f1': 0.5107419490814209, 'communication_cost': 0}
[ 2026-03-06 13:43:47 | node_15 | INFO ] 📈 Evaluated. Results: {'test_loss': 0.2557208836078644, 'test_acc': 0.9836734533309937, 'test_precision': 0.6193877458572388, 'test_recall': 0.6121993064880371, 'test_f1': 0.6157548427581787, 'communication_cost': 0}
[ 2026-03-06 13:43:47 | node_20 | INFO ] 📈 Evaluated. Results: {'test_loss': 0.45165666937828064, 'test_acc': 0.9157088398933411, 'test_precision': 0.413688063621521, 'test_recall': 0.39523643255233765, 'test_f1': 0.40396633744239807, 'communication_cost': 0}
[ 2026-03-06 13:43:47 | node_11 | INFO ] 📈 Evaluated. Results: {'test_loss': 0.3261457085609436, 'test_acc': 0.9428571462631226, 'test_precision': 0.8192119598388672, 'test_recall': 0.8353383541107178, 'test_f1': 0.8260338306427002, 'communication_cost': 0}
[ 2026-03-06 13:43:47 | node_8 | INFO ] 📈 Evaluated. Results: {'test_loss': 0.21842725574970245, 'test_acc': 0.9432623982429504, 'test_precision': 0.8824084401130676, 'test_recall': 0.8827368021011353, 'test_f1': 0.8811349272727966, 'communication_cost': 0}
[ 2026-03-06 13:43:47 | node_14 | INFO ] 📈 Evaluated. Results: {'test_loss': 0.25031647086143494, 'test_acc': 0.9588235020637512, 'test_precision': 0.3637255132198334, 'test_recall': 0.3627573251724243, 'test_f1': 0.36219388246536255, 'communication_cost': 0}
[ 2026-03-06 13:43:47 | node_5 | INFO ] 🚂 Round 99: Client training...
[ 2026-03-06 13:43:47 | node_31 | INFO ] 🚂 Round 99: Client training...
[ 2026-03-06 13:43:47 | node_12 | INFO ] 🚂 Round 99: Client training...
[ 2026-03-06 13:43:47 | node_15 | INFO ] 🚂 Round 99: Client training...
[ 2026-03-06 13:43:47 | node_3 | INFO ] 📈 Evaluated. Results: {'test_loss': 0.012015762738883495, 'test_acc': 1.0, 'test_precision': 1.0, 'test_recall': 1.0, 'test_f1': 1.0, 'communication_cost': 0}
[ 2026-03-06 13:43:47 | node_24 | INFO ] 📈 Evaluated. Results: {'test_loss': 0.2175717055797577, 'test_acc': 0.9215686321258545, 'test_precision': 0.4749999940395355, 'test_recall': 0.4761904776096344, 'test_f1': 0.47434210777282715, 'communication_cost': 0}
[ 2026-03-06 13:43:47 | node_10 | INFO ] 📈 Evaluated. Results: {'test_loss': 0.0047290571965277195, 'test_acc': 1.0, 'test_precision': 1.0, 'test_recall': 1.0, 'test_f1': 1.0, 'communication_cost': 0}
[ 2026-03-06 13:43:47 | node_21 | INFO ] 🚂 Round 99: Client training...
[ 2026-03-06 13:43:47 | node_28 | INFO ] 📈 Evaluated. Results: {'test_loss': 0.3888159394264221, 'test_acc': 0.9680638909339905, 'test_precision': 0.32300445437431335, 'test_recall': 0.3161604702472687, 'test_f1': 0.31948164105415344, 'communication_cost': 0}
[ 2026-03-06 13:43:47 | node_20 | INFO ] 🚂 Round 99: Client training...
[ 2026-03-06 13:43:47 | node_25 | INFO ] 📈 Evaluated. Results: {'test_loss': 0.22968703508377075, 'test_acc': 0.9681817889213562, 'test_precision': 0.40696972608566284, 'test_recall': 0.43466830253601074, 'test_f1': 0.4172753095626831, 'communication_cost': 0}
[ 2026-03-06 13:43:47 | node_32 | INFO ] 📈 Evaluated. Results: {'test_loss': 0.7498514652252197, 'test_acc': 0.9111111164093018, 'test_precision': 0.3333333432674408, 'test_recall': 0.4155844449996948, 'test_f1': 0.3503401577472687, 'communication_cost': 0}
[ 2026-03-06 13:43:47 | node_11 | INFO ] 🚂 Round 99: Client training...
[ 2026-03-06 13:43:47 | node_8 | INFO ] 🚂 Round 99: Client training...
[ 2026-03-06 13:43:47 | node_14 | INFO ] 🚂 Round 99: Client training...
[ 2026-03-06 13:43:47 | node_3 | INFO ] 🚂 Round 99: Client training...
[ 2026-03-06 13:43:47 | node_10 | INFO ] 🚂 Round 99: Client training...
[ 2026-03-06 13:43:47 | node_29 | INFO ] 📈 Evaluated. Results: {'test_loss': 0.5710932612419128, 'test_acc': 0.8908554315567017, 'test_precision': 0.22449828684329987, 'test_recall': 0.20264756679534912, 'test_f1': 0.21292199194431305, 'communication_cost': 0}
[ 2026-03-06 13:43:47 | node_34 | INFO ] 📈 Evaluated. Results: {'test_loss': 0.45644062757492065, 'test_acc': 0.9426751732826233, 'test_precision': 0.38799020648002625, 'test_recall': 0.3742278814315796, 'test_f1': 0.3804178833961487, 'communication_cost': 0}
[ 2026-03-06 13:43:47 | node_24 | INFO ] 🚂 Round 99: Client training...
[ 2026-03-06 13:43:47 | node_28 | INFO ] 🚂 Round 99: Client training...
[ 2026-03-06 13:43:47 | node_33 | INFO ] 📈 Evaluated. Results: {'test_loss': 0.4889744520187378, 'test_acc': 0.8899999856948853, 'test_precision': 0.34628573060035706, 'test_recall': 0.3279631435871124, 'test_f1': 0.336580365896225, 'communication_cost': 0}
[ 2026-03-06 13:43:47 | node_25 | INFO ] 🚂 Round 99: Client training...
[ 2026-03-06 13:43:48 | node_18 | INFO ] 📈 Evaluated. Results: {'test_loss': 0.5217462182044983, 'test_acc': 0.9243243336677551, 'test_precision': 0.38070785999298096, 'test_recall': 0.3729955852031708, 'test_f1': 0.3758900761604309, 'communication_cost': 0}
[ 2026-03-06 13:43:48 | node_32 | INFO ] 🚂 Round 99: Client training...
[ 2026-03-06 13:43:48 | node_29 | INFO ] 🚂 Round 99: Client training...
[ 2026-03-06 13:43:48 | node_36 | INFO ] 🔬 Evaluating...
[ 2026-03-06 13:43:48 | node_34 | INFO ] 🚂 Round 99: Client training...
[ 2026-03-06 13:43:48 | node_18 | INFO ] 🚂 Round 99: Client training...
[ 2026-03-06 13:43:48 | node_33 | INFO ] 🚂 Round 99: Client training...
[ 2026-03-06 13:43:48 | node_38 | INFO ] 🔬 Evaluating...
[ 2026-03-06 13:43:48 | node_37 | INFO ] 🔬 Evaluating...
[ 2026-03-06 13:43:48 | node_35 | INFO ] 📈 Evaluated. Results: {'test_loss': 0.6678752899169922, 'test_acc': 0.9404761791229248, 'test_precision': 0.40000003576278687, 'test_recall': 0.38765430450439453, 'test_f1': 0.3936305642127991, 'communication_cost': 0}
[ 2026-03-06 13:43:48 | node_35 | INFO ] 🚂 Round 99: Client training...
[ 2026-03-06 13:43:48 | node_39 | INFO ] 🔬 Evaluating...
[ 2026-03-06 13:43:48 | node_36 | INFO ] 📈 Evaluated. Results: {'test_loss': 0.41833919286727905, 'test_acc': 0.9405940771102905, 'test_precision': 0.35932594537734985, 'test_recall': 0.35891827940940857, 'test_f1': 0.35686880350112915, 'communication_cost': 0}
[ 2026-03-06 13:43:48 | node_37 | INFO ] 📈 Evaluated. Results: {'test_loss': 0.9553001523017883, 'test_acc': 0.8591549396514893, 'test_precision': 0.6445578336715698, 'test_recall': 0.6523809432983398, 'test_f1': 0.642387330532074, 'communication_cost': 0}
[ 2026-03-06 13:43:48 | node_38 | INFO ] 📈 Evaluated. Results: {'test_loss': 0.5385113954544067, 'test_acc': 0.9192546606063843, 'test_precision': 0.48850932717323303, 'test_recall': 0.5279071927070618, 'test_f1': 0.496401309967041, 'communication_cost': 0}
[ 2026-03-06 13:43:48 | node_36 | INFO ] 🚂 Round 99: Client training...
[ 2026-03-06 13:43:48 | node_37 | INFO ] 🚂 Round 99: Client training...
[ 2026-03-06 13:43:48 | node_39 | INFO ] 📈 Evaluated. Results: {'test_loss': 0.1612798124551773, 'test_acc': 0.9684210419654846, 'test_precision': 0.738095223903656, 'test_recall': 0.8369815349578857, 'test_f1': 0.7702671885490417, 'communication_cost': 0}
[ 2026-03-06 13:43:48 | node_38 | INFO ] 🚂 Round 99: Client training...
[ 2026-03-06 13:43:49 | node_39 | INFO ] 🚂 Round 99: Client training...
[ 2026-03-06 13:43:49 | node_49 | INFO ] 🔬 Evaluating...
[ 2026-03-06 13:43:49 | node_41 | INFO ] 🔬 Evaluating...
[ 2026-03-06 13:43:49 | node_43 | INFO ] 🔬 Evaluating...
[ 2026-03-06 13:43:49 | node_42 | INFO ] 🔬 Evaluating...
[ 2026-03-06 13:43:49 | node_48 | INFO ] 🔬 Evaluating...
[ 2026-03-06 13:43:49 | node_40 | INFO ] 🔬 Evaluating...
[ 2026-03-06 13:43:49 | node | INFO ] ⏳ Round 99: Server waiting for 49 updates.
[ 2026-03-06 13:43:49 | node | INFO ] ♻️ Proactively processing 39 early models for round 99.
[ 2026-03-06 13:43:49 | node_41 | INFO ] 📈 Evaluated. Results: {'test_loss': 0.22498401999473572, 'test_acc': 0.9727272987365723, 'test_precision': 0.7200000286102295, 'test_recall': 0.7942308187484741, 'test_f1': 0.7470731735229492, 'communication_cost': 0}
[ 2026-03-06 13:43:49 | node | INFO ] 🧩 Model added for round 99 (1/49) from ['node_7']
[ 2026-03-06 13:43:49 | node | INFO ] 🧩 Model added for round 99 (2/49) from ['node_13']
[ 2026-03-06 13:43:49 | node_41 | INFO ] 🚂 Round 99: Client training...
[ 2026-03-06 13:43:49 | node | INFO ] 🧩 Model added for round 99 (3/49) from ['node_1']
[ 2026-03-06 13:43:49 | node | INFO ] 🧩 Model added for round 99 (4/49) from ['node_17']
[ 2026-03-06 13:43:49 | node | INFO ] 🧩 Model added for round 99 (5/49) from ['node_23']
[ 2026-03-06 13:43:49 | node | INFO ] 🧩 Model added for round 99 (6/49) from ['node_22']
[ 2026-03-06 13:43:49 | node | INFO ] 🧩 Model added for round 99 (7/49) from ['node_26']
[ 2026-03-06 13:43:49 | node | INFO ] 🧩 Model added for round 99 (8/49) from ['node_4']
[ 2026-03-06 13:43:49 | node | INFO ] 🧩 Model added for round 99 (9/49) from ['node_9']
[ 2026-03-06 13:43:49 | node | INFO ] 🧩 Model added for round 99 (10/49) from ['node_2']
[ 2026-03-06 13:43:49 | node | INFO ] 🧩 Model added for round 99 (11/49) from ['node_19']
[ 2026-03-06 13:43:49 | node | INFO ] 🧩 Model added for round 99 (12/49) from ['node_20']
[ 2026-03-06 13:43:49 | node_44 | INFO ] 🔬 Evaluating...
[ 2026-03-06 13:43:49 | node_45 | INFO ] 🔬 Evaluating...
[ 2026-03-06 13:43:49 | node | INFO ] 🧩 Model added for round 99 (13/49) from ['node_30']
[ 2026-03-06 13:43:49 | node | INFO ] 🧩 Model added for round 99 (14/49) from ['node_21']
[ 2026-03-06 13:43:49 | node_46 | INFO ] 🔬 Evaluating...
[ 2026-03-06 13:43:49 | node_42 | INFO ] 📈 Evaluated. Results: {'test_loss': 0.00021061982261016965, 'test_acc': 1.0, 'test_precision': 1.0, 'test_recall': 1.0, 'test_f1': 1.0, 'communication_cost': 0}
[ 2026-03-06 13:43:49 | node | INFO ] 🧩 Model added for round 99 (15/49) from ['node_10']
[ 2026-03-06 13:43:49 | node | INFO ] 🧩 Model added for round 99 (16/49) from ['node_6']
[ 2026-03-06 13:43:49 | node_42 | INFO ] 🚂 Round 99: Client training...
[ 2026-03-06 13:43:49 | node | INFO ] 🧩 Model added for round 99 (17/49) from ['node_16']
[ 2026-03-06 13:43:49 | node | INFO ] 🧩 Model added for round 99 (18/49) from ['node_11']
[ 2026-03-06 13:43:49 | node | INFO ] 🧩 Model added for round 99 (19/49) from ['node_31']
[ 2026-03-06 13:43:49 | node | INFO ] 🧩 Model added for round 99 (20/49) from ['node_8']
[ 2026-03-06 13:43:49 | node | INFO ] 🧩 Model added for round 99 (21/49) from ['node_3']
[ 2026-03-06 13:43:49 | node_43 | INFO ] 📈 Evaluated. Results: {'test_loss': 0.3006001114845276, 'test_acc': 0.9245283007621765, 'test_precision': 0.44407010078430176, 'test_recall': 0.4344591498374939, 'test_f1': 0.4387042224407196, 'communication_cost': 0}
[ 2026-03-06 13:43:49 | node | INFO ] 🧩 Model added for round 99 (22/49) from ['node_24']
[ 2026-03-06 13:43:49 | node | INFO ] 🧩 Model added for round 99 (23/49) from ['node_12']
[ 2026-03-06 13:43:49 | node_43 | INFO ] 🚂 Round 99: Client training...
[ 2026-03-06 13:43:49 | node | INFO ] 🧩 Model added for round 99 (24/49) from ['node_33']
[ 2026-03-06 13:43:49 | node | INFO ] 🧩 Model added for round 99 (25/49) from ['node_27']
[ 2026-03-06 13:43:49 | node | INFO ] 🧩 Model added for round 99 (26/49) from ['node_29']
[ 2026-03-06 13:43:49 | node | INFO ] 🧩 Model added for round 99 (27/49) from ['node_25']
[ 2026-03-06 13:43:49 | node | INFO ] 🧩 Model added for round 99 (28/49) from ['node_18']
[ 2026-03-06 13:43:49 | node | INFO ] 🧩 Model added for round 99 (29/49) from ['node_5']
[ 2026-03-06 13:43:49 | node | INFO ] 🧩 Model added for round 99 (30/49) from ['node_34']
[ 2026-03-06 13:43:49 | node | INFO ] 🧩 Model added for round 99 (31/49) from ['node_35']
[ 2026-03-06 13:43:49 | node | INFO ] 🧩 Model added for round 99 (32/49) from ['node_14']
[ 2026-03-06 13:43:49 | node | INFO ] 🧩 Model added for round 99 (33/49) from ['node_32']
[ 2026-03-06 13:43:49 | node | INFO ] 🧩 Model added for round 99 (34/49) from ['node_28']
[ 2026-03-06 13:43:49 | node | INFO ] 🧩 Model added for round 99 (35/49) from ['node_15']
[ 2026-03-06 13:43:49 | node | INFO ] 🧩 Model added for round 99 (36/49) from ['node_36']
[ 2026-03-06 13:43:49 | node | INFO ] 🧩 Model added for round 99 (37/49) from ['node_38']
[ 2026-03-06 13:43:49 | node | INFO ] 🧩 Model added for round 99 (38/49) from ['node_37']
[ 2026-03-06 13:43:49 | node | INFO ] 🧩 Model added for round 99 (39/49) from ['node_39']
[ 2026-03-06 13:43:49 | node_48 | INFO ] 📈 Evaluated. Results: {'test_loss': 0.5095003843307495, 'test_acc': 0.9136690497398376, 'test_precision': 0.32182255387306213, 'test_recall': 0.3517952561378479, 'test_f1': 0.324382483959198, 'communication_cost': 0}
[ 2026-03-06 13:43:49 | node_48 | INFO ] 🚂 Round 99: Client training...
[ 2026-03-06 13:43:49 | node_49 | INFO ] 📈 Evaluated. Results: {'test_loss': 0.26375624537467957, 'test_acc': 0.9396092295646667, 'test_precision': 0.3589511811733246, 'test_recall': 0.36284157633781433, 'test_f1': 0.35898783802986145, 'communication_cost': 0}
[ 2026-03-06 13:43:49 | node_49 | INFO ] 🚂 Round 99: Client training...
[ 2026-03-06 13:43:49 | node_40 | INFO ] 📈 Evaluated. Results: {'test_loss': 0.321424663066864, 'test_acc': 0.9553571343421936, 'test_precision': 0.3530612587928772, 'test_recall': 0.3609412610530853, 'test_f1': 0.3494070768356323, 'communication_cost': 0}
[ 2026-03-06 13:43:49 | node_47 | INFO ] 🔬 Evaluating...
[ 2026-03-06 13:43:49 | node_40 | INFO ] 🚂 Round 99: Client training...
[ 2026-03-06 13:43:49 | node_44 | INFO ] 📈 Evaluated. Results: {'test_loss': 0.35715344548225403, 'test_acc': 0.9433962106704712, 'test_precision': 0.6666666865348816, 'test_recall': 0.6541666984558105, 'test_f1': 0.6601731777191162, 'communication_cost': 0}
[ 2026-03-06 13:43:49 | node_45 | INFO ] 📈 Evaluated. Results: {'test_loss': 0.10602586716413498, 'test_acc': 0.942307710647583, 'test_precision': 0.6500000357627869, 'test_recall': 0.7866666316986084, 'test_f1': 0.69786536693573, 'communication_cost': 0}
[ 2026-03-06 13:43:49 | node_44 | INFO ] 🚂 Round 99: Client training...
[ 2026-03-06 13:43:49 | node_45 | INFO ] 🚂 Round 99: Client training...
[ 2026-03-06 13:43:49 | node_46 | INFO ] 📈 Evaluated. Results: {'test_loss': 0.20237424969673157, 'test_acc': 0.9583333134651184, 'test_precision': 0.4751337170600891, 'test_recall': 0.46157383918762207, 'test_f1': 0.46815264225006104, 'communication_cost': 0}
[ 2026-03-06 13:43:49 | node | INFO ] 🧩 Model added for round 99 (40/49) from ['node_41']
[ 2026-03-06 13:43:49 | node_46 | INFO ] 🚂 Round 99: Client training...
[ 2026-03-06 13:43:49 | node_47 | INFO ] 📈 Evaluated. Results: {'test_loss': 0.09709871560335159, 'test_acc': 0.9856114983558655, 'test_precision': 0.5237410068511963, 'test_recall': 0.5169784426689148, 'test_f1': 0.5201767683029175, 'communication_cost': 0}
[ 2026-03-06 13:43:49 | node_47 | INFO ] 🚂 Round 99: Client training...
[ 2026-03-06 13:43:49 | node | INFO ] 🧩 Model added for round 99 (41/49) from ['node_42']
[ 2026-03-06 13:43:49 | node | INFO ] 🧩 Model added for round 99 (42/49) from ['node_49']
[ 2026-03-06 13:43:49 | node | INFO ] 🧩 Model added for round 99 (43/49) from ['node_48']
[ 2026-03-06 13:43:49 | node | INFO ] 🧩 Model added for round 99 (44/49) from ['node_43']
[ 2026-03-06 13:43:49 | node | INFO ] 🧩 Model added for round 99 (45/49) from ['node_46']
[ 2026-03-06 13:43:49 | node | INFO ] 🧩 Model added for round 99 (46/49) from ['node_47']
[ 2026-03-06 13:43:49 | node | INFO ] 🧩 Model added for round 99 (47/49) from ['node_40']
[ 2026-03-06 13:43:49 | node | INFO ] 🧩 Model added for round 99 (48/49) from ['node_45']
[ 2026-03-06 13:43:49 | node | INFO ] 🧩 Model added for round 99 (49/49) from ['node_44']
[ 2026-03-06 13:43:50 | node | INFO ] 🔬 Evaluating...
[ 2026-03-06 13:43:50 | node | INFO ] 📈 Evaluated. Results: {'test_loss': 0.19409692287445068, 'test_acc': 0.9516128897666931, 'test_precision': 0.3201006054878235, 'test_recall': 0.3304729461669922, 'test_f1': 0.3229442238807678, 'communication_cost': 46110666}
[ 2026-03-06 13:43:50 | node_10 | INFO ] 🔬 Evaluating...
[ 2026-03-06 13:43:50 | node_1 | INFO ] 🔬 Evaluating...
[ 2026-03-06 13:43:50 | node_6 | INFO ] 🔬 Evaluating...
[ 2026-03-06 13:43:50 | node_7 | INFO ] 🔬 Evaluating...
[ 2026-03-06 13:43:50 | node_11 | INFO ] 🔬 Evaluating...
[ 2026-03-06 13:43:50 | node_8 | INFO ] 🔬 Evaluating...
[ 2026-03-06 13:43:50 | node_3 | INFO ] 🔬 Evaluating...
[ 2026-03-06 13:43:50 | node_10 | INFO ] 📈 Evaluated. Results: {'test_loss': 0.00515548512339592, 'test_acc': 1.0, 'test_precision': 1.0, 'test_recall': 1.0, 'test_f1': 1.0, 'communication_cost': 0}
[ 2026-03-06 13:43:50 | node_1 | INFO ] 📈 Evaluated. Results: {'test_loss': 0.7160067558288574, 'test_acc': 0.949999988079071, 'test_precision': 0.5, 'test_recall': 0.4749999940395355, 'test_f1': 0.4871794581413269, 'communication_cost': 0}
[ 2026-03-06 13:43:50 | node_10 | INFO ] 🚂 Round 100: Client training...
[ 2026-03-06 13:43:50 | node_12 | INFO ] 🔬 Evaluating...
[ 2026-03-06 13:43:50 | node_6 | INFO ] 📈 Evaluated. Results: {'test_loss': 0.24585244059562683, 'test_acc': 0.9358974099159241, 'test_precision': 0.5846154093742371, 'test_recall': 0.7717121243476868, 'test_f1': 0.6379486918449402, 'communication_cost': 0}
[ 2026-03-06 13:43:50 | node_1 | INFO ] 🚂 Round 100: Client training...
[ 2026-03-06 13:43:50 | node_6 | INFO ] 🚂 Round 100: Client training...
[ 2026-03-06 13:43:50 | node_5 | INFO ] 🔬 Evaluating...
[ 2026-03-06 13:43:50 | node_18 | INFO ] 🔬 Evaluating...
[ 2026-03-06 13:43:50 | node_14 | INFO ] 🔬 Evaluating...
[ 2026-03-06 13:43:50 | node_3 | INFO ] 📈 Evaluated. Results: {'test_loss': 0.013305632397532463, 'test_acc': 1.0, 'test_precision': 1.0, 'test_recall': 1.0, 'test_f1': 1.0, 'communication_cost': 0}
[ 2026-03-06 13:43:50 | node_15 | INFO ] 🔬 Evaluating...
[ 2026-03-06 13:43:50 | node_11 | INFO ] 📈 Evaluated. Results: {'test_loss': 0.4134700894355774, 'test_acc': 0.9238095283508301, 'test_precision': 0.8124450445175171, 'test_recall': 0.8296240568161011, 'test_f1': 0.8193297386169434, 'communication_cost': 0}
[ 2026-03-06 13:43:50 | node_8 | INFO ] 📈 Evaluated. Results: {'test_loss': 0.2871035933494568, 'test_acc': 0.936170220375061, 'test_precision': 0.6114394664764404, 'test_recall': 0.5920373201370239, 'test_f1': 0.6001169681549072, 'communication_cost': 0}
[ 2026-03-06 13:43:50 | node_3 | INFO ] 🚂 Round 100: Client training...
[ 2026-03-06 13:43:50 | node_7 | INFO ] 📈 Evaluated. Results: {'test_loss': 0.2821825444698334, 'test_acc': 0.970588207244873, 'test_precision': 0.6254901885986328, 'test_recall': 0.587995171546936, 'test_f1': 0.6054671406745911, 'communication_cost': 0}
[ 2026-03-06 13:43:50 | node_8 | INFO ] 🚂 Round 100: Client training...
[ 2026-03-06 13:43:50 | node_11 | INFO ] 🚂 Round 100: Client training...
[ 2026-03-06 13:43:50 | node_7 | INFO ] 🚂 Round 100: Client training...
[ 2026-03-06 13:43:50 | node_12 | INFO ] 📈 Evaluated. Results: {'test_loss': 0.2510220408439636, 'test_acc': 0.9319526553153992, 'test_precision': 0.30631163716316223, 'test_recall': 0.3188031315803528, 'test_f1': 0.3081037104129791, 'communication_cost': 0}
[ 2026-03-06 13:43:50 | node_12 | INFO ] 🚂 Round 100: Client training...
[ 2026-03-06 13:43:50 | node_22 | INFO ] 🔬 Evaluating...
[ 2026-03-06 13:43:50 | node_23 | INFO ] 🔬 Evaluating...
[ 2026-03-06 13:43:50 | node_39 | INFO ] 🔬 Evaluating...
[ 2026-03-06 13:43:50 | node_15 | INFO ] 📈 Evaluated. Results: {'test_loss': 0.21295440196990967, 'test_acc': 0.9795918464660645, 'test_precision': 0.5323129296302795, 'test_recall': 0.5258048176765442, 'test_f1': 0.5290132761001587, 'communication_cost': 0}
[ 2026-03-06 13:43:50 | node_5 | INFO ] 📈 Evaluated. Results: {'test_loss': 0.342631995677948, 'test_acc': 0.9321267008781433, 'test_precision': 0.6429709196090698, 'test_recall': 0.712663471698761, 'test_f1': 0.669031023979187, 'communication_cost': 0}
[ 2026-03-06 13:43:50 | node_26 | INFO ] 🔬 Evaluating...
[ 2026-03-06 13:43:50 | node_4 | INFO ] 🔬 Evaluating...
[ 2026-03-06 13:43:50 | node_18 | INFO ] 📈 Evaluated. Results: {'test_loss': 0.4975808560848236, 'test_acc': 0.9270270466804504, 'test_precision': 0.38070785999298096, 'test_recall': 0.372591495513916, 'test_f1': 0.3757219910621643, 'communication_cost': 0}
[ 2026-03-06 13:43:50 | node_14 | INFO ] 📈 Evaluated. Results: {'test_loss': 0.21608150005340576, 'test_acc': 0.970588207244873, 'test_precision': 0.41403359174728394, 'test_recall': 0.4182887375354767, 'test_f1': 0.41512739658355713, 'communication_cost': 0}
[ 2026-03-06 13:43:50 | node_15 | INFO ] 🚂 Round 100: Client training...
[ 2026-03-06 13:43:50 | node_9 | INFO ] 🔬 Evaluating...
[ 2026-03-06 13:43:50 | node_5 | INFO ] 🚂 Round 100: Client training...
[ 2026-03-06 13:43:50 | node_18 | INFO ] 🚂 Round 100: Client training...
[ 2026-03-06 13:43:50 | node_14 | INFO ] 🚂 Round 100: Client training...
[ 2026-03-06 13:43:50 | node_13 | INFO ] 🔬 Evaluating...
[ 2026-03-06 13:43:50 | node_2 | INFO ] 🔬 Evaluating...
[ 2026-03-06 13:43:50 | node_17 | INFO ] 🔬 Evaluating...
[ 2026-03-06 13:43:50 | node_39 | INFO ] 📈 Evaluated. Results: {'test_loss': 0.17588649690151215, 'test_acc': 0.9684210419654846, 'test_precision': 0.738095223903656, 'test_recall': 0.8369815349578857, 'test_f1': 0.7702671885490417, 'communication_cost': 0}
[ 2026-03-06 13:43:50 | node_20 | INFO ] 🔬 Evaluating...
[ 2026-03-06 13:43:50 | node_19 | INFO ] 🔬 Evaluating...
[ 2026-03-06 13:43:50 | node_23 | INFO ] 📈 Evaluated. Results: {'test_loss': 0.18831850588321686, 'test_acc': 0.9514563083648682, 'test_precision': 0.4642857313156128, 'test_recall': 0.5641399621963501, 'test_f1': 0.4996616542339325, 'communication_cost': 0}
[ 2026-03-06 13:43:50 | node_22 | INFO ] 📈 Evaluated. Results: {'test_loss': 0.3580077588558197, 'test_acc': 0.9655172228813171, 'test_precision': 0.6000000238418579, 'test_recall': 0.6000000238418579, 'test_f1': 0.6000000238418579, 'communication_cost': 0}
[ 2026-03-06 13:43:50 | node_30 | INFO ] 🔬 Evaluating...
[ 2026-03-06 13:43:51 | node_41 | INFO ] 🔬 Evaluating...
[ 2026-03-06 13:43:51 | node_21 | INFO ] 🔬 Evaluating...
[ 2026-03-06 13:43:51 | node_39 | INFO ] 🚂 Round 100: Client training...
[ 2026-03-06 13:43:51 | node_16 | INFO ] 🔬 Evaluating...
[ 2026-03-06 13:43:51 | node_23 | INFO ] 🚂 Round 100: Client training...
[ 2026-03-06 13:43:51 | node_22 | INFO ] 🚂 Round 100: Client training...
[ 2026-03-06 13:43:51 | node_24 | INFO ] 🔬 Evaluating...
[ 2026-03-06 13:43:51 | node_31 | INFO ] 🔬 Evaluating...
[ 2026-03-06 13:43:51 | node_27 | INFO ] 🔬 Evaluating...
[ 2026-03-06 13:43:51 | node_33 | INFO ] 🔬 Evaluating...
[ 2026-03-06 13:43:51 | node_25 | INFO ] 🔬 Evaluating...
[ 2026-03-06 13:43:51 | node_29 | INFO ] 🔬 Evaluating...
[ 2026-03-06 13:43:51 | node_42 | INFO ] 🔬 Evaluating...
[ 2026-03-06 13:43:51 | node_34 | INFO ] 🔬 Evaluating...
[ 2026-03-06 13:43:51 | node_43 | INFO ] 🔬 Evaluating...
[ 2026-03-06 13:43:51 | node_28 | INFO ] 🔬 Evaluating...
[ 2026-03-06 13:43:51 | node_32 | INFO ] 🔬 Evaluating...
[ 2026-03-06 13:43:51 | node_35 | INFO ] 🔬 Evaluating...
[ 2026-03-06 13:43:51 | node_40 | INFO ] 🔬 Evaluating...
[ 2026-03-06 13:43:51 | node_38 | INFO ] 🔬 Evaluating...
[ 2026-03-06 13:43:51 | node_36 | INFO ] 🔬 Evaluating...
[ 2026-03-06 13:43:51 | node_37 | INFO ] 🔬 Evaluating...
[ 2026-03-06 13:43:51 | node_4 | INFO ] 📈 Evaluated. Results: {'test_loss': 0.10851505398750305, 'test_acc': 0.9790209531784058, 'test_precision': 0.442890465259552, 'test_recall': 0.4347119927406311, 'test_f1': 0.4387354552745819, 'communication_cost': 0}
[ 2026-03-06 13:43:51 | node_44 | INFO ] 🔬 Evaluating...
[ 2026-03-06 13:43:51 | node_13 | INFO ] 📈 Evaluated. Results: {'test_loss': 0.4755558669567108, 'test_acc': 0.9109947681427002, 'test_precision': 0.29123038053512573, 'test_recall': 0.32844972610473633, 'test_f1': 0.2999918758869171, 'communication_cost': 0}
[ 2026-03-06 13:43:51 | node_2 | INFO ] 📈 Evaluated. Results: {'test_loss': 0.05661718174815178, 'test_acc': 0.9764705896377563, 'test_precision': 0.7956521511077881, 'test_recall': 0.7789855003356934, 'test_f1': 0.7869564890861511, 'communication_cost': 0}
[ 2026-03-06 13:43:51 | node_26 | INFO ] 📈 Evaluated. Results: {'test_loss': 0.13365837931632996, 'test_acc': 0.9631490707397461, 'test_precision': 0.38693466782569885, 'test_recall': 0.3754347264766693, 'test_f1': 0.38101762533187866, 'communication_cost': 0}
[ 2026-03-06 13:43:51 | node_4 | INFO ] 🚂 Round 100: Client training...
[ 2026-03-06 13:43:51 | node_17 | INFO ] 📈 Evaluated. Results: {'test_loss': 0.3651856780052185, 'test_acc': 0.8795180916786194, 'test_precision': 0.5563161373138428, 'test_recall': 0.6371406316757202, 'test_f1': 0.5842390060424805, 'communication_cost': 0}
[ 2026-03-06 13:43:51 | node_9 | INFO ] 📈 Evaluated. Results: {'test_loss': 0.16565953195095062, 'test_acc': 0.9882583022117615, 'test_precision': 0.644688069820404, 'test_recall': 0.6391773223876953, 'test_f1': 0.6418570280075073, 'communication_cost': 0}
[ 2026-03-06 13:43:51 | node_30 | INFO ] 📈 Evaluated. Results: {'test_loss': 0.059251267462968826, 'test_acc': 1.0, 'test_precision': 1.0, 'test_recall': 1.0, 'test_f1': 1.0, 'communication_cost': 0}
[ 2026-03-06 13:43:51 | node_19 | INFO ] 📈 Evaluated. Results: {'test_loss': 0.49324238300323486, 'test_acc': 0.9280575513839722, 'test_precision': 0.685488224029541, 'test_recall': 0.7474349737167358, 'test_f1': 0.7046483755111694, 'communication_cost': 0}
[ 2026-03-06 13:43:51 | node_24 | INFO ] 📈 Evaluated. Results: {'test_loss': 0.22759784758090973, 'test_acc': 0.9215686321258545, 'test_precision': 0.4749999940395355, 'test_recall': 0.4761904776096344, 'test_f1': 0.47434210777282715, 'communication_cost': 0}
[ 2026-03-06 13:43:51 | node_20 | INFO ] 📈 Evaluated. Results: {'test_loss': 0.5834307074546814, 'test_acc': 0.8812260627746582, 'test_precision': 0.2928503155708313, 'test_recall': 0.2767260670661926, 'test_f1': 0.28416070342063904, 'communication_cost': 0}
[ 2026-03-06 13:43:51 | node_41 | INFO ] 📈 Evaluated. Results: {'test_loss': 0.2399573028087616, 'test_acc': 0.9727272987365723, 'test_precision': 0.7200000286102295, 'test_recall': 0.7942308187484741, 'test_f1': 0.7470731735229492, 'communication_cost': 0}
[ 2026-03-06 13:43:51 | node_27 | INFO ] 📈 Evaluated. Results: {'test_loss': 1.6100176572799683, 'test_acc': 0.8918918967247009, 'test_precision': 0.4444445073604584, 'test_recall': 0.42720305919647217, 'test_f1': 0.43535351753234863, 'communication_cost': 0}
[ 2026-03-06 13:43:51 | node_16 | INFO ] 📈 Evaluated. Results: {'test_loss': 0.25208714604377747, 'test_acc': 0.9488636255264282, 'test_precision': 0.7576742172241211, 'test_recall': 0.7360787987709045, 'test_f1': 0.746193528175354, 'communication_cost': 0}
[ 2026-03-06 13:43:51 | node_31 | INFO ] 📈 Evaluated. Results: {'test_loss': 0.17494480311870575, 'test_acc': 0.9694656729698181, 'test_precision': 0.6335877776145935, 'test_recall': 0.6660547256469727, 'test_f1': 0.6468061208724976, 'communication_cost': 0}
[ 2026-03-06 13:43:51 | node_13 | INFO ] 🚂 Round 100: Client training...
[ 2026-03-06 13:43:51 | node_21 | INFO ] 📈 Evaluated. Results: {'test_loss': 0.311954528093338, 'test_acc': 0.9471153616905212, 'test_precision': 0.5144485235214233, 'test_recall': 0.5075940489768982, 'test_f1': 0.5107419490814209, 'communication_cost': 0}
[ 2026-03-06 13:43:51 | node_2 | INFO ] 🚂 Round 100: Client training...
[ 2026-03-06 13:43:51 | node_26 | INFO ] 🚂 Round 100: Client training...
[ 2026-03-06 13:43:51 | node_17 | INFO ] 🚂 Round 100: Client training...
[ 2026-03-06 13:43:51 | node_42 | INFO ] 📈 Evaluated. Results: {'test_loss': 0.00042937271064147353, 'test_acc': 1.0, 'test_precision': 1.0, 'test_recall': 1.0, 'test_f1': 1.0, 'communication_cost': 0}
[ 2026-03-06 13:43:51 | node_9 | INFO ] 🚂 Round 100: Client training...
[ 2026-03-06 13:43:51 | node_30 | INFO ] 🚂 Round 100: Client training...
[ 2026-03-06 13:43:51 | node_19 | INFO ] 🚂 Round 100: Client training...
[ 2026-03-06 13:43:51 | node_24 | INFO ] 🚂 Round 100: Client training...
[ 2026-03-06 13:43:51 | node_41 | INFO ] 🚂 Round 100: Client training...
[ 2026-03-06 13:43:51 | node_43 | INFO ] 📈 Evaluated. Results: {'test_loss': 0.328511118888855, 'test_acc': 0.9386792182922363, 'test_precision': 0.49514007568359375, 'test_recall': 0.5014354586601257, 'test_f1': 0.49562183022499084, 'communication_cost': 0}
[ 2026-03-06 13:43:51 | node_33 | INFO ] 📈 Evaluated. Results: {'test_loss': 0.448996365070343, 'test_acc': 0.8949999809265137, 'test_precision': 0.34628573060035706, 'test_recall': 0.3287004828453064, 'test_f1': 0.33699268102645874, 'communication_cost': 0}
[ 2026-03-06 13:43:52 | node_25 | INFO ] 📈 Evaluated. Results: {'test_loss': 0.20948711037635803, 'test_acc': 0.9727272987365723, 'test_precision': 0.40696972608566284, 'test_recall': 0.4355846047401428, 'test_f1': 0.41774630546569824, 'communication_cost': 0}
[ 2026-03-06 13:43:52 | node_34 | INFO ] 📈 Evaluated. Results: {'test_loss': 0.5083931684494019, 'test_acc': 0.9426751732826233, 'test_precision': 0.38799020648002625, 'test_recall': 0.3742278814315796, 'test_f1': 0.3804178833961487, 'communication_cost': 0}
[ 2026-03-06 13:43:52 | node_32 | INFO ] 📈 Evaluated. Results: {'test_loss': 0.7498501539230347, 'test_acc': 0.8999999761581421, 'test_precision': 0.3888888955116272, 'test_recall': 0.48295456171035767, 'test_f1': 0.4076846241950989, 'communication_cost': 0}
[ 2026-03-06 13:43:52 | node_27 | INFO ] 🚂 Round 100: Client training...
[ 2026-03-06 13:43:52 | node_20 | INFO ] 🚂 Round 100: Client training...
[ 2026-03-06 13:43:52 | node_16 | INFO ] 🚂 Round 100: Client training...
[ 2026-03-06 13:43:52 | node_21 | INFO ] 🚂 Round 100: Client training...
[ 2026-03-06 13:43:52 | node_31 | INFO ] 🚂 Round 100: Client training...
[ 2026-03-06 13:43:52 | node_42 | INFO ] 🚂 Round 100: Client training...
[ 2026-03-06 13:43:52 | node_35 | INFO ] 📈 Evaluated. Results: {'test_loss': 0.5747421383857727, 'test_acc': 0.9404761791229248, 'test_precision': 0.40000003576278687, 'test_recall': 0.38765430450439453, 'test_f1': 0.3936305642127991, 'communication_cost': 0}
[ 2026-03-06 13:43:52 | node_44 | INFO ] 📈 Evaluated. Results: {'test_loss': 0.3213149309158325, 'test_acc': 0.9622641801834106, 'test_precision': 0.6666666865348816, 'test_recall': 0.6583333015441895, 'test_f1': 0.6623932719230652, 'communication_cost': 0}
[ 2026-03-06 13:43:52 | node_37 | INFO ] 📈 Evaluated. Results: {'test_loss': 0.9191257357597351, 'test_acc': 0.8732394576072693, 'test_precision': 0.6542981266975403, 'test_recall': 0.656845211982727, 'test_f1': 0.6508175134658813, 'communication_cost': 0}
[ 2026-03-06 13:43:52 | node_43 | INFO ] 🚂 Round 100: Client training...
[ 2026-03-06 13:43:52 | node_38 | INFO ] 📈 Evaluated. Results: {'test_loss': 0.5827106237411499, 'test_acc': 0.9130434989929199, 'test_precision': 0.48566991090774536, 'test_recall': 0.5268396139144897, 'test_f1': 0.494440495967865, 'communication_cost': 0}
[ 2026-03-06 13:43:52 | node_46 | INFO ] 🔬 Evaluating...
[ 2026-03-06 13:43:52 | node_45 | INFO ] 🔬 Evaluating...
[ 2026-03-06 13:43:52 | node_32 | INFO ] 🚂 Round 100: Client training...
[ 2026-03-06 13:43:52 | node_33 | INFO ] 🚂 Round 100: Client training...
[ 2026-03-06 13:43:52 | node_36 | INFO ] 📈 Evaluated. Results: {'test_loss': 0.39402249455451965, 'test_acc': 0.9504950642585754, 'test_precision': 0.43492060899734497, 'test_recall': 0.4357522428035736, 'test_f1': 0.4331195652484894, 'communication_cost': 0}
[ 2026-03-06 13:43:52 | node_25 | INFO ] 🚂 Round 100: Client training...
[ 2026-03-06 13:43:52 | node_34 | INFO ] 🚂 Round 100: Client training...
[ 2026-03-06 13:43:52 | node_35 | INFO ] 🚂 Round 100: Client training...
[ 2026-03-06 13:43:52 | node_28 | INFO ] 📈 Evaluated. Results: {'test_loss': 0.3616728186607361, 'test_acc': 0.970059871673584, 'test_precision': 0.36560139060020447, 'test_recall': 0.3594370186328888, 'test_f1': 0.36242514848709106, 'communication_cost': 0}
[ 2026-03-06 13:43:52 | node_40 | INFO ] 📈 Evaluated. Results: {'test_loss': 0.30108842253685, 'test_acc': 0.9571428298950195, 'test_precision': 0.3721088767051697, 'test_recall': 0.3807517886161804, 'test_f1': 0.36884182691574097, 'communication_cost': 0}
[ 2026-03-06 13:43:52 | node_44 | INFO ] 🚂 Round 100: Client training...
[ 2026-03-06 13:43:52 | node_38 | INFO ] 🚂 Round 100: Client training...
[ 2026-03-06 13:43:52 | node_37 | INFO ] 🚂 Round 100: Client training...
[ 2026-03-06 13:43:52 | node_29 | INFO ] 📈 Evaluated. Results: {'test_loss': 0.6579762697219849, 'test_acc': 0.8746312856674194, 'test_precision': 0.21558116376399994, 'test_recall': 0.1920686811208725, 'test_f1': 0.20302598178386688, 'communication_cost': 0}
[ 2026-03-06 13:43:52 | node_36 | INFO ] 🚂 Round 100: Client training...
[ 2026-03-06 13:43:52 | node_40 | INFO ] 🚂 Round 100: Client training...
[ 2026-03-06 13:43:52 | node_28 | INFO ] 🚂 Round 100: Client training...
[ 2026-03-06 13:43:52 | node_29 | INFO ] 🚂 Round 100: Client training...
[ 2026-03-06 13:43:52 | node_47 | INFO ] 🔬 Evaluating...
[ 2026-03-06 13:43:52 | node_45 | INFO ] 📈 Evaluated. Results: {'test_loss': 0.12281958758831024, 'test_acc': 0.9615384340286255, 'test_precision': 0.8125, 'test_recall': 0.9888888597488403, 'test_f1': 0.8752706050872803, 'communication_cost': 0}
[ 2026-03-06 13:43:52 | node_46 | INFO ] 📈 Evaluated. Results: {'test_loss': 0.24224485456943512, 'test_acc': 0.9523809552192688, 'test_precision': 0.4768882095813751, 'test_recall': 0.4678927958011627, 'test_f1': 0.4722749590873718, 'communication_cost': 0}
[ 2026-03-06 13:43:52 | node_45 | INFO ] 🚂 Round 100: Client training...
[ 2026-03-06 13:43:52 | node_46 | INFO ] 🚂 Round 100: Client training...
[ 2026-03-06 13:43:52 | node_47 | INFO ] 📈 Evaluated. Results: {'test_loss': 0.06356221437454224, 'test_acc': 0.9856114983558655, 'test_precision': 0.5237410068511963, 'test_recall': 0.5169784426689148, 'test_f1': 0.5201767683029175, 'communication_cost': 0}
[ 2026-03-06 13:43:53 | node_47 | INFO ] 🚂 Round 100: Client training...
[ 2026-03-06 13:43:53 | node_49 | INFO ] 🔬 Evaluating...
[ 2026-03-06 13:43:53 | node_48 | INFO ] 🔬 Evaluating...
[ 2026-03-06 13:43:53 | node | INFO ] ⏳ Round 100: Server waiting for 49 updates.
[ 2026-03-06 13:43:53 | node | INFO ] ♻️ Proactively processing 47 early models for round 100.
[ 2026-03-06 13:43:53 | node | INFO ] 🧩 Model added for round 100 (1/49) from ['node_10']
[ 2026-03-06 13:43:53 | node | INFO ] 🧩 Model added for round 100 (2/49) from ['node_1']
[ 2026-03-06 13:43:53 | node | INFO ] 🧩 Model added for round 100 (3/49) from ['node_7']
[ 2026-03-06 13:43:53 | node | INFO ] 🧩 Model added for round 100 (4/49) from ['node_3']
[ 2026-03-06 13:43:53 | node | INFO ] 🧩 Model added for round 100 (5/49) from ['node_8']
[ 2026-03-06 13:43:53 | node | INFO ] 🧩 Model added for round 100 (6/49) from ['node_11']
[ 2026-03-06 13:43:53 | node | INFO ] 🧩 Model added for round 100 (7/49) from ['node_6']
[ 2026-03-06 13:43:53 | node | INFO ] 🧩 Model added for round 100 (8/49) from ['node_12']
[ 2026-03-06 13:43:53 | node_48 | INFO ] 📈 Evaluated. Results: {'test_loss': 0.5026248693466187, 'test_acc': 0.9100719690322876, 'test_precision': 0.32182255387306213, 'test_recall': 0.3508959710597992, 'test_f1': 0.32389354705810547, 'communication_cost': 0}
[ 2026-03-06 13:43:53 | node | INFO ] 🧩 Model added for round 100 (9/49) from ['node_18']
[ 2026-03-06 13:43:53 | node | INFO ] 🧩 Model added for round 100 (10/49) from ['node_5']
[ 2026-03-06 13:43:53 | node | INFO ] 🧩 Model added for round 100 (11/49) from ['node_22']
[ 2026-03-06 13:43:53 | node_48 | INFO ] 🚂 Round 100: Client training...
[ 2026-03-06 13:43:53 | node | INFO ] 🧩 Model added for round 100 (12/49) from ['node_14']
[ 2026-03-06 13:43:53 | node | INFO ] 🧩 Model added for round 100 (13/49) from ['node_39']
[ 2026-03-06 13:43:53 | node | INFO ] 🧩 Model added for round 100 (14/49) from ['node_23']
[ 2026-03-06 13:43:53 | node | INFO ] 🧩 Model added for round 100 (15/49) from ['node_4']
[ 2026-03-06 13:43:53 | node | INFO ] 🧩 Model added for round 100 (16/49) from ['node_15']
[ 2026-03-06 13:43:53 | node | INFO ] 🧩 Model added for round 100 (17/49) from ['node_26']
[ 2026-03-06 13:43:53 | node | INFO ] 🧩 Model added for round 100 (18/49) from ['node_17']
[ 2026-03-06 13:43:53 | node | INFO ] 🧩 Model added for round 100 (19/49) from ['node_13']
[ 2026-03-06 13:43:53 | node | INFO ] 🧩 Model added for round 100 (20/49) from ['node_20']
[ 2026-03-06 13:43:53 | node | INFO ] 🧩 Model added for round 100 (21/49) from ['node_30']
[ 2026-03-06 13:43:53 | node | INFO ] 🧩 Model added for round 100 (22/49) from ['node_41']
[ 2026-03-06 13:43:53 | node | INFO ] 🧩 Model added for round 100 (23/49) from ['node_24']
[ 2026-03-06 13:43:53 | node | INFO ] 🧩 Model added for round 100 (24/49) from ['node_9']
[ 2026-03-06 13:43:53 | node | INFO ] 🧩 Model added for round 100 (25/49) from ['node_21']
[ 2026-03-06 13:43:53 | node | INFO ] 🧩 Model added for round 100 (26/49) from ['node_42']
[ 2026-03-06 13:43:53 | node | INFO ] 🧩 Model added for round 100 (27/49) from ['node_2']
[ 2026-03-06 13:43:53 | node | INFO ] 🧩 Model added for round 100 (28/49) from ['node_16']
[ 2026-03-06 13:43:53 | node | INFO ] 🧩 Model added for round 100 (29/49) from ['node_31']
[ 2026-03-06 13:43:53 | node_49 | INFO ] 📈 Evaluated. Results: {'test_loss': 0.295421838760376, 'test_acc': 0.9307282567024231, 'test_precision': 0.35705825686454773, 'test_recall': 0.35812145471572876, 'test_f1': 0.355500191450119, 'communication_cost': 0}
[ 2026-03-06 13:43:53 | node | INFO ] 🧩 Model added for round 100 (30/49) from ['node_43']
[ 2026-03-06 13:43:53 | node | INFO ] 🧩 Model added for round 100 (31/49) from ['node_33']
[ 2026-03-06 13:43:53 | node | INFO ] 🧩 Model added for round 100 (32/49) from ['node_19']
[ 2026-03-06 13:43:53 | node_49 | INFO ] 🚂 Round 100: Client training...
[ 2026-03-06 13:43:53 | node | INFO ] 🧩 Model added for round 100 (33/49) from ['node_35']
[ 2026-03-06 13:43:53 | node | INFO ] 🧩 Model added for round 100 (34/49) from ['node_34']
[ 2026-03-06 13:43:53 | node | INFO ] 🧩 Model added for round 100 (35/49) from ['node_38']
[ 2026-03-06 13:43:53 | node | INFO ] 🧩 Model added for round 100 (36/49) from ['node_37']
[ 2026-03-06 13:43:53 | node | INFO ] 🧩 Model added for round 100 (37/49) from ['node_27']
[ 2026-03-06 13:43:53 | node | INFO ] 🧩 Model added for round 100 (38/49) from ['node_25']
[ 2026-03-06 13:43:53 | node | INFO ] 🧩 Model added for round 100 (39/49) from ['node_36']
[ 2026-03-06 13:43:53 | node | INFO ] 🧩 Model added for round 100 (40/49) from ['node_29']
[ 2026-03-06 13:43:53 | node | INFO ] 🧩 Model added for round 100 (41/49) from ['node_32']
[ 2026-03-06 13:43:53 | node | INFO ] 🧩 Model added for round 100 (42/49) from ['node_44']
[ 2026-03-06 13:43:53 | node | INFO ] 🧩 Model added for round 100 (43/49) from ['node_40']
[ 2026-03-06 13:43:53 | node | INFO ] 🧩 Model added for round 100 (44/49) from ['node_46']
[ 2026-03-06 13:43:53 | node | INFO ] 🧩 Model added for round 100 (45/49) from ['node_28']
[ 2026-03-06 13:43:53 | node | INFO ] 🧩 Model added for round 100 (46/49) from ['node_47']
[ 2026-03-06 13:43:53 | node | INFO ] 🧩 Model added for round 100 (47/49) from ['node_45']
[ 2026-03-06 13:43:53 | node | INFO ] 🧩 Model added for round 100 (48/49) from ['node_49']
[ 2026-03-06 13:43:53 | node | INFO ] 🧩 Model added for round 100 (49/49) from ['node_48']
[ 2026-03-06 13:43:54 | node | INFO ] 🔬 Evaluating...
[ 2026-03-06 13:43:54 | node | INFO ] 📈 Evaluated. Results: {'test_loss': 0.2080831676721573, 'test_acc': 0.9596773982048035, 'test_precision': 0.32104456424713135, 'test_recall': 0.32425448298454285, 'test_f1': 0.32151466608047485, 'communication_cost': 46110666}
[ 2026-03-06 13:43:54 | node | INFO ] 🏁 Training Finished.
[ 2026-03-06 13:43:54 | None | INFO ] 🏁 All nodes finished training. Finalizing...
[ 2026-03-06 13:43:56 | node | INFO ] Stopping node...
[ 2026-03-06 13:43:56 | ActorPool | INFO ] Shutting down pool with 1 idle actors.
[ 2026-03-06 13:43:56 | node | INFO ] 🛑 Stopping gossiper...
[ 2026-03-06 13:43:56 | node | INFO ] InMemoryServer stopped at node
[ 2026-03-06 13:43:56 | node_1 | INFO ] Stopping node...
[ 2026-03-06 13:43:56 | ActorPool | INFO ] Shutting down pool with 1 idle actors.
[ 2026-03-06 13:43:56 | node_1 | INFO ] 🛑 Stopping gossiper...
[ 2026-03-06 13:43:56 | node_1 | INFO ] InMemoryServer stopped at node_1
[ 2026-03-06 13:43:56 | node_2 | INFO ] Stopping node...
[ 2026-03-06 13:43:56 | ActorPool | INFO ] Shutting down pool with 1 idle actors.
[ 2026-03-06 13:43:56 | node_2 | INFO ] 🛑 Stopping gossiper...
[ 2026-03-06 13:43:56 | node_2 | INFO ] InMemoryServer stopped at node_2
[ 2026-03-06 13:43:56 | node_3 | INFO ] Stopping node...
[ 2026-03-06 13:43:56 | ActorPool | INFO ] Shutting down pool with 1 idle actors.
[ 2026-03-06 13:43:56 | node_3 | INFO ] 🛑 Stopping gossiper...
[ 2026-03-06 13:43:56 | node_3 | INFO ] InMemoryServer stopped at node_3
[ 2026-03-06 13:43:56 | node_4 | INFO ] Stopping node...
[ 2026-03-06 13:43:56 | ActorPool | INFO ] Shutting down pool with 1 idle actors.
[ 2026-03-06 13:43:56 | node_4 | INFO ] 🛑 Stopping gossiper...
[ 2026-03-06 13:43:56 | node_4 | INFO ] InMemoryServer stopped at node_4
[ 2026-03-06 13:43:56 | node_5 | INFO ] Stopping node...
[ 2026-03-06 13:43:56 | ActorPool | INFO ] Shutting down pool with 1 idle actors.
[ 2026-03-06 13:43:56 | node_5 | INFO ] 🛑 Stopping gossiper...
[ 2026-03-06 13:43:56 | node_5 | INFO ] InMemoryServer stopped at node_5
[ 2026-03-06 13:43:56 | node_6 | INFO ] Stopping node...
[ 2026-03-06 13:43:56 | ActorPool | INFO ] Shutting down pool with 1 idle actors.
[ 2026-03-06 13:43:56 | node_6 | INFO ] 🛑 Stopping gossiper...
[ 2026-03-06 13:43:56 | node_6 | INFO ] InMemoryServer stopped at node_6
[ 2026-03-06 13:43:56 | node_7 | INFO ] Stopping node...
[ 2026-03-06 13:43:56 | ActorPool | INFO ] Shutting down pool with 1 idle actors.
[ 2026-03-06 13:43:56 | node_7 | INFO ] 🛑 Stopping gossiper...
[ 2026-03-06 13:43:56 | node_7 | INFO ] InMemoryServer stopped at node_7
[ 2026-03-06 13:43:56 | node_8 | INFO ] Stopping node...
[ 2026-03-06 13:43:56 | ActorPool | INFO ] Shutting down pool with 1 idle actors.
[ 2026-03-06 13:43:56 | node_8 | INFO ] 🛑 Stopping gossiper...
[ 2026-03-06 13:43:56 | node_8 | INFO ] InMemoryServer stopped at node_8
[ 2026-03-06 13:43:56 | node_9 | INFO ] Stopping node...
[ 2026-03-06 13:43:56 | ActorPool | INFO ] Shutting down pool with 1 idle actors.
[ 2026-03-06 13:43:56 | node_9 | INFO ] 🛑 Stopping gossiper...
[ 2026-03-06 13:43:56 | node_9 | INFO ] InMemoryServer stopped at node_9
[ 2026-03-06 13:43:56 | node_10 | INFO ] Stopping node...
[ 2026-03-06 13:43:56 | ActorPool | INFO ] Shutting down pool with 1 idle actors.
[ 2026-03-06 13:43:56 | node_10 | INFO ] 🛑 Stopping gossiper...
[ 2026-03-06 13:43:56 | node_10 | INFO ] InMemoryServer stopped at node_10
[ 2026-03-06 13:43:56 | node_11 | INFO ] Stopping node...
[ 2026-03-06 13:43:56 | ActorPool | INFO ] Shutting down pool with 1 idle actors.
[ 2026-03-06 13:43:56 | node_11 | INFO ] 🛑 Stopping gossiper...
[ 2026-03-06 13:43:56 | node_11 | INFO ] InMemoryServer stopped at node_11
[ 2026-03-06 13:43:56 | node_12 | INFO ] Stopping node...
[ 2026-03-06 13:43:56 | ActorPool | INFO ] Shutting down pool with 1 idle actors.
[ 2026-03-06 13:43:56 | node_12 | INFO ] 🛑 Stopping gossiper...
[ 2026-03-06 13:43:56 | node_12 | INFO ] InMemoryServer stopped at node_12
[ 2026-03-06 13:43:56 | node_13 | INFO ] Stopping node...
[ 2026-03-06 13:43:56 | ActorPool | INFO ] Shutting down pool with 1 idle actors.
[ 2026-03-06 13:43:56 | node_13 | INFO ] 🛑 Stopping gossiper...
[ 2026-03-06 13:43:56 | node_13 | INFO ] InMemoryServer stopped at node_13
[ 2026-03-06 13:43:56 | node_14 | INFO ] Stopping node...
[ 2026-03-06 13:43:56 | ActorPool | INFO ] Shutting down pool with 1 idle actors.
[ 2026-03-06 13:43:56 | node_14 | INFO ] 🛑 Stopping gossiper...
[ 2026-03-06 13:43:56 | node_14 | INFO ] InMemoryServer stopped at node_14
[ 2026-03-06 13:43:56 | node_15 | INFO ] Stopping node...
[ 2026-03-06 13:43:56 | ActorPool | INFO ] Shutting down pool with 1 idle actors.
[ 2026-03-06 13:43:56 | node_15 | INFO ] 🛑 Stopping gossiper...
[ 2026-03-06 13:43:56 | node_15 | INFO ] InMemoryServer stopped at node_15
[ 2026-03-06 13:43:56 | node_16 | INFO ] Stopping node...
[ 2026-03-06 13:43:56 | ActorPool | INFO ] Shutting down pool with 1 idle actors.
[ 2026-03-06 13:43:56 | node_16 | INFO ] 🛑 Stopping gossiper...
[ 2026-03-06 13:43:56 | node_16 | INFO ] InMemoryServer stopped at node_16
[ 2026-03-06 13:43:56 | node_17 | INFO ] Stopping node...
[ 2026-03-06 13:43:56 | ActorPool | INFO ] Shutting down pool with 1 idle actors.
[ 2026-03-06 13:43:56 | node_17 | INFO ] 🛑 Stopping gossiper...
[ 2026-03-06 13:43:56 | node_17 | INFO ] InMemoryServer stopped at node_17
[ 2026-03-06 13:43:56 | node_18 | INFO ] Stopping node...
[ 2026-03-06 13:43:56 | ActorPool | INFO ] Shutting down pool with 1 idle actors.
[ 2026-03-06 13:43:56 | node_18 | INFO ] 🛑 Stopping gossiper...
[ 2026-03-06 13:43:56 | node_18 | INFO ] InMemoryServer stopped at node_18
[ 2026-03-06 13:43:56 | node_19 | INFO ] Stopping node...
[ 2026-03-06 13:43:56 | ActorPool | INFO ] Shutting down pool with 1 idle actors.
[ 2026-03-06 13:43:56 | node_19 | INFO ] 🛑 Stopping gossiper...
[ 2026-03-06 13:43:56 | node_19 | INFO ] InMemoryServer stopped at node_19
[ 2026-03-06 13:43:56 | node_20 | INFO ] Stopping node...
[ 2026-03-06 13:43:56 | ActorPool | INFO ] Shutting down pool with 1 idle actors.
[ 2026-03-06 13:43:56 | node_20 | INFO ] 🛑 Stopping gossiper...
[ 2026-03-06 13:43:56 | node_20 | INFO ] InMemoryServer stopped at node_20
[ 2026-03-06 13:43:56 | node_21 | INFO ] Stopping node...
[ 2026-03-06 13:43:56 | ActorPool | INFO ] Shutting down pool with 1 idle actors.
[ 2026-03-06 13:43:56 | node_21 | INFO ] 🛑 Stopping gossiper...
[ 2026-03-06 13:43:56 | node_21 | INFO ] InMemoryServer stopped at node_21
[ 2026-03-06 13:43:56 | node_22 | INFO ] Stopping node...
[ 2026-03-06 13:43:56 | ActorPool | INFO ] Shutting down pool with 1 idle actors.
[ 2026-03-06 13:43:56 | node_22 | INFO ] 🛑 Stopping gossiper...
[ 2026-03-06 13:43:56 | node_22 | INFO ] InMemoryServer stopped at node_22
[ 2026-03-06 13:43:56 | node_23 | INFO ] Stopping node...
[ 2026-03-06 13:43:56 | ActorPool | INFO ] Shutting down pool with 1 idle actors.
[ 2026-03-06 13:43:56 | node_23 | INFO ] 🛑 Stopping gossiper...
[ 2026-03-06 13:43:56 | node_23 | INFO ] InMemoryServer stopped at node_23
[ 2026-03-06 13:43:56 | node_24 | INFO ] Stopping node...
[ 2026-03-06 13:43:56 | ActorPool | INFO ] Shutting down pool with 1 idle actors.
[ 2026-03-06 13:43:56 | node_24 | INFO ] 🛑 Stopping gossiper...
[ 2026-03-06 13:43:56 | node_24 | INFO ] InMemoryServer stopped at node_24
[ 2026-03-06 13:43:56 | node_25 | INFO ] Stopping node...
[ 2026-03-06 13:43:56 | ActorPool | INFO ] Shutting down pool with 1 idle actors.
[ 2026-03-06 13:43:56 | node_25 | INFO ] 🛑 Stopping gossiper...
[ 2026-03-06 13:43:57 | node_25 | INFO ] InMemoryServer stopped at node_25
[ 2026-03-06 13:43:57 | node_26 | INFO ] Stopping node...
[ 2026-03-06 13:43:57 | ActorPool | INFO ] Shutting down pool with 1 idle actors.
[ 2026-03-06 13:43:57 | node_26 | INFO ] 🛑 Stopping gossiper...
[ 2026-03-06 13:43:57 | node_26 | INFO ] InMemoryServer stopped at node_26
[ 2026-03-06 13:43:57 | node_27 | INFO ] Stopping node...
[ 2026-03-06 13:43:57 | ActorPool | INFO ] Shutting down pool with 1 idle actors.
[ 2026-03-06 13:43:57 | node_27 | INFO ] 🛑 Stopping gossiper...
[ 2026-03-06 13:43:57 | node_27 | INFO ] InMemoryServer stopped at node_27
[ 2026-03-06 13:43:57 | node_28 | INFO ] Stopping node...
[ 2026-03-06 13:43:57 | ActorPool | INFO ] Shutting down pool with 1 idle actors.
[ 2026-03-06 13:43:57 | node_28 | INFO ] 🛑 Stopping gossiper...
[ 2026-03-06 13:43:57 | node_28 | INFO ] InMemoryServer stopped at node_28
[ 2026-03-06 13:43:57 | node_29 | INFO ] Stopping node...
[ 2026-03-06 13:43:57 | ActorPool | INFO ] Shutting down pool with 1 idle actors.
[ 2026-03-06 13:43:57 | node_29 | INFO ] 🛑 Stopping gossiper...
[ 2026-03-06 13:43:57 | node_29 | INFO ] InMemoryServer stopped at node_29
[ 2026-03-06 13:43:57 | node_30 | INFO ] Stopping node...
[ 2026-03-06 13:43:57 | ActorPool | INFO ] Shutting down pool with 1 idle actors.
[ 2026-03-06 13:43:57 | node_30 | INFO ] 🛑 Stopping gossiper...
[ 2026-03-06 13:43:57 | node_30 | INFO ] InMemoryServer stopped at node_30
[ 2026-03-06 13:43:57 | node_31 | INFO ] Stopping node...
[ 2026-03-06 13:43:57 | ActorPool | INFO ] Shutting down pool with 1 idle actors.
[ 2026-03-06 13:43:57 | node_31 | INFO ] 🛑 Stopping gossiper...
[ 2026-03-06 13:43:57 | node_31 | INFO ] InMemoryServer stopped at node_31
[ 2026-03-06 13:43:57 | node_32 | INFO ] Stopping node...
[ 2026-03-06 13:43:57 | ActorPool | INFO ] Shutting down pool with 1 idle actors.
[ 2026-03-06 13:43:57 | node_32 | INFO ] 🛑 Stopping gossiper...
[ 2026-03-06 13:43:57 | node_32 | INFO ] InMemoryServer stopped at node_32
[ 2026-03-06 13:43:57 | node_33 | INFO ] Stopping node...
[ 2026-03-06 13:43:57 | ActorPool | INFO ] Shutting down pool with 1 idle actors.
[ 2026-03-06 13:43:57 | node_33 | INFO ] 🛑 Stopping gossiper...
[ 2026-03-06 13:43:57 | node_33 | INFO ] InMemoryServer stopped at node_33
[ 2026-03-06 13:43:57 | node_34 | INFO ] Stopping node...
[ 2026-03-06 13:43:57 | ActorPool | INFO ] Shutting down pool with 1 idle actors.
[ 2026-03-06 13:43:57 | node_34 | INFO ] 🛑 Stopping gossiper...
[ 2026-03-06 13:43:57 | node_34 | INFO ] InMemoryServer stopped at node_34
[ 2026-03-06 13:43:57 | node_35 | INFO ] Stopping node...
[ 2026-03-06 13:43:57 | ActorPool | INFO ] Shutting down pool with 1 idle actors.
[ 2026-03-06 13:43:57 | node_35 | INFO ] 🛑 Stopping gossiper...
[ 2026-03-06 13:43:57 | node_35 | INFO ] InMemoryServer stopped at node_35
[ 2026-03-06 13:43:57 | node_36 | INFO ] Stopping node...
[ 2026-03-06 13:43:57 | ActorPool | INFO ] Shutting down pool with 1 idle actors.
[ 2026-03-06 13:43:57 | node_36 | INFO ] 🛑 Stopping gossiper...
[ 2026-03-06 13:43:57 | node_36 | INFO ] InMemoryServer stopped at node_36
[ 2026-03-06 13:43:57 | node_37 | INFO ] Stopping node...
[ 2026-03-06 13:43:57 | ActorPool | INFO ] Shutting down pool with 1 idle actors.
[ 2026-03-06 13:43:57 | node_37 | INFO ] 🛑 Stopping gossiper...
[ 2026-03-06 13:43:57 | node_37 | INFO ] InMemoryServer stopped at node_37
[ 2026-03-06 13:43:57 | node_38 | INFO ] Stopping node...
[ 2026-03-06 13:43:57 | ActorPool | INFO ] Shutting down pool with 1 idle actors.
[ 2026-03-06 13:43:57 | node_38 | INFO ] 🛑 Stopping gossiper...
[ 2026-03-06 13:43:57 | node_38 | INFO ] InMemoryServer stopped at node_38
[ 2026-03-06 13:43:57 | node_39 | INFO ] Stopping node...
[ 2026-03-06 13:43:57 | ActorPool | INFO ] Shutting down pool with 1 idle actors.
[ 2026-03-06 13:43:57 | node_39 | INFO ] 🛑 Stopping gossiper...
[ 2026-03-06 13:43:57 | node_39 | INFO ] InMemoryServer stopped at node_39
[ 2026-03-06 13:43:57 | node_40 | INFO ] Stopping node...
[ 2026-03-06 13:43:57 | ActorPool | INFO ] Shutting down pool with 1 idle actors.
[ 2026-03-06 13:43:57 | node_40 | INFO ] 🛑 Stopping gossiper...
[ 2026-03-06 13:43:57 | node_40 | INFO ] InMemoryServer stopped at node_40
[ 2026-03-06 13:43:57 | node_41 | INFO ] Stopping node...
[ 2026-03-06 13:43:57 | ActorPool | INFO ] Shutting down pool with 1 idle actors.
[ 2026-03-06 13:43:57 | node_41 | INFO ] 🛑 Stopping gossiper...
[ 2026-03-06 13:43:57 | node_41 | INFO ] InMemoryServer stopped at node_41
[ 2026-03-06 13:43:57 | node_42 | INFO ] Stopping node...
[ 2026-03-06 13:43:57 | ActorPool | INFO ] Shutting down pool with 1 idle actors.
[ 2026-03-06 13:43:57 | node_42 | INFO ] 🛑 Stopping gossiper...
[ 2026-03-06 13:43:57 | node_42 | INFO ] InMemoryServer stopped at node_42
[ 2026-03-06 13:43:57 | node_43 | INFO ] Stopping node...
[ 2026-03-06 13:43:57 | ActorPool | INFO ] Shutting down pool with 1 idle actors.
[ 2026-03-06 13:43:57 | node_43 | INFO ] 🛑 Stopping gossiper...
[ 2026-03-06 13:43:57 | node_43 | INFO ] InMemoryServer stopped at node_43
[ 2026-03-06 13:43:57 | node_44 | INFO ] Stopping node...
[ 2026-03-06 13:43:57 | ActorPool | INFO ] Shutting down pool with 1 idle actors.
[ 2026-03-06 13:43:57 | node_44 | INFO ] 🛑 Stopping gossiper...
[ 2026-03-06 13:43:57 | node_44 | INFO ] InMemoryServer stopped at node_44
[ 2026-03-06 13:43:57 | node_45 | INFO ] Stopping node...
[ 2026-03-06 13:43:57 | ActorPool | INFO ] Shutting down pool with 1 idle actors.
[ 2026-03-06 13:43:57 | node_45 | INFO ] 🛑 Stopping gossiper...
[ 2026-03-06 13:43:57 | node_45 | INFO ] InMemoryServer stopped at node_45
[ 2026-03-06 13:43:57 | node_46 | INFO ] Stopping node...
[ 2026-03-06 13:43:57 | ActorPool | INFO ] Shutting down pool with 1 idle actors.
[ 2026-03-06 13:43:57 | node_46 | INFO ] 🛑 Stopping gossiper...
[ 2026-03-06 13:43:57 | node_46 | INFO ] InMemoryServer stopped at node_46
[ 2026-03-06 13:43:57 | node_47 | INFO ] Stopping node...
[ 2026-03-06 13:43:57 | ActorPool | INFO ] Shutting down pool with 1 idle actors.
[ 2026-03-06 13:43:57 | node_47 | INFO ] 🛑 Stopping gossiper...
[ 2026-03-06 13:43:57 | node_47 | INFO ] InMemoryServer stopped at node_47
[ 2026-03-06 13:43:57 | node_48 | INFO ] Stopping node...
[ 2026-03-06 13:43:57 | ActorPool | INFO ] Shutting down pool with 1 idle actors.
[ 2026-03-06 13:43:57 | node_48 | INFO ] 🛑 Stopping gossiper...
[ 2026-03-06 13:43:57 | node_48 | INFO ] InMemoryServer stopped at node_48
[ 2026-03-06 13:43:57 | node_49 | INFO ] Stopping node...
[ 2026-03-06 13:43:57 | ActorPool | INFO ] Shutting down pool with 1 idle actors.
[ 2026-03-06 13:43:57 | node_49 | INFO ] 🛑 Stopping gossiper...
[ 2026-03-06 13:43:57 | node_49 | INFO ] InMemoryServer stopped at node_49
[ 2026-03-06 13:43:57 | None | INFO ] 🌙 Shutting down Ray cluster...
