[ 2026-04-18 07:37:13 | None | INFO ] Created experiment folder: /home/thaihoa_hn120/p2pfl/experiments/p2pfl_MNIST_DirichletPartitionStrategy_DFedAdp_model_build_fn_20260418_073713 and copied 01_mnist_dirichlet_0.1_original.yaml
[ 2026-04-18 07:37:13 | None | INFO ] Set simulation heartbeat: timeout=99999s, period=10s
[ 2026-04-18 07:37:16 | node | INFO ] InMemoryServer started at node
[ 2026-04-18 07:37:16 | node | INFO ] 🏁 Starting gossiper...
[ 2026-04-18 07:37:16 | None | INFO ] 🚀 Created 0/20 nodes, waiting 1.00s for CPU to breathe...
[ 2026-04-18 07:37:17 | node_1 | INFO ] InMemoryServer started at node_1
[ 2026-04-18 07:37:17 | node_1 | INFO ] 🏁 Starting gossiper...
[ 2026-04-18 07:37:18 | node_2 | INFO ] InMemoryServer started at node_2
[ 2026-04-18 07:37:18 | node_2 | INFO ] 🏁 Starting gossiper...
[ 2026-04-18 07:37:19 | node_3 | INFO ] InMemoryServer started at node_3
[ 2026-04-18 07:37:19 | node_3 | INFO ] 🏁 Starting gossiper...
[ 2026-04-18 07:37:21 | node_4 | INFO ] InMemoryServer started at node_4
[ 2026-04-18 07:37:21 | node_4 | INFO ] 🏁 Starting gossiper...
[ 2026-04-18 07:37:22 | node_5 | INFO ] InMemoryServer started at node_5
[ 2026-04-18 07:37:22 | node_5 | INFO ] 🏁 Starting gossiper...
[ 2026-04-18 07:37:22 | None | INFO ] 🚀 Created 5/20 nodes, waiting 1.50s for CPU to breathe...
[ 2026-04-18 07:37:23 | node_6 | INFO ] InMemoryServer started at node_6
[ 2026-04-18 07:37:23 | node_6 | INFO ] 🏁 Starting gossiper...
[ 2026-04-18 07:37:25 | node_7 | INFO ] InMemoryServer started at node_7
[ 2026-04-18 07:37:25 | node_7 | INFO ] 🏁 Starting gossiper...
[ 2026-04-18 07:37:27 | node_8 | INFO ] InMemoryServer started at node_8
[ 2026-04-18 07:37:27 | node_8 | INFO ] 🏁 Starting gossiper...
[ 2026-04-18 07:37:29 | node_9 | INFO ] InMemoryServer started at node_9
[ 2026-04-18 07:37:29 | node_9 | INFO ] 🏁 Starting gossiper...
[ 2026-04-18 07:37:31 | node_10 | INFO ] InMemoryServer started at node_10
[ 2026-04-18 07:37:31 | node_10 | INFO ] 🏁 Starting gossiper...
[ 2026-04-18 07:37:31 | None | INFO ] 🚀 Created 10/20 nodes, waiting 2.00s for CPU to breathe...
[ 2026-04-18 07:37:33 | node_11 | INFO ] InMemoryServer started at node_11
[ 2026-04-18 07:37:33 | node_11 | INFO ] 🏁 Starting gossiper...
[ 2026-04-18 07:37:35 | node_12 | INFO ] InMemoryServer started at node_12
[ 2026-04-18 07:37:35 | node_12 | INFO ] 🏁 Starting gossiper...
[ 2026-04-18 07:37:37 | node_13 | INFO ] InMemoryServer started at node_13
[ 2026-04-18 07:37:37 | node_13 | INFO ] 🏁 Starting gossiper...
[ 2026-04-18 07:37:39 | node_14 | INFO ] InMemoryServer started at node_14
[ 2026-04-18 07:37:39 | node_14 | INFO ] 🏁 Starting gossiper...
[ 2026-04-18 07:37:42 | node_15 | INFO ] InMemoryServer started at node_15
[ 2026-04-18 07:37:42 | node_15 | INFO ] 🏁 Starting gossiper...
[ 2026-04-18 07:37:42 | None | INFO ] 🚀 Created 15/20 nodes, waiting 2.50s for CPU to breathe...
[ 2026-04-18 07:37:44 | node_16 | INFO ] InMemoryServer started at node_16
[ 2026-04-18 07:37:44 | node_16 | INFO ] 🏁 Starting gossiper...
[ 2026-04-18 07:37:47 | node_17 | INFO ] InMemoryServer started at node_17
[ 2026-04-18 07:37:47 | node_17 | INFO ] 🏁 Starting gossiper...
[ 2026-04-18 07:37:50 | node_18 | INFO ] InMemoryServer started at node_18
[ 2026-04-18 07:37:50 | node_18 | INFO ] 🏁 Starting gossiper...
[ 2026-04-18 07:37:52 | node_19 | INFO ] InMemoryServer started at node_19
[ 2026-04-18 07:37:52 | node_19 | INFO ] 🏁 Starting gossiper...
[ 2026-04-18 07:37:55 |  | INFO ] Connected nodes node and node_4
[ 2026-04-18 07:37:55 |  | INFO ] Connected nodes node and node_7
[ 2026-04-18 07:37:55 |  | INFO ] Connected nodes node and node_8
[ 2026-04-18 07:37:55 |  | INFO ] Connected nodes node and node_12
[ 2026-04-18 07:37:55 |  | INFO ] Connected nodes node and node_14
[ 2026-04-18 07:37:55 |  | INFO ] Connected nodes node and node_16
[ 2026-04-18 07:37:55 |  | INFO ] Connected nodes node and node_18
[ 2026-04-18 07:37:55 |  | INFO ] Connected nodes node_1 and node_2
[ 2026-04-18 07:37:55 |  | INFO ] Connected nodes node_1 and node_6
[ 2026-04-18 07:37:55 |  | INFO ] Connected nodes node_1 and node_7
[ 2026-04-18 07:37:55 |  | INFO ] Connected nodes node_1 and node_11
[ 2026-04-18 07:37:55 |  | INFO ] Connected nodes node_1 and node_13
[ 2026-04-18 07:37:55 |  | INFO ] Connected nodes node_1 and node_14
[ 2026-04-18 07:37:55 |  | INFO ] Connected nodes node_1 and node_15
[ 2026-04-18 07:37:55 |  | INFO ] Connected nodes node_1 and node_16
[ 2026-04-18 07:37:55 |  | INFO ] Connected nodes node_1 and node_18
[ 2026-04-18 07:37:55 |  | INFO ] Connected nodes node_2 and node_3
[ 2026-04-18 07:37:55 |  | INFO ] Connected nodes node_2 and node_4
[ 2026-04-18 07:37:55 |  | INFO ] Connected nodes node_2 and node_11
[ 2026-04-18 07:37:55 |  | INFO ] Connected nodes node_2 and node_12
[ 2026-04-18 07:37:55 |  | INFO ] Connected nodes node_2 and node_13
[ 2026-04-18 07:37:55 |  | INFO ] Connected nodes node_2 and node_14
[ 2026-04-18 07:37:55 |  | INFO ] Connected nodes node_2 and node_15
[ 2026-04-18 07:37:55 |  | INFO ] Connected nodes node_3 and node_6
[ 2026-04-18 07:37:55 |  | INFO ] Connected nodes node_3 and node_8
[ 2026-04-18 07:37:55 |  | INFO ] Connected nodes node_3 and node_11
[ 2026-04-18 07:37:55 |  | INFO ] Connected nodes node_3 and node_14
[ 2026-04-18 07:37:55 |  | INFO ] Connected nodes node_3 and node_15
[ 2026-04-18 07:37:55 |  | INFO ] Connected nodes node_3 and node_16
[ 2026-04-18 07:37:55 |  | INFO ] Connected nodes node_4 and node_5
[ 2026-04-18 07:37:55 |  | INFO ] Connected nodes node_4 and node_11
[ 2026-04-18 07:37:55 |  | INFO ] Connected nodes node_4 and node_17
[ 2026-04-18 07:37:55 |  | INFO ] Connected nodes node_4 and node_18
[ 2026-04-18 07:37:55 |  | INFO ] Connected nodes node_4 and node_19
[ 2026-04-18 07:37:55 |  | INFO ] Connected nodes node_5 and node_6
[ 2026-04-18 07:37:55 |  | INFO ] Connected nodes node_5 and node_11
[ 2026-04-18 07:37:55 |  | INFO ] Connected nodes node_5 and node_12
[ 2026-04-18 07:37:55 |  | INFO ] Connected nodes node_5 and node_13
[ 2026-04-18 07:37:55 |  | INFO ] Connected nodes node_5 and node_14
[ 2026-04-18 07:37:55 |  | INFO ] Connected nodes node_5 and node_19
[ 2026-04-18 07:37:55 |  | INFO ] Connected nodes node_6 and node_9
[ 2026-04-18 07:37:55 |  | INFO ] Connected nodes node_6 and node_10
[ 2026-04-18 07:37:55 |  | INFO ] Connected nodes node_6 and node_12
[ 2026-04-18 07:37:55 |  | INFO ] Connected nodes node_6 and node_13
[ 2026-04-18 07:37:55 |  | INFO ] Connected nodes node_6 and node_14
[ 2026-04-18 07:37:55 |  | INFO ] Connected nodes node_6 and node_15
[ 2026-04-18 07:37:55 |  | INFO ] Connected nodes node_6 and node_17
[ 2026-04-18 07:37:55 |  | INFO ] Connected nodes node_6 and node_18
[ 2026-04-18 07:37:55 |  | INFO ] Connected nodes node_7 and node_8
[ 2026-04-18 07:37:55 |  | INFO ] Connected nodes node_7 and node_9
[ 2026-04-18 07:37:55 |  | INFO ] Connected nodes node_7 and node_12
[ 2026-04-18 07:37:55 |  | INFO ] Connected nodes node_7 and node_13
[ 2026-04-18 07:37:55 |  | INFO ] Connected nodes node_7 and node_15
[ 2026-04-18 07:37:55 |  | INFO ] Connected nodes node_8 and node_10
[ 2026-04-18 07:37:55 |  | INFO ] Connected nodes node_8 and node_11
[ 2026-04-18 07:37:55 |  | INFO ] Connected nodes node_8 and node_14
[ 2026-04-18 07:37:55 |  | INFO ] Connected nodes node_8 and node_15
[ 2026-04-18 07:37:55 |  | INFO ] Connected nodes node_8 and node_17
[ 2026-04-18 07:37:55 |  | INFO ] Connected nodes node_8 and node_18
[ 2026-04-18 07:37:55 |  | INFO ] Connected nodes node_8 and node_19
[ 2026-04-18 07:37:55 |  | INFO ] Connected nodes node_9 and node_10
[ 2026-04-18 07:37:55 |  | INFO ] Connected nodes node_9 and node_13
[ 2026-04-18 07:37:55 |  | INFO ] Connected nodes node_9 and node_16
[ 2026-04-18 07:37:55 |  | INFO ] Connected nodes node_9 and node_17
[ 2026-04-18 07:37:55 |  | INFO ] Connected nodes node_9 and node_18
[ 2026-04-18 07:37:55 |  | INFO ] Connected nodes node_10 and node_12
[ 2026-04-18 07:37:55 |  | INFO ] Connected nodes node_10 and node_16
[ 2026-04-18 07:37:55 |  | INFO ] Connected nodes node_10 and node_19
[ 2026-04-18 07:37:55 |  | INFO ] Connected nodes node_11 and node_12
[ 2026-04-18 07:37:55 |  | INFO ] Connected nodes node_12 and node_14
[ 2026-04-18 07:37:55 |  | INFO ] Connected nodes node_12 and node_15
[ 2026-04-18 07:37:55 |  | INFO ] Connected nodes node_12 and node_17
[ 2026-04-18 07:37:55 |  | INFO ] Connected nodes node_12 and node_18
[ 2026-04-18 07:37:55 |  | INFO ] Connected nodes node_13 and node_17
[ 2026-04-18 07:37:55 |  | INFO ] Connected nodes node_13 and node_18
[ 2026-04-18 07:37:55 |  | INFO ] Connected nodes node_14 and node_16
[ 2026-04-18 07:37:55 |  | INFO ] Connected nodes node_14 and node_17
[ 2026-04-18 07:37:55 |  | INFO ] Connected nodes node_15 and node_19
[ 2026-04-18 07:37:55 |  | INFO ] Connected nodes node_16 and node_19
[ 2026-04-18 07:37:55 |  | INFO ] Connected nodes node_17 and node_18
[ 2026-04-18 07:37:55 | None | INFO ] 📡 Performing global simulation discovery for 20 nodes...
[ 2026-04-18 07:37:55 | None | INFO ] ⌛ Waiting for direct topology connections (6-11 per node)...
[ 2026-04-18 07:37:55 | None | INFO ] ✅ Network topology ready.
[ 2026-04-18 07:37:55 | node | INFO ] 🚀 Broadcasting start learning to 20 nodes...
[ 2026-04-18 07:37:55 | node_4 | INFO ] 🔍 Neighbors found: ['node', 'node_2', 'node_5', 'node_11', 'node_17', 'node_18', 'node_19'] | Degree: 7
[ 2026-04-18 07:37:55 | node_7 | INFO ] 🔍 Neighbors found: ['node', 'node_1', 'node_8', 'node_9', 'node_12', 'node_13', 'node_15'] | Degree: 7
[ 2026-04-18 07:37:55 | node_4 | INFO ] ⏳ Waiting initialization.
[ 2026-04-18 07:37:55 | node_8 | INFO ] 🔍 Neighbors found: ['node', 'node_3', 'node_7', 'node_10', 'node_11', 'node_14', 'node_15', 'node_17', 'node_18', 'node_19'] | Degree: 10
[ 2026-04-18 07:37:55 | node_7 | INFO ] ⏳ Waiting initialization.
[ 2026-04-18 07:37:55 | node_12 | INFO ] 🔍 Neighbors found: ['node', 'node_2', 'node_5', 'node_6', 'node_7', 'node_10', 'node_11', 'node_14', 'node_15', 'node_17', 'node_18'] | Degree: 11
[ 2026-04-18 07:37:55 | node_8 | INFO ] ⏳ Waiting initialization.
[ 2026-04-18 07:37:55 | node_14 | INFO ] 🔍 Neighbors found: ['node', 'node_1', 'node_2', 'node_3', 'node_5', 'node_6', 'node_8', 'node_12', 'node_16', 'node_17'] | Degree: 10
[ 2026-04-18 07:37:55 | node_12 | INFO ] ⏳ Waiting initialization.
[ 2026-04-18 07:37:55 | node_16 | INFO ] 🔍 Neighbors found: ['node', 'node_1', 'node_3', 'node_9', 'node_10', 'node_14', 'node_19'] | Degree: 7
[ 2026-04-18 07:37:55 | node_14 | INFO ] ⏳ Waiting initialization.
[ 2026-04-18 07:37:55 | node_18 | INFO ] 🔍 Neighbors found: ['node', 'node_1', 'node_4', 'node_6', 'node_8', 'node_9', 'node_12', 'node_13', 'node_17'] | Degree: 9
[ 2026-04-18 07:37:55 | node_16 | INFO ] ⏳ Waiting initialization.
[ 2026-04-18 07:37:55 | node_18 | INFO ] ⏳ Waiting initialization.
[ 2026-04-18 07:37:55 | node | INFO ] 🔍 Neighbors found: ['node_4', 'node_7', 'node_8', 'node_12', 'node_14', 'node_16', 'node_18'] | Degree: 7
[ 2026-04-18 07:37:55 | node | INFO ] ⏳ Waiting initialization.
[ 2026-04-18 07:37:55 | node | INFO ] 🗣️ Gossiping model initialization.
[ 2026-04-18 07:37:56 | node_1 | INFO ] 🔍 Neighbors found: ['node_2', 'node_6', 'node_7', 'node_11', 'node_13', 'node_14', 'node_15', 'node_16', 'node_18'] | Degree: 9
[ 2026-04-18 07:37:56 | node_6 | INFO ] 🔍 Neighbors found: ['node_1', 'node_3', 'node_5', 'node_9', 'node_10', 'node_12', 'node_13', 'node_14', 'node_15', 'node_17', 'node_18'] | Degree: 11
[ 2026-04-18 07:37:56 | node_1 | INFO ] ⏳ Waiting initialization.
[ 2026-04-18 07:37:56 | node_9 | INFO ] 🔍 Neighbors found: ['node_6', 'node_7', 'node_10', 'node_13', 'node_16', 'node_17', 'node_18'] | Degree: 7
[ 2026-04-18 07:37:56 | node_6 | INFO ] ⏳ Waiting initialization.
[ 2026-04-18 07:37:56 | node_13 | INFO ] 🔍 Neighbors found: ['node_1', 'node_2', 'node_5', 'node_6', 'node_7', 'node_9', 'node_17', 'node_18'] | Degree: 8
[ 2026-04-18 07:37:56 | node_9 | INFO ] ⏳ Waiting initialization.
[ 2026-04-18 07:37:56 | node_17 | INFO ] 🔍 Neighbors found: ['node_4', 'node_6', 'node_8', 'node_9', 'node_12', 'node_13', 'node_14', 'node_18'] | Degree: 8
[ 2026-04-18 07:37:56 | node_13 | INFO ] ⏳ Waiting initialization.
[ 2026-04-18 07:37:56 | node_17 | INFO ] ⏳ Waiting initialization.
[ 2026-04-18 07:37:56 | node_2 | INFO ] 🔍 Neighbors found: ['node_1', 'node_3', 'node_4', 'node_11', 'node_12', 'node_13', 'node_14', 'node_15'] | Degree: 8
[ 2026-04-18 07:37:56 | node_5 | INFO ] 🔍 Neighbors found: ['node_4', 'node_6', 'node_11', 'node_12', 'node_13', 'node_14', 'node_19'] | Degree: 7
[ 2026-04-18 07:37:56 | node_2 | INFO ] ⏳ Waiting initialization.
[ 2026-04-18 07:37:56 | node_11 | INFO ] 🔍 Neighbors found: ['node_1', 'node_2', 'node_3', 'node_4', 'node_5', 'node_8', 'node_12'] | Degree: 7
[ 2026-04-18 07:37:56 | node_5 | INFO ] ⏳ Waiting initialization.
[ 2026-04-18 07:37:56 | node_11 | INFO ] ⏳ Waiting initialization.
[ 2026-04-18 07:37:56 | node_19 | INFO ] 🔍 Neighbors found: ['node_4', 'node_5', 'node_8', 'node_10', 'node_15', 'node_16'] | Degree: 6
[ 2026-04-18 07:37:56 | node_19 | INFO ] ⏳ Waiting initialization.
[ 2026-04-18 07:37:56 | node_3 | INFO ] 🔍 Neighbors found: ['node_2', 'node_6', 'node_8', 'node_11', 'node_14', 'node_15', 'node_16'] | Degree: 7
[ 2026-04-18 07:37:56 | node_3 | INFO ] ⏳ Waiting initialization.
[ 2026-04-18 07:37:56 | node_15 | INFO ] 🔍 Neighbors found: ['node_1', 'node_2', 'node_3', 'node_6', 'node_7', 'node_8', 'node_12', 'node_19'] | Degree: 8
[ 2026-04-18 07:37:56 | node_15 | INFO ] ⏳ Waiting initialization.
[ 2026-04-18 07:37:56 | node_10 | INFO ] 🔍 Neighbors found: ['node_6', 'node_8', 'node_9', 'node_12', 'node_16', 'node_19'] | Degree: 6
[ 2026-04-18 07:37:56 | node_10 | INFO ] ⏳ Waiting initialization.
[ 2026-04-18 07:37:57 | node_7 | INFO ] 🗣️ Gossiping model initialization.
[ 2026-04-18 07:37:57 | node_14 | INFO ] 🗣️ Gossiping model initialization.
[ 2026-04-18 07:37:58 | node_1 | INFO ] 🗣️ Gossiping model initialization.
[ 2026-04-18 07:37:58 | node_4 | INFO ] 🗣️ Gossiping model initialization.
[ 2026-04-18 07:37:58 | node_15 | INFO ] 🗣️ Gossiping model initialization.
[ 2026-04-18 07:37:58 | node_5 | INFO ] 🗣️ Gossiping model initialization.
[ 2026-04-18 07:37:58 | node_12 | INFO ] 🗣️ Gossiping model initialization.
[ 2026-04-18 07:37:59 | node_11 | INFO ] 🗣️ Gossiping model initialization.
[ 2026-04-18 07:37:59 | node_16 | INFO ] 🗣️ Gossiping model initialization.
[ 2026-04-18 07:37:59 | node_6 | INFO ] 🗣️ Gossiping model initialization.
[ 2026-04-18 07:37:59 | node_2 | INFO ] 🗣️ Gossiping model initialization.
[ 2026-04-18 07:37:59 | node_9 | INFO ] 🗣️ Gossiping model initialization.
[ 2026-04-18 07:37:59 | node_8 | INFO ] 🗣️ Gossiping model initialization.
[ 2026-04-18 07:37:59 | node_19 | INFO ] 🗣️ Gossiping model initialization.
[ 2026-04-18 07:37:59 | node_17 | INFO ] 🗣️ Gossiping model initialization.
[ 2026-04-18 07:37:59 | node_13 | INFO ] 🗣️ Gossiping model initialization.
[ 2026-04-18 07:37:59 | node_18 | INFO ] 🗣️ Gossiping model initialization.
[ 2026-04-18 07:38:00 | node_2 | INFO ] 🤫 Gossip finished.
[ 2026-04-18 07:38:00 | node | INFO ] 🤫 Gossip finished.
[ 2026-04-18 07:38:00 | node_8 | INFO ] 🤫 Gossip finished.
[ 2026-04-18 07:38:00 | node_3 | INFO ] 🗣️ Gossiping model initialization.
[ 2026-04-18 07:38:00 | node_17 | INFO ] 🤫 Gossip finished.
[ 2026-04-18 07:38:00 | node_13 | INFO ] 🤫 Gossip finished.
[ 2026-04-18 07:38:00 | node_14 | INFO ] 🤫 Gossip finished.
[ 2026-04-18 07:38:00 | node_18 | INFO ] 🤫 Gossip finished.
[ 2026-04-18 07:38:00 | node_10 | INFO ] 🗣️ Gossiping model initialization.
[ 2026-04-18 07:38:00 | node_1 | INFO ] 🤫 Gossip finished.
[ 2026-04-18 07:38:00 | node_7 | INFO ] 🤫 Gossip finished.
[ 2026-04-18 07:38:00 | node_5 | INFO ] 🤫 Gossip finished.
[ 2026-04-18 07:38:00 | node_4 | INFO ] 🤫 Gossip finished.
[ 2026-04-18 07:38:01 | node_11 | INFO ] 🤫 Gossip finished.
[ 2026-04-18 07:38:01 | node_15 | INFO ] 🤫 Gossip finished.
[ 2026-04-18 07:38:01 | node_9 | INFO ] 🤫 Gossip finished.
[ 2026-04-18 07:38:01 | node_3 | INFO ] 🤫 Gossip finished.
[ 2026-04-18 07:38:01 | node_12 | INFO ] 🤫 Gossip finished.
[ 2026-04-18 07:38:01 | node_10 | INFO ] 🤫 Gossip finished.
[ 2026-04-18 07:38:01 | node_6 | INFO ] 🤫 Gossip finished.
[ 2026-04-18 07:38:01 | node_16 | INFO ] 🤫 Gossip finished.
[ 2026-04-18 07:38:01 | node_19 | INFO ] 🤫 Gossip finished.
[ 2026-04-18 07:40:55 | node_4 | INFO ] 🚂 Train set of 20 nodes (all available nodes): ['node', 'node_2', 'node_5', 'node_11', 'node_17', 'node_18', 'node_19', 'node_1', 'node_3', 'node_6', 'node_7', 'node_8', 'node_9', 'node_10', 'node_12', 'node_13', 'node_14', 'node_15', 'node_16', 'node_4']
[ 2026-04-18 07:40:55 | node_4 | INFO ] 🏋️‍♀️ Preparing training...
[ 2026-04-18 07:40:55 | node_7 | INFO ] 🚂 Train set of 20 nodes (all available nodes): ['node', 'node_1', 'node_8', 'node_9', 'node_12', 'node_13', 'node_15', 'node_2', 'node_3', 'node_4', 'node_5', 'node_6', 'node_10', 'node_11', 'node_14', 'node_16', 'node_17', 'node_18', 'node_19', 'node_7']
[ 2026-04-18 07:40:55 | node_8 | INFO ] 🚂 Train set of 20 nodes (all available nodes): ['node', 'node_3', 'node_7', 'node_10', 'node_11', 'node_14', 'node_15', 'node_17', 'node_18', 'node_19', 'node_1', 'node_2', 'node_4', 'node_5', 'node_6', 'node_9', 'node_12', 'node_13', 'node_16', 'node_8']
[ 2026-04-18 07:40:55 | node_7 | INFO ] 🏋️‍♀️ Preparing training...
[ 2026-04-18 07:40:55 | node_12 | INFO ] 🚂 Train set of 20 nodes (all available nodes): ['node', 'node_2', 'node_5', 'node_6', 'node_7', 'node_10', 'node_11', 'node_14', 'node_15', 'node_17', 'node_18', 'node_1', 'node_3', 'node_4', 'node_8', 'node_9', 'node_13', 'node_16', 'node_19', 'node_12']
[ 2026-04-18 07:40:55 | node_14 | INFO ] 🚂 Train set of 20 nodes (all available nodes): ['node', 'node_1', 'node_2', 'node_3', 'node_5', 'node_6', 'node_8', 'node_12', 'node_16', 'node_17', 'node_4', 'node_7', 'node_9', 'node_10', 'node_11', 'node_13', 'node_15', 'node_18', 'node_19', 'node_14']
[ 2026-04-18 07:40:55 | node_8 | INFO ] 🏋️‍♀️ Preparing training...
[ 2026-04-18 07:40:55 | node_12 | INFO ] 🏋️‍♀️ Preparing training...
[ 2026-04-18 07:40:55 | node_16 | INFO ] 🚂 Train set of 20 nodes (all available nodes): ['node', 'node_1', 'node_3', 'node_9', 'node_10', 'node_14', 'node_19', 'node_2', 'node_4', 'node_5', 'node_6', 'node_7', 'node_8', 'node_11', 'node_12', 'node_13', 'node_15', 'node_17', 'node_18', 'node_16']
[ 2026-04-18 07:40:55 | node_18 | INFO ] 🚂 Train set of 20 nodes (all available nodes): ['node', 'node_1', 'node_4', 'node_6', 'node_8', 'node_9', 'node_12', 'node_13', 'node_17', 'node_2', 'node_3', 'node_5', 'node_7', 'node_10', 'node_11', 'node_14', 'node_15', 'node_16', 'node_19', 'node_18']
[ 2026-04-18 07:40:55 | node_14 | INFO ] 🏋️‍♀️ Preparing training...
[ 2026-04-18 07:40:55 | node_16 | INFO ] 🏋️‍♀️ Preparing training...
[ 2026-04-18 07:40:55 | node_18 | INFO ] 🏋️‍♀️ Preparing training...
[ 2026-04-18 07:40:55 | node | INFO ] 🚂 Train set of 20 nodes (all available nodes): ['node_4', 'node_7', 'node_8', 'node_12', 'node_14', 'node_16', 'node_18', 'node_1', 'node_2', 'node_3', 'node_5', 'node_6', 'node_9', 'node_10', 'node_11', 'node_13', 'node_15', 'node_17', 'node_19', 'node']
[ 2026-04-18 07:40:55 | node | INFO ] 🏋️‍♀️ Preparing training...
[ 2026-04-18 07:40:56 | node_1 | INFO ] 🚂 Train set of 20 nodes (all available nodes): ['node_2', 'node_6', 'node_7', 'node_11', 'node_13', 'node_14', 'node_15', 'node_16', 'node_18', 'node', 'node_3', 'node_4', 'node_5', 'node_8', 'node_9', 'node_10', 'node_12', 'node_17', 'node_19', 'node_1']
[ 2026-04-18 07:40:56 | node_1 | INFO ] 🏋️‍♀️ Preparing training...
[ 2026-04-18 07:40:56 | node_6 | INFO ] 🚂 Train set of 20 nodes (all available nodes): ['node_1', 'node_3', 'node_5', 'node_9', 'node_10', 'node_12', 'node_13', 'node_14', 'node_15', 'node_17', 'node_18', 'node', 'node_2', 'node_4', 'node_7', 'node_8', 'node_11', 'node_16', 'node_19', 'node_6']
[ 2026-04-18 07:40:56 | node_9 | INFO ] 🚂 Train set of 20 nodes (all available nodes): ['node_6', 'node_7', 'node_10', 'node_13', 'node_16', 'node_17', 'node_18', 'node', 'node_1', 'node_2', 'node_3', 'node_4', 'node_5', 'node_8', 'node_11', 'node_12', 'node_14', 'node_15', 'node_19', 'node_9']
[ 2026-04-18 07:40:56 | node_6 | INFO ] 🏋️‍♀️ Preparing training...
[ 2026-04-18 07:40:56 | node_9 | INFO ] 🏋️‍♀️ Preparing training...
[ 2026-04-18 07:40:56 | node_17 | INFO ] 🚂 Train set of 20 nodes (all available nodes): ['node_4', 'node_6', 'node_8', 'node_9', 'node_12', 'node_13', 'node_14', 'node_18', 'node', 'node_1', 'node_2', 'node_3', 'node_5', 'node_7', 'node_10', 'node_11', 'node_15', 'node_16', 'node_19', 'node_17']
[ 2026-04-18 07:40:56 | node_13 | INFO ] 🚂 Train set of 20 nodes (all available nodes): ['node_1', 'node_2', 'node_5', 'node_6', 'node_7', 'node_9', 'node_17', 'node_18', 'node', 'node_3', 'node_4', 'node_8', 'node_10', 'node_11', 'node_12', 'node_14', 'node_15', 'node_16', 'node_19', 'node_13']
[ 2026-04-18 07:40:56 | node_13 | INFO ] 🏋️‍♀️ Preparing training...
[ 2026-04-18 07:40:56 | node_2 | INFO ] 🚂 Train set of 20 nodes (all available nodes): ['node_1', 'node_3', 'node_4', 'node_11', 'node_12', 'node_13', 'node_14', 'node_15', 'node', 'node_5', 'node_6', 'node_7', 'node_8', 'node_9', 'node_10', 'node_16', 'node_17', 'node_18', 'node_19', 'node_2']
[ 2026-04-18 07:40:56 | node_5 | INFO ] 🚂 Train set of 20 nodes (all available nodes): ['node_4', 'node_6', 'node_11', 'node_12', 'node_13', 'node_14', 'node_19', 'node', 'node_1', 'node_2', 'node_3', 'node_7', 'node_8', 'node_9', 'node_10', 'node_15', 'node_16', 'node_17', 'node_18', 'node_5']
[ 2026-04-18 07:40:56 | node_11 | INFO ] 🚂 Train set of 20 nodes (all available nodes): ['node_1', 'node_2', 'node_3', 'node_4', 'node_5', 'node_8', 'node_12', 'node', 'node_6', 'node_7', 'node_9', 'node_10', 'node_13', 'node_14', 'node_15', 'node_16', 'node_17', 'node_18', 'node_19', 'node_11']
[ 2026-04-18 07:40:56 | node_2 | INFO ] 🏋️‍♀️ Preparing training...
[ 2026-04-18 07:40:56 | node_17 | INFO ] 🏋️‍♀️ Preparing training...
[ 2026-04-18 07:40:56 | node_5 | INFO ] 🏋️‍♀️ Preparing training...
[ 2026-04-18 07:40:56 | node_11 | INFO ] 🏋️‍♀️ Preparing training...
[ 2026-04-18 07:40:56 | node_19 | INFO ] 🚂 Train set of 20 nodes (all available nodes): ['node_4', 'node_5', 'node_8', 'node_10', 'node_15', 'node_16', 'node', 'node_1', 'node_2', 'node_3', 'node_6', 'node_7', 'node_9', 'node_11', 'node_12', 'node_13', 'node_14', 'node_17', 'node_18', 'node_19']
[ 2026-04-18 07:40:56 | node_3 | INFO ] 🚂 Train set of 20 nodes (all available nodes): ['node_2', 'node_6', 'node_8', 'node_11', 'node_14', 'node_15', 'node_16', 'node', 'node_1', 'node_4', 'node_5', 'node_7', 'node_9', 'node_10', 'node_12', 'node_13', 'node_17', 'node_18', 'node_19', 'node_3']
[ 2026-04-18 07:40:56 | node_19 | INFO ] 🏋️‍♀️ Preparing training...
[ 2026-04-18 07:40:56 | node_3 | INFO ] 🏋️‍♀️ Preparing training...
[ 2026-04-18 07:40:56 | node_15 | INFO ] 🚂 Train set of 20 nodes (all available nodes): ['node_1', 'node_2', 'node_3', 'node_6', 'node_7', 'node_8', 'node_12', 'node_19', 'node', 'node_4', 'node_5', 'node_9', 'node_10', 'node_11', 'node_13', 'node_14', 'node_16', 'node_17', 'node_18', 'node_15']
[ 2026-04-18 07:40:56 | node_15 | INFO ] 🏋️‍♀️ Preparing training...
[ 2026-04-18 07:40:56 | node_10 | INFO ] 🚂 Train set of 20 nodes (all available nodes): ['node_6', 'node_8', 'node_9', 'node_12', 'node_16', 'node_19', 'node', 'node_1', 'node_2', 'node_3', 'node_4', 'node_5', 'node_7', 'node_11', 'node_13', 'node_14', 'node_15', 'node_17', 'node_18', 'node_10']
[ 2026-04-18 07:40:56 | node_10 | INFO ] 🏋️‍♀️ Preparing training...
[ 2026-04-18 07:40:57 | node_7 | INFO ] 🎓 Training step done.
[ 2026-04-18 07:40:57 | node_7 | INFO ] 🛠️ Calling force_add_local_model...
[ 2026-04-18 07:40:57 | node_13 | INFO ] 🎓 Training step done.
[ 2026-04-18 07:40:57 | node_7 | INFO ] ✅ [FORCE] Local model added for round 0. (1/8)
[ 2026-04-18 07:40:57 | node_13 | INFO ] 🛠️ Calling force_add_local_model...
[ 2026-04-18 07:40:57 | node_13 | INFO ] ✅ [FORCE] Local model added for round 0. (1/9)
[ 2026-04-18 07:40:57 | node_3 | INFO ] 🎓 Training step done.
[ 2026-04-18 07:40:57 | node_3 | INFO ] 🛠️ Calling force_add_local_model...
[ 2026-04-18 07:40:57 | node_3 | INFO ] ✅ [FORCE] Local model added for round 0. (1/8)
[ 2026-04-18 07:40:57 | node_4 | INFO ] 🎓 Training step done.
[ 2026-04-18 07:40:57 | node_4 | INFO ] 🛠️ Calling force_add_local_model...
[ 2026-04-18 07:40:57 | node_4 | INFO ] ✅ [FORCE] Local model added for round 0. (1/8)
[ 2026-04-18 07:40:58 | node_9 | INFO ] 🎓 Training step done.
[ 2026-04-18 07:40:58 | node_9 | INFO ] 🛠️ Calling force_add_local_model...
[ 2026-04-18 07:40:58 | node_9 | INFO ] ✅ [FORCE] Local model added for round 0. (1/8)
[ 2026-04-18 07:40:58 | node | INFO ] 🎓 Training step done.
[ 2026-04-18 07:40:58 | node | INFO ] 🛠️ Calling force_add_local_model...
[ 2026-04-18 07:40:58 | node | INFO ] ✅ [FORCE] Local model added for round 0. (1/8)
[ 2026-04-18 07:40:58 | node_11 | INFO ] 🎓 Training step done.
[ 2026-04-18 07:40:58 | node_11 | INFO ] 🛠️ Calling force_add_local_model...
[ 2026-04-18 07:40:58 | node_11 | INFO ] ✅ [FORCE] Local model added for round 0. (1/8)
[ 2026-04-18 07:40:58 | node_17 | INFO ] 🎓 Training step done.
[ 2026-04-18 07:40:58 | node_17 | INFO ] 🛠️ Calling force_add_local_model...
[ 2026-04-18 07:40:58 | node_17 | INFO ] ✅ [FORCE] Local model added for round 0. (1/9)
[ 2026-04-18 07:40:58 | node_19 | INFO ] 🎓 Training step done.
[ 2026-04-18 07:40:58 | node_19 | INFO ] 🛠️ Calling force_add_local_model...
[ 2026-04-18 07:40:58 | node_19 | INFO ] ✅ [FORCE] Local model added for round 0. (1/7)
[ 2026-04-18 07:40:58 | node_16 | INFO ] 🎓 Training step done.
[ 2026-04-18 07:40:58 | node_16 | INFO ] 🛠️ Calling force_add_local_model...
[ 2026-04-18 07:40:58 | node_2 | INFO ] 🎓 Training step done.
[ 2026-04-18 07:40:58 | node_16 | INFO ] ✅ [FORCE] Local model added for round 0. (1/8)
[ 2026-04-18 07:40:58 | node_2 | INFO ] 🛠️ Calling force_add_local_model...
[ 2026-04-18 07:40:58 | node_2 | INFO ] ✅ [FORCE] Local model added for round 0. (1/9)
[ 2026-04-18 07:40:58 | node_6 | INFO ] 🎓 Training step done.
[ 2026-04-18 07:40:58 | node_6 | INFO ] 🛠️ Calling force_add_local_model...
[ 2026-04-18 07:40:58 | node_6 | INFO ] ✅ [FORCE] Local model added for round 0. (1/12)
[ 2026-04-18 07:40:58 | node_12 | INFO ] 🎓 Training step done.
[ 2026-04-18 07:40:58 | node_12 | INFO ] 🛠️ Calling force_add_local_model...
[ 2026-04-18 07:40:58 | node_12 | INFO ] ✅ [FORCE] Local model added for round 0. (1/12)
[ 2026-04-18 07:40:58 | node_8 | INFO ] 🎓 Training step done.
[ 2026-04-18 07:40:58 | node_8 | INFO ] 🛠️ Calling force_add_local_model...
[ 2026-04-18 07:40:58 | node_8 | INFO ] ✅ [FORCE] Local model added for round 0. (1/11)
[ 2026-04-18 07:40:58 | node_5 | INFO ] 🎓 Training step done.
[ 2026-04-18 07:40:58 | node_5 | INFO ] 🛠️ Calling force_add_local_model...
[ 2026-04-18 07:40:58 | node_5 | INFO ] ✅ [FORCE] Local model added for round 0. (1/8)
[ 2026-04-18 07:40:58 | node_1 | INFO ] 🎓 Training step done.
[ 2026-04-18 07:40:58 | node_1 | INFO ] 🛠️ Calling force_add_local_model...
[ 2026-04-18 07:40:58 | node_1 | INFO ] ✅ [FORCE] Local model added for round 0. (1/10)
[ 2026-04-18 07:40:58 | node_18 | INFO ] 🎓 Training step done.
[ 2026-04-18 07:40:58 | node_18 | INFO ] 🛠️ Calling force_add_local_model...
[ 2026-04-18 07:40:58 | node_18 | INFO ] ✅ [FORCE] Local model added for round 0. (1/10)
[ 2026-04-18 07:40:58 | node_10 | INFO ] 🎓 Training step done.
[ 2026-04-18 07:40:58 | node_10 | INFO ] 🛠️ Calling force_add_local_model...
[ 2026-04-18 07:40:58 | node_10 | INFO ] ✅ [FORCE] Local model added for round 0. (1/7)
[ 2026-04-18 07:40:59 | node_14 | INFO ] 🎓 Training step done.
[ 2026-04-18 07:40:59 | node_14 | INFO ] 🛠️ Calling force_add_local_model...
[ 2026-04-18 07:40:59 | node_14 | INFO ] ✅ [FORCE] Local model added for round 0. (1/11)
[ 2026-04-18 07:40:59 | node_15 | INFO ] 🎓 Training step done.
[ 2026-04-18 07:40:59 | node_15 | INFO ] 🛠️ Calling force_add_local_model...
[ 2026-04-18 07:40:59 | node_15 | INFO ] ✅ [FORCE] Local model added for round 0. (1/9)
[ 2026-04-18 07:41:02 | node_7 | INFO ] 📤 Sending model to 7 direct neighbors: ['node', 'node_1', 'node_8', 'node_9', 'node_12', 'node_13', 'node_15']
[ 2026-04-18 07:41:02 | node_13 | INFO ] 📤 Sending model to 8 direct neighbors: ['node_1', 'node_2', 'node_5', 'node_6', 'node_7', 'node_9', 'node_17', 'node_18']
[ 2026-04-18 07:41:02 | node | INFO ] 🧩 Model added for round 0 (2/8) from ['node_7']
[ 2026-04-18 07:41:02 | node_1 | INFO ] 🧩 Model added for round 0 (2/10) from ['node_13']
[ 2026-04-18 07:41:02 | node_1 | INFO ] 🧩 Model added for round 0 (3/10) from ['node_7']
[ 2026-04-18 07:41:02 | node_3 | INFO ] 📤 Sending model to 7 direct neighbors: ['node_2', 'node_6', 'node_8', 'node_11', 'node_14', 'node_15', 'node_16']
[ 2026-04-18 07:41:02 | node_4 | INFO ] 📤 Sending model to 7 direct neighbors: ['node', 'node_2', 'node_5', 'node_11', 'node_17', 'node_18', 'node_19']
[ 2026-04-18 07:41:03 | node_2 | INFO ] 🧩 Model added for round 0 (2/9) from ['node_13']
[ 2026-04-18 07:41:03 | node_9 | INFO ] 📤 Sending model to 7 direct neighbors: ['node_6', 'node_7', 'node_10', 'node_13', 'node_16', 'node_17', 'node_18']
[ 2026-04-18 07:41:03 | node | INFO ] 🧩 Model added for round 0 (3/8) from ['node_4']
[ 2026-04-18 07:41:03 | node | INFO ] 📤 Sending model to 7 direct neighbors: ['node_4', 'node_7', 'node_8', 'node_12', 'node_14', 'node_16', 'node_18']
[ 2026-04-18 07:41:03 | node_2 | INFO ] 🧩 Model added for round 0 (3/9) from ['node_3']
[ 2026-04-18 07:41:03 | node_11 | INFO ] 📤 Sending model to 7 direct neighbors: ['node_1', 'node_2', 'node_3', 'node_4', 'node_5', 'node_8', 'node_12']
[ 2026-04-18 07:41:03 | node_6 | INFO ] 🧩 Model added for round 0 (2/12) from ['node_9']
[ 2026-04-18 07:41:03 | node_17 | INFO ] 📤 Sending model to 8 direct neighbors: ['node_4', 'node_6', 'node_8', 'node_9', 'node_12', 'node_13', 'node_14', 'node_18']
[ 2026-04-18 07:41:03 | node_8 | INFO ] 🧩 Model added for round 0 (2/11) from ['node_7']
[ 2026-04-18 07:41:03 | node_19 | INFO ] 📤 Sending model to 6 direct neighbors: ['node_4', 'node_5', 'node_8', 'node_10', 'node_15', 'node_16']
[ 2026-04-18 07:41:03 | node_4 | INFO ] 🧩 Model added for round 0 (2/8) from ['node']
[ 2026-04-18 07:41:03 | node_16 | INFO ] 📤 Sending model to 7 direct neighbors: ['node', 'node_1', 'node_3', 'node_9', 'node_10', 'node_14', 'node_19']
[ 2026-04-18 07:41:03 | node_2 | INFO ] 📤 Sending model to 8 direct neighbors: ['node_1', 'node_3', 'node_4', 'node_11', 'node_12', 'node_13', 'node_14', 'node_15']
[ 2026-04-18 07:41:03 | node_1 | INFO ] 🧩 Model added for round 0 (4/10) from ['node_11']
[ 2026-04-18 07:41:03 | node_5 | INFO ] 🧩 Model added for round 0 (2/8) from ['node_13']
[ 2026-04-18 07:41:03 | node_6 | INFO ] 📤 Sending model to 11 direct neighbors: ['node_1', 'node_3', 'node_5', 'node_9', 'node_10', 'node_12', 'node_13', 'node_14', 'node_15', 'node_17', 'node_18']
[ 2026-04-18 07:41:03 | node_12 | INFO ] 📤 Sending model to 11 direct neighbors: ['node', 'node_2', 'node_5', 'node_6', 'node_7', 'node_10', 'node_11', 'node_14', 'node_15', 'node_17', 'node_18']
[ 2026-04-18 07:41:03 | node_8 | INFO ] 📤 Sending model to 10 direct neighbors: ['node', 'node_3', 'node_7', 'node_10', 'node_11', 'node_14', 'node_15', 'node_17', 'node_18', 'node_19']
[ 2026-04-18 07:41:03 | node_4 | INFO ] 🧩 Model added for round 0 (3/8) from ['node_17']
[ 2026-04-18 07:41:03 | node_5 | INFO ] 📤 Sending model to 7 direct neighbors: ['node_4', 'node_6', 'node_11', 'node_12', 'node_13', 'node_14', 'node_19']
[ 2026-04-18 07:41:03 | node | INFO ] 🧩 Model added for round 0 (4/8) from ['node_16']
[ 2026-04-18 07:41:03 | node_4 | INFO ] 🧩 Model added for round 0 (4/8) from ['node_19']
[ 2026-04-18 07:41:03 | node_1 | INFO ] 📤 Sending model to 9 direct neighbors: ['node_2', 'node_6', 'node_7', 'node_11', 'node_13', 'node_14', 'node_15', 'node_16', 'node_18']
[ 2026-04-18 07:41:03 | node_2 | INFO ] 🧩 Model added for round 0 (4/9) from ['node_4']
[ 2026-04-18 07:41:03 | node_1 | INFO ] 🧩 Model added for round 0 (5/10) from ['node_2']
[ 2026-04-18 07:41:03 | node_6 | INFO ] 🧩 Model added for round 0 (3/12) from ['node_3']
[ 2026-04-18 07:41:03 | node_18 | INFO ] 📤 Sending model to 9 direct neighbors: ['node', 'node_1', 'node_4', 'node_6', 'node_8', 'node_9', 'node_12', 'node_13', 'node_17']
[ 2026-04-18 07:41:04 | node_10 | INFO ] 📤 Sending model to 6 direct neighbors: ['node_6', 'node_8', 'node_9', 'node_12', 'node_16', 'node_19']
[ 2026-04-18 07:41:04 | node | INFO ] 🧩 Model added for round 0 (5/8) from ['node_12']
[ 2026-04-18 07:41:04 | node | INFO ] 🧩 Model added for round 0 (6/8) from ['node_8']
[ 2026-04-18 07:41:04 | node_2 | INFO ] 🧩 Model added for round 0 (5/9) from ['node_1']
[ 2026-04-18 07:41:04 | node_7 | INFO ] 🧩 Model added for round 0 (2/8) from ['node']
[ 2026-04-18 07:41:04 | node_7 | INFO ] 🧩 Model added for round 0 (3/8) from ['node_9']
[ 2026-04-18 07:41:04 | node_9 | INFO ] 🧩 Model added for round 0 (2/8) from ['node_7']
[ 2026-04-18 07:41:04 | node_6 | INFO ] 🧩 Model added for round 0 (4/12) from ['node_13']
[ 2026-04-18 07:41:04 | node_2 | INFO ] 🧩 Model added for round 0 (6/9) from ['node_11']
[ 2026-04-18 07:41:04 | node_4 | INFO ] 🧩 Model added for round 0 (5/8) from ['node_5']
[ 2026-04-18 07:41:04 | node_1 | INFO ] 🧩 Model added for round 0 (6/10) from ['node_6']
[ 2026-04-18 07:41:04 | node | INFO ] 🧩 Model added for round 0 (7/8) from ['node_18']
[ 2026-04-18 07:41:04 | node_6 | INFO ] 🧩 Model added for round 0 (5/12) from ['node_10']
[ 2026-04-18 07:41:04 | node_6 | INFO ] 🧩 Model added for round 0 (6/12) from ['node_17']
[ 2026-04-18 07:41:04 | node_14 | INFO ] 📤 Sending model to 10 direct neighbors: ['node', 'node_1', 'node_2', 'node_3', 'node_5', 'node_6', 'node_8', 'node_12', 'node_16', 'node_17']
[ 2026-04-18 07:41:04 | node_5 | INFO ] 🧩 Model added for round 0 (3/8) from ['node_4']
[ 2026-04-18 07:41:04 | node_15 | INFO ] 📤 Sending model to 8 direct neighbors: ['node_1', 'node_2', 'node_3', 'node_6', 'node_7', 'node_8', 'node_12', 'node_19']
[ 2026-04-18 07:41:04 | node_1 | INFO ] 🧩 Model added for round 0 (7/10) from ['node_16']
[ 2026-04-18 07:41:04 | node_5 | INFO ] 🧩 Model added for round 0 (4/8) from ['node_19']
[ 2026-04-18 07:41:05 | node_3 | INFO ] 🧩 Model added for round 0 (2/8) from ['node_2']
[ 2026-04-18 07:41:05 | node_2 | INFO ] 🧩 Model added for round 0 (7/9) from ['node_12']
[ 2026-04-18 07:41:05 | node_10 | INFO ] 🧩 Model added for round 0 (2/7) from ['node_9']
[ 2026-04-18 07:41:05 | node_8 | INFO ] 🧩 Model added for round 0 (3/11) from ['node_3']
[ 2026-04-18 07:41:05 | node_3 | INFO ] 🧩 Model added for round 0 (3/8) from ['node_8']
[ 2026-04-18 07:41:05 | node_6 | INFO ] 🧩 Model added for round 0 (7/12) from ['node_1']
[ 2026-04-18 07:41:05 | node_12 | INFO ] 🧩 Model added for round 0 (2/12) from ['node_7']
[ 2026-04-18 07:41:05 | node_8 | INFO ] 🧩 Model added for round 0 (4/11) from ['node']
[ 2026-04-18 07:41:05 | node | INFO ] 🧩 Model added for round 0 (8/8) from ['node_14']
[ 2026-04-18 07:41:05 | node_3 | INFO ] 🧩 Model added for round 0 (4/8) from ['node_11']
[ 2026-04-18 07:41:05 | node_6 | INFO ] 🧩 Model added for round 0 (8/12) from ['node_5']
[ 2026-04-18 07:41:05 | node_1 | INFO ] 🧩 Model added for round 0 (8/10) from ['node_15']
[ 2026-04-18 07:41:05 | node_3 | INFO ] 🧩 Model added for round 0 (5/8) from ['node_6']
[ 2026-04-18 07:41:05 | node_8 | INFO ] 🧩 Model added for round 0 (5/11) from ['node_19']
[ 2026-04-18 07:41:05 | node_7 | INFO ] 🧩 Model added for round 0 (4/8) from ['node_13']
[ 2026-04-18 07:41:05 | node_1 | INFO ] 🧩 Model added for round 0 (9/10) from ['node_18']
[ 2026-04-18 07:41:05 | node_8 | INFO ] 🧩 Model added for round 0 (6/11) from ['node_10']
[ 2026-04-18 07:41:05 | node_11 | INFO ] 🧩 Model added for round 0 (2/8) from ['node_4']
[ 2026-04-18 07:41:05 | node_8 | INFO ] 🧩 Model added for round 0 (7/11) from ['node_17']
[ 2026-04-18 07:41:06 | node_13 | INFO ] 🧩 Model added for round 0 (2/9) from ['node_9']
[ 2026-04-18 07:41:06 | node_3 | INFO ] 🧩 Model added for round 0 (6/8) from ['node_16']
[ 2026-04-18 07:41:06 | node_11 | INFO ] 🧩 Model added for round 0 (3/8) from ['node_3']
[ 2026-04-18 07:41:06 | node_4 | INFO ] 🧩 Model added for round 0 (6/8) from ['node_2']
[ 2026-04-18 07:41:06 | node_5 | INFO ] 🧩 Model added for round 0 (5/8) from ['node_12']
[ 2026-04-18 07:41:06 | node_1 | INFO ] 🧩 Model added for round 0 (10/10) from ['node_14']
[ 2026-04-18 07:41:06 | node_4 | INFO ] 🧩 Model added for round 0 (7/8) from ['node_11']
[ 2026-04-18 07:41:06 | node_7 | INFO ] 🧩 Model added for round 0 (5/8) from ['node_1']
[ 2026-04-18 07:41:06 | node_7 | INFO ] 🧩 Model added for round 0 (6/8) from ['node_8']
[ 2026-04-18 07:41:06 | node_11 | INFO ] 🧩 Model added for round 0 (4/8) from ['node_5']
[ 2026-04-18 07:41:06 | node_9 | INFO ] 🧩 Model added for round 0 (3/8) from ['node_13']
[ 2026-04-18 07:41:06 | node_2 | INFO ] 🧩 Model added for round 0 (8/9) from ['node_15']
[ 2026-04-18 07:41:06 | node_5 | INFO ] 🧩 Model added for round 0 (6/8) from ['node_6']
[ 2026-04-18 07:41:06 | node_12 | INFO ] 🧩 Model added for round 0 (3/12) from ['node']
[ 2026-04-18 07:41:06 | node_13 | INFO ] 🧩 Model added for round 0 (3/9) from ['node_7']
[ 2026-04-18 07:41:06 | node_17 | INFO ] 🧩 Model added for round 0 (2/9) from ['node_4']
[ 2026-04-18 07:41:06 | node_9 | INFO ] 🧩 Model added for round 0 (4/8) from ['node_10']
[ 2026-04-18 07:41:06 | node_4 | INFO ] 🧩 Model added for round 0 (8/8) from ['node_18']
[ 2026-04-18 07:41:06 | node_6 | INFO ] 🧩 Model added for round 0 (9/12) from ['node_12']
[ 2026-04-18 07:41:06 | node_10 | INFO ] 🧩 Model added for round 0 (3/7) from ['node_19']
[ 2026-04-18 07:41:06 | node_9 | INFO ] 🧩 Model added for round 0 (5/8) from ['node_16']
[ 2026-04-18 07:41:06 | node_11 | INFO ] 🧩 Model added for round 0 (5/8) from ['node_2']
[ 2026-04-18 07:41:06 | node_16 | INFO ] 🧩 Model added for round 0 (2/8) from ['node_9']
[ 2026-04-18 07:41:07 | node_14 | INFO ] 🧩 Model added for round 0 (2/11) from ['node_3']
[ 2026-04-18 07:41:07 | node_5 | INFO ] 🧩 Model added for round 0 (7/8) from ['node_11']
[ 2026-04-18 07:41:07 | node_9 | INFO ] 🧩 Model added for round 0 (6/8) from ['node_17']
[ 2026-04-18 07:41:07 | node_2 | INFO ] 🧩 Model added for round 0 (9/9) from ['node_14']
[ 2026-04-18 07:41:07 | node_11 | INFO ] 🧩 Model added for round 0 (6/8) from ['node_1']
[ 2026-04-18 07:41:07 | node_3 | INFO ] 🧩 Model added for round 0 (7/8) from ['node_15']
[ 2026-04-18 07:41:07 | node_9 | INFO ] 🧩 Model added for round 0 (7/8) from ['node_6']
[ 2026-04-18 07:41:07 | node_17 | INFO ] 🧩 Model added for round 0 (3/9) from ['node_13']
[ 2026-04-18 07:41:07 | node_15 | INFO ] 🧩 Model added for round 0 (2/9) from ['node_7']
[ 2026-04-18 07:41:07 | node_12 | INFO ] 🧩 Model added for round 0 (4/12) from ['node_5']
[ 2026-04-18 07:41:07 | node_10 | INFO ] 🧩 Model added for round 0 (4/7) from ['node_8']
[ 2026-04-18 07:41:07 | node_12 | INFO ] 🧩 Model added for round 0 (5/12) from ['node_10']
[ 2026-04-18 07:41:07 | node_14 | INFO ] 🧩 Model added for round 0 (3/11) from ['node']
[ 2026-04-18 07:41:07 | node_10 | INFO ] 🧩 Model added for round 0 (5/7) from ['node_16']
[ 2026-04-18 07:41:07 | node_12 | INFO ] 🧩 Model added for round 0 (6/12) from ['node_2']
[ 2026-04-18 07:41:07 | node_12 | INFO ] 🧩 Model added for round 0 (7/12) from ['node_17']
[ 2026-04-18 07:41:07 | node_17 | INFO ] 🧩 Model added for round 0 (4/9) from ['node_9']
[ 2026-04-18 07:41:07 | node_18 | INFO ] 🧩 Model added for round 0 (2/10) from ['node_4']
[ 2026-04-18 07:41:08 | node_6 | INFO ] 🧩 Model added for round 0 (10/12) from ['node_18']
[ 2026-04-18 07:41:08 | node_7 | INFO ] 🧩 Model added for round 0 (7/8) from ['node_12']
[ 2026-04-18 07:41:08 | node_15 | INFO ] 🧩 Model added for round 0 (3/9) from ['node_19']
[ 2026-04-18 07:41:08 | node_8 | INFO ] 🧩 Model added for round 0 (8/11) from ['node_11']
[ 2026-04-18 07:41:08 | node_3 | INFO ] 🧩 Model added for round 0 (8/8) from ['node_14']
[ 2026-04-18 07:41:08 | node_15 | INFO ] 🧩 Model added for round 0 (4/9) from ['node_3']
[ 2026-04-18 07:41:08 | node_6 | INFO ] 🧩 Model added for round 0 (11/12) from ['node_15']
[ 2026-04-18 07:41:08 | node_11 | INFO ] 🧩 Model added for round 0 (7/8) from ['node_8']
[ 2026-04-18 07:41:08 | node_18 | INFO ] 🧩 Model added for round 0 (3/10) from ['node_13']
[ 2026-04-18 07:41:08 | node_13 | INFO ] 🧩 Model added for round 0 (4/9) from ['node_1']
[ 2026-04-18 07:41:08 | node_10 | INFO ] 🧩 Model added for round 0 (6/7) from ['node_6']
[ 2026-04-18 07:41:08 | node_16 | INFO ] 🧩 Model added for round 0 (3/8) from ['node']
[ 2026-04-18 07:41:08 | node_14 | INFO ] 🧩 Model added for round 0 (4/11) from ['node_16']
[ 2026-04-18 07:41:08 | node_13 | INFO ] 🧩 Model added for round 0 (5/9) from ['node_2']
[ 2026-04-18 07:41:08 | node_13 | INFO ] 🧩 Model added for round 0 (6/9) from ['node_5']
[ 2026-04-18 07:41:08 | node_18 | INFO ] 🧩 Model added for round 0 (4/10) from ['node_9']
[ 2026-04-18 07:41:09 | node_5 | INFO ] 🧩 Model added for round 0 (8/8) from ['node_14']
[ 2026-04-18 07:41:09 | node_13 | INFO ] 🧩 Model added for round 0 (7/9) from ['node_17']
[ 2026-04-18 07:41:09 | node_10 | INFO ] 🧩 Model added for round 0 (7/7) from ['node_12']
[ 2026-04-18 07:41:09 | node_16 | INFO ] 🧩 Model added for round 0 (4/8) from ['node_10']
[ 2026-04-18 07:41:09 | node_19 | INFO ] 🧩 Model added for round 0 (2/7) from ['node_4']
[ 2026-04-18 07:41:09 | node_16 | INFO ] 🧩 Model added for round 0 (5/8) from ['node_19']
[ 2026-04-18 07:41:09 | node_12 | INFO ] 🧩 Model added for round 0 (8/12) from ['node_11']
[ 2026-04-18 07:41:09 | node_8 | INFO ] 🧩 Model added for round 0 (9/11) from ['node_18']
[ 2026-04-18 07:41:09 | node_14 | INFO ] 🧩 Model added for round 0 (5/11) from ['node_1']
[ 2026-04-18 07:41:09 | node_14 | INFO ] 🧩 Model added for round 0 (6/11) from ['node_8']
[ 2026-04-18 07:41:09 | node_16 | INFO ] 🧩 Model added for round 0 (6/8) from ['node_3']
[ 2026-04-18 07:41:09 | node_12 | INFO ] 🧩 Model added for round 0 (9/12) from ['node_6']
[ 2026-04-18 07:41:09 | node_7 | INFO ] 🧩 Model added for round 0 (8/8) from ['node_15']
[ 2026-04-18 07:41:09 | node_18 | INFO ] 🧩 Model added for round 0 (5/10) from ['node']
[ 2026-04-18 07:41:09 | node_14 | INFO ] 🧩 Model added for round 0 (7/11) from ['node_5']
[ 2026-04-18 07:41:09 | node_6 | INFO ] 🧩 Model added for round 0 (12/12) from ['node_14']
[ 2026-04-18 07:41:09 | node_14 | INFO ] 🧩 Model added for round 0 (8/11) from ['node_2']
[ 2026-04-18 07:41:09 | node_14 | INFO ] 🧩 Model added for round 0 (9/11) from ['node_17']
[ 2026-04-18 07:41:10 | node_11 | INFO ] 🧩 Model added for round 0 (8/8) from ['node_12']
[ 2026-04-18 07:41:10 | node_19 | INFO ] 🧩 Model added for round 0 (3/7) from ['node_16']
[ 2026-04-18 07:41:10 | node_19 | INFO ] 🧩 Model added for round 0 (4/7) from ['node_10']
[ 2026-04-18 07:41:10 | node_9 | INFO ] 🧩 Model added for round 0 (8/8) from ['node_18']
[ 2026-04-18 07:41:10 | node_8 | INFO ] 🧩 Model added for round 0 (10/11) from ['node_15']
[ 2026-04-18 07:41:10 | node_15 | INFO ] 🧩 Model added for round 0 (5/9) from ['node_1']
[ 2026-04-18 07:41:10 | node_15 | INFO ] 🧩 Model added for round 0 (6/9) from ['node_8']
[ 2026-04-18 07:41:10 | node_13 | INFO ] 🧩 Model added for round 0 (8/9) from ['node_6']
[ 2026-04-18 07:41:10 | node_19 | INFO ] 🧩 Model added for round 0 (5/7) from ['node_5']
[ 2026-04-18 07:41:10 | node_8 | INFO ] 🧩 Model added for round 0 (11/11) from ['node_14']
[ 2026-04-18 07:41:10 | node_14 | INFO ] 🧩 Model added for round 0 (10/11) from ['node_12']
[ 2026-04-18 07:41:10 | node_18 | INFO ] 🧩 Model added for round 0 (6/10) from ['node_17']
[ 2026-04-18 07:41:10 | node_15 | INFO ] 🧩 Model added for round 0 (7/9) from ['node_2']
[ 2026-04-18 07:41:11 | node_12 | INFO ] 🧩 Model added for round 0 (10/12) from ['node_18']
[ 2026-04-18 07:41:11 | node_17 | INFO ] 🧩 Model added for round 0 (5/9) from ['node_8']
[ 2026-04-18 07:41:11 | node_16 | INFO ] 🧩 Model added for round 0 (7/8) from ['node_1']
[ 2026-04-18 07:41:11 | node_12 | INFO ] 🧩 Model added for round 0 (11/12) from ['node_15']
[ 2026-04-18 07:41:11 | node_14 | INFO ] 🧩 Model added for round 0 (11/11) from ['node_6']
[ 2026-04-18 07:41:11 | node_15 | INFO ] 🧩 Model added for round 0 (8/9) from ['node_12']
[ 2026-04-18 07:41:11 | node_12 | INFO ] 🧩 Model added for round 0 (12/12) from ['node_14']
[ 2026-04-18 07:41:11 | node_18 | INFO ] 🧩 Model added for round 0 (7/10) from ['node_8']
[ 2026-04-18 07:41:11 | node_18 | INFO ] 🧩 Model added for round 0 (8/10) from ['node_1']
[ 2026-04-18 07:41:12 | node_13 | INFO ] 🧩 Model added for round 0 (9/9) from ['node_18']
[ 2026-04-18 07:41:12 | node_15 | INFO ] 🧩 Model added for round 0 (9/9) from ['node_6']
[ 2026-04-18 07:41:12 | node_19 | INFO ] 🧩 Model added for round 0 (6/7) from ['node_15']
[ 2026-04-18 07:41:12 | node_17 | INFO ] 🧩 Model added for round 0 (6/9) from ['node_12']
[ 2026-04-18 07:41:12 | node_19 | INFO ] 🧩 Model added for round 0 (7/7) from ['node_8']
[ 2026-04-18 07:41:12 | node_16 | INFO ] 🧩 Model added for round 0 (8/8) from ['node_14']
[ 2026-04-18 07:41:12 | node_17 | INFO ] 🧩 Model added for round 0 (7/9) from ['node_6']
[ 2026-04-18 07:41:12 | node_17 | INFO ] 🧩 Model added for round 0 (8/9) from ['node_18']
[ 2026-04-18 07:41:13 | ModelPackager | INFO ] Round 0: Consensus detected (dist: 0.000541). Patience: 1/1
[ 2026-04-18 07:41:13 | node_18 | INFO ] 🧩 Model added for round 0 (9/10) from ['node_12']
[ 2026-04-18 07:41:13 | node_17 | INFO ] 🧩 Model added for round 0 (9/9) from ['node_14']
[ 2026-04-18 07:41:13 | ModelPackager | INFO ] Round 0: Consensus detected (dist: 0.000550). Patience: 1/1
[ 2026-04-18 07:41:13 | ModelPackager | INFO ] Round 0: Consensus detected (dist: 0.000644). Patience: 1/1
[ 2026-04-18 07:41:13 | ModelPackager | INFO ] Round 0: Consensus detected (dist: 0.000536). Patience: 1/1
[ 2026-04-18 07:41:13 | node_18 | INFO ] 🧩 Model added for round 0 (10/10) from ['node_6']
[ 2026-04-18 07:41:13 | ModelPackager | INFO ] Round 0: Consensus detected (dist: 0.000469). Patience: 1/1
[ 2026-04-18 07:41:13 | node_7 | INFO ] 🧠 Aggregation complete. Setting new model.
[ 2026-04-18 07:41:13 | node_3 | INFO ] 🧠 Aggregation complete. Setting new model.
[ 2026-04-18 07:41:13 | node_4 | INFO ] 🧠 Aggregation complete. Setting new model.
[ 2026-04-18 07:41:13 | node_10 | INFO ] 🧠 Aggregation complete. Setting new model.
[ 2026-04-18 07:41:13 | ModelPackager | INFO ] Round 0: Consensus detected (dist: 0.000530). Patience: 1/1
[ 2026-04-18 07:41:13 | ModelPackager | INFO ] Round 0: Consensus detected (dist: 0.000561). Patience: 1/1
[ 2026-04-18 07:41:13 | ModelPackager | INFO ] 🌟 Node node is AUTHORIZED. Starting packaging & push...
[ 2026-04-18 07:41:14 | node_7 | INFO ] 🗣️ Gossiping aggregated model.
[ 2026-04-18 07:41:14 | node_3 | INFO ] 🗣️ Gossiping aggregated model.
[ 2026-04-18 07:41:14 | node | INFO ] 🧠 Aggregation complete. Setting new model.
[ 2026-04-18 07:41:14 | node_11 | INFO ] 🧠 Aggregation complete. Setting new model.
[ 2026-04-18 07:41:14 | node_4 | INFO ] 🗣️ Gossiping aggregated model.
[ 2026-04-18 07:41:14 | node_10 | INFO ] 🗣️ Gossiping aggregated model.
[ 2026-04-18 07:41:14 | node_9 | INFO ] 🧠 Aggregation complete. Setting new model.
[ 2026-04-18 07:41:14 | node | INFO ] 🗣️ Gossiping aggregated model.
[ 2026-04-18 07:41:14 | node_11 | INFO ] 🗣️ Gossiping aggregated model.
[ 2026-04-18 07:41:14 | node_9 | INFO ] 🗣️ Gossiping aggregated model.
[ 2026-04-18 07:41:14 | ModelPackager | INFO ] Round 0: Consensus detected (dist: 0.000535). Patience: 1/1
[ 2026-04-18 07:41:15 | node_5 | INFO ] 🧠 Aggregation complete. Setting new model.
[ 2026-04-18 07:41:15 | ModelPackager | INFO ] Round 0: Consensus detected (dist: 0.000647). Patience: 1/1
[ 2026-04-18 07:41:15 | ModelPackager | INFO ] Round 0: Consensus detected (dist: 0.000616). Patience: 1/1
[ 2026-04-18 07:41:15 | ModelPackager | INFO ] Round 0: Consensus detected (dist: 0.000527). Patience: 1/1
[ 2026-04-18 07:41:15 | ModelPackager | INFO ] Round 0: Consensus detected (dist: 0.000618). Patience: 1/1
[ 2026-04-18 07:41:15 | node_5 | INFO ] 🗣️ Gossiping aggregated model.
[ 2026-04-18 07:41:15 | ModelPackager | INFO ] Round 0: Consensus detected (dist: 0.000611). Patience: 1/1
[ 2026-04-18 07:41:15 | node_13 | INFO ] 🧠 Aggregation complete. Setting new model.
[ 2026-04-18 07:41:15 | ModelPackager | INFO ] Round 0: Consensus detected (dist: 0.000653). Patience: 1/1
[ 2026-04-18 07:41:15 | node_15 | INFO ] 🧠 Aggregation complete. Setting new model.
[ 2026-04-18 07:41:15 | node_19 | INFO ] 🧠 Aggregation complete. Setting new model.
[ 2026-04-18 07:41:15 | node_2 | INFO ] 🧠 Aggregation complete. Setting new model.
[ 2026-04-18 07:41:16 | node_19 | INFO ] 🗣️ Gossiping aggregated model.
[ 2026-04-18 07:41:16 | node_13 | INFO ] 🗣️ Gossiping aggregated model.
[ 2026-04-18 07:41:16 | node_16 | INFO ] 🧠 Aggregation complete. Setting new model.
[ 2026-04-18 07:41:16 | node_15 | INFO ] 🗣️ Gossiping aggregated model.
[ 2026-04-18 07:41:16 | node_1 | INFO ] 🧠 Aggregation complete. Setting new model.
[ 2026-04-18 07:41:16 | node_16 | INFO ] 🗣️ Gossiping aggregated model.
[ 2026-04-18 07:41:16 | node_2 | INFO ] 🗣️ Gossiping aggregated model.
[ 2026-04-18 07:41:16 | ModelPackager | INFO ] Round 0: Consensus detected (dist: 0.000566). Patience: 1/1
[ 2026-04-18 07:41:16 | ModelPackager | INFO ] Round 0: Consensus detected (dist: 0.000679). Patience: 1/1
[ 2026-04-18 07:41:16 | node_1 | INFO ] 🗣️ Gossiping aggregated model.
[ 2026-04-18 07:41:16 | ModelPackager | INFO ] Round 0: Consensus detected (dist: 0.000518). Patience: 1/1
[ 2026-04-18 07:41:17 | node_17 | INFO ] 🧠 Aggregation complete. Setting new model.
[ 2026-04-18 07:41:17 | node_17 | INFO ] 🗣️ Gossiping aggregated model.
[ 2026-04-18 07:41:17 | node_8 | INFO ] 🧠 Aggregation complete. Setting new model.
[ 2026-04-18 07:41:17 | node_18 | INFO ] 🧠 Aggregation complete. Setting new model.
[ 2026-04-18 07:41:17 | ModelPackager | INFO ] Round 0: Consensus detected (dist: 0.000554). Patience: 1/1
[ 2026-04-18 07:41:17 | node_8 | INFO ] 🗣️ Gossiping aggregated model.
[ 2026-04-18 07:41:17 | node_18 | INFO ] 🗣️ Gossiping aggregated model.
[ 2026-04-18 07:41:17 | ModelPackager | INFO ] Round 0: Consensus detected (dist: 0.000702). Patience: 1/1
[ 2026-04-18 07:41:18 | ModelPackager | INFO ] Round 0: Consensus detected (dist: 0.000703). Patience: 1/1
[ 2026-04-18 07:41:18 | node_14 | INFO ] 🧠 Aggregation complete. Setting new model.
[ 2026-04-18 07:41:18 | node_4 | INFO ] 🤫 Gossip finished.
[ 2026-04-18 07:41:18 | node_4 | INFO ] 🔬 Evaluating...
[ 2026-04-18 07:41:18 | node_12 | INFO ] 🧠 Aggregation complete. Setting new model.
[ 2026-04-18 07:41:18 | node_14 | INFO ] 🗣️ Gossiping aggregated model.
[ 2026-04-18 07:41:18 | node_6 | INFO ] 🧠 Aggregation complete. Setting new model.
[ 2026-04-18 07:41:18 | node_11 | INFO ] 🤫 Gossip finished.
[ 2026-04-18 07:41:18 | node_11 | INFO ] 🔬 Evaluating...
[ 2026-04-18 07:41:18 | node_4 | INFO ] 📈 Evaluated. Results: {'test_loss': 11.666688919067383, 'test_acc': 0.005780346691608429, 'test_precision': 0.032443344593048096, 'test_recall': 0.0023144325241446495, 'test_f1': 0.0026266195345669985, 'communication_cost': 19770695}
[ 2026-04-18 07:41:18 | node_4 | INFO ] 📢 Broadcasting metrics.
[ 2026-04-18 07:41:18 | node_19 | INFO ] 🤫 Gossip finished.
[ 2026-04-18 07:41:18 | node_12 | INFO ] 🗣️ Gossiping aggregated model.
[ 2026-04-18 07:41:18 | node_19 | INFO ] 🔬 Evaluating...
[ 2026-04-18 07:41:18 | node_16 | INFO ] 🤫 Gossip finished.
[ 2026-04-18 07:41:18 | node_16 | INFO ] 🔬 Evaluating...
[ 2026-04-18 07:41:18 | node | INFO ] 🤫 Gossip finished.
[ 2026-04-18 07:41:18 | node | INFO ] 🔬 Evaluating...
[ 2026-04-18 07:41:19 | node_11 | INFO ] 📈 Evaluated. Results: {'test_loss': 7.490701198577881, 'test_acc': 0.12232416123151779, 'test_precision': 0.13729731738567352, 'test_recall': 0.028065713122487068, 'test_f1': 0.04157498478889465, 'communication_cost': 19770695}
[ 2026-04-18 07:41:19 | node_11 | INFO ] 📢 Broadcasting metrics.
[ 2026-04-18 07:41:19 | node_9 | INFO ] 🤫 Gossip finished.
[ 2026-04-18 07:41:19 | node_9 | INFO ] 🔬 Evaluating...
[ 2026-04-18 07:41:19 | node_6 | INFO ] 🗣️ Gossiping aggregated model.
[ 2026-04-18 07:41:19 | node_6 | INFO ] 🤫 Gossip finished.
[ 2026-04-18 07:41:19 | node_16 | INFO ] 📈 Evaluated. Results: {'test_loss': 10.324389457702637, 'test_acc': 0.013513513840734959, 'test_precision': 0.008547008968889713, 'test_recall': 0.02777777798473835, 'test_f1': 0.013071895577013493, 'communication_cost': 19770695}
[ 2026-04-18 07:41:19 | node_6 | INFO ] 🔬 Evaluating...
[ 2026-04-18 07:41:19 | node_16 | INFO ] 📢 Broadcasting metrics.
[ 2026-04-18 07:41:19 | node_8 | INFO ] 🤫 Gossip finished.
[ 2026-04-18 07:41:19 | node_8 | INFO ] 🔬 Evaluating...
[ 2026-04-18 07:41:19 | node_19 | INFO ] 📈 Evaluated. Results: {'test_loss': 22.609983444213867, 'test_acc': 0.03393213450908661, 'test_precision': 0.03627729415893555, 'test_recall': 0.05948924645781517, 'test_f1': 0.01602984592318535, 'communication_cost': 16946310}
[ 2026-04-18 07:41:19 | node | INFO ] 📈 Evaluated. Results: {'test_loss': 7.248848915100098, 'test_acc': 0.10942249000072479, 'test_precision': 0.17580224573612213, 'test_recall': 0.03837503120303154, 'test_f1': 0.05613436549901962, 'communication_cost': 19770695}
[ 2026-04-18 07:41:19 | node_18 | INFO ] 🤫 Gossip finished.
[ 2026-04-18 07:41:19 | node | INFO ] 📢 Broadcasting metrics.
[ 2026-04-18 07:41:19 | node_19 | INFO ] 📢 Broadcasting metrics.
[ 2026-04-18 07:41:19 | node_18 | INFO ] 🔬 Evaluating...
[ 2026-04-18 07:41:19 | node_2 | INFO ] 🤫 Gossip finished.
[ 2026-04-18 07:41:19 | node_2 | INFO ] 🔬 Evaluating...
[ 2026-04-18 07:41:19 | node_15 | INFO ] 🤫 Gossip finished.
[ 2026-04-18 07:41:19 | node_8 | INFO ] 📈 Evaluated. Results: {'test_loss': 10.573477745056152, 'test_acc': 0.04918032884597778, 'test_precision': 0.1666666716337204, 'test_recall': 0.0555555559694767, 'test_f1': 0.0833333358168602, 'communication_cost': 28243850}
[ 2026-04-18 07:41:19 | node_15 | INFO ] 🔬 Evaluating...
[ 2026-04-18 07:41:19 | node_5 | INFO ] 🤫 Gossip finished.
[ 2026-04-18 07:41:19 | node_5 | INFO ] 🔬 Evaluating...
[ 2026-04-18 07:41:19 | node_8 | INFO ] 📢 Broadcasting metrics.
[ 2026-04-18 07:41:19 | node_1 | INFO ] 🤫 Gossip finished.
[ 2026-04-18 07:41:19 | node_1 | INFO ] 🔬 Evaluating...
[ 2026-04-18 07:41:19 | node_3 | INFO ] 🤫 Gossip finished.
[ 2026-04-18 07:41:19 | node_9 | INFO ] 📈 Evaluated. Results: {'test_loss': 10.128928184509277, 'test_acc': 0.1471354216337204, 'test_precision': 0.07431457191705704, 'test_recall': 0.028897305950522423, 'test_f1': 0.03717746213078499, 'communication_cost': 19770695}
[ 2026-04-18 07:41:19 | node_3 | INFO ] 🔬 Evaluating...
[ 2026-04-18 07:41:19 | node_9 | INFO ] 📢 Broadcasting metrics.
[ 2026-04-18 07:41:19 | node_6 | INFO ] 📈 Evaluated. Results: {'test_loss': 7.441451072692871, 'test_acc': 0.1652703732252121, 'test_precision': 0.15479011833667755, 'test_recall': 0.03607640787959099, 'test_f1': 0.04324116185307503, 'communication_cost': 31068235}
[ 2026-04-18 07:41:19 | node_4 | INFO ] 🎉 Round 1 of 20 finished.
[ 2026-04-18 07:41:19 | node_6 | INFO ] 📢 Broadcasting metrics.
[ 2026-04-18 07:41:19 | node_4 | INFO ] 🗳️ [DETERMINISTIC] Train set assigned (No Voting). Size: 20
[ 2026-04-18 07:41:19 | node_7 | INFO ] 🤫 Gossip finished.
[ 2026-04-18 07:41:19 | node_14 | INFO ] 🤫 Gossip finished.
[ 2026-04-18 07:41:19 | node_5 | INFO ] 📈 Evaluated. Results: {'test_loss': 12.981735229492188, 'test_acc': 0.0357142873108387, 'test_precision': 0.008771929889917374, 'test_recall': 0.0833333358168602, 'test_f1': 0.01587301678955555, 'communication_cost': 19770695}
[ 2026-04-18 07:41:19 | node_7 | INFO ] 🔬 Evaluating...
[ 2026-04-18 07:41:19 | node_15 | INFO ] 📈 Evaluated. Results: {'test_loss': 38.40957260131836, 'test_acc': 0.0, 'test_precision': 0.0, 'test_recall': 0.0, 'test_f1': 0.0, 'communication_cost': 22595080}
[ 2026-04-18 07:41:19 | node_14 | INFO ] 🔬 Evaluating...
[ 2026-04-18 07:41:19 | node_4 | INFO ] 🏋️‍♀️ Preparing training...
[ 2026-04-18 07:41:19 | node_1 | INFO ] 📈 Evaluated. Results: {'test_loss': 8.411335945129395, 'test_acc': 0.1475694477558136, 'test_precision': 0.1465497612953186, 'test_recall': 0.04434417933225632, 'test_f1': 0.04981108009815216, 'communication_cost': 25419465}
[ 2026-04-18 07:41:19 | node_10 | INFO ] 🤫 Gossip finished.
[ 2026-04-18 07:41:19 | node_3 | INFO ] 📈 Evaluated. Results: {'test_loss': 10.126197814941406, 'test_acc': 0.2102040797472, 'test_precision': 0.19480624794960022, 'test_recall': 0.13547581434249878, 'test_f1': 0.13653706014156342, 'communication_cost': 19770695}
[ 2026-04-18 07:41:19 | node_10 | INFO ] 🔬 Evaluating...
[ 2026-04-18 07:41:19 | node_2 | INFO ] 📈 Evaluated. Results: {'test_loss': 5.602578639984131, 'test_acc': 0.30978259444236755, 'test_precision': 0.3139292895793915, 'test_recall': 0.10665860027074814, 'test_f1': 0.13454753160476685, 'communication_cost': 22595080}
[ 2026-04-18 07:41:19 | node_5 | INFO ] 📢 Broadcasting metrics.
[ 2026-04-18 07:41:19 | node_18 | INFO ] 📈 Evaluated. Results: {'test_loss': 5.268959999084473, 'test_acc': 0.2635761499404907, 'test_precision': 0.12903636693954468, 'test_recall': 0.05326323211193085, 'test_f1': 0.05979258567094803, 'communication_cost': 25419465}
[ 2026-04-18 07:41:19 | node_15 | INFO ] 📢 Broadcasting metrics.
[ 2026-04-18 07:41:19 | node_1 | INFO ] 📢 Broadcasting metrics.
[ 2026-04-18 07:41:19 | node_3 | INFO ] 📢 Broadcasting metrics.
[ 2026-04-18 07:41:19 | node_2 | INFO ] 📢 Broadcasting metrics.
[ 2026-04-18 07:41:19 | node_18 | INFO ] 📢 Broadcasting metrics.
[ 2026-04-18 07:41:20 | node_12 | INFO ] 🤫 Gossip finished.
[ 2026-04-18 07:41:20 | node_12 | INFO ] 🔬 Evaluating...
[ 2026-04-18 07:41:20 | node_13 | INFO ] 🤫 Gossip finished.
[ 2026-04-18 07:41:20 | node_13 | INFO ] 🔬 Evaluating...
[ 2026-04-18 07:41:20 | node_17 | INFO ] 🤫 Gossip finished.
[ 2026-04-18 07:41:20 | node_14 | INFO ] 📈 Evaluated. Results: {'test_loss': 8.85379409790039, 'test_acc': 0.07407407462596893, 'test_precision': 0.05000000074505806, 'test_recall': 0.1071428582072258, 'test_f1': 0.06818182021379471, 'communication_cost': 28243850}
[ 2026-04-18 07:41:20 | node_14 | INFO ] 📢 Broadcasting metrics.
[ 2026-04-18 07:41:20 | node_17 | INFO ] 🔬 Evaluating...
[ 2026-04-18 07:41:20 | node_10 | INFO ] 📈 Evaluated. Results: {'test_loss': 23.582073211669922, 'test_acc': 0.0, 'test_precision': 0.0, 'test_recall': 0.0, 'test_f1': 0.0, 'communication_cost': 16946310}
[ 2026-04-18 07:41:20 | node_11 | INFO ] 🎉 Round 1 of 20 finished.
[ 2026-04-18 07:41:20 | node_11 | INFO ] 🗳️ [DETERMINISTIC] Train set assigned (No Voting). Size: 20
[ 2026-04-18 07:41:20 | node_10 | INFO ] 📢 Broadcasting metrics.
[ 2026-04-18 07:41:20 | node_11 | INFO ] 🏋️‍♀️ Preparing training...
[ 2026-04-18 07:41:20 | node_16 | INFO ] 🎉 Round 1 of 20 finished.
[ 2026-04-18 07:41:20 | node_16 | INFO ] 🗳️ [DETERMINISTIC] Train set assigned (No Voting). Size: 20
[ 2026-04-18 07:41:20 | node | INFO ] 🎉 Round 1 of 20 finished.
[ 2026-04-18 07:41:20 | node_19 | INFO ] 🎉 Round 1 of 20 finished.
[ 2026-04-18 07:41:20 | node_19 | INFO ] 🗳️ [DETERMINISTIC] Train set assigned (No Voting). Size: 20
[ 2026-04-18 07:41:20 | node_16 | INFO ] 🏋️‍♀️ Preparing training...
[ 2026-04-18 07:41:20 | node_7 | INFO ] 📈 Evaluated. Results: {'test_loss': 21.257972717285156, 'test_acc': 0.06959707289934158, 'test_precision': 0.08983854949474335, 'test_recall': 0.06890516728162766, 'test_f1': 0.07094067335128784, 'communication_cost': 19770695}
[ 2026-04-18 07:41:20 | node | INFO ] 🗳️ [DETERMINISTIC] Train set assigned (No Voting). Size: 20
[ 2026-04-18 07:41:20 | node_19 | INFO ] 🏋️‍♀️ Preparing training...
[ 2026-04-18 07:41:20 | node_7 | INFO ] 📢 Broadcasting metrics.
[ 2026-04-18 07:41:20 | node_4 | INFO ] 🎓 Training step done.
[ 2026-04-18 07:41:20 | node_4 | INFO ] 🛠️ Calling force_add_local_model...
[ 2026-04-18 07:41:20 | node | INFO ] 🏋️‍♀️ Preparing training...
[ 2026-04-18 07:41:20 | node_12 | INFO ] 📈 Evaluated. Results: {'test_loss': 9.007933616638184, 'test_acc': 0.028169013559818268, 'test_precision': 0.11760564148426056, 'test_recall': 0.02287745103240013, 'test_f1': 0.014033290557563305, 'communication_cost': 31068235}
[ 2026-04-18 07:41:20 | node_13 | INFO ] 📈 Evaluated. Results: {'test_loss': 6.185980319976807, 'test_acc': 0.08612440526485443, 'test_precision': 0.16185982525348663, 'test_recall': 0.028584105893969536, 'test_f1': 0.042130615562200546, 'communication_cost': 22595080}
[ 2026-04-18 07:41:20 | node_4 | INFO ] ✅ [FORCE] Local model added for round 1. (1/8)
[ 2026-04-18 07:41:20 | node_12 | INFO ] 📢 Broadcasting metrics.
[ 2026-04-18 07:41:20 | node_13 | INFO ] 📢 Broadcasting metrics.
[ 2026-04-18 07:41:20 | node_17 | INFO ] 📈 Evaluated. Results: {'test_loss': 6.340423107147217, 'test_acc': 0.05000000074505806, 'test_precision': 0.23555555939674377, 'test_recall': 0.013154836371541023, 'test_f1': 0.024359196424484253, 'communication_cost': 22595080}
[ 2026-04-18 07:41:20 | node_17 | INFO ] 📢 Broadcasting metrics.
[ 2026-04-18 07:41:20 | node_9 | INFO ] 🎉 Round 1 of 20 finished.
[ 2026-04-18 07:41:20 | node_9 | INFO ] 🗳️ [DETERMINISTIC] Train set assigned (No Voting). Size: 20
[ 2026-04-18 07:41:20 | node_11 | INFO ] 🎓 Training step done.
[ 2026-04-18 07:41:20 | node_11 | INFO ] 🛠️ Calling force_add_local_model...
[ 2026-04-18 07:41:20 | node_9 | INFO ] 🏋️‍♀️ Preparing training...
[ 2026-04-18 07:41:20 | node_19 | INFO ] 🎓 Training step done.
[ 2026-04-18 07:41:20 | node_11 | INFO ] ✅ [FORCE] Local model added for round 1. (1/8)
[ 2026-04-18 07:41:20 | node_19 | INFO ] 🛠️ Calling force_add_local_model...
[ 2026-04-18 07:41:20 | node_19 | INFO ] ✅ [FORCE] Local model added for round 1. (1/7)
[ 2026-04-18 07:41:21 | node | INFO ] 🎓 Training step done.
[ 2026-04-18 07:41:21 | node | INFO ] 🛠️ Calling force_add_local_model...
[ 2026-04-18 07:41:21 | node | INFO ] ✅ [FORCE] Local model added for round 1. (1/8)
[ 2026-04-18 07:41:21 | node_16 | INFO ] 🎓 Training step done.
[ 2026-04-18 07:41:21 | node_16 | INFO ] 🛠️ Calling force_add_local_model...
[ 2026-04-18 07:41:21 | node_8 | INFO ] 🎉 Round 1 of 20 finished.
[ 2026-04-18 07:41:21 | node_16 | INFO ] ✅ [FORCE] Local model added for round 1. (1/8)
[ 2026-04-18 07:41:21 | node_5 | INFO ] 🎉 Round 1 of 20 finished.
[ 2026-04-18 07:41:21 | node_3 | INFO ] 🎉 Round 1 of 20 finished.
[ 2026-04-18 07:41:21 | node_8 | INFO ] 🗳️ [DETERMINISTIC] Train set assigned (No Voting). Size: 20
[ 2026-04-18 07:41:21 | node_5 | INFO ] 🗳️ [DETERMINISTIC] Train set assigned (No Voting). Size: 20
[ 2026-04-18 07:41:21 | node_3 | INFO ] 🗳️ [DETERMINISTIC] Train set assigned (No Voting). Size: 20
[ 2026-04-18 07:41:21 | node_8 | INFO ] 🏋️‍♀️ Preparing training...
[ 2026-04-18 07:41:21 | node_5 | INFO ] 🏋️‍♀️ Preparing training...
[ 2026-04-18 07:41:21 | node_3 | INFO ] 🏋️‍♀️ Preparing training...
[ 2026-04-18 07:41:21 | node_9 | INFO ] 🎓 Training step done.
[ 2026-04-18 07:41:21 | node_9 | INFO ] 🛠️ Calling force_add_local_model...
[ 2026-04-18 07:41:21 | node_9 | INFO ] ✅ [FORCE] Local model added for round 1. (1/8)
[ 2026-04-18 07:41:21 | node_10 | INFO ] 🎉 Round 1 of 20 finished.
[ 2026-04-18 07:41:21 | node_10 | INFO ] 🗳️ [DETERMINISTIC] Train set assigned (No Voting). Size: 20
[ 2026-04-18 07:41:21 | node_15 | INFO ] 🎉 Round 1 of 20 finished.
[ 2026-04-18 07:41:21 | node_15 | INFO ] 🗳️ [DETERMINISTIC] Train set assigned (No Voting). Size: 20
[ 2026-04-18 07:41:21 | node_10 | INFO ] 🏋️‍♀️ Preparing training...
[ 2026-04-18 07:41:21 | node_15 | INFO ] 🏋️‍♀️ Preparing training...
[ 2026-04-18 07:41:21 | node_1 | INFO ] 🎉 Round 1 of 20 finished.
[ 2026-04-18 07:41:21 | node_1 | INFO ] 🗳️ [DETERMINISTIC] Train set assigned (No Voting). Size: 20
[ 2026-04-18 07:41:21 | node_2 | INFO ] 🎉 Round 1 of 20 finished.
[ 2026-04-18 07:41:21 | node_3 | INFO ] 🎓 Training step done.
[ 2026-04-18 07:41:21 | node_3 | INFO ] 🛠️ Calling force_add_local_model...
[ 2026-04-18 07:41:21 | node_1 | INFO ] 🏋️‍♀️ Preparing training...
[ 2026-04-18 07:41:21 | node_2 | INFO ] 🗳️ [DETERMINISTIC] Train set assigned (No Voting). Size: 20
[ 2026-04-18 07:41:21 | node_3 | INFO ] ✅ [FORCE] Local model added for round 1. (1/8)
[ 2026-04-18 07:41:21 | node_18 | INFO ] 🎉 Round 1 of 20 finished.
[ 2026-04-18 07:41:21 | node_18 | INFO ] 🗳️ [DETERMINISTIC] Train set assigned (No Voting). Size: 20
[ 2026-04-18 07:41:21 | node_2 | INFO ] 🏋️‍♀️ Preparing training...
[ 2026-04-18 07:41:21 | node_6 | INFO ] 🎉 Round 1 of 20 finished.
[ 2026-04-18 07:41:21 | node_18 | INFO ] 🏋️‍♀️ Preparing training...
[ 2026-04-18 07:41:21 | node_7 | INFO ] 🎉 Round 1 of 20 finished.
[ 2026-04-18 07:41:21 | node_6 | INFO ] 🗳️ [DETERMINISTIC] Train set assigned (No Voting). Size: 20
[ 2026-04-18 07:41:21 | node_7 | INFO ] 🗳️ [DETERMINISTIC] Train set assigned (No Voting). Size: 20
[ 2026-04-18 07:41:22 | node_6 | INFO ] 🏋️‍♀️ Preparing training...
[ 2026-04-18 07:41:22 | node_7 | INFO ] 🏋️‍♀️ Preparing training...
[ 2026-04-18 07:41:22 | node_13 | INFO ] 🎉 Round 1 of 20 finished.
[ 2026-04-18 07:41:22 | node_13 | INFO ] 🗳️ [DETERMINISTIC] Train set assigned (No Voting). Size: 20
[ 2026-04-18 07:41:22 | node_17 | INFO ] 🎉 Round 1 of 20 finished.
[ 2026-04-18 07:41:22 | node_17 | INFO ] 🗳️ [DETERMINISTIC] Train set assigned (No Voting). Size: 20
[ 2026-04-18 07:41:22 | node_14 | INFO ] 🎉 Round 1 of 20 finished.
[ 2026-04-18 07:41:22 | node_13 | INFO ] 🏋️‍♀️ Preparing training...
[ 2026-04-18 07:41:22 | node_17 | INFO ] 🏋️‍♀️ Preparing training...
[ 2026-04-18 07:41:22 | node_14 | INFO ] 🗳️ [DETERMINISTIC] Train set assigned (No Voting). Size: 20
[ 2026-04-18 07:41:22 | node_14 | INFO ] 🏋️‍♀️ Preparing training...
[ 2026-04-18 07:41:22 | node_8 | INFO ] 🎓 Training step done.
[ 2026-04-18 07:41:22 | node_8 | INFO ] 🛠️ Calling force_add_local_model...
[ 2026-04-18 07:41:22 | node_5 | INFO ] 🎓 Training step done.
[ 2026-04-18 07:41:22 | node_8 | INFO ] ✅ [FORCE] Local model added for round 1. (1/11)
[ 2026-04-18 07:41:22 | node_5 | INFO ] 🛠️ Calling force_add_local_model...
[ 2026-04-18 07:41:22 | node_7 | INFO ] 🎓 Training step done.
[ 2026-04-18 07:41:22 | node_7 | INFO ] 🛠️ Calling force_add_local_model...
[ 2026-04-18 07:41:22 | node_5 | INFO ] ✅ [FORCE] Local model added for round 1. (1/8)
[ 2026-04-18 07:41:22 | node_7 | INFO ] ✅ [FORCE] Local model added for round 1. (1/8)
[ 2026-04-18 07:41:22 | node_13 | INFO ] 🎓 Training step done.
[ 2026-04-18 07:41:22 | node_13 | INFO ] 🛠️ Calling force_add_local_model...
[ 2026-04-18 07:41:22 | node_12 | INFO ] 🎉 Round 1 of 20 finished.
[ 2026-04-18 07:41:22 | node_13 | INFO ] ✅ [FORCE] Local model added for round 1. (1/9)
[ 2026-04-18 07:41:22 | node_12 | INFO ] 🗳️ [DETERMINISTIC] Train set assigned (No Voting). Size: 20
[ 2026-04-18 07:41:22 | node_12 | INFO ] 🏋️‍♀️ Preparing training...
[ 2026-04-18 07:41:22 | node_2 | INFO ] 🎓 Training step done.
[ 2026-04-18 07:41:22 | node_2 | INFO ] 🛠️ Calling force_add_local_model...
[ 2026-04-18 07:41:22 | node_2 | INFO ] ✅ [FORCE] Local model added for round 1. (1/9)
[ 2026-04-18 07:41:22 | node_1 | INFO ] 🎓 Training step done.
[ 2026-04-18 07:41:22 | node_1 | INFO ] 🛠️ Calling force_add_local_model...
[ 2026-04-18 07:41:23 | node_1 | INFO ] ✅ [FORCE] Local model added for round 1. (1/10)
[ 2026-04-18 07:41:23 | node_6 | INFO ] 🎓 Training step done.
[ 2026-04-18 07:41:23 | node_6 | INFO ] 🛠️ Calling force_add_local_model...
[ 2026-04-18 07:41:23 | node_6 | INFO ] ✅ [FORCE] Local model added for round 1. (1/12)
[ 2026-04-18 07:41:23 | node_17 | INFO ] 🎓 Training step done.
[ 2026-04-18 07:41:23 | node_17 | INFO ] 🛠️ Calling force_add_local_model...
[ 2026-04-18 07:41:23 | node_17 | INFO ] ✅ [FORCE] Local model added for round 1. (1/9)
[ 2026-04-18 07:41:23 | node_10 | INFO ] 🎓 Training step done.
[ 2026-04-18 07:41:23 | node_10 | INFO ] 🛠️ Calling force_add_local_model...
[ 2026-04-18 07:41:23 | node_10 | INFO ] ✅ [FORCE] Local model added for round 1. (1/7)
[ 2026-04-18 07:41:23 | node_12 | INFO ] 🎓 Training step done.
[ 2026-04-18 07:41:23 | node_12 | INFO ] 🛠️ Calling force_add_local_model...
[ 2026-04-18 07:41:23 | node_12 | INFO ] ✅ [FORCE] Local model added for round 1. (1/12)
[ 2026-04-18 07:41:23 | node_18 | INFO ] 🎓 Training step done.
[ 2026-04-18 07:41:23 | node_18 | INFO ] 🛠️ Calling force_add_local_model...
[ 2026-04-18 07:41:23 | node_18 | INFO ] ✅ [FORCE] Local model added for round 1. (1/10)
[ 2026-04-18 07:41:24 | node_15 | INFO ] 🎓 Training step done.
[ 2026-04-18 07:41:24 | node_15 | INFO ] 🛠️ Calling force_add_local_model...
[ 2026-04-18 07:41:24 | node_15 | INFO ] ✅ [FORCE] Local model added for round 1. (1/9)
[ 2026-04-18 07:41:24 | node_14 | INFO ] 🎓 Training step done.
[ 2026-04-18 07:41:24 | node_14 | INFO ] 🛠️ Calling force_add_local_model...
[ 2026-04-18 07:41:24 | node_14 | INFO ] ✅ [FORCE] Local model added for round 1. (1/11)
[ 2026-04-18 07:41:25 | node_4 | INFO ] 📤 Sending model to 7 direct neighbors: ['node', 'node_2', 'node_5', 'node_11', 'node_17', 'node_18', 'node_19']
[ 2026-04-18 07:41:25 | node | INFO ] 🧩 Model added for round 1 (2/8) from ['node_4']
[ 2026-04-18 07:41:25 | node_2 | INFO ] 🧩 Model added for round 1 (2/9) from ['node_4']
[ 2026-04-18 07:41:25 | node_11 | INFO ] 📤 Sending model to 7 direct neighbors: ['node_1', 'node_2', 'node_3', 'node_4', 'node_5', 'node_8', 'node_12']
[ 2026-04-18 07:41:26 | node_19 | INFO ] 📤 Sending model to 6 direct neighbors: ['node_4', 'node_5', 'node_8', 'node_10', 'node_15', 'node_16']
[ 2026-04-18 07:41:26 | node | INFO ] 📤 Sending model to 7 direct neighbors: ['node_4', 'node_7', 'node_8', 'node_12', 'node_14', 'node_16', 'node_18']
[ 2026-04-18 07:41:26 | node_1 | INFO ] 🧩 Model added for round 1 (2/10) from ['node_11']
[ 2026-04-18 07:41:26 | node_16 | INFO ] 📤 Sending model to 7 direct neighbors: ['node', 'node_1', 'node_3', 'node_9', 'node_10', 'node_14', 'node_19']
[ 2026-04-18 07:41:26 | node_4 | INFO ] 🧩 Model added for round 1 (2/8) from ['node_19']
[ 2026-04-18 07:41:26 | node_5 | INFO ] 🧩 Model added for round 1 (2/8) from ['node_4']
[ 2026-04-18 07:41:26 | node_4 | INFO ] 🧩 Model added for round 1 (3/8) from ['node']
[ 2026-04-18 07:41:26 | node_9 | INFO ] 📤 Sending model to 7 direct neighbors: ['node_6', 'node_7', 'node_10', 'node_13', 'node_16', 'node_17', 'node_18']
[ 2026-04-18 07:41:26 | node | INFO ] 🧩 Model added for round 1 (3/8) from ['node_16']
[ 2026-04-18 07:41:26 | node_6 | INFO ] 🧩 Model added for round 1 (2/12) from ['node_9']
[ 2026-04-18 07:41:26 | node_5 | INFO ] 🧩 Model added for round 1 (3/8) from ['node_19']
[ 2026-04-18 07:41:26 | node_3 | INFO ] 📤 Sending model to 7 direct neighbors: ['node_2', 'node_6', 'node_8', 'node_11', 'node_14', 'node_15', 'node_16']
[ 2026-04-18 07:41:26 | node_2 | INFO ] 🧩 Model added for round 1 (3/9) from ['node_11']
[ 2026-04-18 07:41:27 | node_11 | INFO ] 🧩 Model added for round 1 (2/8) from ['node_4']
[ 2026-04-18 07:41:27 | node_1 | INFO ] 🧩 Model added for round 1 (3/10) from ['node_16']
[ 2026-04-18 07:41:27 | node_2 | INFO ] 🧩 Model added for round 1 (4/9) from ['node_3']
[ 2026-04-18 07:41:27 | node_7 | INFO ] 🧩 Model added for round 1 (2/8) from ['node']
[ 2026-04-18 07:41:27 | node_8 | INFO ] 🧩 Model added for round 1 (2/11) from ['node_19']
[ 2026-04-18 07:41:27 | node_8 | INFO ] 📤 Sending model to 10 direct neighbors: ['node', 'node_3', 'node_7', 'node_10', 'node_11', 'node_14', 'node_15', 'node_17', 'node_18', 'node_19']
[ 2026-04-18 07:41:27 | node_7 | INFO ] 🧩 Model added for round 1 (3/8) from ['node_9']
[ 2026-04-18 07:41:27 | node_17 | INFO ] 🧩 Model added for round 1 (2/9) from ['node_4']
[ 2026-04-18 07:41:27 | node_7 | INFO ] 📤 Sending model to 7 direct neighbors: ['node', 'node_1', 'node_8', 'node_9', 'node_12', 'node_13', 'node_15']
[ 2026-04-18 07:41:27 | node_5 | INFO ] 📤 Sending model to 7 direct neighbors: ['node_4', 'node_6', 'node_11', 'node_12', 'node_13', 'node_14', 'node_19']
[ 2026-04-18 07:41:27 | node_3 | INFO ] 🧩 Model added for round 1 (2/8) from ['node_16']
[ 2026-04-18 07:41:27 | node_3 | INFO ] 🧩 Model added for round 1 (3/8) from ['node_11']
[ 2026-04-18 07:41:27 | node_13 | INFO ] 📤 Sending model to 8 direct neighbors: ['node_1', 'node_2', 'node_5', 'node_6', 'node_7', 'node_9', 'node_17', 'node_18']
[ 2026-04-18 07:41:27 | node_6 | INFO ] 🧩 Model added for round 1 (3/12) from ['node_3']
[ 2026-04-18 07:41:27 | node_8 | INFO ] 🧩 Model added for round 1 (3/11) from ['node']
[ 2026-04-18 07:41:27 | node | INFO ] 🧩 Model added for round 1 (4/8) from ['node_8']
[ 2026-04-18 07:41:27 | node_2 | INFO ] 📤 Sending model to 8 direct neighbors: ['node_1', 'node_3', 'node_4', 'node_11', 'node_12', 'node_13', 'node_14', 'node_15']
[ 2026-04-18 07:41:27 | node_4 | INFO ] 🧩 Model added for round 1 (4/8) from ['node_5']
[ 2026-04-18 07:41:28 | node_1 | INFO ] 📤 Sending model to 9 direct neighbors: ['node_2', 'node_6', 'node_7', 'node_11', 'node_13', 'node_14', 'node_15', 'node_16', 'node_18']
[ 2026-04-18 07:41:28 | node | INFO ] 🧩 Model added for round 1 (5/8) from ['node_7']
[ 2026-04-18 07:41:28 | node_1 | INFO ] 🧩 Model added for round 1 (4/10) from ['node_13']
[ 2026-04-18 07:41:28 | node_10 | INFO ] 🧩 Model added for round 1 (2/7) from ['node_19']
[ 2026-04-18 07:41:28 | node_6 | INFO ] 📤 Sending model to 11 direct neighbors: ['node_1', 'node_3', 'node_5', 'node_9', 'node_10', 'node_12', 'node_13', 'node_14', 'node_15', 'node_17', 'node_18']
[ 2026-04-18 07:41:28 | node_17 | INFO ] 📤 Sending model to 8 direct neighbors: ['node_4', 'node_6', 'node_8', 'node_9', 'node_12', 'node_13', 'node_14', 'node_18']
[ 2026-04-18 07:41:28 | node_4 | INFO ] 🧩 Model added for round 1 (5/8) from ['node_11']
[ 2026-04-18 07:41:28 | node_10 | INFO ] 📤 Sending model to 6 direct neighbors: ['node_6', 'node_8', 'node_9', 'node_12', 'node_16', 'node_19']
[ 2026-04-18 07:41:28 | node_9 | INFO ] 🧩 Model added for round 1 (2/8) from ['node_16']
[ 2026-04-18 07:41:28 | node_18 | INFO ] 🧩 Model added for round 1 (2/10) from ['node_4']
[ 2026-04-18 07:41:28 | node_10 | INFO ] 🧩 Model added for round 1 (3/7) from ['node_9']
[ 2026-04-18 07:41:28 | node_12 | INFO ] 📤 Sending model to 11 direct neighbors: ['node', 'node_2', 'node_5', 'node_6', 'node_7', 'node_10', 'node_11', 'node_14', 'node_15', 'node_17', 'node_18']
[ 2026-04-18 07:41:28 | node_4 | INFO ] 🧩 Model added for round 1 (6/8) from ['node_17']
[ 2026-04-18 07:41:28 | node_1 | INFO ] 🧩 Model added for round 1 (5/10) from ['node_2']
[ 2026-04-18 07:41:28 | node_18 | INFO ] 📤 Sending model to 9 direct neighbors: ['node', 'node_1', 'node_4', 'node_6', 'node_8', 'node_9', 'node_12', 'node_13', 'node_17']
[ 2026-04-18 07:41:28 | node_2 | INFO ] 🧩 Model added for round 1 (5/9) from ['node_1']
[ 2026-04-18 07:41:28 | node_1 | INFO ] 🧩 Model added for round 1 (6/10) from ['node_6']
[ 2026-04-18 07:41:28 | node_6 | INFO ] 🧩 Model added for round 1 (4/12) from ['node_10']
[ 2026-04-18 07:41:28 | node_3 | INFO ] 🧩 Model added for round 1 (4/8) from ['node_8']
[ 2026-04-18 07:41:28 | node_12 | INFO ] 🧩 Model added for round 1 (2/12) from ['node']
[ 2026-04-18 07:41:28 | node_15 | INFO ] 🧩 Model added for round 1 (2/9) from ['node_19']
[ 2026-04-18 07:41:29 | node_6 | INFO ] 🧩 Model added for round 1 (5/12) from ['node_5']
[ 2026-04-18 07:41:29 | node | INFO ] 🧩 Model added for round 1 (6/8) from ['node_12']
[ 2026-04-18 07:41:29 | node_1 | INFO ] 🧩 Model added for round 1 (7/10) from ['node_7']
[ 2026-04-18 07:41:29 | node_8 | INFO ] 🧩 Model added for round 1 (4/11) from ['node_3']
[ 2026-04-18 07:41:29 | node | INFO ] 🧩 Model added for round 1 (7/8) from ['node_18']
[ 2026-04-18 07:41:29 | node_15 | INFO ] 📤 Sending model to 8 direct neighbors: ['node_1', 'node_2', 'node_3', 'node_6', 'node_7', 'node_8', 'node_12', 'node_19']
[ 2026-04-18 07:41:29 | node_13 | INFO ] 🧩 Model added for round 1 (2/9) from ['node_9']
[ 2026-04-18 07:41:29 | node_10 | INFO ] 🧩 Model added for round 1 (4/7) from ['node_16']
[ 2026-04-18 07:41:29 | node_5 | INFO ] 🧩 Model added for round 1 (4/8) from ['node_11']
[ 2026-04-18 07:41:29 | node_2 | INFO ] 🧩 Model added for round 1 (6/9) from ['node_13']
[ 2026-04-18 07:41:29 | node_6 | INFO ] 🧩 Model added for round 1 (6/12) from ['node_17']
[ 2026-04-18 07:41:29 | node_7 | INFO ] 🧩 Model added for round 1 (4/8) from ['node_8']
[ 2026-04-18 07:41:29 | node_19 | INFO ] 🧩 Model added for round 1 (2/7) from ['node_4']
[ 2026-04-18 07:41:29 | node_14 | INFO ] 📤 Sending model to 10 direct neighbors: ['node', 'node_1', 'node_2', 'node_3', 'node_5', 'node_6', 'node_8', 'node_12', 'node_16', 'node_17']
[ 2026-04-18 07:41:29 | node_3 | INFO ] 🧩 Model added for round 1 (5/8) from ['node_2']
[ 2026-04-18 07:41:29 | node_6 | INFO ] 🧩 Model added for round 1 (7/12) from ['node_1']
[ 2026-04-18 07:41:29 | node_1 | INFO ] 🧩 Model added for round 1 (8/10) from ['node_15']
[ 2026-04-18 07:41:30 | node_3 | INFO ] 🧩 Model added for round 1 (6/8) from ['node_6']
[ 2026-04-18 07:41:30 | node_16 | INFO ] 🧩 Model added for round 1 (2/8) from ['node_19']
[ 2026-04-18 07:41:30 | node_2 | INFO ] 🧩 Model added for round 1 (7/9) from ['node_12']
[ 2026-04-18 07:41:30 | node_8 | INFO ] 🧩 Model added for round 1 (5/11) from ['node_10']
[ 2026-04-18 07:41:30 | node_14 | INFO ] 🧩 Model added for round 1 (2/11) from ['node']
[ 2026-04-18 07:41:30 | node_8 | INFO ] 🧩 Model added for round 1 (6/11) from ['node_7']
[ 2026-04-18 07:41:30 | node_1 | INFO ] 🧩 Model added for round 1 (9/10) from ['node_18']
[ 2026-04-18 07:41:30 | node_14 | INFO ] 🧩 Model added for round 1 (3/11) from ['node_16']
[ 2026-04-18 07:41:30 | node | INFO ] 🧩 Model added for round 1 (8/8) from ['node_14']
[ 2026-04-18 07:41:30 | node_11 | INFO ] 🧩 Model added for round 1 (3/8) from ['node_3']
[ 2026-04-18 07:41:30 | node_8 | INFO ] 🧩 Model added for round 1 (7/11) from ['node_11']
[ 2026-04-18 07:41:30 | node_5 | INFO ] 🧩 Model added for round 1 (5/8) from ['node_13']
[ 2026-04-18 07:41:30 | node_16 | INFO ] 🧩 Model added for round 1 (3/8) from ['node_9']
[ 2026-04-18 07:41:30 | node_11 | INFO ] 🧩 Model added for round 1 (4/8) from ['node_5']
[ 2026-04-18 07:41:30 | node_10 | INFO ] 🧩 Model added for round 1 (5/7) from ['node_8']
[ 2026-04-18 07:41:30 | node_8 | INFO ] 🧩 Model added for round 1 (8/11) from ['node_17']
[ 2026-04-18 07:41:30 | node_5 | INFO ] 🧩 Model added for round 1 (6/8) from ['node_6']
[ 2026-04-18 07:41:30 | node_9 | INFO ] 🧩 Model added for round 1 (3/8) from ['node_10']
[ 2026-04-18 07:41:31 | node_7 | INFO ] 🧩 Model added for round 1 (5/8) from ['node_1']
[ 2026-04-18 07:41:31 | node_4 | INFO ] 🧩 Model added for round 1 (7/8) from ['node_2']
[ 2026-04-18 07:41:31 | node_9 | INFO ] 🧩 Model added for round 1 (4/8) from ['node_7']
[ 2026-04-18 07:41:31 | node_14 | INFO ] 🧩 Model added for round 1 (4/11) from ['node_3']
[ 2026-04-18 07:41:31 | node_2 | INFO ] 🧩 Model added for round 1 (8/9) from ['node_15']
[ 2026-04-18 07:41:31 | node_4 | INFO ] 🧩 Model added for round 1 (8/8) from ['node_18']
[ 2026-04-18 07:41:31 | node_16 | INFO ] 🧩 Model added for round 1 (4/8) from ['node']
[ 2026-04-18 07:41:31 | node_1 | INFO ] 🧩 Model added for round 1 (10/10) from ['node_14']
[ 2026-04-18 07:41:31 | node_12 | INFO ] 🧩 Model added for round 1 (3/12) from ['node_11']
[ 2026-04-18 07:41:31 | node_5 | INFO ] 🧩 Model added for round 1 (7/8) from ['node_12']
[ 2026-04-18 07:41:31 | node_6 | INFO ] 🧩 Model added for round 1 (8/12) from ['node_13']
[ 2026-04-18 07:41:31 | node_17 | INFO ] 🧩 Model added for round 1 (3/9) from ['node_9']
[ 2026-04-18 07:41:31 | node_19 | INFO ] 🧩 Model added for round 1 (3/7) from ['node_16']
[ 2026-04-18 07:41:31 | node_12 | INFO ] 🧩 Model added for round 1 (4/12) from ['node_5']
[ 2026-04-18 07:41:31 | node_11 | INFO ] 🧩 Model added for round 1 (5/8) from ['node_8']
[ 2026-04-18 07:41:31 | node_12 | INFO ] 🧩 Model added for round 1 (5/12) from ['node_10']
[ 2026-04-18 07:41:31 | node_9 | INFO ] 🧩 Model added for round 1 (5/8) from ['node_17']
[ 2026-04-18 07:41:31 | node_11 | INFO ] 🧩 Model added for round 1 (6/8) from ['node_2']
[ 2026-04-18 07:41:31 | node_12 | INFO ] 🧩 Model added for round 1 (6/12) from ['node_7']
[ 2026-04-18 07:41:32 | node_9 | INFO ] 🧩 Model added for round 1 (6/8) from ['node_6']
[ 2026-04-18 07:41:32 | node_11 | INFO ] 🧩 Model added for round 1 (7/8) from ['node_1']
[ 2026-04-18 07:41:32 | node_18 | INFO ] 🧩 Model added for round 1 (3/10) from ['node']
[ 2026-04-18 07:41:32 | node_6 | INFO ] 🧩 Model added for round 1 (9/12) from ['node_18']
[ 2026-04-18 07:41:32 | node_2 | INFO ] 🧩 Model added for round 1 (9/9) from ['node_14']
[ 2026-04-18 07:41:32 | node_6 | INFO ] 🧩 Model added for round 1 (10/12) from ['node_12']
[ 2026-04-18 07:41:32 | node_15 | INFO ] 🧩 Model added for round 1 (3/9) from ['node_3']
[ 2026-04-18 07:41:32 | node_3 | INFO ] 🧩 Model added for round 1 (7/8) from ['node_15']
[ 2026-04-18 07:41:32 | node_18 | INFO ] 🧩 Model added for round 1 (4/10) from ['node_9']
[ 2026-04-18 07:41:32 | node_14 | INFO ] 🧩 Model added for round 1 (5/11) from ['node_8']
[ 2026-04-18 07:41:32 | node_13 | INFO ] 🧩 Model added for round 1 (3/9) from ['node_5']
[ 2026-04-18 07:41:32 | node_7 | INFO ] 🧩 Model added for round 1 (6/8) from ['node_13']
[ 2026-04-18 07:41:32 | node_12 | INFO ] 🧩 Model added for round 1 (7/12) from ['node_17']
[ 2026-04-18 07:41:33 | node_16 | INFO ] 🧩 Model added for round 1 (5/8) from ['node_10']
[ 2026-04-18 07:41:33 | node_12 | INFO ] 🧩 Model added for round 1 (8/12) from ['node_2']
[ 2026-04-18 07:41:33 | node_10 | INFO ] 🧩 Model added for round 1 (6/7) from ['node_6']
[ 2026-04-18 07:41:33 | node_13 | INFO ] 🧩 Model added for round 1 (4/9) from ['node_1']
[ 2026-04-18 07:41:33 | node_6 | INFO ] 🧩 Model added for round 1 (11/12) from ['node_15']
[ 2026-04-18 07:41:33 | node_13 | INFO ] 🧩 Model added for round 1 (5/9) from ['node_7']
[ 2026-04-18 07:41:33 | node_3 | INFO ] 🧩 Model added for round 1 (8/8) from ['node_14']
[ 2026-04-18 07:41:33 | node_7 | INFO ] 🧩 Model added for round 1 (7/8) from ['node_12']
[ 2026-04-18 07:41:33 | node_16 | INFO ] 🧩 Model added for round 1 (6/8) from ['node_3']
[ 2026-04-18 07:41:33 | node_15 | INFO ] 🧩 Model added for round 1 (4/9) from ['node_8']
[ 2026-04-18 07:41:33 | node_8 | INFO ] 🧩 Model added for round 1 (9/11) from ['node_18']
[ 2026-04-18 07:41:33 | node_19 | INFO ] 🧩 Model added for round 1 (4/7) from ['node_10']
[ 2026-04-18 07:41:33 | node_14 | INFO ] 🧩 Model added for round 1 (6/11) from ['node_5']
[ 2026-04-18 07:41:33 | node_9 | INFO ] 🧩 Model added for round 1 (7/8) from ['node_13']
[ 2026-04-18 07:41:34 | node_13 | INFO ] 🧩 Model added for round 1 (6/9) from ['node_17']
[ 2026-04-18 07:41:34 | node_12 | INFO ] 🧩 Model added for round 1 (9/12) from ['node_6']
[ 2026-04-18 07:41:34 | node_14 | INFO ] 🧩 Model added for round 1 (7/11) from ['node_1']
[ 2026-04-18 07:41:34 | node_13 | INFO ] 🧩 Model added for round 1 (7/9) from ['node_2']
[ 2026-04-18 07:41:34 | ModelPackager | INFO ] Round 1: Consensus detected (dist: 0.000560). Patience: 1/1
[ 2026-04-18 07:41:34 | node_5 | INFO ] 🧩 Model added for round 1 (8/8) from ['node_14']
[ 2026-04-18 07:41:34 | node_15 | INFO ] 🧩 Model added for round 1 (5/9) from ['node_7']
[ 2026-04-18 07:41:34 | node_10 | INFO ] 🧩 Model added for round 1 (7/7) from ['node_12']
[ 2026-04-18 07:41:34 | node_4 | INFO ] 🧠 Aggregation complete. Setting new model.
[ 2026-04-18 07:41:34 | node_7 | INFO ] 🧩 Model added for round 1 (8/8) from ['node_15']
[ 2026-04-18 07:41:34 | node_17 | INFO ] 🧩 Model added for round 1 (4/9) from ['node_8']
[ 2026-04-18 07:41:34 | node_17 | INFO ] 🧩 Model added for round 1 (5/9) from ['node_13']
[ 2026-04-18 07:41:34 | ModelPackager | INFO ] Round 1: Consensus detected (dist: 0.000586). Patience: 1/1
[ 2026-04-18 07:41:34 | ModelPackager | INFO ] 🌟 Node node is AUTHORIZED. Starting packaging & push...
[ 2026-04-18 07:41:34 | node_9 | INFO ] 🧩 Model added for round 1 (8/8) from ['node_18']
[ 2026-04-18 07:41:34 | node | INFO ] 🧠 Aggregation complete. Setting new model.
[ 2026-04-18 07:41:35 | node_14 | INFO ] 🧩 Model added for round 1 (8/11) from ['node_2']
[ 2026-04-18 07:41:35 | ModelPackager | INFO ] Round 1: Consensus detected (dist: 0.000643). Patience: 1/1
[ 2026-04-18 07:41:35 | node_19 | INFO ] 🧩 Model added for round 1 (5/7) from ['node_5']
[ 2026-04-18 07:41:35 | node_14 | INFO ] 🧩 Model added for round 1 (9/11) from ['node_17']
[ 2026-04-18 07:41:35 | node_3 | INFO ] 🧠 Aggregation complete. Setting new model.
[ 2026-04-18 07:41:35 | ModelPackager | INFO ] Round 1: Consensus detected (dist: 0.000552). Patience: 1/1
[ 2026-04-18 07:41:35 | node_4 | INFO ] 🗣️ Gossiping aggregated model.
[ 2026-04-18 07:41:35 | node_6 | INFO ] 🧩 Model added for round 1 (12/12) from ['node_14']
[ 2026-04-18 07:41:35 | node_11 | INFO ] 🧩 Model added for round 1 (8/8) from ['node_12']
[ 2026-04-18 07:41:35 | node_10 | INFO ] 🧠 Aggregation complete. Setting new model.
[ 2026-04-18 07:41:35 | node_15 | INFO ] 🧩 Model added for round 1 (6/9) from ['node_1']
[ 2026-04-18 07:41:35 | node_13 | INFO ] 🧩 Model added for round 1 (8/9) from ['node_6']
[ 2026-04-18 07:41:35 | node_8 | INFO ] 🧩 Model added for round 1 (10/11) from ['node_15']
[ 2026-04-18 07:41:35 | ModelPackager | INFO ] Round 1: Consensus detected (dist: 0.000532). Patience: 1/1
[ 2026-04-18 07:41:35 | ModelPackager | INFO ] Round 1: Consensus detected (dist: 0.000475). Patience: 1/1
[ 2026-04-18 07:41:35 | ModelPackager | INFO ] Round 1: Consensus detected (dist: 0.000617). Patience: 1/1
[ 2026-04-18 07:41:35 | node | INFO ] 🗣️ Gossiping aggregated model.
[ 2026-04-18 07:41:36 | node_3 | INFO ] 🗣️ Gossiping aggregated model.
[ 2026-04-18 07:41:36 | node_10 | INFO ] 🗣️ Gossiping aggregated model.
[ 2026-04-18 07:41:36 | node_18 | INFO ] 🧩 Model added for round 1 (5/10) from ['node_8']
[ 2026-04-18 07:41:36 | node_18 | INFO ] 🧩 Model added for round 1 (6/10) from ['node_13']
[ 2026-04-18 07:41:36 | node_12 | INFO ] 🧩 Model added for round 1 (10/12) from ['node_18']
[ 2026-04-18 07:41:36 | node_9 | INFO ] 🧠 Aggregation complete. Setting new model.
[ 2026-04-18 07:41:36 | node_11 | INFO ] 🧠 Aggregation complete. Setting new model.
[ 2026-04-18 07:41:36 | node_7 | INFO ] 🧠 Aggregation complete. Setting new model.
[ 2026-04-18 07:41:36 | node_15 | INFO ] 🧩 Model added for round 1 (7/9) from ['node_2']
[ 2026-04-18 07:41:36 | node_14 | INFO ] 🧩 Model added for round 1 (10/11) from ['node_12']
[ 2026-04-18 07:41:36 | node_9 | INFO ] 🗣️ Gossiping aggregated model.
[ 2026-04-18 07:41:36 | node_16 | INFO ] 🧩 Model added for round 1 (7/8) from ['node_1']
[ 2026-04-18 07:41:36 | node_18 | INFO ] 🧩 Model added for round 1 (7/10) from ['node_17']
[ 2026-04-18 07:41:36 | node_14 | INFO ] 🧩 Model added for round 1 (11/11) from ['node_6']
[ 2026-04-18 07:41:36 | node_11 | INFO ] 🗣️ Gossiping aggregated model.
[ 2026-04-18 07:41:37 | node_8 | INFO ] 🧩 Model added for round 1 (11/11) from ['node_14']
[ 2026-04-18 07:41:37 | node_12 | INFO ] 🧩 Model added for round 1 (11/12) from ['node_15']
[ 2026-04-18 07:41:37 | node_7 | INFO ] 🗣️ Gossiping aggregated model.
[ 2026-04-18 07:41:37 | node_13 | INFO ] 🧩 Model added for round 1 (9/9) from ['node_18']
[ 2026-04-18 07:41:37 | node_19 | INFO ] 🧩 Model added for round 1 (6/7) from ['node_8']
[ 2026-04-18 07:41:37 | ModelPackager | INFO ] Round 1: Consensus detected (dist: 0.000513). Patience: 1/1
[ 2026-04-18 07:41:37 | node_15 | INFO ] 🧩 Model added for round 1 (8/9) from ['node_12']
[ 2026-04-18 07:41:37 | node_15 | INFO ] 🧩 Model added for round 1 (9/9) from ['node_6']
[ 2026-04-18 07:41:38 | node_18 | INFO ] 🧩 Model added for round 1 (8/10) from ['node_1']
[ 2026-04-18 07:41:38 | node_5 | INFO ] 🧠 Aggregation complete. Setting new model.
[ 2026-04-18 07:41:38 | node_12 | INFO ] 🧩 Model added for round 1 (12/12) from ['node_14']
[ 2026-04-18 07:41:38 | node_19 | INFO ] 🧩 Model added for round 1 (7/7) from ['node_15']
[ 2026-04-18 07:41:38 | node_17 | INFO ] 🧩 Model added for round 1 (6/9) from ['node_18']
[ 2026-04-18 07:41:38 | node_5 | INFO ] 🗣️ Gossiping aggregated model.
[ 2026-04-18 07:41:38 | ModelPackager | INFO ] Round 1: Consensus detected (dist: 0.000538). Patience: 1/1
[ 2026-04-18 07:41:38 | ModelPackager | INFO ] Round 1: Consensus detected (dist: 0.000655). Patience: 1/1
[ 2026-04-18 07:41:38 | node_17 | INFO ] 🧩 Model added for round 1 (7/9) from ['node_12']
[ 2026-04-18 07:41:38 | node_17 | INFO ] 🧩 Model added for round 1 (8/9) from ['node_6']
[ 2026-04-18 07:41:39 | node_16 | INFO ] 🧩 Model added for round 1 (8/8) from ['node_14']
[ 2026-04-18 07:41:39 | node_13 | INFO ] 🧠 Aggregation complete. Setting new model.
[ 2026-04-18 07:41:39 | node_2 | INFO ] 🧠 Aggregation complete. Setting new model.
[ 2026-04-18 07:41:40 | node_18 | INFO ] 🧩 Model added for round 1 (9/10) from ['node_12']
[ 2026-04-18 07:41:40 | ModelPackager | INFO ] Round 1: Consensus detected (dist: 0.000615). Patience: 1/1
[ 2026-04-18 07:41:40 | ModelPackager | INFO ] Round 1: Consensus detected (dist: 0.000698). Patience: 1/1
[ 2026-04-18 07:41:40 | ModelPackager | INFO ] Round 1: Consensus detected (dist: 0.000680). Patience: 1/1
[ 2026-04-18 07:41:40 | ModelPackager | INFO ] Round 1: Consensus detected (dist: 0.000628). Patience: 1/1
[ 2026-04-18 07:41:40 | ModelPackager | INFO ] Round 1: Consensus detected (dist: 0.000598). Patience: 1/1
[ 2026-04-18 07:41:40 | node_18 | INFO ] 🧩 Model added for round 1 (10/10) from ['node_6']
[ 2026-04-18 07:41:40 | node_19 | INFO ] 🧠 Aggregation complete. Setting new model.
[ 2026-04-18 07:41:40 | node_16 | INFO ] 🧠 Aggregation complete. Setting new model.
[ 2026-04-18 07:41:40 | node_15 | INFO ] 🧠 Aggregation complete. Setting new model.
[ 2026-04-18 07:41:40 | node_8 | INFO ] 🧠 Aggregation complete. Setting new model.
[ 2026-04-18 07:41:40 | node_1 | INFO ] 🧠 Aggregation complete. Setting new model.
[ 2026-04-18 07:41:40 | node_13 | INFO ] 🗣️ Gossiping aggregated model.
[ 2026-04-18 07:41:40 | node_2 | INFO ] 🗣️ Gossiping aggregated model.
[ 2026-04-18 07:41:40 | node_17 | INFO ] 🧩 Model added for round 1 (9/9) from ['node_14']
[ 2026-04-18 07:41:41 | node_19 | INFO ] 🗣️ Gossiping aggregated model.
[ 2026-04-18 07:41:41 | node_16 | INFO ] 🗣️ Gossiping aggregated model.
[ 2026-04-18 07:41:41 | node_1 | INFO ] 🗣️ Gossiping aggregated model.
[ 2026-04-18 07:41:41 | node_15 | INFO ] 🗣️ Gossiping aggregated model.
[ 2026-04-18 07:41:41 | node_8 | INFO ] 🗣️ Gossiping aggregated model.
[ 2026-04-18 07:41:41 | ModelPackager | INFO ] Round 1: Consensus detected (dist: 0.000551). Patience: 1/1
[ 2026-04-18 07:41:42 | node_18 | INFO ] 🧠 Aggregation complete. Setting new model.
[ 2026-04-18 07:41:42 | ModelPackager | INFO ] Round 1: Consensus detected (dist: 0.000581). Patience: 1/1
[ 2026-04-18 07:41:42 | ModelPackager | INFO ] Round 1: Consensus detected (dist: 0.000553). Patience: 1/1
[ 2026-04-18 07:41:42 | ModelPackager | INFO ] Round 1: Consensus detected (dist: 0.000732). Patience: 1/1
[ 2026-04-18 07:41:42 | ModelPackager | INFO ] Round 1: Consensus detected (dist: 0.000734). Patience: 1/1
[ 2026-04-18 07:41:42 | node_18 | INFO ] 🗣️ Gossiping aggregated model.
[ 2026-04-18 07:41:42 | node_14 | INFO ] 🧠 Aggregation complete. Setting new model.
[ 2026-04-18 07:41:42 | node_17 | INFO ] 🧠 Aggregation complete. Setting new model.
[ 2026-04-18 07:41:43 | node_6 | INFO ] 🧠 Aggregation complete. Setting new model.
[ 2026-04-18 07:41:43 | node_12 | INFO ] 🧠 Aggregation complete. Setting new model.
[ 2026-04-18 07:41:43 | node_17 | INFO ] 🗣️ Gossiping aggregated model.
[ 2026-04-18 07:41:43 | node_14 | INFO ] 🗣️ Gossiping aggregated model.
[ 2026-04-18 07:41:43 | node_6 | INFO ] 🗣️ Gossiping aggregated model.
[ 2026-04-18 07:41:43 | node_12 | INFO ] 🗣️ Gossiping aggregated model.
[ 2026-04-18 07:41:43 | node_12 | INFO ] 🤫 Gossip finished.
[ 2026-04-18 07:41:43 | node_12 | INFO ] 🔬 Evaluating...
[ 2026-04-18 07:41:43 | node_12 | INFO ] 📈 Evaluated. Results: {'test_loss': 3.589625597000122, 'test_acc': 0.246478870511055, 'test_precision': 0.0913291648030281, 'test_recall': 0.05324645712971687, 'test_f1': 0.05459422990679741, 'communication_cost': 51767408}
[ 2026-04-18 07:41:43 | node_12 | INFO ] 📢 Broadcasting metrics.
[ 2026-04-18 07:41:43 | node_11 | INFO ] 🤫 Gossip finished.
[ 2026-04-18 07:41:43 | node_4 | INFO ] 🤫 Gossip finished.
[ 2026-04-18 07:41:43 | node_11 | INFO ] 🔬 Evaluating...
[ 2026-04-18 07:41:43 | node_4 | INFO ] 🔬 Evaluating...
[ 2026-04-18 07:41:44 | node_3 | INFO ] 🤫 Gossip finished.
[ 2026-04-18 07:41:44 | node_3 | INFO ] 🔬 Evaluating...
[ 2026-04-18 07:41:44 | node_11 | INFO ] 📈 Evaluated. Results: {'test_loss': 4.683504104614258, 'test_acc': 0.1957186609506607, 'test_precision': 0.15945671498775482, 'test_recall': 0.05017298832535744, 'test_f1': 0.06827779859304428, 'communication_cost': 32942896}
[ 2026-04-18 07:41:44 | node_15 | INFO ] 🤫 Gossip finished.
[ 2026-04-18 07:41:44 | node | INFO ] 🤫 Gossip finished.
[ 2026-04-18 07:41:44 | node | INFO ] 🔬 Evaluating...
[ 2026-04-18 07:41:44 | node_15 | INFO ] 🔬 Evaluating...
[ 2026-04-18 07:41:44 | node_11 | INFO ] 📢 Broadcasting metrics.
[ 2026-04-18 07:41:44 | node_4 | INFO ] 📈 Evaluated. Results: {'test_loss': 7.500428199768066, 'test_acc': 0.023121386766433716, 'test_precision': 0.048765942454338074, 'test_recall': 0.0058655450120568275, 'test_f1': 0.009581192396581173, 'communication_cost': 32942896}
[ 2026-04-18 07:41:44 | node_4 | INFO ] 📢 Broadcasting metrics.
[ 2026-04-18 07:41:44 | node_3 | INFO ] 📈 Evaluated. Results: {'test_loss': 6.648812770843506, 'test_acc': 0.2489795982837677, 'test_precision': 0.28680214285850525, 'test_recall': 0.12684373557567596, 'test_f1': 0.14197200536727905, 'communication_cost': 32942896}
[ 2026-04-18 07:41:44 | node_3 | INFO ] 📢 Broadcasting metrics.
[ 2026-04-18 07:41:44 | node | INFO ] 📈 Evaluated. Results: {'test_loss': 5.740659713745117, 'test_acc': 0.08510638028383255, 'test_precision': 0.1989896595478058, 'test_recall': 0.03100593201816082, 'test_f1': 0.05061290040612221, 'communication_cost': 32942896}
[ 2026-04-18 07:41:44 | node | INFO ] 📢 Broadcasting metrics.
[ 2026-04-18 07:41:44 | node_15 | INFO ] 📈 Evaluated. Results: {'test_loss': 29.146533966064453, 'test_acc': 0.0, 'test_precision': 0.0, 'test_recall': 0.0, 'test_f1': 0.0, 'communication_cost': 37649024}
[ 2026-04-18 07:41:44 | node_15 | INFO ] 📢 Broadcasting metrics.
[ 2026-04-18 07:41:45 | node_11 | INFO ] 🎉 Round 2 of 20 finished.
[ 2026-04-18 07:41:45 | node_11 | INFO ] 🗳️ [DETERMINISTIC] Train set assigned (No Voting). Size: 20
[ 2026-04-18 07:41:45 | node_11 | INFO ] 🏋️‍♀️ Preparing training...
[ 2026-04-18 07:41:45 | node_4 | INFO ] 🎉 Round 2 of 20 finished.
[ 2026-04-18 07:41:45 | node_12 | INFO ] 🎉 Round 2 of 20 finished.
[ 2026-04-18 07:41:45 | node_12 | INFO ] 🗳️ [DETERMINISTIC] Train set assigned (No Voting). Size: 20
[ 2026-04-18 07:41:45 | node_4 | INFO ] 🗳️ [DETERMINISTIC] Train set assigned (No Voting). Size: 20
[ 2026-04-18 07:41:45 | node_12 | INFO ] 🏋️‍♀️ Preparing training...
[ 2026-04-18 07:41:45 | node_4 | INFO ] 🏋️‍♀️ Preparing training...
[ 2026-04-18 07:41:45 | node | INFO ] 🎉 Round 2 of 20 finished.
[ 2026-04-18 07:41:45 | node_3 | INFO ] 🎉 Round 2 of 20 finished.
[ 2026-04-18 07:41:45 | node | INFO ] 🗳️ [DETERMINISTIC] Train set assigned (No Voting). Size: 20
[ 2026-04-18 07:41:45 | node_3 | INFO ] 🗳️ [DETERMINISTIC] Train set assigned (No Voting). Size: 20
[ 2026-04-18 07:41:45 | node | INFO ] 🏋️‍♀️ Preparing training...
[ 2026-04-18 07:41:45 | node_3 | INFO ] 🏋️‍♀️ Preparing training...
[ 2026-04-18 07:41:46 | node_11 | INFO ] 🎓 Training step done.
[ 2026-04-18 07:41:46 | node_11 | INFO ] 🛠️ Calling force_add_local_model...
[ 2026-04-18 07:41:46 | node_11 | INFO ] ✅ [FORCE] Local model added for round 2. (1/8)
[ 2026-04-18 07:41:46 | node_15 | INFO ] 🎉 Round 2 of 20 finished.
[ 2026-04-18 07:41:46 | node_15 | INFO ] 🗳️ [DETERMINISTIC] Train set assigned (No Voting). Size: 20
[ 2026-04-18 07:41:46 | node_15 | INFO ] 🏋️‍♀️ Preparing training...
[ 2026-04-18 07:41:46 | node_4 | INFO ] 🎓 Training step done.
[ 2026-04-18 07:41:46 | node_4 | INFO ] 🛠️ Calling force_add_local_model...
[ 2026-04-18 07:41:46 | node_3 | INFO ] 🎓 Training step done.
[ 2026-04-18 07:41:46 | node_3 | INFO ] 🛠️ Calling force_add_local_model...
[ 2026-04-18 07:41:46 | node_4 | INFO ] ✅ [FORCE] Local model added for round 2. (1/8)
[ 2026-04-18 07:41:46 | node_3 | INFO ] ✅ [FORCE] Local model added for round 2. (1/8)
[ 2026-04-18 07:41:46 | node | INFO ] 🎓 Training step done.
[ 2026-04-18 07:41:46 | node_12 | INFO ] 🎓 Training step done.
[ 2026-04-18 07:41:46 | node | INFO ] 🛠️ Calling force_add_local_model...
[ 2026-04-18 07:41:46 | node_12 | INFO ] 🛠️ Calling force_add_local_model...
[ 2026-04-18 07:41:46 | node | INFO ] ✅ [FORCE] Local model added for round 2. (1/8)
[ 2026-04-18 07:41:46 | node_12 | INFO ] ✅ [FORCE] Local model added for round 2. (1/12)
[ 2026-04-18 07:41:48 | node_15 | INFO ] 🎓 Training step done.
[ 2026-04-18 07:41:48 | node_15 | INFO ] 🛠️ Calling force_add_local_model...
[ 2026-04-18 07:41:48 | node_15 | INFO ] ✅ [FORCE] Local model added for round 2. (1/9)
[ 2026-04-18 07:41:51 | node_11 | INFO ] 📤 Sending model to 7 direct neighbors: ['node_1', 'node_2', 'node_3', 'node_4', 'node_5', 'node_8', 'node_12']
[ 2026-04-18 07:41:51 | node_4 | INFO ] 📤 Sending model to 7 direct neighbors: ['node', 'node_2', 'node_5', 'node_11', 'node_17', 'node_18', 'node_19']
[ 2026-04-18 07:41:51 | node_3 | INFO ] 📤 Sending model to 7 direct neighbors: ['node_2', 'node_6', 'node_8', 'node_11', 'node_14', 'node_15', 'node_16']
[ 2026-04-18 07:41:51 | node | INFO ] 📤 Sending model to 7 direct neighbors: ['node_4', 'node_7', 'node_8', 'node_12', 'node_14', 'node_16', 'node_18']
[ 2026-04-18 07:41:51 | node_12 | INFO ] 📤 Sending model to 11 direct neighbors: ['node', 'node_2', 'node_5', 'node_6', 'node_7', 'node_10', 'node_11', 'node_14', 'node_15', 'node_17', 'node_18']
[ 2026-04-18 07:41:51 | node | INFO ] 🧩 Model added for round 2 (2/8) from ['node_4']
[ 2026-04-18 07:41:52 | node | INFO ] 🧩 Model added for round 2 (3/8) from ['node_12']
[ 2026-04-18 07:41:52 | node_4 | INFO ] 🧩 Model added for round 2 (2/8) from ['node']
[ 2026-04-18 07:41:52 | node_3 | INFO ] 🧩 Model added for round 2 (2/8) from ['node_11']
[ 2026-04-18 07:41:53 | node_15 | INFO ] 📤 Sending model to 8 direct neighbors: ['node_1', 'node_2', 'node_3', 'node_6', 'node_7', 'node_8', 'node_12', 'node_19']
[ 2026-04-18 07:41:53 | node_11 | INFO ] 🧩 Model added for round 2 (2/8) from ['node_3']
[ 2026-04-18 07:41:53 | node_5 | INFO ] ⏹️  Gossiping exited for 10 equal rounds.
[ 2026-04-18 07:41:53 | node_5 | INFO ] 🔬 Evaluating...
[ 2026-04-18 07:41:53 | node_4 | INFO ] 🧩 Model added for round 2 (3/8) from ['node_11']
[ 2026-04-18 07:41:53 | node_11 | INFO ] 🧩 Model added for round 2 (3/8) from ['node_4']
[ 2026-04-18 07:41:54 | node_12 | INFO ] 🧩 Model added for round 2 (2/12) from ['node']
[ 2026-04-18 07:41:54 | node_5 | INFO ] 📈 Evaluated. Results: {'test_loss': 8.792135238647461, 'test_acc': 0.0, 'test_precision': 0.0, 'test_recall': 0.0, 'test_f1': 0.0, 'communication_cost': 32942896}
[ 2026-04-18 07:41:54 | node_5 | INFO ] 📢 Broadcasting metrics.
[ 2026-04-18 07:41:54 | node_15 | INFO ] 🧩 Model added for round 2 (2/9) from ['node_3']
[ 2026-04-18 07:41:54 | node_3 | INFO ] 🧩 Model added for round 2 (3/8) from ['node_15']
[ 2026-04-18 07:41:55 | node_7 | INFO ] ⏹️  Gossiping exited for 10 equal rounds.
[ 2026-04-18 07:41:55 | node_7 | INFO ] 🔬 Evaluating...
[ 2026-04-18 07:41:55 | node_11 | INFO ] 🧩 Model added for round 2 (4/8) from ['node_12']
[ 2026-04-18 07:41:55 | node_5 | INFO ] 🎉 Round 2 of 20 finished.
[ 2026-04-18 07:41:55 | node_5 | INFO ] 🗳️ [DETERMINISTIC] Train set assigned (No Voting). Size: 20
[ 2026-04-18 07:41:55 | node_10 | INFO ] ⏹️  Gossiping exited for 10 equal rounds.
[ 2026-04-18 07:41:55 | node_5 | INFO ] ♻️ Proactively processing 3 early models for round 2.
[ 2026-04-18 07:41:55 | node_5 | INFO ] 🧩 Model added for round 2 (1/8) from ['node_4']
[ 2026-04-18 07:41:55 | node_5 | INFO ] 🧩 Model added for round 2 (2/8) from ['node_12']
[ 2026-04-18 07:41:55 | node_5 | INFO ] 🧩 Model added for round 2 (3/8) from ['node_11']
[ 2026-04-18 07:41:55 | node_12 | INFO ] 🧩 Model added for round 2 (3/12) from ['node_11']
[ 2026-04-18 07:41:55 | node_5 | INFO ] 🏋️‍♀️ Preparing training...
[ 2026-04-18 07:41:55 | node_10 | INFO ] 🔬 Evaluating...
[ 2026-04-18 07:41:55 | node_13 | INFO ] ⏹️  Gossiping exited for 10 equal rounds.
[ 2026-04-18 07:41:55 | node_13 | INFO ] 🔬 Evaluating...
[ 2026-04-18 07:41:56 | node_7 | INFO ] 📈 Evaluated. Results: {'test_loss': 14.6226167678833, 'test_acc': 0.08547008782625198, 'test_precision': 0.12419897317886353, 'test_recall': 0.07033422589302063, 'test_f1': 0.0730629563331604, 'communication_cost': 32942896}
[ 2026-04-18 07:41:56 | node_7 | INFO ] 📢 Broadcasting metrics.
[ 2026-04-18 07:41:56 | node_10 | INFO ] 📈 Evaluated. Results: {'test_loss': 14.125970840454102, 'test_acc': 0.0028248587623238564, 'test_precision': 0.0692090392112732, 'test_recall': 0.0007134951883926988, 'test_f1': 0.0014124293811619282, 'communication_cost': 28236768}
[ 2026-04-18 07:41:56 | node_13 | INFO ] 📈 Evaluated. Results: {'test_loss': 6.412644863128662, 'test_acc': 0.10526315867900848, 'test_precision': 0.17199461162090302, 'test_recall': 0.11640876531600952, 'test_f1': 0.05483531951904297, 'communication_cost': 37649024}
[ 2026-04-18 07:41:56 | node_10 | INFO ] 📢 Broadcasting metrics.
[ 2026-04-18 07:41:56 | node_13 | INFO ] 📢 Broadcasting metrics.
[ 2026-04-18 07:41:56 | node_12 | INFO ] 🧩 Model added for round 2 (4/12) from ['node_15']
[ 2026-04-18 07:41:56 | node_15 | INFO ] 🧩 Model added for round 2 (3/9) from ['node_12']
[ 2026-04-18 07:41:56 | node_5 | INFO ] 🎓 Training step done.
[ 2026-04-18 07:41:56 | node_5 | INFO ] 🛠️ Calling force_add_local_model...
[ 2026-04-18 07:41:56 | node_5 | INFO ] ✅ [FORCE] Local model added for round 2. (4/8)
[ 2026-04-18 07:41:57 | node_19 | INFO ] ⏹️  Gossiping exited for 10 equal rounds.
[ 2026-04-18 07:41:57 | node_10 | INFO ] 🎉 Round 2 of 20 finished.
[ 2026-04-18 07:41:57 | node_19 | INFO ] 🔬 Evaluating...
[ 2026-04-18 07:41:57 | node_10 | INFO ] 🗳️ [DETERMINISTIC] Train set assigned (No Voting). Size: 20
[ 2026-04-18 07:41:57 | node_7 | INFO ] 🎉 Round 2 of 20 finished.
[ 2026-04-18 07:41:57 | node_10 | INFO ] ♻️ Proactively processing 1 early models for round 2.
[ 2026-04-18 07:41:57 | node_10 | INFO ] 🧩 Model added for round 2 (1/7) from ['node_12']
[ 2026-04-18 07:41:57 | node_10 | INFO ] 🏋️‍♀️ Preparing training...
[ 2026-04-18 07:41:57 | node_7 | INFO ] 🗳️ [DETERMINISTIC] Train set assigned (No Voting). Size: 20
[ 2026-04-18 07:41:57 | node_19 | INFO ] 📈 Evaluated. Results: {'test_loss': 15.689715385437012, 'test_acc': 0.04790419340133667, 'test_precision': 0.08494321256875992, 'test_recall': 0.08204946666955948, 'test_f1': 0.026137948036193848, 'communication_cost': 28236768}
[ 2026-04-18 07:41:57 | node_7 | INFO ] ♻️ Proactively processing 3 early models for round 2.
[ 2026-04-18 07:41:57 | node_19 | INFO ] 📢 Broadcasting metrics.
[ 2026-04-18 07:41:57 | node_7 | INFO ] 🧩 Model added for round 2 (1/8) from ['node']
[ 2026-04-18 07:41:57 | node_7 | INFO ] 🧩 Model added for round 2 (2/8) from ['node_12']
[ 2026-04-18 07:41:57 | node_7 | INFO ] 🧩 Model added for round 2 (3/8) from ['node_15']
[ 2026-04-18 07:41:57 | node_7 | INFO ] 🏋️‍♀️ Preparing training...
[ 2026-04-18 07:41:57 | node_13 | INFO ] 🎉 Round 2 of 20 finished.
[ 2026-04-18 07:41:57 | node_13 | INFO ] 🗳️ [DETERMINISTIC] Train set assigned (No Voting). Size: 20
[ 2026-04-18 07:41:57 | node_13 | INFO ] 🏋️‍♀️ Preparing training...
[ 2026-04-18 07:41:58 | node_7 | INFO ] 🎓 Training step done.
[ 2026-04-18 07:41:58 | node_7 | INFO ] 🛠️ Calling force_add_local_model...
[ 2026-04-18 07:41:58 | node_7 | INFO ] ✅ [FORCE] Local model added for round 2. (4/8)
[ 2026-04-18 07:41:58 | node_13 | INFO ] 🎓 Training step done.
[ 2026-04-18 07:41:58 | node_13 | INFO ] 🛠️ Calling force_add_local_model...
[ 2026-04-18 07:41:58 | node_13 | INFO ] ✅ [FORCE] Local model added for round 2. (1/9)
[ 2026-04-18 07:41:58 | node_16 | INFO ] ⏹️  Gossiping exited for 10 equal rounds.
[ 2026-04-18 07:41:58 | node_16 | INFO ] 🔬 Evaluating...
[ 2026-04-18 07:41:58 | node_19 | INFO ] 🎉 Round 2 of 20 finished.
[ 2026-04-18 07:41:58 | node_19 | INFO ] 🗳️ [DETERMINISTIC] Train set assigned (No Voting). Size: 20
[ 2026-04-18 07:41:58 | node_16 | INFO ] 📈 Evaluated. Results: {'test_loss': 8.606718063354492, 'test_acc': 0.04054053872823715, 'test_precision': 0.1825396865606308, 'test_recall': 0.03441275656223297, 'test_f1': 0.03291080892086029, 'communication_cost': 32942896}
[ 2026-04-18 07:41:58 | node_16 | INFO ] 📢 Broadcasting metrics.
[ 2026-04-18 07:41:58 | node_19 | INFO ] ♻️ Proactively processing 2 early models for round 2.
[ 2026-04-18 07:41:58 | node_19 | INFO ] 🧩 Model added for round 2 (1/7) from ['node_4']
[ 2026-04-18 07:41:58 | node_19 | INFO ] 🧩 Model added for round 2 (2/7) from ['node_15']
[ 2026-04-18 07:41:58 | node_19 | INFO ] 🏋️‍♀️ Preparing training...
[ 2026-04-18 07:41:58 | node_10 | INFO ] 🎓 Training step done.
[ 2026-04-18 07:41:58 | node_10 | INFO ] 🛠️ Calling force_add_local_model...
[ 2026-04-18 07:41:58 | node_18 | INFO ] ⏹️  Gossiping exited for 10 equal rounds.
[ 2026-04-18 07:41:58 | node_10 | INFO ] ✅ [FORCE] Local model added for round 2. (2/7)
[ 2026-04-18 07:41:58 | node_18 | INFO ] 🔬 Evaluating...
[ 2026-04-18 07:41:59 | node_2 | INFO ] ⏹️  Gossiping exited for 10 equal rounds.
[ 2026-04-18 07:41:59 | node_2 | INFO ] 🔬 Evaluating...
[ 2026-04-18 07:41:59 | node_8 | INFO ] ⏹️  Gossiping exited for 10 equal rounds.
[ 2026-04-18 07:41:59 | node_8 | INFO ] 🔬 Evaluating...
[ 2026-04-18 07:41:59 | node_19 | INFO ] 🎓 Training step done.
[ 2026-04-18 07:41:59 | node_8 | INFO ] 📈 Evaluated. Results: {'test_loss': 4.9987263679504395, 'test_acc': 0.14754098653793335, 'test_precision': 0.17812499403953552, 'test_recall': 0.06757478415966034, 'test_f1': 0.0922619104385376, 'communication_cost': 47061280}
[ 2026-04-18 07:41:59 | node_19 | INFO ] 🛠️ Calling force_add_local_model...
[ 2026-04-18 07:41:59 | node_8 | INFO ] 📢 Broadcasting metrics.
[ 2026-04-18 07:41:59 | node_2 | INFO ] 📈 Evaluated. Results: {'test_loss': 3.184354066848755, 'test_acc': 0.3278985619544983, 'test_precision': 0.21502408385276794, 'test_recall': 0.0868421345949173, 'test_f1': 0.11633151769638062, 'communication_cost': 37649024}
[ 2026-04-18 07:41:59 | node_19 | INFO ] ✅ [FORCE] Local model added for round 2. (3/7)
[ 2026-04-18 07:41:59 | node_18 | INFO ] 📈 Evaluated. Results: {'test_loss': 3.9310996532440186, 'test_acc': 0.25562915205955505, 'test_precision': 0.1592012196779251, 'test_recall': 0.0598655566573143, 'test_f1': 0.07246603816747665, 'communication_cost': 42355152}
[ 2026-04-18 07:41:59 | node_2 | INFO ] 📢 Broadcasting metrics.
[ 2026-04-18 07:41:59 | node_18 | INFO ] 📢 Broadcasting metrics.
[ 2026-04-18 07:41:59 | node_16 | INFO ] 🎉 Round 2 of 20 finished.
[ 2026-04-18 07:41:59 | node_16 | INFO ] 🗳️ [DETERMINISTIC] Train set assigned (No Voting). Size: 20
[ 2026-04-18 07:41:59 | node_16 | INFO ] ♻️ Proactively processing 2 early models for round 2.
[ 2026-04-18 07:41:59 | node_16 | INFO ] 🧩 Model added for round 2 (1/8) from ['node']
[ 2026-04-18 07:41:59 | node_16 | INFO ] 🧩 Model added for round 2 (2/8) from ['node_3']
[ 2026-04-18 07:41:59 | node_16 | INFO ] 🏋️‍♀️ Preparing training...
[ 2026-04-18 07:41:59 | node_6 | INFO ] ⏹️  Gossiping exited for 10 equal rounds.
[ 2026-04-18 07:41:59 | node_6 | INFO ] 🔬 Evaluating...
[ 2026-04-18 07:42:00 | node_2 | INFO ] 🎉 Round 2 of 20 finished.
[ 2026-04-18 07:42:00 | node_2 | INFO ] 🗳️ [DETERMINISTIC] Train set assigned (No Voting). Size: 20
[ 2026-04-18 07:42:00 | node_2 | INFO ] ♻️ Proactively processing 5 early models for round 2.
[ 2026-04-18 07:42:00 | node_2 | INFO ] 🧩 Model added for round 2 (1/9) from ['node_3']
[ 2026-04-18 07:42:00 | node_2 | INFO ] 🧩 Model added for round 2 (2/9) from ['node_11']
[ 2026-04-18 07:42:00 | node_2 | INFO ] 🧩 Model added for round 2 (3/9) from ['node_4']
[ 2026-04-18 07:42:00 | node_2 | INFO ] 🧩 Model added for round 2 (4/9) from ['node_12']
[ 2026-04-18 07:42:00 | node_2 | INFO ] 🧩 Model added for round 2 (5/9) from ['node_15']
[ 2026-04-18 07:42:00 | node_14 | INFO ] ⏹️  Gossiping exited for 10 equal rounds.
[ 2026-04-18 07:42:00 | node_2 | INFO ] 🏋️‍♀️ Preparing training...
[ 2026-04-18 07:42:00 | node_14 | INFO ] 🔬 Evaluating...
[ 2026-04-18 07:42:00 | node_6 | INFO ] 📈 Evaluated. Results: {'test_loss': 3.2714717388153076, 'test_acc': 0.2513328194618225, 'test_precision': 0.13159243762493134, 'test_recall': 0.03992297872900963, 'test_f1': 0.056241270154714584, 'communication_cost': 51767408}
[ 2026-04-18 07:42:00 | node_6 | INFO ] 📢 Broadcasting metrics.
[ 2026-04-18 07:42:00 | node_8 | INFO ] 🎉 Round 2 of 20 finished.
[ 2026-04-18 07:42:00 | node_8 | INFO ] 🗳️ [DETERMINISTIC] Train set assigned (No Voting). Size: 20
[ 2026-04-18 07:42:00 | node_8 | INFO ] ♻️ Proactively processing 4 early models for round 2.
[ 2026-04-18 07:42:00 | node_8 | INFO ] 🧩 Model added for round 2 (1/11) from ['node_3']
[ 2026-04-18 07:42:00 | node_16 | INFO ] 🎓 Training step done.
[ 2026-04-18 07:42:00 | node_8 | INFO ] 🧩 Model added for round 2 (2/11) from ['node']
[ 2026-04-18 07:42:00 | node_18 | INFO ] 🎉 Round 2 of 20 finished.
[ 2026-04-18 07:42:00 | node_16 | INFO ] 🛠️ Calling force_add_local_model...
[ 2026-04-18 07:42:00 | node_8 | INFO ] 🧩 Model added for round 2 (3/11) from ['node_11']
[ 2026-04-18 07:42:00 | node_8 | INFO ] 🧩 Model added for round 2 (4/11) from ['node_15']
[ 2026-04-18 07:42:00 | node_16 | INFO ] ✅ [FORCE] Local model added for round 2. (3/8)
[ 2026-04-18 07:42:00 | node_8 | INFO ] 🏋️‍♀️ Preparing training...
[ 2026-04-18 07:42:00 | node_18 | INFO ] 🗳️ [DETERMINISTIC] Train set assigned (No Voting). Size: 20
[ 2026-04-18 07:42:00 | node_14 | INFO ] 📈 Evaluated. Results: {'test_loss': 5.090673923492432, 'test_acc': 0.08641975373029709, 'test_precision': 0.1661490648984909, 'test_recall': 0.0829094797372818, 'test_f1': 0.06300538778305054, 'communication_cost': 47061280}
[ 2026-04-18 07:42:00 | node_14 | INFO ] 📢 Broadcasting metrics.
[ 2026-04-18 07:42:00 | node_18 | INFO ] ♻️ Proactively processing 3 early models for round 2.
[ 2026-04-18 07:42:00 | node_18 | INFO ] 🧩 Model added for round 2 (1/10) from ['node_4']
[ 2026-04-18 07:42:00 | node_18 | INFO ] 🧩 Model added for round 2 (2/10) from ['node']
[ 2026-04-18 07:42:00 | node_18 | INFO ] 🧩 Model added for round 2 (3/10) from ['node_12']
[ 2026-04-18 07:42:00 | node_18 | INFO ] 🏋️‍♀️ Preparing training...
[ 2026-04-18 07:42:01 | node_2 | INFO ] 🎓 Training step done.
[ 2026-04-18 07:42:01 | node_2 | INFO ] 🛠️ Calling force_add_local_model...
[ 2026-04-18 07:42:01 | node_2 | INFO ] ✅ [FORCE] Local model added for round 2. (6/9)
[ 2026-04-18 07:42:01 | node_8 | INFO ] 🎓 Training step done.
[ 2026-04-18 07:42:01 | node_8 | INFO ] 🛠️ Calling force_add_local_model...
[ 2026-04-18 07:42:01 | node_8 | INFO ] ✅ [FORCE] Local model added for round 2. (5/11)
[ 2026-04-18 07:42:01 | node_5 | INFO ] 📤 Sending model to 7 direct neighbors: ['node_4', 'node_6', 'node_11', 'node_12', 'node_13', 'node_14', 'node_19']
[ 2026-04-18 07:42:02 | node_4 | INFO ] 🧩 Model added for round 2 (4/8) from ['node_5']
[ 2026-04-18 07:42:02 | node_6 | INFO ] 🎉 Round 2 of 20 finished.
[ 2026-04-18 07:42:02 | node_6 | INFO ] 🗳️ [DETERMINISTIC] Train set assigned (No Voting). Size: 20
[ 2026-04-18 07:42:02 | node_6 | INFO ] ♻️ Proactively processing 3 early models for round 2.
[ 2026-04-18 07:42:02 | node_6 | INFO ] 🧩 Model added for round 2 (1/12) from ['node_3']
[ 2026-04-18 07:42:02 | node_6 | INFO ] 🧩 Model added for round 2 (2/12) from ['node_12']
[ 2026-04-18 07:42:02 | node_6 | INFO ] 🧩 Model added for round 2 (3/12) from ['node_15']
[ 2026-04-18 07:42:02 | node_14 | INFO ] 🎉 Round 2 of 20 finished.
[ 2026-04-18 07:42:02 | node_6 | INFO ] 🏋️‍♀️ Preparing training...
[ 2026-04-18 07:42:02 | node_14 | INFO ] 🗳️ [DETERMINISTIC] Train set assigned (No Voting). Size: 20
[ 2026-04-18 07:42:02 | node_14 | INFO ] ♻️ Proactively processing 3 early models for round 2.
[ 2026-04-18 07:42:02 | node_14 | INFO ] 🧩 Model added for round 2 (1/11) from ['node_3']
[ 2026-04-18 07:42:02 | node_14 | INFO ] 🧩 Model added for round 2 (2/11) from ['node']
[ 2026-04-18 07:42:02 | node_18 | INFO ] 🎓 Training step done.
[ 2026-04-18 07:42:02 | node_14 | INFO ] 🧩 Model added for round 2 (3/11) from ['node_12']
[ 2026-04-18 07:42:02 | node_18 | INFO ] 🛠️ Calling force_add_local_model...
[ 2026-04-18 07:42:02 | node_14 | INFO ] 🏋️‍♀️ Preparing training...
[ 2026-04-18 07:42:02 | node_18 | INFO ] ✅ [FORCE] Local model added for round 2. (4/10)
[ 2026-04-18 07:42:02 | node_6 | INFO ] 🧩 Model added for round 2 (4/12) from ['node_5']
[ 2026-04-18 07:42:03 | node_11 | INFO ] 🧩 Model added for round 2 (5/8) from ['node_5']
[ 2026-04-18 07:42:03 | node_6 | INFO ] 🎓 Training step done.
[ 2026-04-18 07:42:03 | node_6 | INFO ] 🛠️ Calling force_add_local_model...
[ 2026-04-18 07:42:03 | node_7 | INFO ] 📤 Sending model to 7 direct neighbors: ['node', 'node_1', 'node_8', 'node_9', 'node_12', 'node_13', 'node_15']
[ 2026-04-18 07:42:03 | node_6 | INFO ] ✅ [FORCE] Local model added for round 2. (5/12)
[ 2026-04-18 07:42:03 | node | INFO ] 🧩 Model added for round 2 (4/8) from ['node_7']
[ 2026-04-18 07:42:03 | node_13 | INFO ] 📤 Sending model to 8 direct neighbors: ['node_1', 'node_2', 'node_5', 'node_6', 'node_7', 'node_9', 'node_17', 'node_18']
[ 2026-04-18 07:42:03 | node_12 | INFO ] 🧩 Model added for round 2 (5/12) from ['node_5']
[ 2026-04-18 07:42:03 | node_2 | INFO ] 🧩 Model added for round 2 (7/9) from ['node_13']
[ 2026-04-18 07:42:03 | node_10 | INFO ] 📤 Sending model to 6 direct neighbors: ['node_6', 'node_8', 'node_9', 'node_12', 'node_16', 'node_19']
[ 2026-04-18 07:42:04 | node_8 | INFO ] 🧩 Model added for round 2 (6/11) from ['node_7']
[ 2026-04-18 07:42:04 | node_6 | INFO ] 🧩 Model added for round 2 (6/12) from ['node_10']
[ 2026-04-18 07:42:04 | node_13 | INFO ] 🧩 Model added for round 2 (2/9) from ['node_5']
[ 2026-04-18 07:42:04 | node_14 | INFO ] 🎓 Training step done.
[ 2026-04-18 07:42:04 | node_5 | INFO ] 🧩 Model added for round 2 (5/8) from ['node_13']
[ 2026-04-18 07:42:04 | node_19 | INFO ] 📤 Sending model to 6 direct neighbors: ['node_4', 'node_5', 'node_8', 'node_10', 'node_15', 'node_16']
[ 2026-04-18 07:42:04 | node_14 | INFO ] 🛠️ Calling force_add_local_model...
[ 2026-04-18 07:42:04 | node_14 | INFO ] ✅ [FORCE] Local model added for round 2. (4/11)
[ 2026-04-18 07:42:04 | node_4 | INFO ] 🧩 Model added for round 2 (5/8) from ['node_19']
[ 2026-04-18 07:42:05 | node_14 | INFO ] 🧩 Model added for round 2 (5/11) from ['node_5']
[ 2026-04-18 07:42:05 | node_6 | INFO ] 🧩 Model added for round 2 (7/12) from ['node_13']
[ 2026-04-18 07:42:05 | node_12 | INFO ] 🧩 Model added for round 2 (6/12) from ['node_7']
[ 2026-04-18 07:42:05 | node_8 | INFO ] 🧩 Model added for round 2 (7/11) from ['node_10']
[ 2026-04-18 07:42:05 | node_5 | INFO ] 🧩 Model added for round 2 (6/8) from ['node_19']
[ 2026-04-18 07:42:05 | node_8 | INFO ] 🧩 Model added for round 2 (8/11) from ['node_19']
[ 2026-04-18 07:42:05 | node_19 | INFO ] 🧩 Model added for round 2 (4/7) from ['node_5']
[ 2026-04-18 07:42:05 | node_16 | INFO ] 📤 Sending model to 7 direct neighbors: ['node', 'node_1', 'node_3', 'node_9', 'node_10', 'node_14', 'node_19']
[ 2026-04-18 07:42:05 | node_7 | INFO ] 🧩 Model added for round 2 (5/8) from ['node_13']
[ 2026-04-18 07:42:05 | node_13 | INFO ] 🧩 Model added for round 2 (3/9) from ['node_7']
[ 2026-04-18 07:42:06 | node | INFO ] 🧩 Model added for round 2 (5/8) from ['node_16']
[ 2026-04-18 07:42:06 | node_12 | INFO ] 🧩 Model added for round 2 (7/12) from ['node_10']
[ 2026-04-18 07:42:06 | node_2 | INFO ] 📤 Sending model to 8 direct neighbors: ['node_1', 'node_3', 'node_4', 'node_11', 'node_12', 'node_13', 'node_14', 'node_15']
[ 2026-04-18 07:42:06 | node_10 | INFO ] 🧩 Model added for round 2 (3/7) from ['node_19']
[ 2026-04-18 07:42:06 | node_15 | INFO ] 🧩 Model added for round 2 (4/9) from ['node_7']
[ 2026-04-18 07:42:06 | node_8 | INFO ] 📤 Sending model to 10 direct neighbors: ['node', 'node_3', 'node_7', 'node_10', 'node_11', 'node_14', 'node_15', 'node_17', 'node_18', 'node_19']
[ 2026-04-18 07:42:07 | node_16 | INFO ] 🧩 Model added for round 2 (4/8) from ['node_10']
[ 2026-04-18 07:42:07 | node_15 | INFO ] 🧩 Model added for round 2 (5/9) from ['node_19']
[ 2026-04-18 07:42:07 | node_18 | INFO ] 🧩 Model added for round 2 (5/10) from ['node_13']
[ 2026-04-18 07:42:07 | node_3 | INFO ] 🧩 Model added for round 2 (4/8) from ['node_16']
[ 2026-04-18 07:42:07 | node_3 | INFO ] 🧩 Model added for round 2 (5/8) from ['node_2']
[ 2026-04-18 07:42:07 | node | INFO ] 🧩 Model added for round 2 (6/8) from ['node_8']
[ 2026-04-18 07:42:07 | node_18 | INFO ] 📤 Sending model to 9 direct neighbors: ['node', 'node_1', 'node_4', 'node_6', 'node_8', 'node_9', 'node_12', 'node_13', 'node_17']
[ 2026-04-18 07:42:07 | node_19 | INFO ] 🧩 Model added for round 2 (5/7) from ['node_10']
[ 2026-04-18 07:42:07 | node_16 | INFO ] 🧩 Model added for round 2 (5/8) from ['node_19']
[ 2026-04-18 07:42:07 | node_4 | INFO ] 🧩 Model added for round 2 (6/8) from ['node_2']
[ 2026-04-18 07:42:07 | node_3 | INFO ] 🧩 Model added for round 2 (6/8) from ['node_8']
[ 2026-04-18 07:42:08 | node | INFO ] 🧩 Model added for round 2 (7/8) from ['node_18']
[ 2026-04-18 07:42:08 | node_6 | INFO ] 📤 Sending model to 11 direct neighbors: ['node_1', 'node_3', 'node_5', 'node_9', 'node_10', 'node_12', 'node_13', 'node_14', 'node_15', 'node_17', 'node_18']
[ 2026-04-18 07:42:08 | node_10 | INFO ] 🧩 Model added for round 2 (4/7) from ['node_16']
[ 2026-04-18 07:42:08 | node_11 | INFO ] 🧩 Model added for round 2 (6/8) from ['node_2']
[ 2026-04-18 07:42:08 | node_7 | INFO ] 🧩 Model added for round 2 (6/8) from ['node_8']
[ 2026-04-18 07:42:08 | node_3 | INFO ] 🧩 Model added for round 2 (7/8) from ['node_6']
[ 2026-04-18 07:42:08 | node_14 | INFO ] 🧩 Model added for round 2 (6/11) from ['node_16']
[ 2026-04-18 07:42:08 | node_9 | INFO ] ⏹️  Gossiping exited for 10 equal rounds.
[ 2026-04-18 07:42:08 | node_4 | INFO ] 🧩 Model added for round 2 (7/8) from ['node_18']
[ 2026-04-18 07:42:08 | node_9 | INFO ] 🔬 Evaluating...
[ 2026-04-18 07:42:09 | node_12 | INFO ] 🧩 Model added for round 2 (8/12) from ['node_2']
[ 2026-04-18 07:42:09 | node_10 | INFO ] 🧩 Model added for round 2 (5/7) from ['node_8']
[ 2026-04-18 07:42:09 | node_9 | INFO ] 📈 Evaluated. Results: {'test_loss': 6.31080961227417, 'test_acc': 0.2434895783662796, 'test_precision': 0.1665533035993576, 'test_recall': 0.04814400151371956, 'test_f1': 0.051122620701789856, 'communication_cost': 32942896}
[ 2026-04-18 07:42:09 | node_9 | INFO ] 📢 Broadcasting metrics.
[ 2026-04-18 07:42:09 | node_14 | INFO ] 📤 Sending model to 10 direct neighbors: ['node', 'node_1', 'node_2', 'node_3', 'node_5', 'node_6', 'node_8', 'node_12', 'node_16', 'node_17']
[ 2026-04-18 07:42:09 | node_5 | INFO ] 🧩 Model added for round 2 (7/8) from ['node_6']
[ 2026-04-18 07:42:09 | node_6 | INFO ] 🧩 Model added for round 2 (8/12) from ['node_18']
[ 2026-04-18 07:42:09 | node_19 | INFO ] 🧩 Model added for round 2 (6/7) from ['node_16']
[ 2026-04-18 07:42:09 | node_13 | INFO ] 🧩 Model added for round 2 (4/9) from ['node_2']
[ 2026-04-18 07:42:09 | node_11 | INFO ] 🧩 Model added for round 2 (7/8) from ['node_8']
[ 2026-04-18 07:42:09 | node | INFO ] 🧩 Model added for round 2 (8/8) from ['node_14']
[ 2026-04-18 07:42:10 | node_8 | INFO ] 🧩 Model added for round 2 (9/11) from ['node_18']
[ 2026-04-18 07:42:10 | node_14 | INFO ] 🧩 Model added for round 2 (7/11) from ['node_8']
[ 2026-04-18 07:42:10 | node_10 | INFO ] 🧩 Model added for round 2 (6/7) from ['node_6']
[ 2026-04-18 07:42:10 | node_9 | INFO ] 🎉 Round 2 of 20 finished.
[ 2026-04-18 07:42:10 | node_9 | INFO ] 🗳️ [DETERMINISTIC] Train set assigned (No Voting). Size: 20
[ 2026-04-18 07:42:10 | node_9 | INFO ] ♻️ Proactively processing 5 early models for round 2.
[ 2026-04-18 07:42:10 | node_9 | INFO ] 🧩 Model added for round 2 (1/8) from ['node_7']
[ 2026-04-18 07:42:10 | node_9 | INFO ] 🧩 Model added for round 2 (2/8) from ['node_10']
[ 2026-04-18 07:42:10 | node_14 | INFO ] 🧩 Model added for round 2 (8/11) from ['node_2']
[ 2026-04-18 07:42:10 | node_9 | INFO ] 🧩 Model added for round 2 (3/8) from ['node_13']
[ 2026-04-18 07:42:10 | node_9 | INFO ] 🧩 Model added for round 2 (4/8) from ['node_16']
[ 2026-04-18 07:42:10 | node_9 | INFO ] 🧩 Model added for round 2 (5/8) from ['node_6']
[ 2026-04-18 07:42:10 | node_9 | INFO ] 🏋️‍♀️ Preparing training...
[ 2026-04-18 07:42:10 | node_2 | INFO ] 🧩 Model added for round 2 (8/9) from ['node_14']
[ 2026-04-18 07:42:11 | ModelPackager | INFO ] Round 2: Consensus detected (dist: 0.000611). Patience: 1/1
[ 2026-04-18 07:42:11 | ModelPackager | INFO ] 🌟 Node node is AUTHORIZED. Starting packaging & push...
[ 2026-04-18 07:42:11 | node | INFO ] 🧠 Aggregation complete. Setting new model.
[ 2026-04-18 07:42:11 | node_9 | INFO ] 🧩 Model added for round 2 (6/8) from ['node_18']
[ 2026-04-18 07:42:11 | node_15 | INFO ] 🧩 Model added for round 2 (6/9) from ['node_8']
[ 2026-04-18 07:42:11 | node_9 | INFO ] 🎓 Training step done.
[ 2026-04-18 07:42:11 | node_15 | INFO ] 🧩 Model added for round 2 (7/9) from ['node_2']
[ 2026-04-18 07:42:11 | node_9 | INFO ] 🛠️ Calling force_add_local_model...
[ 2026-04-18 07:42:11 | node | INFO ] 🗣️ Gossiping aggregated model.
[ 2026-04-18 07:42:11 | node_12 | INFO ] 🧩 Model added for round 2 (9/12) from ['node_6']
[ 2026-04-18 07:42:11 | node_9 | INFO ] ✅ [FORCE] Local model added for round 2. (7/8)
[ 2026-04-18 07:42:11 | node_3 | INFO ] 🧩 Model added for round 2 (8/8) from ['node_14']
[ 2026-04-18 07:42:11 | node_12 | INFO ] 🧩 Model added for round 2 (10/12) from ['node_18']
[ 2026-04-18 07:42:12 | node_5 | INFO ] 🧩 Model added for round 2 (8/8) from ['node_14']
[ 2026-04-18 07:42:12 | ModelPackager | INFO ] Round 2: Consensus detected (dist: 0.000659). Patience: 1/1
[ 2026-04-18 07:42:12 | node_13 | INFO ] 🧩 Model added for round 2 (5/9) from ['node_6']
[ 2026-04-18 07:42:12 | node_18 | INFO ] 🧩 Model added for round 2 (6/10) from ['node_8']
[ 2026-04-18 07:42:12 | node_3 | INFO ] 🧠 Aggregation complete. Setting new model.
[ 2026-04-18 07:42:12 | node_1 | INFO ] ⏹️  Gossiping exited for 10 equal rounds.
[ 2026-04-18 07:42:12 | ModelPackager | INFO ] Round 2: Consensus detected (dist: 0.000525). Patience: 1/1
[ 2026-04-18 07:42:12 | node_1 | INFO ] 🔬 Evaluating...
[ 2026-04-18 07:42:12 | node_3 | INFO ] 🗣️ Gossiping aggregated model.
[ 2026-04-18 07:42:12 | node_5 | INFO ] 🧠 Aggregation complete. Setting new model.
[ 2026-04-18 07:42:13 | node_1 | INFO ] 📈 Evaluated. Results: {'test_loss': 5.866907596588135, 'test_acc': 0.1302083283662796, 'test_precision': 0.15027959644794464, 'test_recall': 0.034075383096933365, 'test_f1': 0.04616745188832283, 'communication_cost': 42355152}
[ 2026-04-18 07:42:13 | node_13 | INFO ] 🧩 Model added for round 2 (6/9) from ['node_18']
[ 2026-04-18 07:42:13 | node_6 | INFO ] 🧩 Model added for round 2 (9/12) from ['node_14']
[ 2026-04-18 07:42:13 | node_1 | INFO ] 📢 Broadcasting metrics.
[ 2026-04-18 07:42:13 | node_14 | INFO ] 🧩 Model added for round 2 (9/11) from ['node_6']
[ 2026-04-18 07:42:13 | node_5 | INFO ] 🗣️ Gossiping aggregated model.
[ 2026-04-18 07:42:13 | node_19 | INFO ] 🧩 Model added for round 2 (7/7) from ['node_8']
[ 2026-04-18 07:42:13 | node_8 | INFO ] 🧩 Model added for round 2 (10/11) from ['node_14']
[ 2026-04-18 07:42:14 | node_15 | INFO ] 🧩 Model added for round 2 (8/9) from ['node_6']
[ 2026-04-18 07:42:14 | ModelPackager | INFO ] Round 2: Consensus detected (dist: 0.000642). Patience: 1/1
[ 2026-04-18 07:42:14 | node_1 | INFO ] 🎉 Round 2 of 20 finished.
[ 2026-04-18 07:42:14 | node_1 | INFO ] 🗳️ [DETERMINISTIC] Train set assigned (No Voting). Size: 20
[ 2026-04-18 07:42:14 | node_1 | INFO ] ♻️ Proactively processing 9 early models for round 2.
[ 2026-04-18 07:42:14 | node_1 | INFO ] 🧩 Model added for round 2 (1/10) from ['node_11']
[ 2026-04-18 07:42:14 | node_1 | INFO ] 🧩 Model added for round 2 (2/10) from ['node_15']
[ 2026-04-18 07:42:14 | node_17 | INFO ] ⏹️  Gossiping exited for 10 equal rounds.
[ 2026-04-18 07:42:14 | node_17 | INFO ] 🔬 Evaluating...
[ 2026-04-18 07:42:14 | node_1 | INFO ] 🧩 Model added for round 2 (3/10) from ['node_13']
[ 2026-04-18 07:42:14 | node_19 | INFO ] 🧠 Aggregation complete. Setting new model.
[ 2026-04-18 07:42:14 | node_1 | INFO ] 🧩 Model added for round 2 (4/10) from ['node_7']
[ 2026-04-18 07:42:14 | node_1 | INFO ] 🧩 Model added for round 2 (5/10) from ['node_16']
[ 2026-04-18 07:42:14 | node_1 | INFO ] 🧩 Model added for round 2 (6/10) from ['node_2']
[ 2026-04-18 07:42:14 | node_1 | INFO ] 🧩 Model added for round 2 (7/10) from ['node_6']
[ 2026-04-18 07:42:14 | node_1 | INFO ] 🧩 Model added for round 2 (8/10) from ['node_18']
[ 2026-04-18 07:42:14 | node_1 | INFO ] 🧩 Model added for round 2 (9/10) from ['node_14']
[ 2026-04-18 07:42:14 | node_1 | INFO ] 🏋️‍♀️ Preparing training...
[ 2026-04-18 07:42:14 | node_12 | INFO ] 🧩 Model added for round 2 (11/12) from ['node_14']
[ 2026-04-18 07:42:14 | node_19 | INFO ] 🗣️ Gossiping aggregated model.
[ 2026-04-18 07:42:14 | node_17 | INFO ] 📈 Evaluated. Results: {'test_loss': 4.021061420440674, 'test_acc': 0.24444444477558136, 'test_precision': 0.18099308013916016, 'test_recall': 0.061220455914735794, 'test_f1': 0.07364805042743683, 'communication_cost': 37649024}
[ 2026-04-18 07:42:14 | node_17 | INFO ] 📢 Broadcasting metrics.
[ 2026-04-18 07:42:15 | node_18 | INFO ] 🧩 Model added for round 2 (7/10) from ['node_6']
[ 2026-04-18 07:42:15 | node_16 | INFO ] 🧩 Model added for round 2 (6/8) from ['node_14']
[ 2026-04-18 07:42:15 | node_1 | INFO ] 🎓 Training step done.
[ 2026-04-18 07:42:15 | node_1 | INFO ] 🛠️ Calling force_add_local_model...
[ 2026-04-18 07:42:15 | node_1 | INFO ] ✅ [FORCE] Local model added for round 2. (10/10)
[ 2026-04-18 07:42:16 | node_17 | INFO ] 🎉 Round 2 of 20 finished.
[ 2026-04-18 07:42:16 | node_17 | INFO ] 🗳️ [DETERMINISTIC] Train set assigned (No Voting). Size: 20
[ 2026-04-18 07:42:16 | node_17 | INFO ] ♻️ Proactively processing 7 early models for round 2.
[ 2026-04-18 07:42:16 | node_17 | INFO ] 🧩 Model added for round 2 (1/9) from ['node_4']
[ 2026-04-18 07:42:16 | node_17 | INFO ] 🧩 Model added for round 2 (2/9) from ['node_12']
[ 2026-04-18 07:42:16 | node_17 | INFO ] 🧩 Model added for round 2 (3/9) from ['node_13']
[ 2026-04-18 07:42:16 | node_17 | INFO ] 🧩 Model added for round 2 (4/9) from ['node_8']
[ 2026-04-18 07:42:16 | node_17 | INFO ] 🧩 Model added for round 2 (5/9) from ['node_18']
[ 2026-04-18 07:42:16 | node_17 | INFO ] 🧩 Model added for round 2 (6/9) from ['node_6']
[ 2026-04-18 07:42:16 | node_17 | INFO ] 🧩 Model added for round 2 (7/9) from ['node_14']
[ 2026-04-18 07:42:16 | node_17 | INFO ] 🏋️‍♀️ Preparing training...
[ 2026-04-18 07:42:16 | node_9 | INFO ] 📤 Sending model to 7 direct neighbors: ['node_6', 'node_7', 'node_10', 'node_13', 'node_16', 'node_17', 'node_18']
[ 2026-04-18 07:42:16 | node_6 | INFO ] 🧩 Model added for round 2 (10/12) from ['node_9']
[ 2026-04-18 07:42:17 | node_17 | INFO ] 🎓 Training step done.
[ 2026-04-18 07:42:17 | node_17 | INFO ] 🛠️ Calling force_add_local_model...
[ 2026-04-18 07:42:17 | node_17 | INFO ] ✅ [FORCE] Local model added for round 2. (8/9)
[ 2026-04-18 07:42:17 | node_7 | INFO ] 🧩 Model added for round 2 (7/8) from ['node_9']
[ 2026-04-18 07:42:17 | node_10 | INFO ] 🧩 Model added for round 2 (7/7) from ['node_9']
[ 2026-04-18 07:42:18 | ModelPackager | INFO ] Round 2: Consensus detected (dist: 0.000564). Patience: 1/1
[ 2026-04-18 07:42:18 | node_10 | INFO ] 🧠 Aggregation complete. Setting new model.
[ 2026-04-18 07:42:18 | node_13 | INFO ] 🧩 Model added for round 2 (7/9) from ['node_9']
[ 2026-04-18 07:42:18 | node_10 | INFO ] 🗣️ Gossiping aggregated model.
[ 2026-04-18 07:42:18 | node_16 | INFO ] 🧩 Model added for round 2 (7/8) from ['node_9']
[ 2026-04-18 07:42:19 | node_17 | INFO ] 🧩 Model added for round 2 (9/9) from ['node_9']
[ 2026-04-18 07:42:20 | node_18 | INFO ] 🧩 Model added for round 2 (8/10) from ['node_9']
[ 2026-04-18 07:42:20 | node_1 | INFO ] 📤 Sending model to 9 direct neighbors: ['node_2', 'node_6', 'node_7', 'node_11', 'node_13', 'node_14', 'node_15', 'node_16', 'node_18']
[ 2026-04-18 07:42:21 | node_2 | INFO ] 🧩 Model added for round 2 (9/9) from ['node_1']
[ 2026-04-18 07:42:21 | node_6 | INFO ] 🧩 Model added for round 2 (11/12) from ['node_1']
[ 2026-04-18 07:42:21 | ModelPackager | INFO ] Round 2: Consensus detected (dist: 0.000675). Patience: 1/1
[ 2026-04-18 07:42:22 | node_17 | INFO ] 📤 Sending model to 8 direct neighbors: ['node_4', 'node_6', 'node_8', 'node_9', 'node_12', 'node_13', 'node_14', 'node_18']
[ 2026-04-18 07:42:22 | node_2 | INFO ] 🧠 Aggregation complete. Setting new model.
[ 2026-04-18 07:42:22 | node_7 | INFO ] 🧩 Model added for round 2 (8/8) from ['node_1']
[ 2026-04-18 07:42:22 | node_2 | INFO ] 🗣️ Gossiping aggregated model.
[ 2026-04-18 07:42:22 | node_4 | INFO ] 🧩 Model added for round 2 (8/8) from ['node_17']
[ 2026-04-18 07:42:22 | node_11 | INFO ] 🧩 Model added for round 2 (8/8) from ['node_1']
[ 2026-04-18 07:42:23 | node_6 | INFO ] 🧩 Model added for round 2 (12/12) from ['node_17']
[ 2026-04-18 07:42:23 | ModelPackager | INFO ] Round 2: Consensus detected (dist: 0.000644). Patience: 1/1
[ 2026-04-18 07:42:23 | ModelPackager | INFO ] Round 2: Consensus detected (dist: 0.000480). Patience: 1/1
[ 2026-04-18 07:42:23 | ModelPackager | INFO ] Round 2: Consensus detected (dist: 0.000579). Patience: 1/1
[ 2026-04-18 07:42:23 | node_4 | INFO ] 🧠 Aggregation complete. Setting new model.
[ 2026-04-18 07:42:23 | node_11 | INFO ] 🧠 Aggregation complete. Setting new model.
[ 2026-04-18 07:42:23 | node_7 | INFO ] 🧠 Aggregation complete. Setting new model.
[ 2026-04-18 07:42:23 | ModelPackager | INFO ] Round 2: Consensus detected (dist: 0.000770). Patience: 1/1
[ 2026-04-18 07:42:23 | node_13 | INFO ] 🧩 Model added for round 2 (8/9) from ['node_1']
[ 2026-04-18 07:42:23 | node_4 | INFO ] 🗣️ Gossiping aggregated model.
[ 2026-04-18 07:42:23 | node_11 | INFO ] 🗣️ Gossiping aggregated model.
[ 2026-04-18 07:42:23 | node_7 | INFO ] 🗣️ Gossiping aggregated model.
[ 2026-04-18 07:42:24 | node_8 | INFO ] 🧩 Model added for round 2 (11/11) from ['node_17']
[ 2026-04-18 07:42:24 | node_6 | INFO ] 🧠 Aggregation complete. Setting new model.
[ 2026-04-18 07:42:24 | node_14 | INFO ] 🧩 Model added for round 2 (10/11) from ['node_1']
[ 2026-04-18 07:42:24 | node_6 | INFO ] 🗣️ Gossiping aggregated model.
[ 2026-04-18 07:42:24 | node_9 | INFO ] 🧩 Model added for round 2 (8/8) from ['node_17']
[ 2026-04-18 07:42:24 | node_15 | INFO ] 🧩 Model added for round 2 (9/9) from ['node_1']
[ 2026-04-18 07:42:25 | node_12 | INFO ] 🧩 Model added for round 2 (12/12) from ['node_17']
[ 2026-04-18 07:42:26 | ModelPackager | INFO ] Round 2: Consensus detected (dist: 0.000551). Patience: 1/1
[ 2026-04-18 07:42:26 | ModelPackager | INFO ] Round 2: Consensus detected (dist: 0.000734). Patience: 1/1
[ 2026-04-18 07:42:26 | ModelPackager | INFO ] Round 2: Consensus detected (dist: 0.000639). Patience: 1/1
[ 2026-04-18 07:42:26 | ModelPackager | INFO ] Round 2: Consensus detected (dist: 0.000766). Patience: 1/1
[ 2026-04-18 07:42:26 | node_16 | INFO ] 🧩 Model added for round 2 (8/8) from ['node_1']
[ 2026-04-18 07:42:26 | node_9 | INFO ] 🧠 Aggregation complete. Setting new model.
[ 2026-04-18 07:42:26 | node_12 | INFO ] 🧠 Aggregation complete. Setting new model.
[ 2026-04-18 07:42:26 | node_8 | INFO ] 🧠 Aggregation complete. Setting new model.
[ 2026-04-18 07:42:26 | node_9 | INFO ] 🗣️ Gossiping aggregated model.
[ 2026-04-18 07:42:26 | node_15 | INFO ] 🧠 Aggregation complete. Setting new model.
[ 2026-04-18 07:42:26 | node_13 | INFO ] 🧩 Model added for round 2 (9/9) from ['node_17']
[ 2026-04-18 07:42:26 | node_18 | INFO ] 🧩 Model added for round 2 (9/10) from ['node_1']
[ 2026-04-18 07:42:27 | node_15 | INFO ] 🗣️ Gossiping aggregated model.
[ 2026-04-18 07:42:27 | node_8 | INFO ] 🗣️ Gossiping aggregated model.
[ 2026-04-18 07:42:27 | ModelPackager | INFO ] Round 2: Consensus detected (dist: 0.000608). Patience: 1/1
[ 2026-04-18 07:42:27 | ModelPackager | INFO ] Round 2: Consensus detected (dist: 0.000558). Patience: 1/1
[ 2026-04-18 07:42:27 | node_12 | INFO ] 🗣️ Gossiping aggregated model.
[ 2026-04-18 07:42:27 | node_14 | INFO ] 🧩 Model added for round 2 (11/11) from ['node_17']
[ 2026-04-18 07:42:27 | node_16 | INFO ] 🧠 Aggregation complete. Setting new model.
[ 2026-04-18 07:42:27 | node_13 | INFO ] 🧠 Aggregation complete. Setting new model.
[ 2026-04-18 07:42:27 | node_10 | INFO ] 🤫 Gossip finished.
[ 2026-04-18 07:42:27 | node_10 | INFO ] 🔬 Evaluating...
[ 2026-04-18 07:42:27 | node_16 | INFO ] 🗣️ Gossiping aggregated model.
[ 2026-04-18 07:42:28 | node_13 | INFO ] 🗣️ Gossiping aggregated model.
[ 2026-04-18 07:42:28 | node_10 | INFO ] 📈 Evaluated. Results: {'test_loss': 11.485260009765625, 'test_acc': 0.0028248587623238564, 'test_precision': 0.0692090392112732, 'test_recall': 0.0007134951883926988, 'test_f1': 0.0014124293811619282, 'communication_cost': 33880272}
[ 2026-04-18 07:42:28 | node_10 | INFO ] 📢 Broadcasting metrics.
[ 2026-04-18 07:42:28 | node_18 | INFO ] 🧩 Model added for round 2 (10/10) from ['node_17']
[ 2026-04-18 07:42:28 | ModelPackager | INFO ] Round 2: Consensus detected (dist: 0.000708). Patience: 1/1
[ 2026-04-18 07:42:29 | node_19 | INFO ] 🤫 Gossip finished.
[ 2026-04-18 07:42:29 | node_19 | INFO ] 🔬 Evaluating...
[ 2026-04-18 07:42:29 | node_3 | INFO ] ⏹️  Gossiping exited for 10 equal rounds.
[ 2026-04-18 07:42:29 | node_10 | INFO ] 🎉 Round 3 of 20 finished.
[ 2026-04-18 07:42:29 | node_3 | INFO ] 🔬 Evaluating...
[ 2026-04-18 07:42:29 | node_1 | INFO ] 🧠 Aggregation complete. Setting new model.
[ 2026-04-18 07:42:29 | node_10 | INFO ] 🗳️ [DETERMINISTIC] Train set assigned (No Voting). Size: 20
[ 2026-04-18 07:42:29 | node_10 | INFO ] 🏋️‍♀️ Preparing training...
[ 2026-04-18 07:42:29 | node_19 | INFO ] 📈 Evaluated. Results: {'test_loss': 12.34397029876709, 'test_acc': 0.06986027956008911, 'test_precision': 0.03606967628002167, 'test_recall': 0.065756656229496, 'test_f1': 0.025283752009272575, 'communication_cost': 33880272}
[ 2026-04-18 07:42:29 | node_19 | INFO ] 📢 Broadcasting metrics.
[ 2026-04-18 07:42:29 | ModelPackager | INFO ] Round 2: Consensus detected (dist: 0.000558). Patience: 1/1
[ 2026-04-18 07:42:29 | node_1 | INFO ] 🗣️ Gossiping aggregated model.
[ 2026-04-18 07:42:29 | node_3 | INFO ] 📈 Evaluated. Results: {'test_loss': 4.67838716506958, 'test_acc': 0.281632661819458, 'test_precision': 0.315304696559906, 'test_recall': 0.13140909373760223, 'test_f1': 0.1519874781370163, 'communication_cost': 39526984}
[ 2026-04-18 07:42:29 | ModelPackager | INFO ] Round 2: Consensus detected (dist: 0.000562). Patience: 1/1
[ 2026-04-18 07:42:29 | node_3 | INFO ] 📢 Broadcasting metrics.
[ 2026-04-18 07:42:29 | node_18 | INFO ] 🧠 Aggregation complete. Setting new model.
[ 2026-04-18 07:42:29 | ModelPackager | INFO ] Round 2: Consensus detected (dist: 0.000601). Patience: 1/1
[ 2026-04-18 07:42:30 | node_18 | INFO ] 🗣️ Gossiping aggregated model.
[ 2026-04-18 07:42:30 | node_17 | INFO ] 🧠 Aggregation complete. Setting new model.
[ 2026-04-18 07:42:30 | node_14 | INFO ] 🧠 Aggregation complete. Setting new model.
[ 2026-04-18 07:42:30 | node_19 | INFO ] 🎉 Round 3 of 20 finished.
[ 2026-04-18 07:42:30 | node_17 | INFO ] 🗣️ Gossiping aggregated model.
[ 2026-04-18 07:42:30 | node_19 | INFO ] 🗳️ [DETERMINISTIC] Train set assigned (No Voting). Size: 20
[ 2026-04-18 07:42:30 | node_10 | INFO ] 🎓 Training step done.
[ 2026-04-18 07:42:30 | node_10 | INFO ] 🛠️ Calling force_add_local_model...
[ 2026-04-18 07:42:30 | node_19 | INFO ] 🏋️‍♀️ Preparing training...
[ 2026-04-18 07:42:30 | node | INFO ] 🤫 Gossip finished.
[ 2026-04-18 07:42:30 | node_10 | INFO ] ✅ [FORCE] Local model added for round 3. (1/7)
[ 2026-04-18 07:42:30 | node | INFO ] 🔬 Evaluating...
[ 2026-04-18 07:42:30 | node_3 | INFO ] 🎉 Round 3 of 20 finished.
[ 2026-04-18 07:42:30 | node_3 | INFO ] 🗳️ [DETERMINISTIC] Train set assigned (No Voting). Size: 20
[ 2026-04-18 07:42:30 | node_3 | INFO ] 🏋️‍♀️ Preparing training...
[ 2026-04-18 07:42:30 | node_14 | INFO ] 🗣️ Gossiping aggregated model.
[ 2026-04-18 07:42:31 | node | INFO ] 📈 Evaluated. Results: {'test_loss': 4.162765026092529, 'test_acc': 0.16413374245166779, 'test_precision': 0.18900147080421448, 'test_recall': 0.04953708499670029, 'test_f1': 0.07423023879528046, 'communication_cost': 39526984}
[ 2026-04-18 07:42:31 | node | INFO ] 📢 Broadcasting metrics.
[ 2026-04-18 07:42:31 | node_4 | INFO ] 🤫 Gossip finished.
[ 2026-04-18 07:42:31 | node_4 | INFO ] 🔬 Evaluating...
[ 2026-04-18 07:42:31 | node_19 | INFO ] 🎓 Training step done.
[ 2026-04-18 07:42:31 | node_19 | INFO ] 🛠️ Calling force_add_local_model...
[ 2026-04-18 07:42:31 | node_3 | INFO ] 🎓 Training step done.
[ 2026-04-18 07:42:31 | node_3 | INFO ] 🛠️ Calling force_add_local_model...
[ 2026-04-18 07:42:31 | node_13 | INFO ] 🤫 Gossip finished.
[ 2026-04-18 07:42:31 | node_19 | INFO ] ✅ [FORCE] Local model added for round 3. (1/7)
[ 2026-04-18 07:42:31 | node_13 | INFO ] 🔬 Evaluating...
[ 2026-04-18 07:42:31 | node_3 | INFO ] ✅ [FORCE] Local model added for round 3. (1/8)
[ 2026-04-18 07:42:31 | node_13 | INFO ] 📈 Evaluated. Results: {'test_loss': 5.265833377838135, 'test_acc': 0.13875597715377808, 'test_precision': 0.1928354650735855, 'test_recall': 0.22098012268543243, 'test_f1': 0.09329327940940857, 'communication_cost': 45173696}
[ 2026-04-18 07:42:31 | node_13 | INFO ] 📢 Broadcasting metrics.
[ 2026-04-18 07:42:31 | node_4 | INFO ] 📈 Evaluated. Results: {'test_loss': 4.511659622192383, 'test_acc': 0.080924853682518, 'test_precision': 0.14266906678676605, 'test_recall': 0.014534895308315754, 'test_f1': 0.022769981995224953, 'communication_cost': 39526984}
[ 2026-04-18 07:42:31 | node_4 | INFO ] 📢 Broadcasting metrics.
[ 2026-04-18 07:42:32 | node_17 | INFO ] 🤫 Gossip finished.
[ 2026-04-18 07:42:32 | node_17 | INFO ] 🔬 Evaluating...
[ 2026-04-18 07:42:32 | node | INFO ] 🎉 Round 3 of 20 finished.
[ 2026-04-18 07:42:32 | node | INFO ] 🗳️ [DETERMINISTIC] Train set assigned (No Voting). Size: 20
[ 2026-04-18 07:42:32 | node | INFO ] 🏋️‍♀️ Preparing training...
[ 2026-04-18 07:42:32 | node_17 | INFO ] 📈 Evaluated. Results: {'test_loss': 3.5950798988342285, 'test_acc': 0.30000001192092896, 'test_precision': 0.24225245416164398, 'test_recall': 0.07559195905923843, 'test_f1': 0.0892706885933876, 'communication_cost': 45173696}
[ 2026-04-18 07:42:32 | node_17 | INFO ] 📢 Broadcasting metrics.
[ 2026-04-18 07:42:32 | node_4 | INFO ] 🎉 Round 3 of 20 finished.
[ 2026-04-18 07:42:32 | node_4 | INFO ] 🗳️ [DETERMINISTIC] Train set assigned (No Voting). Size: 20
[ 2026-04-18 07:42:32 | node_4 | INFO ] 🏋️‍♀️ Preparing training...
[ 2026-04-18 07:42:32 | node_13 | INFO ] 🎉 Round 3 of 20 finished.
[ 2026-04-18 07:42:32 | node_13 | INFO ] 🗳️ [DETERMINISTIC] Train set assigned (No Voting). Size: 20
[ 2026-04-18 07:42:32 | node_13 | INFO ] 🏋️‍♀️ Preparing training...
[ 2026-04-18 07:42:32 | node | INFO ] 🎓 Training step done.
[ 2026-04-18 07:42:32 | node | INFO ] 🛠️ Calling force_add_local_model...
[ 2026-04-18 07:42:32 | node | INFO ] ✅ [FORCE] Local model added for round 3. (1/8)
[ 2026-04-18 07:42:32 | node_13 | INFO ] 🎓 Training step done.
[ 2026-04-18 07:42:32 | node_13 | INFO ] 🛠️ Calling force_add_local_model...
[ 2026-04-18 07:42:32 | node_13 | INFO ] ✅ [FORCE] Local model added for round 3. (1/9)
[ 2026-04-18 07:42:32 | node_4 | INFO ] 🎓 Training step done.
[ 2026-04-18 07:42:33 | node_4 | INFO ] 🛠️ Calling force_add_local_model...
[ 2026-04-18 07:42:33 | node_4 | INFO ] ✅ [FORCE] Local model added for round 3. (1/8)
[ 2026-04-18 07:42:33 | node_17 | INFO ] 🎉 Round 3 of 20 finished.
[ 2026-04-18 07:42:33 | node_17 | INFO ] 🗳️ [DETERMINISTIC] Train set assigned (No Voting). Size: 20
[ 2026-04-18 07:42:33 | node_17 | INFO ] 🏋️‍♀️ Preparing training...
[ 2026-04-18 07:42:34 | node_17 | INFO ] 🎓 Training step done.
[ 2026-04-18 07:42:34 | node_17 | INFO ] 🛠️ Calling force_add_local_model...
[ 2026-04-18 07:42:34 | node_17 | INFO ] ✅ [FORCE] Local model added for round 3. (1/9)
[ 2026-04-18 07:42:35 | node_10 | INFO ] 📤 Sending model to 6 direct neighbors: ['node_6', 'node_8', 'node_9', 'node_12', 'node_16', 'node_19']
[ 2026-04-18 07:42:36 | node_19 | INFO ] 📤 Sending model to 6 direct neighbors: ['node_4', 'node_5', 'node_8', 'node_10', 'node_15', 'node_16']
[ 2026-04-18 07:42:36 | node_3 | INFO ] 📤 Sending model to 7 direct neighbors: ['node_2', 'node_6', 'node_8', 'node_11', 'node_14', 'node_15', 'node_16']
[ 2026-04-18 07:42:36 | node_4 | INFO ] 🧩 Model added for round 3 (2/8) from ['node_19']
[ 2026-04-18 07:42:37 | node_19 | INFO ] 🧩 Model added for round 3 (2/7) from ['node_10']
[ 2026-04-18 07:42:37 | node | INFO ] 📤 Sending model to 7 direct neighbors: ['node_4', 'node_7', 'node_8', 'node_12', 'node_14', 'node_16', 'node_18']
[ 2026-04-18 07:42:37 | node_10 | INFO ] 🧩 Model added for round 3 (2/7) from ['node_19']
[ 2026-04-18 07:42:37 | node_13 | INFO ] 📤 Sending model to 8 direct neighbors: ['node_1', 'node_2', 'node_5', 'node_6', 'node_7', 'node_9', 'node_17', 'node_18']
[ 2026-04-18 07:42:37 | node_4 | INFO ] 🧩 Model added for round 3 (3/8) from ['node']
[ 2026-04-18 07:42:38 | node_4 | INFO ] 📤 Sending model to 7 direct neighbors: ['node', 'node_2', 'node_5', 'node_11', 'node_17', 'node_18', 'node_19']
[ 2026-04-18 07:42:38 | node | INFO ] 🧩 Model added for round 3 (2/8) from ['node_4']
[ 2026-04-18 07:42:38 | node_11 | INFO ] ⏹️  Gossiping exited for 10 equal rounds.
[ 2026-04-18 07:42:38 | node_11 | INFO ] 🔬 Evaluating...
[ 2026-04-18 07:42:38 | node_2 | INFO ] ⏹️  Gossiping exited for 10 equal rounds.
[ 2026-04-18 07:42:38 | node_2 | INFO ] 🔬 Evaluating...
[ 2026-04-18 07:42:38 | node_11 | INFO ] 📈 Evaluated. Results: {'test_loss': 3.1500823497772217, 'test_acc': 0.2905198633670807, 'test_precision': 0.1911715418100357, 'test_recall': 0.062400929629802704, 'test_f1': 0.08395078033208847, 'communication_cost': 39526984}
[ 2026-04-18 07:42:38 | node_11 | INFO ] 📢 Broadcasting metrics.
[ 2026-04-18 07:42:38 | node_2 | INFO ] 📈 Evaluated. Results: {'test_loss': 2.1052675247192383, 'test_acc': 0.510869562625885, 'test_precision': 0.2248266339302063, 'test_recall': 0.12433512508869171, 'test_f1': 0.15395587682724, 'communication_cost': 45173696}
[ 2026-04-18 07:42:39 | node_2 | INFO ] 📢 Broadcasting metrics.
[ 2026-04-18 07:42:39 | node_17 | INFO ] 📤 Sending model to 8 direct neighbors: ['node_4', 'node_6', 'node_8', 'node_9', 'node_12', 'node_13', 'node_14', 'node_18']
[ 2026-04-18 07:42:39 | node_4 | INFO ] 🧩 Model added for round 3 (4/8) from ['node_17']
[ 2026-04-18 07:42:39 | node_17 | INFO ] 🧩 Model added for round 3 (2/9) from ['node_4']
[ 2026-04-18 07:42:39 | node_11 | INFO ] 🎉 Round 3 of 20 finished.
[ 2026-04-18 07:42:39 | node_11 | INFO ] 🗳️ [DETERMINISTIC] Train set assigned (No Voting). Size: 20
[ 2026-04-18 07:42:39 | node_11 | INFO ] ♻️ Proactively processing 2 early models for round 3.
[ 2026-04-18 07:42:40 | node_11 | INFO ] 🧩 Model added for round 3 (1/8) from ['node_3']
[ 2026-04-18 07:42:40 | node_11 | INFO ] 🧩 Model added for round 3 (2/8) from ['node_4']
[ 2026-04-18 07:42:40 | node_11 | INFO ] 🏋️‍♀️ Preparing training...
[ 2026-04-18 07:42:40 | node_7 | INFO ] ⏹️  Gossiping exited for 10 equal rounds.
[ 2026-04-18 07:42:40 | node_7 | INFO ] 🔬 Evaluating...
[ 2026-04-18 07:42:40 | node_2 | INFO ] 🎉 Round 3 of 20 finished.
[ 2026-04-18 07:42:40 | node_17 | INFO ] 🧩 Model added for round 3 (3/9) from ['node_13']
[ 2026-04-18 07:42:40 | node_2 | INFO ] 🗳️ [DETERMINISTIC] Train set assigned (No Voting). Size: 20
[ 2026-04-18 07:42:40 | node_2 | INFO ] ♻️ Proactively processing 3 early models for round 3.
[ 2026-04-18 07:42:40 | node_2 | INFO ] 🧩 Model added for round 3 (1/9) from ['node_3']
[ 2026-04-18 07:42:40 | node_6 | INFO ] ⏹️  Gossiping exited for 10 equal rounds.
[ 2026-04-18 07:42:40 | node_2 | INFO ] 🧩 Model added for round 3 (2/9) from ['node_13']
[ 2026-04-18 07:42:40 | node_2 | INFO ] 🧩 Model added for round 3 (3/9) from ['node_4']
[ 2026-04-18 07:42:40 | node_2 | INFO ] 🏋️‍♀️ Preparing training...
[ 2026-04-18 07:42:40 | node_6 | INFO ] 🔬 Evaluating...
[ 2026-04-18 07:42:40 | node_19 | INFO ] 🧩 Model added for round 3 (3/7) from ['node_4']
[ 2026-04-18 07:42:40 | node_11 | INFO ] 🎓 Training step done.
[ 2026-04-18 07:42:40 | node_11 | INFO ] 🛠️ Calling force_add_local_model...
[ 2026-04-18 07:42:40 | node_11 | INFO ] ✅ [FORCE] Local model added for round 3. (3/8)
[ 2026-04-18 07:42:40 | node_6 | INFO ] 📈 Evaluated. Results: {'test_loss': 2.330531358718872, 'test_acc': 0.36405178904533386, 'test_precision': 0.13242539763450623, 'test_recall': 0.05597230792045593, 'test_f1': 0.07509727776050568, 'communication_cost': 62113832}
[ 2026-04-18 07:42:40 | node_7 | INFO ] 📈 Evaluated. Results: {'test_loss': 11.835447311401367, 'test_acc': 0.10012210160493851, 'test_precision': 0.12013892829418182, 'test_recall': 0.07309350371360779, 'test_f1': 0.07614292204380035, 'communication_cost': 39526984}
[ 2026-04-18 07:42:40 | node_6 | INFO ] 📢 Broadcasting metrics.
[ 2026-04-18 07:42:40 | node_7 | INFO ] 📢 Broadcasting metrics.
[ 2026-04-18 07:42:40 | node_13 | INFO ] 🧩 Model added for round 3 (2/9) from ['node_17']
[ 2026-04-18 07:42:41 | node_2 | INFO ] 🎓 Training step done.
[ 2026-04-18 07:42:41 | node_2 | INFO ] 🛠️ Calling force_add_local_model...
[ 2026-04-18 07:42:41 | node_2 | INFO ] ✅ [FORCE] Local model added for round 3. (4/9)
[ 2026-04-18 07:42:41 | node_9 | INFO ] ⏹️  Gossiping exited for 10 equal rounds.
[ 2026-04-18 07:42:41 | node_9 | INFO ] 🔬 Evaluating...
[ 2026-04-18 07:42:41 | node_7 | INFO ] 🎉 Round 3 of 20 finished.
[ 2026-04-18 07:42:41 | node_7 | INFO ] 🗳️ [DETERMINISTIC] Train set assigned (No Voting). Size: 20
[ 2026-04-18 07:42:41 | node_9 | INFO ] 📈 Evaluated. Results: {'test_loss': 4.128697395324707, 'test_acc': 0.3046875, 'test_precision': 0.153860941529274, 'test_recall': 0.055180322378873825, 'test_f1': 0.06268101185560226, 'communication_cost': 39526984}
[ 2026-04-18 07:42:41 | node_7 | INFO ] ♻️ Proactively processing 2 early models for round 3.
[ 2026-04-18 07:42:41 | node_7 | INFO ] 🧩 Model added for round 3 (1/8) from ['node']
[ 2026-04-18 07:42:41 | node_7 | INFO ] 🧩 Model added for round 3 (2/8) from ['node_13']
[ 2026-04-18 07:42:41 | node_9 | INFO ] 📢 Broadcasting metrics.
[ 2026-04-18 07:42:41 | node_7 | INFO ] 🏋️‍♀️ Preparing training...
[ 2026-04-18 07:42:41 | node_6 | INFO ] 🎉 Round 3 of 20 finished.
[ 2026-04-18 07:42:41 | node_6 | INFO ] 🗳️ [DETERMINISTIC] Train set assigned (No Voting). Size: 20
[ 2026-04-18 07:42:41 | node_6 | INFO ] ♻️ Proactively processing 4 early models for round 3.
[ 2026-04-18 07:42:42 | node_6 | INFO ] 🧩 Model added for round 3 (1/12) from ['node_10']
[ 2026-04-18 07:42:42 | node_6 | INFO ] 🧩 Model added for round 3 (2/12) from ['node_3']
[ 2026-04-18 07:42:42 | node_6 | INFO ] 🧩 Model added for round 3 (3/12) from ['node_13']
[ 2026-04-18 07:42:42 | node_6 | INFO ] 🧩 Model added for round 3 (4/12) from ['node_17']
[ 2026-04-18 07:42:42 | node_6 | INFO ] 🏋️‍♀️ Preparing training...
[ 2026-04-18 07:42:42 | node_7 | INFO ] 🎓 Training step done.
[ 2026-04-18 07:42:42 | node_7 | INFO ] 🛠️ Calling force_add_local_model...
[ 2026-04-18 07:42:42 | node_7 | INFO ] ✅ [FORCE] Local model added for round 3. (3/8)
[ 2026-04-18 07:42:42 | node_12 | INFO ] ⏹️  Gossiping exited for 10 equal rounds.
[ 2026-04-18 07:42:42 | node_5 | INFO ] ⏹️  Gossiping exited for 10 equal rounds.
[ 2026-04-18 07:42:42 | node_12 | INFO ] 🔬 Evaluating...
[ 2026-04-18 07:42:42 | node_5 | INFO ] 🔬 Evaluating...
[ 2026-04-18 07:42:42 | node_5 | INFO ] 📈 Evaluated. Results: {'test_loss': 6.240987300872803, 'test_acc': 0.0357142873108387, 'test_precision': 0.1428571492433548, 'test_recall': 0.010204082354903221, 'test_f1': 0.01904761977493763, 'communication_cost': 39526984}
[ 2026-04-18 07:42:42 | node_12 | INFO ] 📈 Evaluated. Results: {'test_loss': 3.194547653198242, 'test_acc': 0.2042253464460373, 'test_precision': 0.09521616995334625, 'test_recall': 0.05554401874542236, 'test_f1': 0.05261777341365814, 'communication_cost': 62113832}
[ 2026-04-18 07:42:42 | node_5 | INFO ] 📢 Broadcasting metrics.
[ 2026-04-18 07:42:42 | node_12 | INFO ] 📢 Broadcasting metrics.
[ 2026-04-18 07:42:42 | node_9 | INFO ] 🎉 Round 3 of 20 finished.
[ 2026-04-18 07:42:42 | node_9 | INFO ] 🗳️ [DETERMINISTIC] Train set assigned (No Voting). Size: 20
[ 2026-04-18 07:42:42 | node_9 | INFO ] ♻️ Proactively processing 3 early models for round 3.
[ 2026-04-18 07:42:42 | node_9 | INFO ] 🧩 Model added for round 3 (1/8) from ['node_10']
[ 2026-04-18 07:42:42 | node_9 | INFO ] 🧩 Model added for round 3 (2/8) from ['node_13']
[ 2026-04-18 07:42:42 | node_9 | INFO ] 🧩 Model added for round 3 (3/8) from ['node_17']
[ 2026-04-18 07:42:42 | node_9 | INFO ] 🏋️‍♀️ Preparing training...
[ 2026-04-18 07:42:42 | node_6 | INFO ] 🎓 Training step done.
[ 2026-04-18 07:42:42 | node_6 | INFO ] 🛠️ Calling force_add_local_model...
[ 2026-04-18 07:42:42 | node_6 | INFO ] ✅ [FORCE] Local model added for round 3. (5/12)
[ 2026-04-18 07:42:43 | node_5 | INFO ] 🎉 Round 3 of 20 finished.
[ 2026-04-18 07:42:43 | node_5 | INFO ] 🗳️ [DETERMINISTIC] Train set assigned (No Voting). Size: 20
[ 2026-04-18 07:42:43 | node_5 | INFO ] ♻️ Proactively processing 3 early models for round 3.
[ 2026-04-18 07:42:43 | node_5 | INFO ] 🧩 Model added for round 3 (1/8) from ['node_19']
[ 2026-04-18 07:42:43 | node_5 | INFO ] 🧩 Model added for round 3 (2/8) from ['node_13']
[ 2026-04-18 07:42:43 | node_5 | INFO ] 🧩 Model added for round 3 (3/8) from ['node_4']
[ 2026-04-18 07:42:43 | node_5 | INFO ] 🏋️‍♀️ Preparing training...
[ 2026-04-18 07:42:43 | node_9 | INFO ] 🎓 Training step done.
[ 2026-04-18 07:42:43 | node_9 | INFO ] 🛠️ Calling force_add_local_model...
[ 2026-04-18 07:42:43 | node_9 | INFO ] ✅ [FORCE] Local model added for round 3. (4/8)
[ 2026-04-18 07:42:43 | node_12 | INFO ] 🎉 Round 3 of 20 finished.
[ 2026-04-18 07:42:43 | node_12 | INFO ] 🗳️ [DETERMINISTIC] Train set assigned (No Voting). Size: 20
[ 2026-04-18 07:42:43 | node_8 | INFO ] ⏹️  Gossiping exited for 10 equal rounds.
[ 2026-04-18 07:42:43 | node_12 | INFO ] ♻️ Proactively processing 3 early models for round 3.
[ 2026-04-18 07:42:43 | node_12 | INFO ] 🧩 Model added for round 3 (1/12) from ['node_10']
[ 2026-04-18 07:42:43 | node_12 | INFO ] 🧩 Model added for round 3 (2/12) from ['node']
[ 2026-04-18 07:42:43 | node_8 | INFO ] 🔬 Evaluating...
[ 2026-04-18 07:42:43 | node_12 | INFO ] 🧩 Model added for round 3 (3/12) from ['node_17']
[ 2026-04-18 07:42:43 | node_12 | INFO ] 🏋️‍♀️ Preparing training...
[ 2026-04-18 07:42:43 | node_16 | INFO ] ⏹️  Gossiping exited for 10 equal rounds.
[ 2026-04-18 07:42:43 | node_16 | INFO ] 🔬 Evaluating...
[ 2026-04-18 07:42:43 | node_8 | INFO ] 📈 Evaluated. Results: {'test_loss': 4.604008197784424, 'test_acc': 0.16393442451953888, 'test_precision': 0.16111111640930176, 'test_recall': 0.09283000975847244, 'test_f1': 0.09377610683441162, 'communication_cost': 56467120}
[ 2026-04-18 07:42:43 | node_8 | INFO ] 📢 Broadcasting metrics.
[ 2026-04-18 07:42:43 | node_16 | INFO ] 📈 Evaluated. Results: {'test_loss': 5.750871181488037, 'test_acc': 0.054054055362939835, 'test_precision': 0.17592592537403107, 'test_recall': 0.0376807302236557, 'test_f1': 0.03212074190378189, 'communication_cost': 39526984}
[ 2026-04-18 07:42:43 | node_16 | INFO ] 📢 Broadcasting metrics.
[ 2026-04-18 07:42:43 | node_5 | INFO ] 🎓 Training step done.
[ 2026-04-18 07:42:43 | node_5 | INFO ] 🛠️ Calling force_add_local_model...
[ 2026-04-18 07:42:43 | node_5 | INFO ] ✅ [FORCE] Local model added for round 3. (4/8)
[ 2026-04-18 07:42:43 | node_1 | INFO ] ⏹️  Gossiping exited for 10 equal rounds.
[ 2026-04-18 07:42:44 | node_1 | INFO ] 🔬 Evaluating...
[ 2026-04-18 07:42:44 | node_12 | INFO ] 🎓 Training step done.
[ 2026-04-18 07:42:44 | node_12 | INFO ] 🛠️ Calling force_add_local_model...
[ 2026-04-18 07:42:44 | node_12 | INFO ] ✅ [FORCE] Local model added for round 3. (4/12)
[ 2026-04-18 07:42:44 | node_16 | INFO ] 🎉 Round 3 of 20 finished.
[ 2026-04-18 07:42:44 | node_16 | INFO ] 🗳️ [DETERMINISTIC] Train set assigned (No Voting). Size: 20
[ 2026-04-18 07:42:44 | node_16 | INFO ] ♻️ Proactively processing 4 early models for round 3.
[ 2026-04-18 07:42:44 | node_1 | INFO ] 📈 Evaluated. Results: {'test_loss': 4.558377742767334, 'test_acc': 0.1753472238779068, 'test_precision': 0.160508930683136, 'test_recall': 0.060999684035778046, 'test_f1': 0.0608733706176281, 'communication_cost': 50820408}
[ 2026-04-18 07:42:44 | node_16 | INFO ] 🧩 Model added for round 3 (1/8) from ['node_10']
[ 2026-04-18 07:42:44 | node_16 | INFO ] 🧩 Model added for round 3 (2/8) from ['node_3']
[ 2026-04-18 07:42:44 | node_16 | INFO ] 🧩 Model added for round 3 (3/8) from ['node_19']
[ 2026-04-18 07:42:44 | node_1 | INFO ] 📢 Broadcasting metrics.
[ 2026-04-18 07:42:44 | node_16 | INFO ] 🧩 Model added for round 3 (4/8) from ['node']
[ 2026-04-18 07:42:44 | node_16 | INFO ] 🏋️‍♀️ Preparing training...
[ 2026-04-18 07:42:44 | node_8 | INFO ] 🎉 Round 3 of 20 finished.
[ 2026-04-18 07:42:44 | node_8 | INFO ] 🗳️ [DETERMINISTIC] Train set assigned (No Voting). Size: 20
[ 2026-04-18 07:42:44 | node_8 | INFO ] ♻️ Proactively processing 5 early models for round 3.
[ 2026-04-18 07:42:44 | node_8 | INFO ] 🧩 Model added for round 3 (1/11) from ['node_10']
[ 2026-04-18 07:42:44 | node_8 | INFO ] 🧩 Model added for round 3 (2/11) from ['node_3']
[ 2026-04-18 07:42:44 | node_8 | INFO ] 🧩 Model added for round 3 (3/11) from ['node_19']
[ 2026-04-18 07:42:44 | node_8 | INFO ] 🧩 Model added for round 3 (4/11) from ['node']
[ 2026-04-18 07:42:44 | node_8 | INFO ] 🧩 Model added for round 3 (5/11) from ['node_17']
[ 2026-04-18 07:42:44 | node_8 | INFO ] 🏋️‍♀️ Preparing training...
[ 2026-04-18 07:42:44 | node_18 | INFO ] ⏹️  Gossiping exited for 10 equal rounds.
[ 2026-04-18 07:42:44 | node_18 | INFO ] 🔬 Evaluating...
[ 2026-04-18 07:42:44 | node_18 | INFO ] 📈 Evaluated. Results: {'test_loss': 2.5967659950256348, 'test_acc': 0.38940396904945374, 'test_precision': 0.19889560341835022, 'test_recall': 0.09296484291553497, 'test_f1': 0.11225448548793793, 'communication_cost': 50820408}
[ 2026-04-18 07:42:45 | node_18 | INFO ] 📢 Broadcasting metrics.
[ 2026-04-18 07:42:45 | node_1 | INFO ] 🎉 Round 3 of 20 finished.
[ 2026-04-18 07:42:45 | node_1 | INFO ] 🗳️ [DETERMINISTIC] Train set assigned (No Voting). Size: 20
[ 2026-04-18 07:42:45 | node_1 | INFO ] ♻️ Proactively processing 1 early models for round 3.
[ 2026-04-18 07:42:45 | node_1 | INFO ] 🧩 Model added for round 3 (1/10) from ['node_13']
[ 2026-04-18 07:42:45 | node_1 | INFO ] 🏋️‍♀️ Preparing training...
[ 2026-04-18 07:42:45 | node_16 | INFO ] 🎓 Training step done.
[ 2026-04-18 07:42:45 | node_16 | INFO ] 🛠️ Calling force_add_local_model...
[ 2026-04-18 07:42:45 | node_16 | INFO ] ✅ [FORCE] Local model added for round 3. (5/8)
[ 2026-04-18 07:42:45 | node_8 | INFO ] 🎓 Training step done.
[ 2026-04-18 07:42:45 | node_8 | INFO ] 🛠️ Calling force_add_local_model...
[ 2026-04-18 07:42:45 | node_8 | INFO ] ✅ [FORCE] Local model added for round 3. (6/11)
[ 2026-04-18 07:42:45 | node_18 | INFO ] 🎉 Round 3 of 20 finished.
[ 2026-04-18 07:42:45 | node_11 | INFO ] 📤 Sending model to 7 direct neighbors: ['node_1', 'node_2', 'node_3', 'node_4', 'node_5', 'node_8', 'node_12']
[ 2026-04-18 07:42:45 | node_18 | INFO ] 🗳️ [DETERMINISTIC] Train set assigned (No Voting). Size: 20
[ 2026-04-18 07:42:45 | node_18 | INFO ] ♻️ Proactively processing 4 early models for round 3.
[ 2026-04-18 07:42:45 | node_18 | INFO ] 🧩 Model added for round 3 (1/10) from ['node']
[ 2026-04-18 07:42:45 | node_18 | INFO ] 🧩 Model added for round 3 (2/10) from ['node_4']
[ 2026-04-18 07:42:45 | node_18 | INFO ] 🧩 Model added for round 3 (3/10) from ['node_13']
[ 2026-04-18 07:42:45 | node_18 | INFO ] 🧩 Model added for round 3 (4/10) from ['node_17']
[ 2026-04-18 07:42:45 | node_18 | INFO ] 🏋️‍♀️ Preparing training...
[ 2026-04-18 07:42:45 | node_14 | INFO ] ⏹️  Gossiping exited for 10 equal rounds.
[ 2026-04-18 07:42:45 | node_14 | INFO ] 🔬 Evaluating...
[ 2026-04-18 07:42:46 | node_1 | INFO ] 🧩 Model added for round 3 (2/10) from ['node_11']
[ 2026-04-18 07:42:46 | node_1 | INFO ] 🎓 Training step done.
[ 2026-04-18 07:42:46 | node_1 | INFO ] 🛠️ Calling force_add_local_model...
[ 2026-04-18 07:42:46 | node_1 | INFO ] ✅ [FORCE] Local model added for round 3. (3/10)
[ 2026-04-18 07:42:46 | node_14 | INFO ] 📈 Evaluated. Results: {'test_loss': 3.4464073181152344, 'test_acc': 0.2716049253940582, 'test_precision': 0.1666666716337204, 'test_recall': 0.130952388048172, 'test_f1': 0.11931818723678589, 'communication_cost': 56467120}
[ 2026-04-18 07:42:46 | node_14 | INFO ] 📢 Broadcasting metrics.
[ 2026-04-18 07:42:46 | node_2 | INFO ] 📤 Sending model to 8 direct neighbors: ['node_1', 'node_3', 'node_4', 'node_11', 'node_12', 'node_13', 'node_14', 'node_15']
[ 2026-04-18 07:42:46 | node_1 | INFO ] 🧩 Model added for round 3 (4/10) from ['node_2']
[ 2026-04-18 07:42:46 | node_2 | INFO ] 🧩 Model added for round 3 (5/9) from ['node_11']
[ 2026-04-18 07:42:46 | node_3 | INFO ] 🧩 Model added for round 3 (2/8) from ['node_2']
[ 2026-04-18 07:42:46 | node_3 | INFO ] 🧩 Model added for round 3 (3/8) from ['node_11']
[ 2026-04-18 07:42:47 | node_14 | INFO ] 🎉 Round 3 of 20 finished.
[ 2026-04-18 07:42:47 | node_14 | INFO ] 🗳️ [DETERMINISTIC] Train set assigned (No Voting). Size: 20
[ 2026-04-18 07:42:47 | node_14 | INFO ] ♻️ Proactively processing 3 early models for round 3.
[ 2026-04-18 07:42:47 | node_14 | INFO ] 🧩 Model added for round 3 (1/11) from ['node_3']
[ 2026-04-18 07:42:47 | node_14 | INFO ] 🧩 Model added for round 3 (2/11) from ['node']
[ 2026-04-18 07:42:47 | node_14 | INFO ] 🧩 Model added for round 3 (3/11) from ['node_17']
[ 2026-04-18 07:42:47 | node_14 | INFO ] 🏋️‍♀️ Preparing training...
[ 2026-04-18 07:42:47 | node_4 | INFO ] 🧩 Model added for round 3 (5/8) from ['node_2']
[ 2026-04-18 07:42:47 | node_7 | INFO ] 📤 Sending model to 7 direct neighbors: ['node', 'node_1', 'node_8', 'node_9', 'node_12', 'node_13', 'node_15']
[ 2026-04-18 07:42:47 | node | INFO ] 🧩 Model added for round 3 (3/8) from ['node_7']
[ 2026-04-18 07:42:47 | node_4 | INFO ] 🧩 Model added for round 3 (6/8) from ['node_11']
[ 2026-04-18 07:42:47 | node_11 | INFO ] 🧩 Model added for round 3 (4/8) from ['node_2']
[ 2026-04-18 07:42:47 | node_5 | INFO ] 🧩 Model added for round 3 (5/8) from ['node_11']
[ 2026-04-18 07:42:47 | node_1 | INFO ] 🧩 Model added for round 3 (5/10) from ['node_7']
[ 2026-04-18 07:42:47 | node_18 | INFO ] 🎓 Training step done.
[ 2026-04-18 07:42:47 | node_18 | INFO ] 🛠️ Calling force_add_local_model...
[ 2026-04-18 07:42:47 | node_18 | INFO ] ✅ [FORCE] Local model added for round 3. (5/10)
[ 2026-04-18 07:42:47 | node_6 | INFO ] 📤 Sending model to 11 direct neighbors: ['node_1', 'node_3', 'node_5', 'node_9', 'node_10', 'node_12', 'node_13', 'node_14', 'node_15', 'node_17', 'node_18']
[ 2026-04-18 07:42:48 | node_12 | INFO ] 🧩 Model added for round 3 (5/12) from ['node_2']
[ 2026-04-18 07:42:48 | node_9 | INFO ] 📤 Sending model to 7 direct neighbors: ['node_6', 'node_7', 'node_10', 'node_13', 'node_16', 'node_17', 'node_18']
[ 2026-04-18 07:42:48 | node_1 | INFO ] 🧩 Model added for round 3 (6/10) from ['node_6']
[ 2026-04-18 07:42:48 | node_8 | INFO ] 🧩 Model added for round 3 (7/11) from ['node_11']
[ 2026-04-18 07:42:48 | node_8 | INFO ] 🧩 Model added for round 3 (8/11) from ['node_7']
[ 2026-04-18 07:42:48 | node_6 | INFO ] 🧩 Model added for round 3 (6/12) from ['node_9']
[ 2026-04-18 07:42:48 | node_13 | INFO ] 🧩 Model added for round 3 (3/9) from ['node_2']
[ 2026-04-18 07:42:48 | node_3 | INFO ] 🧩 Model added for round 3 (4/8) from ['node_6']
[ 2026-04-18 07:42:49 | node_5 | INFO ] 📤 Sending model to 7 direct neighbors: ['node_4', 'node_6', 'node_11', 'node_12', 'node_13', 'node_14', 'node_19']
[ 2026-04-18 07:42:49 | node_12 | INFO ] 🧩 Model added for round 3 (6/12) from ['node_11']
[ 2026-04-18 07:42:49 | node_7 | INFO ] 🧩 Model added for round 3 (4/8) from ['node_9']
[ 2026-04-18 07:42:49 | node_12 | INFO ] 📤 Sending model to 11 direct neighbors: ['node', 'node_2', 'node_5', 'node_6', 'node_7', 'node_10', 'node_11', 'node_14', 'node_15', 'node_17', 'node_18']
[ 2026-04-18 07:42:49 | node_14 | INFO ] 🧩 Model added for round 3 (4/11) from ['node_2']
[ 2026-04-18 07:42:49 | node_9 | INFO ] 🧩 Model added for round 3 (5/8) from ['node_7']
[ 2026-04-18 07:42:49 | node_4 | INFO ] 🧩 Model added for round 3 (7/8) from ['node_5']
[ 2026-04-18 07:42:49 | node_5 | INFO ] 🧩 Model added for round 3 (6/8) from ['node_6']
[ 2026-04-18 07:42:49 | node | INFO ] 🧩 Model added for round 3 (4/8) from ['node_12']
[ 2026-04-18 07:42:49 | node_10 | INFO ] 🧩 Model added for round 3 (3/7) from ['node_9']
[ 2026-04-18 07:42:49 | node_14 | INFO ] 🎓 Training step done.
[ 2026-04-18 07:42:49 | node_14 | INFO ] 🛠️ Calling force_add_local_model...
[ 2026-04-18 07:42:49 | node_14 | INFO ] ✅ [FORCE] Local model added for round 3. (5/11)
[ 2026-04-18 07:42:49 | node_12 | INFO ] 🧩 Model added for round 3 (7/12) from ['node_7']
[ 2026-04-18 07:42:49 | node_6 | INFO ] 🧩 Model added for round 3 (7/12) from ['node_5']
[ 2026-04-18 07:42:50 | node_13 | INFO ] 🧩 Model added for round 3 (4/9) from ['node_9']
[ 2026-04-18 07:42:50 | node_9 | INFO ] 🧩 Model added for round 3 (6/8) from ['node_6']
[ 2026-04-18 07:42:50 | node_2 | INFO ] 🧩 Model added for round 3 (6/9) from ['node_12']
[ 2026-04-18 07:42:50 | node_16 | INFO ] 📤 Sending model to 7 direct neighbors: ['node', 'node_1', 'node_3', 'node_9', 'node_10', 'node_14', 'node_19']
[ 2026-04-18 07:42:50 | node_11 | INFO ] 🧩 Model added for round 3 (5/8) from ['node_5']
[ 2026-04-18 07:42:50 | node_13 | INFO ] 🧩 Model added for round 3 (5/9) from ['node_7']
[ 2026-04-18 07:42:50 | node | INFO ] 🧩 Model added for round 3 (5/8) from ['node_16']
[ 2026-04-18 07:42:50 | node_8 | INFO ] 📤 Sending model to 10 direct neighbors: ['node', 'node_3', 'node_7', 'node_10', 'node_11', 'node_14', 'node_15', 'node_17', 'node_18', 'node_19']
[ 2026-04-18 07:42:50 | node_10 | INFO ] 🧩 Model added for round 3 (4/7) from ['node_6']
[ 2026-04-18 07:42:50 | node_16 | INFO ] 🧩 Model added for round 3 (6/8) from ['node_9']
[ 2026-04-18 07:42:50 | node_5 | INFO ] 🧩 Model added for round 3 (7/8) from ['node_12']
[ 2026-04-18 07:42:50 | node | INFO ] 🧩 Model added for round 3 (6/8) from ['node_8']
[ 2026-04-18 07:42:51 | node_1 | INFO ] 📤 Sending model to 9 direct neighbors: ['node_2', 'node_6', 'node_7', 'node_11', 'node_13', 'node_14', 'node_15', 'node_16', 'node_18']
[ 2026-04-18 07:42:51 | node_12 | INFO ] 🧩 Model added for round 3 (8/12) from ['node_5']
[ 2026-04-18 07:42:51 | node_1 | INFO ] 🧩 Model added for round 3 (7/10) from ['node_16']
[ 2026-04-18 07:42:51 | node_12 | INFO ] 🧩 Model added for round 3 (9/12) from ['node_6']
[ 2026-04-18 07:42:51 | node_17 | INFO ] 🧩 Model added for round 3 (4/9) from ['node_9']
[ 2026-04-18 07:42:51 | node_6 | INFO ] 🧩 Model added for round 3 (8/12) from ['node_12']
[ 2026-04-18 07:42:51 | node_2 | INFO ] 🧩 Model added for round 3 (7/9) from ['node_1']
[ 2026-04-18 07:42:51 | node_3 | INFO ] 🧩 Model added for round 3 (5/8) from ['node_8']
[ 2026-04-18 07:42:51 | node_3 | INFO ] 🧩 Model added for round 3 (6/8) from ['node_16']
[ 2026-04-18 07:42:51 | node_13 | INFO ] 🧩 Model added for round 3 (6/9) from ['node_6']
[ 2026-04-18 07:42:51 | node_13 | INFO ] 🧩 Model added for round 3 (7/9) from ['node_5']
[ 2026-04-18 07:42:51 | node_18 | INFO ] 🧩 Model added for round 3 (6/10) from ['node_9']
[ 2026-04-18 07:42:51 | node_6 | INFO ] 🧩 Model added for round 3 (9/12) from ['node_1']
[ 2026-04-18 07:42:52 | node_7 | INFO ] 🧩 Model added for round 3 (5/8) from ['node_8']
[ 2026-04-18 07:42:52 | node_7 | INFO ] 🧩 Model added for round 3 (6/8) from ['node_12']
[ 2026-04-18 07:42:52 | node_9 | INFO ] 🧩 Model added for round 3 (7/8) from ['node_16']
[ 2026-04-18 07:42:52 | node_14 | INFO ] 🧩 Model added for round 3 (6/11) from ['node_5']
[ 2026-04-18 07:42:52 | node_14 | INFO ] 🧩 Model added for round 3 (7/11) from ['node_6']
[ 2026-04-18 07:42:52 | node_10 | INFO ] 🧩 Model added for round 3 (5/7) from ['node_8']
[ 2026-04-18 07:42:52 | node_10 | INFO ] 🧩 Model added for round 3 (6/7) from ['node_12']
[ 2026-04-18 07:42:52 | node_10 | INFO ] 🧩 Model added for round 3 (7/7) from ['node_16']
[ 2026-04-18 07:42:52 | node_7 | INFO ] 🧩 Model added for round 3 (7/8) from ['node_1']
[ 2026-04-18 07:42:52 | node_18 | INFO ] 📤 Sending model to 9 direct neighbors: ['node', 'node_1', 'node_4', 'node_6', 'node_8', 'node_9', 'node_12', 'node_13', 'node_17']
[ 2026-04-18 07:42:53 | node_11 | INFO ] 🧩 Model added for round 3 (6/8) from ['node_8']
[ 2026-04-18 07:42:53 | node_19 | INFO ] 🧩 Model added for round 3 (4/7) from ['node_5']
[ 2026-04-18 07:42:53 | node_11 | INFO ] 🧩 Model added for round 3 (7/8) from ['node_12']
[ 2026-04-18 07:42:53 | node | INFO ] 🧩 Model added for round 3 (7/8) from ['node_18']
[ 2026-04-18 07:42:53 | node_14 | INFO ] 🧩 Model added for round 3 (8/11) from ['node_16']
[ 2026-04-18 07:42:53 | node_11 | INFO ] 🧩 Model added for round 3 (8/8) from ['node_1']
[ 2026-04-18 07:42:53 | node_17 | INFO ] 🧩 Model added for round 3 (5/9) from ['node_6']
[ 2026-04-18 07:42:53 | ModelPackager | INFO ] Round 3: Consensus detected (dist: 0.000591). Patience: 1/1
[ 2026-04-18 07:42:53 | node_10 | INFO ] 🧠 Aggregation complete. Setting new model.
[ 2026-04-18 07:42:53 | node_14 | INFO ] 🧩 Model added for round 3 (9/11) from ['node_8']
[ 2026-04-18 07:42:53 | node_1 | INFO ] 🧩 Model added for round 3 (8/10) from ['node_18']
[ 2026-04-18 07:42:53 | node_14 | INFO ] 🧩 Model added for round 3 (10/11) from ['node_12']
[ 2026-04-18 07:42:53 | node_10 | INFO ] 🗣️ Gossiping aggregated model.
[ 2026-04-18 07:42:54 | node_19 | INFO ] 🧩 Model added for round 3 (5/7) from ['node_16']
[ 2026-04-18 07:42:54 | node_13 | INFO ] 🧩 Model added for round 3 (8/9) from ['node_1']
[ 2026-04-18 07:42:54 | node_18 | INFO ] 🧩 Model added for round 3 (7/10) from ['node_6']
[ 2026-04-18 07:42:54 | ModelPackager | INFO ] Round 3: Consensus detected (dist: 0.000483). Patience: 1/1
[ 2026-04-18 07:42:54 | node_4 | INFO ] 🧩 Model added for round 3 (8/8) from ['node_18']
[ 2026-04-18 07:42:54 | node_17 | INFO ] 🧩 Model added for round 3 (6/9) from ['node_8']
[ 2026-04-18 07:42:54 | node_17 | INFO ] 🧩 Model added for round 3 (7/9) from ['node_12']
[ 2026-04-18 07:42:54 | node_14 | INFO ] 🧩 Model added for round 3 (11/11) from ['node_1']
[ 2026-04-18 07:42:54 | node_14 | INFO ] 📤 Sending model to 10 direct neighbors: ['node', 'node_1', 'node_2', 'node_3', 'node_5', 'node_6', 'node_8', 'node_12', 'node_16', 'node_17']
[ 2026-04-18 07:42:54 | node_11 | INFO ] 🧠 Aggregation complete. Setting new model.
[ 2026-04-18 07:42:54 | node_6 | INFO ] 🧩 Model added for round 3 (10/12) from ['node_18']
[ 2026-04-18 07:42:54 | node_11 | INFO ] 🗣️ Gossiping aggregated model.
[ 2026-04-18 07:42:54 | node | INFO ] 🧩 Model added for round 3 (8/8) from ['node_14']
[ 2026-04-18 07:42:54 | node_18 | INFO ] 🧩 Model added for round 3 (8/10) from ['node_8']
[ 2026-04-18 07:42:55 | node_18 | INFO ] 🧩 Model added for round 3 (9/10) from ['node_12']
[ 2026-04-18 07:42:55 | node_1 | INFO ] 🧩 Model added for round 3 (9/10) from ['node_14']
[ 2026-04-18 07:42:55 | ModelPackager | INFO ] Round 3: Consensus detected (dist: 0.000587). Patience: 1/1
[ 2026-04-18 07:42:55 | ModelPackager | INFO ] Round 3: Consensus detected (dist: 0.000624). Patience: 1/1
[ 2026-04-18 07:42:55 | ModelPackager | INFO ] 🌟 Node node is AUTHORIZED. Starting packaging & push...
[ 2026-04-18 07:42:55 | node | INFO ] 🧠 Aggregation complete. Setting new model.
[ 2026-04-18 07:42:55 | node_4 | INFO ] 🧠 Aggregation complete. Setting new model.
[ 2026-04-18 07:42:55 | node_8 | INFO ] 🧩 Model added for round 3 (9/11) from ['node_18']
[ 2026-04-18 07:42:55 | node | INFO ] 🗣️ Gossiping aggregated model.
[ 2026-04-18 07:42:56 | node_19 | INFO ] 🧩 Model added for round 3 (6/7) from ['node_8']
[ 2026-04-18 07:42:56 | node_4 | INFO ] 🗣️ Gossiping aggregated model.
[ 2026-04-18 07:42:56 | node_16 | INFO ] 🧩 Model added for round 3 (7/8) from ['node_1']
[ 2026-04-18 07:42:56 | node_2 | INFO ] 🧩 Model added for round 3 (8/9) from ['node_14']
[ 2026-04-18 07:42:56 | node_9 | INFO ] 🧩 Model added for round 3 (8/8) from ['node_18']
[ 2026-04-18 07:42:56 | node_18 | INFO ] 🧩 Model added for round 3 (10/10) from ['node_1']
[ 2026-04-18 07:42:56 | node_3 | INFO ] 🧩 Model added for round 3 (7/8) from ['node_14']
[ 2026-04-18 07:42:56 | node_12 | INFO ] 🧩 Model added for round 3 (10/12) from ['node_18']
[ 2026-04-18 07:42:56 | ModelPackager | INFO ] Round 3: Consensus detected (dist: 0.000566). Patience: 1/1
[ 2026-04-18 07:42:57 | node_15 | INFO ] ⏹️  Gossiping exited for 10 equal rounds.
[ 2026-04-18 07:42:57 | node_15 | INFO ] 🔬 Evaluating...
[ 2026-04-18 07:42:57 | node_5 | INFO ] 🧩 Model added for round 3 (8/8) from ['node_14']
[ 2026-04-18 07:42:57 | node_9 | INFO ] 🧠 Aggregation complete. Setting new model.
[ 2026-04-18 07:42:57 | node_9 | INFO ] 🗣️ Gossiping aggregated model.
[ 2026-04-18 07:42:57 | node_13 | INFO ] 🧩 Model added for round 3 (9/9) from ['node_18']
[ 2026-04-18 07:42:57 | node_6 | INFO ] 🧩 Model added for round 3 (11/12) from ['node_14']
[ 2026-04-18 07:42:57 | node_15 | INFO ] 📈 Evaluated. Results: {'test_loss': 23.549030303955078, 'test_acc': 0.0, 'test_precision': 0.0, 'test_recall': 0.0, 'test_f1': 0.0, 'communication_cost': 45173696}
[ 2026-04-18 07:42:57 | node_15 | INFO ] 📢 Broadcasting metrics.
[ 2026-04-18 07:42:58 | node_17 | INFO ] 🧩 Model added for round 3 (8/9) from ['node_18']
[ 2026-04-18 07:42:58 | ModelPackager | INFO ] Round 3: Consensus detected (dist: 0.000538). Patience: 1/1
[ 2026-04-18 07:42:58 | node_8 | INFO ] 🧩 Model added for round 3 (10/11) from ['node_14']
[ 2026-04-18 07:42:58 | node_5 | INFO ] 🧠 Aggregation complete. Setting new model.
[ 2026-04-18 07:42:58 | node_5 | INFO ] 🗣️ Gossiping aggregated model.
[ 2026-04-18 07:42:58 | ModelPackager | INFO ] Round 3: Consensus detected (dist: 0.000580). Patience: 1/1
[ 2026-04-18 07:42:58 | node_12 | INFO ] 🧩 Model added for round 3 (11/12) from ['node_14']
[ 2026-04-18 07:42:58 | node_15 | INFO ] 🎉 Round 3 of 20 finished.
[ 2026-04-18 07:42:58 | node_15 | INFO ] 🗳️ [DETERMINISTIC] Train set assigned (No Voting). Size: 20
[ 2026-04-18 07:42:58 | node_13 | INFO ] 🧠 Aggregation complete. Setting new model.
[ 2026-04-18 07:42:58 | node_15 | INFO ] ♻️ Proactively processing 8 early models for round 3.
[ 2026-04-18 07:42:58 | node_15 | INFO ] 🧩 Model added for round 3 (1/9) from ['node_19']
[ 2026-04-18 07:42:58 | node_15 | INFO ] 🧩 Model added for round 3 (2/9) from ['node_3']
[ 2026-04-18 07:42:58 | node_15 | INFO ] 🧩 Model added for round 3 (3/9) from ['node_2']
[ 2026-04-18 07:42:58 | node_15 | INFO ] 🧩 Model added for round 3 (4/9) from ['node_7']
[ 2026-04-18 07:42:58 | node_15 | INFO ] 🧩 Model added for round 3 (5/9) from ['node_6']
[ 2026-04-18 07:42:58 | node_15 | INFO ] 🧩 Model added for round 3 (6/9) from ['node_8']
[ 2026-04-18 07:42:58 | node_15 | INFO ] 🧩 Model added for round 3 (7/9) from ['node_12']
[ 2026-04-18 07:42:58 | node_15 | INFO ] 🧩 Model added for round 3 (8/9) from ['node_1']
[ 2026-04-18 07:42:58 | node_15 | INFO ] 🏋️‍♀️ Preparing training...
[ 2026-04-18 07:42:59 | node_16 | INFO ] 🧩 Model added for round 3 (8/8) from ['node_14']
[ 2026-04-18 07:42:59 | node_13 | INFO ] 🗣️ Gossiping aggregated model.
[ 2026-04-18 07:42:59 | node_17 | INFO ] 🧩 Model added for round 3 (9/9) from ['node_14']
[ 2026-04-18 07:42:59 | ModelPackager | INFO ] Round 3: Consensus detected (dist: 0.000561). Patience: 1/1
[ 2026-04-18 07:42:59 | ModelPackager | INFO ] Round 3: Consensus detected (dist: 0.000622). Patience: 1/1
[ 2026-04-18 07:43:00 | node_18 | INFO ] 🧠 Aggregation complete. Setting new model.
[ 2026-04-18 07:43:00 | node_16 | INFO ] 🧠 Aggregation complete. Setting new model.
[ 2026-04-18 07:43:00 | ModelPackager | INFO ] Round 3: Consensus detected (dist: 0.000611). Patience: 1/1
[ 2026-04-18 07:43:00 | ModelPackager | INFO ] Round 3: Consensus detected (dist: 0.000566). Patience: 1/1
[ 2026-04-18 07:43:00 | node_17 | INFO ] 🧠 Aggregation complete. Setting new model.
[ 2026-04-18 07:43:00 | node_14 | INFO ] 🧠 Aggregation complete. Setting new model.
[ 2026-04-18 07:43:00 | node_17 | INFO ] 🗣️ Gossiping aggregated model.
[ 2026-04-18 07:43:00 | node_16 | INFO ] 🗣️ Gossiping aggregated model.
[ 2026-04-18 07:43:00 | node_18 | INFO ] 🗣️ Gossiping aggregated model.
[ 2026-04-18 07:43:00 | node_14 | INFO ] 🗣️ Gossiping aggregated model.
[ 2026-04-18 07:43:01 | node_15 | INFO ] 🎓 Training step done.
[ 2026-04-18 07:43:01 | node_15 | INFO ] 🛠️ Calling force_add_local_model...
[ 2026-04-18 07:43:01 | node_15 | INFO ] ✅ [FORCE] Local model added for round 3. (9/9)
[ 2026-04-18 07:43:06 | node_15 | INFO ] 📤 Sending model to 8 direct neighbors: ['node_1', 'node_2', 'node_3', 'node_6', 'node_7', 'node_8', 'node_12', 'node_19']
[ 2026-04-18 07:43:06 | node_1 | INFO ] 🧩 Model added for round 3 (10/10) from ['node_15']
[ 2026-04-18 07:43:07 | node_2 | INFO ] 🧩 Model added for round 3 (9/9) from ['node_15']
[ 2026-04-18 07:43:07 | ModelPackager | INFO ] Round 3: Consensus detected (dist: 0.000723). Patience: 1/1
[ 2026-04-18 07:43:07 | node_3 | INFO ] 🧩 Model added for round 3 (8/8) from ['node_15']
[ 2026-04-18 07:43:08 | node_1 | INFO ] 🧠 Aggregation complete. Setting new model.
[ 2026-04-18 07:43:08 | node_6 | INFO ] 🧩 Model added for round 3 (12/12) from ['node_15']
[ 2026-04-18 07:43:08 | ModelPackager | INFO ] Round 3: Consensus detected (dist: 0.000684). Patience: 1/1
[ 2026-04-18 07:43:08 | node_2 | INFO ] 🧠 Aggregation complete. Setting new model.
[ 2026-04-18 07:43:08 | node_1 | INFO ] 🗣️ Gossiping aggregated model.
[ 2026-04-18 07:43:08 | node_10 | INFO ] ⏹️  Gossiping exited for 10 equal rounds.
[ 2026-04-18 07:43:09 | ModelPackager | INFO ] Round 3: Consensus detected (dist: 0.000669). Patience: 1/1
[ 2026-04-18 07:43:09 | node_10 | INFO ] 🔬 Evaluating...
[ 2026-04-18 07:43:09 | node_2 | INFO ] 🗣️ Gossiping aggregated model.
[ 2026-04-18 07:43:09 | node_10 | INFO ] 📈 Evaluated. Results: {'test_loss': 9.70026969909668, 'test_acc': 0.0, 'test_precision': 0.0, 'test_recall': 0.0, 'test_f1': 0.0, 'communication_cost': 33880272}
[ 2026-04-18 07:43:09 | node_7 | INFO ] 🧩 Model added for round 3 (8/8) from ['node_15']
[ 2026-04-18 07:43:09 | node_10 | INFO ] 📢 Broadcasting metrics.
[ 2026-04-18 07:43:09 | node_3 | INFO ] 🧠 Aggregation complete. Setting new model.
[ 2026-04-18 07:43:09 | node_3 | INFO ] 🗣️ Gossiping aggregated model.
[ 2026-04-18 07:43:09 | node_8 | INFO ] 🧩 Model added for round 3 (11/11) from ['node_15']
[ 2026-04-18 07:43:10 | ModelPackager | INFO ] Round 3: Consensus detected (dist: 0.000777). Patience: 1/1
[ 2026-04-18 07:43:10 | node_10 | INFO ] 🎉 Round 4 of 20 finished.
[ 2026-04-18 07:43:10 | ModelPackager | INFO ] Round 3: Consensus detected (dist: 0.000664). Patience: 1/1
[ 2026-04-18 07:43:10 | ModelPackager | INFO ] Round 3: Consensus detected (dist: 0.000741). Patience: 1/1
[ 2026-04-18 07:43:10 | node_10 | INFO ] 🗳️ [DETERMINISTIC] Train set assigned (No Voting). Size: 20
[ 2026-04-18 07:43:10 | node_10 | INFO ] 🏋️‍♀️ Preparing training...
[ 2026-04-18 07:43:10 | node | INFO ] ⏹️  Gossiping exited for 10 equal rounds.
[ 2026-04-18 07:43:10 | node | INFO ] 🔬 Evaluating...
[ 2026-04-18 07:43:10 | node_7 | INFO ] 🧠 Aggregation complete. Setting new model.
[ 2026-04-18 07:43:10 | node_8 | INFO ] 🧠 Aggregation complete. Setting new model.
[ 2026-04-18 07:43:11 | node_12 | INFO ] 🧩 Model added for round 3 (12/12) from ['node_15']
[ 2026-04-18 07:43:11 | node_6 | INFO ] 🧠 Aggregation complete. Setting new model.
[ 2026-04-18 07:43:11 | node_7 | INFO ] 🗣️ Gossiping aggregated model.
[ 2026-04-18 07:43:11 | node | INFO ] 📈 Evaluated. Results: {'test_loss': 3.9489004611968994, 'test_acc': 0.16717325150966644, 'test_precision': 0.225577712059021, 'test_recall': 0.07030067592859268, 'test_f1': 0.09932223707437515, 'communication_cost': 39526984}
[ 2026-04-18 07:43:11 | node | INFO ] 📢 Broadcasting metrics.
[ 2026-04-18 07:43:11 | node_8 | INFO ] 🗣️ Gossiping aggregated model.
[ 2026-04-18 07:43:11 | node_6 | INFO ] 🗣️ Gossiping aggregated model.
[ 2026-04-18 07:43:11 | node_19 | INFO ] 🧩 Model added for round 3 (7/7) from ['node_15']
[ 2026-04-18 07:43:11 | node_4 | INFO ] ⏹️  Gossiping exited for 10 equal rounds.
[ 2026-04-18 07:43:11 | node_4 | INFO ] 🔬 Evaluating...
[ 2026-04-18 07:43:12 | node | INFO ] 🎉 Round 4 of 20 finished.
[ 2026-04-18 07:43:12 | node | INFO ] 🗳️ [DETERMINISTIC] Train set assigned (No Voting). Size: 20
[ 2026-04-18 07:43:12 | node | INFO ] 🏋️‍♀️ Preparing training...
[ 2026-04-18 07:43:12 | node_10 | INFO ] 🎓 Training step done.
[ 2026-04-18 07:43:12 | node_4 | INFO ] 📈 Evaluated. Results: {'test_loss': 3.3521721363067627, 'test_acc': 0.15679191052913666, 'test_precision': 0.18141113221645355, 'test_recall': 0.029391035437583923, 'test_f1': 0.04409061744809151, 'communication_cost': 39526984}
[ 2026-04-18 07:43:12 | node_10 | INFO ] 🛠️ Calling force_add_local_model...
[ 2026-04-18 07:43:12 | node_4 | INFO ] 📢 Broadcasting metrics.
[ 2026-04-18 07:43:12 | node_10 | INFO ] ✅ [FORCE] Local model added for round 4. (1/7)
[ 2026-04-18 07:43:12 | ModelPackager | INFO ] Round 3: Consensus detected (dist: 0.000774). Patience: 1/1
[ 2026-04-18 07:43:12 | ModelPackager | INFO ] Round 3: Consensus detected (dist: 0.000660). Patience: 1/1
[ 2026-04-18 07:43:12 | node | INFO ] 🎓 Training step done.
[ 2026-04-18 07:43:12 | node_12 | INFO ] 🧠 Aggregation complete. Setting new model.
[ 2026-04-18 07:43:12 | node | INFO ] 🛠️ Calling force_add_local_model...
[ 2026-04-18 07:43:12 | node_19 | INFO ] 🧠 Aggregation complete. Setting new model.
[ 2026-04-18 07:43:12 | node | INFO ] ✅ [FORCE] Local model added for round 4. (1/8)
[ 2026-04-18 07:43:13 | ModelPackager | INFO ] Round 3: Consensus detected (dist: 0.000627). Patience: 1/1
[ 2026-04-18 07:43:13 | node_4 | INFO ] 🎉 Round 4 of 20 finished.
[ 2026-04-18 07:43:13 | node_4 | INFO ] 🗳️ [DETERMINISTIC] Train set assigned (No Voting). Size: 20
[ 2026-04-18 07:43:13 | node_19 | INFO ] 🗣️ Gossiping aggregated model.
[ 2026-04-18 07:43:13 | node_4 | INFO ] 🏋️‍♀️ Preparing training...
[ 2026-04-18 07:43:13 | node_12 | INFO ] 🗣️ Gossiping aggregated model.
[ 2026-04-18 07:43:13 | node_15 | INFO ] 🧠 Aggregation complete. Setting new model.
[ 2026-04-18 07:43:13 | node_11 | INFO ] 🤫 Gossip finished.
[ 2026-04-18 07:43:13 | node_11 | INFO ] 🔬 Evaluating...
[ 2026-04-18 07:43:13 | node_3 | INFO ] 🤫 Gossip finished.
[ 2026-04-18 07:43:13 | node_15 | INFO ] 🗣️ Gossiping aggregated model.
[ 2026-04-18 07:43:13 | node_15 | INFO ] 🤫 Gossip finished.
[ 2026-04-18 07:43:13 | node_3 | INFO ] 🔬 Evaluating...
[ 2026-04-18 07:43:13 | node_15 | INFO ] 🔬 Evaluating...
[ 2026-04-18 07:43:13 | node_7 | INFO ] 🤫 Gossip finished.
[ 2026-04-18 07:43:13 | node_7 | INFO ] 🔬 Evaluating...
[ 2026-04-18 07:43:13 | node_11 | INFO ] 📈 Evaluated. Results: {'test_loss': 2.5636630058288574, 'test_acc': 0.35474005341529846, 'test_precision': 0.2039027363061905, 'test_recall': 0.0809866264462471, 'test_f1': 0.10664099454879761, 'communication_cost': 39526984}
[ 2026-04-18 07:43:13 | node_11 | INFO ] 📢 Broadcasting metrics.
[ 2026-04-18 07:43:13 | node_3 | INFO ] 📈 Evaluated. Results: {'test_loss': 3.8834760189056396, 'test_acc': 0.3551020324230194, 'test_precision': 0.31484976410865784, 'test_recall': 0.13964445888996124, 'test_f1': 0.16217151284217834, 'communication_cost': 39526984}
[ 2026-04-18 07:43:13 | node_15 | INFO ] 📈 Evaluated. Results: {'test_loss': 19.895875930786133, 'test_acc': 0.0, 'test_precision': 0.0, 'test_recall': 0.0, 'test_f1': 0.0, 'communication_cost': 45173696}
[ 2026-04-18 07:43:14 | node_3 | INFO ] 📢 Broadcasting metrics.
[ 2026-04-18 07:43:14 | node_15 | INFO ] 📢 Broadcasting metrics.
[ 2026-04-18 07:43:14 | node_4 | INFO ] 🎓 Training step done.
[ 2026-04-18 07:43:14 | node_4 | INFO ] 🛠️ Calling force_add_local_model...
[ 2026-04-18 07:43:14 | node_4 | INFO ] ✅ [FORCE] Local model added for round 4. (1/8)
[ 2026-04-18 07:43:14 | node_7 | INFO ] 📈 Evaluated. Results: {'test_loss': 10.105591773986816, 'test_acc': 0.10256410390138626, 'test_precision': 0.12379401177167892, 'test_recall': 0.07386026531457901, 'test_f1': 0.0772947296500206, 'communication_cost': 39526984}
[ 2026-04-18 07:43:14 | node_7 | INFO ] 📢 Broadcasting metrics.
[ 2026-04-18 07:43:14 | node_11 | INFO ] 🎉 Round 4 of 20 finished.
[ 2026-04-18 07:43:14 | node_11 | INFO ] 🗳️ [DETERMINISTIC] Train set assigned (No Voting). Size: 20
[ 2026-04-18 07:43:14 | node_11 | INFO ] 🏋️‍♀️ Preparing training...
[ 2026-04-18 07:43:14 | node_13 | INFO ] ⏹️  Gossiping exited for 10 equal rounds.
[ 2026-04-18 07:43:14 | node_13 | INFO ] 🔬 Evaluating...
[ 2026-04-18 07:43:14 | node_3 | INFO ] 🎉 Round 4 of 20 finished.
[ 2026-04-18 07:43:14 | node_3 | INFO ] 🗳️ [DETERMINISTIC] Train set assigned (No Voting). Size: 20
[ 2026-04-18 07:43:14 | node_3 | INFO ] 🏋️‍♀️ Preparing training...
[ 2026-04-18 07:43:14 | node_15 | INFO ] 🎉 Round 4 of 20 finished.
[ 2026-04-18 07:43:14 | node_15 | INFO ] 🗳️ [DETERMINISTIC] Train set assigned (No Voting). Size: 20
[ 2026-04-18 07:43:14 | node_15 | INFO ] 🏋️‍♀️ Preparing training...
[ 2026-04-18 07:43:14 | node_16 | INFO ] ⏹️  Gossiping exited for 10 equal rounds.
[ 2026-04-18 07:43:14 | node_7 | INFO ] 🎉 Round 4 of 20 finished.
[ 2026-04-18 07:43:14 | node_7 | INFO ] 🗳️ [DETERMINISTIC] Train set assigned (No Voting). Size: 20
[ 2026-04-18 07:43:14 | node_13 | INFO ] 📈 Evaluated. Results: {'test_loss': 5.193049430847168, 'test_acc': 0.1483253538608551, 'test_precision': 0.19055874645709991, 'test_recall': 0.2001180499792099, 'test_f1': 0.09222842007875443, 'communication_cost': 45173696}
[ 2026-04-18 07:43:14 | node_7 | INFO ] 🏋️‍♀️ Preparing training...
[ 2026-04-18 07:43:14 | node_16 | INFO ] 🔬 Evaluating...
[ 2026-04-18 07:43:14 | node_13 | INFO ] 📢 Broadcasting metrics.
[ 2026-04-18 07:43:15 | node_11 | INFO ] 🎓 Training step done.
[ 2026-04-18 07:43:15 | node_3 | INFO ] 🎓 Training step done.
[ 2026-04-18 07:43:15 | node_11 | INFO ] 🛠️ Calling force_add_local_model...
[ 2026-04-18 07:43:15 | node_16 | INFO ] 📈 Evaluated. Results: {'test_loss': 6.3089494705200195, 'test_acc': 0.054054055362939835, 'test_precision': 0.21666665375232697, 'test_recall': 0.03391265869140625, 'test_f1': 0.036993466317653656, 'communication_cost': 39526984}
[ 2026-04-18 07:43:15 | node_3 | INFO ] 🛠️ Calling force_add_local_model...
[ 2026-04-18 07:43:15 | node_16 | INFO ] 📢 Broadcasting metrics.
[ 2026-04-18 07:43:15 | node_3 | INFO ] ✅ [FORCE] Local model added for round 4. (1/8)
[ 2026-04-18 07:43:15 | node_11 | INFO ] ✅ [FORCE] Local model added for round 4. (1/8)
[ 2026-04-18 07:43:15 | node_7 | INFO ] 🎓 Training step done.
[ 2026-04-18 07:43:15 | node_7 | INFO ] 🛠️ Calling force_add_local_model...
[ 2026-04-18 07:43:15 | node_7 | INFO ] ✅ [FORCE] Local model added for round 4. (1/8)
[ 2026-04-18 07:43:15 | node_16 | INFO ] 🎉 Round 4 of 20 finished.
[ 2026-04-18 07:43:15 | node_16 | INFO ] 🗳️ [DETERMINISTIC] Train set assigned (No Voting). Size: 20
[ 2026-04-18 07:43:15 | node_16 | INFO ] 🏋️‍♀️ Preparing training...
[ 2026-04-18 07:43:15 | node_13 | INFO ] 🎉 Round 4 of 20 finished.
[ 2026-04-18 07:43:15 | node_13 | INFO ] 🗳️ [DETERMINISTIC] Train set assigned (No Voting). Size: 20
[ 2026-04-18 07:43:15 | node_13 | INFO ] 🏋️‍♀️ Preparing training...
[ 2026-04-18 07:43:16 | node_14 | INFO ] ⏹️  Gossiping exited for 10 equal rounds.
[ 2026-04-18 07:43:16 | node_14 | INFO ] 🔬 Evaluating...
[ 2026-04-18 07:43:16 | node_13 | INFO ] 🎓 Training step done.
[ 2026-04-18 07:43:16 | node_13 | INFO ] 🛠️ Calling force_add_local_model...
[ 2026-04-18 07:43:16 | node_13 | INFO ] ✅ [FORCE] Local model added for round 4. (1/9)
[ 2026-04-18 07:43:16 | node_14 | INFO ] 📈 Evaluated. Results: {'test_loss': 2.7526822090148926, 'test_acc': 0.395061731338501, 'test_precision': 0.1875, 'test_recall': 0.15546219050884247, 'test_f1': 0.16006788611412048, 'communication_cost': 56467120}
[ 2026-04-18 07:43:16 | node_14 | INFO ] 📢 Broadcasting metrics.
[ 2026-04-18 07:43:16 | node_16 | INFO ] 🎓 Training step done.
[ 2026-04-18 07:43:16 | node_16 | INFO ] 🛠️ Calling force_add_local_model...
[ 2026-04-18 07:43:16 | node_16 | INFO ] ✅ [FORCE] Local model added for round 4. (1/8)
[ 2026-04-18 07:43:16 | node_15 | INFO ] 🎓 Training step done.
[ 2026-04-18 07:43:16 | node_15 | INFO ] 🛠️ Calling force_add_local_model...
[ 2026-04-18 07:43:16 | node_15 | INFO ] ✅ [FORCE] Local model added for round 4. (1/9)
[ 2026-04-18 07:43:17 | node_14 | INFO ] 🎉 Round 4 of 20 finished.
[ 2026-04-18 07:43:17 | node_14 | INFO ] 🗳️ [DETERMINISTIC] Train set assigned (No Voting). Size: 20
[ 2026-04-18 07:43:17 | node_14 | INFO ] 🏋️‍♀️ Preparing training...
[ 2026-04-18 07:43:17 | node_10 | INFO ] 📤 Sending model to 6 direct neighbors: ['node_6', 'node_8', 'node_9', 'node_12', 'node_16', 'node_19']
[ 2026-04-18 07:43:17 | node | INFO ] 📤 Sending model to 7 direct neighbors: ['node_4', 'node_7', 'node_8', 'node_12', 'node_14', 'node_16', 'node_18']
[ 2026-04-18 07:43:18 | node_4 | INFO ] 🧩 Model added for round 4 (2/8) from ['node']
[ 2026-04-18 07:43:18 | node_7 | INFO ] 🧩 Model added for round 4 (2/8) from ['node']
[ 2026-04-18 07:43:18 | node_16 | INFO ] 🧩 Model added for round 4 (2/8) from ['node_10']
[ 2026-04-18 07:43:19 | node_4 | INFO ] 📤 Sending model to 7 direct neighbors: ['node', 'node_2', 'node_5', 'node_11', 'node_17', 'node_18', 'node_19']
[ 2026-04-18 07:43:19 | node_14 | INFO ] 🎓 Training step done.
[ 2026-04-18 07:43:19 | node | INFO ] 🧩 Model added for round 4 (2/8) from ['node_4']
[ 2026-04-18 07:43:19 | node_14 | INFO ] 🛠️ Calling force_add_local_model...
[ 2026-04-18 07:43:19 | node_14 | INFO ] 🧩 Model added for round 4 (1/11) from ['node']
[ 2026-04-18 07:43:19 | node_14 | INFO ] ✅ [FORCE] Local model added for round 4. (2/11)
[ 2026-04-18 07:43:20 | node_16 | INFO ] 🧩 Model added for round 4 (3/8) from ['node']
[ 2026-04-18 07:43:20 | node_3 | INFO ] 📤 Sending model to 7 direct neighbors: ['node_2', 'node_6', 'node_8', 'node_11', 'node_14', 'node_15', 'node_16']
[ 2026-04-18 07:43:20 | node_11 | INFO ] 📤 Sending model to 7 direct neighbors: ['node_1', 'node_2', 'node_3', 'node_4', 'node_5', 'node_8', 'node_12']
[ 2026-04-18 07:43:20 | node_7 | INFO ] 📤 Sending model to 7 direct neighbors: ['node', 'node_1', 'node_8', 'node_9', 'node_12', 'node_13', 'node_15']
[ 2026-04-18 07:43:20 | node_11 | INFO ] 🧩 Model added for round 4 (2/8) from ['node_4']
[ 2026-04-18 07:43:20 | node | INFO ] 🧩 Model added for round 4 (3/8) from ['node_7']
[ 2026-04-18 07:43:21 | node_3 | INFO ] 🧩 Model added for round 4 (2/8) from ['node_11']
[ 2026-04-18 07:43:21 | node_13 | INFO ] 📤 Sending model to 8 direct neighbors: ['node_1', 'node_2', 'node_5', 'node_6', 'node_7', 'node_9', 'node_17', 'node_18']
[ 2026-04-18 07:43:21 | node_16 | INFO ] 📤 Sending model to 7 direct neighbors: ['node', 'node_1', 'node_3', 'node_9', 'node_10', 'node_14', 'node_19']
[ 2026-04-18 07:43:22 | node_15 | INFO ] 📤 Sending model to 8 direct neighbors: ['node_1', 'node_2', 'node_3', 'node_6', 'node_7', 'node_8', 'node_12', 'node_19']
[ 2026-04-18 07:43:22 | node_4 | INFO ] 🧩 Model added for round 4 (3/8) from ['node_11']
[ 2026-04-18 07:43:22 | node | INFO ] 🧩 Model added for round 4 (4/8) from ['node_16']
[ 2026-04-18 07:43:23 | node_3 | INFO ] 🧩 Model added for round 4 (3/8) from ['node_15']
[ 2026-04-18 07:43:23 | node_3 | INFO ] 🧩 Model added for round 4 (4/8) from ['node_16']
[ 2026-04-18 07:43:23 | node_13 | INFO ] 🧩 Model added for round 4 (2/9) from ['node_7']
[ 2026-04-18 07:43:23 | node_7 | INFO ] 🧩 Model added for round 4 (3/8) from ['node_13']
[ 2026-04-18 07:43:23 | node_15 | INFO ] 🧩 Model added for round 4 (2/9) from ['node_7']
[ 2026-04-18 07:43:24 | node_7 | INFO ] 🧩 Model added for round 4 (4/8) from ['node_15']
[ 2026-04-18 07:43:24 | node_10 | INFO ] 🧩 Model added for round 4 (2/7) from ['node_16']
[ 2026-04-18 07:43:24 | node_14 | INFO ] 📤 Sending model to 10 direct neighbors: ['node', 'node_1', 'node_2', 'node_3', 'node_5', 'node_6', 'node_8', 'node_12', 'node_16', 'node_17']
[ 2026-04-18 07:43:24 | node_14 | INFO ] 🧩 Model added for round 4 (3/11) from ['node_16']
[ 2026-04-18 07:43:24 | node | INFO ] 🧩 Model added for round 4 (5/8) from ['node_14']
[ 2026-04-18 07:43:24 | node_5 | INFO ] ⏹️  Gossiping exited for 10 equal rounds.
[ 2026-04-18 07:43:24 | node_5 | INFO ] 🔬 Evaluating...
[ 2026-04-18 07:43:25 | node_5 | INFO ] 📈 Evaluated. Results: {'test_loss': 5.377307415008545, 'test_acc': 0.0357142873108387, 'test_precision': 0.1428571492433548, 'test_recall': 0.010204082354903221, 'test_f1': 0.01904761977493763, 'communication_cost': 39526984}
[ 2026-04-18 07:43:25 | node_5 | INFO ] 📢 Broadcasting metrics.
[ 2026-04-18 07:43:25 | node_2 | INFO ] ⏹️  Gossiping exited for 10 equal rounds.
[ 2026-04-18 07:43:25 | node_2 | INFO ] 🔬 Evaluating...
[ 2026-04-18 07:43:25 | node_1 | INFO ] ⏹️  Gossiping exited for 10 equal rounds.
[ 2026-04-18 07:43:25 | node_1 | INFO ] 🔬 Evaluating...
[ 2026-04-18 07:43:25 | node_2 | INFO ] 📈 Evaluated. Results: {'test_loss': 1.4930427074432373, 'test_acc': 0.6322463750839233, 'test_precision': 0.2154473215341568, 'test_recall': 0.13731375336647034, 'test_f1': 0.15985409915447235, 'communication_cost': 45173696}
[ 2026-04-18 07:43:25 | node_2 | INFO ] 📢 Broadcasting metrics.
[ 2026-04-18 07:43:25 | node_1 | INFO ] 📈 Evaluated. Results: {'test_loss': 3.988778829574585, 'test_acc': 0.1909722238779068, 'test_precision': 0.16866435110569, 'test_recall': 0.06884311139583588, 'test_f1': 0.06665065884590149, 'communication_cost': 50820408}
[ 2026-04-18 07:43:25 | node_1 | INFO ] 📢 Broadcasting metrics.
[ 2026-04-18 07:43:25 | node_3 | INFO ] 🧩 Model added for round 4 (5/8) from ['node_14']
[ 2026-04-18 07:43:26 | node_5 | INFO ] 🎉 Round 4 of 20 finished.
[ 2026-04-18 07:43:26 | node_5 | INFO ] 🗳️ [DETERMINISTIC] Train set assigned (No Voting). Size: 20
[ 2026-04-18 07:43:26 | node_5 | INFO ] ♻️ Proactively processing 3 early models for round 4.
[ 2026-04-18 07:43:26 | node_5 | INFO ] 🧩 Model added for round 4 (1/8) from ['node_4']
[ 2026-04-18 07:43:26 | node_5 | INFO ] 🧩 Model added for round 4 (2/8) from ['node_11']
[ 2026-04-18 07:43:26 | node_5 | INFO ] 🧩 Model added for round 4 (3/8) from ['node_13']
[ 2026-04-18 07:43:26 | node_5 | INFO ] 🏋️‍♀️ Preparing training...
[ 2026-04-18 07:43:26 | node_5 | INFO ] 🧩 Model added for round 4 (4/8) from ['node_14']
[ 2026-04-18 07:43:26 | node_9 | INFO ] ⏹️  Gossiping exited for 10 equal rounds.
[ 2026-04-18 07:43:26 | node_9 | INFO ] 🔬 Evaluating...
[ 2026-04-18 07:43:26 | node_2 | INFO ] 🎉 Round 4 of 20 finished.
[ 2026-04-18 07:43:26 | node_9 | INFO ] 📈 Evaluated. Results: {'test_loss': 3.270477056503296, 'test_acc': 0.3424479067325592, 'test_precision': 0.19443702697753906, 'test_recall': 0.0681418925523758, 'test_f1': 0.07990994304418564, 'communication_cost': 39526984}
[ 2026-04-18 07:43:26 | node_2 | INFO ] 🗳️ [DETERMINISTIC] Train set assigned (No Voting). Size: 20
[ 2026-04-18 07:43:26 | node_2 | INFO ] ♻️ Proactively processing 6 early models for round 4.
[ 2026-04-18 07:43:26 | node_9 | INFO ] 📢 Broadcasting metrics.
[ 2026-04-18 07:43:26 | node_2 | INFO ] 🧩 Model added for round 4 (1/9) from ['node_4']
[ 2026-04-18 07:43:26 | node_2 | INFO ] 🧩 Model added for round 4 (2/9) from ['node_3']
[ 2026-04-18 07:43:26 | node_2 | INFO ] 🧩 Model added for round 4 (3/9) from ['node_11']
[ 2026-04-18 07:43:26 | node_2 | INFO ] 🧩 Model added for round 4 (4/9) from ['node_13']
[ 2026-04-18 07:43:26 | node_2 | INFO ] 🧩 Model added for round 4 (5/9) from ['node_15']
[ 2026-04-18 07:43:26 | node_2 | INFO ] 🧩 Model added for round 4 (6/9) from ['node_14']
[ 2026-04-18 07:43:26 | node_2 | INFO ] 🏋️‍♀️ Preparing training...
[ 2026-04-18 07:43:26 | node_8 | INFO ] ⏹️  Gossiping exited for 10 equal rounds.
[ 2026-04-18 07:43:26 | node_8 | INFO ] 🔬 Evaluating...
[ 2026-04-18 07:43:26 | node_1 | INFO ] 🎉 Round 4 of 20 finished.
[ 2026-04-18 07:43:26 | node_1 | INFO ] 🗳️ [DETERMINISTIC] Train set assigned (No Voting). Size: 20
[ 2026-04-18 07:43:26 | node_1 | INFO ] ♻️ Proactively processing 6 early models for round 4.
[ 2026-04-18 07:43:26 | node_1 | INFO ] 🧩 Model added for round 4 (1/10) from ['node_11']
[ 2026-04-18 07:43:26 | node_6 | INFO ] ⏹️  Gossiping exited for 10 equal rounds.
[ 2026-04-18 07:43:26 | node_1 | INFO ] 🧩 Model added for round 4 (2/10) from ['node_7']
[ 2026-04-18 07:43:26 | node_1 | INFO ] 🧩 Model added for round 4 (3/10) from ['node_13']
[ 2026-04-18 07:43:26 | node_6 | INFO ] 🔬 Evaluating...
[ 2026-04-18 07:43:26 | node_1 | INFO ] 🧩 Model added for round 4 (4/10) from ['node_15']
[ 2026-04-18 07:43:26 | node_1 | INFO ] 🧩 Model added for round 4 (5/10) from ['node_16']
[ 2026-04-18 07:43:26 | node_8 | INFO ] 📈 Evaluated. Results: {'test_loss': 2.2389492988586426, 'test_acc': 0.39344263076782227, 'test_precision': 0.24810606241226196, 'test_recall': 0.15349003672599792, 'test_f1': 0.18362480401992798, 'communication_cost': 56467120}
[ 2026-04-18 07:43:27 | node_1 | INFO ] 🧩 Model added for round 4 (6/10) from ['node_14']
[ 2026-04-18 07:43:27 | node_8 | INFO ] 📢 Broadcasting metrics.
[ 2026-04-18 07:43:27 | node_1 | INFO ] 🏋️‍♀️ Preparing training...
[ 2026-04-18 07:43:27 | node_5 | INFO ] 🎓 Training step done.
[ 2026-04-18 07:43:27 | node_5 | INFO ] 🛠️ Calling force_add_local_model...
[ 2026-04-18 07:43:27 | node_5 | INFO ] ✅ [FORCE] Local model added for round 4. (5/8)
[ 2026-04-18 07:43:27 | node_16 | INFO ] 🧩 Model added for round 4 (4/8) from ['node_14']
[ 2026-04-18 07:43:27 | node_2 | INFO ] 🎓 Training step done.
[ 2026-04-18 07:43:27 | node_2 | INFO ] 🛠️ Calling force_add_local_model...
[ 2026-04-18 07:43:27 | node_2 | INFO ] ✅ [FORCE] Local model added for round 4. (7/9)
[ 2026-04-18 07:43:27 | node_9 | INFO ] 🎉 Round 4 of 20 finished.
[ 2026-04-18 07:43:27 | node_9 | INFO ] 🗳️ [DETERMINISTIC] Train set assigned (No Voting). Size: 20
[ 2026-04-18 07:43:27 | node_6 | INFO ] 📈 Evaluated. Results: {'test_loss': 2.110811471939087, 'test_acc': 0.3861386179924011, 'test_precision': 0.14189466834068298, 'test_recall': 0.06185324490070343, 'test_f1': 0.08340629190206528, 'communication_cost': 62113832}
[ 2026-04-18 07:43:27 | node_9 | INFO ] ♻️ Proactively processing 4 early models for round 4.
[ 2026-04-18 07:43:27 | node_9 | INFO ] 🧩 Model added for round 4 (1/8) from ['node_10']
[ 2026-04-18 07:43:27 | node_6 | INFO ] 📢 Broadcasting metrics.
[ 2026-04-18 07:43:27 | node_9 | INFO ] 🧩 Model added for round 4 (2/8) from ['node_7']
[ 2026-04-18 07:43:27 | node_12 | INFO ] ⏹️  Gossiping exited for 10 equal rounds.
[ 2026-04-18 07:43:27 | node_9 | INFO ] 🧩 Model added for round 4 (3/8) from ['node_13']
[ 2026-04-18 07:43:27 | node_9 | INFO ] 🧩 Model added for round 4 (4/8) from ['node_16']
[ 2026-04-18 07:43:27 | node_9 | INFO ] 🏋️‍♀️ Preparing training...
[ 2026-04-18 07:43:27 | node_12 | INFO ] 🔬 Evaluating...
[ 2026-04-18 07:43:28 | node_1 | INFO ] 🎓 Training step done.
[ 2026-04-18 07:43:28 | node_1 | INFO ] 🛠️ Calling force_add_local_model...
[ 2026-04-18 07:43:28 | node_1 | INFO ] ✅ [FORCE] Local model added for round 4. (7/10)
[ 2026-04-18 07:43:28 | node_12 | INFO ] 📈 Evaluated. Results: {'test_loss': 1.8254485130310059, 'test_acc': 0.4647887349128723, 'test_precision': 0.1173793226480484, 'test_recall': 0.10141859203577042, 'test_f1': 0.09854938089847565, 'communication_cost': 62113832}
[ 2026-04-18 07:43:28 | node_12 | INFO ] 📢 Broadcasting metrics.
[ 2026-04-18 07:43:28 | node_19 | INFO ] ⏹️  Gossiping exited for 10 equal rounds.
[ 2026-04-18 07:43:28 | node_9 | INFO ] 🎓 Training step done.
[ 2026-04-18 07:43:28 | node_9 | INFO ] 🛠️ Calling force_add_local_model...
[ 2026-04-18 07:43:28 | node_19 | INFO ] 🔬 Evaluating...
[ 2026-04-18 07:43:28 | node_9 | INFO ] ✅ [FORCE] Local model added for round 4. (5/8)
[ 2026-04-18 07:43:28 | node_8 | INFO ] 🎉 Round 4 of 20 finished.
[ 2026-04-18 07:43:28 | node_8 | INFO ] 🗳️ [DETERMINISTIC] Train set assigned (No Voting). Size: 20
[ 2026-04-18 07:43:28 | node_8 | INFO ] ♻️ Proactively processing 7 early models for round 4.
[ 2026-04-18 07:43:28 | node_8 | INFO ] 🧩 Model added for round 4 (1/11) from ['node_10']
[ 2026-04-18 07:43:28 | node_8 | INFO ] 🧩 Model added for round 4 (2/11) from ['node']
[ 2026-04-18 07:43:28 | node_8 | INFO ] 🧩 Model added for round 4 (3/11) from ['node_3']
[ 2026-04-18 07:43:28 | node_8 | INFO ] 🧩 Model added for round 4 (4/11) from ['node_7']
[ 2026-04-18 07:43:28 | node_8 | INFO ] 🧩 Model added for round 4 (5/11) from ['node_11']
[ 2026-04-18 07:43:28 | node_8 | INFO ] 🧩 Model added for round 4 (6/11) from ['node_15']
[ 2026-04-18 07:43:28 | node_8 | INFO ] 🧩 Model added for round 4 (7/11) from ['node_14']
[ 2026-04-18 07:43:28 | node_8 | INFO ] 🏋️‍♀️ Preparing training...
[ 2026-04-18 07:43:28 | node_19 | INFO ] 📈 Evaluated. Results: {'test_loss': 8.961563110351562, 'test_acc': 0.1117764487862587, 'test_precision': 0.0710860937833786, 'test_recall': 0.0629972368478775, 'test_f1': 0.03400133177638054, 'communication_cost': 33880272}
[ 2026-04-18 07:43:28 | node_19 | INFO ] 📢 Broadcasting metrics.
[ 2026-04-18 07:43:28 | node_6 | INFO ] 🎉 Round 4 of 20 finished.
[ 2026-04-18 07:43:29 | node_6 | INFO ] 🗳️ [DETERMINISTIC] Train set assigned (No Voting). Size: 20
[ 2026-04-18 07:43:29 | node_6 | INFO ] ♻️ Proactively processing 5 early models for round 4.
[ 2026-04-18 07:43:29 | node_6 | INFO ] 🧩 Model added for round 4 (1/12) from ['node_10']
[ 2026-04-18 07:43:29 | node_6 | INFO ] 🧩 Model added for round 4 (2/12) from ['node_3']
[ 2026-04-18 07:43:29 | node_6 | INFO ] 🧩 Model added for round 4 (3/12) from ['node_13']
[ 2026-04-18 07:43:29 | node_6 | INFO ] 🧩 Model added for round 4 (4/12) from ['node_15']
[ 2026-04-18 07:43:29 | node_6 | INFO ] 🧩 Model added for round 4 (5/12) from ['node_14']
[ 2026-04-18 07:43:29 | node_6 | INFO ] 🏋️‍♀️ Preparing training...
[ 2026-04-18 07:43:29 | node_12 | INFO ] 🎉 Round 4 of 20 finished.
[ 2026-04-18 07:43:29 | node_12 | INFO ] 🗳️ [DETERMINISTIC] Train set assigned (No Voting). Size: 20
[ 2026-04-18 07:43:29 | node_12 | INFO ] ♻️ Proactively processing 6 early models for round 4.
[ 2026-04-18 07:43:29 | node_12 | INFO ] 🧩 Model added for round 4 (1/12) from ['node_10']
[ 2026-04-18 07:43:29 | node_19 | INFO ] 🎉 Round 4 of 20 finished.
[ 2026-04-18 07:43:29 | node_12 | INFO ] 🧩 Model added for round 4 (2/12) from ['node']
[ 2026-04-18 07:43:29 | node_19 | INFO ] 🗳️ [DETERMINISTIC] Train set assigned (No Voting). Size: 20
[ 2026-04-18 07:43:29 | node_12 | INFO ] 🧩 Model added for round 4 (3/12) from ['node_7']
[ 2026-04-18 07:43:29 | node_12 | INFO ] 🧩 Model added for round 4 (4/12) from ['node_11']
[ 2026-04-18 07:43:29 | node_12 | INFO ] 🧩 Model added for round 4 (5/12) from ['node_15']
[ 2026-04-18 07:43:29 | node_19 | INFO ] ♻️ Proactively processing 4 early models for round 4.
[ 2026-04-18 07:43:29 | node_12 | INFO ] 🧩 Model added for round 4 (6/12) from ['node_14']
[ 2026-04-18 07:43:29 | node_12 | INFO ] 🏋️‍♀️ Preparing training...
[ 2026-04-18 07:43:29 | node_19 | INFO ] 🧩 Model added for round 4 (1/7) from ['node_10']
[ 2026-04-18 07:43:29 | node_19 | INFO ] 🧩 Model added for round 4 (2/7) from ['node_4']
[ 2026-04-18 07:43:29 | node_19 | INFO ] 🧩 Model added for round 4 (3/7) from ['node_15']
[ 2026-04-18 07:43:29 | node_19 | INFO ] 🧩 Model added for round 4 (4/7) from ['node_16']
[ 2026-04-18 07:43:29 | node_19 | INFO ] 🏋️‍♀️ Preparing training...
[ 2026-04-18 07:43:29 | node_8 | INFO ] 🎓 Training step done.
[ 2026-04-18 07:43:29 | node_8 | INFO ] 🛠️ Calling force_add_local_model...
[ 2026-04-18 07:43:29 | node_8 | INFO ] ✅ [FORCE] Local model added for round 4. (8/11)
[ 2026-04-18 07:43:29 | node_19 | INFO ] 🎓 Training step done.
[ 2026-04-18 07:43:29 | node_19 | INFO ] 🛠️ Calling force_add_local_model...
[ 2026-04-18 07:43:29 | node_19 | INFO ] ✅ [FORCE] Local model added for round 4. (5/7)
[ 2026-04-18 07:43:30 | node_6 | INFO ] 🎓 Training step done.
[ 2026-04-18 07:43:30 | node_6 | INFO ] 🛠️ Calling force_add_local_model...
[ 2026-04-18 07:43:30 | node_12 | INFO ] 🎓 Training step done.
[ 2026-04-18 07:43:30 | node_12 | INFO ] 🛠️ Calling force_add_local_model...
[ 2026-04-18 07:43:30 | node_6 | INFO ] ✅ [FORCE] Local model added for round 4. (6/12)
[ 2026-04-18 07:43:30 | node_12 | INFO ] ✅ [FORCE] Local model added for round 4. (7/12)
[ 2026-04-18 07:43:30 | node_17 | INFO ] ⏹️  Gossiping exited for 10 equal rounds.
[ 2026-04-18 07:43:30 | node_17 | INFO ] 🔬 Evaluating...
[ 2026-04-18 07:43:30 | node_17 | INFO ] 📈 Evaluated. Results: {'test_loss': 3.364640951156616, 'test_acc': 0.3222222328186035, 'test_precision': 0.14952918887138367, 'test_recall': 0.07181956619024277, 'test_f1': 0.08311361819505692, 'communication_cost': 45173696}
[ 2026-04-18 07:43:30 | node_17 | INFO ] 📢 Broadcasting metrics.
[ 2026-04-18 07:43:31 | node_17 | INFO ] 🎉 Round 4 of 20 finished.
[ 2026-04-18 07:43:31 | node_17 | INFO ] 🗳️ [DETERMINISTIC] Train set assigned (No Voting). Size: 20
[ 2026-04-18 07:43:31 | node_17 | INFO ] ♻️ Proactively processing 3 early models for round 4.
[ 2026-04-18 07:43:31 | node_17 | INFO ] 🧩 Model added for round 4 (1/9) from ['node_4']
[ 2026-04-18 07:43:31 | node_17 | INFO ] 🧩 Model added for round 4 (2/9) from ['node_13']
[ 2026-04-18 07:43:31 | node_17 | INFO ] 🧩 Model added for round 4 (3/9) from ['node_14']
[ 2026-04-18 07:43:31 | node_17 | INFO ] 🏋️‍♀️ Preparing training...
[ 2026-04-18 07:43:31 | node_17 | INFO ] 🎓 Training step done.
[ 2026-04-18 07:43:31 | node_17 | INFO ] 🛠️ Calling force_add_local_model...
[ 2026-04-18 07:43:31 | node_17 | INFO ] ✅ [FORCE] Local model added for round 4. (4/9)
[ 2026-04-18 07:43:32 | node_5 | INFO ] 📤 Sending model to 7 direct neighbors: ['node_4', 'node_6', 'node_11', 'node_12', 'node_13', 'node_14', 'node_19']
[ 2026-04-18 07:43:32 | node_4 | INFO ] 🧩 Model added for round 4 (4/8) from ['node_5']
[ 2026-04-18 07:43:32 | node_2 | INFO ] 📤 Sending model to 8 direct neighbors: ['node_1', 'node_3', 'node_4', 'node_11', 'node_12', 'node_13', 'node_14', 'node_15']
[ 2026-04-18 07:43:32 | node_6 | INFO ] 🧩 Model added for round 4 (7/12) from ['node_5']
[ 2026-04-18 07:43:32 | node_1 | INFO ] 🧩 Model added for round 4 (8/10) from ['node_2']
[ 2026-04-18 07:43:33 | node_1 | INFO ] 📤 Sending model to 9 direct neighbors: ['node_2', 'node_6', 'node_7', 'node_11', 'node_13', 'node_14', 'node_15', 'node_16', 'node_18']
[ 2026-04-18 07:43:33 | node_11 | INFO ] 🧩 Model added for round 4 (3/8) from ['node_5']
[ 2026-04-18 07:43:33 | node_2 | INFO ] 🧩 Model added for round 4 (8/9) from ['node_1']
[ 2026-04-18 07:43:33 | node_9 | INFO ] 📤 Sending model to 7 direct neighbors: ['node_6', 'node_7', 'node_10', 'node_13', 'node_16', 'node_17', 'node_18']
[ 2026-04-18 07:43:33 | node_3 | INFO ] 🧩 Model added for round 4 (6/8) from ['node_2']
[ 2026-04-18 07:43:33 | node_6 | INFO ] 🧩 Model added for round 4 (8/12) from ['node_9']
[ 2026-04-18 07:43:33 | node_12 | INFO ] 🧩 Model added for round 4 (8/12) from ['node_5']
[ 2026-04-18 07:43:33 | node_6 | INFO ] 🧩 Model added for round 4 (9/12) from ['node_1']
[ 2026-04-18 07:43:34 | node_4 | INFO ] 🧩 Model added for round 4 (5/8) from ['node_2']
[ 2026-04-18 07:43:34 | node_13 | INFO ] 🧩 Model added for round 4 (3/9) from ['node_5']
[ 2026-04-18 07:43:34 | node_7 | INFO ] 🧩 Model added for round 4 (5/8) from ['node_9']
[ 2026-04-18 07:43:34 | node_7 | INFO ] 🧩 Model added for round 4 (6/8) from ['node_1']
[ 2026-04-18 07:43:34 | node_8 | INFO ] 📤 Sending model to 10 direct neighbors: ['node', 'node_3', 'node_7', 'node_10', 'node_11', 'node_14', 'node_15', 'node_17', 'node_18', 'node_19']
[ 2026-04-18 07:43:34 | node_11 | INFO ] 🧩 Model added for round 4 (4/8) from ['node_2']
[ 2026-04-18 07:43:34 | node_14 | INFO ] 🧩 Model added for round 4 (4/11) from ['node_5']
[ 2026-04-18 07:43:34 | node_19 | INFO ] 📤 Sending model to 6 direct neighbors: ['node_4', 'node_5', 'node_8', 'node_10', 'node_15', 'node_16']
[ 2026-04-18 07:43:34 | node_10 | INFO ] 🧩 Model added for round 4 (3/7) from ['node_9']
[ 2026-04-18 07:43:35 | node | INFO ] 🧩 Model added for round 4 (6/8) from ['node_8']
[ 2026-04-18 07:43:35 | node_12 | INFO ] 🧩 Model added for round 4 (9/12) from ['node_2']
[ 2026-04-18 07:43:35 | node_11 | INFO ] 🧩 Model added for round 4 (5/8) from ['node_1']
[ 2026-04-18 07:43:35 | node_12 | INFO ] 📤 Sending model to 11 direct neighbors: ['node', 'node_2', 'node_5', 'node_6', 'node_7', 'node_10', 'node_11', 'node_14', 'node_15', 'node_17', 'node_18']
[ 2026-04-18 07:43:35 | node_6 | INFO ] 📤 Sending model to 11 direct neighbors: ['node_1', 'node_3', 'node_5', 'node_9', 'node_10', 'node_12', 'node_13', 'node_14', 'node_15', 'node_17', 'node_18']
[ 2026-04-18 07:43:35 | node_4 | INFO ] 🧩 Model added for round 4 (6/8) from ['node_19']
[ 2026-04-18 07:43:35 | node | INFO ] 🧩 Model added for round 4 (7/8) from ['node_12']
[ 2026-04-18 07:43:35 | node_1 | INFO ] 🧩 Model added for round 4 (9/10) from ['node_6']
[ 2026-04-18 07:43:35 | node_3 | INFO ] 🧩 Model added for round 4 (7/8) from ['node_8']
[ 2026-04-18 07:43:35 | node_19 | INFO ] 🧩 Model added for round 4 (6/7) from ['node_5']
[ 2026-04-18 07:43:35 | node_13 | INFO ] 🧩 Model added for round 4 (4/9) from ['node_9']
[ 2026-04-18 07:43:35 | node_13 | INFO ] 🧩 Model added for round 4 (5/9) from ['node_1']
[ 2026-04-18 07:43:35 | node_13 | INFO ] 🧩 Model added for round 4 (6/9) from ['node_2']
[ 2026-04-18 07:43:36 | node_5 | INFO ] 🧩 Model added for round 4 (6/8) from ['node_19']
[ 2026-04-18 07:43:36 | node_7 | INFO ] 🧩 Model added for round 4 (7/8) from ['node_8']
[ 2026-04-18 07:43:36 | node_2 | INFO ] 🧩 Model added for round 4 (9/9) from ['node_12']
[ 2026-04-18 07:43:36 | node_16 | INFO ] 🧩 Model added for round 4 (5/8) from ['node_9']
[ 2026-04-18 07:43:36 | node_14 | INFO ] 🧩 Model added for round 4 (5/11) from ['node_1']
[ 2026-04-18 07:43:36 | node_3 | INFO ] 🧩 Model added for round 4 (8/8) from ['node_6']
[ 2026-04-18 07:43:36 | node_14 | INFO ] 🧩 Model added for round 4 (6/11) from ['node_2']
[ 2026-04-18 07:43:36 | node_10 | INFO ] 🧩 Model added for round 4 (4/7) from ['node_8']
[ 2026-04-18 07:43:36 | node_5 | INFO ] 🧩 Model added for round 4 (7/8) from ['node_12']
[ 2026-04-18 07:43:36 | node_5 | INFO ] 🧩 Model added for round 4 (8/8) from ['node_6']
[ 2026-04-18 07:43:36 | node_8 | INFO ] 🧩 Model added for round 4 (9/11) from ['node_19']
[ 2026-04-18 07:43:36 | node_17 | INFO ] 🧩 Model added for round 4 (5/9) from ['node_9']
[ 2026-04-18 07:43:36 | node_15 | INFO ] 🧩 Model added for round 4 (3/9) from ['node_1']
[ 2026-04-18 07:43:37 | node_17 | INFO ] 📤 Sending model to 8 direct neighbors: ['node_4', 'node_6', 'node_8', 'node_9', 'node_12', 'node_13', 'node_14', 'node_18']
[ 2026-04-18 07:43:37 | node_15 | INFO ] 🧩 Model added for round 4 (4/9) from ['node_2']
[ 2026-04-18 07:43:37 | node_11 | INFO ] 🧩 Model added for round 4 (6/8) from ['node_8']
[ 2026-04-18 07:43:37 | node_4 | INFO ] 🧩 Model added for round 4 (7/8) from ['node_17']
[ 2026-04-18 07:43:37 | node_9 | INFO ] 🧩 Model added for round 4 (6/8) from ['node_6']
[ 2026-04-18 07:43:37 | node_6 | INFO ] 🧩 Model added for round 4 (10/12) from ['node_12']
[ 2026-04-18 07:43:37 | node_16 | INFO ] 🧩 Model added for round 4 (6/8) from ['node_1']
[ 2026-04-18 07:43:37 | node_14 | INFO ] 🧩 Model added for round 4 (7/11) from ['node_8']
[ 2026-04-18 07:43:37 | node_10 | INFO ] 🧩 Model added for round 4 (5/7) from ['node_19']
[ 2026-04-18 07:43:38 | node_6 | INFO ] 🧩 Model added for round 4 (11/12) from ['node_17']
[ 2026-04-18 07:43:38 | node_10 | INFO ] 🧩 Model added for round 4 (6/7) from ['node_6']
[ 2026-04-18 07:43:38 | node_15 | INFO ] 🧩 Model added for round 4 (5/9) from ['node_19']
[ 2026-04-18 07:43:38 | node_7 | INFO ] 🧩 Model added for round 4 (8/8) from ['node_12']
[ 2026-04-18 07:43:38 | node_15 | INFO ] 🧩 Model added for round 4 (6/9) from ['node_8']
[ 2026-04-18 07:43:38 | node_12 | INFO ] 🧩 Model added for round 4 (10/12) from ['node_6']
[ 2026-04-18 07:43:39 | ModelPackager | INFO ] Round 4: Consensus detected (dist: 0.000549). Patience: 1/1
[ 2026-04-18 07:43:39 | node_10 | INFO ] 🧩 Model added for round 4 (7/7) from ['node_12']
[ 2026-04-18 07:43:39 | node_16 | INFO ] 🧩 Model added for round 4 (7/8) from ['node_19']
[ 2026-04-18 07:43:39 | node_5 | INFO ] 🧠 Aggregation complete. Setting new model.
[ 2026-04-18 07:43:39 | node_8 | INFO ] 🧩 Model added for round 4 (10/11) from ['node_17']
[ 2026-04-18 07:43:39 | ModelPackager | INFO ] Round 4: Consensus detected (dist: 0.000691). Patience: 1/1
[ 2026-04-18 07:43:39 | node_17 | INFO ] 🧩 Model added for round 4 (6/9) from ['node_8']
[ 2026-04-18 07:43:39 | node_11 | INFO ] 🧩 Model added for round 4 (7/8) from ['node_3']
[ 2026-04-18 07:43:39 | node_2 | INFO ] 🧠 Aggregation complete. Setting new model.
[ 2026-04-18 07:43:39 | ModelPackager | INFO ] Round 4: Consensus detected (dist: 0.000680). Patience: 1/1
[ 2026-04-18 07:43:39 | ModelPackager | INFO ] Round 4: Consensus detected (dist: 0.000586). Patience: 1/1
[ 2026-04-18 07:43:39 | node_10 | INFO ] 🧠 Aggregation complete. Setting new model.
[ 2026-04-18 07:43:39 | node_5 | INFO ] 🗣️ Gossiping aggregated model.
[ 2026-04-18 07:43:39 | node_7 | INFO ] 🧠 Aggregation complete. Setting new model.
[ 2026-04-18 07:43:39 | node_11 | INFO ] 🧩 Model added for round 4 (8/8) from ['node_12']
[ 2026-04-18 07:43:39 | node_2 | INFO ] 🗣️ Gossiping aggregated model.
[ 2026-04-18 07:43:40 | node_13 | INFO ] 🧩 Model added for round 4 (7/9) from ['node_6']
[ 2026-04-18 07:43:40 | node_10 | INFO ] 🗣️ Gossiping aggregated model.
[ 2026-04-18 07:43:40 | node_14 | INFO ] 🧩 Model added for round 4 (8/11) from ['node_3']
[ 2026-04-18 07:43:40 | node_7 | INFO ] 🗣️ Gossiping aggregated model.
[ 2026-04-18 07:43:40 | node_9 | INFO ] 🧩 Model added for round 4 (7/8) from ['node_17']
[ 2026-04-18 07:43:40 | node_19 | INFO ] 🧩 Model added for round 4 (7/7) from ['node_8']
[ 2026-04-18 07:43:40 | node_14 | INFO ] 🧩 Model added for round 4 (9/11) from ['node_6']
[ 2026-04-18 07:43:40 | node_14 | INFO ] 🧩 Model added for round 4 (10/11) from ['node_12']
[ 2026-04-18 07:43:40 | node_15 | INFO ] 🧩 Model added for round 4 (7/9) from ['node_3']
[ 2026-04-18 07:43:41 | node_12 | INFO ] 🧩 Model added for round 4 (11/12) from ['node_17']
[ 2026-04-18 07:43:41 | ModelPackager | INFO ] Round 4: Consensus detected (dist: 0.000491). Patience: 1/1
[ 2026-04-18 07:43:41 | ModelPackager | INFO ] Round 4: Consensus detected (dist: 0.000681). Patience: 1/1
[ 2026-04-18 07:43:41 | node_11 | INFO ] 🧠 Aggregation complete. Setting new model.
[ 2026-04-18 07:43:41 | node_19 | INFO ] 🧠 Aggregation complete. Setting new model.
[ 2026-04-18 07:43:41 | node_15 | INFO ] 🧩 Model added for round 4 (8/9) from ['node_6']
[ 2026-04-18 07:43:41 | node_16 | INFO ] 🧩 Model added for round 4 (8/8) from ['node_3']
[ 2026-04-18 07:43:41 | node_19 | INFO ] 🗣️ Gossiping aggregated model.
[ 2026-04-18 07:43:41 | node_15 | INFO ] 🧩 Model added for round 4 (9/9) from ['node_12']
[ 2026-04-18 07:43:41 | node_11 | INFO ] 🗣️ Gossiping aggregated model.
[ 2026-04-18 07:43:41 | node_13 | INFO ] 🧩 Model added for round 4 (8/9) from ['node_17']
[ 2026-04-18 07:43:42 | node_17 | INFO ] 🧩 Model added for round 4 (7/9) from ['node_6']
[ 2026-04-18 07:43:42 | node_17 | INFO ] 🧩 Model added for round 4 (8/9) from ['node_12']
[ 2026-04-18 07:43:42 | node_14 | INFO ] 🧩 Model added for round 4 (11/11) from ['node_17']
[ 2026-04-18 07:43:42 | ModelPackager | INFO ] Round 4: Consensus detected (dist: 0.000619). Patience: 1/1
[ 2026-04-18 07:43:42 | ModelPackager | INFO ] Round 4: Consensus detected (dist: 0.000676). Patience: 1/1
[ 2026-04-18 07:43:42 | ModelPackager | INFO ] Round 4: Consensus detected (dist: 0.000638). Patience: 1/1
[ 2026-04-18 07:43:42 | ModelPackager | INFO ] Round 4: Consensus detected (dist: 0.000558). Patience: 1/1
[ 2026-04-18 07:43:42 | node_15 | INFO ] 🧠 Aggregation complete. Setting new model.
[ 2026-04-18 07:43:42 | node_3 | INFO ] 🧠 Aggregation complete. Setting new model.
[ 2026-04-18 07:43:42 | node_18 | INFO ] ⏹️  Gossiping exited for 10 equal rounds.
[ 2026-04-18 07:43:42 | node_18 | INFO ] 🔬 Evaluating...
[ 2026-04-18 07:43:43 | node_16 | INFO ] 🧠 Aggregation complete. Setting new model.
[ 2026-04-18 07:43:43 | node_14 | INFO ] 🧠 Aggregation complete. Setting new model.
[ 2026-04-18 07:43:43 | node_15 | INFO ] 🗣️ Gossiping aggregated model.
[ 2026-04-18 07:43:43 | node_16 | INFO ] 🗣️ Gossiping aggregated model.
[ 2026-04-18 07:43:43 | node_18 | INFO ] 📈 Evaluated. Results: {'test_loss': 2.191718101501465, 'test_acc': 0.45165562629699707, 'test_precision': 0.22166098654270172, 'test_recall': 0.11353177577257156, 'test_f1': 0.13710255920886993, 'communication_cost': 50820408}
[ 2026-04-18 07:43:43 | node_3 | INFO ] 🗣️ Gossiping aggregated model.
[ 2026-04-18 07:43:43 | node_18 | INFO ] 📢 Broadcasting metrics.
[ 2026-04-18 07:43:43 | node_14 | INFO ] 🗣️ Gossiping aggregated model.
[ 2026-04-18 07:43:44 | node_18 | INFO ] 🎉 Round 4 of 20 finished.
[ 2026-04-18 07:43:44 | node_18 | INFO ] 🗳️ [DETERMINISTIC] Train set assigned (No Voting). Size: 20
[ 2026-04-18 07:43:44 | node_18 | INFO ] ♻️ Proactively processing 9 early models for round 4.
[ 2026-04-18 07:43:44 | node_18 | INFO ] 🧩 Model added for round 4 (1/10) from ['node']
[ 2026-04-18 07:43:44 | node_18 | INFO ] 🧩 Model added for round 4 (2/10) from ['node_4']
[ 2026-04-18 07:43:44 | node_18 | INFO ] 🧩 Model added for round 4 (3/10) from ['node_13']
[ 2026-04-18 07:43:44 | node_18 | INFO ] 🧩 Model added for round 4 (4/10) from ['node_9']
[ 2026-04-18 07:43:44 | node_18 | INFO ] 🧩 Model added for round 4 (5/10) from ['node_1']
[ 2026-04-18 07:43:44 | node_18 | INFO ] 🧩 Model added for round 4 (6/10) from ['node_8']
[ 2026-04-18 07:43:44 | node_18 | INFO ] 🧩 Model added for round 4 (7/10) from ['node_12']
[ 2026-04-18 07:43:44 | node_18 | INFO ] 🧩 Model added for round 4 (8/10) from ['node_6']
[ 2026-04-18 07:43:44 | node_18 | INFO ] 🧩 Model added for round 4 (9/10) from ['node_17']
[ 2026-04-18 07:43:44 | node_18 | INFO ] 🏋️‍♀️ Preparing training...
[ 2026-04-18 07:43:46 | node_18 | INFO ] 🎓 Training step done.
[ 2026-04-18 07:43:46 | node_18 | INFO ] 🛠️ Calling force_add_local_model...
[ 2026-04-18 07:43:46 | node_18 | INFO ] ✅ [FORCE] Local model added for round 4. (10/10)
[ 2026-04-18 07:43:51 | node_18 | INFO ] 📤 Sending model to 9 direct neighbors: ['node', 'node_1', 'node_4', 'node_6', 'node_8', 'node_9', 'node_12', 'node_13', 'node_17']
[ 2026-04-18 07:43:51 | node | INFO ] 🧩 Model added for round 4 (8/8) from ['node_18']
[ 2026-04-18 07:43:52 | node_1 | INFO ] 🧩 Model added for round 4 (10/10) from ['node_18']
[ 2026-04-18 07:43:52 | ModelPackager | INFO ] Round 4: Consensus detected (dist: 0.000628). Patience: 1/1
[ 2026-04-18 07:43:52 | ModelPackager | INFO ] Round 4: Consensus detected (dist: 0.000738). Patience: 1/1
[ 2026-04-18 07:43:52 | ModelPackager | INFO ] 🌟 Node node is AUTHORIZED. Starting packaging & push...
[ 2026-04-18 07:43:52 | node | INFO ] 🧠 Aggregation complete. Setting new model.
[ 2026-04-18 07:43:52 | node_4 | INFO ] 🧩 Model added for round 4 (8/8) from ['node_18']
[ 2026-04-18 07:43:52 | node | INFO ] 🗣️ Gossiping aggregated model.
[ 2026-04-18 07:43:53 | node_1 | INFO ] 🧠 Aggregation complete. Setting new model.
[ 2026-04-18 07:43:53 | node_1 | INFO ] 🗣️ Gossiping aggregated model.
[ 2026-04-18 07:43:53 | node_6 | INFO ] 🧩 Model added for round 4 (12/12) from ['node_18']
[ 2026-04-18 07:43:53 | ModelPackager | INFO ] Round 4: Consensus detected (dist: 0.000588). Patience: 1/1
[ 2026-04-18 07:43:54 | ModelPackager | INFO ] Round 4: Consensus detected (dist: 0.000803). Patience: 1/1
[ 2026-04-18 07:43:54 | node_4 | INFO ] 🧠 Aggregation complete. Setting new model.
[ 2026-04-18 07:43:54 | node_8 | INFO ] 🧩 Model added for round 4 (11/11) from ['node_18']
[ 2026-04-18 07:43:54 | node_4 | INFO ] 🗣️ Gossiping aggregated model.
[ 2026-04-18 07:43:55 | node_6 | INFO ] 🧠 Aggregation complete. Setting new model.
[ 2026-04-18 07:43:55 | node_9 | INFO ] 🧩 Model added for round 4 (8/8) from ['node_18']
[ 2026-04-18 07:43:55 | node_10 | INFO ] ⏹️  Gossiping exited for 10 equal rounds.
[ 2026-04-18 07:43:55 | node_10 | INFO ] 🔬 Evaluating...
[ 2026-04-18 07:43:55 | node_7 | INFO ] ⏹️  Gossiping exited for 10 equal rounds.
[ 2026-04-18 07:43:55 | ModelPackager | INFO ] Round 4: Consensus detected (dist: 0.000764). Patience: 1/1
[ 2026-04-18 07:43:55 | node_7 | INFO ] 🔬 Evaluating...
[ 2026-04-18 07:43:55 | node_10 | INFO ] 📈 Evaluated. Results: {'test_loss': 8.227450370788574, 'test_acc': 0.011299435049295425, 'test_precision': 0.14576271176338196, 'test_recall': 0.003771384246647358, 'test_f1': 0.007313617970794439, 'communication_cost': 33880272}
[ 2026-04-18 07:43:55 | node_6 | INFO ] 🗣️ Gossiping aggregated model.
[ 2026-04-18 07:43:56 | node_10 | INFO ] 📢 Broadcasting metrics.
[ 2026-04-18 07:43:56 | node_12 | INFO ] 🧩 Model added for round 4 (12/12) from ['node_18']
[ 2026-04-18 07:43:56 | node_7 | INFO ] 📈 Evaluated. Results: {'test_loss': 9.392748832702637, 'test_acc': 0.10134310275316238, 'test_precision': 0.1667422503232956, 'test_recall': 0.07656551897525787, 'test_f1': 0.0798715353012085, 'communication_cost': 39526984}
[ 2026-04-18 07:43:56 | node_8 | INFO ] 🧠 Aggregation complete. Setting new model.
[ 2026-04-18 07:43:56 | node_7 | INFO ] 📢 Broadcasting metrics.
[ 2026-04-18 07:43:56 | ModelPackager | INFO ] Round 4: Consensus detected (dist: 0.000566). Patience: 1/1
[ 2026-04-18 07:43:56 | node_8 | INFO ] 🗣️ Gossiping aggregated model.
[ 2026-04-18 07:43:56 | node_13 | INFO ] 🧩 Model added for round 4 (9/9) from ['node_18']
[ 2026-04-18 07:43:56 | node_10 | INFO ] 🎉 Round 5 of 20 finished.
[ 2026-04-18 07:43:56 | node_10 | INFO ] 🗳️ [DETERMINISTIC] Train set assigned (No Voting). Size: 20
[ 2026-04-18 07:43:57 | node_10 | INFO ] 🏋️‍♀️ Preparing training...
[ 2026-04-18 07:43:57 | node_9 | INFO ] 🧠 Aggregation complete. Setting new model.
[ 2026-04-18 07:43:57 | node_19 | INFO ] ⏹️  Gossiping exited for 10 equal rounds.
[ 2026-04-18 07:43:57 | node_9 | INFO ] 🗣️ Gossiping aggregated model.
[ 2026-04-18 07:43:57 | node_17 | INFO ] 🧩 Model added for round 4 (9/9) from ['node_18']
[ 2026-04-18 07:43:57 | node_19 | INFO ] 🔬 Evaluating...
[ 2026-04-18 07:43:58 | node_7 | INFO ] 🎉 Round 5 of 20 finished.
[ 2026-04-18 07:43:58 | node_7 | INFO ] 🗳️ [DETERMINISTIC] Train set assigned (No Voting). Size: 20
[ 2026-04-18 07:43:58 | ModelPackager | INFO ] Round 4: Consensus detected (dist: 0.000592). Patience: 1/1
[ 2026-04-18 07:43:58 | ModelPackager | INFO ] Round 4: Consensus detected (dist: 0.000798). Patience: 1/1
[ 2026-04-18 07:43:58 | ModelPackager | INFO ] Round 4: Consensus detected (dist: 0.000612). Patience: 1/1
[ 2026-04-18 07:43:58 | node_7 | INFO ] 🏋️‍♀️ Preparing training...
[ 2026-04-18 07:43:58 | node_19 | INFO ] 📈 Evaluated. Results: {'test_loss': 8.473306655883789, 'test_acc': 0.10778442770242691, 'test_precision': 0.0710860937833786, 'test_recall': 0.0626516118645668, 'test_f1': 0.03430429473519325, 'communication_cost': 33880272}
[ 2026-04-18 07:43:58 | node_19 | INFO ] 📢 Broadcasting metrics.
[ 2026-04-18 07:43:58 | node_17 | INFO ] 🧠 Aggregation complete. Setting new model.
[ 2026-04-18 07:43:58 | node_13 | INFO ] 🧠 Aggregation complete. Setting new model.
[ 2026-04-18 07:43:58 | node_12 | INFO ] 🧠 Aggregation complete. Setting new model.
[ 2026-04-18 07:43:58 | ModelPackager | INFO ] Round 4: Consensus detected (dist: 0.000554). Patience: 1/1
[ 2026-04-18 07:43:58 | node_7 | INFO ] 🎓 Training step done.
[ 2026-04-18 07:43:58 | node_7 | INFO ] 🛠️ Calling force_add_local_model...
[ 2026-04-18 07:43:59 | node_18 | INFO ] 🧠 Aggregation complete. Setting new model.
[ 2026-04-18 07:43:59 | node_7 | INFO ] ✅ [FORCE] Local model added for round 5. (1/8)
[ 2026-04-18 07:43:59 | node_17 | INFO ] 🗣️ Gossiping aggregated model.
[ 2026-04-18 07:43:59 | node_13 | INFO ] 🗣️ Gossiping aggregated model.
[ 2026-04-18 07:43:59 | node_10 | INFO ] 🎓 Training step done.
[ 2026-04-18 07:43:59 | node_10 | INFO ] 🛠️ Calling force_add_local_model...
[ 2026-04-18 07:43:59 | node_10 | INFO ] ✅ [FORCE] Local model added for round 5. (1/7)
[ 2026-04-18 07:43:59 | node_12 | INFO ] 🗣️ Gossiping aggregated model.
[ 2026-04-18 07:43:59 | node_18 | INFO ] 🗣️ Gossiping aggregated model.
[ 2026-04-18 07:43:59 | node_18 | INFO ] 🤫 Gossip finished.
[ 2026-04-18 07:43:59 | node_18 | INFO ] 🔬 Evaluating...
[ 2026-04-18 07:43:59 | node_19 | INFO ] 🎉 Round 5 of 20 finished.
[ 2026-04-18 07:44:00 | node_19 | INFO ] 🗳️ [DETERMINISTIC] Train set assigned (No Voting). Size: 20
[ 2026-04-18 07:44:00 | node_19 | INFO ] 🏋️‍♀️ Preparing training...
[ 2026-04-18 07:44:00 | node_18 | INFO ] 📈 Evaluated. Results: {'test_loss': 1.8071848154067993, 'test_acc': 0.5099337697029114, 'test_precision': 0.22404728829860687, 'test_recall': 0.12719844281673431, 'test_f1': 0.15034480392932892, 'communication_cost': 50820408}
[ 2026-04-18 07:44:00 | node_18 | INFO ] 📢 Broadcasting metrics.
[ 2026-04-18 07:44:00 | node_19 | INFO ] 🎓 Training step done.
[ 2026-04-18 07:44:00 | node_19 | INFO ] 🛠️ Calling force_add_local_model...
[ 2026-04-18 07:44:00 | node_19 | INFO ] ✅ [FORCE] Local model added for round 5. (1/7)
[ 2026-04-18 07:44:00 | node_17 | INFO ] 🤫 Gossip finished.
[ 2026-04-18 07:44:00 | node_17 | INFO ] 🔬 Evaluating...
[ 2026-04-18 07:44:00 | node_14 | INFO ] ⏹️  Gossiping exited for 10 equal rounds.
[ 2026-04-18 07:44:00 | node_14 | INFO ] 🔬 Evaluating...
[ 2026-04-18 07:44:01 | node_16 | INFO ] ⏹️  Gossiping exited for 10 equal rounds.
[ 2026-04-18 07:44:01 | node_16 | INFO ] 🔬 Evaluating...
[ 2026-04-18 07:44:01 | node_17 | INFO ] 📈 Evaluated. Results: {'test_loss': 3.3152730464935303, 'test_acc': 0.3444444537162781, 'test_precision': 0.1734767109155655, 'test_recall': 0.0766901895403862, 'test_f1': 0.08689087629318237, 'communication_cost': 45173696}
[ 2026-04-18 07:44:01 | node_17 | INFO ] 📢 Broadcasting metrics.
[ 2026-04-18 07:44:01 | node_14 | INFO ] 📈 Evaluated. Results: {'test_loss': 2.3166697025299072, 'test_acc': 0.4444444477558136, 'test_precision': 0.18346774578094482, 'test_recall': 0.1806722730398178, 'test_f1': 0.17041078209877014, 'communication_cost': 56467120}
[ 2026-04-18 07:44:01 | node_14 | INFO ] 📢 Broadcasting metrics.
[ 2026-04-18 07:44:01 | node_16 | INFO ] 📈 Evaluated. Results: {'test_loss': 4.720643520355225, 'test_acc': 0.13513512909412384, 'test_precision': 0.2013888955116272, 'test_recall': 0.05155971646308899, 'test_f1': 0.059758320450782776, 'communication_cost': 39526984}
[ 2026-04-18 07:44:01 | node_16 | INFO ] 📢 Broadcasting metrics.
[ 2026-04-18 07:44:01 | node_18 | INFO ] 🎉 Round 5 of 20 finished.
[ 2026-04-18 07:44:01 | node_18 | INFO ] 🗳️ [DETERMINISTIC] Train set assigned (No Voting). Size: 20
[ 2026-04-18 07:44:01 | node_18 | INFO ] 🏋️‍♀️ Preparing training...
[ 2026-04-18 07:44:02 | node_17 | INFO ] 🎉 Round 5 of 20 finished.
[ 2026-04-18 07:44:02 | node_17 | INFO ] 🗳️ [DETERMINISTIC] Train set assigned (No Voting). Size: 20
[ 2026-04-18 07:44:02 | node_17 | INFO ] 🏋️‍♀️ Preparing training...
[ 2026-04-18 07:44:02 | node_16 | INFO ] 🎉 Round 5 of 20 finished.
[ 2026-04-18 07:44:02 | node_16 | INFO ] 🗳️ [DETERMINISTIC] Train set assigned (No Voting). Size: 20
[ 2026-04-18 07:44:02 | node_16 | INFO ] 🏋️‍♀️ Preparing training...
[ 2026-04-18 07:44:02 | node_14 | INFO ] 🎉 Round 5 of 20 finished.
[ 2026-04-18 07:44:02 | node_14 | INFO ] 🗳️ [DETERMINISTIC] Train set assigned (No Voting). Size: 20
[ 2026-04-18 07:44:02 | node_14 | INFO ] 🏋️‍♀️ Preparing training...
[ 2026-04-18 07:44:03 | node_17 | INFO ] 🎓 Training step done.
[ 2026-04-18 07:44:03 | node_17 | INFO ] 🛠️ Calling force_add_local_model...
[ 2026-04-18 07:44:03 | node_18 | INFO ] 🎓 Training step done.
[ 2026-04-18 07:44:03 | node_17 | INFO ] ✅ [FORCE] Local model added for round 5. (1/9)
[ 2026-04-18 07:44:03 | node_18 | INFO ] 🛠️ Calling force_add_local_model...
[ 2026-04-18 07:44:03 | node_18 | INFO ] ✅ [FORCE] Local model added for round 5. (1/10)
[ 2026-04-18 07:44:03 | node_16 | INFO ] 🎓 Training step done.
[ 2026-04-18 07:44:03 | node_16 | INFO ] 🛠️ Calling force_add_local_model...
[ 2026-04-18 07:44:03 | node_16 | INFO ] ✅ [FORCE] Local model added for round 5. (1/8)
[ 2026-04-18 07:44:04 | node_7 | INFO ] 📤 Sending model to 7 direct neighbors: ['node', 'node_1', 'node_8', 'node_9', 'node_12', 'node_13', 'node_15']
[ 2026-04-18 07:44:04 | node_10 | INFO ] 📤 Sending model to 6 direct neighbors: ['node_6', 'node_8', 'node_9', 'node_12', 'node_16', 'node_19']
[ 2026-04-18 07:44:04 | node_14 | INFO ] 🎓 Training step done.
[ 2026-04-18 07:44:04 | node_14 | INFO ] 🛠️ Calling force_add_local_model...
[ 2026-04-18 07:44:04 | node_14 | INFO ] ✅ [FORCE] Local model added for round 5. (1/11)
[ 2026-04-18 07:44:05 | node_19 | INFO ] 📤 Sending model to 6 direct neighbors: ['node_4', 'node_5', 'node_8', 'node_10', 'node_15', 'node_16']
[ 2026-04-18 07:44:06 | node_16 | INFO ] 🧩 Model added for round 5 (2/8) from ['node_10']
[ 2026-04-18 07:44:06 | node_19 | INFO ] 🧩 Model added for round 5 (2/7) from ['node_10']
[ 2026-04-18 07:44:07 | node_10 | INFO ] 🧩 Model added for round 5 (2/7) from ['node_19']
[ 2026-04-18 07:44:08 | node_16 | INFO ] 🧩 Model added for round 5 (3/8) from ['node_19']
[ 2026-04-18 07:44:08 | node_17 | INFO ] 📤 Sending model to 8 direct neighbors: ['node_4', 'node_6', 'node_8', 'node_9', 'node_12', 'node_13', 'node_14', 'node_18']
[ 2026-04-18 07:44:08 | node_18 | INFO ] 📤 Sending model to 9 direct neighbors: ['node', 'node_1', 'node_4', 'node_6', 'node_8', 'node_9', 'node_12', 'node_13', 'node_17']
[ 2026-04-18 07:44:08 | node_16 | INFO ] 📤 Sending model to 7 direct neighbors: ['node', 'node_1', 'node_3', 'node_9', 'node_10', 'node_14', 'node_19']
[ 2026-04-18 07:44:08 | node | INFO ] ⏹️  Gossiping exited for 10 equal rounds.
[ 2026-04-18 07:44:08 | node | INFO ] 🔬 Evaluating...
[ 2026-04-18 07:44:09 | node | INFO ] 📈 Evaluated. Results: {'test_loss': 3.3729333877563477, 'test_acc': 0.19452887773513794, 'test_precision': 0.2675430476665497, 'test_recall': 0.08488190174102783, 'test_f1': 0.1170375868678093, 'communication_cost': 39526984}
[ 2026-04-18 07:44:09 | node | INFO ] 📢 Broadcasting metrics.
[ 2026-04-18 07:44:09 | node_14 | INFO ] 📤 Sending model to 10 direct neighbors: ['node', 'node_1', 'node_2', 'node_3', 'node_5', 'node_6', 'node_8', 'node_12', 'node_16', 'node_17']
[ 2026-04-18 07:44:10 | node_10 | INFO ] 🧩 Model added for round 5 (3/7) from ['node_16']
[ 2026-04-18 07:44:10 | node | INFO ] 🎉 Round 5 of 20 finished.
[ 2026-04-18 07:44:10 | node | INFO ] 🗳️ [DETERMINISTIC] Train set assigned (No Voting). Size: 20
[ 2026-04-18 07:44:10 | node_14 | INFO ] 🧩 Model added for round 5 (2/11) from ['node_17']
[ 2026-04-18 07:44:10 | node_5 | INFO ] ⏹️  Gossiping exited for 10 equal rounds.
[ 2026-04-18 07:44:10 | node | INFO ] ♻️ Proactively processing 4 early models for round 5.
[ 2026-04-18 07:44:10 | node | INFO ] 🧩 Model added for round 5 (1/8) from ['node_7']
[ 2026-04-18 07:44:10 | node | INFO ] 🧩 Model added for round 5 (2/8) from ['node_18']
[ 2026-04-18 07:44:10 | node_5 | INFO ] 🔬 Evaluating...
[ 2026-04-18 07:44:10 | node | INFO ] 🧩 Model added for round 5 (3/8) from ['node_16']
[ 2026-04-18 07:44:10 | node | INFO ] 🧩 Model added for round 5 (4/8) from ['node_14']
[ 2026-04-18 07:44:10 | node | INFO ] 🏋️‍♀️ Preparing training...
[ 2026-04-18 07:44:10 | node_2 | INFO ] ⏹️  Gossiping exited for 10 equal rounds.
[ 2026-04-18 07:44:10 | node_5 | INFO ] 📈 Evaluated. Results: {'test_loss': 4.752128601074219, 'test_acc': 0.1071428582072258, 'test_precision': 0.22180452942848206, 'test_recall': 0.22448980808258057, 'test_f1': 0.1278911530971527, 'communication_cost': 39526984}
[ 2026-04-18 07:44:10 | node_2 | INFO ] 🔬 Evaluating...
[ 2026-04-18 07:44:10 | node_14 | INFO ] 🧩 Model added for round 5 (3/11) from ['node_16']
[ 2026-04-18 07:44:10 | node_5 | INFO ] 📢 Broadcasting metrics.
[ 2026-04-18 07:44:11 | node | INFO ] 🎓 Training step done.
[ 2026-04-18 07:44:11 | node_2 | INFO ] 📈 Evaluated. Results: {'test_loss': 1.243201494216919, 'test_acc': 0.6775362491607666, 'test_precision': 0.22512869536876678, 'test_recall': 0.158090278506279, 'test_f1': 0.1745024025440216, 'communication_cost': 45173696}
[ 2026-04-18 07:44:11 | node | INFO ] 🛠️ Calling force_add_local_model...
[ 2026-04-18 07:44:11 | node_2 | INFO ] 📢 Broadcasting metrics.
[ 2026-04-18 07:44:11 | node_4 | INFO ] ⏹️  Gossiping exited for 10 equal rounds.
[ 2026-04-18 07:44:11 | node | INFO ] ✅ [FORCE] Local model added for round 5. (5/8)
[ 2026-04-18 07:44:11 | node_18 | INFO ] 🧩 Model added for round 5 (2/10) from ['node_17']
[ 2026-04-18 07:44:11 | node_4 | INFO ] 🔬 Evaluating...
[ 2026-04-18 07:44:11 | node_17 | INFO ] 🧩 Model added for round 5 (2/9) from ['node_18']
[ 2026-04-18 07:44:11 | node_19 | INFO ] 🧩 Model added for round 5 (3/7) from ['node_16']
[ 2026-04-18 07:44:11 | node_4 | INFO ] 📈 Evaluated. Results: {'test_loss': 2.4414126873016357, 'test_acc': 0.28251445293426514, 'test_precision': 0.18257862329483032, 'test_recall': 0.052594494074583054, 'test_f1': 0.07572965323925018, 'communication_cost': 39526984}
[ 2026-04-18 07:44:11 | node_4 | INFO ] 📢 Broadcasting metrics.
[ 2026-04-18 07:44:11 | node_5 | INFO ] 🎉 Round 5 of 20 finished.
[ 2026-04-18 07:44:11 | node_5 | INFO ] 🗳️ [DETERMINISTIC] Train set assigned (No Voting). Size: 20
[ 2026-04-18 07:44:12 | node_5 | INFO ] ♻️ Proactively processing 2 early models for round 5.
[ 2026-04-18 07:44:12 | node_5 | INFO ] 🧩 Model added for round 5 (1/8) from ['node_19']
[ 2026-04-18 07:44:12 | node_5 | INFO ] 🧩 Model added for round 5 (2/8) from ['node_14']
[ 2026-04-18 07:44:12 | node_5 | INFO ] 🏋️‍♀️ Preparing training...
[ 2026-04-18 07:44:12 | node_2 | INFO ] 🎉 Round 5 of 20 finished.
[ 2026-04-18 07:44:12 | node_2 | INFO ] 🗳️ [DETERMINISTIC] Train set assigned (No Voting). Size: 20
[ 2026-04-18 07:44:12 | node_2 | INFO ] ♻️ Proactively processing 1 early models for round 5.
[ 2026-04-18 07:44:12 | node_2 | INFO ] 🧩 Model added for round 5 (1/9) from ['node_14']
[ 2026-04-18 07:44:12 | node_2 | INFO ] 🏋️‍♀️ Preparing training...
[ 2026-04-18 07:44:12 | node_16 | INFO ] 🧩 Model added for round 5 (4/8) from ['node_14']
[ 2026-04-18 07:44:12 | node_4 | INFO ] 🎉 Round 5 of 20 finished.
[ 2026-04-18 07:44:13 | node_4 | INFO ] 🗳️ [DETERMINISTIC] Train set assigned (No Voting). Size: 20
[ 2026-04-18 07:44:13 | node_4 | INFO ] ♻️ Proactively processing 3 early models for round 5.
[ 2026-04-18 07:44:13 | node_4 | INFO ] 🧩 Model added for round 5 (1/8) from ['node_19']
[ 2026-04-18 07:44:13 | node_4 | INFO ] 🧩 Model added for round 5 (2/8) from ['node_17']
[ 2026-04-18 07:44:13 | node_4 | INFO ] 🧩 Model added for round 5 (3/8) from ['node_18']
[ 2026-04-18 07:44:13 | node_4 | INFO ] 🏋️‍♀️ Preparing training...
[ 2026-04-18 07:44:13 | node_8 | INFO ] ⏹️  Gossiping exited for 10 equal rounds.
[ 2026-04-18 07:44:13 | node_8 | INFO ] 🔬 Evaluating...
[ 2026-04-18 07:44:13 | node_13 | INFO ] ⏹️  Gossiping exited for 10 equal rounds.
[ 2026-04-18 07:44:13 | node_17 | INFO ] 🧩 Model added for round 5 (3/9) from ['node_14']
[ 2026-04-18 07:44:13 | node_5 | INFO ] 🎓 Training step done.
[ 2026-04-18 07:44:13 | node_13 | INFO ] 🔬 Evaluating...
[ 2026-04-18 07:44:13 | node_5 | INFO ] 🛠️ Calling force_add_local_model...
[ 2026-04-18 07:44:13 | node_8 | INFO ] 📈 Evaluated. Results: {'test_loss': 2.2626492977142334, 'test_acc': 0.37704917788505554, 'test_precision': 0.18194444477558136, 'test_recall': 0.11271367967128754, 'test_f1': 0.1319444477558136, 'communication_cost': 56467120}
[ 2026-04-18 07:44:13 | node_5 | INFO ] ✅ [FORCE] Local model added for round 5. (3/8)
[ 2026-04-18 07:44:13 | node_8 | INFO ] 📢 Broadcasting metrics.
[ 2026-04-18 07:44:13 | node_13 | INFO ] 📈 Evaluated. Results: {'test_loss': 5.140275001525879, 'test_acc': 0.1483253538608551, 'test_precision': 0.2058129757642746, 'test_recall': 0.22691337764263153, 'test_f1': 0.10932755470275879, 'communication_cost': 45173696}
[ 2026-04-18 07:44:13 | node_4 | INFO ] 🎓 Training step done.
[ 2026-04-18 07:44:13 | node_4 | INFO ] 🛠️ Calling force_add_local_model...
[ 2026-04-18 07:44:13 | node_13 | INFO ] 📢 Broadcasting metrics.
[ 2026-04-18 07:44:13 | node_4 | INFO ] ✅ [FORCE] Local model added for round 5. (4/8)
[ 2026-04-18 07:44:13 | node_2 | INFO ] 🎓 Training step done.
[ 2026-04-18 07:44:13 | node_2 | INFO ] 🛠️ Calling force_add_local_model...
[ 2026-04-18 07:44:14 | node_2 | INFO ] ✅ [FORCE] Local model added for round 5. (2/9)
[ 2026-04-18 07:44:14 | node_3 | INFO ] ⏹️  Gossiping exited for 10 equal rounds.
[ 2026-04-18 07:44:14 | node_3 | INFO ] 🔬 Evaluating...
[ 2026-04-18 07:44:14 | node_3 | INFO ] 📈 Evaluated. Results: {'test_loss': 3.338282346725464, 'test_acc': 0.38163265585899353, 'test_precision': 0.30182045698165894, 'test_recall': 0.15164034068584442, 'test_f1': 0.17531068623065948, 'communication_cost': 39526984}
[ 2026-04-18 07:44:14 | node_13 | INFO ] 🎉 Round 5 of 20 finished.
[ 2026-04-18 07:44:14 | node_3 | INFO ] 📢 Broadcasting metrics.
[ 2026-04-18 07:44:14 | node_13 | INFO ] 🗳️ [DETERMINISTIC] Train set assigned (No Voting). Size: 20
[ 2026-04-18 07:44:14 | node_13 | INFO ] ♻️ Proactively processing 3 early models for round 5.
[ 2026-04-18 07:44:14 | node_13 | INFO ] 🧩 Model added for round 5 (1/9) from ['node_7']
[ 2026-04-18 07:44:14 | node_13 | INFO ] 🧩 Model added for round 5 (2/9) from ['node_17']
[ 2026-04-18 07:44:15 | node_13 | INFO ] 🧩 Model added for round 5 (3/9) from ['node_18']
[ 2026-04-18 07:44:15 | node_13 | INFO ] 🏋️‍♀️ Preparing training...
[ 2026-04-18 07:44:15 | node_8 | INFO ] 🎉 Round 5 of 20 finished.
[ 2026-04-18 07:44:15 | node_8 | INFO ] 🗳️ [DETERMINISTIC] Train set assigned (No Voting). Size: 20
[ 2026-04-18 07:44:15 | node_8 | INFO ] ♻️ Proactively processing 6 early models for round 5.
[ 2026-04-18 07:44:15 | node_8 | INFO ] 🧩 Model added for round 5 (1/11) from ['node_7']
[ 2026-04-18 07:44:15 | node_8 | INFO ] 🧩 Model added for round 5 (2/11) from ['node_10']
[ 2026-04-18 07:44:15 | node_8 | INFO ] 🧩 Model added for round 5 (3/11) from ['node_19']
[ 2026-04-18 07:44:15 | node_8 | INFO ] 🧩 Model added for round 5 (4/11) from ['node_17']
[ 2026-04-18 07:44:15 | node_8 | INFO ] 🧩 Model added for round 5 (5/11) from ['node_18']
[ 2026-04-18 07:44:15 | node_8 | INFO ] 🧩 Model added for round 5 (6/11) from ['node_14']
[ 2026-04-18 07:44:15 | node_8 | INFO ] 🏋️‍♀️ Preparing training...
[ 2026-04-18 07:44:15 | node_13 | INFO ] 🎓 Training step done.
[ 2026-04-18 07:44:15 | node_13 | INFO ] 🛠️ Calling force_add_local_model...
[ 2026-04-18 07:44:15 | node_12 | INFO ] ⏹️  Gossiping exited for 10 equal rounds.
[ 2026-04-18 07:44:15 | node_13 | INFO ] ✅ [FORCE] Local model added for round 5. (4/9)
[ 2026-04-18 07:44:15 | node_12 | INFO ] 🔬 Evaluating...
[ 2026-04-18 07:44:15 | node_12 | INFO ] 📈 Evaluated. Results: {'test_loss': 1.7240606546401978, 'test_acc': 0.49295774102211, 'test_precision': 0.12299740314483643, 'test_recall': 0.10478834062814713, 'test_f1': 0.1028708666563034, 'communication_cost': 62113832}
[ 2026-04-18 07:44:15 | node_12 | INFO ] 📢 Broadcasting metrics.
[ 2026-04-18 07:44:15 | node_3 | INFO ] 🎉 Round 5 of 20 finished.
[ 2026-04-18 07:44:15 | node_3 | INFO ] 🗳️ [DETERMINISTIC] Train set assigned (No Voting). Size: 20
[ 2026-04-18 07:44:15 | node_3 | INFO ] ♻️ Proactively processing 2 early models for round 5.
[ 2026-04-18 07:44:15 | node_3 | INFO ] 🧩 Model added for round 5 (1/8) from ['node_16']
[ 2026-04-18 07:44:15 | node_3 | INFO ] 🧩 Model added for round 5 (2/8) from ['node_14']
[ 2026-04-18 07:44:15 | node_3 | INFO ] 🏋️‍♀️ Preparing training...
[ 2026-04-18 07:44:16 | node_8 | INFO ] 🎓 Training step done.
[ 2026-04-18 07:44:16 | node_8 | INFO ] 🛠️ Calling force_add_local_model...
[ 2026-04-18 07:44:16 | node_8 | INFO ] ✅ [FORCE] Local model added for round 5. (7/11)
[ 2026-04-18 07:44:16 | node_3 | INFO ] 🎓 Training step done.
[ 2026-04-18 07:44:16 | node_3 | INFO ] 🛠️ Calling force_add_local_model...
[ 2026-04-18 07:44:16 | node_3 | INFO ] ✅ [FORCE] Local model added for round 5. (3/8)
[ 2026-04-18 07:44:16 | node | INFO ] 📤 Sending model to 7 direct neighbors: ['node_4', 'node_7', 'node_8', 'node_12', 'node_14', 'node_16', 'node_18']
[ 2026-04-18 07:44:16 | node_4 | INFO ] 🧩 Model added for round 5 (5/8) from ['node']
[ 2026-04-18 07:44:16 | node_7 | INFO ] 🧩 Model added for round 5 (2/8) from ['node']
[ 2026-04-18 07:44:17 | node_12 | INFO ] 🎉 Round 5 of 20 finished.
[ 2026-04-18 07:44:17 | node_12 | INFO ] 🗳️ [DETERMINISTIC] Train set assigned (No Voting). Size: 20
[ 2026-04-18 07:44:17 | node_12 | INFO ] ♻️ Proactively processing 5 early models for round 5.
[ 2026-04-18 07:44:17 | node_12 | INFO ] 🧩 Model added for round 5 (1/12) from ['node_10']
[ 2026-04-18 07:44:17 | node_12 | INFO ] 🧩 Model added for round 5 (2/12) from ['node_7']
[ 2026-04-18 07:44:17 | node_12 | INFO ] 🧩 Model added for round 5 (3/12) from ['node_17']
[ 2026-04-18 07:44:17 | node_12 | INFO ] 🧩 Model added for round 5 (4/12) from ['node_18']
[ 2026-04-18 07:44:17 | node_12 | INFO ] 🧩 Model added for round 5 (5/12) from ['node_14']
[ 2026-04-18 07:44:17 | node_12 | INFO ] 🏋️‍♀️ Preparing training...
[ 2026-04-18 07:44:17 | node_8 | INFO ] 🧩 Model added for round 5 (8/11) from ['node']
[ 2026-04-18 07:44:18 | node_12 | INFO ] 🧩 Model added for round 5 (6/12) from ['node']
[ 2026-04-18 07:44:18 | node_12 | INFO ] 🎓 Training step done.
[ 2026-04-18 07:44:18 | node_12 | INFO ] 🛠️ Calling force_add_local_model...
[ 2026-04-18 07:44:18 | node_12 | INFO ] ✅ [FORCE] Local model added for round 5. (7/12)
[ 2026-04-18 07:44:18 | node_5 | INFO ] 📤 Sending model to 7 direct neighbors: ['node_4', 'node_6', 'node_11', 'node_12', 'node_13', 'node_14', 'node_19']
[ 2026-04-18 07:44:18 | node_4 | INFO ] 📤 Sending model to 7 direct neighbors: ['node', 'node_2', 'node_5', 'node_11', 'node_17', 'node_18', 'node_19']
[ 2026-04-18 07:44:18 | node_14 | INFO ] 🧩 Model added for round 5 (4/11) from ['node']
[ 2026-04-18 07:44:18 | node_4 | INFO ] 🧩 Model added for round 5 (6/8) from ['node_5']
[ 2026-04-18 07:44:18 | node | INFO ] 🧩 Model added for round 5 (6/8) from ['node_4']
[ 2026-04-18 07:44:19 | node_2 | INFO ] 📤 Sending model to 8 direct neighbors: ['node_1', 'node_3', 'node_4', 'node_11', 'node_12', 'node_13', 'node_14', 'node_15']
[ 2026-04-18 07:44:19 | node_2 | INFO ] 🧩 Model added for round 5 (3/9) from ['node_4']
[ 2026-04-18 07:44:19 | node_3 | INFO ] 🧩 Model added for round 5 (4/8) from ['node_2']
[ 2026-04-18 07:44:19 | node_16 | INFO ] 🧩 Model added for round 5 (5/8) from ['node']
[ 2026-04-18 07:44:19 | node_12 | INFO ] 🧩 Model added for round 5 (8/12) from ['node_5']
[ 2026-04-18 07:44:20 | node_5 | INFO ] 🧩 Model added for round 5 (4/8) from ['node_4']
[ 2026-04-18 07:44:20 | node_4 | INFO ] 🧩 Model added for round 5 (7/8) from ['node_2']
[ 2026-04-18 07:44:20 | node_18 | INFO ] 🧩 Model added for round 5 (3/10) from ['node']
[ 2026-04-18 07:44:20 | node_13 | INFO ] 📤 Sending model to 8 direct neighbors: ['node_1', 'node_2', 'node_5', 'node_6', 'node_7', 'node_9', 'node_17', 'node_18']
[ 2026-04-18 07:44:20 | node_13 | INFO ] 🧩 Model added for round 5 (5/9) from ['node_5']
[ 2026-04-18 07:44:20 | node_2 | INFO ] 🧩 Model added for round 5 (4/9) from ['node_13']
[ 2026-04-18 07:44:20 | node_17 | INFO ] 🧩 Model added for round 5 (4/9) from ['node_4']
[ 2026-04-18 07:44:20 | node_12 | INFO ] 🧩 Model added for round 5 (9/12) from ['node_2']
[ 2026-04-18 07:44:21 | node_14 | INFO ] 🧩 Model added for round 5 (5/11) from ['node_5']
[ 2026-04-18 07:44:21 | node_8 | INFO ] 📤 Sending model to 10 direct neighbors: ['node', 'node_3', 'node_7', 'node_10', 'node_11', 'node_14', 'node_15', 'node_17', 'node_18', 'node_19']
[ 2026-04-18 07:44:21 | node_3 | INFO ] 📤 Sending model to 7 direct neighbors: ['node_2', 'node_6', 'node_8', 'node_11', 'node_14', 'node_15', 'node_16']
[ 2026-04-18 07:44:21 | node_5 | INFO ] 🧩 Model added for round 5 (5/8) from ['node_13']
[ 2026-04-18 07:44:21 | node | INFO ] 🧩 Model added for round 5 (7/8) from ['node_8']
[ 2026-04-18 07:44:21 | node_18 | INFO ] 🧩 Model added for round 5 (4/10) from ['node_4']
[ 2026-04-18 07:44:21 | node_2 | INFO ] 🧩 Model added for round 5 (5/9) from ['node_3']
[ 2026-04-18 07:44:21 | node_13 | INFO ] 🧩 Model added for round 5 (6/9) from ['node_2']
[ 2026-04-18 07:44:21 | node_19 | INFO ] 🧩 Model added for round 5 (4/7) from ['node_5']
[ 2026-04-18 07:44:22 | node_3 | INFO ] 🧩 Model added for round 5 (5/8) from ['node_8']
[ 2026-04-18 07:44:22 | node_7 | INFO ] 🧩 Model added for round 5 (3/8) from ['node_13']
[ 2026-04-18 07:44:22 | node_19 | INFO ] 🧩 Model added for round 5 (5/7) from ['node_4']
[ 2026-04-18 07:44:22 | node_8 | INFO ] 🧩 Model added for round 5 (9/11) from ['node_3']
[ 2026-04-18 07:44:22 | node_14 | INFO ] 🧩 Model added for round 5 (6/11) from ['node_2']
[ 2026-04-18 07:44:22 | node_7 | INFO ] 🧩 Model added for round 5 (4/8) from ['node_8']
[ 2026-04-18 07:44:22 | node_17 | INFO ] 🧩 Model added for round 5 (5/9) from ['node_13']
[ 2026-04-18 07:44:23 | node_10 | INFO ] 🧩 Model added for round 5 (4/7) from ['node_8']
[ 2026-04-18 07:44:23 | node_14 | INFO ] 🧩 Model added for round 5 (7/11) from ['node_3']
[ 2026-04-18 07:44:23 | node_12 | INFO ] 📤 Sending model to 11 direct neighbors: ['node', 'node_2', 'node_5', 'node_6', 'node_7', 'node_10', 'node_11', 'node_14', 'node_15', 'node_17', 'node_18']
[ 2026-04-18 07:44:23 | node | INFO ] 🧩 Model added for round 5 (8/8) from ['node_12']
[ 2026-04-18 07:44:23 | node_18 | INFO ] 🧩 Model added for round 5 (5/10) from ['node_13']
[ 2026-04-18 07:44:23 | node_14 | INFO ] 🧩 Model added for round 5 (8/11) from ['node_8']
[ 2026-04-18 07:44:24 | ModelPackager | INFO ] Round 5: Consensus detected (dist: 0.000628). Patience: 1/1
[ 2026-04-18 07:44:24 | ModelPackager | INFO ] 🌟 Node node is AUTHORIZED. Starting packaging & push...
[ 2026-04-18 07:44:24 | node | INFO ] 🧠 Aggregation complete. Setting new model.
[ 2026-04-18 07:44:24 | node_2 | INFO ] 🧩 Model added for round 5 (6/9) from ['node_12']
[ 2026-04-18 07:44:24 | node_1 | INFO ] ⏹️  Gossiping exited for 10 equal rounds.
[ 2026-04-18 07:44:24 | node | INFO ] 🗣️ Gossiping aggregated model.
[ 2026-04-18 07:44:24 | node_1 | INFO ] 🔬 Evaluating...
[ 2026-04-18 07:44:24 | node_1 | INFO ] 📈 Evaluated. Results: {'test_loss': 3.4287164211273193, 'test_acc': 0.2152777761220932, 'test_precision': 0.1833133101463318, 'test_recall': 0.07099901139736176, 'test_f1': 0.07212662696838379, 'communication_cost': 50820408}
[ 2026-04-18 07:44:24 | node_1 | INFO ] 📢 Broadcasting metrics.
[ 2026-04-18 07:44:24 | node_16 | INFO ] 🧩 Model added for round 5 (6/8) from ['node_3']
[ 2026-04-18 07:44:25 | node_5 | INFO ] 🧩 Model added for round 5 (6/8) from ['node_12']
[ 2026-04-18 07:44:25 | node_17 | INFO ] 🧩 Model added for round 5 (6/9) from ['node_8']
[ 2026-04-18 07:44:25 | node_18 | INFO ] 🧩 Model added for round 5 (6/10) from ['node_8']
[ 2026-04-18 07:44:25 | node_7 | INFO ] 🧩 Model added for round 5 (5/8) from ['node_12']
[ 2026-04-18 07:44:26 | node_1 | INFO ] 🎉 Round 5 of 20 finished.
[ 2026-04-18 07:44:26 | node_1 | INFO ] 🗳️ [DETERMINISTIC] Train set assigned (No Voting). Size: 20
[ 2026-04-18 07:44:26 | node_1 | INFO ] ♻️ Proactively processing 6 early models for round 5.
[ 2026-04-18 07:44:26 | node_1 | INFO ] 🧩 Model added for round 5 (1/10) from ['node_7']
[ 2026-04-18 07:44:26 | node_1 | INFO ] 🧩 Model added for round 5 (2/10) from ['node_18']
[ 2026-04-18 07:44:26 | node_1 | INFO ] 🧩 Model added for round 5 (3/10) from ['node_16']
[ 2026-04-18 07:44:26 | node_1 | INFO ] 🧩 Model added for round 5 (4/10) from ['node_14']
[ 2026-04-18 07:44:26 | node_1 | INFO ] 🧩 Model added for round 5 (5/10) from ['node_2']
[ 2026-04-18 07:44:26 | node_1 | INFO ] 🧩 Model added for round 5 (6/10) from ['node_13']
[ 2026-04-18 07:44:26 | node_1 | INFO ] 🏋️‍♀️ Preparing training...
[ 2026-04-18 07:44:26 | node_19 | INFO ] 🧩 Model added for round 5 (6/7) from ['node_8']
[ 2026-04-18 07:44:26 | node_10 | INFO ] 🧩 Model added for round 5 (5/7) from ['node_12']
[ 2026-04-18 07:44:26 | node_9 | INFO ] ⏹️  Gossiping exited for 10 equal rounds.
[ 2026-04-18 07:44:26 | node_9 | INFO ] 🔬 Evaluating...
[ 2026-04-18 07:44:27 | node_6 | INFO ] ⏹️  Gossiping exited for 10 equal rounds.
[ 2026-04-18 07:44:27 | node_6 | INFO ] 🔬 Evaluating...
[ 2026-04-18 07:44:27 | node_14 | INFO ] 🧩 Model added for round 5 (9/11) from ['node_12']
[ 2026-04-18 07:44:27 | node_9 | INFO ] 📈 Evaluated. Results: {'test_loss': 2.494389295578003, 'test_acc': 0.4401041567325592, 'test_precision': 0.18804113566875458, 'test_recall': 0.11462370306253433, 'test_f1': 0.13082602620124817, 'communication_cost': 39526984}
[ 2026-04-18 07:44:27 | node_9 | INFO ] 📢 Broadcasting metrics.
[ 2026-04-18 07:44:27 | node_6 | INFO ] 📈 Evaluated. Results: {'test_loss': 1.6940953731536865, 'test_acc': 0.4653465449810028, 'test_precision': 0.13926397264003754, 'test_recall': 0.07220253348350525, 'test_f1': 0.09279832243919373, 'communication_cost': 62113832}
[ 2026-04-18 07:44:27 | node_6 | INFO ] 📢 Broadcasting metrics.
[ 2026-04-18 07:44:27 | node_1 | INFO ] 🎓 Training step done.
[ 2026-04-18 07:44:27 | node_1 | INFO ] 🛠️ Calling force_add_local_model...
[ 2026-04-18 07:44:27 | node_1 | INFO ] ✅ [FORCE] Local model added for round 5. (7/10)
[ 2026-04-18 07:44:28 | node_17 | INFO ] 🧩 Model added for round 5 (7/9) from ['node_12']
[ 2026-04-18 07:44:28 | node_18 | INFO ] 🧩 Model added for round 5 (7/10) from ['node_12']
[ 2026-04-18 07:44:28 | node_9 | INFO ] 🎉 Round 5 of 20 finished.
[ 2026-04-18 07:44:28 | node_9 | INFO ] 🗳️ [DETERMINISTIC] Train set assigned (No Voting). Size: 20
[ 2026-04-18 07:44:28 | node_9 | INFO ] ♻️ Proactively processing 6 early models for round 5.
[ 2026-04-18 07:44:28 | node_9 | INFO ] 🧩 Model added for round 5 (1/8) from ['node_10']
[ 2026-04-18 07:44:28 | node_9 | INFO ] 🧩 Model added for round 5 (2/8) from ['node_7']
[ 2026-04-18 07:44:28 | node_9 | INFO ] 🧩 Model added for round 5 (3/8) from ['node_17']
[ 2026-04-18 07:44:28 | node_9 | INFO ] 🧩 Model added for round 5 (4/8) from ['node_16']
[ 2026-04-18 07:44:28 | node_9 | INFO ] 🧩 Model added for round 5 (5/8) from ['node_18']
[ 2026-04-18 07:44:28 | node_9 | INFO ] 🧩 Model added for round 5 (6/8) from ['node_13']
[ 2026-04-18 07:44:28 | node_9 | INFO ] 🏋️‍♀️ Preparing training...
[ 2026-04-18 07:44:28 | node_11 | INFO ] ⏹️  Gossiping exited for 10 equal rounds.
[ 2026-04-18 07:44:28 | node_11 | INFO ] 🔬 Evaluating...
[ 2026-04-18 07:44:28 | node_15 | INFO ] ⏹️  Gossiping exited for 10 equal rounds.
[ 2026-04-18 07:44:29 | node_15 | INFO ] 🔬 Evaluating...
[ 2026-04-18 07:44:29 | node_6 | INFO ] 🎉 Round 5 of 20 finished.
[ 2026-04-18 07:44:29 | node_6 | INFO ] 🗳️ [DETERMINISTIC] Train set assigned (No Voting). Size: 20
[ 2026-04-18 07:44:29 | node_6 | INFO ] ♻️ Proactively processing 8 early models for round 5.
[ 2026-04-18 07:44:29 | node_6 | INFO ] 🧩 Model added for round 5 (1/12) from ['node_10']
[ 2026-04-18 07:44:29 | node_6 | INFO ] 🧩 Model added for round 5 (2/12) from ['node_17']
[ 2026-04-18 07:44:29 | node_6 | INFO ] 🧩 Model added for round 5 (3/12) from ['node_18']
[ 2026-04-18 07:44:29 | node_6 | INFO ] 🧩 Model added for round 5 (4/12) from ['node_14']
[ 2026-04-18 07:44:29 | node_6 | INFO ] 🧩 Model added for round 5 (5/12) from ['node_5']
[ 2026-04-18 07:44:29 | node_11 | INFO ] 📈 Evaluated. Results: {'test_loss': 2.1076483726501465, 'test_acc': 0.39449542760849, 'test_precision': 0.19592900574207306, 'test_recall': 0.08823582530021667, 'test_f1': 0.11354908347129822, 'communication_cost': 39526984}
[ 2026-04-18 07:44:29 | node_6 | INFO ] 🧩 Model added for round 5 (6/12) from ['node_13']
[ 2026-04-18 07:44:29 | node_6 | INFO ] 🧩 Model added for round 5 (7/12) from ['node_3']
[ 2026-04-18 07:44:29 | node_6 | INFO ] 🧩 Model added for round 5 (8/12) from ['node_12']
[ 2026-04-18 07:44:29 | node_6 | INFO ] 🏋️‍♀️ Preparing training...
[ 2026-04-18 07:44:29 | node_11 | INFO ] 📢 Broadcasting metrics.
[ 2026-04-18 07:44:29 | node_9 | INFO ] 🎓 Training step done.
[ 2026-04-18 07:44:29 | node_15 | INFO ] 📈 Evaluated. Results: {'test_loss': 18.472476959228516, 'test_acc': 0.0, 'test_precision': 0.0, 'test_recall': 0.0, 'test_f1': 0.0, 'communication_cost': 45173696}
[ 2026-04-18 07:44:29 | node_9 | INFO ] 🛠️ Calling force_add_local_model...
[ 2026-04-18 07:44:29 | node_15 | INFO ] 📢 Broadcasting metrics.
[ 2026-04-18 07:44:29 | node_9 | INFO ] ✅ [FORCE] Local model added for round 5. (7/8)
[ 2026-04-18 07:44:30 | node_6 | INFO ] 🎓 Training step done.
[ 2026-04-18 07:44:30 | node_6 | INFO ] 🛠️ Calling force_add_local_model...
[ 2026-04-18 07:44:30 | node_6 | INFO ] ✅ [FORCE] Local model added for round 5. (9/12)
[ 2026-04-18 07:44:30 | node_11 | INFO ] 🎉 Round 5 of 20 finished.
[ 2026-04-18 07:44:30 | node_11 | INFO ] 🗳️ [DETERMINISTIC] Train set assigned (No Voting). Size: 20
[ 2026-04-18 07:44:30 | node_11 | INFO ] ♻️ Proactively processing 6 early models for round 5.
[ 2026-04-18 07:44:30 | node_11 | INFO ] 🧩 Model added for round 5 (1/8) from ['node_5']
[ 2026-04-18 07:44:30 | node_11 | INFO ] 🧩 Model added for round 5 (2/8) from ['node_4']
[ 2026-04-18 07:44:30 | node_11 | INFO ] 🧩 Model added for round 5 (3/8) from ['node_2']
[ 2026-04-18 07:44:30 | node_11 | INFO ] 🧩 Model added for round 5 (4/8) from ['node_3']
[ 2026-04-18 07:44:30 | node_11 | INFO ] 🧩 Model added for round 5 (5/8) from ['node_8']
[ 2026-04-18 07:44:30 | node_11 | INFO ] 🧩 Model added for round 5 (6/8) from ['node_12']
[ 2026-04-18 07:44:30 | node_11 | INFO ] 🏋️‍♀️ Preparing training...
[ 2026-04-18 07:44:30 | node_15 | INFO ] 🎉 Round 5 of 20 finished.
[ 2026-04-18 07:44:30 | node_15 | INFO ] 🗳️ [DETERMINISTIC] Train set assigned (No Voting). Size: 20
[ 2026-04-18 07:44:30 | node_15 | INFO ] ♻️ Proactively processing 6 early models for round 5.
[ 2026-04-18 07:44:30 | node_15 | INFO ] 🧩 Model added for round 5 (1/9) from ['node_7']
[ 2026-04-18 07:44:30 | node_15 | INFO ] 🧩 Model added for round 5 (2/9) from ['node_19']
[ 2026-04-18 07:44:30 | node_15 | INFO ] 🧩 Model added for round 5 (3/9) from ['node_2']
[ 2026-04-18 07:44:30 | node_15 | INFO ] 🧩 Model added for round 5 (4/9) from ['node_3']
[ 2026-04-18 07:44:30 | node_15 | INFO ] 🧩 Model added for round 5 (5/9) from ['node_8']
[ 2026-04-18 07:44:30 | node_15 | INFO ] 🧩 Model added for round 5 (6/9) from ['node_12']
[ 2026-04-18 07:44:30 | node_15 | INFO ] 🏋️‍♀️ Preparing training...
[ 2026-04-18 07:44:30 | node_11 | INFO ] 🎓 Training step done.
[ 2026-04-18 07:44:30 | node_11 | INFO ] 🛠️ Calling force_add_local_model...
[ 2026-04-18 07:44:30 | node_11 | INFO ] ✅ [FORCE] Local model added for round 5. (7/8)
[ 2026-04-18 07:44:32 | node_15 | INFO ] 🎓 Training step done.
[ 2026-04-18 07:44:32 | node_15 | INFO ] 🛠️ Calling force_add_local_model...
[ 2026-04-18 07:44:32 | node_15 | INFO ] ✅ [FORCE] Local model added for round 5. (7/9)
[ 2026-04-18 07:44:32 | node_1 | INFO ] 📤 Sending model to 9 direct neighbors: ['node_2', 'node_6', 'node_7', 'node_11', 'node_13', 'node_14', 'node_15', 'node_16', 'node_18']
[ 2026-04-18 07:44:33 | node_2 | INFO ] 🧩 Model added for round 5 (7/9) from ['node_1']
[ 2026-04-18 07:44:33 | node_6 | INFO ] 🧩 Model added for round 5 (10/12) from ['node_1']
[ 2026-04-18 07:44:34 | node_7 | INFO ] 🧩 Model added for round 5 (6/8) from ['node_1']
[ 2026-04-18 07:44:34 | node_11 | INFO ] 🧩 Model added for round 5 (8/8) from ['node_1']
[ 2026-04-18 07:44:34 | node_9 | INFO ] 📤 Sending model to 7 direct neighbors: ['node_6', 'node_7', 'node_10', 'node_13', 'node_16', 'node_17', 'node_18']
[ 2026-04-18 07:44:34 | node_6 | INFO ] 🧩 Model added for round 5 (11/12) from ['node_9']
[ 2026-04-18 07:44:34 | node_13 | INFO ] 🧩 Model added for round 5 (7/9) from ['node_1']
[ 2026-04-18 07:44:35 | node_6 | INFO ] 📤 Sending model to 11 direct neighbors: ['node_1', 'node_3', 'node_5', 'node_9', 'node_10', 'node_12', 'node_13', 'node_14', 'node_15', 'node_17', 'node_18']
[ 2026-04-18 07:44:35 | node_7 | INFO ] 🧩 Model added for round 5 (7/8) from ['node_9']
[ 2026-04-18 07:44:35 | node_14 | INFO ] 🧩 Model added for round 5 (10/11) from ['node_1']
[ 2026-04-18 07:44:35 | node_1 | INFO ] 🧩 Model added for round 5 (8/10) from ['node_6']
[ 2026-04-18 07:44:35 | node_10 | INFO ] 🧩 Model added for round 5 (6/7) from ['node_9']
[ 2026-04-18 07:44:35 | node_11 | INFO ] 📤 Sending model to 7 direct neighbors: ['node_1', 'node_2', 'node_3', 'node_4', 'node_5', 'node_8', 'node_12']
[ 2026-04-18 07:44:35 | node_15 | INFO ] 🧩 Model added for round 5 (8/9) from ['node_1']
[ 2026-04-18 07:44:36 | node_3 | INFO ] 🧩 Model added for round 5 (6/8) from ['node_6']
[ 2026-04-18 07:44:36 | node_1 | INFO ] 🧩 Model added for round 5 (9/10) from ['node_11']
[ 2026-04-18 07:44:36 | node_13 | INFO ] 🧩 Model added for round 5 (8/9) from ['node_9']
[ 2026-04-18 07:44:36 | node_5 | INFO ] 🧩 Model added for round 5 (7/8) from ['node_6']
[ 2026-04-18 07:44:36 | node_16 | INFO ] 🧩 Model added for round 5 (7/8) from ['node_1']
[ 2026-04-18 07:44:36 | node_16 | INFO ] 🧩 Model added for round 5 (8/8) from ['node_9']
[ 2026-04-18 07:44:36 | node_2 | INFO ] 🧩 Model added for round 5 (8/9) from ['node_11']
[ 2026-04-18 07:44:37 | node_18 | INFO ] 🧩 Model added for round 5 (8/10) from ['node_1']
[ 2026-04-18 07:44:37 | node_9 | INFO ] 🧩 Model added for round 5 (8/8) from ['node_6']
[ 2026-04-18 07:44:37 | node_17 | INFO ] 🧩 Model added for round 5 (8/9) from ['node_9']
[ 2026-04-18 07:44:37 | node_3 | INFO ] 🧩 Model added for round 5 (7/8) from ['node_11']
[ 2026-04-18 07:44:37 | ModelPackager | INFO ] Round 5: Consensus detected (dist: 0.000613). Patience: 1/1
[ 2026-04-18 07:44:37 | node_15 | INFO ] 📤 Sending model to 8 direct neighbors: ['node_1', 'node_2', 'node_3', 'node_6', 'node_7', 'node_8', 'node_12', 'node_19']
[ 2026-04-18 07:44:37 | node_10 | INFO ] 🧩 Model added for round 5 (7/7) from ['node_6']
[ 2026-04-18 07:44:37 | node_16 | INFO ] 🧠 Aggregation complete. Setting new model.
[ 2026-04-18 07:44:37 | node_1 | INFO ] 🧩 Model added for round 5 (10/10) from ['node_15']
[ 2026-04-18 07:44:37 | node_4 | INFO ] 🧩 Model added for round 5 (8/8) from ['node_11']
[ 2026-04-18 07:44:38 | node_18 | INFO ] 🧩 Model added for round 5 (9/10) from ['node_9']
[ 2026-04-18 07:44:38 | node_16 | INFO ] 🗣️ Gossiping aggregated model.
[ 2026-04-18 07:44:38 | node_12 | INFO ] 🧩 Model added for round 5 (10/12) from ['node_6']
[ 2026-04-18 07:44:38 | node_5 | INFO ] 🧩 Model added for round 5 (8/8) from ['node_11']
[ 2026-04-18 07:44:38 | node_2 | INFO ] 🧩 Model added for round 5 (9/9) from ['node_15']
[ 2026-04-18 07:44:39 | ModelPackager | INFO ] Round 5: Consensus detected (dist: 0.000606). Patience: 1/1
[ 2026-04-18 07:44:39 | node_13 | INFO ] 🧩 Model added for round 5 (9/9) from ['node_6']
[ 2026-04-18 07:44:39 | node_10 | INFO ] 🧠 Aggregation complete. Setting new model.
[ 2026-04-18 07:44:39 | ModelPackager | INFO ] Round 5: Consensus detected (dist: 0.000571). Patience: 1/1
[ 2026-04-18 07:44:39 | ModelPackager | INFO ] Round 5: Consensus detected (dist: 0.000553). Patience: 1/1
[ 2026-04-18 07:44:39 | ModelPackager | INFO ] Round 5: Consensus detected (dist: 0.000733). Patience: 1/1
[ 2026-04-18 07:44:39 | ModelPackager | INFO ] Round 5: Consensus detected (dist: 0.000589). Patience: 1/1
[ 2026-04-18 07:44:39 | ModelPackager | INFO ] Round 5: Consensus detected (dist: 0.000681). Patience: 1/1
[ 2026-04-18 07:44:39 | ModelPackager | INFO ] Round 5: Consensus detected (dist: 0.000599). Patience: 1/1
[ 2026-04-18 07:44:39 | node | INFO ] ⏹️  Gossiping exited for 10 equal rounds.
[ 2026-04-18 07:44:39 | node | INFO ] 🔬 Evaluating...
[ 2026-04-18 07:44:39 | node_8 | INFO ] 🧩 Model added for round 5 (10/11) from ['node_11']
[ 2026-04-18 07:44:39 | node_10 | INFO ] 🗣️ Gossiping aggregated model.
[ 2026-04-18 07:44:39 | node_4 | INFO ] 🧠 Aggregation complete. Setting new model.
[ 2026-04-18 07:44:39 | node | INFO ] 📈 Evaluated. Results: {'test_loss': 3.2117719650268555, 'test_acc': 0.24620060622692108, 'test_precision': 0.28361931443214417, 'test_recall': 0.11582329124212265, 'test_f1': 0.1497742235660553, 'communication_cost': 39526984}
[ 2026-04-18 07:44:39 | node | INFO ] 📢 Broadcasting metrics.
[ 2026-04-18 07:44:39 | node_9 | INFO ] 🧠 Aggregation complete. Setting new model.
[ 2026-04-18 07:44:39 | node_2 | INFO ] 🧠 Aggregation complete. Setting new model.
[ 2026-04-18 07:44:39 | node_13 | INFO ] 🧠 Aggregation complete. Setting new model.
[ 2026-04-18 07:44:39 | node_5 | INFO ] 🧠 Aggregation complete. Setting new model.
[ 2026-04-18 07:44:40 | node_3 | INFO ] 🧩 Model added for round 5 (8/8) from ['node_15']
[ 2026-04-18 07:44:40 | node_9 | INFO ] 🗣️ Gossiping aggregated model.
[ 2026-04-18 07:44:40 | node_2 | INFO ] 🗣️ Gossiping aggregated model.
[ 2026-04-18 07:44:40 | node_4 | INFO ] 🗣️ Gossiping aggregated model.
[ 2026-04-18 07:44:40 | node_14 | INFO ] 🧩 Model added for round 5 (11/11) from ['node_6']
[ 2026-04-18 07:44:40 | node_13 | INFO ] 🗣️ Gossiping aggregated model.
[ 2026-04-18 07:44:40 | node_12 | INFO ] 🧩 Model added for round 5 (11/12) from ['node_11']
[ 2026-04-18 07:44:40 | node_5 | INFO ] 🗣️ Gossiping aggregated model.
[ 2026-04-18 07:44:40 | node_1 | INFO ] 🧠 Aggregation complete. Setting new model.
[ 2026-04-18 07:44:40 | node_1 | INFO ] 🗣️ Gossiping aggregated model.
[ 2026-04-18 07:44:40 | node_6 | INFO ] 🧩 Model added for round 5 (12/12) from ['node_15']
[ 2026-04-18 07:44:40 | node | INFO ] 🎉 Round 6 of 20 finished.
[ 2026-04-18 07:44:40 | node | INFO ] 🗳️ [DETERMINISTIC] Train set assigned (No Voting). Size: 20
[ 2026-04-18 07:44:40 | node | INFO ] 🏋️‍♀️ Preparing training...
[ 2026-04-18 07:44:40 | node_15 | INFO ] 🧩 Model added for round 5 (9/9) from ['node_6']
[ 2026-04-18 07:44:41 | ModelPackager | INFO ] Round 5: Consensus detected (dist: 0.000665). Patience: 1/1
[ 2026-04-18 07:44:41 | ModelPackager | INFO ] Round 5: Consensus detected (dist: 0.000556). Patience: 1/1
[ 2026-04-18 07:44:41 | ModelPackager | INFO ] Round 5: Consensus detected (dist: 0.000498). Patience: 1/1
[ 2026-04-18 07:44:41 | node_3 | INFO ] 🧠 Aggregation complete. Setting new model.
[ 2026-04-18 07:44:41 | node_11 | INFO ] 🧠 Aggregation complete. Setting new model.
[ 2026-04-18 07:44:41 | node_3 | INFO ] 🗣️ Gossiping aggregated model.
[ 2026-04-18 07:44:41 | node_7 | INFO ] 🧩 Model added for round 5 (8/8) from ['node_15']
[ 2026-04-18 07:44:41 | node_14 | INFO ] 🧠 Aggregation complete. Setting new model.
[ 2026-04-18 07:44:41 | node_17 | INFO ] 🧩 Model added for round 5 (9/9) from ['node_6']
[ 2026-04-18 07:44:41 | node_11 | INFO ] 🗣️ Gossiping aggregated model.
[ 2026-04-18 07:44:41 | node | INFO ] 🎓 Training step done.
[ 2026-04-18 07:44:42 | node | INFO ] 🛠️ Calling force_add_local_model...
[ 2026-04-18 07:44:42 | node_8 | INFO ] 🧩 Model added for round 5 (11/11) from ['node_15']
[ 2026-04-18 07:44:42 | node | INFO ] ✅ [FORCE] Local model added for round 6. (1/8)
[ 2026-04-18 07:44:42 | ModelPackager | INFO ] Round 5: Consensus detected (dist: 0.000683). Patience: 1/1
[ 2026-04-18 07:44:42 | ModelPackager | INFO ] Round 5: Consensus detected (dist: 0.000760). Patience: 1/1
[ 2026-04-18 07:44:42 | ModelPackager | INFO ] Round 5: Consensus detected (dist: 0.000613). Patience: 1/1
[ 2026-04-18 07:44:42 | node_14 | INFO ] 🗣️ Gossiping aggregated model.
[ 2026-04-18 07:44:42 | node_18 | INFO ] 🧩 Model added for round 5 (10/10) from ['node_6']
[ 2026-04-18 07:44:42 | node_7 | INFO ] 🧠 Aggregation complete. Setting new model.
[ 2026-04-18 07:44:42 | node_8 | INFO ] 🧠 Aggregation complete. Setting new model.
[ 2026-04-18 07:44:42 | node_17 | INFO ] 🧠 Aggregation complete. Setting new model.
[ 2026-04-18 07:44:43 | node_12 | INFO ] 🧩 Model added for round 5 (12/12) from ['node_15']
[ 2026-04-18 07:44:43 | node_7 | INFO ] 🗣️ Gossiping aggregated model.
[ 2026-04-18 07:44:43 | node_17 | INFO ] 🗣️ Gossiping aggregated model.
[ 2026-04-18 07:44:43 | node_8 | INFO ] 🗣️ Gossiping aggregated model.
[ 2026-04-18 07:44:43 | node_19 | INFO ] 🧩 Model added for round 5 (7/7) from ['node_15']
[ 2026-04-18 07:44:43 | ModelPackager | INFO ] Round 5: Consensus detected (dist: 0.000550). Patience: 1/1
[ 2026-04-18 07:44:43 | ModelPackager | INFO ] Round 5: Consensus detected (dist: 0.000794). Patience: 1/1
[ 2026-04-18 07:44:43 | ModelPackager | INFO ] Round 5: Consensus detected (dist: 0.000799). Patience: 1/1
[ 2026-04-18 07:44:44 | node_18 | INFO ] 🧠 Aggregation complete. Setting new model.
[ 2026-04-18 07:44:44 | node_12 | INFO ] 🧠 Aggregation complete. Setting new model.
[ 2026-04-18 07:44:44 | ModelPackager | INFO ] Round 5: Consensus detected (dist: 0.000692). Patience: 1/1
[ 2026-04-18 07:44:44 | node_6 | INFO ] 🧠 Aggregation complete. Setting new model.
[ 2026-04-18 07:44:44 | node_19 | INFO ] 🧠 Aggregation complete. Setting new model.
[ 2026-04-18 07:44:44 | node_12 | INFO ] 🗣️ Gossiping aggregated model.
[ 2026-04-18 07:44:44 | node_18 | INFO ] 🗣️ Gossiping aggregated model.
[ 2026-04-18 07:44:44 | node_6 | INFO ] 🗣️ Gossiping aggregated model.
[ 2026-04-18 07:44:44 | node_19 | INFO ] 🗣️ Gossiping aggregated model.
[ 2026-04-18 07:44:44 | node_5 | INFO ] 🤫 Gossip finished.
[ 2026-04-18 07:44:44 | node_5 | INFO ] 🔬 Evaluating...
[ 2026-04-18 07:44:45 | node_5 | INFO ] 📈 Evaluated. Results: {'test_loss': 4.453164100646973, 'test_acc': 0.1071428582072258, 'test_precision': 0.1944444477558136, 'test_recall': 0.1964285671710968, 'test_f1': 0.11250000447034836, 'communication_cost': 39526984}
[ 2026-04-18 07:44:45 | node_5 | INFO ] 📢 Broadcasting metrics.
[ 2026-04-18 07:44:45 | ModelPackager | INFO ] Round 5: Consensus detected (dist: 0.000630). Patience: 1/1
[ 2026-04-18 07:44:45 | node_15 | INFO ] 🧠 Aggregation complete. Setting new model.
[ 2026-04-18 07:44:45 | node_10 | INFO ] 🤫 Gossip finished.
[ 2026-04-18 07:44:45 | node_10 | INFO ] 🔬 Evaluating...
[ 2026-04-18 07:44:45 | node_10 | INFO ] 📈 Evaluated. Results: {'test_loss': 7.754082202911377, 'test_acc': 0.011299435049295425, 'test_precision': 0.12086359411478043, 'test_recall': 0.007451046723872423, 'test_f1': 0.013332713395357132, 'communication_cost': 33880272}
[ 2026-04-18 07:44:45 | node_10 | INFO ] 📢 Broadcasting metrics.
[ 2026-04-18 07:44:45 | node_15 | INFO ] 🗣️ Gossiping aggregated model.
[ 2026-04-18 07:44:46 | node_5 | INFO ] 🎉 Round 6 of 20 finished.
[ 2026-04-18 07:44:46 | node_5 | INFO ] 🗳️ [DETERMINISTIC] Train set assigned (No Voting). Size: 20
[ 2026-04-18 07:44:46 | node_5 | INFO ] 🏋️‍♀️ Preparing training...
[ 2026-04-18 07:44:46 | node_10 | INFO ] 🎉 Round 6 of 20 finished.
[ 2026-04-18 07:44:46 | node_10 | INFO ] 🗳️ [DETERMINISTIC] Train set assigned (No Voting). Size: 20
[ 2026-04-18 07:44:46 | node_10 | INFO ] 🏋️‍♀️ Preparing training...
[ 2026-04-18 07:44:47 | node | INFO ] 📤 Sending model to 7 direct neighbors: ['node_4', 'node_7', 'node_8', 'node_12', 'node_14', 'node_16', 'node_18']
[ 2026-04-18 07:44:47 | node_5 | INFO ] 🎓 Training step done.
[ 2026-04-18 07:44:47 | node_5 | INFO ] 🛠️ Calling force_add_local_model...
[ 2026-04-18 07:44:47 | node_5 | INFO ] ✅ [FORCE] Local model added for round 6. (1/8)
[ 2026-04-18 07:44:48 | node_10 | INFO ] 🎓 Training step done.
[ 2026-04-18 07:44:48 | node_10 | INFO ] 🛠️ Calling force_add_local_model...
[ 2026-04-18 07:44:48 | node_10 | INFO ] ✅ [FORCE] Local model added for round 6. (1/7)
[ 2026-04-18 07:44:52 | node_5 | INFO ] 📤 Sending model to 7 direct neighbors: ['node_4', 'node_6', 'node_11', 'node_12', 'node_13', 'node_14', 'node_19']
[ 2026-04-18 07:44:53 | node_10 | INFO ] 📤 Sending model to 6 direct neighbors: ['node_6', 'node_8', 'node_9', 'node_12', 'node_16', 'node_19']
[ 2026-04-18 07:44:54 | node_16 | INFO ] ⏹️  Gossiping exited for 10 equal rounds.
[ 2026-04-18 07:44:54 | node_16 | INFO ] 🔬 Evaluating...
[ 2026-04-18 07:44:54 | node_16 | INFO ] 📈 Evaluated. Results: {'test_loss': 4.7918243408203125, 'test_acc': 0.13513512909412384, 'test_precision': 0.25416669249534607, 'test_recall': 0.14861853420734406, 'test_f1': 0.1258823573589325, 'communication_cost': 39526984}
[ 2026-04-18 07:44:54 | node_16 | INFO ] 📢 Broadcasting metrics.
[ 2026-04-18 07:44:55 | node_16 | INFO ] 🎉 Round 6 of 20 finished.
[ 2026-04-18 07:44:55 | node_16 | INFO ] 🗳️ [DETERMINISTIC] Train set assigned (No Voting). Size: 20
[ 2026-04-18 07:44:55 | node_16 | INFO ] ♻️ Proactively processing 2 early models for round 6.
[ 2026-04-18 07:44:55 | node_16 | INFO ] 🧩 Model added for round 6 (1/8) from ['node']
[ 2026-04-18 07:44:55 | node_16 | INFO ] 🧩 Model added for round 6 (2/8) from ['node_10']
[ 2026-04-18 07:44:55 | node_16 | INFO ] 🏋️‍♀️ Preparing training...
[ 2026-04-18 07:44:55 | node_9 | INFO ] ⏹️  Gossiping exited for 10 equal rounds.
[ 2026-04-18 07:44:55 | node_9 | INFO ] 🔬 Evaluating...
[ 2026-04-18 07:44:56 | node_9 | INFO ] 📈 Evaluated. Results: {'test_loss': 2.057760238647461, 'test_acc': 0.484375, 'test_precision': 0.22848768532276154, 'test_recall': 0.10771230608224869, 'test_f1': 0.12865053117275238, 'communication_cost': 39526984}
[ 2026-04-18 07:44:56 | node_9 | INFO ] 📢 Broadcasting metrics.
[ 2026-04-18 07:44:56 | node_13 | INFO ] ⏹️  Gossiping exited for 10 equal rounds.
[ 2026-04-18 07:44:56 | node_13 | INFO ] 🔬 Evaluating...
[ 2026-04-18 07:44:56 | node_13 | INFO ] 📈 Evaluated. Results: {'test_loss': 5.216871738433838, 'test_acc': 0.1483253538608551, 'test_precision': 0.25441592931747437, 'test_recall': 0.23629961907863617, 'test_f1': 0.13411197066307068, 'communication_cost': 45173696}
[ 2026-04-18 07:44:56 | node_13 | INFO ] 📢 Broadcasting metrics.
[ 2026-04-18 07:44:56 | node_4 | INFO ] ⏹️  Gossiping exited for 10 equal rounds.
[ 2026-04-18 07:44:56 | node_4 | INFO ] 🔬 Evaluating...
[ 2026-04-18 07:44:56 | node_16 | INFO ] 🎓 Training step done.
[ 2026-04-18 07:44:56 | node_16 | INFO ] 🛠️ Calling force_add_local_model...
[ 2026-04-18 07:44:56 | node_16 | INFO ] ✅ [FORCE] Local model added for round 6. (3/8)
[ 2026-04-18 07:44:56 | node_4 | INFO ] 📈 Evaluated. Results: {'test_loss': 1.936707615852356, 'test_acc': 0.4017341136932373, 'test_precision': 0.19604350626468658, 'test_recall': 0.0788855105638504, 'test_f1': 0.10694552212953568, 'communication_cost': 39526984}
[ 2026-04-18 07:44:56 | node_9 | INFO ] 🎉 Round 6 of 20 finished.
[ 2026-04-18 07:44:56 | node_9 | INFO ] 🗳️ [DETERMINISTIC] Train set assigned (No Voting). Size: 20
[ 2026-04-18 07:44:56 | node_4 | INFO ] 📢 Broadcasting metrics.
[ 2026-04-18 07:44:56 | node_9 | INFO ] ♻️ Proactively processing 1 early models for round 6.
[ 2026-04-18 07:44:57 | node_9 | INFO ] 🧩 Model added for round 6 (1/8) from ['node_10']
[ 2026-04-18 07:44:57 | node_9 | INFO ] 🏋️‍♀️ Preparing training...
[ 2026-04-18 07:44:57 | node_2 | INFO ] ⏹️  Gossiping exited for 10 equal rounds.
[ 2026-04-18 07:44:57 | node_2 | INFO ] 🔬 Evaluating...
[ 2026-04-18 07:44:57 | node_13 | INFO ] 🎉 Round 6 of 20 finished.
[ 2026-04-18 07:44:57 | node_13 | INFO ] 🗳️ [DETERMINISTIC] Train set assigned (No Voting). Size: 20
[ 2026-04-18 07:44:57 | node_13 | INFO ] ♻️ Proactively processing 1 early models for round 6.
[ 2026-04-18 07:44:57 | node_2 | INFO ] 📈 Evaluated. Results: {'test_loss': 1.0444648265838623, 'test_acc': 0.7373188138008118, 'test_precision': 0.21605436503887177, 'test_recall': 0.16655318439006805, 'test_f1': 0.1753825694322586, 'communication_cost': 45173696}
[ 2026-04-18 07:44:57 | node_13 | INFO ] 🧩 Model added for round 6 (1/9) from ['node_5']
[ 2026-04-18 07:44:57 | node_13 | INFO ] 🏋️‍♀️ Preparing training...
[ 2026-04-18 07:44:57 | node_2 | INFO ] 📢 Broadcasting metrics.
[ 2026-04-18 07:44:57 | node_9 | INFO ] 🎓 Training step done.
[ 2026-04-18 07:44:57 | node_9 | INFO ] 🛠️ Calling force_add_local_model...
[ 2026-04-18 07:44:57 | node_9 | INFO ] ✅ [FORCE] Local model added for round 6. (2/8)
[ 2026-04-18 07:44:57 | node_13 | INFO ] 🎓 Training step done.
[ 2026-04-18 07:44:57 | node_13 | INFO ] 🛠️ Calling force_add_local_model...
[ 2026-04-18 07:44:57 | node_13 | INFO ] ✅ [FORCE] Local model added for round 6. (2/9)
[ 2026-04-18 07:44:57 | node_14 | INFO ] ⏹️  Gossiping exited for 10 equal rounds.
[ 2026-04-18 07:44:57 | node_14 | INFO ] 🔬 Evaluating...
[ 2026-04-18 07:44:57 | node_4 | INFO ] 🎉 Round 6 of 20 finished.
[ 2026-04-18 07:44:58 | node_4 | INFO ] 🗳️ [DETERMINISTIC] Train set assigned (No Voting). Size: 20
[ 2026-04-18 07:44:58 | node_4 | INFO ] ♻️ Proactively processing 2 early models for round 6.
[ 2026-04-18 07:44:58 | node_4 | INFO ] 🧩 Model added for round 6 (1/8) from ['node']
[ 2026-04-18 07:44:58 | node_4 | INFO ] 🧩 Model added for round 6 (2/8) from ['node_5']
[ 2026-04-18 07:44:58 | node_14 | INFO ] 📈 Evaluated. Results: {'test_loss': 2.0185513496398926, 'test_acc': 0.45679011940956116, 'test_precision': 0.1931818127632141, 'test_recall': 0.18312326073646545, 'test_f1': 0.1778455376625061, 'communication_cost': 56467120}
[ 2026-04-18 07:44:58 | node_4 | INFO ] 🏋️‍♀️ Preparing training...
[ 2026-04-18 07:44:58 | node_14 | INFO ] 📢 Broadcasting metrics.
[ 2026-04-18 07:44:58 | node_17 | INFO ] ⏹️  Gossiping exited for 10 equal rounds.
[ 2026-04-18 07:44:58 | node_11 | INFO ] ⏹️  Gossiping exited for 10 equal rounds.
[ 2026-04-18 07:44:58 | node_11 | INFO ] 🔬 Evaluating...
[ 2026-04-18 07:44:58 | node_17 | INFO ] 🔬 Evaluating...
[ 2026-04-18 07:44:58 | node_4 | INFO ] 🎓 Training step done.
[ 2026-04-18 07:44:58 | node_2 | INFO ] 🎉 Round 6 of 20 finished.
[ 2026-04-18 07:44:58 | node_4 | INFO ] 🛠️ Calling force_add_local_model...
[ 2026-04-18 07:44:58 | node_2 | INFO ] 🗳️ [DETERMINISTIC] Train set assigned (No Voting). Size: 20
[ 2026-04-18 07:44:58 | node_4 | INFO ] ✅ [FORCE] Local model added for round 6. (3/8)
[ 2026-04-18 07:44:58 | node_2 | INFO ] 🏋️‍♀️ Preparing training...
[ 2026-04-18 07:44:58 | node_11 | INFO ] 📈 Evaluated. Results: {'test_loss': 1.9216941595077515, 'test_acc': 0.4220183491706848, 'test_precision': 0.1817915141582489, 'test_recall': 0.09154270589351654, 'test_f1': 0.11595244705677032, 'communication_cost': 39526984}
[ 2026-04-18 07:44:58 | node_11 | INFO ] 📢 Broadcasting metrics.
[ 2026-04-18 07:44:59 | node_17 | INFO ] 📈 Evaluated. Results: {'test_loss': 3.1472818851470947, 'test_acc': 0.3722222149372101, 'test_precision': 0.1750841736793518, 'test_recall': 0.08277846872806549, 'test_f1': 0.091049924492836, 'communication_cost': 45173696}
[ 2026-04-18 07:44:59 | node_17 | INFO ] 📢 Broadcasting metrics.
[ 2026-04-18 07:44:59 | node_14 | INFO ] 🎉 Round 6 of 20 finished.
[ 2026-04-18 07:44:59 | node_14 | INFO ] 🗳️ [DETERMINISTIC] Train set assigned (No Voting). Size: 20
[ 2026-04-18 07:44:59 | node_14 | INFO ] ♻️ Proactively processing 2 early models for round 6.
[ 2026-04-18 07:44:59 | node_14 | INFO ] 🧩 Model added for round 6 (1/11) from ['node']
[ 2026-04-18 07:44:59 | node_14 | INFO ] 🧩 Model added for round 6 (2/11) from ['node_5']
[ 2026-04-18 07:44:59 | node_14 | INFO ] 🏋️‍♀️ Preparing training...
[ 2026-04-18 07:44:59 | node_2 | INFO ] 🎓 Training step done.
[ 2026-04-18 07:44:59 | node_2 | INFO ] 🛠️ Calling force_add_local_model...
[ 2026-04-18 07:44:59 | node_2 | INFO ] ✅ [FORCE] Local model added for round 6. (1/9)
[ 2026-04-18 07:44:59 | node_11 | INFO ] 🎉 Round 6 of 20 finished.
[ 2026-04-18 07:44:59 | node_11 | INFO ] 🗳️ [DETERMINISTIC] Train set assigned (No Voting). Size: 20
[ 2026-04-18 07:44:59 | node_11 | INFO ] ♻️ Proactively processing 1 early models for round 6.
[ 2026-04-18 07:44:59 | node_11 | INFO ] 🧩 Model added for round 6 (1/8) from ['node_5']
[ 2026-04-18 07:44:59 | node_11 | INFO ] 🏋️‍♀️ Preparing training...
[ 2026-04-18 07:44:59 | node_8 | INFO ] ⏹️  Gossiping exited for 10 equal rounds.
[ 2026-04-18 07:44:59 | node_8 | INFO ] 🔬 Evaluating...
[ 2026-04-18 07:44:59 | node_7 | INFO ] ⏹️  Gossiping exited for 10 equal rounds.
[ 2026-04-18 07:44:59 | node_7 | INFO ] 🔬 Evaluating...
[ 2026-04-18 07:45:00 | node_17 | INFO ] 🎉 Round 6 of 20 finished.
[ 2026-04-18 07:45:00 | node_17 | INFO ] 🗳️ [DETERMINISTIC] Train set assigned (No Voting). Size: 20
[ 2026-04-18 07:45:00 | node_17 | INFO ] 🏋️‍♀️ Preparing training...
[ 2026-04-18 07:45:00 | node_8 | INFO ] 📈 Evaluated. Results: {'test_loss': 1.2236831188201904, 'test_acc': 0.5737704634666443, 'test_precision': 0.24453780055046082, 'test_recall': 0.1486569046974182, 'test_f1': 0.18462269008159637, 'communication_cost': 56467120}
[ 2026-04-18 07:45:00 | node_8 | INFO ] 📢 Broadcasting metrics.
[ 2026-04-18 07:45:00 | node_11 | INFO ] 🎓 Training step done.
[ 2026-04-18 07:45:00 | node_6 | INFO ] ⏹️  Gossiping exited for 10 equal rounds.
[ 2026-04-18 07:45:00 | node_11 | INFO ] 🛠️ Calling force_add_local_model...
[ 2026-04-18 07:45:00 | node_11 | INFO ] ✅ [FORCE] Local model added for round 6. (2/8)
[ 2026-04-18 07:45:00 | node_6 | INFO ] 🔬 Evaluating...
[ 2026-04-18 07:45:00 | node_12 | INFO ] ⏹️  Gossiping exited for 10 equal rounds.
[ 2026-04-18 07:45:00 | node_12 | INFO ] 🔬 Evaluating...
[ 2026-04-18 07:45:00 | node_15 | INFO ] ⏹️  Gossiping exited for 10 equal rounds.
[ 2026-04-18 07:45:00 | node_15 | INFO ] 🔬 Evaluating...
[ 2026-04-18 07:45:00 | node_6 | INFO ] 📈 Evaluated. Results: {'test_loss': 1.591660976409912, 'test_acc': 0.47905558347702026, 'test_precision': 0.14309604465961456, 'test_recall': 0.07420814782381058, 'test_f1': 0.09577033668756485, 'communication_cost': 62113832}
[ 2026-04-18 07:45:00 | node_6 | INFO ] 📢 Broadcasting metrics.
[ 2026-04-18 07:45:00 | node_19 | INFO ] ⏹️  Gossiping exited for 10 equal rounds.
[ 2026-04-18 07:45:00 | node_17 | INFO ] 🎓 Training step done.
[ 2026-04-18 07:45:00 | node_17 | INFO ] 🛠️ Calling force_add_local_model...
[ 2026-04-18 07:45:00 | node_19 | INFO ] 🔬 Evaluating...
[ 2026-04-18 07:45:00 | node_7 | INFO ] 📈 Evaluated. Results: {'test_loss': 8.042671203613281, 'test_acc': 0.12332112342119217, 'test_precision': 0.14166030287742615, 'test_recall': 0.0803113654255867, 'test_f1': 0.08575553447008133, 'communication_cost': 39526984}
[ 2026-04-18 07:45:00 | node_17 | INFO ] ✅ [FORCE] Local model added for round 6. (1/9)
[ 2026-04-18 07:45:00 | node_7 | INFO ] 📢 Broadcasting metrics.
[ 2026-04-18 07:45:00 | node_15 | INFO ] 📈 Evaluated. Results: {'test_loss': 16.20149803161621, 'test_acc': 0.0, 'test_precision': 0.0, 'test_recall': 0.0, 'test_f1': 0.0, 'communication_cost': 45173696}
[ 2026-04-18 07:45:01 | node_15 | INFO ] 📢 Broadcasting metrics.
[ 2026-04-18 07:45:01 | node_12 | INFO ] 📈 Evaluated. Results: {'test_loss': 1.1986234188079834, 'test_acc': 0.6690140962600708, 'test_precision': 0.1792927086353302, 'test_recall': 0.14832738041877747, 'test_f1': 0.14696161448955536, 'communication_cost': 62113832}
[ 2026-04-18 07:45:01 | node_12 | INFO ] 📢 Broadcasting metrics.
[ 2026-04-18 07:45:01 | node_19 | INFO ] 📈 Evaluated. Results: {'test_loss': 7.1218743324279785, 'test_acc': 0.17764471471309662, 'test_precision': 0.11194872856140137, 'test_recall': 0.09332142770290375, 'test_f1': 0.071681447327137, 'communication_cost': 33880272}
[ 2026-04-18 07:45:01 | node_19 | INFO ] 📢 Broadcasting metrics.
[ 2026-04-18 07:45:01 | node_8 | INFO ] 🎉 Round 6 of 20 finished.
[ 2026-04-18 07:45:01 | node_8 | INFO ] 🗳️ [DETERMINISTIC] Train set assigned (No Voting). Size: 20
[ 2026-04-18 07:45:01 | node_8 | INFO ] ♻️ Proactively processing 2 early models for round 6.
[ 2026-04-18 07:45:01 | node_8 | INFO ] 🧩 Model added for round 6 (1/11) from ['node']
[ 2026-04-18 07:45:01 | node_8 | INFO ] 🧩 Model added for round 6 (2/11) from ['node_10']
[ 2026-04-18 07:45:01 | node_8 | INFO ] 🏋️‍♀️ Preparing training...
[ 2026-04-18 07:45:01 | node_14 | INFO ] 🎓 Training step done.
[ 2026-04-18 07:45:01 | node_14 | INFO ] 🛠️ Calling force_add_local_model...
[ 2026-04-18 07:45:01 | node_14 | INFO ] ✅ [FORCE] Local model added for round 6. (3/11)
[ 2026-04-18 07:45:01 | node_16 | INFO ] 📤 Sending model to 7 direct neighbors: ['node', 'node_1', 'node_3', 'node_9', 'node_10', 'node_14', 'node_19']
[ 2026-04-18 07:45:01 | node | INFO ] 🧩 Model added for round 6 (2/8) from ['node_16']
[ 2026-04-18 07:45:02 | node_7 | INFO ] 🎉 Round 6 of 20 finished.
[ 2026-04-18 07:45:02 | node_7 | INFO ] 🗳️ [DETERMINISTIC] Train set assigned (No Voting). Size: 20
[ 2026-04-18 07:45:02 | node_7 | INFO ] ♻️ Proactively processing 1 early models for round 6.
[ 2026-04-18 07:45:02 | node_19 | INFO ] 🎉 Round 6 of 20 finished.
[ 2026-04-18 07:45:02 | node_7 | INFO ] 🧩 Model added for round 6 (1/8) from ['node']
[ 2026-04-18 07:45:02 | node_15 | INFO ] 🎉 Round 6 of 20 finished.
[ 2026-04-18 07:45:02 | node_7 | INFO ] 🏋️‍♀️ Preparing training...
[ 2026-04-18 07:45:02 | node_15 | INFO ] 🗳️ [DETERMINISTIC] Train set assigned (No Voting). Size: 20
[ 2026-04-18 07:45:02 | node_19 | INFO ] 🗳️ [DETERMINISTIC] Train set assigned (No Voting). Size: 20
[ 2026-04-18 07:45:02 | node_15 | INFO ] 🏋️‍♀️ Preparing training...
[ 2026-04-18 07:45:02 | node_19 | INFO ] ♻️ Proactively processing 2 early models for round 6.
[ 2026-04-18 07:45:02 | node_19 | INFO ] 🧩 Model added for round 6 (1/7) from ['node_5']
[ 2026-04-18 07:45:02 | node_19 | INFO ] 🧩 Model added for round 6 (2/7) from ['node_10']
[ 2026-04-18 07:45:02 | node_19 | INFO ] 🏋️‍♀️ Preparing training...
[ 2026-04-18 07:45:02 | node_6 | INFO ] 🎉 Round 6 of 20 finished.
[ 2026-04-18 07:45:02 | node_6 | INFO ] 🗳️ [DETERMINISTIC] Train set assigned (No Voting). Size: 20
[ 2026-04-18 07:45:02 | node_6 | INFO ] ♻️ Proactively processing 2 early models for round 6.
[ 2026-04-18 07:45:02 | node_6 | INFO ] 🧩 Model added for round 6 (1/12) from ['node_5']
[ 2026-04-18 07:45:02 | node_6 | INFO ] 🧩 Model added for round 6 (2/12) from ['node_10']
[ 2026-04-18 07:45:02 | node_6 | INFO ] 🏋️‍♀️ Preparing training...
[ 2026-04-18 07:45:02 | node_7 | INFO ] 🎓 Training step done.
[ 2026-04-18 07:45:02 | node_7 | INFO ] 🛠️ Calling force_add_local_model...
[ 2026-04-18 07:45:02 | node_7 | INFO ] ✅ [FORCE] Local model added for round 6. (2/8)
[ 2026-04-18 07:45:02 | node_8 | INFO ] 🎓 Training step done.
[ 2026-04-18 07:45:02 | node_8 | INFO ] 🛠️ Calling force_add_local_model...
[ 2026-04-18 07:45:02 | node_8 | INFO ] ✅ [FORCE] Local model added for round 6. (3/11)
[ 2026-04-18 07:45:02 | node_9 | INFO ] 📤 Sending model to 7 direct neighbors: ['node_6', 'node_7', 'node_10', 'node_13', 'node_16', 'node_17', 'node_18']
[ 2026-04-18 07:45:02 | node_12 | INFO ] 🎉 Round 6 of 20 finished.
[ 2026-04-18 07:45:02 | node_12 | INFO ] 🗳️ [DETERMINISTIC] Train set assigned (No Voting). Size: 20
[ 2026-04-18 07:45:02 | node_12 | INFO ] ♻️ Proactively processing 3 early models for round 6.
[ 2026-04-18 07:45:02 | node_12 | INFO ] 🧩 Model added for round 6 (1/12) from ['node']
[ 2026-04-18 07:45:02 | node_12 | INFO ] 🧩 Model added for round 6 (2/12) from ['node_5']
[ 2026-04-18 07:45:02 | node_12 | INFO ] 🧩 Model added for round 6 (3/12) from ['node_10']
[ 2026-04-18 07:45:02 | node_12 | INFO ] 🏋️‍♀️ Preparing training...
[ 2026-04-18 07:45:02 | node_13 | INFO ] 📤 Sending model to 8 direct neighbors: ['node_1', 'node_2', 'node_5', 'node_6', 'node_7', 'node_9', 'node_17', 'node_18']
[ 2026-04-18 07:45:02 | node_9 | INFO ] 🧩 Model added for round 6 (3/8) from ['node_16']
[ 2026-04-18 07:45:03 | node_6 | INFO ] 🧩 Model added for round 6 (3/12) from ['node_9']
[ 2026-04-18 07:45:03 | node_19 | INFO ] 🎓 Training step done.
[ 2026-04-18 07:45:03 | node_6 | INFO ] 🎓 Training step done.
[ 2026-04-18 07:45:03 | node_6 | INFO ] 🛠️ Calling force_add_local_model...
[ 2026-04-18 07:45:03 | node_19 | INFO ] 🛠️ Calling force_add_local_model...
[ 2026-04-18 07:45:03 | node_19 | INFO ] ✅ [FORCE] Local model added for round 6. (3/7)
[ 2026-04-18 07:45:03 | node_6 | INFO ] ✅ [FORCE] Local model added for round 6. (4/12)
[ 2026-04-18 07:45:03 | node_2 | INFO ] 🧩 Model added for round 6 (2/9) from ['node_13']
[ 2026-04-18 07:45:03 | node_10 | INFO ] 🧩 Model added for round 6 (2/7) from ['node_16']
[ 2026-04-18 07:45:03 | node_7 | INFO ] 🧩 Model added for round 6 (3/8) from ['node_9']
[ 2026-04-18 07:45:03 | node_12 | INFO ] 🎓 Training step done.
[ 2026-04-18 07:45:03 | node_12 | INFO ] 🛠️ Calling force_add_local_model...
[ 2026-04-18 07:45:03 | node_12 | INFO ] ✅ [FORCE] Local model added for round 6. (4/12)
[ 2026-04-18 07:45:03 | node_4 | INFO ] 📤 Sending model to 7 direct neighbors: ['node', 'node_2', 'node_5', 'node_11', 'node_17', 'node_18', 'node_19']
[ 2026-04-18 07:45:03 | node | INFO ] 🧩 Model added for round 6 (3/8) from ['node_4']
[ 2026-04-18 07:45:03 | node_5 | INFO ] 🧩 Model added for round 6 (2/8) from ['node_13']
[ 2026-04-18 07:45:03 | node_14 | INFO ] 🧩 Model added for round 6 (4/11) from ['node_16']
[ 2026-04-18 07:45:04 | node_10 | INFO ] 🧩 Model added for round 6 (3/7) from ['node_9']
[ 2026-04-18 07:45:04 | node_15 | INFO ] 🎓 Training step done.
[ 2026-04-18 07:45:04 | node_15 | INFO ] 🛠️ Calling force_add_local_model...
[ 2026-04-18 07:45:04 | node_15 | INFO ] ✅ [FORCE] Local model added for round 6. (1/9)
[ 2026-04-18 07:45:04 | node_2 | INFO ] 🧩 Model added for round 6 (3/9) from ['node_4']
[ 2026-04-18 07:45:04 | node_2 | INFO ] 📤 Sending model to 8 direct neighbors: ['node_1', 'node_3', 'node_4', 'node_11', 'node_12', 'node_13', 'node_14', 'node_15']
[ 2026-04-18 07:45:04 | node_6 | INFO ] 🧩 Model added for round 6 (5/12) from ['node_13']
[ 2026-04-18 07:45:04 | node_19 | INFO ] 🧩 Model added for round 6 (4/7) from ['node_16']
[ 2026-04-18 07:45:05 | node_13 | INFO ] 🧩 Model added for round 6 (3/9) from ['node_9']
[ 2026-04-18 07:45:05 | node_5 | INFO ] 🧩 Model added for round 6 (3/8) from ['node_4']
[ 2026-04-18 07:45:05 | node_11 | INFO ] 📤 Sending model to 7 direct neighbors: ['node_1', 'node_2', 'node_3', 'node_4', 'node_5', 'node_8', 'node_12']
[ 2026-04-18 07:45:05 | node_7 | INFO ] 🧩 Model added for round 6 (4/8) from ['node_13']
[ 2026-04-18 07:45:05 | node_4 | INFO ] 🧩 Model added for round 6 (4/8) from ['node_2']
[ 2026-04-18 07:45:05 | node_16 | INFO ] 🧩 Model added for round 6 (4/8) from ['node_9']
[ 2026-04-18 07:45:05 | node_11 | INFO ] 🧩 Model added for round 6 (3/8) from ['node_4']
[ 2026-04-18 07:45:05 | node_17 | INFO ] 📤 Sending model to 8 direct neighbors: ['node_4', 'node_6', 'node_8', 'node_9', 'node_12', 'node_13', 'node_14', 'node_18']
[ 2026-04-18 07:45:05 | node_11 | INFO ] 🧩 Model added for round 6 (4/8) from ['node_2']
[ 2026-04-18 07:45:05 | node_2 | INFO ] 🧩 Model added for round 6 (4/9) from ['node_11']
[ 2026-04-18 07:45:06 | node_9 | INFO ] 🧩 Model added for round 6 (4/8) from ['node_13']
[ 2026-04-18 07:45:06 | node_17 | INFO ] 🧩 Model added for round 6 (2/9) from ['node_9']
[ 2026-04-18 07:45:06 | node_4 | INFO ] 🧩 Model added for round 6 (5/8) from ['node_17']
[ 2026-04-18 07:45:06 | node_17 | INFO ] 🧩 Model added for round 6 (3/9) from ['node_4']
[ 2026-04-18 07:45:06 | node_14 | INFO ] 📤 Sending model to 10 direct neighbors: ['node', 'node_1', 'node_2', 'node_3', 'node_5', 'node_6', 'node_8', 'node_12', 'node_16', 'node_17']
[ 2026-04-18 07:45:06 | node_17 | INFO ] 🧩 Model added for round 6 (4/9) from ['node_13']
[ 2026-04-18 07:45:06 | node_12 | INFO ] 🧩 Model added for round 6 (5/12) from ['node_2']
[ 2026-04-18 07:45:06 | node | INFO ] 🧩 Model added for round 6 (4/8) from ['node_14']
[ 2026-04-18 07:45:07 | node_6 | INFO ] 🧩 Model added for round 6 (6/12) from ['node_17']
[ 2026-04-18 07:45:07 | node_4 | INFO ] 🧩 Model added for round 6 (6/8) from ['node_11']
[ 2026-04-18 07:45:07 | node_19 | INFO ] 🧩 Model added for round 6 (5/7) from ['node_4']
[ 2026-04-18 07:45:07 | node_13 | INFO ] 🧩 Model added for round 6 (4/9) from ['node_2']
[ 2026-04-18 07:45:07 | node_7 | INFO ] 📤 Sending model to 7 direct neighbors: ['node', 'node_1', 'node_8', 'node_9', 'node_12', 'node_13', 'node_15']
[ 2026-04-18 07:45:07 | node_8 | INFO ] 📤 Sending model to 10 direct neighbors: ['node', 'node_3', 'node_7', 'node_10', 'node_11', 'node_14', 'node_15', 'node_17', 'node_18', 'node_19']
[ 2026-04-18 07:45:07 | node_2 | INFO ] 🧩 Model added for round 6 (5/9) from ['node_14']
[ 2026-04-18 07:45:07 | node_5 | INFO ] 🧩 Model added for round 6 (4/8) from ['node_11']
[ 2026-04-18 07:45:07 | node | INFO ] 🧩 Model added for round 6 (5/8) from ['node_7']
[ 2026-04-18 07:45:07 | node | INFO ] 🧩 Model added for round 6 (6/8) from ['node_8']
[ 2026-04-18 07:45:07 | node_8 | INFO ] 🧩 Model added for round 6 (4/11) from ['node_17']
[ 2026-04-18 07:45:08 | node_14 | INFO ] 🧩 Model added for round 6 (5/11) from ['node_2']
[ 2026-04-18 07:45:08 | node_6 | INFO ] 📤 Sending model to 11 direct neighbors: ['node_1', 'node_3', 'node_5', 'node_9', 'node_10', 'node_12', 'node_13', 'node_14', 'node_15', 'node_17', 'node_18']
[ 2026-04-18 07:45:08 | node_19 | INFO ] 📤 Sending model to 6 direct neighbors: ['node_4', 'node_5', 'node_8', 'node_10', 'node_15', 'node_16']
[ 2026-04-18 07:45:08 | node_8 | INFO ] 🧩 Model added for round 6 (5/11) from ['node_11']
[ 2026-04-18 07:45:08 | node_12 | INFO ] 📤 Sending model to 11 direct neighbors: ['node', 'node_2', 'node_5', 'node_6', 'node_7', 'node_10', 'node_11', 'node_14', 'node_15', 'node_17', 'node_18']
[ 2026-04-18 07:45:08 | node_9 | INFO ] 🧩 Model added for round 6 (5/8) from ['node_17']
[ 2026-04-18 07:45:08 | node_8 | INFO ] 🧩 Model added for round 6 (6/11) from ['node_7']
[ 2026-04-18 07:45:09 | node_15 | INFO ] 🧩 Model added for round 6 (2/9) from ['node_2']
[ 2026-04-18 07:45:09 | node_4 | INFO ] 🧩 Model added for round 6 (7/8) from ['node_19']
[ 2026-04-18 07:45:09 | node_7 | INFO ] 🧩 Model added for round 6 (5/8) from ['node_8']
[ 2026-04-18 07:45:09 | node_5 | INFO ] 🧩 Model added for round 6 (5/8) from ['node_14']
[ 2026-04-18 07:45:09 | node | INFO ] 🧩 Model added for round 6 (7/8) from ['node_12']
[ 2026-04-18 07:45:09 | node_12 | INFO ] 🧩 Model added for round 6 (6/12) from ['node_11']
[ 2026-04-18 07:45:09 | node_12 | INFO ] 🧩 Model added for round 6 (7/12) from ['node_17']
[ 2026-04-18 07:45:09 | node_15 | INFO ] 📤 Sending model to 8 direct neighbors: ['node_1', 'node_2', 'node_3', 'node_6', 'node_7', 'node_8', 'node_12', 'node_19']
[ 2026-04-18 07:45:09 | node_5 | INFO ] 🧩 Model added for round 6 (6/8) from ['node_6']
[ 2026-04-18 07:45:09 | node_10 | INFO ] 🧩 Model added for round 6 (4/7) from ['node_8']
[ 2026-04-18 07:45:09 | node_9 | INFO ] 🧩 Model added for round 6 (6/8) from ['node_7']
[ 2026-04-18 07:45:09 | node_5 | INFO ] 🧩 Model added for round 6 (7/8) from ['node_19']
[ 2026-04-18 07:45:09 | node_2 | INFO ] 🧩 Model added for round 6 (6/9) from ['node_12']
[ 2026-04-18 07:45:09 | node_6 | INFO ] 🧩 Model added for round 6 (7/12) from ['node_14']
[ 2026-04-18 07:45:10 | node_2 | INFO ] 🧩 Model added for round 6 (7/9) from ['node_15']
[ 2026-04-18 07:45:10 | node_13 | INFO ] 🧩 Model added for round 6 (5/9) from ['node_17']
[ 2026-04-18 07:45:10 | node_8 | INFO ] 🧩 Model added for round 6 (7/11) from ['node_19']
[ 2026-04-18 07:45:10 | node_9 | INFO ] 🧩 Model added for round 6 (7/8) from ['node_6']
[ 2026-04-18 07:45:10 | node_1 | INFO ] ⏹️  Gossiping exited for 10 equal rounds.
[ 2026-04-18 07:45:10 | node_1 | INFO ] 🔬 Evaluating...
[ 2026-04-18 07:45:10 | node_11 | INFO ] 🧩 Model added for round 6 (5/8) from ['node_8']
[ 2026-04-18 07:45:11 | node_12 | INFO ] 🧩 Model added for round 6 (8/12) from ['node_7']
[ 2026-04-18 07:45:11 | node_5 | INFO ] 🧩 Model added for round 6 (8/8) from ['node_12']
[ 2026-04-18 07:45:11 | node_8 | INFO ] 🧩 Model added for round 6 (8/11) from ['node_14']
[ 2026-04-18 07:45:11 | node_14 | INFO ] 🧩 Model added for round 6 (6/11) from ['node_17']
[ 2026-04-18 07:45:11 | node_10 | INFO ] 🧩 Model added for round 6 (5/7) from ['node_6']
[ 2026-04-18 07:45:11 | node_10 | INFO ] 🧩 Model added for round 6 (6/7) from ['node_19']
[ 2026-04-18 07:45:11 | node_3 | INFO ] ⏹️  Gossiping exited for 10 equal rounds.
[ 2026-04-18 07:45:11 | node_3 | INFO ] 🔬 Evaluating...
[ 2026-04-18 07:45:11 | node_14 | INFO ] 🧩 Model added for round 6 (7/11) from ['node_8']
[ 2026-04-18 07:45:11 | node_6 | INFO ] 🧩 Model added for round 6 (8/12) from ['node_12']
[ 2026-04-18 07:45:12 | node_6 | INFO ] 🧩 Model added for round 6 (9/12) from ['node_15']
[ 2026-04-18 07:45:12 | node_13 | INFO ] 🧩 Model added for round 6 (6/9) from ['node_7']
[ 2026-04-18 07:45:12 | node_12 | INFO ] 🧩 Model added for round 6 (9/12) from ['node_6']
[ 2026-04-18 07:45:12 | ModelPackager | INFO ] Round 6: Consensus detected (dist: 0.000554). Patience: 1/1
[ 2026-04-18 07:45:12 | node_12 | INFO ] 🧩 Model added for round 6 (10/12) from ['node_14']
[ 2026-04-18 07:45:12 | node_3 | INFO ] 📈 Evaluated. Results: {'test_loss': 3.194995641708374, 'test_acc': 0.40816327929496765, 'test_precision': 0.3363661468029022, 'test_recall': 0.17248523235321045, 'test_f1': 0.19570372998714447, 'communication_cost': 39526984}
[ 2026-04-18 07:45:12 | node_3 | INFO ] 📢 Broadcasting metrics.
[ 2026-04-18 07:45:12 | node_1 | INFO ] 📈 Evaluated. Results: {'test_loss': 3.276841163635254, 'test_acc': 0.2326388955116272, 'test_precision': 0.19011320173740387, 'test_recall': 0.07716172933578491, 'test_f1': 0.07824784517288208, 'communication_cost': 50820408}
[ 2026-04-18 07:45:12 | node_1 | INFO ] 📢 Broadcasting metrics.
[ 2026-04-18 07:45:12 | node_15 | INFO ] 🧩 Model added for round 6 (3/9) from ['node_19']
[ 2026-04-18 07:45:12 | node_5 | INFO ] 🧠 Aggregation complete. Setting new model.
[ 2026-04-18 07:45:12 | node_15 | INFO ] 🧩 Model added for round 6 (4/9) from ['node_8']
[ 2026-04-18 07:45:12 | node_7 | INFO ] 🧩 Model added for round 6 (6/8) from ['node_12']
[ 2026-04-18 07:45:12 | node_15 | INFO ] 🧩 Model added for round 6 (5/9) from ['node_7']
[ 2026-04-18 07:45:13 | node_5 | INFO ] 🗣️ Gossiping aggregated model.
[ 2026-04-18 07:45:13 | node_13 | INFO ] 🧩 Model added for round 6 (7/9) from ['node_6']
[ 2026-04-18 07:45:13 | node_7 | INFO ] 🧩 Model added for round 6 (7/8) from ['node_15']
[ 2026-04-18 07:45:13 | node_16 | INFO ] 🧩 Model added for round 6 (5/8) from ['node_14']
[ 2026-04-18 07:45:13 | node_3 | INFO ] 🎉 Round 6 of 20 finished.
[ 2026-04-18 07:45:13 | node_3 | INFO ] 🗳️ [DETERMINISTIC] Train set assigned (No Voting). Size: 20
[ 2026-04-18 07:45:13 | node_3 | INFO ] ♻️ Proactively processing 7 early models for round 6.
[ 2026-04-18 07:45:13 | node_3 | INFO ] 🧩 Model added for round 6 (1/8) from ['node_16']
[ 2026-04-18 07:45:13 | node_3 | INFO ] 🧩 Model added for round 6 (2/8) from ['node_2']
[ 2026-04-18 07:45:13 | node_3 | INFO ] 🧩 Model added for round 6 (3/8) from ['node_11']
[ 2026-04-18 07:45:13 | node_3 | INFO ] 🧩 Model added for round 6 (4/8) from ['node_14']
[ 2026-04-18 07:45:13 | node_3 | INFO ] 🧩 Model added for round 6 (5/8) from ['node_8']
[ 2026-04-18 07:45:13 | node_3 | INFO ] 🧩 Model added for round 6 (6/8) from ['node_6']
[ 2026-04-18 07:45:13 | node_3 | INFO ] 🧩 Model added for round 6 (7/8) from ['node_15']
[ 2026-04-18 07:45:13 | node_3 | INFO ] 🏋️‍♀️ Preparing training...
[ 2026-04-18 07:45:13 | node_16 | INFO ] 🧩 Model added for round 6 (6/8) from ['node_19']
[ 2026-04-18 07:45:13 | node_17 | INFO ] 🧩 Model added for round 6 (5/9) from ['node_8']
[ 2026-04-18 07:45:13 | node_10 | INFO ] 🧩 Model added for round 6 (7/7) from ['node_12']
[ 2026-04-18 07:45:13 | node_14 | INFO ] 🧩 Model added for round 6 (8/11) from ['node_6']
[ 2026-04-18 07:45:13 | node_8 | INFO ] 🧩 Model added for round 6 (9/11) from ['node_15']
[ 2026-04-18 07:45:13 | node_17 | INFO ] 🧩 Model added for round 6 (6/9) from ['node_14']
[ 2026-04-18 07:45:13 | node_3 | INFO ] 🎓 Training step done.
[ 2026-04-18 07:45:13 | node_3 | INFO ] 🛠️ Calling force_add_local_model...
[ 2026-04-18 07:45:13 | node_3 | INFO ] ✅ [FORCE] Local model added for round 6. (8/8)
[ 2026-04-18 07:45:13 | node_1 | INFO ] 🎉 Round 6 of 20 finished.
[ 2026-04-18 07:45:13 | node_1 | INFO ] 🗳️ [DETERMINISTIC] Train set assigned (No Voting). Size: 20
[ 2026-04-18 07:45:14 | node_1 | INFO ] ♻️ Proactively processing 8 early models for round 6.
[ 2026-04-18 07:45:14 | node_1 | INFO ] 🧩 Model added for round 6 (1/10) from ['node_16']
[ 2026-04-18 07:45:14 | node_1 | INFO ] 🧩 Model added for round 6 (2/10) from ['node_13']
[ 2026-04-18 07:45:14 | node_1 | INFO ] 🧩 Model added for round 6 (3/10) from ['node_2']
[ 2026-04-18 07:45:14 | node_1 | INFO ] 🧩 Model added for round 6 (4/10) from ['node_11']
[ 2026-04-18 07:45:14 | node_1 | INFO ] 🧩 Model added for round 6 (5/10) from ['node_14']
[ 2026-04-18 07:45:14 | node_11 | INFO ] 🧩 Model added for round 6 (6/8) from ['node_12']
[ 2026-04-18 07:45:14 | node_1 | INFO ] 🧩 Model added for round 6 (6/10) from ['node_7']
[ 2026-04-18 07:45:14 | ModelPackager | INFO ] Round 6: Consensus detected (dist: 0.000597). Patience: 1/1
[ 2026-04-18 07:45:14 | node_1 | INFO ] 🧩 Model added for round 6 (7/10) from ['node_6']
[ 2026-04-18 07:45:14 | node_1 | INFO ] 🧩 Model added for round 6 (8/10) from ['node_15']
[ 2026-04-18 07:45:14 | node_1 | INFO ] 🏋️‍♀️ Preparing training...
[ 2026-04-18 07:45:14 | node_18 | INFO ] ⏹️  Gossiping exited for 10 equal rounds.
[ 2026-04-18 07:45:14 | node_18 | INFO ] 🔬 Evaluating...
[ 2026-04-18 07:45:14 | node_12 | INFO ] 🧩 Model added for round 6 (11/12) from ['node_15']
[ 2026-04-18 07:45:14 | node_15 | INFO ] 🧩 Model added for round 6 (6/9) from ['node_6']
[ 2026-04-18 07:45:14 | node_14 | INFO ] 🧩 Model added for round 6 (9/11) from ['node_12']
[ 2026-04-18 07:45:14 | node_10 | INFO ] 🧠 Aggregation complete. Setting new model.
[ 2026-04-18 07:45:14 | node_19 | INFO ] 🧩 Model added for round 6 (6/7) from ['node_8']
[ 2026-04-18 07:45:14 | node_10 | INFO ] 🗣️ Gossiping aggregated model.
[ 2026-04-18 07:45:14 | node_18 | INFO ] 📈 Evaluated. Results: {'test_loss': 1.5193055868148804, 'test_acc': 0.5576158761978149, 'test_precision': 0.2418699562549591, 'test_recall': 0.14814037084579468, 'test_f1': 0.1725466102361679, 'communication_cost': 50820408}
[ 2026-04-18 07:45:15 | node_18 | INFO ] 📢 Broadcasting metrics.
[ 2026-04-18 07:45:15 | node_15 | INFO ] 🧩 Model added for round 6 (7/9) from ['node_12']
[ 2026-04-18 07:45:15 | node_17 | INFO ] 🧩 Model added for round 6 (7/9) from ['node_6']
[ 2026-04-18 07:45:15 | node_19 | INFO ] 🧩 Model added for round 6 (7/7) from ['node_15']
[ 2026-04-18 07:45:15 | node_1 | INFO ] 🎓 Training step done.
[ 2026-04-18 07:45:15 | node_1 | INFO ] 🛠️ Calling force_add_local_model...
[ 2026-04-18 07:45:15 | node_1 | INFO ] ✅ [FORCE] Local model added for round 6. (9/10)
[ 2026-04-18 07:45:15 | ModelPackager | INFO ] Round 6: Consensus detected (dist: 0.000697). Patience: 1/1
[ 2026-04-18 07:45:15 | node_17 | INFO ] 🧩 Model added for round 6 (8/9) from ['node_12']
[ 2026-04-18 07:45:16 | node_18 | INFO ] 🎉 Round 6 of 20 finished.
[ 2026-04-18 07:45:16 | node_18 | INFO ] 🗳️ [DETERMINISTIC] Train set assigned (No Voting). Size: 20
[ 2026-04-18 07:45:16 | node_18 | INFO ] ♻️ Proactively processing 7 early models for round 6.
[ 2026-04-18 07:45:16 | node_19 | INFO ] 🧠 Aggregation complete. Setting new model.
[ 2026-04-18 07:45:16 | node_18 | INFO ] 🧩 Model added for round 6 (1/10) from ['node']
[ 2026-04-18 07:45:16 | node_18 | INFO ] 🧩 Model added for round 6 (2/10) from ['node_9']
[ 2026-04-18 07:45:16 | node_18 | INFO ] 🧩 Model added for round 6 (3/10) from ['node_4']
[ 2026-04-18 07:45:16 | node_18 | INFO ] 🧩 Model added for round 6 (4/10) from ['node_13']
[ 2026-04-18 07:45:16 | node_18 | INFO ] 🧩 Model added for round 6 (5/10) from ['node_17']
[ 2026-04-18 07:45:16 | node_18 | INFO ] 🧩 Model added for round 6 (6/10) from ['node_8']
[ 2026-04-18 07:45:16 | node_18 | INFO ] 🧩 Model added for round 6 (7/10) from ['node_6']
[ 2026-04-18 07:45:16 | node_18 | INFO ] 🏋️‍♀️ Preparing training...
[ 2026-04-18 07:45:16 | node_18 | INFO ] 🧩 Model added for round 6 (8/10) from ['node_12']
[ 2026-04-18 07:45:16 | node_19 | INFO ] 🗣️ Gossiping aggregated model.
[ 2026-04-18 07:45:17 | node_18 | INFO ] 🎓 Training step done.
[ 2026-04-18 07:45:17 | node_18 | INFO ] 🛠️ Calling force_add_local_model...
[ 2026-04-18 07:45:17 | node_18 | INFO ] ✅ [FORCE] Local model added for round 6. (9/10)
[ 2026-04-18 07:45:18 | node_3 | INFO ] 📤 Sending model to 7 direct neighbors: ['node_2', 'node_6', 'node_8', 'node_11', 'node_14', 'node_15', 'node_16']
[ 2026-04-18 07:45:19 | node_2 | INFO ] 🧩 Model added for round 6 (8/9) from ['node_3']
[ 2026-04-18 07:45:19 | node_6 | INFO ] 🧩 Model added for round 6 (10/12) from ['node_3']
[ 2026-04-18 07:45:20 | node_8 | INFO ] 🧩 Model added for round 6 (10/11) from ['node_3']
[ 2026-04-18 07:45:20 | node_1 | INFO ] 📤 Sending model to 9 direct neighbors: ['node_2', 'node_6', 'node_7', 'node_11', 'node_13', 'node_14', 'node_15', 'node_16', 'node_18']
[ 2026-04-18 07:45:20 | node_2 | INFO ] 🧩 Model added for round 6 (9/9) from ['node_1']
[ 2026-04-18 07:45:20 | node_11 | INFO ] 🧩 Model added for round 6 (7/8) from ['node_3']
[ 2026-04-18 07:45:21 | node_6 | INFO ] 🧩 Model added for round 6 (11/12) from ['node_1']
[ 2026-04-18 07:45:21 | ModelPackager | INFO ] Round 6: Consensus detected (dist: 0.000679). Patience: 1/1
[ 2026-04-18 07:45:21 | node_14 | INFO ] 🧩 Model added for round 6 (10/11) from ['node_3']
[ 2026-04-18 07:45:21 | node_2 | INFO ] 🧠 Aggregation complete. Setting new model.
[ 2026-04-18 07:45:21 | node_7 | INFO ] 🧩 Model added for round 6 (8/8) from ['node_1']
[ 2026-04-18 07:45:21 | node_15 | INFO ] 🧩 Model added for round 6 (8/9) from ['node_3']
[ 2026-04-18 07:45:21 | node_2 | INFO ] 🗣️ Gossiping aggregated model.
[ 2026-04-18 07:45:22 | node_11 | INFO ] 🧩 Model added for round 6 (8/8) from ['node_1']
[ 2026-04-18 07:45:22 | node_16 | INFO ] 🧩 Model added for round 6 (7/8) from ['node_3']
[ 2026-04-18 07:45:22 | ModelPackager | INFO ] Round 6: Consensus detected (dist: 0.000686). Patience: 1/1
[ 2026-04-18 07:45:22 | node_7 | INFO ] 🧠 Aggregation complete. Setting new model.
[ 2026-04-18 07:45:22 | ModelPackager | INFO ] Round 6: Consensus detected (dist: 0.000499). Patience: 1/1
[ 2026-04-18 07:45:22 | node_11 | INFO ] 🧠 Aggregation complete. Setting new model.
[ 2026-04-18 07:45:22 | node_11 | INFO ] 🗣️ Gossiping aggregated model.
[ 2026-04-18 07:45:22 | node_7 | INFO ] 🗣️ Gossiping aggregated model.
[ 2026-04-18 07:45:22 | node_18 | INFO ] 📤 Sending model to 9 direct neighbors: ['node', 'node_1', 'node_4', 'node_6', 'node_8', 'node_9', 'node_12', 'node_13', 'node_17']
[ 2026-04-18 07:45:22 | node_13 | INFO ] 🧩 Model added for round 6 (8/9) from ['node_1']
[ 2026-04-18 07:45:23 | node | INFO ] 🧩 Model added for round 6 (8/8) from ['node_18']
[ 2026-04-18 07:45:23 | node_14 | INFO ] 🧩 Model added for round 6 (11/11) from ['node_1']
[ 2026-04-18 07:45:23 | ModelPackager | INFO ] Round 6: Consensus detected (dist: 0.000627). Patience: 1/1
[ 2026-04-18 07:45:23 | ModelPackager | INFO ] Round 6: Consensus detected (dist: 0.000665). Patience: 1/1
[ 2026-04-18 07:45:24 | node_1 | INFO ] 🧩 Model added for round 6 (10/10) from ['node_18']
[ 2026-04-18 07:45:24 | ModelPackager | INFO ] Round 6: Consensus detected (dist: 0.000552). Patience: 1/1
[ 2026-04-18 07:45:24 | ModelPackager | INFO ] 🌟 Node node is AUTHORIZED. Starting packaging & push...
[ 2026-04-18 07:45:24 | node_3 | INFO ] 🧠 Aggregation complete. Setting new model.
[ 2026-04-18 07:45:24 | node | INFO ] 🧠 Aggregation complete. Setting new model.
[ 2026-04-18 07:45:24 | node_3 | INFO ] 🗣️ Gossiping aggregated model.
[ 2026-04-18 07:45:24 | node | INFO ] 🗣️ Gossiping aggregated model.
[ 2026-04-18 07:45:24 | node_14 | INFO ] 🧠 Aggregation complete. Setting new model.
[ 2026-04-18 07:45:24 | node_15 | INFO ] 🧩 Model added for round 6 (9/9) from ['node_1']
[ 2026-04-18 07:45:24 | node_4 | INFO ] 🧩 Model added for round 6 (8/8) from ['node_18']
[ 2026-04-18 07:45:24 | node_14 | INFO ] 🗣️ Gossiping aggregated model.
[ 2026-04-18 07:45:25 | node_16 | INFO ] 🧩 Model added for round 6 (8/8) from ['node_1']
[ 2026-04-18 07:45:25 | node_6 | INFO ] 🧩 Model added for round 6 (12/12) from ['node_18']
[ 2026-04-18 07:45:25 | ModelPackager | INFO ] Round 6: Consensus detected (dist: 0.000636). Patience: 1/1
[ 2026-04-18 07:45:25 | node_15 | INFO ] 🧠 Aggregation complete. Setting new model.
[ 2026-04-18 07:45:25 | ModelPackager | INFO ] Round 6: Consensus detected (dist: 0.000587). Patience: 1/1
[ 2026-04-18 07:45:25 | node_4 | INFO ] 🧠 Aggregation complete. Setting new model.
[ 2026-04-18 07:45:25 | ModelPackager | INFO ] Round 6: Consensus detected (dist: 0.000607). Patience: 1/1
[ 2026-04-18 07:45:26 | node_16 | INFO ] 🧠 Aggregation complete. Setting new model.
[ 2026-04-18 07:45:26 | node_18 | INFO ] 🧩 Model added for round 6 (10/10) from ['node_1']
[ 2026-04-18 07:45:26 | ModelPackager | INFO ] Round 6: Consensus detected (dist: 0.000804). Patience: 1/1
[ 2026-04-18 07:45:26 | node_15 | INFO ] 🗣️ Gossiping aggregated model.
[ 2026-04-18 07:45:26 | node_4 | INFO ] 🗣️ Gossiping aggregated model.
[ 2026-04-18 07:45:26 | node_16 | INFO ] 🗣️ Gossiping aggregated model.
[ 2026-04-18 07:45:26 | node_8 | INFO ] 🧩 Model added for round 6 (11/11) from ['node_18']
[ 2026-04-18 07:45:26 | node_6 | INFO ] 🧠 Aggregation complete. Setting new model.
[ 2026-04-18 07:45:27 | node_6 | INFO ] 🗣️ Gossiping aggregated model.
[ 2026-04-18 07:45:27 | node_9 | INFO ] 🧩 Model added for round 6 (8/8) from ['node_18']
[ 2026-04-18 07:45:27 | ModelPackager | INFO ] Round 6: Consensus detected (dist: 0.000764). Patience: 1/1
[ 2026-04-18 07:45:27 | ModelPackager | INFO ] Round 6: Consensus detected (dist: 0.000740). Patience: 1/1
[ 2026-04-18 07:45:28 | node_1 | INFO ] 🧠 Aggregation complete. Setting new model.
[ 2026-04-18 07:45:28 | node_12 | INFO ] 🧩 Model added for round 6 (12/12) from ['node_18']
[ 2026-04-18 07:45:28 | node_8 | INFO ] 🧠 Aggregation complete. Setting new model.
[ 2026-04-18 07:45:28 | ModelPackager | INFO ] Round 6: Consensus detected (dist: 0.000564). Patience: 1/1
[ 2026-04-18 07:45:28 | node_9 | INFO ] 🧠 Aggregation complete. Setting new model.
[ 2026-04-18 07:45:28 | ModelPackager | INFO ] Round 6: Consensus detected (dist: 0.000799). Patience: 1/1
[ 2026-04-18 07:45:28 | node_8 | INFO ] 🗣️ Gossiping aggregated model.
[ 2026-04-18 07:45:28 | node_1 | INFO ] 🗣️ Gossiping aggregated model.
[ 2026-04-18 07:45:28 | node_5 | INFO ] ⏹️  Gossiping exited for 10 equal rounds.
[ 2026-04-18 07:45:28 | node_5 | INFO ] 🔬 Evaluating...
[ 2026-04-18 07:45:28 | node_9 | INFO ] 🗣️ Gossiping aggregated model.
[ 2026-04-18 07:45:29 | node_12 | INFO ] 🧠 Aggregation complete. Setting new model.
[ 2026-04-18 07:45:29 | node_5 | INFO ] 📈 Evaluated. Results: {'test_loss': 3.9324965476989746, 'test_acc': 0.1071428582072258, 'test_precision': 0.22180452942848206, 'test_recall': 0.22448980808258057, 'test_f1': 0.1278911530971527, 'communication_cost': 39526984}
[ 2026-04-18 07:45:29 | node_5 | INFO ] 📢 Broadcasting metrics.
[ 2026-04-18 07:45:29 | node_13 | INFO ] 🧩 Model added for round 6 (9/9) from ['node_18']
[ 2026-04-18 07:45:29 | node_10 | INFO ] 🤫 Gossip finished.
[ 2026-04-18 07:45:29 | node_10 | INFO ] 🔬 Evaluating...
[ 2026-04-18 07:45:29 | node_12 | INFO ] 🗣️ Gossiping aggregated model.
[ 2026-04-18 07:45:29 | node_10 | INFO ] 📈 Evaluated. Results: {'test_loss': 6.662449836730957, 'test_acc': 0.01977401040494442, 'test_precision': 0.19096045196056366, 'test_recall': 0.0542936846613884, 'test_f1': 0.06102968752384186, 'communication_cost': 33880272}
[ 2026-04-18 07:45:29 | node_10 | INFO ] 📢 Broadcasting metrics.
[ 2026-04-18 07:45:29 | node_17 | INFO ] 🧩 Model added for round 6 (9/9) from ['node_18']
[ 2026-04-18 07:45:30 | node_5 | INFO ] 🎉 Round 7 of 20 finished.
[ 2026-04-18 07:45:30 | node_5 | INFO ] 🗳️ [DETERMINISTIC] Train set assigned (No Voting). Size: 20
[ 2026-04-18 07:45:30 | node_5 | INFO ] 🏋️‍♀️ Preparing training...
[ 2026-04-18 07:45:30 | node_10 | INFO ] 🎉 Round 7 of 20 finished.
[ 2026-04-18 07:45:30 | node_10 | INFO ] 🗳️ [DETERMINISTIC] Train set assigned (No Voting). Size: 20
[ 2026-04-18 07:45:30 | node_10 | INFO ] 🏋️‍♀️ Preparing training...
[ 2026-04-18 07:45:31 | ModelPackager | INFO ] Round 6: Consensus detected (dist: 0.000603). Patience: 1/1
[ 2026-04-18 07:45:31 | ModelPackager | INFO ] Round 6: Consensus detected (dist: 0.000610). Patience: 1/1
[ 2026-04-18 07:45:31 | node_13 | INFO ] 🧠 Aggregation complete. Setting new model.
[ 2026-04-18 07:45:31 | node_17 | INFO ] 🧠 Aggregation complete. Setting new model.
[ 2026-04-18 07:45:31 | ModelPackager | INFO ] Round 6: Consensus detected (dist: 0.000543). Patience: 1/1
[ 2026-04-18 07:45:31 | node_18 | INFO ] 🧠 Aggregation complete. Setting new model.
[ 2026-04-18 07:45:31 | node_5 | INFO ] 🎓 Training step done.
[ 2026-04-18 07:45:31 | node_5 | INFO ] 🛠️ Calling force_add_local_model...
[ 2026-04-18 07:45:31 | node_5 | INFO ] ✅ [FORCE] Local model added for round 7. (1/8)
[ 2026-04-18 07:45:31 | node_13 | INFO ] 🗣️ Gossiping aggregated model.
[ 2026-04-18 07:45:31 | node_17 | INFO ] 🗣️ Gossiping aggregated model.
[ 2026-04-18 07:45:31 | node_19 | INFO ] ⏹️  Gossiping exited for 10 equal rounds.
[ 2026-04-18 07:45:31 | node_19 | INFO ] 🔬 Evaluating...
[ 2026-04-18 07:45:31 | node_18 | INFO ] 🗣️ Gossiping aggregated model.
[ 2026-04-18 07:45:32 | node_10 | INFO ] 🎓 Training step done.
[ 2026-04-18 07:45:32 | node_19 | INFO ] 📈 Evaluated. Results: {'test_loss': 7.033559799194336, 'test_acc': 0.16966067254543304, 'test_precision': 0.12400692701339722, 'test_recall': 0.10244905948638916, 'test_f1': 0.07185552269220352, 'communication_cost': 33880272}
[ 2026-04-18 07:45:32 | node_10 | INFO ] 🛠️ Calling force_add_local_model...
[ 2026-04-18 07:45:32 | node_19 | INFO ] 📢 Broadcasting metrics.
[ 2026-04-18 07:45:32 | node_10 | INFO ] ✅ [FORCE] Local model added for round 7. (1/7)
[ 2026-04-18 07:45:32 | node_19 | INFO ] 🎉 Round 7 of 20 finished.
[ 2026-04-18 07:45:32 | node_19 | INFO ] 🗳️ [DETERMINISTIC] Train set assigned (No Voting). Size: 20
[ 2026-04-18 07:45:32 | node_19 | INFO ] 🏋️‍♀️ Preparing training...
[ 2026-04-18 07:45:33 | node_19 | INFO ] 🎓 Training step done.
[ 2026-04-18 07:45:33 | node_19 | INFO ] 🛠️ Calling force_add_local_model...
[ 2026-04-18 07:45:33 | node_19 | INFO ] ✅ [FORCE] Local model added for round 7. (1/7)
[ 2026-04-18 07:45:36 | node_5 | INFO ] 📤 Sending model to 7 direct neighbors: ['node_4', 'node_6', 'node_11', 'node_12', 'node_13', 'node_14', 'node_19']
[ 2026-04-18 07:45:37 | node_10 | INFO ] 📤 Sending model to 6 direct neighbors: ['node_6', 'node_8', 'node_9', 'node_12', 'node_16', 'node_19']
[ 2026-04-18 07:45:38 | node_19 | INFO ] 📤 Sending model to 6 direct neighbors: ['node_4', 'node_5', 'node_8', 'node_10', 'node_15', 'node_16']
[ 2026-04-18 07:45:38 | node_19 | INFO ] 🧩 Model added for round 7 (2/7) from ['node_5']
[ 2026-04-18 07:45:38 | node_11 | INFO ] ⏹️  Gossiping exited for 10 equal rounds.
[ 2026-04-18 07:45:38 | node_11 | INFO ] 🔬 Evaluating...
[ 2026-04-18 07:45:38 | node_2 | INFO ] ⏹️  Gossiping exited for 10 equal rounds.
[ 2026-04-18 07:45:38 | node_2 | INFO ] 🔬 Evaluating...
[ 2026-04-18 07:45:38 | node_5 | INFO ] 🧩 Model added for round 7 (2/8) from ['node_19']
[ 2026-04-18 07:45:38 | node_7 | INFO ] ⏹️  Gossiping exited for 10 equal rounds.
[ 2026-04-18 07:45:38 | node_7 | INFO ] 🔬 Evaluating...
[ 2026-04-18 07:45:38 | node_11 | INFO ] 📈 Evaluated. Results: {'test_loss': 1.8125317096710205, 'test_acc': 0.43425077199935913, 'test_precision': 0.18962883949279785, 'test_recall': 0.09518490731716156, 'test_f1': 0.12098351120948792, 'communication_cost': 39526984}
[ 2026-04-18 07:45:38 | node_11 | INFO ] 📢 Broadcasting metrics.
[ 2026-04-18 07:45:39 | node_19 | INFO ] 🧩 Model added for round 7 (3/7) from ['node_10']
[ 2026-04-18 07:45:39 | node_2 | INFO ] 📈 Evaluated. Results: {'test_loss': 0.876423716545105, 'test_acc': 0.760869562625885, 'test_precision': 0.22990979254245758, 'test_recall': 0.18141639232635498, 'test_f1': 0.18981920182704926, 'communication_cost': 45173696}
[ 2026-04-18 07:45:39 | node_2 | INFO ] 📢 Broadcasting metrics.
[ 2026-04-18 07:45:39 | node_7 | INFO ] 📈 Evaluated. Results: {'test_loss': 7.742617130279541, 'test_acc': 0.12515263259410858, 'test_precision': 0.13765957951545715, 'test_recall': 0.07966773211956024, 'test_f1': 0.0846305787563324, 'communication_cost': 39526984}
[ 2026-04-18 07:45:39 | node_7 | INFO ] 📢 Broadcasting metrics.
[ 2026-04-18 07:45:39 | node_10 | INFO ] 🧩 Model added for round 7 (2/7) from ['node_19']
[ 2026-04-18 07:45:39 | node_11 | INFO ] 🎉 Round 7 of 20 finished.
[ 2026-04-18 07:45:39 | node_11 | INFO ] 🗳️ [DETERMINISTIC] Train set assigned (No Voting). Size: 20
[ 2026-04-18 07:45:39 | node_3 | INFO ] ⏹️  Gossiping exited for 10 equal rounds.
[ 2026-04-18 07:45:39 | node_3 | INFO ] 🔬 Evaluating...
[ 2026-04-18 07:45:39 | node_11 | INFO ] ♻️ Proactively processing 1 early models for round 7.
[ 2026-04-18 07:45:39 | node_11 | INFO ] 🧩 Model added for round 7 (1/8) from ['node_5']
[ 2026-04-18 07:45:39 | node_11 | INFO ] 🏋️‍♀️ Preparing training...
[ 2026-04-18 07:45:40 | node_14 | INFO ] ⏹️  Gossiping exited for 10 equal rounds.
[ 2026-04-18 07:45:40 | node_14 | INFO ] 🔬 Evaluating...
[ 2026-04-18 07:45:40 | node_3 | INFO ] 📈 Evaluated. Results: {'test_loss': 2.5611863136291504, 'test_acc': 0.4591836631298065, 'test_precision': 0.3241342008113861, 'test_recall': 0.18837018311023712, 'test_f1': 0.2104625254869461, 'communication_cost': 39526984}
[ 2026-04-18 07:45:40 | node_3 | INFO ] 📢 Broadcasting metrics.
[ 2026-04-18 07:45:40 | node_2 | INFO ] 🎉 Round 7 of 20 finished.
[ 2026-04-18 07:45:40 | node_2 | INFO ] 🗳️ [DETERMINISTIC] Train set assigned (No Voting). Size: 20
[ 2026-04-18 07:45:40 | node_2 | INFO ] 🏋️‍♀️ Preparing training...
[ 2026-04-18 07:45:40 | node_14 | INFO ] 📈 Evaluated. Results: {'test_loss': 1.6673451662063599, 'test_acc': 0.5555555820465088, 'test_precision': 0.2261904776096344, 'test_recall': 0.24929974973201752, 'test_f1': 0.2272535264492035, 'communication_cost': 56467120}
[ 2026-04-18 07:45:40 | node_7 | INFO ] 🎉 Round 7 of 20 finished.
[ 2026-04-18 07:45:40 | node_14 | INFO ] 📢 Broadcasting metrics.
[ 2026-04-18 07:45:40 | node_7 | INFO ] 🗳️ [DETERMINISTIC] Train set assigned (No Voting). Size: 20
[ 2026-04-18 07:45:40 | node_7 | INFO ] 🏋️‍♀️ Preparing training...
[ 2026-04-18 07:45:40 | node_11 | INFO ] 🎓 Training step done.
[ 2026-04-18 07:45:40 | node_11 | INFO ] 🛠️ Calling force_add_local_model...
[ 2026-04-18 07:45:40 | node_11 | INFO ] ✅ [FORCE] Local model added for round 7. (2/8)
[ 2026-04-18 07:45:40 | node_7 | INFO ] 🎓 Training step done.
[ 2026-04-18 07:45:40 | node_7 | INFO ] 🛠️ Calling force_add_local_model...
[ 2026-04-18 07:45:40 | node_7 | INFO ] ✅ [FORCE] Local model added for round 7. (1/8)
[ 2026-04-18 07:45:41 | node_2 | INFO ] 🎓 Training step done.
[ 2026-04-18 07:45:41 | node_2 | INFO ] 🛠️ Calling force_add_local_model...
[ 2026-04-18 07:45:41 | node_2 | INFO ] ✅ [FORCE] Local model added for round 7. (1/9)
[ 2026-04-18 07:45:41 | node_3 | INFO ] 🎉 Round 7 of 20 finished.
[ 2026-04-18 07:45:41 | node_3 | INFO ] 🗳️ [DETERMINISTIC] Train set assigned (No Voting). Size: 20
[ 2026-04-18 07:45:41 | node_3 | INFO ] 🏋️‍♀️ Preparing training...
[ 2026-04-18 07:45:41 | node_3 | INFO ] 🎓 Training step done.
[ 2026-04-18 07:45:41 | node_3 | INFO ] 🛠️ Calling force_add_local_model...
[ 2026-04-18 07:45:41 | node_3 | INFO ] ✅ [FORCE] Local model added for round 7. (1/8)
[ 2026-04-18 07:45:41 | node_16 | INFO ] ⏹️  Gossiping exited for 10 equal rounds.
[ 2026-04-18 07:45:41 | node_16 | INFO ] 🔬 Evaluating...
[ 2026-04-18 07:45:41 | node_14 | INFO ] 🎉 Round 7 of 20 finished.
[ 2026-04-18 07:45:41 | node_14 | INFO ] 🗳️ [DETERMINISTIC] Train set assigned (No Voting). Size: 20
[ 2026-04-18 07:45:41 | node_4 | INFO ] ⏹️  Gossiping exited for 10 equal rounds.
[ 2026-04-18 07:45:41 | node_14 | INFO ] ♻️ Proactively processing 1 early models for round 7.
[ 2026-04-18 07:45:41 | node_14 | INFO ] 🧩 Model added for round 7 (1/11) from ['node_5']
[ 2026-04-18 07:45:41 | node_4 | INFO ] 🔬 Evaluating...
[ 2026-04-18 07:45:41 | node_14 | INFO ] 🏋️‍♀️ Preparing training...
[ 2026-04-18 07:45:41 | node_16 | INFO ] 📈 Evaluated. Results: {'test_loss': 3.900515079498291, 'test_acc': 0.20270270109176636, 'test_precision': 0.30595239996910095, 'test_recall': 0.16341355443000793, 'test_f1': 0.1774364858865738, 'communication_cost': 39526984}
[ 2026-04-18 07:45:41 | node_15 | INFO ] ⏹️  Gossiping exited for 10 equal rounds.
[ 2026-04-18 07:45:41 | node_15 | INFO ] 🔬 Evaluating...
[ 2026-04-18 07:45:41 | node_16 | INFO ] 📢 Broadcasting metrics.
[ 2026-04-18 07:45:42 | node_15 | INFO ] 📈 Evaluated. Results: {'test_loss': 15.984918594360352, 'test_acc': 0.0, 'test_precision': 0.0, 'test_recall': 0.0, 'test_f1': 0.0, 'communication_cost': 45173696}
[ 2026-04-18 07:45:42 | node_15 | INFO ] 📢 Broadcasting metrics.
[ 2026-04-18 07:45:42 | node_4 | INFO ] 📈 Evaluated. Results: {'test_loss': 1.6080466508865356, 'test_acc': 0.49132949113845825, 'test_precision': 0.19198542833328247, 'test_recall': 0.09411032497882843, 'test_f1': 0.12130928784608841, 'communication_cost': 39526984}
[ 2026-04-18 07:45:42 | node_4 | INFO ] 📢 Broadcasting metrics.
[ 2026-04-18 07:45:42 | node_16 | INFO ] 🎉 Round 7 of 20 finished.
[ 2026-04-18 07:45:42 | node_16 | INFO ] 🗳️ [DETERMINISTIC] Train set assigned (No Voting). Size: 20
[ 2026-04-18 07:45:42 | node_16 | INFO ] ♻️ Proactively processing 2 early models for round 7.
[ 2026-04-18 07:45:42 | node_16 | INFO ] 🧩 Model added for round 7 (1/8) from ['node_10']
[ 2026-04-18 07:45:42 | node_16 | INFO ] 🧩 Model added for round 7 (2/8) from ['node_19']
[ 2026-04-18 07:45:42 | node_16 | INFO ] 🏋️‍♀️ Preparing training...
[ 2026-04-18 07:45:42 | node_15 | INFO ] 🎉 Round 7 of 20 finished.
[ 2026-04-18 07:45:42 | node_15 | INFO ] 🗳️ [DETERMINISTIC] Train set assigned (No Voting). Size: 20
[ 2026-04-18 07:45:43 | node_15 | INFO ] ♻️ Proactively processing 1 early models for round 7.
[ 2026-04-18 07:45:43 | node_15 | INFO ] 🧩 Model added for round 7 (1/9) from ['node_19']
[ 2026-04-18 07:45:43 | node_15 | INFO ] 🏋️‍♀️ Preparing training...
[ 2026-04-18 07:45:43 | node_4 | INFO ] 🎉 Round 7 of 20 finished.
[ 2026-04-18 07:45:43 | node_6 | INFO ] ⏹️  Gossiping exited for 10 equal rounds.
[ 2026-04-18 07:45:43 | node_4 | INFO ] 🗳️ [DETERMINISTIC] Train set assigned (No Voting). Size: 20
[ 2026-04-18 07:45:43 | node_6 | INFO ] 🔬 Evaluating...
[ 2026-04-18 07:45:43 | node_4 | INFO ] ♻️ Proactively processing 2 early models for round 7.
[ 2026-04-18 07:45:43 | node_4 | INFO ] 🧩 Model added for round 7 (1/8) from ['node_5']
[ 2026-04-18 07:45:43 | node_4 | INFO ] 🧩 Model added for round 7 (2/8) from ['node_19']
[ 2026-04-18 07:45:43 | node_4 | INFO ] 🏋️‍♀️ Preparing training...
[ 2026-04-18 07:45:43 | node_8 | INFO ] ⏹️  Gossiping exited for 10 equal rounds.
[ 2026-04-18 07:45:43 | node_8 | INFO ] 🔬 Evaluating...
[ 2026-04-18 07:45:43 | node_8 | INFO ] 📈 Evaluated. Results: {'test_loss': 1.2459161281585693, 'test_acc': 0.5737704634666443, 'test_precision': 0.20204082131385803, 'test_recall': 0.13553114235401154, 'test_f1': 0.1622331738471985, 'communication_cost': 56467120}
[ 2026-04-18 07:45:43 | node_8 | INFO ] 📢 Broadcasting metrics.
[ 2026-04-18 07:45:43 | node_16 | INFO ] 🎓 Training step done.
[ 2026-04-18 07:45:43 | node_1 | INFO ] ⏹️  Gossiping exited for 10 equal rounds.
[ 2026-04-18 07:45:43 | node_16 | INFO ] 🛠️ Calling force_add_local_model...
[ 2026-04-18 07:45:43 | node_16 | INFO ] ✅ [FORCE] Local model added for round 7. (3/8)
[ 2026-04-18 07:45:43 | node_6 | INFO ] 📈 Evaluated. Results: {'test_loss': 1.4559656381607056, 'test_acc': 0.5156130790710449, 'test_precision': 0.156608447432518, 'test_recall': 0.09547045081853867, 'test_f1': 0.11326279491186142, 'communication_cost': 62113832}
[ 2026-04-18 07:45:43 | node_1 | INFO ] 🔬 Evaluating...
[ 2026-04-18 07:45:43 | node_6 | INFO ] 📢 Broadcasting metrics.
[ 2026-04-18 07:45:43 | node_4 | INFO ] 🎓 Training step done.
[ 2026-04-18 07:45:43 | node_4 | INFO ] 🛠️ Calling force_add_local_model...
[ 2026-04-18 07:45:43 | node_4 | INFO ] ✅ [FORCE] Local model added for round 7. (3/8)
[ 2026-04-18 07:45:43 | node_9 | INFO ] ⏹️  Gossiping exited for 10 equal rounds.
[ 2026-04-18 07:45:43 | node_9 | INFO ] 🔬 Evaluating...
[ 2026-04-18 07:45:43 | node_14 | INFO ] 🎓 Training step done.
[ 2026-04-18 07:45:43 | node_1 | INFO ] 📈 Evaluated. Results: {'test_loss': 2.5448057651519775, 'test_acc': 0.3107638955116272, 'test_precision': 0.19448377192020416, 'test_recall': 0.0966344028711319, 'test_f1': 0.10400232672691345, 'communication_cost': 50820408}
[ 2026-04-18 07:45:43 | node_14 | INFO ] 🛠️ Calling force_add_local_model...
[ 2026-04-18 07:45:43 | node_1 | INFO ] 📢 Broadcasting metrics.
[ 2026-04-18 07:45:43 | node_14 | INFO ] ✅ [FORCE] Local model added for round 7. (2/11)
[ 2026-04-18 07:45:44 | node_9 | INFO ] 📈 Evaluated. Results: {'test_loss': 1.7085038423538208, 'test_acc': 0.5494791865348816, 'test_precision': 0.21487557888031006, 'test_recall': 0.11557245254516602, 'test_f1': 0.13440214097499847, 'communication_cost': 39526984}
[ 2026-04-18 07:45:44 | node_9 | INFO ] 📢 Broadcasting metrics.
[ 2026-04-18 07:45:44 | node_12 | INFO ] ⏹️  Gossiping exited for 10 equal rounds.
[ 2026-04-18 07:45:44 | node_8 | INFO ] 🎉 Round 7 of 20 finished.
[ 2026-04-18 07:45:44 | node_8 | INFO ] 🗳️ [DETERMINISTIC] Train set assigned (No Voting). Size: 20
[ 2026-04-18 07:45:44 | node_12 | INFO ] 🔬 Evaluating...
[ 2026-04-18 07:45:44 | node_8 | INFO ] ♻️ Proactively processing 2 early models for round 7.
[ 2026-04-18 07:45:44 | node_8 | INFO ] 🧩 Model added for round 7 (1/11) from ['node_10']
[ 2026-04-18 07:45:44 | node_8 | INFO ] 🧩 Model added for round 7 (2/11) from ['node_19']
[ 2026-04-18 07:45:44 | node_8 | INFO ] 🏋️‍♀️ Preparing training...
[ 2026-04-18 07:45:44 | node_9 | INFO ] 🎉 Round 7 of 20 finished.
[ 2026-04-18 07:45:44 | node_9 | INFO ] 🗳️ [DETERMINISTIC] Train set assigned (No Voting). Size: 20
[ 2026-04-18 07:45:45 | node_12 | INFO ] 📈 Evaluated. Results: {'test_loss': 1.1997653245925903, 'test_acc': 0.6619718074798584, 'test_precision': 0.2599292993545532, 'test_recall': 0.17197725176811218, 'test_f1': 0.19381318986415863, 'communication_cost': 62113832}
[ 2026-04-18 07:45:45 | node_9 | INFO ] ♻️ Proactively processing 1 early models for round 7.
[ 2026-04-18 07:45:45 | node_9 | INFO ] 🧩 Model added for round 7 (1/8) from ['node_10']
[ 2026-04-18 07:45:45 | node_9 | INFO ] 🏋️‍♀️ Preparing training...
[ 2026-04-18 07:45:45 | node_12 | INFO ] 📢 Broadcasting metrics.
[ 2026-04-18 07:45:45 | node_1 | INFO ] 🎉 Round 7 of 20 finished.
[ 2026-04-18 07:45:45 | node_1 | INFO ] 🗳️ [DETERMINISTIC] Train set assigned (No Voting). Size: 20
[ 2026-04-18 07:45:45 | node_6 | INFO ] 🎉 Round 7 of 20 finished.
[ 2026-04-18 07:45:45 | node_15 | INFO ] 🎓 Training step done.
[ 2026-04-18 07:45:45 | node_6 | INFO ] 🗳️ [DETERMINISTIC] Train set assigned (No Voting). Size: 20
[ 2026-04-18 07:45:45 | node_15 | INFO ] 🛠️ Calling force_add_local_model...
[ 2026-04-18 07:45:45 | node_1 | INFO ] 🏋️‍♀️ Preparing training...
[ 2026-04-18 07:45:45 | node_15 | INFO ] ✅ [FORCE] Local model added for round 7. (2/9)
[ 2026-04-18 07:45:45 | node_6 | INFO ] ♻️ Proactively processing 2 early models for round 7.
[ 2026-04-18 07:45:45 | node_6 | INFO ] 🧩 Model added for round 7 (1/12) from ['node_5']
[ 2026-04-18 07:45:45 | node_6 | INFO ] 🧩 Model added for round 7 (2/12) from ['node_10']
[ 2026-04-18 07:45:45 | node_6 | INFO ] 🏋️‍♀️ Preparing training...
[ 2026-04-18 07:45:45 | node_9 | INFO ] 🎓 Training step done.
[ 2026-04-18 07:45:45 | node_11 | INFO ] 📤 Sending model to 7 direct neighbors: ['node_1', 'node_2', 'node_3', 'node_4', 'node_5', 'node_8', 'node_12']
[ 2026-04-18 07:45:45 | node_9 | INFO ] 🛠️ Calling force_add_local_model...
[ 2026-04-18 07:45:45 | node_8 | INFO ] 🎓 Training step done.
[ 2026-04-18 07:45:45 | node_8 | INFO ] 🛠️ Calling force_add_local_model...
[ 2026-04-18 07:45:45 | node_9 | INFO ] ✅ [FORCE] Local model added for round 7. (2/8)
[ 2026-04-18 07:45:45 | node_8 | INFO ] ✅ [FORCE] Local model added for round 7. (3/11)
[ 2026-04-18 07:45:45 | node_1 | INFO ] 🧩 Model added for round 7 (1/10) from ['node_11']
[ 2026-04-18 07:45:45 | node_7 | INFO ] 📤 Sending model to 7 direct neighbors: ['node', 'node_1', 'node_8', 'node_9', 'node_12', 'node_13', 'node_15']
[ 2026-04-18 07:45:46 | node_6 | INFO ] 🎓 Training step done.
[ 2026-04-18 07:45:46 | node_6 | INFO ] 🛠️ Calling force_add_local_model...
[ 2026-04-18 07:45:46 | node_2 | INFO ] 📤 Sending model to 8 direct neighbors: ['node_1', 'node_3', 'node_4', 'node_11', 'node_12', 'node_13', 'node_14', 'node_15']
[ 2026-04-18 07:45:46 | node_6 | INFO ] ✅ [FORCE] Local model added for round 7. (3/12)
[ 2026-04-18 07:45:46 | node_1 | INFO ] 🎓 Training step done.
[ 2026-04-18 07:45:46 | node_1 | INFO ] 🛠️ Calling force_add_local_model...
[ 2026-04-18 07:45:46 | node_1 | INFO ] ✅ [FORCE] Local model added for round 7. (2/10)
[ 2026-04-18 07:45:46 | node_1 | INFO ] 🧩 Model added for round 7 (3/10) from ['node_7']
[ 2026-04-18 07:45:46 | node_1 | INFO ] 🧩 Model added for round 7 (4/10) from ['node_2']
[ 2026-04-18 07:45:46 | node_18 | INFO ] ⏹️  Gossiping exited for 10 equal rounds.
[ 2026-04-18 07:45:46 | node_18 | INFO ] 🔬 Evaluating...
[ 2026-04-18 07:45:46 | node_2 | INFO ] 🧩 Model added for round 7 (2/9) from ['node_11']
[ 2026-04-18 07:45:46 | node_13 | INFO ] ⏹️  Gossiping exited for 10 equal rounds.
[ 2026-04-18 07:45:46 | node_12 | INFO ] 🎉 Round 7 of 20 finished.
[ 2026-04-18 07:45:46 | node_13 | INFO ] 🔬 Evaluating...
[ 2026-04-18 07:45:46 | node_12 | INFO ] 🗳️ [DETERMINISTIC] Train set assigned (No Voting). Size: 20
[ 2026-04-18 07:45:46 | node_3 | INFO ] 📤 Sending model to 7 direct neighbors: ['node_2', 'node_6', 'node_8', 'node_11', 'node_14', 'node_15', 'node_16']
[ 2026-04-18 07:45:46 | node_12 | INFO ] ♻️ Proactively processing 2 early models for round 7.
[ 2026-04-18 07:45:46 | node_12 | INFO ] 🧩 Model added for round 7 (1/12) from ['node_5']
[ 2026-04-18 07:45:46 | node_12 | INFO ] 🧩 Model added for round 7 (2/12) from ['node_10']
[ 2026-04-18 07:45:46 | node_12 | INFO ] 🏋️‍♀️ Preparing training...
[ 2026-04-18 07:45:46 | node_18 | INFO ] 📈 Evaluated. Results: {'test_loss': 1.2461529970169067, 'test_acc': 0.6211920380592346, 'test_precision': 0.24937386810779572, 'test_recall': 0.16612134873867035, 'test_f1': 0.19029903411865234, 'communication_cost': 50820408}
[ 2026-04-18 07:45:46 | node_18 | INFO ] 📢 Broadcasting metrics.
[ 2026-04-18 07:45:46 | node_13 | INFO ] 📈 Evaluated. Results: {'test_loss': 5.430824279785156, 'test_acc': 0.1435406655073166, 'test_precision': 0.2544364333152771, 'test_recall': 0.23534269630908966, 'test_f1': 0.13234996795654297, 'communication_cost': 45173696}
[ 2026-04-18 07:45:46 | node_13 | INFO ] 📢 Broadcasting metrics.
[ 2026-04-18 07:45:46 | node_8 | INFO ] 🧩 Model added for round 7 (4/11) from ['node_7']
[ 2026-04-18 07:45:46 | node_2 | INFO ] 🧩 Model added for round 7 (3/9) from ['node_3']
[ 2026-04-18 07:45:47 | node_3 | INFO ] 🧩 Model added for round 7 (2/8) from ['node_2']
[ 2026-04-18 07:45:47 | node_3 | INFO ] 🧩 Model added for round 7 (3/8) from ['node_11']
[ 2026-04-18 07:45:47 | node_12 | INFO ] 🎓 Training step done.
[ 2026-04-18 07:45:47 | node_6 | INFO ] 🧩 Model added for round 7 (4/12) from ['node_3']
[ 2026-04-18 07:45:47 | node_17 | INFO ] ⏹️  Gossiping exited for 10 equal rounds.
[ 2026-04-18 07:45:47 | node_4 | INFO ] 🧩 Model added for round 7 (4/8) from ['node_2']
[ 2026-04-18 07:45:47 | node_12 | INFO ] 🛠️ Calling force_add_local_model...
[ 2026-04-18 07:45:47 | node_17 | INFO ] 🔬 Evaluating...
[ 2026-04-18 07:45:47 | node_9 | INFO ] 🧩 Model added for round 7 (3/8) from ['node_7']
[ 2026-04-18 07:45:47 | node_12 | INFO ] ✅ [FORCE] Local model added for round 7. (3/12)
[ 2026-04-18 07:45:47 | node_4 | INFO ] 🧩 Model added for round 7 (5/8) from ['node_11']
[ 2026-04-18 07:45:47 | node_17 | INFO ] 📈 Evaluated. Results: {'test_loss': 3.0682315826416016, 'test_acc': 0.38333332538604736, 'test_precision': 0.20165838301181793, 'test_recall': 0.09738717973232269, 'test_f1': 0.10629134625196457, 'communication_cost': 45173696}
[ 2026-04-18 07:45:47 | node_17 | INFO ] 📢 Broadcasting metrics.
[ 2026-04-18 07:45:47 | node_18 | INFO ] 🎉 Round 7 of 20 finished.
[ 2026-04-18 07:45:47 | node_18 | INFO ] 🗳️ [DETERMINISTIC] Train set assigned (No Voting). Size: 20
[ 2026-04-18 07:45:47 | node_18 | INFO ] 🏋️‍♀️ Preparing training...
[ 2026-04-18 07:45:47 | node_13 | INFO ] 🎉 Round 7 of 20 finished.
[ 2026-04-18 07:45:47 | node_13 | INFO ] 🗳️ [DETERMINISTIC] Train set assigned (No Voting). Size: 20
[ 2026-04-18 07:45:48 | node_13 | INFO ] ♻️ Proactively processing 1 early models for round 7.
[ 2026-04-18 07:45:48 | node_13 | INFO ] 🧩 Model added for round 7 (1/9) from ['node_5']
[ 2026-04-18 07:45:48 | node_13 | INFO ] 🏋️‍♀️ Preparing training...
[ 2026-04-18 07:45:48 | node_5 | INFO ] 🧩 Model added for round 7 (3/8) from ['node_11']
[ 2026-04-18 07:45:48 | node_8 | INFO ] 🧩 Model added for round 7 (5/11) from ['node_3']
[ 2026-04-18 07:45:48 | node_11 | INFO ] 🧩 Model added for round 7 (3/8) from ['node_2']
[ 2026-04-18 07:45:48 | node_12 | INFO ] 🧩 Model added for round 7 (4/12) from ['node_7']
[ 2026-04-18 07:45:48 | node_13 | INFO ] 🎓 Training step done.
[ 2026-04-18 07:45:48 | node_8 | INFO ] 🧩 Model added for round 7 (6/11) from ['node_11']
[ 2026-04-18 07:45:48 | node_13 | INFO ] 🛠️ Calling force_add_local_model...
[ 2026-04-18 07:45:48 | node_13 | INFO ] ✅ [FORCE] Local model added for round 7. (2/9)
[ 2026-04-18 07:45:48 | node_12 | INFO ] 🧩 Model added for round 7 (5/12) from ['node_2']
[ 2026-04-18 07:45:48 | node_16 | INFO ] 📤 Sending model to 7 direct neighbors: ['node', 'node_1', 'node_3', 'node_9', 'node_10', 'node_14', 'node_19']
[ 2026-04-18 07:45:48 | node_4 | INFO ] 📤 Sending model to 7 direct neighbors: ['node', 'node_2', 'node_5', 'node_11', 'node_17', 'node_18', 'node_19']
[ 2026-04-18 07:45:48 | node_17 | INFO ] 🎉 Round 7 of 20 finished.
[ 2026-04-18 07:45:48 | node_13 | INFO ] 🧩 Model added for round 7 (3/9) from ['node_7']
[ 2026-04-18 07:45:48 | node_17 | INFO ] 🗳️ [DETERMINISTIC] Train set assigned (No Voting). Size: 20
[ 2026-04-18 07:45:48 | node_17 | INFO ] 🏋️‍♀️ Preparing training...
[ 2026-04-18 07:45:48 | node_11 | INFO ] 🧩 Model added for round 7 (4/8) from ['node_3']
[ 2026-04-18 07:45:49 | node_14 | INFO ] 📤 Sending model to 10 direct neighbors: ['node', 'node_1', 'node_2', 'node_3', 'node_5', 'node_6', 'node_8', 'node_12', 'node_16', 'node_17']
[ 2026-04-18 07:45:49 | node_12 | INFO ] 🧩 Model added for round 7 (6/12) from ['node_11']
[ 2026-04-18 07:45:49 | node_13 | INFO ] 🧩 Model added for round 7 (4/9) from ['node_2']
[ 2026-04-18 07:45:49 | node_18 | INFO ] 🎓 Training step done.
[ 2026-04-18 07:45:49 | node_1 | INFO ] 🧩 Model added for round 7 (5/10) from ['node_16']
[ 2026-04-18 07:45:49 | node_18 | INFO ] 🛠️ Calling force_add_local_model...
[ 2026-04-18 07:45:49 | node_18 | INFO ] ✅ [FORCE] Local model added for round 7. (1/10)
[ 2026-04-18 07:45:49 | node_2 | INFO ] 🧩 Model added for round 7 (4/9) from ['node_4']
[ 2026-04-18 07:45:49 | node_1 | INFO ] 🧩 Model added for round 7 (6/10) from ['node_14']
[ 2026-04-18 07:45:49 | node_15 | INFO ] 🧩 Model added for round 7 (3/9) from ['node_7']
[ 2026-04-18 07:45:49 | node_14 | INFO ] 🧩 Model added for round 7 (3/11) from ['node_3']
[ 2026-04-18 07:45:49 | node_17 | INFO ] 🎓 Training step done.
[ 2026-04-18 07:45:49 | node_17 | INFO ] 🛠️ Calling force_add_local_model...
[ 2026-04-18 07:45:49 | node_14 | INFO ] 🧩 Model added for round 7 (4/11) from ['node_2']
[ 2026-04-18 07:45:49 | node_17 | INFO ] ✅ [FORCE] Local model added for round 7. (1/9)
[ 2026-04-18 07:45:49 | node_3 | INFO ] 🧩 Model added for round 7 (4/8) from ['node_16']
[ 2026-04-18 07:45:50 | node_5 | INFO ] 🧩 Model added for round 7 (4/8) from ['node_4']
[ 2026-04-18 07:45:50 | node_2 | INFO ] 🧩 Model added for round 7 (5/9) from ['node_14']
[ 2026-04-18 07:45:50 | node_15 | INFO ] 📤 Sending model to 8 direct neighbors: ['node_1', 'node_2', 'node_3', 'node_6', 'node_7', 'node_8', 'node_12', 'node_19']
[ 2026-04-18 07:45:50 | node_15 | INFO ] 🧩 Model added for round 7 (4/9) from ['node_3']
[ 2026-04-18 07:45:50 | node_9 | INFO ] 🧩 Model added for round 7 (4/8) from ['node_16']
[ 2026-04-18 07:45:50 | node_1 | INFO ] 🧩 Model added for round 7 (7/10) from ['node_15']
[ 2026-04-18 07:45:50 | node_15 | INFO ] 🧩 Model added for round 7 (5/9) from ['node_2']
[ 2026-04-18 07:45:50 | node_11 | INFO ] 🧩 Model added for round 7 (5/8) from ['node_4']
[ 2026-04-18 07:45:50 | node_3 | INFO ] 🧩 Model added for round 7 (5/8) from ['node_14']
[ 2026-04-18 07:45:50 | node_9 | INFO ] 📤 Sending model to 7 direct neighbors: ['node_6', 'node_7', 'node_10', 'node_13', 'node_16', 'node_17', 'node_18']
[ 2026-04-18 07:45:50 | node_8 | INFO ] 📤 Sending model to 10 direct neighbors: ['node', 'node_3', 'node_7', 'node_10', 'node_11', 'node_14', 'node_15', 'node_17', 'node_18', 'node_19']
[ 2026-04-18 07:45:50 | node_16 | INFO ] 🧩 Model added for round 7 (4/8) from ['node_3']
[ 2026-04-18 07:45:51 | node_10 | INFO ] 🧩 Model added for round 7 (3/7) from ['node_16']
[ 2026-04-18 07:45:51 | node_6 | INFO ] 🧩 Model added for round 7 (5/12) from ['node_9']
[ 2026-04-18 07:45:51 | node_2 | INFO ] 🧩 Model added for round 7 (6/9) from ['node_15']
[ 2026-04-18 07:45:51 | node_6 | INFO ] 📤 Sending model to 11 direct neighbors: ['node_1', 'node_3', 'node_5', 'node_9', 'node_10', 'node_12', 'node_13', 'node_14', 'node_15', 'node_17', 'node_18']
[ 2026-04-18 07:45:51 | node_17 | INFO ] 🧩 Model added for round 7 (2/9) from ['node_4']
[ 2026-04-18 07:45:51 | node_1 | INFO ] 📤 Sending model to 9 direct neighbors: ['node_2', 'node_6', 'node_7', 'node_11', 'node_13', 'node_14', 'node_15', 'node_16', 'node_18']
[ 2026-04-18 07:45:51 | node_5 | INFO ] 🧩 Model added for round 7 (5/8) from ['node_14']
[ 2026-04-18 07:45:51 | node_1 | INFO ] 🧩 Model added for round 7 (8/10) from ['node_6']
[ 2026-04-18 07:45:51 | node_14 | INFO ] 🧩 Model added for round 7 (5/11) from ['node_16']
[ 2026-04-18 07:45:51 | node_3 | INFO ] 🧩 Model added for round 7 (6/8) from ['node_8']
[ 2026-04-18 07:45:51 | node_2 | INFO ] 🧩 Model added for round 7 (7/9) from ['node_1']
[ 2026-04-18 07:45:51 | node_7 | INFO ] 🧩 Model added for round 7 (2/8) from ['node_9']
[ 2026-04-18 07:45:51 | node_3 | INFO ] 🧩 Model added for round 7 (7/8) from ['node_15']
[ 2026-04-18 07:45:52 | node_18 | INFO ] 🧩 Model added for round 7 (2/10) from ['node_4']
[ 2026-04-18 07:45:52 | node_6 | INFO ] 🧩 Model added for round 7 (6/12) from ['node_14']
[ 2026-04-18 07:45:52 | node_19 | INFO ] 🧩 Model added for round 7 (4/7) from ['node_16']
[ 2026-04-18 07:45:52 | node_7 | INFO ] 🧩 Model added for round 7 (3/8) from ['node_8']
[ 2026-04-18 07:45:52 | node_3 | INFO ] 🧩 Model added for round 7 (8/8) from ['node_6']
[ 2026-04-18 07:45:52 | node_6 | INFO ] 🧩 Model added for round 7 (7/12) from ['node_1']
[ 2026-04-18 07:45:52 | node_10 | INFO ] 🧩 Model added for round 7 (4/7) from ['node_9']
[ 2026-04-18 07:45:52 | node_12 | INFO ] 📤 Sending model to 11 direct neighbors: ['node', 'node_2', 'node_5', 'node_6', 'node_7', 'node_10', 'node_11', 'node_14', 'node_15', 'node_17', 'node_18']
[ 2026-04-18 07:45:52 | node_6 | INFO ] 🧩 Model added for round 7 (8/12) from ['node_15']
[ 2026-04-18 07:45:52 | node_8 | INFO ] 🧩 Model added for round 7 (7/11) from ['node_14']
[ 2026-04-18 07:45:52 | node_19 | INFO ] 🧩 Model added for round 7 (5/7) from ['node_4']
[ 2026-04-18 07:45:52 | node_10 | INFO ] 🧩 Model added for round 7 (5/7) from ['node_8']
[ 2026-04-18 07:45:52 | node_13 | INFO ] 🧩 Model added for round 7 (5/9) from ['node_9']
[ 2026-04-18 07:45:52 | node_5 | INFO ] 🧩 Model added for round 7 (6/8) from ['node_6']
[ 2026-04-18 07:45:53 | node_7 | INFO ] 🧩 Model added for round 7 (4/8) from ['node_1']
[ 2026-04-18 07:45:53 | node_2 | INFO ] 🧩 Model added for round 7 (8/9) from ['node_12']
[ 2026-04-18 07:45:53 | ModelPackager | INFO ] Round 7: Consensus detected (dist: 0.000650). Patience: 1/1
[ 2026-04-18 07:45:53 | node_12 | INFO ] 🧩 Model added for round 7 (7/12) from ['node_14']
[ 2026-04-18 07:45:53 | node_13 | INFO ] 📤 Sending model to 8 direct neighbors: ['node_1', 'node_2', 'node_5', 'node_6', 'node_7', 'node_9', 'node_17', 'node_18']
[ 2026-04-18 07:45:53 | node_7 | INFO ] 🧩 Model added for round 7 (5/8) from ['node_15']
[ 2026-04-18 07:45:53 | node_3 | INFO ] 🧠 Aggregation complete. Setting new model.
[ 2026-04-18 07:45:53 | node_11 | INFO ] 🧩 Model added for round 7 (6/8) from ['node_8']
[ 2026-04-18 07:45:53 | node_9 | INFO ] 🧩 Model added for round 7 (5/8) from ['node_6']
[ 2026-04-18 07:45:53 | node_1 | INFO ] 🧩 Model added for round 7 (9/10) from ['node_13']
[ 2026-04-18 07:45:53 | node_16 | INFO ] 🧩 Model added for round 7 (5/8) from ['node_9']
[ 2026-04-18 07:45:53 | node_11 | INFO ] 🧩 Model added for round 7 (7/8) from ['node_1']
[ 2026-04-18 07:45:53 | node_5 | INFO ] 🧩 Model added for round 7 (7/8) from ['node_12']
[ 2026-04-18 07:45:54 | node_3 | INFO ] 🗣️ Gossiping aggregated model.
[ 2026-04-18 07:45:54 | node_8 | INFO ] 🧩 Model added for round 7 (8/11) from ['node_15']
[ 2026-04-18 07:45:54 | node_16 | INFO ] 🧩 Model added for round 7 (6/8) from ['node_14']
[ 2026-04-18 07:45:54 | node_2 | INFO ] 🧩 Model added for round 7 (9/9) from ['node_13']
[ 2026-04-18 07:45:54 | node_14 | INFO ] 🧩 Model added for round 7 (6/11) from ['node_8']
[ 2026-04-18 07:45:54 | node_18 | INFO ] 📤 Sending model to 9 direct neighbors: ['node', 'node_1', 'node_4', 'node_6', 'node_8', 'node_9', 'node_12', 'node_13', 'node_17']
[ 2026-04-18 07:45:54 | node_10 | INFO ] 🧩 Model added for round 7 (6/7) from ['node_6']
[ 2026-04-18 07:45:54 | node_17 | INFO ] 🧩 Model added for round 7 (3/9) from ['node_9']
[ 2026-04-18 07:45:54 | node_6 | INFO ] 🧩 Model added for round 7 (9/12) from ['node_12']
[ 2026-04-18 07:45:54 | node_13 | INFO ] 🧩 Model added for round 7 (6/9) from ['node_1']
[ 2026-04-18 07:45:54 | node_12 | INFO ] 🧩 Model added for round 7 (8/12) from ['node_15']
[ 2026-04-18 07:45:54 | node | INFO ] ⏹️  Gossiping exited for 10 equal rounds.
[ 2026-04-18 07:45:54 | node_17 | INFO ] 📤 Sending model to 8 direct neighbors: ['node_4', 'node_6', 'node_8', 'node_9', 'node_12', 'node_13', 'node_14', 'node_18']
[ 2026-04-18 07:45:54 | node | INFO ] 🔬 Evaluating...
[ 2026-04-18 07:45:55 | node_17 | INFO ] 🧩 Model added for round 7 (4/9) from ['node_14']
[ 2026-04-18 07:45:55 | node_12 | INFO ] 🧩 Model added for round 7 (9/12) from ['node_6']
[ 2026-04-18 07:45:55 | node_1 | INFO ] 🧩 Model added for round 7 (10/10) from ['node_18']
[ 2026-04-18 07:45:55 | node | INFO ] 📈 Evaluated. Results: {'test_loss': 2.820345640182495, 'test_acc': 0.28267475962638855, 'test_precision': 0.2629929184913635, 'test_recall': 0.13299411535263062, 'test_f1': 0.16133560240268707, 'communication_cost': 39526984}
[ 2026-04-18 07:45:55 | node_5 | INFO ] 🧩 Model added for round 7 (8/8) from ['node_13']
[ 2026-04-18 07:45:55 | node | INFO ] 📢 Broadcasting metrics.
[ 2026-04-18 07:45:55 | node_15 | INFO ] 🧩 Model added for round 7 (6/9) from ['node_8']
[ 2026-04-18 07:45:55 | node_4 | INFO ] 🧩 Model added for round 7 (6/8) from ['node_17']
[ 2026-04-18 07:45:55 | node_18 | INFO ] 🧩 Model added for round 7 (3/10) from ['node_9']
[ 2026-04-18 07:45:55 | node_7 | INFO ] 🧩 Model added for round 7 (6/8) from ['node_12']
[ 2026-04-18 07:45:55 | node_14 | INFO ] 🧩 Model added for round 7 (7/11) from ['node_1']
[ 2026-04-18 07:45:55 | node_19 | INFO ] 🧩 Model added for round 7 (6/7) from ['node_15']
[ 2026-04-18 07:45:55 | ModelPackager | INFO ] Round 7: Consensus detected (dist: 0.000664). Patience: 1/1
[ 2026-04-18 07:45:55 | ModelPackager | INFO ] Round 7: Consensus detected (dist: 0.000552). Patience: 1/1
[ 2026-04-18 07:45:56 | node_6 | INFO ] 🧩 Model added for round 7 (10/12) from ['node_13']
[ 2026-04-18 07:45:56 | node_13 | INFO ] 🧩 Model added for round 7 (7/9) from ['node_6']
[ 2026-04-18 07:45:56 | node_17 | INFO ] 🧩 Model added for round 7 (5/9) from ['node_8']
[ 2026-04-18 07:45:56 | node_4 | INFO ] 🧩 Model added for round 7 (7/8) from ['node_18']
[ 2026-04-18 07:45:56 | node_10 | INFO ] 🧩 Model added for round 7 (7/7) from ['node_12']
[ 2026-04-18 07:45:56 | node_6 | INFO ] 🧩 Model added for round 7 (11/12) from ['node_17']
[ 2026-04-18 07:45:56 | node_5 | INFO ] 🧠 Aggregation complete. Setting new model.
[ 2026-04-18 07:45:56 | node_2 | INFO ] 🧠 Aggregation complete. Setting new model.
[ 2026-04-18 07:45:56 | node_15 | INFO ] 🧩 Model added for round 7 (7/9) from ['node_1']
[ 2026-04-18 07:45:56 | node_5 | INFO ] 🗣️ Gossiping aggregated model.
[ 2026-04-18 07:45:56 | node | INFO ] 🎉 Round 7 of 20 finished.
[ 2026-04-18 07:45:56 | node | INFO ] 🗳️ [DETERMINISTIC] Train set assigned (No Voting). Size: 20
[ 2026-04-18 07:45:56 | node | INFO ] ♻️ Proactively processing 7 early models for round 7.
[ 2026-04-18 07:45:56 | node | INFO ] 🧩 Model added for round 7 (1/8) from ['node_7']
[ 2026-04-18 07:45:56 | node | INFO ] 🧩 Model added for round 7 (2/8) from ['node_16']
[ 2026-04-18 07:45:56 | node | INFO ] 🧩 Model added for round 7 (3/8) from ['node_4']
[ 2026-04-18 07:45:56 | node | INFO ] 🧩 Model added for round 7 (4/8) from ['node_14']
[ 2026-04-18 07:45:56 | node | INFO ] 🧩 Model added for round 7 (5/8) from ['node_8']
[ 2026-04-18 07:45:56 | node_6 | INFO ] 🧩 Model added for round 7 (12/12) from ['node_18']
[ 2026-04-18 07:45:56 | node | INFO ] 🧩 Model added for round 7 (6/8) from ['node_12']
[ 2026-04-18 07:45:56 | node | INFO ] 🧩 Model added for round 7 (7/8) from ['node_18']
[ 2026-04-18 07:45:56 | node_18 | INFO ] 🧩 Model added for round 7 (4/10) from ['node_8']
[ 2026-04-18 07:45:56 | node | INFO ] 🏋️‍♀️ Preparing training...
[ 2026-04-18 07:45:56 | node_2 | INFO ] 🗣️ Gossiping aggregated model.
[ 2026-04-18 07:45:56 | node_7 | INFO ] 🧩 Model added for round 7 (7/8) from ['node_13']
[ 2026-04-18 07:45:56 | node_14 | INFO ] 🧩 Model added for round 7 (8/11) from ['node_6']
[ 2026-04-18 07:45:57 | node_11 | INFO ] 🧩 Model added for round 7 (8/8) from ['node_12']
[ 2026-04-18 07:45:57 | node_8 | INFO ] 🧩 Model added for round 7 (9/11) from ['node_17']
[ 2026-04-18 07:45:57 | ModelPackager | INFO ] Round 7: Consensus detected (dist: 0.000614). Patience: 1/1
[ 2026-04-18 07:45:57 | ModelPackager | INFO ] Round 7: Consensus detected (dist: 0.000496). Patience: 1/1
[ 2026-04-18 07:45:57 | node_16 | INFO ] 🧩 Model added for round 7 (7/8) from ['node_1']
[ 2026-04-18 07:45:57 | node_11 | INFO ] 🧠 Aggregation complete. Setting new model.
[ 2026-04-18 07:45:57 | node_10 | INFO ] 🧠 Aggregation complete. Setting new model.
[ 2026-04-18 07:45:57 | node | INFO ] 🎓 Training step done.
[ 2026-04-18 07:45:57 | node_9 | INFO ] 🧩 Model added for round 7 (6/8) from ['node_13']
[ 2026-04-18 07:45:57 | node | INFO ] 🛠️ Calling force_add_local_model...
[ 2026-04-18 07:45:57 | node | INFO ] ✅ [FORCE] Local model added for round 7. (8/8)
[ 2026-04-18 07:45:57 | node_19 | INFO ] 🧩 Model added for round 7 (7/7) from ['node_8']
[ 2026-04-18 07:45:57 | node_8 | INFO ] 🧩 Model added for round 7 (10/11) from ['node_18']
[ 2026-04-18 07:45:57 | node_14 | INFO ] 🧩 Model added for round 7 (9/11) from ['node_12']
[ 2026-04-18 07:45:57 | node_15 | INFO ] 🧩 Model added for round 7 (8/9) from ['node_6']
[ 2026-04-18 07:45:57 | node_9 | INFO ] 🧩 Model added for round 7 (7/8) from ['node_17']
[ 2026-04-18 07:45:58 | ModelPackager | INFO ] Round 7: Consensus detected (dist: 0.000695). Patience: 1/1
[ 2026-04-18 07:45:58 | node_10 | INFO ] 🗣️ Gossiping aggregated model.
[ 2026-04-18 07:45:58 | node_11 | INFO ] 🗣️ Gossiping aggregated model.
[ 2026-04-18 07:45:58 | node_19 | INFO ] 🧠 Aggregation complete. Setting new model.
[ 2026-04-18 07:45:58 | node_18 | INFO ] 🧩 Model added for round 7 (5/10) from ['node_1']
[ 2026-04-18 07:45:58 | node_17 | INFO ] 🧩 Model added for round 7 (6/9) from ['node_13']
[ 2026-04-18 07:45:58 | node_15 | INFO ] 🧩 Model added for round 7 (9/9) from ['node_12']
[ 2026-04-18 07:45:58 | node_19 | INFO ] 🗣️ Gossiping aggregated model.
[ 2026-04-18 07:45:58 | node_9 | INFO ] 🧩 Model added for round 7 (8/8) from ['node_18']
[ 2026-04-18 07:45:58 | node_12 | INFO ] 🧩 Model added for round 7 (10/12) from ['node_17']
[ 2026-04-18 07:45:58 | node_17 | INFO ] 🧩 Model added for round 7 (7/9) from ['node_6']
[ 2026-04-18 07:45:59 | node_17 | INFO ] 🧩 Model added for round 7 (8/9) from ['node_12']
[ 2026-04-18 07:45:59 | node_18 | INFO ] 🧩 Model added for round 7 (6/10) from ['node_13']
[ 2026-04-18 07:45:59 | node_12 | INFO ] 🧩 Model added for round 7 (11/12) from ['node_18']
[ 2026-04-18 07:45:59 | node_13 | INFO ] 🧩 Model added for round 7 (8/9) from ['node_17']
[ 2026-04-18 07:45:59 | node_18 | INFO ] 🧩 Model added for round 7 (7/10) from ['node_6']
[ 2026-04-18 07:45:59 | ModelPackager | INFO ] Round 7: Consensus detected (dist: 0.000730). Patience: 1/1
[ 2026-04-18 07:45:59 | ModelPackager | INFO ] Round 7: Consensus detected (dist: 0.000623). Patience: 1/1
[ 2026-04-18 07:45:59 | node_18 | INFO ] 🧩 Model added for round 7 (8/10) from ['node_12']
[ 2026-04-18 07:46:00 | node_1 | INFO ] 🧠 Aggregation complete. Setting new model.
[ 2026-04-18 07:46:00 | node_15 | INFO ] 🧠 Aggregation complete. Setting new model.
[ 2026-04-18 07:46:00 | node_14 | INFO ] 🧩 Model added for round 7 (10/11) from ['node_17']
[ 2026-04-18 07:46:00 | node_13 | INFO ] 🧩 Model added for round 7 (9/9) from ['node_18']
[ 2026-04-18 07:46:00 | ModelPackager | INFO ] Round 7: Consensus detected (dist: 0.000571). Patience: 1/1
[ 2026-04-18 07:46:00 | node_15 | INFO ] 🗣️ Gossiping aggregated model.
[ 2026-04-18 07:46:00 | node_1 | INFO ] 🗣️ Gossiping aggregated model.
[ 2026-04-18 07:46:00 | node_18 | INFO ] 🧩 Model added for round 7 (9/10) from ['node_17']
[ 2026-04-18 07:46:00 | node_9 | INFO ] 🧠 Aggregation complete. Setting new model.
[ 2026-04-18 07:46:00 | node_17 | INFO ] 🧩 Model added for round 7 (9/9) from ['node_18']
[ 2026-04-18 07:46:00 | ModelPackager | INFO ] Round 7: Consensus detected (dist: 0.000601). Patience: 1/1
[ 2026-04-18 07:46:00 | ModelPackager | INFO ] Round 7: Consensus detected (dist: 0.000794). Patience: 1/1
[ 2026-04-18 07:46:01 | node_9 | INFO ] 🗣️ Gossiping aggregated model.
[ 2026-04-18 07:46:01 | node_13 | INFO ] 🧠 Aggregation complete. Setting new model.
[ 2026-04-18 07:46:01 | node_6 | INFO ] 🧠 Aggregation complete. Setting new model.
[ 2026-04-18 07:46:01 | node_13 | INFO ] 🗣️ Gossiping aggregated model.
[ 2026-04-18 07:46:01 | node_6 | INFO ] 🗣️ Gossiping aggregated model.
[ 2026-04-18 07:46:02 | ModelPackager | INFO ] Round 7: Consensus detected (dist: 0.000609). Patience: 1/1
[ 2026-04-18 07:46:02 | node_17 | INFO ] 🧠 Aggregation complete. Setting new model.
[ 2026-04-18 07:46:02 | node_17 | INFO ] 🗣️ Gossiping aggregated model.
[ 2026-04-18 07:46:02 | node | INFO ] 📤 Sending model to 7 direct neighbors: ['node_4', 'node_7', 'node_8', 'node_12', 'node_14', 'node_16', 'node_18']
[ 2026-04-18 07:46:02 | node_4 | INFO ] 🧩 Model added for round 7 (8/8) from ['node']
[ 2026-04-18 07:46:03 | node_7 | INFO ] 🧩 Model added for round 7 (8/8) from ['node']
[ 2026-04-18 07:46:03 | ModelPackager | INFO ] Round 7: Consensus detected (dist: 0.000586). Patience: 1/1
[ 2026-04-18 07:46:03 | ModelPackager | INFO ] Round 7: Consensus detected (dist: 0.000682). Patience: 1/1
[ 2026-04-18 07:46:04 | node_7 | INFO ] 🧠 Aggregation complete. Setting new model.
[ 2026-04-18 07:46:04 | node_4 | INFO ] 🧠 Aggregation complete. Setting new model.
[ 2026-04-18 07:46:04 | node_8 | INFO ] 🧩 Model added for round 7 (11/11) from ['node']
[ 2026-04-18 07:46:04 | node_7 | INFO ] 🗣️ Gossiping aggregated model.
[ 2026-04-18 07:46:04 | node_4 | INFO ] 🗣️ Gossiping aggregated model.
[ 2026-04-18 07:46:04 | node_12 | INFO ] 🧩 Model added for round 7 (12/12) from ['node']
[ 2026-04-18 07:46:05 | ModelPackager | INFO ] Round 7: Consensus detected (dist: 0.000756). Patience: 1/1
[ 2026-04-18 07:46:05 | node_14 | INFO ] 🧩 Model added for round 7 (11/11) from ['node']
[ 2026-04-18 07:46:05 | node_8 | INFO ] 🧠 Aggregation complete. Setting new model.
[ 2026-04-18 07:46:05 | node_16 | INFO ] 🧩 Model added for round 7 (8/8) from ['node']
[ 2026-04-18 07:46:05 | node_8 | INFO ] 🗣️ Gossiping aggregated model.
[ 2026-04-18 07:46:06 | ModelPackager | INFO ] Round 7: Consensus detected (dist: 0.000790). Patience: 1/1
[ 2026-04-18 07:46:06 | node_12 | INFO ] 🧠 Aggregation complete. Setting new model.
[ 2026-04-18 07:46:06 | node_18 | INFO ] 🧩 Model added for round 7 (10/10) from ['node']
[ 2026-04-18 07:46:06 | ModelPackager | INFO ] Round 7: Consensus detected (dist: 0.000621). Patience: 1/1
[ 2026-04-18 07:46:06 | ModelPackager | INFO ] Round 7: Consensus detected (dist: 0.000545). Patience: 1/1
[ 2026-04-18 07:46:06 | node_16 | INFO ] 🧠 Aggregation complete. Setting new model.
[ 2026-04-18 07:46:07 | node_14 | INFO ] 🧠 Aggregation complete. Setting new model.
[ 2026-04-18 07:46:07 | node_12 | INFO ] 🗣️ Gossiping aggregated model.
[ 2026-04-18 07:46:07 | node_16 | INFO ] 🗣️ Gossiping aggregated model.
[ 2026-04-18 07:46:07 | ModelPackager | INFO ] Round 7: Consensus detected (dist: 0.000538). Patience: 1/1
[ 2026-04-18 07:46:07 | node_14 | INFO ] 🗣️ Gossiping aggregated model.
[ 2026-04-18 07:46:07 | node_18 | INFO ] 🧠 Aggregation complete. Setting new model.
[ 2026-04-18 07:46:07 | ModelPackager | INFO ] Round 7: Consensus detected (dist: 0.000624). Patience: 1/1
[ 2026-04-18 07:46:07 | ModelPackager | INFO ] 🌟 Node node is AUTHORIZED. Starting packaging & push...
[ 2026-04-18 07:46:08 | node | INFO ] 🧠 Aggregation complete. Setting new model.
[ 2026-04-18 07:46:08 | node_18 | INFO ] 🗣️ Gossiping aggregated model.
[ 2026-04-18 07:46:08 | node_19 | INFO ] 🤫 Gossip finished.
[ 2026-04-18 07:46:08 | node_19 | INFO ] 🔬 Evaluating...
[ 2026-04-18 07:46:08 | node | INFO ] 🗣️ Gossiping aggregated model.
[ 2026-04-18 07:46:08 | node_10 | INFO ] 🤫 Gossip finished.
[ 2026-04-18 07:46:08 | node_10 | INFO ] 🔬 Evaluating...
[ 2026-04-18 07:46:08 | node_19 | INFO ] 📈 Evaluated. Results: {'test_loss': 6.311903476715088, 'test_acc': 0.21756486594676971, 'test_precision': 0.12387624382972717, 'test_recall': 0.11903923749923706, 'test_f1': 0.09965744614601135, 'communication_cost': 33880272}
[ 2026-04-18 07:46:08 | node_19 | INFO ] 📢 Broadcasting metrics.
[ 2026-04-18 07:46:08 | node_10 | INFO ] 📈 Evaluated. Results: {'test_loss': 6.8429484367370605, 'test_acc': 0.01977401040494442, 'test_precision': 0.14205004274845123, 'test_recall': 0.05571326985955238, 'test_f1': 0.06346658617258072, 'communication_cost': 33880272}
[ 2026-04-18 07:46:08 | node_10 | INFO ] 📢 Broadcasting metrics.
[ 2026-04-18 07:46:09 | node_19 | INFO ] 🎉 Round 8 of 20 finished.
[ 2026-04-18 07:46:09 | node_19 | INFO ] 🗳️ [DETERMINISTIC] Train set assigned (No Voting). Size: 20
[ 2026-04-18 07:46:09 | node_19 | INFO ] 🏋️‍♀️ Preparing training...
[ 2026-04-18 07:46:09 | node_10 | INFO ] 🎉 Round 8 of 20 finished.
[ 2026-04-18 07:46:09 | node_10 | INFO ] 🗳️ [DETERMINISTIC] Train set assigned (No Voting). Size: 20
[ 2026-04-18 07:46:09 | node_10 | INFO ] 🏋️‍♀️ Preparing training...
[ 2026-04-18 07:46:09 | node_19 | INFO ] 🎓 Training step done.
[ 2026-04-18 07:46:09 | node_19 | INFO ] 🛠️ Calling force_add_local_model...
[ 2026-04-18 07:46:10 | node_19 | INFO ] ✅ [FORCE] Local model added for round 8. (1/7)
[ 2026-04-18 07:46:10 | node_10 | INFO ] 🎓 Training step done.
[ 2026-04-18 07:46:10 | node_10 | INFO ] 🛠️ Calling force_add_local_model...
[ 2026-04-18 07:46:11 | node_10 | INFO ] ✅ [FORCE] Local model added for round 8. (1/7)
[ 2026-04-18 07:46:13 | node_5 | INFO ] ⏹️  Gossiping exited for 10 equal rounds.
[ 2026-04-18 07:46:13 | node_5 | INFO ] 🔬 Evaluating...
[ 2026-04-18 07:46:13 | node_5 | INFO ] 📈 Evaluated. Results: {'test_loss': 3.8879263401031494, 'test_acc': 0.1071428582072258, 'test_precision': 0.22142855823040009, 'test_recall': 0.22448980808258057, 'test_f1': 0.12727272510528564, 'communication_cost': 39526984}
[ 2026-04-18 07:46:13 | node_5 | INFO ] 📢 Broadcasting metrics.
[ 2026-04-18 07:46:14 | node_5 | INFO ] 🎉 Round 8 of 20 finished.
[ 2026-04-18 07:46:14 | node_5 | INFO ] 🗳️ [DETERMINISTIC] Train set assigned (No Voting). Size: 20
[ 2026-04-18 07:46:14 | node_5 | INFO ] 🏋️‍♀️ Preparing training...
[ 2026-04-18 07:46:14 | node_11 | INFO ] ⏹️  Gossiping exited for 10 equal rounds.
[ 2026-04-18 07:46:14 | node_11 | INFO ] 🔬 Evaluating...
[ 2026-04-18 07:46:14 | node_11 | INFO ] 📈 Evaluated. Results: {'test_loss': 1.712743878364563, 'test_acc': 0.44342508912086487, 'test_precision': 0.19927512109279633, 'test_recall': 0.10168739408254623, 'test_f1': 0.12925074994564056, 'communication_cost': 39526984}
[ 2026-04-18 07:46:14 | node_2 | INFO ] ⏹️  Gossiping exited for 10 equal rounds.
[ 2026-04-18 07:46:14 | node_11 | INFO ] 📢 Broadcasting metrics.
[ 2026-04-18 07:46:14 | node_2 | INFO ] 🔬 Evaluating...
[ 2026-04-18 07:46:15 | node_19 | INFO ] 📤 Sending model to 6 direct neighbors: ['node_4', 'node_5', 'node_8', 'node_10', 'node_15', 'node_16']
[ 2026-04-18 07:46:15 | node_2 | INFO ] 📈 Evaluated. Results: {'test_loss': 0.8365462422370911, 'test_acc': 0.782608687877655, 'test_precision': 0.22535809874534607, 'test_recall': 0.18194586038589478, 'test_f1': 0.18943870067596436, 'communication_cost': 45173696}
[ 2026-04-18 07:46:15 | node_5 | INFO ] 🎓 Training step done.
[ 2026-04-18 07:46:15 | node_5 | INFO ] 🛠️ Calling force_add_local_model...
[ 2026-04-18 07:46:15 | node_2 | INFO ] 📢 Broadcasting metrics.
[ 2026-04-18 07:46:15 | node_5 | INFO ] ✅ [FORCE] Local model added for round 8. (1/8)
[ 2026-04-18 07:46:15 | node_5 | INFO ] 🧩 Model added for round 8 (2/8) from ['node_19']
[ 2026-04-18 07:46:15 | node_11 | INFO ] 🎉 Round 8 of 20 finished.
[ 2026-04-18 07:46:15 | node_11 | INFO ] 🗳️ [DETERMINISTIC] Train set assigned (No Voting). Size: 20
[ 2026-04-18 07:46:15 | node_1 | INFO ] ⏹️  Gossiping exited for 10 equal rounds.
[ 2026-04-18 07:46:15 | node_11 | INFO ] 🏋️‍♀️ Preparing training...
[ 2026-04-18 07:46:15 | node_1 | INFO ] 🔬 Evaluating...
[ 2026-04-18 07:46:16 | node_10 | INFO ] 📤 Sending model to 6 direct neighbors: ['node_6', 'node_8', 'node_9', 'node_12', 'node_16', 'node_19']
[ 2026-04-18 07:46:16 | node_10 | INFO ] 🧩 Model added for round 8 (2/7) from ['node_19']
[ 2026-04-18 07:46:16 | node_1 | INFO ] 📈 Evaluated. Results: {'test_loss': 2.5804874897003174, 'test_acc': 0.3194444477558136, 'test_precision': 0.19292953610420227, 'test_recall': 0.09520860761404037, 'test_f1': 0.10104678571224213, 'communication_cost': 50820408}
[ 2026-04-18 07:46:16 | node_1 | INFO ] 📢 Broadcasting metrics.
[ 2026-04-18 07:46:16 | node_11 | INFO ] 🎓 Training step done.
[ 2026-04-18 07:46:16 | node_11 | INFO ] 🛠️ Calling force_add_local_model...
[ 2026-04-18 07:46:16 | node_11 | INFO ] ✅ [FORCE] Local model added for round 8. (1/8)
[ 2026-04-18 07:46:16 | node_2 | INFO ] 🎉 Round 8 of 20 finished.
[ 2026-04-18 07:46:16 | node_2 | INFO ] 🗳️ [DETERMINISTIC] Train set assigned (No Voting). Size: 20
[ 2026-04-18 07:46:16 | node_2 | INFO ] 🏋️‍♀️ Preparing training...
[ 2026-04-18 07:46:17 | node_15 | INFO ] ⏹️  Gossiping exited for 10 equal rounds.
[ 2026-04-18 07:46:17 | node_15 | INFO ] 🔬 Evaluating...
[ 2026-04-18 07:46:17 | node_13 | INFO ] ⏹️  Gossiping exited for 10 equal rounds.
[ 2026-04-18 07:46:17 | node_9 | INFO ] ⏹️  Gossiping exited for 10 equal rounds.
[ 2026-04-18 07:46:17 | node_19 | INFO ] 🧩 Model added for round 8 (2/7) from ['node_10']
[ 2026-04-18 07:46:17 | node_13 | INFO ] 🔬 Evaluating...
[ 2026-04-18 07:46:17 | node_9 | INFO ] 🔬 Evaluating...
[ 2026-04-18 07:46:17 | node_15 | INFO ] 📈 Evaluated. Results: {'test_loss': 14.691317558288574, 'test_acc': 0.0, 'test_precision': 0.0, 'test_recall': 0.0, 'test_f1': 0.0, 'communication_cost': 45173696}
[ 2026-04-18 07:46:17 | node_15 | INFO ] 📢 Broadcasting metrics.
[ 2026-04-18 07:46:17 | node_17 | INFO ] ⏹️  Gossiping exited for 10 equal rounds.
[ 2026-04-18 07:46:17 | node_17 | INFO ] 🔬 Evaluating...
[ 2026-04-18 07:46:17 | node_2 | INFO ] 🎓 Training step done.
[ 2026-04-18 07:46:17 | node_2 | INFO ] 🛠️ Calling force_add_local_model...
[ 2026-04-18 07:46:17 | node_2 | INFO ] ✅ [FORCE] Local model added for round 8. (1/9)
[ 2026-04-18 07:46:17 | node_13 | INFO ] 📈 Evaluated. Results: {'test_loss': 5.2609734535217285, 'test_acc': 0.1435406655073166, 'test_precision': 0.2858012914657593, 'test_recall': 0.2645213007926941, 'test_f1': 0.1588888168334961, 'communication_cost': 45173696}
[ 2026-04-18 07:46:17 | node_13 | INFO ] 📢 Broadcasting metrics.
[ 2026-04-18 07:46:17 | node_1 | INFO ] 🎉 Round 8 of 20 finished.
[ 2026-04-18 07:46:17 | node_9 | INFO ] 📈 Evaluated. Results: {'test_loss': 1.4890412092208862, 'test_acc': 0.5885416865348816, 'test_precision': 0.22713296115398407, 'test_recall': 0.12501953542232513, 'test_f1': 0.14542436599731445, 'communication_cost': 39526984}
[ 2026-04-18 07:46:17 | node_17 | INFO ] 📈 Evaluated. Results: {'test_loss': 2.7884292602539062, 'test_acc': 0.3888888955116272, 'test_precision': 0.19882087409496307, 'test_recall': 0.09877879172563553, 'test_f1': 0.1057027280330658, 'communication_cost': 45173696}
[ 2026-04-18 07:46:17 | node_9 | INFO ] 📢 Broadcasting metrics.
[ 2026-04-18 07:46:17 | node_1 | INFO ] 🗳️ [DETERMINISTIC] Train set assigned (No Voting). Size: 20
[ 2026-04-18 07:46:17 | node_17 | INFO ] 📢 Broadcasting metrics.
[ 2026-04-18 07:46:17 | node_1 | INFO ] 🏋️‍♀️ Preparing training...
[ 2026-04-18 07:46:18 | node_15 | INFO ] 🎉 Round 8 of 20 finished.
[ 2026-04-18 07:46:18 | node_15 | INFO ] 🗳️ [DETERMINISTIC] Train set assigned (No Voting). Size: 20
[ 2026-04-18 07:46:18 | node_15 | INFO ] ♻️ Proactively processing 1 early models for round 8.
[ 2026-04-18 07:46:18 | node_15 | INFO ] 🧩 Model added for round 8 (1/9) from ['node_19']
[ 2026-04-18 07:46:18 | node_15 | INFO ] 🏋️‍♀️ Preparing training...
[ 2026-04-18 07:46:18 | node_1 | INFO ] 🎓 Training step done.
[ 2026-04-18 07:46:18 | node_1 | INFO ] 🛠️ Calling force_add_local_model...
[ 2026-04-18 07:46:18 | node_9 | INFO ] 🎉 Round 8 of 20 finished.
[ 2026-04-18 07:46:18 | node_9 | INFO ] 🗳️ [DETERMINISTIC] Train set assigned (No Voting). Size: 20
[ 2026-04-18 07:46:18 | node_1 | INFO ] ✅ [FORCE] Local model added for round 8. (1/10)
[ 2026-04-18 07:46:18 | node_13 | INFO ] 🎉 Round 8 of 20 finished.
[ 2026-04-18 07:46:18 | node_9 | INFO ] ♻️ Proactively processing 1 early models for round 8.
[ 2026-04-18 07:46:18 | node_9 | INFO ] 🧩 Model added for round 8 (1/8) from ['node_10']
[ 2026-04-18 07:46:18 | node_13 | INFO ] 🗳️ [DETERMINISTIC] Train set assigned (No Voting). Size: 20
[ 2026-04-18 07:46:18 | node_9 | INFO ] 🏋️‍♀️ Preparing training...
[ 2026-04-18 07:46:18 | node_13 | INFO ] 🏋️‍♀️ Preparing training...
[ 2026-04-18 07:46:18 | node_17 | INFO ] 🎉 Round 8 of 20 finished.
[ 2026-04-18 07:46:18 | node_17 | INFO ] 🗳️ [DETERMINISTIC] Train set assigned (No Voting). Size: 20
[ 2026-04-18 07:46:18 | node_17 | INFO ] 🏋️‍♀️ Preparing training...
[ 2026-04-18 07:46:19 | node_13 | INFO ] 🎓 Training step done.
[ 2026-04-18 07:46:19 | node_13 | INFO ] 🛠️ Calling force_add_local_model...
[ 2026-04-18 07:46:19 | node_13 | INFO ] ✅ [FORCE] Local model added for round 8. (1/9)
[ 2026-04-18 07:46:19 | node_9 | INFO ] 🎓 Training step done.
[ 2026-04-18 07:46:19 | node_9 | INFO ] 🛠️ Calling force_add_local_model...
[ 2026-04-18 07:46:19 | node_4 | INFO ] ⏹️  Gossiping exited for 10 equal rounds.
[ 2026-04-18 07:46:19 | node_4 | INFO ] 🔬 Evaluating...
[ 2026-04-18 07:46:19 | node_9 | INFO ] ✅ [FORCE] Local model added for round 8. (2/8)
[ 2026-04-18 07:46:19 | node_7 | INFO ] ⏹️  Gossiping exited for 10 equal rounds.
[ 2026-04-18 07:46:19 | node_17 | INFO ] 🎓 Training step done.
[ 2026-04-18 07:46:19 | node_7 | INFO ] 🔬 Evaluating...
[ 2026-04-18 07:46:19 | node_17 | INFO ] 🛠️ Calling force_add_local_model...
[ 2026-04-18 07:46:19 | node_17 | INFO ] ✅ [FORCE] Local model added for round 8. (1/9)
[ 2026-04-18 07:46:20 | node_4 | INFO ] 📈 Evaluated. Results: {'test_loss': 1.3571853637695312, 'test_acc': 0.5693641901016235, 'test_precision': 0.20685100555419922, 'test_recall': 0.11612271517515182, 'test_f1': 0.1439654678106308, 'communication_cost': 39526984}
[ 2026-04-18 07:46:20 | node_4 | INFO ] 📢 Broadcasting metrics.
[ 2026-04-18 07:46:20 | node_7 | INFO ] 📈 Evaluated. Results: {'test_loss': 7.039350986480713, 'test_acc': 0.14407815039157867, 'test_precision': 0.17342601716518402, 'test_recall': 0.08464731276035309, 'test_f1': 0.09079426527023315, 'communication_cost': 39526984}
[ 2026-04-18 07:46:20 | node_7 | INFO ] 📢 Broadcasting metrics.
[ 2026-04-18 07:46:20 | node_5 | INFO ] 📤 Sending model to 7 direct neighbors: ['node_4', 'node_6', 'node_11', 'node_12', 'node_13', 'node_14', 'node_19']
[ 2026-04-18 07:46:20 | node_4 | INFO ] 🎉 Round 8 of 20 finished.
[ 2026-04-18 07:46:20 | node_4 | INFO ] 🗳️ [DETERMINISTIC] Train set assigned (No Voting). Size: 20
[ 2026-04-18 07:46:20 | node_11 | INFO ] 🧩 Model added for round 8 (2/8) from ['node_5']
[ 2026-04-18 07:46:20 | node_15 | INFO ] 🎓 Training step done.
[ 2026-04-18 07:46:20 | node_4 | INFO ] ♻️ Proactively processing 2 early models for round 8.
[ 2026-04-18 07:46:20 | node_4 | INFO ] 🧩 Model added for round 8 (1/8) from ['node_19']
[ 2026-04-18 07:46:20 | node_15 | INFO ] 🛠️ Calling force_add_local_model...
[ 2026-04-18 07:46:20 | node_4 | INFO ] 🧩 Model added for round 8 (2/8) from ['node_5']
[ 2026-04-18 07:46:20 | node_4 | INFO ] 🏋️‍♀️ Preparing training...
[ 2026-04-18 07:46:20 | node_15 | INFO ] ✅ [FORCE] Local model added for round 8. (2/9)
[ 2026-04-18 07:46:21 | node_7 | INFO ] 🎉 Round 8 of 20 finished.
[ 2026-04-18 07:46:21 | node_7 | INFO ] 🗳️ [DETERMINISTIC] Train set assigned (No Voting). Size: 20
[ 2026-04-18 07:46:21 | node_7 | INFO ] 🏋️‍♀️ Preparing training...
[ 2026-04-18 07:46:21 | node_4 | INFO ] 🎓 Training step done.
[ 2026-04-18 07:46:21 | node_4 | INFO ] 🛠️ Calling force_add_local_model...
[ 2026-04-18 07:46:21 | node_4 | INFO ] ✅ [FORCE] Local model added for round 8. (3/8)
[ 2026-04-18 07:46:21 | node_13 | INFO ] 🧩 Model added for round 8 (2/9) from ['node_5']
[ 2026-04-18 07:46:21 | node_7 | INFO ] 🎓 Training step done.
[ 2026-04-18 07:46:21 | node_7 | INFO ] 🛠️ Calling force_add_local_model...
[ 2026-04-18 07:46:21 | node_7 | INFO ] ✅ [FORCE] Local model added for round 8. (1/8)
[ 2026-04-18 07:46:21 | node_11 | INFO ] 📤 Sending model to 7 direct neighbors: ['node_1', 'node_2', 'node_3', 'node_4', 'node_5', 'node_8', 'node_12']
[ 2026-04-18 07:46:21 | node_8 | INFO ] ⏹️  Gossiping exited for 10 equal rounds.
[ 2026-04-18 07:46:21 | node_8 | INFO ] 🔬 Evaluating...
[ 2026-04-18 07:46:21 | node_1 | INFO ] 🧩 Model added for round 8 (2/10) from ['node_11']
[ 2026-04-18 07:46:21 | node_8 | INFO ] 📈 Evaluated. Results: {'test_loss': 0.9167290329933167, 'test_acc': 0.7049180269241333, 'test_precision': 0.2800387740135193, 'test_recall': 0.18376068770885468, 'test_f1': 0.21727395057678223, 'communication_cost': 56467120}
[ 2026-04-18 07:46:21 | node_8 | INFO ] 📢 Broadcasting metrics.
[ 2026-04-18 07:46:22 | node_19 | INFO ] 🧩 Model added for round 8 (3/7) from ['node_5']
[ 2026-04-18 07:46:22 | node_2 | INFO ] 🧩 Model added for round 8 (2/9) from ['node_11']
[ 2026-04-18 07:46:22 | node_12 | INFO ] ⏹️  Gossiping exited for 10 equal rounds.
[ 2026-04-18 07:46:22 | node_14 | INFO ] ⏹️  Gossiping exited for 10 equal rounds.
[ 2026-04-18 07:46:22 | node_14 | INFO ] 🔬 Evaluating...
[ 2026-04-18 07:46:22 | node_12 | INFO ] 🔬 Evaluating...
[ 2026-04-18 07:46:22 | node_14 | INFO ] 📈 Evaluated. Results: {'test_loss': 1.5497463941574097, 'test_acc': 0.5802469253540039, 'test_precision': 0.23763737082481384, 'test_recall': 0.25961965322494507, 'test_f1': 0.23439152538776398, 'communication_cost': 56467120}
[ 2026-04-18 07:46:22 | node_14 | INFO ] 📢 Broadcasting metrics.
[ 2026-04-18 07:46:22 | node_12 | INFO ] 📈 Evaluated. Results: {'test_loss': 0.9658110737800598, 'test_acc': 0.7183098793029785, 'test_precision': 0.30767154693603516, 'test_recall': 0.20257407426834106, 'test_f1': 0.21677502989768982, 'communication_cost': 62113832}
[ 2026-04-18 07:46:22 | node_12 | INFO ] 📢 Broadcasting metrics.
[ 2026-04-18 07:46:22 | node_2 | INFO ] 📤 Sending model to 8 direct neighbors: ['node_1', 'node_3', 'node_4', 'node_11', 'node_12', 'node_13', 'node_14', 'node_15']
[ 2026-04-18 07:46:23 | node_4 | INFO ] 🧩 Model added for round 8 (4/8) from ['node_11']
[ 2026-04-18 07:46:23 | node_1 | INFO ] 🧩 Model added for round 8 (3/10) from ['node_2']
[ 2026-04-18 07:46:23 | node_8 | INFO ] 🎉 Round 8 of 20 finished.
[ 2026-04-18 07:46:23 | node_8 | INFO ] 🗳️ [DETERMINISTIC] Train set assigned (No Voting). Size: 20
[ 2026-04-18 07:46:23 | node_8 | INFO ] ♻️ Proactively processing 2 early models for round 8.
[ 2026-04-18 07:46:23 | node_8 | INFO ] 🧩 Model added for round 8 (1/11) from ['node_19']
[ 2026-04-18 07:46:23 | node_8 | INFO ] 🧩 Model added for round 8 (2/11) from ['node_10']
[ 2026-04-18 07:46:23 | node_8 | INFO ] 🏋️‍♀️ Preparing training...
[ 2026-04-18 07:46:23 | node_5 | INFO ] 🧩 Model added for round 8 (3/8) from ['node_11']
[ 2026-04-18 07:46:23 | node_3 | INFO ] ⏹️  Gossiping exited for 10 equal rounds.
[ 2026-04-18 07:46:23 | node_3 | INFO ] 🔬 Evaluating...
[ 2026-04-18 07:46:23 | node_1 | INFO ] 📤 Sending model to 9 direct neighbors: ['node_2', 'node_6', 'node_7', 'node_11', 'node_13', 'node_14', 'node_15', 'node_16', 'node_18']
[ 2026-04-18 07:46:23 | node | INFO ] ⏹️  Gossiping exited for 10 equal rounds.
[ 2026-04-18 07:46:23 | node_3 | INFO ] 📈 Evaluated. Results: {'test_loss': 2.6015737056732178, 'test_acc': 0.45306122303009033, 'test_precision': 0.33253124356269836, 'test_recall': 0.1898040771484375, 'test_f1': 0.21286706626415253, 'communication_cost': 39526984}
[ 2026-04-18 07:46:23 | node | INFO ] 🔬 Evaluating...
[ 2026-04-18 07:46:23 | node_14 | INFO ] 🎉 Round 8 of 20 finished.
[ 2026-04-18 07:46:23 | node_3 | INFO ] 📢 Broadcasting metrics.
[ 2026-04-18 07:46:23 | node_14 | INFO ] 🗳️ [DETERMINISTIC] Train set assigned (No Voting). Size: 20
[ 2026-04-18 07:46:24 | node_8 | INFO ] 🧩 Model added for round 8 (3/11) from ['node_11']
[ 2026-04-18 07:46:24 | node_12 | INFO ] 🎉 Round 8 of 20 finished.
[ 2026-04-18 07:46:24 | node_14 | INFO ] ♻️ Proactively processing 1 early models for round 8.
[ 2026-04-18 07:46:24 | node_12 | INFO ] 🗳️ [DETERMINISTIC] Train set assigned (No Voting). Size: 20
[ 2026-04-18 07:46:24 | node_14 | INFO ] 🧩 Model added for round 8 (1/11) from ['node_5']
[ 2026-04-18 07:46:24 | node_14 | INFO ] 🏋️‍♀️ Preparing training...
[ 2026-04-18 07:46:24 | node_4 | INFO ] 🧩 Model added for round 8 (5/8) from ['node_2']
[ 2026-04-18 07:46:24 | node_12 | INFO ] ♻️ Proactively processing 2 early models for round 8.
[ 2026-04-18 07:46:24 | node_12 | INFO ] 🧩 Model added for round 8 (1/12) from ['node_10']
[ 2026-04-18 07:46:24 | node_2 | INFO ] 🧩 Model added for round 8 (3/9) from ['node_1']
[ 2026-04-18 07:46:24 | node_12 | INFO ] 🧩 Model added for round 8 (2/12) from ['node_5']
[ 2026-04-18 07:46:24 | node_12 | INFO ] 🏋️‍♀️ Preparing training...
[ 2026-04-18 07:46:24 | node | INFO ] 📈 Evaluated. Results: {'test_loss': 2.762237548828125, 'test_acc': 0.27659574151039124, 'test_precision': 0.2793404161930084, 'test_recall': 0.13057418167591095, 'test_f1': 0.1593778282403946, 'communication_cost': 39526984}
[ 2026-04-18 07:46:24 | node | INFO ] 📢 Broadcasting metrics.
[ 2026-04-18 07:46:24 | node_13 | INFO ] 📤 Sending model to 8 direct neighbors: ['node_1', 'node_2', 'node_5', 'node_6', 'node_7', 'node_9', 'node_17', 'node_18']
[ 2026-04-18 07:46:24 | node_8 | INFO ] 🎓 Training step done.
[ 2026-04-18 07:46:24 | node_8 | INFO ] 🛠️ Calling force_add_local_model...
[ 2026-04-18 07:46:24 | node_8 | INFO ] ✅ [FORCE] Local model added for round 8. (4/11)
[ 2026-04-18 07:46:24 | node_1 | INFO ] 🧩 Model added for round 8 (4/10) from ['node_13']
[ 2026-04-18 07:46:24 | node_11 | INFO ] 🧩 Model added for round 8 (3/8) from ['node_2']
[ 2026-04-18 07:46:24 | node_9 | INFO ] 📤 Sending model to 7 direct neighbors: ['node_6', 'node_7', 'node_10', 'node_13', 'node_16', 'node_17', 'node_18']
[ 2026-04-18 07:46:24 | node_17 | INFO ] 📤 Sending model to 8 direct neighbors: ['node_4', 'node_6', 'node_8', 'node_9', 'node_12', 'node_13', 'node_14', 'node_18']
[ 2026-04-18 07:46:24 | node_12 | INFO ] 🎓 Training step done.
[ 2026-04-18 07:46:24 | node_12 | INFO ] 🛠️ Calling force_add_local_model...
[ 2026-04-18 07:46:24 | node_12 | INFO ] 🧩 Model added for round 8 (3/12) from ['node_11']
[ 2026-04-18 07:46:24 | node_12 | INFO ] ✅ [FORCE] Local model added for round 8. (4/12)
[ 2026-04-18 07:46:25 | node_4 | INFO ] 🧩 Model added for round 8 (6/8) from ['node_17']
[ 2026-04-18 07:46:25 | node_7 | INFO ] 🧩 Model added for round 8 (2/8) from ['node_9']
[ 2026-04-18 07:46:25 | node_7 | INFO ] 🧩 Model added for round 8 (3/8) from ['node_1']
[ 2026-04-18 07:46:25 | node_12 | INFO ] 🧩 Model added for round 8 (5/12) from ['node_2']
[ 2026-04-18 07:46:25 | node_2 | INFO ] 🧩 Model added for round 8 (4/9) from ['node_13']
[ 2026-04-18 07:46:25 | node_3 | INFO ] 🎉 Round 8 of 20 finished.
[ 2026-04-18 07:46:25 | node_3 | INFO ] 🗳️ [DETERMINISTIC] Train set assigned (No Voting). Size: 20
[ 2026-04-18 07:46:25 | node_3 | INFO ] ♻️ Proactively processing 2 early models for round 8.
[ 2026-04-18 07:46:25 | node_3 | INFO ] 🧩 Model added for round 8 (1/8) from ['node_11']
[ 2026-04-18 07:46:25 | node_3 | INFO ] 🧩 Model added for round 8 (2/8) from ['node_2']
[ 2026-04-18 07:46:25 | node_3 | INFO ] 🏋️‍♀️ Preparing training...
[ 2026-04-18 07:46:25 | node_10 | INFO ] 🧩 Model added for round 8 (3/7) from ['node_9']
[ 2026-04-18 07:46:25 | node_11 | INFO ] 🧩 Model added for round 8 (4/8) from ['node_1']
[ 2026-04-18 07:46:25 | node | INFO ] 🎉 Round 8 of 20 finished.
[ 2026-04-18 07:46:25 | node_3 | INFO ] 🎓 Training step done.
[ 2026-04-18 07:46:25 | node_3 | INFO ] 🛠️ Calling force_add_local_model...
[ 2026-04-18 07:46:25 | node | INFO ] 🗳️ [DETERMINISTIC] Train set assigned (No Voting). Size: 20
[ 2026-04-18 07:46:25 | node_5 | INFO ] 🧩 Model added for round 8 (4/8) from ['node_13']
[ 2026-04-18 07:46:25 | node_3 | INFO ] ✅ [FORCE] Local model added for round 8. (3/8)
[ 2026-04-18 07:46:25 | node_8 | INFO ] 🧩 Model added for round 8 (5/11) from ['node_17']
[ 2026-04-18 07:46:25 | node | INFO ] 🏋️‍♀️ Preparing training...
[ 2026-04-18 07:46:25 | node_13 | INFO ] 🧩 Model added for round 8 (3/9) from ['node_2']
[ 2026-04-18 07:46:25 | node_15 | INFO ] 📤 Sending model to 8 direct neighbors: ['node_1', 'node_2', 'node_3', 'node_6', 'node_7', 'node_8', 'node_12', 'node_19']
[ 2026-04-18 07:46:26 | node_13 | INFO ] 🧩 Model added for round 8 (4/9) from ['node_9']
[ 2026-04-18 07:46:26 | node_14 | INFO ] 🎓 Training step done.
[ 2026-04-18 07:46:26 | node_1 | INFO ] 🧩 Model added for round 8 (5/10) from ['node_15']
[ 2026-04-18 07:46:26 | node_14 | INFO ] 🛠️ Calling force_add_local_model...
[ 2026-04-18 07:46:26 | node | INFO ] 🎓 Training step done.
[ 2026-04-18 07:46:26 | node_13 | INFO ] 🧩 Model added for round 8 (5/9) from ['node_1']
[ 2026-04-18 07:46:26 | node_14 | INFO ] ✅ [FORCE] Local model added for round 8. (2/11)
[ 2026-04-18 07:46:26 | node | INFO ] 🛠️ Calling force_add_local_model...
[ 2026-04-18 07:46:26 | node | INFO ] ✅ [FORCE] Local model added for round 8. (1/8)
[ 2026-04-18 07:46:26 | node_4 | INFO ] 📤 Sending model to 7 direct neighbors: ['node', 'node_2', 'node_5', 'node_11', 'node_17', 'node_18', 'node_19']
[ 2026-04-18 07:46:26 | node_7 | INFO ] 📤 Sending model to 7 direct neighbors: ['node', 'node_1', 'node_8', 'node_9', 'node_12', 'node_13', 'node_15']
[ 2026-04-18 07:46:26 | node_14 | INFO ] 🧩 Model added for round 8 (3/11) from ['node_2']
[ 2026-04-18 07:46:26 | node | INFO ] 🧩 Model added for round 8 (2/8) from ['node_4']
[ 2026-04-18 07:46:26 | node_7 | INFO ] 🧩 Model added for round 8 (4/8) from ['node_13']
[ 2026-04-18 07:46:26 | node_9 | INFO ] 🧩 Model added for round 8 (3/8) from ['node_17']
[ 2026-04-18 07:46:26 | node | INFO ] 🧩 Model added for round 8 (3/8) from ['node_7']
[ 2026-04-18 07:46:27 | node_2 | INFO ] 🧩 Model added for round 8 (5/9) from ['node_15']
[ 2026-04-18 07:46:27 | node_14 | INFO ] 🧩 Model added for round 8 (4/11) from ['node_1']
[ 2026-04-18 07:46:27 | node_17 | INFO ] 🧩 Model added for round 8 (2/9) from ['node_9']
[ 2026-04-18 07:46:27 | node_9 | INFO ] 🧩 Model added for round 8 (4/8) from ['node_13']
[ 2026-04-18 07:46:27 | node_12 | INFO ] 🧩 Model added for round 8 (6/12) from ['node_17']
[ 2026-04-18 07:46:27 | node_2 | INFO ] 🧩 Model added for round 8 (6/9) from ['node_4']
[ 2026-04-18 07:46:27 | node_15 | INFO ] 🧩 Model added for round 8 (3/9) from ['node_2']
[ 2026-04-18 07:46:27 | node_1 | INFO ] 🧩 Model added for round 8 (6/10) from ['node_7']
[ 2026-04-18 07:46:27 | node_3 | INFO ] 🧩 Model added for round 8 (4/8) from ['node_15']
[ 2026-04-18 07:46:28 | node_17 | INFO ] 🧩 Model added for round 8 (3/9) from ['node_13']
[ 2026-04-18 07:46:28 | node_15 | INFO ] 🧩 Model added for round 8 (4/9) from ['node_1']
[ 2026-04-18 07:46:28 | node_5 | INFO ] 🧩 Model added for round 8 (5/8) from ['node_4']
[ 2026-04-18 07:46:28 | node_13 | INFO ] 🧩 Model added for round 8 (6/9) from ['node_17']
[ 2026-04-18 07:46:28 | node_8 | INFO ] 🧩 Model added for round 8 (6/11) from ['node_7']
[ 2026-04-18 07:46:28 | node_11 | INFO ] 🧩 Model added for round 8 (5/8) from ['node_4']
[ 2026-04-18 07:46:28 | node_7 | INFO ] 🧩 Model added for round 8 (5/8) from ['node_15']
[ 2026-04-18 07:46:28 | node_14 | INFO ] 🧩 Model added for round 8 (5/11) from ['node_17']
[ 2026-04-18 07:46:29 | node_9 | INFO ] 🧩 Model added for round 8 (5/8) from ['node_7']
[ 2026-04-18 07:46:29 | node_8 | INFO ] 🧩 Model added for round 8 (7/11) from ['node_15']
[ 2026-04-18 07:46:29 | node_17 | INFO ] 🧩 Model added for round 8 (4/9) from ['node_4']
[ 2026-04-18 07:46:29 | node_8 | INFO ] 📤 Sending model to 10 direct neighbors: ['node', 'node_3', 'node_7', 'node_10', 'node_11', 'node_14', 'node_15', 'node_17', 'node_18', 'node_19']
[ 2026-04-18 07:46:29 | node_12 | INFO ] 🧩 Model added for round 8 (7/12) from ['node_7']
[ 2026-04-18 07:46:29 | node | INFO ] 🧩 Model added for round 8 (4/8) from ['node_8']
[ 2026-04-18 07:46:29 | node_12 | INFO ] 🧩 Model added for round 8 (8/12) from ['node_15']
[ 2026-04-18 07:46:29 | node_12 | INFO ] 📤 Sending model to 11 direct neighbors: ['node', 'node_2', 'node_5', 'node_6', 'node_7', 'node_10', 'node_11', 'node_14', 'node_15', 'node_17', 'node_18']
[ 2026-04-18 07:46:30 | node_19 | INFO ] 🧩 Model added for round 8 (4/7) from ['node_4']
[ 2026-04-18 07:46:30 | node_3 | INFO ] 🧩 Model added for round 8 (5/8) from ['node_8']
[ 2026-04-18 07:46:30 | node_13 | INFO ] 🧩 Model added for round 8 (7/9) from ['node_7']
[ 2026-04-18 07:46:30 | node | INFO ] 🧩 Model added for round 8 (5/8) from ['node_12']
[ 2026-04-18 07:46:30 | node_6 | INFO ] ⏹️  Gossiping exited for 10 equal rounds.
[ 2026-04-18 07:46:30 | node_6 | INFO ] 🔬 Evaluating...
[ 2026-04-18 07:46:30 | node_19 | INFO ] 🧩 Model added for round 8 (5/7) from ['node_15']
[ 2026-04-18 07:46:30 | node_7 | INFO ] 🧩 Model added for round 8 (6/8) from ['node_8']
[ 2026-04-18 07:46:30 | node_3 | INFO ] 📤 Sending model to 7 direct neighbors: ['node_2', 'node_6', 'node_8', 'node_11', 'node_14', 'node_15', 'node_16']
[ 2026-04-18 07:46:30 | node_15 | INFO ] 🧩 Model added for round 8 (5/9) from ['node_7']
[ 2026-04-18 07:46:30 | node_2 | INFO ] 🧩 Model added for round 8 (7/9) from ['node_12']
[ 2026-04-18 07:46:31 | node_2 | INFO ] 🧩 Model added for round 8 (8/9) from ['node_3']
[ 2026-04-18 07:46:31 | node_10 | INFO ] 🧩 Model added for round 8 (4/7) from ['node_8']
[ 2026-04-18 07:46:31 | node_6 | INFO ] 📈 Evaluated. Results: {'test_loss': 1.3473114967346191, 'test_acc': 0.5437928438186646, 'test_precision': 0.16372759640216827, 'test_recall': 0.10421555489301682, 'test_f1': 0.12189050763845444, 'communication_cost': 62113832}
[ 2026-04-18 07:46:31 | node_6 | INFO ] 📢 Broadcasting metrics.
[ 2026-04-18 07:46:31 | node_14 | INFO ] 📤 Sending model to 10 direct neighbors: ['node', 'node_1', 'node_2', 'node_3', 'node_5', 'node_6', 'node_8', 'node_12', 'node_16', 'node_17']
[ 2026-04-18 07:46:31 | node | INFO ] 📤 Sending model to 7 direct neighbors: ['node_4', 'node_7', 'node_8', 'node_12', 'node_14', 'node_16', 'node_18']
[ 2026-04-18 07:46:31 | node_5 | INFO ] 🧩 Model added for round 8 (6/8) from ['node_12']
[ 2026-04-18 07:46:31 | node_4 | INFO ] 🧩 Model added for round 8 (7/8) from ['node']
[ 2026-04-18 07:46:31 | node | INFO ] 🧩 Model added for round 8 (6/8) from ['node_14']
[ 2026-04-18 07:46:31 | node_11 | INFO ] 🧩 Model added for round 8 (6/8) from ['node_8']
[ 2026-04-18 07:46:32 | node_8 | INFO ] 🧩 Model added for round 8 (8/11) from ['node_3']
[ 2026-04-18 07:46:32 | node_14 | INFO ] 🧩 Model added for round 8 (6/11) from ['node_8']
[ 2026-04-18 07:46:32 | node_7 | INFO ] 🧩 Model added for round 8 (7/8) from ['node']
[ 2026-04-18 07:46:32 | node_1 | INFO ] 🧩 Model added for round 8 (7/10) from ['node_14']
[ 2026-04-18 07:46:32 | node_7 | INFO ] 🧩 Model added for round 8 (8/8) from ['node_12']
[ 2026-04-18 07:46:32 | node_11 | INFO ] 🧩 Model added for round 8 (7/8) from ['node_3']
[ 2026-04-18 07:46:32 | node_6 | INFO ] 🎉 Round 8 of 20 finished.
[ 2026-04-18 07:46:32 | node_6 | INFO ] 🗳️ [DETERMINISTIC] Train set assigned (No Voting). Size: 20
[ 2026-04-18 07:46:32 | node_8 | INFO ] 🧩 Model added for round 8 (9/11) from ['node']
[ 2026-04-18 07:46:32 | node_6 | INFO ] ♻️ Proactively processing 9 early models for round 8.
[ 2026-04-18 07:46:32 | node_6 | INFO ] 🧩 Model added for round 8 (1/12) from ['node_10']
[ 2026-04-18 07:46:32 | node_6 | INFO ] 🧩 Model added for round 8 (2/12) from ['node_5']
[ 2026-04-18 07:46:32 | node_6 | INFO ] 🧩 Model added for round 8 (3/12) from ['node_1']
[ 2026-04-18 07:46:32 | node_6 | INFO ] 🧩 Model added for round 8 (4/12) from ['node_9']
[ 2026-04-18 07:46:32 | node_15 | INFO ] 🧩 Model added for round 8 (6/9) from ['node_8']
[ 2026-04-18 07:46:32 | node_6 | INFO ] 🧩 Model added for round 8 (5/12) from ['node_17']
[ 2026-04-18 07:46:32 | node_6 | INFO ] 🧩 Model added for round 8 (6/12) from ['node_13']
[ 2026-04-18 07:46:32 | node_6 | INFO ] 🧩 Model added for round 8 (7/12) from ['node_15']
[ 2026-04-18 07:46:32 | node_6 | INFO ] 🧩 Model added for round 8 (8/12) from ['node_3']
[ 2026-04-18 07:46:32 | node_6 | INFO ] 🧩 Model added for round 8 (9/12) from ['node_12']
[ 2026-04-18 07:46:32 | node_10 | INFO ] 🧩 Model added for round 8 (5/7) from ['node_12']
[ 2026-04-18 07:46:32 | node_6 | INFO ] 🏋️‍♀️ Preparing training...
[ 2026-04-18 07:46:32 | node_2 | INFO ] 🧩 Model added for round 8 (9/9) from ['node_14']
[ 2026-04-18 07:46:33 | node_14 | INFO ] 🧩 Model added for round 8 (7/11) from ['node_3']
[ 2026-04-18 07:46:33 | ModelPackager | INFO ] Round 8: Consensus detected (dist: 0.000687). Patience: 1/1
[ 2026-04-18 07:46:33 | ModelPackager | INFO ] Round 8: Consensus detected (dist: 0.000658). Patience: 1/1
[ 2026-04-18 07:46:33 | node_17 | INFO ] 🧩 Model added for round 8 (5/9) from ['node_8']
[ 2026-04-18 07:46:33 | node_11 | INFO ] 🧩 Model added for round 8 (8/8) from ['node_12']
[ 2026-04-18 07:46:33 | node_12 | INFO ] 🧩 Model added for round 8 (9/12) from ['node']
[ 2026-04-18 07:46:33 | node_2 | INFO ] 🧠 Aggregation complete. Setting new model.
[ 2026-04-18 07:46:33 | node_7 | INFO ] 🧠 Aggregation complete. Setting new model.
[ 2026-04-18 07:46:33 | node_3 | INFO ] 🧩 Model added for round 8 (6/8) from ['node_14']
[ 2026-04-18 07:46:33 | node_6 | INFO ] 🎓 Training step done.
[ 2026-04-18 07:46:33 | node_15 | INFO ] 🧩 Model added for round 8 (7/9) from ['node_3']
[ 2026-04-18 07:46:33 | node_6 | INFO ] 🛠️ Calling force_add_local_model...
[ 2026-04-18 07:46:33 | node_6 | INFO ] ✅ [FORCE] Local model added for round 8. (10/12)
[ 2026-04-18 07:46:33 | node_2 | INFO ] 🗣️ Gossiping aggregated model.
[ 2026-04-18 07:46:34 | node_7 | INFO ] 🗣️ Gossiping aggregated model.
[ 2026-04-18 07:46:34 | node_14 | INFO ] 🧩 Model added for round 8 (8/11) from ['node_12']
[ 2026-04-18 07:46:34 | node_5 | INFO ] 🧩 Model added for round 8 (7/8) from ['node_14']
[ 2026-04-18 07:46:34 | node_19 | INFO ] 🧩 Model added for round 8 (6/7) from ['node_8']
[ 2026-04-18 07:46:34 | node_14 | INFO ] 🧩 Model added for round 8 (9/11) from ['node']
[ 2026-04-18 07:46:34 | ModelPackager | INFO ] Round 8: Consensus detected (dist: 0.000495). Patience: 1/1
[ 2026-04-18 07:46:34 | node_15 | INFO ] 🧩 Model added for round 8 (8/9) from ['node_12']
[ 2026-04-18 07:46:34 | node_6 | INFO ] 🧩 Model added for round 8 (11/12) from ['node_14']
[ 2026-04-18 07:46:34 | node_11 | INFO ] 🧠 Aggregation complete. Setting new model.
[ 2026-04-18 07:46:35 | node_11 | INFO ] 🗣️ Gossiping aggregated model.
[ 2026-04-18 07:46:35 | node_8 | INFO ] 🧩 Model added for round 8 (10/11) from ['node_14']
[ 2026-04-18 07:46:35 | node_17 | INFO ] 🧩 Model added for round 8 (6/9) from ['node_12']
[ 2026-04-18 07:46:35 | node_12 | INFO ] 🧩 Model added for round 8 (10/12) from ['node_14']
[ 2026-04-18 07:46:36 | node_18 | INFO ] ⏹️  Gossiping exited for 10 equal rounds.
[ 2026-04-18 07:46:36 | node_18 | INFO ] 🔬 Evaluating...
[ 2026-04-18 07:46:36 | node_17 | INFO ] 🧩 Model added for round 8 (7/9) from ['node_14']
[ 2026-04-18 07:46:36 | node_18 | INFO ] 📈 Evaluated. Results: {'test_loss': 1.0776190757751465, 'test_acc': 0.6688741445541382, 'test_precision': 0.24858339130878448, 'test_recall': 0.17764133214950562, 'test_f1': 0.200286403298378, 'communication_cost': 50820408}
[ 2026-04-18 07:46:36 | node_18 | INFO ] 📢 Broadcasting metrics.
[ 2026-04-18 07:46:37 | node_16 | INFO ] ⏹️  Gossiping exited for 10 equal rounds.
[ 2026-04-18 07:46:37 | node_18 | INFO ] 🎉 Round 8 of 20 finished.
[ 2026-04-18 07:46:37 | node_16 | INFO ] 🔬 Evaluating...
[ 2026-04-18 07:46:37 | node_18 | INFO ] 🗳️ [DETERMINISTIC] Train set assigned (No Voting). Size: 20
[ 2026-04-18 07:46:37 | node_18 | INFO ] ♻️ Proactively processing 8 early models for round 8.
[ 2026-04-18 07:46:37 | node_18 | INFO ] 🧩 Model added for round 8 (1/10) from ['node_9']
[ 2026-04-18 07:46:37 | node_18 | INFO ] 🧩 Model added for round 8 (2/10) from ['node_13']
[ 2026-04-18 07:46:37 | node_18 | INFO ] 🧩 Model added for round 8 (3/10) from ['node_1']
[ 2026-04-18 07:46:37 | node_18 | INFO ] 🧩 Model added for round 8 (4/10) from ['node_17']
[ 2026-04-18 07:46:37 | node_18 | INFO ] 🧩 Model added for round 8 (5/10) from ['node_4']
[ 2026-04-18 07:46:37 | node_18 | INFO ] 🧩 Model added for round 8 (6/10) from ['node_8']
[ 2026-04-18 07:46:37 | node_18 | INFO ] 🧩 Model added for round 8 (7/10) from ['node']
[ 2026-04-18 07:46:37 | node_18 | INFO ] 🧩 Model added for round 8 (8/10) from ['node_12']
[ 2026-04-18 07:46:37 | node_18 | INFO ] 🏋️‍♀️ Preparing training...
[ 2026-04-18 07:46:37 | node_16 | INFO ] 📈 Evaluated. Results: {'test_loss': 3.7086057662963867, 'test_acc': 0.20270270109176636, 'test_precision': 0.3083333671092987, 'test_recall': 0.16341355443000793, 'test_f1': 0.1792546659708023, 'communication_cost': 39526984}
[ 2026-04-18 07:46:37 | node_16 | INFO ] 📢 Broadcasting metrics.
[ 2026-04-18 07:46:37 | node_16 | INFO ] 🎉 Round 8 of 20 finished.
[ 2026-04-18 07:46:37 | node_16 | INFO ] 🗳️ [DETERMINISTIC] Train set assigned (No Voting). Size: 20
[ 2026-04-18 07:46:37 | node_16 | INFO ] ♻️ Proactively processing 7 early models for round 8.
[ 2026-04-18 07:46:37 | node_16 | INFO ] 🧩 Model added for round 8 (1/8) from ['node_19']
[ 2026-04-18 07:46:38 | node_16 | INFO ] 🧩 Model added for round 8 (2/8) from ['node_10']
[ 2026-04-18 07:46:38 | node_16 | INFO ] 🧩 Model added for round 8 (3/8) from ['node_9']
[ 2026-04-18 07:46:38 | node_16 | INFO ] 🧩 Model added for round 8 (4/8) from ['node_1']
[ 2026-04-18 07:46:38 | node_16 | INFO ] 🧩 Model added for round 8 (5/8) from ['node_3']
[ 2026-04-18 07:46:38 | node_16 | INFO ] 🧩 Model added for round 8 (6/8) from ['node']
[ 2026-04-18 07:46:38 | node_16 | INFO ] 🧩 Model added for round 8 (7/8) from ['node_14']
[ 2026-04-18 07:46:38 | node_16 | INFO ] 🏋️‍♀️ Preparing training...
[ 2026-04-18 07:46:38 | node_18 | INFO ] 🎓 Training step done.
[ 2026-04-18 07:46:38 | node_18 | INFO ] 🛠️ Calling force_add_local_model...
[ 2026-04-18 07:46:38 | node_18 | INFO ] ✅ [FORCE] Local model added for round 8. (9/10)
[ 2026-04-18 07:46:38 | node_16 | INFO ] 🎓 Training step done.
[ 2026-04-18 07:46:38 | node_16 | INFO ] 🛠️ Calling force_add_local_model...
[ 2026-04-18 07:46:38 | node_16 | INFO ] ✅ [FORCE] Local model added for round 8. (8/8)
[ 2026-04-18 07:46:38 | node_6 | INFO ] 📤 Sending model to 11 direct neighbors: ['node_1', 'node_3', 'node_5', 'node_9', 'node_10', 'node_12', 'node_13', 'node_14', 'node_15', 'node_17', 'node_18']
[ 2026-04-18 07:46:39 | node_1 | INFO ] 🧩 Model added for round 8 (8/10) from ['node_6']
[ 2026-04-18 07:46:39 | node_3 | INFO ] 🧩 Model added for round 8 (7/8) from ['node_6']
[ 2026-04-18 07:46:39 | node_5 | INFO ] 🧩 Model added for round 8 (8/8) from ['node_6']
[ 2026-04-18 07:46:40 | node_9 | INFO ] 🧩 Model added for round 8 (6/8) from ['node_6']
[ 2026-04-18 07:46:40 | ModelPackager | INFO ] Round 8: Consensus detected (dist: 0.000545). Patience: 1/1
[ 2026-04-18 07:46:40 | node_5 | INFO ] 🧠 Aggregation complete. Setting new model.
[ 2026-04-18 07:46:40 | node_5 | INFO ] 🗣️ Gossiping aggregated model.
[ 2026-04-18 07:46:40 | node_10 | INFO ] 🧩 Model added for round 8 (6/7) from ['node_6']
[ 2026-04-18 07:46:41 | node_12 | INFO ] 🧩 Model added for round 8 (11/12) from ['node_6']
[ 2026-04-18 07:46:41 | node_13 | INFO ] 🧩 Model added for round 8 (8/9) from ['node_6']
[ 2026-04-18 07:46:41 | node_14 | INFO ] 🧩 Model added for round 8 (10/11) from ['node_6']
[ 2026-04-18 07:46:42 | node_15 | INFO ] 🧩 Model added for round 8 (9/9) from ['node_6']
[ 2026-04-18 07:46:42 | node_17 | INFO ] 🧩 Model added for round 8 (8/9) from ['node_6']
[ 2026-04-18 07:46:42 | ModelPackager | INFO ] Round 8: Consensus detected (dist: 0.000629). Patience: 1/1
[ 2026-04-18 07:46:42 | node_15 | INFO ] 🧠 Aggregation complete. Setting new model.
[ 2026-04-18 07:46:43 | node_15 | INFO ] 🗣️ Gossiping aggregated model.
[ 2026-04-18 07:46:43 | node_18 | INFO ] 🧩 Model added for round 8 (10/10) from ['node_6']
[ 2026-04-18 07:46:43 | node_18 | INFO ] 📤 Sending model to 9 direct neighbors: ['node', 'node_1', 'node_4', 'node_6', 'node_8', 'node_9', 'node_12', 'node_13', 'node_17']
[ 2026-04-18 07:46:43 | node_16 | INFO ] 📤 Sending model to 7 direct neighbors: ['node', 'node_1', 'node_3', 'node_9', 'node_10', 'node_14', 'node_19']
[ 2026-04-18 07:46:44 | node | INFO ] 🧩 Model added for round 8 (7/8) from ['node_18']
[ 2026-04-18 07:46:44 | node | INFO ] 🧩 Model added for round 8 (8/8) from ['node_16']
[ 2026-04-18 07:46:44 | node_1 | INFO ] 🧩 Model added for round 8 (9/10) from ['node_18']
[ 2026-04-18 07:46:44 | node_1 | INFO ] 🧩 Model added for round 8 (10/10) from ['node_16']
[ 2026-04-18 07:46:44 | ModelPackager | INFO ] Round 8: Consensus detected (dist: 0.000621). Patience: 1/1
[ 2026-04-18 07:46:44 | ModelPackager | INFO ] Round 8: Consensus detected (dist: 0.000737). Patience: 1/1
[ 2026-04-18 07:46:44 | ModelPackager | INFO ] 🌟 Node node is AUTHORIZED. Starting packaging & push...
[ 2026-04-18 07:46:45 | node | INFO ] 🧠 Aggregation complete. Setting new model.
[ 2026-04-18 07:46:45 | node | INFO ] 🗣️ Gossiping aggregated model.
[ 2026-04-18 07:46:45 | node_1 | INFO ] 🧠 Aggregation complete. Setting new model.
[ 2026-04-18 07:46:45 | node_3 | INFO ] 🧩 Model added for round 8 (8/8) from ['node_16']
[ 2026-04-18 07:46:45 | node_4 | INFO ] 🧩 Model added for round 8 (8/8) from ['node_18']
[ 2026-04-18 07:46:45 | node_1 | INFO ] 🗣️ Gossiping aggregated model.
[ 2026-04-18 07:46:45 | node_6 | INFO ] 🧩 Model added for round 8 (12/12) from ['node_18']
[ 2026-04-18 07:46:45 | node_9 | INFO ] 🧩 Model added for round 8 (7/8) from ['node_16']
[ 2026-04-18 07:46:46 | ModelPackager | INFO ] Round 8: Consensus detected (dist: 0.000654). Patience: 1/1
[ 2026-04-18 07:46:46 | ModelPackager | INFO ] Round 8: Consensus detected (dist: 0.000800). Patience: 1/1
[ 2026-04-18 07:46:46 | ModelPackager | INFO ] Round 8: Consensus detected (dist: 0.000583). Patience: 1/1
[ 2026-04-18 07:46:46 | node_4 | INFO ] 🧠 Aggregation complete. Setting new model.
[ 2026-04-18 07:46:46 | node_3 | INFO ] 🧠 Aggregation complete. Setting new model.
[ 2026-04-18 07:46:46 | node_6 | INFO ] 🧠 Aggregation complete. Setting new model.
[ 2026-04-18 07:46:46 | node_10 | INFO ] 🧩 Model added for round 8 (7/7) from ['node_16']
[ 2026-04-18 07:46:46 | node_4 | INFO ] 🗣️ Gossiping aggregated model.
[ 2026-04-18 07:46:46 | node_8 | INFO ] 🧩 Model added for round 8 (11/11) from ['node_18']
[ 2026-04-18 07:46:46 | node_3 | INFO ] 🗣️ Gossiping aggregated model.
[ 2026-04-18 07:46:46 | node_6 | INFO ] 🗣️ Gossiping aggregated model.
[ 2026-04-18 07:46:47 | node_14 | INFO ] 🧩 Model added for round 8 (11/11) from ['node_16']
[ 2026-04-18 07:46:47 | node_9 | INFO ] 🧩 Model added for round 8 (8/8) from ['node_18']
[ 2026-04-18 07:46:47 | ModelPackager | INFO ] Round 8: Consensus detected (dist: 0.000599). Patience: 1/1
[ 2026-04-18 07:46:47 | node_19 | INFO ] 🧩 Model added for round 8 (7/7) from ['node_16']
[ 2026-04-18 07:46:47 | ModelPackager | INFO ] Round 8: Consensus detected (dist: 0.000760). Patience: 1/1
[ 2026-04-18 07:46:48 | node_12 | INFO ] 🧩 Model added for round 8 (12/12) from ['node_18']
[ 2026-04-18 07:46:48 | node_10 | INFO ] 🧠 Aggregation complete. Setting new model.
[ 2026-04-18 07:46:48 | ModelPackager | INFO ] Round 8: Consensus detected (dist: 0.000563). Patience: 1/1
[ 2026-04-18 07:46:48 | node_8 | INFO ] 🧠 Aggregation complete. Setting new model.
[ 2026-04-18 07:46:48 | node_10 | INFO ] 🗣️ Gossiping aggregated model.
[ 2026-04-18 07:46:48 | ModelPackager | INFO ] Round 8: Consensus detected (dist: 0.000547). Patience: 1/1
[ 2026-04-18 07:46:48 | node_9 | INFO ] 🧠 Aggregation complete. Setting new model.
[ 2026-04-18 07:46:48 | node_14 | INFO ] 🧠 Aggregation complete. Setting new model.
[ 2026-04-18 07:46:49 | ModelPackager | INFO ] Round 8: Consensus detected (dist: 0.000612). Patience: 1/1
[ 2026-04-18 07:46:49 | ModelPackager | INFO ] Round 8: Consensus detected (dist: 0.000694). Patience: 1/1
[ 2026-04-18 07:46:49 | ModelPackager | INFO ] Round 8: Consensus detected (dist: 0.000795). Patience: 1/1
[ 2026-04-18 07:46:49 | node_16 | INFO ] 🧠 Aggregation complete. Setting new model.
[ 2026-04-18 07:46:49 | node_8 | INFO ] 🗣️ Gossiping aggregated model.
[ 2026-04-18 07:46:49 | node_9 | INFO ] 🗣️ Gossiping aggregated model.
[ 2026-04-18 07:46:49 | node_13 | INFO ] 🧩 Model added for round 8 (9/9) from ['node_18']
[ 2026-04-18 07:46:49 | node_16 | INFO ] 🗣️ Gossiping aggregated model.
[ 2026-04-18 07:46:49 | node_19 | INFO ] 🧠 Aggregation complete. Setting new model.
[ 2026-04-18 07:46:49 | node_14 | INFO ] 🗣️ Gossiping aggregated model.
[ 2026-04-18 07:46:49 | node_19 | INFO ] 🗣️ Gossiping aggregated model.
[ 2026-04-18 07:46:50 | node_12 | INFO ] 🧠 Aggregation complete. Setting new model.
[ 2026-04-18 07:46:50 | node_17 | INFO ] 🧩 Model added for round 8 (9/9) from ['node_18']
[ 2026-04-18 07:46:50 | ModelPackager | INFO ] Round 8: Consensus detected (dist: 0.000604). Patience: 1/1
[ 2026-04-18 07:46:50 | ModelPackager | INFO ] Round 8: Consensus detected (dist: 0.000605). Patience: 1/1
[ 2026-04-18 07:46:50 | node_12 | INFO ] 🗣️ Gossiping aggregated model.
[ 2026-04-18 07:46:50 | node_13 | INFO ] 🧠 Aggregation complete. Setting new model.
[ 2026-04-18 07:46:50 | node_10 | INFO ] 🤫 Gossip finished.
[ 2026-04-18 07:46:50 | node_10 | INFO ] 🔬 Evaluating...
[ 2026-04-18 07:46:50 | node_17 | INFO ] 🧠 Aggregation complete. Setting new model.
[ 2026-04-18 07:46:50 | node_13 | INFO ] 🗣️ Gossiping aggregated model.
[ 2026-04-18 07:46:50 | node_17 | INFO ] 🗣️ Gossiping aggregated model.
[ 2026-04-18 07:46:50 | node_10 | INFO ] 📈 Evaluated. Results: {'test_loss': 6.101711273193359, 'test_acc': 0.025423727929592133, 'test_precision': 0.19096045196056366, 'test_recall': 0.05832531675696373, 'test_f1': 0.0665367841720581, 'communication_cost': 33880272}
[ 2026-04-18 07:46:50 | node_5 | INFO ] 🤫 Gossip finished.
[ 2026-04-18 07:46:50 | node_5 | INFO ] 🔬 Evaluating...
[ 2026-04-18 07:46:51 | node_10 | INFO ] 📢 Broadcasting metrics.
[ 2026-04-18 07:46:51 | node_5 | INFO ] 📈 Evaluated. Results: {'test_loss': 3.3573813438415527, 'test_acc': 0.2142857164144516, 'test_precision': 0.5175439119338989, 'test_recall': 0.37554115056991577, 'test_f1': 0.2719169855117798, 'communication_cost': 39526984}
[ 2026-04-18 07:46:51 | node_5 | INFO ] 📢 Broadcasting metrics.
[ 2026-04-18 07:46:51 | ModelPackager | INFO ] Round 8: Consensus detected (dist: 0.000540). Patience: 1/1
[ 2026-04-18 07:46:52 | node_18 | INFO ] 🧠 Aggregation complete. Setting new model.
[ 2026-04-18 07:46:52 | node_10 | INFO ] 🎉 Round 9 of 20 finished.
[ 2026-04-18 07:46:52 | node_10 | INFO ] 🗳️ [DETERMINISTIC] Train set assigned (No Voting). Size: 20
[ 2026-04-18 07:46:52 | node_10 | INFO ] 🏋️‍♀️ Preparing training...
[ 2026-04-18 07:46:52 | node_18 | INFO ] 🗣️ Gossiping aggregated model.
[ 2026-04-18 07:46:52 | node_5 | INFO ] 🎉 Round 9 of 20 finished.
[ 2026-04-18 07:46:52 | node_5 | INFO ] 🗳️ [DETERMINISTIC] Train set assigned (No Voting). Size: 20
[ 2026-04-18 07:46:52 | node_5 | INFO ] 🏋️‍♀️ Preparing training...
[ 2026-04-18 07:46:53 | node_5 | INFO ] 🎓 Training step done.
[ 2026-04-18 07:46:53 | node_5 | INFO ] 🛠️ Calling force_add_local_model...
[ 2026-04-18 07:46:53 | node_5 | INFO ] ✅ [FORCE] Local model added for round 9. (1/8)
[ 2026-04-18 07:46:53 | node_10 | INFO ] 🎓 Training step done.
[ 2026-04-18 07:46:53 | node_10 | INFO ] 🛠️ Calling force_add_local_model...
[ 2026-04-18 07:46:53 | node_10 | INFO ] ✅ [FORCE] Local model added for round 9. (1/7)
[ 2026-04-18 07:46:58 | node_5 | INFO ] 📤 Sending model to 7 direct neighbors: ['node_4', 'node_6', 'node_11', 'node_12', 'node_13', 'node_14', 'node_19']
[ 2026-04-18 07:46:58 | node_10 | INFO ] 📤 Sending model to 6 direct neighbors: ['node_6', 'node_8', 'node_9', 'node_12', 'node_16', 'node_19']
[ 2026-04-18 07:47:00 | node_15 | INFO ] ⏹️  Gossiping exited for 10 equal rounds.
[ 2026-04-18 07:47:00 | node_15 | INFO ] 🔬 Evaluating...
[ 2026-04-18 07:47:00 | node_1 | INFO ] ⏹️  Gossiping exited for 10 equal rounds.
[ 2026-04-18 07:47:01 | node_1 | INFO ] 🔬 Evaluating...
[ 2026-04-18 07:47:01 | node_15 | INFO ] 📈 Evaluated. Results: {'test_loss': 14.75190258026123, 'test_acc': 0.0, 'test_precision': 0.0, 'test_recall': 0.0, 'test_f1': 0.0, 'communication_cost': 45173696}
[ 2026-04-18 07:47:01 | node_15 | INFO ] 📢 Broadcasting metrics.
[ 2026-04-18 07:47:01 | node_1 | INFO ] 📈 Evaluated. Results: {'test_loss': 2.0030202865600586, 'test_acc': 0.4045138955116272, 'test_precision': 0.1919579952955246, 'test_recall': 0.11080031841993332, 'test_f1': 0.12151271849870682, 'communication_cost': 50820408}
[ 2026-04-18 07:47:01 | node_1 | INFO ] 📢 Broadcasting metrics.
[ 2026-04-18 07:47:02 | node_15 | INFO ] 🎉 Round 9 of 20 finished.
[ 2026-04-18 07:47:02 | node_15 | INFO ] 🗳️ [DETERMINISTIC] Train set assigned (No Voting). Size: 20
[ 2026-04-18 07:47:02 | node_15 | INFO ] 🏋️‍♀️ Preparing training...
[ 2026-04-18 07:47:02 | node_1 | INFO ] 🎉 Round 9 of 20 finished.
[ 2026-04-18 07:47:02 | node_1 | INFO ] 🗳️ [DETERMINISTIC] Train set assigned (No Voting). Size: 20
[ 2026-04-18 07:47:02 | node_1 | INFO ] 🏋️‍♀️ Preparing training...
[ 2026-04-18 07:47:02 | node_4 | INFO ] ⏹️  Gossiping exited for 10 equal rounds.
[ 2026-04-18 07:47:02 | node_4 | INFO ] 🔬 Evaluating...
[ 2026-04-18 07:47:02 | node | INFO ] ⏹️  Gossiping exited for 10 equal rounds.
[ 2026-04-18 07:47:02 | node | INFO ] 🔬 Evaluating...
[ 2026-04-18 07:47:02 | node | INFO ] 📈 Evaluated. Results: {'test_loss': 2.5715317726135254, 'test_acc': 0.33130699396133423, 'test_precision': 0.2722056210041046, 'test_recall': 0.15498435497283936, 'test_f1': 0.17960968613624573, 'communication_cost': 39526984}
[ 2026-04-18 07:47:02 | node | INFO ] 📢 Broadcasting metrics.
[ 2026-04-18 07:47:03 | node_4 | INFO ] 📈 Evaluated. Results: {'test_loss': 1.1589785814285278, 'test_acc': 0.6300578117370605, 'test_precision': 0.210373193025589, 'test_recall': 0.13186649978160858, 'test_f1': 0.15824753046035767, 'communication_cost': 39526984}
[ 2026-04-18 07:47:03 | node_4 | INFO ] 📢 Broadcasting metrics.
[ 2026-04-18 07:47:03 | node_1 | INFO ] 🎓 Training step done.
[ 2026-04-18 07:47:03 | node_1 | INFO ] 🛠️ Calling force_add_local_model...
[ 2026-04-18 07:47:03 | node_1 | INFO ] ✅ [FORCE] Local model added for round 9. (1/10)
[ 2026-04-18 07:47:03 | node_9 | INFO ] ⏹️  Gossiping exited for 10 equal rounds.
[ 2026-04-18 07:47:03 | node_9 | INFO ] 🔬 Evaluating...
[ 2026-04-18 07:47:03 | node | INFO ] 🎉 Round 9 of 20 finished.
[ 2026-04-18 07:47:03 | node | INFO ] 🗳️ [DETERMINISTIC] Train set assigned (No Voting). Size: 20
[ 2026-04-18 07:47:03 | node | INFO ] 🏋️‍♀️ Preparing training...
[ 2026-04-18 07:47:03 | node_4 | INFO ] 🎉 Round 9 of 20 finished.
[ 2026-04-18 07:47:03 | node_4 | INFO ] 🗳️ [DETERMINISTIC] Train set assigned (No Voting). Size: 20
[ 2026-04-18 07:47:03 | node_4 | INFO ] ♻️ Proactively processing 1 early models for round 9.
[ 2026-04-18 07:47:03 | node_4 | INFO ] 🧩 Model added for round 9 (1/8) from ['node_5']
[ 2026-04-18 07:47:03 | node_4 | INFO ] 🏋️‍♀️ Preparing training...
[ 2026-04-18 07:47:03 | node_9 | INFO ] 📈 Evaluated. Results: {'test_loss': 1.2694355249404907, 'test_acc': 0.65234375, 'test_precision': 0.22144250571727753, 'test_recall': 0.13475066423416138, 'test_f1': 0.15201304852962494, 'communication_cost': 39526984}
[ 2026-04-18 07:47:03 | node_9 | INFO ] 📢 Broadcasting metrics.
[ 2026-04-18 07:47:04 | node_15 | INFO ] 🎓 Training step done.
[ 2026-04-18 07:47:04 | node_15 | INFO ] 🛠️ Calling force_add_local_model...
[ 2026-04-18 07:47:04 | node_15 | INFO ] ✅ [FORCE] Local model added for round 9. (1/9)
[ 2026-04-18 07:47:04 | node | INFO ] 🎓 Training step done.
[ 2026-04-18 07:47:04 | node_4 | INFO ] 🎓 Training step done.
[ 2026-04-18 07:47:04 | node | INFO ] 🛠️ Calling force_add_local_model...
[ 2026-04-18 07:47:04 | node_4 | INFO ] 🛠️ Calling force_add_local_model...
[ 2026-04-18 07:47:04 | node | INFO ] ✅ [FORCE] Local model added for round 9. (1/8)
[ 2026-04-18 07:47:04 | node_4 | INFO ] ✅ [FORCE] Local model added for round 9. (2/8)
[ 2026-04-18 07:47:04 | node_9 | INFO ] 🎉 Round 9 of 20 finished.
[ 2026-04-18 07:47:05 | node_9 | INFO ] 🗳️ [DETERMINISTIC] Train set assigned (No Voting). Size: 20
[ 2026-04-18 07:47:05 | node_9 | INFO ] ♻️ Proactively processing 1 early models for round 9.
[ 2026-04-18 07:47:05 | node_9 | INFO ] 🧩 Model added for round 9 (1/8) from ['node_10']
[ 2026-04-18 07:47:05 | node_9 | INFO ] 🏋️‍♀️ Preparing training...
[ 2026-04-18 07:47:05 | node_9 | INFO ] 🎓 Training step done.
[ 2026-04-18 07:47:05 | node_9 | INFO ] 🛠️ Calling force_add_local_model...
[ 2026-04-18 07:47:05 | node_9 | INFO ] ✅ [FORCE] Local model added for round 9. (2/8)
[ 2026-04-18 07:47:05 | node_7 | INFO ] ⏹️  Gossiping exited for 10 equal rounds.
[ 2026-04-18 07:47:05 | node_14 | INFO ] ⏹️  Gossiping exited for 10 equal rounds.
[ 2026-04-18 07:47:05 | node_7 | INFO ] 🔬 Evaluating...
[ 2026-04-18 07:47:05 | node_19 | INFO ] ⏹️  Gossiping exited for 10 equal rounds.
[ 2026-04-18 07:47:05 | node_14 | INFO ] 🔬 Evaluating...
[ 2026-04-18 07:47:05 | node_12 | INFO ] ⏹️  Gossiping exited for 10 equal rounds.
[ 2026-04-18 07:47:05 | node_19 | INFO ] 🔬 Evaluating...
[ 2026-04-18 07:47:05 | node_12 | INFO ] 🔬 Evaluating...
[ 2026-04-18 07:47:06 | node_14 | INFO ] 📈 Evaluated. Results: {'test_loss': 1.4115687608718872, 'test_acc': 0.654321014881134, 'test_precision': 0.27142858505249023, 'test_recall': 0.27642637491226196, 'test_f1': 0.26348039507865906, 'communication_cost': 56467120}
[ 2026-04-18 07:47:06 | node_12 | INFO ] 📈 Evaluated. Results: {'test_loss': 0.9663087129592896, 'test_acc': 0.7183098793029785, 'test_precision': 0.30394068360328674, 'test_recall': 0.1895918846130371, 'test_f1': 0.20969665050506592, 'communication_cost': 62113832}
[ 2026-04-18 07:47:06 | node_19 | INFO ] 📈 Evaluated. Results: {'test_loss': 6.390544414520264, 'test_acc': 0.2215568870306015, 'test_precision': 0.10851353406906128, 'test_recall': 0.11748208105564117, 'test_f1': 0.08615760505199432, 'communication_cost': 33880272}
[ 2026-04-18 07:47:06 | node_12 | INFO ] 📢 Broadcasting metrics.
[ 2026-04-18 07:47:06 | node_14 | INFO ] 📢 Broadcasting metrics.
[ 2026-04-18 07:47:06 | node_19 | INFO ] 📢 Broadcasting metrics.
[ 2026-04-18 07:47:06 | node_7 | INFO ] 📈 Evaluated. Results: {'test_loss': 6.762401580810547, 'test_acc': 0.15323565900325775, 'test_precision': 0.1826358586549759, 'test_recall': 0.08550652861595154, 'test_f1': 0.09199348837137222, 'communication_cost': 39526984}
[ 2026-04-18 07:47:06 | node_7 | INFO ] 📢 Broadcasting metrics.
[ 2026-04-18 07:47:07 | node_19 | INFO ] 🎉 Round 9 of 20 finished.
[ 2026-04-18 07:47:07 | node_19 | INFO ] 🗳️ [DETERMINISTIC] Train set assigned (No Voting). Size: 20
[ 2026-04-18 07:47:07 | node_19 | INFO ] ♻️ Proactively processing 1 early models for round 9.
[ 2026-04-18 07:47:07 | node_19 | INFO ] 🧩 Model added for round 9 (1/7) from ['node_10']
[ 2026-04-18 07:47:07 | node_19 | INFO ] 🏋️‍♀️ Preparing training...
[ 2026-04-18 07:47:07 | node_7 | INFO ] 🎉 Round 9 of 20 finished.
[ 2026-04-18 07:47:07 | node_7 | INFO ] 🗳️ [DETERMINISTIC] Train set assigned (No Voting). Size: 20
[ 2026-04-18 07:47:07 | node_7 | INFO ] 🏋️‍♀️ Preparing training...
[ 2026-04-18 07:47:07 | node_14 | INFO ] 🎉 Round 9 of 20 finished.
[ 2026-04-18 07:47:07 | node_14 | INFO ] 🗳️ [DETERMINISTIC] Train set assigned (No Voting). Size: 20
[ 2026-04-18 07:47:07 | node_14 | INFO ] 🏋️‍♀️ Preparing training...
[ 2026-04-18 07:47:07 | node_17 | INFO ] ⏹️  Gossiping exited for 10 equal rounds.
[ 2026-04-18 07:47:07 | node_12 | INFO ] 🎉 Round 9 of 20 finished.
[ 2026-04-18 07:47:07 | node_12 | INFO ] 🗳️ [DETERMINISTIC] Train set assigned (No Voting). Size: 20
[ 2026-04-18 07:47:07 | node_17 | INFO ] 🔬 Evaluating...
[ 2026-04-18 07:47:07 | node_12 | INFO ] ♻️ Proactively processing 2 early models for round 9.
[ 2026-04-18 07:47:07 | node_12 | INFO ] 🧩 Model added for round 9 (1/12) from ['node_10']
[ 2026-04-18 07:47:07 | node_12 | INFO ] 🧩 Model added for round 9 (2/12) from ['node_5']
[ 2026-04-18 07:47:07 | node_7 | INFO ] 🎓 Training step done.
[ 2026-04-18 07:47:07 | node_12 | INFO ] 🏋️‍♀️ Preparing training...
[ 2026-04-18 07:47:07 | node_19 | INFO ] 🎓 Training step done.
[ 2026-04-18 07:47:07 | node_7 | INFO ] 🛠️ Calling force_add_local_model...
[ 2026-04-18 07:47:07 | node_19 | INFO ] 🛠️ Calling force_add_local_model...
[ 2026-04-18 07:47:07 | node_13 | INFO ] ⏹️  Gossiping exited for 10 equal rounds.
[ 2026-04-18 07:47:07 | node_11 | INFO ] ⏹️  Gossiping exited for 10 equal rounds.
[ 2026-04-18 07:47:07 | node_17 | INFO ] 📈 Evaluated. Results: {'test_loss': 2.8984107971191406, 'test_acc': 0.3888888955116272, 'test_precision': 0.20023004710674286, 'test_recall': 0.09877879172563553, 'test_f1': 0.10637310892343521, 'communication_cost': 45173696}
[ 2026-04-18 07:47:07 | node_13 | INFO ] 🔬 Evaluating...
[ 2026-04-18 07:47:07 | node_11 | INFO ] 🔬 Evaluating...
[ 2026-04-18 07:47:07 | node_7 | INFO ] ✅ [FORCE] Local model added for round 9. (1/8)
[ 2026-04-18 07:47:07 | node_17 | INFO ] 📢 Broadcasting metrics.
[ 2026-04-18 07:47:07 | node_19 | INFO ] ✅ [FORCE] Local model added for round 9. (2/7)
[ 2026-04-18 07:47:08 | node_13 | INFO ] 📈 Evaluated. Results: {'test_loss': 5.388128757476807, 'test_acc': 0.13875597715377808, 'test_precision': 0.3241007626056671, 'test_recall': 0.33933013677597046, 'test_f1': 0.2575967311859131, 'communication_cost': 45173696}
[ 2026-04-18 07:47:08 | node_13 | INFO ] 📢 Broadcasting metrics.
[ 2026-04-18 07:47:08 | node_11 | INFO ] 📈 Evaluated. Results: {'test_loss': 1.7370342016220093, 'test_acc': 0.41896024346351624, 'test_precision': 0.18695209920406342, 'test_recall': 0.09047890454530716, 'test_f1': 0.11604039371013641, 'communication_cost': 39526984}
[ 2026-04-18 07:47:08 | node_11 | INFO ] 📢 Broadcasting metrics.
[ 2026-04-18 07:47:08 | node_12 | INFO ] 🎓 Training step done.
[ 2026-04-18 07:47:08 | node_12 | INFO ] 🛠️ Calling force_add_local_model...
[ 2026-04-18 07:47:08 | node_12 | INFO ] ✅ [FORCE] Local model added for round 9. (3/12)
[ 2026-04-18 07:47:08 | node_1 | INFO ] 📤 Sending model to 9 direct neighbors: ['node_2', 'node_6', 'node_7', 'node_11', 'node_13', 'node_14', 'node_15', 'node_16', 'node_18']
[ 2026-04-18 07:47:08 | node_17 | INFO ] 🎉 Round 9 of 20 finished.
[ 2026-04-18 07:47:08 | node_17 | INFO ] 🗳️ [DETERMINISTIC] Train set assigned (No Voting). Size: 20
[ 2026-04-18 07:47:08 | node_17 | INFO ] 🏋️‍♀️ Preparing training...
[ 2026-04-18 07:47:09 | node_7 | INFO ] 🧩 Model added for round 9 (2/8) from ['node_1']
[ 2026-04-18 07:47:09 | node_11 | INFO ] 🎉 Round 9 of 20 finished.
[ 2026-04-18 07:47:09 | node_11 | INFO ] 🗳️ [DETERMINISTIC] Train set assigned (No Voting). Size: 20
[ 2026-04-18 07:47:09 | node_13 | INFO ] 🎉 Round 9 of 20 finished.
[ 2026-04-18 07:47:09 | node_18 | INFO ] ⏹️  Gossiping exited for 10 equal rounds.
[ 2026-04-18 07:47:09 | node_13 | INFO ] 🗳️ [DETERMINISTIC] Train set assigned (No Voting). Size: 20
[ 2026-04-18 07:47:09 | node_11 | INFO ] ♻️ Proactively processing 1 early models for round 9.
[ 2026-04-18 07:47:09 | node_11 | INFO ] 🧩 Model added for round 9 (1/8) from ['node_5']
[ 2026-04-18 07:47:09 | node_11 | INFO ] 🏋️‍♀️ Preparing training...
[ 2026-04-18 07:47:09 | node_18 | INFO ] 🔬 Evaluating...
[ 2026-04-18 07:47:09 | node_13 | INFO ] ♻️ Proactively processing 1 early models for round 9.
[ 2026-04-18 07:47:09 | node_13 | INFO ] 🧩 Model added for round 9 (1/9) from ['node_5']
[ 2026-04-18 07:47:09 | node_13 | INFO ] 🏋️‍♀️ Preparing training...
[ 2026-04-18 07:47:09 | node_15 | INFO ] 📤 Sending model to 8 direct neighbors: ['node_1', 'node_2', 'node_3', 'node_6', 'node_7', 'node_8', 'node_12', 'node_19']
[ 2026-04-18 07:47:09 | node_17 | INFO ] 🎓 Training step done.
[ 2026-04-18 07:47:09 | node | INFO ] 📤 Sending model to 7 direct neighbors: ['node_4', 'node_7', 'node_8', 'node_12', 'node_14', 'node_16', 'node_18']
[ 2026-04-18 07:47:09 | node_4 | INFO ] 📤 Sending model to 7 direct neighbors: ['node', 'node_2', 'node_5', 'node_11', 'node_17', 'node_18', 'node_19']
[ 2026-04-18 07:47:09 | node_17 | INFO ] 🛠️ Calling force_add_local_model...
[ 2026-04-18 07:47:09 | node_14 | INFO ] 🎓 Training step done.
[ 2026-04-18 07:47:09 | node_17 | INFO ] ✅ [FORCE] Local model added for round 9. (1/9)
[ 2026-04-18 07:47:09 | node_18 | INFO ] 📈 Evaluated. Results: {'test_loss': 0.9265361428260803, 'test_acc': 0.6966887712478638, 'test_precision': 0.24904271960258484, 'test_recall': 0.18022172152996063, 'test_f1': 0.20325559377670288, 'communication_cost': 50820408}
[ 2026-04-18 07:47:09 | node_13 | INFO ] 🎓 Training step done.
[ 2026-04-18 07:47:09 | node_14 | INFO ] 🛠️ Calling force_add_local_model...
[ 2026-04-18 07:47:09 | node_13 | INFO ] 🛠️ Calling force_add_local_model...
[ 2026-04-18 07:47:09 | node_1 | INFO ] 🧩 Model added for round 9 (2/10) from ['node_15']
[ 2026-04-18 07:47:09 | node_18 | INFO ] 📢 Broadcasting metrics.
[ 2026-04-18 07:47:09 | node_14 | INFO ] ✅ [FORCE] Local model added for round 9. (1/11)
[ 2026-04-18 07:47:09 | node_11 | INFO ] 🎓 Training step done.
[ 2026-04-18 07:47:09 | node_13 | INFO ] ✅ [FORCE] Local model added for round 9. (2/9)
[ 2026-04-18 07:47:09 | node_11 | INFO ] 🧩 Model added for round 9 (2/8) from ['node_1']
[ 2026-04-18 07:47:09 | node_11 | INFO ] 🛠️ Calling force_add_local_model...
[ 2026-04-18 07:47:09 | node_4 | INFO ] 🧩 Model added for round 9 (3/8) from ['node']
[ 2026-04-18 07:47:09 | node_11 | INFO ] ✅ [FORCE] Local model added for round 9. (3/8)
[ 2026-04-18 07:47:09 | node | INFO ] 🧩 Model added for round 9 (2/8) from ['node_4']
[ 2026-04-18 07:47:10 | node_13 | INFO ] 🧩 Model added for round 9 (3/9) from ['node_1']
[ 2026-04-18 07:47:10 | node_7 | INFO ] 🧩 Model added for round 9 (3/8) from ['node']
[ 2026-04-18 07:47:10 | node_9 | INFO ] 📤 Sending model to 7 direct neighbors: ['node_6', 'node_7', 'node_10', 'node_13', 'node_16', 'node_17', 'node_18']
[ 2026-04-18 07:47:10 | node_5 | INFO ] 🧩 Model added for round 9 (2/8) from ['node_4']
[ 2026-04-18 07:47:11 | node_14 | INFO ] 🧩 Model added for round 9 (2/11) from ['node_1']
[ 2026-04-18 07:47:11 | node_18 | INFO ] 🎉 Round 9 of 20 finished.
[ 2026-04-18 07:47:11 | node_12 | INFO ] 🧩 Model added for round 9 (4/12) from ['node']
[ 2026-04-18 07:47:11 | node_18 | INFO ] 🗳️ [DETERMINISTIC] Train set assigned (No Voting). Size: 20
[ 2026-04-18 07:47:11 | node_18 | INFO ] 🏋️‍♀️ Preparing training...
[ 2026-04-18 07:47:11 | node_7 | INFO ] 🧩 Model added for round 9 (4/8) from ['node_9']
[ 2026-04-18 07:47:11 | node_7 | INFO ] 🧩 Model added for round 9 (5/8) from ['node_15']
[ 2026-04-18 07:47:11 | node_11 | INFO ] 🧩 Model added for round 9 (4/8) from ['node_4']
[ 2026-04-18 07:47:11 | node_15 | INFO ] 🧩 Model added for round 9 (2/9) from ['node_1']
[ 2026-04-18 07:47:11 | node_10 | INFO ] 🧩 Model added for round 9 (2/7) from ['node_9']
[ 2026-04-18 07:47:11 | node_14 | INFO ] 🧩 Model added for round 9 (3/11) from ['node']
[ 2026-04-18 07:47:11 | node_17 | INFO ] 🧩 Model added for round 9 (2/9) from ['node_4']
[ 2026-04-18 07:47:12 | node_12 | INFO ] 🧩 Model added for round 9 (5/12) from ['node_15']
[ 2026-04-18 07:47:12 | node_13 | INFO ] 🧩 Model added for round 9 (4/9) from ['node_9']
[ 2026-04-18 07:47:12 | node_18 | INFO ] 🧩 Model added for round 9 (1/10) from ['node_4']
[ 2026-04-18 07:47:12 | node_18 | INFO ] 🧩 Model added for round 9 (2/10) from ['node_1']
[ 2026-04-18 07:47:12 | node_18 | INFO ] 🎓 Training step done.
[ 2026-04-18 07:47:12 | node_18 | INFO ] 🛠️ Calling force_add_local_model...
[ 2026-04-18 07:47:12 | node_18 | INFO ] ✅ [FORCE] Local model added for round 9. (3/10)
[ 2026-04-18 07:47:12 | node_18 | INFO ] 🧩 Model added for round 9 (4/10) from ['node']
[ 2026-04-18 07:47:12 | node_7 | INFO ] 📤 Sending model to 7 direct neighbors: ['node', 'node_1', 'node_8', 'node_9', 'node_12', 'node_13', 'node_15']
[ 2026-04-18 07:47:12 | node_19 | INFO ] 📤 Sending model to 6 direct neighbors: ['node_4', 'node_5', 'node_8', 'node_10', 'node_15', 'node_16']
[ 2026-04-18 07:47:13 | node | INFO ] 🧩 Model added for round 9 (3/8) from ['node_7']
[ 2026-04-18 07:47:13 | node_19 | INFO ] 🧩 Model added for round 9 (3/7) from ['node_15']
[ 2026-04-18 07:47:13 | node_4 | INFO ] 🧩 Model added for round 9 (4/8) from ['node_19']
[ 2026-04-18 07:47:13 | node_19 | INFO ] 🧩 Model added for round 9 (4/7) from ['node_4']
[ 2026-04-18 07:47:13 | node_17 | INFO ] 🧩 Model added for round 9 (3/9) from ['node_9']
[ 2026-04-18 07:47:13 | node_12 | INFO ] 📤 Sending model to 11 direct neighbors: ['node', 'node_2', 'node_5', 'node_6', 'node_7', 'node_10', 'node_11', 'node_14', 'node_15', 'node_17', 'node_18']
[ 2026-04-18 07:47:13 | node_1 | INFO ] 🧩 Model added for round 9 (3/10) from ['node_7']
[ 2026-04-18 07:47:13 | node_5 | INFO ] 🧩 Model added for round 9 (3/8) from ['node_19']
[ 2026-04-18 07:47:13 | node | INFO ] 🧩 Model added for round 9 (4/8) from ['node_12']
[ 2026-04-18 07:47:13 | node_18 | INFO ] 🧩 Model added for round 9 (5/10) from ['node_9']
[ 2026-04-18 07:47:14 | node_10 | INFO ] 🧩 Model added for round 9 (3/7) from ['node_19']
[ 2026-04-18 07:47:14 | node_9 | INFO ] 🧩 Model added for round 9 (3/8) from ['node_7']
[ 2026-04-18 07:47:14 | node_5 | INFO ] 🧩 Model added for round 9 (4/8) from ['node_12']
[ 2026-04-18 07:47:14 | node_17 | INFO ] 📤 Sending model to 8 direct neighbors: ['node_4', 'node_6', 'node_8', 'node_9', 'node_12', 'node_13', 'node_14', 'node_18']
[ 2026-04-18 07:47:14 | node_14 | INFO ] 📤 Sending model to 10 direct neighbors: ['node', 'node_1', 'node_2', 'node_3', 'node_5', 'node_6', 'node_8', 'node_12', 'node_16', 'node_17']
[ 2026-04-18 07:47:14 | node_13 | INFO ] 📤 Sending model to 8 direct neighbors: ['node_1', 'node_2', 'node_5', 'node_6', 'node_7', 'node_9', 'node_17', 'node_18']
[ 2026-04-18 07:47:14 | node_11 | INFO ] 📤 Sending model to 7 direct neighbors: ['node_1', 'node_2', 'node_3', 'node_4', 'node_5', 'node_8', 'node_12']
[ 2026-04-18 07:47:15 | node_15 | INFO ] 🧩 Model added for round 9 (3/9) from ['node_19']
[ 2026-04-18 07:47:15 | node_4 | INFO ] 🧩 Model added for round 9 (5/8) from ['node_17']
[ 2026-04-18 07:47:15 | node_1 | INFO ] 🧩 Model added for round 9 (4/10) from ['node_13']
[ 2026-04-18 07:47:15 | node | INFO ] 🧩 Model added for round 9 (5/8) from ['node_14']
[ 2026-04-18 07:47:15 | node_12 | INFO ] 🧩 Model added for round 9 (6/12) from ['node_7']
[ 2026-04-18 07:47:15 | node_1 | INFO ] 🧩 Model added for round 9 (5/10) from ['node_11']
[ 2026-04-18 07:47:15 | node_7 | INFO ] 🧩 Model added for round 9 (6/8) from ['node_12']
[ 2026-04-18 07:47:15 | node_1 | INFO ] 🧩 Model added for round 9 (6/10) from ['node_14']
[ 2026-04-18 07:47:16 | node_9 | INFO ] 🧩 Model added for round 9 (4/8) from ['node_17']
[ 2026-04-18 07:47:16 | node_10 | INFO ] 🧩 Model added for round 9 (4/7) from ['node_12']
[ 2026-04-18 07:47:16 | node_13 | INFO ] 🧩 Model added for round 9 (5/9) from ['node_7']
[ 2026-04-18 07:47:16 | node_5 | INFO ] 🧩 Model added for round 9 (5/8) from ['node_13']
[ 2026-04-18 07:47:16 | node_4 | INFO ] 🧩 Model added for round 9 (6/8) from ['node_11']
[ 2026-04-18 07:47:16 | node_12 | INFO ] 🧩 Model added for round 9 (7/12) from ['node_17']
[ 2026-04-18 07:47:16 | node_11 | INFO ] 🧩 Model added for round 9 (5/8) from ['node_12']
[ 2026-04-18 07:47:16 | node_15 | INFO ] 🧩 Model added for round 9 (4/9) from ['node_7']
[ 2026-04-18 07:47:17 | node_7 | INFO ] 🧩 Model added for round 9 (7/8) from ['node_13']
[ 2026-04-18 07:47:17 | node_5 | INFO ] 🧩 Model added for round 9 (6/8) from ['node_11']
[ 2026-04-18 07:47:17 | node_5 | INFO ] 🧩 Model added for round 9 (7/8) from ['node_14']
[ 2026-04-18 07:47:17 | node_14 | INFO ] 🧩 Model added for round 9 (4/11) from ['node_12']
[ 2026-04-18 07:47:17 | node_3 | INFO ] ⏹️  Gossiping exited for 10 equal rounds.
[ 2026-04-18 07:47:17 | node_3 | INFO ] 🔬 Evaluating...
[ 2026-04-18 07:47:17 | node_13 | INFO ] 🧩 Model added for round 9 (6/9) from ['node_17']
[ 2026-04-18 07:47:17 | node_9 | INFO ] 🧩 Model added for round 9 (5/8) from ['node_13']
[ 2026-04-18 07:47:17 | node_6 | INFO ] ⏹️  Gossiping exited for 10 equal rounds.
[ 2026-04-18 07:47:17 | node_3 | INFO ] 📈 Evaluated. Results: {'test_loss': 2.0920369625091553, 'test_acc': 0.5142857432365417, 'test_precision': 0.43944668769836426, 'test_recall': 0.2819949984550476, 'test_f1': 0.3073558807373047, 'communication_cost': 39526984}
[ 2026-04-18 07:47:17 | node_6 | INFO ] 🔬 Evaluating...
[ 2026-04-18 07:47:17 | node_3 | INFO ] 📢 Broadcasting metrics.
[ 2026-04-18 07:47:17 | node_16 | INFO ] ⏹️  Gossiping exited for 10 equal rounds.
[ 2026-04-18 07:47:17 | node_16 | INFO ] 🔬 Evaluating...
[ 2026-04-18 07:47:17 | node_15 | INFO ] 🧩 Model added for round 9 (5/9) from ['node_12']
[ 2026-04-18 07:47:17 | node_18 | INFO ] 📤 Sending model to 9 direct neighbors: ['node', 'node_1', 'node_4', 'node_6', 'node_8', 'node_9', 'node_12', 'node_13', 'node_17']
[ 2026-04-18 07:47:17 | node_16 | INFO ] 📈 Evaluated. Results: {'test_loss': 3.2856390476226807, 'test_acc': 0.28378379344940186, 'test_precision': 0.30614036321640015, 'test_recall': 0.18106061220169067, 'test_f1': 0.19557951390743256, 'communication_cost': 39526984}
[ 2026-04-18 07:47:18 | node_16 | INFO ] 📢 Broadcasting metrics.
[ 2026-04-18 07:47:18 | node_12 | INFO ] 🧩 Model added for round 9 (8/12) from ['node_11']
[ 2026-04-18 07:47:18 | node_6 | INFO ] 📈 Evaluated. Results: {'test_loss': 1.2584491968154907, 'test_acc': 0.5666412711143494, 'test_precision': 0.15617357194423676, 'test_recall': 0.10174226760864258, 'test_f1': 0.11855493485927582, 'communication_cost': 62113832}
[ 2026-04-18 07:47:18 | node_17 | INFO ] 🧩 Model added for round 9 (4/9) from ['node_13']
[ 2026-04-18 07:47:18 | node_6 | INFO ] 📢 Broadcasting metrics.
[ 2026-04-18 07:47:18 | node_14 | INFO ] 🧩 Model added for round 9 (5/11) from ['node_17']
[ 2026-04-18 07:47:18 | node | INFO ] 🧩 Model added for round 9 (6/8) from ['node_18']
[ 2026-04-18 07:47:18 | node_12 | INFO ] 🧩 Model added for round 9 (9/12) from ['node_14']
[ 2026-04-18 07:47:18 | node_17 | INFO ] 🧩 Model added for round 9 (5/9) from ['node_12']
[ 2026-04-18 07:47:18 | node_3 | INFO ] 🎉 Round 9 of 20 finished.
[ 2026-04-18 07:47:18 | node_3 | INFO ] 🗳️ [DETERMINISTIC] Train set assigned (No Voting). Size: 20
[ 2026-04-18 07:47:18 | node_3 | INFO ] ♻️ Proactively processing 3 early models for round 9.
[ 2026-04-18 07:47:18 | node_3 | INFO ] 🧩 Model added for round 9 (1/8) from ['node_15']
[ 2026-04-18 07:47:18 | node_18 | INFO ] 🧩 Model added for round 9 (6/10) from ['node_13']
[ 2026-04-18 07:47:18 | node_3 | INFO ] 🧩 Model added for round 9 (2/8) from ['node_11']
[ 2026-04-18 07:47:18 | node_3 | INFO ] 🧩 Model added for round 9 (3/8) from ['node_14']
[ 2026-04-18 07:47:18 | node_1 | INFO ] 🧩 Model added for round 9 (7/10) from ['node_18']
[ 2026-04-18 07:47:18 | node_3 | INFO ] 🏋️‍♀️ Preparing training...
[ 2026-04-18 07:47:18 | node_18 | INFO ] 🧩 Model added for round 9 (7/10) from ['node_17']
[ 2026-04-18 07:47:18 | node_18 | INFO ] 🧩 Model added for round 9 (8/10) from ['node_12']
[ 2026-04-18 07:47:19 | node_16 | INFO ] 🎉 Round 9 of 20 finished.
[ 2026-04-18 07:47:19 | node_16 | INFO ] 🗳️ [DETERMINISTIC] Train set assigned (No Voting). Size: 20
[ 2026-04-18 07:47:19 | node_16 | INFO ] ♻️ Proactively processing 6 early models for round 9.
[ 2026-04-18 07:47:19 | node_16 | INFO ] 🧩 Model added for round 9 (1/8) from ['node_10']
[ 2026-04-18 07:47:19 | node_16 | INFO ] 🧩 Model added for round 9 (2/8) from ['node_1']
[ 2026-04-18 07:47:19 | node_16 | INFO ] 🧩 Model added for round 9 (3/8) from ['node']
[ 2026-04-18 07:47:19 | node_16 | INFO ] 🧩 Model added for round 9 (4/8) from ['node_9']
[ 2026-04-18 07:47:19 | node_16 | INFO ] 🧩 Model added for round 9 (5/8) from ['node_19']
[ 2026-04-18 07:47:19 | node_3 | INFO ] 🎓 Training step done.
[ 2026-04-18 07:47:19 | node_16 | INFO ] 🧩 Model added for round 9 (6/8) from ['node_14']
[ 2026-04-18 07:47:19 | node_8 | INFO ] ⏹️  Gossiping exited for 10 equal rounds.
[ 2026-04-18 07:47:19 | node_3 | INFO ] 🛠️ Calling force_add_local_model...
[ 2026-04-18 07:47:19 | node_16 | INFO ] 🏋️‍♀️ Preparing training...
[ 2026-04-18 07:47:19 | node_17 | INFO ] 🧩 Model added for round 9 (6/9) from ['node_14']
[ 2026-04-18 07:47:19 | node_3 | INFO ] ✅ [FORCE] Local model added for round 9. (4/8)
[ 2026-04-18 07:47:19 | node_8 | INFO ] 🔬 Evaluating...
[ 2026-04-18 07:47:19 | node_4 | INFO ] 🧩 Model added for round 9 (7/8) from ['node_18']
[ 2026-04-18 07:47:19 | node_8 | INFO ] 📈 Evaluated. Results: {'test_loss': 0.8712721467018127, 'test_acc': 0.7540983557701111, 'test_precision': 0.2888889014720917, 'test_recall': 0.20868945121765137, 'test_f1': 0.23956799507141113, 'communication_cost': 56467120}
[ 2026-04-18 07:47:19 | node_8 | INFO ] 📢 Broadcasting metrics.
[ 2026-04-18 07:47:19 | node_6 | INFO ] 🎉 Round 9 of 20 finished.
[ 2026-04-18 07:47:19 | node_6 | INFO ] 🗳️ [DETERMINISTIC] Train set assigned (No Voting). Size: 20
[ 2026-04-18 07:47:19 | node_6 | INFO ] ♻️ Proactively processing 9 early models for round 9.
[ 2026-04-18 07:47:19 | node_6 | INFO ] 🧩 Model added for round 9 (1/12) from ['node_10']
[ 2026-04-18 07:47:19 | node_2 | INFO ] ⏹️  Gossiping exited for 10 equal rounds.
[ 2026-04-18 07:47:19 | node_6 | INFO ] 🧩 Model added for round 9 (2/12) from ['node_5']
[ 2026-04-18 07:47:19 | node_6 | INFO ] 🧩 Model added for round 9 (3/12) from ['node_1']
[ 2026-04-18 07:47:19 | node_2 | INFO ] 🔬 Evaluating...
[ 2026-04-18 07:47:19 | node_6 | INFO ] 🧩 Model added for round 9 (4/12) from ['node_15']
[ 2026-04-18 07:47:19 | node_6 | INFO ] 🧩 Model added for round 9 (5/12) from ['node_9']
[ 2026-04-18 07:47:19 | node_6 | INFO ] 🧩 Model added for round 9 (6/12) from ['node_12']
[ 2026-04-18 07:47:19 | node_6 | INFO ] 🧩 Model added for round 9 (7/12) from ['node_17']
[ 2026-04-18 07:47:19 | node_6 | INFO ] 🧩 Model added for round 9 (8/12) from ['node_13']
[ 2026-04-18 07:47:19 | node_6 | INFO ] 🧩 Model added for round 9 (9/12) from ['node_14']
[ 2026-04-18 07:47:19 | node_6 | INFO ] 🏋️‍♀️ Preparing training...
[ 2026-04-18 07:47:19 | node_6 | INFO ] 🧩 Model added for round 9 (10/12) from ['node_18']
[ 2026-04-18 07:47:19 | node_16 | INFO ] 🎓 Training step done.
[ 2026-04-18 07:47:19 | node_2 | INFO ] 📈 Evaluated. Results: {'test_loss': 0.7173665165901184, 'test_acc': 0.8097826242446899, 'test_precision': 0.26737943291664124, 'test_recall': 0.22622768580913544, 'test_f1': 0.23357614874839783, 'communication_cost': 45173696}
[ 2026-04-18 07:47:19 | node_16 | INFO ] 🛠️ Calling force_add_local_model...
[ 2026-04-18 07:47:19 | node_2 | INFO ] 📢 Broadcasting metrics.
[ 2026-04-18 07:47:19 | node_16 | INFO ] ✅ [FORCE] Local model added for round 9. (7/8)
[ 2026-04-18 07:47:20 | node_9 | INFO ] 🧩 Model added for round 9 (6/8) from ['node_18']
[ 2026-04-18 07:47:20 | node_8 | INFO ] 🎉 Round 9 of 20 finished.
[ 2026-04-18 07:47:20 | node_8 | INFO ] 🗳️ [DETERMINISTIC] Train set assigned (No Voting). Size: 20
[ 2026-04-18 07:47:20 | node_6 | INFO ] 🎓 Training step done.
[ 2026-04-18 07:47:20 | node_6 | INFO ] 🛠️ Calling force_add_local_model...
[ 2026-04-18 07:47:20 | node_8 | INFO ] ♻️ Proactively processing 9 early models for round 9.
[ 2026-04-18 07:47:20 | node_8 | INFO ] 🧩 Model added for round 9 (1/11) from ['node_10']
[ 2026-04-18 07:47:20 | node_8 | INFO ] 🧩 Model added for round 9 (2/11) from ['node']
[ 2026-04-18 07:47:20 | node_8 | INFO ] 🧩 Model added for round 9 (3/11) from ['node_15']
[ 2026-04-18 07:47:20 | node_6 | INFO ] ✅ [FORCE] Local model added for round 9. (11/12)
[ 2026-04-18 07:47:20 | node_8 | INFO ] 🧩 Model added for round 9 (4/11) from ['node_7']
[ 2026-04-18 07:47:20 | node_8 | INFO ] 🧩 Model added for round 9 (5/11) from ['node_19']
[ 2026-04-18 07:47:20 | node_8 | INFO ] 🧩 Model added for round 9 (6/11) from ['node_17']
[ 2026-04-18 07:47:20 | node_8 | INFO ] 🧩 Model added for round 9 (7/11) from ['node_11']
[ 2026-04-18 07:47:20 | node_8 | INFO ] 🧩 Model added for round 9 (8/11) from ['node_14']
[ 2026-04-18 07:47:20 | node_8 | INFO ] 🧩 Model added for round 9 (9/11) from ['node_18']
[ 2026-04-18 07:47:20 | node_8 | INFO ] 🏋️‍♀️ Preparing training...
[ 2026-04-18 07:47:20 | node_2 | INFO ] 🎉 Round 9 of 20 finished.
[ 2026-04-18 07:47:20 | node_2 | INFO ] 🗳️ [DETERMINISTIC] Train set assigned (No Voting). Size: 20
[ 2026-04-18 07:47:20 | node_2 | INFO ] ♻️ Proactively processing 7 early models for round 9.
[ 2026-04-18 07:47:20 | node_2 | INFO ] 🧩 Model added for round 9 (1/9) from ['node_1']
[ 2026-04-18 07:47:20 | node_2 | INFO ] 🧩 Model added for round 9 (2/9) from ['node_4']
[ 2026-04-18 07:47:20 | node_2 | INFO ] 🧩 Model added for round 9 (3/9) from ['node_15']
[ 2026-04-18 07:47:20 | node_2 | INFO ] 🧩 Model added for round 9 (4/9) from ['node_12']
[ 2026-04-18 07:47:20 | node_2 | INFO ] 🧩 Model added for round 9 (5/9) from ['node_13']
[ 2026-04-18 07:47:20 | node_2 | INFO ] 🧩 Model added for round 9 (6/9) from ['node_11']
[ 2026-04-18 07:47:20 | node_2 | INFO ] 🧩 Model added for round 9 (7/9) from ['node_14']
[ 2026-04-18 07:47:20 | node_2 | INFO ] 🏋️‍♀️ Preparing training...
[ 2026-04-18 07:47:20 | node_12 | INFO ] 🧩 Model added for round 9 (10/12) from ['node_18']
[ 2026-04-18 07:47:21 | node_13 | INFO ] 🧩 Model added for round 9 (7/9) from ['node_18']
[ 2026-04-18 07:47:21 | node_8 | INFO ] 🎓 Training step done.
[ 2026-04-18 07:47:21 | node_8 | INFO ] 🛠️ Calling force_add_local_model...
[ 2026-04-18 07:47:21 | node_8 | INFO ] ✅ [FORCE] Local model added for round 9. (10/11)
[ 2026-04-18 07:47:21 | node_2 | INFO ] 🎓 Training step done.
[ 2026-04-18 07:47:21 | node_2 | INFO ] 🛠️ Calling force_add_local_model...
[ 2026-04-18 07:47:21 | node_2 | INFO ] ✅ [FORCE] Local model added for round 9. (8/9)
[ 2026-04-18 07:47:21 | node_17 | INFO ] 🧩 Model added for round 9 (7/9) from ['node_18']
[ 2026-04-18 07:47:24 | node_3 | INFO ] 📤 Sending model to 7 direct neighbors: ['node_2', 'node_6', 'node_8', 'node_11', 'node_14', 'node_15', 'node_16']
[ 2026-04-18 07:47:24 | node_2 | INFO ] 🧩 Model added for round 9 (9/9) from ['node_3']
[ 2026-04-18 07:47:24 | node_6 | INFO ] 🧩 Model added for round 9 (12/12) from ['node_3']
[ 2026-04-18 07:47:24 | node_16 | INFO ] 📤 Sending model to 7 direct neighbors: ['node', 'node_1', 'node_3', 'node_9', 'node_10', 'node_14', 'node_19']
[ 2026-04-18 07:47:25 | node | INFO ] 🧩 Model added for round 9 (7/8) from ['node_16']
[ 2026-04-18 07:47:25 | node_8 | INFO ] 🧩 Model added for round 9 (11/11) from ['node_3']
[ 2026-04-18 07:47:25 | node_6 | INFO ] 📤 Sending model to 11 direct neighbors: ['node_1', 'node_3', 'node_5', 'node_9', 'node_10', 'node_12', 'node_13', 'node_14', 'node_15', 'node_17', 'node_18']
[ 2026-04-18 07:47:25 | node_1 | INFO ] 🧩 Model added for round 9 (8/10) from ['node_16']
[ 2026-04-18 07:47:25 | node_1 | INFO ] 🧩 Model added for round 9 (9/10) from ['node_6']
[ 2026-04-18 07:47:26 | node_11 | INFO ] 🧩 Model added for round 9 (6/8) from ['node_3']
[ 2026-04-18 07:47:26 | node_3 | INFO ] 🧩 Model added for round 9 (5/8) from ['node_6']
[ 2026-04-18 07:47:26 | node_3 | INFO ] 🧩 Model added for round 9 (6/8) from ['node_16']
[ 2026-04-18 07:47:26 | node_14 | INFO ] 🧩 Model added for round 9 (6/11) from ['node_3']
[ 2026-04-18 07:47:26 | node_8 | INFO ] 📤 Sending model to 10 direct neighbors: ['node', 'node_3', 'node_7', 'node_10', 'node_11', 'node_14', 'node_15', 'node_17', 'node_18', 'node_19']
[ 2026-04-18 07:47:26 | node_2 | INFO ] 📤 Sending model to 8 direct neighbors: ['node_1', 'node_3', 'node_4', 'node_11', 'node_12', 'node_13', 'node_14', 'node_15']
[ 2026-04-18 07:47:26 | node_5 | INFO ] 🧩 Model added for round 9 (8/8) from ['node_6']
[ 2026-04-18 07:47:26 | node_9 | INFO ] 🧩 Model added for round 9 (7/8) from ['node_16']
[ 2026-04-18 07:47:26 | node_15 | INFO ] 🧩 Model added for round 9 (6/9) from ['node_3']
[ 2026-04-18 07:47:27 | node | INFO ] 🧩 Model added for round 9 (8/8) from ['node_8']
[ 2026-04-18 07:47:27 | node_1 | INFO ] 🧩 Model added for round 9 (10/10) from ['node_2']
[ 2026-04-18 07:47:27 | node_9 | INFO ] 🧩 Model added for round 9 (8/8) from ['node_6']
[ 2026-04-18 07:47:27 | node_10 | INFO ] 🧩 Model added for round 9 (5/7) from ['node_16']
[ 2026-04-18 07:47:27 | node_3 | INFO ] 🧩 Model added for round 9 (7/8) from ['node_8']
[ 2026-04-18 07:47:27 | node_3 | INFO ] 🧩 Model added for round 9 (8/8) from ['node_2']
[ 2026-04-18 07:47:27 | node_16 | INFO ] 🧩 Model added for round 9 (8/8) from ['node_3']
[ 2026-04-18 07:47:28 | node_10 | INFO ] 🧩 Model added for round 9 (6/7) from ['node_6']
[ 2026-04-18 07:47:28 | node_14 | INFO ] 🧩 Model added for round 9 (7/11) from ['node_16']
[ 2026-04-18 07:47:28 | node_7 | INFO ] 🧩 Model added for round 9 (8/8) from ['node_8']
[ 2026-04-18 07:47:28 | node_4 | INFO ] 🧩 Model added for round 9 (8/8) from ['node_2']
[ 2026-04-18 07:47:28 | node_12 | INFO ] 🧩 Model added for round 9 (11/12) from ['node_6']
[ 2026-04-18 07:47:28 | ModelPackager | INFO ] Round 9: Consensus detected (dist: 0.000618). Patience: 1/1
[ 2026-04-18 07:47:28 | node_14 | INFO ] 🧩 Model added for round 9 (8/11) from ['node_5']
[ 2026-04-18 07:47:28 | ModelPackager | INFO ] Round 9: Consensus detected (dist: 0.000577). Patience: 1/1
[ 2026-04-18 07:47:29 | ModelPackager | INFO ] Round 9: Consensus detected (dist: 0.000725). Patience: 1/1
[ 2026-04-18 07:47:29 | node_19 | INFO ] 🧩 Model added for round 9 (5/7) from ['node_16']
[ 2026-04-18 07:47:29 | ModelPackager | INFO ] 🌟 Node node is AUTHORIZED. Starting packaging & push...
[ 2026-04-18 07:47:29 | node_9 | INFO ] 🧠 Aggregation complete. Setting new model.
[ 2026-04-18 07:47:29 | node_10 | INFO ] 🧩 Model added for round 9 (7/7) from ['node_8']
[ 2026-04-18 07:47:29 | ModelPackager | INFO ] Round 9: Consensus detected (dist: 0.000644). Patience: 1/1
[ 2026-04-18 07:47:29 | ModelPackager | INFO ] Round 9: Consensus detected (dist: 0.000682). Patience: 1/1
[ 2026-04-18 07:47:29 | node_1 | INFO ] 🧠 Aggregation complete. Setting new model.
[ 2026-04-18 07:47:29 | ModelPackager | INFO ] Round 9: Consensus detected (dist: 0.000580). Patience: 1/1
[ 2026-04-18 07:47:29 | node | INFO ] 🧠 Aggregation complete. Setting new model.
[ 2026-04-18 07:47:29 | node_9 | INFO ] 🗣️ Gossiping aggregated model.
[ 2026-04-18 07:47:29 | node_3 | INFO ] 🧠 Aggregation complete. Setting new model.
[ 2026-04-18 07:47:29 | node | INFO ] 🗣️ Gossiping aggregated model.
[ 2026-04-18 07:47:29 | node_11 | INFO ] 🧩 Model added for round 9 (7/8) from ['node_2']
[ 2026-04-18 07:47:29 | node_4 | INFO ] 🧠 Aggregation complete. Setting new model.
[ 2026-04-18 07:47:29 | node_7 | INFO ] 🧠 Aggregation complete. Setting new model.
[ 2026-04-18 07:47:29 | node_11 | INFO ] 🧩 Model added for round 9 (8/8) from ['node_8']
[ 2026-04-18 07:47:29 | node_13 | INFO ] 🧩 Model added for round 9 (8/9) from ['node_6']
[ 2026-04-18 07:47:29 | node_1 | INFO ] 🗣️ Gossiping aggregated model.
[ 2026-04-18 07:47:29 | node_4 | INFO ] 🗣️ Gossiping aggregated model.
[ 2026-04-18 07:47:30 | node_3 | INFO ] 🗣️ Gossiping aggregated model.
[ 2026-04-18 07:47:30 | node_19 | INFO ] 🧩 Model added for round 9 (6/7) from ['node_5']
[ 2026-04-18 07:47:30 | ModelPackager | INFO ] Round 9: Consensus detected (dist: 0.000489). Patience: 1/1
[ 2026-04-18 07:47:30 | ModelPackager | INFO ] Round 9: Consensus detected (dist: 0.000611). Patience: 1/1
[ 2026-04-18 07:47:30 | ModelPackager | INFO ] Round 9: Consensus detected (dist: 0.000627). Patience: 1/1
[ 2026-04-18 07:47:30 | node_7 | INFO ] 🗣️ Gossiping aggregated model.
[ 2026-04-18 07:47:30 | node_12 | INFO ] 🧩 Model added for round 9 (12/12) from ['node_2']
[ 2026-04-18 07:47:30 | node_14 | INFO ] 🧩 Model added for round 9 (9/11) from ['node_6']
[ 2026-04-18 07:47:30 | node_11 | INFO ] 🧠 Aggregation complete. Setting new model.
[ 2026-04-18 07:47:30 | node_10 | INFO ] 🧠 Aggregation complete. Setting new model.
[ 2026-04-18 07:47:30 | node_16 | INFO ] 🧠 Aggregation complete. Setting new model.
[ 2026-04-18 07:47:30 | node_14 | INFO ] 🧩 Model added for round 9 (10/11) from ['node_8']
[ 2026-04-18 07:47:30 | node_10 | INFO ] 🗣️ Gossiping aggregated model.
[ 2026-04-18 07:47:30 | node_11 | INFO ] 🗣️ Gossiping aggregated model.
[ 2026-04-18 07:47:30 | node_16 | INFO ] 🗣️ Gossiping aggregated model.
[ 2026-04-18 07:47:31 | node_13 | INFO ] 🧩 Model added for round 9 (9/9) from ['node_2']
[ 2026-04-18 07:47:31 | node_15 | INFO ] 🧩 Model added for round 9 (7/9) from ['node_6']
[ 2026-04-18 07:47:31 | node_15 | INFO ] 🧩 Model added for round 9 (8/9) from ['node_8']
[ 2026-04-18 07:47:31 | ModelPackager | INFO ] Round 9: Consensus detected (dist: 0.000545). Patience: 1/1
[ 2026-04-18 07:47:31 | node_5 | INFO ] 🧠 Aggregation complete. Setting new model.
[ 2026-04-18 07:47:31 | node_5 | INFO ] 🗣️ Gossiping aggregated model.
[ 2026-04-18 07:47:31 | node_14 | INFO ] 🧩 Model added for round 9 (11/11) from ['node_2']
[ 2026-04-18 07:47:32 | node_17 | INFO ] 🧩 Model added for round 9 (8/9) from ['node_8']
[ 2026-04-18 07:47:32 | node_17 | INFO ] 🧩 Model added for round 9 (9/9) from ['node_6']
[ 2026-04-18 07:47:32 | ModelPackager | INFO ] Round 9: Consensus detected (dist: 0.000597). Patience: 1/1
[ 2026-04-18 07:47:32 | node_15 | INFO ] 🧩 Model added for round 9 (9/9) from ['node_2']
[ 2026-04-18 07:47:32 | node_18 | INFO ] 🧩 Model added for round 9 (9/10) from ['node_8']
[ 2026-04-18 07:47:32 | node_13 | INFO ] 🧠 Aggregation complete. Setting new model.
[ 2026-04-18 07:47:32 | ModelPackager | INFO ] Round 9: Consensus detected (dist: 0.000782). Patience: 1/1
[ 2026-04-18 07:47:32 | node_18 | INFO ] 🧩 Model added for round 9 (10/10) from ['node_6']
[ 2026-04-18 07:47:32 | node_12 | INFO ] 🧠 Aggregation complete. Setting new model.
[ 2026-04-18 07:47:33 | ModelPackager | INFO ] Round 9: Consensus detected (dist: 0.000540). Patience: 1/1
[ 2026-04-18 07:47:33 | ModelPackager | INFO ] Round 9: Consensus detected (dist: 0.000603). Patience: 1/1
[ 2026-04-18 07:47:33 | ModelPackager | INFO ] Round 9: Consensus detected (dist: 0.000537). Patience: 1/1
[ 2026-04-18 07:47:33 | node_13 | INFO ] 🗣️ Gossiping aggregated model.
[ 2026-04-18 07:47:33 | node_17 | INFO ] 🧠 Aggregation complete. Setting new model.
[ 2026-04-18 07:47:33 | node_12 | INFO ] 🗣️ Gossiping aggregated model.
[ 2026-04-18 07:47:33 | node_18 | INFO ] 🧠 Aggregation complete. Setting new model.
[ 2026-04-18 07:47:33 | node_19 | INFO ] 🧩 Model added for round 9 (7/7) from ['node_8']
[ 2026-04-18 07:47:33 | node_14 | INFO ] 🧠 Aggregation complete. Setting new model.
[ 2026-04-18 07:47:33 | node_17 | INFO ] 🗣️ Gossiping aggregated model.
[ 2026-04-18 07:47:34 | node_18 | INFO ] 🗣️ Gossiping aggregated model.
[ 2026-04-18 07:47:34 | ModelPackager | INFO ] Round 9: Consensus detected (dist: 0.000616). Patience: 1/1
[ 2026-04-18 07:47:34 | node_15 | INFO ] 🧠 Aggregation complete. Setting new model.
[ 2026-04-18 07:47:34 | ModelPackager | INFO ] Round 9: Consensus detected (dist: 0.000690). Patience: 1/1
[ 2026-04-18 07:47:34 | ModelPackager | INFO ] Round 9: Consensus detected (dist: 0.000651). Patience: 1/1
[ 2026-04-18 07:47:34 | node_14 | INFO ] 🗣️ Gossiping aggregated model.
[ 2026-04-18 07:47:34 | node_19 | INFO ] 🧠 Aggregation complete. Setting new model.
[ 2026-04-18 07:47:34 | node_15 | INFO ] 🗣️ Gossiping aggregated model.
[ 2026-04-18 07:47:35 | node_19 | INFO ] 🗣️ Gossiping aggregated model.
[ 2026-04-18 07:47:35 | node_2 | INFO ] 🧠 Aggregation complete. Setting new model.
[ 2026-04-18 07:47:35 | node_2 | INFO ] 🗣️ Gossiping aggregated model.
[ 2026-04-18 07:47:35 | ModelPackager | INFO ] Round 9: Consensus detected (dist: 0.000787). Patience: 1/1
[ 2026-04-18 07:47:35 | ModelPackager | INFO ] Round 9: Consensus detected (dist: 0.000748). Patience: 1/1
[ 2026-04-18 07:47:35 | node_8 | INFO ] 🧠 Aggregation complete. Setting new model.
[ 2026-04-18 07:47:36 | node_6 | INFO ] 🧠 Aggregation complete. Setting new model.
[ 2026-04-18 07:47:36 | node_8 | INFO ] 🗣️ Gossiping aggregated model.
[ 2026-04-18 07:47:36 | node_6 | INFO ] 🗣️ Gossiping aggregated model.
[ 2026-04-18 07:47:43 | node_9 | INFO ] ⏹️  Gossiping exited for 10 equal rounds.
[ 2026-04-18 07:47:43 | node_9 | INFO ] 🔬 Evaluating...
[ 2026-04-18 07:47:44 | node_9 | INFO ] 📈 Evaluated. Results: {'test_loss': 1.1145352125167847, 'test_acc': 0.6705729365348816, 'test_precision': 0.23677484691143036, 'test_recall': 0.1484411358833313, 'test_f1': 0.16606974601745605, 'communication_cost': 39526984}
[ 2026-04-18 07:47:44 | node_9 | INFO ] 📢 Broadcasting metrics.
[ 2026-04-18 07:47:44 | node_9 | INFO ] 🎉 Round 10 of 20 finished.
[ 2026-04-18 07:47:44 | node_9 | INFO ] 🗳️ [DETERMINISTIC] Train set assigned (No Voting). Size: 20
[ 2026-04-18 07:47:44 | node_9 | INFO ] 🏋️‍♀️ Preparing training...
[ 2026-04-18 07:47:45 | node_10 | INFO ] ⏹️  Gossiping exited for 10 equal rounds.
[ 2026-04-18 07:47:45 | node_10 | INFO ] 🔬 Evaluating...
[ 2026-04-18 07:47:45 | node_10 | INFO ] 📈 Evaluated. Results: {'test_loss': 6.226909637451172, 'test_acc': 0.025423727929592133, 'test_precision': 0.1549636870622635, 'test_recall': 0.06688066571950912, 'test_f1': 0.07641604542732239, 'communication_cost': 33880272}
[ 2026-04-18 07:47:45 | node_10 | INFO ] 📢 Broadcasting metrics.
[ 2026-04-18 07:47:45 | node_9 | INFO ] 🎓 Training step done.
[ 2026-04-18 07:47:45 | node_9 | INFO ] 🛠️ Calling force_add_local_model...
[ 2026-04-18 07:47:45 | node_9 | INFO ] ✅ [FORCE] Local model added for round 10. (1/8)
[ 2026-04-18 07:47:46 | node_7 | INFO ] ⏹️  Gossiping exited for 10 equal rounds.
[ 2026-04-18 07:47:46 | node_7 | INFO ] 🔬 Evaluating...
[ 2026-04-18 07:47:46 | node_10 | INFO ] 🎉 Round 10 of 20 finished.
[ 2026-04-18 07:47:46 | node_10 | INFO ] 🗳️ [DETERMINISTIC] Train set assigned (No Voting). Size: 20
[ 2026-04-18 07:47:46 | node_10 | INFO ] 🏋️‍♀️ Preparing training...
[ 2026-04-18 07:47:46 | node_7 | INFO ] 📈 Evaluated. Results: {'test_loss': 6.204739093780518, 'test_acc': 0.1636141687631607, 'test_precision': 0.2198544591665268, 'test_recall': 0.0861329734325409, 'test_f1': 0.0935593694448471, 'communication_cost': 39526984}
[ 2026-04-18 07:47:46 | node_7 | INFO ] 📢 Broadcasting metrics.
[ 2026-04-18 07:47:46 | node_16 | INFO ] ⏹️  Gossiping exited for 10 equal rounds.
[ 2026-04-18 07:47:46 | node_16 | INFO ] 🔬 Evaluating...
[ 2026-04-18 07:47:47 | node_5 | INFO ] ⏹️  Gossiping exited for 10 equal rounds.
[ 2026-04-18 07:47:47 | node | INFO ] ⏹️  Gossiping exited for 10 equal rounds.
[ 2026-04-18 07:47:47 | node_5 | INFO ] 🔬 Evaluating...
[ 2026-04-18 07:47:47 | node | INFO ] 🔬 Evaluating...
[ 2026-04-18 07:47:47 | node_16 | INFO ] 📈 Evaluated. Results: {'test_loss': 3.161057710647583, 'test_acc': 0.29729729890823364, 'test_precision': 0.3194444477558136, 'test_recall': 0.20606060326099396, 'test_f1': 0.21014651656150818, 'communication_cost': 39526984}
[ 2026-04-18 07:47:47 | node_16 | INFO ] 📢 Broadcasting metrics.
[ 2026-04-18 07:47:47 | node_5 | INFO ] 📈 Evaluated. Results: {'test_loss': 3.2186951637268066, 'test_acc': 0.2857142984867096, 'test_precision': 0.5208333730697632, 'test_recall': 0.40584415197372437, 'test_f1': 0.31481480598449707, 'communication_cost': 39526984}
[ 2026-04-18 07:47:47 | node_7 | INFO ] 🎉 Round 10 of 20 finished.
[ 2026-04-18 07:47:47 | node_5 | INFO ] 📢 Broadcasting metrics.
[ 2026-04-18 07:47:47 | node_7 | INFO ] 🗳️ [DETERMINISTIC] Train set assigned (No Voting). Size: 20
[ 2026-04-18 07:47:47 | node_7 | INFO ] 🏋️‍♀️ Preparing training...
[ 2026-04-18 07:47:47 | node | INFO ] 📈 Evaluated. Results: {'test_loss': 2.5043704509735107, 'test_acc': 0.3130699098110199, 'test_precision': 0.3282484710216522, 'test_recall': 0.1594099998474121, 'test_f1': 0.18883547186851501, 'communication_cost': 39526984}
[ 2026-04-18 07:47:47 | node | INFO ] 📢 Broadcasting metrics.
[ 2026-04-18 07:47:47 | node_7 | INFO ] 🎓 Training step done.
[ 2026-04-18 07:47:47 | node_7 | INFO ] 🛠️ Calling force_add_local_model...
[ 2026-04-18 07:47:47 | node_7 | INFO ] ✅ [FORCE] Local model added for round 10. (1/8)
[ 2026-04-18 07:47:47 | node_10 | INFO ] 🎓 Training step done.
[ 2026-04-18 07:47:48 | node_10 | INFO ] 🛠️ Calling force_add_local_model...
[ 2026-04-18 07:47:48 | node_10 | INFO ] ✅ [FORCE] Local model added for round 10. (1/7)
[ 2026-04-18 07:47:48 | node_16 | INFO ] 🎉 Round 10 of 20 finished.
[ 2026-04-18 07:47:48 | node_16 | INFO ] 🗳️ [DETERMINISTIC] Train set assigned (No Voting). Size: 20
[ 2026-04-18 07:47:48 | node_16 | INFO ] 🏋️‍♀️ Preparing training...
[ 2026-04-18 07:47:48 | node | INFO ] 🎉 Round 10 of 20 finished.
[ 2026-04-18 07:47:48 | node | INFO ] 🗳️ [DETERMINISTIC] Train set assigned (No Voting). Size: 20
[ 2026-04-18 07:47:48 | node | INFO ] 🏋️‍♀️ Preparing training...
[ 2026-04-18 07:47:48 | node_5 | INFO ] 🎉 Round 10 of 20 finished.
[ 2026-04-18 07:47:48 | node_5 | INFO ] 🗳️ [DETERMINISTIC] Train set assigned (No Voting). Size: 20
[ 2026-04-18 07:47:48 | node_5 | INFO ] 🏋️‍♀️ Preparing training...
[ 2026-04-18 07:47:48 | node | INFO ] 🎓 Training step done.
[ 2026-04-18 07:47:49 | node | INFO ] 🛠️ Calling force_add_local_model...
[ 2026-04-18 07:47:49 | node_16 | INFO ] 🎓 Training step done.
[ 2026-04-18 07:47:49 | node | INFO ] ✅ [FORCE] Local model added for round 10. (1/8)
[ 2026-04-18 07:47:49 | node_16 | INFO ] 🛠️ Calling force_add_local_model...
[ 2026-04-18 07:47:49 | node_16 | INFO ] ✅ [FORCE] Local model added for round 10. (1/8)
[ 2026-04-18 07:47:49 | node_17 | INFO ] ⏹️  Gossiping exited for 10 equal rounds.
[ 2026-04-18 07:47:49 | node_13 | INFO ] ⏹️  Gossiping exited for 10 equal rounds.
[ 2026-04-18 07:47:49 | node_17 | INFO ] 🔬 Evaluating...
[ 2026-04-18 07:47:49 | node_13 | INFO ] 🔬 Evaluating...
[ 2026-04-18 07:47:49 | node_18 | INFO ] ⏹️  Gossiping exited for 10 equal rounds.
[ 2026-04-18 07:47:49 | node_5 | INFO ] 🎓 Training step done.
[ 2026-04-18 07:47:49 | node_5 | INFO ] 🛠️ Calling force_add_local_model...
[ 2026-04-18 07:47:49 | node_18 | INFO ] 🔬 Evaluating...
[ 2026-04-18 07:47:49 | node_5 | INFO ] ✅ [FORCE] Local model added for round 10. (1/8)
[ 2026-04-18 07:47:49 | node_17 | INFO ] 📈 Evaluated. Results: {'test_loss': 2.7314414978027344, 'test_acc': 0.39444443583488464, 'test_precision': 0.20023004710674286, 'test_recall': 0.10062583535909653, 'test_f1': 0.10963862389326096, 'communication_cost': 45173696}
[ 2026-04-18 07:47:49 | node_17 | INFO ] 📢 Broadcasting metrics.
[ 2026-04-18 07:47:49 | node_13 | INFO ] 📈 Evaluated. Results: {'test_loss': 5.181946277618408, 'test_acc': 0.1435406655073166, 'test_precision': 0.32321715354919434, 'test_recall': 0.34239232540130615, 'test_f1': 0.2580828070640564, 'communication_cost': 45173696}
[ 2026-04-18 07:47:49 | node_13 | INFO ] 📢 Broadcasting metrics.
[ 2026-04-18 07:47:49 | node_18 | INFO ] 📈 Evaluated. Results: {'test_loss': 0.830775797367096, 'test_acc': 0.7231788039207458, 'test_precision': 0.2510477900505066, 'test_recall': 0.19004453718662262, 'test_f1': 0.21048606932163239, 'communication_cost': 50820408}
[ 2026-04-18 07:47:49 | node_18 | INFO ] 📢 Broadcasting metrics.
[ 2026-04-18 07:47:49 | node_19 | INFO ] ⏹️  Gossiping exited for 10 equal rounds.
[ 2026-04-18 07:47:49 | node_19 | INFO ] 🔬 Evaluating...
[ 2026-04-18 07:47:49 | node_19 | INFO ] 📈 Evaluated. Results: {'test_loss': 5.606876850128174, 'test_acc': 0.2514970004558563, 'test_precision': 0.13120056688785553, 'test_recall': 0.14733712375164032, 'test_f1': 0.11643476039171219, 'communication_cost': 33880272}
[ 2026-04-18 07:47:49 | node_19 | INFO ] 📢 Broadcasting metrics.
[ 2026-04-18 07:47:50 | node_17 | INFO ] 🎉 Round 10 of 20 finished.
[ 2026-04-18 07:47:50 | node_17 | INFO ] 🗳️ [DETERMINISTIC] Train set assigned (No Voting). Size: 20
[ 2026-04-18 07:47:50 | node_17 | INFO ] 🏋️‍♀️ Preparing training...
[ 2026-04-18 07:47:50 | node_13 | INFO ] 🎉 Round 10 of 20 finished.
[ 2026-04-18 07:47:50 | node_13 | INFO ] 🗳️ [DETERMINISTIC] Train set assigned (No Voting). Size: 20
[ 2026-04-18 07:47:50 | node_13 | INFO ] 🏋️‍♀️ Preparing training...
[ 2026-04-18 07:47:50 | node_15 | INFO ] ⏹️  Gossiping exited for 10 equal rounds.
[ 2026-04-18 07:47:50 | node_14 | INFO ] ⏹️  Gossiping exited for 10 equal rounds.
[ 2026-04-18 07:47:50 | node_15 | INFO ] 🔬 Evaluating...
[ 2026-04-18 07:47:50 | node_14 | INFO ] 🔬 Evaluating...
[ 2026-04-18 07:47:50 | node_2 | INFO ] ⏹️  Gossiping exited for 10 equal rounds.
[ 2026-04-18 07:47:50 | node_2 | INFO ] 🔬 Evaluating...
[ 2026-04-18 07:47:50 | node_18 | INFO ] 🎉 Round 10 of 20 finished.
[ 2026-04-18 07:47:50 | node_13 | INFO ] 🎓 Training step done.
[ 2026-04-18 07:47:50 | node_13 | INFO ] 🛠️ Calling force_add_local_model...
[ 2026-04-18 07:47:50 | node_18 | INFO ] 🗳️ [DETERMINISTIC] Train set assigned (No Voting). Size: 20
[ 2026-04-18 07:47:50 | node_13 | INFO ] ✅ [FORCE] Local model added for round 10. (1/9)
[ 2026-04-18 07:47:50 | node_14 | INFO ] 📈 Evaluated. Results: {'test_loss': 1.3330305814743042, 'test_acc': 0.6419752836227417, 'test_precision': 0.25757575035095215, 'test_recall': 0.2736252546310425, 'test_f1': 0.2548705041408539, 'communication_cost': 56467120}
[ 2026-04-18 07:47:50 | node_18 | INFO ] 🏋️‍♀️ Preparing training...
[ 2026-04-18 07:47:50 | node_14 | INFO ] 📢 Broadcasting metrics.
[ 2026-04-18 07:47:50 | node_19 | INFO ] 🎉 Round 10 of 20 finished.
[ 2026-04-18 07:47:50 | node_15 | INFO ] 📈 Evaluated. Results: {'test_loss': 13.41415786743164, 'test_acc': 0.0, 'test_precision': 0.0, 'test_recall': 0.0, 'test_f1': 0.0, 'communication_cost': 45173696}
[ 2026-04-18 07:47:50 | node_19 | INFO ] 🗳️ [DETERMINISTIC] Train set assigned (No Voting). Size: 20
[ 2026-04-18 07:47:50 | node_15 | INFO ] 📢 Broadcasting metrics.
[ 2026-04-18 07:47:50 | node_2 | INFO ] 📈 Evaluated. Results: {'test_loss': 0.6836655139923096, 'test_acc': 0.8170289993286133, 'test_precision': 0.24836930632591248, 'test_recall': 0.2103388011455536, 'test_f1': 0.21660219132900238, 'communication_cost': 45173696}
[ 2026-04-18 07:47:50 | node_19 | INFO ] 🏋️‍♀️ Preparing training...
[ 2026-04-18 07:47:50 | node_2 | INFO ] 📢 Broadcasting metrics.
[ 2026-04-18 07:47:51 | node_9 | INFO ] 📤 Sending model to 7 direct neighbors: ['node_6', 'node_7', 'node_10', 'node_13', 'node_16', 'node_17', 'node_18']
[ 2026-04-18 07:47:51 | node_17 | INFO ] 🎓 Training step done.
[ 2026-04-18 07:47:51 | node_17 | INFO ] 🛠️ Calling force_add_local_model...
[ 2026-04-18 07:47:51 | node_17 | INFO ] ✅ [FORCE] Local model added for round 10. (1/9)
[ 2026-04-18 07:47:51 | node_19 | INFO ] 🎓 Training step done.
[ 2026-04-18 07:47:51 | node_19 | INFO ] 🛠️ Calling force_add_local_model...
[ 2026-04-18 07:47:51 | node_19 | INFO ] ✅ [FORCE] Local model added for round 10. (1/7)
[ 2026-04-18 07:47:51 | node_7 | INFO ] 🧩 Model added for round 10 (2/8) from ['node_9']
[ 2026-04-18 07:47:51 | node_10 | INFO ] 🧩 Model added for round 10 (2/7) from ['node_9']
[ 2026-04-18 07:47:51 | node_8 | INFO ] ⏹️  Gossiping exited for 10 equal rounds.
[ 2026-04-18 07:47:51 | node_15 | INFO ] 🎉 Round 10 of 20 finished.
[ 2026-04-18 07:47:51 | node_15 | INFO ] 🗳️ [DETERMINISTIC] Train set assigned (No Voting). Size: 20
[ 2026-04-18 07:47:51 | node_15 | INFO ] 🏋️‍♀️ Preparing training...
[ 2026-04-18 07:47:51 | node_8 | INFO ] 🔬 Evaluating...
[ 2026-04-18 07:47:51 | node_2 | INFO ] 🎉 Round 10 of 20 finished.
[ 2026-04-18 07:47:52 | node_2 | INFO ] 🗳️ [DETERMINISTIC] Train set assigned (No Voting). Size: 20
[ 2026-04-18 07:47:52 | node_2 | INFO ] 🏋️‍♀️ Preparing training...
[ 2026-04-18 07:47:52 | node_14 | INFO ] 🎉 Round 10 of 20 finished.
[ 2026-04-18 07:47:52 | node_14 | INFO ] 🗳️ [DETERMINISTIC] Train set assigned (No Voting). Size: 20
[ 2026-04-18 07:47:52 | node_18 | INFO ] 🎓 Training step done.
[ 2026-04-18 07:47:52 | node_18 | INFO ] 🛠️ Calling force_add_local_model...
[ 2026-04-18 07:47:52 | node_14 | INFO ] 🏋️‍♀️ Preparing training...
[ 2026-04-18 07:47:52 | node_18 | INFO ] ✅ [FORCE] Local model added for round 10. (1/10)
[ 2026-04-18 07:47:52 | node_8 | INFO ] 📈 Evaluated. Results: {'test_loss': 0.7434464693069458, 'test_acc': 0.7704917788505554, 'test_precision': 0.2810283899307251, 'test_recall': 0.19658119976520538, 'test_f1': 0.22507122159004211, 'communication_cost': 56467120}
[ 2026-04-18 07:47:52 | node_8 | INFO ] 📢 Broadcasting metrics.
[ 2026-04-18 07:47:52 | node_13 | INFO ] 🧩 Model added for round 10 (2/9) from ['node_9']
[ 2026-04-18 07:47:52 | node_6 | INFO ] ⏹️  Gossiping exited for 10 equal rounds.
[ 2026-04-18 07:47:52 | node_6 | INFO ] 🔬 Evaluating...
[ 2026-04-18 07:47:52 | node_16 | INFO ] 🧩 Model added for round 10 (2/8) from ['node_9']
[ 2026-04-18 07:47:52 | node_2 | INFO ] 🎓 Training step done.
[ 2026-04-18 07:47:52 | node_2 | INFO ] 🛠️ Calling force_add_local_model...
[ 2026-04-18 07:47:52 | node_2 | INFO ] ✅ [FORCE] Local model added for round 10. (1/9)
[ 2026-04-18 07:47:52 | node_7 | INFO ] 📤 Sending model to 7 direct neighbors: ['node', 'node_1', 'node_8', 'node_9', 'node_12', 'node_13', 'node_15']
[ 2026-04-18 07:47:53 | node_6 | INFO ] 📈 Evaluated. Results: {'test_loss': 1.1511045694351196, 'test_acc': 0.6085301041603088, 'test_precision': 0.16628135740756989, 'test_recall': 0.11473791301250458, 'test_f1': 0.13139216601848602, 'communication_cost': 62113832}
[ 2026-04-18 07:47:53 | node_6 | INFO ] 📢 Broadcasting metrics.
[ 2026-04-18 07:47:53 | node_10 | INFO ] 📤 Sending model to 6 direct neighbors: ['node_6', 'node_8', 'node_9', 'node_12', 'node_16', 'node_19']
[ 2026-04-18 07:47:53 | node | INFO ] 🧩 Model added for round 10 (2/8) from ['node_7']
[ 2026-04-18 07:47:53 | node_17 | INFO ] 🧩 Model added for round 10 (2/9) from ['node_9']
[ 2026-04-18 07:47:53 | node_8 | INFO ] 🎉 Round 10 of 20 finished.
[ 2026-04-18 07:47:53 | node_8 | INFO ] 🗳️ [DETERMINISTIC] Train set assigned (No Voting). Size: 20
[ 2026-04-18 07:47:53 | node_8 | INFO ] ♻️ Proactively processing 1 early models for round 10.
[ 2026-04-18 07:47:53 | node_8 | INFO ] 🧩 Model added for round 10 (1/11) from ['node_10']
[ 2026-04-18 07:47:53 | node_8 | INFO ] 🏋️‍♀️ Preparing training...
[ 2026-04-18 07:47:53 | node_9 | INFO ] 🧩 Model added for round 10 (2/8) from ['node_10']
[ 2026-04-18 07:47:54 | node_18 | INFO ] 🧩 Model added for round 10 (2/10) from ['node_9']
[ 2026-04-18 07:47:54 | node_8 | INFO ] 🧩 Model added for round 10 (2/11) from ['node_7']
[ 2026-04-18 07:47:54 | node | INFO ] 📤 Sending model to 7 direct neighbors: ['node_4', 'node_7', 'node_8', 'node_12', 'node_14', 'node_16', 'node_18']
[ 2026-04-18 07:47:54 | node_16 | INFO ] 📤 Sending model to 7 direct neighbors: ['node', 'node_1', 'node_3', 'node_9', 'node_10', 'node_14', 'node_19']
[ 2026-04-18 07:47:54 | node_15 | INFO ] 🎓 Training step done.
[ 2026-04-18 07:47:54 | node_15 | INFO ] 🛠️ Calling force_add_local_model...
[ 2026-04-18 07:47:54 | node_15 | INFO ] ✅ [FORCE] Local model added for round 10. (1/9)
[ 2026-04-18 07:47:54 | node_14 | INFO ] 🎓 Training step done.
[ 2026-04-18 07:47:54 | node | INFO ] 🧩 Model added for round 10 (3/8) from ['node_16']
[ 2026-04-18 07:47:54 | node_14 | INFO ] 🛠️ Calling force_add_local_model...
[ 2026-04-18 07:47:54 | node_5 | INFO ] 📤 Sending model to 7 direct neighbors: ['node_4', 'node_6', 'node_11', 'node_12', 'node_13', 'node_14', 'node_19']
[ 2026-04-18 07:47:54 | node_14 | INFO ] ✅ [FORCE] Local model added for round 10. (1/11)
[ 2026-04-18 07:47:54 | node_16 | INFO ] 🧩 Model added for round 10 (3/8) from ['node_10']
[ 2026-04-18 07:47:54 | node_7 | INFO ] 🧩 Model added for round 10 (3/8) from ['node']
[ 2026-04-18 07:47:54 | node_8 | INFO ] 🎓 Training step done.
[ 2026-04-18 07:47:54 | node_8 | INFO ] 🛠️ Calling force_add_local_model...
[ 2026-04-18 07:47:54 | node_8 | INFO ] ✅ [FORCE] Local model added for round 10. (3/11)
[ 2026-04-18 07:47:54 | node_9 | INFO ] 🧩 Model added for round 10 (3/8) from ['node_7']
[ 2026-04-18 07:47:55 | node_6 | INFO ] 🎉 Round 10 of 20 finished.
[ 2026-04-18 07:47:55 | node_19 | INFO ] 🧩 Model added for round 10 (2/7) from ['node_10']
[ 2026-04-18 07:47:55 | node_8 | INFO ] 🧩 Model added for round 10 (4/11) from ['node']
[ 2026-04-18 07:47:55 | node_6 | INFO ] 🗳️ [DETERMINISTIC] Train set assigned (No Voting). Size: 20
[ 2026-04-18 07:47:55 | node_6 | INFO ] ♻️ Proactively processing 3 early models for round 10.
[ 2026-04-18 07:47:55 | node_6 | INFO ] 🧩 Model added for round 10 (1/12) from ['node_9']
[ 2026-04-18 07:47:55 | node_6 | INFO ] 🧩 Model added for round 10 (2/12) from ['node_10']
[ 2026-04-18 07:47:55 | node_6 | INFO ] 🧩 Model added for round 10 (3/12) from ['node_5']
[ 2026-04-18 07:47:55 | node_6 | INFO ] 🏋️‍♀️ Preparing training...
[ 2026-04-18 07:47:55 | node_9 | INFO ] 🧩 Model added for round 10 (4/8) from ['node_16']
[ 2026-04-18 07:47:55 | node_13 | INFO ] 🧩 Model added for round 10 (3/9) from ['node_5']
[ 2026-04-18 07:47:55 | node_13 | INFO ] 🧩 Model added for round 10 (4/9) from ['node_7']
[ 2026-04-18 07:47:55 | node_13 | INFO ] 📤 Sending model to 8 direct neighbors: ['node_1', 'node_2', 'node_5', 'node_6', 'node_7', 'node_9', 'node_17', 'node_18']
[ 2026-04-18 07:47:56 | node_10 | INFO ] 🧩 Model added for round 10 (3/7) from ['node_16']
[ 2026-04-18 07:47:56 | node_17 | INFO ] 📤 Sending model to 8 direct neighbors: ['node_4', 'node_6', 'node_8', 'node_9', 'node_12', 'node_13', 'node_14', 'node_18']
[ 2026-04-18 07:47:56 | node_14 | INFO ] 🧩 Model added for round 10 (2/11) from ['node_5']
[ 2026-04-18 07:47:56 | node_6 | INFO ] 🎓 Training step done.
[ 2026-04-18 07:47:56 | node_6 | INFO ] 🛠️ Calling force_add_local_model...
[ 2026-04-18 07:47:56 | node_14 | INFO ] 🧩 Model added for round 10 (3/11) from ['node']
[ 2026-04-18 07:47:56 | node_15 | INFO ] 🧩 Model added for round 10 (2/9) from ['node_7']
[ 2026-04-18 07:47:56 | node_2 | INFO ] 🧩 Model added for round 10 (2/9) from ['node_13']
[ 2026-04-18 07:47:56 | node_6 | INFO ] ✅ [FORCE] Local model added for round 10. (4/12)
[ 2026-04-18 07:47:56 | node_19 | INFO ] 📤 Sending model to 6 direct neighbors: ['node_4', 'node_5', 'node_8', 'node_10', 'node_15', 'node_16']
[ 2026-04-18 07:47:56 | node_14 | INFO ] 🧩 Model added for round 10 (4/11) from ['node_16']
[ 2026-04-18 07:47:56 | node_6 | INFO ] 🧩 Model added for round 10 (5/12) from ['node_17']
[ 2026-04-18 07:47:56 | node_5 | INFO ] 🧩 Model added for round 10 (2/8) from ['node_19']
[ 2026-04-18 07:47:56 | node_19 | INFO ] 🧩 Model added for round 10 (3/7) from ['node_5']
[ 2026-04-18 07:47:57 | node_5 | INFO ] 🧩 Model added for round 10 (3/8) from ['node_13']
[ 2026-04-18 07:47:57 | node_16 | INFO ] 🧩 Model added for round 10 (4/8) from ['node']
[ 2026-04-18 07:47:57 | node_18 | INFO ] 📤 Sending model to 9 direct neighbors: ['node', 'node_1', 'node_4', 'node_6', 'node_8', 'node_9', 'node_12', 'node_13', 'node_17']
[ 2026-04-18 07:47:57 | node_19 | INFO ] 🧩 Model added for round 10 (4/7) from ['node_16']
[ 2026-04-18 07:47:57 | node_8 | INFO ] 🧩 Model added for round 10 (5/11) from ['node_19']
[ 2026-04-18 07:47:57 | node_8 | INFO ] 🧩 Model added for round 10 (6/11) from ['node_17']
[ 2026-04-18 07:47:57 | node | INFO ] 🧩 Model added for round 10 (4/8) from ['node_18']
[ 2026-04-18 07:47:57 | node_6 | INFO ] 🧩 Model added for round 10 (6/12) from ['node_13']
[ 2026-04-18 07:47:57 | node_18 | INFO ] 🧩 Model added for round 10 (3/10) from ['node']
[ 2026-04-18 07:47:57 | node_2 | INFO ] 📤 Sending model to 8 direct neighbors: ['node_1', 'node_3', 'node_4', 'node_11', 'node_12', 'node_13', 'node_14', 'node_15']
[ 2026-04-18 07:47:58 | node_10 | INFO ] 🧩 Model added for round 10 (4/7) from ['node_19']
[ 2026-04-18 07:47:58 | node_9 | INFO ] 🧩 Model added for round 10 (5/8) from ['node_17']
[ 2026-04-18 07:47:58 | node_7 | INFO ] 🧩 Model added for round 10 (4/8) from ['node_13']
[ 2026-04-18 07:47:58 | node_6 | INFO ] 🧩 Model added for round 10 (7/12) from ['node_18']
[ 2026-04-18 07:47:58 | node_1 | INFO ] ⏹️  Gossiping exited for 10 equal rounds.
[ 2026-04-18 07:47:58 | node_1 | INFO ] 🔬 Evaluating...
[ 2026-04-18 07:47:58 | node_15 | INFO ] 🧩 Model added for round 10 (3/9) from ['node_19']
[ 2026-04-18 07:47:58 | node_9 | INFO ] 🧩 Model added for round 10 (6/8) from ['node_13']
[ 2026-04-18 07:47:58 | node_1 | INFO ] 📈 Evaluated. Results: {'test_loss': 2.062312126159668, 'test_acc': 0.4079861044883728, 'test_precision': 0.19652880728244781, 'test_recall': 0.11553546786308289, 'test_f1': 0.12493535876274109, 'communication_cost': 50820408}
[ 2026-04-18 07:47:59 | node_13 | INFO ] 🧩 Model added for round 10 (5/9) from ['node_17']
[ 2026-04-18 07:47:59 | node_3 | INFO ] ⏹️  Gossiping exited for 10 equal rounds.
[ 2026-04-18 07:47:59 | node_1 | INFO ] 📢 Broadcasting metrics.
[ 2026-04-18 07:47:59 | node_3 | INFO ] 🔬 Evaluating...
[ 2026-04-18 07:47:59 | node_8 | INFO ] 🧩 Model added for round 10 (7/11) from ['node_18']
[ 2026-04-18 07:47:59 | node_15 | INFO ] 📤 Sending model to 8 direct neighbors: ['node_1', 'node_2', 'node_3', 'node_6', 'node_7', 'node_8', 'node_12', 'node_19']
[ 2026-04-18 07:47:59 | node_16 | INFO ] 🧩 Model added for round 10 (5/8) from ['node_19']
[ 2026-04-18 07:47:59 | node_13 | INFO ] 🧩 Model added for round 10 (6/9) from ['node_2']
[ 2026-04-18 07:47:59 | node_14 | INFO ] 📤 Sending model to 10 direct neighbors: ['node', 'node_1', 'node_2', 'node_3', 'node_5', 'node_6', 'node_8', 'node_12', 'node_16', 'node_17']
[ 2026-04-18 07:47:59 | node_17 | INFO ] 🧩 Model added for round 10 (3/9) from ['node_13']
[ 2026-04-18 07:47:59 | node_14 | INFO ] 🧩 Model added for round 10 (5/11) from ['node_17']
[ 2026-04-18 07:47:59 | node_8 | INFO ] 📤 Sending model to 10 direct neighbors: ['node', 'node_3', 'node_7', 'node_10', 'node_11', 'node_14', 'node_15', 'node_17', 'node_18', 'node_19']
[ 2026-04-18 07:47:59 | node_3 | INFO ] 📈 Evaluated. Results: {'test_loss': 2.115562677383423, 'test_acc': 0.5122448801994324, 'test_precision': 0.4092266857624054, 'test_recall': 0.24458837509155273, 'test_f1': 0.27223870158195496, 'communication_cost': 39526984}
[ 2026-04-18 07:47:59 | node | INFO ] 🧩 Model added for round 10 (5/8) from ['node_14']
[ 2026-04-18 07:47:59 | node_3 | INFO ] 📢 Broadcasting metrics.
[ 2026-04-18 07:48:00 | node_2 | INFO ] 🧩 Model added for round 10 (3/9) from ['node_15']
[ 2026-04-18 07:48:00 | node_9 | INFO ] 🧩 Model added for round 10 (7/8) from ['node_18']
[ 2026-04-18 07:48:00 | node | INFO ] 🧩 Model added for round 10 (6/8) from ['node_8']
[ 2026-04-18 07:48:00 | node_18 | INFO ] 🧩 Model added for round 10 (4/10) from ['node_13']
[ 2026-04-18 07:48:00 | node_14 | INFO ] 🧩 Model added for round 10 (6/11) from ['node_2']
[ 2026-04-18 07:48:00 | node_1 | INFO ] 🎉 Round 10 of 20 finished.
[ 2026-04-18 07:48:00 | node_11 | INFO ] ⏹️  Gossiping exited for 10 equal rounds.
[ 2026-04-18 07:48:00 | node_1 | INFO ] 🗳️ [DETERMINISTIC] Train set assigned (No Voting). Size: 20
[ 2026-04-18 07:48:00 | node_11 | INFO ] 🔬 Evaluating...
[ 2026-04-18 07:48:00 | node_1 | INFO ] ♻️ Proactively processing 7 early models for round 10.
[ 2026-04-18 07:48:00 | node_1 | INFO ] 🧩 Model added for round 10 (1/10) from ['node_7']
[ 2026-04-18 07:48:00 | node_1 | INFO ] 🧩 Model added for round 10 (2/10) from ['node_16']
[ 2026-04-18 07:48:00 | node_18 | INFO ] 🧩 Model added for round 10 (5/10) from ['node_17']
[ 2026-04-18 07:48:00 | node_1 | INFO ] 🧩 Model added for round 10 (3/10) from ['node_13']
[ 2026-04-18 07:48:00 | node_1 | INFO ] 🧩 Model added for round 10 (4/10) from ['node_18']
[ 2026-04-18 07:48:00 | node_1 | INFO ] 🧩 Model added for round 10 (5/10) from ['node_2']
[ 2026-04-18 07:48:00 | node_1 | INFO ] 🧩 Model added for round 10 (6/10) from ['node_15']
[ 2026-04-18 07:48:00 | node_1 | INFO ] 🧩 Model added for round 10 (7/10) from ['node_14']
[ 2026-04-18 07:48:00 | node_1 | INFO ] 🏋️‍♀️ Preparing training...
[ 2026-04-18 07:48:00 | node_2 | INFO ] 🧩 Model added for round 10 (4/9) from ['node_14']
[ 2026-04-18 07:48:00 | node_11 | INFO ] 📈 Evaluated. Results: {'test_loss': 1.5987423658370972, 'test_acc': 0.4587155878543854, 'test_precision': 0.1896703988313675, 'test_recall': 0.09707082062959671, 'test_f1': 0.12358804792165756, 'communication_cost': 39526984}
[ 2026-04-18 07:48:00 | node_11 | INFO ] 📢 Broadcasting metrics.
[ 2026-04-18 07:48:00 | node_3 | INFO ] 🎉 Round 10 of 20 finished.
[ 2026-04-18 07:48:00 | node_3 | INFO ] 🗳️ [DETERMINISTIC] Train set assigned (No Voting). Size: 20
[ 2026-04-18 07:48:00 | node_15 | INFO ] 🧩 Model added for round 10 (4/9) from ['node_2']
[ 2026-04-18 07:48:00 | node_3 | INFO ] ♻️ Proactively processing 4 early models for round 10.
[ 2026-04-18 07:48:00 | node_3 | INFO ] 🧩 Model added for round 10 (1/8) from ['node_16']
[ 2026-04-18 07:48:00 | node_3 | INFO ] 🧩 Model added for round 10 (2/8) from ['node_2']
[ 2026-04-18 07:48:01 | node_3 | INFO ] 🧩 Model added for round 10 (3/8) from ['node_15']
[ 2026-04-18 07:48:01 | node_3 | INFO ] 🧩 Model added for round 10 (4/8) from ['node_8']
[ 2026-04-18 07:48:01 | node_3 | INFO ] 🏋️‍♀️ Preparing training...
[ 2026-04-18 07:48:01 | node_7 | INFO ] 🧩 Model added for round 10 (5/8) from ['node_8']
[ 2026-04-18 07:48:01 | node_13 | INFO ] 🧩 Model added for round 10 (7/9) from ['node_18']
[ 2026-04-18 07:48:01 | node_6 | INFO ] 🧩 Model added for round 10 (8/12) from ['node_15']
[ 2026-04-18 07:48:01 | node_6 | INFO ] 📤 Sending model to 11 direct neighbors: ['node_1', 'node_3', 'node_5', 'node_9', 'node_10', 'node_12', 'node_13', 'node_14', 'node_15', 'node_17', 'node_18']
[ 2026-04-18 07:48:01 | node_3 | INFO ] 🧩 Model added for round 10 (5/8) from ['node_14']
[ 2026-04-18 07:48:01 | node_3 | INFO ] 🎓 Training step done.
[ 2026-04-18 07:48:01 | node_3 | INFO ] 🛠️ Calling force_add_local_model...
[ 2026-04-18 07:48:01 | node_3 | INFO ] ✅ [FORCE] Local model added for round 10. (6/8)
[ 2026-04-18 07:48:01 | node_10 | INFO ] 🧩 Model added for round 10 (5/7) from ['node_8']
[ 2026-04-18 07:48:01 | node_1 | INFO ] 🧩 Model added for round 10 (8/10) from ['node_6']
[ 2026-04-18 07:48:01 | node_17 | INFO ] 🧩 Model added for round 10 (4/9) from ['node_18']
[ 2026-04-18 07:48:01 | node_1 | INFO ] 🎓 Training step done.
[ 2026-04-18 07:48:01 | node_1 | INFO ] 🛠️ Calling force_add_local_model...
[ 2026-04-18 07:48:01 | node_1 | INFO ] ✅ [FORCE] Local model added for round 10. (9/10)
[ 2026-04-18 07:48:01 | node_7 | INFO ] 🧩 Model added for round 10 (6/8) from ['node_15']
[ 2026-04-18 07:48:01 | node_5 | INFO ] 🧩 Model added for round 10 (4/8) from ['node_14']
[ 2026-04-18 07:48:02 | node_12 | INFO ] ⏹️  Gossiping exited for 10 equal rounds.
[ 2026-04-18 07:48:02 | node_11 | INFO ] 🎉 Round 10 of 20 finished.
[ 2026-04-18 07:48:02 | node_12 | INFO ] 🔬 Evaluating...
[ 2026-04-18 07:48:02 | node_11 | INFO ] 🗳️ [DETERMINISTIC] Train set assigned (No Voting). Size: 20
[ 2026-04-18 07:48:02 | node_11 | INFO ] ♻️ Proactively processing 3 early models for round 10.
[ 2026-04-18 07:48:02 | node_11 | INFO ] 🧩 Model added for round 10 (1/8) from ['node_5']
[ 2026-04-18 07:48:02 | node_11 | INFO ] 🧩 Model added for round 10 (2/8) from ['node_2']
[ 2026-04-18 07:48:02 | node_11 | INFO ] 🧩 Model added for round 10 (3/8) from ['node_8']
[ 2026-04-18 07:48:02 | node_11 | INFO ] 🏋️‍♀️ Preparing training...
[ 2026-04-18 07:48:02 | node_12 | INFO ] 📈 Evaluated. Results: {'test_loss': 0.8196476697921753, 'test_acc': 0.7464788556098938, 'test_precision': 0.2901698052883148, 'test_recall': 0.19797369837760925, 'test_f1': 0.19998325407505035, 'communication_cost': 62113832}
[ 2026-04-18 07:48:02 | node_3 | INFO ] 🧩 Model added for round 10 (7/8) from ['node_6']
[ 2026-04-18 07:48:02 | node_14 | INFO ] 🧩 Model added for round 10 (7/11) from ['node_8']
[ 2026-04-18 07:48:02 | node_12 | INFO ] 📢 Broadcasting metrics.
[ 2026-04-18 07:48:02 | node_8 | INFO ] 🧩 Model added for round 10 (8/11) from ['node_15']
[ 2026-04-18 07:48:02 | node_6 | INFO ] 🧩 Model added for round 10 (9/12) from ['node_14']
[ 2026-04-18 07:48:02 | node_11 | INFO ] 🎓 Training step done.
[ 2026-04-18 07:48:02 | node_11 | INFO ] 🛠️ Calling force_add_local_model...
[ 2026-04-18 07:48:02 | node_11 | INFO ] ✅ [FORCE] Local model added for round 10. (4/8)
[ 2026-04-18 07:48:02 | node_5 | INFO ] 🧩 Model added for round 10 (5/8) from ['node_6']
[ 2026-04-18 07:48:03 | node_15 | INFO ] 🧩 Model added for round 10 (5/9) from ['node_8']
[ 2026-04-18 07:48:03 | node_8 | INFO ] 🧩 Model added for round 10 (9/11) from ['node_14']
[ 2026-04-18 07:48:03 | node_9 | INFO ] 🧩 Model added for round 10 (8/8) from ['node_6']
[ 2026-04-18 07:48:03 | node_19 | INFO ] 🧩 Model added for round 10 (5/7) from ['node_15']
[ 2026-04-18 07:48:03 | node_17 | INFO ] 🧩 Model added for round 10 (5/9) from ['node_8']
[ 2026-04-18 07:48:03 | node_12 | INFO ] 🎉 Round 10 of 20 finished.
[ 2026-04-18 07:48:03 | node_12 | INFO ] 🗳️ [DETERMINISTIC] Train set assigned (No Voting). Size: 20
[ 2026-04-18 07:48:03 | node_12 | INFO ] ♻️ Proactively processing 9 early models for round 10.
[ 2026-04-18 07:48:03 | node_12 | INFO ] 🧩 Model added for round 10 (1/12) from ['node_10']
[ 2026-04-18 07:48:03 | node_12 | INFO ] 🧩 Model added for round 10 (2/12) from ['node_5']
[ 2026-04-18 07:48:03 | node_12 | INFO ] 🧩 Model added for round 10 (3/12) from ['node_7']
[ 2026-04-18 07:48:03 | node_12 | INFO ] 🧩 Model added for round 10 (4/12) from ['node']
[ 2026-04-18 07:48:03 | node_12 | INFO ] 🧩 Model added for round 10 (5/12) from ['node_17']
[ 2026-04-18 07:48:03 | node_12 | INFO ] 🧩 Model added for round 10 (6/12) from ['node_2']
[ 2026-04-18 07:48:03 | node_12 | INFO ] 🧩 Model added for round 10 (7/12) from ['node_18']
[ 2026-04-18 07:48:03 | node_12 | INFO ] 🧩 Model added for round 10 (8/12) from ['node_15']
[ 2026-04-18 07:48:03 | node_12 | INFO ] 🧩 Model added for round 10 (9/12) from ['node_14']
[ 2026-04-18 07:48:03 | node_12 | INFO ] 🏋️‍♀️ Preparing training...
[ 2026-04-18 07:48:03 | node_10 | INFO ] 🧩 Model added for round 10 (6/7) from ['node_6']
[ 2026-04-18 07:48:03 | node_16 | INFO ] 🧩 Model added for round 10 (6/8) from ['node_14']
[ 2026-04-18 07:48:04 | node_18 | INFO ] 🧩 Model added for round 10 (6/10) from ['node_8']
[ 2026-04-18 07:48:04 | ModelPackager | INFO ] Round 10: Consensus detected (dist: 0.000568). Patience: 1/1
[ 2026-04-18 07:48:04 | node_17 | INFO ] 🧩 Model added for round 10 (6/9) from ['node_14']
[ 2026-04-18 07:48:04 | node_12 | INFO ] 🧩 Model added for round 10 (10/12) from ['node_6']
[ 2026-04-18 07:48:04 | node_9 | INFO ] 🧠 Aggregation complete. Setting new model.
[ 2026-04-18 07:48:04 | node_19 | INFO ] 🧩 Model added for round 10 (6/7) from ['node_8']
[ 2026-04-18 07:48:04 | node_12 | INFO ] 🎓 Training step done.
[ 2026-04-18 07:48:04 | node_12 | INFO ] 🛠️ Calling force_add_local_model...
[ 2026-04-18 07:48:04 | node_9 | INFO ] 🗣️ Gossiping aggregated model.
[ 2026-04-18 07:48:04 | node_12 | INFO ] ✅ [FORCE] Local model added for round 10. (11/12)
[ 2026-04-18 07:48:04 | node_13 | INFO ] 🧩 Model added for round 10 (8/9) from ['node_6']
[ 2026-04-18 07:48:05 | node_14 | INFO ] 🧩 Model added for round 10 (8/11) from ['node_6']
[ 2026-04-18 07:48:05 | node_15 | INFO ] 🧩 Model added for round 10 (6/9) from ['node_6']
[ 2026-04-18 07:48:06 | node_17 | INFO ] 🧩 Model added for round 10 (7/9) from ['node_6']
[ 2026-04-18 07:48:06 | node_3 | INFO ] 📤 Sending model to 7 direct neighbors: ['node_2', 'node_6', 'node_8', 'node_11', 'node_14', 'node_15', 'node_16']
[ 2026-04-18 07:48:06 | node_18 | INFO ] 🧩 Model added for round 10 (7/10) from ['node_6']
[ 2026-04-18 07:48:06 | node_1 | INFO ] 📤 Sending model to 9 direct neighbors: ['node_2', 'node_6', 'node_7', 'node_11', 'node_13', 'node_14', 'node_15', 'node_16', 'node_18']
[ 2026-04-18 07:48:06 | node_2 | INFO ] 🧩 Model added for round 10 (5/9) from ['node_3']
[ 2026-04-18 07:48:06 | node_2 | INFO ] 🧩 Model added for round 10 (6/9) from ['node_1']
[ 2026-04-18 07:48:07 | node_6 | INFO ] 🧩 Model added for round 10 (10/12) from ['node_3']
[ 2026-04-18 07:48:07 | node_6 | INFO ] 🧩 Model added for round 10 (11/12) from ['node_1']
[ 2026-04-18 07:48:07 | node_11 | INFO ] 📤 Sending model to 7 direct neighbors: ['node_1', 'node_2', 'node_3', 'node_4', 'node_5', 'node_8', 'node_12']
[ 2026-04-18 07:48:07 | node_8 | INFO ] 🧩 Model added for round 10 (10/11) from ['node_3']
[ 2026-04-18 07:48:07 | node_7 | INFO ] 🧩 Model added for round 10 (7/8) from ['node_1']
[ 2026-04-18 07:48:08 | node_1 | INFO ] 🧩 Model added for round 10 (10/10) from ['node_11']
[ 2026-04-18 07:48:08 | node_11 | INFO ] 🧩 Model added for round 10 (5/8) from ['node_3']
[ 2026-04-18 07:48:08 | node_11 | INFO ] 🧩 Model added for round 10 (6/8) from ['node_1']
[ 2026-04-18 07:48:08 | node_2 | INFO ] 🧩 Model added for round 10 (7/9) from ['node_11']
[ 2026-04-18 07:48:08 | node_14 | INFO ] 🧩 Model added for round 10 (9/11) from ['node_3']
[ 2026-04-18 07:48:08 | node_13 | INFO ] 🧩 Model added for round 10 (9/9) from ['node_1']
[ 2026-04-18 07:48:09 | node_3 | INFO ] 🧩 Model added for round 10 (8/8) from ['node_11']
[ 2026-04-18 07:48:09 | node_14 | INFO ] 🧩 Model added for round 10 (10/11) from ['node_1']
[ 2026-04-18 07:48:09 | node_15 | INFO ] 🧩 Model added for round 10 (7/9) from ['node_3']
[ 2026-04-18 07:48:09 | ModelPackager | INFO ] Round 10: Consensus detected (dist: 0.000598). Patience: 1/1
[ 2026-04-18 07:48:09 | node_13 | INFO ] 🧠 Aggregation complete. Setting new model.
[ 2026-04-18 07:48:09 | node_12 | INFO ] 📤 Sending model to 11 direct neighbors: ['node', 'node_2', 'node_5', 'node_6', 'node_7', 'node_10', 'node_11', 'node_14', 'node_15', 'node_17', 'node_18']
[ 2026-04-18 07:48:09 | node_5 | INFO ] 🧩 Model added for round 10 (6/8) from ['node_11']
[ 2026-04-18 07:48:10 | node_13 | INFO ] 🗣️ Gossiping aggregated model.
[ 2026-04-18 07:48:10 | node_16 | INFO ] 🧩 Model added for round 10 (7/8) from ['node_3']
[ 2026-04-18 07:48:10 | node | INFO ] 🧩 Model added for round 10 (7/8) from ['node_12']
[ 2026-04-18 07:48:10 | node_15 | INFO ] 🧩 Model added for round 10 (8/9) from ['node_1']
[ 2026-04-18 07:48:10 | node_8 | INFO ] 🧩 Model added for round 10 (11/11) from ['node_11']
[ 2026-04-18 07:48:10 | node_16 | INFO ] 🧩 Model added for round 10 (8/8) from ['node_1']
[ 2026-04-18 07:48:10 | node_2 | INFO ] 🧩 Model added for round 10 (8/9) from ['node_12']
[ 2026-04-18 07:48:11 | node_12 | INFO ] 🧩 Model added for round 10 (12/12) from ['node_11']
[ 2026-04-18 07:48:11 | node_18 | INFO ] 🧩 Model added for round 10 (8/10) from ['node_1']
[ 2026-04-18 07:48:11 | node_5 | INFO ] 🧩 Model added for round 10 (7/8) from ['node_12']
[ 2026-04-18 07:48:11 | ModelPackager | INFO ] Round 10: Consensus detected (dist: 0.000643). Patience: 1/1
[ 2026-04-18 07:48:11 | node_6 | INFO ] 🧩 Model added for round 10 (12/12) from ['node_12']
[ 2026-04-18 07:48:11 | ModelPackager | INFO ] Round 10: Consensus detected (dist: 0.000614). Patience: 1/1
[ 2026-04-18 07:48:11 | node_3 | INFO ] 🧠 Aggregation complete. Setting new model.
[ 2026-04-18 07:48:12 | node_16 | INFO ] 🧠 Aggregation complete. Setting new model.
[ 2026-04-18 07:48:12 | ModelPackager | INFO ] Round 10: Consensus detected (dist: 0.000747). Patience: 1/1
[ 2026-04-18 07:48:12 | node_8 | INFO ] 🧠 Aggregation complete. Setting new model.
[ 2026-04-18 07:48:12 | node_3 | INFO ] 🗣️ Gossiping aggregated model.
[ 2026-04-18 07:48:12 | ModelPackager | INFO ] Round 10: Consensus detected (dist: 0.000725). Patience: 1/1
[ 2026-04-18 07:48:12 | node_7 | INFO ] 🧩 Model added for round 10 (8/8) from ['node_12']
[ 2026-04-18 07:48:12 | node_16 | INFO ] 🗣️ Gossiping aggregated model.
[ 2026-04-18 07:48:12 | node_8 | INFO ] 🗣️ Gossiping aggregated model.
[ 2026-04-18 07:48:12 | node_1 | INFO ] 🧠 Aggregation complete. Setting new model.
[ 2026-04-18 07:48:12 | node_4 | INFO ] ⏹️  Gossiping exited for 10 equal rounds.
[ 2026-04-18 07:48:12 | node_4 | INFO ] 🔬 Evaluating...
[ 2026-04-18 07:48:12 | node_1 | INFO ] 🗣️ Gossiping aggregated model.
[ 2026-04-18 07:48:13 | node_10 | INFO ] 🧩 Model added for round 10 (7/7) from ['node_12']
[ 2026-04-18 07:48:13 | ModelPackager | INFO ] Round 10: Consensus detected (dist: 0.000787). Patience: 1/1
[ 2026-04-18 07:48:13 | node_6 | INFO ] 🧠 Aggregation complete. Setting new model.
[ 2026-04-18 07:48:13 | ModelPackager | INFO ] Round 10: Consensus detected (dist: 0.000686). Patience: 1/1
[ 2026-04-18 07:48:13 | node_4 | INFO ] 📈 Evaluated. Results: {'test_loss': 1.045038104057312, 'test_acc': 0.6676300764083862, 'test_precision': 0.20509658753871918, 'test_recall': 0.13562756776809692, 'test_f1': 0.15944038331508636, 'communication_cost': 39526984}
[ 2026-04-18 07:48:13 | node_11 | INFO ] 🧩 Model added for round 10 (7/8) from ['node_12']
[ 2026-04-18 07:48:13 | node_6 | INFO ] 🗣️ Gossiping aggregated model.
[ 2026-04-18 07:48:13 | node_4 | INFO ] 📢 Broadcasting metrics.
[ 2026-04-18 07:48:13 | node_7 | INFO ] 🧠 Aggregation complete. Setting new model.
[ 2026-04-18 07:48:14 | ModelPackager | INFO ] Round 10: Consensus detected (dist: 0.000596). Patience: 1/1
[ 2026-04-18 07:48:14 | node_14 | INFO ] 🧩 Model added for round 10 (11/11) from ['node_12']
[ 2026-04-18 07:48:14 | node_7 | INFO ] 🗣️ Gossiping aggregated model.
[ 2026-04-18 07:48:14 | node_10 | INFO ] 🧠 Aggregation complete. Setting new model.
[ 2026-04-18 07:48:14 | node_10 | INFO ] 🗣️ Gossiping aggregated model.
[ 2026-04-18 07:48:14 | node_4 | INFO ] 🎉 Round 10 of 20 finished.
[ 2026-04-18 07:48:14 | node_4 | INFO ] 🗳️ [DETERMINISTIC] Train set assigned (No Voting). Size: 20
[ 2026-04-18 07:48:14 | node_4 | INFO ] ♻️ Proactively processing 7 early models for round 10.
[ 2026-04-18 07:48:14 | node_4 | INFO ] 🧩 Model added for round 10 (1/8) from ['node']
[ 2026-04-18 07:48:14 | node_4 | INFO ] 🧩 Model added for round 10 (2/8) from ['node_5']
[ 2026-04-18 07:48:14 | node_4 | INFO ] 🧩 Model added for round 10 (3/8) from ['node_17']
[ 2026-04-18 07:48:14 | node_4 | INFO ] 🧩 Model added for round 10 (4/8) from ['node_19']
[ 2026-04-18 07:48:14 | node_4 | INFO ] 🧩 Model added for round 10 (5/8) from ['node_18']
[ 2026-04-18 07:48:14 | node_4 | INFO ] 🧩 Model added for round 10 (6/8) from ['node_2']
[ 2026-04-18 07:48:14 | node_4 | INFO ] 🧩 Model added for round 10 (7/8) from ['node_11']
[ 2026-04-18 07:48:14 | node_4 | INFO ] 🏋️‍♀️ Preparing training...
[ 2026-04-18 07:48:14 | node_15 | INFO ] 🧩 Model added for round 10 (9/9) from ['node_12']
[ 2026-04-18 07:48:15 | node_17 | INFO ] 🧩 Model added for round 10 (8/9) from ['node_12']
[ 2026-04-18 07:48:15 | node_4 | INFO ] 🎓 Training step done.
[ 2026-04-18 07:48:15 | node_4 | INFO ] 🛠️ Calling force_add_local_model...
[ 2026-04-18 07:48:15 | node_4 | INFO ] ✅ [FORCE] Local model added for round 10. (8/8)
[ 2026-04-18 07:48:15 | ModelPackager | INFO ] Round 10: Consensus detected (dist: 0.000541). Patience: 1/1
[ 2026-04-18 07:48:15 | ModelPackager | INFO ] Round 10: Consensus detected (dist: 0.000615). Patience: 1/1
[ 2026-04-18 07:48:15 | node_18 | INFO ] 🧩 Model added for round 10 (9/10) from ['node_12']
[ 2026-04-18 07:48:15 | node_15 | INFO ] 🧠 Aggregation complete. Setting new model.
[ 2026-04-18 07:48:16 | node_14 | INFO ] 🧠 Aggregation complete. Setting new model.
[ 2026-04-18 07:48:16 | node_15 | INFO ] 🗣️ Gossiping aggregated model.
[ 2026-04-18 07:48:16 | node_14 | INFO ] 🗣️ Gossiping aggregated model.
[ 2026-04-18 07:48:17 | ModelPackager | INFO ] Round 10: Consensus detected (dist: 0.000782). Patience: 1/1
[ 2026-04-18 07:48:17 | node_12 | INFO ] 🧠 Aggregation complete. Setting new model.
[ 2026-04-18 07:48:17 | node_12 | INFO ] 🗣️ Gossiping aggregated model.
[ 2026-04-18 07:48:19 | node_9 | INFO ] ⏹️  Gossiping exited for 10 equal rounds.
[ 2026-04-18 07:48:19 | node_9 | INFO ] 🔬 Evaluating...
[ 2026-04-18 07:48:19 | node_9 | INFO ] 📈 Evaluated. Results: {'test_loss': 1.034988284111023, 'test_acc': 0.6953125, 'test_precision': 0.2365497201681137, 'test_recall': 0.15436838567256927, 'test_f1': 0.1708327680826187, 'communication_cost': 39526984}
[ 2026-04-18 07:48:19 | node_9 | INFO ] 📢 Broadcasting metrics.
[ 2026-04-18 07:48:20 | node_4 | INFO ] 📤 Sending model to 7 direct neighbors: ['node', 'node_2', 'node_5', 'node_11', 'node_17', 'node_18', 'node_19']
[ 2026-04-18 07:48:20 | node_9 | INFO ] 🎉 Round 11 of 20 finished.
[ 2026-04-18 07:48:20 | node_9 | INFO ] 🗳️ [DETERMINISTIC] Train set assigned (No Voting). Size: 20
[ 2026-04-18 07:48:20 | node_9 | INFO ] 🏋️‍♀️ Preparing training...
[ 2026-04-18 07:48:20 | node | INFO ] 🧩 Model added for round 10 (8/8) from ['node_4']
[ 2026-04-18 07:48:21 | node_2 | INFO ] 🧩 Model added for round 10 (9/9) from ['node_4']
[ 2026-04-18 07:48:21 | node_9 | INFO ] 🎓 Training step done.
[ 2026-04-18 07:48:21 | node_9 | INFO ] 🛠️ Calling force_add_local_model...
[ 2026-04-18 07:48:21 | node_9 | INFO ] ✅ [FORCE] Local model added for round 11. (1/8)
[ 2026-04-18 07:48:21 | ModelPackager | INFO ] Round 10: Consensus detected (dist: 0.000617). Patience: 1/1
[ 2026-04-18 07:48:21 | ModelPackager | INFO ] Round 10: Consensus detected (dist: 0.000646). Patience: 1/1
[ 2026-04-18 07:48:21 | ModelPackager | INFO ] 🌟 Node node is AUTHORIZED. Starting packaging & push...
[ 2026-04-18 07:48:21 | node | INFO ] 🧠 Aggregation complete. Setting new model.
[ 2026-04-18 07:48:21 | node_5 | INFO ] 🧩 Model added for round 10 (8/8) from ['node_4']
[ 2026-04-18 07:48:21 | node_2 | INFO ] 🧠 Aggregation complete. Setting new model.
[ 2026-04-18 07:48:21 | node | INFO ] 🗣️ Gossiping aggregated model.
[ 2026-04-18 07:48:22 | node_2 | INFO ] 🗣️ Gossiping aggregated model.
[ 2026-04-18 07:48:22 | node_11 | INFO ] 🧩 Model added for round 10 (8/8) from ['node_4']
[ 2026-04-18 07:48:22 | ModelPackager | INFO ] Round 10: Consensus detected (dist: 0.000540). Patience: 1/1
[ 2026-04-18 07:48:22 | ModelPackager | INFO ] Round 10: Consensus detected (dist: 0.000489). Patience: 1/1
[ 2026-04-18 07:48:22 | node_5 | INFO ] 🧠 Aggregation complete. Setting new model.
[ 2026-04-18 07:48:22 | node_11 | INFO ] 🧠 Aggregation complete. Setting new model.
[ 2026-04-18 07:48:22 | node_17 | INFO ] 🧩 Model added for round 10 (9/9) from ['node_4']
[ 2026-04-18 07:48:22 | node_5 | INFO ] 🗣️ Gossiping aggregated model.
[ 2026-04-18 07:48:23 | node_11 | INFO ] 🗣️ Gossiping aggregated model.
[ 2026-04-18 07:48:23 | node_18 | INFO ] 🧩 Model added for round 10 (10/10) from ['node_4']
[ 2026-04-18 07:48:23 | ModelPackager | INFO ] Round 10: Consensus detected (dist: 0.000602). Patience: 1/1
[ 2026-04-18 07:48:23 | ModelPackager | INFO ] Round 10: Consensus detected (dist: 0.000536). Patience: 1/1
[ 2026-04-18 07:48:23 | node_17 | INFO ] 🧠 Aggregation complete. Setting new model.
[ 2026-04-18 07:48:24 | node_17 | INFO ] 🗣️ Gossiping aggregated model.
[ 2026-04-18 07:48:24 | node_19 | INFO ] 🧩 Model added for round 10 (7/7) from ['node_4']
[ 2026-04-18 07:48:24 | node_18 | INFO ] 🧠 Aggregation complete. Setting new model.
[ 2026-04-18 07:48:25 | node_18 | INFO ] 🗣️ Gossiping aggregated model.
[ 2026-04-18 07:48:25 | ModelPackager | INFO ] Round 10: Consensus detected (dist: 0.000579). Patience: 1/1
[ 2026-04-18 07:48:25 | ModelPackager | INFO ] Round 10: Consensus detected (dist: 0.000688). Patience: 1/1
[ 2026-04-18 07:48:25 | node_19 | INFO ] 🧠 Aggregation complete. Setting new model.
[ 2026-04-18 07:48:25 | node_4 | INFO ] 🧠 Aggregation complete. Setting new model.
[ 2026-04-18 07:48:26 | node_19 | INFO ] 🗣️ Gossiping aggregated model.
[ 2026-04-18 07:48:26 | node_4 | INFO ] 🗣️ Gossiping aggregated model.
[ 2026-04-18 07:48:26 | node_9 | INFO ] 📤 Sending model to 7 direct neighbors: ['node_6', 'node_7', 'node_10', 'node_13', 'node_16', 'node_17', 'node_18']
[ 2026-04-18 07:48:26 | node_4 | INFO ] 🤫 Gossip finished.
[ 2026-04-18 07:48:26 | node_4 | INFO ] 🔬 Evaluating...
[ 2026-04-18 07:48:26 | node_4 | INFO ] 📈 Evaluated. Results: {'test_loss': 0.9276525378227234, 'test_acc': 0.7102600932121277, 'test_precision': 0.21038146317005157, 'test_recall': 0.14686566591262817, 'test_f1': 0.1691305935382843, 'communication_cost': 39526984}
[ 2026-04-18 07:48:26 | node_4 | INFO ] 📢 Broadcasting metrics.
[ 2026-04-18 07:48:27 | node_3 | INFO ] ⏹️  Gossiping exited for 10 equal rounds.
[ 2026-04-18 07:48:27 | node_3 | INFO ] 🔬 Evaluating...
[ 2026-04-18 07:48:27 | node_3 | INFO ] 📈 Evaluated. Results: {'test_loss': 1.7487809658050537, 'test_acc': 0.5714285969734192, 'test_precision': 0.48220667243003845, 'test_recall': 0.31520766019821167, 'test_f1': 0.34367090463638306, 'communication_cost': 39526984}
[ 2026-04-18 07:48:27 | node_3 | INFO ] 📢 Broadcasting metrics.
[ 2026-04-18 07:48:27 | node_4 | INFO ] 🎉 Round 11 of 20 finished.
[ 2026-04-18 07:48:27 | node_4 | INFO ] 🗳️ [DETERMINISTIC] Train set assigned (No Voting). Size: 20
[ 2026-04-18 07:48:27 | node_16 | INFO ] ⏹️  Gossiping exited for 10 equal rounds.
[ 2026-04-18 07:48:27 | node_4 | INFO ] 🏋️‍♀️ Preparing training...
[ 2026-04-18 07:48:27 | node_16 | INFO ] 🔬 Evaluating...
[ 2026-04-18 07:48:28 | node_16 | INFO ] 📈 Evaluated. Results: {'test_loss': 2.966599225997925, 'test_acc': 0.3378378450870514, 'test_precision': 0.31590911746025085, 'test_recall': 0.21488414704799652, 'test_f1': 0.21619048714637756, 'communication_cost': 39526984}
[ 2026-04-18 07:48:28 | node_16 | INFO ] 📢 Broadcasting metrics.
[ 2026-04-18 07:48:28 | node_3 | INFO ] 🎉 Round 11 of 20 finished.
[ 2026-04-18 07:48:28 | node_3 | INFO ] 🗳️ [DETERMINISTIC] Train set assigned (No Voting). Size: 20
[ 2026-04-18 07:48:28 | node_3 | INFO ] 🏋️‍♀️ Preparing training...
[ 2026-04-18 07:48:28 | node_4 | INFO ] 🎓 Training step done.
[ 2026-04-18 07:48:28 | node_4 | INFO ] 🛠️ Calling force_add_local_model...
[ 2026-04-18 07:48:28 | node_4 | INFO ] ✅ [FORCE] Local model added for round 11. (1/8)
[ 2026-04-18 07:48:28 | node_3 | INFO ] 🎓 Training step done.
[ 2026-04-18 07:48:28 | node_3 | INFO ] 🛠️ Calling force_add_local_model...
[ 2026-04-18 07:48:28 | node_3 | INFO ] ✅ [FORCE] Local model added for round 11. (1/8)
[ 2026-04-18 07:48:29 | node_16 | INFO ] 🎉 Round 11 of 20 finished.
[ 2026-04-18 07:48:29 | node_16 | INFO ] 🗳️ [DETERMINISTIC] Train set assigned (No Voting). Size: 20
[ 2026-04-18 07:48:29 | node_16 | INFO ] ♻️ Proactively processing 1 early models for round 11.
[ 2026-04-18 07:48:29 | node_16 | INFO ] 🧩 Model added for round 11 (1/8) from ['node_9']
[ 2026-04-18 07:48:29 | node_16 | INFO ] 🏋️‍♀️ Preparing training...
[ 2026-04-18 07:48:29 | node_6 | INFO ] ⏹️  Gossiping exited for 10 equal rounds.
[ 2026-04-18 07:48:29 | node_6 | INFO ] 🔬 Evaluating...
[ 2026-04-18 07:48:29 | node_6 | INFO ] 📈 Evaluated. Results: {'test_loss': 1.1064980030059814, 'test_acc': 0.6230007410049438, 'test_precision': 0.16874951124191284, 'test_recall': 0.11952744424343109, 'test_f1': 0.13553497195243835, 'communication_cost': 62113832}
[ 2026-04-18 07:48:29 | node_6 | INFO ] 📢 Broadcasting metrics.
[ 2026-04-18 07:48:29 | node_16 | INFO ] 🎓 Training step done.
[ 2026-04-18 07:48:29 | node_16 | INFO ] 🛠️ Calling force_add_local_model...
[ 2026-04-18 07:48:29 | node_16 | INFO ] ✅ [FORCE] Local model added for round 11. (2/8)
[ 2026-04-18 07:48:30 | node_7 | INFO ] ⏹️  Gossiping exited for 10 equal rounds.
[ 2026-04-18 07:48:30 | node_10 | INFO ] ⏹️  Gossiping exited for 10 equal rounds.
[ 2026-04-18 07:48:30 | node_10 | INFO ] 🔬 Evaluating...
[ 2026-04-18 07:48:30 | node_7 | INFO ] 🔬 Evaluating...
[ 2026-04-18 07:48:30 | node_10 | INFO ] 📈 Evaluated. Results: {'test_loss': 5.528122425079346, 'test_acc': 0.033898305147886276, 'test_precision': 0.23615819215774536, 'test_recall': 0.06032339856028557, 'test_f1': 0.07032657414674759, 'communication_cost': 33880272}
[ 2026-04-18 07:48:30 | node_10 | INFO ] 📢 Broadcasting metrics.
[ 2026-04-18 07:48:30 | node_7 | INFO ] 📈 Evaluated. Results: {'test_loss': 6.2767744064331055, 'test_acc': 0.16727717220783234, 'test_precision': 0.18578210473060608, 'test_recall': 0.08956176787614822, 'test_f1': 0.09601521492004395, 'communication_cost': 39526984}
[ 2026-04-18 07:48:30 | node_7 | INFO ] 📢 Broadcasting metrics.
[ 2026-04-18 07:48:30 | node_6 | INFO ] 🎉 Round 11 of 20 finished.
[ 2026-04-18 07:48:31 | node_6 | INFO ] 🗳️ [DETERMINISTIC] Train set assigned (No Voting). Size: 20
[ 2026-04-18 07:48:31 | node_6 | INFO ] ♻️ Proactively processing 1 early models for round 11.
[ 2026-04-18 07:48:31 | node_6 | INFO ] 🧩 Model added for round 11 (1/12) from ['node_9']
[ 2026-04-18 07:48:31 | node_6 | INFO ] 🏋️‍♀️ Preparing training...
[ 2026-04-18 07:48:31 | node_10 | INFO ] 🎉 Round 11 of 20 finished.
[ 2026-04-18 07:48:31 | node_10 | INFO ] 🗳️ [DETERMINISTIC] Train set assigned (No Voting). Size: 20
[ 2026-04-18 07:48:31 | node_10 | INFO ] ♻️ Proactively processing 1 early models for round 11.
[ 2026-04-18 07:48:31 | node_10 | INFO ] 🧩 Model added for round 11 (1/7) from ['node_9']
[ 2026-04-18 07:48:31 | node_10 | INFO ] 🏋️‍♀️ Preparing training...
[ 2026-04-18 07:48:31 | node_7 | INFO ] 🎉 Round 11 of 20 finished.
[ 2026-04-18 07:48:31 | node_7 | INFO ] 🗳️ [DETERMINISTIC] Train set assigned (No Voting). Size: 20
[ 2026-04-18 07:48:31 | node_7 | INFO ] ♻️ Proactively processing 1 early models for round 11.
[ 2026-04-18 07:48:31 | node_7 | INFO ] 🧩 Model added for round 11 (1/8) from ['node_9']
[ 2026-04-18 07:48:31 | node_7 | INFO ] 🏋️‍♀️ Preparing training...
[ 2026-04-18 07:48:31 | node_7 | INFO ] 🎓 Training step done.
[ 2026-04-18 07:48:31 | node_7 | INFO ] 🛠️ Calling force_add_local_model...
[ 2026-04-18 07:48:31 | node_7 | INFO ] ✅ [FORCE] Local model added for round 11. (2/8)
[ 2026-04-18 07:48:31 | node_6 | INFO ] 🎓 Training step done.
[ 2026-04-18 07:48:31 | node_6 | INFO ] 🛠️ Calling force_add_local_model...
[ 2026-04-18 07:48:31 | node_6 | INFO ] ✅ [FORCE] Local model added for round 11. (2/12)
[ 2026-04-18 07:48:32 | node_14 | INFO ] ⏹️  Gossiping exited for 10 equal rounds.
[ 2026-04-18 07:48:32 | node_14 | INFO ] 🔬 Evaluating...
[ 2026-04-18 07:48:32 | node_14 | INFO ] 📈 Evaluated. Results: {'test_loss': 1.2112469673156738, 'test_acc': 0.6913580298423767, 'test_precision': 0.307539701461792, 'test_recall': 0.29426509141921997, 'test_f1': 0.29223939776420593, 'communication_cost': 56467120}
[ 2026-04-18 07:48:32 | node_14 | INFO ] 📢 Broadcasting metrics.
[ 2026-04-18 07:48:32 | node_10 | INFO ] 🎓 Training step done.
[ 2026-04-18 07:48:32 | node_10 | INFO ] 🛠️ Calling force_add_local_model...
[ 2026-04-18 07:48:32 | node_10 | INFO ] ✅ [FORCE] Local model added for round 11. (2/7)
[ 2026-04-18 07:48:33 | node_14 | INFO ] 🎉 Round 11 of 20 finished.
[ 2026-04-18 07:48:33 | node_14 | INFO ] 🗳️ [DETERMINISTIC] Train set assigned (No Voting). Size: 20
[ 2026-04-18 07:48:33 | node_14 | INFO ] 🏋️‍♀️ Preparing training...
[ 2026-04-18 07:48:33 | node_4 | INFO ] 📤 Sending model to 7 direct neighbors: ['node', 'node_2', 'node_5', 'node_11', 'node_17', 'node_18', 'node_19']
[ 2026-04-18 07:48:33 | node_3 | INFO ] 📤 Sending model to 7 direct neighbors: ['node_2', 'node_6', 'node_8', 'node_11', 'node_14', 'node_15', 'node_16']
[ 2026-04-18 07:48:34 | node_6 | INFO ] 🧩 Model added for round 11 (3/12) from ['node_3']
[ 2026-04-18 07:48:34 | node_16 | INFO ] 📤 Sending model to 7 direct neighbors: ['node', 'node_1', 'node_3', 'node_9', 'node_10', 'node_14', 'node_19']
[ 2026-04-18 07:48:35 | node_14 | INFO ] 🎓 Training step done.
[ 2026-04-18 07:48:35 | node_14 | INFO ] 🛠️ Calling force_add_local_model...
[ 2026-04-18 07:48:35 | node_14 | INFO ] ✅ [FORCE] Local model added for round 11. (1/11)
[ 2026-04-18 07:48:35 | node_14 | INFO ] 🧩 Model added for round 11 (2/11) from ['node_3']
[ 2026-04-18 07:48:35 | node_3 | INFO ] 🧩 Model added for round 11 (2/8) from ['node_16']
[ 2026-04-18 07:48:36 | node_9 | INFO ] 🧩 Model added for round 11 (2/8) from ['node_16']
[ 2026-04-18 07:48:36 | node_16 | INFO ] 🧩 Model added for round 11 (3/8) from ['node_3']
[ 2026-04-18 07:48:36 | node_10 | INFO ] 🧩 Model added for round 11 (3/7) from ['node_16']
[ 2026-04-18 07:48:36 | node_7 | INFO ] 📤 Sending model to 7 direct neighbors: ['node', 'node_1', 'node_8', 'node_9', 'node_12', 'node_13', 'node_15']
[ 2026-04-18 07:48:36 | node_6 | INFO ] 📤 Sending model to 11 direct neighbors: ['node_1', 'node_3', 'node_5', 'node_9', 'node_10', 'node_12', 'node_13', 'node_14', 'node_15', 'node_17', 'node_18']
[ 2026-04-18 07:48:37 | node_14 | INFO ] 🧩 Model added for round 11 (3/11) from ['node_16']
[ 2026-04-18 07:48:37 | node | INFO ] ⏹️  Gossiping exited for 10 equal rounds.
[ 2026-04-18 07:48:37 | node | INFO ] 🔬 Evaluating...
[ 2026-04-18 07:48:37 | node_10 | INFO ] 📤 Sending model to 6 direct neighbors: ['node_6', 'node_8', 'node_9', 'node_12', 'node_16', 'node_19']
[ 2026-04-18 07:48:37 | node_3 | INFO ] 🧩 Model added for round 11 (3/8) from ['node_6']
[ 2026-04-18 07:48:37 | node | INFO ] 📈 Evaluated. Results: {'test_loss': 2.4129912853240967, 'test_acc': 0.33130699396133423, 'test_precision': 0.32104814052581787, 'test_recall': 0.1687900424003601, 'test_f1': 0.19043883681297302, 'communication_cost': 39526984}
[ 2026-04-18 07:48:37 | node_6 | INFO ] 🧩 Model added for round 11 (4/12) from ['node_10']
[ 2026-04-18 07:48:37 | node | INFO ] 📢 Broadcasting metrics.
[ 2026-04-18 07:48:38 | node_9 | INFO ] 🧩 Model added for round 11 (3/8) from ['node_7']
[ 2026-04-18 07:48:38 | node_11 | INFO ] ⏹️  Gossiping exited for 10 equal rounds.
[ 2026-04-18 07:48:38 | node_11 | INFO ] 🔬 Evaluating...
[ 2026-04-18 07:48:38 | node_9 | INFO ] 🧩 Model added for round 11 (4/8) from ['node_6']
[ 2026-04-18 07:48:38 | node_11 | INFO ] 📈 Evaluated. Results: {'test_loss': 1.5794047117233276, 'test_acc': 0.4678899049758911, 'test_precision': 0.18810465931892395, 'test_recall': 0.09890567511320114, 'test_f1': 0.1252591907978058, 'communication_cost': 39526984}
[ 2026-04-18 07:48:38 | node_11 | INFO ] 📢 Broadcasting metrics.
[ 2026-04-18 07:48:38 | node | INFO ] 🎉 Round 11 of 20 finished.
[ 2026-04-18 07:48:38 | node | INFO ] 🗳️ [DETERMINISTIC] Train set assigned (No Voting). Size: 20
[ 2026-04-18 07:48:38 | node | INFO ] ♻️ Proactively processing 3 early models for round 11.
[ 2026-04-18 07:48:38 | node | INFO ] 🧩 Model added for round 11 (1/8) from ['node_4']
[ 2026-04-18 07:48:38 | node | INFO ] 🧩 Model added for round 11 (2/8) from ['node_16']
[ 2026-04-18 07:48:38 | node | INFO ] 🧩 Model added for round 11 (3/8) from ['node_7']
[ 2026-04-18 07:48:38 | node | INFO ] 🏋️‍♀️ Preparing training...
[ 2026-04-18 07:48:38 | node_9 | INFO ] 🧩 Model added for round 11 (5/8) from ['node_10']
[ 2026-04-18 07:48:39 | node_10 | INFO ] 🧩 Model added for round 11 (4/7) from ['node_6']
[ 2026-04-18 07:48:39 | node | INFO ] 🎓 Training step done.
[ 2026-04-18 07:48:39 | node | INFO ] 🛠️ Calling force_add_local_model...
[ 2026-04-18 07:48:39 | node_16 | INFO ] 🧩 Model added for round 11 (4/8) from ['node_10']
[ 2026-04-18 07:48:39 | node_13 | INFO ] ⏹️  Gossiping exited for 10 equal rounds.
[ 2026-04-18 07:48:39 | node | INFO ] ✅ [FORCE] Local model added for round 11. (4/8)
[ 2026-04-18 07:48:39 | node_13 | INFO ] 🔬 Evaluating...
[ 2026-04-18 07:48:39 | node_13 | INFO ] 📈 Evaluated. Results: {'test_loss': 5.258848190307617, 'test_acc': 0.1483253538608551, 'test_precision': 0.3997941315174103, 'test_recall': 0.3431815505027771, 'test_f1': 0.25968703627586365, 'communication_cost': 45173696}
[ 2026-04-18 07:48:39 | node_17 | INFO ] ⏹️  Gossiping exited for 10 equal rounds.
[ 2026-04-18 07:48:39 | node_13 | INFO ] 📢 Broadcasting metrics.
[ 2026-04-18 07:48:39 | node_17 | INFO ] 🔬 Evaluating...
[ 2026-04-18 07:48:39 | node_11 | INFO ] 🎉 Round 11 of 20 finished.
[ 2026-04-18 07:48:39 | node_14 | INFO ] 🧩 Model added for round 11 (4/11) from ['node_6']
[ 2026-04-18 07:48:39 | node_11 | INFO ] 🗳️ [DETERMINISTIC] Train set assigned (No Voting). Size: 20
[ 2026-04-18 07:48:39 | node_11 | INFO ] ♻️ Proactively processing 2 early models for round 11.
[ 2026-04-18 07:48:39 | node_11 | INFO ] 🧩 Model added for round 11 (1/8) from ['node_4']
[ 2026-04-18 07:48:39 | node_17 | INFO ] 📈 Evaluated. Results: {'test_loss': 2.861706495285034, 'test_acc': 0.3888888955116272, 'test_precision': 0.20018674433231354, 'test_recall': 0.09923422336578369, 'test_f1': 0.10887756198644638, 'communication_cost': 45173696}
[ 2026-04-18 07:48:39 | node_11 | INFO ] 🧩 Model added for round 11 (2/8) from ['node_3']
[ 2026-04-18 07:48:39 | node_17 | INFO ] 📢 Broadcasting metrics.
[ 2026-04-18 07:48:39 | node_11 | INFO ] 🏋️‍♀️ Preparing training...
[ 2026-04-18 07:48:40 | node_14 | INFO ] 📤 Sending model to 10 direct neighbors: ['node', 'node_1', 'node_2', 'node_3', 'node_5', 'node_6', 'node_8', 'node_12', 'node_16', 'node_17']
[ 2026-04-18 07:48:40 | node_11 | INFO ] 🎓 Training step done.
[ 2026-04-18 07:48:40 | node_11 | INFO ] 🛠️ Calling force_add_local_model...
[ 2026-04-18 07:48:40 | node_11 | INFO ] ✅ [FORCE] Local model added for round 11. (3/8)
[ 2026-04-18 07:48:40 | node | INFO ] 🧩 Model added for round 11 (5/8) from ['node_14']
[ 2026-04-18 07:48:40 | node_13 | INFO ] 🎉 Round 11 of 20 finished.
[ 2026-04-18 07:48:40 | node_13 | INFO ] 🗳️ [DETERMINISTIC] Train set assigned (No Voting). Size: 20
[ 2026-04-18 07:48:40 | node_13 | INFO ] ♻️ Proactively processing 3 early models for round 11.
[ 2026-04-18 07:48:40 | node_13 | INFO ] 🧩 Model added for round 11 (1/9) from ['node_9']
[ 2026-04-18 07:48:40 | node_13 | INFO ] 🧩 Model added for round 11 (2/9) from ['node_7']
[ 2026-04-18 07:48:40 | node_13 | INFO ] 🧩 Model added for round 11 (3/9) from ['node_6']
[ 2026-04-18 07:48:40 | node_13 | INFO ] 🏋️‍♀️ Preparing training...
[ 2026-04-18 07:48:40 | node_19 | INFO ] ⏹️  Gossiping exited for 10 equal rounds.
[ 2026-04-18 07:48:40 | node_19 | INFO ] 🔬 Evaluating...
[ 2026-04-18 07:48:40 | node_17 | INFO ] 🎉 Round 11 of 20 finished.
[ 2026-04-18 07:48:40 | node_17 | INFO ] 🗳️ [DETERMINISTIC] Train set assigned (No Voting). Size: 20
[ 2026-04-18 07:48:40 | node_17 | INFO ] ♻️ Proactively processing 3 early models for round 11.
[ 2026-04-18 07:48:40 | node_17 | INFO ] 🧩 Model added for round 11 (1/9) from ['node_9']
[ 2026-04-18 07:48:40 | node_17 | INFO ] 🧩 Model added for round 11 (2/9) from ['node_4']
[ 2026-04-18 07:48:40 | node_17 | INFO ] 🧩 Model added for round 11 (3/9) from ['node_6']
[ 2026-04-18 07:48:40 | node_17 | INFO ] 🏋️‍♀️ Preparing training...
[ 2026-04-18 07:48:41 | node_19 | INFO ] 📈 Evaluated. Results: {'test_loss': 5.912182331085205, 'test_acc': 0.2554890215396881, 'test_precision': 0.16389767825603485, 'test_recall': 0.14350003004074097, 'test_f1': 0.11230497807264328, 'communication_cost': 33880272}
[ 2026-04-18 07:48:41 | node_19 | INFO ] 📢 Broadcasting metrics.
[ 2026-04-18 07:48:41 | node_13 | INFO ] 🎓 Training step done.
[ 2026-04-18 07:48:41 | node_18 | INFO ] ⏹️  Gossiping exited for 10 equal rounds.
[ 2026-04-18 07:48:41 | node_13 | INFO ] 🛠️ Calling force_add_local_model...
[ 2026-04-18 07:48:41 | node_18 | INFO ] 🔬 Evaluating...
[ 2026-04-18 07:48:41 | node_13 | INFO ] ✅ [FORCE] Local model added for round 11. (4/9)
[ 2026-04-18 07:48:41 | node_18 | INFO ] 📈 Evaluated. Results: {'test_loss': 0.739050030708313, 'test_acc': 0.7456953525543213, 'test_precision': 0.2610046863555908, 'test_recall': 0.20276018977165222, 'test_f1': 0.22335995733737946, 'communication_cost': 50820408}
[ 2026-04-18 07:48:41 | node_18 | INFO ] 📢 Broadcasting metrics.
[ 2026-04-18 07:48:41 | node_3 | INFO ] 🧩 Model added for round 11 (4/8) from ['node_14']
[ 2026-04-18 07:48:41 | node_17 | INFO ] 🎓 Training step done.
[ 2026-04-18 07:48:41 | node_17 | INFO ] 🛠️ Calling force_add_local_model...
[ 2026-04-18 07:48:41 | node_17 | INFO ] ✅ [FORCE] Local model added for round 11. (4/9)
[ 2026-04-18 07:48:41 | node_19 | INFO ] 🎉 Round 11 of 20 finished.
[ 2026-04-18 07:48:41 | node_19 | INFO ] 🗳️ [DETERMINISTIC] Train set assigned (No Voting). Size: 20
[ 2026-04-18 07:48:41 | node_19 | INFO ] ♻️ Proactively processing 3 early models for round 11.
[ 2026-04-18 07:48:41 | node_19 | INFO ] 🧩 Model added for round 11 (1/7) from ['node_4']
[ 2026-04-18 07:48:41 | node_1 | INFO ] ⏹️  Gossiping exited for 10 equal rounds.
[ 2026-04-18 07:48:41 | node_19 | INFO ] 🧩 Model added for round 11 (2/7) from ['node_16']
[ 2026-04-18 07:48:41 | node_19 | INFO ] 🧩 Model added for round 11 (3/7) from ['node_10']
[ 2026-04-18 07:48:41 | node_19 | INFO ] 🏋️‍♀️ Preparing training...
[ 2026-04-18 07:48:42 | node_1 | INFO ] 🔬 Evaluating...
[ 2026-04-18 07:48:42 | node_6 | INFO ] 🧩 Model added for round 11 (5/12) from ['node_14']
[ 2026-04-18 07:48:42 | node_1 | INFO ] 📈 Evaluated. Results: {'test_loss': 1.618579626083374, 'test_acc': 0.5225694179534912, 'test_precision': 0.19841665029525757, 'test_recall': 0.13715161383152008, 'test_f1': 0.14743416011333466, 'communication_cost': 50820408}
[ 2026-04-18 07:48:42 | node_1 | INFO ] 📢 Broadcasting metrics.
[ 2026-04-18 07:48:42 | node_19 | INFO ] 🎓 Training step done.
[ 2026-04-18 07:48:42 | node_19 | INFO ] 🛠️ Calling force_add_local_model...
[ 2026-04-18 07:48:42 | node_19 | INFO ] ✅ [FORCE] Local model added for round 11. (4/7)
[ 2026-04-18 07:48:42 | node_18 | INFO ] 🎉 Round 11 of 20 finished.
[ 2026-04-18 07:48:42 | node_18 | INFO ] 🗳️ [DETERMINISTIC] Train set assigned (No Voting). Size: 20
[ 2026-04-18 07:48:42 | node_18 | INFO ] ♻️ Proactively processing 3 early models for round 11.
[ 2026-04-18 07:48:42 | node_18 | INFO ] 🧩 Model added for round 11 (1/10) from ['node_9']
[ 2026-04-18 07:48:42 | node_18 | INFO ] 🧩 Model added for round 11 (2/10) from ['node_4']
[ 2026-04-18 07:48:42 | node_18 | INFO ] 🧩 Model added for round 11 (3/10) from ['node_6']
[ 2026-04-18 07:48:42 | node_18 | INFO ] 🏋️‍♀️ Preparing training...
[ 2026-04-18 07:48:43 | node_16 | INFO ] 🧩 Model added for round 11 (5/8) from ['node_14']
[ 2026-04-18 07:48:43 | node_1 | INFO ] 🎉 Round 11 of 20 finished.
[ 2026-04-18 07:48:43 | node_1 | INFO ] 🗳️ [DETERMINISTIC] Train set assigned (No Voting). Size: 20
[ 2026-04-18 07:48:43 | node_1 | INFO ] ♻️ Proactively processing 4 early models for round 11.
[ 2026-04-18 07:48:43 | node_1 | INFO ] 🧩 Model added for round 11 (1/10) from ['node_16']
[ 2026-04-18 07:48:43 | node_1 | INFO ] 🧩 Model added for round 11 (2/10) from ['node_6']
[ 2026-04-18 07:48:43 | node_1 | INFO ] 🧩 Model added for round 11 (3/10) from ['node_7']
[ 2026-04-18 07:48:43 | node_1 | INFO ] 🧩 Model added for round 11 (4/10) from ['node_14']
[ 2026-04-18 07:48:43 | node_1 | INFO ] 🏋️‍♀️ Preparing training...
[ 2026-04-18 07:48:43 | node_17 | INFO ] 🧩 Model added for round 11 (5/9) from ['node_14']
[ 2026-04-18 07:48:44 | node_15 | INFO ] ⏹️  Gossiping exited for 10 equal rounds.
[ 2026-04-18 07:48:44 | node_15 | INFO ] 🔬 Evaluating...
[ 2026-04-18 07:48:44 | node_15 | INFO ] 📈 Evaluated. Results: {'test_loss': 14.3230562210083, 'test_acc': 0.0, 'test_precision': 0.0, 'test_recall': 0.0, 'test_f1': 0.0, 'communication_cost': 45173696}
[ 2026-04-18 07:48:44 | node_15 | INFO ] 📢 Broadcasting metrics.
[ 2026-04-18 07:48:44 | node_18 | INFO ] 🎓 Training step done.
[ 2026-04-18 07:48:44 | node_18 | INFO ] 🛠️ Calling force_add_local_model...
[ 2026-04-18 07:48:44 | node_18 | INFO ] ✅ [FORCE] Local model added for round 11. (4/10)
[ 2026-04-18 07:48:44 | node | INFO ] 📤 Sending model to 7 direct neighbors: ['node_4', 'node_7', 'node_8', 'node_12', 'node_14', 'node_16', 'node_18']
[ 2026-04-18 07:48:44 | node_1 | INFO ] 🎓 Training step done.
[ 2026-04-18 07:48:44 | node_1 | INFO ] 🛠️ Calling force_add_local_model...
[ 2026-04-18 07:48:44 | node_1 | INFO ] ✅ [FORCE] Local model added for round 11. (5/10)
[ 2026-04-18 07:48:44 | node_4 | INFO ] 🧩 Model added for round 11 (2/8) from ['node']
[ 2026-04-18 07:48:45 | node_7 | INFO ] 🧩 Model added for round 11 (3/8) from ['node']
[ 2026-04-18 07:48:45 | node_15 | INFO ] 🎉 Round 11 of 20 finished.
[ 2026-04-18 07:48:45 | node_15 | INFO ] 🗳️ [DETERMINISTIC] Train set assigned (No Voting). Size: 20
[ 2026-04-18 07:48:45 | node_15 | INFO ] ♻️ Proactively processing 3 early models for round 11.
[ 2026-04-18 07:48:45 | node_15 | INFO ] 🧩 Model added for round 11 (1/9) from ['node_3']
[ 2026-04-18 07:48:45 | node_15 | INFO ] 🧩 Model added for round 11 (2/9) from ['node_7']
[ 2026-04-18 07:48:45 | node_15 | INFO ] 🧩 Model added for round 11 (3/9) from ['node_6']
[ 2026-04-18 07:48:45 | node_15 | INFO ] 🏋️‍♀️ Preparing training...
[ 2026-04-18 07:48:45 | node_11 | INFO ] 📤 Sending model to 7 direct neighbors: ['node_1', 'node_2', 'node_3', 'node_4', 'node_5', 'node_8', 'node_12']
[ 2026-04-18 07:48:45 | node_1 | INFO ] 🧩 Model added for round 11 (6/10) from ['node_11']
[ 2026-04-18 07:48:46 | node_14 | INFO ] 🧩 Model added for round 11 (5/11) from ['node']
[ 2026-04-18 07:48:46 | node_13 | INFO ] 📤 Sending model to 8 direct neighbors: ['node_1', 'node_2', 'node_5', 'node_6', 'node_7', 'node_9', 'node_17', 'node_18']
[ 2026-04-18 07:48:46 | node_16 | INFO ] 🧩 Model added for round 11 (6/8) from ['node']
[ 2026-04-18 07:48:46 | node_1 | INFO ] 🧩 Model added for round 11 (7/10) from ['node_13']
[ 2026-04-18 07:48:46 | node_3 | INFO ] 🧩 Model added for round 11 (5/8) from ['node_11']
[ 2026-04-18 07:48:46 | node_17 | INFO ] 📤 Sending model to 8 direct neighbors: ['node_4', 'node_6', 'node_8', 'node_9', 'node_12', 'node_13', 'node_14', 'node_18']
[ 2026-04-18 07:48:47 | node_4 | INFO ] 🧩 Model added for round 11 (3/8) from ['node_17']
[ 2026-04-18 07:48:47 | node_18 | INFO ] 🧩 Model added for round 11 (5/10) from ['node']
[ 2026-04-18 07:48:47 | node_4 | INFO ] 🧩 Model added for round 11 (4/8) from ['node_11']
[ 2026-04-18 07:48:47 | node_15 | INFO ] 🎓 Training step done.
[ 2026-04-18 07:48:47 | node_15 | INFO ] 🛠️ Calling force_add_local_model...
[ 2026-04-18 07:48:47 | node_15 | INFO ] ✅ [FORCE] Local model added for round 11. (4/9)
[ 2026-04-18 07:48:47 | node_6 | INFO ] 🧩 Model added for round 11 (6/12) from ['node_17']
[ 2026-04-18 07:48:47 | node_19 | INFO ] 📤 Sending model to 6 direct neighbors: ['node_4', 'node_5', 'node_8', 'node_10', 'node_15', 'node_16']
[ 2026-04-18 07:48:47 | node_6 | INFO ] 🧩 Model added for round 11 (7/12) from ['node_13']
[ 2026-04-18 07:48:48 | node_4 | INFO ] 🧩 Model added for round 11 (5/8) from ['node_19']
[ 2026-04-18 07:48:48 | node_7 | INFO ] 🧩 Model added for round 11 (4/8) from ['node_13']
[ 2026-04-18 07:48:48 | node_9 | INFO ] 🧩 Model added for round 11 (6/8) from ['node_17']
[ 2026-04-18 07:48:48 | node_9 | INFO ] 🧩 Model added for round 11 (7/8) from ['node_13']
[ 2026-04-18 07:48:49 | node_10 | INFO ] 🧩 Model added for round 11 (5/7) from ['node_19']
[ 2026-04-18 07:48:49 | node_17 | INFO ] 🧩 Model added for round 11 (6/9) from ['node_13']
[ 2026-04-18 07:48:49 | node_13 | INFO ] 🧩 Model added for round 11 (5/9) from ['node_17']
[ 2026-04-18 07:48:49 | node_2 | INFO ] ⏹️  Gossiping exited for 10 equal rounds.
[ 2026-04-18 07:48:49 | node_2 | INFO ] 🔬 Evaluating...
[ 2026-04-18 07:48:49 | node_15 | INFO ] 🧩 Model added for round 11 (5/9) from ['node_19']
[ 2026-04-18 07:48:49 | node_18 | INFO ] 📤 Sending model to 9 direct neighbors: ['node', 'node_1', 'node_4', 'node_6', 'node_8', 'node_9', 'node_12', 'node_13', 'node_17']
[ 2026-04-18 07:48:49 | node_2 | INFO ] 📈 Evaluated. Results: {'test_loss': 0.6108856797218323, 'test_acc': 0.8369565010070801, 'test_precision': 0.27203091979026794, 'test_recall': 0.23427817225456238, 'test_f1': 0.243702232837677, 'communication_cost': 45173696}
[ 2026-04-18 07:48:49 | node_2 | INFO ] 📢 Broadcasting metrics.
[ 2026-04-18 07:48:49 | node_1 | INFO ] 📤 Sending model to 9 direct neighbors: ['node_2', 'node_6', 'node_7', 'node_11', 'node_13', 'node_14', 'node_15', 'node_16', 'node_18']
[ 2026-04-18 07:48:49 | node | INFO ] 🧩 Model added for round 11 (6/8) from ['node_18']
[ 2026-04-18 07:48:49 | node_18 | INFO ] 🧩 Model added for round 11 (6/10) from ['node_13']
[ 2026-04-18 07:48:50 | node_14 | INFO ] 🧩 Model added for round 11 (6/11) from ['node_17']
[ 2026-04-18 07:48:50 | node_16 | INFO ] 🧩 Model added for round 11 (7/8) from ['node_19']
[ 2026-04-18 07:48:50 | node_1 | INFO ] 🧩 Model added for round 11 (8/10) from ['node_18']
[ 2026-04-18 07:48:50 | node_6 | INFO ] 🧩 Model added for round 11 (8/12) from ['node_1']
[ 2026-04-18 07:48:50 | node_18 | INFO ] 🧩 Model added for round 11 (7/10) from ['node_17']
[ 2026-04-18 07:48:50 | node_2 | INFO ] 🎉 Round 11 of 20 finished.
[ 2026-04-18 07:48:50 | node_2 | INFO ] 🗳️ [DETERMINISTIC] Train set assigned (No Voting). Size: 20
[ 2026-04-18 07:48:50 | node_2 | INFO ] ♻️ Proactively processing 6 early models for round 11.
[ 2026-04-18 07:48:50 | node_2 | INFO ] 🧩 Model added for round 11 (1/9) from ['node_4']
[ 2026-04-18 07:48:50 | node_2 | INFO ] 🧩 Model added for round 11 (2/9) from ['node_3']
[ 2026-04-18 07:48:50 | node_2 | INFO ] 🧩 Model added for round 11 (3/9) from ['node_14']
[ 2026-04-18 07:48:50 | node_2 | INFO ] 🧩 Model added for round 11 (4/9) from ['node_11']
[ 2026-04-18 07:48:50 | node_2 | INFO ] 🧩 Model added for round 11 (5/9) from ['node_13']
[ 2026-04-18 07:48:50 | node_2 | INFO ] 🧩 Model added for round 11 (6/9) from ['node_1']
[ 2026-04-18 07:48:50 | node_2 | INFO ] 🏋️‍♀️ Preparing training...
[ 2026-04-18 07:48:50 | node_7 | INFO ] 🧩 Model added for round 11 (5/8) from ['node_1']
[ 2026-04-18 07:48:51 | node_4 | INFO ] 🧩 Model added for round 11 (6/8) from ['node_18']
[ 2026-04-18 07:48:51 | node_11 | INFO ] 🧩 Model added for round 11 (4/8) from ['node_1']
[ 2026-04-18 07:48:51 | node_6 | INFO ] 🧩 Model added for round 11 (9/12) from ['node_18']
[ 2026-04-18 07:48:51 | node_2 | INFO ] 🎓 Training step done.
[ 2026-04-18 07:48:51 | node_13 | INFO ] 🧩 Model added for round 11 (6/9) from ['node_1']
[ 2026-04-18 07:48:51 | node_2 | INFO ] 🛠️ Calling force_add_local_model...
[ 2026-04-18 07:48:51 | node_2 | INFO ] ✅ [FORCE] Local model added for round 11. (7/9)
[ 2026-04-18 07:48:52 | node_9 | INFO ] 🧩 Model added for round 11 (8/8) from ['node_18']
[ 2026-04-18 07:48:52 | node_14 | INFO ] 🧩 Model added for round 11 (7/11) from ['node_1']
[ 2026-04-18 07:48:52 | node_15 | INFO ] 📤 Sending model to 8 direct neighbors: ['node_1', 'node_2', 'node_3', 'node_6', 'node_7', 'node_8', 'node_12', 'node_19']
[ 2026-04-18 07:48:52 | node_13 | INFO ] 🧩 Model added for round 11 (7/9) from ['node_18']
[ 2026-04-18 07:48:52 | ModelPackager | INFO ] Round 11: Consensus detected (dist: 0.000579). Patience: 1/1
[ 2026-04-18 07:48:52 | node_5 | INFO ] ⏹️  Gossiping exited for 10 equal rounds.
[ 2026-04-18 07:48:52 | node_5 | INFO ] 🔬 Evaluating...
[ 2026-04-18 07:48:52 | node_1 | INFO ] 🧩 Model added for round 11 (9/10) from ['node_15']
[ 2026-04-18 07:48:52 | node_5 | INFO ] 📈 Evaluated. Results: {'test_loss': 3.0980045795440674, 'test_acc': 0.4285714328289032, 'test_precision': 0.45454543828964233, 'test_recall': 0.3998144567012787, 'test_f1': 0.32616156339645386, 'communication_cost': 39526984}
[ 2026-04-18 07:48:52 | node_5 | INFO ] 📢 Broadcasting metrics.
[ 2026-04-18 07:48:53 | node_9 | INFO ] 🧠 Aggregation complete. Setting new model.
[ 2026-04-18 07:48:53 | node_15 | INFO ] 🧩 Model added for round 11 (6/9) from ['node_1']
[ 2026-04-18 07:48:53 | node_17 | INFO ] 🧩 Model added for round 11 (7/9) from ['node_18']
[ 2026-04-18 07:48:53 | node_9 | INFO ] 🗣️ Gossiping aggregated model.
[ 2026-04-18 07:48:53 | node_2 | INFO ] 🧩 Model added for round 11 (8/9) from ['node_15']
[ 2026-04-18 07:48:53 | node_16 | INFO ] 🧩 Model added for round 11 (8/8) from ['node_1']
[ 2026-04-18 07:48:53 | node_5 | INFO ] 🎉 Round 11 of 20 finished.
[ 2026-04-18 07:48:53 | node_5 | INFO ] 🗳️ [DETERMINISTIC] Train set assigned (No Voting). Size: 20
[ 2026-04-18 07:48:53 | node_5 | INFO ] ♻️ Proactively processing 6 early models for round 11.
[ 2026-04-18 07:48:53 | node_5 | INFO ] 🧩 Model added for round 11 (1/8) from ['node_4']
[ 2026-04-18 07:48:53 | node_5 | INFO ] 🧩 Model added for round 11 (2/8) from ['node_6']
[ 2026-04-18 07:48:53 | node_5 | INFO ] 🧩 Model added for round 11 (3/8) from ['node_14']
[ 2026-04-18 07:48:53 | node_5 | INFO ] 🧩 Model added for round 11 (4/8) from ['node_13']
[ 2026-04-18 07:48:53 | node_5 | INFO ] 🧩 Model added for round 11 (5/8) from ['node_11']
[ 2026-04-18 07:48:53 | node_5 | INFO ] 🧩 Model added for round 11 (6/8) from ['node_19']
[ 2026-04-18 07:48:53 | node_5 | INFO ] 🏋️‍♀️ Preparing training...
[ 2026-04-18 07:48:53 | node_3 | INFO ] 🧩 Model added for round 11 (6/8) from ['node_15']
[ 2026-04-18 07:48:53 | node_18 | INFO ] 🧩 Model added for round 11 (8/10) from ['node_1']
[ 2026-04-18 07:48:54 | ModelPackager | INFO ] Round 11: Consensus detected (dist: 0.000625). Patience: 1/1
[ 2026-04-18 07:48:54 | node_16 | INFO ] 🧠 Aggregation complete. Setting new model.
[ 2026-04-18 07:48:54 | node_6 | INFO ] 🧩 Model added for round 11 (10/12) from ['node_15']
[ 2026-04-18 07:48:54 | node_16 | INFO ] 🗣️ Gossiping aggregated model.
[ 2026-04-18 07:48:54 | node_5 | INFO ] 🎓 Training step done.
[ 2026-04-18 07:48:54 | node_5 | INFO ] 🛠️ Calling force_add_local_model...
[ 2026-04-18 07:48:54 | node_7 | INFO ] 🧩 Model added for round 11 (6/8) from ['node_15']
[ 2026-04-18 07:48:54 | node_5 | INFO ] ✅ [FORCE] Local model added for round 11. (7/8)
[ 2026-04-18 07:48:55 | node_8 | INFO ] ⏹️  Gossiping exited for 10 equal rounds.
[ 2026-04-18 07:48:55 | node_19 | INFO ] 🧩 Model added for round 11 (5/7) from ['node_15']
[ 2026-04-18 07:48:55 | node_8 | INFO ] 🔬 Evaluating...
[ 2026-04-18 07:48:55 | node_8 | INFO ] 📈 Evaluated. Results: {'test_loss': 0.7073642015457153, 'test_acc': 0.7868852615356445, 'test_precision': 0.28936171531677246, 'test_recall': 0.21509972214698792, 'test_f1': 0.24338623881340027, 'communication_cost': 56467120}
[ 2026-04-18 07:48:55 | node_8 | INFO ] 📢 Broadcasting metrics.
[ 2026-04-18 07:48:56 | node_8 | INFO ] 🎉 Round 11 of 20 finished.
[ 2026-04-18 07:48:56 | node_8 | INFO ] 🗳️ [DETERMINISTIC] Train set assigned (No Voting). Size: 20
[ 2026-04-18 07:48:56 | node_8 | INFO ] ♻️ Proactively processing 10 early models for round 11.
[ 2026-04-18 07:48:56 | node_8 | INFO ] 🧩 Model added for round 11 (1/11) from ['node_3']
[ 2026-04-18 07:48:56 | node_8 | INFO ] 🧩 Model added for round 11 (2/11) from ['node_7']
[ 2026-04-18 07:48:56 | node_8 | INFO ] 🧩 Model added for round 11 (3/11) from ['node_10']
[ 2026-04-18 07:48:56 | node_8 | INFO ] 🧩 Model added for round 11 (4/11) from ['node_14']
[ 2026-04-18 07:48:56 | node_8 | INFO ] 🧩 Model added for round 11 (5/11) from ['node']
[ 2026-04-18 07:48:56 | node_8 | INFO ] 🧩 Model added for round 11 (6/11) from ['node_11']
[ 2026-04-18 07:48:56 | node_8 | INFO ] 🧩 Model added for round 11 (7/11) from ['node_17']
[ 2026-04-18 07:48:56 | node_8 | INFO ] 🧩 Model added for round 11 (8/11) from ['node_19']
[ 2026-04-18 07:48:56 | node_8 | INFO ] 🧩 Model added for round 11 (9/11) from ['node_18']
[ 2026-04-18 07:48:56 | node_8 | INFO ] 🧩 Model added for round 11 (10/11) from ['node_15']
[ 2026-04-18 07:48:56 | node_8 | INFO ] 🏋️‍♀️ Preparing training...
[ 2026-04-18 07:48:56 | node_2 | INFO ] 📤 Sending model to 8 direct neighbors: ['node_1', 'node_3', 'node_4', 'node_11', 'node_12', 'node_13', 'node_14', 'node_15']
[ 2026-04-18 07:48:57 | node_1 | INFO ] 🧩 Model added for round 11 (10/10) from ['node_2']
[ 2026-04-18 07:48:57 | node_3 | INFO ] 🧩 Model added for round 11 (7/8) from ['node_2']
[ 2026-04-18 07:48:57 | node_8 | INFO ] 🎓 Training step done.
[ 2026-04-18 07:48:57 | node_8 | INFO ] 🛠️ Calling force_add_local_model...
[ 2026-04-18 07:48:57 | node_8 | INFO ] ✅ [FORCE] Local model added for round 11. (11/11)
[ 2026-04-18 07:48:57 | ModelPackager | INFO ] Round 11: Consensus detected (dist: 0.000714). Patience: 1/1
[ 2026-04-18 07:48:57 | node_1 | INFO ] 🧠 Aggregation complete. Setting new model.
[ 2026-04-18 07:48:57 | node_1 | INFO ] 🗣️ Gossiping aggregated model.
[ 2026-04-18 07:48:57 | node_4 | INFO ] 🧩 Model added for round 11 (7/8) from ['node_2']
[ 2026-04-18 07:48:58 | node_11 | INFO ] 🧩 Model added for round 11 (5/8) from ['node_2']
[ 2026-04-18 07:48:58 | node_13 | INFO ] 🧩 Model added for round 11 (8/9) from ['node_2']
[ 2026-04-18 07:48:59 | node_14 | INFO ] 🧩 Model added for round 11 (8/11) from ['node_2']
[ 2026-04-18 07:48:59 | node_12 | INFO ] ⏹️  Gossiping exited for 10 equal rounds.
[ 2026-04-18 07:48:59 | node_12 | INFO ] 🔬 Evaluating...
[ 2026-04-18 07:48:59 | node_15 | INFO ] 🧩 Model added for round 11 (7/9) from ['node_2']
[ 2026-04-18 07:48:59 | node_12 | INFO ] 📈 Evaluated. Results: {'test_loss': 0.8200869560241699, 'test_acc': 0.7464788556098938, 'test_precision': 0.32300472259521484, 'test_recall': 0.20947594940662384, 'test_f1': 0.23017184436321259, 'communication_cost': 62113832}
[ 2026-04-18 07:48:59 | node_12 | INFO ] 📢 Broadcasting metrics.
[ 2026-04-18 07:48:59 | node_5 | INFO ] 📤 Sending model to 7 direct neighbors: ['node_4', 'node_6', 'node_11', 'node_12', 'node_13', 'node_14', 'node_19']
[ 2026-04-18 07:49:00 | node_4 | INFO ] 🧩 Model added for round 11 (8/8) from ['node_5']
[ 2026-04-18 07:49:00 | node_12 | INFO ] 🎉 Round 11 of 20 finished.
[ 2026-04-18 07:49:00 | node_12 | INFO ] 🗳️ [DETERMINISTIC] Train set assigned (No Voting). Size: 20
[ 2026-04-18 07:49:00 | node_12 | INFO ] ♻️ Proactively processing 10 early models for round 11.
[ 2026-04-18 07:49:00 | node_12 | INFO ] 🧩 Model added for round 11 (1/12) from ['node_7']
[ 2026-04-18 07:49:00 | node_12 | INFO ] 🧩 Model added for round 11 (2/12) from ['node_10']
[ 2026-04-18 07:49:00 | node_12 | INFO ] 🧩 Model added for round 11 (3/12) from ['node_6']
[ 2026-04-18 07:49:00 | node_12 | INFO ] 🧩 Model added for round 11 (4/12) from ['node_14']
[ 2026-04-18 07:49:00 | node_12 | INFO ] 🧩 Model added for round 11 (5/12) from ['node']
[ 2026-04-18 07:49:00 | node_12 | INFO ] 🧩 Model added for round 11 (6/12) from ['node_11']
[ 2026-04-18 07:49:00 | node_12 | INFO ] 🧩 Model added for round 11 (7/12) from ['node_17']
[ 2026-04-18 07:49:00 | node_12 | INFO ] 🧩 Model added for round 11 (8/12) from ['node_18']
[ 2026-04-18 07:49:00 | node_12 | INFO ] 🧩 Model added for round 11 (9/12) from ['node_15']
[ 2026-04-18 07:49:00 | node_12 | INFO ] 🧩 Model added for round 11 (10/12) from ['node_2']
[ 2026-04-18 07:49:00 | node_12 | INFO ] 🏋️‍♀️ Preparing training...
[ 2026-04-18 07:49:00 | node_6 | INFO ] 🧩 Model added for round 11 (11/12) from ['node_5']
[ 2026-04-18 07:49:00 | ModelPackager | INFO ] Round 11: Consensus detected (dist: 0.000575). Patience: 1/1
[ 2026-04-18 07:49:01 | node_4 | INFO ] 🧠 Aggregation complete. Setting new model.
[ 2026-04-18 07:49:01 | node_11 | INFO ] 🧩 Model added for round 11 (6/8) from ['node_5']
[ 2026-04-18 07:49:01 | node_4 | INFO ] 🗣️ Gossiping aggregated model.
[ 2026-04-18 07:49:01 | node_12 | INFO ] 🎓 Training step done.
[ 2026-04-18 07:49:01 | node_12 | INFO ] 🛠️ Calling force_add_local_model...
[ 2026-04-18 07:49:01 | node_12 | INFO ] ✅ [FORCE] Local model added for round 11. (11/12)
[ 2026-04-18 07:49:01 | node_12 | INFO ] 🧩 Model added for round 11 (12/12) from ['node_5']
[ 2026-04-18 07:49:01 | node_13 | INFO ] 🧩 Model added for round 11 (9/9) from ['node_5']
[ 2026-04-18 07:49:02 | node_14 | INFO ] 🧩 Model added for round 11 (9/11) from ['node_5']
[ 2026-04-18 07:49:02 | ModelPackager | INFO ] Round 11: Consensus detected (dist: 0.000594). Patience: 1/1
[ 2026-04-18 07:49:02 | node_8 | INFO ] 📤 Sending model to 10 direct neighbors: ['node', 'node_3', 'node_7', 'node_10', 'node_11', 'node_14', 'node_15', 'node_17', 'node_18', 'node_19']
[ 2026-04-18 07:49:02 | node | INFO ] 🧩 Model added for round 11 (7/8) from ['node_8']
[ 2026-04-18 07:49:02 | node_13 | INFO ] 🧠 Aggregation complete. Setting new model.
[ 2026-04-18 07:49:02 | node_19 | INFO ] 🧩 Model added for round 11 (6/7) from ['node_5']
[ 2026-04-18 07:49:02 | node_13 | INFO ] 🗣️ Gossiping aggregated model.
[ 2026-04-18 07:49:03 | node_3 | INFO ] 🧩 Model added for round 11 (8/8) from ['node_8']
[ 2026-04-18 07:49:03 | node_7 | INFO ] 🧩 Model added for round 11 (7/8) from ['node_8']
[ 2026-04-18 07:49:03 | ModelPackager | INFO ] Round 11: Consensus detected (dist: 0.000627). Patience: 1/1
[ 2026-04-18 07:49:03 | node_3 | INFO ] 🧠 Aggregation complete. Setting new model.
[ 2026-04-18 07:49:03 | node_3 | INFO ] 🗣️ Gossiping aggregated model.
[ 2026-04-18 07:49:03 | node_10 | INFO ] 🧩 Model added for round 11 (6/7) from ['node_8']
[ 2026-04-18 07:49:04 | node_11 | INFO ] 🧩 Model added for round 11 (7/8) from ['node_8']
[ 2026-04-18 07:49:05 | node_14 | INFO ] 🧩 Model added for round 11 (10/11) from ['node_8']
[ 2026-04-18 07:49:05 | node_15 | INFO ] 🧩 Model added for round 11 (8/9) from ['node_8']
[ 2026-04-18 07:49:05 | node_17 | INFO ] 🧩 Model added for round 11 (8/9) from ['node_8']
[ 2026-04-18 07:49:05 | node_18 | INFO ] 🧩 Model added for round 11 (9/10) from ['node_8']
[ 2026-04-18 07:49:06 | node_19 | INFO ] 🧩 Model added for round 11 (7/7) from ['node_8']
[ 2026-04-18 07:49:06 | node_12 | INFO ] 📤 Sending model to 11 direct neighbors: ['node', 'node_2', 'node_5', 'node_6', 'node_7', 'node_10', 'node_11', 'node_14', 'node_15', 'node_17', 'node_18']
[ 2026-04-18 07:49:06 | node | INFO ] 🧩 Model added for round 11 (8/8) from ['node_12']
[ 2026-04-18 07:49:07 | node_2 | INFO ] 🧩 Model added for round 11 (9/9) from ['node_12']
[ 2026-04-18 07:49:07 | ModelPackager | INFO ] Round 11: Consensus detected (dist: 0.000683). Patience: 1/1
[ 2026-04-18 07:49:07 | ModelPackager | INFO ] Round 11: Consensus detected (dist: 0.000612). Patience: 1/1
[ 2026-04-18 07:49:07 | ModelPackager | INFO ] 🌟 Node node is AUTHORIZED. Starting packaging & push...
[ 2026-04-18 07:49:07 | node_19 | INFO ] 🧠 Aggregation complete. Setting new model.
[ 2026-04-18 07:49:07 | node | INFO ] 🧠 Aggregation complete. Setting new model.
[ 2026-04-18 07:49:07 | ModelPackager | INFO ] Round 11: Consensus detected (dist: 0.000730). Patience: 1/1
[ 2026-04-18 07:49:07 | node_8 | INFO ] 🧠 Aggregation complete. Setting new model.
[ 2026-04-18 07:49:07 | node_19 | INFO ] 🗣️ Gossiping aggregated model.
[ 2026-04-18 07:49:07 | node | INFO ] 🗣️ Gossiping aggregated model.
[ 2026-04-18 07:49:07 | node_5 | INFO ] 🧩 Model added for round 11 (8/8) from ['node_12']
[ 2026-04-18 07:49:07 | node_8 | INFO ] 🗣️ Gossiping aggregated model.
[ 2026-04-18 07:49:08 | ModelPackager | INFO ] Round 11: Consensus detected (dist: 0.000635). Patience: 1/1
[ 2026-04-18 07:49:08 | node_6 | INFO ] 🧩 Model added for round 11 (12/12) from ['node_12']
[ 2026-04-18 07:49:08 | node_2 | INFO ] 🧠 Aggregation complete. Setting new model.
[ 2026-04-18 07:49:08 | ModelPackager | INFO ] Round 11: Consensus detected (dist: 0.000537). Patience: 1/1
[ 2026-04-18 07:49:08 | node_5 | INFO ] 🧠 Aggregation complete. Setting new model.
[ 2026-04-18 07:49:08 | ModelPackager | INFO ] Round 11: Consensus detected (dist: 0.000768). Patience: 1/1
[ 2026-04-18 07:49:08 | node_2 | INFO ] 🗣️ Gossiping aggregated model.
[ 2026-04-18 07:49:08 | node_5 | INFO ] 🗣️ Gossiping aggregated model.
[ 2026-04-18 07:49:08 | node_7 | INFO ] 🧩 Model added for round 11 (8/8) from ['node_12']
[ 2026-04-18 07:49:08 | node_6 | INFO ] 🧠 Aggregation complete. Setting new model.
[ 2026-04-18 07:49:09 | node_6 | INFO ] 🗣️ Gossiping aggregated model.
[ 2026-04-18 07:49:09 | node_10 | INFO ] 🧩 Model added for round 11 (7/7) from ['node_12']
[ 2026-04-18 07:49:09 | ModelPackager | INFO ] Round 11: Consensus detected (dist: 0.000676). Patience: 1/1
[ 2026-04-18 07:49:09 | ModelPackager | INFO ] Round 11: Consensus detected (dist: 0.000607). Patience: 1/1
[ 2026-04-18 07:49:09 | node_7 | INFO ] 🧠 Aggregation complete. Setting new model.
[ 2026-04-18 07:49:09 | node_11 | INFO ] 🧩 Model added for round 11 (8/8) from ['node_12']
[ 2026-04-18 07:49:09 | node_10 | INFO ] 🧠 Aggregation complete. Setting new model.
[ 2026-04-18 07:49:09 | ModelPackager | INFO ] Round 11: Consensus detected (dist: 0.000485). Patience: 1/1
[ 2026-04-18 07:49:10 | node_10 | INFO ] 🗣️ Gossiping aggregated model.
[ 2026-04-18 07:49:10 | node_7 | INFO ] 🗣️ Gossiping aggregated model.
[ 2026-04-18 07:49:10 | node_11 | INFO ] 🧠 Aggregation complete. Setting new model.
[ 2026-04-18 07:49:10 | node_14 | INFO ] 🧩 Model added for round 11 (11/11) from ['node_12']
[ 2026-04-18 07:49:10 | node_11 | INFO ] 🗣️ Gossiping aggregated model.
[ 2026-04-18 07:49:10 | node_15 | INFO ] 🧩 Model added for round 11 (9/9) from ['node_12']
[ 2026-04-18 07:49:11 | ModelPackager | INFO ] Round 11: Consensus detected (dist: 0.000535). Patience: 1/1
[ 2026-04-18 07:49:11 | node_17 | INFO ] 🧩 Model added for round 11 (9/9) from ['node_12']
[ 2026-04-18 07:49:11 | node_14 | INFO ] 🧠 Aggregation complete. Setting new model.
[ 2026-04-18 07:49:11 | node_18 | INFO ] 🧩 Model added for round 11 (10/10) from ['node_12']
[ 2026-04-18 07:49:11 | node_14 | INFO ] 🗣️ Gossiping aggregated model.
[ 2026-04-18 07:49:12 | ModelPackager | INFO ] Round 11: Consensus detected (dist: 0.000601). Patience: 1/1
[ 2026-04-18 07:49:12 | ModelPackager | INFO ] Round 11: Consensus detected (dist: 0.000597). Patience: 1/1
[ 2026-04-18 07:49:12 | ModelPackager | INFO ] Round 11: Consensus detected (dist: 0.000534). Patience: 1/1
[ 2026-04-18 07:49:12 | node_15 | INFO ] 🧠 Aggregation complete. Setting new model.
[ 2026-04-18 07:49:12 | node_17 | INFO ] 🧠 Aggregation complete. Setting new model.
[ 2026-04-18 07:49:12 | node_18 | INFO ] 🧠 Aggregation complete. Setting new model.
[ 2026-04-18 07:49:12 | node_15 | INFO ] 🗣️ Gossiping aggregated model.
[ 2026-04-18 07:49:12 | node_17 | INFO ] 🗣️ Gossiping aggregated model.
[ 2026-04-18 07:49:12 | node_18 | INFO ] 🗣️ Gossiping aggregated model.
[ 2026-04-18 07:49:13 | ModelPackager | INFO ] Round 11: Consensus detected (dist: 0.000763). Patience: 1/1
[ 2026-04-18 07:49:13 | node_12 | INFO ] 🧠 Aggregation complete. Setting new model.
[ 2026-04-18 07:49:13 | node_12 | INFO ] 🗣️ Gossiping aggregated model.
[ 2026-04-18 07:49:13 | node_2 | INFO ] 🤫 Gossip finished.
[ 2026-04-18 07:49:13 | node_2 | INFO ] 🔬 Evaluating...
[ 2026-04-18 07:49:13 | node_11 | INFO ] 🤫 Gossip finished.
[ 2026-04-18 07:49:13 | node_11 | INFO ] 🔬 Evaluating...
[ 2026-04-18 07:49:14 | node_2 | INFO ] 📈 Evaluated. Results: {'test_loss': 0.6017380952835083, 'test_acc': 0.8405796885490417, 'test_precision': 0.25892379879951477, 'test_recall': 0.22131074965000153, 'test_f1': 0.2305189073085785, 'communication_cost': 45173696}
[ 2026-04-18 07:49:14 | node_2 | INFO ] 📢 Broadcasting metrics.
[ 2026-04-18 07:49:14 | node_11 | INFO ] 📈 Evaluated. Results: {'test_loss': 1.4673904180526733, 'test_acc': 0.5045871734619141, 'test_precision': 0.23639552295207977, 'test_recall': 0.14513850212097168, 'test_f1': 0.1727532595396042, 'communication_cost': 39526984}
[ 2026-04-18 07:49:14 | node_11 | INFO ] 📢 Broadcasting metrics.
[ 2026-04-18 07:49:14 | node_2 | INFO ] 🎉 Round 12 of 20 finished.
[ 2026-04-18 07:49:14 | node_2 | INFO ] 🗳️ [DETERMINISTIC] Train set assigned (No Voting). Size: 20
[ 2026-04-18 07:49:14 | node_2 | INFO ] 🏋️‍♀️ Preparing training...
[ 2026-04-18 07:49:14 | node_11 | INFO ] 🎉 Round 12 of 20 finished.
[ 2026-04-18 07:49:14 | node_11 | INFO ] 🗳️ [DETERMINISTIC] Train set assigned (No Voting). Size: 20
[ 2026-04-18 07:49:14 | node_11 | INFO ] 🏋️‍♀️ Preparing training...
[ 2026-04-18 07:49:15 | node_11 | INFO ] 🎓 Training step done.
[ 2026-04-18 07:49:15 | node_11 | INFO ] 🛠️ Calling force_add_local_model...
[ 2026-04-18 07:49:15 | node_11 | INFO ] ✅ [FORCE] Local model added for round 12. (1/8)
[ 2026-04-18 07:49:16 | node_2 | INFO ] 🎓 Training step done.
[ 2026-04-18 07:49:16 | node_2 | INFO ] 🛠️ Calling force_add_local_model...
[ 2026-04-18 07:49:16 | node_2 | INFO ] ✅ [FORCE] Local model added for round 12. (1/9)
[ 2026-04-18 07:49:17 | node_13 | INFO ] ⏹️  Gossiping exited for 10 equal rounds.
[ 2026-04-18 07:49:17 | node_13 | INFO ] 🔬 Evaluating...
[ 2026-04-18 07:49:17 | node_13 | INFO ] 📈 Evaluated. Results: {'test_loss': 5.162587642669678, 'test_acc': 0.1483253538608551, 'test_precision': 0.39977216720581055, 'test_recall': 0.3431815505027771, 'test_f1': 0.25964516401290894, 'communication_cost': 45173696}
[ 2026-04-18 07:49:17 | node_13 | INFO ] 📢 Broadcasting metrics.
[ 2026-04-18 07:49:18 | node_13 | INFO ] 🎉 Round 12 of 20 finished.
[ 2026-04-18 07:49:18 | node_13 | INFO ] 🗳️ [DETERMINISTIC] Train set assigned (No Voting). Size: 20
[ 2026-04-18 07:49:18 | node_13 | INFO ] 🏋️‍♀️ Preparing training...
[ 2026-04-18 07:49:18 | node_13 | INFO ] 🎓 Training step done.
[ 2026-04-18 07:49:18 | node_13 | INFO ] 🛠️ Calling force_add_local_model...
[ 2026-04-18 07:49:18 | node_13 | INFO ] ✅ [FORCE] Local model added for round 12. (1/9)
[ 2026-04-18 07:49:20 | node_11 | INFO ] 📤 Sending model to 7 direct neighbors: ['node_1', 'node_2', 'node_3', 'node_4', 'node_5', 'node_8', 'node_12']
[ 2026-04-18 07:49:20 | node_2 | INFO ] 🧩 Model added for round 12 (2/9) from ['node_11']
[ 2026-04-18 07:49:21 | node_2 | INFO ] 📤 Sending model to 8 direct neighbors: ['node_1', 'node_3', 'node_4', 'node_11', 'node_12', 'node_13', 'node_14', 'node_15']
[ 2026-04-18 07:49:21 | node_9 | INFO ] ⏹️  Gossiping exited for 10 equal rounds.
[ 2026-04-18 07:49:21 | node_9 | INFO ] 🔬 Evaluating...
[ 2026-04-18 07:49:22 | node_9 | INFO ] 📈 Evaluated. Results: {'test_loss': 0.8790519833564758, 'test_acc': 0.734375, 'test_precision': 0.2423303872346878, 'test_recall': 0.16765373945236206, 'test_f1': 0.1842058300971985, 'communication_cost': 39526984}
[ 2026-04-18 07:49:22 | node_9 | INFO ] 📢 Broadcasting metrics.
[ 2026-04-18 07:49:22 | node_11 | INFO ] 🧩 Model added for round 12 (2/8) from ['node_2']
[ 2026-04-18 07:49:22 | node_9 | INFO ] 🎉 Round 12 of 20 finished.
[ 2026-04-18 07:49:22 | node_9 | INFO ] 🗳️ [DETERMINISTIC] Train set assigned (No Voting). Size: 20
[ 2026-04-18 07:49:22 | node_9 | INFO ] 🏋️‍♀️ Preparing training...
[ 2026-04-18 07:49:23 | node_13 | INFO ] 🧩 Model added for round 12 (2/9) from ['node_2']
[ 2026-04-18 07:49:23 | node | INFO ] ⏹️  Gossiping exited for 10 equal rounds.
[ 2026-04-18 07:49:23 | node | INFO ] 🔬 Evaluating...
[ 2026-04-18 07:49:23 | node_9 | INFO ] 🎓 Training step done.
[ 2026-04-18 07:49:23 | node_16 | INFO ] ⏹️  Gossiping exited for 10 equal rounds.
[ 2026-04-18 07:49:23 | node_9 | INFO ] 🛠️ Calling force_add_local_model...
[ 2026-04-18 07:49:23 | node_16 | INFO ] 🔬 Evaluating...
[ 2026-04-18 07:49:23 | node | INFO ] 📈 Evaluated. Results: {'test_loss': 2.3556056022644043, 'test_acc': 0.3404255211353302, 'test_precision': 0.30824461579322815, 'test_recall': 0.1756618767976761, 'test_f1': 0.1969614177942276, 'communication_cost': 39526984}
[ 2026-04-18 07:49:23 | node_5 | INFO ] ⏹️  Gossiping exited for 10 equal rounds.
[ 2026-04-18 07:49:23 | node_9 | INFO ] ✅ [FORCE] Local model added for round 12. (1/8)
[ 2026-04-18 07:49:23 | node | INFO ] 📢 Broadcasting metrics.
[ 2026-04-18 07:49:23 | node_5 | INFO ] 🔬 Evaluating...
[ 2026-04-18 07:49:23 | node_19 | INFO ] ⏹️  Gossiping exited for 10 equal rounds.
[ 2026-04-18 07:49:23 | node_19 | INFO ] 🔬 Evaluating...
[ 2026-04-18 07:49:23 | node_16 | INFO ] 📈 Evaluated. Results: {'test_loss': 2.753002643585205, 'test_acc': 0.4189189076423645, 'test_precision': 0.3444444537162781, 'test_recall': 0.2768270969390869, 'test_f1': 0.26173150539398193, 'communication_cost': 39526984}
[ 2026-04-18 07:49:23 | node_16 | INFO ] 📢 Broadcasting metrics.
[ 2026-04-18 07:49:23 | node_5 | INFO ] 📈 Evaluated. Results: {'test_loss': 3.005990982055664, 'test_acc': 0.4285714328289032, 'test_precision': 0.5277777910232544, 'test_recall': 0.4664502739906311, 'test_f1': 0.3768588602542877, 'communication_cost': 39526984}
[ 2026-04-18 07:49:24 | node_5 | INFO ] 📢 Broadcasting metrics.
[ 2026-04-18 07:49:24 | node_13 | INFO ] 📤 Sending model to 8 direct neighbors: ['node_1', 'node_2', 'node_5', 'node_6', 'node_7', 'node_9', 'node_17', 'node_18']
[ 2026-04-18 07:49:24 | node_19 | INFO ] 📈 Evaluated. Results: {'test_loss': 5.288135528564453, 'test_acc': 0.28343313932418823, 'test_precision': 0.2740809917449951, 'test_recall': 0.16432900726795197, 'test_f1': 0.131814107298851, 'communication_cost': 33880272}
[ 2026-04-18 07:49:24 | node_19 | INFO ] 📢 Broadcasting metrics.
[ 2026-04-18 07:49:24 | node | INFO ] 🎉 Round 12 of 20 finished.
[ 2026-04-18 07:49:24 | node | INFO ] 🗳️ [DETERMINISTIC] Train set assigned (No Voting). Size: 20
[ 2026-04-18 07:49:24 | node | INFO ] 🏋️‍♀️ Preparing training...
[ 2026-04-18 07:49:24 | node_16 | INFO ] 🎉 Round 12 of 20 finished.
[ 2026-04-18 07:49:24 | node_2 | INFO ] 🧩 Model added for round 12 (3/9) from ['node_13']
[ 2026-04-18 07:49:24 | node_16 | INFO ] 🗳️ [DETERMINISTIC] Train set assigned (No Voting). Size: 20
[ 2026-04-18 07:49:24 | node_16 | INFO ] 🏋️‍♀️ Preparing training...
[ 2026-04-18 07:49:24 | node_10 | INFO ] ⏹️  Gossiping exited for 10 equal rounds.
[ 2026-04-18 07:49:24 | node_10 | INFO ] 🔬 Evaluating...
[ 2026-04-18 07:49:24 | node_5 | INFO ] 🎉 Round 12 of 20 finished.
[ 2026-04-18 07:49:24 | node_19 | INFO ] 🎉 Round 12 of 20 finished.
[ 2026-04-18 07:49:24 | node_19 | INFO ] 🗳️ [DETERMINISTIC] Train set assigned (No Voting). Size: 20
[ 2026-04-18 07:49:24 | node_5 | INFO ] 🗳️ [DETERMINISTIC] Train set assigned (No Voting). Size: 20
[ 2026-04-18 07:49:24 | node_19 | INFO ] 🏋️‍♀️ Preparing training...
[ 2026-04-18 07:49:24 | node_5 | INFO ] ♻️ Proactively processing 1 early models for round 12.
[ 2026-04-18 07:49:24 | node_5 | INFO ] 🧩 Model added for round 12 (1/8) from ['node_11']
[ 2026-04-18 07:49:24 | node_5 | INFO ] 🏋️‍♀️ Preparing training...
[ 2026-04-18 07:49:24 | node_6 | INFO ] ⏹️  Gossiping exited for 10 equal rounds.
[ 2026-04-18 07:49:24 | node_6 | INFO ] 🔬 Evaluating...
[ 2026-04-18 07:49:24 | node_10 | INFO ] 📈 Evaluated. Results: {'test_loss': 5.638433456420898, 'test_acc': 0.050847455859184265, 'test_precision': 0.20661824941635132, 'test_recall': 0.07886965572834015, 'test_f1': 0.09205064177513123, 'communication_cost': 33880272}
[ 2026-04-18 07:49:24 | node_10 | INFO ] 📢 Broadcasting metrics.
[ 2026-04-18 07:49:24 | node_5 | INFO ] 🧩 Model added for round 12 (2/8) from ['node_13']
[ 2026-04-18 07:49:24 | node | INFO ] 🎓 Training step done.
[ 2026-04-18 07:49:24 | node | INFO ] 🛠️ Calling force_add_local_model...
[ 2026-04-18 07:49:25 | node | INFO ] ✅ [FORCE] Local model added for round 12. (1/8)
[ 2026-04-18 07:49:25 | node_19 | INFO ] 🎓 Training step done.
[ 2026-04-18 07:49:25 | node_19 | INFO ] 🛠️ Calling force_add_local_model...
[ 2026-04-18 07:49:25 | node_6 | INFO ] 📈 Evaluated. Results: {'test_loss': 1.0891951322555542, 'test_acc': 0.6336633563041687, 'test_precision': 0.18869549036026, 'test_recall': 0.1319812387228012, 'test_f1': 0.15305376052856445, 'communication_cost': 62113832}
[ 2026-04-18 07:49:25 | node_19 | INFO ] ✅ [FORCE] Local model added for round 12. (1/7)
[ 2026-04-18 07:49:25 | node_6 | INFO ] 📢 Broadcasting metrics.
[ 2026-04-18 07:49:25 | node_16 | INFO ] 🎓 Training step done.
[ 2026-04-18 07:49:25 | node_16 | INFO ] 🛠️ Calling force_add_local_model...
[ 2026-04-18 07:49:25 | node_16 | INFO ] ✅ [FORCE] Local model added for round 12. (1/8)
[ 2026-04-18 07:49:25 | node_5 | INFO ] 🎓 Training step done.
[ 2026-04-18 07:49:25 | node_10 | INFO ] 🎉 Round 12 of 20 finished.
[ 2026-04-18 07:49:25 | node_5 | INFO ] 🛠️ Calling force_add_local_model...
[ 2026-04-18 07:49:25 | node_10 | INFO ] 🗳️ [DETERMINISTIC] Train set assigned (No Voting). Size: 20
[ 2026-04-18 07:49:25 | node_10 | INFO ] 🏋️‍♀️ Preparing training...
[ 2026-04-18 07:49:25 | node_5 | INFO ] ✅ [FORCE] Local model added for round 12. (3/8)
[ 2026-04-18 07:49:25 | node_9 | INFO ] 🧩 Model added for round 12 (2/8) from ['node_13']
[ 2026-04-18 07:49:26 | node_6 | INFO ] 🎉 Round 12 of 20 finished.
[ 2026-04-18 07:49:26 | node_6 | INFO ] 🗳️ [DETERMINISTIC] Train set assigned (No Voting). Size: 20
[ 2026-04-18 07:49:26 | node_6 | INFO ] ♻️ Proactively processing 1 early models for round 12.
[ 2026-04-18 07:49:26 | node_6 | INFO ] 🧩 Model added for round 12 (1/12) from ['node_13']
[ 2026-04-18 07:49:26 | node_6 | INFO ] 🏋️‍♀️ Preparing training...
[ 2026-04-18 07:49:26 | node_10 | INFO ] 🎓 Training step done.
[ 2026-04-18 07:49:26 | node_10 | INFO ] 🛠️ Calling force_add_local_model...
[ 2026-04-18 07:49:27 | node_10 | INFO ] ✅ [FORCE] Local model added for round 12. (1/7)
[ 2026-04-18 07:49:27 | node_6 | INFO ] 🎓 Training step done.
[ 2026-04-18 07:49:27 | node_6 | INFO ] 🛠️ Calling force_add_local_model...
[ 2026-04-18 07:49:27 | node_6 | INFO ] ✅ [FORCE] Local model added for round 12. (2/12)
[ 2026-04-18 07:49:27 | node_18 | INFO ] ⏹️  Gossiping exited for 10 equal rounds.
[ 2026-04-18 07:49:27 | node_18 | INFO ] 🔬 Evaluating...
[ 2026-04-18 07:49:27 | node_14 | INFO ] ⏹️  Gossiping exited for 10 equal rounds.
[ 2026-04-18 07:49:27 | node_14 | INFO ] 🔬 Evaluating...
[ 2026-04-18 07:49:27 | node_15 | INFO ] ⏹️  Gossiping exited for 10 equal rounds.
[ 2026-04-18 07:49:27 | node_15 | INFO ] 🔬 Evaluating...
[ 2026-04-18 07:49:28 | node_14 | INFO ] 📈 Evaluated. Results: {'test_loss': 1.1112115383148193, 'test_acc': 0.7160493731498718, 'test_precision': 0.3174603283405304, 'test_recall': 0.3045850098133087, 'test_f1': 0.30284255743026733, 'communication_cost': 56467120}
[ 2026-04-18 07:49:28 | node_14 | INFO ] 📢 Broadcasting metrics.
[ 2026-04-18 07:49:28 | node_18 | INFO ] 📈 Evaluated. Results: {'test_loss': 0.6862581968307495, 'test_acc': 0.7668874263763428, 'test_precision': 0.26166340708732605, 'test_recall': 0.2061024308204651, 'test_f1': 0.22574572265148163, 'communication_cost': 50820408}
[ 2026-04-18 07:49:28 | node_15 | INFO ] 📈 Evaluated. Results: {'test_loss': 12.599279403686523, 'test_acc': 0.004201680887490511, 'test_precision': 0.07683073729276657, 'test_recall': 0.07683073729276657, 'test_f1': 0.07683073729276657, 'communication_cost': 45173696}
[ 2026-04-18 07:49:28 | node_18 | INFO ] 📢 Broadcasting metrics.
[ 2026-04-18 07:49:28 | node_15 | INFO ] 📢 Broadcasting metrics.
[ 2026-04-18 07:49:28 | node_9 | INFO ] 📤 Sending model to 7 direct neighbors: ['node_6', 'node_7', 'node_10', 'node_13', 'node_16', 'node_17', 'node_18']
[ 2026-04-18 07:49:28 | node_15 | INFO ] 🎉 Round 12 of 20 finished.
[ 2026-04-18 07:49:28 | node_15 | INFO ] 🗳️ [DETERMINISTIC] Train set assigned (No Voting). Size: 20
[ 2026-04-18 07:49:28 | node_6 | INFO ] 🧩 Model added for round 12 (3/12) from ['node_9']
[ 2026-04-18 07:49:28 | node_15 | INFO ] ♻️ Proactively processing 1 early models for round 12.
[ 2026-04-18 07:49:28 | node_15 | INFO ] 🧩 Model added for round 12 (1/9) from ['node_2']
[ 2026-04-18 07:49:28 | node_15 | INFO ] 🏋️‍♀️ Preparing training...
[ 2026-04-18 07:49:28 | node_18 | INFO ] 🎉 Round 12 of 20 finished.
[ 2026-04-18 07:49:28 | node_18 | INFO ] 🗳️ [DETERMINISTIC] Train set assigned (No Voting). Size: 20
[ 2026-04-18 07:49:28 | node_18 | INFO ] ♻️ Proactively processing 1 early models for round 12.
[ 2026-04-18 07:49:29 | node_18 | INFO ] 🧩 Model added for round 12 (1/10) from ['node_13']
[ 2026-04-18 07:49:29 | node_18 | INFO ] 🏋️‍♀️ Preparing training...
[ 2026-04-18 07:49:29 | node_14 | INFO ] 🎉 Round 12 of 20 finished.
[ 2026-04-18 07:49:29 | node_14 | INFO ] 🗳️ [DETERMINISTIC] Train set assigned (No Voting). Size: 20
[ 2026-04-18 07:49:29 | node_14 | INFO ] ♻️ Proactively processing 1 early models for round 12.
[ 2026-04-18 07:49:29 | node_14 | INFO ] 🧩 Model added for round 12 (1/11) from ['node_2']
[ 2026-04-18 07:49:29 | node_14 | INFO ] 🏋️‍♀️ Preparing training...
[ 2026-04-18 07:49:29 | node_12 | INFO ] ⏹️  Gossiping exited for 10 equal rounds.
[ 2026-04-18 07:49:29 | node_12 | INFO ] 🔬 Evaluating...
[ 2026-04-18 07:49:29 | node_12 | INFO ] 📈 Evaluated. Results: {'test_loss': 0.6865471601486206, 'test_acc': 0.8028169274330139, 'test_precision': 0.35191935300827026, 'test_recall': 0.24370881915092468, 'test_f1': 0.26223039627075195, 'communication_cost': 62113832}
[ 2026-04-18 07:49:29 | node_12 | INFO ] 📢 Broadcasting metrics.
[ 2026-04-18 07:49:29 | node_10 | INFO ] 🧩 Model added for round 12 (2/7) from ['node_9']
[ 2026-04-18 07:49:29 | node_13 | INFO ] 🧩 Model added for round 12 (3/9) from ['node_9']
[ 2026-04-18 07:49:30 | node | INFO ] 📤 Sending model to 7 direct neighbors: ['node_4', 'node_7', 'node_8', 'node_12', 'node_14', 'node_16', 'node_18']
[ 2026-04-18 07:49:30 | node_16 | INFO ] 🧩 Model added for round 12 (2/8) from ['node_9']
[ 2026-04-18 07:49:30 | node_12 | INFO ] 🎉 Round 12 of 20 finished.
[ 2026-04-18 07:49:30 | node_19 | INFO ] 📤 Sending model to 6 direct neighbors: ['node_4', 'node_5', 'node_8', 'node_10', 'node_15', 'node_16']
[ 2026-04-18 07:49:30 | node_12 | INFO ] 🗳️ [DETERMINISTIC] Train set assigned (No Voting). Size: 20
[ 2026-04-18 07:49:30 | node_12 | INFO ] ♻️ Proactively processing 2 early models for round 12.
[ 2026-04-18 07:49:30 | node_12 | INFO ] 🧩 Model added for round 12 (1/12) from ['node_11']
[ 2026-04-18 07:49:30 | node_12 | INFO ] 🧩 Model added for round 12 (2/12) from ['node_2']
[ 2026-04-18 07:49:30 | node_4 | INFO ] ⏹️  Gossiping exited for 10 equal rounds.
[ 2026-04-18 07:49:30 | node_12 | INFO ] 🏋️‍♀️ Preparing training...
[ 2026-04-18 07:49:30 | node_4 | INFO ] 🔬 Evaluating...
[ 2026-04-18 07:49:30 | node_16 | INFO ] 📤 Sending model to 7 direct neighbors: ['node', 'node_1', 'node_3', 'node_9', 'node_10', 'node_14', 'node_19']
[ 2026-04-18 07:49:30 | node_18 | INFO ] 🎓 Training step done.
[ 2026-04-18 07:49:30 | node_18 | INFO ] 🛠️ Calling force_add_local_model...
[ 2026-04-18 07:49:30 | node_18 | INFO ] ✅ [FORCE] Local model added for round 12. (2/10)
[ 2026-04-18 07:49:30 | node_5 | INFO ] 📤 Sending model to 7 direct neighbors: ['node_4', 'node_6', 'node_11', 'node_12', 'node_13', 'node_14', 'node_19']
[ 2026-04-18 07:49:30 | node_4 | INFO ] 📈 Evaluated. Results: {'test_loss': 0.861541748046875, 'test_acc': 0.7297688126564026, 'test_precision': 0.202543243765831, 'test_recall': 0.14640147984027863, 'test_f1': 0.16661344468593597, 'communication_cost': 39526984}
[ 2026-04-18 07:49:30 | node_4 | INFO ] 📢 Broadcasting metrics.
[ 2026-04-18 07:49:30 | node | INFO ] 🧩 Model added for round 12 (2/8) from ['node_16']
[ 2026-04-18 07:49:30 | node_5 | INFO ] 🧩 Model added for round 12 (4/8) from ['node_19']
[ 2026-04-18 07:49:30 | node_15 | INFO ] 🎓 Training step done.
[ 2026-04-18 07:49:31 | node_15 | INFO ] 🛠️ Calling force_add_local_model...
[ 2026-04-18 07:49:31 | node_18 | INFO ] 🧩 Model added for round 12 (3/10) from ['node_9']
[ 2026-04-18 07:49:31 | node_12 | INFO ] 🧩 Model added for round 12 (3/12) from ['node']
[ 2026-04-18 07:49:31 | node_15 | INFO ] ✅ [FORCE] Local model added for round 12. (2/9)
[ 2026-04-18 07:49:31 | node_6 | INFO ] 🧩 Model added for round 12 (4/12) from ['node_5']
[ 2026-04-18 07:49:31 | node_12 | INFO ] 🎓 Training step done.
[ 2026-04-18 07:49:31 | node_12 | INFO ] 🛠️ Calling force_add_local_model...
[ 2026-04-18 07:49:31 | node_12 | INFO ] ✅ [FORCE] Local model added for round 12. (4/12)
[ 2026-04-18 07:49:31 | node_14 | INFO ] 🎓 Training step done.
[ 2026-04-18 07:49:31 | node_14 | INFO ] 🛠️ Calling force_add_local_model...
[ 2026-04-18 07:49:31 | node_14 | INFO ] ✅ [FORCE] Local model added for round 12. (2/11)
[ 2026-04-18 07:49:31 | node_10 | INFO ] 🧩 Model added for round 12 (3/7) from ['node_19']
[ 2026-04-18 07:49:31 | node_14 | INFO ] 🧩 Model added for round 12 (3/11) from ['node']
[ 2026-04-18 07:49:31 | node_9 | INFO ] 🧩 Model added for round 12 (3/8) from ['node_16']
[ 2026-04-18 07:49:31 | node_11 | INFO ] 🧩 Model added for round 12 (3/8) from ['node_5']
[ 2026-04-18 07:49:31 | node_4 | INFO ] 🎉 Round 12 of 20 finished.
[ 2026-04-18 07:49:31 | node_4 | INFO ] 🗳️ [DETERMINISTIC] Train set assigned (No Voting). Size: 20
[ 2026-04-18 07:49:31 | node_4 | INFO ] ♻️ Proactively processing 5 early models for round 12.
[ 2026-04-18 07:49:31 | node_4 | INFO ] 🧩 Model added for round 12 (1/8) from ['node_11']
[ 2026-04-18 07:49:31 | node_4 | INFO ] 🧩 Model added for round 12 (2/8) from ['node_2']
[ 2026-04-18 07:49:31 | node_4 | INFO ] 🧩 Model added for round 12 (3/8) from ['node']
[ 2026-04-18 07:49:31 | node_4 | INFO ] 🧩 Model added for round 12 (4/8) from ['node_19']
[ 2026-04-18 07:49:31 | node_4 | INFO ] 🧩 Model added for round 12 (5/8) from ['node_5']
[ 2026-04-18 07:49:31 | node_4 | INFO ] 🏋️‍♀️ Preparing training...
[ 2026-04-18 07:49:31 | node_15 | INFO ] 🧩 Model added for round 12 (3/9) from ['node_19']
[ 2026-04-18 07:49:32 | node_10 | INFO ] 📤 Sending model to 6 direct neighbors: ['node_6', 'node_8', 'node_9', 'node_12', 'node_16', 'node_19']
[ 2026-04-18 07:49:32 | node_10 | INFO ] 🧩 Model added for round 12 (4/7) from ['node_16']
[ 2026-04-18 07:49:32 | node_6 | INFO ] 📤 Sending model to 11 direct neighbors: ['node_1', 'node_3', 'node_5', 'node_9', 'node_10', 'node_12', 'node_13', 'node_14', 'node_15', 'node_17', 'node_18']
[ 2026-04-18 07:49:32 | node_16 | INFO ] 🧩 Model added for round 12 (3/8) from ['node']
[ 2026-04-18 07:49:32 | node_4 | INFO ] 🎓 Training step done.
[ 2026-04-18 07:49:32 | node_12 | INFO ] 🧩 Model added for round 12 (5/12) from ['node_5']
[ 2026-04-18 07:49:32 | node_6 | INFO ] 🧩 Model added for round 12 (5/12) from ['node_10']
[ 2026-04-18 07:49:32 | node_4 | INFO ] 🛠️ Calling force_add_local_model...
[ 2026-04-18 07:49:32 | node_4 | INFO ] ✅ [FORCE] Local model added for round 12. (6/8)
[ 2026-04-18 07:49:32 | node_16 | INFO ] 🧩 Model added for round 12 (4/8) from ['node_19']
[ 2026-04-18 07:49:32 | node_14 | INFO ] 🧩 Model added for round 12 (4/11) from ['node_16']
[ 2026-04-18 07:49:32 | node_18 | INFO ] 🧩 Model added for round 12 (4/10) from ['node']
[ 2026-04-18 07:49:32 | node_5 | INFO ] 🧩 Model added for round 12 (5/8) from ['node_6']
[ 2026-04-18 07:49:33 | node_13 | INFO ] 🧩 Model added for round 12 (4/9) from ['node_5']
[ 2026-04-18 07:49:33 | node_19 | INFO ] 🧩 Model added for round 12 (2/7) from ['node_16']
[ 2026-04-18 07:49:33 | node_9 | INFO ] 🧩 Model added for round 12 (4/8) from ['node_10']
[ 2026-04-18 07:49:33 | node_9 | INFO ] 🧩 Model added for round 12 (5/8) from ['node_6']
[ 2026-04-18 07:49:33 | node_12 | INFO ] 🧩 Model added for round 12 (6/12) from ['node_10']
[ 2026-04-18 07:49:33 | node_14 | INFO ] 🧩 Model added for round 12 (5/11) from ['node_5']
[ 2026-04-18 07:49:33 | node_10 | INFO ] 🧩 Model added for round 12 (5/7) from ['node_6']
[ 2026-04-18 07:49:33 | node_16 | INFO ] 🧩 Model added for round 12 (5/8) from ['node_10']
[ 2026-04-18 07:49:33 | node_19 | INFO ] 🧩 Model added for round 12 (3/7) from ['node_5']
[ 2026-04-18 07:49:34 | node_12 | INFO ] 🧩 Model added for round 12 (7/12) from ['node_6']
[ 2026-04-18 07:49:34 | node_19 | INFO ] 🧩 Model added for round 12 (4/7) from ['node_10']
[ 2026-04-18 07:49:34 | node_13 | INFO ] 🧩 Model added for round 12 (5/9) from ['node_6']
[ 2026-04-18 07:49:34 | node_14 | INFO ] 🧩 Model added for round 12 (6/11) from ['node_6']
[ 2026-04-18 07:49:34 | node_8 | INFO ] ⏹️  Gossiping exited for 10 equal rounds.
[ 2026-04-18 07:49:34 | node_8 | INFO ] 🔬 Evaluating...
[ 2026-04-18 07:49:34 | node_8 | INFO ] 📈 Evaluated. Results: {'test_loss': 0.6577721238136292, 'test_acc': 0.8196721076965332, 'test_precision': 0.28166666626930237, 'test_recall': 0.20619657635688782, 'test_f1': 0.23051787912845612, 'communication_cost': 56467120}
[ 2026-04-18 07:49:35 | node_8 | INFO ] 📢 Broadcasting metrics.
[ 2026-04-18 07:49:35 | node_15 | INFO ] 🧩 Model added for round 12 (4/9) from ['node_6']
[ 2026-04-18 07:49:35 | node_18 | INFO ] 🧩 Model added for round 12 (5/10) from ['node_6']
[ 2026-04-18 07:49:35 | node_18 | INFO ] 📤 Sending model to 9 direct neighbors: ['node', 'node_1', 'node_4', 'node_6', 'node_8', 'node_9', 'node_12', 'node_13', 'node_17']
[ 2026-04-18 07:49:35 | node_8 | INFO ] 🎉 Round 12 of 20 finished.
[ 2026-04-18 07:49:35 | node_8 | INFO ] 🗳️ [DETERMINISTIC] Train set assigned (No Voting). Size: 20
[ 2026-04-18 07:49:35 | node_8 | INFO ] ♻️ Proactively processing 4 early models for round 12.
[ 2026-04-18 07:49:35 | node_8 | INFO ] 🧩 Model added for round 12 (1/11) from ['node_11']
[ 2026-04-18 07:49:35 | node | INFO ] 🧩 Model added for round 12 (3/8) from ['node_18']
[ 2026-04-18 07:49:35 | node_8 | INFO ] 🧩 Model added for round 12 (2/11) from ['node']
[ 2026-04-18 07:49:35 | node_8 | INFO ] 🧩 Model added for round 12 (3/11) from ['node_19']
[ 2026-04-18 07:49:35 | node_8 | INFO ] 🧩 Model added for round 12 (4/11) from ['node_10']
[ 2026-04-18 07:49:35 | node_8 | INFO ] 🏋️‍♀️ Preparing training...
[ 2026-04-18 07:49:36 | node_15 | INFO ] 📤 Sending model to 8 direct neighbors: ['node_1', 'node_2', 'node_3', 'node_6', 'node_7', 'node_8', 'node_12', 'node_19']
[ 2026-04-18 07:49:36 | node_7 | INFO ] ⏹️  Gossiping exited for 10 equal rounds.
[ 2026-04-18 07:49:36 | node_7 | INFO ] 🔬 Evaluating...
[ 2026-04-18 07:49:36 | node_4 | INFO ] 🧩 Model added for round 12 (7/8) from ['node_18']
[ 2026-04-18 07:49:36 | node_12 | INFO ] 📤 Sending model to 11 direct neighbors: ['node', 'node_2', 'node_5', 'node_6', 'node_7', 'node_10', 'node_11', 'node_14', 'node_15', 'node_17', 'node_18']
[ 2026-04-18 07:49:36 | node_14 | INFO ] 📤 Sending model to 10 direct neighbors: ['node', 'node_1', 'node_2', 'node_3', 'node_5', 'node_6', 'node_8', 'node_12', 'node_16', 'node_17']
[ 2026-04-18 07:49:36 | node_2 | INFO ] 🧩 Model added for round 12 (4/9) from ['node_15']
[ 2026-04-18 07:49:36 | node | INFO ] 🧩 Model added for round 12 (4/8) from ['node_12']
[ 2026-04-18 07:49:36 | node_6 | INFO ] 🧩 Model added for round 12 (6/12) from ['node_18']
[ 2026-04-18 07:49:36 | node | INFO ] 🧩 Model added for round 12 (5/8) from ['node_14']
[ 2026-04-18 07:49:36 | node_8 | INFO ] 🎓 Training step done.
[ 2026-04-18 07:49:36 | node_7 | INFO ] 📈 Evaluated. Results: {'test_loss': 5.518578052520752, 'test_acc': 0.1935286968946457, 'test_precision': 0.22859735786914825, 'test_recall': 0.09390981495380402, 'test_f1': 0.10292699933052063, 'communication_cost': 39526984}
[ 2026-04-18 07:49:36 | node_8 | INFO ] 🛠️ Calling force_add_local_model...
[ 2026-04-18 07:49:36 | node_7 | INFO ] 📢 Broadcasting metrics.
[ 2026-04-18 07:49:36 | node_8 | INFO ] ✅ [FORCE] Local model added for round 12. (5/11)
[ 2026-04-18 07:49:37 | node_2 | INFO ] 🧩 Model added for round 12 (5/9) from ['node_12']
[ 2026-04-18 07:49:37 | node_8 | INFO ] 🧩 Model added for round 12 (6/11) from ['node_18']
[ 2026-04-18 07:49:37 | node_6 | INFO ] 🧩 Model added for round 12 (7/12) from ['node_15']
[ 2026-04-18 07:49:37 | node_2 | INFO ] 🧩 Model added for round 12 (6/9) from ['node_14']
[ 2026-04-18 07:49:37 | node_5 | INFO ] 🧩 Model added for round 12 (6/8) from ['node_12']
[ 2026-04-18 07:49:37 | node_7 | INFO ] 🎉 Round 12 of 20 finished.
[ 2026-04-18 07:49:37 | node_7 | INFO ] 🗳️ [DETERMINISTIC] Train set assigned (No Voting). Size: 20
[ 2026-04-18 07:49:37 | node_7 | INFO ] ♻️ Proactively processing 3 early models for round 12.
[ 2026-04-18 07:49:37 | node_7 | INFO ] 🧩 Model added for round 12 (1/8) from ['node_13']
[ 2026-04-18 07:49:37 | node_7 | INFO ] 🧩 Model added for round 12 (2/8) from ['node_9']
[ 2026-04-18 07:49:37 | node_7 | INFO ] 🧩 Model added for round 12 (3/8) from ['node']
[ 2026-04-18 07:49:37 | node_7 | INFO ] 🏋️‍♀️ Preparing training...
[ 2026-04-18 07:49:37 | node_4 | INFO ] 📤 Sending model to 7 direct neighbors: ['node', 'node_2', 'node_5', 'node_11', 'node_17', 'node_18', 'node_19']
[ 2026-04-18 07:49:37 | node_9 | INFO ] 🧩 Model added for round 12 (6/8) from ['node_18']
[ 2026-04-18 07:49:37 | node | INFO ] 🧩 Model added for round 12 (6/8) from ['node_4']
[ 2026-04-18 07:49:37 | node_7 | INFO ] 🧩 Model added for round 12 (4/8) from ['node_15']
[ 2026-04-18 07:49:37 | node_6 | INFO ] 🧩 Model added for round 12 (8/12) from ['node_12']
[ 2026-04-18 07:49:37 | node_7 | INFO ] 🎓 Training step done.
[ 2026-04-18 07:49:37 | node_7 | INFO ] 🛠️ Calling force_add_local_model...
[ 2026-04-18 07:49:37 | node_7 | INFO ] ✅ [FORCE] Local model added for round 12. (5/8)
[ 2026-04-18 07:49:37 | node_5 | INFO ] 🧩 Model added for round 12 (7/8) from ['node_14']
[ 2026-04-18 07:49:38 | node_2 | INFO ] 🧩 Model added for round 12 (7/9) from ['node_4']
[ 2026-04-18 07:49:38 | node_12 | INFO ] 🧩 Model added for round 12 (8/12) from ['node_18']
[ 2026-04-18 07:49:38 | node_8 | INFO ] 🧩 Model added for round 12 (7/11) from ['node_15']
[ 2026-04-18 07:49:38 | node_6 | INFO ] 🧩 Model added for round 12 (9/12) from ['node_14']
[ 2026-04-18 07:49:38 | node_7 | INFO ] 🧩 Model added for round 12 (6/8) from ['node_12']
[ 2026-04-18 07:49:38 | node_5 | INFO ] 🧩 Model added for round 12 (8/8) from ['node_4']
[ 2026-04-18 07:49:38 | node_13 | INFO ] 🧩 Model added for round 12 (6/9) from ['node_18']
[ 2026-04-18 07:49:38 | node_10 | INFO ] 🧩 Model added for round 12 (6/7) from ['node_12']
[ 2026-04-18 07:49:38 | node_12 | INFO ] 🧩 Model added for round 12 (9/12) from ['node_15']
[ 2026-04-18 07:49:38 | node_8 | INFO ] 🧩 Model added for round 12 (8/11) from ['node_14']
[ 2026-04-18 07:49:38 | node_11 | INFO ] 🧩 Model added for round 12 (4/8) from ['node_4']
[ 2026-04-18 07:49:39 | node_11 | INFO ] 🧩 Model added for round 12 (5/8) from ['node_12']
[ 2026-04-18 07:49:39 | ModelPackager | INFO ] Round 12: Consensus detected (dist: 0.000530). Patience: 1/1
[ 2026-04-18 07:49:39 | node_19 | INFO ] 🧩 Model added for round 12 (5/7) from ['node_15']
[ 2026-04-18 07:49:39 | node_12 | INFO ] 🧩 Model added for round 12 (10/12) from ['node_14']
[ 2026-04-18 07:49:39 | node_5 | INFO ] 🧠 Aggregation complete. Setting new model.
[ 2026-04-18 07:49:39 | node_14 | INFO ] 🧩 Model added for round 12 (7/11) from ['node_12']
[ 2026-04-18 07:49:39 | node_18 | INFO ] 🧩 Model added for round 12 (6/10) from ['node_4']
[ 2026-04-18 07:49:39 | node_5 | INFO ] 🗣️ Gossiping aggregated model.
[ 2026-04-18 07:49:39 | node_17 | INFO ] ⏹️  Gossiping exited for 10 equal rounds.
[ 2026-04-18 07:49:39 | node_17 | INFO ] 🔬 Evaluating...
[ 2026-04-18 07:49:40 | node_19 | INFO ] 🧩 Model added for round 12 (6/7) from ['node_4']
[ 2026-04-18 07:49:40 | node_15 | INFO ] 🧩 Model added for round 12 (5/9) from ['node_12']
[ 2026-04-18 07:49:40 | node_17 | INFO ] 📈 Evaluated. Results: {'test_loss': 2.5915331840515137, 'test_acc': 0.4000000059604645, 'test_precision': 0.24833489954471588, 'test_recall': 0.1010860726237297, 'test_f1': 0.11244409531354904, 'communication_cost': 45173696}
[ 2026-04-18 07:49:40 | node_16 | INFO ] 🧩 Model added for round 12 (6/8) from ['node_14']
[ 2026-04-18 07:49:40 | node_17 | INFO ] 📢 Broadcasting metrics.
[ 2026-04-18 07:49:40 | node_18 | INFO ] 🧩 Model added for round 12 (7/10) from ['node_12']
[ 2026-04-18 07:49:40 | node_17 | INFO ] 🎉 Round 12 of 20 finished.
[ 2026-04-18 07:49:40 | node_1 | INFO ] ⏹️  Gossiping exited for 10 equal rounds.
[ 2026-04-18 07:49:40 | node_17 | INFO ] 🗳️ [DETERMINISTIC] Train set assigned (No Voting). Size: 20
[ 2026-04-18 07:49:40 | node_17 | INFO ] ♻️ Proactively processing 7 early models for round 12.
[ 2026-04-18 07:49:40 | node_17 | INFO ] 🧩 Model added for round 12 (1/9) from ['node_13']
[ 2026-04-18 07:49:40 | node_17 | INFO ] 🧩 Model added for round 12 (2/9) from ['node_9']
[ 2026-04-18 07:49:40 | node_17 | INFO ] 🧩 Model added for round 12 (3/9) from ['node_6']
[ 2026-04-18 07:49:40 | node_1 | INFO ] 🔬 Evaluating...
[ 2026-04-18 07:49:40 | node_17 | INFO ] 🧩 Model added for round 12 (4/9) from ['node_18']
[ 2026-04-18 07:49:40 | node_17 | INFO ] 🧩 Model added for round 12 (5/9) from ['node_4']
[ 2026-04-18 07:49:40 | node_17 | INFO ] 🧩 Model added for round 12 (6/9) from ['node_14']
[ 2026-04-18 07:49:40 | node_17 | INFO ] 🧩 Model added for round 12 (7/9) from ['node_12']
[ 2026-04-18 07:49:40 | node_17 | INFO ] 🏋️‍♀️ Preparing training...
[ 2026-04-18 07:49:41 | node_1 | INFO ] 📈 Evaluated. Results: {'test_loss': 1.6608387231826782, 'test_acc': 0.515625, 'test_precision': 0.2373286336660385, 'test_recall': 0.1525002121925354, 'test_f1': 0.16562113165855408, 'communication_cost': 50820408}
[ 2026-04-18 07:49:41 | node_1 | INFO ] 📢 Broadcasting metrics.
[ 2026-04-18 07:49:41 | node_17 | INFO ] 🎓 Training step done.
[ 2026-04-18 07:49:41 | node_17 | INFO ] 🛠️ Calling force_add_local_model...
[ 2026-04-18 07:49:41 | node_17 | INFO ] ✅ [FORCE] Local model added for round 12. (8/9)
[ 2026-04-18 07:49:41 | node_8 | INFO ] 📤 Sending model to 10 direct neighbors: ['node', 'node_3', 'node_7', 'node_10', 'node_11', 'node_14', 'node_15', 'node_17', 'node_18', 'node_19']
[ 2026-04-18 07:49:41 | node_1 | INFO ] 🎉 Round 12 of 20 finished.
[ 2026-04-18 07:49:41 | node_1 | INFO ] 🗳️ [DETERMINISTIC] Train set assigned (No Voting). Size: 20
[ 2026-04-18 07:49:41 | node | INFO ] 🧩 Model added for round 12 (7/8) from ['node_8']
[ 2026-04-18 07:49:41 | node_1 | INFO ] ♻️ Proactively processing 8 early models for round 12.
[ 2026-04-18 07:49:41 | node_1 | INFO ] 🧩 Model added for round 12 (1/10) from ['node_11']
[ 2026-04-18 07:49:41 | node_1 | INFO ] 🧩 Model added for round 12 (2/10) from ['node_2']
[ 2026-04-18 07:49:41 | node_1 | INFO ] 🧩 Model added for round 12 (3/10) from ['node_13']
[ 2026-04-18 07:49:41 | node_1 | INFO ] 🧩 Model added for round 12 (4/10) from ['node_16']
[ 2026-04-18 07:49:41 | node_1 | INFO ] 🧩 Model added for round 12 (5/10) from ['node_6']
[ 2026-04-18 07:49:41 | node_1 | INFO ] 🧩 Model added for round 12 (6/10) from ['node_18']
[ 2026-04-18 07:49:41 | node_1 | INFO ] 🧩 Model added for round 12 (7/10) from ['node_15']
[ 2026-04-18 07:49:41 | node_1 | INFO ] 🧩 Model added for round 12 (8/10) from ['node_14']
[ 2026-04-18 07:49:41 | node_1 | INFO ] 🏋️‍♀️ Preparing training...
[ 2026-04-18 07:49:42 | node_7 | INFO ] 🧩 Model added for round 12 (7/8) from ['node_8']
[ 2026-04-18 07:49:42 | node_10 | INFO ] 🧩 Model added for round 12 (7/7) from ['node_8']
[ 2026-04-18 07:49:42 | node_7 | INFO ] 📤 Sending model to 7 direct neighbors: ['node', 'node_1', 'node_8', 'node_9', 'node_12', 'node_13', 'node_15']
[ 2026-04-18 07:49:42 | node_1 | INFO ] 🎓 Training step done.
[ 2026-04-18 07:49:42 | node_1 | INFO ] 🛠️ Calling force_add_local_model...
[ 2026-04-18 07:49:43 | node_1 | INFO ] ✅ [FORCE] Local model added for round 12. (9/10)
[ 2026-04-18 07:49:43 | node | INFO ] 🧩 Model added for round 12 (8/8) from ['node_7']
[ 2026-04-18 07:49:43 | node_11 | INFO ] 🧩 Model added for round 12 (6/8) from ['node_8']
[ 2026-04-18 07:49:43 | ModelPackager | INFO ] Round 12: Consensus detected (dist: 0.000597). Patience: 1/1
[ 2026-04-18 07:49:43 | node_10 | INFO ] 🧠 Aggregation complete. Setting new model.
[ 2026-04-18 07:49:43 | node_10 | INFO ] 🗣️ Gossiping aggregated model.
[ 2026-04-18 07:49:43 | ModelPackager | INFO ] Round 12: Consensus detected (dist: 0.000609). Patience: 1/1
[ 2026-04-18 07:49:43 | ModelPackager | INFO ] 🌟 Node node is AUTHORIZED. Starting packaging & push...
[ 2026-04-18 07:49:43 | node_14 | INFO ] 🧩 Model added for round 12 (8/11) from ['node_8']
[ 2026-04-18 07:49:43 | node_1 | INFO ] 🧩 Model added for round 12 (10/10) from ['node_7']
[ 2026-04-18 07:49:43 | node | INFO ] 🧠 Aggregation complete. Setting new model.
[ 2026-04-18 07:49:44 | node | INFO ] 🗣️ Gossiping aggregated model.
[ 2026-04-18 07:49:44 | node_15 | INFO ] 🧩 Model added for round 12 (6/9) from ['node_8']
[ 2026-04-18 07:49:44 | node_8 | INFO ] 🧩 Model added for round 12 (9/11) from ['node_7']
[ 2026-04-18 07:49:44 | node_17 | INFO ] 🧩 Model added for round 12 (9/9) from ['node_8']
[ 2026-04-18 07:49:44 | node_9 | INFO ] 🧩 Model added for round 12 (7/8) from ['node_7']
[ 2026-04-18 07:49:44 | node_18 | INFO ] 🧩 Model added for round 12 (8/10) from ['node_8']
[ 2026-04-18 07:49:45 | node_12 | INFO ] 🧩 Model added for round 12 (11/12) from ['node_7']
[ 2026-04-18 07:49:45 | node_19 | INFO ] 🧩 Model added for round 12 (7/7) from ['node_8']
[ 2026-04-18 07:49:45 | node_13 | INFO ] 🧩 Model added for round 12 (7/9) from ['node_7']
[ 2026-04-18 07:49:45 | node_15 | INFO ] 🧩 Model added for round 12 (7/9) from ['node_7']
[ 2026-04-18 07:49:45 | ModelPackager | INFO ] Round 12: Consensus detected (dist: 0.000678). Patience: 1/1
[ 2026-04-18 07:49:46 | node_3 | INFO ] ⏹️  Gossiping exited for 10 equal rounds.
[ 2026-04-18 07:49:46 | node_3 | INFO ] 🔬 Evaluating...
[ 2026-04-18 07:49:46 | node_19 | INFO ] 🧠 Aggregation complete. Setting new model.
[ 2026-04-18 07:49:46 | node_19 | INFO ] 🗣️ Gossiping aggregated model.
[ 2026-04-18 07:49:46 | node_3 | INFO ] 📈 Evaluated. Results: {'test_loss': 1.8126320838928223, 'test_acc': 0.5469387769699097, 'test_precision': 0.4453743100166321, 'test_recall': 0.2711770832538605, 'test_f1': 0.30059149861335754, 'communication_cost': 39526984}
[ 2026-04-18 07:49:46 | node_3 | INFO ] 📢 Broadcasting metrics.
[ 2026-04-18 07:49:46 | node_17 | INFO ] 📤 Sending model to 8 direct neighbors: ['node_4', 'node_6', 'node_8', 'node_9', 'node_12', 'node_13', 'node_14', 'node_18']
[ 2026-04-18 07:49:46 | node_4 | INFO ] 🧩 Model added for round 12 (8/8) from ['node_17']
[ 2026-04-18 07:49:46 | node_3 | INFO ] 🎉 Round 12 of 20 finished.
[ 2026-04-18 07:49:46 | node_3 | INFO ] 🗳️ [DETERMINISTIC] Train set assigned (No Voting). Size: 20
[ 2026-04-18 07:49:46 | node_3 | INFO ] ♻️ Proactively processing 7 early models for round 12.
[ 2026-04-18 07:49:46 | node_3 | INFO ] 🧩 Model added for round 12 (1/8) from ['node_11']
[ 2026-04-18 07:49:46 | node_3 | INFO ] 🧩 Model added for round 12 (2/8) from ['node_2']
[ 2026-04-18 07:49:47 | node_3 | INFO ] 🧩 Model added for round 12 (3/8) from ['node_16']
[ 2026-04-18 07:49:47 | node_3 | INFO ] 🧩 Model added for round 12 (4/8) from ['node_6']
[ 2026-04-18 07:49:47 | node_3 | INFO ] 🧩 Model added for round 12 (5/8) from ['node_15']
[ 2026-04-18 07:49:47 | node_3 | INFO ] 🧩 Model added for round 12 (6/8) from ['node_14']
[ 2026-04-18 07:49:47 | node_3 | INFO ] 🧩 Model added for round 12 (7/8) from ['node_8']
[ 2026-04-18 07:49:47 | node_3 | INFO ] 🏋️‍♀️ Preparing training...
[ 2026-04-18 07:49:47 | node_6 | INFO ] 🧩 Model added for round 12 (10/12) from ['node_17']
[ 2026-04-18 07:49:47 | ModelPackager | INFO ] Round 12: Consensus detected (dist: 0.000573). Patience: 1/1
[ 2026-04-18 07:49:47 | node_4 | INFO ] 🧠 Aggregation complete. Setting new model.
[ 2026-04-18 07:49:47 | node_4 | INFO ] 🗣️ Gossiping aggregated model.
[ 2026-04-18 07:49:47 | node_3 | INFO ] 🎓 Training step done.
[ 2026-04-18 07:49:47 | node_3 | INFO ] 🛠️ Calling force_add_local_model...
[ 2026-04-18 07:49:47 | node_3 | INFO ] ✅ [FORCE] Local model added for round 12. (8/8)
[ 2026-04-18 07:49:47 | node_8 | INFO ] 🧩 Model added for round 12 (10/11) from ['node_17']
[ 2026-04-18 07:49:48 | node_1 | INFO ] 📤 Sending model to 9 direct neighbors: ['node_2', 'node_6', 'node_7', 'node_11', 'node_13', 'node_14', 'node_15', 'node_16', 'node_18']
[ 2026-04-18 07:49:48 | node_9 | INFO ] 🧩 Model added for round 12 (8/8) from ['node_17']
[ 2026-04-18 07:49:48 | node_2 | INFO ] 🧩 Model added for round 12 (8/9) from ['node_1']
[ 2026-04-18 07:49:48 | node_12 | INFO ] 🧩 Model added for round 12 (12/12) from ['node_17']
[ 2026-04-18 07:49:48 | node_6 | INFO ] 🧩 Model added for round 12 (11/12) from ['node_1']
[ 2026-04-18 07:49:48 | ModelPackager | INFO ] Round 12: Consensus detected (dist: 0.000568). Patience: 1/1
[ 2026-04-18 07:49:49 | node_9 | INFO ] 🧠 Aggregation complete. Setting new model.
[ 2026-04-18 07:49:49 | node_13 | INFO ] 🧩 Model added for round 12 (8/9) from ['node_17']
[ 2026-04-18 07:49:49 | ModelPackager | INFO ] Round 12: Consensus detected (dist: 0.000767). Patience: 1/1
[ 2026-04-18 07:49:49 | node_7 | INFO ] 🧩 Model added for round 12 (8/8) from ['node_1']
[ 2026-04-18 07:49:49 | node_9 | INFO ] 🗣️ Gossiping aggregated model.
[ 2026-04-18 07:49:49 | node_14 | INFO ] 🧩 Model added for round 12 (9/11) from ['node_17']
[ 2026-04-18 07:49:49 | node_11 | INFO ] 🧩 Model added for round 12 (7/8) from ['node_1']
[ 2026-04-18 07:49:49 | node_12 | INFO ] 🧠 Aggregation complete. Setting new model.
[ 2026-04-18 07:49:50 | node_12 | INFO ] 🗣️ Gossiping aggregated model.
[ 2026-04-18 07:49:50 | ModelPackager | INFO ] Round 12: Consensus detected (dist: 0.000679). Patience: 1/1
[ 2026-04-18 07:49:50 | node_18 | INFO ] 🧩 Model added for round 12 (9/10) from ['node_17']
[ 2026-04-18 07:49:50 | node_13 | INFO ] 🧩 Model added for round 12 (9/9) from ['node_1']
[ 2026-04-18 07:49:50 | node_7 | INFO ] 🧠 Aggregation complete. Setting new model.
[ 2026-04-18 07:49:50 | node_7 | INFO ] 🗣️ Gossiping aggregated model.
[ 2026-04-18 07:49:50 | node_14 | INFO ] 🧩 Model added for round 12 (10/11) from ['node_1']
[ 2026-04-18 07:49:50 | ModelPackager | INFO ] Round 12: Consensus detected (dist: 0.000594). Patience: 1/1
[ 2026-04-18 07:49:50 | ModelPackager | INFO ] Round 12: Consensus detected (dist: 0.000592). Patience: 1/1
[ 2026-04-18 07:49:51 | node_17 | INFO ] 🧠 Aggregation complete. Setting new model.
[ 2026-04-18 07:49:51 | node_13 | INFO ] 🧠 Aggregation complete. Setting new model.
[ 2026-04-18 07:49:51 | node_15 | INFO ] 🧩 Model added for round 12 (8/9) from ['node_1']
[ 2026-04-18 07:49:51 | node_17 | INFO ] 🗣️ Gossiping aggregated model.
[ 2026-04-18 07:49:51 | node_13 | INFO ] 🗣️ Gossiping aggregated model.
[ 2026-04-18 07:49:51 | node_16 | INFO ] 🧩 Model added for round 12 (7/8) from ['node_1']
[ 2026-04-18 07:49:51 | node_18 | INFO ] 🧩 Model added for round 12 (10/10) from ['node_1']
[ 2026-04-18 07:49:52 | ModelPackager | INFO ] Round 12: Consensus detected (dist: 0.000530). Patience: 1/1
[ 2026-04-18 07:49:52 | ModelPackager | INFO ] Round 12: Consensus detected (dist: 0.000713). Patience: 1/1
[ 2026-04-18 07:49:52 | node_3 | INFO ] 📤 Sending model to 7 direct neighbors: ['node_2', 'node_6', 'node_8', 'node_11', 'node_14', 'node_15', 'node_16']
[ 2026-04-18 07:49:52 | node_18 | INFO ] 🧠 Aggregation complete. Setting new model.
[ 2026-04-18 07:49:52 | node_1 | INFO ] 🧠 Aggregation complete. Setting new model.
[ 2026-04-18 07:49:52 | node_2 | INFO ] 🧩 Model added for round 12 (9/9) from ['node_3']
[ 2026-04-18 07:49:53 | node_18 | INFO ] 🗣️ Gossiping aggregated model.
[ 2026-04-18 07:49:53 | node_1 | INFO ] 🗣️ Gossiping aggregated model.
[ 2026-04-18 07:49:53 | node_6 | INFO ] 🧩 Model added for round 12 (12/12) from ['node_3']
[ 2026-04-18 07:49:53 | ModelPackager | INFO ] Round 12: Consensus detected (dist: 0.000628). Patience: 1/1
[ 2026-04-18 07:49:53 | ModelPackager | INFO ] Round 12: Consensus detected (dist: 0.000773). Patience: 1/1
[ 2026-04-18 07:49:53 | node_2 | INFO ] 🧠 Aggregation complete. Setting new model.
[ 2026-04-18 07:49:53 | node_6 | INFO ] 🧠 Aggregation complete. Setting new model.
[ 2026-04-18 07:49:53 | node_2 | INFO ] 🗣️ Gossiping aggregated model.
[ 2026-04-18 07:49:54 | node_6 | INFO ] 🗣️ Gossiping aggregated model.
[ 2026-04-18 07:49:54 | node_8 | INFO ] 🧩 Model added for round 12 (11/11) from ['node_3']
[ 2026-04-18 07:49:54 | node_11 | INFO ] 🧩 Model added for round 12 (8/8) from ['node_3']
[ 2026-04-18 07:49:55 | node_13 | INFO ] 🤫 Gossip finished.
[ 2026-04-18 07:49:55 | node_13 | INFO ] 🔬 Evaluating...
[ 2026-04-18 07:49:55 | node_14 | INFO ] 🧩 Model added for round 12 (11/11) from ['node_3']
[ 2026-04-18 07:49:55 | node_13 | INFO ] 📈 Evaluated. Results: {'test_loss': 5.298882961273193, 'test_acc': 0.1483253538608551, 'test_precision': 0.4013160765171051, 'test_recall': 0.3431815505027771, 'test_f1': 0.26068320870399475, 'communication_cost': 45173696}
[ 2026-04-18 07:49:55 | node_13 | INFO ] 📢 Broadcasting metrics.
[ 2026-04-18 07:49:55 | node_15 | INFO ] 🧩 Model added for round 12 (9/9) from ['node_3']
[ 2026-04-18 07:49:56 | ModelPackager | INFO ] Round 12: Consensus detected (dist: 0.000734). Patience: 1/1
[ 2026-04-18 07:49:56 | ModelPackager | INFO ] Round 12: Consensus detected (dist: 0.000482). Patience: 1/1
[ 2026-04-18 07:49:56 | ModelPackager | INFO ] Round 12: Consensus detected (dist: 0.000533). Patience: 1/1
[ 2026-04-18 07:49:56 | ModelPackager | INFO ] Round 12: Consensus detected (dist: 0.000605). Patience: 1/1
[ 2026-04-18 07:49:56 | node_8 | INFO ] 🧠 Aggregation complete. Setting new model.
[ 2026-04-18 07:49:56 | node_11 | INFO ] 🧠 Aggregation complete. Setting new model.
[ 2026-04-18 07:49:56 | node_8 | INFO ] 🗣️ Gossiping aggregated model.
[ 2026-04-18 07:49:56 | node_15 | INFO ] 🧠 Aggregation complete. Setting new model.
[ 2026-04-18 07:49:56 | node_13 | INFO ] 🎉 Round 13 of 20 finished.
[ 2026-04-18 07:49:56 | node_13 | INFO ] 🗳️ [DETERMINISTIC] Train set assigned (No Voting). Size: 20
[ 2026-04-18 07:49:56 | node_13 | INFO ] 🏋️‍♀️ Preparing training...
[ 2026-04-18 07:49:56 | node_11 | INFO ] 🗣️ Gossiping aggregated model.
[ 2026-04-18 07:49:56 | node_14 | INFO ] 🧠 Aggregation complete. Setting new model.
[ 2026-04-18 07:49:56 | node_16 | INFO ] 🧩 Model added for round 12 (8/8) from ['node_3']
[ 2026-04-18 07:49:56 | node_15 | INFO ] 🗣️ Gossiping aggregated model.
[ 2026-04-18 07:49:56 | node_5 | INFO ] 🤫 Gossip finished.
[ 2026-04-18 07:49:56 | node_13 | INFO ] 🎓 Training step done.
[ 2026-04-18 07:49:56 | node_13 | INFO ] 🛠️ Calling force_add_local_model...
[ 2026-04-18 07:49:56 | node_5 | INFO ] 🔬 Evaluating...
[ 2026-04-18 07:49:56 | node_13 | INFO ] ✅ [FORCE] Local model added for round 13. (1/9)
[ 2026-04-18 07:49:56 | node_14 | INFO ] 🗣️ Gossiping aggregated model.
[ 2026-04-18 07:49:57 | node_5 | INFO ] 📈 Evaluated. Results: {'test_loss': 2.8146469593048096, 'test_acc': 0.4642857015132904, 'test_precision': 0.4571428894996643, 'test_recall': 0.41280150413513184, 'test_f1': 0.3380952477455139, 'communication_cost': 39526984}
[ 2026-04-18 07:49:57 | node_5 | INFO ] 📢 Broadcasting metrics.
[ 2026-04-18 07:49:57 | ModelPackager | INFO ] Round 12: Consensus detected (dist: 0.000629). Patience: 1/1
[ 2026-04-18 07:49:57 | ModelPackager | INFO ] Round 12: Consensus detected (dist: 0.000614). Patience: 1/1
[ 2026-04-18 07:49:57 | node_3 | INFO ] 🧠 Aggregation complete. Setting new model.
[ 2026-04-18 07:49:57 | node_3 | INFO ] 🗣️ Gossiping aggregated model.
[ 2026-04-18 07:49:57 | node_16 | INFO ] 🧠 Aggregation complete. Setting new model.
[ 2026-04-18 07:49:57 | node_11 | INFO ] 🤫 Gossip finished.
[ 2026-04-18 07:49:57 | node_11 | INFO ] 🔬 Evaluating...
[ 2026-04-18 07:49:57 | node_16 | INFO ] 🗣️ Gossiping aggregated model.
[ 2026-04-18 07:49:57 | node_5 | INFO ] 🎉 Round 13 of 20 finished.
[ 2026-04-18 07:49:57 | node_5 | INFO ] 🗳️ [DETERMINISTIC] Train set assigned (No Voting). Size: 20
[ 2026-04-18 07:49:57 | node_5 | INFO ] 🏋️‍♀️ Preparing training...
[ 2026-04-18 07:49:57 | node_15 | INFO ] 🤫 Gossip finished.
[ 2026-04-18 07:49:57 | node_2 | INFO ] 🤫 Gossip finished.
[ 2026-04-18 07:49:57 | node_15 | INFO ] 🔬 Evaluating...
[ 2026-04-18 07:49:57 | node_2 | INFO ] 🔬 Evaluating...
[ 2026-04-18 07:49:57 | node_11 | INFO ] 📈 Evaluated. Results: {'test_loss': 1.5347503423690796, 'test_acc': 0.48012232780456543, 'test_precision': 0.2028243988752365, 'test_recall': 0.10759221762418747, 'test_f1': 0.13596323132514954, 'communication_cost': 39526984}
[ 2026-04-18 07:49:57 | node_11 | INFO ] 📢 Broadcasting metrics.
[ 2026-04-18 07:49:58 | node_15 | INFO ] 📈 Evaluated. Results: {'test_loss': 13.581428527832031, 'test_acc': 0.004201680887490511, 'test_precision': 0.07683073729276657, 'test_recall': 0.07683073729276657, 'test_f1': 0.07683073729276657, 'communication_cost': 45173696}
[ 2026-04-18 07:49:58 | node_15 | INFO ] 📢 Broadcasting metrics.
[ 2026-04-18 07:49:58 | node_2 | INFO ] 📈 Evaluated. Results: {'test_loss': 0.5685004591941833, 'test_acc': 0.8550724387168884, 'test_precision': 0.2720852196216583, 'test_recall': 0.238099604845047, 'test_f1': 0.2460869997739792, 'communication_cost': 45173696}
[ 2026-04-18 07:49:58 | node_2 | INFO ] 📢 Broadcasting metrics.
[ 2026-04-18 07:49:58 | node | INFO ] 🤫 Gossip finished.
[ 2026-04-18 07:49:58 | node | INFO ] 🔬 Evaluating...
[ 2026-04-18 07:49:58 | node_11 | INFO ] 🎉 Round 13 of 20 finished.
[ 2026-04-18 07:49:58 | node_11 | INFO ] 🗳️ [DETERMINISTIC] Train set assigned (No Voting). Size: 20
[ 2026-04-18 07:49:58 | node_3 | INFO ] 🤫 Gossip finished.
[ 2026-04-18 07:49:58 | node_11 | INFO ] 🏋️‍♀️ Preparing training...
[ 2026-04-18 07:49:58 | node_3 | INFO ] 🔬 Evaluating...
[ 2026-04-18 07:49:58 | node_5 | INFO ] 🎓 Training step done.
[ 2026-04-18 07:49:58 | node_5 | INFO ] 🛠️ Calling force_add_local_model...
[ 2026-04-18 07:49:58 | node | INFO ] 📈 Evaluated. Results: {'test_loss': 2.3811240196228027, 'test_acc': 0.3465045690536499, 'test_precision': 0.32099857926368713, 'test_recall': 0.17669768631458282, 'test_f1': 0.19550001621246338, 'communication_cost': 39526984}
[ 2026-04-18 07:49:58 | node_5 | INFO ] ✅ [FORCE] Local model added for round 13. (1/8)
[ 2026-04-18 07:49:58 | node | INFO ] 📢 Broadcasting metrics.
[ 2026-04-18 07:49:58 | node_15 | INFO ] 🎉 Round 13 of 20 finished.
[ 2026-04-18 07:49:58 | node_2 | INFO ] 🎉 Round 13 of 20 finished.
[ 2026-04-18 07:49:58 | node_15 | INFO ] 🗳️ [DETERMINISTIC] Train set assigned (No Voting). Size: 20
[ 2026-04-18 07:49:58 | node_2 | INFO ] 🗳️ [DETERMINISTIC] Train set assigned (No Voting). Size: 20
[ 2026-04-18 07:49:58 | node_15 | INFO ] 🏋️‍♀️ Preparing training...
[ 2026-04-18 07:49:58 | node_3 | INFO ] 📈 Evaluated. Results: {'test_loss': 1.4731035232543945, 'test_acc': 0.5938775539398193, 'test_precision': 0.4644571840763092, 'test_recall': 0.2931443452835083, 'test_f1': 0.32092756032943726, 'communication_cost': 39526984}
[ 2026-04-18 07:49:58 | node_2 | INFO ] 🏋️‍♀️ Preparing training...
[ 2026-04-18 07:49:58 | node_3 | INFO ] 📢 Broadcasting metrics.
[ 2026-04-18 07:49:59 | node_11 | INFO ] 🎓 Training step done.
[ 2026-04-18 07:49:59 | node_11 | INFO ] 🛠️ Calling force_add_local_model...
[ 2026-04-18 07:49:59 | node_11 | INFO ] ✅ [FORCE] Local model added for round 13. (1/8)
[ 2026-04-18 07:49:59 | node | INFO ] 🎉 Round 13 of 20 finished.
[ 2026-04-18 07:49:59 | node | INFO ] 🗳️ [DETERMINISTIC] Train set assigned (No Voting). Size: 20
[ 2026-04-18 07:49:59 | node_3 | INFO ] 🎉 Round 13 of 20 finished.
[ 2026-04-18 07:49:59 | node | INFO ] 🏋️‍♀️ Preparing training...
[ 2026-04-18 07:49:59 | node_3 | INFO ] 🗳️ [DETERMINISTIC] Train set assigned (No Voting). Size: 20
[ 2026-04-18 07:49:59 | node_3 | INFO ] 🏋️‍♀️ Preparing training...
[ 2026-04-18 07:49:59 | node_2 | INFO ] 🎓 Training step done.
[ 2026-04-18 07:49:59 | node_2 | INFO ] 🛠️ Calling force_add_local_model...
[ 2026-04-18 07:49:59 | node_2 | INFO ] ✅ [FORCE] Local model added for round 13. (1/9)
[ 2026-04-18 07:49:59 | node_3 | INFO ] 🎓 Training step done.
[ 2026-04-18 07:49:59 | node_3 | INFO ] 🛠️ Calling force_add_local_model...
[ 2026-04-18 07:50:00 | node_3 | INFO ] ✅ [FORCE] Local model added for round 13. (1/8)
[ 2026-04-18 07:50:00 | node | INFO ] 🎓 Training step done.
[ 2026-04-18 07:50:00 | node | INFO ] 🛠️ Calling force_add_local_model...
[ 2026-04-18 07:50:00 | node | INFO ] ✅ [FORCE] Local model added for round 13. (1/8)
[ 2026-04-18 07:50:01 | node_15 | INFO ] 🎓 Training step done.
[ 2026-04-18 07:50:01 | node_15 | INFO ] 🛠️ Calling force_add_local_model...
[ 2026-04-18 07:50:01 | node_15 | INFO ] ✅ [FORCE] Local model added for round 13. (1/9)
[ 2026-04-18 07:50:01 | node_13 | INFO ] 📤 Sending model to 8 direct neighbors: ['node_1', 'node_2', 'node_5', 'node_6', 'node_7', 'node_9', 'node_17', 'node_18']
[ 2026-04-18 07:50:01 | node_4 | INFO ] ⏹️  Gossiping exited for 10 equal rounds.
[ 2026-04-18 07:50:01 | node_4 | INFO ] 🔬 Evaluating...
[ 2026-04-18 07:50:02 | node_2 | INFO ] 🧩 Model added for round 13 (2/9) from ['node_13']
[ 2026-04-18 07:50:02 | node_4 | INFO ] 📈 Evaluated. Results: {'test_loss': 0.7721559405326843, 'test_acc': 0.7687861323356628, 'test_precision': 0.22206783294677734, 'test_recall': 0.1681542992591858, 'test_f1': 0.18739861249923706, 'communication_cost': 39526984}
[ 2026-04-18 07:50:02 | node_4 | INFO ] 📢 Broadcasting metrics.
[ 2026-04-18 07:50:02 | node_5 | INFO ] 🧩 Model added for round 13 (2/8) from ['node_13']
[ 2026-04-18 07:50:03 | node_4 | INFO ] 🎉 Round 13 of 20 finished.
[ 2026-04-18 07:50:03 | node_4 | INFO ] 🗳️ [DETERMINISTIC] Train set assigned (No Voting). Size: 20
[ 2026-04-18 07:50:03 | node_4 | INFO ] 🏋️‍♀️ Preparing training...
[ 2026-04-18 07:50:03 | node_4 | INFO ] 🎓 Training step done.
[ 2026-04-18 07:50:03 | node_5 | INFO ] 📤 Sending model to 7 direct neighbors: ['node_4', 'node_6', 'node_11', 'node_12', 'node_13', 'node_14', 'node_19']
[ 2026-04-18 07:50:03 | node_4 | INFO ] 🛠️ Calling force_add_local_model...
[ 2026-04-18 07:50:03 | node_4 | INFO ] ✅ [FORCE] Local model added for round 13. (1/8)
[ 2026-04-18 07:50:04 | node_4 | INFO ] 🧩 Model added for round 13 (2/8) from ['node_5']
[ 2026-04-18 07:50:04 | node_11 | INFO ] 📤 Sending model to 7 direct neighbors: ['node_1', 'node_2', 'node_3', 'node_4', 'node_5', 'node_8', 'node_12']
[ 2026-04-18 07:50:04 | node_12 | INFO ] ⏹️  Gossiping exited for 10 equal rounds.
[ 2026-04-18 07:50:04 | node_12 | INFO ] 🔬 Evaluating...
[ 2026-04-18 07:50:04 | node_2 | INFO ] 🧩 Model added for round 13 (3/9) from ['node_11']
[ 2026-04-18 07:50:04 | node_12 | INFO ] 📈 Evaluated. Results: {'test_loss': 0.7383785247802734, 'test_acc': 0.7746478915214539, 'test_precision': 0.3454413414001465, 'test_recall': 0.20741741359233856, 'test_f1': 0.23699897527694702, 'communication_cost': 62113832}
[ 2026-04-18 07:50:04 | node_2 | INFO ] 📤 Sending model to 8 direct neighbors: ['node_1', 'node_3', 'node_4', 'node_11', 'node_12', 'node_13', 'node_14', 'node_15']
[ 2026-04-18 07:50:04 | node_12 | INFO ] 📢 Broadcasting metrics.
[ 2026-04-18 07:50:04 | node_11 | INFO ] 🧩 Model added for round 13 (2/8) from ['node_5']
[ 2026-04-18 07:50:05 | node_3 | INFO ] 📤 Sending model to 7 direct neighbors: ['node_2', 'node_6', 'node_8', 'node_11', 'node_14', 'node_15', 'node_16']
[ 2026-04-18 07:50:05 | node | INFO ] 📤 Sending model to 7 direct neighbors: ['node_4', 'node_7', 'node_8', 'node_12', 'node_14', 'node_16', 'node_18']
[ 2026-04-18 07:50:05 | node_3 | INFO ] 🧩 Model added for round 13 (2/8) from ['node_11']
[ 2026-04-18 07:50:05 | node_3 | INFO ] 🧩 Model added for round 13 (3/8) from ['node_2']
[ 2026-04-18 07:50:05 | node_2 | INFO ] 🧩 Model added for round 13 (4/9) from ['node_3']
[ 2026-04-18 07:50:05 | node_4 | INFO ] 🧩 Model added for round 13 (3/8) from ['node']
[ 2026-04-18 07:50:05 | node_13 | INFO ] 🧩 Model added for round 13 (2/9) from ['node_5']
[ 2026-04-18 07:50:05 | node_4 | INFO ] 🧩 Model added for round 13 (4/8) from ['node_11']
[ 2026-04-18 07:50:06 | node_17 | INFO ] ⏹️  Gossiping exited for 10 equal rounds.
[ 2026-04-18 07:50:06 | node_4 | INFO ] 🧩 Model added for round 13 (5/8) from ['node_2']
[ 2026-04-18 07:50:06 | node_15 | INFO ] 📤 Sending model to 8 direct neighbors: ['node_1', 'node_2', 'node_3', 'node_6', 'node_7', 'node_8', 'node_12', 'node_19']
[ 2026-04-18 07:50:06 | node_17 | INFO ] 🔬 Evaluating...
[ 2026-04-18 07:50:06 | node_12 | INFO ] 🎉 Round 13 of 20 finished.
[ 2026-04-18 07:50:06 | node_12 | INFO ] 🗳️ [DETERMINISTIC] Train set assigned (No Voting). Size: 20
[ 2026-04-18 07:50:06 | node_12 | INFO ] ♻️ Proactively processing 1 early models for round 13.
[ 2026-04-18 07:50:06 | node_12 | INFO ] 🧩 Model added for round 13 (1/12) from ['node_5']
[ 2026-04-18 07:50:06 | node_12 | INFO ] 🏋️‍♀️ Preparing training...
[ 2026-04-18 07:50:06 | node_17 | INFO ] 📈 Evaluated. Results: {'test_loss': 2.851959466934204, 'test_acc': 0.38333332538604736, 'test_precision': 0.20018674433231354, 'test_recall': 0.09738717973232269, 'test_f1': 0.10561204701662064, 'communication_cost': 45173696}
[ 2026-04-18 07:50:06 | node_17 | INFO ] 📢 Broadcasting metrics.
[ 2026-04-18 07:50:06 | node_5 | INFO ] 🧩 Model added for round 13 (3/8) from ['node_11']
[ 2026-04-18 07:50:06 | node_2 | INFO ] 🧩 Model added for round 13 (5/9) from ['node_15']
[ 2026-04-18 07:50:06 | node_11 | INFO ] 🧩 Model added for round 13 (3/8) from ['node_2']
[ 2026-04-18 07:50:06 | node_12 | INFO ] 🧩 Model added for round 13 (2/12) from ['node']
[ 2026-04-18 07:50:06 | node_11 | INFO ] 🧩 Model added for round 13 (4/8) from ['node_3']
[ 2026-04-18 07:50:07 | node_12 | INFO ] 🧩 Model added for round 13 (3/12) from ['node_2']
[ 2026-04-18 07:50:07 | node_3 | INFO ] 🧩 Model added for round 13 (4/8) from ['node_15']
[ 2026-04-18 07:50:07 | node_12 | INFO ] 🎓 Training step done.
[ 2026-04-18 07:50:07 | node_12 | INFO ] 🛠️ Calling force_add_local_model...
[ 2026-04-18 07:50:07 | node_12 | INFO ] 🧩 Model added for round 13 (4/12) from ['node_11']
[ 2026-04-18 07:50:07 | node_18 | INFO ] ⏹️  Gossiping exited for 10 equal rounds.
[ 2026-04-18 07:50:07 | node_12 | INFO ] ✅ [FORCE] Local model added for round 13. (5/12)
[ 2026-04-18 07:50:07 | node_18 | INFO ] 🔬 Evaluating...
[ 2026-04-18 07:50:07 | node_15 | INFO ] 🧩 Model added for round 13 (2/9) from ['node_3']
[ 2026-04-18 07:50:07 | node_18 | INFO ] 📈 Evaluated. Results: {'test_loss': 0.6308234930038452, 'test_acc': 0.7774834632873535, 'test_precision': 0.27274268865585327, 'test_recall': 0.21600590646266937, 'test_f1': 0.23597031831741333, 'communication_cost': 50820408}
[ 2026-04-18 07:50:07 | node_18 | INFO ] 📢 Broadcasting metrics.
[ 2026-04-18 07:50:07 | node_17 | INFO ] 🎉 Round 13 of 20 finished.
[ 2026-04-18 07:50:07 | node_17 | INFO ] 🗳️ [DETERMINISTIC] Train set assigned (No Voting). Size: 20
[ 2026-04-18 07:50:07 | node_17 | INFO ] ♻️ Proactively processing 1 early models for round 13.
[ 2026-04-18 07:50:07 | node_17 | INFO ] 🧩 Model added for round 13 (1/9) from ['node_13']
[ 2026-04-18 07:50:07 | node_17 | INFO ] 🏋️‍♀️ Preparing training...
[ 2026-04-18 07:50:08 | node_13 | INFO ] 🧩 Model added for round 13 (3/9) from ['node_2']
[ 2026-04-18 07:50:08 | node_17 | INFO ] 🎓 Training step done.
[ 2026-04-18 07:50:08 | node_17 | INFO ] 🛠️ Calling force_add_local_model...
[ 2026-04-18 07:50:08 | node_18 | INFO ] 🎉 Round 13 of 20 finished.
[ 2026-04-18 07:50:08 | node_12 | INFO ] 🧩 Model added for round 13 (6/12) from ['node_15']
[ 2026-04-18 07:50:08 | node_17 | INFO ] ✅ [FORCE] Local model added for round 13. (2/9)
[ 2026-04-18 07:50:08 | node_18 | INFO ] 🗳️ [DETERMINISTIC] Train set assigned (No Voting). Size: 20
[ 2026-04-18 07:50:08 | node_15 | INFO ] 🧩 Model added for round 13 (3/9) from ['node_2']
[ 2026-04-18 07:50:08 | node_18 | INFO ] ♻️ Proactively processing 2 early models for round 13.
[ 2026-04-18 07:50:08 | node_18 | INFO ] 🧩 Model added for round 13 (1/10) from ['node_13']
[ 2026-04-18 07:50:08 | node_18 | INFO ] 🧩 Model added for round 13 (2/10) from ['node']
[ 2026-04-18 07:50:08 | node_18 | INFO ] 🏋️‍♀️ Preparing training...
[ 2026-04-18 07:50:08 | node_6 | INFO ] ⏹️  Gossiping exited for 10 equal rounds.
[ 2026-04-18 07:50:08 | node_6 | INFO ] 🔬 Evaluating...
[ 2026-04-18 07:50:09 | node_4 | INFO ] 📤 Sending model to 7 direct neighbors: ['node', 'node_2', 'node_5', 'node_11', 'node_17', 'node_18', 'node_19']
[ 2026-04-18 07:50:09 | node_6 | INFO ] 📈 Evaluated. Results: {'test_loss': 1.0751551389694214, 'test_acc': 0.6374714374542236, 'test_precision': 0.17982381582260132, 'test_recall': 0.1229330524802208, 'test_f1': 0.14406785368919373, 'communication_cost': 62113832}
[ 2026-04-18 07:50:09 | node | INFO ] 🧩 Model added for round 13 (2/8) from ['node_4']
[ 2026-04-18 07:50:09 | node_6 | INFO ] 📢 Broadcasting metrics.
[ 2026-04-18 07:50:09 | node_2 | INFO ] 🧩 Model added for round 13 (6/9) from ['node_4']
[ 2026-04-18 07:50:09 | node_5 | INFO ] 🧩 Model added for round 13 (4/8) from ['node_4']
[ 2026-04-18 07:50:10 | node_18 | INFO ] 🎓 Training step done.
[ 2026-04-18 07:50:10 | node_18 | INFO ] 🛠️ Calling force_add_local_model...
[ 2026-04-18 07:50:10 | node_18 | INFO ] ✅ [FORCE] Local model added for round 13. (3/10)
[ 2026-04-18 07:50:10 | node_6 | INFO ] 🎉 Round 13 of 20 finished.
[ 2026-04-18 07:50:10 | node_6 | INFO ] 🗳️ [DETERMINISTIC] Train set assigned (No Voting). Size: 20
[ 2026-04-18 07:50:10 | node_6 | INFO ] ♻️ Proactively processing 4 early models for round 13.
[ 2026-04-18 07:50:10 | node_6 | INFO ] 🧩 Model added for round 13 (1/12) from ['node_13']
[ 2026-04-18 07:50:10 | node_6 | INFO ] 🧩 Model added for round 13 (2/12) from ['node_5']
[ 2026-04-18 07:50:10 | node_6 | INFO ] 🧩 Model added for round 13 (3/12) from ['node_3']
[ 2026-04-18 07:50:10 | node_6 | INFO ] 🧩 Model added for round 13 (4/12) from ['node_15']
[ 2026-04-18 07:50:10 | node_6 | INFO ] 🏋️‍♀️ Preparing training...
[ 2026-04-18 07:50:10 | node_11 | INFO ] 🧩 Model added for round 13 (5/8) from ['node_4']
[ 2026-04-18 07:50:10 | node_10 | INFO ] ⏹️  Gossiping exited for 10 equal rounds.
[ 2026-04-18 07:50:10 | node_17 | INFO ] 🧩 Model added for round 13 (3/9) from ['node_4']
[ 2026-04-18 07:50:10 | node_10 | INFO ] 🔬 Evaluating...
[ 2026-04-18 07:50:11 | node_10 | INFO ] 📈 Evaluated. Results: {'test_loss': 5.113089561462402, 'test_acc': 0.050847455859184265, 'test_precision': 0.22754910588264465, 'test_recall': 0.07582426071166992, 'test_f1': 0.06426840275526047, 'communication_cost': 33880272}
[ 2026-04-18 07:50:11 | node_10 | INFO ] 📢 Broadcasting metrics.
[ 2026-04-18 07:50:11 | node_18 | INFO ] 🧩 Model added for round 13 (4/10) from ['node_4']
[ 2026-04-18 07:50:11 | node_6 | INFO ] 🎓 Training step done.
[ 2026-04-18 07:50:11 | node_6 | INFO ] 🛠️ Calling force_add_local_model...
[ 2026-04-18 07:50:11 | node_6 | INFO ] ✅ [FORCE] Local model added for round 13. (5/12)
[ 2026-04-18 07:50:11 | node_14 | INFO ] ⏹️  Gossiping exited for 10 equal rounds.
[ 2026-04-18 07:50:11 | node_14 | INFO ] 🔬 Evaluating...
[ 2026-04-18 07:50:11 | node_10 | INFO ] 🎉 Round 13 of 20 finished.
[ 2026-04-18 07:50:11 | node_10 | INFO ] 🗳️ [DETERMINISTIC] Train set assigned (No Voting). Size: 20
[ 2026-04-18 07:50:11 | node_10 | INFO ] 🏋️‍♀️ Preparing training...
[ 2026-04-18 07:50:11 | node_14 | INFO ] 📈 Evaluated. Results: {'test_loss': 1.0835551023483276, 'test_acc': 0.7283950448036194, 'test_precision': 0.3253968358039856, 'test_recall': 0.3073861300945282, 'test_f1': 0.3058561682701111, 'communication_cost': 56467120}
[ 2026-04-18 07:50:11 | node_14 | INFO ] 📢 Broadcasting metrics.
[ 2026-04-18 07:50:12 | node_14 | INFO ] 🎉 Round 13 of 20 finished.
[ 2026-04-18 07:50:12 | node_12 | INFO ] 📤 Sending model to 11 direct neighbors: ['node', 'node_2', 'node_5', 'node_6', 'node_7', 'node_10', 'node_11', 'node_14', 'node_15', 'node_17', 'node_18']
[ 2026-04-18 07:50:12 | node_14 | INFO ] 🗳️ [DETERMINISTIC] Train set assigned (No Voting). Size: 20
[ 2026-04-18 07:50:12 | node_14 | INFO ] ♻️ Proactively processing 4 early models for round 13.
[ 2026-04-18 07:50:12 | node_14 | INFO ] 🧩 Model added for round 13 (1/11) from ['node_5']
[ 2026-04-18 07:50:12 | node_14 | INFO ] 🧩 Model added for round 13 (2/11) from ['node_3']
[ 2026-04-18 07:50:12 | node_14 | INFO ] 🧩 Model added for round 13 (3/11) from ['node']
[ 2026-04-18 07:50:12 | node_14 | INFO ] 🧩 Model added for round 13 (4/11) from ['node_2']
[ 2026-04-18 07:50:12 | node_14 | INFO ] 🏋️‍♀️ Preparing training...
[ 2026-04-18 07:50:12 | node | INFO ] 🧩 Model added for round 13 (3/8) from ['node_12']
[ 2026-04-18 07:50:12 | node_10 | INFO ] 🎓 Training step done.
[ 2026-04-18 07:50:12 | node_16 | INFO ] ⏹️  Gossiping exited for 10 equal rounds.
[ 2026-04-18 07:50:12 | node_10 | INFO ] 🛠️ Calling force_add_local_model...
[ 2026-04-18 07:50:12 | node_16 | INFO ] 🔬 Evaluating...
[ 2026-04-18 07:50:12 | node_10 | INFO ] ✅ [FORCE] Local model added for round 13. (1/7)
[ 2026-04-18 07:50:12 | node_2 | INFO ] 🧩 Model added for round 13 (7/9) from ['node_12']
[ 2026-04-18 07:50:12 | node_16 | INFO ] 📈 Evaluated. Results: {'test_loss': 2.7052760124206543, 'test_acc': 0.4324324429035187, 'test_precision': 0.3777777850627899, 'test_recall': 0.31085363030433655, 'test_f1': 0.28829583525657654, 'communication_cost': 39526984}
[ 2026-04-18 07:50:12 | node_16 | INFO ] 📢 Broadcasting metrics.
[ 2026-04-18 07:50:13 | node_5 | INFO ] 🧩 Model added for round 13 (5/8) from ['node_12']
[ 2026-04-18 07:50:13 | node_16 | INFO ] 🎉 Round 13 of 20 finished.
[ 2026-04-18 07:50:13 | node_16 | INFO ] 🗳️ [DETERMINISTIC] Train set assigned (No Voting). Size: 20
[ 2026-04-18 07:50:13 | node_16 | INFO ] ♻️ Proactively processing 2 early models for round 13.
[ 2026-04-18 07:50:13 | node_16 | INFO ] 🧩 Model added for round 13 (1/8) from ['node']
[ 2026-04-18 07:50:13 | node_16 | INFO ] 🧩 Model added for round 13 (2/8) from ['node_3']
[ 2026-04-18 07:50:13 | node_16 | INFO ] 🏋️‍♀️ Preparing training...
[ 2026-04-18 07:50:13 | node_6 | INFO ] 🧩 Model added for round 13 (6/12) from ['node_12']
[ 2026-04-18 07:50:13 | node_17 | INFO ] 📤 Sending model to 8 direct neighbors: ['node_4', 'node_6', 'node_8', 'node_9', 'node_12', 'node_13', 'node_14', 'node_18']
[ 2026-04-18 07:50:13 | node_4 | INFO ] 🧩 Model added for round 13 (6/8) from ['node_17']
[ 2026-04-18 07:50:14 | node_10 | INFO ] 🧩 Model added for round 13 (2/7) from ['node_12']
[ 2026-04-18 07:50:14 | node_16 | INFO ] 🎓 Training step done.
[ 2026-04-18 07:50:14 | node_16 | INFO ] 🛠️ Calling force_add_local_model...
[ 2026-04-18 07:50:14 | node_6 | INFO ] 🧩 Model added for round 13 (7/12) from ['node_17']
[ 2026-04-18 07:50:14 | node_16 | INFO ] ✅ [FORCE] Local model added for round 13. (3/8)
[ 2026-04-18 07:50:14 | node_14 | INFO ] 🎓 Training step done.
[ 2026-04-18 07:50:14 | node_14 | INFO ] 🛠️ Calling force_add_local_model...
[ 2026-04-18 07:50:14 | node_11 | INFO ] 🧩 Model added for round 13 (6/8) from ['node_12']
[ 2026-04-18 07:50:14 | node_19 | INFO ] ⏹️  Gossiping exited for 10 equal rounds.
[ 2026-04-18 07:50:14 | node_19 | INFO ] 🔬 Evaluating...
[ 2026-04-18 07:50:14 | node_14 | INFO ] ✅ [FORCE] Local model added for round 13. (5/11)
[ 2026-04-18 07:50:14 | node_19 | INFO ] 📈 Evaluated. Results: {'test_loss': 5.671915054321289, 'test_acc': 0.27544909715652466, 'test_precision': 0.20531028509140015, 'test_recall': 0.1552092581987381, 'test_f1': 0.12311604619026184, 'communication_cost': 33880272}
[ 2026-04-18 07:50:14 | node_14 | INFO ] 🧩 Model added for round 13 (6/11) from ['node_12']
[ 2026-04-18 07:50:14 | node_19 | INFO ] 📢 Broadcasting metrics.
[ 2026-04-18 07:50:15 | node_12 | INFO ] 🧩 Model added for round 13 (7/12) from ['node_17']
[ 2026-04-18 07:50:15 | node_15 | INFO ] 🧩 Model added for round 13 (4/9) from ['node_12']
[ 2026-04-18 07:50:15 | node_18 | INFO ] 📤 Sending model to 9 direct neighbors: ['node', 'node_1', 'node_4', 'node_6', 'node_8', 'node_9', 'node_12', 'node_13', 'node_17']
[ 2026-04-18 07:50:15 | node_19 | INFO ] 🎉 Round 13 of 20 finished.
[ 2026-04-18 07:50:15 | node_19 | INFO ] 🗳️ [DETERMINISTIC] Train set assigned (No Voting). Size: 20
[ 2026-04-18 07:50:15 | node | INFO ] 🧩 Model added for round 13 (4/8) from ['node_18']
[ 2026-04-18 07:50:15 | node_19 | INFO ] ♻️ Proactively processing 3 early models for round 13.
[ 2026-04-18 07:50:15 | node_19 | INFO ] 🧩 Model added for round 13 (1/7) from ['node_5']
[ 2026-04-18 07:50:15 | node_19 | INFO ] 🧩 Model added for round 13 (2/7) from ['node_15']
[ 2026-04-18 07:50:15 | node_19 | INFO ] 🧩 Model added for round 13 (3/7) from ['node_4']
[ 2026-04-18 07:50:15 | node_19 | INFO ] 🏋️‍♀️ Preparing training...
[ 2026-04-18 07:50:15 | node_13 | INFO ] 🧩 Model added for round 13 (4/9) from ['node_17']
[ 2026-04-18 07:50:15 | node_17 | INFO ] 🧩 Model added for round 13 (4/9) from ['node_12']
[ 2026-04-18 07:50:15 | node_14 | INFO ] 🧩 Model added for round 13 (7/11) from ['node_17']
[ 2026-04-18 07:50:15 | node_19 | INFO ] 🎓 Training step done.
[ 2026-04-18 07:50:15 | node_19 | INFO ] 🛠️ Calling force_add_local_model...
[ 2026-04-18 07:50:16 | node_19 | INFO ] ✅ [FORCE] Local model added for round 13. (4/7)
[ 2026-04-18 07:50:16 | node_4 | INFO ] 🧩 Model added for round 13 (7/8) from ['node_18']
[ 2026-04-18 07:50:16 | node_18 | INFO ] 🧩 Model added for round 13 (5/10) from ['node_12']
[ 2026-04-18 07:50:16 | node_7 | INFO ] ⏹️  Gossiping exited for 10 equal rounds.
[ 2026-04-18 07:50:16 | node_6 | INFO ] 📤 Sending model to 11 direct neighbors: ['node_1', 'node_3', 'node_5', 'node_9', 'node_10', 'node_12', 'node_13', 'node_14', 'node_15', 'node_17', 'node_18']
[ 2026-04-18 07:50:16 | node_7 | INFO ] 🔬 Evaluating...
[ 2026-04-18 07:50:16 | node_6 | INFO ] 🧩 Model added for round 13 (8/12) from ['node_18']
[ 2026-04-18 07:50:16 | node_18 | INFO ] 🧩 Model added for round 13 (6/10) from ['node_17']
[ 2026-04-18 07:50:16 | node_3 | INFO ] 🧩 Model added for round 13 (5/8) from ['node_6']
[ 2026-04-18 07:50:16 | node_7 | INFO ] 📈 Evaluated. Results: {'test_loss': 5.839291095733643, 'test_acc': 0.1825396865606308, 'test_precision': 0.21391437947750092, 'test_recall': 0.09199510514736176, 'test_f1': 0.09936210513114929, 'communication_cost': 39526984}
[ 2026-04-18 07:50:16 | node_7 | INFO ] 📢 Broadcasting metrics.
[ 2026-04-18 07:50:16 | node_9 | INFO ] ⏹️  Gossiping exited for 10 equal rounds.
[ 2026-04-18 07:50:17 | node_9 | INFO ] 🔬 Evaluating...
[ 2026-04-18 07:50:17 | node_5 | INFO ] 🧩 Model added for round 13 (6/8) from ['node_6']
[ 2026-04-18 07:50:17 | node_12 | INFO ] 🧩 Model added for round 13 (8/12) from ['node_18']
[ 2026-04-18 07:50:17 | node_9 | INFO ] 📈 Evaluated. Results: {'test_loss': 0.8501419425010681, 'test_acc': 0.74609375, 'test_precision': 0.23677484691143036, 'test_recall': 0.1650725156068802, 'test_f1': 0.17970651388168335, 'communication_cost': 39526984}
[ 2026-04-18 07:50:17 | node_9 | INFO ] 📢 Broadcasting metrics.
[ 2026-04-18 07:50:17 | node_7 | INFO ] 🎉 Round 13 of 20 finished.
[ 2026-04-18 07:50:17 | node_7 | INFO ] 🗳️ [DETERMINISTIC] Train set assigned (No Voting). Size: 20
[ 2026-04-18 07:50:17 | node_7 | INFO ] ♻️ Proactively processing 4 early models for round 13.
[ 2026-04-18 07:50:17 | node_7 | INFO ] 🧩 Model added for round 13 (1/8) from ['node_13']
[ 2026-04-18 07:50:17 | node_7 | INFO ] 🧩 Model added for round 13 (2/8) from ['node']
[ 2026-04-18 07:50:17 | node_7 | INFO ] 🧩 Model added for round 13 (3/8) from ['node_15']
[ 2026-04-18 07:50:17 | node_7 | INFO ] 🧩 Model added for round 13 (4/8) from ['node_12']
[ 2026-04-18 07:50:17 | node_7 | INFO ] 🏋️‍♀️ Preparing training...
[ 2026-04-18 07:50:17 | node_13 | INFO ] 🧩 Model added for round 13 (5/9) from ['node_18']
[ 2026-04-18 07:50:17 | node_10 | INFO ] 🧩 Model added for round 13 (3/7) from ['node_6']
[ 2026-04-18 07:50:17 | node_7 | INFO ] 🎓 Training step done.
[ 2026-04-18 07:50:17 | node_7 | INFO ] 🛠️ Calling force_add_local_model...
[ 2026-04-18 07:50:17 | node_10 | INFO ] 📤 Sending model to 6 direct neighbors: ['node_6', 'node_8', 'node_9', 'node_12', 'node_16', 'node_19']
[ 2026-04-18 07:50:17 | node_7 | INFO ] ✅ [FORCE] Local model added for round 13. (5/8)
[ 2026-04-18 07:50:17 | node_17 | INFO ] 🧩 Model added for round 13 (5/9) from ['node_18']
[ 2026-04-18 07:50:17 | node_9 | INFO ] 🎉 Round 13 of 20 finished.
[ 2026-04-18 07:50:18 | node_9 | INFO ] 🗳️ [DETERMINISTIC] Train set assigned (No Voting). Size: 20
[ 2026-04-18 07:50:18 | node_9 | INFO ] ♻️ Proactively processing 4 early models for round 13.
[ 2026-04-18 07:50:18 | node_9 | INFO ] 🧩 Model added for round 13 (1/8) from ['node_13']
[ 2026-04-18 07:50:18 | node_9 | INFO ] 🧩 Model added for round 13 (2/8) from ['node_17']
[ 2026-04-18 07:50:18 | node_12 | INFO ] 🧩 Model added for round 13 (9/12) from ['node_6']
[ 2026-04-18 07:50:18 | node_9 | INFO ] 🧩 Model added for round 13 (3/8) from ['node_18']
[ 2026-04-18 07:50:18 | node_9 | INFO ] 🧩 Model added for round 13 (4/8) from ['node_6']
[ 2026-04-18 07:50:18 | node_9 | INFO ] 🏋️‍♀️ Preparing training...
[ 2026-04-18 07:50:18 | node_6 | INFO ] 🧩 Model added for round 13 (9/12) from ['node_10']
[ 2026-04-18 07:50:18 | node_13 | INFO ] 🧩 Model added for round 13 (6/9) from ['node_6']
[ 2026-04-18 07:50:18 | node_9 | INFO ] 🎓 Training step done.
[ 2026-04-18 07:50:18 | node_9 | INFO ] 🛠️ Calling force_add_local_model...
[ 2026-04-18 07:50:18 | node_9 | INFO ] ✅ [FORCE] Local model added for round 13. (5/8)
[ 2026-04-18 07:50:18 | node_9 | INFO ] 🧩 Model added for round 13 (6/8) from ['node_10']
[ 2026-04-18 07:50:18 | node_12 | INFO ] 🧩 Model added for round 13 (10/12) from ['node_10']
[ 2026-04-18 07:50:18 | node_14 | INFO ] 🧩 Model added for round 13 (8/11) from ['node_6']
[ 2026-04-18 07:50:19 | node_16 | INFO ] 🧩 Model added for round 13 (4/8) from ['node_10']
[ 2026-04-18 07:50:19 | node_16 | INFO ] 📤 Sending model to 7 direct neighbors: ['node', 'node_1', 'node_3', 'node_9', 'node_10', 'node_14', 'node_19']
[ 2026-04-18 07:50:19 | node_15 | INFO ] 🧩 Model added for round 13 (5/9) from ['node_6']
[ 2026-04-18 07:50:19 | node | INFO ] 🧩 Model added for round 13 (5/8) from ['node_16']
[ 2026-04-18 07:50:19 | node_14 | INFO ] 📤 Sending model to 10 direct neighbors: ['node', 'node_1', 'node_2', 'node_3', 'node_5', 'node_6', 'node_8', 'node_12', 'node_16', 'node_17']
[ 2026-04-18 07:50:19 | node_19 | INFO ] 🧩 Model added for round 13 (5/7) from ['node_10']
[ 2026-04-18 07:50:19 | node | INFO ] 🧩 Model added for round 13 (6/8) from ['node_14']
[ 2026-04-18 07:50:19 | node_17 | INFO ] 🧩 Model added for round 13 (6/9) from ['node_6']
[ 2026-04-18 07:50:19 | node_3 | INFO ] 🧩 Model added for round 13 (6/8) from ['node_16']
[ 2026-04-18 07:50:20 | node_18 | INFO ] 🧩 Model added for round 13 (7/10) from ['node_6']
[ 2026-04-18 07:50:20 | node_1 | INFO ] ⏹️  Gossiping exited for 10 equal rounds.
[ 2026-04-18 07:50:20 | node_1 | INFO ] 🔬 Evaluating...
[ 2026-04-18 07:50:20 | node_2 | INFO ] 🧩 Model added for round 13 (8/9) from ['node_14']
[ 2026-04-18 07:50:20 | node_9 | INFO ] 🧩 Model added for round 13 (7/8) from ['node_16']
[ 2026-04-18 07:50:20 | node_1 | INFO ] 📈 Evaluated. Results: {'test_loss': 1.32865571975708, 'test_acc': 0.6024305820465088, 'test_precision': 0.22769290208816528, 'test_recall': 0.16282974183559418, 'test_f1': 0.17290987074375153, 'communication_cost': 50820408}
[ 2026-04-18 07:50:20 | node_1 | INFO ] 📢 Broadcasting metrics.
[ 2026-04-18 07:50:20 | node_3 | INFO ] 🧩 Model added for round 13 (7/8) from ['node_14']
[ 2026-04-18 07:50:20 | node_10 | INFO ] 🧩 Model added for round 13 (4/7) from ['node_16']
[ 2026-04-18 07:50:20 | node_5 | INFO ] 🧩 Model added for round 13 (7/8) from ['node_14']
[ 2026-04-18 07:50:21 | node_19 | INFO ] 📤 Sending model to 6 direct neighbors: ['node_4', 'node_5', 'node_8', 'node_10', 'node_15', 'node_16']
[ 2026-04-18 07:50:21 | node_14 | INFO ] 🧩 Model added for round 13 (9/11) from ['node_16']
[ 2026-04-18 07:50:21 | node_1 | INFO ] 🎉 Round 13 of 20 finished.
[ 2026-04-18 07:50:21 | node_1 | INFO ] 🗳️ [DETERMINISTIC] Train set assigned (No Voting). Size: 20
[ 2026-04-18 07:50:21 | node_1 | INFO ] ♻️ Proactively processing 8 early models for round 13.
[ 2026-04-18 07:50:21 | node_4 | INFO ] 🧩 Model added for round 13 (8/8) from ['node_19']
[ 2026-04-18 07:50:21 | node_1 | INFO ] 🧩 Model added for round 13 (1/10) from ['node_13']
[ 2026-04-18 07:50:21 | node_6 | INFO ] 🧩 Model added for round 13 (10/12) from ['node_14']
[ 2026-04-18 07:50:21 | node_1 | INFO ] 🧩 Model added for round 13 (2/10) from ['node_11']
[ 2026-04-18 07:50:21 | node_1 | INFO ] 🧩 Model added for round 13 (3/10) from ['node_2']
[ 2026-04-18 07:50:21 | node_1 | INFO ] 🧩 Model added for round 13 (4/10) from ['node_15']
[ 2026-04-18 07:50:21 | node_1 | INFO ] 🧩 Model added for round 13 (5/10) from ['node_18']
[ 2026-04-18 07:50:21 | node_1 | INFO ] 🧩 Model added for round 13 (6/10) from ['node_6']
[ 2026-04-18 07:50:21 | node_1 | INFO ] 🧩 Model added for round 13 (7/10) from ['node_16']
[ 2026-04-18 07:50:21 | node_1 | INFO ] 🧩 Model added for round 13 (8/10) from ['node_14']
[ 2026-04-18 07:50:21 | node_1 | INFO ] 🏋️‍♀️ Preparing training...
[ 2026-04-18 07:50:21 | node_5 | INFO ] 🧩 Model added for round 13 (8/8) from ['node_19']
[ 2026-04-18 07:50:21 | node_19 | INFO ] 🧩 Model added for round 13 (6/7) from ['node_16']
[ 2026-04-18 07:50:21 | ModelPackager | INFO ] Round 13: Consensus detected (dist: 0.000571). Patience: 1/1
[ 2026-04-18 07:50:22 | node_12 | INFO ] 🧩 Model added for round 13 (11/12) from ['node_14']
[ 2026-04-18 07:50:22 | node_4 | INFO ] 🧠 Aggregation complete. Setting new model.
[ 2026-04-18 07:50:22 | node_10 | INFO ] 🧩 Model added for round 13 (5/7) from ['node_19']
[ 2026-04-18 07:50:22 | node_4 | INFO ] 🗣️ Gossiping aggregated model.
[ 2026-04-18 07:50:22 | node_1 | INFO ] 🎓 Training step done.
[ 2026-04-18 07:50:22 | node_1 | INFO ] 🛠️ Calling force_add_local_model...
[ 2026-04-18 07:50:22 | node_16 | INFO ] 🧩 Model added for round 13 (5/8) from ['node_14']
[ 2026-04-18 07:50:22 | node_1 | INFO ] ✅ [FORCE] Local model added for round 13. (9/10)
[ 2026-04-18 07:50:22 | ModelPackager | INFO ] Round 13: Consensus detected (dist: 0.000529). Patience: 1/1
[ 2026-04-18 07:50:22 | node_15 | INFO ] 🧩 Model added for round 13 (6/9) from ['node_19']
[ 2026-04-18 07:50:22 | node_5 | INFO ] 🧠 Aggregation complete. Setting new model.
[ 2026-04-18 07:50:22 | node_17 | INFO ] 🧩 Model added for round 13 (7/9) from ['node_14']
[ 2026-04-18 07:50:22 | node_5 | INFO ] 🗣️ Gossiping aggregated model.
[ 2026-04-18 07:50:22 | node_7 | INFO ] 📤 Sending model to 7 direct neighbors: ['node', 'node_1', 'node_8', 'node_9', 'node_12', 'node_13', 'node_15']
[ 2026-04-18 07:50:23 | node_16 | INFO ] 🧩 Model added for round 13 (6/8) from ['node_19']
[ 2026-04-18 07:50:23 | node | INFO ] 🧩 Model added for round 13 (7/8) from ['node_7']
[ 2026-04-18 07:50:23 | node_8 | INFO ] ⏹️  Gossiping exited for 10 equal rounds.
[ 2026-04-18 07:50:23 | node_8 | INFO ] 🔬 Evaluating...
[ 2026-04-18 07:50:23 | node_8 | INFO ] 📈 Evaluated. Results: {'test_loss': 0.6255808472633362, 'test_acc': 0.8360655903816223, 'test_precision': 0.2900000214576721, 'test_recall': 0.22471509873867035, 'test_f1': 0.24883288145065308, 'communication_cost': 56467120}
[ 2026-04-18 07:50:23 | node_8 | INFO ] 📢 Broadcasting metrics.
[ 2026-04-18 07:50:23 | node_1 | INFO ] 🧩 Model added for round 13 (10/10) from ['node_7']
[ 2026-04-18 07:50:23 | node_9 | INFO ] 📤 Sending model to 7 direct neighbors: ['node_6', 'node_7', 'node_10', 'node_13', 'node_16', 'node_17', 'node_18']
[ 2026-04-18 07:50:24 | node_6 | INFO ] 🧩 Model added for round 13 (11/12) from ['node_9']
[ 2026-04-18 07:50:24 | node_9 | INFO ] 🧩 Model added for round 13 (8/8) from ['node_7']
[ 2026-04-18 07:50:24 | node_8 | INFO ] 🎉 Round 13 of 20 finished.
[ 2026-04-18 07:50:24 | node_8 | INFO ] 🗳️ [DETERMINISTIC] Train set assigned (No Voting). Size: 20
[ 2026-04-18 07:50:24 | node_8 | INFO ] ♻️ Proactively processing 10 early models for round 13.
[ 2026-04-18 07:50:24 | node_8 | INFO ] 🧩 Model added for round 13 (1/11) from ['node_3']
[ 2026-04-18 07:50:24 | node_8 | INFO ] 🧩 Model added for round 13 (2/11) from ['node']
[ 2026-04-18 07:50:24 | node_8 | INFO ] 🧩 Model added for round 13 (3/11) from ['node_11']
[ 2026-04-18 07:50:24 | node_8 | INFO ] 🧩 Model added for round 13 (4/11) from ['node_15']
[ 2026-04-18 07:50:24 | node_8 | INFO ] 🧩 Model added for round 13 (5/11) from ['node_17']
[ 2026-04-18 07:50:24 | node_8 | INFO ] 🧩 Model added for round 13 (6/11) from ['node_18']
[ 2026-04-18 07:50:24 | node_8 | INFO ] 🧩 Model added for round 13 (7/11) from ['node_10']
[ 2026-04-18 07:50:24 | node_8 | INFO ] 🧩 Model added for round 13 (8/11) from ['node_14']
[ 2026-04-18 07:50:24 | node_8 | INFO ] 🧩 Model added for round 13 (9/11) from ['node_19']
[ 2026-04-18 07:50:24 | node_8 | INFO ] 🧩 Model added for round 13 (10/11) from ['node_7']
[ 2026-04-18 07:50:24 | node_8 | INFO ] 🏋️‍♀️ Preparing training...
[ 2026-04-18 07:50:24 | node_7 | INFO ] 🧩 Model added for round 13 (6/8) from ['node_9']
[ 2026-04-18 07:50:24 | node_12 | INFO ] 🧩 Model added for round 13 (12/12) from ['node_7']
[ 2026-04-18 07:50:24 | node_10 | INFO ] 🧩 Model added for round 13 (6/7) from ['node_9']
[ 2026-04-18 07:50:25 | node_13 | INFO ] 🧩 Model added for round 13 (7/9) from ['node_7']
[ 2026-04-18 07:50:25 | node_13 | INFO ] 🧩 Model added for round 13 (8/9) from ['node_9']
[ 2026-04-18 07:50:25 | ModelPackager | INFO ] Round 13: Consensus detected (dist: 0.000753). Patience: 1/1
[ 2026-04-18 07:50:25 | node_8 | INFO ] 🎓 Training step done.
[ 2026-04-18 07:50:25 | node_8 | INFO ] 🛠️ Calling force_add_local_model...
[ 2026-04-18 07:50:25 | node_8 | INFO ] ✅ [FORCE] Local model added for round 13. (11/11)
[ 2026-04-18 07:50:25 | node_12 | INFO ] 🧠 Aggregation complete. Setting new model.
[ 2026-04-18 07:50:25 | node_15 | INFO ] 🧩 Model added for round 13 (7/9) from ['node_7']
[ 2026-04-18 07:50:25 | node_16 | INFO ] 🧩 Model added for round 13 (7/8) from ['node_9']
[ 2026-04-18 07:50:25 | node_12 | INFO ] 🗣️ Gossiping aggregated model.
[ 2026-04-18 07:50:26 | node_17 | INFO ] 🧩 Model added for round 13 (8/9) from ['node_9']
[ 2026-04-18 07:50:26 | node_18 | INFO ] 🧩 Model added for round 13 (8/10) from ['node_9']
[ 2026-04-18 07:50:26 | ModelPackager | INFO ] Round 13: Consensus detected (dist: 0.000576). Patience: 1/1
[ 2026-04-18 07:50:26 | node_9 | INFO ] 🧠 Aggregation complete. Setting new model.
[ 2026-04-18 07:50:27 | node_9 | INFO ] 🗣️ Gossiping aggregated model.
[ 2026-04-18 07:50:27 | node_1 | INFO ] 📤 Sending model to 9 direct neighbors: ['node_2', 'node_6', 'node_7', 'node_11', 'node_13', 'node_14', 'node_15', 'node_16', 'node_18']
[ 2026-04-18 07:50:27 | node_2 | INFO ] 🧩 Model added for round 13 (9/9) from ['node_1']
[ 2026-04-18 07:50:28 | node_6 | INFO ] 🧩 Model added for round 13 (12/12) from ['node_1']
[ 2026-04-18 07:50:28 | ModelPackager | INFO ] Round 13: Consensus detected (dist: 0.000624). Patience: 1/1
[ 2026-04-18 07:50:28 | node_2 | INFO ] 🧠 Aggregation complete. Setting new model.
[ 2026-04-18 07:50:28 | node_2 | INFO ] 🗣️ Gossiping aggregated model.
[ 2026-04-18 07:50:28 | node_7 | INFO ] 🧩 Model added for round 13 (7/8) from ['node_1']
[ 2026-04-18 07:50:28 | node_11 | INFO ] 🧩 Model added for round 13 (7/8) from ['node_1']
[ 2026-04-18 07:50:29 | ModelPackager | INFO ] Round 13: Consensus detected (dist: 0.000759). Patience: 1/1
[ 2026-04-18 07:50:29 | node_13 | INFO ] 🧩 Model added for round 13 (9/9) from ['node_1']
[ 2026-04-18 07:50:29 | node_6 | INFO ] 🧠 Aggregation complete. Setting new model.
[ 2026-04-18 07:50:29 | node_14 | INFO ] 🧩 Model added for round 13 (10/11) from ['node_1']
[ 2026-04-18 07:50:29 | node_6 | INFO ] 🗣️ Gossiping aggregated model.
[ 2026-04-18 07:50:30 | node_15 | INFO ] 🧩 Model added for round 13 (8/9) from ['node_1']
[ 2026-04-18 07:50:30 | ModelPackager | INFO ] Round 13: Consensus detected (dist: 0.000589). Patience: 1/1
[ 2026-04-18 07:50:30 | node_16 | INFO ] 🧩 Model added for round 13 (8/8) from ['node_1']
[ 2026-04-18 07:50:30 | node_13 | INFO ] 🧠 Aggregation complete. Setting new model.
[ 2026-04-18 07:50:30 | node_8 | INFO ] 📤 Sending model to 10 direct neighbors: ['node', 'node_3', 'node_7', 'node_10', 'node_11', 'node_14', 'node_15', 'node_17', 'node_18', 'node_19']
[ 2026-04-18 07:50:30 | node_13 | INFO ] 🗣️ Gossiping aggregated model.
[ 2026-04-18 07:50:30 | node_18 | INFO ] 🧩 Model added for round 13 (9/10) from ['node_1']
[ 2026-04-18 07:50:30 | node | INFO ] 🧩 Model added for round 13 (8/8) from ['node_8']
[ 2026-04-18 07:50:31 | ModelPackager | INFO ] Round 13: Consensus detected (dist: 0.000622). Patience: 1/1
[ 2026-04-18 07:50:31 | node_16 | INFO ] 🧠 Aggregation complete. Setting new model.
[ 2026-04-18 07:50:31 | ModelPackager | INFO ] Round 13: Consensus detected (dist: 0.000607). Patience: 1/1
[ 2026-04-18 07:50:31 | ModelPackager | INFO ] 🌟 Node node is AUTHORIZED. Starting packaging & push...
[ 2026-04-18 07:50:31 | node | INFO ] 🧠 Aggregation complete. Setting new model.
[ 2026-04-18 07:50:31 | node_16 | INFO ] 🗣️ Gossiping aggregated model.
[ 2026-04-18 07:50:31 | node_3 | INFO ] 🧩 Model added for round 13 (8/8) from ['node_8']
[ 2026-04-18 07:50:31 | node | INFO ] 🗣️ Gossiping aggregated model.
[ 2026-04-18 07:50:31 | node_7 | INFO ] 🧩 Model added for round 13 (8/8) from ['node_8']
[ 2026-04-18 07:50:32 | ModelPackager | INFO ] Round 13: Consensus detected (dist: 0.000619). Patience: 1/1
[ 2026-04-18 07:50:32 | ModelPackager | INFO ] Round 13: Consensus detected (dist: 0.000670). Patience: 1/1
[ 2026-04-18 07:50:32 | ModelPackager | INFO ] Round 13: Consensus detected (dist: 0.000709). Patience: 1/1
[ 2026-04-18 07:50:32 | node_3 | INFO ] 🧠 Aggregation complete. Setting new model.
[ 2026-04-18 07:50:32 | node_7 | INFO ] 🧠 Aggregation complete. Setting new model.
[ 2026-04-18 07:50:32 | node_1 | INFO ] 🧠 Aggregation complete. Setting new model.
[ 2026-04-18 07:50:32 | node_3 | INFO ] 🗣️ Gossiping aggregated model.
[ 2026-04-18 07:50:32 | node_7 | INFO ] 🗣️ Gossiping aggregated model.
[ 2026-04-18 07:50:32 | node_1 | INFO ] 🗣️ Gossiping aggregated model.
[ 2026-04-18 07:50:32 | node_10 | INFO ] 🧩 Model added for round 13 (7/7) from ['node_8']
[ 2026-04-18 07:50:33 | node_11 | INFO ] 🧩 Model added for round 13 (8/8) from ['node_8']
[ 2026-04-18 07:50:33 | ModelPackager | INFO ] Round 13: Consensus detected (dist: 0.000605). Patience: 1/1
[ 2026-04-18 07:50:33 | node_10 | INFO ] 🧠 Aggregation complete. Setting new model.
[ 2026-04-18 07:50:33 | ModelPackager | INFO ] Round 13: Consensus detected (dist: 0.000479). Patience: 1/1
[ 2026-04-18 07:50:33 | node_11 | INFO ] 🧠 Aggregation complete. Setting new model.
[ 2026-04-18 07:50:33 | node_10 | INFO ] 🗣️ Gossiping aggregated model.
[ 2026-04-18 07:50:33 | node_14 | INFO ] 🧩 Model added for round 13 (11/11) from ['node_8']
[ 2026-04-18 07:50:33 | node_11 | INFO ] 🗣️ Gossiping aggregated model.
[ 2026-04-18 07:50:34 | node_15 | INFO ] 🧩 Model added for round 13 (9/9) from ['node_8']
[ 2026-04-18 07:50:34 | ModelPackager | INFO ] Round 13: Consensus detected (dist: 0.000533). Patience: 1/1
[ 2026-04-18 07:50:34 | ModelPackager | INFO ] Round 13: Consensus detected (dist: 0.000596). Patience: 1/1
[ 2026-04-18 07:50:34 | node_14 | INFO ] 🧠 Aggregation complete. Setting new model.
[ 2026-04-18 07:50:34 | node_15 | INFO ] 🧠 Aggregation complete. Setting new model.
[ 2026-04-18 07:50:34 | node_15 | INFO ] 🗣️ Gossiping aggregated model.
[ 2026-04-18 07:50:34 | node_14 | INFO ] 🗣️ Gossiping aggregated model.
[ 2026-04-18 07:50:34 | node_17 | INFO ] 🧩 Model added for round 13 (9/9) from ['node_8']
[ 2026-04-18 07:50:35 | node_18 | INFO ] 🧩 Model added for round 13 (10/10) from ['node_8']
[ 2026-04-18 07:50:35 | ModelPackager | INFO ] Round 13: Consensus detected (dist: 0.000593). Patience: 1/1
[ 2026-04-18 07:50:35 | ModelPackager | INFO ] Round 13: Consensus detected (dist: 0.000530). Patience: 1/1
[ 2026-04-18 07:50:35 | node_19 | INFO ] 🧩 Model added for round 13 (7/7) from ['node_8']
[ 2026-04-18 07:50:35 | node_17 | INFO ] 🧠 Aggregation complete. Setting new model.
[ 2026-04-18 07:50:35 | node_18 | INFO ] 🧠 Aggregation complete. Setting new model.
[ 2026-04-18 07:50:36 | node_17 | INFO ] 🗣️ Gossiping aggregated model.
[ 2026-04-18 07:50:36 | node_18 | INFO ] 🗣️ Gossiping aggregated model.
[ 2026-04-18 07:50:36 | ModelPackager | INFO ] Round 13: Consensus detected (dist: 0.000674). Patience: 1/1
[ 2026-04-18 07:50:36 | ModelPackager | INFO ] Round 13: Consensus detected (dist: 0.000728). Patience: 1/1
[ 2026-04-18 07:50:36 | node_19 | INFO ] 🧠 Aggregation complete. Setting new model.
[ 2026-04-18 07:50:36 | node_8 | INFO ] 🧠 Aggregation complete. Setting new model.
[ 2026-04-18 07:50:36 | node_19 | INFO ] 🗣️ Gossiping aggregated model.
[ 2026-04-18 07:50:36 | node_8 | INFO ] 🗣️ Gossiping aggregated model.
[ 2026-04-18 07:50:37 | node_7 | INFO ] 🤫 Gossip finished.
[ 2026-04-18 07:50:37 | node_7 | INFO ] 🔬 Evaluating...
[ 2026-04-18 07:50:37 | node_3 | INFO ] 🤫 Gossip finished.
[ 2026-04-18 07:50:37 | node_3 | INFO ] 🔬 Evaluating...
[ 2026-04-18 07:50:37 | node_3 | INFO ] 📈 Evaluated. Results: {'test_loss': 1.5802736282348633, 'test_acc': 0.5755102038383484, 'test_precision': 0.44053253531455994, 'test_recall': 0.26312991976737976, 'test_f1': 0.293578177690506, 'communication_cost': 39526984}
[ 2026-04-18 07:50:37 | node_3 | INFO ] 📢 Broadcasting metrics.
[ 2026-04-18 07:50:38 | node_7 | INFO ] 📈 Evaluated. Results: {'test_loss': 5.241842746734619, 'test_acc': 0.2032967060804367, 'test_precision': 0.2360144704580307, 'test_recall': 0.10211873054504395, 'test_f1': 0.11056359112262726, 'communication_cost': 39526984}
[ 2026-04-18 07:50:38 | node_7 | INFO ] 📢 Broadcasting metrics.
[ 2026-04-18 07:50:38 | node_4 | INFO ] ⏹️  Gossiping exited for 10 equal rounds.
[ 2026-04-18 07:50:38 | node_4 | INFO ] 🔬 Evaluating...
[ 2026-04-18 07:50:38 | node_5 | INFO ] ⏹️  Gossiping exited for 10 equal rounds.
[ 2026-04-18 07:50:38 | node_5 | INFO ] 🔬 Evaluating...
[ 2026-04-18 07:50:38 | node_3 | INFO ] 🎉 Round 14 of 20 finished.
[ 2026-04-18 07:50:38 | node_3 | INFO ] 🗳️ [DETERMINISTIC] Train set assigned (No Voting). Size: 20
[ 2026-04-18 07:50:38 | node_3 | INFO ] 🏋️‍♀️ Preparing training...
[ 2026-04-18 07:50:38 | node_5 | INFO ] 📈 Evaluated. Results: {'test_loss': 2.7655789852142334, 'test_acc': 0.3928571343421936, 'test_precision': 0.3611111044883728, 'test_recall': 0.4545454978942871, 'test_f1': 0.35463660955429077, 'communication_cost': 39526984}
[ 2026-04-18 07:50:38 | node_5 | INFO ] 📢 Broadcasting metrics.
[ 2026-04-18 07:50:38 | node_4 | INFO ] 📈 Evaluated. Results: {'test_loss': 0.7565379738807678, 'test_acc': 0.7738439440727234, 'test_precision': 0.23101048171520233, 'test_recall': 0.17842380702495575, 'test_f1': 0.19730299711227417, 'communication_cost': 39526984}
[ 2026-04-18 07:50:38 | node_4 | INFO ] 📢 Broadcasting metrics.
[ 2026-04-18 07:50:38 | node_3 | INFO ] 🎓 Training step done.
[ 2026-04-18 07:50:38 | node_7 | INFO ] 🎉 Round 14 of 20 finished.
[ 2026-04-18 07:50:38 | node_3 | INFO ] 🛠️ Calling force_add_local_model...
[ 2026-04-18 07:50:38 | node_7 | INFO ] 🗳️ [DETERMINISTIC] Train set assigned (No Voting). Size: 20
[ 2026-04-18 07:50:38 | node_7 | INFO ] 🏋️‍♀️ Preparing training...
[ 2026-04-18 07:50:38 | node_3 | INFO ] ✅ [FORCE] Local model added for round 14. (1/8)
[ 2026-04-18 07:50:39 | node_7 | INFO ] 🎓 Training step done.
[ 2026-04-18 07:50:39 | node_7 | INFO ] 🛠️ Calling force_add_local_model...
[ 2026-04-18 07:50:39 | node_7 | INFO ] ✅ [FORCE] Local model added for round 14. (1/8)
[ 2026-04-18 07:50:39 | node_5 | INFO ] 🎉 Round 14 of 20 finished.
[ 2026-04-18 07:50:39 | node_5 | INFO ] 🗳️ [DETERMINISTIC] Train set assigned (No Voting). Size: 20
[ 2026-04-18 07:50:39 | node_5 | INFO ] 🏋️‍♀️ Preparing training...
[ 2026-04-18 07:50:39 | node_4 | INFO ] 🎉 Round 14 of 20 finished.
[ 2026-04-18 07:50:39 | node_4 | INFO ] 🗳️ [DETERMINISTIC] Train set assigned (No Voting). Size: 20
[ 2026-04-18 07:50:39 | node_4 | INFO ] 🏋️‍♀️ Preparing training...
[ 2026-04-18 07:50:40 | node_4 | INFO ] 🎓 Training step done.
[ 2026-04-18 07:50:40 | node_4 | INFO ] 🛠️ Calling force_add_local_model...
[ 2026-04-18 07:50:40 | node_4 | INFO ] ✅ [FORCE] Local model added for round 14. (1/8)
[ 2026-04-18 07:50:40 | node_5 | INFO ] 🎓 Training step done.
[ 2026-04-18 07:50:40 | node_5 | INFO ] 🛠️ Calling force_add_local_model...
[ 2026-04-18 07:50:40 | node_5 | INFO ] ✅ [FORCE] Local model added for round 14. (1/8)
[ 2026-04-18 07:50:40 | node_12 | INFO ] ⏹️  Gossiping exited for 10 equal rounds.
[ 2026-04-18 07:50:40 | node_12 | INFO ] 🔬 Evaluating...
[ 2026-04-18 07:50:41 | node_12 | INFO ] 📈 Evaluated. Results: {'test_loss': 0.6270825266838074, 'test_acc': 0.8098591566085815, 'test_precision': 0.3271011710166931, 'test_recall': 0.2204311639070511, 'test_f1': 0.24083618819713593, 'communication_cost': 62113832}
[ 2026-04-18 07:50:41 | node_12 | INFO ] 📢 Broadcasting metrics.
[ 2026-04-18 07:50:42 | node_12 | INFO ] 🎉 Round 14 of 20 finished.
[ 2026-04-18 07:50:42 | node_12 | INFO ] 🗳️ [DETERMINISTIC] Train set assigned (No Voting). Size: 20
[ 2026-04-18 07:50:42 | node_12 | INFO ] 🏋️‍♀️ Preparing training...
[ 2026-04-18 07:50:42 | node_12 | INFO ] 🎓 Training step done.
[ 2026-04-18 07:50:42 | node_12 | INFO ] 🛠️ Calling force_add_local_model...
[ 2026-04-18 07:50:42 | node_12 | INFO ] ✅ [FORCE] Local model added for round 14. (1/12)
[ 2026-04-18 07:50:43 | node_3 | INFO ] 📤 Sending model to 7 direct neighbors: ['node_2', 'node_6', 'node_8', 'node_11', 'node_14', 'node_15', 'node_16']
[ 2026-04-18 07:50:44 | node_7 | INFO ] 📤 Sending model to 7 direct neighbors: ['node', 'node_1', 'node_8', 'node_9', 'node_12', 'node_13', 'node_15']
[ 2026-04-18 07:50:44 | node_6 | INFO ] ⏹️  Gossiping exited for 10 equal rounds.
[ 2026-04-18 07:50:44 | node_6 | INFO ] 🔬 Evaluating...
[ 2026-04-18 07:50:45 | node_4 | INFO ] 📤 Sending model to 7 direct neighbors: ['node', 'node_2', 'node_5', 'node_11', 'node_17', 'node_18', 'node_19']
[ 2026-04-18 07:50:45 | node_6 | INFO ] 📈 Evaluated. Results: {'test_loss': 1.0229486227035522, 'test_acc': 0.6603198647499084, 'test_precision': 0.18340301513671875, 'test_recall': 0.13000576198101044, 'test_f1': 0.15041963756084442, 'communication_cost': 62113832}
[ 2026-04-18 07:50:45 | node_5 | INFO ] 📤 Sending model to 7 direct neighbors: ['node_4', 'node_6', 'node_11', 'node_12', 'node_13', 'node_14', 'node_19']
[ 2026-04-18 07:50:45 | node_6 | INFO ] 📢 Broadcasting metrics.
[ 2026-04-18 07:50:45 | node_4 | INFO ] 🧩 Model added for round 14 (2/8) from ['node_5']
[ 2026-04-18 07:50:45 | node_16 | INFO ] ⏹️  Gossiping exited for 10 equal rounds.
[ 2026-04-18 07:50:45 | node_16 | INFO ] 🔬 Evaluating...
[ 2026-04-18 07:50:45 | node_12 | INFO ] 🧩 Model added for round 14 (2/12) from ['node_7']
[ 2026-04-18 07:50:45 | node_16 | INFO ] 📈 Evaluated. Results: {'test_loss': 2.558403730392456, 'test_acc': 0.4324324429035187, 'test_precision': 0.3500000238418579, 'test_recall': 0.2797682583332062, 'test_f1': 0.26899003982543945, 'communication_cost': 39526984}
[ 2026-04-18 07:50:45 | node_16 | INFO ] 📢 Broadcasting metrics.
[ 2026-04-18 07:50:45 | node_5 | INFO ] 🧩 Model added for round 14 (2/8) from ['node_4']
[ 2026-04-18 07:50:46 | node | INFO ] ⏹️  Gossiping exited for 10 equal rounds.
[ 2026-04-18 07:50:46 | node | INFO ] 🔬 Evaluating...
[ 2026-04-18 07:50:46 | node | INFO ] 📈 Evaluated. Results: {'test_loss': 2.2630374431610107, 'test_acc': 0.35866260528564453, 'test_precision': 0.30130770802497864, 'test_recall': 0.1845262497663498, 'test_f1': 0.20144587755203247, 'communication_cost': 39526984}
[ 2026-04-18 07:50:46 | node | INFO ] 📢 Broadcasting metrics.
[ 2026-04-18 07:50:46 | node_12 | INFO ] 🧩 Model added for round 14 (3/12) from ['node_5']
[ 2026-04-18 07:50:46 | node_6 | INFO ] 🎉 Round 14 of 20 finished.
[ 2026-04-18 07:50:46 | node_6 | INFO ] 🗳️ [DETERMINISTIC] Train set assigned (No Voting). Size: 20
[ 2026-04-18 07:50:46 | node_6 | INFO ] ♻️ Proactively processing 2 early models for round 14.
[ 2026-04-18 07:50:46 | node_6 | INFO ] 🧩 Model added for round 14 (1/12) from ['node_3']
[ 2026-04-18 07:50:46 | node_6 | INFO ] 🧩 Model added for round 14 (2/12) from ['node_5']
[ 2026-04-18 07:50:46 | node_6 | INFO ] 🏋️‍♀️ Preparing training...
[ 2026-04-18 07:50:46 | node_16 | INFO ] 🎉 Round 14 of 20 finished.
[ 2026-04-18 07:50:47 | node_16 | INFO ] 🗳️ [DETERMINISTIC] Train set assigned (No Voting). Size: 20
[ 2026-04-18 07:50:47 | node_16 | INFO ] ♻️ Proactively processing 1 early models for round 14.
[ 2026-04-18 07:50:47 | node_16 | INFO ] 🧩 Model added for round 14 (1/8) from ['node_3']
[ 2026-04-18 07:50:47 | node_16 | INFO ] 🏋️‍♀️ Preparing training...
[ 2026-04-18 07:50:47 | node | INFO ] 🎉 Round 14 of 20 finished.
[ 2026-04-18 07:50:47 | node | INFO ] 🗳️ [DETERMINISTIC] Train set assigned (No Voting). Size: 20
[ 2026-04-18 07:50:47 | node | INFO ] ♻️ Proactively processing 2 early models for round 14.
[ 2026-04-18 07:50:47 | node | INFO ] 🧩 Model added for round 14 (1/8) from ['node_7']
[ 2026-04-18 07:50:47 | node | INFO ] 🧩 Model added for round 14 (2/8) from ['node_4']
[ 2026-04-18 07:50:47 | node | INFO ] 🏋️‍♀️ Preparing training...
[ 2026-04-18 07:50:47 | node_10 | INFO ] ⏹️  Gossiping exited for 10 equal rounds.
[ 2026-04-18 07:50:47 | node_10 | INFO ] 🔬 Evaluating...
[ 2026-04-18 07:50:47 | node_6 | INFO ] 🎓 Training step done.
[ 2026-04-18 07:50:47 | node_6 | INFO ] 🛠️ Calling force_add_local_model...
[ 2026-04-18 07:50:47 | node_16 | INFO ] 🎓 Training step done.
[ 2026-04-18 07:50:47 | node_6 | INFO ] ✅ [FORCE] Local model added for round 14. (3/12)
[ 2026-04-18 07:50:47 | node_16 | INFO ] 🛠️ Calling force_add_local_model...
[ 2026-04-18 07:50:47 | node_12 | INFO ] 📤 Sending model to 11 direct neighbors: ['node', 'node_2', 'node_5', 'node_6', 'node_7', 'node_10', 'node_11', 'node_14', 'node_15', 'node_17', 'node_18']
[ 2026-04-18 07:50:47 | node_16 | INFO ] ✅ [FORCE] Local model added for round 14. (2/8)
[ 2026-04-18 07:50:47 | node | INFO ] 🎓 Training step done.
[ 2026-04-18 07:50:47 | node | INFO ] 🛠️ Calling force_add_local_model...
[ 2026-04-18 07:50:48 | node_10 | INFO ] 📈 Evaluated. Results: {'test_loss': 5.165073394775391, 'test_acc': 0.07909604161977768, 'test_precision': 0.1980091631412506, 'test_recall': 0.09219628572463989, 'test_f1': 0.09462098032236099, 'communication_cost': 33880272}
[ 2026-04-18 07:50:48 | node | INFO ] ✅ [FORCE] Local model added for round 14. (3/8)
[ 2026-04-18 07:50:48 | node_10 | INFO ] 📢 Broadcasting metrics.
[ 2026-04-18 07:50:48 | node | INFO ] 🧩 Model added for round 14 (4/8) from ['node_12']
[ 2026-04-18 07:50:48 | node_11 | INFO ] ⏹️  Gossiping exited for 10 equal rounds.
[ 2026-04-18 07:50:48 | node_11 | INFO ] 🔬 Evaluating...
[ 2026-04-18 07:50:48 | node_11 | INFO ] 📈 Evaluated. Results: {'test_loss': 1.4628818035125732, 'test_acc': 0.4984709620475769, 'test_precision': 0.19617457687854767, 'test_recall': 0.11062252521514893, 'test_f1': 0.13716477155685425, 'communication_cost': 39526984}
[ 2026-04-18 07:50:48 | node_11 | INFO ] 📢 Broadcasting metrics.
[ 2026-04-18 07:50:48 | node_10 | INFO ] 🎉 Round 14 of 20 finished.
[ 2026-04-18 07:50:48 | node_10 | INFO ] 🗳️ [DETERMINISTIC] Train set assigned (No Voting). Size: 20
[ 2026-04-18 07:50:48 | node_10 | INFO ] 🏋️‍♀️ Preparing training...
[ 2026-04-18 07:50:48 | node_5 | INFO ] 🧩 Model added for round 14 (3/8) from ['node_12']
[ 2026-04-18 07:50:49 | node_11 | INFO ] 🎉 Round 14 of 20 finished.
[ 2026-04-18 07:50:49 | node_6 | INFO ] 🧩 Model added for round 14 (4/12) from ['node_12']
[ 2026-04-18 07:50:49 | node_11 | INFO ] 🗳️ [DETERMINISTIC] Train set assigned (No Voting). Size: 20
[ 2026-04-18 07:50:49 | node_11 | INFO ] ♻️ Proactively processing 3 early models for round 14.
[ 2026-04-18 07:50:49 | node_11 | INFO ] 🧩 Model added for round 14 (1/8) from ['node_3']
[ 2026-04-18 07:50:49 | node_11 | INFO ] 🧩 Model added for round 14 (2/8) from ['node_5']
[ 2026-04-18 07:50:49 | node_11 | INFO ] 🧩 Model added for round 14 (3/8) from ['node_4']
[ 2026-04-18 07:50:49 | node_11 | INFO ] 🏋️‍♀️ Preparing training...
[ 2026-04-18 07:50:49 | node_14 | INFO ] ⏹️  Gossiping exited for 10 equal rounds.
[ 2026-04-18 07:50:49 | node_14 | INFO ] 🔬 Evaluating...
[ 2026-04-18 07:50:49 | node_15 | INFO ] ⏹️  Gossiping exited for 10 equal rounds.
[ 2026-04-18 07:50:49 | node_15 | INFO ] 🔬 Evaluating...
[ 2026-04-18 07:50:49 | node_7 | INFO ] 🧩 Model added for round 14 (2/8) from ['node_12']
[ 2026-04-18 07:50:49 | node_14 | INFO ] 📈 Evaluated. Results: {'test_loss': 1.0314326286315918, 'test_acc': 0.7283950448036194, 'test_precision': 0.3253968358039856, 'test_recall': 0.3073861300945282, 'test_f1': 0.3058561682701111, 'communication_cost': 56467120}
[ 2026-04-18 07:50:49 | node_14 | INFO ] 📢 Broadcasting metrics.
[ 2026-04-18 07:50:49 | node_11 | INFO ] 🎓 Training step done.
[ 2026-04-18 07:50:49 | node_11 | INFO ] 🛠️ Calling force_add_local_model...
[ 2026-04-18 07:50:49 | node_11 | INFO ] ✅ [FORCE] Local model added for round 14. (4/8)
[ 2026-04-18 07:50:49 | node_15 | INFO ] 📈 Evaluated. Results: {'test_loss': 12.520837783813477, 'test_acc': 0.004201680887490511, 'test_precision': 0.07683073729276657, 'test_recall': 0.07683073729276657, 'test_f1': 0.07683073729276657, 'communication_cost': 45173696}
[ 2026-04-18 07:50:49 | node_15 | INFO ] 📢 Broadcasting metrics.
[ 2026-04-18 07:50:50 | node_10 | INFO ] 🎓 Training step done.
[ 2026-04-18 07:50:50 | node_10 | INFO ] 🛠️ Calling force_add_local_model...
[ 2026-04-18 07:50:50 | node_10 | INFO ] ✅ [FORCE] Local model added for round 14. (1/7)
[ 2026-04-18 07:50:50 | node_10 | INFO ] 🧩 Model added for round 14 (2/7) from ['node_12']
[ 2026-04-18 07:50:50 | node_11 | INFO ] 🧩 Model added for round 14 (5/8) from ['node_12']
[ 2026-04-18 07:50:50 | node_15 | INFO ] 🎉 Round 14 of 20 finished.
[ 2026-04-18 07:50:50 | node_15 | INFO ] 🗳️ [DETERMINISTIC] Train set assigned (No Voting). Size: 20
[ 2026-04-18 07:50:50 | node_14 | INFO ] 🎉 Round 14 of 20 finished.
[ 2026-04-18 07:50:50 | node_14 | INFO ] 🗳️ [DETERMINISTIC] Train set assigned (No Voting). Size: 20
[ 2026-04-18 07:50:50 | node_15 | INFO ] ♻️ Proactively processing 2 early models for round 14.
[ 2026-04-18 07:50:50 | node_15 | INFO ] 🧩 Model added for round 14 (1/9) from ['node_3']
[ 2026-04-18 07:50:50 | node_15 | INFO ] 🧩 Model added for round 14 (2/9) from ['node_7']
[ 2026-04-18 07:50:50 | node_14 | INFO ] ♻️ Proactively processing 2 early models for round 14.
[ 2026-04-18 07:50:50 | node_15 | INFO ] 🏋️‍♀️ Preparing training...
[ 2026-04-18 07:50:50 | node_14 | INFO ] 🧩 Model added for round 14 (1/11) from ['node_3']
[ 2026-04-18 07:50:50 | node_14 | INFO ] 🧩 Model added for round 14 (2/11) from ['node_5']
[ 2026-04-18 07:50:50 | node_14 | INFO ] 🏋️‍♀️ Preparing training...
[ 2026-04-18 07:50:50 | node_14 | INFO ] 🧩 Model added for round 14 (3/11) from ['node_12']
[ 2026-04-18 07:50:51 | node_15 | INFO ] 🧩 Model added for round 14 (3/9) from ['node_12']
[ 2026-04-18 07:50:51 | node_19 | INFO ] ⏹️  Gossiping exited for 10 equal rounds.
[ 2026-04-18 07:50:51 | node_19 | INFO ] 🔬 Evaluating...
[ 2026-04-18 07:50:51 | node_8 | INFO ] ⏹️  Gossiping exited for 10 equal rounds.
[ 2026-04-18 07:50:51 | node_8 | INFO ] 🔬 Evaluating...
[ 2026-04-18 07:50:51 | node_19 | INFO ] 📈 Evaluated. Results: {'test_loss': 5.206170082092285, 'test_acc': 0.2914171516895294, 'test_precision': 0.27623140811920166, 'test_recall': 0.16654103994369507, 'test_f1': 0.13386812806129456, 'communication_cost': 33880272}
[ 2026-04-18 07:50:51 | node_19 | INFO ] 📢 Broadcasting metrics.
[ 2026-04-18 07:50:51 | node_8 | INFO ] 📈 Evaluated. Results: {'test_loss': 0.5939538478851318, 'test_acc': 0.8032786846160889, 'test_precision': 0.25646260380744934, 'test_recall': 0.20299144089221954, 'test_f1': 0.22324377298355103, 'communication_cost': 56467120}
[ 2026-04-18 07:50:51 | node_8 | INFO ] 📢 Broadcasting metrics.
[ 2026-04-18 07:50:52 | node_19 | INFO ] 🎉 Round 14 of 20 finished.
[ 2026-04-18 07:50:52 | node_19 | INFO ] 🗳️ [DETERMINISTIC] Train set assigned (No Voting). Size: 20
[ 2026-04-18 07:50:52 | node_19 | INFO ] ♻️ Proactively processing 2 early models for round 14.
[ 2026-04-18 07:50:52 | node_19 | INFO ] 🧩 Model added for round 14 (1/7) from ['node_4']
[ 2026-04-18 07:50:52 | node_19 | INFO ] 🧩 Model added for round 14 (2/7) from ['node_5']
[ 2026-04-18 07:50:52 | node_19 | INFO ] 🏋️‍♀️ Preparing training...
[ 2026-04-18 07:50:52 | node_14 | INFO ] 🎓 Training step done.
[ 2026-04-18 07:50:52 | node_8 | INFO ] 🎉 Round 14 of 20 finished.
[ 2026-04-18 07:50:52 | node_14 | INFO ] 🛠️ Calling force_add_local_model...
[ 2026-04-18 07:50:52 | node_8 | INFO ] 🗳️ [DETERMINISTIC] Train set assigned (No Voting). Size: 20
[ 2026-04-18 07:50:52 | node_8 | INFO ] ♻️ Proactively processing 2 early models for round 14.
[ 2026-04-18 07:50:52 | node_14 | INFO ] ✅ [FORCE] Local model added for round 14. (4/11)
[ 2026-04-18 07:50:52 | node_8 | INFO ] 🧩 Model added for round 14 (1/11) from ['node_3']
[ 2026-04-18 07:50:52 | node_15 | INFO ] 🎓 Training step done.
[ 2026-04-18 07:50:52 | node_6 | INFO ] 📤 Sending model to 11 direct neighbors: ['node_1', 'node_3', 'node_5', 'node_9', 'node_10', 'node_12', 'node_13', 'node_14', 'node_15', 'node_17', 'node_18']
[ 2026-04-18 07:50:52 | node_19 | INFO ] 🎓 Training step done.
[ 2026-04-18 07:50:52 | node_8 | INFO ] 🧩 Model added for round 14 (2/11) from ['node_7']
[ 2026-04-18 07:50:52 | node_15 | INFO ] 🛠️ Calling force_add_local_model...
[ 2026-04-18 07:50:52 | node_19 | INFO ] 🛠️ Calling force_add_local_model...
[ 2026-04-18 07:50:52 | node_8 | INFO ] 🏋️‍♀️ Preparing training...
[ 2026-04-18 07:50:52 | node_15 | INFO ] ✅ [FORCE] Local model added for round 14. (4/9)
[ 2026-04-18 07:50:52 | node_16 | INFO ] 📤 Sending model to 7 direct neighbors: ['node', 'node_1', 'node_3', 'node_9', 'node_10', 'node_14', 'node_19']
[ 2026-04-18 07:50:53 | node | INFO ] 📤 Sending model to 7 direct neighbors: ['node_4', 'node_7', 'node_8', 'node_12', 'node_14', 'node_16', 'node_18']
[ 2026-04-18 07:50:53 | node_19 | INFO ] ✅ [FORCE] Local model added for round 14. (3/7)
[ 2026-04-18 07:50:53 | node_4 | INFO ] 🧩 Model added for round 14 (3/8) from ['node']
[ 2026-04-18 07:50:53 | node | INFO ] 🧩 Model added for round 14 (5/8) from ['node_16']
[ 2026-04-18 07:50:53 | node_3 | INFO ] 🧩 Model added for round 14 (2/8) from ['node_6']
[ 2026-04-18 07:50:53 | node_7 | INFO ] 🧩 Model added for round 14 (3/8) from ['node']
[ 2026-04-18 07:50:53 | node_5 | INFO ] 🧩 Model added for round 14 (4/8) from ['node_6']
[ 2026-04-18 07:50:53 | node_8 | INFO ] 🎓 Training step done.
[ 2026-04-18 07:50:53 | node_8 | INFO ] 🛠️ Calling force_add_local_model...
[ 2026-04-18 07:50:53 | node_3 | INFO ] 🧩 Model added for round 14 (3/8) from ['node_16']
[ 2026-04-18 07:50:53 | node_8 | INFO ] ✅ [FORCE] Local model added for round 14. (3/11)
[ 2026-04-18 07:50:54 | node_9 | INFO ] ⏹️  Gossiping exited for 10 equal rounds.
[ 2026-04-18 07:50:54 | node_9 | INFO ] 🔬 Evaluating...
[ 2026-04-18 07:50:54 | node_8 | INFO ] 🧩 Model added for round 14 (4/11) from ['node']
[ 2026-04-18 07:50:54 | node_9 | INFO ] 📈 Evaluated. Results: {'test_loss': 0.7271624207496643, 'test_acc': 0.7734375, 'test_precision': 0.24834835529327393, 'test_recall': 0.18209092319011688, 'test_f1': 0.19877813756465912, 'communication_cost': 39526984}
[ 2026-04-18 07:50:54 | node_9 | INFO ] 📢 Broadcasting metrics.
[ 2026-04-18 07:50:54 | node_10 | INFO ] 🧩 Model added for round 14 (3/7) from ['node_6']
[ 2026-04-18 07:50:54 | node_10 | INFO ] 🧩 Model added for round 14 (4/7) from ['node_16']
[ 2026-04-18 07:50:54 | node_12 | INFO ] 🧩 Model added for round 14 (4/12) from ['node']
[ 2026-04-18 07:50:54 | node_12 | INFO ] 🧩 Model added for round 14 (5/12) from ['node_6']
[ 2026-04-18 07:50:54 | node_14 | INFO ] 🧩 Model added for round 14 (5/11) from ['node_16']
[ 2026-04-18 07:50:54 | node_11 | INFO ] 📤 Sending model to 7 direct neighbors: ['node_1', 'node_2', 'node_3', 'node_4', 'node_5', 'node_8', 'node_12']
[ 2026-04-18 07:50:55 | node_10 | INFO ] 📤 Sending model to 6 direct neighbors: ['node_6', 'node_8', 'node_9', 'node_12', 'node_16', 'node_19']
[ 2026-04-18 07:50:55 | node_9 | INFO ] 🎉 Round 14 of 20 finished.
[ 2026-04-18 07:50:55 | node_9 | INFO ] 🗳️ [DETERMINISTIC] Train set assigned (No Voting). Size: 20
[ 2026-04-18 07:50:55 | node_9 | INFO ] ♻️ Proactively processing 3 early models for round 14.
[ 2026-04-18 07:50:55 | node_9 | INFO ] 🧩 Model added for round 14 (1/8) from ['node_7']
[ 2026-04-18 07:50:55 | node_9 | INFO ] 🧩 Model added for round 14 (2/8) from ['node_16']
[ 2026-04-18 07:50:55 | node_9 | INFO ] 🧩 Model added for round 14 (3/8) from ['node_6']
[ 2026-04-18 07:50:55 | node_9 | INFO ] 🏋️‍♀️ Preparing training...
[ 2026-04-18 07:50:55 | node_14 | INFO ] 🧩 Model added for round 14 (6/11) from ['node']
[ 2026-04-18 07:50:55 | node_6 | INFO ] 🧩 Model added for round 14 (5/12) from ['node_10']
[ 2026-04-18 07:50:55 | node_19 | INFO ] 🧩 Model added for round 14 (4/7) from ['node_16']
[ 2026-04-18 07:50:55 | node_14 | INFO ] 🧩 Model added for round 14 (7/11) from ['node_6']
[ 2026-04-18 07:50:55 | node_3 | INFO ] 🧩 Model added for round 14 (4/8) from ['node_11']
[ 2026-04-18 07:50:55 | node_16 | INFO ] 🧩 Model added for round 14 (3/8) from ['node']
[ 2026-04-18 07:50:55 | node_9 | INFO ] 🎓 Training step done.
[ 2026-04-18 07:50:55 | node_9 | INFO ] 🛠️ Calling force_add_local_model...
[ 2026-04-18 07:50:55 | node_8 | INFO ] 🧩 Model added for round 14 (5/11) from ['node_10']
[ 2026-04-18 07:50:55 | node_9 | INFO ] ✅ [FORCE] Local model added for round 14. (4/8)
[ 2026-04-18 07:50:56 | node_15 | INFO ] 🧩 Model added for round 14 (5/9) from ['node_6']
[ 2026-04-18 07:50:56 | node_4 | INFO ] 🧩 Model added for round 14 (4/8) from ['node_11']
[ 2026-04-18 07:50:56 | node_9 | INFO ] 🧩 Model added for round 14 (5/8) from ['node_10']
[ 2026-04-18 07:50:56 | node_5 | INFO ] 🧩 Model added for round 14 (5/8) from ['node_11']
[ 2026-04-18 07:50:56 | node_12 | INFO ] 🧩 Model added for round 14 (6/12) from ['node_10']
[ 2026-04-18 07:50:57 | node_8 | INFO ] 🧩 Model added for round 14 (6/11) from ['node_11']
[ 2026-04-18 07:50:57 | node_16 | INFO ] 🧩 Model added for round 14 (4/8) from ['node_10']
[ 2026-04-18 07:50:57 | node_12 | INFO ] 🧩 Model added for round 14 (7/12) from ['node_11']
[ 2026-04-18 07:50:57 | node_19 | INFO ] 🧩 Model added for round 14 (5/7) from ['node_10']
[ 2026-04-18 07:50:57 | node_14 | INFO ] 📤 Sending model to 10 direct neighbors: ['node', 'node_1', 'node_2', 'node_3', 'node_5', 'node_6', 'node_8', 'node_12', 'node_16', 'node_17']
[ 2026-04-18 07:50:57 | node_15 | INFO ] 📤 Sending model to 8 direct neighbors: ['node_1', 'node_2', 'node_3', 'node_6', 'node_7', 'node_8', 'node_12', 'node_19']
[ 2026-04-18 07:50:58 | node_19 | INFO ] 📤 Sending model to 6 direct neighbors: ['node_4', 'node_5', 'node_8', 'node_10', 'node_15', 'node_16']
[ 2026-04-18 07:50:58 | node_13 | INFO ] ⏹️  Gossiping exited for 10 equal rounds.
[ 2026-04-18 07:50:58 | node_13 | INFO ] 🔬 Evaluating...
[ 2026-04-18 07:50:58 | node | INFO ] 🧩 Model added for round 14 (6/8) from ['node_14']
[ 2026-04-18 07:50:58 | node_8 | INFO ] 📤 Sending model to 10 direct neighbors: ['node', 'node_3', 'node_7', 'node_10', 'node_11', 'node_14', 'node_15', 'node_17', 'node_18', 'node_19']
[ 2026-04-18 07:50:59 | node_4 | INFO ] 🧩 Model added for round 14 (5/8) from ['node_19']
[ 2026-04-18 07:50:59 | node_13 | INFO ] 📈 Evaluated. Results: {'test_loss': 5.212932109832764, 'test_acc': 0.1483253538608551, 'test_precision': 0.41917210817337036, 'test_recall': 0.3434208035469055, 'test_f1': 0.2601597011089325, 'communication_cost': 45173696}
[ 2026-04-18 07:50:59 | node_13 | INFO ] 📢 Broadcasting metrics.
[ 2026-04-18 07:50:59 | node | INFO ] 🧩 Model added for round 14 (7/8) from ['node_8']
[ 2026-04-18 07:50:59 | node_5 | INFO ] 🧩 Model added for round 14 (6/8) from ['node_19']
[ 2026-04-18 07:50:59 | node_3 | INFO ] 🧩 Model added for round 14 (5/8) from ['node_8']
[ 2026-04-18 07:50:59 | node_3 | INFO ] 🧩 Model added for round 14 (6/8) from ['node_14']
[ 2026-04-18 07:50:59 | node_13 | INFO ] 🎉 Round 14 of 20 finished.
[ 2026-04-18 07:50:59 | node_13 | INFO ] 🗳️ [DETERMINISTIC] Train set assigned (No Voting). Size: 20
[ 2026-04-18 07:50:59 | node_13 | INFO ] ♻️ Proactively processing 3 early models for round 14.
[ 2026-04-18 07:51:00 | node_13 | INFO ] 🧩 Model added for round 14 (1/9) from ['node_7']
[ 2026-04-18 07:51:00 | node_13 | INFO ] 🧩 Model added for round 14 (2/9) from ['node_5']
[ 2026-04-18 07:51:00 | node_7 | INFO ] 🧩 Model added for round 14 (4/8) from ['node_8']
[ 2026-04-18 07:51:00 | node_13 | INFO ] 🧩 Model added for round 14 (3/9) from ['node_6']
[ 2026-04-18 07:51:00 | node_13 | INFO ] 🏋️‍♀️ Preparing training...
[ 2026-04-18 07:51:00 | node_8 | INFO ] 🧩 Model added for round 14 (7/11) from ['node_19']
[ 2026-04-18 07:51:00 | node_5 | INFO ] 🧩 Model added for round 14 (7/8) from ['node_14']
[ 2026-04-18 07:51:00 | node_10 | INFO ] 🧩 Model added for round 14 (5/7) from ['node_8']
[ 2026-04-18 07:51:00 | node_10 | INFO ] 🧩 Model added for round 14 (6/7) from ['node_19']
[ 2026-04-18 07:51:00 | node_6 | INFO ] 🧩 Model added for round 14 (6/12) from ['node_14']
[ 2026-04-18 07:51:00 | node_13 | INFO ] 🎓 Training step done.
[ 2026-04-18 07:51:00 | node_13 | INFO ] 🛠️ Calling force_add_local_model...
[ 2026-04-18 07:51:00 | node_13 | INFO ] ✅ [FORCE] Local model added for round 14. (4/9)
[ 2026-04-18 07:51:00 | node_11 | INFO ] 🧩 Model added for round 14 (6/8) from ['node_8']
[ 2026-04-18 07:51:00 | node_15 | INFO ] 🧩 Model added for round 14 (6/9) from ['node_19']
[ 2026-04-18 07:51:00 | node_9 | INFO ] 📤 Sending model to 7 direct neighbors: ['node_6', 'node_7', 'node_10', 'node_13', 'node_16', 'node_17', 'node_18']
[ 2026-04-18 07:51:01 | node_8 | INFO ] 🧩 Model added for round 14 (8/11) from ['node_14']
[ 2026-04-18 07:51:01 | node_14 | INFO ] 🧩 Model added for round 14 (8/11) from ['node_8']
[ 2026-04-18 07:51:01 | node_16 | INFO ] 🧩 Model added for round 14 (5/8) from ['node_19']
[ 2026-04-18 07:51:01 | node_6 | INFO ] 🧩 Model added for round 14 (7/12) from ['node_9']
[ 2026-04-18 07:51:01 | node_12 | INFO ] 🧩 Model added for round 14 (8/12) from ['node_14']
[ 2026-04-18 07:51:01 | node_1 | INFO ] ⏹️  Gossiping exited for 10 equal rounds.
[ 2026-04-18 07:51:01 | node_1 | INFO ] 🔬 Evaluating...
[ 2026-04-18 07:51:01 | node_15 | INFO ] 🧩 Model added for round 14 (7/9) from ['node_8']
[ 2026-04-18 07:51:01 | node_7 | INFO ] 🧩 Model added for round 14 (5/8) from ['node_9']
[ 2026-04-18 07:51:01 | node_1 | INFO ] 📈 Evaluated. Results: {'test_loss': 1.3991279602050781, 'test_acc': 0.5850694179534912, 'test_precision': 0.24287718534469604, 'test_recall': 0.1719069629907608, 'test_f1': 0.1831192821264267, 'communication_cost': 50820408}
[ 2026-04-18 07:51:01 | node_1 | INFO ] 📢 Broadcasting metrics.
[ 2026-04-18 07:51:02 | node_16 | INFO ] 🧩 Model added for round 14 (6/8) from ['node_14']
[ 2026-04-18 07:51:02 | node_10 | INFO ] 🧩 Model added for round 14 (7/7) from ['node_9']
[ 2026-04-18 07:51:02 | node_19 | INFO ] 🧩 Model added for round 14 (6/7) from ['node_8']
[ 2026-04-18 07:51:02 | node_13 | INFO ] 🧩 Model added for round 14 (5/9) from ['node_9']
[ 2026-04-18 07:51:02 | ModelPackager | INFO ] Round 14: Consensus detected (dist: 0.000593). Patience: 1/1
[ 2026-04-18 07:51:02 | node_17 | INFO ] ⏹️  Gossiping exited for 10 equal rounds.
[ 2026-04-18 07:51:02 | node_17 | INFO ] 🔬 Evaluating...
[ 2026-04-18 07:51:03 | node_1 | INFO ] 🎉 Round 14 of 20 finished.
[ 2026-04-18 07:51:03 | node_1 | INFO ] 🗳️ [DETERMINISTIC] Train set assigned (No Voting). Size: 20
[ 2026-04-18 07:51:03 | node_1 | INFO ] ♻️ Proactively processing 6 early models for round 14.
[ 2026-04-18 07:51:03 | node_1 | INFO ] 🧩 Model added for round 14 (1/10) from ['node_7']
[ 2026-04-18 07:51:03 | node_1 | INFO ] 🧩 Model added for round 14 (2/10) from ['node_6']
[ 2026-04-18 07:51:03 | node_1 | INFO ] 🧩 Model added for round 14 (3/10) from ['node_16']
[ 2026-04-18 07:51:03 | node_1 | INFO ] 🧩 Model added for round 14 (4/10) from ['node_11']
[ 2026-04-18 07:51:03 | node_1 | INFO ] 🧩 Model added for round 14 (5/10) from ['node_14']
[ 2026-04-18 07:51:03 | node_1 | INFO ] 🧩 Model added for round 14 (6/10) from ['node_15']
[ 2026-04-18 07:51:03 | node_1 | INFO ] 🏋️‍♀️ Preparing training...
[ 2026-04-18 07:51:03 | node_17 | INFO ] 📈 Evaluated. Results: {'test_loss': 2.576648235321045, 'test_acc': 0.39444443583488464, 'test_precision': 0.2483782023191452, 'test_recall': 0.09970471262931824, 'test_f1': 0.10819001495838165, 'communication_cost': 45173696}
[ 2026-04-18 07:51:03 | node_17 | INFO ] 📢 Broadcasting metrics.
[ 2026-04-18 07:51:03 | node_10 | INFO ] 🧠 Aggregation complete. Setting new model.
[ 2026-04-18 07:51:03 | node_16 | INFO ] 🧩 Model added for round 14 (7/8) from ['node_9']
[ 2026-04-18 07:51:03 | node_10 | INFO ] 🗣️ Gossiping aggregated model.
[ 2026-04-18 07:51:03 | node_3 | INFO ] 🧩 Model added for round 14 (7/8) from ['node_15']
[ 2026-04-18 07:51:03 | node_17 | INFO ] 🎉 Round 14 of 20 finished.
[ 2026-04-18 07:51:03 | node_17 | INFO ] 🗳️ [DETERMINISTIC] Train set assigned (No Voting). Size: 20
[ 2026-04-18 07:51:03 | node_17 | INFO ] ♻️ Proactively processing 6 early models for round 14.
[ 2026-04-18 07:51:03 | node_17 | INFO ] 🧩 Model added for round 14 (1/9) from ['node_4']
[ 2026-04-18 07:51:03 | node_17 | INFO ] 🧩 Model added for round 14 (2/9) from ['node_12']
[ 2026-04-18 07:51:03 | node_17 | INFO ] 🧩 Model added for round 14 (3/9) from ['node_6']
[ 2026-04-18 07:51:03 | node_6 | INFO ] 🧩 Model added for round 14 (8/12) from ['node_15']
[ 2026-04-18 07:51:03 | node_17 | INFO ] 🧩 Model added for round 14 (4/9) from ['node_8']
[ 2026-04-18 07:51:03 | node_17 | INFO ] 🧩 Model added for round 14 (5/9) from ['node_14']
[ 2026-04-18 07:51:03 | node_17 | INFO ] 🧩 Model added for round 14 (6/9) from ['node_9']
[ 2026-04-18 07:51:04 | node_17 | INFO ] 🏋️‍♀️ Preparing training...
[ 2026-04-18 07:51:04 | node_1 | INFO ] 🎓 Training step done.
[ 2026-04-18 07:51:04 | node_1 | INFO ] 🛠️ Calling force_add_local_model...
[ 2026-04-18 07:51:04 | node_1 | INFO ] ✅ [FORCE] Local model added for round 14. (7/10)
[ 2026-04-18 07:51:04 | node_18 | INFO ] ⏹️  Gossiping exited for 10 equal rounds.
[ 2026-04-18 07:51:04 | node_18 | INFO ] 🔬 Evaluating...
[ 2026-04-18 07:51:04 | node_7 | INFO ] 🧩 Model added for round 14 (6/8) from ['node_15']
[ 2026-04-18 07:51:04 | node_18 | INFO ] 📈 Evaluated. Results: {'test_loss': 0.5918805003166199, 'test_acc': 0.7827814817428589, 'test_precision': 0.28064632415771484, 'test_recall': 0.2236163467168808, 'test_f1': 0.24371659755706787, 'communication_cost': 50820408}
[ 2026-04-18 07:51:04 | node_18 | INFO ] 📢 Broadcasting metrics.
[ 2026-04-18 07:51:04 | node_17 | INFO ] 🎓 Training step done.
[ 2026-04-18 07:51:04 | node_8 | INFO ] 🧩 Model added for round 14 (9/11) from ['node_15']
[ 2026-04-18 07:51:04 | node_17 | INFO ] 🛠️ Calling force_add_local_model...
[ 2026-04-18 07:51:04 | node_17 | INFO ] ✅ [FORCE] Local model added for round 14. (7/9)
[ 2026-04-18 07:51:05 | node_12 | INFO ] 🧩 Model added for round 14 (9/12) from ['node_15']
[ 2026-04-18 07:51:05 | node_18 | INFO ] 🎉 Round 14 of 20 finished.
[ 2026-04-18 07:51:05 | node_18 | INFO ] 🗳️ [DETERMINISTIC] Train set assigned (No Voting). Size: 20
[ 2026-04-18 07:51:05 | node_18 | INFO ] ♻️ Proactively processing 6 early models for round 14.
[ 2026-04-18 07:51:05 | node_18 | INFO ] 🧩 Model added for round 14 (1/10) from ['node_4']
[ 2026-04-18 07:51:05 | node_18 | INFO ] 🧩 Model added for round 14 (2/10) from ['node_12']
[ 2026-04-18 07:51:05 | node_18 | INFO ] 🧩 Model added for round 14 (3/10) from ['node']
[ 2026-04-18 07:51:05 | node_18 | INFO ] 🧩 Model added for round 14 (4/10) from ['node_6']
[ 2026-04-18 07:51:05 | node_18 | INFO ] 🧩 Model added for round 14 (5/10) from ['node_8']
[ 2026-04-18 07:51:05 | node_18 | INFO ] 🧩 Model added for round 14 (6/10) from ['node_9']
[ 2026-04-18 07:51:05 | node_18 | INFO ] 🏋️‍♀️ Preparing training...
[ 2026-04-18 07:51:05 | node_19 | INFO ] 🧩 Model added for round 14 (7/7) from ['node_15']
[ 2026-04-18 07:51:05 | node_13 | INFO ] 📤 Sending model to 8 direct neighbors: ['node_1', 'node_2', 'node_5', 'node_6', 'node_7', 'node_9', 'node_17', 'node_18']
[ 2026-04-18 07:51:06 | node_1 | INFO ] 🧩 Model added for round 14 (8/10) from ['node_13']
[ 2026-04-18 07:51:06 | ModelPackager | INFO ] Round 14: Consensus detected (dist: 0.000668). Patience: 1/1
[ 2026-04-18 07:51:06 | node_19 | INFO ] 🧠 Aggregation complete. Setting new model.
[ 2026-04-18 07:51:06 | node_19 | INFO ] 🗣️ Gossiping aggregated model.
[ 2026-04-18 07:51:06 | node_5 | INFO ] 🧩 Model added for round 14 (8/8) from ['node_13']
[ 2026-04-18 07:51:06 | node_6 | INFO ] 🧩 Model added for round 14 (9/12) from ['node_13']
[ 2026-04-18 07:51:07 | node_18 | INFO ] 🎓 Training step done.
[ 2026-04-18 07:51:07 | node_18 | INFO ] 🛠️ Calling force_add_local_model...
[ 2026-04-18 07:51:07 | node_18 | INFO ] ✅ [FORCE] Local model added for round 14. (7/10)
[ 2026-04-18 07:51:07 | ModelPackager | INFO ] Round 14: Consensus detected (dist: 0.000526). Patience: 1/1
[ 2026-04-18 07:51:07 | node_5 | INFO ] 🧠 Aggregation complete. Setting new model.
[ 2026-04-18 07:51:07 | node_7 | INFO ] 🧩 Model added for round 14 (7/8) from ['node_13']
[ 2026-04-18 07:51:07 | node_5 | INFO ] 🗣️ Gossiping aggregated model.
[ 2026-04-18 07:51:07 | node_9 | INFO ] 🧩 Model added for round 14 (6/8) from ['node_13']
[ 2026-04-18 07:51:07 | node_2 | INFO ] ⏹️  Gossiping exited for 10 equal rounds.
[ 2026-04-18 07:51:08 | node_2 | INFO ] 🔬 Evaluating...
[ 2026-04-18 07:51:08 | node_2 | INFO ] 📈 Evaluated. Results: {'test_loss': 0.5187650918960571, 'test_acc': 0.8623188138008118, 'test_precision': 0.27153658866882324, 'test_recall': 0.24010328948497772, 'test_f1': 0.2471674233675003, 'communication_cost': 45173696}
[ 2026-04-18 07:51:08 | node_2 | INFO ] 📢 Broadcasting metrics.
[ 2026-04-18 07:51:08 | node_17 | INFO ] 🧩 Model added for round 14 (8/9) from ['node_13']
[ 2026-04-18 07:51:08 | node_18 | INFO ] 🧩 Model added for round 14 (8/10) from ['node_13']
[ 2026-04-18 07:51:08 | node_2 | INFO ] 🎉 Round 14 of 20 finished.
[ 2026-04-18 07:51:08 | node_2 | INFO ] 🗳️ [DETERMINISTIC] Train set assigned (No Voting). Size: 20
[ 2026-04-18 07:51:08 | node_2 | INFO ] ♻️ Proactively processing 7 early models for round 14.
[ 2026-04-18 07:51:08 | node_2 | INFO ] 🧩 Model added for round 14 (1/9) from ['node_3']
[ 2026-04-18 07:51:08 | node_2 | INFO ] 🧩 Model added for round 14 (2/9) from ['node_4']
[ 2026-04-18 07:51:08 | node_2 | INFO ] 🧩 Model added for round 14 (3/9) from ['node_12']
[ 2026-04-18 07:51:08 | node_2 | INFO ] 🧩 Model added for round 14 (4/9) from ['node_11']
[ 2026-04-18 07:51:08 | node_2 | INFO ] 🧩 Model added for round 14 (5/9) from ['node_14']
[ 2026-04-18 07:51:08 | node_2 | INFO ] 🧩 Model added for round 14 (6/9) from ['node_15']
[ 2026-04-18 07:51:09 | node_2 | INFO ] 🧩 Model added for round 14 (7/9) from ['node_13']
[ 2026-04-18 07:51:09 | node_2 | INFO ] 🏋️‍♀️ Preparing training...
[ 2026-04-18 07:51:09 | node_1 | INFO ] 📤 Sending model to 9 direct neighbors: ['node_2', 'node_6', 'node_7', 'node_11', 'node_13', 'node_14', 'node_15', 'node_16', 'node_18']
[ 2026-04-18 07:51:09 | node_2 | INFO ] 🧩 Model added for round 14 (8/9) from ['node_1']
[ 2026-04-18 07:51:09 | node_2 | INFO ] 🎓 Training step done.
[ 2026-04-18 07:51:09 | node_2 | INFO ] 🛠️ Calling force_add_local_model...
[ 2026-04-18 07:51:09 | node_2 | INFO ] ✅ [FORCE] Local model added for round 14. (9/9)
[ 2026-04-18 07:51:09 | node_17 | INFO ] 📤 Sending model to 8 direct neighbors: ['node_4', 'node_6', 'node_8', 'node_9', 'node_12', 'node_13', 'node_14', 'node_18']
[ 2026-04-18 07:51:09 | node_6 | INFO ] 🧩 Model added for round 14 (10/12) from ['node_1']
[ 2026-04-18 07:51:10 | node_4 | INFO ] 🧩 Model added for round 14 (6/8) from ['node_17']
[ 2026-04-18 07:51:10 | node_7 | INFO ] 🧩 Model added for round 14 (8/8) from ['node_1']
[ 2026-04-18 07:51:10 | node_6 | INFO ] 🧩 Model added for round 14 (11/12) from ['node_17']
[ 2026-04-18 07:51:10 | node_11 | INFO ] 🧩 Model added for round 14 (7/8) from ['node_1']
[ 2026-04-18 07:51:10 | node_8 | INFO ] 🧩 Model added for round 14 (10/11) from ['node_17']
[ 2026-04-18 07:51:10 | ModelPackager | INFO ] Round 14: Consensus detected (dist: 0.000670). Patience: 1/1
[ 2026-04-18 07:51:11 | node_7 | INFO ] 🧠 Aggregation complete. Setting new model.
[ 2026-04-18 07:51:11 | node_7 | INFO ] 🗣️ Gossiping aggregated model.
[ 2026-04-18 07:51:11 | node_9 | INFO ] 🧩 Model added for round 14 (7/8) from ['node_17']
[ 2026-04-18 07:51:11 | node_13 | INFO ] 🧩 Model added for round 14 (6/9) from ['node_1']
[ 2026-04-18 07:51:11 | node_14 | INFO ] 🧩 Model added for round 14 (9/11) from ['node_1']
[ 2026-04-18 07:51:11 | node_12 | INFO ] 🧩 Model added for round 14 (10/12) from ['node_17']
[ 2026-04-18 07:51:12 | node_18 | INFO ] 📤 Sending model to 9 direct neighbors: ['node', 'node_1', 'node_4', 'node_6', 'node_8', 'node_9', 'node_12', 'node_13', 'node_17']
[ 2026-04-18 07:51:12 | node_15 | INFO ] 🧩 Model added for round 14 (8/9) from ['node_1']
[ 2026-04-18 07:51:12 | node_13 | INFO ] 🧩 Model added for round 14 (7/9) from ['node_17']
[ 2026-04-18 07:51:12 | node | INFO ] 🧩 Model added for round 14 (8/8) from ['node_18']
[ 2026-04-18 07:51:12 | node_16 | INFO ] 🧩 Model added for round 14 (8/8) from ['node_1']
[ 2026-04-18 07:51:12 | node_14 | INFO ] 🧩 Model added for round 14 (10/11) from ['node_17']
[ 2026-04-18 07:51:12 | node_1 | INFO ] 🧩 Model added for round 14 (9/10) from ['node_18']
[ 2026-04-18 07:51:13 | node_18 | INFO ] 🧩 Model added for round 14 (9/10) from ['node_1']
[ 2026-04-18 07:51:13 | node_18 | INFO ] 🧩 Model added for round 14 (10/10) from ['node_17']
[ 2026-04-18 07:51:13 | node_4 | INFO ] 🧩 Model added for round 14 (7/8) from ['node_18']
[ 2026-04-18 07:51:13 | ModelPackager | INFO ] Round 14: Consensus detected (dist: 0.000609). Patience: 1/1
[ 2026-04-18 07:51:13 | ModelPackager | INFO ] Round 14: Consensus detected (dist: 0.000596). Patience: 1/1
[ 2026-04-18 07:51:13 | ModelPackager | INFO ] 🌟 Node node is AUTHORIZED. Starting packaging & push...
[ 2026-04-18 07:51:13 | node_6 | INFO ] 🧩 Model added for round 14 (12/12) from ['node_18']
[ 2026-04-18 07:51:13 | node | INFO ] 🧠 Aggregation complete. Setting new model.
[ 2026-04-18 07:51:14 | node | INFO ] 🗣️ Gossiping aggregated model.
[ 2026-04-18 07:51:14 | node_16 | INFO ] 🧠 Aggregation complete. Setting new model.
[ 2026-04-18 07:51:14 | node_16 | INFO ] 🗣️ Gossiping aggregated model.
[ 2026-04-18 07:51:14 | node_8 | INFO ] 🧩 Model added for round 14 (11/11) from ['node_18']
[ 2026-04-18 07:51:14 | ModelPackager | INFO ] Round 14: Consensus detected (dist: 0.000723). Patience: 1/1
[ 2026-04-18 07:51:14 | ModelPackager | INFO ] Round 14: Consensus detected (dist: 0.000760). Patience: 1/1
[ 2026-04-18 07:51:14 | node_2 | INFO ] 📤 Sending model to 8 direct neighbors: ['node_1', 'node_3', 'node_4', 'node_11', 'node_12', 'node_13', 'node_14', 'node_15']
[ 2026-04-18 07:51:15 | node_1 | INFO ] 🧩 Model added for round 14 (10/10) from ['node_2']
[ 2026-04-18 07:51:15 | node_6 | INFO ] 🧠 Aggregation complete. Setting new model.
[ 2026-04-18 07:51:15 | node_9 | INFO ] 🧩 Model added for round 14 (8/8) from ['node_18']
[ 2026-04-18 07:51:15 | node_8 | INFO ] 🧠 Aggregation complete. Setting new model.
[ 2026-04-18 07:51:15 | node_6 | INFO ] 🗣️ Gossiping aggregated model.
[ 2026-04-18 07:51:15 | node_12 | INFO ] 🧩 Model added for round 14 (11/12) from ['node_18']
[ 2026-04-18 07:51:15 | node_8 | INFO ] 🗣️ Gossiping aggregated model.
[ 2026-04-18 07:51:15 | node_3 | INFO ] 🧩 Model added for round 14 (8/8) from ['node_2']
[ 2026-04-18 07:51:16 | ModelPackager | INFO ] Round 14: Consensus detected (dist: 0.000562). Patience: 1/1
[ 2026-04-18 07:51:16 | ModelPackager | INFO ] Round 14: Consensus detected (dist: 0.000702). Patience: 1/1
[ 2026-04-18 07:51:16 | ModelPackager | INFO ] Round 14: Consensus detected (dist: 0.000620). Patience: 1/1
[ 2026-04-18 07:51:16 | node_9 | INFO ] 🧠 Aggregation complete. Setting new model.
[ 2026-04-18 07:51:16 | node_4 | INFO ] 🧩 Model added for round 14 (8/8) from ['node_2']
[ 2026-04-18 07:51:16 | node_3 | INFO ] 🧠 Aggregation complete. Setting new model.
[ 2026-04-18 07:51:16 | node_13 | INFO ] 🧩 Model added for round 14 (8/9) from ['node_18']
[ 2026-04-18 07:51:16 | node_1 | INFO ] 🧠 Aggregation complete. Setting new model.
[ 2026-04-18 07:51:16 | node_3 | INFO ] 🗣️ Gossiping aggregated model.
[ 2026-04-18 07:51:16 | node_9 | INFO ] 🗣️ Gossiping aggregated model.
[ 2026-04-18 07:51:16 | node_11 | INFO ] 🧩 Model added for round 14 (8/8) from ['node_2']
[ 2026-04-18 07:51:16 | node_1 | INFO ] 🗣️ Gossiping aggregated model.
[ 2026-04-18 07:51:16 | node_17 | INFO ] 🧩 Model added for round 14 (9/9) from ['node_18']
[ 2026-04-18 07:51:17 | ModelPackager | INFO ] Round 14: Consensus detected (dist: 0.000561). Patience: 1/1
[ 2026-04-18 07:51:17 | ModelPackager | INFO ] Round 14: Consensus detected (dist: 0.000581). Patience: 1/1
[ 2026-04-18 07:51:17 | node_12 | INFO ] 🧩 Model added for round 14 (12/12) from ['node_2']
[ 2026-04-18 07:51:17 | node_17 | INFO ] 🧠 Aggregation complete. Setting new model.
[ 2026-04-18 07:51:17 | node_4 | INFO ] 🧠 Aggregation complete. Setting new model.
[ 2026-04-18 07:51:17 | node_17 | INFO ] 🗣️ Gossiping aggregated model.
[ 2026-04-18 07:51:17 | node_4 | INFO ] 🗣️ Gossiping aggregated model.
[ 2026-04-18 07:51:18 | ModelPackager | INFO ] Round 14: Consensus detected (dist: 0.000479). Patience: 1/1
[ 2026-04-18 07:51:18 | node_13 | INFO ] 🧩 Model added for round 14 (9/9) from ['node_2']
[ 2026-04-18 07:51:18 | node_11 | INFO ] 🧠 Aggregation complete. Setting new model.
[ 2026-04-18 07:51:18 | ModelPackager | INFO ] Round 14: Consensus detected (dist: 0.000525). Patience: 1/1
[ 2026-04-18 07:51:18 | ModelPackager | INFO ] Round 14: Consensus detected (dist: 0.000754). Patience: 1/1
[ 2026-04-18 07:51:18 | ModelPackager | INFO ] Round 14: Consensus detected (dist: 0.000588). Patience: 1/1
[ 2026-04-18 07:51:18 | node_11 | INFO ] 🗣️ Gossiping aggregated model.
[ 2026-04-18 07:51:18 | node_13 | INFO ] 🧠 Aggregation complete. Setting new model.
[ 2026-04-18 07:51:18 | node_18 | INFO ] 🧠 Aggregation complete. Setting new model.
[ 2026-04-18 07:51:18 | node_14 | INFO ] 🧩 Model added for round 14 (11/11) from ['node_2']
[ 2026-04-18 07:51:19 | node_13 | INFO ] 🗣️ Gossiping aggregated model.
[ 2026-04-18 07:51:19 | node_12 | INFO ] 🧠 Aggregation complete. Setting new model.
[ 2026-04-18 07:51:19 | node_18 | INFO ] 🗣️ Gossiping aggregated model.
[ 2026-04-18 07:51:19 | node_12 | INFO ] 🗣️ Gossiping aggregated model.
[ 2026-04-18 07:51:19 | node_15 | INFO ] 🧩 Model added for round 14 (9/9) from ['node_2']
[ 2026-04-18 07:51:19 | ModelPackager | INFO ] Round 14: Consensus detected (dist: 0.000528). Patience: 1/1
[ 2026-04-18 07:51:19 | ModelPackager | INFO ] Round 14: Consensus detected (dist: 0.000594). Patience: 1/1
[ 2026-04-18 07:51:19 | node_14 | INFO ] 🧠 Aggregation complete. Setting new model.
[ 2026-04-18 07:51:19 | node_15 | INFO ] 🧠 Aggregation complete. Setting new model.
[ 2026-04-18 07:51:20 | node_15 | INFO ] 🗣️ Gossiping aggregated model.
[ 2026-04-18 07:51:20 | node_14 | INFO ] 🗣️ Gossiping aggregated model.
[ 2026-04-18 07:51:20 | node_17 | INFO ] 🤫 Gossip finished.
[ 2026-04-18 07:51:20 | node_17 | INFO ] 🔬 Evaluating...
[ 2026-04-18 07:51:20 | node_17 | INFO ] 📈 Evaluated. Results: {'test_loss': 2.6791491508483887, 'test_acc': 0.39444443583488464, 'test_precision': 0.25800782442092896, 'test_recall': 0.09988990426063538, 'test_f1': 0.10855340212583542, 'communication_cost': 45173696}
[ 2026-04-18 07:51:20 | node_17 | INFO ] 📢 Broadcasting metrics.
[ 2026-04-18 07:51:21 | ModelPackager | INFO ] Round 14: Consensus detected (dist: 0.000619). Patience: 1/1
[ 2026-04-18 07:51:21 | node_17 | INFO ] 🎉 Round 15 of 20 finished.
[ 2026-04-18 07:51:21 | node_17 | INFO ] 🗳️ [DETERMINISTIC] Train set assigned (No Voting). Size: 20
[ 2026-04-18 07:51:21 | node_17 | INFO ] 🏋️‍♀️ Preparing training...
[ 2026-04-18 07:51:21 | node_2 | INFO ] 🧠 Aggregation complete. Setting new model.
[ 2026-04-18 07:51:21 | node_2 | INFO ] 🗣️ Gossiping aggregated model.
[ 2026-04-18 07:51:22 | node_17 | INFO ] 🎓 Training step done.
[ 2026-04-18 07:51:22 | node_17 | INFO ] 🛠️ Calling force_add_local_model...
[ 2026-04-18 07:51:22 | node_17 | INFO ] ✅ [FORCE] Local model added for round 15. (1/9)
[ 2026-04-18 07:51:27 | node_17 | INFO ] 📤 Sending model to 8 direct neighbors: ['node_4', 'node_6', 'node_8', 'node_9', 'node_12', 'node_13', 'node_14', 'node_18']
[ 2026-04-18 07:51:29 | node | INFO ] ⏹️  Gossiping exited for 10 equal rounds.
[ 2026-04-18 07:51:29 | node | INFO ] 🔬 Evaluating...
[ 2026-04-18 07:51:29 | node | INFO ] 📈 Evaluated. Results: {'test_loss': 2.2436935901641846, 'test_acc': 0.3677811622619629, 'test_precision': 0.3226141333580017, 'test_recall': 0.1865728199481964, 'test_f1': 0.20336279273033142, 'communication_cost': 39526984}
[ 2026-04-18 07:51:29 | node | INFO ] 📢 Broadcasting metrics.
[ 2026-04-18 07:51:29 | node_16 | INFO ] ⏹️  Gossiping exited for 10 equal rounds.
[ 2026-04-18 07:51:29 | node_16 | INFO ] 🔬 Evaluating...
[ 2026-04-18 07:51:29 | node_16 | INFO ] 📈 Evaluated. Results: {'test_loss': 2.4420387744903564, 'test_acc': 0.44594594836235046, 'test_precision': 0.3827160596847534, 'test_recall': 0.3141216039657593, 'test_f1': 0.29546523094177246, 'communication_cost': 39526984}
[ 2026-04-18 07:51:29 | node_16 | INFO ] 📢 Broadcasting metrics.
[ 2026-04-18 07:51:29 | node_10 | INFO ] ⏹️  Gossiping exited for 10 equal rounds.
[ 2026-04-18 07:51:29 | node_10 | INFO ] 🔬 Evaluating...
[ 2026-04-18 07:51:30 | node | INFO ] 🎉 Round 15 of 20 finished.
[ 2026-04-18 07:51:30 | node | INFO ] 🗳️ [DETERMINISTIC] Train set assigned (No Voting). Size: 20
[ 2026-04-18 07:51:30 | node | INFO ] 🏋️‍♀️ Preparing training...
[ 2026-04-18 07:51:30 | node_10 | INFO ] 📈 Evaluated. Results: {'test_loss': 4.67366886138916, 'test_acc': 0.0762711837887764, 'test_precision': 0.24105462431907654, 'test_recall': 0.08726605027914047, 'test_f1': 0.08970995247364044, 'communication_cost': 33880272}
[ 2026-04-18 07:51:30 | node_10 | INFO ] 📢 Broadcasting metrics.
[ 2026-04-18 07:51:30 | node_6 | INFO ] ⏹️  Gossiping exited for 10 equal rounds.
[ 2026-04-18 07:51:30 | node_8 | INFO ] ⏹️  Gossiping exited for 10 equal rounds.
[ 2026-04-18 07:51:30 | node_8 | INFO ] 🔬 Evaluating...
[ 2026-04-18 07:51:30 | node_6 | INFO ] 🔬 Evaluating...
[ 2026-04-18 07:51:30 | node_16 | INFO ] 🎉 Round 15 of 20 finished.
[ 2026-04-18 07:51:30 | node_16 | INFO ] 🗳️ [DETERMINISTIC] Train set assigned (No Voting). Size: 20
[ 2026-04-18 07:51:30 | node_16 | INFO ] 🏋️‍♀️ Preparing training...
[ 2026-04-18 07:51:30 | node | INFO ] 🎓 Training step done.
[ 2026-04-18 07:51:30 | node | INFO ] 🛠️ Calling force_add_local_model...
[ 2026-04-18 07:51:30 | node_8 | INFO ] 📈 Evaluated. Results: {'test_loss': 0.5558364987373352, 'test_acc': 0.8360655903816223, 'test_precision': 0.2900000214576721, 'test_recall': 0.22471509873867035, 'test_f1': 0.24883288145065308, 'communication_cost': 56467120}
[ 2026-04-18 07:51:30 | node | INFO ] ✅ [FORCE] Local model added for round 15. (1/8)
[ 2026-04-18 07:51:30 | node_8 | INFO ] 📢 Broadcasting metrics.
[ 2026-04-18 07:51:30 | node_6 | INFO ] 📈 Evaluated. Results: {'test_loss': 0.9835216999053955, 'test_acc': 0.6671743988990784, 'test_precision': 0.18774442374706268, 'test_recall': 0.1319810003042221, 'test_f1': 0.15329188108444214, 'communication_cost': 62113832}
[ 2026-04-18 07:51:31 | node_6 | INFO ] 📢 Broadcasting metrics.
[ 2026-04-18 07:51:31 | node_10 | INFO ] 🎉 Round 15 of 20 finished.
[ 2026-04-18 07:51:31 | node_10 | INFO ] 🗳️ [DETERMINISTIC] Train set assigned (No Voting). Size: 20
[ 2026-04-18 07:51:31 | node_10 | INFO ] 🏋️‍♀️ Preparing training...
[ 2026-04-18 07:51:31 | node_16 | INFO ] 🎓 Training step done.
[ 2026-04-18 07:51:31 | node_16 | INFO ] 🛠️ Calling force_add_local_model...
[ 2026-04-18 07:51:31 | node_16 | INFO ] ✅ [FORCE] Local model added for round 15. (1/8)
[ 2026-04-18 07:51:31 | node_1 | INFO ] ⏹️  Gossiping exited for 10 equal rounds.
[ 2026-04-18 07:51:31 | node_1 | INFO ] 🔬 Evaluating...
[ 2026-04-18 07:51:31 | node_9 | INFO ] ⏹️  Gossiping exited for 10 equal rounds.
[ 2026-04-18 07:51:32 | node_9 | INFO ] 🔬 Evaluating...
[ 2026-04-18 07:51:32 | node_1 | INFO ] 📈 Evaluated. Results: {'test_loss': 1.1572964191436768, 'test_acc': 0.6631944179534912, 'test_precision': 0.22526055574417114, 'test_recall': 0.17141708731651306, 'test_f1': 0.1800893098115921, 'communication_cost': 50820408}
[ 2026-04-18 07:51:32 | node_3 | INFO ] ⏹️  Gossiping exited for 10 equal rounds.
[ 2026-04-18 07:51:32 | node_8 | INFO ] 🎉 Round 15 of 20 finished.
[ 2026-04-18 07:51:32 | node_3 | INFO ] 🔬 Evaluating...
[ 2026-04-18 07:51:32 | node_1 | INFO ] 📢 Broadcasting metrics.
[ 2026-04-18 07:51:32 | node_8 | INFO ] 🗳️ [DETERMINISTIC] Train set assigned (No Voting). Size: 20
[ 2026-04-18 07:51:32 | node_8 | INFO ] ♻️ Proactively processing 1 early models for round 15.
[ 2026-04-18 07:51:32 | node_8 | INFO ] 🧩 Model added for round 15 (1/11) from ['node_17']
[ 2026-04-18 07:51:32 | node_8 | INFO ] 🏋️‍♀️ Preparing training...
[ 2026-04-18 07:51:32 | node_9 | INFO ] 📈 Evaluated. Results: {'test_loss': 0.7069487571716309, 'test_acc': 0.7799479365348816, 'test_precision': 0.24210526049137115, 'test_recall': 0.17759399116039276, 'test_f1': 0.19129399955272675, 'communication_cost': 39526984}
[ 2026-04-18 07:51:32 | node_9 | INFO ] 📢 Broadcasting metrics.
[ 2026-04-18 07:51:32 | node_6 | INFO ] 🎉 Round 15 of 20 finished.
[ 2026-04-18 07:51:32 | node_6 | INFO ] 🗳️ [DETERMINISTIC] Train set assigned (No Voting). Size: 20
[ 2026-04-18 07:51:32 | node_6 | INFO ] ♻️ Proactively processing 1 early models for round 15.
[ 2026-04-18 07:51:32 | node_6 | INFO ] 🧩 Model added for round 15 (1/12) from ['node_17']
[ 2026-04-18 07:51:32 | node_6 | INFO ] 🏋️‍♀️ Preparing training...
[ 2026-04-18 07:51:32 | node_3 | INFO ] 📈 Evaluated. Results: {'test_loss': 1.2787742614746094, 'test_acc': 0.6204081773757935, 'test_precision': 0.44704222679138184, 'test_recall': 0.30132734775543213, 'test_f1': 0.3311488926410675, 'communication_cost': 39526984}
[ 2026-04-18 07:51:32 | node_10 | INFO ] 🎓 Training step done.
[ 2026-04-18 07:51:32 | node_3 | INFO ] 📢 Broadcasting metrics.
[ 2026-04-18 07:51:32 | node_10 | INFO ] 🛠️ Calling force_add_local_model...
[ 2026-04-18 07:51:32 | node_10 | INFO ] ✅ [FORCE] Local model added for round 15. (1/7)
[ 2026-04-18 07:51:33 | node_4 | INFO ] ⏹️  Gossiping exited for 10 equal rounds.
[ 2026-04-18 07:51:33 | node_8 | INFO ] 🎓 Training step done.
[ 2026-04-18 07:51:33 | node_8 | INFO ] 🛠️ Calling force_add_local_model...
[ 2026-04-18 07:51:33 | node_4 | INFO ] 🔬 Evaluating...
[ 2026-04-18 07:51:33 | node_8 | INFO ] ✅ [FORCE] Local model added for round 15. (2/11)
[ 2026-04-18 07:51:33 | node_6 | INFO ] 🎓 Training step done.
[ 2026-04-18 07:51:33 | node_6 | INFO ] 🛠️ Calling force_add_local_model...
[ 2026-04-18 07:51:33 | node_9 | INFO ] 🎉 Round 15 of 20 finished.
[ 2026-04-18 07:51:33 | node_6 | INFO ] ✅ [FORCE] Local model added for round 15. (2/12)
[ 2026-04-18 07:51:33 | node_9 | INFO ] 🗳️ [DETERMINISTIC] Train set assigned (No Voting). Size: 20
[ 2026-04-18 07:51:33 | node_9 | INFO ] ♻️ Proactively processing 1 early models for round 15.
[ 2026-04-18 07:51:33 | node_3 | INFO ] 🎉 Round 15 of 20 finished.
[ 2026-04-18 07:51:33 | node_9 | INFO ] 🧩 Model added for round 15 (1/8) from ['node_17']
[ 2026-04-18 07:51:33 | node_9 | INFO ] 🏋️‍♀️ Preparing training...
[ 2026-04-18 07:51:33 | node_1 | INFO ] 🎉 Round 15 of 20 finished.
[ 2026-04-18 07:51:33 | node_3 | INFO ] 🗳️ [DETERMINISTIC] Train set assigned (No Voting). Size: 20
[ 2026-04-18 07:51:33 | node_3 | INFO ] 🏋️‍♀️ Preparing training...
[ 2026-04-18 07:51:33 | node_1 | INFO ] 🗳️ [DETERMINISTIC] Train set assigned (No Voting). Size: 20
[ 2026-04-18 07:51:33 | node_1 | INFO ] 🏋️‍♀️ Preparing training...
[ 2026-04-18 07:51:33 | node_4 | INFO ] 📈 Evaluated. Results: {'test_loss': 0.7014066576957703, 'test_acc': 0.7969653010368347, 'test_precision': 0.23013488948345184, 'test_recall': 0.1827998012304306, 'test_f1': 0.19966767728328705, 'communication_cost': 39526984}
[ 2026-04-18 07:51:33 | node_4 | INFO ] 📢 Broadcasting metrics.
[ 2026-04-18 07:51:33 | node_3 | INFO ] 🎓 Training step done.
[ 2026-04-18 07:51:33 | node_3 | INFO ] 🛠️ Calling force_add_local_model...
[ 2026-04-18 07:51:33 | node_3 | INFO ] ✅ [FORCE] Local model added for round 15. (1/8)
[ 2026-04-18 07:51:33 | node_12 | INFO ] ⏹️  Gossiping exited for 10 equal rounds.
[ 2026-04-18 07:51:33 | node_9 | INFO ] 🎓 Training step done.
[ 2026-04-18 07:51:33 | node_9 | INFO ] 🛠️ Calling force_add_local_model...
[ 2026-04-18 07:51:33 | node_12 | INFO ] 🔬 Evaluating...
[ 2026-04-18 07:51:33 | node_9 | INFO ] ✅ [FORCE] Local model added for round 15. (2/8)
[ 2026-04-18 07:51:34 | node_12 | INFO ] 📈 Evaluated. Results: {'test_loss': 0.6302574872970581, 'test_acc': 0.7957746386528015, 'test_precision': 0.3762226998806, 'test_recall': 0.25994667410850525, 'test_f1': 0.2950429916381836, 'communication_cost': 62113832}
[ 2026-04-18 07:51:34 | node_12 | INFO ] 📢 Broadcasting metrics.
[ 2026-04-18 07:51:34 | node_13 | INFO ] ⏹️  Gossiping exited for 10 equal rounds.
[ 2026-04-18 07:51:34 | node_13 | INFO ] 🔬 Evaluating...
[ 2026-04-18 07:51:34 | node_11 | INFO ] ⏹️  Gossiping exited for 10 equal rounds.
[ 2026-04-18 07:51:34 | node_18 | INFO ] ⏹️  Gossiping exited for 10 equal rounds.
[ 2026-04-18 07:51:34 | node_18 | INFO ] 🔬 Evaluating...
[ 2026-04-18 07:51:34 | node_11 | INFO ] 🔬 Evaluating...
[ 2026-04-18 07:51:34 | node_4 | INFO ] 🎉 Round 15 of 20 finished.
[ 2026-04-18 07:51:34 | node_13 | INFO ] 📈 Evaluated. Results: {'test_loss': 5.280062198638916, 'test_acc': 0.1483253538608551, 'test_precision': 0.41917210817337036, 'test_recall': 0.3434208035469055, 'test_f1': 0.2601597011089325, 'communication_cost': 45173696}
[ 2026-04-18 07:51:34 | node_4 | INFO ] 🗳️ [DETERMINISTIC] Train set assigned (No Voting). Size: 20
[ 2026-04-18 07:51:34 | node_4 | INFO ] ♻️ Proactively processing 1 early models for round 15.
[ 2026-04-18 07:51:34 | node_4 | INFO ] 🧩 Model added for round 15 (1/8) from ['node_17']
[ 2026-04-18 07:51:34 | node_4 | INFO ] 🏋️‍♀️ Preparing training...
[ 2026-04-18 07:51:34 | node_13 | INFO ] 📢 Broadcasting metrics.
[ 2026-04-18 07:51:34 | node_1 | INFO ] 🎓 Training step done.
[ 2026-04-18 07:51:34 | node_11 | INFO ] 📈 Evaluated. Results: {'test_loss': 1.542210578918457, 'test_acc': 0.46483179926872253, 'test_precision': 0.19538240134716034, 'test_recall': 0.10649006068706512, 'test_f1': 0.13236647844314575, 'communication_cost': 39526984}
[ 2026-04-18 07:51:34 | node_1 | INFO ] 🛠️ Calling force_add_local_model...
[ 2026-04-18 07:51:34 | node_1 | INFO ] ✅ [FORCE] Local model added for round 15. (1/10)
[ 2026-04-18 07:51:34 | node_11 | INFO ] 📢 Broadcasting metrics.
[ 2026-04-18 07:51:34 | node_18 | INFO ] 📈 Evaluated. Results: {'test_loss': 0.5347200632095337, 'test_acc': 0.8026490211486816, 'test_precision': 0.2941429615020752, 'test_recall': 0.2436979115009308, 'test_f1': 0.26241087913513184, 'communication_cost': 50820408}
[ 2026-04-18 07:51:34 | node_18 | INFO ] 📢 Broadcasting metrics.
[ 2026-04-18 07:51:34 | node_15 | INFO ] ⏹️  Gossiping exited for 10 equal rounds.
[ 2026-04-18 07:51:34 | node_15 | INFO ] 🔬 Evaluating...
[ 2026-04-18 07:51:34 | node_4 | INFO ] 🎓 Training step done.
[ 2026-04-18 07:51:34 | node_4 | INFO ] 🛠️ Calling force_add_local_model...
[ 2026-04-18 07:51:35 | node_4 | INFO ] ✅ [FORCE] Local model added for round 15. (2/8)
[ 2026-04-18 07:51:35 | node_15 | INFO ] 📈 Evaluated. Results: {'test_loss': 12.986696243286133, 'test_acc': 0.004201680887490511, 'test_precision': 0.07683073729276657, 'test_recall': 0.07683073729276657, 'test_f1': 0.07683073729276657, 'communication_cost': 45173696}
[ 2026-04-18 07:51:35 | node_15 | INFO ] 📢 Broadcasting metrics.
[ 2026-04-18 07:51:35 | node_19 | INFO ] ⏹️  Gossiping exited for 10 equal rounds.
[ 2026-04-18 07:51:35 | node_19 | INFO ] 🔬 Evaluating...
[ 2026-04-18 07:51:35 | node_12 | INFO ] 🎉 Round 15 of 20 finished.
[ 2026-04-18 07:51:35 | node_13 | INFO ] 🎉 Round 15 of 20 finished.
[ 2026-04-18 07:51:35 | node_11 | INFO ] 🎉 Round 15 of 20 finished.
[ 2026-04-18 07:51:35 | node_12 | INFO ] 🗳️ [DETERMINISTIC] Train set assigned (No Voting). Size: 20
[ 2026-04-18 07:51:35 | node_13 | INFO ] 🗳️ [DETERMINISTIC] Train set assigned (No Voting). Size: 20
[ 2026-04-18 07:51:35 | node_12 | INFO ] ♻️ Proactively processing 1 early models for round 15.
[ 2026-04-18 07:51:35 | node_19 | INFO ] 📈 Evaluated. Results: {'test_loss': 5.320797443389893, 'test_acc': 0.28143712878227234, 'test_precision': 0.24965126812458038, 'test_recall': 0.1437109261751175, 'test_f1': 0.12410315871238708, 'communication_cost': 33880272}
[ 2026-04-18 07:51:35 | node_11 | INFO ] 🗳️ [DETERMINISTIC] Train set assigned (No Voting). Size: 20
[ 2026-04-18 07:51:35 | node_12 | INFO ] 🧩 Model added for round 15 (1/12) from ['node_17']
[ 2026-04-18 07:51:35 | node_12 | INFO ] 🏋️‍♀️ Preparing training...
[ 2026-04-18 07:51:35 | node_13 | INFO ] ♻️ Proactively processing 1 early models for round 15.
[ 2026-04-18 07:51:35 | node_13 | INFO ] 🧩 Model added for round 15 (1/9) from ['node_17']
[ 2026-04-18 07:51:35 | node_13 | INFO ] 🏋️‍♀️ Preparing training...
[ 2026-04-18 07:51:35 | node_11 | INFO ] 🏋️‍♀️ Preparing training...
[ 2026-04-18 07:51:35 | node_19 | INFO ] 📢 Broadcasting metrics.
[ 2026-04-18 07:51:35 | node_18 | INFO ] 🎉 Round 15 of 20 finished.
[ 2026-04-18 07:51:35 | node_18 | INFO ] 🗳️ [DETERMINISTIC] Train set assigned (No Voting). Size: 20
[ 2026-04-18 07:51:35 | node_13 | INFO ] 🎓 Training step done.
[ 2026-04-18 07:51:35 | node_13 | INFO ] 🛠️ Calling force_add_local_model...
[ 2026-04-18 07:51:35 | node_18 | INFO ] ♻️ Proactively processing 1 early models for round 15.
[ 2026-04-18 07:51:35 | node | INFO ] 📤 Sending model to 7 direct neighbors: ['node_4', 'node_7', 'node_8', 'node_12', 'node_14', 'node_16', 'node_18']
[ 2026-04-18 07:51:35 | node_18 | INFO ] 🧩 Model added for round 15 (1/10) from ['node_17']
[ 2026-04-18 07:51:35 | node_13 | INFO ] ✅ [FORCE] Local model added for round 15. (2/9)
[ 2026-04-18 07:51:35 | node_18 | INFO ] 🏋️‍♀️ Preparing training...
[ 2026-04-18 07:51:35 | node_14 | INFO ] ⏹️  Gossiping exited for 10 equal rounds.
[ 2026-04-18 07:51:35 | node_4 | INFO ] 🧩 Model added for round 15 (3/8) from ['node']
[ 2026-04-18 07:51:35 | node_14 | INFO ] 🔬 Evaluating...
[ 2026-04-18 07:51:36 | node_15 | INFO ] 🎉 Round 15 of 20 finished.
[ 2026-04-18 07:51:36 | node_11 | INFO ] 🎓 Training step done.
[ 2026-04-18 07:51:36 | node_11 | INFO ] 🛠️ Calling force_add_local_model...
[ 2026-04-18 07:51:36 | node_15 | INFO ] 🗳️ [DETERMINISTIC] Train set assigned (No Voting). Size: 20
[ 2026-04-18 07:51:36 | node_11 | INFO ] ✅ [FORCE] Local model added for round 15. (1/8)
[ 2026-04-18 07:51:36 | node_15 | INFO ] 🏋️‍♀️ Preparing training...
[ 2026-04-18 07:51:36 | node_14 | INFO ] 📈 Evaluated. Results: {'test_loss': 0.9917768239974976, 'test_acc': 0.7283950448036194, 'test_precision': 0.3253968358039856, 'test_recall': 0.3073861300945282, 'test_f1': 0.3058561682701111, 'communication_cost': 56467120}
[ 2026-04-18 07:51:36 | node_14 | INFO ] 📢 Broadcasting metrics.
[ 2026-04-18 07:51:36 | node_5 | INFO ] ⏹️  Gossiping exited for 10 equal rounds.
[ 2026-04-18 07:51:36 | node_12 | INFO ] 🎓 Training step done.
[ 2026-04-18 07:51:36 | node_12 | INFO ] 🛠️ Calling force_add_local_model...
[ 2026-04-18 07:51:36 | node_5 | INFO ] 🔬 Evaluating...
[ 2026-04-18 07:51:36 | node_19 | INFO ] 🎉 Round 15 of 20 finished.
[ 2026-04-18 07:51:36 | node_12 | INFO ] ✅ [FORCE] Local model added for round 15. (2/12)
[ 2026-04-18 07:51:36 | node_19 | INFO ] 🗳️ [DETERMINISTIC] Train set assigned (No Voting). Size: 20
[ 2026-04-18 07:51:36 | node_19 | INFO ] 🏋️‍♀️ Preparing training...
[ 2026-04-18 07:51:36 | node_5 | INFO ] 📈 Evaluated. Results: {'test_loss': 2.562847852706909, 'test_acc': 0.4285714328289032, 'test_precision': 0.3142857253551483, 'test_recall': 0.40259742736816406, 'test_f1': 0.31904762983322144, 'communication_cost': 39526984}
[ 2026-04-18 07:51:36 | node_16 | INFO ] 📤 Sending model to 7 direct neighbors: ['node', 'node_1', 'node_3', 'node_9', 'node_10', 'node_14', 'node_19']
[ 2026-04-18 07:51:36 | node_5 | INFO ] 📢 Broadcasting metrics.
[ 2026-04-18 07:51:36 | node_8 | INFO ] 🧩 Model added for round 15 (3/11) from ['node']
[ 2026-04-18 07:51:36 | node | INFO ] 🧩 Model added for round 15 (2/8) from ['node_16']
[ 2026-04-18 07:51:36 | node_2 | INFO ] ⏹️  Gossiping exited for 10 equal rounds.
[ 2026-04-18 07:51:36 | node_19 | INFO ] 🎓 Training step done.
[ 2026-04-18 07:51:36 | node_19 | INFO ] 🛠️ Calling force_add_local_model...
[ 2026-04-18 07:51:36 | node_2 | INFO ] 🔬 Evaluating...
[ 2026-04-18 07:51:36 | node_19 | INFO ] ✅ [FORCE] Local model added for round 15. (1/7)
[ 2026-04-18 07:51:37 | node_12 | INFO ] 🧩 Model added for round 15 (3/12) from ['node']
[ 2026-04-18 07:51:37 | node_2 | INFO ] 📈 Evaluated. Results: {'test_loss': 0.4994102120399475, 'test_acc': 0.8677536249160767, 'test_precision': 0.27153658866882324, 'test_recall': 0.2424069494009018, 'test_f1': 0.24927546083927155, 'communication_cost': 45173696}
[ 2026-04-18 07:51:37 | node_2 | INFO ] 📢 Broadcasting metrics.
[ 2026-04-18 07:51:37 | node_1 | INFO ] 🧩 Model added for round 15 (2/10) from ['node_16']
[ 2026-04-18 07:51:37 | node_18 | INFO ] 🎓 Training step done.
[ 2026-04-18 07:51:37 | node_18 | INFO ] 🛠️ Calling force_add_local_model...
[ 2026-04-18 07:51:37 | node_18 | INFO ] ✅ [FORCE] Local model added for round 15. (2/10)
[ 2026-04-18 07:51:37 | node_5 | INFO ] 🎉 Round 15 of 20 finished.
[ 2026-04-18 07:51:37 | node_5 | INFO ] 🗳️ [DETERMINISTIC] Train set assigned (No Voting). Size: 20
[ 2026-04-18 07:51:37 | node_5 | INFO ] 🏋️‍♀️ Preparing training...
[ 2026-04-18 07:51:37 | node_14 | INFO ] 🎉 Round 15 of 20 finished.
[ 2026-04-18 07:51:37 | node_14 | INFO ] 🗳️ [DETERMINISTIC] Train set assigned (No Voting). Size: 20
[ 2026-04-18 07:51:37 | node_14 | INFO ] ♻️ Proactively processing 1 early models for round 15.
[ 2026-04-18 07:51:37 | node_14 | INFO ] 🧩 Model added for round 15 (1/11) from ['node_17']
[ 2026-04-18 07:51:37 | node_14 | INFO ] 🏋️‍♀️ Preparing training...
[ 2026-04-18 07:51:37 | node_10 | INFO ] 📤 Sending model to 6 direct neighbors: ['node_6', 'node_8', 'node_9', 'node_12', 'node_16', 'node_19']
[ 2026-04-18 07:51:37 | node_14 | INFO ] 🧩 Model added for round 15 (2/11) from ['node']
[ 2026-04-18 07:51:37 | node_6 | INFO ] 🧩 Model added for round 15 (3/12) from ['node_10']
[ 2026-04-18 07:51:37 | node_3 | INFO ] 🧩 Model added for round 15 (2/8) from ['node_16']
[ 2026-04-18 07:51:38 | node_15 | INFO ] 🎓 Training step done.
[ 2026-04-18 07:51:38 | node_16 | INFO ] 🧩 Model added for round 15 (2/8) from ['node']
[ 2026-04-18 07:51:38 | node_15 | INFO ] 🛠️ Calling force_add_local_model...
[ 2026-04-18 07:51:38 | node_8 | INFO ] 📤 Sending model to 10 direct neighbors: ['node', 'node_3', 'node_7', 'node_10', 'node_11', 'node_14', 'node_15', 'node_17', 'node_18', 'node_19']
[ 2026-04-18 07:51:38 | node_15 | INFO ] ✅ [FORCE] Local model added for round 15. (1/9)
[ 2026-04-18 07:51:38 | node_2 | INFO ] 🎉 Round 15 of 20 finished.
[ 2026-04-18 07:51:38 | node_9 | INFO ] 🧩 Model added for round 15 (3/8) from ['node_16']
[ 2026-04-18 07:51:38 | node_5 | INFO ] 🎓 Training step done.
[ 2026-04-18 07:51:38 | node_2 | INFO ] 🗳️ [DETERMINISTIC] Train set assigned (No Voting). Size: 20
[ 2026-04-18 07:51:38 | node_6 | INFO ] 📤 Sending model to 11 direct neighbors: ['node_1', 'node_3', 'node_5', 'node_9', 'node_10', 'node_12', 'node_13', 'node_14', 'node_15', 'node_17', 'node_18']
[ 2026-04-18 07:51:38 | node_5 | INFO ] 🛠️ Calling force_add_local_model...
[ 2026-04-18 07:51:38 | node_5 | INFO ] ✅ [FORCE] Local model added for round 15. (1/8)
[ 2026-04-18 07:51:38 | node_2 | INFO ] 🏋️‍♀️ Preparing training...
[ 2026-04-18 07:51:38 | node | INFO ] 🧩 Model added for round 15 (3/8) from ['node_8']
[ 2026-04-18 07:51:38 | node_8 | INFO ] 🧩 Model added for round 15 (4/11) from ['node_10']
[ 2026-04-18 07:51:38 | node_7 | INFO ] ⏹️  Gossiping exited for 10 equal rounds.
[ 2026-04-18 07:51:38 | node_1 | INFO ] 🧩 Model added for round 15 (3/10) from ['node_6']
[ 2026-04-18 07:51:38 | node_7 | INFO ] 🔬 Evaluating...
[ 2026-04-18 07:51:38 | node_18 | INFO ] 🧩 Model added for round 15 (3/10) from ['node']
[ 2026-04-18 07:51:38 | node_10 | INFO ] 🧩 Model added for round 15 (2/7) from ['node_16']
[ 2026-04-18 07:51:38 | node_3 | INFO ] 📤 Sending model to 7 direct neighbors: ['node_2', 'node_6', 'node_8', 'node_11', 'node_14', 'node_15', 'node_16']
[ 2026-04-18 07:51:38 | node_3 | INFO ] 🧩 Model added for round 15 (3/8) from ['node_8']
[ 2026-04-18 07:51:39 | node_9 | INFO ] 📤 Sending model to 7 direct neighbors: ['node_6', 'node_7', 'node_10', 'node_13', 'node_16', 'node_17', 'node_18']
[ 2026-04-18 07:51:39 | node_7 | INFO ] 📈 Evaluated. Results: {'test_loss': 5.262729167938232, 'test_acc': 0.2112332135438919, 'test_precision': 0.23381203413009644, 'test_recall': 0.10337185114622116, 'test_f1': 0.11237574368715286, 'communication_cost': 39526984}
[ 2026-04-18 07:51:39 | node_2 | INFO ] 🧩 Model added for round 15 (1/9) from ['node_3']
[ 2026-04-18 07:51:39 | node_7 | INFO ] 📢 Broadcasting metrics.
[ 2026-04-18 07:51:39 | node_3 | INFO ] 🧩 Model added for round 15 (4/8) from ['node_6']
[ 2026-04-18 07:51:39 | node_2 | INFO ] 🎓 Training step done.
[ 2026-04-18 07:51:39 | node_9 | INFO ] 🧩 Model added for round 15 (4/8) from ['node_10']
[ 2026-04-18 07:51:39 | node_2 | INFO ] 🛠️ Calling force_add_local_model...
[ 2026-04-18 07:51:39 | node_6 | INFO ] 🧩 Model added for round 15 (4/12) from ['node_9']
[ 2026-04-18 07:51:39 | node_2 | INFO ] ✅ [FORCE] Local model added for round 15. (2/9)
[ 2026-04-18 07:51:39 | node_14 | INFO ] 🧩 Model added for round 15 (3/11) from ['node_16']
[ 2026-04-18 07:51:39 | node_14 | INFO ] 🎓 Training step done.
[ 2026-04-18 07:51:39 | node_1 | INFO ] 📤 Sending model to 9 direct neighbors: ['node_2', 'node_6', 'node_7', 'node_11', 'node_13', 'node_14', 'node_15', 'node_16', 'node_18']
[ 2026-04-18 07:51:39 | node_14 | INFO ] 🛠️ Calling force_add_local_model...
[ 2026-04-18 07:51:39 | node_6 | INFO ] 🧩 Model added for round 15 (5/12) from ['node_3']
[ 2026-04-18 07:51:39 | node_14 | INFO ] ✅ [FORCE] Local model added for round 15. (4/11)
[ 2026-04-18 07:51:39 | node_5 | INFO ] 🧩 Model added for round 15 (2/8) from ['node_6']
[ 2026-04-18 07:51:39 | node_12 | INFO ] 🧩 Model added for round 15 (4/12) from ['node_10']
[ 2026-04-18 07:51:39 | node_10 | INFO ] 🧩 Model added for round 15 (3/7) from ['node_8']
[ 2026-04-18 07:51:39 | node_2 | INFO ] 🧩 Model added for round 15 (3/9) from ['node_1']
[ 2026-04-18 07:51:40 | node_4 | INFO ] 📤 Sending model to 7 direct neighbors: ['node', 'node_2', 'node_5', 'node_11', 'node_17', 'node_18', 'node_19']
[ 2026-04-18 07:51:40 | node_10 | INFO ] 🧩 Model added for round 15 (4/7) from ['node_9']
[ 2026-04-18 07:51:40 | node | INFO ] 🧩 Model added for round 15 (4/8) from ['node_4']
[ 2026-04-18 07:51:40 | node_19 | INFO ] 🧩 Model added for round 15 (2/7) from ['node_16']
[ 2026-04-18 07:51:40 | node_9 | INFO ] 🧩 Model added for round 15 (5/8) from ['node_6']
[ 2026-04-18 07:51:40 | node_11 | INFO ] 🧩 Model added for round 15 (2/8) from ['node_8']
[ 2026-04-18 07:51:40 | node_7 | INFO ] 🎉 Round 15 of 20 finished.
[ 2026-04-18 07:51:40 | node_8 | INFO ] 🧩 Model added for round 15 (5/11) from ['node_3']
[ 2026-04-18 07:51:40 | node_6 | INFO ] 🧩 Model added for round 15 (6/12) from ['node_1']
[ 2026-04-18 07:51:40 | node_7 | INFO ] 🗳️ [DETERMINISTIC] Train set assigned (No Voting). Size: 20
[ 2026-04-18 07:51:40 | node_7 | INFO ] ♻️ Proactively processing 3 early models for round 15.
[ 2026-04-18 07:51:40 | node_7 | INFO ] 🧩 Model added for round 15 (1/8) from ['node']
[ 2026-04-18 07:51:40 | node_7 | INFO ] 🧩 Model added for round 15 (2/8) from ['node_8']
[ 2026-04-18 07:51:40 | node_7 | INFO ] 🧩 Model added for round 15 (3/8) from ['node_9']
[ 2026-04-18 07:51:40 | node_16 | INFO ] 🧩 Model added for round 15 (3/8) from ['node_10']
[ 2026-04-18 07:51:40 | node_7 | INFO ] 🏋️‍♀️ Preparing training...
[ 2026-04-18 07:51:40 | node_13 | INFO ] 🧩 Model added for round 15 (3/9) from ['node_9']
[ 2026-04-18 07:51:40 | node_13 | INFO ] 📤 Sending model to 8 direct neighbors: ['node_1', 'node_2', 'node_5', 'node_6', 'node_7', 'node_9', 'node_17', 'node_18']
[ 2026-04-18 07:51:40 | node_2 | INFO ] 🧩 Model added for round 15 (4/9) from ['node_4']
[ 2026-04-18 07:51:40 | node_7 | INFO ] 🎓 Training step done.
[ 2026-04-18 07:51:40 | node_10 | INFO ] 🧩 Model added for round 15 (5/7) from ['node_6']
[ 2026-04-18 07:51:40 | node_7 | INFO ] 🛠️ Calling force_add_local_model...
[ 2026-04-18 07:51:40 | node_14 | INFO ] 🧩 Model added for round 15 (5/11) from ['node_8']
[ 2026-04-18 07:51:41 | node_1 | INFO ] 🧩 Model added for round 15 (4/10) from ['node_13']
[ 2026-04-18 07:51:41 | node_7 | INFO ] ✅ [FORCE] Local model added for round 15. (4/8)
[ 2026-04-18 07:51:41 | node_11 | INFO ] 📤 Sending model to 7 direct neighbors: ['node_1', 'node_2', 'node_3', 'node_4', 'node_5', 'node_8', 'node_12']
[ 2026-04-18 07:51:41 | node_19 | INFO ] 🧩 Model added for round 15 (3/7) from ['node_10']
[ 2026-04-18 07:51:41 | node_11 | INFO ] 🧩 Model added for round 15 (3/8) from ['node_3']
[ 2026-04-18 07:51:41 | node_7 | INFO ] 🧩 Model added for round 15 (5/8) from ['node_1']
[ 2026-04-18 07:51:41 | node_1 | INFO ] 🧩 Model added for round 15 (5/10) from ['node_11']
[ 2026-04-18 07:51:41 | node_12 | INFO ] 📤 Sending model to 11 direct neighbors: ['node', 'node_2', 'node_5', 'node_6', 'node_7', 'node_10', 'node_11', 'node_14', 'node_15', 'node_17', 'node_18']
[ 2026-04-18 07:51:41 | node_16 | INFO ] 🧩 Model added for round 15 (4/8) from ['node_9']
[ 2026-04-18 07:51:41 | node | INFO ] 🧩 Model added for round 15 (5/8) from ['node_12']
[ 2026-04-18 07:51:41 | node_12 | INFO ] 🧩 Model added for round 15 (5/12) from ['node_6']
[ 2026-04-18 07:51:41 | node_5 | INFO ] 🧩 Model added for round 15 (3/8) from ['node_4']
[ 2026-04-18 07:51:41 | node_2 | INFO ] 🧩 Model added for round 15 (5/9) from ['node_13']
[ 2026-04-18 07:51:41 | node_15 | INFO ] 🧩 Model added for round 15 (2/9) from ['node_8']
[ 2026-04-18 07:51:41 | node_11 | INFO ] 🧩 Model added for round 15 (4/8) from ['node_1']
[ 2026-04-18 07:51:41 | node_19 | INFO ] 📤 Sending model to 6 direct neighbors: ['node_4', 'node_5', 'node_8', 'node_10', 'node_15', 'node_16']
[ 2026-04-18 07:51:41 | node_14 | INFO ] 🧩 Model added for round 15 (6/11) from ['node_3']
[ 2026-04-18 07:51:42 | node_17 | INFO ] 🧩 Model added for round 15 (2/9) from ['node_9']
[ 2026-04-18 07:51:42 | node_2 | INFO ] 🧩 Model added for round 15 (6/9) from ['node_11']
[ 2026-04-18 07:51:42 | node_4 | INFO ] 🧩 Model added for round 15 (4/8) from ['node_19']
[ 2026-04-18 07:51:42 | node_2 | INFO ] 🧩 Model added for round 15 (7/9) from ['node_12']
[ 2026-04-18 07:51:42 | node_11 | INFO ] 🧩 Model added for round 15 (5/8) from ['node_4']
[ 2026-04-18 07:51:42 | node_18 | INFO ] 📤 Sending model to 9 direct neighbors: ['node', 'node_1', 'node_4', 'node_6', 'node_8', 'node_9', 'node_12', 'node_13', 'node_17']
[ 2026-04-18 07:51:42 | node_13 | INFO ] 🧩 Model added for round 15 (4/9) from ['node_6']
[ 2026-04-18 07:51:42 | node_17 | INFO ] 🧩 Model added for round 15 (3/9) from ['node_8']
[ 2026-04-18 07:51:42 | node_5 | INFO ] 🧩 Model added for round 15 (4/8) from ['node_13']
[ 2026-04-18 07:51:42 | node_13 | INFO ] 🧩 Model added for round 15 (5/9) from ['node_1']
[ 2026-04-18 07:51:42 | node | INFO ] 🧩 Model added for round 15 (6/8) from ['node_18']
[ 2026-04-18 07:51:42 | node_15 | INFO ] 🧩 Model added for round 15 (3/9) from ['node_3']
[ 2026-04-18 07:51:42 | node_3 | INFO ] 🧩 Model added for round 15 (5/8) from ['node_11']
[ 2026-04-18 07:51:42 | node_5 | INFO ] 🧩 Model added for round 15 (5/8) from ['node_19']
[ 2026-04-18 07:51:42 | node_18 | INFO ] 🧩 Model added for round 15 (4/10) from ['node_9']
[ 2026-04-18 07:51:42 | node_5 | INFO ] 🧩 Model added for round 15 (6/8) from ['node_12']
[ 2026-04-18 07:51:43 | node_17 | INFO ] 🧩 Model added for round 15 (4/9) from ['node_4']
[ 2026-04-18 07:51:43 | node_18 | INFO ] 🧩 Model added for round 15 (5/10) from ['node_8']
[ 2026-04-18 07:51:43 | node_14 | INFO ] 🧩 Model added for round 15 (7/11) from ['node_6']
[ 2026-04-18 07:51:43 | node_6 | INFO ] 🧩 Model added for round 15 (7/12) from ['node_13']
[ 2026-04-18 07:51:43 | node_15 | INFO ] 📤 Sending model to 8 direct neighbors: ['node_1', 'node_2', 'node_3', 'node_6', 'node_7', 'node_8', 'node_12', 'node_19']
[ 2026-04-18 07:51:43 | node_1 | INFO ] 🧩 Model added for round 15 (6/10) from ['node_18']
[ 2026-04-18 07:51:43 | node_14 | INFO ] 🧩 Model added for round 15 (8/11) from ['node_1']
[ 2026-04-18 07:51:43 | node_5 | INFO ] 📤 Sending model to 7 direct neighbors: ['node_4', 'node_6', 'node_11', 'node_12', 'node_13', 'node_14', 'node_19']
[ 2026-04-18 07:51:43 | node_4 | INFO ] 🧩 Model added for round 15 (5/8) from ['node_11']
[ 2026-04-18 07:51:43 | node_1 | INFO ] 🧩 Model added for round 15 (7/10) from ['node_15']
[ 2026-04-18 07:51:43 | node_16 | INFO ] 🧩 Model added for round 15 (5/8) from ['node_3']
[ 2026-04-18 07:51:43 | node_8 | INFO ] 🧩 Model added for round 15 (6/11) from ['node_19']
[ 2026-04-18 07:51:43 | node_4 | INFO ] 🧩 Model added for round 15 (6/8) from ['node_5']
[ 2026-04-18 07:51:43 | node_6 | INFO ] 🧩 Model added for round 15 (8/12) from ['node_12']
[ 2026-04-18 07:51:43 | node_18 | INFO ] 🧩 Model added for round 15 (6/10) from ['node_4']
[ 2026-04-18 07:51:43 | node_19 | INFO ] 🧩 Model added for round 15 (4/7) from ['node_8']
[ 2026-04-18 07:51:44 | node_15 | INFO ] 🧩 Model added for round 15 (4/9) from ['node_6']
[ 2026-04-18 07:51:44 | node_5 | INFO ] 🧩 Model added for round 15 (7/8) from ['node_11']
[ 2026-04-18 07:51:44 | node_4 | INFO ] 🧩 Model added for round 15 (7/8) from ['node_18']
[ 2026-04-18 07:51:44 | node_15 | INFO ] 🧩 Model added for round 15 (5/9) from ['node_1']
[ 2026-04-18 07:51:44 | node_7 | INFO ] 🧩 Model added for round 15 (6/8) from ['node_13']
[ 2026-04-18 07:51:44 | node_2 | INFO ] 📤 Sending model to 8 direct neighbors: ['node_1', 'node_3', 'node_4', 'node_11', 'node_12', 'node_13', 'node_14', 'node_15']
[ 2026-04-18 07:51:44 | node_6 | INFO ] 🧩 Model added for round 15 (9/12) from ['node_5']
[ 2026-04-18 07:51:44 | node_2 | INFO ] 🧩 Model added for round 15 (8/9) from ['node_15']
[ 2026-04-18 07:51:44 | node_10 | INFO ] 🧩 Model added for round 15 (6/7) from ['node_19']
[ 2026-04-18 07:51:44 | node_1 | INFO ] 🧩 Model added for round 15 (8/10) from ['node_2']
[ 2026-04-18 07:51:44 | node_7 | INFO ] 🧩 Model added for round 15 (7/8) from ['node_12']
[ 2026-04-18 07:51:44 | node_14 | INFO ] 📤 Sending model to 10 direct neighbors: ['node', 'node_1', 'node_2', 'node_3', 'node_5', 'node_6', 'node_8', 'node_12', 'node_16', 'node_17']
[ 2026-04-18 07:51:44 | node_19 | INFO ] 🧩 Model added for round 15 (5/7) from ['node_4']
[ 2026-04-18 07:51:44 | node | INFO ] 🧩 Model added for round 15 (7/8) from ['node_14']
[ 2026-04-18 07:51:45 | node_6 | INFO ] 🧩 Model added for round 15 (10/12) from ['node_18']
[ 2026-04-18 07:51:45 | node_17 | INFO ] 🧩 Model added for round 15 (5/9) from ['node_6']
[ 2026-04-18 07:51:45 | node_8 | INFO ] 🧩 Model added for round 15 (7/11) from ['node_11']
[ 2026-04-18 07:51:45 | node_9 | INFO ] 🧩 Model added for round 15 (6/8) from ['node_13']
[ 2026-04-18 07:51:45 | node_16 | INFO ] 🧩 Model added for round 15 (6/8) from ['node_1']
[ 2026-04-18 07:51:45 | node_15 | INFO ] 🧩 Model added for round 15 (6/9) from ['node_19']
[ 2026-04-18 07:51:45 | node_3 | INFO ] 🧩 Model added for round 15 (6/8) from ['node_15']
[ 2026-04-18 07:51:45 | node_11 | INFO ] 🧩 Model added for round 15 (6/8) from ['node_5']
[ 2026-04-18 07:51:45 | node_10 | INFO ] 🧩 Model added for round 15 (7/7) from ['node_12']
[ 2026-04-18 07:51:45 | node_3 | INFO ] 🧩 Model added for round 15 (7/8) from ['node_2']
[ 2026-04-18 07:51:45 | node_1 | INFO ] 🧩 Model added for round 15 (9/10) from ['node_14']
[ 2026-04-18 07:51:45 | node_17 | INFO ] 🧩 Model added for round 15 (6/9) from ['node_13']
[ 2026-04-18 07:51:46 | node_18 | INFO ] 🧩 Model added for round 15 (7/10) from ['node_6']
[ 2026-04-18 07:51:46 | node_16 | INFO ] 🧩 Model added for round 15 (7/8) from ['node_19']
[ 2026-04-18 07:51:46 | ModelPackager | INFO ] Round 15: Consensus detected (dist: 0.000597). Patience: 1/1
[ 2026-04-18 07:51:46 | node_18 | INFO ] 🧩 Model added for round 15 (8/10) from ['node_1']
[ 2026-04-18 07:51:46 | node_7 | INFO ] 📤 Sending model to 7 direct neighbors: ['node', 'node_1', 'node_8', 'node_9', 'node_12', 'node_13', 'node_15']
[ 2026-04-18 07:51:46 | node_6 | INFO ] 🧩 Model added for round 15 (11/12) from ['node_15']
[ 2026-04-18 07:51:46 | node_8 | INFO ] 🧩 Model added for round 15 (8/11) from ['node_18']
[ 2026-04-18 07:51:46 | node_11 | INFO ] 🧩 Model added for round 15 (7/8) from ['node_12']
[ 2026-04-18 07:51:46 | node_12 | INFO ] 🧩 Model added for round 15 (6/12) from ['node_5']
[ 2026-04-18 07:51:46 | node_12 | INFO ] 🧩 Model added for round 15 (7/12) from ['node_11']
[ 2026-04-18 07:51:46 | node_10 | INFO ] 🧠 Aggregation complete. Setting new model.
[ 2026-04-18 07:51:46 | node_4 | INFO ] 🧩 Model added for round 15 (8/8) from ['node_2']
[ 2026-04-18 07:51:46 | node | INFO ] 🧩 Model added for round 15 (8/8) from ['node_7']
[ 2026-04-18 07:51:46 | node_18 | INFO ] 🧩 Model added for round 15 (9/10) from ['node_13']
[ 2026-04-18 07:51:46 | node_2 | INFO ] 🧩 Model added for round 15 (9/9) from ['node_14']
[ 2026-04-18 07:51:46 | node_10 | INFO ] 🗣️ Gossiping aggregated model.
[ 2026-04-18 07:51:47 | node_14 | INFO ] 🧩 Model added for round 15 (9/11) from ['node_12']
[ 2026-04-18 07:51:47 | node_7 | INFO ] 🧩 Model added for round 15 (8/8) from ['node_15']
[ 2026-04-18 07:51:47 | node_1 | INFO ] 🧩 Model added for round 15 (10/10) from ['node_7']
[ 2026-04-18 07:51:47 | node_11 | INFO ] 🧩 Model added for round 15 (8/8) from ['node_2']
[ 2026-04-18 07:51:47 | node_13 | INFO ] 🧩 Model added for round 15 (6/9) from ['node_5']
[ 2026-04-18 07:51:47 | node_9 | INFO ] 🧩 Model added for round 15 (7/8) from ['node_18']
[ 2026-04-18 07:51:47 | node_3 | INFO ] 🧩 Model added for round 15 (8/8) from ['node_14']
[ 2026-04-18 07:51:47 | ModelPackager | INFO ] Round 15: Consensus detected (dist: 0.000560). Patience: 1/1
[ 2026-04-18 07:51:48 | node_15 | INFO ] 🧩 Model added for round 15 (7/9) from ['node_12']
[ 2026-04-18 07:51:48 | ModelPackager | INFO ] Round 15: Consensus detected (dist: 0.000611). Patience: 1/1
[ 2026-04-18 07:51:48 | node_8 | INFO ] 🧩 Model added for round 15 (9/11) from ['node_15']
[ 2026-04-18 07:51:48 | node_14 | INFO ] 🧩 Model added for round 15 (10/11) from ['node_5']
[ 2026-04-18 07:51:48 | node_4 | INFO ] 🧠 Aggregation complete. Setting new model.
[ 2026-04-18 07:51:48 | ModelPackager | INFO ] Round 15: Consensus detected (dist: 0.000477). Patience: 1/1
[ 2026-04-18 07:51:48 | node_12 | INFO ] 🧩 Model added for round 15 (8/12) from ['node_2']
[ 2026-04-18 07:51:48 | node_8 | INFO ] 🧩 Model added for round 15 (10/11) from ['node_7']
[ 2026-04-18 07:51:48 | node_5 | INFO ] 🧩 Model added for round 15 (8/8) from ['node_14']
[ 2026-04-18 07:51:48 | node_12 | INFO ] 🧩 Model added for round 15 (9/12) from ['node_18']
[ 2026-04-18 07:51:48 | node_3 | INFO ] 🧠 Aggregation complete. Setting new model.
[ 2026-04-18 07:51:48 | node_4 | INFO ] 🗣️ Gossiping aggregated model.
[ 2026-04-18 07:51:48 | ModelPackager | INFO ] Round 15: Consensus detected (dist: 0.000595). Patience: 1/1
[ 2026-04-18 07:51:48 | ModelPackager | INFO ] 🌟 Node node is AUTHORIZED. Starting packaging & push...
[ 2026-04-18 07:51:48 | node_11 | INFO ] 🧠 Aggregation complete. Setting new model.
[ 2026-04-18 07:51:48 | node_3 | INFO ] 🗣️ Gossiping aggregated model.
[ 2026-04-18 07:51:48 | node_17 | INFO ] 🧩 Model added for round 15 (7/9) from ['node_12']
[ 2026-04-18 07:51:48 | node | INFO ] 🧠 Aggregation complete. Setting new model.
[ 2026-04-18 07:51:48 | node_19 | INFO ] 🧩 Model added for round 15 (6/7) from ['node_5']
[ 2026-04-18 07:51:48 | node_12 | INFO ] 🧩 Model added for round 15 (10/12) from ['node_15']
[ 2026-04-18 07:51:48 | node_6 | INFO ] 🧩 Model added for round 15 (12/12) from ['node_14']
[ 2026-04-18 07:51:48 | ModelPackager | INFO ] Round 15: Consensus detected (dist: 0.000695). Patience: 1/1
[ 2026-04-18 07:51:48 | node_13 | INFO ] 🧩 Model added for round 15 (7/9) from ['node_2']
[ 2026-04-18 07:51:48 | node_9 | INFO ] 🧩 Model added for round 15 (8/8) from ['node_7']
[ 2026-04-18 07:51:49 | node_1 | INFO ] 🧠 Aggregation complete. Setting new model.
[ 2026-04-18 07:51:49 | node_13 | INFO ] 🧩 Model added for round 15 (8/9) from ['node_18']
[ 2026-04-18 07:51:49 | node_11 | INFO ] 🗣️ Gossiping aggregated model.
[ 2026-04-18 07:51:49 | node | INFO ] 🗣️ Gossiping aggregated model.
[ 2026-04-18 07:51:49 | node_18 | INFO ] 🧩 Model added for round 15 (10/10) from ['node_12']
[ 2026-04-18 07:51:49 | node_1 | INFO ] 🗣️ Gossiping aggregated model.
[ 2026-04-18 07:51:49 | node_19 | INFO ] 🧩 Model added for round 15 (7/7) from ['node_15']
[ 2026-04-18 07:51:50 | node_12 | INFO ] 🧩 Model added for round 15 (11/12) from ['node_7']
[ 2026-04-18 07:51:50 | node_14 | INFO ] 🧩 Model added for round 15 (11/11) from ['node_2']
[ 2026-04-18 07:51:50 | node_17 | INFO ] 🧩 Model added for round 15 (8/9) from ['node_18']
[ 2026-04-18 07:51:50 | node_8 | INFO ] 🧩 Model added for round 15 (11/11) from ['node_14']
[ 2026-04-18 07:51:50 | ModelPackager | INFO ] Round 15: Consensus detected (dist: 0.000570). Patience: 1/1
[ 2026-04-18 07:51:50 | ModelPackager | INFO ] Round 15: Consensus detected (dist: 0.000523). Patience: 1/1
[ 2026-04-18 07:51:50 | ModelPackager | INFO ] Round 15: Consensus detected (dist: 0.000748). Patience: 1/1
[ 2026-04-18 07:51:50 | ModelPackager | INFO ] Round 15: Consensus detected (dist: 0.000671). Patience: 1/1
[ 2026-04-18 07:51:50 | ModelPackager | INFO ] Round 15: Consensus detected (dist: 0.000721). Patience: 1/1
[ 2026-04-18 07:51:50 | node_9 | INFO ] 🧠 Aggregation complete. Setting new model.
[ 2026-04-18 07:51:50 | node_5 | INFO ] 🧠 Aggregation complete. Setting new model.
[ 2026-04-18 07:51:50 | node_19 | INFO ] 🧠 Aggregation complete. Setting new model.
[ 2026-04-18 07:51:50 | node_9 | INFO ] 🗣️ Gossiping aggregated model.
[ 2026-04-18 07:51:50 | node_8 | INFO ] 🧠 Aggregation complete. Setting new model.
[ 2026-04-18 07:51:51 | node_15 | INFO ] 🧩 Model added for round 15 (8/9) from ['node_2']
[ 2026-04-18 07:51:51 | node_5 | INFO ] 🗣️ Gossiping aggregated model.
[ 2026-04-18 07:51:51 | node_19 | INFO ] 🗣️ Gossiping aggregated model.
[ 2026-04-18 07:51:51 | node_6 | INFO ] 🧠 Aggregation complete. Setting new model.
[ 2026-04-18 07:51:51 | node_13 | INFO ] 🧩 Model added for round 15 (9/9) from ['node_7']
[ 2026-04-18 07:51:51 | node_8 | INFO ] 🗣️ Gossiping aggregated model.
[ 2026-04-18 07:51:51 | node_12 | INFO ] 🧩 Model added for round 15 (12/12) from ['node_14']
[ 2026-04-18 07:51:51 | node_6 | INFO ] 🗣️ Gossiping aggregated model.
[ 2026-04-18 07:51:51 | node_15 | INFO ] 🧩 Model added for round 15 (9/9) from ['node_7']
[ 2026-04-18 07:51:52 | ModelPackager | INFO ] Round 15: Consensus detected (dist: 0.000616). Patience: 1/1
[ 2026-04-18 07:51:52 | node_16 | INFO ] 🧩 Model added for round 15 (8/8) from ['node_14']
[ 2026-04-18 07:51:52 | ModelPackager | INFO ] Round 15: Consensus detected (dist: 0.000519). Patience: 1/1
[ 2026-04-18 07:51:52 | ModelPackager | INFO ] Round 15: Consensus detected (dist: 0.000584). Patience: 1/1
[ 2026-04-18 07:51:52 | ModelPackager | INFO ] Round 15: Consensus detected (dist: 0.000585). Patience: 1/1
[ 2026-04-18 07:51:52 | ModelPackager | INFO ] Round 15: Consensus detected (dist: 0.000743). Patience: 1/1
[ 2026-04-18 07:51:52 | node_13 | INFO ] 🧠 Aggregation complete. Setting new model.
[ 2026-04-18 07:51:52 | node_15 | INFO ] 🧠 Aggregation complete. Setting new model.
[ 2026-04-18 07:51:52 | node_2 | INFO ] 🧠 Aggregation complete. Setting new model.
[ 2026-04-18 07:51:52 | node_17 | INFO ] 🧩 Model added for round 15 (9/9) from ['node_14']
[ 2026-04-18 07:51:52 | node_18 | INFO ] 🧠 Aggregation complete. Setting new model.
[ 2026-04-18 07:51:52 | node_12 | INFO ] 🧠 Aggregation complete. Setting new model.
[ 2026-04-18 07:51:53 | node_13 | INFO ] 🗣️ Gossiping aggregated model.
[ 2026-04-18 07:51:53 | node_15 | INFO ] 🗣️ Gossiping aggregated model.
[ 2026-04-18 07:51:53 | node_2 | INFO ] 🗣️ Gossiping aggregated model.
[ 2026-04-18 07:51:53 | node_18 | INFO ] 🗣️ Gossiping aggregated model.
[ 2026-04-18 07:51:53 | ModelPackager | INFO ] Round 15: Consensus detected (dist: 0.000662). Patience: 1/1
[ 2026-04-18 07:51:53 | node_12 | INFO ] 🗣️ Gossiping aggregated model.
[ 2026-04-18 07:51:53 | ModelPackager | INFO ] Round 15: Consensus detected (dist: 0.000615). Patience: 1/1
[ 2026-04-18 07:51:53 | node_11 | INFO ] 🤫 Gossip finished.
[ 2026-04-18 07:51:53 | node_11 | INFO ] 🔬 Evaluating...
[ 2026-04-18 07:51:54 | node_11 | INFO ] 📈 Evaluated. Results: {'test_loss': 1.4883487224578857, 'test_acc': 0.4984709620475769, 'test_precision': 0.18932443857192993, 'test_recall': 0.11000688374042511, 'test_f1': 0.13499723374843597, 'communication_cost': 39526984}
[ 2026-04-18 07:51:54 | node_11 | INFO ] 📢 Broadcasting metrics.
[ 2026-04-18 07:51:54 | node_7 | INFO ] 🧠 Aggregation complete. Setting new model.
[ 2026-04-18 07:51:54 | node_16 | INFO ] 🧠 Aggregation complete. Setting new model.
[ 2026-04-18 07:51:54 | node_7 | INFO ] 🗣️ Gossiping aggregated model.
[ 2026-04-18 07:51:54 | node_7 | INFO ] 🤫 Gossip finished.
[ 2026-04-18 07:51:54 | node_7 | INFO ] 🔬 Evaluating...
[ 2026-04-18 07:51:54 | node_16 | INFO ] 🗣️ Gossiping aggregated model.
[ 2026-04-18 07:51:54 | ModelPackager | INFO ] Round 15: Consensus detected (dist: 0.000581). Patience: 1/1
[ 2026-04-18 07:51:54 | node_11 | INFO ] 🎉 Round 16 of 20 finished.
[ 2026-04-18 07:51:54 | node_11 | INFO ] 🗳️ [DETERMINISTIC] Train set assigned (No Voting). Size: 20
[ 2026-04-18 07:51:54 | node_11 | INFO ] 🏋️‍♀️ Preparing training...
[ 2026-04-18 07:51:54 | node_7 | INFO ] 📈 Evaluated. Results: {'test_loss': 4.890949726104736, 'test_acc': 0.2271062284708023, 'test_precision': 0.25873416662216187, 'test_recall': 0.10563357174396515, 'test_f1': 0.11498712003231049, 'communication_cost': 39526984}
[ 2026-04-18 07:51:54 | node_17 | INFO ] 🧠 Aggregation complete. Setting new model.
[ 2026-04-18 07:51:54 | node_7 | INFO ] 📢 Broadcasting metrics.
[ 2026-04-18 07:51:55 | node_4 | INFO ] 🤫 Gossip finished.
[ 2026-04-18 07:51:55 | node_4 | INFO ] 🔬 Evaluating...
[ 2026-04-18 07:51:55 | ModelPackager | INFO ] Round 15: Consensus detected (dist: 0.000523). Patience: 1/1
[ 2026-04-18 07:51:55 | node_17 | INFO ] 🗣️ Gossiping aggregated model.
[ 2026-04-18 07:51:55 | node_14 | INFO ] 🧠 Aggregation complete. Setting new model.
[ 2026-04-18 07:51:55 | node_11 | INFO ] 🎓 Training step done.
[ 2026-04-18 07:51:55 | node_11 | INFO ] 🛠️ Calling force_add_local_model...
[ 2026-04-18 07:51:55 | node_11 | INFO ] ✅ [FORCE] Local model added for round 16. (1/8)
[ 2026-04-18 07:51:55 | node_4 | INFO ] 📈 Evaluated. Results: {'test_loss': 0.6787890195846558, 'test_acc': 0.8085260391235352, 'test_precision': 0.23938345909118652, 'test_recall': 0.19261857867240906, 'test_f1': 0.20959173142910004, 'communication_cost': 39526984}
[ 2026-04-18 07:51:55 | node_4 | INFO ] 📢 Broadcasting metrics.
[ 2026-04-18 07:51:55 | node_14 | INFO ] 🗣️ Gossiping aggregated model.
[ 2026-04-18 07:51:55 | node_7 | INFO ] 🎉 Round 16 of 20 finished.
[ 2026-04-18 07:51:55 | node_7 | INFO ] 🗳️ [DETERMINISTIC] Train set assigned (No Voting). Size: 20
[ 2026-04-18 07:51:55 | node_7 | INFO ] 🏋️‍♀️ Preparing training...
[ 2026-04-18 07:51:56 | node_7 | INFO ] 🎓 Training step done.
[ 2026-04-18 07:51:56 | node_7 | INFO ] 🛠️ Calling force_add_local_model...
[ 2026-04-18 07:51:56 | node_7 | INFO ] ✅ [FORCE] Local model added for round 16. (1/8)
[ 2026-04-18 07:51:56 | node_4 | INFO ] 🎉 Round 16 of 20 finished.
[ 2026-04-18 07:51:56 | node_4 | INFO ] 🗳️ [DETERMINISTIC] Train set assigned (No Voting). Size: 20
[ 2026-04-18 07:51:56 | node_4 | INFO ] 🏋️‍♀️ Preparing training...
[ 2026-04-18 07:51:56 | node_8 | INFO ] 🤫 Gossip finished.
[ 2026-04-18 07:51:56 | node_8 | INFO ] 🔬 Evaluating...
[ 2026-04-18 07:51:56 | node_4 | INFO ] 🎓 Training step done.
[ 2026-04-18 07:51:56 | node_4 | INFO ] 🛠️ Calling force_add_local_model...
[ 2026-04-18 07:51:56 | node_4 | INFO ] ✅ [FORCE] Local model added for round 16. (1/8)
[ 2026-04-18 07:51:57 | node_8 | INFO ] 📈 Evaluated. Results: {'test_loss': 0.5123541355133057, 'test_acc': 0.8524590134620667, 'test_precision': 0.3482353091239929, 'test_recall': 0.2735042870044708, 'test_f1': 0.3006935119628906, 'communication_cost': 56467120}
[ 2026-04-18 07:51:57 | node_8 | INFO ] 📢 Broadcasting metrics.
[ 2026-04-18 07:51:58 | node_8 | INFO ] 🎉 Round 16 of 20 finished.
[ 2026-04-18 07:51:58 | node_8 | INFO ] 🗳️ [DETERMINISTIC] Train set assigned (No Voting). Size: 20
[ 2026-04-18 07:51:58 | node_8 | INFO ] 🏋️‍♀️ Preparing training...
[ 2026-04-18 07:51:59 | node_8 | INFO ] 🎓 Training step done.
[ 2026-04-18 07:51:59 | node_8 | INFO ] 🛠️ Calling force_add_local_model...
[ 2026-04-18 07:51:59 | node_8 | INFO ] ✅ [FORCE] Local model added for round 16. (1/11)
[ 2026-04-18 07:52:00 | node_11 | INFO ] 📤 Sending model to 7 direct neighbors: ['node_1', 'node_2', 'node_3', 'node_4', 'node_5', 'node_8', 'node_12']
[ 2026-04-18 07:52:01 | node_7 | INFO ] 📤 Sending model to 7 direct neighbors: ['node', 'node_1', 'node_8', 'node_9', 'node_12', 'node_13', 'node_15']
[ 2026-04-18 07:52:01 | node_4 | INFO ] 🧩 Model added for round 16 (2/8) from ['node_11']
[ 2026-04-18 07:52:01 | node_4 | INFO ] 📤 Sending model to 7 direct neighbors: ['node', 'node_2', 'node_5', 'node_11', 'node_17', 'node_18', 'node_19']
[ 2026-04-18 07:52:02 | node_8 | INFO ] 🧩 Model added for round 16 (2/11) from ['node_7']
[ 2026-04-18 07:52:02 | node_8 | INFO ] 🧩 Model added for round 16 (3/11) from ['node_11']
[ 2026-04-18 07:52:03 | node_11 | INFO ] 🧩 Model added for round 16 (2/8) from ['node_4']
[ 2026-04-18 07:52:04 | node_8 | INFO ] 📤 Sending model to 10 direct neighbors: ['node', 'node_3', 'node_7', 'node_10', 'node_11', 'node_14', 'node_15', 'node_17', 'node_18', 'node_19']
[ 2026-04-18 07:52:04 | node_3 | INFO ] ⏹️  Gossiping exited for 10 equal rounds.
[ 2026-04-18 07:52:04 | node_3 | INFO ] 🔬 Evaluating...
[ 2026-04-18 07:52:04 | node_7 | INFO ] 🧩 Model added for round 16 (2/8) from ['node_8']
[ 2026-04-18 07:52:04 | node_3 | INFO ] 📈 Evaluated. Results: {'test_loss': 1.3364286422729492, 'test_acc': 0.6163265109062195, 'test_precision': 0.44341447949409485, 'test_recall': 0.27993524074554443, 'test_f1': 0.3142346739768982, 'communication_cost': 39526984}
[ 2026-04-18 07:52:04 | node_3 | INFO ] 📢 Broadcasting metrics.
[ 2026-04-18 07:52:05 | node | INFO ] ⏹️  Gossiping exited for 10 equal rounds.
[ 2026-04-18 07:52:05 | node | INFO ] 🔬 Evaluating...
[ 2026-04-18 07:52:05 | node | INFO ] 📈 Evaluated. Results: {'test_loss': 2.210947036743164, 'test_acc': 0.3860182464122772, 'test_precision': 0.3256775736808777, 'test_recall': 0.1921701580286026, 'test_f1': 0.21008530259132385, 'communication_cost': 39526984}
[ 2026-04-18 07:52:05 | node | INFO ] 📢 Broadcasting metrics.
[ 2026-04-18 07:52:05 | node_11 | INFO ] 🧩 Model added for round 16 (3/8) from ['node_8']
[ 2026-04-18 07:52:06 | node_3 | INFO ] 🎉 Round 16 of 20 finished.
[ 2026-04-18 07:52:06 | node_3 | INFO ] 🗳️ [DETERMINISTIC] Train set assigned (No Voting). Size: 20
[ 2026-04-18 07:52:06 | node_3 | INFO ] ♻️ Proactively processing 2 early models for round 16.
[ 2026-04-18 07:52:06 | node_3 | INFO ] 🧩 Model added for round 16 (1/8) from ['node_11']
[ 2026-04-18 07:52:06 | node_3 | INFO ] 🧩 Model added for round 16 (2/8) from ['node_8']
[ 2026-04-18 07:52:06 | node_3 | INFO ] 🏋️‍♀️ Preparing training...
[ 2026-04-18 07:52:06 | node_9 | INFO ] ⏹️  Gossiping exited for 10 equal rounds.
[ 2026-04-18 07:52:06 | node_9 | INFO ] 🔬 Evaluating...
[ 2026-04-18 07:52:06 | node_3 | INFO ] 🎓 Training step done.
[ 2026-04-18 07:52:06 | node_3 | INFO ] 🛠️ Calling force_add_local_model...
[ 2026-04-18 07:52:06 | node | INFO ] 🎉 Round 16 of 20 finished.
[ 2026-04-18 07:52:06 | node | INFO ] 🗳️ [DETERMINISTIC] Train set assigned (No Voting). Size: 20
[ 2026-04-18 07:52:06 | node | INFO ] ♻️ Proactively processing 3 early models for round 16.
[ 2026-04-18 07:52:06 | node | INFO ] 🧩 Model added for round 16 (1/8) from ['node_7']
[ 2026-04-18 07:52:06 | node | INFO ] 🧩 Model added for round 16 (2/8) from ['node_4']
[ 2026-04-18 07:52:06 | node_3 | INFO ] ✅ [FORCE] Local model added for round 16. (3/8)
[ 2026-04-18 07:52:06 | node | INFO ] 🧩 Model added for round 16 (3/8) from ['node_8']
[ 2026-04-18 07:52:06 | node | INFO ] 🏋️‍♀️ Preparing training...
[ 2026-04-18 07:52:06 | node_5 | INFO ] ⏹️  Gossiping exited for 10 equal rounds.
[ 2026-04-18 07:52:06 | node_5 | INFO ] 🔬 Evaluating...
[ 2026-04-18 07:52:06 | node_9 | INFO ] 📈 Evaluated. Results: {'test_loss': 0.6417908072471619, 'test_acc': 0.7916666865348816, 'test_precision': 0.24852192401885986, 'test_recall': 0.1868520975112915, 'test_f1': 0.2034643292427063, 'communication_cost': 39526984}
[ 2026-04-18 07:52:06 | node_5 | INFO ] 📈 Evaluated. Results: {'test_loss': 2.420691967010498, 'test_acc': 0.4642857015132904, 'test_precision': 0.5333333611488342, 'test_recall': 0.4816017746925354, 'test_f1': 0.39444443583488464, 'communication_cost': 39526984}
[ 2026-04-18 07:52:06 | node_9 | INFO ] 📢 Broadcasting metrics.
[ 2026-04-18 07:52:06 | node_5 | INFO ] 📢 Broadcasting metrics.
[ 2026-04-18 07:52:06 | node_19 | INFO ] ⏹️  Gossiping exited for 10 equal rounds.
[ 2026-04-18 07:52:06 | node_19 | INFO ] 🔬 Evaluating...
[ 2026-04-18 07:52:07 | node | INFO ] 🎓 Training step done.
[ 2026-04-18 07:52:07 | node | INFO ] 🛠️ Calling force_add_local_model...
[ 2026-04-18 07:52:07 | node | INFO ] ✅ [FORCE] Local model added for round 16. (4/8)
[ 2026-04-18 07:52:07 | node_19 | INFO ] 📈 Evaluated. Results: {'test_loss': 4.922327041625977, 'test_acc': 0.299401193857193, 'test_precision': 0.2619885206222534, 'test_recall': 0.15690980851650238, 'test_f1': 0.13712385296821594, 'communication_cost': 33880272}
[ 2026-04-18 07:52:07 | node_19 | INFO ] 📢 Broadcasting metrics.
[ 2026-04-18 07:52:07 | node_9 | INFO ] 🎉 Round 16 of 20 finished.
[ 2026-04-18 07:52:07 | node_9 | INFO ] 🗳️ [DETERMINISTIC] Train set assigned (No Voting). Size: 20
[ 2026-04-18 07:52:07 | node_9 | INFO ] ♻️ Proactively processing 1 early models for round 16.
[ 2026-04-18 07:52:07 | node_9 | INFO ] 🧩 Model added for round 16 (1/8) from ['node_7']
[ 2026-04-18 07:52:07 | node_5 | INFO ] 🎉 Round 16 of 20 finished.
[ 2026-04-18 07:52:07 | node_9 | INFO ] 🏋️‍♀️ Preparing training...
[ 2026-04-18 07:52:07 | node_5 | INFO ] 🗳️ [DETERMINISTIC] Train set assigned (No Voting). Size: 20
[ 2026-04-18 07:52:07 | node_5 | INFO ] ♻️ Proactively processing 2 early models for round 16.
[ 2026-04-18 07:52:07 | node_5 | INFO ] 🧩 Model added for round 16 (1/8) from ['node_11']
[ 2026-04-18 07:52:07 | node_5 | INFO ] 🧩 Model added for round 16 (2/8) from ['node_4']
[ 2026-04-18 07:52:07 | node_5 | INFO ] 🏋️‍♀️ Preparing training...
[ 2026-04-18 07:52:07 | node_19 | INFO ] 🎉 Round 16 of 20 finished.
[ 2026-04-18 07:52:07 | node_19 | INFO ] 🗳️ [DETERMINISTIC] Train set assigned (No Voting). Size: 20
[ 2026-04-18 07:52:07 | node_19 | INFO ] ♻️ Proactively processing 2 early models for round 16.
[ 2026-04-18 07:52:08 | node_19 | INFO ] 🧩 Model added for round 16 (1/7) from ['node_4']
[ 2026-04-18 07:52:08 | node_19 | INFO ] 🧩 Model added for round 16 (2/7) from ['node_8']
[ 2026-04-18 07:52:08 | node_19 | INFO ] 🏋️‍♀️ Preparing training...
[ 2026-04-18 07:52:08 | node_13 | INFO ] ⏹️  Gossiping exited for 10 equal rounds.
[ 2026-04-18 07:52:08 | node_13 | INFO ] 🔬 Evaluating...
[ 2026-04-18 07:52:08 | node_13 | INFO ] 📈 Evaluated. Results: {'test_loss': 5.143586158752441, 'test_acc': 0.1483253538608551, 'test_precision': 0.4223536550998688, 'test_recall': 0.3434208035469055, 'test_f1': 0.26227155327796936, 'communication_cost': 45173696}
[ 2026-04-18 07:52:08 | node_13 | INFO ] 📢 Broadcasting metrics.
[ 2026-04-18 07:52:08 | node_9 | INFO ] 🎓 Training step done.
[ 2026-04-18 07:52:08 | node_9 | INFO ] 🛠️ Calling force_add_local_model...
[ 2026-04-18 07:52:08 | node_15 | INFO ] ⏹️  Gossiping exited for 10 equal rounds.
[ 2026-04-18 07:52:08 | node_15 | INFO ] 🔬 Evaluating...
[ 2026-04-18 07:52:08 | node_9 | INFO ] ✅ [FORCE] Local model added for round 16. (2/8)
[ 2026-04-18 07:52:08 | node_19 | INFO ] 🎓 Training step done.
[ 2026-04-18 07:52:08 | node_18 | INFO ] ⏹️  Gossiping exited for 10 equal rounds.
[ 2026-04-18 07:52:08 | node_19 | INFO ] 🛠️ Calling force_add_local_model...
[ 2026-04-18 07:52:08 | node_19 | INFO ] ✅ [FORCE] Local model added for round 16. (3/7)
[ 2026-04-18 07:52:08 | node_18 | INFO ] 🔬 Evaluating...
[ 2026-04-18 07:52:08 | node_2 | INFO ] ⏹️  Gossiping exited for 10 equal rounds.
[ 2026-04-18 07:52:08 | node_15 | INFO ] 📈 Evaluated. Results: {'test_loss': 12.046555519104004, 'test_acc': 0.004201680887490511, 'test_precision': 0.07683073729276657, 'test_recall': 0.07683073729276657, 'test_f1': 0.07683073729276657, 'communication_cost': 45173696}
[ 2026-04-18 07:52:08 | node_12 | INFO ] ⏹️  Gossiping exited for 10 equal rounds.
[ 2026-04-18 07:52:08 | node_15 | INFO ] 📢 Broadcasting metrics.
[ 2026-04-18 07:52:08 | node_2 | INFO ] 🔬 Evaluating...
[ 2026-04-18 07:52:08 | node_12 | INFO ] 🔬 Evaluating...
[ 2026-04-18 07:52:08 | node_5 | INFO ] 🎓 Training step done.
[ 2026-04-18 07:52:08 | node_5 | INFO ] 🛠️ Calling force_add_local_model...
[ 2026-04-18 07:52:08 | node_5 | INFO ] ✅ [FORCE] Local model added for round 16. (3/8)
[ 2026-04-18 07:52:08 | node_12 | INFO ] 📈 Evaluated. Results: {'test_loss': 0.5760629773139954, 'test_acc': 0.8239436745643616, 'test_precision': 0.3271297812461853, 'test_recall': 0.2313828468322754, 'test_f1': 0.2541787922382355, 'communication_cost': 62113832}
[ 2026-04-18 07:52:08 | node_18 | INFO ] 📈 Evaluated. Results: {'test_loss': 0.5091554522514343, 'test_acc': 0.817218542098999, 'test_precision': 0.3114967942237854, 'test_recall': 0.2602875530719757, 'test_f1': 0.27945420145988464, 'communication_cost': 50820408}
[ 2026-04-18 07:52:08 | node_12 | INFO ] 📢 Broadcasting metrics.
[ 2026-04-18 07:52:08 | node_2 | INFO ] 📈 Evaluated. Results: {'test_loss': 0.449979305267334, 'test_acc': 0.8786231875419617, 'test_precision': 0.27757522463798523, 'test_recall': 0.2515803575515747, 'test_f1': 0.25773751735687256, 'communication_cost': 45173696}
[ 2026-04-18 07:52:08 | node_18 | INFO ] 📢 Broadcasting metrics.
[ 2026-04-18 07:52:09 | node_2 | INFO ] 📢 Broadcasting metrics.
[ 2026-04-18 07:52:09 | node_13 | INFO ] 🎉 Round 16 of 20 finished.
[ 2026-04-18 07:52:09 | node_13 | INFO ] 🗳️ [DETERMINISTIC] Train set assigned (No Voting). Size: 20
[ 2026-04-18 07:52:09 | node_13 | INFO ] ♻️ Proactively processing 1 early models for round 16.
[ 2026-04-18 07:52:09 | node_13 | INFO ] 🧩 Model added for round 16 (1/9) from ['node_7']
[ 2026-04-18 07:52:09 | node_13 | INFO ] 🏋️‍♀️ Preparing training...
[ 2026-04-18 07:52:09 | node_15 | INFO ] 🎉 Round 16 of 20 finished.
[ 2026-04-18 07:52:09 | node_15 | INFO ] 🗳️ [DETERMINISTIC] Train set assigned (No Voting). Size: 20
[ 2026-04-18 07:52:09 | node_15 | INFO ] ♻️ Proactively processing 2 early models for round 16.
[ 2026-04-18 07:52:09 | node_15 | INFO ] 🧩 Model added for round 16 (1/9) from ['node_7']
[ 2026-04-18 07:52:09 | node_15 | INFO ] 🧩 Model added for round 16 (2/9) from ['node_8']
[ 2026-04-18 07:52:09 | node_15 | INFO ] 🏋️‍♀️ Preparing training...
[ 2026-04-18 07:52:09 | node_13 | INFO ] 🎓 Training step done.
[ 2026-04-18 07:52:09 | node_13 | INFO ] 🛠️ Calling force_add_local_model...
[ 2026-04-18 07:52:09 | node_13 | INFO ] ✅ [FORCE] Local model added for round 16. (2/9)
[ 2026-04-18 07:52:09 | node_2 | INFO ] 🎉 Round 16 of 20 finished.
[ 2026-04-18 07:52:09 | node_2 | INFO ] 🗳️ [DETERMINISTIC] Train set assigned (No Voting). Size: 20
[ 2026-04-18 07:52:09 | node_2 | INFO ] ♻️ Proactively processing 2 early models for round 16.
[ 2026-04-18 07:52:09 | node_2 | INFO ] 🧩 Model added for round 16 (1/9) from ['node_11']
[ 2026-04-18 07:52:09 | node_2 | INFO ] 🧩 Model added for round 16 (2/9) from ['node_4']
[ 2026-04-18 07:52:09 | node_2 | INFO ] 🏋️‍♀️ Preparing training...
[ 2026-04-18 07:52:09 | node_16 | INFO ] ⏹️  Gossiping exited for 10 equal rounds.
[ 2026-04-18 07:52:09 | node_16 | INFO ] 🔬 Evaluating...
[ 2026-04-18 07:52:10 | node_18 | INFO ] 🎉 Round 16 of 20 finished.
[ 2026-04-18 07:52:10 | node_18 | INFO ] 🗳️ [DETERMINISTIC] Train set assigned (No Voting). Size: 20
[ 2026-04-18 07:52:10 | node_18 | INFO ] ♻️ Proactively processing 2 early models for round 16.
[ 2026-04-18 07:52:10 | node_18 | INFO ] 🧩 Model added for round 16 (1/10) from ['node_4']
[ 2026-04-18 07:52:10 | node_18 | INFO ] 🧩 Model added for round 16 (2/10) from ['node_8']
[ 2026-04-18 07:52:10 | node_18 | INFO ] 🏋️‍♀️ Preparing training...
[ 2026-04-18 07:52:10 | node_16 | INFO ] 📈 Evaluated. Results: {'test_loss': 2.4195947647094727, 'test_acc': 0.4864864945411682, 'test_precision': 0.3888888955116272, 'test_recall': 0.3241235911846161, 'test_f1': 0.3135351836681366, 'communication_cost': 39526984}
[ 2026-04-18 07:52:10 | node_12 | INFO ] 🎉 Round 16 of 20 finished.
[ 2026-04-18 07:52:10 | node_16 | INFO ] 📢 Broadcasting metrics.
[ 2026-04-18 07:52:10 | node_12 | INFO ] 🗳️ [DETERMINISTIC] Train set assigned (No Voting). Size: 20
[ 2026-04-18 07:52:10 | node_12 | INFO ] ♻️ Proactively processing 2 early models for round 16.
[ 2026-04-18 07:52:10 | node_12 | INFO ] 🧩 Model added for round 16 (1/12) from ['node_11']
[ 2026-04-18 07:52:10 | node_12 | INFO ] 🧩 Model added for round 16 (2/12) from ['node_7']
[ 2026-04-18 07:52:10 | node_12 | INFO ] 🏋️‍♀️ Preparing training...
[ 2026-04-18 07:52:10 | node_16 | INFO ] 🎉 Round 16 of 20 finished.
[ 2026-04-18 07:52:10 | node_16 | INFO ] 🗳️ [DETERMINISTIC] Train set assigned (No Voting). Size: 20
[ 2026-04-18 07:52:10 | node_2 | INFO ] 🎓 Training step done.
[ 2026-04-18 07:52:10 | node_2 | INFO ] 🛠️ Calling force_add_local_model...
[ 2026-04-18 07:52:10 | node_16 | INFO ] 🏋️‍♀️ Preparing training...
[ 2026-04-18 07:52:10 | node_2 | INFO ] ✅ [FORCE] Local model added for round 16. (3/9)
[ 2026-04-18 07:52:10 | node_12 | INFO ] 🎓 Training step done.
[ 2026-04-18 07:52:10 | node_12 | INFO ] 🛠️ Calling force_add_local_model...
[ 2026-04-18 07:52:10 | node_12 | INFO ] ✅ [FORCE] Local model added for round 16. (3/12)
[ 2026-04-18 07:52:11 | node_14 | INFO ] ⏹️  Gossiping exited for 10 equal rounds.
[ 2026-04-18 07:52:11 | node_14 | INFO ] 🔬 Evaluating...
[ 2026-04-18 07:52:11 | node_17 | INFO ] ⏹️  Gossiping exited for 10 equal rounds.
[ 2026-04-18 07:52:11 | node_17 | INFO ] 🔬 Evaluating...
[ 2026-04-18 07:52:11 | node_14 | INFO ] 📈 Evaluated. Results: {'test_loss': 0.9583800435066223, 'test_acc': 0.7407407164573669, 'test_precision': 0.3321428596973419, 'test_recall': 0.31490492820739746, 'test_f1': 0.30908524990081787, 'communication_cost': 56467120}
[ 2026-04-18 07:52:11 | node_14 | INFO ] 📢 Broadcasting metrics.
[ 2026-04-18 07:52:11 | node_17 | INFO ] 📈 Evaluated. Results: {'test_loss': 2.5268828868865967, 'test_acc': 0.4055555462837219, 'test_precision': 0.25800782442092896, 'test_recall': 0.10211212188005447, 'test_f1': 0.11267614364624023, 'communication_cost': 45173696}
[ 2026-04-18 07:52:11 | node_17 | INFO ] 📢 Broadcasting metrics.
[ 2026-04-18 07:52:11 | node_3 | INFO ] 📤 Sending model to 7 direct neighbors: ['node_2', 'node_6', 'node_8', 'node_11', 'node_14', 'node_15', 'node_16']
[ 2026-04-18 07:52:11 | node_18 | INFO ] 🎓 Training step done.
[ 2026-04-18 07:52:11 | node_16 | INFO ] 🎓 Training step done.
[ 2026-04-18 07:52:11 | node_18 | INFO ] 🛠️ Calling force_add_local_model...
[ 2026-04-18 07:52:11 | node_16 | INFO ] 🛠️ Calling force_add_local_model...
[ 2026-04-18 07:52:11 | node_18 | INFO ] ✅ [FORCE] Local model added for round 16. (3/10)
[ 2026-04-18 07:52:11 | node_16 | INFO ] ✅ [FORCE] Local model added for round 16. (1/8)
[ 2026-04-18 07:52:11 | node_15 | INFO ] 🎓 Training step done.
[ 2026-04-18 07:52:11 | node_2 | INFO ] 🧩 Model added for round 16 (4/9) from ['node_3']
[ 2026-04-18 07:52:11 | node_15 | INFO ] 🛠️ Calling force_add_local_model...
[ 2026-04-18 07:52:11 | node_15 | INFO ] ✅ [FORCE] Local model added for round 16. (3/9)
[ 2026-04-18 07:52:12 | node | INFO ] 📤 Sending model to 7 direct neighbors: ['node_4', 'node_7', 'node_8', 'node_12', 'node_14', 'node_16', 'node_18']
[ 2026-04-18 07:52:12 | node_8 | INFO ] 🧩 Model added for round 16 (4/11) from ['node_3']
[ 2026-04-18 07:52:12 | node_4 | INFO ] 🧩 Model added for round 16 (3/8) from ['node']
[ 2026-04-18 07:52:12 | node_17 | INFO ] 🎉 Round 16 of 20 finished.
[ 2026-04-18 07:52:12 | node_17 | INFO ] 🗳️ [DETERMINISTIC] Train set assigned (No Voting). Size: 20
[ 2026-04-18 07:52:12 | node_14 | INFO ] 🎉 Round 16 of 20 finished.
[ 2026-04-18 07:52:12 | node_17 | INFO ] ♻️ Proactively processing 2 early models for round 16.
[ 2026-04-18 07:52:12 | node_17 | INFO ] 🧩 Model added for round 16 (1/9) from ['node_4']
[ 2026-04-18 07:52:12 | node_14 | INFO ] 🗳️ [DETERMINISTIC] Train set assigned (No Voting). Size: 20
[ 2026-04-18 07:52:12 | node_17 | INFO ] 🧩 Model added for round 16 (2/9) from ['node_8']
[ 2026-04-18 07:52:12 | node_17 | INFO ] 🏋️‍♀️ Preparing training...
[ 2026-04-18 07:52:12 | node_14 | INFO ] ♻️ Proactively processing 1 early models for round 16.
[ 2026-04-18 07:52:12 | node_14 | INFO ] 🧩 Model added for round 16 (1/11) from ['node_8']
[ 2026-04-18 07:52:12 | node_14 | INFO ] 🏋️‍♀️ Preparing training...
[ 2026-04-18 07:52:13 | node_7 | INFO ] 🧩 Model added for round 16 (3/8) from ['node']
[ 2026-04-18 07:52:13 | node_11 | INFO ] 🧩 Model added for round 16 (4/8) from ['node_3']
[ 2026-04-18 07:52:13 | node_14 | INFO ] 🧩 Model added for round 16 (2/11) from ['node_3']
[ 2026-04-18 07:52:13 | node_17 | INFO ] 🎓 Training step done.
[ 2026-04-18 07:52:13 | node_8 | INFO ] 🧩 Model added for round 16 (5/11) from ['node']
[ 2026-04-18 07:52:13 | node_17 | INFO ] 🛠️ Calling force_add_local_model...
[ 2026-04-18 07:52:13 | node_17 | INFO ] ✅ [FORCE] Local model added for round 16. (3/9)
[ 2026-04-18 07:52:13 | node_9 | INFO ] 📤 Sending model to 7 direct neighbors: ['node_6', 'node_7', 'node_10', 'node_13', 'node_16', 'node_17', 'node_18']
[ 2026-04-18 07:52:13 | node_19 | INFO ] 📤 Sending model to 6 direct neighbors: ['node_4', 'node_5', 'node_8', 'node_10', 'node_15', 'node_16']
[ 2026-04-18 07:52:13 | node_5 | INFO ] 📤 Sending model to 7 direct neighbors: ['node_4', 'node_6', 'node_11', 'node_12', 'node_13', 'node_14', 'node_19']
[ 2026-04-18 07:52:13 | node_15 | INFO ] 🧩 Model added for round 16 (4/9) from ['node_3']
[ 2026-04-18 07:52:13 | node_4 | INFO ] 🧩 Model added for round 16 (4/8) from ['node_19']
[ 2026-04-18 07:52:13 | node_7 | INFO ] 🧩 Model added for round 16 (4/8) from ['node_9']
[ 2026-04-18 07:52:14 | node_12 | INFO ] 🧩 Model added for round 16 (4/12) from ['node']
[ 2026-04-18 07:52:14 | node_4 | INFO ] 🧩 Model added for round 16 (5/8) from ['node_5']
[ 2026-04-18 07:52:14 | node_5 | INFO ] 🧩 Model added for round 16 (4/8) from ['node_19']
[ 2026-04-18 07:52:14 | node_16 | INFO ] 🧩 Model added for round 16 (2/8) from ['node_3']
[ 2026-04-18 07:52:14 | node_13 | INFO ] 📤 Sending model to 8 direct neighbors: ['node_1', 'node_2', 'node_5', 'node_6', 'node_7', 'node_9', 'node_17', 'node_18']
[ 2026-04-18 07:52:14 | node_13 | INFO ] 🧩 Model added for round 16 (3/9) from ['node_9']
[ 2026-04-18 07:52:14 | node_14 | INFO ] 🧩 Model added for round 16 (3/11) from ['node']
[ 2026-04-18 07:52:14 | node_14 | INFO ] 🎓 Training step done.
[ 2026-04-18 07:52:14 | node_14 | INFO ] 🛠️ Calling force_add_local_model...
[ 2026-04-18 07:52:14 | node_14 | INFO ] ✅ [FORCE] Local model added for round 16. (4/11)
[ 2026-04-18 07:52:14 | node_11 | INFO ] 🧩 Model added for round 16 (5/8) from ['node_5']
[ 2026-04-18 07:52:14 | node_8 | INFO ] 🧩 Model added for round 16 (6/11) from ['node_19']
[ 2026-04-18 07:52:15 | node_16 | INFO ] 🧩 Model added for round 16 (3/8) from ['node_9']
[ 2026-04-18 07:52:15 | node_12 | INFO ] 🧩 Model added for round 16 (5/12) from ['node_5']
[ 2026-04-18 07:52:15 | node_16 | INFO ] 🧩 Model added for round 16 (4/8) from ['node']
[ 2026-04-18 07:52:15 | node_2 | INFO ] 🧩 Model added for round 16 (5/9) from ['node_13']
[ 2026-04-18 07:52:15 | node_17 | INFO ] 🧩 Model added for round 16 (4/9) from ['node_9']
[ 2026-04-18 07:52:15 | node_18 | INFO ] 🧩 Model added for round 16 (4/10) from ['node']
[ 2026-04-18 07:52:15 | node_15 | INFO ] 🧩 Model added for round 16 (5/9) from ['node_19']
[ 2026-04-18 07:52:15 | node_2 | INFO ] 📤 Sending model to 8 direct neighbors: ['node_1', 'node_3', 'node_4', 'node_11', 'node_12', 'node_13', 'node_14', 'node_15']
[ 2026-04-18 07:52:15 | node_5 | INFO ] 🧩 Model added for round 16 (5/8) from ['node_13']
[ 2026-04-18 07:52:15 | node_12 | INFO ] 📤 Sending model to 11 direct neighbors: ['node', 'node_2', 'node_5', 'node_6', 'node_7', 'node_10', 'node_11', 'node_14', 'node_15', 'node_17', 'node_18']
[ 2026-04-18 07:52:16 | node_13 | INFO ] 🧩 Model added for round 16 (4/9) from ['node_5']
[ 2026-04-18 07:52:16 | node_18 | INFO ] 🧩 Model added for round 16 (5/10) from ['node_9']
[ 2026-04-18 07:52:16 | node | INFO ] 🧩 Model added for round 16 (5/8) from ['node_12']
[ 2026-04-18 07:52:16 | node_14 | INFO ] 🧩 Model added for round 16 (5/11) from ['node_5']
[ 2026-04-18 07:52:16 | node_3 | INFO ] 🧩 Model added for round 16 (4/8) from ['node_2']
[ 2026-04-18 07:52:16 | node_10 | INFO ] ⏹️  Gossiping exited for 10 equal rounds.
[ 2026-04-18 07:52:16 | node_16 | INFO ] 🧩 Model added for round 16 (5/8) from ['node_19']
[ 2026-04-18 07:52:16 | node_16 | INFO ] 📤 Sending model to 7 direct neighbors: ['node', 'node_1', 'node_3', 'node_9', 'node_10', 'node_14', 'node_19']
[ 2026-04-18 07:52:16 | node_18 | INFO ] 📤 Sending model to 9 direct neighbors: ['node', 'node_1', 'node_4', 'node_6', 'node_8', 'node_9', 'node_12', 'node_13', 'node_17']
[ 2026-04-18 07:52:16 | node_10 | INFO ] 🔬 Evaluating...
[ 2026-04-18 07:52:16 | node_15 | INFO ] 📤 Sending model to 8 direct neighbors: ['node_1', 'node_2', 'node_3', 'node_6', 'node_7', 'node_8', 'node_12', 'node_19']
[ 2026-04-18 07:52:16 | node_7 | INFO ] 🧩 Model added for round 16 (5/8) from ['node_13']
[ 2026-04-18 07:52:16 | node_2 | INFO ] 🧩 Model added for round 16 (6/9) from ['node_12']
[ 2026-04-18 07:52:17 | node_10 | INFO ] 📈 Evaluated. Results: {'test_loss': 4.872320175170898, 'test_acc': 0.09322033822536469, 'test_precision': 0.22276030480861664, 'test_recall': 0.08911122381687164, 'test_f1': 0.09752049297094345, 'communication_cost': 33880272}
[ 2026-04-18 07:52:17 | node | INFO ] 🧩 Model added for round 16 (6/8) from ['node_18']
[ 2026-04-18 07:52:17 | node_10 | INFO ] 📢 Broadcasting metrics.
[ 2026-04-18 07:52:17 | node | INFO ] 🧩 Model added for round 16 (7/8) from ['node_16']
[ 2026-04-18 07:52:17 | node_4 | INFO ] 🧩 Model added for round 16 (6/8) from ['node_2']
[ 2026-04-18 07:52:17 | node_19 | INFO ] 🧩 Model added for round 16 (4/7) from ['node_5']
[ 2026-04-18 07:52:17 | node_2 | INFO ] 🧩 Model added for round 16 (7/9) from ['node_15']
[ 2026-04-18 07:52:17 | node_9 | INFO ] 🧩 Model added for round 16 (3/8) from ['node_13']
[ 2026-04-18 07:52:17 | node_5 | INFO ] 🧩 Model added for round 16 (6/8) from ['node_12']
[ 2026-04-18 07:52:17 | node_3 | INFO ] 🧩 Model added for round 16 (5/8) from ['node_16']
[ 2026-04-18 07:52:17 | node_4 | INFO ] 🧩 Model added for round 16 (7/8) from ['node_18']
[ 2026-04-18 07:52:17 | node_17 | INFO ] 🧩 Model added for round 16 (5/9) from ['node_13']
[ 2026-04-18 07:52:17 | node_11 | INFO ] 🧩 Model added for round 16 (6/8) from ['node_2']
[ 2026-04-18 07:52:18 | node_10 | INFO ] 🎉 Round 16 of 20 finished.
[ 2026-04-18 07:52:18 | node_10 | INFO ] 🗳️ [DETERMINISTIC] Train set assigned (No Voting). Size: 20
[ 2026-04-18 07:52:18 | node_3 | INFO ] 🧩 Model added for round 16 (6/8) from ['node_15']
[ 2026-04-18 07:52:18 | node_10 | INFO ] ♻️ Proactively processing 3 early models for round 16.
[ 2026-04-18 07:52:18 | node_10 | INFO ] 🧩 Model added for round 16 (1/7) from ['node_8']
[ 2026-04-18 07:52:18 | node_10 | INFO ] 🧩 Model added for round 16 (2/7) from ['node_9']
[ 2026-04-18 07:52:18 | node_10 | INFO ] 🧩 Model added for round 16 (3/7) from ['node_19']
[ 2026-04-18 07:52:18 | node_10 | INFO ] 🏋️‍♀️ Preparing training...
[ 2026-04-18 07:52:18 | node_17 | INFO ] 📤 Sending model to 8 direct neighbors: ['node_4', 'node_6', 'node_8', 'node_9', 'node_12', 'node_13', 'node_14', 'node_18']
[ 2026-04-18 07:52:18 | node_12 | INFO ] 🧩 Model added for round 16 (6/12) from ['node_2']
[ 2026-04-18 07:52:18 | node_9 | INFO ] 🧩 Model added for round 16 (4/8) from ['node_16']
[ 2026-04-18 07:52:18 | node_18 | INFO ] 🧩 Model added for round 16 (6/10) from ['node_13']
[ 2026-04-18 07:52:18 | node_7 | INFO ] 🧩 Model added for round 16 (6/8) from ['node_12']
[ 2026-04-18 07:52:18 | node_6 | INFO ] ⏹️  Gossiping exited for 10 equal rounds.
[ 2026-04-18 07:52:18 | node_6 | INFO ] 🔬 Evaluating...
[ 2026-04-18 07:52:18 | node_4 | INFO ] 🧩 Model added for round 16 (8/8) from ['node_17']
[ 2026-04-18 07:52:18 | node_8 | INFO ] 🧩 Model added for round 16 (7/11) from ['node_18']
[ 2026-04-18 07:52:19 | node_7 | INFO ] 🧩 Model added for round 16 (7/8) from ['node_15']
[ 2026-04-18 07:52:19 | node_10 | INFO ] 🧩 Model added for round 16 (4/7) from ['node_16']
[ 2026-04-18 07:52:19 | node_6 | INFO ] 📈 Evaluated. Results: {'test_loss': 0.9547227621078491, 'test_acc': 0.6869763731956482, 'test_precision': 0.20715650916099548, 'test_recall': 0.15307678282260895, 'test_f1': 0.17442388832569122, 'communication_cost': 62113832}
[ 2026-04-18 07:52:19 | node_13 | INFO ] 🧩 Model added for round 16 (5/9) from ['node_2']
[ 2026-04-18 07:52:19 | node_6 | INFO ] 📢 Broadcasting metrics.
[ 2026-04-18 07:52:19 | node_10 | INFO ] 🧩 Model added for round 16 (5/7) from ['node_12']
[ 2026-04-18 07:52:19 | node_9 | INFO ] 🧩 Model added for round 16 (5/8) from ['node_18']
[ 2026-04-18 07:52:19 | node_8 | INFO ] 🧩 Model added for round 16 (8/11) from ['node_15']
[ 2026-04-18 07:52:19 | node_1 | INFO ] ⏹️  Gossiping exited for 10 equal rounds.
[ 2026-04-18 07:52:19 | node_1 | INFO ] 🔬 Evaluating...
[ 2026-04-18 07:52:19 | node_10 | INFO ] 🎓 Training step done.
[ 2026-04-18 07:52:19 | node_10 | INFO ] 🛠️ Calling force_add_local_model...
[ 2026-04-18 07:52:19 | node_11 | INFO ] 🧩 Model added for round 16 (7/8) from ['node_12']
[ 2026-04-18 07:52:19 | node_10 | INFO ] ✅ [FORCE] Local model added for round 16. (6/7)
[ 2026-04-18 07:52:19 | node_8 | INFO ] 🧩 Model added for round 16 (9/11) from ['node_17']
[ 2026-04-18 07:52:19 | node_14 | INFO ] 🧩 Model added for round 16 (6/11) from ['node_16']
[ 2026-04-18 07:52:19 | node_14 | INFO ] 🧩 Model added for round 16 (7/11) from ['node_2']
[ 2026-04-18 07:52:19 | node_14 | INFO ] 📤 Sending model to 10 direct neighbors: ['node', 'node_1', 'node_2', 'node_3', 'node_5', 'node_6', 'node_8', 'node_12', 'node_16', 'node_17']
[ 2026-04-18 07:52:19 | node_1 | INFO ] 📈 Evaluated. Results: {'test_loss': 1.2069330215454102, 'test_acc': 0.6302083134651184, 'test_precision': 0.23252028226852417, 'test_recall': 0.17330163717269897, 'test_f1': 0.18329894542694092, 'communication_cost': 50820408}
[ 2026-04-18 07:52:19 | node_1 | INFO ] 📢 Broadcasting metrics.
[ 2026-04-18 07:52:20 | node | INFO ] 🧩 Model added for round 16 (8/8) from ['node_14']
[ 2026-04-18 07:52:20 | node_12 | INFO ] 🧩 Model added for round 16 (7/12) from ['node_18']
[ 2026-04-18 07:52:20 | node_12 | INFO ] 🧩 Model added for round 16 (8/12) from ['node_15']
[ 2026-04-18 07:52:20 | node_9 | INFO ] 🧩 Model added for round 16 (6/8) from ['node_17']
[ 2026-04-18 07:52:20 | node_14 | INFO ] 🧩 Model added for round 16 (8/11) from ['node_12']
[ 2026-04-18 07:52:20 | ModelPackager | INFO ] Round 16: Consensus detected (dist: 0.000556). Patience: 1/1
[ 2026-04-18 07:52:20 | node_19 | INFO ] 🧩 Model added for round 16 (5/7) from ['node_16']
[ 2026-04-18 07:52:20 | node_15 | INFO ] 🧩 Model added for round 16 (6/9) from ['node_2']
[ 2026-04-18 07:52:20 | node_6 | INFO ] 🎉 Round 16 of 20 finished.
[ 2026-04-18 07:52:20 | node_6 | INFO ] 🗳️ [DETERMINISTIC] Train set assigned (No Voting). Size: 20
[ 2026-04-18 07:52:20 | node_6 | INFO ] ♻️ Proactively processing 8 early models for round 16.
[ 2026-04-18 07:52:20 | node_6 | INFO ] 🧩 Model added for round 16 (1/12) from ['node_3']
[ 2026-04-18 07:52:20 | node_6 | INFO ] 🧩 Model added for round 16 (2/12) from ['node_9']
[ 2026-04-18 07:52:20 | node_6 | INFO ] 🧩 Model added for round 16 (3/12) from ['node_5']
[ 2026-04-18 07:52:20 | node_6 | INFO ] 🧩 Model added for round 16 (4/12) from ['node_13']
[ 2026-04-18 07:52:20 | node_6 | INFO ] 🧩 Model added for round 16 (5/12) from ['node_12']
[ 2026-04-18 07:52:20 | node_6 | INFO ] 🧩 Model added for round 16 (6/12) from ['node_18']
[ 2026-04-18 07:52:20 | node_6 | INFO ] 🧩 Model added for round 16 (7/12) from ['node_15']
[ 2026-04-18 07:52:20 | node_6 | INFO ] 🧩 Model added for round 16 (8/12) from ['node_17']
[ 2026-04-18 07:52:20 | node_6 | INFO ] 🏋️‍♀️ Preparing training...
[ 2026-04-18 07:52:21 | node_2 | INFO ] 🧩 Model added for round 16 (8/9) from ['node_14']
[ 2026-04-18 07:52:21 | node_4 | INFO ] 🧠 Aggregation complete. Setting new model.
[ 2026-04-18 07:52:21 | node_12 | INFO ] 🧩 Model added for round 16 (9/12) from ['node_17']
[ 2026-04-18 07:52:21 | node_13 | INFO ] 🧩 Model added for round 16 (6/9) from ['node_18']
[ 2026-04-18 07:52:21 | node_15 | INFO ] 🧩 Model added for round 16 (7/9) from ['node_12']
[ 2026-04-18 07:52:21 | ModelPackager | INFO ] Round 16: Consensus detected (dist: 0.000590). Patience: 1/1
[ 2026-04-18 07:52:21 | ModelPackager | INFO ] 🌟 Node node is AUTHORIZED. Starting packaging & push...
[ 2026-04-18 07:52:21 | node | INFO ] 🧠 Aggregation complete. Setting new model.
[ 2026-04-18 07:52:21 | node_1 | INFO ] 🎉 Round 16 of 20 finished.
[ 2026-04-18 07:52:21 | node_1 | INFO ] 🗳️ [DETERMINISTIC] Train set assigned (No Voting). Size: 20
[ 2026-04-18 07:52:21 | node_19 | INFO ] 🧩 Model added for round 16 (6/7) from ['node_15']
[ 2026-04-18 07:52:21 | node_1 | INFO ] ♻️ Proactively processing 8 early models for round 16.
[ 2026-04-18 07:52:21 | node_1 | INFO ] 🧩 Model added for round 16 (1/10) from ['node_11']
[ 2026-04-18 07:52:21 | node_4 | INFO ] 🗣️ Gossiping aggregated model.
[ 2026-04-18 07:52:21 | node_1 | INFO ] 🧩 Model added for round 16 (2/10) from ['node_7']
[ 2026-04-18 07:52:21 | node_1 | INFO ] 🧩 Model added for round 16 (3/10) from ['node_13']
[ 2026-04-18 07:52:21 | node_1 | INFO ] 🧩 Model added for round 16 (4/10) from ['node_2']
[ 2026-04-18 07:52:21 | node_1 | INFO ] 🧩 Model added for round 16 (5/10) from ['node_15']
[ 2026-04-18 07:52:21 | node_1 | INFO ] 🧩 Model added for round 16 (6/10) from ['node_16']
[ 2026-04-18 07:52:21 | node_1 | INFO ] 🧩 Model added for round 16 (7/10) from ['node_18']
[ 2026-04-18 07:52:21 | node_1 | INFO ] 🧩 Model added for round 16 (8/10) from ['node_14']
[ 2026-04-18 07:52:21 | node_1 | INFO ] 🏋️‍♀️ Preparing training...
[ 2026-04-18 07:52:21 | node | INFO ] 🗣️ Gossiping aggregated model.
[ 2026-04-18 07:52:21 | node_17 | INFO ] 🧩 Model added for round 16 (6/9) from ['node_18']
[ 2026-04-18 07:52:21 | node_3 | INFO ] 🧩 Model added for round 16 (7/8) from ['node_14']
[ 2026-04-18 07:52:21 | node_13 | INFO ] 🧩 Model added for round 16 (7/9) from ['node_17']
[ 2026-04-18 07:52:21 | node_6 | INFO ] 🎓 Training step done.
[ 2026-04-18 07:52:21 | node_6 | INFO ] 🛠️ Calling force_add_local_model...
[ 2026-04-18 07:52:21 | node_6 | INFO ] ✅ [FORCE] Local model added for round 16. (9/12)
[ 2026-04-18 07:52:21 | node_17 | INFO ] 🧩 Model added for round 16 (7/9) from ['node_12']
[ 2026-04-18 07:52:22 | node_14 | INFO ] 🧩 Model added for round 16 (9/11) from ['node_17']
[ 2026-04-18 07:52:22 | node_5 | INFO ] 🧩 Model added for round 16 (7/8) from ['node_14']
[ 2026-04-18 07:52:22 | node_18 | INFO ] 🧩 Model added for round 16 (7/10) from ['node_12']
[ 2026-04-18 07:52:22 | node_1 | INFO ] 🎓 Training step done.
[ 2026-04-18 07:52:22 | node_1 | INFO ] 🛠️ Calling force_add_local_model...
[ 2026-04-18 07:52:22 | node_1 | INFO ] ✅ [FORCE] Local model added for round 16. (9/10)
[ 2026-04-18 07:52:22 | node_6 | INFO ] 🧩 Model added for round 16 (10/12) from ['node_14']
[ 2026-04-18 07:52:22 | node_18 | INFO ] 🧩 Model added for round 16 (8/10) from ['node_17']
[ 2026-04-18 07:52:23 | node_8 | INFO ] 🧩 Model added for round 16 (10/11) from ['node_14']
[ 2026-04-18 07:52:23 | node_12 | INFO ] 🧩 Model added for round 16 (10/12) from ['node_14']
[ 2026-04-18 07:52:23 | node_16 | INFO ] 🧩 Model added for round 16 (6/8) from ['node_14']
[ 2026-04-18 07:52:24 | node_17 | INFO ] 🧩 Model added for round 16 (8/9) from ['node_14']
[ 2026-04-18 07:52:24 | node_10 | INFO ] 📤 Sending model to 6 direct neighbors: ['node_6', 'node_8', 'node_9', 'node_12', 'node_16', 'node_19']
[ 2026-04-18 07:52:24 | node_6 | INFO ] 🧩 Model added for round 16 (11/12) from ['node_10']
[ 2026-04-18 07:52:25 | node_8 | INFO ] 🧩 Model added for round 16 (11/11) from ['node_10']
[ 2026-04-18 07:52:25 | node_9 | INFO ] 🧩 Model added for round 16 (7/8) from ['node_10']
[ 2026-04-18 07:52:26 | ModelPackager | INFO ] Round 16: Consensus detected (dist: 0.000712). Patience: 1/1
[ 2026-04-18 07:52:26 | node_12 | INFO ] 🧩 Model added for round 16 (11/12) from ['node_10']
[ 2026-04-18 07:52:26 | node_8 | INFO ] 🧠 Aggregation complete. Setting new model.
[ 2026-04-18 07:52:26 | node_8 | INFO ] 🗣️ Gossiping aggregated model.
[ 2026-04-18 07:52:26 | node_6 | INFO ] 📤 Sending model to 11 direct neighbors: ['node_1', 'node_3', 'node_5', 'node_9', 'node_10', 'node_12', 'node_13', 'node_14', 'node_15', 'node_17', 'node_18']
[ 2026-04-18 07:52:27 | node_16 | INFO ] 🧩 Model added for round 16 (7/8) from ['node_10']
[ 2026-04-18 07:52:27 | node_1 | INFO ] 🧩 Model added for round 16 (10/10) from ['node_6']
[ 2026-04-18 07:52:27 | node_19 | INFO ] 🧩 Model added for round 16 (7/7) from ['node_10']
[ 2026-04-18 07:52:27 | node_1 | INFO ] 📤 Sending model to 9 direct neighbors: ['node_2', 'node_6', 'node_7', 'node_11', 'node_13', 'node_14', 'node_15', 'node_16', 'node_18']
[ 2026-04-18 07:52:27 | node_3 | INFO ] 🧩 Model added for round 16 (8/8) from ['node_6']
[ 2026-04-18 07:52:28 | node_2 | INFO ] 🧩 Model added for round 16 (9/9) from ['node_1']
[ 2026-04-18 07:52:28 | node_5 | INFO ] 🧩 Model added for round 16 (8/8) from ['node_6']
[ 2026-04-18 07:52:28 | ModelPackager | INFO ] Round 16: Consensus detected (dist: 0.000663). Patience: 1/1
[ 2026-04-18 07:52:28 | ModelPackager | INFO ] Round 16: Consensus detected (dist: 0.000608). Patience: 1/1
[ 2026-04-18 07:52:28 | ModelPackager | INFO ] Round 16: Consensus detected (dist: 0.000611). Patience: 1/1
[ 2026-04-18 07:52:28 | node_2 | INFO ] 🧠 Aggregation complete. Setting new model.
[ 2026-04-18 07:52:28 | node_19 | INFO ] 🧠 Aggregation complete. Setting new model.
[ 2026-04-18 07:52:28 | node_3 | INFO ] 🧠 Aggregation complete. Setting new model.
[ 2026-04-18 07:52:28 | node_6 | INFO ] 🧩 Model added for round 16 (12/12) from ['node_1']
[ 2026-04-18 07:52:28 | ModelPackager | INFO ] Round 16: Consensus detected (dist: 0.000524). Patience: 1/1
[ 2026-04-18 07:52:29 | node_2 | INFO ] 🗣️ Gossiping aggregated model.
[ 2026-04-18 07:52:29 | node_19 | INFO ] 🗣️ Gossiping aggregated model.
[ 2026-04-18 07:52:29 | node_3 | INFO ] 🗣️ Gossiping aggregated model.
[ 2026-04-18 07:52:29 | node_9 | INFO ] 🧩 Model added for round 16 (8/8) from ['node_6']
[ 2026-04-18 07:52:29 | node_5 | INFO ] 🧠 Aggregation complete. Setting new model.
[ 2026-04-18 07:52:29 | node_7 | INFO ] 🧩 Model added for round 16 (8/8) from ['node_1']
[ 2026-04-18 07:52:29 | node_5 | INFO ] 🗣️ Gossiping aggregated model.
[ 2026-04-18 07:52:29 | node_10 | INFO ] 🧩 Model added for round 16 (7/7) from ['node_6']
[ 2026-04-18 07:52:30 | node_12 | INFO ] 🧩 Model added for round 16 (12/12) from ['node_6']
[ 2026-04-18 07:52:30 | node_11 | INFO ] 🧩 Model added for round 16 (8/8) from ['node_1']
[ 2026-04-18 07:52:30 | ModelPackager | INFO ] Round 16: Consensus detected (dist: 0.000559). Patience: 1/1
[ 2026-04-18 07:52:30 | node_9 | INFO ] 🧠 Aggregation complete. Setting new model.
[ 2026-04-18 07:52:30 | ModelPackager | INFO ] Round 16: Consensus detected (dist: 0.000587). Patience: 1/1
[ 2026-04-18 07:52:30 | node_10 | INFO ] 🧠 Aggregation complete. Setting new model.
[ 2026-04-18 07:52:30 | ModelPackager | INFO ] Round 16: Consensus detected (dist: 0.000660). Patience: 1/1
[ 2026-04-18 07:52:30 | ModelPackager | INFO ] Round 16: Consensus detected (dist: 0.000478). Patience: 1/1
[ 2026-04-18 07:52:30 | ModelPackager | INFO ] Round 16: Consensus detected (dist: 0.000740). Patience: 1/1
[ 2026-04-18 07:52:30 | node_9 | INFO ] 🗣️ Gossiping aggregated model.
[ 2026-04-18 07:52:31 | node_10 | INFO ] 🗣️ Gossiping aggregated model.
[ 2026-04-18 07:52:31 | node_13 | INFO ] 🧩 Model added for round 16 (8/9) from ['node_1']
[ 2026-04-18 07:52:31 | node_11 | INFO ] 🧠 Aggregation complete. Setting new model.
[ 2026-04-18 07:52:31 | node_7 | INFO ] 🧠 Aggregation complete. Setting new model.
[ 2026-04-18 07:52:31 | node_13 | INFO ] 🧩 Model added for round 16 (9/9) from ['node_6']
[ 2026-04-18 07:52:31 | node_12 | INFO ] 🧠 Aggregation complete. Setting new model.
[ 2026-04-18 07:52:31 | node_11 | INFO ] 🗣️ Gossiping aggregated model.
[ 2026-04-18 07:52:31 | node_7 | INFO ] 🗣️ Gossiping aggregated model.
[ 2026-04-18 07:52:31 | node_14 | INFO ] 🧩 Model added for round 16 (10/11) from ['node_1']
[ 2026-04-18 07:52:31 | node_12 | INFO ] 🗣️ Gossiping aggregated model.
[ 2026-04-18 07:52:31 | node_14 | INFO ] 🧩 Model added for round 16 (11/11) from ['node_6']
[ 2026-04-18 07:52:32 | ModelPackager | INFO ] Round 16: Consensus detected (dist: 0.000584). Patience: 1/1
[ 2026-04-18 07:52:32 | node_15 | INFO ] 🧩 Model added for round 16 (8/9) from ['node_6']
[ 2026-04-18 07:52:32 | node_15 | INFO ] 🧩 Model added for round 16 (9/9) from ['node_1']
[ 2026-04-18 07:52:32 | ModelPackager | INFO ] Round 16: Consensus detected (dist: 0.000522). Patience: 1/1
[ 2026-04-18 07:52:32 | node_13 | INFO ] 🧠 Aggregation complete. Setting new model.
[ 2026-04-18 07:52:32 | node_17 | INFO ] 🧩 Model added for round 16 (9/9) from ['node_6']
[ 2026-04-18 07:52:32 | node_13 | INFO ] 🗣️ Gossiping aggregated model.
[ 2026-04-18 07:52:32 | node_16 | INFO ] 🧩 Model added for round 16 (8/8) from ['node_1']
[ 2026-04-18 07:52:33 | node_14 | INFO ] 🧠 Aggregation complete. Setting new model.
[ 2026-04-18 07:52:33 | ModelPackager | INFO ] Round 16: Consensus detected (dist: 0.000605). Patience: 1/1
[ 2026-04-18 07:52:33 | ModelPackager | INFO ] Round 16: Consensus detected (dist: 0.000586). Patience: 1/1
[ 2026-04-18 07:52:33 | ModelPackager | INFO ] Round 16: Consensus detected (dist: 0.000575). Patience: 1/1
[ 2026-04-18 07:52:33 | node_18 | INFO ] 🧩 Model added for round 16 (9/10) from ['node_6']
[ 2026-04-18 07:52:33 | node_14 | INFO ] 🗣️ Gossiping aggregated model.
[ 2026-04-18 07:52:33 | node_18 | INFO ] 🧩 Model added for round 16 (10/10) from ['node_1']
[ 2026-04-18 07:52:33 | node_16 | INFO ] 🧠 Aggregation complete. Setting new model.
[ 2026-04-18 07:52:33 | node_15 | INFO ] 🧠 Aggregation complete. Setting new model.
[ 2026-04-18 07:52:34 | node_17 | INFO ] 🧠 Aggregation complete. Setting new model.
[ 2026-04-18 07:52:34 | node_16 | INFO ] 🗣️ Gossiping aggregated model.
[ 2026-04-18 07:52:34 | node_15 | INFO ] 🗣️ Gossiping aggregated model.
[ 2026-04-18 07:52:34 | node_17 | INFO ] 🗣️ Gossiping aggregated model.
[ 2026-04-18 07:52:34 | ModelPackager | INFO ] Round 16: Consensus detected (dist: 0.000518). Patience: 1/1
[ 2026-04-18 07:52:34 | ModelPackager | INFO ] Round 16: Consensus detected (dist: 0.000746). Patience: 1/1
[ 2026-04-18 07:52:34 | ModelPackager | INFO ] Round 16: Consensus detected (dist: 0.000690). Patience: 1/1
[ 2026-04-18 07:52:34 | node_18 | INFO ] 🧠 Aggregation complete. Setting new model.
[ 2026-04-18 07:52:35 | node | INFO ] 🤫 Gossip finished.
[ 2026-04-18 07:52:35 | node | INFO ] 🔬 Evaluating...
[ 2026-04-18 07:52:35 | node_18 | INFO ] 🗣️ Gossiping aggregated model.
[ 2026-04-18 07:52:35 | node_19 | INFO ] 🤫 Gossip finished.
[ 2026-04-18 07:52:35 | node_19 | INFO ] 🔬 Evaluating...
[ 2026-04-18 07:52:35 | node | INFO ] 📈 Evaluated. Results: {'test_loss': 2.1506896018981934, 'test_acc': 0.4012157917022705, 'test_precision': 0.3046121299266815, 'test_recall': 0.1954837292432785, 'test_f1': 0.21313722431659698, 'communication_cost': 39526984}
[ 2026-04-18 07:52:35 | node | INFO ] 📢 Broadcasting metrics.
[ 2026-04-18 07:52:35 | node_1 | INFO ] 🧠 Aggregation complete. Setting new model.
[ 2026-04-18 07:52:35 | node_6 | INFO ] 🧠 Aggregation complete. Setting new model.
[ 2026-04-18 07:52:35 | node_19 | INFO ] 📈 Evaluated. Results: {'test_loss': 5.115567684173584, 'test_acc': 0.2954091727733612, 'test_precision': 0.26188716292381287, 'test_recall': 0.15513908863067627, 'test_f1': 0.13753342628479004, 'communication_cost': 33880272}
[ 2026-04-18 07:52:35 | node_19 | INFO ] 📢 Broadcasting metrics.
[ 2026-04-18 07:52:35 | node_1 | INFO ] 🗣️ Gossiping aggregated model.
[ 2026-04-18 07:52:35 | node_17 | INFO ] 🤫 Gossip finished.
[ 2026-04-18 07:52:35 | node_17 | INFO ] 🔬 Evaluating...
[ 2026-04-18 07:52:35 | node_6 | INFO ] 🗣️ Gossiping aggregated model.
[ 2026-04-18 07:52:35 | node_17 | INFO ] 📈 Evaluated. Results: {'test_loss': 2.48740291595459, 'test_acc': 0.39444443583488464, 'test_precision': 0.2724522650241852, 'test_recall': 0.10016767680644989, 'test_f1': 0.10909847915172577, 'communication_cost': 45173696}
[ 2026-04-18 07:52:35 | node_17 | INFO ] 📢 Broadcasting metrics.
[ 2026-04-18 07:52:36 | node | INFO ] 🎉 Round 17 of 20 finished.
[ 2026-04-18 07:52:36 | node | INFO ] 🗳️ [DETERMINISTIC] Train set assigned (No Voting). Size: 20
[ 2026-04-18 07:52:36 | node | INFO ] 🏋️‍♀️ Preparing training...
[ 2026-04-18 07:52:36 | node_19 | INFO ] 🎉 Round 17 of 20 finished.
[ 2026-04-18 07:52:36 | node_19 | INFO ] 🗳️ [DETERMINISTIC] Train set assigned (No Voting). Size: 20
[ 2026-04-18 07:52:36 | node_19 | INFO ] 🏋️‍♀️ Preparing training...
[ 2026-04-18 07:52:36 | node_17 | INFO ] 🎉 Round 17 of 20 finished.
[ 2026-04-18 07:52:36 | node_17 | INFO ] 🗳️ [DETERMINISTIC] Train set assigned (No Voting). Size: 20
[ 2026-04-18 07:52:36 | node_17 | INFO ] 🏋️‍♀️ Preparing training...
[ 2026-04-18 07:52:36 | node | INFO ] 🎓 Training step done.
[ 2026-04-18 07:52:36 | node | INFO ] 🛠️ Calling force_add_local_model...
[ 2026-04-18 07:52:36 | node | INFO ] ✅ [FORCE] Local model added for round 17. (1/8)
[ 2026-04-18 07:52:36 | node_19 | INFO ] 🎓 Training step done.
[ 2026-04-18 07:52:36 | node_19 | INFO ] 🛠️ Calling force_add_local_model...
[ 2026-04-18 07:52:36 | node_19 | INFO ] ✅ [FORCE] Local model added for round 17. (1/7)
[ 2026-04-18 07:52:37 | node_17 | INFO ] 🎓 Training step done.
[ 2026-04-18 07:52:37 | node_17 | INFO ] 🛠️ Calling force_add_local_model...
[ 2026-04-18 07:52:37 | node_17 | INFO ] ✅ [FORCE] Local model added for round 17. (1/9)
[ 2026-04-18 07:52:41 | node | INFO ] 📤 Sending model to 7 direct neighbors: ['node_4', 'node_7', 'node_8', 'node_12', 'node_14', 'node_16', 'node_18']
[ 2026-04-18 07:52:41 | node_19 | INFO ] 📤 Sending model to 6 direct neighbors: ['node_4', 'node_5', 'node_8', 'node_10', 'node_15', 'node_16']
[ 2026-04-18 07:52:42 | node_17 | INFO ] 📤 Sending model to 8 direct neighbors: ['node_4', 'node_6', 'node_8', 'node_9', 'node_12', 'node_13', 'node_14', 'node_18']
[ 2026-04-18 07:52:44 | node_9 | INFO ] ⏹️  Gossiping exited for 10 equal rounds.
[ 2026-04-18 07:52:44 | node_9 | INFO ] 🔬 Evaluating...
[ 2026-04-18 07:52:44 | node_3 | INFO ] ⏹️  Gossiping exited for 10 equal rounds.
[ 2026-04-18 07:52:44 | node_3 | INFO ] 🔬 Evaluating...
[ 2026-04-18 07:52:44 | node_9 | INFO ] 📈 Evaluated. Results: {'test_loss': 0.6221134066581726, 'test_acc': 0.7994791865348816, 'test_precision': 0.2775150239467621, 'test_recall': 0.21717458963394165, 'test_f1': 0.23310931026935577, 'communication_cost': 39526984}
[ 2026-04-18 07:52:44 | node_9 | INFO ] 📢 Broadcasting metrics.
[ 2026-04-18 07:52:44 | node_3 | INFO ] 📈 Evaluated. Results: {'test_loss': 1.2217410802841187, 'test_acc': 0.636734664440155, 'test_precision': 0.44704222679138184, 'test_recall': 0.30527767539024353, 'test_f1': 0.3350096046924591, 'communication_cost': 39526984}
[ 2026-04-18 07:52:44 | node_3 | INFO ] 📢 Broadcasting metrics.
[ 2026-04-18 07:52:45 | node_3 | INFO ] 🎉 Round 17 of 20 finished.
[ 2026-04-18 07:52:45 | node_9 | INFO ] 🎉 Round 17 of 20 finished.
[ 2026-04-18 07:52:45 | node_3 | INFO ] 🗳️ [DETERMINISTIC] Train set assigned (No Voting). Size: 20
[ 2026-04-18 07:52:45 | node_9 | INFO ] 🗳️ [DETERMINISTIC] Train set assigned (No Voting). Size: 20
[ 2026-04-18 07:52:45 | node_3 | INFO ] 🏋️‍♀️ Preparing training...
[ 2026-04-18 07:52:45 | node_9 | INFO ] ♻️ Proactively processing 1 early models for round 17.
[ 2026-04-18 07:52:45 | node_9 | INFO ] 🧩 Model added for round 17 (1/8) from ['node_17']
[ 2026-04-18 07:52:45 | node_9 | INFO ] 🏋️‍♀️ Preparing training...
[ 2026-04-18 07:52:45 | node_3 | INFO ] 🎓 Training step done.
[ 2026-04-18 07:52:45 | node_3 | INFO ] 🛠️ Calling force_add_local_model...
[ 2026-04-18 07:52:45 | node_7 | INFO ] ⏹️  Gossiping exited for 10 equal rounds.
[ 2026-04-18 07:52:45 | node_3 | INFO ] ✅ [FORCE] Local model added for round 17. (1/8)
[ 2026-04-18 07:52:45 | node_9 | INFO ] 🎓 Training step done.
[ 2026-04-18 07:52:45 | node_7 | INFO ] 🔬 Evaluating...
[ 2026-04-18 07:52:45 | node_9 | INFO ] 🛠️ Calling force_add_local_model...
[ 2026-04-18 07:52:45 | node_9 | INFO ] ✅ [FORCE] Local model added for round 17. (2/8)
[ 2026-04-18 07:52:46 | node_7 | INFO ] 📈 Evaluated. Results: {'test_loss': 4.922220706939697, 'test_acc': 0.2332112342119217, 'test_precision': 0.23246000707149506, 'test_recall': 0.10642413049936295, 'test_f1': 0.11601059883832932, 'communication_cost': 39526984}
[ 2026-04-18 07:52:46 | node_7 | INFO ] 📢 Broadcasting metrics.
[ 2026-04-18 07:52:46 | node_10 | INFO ] ⏹️  Gossiping exited for 10 equal rounds.
[ 2026-04-18 07:52:46 | node_10 | INFO ] 🔬 Evaluating...
[ 2026-04-18 07:52:46 | node_10 | INFO ] 📈 Evaluated. Results: {'test_loss': 4.397994518280029, 'test_acc': 0.10169491171836853, 'test_precision': 0.22276030480861664, 'test_recall': 0.08969607949256897, 'test_f1': 0.09956800937652588, 'communication_cost': 33880272}
[ 2026-04-18 07:52:46 | node_10 | INFO ] 📢 Broadcasting metrics.
[ 2026-04-18 07:52:46 | node_7 | INFO ] 🎉 Round 17 of 20 finished.
[ 2026-04-18 07:52:46 | node_7 | INFO ] 🗳️ [DETERMINISTIC] Train set assigned (No Voting). Size: 20
[ 2026-04-18 07:52:46 | node_7 | INFO ] ♻️ Proactively processing 1 early models for round 17.
[ 2026-04-18 07:52:46 | node_7 | INFO ] 🧩 Model added for round 17 (1/8) from ['node']
[ 2026-04-18 07:52:46 | node_7 | INFO ] 🏋️‍♀️ Preparing training...
[ 2026-04-18 07:52:47 | node_7 | INFO ] 🎓 Training step done.
[ 2026-04-18 07:52:47 | node_7 | INFO ] 🛠️ Calling force_add_local_model...
[ 2026-04-18 07:52:47 | node_13 | INFO ] ⏹️  Gossiping exited for 10 equal rounds.
[ 2026-04-18 07:52:47 | node_7 | INFO ] ✅ [FORCE] Local model added for round 17. (2/8)
[ 2026-04-18 07:52:47 | node_13 | INFO ] 🔬 Evaluating...
[ 2026-04-18 07:52:47 | node_11 | INFO ] ⏹️  Gossiping exited for 10 equal rounds.
[ 2026-04-18 07:52:47 | node_10 | INFO ] 🎉 Round 17 of 20 finished.
[ 2026-04-18 07:52:47 | node_11 | INFO ] 🔬 Evaluating...
[ 2026-04-18 07:52:47 | node_10 | INFO ] 🗳️ [DETERMINISTIC] Train set assigned (No Voting). Size: 20
[ 2026-04-18 07:52:47 | node_13 | INFO ] 📈 Evaluated. Results: {'test_loss': 5.120113849639893, 'test_acc': 0.1483253538608551, 'test_precision': 0.35021111369132996, 'test_recall': 0.34302207827568054, 'test_f1': 0.23502346873283386, 'communication_cost': 45173696}
[ 2026-04-18 07:52:47 | node_10 | INFO ] ♻️ Proactively processing 1 early models for round 17.
[ 2026-04-18 07:52:47 | node_13 | INFO ] 📢 Broadcasting metrics.
[ 2026-04-18 07:52:47 | node_10 | INFO ] 🧩 Model added for round 17 (1/7) from ['node_19']
[ 2026-04-18 07:52:47 | node_10 | INFO ] 🏋️‍♀️ Preparing training...
[ 2026-04-18 07:52:47 | node_11 | INFO ] 📈 Evaluated. Results: {'test_loss': 1.4953460693359375, 'test_acc': 0.4954128563404083, 'test_precision': 0.19351841509342194, 'test_recall': 0.11336677521467209, 'test_f1': 0.13830192387104034, 'communication_cost': 39526984}
[ 2026-04-18 07:52:47 | node_11 | INFO ] 📢 Broadcasting metrics.
[ 2026-04-18 07:52:48 | node_11 | INFO ] 🎉 Round 17 of 20 finished.
[ 2026-04-18 07:52:48 | node_13 | INFO ] 🎉 Round 17 of 20 finished.
[ 2026-04-18 07:52:48 | node_11 | INFO ] 🗳️ [DETERMINISTIC] Train set assigned (No Voting). Size: 20
[ 2026-04-18 07:52:48 | node_13 | INFO ] 🗳️ [DETERMINISTIC] Train set assigned (No Voting). Size: 20
[ 2026-04-18 07:52:48 | node_13 | INFO ] ♻️ Proactively processing 1 early models for round 17.
[ 2026-04-18 07:52:48 | node_13 | INFO ] 🧩 Model added for round 17 (1/9) from ['node_17']
[ 2026-04-18 07:52:48 | node_11 | INFO ] 🏋️‍♀️ Preparing training...
[ 2026-04-18 07:52:48 | node_13 | INFO ] 🏋️‍♀️ Preparing training...
[ 2026-04-18 07:52:48 | node_13 | INFO ] 🎓 Training step done.
[ 2026-04-18 07:52:48 | node_13 | INFO ] 🛠️ Calling force_add_local_model...
[ 2026-04-18 07:52:48 | node_13 | INFO ] ✅ [FORCE] Local model added for round 17. (2/9)
[ 2026-04-18 07:52:48 | node_16 | INFO ] ⏹️  Gossiping exited for 10 equal rounds.
[ 2026-04-18 07:52:48 | node_16 | INFO ] 🔬 Evaluating...
[ 2026-04-18 07:52:48 | node_15 | INFO ] ⏹️  Gossiping exited for 10 equal rounds.
[ 2026-04-18 07:52:48 | node_15 | INFO ] 🔬 Evaluating...
[ 2026-04-18 07:52:48 | node_11 | INFO ] 🎓 Training step done.
[ 2026-04-18 07:52:48 | node_16 | INFO ] 📈 Evaluated. Results: {'test_loss': 2.252127170562744, 'test_acc': 0.4864864945411682, 'test_precision': 0.3888888955116272, 'test_recall': 0.3241235911846161, 'test_f1': 0.3135351836681366, 'communication_cost': 39526984}
[ 2026-04-18 07:52:48 | node_11 | INFO ] 🛠️ Calling force_add_local_model...
[ 2026-04-18 07:52:48 | node_16 | INFO ] 📢 Broadcasting metrics.
[ 2026-04-18 07:52:48 | node_11 | INFO ] ✅ [FORCE] Local model added for round 17. (1/8)
[ 2026-04-18 07:52:48 | node_15 | INFO ] 📈 Evaluated. Results: {'test_loss': 12.572164535522461, 'test_acc': 0.008403361774981022, 'test_precision': 0.13445378839969635, 'test_recall': 0.06832896918058395, 'test_f1': 0.06939549744129181, 'communication_cost': 45173696}
[ 2026-04-18 07:52:48 | node_15 | INFO ] 📢 Broadcasting metrics.
[ 2026-04-18 07:52:48 | node_10 | INFO ] 🎓 Training step done.
[ 2026-04-18 07:52:48 | node_10 | INFO ] 🛠️ Calling force_add_local_model...
[ 2026-04-18 07:52:48 | node_10 | INFO ] ✅ [FORCE] Local model added for round 17. (2/7)
[ 2026-04-18 07:52:49 | node_14 | INFO ] ⏹️  Gossiping exited for 10 equal rounds.
[ 2026-04-18 07:52:49 | node_14 | INFO ] 🔬 Evaluating...
[ 2026-04-18 07:52:49 | node_14 | INFO ] 📈 Evaluated. Results: {'test_loss': 0.9340879917144775, 'test_acc': 0.7530864477157593, 'test_precision': 0.34489795565605164, 'test_recall': 0.31770604848861694, 'test_f1': 0.31259211897850037, 'communication_cost': 56467120}
[ 2026-04-18 07:52:49 | node_14 | INFO ] 📢 Broadcasting metrics.
[ 2026-04-18 07:52:49 | node_16 | INFO ] 🎉 Round 17 of 20 finished.
[ 2026-04-18 07:52:49 | node_16 | INFO ] 🗳️ [DETERMINISTIC] Train set assigned (No Voting). Size: 20
[ 2026-04-18 07:52:49 | node_15 | INFO ] 🎉 Round 17 of 20 finished.
[ 2026-04-18 07:52:49 | node_15 | INFO ] 🗳️ [DETERMINISTIC] Train set assigned (No Voting). Size: 20
[ 2026-04-18 07:52:49 | node_16 | INFO ] ♻️ Proactively processing 2 early models for round 17.
[ 2026-04-18 07:52:49 | node_15 | INFO ] ♻️ Proactively processing 1 early models for round 17.
[ 2026-04-18 07:52:49 | node_16 | INFO ] 🧩 Model added for round 17 (1/8) from ['node']
[ 2026-04-18 07:52:49 | node_16 | INFO ] 🧩 Model added for round 17 (2/8) from ['node_19']
[ 2026-04-18 07:52:49 | node_15 | INFO ] 🧩 Model added for round 17 (1/9) from ['node_19']
[ 2026-04-18 07:52:49 | node_15 | INFO ] 🏋️‍♀️ Preparing training...
[ 2026-04-18 07:52:49 | node_16 | INFO ] 🏋️‍♀️ Preparing training...
[ 2026-04-18 07:52:49 | node_14 | INFO ] 🎉 Round 17 of 20 finished.
[ 2026-04-18 07:52:49 | node_14 | INFO ] 🗳️ [DETERMINISTIC] Train set assigned (No Voting). Size: 20
[ 2026-04-18 07:52:50 | node_14 | INFO ] ♻️ Proactively processing 2 early models for round 17.
[ 2026-04-18 07:52:50 | node_14 | INFO ] 🧩 Model added for round 17 (1/11) from ['node']
[ 2026-04-18 07:52:50 | node_14 | INFO ] 🧩 Model added for round 17 (2/11) from ['node_17']
[ 2026-04-18 07:52:50 | node_14 | INFO ] 🏋️‍♀️ Preparing training...
[ 2026-04-18 07:52:50 | node_6 | INFO ] ⏹️  Gossiping exited for 10 equal rounds.
[ 2026-04-18 07:52:50 | node_6 | INFO ] 🔬 Evaluating...
[ 2026-04-18 07:52:50 | node_16 | INFO ] 🎓 Training step done.
[ 2026-04-18 07:52:50 | node_16 | INFO ] 🛠️ Calling force_add_local_model...
[ 2026-04-18 07:52:50 | node_16 | INFO ] ✅ [FORCE] Local model added for round 17. (3/8)
[ 2026-04-18 07:52:50 | node_6 | INFO ] 📈 Evaluated. Results: {'test_loss': 0.9066638350486755, 'test_acc': 0.6999238133430481, 'test_precision': 0.1863575130701065, 'test_recall': 0.14160491526126862, 'test_f1': 0.1575171798467636, 'communication_cost': 62113832}
[ 2026-04-18 07:52:50 | node_6 | INFO ] 📢 Broadcasting metrics.
[ 2026-04-18 07:52:50 | node_3 | INFO ] 📤 Sending model to 7 direct neighbors: ['node_2', 'node_6', 'node_8', 'node_11', 'node_14', 'node_15', 'node_16']
[ 2026-04-18 07:52:50 | node_9 | INFO ] 📤 Sending model to 7 direct neighbors: ['node_6', 'node_7', 'node_10', 'node_13', 'node_16', 'node_17', 'node_18']
[ 2026-04-18 07:52:51 | node_7 | INFO ] 🧩 Model added for round 17 (3/8) from ['node_9']
[ 2026-04-18 07:52:51 | node_18 | INFO ] ⏹️  Gossiping exited for 10 equal rounds.
[ 2026-04-18 07:52:51 | node_18 | INFO ] 🔬 Evaluating...
[ 2026-04-18 07:52:51 | node_4 | INFO ] ⏹️  Gossiping exited for 10 equal rounds.
[ 2026-04-18 07:52:51 | node_4 | INFO ] 🔬 Evaluating...
[ 2026-04-18 07:52:51 | node_15 | INFO ] 🎓 Training step done.
[ 2026-04-18 07:52:51 | node_11 | INFO ] 🧩 Model added for round 17 (2/8) from ['node_3']
[ 2026-04-18 07:52:51 | node_15 | INFO ] 🛠️ Calling force_add_local_model...
[ 2026-04-18 07:52:51 | node_15 | INFO ] ✅ [FORCE] Local model added for round 17. (2/9)
[ 2026-04-18 07:52:51 | node_10 | INFO ] 🧩 Model added for round 17 (3/7) from ['node_9']
[ 2026-04-18 07:52:51 | node_18 | INFO ] 📈 Evaluated. Results: {'test_loss': 0.47684532403945923, 'test_acc': 0.8291390538215637, 'test_precision': 0.32335010170936584, 'test_recall': 0.2733463943004608, 'test_f1': 0.29264867305755615, 'communication_cost': 50820408}
[ 2026-04-18 07:52:51 | node_6 | INFO ] 🎉 Round 17 of 20 finished.
[ 2026-04-18 07:52:51 | node_6 | INFO ] 🗳️ [DETERMINISTIC] Train set assigned (No Voting). Size: 20
[ 2026-04-18 07:52:51 | node_18 | INFO ] 📢 Broadcasting metrics.
[ 2026-04-18 07:52:51 | node_6 | INFO ] ♻️ Proactively processing 3 early models for round 17.
[ 2026-04-18 07:52:51 | node_6 | INFO ] 🧩 Model added for round 17 (1/12) from ['node_17']
[ 2026-04-18 07:52:51 | node_6 | INFO ] 🧩 Model added for round 17 (2/12) from ['node_9']
[ 2026-04-18 07:52:51 | node_6 | INFO ] 🧩 Model added for round 17 (3/12) from ['node_3']
[ 2026-04-18 07:52:51 | node_6 | INFO ] 🏋️‍♀️ Preparing training...
[ 2026-04-18 07:52:52 | node_7 | INFO ] 📤 Sending model to 7 direct neighbors: ['node', 'node_1', 'node_8', 'node_9', 'node_12', 'node_13', 'node_15']
[ 2026-04-18 07:52:52 | node_14 | INFO ] 🧩 Model added for round 17 (3/11) from ['node_3']
[ 2026-04-18 07:52:52 | node_13 | INFO ] 🧩 Model added for round 17 (3/9) from ['node_9']
[ 2026-04-18 07:52:52 | node_14 | INFO ] 🎓 Training step done.
[ 2026-04-18 07:52:52 | node_4 | INFO ] 📈 Evaluated. Results: {'test_loss': 0.6429497003555298, 'test_acc': 0.8229768872261047, 'test_precision': 0.24709057807922363, 'test_recall': 0.20270320773124695, 'test_f1': 0.21878749132156372, 'communication_cost': 39526984}
[ 2026-04-18 07:52:52 | node_14 | INFO ] 🛠️ Calling force_add_local_model...
[ 2026-04-18 07:52:52 | node_6 | INFO ] 🎓 Training step done.
[ 2026-04-18 07:52:52 | node_4 | INFO ] 📢 Broadcasting metrics.
[ 2026-04-18 07:52:52 | node_14 | INFO ] ✅ [FORCE] Local model added for round 17. (4/11)
[ 2026-04-18 07:52:52 | node_6 | INFO ] 🛠️ Calling force_add_local_model...
[ 2026-04-18 07:52:52 | node_6 | INFO ] ✅ [FORCE] Local model added for round 17. (4/12)
[ 2026-04-18 07:52:52 | node | INFO ] 🧩 Model added for round 17 (2/8) from ['node_7']
[ 2026-04-18 07:52:53 | node_16 | INFO ] 🧩 Model added for round 17 (4/8) from ['node_9']
[ 2026-04-18 07:52:53 | node_18 | INFO ] 🎉 Round 17 of 20 finished.
[ 2026-04-18 07:52:53 | node_13 | INFO ] 📤 Sending model to 8 direct neighbors: ['node_1', 'node_2', 'node_5', 'node_6', 'node_7', 'node_9', 'node_17', 'node_18']
[ 2026-04-18 07:52:53 | node_18 | INFO ] 🗳️ [DETERMINISTIC] Train set assigned (No Voting). Size: 20
[ 2026-04-18 07:52:53 | node_18 | INFO ] ♻️ Proactively processing 2 early models for round 17.
[ 2026-04-18 07:52:53 | node_18 | INFO ] 🧩 Model added for round 17 (1/10) from ['node']
[ 2026-04-18 07:52:53 | node_18 | INFO ] 🧩 Model added for round 17 (2/10) from ['node_17']
[ 2026-04-18 07:52:53 | node_15 | INFO ] 🧩 Model added for round 17 (3/9) from ['node_3']
[ 2026-04-18 07:52:53 | node_18 | INFO ] 🏋️‍♀️ Preparing training...
[ 2026-04-18 07:52:53 | node_11 | INFO ] 📤 Sending model to 7 direct neighbors: ['node_1', 'node_2', 'node_3', 'node_4', 'node_5', 'node_8', 'node_12']
[ 2026-04-18 07:52:53 | node_4 | INFO ] 🎉 Round 17 of 20 finished.
[ 2026-04-18 07:52:53 | node_4 | INFO ] 🗳️ [DETERMINISTIC] Train set assigned (No Voting). Size: 20
[ 2026-04-18 07:52:53 | node_17 | INFO ] 🧩 Model added for round 17 (2/9) from ['node_9']
[ 2026-04-18 07:52:53 | node_4 | INFO ] ♻️ Proactively processing 3 early models for round 17.
[ 2026-04-18 07:52:53 | node_4 | INFO ] 🧩 Model added for round 17 (1/8) from ['node']
[ 2026-04-18 07:52:53 | node_4 | INFO ] 🧩 Model added for round 17 (2/8) from ['node_19']
[ 2026-04-18 07:52:53 | node_4 | INFO ] 🧩 Model added for round 17 (3/8) from ['node_17']
[ 2026-04-18 07:52:53 | node_4 | INFO ] 🏋️‍♀️ Preparing training...
[ 2026-04-18 07:52:53 | node_9 | INFO ] 🧩 Model added for round 17 (3/8) from ['node_7']
[ 2026-04-18 07:52:53 | node_10 | INFO ] 📤 Sending model to 6 direct neighbors: ['node_6', 'node_8', 'node_9', 'node_12', 'node_16', 'node_19']
[ 2026-04-18 07:52:54 | node_16 | INFO ] 🧩 Model added for round 17 (5/8) from ['node_3']
[ 2026-04-18 07:52:54 | node_6 | INFO ] 🧩 Model added for round 17 (5/12) from ['node_10']
[ 2026-04-18 07:52:54 | node_18 | INFO ] 🧩 Model added for round 17 (3/10) from ['node_9']
[ 2026-04-18 07:52:54 | node_4 | INFO ] 🎓 Training step done.
[ 2026-04-18 07:52:54 | node_4 | INFO ] 🛠️ Calling force_add_local_model...
[ 2026-04-18 07:52:54 | node_4 | INFO ] ✅ [FORCE] Local model added for round 17. (4/8)
[ 2026-04-18 07:52:54 | node_3 | INFO ] 🧩 Model added for round 17 (2/8) from ['node_11']
[ 2026-04-18 07:52:54 | node_6 | INFO ] 🧩 Model added for round 17 (6/12) from ['node_13']
[ 2026-04-18 07:52:54 | node_13 | INFO ] 🧩 Model added for round 17 (4/9) from ['node_7']
[ 2026-04-18 07:52:54 | node_4 | INFO ] 🧩 Model added for round 17 (5/8) from ['node_11']
[ 2026-04-18 07:52:54 | node_18 | INFO ] 🎓 Training step done.
[ 2026-04-18 07:52:54 | node_18 | INFO ] 🛠️ Calling force_add_local_model...
[ 2026-04-18 07:52:54 | node_18 | INFO ] ✅ [FORCE] Local model added for round 17. (4/10)
[ 2026-04-18 07:52:55 | node_9 | INFO ] 🧩 Model added for round 17 (4/8) from ['node_10']
[ 2026-04-18 07:52:55 | node_7 | INFO ] 🧩 Model added for round 17 (4/8) from ['node_13']
[ 2026-04-18 07:52:55 | node_15 | INFO ] 🧩 Model added for round 17 (4/9) from ['node_7']
[ 2026-04-18 07:52:55 | node_16 | INFO ] 📤 Sending model to 7 direct neighbors: ['node', 'node_1', 'node_3', 'node_9', 'node_10', 'node_14', 'node_19']
[ 2026-04-18 07:52:55 | node_9 | INFO ] 🧩 Model added for round 17 (5/8) from ['node_13']
[ 2026-04-18 07:52:55 | node | INFO ] 🧩 Model added for round 17 (3/8) from ['node_16']
[ 2026-04-18 07:52:55 | node_16 | INFO ] 🧩 Model added for round 17 (6/8) from ['node_10']
[ 2026-04-18 07:52:56 | node_17 | INFO ] 🧩 Model added for round 17 (3/9) from ['node_13']
[ 2026-04-18 07:52:56 | node_19 | INFO ] 🧩 Model added for round 17 (2/7) from ['node_10']
[ 2026-04-18 07:52:56 | node_3 | INFO ] 🧩 Model added for round 17 (3/8) from ['node_16']
[ 2026-04-18 07:52:56 | node_18 | INFO ] 🧩 Model added for round 17 (5/10) from ['node_13']
[ 2026-04-18 07:52:56 | node_9 | INFO ] 🧩 Model added for round 17 (6/8) from ['node_16']
[ 2026-04-18 07:52:56 | node_15 | INFO ] 📤 Sending model to 8 direct neighbors: ['node_1', 'node_2', 'node_3', 'node_6', 'node_7', 'node_8', 'node_12', 'node_19']
[ 2026-04-18 07:52:56 | node_2 | INFO ] ⏹️  Gossiping exited for 10 equal rounds.
[ 2026-04-18 07:52:56 | node_2 | INFO ] 🔬 Evaluating...
[ 2026-04-18 07:52:56 | node_10 | INFO ] 🧩 Model added for round 17 (4/7) from ['node_16']
[ 2026-04-18 07:52:57 | node_2 | INFO ] 📈 Evaluated. Results: {'test_loss': 0.47238442301750183, 'test_acc': 0.8731883764266968, 'test_precision': 0.27757522463798523, 'test_recall': 0.2501263916492462, 'test_f1': 0.2567233443260193, 'communication_cost': 45173696}
[ 2026-04-18 07:52:57 | node_2 | INFO ] 📢 Broadcasting metrics.
[ 2026-04-18 07:52:57 | node_14 | INFO ] 🧩 Model added for round 17 (5/11) from ['node_16']
[ 2026-04-18 07:52:57 | node_3 | INFO ] 🧩 Model added for round 17 (4/8) from ['node_15']
[ 2026-04-18 07:52:57 | node_19 | INFO ] 🧩 Model added for round 17 (3/7) from ['node_16']
[ 2026-04-18 07:52:57 | node_6 | INFO ] 🧩 Model added for round 17 (7/12) from ['node_15']
[ 2026-04-18 07:52:57 | node_14 | INFO ] 📤 Sending model to 10 direct neighbors: ['node', 'node_1', 'node_2', 'node_3', 'node_5', 'node_6', 'node_8', 'node_12', 'node_16', 'node_17']
[ 2026-04-18 07:52:57 | node_2 | INFO ] 🎉 Round 17 of 20 finished.
[ 2026-04-18 07:52:57 | node_2 | INFO ] 🗳️ [DETERMINISTIC] Train set assigned (No Voting). Size: 20
[ 2026-04-18 07:52:57 | node_6 | INFO ] 📤 Sending model to 11 direct neighbors: ['node_1', 'node_3', 'node_5', 'node_9', 'node_10', 'node_12', 'node_13', 'node_14', 'node_15', 'node_17', 'node_18']
[ 2026-04-18 07:52:57 | node_2 | INFO ] ♻️ Proactively processing 4 early models for round 17.
[ 2026-04-18 07:52:57 | node_2 | INFO ] 🧩 Model added for round 17 (1/9) from ['node_3']
[ 2026-04-18 07:52:57 | node_2 | INFO ] 🧩 Model added for round 17 (2/9) from ['node_13']
[ 2026-04-18 07:52:57 | node_2 | INFO ] 🧩 Model added for round 17 (3/9) from ['node_11']
[ 2026-04-18 07:52:57 | node_2 | INFO ] 🧩 Model added for round 17 (4/9) from ['node_15']
[ 2026-04-18 07:52:57 | node_2 | INFO ] 🏋️‍♀️ Preparing training...
[ 2026-04-18 07:52:58 | node | INFO ] 🧩 Model added for round 17 (4/8) from ['node_14']
[ 2026-04-18 07:52:58 | node_8 | INFO ] ⏹️  Gossiping exited for 10 equal rounds.
[ 2026-04-18 07:52:58 | node_7 | INFO ] 🧩 Model added for round 17 (5/8) from ['node_15']
[ 2026-04-18 07:52:58 | node_8 | INFO ] 🔬 Evaluating...
[ 2026-04-18 07:52:58 | node_3 | INFO ] 🧩 Model added for round 17 (5/8) from ['node_6']
[ 2026-04-18 07:52:58 | node_8 | INFO ] 📈 Evaluated. Results: {'test_loss': 0.5155971646308899, 'test_acc': 0.868852436542511, 'test_precision': 0.4355769157409668, 'test_recall': 0.34668803215026855, 'test_f1': 0.37843406200408936, 'communication_cost': 56467120}
[ 2026-04-18 07:52:58 | node_8 | INFO ] 📢 Broadcasting metrics.
[ 2026-04-18 07:52:58 | node_2 | INFO ] 🧩 Model added for round 17 (5/9) from ['node_14']
[ 2026-04-18 07:52:58 | node_2 | INFO ] 🎓 Training step done.
[ 2026-04-18 07:52:58 | node_2 | INFO ] 🛠️ Calling force_add_local_model...
[ 2026-04-18 07:52:58 | node_2 | INFO ] ✅ [FORCE] Local model added for round 17. (6/9)
[ 2026-04-18 07:52:58 | node_5 | INFO ] ⏹️  Gossiping exited for 10 equal rounds.
[ 2026-04-18 07:52:58 | node_5 | INFO ] 🔬 Evaluating...
[ 2026-04-18 07:52:59 | node_19 | INFO ] 🧩 Model added for round 17 (4/7) from ['node_15']
[ 2026-04-18 07:52:59 | node_9 | INFO ] 🧩 Model added for round 17 (7/8) from ['node_6']
[ 2026-04-18 07:52:59 | node_5 | INFO ] 📈 Evaluated. Results: {'test_loss': 2.3415045738220215, 'test_acc': 0.4642857015132904, 'test_precision': 0.5333333611488342, 'test_recall': 0.4816017746925354, 'test_f1': 0.39444443583488464, 'communication_cost': 39526984}
[ 2026-04-18 07:52:59 | node_5 | INFO ] 📢 Broadcasting metrics.
[ 2026-04-18 07:52:59 | node_3 | INFO ] 🧩 Model added for round 17 (6/8) from ['node_14']
[ 2026-04-18 07:52:59 | node_4 | INFO ] 📤 Sending model to 7 direct neighbors: ['node', 'node_2', 'node_5', 'node_11', 'node_17', 'node_18', 'node_19']
[ 2026-04-18 07:52:59 | node_10 | INFO ] 🧩 Model added for round 17 (5/7) from ['node_6']
[ 2026-04-18 07:52:59 | node_8 | INFO ] 🎉 Round 17 of 20 finished.
[ 2026-04-18 07:52:59 | node_8 | INFO ] 🗳️ [DETERMINISTIC] Train set assigned (No Voting). Size: 20
[ 2026-04-18 07:52:59 | node_8 | INFO ] ♻️ Proactively processing 8 early models for round 17.
[ 2026-04-18 07:52:59 | node_8 | INFO ] 🧩 Model added for round 17 (1/11) from ['node']
[ 2026-04-18 07:52:59 | node_8 | INFO ] 🧩 Model added for round 17 (2/11) from ['node_19']
[ 2026-04-18 07:52:59 | node_8 | INFO ] 🧩 Model added for round 17 (3/11) from ['node_17']
[ 2026-04-18 07:52:59 | node_8 | INFO ] 🧩 Model added for round 17 (4/11) from ['node_3']
[ 2026-04-18 07:52:59 | node_8 | INFO ] 🧩 Model added for round 17 (5/11) from ['node_7']
[ 2026-04-18 07:52:59 | node_8 | INFO ] 🧩 Model added for round 17 (6/11) from ['node_10']
[ 2026-04-18 07:52:59 | node_8 | INFO ] 🧩 Model added for round 17 (7/11) from ['node_11']
[ 2026-04-18 07:52:59 | node_8 | INFO ] 🧩 Model added for round 17 (8/11) from ['node_15']
[ 2026-04-18 07:52:59 | node_8 | INFO ] 🏋️‍♀️ Preparing training...
[ 2026-04-18 07:52:59 | node | INFO ] 🧩 Model added for round 17 (5/8) from ['node_4']
[ 2026-04-18 07:52:59 | node_6 | INFO ] 🧩 Model added for round 17 (8/12) from ['node_14']
[ 2026-04-18 07:52:59 | node_5 | INFO ] 🎉 Round 17 of 20 finished.
[ 2026-04-18 07:52:59 | node_5 | INFO ] 🗳️ [DETERMINISTIC] Train set assigned (No Voting). Size: 20
[ 2026-04-18 07:52:59 | node_5 | INFO ] ♻️ Proactively processing 5 early models for round 17.
[ 2026-04-18 07:52:59 | node_18 | INFO ] 📤 Sending model to 9 direct neighbors: ['node', 'node_1', 'node_4', 'node_6', 'node_8', 'node_9', 'node_12', 'node_13', 'node_17']
[ 2026-04-18 07:52:59 | node_5 | INFO ] 🧩 Model added for round 17 (1/8) from ['node_19']
[ 2026-04-18 07:52:59 | node_5 | INFO ] 🧩 Model added for round 17 (2/8) from ['node_13']
[ 2026-04-18 07:52:59 | node_5 | INFO ] 🧩 Model added for round 17 (3/8) from ['node_11']
[ 2026-04-18 07:52:59 | node_5 | INFO ] 🧩 Model added for round 17 (4/8) from ['node_6']
[ 2026-04-18 07:53:00 | node_5 | INFO ] 🧩 Model added for round 17 (5/8) from ['node_14']
[ 2026-04-18 07:53:00 | node_5 | INFO ] 🏋️‍♀️ Preparing training...
[ 2026-04-18 07:53:00 | node_13 | INFO ] 🧩 Model added for round 17 (5/9) from ['node_6']
[ 2026-04-18 07:53:00 | node | INFO ] 🧩 Model added for round 17 (6/8) from ['node_18']
[ 2026-04-18 07:53:00 | node_2 | INFO ] 🧩 Model added for round 17 (7/9) from ['node_4']
[ 2026-04-18 07:53:00 | node_8 | INFO ] 🧩 Model added for round 17 (9/11) from ['node_14']
[ 2026-04-18 07:53:00 | node_14 | INFO ] 🧩 Model added for round 17 (6/11) from ['node_6']
[ 2026-04-18 07:53:00 | node_8 | INFO ] 🎓 Training step done.
[ 2026-04-18 07:53:00 | node_8 | INFO ] 🛠️ Calling force_add_local_model...
[ 2026-04-18 07:53:00 | node_5 | INFO ] 🧩 Model added for round 17 (6/8) from ['node_4']
[ 2026-04-18 07:53:00 | node_8 | INFO ] ✅ [FORCE] Local model added for round 17. (10/11)
[ 2026-04-18 07:53:00 | node_4 | INFO ] 🧩 Model added for round 17 (6/8) from ['node_18']
[ 2026-04-18 07:53:00 | node_5 | INFO ] 🎓 Training step done.
[ 2026-04-18 07:53:00 | node_5 | INFO ] 🛠️ Calling force_add_local_model...
[ 2026-04-18 07:53:01 | node_15 | INFO ] 🧩 Model added for round 17 (5/9) from ['node_6']
[ 2026-04-18 07:53:01 | node_5 | INFO ] ✅ [FORCE] Local model added for round 17. (7/8)
[ 2026-04-18 07:53:01 | node_11 | INFO ] 🧩 Model added for round 17 (3/8) from ['node_4']
[ 2026-04-18 07:53:01 | node_16 | INFO ] 🧩 Model added for round 17 (7/8) from ['node_14']
[ 2026-04-18 07:53:01 | node_6 | INFO ] 🧩 Model added for round 17 (9/12) from ['node_18']
[ 2026-04-18 07:53:01 | node_17 | INFO ] 🧩 Model added for round 17 (4/9) from ['node_6']
[ 2026-04-18 07:53:01 | node_17 | INFO ] 🧩 Model added for round 17 (5/9) from ['node_4']
[ 2026-04-18 07:53:01 | node_17 | INFO ] 🧩 Model added for round 17 (6/9) from ['node_14']
[ 2026-04-18 07:53:01 | node_8 | INFO ] 🧩 Model added for round 17 (11/11) from ['node_18']
[ 2026-04-18 07:53:01 | node_18 | INFO ] 🧩 Model added for round 17 (6/10) from ['node_6']
[ 2026-04-18 07:53:01 | node_18 | INFO ] 🧩 Model added for round 17 (7/10) from ['node_4']
[ 2026-04-18 07:53:02 | node_9 | INFO ] 🧩 Model added for round 17 (8/8) from ['node_18']
[ 2026-04-18 07:53:02 | node_19 | INFO ] 🧩 Model added for round 17 (5/7) from ['node_4']
[ 2026-04-18 07:53:02 | ModelPackager | INFO ] Round 17: Consensus detected (dist: 0.000563). Patience: 1/1
[ 2026-04-18 07:53:02 | node_9 | INFO ] 🧠 Aggregation complete. Setting new model.
[ 2026-04-18 07:53:02 | node_9 | INFO ] 🗣️ Gossiping aggregated model.
[ 2026-04-18 07:53:02 | node_13 | INFO ] 🧩 Model added for round 17 (6/9) from ['node_18']
[ 2026-04-18 07:53:03 | node_17 | INFO ] 🧩 Model added for round 17 (7/9) from ['node_18']
[ 2026-04-18 07:53:03 | node_1 | INFO ] ⏹️  Gossiping exited for 10 equal rounds.
[ 2026-04-18 07:53:03 | node_1 | INFO ] 🔬 Evaluating...
[ 2026-04-18 07:53:03 | node_1 | INFO ] 📈 Evaluated. Results: {'test_loss': 1.0824682712554932, 'test_acc': 0.6909722089767456, 'test_precision': 0.24389594793319702, 'test_recall': 0.19228202104568481, 'test_f1': 0.20054782927036285, 'communication_cost': 50820408}
[ 2026-04-18 07:53:03 | node_1 | INFO ] 📢 Broadcasting metrics.
[ 2026-04-18 07:53:03 | node_2 | INFO ] 📤 Sending model to 8 direct neighbors: ['node_1', 'node_3', 'node_4', 'node_11', 'node_12', 'node_13', 'node_14', 'node_15']
[ 2026-04-18 07:53:04 | node_3 | INFO ] 🧩 Model added for round 17 (7/8) from ['node_2']
[ 2026-04-18 07:53:04 | node_1 | INFO ] 🎉 Round 17 of 20 finished.
[ 2026-04-18 07:53:04 | node_1 | INFO ] 🗳️ [DETERMINISTIC] Train set assigned (No Voting). Size: 20
[ 2026-04-18 07:53:04 | node_4 | INFO ] 🧩 Model added for round 17 (7/8) from ['node_2']
[ 2026-04-18 07:53:04 | node_1 | INFO ] ♻️ Proactively processing 9 early models for round 17.
[ 2026-04-18 07:53:04 | node_1 | INFO ] 🧩 Model added for round 17 (1/10) from ['node_7']
[ 2026-04-18 07:53:04 | node_1 | INFO ] 🧩 Model added for round 17 (2/10) from ['node_13']
[ 2026-04-18 07:53:04 | node_1 | INFO ] 🧩 Model added for round 17 (3/10) from ['node_11']
[ 2026-04-18 07:53:04 | node_1 | INFO ] 🧩 Model added for round 17 (4/10) from ['node_16']
[ 2026-04-18 07:53:04 | node_1 | INFO ] 🧩 Model added for round 17 (5/10) from ['node_15']
[ 2026-04-18 07:53:04 | node_1 | INFO ] 🧩 Model added for round 17 (6/10) from ['node_6']
[ 2026-04-18 07:53:04 | node_1 | INFO ] 🧩 Model added for round 17 (7/10) from ['node_14']
[ 2026-04-18 07:53:04 | node_1 | INFO ] 🧩 Model added for round 17 (8/10) from ['node_18']
[ 2026-04-18 07:53:04 | node_1 | INFO ] 🧩 Model added for round 17 (9/10) from ['node_2']
[ 2026-04-18 07:53:04 | node_1 | INFO ] 🏋️‍♀️ Preparing training...
[ 2026-04-18 07:53:04 | node_11 | INFO ] 🧩 Model added for round 17 (4/8) from ['node_2']
[ 2026-04-18 07:53:05 | node_13 | INFO ] 🧩 Model added for round 17 (7/9) from ['node_2']
[ 2026-04-18 07:53:05 | node_14 | INFO ] 🧩 Model added for round 17 (7/11) from ['node_2']
[ 2026-04-18 07:53:05 | node_1 | INFO ] 🎓 Training step done.
[ 2026-04-18 07:53:05 | node_1 | INFO ] 🛠️ Calling force_add_local_model...
[ 2026-04-18 07:53:05 | node_1 | INFO ] ✅ [FORCE] Local model added for round 17. (10/10)
[ 2026-04-18 07:53:05 | node_8 | INFO ] 📤 Sending model to 10 direct neighbors: ['node', 'node_3', 'node_7', 'node_10', 'node_11', 'node_14', 'node_15', 'node_17', 'node_18', 'node_19']
[ 2026-04-18 07:53:05 | node_15 | INFO ] 🧩 Model added for round 17 (6/9) from ['node_2']
[ 2026-04-18 07:53:05 | node | INFO ] 🧩 Model added for round 17 (7/8) from ['node_8']
[ 2026-04-18 07:53:06 | node_5 | INFO ] 📤 Sending model to 7 direct neighbors: ['node_4', 'node_6', 'node_11', 'node_12', 'node_13', 'node_14', 'node_19']
[ 2026-04-18 07:53:06 | node_3 | INFO ] 🧩 Model added for round 17 (8/8) from ['node_8']
[ 2026-04-18 07:53:06 | node_4 | INFO ] 🧩 Model added for round 17 (8/8) from ['node_5']
[ 2026-04-18 07:53:06 | node_6 | INFO ] 🧩 Model added for round 17 (10/12) from ['node_5']
[ 2026-04-18 07:53:06 | node_7 | INFO ] 🧩 Model added for round 17 (6/8) from ['node_8']
[ 2026-04-18 07:53:06 | ModelPackager | INFO ] Round 17: Consensus detected (dist: 0.000614). Patience: 1/1
[ 2026-04-18 07:53:06 | ModelPackager | INFO ] Round 17: Consensus detected (dist: 0.000551). Patience: 1/1
[ 2026-04-18 07:53:07 | node_3 | INFO ] 🧠 Aggregation complete. Setting new model.
[ 2026-04-18 07:53:07 | node_4 | INFO ] 🧠 Aggregation complete. Setting new model.
[ 2026-04-18 07:53:07 | node_10 | INFO ] 🧩 Model added for round 17 (6/7) from ['node_8']
[ 2026-04-18 07:53:07 | node_11 | INFO ] 🧩 Model added for round 17 (5/8) from ['node_5']
[ 2026-04-18 07:53:07 | node_3 | INFO ] 🗣️ Gossiping aggregated model.
[ 2026-04-18 07:53:07 | node_4 | INFO ] 🗣️ Gossiping aggregated model.
[ 2026-04-18 07:53:07 | node_11 | INFO ] 🧩 Model added for round 17 (6/8) from ['node_8']
[ 2026-04-18 07:53:07 | node_14 | INFO ] 🧩 Model added for round 17 (8/11) from ['node_8']
[ 2026-04-18 07:53:07 | node_13 | INFO ] 🧩 Model added for round 17 (8/9) from ['node_5']
[ 2026-04-18 07:53:08 | node_14 | INFO ] 🧩 Model added for round 17 (9/11) from ['node_5']
[ 2026-04-18 07:53:08 | node_15 | INFO ] 🧩 Model added for round 17 (7/9) from ['node_8']
[ 2026-04-18 07:53:08 | node_19 | INFO ] 🧩 Model added for round 17 (6/7) from ['node_5']
[ 2026-04-18 07:53:08 | node_17 | INFO ] 🧩 Model added for round 17 (8/9) from ['node_8']
[ 2026-04-18 07:53:09 | node_18 | INFO ] 🧩 Model added for round 17 (8/10) from ['node_8']
[ 2026-04-18 07:53:09 | node_19 | INFO ] 🧩 Model added for round 17 (7/7) from ['node_8']
[ 2026-04-18 07:53:09 | ModelPackager | INFO ] Round 17: Consensus detected (dist: 0.000715). Patience: 1/1
[ 2026-04-18 07:53:10 | ModelPackager | INFO ] Round 17: Consensus detected (dist: 0.000668). Patience: 1/1
[ 2026-04-18 07:53:10 | node_8 | INFO ] 🧠 Aggregation complete. Setting new model.
[ 2026-04-18 07:53:10 | node_19 | INFO ] 🧠 Aggregation complete. Setting new model.
[ 2026-04-18 07:53:10 | node_8 | INFO ] 🗣️ Gossiping aggregated model.
[ 2026-04-18 07:53:10 | node_19 | INFO ] 🗣️ Gossiping aggregated model.
[ 2026-04-18 07:53:10 | node_1 | INFO ] 📤 Sending model to 9 direct neighbors: ['node_2', 'node_6', 'node_7', 'node_11', 'node_13', 'node_14', 'node_15', 'node_16', 'node_18']
[ 2026-04-18 07:53:10 | node_2 | INFO ] 🧩 Model added for round 17 (8/9) from ['node_1']
[ 2026-04-18 07:53:11 | node_6 | INFO ] 🧩 Model added for round 17 (11/12) from ['node_1']
[ 2026-04-18 07:53:11 | node_7 | INFO ] 🧩 Model added for round 17 (7/8) from ['node_1']
[ 2026-04-18 07:53:11 | node_11 | INFO ] 🧩 Model added for round 17 (7/8) from ['node_1']
[ 2026-04-18 07:53:12 | node_12 | INFO ] ⏹️  Gossiping exited for 10 equal rounds.
[ 2026-04-18 07:53:12 | node_12 | INFO ] 🔬 Evaluating...
[ 2026-04-18 07:53:12 | node_13 | INFO ] 🧩 Model added for round 17 (9/9) from ['node_1']
[ 2026-04-18 07:53:12 | node_12 | INFO ] 📈 Evaluated. Results: {'test_loss': 0.5780035853385925, 'test_acc': 0.8169013857841492, 'test_precision': 0.3876159191131592, 'test_recall': 0.2795889973640442, 'test_f1': 0.31448736786842346, 'communication_cost': 62113832}
[ 2026-04-18 07:53:12 | node_12 | INFO ] 📢 Broadcasting metrics.
[ 2026-04-18 07:53:12 | node_14 | INFO ] 🧩 Model added for round 17 (10/11) from ['node_1']
[ 2026-04-18 07:53:12 | ModelPackager | INFO ] Round 17: Consensus detected (dist: 0.000579). Patience: 1/1
[ 2026-04-18 07:53:12 | node_15 | INFO ] 🧩 Model added for round 17 (8/9) from ['node_1']
[ 2026-04-18 07:53:12 | node_13 | INFO ] 🧠 Aggregation complete. Setting new model.
[ 2026-04-18 07:53:13 | node_13 | INFO ] 🗣️ Gossiping aggregated model.
[ 2026-04-18 07:53:13 | node_16 | INFO ] 🧩 Model added for round 17 (8/8) from ['node_1']
[ 2026-04-18 07:53:13 | node_12 | INFO ] 🎉 Round 17 of 20 finished.
[ 2026-04-18 07:53:13 | node_12 | INFO ] 🗳️ [DETERMINISTIC] Train set assigned (No Voting). Size: 20
[ 2026-04-18 07:53:13 | node_12 | INFO ] ♻️ Proactively processing 11 early models for round 17.
[ 2026-04-18 07:53:13 | node_12 | INFO ] 🧩 Model added for round 17 (1/12) from ['node']
[ 2026-04-18 07:53:13 | node_12 | INFO ] 🧩 Model added for round 17 (2/12) from ['node_17']
[ 2026-04-18 07:53:13 | node_12 | INFO ] 🧩 Model added for round 17 (3/12) from ['node_7']
[ 2026-04-18 07:53:13 | node_12 | INFO ] 🧩 Model added for round 17 (4/12) from ['node_10']
[ 2026-04-18 07:53:13 | node_12 | INFO ] 🧩 Model added for round 17 (5/12) from ['node_11']
[ 2026-04-18 07:53:13 | node_12 | INFO ] 🧩 Model added for round 17 (6/12) from ['node_15']
[ 2026-04-18 07:53:13 | node_12 | INFO ] 🧩 Model added for round 17 (7/12) from ['node_6']
[ 2026-04-18 07:53:13 | node_12 | INFO ] 🧩 Model added for round 17 (8/12) from ['node_14']
[ 2026-04-18 07:53:13 | node_12 | INFO ] 🧩 Model added for round 17 (9/12) from ['node_18']
[ 2026-04-18 07:53:13 | node_12 | INFO ] 🧩 Model added for round 17 (10/12) from ['node_2']
[ 2026-04-18 07:53:13 | node_12 | INFO ] 🧩 Model added for round 17 (11/12) from ['node_5']
[ 2026-04-18 07:53:13 | node_12 | INFO ] 🏋️‍♀️ Preparing training...
[ 2026-04-18 07:53:13 | node_18 | INFO ] 🧩 Model added for round 17 (9/10) from ['node_1']
[ 2026-04-18 07:53:13 | ModelPackager | INFO ] Round 17: Consensus detected (dist: 0.000610). Patience: 1/1
[ 2026-04-18 07:53:13 | node_16 | INFO ] 🧠 Aggregation complete. Setting new model.
[ 2026-04-18 07:53:14 | node_16 | INFO ] 🗣️ Gossiping aggregated model.
[ 2026-04-18 07:53:14 | node_12 | INFO ] 🎓 Training step done.
[ 2026-04-18 07:53:14 | node_12 | INFO ] 🛠️ Calling force_add_local_model...
[ 2026-04-18 07:53:14 | node_12 | INFO ] ✅ [FORCE] Local model added for round 17. (12/12)
[ 2026-04-18 07:53:14 | ModelPackager | INFO ] Round 17: Consensus detected (dist: 0.000693). Patience: 1/1
[ 2026-04-18 07:53:14 | node_1 | INFO ] 🧠 Aggregation complete. Setting new model.
[ 2026-04-18 07:53:14 | node_1 | INFO ] 🗣️ Gossiping aggregated model.
[ 2026-04-18 07:53:16 | node_9 | INFO ] ⏹️  Gossiping exited for 10 equal rounds.
[ 2026-04-18 07:53:16 | node_9 | INFO ] 🔬 Evaluating...
[ 2026-04-18 07:53:16 | node_9 | INFO ] 📈 Evaluated. Results: {'test_loss': 0.5528135299682617, 'test_acc': 0.828125, 'test_precision': 0.29852190613746643, 'test_recall': 0.22482295334339142, 'test_f1': 0.24724610149860382, 'communication_cost': 39526984}
[ 2026-04-18 07:53:16 | node_9 | INFO ] 📢 Broadcasting metrics.
[ 2026-04-18 07:53:17 | node_9 | INFO ] 🎉 Round 18 of 20 finished.
[ 2026-04-18 07:53:17 | node_9 | INFO ] 🗳️ [DETERMINISTIC] Train set assigned (No Voting). Size: 20
[ 2026-04-18 07:53:17 | node_9 | INFO ] 🏋️‍♀️ Preparing training...
[ 2026-04-18 07:53:17 | node_9 | INFO ] 🎓 Training step done.
[ 2026-04-18 07:53:17 | node_9 | INFO ] 🛠️ Calling force_add_local_model...
[ 2026-04-18 07:53:18 | node_9 | INFO ] ✅ [FORCE] Local model added for round 18. (1/8)
[ 2026-04-18 07:53:19 | node_12 | INFO ] 📤 Sending model to 11 direct neighbors: ['node', 'node_2', 'node_5', 'node_6', 'node_7', 'node_10', 'node_11', 'node_14', 'node_15', 'node_17', 'node_18']
[ 2026-04-18 07:53:19 | node | INFO ] 🧩 Model added for round 17 (8/8) from ['node_12']
[ 2026-04-18 07:53:20 | node_2 | INFO ] 🧩 Model added for round 17 (9/9) from ['node_12']
[ 2026-04-18 07:53:20 | ModelPackager | INFO ] Round 17: Consensus detected (dist: 0.000587). Patience: 1/1
[ 2026-04-18 07:53:20 | ModelPackager | INFO ] 🌟 Node node is AUTHORIZED. Starting packaging & push...
[ 2026-04-18 07:53:20 | node | INFO ] 🧠 Aggregation complete. Setting new model.
[ 2026-04-18 07:53:20 | node_5 | INFO ] 🧩 Model added for round 17 (8/8) from ['node_12']
[ 2026-04-18 07:53:20 | node | INFO ] 🗣️ Gossiping aggregated model.
[ 2026-04-18 07:53:20 | ModelPackager | INFO ] Round 17: Consensus detected (dist: 0.000612). Patience: 1/1
[ 2026-04-18 07:53:20 | node_2 | INFO ] 🧠 Aggregation complete. Setting new model.
[ 2026-04-18 07:53:21 | node_6 | INFO ] 🧩 Model added for round 17 (12/12) from ['node_12']
[ 2026-04-18 07:53:21 | ModelPackager | INFO ] Round 17: Consensus detected (dist: 0.000517). Patience: 1/1
[ 2026-04-18 07:53:21 | node_5 | INFO ] 🧠 Aggregation complete. Setting new model.
[ 2026-04-18 07:53:21 | ModelPackager | INFO ] Round 17: Consensus detected (dist: 0.000750). Patience: 1/1
[ 2026-04-18 07:53:21 | node_6 | INFO ] 🧠 Aggregation complete. Setting new model.
[ 2026-04-18 07:53:21 | node_2 | INFO ] 🗣️ Gossiping aggregated model.
[ 2026-04-18 07:53:21 | node_5 | INFO ] 🗣️ Gossiping aggregated model.
[ 2026-04-18 07:53:21 | node_6 | INFO ] 🗣️ Gossiping aggregated model.
[ 2026-04-18 07:53:21 | node_7 | INFO ] 🧩 Model added for round 17 (8/8) from ['node_12']
[ 2026-04-18 07:53:22 | node_10 | INFO ] 🧩 Model added for round 17 (7/7) from ['node_12']
[ 2026-04-18 07:53:22 | ModelPackager | INFO ] Round 17: Consensus detected (dist: 0.000658). Patience: 1/1
[ 2026-04-18 07:53:22 | ModelPackager | INFO ] Round 17: Consensus detected (dist: 0.000589). Patience: 1/1
[ 2026-04-18 07:53:22 | node_10 | INFO ] 🧠 Aggregation complete. Setting new model.
[ 2026-04-18 07:53:22 | node_11 | INFO ] 🧩 Model added for round 17 (8/8) from ['node_12']
[ 2026-04-18 07:53:22 | node_7 | INFO ] 🧠 Aggregation complete. Setting new model.
[ 2026-04-18 07:53:22 | node_10 | INFO ] 🗣️ Gossiping aggregated model.
[ 2026-04-18 07:53:22 | node_7 | INFO ] 🗣️ Gossiping aggregated model.
[ 2026-04-18 07:53:23 | node_9 | INFO ] 📤 Sending model to 7 direct neighbors: ['node_6', 'node_7', 'node_10', 'node_13', 'node_16', 'node_17', 'node_18']
[ 2026-04-18 07:53:23 | node_14 | INFO ] 🧩 Model added for round 17 (11/11) from ['node_12']
[ 2026-04-18 07:53:23 | ModelPackager | INFO ] Round 17: Consensus detected (dist: 0.000473). Patience: 1/1
[ 2026-04-18 07:53:23 | node_15 | INFO ] 🧩 Model added for round 17 (9/9) from ['node_12']
[ 2026-04-18 07:53:23 | node_11 | INFO ] 🧠 Aggregation complete. Setting new model.
[ 2026-04-18 07:53:24 | ModelPackager | INFO ] Round 17: Consensus detected (dist: 0.000518). Patience: 1/1
[ 2026-04-18 07:53:24 | ModelPackager | INFO ] Round 17: Consensus detected (dist: 0.000582). Patience: 1/1
[ 2026-04-18 07:53:24 | node_11 | INFO ] 🗣️ Gossiping aggregated model.
[ 2026-04-18 07:53:24 | node_15 | INFO ] 🧠 Aggregation complete. Setting new model.
[ 2026-04-18 07:53:24 | node_17 | INFO ] 🧩 Model added for round 17 (9/9) from ['node_12']
[ 2026-04-18 07:53:24 | node_14 | INFO ] 🧠 Aggregation complete. Setting new model.
[ 2026-04-18 07:53:24 | node_15 | INFO ] 🗣️ Gossiping aggregated model.
[ 2026-04-18 07:53:25 | node_14 | INFO ] 🗣️ Gossiping aggregated model.
[ 2026-04-18 07:53:25 | node_18 | INFO ] 🧩 Model added for round 17 (10/10) from ['node_12']
[ 2026-04-18 07:53:25 | ModelPackager | INFO ] Round 17: Consensus detected (dist: 0.000572). Patience: 1/1
[ 2026-04-18 07:53:25 | ModelPackager | INFO ] Round 17: Consensus detected (dist: 0.000515). Patience: 1/1
[ 2026-04-18 07:53:25 | node_18 | INFO ] 🧠 Aggregation complete. Setting new model.
[ 2026-04-18 07:53:25 | node_17 | INFO ] 🧠 Aggregation complete. Setting new model.
[ 2026-04-18 07:53:26 | ModelPackager | INFO ] Round 17: Consensus detected (dist: 0.000746). Patience: 1/1
[ 2026-04-18 07:53:26 | node_17 | INFO ] 🗣️ Gossiping aggregated model.
[ 2026-04-18 07:53:26 | node_18 | INFO ] 🗣️ Gossiping aggregated model.
[ 2026-04-18 07:53:26 | node_12 | INFO ] 🧠 Aggregation complete. Setting new model.
[ 2026-04-18 07:53:27 | node_12 | INFO ] 🗣️ Gossiping aggregated model.
[ 2026-04-18 07:53:27 | node_13 | INFO ] ⏹️  Gossiping exited for 10 equal rounds.
[ 2026-04-18 07:53:28 | node_13 | INFO ] 🔬 Evaluating...
[ 2026-04-18 07:53:28 | node_13 | INFO ] 📈 Evaluated. Results: {'test_loss': 5.084222793579102, 'test_acc': 0.15311004221439362, 'test_precision': 0.3664604723453522, 'test_recall': 0.344138503074646, 'test_f1': 0.23927995562553406, 'communication_cost': 45173696}
[ 2026-04-18 07:53:28 | node_13 | INFO ] 📢 Broadcasting metrics.
[ 2026-04-18 07:53:28 | node_16 | INFO ] ⏹️  Gossiping exited for 10 equal rounds.
[ 2026-04-18 07:53:28 | node_16 | INFO ] 🔬 Evaluating...
[ 2026-04-18 07:53:28 | node_16 | INFO ] 📈 Evaluated. Results: {'test_loss': 2.245640993118286, 'test_acc': 0.5, 'test_precision': 0.3888888955116272, 'test_recall': 0.32749059796333313, 'test_f1': 0.3182360529899597, 'communication_cost': 39526984}
[ 2026-04-18 07:53:28 | node_16 | INFO ] 📢 Broadcasting metrics.
[ 2026-04-18 07:53:29 | node_13 | INFO ] 🎉 Round 18 of 20 finished.
[ 2026-04-18 07:53:29 | node_13 | INFO ] 🗳️ [DETERMINISTIC] Train set assigned (No Voting). Size: 20
[ 2026-04-18 07:53:29 | node_13 | INFO ] ♻️ Proactively processing 1 early models for round 18.
[ 2026-04-18 07:53:29 | node_13 | INFO ] 🧩 Model added for round 18 (1/9) from ['node_9']
[ 2026-04-18 07:53:29 | node_13 | INFO ] 🏋️‍♀️ Preparing training...
[ 2026-04-18 07:53:29 | node_13 | INFO ] 🎓 Training step done.
[ 2026-04-18 07:53:29 | node_13 | INFO ] 🛠️ Calling force_add_local_model...
[ 2026-04-18 07:53:29 | node_16 | INFO ] 🎉 Round 18 of 20 finished.
[ 2026-04-18 07:53:29 | node_16 | INFO ] 🗳️ [DETERMINISTIC] Train set assigned (No Voting). Size: 20
[ 2026-04-18 07:53:29 | node_13 | INFO ] ✅ [FORCE] Local model added for round 18. (2/9)
[ 2026-04-18 07:53:29 | node_16 | INFO ] ♻️ Proactively processing 1 early models for round 18.
[ 2026-04-18 07:53:29 | node_16 | INFO ] 🧩 Model added for round 18 (1/8) from ['node_9']
[ 2026-04-18 07:53:29 | node_16 | INFO ] 🏋️‍♀️ Preparing training...
[ 2026-04-18 07:53:30 | node_16 | INFO ] 🎓 Training step done.
[ 2026-04-18 07:53:30 | node_16 | INFO ] 🛠️ Calling force_add_local_model...
[ 2026-04-18 07:53:30 | node_16 | INFO ] ✅ [FORCE] Local model added for round 18. (2/8)
[ 2026-04-18 07:53:34 | node_13 | INFO ] 📤 Sending model to 8 direct neighbors: ['node_1', 'node_2', 'node_5', 'node_6', 'node_7', 'node_9', 'node_17', 'node_18']
[ 2026-04-18 07:53:35 | node | INFO ] ⏹️  Gossiping exited for 10 equal rounds.
[ 2026-04-18 07:53:35 | node_3 | INFO ] ⏹️  Gossiping exited for 10 equal rounds.
[ 2026-04-18 07:53:35 | node | INFO ] 🔬 Evaluating...
[ 2026-04-18 07:53:35 | node_3 | INFO ] 🔬 Evaluating...
[ 2026-04-18 07:53:35 | node_16 | INFO ] 📤 Sending model to 7 direct neighbors: ['node', 'node_1', 'node_3', 'node_9', 'node_10', 'node_14', 'node_19']
[ 2026-04-18 07:53:35 | node | INFO ] 📈 Evaluated. Results: {'test_loss': 2.083653211593628, 'test_acc': 0.40425533056259155, 'test_precision': 0.30587372183799744, 'test_recall': 0.19708479940891266, 'test_f1': 0.21485909819602966, 'communication_cost': 39526984}
[ 2026-04-18 07:53:35 | node_3 | INFO ] 📈 Evaluated. Results: {'test_loss': 1.2715942859649658, 'test_acc': 0.6326530575752258, 'test_precision': 0.4644571840763092, 'test_recall': 0.3070013225078583, 'test_f1': 0.336751252412796, 'communication_cost': 39526984}
[ 2026-04-18 07:53:35 | node | INFO ] 📢 Broadcasting metrics.
[ 2026-04-18 07:53:35 | node_3 | INFO ] 📢 Broadcasting metrics.
[ 2026-04-18 07:53:35 | node_9 | INFO ] 🧩 Model added for round 18 (2/8) from ['node_13']
[ 2026-04-18 07:53:36 | node_2 | INFO ] ⏹️  Gossiping exited for 10 equal rounds.
[ 2026-04-18 07:53:36 | node_2 | INFO ] 🔬 Evaluating...
[ 2026-04-18 07:53:36 | node | INFO ] 🎉 Round 18 of 20 finished.
[ 2026-04-18 07:53:36 | node | INFO ] 🗳️ [DETERMINISTIC] Train set assigned (No Voting). Size: 20
[ 2026-04-18 07:53:36 | node | INFO ] ♻️ Proactively processing 1 early models for round 18.
[ 2026-04-18 07:53:36 | node | INFO ] 🧩 Model added for round 18 (1/8) from ['node_16']
[ 2026-04-18 07:53:36 | node | INFO ] 🏋️‍♀️ Preparing training...
[ 2026-04-18 07:53:36 | node_9 | INFO ] 🧩 Model added for round 18 (3/8) from ['node_16']
[ 2026-04-18 07:53:36 | node_2 | INFO ] 📈 Evaluated. Results: {'test_loss': 0.4157184064388275, 'test_acc': 0.8822463750839233, 'test_precision': 0.2778894305229187, 'test_recall': 0.25235533714294434, 'test_f1': 0.2582939863204956, 'communication_cost': 45173696}
[ 2026-04-18 07:53:36 | node_3 | INFO ] 🎉 Round 18 of 20 finished.
[ 2026-04-18 07:53:36 | node_3 | INFO ] 🗳️ [DETERMINISTIC] Train set assigned (No Voting). Size: 20
[ 2026-04-18 07:53:36 | node_2 | INFO ] 📢 Broadcasting metrics.
[ 2026-04-18 07:53:36 | node_3 | INFO ] ♻️ Proactively processing 1 early models for round 18.
[ 2026-04-18 07:53:36 | node_3 | INFO ] 🧩 Model added for round 18 (1/8) from ['node_16']
[ 2026-04-18 07:53:36 | node_3 | INFO ] 🏋️‍♀️ Preparing training...
[ 2026-04-18 07:53:36 | node_5 | INFO ] ⏹️  Gossiping exited for 10 equal rounds.
[ 2026-04-18 07:53:36 | node_5 | INFO ] 🔬 Evaluating...
[ 2026-04-18 07:53:36 | node_3 | INFO ] 🎓 Training step done.
[ 2026-04-18 07:53:36 | node_3 | INFO ] 🛠️ Calling force_add_local_model...
[ 2026-04-18 07:53:36 | node_3 | INFO ] ✅ [FORCE] Local model added for round 18. (2/8)
[ 2026-04-18 07:53:36 | node | INFO ] 🎓 Training step done.
[ 2026-04-18 07:53:36 | node | INFO ] 🛠️ Calling force_add_local_model...
[ 2026-04-18 07:53:36 | node | INFO ] ✅ [FORCE] Local model added for round 18. (2/8)
[ 2026-04-18 07:53:36 | node_5 | INFO ] 📈 Evaluated. Results: {'test_loss': 2.1695520877838135, 'test_acc': 0.4642857015132904, 'test_precision': 0.5333333611488342, 'test_recall': 0.4816017746925354, 'test_f1': 0.39444443583488464, 'communication_cost': 39526984}
[ 2026-04-18 07:53:36 | node_5 | INFO ] 📢 Broadcasting metrics.
[ 2026-04-18 07:53:37 | node_6 | INFO ] ⏹️  Gossiping exited for 10 equal rounds.
[ 2026-04-18 07:53:37 | node_6 | INFO ] 🔬 Evaluating...
[ 2026-04-18 07:53:37 | node_2 | INFO ] 🎉 Round 18 of 20 finished.
[ 2026-04-18 07:53:37 | node_2 | INFO ] 🗳️ [DETERMINISTIC] Train set assigned (No Voting). Size: 20
[ 2026-04-18 07:53:37 | node_2 | INFO ] ♻️ Proactively processing 1 early models for round 18.
[ 2026-04-18 07:53:37 | node_2 | INFO ] 🧩 Model added for round 18 (1/9) from ['node_13']
[ 2026-04-18 07:53:37 | node_2 | INFO ] 🏋️‍♀️ Preparing training...
[ 2026-04-18 07:53:37 | node_7 | INFO ] ⏹️  Gossiping exited for 10 equal rounds.
[ 2026-04-18 07:53:37 | node_7 | INFO ] 🔬 Evaluating...
[ 2026-04-18 07:53:37 | node_6 | INFO ] 📈 Evaluated. Results: {'test_loss': 0.8772799968719482, 'test_acc': 0.709824800491333, 'test_precision': 0.19666557013988495, 'test_recall': 0.14505672454833984, 'test_f1': 0.16574974358081818, 'communication_cost': 62113832}
[ 2026-04-18 07:53:37 | node_6 | INFO ] 📢 Broadcasting metrics.
[ 2026-04-18 07:53:37 | node_5 | INFO ] 🎉 Round 18 of 20 finished.
[ 2026-04-18 07:53:37 | node_5 | INFO ] 🗳️ [DETERMINISTIC] Train set assigned (No Voting). Size: 20
[ 2026-04-18 07:53:37 | node_10 | INFO ] ⏹️  Gossiping exited for 10 equal rounds.
[ 2026-04-18 07:53:37 | node_5 | INFO ] ♻️ Proactively processing 1 early models for round 18.
[ 2026-04-18 07:53:37 | node_10 | INFO ] 🔬 Evaluating...
[ 2026-04-18 07:53:37 | node_5 | INFO ] 🧩 Model added for round 18 (1/8) from ['node_13']
[ 2026-04-18 07:53:37 | node_5 | INFO ] 🏋️‍♀️ Preparing training...
[ 2026-04-18 07:53:37 | node_7 | INFO ] 📈 Evaluated. Results: {'test_loss': 4.878036022186279, 'test_acc': 0.23565323650836945, 'test_precision': 0.26090481877326965, 'test_recall': 0.11093411594629288, 'test_f1': 0.11888569593429565, 'communication_cost': 39526984}
[ 2026-04-18 07:53:37 | node_7 | INFO ] 📢 Broadcasting metrics.
[ 2026-04-18 07:53:37 | node_10 | INFO ] 📈 Evaluated. Results: {'test_loss': 4.478038311004639, 'test_acc': 0.11864406615495682, 'test_precision': 0.3039548099040985, 'test_recall': 0.11016695946455002, 'test_f1': 0.1271706372499466, 'communication_cost': 33880272}
[ 2026-04-18 07:53:37 | node_19 | INFO ] ⏹️  Gossiping exited for 10 equal rounds.
[ 2026-04-18 07:53:38 | node_10 | INFO ] 📢 Broadcasting metrics.
[ 2026-04-18 07:53:38 | node_19 | INFO ] 🔬 Evaluating...
[ 2026-04-18 07:53:38 | node_2 | INFO ] 🎓 Training step done.
[ 2026-04-18 07:53:38 | node_2 | INFO ] 🛠️ Calling force_add_local_model...
[ 2026-04-18 07:53:38 | node_2 | INFO ] ✅ [FORCE] Local model added for round 18. (2/9)
[ 2026-04-18 07:53:38 | node_8 | INFO ] ⏹️  Gossiping exited for 10 equal rounds.
[ 2026-04-18 07:53:38 | node_19 | INFO ] 📈 Evaluated. Results: {'test_loss': 4.928951740264893, 'test_acc': 0.3013972043991089, 'test_precision': 0.2615606188774109, 'test_recall': 0.15974968671798706, 'test_f1': 0.13942168653011322, 'communication_cost': 33880272}
[ 2026-04-18 07:53:38 | node_8 | INFO ] 🔬 Evaluating...
[ 2026-04-18 07:53:38 | node_19 | INFO ] 📢 Broadcasting metrics.
[ 2026-04-18 07:53:38 | node_8 | INFO ] 📈 Evaluated. Results: {'test_loss': 0.48305901885032654, 'test_acc': 0.868852436542511, 'test_precision': 0.4355769157409668, 'test_recall': 0.34668803215026855, 'test_f1': 0.37843406200408936, 'communication_cost': 56467120}
[ 2026-04-18 07:53:38 | node_8 | INFO ] 📢 Broadcasting metrics.
[ 2026-04-18 07:53:38 | node_5 | INFO ] 🎓 Training step done.
[ 2026-04-18 07:53:38 | node_11 | INFO ] ⏹️  Gossiping exited for 10 equal rounds.
[ 2026-04-18 07:53:38 | node_5 | INFO ] 🛠️ Calling force_add_local_model...
[ 2026-04-18 07:53:38 | node_11 | INFO ] 🔬 Evaluating...
[ 2026-04-18 07:53:38 | node_6 | INFO ] 🎉 Round 18 of 20 finished.
[ 2026-04-18 07:53:38 | node_5 | INFO ] ✅ [FORCE] Local model added for round 18. (2/8)
[ 2026-04-18 07:53:38 | node_6 | INFO ] 🗳️ [DETERMINISTIC] Train set assigned (No Voting). Size: 20
[ 2026-04-18 07:53:38 | node_10 | INFO ] 🎉 Round 18 of 20 finished.
[ 2026-04-18 07:53:38 | node_10 | INFO ] 🗳️ [DETERMINISTIC] Train set assigned (No Voting). Size: 20
[ 2026-04-18 07:53:38 | node_6 | INFO ] ♻️ Proactively processing 2 early models for round 18.
[ 2026-04-18 07:53:38 | node_6 | INFO ] 🧩 Model added for round 18 (1/12) from ['node_9']
[ 2026-04-18 07:53:38 | node_10 | INFO ] ♻️ Proactively processing 2 early models for round 18.
[ 2026-04-18 07:53:38 | node_6 | INFO ] 🧩 Model added for round 18 (2/12) from ['node_13']
[ 2026-04-18 07:53:38 | node_6 | INFO ] 🏋️‍♀️ Preparing training...
[ 2026-04-18 07:53:38 | node_10 | INFO ] 🧩 Model added for round 18 (1/7) from ['node_9']
[ 2026-04-18 07:53:38 | node_7 | INFO ] 🎉 Round 18 of 20 finished.
[ 2026-04-18 07:53:38 | node_10 | INFO ] 🧩 Model added for round 18 (2/7) from ['node_16']
[ 2026-04-18 07:53:38 | node_10 | INFO ] 🏋️‍♀️ Preparing training...
[ 2026-04-18 07:53:38 | node_7 | INFO ] 🗳️ [DETERMINISTIC] Train set assigned (No Voting). Size: 20
[ 2026-04-18 07:53:38 | node_11 | INFO ] 📈 Evaluated. Results: {'test_loss': 1.4814015626907349, 'test_acc': 0.5107033848762512, 'test_precision': 0.20330432057380676, 'test_recall': 0.12059297412633896, 'test_f1': 0.14692966639995575, 'communication_cost': 39526984}
[ 2026-04-18 07:53:38 | node_11 | INFO ] 📢 Broadcasting metrics.
[ 2026-04-18 07:53:38 | node_7 | INFO ] ♻️ Proactively processing 2 early models for round 18.
[ 2026-04-18 07:53:38 | node_7 | INFO ] 🧩 Model added for round 18 (1/8) from ['node_9']
[ 2026-04-18 07:53:38 | node_7 | INFO ] 🧩 Model added for round 18 (2/8) from ['node_13']
[ 2026-04-18 07:53:38 | node_7 | INFO ] 🏋️‍♀️ Preparing training...
[ 2026-04-18 07:53:39 | node_19 | INFO ] 🎉 Round 18 of 20 finished.
[ 2026-04-18 07:53:39 | node_19 | INFO ] 🗳️ [DETERMINISTIC] Train set assigned (No Voting). Size: 20
[ 2026-04-18 07:53:39 | node_19 | INFO ] ♻️ Proactively processing 1 early models for round 18.
[ 2026-04-18 07:53:39 | node_19 | INFO ] 🧩 Model added for round 18 (1/7) from ['node_16']
[ 2026-04-18 07:53:39 | node_19 | INFO ] 🏋️‍♀️ Preparing training...
[ 2026-04-18 07:53:39 | node_7 | INFO ] 🎓 Training step done.
[ 2026-04-18 07:53:39 | node_7 | INFO ] 🛠️ Calling force_add_local_model...
[ 2026-04-18 07:53:39 | node_7 | INFO ] ✅ [FORCE] Local model added for round 18. (3/8)
[ 2026-04-18 07:53:39 | node_11 | INFO ] 🎉 Round 18 of 20 finished.
[ 2026-04-18 07:53:39 | node_11 | INFO ] 🗳️ [DETERMINISTIC] Train set assigned (No Voting). Size: 20
[ 2026-04-18 07:53:39 | node_11 | INFO ] 🏋️‍♀️ Preparing training...
[ 2026-04-18 07:53:39 | node_8 | INFO ] 🎉 Round 18 of 20 finished.
[ 2026-04-18 07:53:39 | node_8 | INFO ] 🗳️ [DETERMINISTIC] Train set assigned (No Voting). Size: 20
[ 2026-04-18 07:53:39 | node_8 | INFO ] 🏋️‍♀️ Preparing training...
[ 2026-04-18 07:53:39 | node_14 | INFO ] ⏹️  Gossiping exited for 10 equal rounds.
[ 2026-04-18 07:53:39 | node_6 | INFO ] 🎓 Training step done.
[ 2026-04-18 07:53:39 | node_14 | INFO ] 🔬 Evaluating...
[ 2026-04-18 07:53:39 | node_6 | INFO ] 🛠️ Calling force_add_local_model...
[ 2026-04-18 07:53:39 | node_19 | INFO ] 🎓 Training step done.
[ 2026-04-18 07:53:39 | node_19 | INFO ] 🛠️ Calling force_add_local_model...
[ 2026-04-18 07:53:39 | node_6 | INFO ] ✅ [FORCE] Local model added for round 18. (3/12)
[ 2026-04-18 07:53:39 | node_19 | INFO ] ✅ [FORCE] Local model added for round 18. (2/7)
[ 2026-04-18 07:53:39 | node_14 | INFO ] 📈 Evaluated. Results: {'test_loss': 0.8783496022224426, 'test_acc': 0.7654321193695068, 'test_precision': 0.3619047701358795, 'test_recall': 0.3205071687698364, 'test_f1': 0.3162326216697693, 'communication_cost': 56467120}
[ 2026-04-18 07:53:39 | node_14 | INFO ] 📢 Broadcasting metrics.
[ 2026-04-18 07:53:39 | node_11 | INFO ] 🎓 Training step done.
[ 2026-04-18 07:53:39 | node_11 | INFO ] 🛠️ Calling force_add_local_model...
[ 2026-04-18 07:53:40 | node_11 | INFO ] ✅ [FORCE] Local model added for round 18. (1/8)
[ 2026-04-18 07:53:40 | node_10 | INFO ] 🎓 Training step done.
[ 2026-04-18 07:53:40 | node_10 | INFO ] 🛠️ Calling force_add_local_model...
[ 2026-04-18 07:53:40 | node_10 | INFO ] ✅ [FORCE] Local model added for round 18. (3/7)
[ 2026-04-18 07:53:40 | node_8 | INFO ] 🎓 Training step done.
[ 2026-04-18 07:53:40 | node_8 | INFO ] 🛠️ Calling force_add_local_model...
[ 2026-04-18 07:53:40 | node_8 | INFO ] ✅ [FORCE] Local model added for round 18. (1/11)
[ 2026-04-18 07:53:40 | node_14 | INFO ] 🎉 Round 18 of 20 finished.
[ 2026-04-18 07:53:40 | node_14 | INFO ] 🗳️ [DETERMINISTIC] Train set assigned (No Voting). Size: 20
[ 2026-04-18 07:53:40 | node_14 | INFO ] ♻️ Proactively processing 1 early models for round 18.
[ 2026-04-18 07:53:40 | node_14 | INFO ] 🧩 Model added for round 18 (1/11) from ['node_16']
[ 2026-04-18 07:53:40 | node_14 | INFO ] 🏋️‍♀️ Preparing training...
[ 2026-04-18 07:53:41 | node_15 | INFO ] ⏹️  Gossiping exited for 10 equal rounds.
[ 2026-04-18 07:53:41 | node_18 | INFO ] ⏹️  Gossiping exited for 10 equal rounds.
[ 2026-04-18 07:53:41 | node_15 | INFO ] 🔬 Evaluating...
[ 2026-04-18 07:53:41 | node_18 | INFO ] 🔬 Evaluating...
[ 2026-04-18 07:53:41 | node_12 | INFO ] ⏹️  Gossiping exited for 10 equal rounds.
[ 2026-04-18 07:53:41 | node_12 | INFO ] 🔬 Evaluating...
[ 2026-04-18 07:53:41 | node_17 | INFO ] ⏹️  Gossiping exited for 10 equal rounds.
[ 2026-04-18 07:53:41 | node_17 | INFO ] 🔬 Evaluating...
[ 2026-04-18 07:53:41 | node_15 | INFO ] 📈 Evaluated. Results: {'test_loss': 12.053399085998535, 'test_acc': 0.004201680887490511, 'test_precision': 0.06722689419984818, 'test_recall': 0.06722689419984818, 'test_f1': 0.06722689419984818, 'communication_cost': 45173696}
[ 2026-04-18 07:53:41 | node_12 | INFO ] 📈 Evaluated. Results: {'test_loss': 0.5454342365264893, 'test_acc': 0.8169013857841492, 'test_precision': 0.3372272849082947, 'test_recall': 0.2468392550945282, 'test_f1': 0.27342355251312256, 'communication_cost': 62113832}
[ 2026-04-18 07:53:41 | node_17 | INFO ] 📈 Evaluated. Results: {'test_loss': 2.396833896636963, 'test_acc': 0.4166666567325592, 'test_precision': 0.27253520488739014, 'test_recall': 0.10572865605354309, 'test_f1': 0.11574232578277588, 'communication_cost': 45173696}
[ 2026-04-18 07:53:41 | node_15 | INFO ] 📢 Broadcasting metrics.
[ 2026-04-18 07:53:41 | node_12 | INFO ] 📢 Broadcasting metrics.
[ 2026-04-18 07:53:41 | node_18 | INFO ] 📈 Evaluated. Results: {'test_loss': 0.43510860204696655, 'test_acc': 0.8437086343765259, 'test_precision': 0.32996684312820435, 'test_recall': 0.2882329225540161, 'test_f1': 0.30506405234336853, 'communication_cost': 50820408}
[ 2026-04-18 07:53:41 | node_17 | INFO ] 📢 Broadcasting metrics.
[ 2026-04-18 07:53:41 | node_18 | INFO ] 📢 Broadcasting metrics.
[ 2026-04-18 07:53:41 | node_1 | INFO ] ⏹️  Gossiping exited for 10 equal rounds.
[ 2026-04-18 07:53:41 | node_1 | INFO ] 🔬 Evaluating...
[ 2026-04-18 07:53:41 | node_3 | INFO ] 📤 Sending model to 7 direct neighbors: ['node_2', 'node_6', 'node_8', 'node_11', 'node_14', 'node_15', 'node_16']
[ 2026-04-18 07:53:41 | node | INFO ] 📤 Sending model to 7 direct neighbors: ['node_4', 'node_7', 'node_8', 'node_12', 'node_14', 'node_16', 'node_18']
[ 2026-04-18 07:53:41 | node_1 | INFO ] 📈 Evaluated. Results: {'test_loss': 1.1096779108047485, 'test_acc': 0.65625, 'test_precision': 0.23002947866916656, 'test_recall': 0.17782384157180786, 'test_f1': 0.18463972210884094, 'communication_cost': 50820408}
[ 2026-04-18 07:53:41 | node_1 | INFO ] 📢 Broadcasting metrics.
[ 2026-04-18 07:53:42 | node_2 | INFO ] 🧩 Model added for round 18 (3/9) from ['node_3']
[ 2026-04-18 07:53:42 | node_15 | INFO ] 🎉 Round 18 of 20 finished.
[ 2026-04-18 07:53:42 | node_15 | INFO ] 🗳️ [DETERMINISTIC] Train set assigned (No Voting). Size: 20
[ 2026-04-18 07:53:42 | node_15 | INFO ] 🏋️‍♀️ Preparing training...
[ 2026-04-18 07:53:42 | node_7 | INFO ] 🧩 Model added for round 18 (4/8) from ['node']
[ 2026-04-18 07:53:42 | node_17 | INFO ] 🎉 Round 18 of 20 finished.
[ 2026-04-18 07:53:42 | node_12 | INFO ] 🎉 Round 18 of 20 finished.
[ 2026-04-18 07:53:42 | node_6 | INFO ] 🧩 Model added for round 18 (4/12) from ['node_3']
[ 2026-04-18 07:53:42 | node_17 | INFO ] 🗳️ [DETERMINISTIC] Train set assigned (No Voting). Size: 20
[ 2026-04-18 07:53:42 | node_12 | INFO ] 🗳️ [DETERMINISTIC] Train set assigned (No Voting). Size: 20
[ 2026-04-18 07:53:42 | node_17 | INFO ] ♻️ Proactively processing 2 early models for round 18.
[ 2026-04-18 07:53:42 | node_17 | INFO ] 🧩 Model added for round 18 (1/9) from ['node_9']
[ 2026-04-18 07:53:42 | node_17 | INFO ] 🧩 Model added for round 18 (2/9) from ['node_13']
[ 2026-04-18 07:53:42 | node_17 | INFO ] 🏋️‍♀️ Preparing training...
[ 2026-04-18 07:53:42 | node_12 | INFO ] 🏋️‍♀️ Preparing training...
[ 2026-04-18 07:53:42 | node_18 | INFO ] 🎉 Round 18 of 20 finished.
[ 2026-04-18 07:53:42 | node_18 | INFO ] 🗳️ [DETERMINISTIC] Train set assigned (No Voting). Size: 20
[ 2026-04-18 07:53:42 | node_18 | INFO ] ♻️ Proactively processing 2 early models for round 18.
[ 2026-04-18 07:53:42 | node_18 | INFO ] 🧩 Model added for round 18 (1/10) from ['node_9']
[ 2026-04-18 07:53:42 | node_18 | INFO ] 🧩 Model added for round 18 (2/10) from ['node_13']
[ 2026-04-18 07:53:42 | node_18 | INFO ] 🏋️‍♀️ Preparing training...
[ 2026-04-18 07:53:42 | node_8 | INFO ] 🧩 Model added for round 18 (2/11) from ['node']
[ 2026-04-18 07:53:42 | node_1 | INFO ] 🎉 Round 18 of 20 finished.
[ 2026-04-18 07:53:42 | node_1 | INFO ] 🗳️ [DETERMINISTIC] Train set assigned (No Voting). Size: 20
[ 2026-04-18 07:53:43 | node_8 | INFO ] 🧩 Model added for round 18 (3/11) from ['node_3']
[ 2026-04-18 07:53:43 | node_1 | INFO ] ♻️ Proactively processing 2 early models for round 18.
[ 2026-04-18 07:53:43 | node_1 | INFO ] 🧩 Model added for round 18 (1/10) from ['node_13']
[ 2026-04-18 07:53:43 | node_14 | INFO ] 🎓 Training step done.
[ 2026-04-18 07:53:43 | node_1 | INFO ] 🧩 Model added for round 18 (2/10) from ['node_16']
[ 2026-04-18 07:53:43 | node_1 | INFO ] 🏋️‍♀️ Preparing training...
[ 2026-04-18 07:53:43 | node_14 | INFO ] 🛠️ Calling force_add_local_model...
[ 2026-04-18 07:53:43 | node_14 | INFO ] ✅ [FORCE] Local model added for round 18. (2/11)
[ 2026-04-18 07:53:43 | node_2 | INFO ] 📤 Sending model to 8 direct neighbors: ['node_1', 'node_3', 'node_4', 'node_11', 'node_12', 'node_13', 'node_14', 'node_15']
[ 2026-04-18 07:53:43 | node_17 | INFO ] 🎓 Training step done.
[ 2026-04-18 07:53:43 | node_12 | INFO ] 🧩 Model added for round 18 (1/12) from ['node']
[ 2026-04-18 07:53:43 | node_12 | INFO ] 🎓 Training step done.
[ 2026-04-18 07:53:43 | node_17 | INFO ] 🛠️ Calling force_add_local_model...
[ 2026-04-18 07:53:43 | node_12 | INFO ] 🛠️ Calling force_add_local_model...
[ 2026-04-18 07:53:43 | node_17 | INFO ] ✅ [FORCE] Local model added for round 18. (3/9)
[ 2026-04-18 07:53:43 | node_12 | INFO ] ✅ [FORCE] Local model added for round 18. (2/12)
[ 2026-04-18 07:53:43 | node_1 | INFO ] 🧩 Model added for round 18 (3/10) from ['node_2']
[ 2026-04-18 07:53:43 | node_11 | INFO ] 🧩 Model added for round 18 (2/8) from ['node_3']
[ 2026-04-18 07:53:43 | node_5 | INFO ] 📤 Sending model to 7 direct neighbors: ['node_4', 'node_6', 'node_11', 'node_12', 'node_13', 'node_14', 'node_19']
[ 2026-04-18 07:53:43 | node_3 | INFO ] 🧩 Model added for round 18 (3/8) from ['node_2']
[ 2026-04-18 07:53:43 | node_14 | INFO ] 🧩 Model added for round 18 (3/11) from ['node_3']
[ 2026-04-18 07:53:43 | node_14 | INFO ] 🧩 Model added for round 18 (4/11) from ['node']
[ 2026-04-18 07:53:44 | node_6 | INFO ] 🧩 Model added for round 18 (5/12) from ['node_5']
[ 2026-04-18 07:53:44 | node_1 | INFO ] 🎓 Training step done.
[ 2026-04-18 07:53:44 | node_1 | INFO ] 🛠️ Calling force_add_local_model...
[ 2026-04-18 07:53:44 | node_1 | INFO ] ✅ [FORCE] Local model added for round 18. (4/10)
[ 2026-04-18 07:53:44 | node_18 | INFO ] 🎓 Training step done.
[ 2026-04-18 07:53:44 | node_18 | INFO ] 🛠️ Calling force_add_local_model...
[ 2026-04-18 07:53:44 | node_18 | INFO ] ✅ [FORCE] Local model added for round 18. (3/10)
[ 2026-04-18 07:53:44 | node_7 | INFO ] 📤 Sending model to 7 direct neighbors: ['node', 'node_1', 'node_8', 'node_9', 'node_12', 'node_13', 'node_15']
[ 2026-04-18 07:53:44 | node_11 | INFO ] 🧩 Model added for round 18 (3/8) from ['node_2']
[ 2026-04-18 07:53:44 | node_15 | INFO ] 🎓 Training step done.
[ 2026-04-18 07:53:44 | node_16 | INFO ] 🧩 Model added for round 18 (3/8) from ['node']
[ 2026-04-18 07:53:44 | node_15 | INFO ] 🧩 Model added for round 18 (1/9) from ['node_3']
[ 2026-04-18 07:53:44 | node_15 | INFO ] 🛠️ Calling force_add_local_model...
[ 2026-04-18 07:53:44 | node_15 | INFO ] ✅ [FORCE] Local model added for round 18. (2/9)
[ 2026-04-18 07:53:44 | node | INFO ] 🧩 Model added for round 18 (3/8) from ['node_7']
[ 2026-04-18 07:53:44 | node_11 | INFO ] 🧩 Model added for round 18 (4/8) from ['node_5']
[ 2026-04-18 07:53:44 | node_6 | INFO ] 📤 Sending model to 11 direct neighbors: ['node_1', 'node_3', 'node_5', 'node_9', 'node_10', 'node_12', 'node_13', 'node_14', 'node_15', 'node_17', 'node_18']
[ 2026-04-18 07:53:44 | node_19 | INFO ] 📤 Sending model to 6 direct neighbors: ['node_4', 'node_5', 'node_8', 'node_10', 'node_15', 'node_16']
[ 2026-04-18 07:53:44 | node_12 | INFO ] 🧩 Model added for round 18 (3/12) from ['node_2']
[ 2026-04-18 07:53:44 | node_18 | INFO ] 🧩 Model added for round 18 (4/10) from ['node']
[ 2026-04-18 07:53:44 | node_16 | INFO ] 🧩 Model added for round 18 (4/8) from ['node_3']
[ 2026-04-18 07:53:45 | node_11 | INFO ] 📤 Sending model to 7 direct neighbors: ['node_1', 'node_2', 'node_3', 'node_4', 'node_5', 'node_8', 'node_12']
[ 2026-04-18 07:53:45 | node_1 | INFO ] 🧩 Model added for round 18 (5/10) from ['node_7']
[ 2026-04-18 07:53:45 | node_1 | INFO ] 🧩 Model added for round 18 (6/10) from ['node_6']
[ 2026-04-18 07:53:45 | node_1 | INFO ] 🧩 Model added for round 18 (7/10) from ['node_11']
[ 2026-04-18 07:53:45 | node_10 | INFO ] 📤 Sending model to 6 direct neighbors: ['node_6', 'node_8', 'node_9', 'node_12', 'node_16', 'node_19']
[ 2026-04-18 07:53:45 | node_5 | INFO ] 🧩 Model added for round 18 (3/8) from ['node_19']
[ 2026-04-18 07:53:45 | node_6 | INFO ] 🧩 Model added for round 18 (6/12) from ['node_10']
[ 2026-04-18 07:53:45 | node_12 | INFO ] 🧩 Model added for round 18 (4/12) from ['node_5']
[ 2026-04-18 07:53:45 | node_8 | INFO ] 📤 Sending model to 10 direct neighbors: ['node', 'node_3', 'node_7', 'node_10', 'node_11', 'node_14', 'node_15', 'node_17', 'node_18', 'node_19']
[ 2026-04-18 07:53:45 | node_8 | INFO ] 🧩 Model added for round 18 (4/11) from ['node_7']
[ 2026-04-18 07:53:45 | node_13 | INFO ] 🧩 Model added for round 18 (3/9) from ['node_2']
[ 2026-04-18 07:53:45 | node_3 | INFO ] 🧩 Model added for round 18 (4/8) from ['node_6']
[ 2026-04-18 07:53:46 | node | INFO ] 🧩 Model added for round 18 (4/8) from ['node_8']
[ 2026-04-18 07:53:46 | node_2 | INFO ] 🧩 Model added for round 18 (4/9) from ['node_11']
[ 2026-04-18 07:53:46 | node_8 | INFO ] 🧩 Model added for round 18 (5/11) from ['node_19']
[ 2026-04-18 07:53:46 | node_8 | INFO ] 🧩 Model added for round 18 (6/11) from ['node_10']
[ 2026-04-18 07:53:46 | node_13 | INFO ] 🧩 Model added for round 18 (4/9) from ['node_5']
[ 2026-04-18 07:53:46 | node_9 | INFO ] 🧩 Model added for round 18 (4/8) from ['node_7']
[ 2026-04-18 07:53:46 | node_14 | INFO ] 🧩 Model added for round 18 (5/11) from ['node_2']
[ 2026-04-18 07:53:46 | node_3 | INFO ] 🧩 Model added for round 18 (5/8) from ['node_8']
[ 2026-04-18 07:53:46 | node_5 | INFO ] 🧩 Model added for round 18 (4/8) from ['node_6']
[ 2026-04-18 07:53:46 | node_3 | INFO ] 🧩 Model added for round 18 (6/8) from ['node_11']
[ 2026-04-18 07:53:46 | node_14 | INFO ] 🧩 Model added for round 18 (6/11) from ['node_5']
[ 2026-04-18 07:53:46 | node_10 | INFO ] 🧩 Model added for round 18 (4/7) from ['node_19']
[ 2026-04-18 07:53:46 | node_9 | INFO ] 🧩 Model added for round 18 (5/8) from ['node_10']
[ 2026-04-18 07:53:46 | node_12 | INFO ] 🧩 Model added for round 18 (5/12) from ['node_7']
[ 2026-04-18 07:53:47 | node_7 | INFO ] 🧩 Model added for round 18 (5/8) from ['node_8']
[ 2026-04-18 07:53:47 | node_9 | INFO ] 🧩 Model added for round 18 (6/8) from ['node_6']
[ 2026-04-18 07:53:47 | node_15 | INFO ] 🧩 Model added for round 18 (3/9) from ['node_2']
[ 2026-04-18 07:53:47 | node_15 | INFO ] 🧩 Model added for round 18 (4/9) from ['node_19']
[ 2026-04-18 07:53:47 | node_19 | INFO ] 🧩 Model added for round 18 (3/7) from ['node_5']
[ 2026-04-18 07:53:47 | node_12 | INFO ] 🧩 Model added for round 18 (6/12) from ['node_10']
[ 2026-04-18 07:53:47 | node_10 | INFO ] 🧩 Model added for round 18 (5/7) from ['node_6']
[ 2026-04-18 07:53:47 | node_13 | INFO ] 🧩 Model added for round 18 (5/9) from ['node_7']
[ 2026-04-18 07:53:47 | node_10 | INFO ] 🧩 Model added for round 18 (6/7) from ['node_8']
[ 2026-04-18 07:53:47 | node_5 | INFO ] 🧩 Model added for round 18 (5/8) from ['node_11']
[ 2026-04-18 07:53:47 | node_16 | INFO ] 🧩 Model added for round 18 (5/8) from ['node_19']
[ 2026-04-18 07:53:48 | node_12 | INFO ] 🧩 Model added for round 18 (7/12) from ['node_6']
[ 2026-04-18 07:53:48 | node_14 | INFO ] 📤 Sending model to 10 direct neighbors: ['node', 'node_1', 'node_2', 'node_3', 'node_5', 'node_6', 'node_8', 'node_12', 'node_16', 'node_17']
[ 2026-04-18 07:53:48 | node_16 | INFO ] 🧩 Model added for round 18 (6/8) from ['node_10']
[ 2026-04-18 07:53:48 | node_15 | INFO ] 🧩 Model added for round 18 (5/9) from ['node_7']
[ 2026-04-18 07:53:48 | node_8 | INFO ] 🧩 Model added for round 18 (7/11) from ['node_11']
[ 2026-04-18 07:53:48 | node_11 | INFO ] 🧩 Model added for round 18 (5/8) from ['node_8']
[ 2026-04-18 07:53:48 | node | INFO ] 🧩 Model added for round 18 (5/8) from ['node_14']
[ 2026-04-18 07:53:48 | node_12 | INFO ] 📤 Sending model to 11 direct neighbors: ['node', 'node_2', 'node_5', 'node_6', 'node_7', 'node_10', 'node_11', 'node_14', 'node_15', 'node_17', 'node_18']
[ 2026-04-18 07:53:48 | node_17 | INFO ] 📤 Sending model to 8 direct neighbors: ['node_4', 'node_6', 'node_8', 'node_9', 'node_12', 'node_13', 'node_14', 'node_18']
[ 2026-04-18 07:53:48 | node_4 | INFO ] ⏹️  Gossiping exited for 10 equal rounds.
[ 2026-04-18 07:53:48 | node_4 | INFO ] 🔬 Evaluating...
[ 2026-04-18 07:53:48 | node_19 | INFO ] 🧩 Model added for round 18 (4/7) from ['node_10']
[ 2026-04-18 07:53:48 | node_13 | INFO ] 🧩 Model added for round 18 (6/9) from ['node_6']
[ 2026-04-18 07:53:48 | node | INFO ] 🧩 Model added for round 18 (6/8) from ['node_12']
[ 2026-04-18 07:53:48 | node_14 | INFO ] 🧩 Model added for round 18 (7/11) from ['node_8']
[ 2026-04-18 07:53:48 | node_12 | INFO ] 🧩 Model added for round 18 (8/12) from ['node_11']
[ 2026-04-18 07:53:49 | node_1 | INFO ] 🧩 Model added for round 18 (8/10) from ['node_14']
[ 2026-04-18 07:53:49 | node_4 | INFO ] 📈 Evaluated. Results: {'test_loss': 0.6289117336273193, 'test_acc': 0.8229768872261047, 'test_precision': 0.2537517249584198, 'test_recall': 0.20724256336688995, 'test_f1': 0.22358183562755585, 'communication_cost': 39526984}
[ 2026-04-18 07:53:49 | node_4 | INFO ] 📢 Broadcasting metrics.
[ 2026-04-18 07:53:49 | node_1 | INFO ] 📤 Sending model to 9 direct neighbors: ['node_2', 'node_6', 'node_7', 'node_11', 'node_13', 'node_14', 'node_15', 'node_16', 'node_18']
[ 2026-04-18 07:53:49 | node_6 | INFO ] 🧩 Model added for round 18 (7/12) from ['node_17']
[ 2026-04-18 07:53:49 | node_18 | INFO ] 📤 Sending model to 9 direct neighbors: ['node', 'node_1', 'node_4', 'node_6', 'node_8', 'node_9', 'node_12', 'node_13', 'node_17']
[ 2026-04-18 07:53:49 | node_2 | INFO ] 🧩 Model added for round 18 (5/9) from ['node_12']
[ 2026-04-18 07:53:49 | node_14 | INFO ] 🧩 Model added for round 18 (8/11) from ['node_6']
[ 2026-04-18 07:53:49 | node_15 | INFO ] 📤 Sending model to 8 direct neighbors: ['node_1', 'node_2', 'node_3', 'node_6', 'node_7', 'node_8', 'node_12', 'node_19']
[ 2026-04-18 07:53:49 | node_15 | INFO ] 🧩 Model added for round 18 (6/9) from ['node_8']
[ 2026-04-18 07:53:49 | node_2 | INFO ] 🧩 Model added for round 18 (6/9) from ['node_1']
[ 2026-04-18 07:53:49 | node | INFO ] 🧩 Model added for round 18 (7/8) from ['node_18']
[ 2026-04-18 07:53:49 | node_2 | INFO ] 🧩 Model added for round 18 (7/9) from ['node_14']
[ 2026-04-18 07:53:49 | node_1 | INFO ] 🧩 Model added for round 18 (9/10) from ['node_15']
[ 2026-04-18 07:53:50 | node_5 | INFO ] 🧩 Model added for round 18 (6/8) from ['node_12']
[ 2026-04-18 07:53:50 | node_15 | INFO ] 🧩 Model added for round 18 (7/9) from ['node_6']
[ 2026-04-18 07:53:50 | node_8 | INFO ] 🧩 Model added for round 18 (8/11) from ['node_17']
[ 2026-04-18 07:53:50 | node_4 | INFO ] 🎉 Round 18 of 20 finished.
[ 2026-04-18 07:53:50 | node_4 | INFO ] 🗳️ [DETERMINISTIC] Train set assigned (No Voting). Size: 20
[ 2026-04-18 07:53:50 | node_4 | INFO ] ♻️ Proactively processing 6 early models for round 18.
[ 2026-04-18 07:53:50 | node_6 | INFO ] 🧩 Model added for round 18 (8/12) from ['node_1']
[ 2026-04-18 07:53:50 | node_4 | INFO ] 🧩 Model added for round 18 (1/8) from ['node']
[ 2026-04-18 07:53:50 | node_4 | INFO ] 🧩 Model added for round 18 (2/8) from ['node_5']
[ 2026-04-18 07:53:50 | node_4 | INFO ] 🧩 Model added for round 18 (3/8) from ['node_2']
[ 2026-04-18 07:53:50 | node_4 | INFO ] 🧩 Model added for round 18 (4/8) from ['node_19']
[ 2026-04-18 07:53:50 | node_1 | INFO ] 🧩 Model added for round 18 (10/10) from ['node_18']
[ 2026-04-18 07:53:50 | node_4 | INFO ] 🧩 Model added for round 18 (5/8) from ['node_11']
[ 2026-04-18 07:53:50 | node_4 | INFO ] 🧩 Model added for round 18 (6/8) from ['node_17']
[ 2026-04-18 07:53:50 | node_4 | INFO ] 🏋️‍♀️ Preparing training...
[ 2026-04-18 07:53:50 | node_17 | INFO ] 🧩 Model added for round 18 (4/9) from ['node_8']
[ 2026-04-18 07:53:50 | node_2 | INFO ] 🧩 Model added for round 18 (8/9) from ['node_15']
[ 2026-04-18 07:53:50 | node_3 | INFO ] 🧩 Model added for round 18 (7/8) from ['node_14']
[ 2026-04-18 07:53:50 | node_17 | INFO ] 🧩 Model added for round 18 (5/9) from ['node_6']
[ 2026-04-18 07:53:50 | node_6 | INFO ] 🧩 Model added for round 18 (9/12) from ['node_12']
[ 2026-04-18 07:53:50 | node_9 | INFO ] 🧩 Model added for round 18 (7/8) from ['node_17']
[ 2026-04-18 07:53:50 | node_4 | INFO ] 🎓 Training step done.
[ 2026-04-18 07:53:50 | node_4 | INFO ] 🛠️ Calling force_add_local_model...
[ 2026-04-18 07:53:50 | node_7 | INFO ] 🧩 Model added for round 18 (6/8) from ['node_1']
[ 2026-04-18 07:53:50 | node_4 | INFO ] ✅ [FORCE] Local model added for round 18. (7/8)
[ 2026-04-18 07:53:50 | node_18 | INFO ] 🧩 Model added for round 18 (5/10) from ['node_8']
[ 2026-04-18 07:53:50 | node_4 | INFO ] 🧩 Model added for round 18 (8/8) from ['node_18']
[ 2026-04-18 07:53:51 | node_3 | INFO ] 🧩 Model added for round 18 (8/8) from ['node_15']
[ 2026-04-18 07:53:51 | node_5 | INFO ] 🧩 Model added for round 18 (7/8) from ['node_14']
[ 2026-04-18 07:53:51 | node_12 | INFO ] 🧩 Model added for round 18 (9/12) from ['node_17']
[ 2026-04-18 07:53:51 | node_18 | INFO ] 🧩 Model added for round 18 (6/10) from ['node_6']
[ 2026-04-18 07:53:51 | node_11 | INFO ] 🧩 Model added for round 18 (6/8) from ['node_1']
[ 2026-04-18 07:53:51 | node_19 | INFO ] 🧩 Model added for round 18 (5/7) from ['node_8']
[ 2026-04-18 07:53:51 | node_7 | INFO ] 🧩 Model added for round 18 (7/8) from ['node_12']
[ 2026-04-18 07:53:51 | node_6 | INFO ] 🧩 Model added for round 18 (10/12) from ['node_18']
[ 2026-04-18 07:53:51 | ModelPackager | INFO ] Round 18: Consensus detected (dist: 0.000610). Patience: 1/1
[ 2026-04-18 07:53:51 | node_6 | INFO ] 🧩 Model added for round 18 (11/12) from ['node_15']
[ 2026-04-18 07:53:51 | node_3 | INFO ] 🧠 Aggregation complete. Setting new model.
[ 2026-04-18 07:53:52 | node_6 | INFO ] 🧩 Model added for round 18 (12/12) from ['node_14']
[ 2026-04-18 07:53:52 | node_13 | INFO ] 🧩 Model added for round 18 (7/9) from ['node_1']
[ 2026-04-18 07:53:52 | node_10 | INFO ] 🧩 Model added for round 18 (7/7) from ['node_12']
[ 2026-04-18 07:53:52 | node_13 | INFO ] 🧩 Model added for round 18 (8/9) from ['node_17']
[ 2026-04-18 07:53:52 | node_8 | INFO ] 🧩 Model added for round 18 (9/11) from ['node_18']
[ 2026-04-18 07:53:52 | node_3 | INFO ] 🗣️ Gossiping aggregated model.
[ 2026-04-18 07:53:52 | node_11 | INFO ] 🧩 Model added for round 18 (7/8) from ['node_12']
[ 2026-04-18 07:53:52 | node_14 | INFO ] 🧩 Model added for round 18 (9/11) from ['node_1']
[ 2026-04-18 07:53:52 | node_14 | INFO ] 🧩 Model added for round 18 (10/11) from ['node_17']
[ 2026-04-18 07:53:52 | ModelPackager | INFO ] Round 18: Consensus detected (dist: 0.000576). Patience: 1/1
[ 2026-04-18 07:53:52 | node_7 | INFO ] 🧩 Model added for round 18 (8/8) from ['node_15']
[ 2026-04-18 07:53:52 | node_8 | INFO ] 🧩 Model added for round 18 (10/11) from ['node_14']
[ 2026-04-18 07:53:53 | node_9 | INFO ] 🧩 Model added for round 18 (8/8) from ['node_18']
[ 2026-04-18 07:53:53 | node_10 | INFO ] 🧠 Aggregation complete. Setting new model.
[ 2026-04-18 07:53:53 | node_14 | INFO ] 🧩 Model added for round 18 (11/11) from ['node_12']
[ 2026-04-18 07:53:53 | node_15 | INFO ] 🧩 Model added for round 18 (8/9) from ['node_1']
[ 2026-04-18 07:53:53 | node_8 | INFO ] 🧩 Model added for round 18 (11/11) from ['node_15']
[ 2026-04-18 07:53:53 | node_12 | INFO ] 🧩 Model added for round 18 (10/12) from ['node_14']
[ 2026-04-18 07:53:53 | node_18 | INFO ] 🧩 Model added for round 18 (7/10) from ['node_17']
[ 2026-04-18 07:53:53 | node_10 | INFO ] 🗣️ Gossiping aggregated model.
[ 2026-04-18 07:53:53 | ModelPackager | INFO ] Round 18: Consensus detected (dist: 0.000748). Patience: 1/1
[ 2026-04-18 07:53:54 | node_6 | INFO ] 🧠 Aggregation complete. Setting new model.
[ 2026-04-18 07:53:54 | node_12 | INFO ] 🧩 Model added for round 18 (11/12) from ['node_18']
[ 2026-04-18 07:53:54 | node_16 | INFO ] 🧩 Model added for round 18 (7/8) from ['node_1']
[ 2026-04-18 07:53:54 | ModelPackager | INFO ] Round 18: Consensus detected (dist: 0.000657). Patience: 1/1
[ 2026-04-18 07:53:54 | ModelPackager | INFO ] Round 18: Consensus detected (dist: 0.000552). Patience: 1/1
[ 2026-04-18 07:53:54 | node_15 | INFO ] 🧩 Model added for round 18 (9/9) from ['node_12']
[ 2026-04-18 07:53:54 | ModelPackager | INFO ] Round 18: Consensus detected (dist: 0.000711). Patience: 1/1
[ 2026-04-18 07:53:54 | node_12 | INFO ] 🧩 Model added for round 18 (12/12) from ['node_15']
[ 2026-04-18 07:53:54 | node_6 | INFO ] 🗣️ Gossiping aggregated model.
[ 2026-04-18 07:53:54 | node_16 | INFO ] 🧩 Model added for round 18 (8/8) from ['node_14']
[ 2026-04-18 07:53:54 | node_9 | INFO ] 🧠 Aggregation complete. Setting new model.
[ 2026-04-18 07:53:54 | node_18 | INFO ] 🧩 Model added for round 18 (8/10) from ['node_1']
[ 2026-04-18 07:53:54 | node_13 | INFO ] 🧩 Model added for round 18 (9/9) from ['node_18']
[ 2026-04-18 07:53:54 | node_17 | INFO ] 🧩 Model added for round 18 (6/9) from ['node_12']
[ 2026-04-18 07:53:54 | node_7 | INFO ] 🧠 Aggregation complete. Setting new model.
[ 2026-04-18 07:53:55 | node_8 | INFO ] 🧠 Aggregation complete. Setting new model.
[ 2026-04-18 07:53:55 | node_9 | INFO ] 🗣️ Gossiping aggregated model.
[ 2026-04-18 07:53:55 | node_17 | INFO ] 🧩 Model added for round 18 (7/9) from ['node_14']
[ 2026-04-18 07:53:55 | node_7 | INFO ] 🗣️ Gossiping aggregated model.
[ 2026-04-18 07:53:55 | node_19 | INFO ] 🧩 Model added for round 18 (6/7) from ['node_15']
[ 2026-04-18 07:53:55 | node_8 | INFO ] 🗣️ Gossiping aggregated model.
[ 2026-04-18 07:53:55 | node_17 | INFO ] 🧩 Model added for round 18 (8/9) from ['node_18']
[ 2026-04-18 07:53:55 | node_18 | INFO ] 🧩 Model added for round 18 (9/10) from ['node_12']
[ 2026-04-18 07:53:55 | node_4 | INFO ] 📤 Sending model to 7 direct neighbors: ['node', 'node_2', 'node_5', 'node_11', 'node_17', 'node_18', 'node_19']
[ 2026-04-18 07:53:56 | ModelPackager | INFO ] Round 18: Consensus detected (dist: 0.000598). Patience: 1/1
[ 2026-04-18 07:53:56 | ModelPackager | INFO ] Round 18: Consensus detected (dist: 0.000577). Patience: 1/1
[ 2026-04-18 07:53:56 | ModelPackager | INFO ] Round 18: Consensus detected (dist: 0.000690). Patience: 1/1
[ 2026-04-18 07:53:56 | ModelPackager | INFO ] Round 18: Consensus detected (dist: 0.000517). Patience: 1/1
[ 2026-04-18 07:53:56 | node | INFO ] 🧩 Model added for round 18 (8/8) from ['node_4']
[ 2026-04-18 07:53:56 | ModelPackager | INFO ] Round 18: Consensus detected (dist: 0.000585). Patience: 1/1
[ 2026-04-18 07:53:56 | node_16 | INFO ] 🧠 Aggregation complete. Setting new model.
[ 2026-04-18 07:53:56 | node_13 | INFO ] 🧠 Aggregation complete. Setting new model.
[ 2026-04-18 07:53:56 | node_15 | INFO ] 🧠 Aggregation complete. Setting new model.
[ 2026-04-18 07:53:56 | node_1 | INFO ] 🧠 Aggregation complete. Setting new model.
[ 2026-04-18 07:53:56 | node_14 | INFO ] 🧠 Aggregation complete. Setting new model.
[ 2026-04-18 07:53:56 | node_2 | INFO ] 🧩 Model added for round 18 (9/9) from ['node_4']
[ 2026-04-18 07:53:56 | node_16 | INFO ] 🗣️ Gossiping aggregated model.
[ 2026-04-18 07:53:56 | node_15 | INFO ] 🗣️ Gossiping aggregated model.
[ 2026-04-18 07:53:56 | node_13 | INFO ] 🗣️ Gossiping aggregated model.
[ 2026-04-18 07:53:57 | node_1 | INFO ] 🗣️ Gossiping aggregated model.
[ 2026-04-18 07:53:57 | ModelPackager | INFO ] Round 18: Consensus detected (dist: 0.000579). Patience: 1/1
[ 2026-04-18 07:53:57 | ModelPackager | INFO ] Round 18: Consensus detected (dist: 0.000743). Patience: 1/1
[ 2026-04-18 07:53:57 | ModelPackager | INFO ] Round 18: Consensus detected (dist: 0.000604). Patience: 1/1
[ 2026-04-18 07:53:57 | node_14 | INFO ] 🗣️ Gossiping aggregated model.
[ 2026-04-18 07:53:57 | ModelPackager | INFO ] 🌟 Node node is AUTHORIZED. Starting packaging & push...
[ 2026-04-18 07:53:57 | node_5 | INFO ] 🧩 Model added for round 18 (8/8) from ['node_4']
[ 2026-04-18 07:53:57 | node | INFO ] 🧠 Aggregation complete. Setting new model.
[ 2026-04-18 07:53:57 | node | INFO ] 🗣️ Gossiping aggregated model.
[ 2026-04-18 07:53:57 | node_2 | INFO ] 🧠 Aggregation complete. Setting new model.
[ 2026-04-18 07:53:57 | node_12 | INFO ] 🧠 Aggregation complete. Setting new model.
[ 2026-04-18 07:53:57 | node_11 | INFO ] 🧩 Model added for round 18 (8/8) from ['node_4']
[ 2026-04-18 07:53:58 | ModelPackager | INFO ] Round 18: Consensus detected (dist: 0.000520). Patience: 1/1
[ 2026-04-18 07:53:58 | ModelPackager | INFO ] Round 18: Consensus detected (dist: 0.000473). Patience: 1/1
[ 2026-04-18 07:53:58 | node_5 | INFO ] 🧠 Aggregation complete. Setting new model.
[ 2026-04-18 07:53:58 | node_2 | INFO ] 🗣️ Gossiping aggregated model.
[ 2026-04-18 07:53:58 | node_12 | INFO ] 🗣️ Gossiping aggregated model.
[ 2026-04-18 07:53:58 | node_11 | INFO ] 🧠 Aggregation complete. Setting new model.
[ 2026-04-18 07:53:58 | node_5 | INFO ] 🗣️ Gossiping aggregated model.
[ 2026-04-18 07:53:58 | node_17 | INFO ] 🧩 Model added for round 18 (9/9) from ['node_4']
[ 2026-04-18 07:53:58 | node_11 | INFO ] 🗣️ Gossiping aggregated model.
[ 2026-04-18 07:53:59 | node_18 | INFO ] 🧩 Model added for round 18 (10/10) from ['node_4']
[ 2026-04-18 07:53:59 | node_7 | INFO ] 🤫 Gossip finished.
[ 2026-04-18 07:53:59 | node_7 | INFO ] 🔬 Evaluating...
[ 2026-04-18 07:53:59 | node_3 | INFO ] 🤫 Gossip finished.
[ 2026-04-18 07:53:59 | ModelPackager | INFO ] Round 18: Consensus detected (dist: 0.000565). Patience: 1/1
[ 2026-04-18 07:53:59 | node_3 | INFO ] 🔬 Evaluating...
[ 2026-04-18 07:53:59 | ModelPackager | INFO ] Round 18: Consensus detected (dist: 0.000511). Patience: 1/1
[ 2026-04-18 07:53:59 | node_17 | INFO ] 🧠 Aggregation complete. Setting new model.
[ 2026-04-18 07:53:59 | node_19 | INFO ] 🧩 Model added for round 18 (7/7) from ['node_4']
[ 2026-04-18 07:53:59 | node_3 | INFO ] 📈 Evaluated. Results: {'test_loss': 1.1998481750488281, 'test_acc': 0.640816330909729, 'test_precision': 0.4644571840763092, 'test_recall': 0.3164113461971283, 'test_f1': 0.3512377440929413, 'communication_cost': 39526984}
[ 2026-04-18 07:53:59 | node_3 | INFO ] 📢 Broadcasting metrics.
[ 2026-04-18 07:53:59 | node_17 | INFO ] 🗣️ Gossiping aggregated model.
[ 2026-04-18 07:53:59 | node_7 | INFO ] 📈 Evaluated. Results: {'test_loss': 4.743319511413574, 'test_acc': 0.25457876920700073, 'test_precision': 0.26844146847724915, 'test_recall': 0.11496198922395706, 'test_f1': 0.12611137330532074, 'communication_cost': 39526984}
[ 2026-04-18 07:53:59 | node_7 | INFO ] 📢 Broadcasting metrics.
[ 2026-04-18 07:53:59 | node_18 | INFO ] 🧠 Aggregation complete. Setting new model.
[ 2026-04-18 07:54:00 | node_1 | INFO ] 🤫 Gossip finished.
[ 2026-04-18 07:54:00 | node_1 | INFO ] 🔬 Evaluating...
[ 2026-04-18 07:54:00 | node_13 | INFO ] 🤫 Gossip finished.
[ 2026-04-18 07:54:00 | node_13 | INFO ] 🔬 Evaluating...
[ 2026-04-18 07:54:00 | node_9 | INFO ] 🤫 Gossip finished.
[ 2026-04-18 07:54:00 | node_18 | INFO ] 🗣️ Gossiping aggregated model.
[ 2026-04-18 07:54:00 | node_9 | INFO ] 🔬 Evaluating...
[ 2026-04-18 07:54:00 | ModelPackager | INFO ] Round 18: Consensus detected (dist: 0.000663). Patience: 1/1
[ 2026-04-18 07:54:00 | ModelPackager | INFO ] Round 18: Consensus detected (dist: 0.000546). Patience: 1/1
[ 2026-04-18 07:54:00 | node_1 | INFO ] 📈 Evaluated. Results: {'test_loss': 1.0608071088790894, 'test_acc': 0.6996527910232544, 'test_precision': 0.2445681095123291, 'test_recall': 0.1958412379026413, 'test_f1': 0.20354203879833221, 'communication_cost': 50820408}
[ 2026-04-18 07:54:00 | node_13 | INFO ] 📈 Evaluated. Results: {'test_loss': 5.01655912399292, 'test_acc': 0.15311004221439362, 'test_precision': 0.35541701316833496, 'test_recall': 0.3438195288181305, 'test_f1': 0.23985250294208527, 'communication_cost': 45173696}
[ 2026-04-18 07:54:00 | node_1 | INFO ] 📢 Broadcasting metrics.
[ 2026-04-18 07:54:00 | node_13 | INFO ] 📢 Broadcasting metrics.
[ 2026-04-18 07:54:00 | node_9 | INFO ] 📈 Evaluated. Results: {'test_loss': 0.5665335059165955, 'test_acc': 0.8203125, 'test_precision': 0.2985858619213104, 'test_recall': 0.2429935187101364, 'test_f1': 0.2587823271751404, 'communication_cost': 39526984}
[ 2026-04-18 07:54:00 | node_9 | INFO ] 📢 Broadcasting metrics.
[ 2026-04-18 07:54:00 | node_3 | INFO ] 🎉 Round 19 of 20 finished.
[ 2026-04-18 07:54:00 | node_4 | INFO ] 🧠 Aggregation complete. Setting new model.
[ 2026-04-18 07:54:00 | node_7 | INFO ] 🎉 Round 19 of 20 finished.
[ 2026-04-18 07:54:00 | node_3 | INFO ] 🗳️ [DETERMINISTIC] Train set assigned (No Voting). Size: 20
[ 2026-04-18 07:54:00 | node_7 | INFO ] 🗳️ [DETERMINISTIC] Train set assigned (No Voting). Size: 20
[ 2026-04-18 07:54:00 | node_3 | INFO ] 🏋️‍♀️ Preparing training...
[ 2026-04-18 07:54:00 | node_19 | INFO ] 🧠 Aggregation complete. Setting new model.
[ 2026-04-18 07:54:01 | node_7 | INFO ] 🏋️‍♀️ Preparing training...
[ 2026-04-18 07:54:01 | node_19 | INFO ] 🗣️ Gossiping aggregated model.
[ 2026-04-18 07:54:01 | node_4 | INFO ] 🗣️ Gossiping aggregated model.
[ 2026-04-18 07:54:01 | node_17 | INFO ] 🤫 Gossip finished.
[ 2026-04-18 07:54:01 | node_17 | INFO ] 🔬 Evaluating...
[ 2026-04-18 07:54:01 | node_10 | INFO ] 🤫 Gossip finished.
[ 2026-04-18 07:54:01 | node_10 | INFO ] 🔬 Evaluating...
[ 2026-04-18 07:54:01 | node_7 | INFO ] 🎓 Training step done.
[ 2026-04-18 07:54:01 | node_3 | INFO ] 🎓 Training step done.
[ 2026-04-18 07:54:01 | node_7 | INFO ] 🛠️ Calling force_add_local_model...
[ 2026-04-18 07:54:01 | node_3 | INFO ] 🛠️ Calling force_add_local_model...
[ 2026-04-18 07:54:01 | node_3 | INFO ] ✅ [FORCE] Local model added for round 19. (1/8)
[ 2026-04-18 07:54:01 | node_7 | INFO ] ✅ [FORCE] Local model added for round 19. (1/8)
[ 2026-04-18 07:54:01 | node_17 | INFO ] 📈 Evaluated. Results: {'test_loss': 2.309183120727539, 'test_acc': 0.42222222685813904, 'test_precision': 0.2580907940864563, 'test_recall': 0.1060064285993576, 'test_f1': 0.11611749976873398, 'communication_cost': 45173696}
[ 2026-04-18 07:54:01 | node_17 | INFO ] 📢 Broadcasting metrics.
[ 2026-04-18 07:54:01 | node_10 | INFO ] 📈 Evaluated. Results: {'test_loss': 4.1396484375, 'test_acc': 0.12429378181695938, 'test_precision': 0.3233252763748169, 'test_recall': 0.10032279789447784, 'test_f1': 0.1158040389418602, 'communication_cost': 33880272}
[ 2026-04-18 07:54:01 | node_10 | INFO ] 📢 Broadcasting metrics.
[ 2026-04-18 07:54:01 | node | INFO ] 🤫 Gossip finished.
[ 2026-04-18 07:54:01 | node | INFO ] 🔬 Evaluating...
[ 2026-04-18 07:54:01 | node_13 | INFO ] 🎉 Round 19 of 20 finished.
[ 2026-04-18 07:54:01 | node_18 | INFO ] 🤫 Gossip finished.
[ 2026-04-18 07:54:01 | node_13 | INFO ] 🗳️ [DETERMINISTIC] Train set assigned (No Voting). Size: 20
[ 2026-04-18 07:54:01 | node_18 | INFO ] 🔬 Evaluating...
[ 2026-04-18 07:54:01 | node_9 | INFO ] 🎉 Round 19 of 20 finished.
[ 2026-04-18 07:54:01 | node_13 | INFO ] 🏋️‍♀️ Preparing training...
[ 2026-04-18 07:54:01 | node_9 | INFO ] 🗳️ [DETERMINISTIC] Train set assigned (No Voting). Size: 20
[ 2026-04-18 07:54:01 | node_1 | INFO ] 🎉 Round 19 of 20 finished.
[ 2026-04-18 07:54:01 | node_9 | INFO ] 🏋️‍♀️ Preparing training...
[ 2026-04-18 07:54:01 | node_1 | INFO ] 🗳️ [DETERMINISTIC] Train set assigned (No Voting). Size: 20
[ 2026-04-18 07:54:01 | node_1 | INFO ] 🏋️‍♀️ Preparing training...
[ 2026-04-18 07:54:02 | node | INFO ] 📈 Evaluated. Results: {'test_loss': 2.0813660621643066, 'test_acc': 0.40425533056259155, 'test_precision': 0.28561457991600037, 'test_recall': 0.18009284138679504, 'test_f1': 0.198058620095253, 'communication_cost': 39526984}
[ 2026-04-18 07:54:02 | node_15 | INFO ] 🤫 Gossip finished.
[ 2026-04-18 07:54:02 | node_15 | INFO ] 🔬 Evaluating...
[ 2026-04-18 07:54:02 | node | INFO ] 📢 Broadcasting metrics.
[ 2026-04-18 07:54:02 | node_13 | INFO ] 🎓 Training step done.
[ 2026-04-18 07:54:02 | node_13 | INFO ] 🛠️ Calling force_add_local_model...
[ 2026-04-18 07:54:02 | node_13 | INFO ] ✅ [FORCE] Local model added for round 19. (1/9)
[ 2026-04-18 07:54:02 | node_18 | INFO ] 📈 Evaluated. Results: {'test_loss': 0.40394288301467896, 'test_acc': 0.8582781553268433, 'test_precision': 0.33372557163238525, 'test_recall': 0.2968432903289795, 'test_f1': 0.3127842843532562, 'communication_cost': 50820408}
[ 2026-04-18 07:54:02 | node_15 | INFO ] 📈 Evaluated. Results: {'test_loss': 12.445186614990234, 'test_acc': 0.008403361774981022, 'test_precision': 0.13445378839969635, 'test_recall': 0.06832896918058395, 'test_f1': 0.06939549744129181, 'communication_cost': 45173696}
[ 2026-04-18 07:54:02 | node_18 | INFO ] 📢 Broadcasting metrics.
[ 2026-04-18 07:54:02 | node_16 | INFO ] 🤫 Gossip finished.
[ 2026-04-18 07:54:02 | node_16 | INFO ] 🔬 Evaluating...
[ 2026-04-18 07:54:02 | node_15 | INFO ] 📢 Broadcasting metrics.
[ 2026-04-18 07:54:02 | node_10 | INFO ] 🎉 Round 19 of 20 finished.
[ 2026-04-18 07:54:02 | node_10 | INFO ] 🗳️ [DETERMINISTIC] Train set assigned (No Voting). Size: 20
[ 2026-04-18 07:54:02 | node_10 | INFO ] 🏋️‍♀️ Preparing training...
[ 2026-04-18 07:54:02 | node_16 | INFO ] 📈 Evaluated. Results: {'test_loss': 2.1023943424224854, 'test_acc': 0.5135135054588318, 'test_precision': 0.3888888955116272, 'test_recall': 0.33075857162475586, 'test_f1': 0.3203703761100769, 'communication_cost': 39526984}
[ 2026-04-18 07:54:02 | node_9 | INFO ] 🎓 Training step done.
[ 2026-04-18 07:54:02 | node_16 | INFO ] 📢 Broadcasting metrics.
[ 2026-04-18 07:54:02 | node_9 | INFO ] 🛠️ Calling force_add_local_model...
[ 2026-04-18 07:54:02 | node_9 | INFO ] ✅ [FORCE] Local model added for round 19. (1/8)
[ 2026-04-18 07:54:02 | node_17 | INFO ] 🎉 Round 19 of 20 finished.
[ 2026-04-18 07:54:02 | node_17 | INFO ] 🗳️ [DETERMINISTIC] Train set assigned (No Voting). Size: 20
[ 2026-04-18 07:54:02 | node_17 | INFO ] 🏋️‍♀️ Preparing training...
[ 2026-04-18 07:54:03 | node | INFO ] 🎉 Round 19 of 20 finished.
[ 2026-04-18 07:54:03 | node_1 | INFO ] 🎓 Training step done.
[ 2026-04-18 07:54:03 | node_1 | INFO ] 🛠️ Calling force_add_local_model...
[ 2026-04-18 07:54:03 | node | INFO ] 🗳️ [DETERMINISTIC] Train set assigned (No Voting). Size: 20
[ 2026-04-18 07:54:03 | node | INFO ] 🏋️‍♀️ Preparing training...
[ 2026-04-18 07:54:03 | node_1 | INFO ] ✅ [FORCE] Local model added for round 19. (1/10)
[ 2026-04-18 07:54:03 | node_15 | INFO ] 🎉 Round 19 of 20 finished.
[ 2026-04-18 07:54:03 | node_15 | INFO ] 🗳️ [DETERMINISTIC] Train set assigned (No Voting). Size: 20
[ 2026-04-18 07:54:03 | node_15 | INFO ] 🏋️‍♀️ Preparing training...
[ 2026-04-18 07:54:03 | node_18 | INFO ] 🎉 Round 19 of 20 finished.
[ 2026-04-18 07:54:03 | node_18 | INFO ] 🗳️ [DETERMINISTIC] Train set assigned (No Voting). Size: 20
[ 2026-04-18 07:54:03 | node_18 | INFO ] 🏋️‍♀️ Preparing training...
[ 2026-04-18 07:54:03 | node_16 | INFO ] 🎉 Round 19 of 20 finished.
[ 2026-04-18 07:54:03 | node_16 | INFO ] 🗳️ [DETERMINISTIC] Train set assigned (No Voting). Size: 20
[ 2026-04-18 07:54:03 | node_17 | INFO ] 🎓 Training step done.
[ 2026-04-18 07:54:03 | node | INFO ] 🎓 Training step done.
[ 2026-04-18 07:54:03 | node_17 | INFO ] 🛠️ Calling force_add_local_model...
[ 2026-04-18 07:54:03 | node | INFO ] 🛠️ Calling force_add_local_model...
[ 2026-04-18 07:54:03 | node_16 | INFO ] 🏋️‍♀️ Preparing training...
[ 2026-04-18 07:54:03 | node_17 | INFO ] ✅ [FORCE] Local model added for round 19. (1/9)
[ 2026-04-18 07:54:03 | node | INFO ] ✅ [FORCE] Local model added for round 19. (1/8)
[ 2026-04-18 07:54:03 | node_10 | INFO ] 🎓 Training step done.
[ 2026-04-18 07:54:03 | node_10 | INFO ] 🛠️ Calling force_add_local_model...
[ 2026-04-18 07:54:03 | node_10 | INFO ] ✅ [FORCE] Local model added for round 19. (1/7)
[ 2026-04-18 07:54:04 | node_16 | INFO ] 🎓 Training step done.
[ 2026-04-18 07:54:04 | node_16 | INFO ] 🛠️ Calling force_add_local_model...
[ 2026-04-18 07:54:04 | node_16 | INFO ] ✅ [FORCE] Local model added for round 19. (1/8)
[ 2026-04-18 07:54:04 | node_18 | INFO ] 🎓 Training step done.
[ 2026-04-18 07:54:05 | node_18 | INFO ] 🛠️ Calling force_add_local_model...
[ 2026-04-18 07:54:05 | node_18 | INFO ] ✅ [FORCE] Local model added for round 19. (1/10)
[ 2026-04-18 07:54:05 | node_15 | INFO ] 🎓 Training step done.
[ 2026-04-18 07:54:05 | node_15 | INFO ] 🛠️ Calling force_add_local_model...
[ 2026-04-18 07:54:05 | node_15 | INFO ] ✅ [FORCE] Local model added for round 19. (1/9)
[ 2026-04-18 07:54:06 | node_3 | INFO ] 📤 Sending model to 7 direct neighbors: ['node_2', 'node_6', 'node_8', 'node_11', 'node_14', 'node_15', 'node_16']
[ 2026-04-18 07:54:06 | node_7 | INFO ] 📤 Sending model to 7 direct neighbors: ['node', 'node_1', 'node_8', 'node_9', 'node_12', 'node_13', 'node_15']
[ 2026-04-18 07:54:06 | node | INFO ] 🧩 Model added for round 19 (2/8) from ['node_7']
[ 2026-04-18 07:54:07 | node_13 | INFO ] 📤 Sending model to 8 direct neighbors: ['node_1', 'node_2', 'node_5', 'node_6', 'node_7', 'node_9', 'node_17', 'node_18']
[ 2026-04-18 07:54:07 | node_1 | INFO ] 🧩 Model added for round 19 (2/10) from ['node_7']
[ 2026-04-18 07:54:07 | node_1 | INFO ] 🧩 Model added for round 19 (3/10) from ['node_13']
[ 2026-04-18 07:54:07 | node_9 | INFO ] 📤 Sending model to 7 direct neighbors: ['node_6', 'node_7', 'node_10', 'node_13', 'node_16', 'node_17', 'node_18']
[ 2026-04-18 07:54:08 | node_1 | INFO ] 📤 Sending model to 9 direct neighbors: ['node_2', 'node_6', 'node_7', 'node_11', 'node_13', 'node_14', 'node_15', 'node_16', 'node_18']
[ 2026-04-18 07:54:08 | node_15 | INFO ] 🧩 Model added for round 19 (2/9) from ['node_3']
[ 2026-04-18 07:54:08 | node_9 | INFO ] 🧩 Model added for round 19 (2/8) from ['node_7']
[ 2026-04-18 07:54:08 | node_7 | INFO ] 🧩 Model added for round 19 (2/8) from ['node_9']
[ 2026-04-18 07:54:08 | node_17 | INFO ] 📤 Sending model to 8 direct neighbors: ['node_4', 'node_6', 'node_8', 'node_9', 'node_12', 'node_13', 'node_14', 'node_18']
[ 2026-04-18 07:54:08 | node | INFO ] 📤 Sending model to 7 direct neighbors: ['node_4', 'node_7', 'node_8', 'node_12', 'node_14', 'node_16', 'node_18']
[ 2026-04-18 07:54:08 | node_16 | INFO ] 🧩 Model added for round 19 (2/8) from ['node_3']
[ 2026-04-18 07:54:08 | node_10 | INFO ] 📤 Sending model to 6 direct neighbors: ['node_6', 'node_8', 'node_9', 'node_12', 'node_16', 'node_19']
[ 2026-04-18 07:54:09 | node_13 | INFO ] 🧩 Model added for round 19 (2/9) from ['node_7']
[ 2026-04-18 07:54:09 | node_7 | INFO ] 🧩 Model added for round 19 (3/8) from ['node_13']
[ 2026-04-18 07:54:09 | node_10 | INFO ] 🧩 Model added for round 19 (2/7) from ['node_9']
[ 2026-04-18 07:54:09 | node_7 | INFO ] 🧩 Model added for round 19 (4/8) from ['node_1']
[ 2026-04-18 07:54:09 | node_16 | INFO ] 📤 Sending model to 7 direct neighbors: ['node', 'node_1', 'node_3', 'node_9', 'node_10', 'node_14', 'node_19']
[ 2026-04-18 07:54:09 | node_7 | INFO ] 🧩 Model added for round 19 (5/8) from ['node']
[ 2026-04-18 07:54:09 | node_13 | INFO ] 🧩 Model added for round 19 (3/9) from ['node_9']
[ 2026-04-18 07:54:10 | node_18 | INFO ] 📤 Sending model to 9 direct neighbors: ['node', 'node_1', 'node_4', 'node_6', 'node_8', 'node_9', 'node_12', 'node_13', 'node_17']
[ 2026-04-18 07:54:10 | node | INFO ] 🧩 Model added for round 19 (3/8) from ['node_16']
[ 2026-04-18 07:54:10 | node_9 | INFO ] 🧩 Model added for round 19 (3/8) from ['node_13']
[ 2026-04-18 07:54:10 | node_15 | INFO ] 🧩 Model added for round 19 (3/9) from ['node_7']
[ 2026-04-18 07:54:10 | node_13 | INFO ] 🧩 Model added for round 19 (4/9) from ['node_1']
[ 2026-04-18 07:54:10 | node_9 | INFO ] 🧩 Model added for round 19 (4/8) from ['node_10']
[ 2026-04-18 07:54:10 | node | INFO ] 🧩 Model added for round 19 (4/8) from ['node_18']
[ 2026-04-18 07:54:10 | node_15 | INFO ] 📤 Sending model to 8 direct neighbors: ['node_1', 'node_2', 'node_3', 'node_6', 'node_7', 'node_8', 'node_12', 'node_19']
[ 2026-04-18 07:54:10 | node_9 | INFO ] 🧩 Model added for round 19 (5/8) from ['node_17']
[ 2026-04-18 07:54:10 | node_17 | INFO ] 🧩 Model added for round 19 (2/9) from ['node_13']
[ 2026-04-18 07:54:10 | node_1 | INFO ] 🧩 Model added for round 19 (4/10) from ['node_15']
[ 2026-04-18 07:54:11 | node_1 | INFO ] 🧩 Model added for round 19 (5/10) from ['node_16']
[ 2026-04-18 07:54:11 | node_8 | INFO ] ⏹️  Gossiping exited for 10 equal rounds.
[ 2026-04-18 07:54:11 | node_16 | INFO ] 🧩 Model added for round 19 (3/8) from ['node_9']
[ 2026-04-18 07:54:11 | node_8 | INFO ] 🔬 Evaluating...
[ 2026-04-18 07:54:11 | node_1 | INFO ] 🧩 Model added for round 19 (6/10) from ['node_18']
[ 2026-04-18 07:54:11 | node_8 | INFO ] 📈 Evaluated. Results: {'test_loss': 0.47018325328826904, 'test_acc': 0.8852459192276001, 'test_precision': 0.4485294222831726, 'test_recall': 0.37446582317352295, 'test_f1': 0.40453076362609863, 'communication_cost': 56467120}
[ 2026-04-18 07:54:11 | node_8 | INFO ] 📢 Broadcasting metrics.
[ 2026-04-18 07:54:11 | node_13 | INFO ] 🧩 Model added for round 19 (5/9) from ['node_17']
[ 2026-04-18 07:54:11 | node_16 | INFO ] 🧩 Model added for round 19 (4/8) from ['node_10']
[ 2026-04-18 07:54:11 | node_3 | INFO ] 🧩 Model added for round 19 (2/8) from ['node_16']
[ 2026-04-18 07:54:11 | node_15 | INFO ] 🧩 Model added for round 19 (4/9) from ['node_1']
[ 2026-04-18 07:54:11 | node_18 | INFO ] 🧩 Model added for round 19 (2/10) from ['node_13']
[ 2026-04-18 07:54:11 | node_16 | INFO ] 🧩 Model added for round 19 (5/8) from ['node']
[ 2026-04-18 07:54:11 | node_17 | INFO ] 🧩 Model added for round 19 (3/9) from ['node_9']
[ 2026-04-18 07:54:12 | node_3 | INFO ] 🧩 Model added for round 19 (3/8) from ['node_15']
[ 2026-04-18 07:54:12 | node_18 | INFO ] 🧩 Model added for round 19 (3/10) from ['node']
[ 2026-04-18 07:54:12 | node_9 | INFO ] 🧩 Model added for round 19 (6/8) from ['node_16']
[ 2026-04-18 07:54:12 | node_14 | INFO ] ⏹️  Gossiping exited for 10 equal rounds.
[ 2026-04-18 07:54:12 | node_18 | INFO ] 🧩 Model added for round 19 (4/10) from ['node_9']
[ 2026-04-18 07:54:12 | node_16 | INFO ] 🧩 Model added for round 19 (6/8) from ['node_1']
[ 2026-04-18 07:54:12 | node_14 | INFO ] 🔬 Evaluating...
[ 2026-04-18 07:54:12 | node_18 | INFO ] 🧩 Model added for round 19 (5/10) from ['node_17']
[ 2026-04-18 07:54:13 | node_14 | INFO ] 📈 Evaluated. Results: {'test_loss': 0.8661197423934937, 'test_acc': 0.7654321193695068, 'test_precision': 0.3619047701358795, 'test_recall': 0.3205071687698364, 'test_f1': 0.3162326216697693, 'communication_cost': 56467120}
[ 2026-04-18 07:54:13 | node_9 | INFO ] 🧩 Model added for round 19 (7/8) from ['node_18']
[ 2026-04-18 07:54:13 | node_14 | INFO ] 📢 Broadcasting metrics.
[ 2026-04-18 07:54:13 | node_5 | INFO ] ⏹️  Gossiping exited for 10 equal rounds.
[ 2026-04-18 07:54:13 | node_7 | INFO ] 🧩 Model added for round 19 (6/8) from ['node_15']
[ 2026-04-18 07:54:13 | node_5 | INFO ] 🔬 Evaluating...
[ 2026-04-18 07:54:13 | node_10 | INFO ] 🧩 Model added for round 19 (3/7) from ['node_16']
[ 2026-04-18 07:54:13 | node_18 | INFO ] 🧩 Model added for round 19 (6/10) from ['node_1']
[ 2026-04-18 07:54:13 | node_8 | INFO ] 🎉 Round 19 of 20 finished.
[ 2026-04-18 07:54:13 | node_8 | INFO ] 🗳️ [DETERMINISTIC] Train set assigned (No Voting). Size: 20
[ 2026-04-18 07:54:13 | node_8 | INFO ] ♻️ Proactively processing 6 early models for round 19.
[ 2026-04-18 07:54:13 | node_8 | INFO ] 🧩 Model added for round 19 (1/11) from ['node_3']
[ 2026-04-18 07:54:13 | node_8 | INFO ] 🧩 Model added for round 19 (2/11) from ['node_7']
[ 2026-04-18 07:54:13 | node_8 | INFO ] 🧩 Model added for round 19 (3/11) from ['node_10']
[ 2026-04-18 07:54:13 | node_8 | INFO ] 🧩 Model added for round 19 (4/11) from ['node_17']
[ 2026-04-18 07:54:13 | node_8 | INFO ] 🧩 Model added for round 19 (5/11) from ['node']
[ 2026-04-18 07:54:13 | node_5 | INFO ] 📈 Evaluated. Results: {'test_loss': 2.20263409614563, 'test_acc': 0.4642857015132904, 'test_precision': 0.5333333611488342, 'test_recall': 0.4816017746925354, 'test_f1': 0.39444443583488464, 'communication_cost': 39526984}
[ 2026-04-18 07:54:13 | node_8 | INFO ] 🧩 Model added for round 19 (6/11) from ['node_18']
[ 2026-04-18 07:54:13 | node_8 | INFO ] 🏋️‍♀️ Preparing training...
[ 2026-04-18 07:54:13 | node_5 | INFO ] 📢 Broadcasting metrics.
[ 2026-04-18 07:54:13 | node_8 | INFO ] 🧩 Model added for round 19 (7/11) from ['node_15']
[ 2026-04-18 07:54:13 | node_11 | INFO ] ⏹️  Gossiping exited for 10 equal rounds.
[ 2026-04-18 07:54:13 | node_11 | INFO ] 🔬 Evaluating...
[ 2026-04-18 07:54:13 | node_13 | INFO ] 🧩 Model added for round 19 (6/9) from ['node_18']
[ 2026-04-18 07:54:14 | node_11 | INFO ] 📈 Evaluated. Results: {'test_loss': 1.5336430072784424, 'test_acc': 0.483180433511734, 'test_precision': 0.20109862089157104, 'test_recall': 0.11561263352632523, 'test_f1': 0.14128099381923676, 'communication_cost': 39526984}
[ 2026-04-18 07:54:14 | node_11 | INFO ] 📢 Broadcasting metrics.
[ 2026-04-18 07:54:14 | node_17 | INFO ] 🧩 Model added for round 19 (4/9) from ['node_18']
[ 2026-04-18 07:54:14 | node_8 | INFO ] 🎓 Training step done.
[ 2026-04-18 07:54:14 | node_8 | INFO ] 🛠️ Calling force_add_local_model...
[ 2026-04-18 07:54:14 | node_14 | INFO ] 🎉 Round 19 of 20 finished.
[ 2026-04-18 07:54:14 | node_14 | INFO ] 🗳️ [DETERMINISTIC] Train set assigned (No Voting). Size: 20
[ 2026-04-18 07:54:14 | node_8 | INFO ] ✅ [FORCE] Local model added for round 19. (8/11)
[ 2026-04-18 07:54:14 | node_5 | INFO ] 🎉 Round 19 of 20 finished.
[ 2026-04-18 07:54:14 | node_5 | INFO ] 🗳️ [DETERMINISTIC] Train set assigned (No Voting). Size: 20
[ 2026-04-18 07:54:14 | node_14 | INFO ] ♻️ Proactively processing 5 early models for round 19.
[ 2026-04-18 07:54:14 | node_14 | INFO ] 🧩 Model added for round 19 (1/11) from ['node_3']
[ 2026-04-18 07:54:14 | node_14 | INFO ] 🧩 Model added for round 19 (2/11) from ['node_1']
[ 2026-04-18 07:54:14 | node_14 | INFO ] 🧩 Model added for round 19 (3/11) from ['node']
[ 2026-04-18 07:54:14 | node_14 | INFO ] 🧩 Model added for round 19 (4/11) from ['node_17']
[ 2026-04-18 07:54:14 | node_5 | INFO ] ♻️ Proactively processing 1 early models for round 19.
[ 2026-04-18 07:54:14 | node_14 | INFO ] 🧩 Model added for round 19 (5/11) from ['node_16']
[ 2026-04-18 07:54:14 | node_14 | INFO ] 🏋️‍♀️ Preparing training...
[ 2026-04-18 07:54:14 | node_5 | INFO ] 🧩 Model added for round 19 (1/8) from ['node_13']
[ 2026-04-18 07:54:14 | node_5 | INFO ] 🏋️‍♀️ Preparing training...
[ 2026-04-18 07:54:14 | node_11 | INFO ] 🎉 Round 19 of 20 finished.
[ 2026-04-18 07:54:14 | node_11 | INFO ] 🗳️ [DETERMINISTIC] Train set assigned (No Voting). Size: 20
[ 2026-04-18 07:54:15 | node_11 | INFO ] ♻️ Proactively processing 2 early models for round 19.
[ 2026-04-18 07:54:15 | node_11 | INFO ] 🧩 Model added for round 19 (1/8) from ['node_3']
[ 2026-04-18 07:54:15 | node_11 | INFO ] 🧩 Model added for round 19 (2/8) from ['node_1']
[ 2026-04-18 07:54:15 | node_11 | INFO ] 🏋️‍♀️ Preparing training...
[ 2026-04-18 07:54:15 | node_5 | INFO ] 🎓 Training step done.
[ 2026-04-18 07:54:15 | node_11 | INFO ] 🎓 Training step done.
[ 2026-04-18 07:54:15 | node_5 | INFO ] 🛠️ Calling force_add_local_model...
[ 2026-04-18 07:54:15 | node_11 | INFO ] 🛠️ Calling force_add_local_model...
[ 2026-04-18 07:54:15 | node_5 | INFO ] ✅ [FORCE] Local model added for round 19. (2/8)
[ 2026-04-18 07:54:15 | node_4 | INFO ] ⏹️  Gossiping exited for 10 equal rounds.
[ 2026-04-18 07:54:15 | node_11 | INFO ] ✅ [FORCE] Local model added for round 19. (3/8)
[ 2026-04-18 07:54:15 | node_4 | INFO ] 🔬 Evaluating...
[ 2026-04-18 07:54:16 | node_4 | INFO ] 📈 Evaluated. Results: {'test_loss': 0.6184479594230652, 'test_acc': 0.8265895843505859, 'test_precision': 0.25838103890419006, 'test_recall': 0.21238408982753754, 'test_f1': 0.22852186858654022, 'communication_cost': 39526984}
[ 2026-04-18 07:54:16 | node_4 | INFO ] 📢 Broadcasting metrics.
[ 2026-04-18 07:54:16 | node_14 | INFO ] 🎓 Training step done.
[ 2026-04-18 07:54:16 | node_14 | INFO ] 🛠️ Calling force_add_local_model...
[ 2026-04-18 07:54:16 | node_14 | INFO ] ✅ [FORCE] Local model added for round 19. (6/11)
[ 2026-04-18 07:54:16 | node_4 | INFO ] 🎉 Round 19 of 20 finished.
[ 2026-04-18 07:54:16 | node_4 | INFO ] 🗳️ [DETERMINISTIC] Train set assigned (No Voting). Size: 20
[ 2026-04-18 07:54:16 | node_4 | INFO ] ♻️ Proactively processing 3 early models for round 19.
[ 2026-04-18 07:54:16 | node_4 | INFO ] 🧩 Model added for round 19 (1/8) from ['node']
[ 2026-04-18 07:54:16 | node_4 | INFO ] 🧩 Model added for round 19 (2/8) from ['node_17']
[ 2026-04-18 07:54:16 | node_4 | INFO ] 🧩 Model added for round 19 (3/8) from ['node_18']
[ 2026-04-18 07:54:16 | node_4 | INFO ] 🏋️‍♀️ Preparing training...
[ 2026-04-18 07:54:17 | node_4 | INFO ] 🎓 Training step done.
[ 2026-04-18 07:54:17 | node_4 | INFO ] 🛠️ Calling force_add_local_model...
[ 2026-04-18 07:54:17 | node_4 | INFO ] ✅ [FORCE] Local model added for round 19. (4/8)
[ 2026-04-18 07:54:19 | node_8 | INFO ] 📤 Sending model to 10 direct neighbors: ['node', 'node_3', 'node_7', 'node_10', 'node_11', 'node_14', 'node_15', 'node_17', 'node_18', 'node_19']
[ 2026-04-18 07:54:19 | node | INFO ] 🧩 Model added for round 19 (5/8) from ['node_8']
[ 2026-04-18 07:54:20 | node_3 | INFO ] 🧩 Model added for round 19 (4/8) from ['node_8']
[ 2026-04-18 07:54:20 | node_7 | INFO ] 🧩 Model added for round 19 (7/8) from ['node_8']
[ 2026-04-18 07:54:20 | node_5 | INFO ] 📤 Sending model to 7 direct neighbors: ['node_4', 'node_6', 'node_11', 'node_12', 'node_13', 'node_14', 'node_19']
[ 2026-04-18 07:54:20 | node_11 | INFO ] 📤 Sending model to 7 direct neighbors: ['node_1', 'node_2', 'node_3', 'node_4', 'node_5', 'node_8', 'node_12']
[ 2026-04-18 07:54:20 | node_10 | INFO ] 🧩 Model added for round 19 (4/7) from ['node_8']
[ 2026-04-18 07:54:20 | node_4 | INFO ] 🧩 Model added for round 19 (5/8) from ['node_5']
[ 2026-04-18 07:54:20 | node_1 | INFO ] 🧩 Model added for round 19 (7/10) from ['node_11']
[ 2026-04-18 07:54:21 | node_11 | INFO ] 🧩 Model added for round 19 (4/8) from ['node_8']
[ 2026-04-18 07:54:21 | node_11 | INFO ] 🧩 Model added for round 19 (5/8) from ['node_5']
[ 2026-04-18 07:54:21 | node_14 | INFO ] 🧩 Model added for round 19 (7/11) from ['node_8']
[ 2026-04-18 07:54:21 | node_3 | INFO ] 🧩 Model added for round 19 (5/8) from ['node_11']
[ 2026-04-18 07:54:21 | node_14 | INFO ] 📤 Sending model to 10 direct neighbors: ['node', 'node_1', 'node_2', 'node_3', 'node_5', 'node_6', 'node_8', 'node_12', 'node_16', 'node_17']
[ 2026-04-18 07:54:21 | node | INFO ] 🧩 Model added for round 19 (6/8) from ['node_14']
[ 2026-04-18 07:54:22 | node_4 | INFO ] 🧩 Model added for round 19 (6/8) from ['node_11']
[ 2026-04-18 07:54:22 | node_15 | INFO ] 🧩 Model added for round 19 (5/9) from ['node_8']
[ 2026-04-18 07:54:22 | node_13 | INFO ] 🧩 Model added for round 19 (7/9) from ['node_5']
[ 2026-04-18 07:54:22 | node_4 | INFO ] 📤 Sending model to 7 direct neighbors: ['node', 'node_2', 'node_5', 'node_11', 'node_17', 'node_18', 'node_19']
[ 2026-04-18 07:54:22 | node_1 | INFO ] 🧩 Model added for round 19 (8/10) from ['node_14']
[ 2026-04-18 07:54:22 | node_5 | INFO ] 🧩 Model added for round 19 (3/8) from ['node_11']
[ 2026-04-18 07:54:22 | node | INFO ] 🧩 Model added for round 19 (7/8) from ['node_4']
[ 2026-04-18 07:54:22 | node_17 | INFO ] 🧩 Model added for round 19 (5/9) from ['node_8']
[ 2026-04-18 07:54:22 | node_14 | INFO ] 🧩 Model added for round 19 (8/11) from ['node_5']
[ 2026-04-18 07:54:23 | node_8 | INFO ] 🧩 Model added for round 19 (9/11) from ['node_11']
[ 2026-04-18 07:54:23 | node_3 | INFO ] 🧩 Model added for round 19 (6/8) from ['node_14']
[ 2026-04-18 07:54:23 | node_18 | INFO ] 🧩 Model added for round 19 (7/10) from ['node_8']
[ 2026-04-18 07:54:23 | node_5 | INFO ] 🧩 Model added for round 19 (4/8) from ['node_4']
[ 2026-04-18 07:54:23 | node_6 | INFO ] ⏹️  Gossiping exited for 10 equal rounds.
[ 2026-04-18 07:54:23 | node_6 | INFO ] 🔬 Evaluating...
[ 2026-04-18 07:54:23 | node_5 | INFO ] 🧩 Model added for round 19 (5/8) from ['node_14']
[ 2026-04-18 07:54:23 | node_11 | INFO ] 🧩 Model added for round 19 (6/8) from ['node_4']
[ 2026-04-18 07:54:24 | node_6 | INFO ] 📈 Evaluated. Results: {'test_loss': 0.8600079417228699, 'test_acc': 0.7151561379432678, 'test_precision': 0.20515845715999603, 'test_recall': 0.15412010252475739, 'test_f1': 0.1747567057609558, 'communication_cost': 62113832}
[ 2026-04-18 07:54:24 | node_6 | INFO ] 📢 Broadcasting metrics.
[ 2026-04-18 07:54:24 | node_17 | INFO ] 🧩 Model added for round 19 (6/9) from ['node_4']
[ 2026-04-18 07:54:24 | node_8 | INFO ] 🧩 Model added for round 19 (10/11) from ['node_14']
[ 2026-04-18 07:54:24 | node_18 | INFO ] 🧩 Model added for round 19 (8/10) from ['node_4']
[ 2026-04-18 07:54:25 | node_16 | INFO ] 🧩 Model added for round 19 (7/8) from ['node_14']
[ 2026-04-18 07:54:25 | node_6 | INFO ] 🎉 Round 19 of 20 finished.
[ 2026-04-18 07:54:25 | node_6 | INFO ] 🗳️ [DETERMINISTIC] Train set assigned (No Voting). Size: 20
[ 2026-04-18 07:54:25 | node_6 | INFO ] ♻️ Proactively processing 10 early models for round 19.
[ 2026-04-18 07:54:25 | node_6 | INFO ] 🧩 Model added for round 19 (1/12) from ['node_3']
[ 2026-04-18 07:54:25 | node_6 | INFO ] 🧩 Model added for round 19 (2/12) from ['node_9']
[ 2026-04-18 07:54:25 | node_6 | INFO ] 🧩 Model added for round 19 (3/12) from ['node_13']
[ 2026-04-18 07:54:25 | node_6 | INFO ] 🧩 Model added for round 19 (4/12) from ['node_1']
[ 2026-04-18 07:54:25 | node_6 | INFO ] 🧩 Model added for round 19 (5/12) from ['node_10']
[ 2026-04-18 07:54:25 | node_6 | INFO ] 🧩 Model added for round 19 (6/12) from ['node_17']
[ 2026-04-18 07:54:25 | node_6 | INFO ] 🧩 Model added for round 19 (7/12) from ['node_18']
[ 2026-04-18 07:54:25 | node_6 | INFO ] 🧩 Model added for round 19 (8/12) from ['node_15']
[ 2026-04-18 07:54:25 | node_6 | INFO ] 🧩 Model added for round 19 (9/12) from ['node_5']
[ 2026-04-18 07:54:25 | node_6 | INFO ] 🧩 Model added for round 19 (10/12) from ['node_14']
[ 2026-04-18 07:54:25 | node_6 | INFO ] 🏋️‍♀️ Preparing training...
[ 2026-04-18 07:54:25 | node_17 | INFO ] 🧩 Model added for round 19 (7/9) from ['node_14']
[ 2026-04-18 07:54:26 | node_12 | INFO ] ⏹️  Gossiping exited for 10 equal rounds.
[ 2026-04-18 07:54:26 | node_12 | INFO ] 🔬 Evaluating...
[ 2026-04-18 07:54:26 | node_2 | INFO ] ⏹️  Gossiping exited for 10 equal rounds.
[ 2026-04-18 07:54:26 | node_2 | INFO ] 🔬 Evaluating...
[ 2026-04-18 07:54:26 | node_12 | INFO ] 📈 Evaluated. Results: {'test_loss': 0.5359539985656738, 'test_acc': 0.8239436745643616, 'test_precision': 0.3428610861301422, 'test_recall': 0.24938037991523743, 'test_f1': 0.27965494990348816, 'communication_cost': 62113832}
[ 2026-04-18 07:54:26 | node_12 | INFO ] 📢 Broadcasting metrics.
[ 2026-04-18 07:54:26 | node_6 | INFO ] 🎓 Training step done.
[ 2026-04-18 07:54:26 | node_6 | INFO ] 🛠️ Calling force_add_local_model...
[ 2026-04-18 07:54:26 | node_6 | INFO ] ✅ [FORCE] Local model added for round 19. (11/12)
[ 2026-04-18 07:54:26 | node_2 | INFO ] 📈 Evaluated. Results: {'test_loss': 0.4347073435783386, 'test_acc': 0.8876811861991882, 'test_precision': 0.2867221534252167, 'test_recall': 0.2621036469936371, 'test_f1': 0.267952561378479, 'communication_cost': 45173696}
[ 2026-04-18 07:54:26 | node_2 | INFO ] 📢 Broadcasting metrics.
[ 2026-04-18 07:54:27 | node_2 | INFO ] 🎉 Round 19 of 20 finished.
[ 2026-04-18 07:54:27 | node_2 | INFO ] 🗳️ [DETERMINISTIC] Train set assigned (No Voting). Size: 20
[ 2026-04-18 07:54:27 | node_2 | INFO ] ♻️ Proactively processing 7 early models for round 19.
[ 2026-04-18 07:54:27 | node_2 | INFO ] 🧩 Model added for round 19 (1/9) from ['node_3']
[ 2026-04-18 07:54:27 | node_2 | INFO ] 🧩 Model added for round 19 (2/9) from ['node_13']
[ 2026-04-18 07:54:27 | node_2 | INFO ] 🧩 Model added for round 19 (3/9) from ['node_1']
[ 2026-04-18 07:54:27 | node_2 | INFO ] 🧩 Model added for round 19 (4/9) from ['node_15']
[ 2026-04-18 07:54:27 | node_2 | INFO ] 🧩 Model added for round 19 (5/9) from ['node_11']
[ 2026-04-18 07:54:27 | node_2 | INFO ] 🧩 Model added for round 19 (6/9) from ['node_14']
[ 2026-04-18 07:54:27 | node_2 | INFO ] 🧩 Model added for round 19 (7/9) from ['node_4']
[ 2026-04-18 07:54:27 | node_2 | INFO ] 🏋️‍♀️ Preparing training...
[ 2026-04-18 07:54:27 | node_12 | INFO ] 🎉 Round 19 of 20 finished.
[ 2026-04-18 07:54:27 | node_12 | INFO ] 🗳️ [DETERMINISTIC] Train set assigned (No Voting). Size: 20
[ 2026-04-18 07:54:27 | node_12 | INFO ] ♻️ Proactively processing 9 early models for round 19.
[ 2026-04-18 07:54:27 | node_12 | INFO ] 🧩 Model added for round 19 (1/12) from ['node_7']
[ 2026-04-18 07:54:27 | node_12 | INFO ] 🧩 Model added for round 19 (2/12) from ['node']
[ 2026-04-18 07:54:27 | node_12 | INFO ] 🧩 Model added for round 19 (3/12) from ['node_10']
[ 2026-04-18 07:54:27 | node_12 | INFO ] 🧩 Model added for round 19 (4/12) from ['node_17']
[ 2026-04-18 07:54:27 | node_12 | INFO ] 🧩 Model added for round 19 (5/12) from ['node_18']
[ 2026-04-18 07:54:27 | node_12 | INFO ] 🧩 Model added for round 19 (6/12) from ['node_15']
[ 2026-04-18 07:54:27 | node_12 | INFO ] 🧩 Model added for round 19 (7/12) from ['node_5']
[ 2026-04-18 07:54:27 | node_12 | INFO ] 🧩 Model added for round 19 (8/12) from ['node_11']
[ 2026-04-18 07:54:27 | node_12 | INFO ] 🧩 Model added for round 19 (9/12) from ['node_14']
[ 2026-04-18 07:54:27 | node_12 | INFO ] 🏋️‍♀️ Preparing training...
[ 2026-04-18 07:54:27 | node_19 | INFO ] ⏹️  Gossiping exited for 10 equal rounds.
[ 2026-04-18 07:54:27 | node_19 | INFO ] 🔬 Evaluating...
[ 2026-04-18 07:54:27 | node_19 | INFO ] 📈 Evaluated. Results: {'test_loss': 4.8933305740356445, 'test_acc': 0.30738523602485657, 'test_precision': 0.27931126952171326, 'test_recall': 0.17138972878456116, 'test_f1': 0.1517404019832611, 'communication_cost': 33880272}
[ 2026-04-18 07:54:27 | node_19 | INFO ] 📢 Broadcasting metrics.
[ 2026-04-18 07:54:28 | node_2 | INFO ] 🎓 Training step done.
[ 2026-04-18 07:54:28 | node_2 | INFO ] 🛠️ Calling force_add_local_model...
[ 2026-04-18 07:54:28 | node_2 | INFO ] ✅ [FORCE] Local model added for round 19. (8/9)
[ 2026-04-18 07:54:28 | node_12 | INFO ] 🎓 Training step done.
[ 2026-04-18 07:54:28 | node_12 | INFO ] 🛠️ Calling force_add_local_model...
[ 2026-04-18 07:54:28 | node_12 | INFO ] ✅ [FORCE] Local model added for round 19. (10/12)
[ 2026-04-18 07:54:28 | node_19 | INFO ] 🎉 Round 19 of 20 finished.
[ 2026-04-18 07:54:28 | node_19 | INFO ] 🗳️ [DETERMINISTIC] Train set assigned (No Voting). Size: 20
[ 2026-04-18 07:54:28 | node_19 | INFO ] ♻️ Proactively processing 6 early models for round 19.
[ 2026-04-18 07:54:28 | node_19 | INFO ] 🧩 Model added for round 19 (1/7) from ['node_10']
[ 2026-04-18 07:54:28 | node_19 | INFO ] 🧩 Model added for round 19 (2/7) from ['node_16']
[ 2026-04-18 07:54:28 | node_19 | INFO ] 🧩 Model added for round 19 (3/7) from ['node_15']
[ 2026-04-18 07:54:28 | node_19 | INFO ] 🧩 Model added for round 19 (4/7) from ['node_5']
[ 2026-04-18 07:54:28 | node_19 | INFO ] 🧩 Model added for round 19 (5/7) from ['node_8']
[ 2026-04-18 07:54:28 | node_19 | INFO ] 🧩 Model added for round 19 (6/7) from ['node_4']
[ 2026-04-18 07:54:28 | node_19 | INFO ] 🏋️‍♀️ Preparing training...
[ 2026-04-18 07:54:28 | node_19 | INFO ] 🎓 Training step done.
[ 2026-04-18 07:54:28 | node_19 | INFO ] 🛠️ Calling force_add_local_model...
[ 2026-04-18 07:54:29 | node_19 | INFO ] ✅ [FORCE] Local model added for round 19. (7/7)
[ 2026-04-18 07:54:31 | node_6 | INFO ] 📤 Sending model to 11 direct neighbors: ['node_1', 'node_3', 'node_5', 'node_9', 'node_10', 'node_12', 'node_13', 'node_14', 'node_15', 'node_17', 'node_18']
[ 2026-04-18 07:54:31 | node_1 | INFO ] 🧩 Model added for round 19 (9/10) from ['node_6']
[ 2026-04-18 07:54:32 | node_3 | INFO ] 🧩 Model added for round 19 (7/8) from ['node_6']
[ 2026-04-18 07:54:32 | node_5 | INFO ] 🧩 Model added for round 19 (6/8) from ['node_6']
[ 2026-04-18 07:54:32 | node_9 | INFO ] 🧩 Model added for round 19 (8/8) from ['node_6']
[ 2026-04-18 07:54:33 | node_2 | INFO ] 📤 Sending model to 8 direct neighbors: ['node_1', 'node_3', 'node_4', 'node_11', 'node_12', 'node_13', 'node_14', 'node_15']
[ 2026-04-18 07:54:33 | node_12 | INFO ] 📤 Sending model to 11 direct neighbors: ['node', 'node_2', 'node_5', 'node_6', 'node_7', 'node_10', 'node_11', 'node_14', 'node_15', 'node_17', 'node_18']
[ 2026-04-18 07:54:33 | node_10 | INFO ] 🧩 Model added for round 19 (5/7) from ['node_6']
[ 2026-04-18 07:54:33 | node_1 | INFO ] 🧩 Model added for round 19 (10/10) from ['node_2']
[ 2026-04-18 07:54:33 | node | INFO ] 🧩 Model added for round 19 (8/8) from ['node_12']
[ 2026-04-18 07:54:33 | ModelPackager | INFO ] Round 19: Consensus detected (dist: 0.000556). Patience: 1/1
[ 2026-04-18 07:54:33 | ModelPackager | INFO ] Round 19: Consensus detected (dist: 0.000684). Patience: 1/1
[ 2026-04-18 07:54:33 | ModelPackager | INFO ] Round 19: Consensus detected (dist: 0.000575). Patience: 1/1
[ 2026-04-18 07:54:33 | node_9 | INFO ] 🧠 Aggregation complete. Setting new model.
[ 2026-04-18 07:54:33 | ModelPackager | INFO ] 🌟 Node node is AUTHORIZED. Starting packaging & push...
[ 2026-04-18 07:54:33 | node_1 | INFO ] 🧠 Aggregation complete. Setting new model.
[ 2026-04-18 07:54:33 | node | INFO ] 🧠 Aggregation complete. Setting new model.
[ 2026-04-18 07:54:34 | node_19 | INFO ] 📤 Sending model to 6 direct neighbors: ['node_4', 'node_5', 'node_8', 'node_10', 'node_15', 'node_16']
[ 2026-04-18 07:54:34 | node_9 | INFO ] 🗣️ Gossiping aggregated model.
[ 2026-04-18 07:54:34 | node | INFO ] 🗣️ Gossiping aggregated model.
[ 2026-04-18 07:54:34 | node_12 | INFO ] 🧩 Model added for round 19 (11/12) from ['node_6']
[ 2026-04-18 07:54:34 | node_2 | INFO ] 🧩 Model added for round 19 (9/9) from ['node_12']
[ 2026-04-18 07:54:34 | node_1 | INFO ] 🗣️ Gossiping aggregated model.
[ 2026-04-18 07:54:34 | node_4 | INFO ] 🧩 Model added for round 19 (7/8) from ['node_19']
[ 2026-04-18 07:54:34 | node_3 | INFO ] 🧩 Model added for round 19 (8/8) from ['node_2']
[ 2026-04-18 07:54:34 | node_5 | INFO ] 🧩 Model added for round 19 (7/8) from ['node_19']
[ 2026-04-18 07:54:34 | node_4 | INFO ] 🧩 Model added for round 19 (8/8) from ['node_2']
[ 2026-04-18 07:54:34 | node_5 | INFO ] 🧩 Model added for round 19 (8/8) from ['node_12']
[ 2026-04-18 07:54:34 | node_13 | INFO ] 🧩 Model added for round 19 (8/9) from ['node_6']
[ 2026-04-18 07:54:35 | node_11 | INFO ] 🧩 Model added for round 19 (7/8) from ['node_2']
[ 2026-04-18 07:54:35 | node_6 | INFO ] 🧩 Model added for round 19 (12/12) from ['node_12']
[ 2026-04-18 07:54:35 | node_8 | INFO ] 🧩 Model added for round 19 (11/11) from ['node_19']
[ 2026-04-18 07:54:35 | ModelPackager | INFO ] Round 19: Consensus detected (dist: 0.000606). Patience: 1/1
[ 2026-04-18 07:54:35 | node_14 | INFO ] 🧩 Model added for round 19 (9/11) from ['node_6']
[ 2026-04-18 07:54:35 | node_3 | INFO ] 🧠 Aggregation complete. Setting new model.
[ 2026-04-18 07:54:35 | ModelPackager | INFO ] Round 19: Consensus detected (dist: 0.000512). Patience: 1/1
[ 2026-04-18 07:54:35 | ModelPackager | INFO ] Round 19: Consensus detected (dist: 0.000543). Patience: 1/1
[ 2026-04-18 07:54:35 | ModelPackager | INFO ] Round 19: Consensus detected (dist: 0.000710). Patience: 1/1
[ 2026-04-18 07:54:36 | node_12 | INFO ] 🧩 Model added for round 19 (12/12) from ['node_2']
[ 2026-04-18 07:54:36 | node_3 | INFO ] 🗣️ Gossiping aggregated model.
[ 2026-04-18 07:54:36 | node_4 | INFO ] 🧠 Aggregation complete. Setting new model.
[ 2026-04-18 07:54:36 | node_5 | INFO ] 🧠 Aggregation complete. Setting new model.
[ 2026-04-18 07:54:36 | node_8 | INFO ] 🧠 Aggregation complete. Setting new model.
[ 2026-04-18 07:54:36 | node_10 | INFO ] 🧩 Model added for round 19 (6/7) from ['node_19']
[ 2026-04-18 07:54:36 | node_7 | INFO ] 🧩 Model added for round 19 (8/8) from ['node_12']
[ 2026-04-18 07:54:36 | node_15 | INFO ] 🧩 Model added for round 19 (6/9) from ['node_6']
[ 2026-04-18 07:54:36 | node_4 | INFO ] 🗣️ Gossiping aggregated model.
[ 2026-04-18 07:54:36 | node_5 | INFO ] 🗣️ Gossiping aggregated model.
[ 2026-04-18 07:54:36 | node_8 | INFO ] 🗣️ Gossiping aggregated model.
[ 2026-04-18 07:54:36 | node_13 | INFO ] 🧩 Model added for round 19 (9/9) from ['node_2']
[ 2026-04-18 07:54:36 | node_17 | INFO ] 🧩 Model added for round 19 (8/9) from ['node_6']
[ 2026-04-18 07:54:37 | node_15 | INFO ] 🧩 Model added for round 19 (7/9) from ['node_19']
[ 2026-04-18 07:54:37 | node_10 | INFO ] 🧩 Model added for round 19 (7/7) from ['node_12']
[ 2026-04-18 07:54:38 | node_14 | INFO ] 🧩 Model added for round 19 (10/11) from ['node_2']
[ 2026-04-18 07:54:38 | node_11 | INFO ] 🧩 Model added for round 19 (8/8) from ['node_12']
[ 2026-04-18 07:54:38 | ModelPackager | INFO ] Round 19: Consensus detected (dist: 0.000650). Patience: 1/1
[ 2026-04-18 07:54:38 | ModelPackager | INFO ] Round 19: Consensus detected (dist: 0.000577). Patience: 1/1
[ 2026-04-18 07:54:38 | ModelPackager | INFO ] Round 19: Consensus detected (dist: 0.000582). Patience: 1/1
[ 2026-04-18 07:54:38 | node_16 | INFO ] 🧩 Model added for round 19 (8/8) from ['node_19']
[ 2026-04-18 07:54:38 | node_18 | INFO ] 🧩 Model added for round 19 (9/10) from ['node_6']
[ 2026-04-18 07:54:38 | node_10 | INFO ] 🧠 Aggregation complete. Setting new model.
[ 2026-04-18 07:54:38 | node_14 | INFO ] 🧩 Model added for round 19 (11/11) from ['node_12']
[ 2026-04-18 07:54:38 | node_7 | INFO ] 🧠 Aggregation complete. Setting new model.
[ 2026-04-18 07:54:39 | node_13 | INFO ] 🧠 Aggregation complete. Setting new model.
[ 2026-04-18 07:54:39 | node_15 | INFO ] 🧩 Model added for round 19 (8/9) from ['node_2']
[ 2026-04-18 07:54:39 | ModelPackager | INFO ] Round 19: Consensus detected (dist: 0.000603). Patience: 1/1
[ 2026-04-18 07:54:39 | ModelPackager | INFO ] Round 19: Consensus detected (dist: 0.000473). Patience: 1/1
[ 2026-04-18 07:54:39 | node_10 | INFO ] 🗣️ Gossiping aggregated model.
[ 2026-04-18 07:54:39 | ModelPackager | INFO ] Round 19: Consensus detected (dist: 0.000663). Patience: 1/1
[ 2026-04-18 07:54:39 | ModelPackager | INFO ] Round 19: Consensus detected (dist: 0.000519). Patience: 1/1
[ 2026-04-18 07:54:39 | node_16 | INFO ] 🧠 Aggregation complete. Setting new model.
[ 2026-04-18 07:54:39 | node_7 | INFO ] 🗣️ Gossiping aggregated model.
[ 2026-04-18 07:54:39 | node_11 | INFO ] 🧠 Aggregation complete. Setting new model.
[ 2026-04-18 07:54:39 | node_13 | INFO ] 🗣️ Gossiping aggregated model.
[ 2026-04-18 07:54:39 | node_19 | INFO ] 🧠 Aggregation complete. Setting new model.
[ 2026-04-18 07:54:39 | node_16 | INFO ] 🗣️ Gossiping aggregated model.
[ 2026-04-18 07:54:39 | node_15 | INFO ] 🧩 Model added for round 19 (9/9) from ['node_12']
[ 2026-04-18 07:54:39 | node_14 | INFO ] 🧠 Aggregation complete. Setting new model.
[ 2026-04-18 07:54:39 | node_19 | INFO ] 🗣️ Gossiping aggregated model.
[ 2026-04-18 07:54:39 | node_11 | INFO ] 🗣️ Gossiping aggregated model.
[ 2026-04-18 07:54:40 | node_17 | INFO ] 🧩 Model added for round 19 (9/9) from ['node_12']
[ 2026-04-18 07:54:40 | node_14 | INFO ] 🗣️ Gossiping aggregated model.
[ 2026-04-18 07:54:41 | ModelPackager | INFO ] Round 19: Consensus detected (dist: 0.000603). Patience: 1/1
[ 2026-04-18 07:54:41 | ModelPackager | INFO ] Round 19: Consensus detected (dist: 0.000741). Patience: 1/1
[ 2026-04-18 07:54:41 | node_18 | INFO ] 🧩 Model added for round 19 (10/10) from ['node_12']
[ 2026-04-18 07:54:41 | ModelPackager | INFO ] Round 19: Consensus detected (dist: 0.000577). Patience: 1/1
[ 2026-04-18 07:54:41 | node_6 | INFO ] 🧠 Aggregation complete. Setting new model.
[ 2026-04-18 07:54:41 | node_2 | INFO ] 🧠 Aggregation complete. Setting new model.
[ 2026-04-18 07:54:41 | node_15 | INFO ] 🧠 Aggregation complete. Setting new model.
[ 2026-04-18 07:54:41 | ModelPackager | INFO ] Round 19: Consensus detected (dist: 0.000562). Patience: 1/1
[ 2026-04-18 07:54:41 | node_17 | INFO ] 🧠 Aggregation complete. Setting new model.
[ 2026-04-18 07:54:41 | ModelPackager | INFO ] Round 19: Consensus detected (dist: 0.000512). Patience: 1/1
[ 2026-04-18 07:54:41 | node_2 | INFO ] 🗣️ Gossiping aggregated model.
[ 2026-04-18 07:54:42 | node_15 | INFO ] 🗣️ Gossiping aggregated model.
[ 2026-04-18 07:54:42 | node_17 | INFO ] 🗣️ Gossiping aggregated model.
[ 2026-04-18 07:54:42 | node_6 | INFO ] 🗣️ Gossiping aggregated model.
[ 2026-04-18 07:54:42 | node_18 | INFO ] 🧠 Aggregation complete. Setting new model.
[ 2026-04-18 07:54:42 | node_19 | INFO ] 🤫 Gossip finished.
[ 2026-04-18 07:54:42 | node_19 | INFO ] 🔬 Evaluating...
[ 2026-04-18 07:54:42 | node_18 | INFO ] 🗣️ Gossiping aggregated model.
[ 2026-04-18 07:54:42 | node_9 | INFO ] 🤫 Gossip finished.
[ 2026-04-18 07:54:42 | node_9 | INFO ] 🔬 Evaluating...
[ 2026-04-18 07:54:42 | node_3 | INFO ] 🤫 Gossip finished.
[ 2026-04-18 07:54:42 | ModelPackager | INFO ] Round 19: Consensus detected (dist: 0.000737). Patience: 1/1
[ 2026-04-18 07:54:42 | node_3 | INFO ] 🔬 Evaluating...
[ 2026-04-18 07:54:43 | node_19 | INFO ] 📈 Evaluated. Results: {'test_loss': 4.68695068359375, 'test_acc': 0.31337326765060425, 'test_precision': 0.2623264789581299, 'test_recall': 0.16826820373535156, 'test_f1': 0.14731653034687042, 'communication_cost': 33880272}
[ 2026-04-18 07:54:43 | node_19 | INFO ] 📢 Broadcasting metrics.
[ 2026-04-18 07:54:43 | node_9 | INFO ] 📈 Evaluated. Results: {'test_loss': 0.5137254595756531, 'test_acc': 0.8372395634651184, 'test_precision': 0.35848912596702576, 'test_recall': 0.2751672565937042, 'test_f1': 0.3019438087940216, 'communication_cost': 39526984}
[ 2026-04-18 07:54:43 | node_9 | INFO ] 📢 Broadcasting metrics.
[ 2026-04-18 07:54:43 | node_3 | INFO ] 📈 Evaluated. Results: {'test_loss': 1.1920559406280518, 'test_acc': 0.6510204076766968, 'test_precision': 0.44921374320983887, 'test_recall': 0.3124350309371948, 'test_f1': 0.34449106454849243, 'communication_cost': 39526984}
[ 2026-04-18 07:54:43 | node_3 | INFO ] 📢 Broadcasting metrics.
[ 2026-04-18 07:54:43 | node_12 | INFO ] 🧠 Aggregation complete. Setting new model.
[ 2026-04-18 07:54:43 | node_12 | INFO ] 🗣️ Gossiping aggregated model.
[ 2026-04-18 07:54:43 | node_19 | INFO ] 🎉 Round 20 of 20 finished.
[ 2026-04-18 07:54:44 | node_19 | INFO ] 😋 Training finished!!
[ 2026-04-18 07:54:44 | node_9 | INFO ] 🎉 Round 20 of 20 finished.
[ 2026-04-18 07:54:44 | node_9 | INFO ] 😋 Training finished!!
[ 2026-04-18 07:54:44 | node_3 | INFO ] 🎉 Round 20 of 20 finished.
[ 2026-04-18 07:54:44 | node_3 | INFO ] 😋 Training finished!!
[ 2026-04-18 07:54:44 | node | INFO ] 🤫 Gossip finished.
[ 2026-04-18 07:54:44 | node | INFO ] 🔬 Evaluating...
[ 2026-04-18 07:54:44 | node_17 | INFO ] 🤫 Gossip finished.
[ 2026-04-18 07:54:44 | node_17 | INFO ] 🔬 Evaluating...
[ 2026-04-18 07:54:44 | node_10 | INFO ] 🤫 Gossip finished.
[ 2026-04-18 07:54:44 | node_10 | INFO ] 🔬 Evaluating...
[ 2026-04-18 07:54:44 | node | INFO ] 📈 Evaluated. Results: {'test_loss': 2.0166094303131104, 'test_acc': 0.4285714328289032, 'test_precision': 0.286662757396698, 'test_recall': 0.19050736725330353, 'test_f1': 0.20589229464530945, 'communication_cost': 39526984}
[ 2026-04-18 07:54:44 | node | INFO ] 📢 Broadcasting metrics.
[ 2026-04-18 07:54:44 | node_17 | INFO ] 📈 Evaluated. Results: {'test_loss': 2.2777836322784424, 'test_acc': 0.4166666567325592, 'test_precision': 0.2580499053001404, 'test_recall': 0.10461483150720596, 'test_f1': 0.1153775006532669, 'communication_cost': 45173696}
[ 2026-04-18 07:54:45 | node_17 | INFO ] 📢 Broadcasting metrics.
[ 2026-04-18 07:54:45 | node_10 | INFO ] 📈 Evaluated. Results: {'test_loss': 4.243420600891113, 'test_acc': 0.1497175097465515, 'test_precision': 0.3039548099040985, 'test_recall': 0.12138264626264572, 'test_f1': 0.1401442289352417, 'communication_cost': 33880272}
[ 2026-04-18 07:54:45 | node_10 | INFO ] 📢 Broadcasting metrics.
[ 2026-04-18 07:54:45 | node | INFO ] 🎉 Round 20 of 20 finished.
[ 2026-04-18 07:54:45 | node | INFO ] 😋 Training finished!!
[ 2026-04-18 07:54:45 | node_10 | INFO ] 🎉 Round 20 of 20 finished.
[ 2026-04-18 07:54:45 | node_10 | INFO ] 😋 Training finished!!
[ 2026-04-18 07:54:45 | node_17 | INFO ] 🎉 Round 20 of 20 finished.
[ 2026-04-18 07:54:45 | node_17 | INFO ] 😋 Training finished!!
[ 2026-04-18 07:54:50 | node_1 | INFO ] ⏹️  Gossiping exited for 10 equal rounds.
[ 2026-04-18 07:54:50 | node_1 | INFO ] 🔬 Evaluating...
[ 2026-04-18 07:54:51 | node_1 | INFO ] 📈 Evaluated. Results: {'test_loss': 1.034049153327942, 'test_acc': 0.6996527910232544, 'test_precision': 0.24003055691719055, 'test_recall': 0.1930261254310608, 'test_f1': 0.20003436505794525, 'communication_cost': 50820408}
[ 2026-04-18 07:54:51 | node_1 | INFO ] 📢 Broadcasting metrics.
[ 2026-04-18 07:54:52 | node_1 | INFO ] 🎉 Round 20 of 20 finished.
[ 2026-04-18 07:54:52 | node_1 | INFO ] 😋 Training finished!!
[ 2026-04-18 07:54:53 | node_8 | INFO ] ⏹️  Gossiping exited for 10 equal rounds.
[ 2026-04-18 07:54:53 | node_8 | INFO ] 🔬 Evaluating...
[ 2026-04-18 07:54:53 | node_8 | INFO ] 📈 Evaluated. Results: {'test_loss': 0.44667327404022217, 'test_acc': 0.8852459192276001, 'test_precision': 0.3921568691730499, 'test_recall': 0.2995726466178894, 'test_f1': 0.33314841985702515, 'communication_cost': 56467120}
[ 2026-04-18 07:54:53 | node_8 | INFO ] 📢 Broadcasting metrics.
[ 2026-04-18 07:54:54 | node_7 | INFO ] ⏹️  Gossiping exited for 10 equal rounds.
[ 2026-04-18 07:54:54 | node_7 | INFO ] 🔬 Evaluating...
[ 2026-04-18 07:54:54 | node_7 | INFO ] 📈 Evaluated. Results: {'test_loss': 4.6362833976745605, 'test_acc': 0.24664224684238434, 'test_precision': 0.2669040858745575, 'test_recall': 0.11296404153108597, 'test_f1': 0.12307625263929367, 'communication_cost': 39526984}
[ 2026-04-18 07:54:54 | node_13 | INFO ] ⏹️  Gossiping exited for 10 equal rounds.
[ 2026-04-18 07:54:54 | node_7 | INFO ] 📢 Broadcasting metrics.
[ 2026-04-18 07:54:54 | node_13 | INFO ] 🔬 Evaluating...
[ 2026-04-18 07:54:54 | node_8 | INFO ] 🎉 Round 20 of 20 finished.
[ 2026-04-18 07:54:54 | node_8 | INFO ] 😋 Training finished!!
[ 2026-04-18 07:54:54 | node_16 | INFO ] ⏹️  Gossiping exited for 10 equal rounds.
[ 2026-04-18 07:54:54 | node_16 | INFO ] 🔬 Evaluating...
[ 2026-04-18 07:54:54 | node_13 | INFO ] 📈 Evaluated. Results: {'test_loss': 5.12003755569458, 'test_acc': 0.15789473056793213, 'test_precision': 0.35739263892173767, 'test_recall': 0.34460875391960144, 'test_f1': 0.24257634580135345, 'communication_cost': 45173696}
[ 2026-04-18 07:54:54 | node_13 | INFO ] 📢 Broadcasting metrics.
[ 2026-04-18 07:54:55 | node_16 | INFO ] 📈 Evaluated. Results: {'test_loss': 2.1577627658843994, 'test_acc': 0.5135135054588318, 'test_precision': 0.3888888955116272, 'test_recall': 0.33075857162475586, 'test_f1': 0.3203703761100769, 'communication_cost': 39526984}
[ 2026-04-18 07:54:55 | node_16 | INFO ] 📢 Broadcasting metrics.
[ 2026-04-18 07:54:55 | node_7 | INFO ] 🎉 Round 20 of 20 finished.
[ 2026-04-18 07:54:55 | node_7 | INFO ] 😋 Training finished!!
[ 2026-04-18 07:54:55 | node_16 | INFO ] 🎉 Round 20 of 20 finished.
[ 2026-04-18 07:54:55 | node_16 | INFO ] 😋 Training finished!!
[ 2026-04-18 07:54:55 | node_13 | INFO ] 🎉 Round 20 of 20 finished.
[ 2026-04-18 07:54:55 | node_13 | INFO ] 😋 Training finished!!
[ 2026-04-18 07:54:55 | node_11 | INFO ] ⏹️  Gossiping exited for 10 equal rounds.
[ 2026-04-18 07:54:55 | node_11 | INFO ] 🔬 Evaluating...
[ 2026-04-18 07:54:56 | node_11 | INFO ] 📈 Evaluated. Results: {'test_loss': 1.5206023454666138, 'test_acc': 0.48929664492607117, 'test_precision': 0.20109862089157104, 'test_recall': 0.11666113138198853, 'test_f1': 0.14233583211898804, 'communication_cost': 39526984}
[ 2026-04-18 07:54:56 | node_11 | INFO ] 📢 Broadcasting metrics.
[ 2026-04-18 07:54:56 | node_15 | INFO ] ⏹️  Gossiping exited for 10 equal rounds.
[ 2026-04-18 07:54:56 | node_15 | INFO ] 🔬 Evaluating...
[ 2026-04-18 07:54:56 | node_11 | INFO ] 🎉 Round 20 of 20 finished.
[ 2026-04-18 07:54:56 | node_11 | INFO ] 😋 Training finished!!
[ 2026-04-18 07:54:57 | node_15 | INFO ] 📈 Evaluated. Results: {'test_loss': 11.683279037475586, 'test_acc': 0.004201680887490511, 'test_precision': 0.06722689419984818, 'test_recall': 0.0011020801030099392, 'test_f1': 0.002168609295040369, 'communication_cost': 45173696}
[ 2026-04-18 07:54:57 | node_15 | INFO ] 📢 Broadcasting metrics.
[ 2026-04-18 07:54:57 | node_18 | INFO ] ⏹️  Gossiping exited for 10 equal rounds.
[ 2026-04-18 07:54:57 | node_18 | INFO ] 🔬 Evaluating...
[ 2026-04-18 07:54:57 | node_6 | INFO ] ⏹️  Gossiping exited for 10 equal rounds.
[ 2026-04-18 07:54:57 | node_6 | INFO ] 🔬 Evaluating...
[ 2026-04-18 07:54:57 | node_18 | INFO ] 📈 Evaluated. Results: {'test_loss': 0.3826071321964264, 'test_acc': 0.8622516393661499, 'test_precision': 0.33323824405670166, 'test_recall': 0.2974109351634979, 'test_f1': 0.3129006028175354, 'communication_cost': 50820408}
[ 2026-04-18 07:54:57 | node_18 | INFO ] 📢 Broadcasting metrics.
[ 2026-04-18 07:54:57 | node_2 | INFO ] ⏹️  Gossiping exited for 10 equal rounds.
[ 2026-04-18 07:54:57 | node_2 | INFO ] 🔬 Evaluating...
[ 2026-04-18 07:54:57 | node_15 | INFO ] 🎉 Round 20 of 20 finished.
[ 2026-04-18 07:54:57 | node_15 | INFO ] 😋 Training finished!!
[ 2026-04-18 07:54:58 | node_6 | INFO ] 📈 Evaluated. Results: {'test_loss': 0.8393201231956482, 'test_acc': 0.7151561379432678, 'test_precision': 0.20688344538211823, 'test_recall': 0.1556922048330307, 'test_f1': 0.17645518481731415, 'communication_cost': 62113832}
[ 2026-04-18 07:54:58 | node_6 | INFO ] 📢 Broadcasting metrics.
[ 2026-04-18 07:54:58 | node_2 | INFO ] 📈 Evaluated. Results: {'test_loss': 0.4026908278465271, 'test_acc': 0.8894927501678467, 'test_precision': 0.2969178557395935, 'test_recall': 0.2741561532020569, 'test_f1': 0.28041505813598633, 'communication_cost': 45173696}
[ 2026-04-18 07:54:58 | node_2 | INFO ] 📢 Broadcasting metrics.
[ 2026-04-18 07:54:58 | node_18 | INFO ] 🎉 Round 20 of 20 finished.
[ 2026-04-18 07:54:58 | node_18 | INFO ] 😋 Training finished!!
[ 2026-04-18 07:54:58 | node_2 | INFO ] 🎉 Round 20 of 20 finished.
[ 2026-04-18 07:54:58 | node_2 | INFO ] 😋 Training finished!!
[ 2026-04-18 07:54:59 | node_12 | INFO ] ⏹️  Gossiping exited for 10 equal rounds.
[ 2026-04-18 07:54:59 | node_12 | INFO ] 🔬 Evaluating...
[ 2026-04-18 07:54:59 | node_6 | INFO ] 🎉 Round 20 of 20 finished.
[ 2026-04-18 07:54:59 | node_6 | INFO ] 😋 Training finished!!
[ 2026-04-18 07:54:59 | node_12 | INFO ] 📈 Evaluated. Results: {'test_loss': 0.5141759514808655, 'test_acc': 0.8028169274330139, 'test_precision': 0.32783764600753784, 'test_recall': 0.22532837092876434, 'test_f1': 0.2525552213191986, 'communication_cost': 62113832}
[ 2026-04-18 07:54:59 | node_12 | INFO ] 📢 Broadcasting metrics.
[ 2026-04-18 07:55:00 | node_12 | INFO ] 🎉 Round 20 of 20 finished.
[ 2026-04-18 07:55:00 | node_12 | INFO ] 😋 Training finished!!
[ 2026-04-18 07:55:07 | node_5 | INFO ] ⏹️  Gossiping exited for 10 equal rounds.
[ 2026-04-18 07:55:07 | node_5 | INFO ] 🔬 Evaluating...
[ 2026-04-18 07:55:07 | node_5 | INFO ] 📈 Evaluated. Results: {'test_loss': 2.026003360748291, 'test_acc': 0.4642857015132904, 'test_precision': 0.6363636255264282, 'test_recall': 0.5779221653938293, 'test_f1': 0.46820515394210815, 'communication_cost': 39526984}
[ 2026-04-18 07:55:07 | node_5 | INFO ] 📢 Broadcasting metrics.
[ 2026-04-18 07:55:07 | node_14 | INFO ] ⏹️  Gossiping exited for 10 equal rounds.
[ 2026-04-18 07:55:07 | node_14 | INFO ] 🔬 Evaluating...
[ 2026-04-18 07:55:07 | node_5 | INFO ] 🎉 Round 20 of 20 finished.
[ 2026-04-18 07:55:07 | node_5 | INFO ] 😋 Training finished!!
[ 2026-04-18 07:55:07 | node_14 | INFO ] 📈 Evaluated. Results: {'test_loss': 0.8071699738502502, 'test_acc': 0.790123462677002, 'test_precision': 0.3857142925262451, 'test_recall': 0.3308270573616028, 'test_f1': 0.3290756344795227, 'communication_cost': 56467120}
[ 2026-04-18 07:55:08 | node_14 | INFO ] 📢 Broadcasting metrics.
[ 2026-04-18 07:55:08 | node_14 | INFO ] 🎉 Round 20 of 20 finished.
[ 2026-04-18 07:55:08 | node_14 | INFO ] 😋 Training finished!!
[ 2026-04-18 07:55:17 | node_4 | INFO ] ⏹️  Gossiping exited for 10 equal rounds.
[ 2026-04-18 07:55:17 | node_4 | INFO ] 🔬 Evaluating...
[ 2026-04-18 07:55:17 | node_4 | INFO ] 📈 Evaluated. Results: {'test_loss': 0.5923283100128174, 'test_acc': 0.8323699235916138, 'test_precision': 0.26608818769454956, 'test_recall': 0.22057227790355682, 'test_f1': 0.23628045618534088, 'communication_cost': 39526984}
[ 2026-04-18 07:55:17 | node_4 | INFO ] 📢 Broadcasting metrics.
[ 2026-04-18 07:55:18 | node_4 | INFO ] 🎉 Round 20 of 20 finished.
[ 2026-04-18 07:55:18 | node_4 | INFO ] 😋 Training finished!!
[ 2026-04-18 07:55:18 | None | INFO ] 🏁 All nodes finished training. Waiting 10s for final synchronization...
[ 2026-04-18 07:55:28 | node | INFO ] Stopping node...
[ 2026-04-18 07:55:28 | node | INFO ] 🛑 Stopping gossiper...
[ 2026-04-18 07:55:28 | node | INFO ] InMemoryServer stopped at node
[ 2026-04-18 07:55:28 | node_1 | INFO ] Stopping node...
[ 2026-04-18 07:55:28 | node_1 | INFO ] 🛑 Stopping gossiper...
[ 2026-04-18 07:55:28 | node_1 | INFO ] InMemoryServer stopped at node_1
[ 2026-04-18 07:55:28 | node_2 | INFO ] Stopping node...
[ 2026-04-18 07:55:28 | node_2 | INFO ] 🛑 Stopping gossiper...
[ 2026-04-18 07:55:28 | node_2 | INFO ] InMemoryServer stopped at node_2
[ 2026-04-18 07:55:29 | node_3 | INFO ] Stopping node...
[ 2026-04-18 07:55:29 | node_3 | INFO ] 🛑 Stopping gossiper...
[ 2026-04-18 07:55:29 | node_3 | INFO ] InMemoryServer stopped at node_3
[ 2026-04-18 07:55:29 | node_4 | INFO ] Stopping node...
[ 2026-04-18 07:55:29 | node_4 | INFO ] 🛑 Stopping gossiper...
[ 2026-04-18 07:55:29 | node_4 | INFO ] InMemoryServer stopped at node_4
[ 2026-04-18 07:55:29 | node_5 | INFO ] Stopping node...
[ 2026-04-18 07:55:29 | node_5 | INFO ] 🛑 Stopping gossiper...
[ 2026-04-18 07:55:29 | node_5 | INFO ] InMemoryServer stopped at node_5
[ 2026-04-18 07:55:29 | node_6 | INFO ] Stopping node...
[ 2026-04-18 07:55:29 | node_6 | INFO ] 🛑 Stopping gossiper...
[ 2026-04-18 07:55:29 | node_6 | INFO ] InMemoryServer stopped at node_6
[ 2026-04-18 07:55:29 | node_7 | INFO ] Stopping node...
[ 2026-04-18 07:55:29 | node_7 | INFO ] 🛑 Stopping gossiper...
[ 2026-04-18 07:55:29 | node_7 | INFO ] InMemoryServer stopped at node_7
[ 2026-04-18 07:55:29 | node_8 | INFO ] Stopping node...
[ 2026-04-18 07:55:29 | node_8 | INFO ] 🛑 Stopping gossiper...
[ 2026-04-18 07:55:29 | node_8 | INFO ] InMemoryServer stopped at node_8
[ 2026-04-18 07:55:29 | node_9 | INFO ] Stopping node...
[ 2026-04-18 07:55:29 | node_9 | INFO ] 🛑 Stopping gossiper...
[ 2026-04-18 07:55:29 | node_9 | INFO ] InMemoryServer stopped at node_9
[ 2026-04-18 07:55:29 | node_10 | INFO ] Stopping node...
[ 2026-04-18 07:55:29 | node_10 | INFO ] 🛑 Stopping gossiper...
[ 2026-04-18 07:55:29 | node_10 | INFO ] InMemoryServer stopped at node_10
[ 2026-04-18 07:55:29 | node_11 | INFO ] Stopping node...
[ 2026-04-18 07:55:29 | node_11 | INFO ] 🛑 Stopping gossiper...
[ 2026-04-18 07:55:29 | node_11 | INFO ] InMemoryServer stopped at node_11
[ 2026-04-18 07:55:29 | node_12 | INFO ] Stopping node...
[ 2026-04-18 07:55:29 | node_12 | INFO ] 🛑 Stopping gossiper...
[ 2026-04-18 07:55:29 | node_12 | INFO ] InMemoryServer stopped at node_12
[ 2026-04-18 07:55:29 | node_13 | INFO ] Stopping node...
[ 2026-04-18 07:55:29 | node_13 | INFO ] 🛑 Stopping gossiper...
[ 2026-04-18 07:55:29 | node_13 | INFO ] InMemoryServer stopped at node_13
[ 2026-04-18 07:55:29 | node_14 | INFO ] Stopping node...
[ 2026-04-18 07:55:29 | node_14 | INFO ] 🛑 Stopping gossiper...
[ 2026-04-18 07:55:29 | node_14 | INFO ] InMemoryServer stopped at node_14
[ 2026-04-18 07:55:29 | node_15 | INFO ] Stopping node...
[ 2026-04-18 07:55:29 | node_15 | INFO ] 🛑 Stopping gossiper...
[ 2026-04-18 07:55:29 | node_15 | INFO ] InMemoryServer stopped at node_15
[ 2026-04-18 07:55:29 | node_16 | INFO ] Stopping node...
[ 2026-04-18 07:55:29 | node_16 | INFO ] 🛑 Stopping gossiper...
[ 2026-04-18 07:55:30 | node_16 | INFO ] InMemoryServer stopped at node_16
[ 2026-04-18 07:55:30 | node_17 | INFO ] Stopping node...
[ 2026-04-18 07:55:30 | node_17 | INFO ] 🛑 Stopping gossiper...
[ 2026-04-18 07:55:30 | node_17 | INFO ] InMemoryServer stopped at node_17
[ 2026-04-18 07:55:30 | node_18 | INFO ] Stopping node...
[ 2026-04-18 07:55:30 | node_18 | INFO ] 🛑 Stopping gossiper...
[ 2026-04-18 07:55:30 | node_18 | INFO ] InMemoryServer stopped at node_18
[ 2026-04-18 07:55:30 | node_19 | INFO ] Stopping node...
[ 2026-04-18 07:55:30 | node_19 | INFO ] 🛑 Stopping gossiper...
[ 2026-04-18 07:55:30 | node_19 | INFO ] InMemoryServer stopped at node_19
