[ 2026-03-22 17:18:52 | node_45 | INFO ] ✅ [FORCE] Local model added for round 137. (2/3)
[ 2026-03-22 17:18:52 | node_33 | INFO ] 🏋️‍♀️ Preparing training...
[ 2026-03-22 17:18:52 | node_14 | INFO ] 🧠 Aggregation complete. Setting new model.
[ 2026-03-22 17:18:52 | node_16 | INFO ] 🧩 Model added for round 136 (3/3) from ['node_15']
[ 2026-03-22 17:18:52 | node_3 | INFO ] 📈 Evaluated. Results: {'test_loss': 0.001817275071516633, 'test_accuracy': 0.9960413575172424, 'test_precision': 0.49748989939689636, 'test_recall': 0.2682335078716278, 'test_f1': 0.30196917057037354, 'communication_cost': 1457816}
[ 2026-03-22 17:18:52 | node_1 | INFO ] 📈 Evaluated. Results: {'test_loss': 0.0013372378889471292, 'test_accuracy': 0.9971210360527039, 'test_precision': 0.6448943018913269, 'test_recall': 0.161735400557518, 'test_f1': 0.2512575089931488, 'communication_cost': 1457816}
[ 2026-03-22 17:18:52 | node_3 | INFO ] 📢 Broadcasting metrics.
[ 2026-03-22 17:18:52 | node_14 | INFO ] 🗣️ Gossiping aggregated model.
[ 2026-03-22 17:18:52 | node_1 | INFO ] 📢 Broadcasting metrics.
[ 2026-03-22 17:18:52 | node_4 | INFO ] 🎓 Training step done.
[ 2026-03-22 17:18:52 | node_4 | INFO ] 🛠️ Calling force_add_local_model...
[ 2026-03-22 17:18:52 | node_4 | INFO ] ✅ [FORCE] Local model added for round 136. (2/3)
[ 2026-03-22 17:18:52 | node_39 | INFO ] 🎉 Round 138 of 150 finished.
[ 2026-03-22 17:18:52 | node_42 | INFO ] 🎓 Training step done.
[ 2026-03-22 17:18:52 | node_42 | INFO ] 🛠️ Calling force_add_local_model...
[ 2026-03-22 17:18:52 | node_39 | INFO ] 🗳️ [DETERMINISTIC] Train set assigned (No Voting). Size: 50
[ 2026-03-22 17:18:52 | node_42 | INFO ] ✅ [FORCE] Local model added for round 138. (2/3)
[ 2026-03-22 17:18:52 | node_39 | INFO ] 🏋️‍♀️ Preparing training...
[ 2026-03-22 17:18:52 | node_35 | INFO ] 🎓 Training step done.
[ 2026-03-22 17:18:52 | node_35 | INFO ] 🛠️ Calling force_add_local_model...
[ 2026-03-22 17:18:52 | node_35 | INFO ] ✅ [FORCE] Local model added for round 137. (2/3)
[ 2026-03-22 17:18:52 | node_1 | INFO ] 🎉 Round 136 of 150 finished.
[ 2026-03-22 17:18:53 | node_3 | INFO ] 🎉 Round 136 of 150 finished.
[ 2026-03-22 17:18:53 | node_1 | INFO ] 🗳️ [DETERMINISTIC] Train set assigned (No Voting). Size: 50
[ 2026-03-22 17:18:53 | node_16 | INFO ] 📤 Sending model to 2 direct neighbors: ['node_15', 'node_17']
[ 2026-03-22 17:18:53 | node_21 | INFO ] 🎓 Training step done.
[ 2026-03-22 17:18:53 | node_3 | INFO ] 🗳️ [DETERMINISTIC] Train set assigned (No Voting). Size: 50
[ 2026-03-22 17:18:53 | node_21 | INFO ] 🛠️ Calling force_add_local_model...
[ 2026-03-22 17:18:53 | node_1 | INFO ] ♻️ Proactively processing 2 early models for round 136.
[ 2026-03-22 17:18:53 | node_21 | INFO ] ✅ [FORCE] Local model added for round 136. (1/3)
[ 2026-03-22 17:18:53 | node_31 | INFO ] 📈 Evaluated. Results: {'test_loss': 0.001007347833365202, 'test_accuracy': 0.9976606369018555, 'test_precision': 0.8157278895378113, 'test_recall': 0.25030919909477234, 'test_f1': 0.3730227053165436, 'communication_cost': 1457816}
[ 2026-03-22 17:18:53 | node_1 | INFO ] 🧩 Model added for round 136 (1/3) from ['node']
[ 2026-03-22 17:18:53 | node_3 | INFO ] ♻️ Proactively processing 1 early models for round 136.
[ 2026-03-22 17:18:53 | node_1 | INFO ] 🧩 Model added for round 136 (2/3) from ['node_2']
[ 2026-03-22 17:18:53 | node_31 | INFO ] 📢 Broadcasting metrics.
[ 2026-03-22 17:18:53 | node_1 | INFO ] 🏋️‍♀️ Preparing training...
[ 2026-03-22 17:18:53 | node_3 | INFO ] 🧩 Model added for round 136 (1/3) from ['node_2']
[ 2026-03-22 17:18:53 | node_15 | INFO ] 🧩 Model added for round 136 (3/3) from ['node_16']
[ 2026-03-22 17:18:53 | node_3 | INFO ] 🏋️‍♀️ Preparing training...
[ 2026-03-22 17:18:53 | node_46 | INFO ] 🎓 Training step done.
[ 2026-03-22 17:18:53 | node_15 | INFO ] 🧠 Aggregation complete. Setting new model.
[ 2026-03-22 17:18:53 | node_46 | INFO ] 🛠️ Calling force_add_local_model...
[ 2026-03-22 17:18:53 | node_46 | INFO ] ✅ [FORCE] Local model added for round 137. (1/3)
[ 2026-03-22 17:18:53 | node_15 | INFO ] 🗣️ Gossiping aggregated model.
[ 2026-03-22 17:18:53 | node_17 | INFO ] 🧩 Model added for round 136 (2/3) from ['node_16']
[ 2026-03-22 17:18:53 | node_31 | INFO ] 🎉 Round 137 of 150 finished.
[ 2026-03-22 17:18:53 | node_31 | INFO ] 🗳️ [DETERMINISTIC] Train set assigned (No Voting). Size: 50
[ 2026-03-22 17:18:53 | node_31 | INFO ] 🏋️‍♀️ Preparing training...
[ 2026-03-22 17:18:53 | node_16 | INFO ] 🧠 Aggregation complete. Setting new model.
[ 2026-03-22 17:18:53 | node_10 | INFO ] ⏹️  Gossiping exited for 10 equal rounds.
[ 2026-03-22 17:18:54 | node_10 | INFO ] 🔬 Evaluating...
[ 2026-03-22 17:18:54 | node_16 | INFO ] 🗣️ Gossiping aggregated model.
[ 2026-03-22 17:18:54 | node_12 | INFO ] 📤 Sending model to 2 direct neighbors: ['node_11', 'node_13']
[ 2026-03-22 17:18:54 | node_11 | INFO ] 🧩 Model added for round 136 (3/3) from ['node_12']
[ 2026-03-22 17:18:54 | node_28 | INFO ] 📤 Sending model to 2 direct neighbors: ['node_27', 'node_29']
[ 2026-03-22 17:18:54 | node_11 | INFO ] 🧠 Aggregation complete. Setting new model.
[ 2026-03-22 17:18:54 | node_20 | INFO ] 📤 Sending model to 2 direct neighbors: ['node_19', 'node_21']
[ 2026-03-22 17:18:54 | node_11 | INFO ] 🗣️ Gossiping aggregated model.
[ 2026-03-22 17:18:54 | node_27 | INFO ] 🧩 Model added for round 136 (2/3) from ['node_28']
[ 2026-03-22 17:18:54 | node_13 | INFO ] 🧩 Model added for round 136 (3/3) from ['node_12']
[ 2026-03-22 17:18:54 | node_19 | INFO ] 🧩 Model added for round 136 (2/3) from ['node_20']
[ 2026-03-22 17:18:54 | node_13 | INFO ] 🧠 Aggregation complete. Setting new model.
[ 2026-03-22 17:18:54 | node_34 | INFO ] 🎓 Training step done.
[ 2026-03-22 17:18:54 | node_22 | INFO ] 📤 Sending model to 2 direct neighbors: ['node_21', 'node_23']
[ 2026-03-22 17:18:54 | node_34 | INFO ] 🛠️ Calling force_add_local_model...
[ 2026-03-22 17:18:54 | node_6 | INFO ] ⏹️  Gossiping exited for 10 equal rounds.
[ 2026-03-22 17:18:54 | node_23 | INFO ] 📤 Sending model to 2 direct neighbors: ['node_22', 'node_24']
[ 2026-03-22 17:18:54 | node_47 | INFO ] 🎓 Training step done.
[ 2026-03-22 17:18:54 | node_34 | INFO ] ✅ [FORCE] Local model added for round 137. (1/3)
[ 2026-03-22 17:18:54 | node_47 | INFO ] 🛠️ Calling force_add_local_model...
[ 2026-03-22 17:18:54 | node_6 | INFO ] 🔬 Evaluating...
[ 2026-03-22 17:18:54 | node_47 | INFO ] ✅ [FORCE] Local model added for round 137. (1/3)
[ 2026-03-22 17:18:55 | node_13 | INFO ] 🗣️ Gossiping aggregated model.
[ 2026-03-22 17:18:55 | node_24 | INFO ] 📤 Sending model to 2 direct neighbors: ['node_23', 'node_25']
[ 2026-03-22 17:18:55 | node_43 | INFO ] ⏹️  Gossiping exited for 10 equal rounds.
[ 2026-03-22 17:18:55 | node_8 | INFO ] 📤 Sending model to 2 direct neighbors: ['node_7', 'node_9']
[ 2026-03-22 17:18:55 | node_22 | INFO ] 🧩 Model added for round 136 (2/3) from ['node_23']
[ 2026-03-22 17:18:55 | node_43 | INFO ] 🔬 Evaluating...
[ 2026-03-22 17:18:55 | node_21 | INFO ] 🧩 Model added for round 136 (2/3) from ['node_22']
[ 2026-03-22 17:18:55 | node_29 | INFO ] 🧩 Model added for round 136 (3/3) from ['node_28']
[ 2026-03-22 17:18:55 | node_23 | INFO ] 🧩 Model added for round 136 (2/3) from ['node_24']
[ 2026-03-22 17:18:55 | node_12 | INFO ] 🧠 Aggregation complete. Setting new model.
[ 2026-03-22 17:18:55 | node_7 | INFO ] 🧩 Model added for round 137 (2/3) from ['node_8']
[ 2026-03-22 17:18:55 | node_15 | INFO ] 🤫 Gossip finished.
[ 2026-03-22 17:18:55 | node_21 | INFO ] 🧩 Model added for round 136 (3/3) from ['node_20']
[ 2026-03-22 17:18:55 | node_9 | INFO ] 📤 Sending model to 2 direct neighbors: ['node_8', 'node_10']
[ 2026-03-22 17:18:55 | node_29 | INFO ] 🧠 Aggregation complete. Setting new model.
[ 2026-03-22 17:18:55 | node_15 | INFO ] 🔬 Evaluating...
[ 2026-03-22 17:18:55 | node_14 | INFO ] 🤫 Gossip finished.
[ 2026-03-22 17:18:55 | node_48 | INFO ] 🎓 Training step done.
[ 2026-03-22 17:18:55 | node_24 | INFO ] 🧩 Model added for round 136 (2/3) from ['node_23']
[ 2026-03-22 17:18:55 | node_48 | INFO ] 🛠️ Calling force_add_local_model...
[ 2026-03-22 17:18:55 | node_14 | INFO ] 🔬 Evaluating...
[ 2026-03-22 17:18:55 | node_48 | INFO ] ✅ [FORCE] Local model added for round 137. (1/3)
[ 2026-03-22 17:18:55 | node_29 | INFO ] 🗣️ Gossiping aggregated model.
[ 2026-03-22 17:18:55 | node_12 | INFO ] 🗣️ Gossiping aggregated model.
[ 2026-03-22 17:18:55 | node_25 | INFO ] 📤 Sending model to 2 direct neighbors: ['node_24', 'node_26']
[ 2026-03-22 17:18:55 | node_12 | INFO ] 🤫 Gossip finished.
[ 2026-03-22 17:18:55 | node_18 | INFO ] 📤 Sending model to 2 direct neighbors: ['node_17', 'node_19']
[ 2026-03-22 17:18:55 | node_12 | INFO ] 🔬 Evaluating...
[ 2026-03-22 17:18:56 | node_27 | INFO ] 📤 Sending model to 2 direct neighbors: ['node_26', 'node_28']
[ 2026-03-22 17:18:56 | node_8 | INFO ] 🧩 Model added for round 137 (2/3) from ['node_9']
[ 2026-03-22 17:18:56 | node_11 | INFO ] 🤫 Gossip finished.
[ 2026-03-22 17:18:56 | node_23 | INFO ] 🧩 Model added for round 136 (3/3) from ['node_22']
[ 2026-03-22 17:18:56 | node_25 | INFO ] 🧩 Model added for round 136 (2/3) from ['node_24']
[ 2026-03-22 17:18:56 | node_17 | INFO ] 🧩 Model added for round 136 (3/3) from ['node_18']
[ 2026-03-22 17:18:56 | node_9 | INFO ] 🧩 Model added for round 137 (2/3) from ['node_8']
[ 2026-03-22 17:18:56 | node_11 | INFO ] 🔬 Evaluating...
[ 2026-03-22 17:18:56 | node_33 | INFO ] 🎓 Training step done.
[ 2026-03-22 17:18:56 | node_24 | INFO ] 🧩 Model added for round 136 (3/3) from ['node_25']
[ 2026-03-22 17:18:56 | node_33 | INFO ] 🛠️ Calling force_add_local_model...
[ 2026-03-22 17:18:56 | node_40 | INFO ] 🎓 Training step done.
[ 2026-03-22 17:18:56 | node_33 | INFO ] ✅ [FORCE] Local model added for round 137. (1/3)
[ 2026-03-22 17:18:56 | node_40 | INFO ] 🛠️ Calling force_add_local_model...
[ 2026-03-22 17:18:56 | node_26 | INFO ] 🧩 Model added for round 136 (2/3) from ['node_27']
[ 2026-03-22 17:18:56 | node_7 | INFO ] 📤 Sending model to 2 direct neighbors: ['node_6', 'node_8']
[ 2026-03-22 17:18:56 | node_30 | INFO ] 🤫 Gossip finished.
[ 2026-03-22 17:18:56 | node_40 | INFO ] ✅ [FORCE] Local model added for round 138. (2/3)
[ 2026-03-22 17:18:56 | node_23 | INFO ] 🧠 Aggregation complete. Setting new model.
[ 2026-03-22 17:18:56 | node_17 | INFO ] 🧠 Aggregation complete. Setting new model.
[ 2026-03-22 17:18:56 | node_39 | INFO ] 🎓 Training step done.
[ 2026-03-22 17:18:56 | node_26 | INFO ] 📤 Sending model to 2 direct neighbors: ['node_25', 'node_27']
[ 2026-03-22 17:18:56 | node_39 | INFO ] 🛠️ Calling force_add_local_model...
[ 2026-03-22 17:18:56 | node_10 | INFO ] 📈 Evaluated. Results: {'test_loss': 0.0013498482294380665, 'test_accuracy': 0.997031033039093, 'test_precision': 0.5527665615081787, 'test_recall': 0.10850602388381958, 'test_f1': 0.18106494843959808, 'communication_cost': 1457816}
[ 2026-03-22 17:18:56 | node_24 | INFO ] 🧠 Aggregation complete. Setting new model.
[ 2026-03-22 17:18:56 | node_13 | INFO ] 🤫 Gossip finished.
[ 2026-03-22 17:18:56 | node_30 | INFO ] 🔬 Evaluating...
[ 2026-03-22 17:18:56 | node_39 | INFO ] ✅ [FORCE] Local model added for round 138. (1/3)
[ 2026-03-22 17:18:56 | node_10 | INFO ] 📢 Broadcasting metrics.
[ 2026-03-22 17:18:56 | node_13 | INFO ] 🔬 Evaluating...
[ 2026-03-22 17:18:56 | node_19 | INFO ] 🧩 Model added for round 136 (3/3) from ['node_18']
[ 2026-03-22 17:18:56 | node_25 | INFO ] 🧩 Model added for round 136 (3/3) from ['node_26']
[ 2026-03-22 17:18:56 | node_26 | INFO ] 🧩 Model added for round 136 (3/3) from ['node_25']
[ 2026-03-22 17:18:56 | node_23 | INFO ] 🗣️ Gossiping aggregated model.
[ 2026-03-22 17:18:56 | node_17 | INFO ] 🗣️ Gossiping aggregated model.
[ 2026-03-22 17:18:56 | node_3 | INFO ] 🎓 Training step done.
[ 2026-03-22 17:18:56 | node_24 | INFO ] 🗣️ Gossiping aggregated model.
[ 2026-03-22 17:18:56 | node_3 | INFO ] 🛠️ Calling force_add_local_model...
[ 2026-03-22 17:18:56 | node_3 | INFO ] ✅ [FORCE] Local model added for round 136. (2/3)
[ 2026-03-22 17:18:56 | node_8 | INFO ] 🧩 Model added for round 137 (3/3) from ['node_7']
[ 2026-03-22 17:18:56 | node_28 | INFO ] 🧩 Model added for round 136 (3/3) from ['node_27']
[ 2026-03-22 17:18:56 | node_19 | INFO ] 📤 Sending model to 2 direct neighbors: ['node_18', 'node_20']
[ 2026-03-22 17:18:57 | node_10 | INFO ] 🎉 Round 137 of 150 finished.
[ 2026-03-22 17:18:57 | node_16 | INFO ] 🤫 Gossip finished.
[ 2026-03-22 17:18:57 | node_10 | INFO ] 🗳️ [DETERMINISTIC] Train set assigned (No Voting). Size: 50
[ 2026-03-22 17:18:57 | node_27 | INFO ] 🧩 Model added for round 136 (3/3) from ['node_26']
[ 2026-03-22 17:18:57 | node_8 | INFO ] 🧠 Aggregation complete. Setting new model.
[ 2026-03-22 17:18:57 | node_25 | INFO ] 🧠 Aggregation complete. Setting new model.
[ 2026-03-22 17:18:57 | node_28 | INFO ] 🧠 Aggregation complete. Setting new model.
[ 2026-03-22 17:18:57 | node_16 | INFO ] 🔬 Evaluating...
[ 2026-03-22 17:18:57 | node_27 | INFO ] 🧠 Aggregation complete. Setting new model.
[ 2026-03-22 17:18:57 | node_18 | INFO ] 🧩 Model added for round 136 (3/3) from ['node_19']
[ 2026-03-22 17:18:57 | node_10 | INFO ] ♻️ Proactively processing 1 early models for round 137.
[ 2026-03-22 17:18:57 | node_18 | INFO ] 🧠 Aggregation complete. Setting new model.
[ 2026-03-22 17:18:57 | node_10 | INFO ] 🧩 Model added for round 137 (1/3) from ['node_9']
[ 2026-03-22 17:18:57 | node_10 | INFO ] 🏋️‍♀️ Preparing training...
[ 2026-03-22 17:18:57 | node_8 | INFO ] 🗣️ Gossiping aggregated model.
[ 2026-03-22 17:18:57 | node_25 | INFO ] 🗣️ Gossiping aggregated model.
[ 2026-03-22 17:18:57 | node_28 | INFO ] 🗣️ Gossiping aggregated model.
[ 2026-03-22 17:18:57 | node_26 | INFO ] 🧠 Aggregation complete. Setting new model.
[ 2026-03-22 17:18:57 | node_45 | INFO ] 📤 Sending model to 2 direct neighbors: ['node_44', 'node_46']
[ 2026-03-22 17:18:57 | node_28 | INFO ] 🤫 Gossip finished.
[ 2026-03-22 17:18:57 | node_27 | INFO ] 🗣️ Gossiping aggregated model.
[ 2026-03-22 17:18:57 | node_28 | INFO ] 🔬 Evaluating...
[ 2026-03-22 17:18:57 | node_18 | INFO ] 🗣️ Gossiping aggregated model.
[ 2026-03-22 17:18:57 | node_44 | INFO ] 🧩 Model added for round 137 (3/3) from ['node_45']
[ 2026-03-22 17:18:57 | node_20 | INFO ] 🧩 Model added for round 136 (2/3) from ['node_19']
[ 2026-03-22 17:18:57 | node_1 | INFO ] 🎓 Training step done.
[ 2026-03-22 17:18:57 | node_1 | INFO ] 🛠️ Calling force_add_local_model...
[ 2026-03-22 17:18:57 | node_26 | INFO ] 🗣️ Gossiping aggregated model.
[ 2026-03-22 17:18:57 | node_4 | INFO ] 📤 Sending model to 2 direct neighbors: ['node_3', 'node_5']
[ 2026-03-22 17:18:57 | node_26 | INFO ] 🤫 Gossip finished.
[ 2026-03-22 17:18:57 | node_6 | INFO ] 📈 Evaluated. Results: {'test_loss': 0.0012287306599318981, 'test_accuracy': 0.996941089630127, 'test_precision': 0.8157444596290588, 'test_recall': 0.24512016773223877, 'test_f1': 0.372141033411026, 'communication_cost': 1457816}
[ 2026-03-22 17:18:57 | node_1 | INFO ] ✅ [FORCE] Local model added for round 136. (3/3)
[ 2026-03-22 17:18:57 | node_6 | INFO ] 📢 Broadcasting metrics.
[ 2026-03-22 17:18:57 | node_26 | INFO ] 🔬 Evaluating...
[ 2026-03-22 17:18:57 | node_44 | INFO ] 🧠 Aggregation complete. Setting new model.
[ 2026-03-22 17:18:57 | node_42 | INFO ] 📤 Sending model to 2 direct neighbors: ['node_41', 'node_43']
[ 2026-03-22 17:18:57 | node_3 | INFO ] 🧩 Model added for round 136 (3/3) from ['node_4']
[ 2026-03-22 17:18:57 | node_46 | INFO ] 🧩 Model added for round 137 (2/3) from ['node_45']
[ 2026-03-22 17:18:57 | node_19 | INFO ] 🧠 Aggregation complete. Setting new model.
[ 2026-03-22 17:18:57 | node_41 | INFO ] 🧩 Model added for round 138 (2/3) from ['node_42']
[ 2026-03-22 17:18:57 | node_29 | INFO ] 🤫 Gossip finished.
[ 2026-03-22 17:18:57 | node_35 | INFO ] 📤 Sending model to 2 direct neighbors: ['node_34', 'node_36']
[ 2026-03-22 17:18:57 | node_44 | INFO ] 🗣️ Gossiping aggregated model.
[ 2026-03-22 17:18:58 | node_29 | INFO ] 🔬 Evaluating...
[ 2026-03-22 17:18:58 | node_19 | INFO ] 🗣️ Gossiping aggregated model.
[ 2026-03-22 17:18:58 | node_21 | INFO ] 📤 Sending model to 2 direct neighbors: ['node_20', 'node_22']
[ 2026-03-22 17:18:58 | node_6 | INFO ] 🎉 Round 137 of 150 finished.
[ 2026-03-22 17:18:58 | node_6 | INFO ] 🗳️ [DETERMINISTIC] Train set assigned (No Voting). Size: 50
[ 2026-03-22 17:18:58 | node_6 | INFO ] ♻️ Proactively processing 1 early models for round 137.
[ 2026-03-22 17:18:58 | node_6 | INFO ] 🧩 Model added for round 137 (1/3) from ['node_7']
[ 2026-03-22 17:18:58 | node_15 | INFO ] 📈 Evaluated. Results: {'test_loss': 0.0012614496517926455, 'test_accuracy': 0.997031033039093, 'test_precision': 0.6314889788627625, 'test_recall': 0.16838079690933228, 'test_f1': 0.257396936416626, 'communication_cost': 1457816}
[ 2026-03-22 17:18:58 | node_6 | INFO ] 🏋️‍♀️ Preparing training...
[ 2026-03-22 17:18:58 | node_34 | INFO ] 🧩 Model added for round 137 (2/3) from ['node_35']
[ 2026-03-22 17:18:58 | node_15 | INFO ] 📢 Broadcasting metrics.
[ 2026-03-22 17:18:58 | node_46 | INFO ] 📤 Sending model to 2 direct neighbors: ['node_45', 'node_47']
[ 2026-03-22 17:18:58 | node_43 | INFO ] 📈 Evaluated. Results: {'test_loss': 0.0014720492763444781, 'test_accuracy': 0.9961310029029846, 'test_precision': 0.36854419112205505, 'test_recall': 0.04679926484823227, 'test_f1': 0.08292243629693985, 'communication_cost': 1457816}
[ 2026-03-22 17:18:58 | node_5 | INFO ] 🧩 Model added for round 136 (3/3) from ['node_4']
[ 2026-03-22 17:18:58 | node_12 | INFO ] 📈 Evaluated. Results: {'test_loss': 0.0011972850188612938, 'test_accuracy': 0.996941089630127, 'test_precision': 0.7001709342002869, 'test_recall': 0.18681462109088898, 'test_f1': 0.286783903837204, 'communication_cost': 1457816}
[ 2026-03-22 17:18:58 | node_24 | INFO ] 🤫 Gossip finished.
[ 2026-03-22 17:18:58 | node_43 | INFO ] 📢 Broadcasting metrics.
[ 2026-03-22 17:18:58 | node_24 | INFO ] 🔬 Evaluating...
[ 2026-03-22 17:18:58 | node_17 | INFO ] 🤫 Gossip finished.
[ 2026-03-22 17:18:58 | node_12 | INFO ] 📢 Broadcasting metrics.
[ 2026-03-22 17:18:58 | node_17 | INFO ] 🔬 Evaluating...
[ 2026-03-22 17:18:58 | node_14 | INFO ] 📈 Evaluated. Results: {'test_loss': 0.0012900918954983354, 'test_accuracy': 0.9966711401939392, 'test_precision': 0.7370220422744751, 'test_recall': 0.1642346829175949, 'test_f1': 0.26069119572639465, 'communication_cost': 1457816}
[ 2026-03-22 17:18:58 | node_14 | INFO ] 📢 Broadcasting metrics.
[ 2026-03-22 17:18:58 | node_45 | INFO ] 🧩 Model added for round 137 (3/3) from ['node_46']
[ 2026-03-22 17:18:58 | node_20 | INFO ] 🧩 Model added for round 136 (3/3) from ['node_21']
[ 2026-03-22 17:18:58 | node_36 | INFO ] 🧩 Model added for round 137 (3/3) from ['node_35']
[ 2026-03-22 17:18:58 | node_5 | INFO ] 🧠 Aggregation complete. Setting new model.
[ 2026-03-22 17:18:58 | node_20 | INFO ] 🧠 Aggregation complete. Setting new model.
[ 2026-03-22 17:18:58 | node_45 | INFO ] 🧠 Aggregation complete. Setting new model.
[ 2026-03-22 17:18:58 | node_36 | INFO ] 🧠 Aggregation complete. Setting new model.
[ 2026-03-22 17:18:58 | node_15 | INFO ] 🎉 Round 137 of 150 finished.
[ 2026-03-22 17:18:58 | node_27 | INFO ] 🤫 Gossip finished.
[ 2026-03-22 17:18:58 | node_15 | INFO ] 🗳️ [DETERMINISTIC] Train set assigned (No Voting). Size: 50
[ 2026-03-22 17:18:58 | node_27 | INFO ] 🔬 Evaluating...
[ 2026-03-22 17:18:58 | node_37 | INFO ] 🤫 Gossip finished.
[ 2026-03-22 17:18:58 | node_20 | INFO ] 🗣️ Gossiping aggregated model.
[ 2026-03-22 17:18:58 | node_45 | INFO ] 🗣️ Gossiping aggregated model.
[ 2026-03-22 17:18:58 | node_15 | INFO ] 🏋️‍♀️ Preparing training...
[ 2026-03-22 17:18:58 | node_36 | INFO ] 🗣️ Gossiping aggregated model.
[ 2026-03-22 17:18:58 | node_5 | INFO ] 🗣️ Gossiping aggregated model.
[ 2026-03-22 17:18:58 | node_37 | INFO ] 🔬 Evaluating...
[ 2026-03-22 17:18:59 | node_43 | INFO ] 🎉 Round 138 of 150 finished.
[ 2026-03-22 17:18:59 | node_13 | INFO ] 📈 Evaluated. Results: {'test_loss': 0.0011376073816791177, 'test_accuracy': 0.9972109794616699, 'test_precision': 0.8157444596290588, 'test_recall': 0.3037208318710327, 'test_f1': 0.4216090440750122, 'communication_cost': 1457816}
[ 2026-03-22 17:18:59 | node_43 | INFO ] 🗳️ [DETERMINISTIC] Train set assigned (No Voting). Size: 50
[ 2026-03-22 17:18:59 | node_13 | INFO ] 📢 Broadcasting metrics.
[ 2026-03-22 17:18:59 | node_12 | INFO ] 🎉 Round 137 of 150 finished.
[ 2026-03-22 17:18:59 | node_25 | INFO ] 🤫 Gossip finished.
[ 2026-03-22 17:18:59 | node_43 | INFO ] ♻️ Proactively processing 1 early models for round 138.
[ 2026-03-22 17:18:59 | node_43 | INFO ] 🧩 Model added for round 138 (1/3) from ['node_42']
[ 2026-03-22 17:18:59 | node_43 | INFO ] 🏋️‍♀️ Preparing training...
[ 2026-03-22 17:18:59 | node_25 | INFO ] 🔬 Evaluating...
[ 2026-03-22 17:18:59 | node_12 | INFO ] 🗳️ [DETERMINISTIC] Train set assigned (No Voting). Size: 50
[ 2026-03-22 17:18:59 | node_18 | INFO ] 🤫 Gossip finished.
[ 2026-03-22 17:18:59 | node_22 | INFO ] 🧩 Model added for round 136 (3/3) from ['node_21']
[ 2026-03-22 17:18:59 | node_31 | INFO ] 🎓 Training step done.
[ 2026-03-22 17:18:59 | node_47 | INFO ] 🧩 Model added for round 137 (2/3) from ['node_46']
[ 2026-03-22 17:18:59 | node_31 | INFO ] 🛠️ Calling force_add_local_model...
[ 2026-03-22 17:18:59 | node_18 | INFO ] 🔬 Evaluating...
[ 2026-03-22 17:18:59 | node_30 | INFO ] 📈 Evaluated. Results: {'test_loss': 0.0011215939885005355, 'test_accuracy': 0.9972107410430908, 'test_precision': 0.8292244076728821, 'test_recall': 0.3062426447868347, 'test_f1': 0.4459323287010193, 'communication_cost': 1457816}
[ 2026-03-22 17:18:59 | node_12 | INFO ] 🏋️‍♀️ Preparing training...
[ 2026-03-22 17:18:59 | node_11 | INFO ] 📈 Evaluated. Results: {'test_loss': 0.0012524191988632083, 'test_accuracy': 0.9968510866165161, 'test_precision': 0.6756035685539246, 'test_recall': 0.1535462588071823, 'test_f1': 0.24702388048171997, 'communication_cost': 1457816}
[ 2026-03-22 17:18:59 | node_16 | INFO ] 📈 Evaluated. Results: {'test_loss': 0.0011580759892240167, 'test_accuracy': 0.9968510866165161, 'test_precision': 0.7370220422744751, 'test_recall': 0.1535462588071823, 'test_f1': 0.2522115707397461, 'communication_cost': 1457816}
[ 2026-03-22 17:18:59 | node_31 | INFO ] ✅ [FORCE] Local model added for round 137. (1/3)
[ 2026-03-22 17:18:59 | node_30 | INFO ] 📢 Broadcasting metrics.
[ 2026-03-22 17:18:59 | node_14 | INFO ] 🎉 Round 137 of 150 finished.
[ 2026-03-22 17:18:59 | node_11 | INFO ] 📢 Broadcasting metrics.
[ 2026-03-22 17:18:59 | node_16 | INFO ] 📢 Broadcasting metrics.
[ 2026-03-22 17:18:59 | node_14 | INFO ] 🗳️ [DETERMINISTIC] Train set assigned (No Voting). Size: 50
[ 2026-03-22 17:18:59 | node_21 | INFO ] 🧠 Aggregation complete. Setting new model.
[ 2026-03-22 17:18:59 | node_22 | INFO ] 🧠 Aggregation complete. Setting new model.
[ 2026-03-22 17:18:59 | node_14 | INFO ] 🏋️‍♀️ Preparing training...
[ 2026-03-22 17:18:59 | node_28 | INFO ] 📈 Evaluated. Results: {'test_loss': 0.0010420329635962844, 'test_accuracy': 0.996850848197937, 'test_precision': 0.7831563949584961, 'test_recall': 0.3222767114639282, 'test_f1': 0.4456566274166107, 'communication_cost': 1457816}
[ 2026-03-22 17:18:59 | node_28 | INFO ] 📢 Broadcasting metrics.
[ 2026-03-22 17:18:59 | node_21 | INFO ] 🗣️ Gossiping aggregated model.
[ 2026-03-22 17:18:59 | node_22 | INFO ] 🗣️ Gossiping aggregated model.
[ 2026-03-22 17:18:59 | node_21 | INFO ] 🤫 Gossip finished.
[ 2026-03-22 17:18:59 | node_22 | INFO ] 🤫 Gossip finished.
[ 2026-03-22 17:18:59 | node_13 | INFO ] 🎉 Round 137 of 150 finished.
[ 2026-03-22 17:18:59 | node_21 | INFO ] 🔬 Evaluating...
[ 2026-03-22 17:18:59 | node_22 | INFO ] 🔬 Evaluating...
[ 2026-03-22 17:18:59 | node_13 | INFO ] 🗳️ [DETERMINISTIC] Train set assigned (No Voting). Size: 50
[ 2026-03-22 17:18:59 | node_30 | INFO ] 🎉 Round 137 of 150 finished.
[ 2026-03-22 17:18:59 | node_13 | INFO ] 🏋️‍♀️ Preparing training...
[ 2026-03-22 17:18:59 | node_34 | INFO ] 📤 Sending model to 2 direct neighbors: ['node_33', 'node_35']
[ 2026-03-22 17:18:59 | node_30 | INFO ] 🗳️ [DETERMINISTIC] Train set assigned (No Voting). Size: 50
[ 2026-03-22 17:18:59 | node_11 | INFO ] 🎉 Round 137 of 150 finished.
[ 2026-03-22 17:18:59 | node_16 | INFO ] 🎉 Round 137 of 150 finished.
[ 2026-03-22 17:18:59 | node_29 | INFO ] 📈 Evaluated. Results: {'test_loss': 0.0013036866439506412, 'test_accuracy': 0.9965808987617493, 'test_precision': 0.79851233959198, 'test_recall': 0.34332799911499023, 'test_f1': 0.4524903893470764, 'communication_cost': 1457816}
[ 2026-03-22 17:18:59 | node_11 | INFO ] 🗳️ [DETERMINISTIC] Train set assigned (No Voting). Size: 50
[ 2026-03-22 17:18:59 | node_16 | INFO ] 🗳️ [DETERMINISTIC] Train set assigned (No Voting). Size: 50
[ 2026-03-22 17:18:59 | node_30 | INFO ] 🏋️‍♀️ Preparing training...
[ 2026-03-22 17:18:59 | node_29 | INFO ] 📢 Broadcasting metrics.
[ 2026-03-22 17:19:00 | node_11 | INFO ] 🏋️‍♀️ Preparing training...
[ 2026-03-22 17:19:00 | node_47 | INFO ] 📤 Sending model to 2 direct neighbors: ['node_46', 'node_48']
[ 2026-03-22 17:19:00 | node_16 | INFO ] 🏋️‍♀️ Preparing training...
[ 2026-03-22 17:19:00 | node_23 | INFO ] 🤫 Gossip finished.
[ 2026-03-22 17:19:00 | node_33 | INFO ] 🧩 Model added for round 137 (2/3) from ['node_34']
[ 2026-03-22 17:19:00 | node_23 | INFO ] 🔬 Evaluating...
[ 2026-03-22 17:19:00 | node_49 | INFO ] ⏹️  Gossiping exited for 10 equal rounds.
[ 2026-03-22 17:19:00 | node_28 | INFO ] 🎉 Round 137 of 150 finished.
[ 2026-03-22 17:19:00 | node_28 | INFO ] 🗳️ [DETERMINISTIC] Train set assigned (No Voting). Size: 50
[ 2026-03-22 17:19:00 | node_49 | INFO ] 🔬 Evaluating...
[ 2026-03-22 17:19:00 | node_26 | INFO ] 📈 Evaluated. Results: {'test_loss': 0.0011470476165413857, 'test_accuracy': 0.9970307946205139, 'test_precision': 0.7370883822441101, 'test_recall': 0.1750584840774536, 'test_f1': 0.2816055715084076, 'communication_cost': 1457816}
[ 2026-03-22 17:19:00 | node_46 | INFO ] 🧩 Model added for round 137 (3/3) from ['node_47']
[ 2026-03-22 17:19:00 | node_28 | INFO ] 🏋️‍♀️ Preparing training...
[ 2026-03-22 17:19:00 | node_26 | INFO ] 📢 Broadcasting metrics.
[ 2026-03-22 17:19:00 | node_46 | INFO ] 🧠 Aggregation complete. Setting new model.
[ 2026-03-22 17:19:00 | node_44 | INFO ] 🤫 Gossip finished.
[ 2026-03-22 17:19:00 | node_44 | INFO ] 🔬 Evaluating...
[ 2026-03-22 17:19:00 | node_35 | INFO ] 🧩 Model added for round 137 (3/3) from ['node_34']
[ 2026-03-22 17:19:00 | node_19 | INFO ] 🤫 Gossip finished.
[ 2026-03-22 17:19:00 | node_35 | INFO ] 🧠 Aggregation complete. Setting new model.
[ 2026-03-22 17:19:00 | node_46 | INFO ] 🗣️ Gossiping aggregated model.
[ 2026-03-22 17:19:00 | node_19 | INFO ] 🔬 Evaluating...
[ 2026-03-22 17:19:00 | node_29 | INFO ] 🎉 Round 137 of 150 finished.
[ 2026-03-22 17:19:00 | node_29 | INFO ] 🗳️ [DETERMINISTIC] Train set assigned (No Voting). Size: 50
[ 2026-03-22 17:19:00 | node_35 | INFO ] 🗣️ Gossiping aggregated model.
[ 2026-03-22 17:19:00 | node_48 | INFO ] 🧩 Model added for round 137 (2/3) from ['node_47']
[ 2026-03-22 17:19:00 | node_29 | INFO ] 🏋️‍♀️ Preparing training...
[ 2026-03-22 17:19:00 | node_48 | INFO ] 📤 Sending model to 2 direct neighbors: ['node_47', 'node_49']
[ 2026-03-22 17:19:01 | node_26 | INFO ] 🎉 Round 137 of 150 finished.
[ 2026-03-22 17:19:01 | node_47 | INFO ] 🧩 Model added for round 137 (3/3) from ['node_48']
[ 2026-03-22 17:19:01 | node_45 | INFO ] 🤫 Gossip finished.
[ 2026-03-22 17:19:01 | node_26 | INFO ] 🗳️ [DETERMINISTIC] Train set assigned (No Voting). Size: 50
[ 2026-03-22 17:19:01 | node_47 | INFO ] 🧠 Aggregation complete. Setting new model.
[ 2026-03-22 17:19:01 | node_20 | INFO ] 🤫 Gossip finished.
[ 2026-03-22 17:19:01 | node_45 | INFO ] 🔬 Evaluating...
[ 2026-03-22 17:19:01 | node_20 | INFO ] 🔬 Evaluating...
[ 2026-03-22 17:19:01 | node_26 | INFO ] 🏋️‍♀️ Preparing training...
[ 2026-03-22 17:19:01 | node_33 | INFO ] 📤 Sending model to 2 direct neighbors: ['node_32', 'node_34']
[ 2026-03-22 17:19:01 | node_47 | INFO ] 🗣️ Gossiping aggregated model.
[ 2026-03-22 17:19:01 | node_40 | INFO ] 📤 Sending model to 2 direct neighbors: ['node_39', 'node_41']
[ 2026-03-22 17:19:01 | node_39 | INFO ] 📤 Sending model to 2 direct neighbors: ['node_38', 'node_40']
[ 2026-03-22 17:19:01 | node_17 | INFO ] 📈 Evaluated. Results: {'test_loss': 0.001447181566618383, 'test_accuracy': 0.9966711401939392, 'test_precision': 0.6314889788627625, 'test_recall': 0.1523660570383072, 'test_f1': 0.22321616113185883, 'communication_cost': 1457816}
[ 2026-03-22 17:19:01 | node_17 | INFO ] 📢 Broadcasting metrics.
[ 2026-03-22 17:19:01 | node_39 | INFO ] 🧩 Model added for round 138 (2/3) from ['node_40']
[ 2026-03-22 17:19:01 | node_34 | INFO ] 🧩 Model added for round 137 (3/3) from ['node_33']
[ 2026-03-22 17:19:01 | node_3 | INFO ] 📤 Sending model to 2 direct neighbors: ['node_2', 'node_4']
[ 2026-03-22 17:19:01 | node_34 | INFO ] 🧠 Aggregation complete. Setting new model.
[ 2026-03-22 17:19:02 | node_2 | INFO ] 🧩 Model added for round 136 (2/3) from ['node_3']
[ 2026-03-22 17:19:02 | node_34 | INFO ] 🗣️ Gossiping aggregated model.
[ 2026-03-22 17:19:02 | node_40 | INFO ] 🧩 Model added for round 138 (3/3) from ['node_39']
[ 2026-03-22 17:19:02 | node_17 | INFO ] 🎉 Round 137 of 150 finished.
[ 2026-03-22 17:19:02 | node_41 | INFO ] 🧩 Model added for round 138 (3/3) from ['node_40']
[ 2026-03-22 17:19:02 | node_17 | INFO ] 🗳️ [DETERMINISTIC] Train set assigned (No Voting). Size: 50
[ 2026-03-22 17:19:02 | node_41 | INFO ] 🧠 Aggregation complete. Setting new model.
[ 2026-03-22 17:19:02 | node_17 | INFO ] 🏋️‍♀️ Preparing training...
[ 2026-03-22 17:19:02 | node_35 | INFO ] 🤫 Gossip finished.
[ 2026-03-22 17:19:02 | node_4 | INFO ] 🧩 Model added for round 136 (3/3) from ['node_3']
[ 2026-03-22 17:19:02 | node_35 | INFO ] 🔬 Evaluating...
[ 2026-03-22 17:19:02 | node_41 | INFO ] 🗣️ Gossiping aggregated model.
[ 2026-03-22 17:19:02 | node_46 | INFO ] 🤫 Gossip finished.
[ 2026-03-22 17:19:02 | node_24 | INFO ] 📈 Evaluated. Results: {'test_loss': 0.0009721828391775489, 'test_accuracy': 0.9973906874656677, 'test_precision': 0.8157278895378113, 'test_recall': 0.31060925126075745, 'test_f1': 0.4326969385147095, 'communication_cost': 1457816}
[ 2026-03-22 17:19:02 | node_46 | INFO ] 🔬 Evaluating...
[ 2026-03-22 17:19:02 | node_24 | INFO ] 📢 Broadcasting metrics.
[ 2026-03-22 17:19:02 | node_40 | INFO ] 🧠 Aggregation complete. Setting new model.
[ 2026-03-22 17:19:02 | node_4 | INFO ] 🧠 Aggregation complete. Setting new model.
[ 2026-03-22 17:19:02 | node_3 | INFO ] 🧠 Aggregation complete. Setting new model.
[ 2026-03-22 17:19:02 | node_25 | INFO ] 📈 Evaluated. Results: {'test_loss': 0.0011569905327633023, 'test_accuracy': 0.99712073802948, 'test_precision': 0.5221042633056641, 'test_recall': 0.14346899092197418, 'test_f1': 0.22490645945072174, 'communication_cost': 1457816}
[ 2026-03-22 17:19:02 | node_1 | INFO ] 📤 Sending model to 2 direct neighbors: ['node', 'node_2']
[ 2026-03-22 17:19:02 | node_25 | INFO ] 📢 Broadcasting metrics.
[ 2026-03-22 17:19:02 | node_40 | INFO ] 🗣️ Gossiping aggregated model.
[ 2026-03-22 17:19:02 | node_3 | INFO ] 🗣️ Gossiping aggregated model.
[ 2026-03-22 17:19:03 | node_4 | INFO ] 🗣️ Gossiping aggregated model.
[ 2026-03-22 17:19:03 | node | INFO ] 🧩 Model added for round 136 (3/3) from ['node_1']
[ 2026-03-22 17:19:03 | node_4 | INFO ] 🤫 Gossip finished.
[ 2026-03-22 17:19:03 | node | INFO ] 🧠 Aggregation complete. Setting new model.
[ 2026-03-22 17:19:03 | node_4 | INFO ] 🔬 Evaluating...
[ 2026-03-22 17:19:03 | node_21 | INFO ] 📈 Evaluated. Results: {'test_loss': 0.0012928546639159322, 'test_accuracy': 0.9962210059165955, 'test_precision': 0.921360433101654, 'test_recall': 0.16277368366718292, 'test_f1': 0.2740457057952881, 'communication_cost': 1457816}
[ 2026-03-22 17:19:03 | node_21 | INFO ] 📢 Broadcasting metrics.
[ 2026-03-22 17:19:03 | node_37 | INFO ] 📈 Evaluated. Results: {'test_loss': 0.001109178876504302, 'test_accuracy': 0.9966708421707153, 'test_precision': 0.7217323780059814, 'test_recall': 0.26105213165283203, 'test_f1': 0.37901419401168823, 'communication_cost': 1457816}
[ 2026-03-22 17:19:03 | node_37 | INFO ] 📢 Broadcasting metrics.
[ 2026-03-22 17:19:03 | node_24 | INFO ] 🎉 Round 137 of 150 finished.
[ 2026-03-22 17:19:03 | node | INFO ] 🗣️ Gossiping aggregated model.
[ 2026-03-22 17:19:03 | node_27 | INFO ] 📈 Evaluated. Results: {'test_loss': 0.001367144868709147, 'test_accuracy': 0.9965808987617493, 'test_precision': 0.6314558386802673, 'test_recall': 0.13406187295913696, 'test_f1': 0.21629418432712555, 'communication_cost': 1457816}
[ 2026-03-22 17:19:03 | node_24 | INFO ] 🗳️ [DETERMINISTIC] Train set assigned (No Voting). Size: 50
[ 2026-03-22 17:19:03 | node_27 | INFO ] 📢 Broadcasting metrics.
[ 2026-03-22 17:19:03 | node_5 | INFO ] 🤫 Gossip finished.
[ 2026-03-22 17:19:03 | node_2 | INFO ] 🧩 Model added for round 136 (3/3) from ['node_1']
[ 2026-03-22 17:19:03 | node_5 | INFO ] 🔬 Evaluating...
[ 2026-03-22 17:19:03 | node_2 | INFO ] 🧠 Aggregation complete. Setting new model.
[ 2026-03-22 17:19:03 | node_24 | INFO ] 🏋️‍♀️ Preparing training...
[ 2026-03-22 17:19:03 | node_25 | INFO ] 🎉 Round 137 of 150 finished.
[ 2026-03-22 17:19:03 | node_25 | INFO ] 🗳️ [DETERMINISTIC] Train set assigned (No Voting). Size: 50
[ 2026-03-22 17:19:04 | node_1 | INFO ] 🧠 Aggregation complete. Setting new model.
[ 2026-03-22 17:19:04 | node_44 | INFO ] 📈 Evaluated. Results: {'test_loss': 0.0011524622095748782, 'test_accuracy': 0.9973006844520569, 'test_precision': 1.0, 'test_recall': 0.24387432634830475, 'test_f1': 0.38913244009017944, 'communication_cost': 1457816}
[ 2026-03-22 17:19:04 | node_2 | INFO ] 🗣️ Gossiping aggregated model.
[ 2026-03-22 17:19:04 | node_44 | INFO ] 📢 Broadcasting metrics.
[ 2026-03-22 17:19:04 | node_25 | INFO ] 🏋️‍♀️ Preparing training...
[ 2026-03-22 17:19:04 | node_37 | INFO ] 🎉 Round 138 of 150 finished.
[ 2026-03-22 17:19:04 | node_21 | INFO ] 🎉 Round 137 of 150 finished.
[ 2026-03-22 17:19:04 | node_37 | INFO ] 🗳️ [DETERMINISTIC] Train set assigned (No Voting). Size: 50
[ 2026-03-22 17:19:04 | node_32 | INFO ] ⏹️  Gossiping exited for 10 equal rounds.
[ 2026-03-22 17:19:04 | node_1 | INFO ] 🗣️ Gossiping aggregated model.
[ 2026-03-22 17:19:04 | node_21 | INFO ] 🗳️ [DETERMINISTIC] Train set assigned (No Voting). Size: 50
[ 2026-03-22 17:19:04 | node_23 | INFO ] 📈 Evaluated. Results: {'test_loss': 0.001355773420073092, 'test_accuracy': 0.9965808987617493, 'test_precision': 0.8157278895378113, 'test_recall': 0.22660906612873077, 'test_f1': 0.3442707061767578, 'communication_cost': 1457816}
[ 2026-03-22 17:19:04 | node_1 | INFO ] 🤫 Gossip finished.
[ 2026-03-22 17:19:04 | node_32 | INFO ] 🔬 Evaluating...
[ 2026-03-22 17:19:04 | node_37 | INFO ] 🏋️‍♀️ Preparing training...
[ 2026-03-22 17:19:04 | node_23 | INFO ] 📢 Broadcasting metrics.
[ 2026-03-22 17:19:04 | node_27 | INFO ] 🎉 Round 137 of 150 finished.
[ 2026-03-22 17:19:04 | node_1 | INFO ] 🔬 Evaluating...
[ 2026-03-22 17:19:04 | node_31 | INFO ] 📤 Sending model to 2 direct neighbors: ['node_30', 'node_32']
[ 2026-03-22 17:19:04 | node_21 | INFO ] 🏋️‍♀️ Preparing training...
[ 2026-03-22 17:19:04 | node_38 | INFO ] ⏹️  Gossiping exited for 10 equal rounds.
[ 2026-03-22 17:19:04 | node_27 | INFO ] 🗳️ [DETERMINISTIC] Train set assigned (No Voting). Size: 50
[ 2026-03-22 17:19:04 | node_38 | INFO ] 🔬 Evaluating...
[ 2026-03-22 17:19:04 | node_18 | INFO ] 📈 Evaluated. Results: {'test_loss': 0.0012792667839676142, 'test_accuracy': 0.9968510866165161, 'test_precision': 0.8157444596290588, 'test_recall': 0.15656901895999908, 'test_f1': 0.23857079446315765, 'communication_cost': 1457816}
[ 2026-03-22 17:19:04 | node_27 | INFO ] 🏋️‍♀️ Preparing training...
[ 2026-03-22 17:19:04 | node_30 | INFO ] 🧩 Model added for round 137 (1/3) from ['node_31']
[ 2026-03-22 17:19:04 | node_18 | INFO ] 📢 Broadcasting metrics.
[ 2026-03-22 17:19:04 | node_44 | INFO ] 🎉 Round 138 of 150 finished.
[ 2026-03-22 17:19:04 | node_22 | INFO ] 📈 Evaluated. Results: {'test_loss': 0.001284141093492508, 'test_accuracy': 0.9972107410430908, 'test_precision': 0.8157278895378113, 'test_recall': 0.2144513726234436, 'test_f1': 0.3226921260356903, 'communication_cost': 1457816}
[ 2026-03-22 17:19:04 | node_44 | INFO ] 🗳️ [DETERMINISTIC] Train set assigned (No Voting). Size: 50
[ 2026-03-22 17:19:04 | node_22 | INFO ] 📢 Broadcasting metrics.
[ 2026-03-22 17:19:04 | node_44 | INFO ] 🏋️‍♀️ Preparing training...
[ 2026-03-22 17:19:04 | node_23 | INFO ] 🎉 Round 137 of 150 finished.
[ 2026-03-22 17:19:04 | node_23 | INFO ] 🗳️ [DETERMINISTIC] Train set assigned (No Voting). Size: 50
[ 2026-03-22 17:19:04 | node_3 | INFO ] 🤫 Gossip finished.
[ 2026-03-22 17:19:05 | node_3 | INFO ] 🔬 Evaluating...
[ 2026-03-22 17:19:05 | node_23 | INFO ] 🏋️‍♀️ Preparing training...
[ 2026-03-22 17:19:05 | node_20 | INFO ] 📈 Evaluated. Results: {'test_loss': 0.0011030778987333179, 'test_accuracy': 0.9973006844520569, 'test_precision': 0.8157278895378113, 'test_recall': 0.28342047333717346, 'test_f1': 0.39474719762802124, 'communication_cost': 1457816}
[ 2026-03-22 17:19:05 | node_20 | INFO ] 📢 Broadcasting metrics.
[ 2026-03-22 17:19:05 | node_35 | INFO ] 📈 Evaluated. Results: {'test_loss': 0.0010902849026024342, 'test_accuracy': 0.9974806308746338, 'test_precision': 0.921360433101654, 'test_recall': 0.31782281398773193, 'test_f1': 0.4648572504520416, 'communication_cost': 1457816}
[ 2026-03-22 17:19:05 | node_18 | INFO ] 🎉 Round 137 of 150 finished.
[ 2026-03-22 17:19:05 | node_35 | INFO ] 📢 Broadcasting metrics.
[ 2026-03-22 17:19:05 | node_18 | INFO ] 🗳️ [DETERMINISTIC] Train set assigned (No Voting). Size: 50
[ 2026-03-22 17:19:05 | node_22 | INFO ] 🎉 Round 137 of 150 finished.
[ 2026-03-22 17:19:05 | node_18 | INFO ] 🏋️‍♀️ Preparing training...
[ 2026-03-22 17:19:05 | node_22 | INFO ] 🗳️ [DETERMINISTIC] Train set assigned (No Voting). Size: 50
[ 2026-03-22 17:19:05 | node_22 | INFO ] 🏋️‍♀️ Preparing training...
[ 2026-03-22 17:19:05 | node_19 | INFO ] 📈 Evaluated. Results: {'test_loss': 0.0011587670305743814, 'test_accuracy': 0.9970307946205139, 'test_precision': 0.8157278895378113, 'test_recall': 0.24746760725975037, 'test_f1': 0.3712017834186554, 'communication_cost': 1457816}
[ 2026-03-22 17:19:05 | node_19 | INFO ] 📢 Broadcasting metrics.
[ 2026-03-22 17:19:06 | node_45 | INFO ] 📈 Evaluated. Results: {'test_loss': 0.0011879102094098926, 'test_accuracy': 0.9974806308746338, 'test_precision': 0.8157278895378113, 'test_recall': 0.33622974157333374, 'test_f1': 0.45334339141845703, 'communication_cost': 1457816}
[ 2026-03-22 17:19:06 | node_45 | INFO ] 📢 Broadcasting metrics.
[ 2026-03-22 17:19:06 | node_20 | INFO ] 🎉 Round 137 of 150 finished.
[ 2026-03-22 17:19:06 | node_10 | INFO ] 🎓 Training step done.
[ 2026-03-22 17:19:06 | node_49 | INFO ] 📈 Evaluated. Results: {'test_loss': 0.0015160427428781986, 'test_accuracy': 0.9969407916069031, 'test_precision': 0.6142403483390808, 'test_recall': 0.20637542009353638, 'test_f1': 0.30791786313056946, 'communication_cost': 1457816}
[ 2026-03-22 17:19:06 | node_10 | INFO ] 🛠️ Calling force_add_local_model...
[ 2026-03-22 17:19:06 | node_35 | INFO ] 🎉 Round 138 of 150 finished.
[ 2026-03-22 17:19:06 | node_20 | INFO ] 🗳️ [DETERMINISTIC] Train set assigned (No Voting). Size: 50
[ 2026-03-22 17:19:06 | node_49 | INFO ] 📢 Broadcasting metrics.
[ 2026-03-22 17:19:06 | node_10 | INFO ] ✅ [FORCE] Local model added for round 137. (2/3)
[ 2026-03-22 17:19:06 | node_35 | INFO ] 🗳️ [DETERMINISTIC] Train set assigned (No Voting). Size: 50
[ 2026-03-22 17:19:06 | node_20 | INFO ] 🏋️‍♀️ Preparing training...
[ 2026-03-22 17:19:06 | node_35 | INFO ] 🏋️‍♀️ Preparing training...
[ 2026-03-22 17:19:06 | node_19 | INFO ] 🎉 Round 137 of 150 finished.
[ 2026-03-22 17:19:06 | node_19 | INFO ] 🗳️ [DETERMINISTIC] Train set assigned (No Voting). Size: 50
[ 2026-03-22 17:19:06 | node_45 | INFO ] 🎉 Round 138 of 150 finished.
[ 2026-03-22 17:19:06 | node_19 | INFO ] 🏋️‍♀️ Preparing training...
[ 2026-03-22 17:19:06 | node_6 | INFO ] 🎓 Training step done.
[ 2026-03-22 17:19:06 | node_45 | INFO ] 🗳️ [DETERMINISTIC] Train set assigned (No Voting). Size: 50
[ 2026-03-22 17:19:06 | node_6 | INFO ] 🛠️ Calling force_add_local_model...
[ 2026-03-22 17:19:06 | node_6 | INFO ] ✅ [FORCE] Local model added for round 137. (2/3)
[ 2026-03-22 17:19:06 | node_45 | INFO ] 🏋️‍♀️ Preparing training...
[ 2026-03-22 17:19:06 | node_49 | INFO ] 🎉 Round 137 of 150 finished.
[ 2026-03-22 17:19:06 | node_49 | INFO ] 🗳️ [DETERMINISTIC] Train set assigned (No Voting). Size: 50
[ 2026-03-22 17:19:07 | node_49 | INFO ] ♻️ Proactively processing 1 early models for round 137.
[ 2026-03-22 17:19:07 | node_49 | INFO ] 🧩 Model added for round 137 (1/3) from ['node_48']
[ 2026-03-22 17:19:07 | node_49 | INFO ] 🏋️‍♀️ Preparing training...
[ 2026-03-22 17:19:07 | node_5 | INFO ] 📈 Evaluated. Results: {'test_loss': 0.001481463317759335, 'test_accuracy': 0.9964912533760071, 'test_precision': 0.6448943018913269, 'test_recall': 0.16012682020664215, 'test_f1': 0.2518158555030823, 'communication_cost': 1457816}
[ 2026-03-22 17:19:07 | node_5 | INFO ] 📢 Broadcasting metrics.
[ 2026-03-22 17:19:07 | node_32 | INFO ] 📈 Evaluated. Results: {'test_loss': 0.0010529616847634315, 'test_accuracy': 0.99712073802948, 'test_precision': 0.8599364757537842, 'test_recall': 0.3500944972038269, 'test_f1': 0.4857417941093445, 'communication_cost': 1457816}
[ 2026-03-22 17:19:07 | node_46 | INFO ] 📈 Evaluated. Results: {'test_loss': 0.0015276281628757715, 'test_accuracy': 0.9963109493255615, 'test_precision': 0.6314558386802673, 'test_recall': 0.12907615303993225, 'test_f1': 0.2025919109582901, 'communication_cost': 1457816}
[ 2026-03-22 17:19:07 | node_46 | INFO ] 📢 Broadcasting metrics.
[ 2026-03-22 17:19:07 | node_32 | INFO ] 📢 Broadcasting metrics.
[ 2026-03-22 17:19:07 | node_1 | INFO ] 📈 Evaluated. Results: {'test_loss': 0.0013398349983617663, 'test_accuracy': 0.9972109794616699, 'test_precision': 0.6448943018913269, 'test_recall': 0.18016095459461212, 'test_f1': 0.2791750133037567, 'communication_cost': 1457816}
[ 2026-03-22 17:19:07 | node_1 | INFO ] 📢 Broadcasting metrics.
[ 2026-03-22 17:19:07 | node_5 | INFO ] 🎉 Round 137 of 150 finished.
[ 2026-03-22 17:19:08 | node_5 | INFO ] 🗳️ [DETERMINISTIC] Train set assigned (No Voting). Size: 50
[ 2026-03-22 17:19:08 | node_5 | INFO ] 🏋️‍♀️ Preparing training...
[ 2026-03-22 17:19:08 | node_15 | INFO ] 🎓 Training step done.
[ 2026-03-22 17:19:08 | node_15 | INFO ] 🛠️ Calling force_add_local_model...
[ 2026-03-22 17:19:08 | node_15 | INFO ] ✅ [FORCE] Local model added for round 137. (1/3)
[ 2026-03-22 17:19:08 | node_32 | INFO ] 🎉 Round 137 of 150 finished.
[ 2026-03-22 17:19:08 | node_46 | INFO ] 🎉 Round 138 of 150 finished.
[ 2026-03-22 17:19:08 | node_32 | INFO ] 🗳️ [DETERMINISTIC] Train set assigned (No Voting). Size: 50
[ 2026-03-22 17:19:08 | node_46 | INFO ] 🗳️ [DETERMINISTIC] Train set assigned (No Voting). Size: 50
[ 2026-03-22 17:19:08 | node_11 | INFO ] 🎓 Training step done.
[ 2026-03-22 17:19:08 | node_1 | INFO ] 🎉 Round 137 of 150 finished.
[ 2026-03-22 17:19:08 | node_11 | INFO ] 🛠️ Calling force_add_local_model...
[ 2026-03-22 17:19:08 | node_32 | INFO ] ♻️ Proactively processing 2 early models for round 137.
[ 2026-03-22 17:19:08 | node_13 | INFO ] 🎓 Training step done.
[ 2026-03-22 17:19:08 | node_11 | INFO ] ✅ [FORCE] Local model added for round 137. (1/3)
[ 2026-03-22 17:19:08 | node_32 | INFO ] 🧩 Model added for round 137 (1/3) from ['node_33']
[ 2026-03-22 17:19:08 | node_46 | INFO ] 🏋️‍♀️ Preparing training...
[ 2026-03-22 17:19:08 | node_1 | INFO ] 🗳️ [DETERMINISTIC] Train set assigned (No Voting). Size: 50
[ 2026-03-22 17:19:09 | node_13 | INFO ] 🛠️ Calling force_add_local_model...
[ 2026-03-22 17:19:09 | node_32 | INFO ] 🧩 Model added for round 137 (2/3) from ['node_31']
[ 2026-03-22 17:19:09 | node_13 | INFO ] ✅ [FORCE] Local model added for round 137. (1/3)
[ 2026-03-22 17:19:09 | node_32 | INFO ] 🏋️‍♀️ Preparing training...
[ 2026-03-22 17:19:09 | node_1 | INFO ] 🏋️‍♀️ Preparing training...
[ 2026-03-22 17:19:09 | node_43 | INFO ] 🎓 Training step done.
[ 2026-03-22 17:19:09 | node_29 | INFO ] 🎓 Training step done.
[ 2026-03-22 17:19:09 | node_43 | INFO ] 🛠️ Calling force_add_local_model...
[ 2026-03-22 17:19:09 | node_29 | INFO ] 🛠️ Calling force_add_local_model...
[ 2026-03-22 17:19:09 | node_43 | INFO ] ✅ [FORCE] Local model added for round 138. (2/3)
[ 2026-03-22 17:19:09 | node_29 | INFO ] ✅ [FORCE] Local model added for round 137. (1/3)
[ 2026-03-22 17:19:09 | node_4 | INFO ] 📈 Evaluated. Results: {'test_loss': 0.001266385312192142, 'test_accuracy': 0.9968510866165161, 'test_precision': 0.9692906737327576, 'test_recall': 0.36529722809791565, 'test_f1': 0.5219805836677551, 'communication_cost': 1457816}
[ 2026-03-22 17:19:09 | node_4 | INFO ] 📢 Broadcasting metrics.
[ 2026-03-22 17:19:09 | node_38 | INFO ] 📈 Evaluated. Results: {'test_loss': 0.001172354444861412, 'test_accuracy': 0.9973906874656677, 'test_precision': 0.907863974571228, 'test_recall': 0.41682207584381104, 'test_f1': 0.56193608045578, 'communication_cost': 1457816}
[ 2026-03-22 17:19:09 | node_38 | INFO ] 📢 Broadcasting metrics.
[ 2026-03-22 17:19:09 | node_28 | INFO ] 🎓 Training step done.
[ 2026-03-22 17:19:09 | node_28 | INFO ] 🛠️ Calling force_add_local_model...
[ 2026-03-22 17:19:09 | node_28 | INFO ] ✅ [FORCE] Local model added for round 137. (1/3)
[ 2026-03-22 17:19:10 | node_4 | INFO ] 🎉 Round 137 of 150 finished.
[ 2026-03-22 17:19:10 | node_3 | INFO ] 📈 Evaluated. Results: {'test_loss': 0.0017772464780136943, 'test_accuracy': 0.9961313605308533, 'test_precision': 0.5700705051422119, 'test_recall': 0.39546048641204834, 'test_f1': 0.38103389739990234, 'communication_cost': 1457816}
[ 2026-03-22 17:19:10 | node_38 | INFO ] 🎉 Round 138 of 150 finished.
[ 2026-03-22 17:19:10 | node_4 | INFO ] 🗳️ [DETERMINISTIC] Train set assigned (No Voting). Size: 50
[ 2026-03-22 17:19:10 | node_3 | INFO ] 📢 Broadcasting metrics.
[ 2026-03-22 17:19:10 | node_38 | INFO ] 🗳️ [DETERMINISTIC] Train set assigned (No Voting). Size: 50
[ 2026-03-22 17:19:10 | node_16 | INFO ] 🎓 Training step done.
[ 2026-03-22 17:19:10 | node_44 | INFO ] 🎓 Training step done.
[ 2026-03-22 17:19:10 | node_4 | INFO ] 🏋️‍♀️ Preparing training...
[ 2026-03-22 17:19:10 | node_16 | INFO ] 🛠️ Calling force_add_local_model...
[ 2026-03-22 17:19:10 | node_44 | INFO ] 🛠️ Calling force_add_local_model...
[ 2026-03-22 17:19:10 | node_16 | INFO ] ✅ [FORCE] Local model added for round 137. (1/3)
[ 2026-03-22 17:19:10 | node_38 | INFO ] ♻️ Proactively processing 1 early models for round 138.
[ 2026-03-22 17:19:10 | node_44 | INFO ] ✅ [FORCE] Local model added for round 138. (1/3)
[ 2026-03-22 17:19:10 | node_38 | INFO ] 🧩 Model added for round 138 (1/3) from ['node_39']
[ 2026-03-22 17:19:10 | node_38 | INFO ] 🏋️‍♀️ Preparing training...
[ 2026-03-22 17:19:11 | node_10 | INFO ] 📤 Sending model to 2 direct neighbors: ['node_9', 'node_11']
[ 2026-03-22 17:19:11 | node_3 | INFO ] 🎉 Round 137 of 150 finished.
[ 2026-03-22 17:19:11 | node_30 | INFO ] 🎓 Training step done.
[ 2026-03-22 17:19:11 | node_30 | INFO ] 🛠️ Calling force_add_local_model...
[ 2026-03-22 17:19:11 | node_3 | INFO ] 🗳️ [DETERMINISTIC] Train set assigned (No Voting). Size: 50
[ 2026-03-22 17:19:11 | node_24 | INFO ] 🎓 Training step done.
[ 2026-03-22 17:19:11 | node_25 | INFO ] 🎓 Training step done.
[ 2026-03-22 17:19:11 | node_30 | INFO ] ✅ [FORCE] Local model added for round 137. (2/3)
[ 2026-03-22 17:19:11 | node_24 | INFO ] 🛠️ Calling force_add_local_model...
[ 2026-03-22 17:19:11 | node_25 | INFO ] 🛠️ Calling force_add_local_model...
[ 2026-03-22 17:19:11 | node_9 | INFO ] 🧩 Model added for round 137 (3/3) from ['node_10']
[ 2026-03-22 17:19:11 | node_18 | INFO ] 🎓 Training step done.
[ 2026-03-22 17:19:11 | node_24 | INFO ] ✅ [FORCE] Local model added for round 137. (1/3)
[ 2026-03-22 17:19:11 | node_25 | INFO ] ✅ [FORCE] Local model added for round 137. (1/3)
[ 2026-03-22 17:19:11 | node_26 | INFO ] 🎓 Training step done.
[ 2026-03-22 17:19:11 | node_18 | INFO ] 🛠️ Calling force_add_local_model...
[ 2026-03-22 17:19:11 | node_3 | INFO ] 🏋️‍♀️ Preparing training...
[ 2026-03-22 17:19:11 | node_9 | INFO ] 🧠 Aggregation complete. Setting new model.
[ 2026-03-22 17:19:11 | node_26 | INFO ] 🛠️ Calling force_add_local_model...
[ 2026-03-22 17:19:11 | node_6 | INFO ] 📤 Sending model to 2 direct neighbors: ['node_5', 'node_7']
[ 2026-03-22 17:19:11 | node_20 | INFO ] 🎓 Training step done.
[ 2026-03-22 17:19:11 | node_18 | INFO ] ✅ [FORCE] Local model added for round 137. (1/3)
[ 2026-03-22 17:19:11 | node_22 | INFO ] 🎓 Training step done.
[ 2026-03-22 17:19:11 | node_26 | INFO ] ✅ [FORCE] Local model added for round 137. (1/3)
[ 2026-03-22 17:19:11 | node_20 | INFO ] 🛠️ Calling force_add_local_model...
[ 2026-03-22 17:19:11 | node_22 | INFO ] 🛠️ Calling force_add_local_model...
[ 2026-03-22 17:19:12 | node_20 | INFO ] ✅ [FORCE] Local model added for round 137. (1/3)
[ 2026-03-22 17:19:12 | node_22 | INFO ] ✅ [FORCE] Local model added for round 137. (1/3)
[ 2026-03-22 17:19:12 | node_5 | INFO ] 🧩 Model added for round 137 (1/3) from ['node_6']
[ 2026-03-22 17:19:12 | node_9 | INFO ] 🗣️ Gossiping aggregated model.
[ 2026-03-22 17:19:12 | node_11 | INFO ] 🧩 Model added for round 137 (2/3) from ['node_10']
[ 2026-03-22 17:19:12 | node_12 | INFO ] 🎓 Training step done.
[ 2026-03-22 17:19:12 | node_17 | INFO ] 🎓 Training step done.
[ 2026-03-22 17:19:12 | node_12 | INFO ] 🛠️ Calling force_add_local_model...
[ 2026-03-22 17:19:12 | node_17 | INFO ] 🛠️ Calling force_add_local_model...
[ 2026-03-22 17:19:12 | node_14 | INFO ] 🎓 Training step done.
[ 2026-03-22 17:19:12 | node_14 | INFO ] 🛠️ Calling force_add_local_model...
[ 2026-03-22 17:19:12 | node_12 | INFO ] ✅ [FORCE] Local model added for round 137. (1/3)
[ 2026-03-22 17:19:12 | node_14 | INFO ] ✅ [FORCE] Local model added for round 137. (1/3)
[ 2026-03-22 17:19:12 | node_17 | INFO ] ✅ [FORCE] Local model added for round 137. (1/3)
[ 2026-03-22 17:19:12 | node_7 | INFO ] 🧩 Model added for round 137 (3/3) from ['node_6']
[ 2026-03-22 17:19:12 | node_7 | INFO ] 🧠 Aggregation complete. Setting new model.
[ 2026-03-22 17:19:12 | node_7 | INFO ] 🗣️ Gossiping aggregated model.
[ 2026-03-22 17:19:13 | node_37 | INFO ] 🎓 Training step done.
[ 2026-03-22 17:19:13 | node_37 | INFO ] 🛠️ Calling force_add_local_model...
[ 2026-03-22 17:19:13 | node_37 | INFO ] ✅ [FORCE] Local model added for round 138. (1/3)
[ 2026-03-22 17:19:13 | node_27 | INFO ] 🎓 Training step done.
[ 2026-03-22 17:19:13 | node_32 | INFO ] 🎓 Training step done.
[ 2026-03-22 17:19:13 | node_27 | INFO ] 🛠️ Calling force_add_local_model...
[ 2026-03-22 17:19:13 | node_32 | INFO ] 🛠️ Calling force_add_local_model...
[ 2026-03-22 17:19:13 | node_27 | INFO ] ✅ [FORCE] Local model added for round 137. (1/3)
[ 2026-03-22 17:19:13 | node_32 | INFO ] ✅ [FORCE] Local model added for round 137. (3/3)
[ 2026-03-22 17:19:13 | node_15 | INFO ] 📤 Sending model to 2 direct neighbors: ['node_14', 'node_16']
[ 2026-03-22 17:19:13 | node_19 | INFO ] 🎓 Training step done.
[ 2026-03-22 17:19:13 | node_14 | INFO ] 🧩 Model added for round 137 (2/3) from ['node_15']
[ 2026-03-22 17:19:13 | node_19 | INFO ] 🛠️ Calling force_add_local_model...
[ 2026-03-22 17:19:13 | node_19 | INFO ] ✅ [FORCE] Local model added for round 137. (1/3)
[ 2026-03-22 17:19:13 | node_45 | INFO ] 🎓 Training step done.
[ 2026-03-22 17:19:13 | node_45 | INFO ] 🛠️ Calling force_add_local_model...
[ 2026-03-22 17:19:13 | node_45 | INFO ] ✅ [FORCE] Local model added for round 138. (1/3)
[ 2026-03-22 17:19:13 | node_8 | INFO ] 🤫 Gossip finished.
[ 2026-03-22 17:19:13 | node_16 | INFO ] 🧩 Model added for round 137 (2/3) from ['node_15']
[ 2026-03-22 17:19:13 | node_8 | INFO ] 🔬 Evaluating...
[ 2026-03-22 17:19:13 | node_11 | INFO ] 📤 Sending model to 2 direct neighbors: ['node_10', 'node_12']
[ 2026-03-22 17:19:14 | node_13 | INFO ] 📤 Sending model to 2 direct neighbors: ['node_12', 'node_14']
[ 2026-03-22 17:19:14 | node_10 | INFO ] 🧩 Model added for round 137 (3/3) from ['node_11']
[ 2026-03-22 17:19:14 | node_10 | INFO ] 🧠 Aggregation complete. Setting new model.
[ 2026-03-22 17:19:14 | node_1 | INFO ] 🎓 Training step done.
[ 2026-03-22 17:19:14 | node_43 | INFO ] 📤 Sending model to 2 direct neighbors: ['node_42', 'node_44']
[ 2026-03-22 17:19:14 | node_12 | INFO ] 🧩 Model added for round 137 (2/3) from ['node_13']
[ 2026-03-22 17:19:14 | node_29 | INFO ] 📤 Sending model to 2 direct neighbors: ['node_28', 'node_30']
[ 2026-03-22 17:19:14 | node_21 | INFO ] 🎓 Training step done.
[ 2026-03-22 17:19:14 | node_1 | INFO ] 🛠️ Calling force_add_local_model...
[ 2026-03-22 17:19:14 | node_10 | INFO ] 🗣️ Gossiping aggregated model.
[ 2026-03-22 17:19:14 | node_21 | INFO ] 🛠️ Calling force_add_local_model...
[ 2026-03-22 17:19:14 | node_21 | INFO ] ✅ [FORCE] Local model added for round 137. (1/3)
[ 2026-03-22 17:19:14 | node_1 | INFO ] ✅ [FORCE] Local model added for round 137. (1/3)
[ 2026-03-22 17:19:14 | node_28 | INFO ] 🧩 Model added for round 137 (2/3) from ['node_29']
[ 2026-03-22 17:19:14 | node_23 | INFO ] 🎓 Training step done.
[ 2026-03-22 17:19:14 | node_12 | INFO ] 🧩 Model added for round 137 (3/3) from ['node_11']
[ 2026-03-22 17:19:14 | node_42 | INFO ] 🧩 Model added for round 138 (3/3) from ['node_43']
[ 2026-03-22 17:19:14 | node_23 | INFO ] 🛠️ Calling force_add_local_model...
[ 2026-03-22 17:19:14 | node_46 | INFO ] 🎓 Training step done.
[ 2026-03-22 17:19:14 | node_46 | INFO ] 🛠️ Calling force_add_local_model...
[ 2026-03-22 17:19:14 | node_23 | INFO ] ✅ [FORCE] Local model added for round 137. (1/3)
[ 2026-03-22 17:19:14 | node_14 | INFO ] 🧩 Model added for round 137 (3/3) from ['node_13']
[ 2026-03-22 17:19:14 | node_42 | INFO ] 🧠 Aggregation complete. Setting new model.
[ 2026-03-22 17:19:14 | node_46 | INFO ] ✅ [FORCE] Local model added for round 138. (1/3)
[ 2026-03-22 17:19:14 | node_42 | INFO ] 🗣️ Gossiping aggregated model.
[ 2026-03-22 17:19:14 | node_30 | INFO ] 🧩 Model added for round 137 (3/3) from ['node_29']
[ 2026-03-22 17:19:14 | node_9 | INFO ] 🤫 Gossip finished.
[ 2026-03-22 17:19:14 | node_28 | INFO ] 📤 Sending model to 2 direct neighbors: ['node_27', 'node_29']
[ 2026-03-22 17:19:15 | node_44 | INFO ] 🧩 Model added for round 138 (2/3) from ['node_43']
[ 2026-03-22 17:19:15 | node_9 | INFO ] 🔬 Evaluating...
[ 2026-03-22 17:19:15 | node_27 | INFO ] 🧩 Model added for round 137 (2/3) from ['node_28']
[ 2026-03-22 17:19:15 | node_35 | INFO ] 🎓 Training step done.
[ 2026-03-22 17:19:15 | node_35 | INFO ] 🛠️ Calling force_add_local_model...
[ 2026-03-22 17:19:15 | node_35 | INFO ] ✅ [FORCE] Local model added for round 138. (1/3)
[ 2026-03-22 17:19:15 | node_29 | INFO ] 🧩 Model added for round 137 (2/3) from ['node_28']
[ 2026-03-22 17:19:15 | node_38 | INFO ] 🎓 Training step done.
[ 2026-03-22 17:19:15 | node_38 | INFO ] 🛠️ Calling force_add_local_model...
[ 2026-03-22 17:19:15 | node_38 | INFO ] ✅ [FORCE] Local model added for round 138. (2/3)
[ 2026-03-22 17:19:15 | node_49 | INFO ] 🎓 Training step done.
[ 2026-03-22 17:19:15 | node_49 | INFO ] 🛠️ Calling force_add_local_model...
[ 2026-03-22 17:19:15 | node_49 | INFO ] ✅ [FORCE] Local model added for round 137. (2/3)
[ 2026-03-22 17:19:15 | node_8 | INFO ] 📈 Evaluated. Results: {'test_loss': 0.0014347214018926024, 'test_accuracy': 0.9955015778541565, 'test_precision': 0.5527665615081787, 'test_recall': 0.10146427154541016, 'test_f1': 0.16787724196910858, 'communication_cost': 1457816}
[ 2026-03-22 17:19:15 | node_8 | INFO ] 📢 Broadcasting metrics.
[ 2026-03-22 17:19:15 | node_5 | INFO ] 🎓 Training step done.
[ 2026-03-22 17:19:15 | node_5 | INFO ] 🛠️ Calling force_add_local_model...
[ 2026-03-22 17:19:15 | node_5 | INFO ] ✅ [FORCE] Local model added for round 137. (2/3)
[ 2026-03-22 17:19:15 | node_8 | INFO ] 🎉 Round 138 of 150 finished.
[ 2026-03-22 17:19:15 | node_8 | INFO ] 🗳️ [DETERMINISTIC] Train set assigned (No Voting). Size: 50
[ 2026-03-22 17:19:15 | node_8 | INFO ] 🏋️‍♀️ Preparing training...
[ 2026-03-22 17:19:15 | node_4 | INFO ] 🎓 Training step done.
[ 2026-03-22 17:19:15 | node_16 | INFO ] 📤 Sending model to 2 direct neighbors: ['node_15', 'node_17']
[ 2026-03-22 17:19:15 | node_4 | INFO ] 🛠️ Calling force_add_local_model...
[ 2026-03-22 17:19:15 | node_44 | INFO ] 📤 Sending model to 2 direct neighbors: ['node_43', 'node_45']
[ 2026-03-22 17:19:15 | node_3 | INFO ] 🎓 Training step done.
[ 2026-03-22 17:19:15 | node_3 | INFO ] 🛠️ Calling force_add_local_model...
[ 2026-03-22 17:19:15 | node_4 | INFO ] ✅ [FORCE] Local model added for round 137. (1/3)
[ 2026-03-22 17:19:15 | node_41 | INFO ] 🤫 Gossip finished.
[ 2026-03-22 17:19:15 | node_41 | INFO ] 🔬 Evaluating...
[ 2026-03-22 17:19:15 | node_9 | INFO ] 📈 Evaluated. Results: {'test_loss': 0.0012439264683052897, 'test_accuracy': 0.9966711401939392, 'test_precision': 0.46063879132270813, 'test_recall': 0.10630125552415848, 'test_f1': 0.17197182774543762, 'communication_cost': 1457816}
[ 2026-03-22 17:19:15 | node_3 | INFO ] ✅ [FORCE] Local model added for round 137. (1/3)
[ 2026-03-22 17:19:16 | node_9 | INFO ] 📢 Broadcasting metrics.
[ 2026-03-22 17:19:16 | node_15 | INFO ] 🧩 Model added for round 137 (2/3) from ['node_16']
[ 2026-03-22 17:19:16 | node_43 | INFO ] 🧩 Model added for round 138 (3/3) from ['node_44']
[ 2026-03-22 17:19:16 | node_9 | INFO ] 🎉 Round 138 of 150 finished.
[ 2026-03-22 17:19:16 | node_9 | INFO ] 🗳️ [DETERMINISTIC] Train set assigned (No Voting). Size: 50
[ 2026-03-22 17:19:16 | node_9 | INFO ] 🏋️‍♀️ Preparing training...
[ 2026-03-22 17:19:16 | node_17 | INFO ] 🧩 Model added for round 137 (2/3) from ['node_16']
[ 2026-03-22 17:19:16 | node_45 | INFO ] 🧩 Model added for round 138 (2/3) from ['node_44']
[ 2026-03-22 17:19:16 | node_43 | INFO ] 🧠 Aggregation complete. Setting new model.
[ 2026-03-22 17:19:16 | node_30 | INFO ] 📤 Sending model to 2 direct neighbors: ['node_29', 'node_31']
[ 2026-03-22 17:19:16 | node_43 | INFO ] 🗣️ Gossiping aggregated model.
[ 2026-03-22 17:19:16 | node_24 | INFO ] 📤 Sending model to 2 direct neighbors: ['node_23', 'node_25']
[ 2026-03-22 17:19:16 | node_25 | INFO ] 📤 Sending model to 2 direct neighbors: ['node_24', 'node_26']
[ 2026-03-22 17:19:16 | node_29 | INFO ] 🧩 Model added for round 137 (3/3) from ['node_30']
[ 2026-03-22 17:19:16 | node_18 | INFO ] 📤 Sending model to 2 direct neighbors: ['node_17', 'node_19']
[ 2026-03-22 17:19:16 | node_26 | INFO ] 📤 Sending model to 2 direct neighbors: ['node_25', 'node_27']
[ 2026-03-22 17:19:16 | node_41 | INFO ] 📈 Evaluated. Results: {'test_loss': 0.001238105003722012, 'test_accuracy': 0.9974806308746338, 'test_precision': 0.7370883822441101, 'test_recall': 0.1965569108724594, 'test_f1': 0.3071201741695404, 'communication_cost': 1457816}
[ 2026-03-22 17:19:17 | node_20 | INFO ] 📤 Sending model to 2 direct neighbors: ['node_19', 'node_21']
[ 2026-03-22 17:19:17 | node_23 | INFO ] 🧩 Model added for round 137 (2/3) from ['node_24']
[ 2026-03-22 17:19:17 | node_22 | INFO ] 📤 Sending model to 2 direct neighbors: ['node_21', 'node_23']
[ 2026-03-22 17:19:17 | node_41 | INFO ] 📢 Broadcasting metrics.
[ 2026-03-22 17:19:17 | node_24 | INFO ] 🧩 Model added for round 137 (2/3) from ['node_25']
[ 2026-03-22 17:19:17 | node_36 | INFO ] ⏹️  Gossiping exited for 10 equal rounds.
[ 2026-03-22 17:19:17 | node_36 | INFO ] 🔬 Evaluating...
[ 2026-03-22 17:19:17 | node_25 | INFO ] 🧩 Model added for round 137 (2/3) from ['node_26']
[ 2026-03-22 17:19:17 | node_31 | INFO ] 🧩 Model added for round 137 (2/3) from ['node_30']
[ 2026-03-22 17:19:17 | node_17 | INFO ] 🧩 Model added for round 137 (3/3) from ['node_18']
[ 2026-03-22 17:19:17 | node_21 | INFO ] 🧩 Model added for round 137 (2/3) from ['node_22']
[ 2026-03-22 17:19:17 | node_19 | INFO ] 🧩 Model added for round 137 (2/3) from ['node_20']
[ 2026-03-22 17:19:17 | node_29 | INFO ] 🧠 Aggregation complete. Setting new model.
[ 2026-03-22 17:19:17 | node_25 | INFO ] 🧩 Model added for round 137 (3/3) from ['node_24']
[ 2026-03-22 17:19:17 | node_12 | INFO ] 📤 Sending model to 2 direct neighbors: ['node_11', 'node_13']
[ 2026-03-22 17:19:17 | node_17 | INFO ] 📤 Sending model to 2 direct neighbors: ['node_16', 'node_18']
[ 2026-03-22 17:19:17 | node_14 | INFO ] 📤 Sending model to 2 direct neighbors: ['node_13', 'node_15']
[ 2026-03-22 17:19:17 | node_29 | INFO ] 🗣️ Gossiping aggregated model.
[ 2026-03-22 17:19:17 | node_41 | INFO ] 🎉 Round 139 of 150 finished.
[ 2026-03-22 17:19:17 | node_41 | INFO ] 🗳️ [DETERMINISTIC] Train set assigned (No Voting). Size: 50
[ 2026-03-22 17:19:17 | node_41 | INFO ] 🏋️‍♀️ Preparing training...
[ 2026-03-22 17:19:17 | node_47 | INFO ] ⏹️  Gossiping exited for 10 equal rounds.
[ 2026-03-22 17:19:17 | node_47 | INFO ] 🔬 Evaluating...
[ 2026-03-22 17:19:17 | node_26 | INFO ] 🧩 Model added for round 137 (2/3) from ['node_25']
[ 2026-03-22 17:19:17 | node_19 | INFO ] 🧩 Model added for round 137 (3/3) from ['node_18']
[ 2026-03-22 17:19:17 | node_21 | INFO ] 🧩 Model added for round 137 (3/3) from ['node_20']
[ 2026-03-22 17:19:17 | node_42 | INFO ] 🤫 Gossip finished.
[ 2026-03-22 17:19:17 | node_8 | INFO ] 🎓 Training step done.
[ 2026-03-22 17:19:17 | node_8 | INFO ] 🛠️ Calling force_add_local_model...
[ 2026-03-22 17:19:17 | node_42 | INFO ] 🔬 Evaluating...
[ 2026-03-22 17:19:18 | node_13 | INFO ] 🧩 Model added for round 137 (2/3) from ['node_14']
[ 2026-03-22 17:19:18 | node_23 | INFO ] 🧩 Model added for round 137 (3/3) from ['node_22']
[ 2026-03-22 17:19:18 | node_8 | INFO ] ✅ [FORCE] Local model added for round 138. (1/3)
[ 2026-03-22 17:19:18 | node_27 | INFO ] 🧩 Model added for round 137 (3/3) from ['node_26']
[ 2026-03-22 17:19:18 | node_16 | INFO ] 🧩 Model added for round 137 (3/3) from ['node_17']
[ 2026-03-22 17:19:18 | node_11 | INFO ] 🧩 Model added for round 137 (3/3) from ['node_12']
[ 2026-03-22 17:19:18 | node_30 | INFO ] 🧠 Aggregation complete. Setting new model.
[ 2026-03-22 17:19:18 | node_25 | INFO ] 🧠 Aggregation complete. Setting new model.
[ 2026-03-22 17:19:18 | node_34 | INFO ] ⏹️  Gossiping exited for 10 equal rounds.
[ 2026-03-22 17:19:18 | node_11 | INFO ] 🧠 Aggregation complete. Setting new model.
[ 2026-03-22 17:19:18 | node_16 | INFO ] 🧠 Aggregation complete. Setting new model.
[ 2026-03-22 17:19:18 | node_37 | INFO ] 📤 Sending model to 2 direct neighbors: ['node_36', 'node_38']
[ 2026-03-22 17:19:18 | node_34 | INFO ] 🔬 Evaluating...
[ 2026-03-22 17:19:18 | node_30 | INFO ] 🗣️ Gossiping aggregated model.
[ 2026-03-22 17:19:18 | node_25 | INFO ] 🗣️ Gossiping aggregated model.
[ 2026-03-22 17:19:18 | node_16 | INFO ] 🗣️ Gossiping aggregated model.
[ 2026-03-22 17:19:18 | node_11 | INFO ] 🗣️ Gossiping aggregated model.
[ 2026-03-22 17:19:18 | node_27 | INFO ] 📤 Sending model to 2 direct neighbors: ['node_26', 'node_28']
[ 2026-03-22 17:19:18 | node_32 | INFO ] 📤 Sending model to 2 direct neighbors: ['node_31', 'node_33']
[ 2026-03-22 17:19:18 | node_36 | INFO ] 📈 Evaluated. Results: {'test_loss': 0.0015398426912724972, 'test_accuracy': 0.9962210059165955, 'test_precision': 0.5835282802581787, 'test_recall': 0.14537020027637482, 'test_f1': 0.23119919002056122, 'communication_cost': 1457816}
[ 2026-03-22 17:19:18 | node_36 | INFO ] 📢 Broadcasting metrics.
[ 2026-03-22 17:19:18 | node_13 | INFO ] 🧩 Model added for round 137 (3/3) from ['node_12']
[ 2026-03-22 17:19:18 | node_19 | INFO ] 📤 Sending model to 2 direct neighbors: ['node_18', 'node_20']
[ 2026-03-22 17:19:18 | node_15 | INFO ] 🧩 Model added for round 137 (3/3) from ['node_14']
[ 2026-03-22 17:19:18 | node_18 | INFO ] 🧩 Model added for round 137 (2/3) from ['node_17']
[ 2026-03-22 17:19:18 | node_26 | INFO ] 🧩 Model added for round 137 (3/3) from ['node_27']
[ 2026-03-22 17:19:18 | node_10 | INFO ] 🤫 Gossip finished.
[ 2026-03-22 17:19:18 | node_40 | INFO ] ⏹️  Gossiping exited for 10 equal rounds.
[ 2026-03-22 17:19:19 | node_45 | INFO ] 📤 Sending model to 2 direct neighbors: ['node_44', 'node_46']
[ 2026-03-22 17:19:19 | node_31 | INFO ] 🧩 Model added for round 137 (3/3) from ['node_32']
[ 2026-03-22 17:19:19 | node_9 | INFO ] 🎓 Training step done.
[ 2026-03-22 17:19:19 | node_13 | INFO ] 🧠 Aggregation complete. Setting new model.
[ 2026-03-22 17:19:19 | node_15 | INFO ] 🧠 Aggregation complete. Setting new model.
[ 2026-03-22 17:19:19 | node_26 | INFO ] 🧠 Aggregation complete. Setting new model.
[ 2026-03-22 17:19:19 | node_9 | INFO ] 🛠️ Calling force_add_local_model...
[ 2026-03-22 17:19:19 | node_10 | INFO ] 🔬 Evaluating...
[ 2026-03-22 17:19:19 | node_40 | INFO ] 🔬 Evaluating...
[ 2026-03-22 17:19:19 | node_26 | INFO ] 🗣️ Gossiping aggregated model.
[ 2026-03-22 17:19:19 | node_9 | INFO ] ✅ [FORCE] Local model added for round 138. (1/3)
[ 2026-03-22 17:19:19 | node_42 | INFO ] 📈 Evaluated. Results: {'test_loss': 0.0013841522159054875, 'test_accuracy': 0.9969407916069031, 'test_precision': 0.8157278895378113, 'test_recall': 0.2318151742219925, 'test_f1': 0.3428434133529663, 'communication_cost': 1457816}
[ 2026-03-22 17:19:19 | node_15 | INFO ] 🗣️ Gossiping aggregated model.
[ 2026-03-22 17:19:19 | node_13 | INFO ] 🗣️ Gossiping aggregated model.
[ 2026-03-22 17:19:19 | node_47 | INFO ] 📈 Evaluated. Results: {'test_loss': 0.0009112295228987932, 'test_accuracy': 0.9979305267333984, 'test_precision': 0.49139225482940674, 'test_recall': 0.21717782318592072, 'test_f1': 0.30041933059692383, 'communication_cost': 1457816}
[ 2026-03-22 17:19:19 | node_47 | INFO ] 📢 Broadcasting metrics.
[ 2026-03-22 17:19:19 | node_36 | INFO ] 🎉 Round 138 of 150 finished.
[ 2026-03-22 17:19:19 | node_42 | INFO ] 📢 Broadcasting metrics.
[ 2026-03-22 17:19:19 | node_36 | INFO ] 🗳️ [DETERMINISTIC] Train set assigned (No Voting). Size: 50
[ 2026-03-22 17:19:19 | node_36 | INFO ] ♻️ Proactively processing 1 early models for round 138.
[ 2026-03-22 17:19:19 | node_36 | INFO ] 🧩 Model added for round 138 (1/3) from ['node_37']
[ 2026-03-22 17:19:19 | node_36 | INFO ] 🏋️‍♀️ Preparing training...
[ 2026-03-22 17:19:19 | node_34 | INFO ] 📈 Evaluated. Results: {'test_loss': 0.0011469313176348805, 'test_accuracy': 0.9973906874656677, 'test_precision': 0.5528162717819214, 'test_recall': 0.1883220225572586, 'test_f1': 0.2791782319545746, 'communication_cost': 1457816}
[ 2026-03-22 17:19:19 | node_21 | INFO ] 📤 Sending model to 2 direct neighbors: ['node_20', 'node_22']
[ 2026-03-22 17:19:19 | node_18 | INFO ] 🧩 Model added for round 137 (3/3) from ['node_19']
[ 2026-03-22 17:19:19 | node_34 | INFO ] 📢 Broadcasting metrics.
[ 2026-03-22 17:19:19 | node_38 | INFO ] 🧩 Model added for round 138 (3/3) from ['node_37']
[ 2026-03-22 17:19:19 | node_44 | INFO ] 🧩 Model added for round 138 (3/3) from ['node_45']
[ 2026-03-22 17:19:19 | node_33 | INFO ] 🧩 Model added for round 137 (3/3) from ['node_32']
[ 2026-03-22 17:19:19 | node_1 | INFO ] 📤 Sending model to 2 direct neighbors: ['node', 'node_2']
[ 2026-03-22 17:19:19 | node_28 | INFO ] 🧩 Model added for round 137 (3/3) from ['node_27']
[ 2026-03-22 17:19:19 | node_23 | INFO ] 📤 Sending model to 2 direct neighbors: ['node_22', 'node_24']
[ 2026-03-22 17:19:20 | node_46 | INFO ] 📤 Sending model to 2 direct neighbors: ['node_45', 'node_47']
[ 2026-03-22 17:19:20 | node_20 | INFO ] 🧩 Model added for round 137 (2/3) from ['node_21']
[ 2026-03-22 17:19:20 | node_18 | INFO ] 🧠 Aggregation complete. Setting new model.
[ 2026-03-22 17:19:20 | node_14 | INFO ] 🧠 Aggregation complete. Setting new model.
[ 2026-03-22 17:19:20 | node_12 | INFO ] 🧠 Aggregation complete. Setting new model.
[ 2026-03-22 17:19:20 | node_17 | INFO ] 🧠 Aggregation complete. Setting new model.
[ 2026-03-22 17:19:20 | node_31 | INFO ] 🧠 Aggregation complete. Setting new model.
[ 2026-03-22 17:19:20 | node_33 | INFO ] 🧠 Aggregation complete. Setting new model.
[ 2026-03-22 17:19:20 | node_44 | INFO ] 🧠 Aggregation complete. Setting new model.
[ 2026-03-22 17:19:20 | node_28 | INFO ] 🧠 Aggregation complete. Setting new model.
[ 2026-03-22 17:19:20 | node_47 | INFO ] 🎉 Round 138 of 150 finished.
[ 2026-03-22 17:19:20 | node_20 | INFO ] 🧩 Model added for round 137 (3/3) from ['node_19']
[ 2026-03-22 17:19:20 | node_42 | INFO ] 🎉 Round 139 of 150 finished.
[ 2026-03-22 17:19:20 | node_42 | INFO ] 🗳️ [DETERMINISTIC] Train set assigned (No Voting). Size: 50
[ 2026-03-22 17:19:20 | node_47 | INFO ] 🗳️ [DETERMINISTIC] Train set assigned (No Voting). Size: 50
[ 2026-03-22 17:19:20 | node_47 | INFO ] 🏋️‍♀️ Preparing training...
[ 2026-03-22 17:19:20 | node_42 | INFO ] 🏋️‍♀️ Preparing training...
[ 2026-03-22 17:19:20 | node_12 | INFO ] 🗣️ Gossiping aggregated model.
[ 2026-03-22 17:19:20 | node_35 | INFO ] 📤 Sending model to 2 direct neighbors: ['node_34', 'node_36']
[ 2026-03-22 17:19:20 | node_18 | INFO ] 🗣️ Gossiping aggregated model.
[ 2026-03-22 17:19:20 | node_34 | INFO ] 🎉 Round 138 of 150 finished.
[ 2026-03-22 17:19:20 | node_44 | INFO ] 🗣️ Gossiping aggregated model.
[ 2026-03-22 17:19:20 | node_31 | INFO ] 🗣️ Gossiping aggregated model.
[ 2026-03-22 17:19:20 | node_12 | INFO ] 🤫 Gossip finished.
[ 2026-03-22 17:19:20 | node_12 | INFO ] 🔬 Evaluating...
[ 2026-03-22 17:19:20 | node_14 | INFO ] 🗣️ Gossiping aggregated model.
[ 2026-03-22 17:19:20 | node_34 | INFO ] 🗳️ [DETERMINISTIC] Train set assigned (No Voting). Size: 50
[ 2026-03-22 17:19:20 | node_40 | INFO ] 📈 Evaluated. Results: {'test_loss': 0.001375030493363738, 'test_accuracy': 0.9965808987617493, 'test_precision': 0.692879855632782, 'test_recall': 0.24683482944965363, 'test_f1': 0.34336963295936584, 'communication_cost': 1457816}
[ 2026-03-22 17:19:20 | node_14 | INFO ] 🤫 Gossip finished.
[ 2026-03-22 17:19:20 | node_33 | INFO ] 🗣️ Gossiping aggregated model.
[ 2026-03-22 17:19:20 | node_38 | INFO ] 📤 Sending model to 2 direct neighbors: ['node_37', 'node_39']
[ 2026-03-22 17:19:20 | node_40 | INFO ] 📢 Broadcasting metrics.
[ 2026-03-22 17:19:20 | node_17 | INFO ] 🗣️ Gossiping aggregated model.
[ 2026-03-22 17:19:20 | node_45 | INFO ] 🧩 Model added for round 138 (3/3) from ['node_46']
[ 2026-03-22 17:19:20 | node_22 | INFO ] 🧩 Model added for round 137 (2/3) from ['node_23']
[ 2026-03-22 17:19:20 | node_14 | INFO ] 🔬 Evaluating...
[ 2026-03-22 17:19:20 | node_49 | INFO ] 📤 Sending model to 2 direct neighbors: ['node', 'node_48']
[ 2026-03-22 17:19:20 | node_46 | INFO ] 🧩 Model added for round 138 (2/3) from ['node_45']
[ 2026-03-22 17:19:20 | node_41 | INFO ] 🎓 Training step done.
[ 2026-03-22 17:19:20 | node_27 | INFO ] 🧠 Aggregation complete. Setting new model.
[ 2026-03-22 17:19:20 | node_5 | INFO ] 📤 Sending model to 2 direct neighbors: ['node_4', 'node_6']
[ 2026-03-22 17:19:20 | node_19 | INFO ] 🧠 Aggregation complete. Setting new model.
[ 2026-03-22 17:19:20 | node_20 | INFO ] 🧠 Aggregation complete. Setting new model.
[ 2026-03-22 17:19:20 | node_32 | INFO ] 🧠 Aggregation complete. Setting new model.
[ 2026-03-22 17:19:20 | node_28 | INFO ] 🗣️ Gossiping aggregated model.
[ 2026-03-22 17:19:20 | node_17 | INFO ] 🤫 Gossip finished.
[ 2026-03-22 17:19:20 | node_2 | INFO ] ⏹️  Gossiping exited for 10 equal rounds.
[ 2026-03-22 17:19:20 | node_41 | INFO ] 🛠️ Calling force_add_local_model...
[ 2026-03-22 17:19:20 | node | INFO ] ⏹️  Gossiping exited for 10 equal rounds.
[ 2026-03-22 17:19:20 | node_34 | INFO ] 🏋️‍♀️ Preparing training...
[ 2026-03-22 17:19:20 | node_22 | INFO ] 🧩 Model added for round 137 (3/3) from ['node_21']
[ 2026-03-22 17:19:20 | node_2 | INFO ] 🔬 Evaluating...
[ 2026-03-22 17:19:20 | node_17 | INFO ] 🔬 Evaluating...
[ 2026-03-22 17:19:20 | node_30 | INFO ] 🤫 Gossip finished.
[ 2026-03-22 17:19:20 | node_30 | INFO ] 🔬 Evaluating...
[ 2026-03-22 17:19:20 | node_11 | INFO ] 🤫 Gossip finished.
[ 2026-03-22 17:19:20 | node_29 | INFO ] 🤫 Gossip finished.
[ 2026-03-22 17:19:20 | node_10 | INFO ] 📈 Evaluated. Results: {'test_loss': 0.0013256603851914406, 'test_accuracy': 0.997031033039093, 'test_precision': 0.5527665615081787, 'test_recall': 0.10850602388381958, 'test_f1': 0.18106494843959808, 'communication_cost': 1457816}
[ 2026-03-22 17:19:20 | node_20 | INFO ] 🗣️ Gossiping aggregated model.
[ 2026-03-22 17:19:20 | node_29 | INFO ] 🔬 Evaluating...
[ 2026-03-22 17:19:20 | node_27 | INFO ] 🗣️ Gossiping aggregated model.
[ 2026-03-22 17:19:20 | node_11 | INFO ] 🔬 Evaluating...
[ 2026-03-22 17:19:20 | node_4 | INFO ] 📤 Sending model to 2 direct neighbors: ['node_3', 'node_5']
[ 2026-03-22 17:19:20 | node_32 | INFO ] 🗣️ Gossiping aggregated model.
[ 2026-03-22 17:19:20 | node | INFO ] 🔬 Evaluating...
[ 2026-03-22 17:19:20 | node_32 | INFO ] 🤫 Gossip finished.
[ 2026-03-22 17:19:20 | node_19 | INFO ] 🗣️ Gossiping aggregated model.
[ 2026-03-22 17:19:20 | node_27 | INFO ] 🤫 Gossip finished.
[ 2026-03-22 17:19:20 | node_19 | INFO ] 🤫 Gossip finished.
[ 2026-03-22 17:19:20 | node_10 | INFO ] 📢 Broadcasting metrics.
[ 2026-03-22 17:19:20 | node_27 | INFO ] 🔬 Evaluating...
[ 2026-03-22 17:19:20 | node_41 | INFO ] ✅ [FORCE] Local model added for round 139. (1/3)
[ 2026-03-22 17:19:20 | node_32 | INFO ] 🔬 Evaluating...
[ 2026-03-22 17:19:21 | node_19 | INFO ] 🔬 Evaluating...
[ 2026-03-22 17:19:21 | node_3 | INFO ] 📤 Sending model to 2 direct neighbors: ['node_2', 'node_4']
[ 2026-03-22 17:19:21 | node_15 | INFO ] 🤫 Gossip finished.
[ 2026-03-22 17:19:21 | node_15 | INFO ] 🔬 Evaluating...
[ 2026-03-22 17:19:21 | node_37 | INFO ] 🧩 Model added for round 138 (2/3) from ['node_38']
[ 2026-03-22 17:19:21 | node_40 | INFO ] 🎉 Round 139 of 150 finished.
[ 2026-03-22 17:19:21 | node_40 | INFO ] 🗳️ [DETERMINISTIC] Train set assigned (No Voting). Size: 50
[ 2026-03-22 17:19:21 | node_34 | INFO ] 🧩 Model added for round 138 (1/3) from ['node_35']
[ 2026-03-22 17:19:21 | node_26 | INFO ] 🤫 Gossip finished.
[ 2026-03-22 17:19:21 | node_47 | INFO ] 🧩 Model added for round 138 (1/3) from ['node_46']
[ 2026-03-22 17:19:21 | node_26 | INFO ] 🔬 Evaluating...
[ 2026-03-22 17:19:21 | node_40 | INFO ] 🏋️‍♀️ Preparing training...
[ 2026-03-22 17:19:21 | node_4 | INFO ] 🧩 Model added for round 137 (2/3) from ['node_5']
[ 2026-03-22 17:19:21 | node_24 | INFO ] 🧩 Model added for round 137 (3/3) from ['node_23']
[ 2026-03-22 17:19:21 | node_3 | INFO ] 🧩 Model added for round 137 (2/3) from ['node_4']
[ 2026-03-22 17:19:21 | node_22 | INFO ] 🧠 Aggregation complete. Setting new model.
[ 2026-03-22 17:19:21 | node_45 | INFO ] 🧠 Aggregation complete. Setting new model.
[ 2026-03-22 17:19:21 | node_21 | INFO ] 🧠 Aggregation complete. Setting new model.
[ 2026-03-22 17:19:21 | node_43 | INFO ] 🤫 Gossip finished.
[ 2026-03-22 17:19:21 | node_24 | INFO ] 🧠 Aggregation complete. Setting new model.
[ 2026-03-22 17:19:21 | node_48 | INFO ] 🧩 Model added for round 137 (3/3) from ['node_49']
[ 2026-03-22 17:19:21 | node_43 | INFO ] 🔬 Evaluating...
[ 2026-03-22 17:19:21 | node_48 | INFO ] 🧠 Aggregation complete. Setting new model.
[ 2026-03-22 17:19:21 | node_4 | INFO ] 🧩 Model added for round 137 (3/3) from ['node_3']
[ 2026-03-22 17:19:21 | node_10 | INFO ] 🎉 Round 138 of 150 finished.
[ 2026-03-22 17:19:21 | node_45 | INFO ] 🗣️ Gossiping aggregated model.
[ 2026-03-22 17:19:21 | node_39 | INFO ] 🧩 Model added for round 138 (3/3) from ['node_38']
[ 2026-03-22 17:19:22 | node_10 | INFO ] 🗳️ [DETERMINISTIC] Train set assigned (No Voting). Size: 50
[ 2026-03-22 17:19:22 | node_22 | INFO ] 🗣️ Gossiping aggregated model.
[ 2026-03-22 17:19:22 | node_21 | INFO ] 🗣️ Gossiping aggregated model.
[ 2026-03-22 17:19:22 | node_23 | INFO ] 🧠 Aggregation complete. Setting new model.
[ 2026-03-22 17:19:22 | node_21 | INFO ] 🤫 Gossip finished.
[ 2026-03-22 17:19:22 | node_13 | INFO ] 🤫 Gossip finished.
[ 2026-03-22 17:19:22 | node_36 | INFO ] 🧩 Model added for round 138 (2/3) from ['node_35']
[ 2026-03-22 17:19:22 | node_39 | INFO ] 🧠 Aggregation complete. Setting new model.
[ 2026-03-22 17:19:22 | node_24 | INFO ] 🗣️ Gossiping aggregated model.
[ 2026-03-22 17:19:22 | node_10 | INFO ] 🏋️‍♀️ Preparing training...
[ 2026-03-22 17:19:22 | node_48 | INFO ] 🗣️ Gossiping aggregated model.
[ 2026-03-22 17:19:22 | node_21 | INFO ] 🔬 Evaluating...
[ 2026-03-22 17:19:22 | node_13 | INFO ] 🔬 Evaluating...
[ 2026-03-22 17:19:22 | node_6 | INFO ] 🧩 Model added for round 137 (3/3) from ['node_5']
[ 2026-03-22 17:19:22 | node_5 | INFO ] 🧩 Model added for round 137 (3/3) from ['node_4']
[ 2026-03-22 17:19:22 | node_23 | INFO ] 🗣️ Gossiping aggregated model.
[ 2026-03-22 17:19:22 | node_39 | INFO ] 🗣️ Gossiping aggregated model.
[ 2026-03-22 17:19:22 | node_23 | INFO ] 🤫 Gossip finished.
[ 2026-03-22 17:19:22 | node_28 | INFO ] 🤫 Gossip finished.
[ 2026-03-22 17:19:22 | node_23 | INFO ] 🔬 Evaluating...
[ 2026-03-22 17:19:22 | node_28 | INFO ] 🔬 Evaluating...
[ 2026-03-22 17:19:22 | node_33 | INFO ] 🤫 Gossip finished.
[ 2026-03-22 17:19:22 | node_5 | INFO ] 🧠 Aggregation complete. Setting new model.
[ 2026-03-22 17:19:22 | node_38 | INFO ] 🧠 Aggregation complete. Setting new model.
[ 2026-03-22 17:19:22 | node_6 | INFO ] 🧠 Aggregation complete. Setting new model.
[ 2026-03-22 17:19:22 | node_4 | INFO ] 🧠 Aggregation complete. Setting new model.
[ 2026-03-22 17:19:22 | node_33 | INFO ] 🔬 Evaluating...
[ 2026-03-22 17:19:22 | node_6 | INFO ] 🗣️ Gossiping aggregated model.
[ 2026-03-22 17:19:22 | node_4 | INFO ] 🗣️ Gossiping aggregated model.
[ 2026-03-22 17:19:22 | node_5 | INFO ] 🗣️ Gossiping aggregated model.
[ 2026-03-22 17:19:22 | node_38 | INFO ] 🗣️ Gossiping aggregated model.
[ 2026-03-22 17:19:22 | node_5 | INFO ] 🤫 Gossip finished.
[ 2026-03-22 17:19:22 | node_5 | INFO ] 🔬 Evaluating...
[ 2026-03-22 17:19:22 | node_16 | INFO ] 🤫 Gossip finished.
[ 2026-03-22 17:19:22 | node_16 | INFO ] 🔬 Evaluating...
[ 2026-03-22 17:19:22 | node_12 | INFO ] 📈 Evaluated. Results: {'test_loss': 0.0011941359844058752, 'test_accuracy': 0.996941089630127, 'test_precision': 0.7001709342002869, 'test_recall': 0.18681462109088898, 'test_f1': 0.286783903837204, 'communication_cost': 1457816}
[ 2026-03-22 17:19:23 | node_12 | INFO ] 📢 Broadcasting metrics.
[ 2026-03-22 17:19:23 | node_8 | INFO ] 📤 Sending model to 2 direct neighbors: ['node_7', 'node_9']
[ 2026-03-22 17:19:23 | node_20 | INFO ] 🤫 Gossip finished.
[ 2026-03-22 17:19:23 | node_20 | INFO ] 🔬 Evaluating...
[ 2026-03-22 17:19:23 | node_9 | INFO ] 🧩 Model added for round 138 (2/3) from ['node_8']
[ 2026-03-22 17:19:23 | node_12 | INFO ] 🎉 Round 138 of 150 finished.
[ 2026-03-22 17:19:23 | node_25 | INFO ] 🤫 Gossip finished.
[ 2026-03-22 17:19:23 | node_12 | INFO ] 🗳️ [DETERMINISTIC] Train set assigned (No Voting). Size: 50
[ 2026-03-22 17:19:23 | node_25 | INFO ] 🔬 Evaluating...
[ 2026-03-22 17:19:23 | node_12 | INFO ] 🏋️‍♀️ Preparing training...
[ 2026-03-22 17:19:23 | node_7 | INFO ] 🤫 Gossip finished.
[ 2026-03-22 17:19:23 | node_31 | INFO ] 🤫 Gossip finished.
[ 2026-03-22 17:19:23 | node_24 | INFO ] 🤫 Gossip finished.
[ 2026-03-22 17:19:23 | node_7 | INFO ] 🔬 Evaluating...
[ 2026-03-22 17:19:23 | node_31 | INFO ] 🔬 Evaluating...
[ 2026-03-22 17:19:23 | node_24 | INFO ] 🔬 Evaluating...
[ 2026-03-22 17:19:23 | node_18 | INFO ] 🤫 Gossip finished.
[ 2026-03-22 17:19:23 | node_18 | INFO ] 🔬 Evaluating...
[ 2026-03-22 17:19:23 | node_44 | INFO ] 🤫 Gossip finished.
[ 2026-03-22 17:19:23 | node_2 | INFO ] 📈 Evaluated. Results: {'test_loss': 0.001249077613465488, 'test_accuracy': 0.9968510866165161, 'test_precision': 0.46502578258514404, 'test_recall': 0.2063031792640686, 'test_f1': 0.26870596408843994, 'communication_cost': 1457816}
[ 2026-03-22 17:19:23 | node_44 | INFO ] 🔬 Evaluating...
[ 2026-03-22 17:19:23 | node_2 | INFO ] 📢 Broadcasting metrics.
[ 2026-03-22 17:19:24 | node_22 | INFO ] 🤫 Gossip finished.
[ 2026-03-22 17:19:24 | node_22 | INFO ] 🔬 Evaluating...
[ 2026-03-22 17:19:24 | node_39 | INFO ] 🤫 Gossip finished.
[ 2026-03-22 17:19:24 | node_9 | INFO ] 📤 Sending model to 2 direct neighbors: ['node_8', 'node_10']
[ 2026-03-22 17:19:24 | node_39 | INFO ] 🔬 Evaluating...
[ 2026-03-22 17:19:24 | node_8 | INFO ] 🧩 Model added for round 138 (2/3) from ['node_9']
[ 2026-03-22 17:19:24 | node_14 | INFO ] 📈 Evaluated. Results: {'test_loss': 0.0013019237667322159, 'test_accuracy': 0.99676114320755, 'test_precision': 0.9212775826454163, 'test_recall': 0.18470752239227295, 'test_f1': 0.2975423038005829, 'communication_cost': 1457816}
[ 2026-03-22 17:19:24 | node | INFO ] 📈 Evaluated. Results: {'test_loss': 0.0013867015950381756, 'test_accuracy': 0.9965811967849731, 'test_precision': 0.8464537858963013, 'test_recall': 0.2499065399169922, 'test_f1': 0.38029834628105164, 'communication_cost': 1457816}
[ 2026-03-22 17:19:24 | node_14 | INFO ] 📢 Broadcasting metrics.
[ 2026-03-22 17:19:24 | node | INFO ] 📢 Broadcasting metrics.
[ 2026-03-22 17:19:24 | node_2 | INFO ] 🎉 Round 137 of 150 finished.
[ 2026-03-22 17:19:24 | node_2 | INFO ] 🗳️ [DETERMINISTIC] Train set assigned (No Voting). Size: 50
[ 2026-03-22 17:19:25 | node_26 | INFO ] 📈 Evaluated. Results: {'test_loss': 0.0011340223718434572, 'test_accuracy': 0.9973906874656677, 'test_precision': 0.8157278895378113, 'test_recall': 0.3274068832397461, 'test_f1': 0.44799375534057617, 'communication_cost': 1457816}
[ 2026-03-22 17:19:25 | node_26 | INFO ] 📢 Broadcasting metrics.
[ 2026-03-22 17:19:25 | node_10 | INFO ] 🧩 Model added for round 138 (1/3) from ['node_9']
[ 2026-03-22 17:19:25 | node_2 | INFO ] ♻️ Proactively processing 2 early models for round 137.
[ 2026-03-22 17:19:25 | node_2 | INFO ] 🧩 Model added for round 137 (1/3) from ['node_1']
[ 2026-03-22 17:19:25 | node_30 | INFO ] 📈 Evaluated. Results: {'test_loss': 0.0011598655255511403, 'test_accuracy': 0.9972107410430908, 'test_precision': 0.8292244076728821, 'test_recall': 0.3062426447868347, 'test_f1': 0.4459323287010193, 'communication_cost': 1457816}
[ 2026-03-22 17:19:25 | node_2 | INFO ] 🧩 Model added for round 137 (2/3) from ['node_3']
[ 2026-03-22 17:19:25 | node_30 | INFO ] 📢 Broadcasting metrics.
[ 2026-03-22 17:19:25 | node_2 | INFO ] 🏋️‍♀️ Preparing training...
[ 2026-03-22 17:19:25 | node_29 | INFO ] 📈 Evaluated. Results: {'test_loss': 0.0013006379595026374, 'test_accuracy': 0.9964009523391724, 'test_precision': 0.79851233959198, 'test_recall': 0.3126159906387329, 'test_f1': 0.4217783510684967, 'communication_cost': 1457816}
[ 2026-03-22 17:19:25 | node_29 | INFO ] 📢 Broadcasting metrics.
[ 2026-03-22 17:19:25 | node_14 | INFO ] 🎉 Round 138 of 150 finished.
[ 2026-03-22 17:19:25 | node_36 | INFO ] 🎓 Training step done.
[ 2026-03-22 17:19:25 | node | INFO ] 🎉 Round 137 of 150 finished.
[ 2026-03-22 17:19:25 | node_36 | INFO ] 🛠️ Calling force_add_local_model...
[ 2026-03-22 17:19:25 | node_14 | INFO ] 🗳️ [DETERMINISTIC] Train set assigned (No Voting). Size: 50
[ 2026-03-22 17:19:25 | node | INFO ] 🗳️ [DETERMINISTIC] Train set assigned (No Voting). Size: 50
[ 2026-03-22 17:19:25 | node_36 | INFO ] ✅ [FORCE] Local model added for round 138. (3/3)
[ 2026-03-22 17:19:25 | node_43 | INFO ] 📈 Evaluated. Results: {'test_loss': 0.0014594534877687693, 'test_accuracy': 0.9964009523391724, 'test_precision': 0.7370883822441101, 'test_recall': 0.10997826606035233, 'test_f1': 0.19041448831558228, 'communication_cost': 1457816}
[ 2026-03-22 17:19:25 | node_43 | INFO ] 📢 Broadcasting metrics.
[ 2026-03-22 17:19:26 | node_17 | INFO ] 📈 Evaluated. Results: {'test_loss': 0.00141158199403435, 'test_accuracy': 0.9966711401939392, 'test_precision': 0.6314889788627625, 'test_recall': 0.1523660570383072, 'test_f1': 0.22321616113185883, 'communication_cost': 1457816}
[ 2026-03-22 17:19:26 | node_23 | INFO ] 📈 Evaluated. Results: {'test_loss': 0.0013597928918898106, 'test_accuracy': 0.9965808987617493, 'test_precision': 0.8157278895378113, 'test_recall': 0.22660906612873077, 'test_f1': 0.3442707061767578, 'communication_cost': 1457816}
[ 2026-03-22 17:19:26 | node_14 | INFO ] 🏋️‍♀️ Preparing training...
[ 2026-03-22 17:19:26 | node_26 | INFO ] 🎉 Round 138 of 150 finished.
[ 2026-03-22 17:19:26 | node | INFO ] ♻️ Proactively processing 2 early models for round 137.
[ 2026-03-22 17:19:26 | node_41 | INFO ] 📤 Sending model to 2 direct neighbors: ['node_40', 'node_42']
[ 2026-03-22 17:19:26 | node_17 | INFO ] 📢 Broadcasting metrics.
[ 2026-03-22 17:19:26 | node_23 | INFO ] 📢 Broadcasting metrics.
[ 2026-03-22 17:19:26 | node | INFO ] 🧩 Model added for round 137 (1/3) from ['node_1']
[ 2026-03-22 17:19:26 | node_11 | INFO ] 📈 Evaluated. Results: {'test_loss': 0.0012522002216428518, 'test_accuracy': 0.9966711401939392, 'test_precision': 0.6141850352287292, 'test_recall': 0.1351207196712494, 'test_f1': 0.2186768800020218, 'communication_cost': 1457816}
[ 2026-03-22 17:19:26 | node_27 | INFO ] 📈 Evaluated. Results: {'test_loss': 0.0013352244859561324, 'test_accuracy': 0.9967608451843262, 'test_precision': 0.8157278895378113, 'test_recall': 0.17282380163669586, 'test_f1': 0.2712863087654114, 'communication_cost': 1457816}
[ 2026-03-22 17:19:26 | node_26 | INFO ] 🗳️ [DETERMINISTIC] Train set assigned (No Voting). Size: 50
[ 2026-03-22 17:19:26 | node | INFO ] 🧩 Model added for round 137 (2/3) from ['node_49']
[ 2026-03-22 17:19:26 | node_11 | INFO ] 📢 Broadcasting metrics.
[ 2026-03-22 17:19:26 | node_30 | INFO ] 🎉 Round 138 of 150 finished.
[ 2026-03-22 17:19:26 | node_27 | INFO ] 📢 Broadcasting metrics.
[ 2026-03-22 17:19:26 | node | INFO ] 🏋️‍♀️ Preparing training...
[ 2026-03-22 17:19:26 | node_40 | INFO ] 🧩 Model added for round 139 (1/3) from ['node_41']
[ 2026-03-22 17:19:26 | node_30 | INFO ] 🗳️ [DETERMINISTIC] Train set assigned (No Voting). Size: 50
[ 2026-03-22 17:19:26 | node_15 | INFO ] 📈 Evaluated. Results: {'test_loss': 0.0012883617309853435, 'test_accuracy': 0.996941089630127, 'test_precision': 0.7420422434806824, 'test_recall': 0.20983828604221344, 'test_f1': 0.303539514541626, 'communication_cost': 1457816}
[ 2026-03-22 17:19:26 | node_26 | INFO ] 🏋️‍♀️ Preparing training...
[ 2026-03-22 17:19:26 | node_13 | INFO ] 📈 Evaluated. Results: {'test_loss': 0.0011359525378793478, 'test_accuracy': 0.9972109794616699, 'test_precision': 0.8157444596290588, 'test_recall': 0.3037208318710327, 'test_f1': 0.4216090440750122, 'communication_cost': 1457816}
[ 2026-03-22 17:19:26 | node_15 | INFO ] 📢 Broadcasting metrics.
[ 2026-03-22 17:19:26 | node_13 | INFO ] 📢 Broadcasting metrics.
[ 2026-03-22 17:19:26 | node_30 | INFO ] 🏋️‍♀️ Preparing training...
[ 2026-03-22 17:19:26 | node_16 | INFO ] 📈 Evaluated. Results: {'test_loss': 0.001124676433391869, 'test_accuracy': 0.9968510866165161, 'test_precision': 0.6756035685539246, 'test_recall': 0.166707381606102, 'test_f1': 0.2608824074268341, 'communication_cost': 1457816}
[ 2026-03-22 17:19:26 | node_16 | INFO ] 📢 Broadcasting metrics.
[ 2026-03-22 17:19:26 | node_29 | INFO ] 🎉 Round 138 of 150 finished.
[ 2026-03-22 17:19:26 | node_42 | INFO ] 🎓 Training step done.
[ 2026-03-22 17:19:26 | node_29 | INFO ] 🗳️ [DETERMINISTIC] Train set assigned (No Voting). Size: 50
[ 2026-03-22 17:19:26 | node_33 | INFO ] 📈 Evaluated. Results: {'test_loss': 0.0016956194303929806, 'test_accuracy': 0.9961310029029846, 'test_precision': 0.460680216550827, 'test_recall': 0.0742207020521164, 'test_f1': 0.1263580024242401, 'communication_cost': 1457816}
[ 2026-03-22 17:19:26 | node_19 | INFO ] 📈 Evaluated. Results: {'test_loss': 0.0011608967324718833, 'test_accuracy': 0.99712073802948, 'test_precision': 0.7543039321899414, 'test_recall': 0.2795756459236145, 'test_f1': 0.40223291516304016, 'communication_cost': 1457816}
[ 2026-03-22 17:19:26 | node_5 | INFO ] 📈 Evaluated. Results: {'test_loss': 0.0015027220360934734, 'test_accuracy': 0.9964912533760071, 'test_precision': 0.6448943018913269, 'test_recall': 0.16012682020664215, 'test_f1': 0.2518158555030823, 'communication_cost': 1457816}
[ 2026-03-22 17:19:26 | node_42 | INFO ] 🛠️ Calling force_add_local_model...
[ 2026-03-22 17:19:26 | node_28 | INFO ] 📈 Evaluated. Results: {'test_loss': 0.001018696348182857, 'test_accuracy': 0.9969407916069031, 'test_precision': 0.7831563949584961, 'test_recall': 0.3354390263557434, 'test_f1': 0.4607432186603546, 'communication_cost': 1457816}
[ 2026-03-22 17:19:26 | node_33 | INFO ] 📢 Broadcasting metrics.
[ 2026-03-22 17:19:26 | node_5 | INFO ] 📢 Broadcasting metrics.
[ 2026-03-22 17:19:26 | node_19 | INFO ] 📢 Broadcasting metrics.
[ 2026-03-22 17:19:26 | node_42 | INFO ] ✅ [FORCE] Local model added for round 139. (1/3)
[ 2026-03-22 17:19:26 | node_28 | INFO ] 📢 Broadcasting metrics.
[ 2026-03-22 17:19:26 | node_29 | INFO ] 🏋️‍♀️ Preparing training...
[ 2026-03-22 17:19:26 | node_42 | INFO ] 🧩 Model added for round 139 (2/3) from ['node_41']
[ 2026-03-22 17:19:26 | node_32 | INFO ] 📈 Evaluated. Results: {'test_loss': 0.0010708579793572426, 'test_accuracy': 0.99712073802948, 'test_precision': 0.8599364757537842, 'test_recall': 0.3500944972038269, 'test_f1': 0.4857417941093445, 'communication_cost': 1457816}
[ 2026-03-22 17:19:27 | node_43 | INFO ] 🎉 Round 139 of 150 finished.
[ 2026-03-22 17:19:27 | node_32 | INFO ] 📢 Broadcasting metrics.
[ 2026-03-22 17:19:27 | node_25 | INFO ] 📈 Evaluated. Results: {'test_loss': 0.0011656200513243675, 'test_accuracy': 0.9973006844520569, 'test_precision': 0.5835282802581787, 'test_recall': 0.1882207840681076, 'test_f1': 0.28196555376052856, 'communication_cost': 1457816}
[ 2026-03-22 17:19:27 | node_43 | INFO ] 🗳️ [DETERMINISTIC] Train set assigned (No Voting). Size: 50
[ 2026-03-22 17:19:27 | node_25 | INFO ] 📢 Broadcasting metrics.
[ 2026-03-22 17:19:27 | node_17 | INFO ] 🎉 Round 138 of 150 finished.
[ 2026-03-22 17:19:27 | node_23 | INFO ] 🎉 Round 138 of 150 finished.
[ 2026-03-22 17:19:27 | node_11 | INFO ] 🎉 Round 138 of 150 finished.
[ 2026-03-22 17:19:27 | node_43 | INFO ] 🏋️‍♀️ Preparing training...
[ 2026-03-22 17:19:27 | node_24 | INFO ] 📈 Evaluated. Results: {'test_loss': 0.0009639306226745248, 'test_accuracy': 0.9973006844520569, 'test_precision': 0.8157278895378113, 'test_recall': 0.2491852194070816, 'test_f1': 0.3774152994155884, 'communication_cost': 1457816}
[ 2026-03-22 17:19:27 | node_17 | INFO ] 🗳️ [DETERMINISTIC] Train set assigned (No Voting). Size: 50
[ 2026-03-22 17:19:27 | node_27 | INFO ] 🎉 Round 138 of 150 finished.
[ 2026-03-22 17:19:27 | node_23 | INFO ] 🗳️ [DETERMINISTIC] Train set assigned (No Voting). Size: 50
[ 2026-03-22 17:19:27 | node_47 | INFO ] 🎓 Training step done.
[ 2026-03-22 17:19:27 | node_11 | INFO ] 🗳️ [DETERMINISTIC] Train set assigned (No Voting). Size: 50
[ 2026-03-22 17:19:27 | node_24 | INFO ] 📢 Broadcasting metrics.
[ 2026-03-22 17:19:27 | node_21 | INFO ] 📈 Evaluated. Results: {'test_loss': 0.0012621224159374833, 'test_accuracy': 0.9963109493255615, 'test_precision': 0.921360433101654, 'test_recall': 0.17812968790531158, 'test_f1': 0.29834532737731934, 'communication_cost': 1457816}
[ 2026-03-22 17:19:27 | node_47 | INFO ] 🛠️ Calling force_add_local_model...
[ 2026-03-22 17:19:27 | node_27 | INFO ] 🗳️ [DETERMINISTIC] Train set assigned (No Voting). Size: 50
[ 2026-03-22 17:19:27 | node_21 | INFO ] 📢 Broadcasting metrics.
[ 2026-03-22 17:19:27 | node_17 | INFO ] 🏋️‍♀️ Preparing training...
[ 2026-03-22 17:19:27 | node_47 | INFO ] ✅ [FORCE] Local model added for round 138. (2/3)
[ 2026-03-22 17:19:27 | node_18 | INFO ] 📈 Evaluated. Results: {'test_loss': 0.0012609099503606558, 'test_accuracy': 0.9968510866165161, 'test_precision': 0.8157444596290588, 'test_recall': 0.15656901895999908, 'test_f1': 0.23857079446315765, 'communication_cost': 1457816}
[ 2026-03-22 17:19:27 | node_13 | INFO ] 🎉 Round 138 of 150 finished.
[ 2026-03-22 17:19:27 | node_23 | INFO ] 🏋️‍♀️ Preparing training...
[ 2026-03-22 17:19:27 | node_15 | INFO ] 🎉 Round 138 of 150 finished.
[ 2026-03-22 17:19:27 | node_11 | INFO ] 🏋️‍♀️ Preparing training...
[ 2026-03-22 17:19:27 | node_18 | INFO ] 📢 Broadcasting metrics.
[ 2026-03-22 17:19:27 | node_13 | INFO ] 🗳️ [DETERMINISTIC] Train set assigned (No Voting). Size: 50
[ 2026-03-22 17:19:27 | node_15 | INFO ] 🗳️ [DETERMINISTIC] Train set assigned (No Voting). Size: 50
[ 2026-03-22 17:19:27 | node_27 | INFO ] 🏋️‍♀️ Preparing training...
[ 2026-03-22 17:19:27 | node_20 | INFO ] 📈 Evaluated. Results: {'test_loss': 0.0010770164662972093, 'test_accuracy': 0.9973006844520569, 'test_precision': 0.8157278895378113, 'test_recall': 0.28342047333717346, 'test_f1': 0.39474719762802124, 'communication_cost': 1457816}
[ 2026-03-22 17:19:27 | node_16 | INFO ] 🎉 Round 138 of 150 finished.
[ 2026-03-22 17:19:27 | node_20 | INFO ] 📢 Broadcasting metrics.
[ 2026-03-22 17:19:27 | node_31 | INFO ] 📈 Evaluated. Results: {'test_loss': 0.0010381975444033742, 'test_accuracy': 0.9977505803108215, 'test_precision': 0.8157278895378113, 'test_recall': 0.25030919909477234, 'test_f1': 0.3730227053165436, 'communication_cost': 1457816}
[ 2026-03-22 17:19:27 | node_5 | INFO ] 🎉 Round 138 of 150 finished.
[ 2026-03-22 17:19:27 | node_16 | INFO ] 🗳️ [DETERMINISTIC] Train set assigned (No Voting). Size: 50
[ 2026-03-22 17:19:27 | node_13 | INFO ] 🏋️‍♀️ Preparing training...
[ 2026-03-22 17:19:27 | node_33 | INFO ] 🎉 Round 138 of 150 finished.
[ 2026-03-22 17:19:27 | node_31 | INFO ] 📢 Broadcasting metrics.
[ 2026-03-22 17:19:27 | node_19 | INFO ] 🎉 Round 138 of 150 finished.
[ 2026-03-22 17:19:27 | node_15 | INFO ] 🏋️‍♀️ Preparing training...
[ 2026-03-22 17:19:27 | node_5 | INFO ] 🗳️ [DETERMINISTIC] Train set assigned (No Voting). Size: 50
[ 2026-03-22 17:19:27 | node_28 | INFO ] 🎉 Round 138 of 150 finished.
[ 2026-03-22 17:19:27 | node_33 | INFO ] 🗳️ [DETERMINISTIC] Train set assigned (No Voting). Size: 50
[ 2026-03-22 17:19:28 | node_19 | INFO ] 🗳️ [DETERMINISTIC] Train set assigned (No Voting). Size: 50
[ 2026-03-22 17:19:28 | node_16 | INFO ] 🏋️‍♀️ Preparing training...
[ 2026-03-22 17:19:28 | node_44 | INFO ] 📈 Evaluated. Results: {'test_loss': 0.0011712999548763037, 'test_accuracy': 0.9972107410430908, 'test_precision': 1.0, 'test_recall': 0.2254471331834793, 'test_f1': 0.3655078113079071, 'communication_cost': 1457816}
[ 2026-03-22 17:19:28 | node_7 | INFO ] 📈 Evaluated. Results: {'test_loss': 0.0013354315888136625, 'test_accuracy': 0.9966711401939392, 'test_precision': 0.6448943018913269, 'test_recall': 0.16378267109394073, 'test_f1': 0.2546076476573944, 'communication_cost': 1457816}
[ 2026-03-22 17:19:28 | node_22 | INFO ] 📈 Evaluated. Results: {'test_loss': 0.0012816798407584429, 'test_accuracy': 0.99712073802948, 'test_precision': 0.8157278895378113, 'test_recall': 0.188126802444458, 'test_f1': 0.2868614196777344, 'communication_cost': 1457816}
[ 2026-03-22 17:19:28 | node_39 | INFO ] 📈 Evaluated. Results: {'test_loss': 0.001084261923097074, 'test_accuracy': 0.9975706338882446, 'test_precision': 0.562301516532898, 'test_recall': 0.410788893699646, 'test_f1': 0.4712822735309601, 'communication_cost': 1457816}
[ 2026-03-22 17:19:28 | node_5 | INFO ] 🏋️‍♀️ Preparing training...
[ 2026-03-22 17:19:28 | node_28 | INFO ] 🗳️ [DETERMINISTIC] Train set assigned (No Voting). Size: 50
[ 2026-03-22 17:19:28 | node_32 | INFO ] 🎉 Round 138 of 150 finished.
[ 2026-03-22 17:19:28 | node_7 | INFO ] 📢 Broadcasting metrics.
[ 2026-03-22 17:19:28 | node_22 | INFO ] 📢 Broadcasting metrics.
[ 2026-03-22 17:19:28 | node_44 | INFO ] 📢 Broadcasting metrics.
[ 2026-03-22 17:19:28 | node_39 | INFO ] 📢 Broadcasting metrics.
[ 2026-03-22 17:19:28 | node_33 | INFO ] 🏋️‍♀️ Preparing training...
[ 2026-03-22 17:19:28 | node_19 | INFO ] 🏋️‍♀️ Preparing training...
[ 2026-03-22 17:19:28 | node_25 | INFO ] 🎉 Round 138 of 150 finished.
[ 2026-03-22 17:19:28 | node_32 | INFO ] 🗳️ [DETERMINISTIC] Train set assigned (No Voting). Size: 50
[ 2026-03-22 17:19:28 | node_28 | INFO ] 🏋️‍♀️ Preparing training...
[ 2026-03-22 17:19:28 | node_25 | INFO ] 🗳️ [DETERMINISTIC] Train set assigned (No Voting). Size: 50
[ 2026-03-22 17:19:28 | node_32 | INFO ] 🏋️‍♀️ Preparing training...
[ 2026-03-22 17:19:28 | node_24 | INFO ] 🎉 Round 138 of 150 finished.
[ 2026-03-22 17:19:28 | node_25 | INFO ] 🏋️‍♀️ Preparing training...
[ 2026-03-22 17:19:28 | node_21 | INFO ] 🎉 Round 138 of 150 finished.
[ 2026-03-22 17:19:28 | node_24 | INFO ] 🗳️ [DETERMINISTIC] Train set assigned (No Voting). Size: 50
[ 2026-03-22 17:19:28 | node_21 | INFO ] 🗳️ [DETERMINISTIC] Train set assigned (No Voting). Size: 50
[ 2026-03-22 17:19:28 | node_18 | INFO ] 🎉 Round 138 of 150 finished.
[ 2026-03-22 17:19:28 | node_18 | INFO ] 🗳️ [DETERMINISTIC] Train set assigned (No Voting). Size: 50
[ 2026-03-22 17:19:29 | node_24 | INFO ] 🏋️‍♀️ Preparing training...
[ 2026-03-22 17:19:29 | node_21 | INFO ] 🏋️‍♀️ Preparing training...
[ 2026-03-22 17:19:29 | node_20 | INFO ] 🎉 Round 138 of 150 finished.
[ 2026-03-22 17:19:29 | node_34 | INFO ] 🎓 Training step done.
[ 2026-03-22 17:19:29 | node_20 | INFO ] 🗳️ [DETERMINISTIC] Train set assigned (No Voting). Size: 50
[ 2026-03-22 17:19:29 | node_18 | INFO ] 🏋️‍♀️ Preparing training...
[ 2026-03-22 17:19:29 | node_34 | INFO ] 🛠️ Calling force_add_local_model...
[ 2026-03-22 17:19:29 | node_31 | INFO ] 🎉 Round 138 of 150 finished.
[ 2026-03-22 17:19:29 | node_34 | INFO ] ✅ [FORCE] Local model added for round 138. (2/3)
[ 2026-03-22 17:19:29 | node_20 | INFO ] 🏋️‍♀️ Preparing training...
[ 2026-03-22 17:19:29 | node_7 | INFO ] 🎉 Round 138 of 150 finished.
[ 2026-03-22 17:19:29 | node_31 | INFO ] 🗳️ [DETERMINISTIC] Train set assigned (No Voting). Size: 50
[ 2026-03-22 17:19:29 | node_44 | INFO ] 🎉 Round 139 of 150 finished.
[ 2026-03-22 17:19:29 | node_39 | INFO ] 🎉 Round 139 of 150 finished.
[ 2026-03-22 17:19:29 | node_44 | INFO ] 🗳️ [DETERMINISTIC] Train set assigned (No Voting). Size: 50
[ 2026-03-22 17:19:29 | node_22 | INFO ] 🎉 Round 138 of 150 finished.
[ 2026-03-22 17:19:29 | node_7 | INFO ] 🗳️ [DETERMINISTIC] Train set assigned (No Voting). Size: 50
[ 2026-03-22 17:19:29 | node_39 | INFO ] 🗳️ [DETERMINISTIC] Train set assigned (No Voting). Size: 50
[ 2026-03-22 17:19:29 | node_31 | INFO ] 🏋️‍♀️ Preparing training...
[ 2026-03-22 17:19:29 | node_22 | INFO ] 🗳️ [DETERMINISTIC] Train set assigned (No Voting). Size: 50
[ 2026-03-22 17:19:29 | node_44 | INFO ] 🏋️‍♀️ Preparing training...
[ 2026-03-22 17:19:29 | node_7 | INFO ] ♻️ Proactively processing 1 early models for round 138.
[ 2026-03-22 17:19:29 | node_39 | INFO ] 🏋️‍♀️ Preparing training...
[ 2026-03-22 17:19:29 | node_7 | INFO ] 🧩 Model added for round 138 (1/3) from ['node_8']
[ 2026-03-22 17:19:29 | node_22 | INFO ] 🏋️‍♀️ Preparing training...
[ 2026-03-22 17:19:29 | node_7 | INFO ] 🏋️‍♀️ Preparing training...
[ 2026-03-22 17:19:29 | node_40 | INFO ] 🎓 Training step done.
[ 2026-03-22 17:19:30 | node_40 | INFO ] 🛠️ Calling force_add_local_model...
[ 2026-03-22 17:19:30 | node_40 | INFO ] ✅ [FORCE] Local model added for round 139. (2/3)
[ 2026-03-22 17:19:30 | node_36 | INFO ] 📤 Sending model to 2 direct neighbors: ['node_35', 'node_37']
[ 2026-03-22 17:19:31 | node_35 | INFO ] 🧩 Model added for round 138 (2/3) from ['node_36']
[ 2026-03-22 17:19:31 | node_37 | INFO ] 🧩 Model added for round 138 (3/3) from ['node_36']
[ 2026-03-22 17:19:31 | node_37 | INFO ] 🧠 Aggregation complete. Setting new model.
[ 2026-03-22 17:19:31 | node_36 | INFO ] 🧠 Aggregation complete. Setting new model.
[ 2026-03-22 17:19:31 | node_37 | INFO ] 🗣️ Gossiping aggregated model.
[ 2026-03-22 17:19:31 | node_42 | INFO ] 📤 Sending model to 2 direct neighbors: ['node_41', 'node_43']
[ 2026-03-22 17:19:31 | node_36 | INFO ] 🗣️ Gossiping aggregated model.
[ 2026-03-22 17:19:32 | node_41 | INFO ] 🧩 Model added for round 139 (2/3) from ['node_42']
[ 2026-03-22 17:19:32 | node_47 | INFO ] 📤 Sending model to 2 direct neighbors: ['node_46', 'node_48']
[ 2026-03-22 17:19:32 | node_43 | INFO ] 🧩 Model added for round 139 (1/3) from ['node_42']
[ 2026-03-22 17:19:32 | node_46 | INFO ] 🧩 Model added for round 138 (3/3) from ['node_47']
[ 2026-03-22 17:19:32 | node_46 | INFO ] 🧠 Aggregation complete. Setting new model.
[ 2026-03-22 17:19:32 | node_46 | INFO ] 🗣️ Gossiping aggregated model.
[ 2026-03-22 17:19:33 | node_45 | INFO ] 🤫 Gossip finished.
[ 2026-03-22 17:19:33 | node_26 | INFO ] 🎓 Training step done.
[ 2026-03-22 17:19:33 | node_45 | INFO ] 🔬 Evaluating...
[ 2026-03-22 17:19:33 | node_26 | INFO ] 🛠️ Calling force_add_local_model...
[ 2026-03-22 17:19:33 | node_26 | INFO ] ✅ [FORCE] Local model added for round 138. (1/3)
[ 2026-03-22 17:19:33 | node_37 | INFO ] 🤫 Gossip finished.
[ 2026-03-22 17:19:33 | node_37 | INFO ] 🔬 Evaluating...
[ 2026-03-22 17:19:33 | node_30 | INFO ] 🎓 Training step done.
[ 2026-03-22 17:19:33 | node_30 | INFO ] 🛠️ Calling force_add_local_model...
[ 2026-03-22 17:19:33 | node_30 | INFO ] ✅ [FORCE] Local model added for round 138. (1/3)
[ 2026-03-22 17:19:33 | node_29 | INFO ] 🎓 Training step done.
[ 2026-03-22 17:19:34 | node_29 | INFO ] 🛠️ Calling force_add_local_model...
[ 2026-03-22 17:19:34 | node_29 | INFO ] ✅ [FORCE] Local model added for round 138. (1/3)
[ 2026-03-22 17:19:34 | node_16 | INFO ] 🎓 Training step done.
[ 2026-03-22 17:19:34 | node_16 | INFO ] 🛠️ Calling force_add_local_model...
[ 2026-03-22 17:19:34 | node_16 | INFO ] ✅ [FORCE] Local model added for round 138. (1/3)
[ 2026-03-22 17:19:34 | node_34 | INFO ] 📤 Sending model to 2 direct neighbors: ['node_33', 'node_35']
[ 2026-03-22 17:19:34 | node_33 | INFO ] 🧩 Model added for round 138 (1/3) from ['node_34']
[ 2026-03-22 17:19:34 | node_2 | INFO ] 🎓 Training step done.
[ 2026-03-22 17:19:34 | node_12 | INFO ] 🎓 Training step done.
[ 2026-03-22 17:19:34 | node_2 | INFO ] 🛠️ Calling force_add_local_model...
[ 2026-03-22 17:19:34 | node_12 | INFO ] 🛠️ Calling force_add_local_model...
[ 2026-03-22 17:19:34 | node_23 | INFO ] 🎓 Training step done.
[ 2026-03-22 17:19:34 | node_2 | INFO ] ✅ [FORCE] Local model added for round 137. (3/3)
[ 2026-03-22 17:19:34 | node_12 | INFO ] ✅ [FORCE] Local model added for round 138. (1/3)
[ 2026-03-22 17:19:34 | node_23 | INFO ] 🛠️ Calling force_add_local_model...
[ 2026-03-22 17:19:34 | node_23 | INFO ] ✅ [FORCE] Local model added for round 138. (1/3)
[ 2026-03-22 17:19:34 | node_35 | INFO ] 🧩 Model added for round 138 (3/3) from ['node_34']
[ 2026-03-22 17:19:34 | node_35 | INFO ] 🧠 Aggregation complete. Setting new model.
[ 2026-03-22 17:19:35 | node_40 | INFO ] 📤 Sending model to 2 direct neighbors: ['node_39', 'node_41']
[ 2026-03-22 17:19:35 | node | INFO ] 🎓 Training step done.
[ 2026-03-22 17:19:35 | node | INFO ] 🛠️ Calling force_add_local_model...
[ 2026-03-22 17:19:35 | node_24 | INFO ] 🎓 Training step done.
[ 2026-03-22 17:19:35 | node | INFO ] ✅ [FORCE] Local model added for round 137. (3/3)
[ 2026-03-22 17:19:35 | node_35 | INFO ] 🗣️ Gossiping aggregated model.
[ 2026-03-22 17:19:35 | node_24 | INFO ] 🛠️ Calling force_add_local_model...
[ 2026-03-22 17:19:35 | node_39 | INFO ] 🧩 Model added for round 139 (1/3) from ['node_40']
[ 2026-03-22 17:19:35 | node_24 | INFO ] ✅ [FORCE] Local model added for round 138. (1/3)
[ 2026-03-22 17:19:35 | node_10 | INFO ] 🎓 Training step done.
[ 2026-03-22 17:19:35 | node_10 | INFO ] 🛠️ Calling force_add_local_model...
[ 2026-03-22 17:19:35 | node_10 | INFO ] ✅ [FORCE] Local model added for round 138. (2/3)
[ 2026-03-22 17:19:35 | node_41 | INFO ] 🧩 Model added for round 139 (3/3) from ['node_40']
[ 2026-03-22 17:19:36 | node_41 | INFO ] 🧠 Aggregation complete. Setting new model.
[ 2026-03-22 17:19:36 | node_14 | INFO ] 🎓 Training step done.
[ 2026-03-22 17:19:36 | node_14 | INFO ] 🛠️ Calling force_add_local_model...
[ 2026-03-22 17:19:36 | node_37 | INFO ] 📈 Evaluated. Results: {'test_loss': 0.001079654786735773, 'test_accuracy': 0.9969407916069031, 'test_precision': 0.7305072546005249, 'test_recall': 0.3531881868839264, 'test_f1': 0.4634722173213959, 'communication_cost': 1457816}
[ 2026-03-22 17:19:36 | node_37 | INFO ] 📢 Broadcasting metrics.
[ 2026-03-22 17:19:36 | node_14 | INFO ] ✅ [FORCE] Local model added for round 138. (1/3)
[ 2026-03-22 17:19:36 | node_13 | INFO ] 🎓 Training step done.
[ 2026-03-22 17:19:36 | node_13 | INFO ] 🛠️ Calling force_add_local_model...
[ 2026-03-22 17:19:36 | node_41 | INFO ] 🗣️ Gossiping aggregated model.
[ 2026-03-22 17:19:36 | node_32 | INFO ] 🎓 Training step done.
[ 2026-03-22 17:19:36 | node_13 | INFO ] ✅ [FORCE] Local model added for round 138. (1/3)
[ 2026-03-22 17:19:36 | node_32 | INFO ] 🛠️ Calling force_add_local_model...
[ 2026-03-22 17:19:36 | node_32 | INFO ] ✅ [FORCE] Local model added for round 138. (1/3)
[ 2026-03-22 17:19:36 | node_28 | INFO ] 🎓 Training step done.
[ 2026-03-22 17:19:36 | node_28 | INFO ] 🛠️ Calling force_add_local_model...
[ 2026-03-22 17:19:36 | node_28 | INFO ] ✅ [FORCE] Local model added for round 138. (1/3)
[ 2026-03-22 17:19:36 | node_17 | INFO ] 🎓 Training step done.
[ 2026-03-22 17:19:36 | node_17 | INFO ] 🛠️ Calling force_add_local_model...
[ 2026-03-22 17:19:36 | node_17 | INFO ] ✅ [FORCE] Local model added for round 138. (1/3)
[ 2026-03-22 17:19:36 | node_43 | INFO ] 🎓 Training step done.
[ 2026-03-22 17:19:36 | node_43 | INFO ] 🛠️ Calling force_add_local_model...
[ 2026-03-22 17:19:36 | node_43 | INFO ] ✅ [FORCE] Local model added for round 139. (2/3)
[ 2026-03-22 17:19:36 | node_37 | INFO ] 🎉 Round 139 of 150 finished.
[ 2026-03-22 17:19:36 | node_37 | INFO ] 🗳️ [DETERMINISTIC] Train set assigned (No Voting). Size: 50
[ 2026-03-22 17:19:37 | node_37 | INFO ] 🏋️‍♀️ Preparing training...
[ 2026-03-22 17:19:37 | node_15 | INFO ] 🎓 Training step done.
[ 2026-03-22 17:19:37 | node_18 | INFO ] 🎓 Training step done.
[ 2026-03-22 17:19:37 | node_15 | INFO ] 🛠️ Calling force_add_local_model...
[ 2026-03-22 17:19:37 | node_18 | INFO ] 🛠️ Calling force_add_local_model...
[ 2026-03-22 17:19:37 | node_15 | INFO ] ✅ [FORCE] Local model added for round 138. (1/3)
[ 2026-03-22 17:19:37 | node_18 | INFO ] ✅ [FORCE] Local model added for round 138. (1/3)
[ 2026-03-22 17:19:37 | node_27 | INFO ] 🎓 Training step done.
[ 2026-03-22 17:19:37 | node_27 | INFO ] 🛠️ Calling force_add_local_model...
[ 2026-03-22 17:19:37 | node_25 | INFO ] 🎓 Training step done.
[ 2026-03-22 17:19:37 | node_27 | INFO ] ✅ [FORCE] Local model added for round 138. (1/3)
[ 2026-03-22 17:19:37 | node_25 | INFO ] 🛠️ Calling force_add_local_model...
[ 2026-03-22 17:19:37 | node_25 | INFO ] ✅ [FORCE] Local model added for round 138. (1/3)
[ 2026-03-22 17:19:37 | node_5 | INFO ] 🎓 Training step done.
[ 2026-03-22 17:19:37 | node_6 | INFO ] ⏹️  Gossiping exited for 10 equal rounds.
[ 2026-03-22 17:19:37 | node_5 | INFO ] 🛠️ Calling force_add_local_model...
[ 2026-03-22 17:19:37 | node_19 | INFO ] 🎓 Training step done.
[ 2026-03-22 17:19:37 | node_19 | INFO ] 🛠️ Calling force_add_local_model...
[ 2026-03-22 17:19:37 | node_5 | INFO ] ✅ [FORCE] Local model added for round 138. (1/3)
[ 2026-03-22 17:19:37 | node_6 | INFO ] 🔬 Evaluating...
[ 2026-03-22 17:19:37 | node_19 | INFO ] ✅ [FORCE] Local model added for round 138. (1/3)
[ 2026-03-22 17:19:37 | node_31 | INFO ] 🎓 Training step done.
[ 2026-03-22 17:19:37 | node_31 | INFO ] 🛠️ Calling force_add_local_model...
[ 2026-03-22 17:19:37 | node_31 | INFO ] ✅ [FORCE] Local model added for round 138. (1/3)
[ 2026-03-22 17:19:37 | node_45 | INFO ] 📈 Evaluated. Results: {'test_loss': 0.0011746113887056708, 'test_accuracy': 0.9973906874656677, 'test_precision': 0.7850158214569092, 'test_recall': 0.33622974157333374, 'test_f1': 0.44321855902671814, 'communication_cost': 1457816}
[ 2026-03-22 17:19:37 | node_45 | INFO ] 📢 Broadcasting metrics.
[ 2026-03-22 17:19:37 | node_33 | INFO ] 🎓 Training step done.
[ 2026-03-22 17:19:37 | node_33 | INFO ] 🛠️ Calling force_add_local_model...
[ 2026-03-22 17:19:38 | node_48 | INFO ] ⏹️  Gossiping exited for 10 equal rounds.
[ 2026-03-22 17:19:38 | node_33 | INFO ] ✅ [FORCE] Local model added for round 138. (2/3)
[ 2026-03-22 17:19:38 | node_48 | INFO ] 🔬 Evaluating...
[ 2026-03-22 17:19:38 | node_20 | INFO ] 🎓 Training step done.
[ 2026-03-22 17:19:38 | node_20 | INFO ] 🛠️ Calling force_add_local_model...
[ 2026-03-22 17:19:38 | node_44 | INFO ] 🎓 Training step done.
[ 2026-03-22 17:19:38 | node_20 | INFO ] ✅ [FORCE] Local model added for round 138. (1/3)
[ 2026-03-22 17:19:38 | node_44 | INFO ] 🛠️ Calling force_add_local_model...
[ 2026-03-22 17:19:38 | node_44 | INFO ] ✅ [FORCE] Local model added for round 139. (1/3)
[ 2026-03-22 17:19:38 | node_26 | INFO ] 📤 Sending model to 2 direct neighbors: ['node_25', 'node_27']
[ 2026-03-22 17:19:38 | node_45 | INFO ] 🎉 Round 139 of 150 finished.
[ 2026-03-22 17:19:38 | node_11 | INFO ] 🎓 Training step done.
[ 2026-03-22 17:19:38 | node_11 | INFO ] 🛠️ Calling force_add_local_model...
[ 2026-03-22 17:19:38 | node_45 | INFO ] 🗳️ [DETERMINISTIC] Train set assigned (No Voting). Size: 50
[ 2026-03-22 17:19:38 | node_11 | INFO ] ✅ [FORCE] Local model added for round 138. (1/3)
[ 2026-03-22 17:19:38 | node_25 | INFO ] 🧩 Model added for round 138 (2/3) from ['node_26']
[ 2026-03-22 17:19:38 | node_45 | INFO ] 🏋️‍♀️ Preparing training...
[ 2026-03-22 17:19:38 | node_22 | INFO ] 🎓 Training step done.
[ 2026-03-22 17:19:38 | node_38 | INFO ] ⏹️  Gossiping exited for 10 equal rounds.
[ 2026-03-22 17:19:38 | node_22 | INFO ] 🛠️ Calling force_add_local_model...
[ 2026-03-22 17:19:38 | node_22 | INFO ] ✅ [FORCE] Local model added for round 138. (1/3)
[ 2026-03-22 17:19:38 | node_38 | INFO ] 🔬 Evaluating...
[ 2026-03-22 17:19:38 | node_4 | INFO ] ⏹️  Gossiping exited for 10 equal rounds.
[ 2026-03-22 17:19:38 | node_4 | INFO ] 🔬 Evaluating...
[ 2026-03-22 17:19:38 | node_27 | INFO ] 🧩 Model added for round 138 (2/3) from ['node_26']
[ 2026-03-22 17:19:38 | node_7 | INFO ] 🎓 Training step done.
[ 2026-03-22 17:19:38 | node_7 | INFO ] 🛠️ Calling force_add_local_model...
[ 2026-03-22 17:19:38 | node_7 | INFO ] ✅ [FORCE] Local model added for round 138. (2/3)
[ 2026-03-22 17:19:38 | node_39 | INFO ] 🎓 Training step done.
[ 2026-03-22 17:19:38 | node_39 | INFO ] 🛠️ Calling force_add_local_model...
[ 2026-03-22 17:19:38 | node_30 | INFO ] 📤 Sending model to 2 direct neighbors: ['node_29', 'node_31']
[ 2026-03-22 17:19:38 | node_21 | INFO ] 🎓 Training step done.
[ 2026-03-22 17:19:38 | node_21 | INFO ] 🛠️ Calling force_add_local_model...
[ 2026-03-22 17:19:38 | node_39 | INFO ] ✅ [FORCE] Local model added for round 139. (2/3)
[ 2026-03-22 17:19:38 | node_21 | INFO ] ✅ [FORCE] Local model added for round 138. (1/3)
[ 2026-03-22 17:19:38 | node_29 | INFO ] 🧩 Model added for round 138 (2/3) from ['node_30']
[ 2026-03-22 17:19:39 | node_6 | INFO ] 📈 Evaluated. Results: {'test_loss': 0.0012226770631968975, 'test_accuracy': 0.996941089630127, 'test_precision': 0.8157444596290588, 'test_recall': 0.24512016773223877, 'test_f1': 0.372141033411026, 'communication_cost': 1457816}
[ 2026-03-22 17:19:39 | node_6 | INFO ] 📢 Broadcasting metrics.
[ 2026-03-22 17:19:39 | node_29 | INFO ] 📤 Sending model to 2 direct neighbors: ['node_28', 'node_30']
[ 2026-03-22 17:19:39 | node_31 | INFO ] 🧩 Model added for round 138 (2/3) from ['node_30']
[ 2026-03-22 17:19:39 | node_16 | INFO ] 📤 Sending model to 2 direct neighbors: ['node_15', 'node_17']
[ 2026-03-22 17:19:39 | node_28 | INFO ] 🧩 Model added for round 138 (2/3) from ['node_29']
[ 2026-03-22 17:19:39 | node_48 | INFO ] 📈 Evaluated. Results: {'test_loss': 0.0015554525889456272, 'test_accuracy': 0.9965808987617493, 'test_precision': 0.8292244076728821, 'test_recall': 0.20423489809036255, 'test_f1': 0.3233935534954071, 'communication_cost': 1457816}
[ 2026-03-22 17:19:39 | node_15 | INFO ] 🧩 Model added for round 138 (2/3) from ['node_16']
[ 2026-03-22 17:19:39 | node_48 | INFO ] 📢 Broadcasting metrics.
[ 2026-03-22 17:19:39 | node_6 | INFO ] 🎉 Round 138 of 150 finished.
[ 2026-03-22 17:19:39 | node_6 | INFO ] 🗳️ [DETERMINISTIC] Train set assigned (No Voting). Size: 50
[ 2026-03-22 17:19:39 | node_6 | INFO ] 🏋️‍♀️ Preparing training...
[ 2026-03-22 17:19:39 | node_48 | INFO ] 🎉 Round 138 of 150 finished.
[ 2026-03-22 17:19:39 | node_30 | INFO ] 🧩 Model added for round 138 (2/3) from ['node_29']
[ 2026-03-22 17:19:39 | node_17 | INFO ] 🧩 Model added for round 138 (2/3) from ['node_16']
[ 2026-03-22 17:19:39 | node_2 | INFO ] 📤 Sending model to 2 direct neighbors: ['node_1', 'node_3']
[ 2026-03-22 17:19:39 | node_48 | INFO ] 🗳️ [DETERMINISTIC] Train set assigned (No Voting). Size: 50
[ 2026-03-22 17:19:39 | node_12 | INFO ] 📤 Sending model to 2 direct neighbors: ['node_11', 'node_13']
[ 2026-03-22 17:19:39 | node_38 | INFO ] 📈 Evaluated. Results: {'test_loss': 0.0011475164210423827, 'test_accuracy': 0.9973006844520569, 'test_precision': 0.8777578473091125, 'test_recall': 0.42310410737991333, 'test_f1': 0.5586509108543396, 'communication_cost': 1457816}
[ 2026-03-22 17:19:39 | node_4 | INFO ] 📈 Evaluated. Results: {'test_loss': 0.0012928438372910023, 'test_accuracy': 0.99676114320755, 'test_precision': 1.0, 'test_recall': 0.32063087821006775, 'test_f1': 0.4807627201080322, 'communication_cost': 1457816}
[ 2026-03-22 17:19:39 | node_48 | INFO ] ♻️ Proactively processing 1 early models for round 138.
[ 2026-03-22 17:19:39 | node_23 | INFO ] 📤 Sending model to 2 direct neighbors: ['node_22', 'node_24']
[ 2026-03-22 17:19:39 | node_48 | INFO ] 🧩 Model added for round 138 (1/3) from ['node_47']
[ 2026-03-22 17:19:39 | node_48 | INFO ] 🏋️‍♀️ Preparing training...
[ 2026-03-22 17:19:39 | node_38 | INFO ] 📢 Broadcasting metrics.
[ 2026-03-22 17:19:39 | node_4 | INFO ] 📢 Broadcasting metrics.
[ 2026-03-22 17:19:39 | node_4 | INFO ] 🎉 Round 138 of 150 finished.
[ 2026-03-22 17:19:39 | node_38 | INFO ] 🎉 Round 139 of 150 finished.
[ 2026-03-22 17:19:39 | node_4 | INFO ] 🗳️ [DETERMINISTIC] Train set assigned (No Voting). Size: 50
[ 2026-03-22 17:19:39 | node_38 | INFO ] 🗳️ [DETERMINISTIC] Train set assigned (No Voting). Size: 50
[ 2026-03-22 17:19:39 | node_4 | INFO ] 🏋️‍♀️ Preparing training...
[ 2026-03-22 17:19:40 | node_11 | INFO ] 🧩 Model added for round 138 (2/3) from ['node_12']
[ 2026-03-22 17:19:40 | node_1 | INFO ] 🧩 Model added for round 137 (2/3) from ['node_2']
[ 2026-03-22 17:19:40 | node_38 | INFO ] 🏋️‍♀️ Preparing training...
[ 2026-03-22 17:19:40 | node_37 | INFO ] 🎓 Training step done.
[ 2026-03-22 17:19:40 | node_37 | INFO ] 🛠️ Calling force_add_local_model...
[ 2026-03-22 17:19:40 | node_22 | INFO ] 🧩 Model added for round 138 (2/3) from ['node_23']
[ 2026-03-22 17:19:40 | node_37 | INFO ] ✅ [FORCE] Local model added for round 139. (1/3)
[ 2026-03-22 17:19:40 | node_24 | INFO ] 🧩 Model added for round 138 (2/3) from ['node_23']
[ 2026-03-22 17:19:40 | node_13 | INFO ] 🧩 Model added for round 138 (2/3) from ['node_12']
[ 2026-03-22 17:19:40 | node | INFO ] 📤 Sending model to 2 direct neighbors: ['node_1', 'node_49']
[ 2026-03-22 17:19:40 | node_3 | INFO ] 🧩 Model added for round 137 (3/3) from ['node_2']
[ 2026-03-22 17:19:40 | node_24 | INFO ] 📤 Sending model to 2 direct neighbors: ['node_23', 'node_25']
[ 2026-03-22 17:19:40 | node_1 | INFO ] 🧩 Model added for round 137 (3/3) from ['node']
[ 2026-03-22 17:19:40 | node_10 | INFO ] 📤 Sending model to 2 direct neighbors: ['node_9', 'node_11']
[ 2026-03-22 17:19:40 | node_45 | INFO ] 🎓 Training step done.
[ 2026-03-22 17:19:40 | node_45 | INFO ] 🛠️ Calling force_add_local_model...
[ 2026-03-22 17:19:40 | node_23 | INFO ] 🧩 Model added for round 138 (2/3) from ['node_24']
[ 2026-03-22 17:19:40 | node_45 | INFO ] ✅ [FORCE] Local model added for round 139. (1/3)
[ 2026-03-22 17:19:40 | node_1 | INFO ] 🧠 Aggregation complete. Setting new model.
[ 2026-03-22 17:19:40 | node_2 | INFO ] 🧠 Aggregation complete. Setting new model.
[ 2026-03-22 17:19:40 | node_3 | INFO ] 🧠 Aggregation complete. Setting new model.
[ 2026-03-22 17:19:40 | node_9 | INFO ] 🧩 Model added for round 138 (3/3) from ['node_10']
[ 2026-03-22 17:19:40 | node_9 | INFO ] 🧠 Aggregation complete. Setting new model.
[ 2026-03-22 17:19:40 | node_2 | INFO ] 🗣️ Gossiping aggregated model.
[ 2026-03-22 17:19:40 | node_1 | INFO ] 🗣️ Gossiping aggregated model.
[ 2026-03-22 17:19:40 | node_3 | INFO ] 🗣️ Gossiping aggregated model.
[ 2026-03-22 17:19:40 | node_2 | INFO ] 🤫 Gossip finished.
[ 2026-03-22 17:19:41 | node_2 | INFO ] 🔬 Evaluating...
[ 2026-03-22 17:19:41 | node_9 | INFO ] 🗣️ Gossiping aggregated model.
[ 2026-03-22 17:19:41 | node_49 | INFO ] 🧩 Model added for round 137 (3/3) from ['node']
[ 2026-03-22 17:19:41 | node_11 | INFO ] 🧩 Model added for round 138 (3/3) from ['node_10']
[ 2026-03-22 17:19:41 | node_25 | INFO ] 🧩 Model added for round 138 (3/3) from ['node_24']
[ 2026-03-22 17:19:41 | node_14 | INFO ] 📤 Sending model to 2 direct neighbors: ['node_13', 'node_15']
[ 2026-03-22 17:19:41 | node_49 | INFO ] 🧠 Aggregation complete. Setting new model.
[ 2026-03-22 17:19:41 | node | INFO ] 🧠 Aggregation complete. Setting new model.
[ 2026-03-22 17:19:41 | node_13 | INFO ] 📤 Sending model to 2 direct neighbors: ['node_12', 'node_14']
[ 2026-03-22 17:19:41 | node_32 | INFO ] 📤 Sending model to 2 direct neighbors: ['node_31', 'node_33']
[ 2026-03-22 17:19:41 | node | INFO ] 🗣️ Gossiping aggregated model.
[ 2026-03-22 17:19:41 | node_49 | INFO ] 🗣️ Gossiping aggregated model.
[ 2026-03-22 17:19:41 | node | INFO ] 🤫 Gossip finished.
[ 2026-03-22 17:19:41 | node | INFO ] 🔬 Evaluating...
[ 2026-03-22 17:19:41 | node_28 | INFO ] 📤 Sending model to 2 direct neighbors: ['node_27', 'node_29']
[ 2026-03-22 17:19:41 | node_12 | INFO ] 🧩 Model added for round 138 (2/3) from ['node_13']
[ 2026-03-22 17:19:41 | node_17 | INFO ] 📤 Sending model to 2 direct neighbors: ['node_16', 'node_18']
[ 2026-03-22 17:19:41 | node_31 | INFO ] 🧩 Model added for round 138 (3/3) from ['node_32']
[ 2026-03-22 17:19:41 | node_13 | INFO ] 🧩 Model added for round 138 (3/3) from ['node_14']
[ 2026-03-22 17:19:41 | node_27 | INFO ] 🧩 Model added for round 138 (3/3) from ['node_28']
[ 2026-03-22 17:19:41 | node_43 | INFO ] 📤 Sending model to 2 direct neighbors: ['node_42', 'node_44']
[ 2026-03-22 17:19:41 | node_16 | INFO ] 🧩 Model added for round 138 (2/3) from ['node_17']
[ 2026-03-22 17:19:41 | node_6 | INFO ] 🎓 Training step done.
[ 2026-03-22 17:19:41 | node_6 | INFO ] 🛠️ Calling force_add_local_model...
[ 2026-03-22 17:19:41 | node_6 | INFO ] ✅ [FORCE] Local model added for round 138. (1/3)
[ 2026-03-22 17:19:42 | node_33 | INFO ] 🧩 Model added for round 138 (3/3) from ['node_32']
[ 2026-03-22 17:19:42 | node_14 | INFO ] 🧩 Model added for round 138 (2/3) from ['node_13']
[ 2026-03-22 17:19:42 | node_2 | INFO ] 📈 Evaluated. Results: {'test_loss': 0.001257981755770743, 'test_accuracy': 0.9971210360527039, 'test_precision': 0.5527665615081787, 'test_recall': 0.2063031792640686, 'test_f1': 0.2835022509098053, 'communication_cost': 1457816}
[ 2026-03-22 17:19:42 | node_2 | INFO ] 📢 Broadcasting metrics.
[ 2026-03-22 17:19:42 | node_29 | INFO ] 🧩 Model added for round 138 (3/3) from ['node_28']
[ 2026-03-22 17:19:42 | node_42 | INFO ] 🧩 Model added for round 139 (3/3) from ['node_43']
[ 2026-03-22 17:19:42 | node_15 | INFO ] 🧩 Model added for round 138 (3/3) from ['node_14']
[ 2026-03-22 17:19:42 | node_18 | INFO ] 🧩 Model added for round 138 (2/3) from ['node_17']
[ 2026-03-22 17:19:42 | node_29 | INFO ] 🧠 Aggregation complete. Setting new model.
[ 2026-03-22 17:19:42 | node_48 | INFO ] 🎓 Training step done.
[ 2026-03-22 17:19:42 | node_15 | INFO ] 📤 Sending model to 2 direct neighbors: ['node_14', 'node_16']
[ 2026-03-22 17:19:42 | node_42 | INFO ] 🧠 Aggregation complete. Setting new model.
[ 2026-03-22 17:19:42 | node_18 | INFO ] 📤 Sending model to 2 direct neighbors: ['node_17', 'node_19']
[ 2026-03-22 17:19:42 | node_48 | INFO ] 🛠️ Calling force_add_local_model...
[ 2026-03-22 17:19:42 | node_13 | INFO ] 🧠 Aggregation complete. Setting new model.
[ 2026-03-22 17:19:42 | node_29 | INFO ] 🗣️ Gossiping aggregated model.
[ 2026-03-22 17:19:42 | node_48 | INFO ] ✅ [FORCE] Local model added for round 138. (2/3)
[ 2026-03-22 17:19:42 | node_42 | INFO ] 🗣️ Gossiping aggregated model.
[ 2026-03-22 17:19:42 | node_13 | INFO ] 🗣️ Gossiping aggregated model.
[ 2026-03-22 17:19:42 | node_4 | INFO ] 🎓 Training step done.
[ 2026-03-22 17:19:42 | node_4 | INFO ] 🛠️ Calling force_add_local_model...
[ 2026-03-22 17:19:42 | node_27 | INFO ] 📤 Sending model to 2 direct neighbors: ['node_26', 'node_28']
[ 2026-03-22 17:19:42 | node_2 | INFO ] 🎉 Round 138 of 150 finished.
[ 2026-03-22 17:19:42 | node_4 | INFO ] ✅ [FORCE] Local model added for round 138. (1/3)
[ 2026-03-22 17:19:42 | node_2 | INFO ] 🗳️ [DETERMINISTIC] Train set assigned (No Voting). Size: 50
[ 2026-03-22 17:19:42 | node_25 | INFO ] 📤 Sending model to 2 direct neighbors: ['node_24', 'node_26']
[ 2026-03-22 17:19:42 | node_44 | INFO ] 🧩 Model added for round 139 (2/3) from ['node_43']
[ 2026-03-22 17:19:42 | node | INFO ] 📈 Evaluated. Results: {'test_loss': 0.001374044339172542, 'test_accuracy': 0.99676114320755, 'test_precision': 0.8618083596229553, 'test_recall': 0.28880491852760315, 'test_f1': 0.42769673466682434, 'communication_cost': 1457816}
[ 2026-03-22 17:19:42 | node_5 | INFO ] 📤 Sending model to 2 direct neighbors: ['node_4', 'node_6']
[ 2026-03-22 17:19:42 | node_2 | INFO ] 🏋️‍♀️ Preparing training...
[ 2026-03-22 17:19:42 | node_19 | INFO ] 📤 Sending model to 2 direct neighbors: ['node_18', 'node_20']
[ 2026-03-22 17:19:42 | node_17 | INFO ] 🧩 Model added for round 138 (3/3) from ['node_18']
[ 2026-03-22 17:19:42 | node | INFO ] 📢 Broadcasting metrics.
[ 2026-03-22 17:19:42 | node_31 | INFO ] 📤 Sending model to 2 direct neighbors: ['node_30', 'node_32']
[ 2026-03-22 17:19:42 | node_38 | INFO ] 🎓 Training step done.
[ 2026-03-22 17:19:42 | node_14 | INFO ] 🧩 Model added for round 138 (3/3) from ['node_15']
[ 2026-03-22 17:19:42 | node_1 | INFO ] 🤫 Gossip finished.
[ 2026-03-22 17:19:42 | node_38 | INFO ] 🛠️ Calling force_add_local_model...
[ 2026-03-22 17:19:42 | node_26 | INFO ] 🧩 Model added for round 138 (2/3) from ['node_27']
[ 2026-03-22 17:19:42 | node_1 | INFO ] 🔬 Evaluating...
[ 2026-03-22 17:19:43 | node_38 | INFO ] ✅ [FORCE] Local model added for round 139. (1/3)
[ 2026-03-22 17:19:43 | node_33 | INFO ] 📤 Sending model to 2 direct neighbors: ['node_32', 'node_34']
[ 2026-03-22 17:19:43 | node_20 | INFO ] 📤 Sending model to 2 direct neighbors: ['node_19', 'node_21']
[ 2026-03-22 17:19:43 | node_4 | INFO ] 🧩 Model added for round 138 (2/3) from ['node_5']
[ 2026-03-22 17:19:43 | node_44 | INFO ] 📤 Sending model to 2 direct neighbors: ['node_43', 'node_45']
[ 2026-03-22 17:19:43 | node_24 | INFO ] 🧩 Model added for round 138 (3/3) from ['node_25']
[ 2026-03-22 17:19:43 | node_18 | INFO ] 🧩 Model added for round 138 (3/3) from ['node_19']
[ 2026-03-22 17:19:43 | node | INFO ] 🎉 Round 138 of 150 finished.
[ 2026-03-22 17:19:43 | node_19 | INFO ] 🧩 Model added for round 138 (2/3) from ['node_18']
[ 2026-03-22 17:19:43 | node | INFO ] 🗳️ [DETERMINISTIC] Train set assigned (No Voting). Size: 50
[ 2026-03-22 17:19:43 | node_11 | INFO ] 📤 Sending model to 2 direct neighbors: ['node_10', 'node_12']
[ 2026-03-22 17:19:43 | node | INFO ] 🏋️‍♀️ Preparing training...
[ 2026-03-22 17:19:43 | node_30 | INFO ] 🧩 Model added for round 138 (3/3) from ['node_31']
[ 2026-03-22 17:19:43 | node_22 | INFO ] 📤 Sending model to 2 direct neighbors: ['node_21', 'node_23']
[ 2026-03-22 17:19:43 | node_16 | INFO ] 🧩 Model added for round 138 (3/3) from ['node_15']
[ 2026-03-22 17:19:43 | node_28 | INFO ] 🧩 Model added for round 138 (3/3) from ['node_27']
[ 2026-03-22 17:19:43 | node_32 | INFO ] 🧩 Model added for round 138 (2/3) from ['node_33']
[ 2026-03-22 17:19:43 | node_19 | INFO ] 🧩 Model added for round 138 (3/3) from ['node_20']
[ 2026-03-22 17:19:43 | node_6 | INFO ] 🧩 Model added for round 138 (2/3) from ['node_5']
[ 2026-03-22 17:19:43 | node_43 | INFO ] 🧩 Model added for round 139 (3/3) from ['node_44']
[ 2026-03-22 17:19:43 | node_20 | INFO ] 🧩 Model added for round 138 (2/3) from ['node_19']
[ 2026-03-22 17:19:43 | node_26 | INFO ] 🧩 Model added for round 138 (3/3) from ['node_25']
[ 2026-03-22 17:19:43 | node_7 | INFO ] 📤 Sending model to 2 direct neighbors: ['node_6', 'node_8']
[ 2026-03-22 17:19:43 | node_39 | INFO ] 📤 Sending model to 2 direct neighbors: ['node_38', 'node_40']
[ 2026-03-22 17:19:43 | node_21 | INFO ] 📤 Sending model to 2 direct neighbors: ['node_20', 'node_22']
[ 2026-03-22 17:19:43 | node_10 | INFO ] 🧩 Model added for round 138 (3/3) from ['node_11']
[ 2026-03-22 17:19:44 | node_32 | INFO ] 🧩 Model added for round 138 (3/3) from ['node_31']
[ 2026-03-22 17:19:44 | node_21 | INFO ] 🧩 Model added for round 138 (2/3) from ['node_22']
[ 2026-03-22 17:19:44 | node_6 | INFO ] 🧩 Model added for round 138 (3/3) from ['node_7']
[ 2026-03-22 17:19:44 | node_34 | INFO ] 🧩 Model added for round 138 (3/3) from ['node_33']
[ 2026-03-22 17:19:44 | node_21 | INFO ] 🧩 Model added for round 138 (3/3) from ['node_20']
[ 2026-03-22 17:19:44 | node_20 | INFO ] 🧩 Model added for round 138 (3/3) from ['node_21']
[ 2026-03-22 17:19:44 | node_38 | INFO ] 🧩 Model added for round 139 (2/3) from ['node_39']
[ 2026-03-22 17:19:44 | node_12 | INFO ] 🧩 Model added for round 138 (3/3) from ['node_11']
[ 2026-03-22 17:19:44 | node_14 | INFO ] 🧠 Aggregation complete. Setting new model.
[ 2026-03-22 17:19:44 | node_45 | INFO ] 🧩 Model added for round 139 (2/3) from ['node_44']
[ 2026-03-22 17:19:44 | node_17 | INFO ] 🧠 Aggregation complete. Setting new model.
[ 2026-03-22 17:19:44 | node_14 | INFO ] 🗣️ Gossiping aggregated model.
[ 2026-03-22 17:19:44 | node_8 | INFO ] 🧩 Model added for round 138 (3/3) from ['node_7']
[ 2026-03-22 17:19:44 | node_17 | INFO ] 🗣️ Gossiping aggregated model.
[ 2026-03-22 17:19:44 | node_23 | INFO ] 🧩 Model added for round 138 (3/3) from ['node_22']
[ 2026-03-22 17:19:44 | node_40 | INFO ] 🧩 Model added for round 139 (3/3) from ['node_39']
[ 2026-03-22 17:19:44 | node_22 | INFO ] 🧩 Model added for round 138 (3/3) from ['node_21']
[ 2026-03-22 17:19:45 | node_30 | INFO ] 🧠 Aggregation complete. Setting new model.
[ 2026-03-22 17:19:45 | node_24 | INFO ] 🧠 Aggregation complete. Setting new model.
[ 2026-03-22 17:19:45 | node_37 | INFO ] 📤 Sending model to 2 direct neighbors: ['node_36', 'node_38']
[ 2026-03-22 17:19:45 | node_18 | INFO ] 🧠 Aggregation complete. Setting new model.
[ 2026-03-22 17:19:45 | node_16 | INFO ] 🧠 Aggregation complete. Setting new model.
[ 2026-03-22 17:19:45 | node_24 | INFO ] 🗣️ Gossiping aggregated model.
[ 2026-03-22 17:19:45 | node_15 | INFO ] 🧠 Aggregation complete. Setting new model.
[ 2026-03-22 17:19:45 | node_30 | INFO ] 🗣️ Gossiping aggregated model.
[ 2026-03-22 17:19:45 | node_28 | INFO ] 🧠 Aggregation complete. Setting new model.
[ 2026-03-22 17:19:45 | node_32 | INFO ] 🧠 Aggregation complete. Setting new model.
[ 2026-03-22 17:19:45 | node_26 | INFO ] 🧠 Aggregation complete. Setting new model.
[ 2026-03-22 17:19:45 | node_19 | INFO ] 🧠 Aggregation complete. Setting new model.
[ 2026-03-22 17:19:45 | node_27 | INFO ] 🧠 Aggregation complete. Setting new model.
[ 2026-03-22 17:19:45 | node_20 | INFO ] 🧠 Aggregation complete. Setting new model.
[ 2026-03-22 17:19:45 | node_43 | INFO ] 🧠 Aggregation complete. Setting new model.
[ 2026-03-22 17:19:45 | node_31 | INFO ] 🧠 Aggregation complete. Setting new model.
[ 2026-03-22 17:19:45 | node_25 | INFO ] 🧠 Aggregation complete. Setting new model.
[ 2026-03-22 17:19:45 | node_16 | INFO ] 🗣️ Gossiping aggregated model.
[ 2026-03-22 17:19:45 | node_18 | INFO ] 🗣️ Gossiping aggregated model.
[ 2026-03-22 17:19:45 | node_15 | INFO ] 🗣️ Gossiping aggregated model.
[ 2026-03-22 17:19:45 | node_43 | INFO ] 🗣️ Gossiping aggregated model.
[ 2026-03-22 17:19:45 | node_27 | INFO ] 🗣️ Gossiping aggregated model.
[ 2026-03-22 17:19:45 | node_26 | INFO ] 🗣️ Gossiping aggregated model.
[ 2026-03-22 17:19:45 | node_20 | INFO ] 🗣️ Gossiping aggregated model.
[ 2026-03-22 17:19:45 | node_31 | INFO ] 🗣️ Gossiping aggregated model.
[ 2026-03-22 17:19:45 | node_15 | INFO ] 🤫 Gossip finished.
[ 2026-03-22 17:19:45 | node_32 | INFO ] 🗣️ Gossiping aggregated model.
[ 2026-03-22 17:19:45 | node_27 | INFO ] 🤫 Gossip finished.
[ 2026-03-22 17:19:45 | node_19 | INFO ] 🗣️ Gossiping aggregated model.
[ 2026-03-22 17:19:45 | node_31 | INFO ] 🤫 Gossip finished.
[ 2026-03-22 17:19:45 | node_28 | INFO ] 🗣️ Gossiping aggregated model.
[ 2026-03-22 17:19:45 | node_15 | INFO ] 🔬 Evaluating...
[ 2026-03-22 17:19:45 | node_19 | INFO ] 🤫 Gossip finished.
[ 2026-03-22 17:19:45 | node_28 | INFO ] 🤫 Gossip finished.
[ 2026-03-22 17:19:45 | node_27 | INFO ] 🔬 Evaluating...
[ 2026-03-22 17:19:45 | node_31 | INFO ] 🔬 Evaluating...
[ 2026-03-22 17:19:45 | node_19 | INFO ] 🔬 Evaluating...
[ 2026-03-22 17:19:45 | node_45 | INFO ] 📤 Sending model to 2 direct neighbors: ['node_44', 'node_46']
[ 2026-03-22 17:19:45 | node_28 | INFO ] 🔬 Evaluating...
[ 2026-03-22 17:19:45 | node_25 | INFO ] 🗣️ Gossiping aggregated model.
[ 2026-03-22 17:19:45 | node_25 | INFO ] 🤫 Gossip finished.
[ 2026-03-22 17:19:45 | node_10 | INFO ] 🧠 Aggregation complete. Setting new model.
[ 2026-03-22 17:19:45 | node_25 | INFO ] 🔬 Evaluating...
[ 2026-03-22 17:19:45 | node_33 | INFO ] 🧠 Aggregation complete. Setting new model.
[ 2026-03-22 17:19:45 | node_42 | INFO ] 🤫 Gossip finished.
[ 2026-03-22 17:19:45 | node_11 | INFO ] 🧠 Aggregation complete. Setting new model.
[ 2026-03-22 17:19:45 | node_42 | INFO ] 🔬 Evaluating...
[ 2026-03-22 17:19:46 | node_38 | INFO ] 🧩 Model added for round 139 (3/3) from ['node_37']
[ 2026-03-22 17:19:46 | node_1 | INFO ] 📈 Evaluated. Results: {'test_loss': 0.0013533647870644927, 'test_accuracy': 0.996941089630127, 'test_precision': 0.522057294845581, 'test_recall': 0.18016095459461212, 'test_f1': 0.26421409845352173, 'communication_cost': 1457816}
[ 2026-03-22 17:19:46 | node_12 | INFO ] 🧠 Aggregation complete. Setting new model.
[ 2026-03-22 17:19:46 | node_34 | INFO ] 🧠 Aggregation complete. Setting new model.
[ 2026-03-22 17:19:46 | node_10 | INFO ] 🗣️ Gossiping aggregated model.
[ 2026-03-22 17:19:46 | node_22 | INFO ] 🧠 Aggregation complete. Setting new model.
[ 2026-03-22 17:19:46 | node_23 | INFO ] 🧠 Aggregation complete. Setting new model.
[ 2026-03-22 17:19:46 | node_21 | INFO ] 🧠 Aggregation complete. Setting new model.
[ 2026-03-22 17:19:46 | node_8 | INFO ] 🧠 Aggregation complete. Setting new model.
[ 2026-03-22 17:19:46 | node_40 | INFO ] 🧠 Aggregation complete. Setting new model.
[ 2026-03-22 17:19:46 | node_1 | INFO ] 📢 Broadcasting metrics.
[ 2026-03-22 17:19:46 | node_44 | INFO ] 🧩 Model added for round 139 (3/3) from ['node_45']
[ 2026-03-22 17:19:46 | node_33 | INFO ] 🗣️ Gossiping aggregated model.
[ 2026-03-22 17:19:46 | node_10 | INFO ] 🤫 Gossip finished.
[ 2026-03-22 17:19:46 | node_33 | INFO ] 🤫 Gossip finished.
[ 2026-03-22 17:19:46 | node_11 | INFO ] 🗣️ Gossiping aggregated model.
[ 2026-03-22 17:19:46 | node_44 | INFO ] 🧠 Aggregation complete. Setting new model.
[ 2026-03-22 17:19:46 | node_10 | INFO ] 🔬 Evaluating...
[ 2026-03-22 17:19:46 | node_11 | INFO ] 🤫 Gossip finished.
[ 2026-03-22 17:19:46 | node_33 | INFO ] 🔬 Evaluating...
[ 2026-03-22 17:19:46 | node_12 | INFO ] 🗣️ Gossiping aggregated model.
[ 2026-03-22 17:19:46 | node_40 | INFO ] 🗣️ Gossiping aggregated model.
[ 2026-03-22 17:19:46 | node_11 | INFO ] 🔬 Evaluating...
[ 2026-03-22 17:19:46 | node_23 | INFO ] 🗣️ Gossiping aggregated model.
[ 2026-03-22 17:19:46 | node_21 | INFO ] 🗣️ Gossiping aggregated model.
[ 2026-03-22 17:19:46 | node_12 | INFO ] 🤫 Gossip finished.
[ 2026-03-22 17:19:46 | node_34 | INFO ] 🗣️ Gossiping aggregated model.
[ 2026-03-22 17:19:46 | node_23 | INFO ] 🤫 Gossip finished.
[ 2026-03-22 17:19:46 | node_35 | INFO ] 🤫 Gossip finished.
[ 2026-03-22 17:19:46 | node_34 | INFO ] 🤫 Gossip finished.
[ 2026-03-22 17:19:46 | node_21 | INFO ] 🤫 Gossip finished.
[ 2026-03-22 17:19:46 | node_12 | INFO ] 🔬 Evaluating...
[ 2026-03-22 17:19:46 | node_23 | INFO ] 🔬 Evaluating...
[ 2026-03-22 17:19:46 | node_35 | INFO ] 🔬 Evaluating...
[ 2026-03-22 17:19:46 | node_22 | INFO ] 🗣️ Gossiping aggregated model.
[ 2026-03-22 17:19:46 | node_8 | INFO ] 🗣️ Gossiping aggregated model.
[ 2026-03-22 17:19:46 | node_34 | INFO ] 🔬 Evaluating...
[ 2026-03-22 17:19:46 | node_22 | INFO ] 🤫 Gossip finished.
[ 2026-03-22 17:19:46 | node_21 | INFO ] 🔬 Evaluating...
[ 2026-03-22 17:19:46 | node_44 | INFO ] 🗣️ Gossiping aggregated model.
[ 2026-03-22 17:19:46 | node_22 | INFO ] 🔬 Evaluating...
[ 2026-03-22 17:19:46 | node_16 | INFO ] 🤫 Gossip finished.
[ 2026-03-22 17:19:47 | node_6 | INFO ] 📤 Sending model to 2 direct neighbors: ['node_5', 'node_7']
[ 2026-03-22 17:19:47 | node_1 | INFO ] 🎉 Round 138 of 150 finished.
[ 2026-03-22 17:19:47 | node_16 | INFO ] 🔬 Evaluating...
[ 2026-03-22 17:19:47 | node_9 | INFO ] 🤫 Gossip finished.
[ 2026-03-22 17:19:47 | node_14 | INFO ] 🤫 Gossip finished.
[ 2026-03-22 17:19:47 | node_1 | INFO ] 🗳️ [DETERMINISTIC] Train set assigned (No Voting). Size: 50
[ 2026-03-22 17:19:47 | node_5 | INFO ] 🧩 Model added for round 138 (2/3) from ['node_6']
[ 2026-03-22 17:19:47 | node_9 | INFO ] 🔬 Evaluating...
[ 2026-03-22 17:19:47 | node_14 | INFO ] 🔬 Evaluating...
[ 2026-03-22 17:19:47 | node_1 | INFO ] 🏋️‍♀️ Preparing training...
[ 2026-03-22 17:19:47 | node_13 | INFO ] 🤫 Gossip finished.
[ 2026-03-22 17:19:47 | node_48 | INFO ] 📤 Sending model to 2 direct neighbors: ['node_47', 'node_49']
[ 2026-03-22 17:19:47 | node_13 | INFO ] 🔬 Evaluating...
[ 2026-03-22 17:19:47 | node_47 | INFO ] 🧩 Model added for round 138 (3/3) from ['node_48']
[ 2026-03-22 17:19:47 | node_7 | INFO ] 🧩 Model added for round 138 (3/3) from ['node_6']
[ 2026-03-22 17:19:47 | node_4 | INFO ] 📤 Sending model to 2 direct neighbors: ['node_3', 'node_5']
[ 2026-03-22 17:19:47 | node_47 | INFO ] 🧠 Aggregation complete. Setting new model.
[ 2026-03-22 17:19:47 | node_7 | INFO ] 🧠 Aggregation complete. Setting new model.
[ 2026-03-22 17:19:48 | node_32 | INFO ] 🤫 Gossip finished.
[ 2026-03-22 17:19:48 | node_26 | INFO ] 🤫 Gossip finished.
[ 2026-03-22 17:19:48 | node_38 | INFO ] 📤 Sending model to 2 direct neighbors: ['node_37', 'node_39']
[ 2026-03-22 17:19:48 | node_20 | INFO ] 🤫 Gossip finished.
[ 2026-03-22 17:19:48 | node_43 | INFO ] 🤫 Gossip finished.
[ 2026-03-22 17:19:48 | node_18 | INFO ] 🤫 Gossip finished.
[ 2026-03-22 17:19:48 | node_46 | INFO ] 🤫 Gossip finished.
[ 2026-03-22 17:19:48 | node_6 | INFO ] 🧠 Aggregation complete. Setting new model.
[ 2026-03-22 17:19:48 | node_26 | INFO ] 🔬 Evaluating...
[ 2026-03-22 17:19:48 | node_32 | INFO ] 🔬 Evaluating...
[ 2026-03-22 17:19:48 | node_18 | INFO ] 🔬 Evaluating...
[ 2026-03-22 17:19:48 | node_43 | INFO ] 🔬 Evaluating...
[ 2026-03-22 17:19:48 | node_46 | INFO ] 🔬 Evaluating...
[ 2026-03-22 17:19:48 | node_7 | INFO ] 🗣️ Gossiping aggregated model.
[ 2026-03-22 17:19:48 | node_28 | INFO ] 📈 Evaluated. Results: {'test_loss': 0.0010441804770380259, 'test_accuracy': 0.9970307946205139, 'test_precision': 0.7831563949584961, 'test_recall': 0.3486013114452362, 'test_f1': 0.4743211567401886, 'communication_cost': 1457816}
[ 2026-03-22 17:19:48 | node_20 | INFO ] 🔬 Evaluating...
[ 2026-03-22 17:19:48 | node_47 | INFO ] 🗣️ Gossiping aggregated model.
[ 2026-03-22 17:19:48 | node_28 | INFO ] 📢 Broadcasting metrics.
[ 2026-03-22 17:19:48 | node_6 | INFO ] 🗣️ Gossiping aggregated model.
[ 2026-03-22 17:19:48 | node_5 | INFO ] 🧩 Model added for round 138 (3/3) from ['node_4']
[ 2026-03-22 17:19:48 | node_37 | INFO ] 🧩 Model added for round 139 (2/3) from ['node_38']
[ 2026-03-22 17:19:48 | node | INFO ] 🎓 Training step done.
[ 2026-03-22 17:19:48 | node_17 | INFO ] 🤫 Gossip finished.
[ 2026-03-22 17:19:48 | node | INFO ] 🛠️ Calling force_add_local_model...
[ 2026-03-22 17:19:48 | node_5 | INFO ] 🧠 Aggregation complete. Setting new model.
[ 2026-03-22 17:19:48 | node_24 | INFO ] 🤫 Gossip finished.
[ 2026-03-22 17:19:48 | node_36 | INFO ] ⏹️  Gossiping exited for 10 equal rounds.
[ 2026-03-22 17:19:48 | node | INFO ] ✅ [FORCE] Local model added for round 138. (1/3)
[ 2026-03-22 17:19:49 | node_17 | INFO ] 🔬 Evaluating...
[ 2026-03-22 17:19:49 | node_8 | INFO ] 🤫 Gossip finished.
[ 2026-03-22 17:19:49 | node_24 | INFO ] 🔬 Evaluating...
[ 2026-03-22 17:19:49 | node_36 | INFO ] 🔬 Evaluating...
[ 2026-03-22 17:19:49 | node_8 | INFO ] 🔬 Evaluating...
[ 2026-03-22 17:19:49 | node_39 | INFO ] 🧩 Model added for round 139 (3/3) from ['node_38']
[ 2026-03-22 17:19:49 | node_5 | INFO ] 🗣️ Gossiping aggregated model.
[ 2026-03-22 17:19:49 | node_39 | INFO ] 🧠 Aggregation complete. Setting new model.
[ 2026-03-22 17:19:49 | node_27 | INFO ] 📈 Evaluated. Results: {'test_loss': 0.001348125166259706, 'test_accuracy': 0.9966708421707153, 'test_precision': 0.6314558386802673, 'test_recall': 0.14978978037834167, 'test_f1': 0.23033694922924042, 'communication_cost': 1457816}
[ 2026-03-22 17:19:49 | node_42 | INFO ] 📈 Evaluated. Results: {'test_loss': 0.00142335903365165, 'test_accuracy': 0.9969407916069031, 'test_precision': 0.8157278895378113, 'test_recall': 0.2318151742219925, 'test_f1': 0.3428434133529663, 'communication_cost': 1457816}
[ 2026-03-22 17:19:49 | node_28 | INFO ] 🎉 Round 139 of 150 finished.
[ 2026-03-22 17:19:49 | node_27 | INFO ] 📢 Broadcasting metrics.
[ 2026-03-22 17:19:49 | node_42 | INFO ] 📢 Broadcasting metrics.
[ 2026-03-22 17:19:49 | node_31 | INFO ] 📈 Evaluated. Results: {'test_loss': 0.001051336876116693, 'test_accuracy': 0.9976606369018555, 'test_precision': 0.6314558386802673, 'test_recall': 0.21345479786396027, 'test_f1': 0.31159868836402893, 'communication_cost': 1457816}
[ 2026-03-22 17:19:49 | node_28 | INFO ] 🗳️ [DETERMINISTIC] Train set assigned (No Voting). Size: 50
[ 2026-03-22 17:19:49 | node_31 | INFO ] 📢 Broadcasting metrics.
[ 2026-03-22 17:19:49 | node_25 | INFO ] 📈 Evaluated. Results: {'test_loss': 0.0011586606269702315, 'test_accuracy': 0.9972107410430908, 'test_precision': 0.5528162717819214, 'test_recall': 0.16189619898796082, 'test_f1': 0.2492060661315918, 'communication_cost': 1457816}
[ 2026-03-22 17:19:49 | node_15 | INFO ] 📈 Evaluated. Results: {'test_loss': 0.0012312829494476318, 'test_accuracy': 0.9971210360527039, 'test_precision': 0.8157444596290588, 'test_recall': 0.19141273200511932, 'test_f1': 0.29834258556365967, 'communication_cost': 1457816}
[ 2026-03-22 17:19:50 | node_25 | INFO ] 📢 Broadcasting metrics.
[ 2026-03-22 17:19:50 | node_38 | INFO ] 🧠 Aggregation complete. Setting new model.
[ 2026-03-22 17:19:50 | node_15 | INFO ] 📢 Broadcasting metrics.
[ 2026-03-22 17:19:50 | node_28 | INFO ] 🏋️‍♀️ Preparing training...
[ 2026-03-22 17:19:50 | node_39 | INFO ] 🗣️ Gossiping aggregated model.
[ 2026-03-22 17:19:50 | node_7 | INFO ] 🤫 Gossip finished.
[ 2026-03-22 17:19:50 | node_7 | INFO ] 🔬 Evaluating...
[ 2026-03-22 17:19:50 | node_34 | INFO ] 📈 Evaluated. Results: {'test_loss': 0.0011445035925135016, 'test_accuracy': 0.9973906874656677, 'test_precision': 0.5528162717819214, 'test_recall': 0.1883220225572586, 'test_f1': 0.2791782319545746, 'communication_cost': 1457816}
[ 2026-03-22 17:19:50 | node_23 | INFO ] 📈 Evaluated. Results: {'test_loss': 0.001365194795653224, 'test_accuracy': 0.9965808987617493, 'test_precision': 0.7850158214569092, 'test_recall': 0.2450362890958786, 'test_f1': 0.354142427444458, 'communication_cost': 1457816}
[ 2026-03-22 17:19:50 | node_16 | INFO ] 📈 Evaluated. Results: {'test_loss': 0.001134103862568736, 'test_accuracy': 0.99676114320755, 'test_precision': 0.6756035685539246, 'test_recall': 0.1535462588071823, 'test_f1': 0.2440224289894104, 'communication_cost': 1457816}
[ 2026-03-22 17:19:50 | node_33 | INFO ] 📈 Evaluated. Results: {'test_loss': 0.0016818555304780602, 'test_accuracy': 0.9962210059165955, 'test_precision': 0.460680216550827, 'test_recall': 0.0742207020521164, 'test_f1': 0.1263580024242401, 'communication_cost': 1457816}
[ 2026-03-22 17:19:50 | node_40 | INFO ] 🤫 Gossip finished.
[ 2026-03-22 17:19:50 | node_34 | INFO ] 📢 Broadcasting metrics.
[ 2026-03-22 17:19:50 | node_23 | INFO ] 📢 Broadcasting metrics.
[ 2026-03-22 17:19:50 | node_16 | INFO ] 📢 Broadcasting metrics.
[ 2026-03-22 17:19:50 | node_33 | INFO ] 📢 Broadcasting metrics.
[ 2026-03-22 17:19:50 | node_38 | INFO ] 🗣️ Gossiping aggregated model.
[ 2026-03-22 17:19:50 | node_6 | INFO ] 🤫 Gossip finished.
[ 2026-03-22 17:19:50 | node_40 | INFO ] 🔬 Evaluating...
[ 2026-03-22 17:19:50 | node_6 | INFO ] 🔬 Evaluating...
[ 2026-03-22 17:19:50 | node_27 | INFO ] 🎉 Round 139 of 150 finished.
[ 2026-03-22 17:19:50 | node_13 | INFO ] 📈 Evaluated. Results: {'test_loss': 0.0011623278260231018, 'test_accuracy': 0.997300922870636, 'test_precision': 0.8157444596290588, 'test_recall': 0.3168819546699524, 'test_f1': 0.4384689927101135, 'communication_cost': 1457816}
[ 2026-03-22 17:19:50 | node_21 | INFO ] 📈 Evaluated. Results: {'test_loss': 0.0013226281153038144, 'test_accuracy': 0.9963109493255615, 'test_precision': 0.921360433101654, 'test_recall': 0.17812968790531158, 'test_f1': 0.29834532737731934, 'communication_cost': 1457816}
[ 2026-03-22 17:19:50 | node_35 | INFO ] 📈 Evaluated. Results: {'test_loss': 0.0010804939083755016, 'test_accuracy': 0.9973906874656677, 'test_precision': 0.921360433101654, 'test_recall': 0.2871108055114746, 'test_f1': 0.42537033557891846, 'communication_cost': 1457816}
[ 2026-03-22 17:19:50 | node_42 | INFO ] 🎉 Round 140 of 150 finished.
[ 2026-03-22 17:19:51 | node_12 | INFO ] 📈 Evaluated. Results: {'test_loss': 0.001186627079732716, 'test_accuracy': 0.996941089630127, 'test_precision': 0.7001709342002869, 'test_recall': 0.18681462109088898, 'test_f1': 0.286783903837204, 'communication_cost': 1457816}
[ 2026-03-22 17:19:51 | node_27 | INFO ] 🗳️ [DETERMINISTIC] Train set assigned (No Voting). Size: 50
[ 2026-03-22 17:19:51 | node_21 | INFO ] 📢 Broadcasting metrics.
[ 2026-03-22 17:19:51 | node_35 | INFO ] 📢 Broadcasting metrics.
[ 2026-03-22 17:19:51 | node_13 | INFO ] 📢 Broadcasting metrics.
[ 2026-03-22 17:19:51 | node_31 | INFO ] 🎉 Round 139 of 150 finished.
[ 2026-03-22 17:19:51 | node_12 | INFO ] 📢 Broadcasting metrics.
[ 2026-03-22 17:19:51 | node_42 | INFO ] 🗳️ [DETERMINISTIC] Train set assigned (No Voting). Size: 50
[ 2026-03-22 17:19:51 | node_31 | INFO ] 🗳️ [DETERMINISTIC] Train set assigned (No Voting). Size: 50
[ 2026-03-22 17:19:51 | node_25 | INFO ] 🎉 Round 139 of 150 finished.
[ 2026-03-22 17:19:51 | node_27 | INFO ] 🏋️‍♀️ Preparing training...
[ 2026-03-22 17:19:51 | node_15 | INFO ] 🎉 Round 139 of 150 finished.
[ 2026-03-22 17:19:51 | node_32 | INFO ] 📈 Evaluated. Results: {'test_loss': 0.0010509015992283821, 'test_accuracy': 0.9969407916069031, 'test_precision': 0.8292244076728821, 'test_recall': 0.30520766973495483, 'test_f1': 0.4247564971446991, 'communication_cost': 1457816}
[ 2026-03-22 17:19:51 | node_42 | INFO ] 🏋️‍♀️ Preparing training...
[ 2026-03-22 17:19:51 | node_32 | INFO ] 📢 Broadcasting metrics.
[ 2026-03-22 17:19:51 | node_25 | INFO ] 🗳️ [DETERMINISTIC] Train set assigned (No Voting). Size: 50
[ 2026-03-22 17:19:51 | node_15 | INFO ] 🗳️ [DETERMINISTIC] Train set assigned (No Voting). Size: 50
[ 2026-03-22 17:19:51 | node_19 | INFO ] 📈 Evaluated. Results: {'test_loss': 0.0011716227745637298, 'test_accuracy': 0.99712073802948, 'test_precision': 0.8157278895378113, 'test_recall': 0.26421961188316345, 'test_f1': 0.3905065059661865, 'communication_cost': 1457816}
[ 2026-03-22 17:19:51 | node_31 | INFO ] 🏋️‍♀️ Preparing training...
[ 2026-03-22 17:19:51 | node_19 | INFO ] 📢 Broadcasting metrics.
[ 2026-03-22 17:19:51 | node_34 | INFO ] 🎉 Round 139 of 150 finished.
[ 2026-03-22 17:19:51 | node_16 | INFO ] 🎉 Round 139 of 150 finished.
[ 2026-03-22 17:19:51 | node_23 | INFO ] 🎉 Round 139 of 150 finished.
[ 2026-03-22 17:19:51 | node_33 | INFO ] 🎉 Round 139 of 150 finished.
[ 2026-03-22 17:19:51 | node_25 | INFO ] 🏋️‍♀️ Preparing training...
[ 2026-03-22 17:19:51 | node_15 | INFO ] 🏋️‍♀️ Preparing training...
[ 2026-03-22 17:19:51 | node_16 | INFO ] 🗳️ [DETERMINISTIC] Train set assigned (No Voting). Size: 50
[ 2026-03-22 17:19:51 | node_11 | INFO ] 📈 Evaluated. Results: {'test_loss': 0.0012383197899907827, 'test_accuracy': 0.9966711401939392, 'test_precision': 0.6141850352287292, 'test_recall': 0.1351207196712494, 'test_f1': 0.2186768800020218, 'communication_cost': 1457816}
[ 2026-03-22 17:19:51 | node_23 | INFO ] 🗳️ [DETERMINISTIC] Train set assigned (No Voting). Size: 50
[ 2026-03-22 17:19:51 | node_43 | INFO ] 📈 Evaluated. Results: {'test_loss': 0.0014778194017708302, 'test_accuracy': 0.9961310029029846, 'test_precision': 0.36854419112205505, 'test_recall': 0.04679926484823227, 'test_f1': 0.08292243629693985, 'communication_cost': 1457816}
[ 2026-03-22 17:19:51 | node_22 | INFO ] 📈 Evaluated. Results: {'test_loss': 0.0012899124994874, 'test_accuracy': 0.9972107410430908, 'test_precision': 0.8157278895378113, 'test_recall': 0.188126802444458, 'test_f1': 0.2868614196777344, 'communication_cost': 1457816}
[ 2026-03-22 17:19:51 | node_34 | INFO ] 🗳️ [DETERMINISTIC] Train set assigned (No Voting). Size: 50
[ 2026-03-22 17:19:51 | node_11 | INFO ] 📢 Broadcasting metrics.
[ 2026-03-22 17:19:51 | node_43 | INFO ] 📢 Broadcasting metrics.
[ 2026-03-22 17:19:51 | node_33 | INFO ] 🗳️ [DETERMINISTIC] Train set assigned (No Voting). Size: 50
[ 2026-03-22 17:19:51 | node_22 | INFO ] 📢 Broadcasting metrics.
[ 2026-03-22 17:19:51 | node_23 | INFO ] 🏋️‍♀️ Preparing training...
[ 2026-03-22 17:19:51 | node_16 | INFO ] 🏋️‍♀️ Preparing training...
[ 2026-03-22 17:19:51 | node_34 | INFO ] 🏋️‍♀️ Preparing training...
[ 2026-03-22 17:19:51 | node_33 | INFO ] 🏋️‍♀️ Preparing training...
[ 2026-03-22 17:19:51 | node_10 | INFO ] 📈 Evaluated. Results: {'test_loss': 0.0013048183172941208, 'test_accuracy': 0.997031033039093, 'test_precision': 0.5527665615081787, 'test_recall': 0.10850602388381958, 'test_f1': 0.18106494843959808, 'communication_cost': 1457816}
[ 2026-03-22 17:19:51 | node_21 | INFO ] 🎉 Round 139 of 150 finished.
[ 2026-03-22 17:19:52 | node_10 | INFO ] 📢 Broadcasting metrics.
[ 2026-03-22 17:19:52 | node_26 | INFO ] 📈 Evaluated. Results: {'test_loss': 0.0011277139419689775, 'test_accuracy': 0.9970307946205139, 'test_precision': 0.7370883822441101, 'test_recall': 0.1750584840774536, 'test_f1': 0.2816055715084076, 'communication_cost': 1457816}
[ 2026-03-22 17:19:52 | node_9 | INFO ] 📈 Evaluated. Results: {'test_loss': 0.0012541386531665921, 'test_accuracy': 0.997031033039093, 'test_precision': 0.8598591089248657, 'test_recall': 0.22971196472644806, 'test_f1': 0.35008546710014343, 'communication_cost': 1457816}
[ 2026-03-22 17:19:52 | node_13 | INFO ] 🎉 Round 139 of 150 finished.
[ 2026-03-22 17:19:52 | node_35 | INFO ] 🎉 Round 139 of 150 finished.
[ 2026-03-22 17:19:52 | node_12 | INFO ] 🎉 Round 139 of 150 finished.
[ 2026-03-22 17:19:52 | node_26 | INFO ] 📢 Broadcasting metrics.
[ 2026-03-22 17:19:52 | node_9 | INFO ] 📢 Broadcasting metrics.
[ 2026-03-22 17:19:52 | node_14 | INFO ] 📈 Evaluated. Results: {'test_loss': 0.0012819941621273756, 'test_accuracy': 0.9968510866165161, 'test_precision': 0.9212775826454163, 'test_recall': 0.20313306152820587, 'test_f1': 0.3150904178619385, 'communication_cost': 1457816}
[ 2026-03-22 17:19:52 | node_21 | INFO ] 🗳️ [DETERMINISTIC] Train set assigned (No Voting). Size: 50
[ 2026-03-22 17:19:52 | node_17 | INFO ] 📈 Evaluated. Results: {'test_loss': 0.001404527691192925, 'test_accuracy': 0.9968510866165161, 'test_precision': 0.8157444596290588, 'test_recall': 0.19982582330703735, 'test_f1': 0.30184534192085266, 'communication_cost': 1457816}
[ 2026-03-22 17:19:52 | node_13 | INFO ] 🗳️ [DETERMINISTIC] Train set assigned (No Voting). Size: 50
[ 2026-03-22 17:19:52 | node_14 | INFO ] 📢 Broadcasting metrics.
[ 2026-03-22 17:19:52 | node_35 | INFO ] 🗳️ [DETERMINISTIC] Train set assigned (No Voting). Size: 50
[ 2026-03-22 17:19:52 | node_36 | INFO ] 📈 Evaluated. Results: {'test_loss': 0.0015155244618654251, 'test_accuracy': 0.9963109493255615, 'test_precision': 0.6756643652915955, 'test_recall': 0.14537020027637482, 'test_f1': 0.23778033256530762, 'communication_cost': 1457816}
[ 2026-03-22 17:19:52 | node_12 | INFO ] 🗳️ [DETERMINISTIC] Train set assigned (No Voting). Size: 50
[ 2026-03-22 17:19:52 | node_17 | INFO ] 📢 Broadcasting metrics.
[ 2026-03-22 17:19:52 | node_36 | INFO ] 📢 Broadcasting metrics.
[ 2026-03-22 17:19:52 | node_32 | INFO ] 🎉 Round 139 of 150 finished.
[ 2026-03-22 17:19:52 | node_21 | INFO ] 🏋️‍♀️ Preparing training...
[ 2026-03-22 17:19:52 | node_39 | INFO ] 🤫 Gossip finished.
[ 2026-03-22 17:19:52 | node_13 | INFO ] 🏋️‍♀️ Preparing training...
[ 2026-03-22 17:19:52 | node_35 | INFO ] 🏋️‍♀️ Preparing training...
[ 2026-03-22 17:19:52 | node_12 | INFO ] 🏋️‍♀️ Preparing training...
[ 2026-03-22 17:19:52 | node_32 | INFO ] 🗳️ [DETERMINISTIC] Train set assigned (No Voting). Size: 50
[ 2026-03-22 17:19:52 | node_39 | INFO ] 🔬 Evaluating...
[ 2026-03-22 17:19:52 | node_19 | INFO ] 🎉 Round 139 of 150 finished.
[ 2026-03-22 17:19:52 | node_43 | INFO ] 🎉 Round 140 of 150 finished.
[ 2026-03-22 17:19:52 | node_19 | INFO ] 🗳️ [DETERMINISTIC] Train set assigned (No Voting). Size: 50
[ 2026-03-22 17:19:52 | node_32 | INFO ] 🏋️‍♀️ Preparing training...
[ 2026-03-22 17:19:52 | node_43 | INFO ] 🗳️ [DETERMINISTIC] Train set assigned (No Voting). Size: 50
[ 2026-03-22 17:19:52 | node_11 | INFO ] 🎉 Round 139 of 150 finished.
[ 2026-03-22 17:19:52 | node_46 | INFO ] 📈 Evaluated. Results: {'test_loss': 0.001560317468829453, 'test_accuracy': 0.9962210059165955, 'test_precision': 0.6314558386802673, 'test_recall': 0.12907615303993225, 'test_f1': 0.2025919109582901, 'communication_cost': 1457816}
[ 2026-03-22 17:19:52 | node_43 | INFO ] 🏋️‍♀️ Preparing training...
[ 2026-03-22 17:19:52 | node_11 | INFO ] 🗳️ [DETERMINISTIC] Train set assigned (No Voting). Size: 50
[ 2026-03-22 17:19:52 | node_20 | INFO ] 📈 Evaluated. Results: {'test_loss': 0.0011042775586247444, 'test_accuracy': 0.9972107410430908, 'test_precision': 0.7370883822441101, 'test_recall': 0.2441006898880005, 'test_f1': 0.34232082962989807, 'communication_cost': 1457816}
[ 2026-03-22 17:19:52 | node_19 | INFO ] 🏋️‍♀️ Preparing training...
[ 2026-03-22 17:19:52 | node_46 | INFO ] 📢 Broadcasting metrics.
[ 2026-03-22 17:19:52 | node_2 | INFO ] 🎓 Training step done.
[ 2026-03-22 17:19:52 | node_20 | INFO ] 📢 Broadcasting metrics.
[ 2026-03-22 17:19:52 | node_22 | INFO ] 🎉 Round 139 of 150 finished.
[ 2026-03-22 17:19:52 | node_2 | INFO ] 🛠️ Calling force_add_local_model...
[ 2026-03-22 17:19:52 | node_2 | INFO ] ✅ [FORCE] Local model added for round 138. (1/3)
[ 2026-03-22 17:19:52 | node_22 | INFO ] 🗳️ [DETERMINISTIC] Train set assigned (No Voting). Size: 50
[ 2026-03-22 17:19:52 | node_11 | INFO ] 🏋️‍♀️ Preparing training...
[ 2026-03-22 17:19:53 | node_26 | INFO ] 🎉 Round 139 of 150 finished.
[ 2026-03-22 17:19:53 | node_22 | INFO ] 🏋️‍♀️ Preparing training...
[ 2026-03-22 17:19:53 | node_40 | INFO ] 📈 Evaluated. Results: {'test_loss': 0.0013446894008666277, 'test_accuracy': 0.9965808987617493, 'test_precision': 0.692879855632782, 'test_recall': 0.24683482944965363, 'test_f1': 0.34336963295936584, 'communication_cost': 1457816}
[ 2026-03-22 17:19:53 | node_26 | INFO ] 🗳️ [DETERMINISTIC] Train set assigned (No Voting). Size: 50
[ 2026-03-22 17:19:53 | node_40 | INFO ] 📢 Broadcasting metrics.
[ 2026-03-22 17:19:53 | node_10 | INFO ] 🎉 Round 139 of 150 finished.
[ 2026-03-22 17:19:53 | node_24 | INFO ] 📈 Evaluated. Results: {'test_loss': 0.0009714982006698847, 'test_accuracy': 0.9973906874656677, 'test_precision': 0.953931987285614, 'test_recall': 0.33693382143974304, 'test_f1': 0.4716775715351105, 'communication_cost': 1457816}
[ 2026-03-22 17:19:53 | node_14 | INFO ] 🎉 Round 139 of 150 finished.
[ 2026-03-22 17:19:53 | node_9 | INFO ] 🎉 Round 139 of 150 finished.
[ 2026-03-22 17:19:53 | node_24 | INFO ] 📢 Broadcasting metrics.
[ 2026-03-22 17:19:53 | node_17 | INFO ] 🎉 Round 139 of 150 finished.
[ 2026-03-22 17:19:53 | node_10 | INFO ] 🗳️ [DETERMINISTIC] Train set assigned (No Voting). Size: 50
[ 2026-03-22 17:19:53 | node_26 | INFO ] 🏋️‍♀️ Preparing training...
[ 2026-03-22 17:19:53 | node_9 | INFO ] 🗳️ [DETERMINISTIC] Train set assigned (No Voting). Size: 50
[ 2026-03-22 17:19:53 | node_14 | INFO ] 🗳️ [DETERMINISTIC] Train set assigned (No Voting). Size: 50
[ 2026-03-22 17:19:53 | node_36 | INFO ] 🎉 Round 139 of 150 finished.
[ 2026-03-22 17:19:53 | node_18 | INFO ] 📈 Evaluated. Results: {'test_loss': 0.0012800642289221287, 'test_accuracy': 0.99676114320755, 'test_precision': 0.8157444596290588, 'test_recall': 0.13688841462135315, 'test_f1': 0.22357603907585144, 'communication_cost': 1457816}
[ 2026-03-22 17:19:53 | node_17 | INFO ] 🗳️ [DETERMINISTIC] Train set assigned (No Voting). Size: 50
[ 2026-03-22 17:19:53 | node_10 | INFO ] 🏋️‍♀️ Preparing training...
[ 2026-03-22 17:19:53 | node_36 | INFO ] 🗳️ [DETERMINISTIC] Train set assigned (No Voting). Size: 50
[ 2026-03-22 17:19:53 | node_9 | INFO ] 🏋️‍♀️ Preparing training...
[ 2026-03-22 17:19:53 | node_7 | INFO ] 📈 Evaluated. Results: {'test_loss': 0.0013237908715382218, 'test_accuracy': 0.99676114320755, 'test_precision': 0.8291497826576233, 'test_recall': 0.1901048868894577, 'test_f1': 0.3006715178489685, 'communication_cost': 1457816}
[ 2026-03-22 17:19:53 | node_18 | INFO ] 📢 Broadcasting metrics.
[ 2026-03-22 17:19:53 | node_8 | INFO ] 📈 Evaluated. Results: {'test_loss': 0.001433709403499961, 'test_accuracy': 0.9956815242767334, 'test_precision': 0.7370220422744751, 'test_recall': 0.13406331837177277, 'test_f1': 0.22133925557136536, 'communication_cost': 1457816}
[ 2026-03-22 17:19:53 | node_17 | INFO ] 🏋️‍♀️ Preparing training...
[ 2026-03-22 17:19:53 | node_14 | INFO ] 🏋️‍♀️ Preparing training...
[ 2026-03-22 17:19:53 | node_7 | INFO ] 📢 Broadcasting metrics.
[ 2026-03-22 17:19:53 | node_8 | INFO ] 📢 Broadcasting metrics.
[ 2026-03-22 17:19:53 | node_36 | INFO ] ♻️ Proactively processing 1 early models for round 139.
[ 2026-03-22 17:19:53 | node_36 | INFO ] 🧩 Model added for round 139 (1/3) from ['node_37']
[ 2026-03-22 17:19:53 | node_36 | INFO ] 🏋️‍♀️ Preparing training...
[ 2026-03-22 17:19:53 | node_46 | INFO ] 🎉 Round 139 of 150 finished.
[ 2026-03-22 17:19:53 | node_20 | INFO ] 🎉 Round 139 of 150 finished.
[ 2026-03-22 17:19:53 | node_41 | INFO ] ⏹️  Gossiping exited for 10 equal rounds.
[ 2026-03-22 17:19:53 | node_20 | INFO ] 🗳️ [DETERMINISTIC] Train set assigned (No Voting). Size: 50
[ 2026-03-22 17:19:53 | node_46 | INFO ] 🗳️ [DETERMINISTIC] Train set assigned (No Voting). Size: 50
[ 2026-03-22 17:19:53 | node_41 | INFO ] 🔬 Evaluating...
[ 2026-03-22 17:19:53 | node_20 | INFO ] 🏋️‍♀️ Preparing training...
[ 2026-03-22 17:19:53 | node_46 | INFO ] ♻️ Proactively processing 1 early models for round 139.
[ 2026-03-22 17:19:54 | node_46 | INFO ] 🧩 Model added for round 139 (1/3) from ['node_45']
[ 2026-03-22 17:19:54 | node_40 | INFO ] 🎉 Round 140 of 150 finished.
[ 2026-03-22 17:19:54 | node | INFO ] 📤 Sending model to 2 direct neighbors: ['node_1', 'node_49']
[ 2026-03-22 17:19:54 | node_46 | INFO ] 🏋️‍♀️ Preparing training...
[ 2026-03-22 17:19:54 | node_40 | INFO ] 🗳️ [DETERMINISTIC] Train set assigned (No Voting). Size: 50
[ 2026-03-22 17:19:54 | node_24 | INFO ] 🎉 Round 139 of 150 finished.
[ 2026-03-22 17:19:54 | node_6 | INFO ] 📈 Evaluated. Results: {'test_loss': 0.001211972557939589, 'test_accuracy': 0.9971210360527039, 'test_precision': 0.8157444596290588, 'test_recall': 0.2961447834968567, 'test_f1': 0.4336240291595459, 'communication_cost': 1457816}
[ 2026-03-22 17:19:54 | node_6 | INFO ] 📢 Broadcasting metrics.
[ 2026-03-22 17:19:54 | node_40 | INFO ] 🏋️‍♀️ Preparing training...
[ 2026-03-22 17:19:54 | node_24 | INFO ] 🗳️ [DETERMINISTIC] Train set assigned (No Voting). Size: 50
[ 2026-03-22 17:19:54 | node_18 | INFO ] 🎉 Round 139 of 150 finished.
[ 2026-03-22 17:19:54 | node_24 | INFO ] 🏋️‍♀️ Preparing training...
[ 2026-03-22 17:19:54 | node_1 | INFO ] 🧩 Model added for round 138 (1/3) from ['node']
[ 2026-03-22 17:19:54 | node_18 | INFO ] 🗳️ [DETERMINISTIC] Train set assigned (No Voting). Size: 50
[ 2026-03-22 17:19:54 | node_8 | INFO ] 🎉 Round 139 of 150 finished.
[ 2026-03-22 17:19:54 | node_7 | INFO ] 🎉 Round 139 of 150 finished.
[ 2026-03-22 17:19:54 | node_18 | INFO ] 🏋️‍♀️ Preparing training...
[ 2026-03-22 17:19:54 | node_7 | INFO ] 🗳️ [DETERMINISTIC] Train set assigned (No Voting). Size: 50
[ 2026-03-22 17:19:54 | node_8 | INFO ] 🗳️ [DETERMINISTIC] Train set assigned (No Voting). Size: 50
[ 2026-03-22 17:19:54 | node_8 | INFO ] 🏋️‍♀️ Preparing training...
[ 2026-03-22 17:19:54 | node_7 | INFO ] 🏋️‍♀️ Preparing training...
[ 2026-03-22 17:19:55 | node_6 | INFO ] 🎉 Round 139 of 150 finished.
[ 2026-03-22 17:19:55 | node_6 | INFO ] 🗳️ [DETERMINISTIC] Train set assigned (No Voting). Size: 50
[ 2026-03-22 17:19:55 | node_6 | INFO ] 🏋️‍♀️ Preparing training...
[ 2026-03-22 17:19:55 | node_1 | INFO ] 🎓 Training step done.
[ 2026-03-22 17:19:56 | node_1 | INFO ] 🛠️ Calling force_add_local_model...
[ 2026-03-22 17:19:56 | node_1 | INFO ] ✅ [FORCE] Local model added for round 138. (2/3)
[ 2026-03-22 17:19:57 | node_41 | INFO ] 📈 Evaluated. Results: {'test_loss': 0.001223867293447256, 'test_accuracy': 0.9974806308746338, 'test_precision': 0.7370883822441101, 'test_recall': 0.17608222365379333, 'test_f1': 0.2819921672344208, 'communication_cost': 1457816}
[ 2026-03-22 17:19:57 | node_41 | INFO ] 📢 Broadcasting metrics.
[ 2026-03-22 17:19:57 | node_3 | INFO ] ⏹️  Gossiping exited for 10 equal rounds.
[ 2026-03-22 17:19:57 | node_2 | INFO ] 📤 Sending model to 2 direct neighbors: ['node_1', 'node_3']
[ 2026-03-22 17:19:57 | node_3 | INFO ] 🔬 Evaluating...
[ 2026-03-22 17:19:57 | node_41 | INFO ] 🎉 Round 140 of 150 finished.
[ 2026-03-22 17:19:57 | node_39 | INFO ] 📈 Evaluated. Results: {'test_loss': 0.001057015615515411, 'test_accuracy': 0.9975706338882446, 'test_precision': 0.567566454410553, 'test_recall': 0.3903142213821411, 'test_f1': 0.4581199884414673, 'communication_cost': 1457816}
[ 2026-03-22 17:19:58 | node_41 | INFO ] 🗳️ [DETERMINISTIC] Train set assigned (No Voting). Size: 50
[ 2026-03-22 17:19:58 | node_1 | INFO ] 🧩 Model added for round 138 (3/3) from ['node_2']
[ 2026-03-22 17:19:58 | node_39 | INFO ] 📢 Broadcasting metrics.
[ 2026-03-22 17:19:58 | node_41 | INFO ] 🏋️‍♀️ Preparing training...
[ 2026-03-22 17:19:58 | node_28 | INFO ] 🎓 Training step done.
[ 2026-03-22 17:19:58 | node_28 | INFO ] 🛠️ Calling force_add_local_model...
[ 2026-03-22 17:19:58 | node_28 | INFO ] ✅ [FORCE] Local model added for round 139. (1/3)
[ 2026-03-22 17:19:58 | node_39 | INFO ] 🎉 Round 140 of 150 finished.
[ 2026-03-22 17:19:59 | node_39 | INFO ] 🗳️ [DETERMINISTIC] Train set assigned (No Voting). Size: 50
[ 2026-03-22 17:19:59 | node_39 | INFO ] 🏋️‍♀️ Preparing training...
[ 2026-03-22 17:19:59 | node_49 | INFO ] ⏹️  Gossiping exited for 10 equal rounds.
[ 2026-03-22 17:19:59 | node_49 | INFO ] 🔬 Evaluating...
[ 2026-03-22 17:20:00 | node_27 | INFO ] 🎓 Training step done.
[ 2026-03-22 17:20:00 | node_27 | INFO ] 🛠️ Calling force_add_local_model...
[ 2026-03-22 17:20:00 | node_27 | INFO ] ✅ [FORCE] Local model added for round 139. (1/3)
[ 2026-03-22 17:20:00 | node_36 | INFO ] 🎓 Training step done.
[ 2026-03-22 17:20:00 | node_36 | INFO ] 🛠️ Calling force_add_local_model...
[ 2026-03-22 17:20:00 | node_36 | INFO ] ✅ [FORCE] Local model added for round 139. (2/3)
[ 2026-03-22 17:20:00 | node_34 | INFO ] 🎓 Training step done.
[ 2026-03-22 17:20:00 | node_34 | INFO ] 🛠️ Calling force_add_local_model...
[ 2026-03-22 17:20:00 | node_34 | INFO ] ✅ [FORCE] Local model added for round 139. (1/3)
[ 2026-03-22 17:20:01 | node_19 | INFO ] 🎓 Training step done.
[ 2026-03-22 17:20:01 | node_19 | INFO ] 🛠️ Calling force_add_local_model...
[ 2026-03-22 17:20:01 | node_42 | INFO ] 🎓 Training step done.
[ 2026-03-22 17:20:01 | node_19 | INFO ] ✅ [FORCE] Local model added for round 139. (1/3)
[ 2026-03-22 17:20:01 | node_42 | INFO ] 🛠️ Calling force_add_local_model...
[ 2026-03-22 17:20:01 | node_9 | INFO ] 🎓 Training step done.
[ 2026-03-22 17:20:01 | node_42 | INFO ] ✅ [FORCE] Local model added for round 140. (1/3)
[ 2026-03-22 17:20:01 | node_9 | INFO ] 🛠️ Calling force_add_local_model...
[ 2026-03-22 17:20:01 | node_9 | INFO ] ✅ [FORCE] Local model added for round 139. (1/3)
[ 2026-03-22 17:20:01 | node_1 | INFO ] 📤 Sending model to 2 direct neighbors: ['node', 'node_2']
[ 2026-03-22 17:20:01 | node | INFO ] 🧩 Model added for round 138 (2/3) from ['node_1']
[ 2026-03-22 17:20:01 | node_2 | INFO ] 🧩 Model added for round 138 (2/3) from ['node_1']
[ 2026-03-22 17:20:02 | node_1 | INFO ] 🧠 Aggregation complete. Setting new model.
[ 2026-03-22 17:20:02 | node_1 | INFO ] 🗣️ Gossiping aggregated model.
[ 2026-03-22 17:20:03 | node_35 | INFO ] 🎓 Training step done.
[ 2026-03-22 17:20:03 | node_35 | INFO ] 🛠️ Calling force_add_local_model...
[ 2026-03-22 17:20:03 | node_35 | INFO ] ✅ [FORCE] Local model added for round 139. (1/3)
[ 2026-03-22 17:20:03 | node_3 | INFO ] 📈 Evaluated. Results: {'test_loss': 0.0017615115502849221, 'test_accuracy': 0.9961313605308533, 'test_precision': 0.522057294845581, 'test_recall': 0.36921969056129456, 'test_f1': 0.34438231587409973, 'communication_cost': 1457816}
[ 2026-03-22 17:20:03 | node_3 | INFO ] 📢 Broadcasting metrics.
[ 2026-03-22 17:20:03 | node_6 | INFO ] 🎓 Training step done.
[ 2026-03-22 17:20:03 | node_6 | INFO ] 🛠️ Calling force_add_local_model...
[ 2026-03-22 17:20:03 | node_6 | INFO ] ✅ [FORCE] Local model added for round 139. (1/3)
[ 2026-03-22 17:20:03 | node_40 | INFO ] 🎓 Training step done.
[ 2026-03-22 17:20:03 | node_40 | INFO ] 🛠️ Calling force_add_local_model...
[ 2026-03-22 17:20:03 | node_40 | INFO ] ✅ [FORCE] Local model added for round 140. (1/3)
[ 2026-03-22 17:20:03 | node_3 | INFO ] 🎉 Round 138 of 150 finished.
[ 2026-03-22 17:20:03 | node_3 | INFO ] 🗳️ [DETERMINISTIC] Train set assigned (No Voting). Size: 50
[ 2026-03-22 17:20:03 | node_28 | INFO ] 📤 Sending model to 2 direct neighbors: ['node_27', 'node_29']
[ 2026-03-22 17:20:03 | node_21 | INFO ] 🎓 Training step done.
[ 2026-03-22 17:20:03 | node_30 | INFO ] ⏹️  Gossiping exited for 10 equal rounds.
[ 2026-03-22 17:20:03 | node_29 | INFO ] ⏹️  Gossiping exited for 10 equal rounds.
[ 2026-03-22 17:20:03 | node_21 | INFO ] 🛠️ Calling force_add_local_model...
[ 2026-03-22 17:20:03 | node_3 | INFO ] ♻️ Proactively processing 2 early models for round 138.
[ 2026-03-22 17:20:03 | node_21 | INFO ] ✅ [FORCE] Local model added for round 139. (1/3)
[ 2026-03-22 17:20:03 | node_3 | INFO ] 🧩 Model added for round 138 (1/3) from ['node_4']
[ 2026-03-22 17:20:04 | node_11 | INFO ] 🎓 Training step done.
[ 2026-03-22 17:20:04 | node_3 | INFO ] 🧩 Model added for round 138 (2/3) from ['node_2']
[ 2026-03-22 17:20:04 | node_44 | INFO ] ⏹️  Gossiping exited for 10 equal rounds.
[ 2026-03-22 17:20:04 | node_11 | INFO ] 🛠️ Calling force_add_local_model...
[ 2026-03-22 17:20:04 | node_29 | INFO ] 🔬 Evaluating...
[ 2026-03-22 17:20:04 | node_30 | INFO ] 🔬 Evaluating...
[ 2026-03-22 17:20:04 | node_3 | INFO ] 🏋️‍♀️ Preparing training...
[ 2026-03-22 17:20:04 | node_43 | INFO ] 🎓 Training step done.
[ 2026-03-22 17:20:04 | node_11 | INFO ] ✅ [FORCE] Local model added for round 139. (1/3)
[ 2026-03-22 17:20:04 | node_27 | INFO ] 🧩 Model added for round 139 (2/3) from ['node_28']
[ 2026-03-22 17:20:04 | node_25 | INFO ] 🎓 Training step done.
[ 2026-03-22 17:20:04 | node_33 | INFO ] 🎓 Training step done.
[ 2026-03-22 17:20:04 | node_43 | INFO ] 🛠️ Calling force_add_local_model...
[ 2026-03-22 17:20:04 | node_25 | INFO ] 🛠️ Calling force_add_local_model...
[ 2026-03-22 17:20:04 | node_33 | INFO ] 🛠️ Calling force_add_local_model...
[ 2026-03-22 17:20:04 | node_43 | INFO ] ✅ [FORCE] Local model added for round 140. (1/3)
[ 2026-03-22 17:20:04 | node_44 | INFO ] 🔬 Evaluating...
[ 2026-03-22 17:20:04 | node_25 | INFO ] ✅ [FORCE] Local model added for round 139. (1/3)
[ 2026-03-22 17:20:04 | node_33 | INFO ] ✅ [FORCE] Local model added for round 139. (1/3)
[ 2026-03-22 17:20:04 | node_12 | INFO ] 🎓 Training step done.
[ 2026-03-22 17:20:04 | node_12 | INFO ] 🛠️ Calling force_add_local_model...
[ 2026-03-22 17:20:04 | node_12 | INFO ] ✅ [FORCE] Local model added for round 139. (1/3)
[ 2026-03-22 17:20:04 | node_49 | INFO ] 📈 Evaluated. Results: {'test_loss': 0.0015098133590072393, 'test_accuracy': 0.9970307946205139, 'test_precision': 0.7370883822441101, 'test_recall': 0.18334141373634338, 'test_f1': 0.293399453163147, 'communication_cost': 1457816}
[ 2026-03-22 17:20:04 | node_49 | INFO ] 📢 Broadcasting metrics.
[ 2026-03-22 17:20:05 | node_15 | INFO ] 🎓 Training step done.
[ 2026-03-22 17:20:05 | node_49 | INFO ] 🎉 Round 138 of 150 finished.
[ 2026-03-22 17:20:05 | node_15 | INFO ] 🛠️ Calling force_add_local_model...
[ 2026-03-22 17:20:05 | node_15 | INFO ] ✅ [FORCE] Local model added for round 139. (1/3)
[ 2026-03-22 17:20:05 | node_49 | INFO ] 🗳️ [DETERMINISTIC] Train set assigned (No Voting). Size: 50
[ 2026-03-22 17:20:05 | node_49 | INFO ] ♻️ Proactively processing 2 early models for round 138.
[ 2026-03-22 17:20:05 | node_49 | INFO ] 🧩 Model added for round 138 (1/3) from ['node_48']
[ 2026-03-22 17:20:05 | node_49 | INFO ] 🧩 Model added for round 138 (2/3) from ['node']
[ 2026-03-22 17:20:05 | node_22 | INFO ] 🎓 Training step done.
[ 2026-03-22 17:20:05 | node_49 | INFO ] 🏋️‍♀️ Preparing training...
[ 2026-03-22 17:20:05 | node_31 | INFO ] 🎓 Training step done.
[ 2026-03-22 17:20:05 | node_22 | INFO ] 🛠️ Calling force_add_local_model...
[ 2026-03-22 17:20:05 | node_46 | INFO ] 🎓 Training step done.
[ 2026-03-22 17:20:05 | node_31 | INFO ] 🛠️ Calling force_add_local_model...
[ 2026-03-22 17:20:05 | node_22 | INFO ] ✅ [FORCE] Local model added for round 139. (1/3)
[ 2026-03-22 17:20:05 | node_46 | INFO ] 🛠️ Calling force_add_local_model...
[ 2026-03-22 17:20:05 | node_31 | INFO ] ✅ [FORCE] Local model added for round 139. (1/3)
[ 2026-03-22 17:20:05 | node_46 | INFO ] ✅ [FORCE] Local model added for round 139. (2/3)
[ 2026-03-22 17:20:05 | node_27 | INFO ] 📤 Sending model to 2 direct neighbors: ['node_26', 'node_28']
[ 2026-03-22 17:20:05 | node_36 | INFO ] 📤 Sending model to 2 direct neighbors: ['node_35', 'node_37']
[ 2026-03-22 17:20:05 | node_26 | INFO ] 🧩 Model added for round 139 (1/3) from ['node_27']
[ 2026-03-22 17:20:05 | node_35 | INFO ] 🧩 Model added for round 139 (2/3) from ['node_36']
[ 2026-03-22 17:20:05 | node_28 | INFO ] 🧩 Model added for round 139 (2/3) from ['node_27']
[ 2026-03-22 17:20:05 | node_34 | INFO ] 📤 Sending model to 2 direct neighbors: ['node_33', 'node_35']
[ 2026-03-22 17:20:06 | node_37 | INFO ] 🧩 Model added for round 139 (3/3) from ['node_36']
[ 2026-03-22 17:20:06 | node_29 | INFO ] 📈 Evaluated. Results: {'test_loss': 0.0012914168182760477, 'test_accuracy': 0.9967608451843262, 'test_precision': 0.9343556761741638, 'test_recall': 0.4316661059856415, 'test_f1': 0.5190485715866089, 'communication_cost': 1457816}
[ 2026-03-22 17:20:06 | node_33 | INFO ] 🧩 Model added for round 139 (2/3) from ['node_34']
[ 2026-03-22 17:20:06 | node_19 | INFO ] 📤 Sending model to 2 direct neighbors: ['node_18', 'node_20']
[ 2026-03-22 17:20:06 | node_10 | INFO ] 🎓 Training step done.
[ 2026-03-22 17:20:06 | node_29 | INFO ] 📢 Broadcasting metrics.
[ 2026-03-22 17:20:06 | node_20 | INFO ] 🎓 Training step done.
[ 2026-03-22 17:20:06 | node_37 | INFO ] 🧠 Aggregation complete. Setting new model.
[ 2026-03-22 17:20:06 | node_42 | INFO ] 📤 Sending model to 2 direct neighbors: ['node_41', 'node_43']
[ 2026-03-22 17:20:06 | node_9 | INFO ] 📤 Sending model to 2 direct neighbors: ['node_8', 'node_10']
[ 2026-03-22 17:20:06 | node_10 | INFO ] 🛠️ Calling force_add_local_model...
[ 2026-03-22 17:20:06 | node_20 | INFO ] 🛠️ Calling force_add_local_model...
[ 2026-03-22 17:20:06 | node_10 | INFO ] ✅ [FORCE] Local model added for round 139. (1/3)
[ 2026-03-22 17:20:06 | node_20 | INFO ] ✅ [FORCE] Local model added for round 139. (1/3)
[ 2026-03-22 17:20:06 | node_32 | INFO ] 🎓 Training step done.
[ 2026-03-22 17:20:06 | node_32 | INFO ] 🛠️ Calling force_add_local_model...
[ 2026-03-22 17:20:06 | node_18 | INFO ] 🧩 Model added for round 139 (1/3) from ['node_19']
[ 2026-03-22 17:20:06 | node_41 | INFO ] 🧩 Model added for round 140 (1/3) from ['node_42']
[ 2026-03-22 17:20:06 | node_32 | INFO ] ✅ [FORCE] Local model added for round 139. (1/3)
[ 2026-03-22 17:20:06 | node_37 | INFO ] 🗣️ Gossiping aggregated model.
[ 2026-03-22 17:20:06 | node_23 | INFO ] 🎓 Training step done.
[ 2026-03-22 17:20:06 | node_8 | INFO ] 🧩 Model added for round 139 (1/3) from ['node_9']
[ 2026-03-22 17:20:06 | node_7 | INFO ] 🎓 Training step done.
[ 2026-03-22 17:20:06 | node_38 | INFO ] 🤫 Gossip finished.
[ 2026-03-22 17:20:06 | node_23 | INFO ] 🛠️ Calling force_add_local_model...
[ 2026-03-22 17:20:06 | node_7 | INFO ] 🛠️ Calling force_add_local_model...
[ 2026-03-22 17:20:06 | node_41 | INFO ] 🎓 Training step done.
[ 2026-03-22 17:20:06 | node_23 | INFO ] ✅ [FORCE] Local model added for round 139. (1/3)
[ 2026-03-22 17:20:06 | node_38 | INFO ] 🔬 Evaluating...
[ 2026-03-22 17:20:06 | node_41 | INFO ] 🛠️ Calling force_add_local_model...
[ 2026-03-22 17:20:06 | node_7 | INFO ] ✅ [FORCE] Local model added for round 139. (1/3)
[ 2026-03-22 17:20:06 | node_35 | INFO ] 🧩 Model added for round 139 (3/3) from ['node_34']
[ 2026-03-22 17:20:06 | node_16 | INFO ] 🎓 Training step done.
[ 2026-03-22 17:20:06 | node_41 | INFO ] ✅ [FORCE] Local model added for round 140. (2/3)
[ 2026-03-22 17:20:06 | node_16 | INFO ] 🛠️ Calling force_add_local_model...
[ 2026-03-22 17:20:06 | node_26 | INFO ] 🎓 Training step done.
[ 2026-03-22 17:20:06 | node_16 | INFO ] ✅ [FORCE] Local model added for round 139. (1/3)
[ 2026-03-22 17:20:06 | node_5 | INFO ] ⏹️  Gossiping exited for 10 equal rounds.
[ 2026-03-22 17:20:06 | node_26 | INFO ] 🛠️ Calling force_add_local_model...
[ 2026-03-22 17:20:06 | node_43 | INFO ] 🧩 Model added for round 140 (2/3) from ['node_42']
[ 2026-03-22 17:20:06 | node_20 | INFO ] 🧩 Model added for round 139 (2/3) from ['node_19']
[ 2026-03-22 17:20:06 | node_5 | INFO ] 🔬 Evaluating...
[ 2026-03-22 17:20:06 | node_26 | INFO ] ✅ [FORCE] Local model added for round 139. (2/3)
[ 2026-03-22 17:20:06 | node_10 | INFO ] 🧩 Model added for round 139 (2/3) from ['node_9']
[ 2026-03-22 17:20:06 | node_29 | INFO ] 🎉 Round 139 of 150 finished.
[ 2026-03-22 17:20:06 | node_29 | INFO ] 🗳️ [DETERMINISTIC] Train set assigned (No Voting). Size: 50
[ 2026-03-22 17:20:06 | node_29 | INFO ] ♻️ Proactively processing 1 early models for round 139.
[ 2026-03-22 17:20:06 | node_29 | INFO ] 🧩 Model added for round 139 (1/3) from ['node_28']
[ 2026-03-22 17:20:06 | node_29 | INFO ] 🏋️‍♀️ Preparing training...
[ 2026-03-22 17:20:06 | node_17 | INFO ] 🎓 Training step done.
[ 2026-03-22 17:20:07 | node_17 | INFO ] 🛠️ Calling force_add_local_model...
[ 2026-03-22 17:20:07 | node_13 | INFO ] 🎓 Training step done.
[ 2026-03-22 17:20:07 | node_17 | INFO ] ✅ [FORCE] Local model added for round 139. (1/3)
[ 2026-03-22 17:20:07 | node_18 | INFO ] 🎓 Training step done.
[ 2026-03-22 17:20:07 | node_13 | INFO ] 🛠️ Calling force_add_local_model...
[ 2026-03-22 17:20:07 | node_18 | INFO ] 🛠️ Calling force_add_local_model...
[ 2026-03-22 17:20:07 | node_39 | INFO ] 🎓 Training step done.
[ 2026-03-22 17:20:07 | node_39 | INFO ] 🛠️ Calling force_add_local_model...
[ 2026-03-22 17:20:07 | node_18 | INFO ] ✅ [FORCE] Local model added for round 139. (2/3)
[ 2026-03-22 17:20:07 | node_13 | INFO ] ✅ [FORCE] Local model added for round 139. (1/3)
[ 2026-03-22 17:20:07 | node_39 | INFO ] ✅ [FORCE] Local model added for round 140. (1/3)
[ 2026-03-22 17:20:07 | node_8 | INFO ] 🎓 Training step done.
[ 2026-03-22 17:20:07 | node_8 | INFO ] 🛠️ Calling force_add_local_model...
[ 2026-03-22 17:20:07 | node_8 | INFO ] ✅ [FORCE] Local model added for round 139. (2/3)
[ 2026-03-22 17:20:07 | node_30 | INFO ] 📈 Evaluated. Results: {'test_loss': 0.0011650322703644633, 'test_accuracy': 0.9972107410430908, 'test_precision': 0.8292244076728821, 'test_recall': 0.3062426447868347, 'test_f1': 0.4459323287010193, 'communication_cost': 1457816}
[ 2026-03-22 17:20:07 | node_24 | INFO ] 🎓 Training step done.
[ 2026-03-22 17:20:07 | node_30 | INFO ] 📢 Broadcasting metrics.
[ 2026-03-22 17:20:07 | node_24 | INFO ] 🛠️ Calling force_add_local_model...
[ 2026-03-22 17:20:07 | node_24 | INFO ] ✅ [FORCE] Local model added for round 139. (1/3)
[ 2026-03-22 17:20:07 | node_44 | INFO ] 📈 Evaluated. Results: {'test_loss': 0.0011290221009403467, 'test_accuracy': 0.9973906874656677, 'test_precision': 1.0, 'test_recall': 0.27019888162612915, 'test_f1': 0.4177969992160797, 'communication_cost': 1457816}
[ 2026-03-22 17:20:07 | node_44 | INFO ] 📢 Broadcasting metrics.
[ 2026-03-22 17:20:07 | node_30 | INFO ] 🎉 Round 139 of 150 finished.
[ 2026-03-22 17:20:07 | node_14 | INFO ] 🎓 Training step done.
[ 2026-03-22 17:20:07 | node_30 | INFO ] 🗳️ [DETERMINISTIC] Train set assigned (No Voting). Size: 50
[ 2026-03-22 17:20:07 | node_14 | INFO ] 🛠️ Calling force_add_local_model...
[ 2026-03-22 17:20:07 | node_14 | INFO ] ✅ [FORCE] Local model added for round 139. (1/3)
[ 2026-03-22 17:20:07 | node_30 | INFO ] 🏋️‍♀️ Preparing training...
[ 2026-03-22 17:20:07 | node_47 | INFO ] ⏹️  Gossiping exited for 10 equal rounds.
[ 2026-03-22 17:20:07 | node_44 | INFO ] 🎉 Round 140 of 150 finished.
[ 2026-03-22 17:20:07 | node_5 | INFO ] 📈 Evaluated. Results: {'test_loss': 0.001471347059123218, 'test_accuracy': 0.9965811967849731, 'test_precision': 0.7236167192459106, 'test_recall': 0.17980742454528809, 'test_f1': 0.2833048403263092, 'communication_cost': 1457816}
[ 2026-03-22 17:20:07 | node_44 | INFO ] 🗳️ [DETERMINISTIC] Train set assigned (No Voting). Size: 50
[ 2026-03-22 17:20:07 | node_47 | INFO ] 🔬 Evaluating...
[ 2026-03-22 17:20:07 | node_5 | INFO ] 📢 Broadcasting metrics.
[ 2026-03-22 17:20:07 | node_44 | INFO ] 🏋️‍♀️ Preparing training...
[ 2026-03-22 17:20:08 | node_38 | INFO ] 📈 Evaluated. Results: {'test_loss': 0.0011346112005412579, 'test_accuracy': 0.9973906874656677, 'test_precision': 0.9170776009559631, 'test_recall': 0.42310410737991333, 'test_f1': 0.5638935565948486, 'communication_cost': 1457816}
[ 2026-03-22 17:20:08 | node_38 | INFO ] 📢 Broadcasting metrics.
[ 2026-03-22 17:20:08 | node_35 | INFO ] 📤 Sending model to 2 direct neighbors: ['node_34', 'node_36']
[ 2026-03-22 17:20:08 | node_5 | INFO ] 🎉 Round 139 of 150 finished.
[ 2026-03-22 17:20:08 | node_5 | INFO ] 🗳️ [DETERMINISTIC] Train set assigned (No Voting). Size: 50
[ 2026-03-22 17:20:08 | node_5 | INFO ] 🏋️‍♀️ Preparing training...
[ 2026-03-22 17:20:08 | node_34 | INFO ] 🧩 Model added for round 139 (2/3) from ['node_35']
[ 2026-03-22 17:20:08 | node_38 | INFO ] 🎉 Round 140 of 150 finished.
[ 2026-03-22 17:20:08 | node_38 | INFO ] 🗳️ [DETERMINISTIC] Train set assigned (No Voting). Size: 50
[ 2026-03-22 17:20:08 | node_6 | INFO ] 📤 Sending model to 2 direct neighbors: ['node_5', 'node_7']
[ 2026-03-22 17:20:08 | node_38 | INFO ] 🏋️‍♀️ Preparing training...
[ 2026-03-22 17:20:08 | node_36 | INFO ] 🧩 Model added for round 139 (3/3) from ['node_35']
[ 2026-03-22 17:20:08 | node_3 | INFO ] 🎓 Training step done.
[ 2026-03-22 17:20:08 | node_3 | INFO ] 🛠️ Calling force_add_local_model...
[ 2026-03-22 17:20:08 | node_3 | INFO ] ✅ [FORCE] Local model added for round 138. (3/3)
[ 2026-03-22 17:20:08 | node_5 | INFO ] 🧩 Model added for round 139 (1/3) from ['node_6']
[ 2026-03-22 17:20:08 | node_36 | INFO ] 🧠 Aggregation complete. Setting new model.
[ 2026-03-22 17:20:08 | node_40 | INFO ] 📤 Sending model to 2 direct neighbors: ['node_39', 'node_41']
[ 2026-03-22 17:20:08 | node_35 | INFO ] 🧠 Aggregation complete. Setting new model.
[ 2026-03-22 17:20:08 | node_36 | INFO ] 🗣️ Gossiping aggregated model.
[ 2026-03-22 17:20:08 | node_39 | INFO ] 🧩 Model added for round 140 (2/3) from ['node_40']
[ 2026-03-22 17:20:08 | node_7 | INFO ] 🧩 Model added for round 139 (2/3) from ['node_6']
[ 2026-03-22 17:20:08 | node_35 | INFO ] 🗣️ Gossiping aggregated model.
[ 2026-03-22 17:20:08 | node_21 | INFO ] 📤 Sending model to 2 direct neighbors: ['node_20', 'node_22']
[ 2026-03-22 17:20:09 | node_49 | INFO ] 🎓 Training step done.
[ 2026-03-22 17:20:09 | node_49 | INFO ] 🛠️ Calling force_add_local_model...
[ 2026-03-22 17:20:09 | node_49 | INFO ] ✅ [FORCE] Local model added for round 138. (3/3)
[ 2026-03-22 17:20:09 | node_37 | INFO ] 🤫 Gossip finished.
[ 2026-03-22 17:20:09 | node_37 | INFO ] 🔬 Evaluating...
[ 2026-03-22 17:20:09 | node_41 | INFO ] 🧩 Model added for round 140 (3/3) from ['node_40']
[ 2026-03-22 17:20:09 | node_47 | INFO ] 📈 Evaluated. Results: {'test_loss': 0.0009098623413592577, 'test_accuracy': 0.9980205297470093, 'test_precision': 0.5067482590675354, 'test_recall': 0.2402118295431137, 'test_f1': 0.32554736733436584, 'communication_cost': 1457816}
[ 2026-03-22 17:20:09 | node_11 | INFO ] 📤 Sending model to 2 direct neighbors: ['node_10', 'node_12']
[ 2026-03-22 17:20:09 | node_47 | INFO ] 📢 Broadcasting metrics.
[ 2026-03-22 17:20:09 | node_43 | INFO ] 📤 Sending model to 2 direct neighbors: ['node_42', 'node_44']
[ 2026-03-22 17:20:09 | node_25 | INFO ] 📤 Sending model to 2 direct neighbors: ['node_24', 'node_26']
[ 2026-03-22 17:20:09 | node_20 | INFO ] 🧩 Model added for round 139 (3/3) from ['node_21']
[ 2026-03-22 17:20:09 | node_33 | INFO ] 📤 Sending model to 2 direct neighbors: ['node_32', 'node_34']
[ 2026-03-22 17:20:09 | node_10 | INFO ] 🧩 Model added for round 139 (3/3) from ['node_11']
[ 2026-03-22 17:20:09 | node_42 | INFO ] 🧩 Model added for round 140 (2/3) from ['node_43']
[ 2026-03-22 17:20:09 | node_24 | INFO ] 🧩 Model added for round 139 (2/3) from ['node_25']
[ 2026-03-22 17:20:09 | node_32 | INFO ] 🧩 Model added for round 139 (2/3) from ['node_33']
[ 2026-03-22 17:20:09 | node_47 | INFO ] 🎉 Round 139 of 150 finished.
[ 2026-03-22 17:20:09 | node_12 | INFO ] 📤 Sending model to 2 direct neighbors: ['node_11', 'node_13']
[ 2026-03-22 17:20:09 | node_22 | INFO ] 🧩 Model added for round 139 (2/3) from ['node_21']
[ 2026-03-22 17:20:09 | node_47 | INFO ] 🗳️ [DETERMINISTIC] Train set assigned (No Voting). Size: 50
[ 2026-03-22 17:20:09 | node_47 | INFO ] 🏋️‍♀️ Preparing training...
[ 2026-03-22 17:20:09 | node_11 | INFO ] 🧩 Model added for round 139 (2/3) from ['node_12']
[ 2026-03-22 17:20:09 | node_44 | INFO ] 🧩 Model added for round 140 (1/3) from ['node_43']
[ 2026-03-22 17:20:09 | node_12 | INFO ] 🧩 Model added for round 139 (2/3) from ['node_11']
[ 2026-03-22 17:20:09 | node_34 | INFO ] 🧩 Model added for round 139 (3/3) from ['node_33']
[ 2026-03-22 17:20:09 | node_26 | INFO ] 🧩 Model added for round 139 (3/3) from ['node_25']
[ 2026-03-22 17:20:09 | node_13 | INFO ] 🧩 Model added for round 139 (2/3) from ['node_12']
[ 2026-03-22 17:20:09 | node_34 | INFO ] 🧠 Aggregation complete. Setting new model.
[ 2026-03-22 17:20:10 | node_34 | INFO ] 🗣️ Gossiping aggregated model.
[ 2026-03-22 17:20:10 | node_15 | INFO ] 📤 Sending model to 2 direct neighbors: ['node_14', 'node_16']
[ 2026-03-22 17:20:10 | node_14 | INFO ] 🧩 Model added for round 139 (2/3) from ['node_15']
[ 2026-03-22 17:20:10 | node_22 | INFO ] 📤 Sending model to 2 direct neighbors: ['node_21', 'node_23']
[ 2026-03-22 17:20:10 | node_31 | INFO ] 📤 Sending model to 2 direct neighbors: ['node_30', 'node_32']
[ 2026-03-22 17:20:10 | node_46 | INFO ] 📤 Sending model to 2 direct neighbors: ['node_45', 'node_47']
[ 2026-03-22 17:20:10 | node_16 | INFO ] 🧩 Model added for round 139 (2/3) from ['node_15']
[ 2026-03-22 17:20:10 | node_21 | INFO ] 🧩 Model added for round 139 (2/3) from ['node_22']
[ 2026-03-22 17:20:10 | node_37 | INFO ] 📈 Evaluated. Results: {'test_loss': 0.001077531953342259, 'test_accuracy': 0.9970307946205139, 'test_precision': 0.7305072546005249, 'test_recall': 0.37161538004875183, 'test_f1': 0.4788282513618469, 'communication_cost': 1457816}
[ 2026-03-22 17:20:10 | node_37 | INFO ] 📢 Broadcasting metrics.
[ 2026-03-22 17:20:10 | node_35 | INFO ] 🤫 Gossip finished.
[ 2026-03-22 17:20:10 | node_45 | INFO ] 🧩 Model added for round 139 (3/3) from ['node_46']
[ 2026-03-22 17:20:10 | node_30 | INFO ] 🧩 Model added for round 139 (1/3) from ['node_31']
[ 2026-03-22 17:20:10 | node_29 | INFO ] 🎓 Training step done.
[ 2026-03-22 17:20:10 | node_29 | INFO ] 🛠️ Calling force_add_local_model...
[ 2026-03-22 17:20:10 | node_35 | INFO ] 🔬 Evaluating...
[ 2026-03-22 17:20:10 | node_29 | INFO ] ✅ [FORCE] Local model added for round 139. (2/3)
[ 2026-03-22 17:20:10 | node_23 | INFO ] 🧩 Model added for round 139 (2/3) from ['node_22']
[ 2026-03-22 17:20:10 | node_45 | INFO ] 🧠 Aggregation complete. Setting new model.
[ 2026-03-22 17:20:10 | node_45 | INFO ] 🗣️ Gossiping aggregated model.
[ 2026-03-22 17:20:11 | node_37 | INFO ] 🎉 Round 140 of 150 finished.
[ 2026-03-22 17:20:11 | node_37 | INFO ] 🗳️ [DETERMINISTIC] Train set assigned (No Voting). Size: 50
[ 2026-03-22 17:20:11 | node_32 | INFO ] 🧩 Model added for round 139 (3/3) from ['node_31']
[ 2026-03-22 17:20:11 | node_47 | INFO ] 🧩 Model added for round 139 (1/3) from ['node_46']
[ 2026-03-22 17:20:11 | node_5 | INFO ] 🎓 Training step done.
[ 2026-03-22 17:20:11 | node_37 | INFO ] 🏋️‍♀️ Preparing training...
[ 2026-03-22 17:20:11 | node_5 | INFO ] 🛠️ Calling force_add_local_model...
[ 2026-03-22 17:20:11 | node_5 | INFO ] ✅ [FORCE] Local model added for round 139. (2/3)
[ 2026-03-22 17:20:11 | node_10 | INFO ] 📤 Sending model to 2 direct neighbors: ['node_9', 'node_11']
[ 2026-03-22 17:20:11 | node_20 | INFO ] 📤 Sending model to 2 direct neighbors: ['node_19', 'node_21']
[ 2026-03-22 17:20:11 | node_9 | INFO ] 🧩 Model added for round 139 (2/3) from ['node_10']
[ 2026-03-22 17:20:11 | node_19 | INFO ] 🧩 Model added for round 139 (2/3) from ['node_20']
[ 2026-03-22 17:20:11 | node_30 | INFO ] 🎓 Training step done.
[ 2026-03-22 17:20:11 | node_32 | INFO ] 📤 Sending model to 2 direct neighbors: ['node_31', 'node_33']
[ 2026-03-22 17:20:11 | node_30 | INFO ] 🛠️ Calling force_add_local_model...
[ 2026-03-22 17:20:11 | node_30 | INFO ] ✅ [FORCE] Local model added for round 139. (2/3)
[ 2026-03-22 17:20:11 | node_23 | INFO ] 📤 Sending model to 2 direct neighbors: ['node_22', 'node_24']
[ 2026-03-22 17:20:11 | node_7 | INFO ] 📤 Sending model to 2 direct neighbors: ['node_6', 'node_8']
[ 2026-03-22 17:20:11 | node_31 | INFO ] 🧩 Model added for round 139 (2/3) from ['node_32']
[ 2026-03-22 17:20:11 | node_11 | INFO ] 🧩 Model added for round 139 (3/3) from ['node_10']
[ 2026-03-22 17:20:11 | node_21 | INFO ] 🧩 Model added for round 139 (3/3) from ['node_20']
[ 2026-03-22 17:20:11 | node_41 | INFO ] 📤 Sending model to 2 direct neighbors: ['node_40', 'node_42']
[ 2026-03-22 17:20:11 | node_44 | INFO ] 🎓 Training step done.
[ 2026-03-22 17:20:11 | node_44 | INFO ] 🛠️ Calling force_add_local_model...
[ 2026-03-22 17:20:11 | node_16 | INFO ] 📤 Sending model to 2 direct neighbors: ['node_15', 'node_17']
[ 2026-03-22 17:20:11 | node_44 | INFO ] ✅ [FORCE] Local model added for round 140. (2/3)
[ 2026-03-22 17:20:11 | node_35 | INFO ] 📈 Evaluated. Results: {'test_loss': 0.0010570586891844869, 'test_accuracy': 0.9974806308746338, 'test_precision': 0.921360433101654, 'test_recall': 0.31782281398773193, 'test_f1': 0.4648572504520416, 'communication_cost': 1457816}
[ 2026-03-22 17:20:11 | node_26 | INFO ] 📤 Sending model to 2 direct neighbors: ['node_25', 'node_27']
[ 2026-03-22 17:20:11 | node_35 | INFO ] 📢 Broadcasting metrics.
[ 2026-03-22 17:20:11 | node_6 | INFO ] 🧩 Model added for round 139 (2/3) from ['node_7']
[ 2026-03-22 17:20:11 | node_40 | INFO ] 🧩 Model added for round 140 (2/3) from ['node_41']
[ 2026-03-22 17:20:11 | node_22 | INFO ] 🧩 Model added for round 139 (3/3) from ['node_23']
[ 2026-03-22 17:20:12 | node_15 | INFO ] 🧩 Model added for round 139 (2/3) from ['node_16']
[ 2026-03-22 17:20:12 | node_25 | INFO ] 🧩 Model added for round 139 (2/3) from ['node_26']
[ 2026-03-22 17:20:12 | node_33 | INFO ] 🧩 Model added for round 139 (3/3) from ['node_32']
[ 2026-03-22 17:20:12 | node_17 | INFO ] 📤 Sending model to 2 direct neighbors: ['node_16', 'node_18']
[ 2026-03-22 17:20:12 | node_35 | INFO ] 🎉 Round 140 of 150 finished.
[ 2026-03-22 17:20:12 | node_13 | INFO ] 📤 Sending model to 2 direct neighbors: ['node_12', 'node_14']
[ 2026-03-22 17:20:12 | node_18 | INFO ] 📤 Sending model to 2 direct neighbors: ['node_17', 'node_19']
[ 2026-03-22 17:20:12 | node_39 | INFO ] 📤 Sending model to 2 direct neighbors: ['node_38', 'node_40']
[ 2026-03-22 17:20:12 | node_21 | INFO ] 🧠 Aggregation complete. Setting new model.
[ 2026-03-22 17:20:12 | node_11 | INFO ] 🧠 Aggregation complete. Setting new model.
[ 2026-03-22 17:20:12 | node_8 | INFO ] 🧩 Model added for round 139 (3/3) from ['node_7']
[ 2026-03-22 17:20:12 | node_38 | INFO ] 🎓 Training step done.
[ 2026-03-22 17:20:12 | node_38 | INFO ] 🛠️ Calling force_add_local_model...
[ 2026-03-22 17:20:12 | node_35 | INFO ] 🗳️ [DETERMINISTIC] Train set assigned (No Voting). Size: 50
[ 2026-03-22 17:20:12 | node_22 | INFO ] 🧠 Aggregation complete. Setting new model.
[ 2026-03-22 17:20:12 | node_10 | INFO ] 🧠 Aggregation complete. Setting new model.
[ 2026-03-22 17:20:12 | node_20 | INFO ] 🧠 Aggregation complete. Setting new model.
[ 2026-03-22 17:20:12 | node_33 | INFO ] 🧠 Aggregation complete. Setting new model.
[ 2026-03-22 17:20:12 | node_8 | INFO ] 📤 Sending model to 2 direct neighbors: ['node_7', 'node_9']
[ 2026-03-22 17:20:12 | node_21 | INFO ] 🗣️ Gossiping aggregated model.
[ 2026-03-22 17:20:12 | node_35 | INFO ] 🏋️‍♀️ Preparing training...
[ 2026-03-22 17:20:12 | node_11 | INFO ] 🗣️ Gossiping aggregated model.
[ 2026-03-22 17:20:12 | node_20 | INFO ] 🗣️ Gossiping aggregated model.
[ 2026-03-22 17:20:12 | node_24 | INFO ] 📤 Sending model to 2 direct neighbors: ['node_23', 'node_25']
[ 2026-03-22 17:20:12 | node_10 | INFO ] 🗣️ Gossiping aggregated model.
[ 2026-03-22 17:20:12 | node_38 | INFO ] ✅ [FORCE] Local model added for round 140. (1/3)
[ 2026-03-22 17:20:12 | node_22 | INFO ] 🗣️ Gossiping aggregated model.
[ 2026-03-22 17:20:12 | node_33 | INFO ] 🗣️ Gossiping aggregated model.
[ 2026-03-22 17:20:12 | node_16 | INFO ] 🧩 Model added for round 139 (3/3) from ['node_17']
[ 2026-03-22 17:20:12 | node_17 | INFO ] 🧩 Model added for round 139 (2/3) from ['node_16']
[ 2026-03-22 17:20:12 | node_12 | INFO ] 🧩 Model added for round 139 (3/3) from ['node_13']
[ 2026-03-22 17:20:12 | node_14 | INFO ] 📤 Sending model to 2 direct neighbors: ['node_13', 'node_15']
[ 2026-03-22 17:20:12 | node_17 | INFO ] 🧩 Model added for round 139 (3/3) from ['node_18']
[ 2026-03-22 17:20:12 | node_38 | INFO ] 🧩 Model added for round 140 (2/3) from ['node_39']
[ 2026-03-22 17:20:12 | node_42 | INFO ] 🧩 Model added for round 140 (3/3) from ['node_41']
[ 2026-03-22 17:20:12 | node_24 | INFO ] 🧩 Model added for round 139 (3/3) from ['node_23']
[ 2026-03-22 17:20:12 | node_27 | INFO ] 🧩 Model added for round 139 (3/3) from ['node_26']
[ 2026-03-22 17:20:13 | node_23 | INFO ] 🧩 Model added for round 139 (3/3) from ['node_24']
[ 2026-03-22 17:20:13 | node_7 | INFO ] 🧩 Model added for round 139 (3/3) from ['node_8']
[ 2026-03-22 17:20:13 | node_47 | INFO ] 🎓 Training step done.
[ 2026-03-22 17:20:13 | node_16 | INFO ] 🧠 Aggregation complete. Setting new model.
[ 2026-03-22 17:20:13 | node_27 | INFO ] 🧠 Aggregation complete. Setting new model.
[ 2026-03-22 17:20:13 | node_32 | INFO ] 🧠 Aggregation complete. Setting new model.
[ 2026-03-22 17:20:13 | node_12 | INFO ] 🧠 Aggregation complete. Setting new model.
[ 2026-03-22 17:20:13 | node_42 | INFO ] 🧠 Aggregation complete. Setting new model.
[ 2026-03-22 17:20:13 | node_47 | INFO ] 🛠️ Calling force_add_local_model...
[ 2026-03-22 17:20:13 | node_12 | INFO ] 🗣️ Gossiping aggregated model.
[ 2026-03-22 17:20:13 | node_16 | INFO ] 🗣️ Gossiping aggregated model.
[ 2026-03-22 17:20:13 | node_32 | INFO ] 🗣️ Gossiping aggregated model.
[ 2026-03-22 17:20:13 | node_27 | INFO ] 🗣️ Gossiping aggregated model.
[ 2026-03-22 17:20:13 | node_42 | INFO ] 🗣️ Gossiping aggregated model.
[ 2026-03-22 17:20:13 | node_47 | INFO ] ✅ [FORCE] Local model added for round 139. (2/3)
[ 2026-03-22 17:20:13 | node_3 | INFO ] 📤 Sending model to 2 direct neighbors: ['node_2', 'node_4']
[ 2026-03-22 17:20:13 | node_13 | INFO ] 🧩 Model added for round 139 (3/3) from ['node_14']
[ 2026-03-22 17:20:13 | node_19 | INFO ] 🧩 Model added for round 139 (3/3) from ['node_18']
[ 2026-03-22 17:20:13 | node_40 | INFO ] 🧩 Model added for round 140 (3/3) from ['node_39']
[ 2026-03-22 17:20:13 | node_14 | INFO ] 🧩 Model added for round 139 (3/3) from ['node_13']
[ 2026-03-22 17:20:13 | node_18 | INFO ] 🧩 Model added for round 139 (3/3) from ['node_17']
[ 2026-03-22 17:20:13 | node_9 | INFO ] 🧩 Model added for round 139 (3/3) from ['node_8']
[ 2026-03-22 17:20:13 | node_25 | INFO ] 🧩 Model added for round 139 (3/3) from ['node_24']
[ 2026-03-22 17:20:15 | node_49 | INFO ] 📤 Sending model to 2 direct neighbors: ['node', 'node_48']
[ 2026-03-22 17:20:15 | node_11 | INFO ] 🤫 Gossip finished.
[ 2026-03-22 17:20:15 | node_33 | INFO ] 🤫 Gossip finished.
[ 2026-03-22 17:20:15 | node_37 | INFO ] 🎓 Training step done.
[ 2026-03-22 17:20:15 | node_7 | INFO ] 🧠 Aggregation complete. Setting new model.
[ 2026-03-22 17:20:15 | node_35 | INFO ] 🎓 Training step done.
[ 2026-03-22 17:20:15 | node_41 | INFO ] 🧠 Aggregation complete. Setting new model.
[ 2026-03-22 17:20:15 | node_23 | INFO ] 🧠 Aggregation complete. Setting new model.
[ 2026-03-22 17:20:15 | node_29 | INFO ] 📤 Sending model to 2 direct neighbors: ['node_28', 'node_30']
[ 2026-03-22 17:20:15 | node_33 | INFO ] 🔬 Evaluating...
[ 2026-03-22 17:20:15 | node_26 | INFO ] 🧠 Aggregation complete. Setting new model.
[ 2026-03-22 17:20:15 | node_11 | INFO ] 🔬 Evaluating...
[ 2026-03-22 17:20:15 | node_2 | INFO ] 🧩 Model added for round 138 (3/3) from ['node_3']
[ 2026-03-22 17:20:15 | node_40 | INFO ] 🧠 Aggregation complete. Setting new model.
[ 2026-03-22 17:20:15 | node_9 | INFO ] 🧠 Aggregation complete. Setting new model.
[ 2026-03-22 17:20:15 | node_25 | INFO ] 🧠 Aggregation complete. Setting new model.
[ 2026-03-22 17:20:15 | node_37 | INFO ] 🛠️ Calling force_add_local_model...
[ 2026-03-22 17:20:15 | node_19 | INFO ] 🧠 Aggregation complete. Setting new model.
[ 2026-03-22 17:20:15 | node_35 | INFO ] 🛠️ Calling force_add_local_model...
[ 2026-03-22 17:20:16 | node_25 | INFO ] 🗣️ Gossiping aggregated model.
[ 2026-03-22 17:20:16 | node_7 | INFO ] 🗣️ Gossiping aggregated model.
[ 2026-03-22 17:20:16 | node_26 | INFO ] 🗣️ Gossiping aggregated model.
[ 2026-03-22 17:20:16 | node_41 | INFO ] 🗣️ Gossiping aggregated model.
[ 2026-03-22 17:20:16 | node_9 | INFO ] 🗣️ Gossiping aggregated model.
[ 2026-03-22 17:20:16 | node_41 | INFO ] 🤫 Gossip finished.
[ 2026-03-22 17:20:16 | node_19 | INFO ] 🗣️ Gossiping aggregated model.
[ 2026-03-22 17:20:16 | node_23 | INFO ] 🗣️ Gossiping aggregated model.
[ 2026-03-22 17:20:16 | node_26 | INFO ] 🤫 Gossip finished.
[ 2026-03-22 17:20:16 | node_37 | INFO ] ✅ [FORCE] Local model added for round 140. (1/3)
[ 2026-03-22 17:20:16 | node_26 | INFO ] 🔬 Evaluating...
[ 2026-03-22 17:20:16 | node_40 | INFO ] 🗣️ Gossiping aggregated model.
[ 2026-03-22 17:20:16 | node_41 | INFO ] 🔬 Evaluating...
[ 2026-03-22 17:20:16 | node_5 | INFO ] 📤 Sending model to 2 direct neighbors: ['node_4', 'node_6']
[ 2026-03-22 17:20:16 | node_35 | INFO ] ✅ [FORCE] Local model added for round 140. (1/3)
[ 2026-03-22 17:20:16 | node_15 | INFO ] 🧩 Model added for round 139 (3/3) from ['node_14']
[ 2026-03-22 17:20:16 | node_28 | INFO ] 🧩 Model added for round 139 (3/3) from ['node_29']
[ 2026-03-22 17:20:16 | node_30 | INFO ] 📤 Sending model to 2 direct neighbors: ['node_29', 'node_31']
[ 2026-03-22 17:20:16 | node | INFO ] 🧩 Model added for round 138 (3/3) from ['node_49']
[ 2026-03-22 17:20:16 | node_4 | INFO ] 🧩 Model added for round 138 (3/3) from ['node_3']
[ 2026-03-22 17:20:16 | node_44 | INFO ] 📤 Sending model to 2 direct neighbors: ['node_43', 'node_45']
[ 2026-03-22 17:20:16 | node_15 | INFO ] 🧠 Aggregation complete. Setting new model.
[ 2026-03-22 17:20:16 | node_18 | INFO ] 🧠 Aggregation complete. Setting new model.
[ 2026-03-22 17:20:16 | node_29 | INFO ] 🧩 Model added for round 139 (3/3) from ['node_30']
[ 2026-03-22 17:20:16 | node_17 | INFO ] 🧠 Aggregation complete. Setting new model.
[ 2026-03-22 17:20:16 | node_30 | INFO ] 🧩 Model added for round 139 (3/3) from ['node_29']
[ 2026-03-22 17:20:17 | node_48 | INFO ] 🧩 Model added for round 138 (3/3) from ['node_49']
[ 2026-03-22 17:20:17 | node_13 | INFO ] 🧠 Aggregation complete. Setting new model.
[ 2026-03-22 17:20:17 | node_8 | INFO ] 🧠 Aggregation complete. Setting new model.
[ 2026-03-22 17:20:17 | node_24 | INFO ] 🧠 Aggregation complete. Setting new model.
[ 2026-03-22 17:20:17 | node_2 | INFO ] 🧠 Aggregation complete. Setting new model.
[ 2026-03-22 17:20:17 | node_18 | INFO ] 🗣️ Gossiping aggregated model.
[ 2026-03-22 17:20:17 | node_43 | INFO ] 🧩 Model added for round 140 (3/3) from ['node_44']
[ 2026-03-22 17:20:17 | node_15 | INFO ] 🗣️ Gossiping aggregated model.
[ 2026-03-22 17:20:17 | node_4 | INFO ] 🧠 Aggregation complete. Setting new model.
[ 2026-03-22 17:20:17 | node_28 | INFO ] 🧠 Aggregation complete. Setting new model.
[ 2026-03-22 17:20:17 | node | INFO ] 🧠 Aggregation complete. Setting new model.
[ 2026-03-22 17:20:17 | node_48 | INFO ] 🧠 Aggregation complete. Setting new model.
[ 2026-03-22 17:20:17 | node_14 | INFO ] 🧠 Aggregation complete. Setting new model.
[ 2026-03-22 17:20:17 | node_3 | INFO ] 🧠 Aggregation complete. Setting new model.
[ 2026-03-22 17:20:17 | node_29 | INFO ] 🧠 Aggregation complete. Setting new model.
[ 2026-03-22 17:20:17 | node_17 | INFO ] 🗣️ Gossiping aggregated model.
[ 2026-03-22 17:20:17 | node_18 | INFO ] 🤫 Gossip finished.
[ 2026-03-22 17:20:17 | node_17 | INFO ] 🤫 Gossip finished.
[ 2026-03-22 17:20:17 | node_17 | INFO ] 🔬 Evaluating...
[ 2026-03-22 17:20:17 | node_18 | INFO ] 🔬 Evaluating...
[ 2026-03-22 17:20:17 | node_13 | INFO ] 🗣️ Gossiping aggregated model.
[ 2026-03-22 17:20:17 | node_20 | INFO ] 🤫 Gossip finished.
[ 2026-03-22 17:20:17 | node_33 | INFO ] 📈 Evaluated. Results: {'test_loss': 0.0016710258787497878, 'test_accuracy': 0.9962210059165955, 'test_precision': 0.460680216550827, 'test_recall': 0.0742207020521164, 'test_f1': 0.1263580024242401, 'communication_cost': 1457816}
[ 2026-03-22 17:20:17 | node_13 | INFO ] 🤫 Gossip finished.
[ 2026-03-22 17:20:17 | node_10 | INFO ] 🤫 Gossip finished.
[ 2026-03-22 17:20:17 | node_2 | INFO ] 🗣️ Gossiping aggregated model.
[ 2026-03-22 17:20:17 | node_13 | INFO ] 🔬 Evaluating...
[ 2026-03-22 17:20:17 | node_20 | INFO ] 🔬 Evaluating...
[ 2026-03-22 17:20:17 | node_2 | INFO ] 🤫 Gossip finished.
[ 2026-03-22 17:20:17 | node_33 | INFO ] 📢 Broadcasting metrics.
[ 2026-03-22 17:20:17 | node_24 | INFO ] 🗣️ Gossiping aggregated model.
[ 2026-03-22 17:20:17 | node_8 | INFO ] 🗣️ Gossiping aggregated model.
[ 2026-03-22 17:20:17 | node_28 | INFO ] 🗣️ Gossiping aggregated model.
[ 2026-03-22 17:20:17 | node_29 | INFO ] 🗣️ Gossiping aggregated model.
[ 2026-03-22 17:20:17 | node_4 | INFO ] 🗣️ Gossiping aggregated model.
[ 2026-03-22 17:20:17 | node_2 | INFO ] 🔬 Evaluating...
[ 2026-03-22 17:20:17 | node_28 | INFO ] 🤫 Gossip finished.
[ 2026-03-22 17:20:17 | node_25 | INFO ] 🤫 Gossip finished.
[ 2026-03-22 17:20:17 | node_38 | INFO ] 📤 Sending model to 2 direct neighbors: ['node_37', 'node_39']
[ 2026-03-22 17:20:17 | node_24 | INFO ] 🤫 Gossip finished.
[ 2026-03-22 17:20:17 | node_8 | INFO ] 🤫 Gossip finished.
[ 2026-03-22 17:20:17 | node_28 | INFO ] 🔬 Evaluating...
[ 2026-03-22 17:20:17 | node_24 | INFO ] 🔬 Evaluating...
[ 2026-03-22 17:20:17 | node_8 | INFO ] 🔬 Evaluating...
[ 2026-03-22 17:20:17 | node_14 | INFO ] 🗣️ Gossiping aggregated model.
[ 2026-03-22 17:20:17 | node_48 | INFO ] 🗣️ Gossiping aggregated model.
[ 2026-03-22 17:20:17 | node_10 | INFO ] 🔬 Evaluating...
[ 2026-03-22 17:20:17 | node_1 | INFO ] 🤫 Gossip finished.
[ 2026-03-22 17:20:17 | node | INFO ] 🗣️ Gossiping aggregated model.
[ 2026-03-22 17:20:17 | node_25 | INFO ] 🔬 Evaluating...
[ 2026-03-22 17:20:17 | node_3 | INFO ] 🗣️ Gossiping aggregated model.
[ 2026-03-22 17:20:17 | node_1 | INFO ] 🔬 Evaluating...
[ 2026-03-22 17:20:17 | node_3 | INFO ] 🤫 Gossip finished.
[ 2026-03-22 17:20:17 | node_11 | INFO ] 📈 Evaluated. Results: {'test_loss': 0.0012321792310103774, 'test_accuracy': 0.99676114320755, 'test_precision': 0.6448943018913269, 'test_recall': 0.1535462588071823, 'test_f1': 0.24297431111335754, 'communication_cost': 1457816}
[ 2026-03-22 17:20:17 | node_3 | INFO ] 🔬 Evaluating...
[ 2026-03-22 17:20:17 | node_11 | INFO ] 📢 Broadcasting metrics.
[ 2026-03-22 17:20:18 | node_31 | INFO ] 🧩 Model added for round 139 (3/3) from ['node_30']
[ 2026-03-22 17:20:18 | node_26 | INFO ] 📈 Evaluated. Results: {'test_loss': 0.0011400013463571668, 'test_accuracy': 0.9970307946205139, 'test_precision': 0.7370883822441101, 'test_recall': 0.1750584840774536, 'test_f1': 0.2816055715084076, 'communication_cost': 1457816}
[ 2026-03-22 17:20:18 | node_33 | INFO ] 🎉 Round 140 of 150 finished.
[ 2026-03-22 17:20:18 | node_33 | INFO ] 🗳️ [DETERMINISTIC] Train set assigned (No Voting). Size: 50
[ 2026-03-22 17:20:18 | node_26 | INFO ] 📢 Broadcasting metrics.
[ 2026-03-22 17:20:18 | node_6 | INFO ] 🧩 Model added for round 139 (3/3) from ['node_5']
[ 2026-03-22 17:20:18 | node_33 | INFO ] 🏋️‍♀️ Preparing training...
[ 2026-03-22 17:20:18 | node_37 | INFO ] 🧩 Model added for round 140 (2/3) from ['node_38']
[ 2026-03-22 17:20:18 | node_31 | INFO ] 🧠 Aggregation complete. Setting new model.
[ 2026-03-22 17:20:18 | node_49 | INFO ] 🧠 Aggregation complete. Setting new model.
[ 2026-03-22 17:20:18 | node_6 | INFO ] 🧠 Aggregation complete. Setting new model.
[ 2026-03-22 17:20:18 | node_30 | INFO ] 🧠 Aggregation complete. Setting new model.
[ 2026-03-22 17:20:18 | node_43 | INFO ] 🧠 Aggregation complete. Setting new model.
[ 2026-03-22 17:20:18 | node_47 | INFO ] 📤 Sending model to 2 direct neighbors: ['node_46', 'node_48']
[ 2026-03-22 17:20:18 | node_49 | INFO ] 🗣️ Gossiping aggregated model.
[ 2026-03-22 17:20:18 | node_31 | INFO ] 🗣️ Gossiping aggregated model.
[ 2026-03-22 17:20:18 | node_41 | INFO ] 📈 Evaluated. Results: {'test_loss': 0.0012082115281373262, 'test_accuracy': 0.9975706338882446, 'test_precision': 0.7370883822441101, 'test_recall': 0.1965569108724594, 'test_f1': 0.3071201741695404, 'communication_cost': 1457816}
[ 2026-03-22 17:20:18 | node_43 | INFO ] 🗣️ Gossiping aggregated model.
[ 2026-03-22 17:20:18 | node_46 | INFO ] 🧩 Model added for round 139 (3/3) from ['node_47']
[ 2026-03-22 17:20:18 | node_49 | INFO ] 🤫 Gossip finished.
[ 2026-03-22 17:20:18 | node_31 | INFO ] 🤫 Gossip finished.
[ 2026-03-22 17:20:18 | node_41 | INFO ] 📢 Broadcasting metrics.
[ 2026-03-22 17:20:18 | node_6 | INFO ] 🗣️ Gossiping aggregated model.
[ 2026-03-22 17:20:18 | node_30 | INFO ] 🗣️ Gossiping aggregated model.
[ 2026-03-22 17:20:18 | node_30 | INFO ] 🤫 Gossip finished.
[ 2026-03-22 17:20:18 | node_31 | INFO ] 🔬 Evaluating...
[ 2026-03-22 17:20:18 | node_49 | INFO ] 🔬 Evaluating...
[ 2026-03-22 17:20:18 | node_46 | INFO ] 🧠 Aggregation complete. Setting new model.
[ 2026-03-22 17:20:18 | node_39 | INFO ] 🧩 Model added for round 140 (3/3) from ['node_38']
[ 2026-03-22 17:20:18 | node_11 | INFO ] 🎉 Round 140 of 150 finished.
[ 2026-03-22 17:20:18 | node_30 | INFO ] 🔬 Evaluating...
[ 2026-03-22 17:20:18 | node_39 | INFO ] 🧠 Aggregation complete. Setting new model.
[ 2026-03-22 17:20:18 | node_19 | INFO ] 🤫 Gossip finished.
[ 2026-03-22 17:20:18 | node_11 | INFO ] 🗳️ [DETERMINISTIC] Train set assigned (No Voting). Size: 50
[ 2026-03-22 17:20:18 | node_19 | INFO ] 🔬 Evaluating...
[ 2026-03-22 17:20:19 | node_7 | INFO ] 🤫 Gossip finished.
[ 2026-03-22 17:20:19 | node_11 | INFO ] 🏋️‍♀️ Preparing training...
[ 2026-03-22 17:20:19 | node_26 | INFO ] 🎉 Round 140 of 150 finished.
[ 2026-03-22 17:20:19 | node_46 | INFO ] 🗣️ Gossiping aggregated model.
[ 2026-03-22 17:20:19 | node_12 | INFO ] 🤫 Gossip finished.
[ 2026-03-22 17:20:19 | node_26 | INFO ] 🗳️ [DETERMINISTIC] Train set assigned (No Voting). Size: 50
[ 2026-03-22 17:20:19 | node_7 | INFO ] 🔬 Evaluating...
[ 2026-03-22 17:20:19 | node_12 | INFO ] 🔬 Evaluating...
[ 2026-03-22 17:20:19 | node_39 | INFO ] 🗣️ Gossiping aggregated model.
[ 2026-03-22 17:20:19 | node_26 | INFO ] 🏋️‍♀️ Preparing training...
[ 2026-03-22 17:20:19 | node_9 | INFO ] 🤫 Gossip finished.
[ 2026-03-22 17:20:19 | node_23 | INFO ] 🤫 Gossip finished.
[ 2026-03-22 17:20:19 | node_9 | INFO ] 🔬 Evaluating...
[ 2026-03-22 17:20:19 | node_41 | INFO ] 🎉 Round 141 of 150 finished.
[ 2026-03-22 17:20:19 | node_23 | INFO ] 🔬 Evaluating...
[ 2026-03-22 17:20:19 | node_41 | INFO ] 🗳️ [DETERMINISTIC] Train set assigned (No Voting). Size: 50
[ 2026-03-22 17:20:19 | node | INFO ] 🤫 Gossip finished.
[ 2026-03-22 17:20:19 | node_41 | INFO ] 🏋️‍♀️ Preparing training...
[ 2026-03-22 17:20:19 | node | INFO ] 🔬 Evaluating...
[ 2026-03-22 17:20:20 | node_45 | INFO ] 🤫 Gossip finished.
[ 2026-03-22 17:20:20 | node_40 | INFO ] 🤫 Gossip finished.
[ 2026-03-22 17:20:20 | node_45 | INFO ] 🔬 Evaluating...
[ 2026-03-22 17:20:20 | node_40 | INFO ] 🔬 Evaluating...
[ 2026-03-22 17:20:20 | node_48 | INFO ] 🤫 Gossip finished.
[ 2026-03-22 17:20:20 | node_28 | INFO ] 📈 Evaluated. Results: {'test_loss': 0.0010429058456793427, 'test_accuracy': 0.9969407916069031, 'test_precision': 0.7831563949584961, 'test_recall': 0.3354390263557434, 'test_f1': 0.4607432186603546, 'communication_cost': 1457816}
[ 2026-03-22 17:20:20 | node_4 | INFO ] 🤫 Gossip finished.
[ 2026-03-22 17:20:20 | node_29 | INFO ] 🤫 Gossip finished.
[ 2026-03-22 17:20:20 | node_28 | INFO ] 📢 Broadcasting metrics.
[ 2026-03-22 17:20:20 | node_48 | INFO ] 🔬 Evaluating...
[ 2026-03-22 17:20:20 | node_15 | INFO ] 🤫 Gossip finished.
[ 2026-03-22 17:20:20 | node_4 | INFO ] 🔬 Evaluating...
[ 2026-03-22 17:20:20 | node_29 | INFO ] 🔬 Evaluating...
[ 2026-03-22 17:20:20 | node_15 | INFO ] 🔬 Evaluating...
[ 2026-03-22 17:20:20 | node_20 | INFO ] 📈 Evaluated. Results: {'test_loss': 0.0011045198189094663, 'test_accuracy': 0.9973006844520569, 'test_precision': 0.8157278895378113, 'test_recall': 0.28342047333717346, 'test_f1': 0.39474719762802124, 'communication_cost': 1457816}
[ 2026-03-22 17:20:20 | node_24 | INFO ] 📈 Evaluated. Results: {'test_loss': 0.0009866273030638695, 'test_accuracy': 0.9973006844520569, 'test_precision': 0.8157278895378113, 'test_recall': 0.2491852194070816, 'test_f1': 0.3774152994155884, 'communication_cost': 1457816}
[ 2026-03-22 17:20:20 | node_20 | INFO ] 📢 Broadcasting metrics.
[ 2026-03-22 17:20:20 | node_24 | INFO ] 📢 Broadcasting metrics.
[ 2026-03-22 17:20:20 | node_17 | INFO ] 📈 Evaluated. Results: {'test_loss': 0.0013960471842437983, 'test_accuracy': 0.99676114320755, 'test_precision': 0.6314889788627625, 'test_recall': 0.1691165566444397, 'test_f1': 0.24920091032981873, 'communication_cost': 1457816}
[ 2026-03-22 17:20:20 | node_25 | INFO ] 📈 Evaluated. Results: {'test_loss': 0.0011777217732742429, 'test_accuracy': 0.99712073802948, 'test_precision': 0.5221042633056641, 'test_recall': 0.14346899092197418, 'test_f1': 0.22490645945072174, 'communication_cost': 1457816}
[ 2026-03-22 17:20:20 | node_17 | INFO ] 📢 Broadcasting metrics.
[ 2026-03-22 17:20:20 | node_25 | INFO ] 📢 Broadcasting metrics.
[ 2026-03-22 17:20:20 | node_8 | INFO ] 📈 Evaluated. Results: {'test_loss': 0.0014204829931259155, 'test_accuracy': 0.9955015778541565, 'test_precision': 0.5527665615081787, 'test_recall': 0.10146427154541016, 'test_f1': 0.16787724196910858, 'communication_cost': 1457816}
[ 2026-03-22 17:20:20 | node_8 | INFO ] 📢 Broadcasting metrics.
[ 2026-03-22 17:20:21 | node_42 | INFO ] 🤫 Gossip finished.
[ 2026-03-22 17:20:21 | node_28 | INFO ] 🎉 Round 140 of 150 finished.
[ 2026-03-22 17:20:21 | node_37 | INFO ] 📤 Sending model to 2 direct neighbors: ['node_36', 'node_38']
[ 2026-03-22 17:20:21 | node_42 | INFO ] 🔬 Evaluating...
[ 2026-03-22 17:20:21 | node_13 | INFO ] 📈 Evaluated. Results: {'test_loss': 0.0011703846976161003, 'test_accuracy': 0.997300922870636, 'test_precision': 0.8157444596290588, 'test_recall': 0.3168819546699524, 'test_f1': 0.4384689927101135, 'communication_cost': 1457816}
[ 2026-03-22 17:20:21 | node_28 | INFO ] 🗳️ [DETERMINISTIC] Train set assigned (No Voting). Size: 50
[ 2026-03-22 17:20:21 | node_13 | INFO ] 📢 Broadcasting metrics.
[ 2026-03-22 17:20:21 | node_35 | INFO ] 📤 Sending model to 2 direct neighbors: ['node_34', 'node_36']
[ 2026-03-22 17:20:21 | node_20 | INFO ] 🎉 Round 140 of 150 finished.
[ 2026-03-22 17:20:21 | node_28 | INFO ] 🏋️‍♀️ Preparing training...
[ 2026-03-22 17:20:21 | node_24 | INFO ] 🎉 Round 140 of 150 finished.
[ 2026-03-22 17:20:21 | node_20 | INFO ] 🗳️ [DETERMINISTIC] Train set assigned (No Voting). Size: 50
[ 2026-03-22 17:20:21 | node_24 | INFO ] 🗳️ [DETERMINISTIC] Train set assigned (No Voting). Size: 50
[ 2026-03-22 17:20:21 | node_20 | INFO ] 🏋️‍♀️ Preparing training...
[ 2026-03-22 17:20:21 | node_8 | INFO ] 🎉 Round 140 of 150 finished.
[ 2026-03-22 17:20:21 | node_25 | INFO ] 🎉 Round 140 of 150 finished.
[ 2026-03-22 17:20:21 | node_17 | INFO ] 🎉 Round 140 of 150 finished.
[ 2026-03-22 17:20:21 | node_17 | INFO ] 🗳️ [DETERMINISTIC] Train set assigned (No Voting). Size: 50
[ 2026-03-22 17:20:21 | node_25 | INFO ] 🗳️ [DETERMINISTIC] Train set assigned (No Voting). Size: 50
[ 2026-03-22 17:20:21 | node_24 | INFO ] 🏋️‍♀️ Preparing training...
[ 2026-03-22 17:20:21 | node_8 | INFO ] 🗳️ [DETERMINISTIC] Train set assigned (No Voting). Size: 50
[ 2026-03-22 17:20:21 | node_25 | INFO ] 🏋️‍♀️ Preparing training...
[ 2026-03-22 17:20:21 | node_17 | INFO ] 🏋️‍♀️ Preparing training...
[ 2026-03-22 17:20:21 | node_8 | INFO ] 🏋️‍♀️ Preparing training...
[ 2026-03-22 17:20:21 | node_16 | INFO ] 🤫 Gossip finished.
[ 2026-03-22 17:20:21 | node_38 | INFO ] 🧩 Model added for round 140 (3/3) from ['node_37']
[ 2026-03-22 17:20:21 | node_16 | INFO ] 🔬 Evaluating...
[ 2026-03-22 17:20:21 | node_38 | INFO ] 🧠 Aggregation complete. Setting new model.
[ 2026-03-22 17:20:22 | node_13 | INFO ] 🎉 Round 140 of 150 finished.
[ 2026-03-22 17:20:22 | node_2 | INFO ] 📈 Evaluated. Results: {'test_loss': 0.0012525999918580055, 'test_accuracy': 0.996941089630127, 'test_precision': 0.4913480281829834, 'test_recall': 0.1921296864748001, 'test_f1': 0.25795769691467285, 'communication_cost': 1457816}
[ 2026-03-22 17:20:22 | node_38 | INFO ] 🗣️ Gossiping aggregated model.
[ 2026-03-22 17:20:22 | node_13 | INFO ] 🗳️ [DETERMINISTIC] Train set assigned (No Voting). Size: 50
[ 2026-03-22 17:20:22 | node_2 | INFO ] 📢 Broadcasting metrics.
[ 2026-03-22 17:20:22 | node_12 | INFO ] 📈 Evaluated. Results: {'test_loss': 0.0011915831128135324, 'test_accuracy': 0.996941089630127, 'test_precision': 0.7001709342002869, 'test_recall': 0.18681462109088898, 'test_f1': 0.286783903837204, 'communication_cost': 1457816}
[ 2026-03-22 17:20:22 | node_12 | INFO ] 📢 Broadcasting metrics.
[ 2026-03-22 17:20:22 | node_13 | INFO ] 🏋️‍♀️ Preparing training...
[ 2026-03-22 17:20:22 | node_39 | INFO ] 🤫 Gossip finished.
[ 2026-03-22 17:20:22 | node_39 | INFO ] 🔬 Evaluating...
[ 2026-03-22 17:20:22 | node_23 | INFO ] 📈 Evaluated. Results: {'test_loss': 0.0013866460649296641, 'test_accuracy': 0.9965808987617493, 'test_precision': 0.8157278895378113, 'test_recall': 0.22660906612873077, 'test_f1': 0.3442707061767578, 'communication_cost': 1457816}
[ 2026-03-22 17:20:22 | node_23 | INFO ] 📢 Broadcasting metrics.
[ 2026-03-22 17:20:22 | node_31 | INFO ] 📈 Evaluated. Results: {'test_loss': 0.0010043592192232609, 'test_accuracy': 0.9976606369018555, 'test_precision': 0.6314558386802673, 'test_recall': 0.21345479786396027, 'test_f1': 0.31159868836402893, 'communication_cost': 1457816}
[ 2026-03-22 17:20:22 | node_27 | INFO ] 🤫 Gossip finished.
[ 2026-03-22 17:20:22 | node_31 | INFO ] 📢 Broadcasting metrics.
[ 2026-03-22 17:20:22 | node_2 | INFO ] 🎉 Round 139 of 150 finished.
[ 2026-03-22 17:20:22 | node_10 | INFO ] 📈 Evaluated. Results: {'test_loss': 0.0012809074250981212, 'test_accuracy': 0.997031033039093, 'test_precision': 0.5527665615081787, 'test_recall': 0.10850602388381958, 'test_f1': 0.18106494843959808, 'communication_cost': 1457816}
[ 2026-03-22 17:20:22 | node_12 | INFO ] 🎉 Round 140 of 150 finished.
[ 2026-03-22 17:20:22 | node_10 | INFO ] 📢 Broadcasting metrics.
[ 2026-03-22 17:20:22 | node_27 | INFO ] 🔬 Evaluating...
[ 2026-03-22 17:20:22 | node_2 | INFO ] 🗳️ [DETERMINISTIC] Train set assigned (No Voting). Size: 50
[ 2026-03-22 17:20:22 | node_12 | INFO ] 🗳️ [DETERMINISTIC] Train set assigned (No Voting). Size: 50
[ 2026-03-22 17:20:22 | node_18 | INFO ] 📈 Evaluated. Results: {'test_loss': 0.001281635370105505, 'test_accuracy': 0.9968510866165161, 'test_precision': 0.8157444596290588, 'test_recall': 0.15656901895999908, 'test_f1': 0.23857079446315765, 'communication_cost': 1457816}
[ 2026-03-22 17:20:22 | node_2 | INFO ] 🏋️‍♀️ Preparing training...
[ 2026-03-22 17:20:22 | node_12 | INFO ] 🏋️‍♀️ Preparing training...
[ 2026-03-22 17:20:22 | node_18 | INFO ] 📢 Broadcasting metrics.
[ 2026-03-22 17:20:23 | node_3 | INFO ] 📈 Evaluated. Results: {'test_loss': 0.0017785876989364624, 'test_accuracy': 0.9960413575172424, 'test_precision': 0.47906431555747986, 'test_recall': 0.38339319825172424, 'test_f1': 0.3573746979236603, 'communication_cost': 1457816}
[ 2026-03-22 17:20:23 | node_3 | INFO ] 📢 Broadcasting metrics.
[ 2026-03-22 17:20:23 | node_1 | INFO ] 📈 Evaluated. Results: {'test_loss': 0.0013319116551429033, 'test_accuracy': 0.9971210360527039, 'test_precision': 0.5834757685661316, 'test_recall': 0.18016095459461212, 'test_f1': 0.2689386010169983, 'communication_cost': 1457816}
[ 2026-03-22 17:20:23 | node_21 | INFO ] 🤫 Gossip finished.
[ 2026-03-22 17:20:23 | node_1 | INFO ] 📢 Broadcasting metrics.
[ 2026-03-22 17:20:23 | node_49 | INFO ] 📈 Evaluated. Results: {'test_loss': 0.0015030967770144343, 'test_accuracy': 0.9967608451843262, 'test_precision': 0.6142403483390808, 'test_recall': 0.1665894091129303, 'test_f1': 0.25883999466896057, 'communication_cost': 1457816}
[ 2026-03-22 17:20:23 | node_49 | INFO ] 📢 Broadcasting metrics.
[ 2026-03-22 17:20:23 | node_9 | INFO ] 📈 Evaluated. Results: {'test_loss': 0.001214443240314722, 'test_accuracy': 0.996941089630127, 'test_precision': 0.8291497826576233, 'test_recall': 0.21553845703601837, 'test_f1': 0.3285890221595764, 'communication_cost': 1457816}
[ 2026-03-22 17:20:23 | node_21 | INFO ] 🔬 Evaluating...
[ 2026-03-22 17:20:23 | node_19 | INFO ] 📈 Evaluated. Results: {'test_loss': 0.0011722554918378592, 'test_accuracy': 0.99712073802948, 'test_precision': 0.8157278895378113, 'test_recall': 0.26282361149787903, 'test_f1': 0.38962897658348083, 'communication_cost': 1457816}
[ 2026-03-22 17:20:23 | node_7 | INFO ] 📈 Evaluated. Results: {'test_loss': 0.001338016358204186, 'test_accuracy': 0.9966711401939392, 'test_precision': 0.6448943018913269, 'test_recall': 0.16378267109394073, 'test_f1': 0.2546076476573944, 'communication_cost': 1457816}
[ 2026-03-22 17:20:23 | node_9 | INFO ] 📢 Broadcasting metrics.
[ 2026-03-22 17:20:23 | node_30 | INFO ] 📈 Evaluated. Results: {'test_loss': 0.0011330900015309453, 'test_accuracy': 0.9972107410430908, 'test_precision': 0.8292244076728821, 'test_recall': 0.3062426447868347, 'test_f1': 0.4459323287010193, 'communication_cost': 1457816}
[ 2026-03-22 17:20:23 | node | INFO ] 📈 Evaluated. Results: {'test_loss': 0.0013784525217488408, 'test_accuracy': 0.99676114320755, 'test_precision': 0.8771629929542542, 'test_recall': 0.28880491852760315, 'test_f1': 0.43042099475860596, 'communication_cost': 1457816}
[ 2026-03-22 17:20:23 | node_19 | INFO ] 📢 Broadcasting metrics.
[ 2026-03-22 17:20:23 | node_29 | INFO ] 📈 Evaluated. Results: {'test_loss': 0.0012859966373071074, 'test_accuracy': 0.9965808987617493, 'test_precision': 0.79851233959198, 'test_recall': 0.34332799911499023, 'test_f1': 0.4524903893470764, 'communication_cost': 1457816}
[ 2026-03-22 17:20:23 | node_7 | INFO ] 📢 Broadcasting metrics.
[ 2026-03-22 17:20:23 | node_23 | INFO ] 🎉 Round 140 of 150 finished.
[ 2026-03-22 17:20:23 | node_30 | INFO ] 📢 Broadcasting metrics.
[ 2026-03-22 17:20:23 | node | INFO ] 📢 Broadcasting metrics.
[ 2026-03-22 17:20:23 | node_29 | INFO ] 📢 Broadcasting metrics.
[ 2026-03-22 17:20:24 | node_31 | INFO ] 🎉 Round 140 of 150 finished.
[ 2026-03-22 17:20:24 | node_23 | INFO ] 🗳️ [DETERMINISTIC] Train set assigned (No Voting). Size: 50
[ 2026-03-22 17:20:24 | node_10 | INFO ] 🎉 Round 140 of 150 finished.
[ 2026-03-22 17:20:24 | node_4 | INFO ] 📈 Evaluated. Results: {'test_loss': 0.0012816628441214561, 'test_accuracy': 0.9968510866165161, 'test_precision': 0.9692906737327576, 'test_recall': 0.36529722809791565, 'test_f1': 0.5219805836677551, 'communication_cost': 1457816}
[ 2026-03-22 17:20:24 | node_31 | INFO ] 🗳️ [DETERMINISTIC] Train set assigned (No Voting). Size: 50
[ 2026-03-22 17:20:24 | node_4 | INFO ] 📢 Broadcasting metrics.
[ 2026-03-22 17:20:24 | node_40 | INFO ] 📈 Evaluated. Results: {'test_loss': 0.001361352507956326, 'test_accuracy': 0.9966708421707153, 'test_precision': 0.7850159406661987, 'test_recall': 0.2673095166683197, 'test_f1': 0.376873642206192, 'communication_cost': 1457816}
[ 2026-03-22 17:20:24 | node_10 | INFO ] 🗳️ [DETERMINISTIC] Train set assigned (No Voting). Size: 50
[ 2026-03-22 17:20:24 | node_23 | INFO ] 🏋️‍♀️ Preparing training...
[ 2026-03-22 17:20:24 | node_40 | INFO ] 📢 Broadcasting metrics.
[ 2026-03-22 17:20:24 | node_18 | INFO ] 🎉 Round 140 of 150 finished.
[ 2026-03-22 17:20:24 | node_31 | INFO ] 🏋️‍♀️ Preparing training...
[ 2026-03-22 17:20:24 | node_16 | INFO ] 📈 Evaluated. Results: {'test_loss': 0.0011371958535164595, 'test_accuracy': 0.9968510866165161, 'test_precision': 0.6756035685539246, 'test_recall': 0.166707381606102, 'test_f1': 0.2608824074268341, 'communication_cost': 1457816}
[ 2026-03-22 17:20:24 | node_10 | INFO ] 🏋️‍♀️ Preparing training...
[ 2026-03-22 17:20:24 | node_16 | INFO ] 📢 Broadcasting metrics.
[ 2026-03-22 17:20:24 | node_18 | INFO ] 🗳️ [DETERMINISTIC] Train set assigned (No Voting). Size: 50
[ 2026-03-22 17:20:24 | node_3 | INFO ] 🎉 Round 139 of 150 finished.
[ 2026-03-22 17:20:24 | node_18 | INFO ] 🏋️‍♀️ Preparing training...
[ 2026-03-22 17:20:24 | node_45 | INFO ] 📈 Evaluated. Results: {'test_loss': 0.0011619679862633348, 'test_accuracy': 0.9973006844520569, 'test_precision': 0.7456960678100586, 'test_recall': 0.33622974157333374, 'test_f1': 0.43947380781173706, 'communication_cost': 1457816}
[ 2026-03-22 17:20:24 | node_39 | INFO ] 📈 Evaluated. Results: {'test_loss': 0.0010466895764693618, 'test_accuracy': 0.9975706338882446, 'test_precision': 0.5798512697219849, 'test_recall': 0.3844643235206604, 'test_f1': 0.45397186279296875, 'communication_cost': 1457816}
[ 2026-03-22 17:20:24 | node_45 | INFO ] 📢 Broadcasting metrics.
[ 2026-03-22 17:20:24 | node_3 | INFO ] 🗳️ [DETERMINISTIC] Train set assigned (No Voting). Size: 50
[ 2026-03-22 17:20:24 | node_39 | INFO ] 📢 Broadcasting metrics.
[ 2026-03-22 17:20:24 | node_1 | INFO ] 🎉 Round 139 of 150 finished.
[ 2026-03-22 17:20:24 | node_49 | INFO ] 🎉 Round 139 of 150 finished.
[ 2026-03-22 17:20:24 | node_3 | INFO ] 🏋️‍♀️ Preparing training...
[ 2026-03-22 17:20:24 | node_49 | INFO ] 🗳️ [DETERMINISTIC] Train set assigned (No Voting). Size: 50
[ 2026-03-22 17:20:24 | node_1 | INFO ] 🗳️ [DETERMINISTIC] Train set assigned (No Voting). Size: 50
[ 2026-03-22 17:20:25 | node_19 | INFO ] 🎉 Round 140 of 150 finished.
[ 2026-03-22 17:20:25 | node_7 | INFO ] 🎉 Round 140 of 150 finished.
[ 2026-03-22 17:20:25 | node | INFO ] 🎉 Round 139 of 150 finished.
[ 2026-03-22 17:20:25 | node_9 | INFO ] 🎉 Round 140 of 150 finished.
[ 2026-03-22 17:20:25 | node_48 | INFO ] 📈 Evaluated. Results: {'test_loss': 0.0015552227851003408, 'test_accuracy': 0.9965808987617493, 'test_precision': 0.8292244076728821, 'test_recall': 0.20423489809036255, 'test_f1': 0.3233935534954071, 'communication_cost': 1457816}
[ 2026-03-22 17:20:25 | node_30 | INFO ] 🎉 Round 140 of 150 finished.
[ 2026-03-22 17:20:25 | node_29 | INFO ] 🎉 Round 140 of 150 finished.
[ 2026-03-22 17:20:25 | node_19 | INFO ] 🗳️ [DETERMINISTIC] Train set assigned (No Voting). Size: 50
[ 2026-03-22 17:20:25 | node_48 | INFO ] 📢 Broadcasting metrics.
[ 2026-03-22 17:20:25 | node_7 | INFO ] 🗳️ [DETERMINISTIC] Train set assigned (No Voting). Size: 50
[ 2026-03-22 17:20:25 | node_49 | INFO ] 🏋️‍♀️ Preparing training...
[ 2026-03-22 17:20:25 | node_1 | INFO ] 🏋️‍♀️ Preparing training...
[ 2026-03-22 17:20:25 | node | INFO ] 🗳️ [DETERMINISTIC] Train set assigned (No Voting). Size: 50
[ 2026-03-22 17:20:25 | node_9 | INFO ] 🗳️ [DETERMINISTIC] Train set assigned (No Voting). Size: 50
[ 2026-03-22 17:20:25 | node_30 | INFO ] 🗳️ [DETERMINISTIC] Train set assigned (No Voting). Size: 50
[ 2026-03-22 17:20:25 | node_29 | INFO ] 🗳️ [DETERMINISTIC] Train set assigned (No Voting). Size: 50
[ 2026-03-22 17:20:25 | node_19 | INFO ] 🏋️‍♀️ Preparing training...
[ 2026-03-22 17:20:25 | node_4 | INFO ] 🎉 Round 139 of 150 finished.
[ 2026-03-22 17:20:25 | node_7 | INFO ] 🏋️‍♀️ Preparing training...
[ 2026-03-22 17:20:25 | node_9 | INFO ] 🏋️‍♀️ Preparing training...
[ 2026-03-22 17:20:25 | node | INFO ] 🏋️‍♀️ Preparing training...
[ 2026-03-22 17:20:25 | node_42 | INFO ] 📈 Evaluated. Results: {'test_loss': 0.0013621877878904343, 'test_accuracy': 0.9969407916069031, 'test_precision': 0.8157278895378113, 'test_recall': 0.2318151742219925, 'test_f1': 0.3428434133529663, 'communication_cost': 1457816}
[ 2026-03-22 17:20:25 | node_30 | INFO ] 🏋️‍♀️ Preparing training...
[ 2026-03-22 17:20:25 | node_40 | INFO ] 🎉 Round 141 of 150 finished.
[ 2026-03-22 17:20:25 | node_29 | INFO ] 🏋️‍♀️ Preparing training...
[ 2026-03-22 17:20:25 | node_42 | INFO ] 📢 Broadcasting metrics.
[ 2026-03-22 17:20:25 | node_4 | INFO ] 🗳️ [DETERMINISTIC] Train set assigned (No Voting). Size: 50
[ 2026-03-22 17:20:25 | node_40 | INFO ] 🗳️ [DETERMINISTIC] Train set assigned (No Voting). Size: 50
[ 2026-03-22 17:20:25 | node_16 | INFO ] 🎉 Round 140 of 150 finished.
[ 2026-03-22 17:20:25 | node_11 | INFO ] 🎓 Training step done.
[ 2026-03-22 17:20:25 | node_4 | INFO ] ♻️ Proactively processing 1 early models for round 139.
[ 2026-03-22 17:20:25 | node_15 | INFO ] 📈 Evaluated. Results: {'test_loss': 0.0012824208242818713, 'test_accuracy': 0.9968510866165161, 'test_precision': 0.6959784030914307, 'test_recall': 0.20983828604221344, 'test_f1': 0.29746517539024353, 'communication_cost': 1457816}
[ 2026-03-22 17:20:25 | node_11 | INFO ] 🛠️ Calling force_add_local_model...
[ 2026-03-22 17:20:25 | node_4 | INFO ] 🧩 Model added for round 139 (1/3) from ['node_5']
[ 2026-03-22 17:20:25 | node_16 | INFO ] 🗳️ [DETERMINISTIC] Train set assigned (No Voting). Size: 50
[ 2026-03-22 17:20:25 | node_15 | INFO ] 📢 Broadcasting metrics.
[ 2026-03-22 17:20:25 | node_40 | INFO ] 🏋️‍♀️ Preparing training...
[ 2026-03-22 17:20:25 | node_11 | INFO ] ✅ [FORCE] Local model added for round 140. (1/3)
[ 2026-03-22 17:20:25 | node_4 | INFO ] 🏋️‍♀️ Preparing training...
[ 2026-03-22 17:20:25 | node_45 | INFO ] 🎉 Round 140 of 150 finished.
[ 2026-03-22 17:20:25 | node_16 | INFO ] 🏋️‍♀️ Preparing training...
[ 2026-03-22 17:20:26 | node_39 | INFO ] 🎉 Round 141 of 150 finished.
[ 2026-03-22 17:20:26 | node_45 | INFO ] 🗳️ [DETERMINISTIC] Train set assigned (No Voting). Size: 50
[ 2026-03-22 17:20:26 | node_39 | INFO ] 🗳️ [DETERMINISTIC] Train set assigned (No Voting). Size: 50
[ 2026-03-22 17:20:26 | node_39 | INFO ] 🏋️‍♀️ Preparing training...
[ 2026-03-22 17:20:26 | node_45 | INFO ] ♻️ Proactively processing 1 early models for round 140.
[ 2026-03-22 17:20:26 | node_48 | INFO ] 🎉 Round 139 of 150 finished.
[ 2026-03-22 17:20:26 | node_45 | INFO ] 🧩 Model added for round 140 (1/3) from ['node_44']
[ 2026-03-22 17:20:26 | node_45 | INFO ] 🏋️‍♀️ Preparing training...
[ 2026-03-22 17:20:26 | node_48 | INFO ] 🗳️ [DETERMINISTIC] Train set assigned (No Voting). Size: 50
[ 2026-03-22 17:20:26 | node_33 | INFO ] 🎓 Training step done.
[ 2026-03-22 17:20:26 | node_33 | INFO ] 🛠️ Calling force_add_local_model...
[ 2026-03-22 17:20:26 | node_48 | INFO ] ♻️ Proactively processing 1 early models for round 139.
[ 2026-03-22 17:20:26 | node_33 | INFO ] ✅ [FORCE] Local model added for round 140. (1/3)
[ 2026-03-22 17:20:26 | node_48 | INFO ] 🧩 Model added for round 139 (1/3) from ['node_47']
[ 2026-03-22 17:20:26 | node_48 | INFO ] 🏋️‍♀️ Preparing training...
[ 2026-03-22 17:20:26 | node_42 | INFO ] 🎉 Round 141 of 150 finished.
[ 2026-03-22 17:20:26 | node_15 | INFO ] 🎉 Round 140 of 150 finished.
[ 2026-03-22 17:20:26 | node_42 | INFO ] 🗳️ [DETERMINISTIC] Train set assigned (No Voting). Size: 50
[ 2026-03-22 17:20:26 | node_15 | INFO ] 🗳️ [DETERMINISTIC] Train set assigned (No Voting). Size: 50
[ 2026-03-22 17:20:26 | node_36 | INFO ] ⏹️  Gossiping exited for 10 equal rounds.
[ 2026-03-22 17:20:26 | node_42 | INFO ] 🏋️‍♀️ Preparing training...
[ 2026-03-22 17:20:26 | node_27 | INFO ] 📈 Evaluated. Results: {'test_loss': 0.0013627028092741966, 'test_accuracy': 0.9966708421707153, 'test_precision': 0.6314558386802673, 'test_recall': 0.14978978037834167, 'test_f1': 0.23033694922924042, 'communication_cost': 1457816}
[ 2026-03-22 17:20:26 | node_15 | INFO ] 🏋️‍♀️ Preparing training...
[ 2026-03-22 17:20:26 | node_36 | INFO ] 🔬 Evaluating...
[ 2026-03-22 17:20:26 | node_27 | INFO ] 📢 Broadcasting metrics.
[ 2026-03-22 17:20:27 | node_27 | INFO ] 🎉 Round 140 of 150 finished.
[ 2026-03-22 17:20:27 | node_27 | INFO ] 🗳️ [DETERMINISTIC] Train set assigned (No Voting). Size: 50
[ 2026-03-22 17:20:27 | node_27 | INFO ] 🏋️‍♀️ Preparing training...
[ 2026-03-22 17:20:28 | node_34 | INFO ] ⏹️  Gossiping exited for 10 equal rounds.
[ 2026-03-22 17:20:28 | node_26 | INFO ] 🎓 Training step done.
[ 2026-03-22 17:20:28 | node_34 | INFO ] 🔬 Evaluating...
[ 2026-03-22 17:20:28 | node_26 | INFO ] 🛠️ Calling force_add_local_model...
[ 2026-03-22 17:20:28 | node_26 | INFO ] ✅ [FORCE] Local model added for round 140. (1/3)
[ 2026-03-22 17:20:28 | node_21 | INFO ] 📈 Evaluated. Results: {'test_loss': 0.0012813432840630412, 'test_accuracy': 0.9962210059165955, 'test_precision': 0.921360433101654, 'test_recall': 0.16277368366718292, 'test_f1': 0.2740457057952881, 'communication_cost': 1457816}
[ 2026-03-22 17:20:28 | node_21 | INFO ] 📢 Broadcasting metrics.
[ 2026-03-22 17:20:28 | node_17 | INFO ] 🎓 Training step done.
[ 2026-03-22 17:20:28 | node_17 | INFO ] 🛠️ Calling force_add_local_model...
[ 2026-03-22 17:20:28 | node_17 | INFO ] ✅ [FORCE] Local model added for round 140. (1/3)
[ 2026-03-22 17:20:28 | node_21 | INFO ] 🎉 Round 140 of 150 finished.
[ 2026-03-22 17:20:28 | node_21 | INFO ] 🗳️ [DETERMINISTIC] Train set assigned (No Voting). Size: 50
[ 2026-03-22 17:20:29 | node_21 | INFO ] 🏋️‍♀️ Preparing training...
[ 2026-03-22 17:20:29 | node_24 | INFO ] 🎓 Training step done.
[ 2026-03-22 17:20:29 | node_24 | INFO ] 🛠️ Calling force_add_local_model...
[ 2026-03-22 17:20:29 | node_24 | INFO ] ✅ [FORCE] Local model added for round 140. (1/3)
[ 2026-03-22 17:20:29 | node_8 | INFO ] 🎓 Training step done.
[ 2026-03-22 17:20:29 | node_8 | INFO ] 🛠️ Calling force_add_local_model...
[ 2026-03-22 17:20:29 | node_8 | INFO ] ✅ [FORCE] Local model added for round 140. (1/3)
[ 2026-03-22 17:20:29 | node_20 | INFO ] 🎓 Training step done.
[ 2026-03-22 17:20:29 | node_20 | INFO ] 🛠️ Calling force_add_local_model...
[ 2026-03-22 17:20:29 | node_20 | INFO ] ✅ [FORCE] Local model added for round 140. (1/3)
[ 2026-03-22 17:20:30 | node_41 | INFO ] 🎓 Training step done.
[ 2026-03-22 17:20:30 | node_41 | INFO ] 🛠️ Calling force_add_local_model...
[ 2026-03-22 17:20:30 | node_41 | INFO ] ✅ [FORCE] Local model added for round 141. (1/3)
[ 2026-03-22 17:20:30 | node_11 | INFO ] 📤 Sending model to 2 direct neighbors: ['node_10', 'node_12']
[ 2026-03-22 17:20:30 | node_10 | INFO ] 🧩 Model added for round 140 (1/3) from ['node_11']
[ 2026-03-22 17:20:31 | node_36 | INFO ] 📈 Evaluated. Results: {'test_loss': 0.0014784514205530286, 'test_accuracy': 0.9964908957481384, 'test_precision': 0.6910203099250793, 'test_recall': 0.18222463130950928, 'test_f1': 0.2836796045303345, 'communication_cost': 1457816}
[ 2026-03-22 17:20:31 | node_12 | INFO ] 🧩 Model added for round 140 (1/3) from ['node_11']
[ 2026-03-22 17:20:31 | node_36 | INFO ] 📢 Broadcasting metrics.
[ 2026-03-22 17:20:31 | node_28 | INFO ] 🎓 Training step done.
[ 2026-03-22 17:20:31 | node_28 | INFO ] 🛠️ Calling force_add_local_model...
[ 2026-03-22 17:20:31 | node_28 | INFO ] ✅ [FORCE] Local model added for round 140. (1/3)
[ 2026-03-22 17:20:31 | node_36 | INFO ] 🎉 Round 140 of 150 finished.
[ 2026-03-22 17:20:31 | node_36 | INFO ] 🗳️ [DETERMINISTIC] Train set assigned (No Voting). Size: 50
[ 2026-03-22 17:20:31 | node_33 | INFO ] 📤 Sending model to 2 direct neighbors: ['node_32', 'node_34']
[ 2026-03-22 17:20:31 | node_36 | INFO ] ♻️ Proactively processing 2 early models for round 140.
[ 2026-03-22 17:20:31 | node_36 | INFO ] 🧩 Model added for round 140 (1/3) from ['node_37']
[ 2026-03-22 17:20:31 | node_22 | INFO ] ⏹️  Gossiping exited for 10 equal rounds.
[ 2026-03-22 17:20:31 | node_36 | INFO ] 🧩 Model added for round 140 (2/3) from ['node_35']
[ 2026-03-22 17:20:31 | node_36 | INFO ] 🏋️‍♀️ Preparing training...
[ 2026-03-22 17:20:31 | node_22 | INFO ] 🔬 Evaluating...
[ 2026-03-22 17:20:31 | node_25 | INFO ] 🎓 Training step done.
[ 2026-03-22 17:20:31 | node_25 | INFO ] 🛠️ Calling force_add_local_model...
[ 2026-03-22 17:20:31 | node_25 | INFO ] ✅ [FORCE] Local model added for round 140. (1/3)
[ 2026-03-22 17:20:32 | node_13 | INFO ] 🎓 Training step done.
[ 2026-03-22 17:20:32 | node_13 | INFO ] 🛠️ Calling force_add_local_model...
[ 2026-03-22 17:20:32 | node_13 | INFO ] ✅ [FORCE] Local model added for round 140. (1/3)
[ 2026-03-22 17:20:32 | node_12 | INFO ] 🎓 Training step done.
[ 2026-03-22 17:20:32 | node_19 | INFO ] 🎓 Training step done.
[ 2026-03-22 17:20:32 | node_12 | INFO ] 🛠️ Calling force_add_local_model...
[ 2026-03-22 17:20:32 | node_19 | INFO ] 🛠️ Calling force_add_local_model...
[ 2026-03-22 17:20:32 | node_12 | INFO ] ✅ [FORCE] Local model added for round 140. (2/3)
[ 2026-03-22 17:20:32 | node_19 | INFO ] ✅ [FORCE] Local model added for round 140. (1/3)
[ 2026-03-22 17:20:32 | node_23 | INFO ] 🎓 Training step done.
[ 2026-03-22 17:20:32 | node_23 | INFO ] 🛠️ Calling force_add_local_model...
[ 2026-03-22 17:20:32 | node_23 | INFO ] ✅ [FORCE] Local model added for round 140. (1/3)
[ 2026-03-22 17:20:32 | node_32 | INFO ] ⏹️  Gossiping exited for 10 equal rounds.
[ 2026-03-22 17:20:32 | node_32 | INFO ] 🔬 Evaluating...
[ 2026-03-22 17:20:33 | node_14 | INFO ] ⏹️  Gossiping exited for 10 equal rounds.
[ 2026-03-22 17:20:33 | node_26 | INFO ] 📤 Sending model to 2 direct neighbors: ['node_25', 'node_27']
[ 2026-03-22 17:20:33 | node_14 | INFO ] 🔬 Evaluating...
[ 2026-03-22 17:20:33 | node_25 | INFO ] 🧩 Model added for round 140 (2/3) from ['node_26']
[ 2026-03-22 17:20:33 | node_17 | INFO ] 📤 Sending model to 2 direct neighbors: ['node_16', 'node_18']
[ 2026-03-22 17:20:33 | node_16 | INFO ] 🧩 Model added for round 140 (1/3) from ['node_17']
[ 2026-03-22 17:20:34 | node_34 | INFO ] 📈 Evaluated. Results: {'test_loss': 0.001121862675063312, 'test_accuracy': 0.9973906874656677, 'test_precision': 0.5528162717819214, 'test_recall': 0.1883220225572586, 'test_f1': 0.2791782319545746, 'communication_cost': 1457816}
[ 2026-03-22 17:20:34 | node_34 | INFO ] 📢 Broadcasting metrics.
[ 2026-03-22 17:20:34 | node_27 | INFO ] 🧩 Model added for round 140 (1/3) from ['node_26']
[ 2026-03-22 17:20:34 | node_18 | INFO ] 🧩 Model added for round 140 (1/3) from ['node_17']
[ 2026-03-22 17:20:34 | node_49 | INFO ] 🎓 Training step done.
[ 2026-03-22 17:20:34 | node_49 | INFO ] 🛠️ Calling force_add_local_model...
[ 2026-03-22 17:20:34 | node_49 | INFO ] ✅ [FORCE] Local model added for round 139. (1/3)
[ 2026-03-22 17:20:34 | node_24 | INFO ] 📤 Sending model to 2 direct neighbors: ['node_23', 'node_25']
[ 2026-03-22 17:20:34 | node_31 | INFO ] 🎓 Training step done.
[ 2026-03-22 17:20:34 | node_31 | INFO ] 🛠️ Calling force_add_local_model...
[ 2026-03-22 17:20:34 | node_34 | INFO ] 🎉 Round 140 of 150 finished.
[ 2026-03-22 17:20:34 | node_31 | INFO ] ✅ [FORCE] Local model added for round 140. (1/3)
[ 2026-03-22 17:20:34 | node_23 | INFO ] 🧩 Model added for round 140 (2/3) from ['node_24']
[ 2026-03-22 17:20:34 | node_10 | INFO ] 🎓 Training step done.
[ 2026-03-22 17:20:34 | node_8 | INFO ] 📤 Sending model to 2 direct neighbors: ['node_7', 'node_9']
[ 2026-03-22 17:20:34 | node_10 | INFO ] 🛠️ Calling force_add_local_model...
[ 2026-03-22 17:20:34 | node_34 | INFO ] 🗳️ [DETERMINISTIC] Train set assigned (No Voting). Size: 50
[ 2026-03-22 17:20:34 | node_10 | INFO ] ✅ [FORCE] Local model added for round 140. (2/3)
[ 2026-03-22 17:20:34 | node_34 | INFO ] ♻️ Proactively processing 2 early models for round 140.
[ 2026-03-22 17:20:34 | node_34 | INFO ] 🧩 Model added for round 140 (1/3) from ['node_35']
[ 2026-03-22 17:20:34 | node_7 | INFO ] 🧩 Model added for round 140 (1/3) from ['node_8']
[ 2026-03-22 17:20:34 | node_43 | INFO ] ⏹️  Gossiping exited for 10 equal rounds.
[ 2026-03-22 17:20:34 | node_34 | INFO ] 🧩 Model added for round 140 (2/3) from ['node_33']
[ 2026-03-22 17:20:34 | node_46 | INFO ] ⏹️  Gossiping exited for 10 equal rounds.
[ 2026-03-22 17:20:34 | node_34 | INFO ] 🏋️‍♀️ Preparing training...
[ 2026-03-22 17:20:34 | node_43 | INFO ] 🔬 Evaluating...
[ 2026-03-22 17:20:34 | node_46 | INFO ] 🔬 Evaluating...
[ 2026-03-22 17:20:34 | node_25 | INFO ] 🧩 Model added for round 140 (3/3) from ['node_24']
[ 2026-03-22 17:20:34 | node_20 | INFO ] 📤 Sending model to 2 direct neighbors: ['node_19', 'node_21']
[ 2026-03-22 17:20:35 | node_9 | INFO ] 🧩 Model added for round 140 (1/3) from ['node_8']
[ 2026-03-22 17:20:35 | node_19 | INFO ] 🧩 Model added for round 140 (2/3) from ['node_20']
[ 2026-03-22 17:20:35 | node_2 | INFO ] 🎓 Training step done.
[ 2026-03-22 17:20:35 | node_2 | INFO ] 🛠️ Calling force_add_local_model...
[ 2026-03-22 17:20:35 | node_2 | INFO ] ✅ [FORCE] Local model added for round 139. (1/3)
[ 2026-03-22 17:20:35 | node_21 | INFO ] 🧩 Model added for round 140 (1/3) from ['node_20']
[ 2026-03-22 17:20:35 | node_41 | INFO ] 📤 Sending model to 2 direct neighbors: ['node_40', 'node_42']
[ 2026-03-22 17:20:35 | node_40 | INFO ] 🧩 Model added for round 141 (1/3) from ['node_41']
[ 2026-03-22 17:20:35 | node_42 | INFO ] 🧩 Model added for round 141 (1/3) from ['node_41']
[ 2026-03-22 17:20:36 | node_7 | INFO ] 🎓 Training step done.
[ 2026-03-22 17:20:36 | node_7 | INFO ] 🛠️ Calling force_add_local_model...
[ 2026-03-22 17:20:36 | node_7 | INFO ] ✅ [FORCE] Local model added for round 140. (2/3)
[ 2026-03-22 17:20:36 | node_22 | INFO ] 📈 Evaluated. Results: {'test_loss': 0.0012967924121767282, 'test_accuracy': 0.9972107410430908, 'test_precision': 0.8157278895378113, 'test_recall': 0.2144513726234436, 'test_f1': 0.3226921260356903, 'communication_cost': 1457816}
[ 2026-03-22 17:20:36 | node_29 | INFO ] 🎓 Training step done.
[ 2026-03-22 17:20:36 | node_29 | INFO ] 🛠️ Calling force_add_local_model...
[ 2026-03-22 17:20:36 | node_22 | INFO ] 📢 Broadcasting metrics.
[ 2026-03-22 17:20:36 | node_29 | INFO ] ✅ [FORCE] Local model added for round 140. (1/3)
[ 2026-03-22 17:20:36 | node_28 | INFO ] 📤 Sending model to 2 direct neighbors: ['node_27', 'node_29']
[ 2026-03-22 17:20:36 | node_32 | INFO ] 📈 Evaluated. Results: {'test_loss': 0.00103329389821738, 'test_accuracy': 0.9969407916069031, 'test_precision': 0.8292244076728821, 'test_recall': 0.30520766973495483, 'test_f1': 0.4247564971446991, 'communication_cost': 1457816}
[ 2026-03-22 17:20:36 | node_14 | INFO ] 📈 Evaluated. Results: {'test_loss': 0.0012701944215223193, 'test_accuracy': 0.996941089630127, 'test_precision': 0.9212775826454163, 'test_recall': 0.21988356113433838, 'test_f1': 0.337363064289093, 'communication_cost': 1457816}
[ 2026-03-22 17:20:36 | node_27 | INFO ] 🧩 Model added for round 140 (2/3) from ['node_28']
[ 2026-03-22 17:20:36 | node_15 | INFO ] 🎓 Training step done.
[ 2026-03-22 17:20:36 | node_32 | INFO ] 📢 Broadcasting metrics.
[ 2026-03-22 17:20:36 | node_15 | INFO ] 🛠️ Calling force_add_local_model...
[ 2026-03-22 17:20:36 | node_14 | INFO ] 📢 Broadcasting metrics.
[ 2026-03-22 17:20:36 | node_15 | INFO ] ✅ [FORCE] Local model added for round 140. (1/3)
[ 2026-03-22 17:20:36 | node_6 | INFO ] ⏹️  Gossiping exited for 10 equal rounds.
[ 2026-03-22 17:20:36 | node_40 | INFO ] 🎓 Training step done.
[ 2026-03-22 17:20:36 | node_40 | INFO ] 🛠️ Calling force_add_local_model...
[ 2026-03-22 17:20:36 | node_40 | INFO ] ✅ [FORCE] Local model added for round 141. (2/3)
[ 2026-03-22 17:20:36 | node_6 | INFO ] 🔬 Evaluating...
[ 2026-03-22 17:20:36 | node_29 | INFO ] 🧩 Model added for round 140 (2/3) from ['node_28']
[ 2026-03-22 17:20:36 | node_1 | INFO ] 🎓 Training step done.
[ 2026-03-22 17:20:36 | node_1 | INFO ] 🛠️ Calling force_add_local_model...
[ 2026-03-22 17:20:36 | node_22 | INFO ] 🎉 Round 140 of 150 finished.
[ 2026-03-22 17:20:36 | node_1 | INFO ] ✅ [FORCE] Local model added for round 139. (1/3)
[ 2026-03-22 17:20:36 | node_48 | INFO ] 🎓 Training step done.
[ 2026-03-22 17:20:36 | node_45 | INFO ] 🎓 Training step done.
[ 2026-03-22 17:20:36 | node_48 | INFO ] 🛠️ Calling force_add_local_model...
[ 2026-03-22 17:20:36 | node_22 | INFO ] 🗳️ [DETERMINISTIC] Train set assigned (No Voting). Size: 50
[ 2026-03-22 17:20:36 | node_45 | INFO ] 🛠️ Calling force_add_local_model...
[ 2026-03-22 17:20:36 | node_48 | INFO ] ✅ [FORCE] Local model added for round 139. (2/3)
[ 2026-03-22 17:20:36 | node_25 | INFO ] 📤 Sending model to 2 direct neighbors: ['node_24', 'node_26']
[ 2026-03-22 17:20:36 | node_39 | INFO ] 🎓 Training step done.
[ 2026-03-22 17:20:36 | node_45 | INFO ] ✅ [FORCE] Local model added for round 140. (2/3)
[ 2026-03-22 17:20:36 | node_38 | INFO ] ⏹️  Gossiping exited for 10 equal rounds.
[ 2026-03-22 17:20:36 | node_22 | INFO ] 🏋️‍♀️ Preparing training...
[ 2026-03-22 17:20:36 | node_39 | INFO ] 🛠️ Calling force_add_local_model...
[ 2026-03-22 17:20:36 | node_42 | INFO ] 🎓 Training step done.
[ 2026-03-22 17:20:36 | node_39 | INFO ] ✅ [FORCE] Local model added for round 141. (1/3)
[ 2026-03-22 17:20:36 | node_16 | INFO ] 🎓 Training step done.
[ 2026-03-22 17:20:36 | node_32 | INFO ] 🎉 Round 140 of 150 finished.
[ 2026-03-22 17:20:36 | node_42 | INFO ] 🛠️ Calling force_add_local_model...
[ 2026-03-22 17:20:36 | node_27 | INFO ] 🎓 Training step done.
[ 2026-03-22 17:20:36 | node_16 | INFO ] 🛠️ Calling force_add_local_model...
[ 2026-03-22 17:20:36 | node_14 | INFO ] 🎉 Round 140 of 150 finished.
[ 2026-03-22 17:20:36 | node_42 | INFO ] ✅ [FORCE] Local model added for round 141. (2/3)
[ 2026-03-22 17:20:37 | node_38 | INFO ] 🔬 Evaluating...
[ 2026-03-22 17:20:37 | node_27 | INFO ] 🛠️ Calling force_add_local_model...
[ 2026-03-22 17:20:37 | node | INFO ] 🎓 Training step done.
[ 2026-03-22 17:20:37 | node_30 | INFO ] 🎓 Training step done.
[ 2026-03-22 17:20:37 | node_30 | INFO ] 🛠️ Calling force_add_local_model...
[ 2026-03-22 17:20:37 | node_4 | INFO ] 🎓 Training step done.
[ 2026-03-22 17:20:37 | node | INFO ] 🛠️ Calling force_add_local_model...
[ 2026-03-22 17:20:37 | node_24 | INFO ] 🧩 Model added for round 140 (2/3) from ['node_25']
[ 2026-03-22 17:20:37 | node_27 | INFO ] ✅ [FORCE] Local model added for round 140. (3/3)
[ 2026-03-22 17:20:37 | node_18 | INFO ] 🎓 Training step done.
[ 2026-03-22 17:20:37 | node_32 | INFO ] 🗳️ [DETERMINISTIC] Train set assigned (No Voting). Size: 50
[ 2026-03-22 17:20:37 | node_4 | INFO ] 🛠️ Calling force_add_local_model...
[ 2026-03-22 17:20:37 | node_14 | INFO ] 🗳️ [DETERMINISTIC] Train set assigned (No Voting). Size: 50
[ 2026-03-22 17:20:37 | node_16 | INFO ] ✅ [FORCE] Local model added for round 140. (2/3)
[ 2026-03-22 17:20:37 | node_30 | INFO ] ✅ [FORCE] Local model added for round 140. (1/3)
[ 2026-03-22 17:20:37 | node | INFO ] ✅ [FORCE] Local model added for round 139. (1/3)
[ 2026-03-22 17:20:37 | node_18 | INFO ] 🛠️ Calling force_add_local_model...
[ 2026-03-22 17:20:37 | node_4 | INFO ] ✅ [FORCE] Local model added for round 139. (2/3)
[ 2026-03-22 17:20:37 | node_32 | INFO ] ♻️ Proactively processing 1 early models for round 140.
[ 2026-03-22 17:20:37 | node_18 | INFO ] ✅ [FORCE] Local model added for round 140. (2/3)
[ 2026-03-22 17:20:37 | node_14 | INFO ] 🏋️‍♀️ Preparing training...
[ 2026-03-22 17:20:37 | node_32 | INFO ] 🧩 Model added for round 140 (1/3) from ['node_33']
[ 2026-03-22 17:20:37 | node_32 | INFO ] 🏋️‍♀️ Preparing training...
[ 2026-03-22 17:20:37 | node_26 | INFO ] 🧩 Model added for round 140 (2/3) from ['node_25']
[ 2026-03-22 17:20:37 | node_9 | INFO ] 🎓 Training step done.
[ 2026-03-22 17:20:37 | node_9 | INFO ] 🛠️ Calling force_add_local_model...
[ 2026-03-22 17:20:37 | node_9 | INFO ] ✅ [FORCE] Local model added for round 140. (2/3)
[ 2026-03-22 17:20:37 | node_25 | INFO ] 🧠 Aggregation complete. Setting new model.
[ 2026-03-22 17:20:37 | node_13 | INFO ] 📤 Sending model to 2 direct neighbors: ['node_12', 'node_14']
[ 2026-03-22 17:20:37 | node_46 | INFO ] 📈 Evaluated. Results: {'test_loss': 0.0015169220278039575, 'test_accuracy': 0.9962210059165955, 'test_precision': 0.6314558386802673, 'test_recall': 0.12907615303993225, 'test_f1': 0.2025919109582901, 'communication_cost': 1457816}
[ 2026-03-22 17:20:37 | node_46 | INFO ] 📢 Broadcasting metrics.
[ 2026-03-22 17:20:37 | node_12 | INFO ] 📤 Sending model to 2 direct neighbors: ['node_11', 'node_13']
[ 2026-03-22 17:20:37 | node_19 | INFO ] 📤 Sending model to 2 direct neighbors: ['node_18', 'node_20']
[ 2026-03-22 17:20:37 | node_43 | INFO ] 📈 Evaluated. Results: {'test_loss': 0.001429141266271472, 'test_accuracy': 0.9964009523391724, 'test_precision': 0.7370883822441101, 'test_recall': 0.11787563562393188, 'test_f1': 0.19832517206668854, 'communication_cost': 1457816}
[ 2026-03-22 17:20:37 | node_25 | INFO ] 🗣️ Gossiping aggregated model.
[ 2026-03-22 17:20:37 | node_12 | INFO ] 🧩 Model added for round 140 (3/3) from ['node_13']
[ 2026-03-22 17:20:37 | node_43 | INFO ] 📢 Broadcasting metrics.
[ 2026-03-22 17:20:37 | node_3 | INFO ] 🎓 Training step done.
[ 2026-03-22 17:20:37 | node_3 | INFO ] 🛠️ Calling force_add_local_model...
[ 2026-03-22 17:20:37 | node_23 | INFO ] 📤 Sending model to 2 direct neighbors: ['node_22', 'node_24']
[ 2026-03-22 17:20:37 | node_3 | INFO ] ✅ [FORCE] Local model added for round 139. (1/3)
[ 2026-03-22 17:20:37 | node_11 | INFO ] 🧩 Model added for round 140 (2/3) from ['node_12']
[ 2026-03-22 17:20:37 | node_18 | INFO ] 🧩 Model added for round 140 (3/3) from ['node_19']
[ 2026-03-22 17:20:37 | node_21 | INFO ] 🎓 Training step done.
[ 2026-03-22 17:20:37 | node_21 | INFO ] 🛠️ Calling force_add_local_model...
[ 2026-03-22 17:20:37 | node_21 | INFO ] ✅ [FORCE] Local model added for round 140. (2/3)
[ 2026-03-22 17:20:38 | node_22 | INFO ] 🧩 Model added for round 140 (1/3) from ['node_23']
[ 2026-03-22 17:20:38 | node_14 | INFO ] 🧩 Model added for round 140 (1/3) from ['node_13']
[ 2026-03-22 17:20:38 | node_46 | INFO ] 🎉 Round 140 of 150 finished.
[ 2026-03-22 17:20:38 | node_43 | INFO ] 🎉 Round 141 of 150 finished.
[ 2026-03-22 17:20:38 | node_46 | INFO ] 🗳️ [DETERMINISTIC] Train set assigned (No Voting). Size: 50
[ 2026-03-22 17:20:38 | node_43 | INFO ] 🗳️ [DETERMINISTIC] Train set assigned (No Voting). Size: 50
[ 2026-03-22 17:20:38 | node_46 | INFO ] 🏋️‍♀️ Preparing training...
[ 2026-03-22 17:20:38 | node_13 | INFO ] 🧩 Model added for round 140 (2/3) from ['node_12']
[ 2026-03-22 17:20:38 | node_20 | INFO ] 🧩 Model added for round 140 (2/3) from ['node_19']
[ 2026-03-22 17:20:38 | node_43 | INFO ] 🏋️‍♀️ Preparing training...
[ 2026-03-22 17:20:38 | node_24 | INFO ] 🧩 Model added for round 140 (3/3) from ['node_23']
[ 2026-03-22 17:20:38 | node_12 | INFO ] 🧠 Aggregation complete. Setting new model.
[ 2026-03-22 17:20:38 | node_24 | INFO ] 🧠 Aggregation complete. Setting new model.
[ 2026-03-22 17:20:38 | node_12 | INFO ] 🗣️ Gossiping aggregated model.
[ 2026-03-22 17:20:38 | node_24 | INFO ] 🗣️ Gossiping aggregated model.
[ 2026-03-22 17:20:38 | node_6 | INFO ] 📈 Evaluated. Results: {'test_loss': 0.0012265106197446585, 'test_accuracy': 0.996941089630127, 'test_precision': 0.8157444596290588, 'test_recall': 0.24512016773223877, 'test_f1': 0.372141033411026, 'communication_cost': 1457816}
[ 2026-03-22 17:20:38 | node_6 | INFO ] 📢 Broadcasting metrics.
[ 2026-03-22 17:20:38 | node_36 | INFO ] 🎓 Training step done.
[ 2026-03-22 17:20:38 | node_36 | INFO ] 🛠️ Calling force_add_local_model...
[ 2026-03-22 17:20:38 | node_36 | INFO ] ✅ [FORCE] Local model added for round 140. (3/3)
[ 2026-03-22 17:20:38 | node_38 | INFO ] 📈 Evaluated. Results: {'test_loss': 0.0011222671018913388, 'test_accuracy': 0.9973906874656677, 'test_precision': 0.9170776009559631, 'test_recall': 0.4091441035270691, 'test_f1': 0.5586286187171936, 'communication_cost': 1457816}
[ 2026-03-22 17:20:38 | node_38 | INFO ] 📢 Broadcasting metrics.
[ 2026-03-22 17:20:38 | node_6 | INFO ] 🎉 Round 140 of 150 finished.
[ 2026-03-22 17:20:38 | node_6 | INFO ] 🗳️ [DETERMINISTIC] Train set assigned (No Voting). Size: 50
[ 2026-03-22 17:20:38 | node_6 | INFO ] 🏋️‍♀️ Preparing training...
[ 2026-03-22 17:20:39 | node_38 | INFO ] 🎉 Round 141 of 150 finished.
[ 2026-03-22 17:20:39 | node_38 | INFO ] 🗳️ [DETERMINISTIC] Train set assigned (No Voting). Size: 50
[ 2026-03-22 17:20:39 | node_38 | INFO ] 🏋️‍♀️ Preparing training...
[ 2026-03-22 17:20:39 | node_49 | INFO ] 📤 Sending model to 2 direct neighbors: ['node', 'node_48']
[ 2026-03-22 17:20:39 | node | INFO ] 🧩 Model added for round 139 (2/3) from ['node_49']
[ 2026-03-22 17:20:39 | node_31 | INFO ] 📤 Sending model to 2 direct neighbors: ['node_30', 'node_32']
[ 2026-03-22 17:20:39 | node_10 | INFO ] 📤 Sending model to 2 direct neighbors: ['node_9', 'node_11']
[ 2026-03-22 17:20:39 | node_30 | INFO ] 🧩 Model added for round 140 (2/3) from ['node_31']
[ 2026-03-22 17:20:39 | node_48 | INFO ] 🧩 Model added for round 139 (3/3) from ['node_49']
[ 2026-03-22 17:20:39 | node_9 | INFO ] 🧩 Model added for round 140 (3/3) from ['node_10']
[ 2026-03-22 17:20:39 | node_32 | INFO ] 🧩 Model added for round 140 (2/3) from ['node_31']
[ 2026-03-22 17:20:40 | node_11 | INFO ] 🧩 Model added for round 140 (3/3) from ['node_10']
[ 2026-03-22 17:20:40 | node_11 | INFO ] 🧠 Aggregation complete. Setting new model.
[ 2026-03-22 17:20:40 | node_2 | INFO ] 📤 Sending model to 2 direct neighbors: ['node_1', 'node_3']
[ 2026-03-22 17:20:40 | node_34 | INFO ] 🎓 Training step done.
[ 2026-03-22 17:20:40 | node_11 | INFO ] 🗣️ Gossiping aggregated model.
[ 2026-03-22 17:20:40 | node_34 | INFO ] 🛠️ Calling force_add_local_model...
[ 2026-03-22 17:20:40 | node_34 | INFO ] ✅ [FORCE] Local model added for round 140. (3/3)
[ 2026-03-22 17:20:40 | node_1 | INFO ] 🧩 Model added for round 139 (2/3) from ['node_2']
[ 2026-03-22 17:20:40 | node_22 | INFO ] 🎓 Training step done.
[ 2026-03-22 17:20:40 | node_22 | INFO ] 🛠️ Calling force_add_local_model...
[ 2026-03-22 17:20:40 | node_32 | INFO ] 🎓 Training step done.
[ 2026-03-22 17:20:40 | node_32 | INFO ] 🛠️ Calling force_add_local_model...
[ 2026-03-22 17:20:40 | node_32 | INFO ] ✅ [FORCE] Local model added for round 140. (3/3)
[ 2026-03-22 17:20:40 | node_22 | INFO ] ✅ [FORCE] Local model added for round 140. (2/3)
[ 2026-03-22 17:20:40 | node_3 | INFO ] 🧩 Model added for round 139 (2/3) from ['node_2']
[ 2026-03-22 17:20:40 | node_14 | INFO ] 🎓 Training step done.
[ 2026-03-22 17:20:40 | node_14 | INFO ] 🛠️ Calling force_add_local_model...
[ 2026-03-22 17:20:40 | node_14 | INFO ] ✅ [FORCE] Local model added for round 140. (2/3)
[ 2026-03-22 17:20:41 | node_7 | INFO ] 📤 Sending model to 2 direct neighbors: ['node_6', 'node_8']
[ 2026-03-22 17:20:41 | node_29 | INFO ] 📤 Sending model to 2 direct neighbors: ['node_28', 'node_30']
[ 2026-03-22 17:20:41 | node_6 | INFO ] 🧩 Model added for round 140 (1/3) from ['node_7']
[ 2026-03-22 17:20:41 | node_15 | INFO ] 📤 Sending model to 2 direct neighbors: ['node_14', 'node_16']
[ 2026-03-22 17:20:41 | node_28 | INFO ] 🧩 Model added for round 140 (2/3) from ['node_29']
[ 2026-03-22 17:20:41 | node_43 | INFO ] 🎓 Training step done.
[ 2026-03-22 17:20:41 | node_43 | INFO ] 🛠️ Calling force_add_local_model...
[ 2026-03-22 17:20:41 | node_43 | INFO ] ✅ [FORCE] Local model added for round 141. (1/3)
[ 2026-03-22 17:20:41 | node_40 | INFO ] 📤 Sending model to 2 direct neighbors: ['node_39', 'node_41']
[ 2026-03-22 17:20:41 | node_8 | INFO ] 🧩 Model added for round 140 (2/3) from ['node_7']
[ 2026-03-22 17:20:41 | node_14 | INFO ] 🧩 Model added for round 140 (3/3) from ['node_15']
[ 2026-03-22 17:20:41 | node_6 | INFO ] 🎓 Training step done.
[ 2026-03-22 17:20:41 | node_46 | INFO ] 🎓 Training step done.
[ 2026-03-22 17:20:41 | node_6 | INFO ] 🛠️ Calling force_add_local_model...
[ 2026-03-22 17:20:41 | node_46 | INFO ] 🛠️ Calling force_add_local_model...
[ 2026-03-22 17:20:41 | node_46 | INFO ] ✅ [FORCE] Local model added for round 140. (1/3)
[ 2026-03-22 17:20:41 | node_1 | INFO ] 📤 Sending model to 2 direct neighbors: ['node', 'node_2']
[ 2026-03-22 17:20:41 | node_6 | INFO ] ✅ [FORCE] Local model added for round 140. (2/3)
[ 2026-03-22 17:20:41 | node_38 | INFO ] 🎓 Training step done.
[ 2026-03-22 17:20:41 | node_38 | INFO ] 🛠️ Calling force_add_local_model...
[ 2026-03-22 17:20:41 | node_39 | INFO ] 🧩 Model added for round 141 (2/3) from ['node_40']
[ 2026-03-22 17:20:41 | node_30 | INFO ] 🧩 Model added for round 140 (3/3) from ['node_29']
[ 2026-03-22 17:20:41 | node_48 | INFO ] 📤 Sending model to 2 direct neighbors: ['node_47', 'node_49']
[ 2026-03-22 17:20:41 | node_38 | INFO ] ✅ [FORCE] Local model added for round 141. (1/3)
[ 2026-03-22 17:20:41 | node_45 | INFO ] 📤 Sending model to 2 direct neighbors: ['node_44', 'node_46']
[ 2026-03-22 17:20:41 | node_39 | INFO ] 📤 Sending model to 2 direct neighbors: ['node_38', 'node_40']
[ 2026-03-22 17:20:42 | node_42 | INFO ] 📤 Sending model to 2 direct neighbors: ['node_41', 'node_43']
[ 2026-03-22 17:20:42 | node_16 | INFO ] 🧩 Model added for round 140 (3/3) from ['node_15']
[ 2026-03-22 17:20:42 | node_27 | INFO ] 📤 Sending model to 2 direct neighbors: ['node_26', 'node_28']
[ 2026-03-22 17:20:42 | node_16 | INFO ] 📤 Sending model to 2 direct neighbors: ['node_15', 'node_17']
[ 2026-03-22 17:20:42 | node | INFO ] 📤 Sending model to 2 direct neighbors: ['node_1', 'node_49']
[ 2026-03-22 17:20:42 | node_30 | INFO ] 📤 Sending model to 2 direct neighbors: ['node_29', 'node_31']
[ 2026-03-22 17:20:42 | node_4 | INFO ] 📤 Sending model to 2 direct neighbors: ['node_3', 'node_5']
[ 2026-03-22 17:20:42 | node_47 | INFO ] 🧩 Model added for round 139 (3/3) from ['node_48']
[ 2026-03-22 17:20:42 | node_18 | INFO ] 📤 Sending model to 2 direct neighbors: ['node_17', 'node_19']
[ 2026-03-22 17:20:42 | node | INFO ] 🧩 Model added for round 139 (3/3) from ['node_1']
[ 2026-03-22 17:20:42 | node_41 | INFO ] 🧩 Model added for round 141 (2/3) from ['node_40']
[ 2026-03-22 17:20:42 | node_44 | INFO ] 🧩 Model added for round 140 (3/3) from ['node_45']
[ 2026-03-22 17:20:42 | node_9 | INFO ] 📤 Sending model to 2 direct neighbors: ['node_8', 'node_10']
[ 2026-03-22 17:20:42 | node_38 | INFO ] 🧩 Model added for round 141 (2/3) from ['node_39']
[ 2026-03-22 17:20:42 | node_41 | INFO ] 🧩 Model added for round 141 (3/3) from ['node_42']
[ 2026-03-22 17:20:42 | node_1 | INFO ] 🧩 Model added for round 139 (3/3) from ['node']
[ 2026-03-22 17:20:42 | node_26 | INFO ] 🧩 Model added for round 140 (3/3) from ['node_27']
[ 2026-03-22 17:20:42 | node_3 | INFO ] 🧩 Model added for round 139 (3/3) from ['node_4']
[ 2026-03-22 17:20:42 | node_49 | INFO ] 🧩 Model added for round 139 (2/3) from ['node_48']
[ 2026-03-22 17:20:42 | node_15 | INFO ] 🧩 Model added for round 140 (2/3) from ['node_16']
[ 2026-03-22 17:20:42 | node_29 | INFO ] 🧩 Model added for round 140 (3/3) from ['node_30']
[ 2026-03-22 17:20:42 | node_17 | INFO ] 🧩 Model added for round 140 (2/3) from ['node_18']
[ 2026-03-22 17:20:42 | node_46 | INFO ] 🧩 Model added for round 140 (2/3) from ['node_45']
[ 2026-03-22 17:20:42 | node_3 | INFO ] 📤 Sending model to 2 direct neighbors: ['node_2', 'node_4']
[ 2026-03-22 17:20:42 | node_8 | INFO ] 🧩 Model added for round 140 (3/3) from ['node_9']
[ 2026-03-22 17:20:42 | node_40 | INFO ] 🧩 Model added for round 141 (3/3) from ['node_39']
[ 2026-03-22 17:20:42 | node_49 | INFO ] 🧩 Model added for round 139 (3/3) from ['node']
[ 2026-03-22 17:20:42 | node_2 | INFO ] 🧩 Model added for round 139 (2/3) from ['node_1']
[ 2026-03-22 17:20:43 | node_43 | INFO ] 🧩 Model added for round 141 (2/3) from ['node_42']
[ 2026-03-22 17:20:43 | node_21 | INFO ] 📤 Sending model to 2 direct neighbors: ['node_20', 'node_22']
[ 2026-03-22 17:20:43 | node_47 | INFO ] 🧠 Aggregation complete. Setting new model.
[ 2026-03-22 17:20:43 | node_5 | INFO ] 🧩 Model added for round 139 (3/3) from ['node_4']
[ 2026-03-22 17:20:43 | node_10 | INFO ] 🧩 Model added for round 140 (3/3) from ['node_9']
[ 2026-03-22 17:20:43 | node_2 | INFO ] 🧩 Model added for round 139 (3/3) from ['node_3']
[ 2026-03-22 17:20:43 | node_44 | INFO ] 🧠 Aggregation complete. Setting new model.
[ 2026-03-22 17:20:43 | node_26 | INFO ] 🧠 Aggregation complete. Setting new model.
[ 2026-03-22 17:20:43 | node_28 | INFO ] 🧩 Model added for round 140 (3/3) from ['node_27']
[ 2026-03-22 17:20:43 | node | INFO ] 🧠 Aggregation complete. Setting new model.
[ 2026-03-22 17:20:43 | node_19 | INFO ] 🧩 Model added for round 140 (3/3) from ['node_18']
[ 2026-03-22 17:20:43 | node_8 | INFO ] 🧠 Aggregation complete. Setting new model.
[ 2026-03-22 17:20:43 | node_41 | INFO ] 🧠 Aggregation complete. Setting new model.
[ 2026-03-22 17:20:43 | node_26 | INFO ] 🗣️ Gossiping aggregated model.
[ 2026-03-22 17:20:43 | node_44 | INFO ] 🗣️ Gossiping aggregated model.
[ 2026-03-22 17:20:43 | node_8 | INFO ] 🗣️ Gossiping aggregated model.
[ 2026-03-22 17:20:43 | node_31 | INFO ] 🧩 Model added for round 140 (2/3) from ['node_30']
[ 2026-03-22 17:20:43 | node | INFO ] 🗣️ Gossiping aggregated model.
[ 2026-03-22 17:20:43 | node_47 | INFO ] 🗣️ Gossiping aggregated model.
[ 2026-03-22 17:20:43 | node_41 | INFO ] 🗣️ Gossiping aggregated model.
[ 2026-03-22 17:20:43 | node_48 | INFO ] 🧠 Aggregation complete. Setting new model.
[ 2026-03-22 17:20:43 | node_40 | INFO ] 🧠 Aggregation complete. Setting new model.
[ 2026-03-22 17:20:43 | node_20 | INFO ] 🧩 Model added for round 140 (3/3) from ['node_21']
[ 2026-03-22 17:20:43 | node_36 | INFO ] 📤 Sending model to 2 direct neighbors: ['node_35', 'node_37']
[ 2026-03-22 17:20:43 | node_48 | INFO ] 🗣️ Gossiping aggregated model.
[ 2026-03-22 17:20:43 | node_17 | INFO ] 🧩 Model added for round 140 (3/3) from ['node_16']
[ 2026-03-22 17:20:43 | node_40 | INFO ] 🗣️ Gossiping aggregated model.
[ 2026-03-22 17:20:43 | node_4 | INFO ] 🧩 Model added for round 139 (3/3) from ['node_3']
[ 2026-03-22 17:20:43 | node_49 | INFO ] 🧠 Aggregation complete. Setting new model.
[ 2026-03-22 17:20:44 | node_1 | INFO ] 🧠 Aggregation complete. Setting new model.
[ 2026-03-22 17:20:44 | node_22 | INFO ] 🧩 Model added for round 140 (3/3) from ['node_21']
[ 2026-03-22 17:20:44 | node_29 | INFO ] 🧠 Aggregation complete. Setting new model.
[ 2026-03-22 17:20:44 | node_18 | INFO ] 🧠 Aggregation complete. Setting new model.
[ 2026-03-22 17:20:44 | node_4 | INFO ] 🧠 Aggregation complete. Setting new model.
[ 2026-03-22 17:20:44 | node_30 | INFO ] 🧠 Aggregation complete. Setting new model.
[ 2026-03-22 17:20:44 | node_19 | INFO ] 🧠 Aggregation complete. Setting new model.
[ 2026-03-22 17:20:44 | node_2 | INFO ] 🧠 Aggregation complete. Setting new model.
[ 2026-03-22 17:20:44 | node_35 | INFO ] 🧩 Model added for round 140 (2/3) from ['node_36']
[ 2026-03-22 17:20:44 | node_49 | INFO ] 🗣️ Gossiping aggregated model.
[ 2026-03-22 17:20:44 | node_49 | INFO ] 🤫 Gossip finished.
[ 2026-03-22 17:20:44 | node_18 | INFO ] 🗣️ Gossiping aggregated model.
[ 2026-03-22 17:20:44 | node_29 | INFO ] 🗣️ Gossiping aggregated model.
[ 2026-03-22 17:20:44 | node_49 | INFO ] 🔬 Evaluating...
[ 2026-03-22 17:20:44 | node_4 | INFO ] 🗣️ Gossiping aggregated model.
[ 2026-03-22 17:20:44 | node_2 | INFO ] 🗣️ Gossiping aggregated model.
[ 2026-03-22 17:20:44 | node_30 | INFO ] 🗣️ Gossiping aggregated model.
[ 2026-03-22 17:20:44 | node_1 | INFO ] 🗣️ Gossiping aggregated model.
[ 2026-03-22 17:20:44 | node_19 | INFO ] 🗣️ Gossiping aggregated model.
[ 2026-03-22 17:20:44 | node_1 | INFO ] 🤫 Gossip finished.
[ 2026-03-22 17:20:44 | node_1 | INFO ] 🔬 Evaluating...
[ 2026-03-22 17:20:44 | node_28 | INFO ] 🧠 Aggregation complete. Setting new model.
[ 2026-03-22 17:20:44 | node_5 | INFO ] 🧠 Aggregation complete. Setting new model.
[ 2026-03-22 17:20:44 | node_9 | INFO ] 🧠 Aggregation complete. Setting new model.
[ 2026-03-22 17:20:44 | node_10 | INFO ] 🧠 Aggregation complete. Setting new model.
[ 2026-03-22 17:20:44 | node_28 | INFO ] 🗣️ Gossiping aggregated model.
[ 2026-03-22 17:20:44 | node_27 | INFO ] 🧠 Aggregation complete. Setting new model.
[ 2026-03-22 17:20:44 | node_20 | INFO ] 🧠 Aggregation complete. Setting new model.
[ 2026-03-22 17:20:44 | node_9 | INFO ] 🗣️ Gossiping aggregated model.
[ 2026-03-22 17:20:44 | node_10 | INFO ] 🗣️ Gossiping aggregated model.
[ 2026-03-22 17:20:44 | node_27 | INFO ] 🗣️ Gossiping aggregated model.
[ 2026-03-22 17:20:44 | node_10 | INFO ] 🤫 Gossip finished.
[ 2026-03-22 17:20:44 | node_9 | INFO ] 🤫 Gossip finished.
[ 2026-03-22 17:20:44 | node_27 | INFO ] 🤫 Gossip finished.
[ 2026-03-22 17:20:44 | node_11 | INFO ] 🤫 Gossip finished.
[ 2026-03-22 17:20:44 | node_5 | INFO ] 🗣️ Gossiping aggregated model.
[ 2026-03-22 17:20:44 | node_16 | INFO ] 🧠 Aggregation complete. Setting new model.
[ 2026-03-22 17:20:44 | node_10 | INFO ] 🔬 Evaluating...
[ 2026-03-22 17:20:44 | node_9 | INFO ] 🔬 Evaluating...
[ 2026-03-22 17:20:44 | node_11 | INFO ] 🔬 Evaluating...
[ 2026-03-22 17:20:44 | node_25 | INFO ] 🤫 Gossip finished.
[ 2026-03-22 17:20:44 | node_5 | INFO ] 🤫 Gossip finished.
[ 2026-03-22 17:20:44 | node_25 | INFO ] 🔬 Evaluating...
[ 2026-03-22 17:20:44 | node_27 | INFO ] 🔬 Evaluating...
[ 2026-03-22 17:20:44 | node_5 | INFO ] 🔬 Evaluating...
[ 2026-03-22 17:20:44 | node_20 | INFO ] 🗣️ Gossiping aggregated model.
[ 2026-03-22 17:20:44 | node_16 | INFO ] 🗣️ Gossiping aggregated model.
[ 2026-03-22 17:20:45 | node_37 | INFO ] 🧩 Model added for round 140 (3/3) from ['node_36']
[ 2026-03-22 17:20:45 | node_17 | INFO ] 🧠 Aggregation complete. Setting new model.
[ 2026-03-22 17:20:45 | node_3 | INFO ] 🧠 Aggregation complete. Setting new model.
[ 2026-03-22 17:20:45 | node_17 | INFO ] 🗣️ Gossiping aggregated model.
[ 2026-03-22 17:20:45 | node_3 | INFO ] 🗣️ Gossiping aggregated model.
[ 2026-03-22 17:20:45 | node_17 | INFO ] 🤫 Gossip finished.
[ 2026-03-22 17:20:45 | node_3 | INFO ] 🤫 Gossip finished.
[ 2026-03-22 17:20:45 | node_3 | INFO ] 🔬 Evaluating...
[ 2026-03-22 17:20:45 | node_37 | INFO ] 🧠 Aggregation complete. Setting new model.
[ 2026-03-22 17:20:45 | node_36 | INFO ] 🧠 Aggregation complete. Setting new model.
[ 2026-03-22 17:20:45 | node_17 | INFO ] 🔬 Evaluating...
[ 2026-03-22 17:20:45 | node_34 | INFO ] 📤 Sending model to 2 direct neighbors: ['node_33', 'node_35']
[ 2026-03-22 17:20:45 | node_37 | INFO ] 🗣️ Gossiping aggregated model.
[ 2026-03-22 17:20:45 | node_32 | INFO ] 📤 Sending model to 2 direct neighbors: ['node_31', 'node_33']
[ 2026-03-22 17:20:45 | node_22 | INFO ] 📤 Sending model to 2 direct neighbors: ['node_21', 'node_23']
[ 2026-03-22 17:20:45 | node_37 | INFO ] 🤫 Gossip finished.
[ 2026-03-22 17:20:45 | node_36 | INFO ] 🗣️ Gossiping aggregated model.
[ 2026-03-22 17:20:45 | node_33 | INFO ] 🧩 Model added for round 140 (2/3) from ['node_34']
[ 2026-03-22 17:20:45 | node_37 | INFO ] 🔬 Evaluating...
[ 2026-03-22 17:20:45 | node_31 | INFO ] 🧩 Model added for round 140 (3/3) from ['node_32']
[ 2026-03-22 17:20:45 | node_21 | INFO ] 🧩 Model added for round 140 (3/3) from ['node_22']
[ 2026-03-22 17:20:45 | node_21 | INFO ] 🧠 Aggregation complete. Setting new model.
[ 2026-03-22 17:20:45 | node_31 | INFO ] 🧠 Aggregation complete. Setting new model.
[ 2026-03-22 17:20:45 | node_14 | INFO ] 📤 Sending model to 2 direct neighbors: ['node_13', 'node_15']
[ 2026-03-22 17:20:45 | node_48 | INFO ] 🤫 Gossip finished.
[ 2026-03-22 17:20:45 | node_48 | INFO ] 🔬 Evaluating...
[ 2026-03-22 17:20:45 | node_31 | INFO ] 🗣️ Gossiping aggregated model.
[ 2026-03-22 17:20:45 | node_21 | INFO ] 🗣️ Gossiping aggregated model.
[ 2026-03-22 17:20:46 | node_28 | INFO ] 🤫 Gossip finished.
[ 2026-03-22 17:20:46 | node_1 | INFO ] 📈 Evaluated. Results: {'test_loss': 0.0013233651407063007, 'test_accuracy': 0.9972109794616699, 'test_precision': 0.6448943018913269, 'test_recall': 0.18016095459461212, 'test_f1': 0.2791750133037567, 'communication_cost': 1457816}
[ 2026-03-22 17:20:46 | node_28 | INFO ] 🔬 Evaluating...
[ 2026-03-22 17:20:46 | node_35 | INFO ] 🧩 Model added for round 140 (3/3) from ['node_34']
[ 2026-03-22 17:20:46 | node_2 | INFO ] 🤫 Gossip finished.
[ 2026-03-22 17:20:46 | node_13 | INFO ] 🧩 Model added for round 140 (3/3) from ['node_14']
[ 2026-03-22 17:20:46 | node_1 | INFO ] 📢 Broadcasting metrics.
[ 2026-03-22 17:20:46 | node_2 | INFO ] 🔬 Evaluating...
[ 2026-03-22 17:20:46 | node_33 | INFO ] 🧩 Model added for round 140 (3/3) from ['node_32']
[ 2026-03-22 17:20:46 | node_49 | INFO ] 📈 Evaluated. Results: {'test_loss': 0.0014835180481895804, 'test_accuracy': 0.996850848197937, 'test_precision': 0.6142403483390808, 'test_recall': 0.18334141373634338, 'test_f1': 0.2811146676540375, 'communication_cost': 1457816}
[ 2026-03-22 17:20:46 | node | INFO ] 🤫 Gossip finished.
[ 2026-03-22 17:20:46 | node_49 | INFO ] 📢 Broadcasting metrics.
[ 2026-03-22 17:20:46 | node | INFO ] 🔬 Evaluating...
[ 2026-03-22 17:20:46 | node_23 | INFO ] 🧩 Model added for round 140 (3/3) from ['node_22']
[ 2026-03-22 17:20:46 | node_33 | INFO ] 🧠 Aggregation complete. Setting new model.
[ 2026-03-22 17:20:46 | node_35 | INFO ] 🧠 Aggregation complete. Setting new model.
[ 2026-03-22 17:20:46 | node_13 | INFO ] 🧠 Aggregation complete. Setting new model.
[ 2026-03-22 17:20:46 | node_15 | INFO ] 🧩 Model added for round 140 (3/3) from ['node_14']
[ 2026-03-22 17:20:46 | node_32 | INFO ] 🧠 Aggregation complete. Setting new model.
[ 2026-03-22 17:20:46 | node_23 | INFO ] 🧠 Aggregation complete. Setting new model.
[ 2026-03-22 17:20:46 | node_34 | INFO ] 🧠 Aggregation complete. Setting new model.
[ 2026-03-22 17:20:46 | node_43 | INFO ] 📤 Sending model to 2 direct neighbors: ['node_42', 'node_44']
[ 2026-03-22 17:20:46 | node_15 | INFO ] 🧠 Aggregation complete. Setting new model.
[ 2026-03-22 17:20:46 | node_19 | INFO ] 🤫 Gossip finished.
[ 2026-03-22 17:20:46 | node_46 | INFO ] 📤 Sending model to 2 direct neighbors: ['node_45', 'node_47']
[ 2026-03-22 17:20:46 | node_35 | INFO ] 🗣️ Gossiping aggregated model.
[ 2026-03-22 17:20:46 | node_33 | INFO ] 🗣️ Gossiping aggregated model.
[ 2026-03-22 17:20:46 | node_19 | INFO ] 🔬 Evaluating...
[ 2026-03-22 17:20:46 | node_6 | INFO ] 📤 Sending model to 2 direct neighbors: ['node_5', 'node_7']
[ 2026-03-22 17:20:46 | node_13 | INFO ] 🗣️ Gossiping aggregated model.
[ 2026-03-22 17:20:46 | node_35 | INFO ] 🤫 Gossip finished.
[ 2026-03-22 17:20:46 | node_23 | INFO ] 🗣️ Gossiping aggregated model.
[ 2026-03-22 17:20:46 | node_33 | INFO ] 🤫 Gossip finished.
[ 2026-03-22 17:20:46 | node_34 | INFO ] 🗣️ Gossiping aggregated model.
[ 2026-03-22 17:20:46 | node_32 | INFO ] 🗣️ Gossiping aggregated model.
[ 2026-03-22 17:20:46 | node_30 | INFO ] 🤫 Gossip finished.
[ 2026-03-22 17:20:46 | node_34 | INFO ] 🤫 Gossip finished.
[ 2026-03-22 17:20:46 | node_18 | INFO ] 🤫 Gossip finished.
[ 2026-03-22 17:20:46 | node_15 | INFO ] 🗣️ Gossiping aggregated model.
[ 2026-03-22 17:20:46 | node_35 | INFO ] 🔬 Evaluating...
[ 2026-03-22 17:20:46 | node_29 | INFO ] 🤫 Gossip finished.
[ 2026-03-22 17:20:46 | node_1 | INFO ] 🎉 Round 140 of 150 finished.
[ 2026-03-22 17:20:46 | node_16 | INFO ] 🤫 Gossip finished.
[ 2026-03-22 17:20:46 | node_20 | INFO ] 🤫 Gossip finished.
[ 2026-03-22 17:20:46 | node_26 | INFO ] 🤫 Gossip finished.
[ 2026-03-22 17:20:46 | node_32 | INFO ] 🤫 Gossip finished.
[ 2026-03-22 17:20:46 | node_34 | INFO ] 🔬 Evaluating...
[ 2026-03-22 17:20:46 | node_33 | INFO ] 🔬 Evaluating...
[ 2026-03-22 17:20:46 | node_30 | INFO ] 🔬 Evaluating...
[ 2026-03-22 17:20:46 | node_1 | INFO ] 🗳️ [DETERMINISTIC] Train set assigned (No Voting). Size: 50
[ 2026-03-22 17:20:46 | node_29 | INFO ] 🔬 Evaluating...
[ 2026-03-22 17:20:46 | node_18 | INFO ] 🔬 Evaluating...
[ 2026-03-22 17:20:46 | node_20 | INFO ] 🔬 Evaluating...
[ 2026-03-22 17:20:46 | node_16 | INFO ] 🔬 Evaluating...
[ 2026-03-22 17:20:46 | node_26 | INFO ] 🔬 Evaluating...
[ 2026-03-22 17:20:46 | node_38 | INFO ] 📤 Sending model to 2 direct neighbors: ['node_37', 'node_39']
[ 2026-03-22 17:20:46 | node_32 | INFO ] 🔬 Evaluating...
[ 2026-03-22 17:20:46 | node_42 | INFO ] 🧩 Model added for round 141 (3/3) from ['node_43']
[ 2026-03-22 17:20:47 | node_49 | INFO ] 🎉 Round 140 of 150 finished.
[ 2026-03-22 17:20:47 | node_49 | INFO ] 🗳️ [DETERMINISTIC] Train set assigned (No Voting). Size: 50
[ 2026-03-22 17:20:47 | node_1 | INFO ] 🏋️‍♀️ Preparing training...
[ 2026-03-22 17:20:47 | node_36 | INFO ] 🤫 Gossip finished.
[ 2026-03-22 17:20:47 | node_49 | INFO ] 🏋️‍♀️ Preparing training...
[ 2026-03-22 17:20:47 | node_36 | INFO ] 🔬 Evaluating...
[ 2026-03-22 17:20:47 | node_27 | INFO ] 📈 Evaluated. Results: {'test_loss': 0.0013668477768078446, 'test_accuracy': 0.9967608451843262, 'test_precision': 0.8157278895378113, 'test_recall': 0.17282380163669586, 'test_f1': 0.2712863087654114, 'communication_cost': 1457816}
[ 2026-03-22 17:20:47 | node_27 | INFO ] 📢 Broadcasting metrics.
[ 2026-03-22 17:20:47 | node_45 | INFO ] 🧩 Model added for round 140 (3/3) from ['node_46']
[ 2026-03-22 17:20:47 | node_22 | INFO ] 🧠 Aggregation complete. Setting new model.
[ 2026-03-22 17:20:47 | node_42 | INFO ] 🧠 Aggregation complete. Setting new model.
[ 2026-03-22 17:20:47 | node_14 | INFO ] 🧠 Aggregation complete. Setting new model.
[ 2026-03-22 17:20:47 | node_45 | INFO ] 🧠 Aggregation complete. Setting new model.
[ 2026-03-22 17:20:48 | node_7 | INFO ] 🧩 Model added for round 140 (3/3) from ['node_6']
[ 2026-03-22 17:20:48 | node_44 | INFO ] 🤫 Gossip finished.
[ 2026-03-22 17:20:48 | node_39 | INFO ] 🧩 Model added for round 141 (3/3) from ['node_38']
[ 2026-03-22 17:20:48 | node_7 | INFO ] 🧠 Aggregation complete. Setting new model.
[ 2026-03-22 17:20:48 | node_21 | INFO ] 🤫 Gossip finished.
[ 2026-03-22 17:20:48 | node_39 | INFO ] 🧠 Aggregation complete. Setting new model.
[ 2026-03-22 17:20:48 | node_23 | INFO ] 🤫 Gossip finished.
[ 2026-03-22 17:20:48 | node_22 | INFO ] 🗣️ Gossiping aggregated model.
[ 2026-03-22 17:20:48 | node_42 | INFO ] 🗣️ Gossiping aggregated model.
[ 2026-03-22 17:20:48 | node_44 | INFO ] 🔬 Evaluating...
[ 2026-03-22 17:20:48 | node_14 | INFO ] 🗣️ Gossiping aggregated model.
[ 2026-03-22 17:20:48 | node_45 | INFO ] 🗣️ Gossiping aggregated model.
[ 2026-03-22 17:20:48 | node_22 | INFO ] 🤫 Gossip finished.
[ 2026-03-22 17:20:48 | node_15 | INFO ] 🤫 Gossip finished.
[ 2026-03-22 17:20:48 | node_21 | INFO ] 🔬 Evaluating...
[ 2026-03-22 17:20:48 | node_11 | INFO ] 📈 Evaluated. Results: {'test_loss': 0.0012472908711060882, 'test_accuracy': 0.9968510866165161, 'test_precision': 0.6756035685539246, 'test_recall': 0.1535462588071823, 'test_f1': 0.24702388048171997, 'communication_cost': 1457816}
[ 2026-03-22 17:20:48 | node_14 | INFO ] 🤫 Gossip finished.
[ 2026-03-22 17:20:48 | node_23 | INFO ] 🔬 Evaluating...
[ 2026-03-22 17:20:48 | node_11 | INFO ] 📢 Broadcasting metrics.
[ 2026-03-22 17:20:48 | node_25 | INFO ] 📈 Evaluated. Results: {'test_loss': 0.0011675319401547313, 'test_accuracy': 0.9972107410430908, 'test_precision': 0.5528162717819214, 'test_recall': 0.16979356110095978, 'test_f1': 0.2576659321784973, 'communication_cost': 1457816}
[ 2026-03-22 17:20:48 | node_22 | INFO ] 🔬 Evaluating...
[ 2026-03-22 17:20:48 | node_15 | INFO ] 🔬 Evaluating...
[ 2026-03-22 17:20:48 | node_14 | INFO ] 🔬 Evaluating...
[ 2026-03-22 17:20:48 | node_25 | INFO ] 📢 Broadcasting metrics.
[ 2026-03-22 17:20:48 | node_39 | INFO ] 🗣️ Gossiping aggregated model.
[ 2026-03-22 17:20:48 | node_40 | INFO ] 🤫 Gossip finished.
[ 2026-03-22 17:20:48 | node_7 | INFO ] 🗣️ Gossiping aggregated model.
[ 2026-03-22 17:20:48 | node_9 | INFO ] 📈 Evaluated. Results: {'test_loss': 0.001233516144566238, 'test_accuracy': 0.99676114320755, 'test_precision': 0.46063879132270813, 'test_recall': 0.15236513316631317, 'test_f1': 0.221106618642807, 'communication_cost': 1457816}
[ 2026-03-22 17:20:48 | node_40 | INFO ] 🔬 Evaluating...
[ 2026-03-22 17:20:48 | node_9 | INFO ] 📢 Broadcasting metrics.
[ 2026-03-22 17:20:48 | node_27 | INFO ] 🎉 Round 141 of 150 finished.
[ 2026-03-22 17:20:48 | node_27 | INFO ] 🗳️ [DETERMINISTIC] Train set assigned (No Voting). Size: 50
[ 2026-03-22 17:20:48 | node_27 | INFO ] 🏋️‍♀️ Preparing training...
[ 2026-03-22 17:20:48 | node_17 | INFO ] 📈 Evaluated. Results: {'test_loss': 0.0014028504956513643, 'test_accuracy': 0.99676114320755, 'test_precision': 0.6314889788627625, 'test_recall': 0.1691165566444397, 'test_f1': 0.24920091032981873, 'communication_cost': 1457816}
[ 2026-03-22 17:20:49 | node_17 | INFO ] 📢 Broadcasting metrics.
[ 2026-03-22 17:20:49 | node_11 | INFO ] 🎉 Round 141 of 150 finished.
[ 2026-03-22 17:20:49 | node_10 | INFO ] 📈 Evaluated. Results: {'test_loss': 0.0013005913933739066, 'test_accuracy': 0.997031033039093, 'test_precision': 0.5527665615081787, 'test_recall': 0.10850602388381958, 'test_f1': 0.18106494843959808, 'communication_cost': 1457816}
[ 2026-03-22 17:20:49 | node_11 | INFO ] 🗳️ [DETERMINISTIC] Train set assigned (No Voting). Size: 50
[ 2026-03-22 17:20:49 | node_10 | INFO ] 📢 Broadcasting metrics.
[ 2026-03-22 17:20:49 | node_37 | INFO ] 📈 Evaluated. Results: {'test_loss': 0.0010708409827202559, 'test_accuracy': 0.9970307946205139, 'test_precision': 0.752444326877594, 'test_recall': 0.3531881868839264, 'test_f1': 0.4711502492427826, 'communication_cost': 1457816}
[ 2026-03-22 17:20:49 | node_11 | INFO ] 🏋️‍♀️ Preparing training...
[ 2026-03-22 17:20:49 | node_37 | INFO ] 📢 Broadcasting metrics.
[ 2026-03-22 17:20:49 | node_25 | INFO ] 🎉 Round 141 of 150 finished.
[ 2026-03-22 17:20:49 | node_3 | INFO ] 📈 Evaluated. Results: {'test_loss': 0.0017382914666086435, 'test_accuracy': 0.9961313605308533, 'test_precision': 0.5281991362571716, 'test_recall': 0.2540600001811981, 'test_f1': 0.29133906960487366, 'communication_cost': 1457816}
[ 2026-03-22 17:20:49 | node_3 | INFO ] 📢 Broadcasting metrics.
[ 2026-03-22 17:20:49 | node_25 | INFO ] 🗳️ [DETERMINISTIC] Train set assigned (No Voting). Size: 50
[ 2026-03-22 17:20:49 | node_9 | INFO ] 🎉 Round 141 of 150 finished.
[ 2026-03-22 17:20:49 | node_25 | INFO ] 🏋️‍♀️ Preparing training...
[ 2026-03-22 17:20:49 | node_8 | INFO ] 🤫 Gossip finished.
[ 2026-03-22 17:20:49 | node_13 | INFO ] 🤫 Gossip finished.
[ 2026-03-22 17:20:49 | node_9 | INFO ] 🗳️ [DETERMINISTIC] Train set assigned (No Voting). Size: 50
[ 2026-03-22 17:20:49 | node_41 | INFO ] 🤫 Gossip finished.
[ 2026-03-22 17:20:49 | node_8 | INFO ] 🔬 Evaluating...
[ 2026-03-22 17:20:49 | node_13 | INFO ] 🔬 Evaluating...
[ 2026-03-22 17:20:49 | node_41 | INFO ] 🔬 Evaluating...
[ 2026-03-22 17:20:49 | node_9 | INFO ] 🏋️‍♀️ Preparing training...
[ 2026-03-22 17:20:49 | node_17 | INFO ] 🎉 Round 141 of 150 finished.
[ 2026-03-22 17:20:50 | node_17 | INFO ] 🗳️ [DETERMINISTIC] Train set assigned (No Voting). Size: 50
[ 2026-03-22 17:20:50 | node_10 | INFO ] 🎉 Round 141 of 150 finished.
[ 2026-03-22 17:20:50 | node_5 | INFO ] 📈 Evaluated. Results: {'test_loss': 0.001451934571377933, 'test_accuracy': 0.9964912533760071, 'test_precision': 0.6448943018913269, 'test_recall': 0.16012682020664215, 'test_f1': 0.2518158555030823, 'communication_cost': 1457816}
[ 2026-03-22 17:20:50 | node_17 | INFO ] 🏋️‍♀️ Preparing training...
[ 2026-03-22 17:20:50 | node_5 | INFO ] 📢 Broadcasting metrics.
[ 2026-03-22 17:20:50 | node_10 | INFO ] 🗳️ [DETERMINISTIC] Train set assigned (No Voting). Size: 50
[ 2026-03-22 17:20:50 | node_2 | INFO ] 📈 Evaluated. Results: {'test_loss': 0.0012511358363553882, 'test_accuracy': 0.996941089630127, 'test_precision': 0.4913480281829834, 'test_recall': 0.1921296864748001, 'test_f1': 0.25795769691467285, 'communication_cost': 1457816}
[ 2026-03-22 17:20:50 | node_37 | INFO ] 🎉 Round 141 of 150 finished.
[ 2026-03-22 17:20:50 | node_2 | INFO ] 📢 Broadcasting metrics.
[ 2026-03-22 17:20:50 | node_37 | INFO ] 🗳️ [DETERMINISTIC] Train set assigned (No Voting). Size: 50
[ 2026-03-22 17:20:50 | node_10 | INFO ] 🏋️‍♀️ Preparing training...
[ 2026-03-22 17:20:50 | node_29 | INFO ] 📈 Evaluated. Results: {'test_loss': 0.0013047503307461739, 'test_accuracy': 0.9967608451843262, 'test_precision': 0.8815394043922424, 'test_recall': 0.4316661059856415, 'test_f1': 0.5424697399139404, 'communication_cost': 1457816}
[ 2026-03-22 17:20:50 | node_29 | INFO ] 📢 Broadcasting metrics.
[ 2026-03-22 17:20:50 | node_30 | INFO ] 📈 Evaluated. Results: {'test_loss': 0.0011625379556789994, 'test_accuracy': 0.9972107410430908, 'test_precision': 0.8292244076728821, 'test_recall': 0.3062426447868347, 'test_f1': 0.4459323287010193, 'communication_cost': 1457816}
[ 2026-03-22 17:20:50 | node_37 | INFO ] ♻️ Proactively processing 1 early models for round 141.
[ 2026-03-22 17:20:50 | node_3 | INFO ] 🎉 Round 140 of 150 finished.
[ 2026-03-22 17:20:50 | node_30 | INFO ] 📢 Broadcasting metrics.
[ 2026-03-22 17:20:50 | node_37 | INFO ] 🧩 Model added for round 141 (1/3) from ['node_38']
[ 2026-03-22 17:20:50 | node_37 | INFO ] 🏋️‍♀️ Preparing training...
[ 2026-03-22 17:20:50 | node_3 | INFO ] 🗳️ [DETERMINISTIC] Train set assigned (No Voting). Size: 50
[ 2026-03-22 17:20:50 | node_3 | INFO ] 🏋️‍♀️ Preparing training...
[ 2026-03-22 17:20:51 | node_20 | INFO ] 📈 Evaluated. Results: {'test_loss': 0.0010933042503893375, 'test_accuracy': 0.9973006844520569, 'test_precision': 0.8157278895378113, 'test_recall': 0.28342047333717346, 'test_f1': 0.39474719762802124, 'communication_cost': 1457816}
[ 2026-03-22 17:20:51 | node_20 | INFO ] 📢 Broadcasting metrics.
[ 2026-03-22 17:20:51 | node_21 | INFO ] 📈 Evaluated. Results: {'test_loss': 0.0013279897393658757, 'test_accuracy': 0.9961310029029846, 'test_precision': 0.7370883822441101, 'test_recall': 0.14741767942905426, 'test_f1': 0.24569612741470337, 'communication_cost': 1457816}
[ 2026-03-22 17:20:51 | node_33 | INFO ] 📈 Evaluated. Results: {'test_loss': 0.0016806820640340447, 'test_accuracy': 0.9961310029029846, 'test_precision': 0.460680216550827, 'test_recall': 0.0742207020521164, 'test_f1': 0.1263580024242401, 'communication_cost': 1457816}
[ 2026-03-22 17:20:51 | node_21 | INFO ] 📢 Broadcasting metrics.
[ 2026-03-22 17:20:51 | node_5 | INFO ] 🎉 Round 140 of 150 finished.
[ 2026-03-22 17:20:51 | node_33 | INFO ] 📢 Broadcasting metrics.
[ 2026-03-22 17:20:51 | node | INFO ] 📈 Evaluated. Results: {'test_loss': 0.0013797273859381676, 'test_accuracy': 0.9968510866165161, 'test_precision': 1.0, 'test_recall': 0.2683320939540863, 'test_f1': 0.41273990273475647, 'communication_cost': 1457816}
[ 2026-03-22 17:20:51 | node_5 | INFO ] 🗳️ [DETERMINISTIC] Train set assigned (No Voting). Size: 50
[ 2026-03-22 17:20:51 | node | INFO ] 📢 Broadcasting metrics.
[ 2026-03-22 17:20:51 | node_28 | INFO ] 📈 Evaluated. Results: {'test_loss': 0.0010477941250428557, 'test_accuracy': 0.99712073802948, 'test_precision': 0.861795961856842, 'test_recall': 0.3547566831111908, 'test_f1': 0.49117451906204224, 'communication_cost': 1457816}
[ 2026-03-22 17:20:51 | node_19 | INFO ] 📈 Evaluated. Results: {'test_loss': 0.0011859806254506111, 'test_accuracy': 0.99712073802948, 'test_precision': 0.8157278895378113, 'test_recall': 0.26282361149787903, 'test_f1': 0.38962897658348083, 'communication_cost': 1457816}
[ 2026-03-22 17:20:51 | node_28 | INFO ] 📢 Broadcasting metrics.
[ 2026-03-22 17:20:51 | node_22 | INFO ] 📈 Evaluated. Results: {'test_loss': 0.0013028349494561553, 'test_accuracy': 0.99712073802948, 'test_precision': 0.8157278895378113, 'test_recall': 0.188126802444458, 'test_f1': 0.2868614196777344, 'communication_cost': 1457816}
[ 2026-03-22 17:20:51 | node_19 | INFO ] 📢 Broadcasting metrics.
[ 2026-03-22 17:20:51 | node_36 | INFO ] 📈 Evaluated. Results: {'test_loss': 0.0014956906670704484, 'test_accuracy': 0.9964009523391724, 'test_precision': 0.6756643652915955, 'test_recall': 0.16379740834236145, 'test_f1': 0.26140496134757996, 'communication_cost': 1457816}
[ 2026-03-22 17:20:51 | node_5 | INFO ] ♻️ Proactively processing 1 early models for round 140.
[ 2026-03-22 17:20:51 | node_22 | INFO ] 📢 Broadcasting metrics.
[ 2026-03-22 17:20:51 | node_36 | INFO ] 📢 Broadcasting metrics.
[ 2026-03-22 17:20:51 | node_2 | INFO ] 🎉 Round 140 of 150 finished.
[ 2026-03-22 17:20:51 | node_5 | INFO ] 🧩 Model added for round 140 (1/3) from ['node_6']
[ 2026-03-22 17:20:51 | node_29 | INFO ] 🎉 Round 141 of 150 finished.
[ 2026-03-22 17:20:51 | node_13 | INFO ] 📈 Evaluated. Results: {'test_loss': 0.0011465701973065734, 'test_accuracy': 0.997300922870636, 'test_precision': 0.8157444596290588, 'test_recall': 0.3168819546699524, 'test_f1': 0.4384689927101135, 'communication_cost': 1457816}
[ 2026-03-22 17:20:51 | node_5 | INFO ] 🏋️‍♀️ Preparing training...
[ 2026-03-22 17:20:51 | node_2 | INFO ] 🗳️ [DETERMINISTIC] Train set assigned (No Voting). Size: 50
[ 2026-03-22 17:20:52 | node_13 | INFO ] 📢 Broadcasting metrics.
[ 2026-03-22 17:20:52 | node_29 | INFO ] 🗳️ [DETERMINISTIC] Train set assigned (No Voting). Size: 50
[ 2026-03-22 17:20:52 | node_30 | INFO ] 🎉 Round 141 of 150 finished.
[ 2026-03-22 17:20:52 | node_44 | INFO ] 📈 Evaluated. Results: {'test_loss': 0.0011289026588201523, 'test_accuracy': 0.9975706338882446, 'test_precision': 1.0, 'test_recall': 0.32723549008369446, 'test_f1': 0.48594844341278076, 'communication_cost': 1457816}
[ 2026-03-22 17:20:52 | node_48 | INFO ] 📈 Evaluated. Results: {'test_loss': 0.0015549249947071075, 'test_accuracy': 0.9965808987617493, 'test_precision': 0.8292244076728821, 'test_recall': 0.20423489809036255, 'test_f1': 0.3233935534954071, 'communication_cost': 1457816}
[ 2026-03-22 17:20:52 | node_44 | INFO ] 📢 Broadcasting metrics.
[ 2026-03-22 17:20:52 | node_23 | INFO ] 📈 Evaluated. Results: {'test_loss': 0.0013724289601668715, 'test_accuracy': 0.9965808987617493, 'test_precision': 0.8157278895378113, 'test_recall': 0.22660906612873077, 'test_f1': 0.3442707061767578, 'communication_cost': 1457816}
[ 2026-03-22 17:20:52 | node_48 | INFO ] 📢 Broadcasting metrics.
[ 2026-03-22 17:20:52 | node_30 | INFO ] 🗳️ [DETERMINISTIC] Train set assigned (No Voting). Size: 50
[ 2026-03-22 17:20:52 | node_2 | INFO ] 🏋️‍♀️ Preparing training...
[ 2026-03-22 17:20:52 | node_23 | INFO ] 📢 Broadcasting metrics.
[ 2026-03-22 17:20:52 | node_29 | INFO ] 🏋️‍♀️ Preparing training...
[ 2026-03-22 17:20:52 | node_30 | INFO ] 🏋️‍♀️ Preparing training...
[ 2026-03-22 17:20:52 | node_8 | INFO ] 📈 Evaluated. Results: {'test_loss': 0.0014077177038416266, 'test_accuracy': 0.9955015778541565, 'test_precision': 0.5527665615081787, 'test_recall': 0.10146427154541016, 'test_f1': 0.16787724196910858, 'communication_cost': 1457816}
[ 2026-03-22 17:20:52 | node_8 | INFO ] 📢 Broadcasting metrics.
[ 2026-03-22 17:20:52 | node_35 | INFO ] 📈 Evaluated. Results: {'test_loss': 0.0010151027236133814, 'test_accuracy': 0.9976606369018555, 'test_precision': 0.921360433101654, 'test_recall': 0.3513268530368805, 'test_f1': 0.4966531991958618, 'communication_cost': 1457816}
[ 2026-03-22 17:20:52 | node_35 | INFO ] 📢 Broadcasting metrics.
[ 2026-03-22 17:20:52 | node_33 | INFO ] 🎉 Round 141 of 150 finished.
[ 2026-03-22 17:20:52 | node_20 | INFO ] 🎉 Round 141 of 150 finished.
[ 2026-03-22 17:20:52 | node_33 | INFO ] 🗳️ [DETERMINISTIC] Train set assigned (No Voting). Size: 50
[ 2026-03-22 17:20:52 | node_20 | INFO ] 🗳️ [DETERMINISTIC] Train set assigned (No Voting). Size: 50
[ 2026-03-22 17:20:52 | node_21 | INFO ] 🎉 Round 141 of 150 finished.
[ 2026-03-22 17:20:52 | node_21 | INFO ] 🗳️ [DETERMINISTIC] Train set assigned (No Voting). Size: 50
[ 2026-03-22 17:20:52 | node | INFO ] 🎉 Round 140 of 150 finished.
[ 2026-03-22 17:20:52 | node_33 | INFO ] 🏋️‍♀️ Preparing training...
[ 2026-03-22 17:20:52 | node_19 | INFO ] 🎉 Round 141 of 150 finished.
[ 2026-03-22 17:20:52 | node | INFO ] 🗳️ [DETERMINISTIC] Train set assigned (No Voting). Size: 50
[ 2026-03-22 17:20:52 | node_21 | INFO ] 🏋️‍♀️ Preparing training...
[ 2026-03-22 17:20:52 | node_20 | INFO ] 🏋️‍♀️ Preparing training...
[ 2026-03-22 17:20:52 | node_28 | INFO ] 🎉 Round 141 of 150 finished.
[ 2026-03-22 17:20:52 | node_36 | INFO ] 🎉 Round 141 of 150 finished.
[ 2026-03-22 17:20:52 | node_15 | INFO ] 📈 Evaluated. Results: {'test_loss': 0.00122464494779706, 'test_accuracy': 0.9971210360527039, 'test_precision': 0.8157444596290588, 'test_recall': 0.19141273200511932, 'test_f1': 0.29834258556365967, 'communication_cost': 1457816}
[ 2026-03-22 17:20:52 | node_19 | INFO ] 🗳️ [DETERMINISTIC] Train set assigned (No Voting). Size: 50
[ 2026-03-22 17:20:52 | node_15 | INFO ] 📢 Broadcasting metrics.
[ 2026-03-22 17:20:52 | node | INFO ] 🏋️‍♀️ Preparing training...
[ 2026-03-22 17:20:52 | node_36 | INFO ] 🗳️ [DETERMINISTIC] Train set assigned (No Voting). Size: 50
[ 2026-03-22 17:20:52 | node_13 | INFO ] 🎉 Round 141 of 150 finished.
[ 2026-03-22 17:20:52 | node_28 | INFO ] 🗳️ [DETERMINISTIC] Train set assigned (No Voting). Size: 50
[ 2026-03-22 17:20:52 | node_22 | INFO ] 🎉 Round 141 of 150 finished.
[ 2026-03-22 17:20:52 | node_19 | INFO ] 🏋️‍♀️ Preparing training...
[ 2026-03-22 17:20:52 | node_13 | INFO ] 🗳️ [DETERMINISTIC] Train set assigned (No Voting). Size: 50
[ 2026-03-22 17:20:52 | node_36 | INFO ] 🏋️‍♀️ Preparing training...
[ 2026-03-22 17:20:52 | node_22 | INFO ] 🗳️ [DETERMINISTIC] Train set assigned (No Voting). Size: 50
[ 2026-03-22 17:20:52 | node_18 | INFO ] 📈 Evaluated. Results: {'test_loss': 0.0012660162756219506, 'test_accuracy': 0.997031033039093, 'test_precision': 1.0, 'test_recall': 0.2197423279285431, 'test_f1': 0.33581677079200745, 'communication_cost': 1457816}
[ 2026-03-22 17:20:52 | node_16 | INFO ] 📈 Evaluated. Results: {'test_loss': 0.0011365956161171198, 'test_accuracy': 0.9968510866165161, 'test_precision': 0.6756035685539246, 'test_recall': 0.166707381606102, 'test_f1': 0.2608824074268341, 'communication_cost': 1457816}
[ 2026-03-22 17:20:52 | node_44 | INFO ] 🎉 Round 141 of 150 finished.
[ 2026-03-22 17:20:52 | node_48 | INFO ] 🎉 Round 140 of 150 finished.
[ 2026-03-22 17:20:52 | node_28 | INFO ] 🏋️‍♀️ Preparing training...
[ 2026-03-22 17:20:52 | node_13 | INFO ] 🏋️‍♀️ Preparing training...
[ 2026-03-22 17:20:52 | node_18 | INFO ] 📢 Broadcasting metrics.
[ 2026-03-22 17:20:52 | node_16 | INFO ] 📢 Broadcasting metrics.
[ 2026-03-22 17:20:52 | node_44 | INFO ] 🗳️ [DETERMINISTIC] Train set assigned (No Voting). Size: 50
[ 2026-03-22 17:20:52 | node_48 | INFO ] 🗳️ [DETERMINISTIC] Train set assigned (No Voting). Size: 50
[ 2026-03-22 17:20:52 | node_23 | INFO ] 🎉 Round 141 of 150 finished.
[ 2026-03-22 17:20:52 | node_22 | INFO ] 🏋️‍♀️ Preparing training...
[ 2026-03-22 17:20:53 | node_32 | INFO ] 📈 Evaluated. Results: {'test_loss': 0.0010811879765242338, 'test_accuracy': 0.9969407916069031, 'test_precision': 0.8292244076728821, 'test_recall': 0.30520766973495483, 'test_f1': 0.4247564971446991, 'communication_cost': 1457816}
[ 2026-03-22 17:20:53 | node_23 | INFO ] 🗳️ [DETERMINISTIC] Train set assigned (No Voting). Size: 50
[ 2026-03-22 17:20:53 | node_44 | INFO ] ♻️ Proactively processing 1 early models for round 141.
[ 2026-03-22 17:20:53 | node_48 | INFO ] 🏋️‍♀️ Preparing training...
[ 2026-03-22 17:20:53 | node_35 | INFO ] 🎉 Round 141 of 150 finished.
[ 2026-03-22 17:20:53 | node_32 | INFO ] 📢 Broadcasting metrics.
[ 2026-03-22 17:20:53 | node_8 | INFO ] 🎉 Round 141 of 150 finished.
[ 2026-03-22 17:20:53 | node_44 | INFO ] 🧩 Model added for round 141 (1/3) from ['node_43']
[ 2026-03-22 17:20:53 | node_44 | INFO ] 🏋️‍♀️ Preparing training...
[ 2026-03-22 17:20:53 | node_35 | INFO ] 🗳️ [DETERMINISTIC] Train set assigned (No Voting). Size: 50
[ 2026-03-22 17:20:53 | node_8 | INFO ] 🗳️ [DETERMINISTIC] Train set assigned (No Voting). Size: 50
[ 2026-03-22 17:20:53 | node_23 | INFO ] 🏋️‍♀️ Preparing training...
[ 2026-03-22 17:20:53 | node_35 | INFO ] 🏋️‍♀️ Preparing training...
[ 2026-03-22 17:20:53 | node_8 | INFO ] 🏋️‍♀️ Preparing training...
[ 2026-03-22 17:20:53 | node_40 | INFO ] 📈 Evaluated. Results: {'test_loss': 0.0013859262689948082, 'test_accuracy': 0.9967608451843262, 'test_precision': 0.8003719449043274, 'test_recall': 0.28573673963546753, 'test_f1': 0.3991483151912689, 'communication_cost': 1457816}
[ 2026-03-22 17:20:53 | node_15 | INFO ] 🎉 Round 141 of 150 finished.
[ 2026-03-22 17:20:53 | node_40 | INFO ] 📢 Broadcasting metrics.
[ 2026-03-22 17:20:53 | node_15 | INFO ] 🗳️ [DETERMINISTIC] Train set assigned (No Voting). Size: 50
[ 2026-03-22 17:20:53 | node_41 | INFO ] 📈 Evaluated. Results: {'test_loss': 0.0012232589069753885, 'test_accuracy': 0.9974806308746338, 'test_precision': 0.7370883822441101, 'test_recall': 0.17608222365379333, 'test_f1': 0.2819921672344208, 'communication_cost': 1457816}
[ 2026-03-22 17:20:53 | node_41 | INFO ] 📢 Broadcasting metrics.
[ 2026-03-22 17:20:53 | node_15 | INFO ] 🏋️‍♀️ Preparing training...
[ 2026-03-22 17:20:53 | node_16 | INFO ] 🎉 Round 141 of 150 finished.
[ 2026-03-22 17:20:53 | node_18 | INFO ] 🎉 Round 141 of 150 finished.
[ 2026-03-22 17:20:53 | node_16 | INFO ] 🗳️ [DETERMINISTIC] Train set assigned (No Voting). Size: 50
[ 2026-03-22 17:20:53 | node_32 | INFO ] 🎉 Round 141 of 150 finished.
[ 2026-03-22 17:20:53 | node_18 | INFO ] 🗳️ [DETERMINISTIC] Train set assigned (No Voting). Size: 50
[ 2026-03-22 17:20:53 | node_16 | INFO ] 🏋️‍♀️ Preparing training...
[ 2026-03-22 17:20:53 | node_32 | INFO ] 🗳️ [DETERMINISTIC] Train set assigned (No Voting). Size: 50
[ 2026-03-22 17:20:53 | node_18 | INFO ] 🏋️‍♀️ Preparing training...
[ 2026-03-22 17:20:53 | node_32 | INFO ] 🏋️‍♀️ Preparing training...
[ 2026-03-22 17:20:54 | node_40 | INFO ] 🎉 Round 142 of 150 finished.
[ 2026-03-22 17:20:54 | node_34 | INFO ] 📈 Evaluated. Results: {'test_loss': 0.0011152965016663074, 'test_accuracy': 0.9973906874656677, 'test_precision': 0.5528162717819214, 'test_recall': 0.1883220225572586, 'test_f1': 0.2791782319545746, 'communication_cost': 1457816}
[ 2026-03-22 17:20:54 | node_40 | INFO ] 🗳️ [DETERMINISTIC] Train set assigned (No Voting). Size: 50
[ 2026-03-22 17:20:54 | node_34 | INFO ] 📢 Broadcasting metrics.
[ 2026-03-22 17:20:54 | node_41 | INFO ] 🎉 Round 142 of 150 finished.
[ 2026-03-22 17:20:54 | node_26 | INFO ] 📈 Evaluated. Results: {'test_loss': 0.0011339365737512708, 'test_accuracy': 0.9970307946205139, 'test_precision': 0.7370883822441101, 'test_recall': 0.1750584840774536, 'test_f1': 0.2816055715084076, 'communication_cost': 1457816}
[ 2026-03-22 17:20:54 | node_41 | INFO ] 🗳️ [DETERMINISTIC] Train set assigned (No Voting). Size: 50
[ 2026-03-22 17:20:54 | node_40 | INFO ] 🏋️‍♀️ Preparing training...
[ 2026-03-22 17:20:54 | node_26 | INFO ] 📢 Broadcasting metrics.
[ 2026-03-22 17:20:54 | node_12 | INFO ] ⏹️  Gossiping exited for 10 equal rounds.
[ 2026-03-22 17:20:54 | node_41 | INFO ] 🏋️‍♀️ Preparing training...
[ 2026-03-22 17:20:54 | node_12 | INFO ] 🔬 Evaluating...
[ 2026-03-22 17:20:55 | node_34 | INFO ] 🎉 Round 141 of 150 finished.
[ 2026-03-22 17:20:55 | node_34 | INFO ] 🗳️ [DETERMINISTIC] Train set assigned (No Voting). Size: 50
[ 2026-03-22 17:20:55 | node_26 | INFO ] 🎉 Round 141 of 150 finished.
[ 2026-03-22 17:20:55 | node_34 | INFO ] 🏋️‍♀️ Preparing training...
[ 2026-03-22 17:20:55 | node_26 | INFO ] 🗳️ [DETERMINISTIC] Train set assigned (No Voting). Size: 50
[ 2026-03-22 17:20:55 | node_14 | INFO ] 📈 Evaluated. Results: {'test_loss': 0.0012961929896846414, 'test_accuracy': 0.9965811967849731, 'test_precision': 0.9212775826454163, 'test_recall': 0.14953145384788513, 'test_f1': 0.25130969285964966, 'communication_cost': 1457816}
[ 2026-03-22 17:20:55 | node_26 | INFO ] 🏋️‍♀️ Preparing training...
[ 2026-03-22 17:20:55 | node_14 | INFO ] 📢 Broadcasting metrics.
[ 2026-03-22 17:20:55 | node_24 | INFO ] ⏹️  Gossiping exited for 10 equal rounds.
[ 2026-03-22 17:20:55 | node_24 | INFO ] 🔬 Evaluating...
[ 2026-03-22 17:20:56 | node_14 | INFO ] 🎉 Round 141 of 150 finished.
[ 2026-03-22 17:20:56 | node_14 | INFO ] 🗳️ [DETERMINISTIC] Train set assigned (No Voting). Size: 50
[ 2026-03-22 17:20:56 | node_14 | INFO ] 🏋️‍♀️ Preparing training...
[ 2026-03-22 17:20:57 | node_10 | INFO ] 🎓 Training step done.
[ 2026-03-22 17:20:57 | node_10 | INFO ] 🛠️ Calling force_add_local_model...
[ 2026-03-22 17:20:57 | node_10 | INFO ] ✅ [FORCE] Local model added for round 141. (1/3)
[ 2026-03-22 17:20:59 | node_16 | INFO ] 🎓 Training step done.
[ 2026-03-22 17:20:59 | node_16 | INFO ] 🛠️ Calling force_add_local_model...
[ 2026-03-22 17:20:59 | node_16 | INFO ] ✅ [FORCE] Local model added for round 141. (1/3)
[ 2026-03-22 17:21:00 | node_3 | INFO ] 🎓 Training step done.
[ 2026-03-22 17:21:00 | node_3 | INFO ] 🛠️ Calling force_add_local_model...
[ 2026-03-22 17:21:00 | node_3 | INFO ] ✅ [FORCE] Local model added for round 140. (1/3)
[ 2026-03-22 17:21:00 | node_37 | INFO ] 🎓 Training step done.
[ 2026-03-22 17:21:00 | node_37 | INFO ] 🛠️ Calling force_add_local_model...
[ 2026-03-22 17:21:00 | node_37 | INFO ] ✅ [FORCE] Local model added for round 141. (2/3)
[ 2026-03-22 17:21:00 | node_27 | INFO ] 🎓 Training step done.
[ 2026-03-22 17:21:00 | node_21 | INFO ] 🎓 Training step done.
[ 2026-03-22 17:21:00 | node_27 | INFO ] 🛠️ Calling force_add_local_model...
[ 2026-03-22 17:21:00 | node_21 | INFO ] 🛠️ Calling force_add_local_model...
[ 2026-03-22 17:21:00 | node_27 | INFO ] ✅ [FORCE] Local model added for round 141. (1/3)
[ 2026-03-22 17:21:00 | node_21 | INFO ] ✅ [FORCE] Local model added for round 141. (1/3)
[ 2026-03-22 17:21:00 | node_9 | INFO ] 🎓 Training step done.
[ 2026-03-22 17:21:00 | node_9 | INFO ] 🛠️ Calling force_add_local_model...
[ 2026-03-22 17:21:00 | node_9 | INFO ] ✅ [FORCE] Local model added for round 141. (1/3)
[ 2026-03-22 17:21:00 | node_47 | INFO ] ⏹️  Gossiping exited for 10 equal rounds.
[ 2026-03-22 17:21:00 | node_1 | INFO ] 🎓 Training step done.
[ 2026-03-22 17:21:00 | node_1 | INFO ] 🛠️ Calling force_add_local_model...
[ 2026-03-22 17:21:00 | node_19 | INFO ] 🎓 Training step done.
[ 2026-03-22 17:21:01 | node_1 | INFO ] ✅ [FORCE] Local model added for round 140. (1/3)
[ 2026-03-22 17:21:01 | node_19 | INFO ] 🛠️ Calling force_add_local_model...
[ 2026-03-22 17:21:01 | node_47 | INFO ] 🔬 Evaluating...
[ 2026-03-22 17:21:01 | node_19 | INFO ] ✅ [FORCE] Local model added for round 141. (1/3)
[ 2026-03-22 17:21:01 | node_30 | INFO ] 🎓 Training step done.
[ 2026-03-22 17:21:01 | node_30 | INFO ] 🛠️ Calling force_add_local_model...
[ 2026-03-22 17:21:01 | node_30 | INFO ] ✅ [FORCE] Local model added for round 141. (1/3)
[ 2026-03-22 17:21:01 | node_12 | INFO ] 📈 Evaluated. Results: {'test_loss': 0.0011837345082312822, 'test_accuracy': 0.996941089630127, 'test_precision': 0.7001709342002869, 'test_recall': 0.18681462109088898, 'test_f1': 0.286783903837204, 'communication_cost': 1457816}
[ 2026-03-22 17:21:01 | node_12 | INFO ] 📢 Broadcasting metrics.
[ 2026-03-22 17:21:01 | node_12 | INFO ] 🎉 Round 141 of 150 finished.
[ 2026-03-22 17:21:01 | node_12 | INFO ] 🗳️ [DETERMINISTIC] Train set assigned (No Voting). Size: 50
[ 2026-03-22 17:21:01 | node_25 | INFO ] 🎓 Training step done.
[ 2026-03-22 17:21:01 | node_25 | INFO ] 🛠️ Calling force_add_local_model...
[ 2026-03-22 17:21:01 | node_25 | INFO ] ✅ [FORCE] Local model added for round 141. (1/3)
[ 2026-03-22 17:21:01 | node_12 | INFO ] 🏋️‍♀️ Preparing training...
[ 2026-03-22 17:21:01 | node_5 | INFO ] 🎓 Training step done.
[ 2026-03-22 17:21:01 | node_5 | INFO ] 🛠️ Calling force_add_local_model...
[ 2026-03-22 17:21:01 | node_5 | INFO ] ✅ [FORCE] Local model added for round 140. (2/3)
[ 2026-03-22 17:21:01 | node_2 | INFO ] 🎓 Training step done.
[ 2026-03-22 17:21:01 | node_2 | INFO ] 🛠️ Calling force_add_local_model...
[ 2026-03-22 17:21:01 | node_2 | INFO ] ✅ [FORCE] Local model added for round 140. (1/3)
[ 2026-03-22 17:21:01 | node_11 | INFO ] 🎓 Training step done.
[ 2026-03-22 17:21:01 | node_11 | INFO ] 🛠️ Calling force_add_local_model...
[ 2026-03-22 17:21:02 | node_11 | INFO ] ✅ [FORCE] Local model added for round 141. (1/3)
[ 2026-03-22 17:21:02 | node_20 | INFO ] 🎓 Training step done.
[ 2026-03-22 17:21:02 | node_20 | INFO ] 🛠️ Calling force_add_local_model...
[ 2026-03-22 17:21:02 | node_20 | INFO ] ✅ [FORCE] Local model added for round 141. (1/3)
[ 2026-03-22 17:21:02 | node_31 | INFO ] ⏹️  Gossiping exited for 10 equal rounds.
[ 2026-03-22 17:21:02 | node_31 | INFO ] 🔬 Evaluating...
[ 2026-03-22 17:21:02 | node_24 | INFO ] 📈 Evaluated. Results: {'test_loss': 0.0009407731704413891, 'test_accuracy': 0.9973006844520569, 'test_precision': 0.8157278895378113, 'test_recall': 0.2491852194070816, 'test_f1': 0.3774152994155884, 'communication_cost': 1457816}
[ 2026-03-22 17:21:02 | node_4 | INFO ] ⏹️  Gossiping exited for 10 equal rounds.
[ 2026-03-22 17:21:02 | node_24 | INFO ] 📢 Broadcasting metrics.
[ 2026-03-22 17:21:02 | node_4 | INFO ] 🔬 Evaluating...
[ 2026-03-22 17:21:02 | node_24 | INFO ] 🎉 Round 141 of 150 finished.
[ 2026-03-22 17:21:02 | node_24 | INFO ] 🗳️ [DETERMINISTIC] Train set assigned (No Voting). Size: 50
[ 2026-03-22 17:21:02 | node_10 | INFO ] 📤 Sending model to 2 direct neighbors: ['node_9', 'node_11']
[ 2026-03-22 17:21:03 | node_24 | INFO ] 🏋️‍♀️ Preparing training...
[ 2026-03-22 17:21:03 | node_9 | INFO ] 🧩 Model added for round 141 (2/3) from ['node_10']
[ 2026-03-22 17:21:03 | node_36 | INFO ] 🎓 Training step done.
[ 2026-03-22 17:21:03 | node_36 | INFO ] 🛠️ Calling force_add_local_model...
[ 2026-03-22 17:21:03 | node_11 | INFO ] 🧩 Model added for round 141 (2/3) from ['node_10']
[ 2026-03-22 17:21:03 | node_42 | INFO ] ⏹️  Gossiping exited for 10 equal rounds.
[ 2026-03-22 17:21:03 | node_36 | INFO ] ✅ [FORCE] Local model added for round 141. (1/3)
[ 2026-03-22 17:21:03 | node_45 | INFO ] ⏹️  Gossiping exited for 10 equal rounds.
[ 2026-03-22 17:21:03 | node_42 | INFO ] 🔬 Evaluating...
[ 2026-03-22 17:21:03 | node_45 | INFO ] 🔬 Evaluating...
[ 2026-03-22 17:21:03 | node_23 | INFO ] 🎓 Training step done.
[ 2026-03-22 17:21:03 | node_23 | INFO ] 🛠️ Calling force_add_local_model...
[ 2026-03-22 17:21:03 | node_23 | INFO ] ✅ [FORCE] Local model added for round 141. (1/3)
[ 2026-03-22 17:21:03 | node_29 | INFO ] 🎓 Training step done.
[ 2026-03-22 17:21:03 | node_22 | INFO ] 🎓 Training step done.
[ 2026-03-22 17:21:03 | node_29 | INFO ] 🛠️ Calling force_add_local_model...
[ 2026-03-22 17:21:03 | node_22 | INFO ] 🛠️ Calling force_add_local_model...
[ 2026-03-22 17:21:03 | node_29 | INFO ] ✅ [FORCE] Local model added for round 141. (1/3)
[ 2026-03-22 17:21:03 | node_22 | INFO ] ✅ [FORCE] Local model added for round 141. (1/3)
[ 2026-03-22 17:21:03 | node_17 | INFO ] 🎓 Training step done.
[ 2026-03-22 17:21:03 | node_17 | INFO ] 🛠️ Calling force_add_local_model...
[ 2026-03-22 17:21:03 | node_17 | INFO ] ✅ [FORCE] Local model added for round 141. (1/3)
[ 2026-03-22 17:21:03 | node_32 | INFO ] 🎓 Training step done.
[ 2026-03-22 17:21:03 | node_32 | INFO ] 🛠️ Calling force_add_local_model...
[ 2026-03-22 17:21:04 | node_32 | INFO ] ✅ [FORCE] Local model added for round 141. (1/3)
[ 2026-03-22 17:21:04 | node_35 | INFO ] 🎓 Training step done.
[ 2026-03-22 17:21:04 | node_35 | INFO ] 🛠️ Calling force_add_local_model...
[ 2026-03-22 17:21:04 | node_35 | INFO ] ✅ [FORCE] Local model added for round 141. (1/3)
[ 2026-03-22 17:21:04 | node | INFO ] 🎓 Training step done.
[ 2026-03-22 17:21:04 | node | INFO ] 🛠️ Calling force_add_local_model...
[ 2026-03-22 17:21:04 | node | INFO ] ✅ [FORCE] Local model added for round 140. (1/3)
[ 2026-03-22 17:21:04 | node_48 | INFO ] 🎓 Training step done.
[ 2026-03-22 17:21:04 | node_48 | INFO ] 🛠️ Calling force_add_local_model...
[ 2026-03-22 17:21:04 | node_16 | INFO ] 📤 Sending model to 2 direct neighbors: ['node_15', 'node_17']
[ 2026-03-22 17:21:04 | node_47 | INFO ] 📈 Evaluated. Results: {'test_loss': 0.000922725535929203, 'test_accuracy': 0.9977505803108215, 'test_precision': 0.4299682378768921, 'test_recall': 0.21717782318592072, 'test_f1': 0.2828696370124817, 'communication_cost': 1457816}
[ 2026-03-22 17:21:04 | node_48 | INFO ] ✅ [FORCE] Local model added for round 140. (1/3)
[ 2026-03-22 17:21:04 | node_47 | INFO ] 📢 Broadcasting metrics.
[ 2026-03-22 17:21:04 | node_8 | INFO ] 🎓 Training step done.
[ 2026-03-22 17:21:04 | node_8 | INFO ] 🛠️ Calling force_add_local_model...
[ 2026-03-22 17:21:04 | node_15 | INFO ] 🧩 Model added for round 141 (1/3) from ['node_16']
[ 2026-03-22 17:21:04 | node_8 | INFO ] ✅ [FORCE] Local model added for round 141. (1/3)
[ 2026-03-22 17:21:04 | node_44 | INFO ] 🎓 Training step done.
[ 2026-03-22 17:21:04 | node_44 | INFO ] 🛠️ Calling force_add_local_model...
[ 2026-03-22 17:21:04 | node_44 | INFO ] ✅ [FORCE] Local model added for round 141. (2/3)
[ 2026-03-22 17:21:04 | node_18 | INFO ] 🎓 Training step done.
[ 2026-03-22 17:21:04 | node_33 | INFO ] 🎓 Training step done.
[ 2026-03-22 17:21:04 | node_18 | INFO ] 🛠️ Calling force_add_local_model...
[ 2026-03-22 17:21:04 | node_17 | INFO ] 🧩 Model added for round 141 (2/3) from ['node_16']
[ 2026-03-22 17:21:04 | node_26 | INFO ] 🎓 Training step done.
[ 2026-03-22 17:21:04 | node_39 | INFO ] ⏹️  Gossiping exited for 10 equal rounds.
[ 2026-03-22 17:21:04 | node_33 | INFO ] 🛠️ Calling force_add_local_model...
[ 2026-03-22 17:21:04 | node_18 | INFO ] ✅ [FORCE] Local model added for round 141. (1/3)
[ 2026-03-22 17:21:04 | node_26 | INFO ] 🛠️ Calling force_add_local_model...
[ 2026-03-22 17:21:04 | node_33 | INFO ] ✅ [FORCE] Local model added for round 141. (1/3)
[ 2026-03-22 17:21:04 | node_26 | INFO ] ✅ [FORCE] Local model added for round 141. (1/3)
[ 2026-03-22 17:21:04 | node_39 | INFO ] 🔬 Evaluating...
[ 2026-03-22 17:21:04 | node_13 | INFO ] 🎓 Training step done.
[ 2026-03-22 17:21:04 | node_15 | INFO ] 🎓 Training step done.
[ 2026-03-22 17:21:04 | node_13 | INFO ] 🛠️ Calling force_add_local_model...
[ 2026-03-22 17:21:04 | node_7 | INFO ] ⏹️  Gossiping exited for 10 equal rounds.
[ 2026-03-22 17:21:04 | node_47 | INFO ] 🎉 Round 140 of 150 finished.
[ 2026-03-22 17:21:04 | node_28 | INFO ] 🎓 Training step done.
[ 2026-03-22 17:21:04 | node_15 | INFO ] 🛠️ Calling force_add_local_model...
[ 2026-03-22 17:21:04 | node_13 | INFO ] ✅ [FORCE] Local model added for round 141. (1/3)
[ 2026-03-22 17:21:05 | node_28 | INFO ] 🛠️ Calling force_add_local_model...
[ 2026-03-22 17:21:05 | node_41 | INFO ] 🎓 Training step done.
[ 2026-03-22 17:21:05 | node_15 | INFO ] ✅ [FORCE] Local model added for round 141. (2/3)
[ 2026-03-22 17:21:05 | node_34 | INFO ] 🎓 Training step done.
[ 2026-03-22 17:21:05 | node_28 | INFO ] ✅ [FORCE] Local model added for round 141. (1/3)
[ 2026-03-22 17:21:05 | node_47 | INFO ] 🗳️ [DETERMINISTIC] Train set assigned (No Voting). Size: 50
[ 2026-03-22 17:21:05 | node_41 | INFO ] 🛠️ Calling force_add_local_model...
[ 2026-03-22 17:21:05 | node_34 | INFO ] 🛠️ Calling force_add_local_model...
[ 2026-03-22 17:21:05 | node_7 | INFO ] 🔬 Evaluating...
[ 2026-03-22 17:21:05 | node_41 | INFO ] ✅ [FORCE] Local model added for round 142. (1/3)
[ 2026-03-22 17:21:05 | node_34 | INFO ] ✅ [FORCE] Local model added for round 141. (1/3)
[ 2026-03-22 17:21:05 | node_47 | INFO ] ♻️ Proactively processing 1 early models for round 140.
[ 2026-03-22 17:21:05 | node_47 | INFO ] 🧩 Model added for round 140 (1/3) from ['node_46']
[ 2026-03-22 17:21:05 | node_3 | INFO ] 📤 Sending model to 2 direct neighbors: ['node_2', 'node_4']
[ 2026-03-22 17:21:05 | node_47 | INFO ] 🏋️‍♀️ Preparing training...
[ 2026-03-22 17:21:05 | node_49 | INFO ] 🎓 Training step done.
[ 2026-03-22 17:21:05 | node_49 | INFO ] 🛠️ Calling force_add_local_model...
[ 2026-03-22 17:21:05 | node_37 | INFO ] 📤 Sending model to 2 direct neighbors: ['node_36', 'node_38']
[ 2026-03-22 17:21:05 | node_49 | INFO ] ✅ [FORCE] Local model added for round 140. (1/3)
[ 2026-03-22 17:21:05 | node_2 | INFO ] 🧩 Model added for round 140 (2/3) from ['node_3']
[ 2026-03-22 17:21:05 | node_31 | INFO ] 📈 Evaluated. Results: {'test_loss': 0.0010480894707143307, 'test_accuracy': 0.9977505803108215, 'test_precision': 0.8157278895378113, 'test_recall': 0.25030919909477234, 'test_f1': 0.3730227053165436, 'communication_cost': 1457816}
[ 2026-03-22 17:21:05 | node_31 | INFO ] 📢 Broadcasting metrics.
[ 2026-03-22 17:21:05 | node_36 | INFO ] 🧩 Model added for round 141 (2/3) from ['node_37']
[ 2026-03-22 17:21:05 | node_40 | INFO ] 🎓 Training step done.
[ 2026-03-22 17:21:05 | node_40 | INFO ] 🛠️ Calling force_add_local_model...
[ 2026-03-22 17:21:05 | node_4 | INFO ] 📈 Evaluated. Results: {'test_loss': 0.0012742727994918823, 'test_accuracy': 0.99676114320755, 'test_precision': 0.9692906737327576, 'test_recall': 0.3390564024448395, 'test_f1': 0.49836382269859314, 'communication_cost': 1457816}
[ 2026-03-22 17:21:05 | node_40 | INFO ] ✅ [FORCE] Local model added for round 142. (1/3)
[ 2026-03-22 17:21:05 | node_14 | INFO ] 🎓 Training step done.
[ 2026-03-22 17:21:05 | node_14 | INFO ] 🛠️ Calling force_add_local_model...
[ 2026-03-22 17:21:05 | node_4 | INFO ] 📢 Broadcasting metrics.
[ 2026-03-22 17:21:05 | node_14 | INFO ] ✅ [FORCE] Local model added for round 141. (1/3)
[ 2026-03-22 17:21:05 | node_38 | INFO ] 🧩 Model added for round 141 (3/3) from ['node_37']
[ 2026-03-22 17:21:05 | node_31 | INFO ] 🎉 Round 141 of 150 finished.
[ 2026-03-22 17:21:05 | node_38 | INFO ] 🧠 Aggregation complete. Setting new model.
[ 2026-03-22 17:21:05 | node_31 | INFO ] 🗳️ [DETERMINISTIC] Train set assigned (No Voting). Size: 50
[ 2026-03-22 17:21:05 | node_31 | INFO ] 🏋️‍♀️ Preparing training...
[ 2026-03-22 17:21:05 | node_38 | INFO ] 🗣️ Gossiping aggregated model.
[ 2026-03-22 17:21:05 | node_45 | INFO ] 📈 Evaluated. Results: {'test_loss': 0.0011481794063001871, 'test_accuracy': 0.9973006844520569, 'test_precision': 0.7456960678100586, 'test_recall': 0.33622974157333374, 'test_f1': 0.43947380781173706, 'communication_cost': 1457816}
[ 2026-03-22 17:21:05 | node_45 | INFO ] 📢 Broadcasting metrics.
[ 2026-03-22 17:21:05 | node_4 | INFO ] 🎉 Round 140 of 150 finished.
[ 2026-03-22 17:21:05 | node_27 | INFO ] 📤 Sending model to 2 direct neighbors: ['node_26', 'node_28']
[ 2026-03-22 17:21:05 | node_21 | INFO ] 📤 Sending model to 2 direct neighbors: ['node_20', 'node_22']
[ 2026-03-22 17:21:05 | node_4 | INFO ] 🗳️ [DETERMINISTIC] Train set assigned (No Voting). Size: 50
[ 2026-03-22 17:21:05 | node_4 | INFO ] ♻️ Proactively processing 1 early models for round 140.
[ 2026-03-22 17:21:05 | node_4 | INFO ] 🧩 Model added for round 140 (1/3) from ['node_3']
[ 2026-03-22 17:21:05 | node_9 | INFO ] 📤 Sending model to 2 direct neighbors: ['node_8', 'node_10']
[ 2026-03-22 17:21:05 | node_26 | INFO ] 🧩 Model added for round 141 (2/3) from ['node_27']
[ 2026-03-22 17:21:05 | node_4 | INFO ] 🏋️‍♀️ Preparing training...
[ 2026-03-22 17:21:05 | node_20 | INFO ] 🧩 Model added for round 141 (2/3) from ['node_21']
[ 2026-03-22 17:21:05 | node_42 | INFO ] 📈 Evaluated. Results: {'test_loss': 0.0013622110709547997, 'test_accuracy': 0.9969407916069031, 'test_precision': 0.8157278895378113, 'test_recall': 0.2318151742219925, 'test_f1': 0.3428434133529663, 'communication_cost': 1457816}
[ 2026-03-22 17:21:05 | node_8 | INFO ] 🧩 Model added for round 141 (2/3) from ['node_9']
[ 2026-03-22 17:21:06 | node_42 | INFO ] 📢 Broadcasting metrics.
[ 2026-03-22 17:21:06 | node_1 | INFO ] 📤 Sending model to 2 direct neighbors: ['node', 'node_2']
[ 2026-03-22 17:21:06 | node_45 | INFO ] 🎉 Round 141 of 150 finished.
[ 2026-03-22 17:21:06 | node_19 | INFO ] 📤 Sending model to 2 direct neighbors: ['node_18', 'node_20']
[ 2026-03-22 17:21:06 | node_45 | INFO ] 🗳️ [DETERMINISTIC] Train set assigned (No Voting). Size: 50
[ 2026-03-22 17:21:06 | node_30 | INFO ] 📤 Sending model to 2 direct neighbors: ['node_29', 'node_31']
[ 2026-03-22 17:21:06 | node_45 | INFO ] 🏋️‍♀️ Preparing training...
[ 2026-03-22 17:21:06 | node_28 | INFO ] 🧩 Model added for round 141 (2/3) from ['node_27']
[ 2026-03-22 17:21:06 | node_22 | INFO ] 🧩 Model added for round 141 (2/3) from ['node_21']
[ 2026-03-22 17:21:06 | node_10 | INFO ] 🧩 Model added for round 141 (2/3) from ['node_9']
[ 2026-03-22 17:21:06 | node_42 | INFO ] 🎉 Round 142 of 150 finished.
[ 2026-03-22 17:21:06 | node_42 | INFO ] 🗳️ [DETERMINISTIC] Train set assigned (No Voting). Size: 50
[ 2026-03-22 17:21:06 | node | INFO ] 🧩 Model added for round 140 (2/3) from ['node_1']
[ 2026-03-22 17:21:06 | node_18 | INFO ] 🧩 Model added for round 141 (2/3) from ['node_19']
[ 2026-03-22 17:21:06 | node_42 | INFO ] 🏋️‍♀️ Preparing training...
[ 2026-03-22 17:21:06 | node_29 | INFO ] 🧩 Model added for round 141 (2/3) from ['node_30']
[ 2026-03-22 17:21:06 | node_39 | INFO ] 📈 Evaluated. Results: {'test_loss': 0.0011038017692044377, 'test_accuracy': 0.9975706338882446, 'test_precision': 0.5429968237876892, 'test_recall': 0.410788893699646, 'test_f1': 0.46625667810440063, 'communication_cost': 1457816}
[ 2026-03-22 17:21:06 | node_39 | INFO ] 📢 Broadcasting metrics.
[ 2026-03-22 17:21:06 | node_2 | INFO ] 🧩 Model added for round 140 (3/3) from ['node_1']
[ 2026-03-22 17:21:06 | node_7 | INFO ] 📈 Evaluated. Results: {'test_loss': 0.0013697087997570634, 'test_accuracy': 0.9965811967849731, 'test_precision': 0.5527665615081787, 'test_recall': 0.1433098465204239, 'test_f1': 0.221106618642807, 'communication_cost': 1457816}
[ 2026-03-22 17:21:06 | node_7 | INFO ] 📢 Broadcasting metrics.
[ 2026-03-22 17:21:06 | node_20 | INFO ] 🧩 Model added for round 141 (3/3) from ['node_19']
[ 2026-03-22 17:21:06 | node_31 | INFO ] 🧩 Model added for round 141 (1/3) from ['node_30']
[ 2026-03-22 17:21:06 | node_39 | INFO ] 🎉 Round 142 of 150 finished.
[ 2026-03-22 17:21:06 | node_25 | INFO ] 📤 Sending model to 2 direct neighbors: ['node_24', 'node_26']
[ 2026-03-22 17:21:06 | node_24 | INFO ] 🎓 Training step done.
[ 2026-03-22 17:21:06 | node_39 | INFO ] 🗳️ [DETERMINISTIC] Train set assigned (No Voting). Size: 50
[ 2026-03-22 17:21:06 | node_24 | INFO ] 🛠️ Calling force_add_local_model...
[ 2026-03-22 17:21:06 | node_24 | INFO ] ✅ [FORCE] Local model added for round 141. (1/3)
[ 2026-03-22 17:21:06 | node_39 | INFO ] 🏋️‍♀️ Preparing training...
[ 2026-03-22 17:21:06 | node_7 | INFO ] 🎉 Round 141 of 150 finished.
[ 2026-03-22 17:21:06 | node_5 | INFO ] 📤 Sending model to 2 direct neighbors: ['node_4', 'node_6']
[ 2026-03-22 17:21:06 | node_24 | INFO ] 🧩 Model added for round 141 (2/3) from ['node_25']
[ 2026-03-22 17:21:06 | node_7 | INFO ] 🗳️ [DETERMINISTIC] Train set assigned (No Voting). Size: 50
[ 2026-03-22 17:21:06 | node_7 | INFO ] 🏋️‍♀️ Preparing training...
[ 2026-03-22 17:21:06 | node_12 | INFO ] 🎓 Training step done.
[ 2026-03-22 17:21:06 | node_2 | INFO ] 📤 Sending model to 2 direct neighbors: ['node_1', 'node_3']
[ 2026-03-22 17:21:06 | node_12 | INFO ] 🛠️ Calling force_add_local_model...
[ 2026-03-22 17:21:06 | node_12 | INFO ] ✅ [FORCE] Local model added for round 141. (1/3)
[ 2026-03-22 17:21:06 | node_4 | INFO ] 🧩 Model added for round 140 (2/3) from ['node_5']
[ 2026-03-22 17:21:06 | node_1 | INFO ] 🧩 Model added for round 140 (2/3) from ['node_2']
[ 2026-03-22 17:21:07 | node_11 | INFO ] 📤 Sending model to 2 direct neighbors: ['node_10', 'node_12']
[ 2026-03-22 17:21:07 | node_26 | INFO ] 🧩 Model added for round 141 (3/3) from ['node_25']
[ 2026-03-22 17:21:07 | node_10 | INFO ] 🧩 Model added for round 141 (3/3) from ['node_11']
[ 2026-03-22 17:21:07 | node_10 | INFO ] 🧠 Aggregation complete. Setting new model.
[ 2026-03-22 17:21:07 | node_20 | INFO ] 📤 Sending model to 2 direct neighbors: ['node_19', 'node_21']
[ 2026-03-22 17:21:07 | node_6 | INFO ] 🧩 Model added for round 140 (3/3) from ['node_5']
[ 2026-03-22 17:21:07 | node_3 | INFO ] 🧩 Model added for round 140 (2/3) from ['node_2']
[ 2026-03-22 17:21:07 | node_6 | INFO ] 🧠 Aggregation complete. Setting new model.
[ 2026-03-22 17:21:07 | node_19 | INFO ] 🧩 Model added for round 141 (2/3) from ['node_20']
[ 2026-03-22 17:21:07 | node_10 | INFO ] 🗣️ Gossiping aggregated model.
[ 2026-03-22 17:21:07 | node_6 | INFO ] 🗣️ Gossiping aggregated model.
[ 2026-03-22 17:21:07 | node_2 | INFO ] 🧠 Aggregation complete. Setting new model.
[ 2026-03-22 17:21:07 | node_12 | INFO ] 🧩 Model added for round 141 (2/3) from ['node_11']
[ 2026-03-22 17:21:07 | node_21 | INFO ] 🧩 Model added for round 141 (2/3) from ['node_20']
[ 2026-03-22 17:21:07 | node_2 | INFO ] 🗣️ Gossiping aggregated model.
[ 2026-03-22 17:21:08 | node_20 | INFO ] 🧠 Aggregation complete. Setting new model.
[ 2026-03-22 17:21:08 | node_20 | INFO ] 🗣️ Gossiping aggregated model.
[ 2026-03-22 17:21:08 | node_47 | INFO ] 🎓 Training step done.
[ 2026-03-22 17:21:08 | node_47 | INFO ] 🛠️ Calling force_add_local_model...
[ 2026-03-22 17:21:08 | node_47 | INFO ] ✅ [FORCE] Local model added for round 140. (2/3)
[ 2026-03-22 17:21:08 | node_36 | INFO ] 📤 Sending model to 2 direct neighbors: ['node_35', 'node_37']
[ 2026-03-22 17:21:08 | node_35 | INFO ] 🧩 Model added for round 141 (2/3) from ['node_36']
[ 2026-03-22 17:21:08 | node_23 | INFO ] 📤 Sending model to 2 direct neighbors: ['node_22', 'node_24']
[ 2026-03-22 17:21:08 | node_37 | INFO ] 🧩 Model added for round 141 (3/3) from ['node_36']
[ 2026-03-22 17:21:08 | node_29 | INFO ] 📤 Sending model to 2 direct neighbors: ['node_28', 'node_30']
[ 2026-03-22 17:21:08 | node_22 | INFO ] 📤 Sending model to 2 direct neighbors: ['node_21', 'node_23']
[ 2026-03-22 17:21:08 | node_31 | INFO ] 🎓 Training step done.
[ 2026-03-22 17:21:08 | node_31 | INFO ] 🛠️ Calling force_add_local_model...
[ 2026-03-22 17:21:09 | node_4 | INFO ] 🎓 Training step done.
[ 2026-03-22 17:21:09 | node_37 | INFO ] 🧠 Aggregation complete. Setting new model.
[ 2026-03-22 17:21:09 | node_22 | INFO ] 🧩 Model added for round 141 (3/3) from ['node_23']
[ 2026-03-22 17:21:09 | node_17 | INFO ] 📤 Sending model to 2 direct neighbors: ['node_16', 'node_18']
[ 2026-03-22 17:21:09 | node_31 | INFO ] ✅ [FORCE] Local model added for round 141. (2/3)
[ 2026-03-22 17:21:09 | node_4 | INFO ] 🛠️ Calling force_add_local_model...
[ 2026-03-22 17:21:09 | node_32 | INFO ] 📤 Sending model to 2 direct neighbors: ['node_31', 'node_33']
[ 2026-03-22 17:21:09 | node_4 | INFO ] ✅ [FORCE] Local model added for round 140. (3/3)
[ 2026-03-22 17:21:09 | node_45 | INFO ] 🎓 Training step done.
[ 2026-03-22 17:21:09 | node_45 | INFO ] 🛠️ Calling force_add_local_model...
[ 2026-03-22 17:21:09 | node_28 | INFO ] 🧩 Model added for round 141 (3/3) from ['node_29']
[ 2026-03-22 17:21:09 | node_37 | INFO ] 🗣️ Gossiping aggregated model.
[ 2026-03-22 17:21:09 | node_45 | INFO ] ✅ [FORCE] Local model added for round 141. (1/3)
[ 2026-03-22 17:21:09 | node_21 | INFO ] 🧩 Model added for round 141 (3/3) from ['node_22']
[ 2026-03-22 17:21:09 | node_35 | INFO ] 📤 Sending model to 2 direct neighbors: ['node_34', 'node_36']
[ 2026-03-22 17:21:09 | node | INFO ] 📤 Sending model to 2 direct neighbors: ['node_1', 'node_49']
[ 2026-03-22 17:21:09 | node_31 | INFO ] 🧩 Model added for round 141 (3/3) from ['node_32']
[ 2026-03-22 17:21:09 | node_24 | INFO ] 🧩 Model added for round 141 (3/3) from ['node_23']
[ 2026-03-22 17:21:09 | node_48 | INFO ] 📤 Sending model to 2 direct neighbors: ['node_47', 'node_49']
[ 2026-03-22 17:21:09 | node_16 | INFO ] 🧩 Model added for round 141 (2/3) from ['node_17']
[ 2026-03-22 17:21:09 | node_30 | INFO ] 🧩 Model added for round 141 (2/3) from ['node_29']
[ 2026-03-22 17:21:09 | node_8 | INFO ] 📤 Sending model to 2 direct neighbors: ['node_7', 'node_9']
[ 2026-03-22 17:21:09 | node_42 | INFO ] 🎓 Training step done.
[ 2026-03-22 17:21:09 | node_42 | INFO ] 🛠️ Calling force_add_local_model...
[ 2026-03-22 17:21:09 | node_44 | INFO ] 📤 Sending model to 2 direct neighbors: ['node_43', 'node_45']
[ 2026-03-22 17:21:09 | node_34 | INFO ] 🧩 Model added for round 141 (2/3) from ['node_35']
[ 2026-03-22 17:21:09 | node_23 | INFO ] 🧩 Model added for round 141 (2/3) from ['node_22']
[ 2026-03-22 17:21:09 | node_1 | INFO ] 🧩 Model added for round 140 (3/3) from ['node']
[ 2026-03-22 17:21:09 | node_21 | INFO ] 🧠 Aggregation complete. Setting new model.
[ 2026-03-22 17:21:09 | node_42 | INFO ] ✅ [FORCE] Local model added for round 142. (1/3)
[ 2026-03-22 17:21:09 | node_38 | INFO ] 🤫 Gossip finished.
[ 2026-03-22 17:21:09 | node_18 | INFO ] 📤 Sending model to 2 direct neighbors: ['node_17', 'node_19']
[ 2026-03-22 17:21:09 | node_33 | INFO ] 📤 Sending model to 2 direct neighbors: ['node_32', 'node_34']
[ 2026-03-22 17:21:09 | node_38 | INFO ] 🔬 Evaluating...
[ 2026-03-22 17:21:09 | node_26 | INFO ] 📤 Sending model to 2 direct neighbors: ['node_25', 'node_27']
[ 2026-03-22 17:21:10 | node_13 | INFO ] 📤 Sending model to 2 direct neighbors: ['node_12', 'node_14']
[ 2026-03-22 17:21:10 | node_39 | INFO ] 🎓 Training step done.
[ 2026-03-22 17:21:10 | node_15 | INFO ] 📤 Sending model to 2 direct neighbors: ['node_14', 'node_16']
[ 2026-03-22 17:21:10 | node_47 | INFO ] 🧩 Model added for round 140 (3/3) from ['node_48']
[ 2026-03-22 17:21:10 | node_28 | INFO ] 📤 Sending model to 2 direct neighbors: ['node_27', 'node_29']
[ 2026-03-22 17:21:10 | node_7 | INFO ] 🧩 Model added for round 141 (1/3) from ['node_8']
[ 2026-03-22 17:21:10 | node_41 | INFO ] 📤 Sending model to 2 direct neighbors: ['node_40', 'node_42']
[ 2026-03-22 17:21:10 | node_33 | INFO ] 🧩 Model added for round 141 (2/3) from ['node_32']
[ 2026-03-22 17:21:10 | node_34 | INFO ] 📤 Sending model to 2 direct neighbors: ['node_33', 'node_35']
[ 2026-03-22 17:21:10 | node_7 | INFO ] 🎓 Training step done.
[ 2026-03-22 17:21:10 | node_39 | INFO ] 🛠️ Calling force_add_local_model...
[ 2026-03-22 17:21:10 | node_7 | INFO ] 🛠️ Calling force_add_local_model...
[ 2026-03-22 17:21:10 | node_18 | INFO ] 🧩 Model added for round 141 (3/3) from ['node_17']
[ 2026-03-22 17:21:10 | node_39 | INFO ] ✅ [FORCE] Local model added for round 142. (1/3)
[ 2026-03-22 17:21:10 | node_21 | INFO ] 🗣️ Gossiping aggregated model.
[ 2026-03-22 17:21:10 | node_36 | INFO ] 🧩 Model added for round 141 (3/3) from ['node_35']
[ 2026-03-22 17:21:10 | node_1 | INFO ] 🧠 Aggregation complete. Setting new model.
[ 2026-03-22 17:21:10 | node_49 | INFO ] 📤 Sending model to 2 direct neighbors: ['node', 'node_48']
[ 2026-03-22 17:21:10 | node_43 | INFO ] 🧩 Model added for round 141 (3/3) from ['node_44']
[ 2026-03-22 17:21:10 | node_7 | INFO ] ✅ [FORCE] Local model added for round 141. (2/3)
[ 2026-03-22 17:21:10 | node_40 | INFO ] 📤 Sending model to 2 direct neighbors: ['node_39', 'node_41']
[ 2026-03-22 17:21:10 | node_1 | INFO ] 🗣️ Gossiping aggregated model.
[ 2026-03-22 17:21:10 | node_14 | INFO ] 📤 Sending model to 2 direct neighbors: ['node_13', 'node_15']
[ 2026-03-22 17:21:10 | node_27 | INFO ] 🧩 Model added for round 141 (2/3) from ['node_28']
[ 2026-03-22 17:21:10 | node_14 | INFO ] 🧩 Model added for round 141 (2/3) from ['node_15']
[ 2026-03-22 17:21:10 | node_49 | INFO ] 🧩 Model added for round 140 (2/3) from ['node']
[ 2026-03-22 17:21:10 | node_12 | INFO ] 🧩 Model added for round 141 (3/3) from ['node_13']
[ 2026-03-22 17:21:10 | node_25 | INFO ] 🧩 Model added for round 141 (2/3) from ['node_26']
[ 2026-03-22 17:21:10 | node_17 | INFO ] 🧩 Model added for round 141 (3/3) from ['node_18']
[ 2026-03-22 17:21:10 | node_38 | INFO ] 📈 Evaluated. Results: {'test_loss': 0.001154879224486649, 'test_accuracy': 0.9973906874656677, 'test_precision': 0.8777578473091125, 'test_recall': 0.43985608220100403, 'test_f1': 0.5779556035995483, 'communication_cost': 1457816}
[ 2026-03-22 17:21:10 | node_33 | INFO ] 🧩 Model added for round 141 (3/3) from ['node_34']
[ 2026-03-22 17:21:10 | node_49 | INFO ] 🧩 Model added for round 140 (3/3) from ['node_48']
[ 2026-03-22 17:21:10 | node_32 | INFO ] 🧩 Model added for round 141 (2/3) from ['node_33']
[ 2026-03-22 17:21:10 | node_9 | INFO ] 🧩 Model added for round 141 (3/3) from ['node_8']
[ 2026-03-22 17:21:10 | node_38 | INFO ] 📢 Broadcasting metrics.
[ 2026-03-22 17:21:10 | node_40 | INFO ] 🧩 Model added for round 142 (2/3) from ['node_41']
[ 2026-03-22 17:21:10 | node_36 | INFO ] 🧠 Aggregation complete. Setting new model.
[ 2026-03-22 17:21:10 | node | INFO ] 🧩 Model added for round 140 (3/3) from ['node_49']
[ 2026-03-22 17:21:10 | node_13 | INFO ] 🧩 Model added for round 141 (2/3) from ['node_14']
[ 2026-03-22 17:21:10 | node_39 | INFO ] 🧩 Model added for round 142 (2/3) from ['node_40']
[ 2026-03-22 17:21:10 | node_45 | INFO ] 🧩 Model added for round 141 (2/3) from ['node_44']
[ 2026-03-22 17:21:10 | node_17 | INFO ] 🧠 Aggregation complete. Setting new model.
[ 2026-03-22 17:21:10 | node_43 | INFO ] 🧠 Aggregation complete. Setting new model.
[ 2026-03-22 17:21:10 | node_22 | INFO ] 🧠 Aggregation complete. Setting new model.
[ 2026-03-22 17:21:11 | node_29 | INFO ] 🧩 Model added for round 141 (3/3) from ['node_28']
[ 2026-03-22 17:21:11 | node_19 | INFO ] 🧩 Model added for round 141 (3/3) from ['node_18']
[ 2026-03-22 17:21:11 | node_14 | INFO ] 🧩 Model added for round 141 (3/3) from ['node_13']
[ 2026-03-22 17:21:11 | node_27 | INFO ] 🧩 Model added for round 141 (3/3) from ['node_26']
[ 2026-03-22 17:21:11 | node_16 | INFO ] 🧩 Model added for round 141 (3/3) from ['node_15']
[ 2026-03-22 17:21:11 | node_9 | INFO ] 🧠 Aggregation complete. Setting new model.
[ 2026-03-22 17:21:11 | node | INFO ] 🧠 Aggregation complete. Setting new model.
[ 2026-03-22 17:21:11 | node_22 | INFO ] 🗣️ Gossiping aggregated model.
[ 2026-03-22 17:21:11 | node_36 | INFO ] 🗣️ Gossiping aggregated model.
[ 2026-03-22 17:21:11 | node_43 | INFO ] 🗣️ Gossiping aggregated model.
[ 2026-03-22 17:21:11 | node_19 | INFO ] 🧠 Aggregation complete. Setting new model.
[ 2026-03-22 17:21:11 | node_35 | INFO ] 🧩 Model added for round 141 (3/3) from ['node_34']
[ 2026-03-22 17:21:11 | node_29 | INFO ] 🧠 Aggregation complete. Setting new model.
[ 2026-03-22 17:21:11 | node_16 | INFO ] 🧠 Aggregation complete. Setting new model.
[ 2026-03-22 17:21:11 | node_27 | INFO ] 🧠 Aggregation complete. Setting new model.
[ 2026-03-22 17:21:11 | node_17 | INFO ] 🗣️ Gossiping aggregated model.
[ 2026-03-22 17:21:11 | node_9 | INFO ] 🗣️ Gossiping aggregated model.
[ 2026-03-22 17:21:11 | node | INFO ] 🗣️ Gossiping aggregated model.
[ 2026-03-22 17:21:11 | node_27 | INFO ] 🗣️ Gossiping aggregated model.
[ 2026-03-22 17:21:11 | node_37 | INFO ] 🤫 Gossip finished.
[ 2026-03-22 17:21:11 | node_29 | INFO ] 🗣️ Gossiping aggregated model.
[ 2026-03-22 17:21:11 | node_19 | INFO ] 🗣️ Gossiping aggregated model.
[ 2026-03-22 17:21:11 | node_37 | INFO ] 🔬 Evaluating...
[ 2026-03-22 17:21:11 | node_16 | INFO ] 🗣️ Gossiping aggregated model.
[ 2026-03-22 17:21:11 | node_38 | INFO ] 🎉 Round 142 of 150 finished.
[ 2026-03-22 17:21:11 | node_38 | INFO ] 🗳️ [DETERMINISTIC] Train set assigned (No Voting). Size: 50
[ 2026-03-22 17:21:11 | node_38 | INFO ] 🏋️‍♀️ Preparing training...
[ 2026-03-22 17:21:11 | node_42 | INFO ] 🧩 Model added for round 142 (2/3) from ['node_41']
[ 2026-03-22 17:21:11 | node_34 | INFO ] 🧩 Model added for round 141 (3/3) from ['node_33']
[ 2026-03-22 17:21:11 | node_24 | INFO ] 📤 Sending model to 2 direct neighbors: ['node_23', 'node_25']
[ 2026-03-22 17:21:11 | node_15 | INFO ] 🧩 Model added for round 141 (3/3) from ['node_14']
[ 2026-03-22 17:21:12 | node_48 | INFO ] 🧩 Model added for round 140 (2/3) from ['node_49']
[ 2026-03-22 17:21:12 | node_41 | INFO ] 🧩 Model added for round 142 (2/3) from ['node_40']
[ 2026-03-22 17:21:12 | node_12 | INFO ] 📤 Sending model to 2 direct neighbors: ['node_11', 'node_13']
[ 2026-03-22 17:21:12 | node_20 | INFO ] 🤫 Gossip finished.
[ 2026-03-22 17:21:12 | node_35 | INFO ] 🧠 Aggregation complete. Setting new model.
[ 2026-03-22 17:21:12 | node_18 | INFO ] 🧠 Aggregation complete. Setting new model.
[ 2026-03-22 17:21:12 | node_34 | INFO ] 🧠 Aggregation complete. Setting new model.
[ 2026-03-22 17:21:12 | node_15 | INFO ] 🧠 Aggregation complete. Setting new model.
[ 2026-03-22 17:21:12 | node_26 | INFO ] 🧠 Aggregation complete. Setting new model.
[ 2026-03-22 17:21:12 | node_28 | INFO ] 🧠 Aggregation complete. Setting new model.
[ 2026-03-22 17:21:12 | node_33 | INFO ] 🧠 Aggregation complete. Setting new model.
[ 2026-03-22 17:21:12 | node_20 | INFO ] 🔬 Evaluating...
[ 2026-03-22 17:21:12 | node_23 | INFO ] 🧩 Model added for round 141 (3/3) from ['node_24']
[ 2026-03-22 17:21:12 | node_14 | INFO ] 🧠 Aggregation complete. Setting new model.
[ 2026-03-22 17:21:12 | node_23 | INFO ] 🧠 Aggregation complete. Setting new model.
[ 2026-03-22 17:21:12 | node_11 | INFO ] 🧩 Model added for round 141 (3/3) from ['node_12']
[ 2026-03-22 17:21:12 | node_34 | INFO ] 🗣️ Gossiping aggregated model.
[ 2026-03-22 17:21:12 | node_35 | INFO ] 🗣️ Gossiping aggregated model.
[ 2026-03-22 17:21:12 | node_18 | INFO ] 🗣️ Gossiping aggregated model.
[ 2026-03-22 17:21:12 | node_34 | INFO ] 🤫 Gossip finished.
[ 2026-03-22 17:21:12 | node_26 | INFO ] 🗣️ Gossiping aggregated model.
[ 2026-03-22 17:21:12 | node_35 | INFO ] 🤫 Gossip finished.
[ 2026-03-22 17:21:12 | node_11 | INFO ] 🧠 Aggregation complete. Setting new model.
[ 2026-03-22 17:21:12 | node_49 | INFO ] 🧠 Aggregation complete. Setting new model.
[ 2026-03-22 17:21:12 | node_28 | INFO ] 🗣️ Gossiping aggregated model.
[ 2026-03-22 17:21:12 | node_33 | INFO ] 🗣️ Gossiping aggregated model.
[ 2026-03-22 17:21:12 | node_15 | INFO ] 🗣️ Gossiping aggregated model.
[ 2026-03-22 17:21:12 | node_18 | INFO ] 🤫 Gossip finished.
[ 2026-03-22 17:21:12 | node_28 | INFO ] 🤫 Gossip finished.
[ 2026-03-22 17:21:12 | node_35 | INFO ] 🔬 Evaluating...
[ 2026-03-22 17:21:12 | node_34 | INFO ] 🔬 Evaluating...
[ 2026-03-22 17:21:12 | node_15 | INFO ] 🤫 Gossip finished.
[ 2026-03-22 17:21:12 | node_18 | INFO ] 🔬 Evaluating...
[ 2026-03-22 17:21:12 | node_28 | INFO ] 🔬 Evaluating...
[ 2026-03-22 17:21:12 | node_14 | INFO ] 🗣️ Gossiping aggregated model.
[ 2026-03-22 17:21:12 | node_15 | INFO ] 🔬 Evaluating...
[ 2026-03-22 17:21:12 | node_23 | INFO ] 🗣️ Gossiping aggregated model.
[ 2026-03-22 17:21:12 | node_49 | INFO ] 🗣️ Gossiping aggregated model.
[ 2026-03-22 17:21:12 | node_1 | INFO ] 🤫 Gossip finished.
[ 2026-03-22 17:21:12 | node_11 | INFO ] 🗣️ Gossiping aggregated model.
[ 2026-03-22 17:21:12 | node_1 | INFO ] 🔬 Evaluating...
[ 2026-03-22 17:21:12 | node_21 | INFO ] 🤫 Gossip finished.
[ 2026-03-22 17:21:12 | node_21 | INFO ] 🔬 Evaluating...
[ 2026-03-22 17:21:12 | node_10 | INFO ] 🤫 Gossip finished.
[ 2026-03-22 17:21:12 | node_10 | INFO ] 🔬 Evaluating...
[ 2026-03-22 17:21:12 | node_25 | INFO ] 🧩 Model added for round 141 (3/3) from ['node_24']
[ 2026-03-22 17:21:13 | node_25 | INFO ] 🧠 Aggregation complete. Setting new model.
[ 2026-03-22 17:21:13 | node_13 | INFO ] 🧩 Model added for round 141 (3/3) from ['node_12']
[ 2026-03-22 17:21:13 | node_24 | INFO ] 🧠 Aggregation complete. Setting new model.
[ 2026-03-22 17:21:13 | node_13 | INFO ] 🧠 Aggregation complete. Setting new model.
[ 2026-03-22 17:21:13 | node_47 | INFO ] 📤 Sending model to 2 direct neighbors: ['node_46', 'node_48']
[ 2026-03-22 17:21:13 | node_25 | INFO ] 🗣️ Gossiping aggregated model.
[ 2026-03-22 17:21:13 | node_12 | INFO ] 🧠 Aggregation complete. Setting new model.
[ 2026-03-22 17:21:13 | node_25 | INFO ] 🤫 Gossip finished.
[ 2026-03-22 17:21:13 | node_13 | INFO ] 🗣️ Gossiping aggregated model.
[ 2026-03-22 17:21:13 | node_24 | INFO ] 🗣️ Gossiping aggregated model.
[ 2026-03-22 17:21:13 | node_24 | INFO ] 🤫 Gossip finished.
[ 2026-03-22 17:21:13 | node_25 | INFO ] 🔬 Evaluating...
[ 2026-03-22 17:21:13 | node_24 | INFO ] 🔬 Evaluating...
[ 2026-03-22 17:21:13 | node_46 | INFO ] 🧩 Model added for round 140 (3/3) from ['node_47']
[ 2026-03-22 17:21:13 | node_16 | INFO ] 🤫 Gossip finished.
[ 2026-03-22 17:21:13 | node_12 | INFO ] 🗣️ Gossiping aggregated model.
[ 2026-03-22 17:21:13 | node_12 | INFO ] 🤫 Gossip finished.
[ 2026-03-22 17:21:13 | node_19 | INFO ] 🤫 Gossip finished.
[ 2026-03-22 17:21:13 | node_46 | INFO ] 🧠 Aggregation complete. Setting new model.
[ 2026-03-22 17:21:13 | node_16 | INFO ] 🔬 Evaluating...
[ 2026-03-22 17:21:14 | node_20 | INFO ] 📈 Evaluated. Results: {'test_loss': 0.0010829129023477435, 'test_accuracy': 0.9972107410430908, 'test_precision': 0.8771519660949707, 'test_recall': 0.30389514565467834, 'test_f1': 0.4223880171775818, 'communication_cost': 1457816}
[ 2026-03-22 17:21:14 | node_12 | INFO ] 🔬 Evaluating...
[ 2026-03-22 17:21:14 | node | INFO ] 🤫 Gossip finished.
[ 2026-03-22 17:21:14 | node_19 | INFO ] 🔬 Evaluating...
[ 2026-03-22 17:21:14 | node_31 | INFO ] 📤 Sending model to 2 direct neighbors: ['node_30', 'node_32']
[ 2026-03-22 17:21:14 | node_20 | INFO ] 📢 Broadcasting metrics.
[ 2026-03-22 17:21:14 | node_36 | INFO ] 🤫 Gossip finished.
[ 2026-03-22 17:21:14 | node_37 | INFO ] 📈 Evaluated. Results: {'test_loss': 0.0010841238545253873, 'test_accuracy': 0.9970307946205139, 'test_precision': 0.7305072546005249, 'test_recall': 0.37161538004875183, 'test_f1': 0.4788282513618469, 'communication_cost': 1457816}
[ 2026-03-22 17:21:14 | node | INFO ] 🔬 Evaluating...
[ 2026-03-22 17:21:14 | node_37 | INFO ] 📢 Broadcasting metrics.
[ 2026-03-22 17:21:14 | node_36 | INFO ] 🔬 Evaluating...
[ 2026-03-22 17:21:14 | node_46 | INFO ] 🗣️ Gossiping aggregated model.
[ 2026-03-22 17:21:14 | node_4 | INFO ] 📤 Sending model to 2 direct neighbors: ['node_3', 'node_5']
[ 2026-03-22 17:21:14 | node_45 | INFO ] 📤 Sending model to 2 direct neighbors: ['node_44', 'node_46']
[ 2026-03-22 17:21:14 | node_27 | INFO ] 🤫 Gossip finished.
[ 2026-03-22 17:21:14 | node_27 | INFO ] 🔬 Evaluating...
[ 2026-03-22 17:21:14 | node_17 | INFO ] 🤫 Gossip finished.
[ 2026-03-22 17:21:14 | node_17 | INFO ] 🔬 Evaluating...
[ 2026-03-22 17:21:14 | node_30 | INFO ] 🧩 Model added for round 141 (3/3) from ['node_31']
[ 2026-03-22 17:21:14 | node_3 | INFO ] 🧩 Model added for round 140 (3/3) from ['node_4']
[ 2026-03-22 17:21:14 | node_48 | INFO ] 🧩 Model added for round 140 (3/3) from ['node_47']
[ 2026-03-22 17:21:14 | node_30 | INFO ] 🧠 Aggregation complete. Setting new model.
[ 2026-03-22 17:21:14 | node_48 | INFO ] 🧠 Aggregation complete. Setting new model.
[ 2026-03-22 17:21:14 | node_3 | INFO ] 🧠 Aggregation complete. Setting new model.
[ 2026-03-22 17:21:14 | node_20 | INFO ] 🎉 Round 142 of 150 finished.
[ 2026-03-22 17:21:14 | node_44 | INFO ] 🧩 Model added for round 141 (3/3) from ['node_45']
[ 2026-03-22 17:21:14 | node_42 | INFO ] 📤 Sending model to 2 direct neighbors: ['node_41', 'node_43']
[ 2026-03-22 17:21:14 | node_44 | INFO ] 🧠 Aggregation complete. Setting new model.
[ 2026-03-22 17:21:14 | node_2 | INFO ] 🤫 Gossip finished.
[ 2026-03-22 17:21:14 | node_20 | INFO ] 🗳️ [DETERMINISTIC] Train set assigned (No Voting). Size: 50
[ 2026-03-22 17:21:14 | node_13 | INFO ] 🤫 Gossip finished.
[ 2026-03-22 17:21:14 | node_11 | INFO ] 🤫 Gossip finished.
[ 2026-03-22 17:21:14 | node_49 | INFO ] 🤫 Gossip finished.
[ 2026-03-22 17:21:15 | node_48 | INFO ] 🗣️ Gossiping aggregated model.
[ 2026-03-22 17:21:15 | node_23 | INFO ] 🤫 Gossip finished.
[ 2026-03-22 17:21:15 | node_37 | INFO ] 🎉 Round 142 of 150 finished.
[ 2026-03-22 17:21:15 | node_2 | INFO ] 🔬 Evaluating...
[ 2026-03-22 17:21:15 | node_13 | INFO ] 🔬 Evaluating...
[ 2026-03-22 17:21:15 | node_11 | INFO ] 🔬 Evaluating...
[ 2026-03-22 17:21:15 | node_30 | INFO ] 🗣️ Gossiping aggregated model.
[ 2026-03-22 17:21:15 | node_20 | INFO ] 🏋️‍♀️ Preparing training...
[ 2026-03-22 17:21:15 | node_49 | INFO ] 🔬 Evaluating...
[ 2026-03-22 17:21:15 | node_3 | INFO ] 🗣️ Gossiping aggregated model.
[ 2026-03-22 17:21:15 | node_47 | INFO ] 🧠 Aggregation complete. Setting new model.
[ 2026-03-22 17:21:15 | node_14 | INFO ] 🤫 Gossip finished.
[ 2026-03-22 17:21:15 | node_26 | INFO ] 🤫 Gossip finished.
[ 2026-03-22 17:21:15 | node_28 | INFO ] 📈 Evaluated. Results: {'test_loss': 0.0010213233763352036, 'test_accuracy': 0.9969407916069031, 'test_precision': 0.7831563949584961, 'test_recall': 0.3258664608001709, 'test_f1': 0.4513833820819855, 'communication_cost': 1457816}
[ 2026-03-22 17:21:15 | node_39 | INFO ] 📤 Sending model to 2 direct neighbors: ['node_38', 'node_40']
[ 2026-03-22 17:21:15 | node_7 | INFO ] 📤 Sending model to 2 direct neighbors: ['node_6', 'node_8']
[ 2026-03-22 17:21:15 | node_41 | INFO ] 🧩 Model added for round 142 (3/3) from ['node_42']
[ 2026-03-22 17:21:15 | node_23 | INFO ] 🔬 Evaluating...
[ 2026-03-22 17:21:15 | node_37 | INFO ] 🗳️ [DETERMINISTIC] Train set assigned (No Voting). Size: 50
[ 2026-03-22 17:21:15 | node_26 | INFO ] 🔬 Evaluating...
[ 2026-03-22 17:21:15 | node_14 | INFO ] 🔬 Evaluating...
[ 2026-03-22 17:21:15 | node_15 | INFO ] 📈 Evaluated. Results: {'test_loss': 0.0012336509535089135, 'test_accuracy': 0.9971210360527039, 'test_precision': 0.8157444596290588, 'test_recall': 0.19141273200511932, 'test_f1': 0.29834258556365967, 'communication_cost': 1457816}
[ 2026-03-22 17:21:15 | node_44 | INFO ] 🗣️ Gossiping aggregated model.
[ 2026-03-22 17:21:15 | node_35 | INFO ] 📈 Evaluated. Results: {'test_loss': 0.0010701353894546628, 'test_accuracy': 0.9973906874656677, 'test_precision': 0.921360433101654, 'test_recall': 0.2871108055114746, 'test_f1': 0.42537033557891846, 'communication_cost': 1457816}
[ 2026-03-22 17:21:15 | node_37 | INFO ] 🏋️‍♀️ Preparing training...
[ 2026-03-22 17:21:15 | node_25 | INFO ] 📈 Evaluated. Results: {'test_loss': 0.0011835668701678514, 'test_accuracy': 0.9973006844520569, 'test_precision': 0.5835282802581787, 'test_recall': 0.1882207840681076, 'test_f1': 0.28196555376052856, 'communication_cost': 1457816}
[ 2026-03-22 17:21:15 | node_18 | INFO ] 📈 Evaluated. Results: {'test_loss': 0.0012850823113694787, 'test_accuracy': 0.9968510866165161, 'test_precision': 0.8157444596290588, 'test_recall': 0.15656901895999908, 'test_f1': 0.23857079446315765, 'communication_cost': 1457816}
[ 2026-03-22 17:21:15 | node_34 | INFO ] 📈 Evaluated. Results: {'test_loss': 0.0011420482769608498, 'test_accuracy': 0.9973906874656677, 'test_precision': 0.5528162717819214, 'test_recall': 0.1883220225572586, 'test_f1': 0.2791782319545746, 'communication_cost': 1457816}
[ 2026-03-22 17:21:15 | node_28 | INFO ] 📢 Broadcasting metrics.
[ 2026-03-22 17:21:15 | node_35 | INFO ] 📢 Broadcasting metrics.
[ 2026-03-22 17:21:15 | node_43 | INFO ] 🤫 Gossip finished.
[ 2026-03-22 17:21:15 | node_15 | INFO ] 📢 Broadcasting metrics.
[ 2026-03-22 17:21:15 | node_47 | INFO ] 🗣️ Gossiping aggregated model.
[ 2026-03-22 17:21:15 | node_43 | INFO ] 🔬 Evaluating...
[ 2026-03-22 17:21:15 | node_18 | INFO ] 📢 Broadcasting metrics.
[ 2026-03-22 17:21:15 | node_25 | INFO ] 📢 Broadcasting metrics.
[ 2026-03-22 17:21:15 | node_32 | INFO ] 🧩 Model added for round 141 (3/3) from ['node_31']
[ 2026-03-22 17:21:15 | node_24 | INFO ] 📈 Evaluated. Results: {'test_loss': 0.0009893374517560005, 'test_accuracy': 0.9972107410430908, 'test_precision': 0.8157278895378113, 'test_recall': 0.2261512130498886, 'test_f1': 0.344655841588974, 'communication_cost': 1457816}
[ 2026-03-22 17:21:15 | node_21 | INFO ] 📈 Evaluated. Results: {'test_loss': 0.0012821132550016046, 'test_accuracy': 0.9962210059165955, 'test_precision': 0.8292244076728821, 'test_recall': 0.1750584840774536, 'test_f1': 0.2814350426197052, 'communication_cost': 1457816}
[ 2026-03-22 17:21:15 | node_34 | INFO ] 📢 Broadcasting metrics.
[ 2026-03-22 17:21:15 | node_1 | INFO ] 📈 Evaluated. Results: {'test_loss': 0.0013041135389357805, 'test_accuracy': 0.9971210360527039, 'test_precision': 0.6448943018913269, 'test_recall': 0.161735400557518, 'test_f1': 0.2512575089931488, 'communication_cost': 1457816}
[ 2026-03-22 17:21:15 | node_5 | INFO ] 🧩 Model added for round 140 (3/3) from ['node_4']
[ 2026-03-22 17:21:15 | node_24 | INFO ] 📢 Broadcasting metrics.
[ 2026-03-22 17:21:16 | node_1 | INFO ] 📢 Broadcasting metrics.
[ 2026-03-22 17:21:16 | node_21 | INFO ] 📢 Broadcasting metrics.
[ 2026-03-22 17:21:16 | node_38 | INFO ] 🧩 Model added for round 142 (1/3) from ['node_39']
[ 2026-03-22 17:21:16 | node_31 | INFO ] 🧠 Aggregation complete. Setting new model.
[ 2026-03-22 17:21:16 | node_41 | INFO ] 🧠 Aggregation complete. Setting new model.
[ 2026-03-22 17:21:16 | node_32 | INFO ] 🧠 Aggregation complete. Setting new model.
[ 2026-03-22 17:21:16 | node_5 | INFO ] 🧠 Aggregation complete. Setting new model.
[ 2026-03-22 17:21:16 | node_29 | INFO ] 🤫 Gossip finished.
[ 2026-03-22 17:21:16 | node_46 | INFO ] 🤫 Gossip finished.
[ 2026-03-22 17:21:16 | node_29 | INFO ] 🔬 Evaluating...
[ 2026-03-22 17:21:16 | node_4 | INFO ] 🧠 Aggregation complete. Setting new model.
[ 2026-03-22 17:21:16 | node_8 | INFO ] 🧩 Model added for round 141 (3/3) from ['node_7']
[ 2026-03-22 17:21:16 | node_46 | INFO ] 🔬 Evaluating...
[ 2026-03-22 17:21:16 | node_8 | INFO ] 🧠 Aggregation complete. Setting new model.
[ 2026-03-22 17:21:16 | node_41 | INFO ] 🗣️ Gossiping aggregated model.
[ 2026-03-22 17:21:16 | node_31 | INFO ] 🗣️ Gossiping aggregated model.
[ 2026-03-22 17:21:16 | node_5 | INFO ] 🗣️ Gossiping aggregated model.
[ 2026-03-22 17:21:16 | node_32 | INFO ] 🗣️ Gossiping aggregated model.
[ 2026-03-22 17:21:16 | node_31 | INFO ] 🤫 Gossip finished.
[ 2026-03-22 17:21:16 | node_18 | INFO ] 🎉 Round 142 of 150 finished.
[ 2026-03-22 17:21:16 | node_32 | INFO ] 🤫 Gossip finished.
[ 2026-03-22 17:21:16 | node_15 | INFO ] 🎉 Round 142 of 150 finished.
[ 2026-03-22 17:21:16 | node_28 | INFO ] 🎉 Round 142 of 150 finished.
[ 2026-03-22 17:21:16 | node_10 | INFO ] 📈 Evaluated. Results: {'test_loss': 0.0013054927112534642, 'test_accuracy': 0.997031033039093, 'test_precision': 0.5527665615081787, 'test_recall': 0.10850602388381958, 'test_f1': 0.18106494843959808, 'communication_cost': 1457816}
[ 2026-03-22 17:21:16 | node_48 | INFO ] 🤫 Gossip finished.
[ 2026-03-22 17:21:16 | node_32 | INFO ] 🔬 Evaluating...
[ 2026-03-22 17:21:16 | node_31 | INFO ] 🔬 Evaluating...
[ 2026-03-22 17:21:16 | node_18 | INFO ] 🗳️ [DETERMINISTIC] Train set assigned (No Voting). Size: 50
[ 2026-03-22 17:21:16 | node_35 | INFO ] 🎉 Round 142 of 150 finished.
[ 2026-03-22 17:21:16 | node_10 | INFO ] 📢 Broadcasting metrics.
[ 2026-03-22 17:21:16 | node_15 | INFO ] 🗳️ [DETERMINISTIC] Train set assigned (No Voting). Size: 50
[ 2026-03-22 17:21:16 | node_28 | INFO ] 🗳️ [DETERMINISTIC] Train set assigned (No Voting). Size: 50
[ 2026-03-22 17:21:16 | node_4 | INFO ] 🗣️ Gossiping aggregated model.
[ 2026-03-22 17:21:17 | node_40 | INFO ] 🧩 Model added for round 142 (3/3) from ['node_39']
[ 2026-03-22 17:21:17 | node_4 | INFO ] 🤫 Gossip finished.
[ 2026-03-22 17:21:17 | node_25 | INFO ] 🎉 Round 142 of 150 finished.
[ 2026-03-22 17:21:17 | node_40 | INFO ] 🧠 Aggregation complete. Setting new model.
[ 2026-03-22 17:21:17 | node_48 | INFO ] 🔬 Evaluating...
[ 2026-03-22 17:21:17 | node_35 | INFO ] 🗳️ [DETERMINISTIC] Train set assigned (No Voting). Size: 50
[ 2026-03-22 17:21:17 | node_9 | INFO ] 🤫 Gossip finished.
[ 2026-03-22 17:21:17 | node_15 | INFO ] 🏋️‍♀️ Preparing training...
[ 2026-03-22 17:21:17 | node_28 | INFO ] 🏋️‍♀️ Preparing training...
[ 2026-03-22 17:21:17 | node_4 | INFO ] 🔬 Evaluating...
[ 2026-03-22 17:21:17 | node_8 | INFO ] 🗣️ Gossiping aggregated model.
[ 2026-03-22 17:21:17 | node_18 | INFO ] 🏋️‍♀️ Preparing training...
[ 2026-03-22 17:21:17 | node_25 | INFO ] 🗳️ [DETERMINISTIC] Train set assigned (No Voting). Size: 50
[ 2026-03-22 17:21:17 | node_9 | INFO ] 🔬 Evaluating...
[ 2026-03-22 17:21:17 | node_35 | INFO ] 🏋️‍♀️ Preparing training...
[ 2026-03-22 17:21:17 | node_17 | INFO ] 📈 Evaluated. Results: {'test_loss': 0.0014076514635235071, 'test_accuracy': 0.9964912533760071, 'test_precision': 0.4472334682941437, 'test_recall': 0.11593494564294815, 'test_f1': 0.17751216888427734, 'communication_cost': 1457816}
[ 2026-03-22 17:21:17 | node_24 | INFO ] 🎉 Round 142 of 150 finished.
[ 2026-03-22 17:21:17 | node_25 | INFO ] 🏋️‍♀️ Preparing training...
[ 2026-03-22 17:21:17 | node_34 | INFO ] 🎉 Round 142 of 150 finished.
[ 2026-03-22 17:21:17 | node_40 | INFO ] 🗣️ Gossiping aggregated model.
[ 2026-03-22 17:21:17 | node_17 | INFO ] 📢 Broadcasting metrics.
[ 2026-03-22 17:21:17 | node_19 | INFO ] 📈 Evaluated. Results: {'test_loss': 0.0011771845165640116, 'test_accuracy': 0.9970307946205139, 'test_precision': 0.8157278895378113, 'test_recall': 0.24746760725975037, 'test_f1': 0.3712017834186554, 'communication_cost': 1457816}
[ 2026-03-22 17:21:17 | node_24 | INFO ] 🗳️ [DETERMINISTIC] Train set assigned (No Voting). Size: 50
[ 2026-03-22 17:21:17 | node_21 | INFO ] 🎉 Round 142 of 150 finished.
[ 2026-03-22 17:21:17 | node_1 | INFO ] 🎉 Round 141 of 150 finished.
[ 2026-03-22 17:21:17 | node_19 | INFO ] 📢 Broadcasting metrics.
[ 2026-03-22 17:21:17 | node_34 | INFO ] 🗳️ [DETERMINISTIC] Train set assigned (No Voting). Size: 50
[ 2026-03-22 17:21:17 | node_36 | INFO ] 📈 Evaluated. Results: {'test_loss': 0.0015094702830538154, 'test_accuracy': 0.9964009523391724, 'test_precision': 0.6756643652915955, 'test_recall': 0.16379740834236145, 'test_f1': 0.26140496134757996, 'communication_cost': 1457816}
[ 2026-03-22 17:21:17 | node_16 | INFO ] 📈 Evaluated. Results: {'test_loss': 0.0011330629931762815, 'test_accuracy': 0.99676114320755, 'test_precision': 0.6756035685539246, 'test_recall': 0.1535462588071823, 'test_f1': 0.2440224289894104, 'communication_cost': 1457816}
[ 2026-03-22 17:21:17 | node_21 | INFO ] 🗳️ [DETERMINISTIC] Train set assigned (No Voting). Size: 50
[ 2026-03-22 17:21:17 | node_1 | INFO ] 🗳️ [DETERMINISTIC] Train set assigned (No Voting). Size: 50
[ 2026-03-22 17:21:17 | node_36 | INFO ] 📢 Broadcasting metrics.
[ 2026-03-22 17:21:17 | node_16 | INFO ] 📢 Broadcasting metrics.
[ 2026-03-22 17:21:18 | node_24 | INFO ] 🏋️‍♀️ Preparing training...
[ 2026-03-22 17:21:18 | node_34 | INFO ] 🏋️‍♀️ Preparing training...
[ 2026-03-22 17:21:18 | node_1 | INFO ] 🏋️‍♀️ Preparing training...
[ 2026-03-22 17:21:18 | node_21 | INFO ] 🏋️‍♀️ Preparing training...
[ 2026-03-22 17:21:18 | node | INFO ] 📈 Evaluated. Results: {'test_loss': 0.0013720112619921565, 'test_accuracy': 0.9965811967849731, 'test_precision': 0.8464537858963013, 'test_recall': 0.2499065399169922, 'test_f1': 0.38029834628105164, 'communication_cost': 1457816}
[ 2026-03-22 17:21:18 | node_33 | INFO ] 🤫 Gossip finished.
[ 2026-03-22 17:21:18 | node | INFO ] 📢 Broadcasting metrics.
[ 2026-03-22 17:21:18 | node_12 | INFO ] 📈 Evaluated. Results: {'test_loss': 0.001177580445073545, 'test_accuracy': 0.996941089630127, 'test_precision': 0.7001709342002869, 'test_recall': 0.18681462109088898, 'test_f1': 0.286783903837204, 'communication_cost': 1457816}
[ 2026-03-22 17:21:18 | node_33 | INFO ] 🔬 Evaluating...
[ 2026-03-22 17:21:18 | node_12 | INFO ] 📢 Broadcasting metrics.
[ 2026-03-22 17:21:18 | node_10 | INFO ] 🎉 Round 142 of 150 finished.
[ 2026-03-22 17:21:18 | node_5 | INFO ] 🤫 Gossip finished.
[ 2026-03-22 17:21:18 | node_10 | INFO ] 🗳️ [DETERMINISTIC] Train set assigned (No Voting). Size: 50
[ 2026-03-22 17:21:18 | node_5 | INFO ] 🔬 Evaluating...
[ 2026-03-22 17:21:18 | node_10 | INFO ] 🏋️‍♀️ Preparing training...
[ 2026-03-22 17:21:18 | node_14 | INFO ] 📈 Evaluated. Results: {'test_loss': 0.0012937040301039815, 'test_accuracy': 0.9968510866165161, 'test_precision': 0.9212775826454163, 'test_recall': 0.20145800709724426, 'test_f1': 0.3198149502277374, 'communication_cost': 1457816}
[ 2026-03-22 17:21:18 | node_27 | INFO ] 📈 Evaluated. Results: {'test_loss': 0.0013587415451183915, 'test_accuracy': 0.9966708421707153, 'test_precision': 0.6314558386802673, 'test_recall': 0.14978978037834167, 'test_f1': 0.23033694922924042, 'communication_cost': 1457816}
[ 2026-03-22 17:21:18 | node_17 | INFO ] 🎉 Round 142 of 150 finished.
[ 2026-03-22 17:21:18 | node_14 | INFO ] 📢 Broadcasting metrics.
[ 2026-03-22 17:21:18 | node_27 | INFO ] 📢 Broadcasting metrics.
[ 2026-03-22 17:21:18 | node_19 | INFO ] 🎉 Round 142 of 150 finished.
[ 2026-03-22 17:21:19 | node_17 | INFO ] 🗳️ [DETERMINISTIC] Train set assigned (No Voting). Size: 50
[ 2026-03-22 17:21:19 | node_19 | INFO ] 🗳️ [DETERMINISTIC] Train set assigned (No Voting). Size: 50
[ 2026-03-22 17:21:19 | node_36 | INFO ] 🎉 Round 142 of 150 finished.
[ 2026-03-22 17:21:19 | node_16 | INFO ] 🎉 Round 142 of 150 finished.
[ 2026-03-22 17:21:19 | node_11 | INFO ] 📈 Evaluated. Results: {'test_loss': 0.0012296208878979087, 'test_accuracy': 0.9968510866165161, 'test_precision': 0.6448943018913269, 'test_recall': 0.18425551056861877, 'test_f1': 0.2824576199054718, 'communication_cost': 1457816}
[ 2026-03-22 17:21:19 | node_17 | INFO ] 🏋️‍♀️ Preparing training...
[ 2026-03-22 17:21:19 | node_11 | INFO ] 📢 Broadcasting metrics.
[ 2026-03-22 17:21:19 | node_36 | INFO ] 🗳️ [DETERMINISTIC] Train set assigned (No Voting). Size: 50
[ 2026-03-22 17:21:19 | node_16 | INFO ] 🗳️ [DETERMINISTIC] Train set assigned (No Voting). Size: 50
[ 2026-03-22 17:21:19 | node_19 | INFO ] 🏋️‍♀️ Preparing training...
[ 2026-03-22 17:21:19 | node_16 | INFO ] 🏋️‍♀️ Preparing training...
[ 2026-03-22 17:21:19 | node | INFO ] 🎉 Round 141 of 150 finished.
[ 2026-03-22 17:21:19 | node_36 | INFO ] 🏋️‍♀️ Preparing training...
[ 2026-03-22 17:21:19 | node_49 | INFO ] 📈 Evaluated. Results: {'test_loss': 0.0015041547594591975, 'test_accuracy': 0.9969407916069031, 'test_precision': 0.6756643652915955, 'test_recall': 0.18334141373634338, 'test_f1': 0.28669866919517517, 'communication_cost': 1457816}
[ 2026-03-22 17:21:19 | node | INFO ] 🗳️ [DETERMINISTIC] Train set assigned (No Voting). Size: 50
[ 2026-03-22 17:21:19 | node_2 | INFO ] 📈 Evaluated. Results: {'test_loss': 0.0012386899907141924, 'test_accuracy': 0.99676114320755, 'test_precision': 0.4913480281829834, 'test_recall': 0.15748333930969238, 'test_f1': 0.21935181319713593, 'communication_cost': 1457816}
[ 2026-03-22 17:21:19 | node_12 | INFO ] 🎉 Round 142 of 150 finished.
[ 2026-03-22 17:21:19 | node_49 | INFO ] 📢 Broadcasting metrics.
[ 2026-03-22 17:21:19 | node_2 | INFO ] 📢 Broadcasting metrics.
[ 2026-03-22 17:21:19 | node_12 | INFO ] 🗳️ [DETERMINISTIC] Train set assigned (No Voting). Size: 50
[ 2026-03-22 17:21:19 | node | INFO ] 🏋️‍♀️ Preparing training...
[ 2026-03-22 17:21:19 | node_26 | INFO ] 📈 Evaluated. Results: {'test_loss': 0.0011420318624004722, 'test_accuracy': 0.9970307946205139, 'test_precision': 0.7370883822441101, 'test_recall': 0.1750584840774536, 'test_f1': 0.2816055715084076, 'communication_cost': 1457816}
[ 2026-03-22 17:21:19 | node_26 | INFO ] 📢 Broadcasting metrics.
[ 2026-03-22 17:21:19 | node_12 | INFO ] 🏋️‍♀️ Preparing training...
[ 2026-03-22 17:21:19 | node_23 | INFO ] 📈 Evaluated. Results: {'test_loss': 0.0013882850762456656, 'test_accuracy': 0.9964908957481384, 'test_precision': 0.7235918641090393, 'test_recall': 0.22660906612873077, 'test_f1': 0.3401757478713989, 'communication_cost': 1457816}
[ 2026-03-22 17:21:19 | node_23 | INFO ] 📢 Broadcasting metrics.
[ 2026-03-22 17:21:19 | node_14 | INFO ] 🎉 Round 142 of 150 finished.
[ 2026-03-22 17:21:20 | node_27 | INFO ] 🎉 Round 142 of 150 finished.
[ 2026-03-22 17:21:20 | node_13 | INFO ] 📈 Evaluated. Results: {'test_loss': 0.001136851031333208, 'test_accuracy': 0.997300922870636, 'test_precision': 0.8157444596290588, 'test_recall': 0.3168819546699524, 'test_f1': 0.4384689927101135, 'communication_cost': 1457816}
[ 2026-03-22 17:21:20 | node_14 | INFO ] 🗳️ [DETERMINISTIC] Train set assigned (No Voting). Size: 50
[ 2026-03-22 17:21:20 | node_13 | INFO ] 📢 Broadcasting metrics.
[ 2026-03-22 17:21:20 | node_27 | INFO ] 🗳️ [DETERMINISTIC] Train set assigned (No Voting). Size: 50
[ 2026-03-22 17:21:20 | node_11 | INFO ] 🎉 Round 142 of 150 finished.
[ 2026-03-22 17:21:20 | node_14 | INFO ] 🏋️‍♀️ Preparing training...
[ 2026-03-22 17:21:20 | node_27 | INFO ] 🏋️‍♀️ Preparing training...
[ 2026-03-22 17:21:20 | node_4 | INFO ] 📈 Evaluated. Results: {'test_loss': 0.0013013767311349511, 'test_accuracy': 0.9966711401939392, 'test_precision': 0.9692906737327576, 'test_recall': 0.32063087821006775, 'test_f1': 0.4747413098812103, 'communication_cost': 1457816}
[ 2026-03-22 17:21:20 | node_11 | INFO ] 🗳️ [DETERMINISTIC] Train set assigned (No Voting). Size: 50
[ 2026-03-22 17:21:20 | node_46 | INFO ] 📈 Evaluated. Results: {'test_loss': 0.0015002891886979342, 'test_accuracy': 0.9964009523391724, 'test_precision': 0.8157278895378113, 'test_recall': 0.14955082535743713, 'test_f1': 0.23944632709026337, 'communication_cost': 1457816}
[ 2026-03-22 17:21:20 | node_31 | INFO ] 📈 Evaluated. Results: {'test_loss': 0.0010001215850934386, 'test_accuracy': 0.9976606369018555, 'test_precision': 0.6314558386802673, 'test_recall': 0.21345479786396027, 'test_f1': 0.31159868836402893, 'communication_cost': 1457816}
[ 2026-03-22 17:21:20 | node_4 | INFO ] 📢 Broadcasting metrics.
[ 2026-03-22 17:21:20 | node_46 | INFO ] 📢 Broadcasting metrics.
[ 2026-03-22 17:21:20 | node_38 | INFO ] 🎓 Training step done.
[ 2026-03-22 17:21:20 | node_31 | INFO ] 📢 Broadcasting metrics.
[ 2026-03-22 17:21:20 | node_38 | INFO ] 🛠️ Calling force_add_local_model...
[ 2026-03-22 17:21:20 | node_11 | INFO ] 🏋️‍♀️ Preparing training...
[ 2026-03-22 17:21:20 | node_38 | INFO ] ✅ [FORCE] Local model added for round 142. (2/3)
[ 2026-03-22 17:21:20 | node_49 | INFO ] 🎉 Round 141 of 150 finished.
[ 2026-03-22 17:21:20 | node_2 | INFO ] 🎉 Round 141 of 150 finished.
[ 2026-03-22 17:21:20 | node_49 | INFO ] 🗳️ [DETERMINISTIC] Train set assigned (No Voting). Size: 50
[ 2026-03-22 17:21:20 | node_48 | INFO ] 📈 Evaluated. Results: {'test_loss': 0.0015444656601175666, 'test_accuracy': 0.9966708421707153, 'test_precision': 0.8292244076728821, 'test_recall': 0.22726891934871674, 'test_f1': 0.3457295596599579, 'communication_cost': 1457816}
[ 2026-03-22 17:21:21 | node_2 | INFO ] 🗳️ [DETERMINISTIC] Train set assigned (No Voting). Size: 50
[ 2026-03-22 17:21:21 | node_48 | INFO ] 📢 Broadcasting metrics.
[ 2026-03-22 17:21:21 | node_29 | INFO ] 📈 Evaluated. Results: {'test_loss': 0.0012778298696503043, 'test_accuracy': 0.9964009523391724, 'test_precision': 0.7616579532623291, 'test_recall': 0.35205668210983276, 'test_f1': 0.4614677429199219, 'communication_cost': 1457816}
[ 2026-03-22 17:21:21 | node_49 | INFO ] 🏋️‍♀️ Preparing training...
[ 2026-03-22 17:21:21 | node_29 | INFO ] 📢 Broadcasting metrics.
[ 2026-03-22 17:21:21 | node_26 | INFO ] 🎉 Round 142 of 150 finished.
[ 2026-03-22 17:21:21 | node_2 | INFO ] 🏋️‍♀️ Preparing training...
[ 2026-03-22 17:21:21 | node_23 | INFO ] 🎉 Round 142 of 150 finished.
[ 2026-03-22 17:21:21 | node_26 | INFO ] 🗳️ [DETERMINISTIC] Train set assigned (No Voting). Size: 50
[ 2026-03-22 17:21:21 | node_23 | INFO ] 🗳️ [DETERMINISTIC] Train set assigned (No Voting). Size: 50
[ 2026-03-22 17:21:21 | node_13 | INFO ] 🎉 Round 142 of 150 finished.
[ 2026-03-22 17:21:21 | node_43 | INFO ] 📈 Evaluated. Results: {'test_loss': 0.001462774584069848, 'test_accuracy': 0.9963109493255615, 'test_precision': 0.7370883822441101, 'test_recall': 0.0915510505437851, 'test_f1': 0.1624944806098938, 'communication_cost': 1457816}
[ 2026-03-22 17:21:21 | node_26 | INFO ] 🏋️‍♀️ Preparing training...
[ 2026-03-22 17:21:21 | node_23 | INFO ] 🏋️‍♀️ Preparing training...
[ 2026-03-22 17:21:21 | node_13 | INFO ] 🗳️ [DETERMINISTIC] Train set assigned (No Voting). Size: 50
[ 2026-03-22 17:21:21 | node_43 | INFO ] 📢 Broadcasting metrics.
[ 2026-03-22 17:21:21 | node_4 | INFO ] 🎉 Round 141 of 150 finished.
[ 2026-03-22 17:21:21 | node_4 | INFO ] 🗳️ [DETERMINISTIC] Train set assigned (No Voting). Size: 50
[ 2026-03-22 17:21:21 | node_46 | INFO ] 🎉 Round 141 of 150 finished.
[ 2026-03-22 17:21:21 | node_13 | INFO ] 🏋️‍♀️ Preparing training...
[ 2026-03-22 17:21:21 | node_31 | INFO ] 🎉 Round 142 of 150 finished.
[ 2026-03-22 17:21:21 | node_46 | INFO ] 🗳️ [DETERMINISTIC] Train set assigned (No Voting). Size: 50
[ 2026-03-22 17:21:21 | node_31 | INFO ] 🗳️ [DETERMINISTIC] Train set assigned (No Voting). Size: 50
[ 2026-03-22 17:21:21 | node_4 | INFO ] 🏋️‍♀️ Preparing training...
[ 2026-03-22 17:21:21 | node_46 | INFO ] ♻️ Proactively processing 1 early models for round 141.
[ 2026-03-22 17:21:21 | node_31 | INFO ] 🏋️‍♀️ Preparing training...
[ 2026-03-22 17:21:21 | node_9 | INFO ] 📈 Evaluated. Results: {'test_loss': 0.0012148405658081174, 'test_accuracy': 0.997031033039093, 'test_precision': 0.8291497826576233, 'test_recall': 0.24186065793037415, 'test_f1': 0.3644164800643921, 'communication_cost': 1457816}
[ 2026-03-22 17:21:21 | node_48 | INFO ] 🎉 Round 141 of 150 finished.
[ 2026-03-22 17:21:21 | node_46 | INFO ] 🧩 Model added for round 141 (1/3) from ['node_45']
[ 2026-03-22 17:21:21 | node_20 | INFO ] 🎓 Training step done.
[ 2026-03-22 17:21:21 | node_9 | INFO ] 📢 Broadcasting metrics.
[ 2026-03-22 17:21:21 | node_46 | INFO ] 🏋️‍♀️ Preparing training...
[ 2026-03-22 17:21:21 | node_20 | INFO ] 🛠️ Calling force_add_local_model...
[ 2026-03-22 17:21:21 | node_29 | INFO ] 🎉 Round 142 of 150 finished.
[ 2026-03-22 17:21:22 | node_20 | INFO ] ✅ [FORCE] Local model added for round 142. (1/3)
[ 2026-03-22 17:21:22 | node_48 | INFO ] 🗳️ [DETERMINISTIC] Train set assigned (No Voting). Size: 50
[ 2026-03-22 17:21:22 | node_29 | INFO ] 🗳️ [DETERMINISTIC] Train set assigned (No Voting). Size: 50
[ 2026-03-22 17:21:22 | node_48 | INFO ] 🏋️‍♀️ Preparing training...
[ 2026-03-22 17:21:22 | node_5 | INFO ] 📈 Evaluated. Results: {'test_loss': 0.0014888620935380459, 'test_accuracy': 0.9964912533760071, 'test_precision': 0.6448943018913269, 'test_recall': 0.16012682020664215, 'test_f1': 0.2518158555030823, 'communication_cost': 1457816}
[ 2026-03-22 17:21:22 | node_43 | INFO ] 🎉 Round 142 of 150 finished.
[ 2026-03-22 17:21:22 | node_29 | INFO ] 🏋️‍♀️ Preparing training...
[ 2026-03-22 17:21:22 | node_5 | INFO ] 📢 Broadcasting metrics.
[ 2026-03-22 17:21:22 | node_43 | INFO ] 🗳️ [DETERMINISTIC] Train set assigned (No Voting). Size: 50
[ 2026-03-22 17:21:22 | node_33 | INFO ] 📈 Evaluated. Results: {'test_loss': 0.0016701978165656328, 'test_accuracy': 0.9961310029029846, 'test_precision': 0.460680216550827, 'test_recall': 0.0742207020521164, 'test_f1': 0.1263580024242401, 'communication_cost': 1457816}
[ 2026-03-22 17:21:22 | node_43 | INFO ] ♻️ Proactively processing 1 early models for round 142.
[ 2026-03-22 17:21:22 | node_33 | INFO ] 📢 Broadcasting metrics.
[ 2026-03-22 17:21:22 | node_43 | INFO ] 🧩 Model added for round 142 (1/3) from ['node_42']
[ 2026-03-22 17:21:22 | node_43 | INFO ] 🏋️‍♀️ Preparing training...
[ 2026-03-22 17:21:22 | node_32 | INFO ] 📈 Evaluated. Results: {'test_loss': 0.001055808737874031, 'test_accuracy': 0.9969407916069031, 'test_precision': 0.8292244076728821, 'test_recall': 0.30520766973495483, 'test_f1': 0.4247564971446991, 'communication_cost': 1457816}
[ 2026-03-22 17:21:22 | node_32 | INFO ] 📢 Broadcasting metrics.
[ 2026-03-22 17:21:22 | node_9 | INFO ] 🎉 Round 142 of 150 finished.
[ 2026-03-22 17:21:22 | node_9 | INFO ] 🗳️ [DETERMINISTIC] Train set assigned (No Voting). Size: 50
[ 2026-03-22 17:21:22 | node_9 | INFO ] 🏋️‍♀️ Preparing training...
[ 2026-03-22 17:21:22 | node_5 | INFO ] 🎉 Round 141 of 150 finished.
[ 2026-03-22 17:21:23 | node_5 | INFO ] 🗳️ [DETERMINISTIC] Train set assigned (No Voting). Size: 50
[ 2026-03-22 17:21:23 | node_33 | INFO ] 🎉 Round 142 of 150 finished.
[ 2026-03-22 17:21:23 | node_5 | INFO ] 🏋️‍♀️ Preparing training...
[ 2026-03-22 17:21:23 | node_33 | INFO ] 🗳️ [DETERMINISTIC] Train set assigned (No Voting). Size: 50
[ 2026-03-22 17:21:23 | node_33 | INFO ] 🏋️‍♀️ Preparing training...
[ 2026-03-22 17:21:23 | node_32 | INFO ] 🎉 Round 142 of 150 finished.
[ 2026-03-22 17:21:23 | node_32 | INFO ] 🗳️ [DETERMINISTIC] Train set assigned (No Voting). Size: 50
[ 2026-03-22 17:21:23 | node_32 | INFO ] 🏋️‍♀️ Preparing training...
[ 2026-03-22 17:21:24 | node_28 | INFO ] 🎓 Training step done.
[ 2026-03-22 17:21:24 | node_28 | INFO ] 🛠️ Calling force_add_local_model...
[ 2026-03-22 17:21:24 | node_28 | INFO ] ✅ [FORCE] Local model added for round 142. (1/3)
[ 2026-03-22 17:21:25 | node_18 | INFO ] 🎓 Training step done.
[ 2026-03-22 17:21:25 | node_18 | INFO ] 🛠️ Calling force_add_local_model...
[ 2026-03-22 17:21:25 | node_18 | INFO ] ✅ [FORCE] Local model added for round 142. (1/3)
[ 2026-03-22 17:21:25 | node_38 | INFO ] 📤 Sending model to 2 direct neighbors: ['node_37', 'node_39']
[ 2026-03-22 17:21:25 | node_37 | INFO ] 🧩 Model added for round 142 (1/3) from ['node_38']
[ 2026-03-22 17:21:26 | node_39 | INFO ] 🧩 Model added for round 142 (3/3) from ['node_38']
[ 2026-03-22 17:21:26 | node_39 | INFO ] 🧠 Aggregation complete. Setting new model.
[ 2026-03-22 17:21:26 | node_6 | INFO ] ⏹️  Gossiping exited for 10 equal rounds.
[ 2026-03-22 17:21:26 | node_39 | INFO ] 🗣️ Gossiping aggregated model.
[ 2026-03-22 17:21:26 | node_6 | INFO ] 🔬 Evaluating...
[ 2026-03-22 17:21:26 | node | INFO ] 🎓 Training step done.
[ 2026-03-22 17:21:26 | node | INFO ] 🛠️ Calling force_add_local_model...
[ 2026-03-22 17:21:26 | node | INFO ] ✅ [FORCE] Local model added for round 141. (1/3)
[ 2026-03-22 17:21:27 | node_20 | INFO ] 📤 Sending model to 2 direct neighbors: ['node_19', 'node_21']
[ 2026-03-22 17:21:27 | node_19 | INFO ] 🧩 Model added for round 142 (1/3) from ['node_20']
[ 2026-03-22 17:21:27 | node_21 | INFO ] 🧩 Model added for round 142 (1/3) from ['node_20']
[ 2026-03-22 17:21:27 | node_40 | INFO ] 🤫 Gossip finished.
[ 2026-03-22 17:21:27 | node_24 | INFO ] 🎓 Training step done.
[ 2026-03-22 17:21:27 | node_21 | INFO ] 🎓 Training step done.
[ 2026-03-22 17:21:27 | node_24 | INFO ] 🛠️ Calling force_add_local_model...
[ 2026-03-22 17:21:27 | node_40 | INFO ] 🔬 Evaluating...
[ 2026-03-22 17:21:27 | node_21 | INFO ] 🛠️ Calling force_add_local_model...
[ 2026-03-22 17:21:27 | node_35 | INFO ] 🎓 Training step done.
[ 2026-03-22 17:21:27 | node_21 | INFO ] ✅ [FORCE] Local model added for round 142. (2/3)
[ 2026-03-22 17:21:27 | node_24 | INFO ] ✅ [FORCE] Local model added for round 142. (1/3)
[ 2026-03-22 17:21:27 | node_17 | INFO ] 🎓 Training step done.
[ 2026-03-22 17:21:27 | node_35 | INFO ] 🛠️ Calling force_add_local_model...
[ 2026-03-22 17:21:27 | node_17 | INFO ] 🛠️ Calling force_add_local_model...
[ 2026-03-22 17:21:27 | node_35 | INFO ] ✅ [FORCE] Local model added for round 142. (1/3)
[ 2026-03-22 17:21:27 | node_17 | INFO ] ✅ [FORCE] Local model added for round 142. (1/3)
[ 2026-03-22 17:21:27 | node_15 | INFO ] 🎓 Training step done.
[ 2026-03-22 17:21:27 | node_15 | INFO ] 🛠️ Calling force_add_local_model...
[ 2026-03-22 17:21:27 | node_15 | INFO ] ✅ [FORCE] Local model added for round 142. (1/3)
[ 2026-03-22 17:21:28 | node_37 | INFO ] 🎓 Training step done.
[ 2026-03-22 17:21:28 | node_37 | INFO ] 🛠️ Calling force_add_local_model...
[ 2026-03-22 17:21:28 | node_37 | INFO ] ✅ [FORCE] Local model added for round 142. (2/3)
[ 2026-03-22 17:21:28 | node_13 | INFO ] 🎓 Training step done.
[ 2026-03-22 17:21:28 | node_49 | INFO ] 🎓 Training step done.
[ 2026-03-22 17:21:28 | node_13 | INFO ] 🛠️ Calling force_add_local_model...
[ 2026-03-22 17:21:28 | node_49 | INFO ] 🛠️ Calling force_add_local_model...
[ 2026-03-22 17:21:28 | node_13 | INFO ] ✅ [FORCE] Local model added for round 142. (1/3)
[ 2026-03-22 17:21:28 | node_49 | INFO ] ✅ [FORCE] Local model added for round 141. (1/3)
[ 2026-03-22 17:21:28 | node_36 | INFO ] 🎓 Training step done.
[ 2026-03-22 17:21:28 | node_36 | INFO ] 🛠️ Calling force_add_local_model...
[ 2026-03-22 17:21:28 | node_36 | INFO ] ✅ [FORCE] Local model added for round 142. (1/3)
[ 2026-03-22 17:21:29 | node_22 | INFO ] ⏹️  Gossiping exited for 10 equal rounds.
[ 2026-03-22 17:21:29 | node_19 | INFO ] 🎓 Training step done.
[ 2026-03-22 17:21:29 | node_19 | INFO ] 🛠️ Calling force_add_local_model...
[ 2026-03-22 17:21:29 | node_22 | INFO ] 🔬 Evaluating...
[ 2026-03-22 17:21:29 | node_19 | INFO ] ✅ [FORCE] Local model added for round 142. (2/3)
[ 2026-03-22 17:21:29 | node_28 | INFO ] 📤 Sending model to 2 direct neighbors: ['node_27', 'node_29']
[ 2026-03-22 17:21:29 | node_31 | INFO ] 🎓 Training step done.
[ 2026-03-22 17:21:29 | node_31 | INFO ] 🛠️ Calling force_add_local_model...
[ 2026-03-22 17:21:29 | node_31 | INFO ] ✅ [FORCE] Local model added for round 142. (1/3)
[ 2026-03-22 17:21:29 | node_27 | INFO ] 🧩 Model added for round 142 (1/3) from ['node_28']
[ 2026-03-22 17:21:29 | node_1 | INFO ] 🎓 Training step done.
[ 2026-03-22 17:21:29 | node_1 | INFO ] 🛠️ Calling force_add_local_model...
[ 2026-03-22 17:21:29 | node_1 | INFO ] ✅ [FORCE] Local model added for round 141. (1/3)
[ 2026-03-22 17:21:29 | node_29 | INFO ] 🧩 Model added for round 142 (1/3) from ['node_28']
[ 2026-03-22 17:21:29 | node_23 | INFO ] 🎓 Training step done.
[ 2026-03-22 17:21:29 | node_16 | INFO ] 🎓 Training step done.
[ 2026-03-22 17:21:30 | node_23 | INFO ] 🛠️ Calling force_add_local_model...
[ 2026-03-22 17:21:30 | node_16 | INFO ] 🛠️ Calling force_add_local_model...
[ 2026-03-22 17:21:30 | node_29 | INFO ] 🎓 Training step done.
[ 2026-03-22 17:21:30 | node_23 | INFO ] ✅ [FORCE] Local model added for round 142. (1/3)
[ 2026-03-22 17:21:30 | node_34 | INFO ] 🎓 Training step done.
[ 2026-03-22 17:21:30 | node_16 | INFO ] ✅ [FORCE] Local model added for round 142. (1/3)
[ 2026-03-22 17:21:30 | node_29 | INFO ] 🛠️ Calling force_add_local_model...
[ 2026-03-22 17:21:30 | node_34 | INFO ] 🛠️ Calling force_add_local_model...
[ 2026-03-22 17:21:30 | node_11 | INFO ] 🎓 Training step done.
[ 2026-03-22 17:21:30 | node_29 | INFO ] ✅ [FORCE] Local model added for round 142. (2/3)
[ 2026-03-22 17:21:30 | node_34 | INFO ] ✅ [FORCE] Local model added for round 142. (1/3)
[ 2026-03-22 17:21:30 | node_11 | INFO ] 🛠️ Calling force_add_local_model...
[ 2026-03-22 17:21:30 | node_18 | INFO ] 📤 Sending model to 2 direct neighbors: ['node_17', 'node_19']
[ 2026-03-22 17:21:30 | node_25 | INFO ] 🎓 Training step done.
[ 2026-03-22 17:21:30 | node_48 | INFO ] 🎓 Training step done.
[ 2026-03-22 17:21:30 | node_11 | INFO ] ✅ [FORCE] Local model added for round 142. (1/3)
[ 2026-03-22 17:21:30 | node_25 | INFO ] 🛠️ Calling force_add_local_model...
[ 2026-03-22 17:21:30 | node_48 | INFO ] 🛠️ Calling force_add_local_model...
[ 2026-03-22 17:21:30 | node_10 | INFO ] 🎓 Training step done.
[ 2026-03-22 17:21:30 | node_25 | INFO ] ✅ [FORCE] Local model added for round 142. (1/3)
[ 2026-03-22 17:21:30 | node_10 | INFO ] 🛠️ Calling force_add_local_model...
[ 2026-03-22 17:21:30 | node_48 | INFO ] ✅ [FORCE] Local model added for round 141. (1/3)
[ 2026-03-22 17:21:30 | node_10 | INFO ] ✅ [FORCE] Local model added for round 142. (1/3)
[ 2026-03-22 17:21:30 | node_27 | INFO ] 🎓 Training step done.
[ 2026-03-22 17:21:30 | node_27 | INFO ] 🛠️ Calling force_add_local_model...
[ 2026-03-22 17:21:30 | node_17 | INFO ] 🧩 Model added for round 142 (2/3) from ['node_18']
[ 2026-03-22 17:21:30 | node_27 | INFO ] ✅ [FORCE] Local model added for round 142. (2/3)
[ 2026-03-22 17:21:30 | node_6 | INFO ] 📈 Evaluated. Results: {'test_loss': 0.001234345487318933, 'test_accuracy': 0.996941089630127, 'test_precision': 0.8157444596290588, 'test_recall': 0.24512016773223877, 'test_f1': 0.372141033411026, 'communication_cost': 1457816}
[ 2026-03-22 17:21:30 | node_6 | INFO ] 📢 Broadcasting metrics.
[ 2026-03-22 17:21:30 | node_12 | INFO ] 🎓 Training step done.
[ 2026-03-22 17:21:30 | node_12 | INFO ] 🛠️ Calling force_add_local_model...
[ 2026-03-22 17:21:30 | node_5 | INFO ] 🎓 Training step done.
[ 2026-03-22 17:21:30 | node_12 | INFO ] ✅ [FORCE] Local model added for round 142. (1/3)
[ 2026-03-22 17:21:30 | node_5 | INFO ] 🛠️ Calling force_add_local_model...
[ 2026-03-22 17:21:31 | node_5 | INFO ] ✅ [FORCE] Local model added for round 141. (1/3)
[ 2026-03-22 17:21:31 | node_19 | INFO ] 🧩 Model added for round 142 (3/3) from ['node_18']
[ 2026-03-22 17:21:31 | node_2 | INFO ] 🎓 Training step done.
[ 2026-03-22 17:21:31 | node_2 | INFO ] 🛠️ Calling force_add_local_model...
[ 2026-03-22 17:21:31 | node_2 | INFO ] ✅ [FORCE] Local model added for round 141. (1/3)
[ 2026-03-22 17:21:31 | node_14 | INFO ] 🎓 Training step done.
[ 2026-03-22 17:21:31 | node_22 | INFO ] 📈 Evaluated. Results: {'test_loss': 0.0012784142745658755, 'test_accuracy': 0.9972107410430908, 'test_precision': 0.8157278895378113, 'test_recall': 0.2086014747619629, 'test_f1': 0.31701505184173584, 'communication_cost': 1457816}
[ 2026-03-22 17:21:31 | node_14 | INFO ] 🛠️ Calling force_add_local_model...
[ 2026-03-22 17:21:31 | node_22 | INFO ] 📢 Broadcasting metrics.
[ 2026-03-22 17:21:31 | node_14 | INFO ] ✅ [FORCE] Local model added for round 142. (1/3)
[ 2026-03-22 17:21:31 | node_40 | INFO ] 📈 Evaluated. Results: {'test_loss': 0.001375700463540852, 'test_accuracy': 0.9964009523391724, 'test_precision': 0.6621678471565247, 'test_recall': 0.2087477445602417, 'test_f1': 0.3024035692214966, 'communication_cost': 1457816}
[ 2026-03-22 17:21:31 | node_40 | INFO ] 📢 Broadcasting metrics.
[ 2026-03-22 17:21:31 | node_4 | INFO ] 🎓 Training step done.
[ 2026-03-22 17:21:31 | node_4 | INFO ] 🛠️ Calling force_add_local_model...
[ 2026-03-22 17:21:31 | node_32 | INFO ] 🎓 Training step done.
[ 2026-03-22 17:21:31 | node_32 | INFO ] 🛠️ Calling force_add_local_model...
[ 2026-03-22 17:21:31 | node_33 | INFO ] 🎓 Training step done.
[ 2026-03-22 17:21:31 | node_4 | INFO ] ✅ [FORCE] Local model added for round 141. (1/3)
[ 2026-03-22 17:21:31 | node_32 | INFO ] ✅ [FORCE] Local model added for round 142. (1/3)
[ 2026-03-22 17:21:31 | node_6 | INFO ] 🎉 Round 141 of 150 finished.
[ 2026-03-22 17:21:31 | node_33 | INFO ] 🛠️ Calling force_add_local_model...
[ 2026-03-22 17:21:31 | node_33 | INFO ] ✅ [FORCE] Local model added for round 142. (1/3)
[ 2026-03-22 17:21:31 | node_6 | INFO ] 🗳️ [DETERMINISTIC] Train set assigned (No Voting). Size: 50
[ 2026-03-22 17:21:31 | node_6 | INFO ] ♻️ Proactively processing 1 early models for round 141.
[ 2026-03-22 17:21:31 | node_6 | INFO ] 🧩 Model added for round 141 (1/3) from ['node_7']
[ 2026-03-22 17:21:31 | node_6 | INFO ] 🏋️‍♀️ Preparing training...
[ 2026-03-22 17:21:31 | node_22 | INFO ] 🎉 Round 142 of 150 finished.
[ 2026-03-22 17:21:31 | node_46 | INFO ] 🎓 Training step done.
[ 2026-03-22 17:21:31 | node_46 | INFO ] 🛠️ Calling force_add_local_model...
[ 2026-03-22 17:21:31 | node_22 | INFO ] 🗳️ [DETERMINISTIC] Train set assigned (No Voting). Size: 50
[ 2026-03-22 17:21:31 | node_46 | INFO ] ✅ [FORCE] Local model added for round 141. (2/3)
[ 2026-03-22 17:21:31 | node_22 | INFO ] 🏋️‍♀️ Preparing training...
[ 2026-03-22 17:21:31 | node_40 | INFO ] 🎉 Round 143 of 150 finished.
[ 2026-03-22 17:21:31 | node_40 | INFO ] 🗳️ [DETERMINISTIC] Train set assigned (No Voting). Size: 50
[ 2026-03-22 17:21:31 | node_40 | INFO ] 🏋️‍♀️ Preparing training...
[ 2026-03-22 17:21:31 | node_26 | INFO ] 🎓 Training step done.
[ 2026-03-22 17:21:31 | node_26 | INFO ] 🛠️ Calling force_add_local_model...
[ 2026-03-22 17:21:31 | node_26 | INFO ] ✅ [FORCE] Local model added for round 142. (1/3)
[ 2026-03-22 17:21:31 | node_3 | INFO ] ⏹️  Gossiping exited for 10 equal rounds.
[ 2026-03-22 17:21:32 | node_3 | INFO ] 🔬 Evaluating...
[ 2026-03-22 17:21:32 | node | INFO ] 📤 Sending model to 2 direct neighbors: ['node_1', 'node_49']
[ 2026-03-22 17:21:32 | node_43 | INFO ] 🎓 Training step done.
[ 2026-03-22 17:21:32 | node_43 | INFO ] 🛠️ Calling force_add_local_model...
[ 2026-03-22 17:21:32 | node_44 | INFO ] ⏹️  Gossiping exited for 10 equal rounds.
[ 2026-03-22 17:21:32 | node_43 | INFO ] ✅ [FORCE] Local model added for round 142. (2/3)
[ 2026-03-22 17:21:32 | node_44 | INFO ] 🔬 Evaluating...
[ 2026-03-22 17:21:32 | node_9 | INFO ] 🎓 Training step done.
[ 2026-03-22 17:21:32 | node_1 | INFO ] 🧩 Model added for round 141 (2/3) from ['node']
[ 2026-03-22 17:21:32 | node_9 | INFO ] 🛠️ Calling force_add_local_model...
[ 2026-03-22 17:21:32 | node_9 | INFO ] ✅ [FORCE] Local model added for round 142. (1/3)
[ 2026-03-22 17:21:32 | node_49 | INFO ] 🧩 Model added for round 141 (2/3) from ['node']
[ 2026-03-22 17:21:32 | node_47 | INFO ] ⏹️  Gossiping exited for 10 equal rounds.
[ 2026-03-22 17:21:32 | node_47 | INFO ] 🔬 Evaluating...
[ 2026-03-22 17:21:32 | node_21 | INFO ] 📤 Sending model to 2 direct neighbors: ['node_20', 'node_22']
[ 2026-03-22 17:21:32 | node_24 | INFO ] 📤 Sending model to 2 direct neighbors: ['node_23', 'node_25']
[ 2026-03-22 17:21:32 | node_35 | INFO ] 📤 Sending model to 2 direct neighbors: ['node_34', 'node_36']
[ 2026-03-22 17:21:32 | node_17 | INFO ] 📤 Sending model to 2 direct neighbors: ['node_16', 'node_18']
[ 2026-03-22 17:21:33 | node_3 | INFO ] 📈 Evaluated. Results: {'test_loss': 0.00174948968924582, 'test_accuracy': 0.9960413575172424, 'test_precision': 0.5097735524177551, 'test_recall': 0.2540600001811981, 'test_f1': 0.2866145670413971, 'communication_cost': 1457816}
[ 2026-03-22 17:21:33 | node_15 | INFO ] 📤 Sending model to 2 direct neighbors: ['node_14', 'node_16']
[ 2026-03-22 17:21:33 | node_8 | INFO ] ⏹️  Gossiping exited for 10 equal rounds.
[ 2026-03-22 17:21:33 | node_3 | INFO ] 📢 Broadcasting metrics.
[ 2026-03-22 17:21:33 | node_8 | INFO ] 🔬 Evaluating...
[ 2026-03-22 17:21:33 | node_41 | INFO ] ⏹️  Gossiping exited for 10 equal rounds.
[ 2026-03-22 17:21:33 | node_44 | INFO ] 📈 Evaluated. Results: {'test_loss': 0.0011416450142860413, 'test_accuracy': 0.9973906874656677, 'test_precision': 1.0, 'test_recall': 0.27458634972572327, 'test_f1': 0.4286193251609802, 'communication_cost': 1457816}
[ 2026-03-22 17:21:33 | node_30 | INFO ] ⏹️  Gossiping exited for 10 equal rounds.
[ 2026-03-22 17:21:33 | node_20 | INFO ] 🧩 Model added for round 142 (2/3) from ['node_21']
[ 2026-03-22 17:21:33 | node_44 | INFO ] 📢 Broadcasting metrics.
[ 2026-03-22 17:21:33 | node_30 | INFO ] 🔬 Evaluating...
[ 2026-03-22 17:21:33 | node_37 | INFO ] 📤 Sending model to 2 direct neighbors: ['node_36', 'node_38']
[ 2026-03-22 17:21:33 | node_41 | INFO ] 🔬 Evaluating...
[ 2026-03-22 17:21:33 | node_47 | INFO ] 📈 Evaluated. Results: {'test_loss': 0.0009190295240841806, 'test_accuracy': 0.9979305267333984, 'test_precision': 0.49139225482940674, 'test_recall': 0.21717782318592072, 'test_f1': 0.30041933059692383, 'communication_cost': 1457816}
[ 2026-03-22 17:21:33 | node_23 | INFO ] 🧩 Model added for round 142 (2/3) from ['node_24']
[ 2026-03-22 17:21:33 | node_16 | INFO ] 🧩 Model added for round 142 (2/3) from ['node_17']
[ 2026-03-22 17:21:33 | node_47 | INFO ] 📢 Broadcasting metrics.
[ 2026-03-22 17:21:33 | node_14 | INFO ] 🧩 Model added for round 142 (2/3) from ['node_15']
[ 2026-03-22 17:21:33 | node_34 | INFO ] 🧩 Model added for round 142 (2/3) from ['node_35']
[ 2026-03-22 17:21:33 | node_3 | INFO ] 🎉 Round 141 of 150 finished.
[ 2026-03-22 17:21:33 | node_3 | INFO ] 🗳️ [DETERMINISTIC] Train set assigned (No Voting). Size: 50
[ 2026-03-22 17:21:33 | node_22 | INFO ] 🧩 Model added for round 142 (1/3) from ['node_21']
[ 2026-03-22 17:21:33 | node_36 | INFO ] 🧩 Model added for round 142 (2/3) from ['node_37']
[ 2026-03-22 17:21:33 | node_6 | INFO ] 🎓 Training step done.
[ 2026-03-22 17:21:33 | node_6 | INFO ] 🛠️ Calling force_add_local_model...
[ 2026-03-22 17:21:33 | node_25 | INFO ] 🧩 Model added for round 142 (2/3) from ['node_24']
[ 2026-03-22 17:21:33 | node_44 | INFO ] 🎉 Round 142 of 150 finished.
[ 2026-03-22 17:21:33 | node_3 | INFO ] 🏋️‍♀️ Preparing training...
[ 2026-03-22 17:21:33 | node_13 | INFO ] 📤 Sending model to 2 direct neighbors: ['node_12', 'node_14']
[ 2026-03-22 17:21:33 | node_49 | INFO ] 📤 Sending model to 2 direct neighbors: ['node', 'node_48']
[ 2026-03-22 17:21:33 | node_6 | INFO ] ✅ [FORCE] Local model added for round 141. (2/3)
[ 2026-03-22 17:21:33 | node_44 | INFO ] 🗳️ [DETERMINISTIC] Train set assigned (No Voting). Size: 50
[ 2026-03-22 17:21:33 | node_18 | INFO ] 🧩 Model added for round 142 (2/3) from ['node_17']
[ 2026-03-22 17:21:33 | node_44 | INFO ] 🏋️‍♀️ Preparing training...
[ 2026-03-22 17:21:33 | node_47 | INFO ] 🎉 Round 141 of 150 finished.
[ 2026-03-22 17:21:33 | node_36 | INFO ] 🧩 Model added for round 142 (3/3) from ['node_35']
[ 2026-03-22 17:21:33 | node_16 | INFO ] 🧩 Model added for round 142 (3/3) from ['node_15']
[ 2026-03-22 17:21:33 | node_12 | INFO ] 🧩 Model added for round 142 (2/3) from ['node_13']
[ 2026-03-22 17:21:33 | node_47 | INFO ] 🗳️ [DETERMINISTIC] Train set assigned (No Voting). Size: 50
[ 2026-03-22 17:21:33 | node | INFO ] 🧩 Model added for round 141 (2/3) from ['node_49']
[ 2026-03-22 17:21:33 | node_22 | INFO ] 🎓 Training step done.
[ 2026-03-22 17:21:33 | node_38 | INFO ] 🧩 Model added for round 142 (3/3) from ['node_37']
[ 2026-03-22 17:21:33 | node_22 | INFO ] 🛠️ Calling force_add_local_model...
[ 2026-03-22 17:21:33 | node_36 | INFO ] 📤 Sending model to 2 direct neighbors: ['node_35', 'node_37']
[ 2026-03-22 17:21:33 | node_22 | INFO ] ✅ [FORCE] Local model added for round 142. (2/3)
[ 2026-03-22 17:21:33 | node_47 | INFO ] 🏋️‍♀️ Preparing training...
[ 2026-03-22 17:21:34 | node_40 | INFO ] 🎓 Training step done.
[ 2026-03-22 17:21:34 | node_38 | INFO ] 🧠 Aggregation complete. Setting new model.
[ 2026-03-22 17:21:34 | node_19 | INFO ] 📤 Sending model to 2 direct neighbors: ['node_18', 'node_20']
[ 2026-03-22 17:21:34 | node_40 | INFO ] 🛠️ Calling force_add_local_model...
[ 2026-03-22 17:21:34 | node_40 | INFO ] ✅ [FORCE] Local model added for round 143. (1/3)
[ 2026-03-22 17:21:34 | node_38 | INFO ] 🗣️ Gossiping aggregated model.
[ 2026-03-22 17:21:34 | node_35 | INFO ] 🧩 Model added for round 142 (2/3) from ['node_36']
[ 2026-03-22 17:21:34 | node_8 | INFO ] 📈 Evaluated. Results: {'test_loss': 0.0014390541473403573, 'test_accuracy': 0.9955015778541565, 'test_precision': 0.5527665615081787, 'test_recall': 0.10146427154541016, 'test_f1': 0.16787724196910858, 'communication_cost': 1457816}
[ 2026-03-22 17:21:34 | node_8 | INFO ] 📢 Broadcasting metrics.
[ 2026-03-22 17:21:34 | node_48 | INFO ] 🧩 Model added for round 141 (2/3) from ['node_49']
[ 2026-03-22 17:21:34 | node_18 | INFO ] 🧩 Model added for round 142 (3/3) from ['node_19']
[ 2026-03-22 17:21:34 | node_41 | INFO ] 📈 Evaluated. Results: {'test_loss': 0.0011933749774470925, 'test_accuracy': 0.9973906874656677, 'test_precision': 0.7370883822441101, 'test_recall': 0.15560753643512726, 'test_f1': 0.2518385350704193, 'communication_cost': 1457816}
[ 2026-03-22 17:21:34 | node_14 | INFO ] 🧩 Model added for round 142 (3/3) from ['node_13']
[ 2026-03-22 17:21:34 | node_30 | INFO ] 📈 Evaluated. Results: {'test_loss': 0.0011321587953716516, 'test_accuracy': 0.9972107410430908, 'test_precision': 0.8292244076728821, 'test_recall': 0.3062426447868347, 'test_f1': 0.4459323287010193, 'communication_cost': 1457816}
[ 2026-03-22 17:21:34 | node_41 | INFO ] 📢 Broadcasting metrics.
[ 2026-03-22 17:21:34 | node_30 | INFO ] 📢 Broadcasting metrics.
[ 2026-03-22 17:21:34 | node_39 | INFO ] 🤫 Gossip finished.
[ 2026-03-22 17:21:34 | node_39 | INFO ] 🔬 Evaluating...
[ 2026-03-22 17:21:34 | node_8 | INFO ] 🎉 Round 142 of 150 finished.
[ 2026-03-22 17:21:34 | node_8 | INFO ] 🗳️ [DETERMINISTIC] Train set assigned (No Voting). Size: 50
[ 2026-03-22 17:21:34 | node_8 | INFO ] 🏋️‍♀️ Preparing training...
[ 2026-03-22 17:21:34 | node_31 | INFO ] 📤 Sending model to 2 direct neighbors: ['node_30', 'node_32']
[ 2026-03-22 17:21:34 | node_41 | INFO ] 🎉 Round 143 of 150 finished.
[ 2026-03-22 17:21:34 | node_41 | INFO ] 🗳️ [DETERMINISTIC] Train set assigned (No Voting). Size: 50
[ 2026-03-22 17:21:34 | node_37 | INFO ] 🧩 Model added for round 142 (3/3) from ['node_36']
[ 2026-03-22 17:21:34 | node_41 | INFO ] 🏋️‍♀️ Preparing training...
[ 2026-03-22 17:21:34 | node_20 | INFO ] 🧩 Model added for round 142 (3/3) from ['node_19']
[ 2026-03-22 17:21:34 | node_30 | INFO ] 🎉 Round 142 of 150 finished.
[ 2026-03-22 17:21:34 | node_18 | INFO ] 🧠 Aggregation complete. Setting new model.
[ 2026-03-22 17:21:34 | node_37 | INFO ] 🧠 Aggregation complete. Setting new model.
[ 2026-03-22 17:21:34 | node_20 | INFO ] 🧠 Aggregation complete. Setting new model.
[ 2026-03-22 17:21:34 | node_1 | INFO ] 📤 Sending model to 2 direct neighbors: ['node', 'node_2']
[ 2026-03-22 17:21:35 | node_30 | INFO ] 🗳️ [DETERMINISTIC] Train set assigned (No Voting). Size: 50
[ 2026-03-22 17:21:35 | node_18 | INFO ] 🗣️ Gossiping aggregated model.
[ 2026-03-22 17:21:35 | node_30 | INFO ] ♻️ Proactively processing 1 early models for round 142.
[ 2026-03-22 17:21:35 | node_32 | INFO ] 🧩 Model added for round 142 (2/3) from ['node_31']
[ 2026-03-22 17:21:35 | node_30 | INFO ] 🧩 Model added for round 142 (1/3) from ['node_31']
[ 2026-03-22 17:21:35 | node_19 | INFO ] 🧠 Aggregation complete. Setting new model.
[ 2026-03-22 17:21:35 | node_37 | INFO ] 🗣️ Gossiping aggregated model.
[ 2026-03-22 17:21:35 | node_30 | INFO ] 🏋️‍♀️ Preparing training...
[ 2026-03-22 17:21:35 | node_20 | INFO ] 🗣️ Gossiping aggregated model.
[ 2026-03-22 17:21:35 | node_36 | INFO ] 🧠 Aggregation complete. Setting new model.
[ 2026-03-22 17:21:35 | node | INFO ] 🧩 Model added for round 141 (3/3) from ['node_1']
[ 2026-03-22 17:21:35 | node_23 | INFO ] 📤 Sending model to 2 direct neighbors: ['node_22', 'node_24']
[ 2026-03-22 17:21:35 | node_16 | INFO ] 📤 Sending model to 2 direct neighbors: ['node_15', 'node_17']
[ 2026-03-22 17:21:35 | node_19 | INFO ] 🗣️ Gossiping aggregated model.
[ 2026-03-22 17:21:35 | node_19 | INFO ] 🤫 Gossip finished.
[ 2026-03-22 17:21:35 | node_36 | INFO ] 🗣️ Gossiping aggregated model.
[ 2026-03-22 17:21:35 | node_19 | INFO ] 🔬 Evaluating...
[ 2026-03-22 17:21:35 | node_29 | INFO ] 📤 Sending model to 2 direct neighbors: ['node_28', 'node_30']
[ 2026-03-22 17:21:35 | node_34 | INFO ] 📤 Sending model to 2 direct neighbors: ['node_33', 'node_35']
[ 2026-03-22 17:21:35 | node_15 | INFO ] 🧩 Model added for round 142 (2/3) from ['node_16']
[ 2026-03-22 17:21:35 | node | INFO ] 🧠 Aggregation complete. Setting new model.
[ 2026-03-22 17:21:35 | node_11 | INFO ] 📤 Sending model to 2 direct neighbors: ['node_10', 'node_12']
[ 2026-03-22 17:21:35 | node_22 | INFO ] 🧩 Model added for round 142 (3/3) from ['node_23']
[ 2026-03-22 17:21:35 | node_25 | INFO ] 📤 Sending model to 2 direct neighbors: ['node_24', 'node_26']
[ 2026-03-22 17:21:35 | node | INFO ] 🗣️ Gossiping aggregated model.
[ 2026-03-22 17:21:35 | node_48 | INFO ] 📤 Sending model to 2 direct neighbors: ['node_47', 'node_49']
[ 2026-03-22 17:21:35 | node_10 | INFO ] 📤 Sending model to 2 direct neighbors: ['node_9', 'node_11']
[ 2026-03-22 17:21:35 | node_27 | INFO ] 📤 Sending model to 2 direct neighbors: ['node_26', 'node_28']
[ 2026-03-22 17:21:35 | node_33 | INFO ] 🧩 Model added for round 142 (2/3) from ['node_34']
[ 2026-03-22 17:21:35 | node_2 | INFO ] 🧩 Model added for round 141 (2/3) from ['node_1']
[ 2026-03-22 17:21:35 | node_28 | INFO ] 🧩 Model added for round 142 (2/3) from ['node_29']
[ 2026-03-22 17:21:35 | node_12 | INFO ] 📤 Sending model to 2 direct neighbors: ['node_11', 'node_13']
[ 2026-03-22 17:21:36 | node_5 | INFO ] 📤 Sending model to 2 direct neighbors: ['node_4', 'node_6']
[ 2026-03-22 17:21:36 | node_17 | INFO ] 🧩 Model added for round 142 (3/3) from ['node_16']
[ 2026-03-22 17:21:36 | node_24 | INFO ] 🧩 Model added for round 142 (2/3) from ['node_23']
[ 2026-03-22 17:21:36 | node_2 | INFO ] 📤 Sending model to 2 direct neighbors: ['node_1', 'node_3']
[ 2026-03-22 17:21:36 | node_10 | INFO ] 🧩 Model added for round 142 (2/3) from ['node_11']
[ 2026-03-22 17:21:36 | node_24 | INFO ] 🧩 Model added for round 142 (3/3) from ['node_25']
[ 2026-03-22 17:21:36 | node_38 | INFO ] 🤫 Gossip finished.
[ 2026-03-22 17:21:36 | node_9 | INFO ] 🧩 Model added for round 142 (2/3) from ['node_10']
[ 2026-03-22 17:21:36 | node_14 | INFO ] 📤 Sending model to 2 direct neighbors: ['node_13', 'node_15']
[ 2026-03-22 17:21:36 | node_38 | INFO ] 🔬 Evaluating...
[ 2026-03-22 17:21:36 | node_26 | INFO ] 🧩 Model added for round 142 (2/3) from ['node_27']
[ 2026-03-22 17:21:36 | node_39 | INFO ] 📈 Evaluated. Results: {'test_loss': 0.0010812815744429827, 'test_accuracy': 0.9974806308746338, 'test_precision': 0.567566454410553, 'test_recall': 0.3639896512031555, 'test_f1': 0.4346671998500824, 'communication_cost': 1457816}
[ 2026-03-22 17:21:36 | node_32 | INFO ] 📤 Sending model to 2 direct neighbors: ['node_31', 'node_33']
[ 2026-03-22 17:21:36 | node_4 | INFO ] 📤 Sending model to 2 direct neighbors: ['node_3', 'node_5']
[ 2026-03-22 17:21:36 | node_33 | INFO ] 📤 Sending model to 2 direct neighbors: ['node_32', 'node_34']
[ 2026-03-22 17:21:36 | node_39 | INFO ] 📢 Broadcasting metrics.
[ 2026-03-22 17:21:36 | node_47 | INFO ] 🧩 Model added for round 141 (1/3) from ['node_48']
[ 2026-03-22 17:21:36 | node_46 | INFO ] 📤 Sending model to 2 direct neighbors: ['node_45', 'node_47']
[ 2026-03-22 17:21:36 | node_35 | INFO ] 🧩 Model added for round 142 (3/3) from ['node_34']
[ 2026-03-22 17:21:36 | node_11 | INFO ] 🧩 Model added for round 142 (2/3) from ['node_12']
[ 2026-03-22 17:21:36 | node_4 | INFO ] 🧩 Model added for round 141 (2/3) from ['node_5']
[ 2026-03-22 17:21:36 | node_1 | INFO ] 🧩 Model added for round 141 (3/3) from ['node_2']
[ 2026-03-22 17:21:36 | node_12 | INFO ] 🧩 Model added for round 142 (3/3) from ['node_11']
[ 2026-03-22 17:21:36 | node_32 | INFO ] 🧩 Model added for round 142 (3/3) from ['node_33']
[ 2026-03-22 17:21:36 | node_31 | INFO ] 🧩 Model added for round 142 (2/3) from ['node_32']
[ 2026-03-22 17:21:36 | node_49 | INFO ] 🧩 Model added for round 141 (3/3) from ['node_48']
[ 2026-03-22 17:21:36 | node_13 | INFO ] 🧩 Model added for round 142 (2/3) from ['node_14']
[ 2026-03-22 17:21:36 | node_3 | INFO ] 🧩 Model added for round 141 (1/3) from ['node_4']
[ 2026-03-22 17:21:36 | node_30 | INFO ] 🧩 Model added for round 142 (2/3) from ['node_29']
[ 2026-03-22 17:21:36 | node_26 | INFO ] 🧩 Model added for round 142 (3/3) from ['node_25']
[ 2026-03-22 17:21:36 | node_3 | INFO ] 🎓 Training step done.
[ 2026-03-22 17:21:36 | node_28 | INFO ] 🧩 Model added for round 142 (3/3) from ['node_27']
[ 2026-03-22 17:21:36 | node_11 | INFO ] 🧩 Model added for round 142 (3/3) from ['node_10']
[ 2026-03-22 17:21:36 | node_3 | INFO ] 🛠️ Calling force_add_local_model...
[ 2026-03-22 17:21:36 | node_26 | INFO ] 📤 Sending model to 2 direct neighbors: ['node_25', 'node_27']
[ 2026-03-22 17:21:36 | node_3 | INFO ] ✅ [FORCE] Local model added for round 141. (2/3)
[ 2026-03-22 17:21:36 | node_37 | INFO ] 🤫 Gossip finished.
[ 2026-03-22 17:21:37 | node_39 | INFO ] 🎉 Round 143 of 150 finished.
[ 2026-03-22 17:21:37 | node_24 | INFO ] 🧠 Aggregation complete. Setting new model.
[ 2026-03-22 17:21:37 | node_16 | INFO ] 🧠 Aggregation complete. Setting new model.
[ 2026-03-22 17:21:37 | node_17 | INFO ] 🧠 Aggregation complete. Setting new model.
[ 2026-03-22 17:21:37 | node_44 | INFO ] 🎓 Training step done.
[ 2026-03-22 17:21:37 | node_45 | INFO ] 🧩 Model added for round 141 (3/3) from ['node_46']
[ 2026-03-22 17:21:37 | node_37 | INFO ] 🔬 Evaluating...
[ 2026-03-22 17:21:37 | node_44 | INFO ] 🛠️ Calling force_add_local_model...
[ 2026-03-22 17:21:37 | node_35 | INFO ] 🧠 Aggregation complete. Setting new model.
[ 2026-03-22 17:21:37 | node_43 | INFO ] 📤 Sending model to 2 direct neighbors: ['node_42', 'node_44']
[ 2026-03-22 17:21:37 | node_49 | INFO ] 🧠 Aggregation complete. Setting new model.
[ 2026-03-22 17:21:37 | node_28 | INFO ] 🧠 Aggregation complete. Setting new model.
[ 2026-03-22 17:21:37 | node_1 | INFO ] 🧠 Aggregation complete. Setting new model.
[ 2026-03-22 17:21:37 | node_39 | INFO ] 🗳️ [DETERMINISTIC] Train set assigned (No Voting). Size: 50
[ 2026-03-22 17:21:37 | node_9 | INFO ] 📤 Sending model to 2 direct neighbors: ['node_8', 'node_10']
[ 2026-03-22 17:21:37 | node_44 | INFO ] ✅ [FORCE] Local model added for round 142. (1/3)
[ 2026-03-22 17:21:37 | node_45 | INFO ] 🧠 Aggregation complete. Setting new model.
[ 2026-03-22 17:21:37 | node_11 | INFO ] 🧠 Aggregation complete. Setting new model.
[ 2026-03-22 17:21:37 | node_25 | INFO ] 🧩 Model added for round 142 (3/3) from ['node_26']
[ 2026-03-22 17:21:37 | node_34 | INFO ] 🧩 Model added for round 142 (3/3) from ['node_33']
[ 2026-03-22 17:21:37 | node_39 | INFO ] 🏋️‍♀️ Preparing training...
[ 2026-03-22 17:21:37 | node_16 | INFO ] 🗣️ Gossiping aggregated model.
[ 2026-03-22 17:21:37 | node_24 | INFO ] 🗣️ Gossiping aggregated model.
[ 2026-03-22 17:21:37 | node_1 | INFO ] 🗣️ Gossiping aggregated model.
[ 2026-03-22 17:21:37 | node_35 | INFO ] 🗣️ Gossiping aggregated model.
[ 2026-03-22 17:21:37 | node_17 | INFO ] 🗣️ Gossiping aggregated model.
[ 2026-03-22 17:21:37 | node_28 | INFO ] 🗣️ Gossiping aggregated model.
[ 2026-03-22 17:21:37 | node_49 | INFO ] 🗣️ Gossiping aggregated model.
[ 2026-03-22 17:21:37 | node_45 | INFO ] 🗣️ Gossiping aggregated model.
[ 2026-03-22 17:21:37 | node_17 | INFO ] 🤫 Gossip finished.
[ 2026-03-22 17:21:37 | node_11 | INFO ] 🗣️ Gossiping aggregated model.
[ 2026-03-22 17:21:37 | node_17 | INFO ] 🔬 Evaluating...
[ 2026-03-22 17:21:37 | node_15 | INFO ] 🧩 Model added for round 142 (3/3) from ['node_14']
[ 2026-03-22 17:21:37 | node_33 | INFO ] 🧩 Model added for round 142 (3/3) from ['node_32']
[ 2026-03-22 17:21:37 | node_47 | INFO ] 🎓 Training step done.
[ 2026-03-22 17:21:37 | node_6 | INFO ] 🧩 Model added for round 141 (3/3) from ['node_5']
[ 2026-03-22 17:21:37 | node_13 | INFO ] 🧩 Model added for round 142 (3/3) from ['node_12']
[ 2026-03-22 17:21:37 | node_5 | INFO ] 🧩 Model added for round 141 (2/3) from ['node_4']
[ 2026-03-22 17:21:37 | node_47 | INFO ] 🧩 Model added for round 141 (2/3) from ['node_46']
[ 2026-03-22 17:21:37 | node_3 | INFO ] 🧩 Model added for round 141 (3/3) from ['node_2']
[ 2026-03-22 17:21:37 | node_47 | INFO ] 🛠️ Calling force_add_local_model...
[ 2026-03-22 17:21:37 | node_42 | INFO ] 🧩 Model added for round 142 (3/3) from ['node_43']
[ 2026-03-22 17:21:37 | node_8 | INFO ] 🧩 Model added for round 142 (1/3) from ['node_9']
[ 2026-03-22 17:21:37 | node_25 | INFO ] 🧠 Aggregation complete. Setting new model.
[ 2026-03-22 17:21:37 | node_13 | INFO ] 🧠 Aggregation complete. Setting new model.
[ 2026-03-22 17:21:37 | node_33 | INFO ] 🧠 Aggregation complete. Setting new model.
[ 2026-03-22 17:21:37 | node_15 | INFO ] 🧠 Aggregation complete. Setting new model.
[ 2026-03-22 17:21:37 | node_34 | INFO ] 🧠 Aggregation complete. Setting new model.
[ 2026-03-22 17:21:37 | node_47 | INFO ] ✅ [FORCE] Local model added for round 141. (3/3)
[ 2026-03-22 17:21:37 | node_27 | INFO ] 🧩 Model added for round 142 (3/3) from ['node_26']
[ 2026-03-22 17:21:38 | node_42 | INFO ] 🧠 Aggregation complete. Setting new model.
[ 2026-03-22 17:21:38 | node_27 | INFO ] 🧠 Aggregation complete. Setting new model.
[ 2026-03-22 17:21:38 | node_14 | INFO ] 🧠 Aggregation complete. Setting new model.
[ 2026-03-22 17:21:38 | node_32 | INFO ] 🧠 Aggregation complete. Setting new model.
[ 2026-03-22 17:21:38 | node_12 | INFO ] 🧠 Aggregation complete. Setting new model.
[ 2026-03-22 17:21:38 | node_33 | INFO ] 🗣️ Gossiping aggregated model.
[ 2026-03-22 17:21:38 | node_15 | INFO ] 🗣️ Gossiping aggregated model.
[ 2026-03-22 17:21:38 | node_34 | INFO ] 🗣️ Gossiping aggregated model.
[ 2026-03-22 17:21:38 | node_13 | INFO ] 🗣️ Gossiping aggregated model.
[ 2026-03-22 17:21:38 | node_25 | INFO ] 🗣️ Gossiping aggregated model.
[ 2026-03-22 17:21:38 | node_26 | INFO ] 🧠 Aggregation complete. Setting new model.
[ 2026-03-22 17:21:38 | node_34 | INFO ] 🤫 Gossip finished.
[ 2026-03-22 17:21:38 | node_42 | INFO ] 🗣️ Gossiping aggregated model.
[ 2026-03-22 17:21:38 | node_27 | INFO ] 🗣️ Gossiping aggregated model.
[ 2026-03-22 17:21:38 | node_34 | INFO ] 🔬 Evaluating...
[ 2026-03-22 17:21:38 | node_44 | INFO ] 🧩 Model added for round 142 (2/3) from ['node_43']
[ 2026-03-22 17:21:38 | node_10 | INFO ] 🧩 Model added for round 142 (3/3) from ['node_9']
[ 2026-03-22 17:21:38 | node_12 | INFO ] 🗣️ Gossiping aggregated model.
[ 2026-03-22 17:21:38 | node_18 | INFO ] 🤫 Gossip finished.
[ 2026-03-22 17:21:38 | node_14 | INFO ] 🗣️ Gossiping aggregated model.
[ 2026-03-22 17:21:38 | node_32 | INFO ] 🗣️ Gossiping aggregated model.
[ 2026-03-22 17:21:38 | node_12 | INFO ] 🤫 Gossip finished.
[ 2026-03-22 17:21:38 | node_14 | INFO ] 🤫 Gossip finished.
[ 2026-03-22 17:21:38 | node_26 | INFO ] 🗣️ Gossiping aggregated model.
[ 2026-03-22 17:21:38 | node_12 | INFO ] 🔬 Evaluating...
[ 2026-03-22 17:21:38 | node_18 | INFO ] 🔬 Evaluating...
[ 2026-03-22 17:21:38 | node_26 | INFO ] 🤫 Gossip finished.
[ 2026-03-22 17:21:38 | node_6 | INFO ] 📤 Sending model to 2 direct neighbors: ['node_5', 'node_7']
[ 2026-03-22 17:21:38 | node_14 | INFO ] 🔬 Evaluating...
[ 2026-03-22 17:21:38 | node_10 | INFO ] 🧠 Aggregation complete. Setting new model.
[ 2026-03-22 17:21:38 | node_26 | INFO ] 🔬 Evaluating...
[ 2026-03-22 17:21:38 | node_10 | INFO ] 🗣️ Gossiping aggregated model.
[ 2026-03-22 17:21:38 | node_5 | INFO ] 🧩 Model added for round 141 (3/3) from ['node_6']
[ 2026-03-22 17:21:39 | node_5 | INFO ] 🧠 Aggregation complete. Setting new model.
[ 2026-03-22 17:21:39 | node_22 | INFO ] 📤 Sending model to 2 direct neighbors: ['node_21', 'node_23']
[ 2026-03-22 17:21:39 | node_5 | INFO ] 🗣️ Gossiping aggregated model.
[ 2026-03-22 17:21:39 | node_21 | INFO ] 🧩 Model added for round 142 (3/3) from ['node_22']
[ 2026-03-22 17:21:39 | node_40 | INFO ] 📤 Sending model to 2 direct neighbors: ['node_39', 'node_41']
[ 2026-03-22 17:21:39 | node_41 | INFO ] 🎓 Training step done.
[ 2026-03-22 17:21:39 | node_7 | INFO ] 🧩 Model added for round 141 (3/3) from ['node_6']
[ 2026-03-22 17:21:39 | node_21 | INFO ] 🧠 Aggregation complete. Setting new model.
[ 2026-03-22 17:21:39 | node_41 | INFO ] 🛠️ Calling force_add_local_model...
[ 2026-03-22 17:21:39 | node_7 | INFO ] 🧠 Aggregation complete. Setting new model.
[ 2026-03-22 17:21:39 | node_41 | INFO ] ✅ [FORCE] Local model added for round 143. (1/3)
[ 2026-03-22 17:21:39 | node_30 | INFO ] 🎓 Training step done.
[ 2026-03-22 17:21:39 | node_30 | INFO ] 🛠️ Calling force_add_local_model...
[ 2026-03-22 17:21:39 | node_39 | INFO ] 🧩 Model added for round 143 (1/3) from ['node_40']
[ 2026-03-22 17:21:39 | node_20 | INFO ] 🤫 Gossip finished.
[ 2026-03-22 17:21:39 | node_21 | INFO ] 🗣️ Gossiping aggregated model.
[ 2026-03-22 17:21:39 | node_19 | INFO ] 📈 Evaluated. Results: {'test_loss': 0.0011660795425996184, 'test_accuracy': 0.9972107410430908, 'test_precision': 0.8157278895378113, 'test_recall': 0.285857617855072, 'test_f1': 0.4164322018623352, 'communication_cost': 1457816}
[ 2026-03-22 17:21:39 | node_20 | INFO ] 🔬 Evaluating...
[ 2026-03-22 17:21:39 | node_30 | INFO ] ✅ [FORCE] Local model added for round 142. (3/3)
[ 2026-03-22 17:21:39 | node_7 | INFO ] 🗣️ Gossiping aggregated model.
[ 2026-03-22 17:21:39 | node_19 | INFO ] 📢 Broadcasting metrics.
[ 2026-03-22 17:21:39 | node_38 | INFO ] 📈 Evaluated. Results: {'test_loss': 0.0011349257547408342, 'test_accuracy': 0.9973006844520569, 'test_precision': 0.8685441613197327, 'test_recall': 0.41682207584381104, 'test_f1': 0.556693434715271, 'communication_cost': 1457816}
[ 2026-03-22 17:21:39 | node | INFO ] 🤫 Gossip finished.
[ 2026-03-22 17:21:39 | node_13 | INFO ] 🤫 Gossip finished.
[ 2026-03-22 17:21:39 | node_23 | INFO ] 🧩 Model added for round 142 (3/3) from ['node_22']
[ 2026-03-22 17:21:39 | node_38 | INFO ] 📢 Broadcasting metrics.
[ 2026-03-22 17:21:39 | node_6 | INFO ] 🧠 Aggregation complete. Setting new model.
[ 2026-03-22 17:21:39 | node | INFO ] 🔬 Evaluating...
[ 2026-03-22 17:21:39 | node_27 | INFO ] 🤫 Gossip finished.
[ 2026-03-22 17:21:39 | node_41 | INFO ] 🧩 Model added for round 143 (2/3) from ['node_40']
[ 2026-03-22 17:21:39 | node_23 | INFO ] 🧠 Aggregation complete. Setting new model.
[ 2026-03-22 17:21:39 | node_35 | INFO ] 🤫 Gossip finished.
[ 2026-03-22 17:21:39 | node_13 | INFO ] 🔬 Evaluating...
[ 2026-03-22 17:21:39 | node_27 | INFO ] 🔬 Evaluating...
[ 2026-03-22 17:21:39 | node_16 | INFO ] 🤫 Gossip finished.
[ 2026-03-22 17:21:39 | node_35 | INFO ] 🔬 Evaluating...
[ 2026-03-22 17:21:40 | node_16 | INFO ] 🔬 Evaluating...
[ 2026-03-22 17:21:40 | node_23 | INFO ] 🗣️ Gossiping aggregated model.
[ 2026-03-22 17:21:40 | node_6 | INFO ] 🗣️ Gossiping aggregated model.
[ 2026-03-22 17:21:40 | node_25 | INFO ] 🤫 Gossip finished.
[ 2026-03-22 17:21:40 | node_22 | INFO ] 🧠 Aggregation complete. Setting new model.
[ 2026-03-22 17:21:40 | node_15 | INFO ] 🤫 Gossip finished.
[ 2026-03-22 17:21:40 | node_33 | INFO ] 🤫 Gossip finished.
[ 2026-03-22 17:21:40 | node_25 | INFO ] 🔬 Evaluating...
[ 2026-03-22 17:21:40 | node_33 | INFO ] 🔬 Evaluating...
[ 2026-03-22 17:21:40 | node_15 | INFO ] 🔬 Evaluating...
[ 2026-03-22 17:21:40 | node_22 | INFO ] 🗣️ Gossiping aggregated model.
[ 2026-03-22 17:21:40 | node_8 | INFO ] 🎓 Training step done.
[ 2026-03-22 17:21:40 | node_22 | INFO ] 🤫 Gossip finished.
[ 2026-03-22 17:21:40 | node_19 | INFO ] 🎉 Round 143 of 150 finished.
[ 2026-03-22 17:21:40 | node_8 | INFO ] 🛠️ Calling force_add_local_model...
[ 2026-03-22 17:21:40 | node_22 | INFO ] 🔬 Evaluating...
[ 2026-03-22 17:21:40 | node_19 | INFO ] 🗳️ [DETERMINISTIC] Train set assigned (No Voting). Size: 50
[ 2026-03-22 17:21:40 | node_8 | INFO ] ✅ [FORCE] Local model added for round 142. (2/3)
[ 2026-03-22 17:21:40 | node_11 | INFO ] 🤫 Gossip finished.
[ 2026-03-22 17:21:40 | node_38 | INFO ] 🎉 Round 143 of 150 finished.
[ 2026-03-22 17:21:40 | node_38 | INFO ] 🗳️ [DETERMINISTIC] Train set assigned (No Voting). Size: 50
[ 2026-03-22 17:21:40 | node_11 | INFO ] 🔬 Evaluating...
[ 2026-03-22 17:21:40 | node_19 | INFO ] 🏋️‍♀️ Preparing training...
[ 2026-03-22 17:21:40 | node_37 | INFO ] 📈 Evaluated. Results: {'test_loss': 0.0010772302048280835, 'test_accuracy': 0.996850848197937, 'test_precision': 0.7305072546005249, 'test_recall': 0.32247617840766907, 'test_f1': 0.43276023864746094, 'communication_cost': 1457816}
[ 2026-03-22 17:21:40 | node_37 | INFO ] 📢 Broadcasting metrics.
[ 2026-03-22 17:21:40 | node_38 | INFO ] 🏋️‍♀️ Preparing training...
[ 2026-03-22 17:21:40 | node_12 | INFO ] 📈 Evaluated. Results: {'test_loss': 0.001186865265481174, 'test_accuracy': 0.997031033039093, 'test_precision': 0.7001709342002869, 'test_recall': 0.18681462109088898, 'test_f1': 0.286783903837204, 'communication_cost': 1457816}
[ 2026-03-22 17:21:40 | node_12 | INFO ] 📢 Broadcasting metrics.
[ 2026-03-22 17:21:41 | node_7 | INFO ] 🤫 Gossip finished.
[ 2026-03-22 17:21:41 | node_7 | INFO ] 🔬 Evaluating...
[ 2026-03-22 17:21:41 | node_37 | INFO ] 🎉 Round 143 of 150 finished.
[ 2026-03-22 17:21:41 | node_12 | INFO ] 🎉 Round 143 of 150 finished.
[ 2026-03-22 17:21:41 | node_37 | INFO ] 🗳️ [DETERMINISTIC] Train set assigned (No Voting). Size: 50
[ 2026-03-22 17:21:41 | node_21 | INFO ] 🤫 Gossip finished.
[ 2026-03-22 17:21:41 | node_12 | INFO ] 🗳️ [DETERMINISTIC] Train set assigned (No Voting). Size: 50
[ 2026-03-22 17:21:41 | node_21 | INFO ] 🔬 Evaluating...
[ 2026-03-22 17:21:41 | node_37 | INFO ] 🏋️‍♀️ Preparing training...
[ 2026-03-22 17:21:41 | node_12 | INFO ] 🏋️‍♀️ Preparing training...
[ 2026-03-22 17:21:41 | node_14 | INFO ] 📈 Evaluated. Results: {'test_loss': 0.0013160129310563207, 'test_accuracy': 0.99676114320755, 'test_precision': 0.9212775826454163, 'test_recall': 0.18470752239227295, 'test_f1': 0.2975423038005829, 'communication_cost': 1457816}
[ 2026-03-22 17:21:41 | node_23 | INFO ] 🤫 Gossip finished.
[ 2026-03-22 17:21:41 | node_14 | INFO ] 📢 Broadcasting metrics.
[ 2026-03-22 17:21:41 | node_23 | INFO ] 🔬 Evaluating...
[ 2026-03-22 17:21:41 | node_17 | INFO ] 📈 Evaluated. Results: {'test_loss': 0.0013930524000898004, 'test_accuracy': 0.9966711401939392, 'test_precision': 0.6314889788627625, 'test_recall': 0.1523660570383072, 'test_f1': 0.22321616113185883, 'communication_cost': 1457816}
[ 2026-03-22 17:21:41 | node_17 | INFO ] 📢 Broadcasting metrics.
[ 2026-03-22 17:21:42 | node_34 | INFO ] 📈 Evaluated. Results: {'test_loss': 0.001152284792624414, 'test_accuracy': 0.9973906874656677, 'test_precision': 0.5528162717819214, 'test_recall': 0.1883220225572586, 'test_f1': 0.2791782319545746, 'communication_cost': 1457816}
[ 2026-03-22 17:21:42 | node_3 | INFO ] 📤 Sending model to 2 direct neighbors: ['node_2', 'node_4']
[ 2026-03-22 17:21:42 | node_34 | INFO ] 📢 Broadcasting metrics.
[ 2026-03-22 17:21:42 | node_14 | INFO ] 🎉 Round 143 of 150 finished.
[ 2026-03-22 17:21:42 | node_2 | INFO ] 🧩 Model added for round 141 (3/3) from ['node_3']
[ 2026-03-22 17:21:42 | node_14 | INFO ] 🗳️ [DETERMINISTIC] Train set assigned (No Voting). Size: 50
[ 2026-03-22 17:21:42 | node_2 | INFO ] 🧠 Aggregation complete. Setting new model.
[ 2026-03-22 17:21:42 | node_44 | INFO ] 📤 Sending model to 2 direct neighbors: ['node_43', 'node_45']
[ 2026-03-22 17:21:42 | node_14 | INFO ] 🏋️‍♀️ Preparing training...
[ 2026-03-22 17:21:42 | node_2 | INFO ] 🗣️ Gossiping aggregated model.
[ 2026-03-22 17:21:42 | node | INFO ] 📈 Evaluated. Results: {'test_loss': 0.0013582092942669988, 'test_accuracy': 0.9965811967849731, 'test_precision': 0.8341700434684753, 'test_recall': 0.2683320939540863, 'test_f1': 0.39730656147003174, 'communication_cost': 1457816}
[ 2026-03-22 17:21:42 | node_17 | INFO ] 🎉 Round 143 of 150 finished.
[ 2026-03-22 17:21:42 | node | INFO ] 📢 Broadcasting metrics.
[ 2026-03-22 17:21:42 | node_17 | INFO ] 🗳️ [DETERMINISTIC] Train set assigned (No Voting). Size: 50
[ 2026-03-22 17:21:42 | node_43 | INFO ] 🧩 Model added for round 142 (3/3) from ['node_44']
[ 2026-03-22 17:21:42 | node_4 | INFO ] 🧩 Model added for round 141 (3/3) from ['node_3']
[ 2026-03-22 17:21:42 | node_43 | INFO ] 🧠 Aggregation complete. Setting new model.
[ 2026-03-22 17:21:42 | node_17 | INFO ] 🏋️‍♀️ Preparing training...
[ 2026-03-22 17:21:42 | node_34 | INFO ] 🎉 Round 143 of 150 finished.
[ 2026-03-22 17:21:42 | node_4 | INFO ] 🧠 Aggregation complete. Setting new model.
[ 2026-03-22 17:21:42 | node_34 | INFO ] 🗳️ [DETERMINISTIC] Train set assigned (No Voting). Size: 50
[ 2026-03-22 17:21:43 | node_47 | INFO ] 📤 Sending model to 2 direct neighbors: ['node_46', 'node_48']
[ 2026-03-22 17:21:43 | node_43 | INFO ] 🗣️ Gossiping aggregated model.
[ 2026-03-22 17:21:43 | node_34 | INFO ] 🏋️‍♀️ Preparing training...
[ 2026-03-22 17:21:43 | node_4 | INFO ] 🗣️ Gossiping aggregated model.
[ 2026-03-22 17:21:43 | node_3 | INFO ] 🧠 Aggregation complete. Setting new model.
[ 2026-03-22 17:21:43 | node_46 | INFO ] 🧩 Model added for round 141 (3/3) from ['node_47']
[ 2026-03-22 17:21:43 | node_46 | INFO ] 🧠 Aggregation complete. Setting new model.
[ 2026-03-22 17:21:43 | node_3 | INFO ] 🗣️ Gossiping aggregated model.
[ 2026-03-22 17:21:43 | node_3 | INFO ] 🤫 Gossip finished.
[ 2026-03-22 17:21:43 | node_16 | INFO ] 📈 Evaluated. Results: {'test_loss': 0.001118567306548357, 'test_accuracy': 0.9968510866165161, 'test_precision': 0.6756035685539246, 'test_recall': 0.166707381606102, 'test_f1': 0.2608824074268341, 'communication_cost': 1457816}
[ 2026-03-22 17:21:43 | node_33 | INFO ] 📈 Evaluated. Results: {'test_loss': 0.0016853491542860866, 'test_accuracy': 0.9961310029029846, 'test_precision': 0.460680216550827, 'test_recall': 0.0742207020521164, 'test_f1': 0.1263580024242401, 'communication_cost': 1457816}
[ 2026-03-22 17:21:43 | node_27 | INFO ] 📈 Evaluated. Results: {'test_loss': 0.0013751472579315305, 'test_accuracy': 0.9965808987617493, 'test_precision': 0.6314558386802673, 'test_recall': 0.13406187295913696, 'test_f1': 0.21629418432712555, 'communication_cost': 1457816}
[ 2026-03-22 17:21:43 | node_35 | INFO ] 📈 Evaluated. Results: {'test_loss': 0.0010766737395897508, 'test_accuracy': 0.9973906874656677, 'test_precision': 0.921360433101654, 'test_recall': 0.2871108055114746, 'test_f1': 0.42537033557891846, 'communication_cost': 1457816}
[ 2026-03-22 17:21:43 | node_26 | INFO ] 📈 Evaluated. Results: {'test_loss': 0.001133885351009667, 'test_accuracy': 0.9970307946205139, 'test_precision': 0.7370883822441101, 'test_recall': 0.1750584840774536, 'test_f1': 0.2816055715084076, 'communication_cost': 1457816}
[ 2026-03-22 17:21:43 | node | INFO ] 🎉 Round 142 of 150 finished.
[ 2026-03-22 17:21:43 | node_16 | INFO ] 📢 Broadcasting metrics.
[ 2026-03-22 17:21:43 | node_33 | INFO ] 📢 Broadcasting metrics.
[ 2026-03-22 17:21:43 | node_27 | INFO ] 📢 Broadcasting metrics.
[ 2026-03-22 17:21:43 | node_35 | INFO ] 📢 Broadcasting metrics.
[ 2026-03-22 17:21:43 | node_26 | INFO ] 📢 Broadcasting metrics.
[ 2026-03-22 17:21:43 | node_15 | INFO ] 📈 Evaluated. Results: {'test_loss': 0.0012485901825129986, 'test_accuracy': 0.997031033039093, 'test_precision': 0.7420422434806824, 'test_recall': 0.20983828604221344, 'test_f1': 0.303539514541626, 'communication_cost': 1457816}
[ 2026-03-22 17:21:43 | node_3 | INFO ] 🔬 Evaluating...
[ 2026-03-22 17:21:43 | node_13 | INFO ] 📈 Evaluated. Results: {'test_loss': 0.0011298268800601363, 'test_accuracy': 0.9972109794616699, 'test_precision': 0.8157444596290588, 'test_recall': 0.29385000467300415, 'test_f1': 0.41957101225852966, 'communication_cost': 1457816}
[ 2026-03-22 17:21:43 | node_15 | INFO ] 📢 Broadcasting metrics.
[ 2026-03-22 17:21:43 | node | INFO ] 🗳️ [DETERMINISTIC] Train set assigned (No Voting). Size: 50
[ 2026-03-22 17:21:43 | node_46 | INFO ] 🗣️ Gossiping aggregated model.
[ 2026-03-22 17:21:43 | node_13 | INFO ] 📢 Broadcasting metrics.
[ 2026-03-22 17:21:43 | node | INFO ] 🏋️‍♀️ Preparing training...
[ 2026-03-22 17:21:43 | node_48 | INFO ] 🧩 Model added for round 141 (3/3) from ['node_47']
[ 2026-03-22 17:21:44 | node_48 | INFO ] 🧠 Aggregation complete. Setting new model.
[ 2026-03-22 17:21:44 | node_47 | INFO ] 🧠 Aggregation complete. Setting new model.
[ 2026-03-22 17:21:44 | node_48 | INFO ] 🗣️ Gossiping aggregated model.
[ 2026-03-22 17:21:44 | node_11 | INFO ] 📈 Evaluated. Results: {'test_loss': 0.0012863223673775792, 'test_accuracy': 0.99676114320755, 'test_precision': 0.4913480281829834, 'test_recall': 0.12283700704574585, 'test_f1': 0.19437944889068604, 'communication_cost': 1457816}
[ 2026-03-22 17:21:44 | node_39 | INFO ] 🎓 Training step done.
[ 2026-03-22 17:21:44 | node_11 | INFO ] 📢 Broadcasting metrics.
[ 2026-03-22 17:21:44 | node_39 | INFO ] 🛠️ Calling force_add_local_model...
[ 2026-03-22 17:21:44 | node_16 | INFO ] 🎉 Round 143 of 150 finished.
[ 2026-03-22 17:21:44 | node_39 | INFO ] ✅ [FORCE] Local model added for round 143. (2/3)
[ 2026-03-22 17:21:44 | node_26 | INFO ] 🎉 Round 143 of 150 finished.
[ 2026-03-22 17:21:44 | node_33 | INFO ] 🎉 Round 143 of 150 finished.
[ 2026-03-22 17:21:44 | node_18 | INFO ] 📈 Evaluated. Results: {'test_loss': 0.0012867667246609926, 'test_accuracy': 0.997031033039093, 'test_precision': 1.0, 'test_recall': 0.2197423279285431, 'test_f1': 0.33581677079200745, 'communication_cost': 1457816}
[ 2026-03-22 17:21:44 | node_16 | INFO ] 🗳️ [DETERMINISTIC] Train set assigned (No Voting). Size: 50
[ 2026-03-22 17:21:44 | node_47 | INFO ] 🗣️ Gossiping aggregated model.
[ 2026-03-22 17:21:44 | node_13 | INFO ] 🎉 Round 143 of 150 finished.
[ 2026-03-22 17:21:44 | node_18 | INFO ] 📢 Broadcasting metrics.
[ 2026-03-22 17:21:44 | node_26 | INFO ] 🗳️ [DETERMINISTIC] Train set assigned (No Voting). Size: 50
[ 2026-03-22 17:21:44 | node_47 | INFO ] 🤫 Gossip finished.
[ 2026-03-22 17:21:44 | node_33 | INFO ] 🗳️ [DETERMINISTIC] Train set assigned (No Voting). Size: 50
[ 2026-03-22 17:21:44 | node_35 | INFO ] 🎉 Round 143 of 150 finished.
[ 2026-03-22 17:21:44 | node_25 | INFO ] 📈 Evaluated. Results: {'test_loss': 0.0011658734874799848, 'test_accuracy': 0.99712073802948, 'test_precision': 0.5221042633056641, 'test_recall': 0.14346899092197418, 'test_f1': 0.22490645945072174, 'communication_cost': 1457816}
[ 2026-03-22 17:21:44 | node_27 | INFO ] 🎉 Round 143 of 150 finished.
[ 2026-03-22 17:21:44 | node_15 | INFO ] 🎉 Round 143 of 150 finished.
[ 2026-03-22 17:21:44 | node_13 | INFO ] 🗳️ [DETERMINISTIC] Train set assigned (No Voting). Size: 50
[ 2026-03-22 17:21:44 | node_16 | INFO ] 🏋️‍♀️ Preparing training...
[ 2026-03-22 17:21:44 | node_47 | INFO ] 🔬 Evaluating...
[ 2026-03-22 17:21:44 | node_25 | INFO ] 📢 Broadcasting metrics.
[ 2026-03-22 17:21:44 | node_35 | INFO ] 🗳️ [DETERMINISTIC] Train set assigned (No Voting). Size: 50
[ 2026-03-22 17:21:44 | node_26 | INFO ] 🏋️‍♀️ Preparing training...
[ 2026-03-22 17:21:44 | node_27 | INFO ] 🗳️ [DETERMINISTIC] Train set assigned (No Voting). Size: 50
[ 2026-03-22 17:21:44 | node_15 | INFO ] 🗳️ [DETERMINISTIC] Train set assigned (No Voting). Size: 50
[ 2026-03-22 17:21:44 | node_33 | INFO ] 🏋️‍♀️ Preparing training...
[ 2026-03-22 17:21:44 | node_13 | INFO ] 🏋️‍♀️ Preparing training...
[ 2026-03-22 17:21:44 | node_35 | INFO ] 🏋️‍♀️ Preparing training...
[ 2026-03-22 17:21:44 | node_41 | INFO ] 📤 Sending model to 2 direct neighbors: ['node_40', 'node_42']
[ 2026-03-22 17:21:44 | node_15 | INFO ] 🏋️‍♀️ Preparing training...
[ 2026-03-22 17:21:44 | node_27 | INFO ] 🏋️‍♀️ Preparing training...
[ 2026-03-22 17:21:44 | node_42 | INFO ] 🤫 Gossip finished.
[ 2026-03-22 17:21:44 | node_30 | INFO ] 📤 Sending model to 2 direct neighbors: ['node_29', 'node_31']
[ 2026-03-22 17:21:44 | node_40 | INFO ] 🧩 Model added for round 143 (2/3) from ['node_41']
[ 2026-03-22 17:21:44 | node_42 | INFO ] 🔬 Evaluating...
[ 2026-03-22 17:21:44 | node_11 | INFO ] 🎉 Round 143 of 150 finished.
[ 2026-03-22 17:21:44 | node_5 | INFO ] 🤫 Gossip finished.
[ 2026-03-22 17:21:44 | node_11 | INFO ] 🗳️ [DETERMINISTIC] Train set assigned (No Voting). Size: 50
[ 2026-03-22 17:21:44 | node_4 | INFO ] 🤫 Gossip finished.
[ 2026-03-22 17:21:44 | node_49 | INFO ] 🤫 Gossip finished.
[ 2026-03-22 17:21:44 | node_45 | INFO ] 🤫 Gossip finished.
[ 2026-03-22 17:21:44 | node_5 | INFO ] 🔬 Evaluating...
[ 2026-03-22 17:21:44 | node_4 | INFO ] 🔬 Evaluating...
[ 2026-03-22 17:21:44 | node_2 | INFO ] 🤫 Gossip finished.
[ 2026-03-22 17:21:44 | node_29 | INFO ] 🧩 Model added for round 142 (3/3) from ['node_30']
[ 2026-03-22 17:21:45 | node_49 | INFO ] 🔬 Evaluating...
[ 2026-03-22 17:21:45 | node_11 | INFO ] 🏋️‍♀️ Preparing training...
[ 2026-03-22 17:21:45 | node_29 | INFO ] 🧠 Aggregation complete. Setting new model.
[ 2026-03-22 17:21:45 | node_45 | INFO ] 🔬 Evaluating...
[ 2026-03-22 17:21:45 | node_2 | INFO ] 🔬 Evaluating...
[ 2026-03-22 17:21:45 | node_18 | INFO ] 🎉 Round 143 of 150 finished.
[ 2026-03-22 17:21:45 | node_18 | INFO ] 🗳️ [DETERMINISTIC] Train set assigned (No Voting). Size: 50
[ 2026-03-22 17:21:45 | node_25 | INFO ] 🎉 Round 143 of 150 finished.
[ 2026-03-22 17:21:45 | node_29 | INFO ] 🗣️ Gossiping aggregated model.
[ 2026-03-22 17:21:45 | node_18 | INFO ] 🏋️‍♀️ Preparing training...
[ 2026-03-22 17:21:45 | node_25 | INFO ] 🗳️ [DETERMINISTIC] Train set assigned (No Voting). Size: 50
[ 2026-03-22 17:21:45 | node_22 | INFO ] 📈 Evaluated. Results: {'test_loss': 0.0012929028598591685, 'test_accuracy': 0.99712073802948, 'test_precision': 0.6314558386802673, 'test_recall': 0.16765211522579193, 'test_f1': 0.2500070035457611, 'communication_cost': 1457816}
[ 2026-03-22 17:21:45 | node_31 | INFO ] 🧩 Model added for round 142 (3/3) from ['node_30']
[ 2026-03-22 17:21:45 | node_48 | INFO ] 🤫 Gossip finished.
[ 2026-03-22 17:21:45 | node_25 | INFO ] 🏋️‍♀️ Preparing training...
[ 2026-03-22 17:21:45 | node_22 | INFO ] 📢 Broadcasting metrics.
[ 2026-03-22 17:21:45 | node_7 | INFO ] 📈 Evaluated. Results: {'test_loss': 0.0013335967669263482, 'test_accuracy': 0.9966711401939392, 'test_precision': 0.6448943018913269, 'test_recall': 0.16378267109394073, 'test_f1': 0.2546076476573944, 'communication_cost': 1457816}
[ 2026-03-22 17:21:45 | node_31 | INFO ] 🧠 Aggregation complete. Setting new model.
[ 2026-03-22 17:21:45 | node_8 | INFO ] 📤 Sending model to 2 direct neighbors: ['node_7', 'node_9']
[ 2026-03-22 17:21:45 | node_7 | INFO ] 📢 Broadcasting metrics.
[ 2026-03-22 17:21:45 | node_20 | INFO ] 📈 Evaluated. Results: {'test_loss': 0.0011316665913909674, 'test_accuracy': 0.9973006844520569, 'test_precision': 0.8157278895378113, 'test_recall': 0.28342047333717346, 'test_f1': 0.39474719762802124, 'communication_cost': 1457816}
[ 2026-03-22 17:21:45 | node_20 | INFO ] 📢 Broadcasting metrics.
[ 2026-03-22 17:21:45 | node_48 | INFO ] 🔬 Evaluating...
[ 2026-03-22 17:21:45 | node_46 | INFO ] 🤫 Gossip finished.
[ 2026-03-22 17:21:45 | node_46 | INFO ] 🔬 Evaluating...
[ 2026-03-22 17:21:45 | node_31 | INFO ] 🗣️ Gossiping aggregated model.
[ 2026-03-22 17:21:45 | node_30 | INFO ] 🧠 Aggregation complete. Setting new model.
[ 2026-03-22 17:21:45 | node_9 | INFO ] 🧩 Model added for round 142 (3/3) from ['node_8']
[ 2026-03-22 17:21:46 | node_9 | INFO ] 🧠 Aggregation complete. Setting new model.
[ 2026-03-22 17:21:46 | node_30 | INFO ] 🗣️ Gossiping aggregated model.
[ 2026-03-22 17:21:46 | node_9 | INFO ] 🗣️ Gossiping aggregated model.
[ 2026-03-22 17:21:46 | node_30 | INFO ] 🤫 Gossip finished.
[ 2026-03-22 17:21:46 | node_10 | INFO ] 🤫 Gossip finished.
[ 2026-03-22 17:21:46 | node_30 | INFO ] 🔬 Evaluating...
[ 2026-03-22 17:21:46 | node_22 | INFO ] 🎉 Round 143 of 150 finished.
[ 2026-03-22 17:21:46 | node_28 | INFO ] 🤫 Gossip finished.
[ 2026-03-22 17:21:46 | node_20 | INFO ] 🎉 Round 143 of 150 finished.
[ 2026-03-22 17:21:46 | node_10 | INFO ] 🔬 Evaluating...
[ 2026-03-22 17:21:46 | node_22 | INFO ] 🗳️ [DETERMINISTIC] Train set assigned (No Voting). Size: 50
[ 2026-03-22 17:21:46 | node_28 | INFO ] 🔬 Evaluating...
[ 2026-03-22 17:21:46 | node_20 | INFO ] 🗳️ [DETERMINISTIC] Train set assigned (No Voting). Size: 50
[ 2026-03-22 17:21:46 | node_7 | INFO ] 🎉 Round 142 of 150 finished.
[ 2026-03-22 17:21:46 | node_7 | INFO ] 🗳️ [DETERMINISTIC] Train set assigned (No Voting). Size: 50
[ 2026-03-22 17:21:46 | node_22 | INFO ] 🏋️‍♀️ Preparing training...
[ 2026-03-22 17:21:46 | node_20 | INFO ] 🏋️‍♀️ Preparing training...
[ 2026-03-22 17:21:46 | node_7 | INFO ] ♻️ Proactively processing 1 early models for round 142.
[ 2026-03-22 17:21:47 | node_7 | INFO ] 🧩 Model added for round 142 (1/3) from ['node_8']
[ 2026-03-22 17:21:47 | node_7 | INFO ] 🏋️‍♀️ Preparing training...
[ 2026-03-22 17:21:48 | node_19 | INFO ] 🎓 Training step done.
[ 2026-03-22 17:21:48 | node_19 | INFO ] 🛠️ Calling force_add_local_model...
[ 2026-03-22 17:21:48 | node_23 | INFO ] 📈 Evaluated. Results: {'test_loss': 0.0013596555218100548, 'test_accuracy': 0.9965808987617493, 'test_precision': 0.8157278895378113, 'test_recall': 0.22660906612873077, 'test_f1': 0.3442707061767578, 'communication_cost': 1457816}
[ 2026-03-22 17:21:48 | node_19 | INFO ] ✅ [FORCE] Local model added for round 143. (1/3)
[ 2026-03-22 17:21:48 | node_23 | INFO ] 📢 Broadcasting metrics.
[ 2026-03-22 17:21:48 | node_21 | INFO ] 📈 Evaluated. Results: {'test_loss': 0.001331998617388308, 'test_accuracy': 0.9960409998893738, 'test_precision': 0.7370883822441101, 'test_recall': 0.13513286411762238, 'test_f1': 0.22763024270534515, 'communication_cost': 1457816}
[ 2026-03-22 17:21:48 | node_3 | INFO ] 📈 Evaluated. Results: {'test_loss': 0.0017383352387696505, 'test_accuracy': 0.9960413575172424, 'test_precision': 0.49748989939689636, 'test_recall': 0.2540600001811981, 'test_f1': 0.2886294424533844, 'communication_cost': 1457816}
[ 2026-03-22 17:21:48 | node_21 | INFO ] 📢 Broadcasting metrics.
[ 2026-03-22 17:21:48 | node_3 | INFO ] 📢 Broadcasting metrics.
[ 2026-03-22 17:21:48 | node_42 | INFO ] 📈 Evaluated. Results: {'test_loss': 0.0013715995009988546, 'test_accuracy': 0.9969407916069031, 'test_precision': 0.8157278895378113, 'test_recall': 0.2318151742219925, 'test_f1': 0.3428434133529663, 'communication_cost': 1457816}
[ 2026-03-22 17:21:48 | node_42 | INFO ] 📢 Broadcasting metrics.
[ 2026-03-22 17:21:49 | node_23 | INFO ] 🎉 Round 143 of 150 finished.
[ 2026-03-22 17:21:49 | node_23 | INFO ] 🗳️ [DETERMINISTIC] Train set assigned (No Voting). Size: 50
[ 2026-03-22 17:21:49 | node_49 | INFO ] 📈 Evaluated. Results: {'test_loss': 0.0015194895677268505, 'test_accuracy': 0.996850848197937, 'test_precision': 0.5835282802581787, 'test_recall': 0.20637542009353638, 'test_f1': 0.30319294333457947, 'communication_cost': 1457816}
[ 2026-03-22 17:21:49 | node_3 | INFO ] 🎉 Round 142 of 150 finished.
[ 2026-03-22 17:21:49 | node_23 | INFO ] 🏋️‍♀️ Preparing training...
[ 2026-03-22 17:21:49 | node_49 | INFO ] 📢 Broadcasting metrics.
[ 2026-03-22 17:21:49 | node_21 | INFO ] 🎉 Round 143 of 150 finished.
[ 2026-03-22 17:21:49 | node_39 | INFO ] 📤 Sending model to 2 direct neighbors: ['node_38', 'node_40']
[ 2026-03-22 17:21:49 | node_3 | INFO ] 🗳️ [DETERMINISTIC] Train set assigned (No Voting). Size: 50
[ 2026-03-22 17:21:49 | node_2 | INFO ] 📈 Evaluated. Results: {'test_loss': 0.0012380906846374273, 'test_accuracy': 0.99676114320755, 'test_precision': 0.46502578258514404, 'test_recall': 0.17795617878437042, 'test_f1': 0.22593237459659576, 'communication_cost': 1457816}
[ 2026-03-22 17:21:49 | node_21 | INFO ] 🗳️ [DETERMINISTIC] Train set assigned (No Voting). Size: 50
[ 2026-03-22 17:21:49 | node_2 | INFO ] 📢 Broadcasting metrics.
[ 2026-03-22 17:21:49 | node_37 | INFO ] 🎓 Training step done.
[ 2026-03-22 17:21:49 | node_3 | INFO ] 🏋️‍♀️ Preparing training...
[ 2026-03-22 17:21:49 | node_38 | INFO ] 🧩 Model added for round 143 (1/3) from ['node_39']
[ 2026-03-22 17:21:49 | node_21 | INFO ] 🏋️‍♀️ Preparing training...
[ 2026-03-22 17:21:49 | node_37 | INFO ] 🛠️ Calling force_add_local_model...
[ 2026-03-22 17:21:49 | node_42 | INFO ] 🎉 Round 143 of 150 finished.
[ 2026-03-22 17:21:49 | node_45 | INFO ] 📈 Evaluated. Results: {'test_loss': 0.0011607878841459751, 'test_accuracy': 0.9973006844520569, 'test_precision': 0.7456960678100586, 'test_recall': 0.33622974157333374, 'test_f1': 0.43947380781173706, 'communication_cost': 1457816}
[ 2026-03-22 17:21:49 | node_37 | INFO ] ✅ [FORCE] Local model added for round 143. (1/3)
[ 2026-03-22 17:21:50 | node_47 | INFO ] 📈 Evaluated. Results: {'test_loss': 0.0009041590383276343, 'test_accuracy': 0.9979305267333984, 'test_precision': 0.49139225482940674, 'test_recall': 0.21717782318592072, 'test_f1': 0.30041933059692383, 'communication_cost': 1457816}
[ 2026-03-22 17:21:50 | node_42 | INFO ] 🗳️ [DETERMINISTIC] Train set assigned (No Voting). Size: 50
[ 2026-03-22 17:21:50 | node_45 | INFO ] 📢 Broadcasting metrics.
[ 2026-03-22 17:21:50 | node_47 | INFO ] 📢 Broadcasting metrics.
[ 2026-03-22 17:21:50 | node_38 | INFO ] 🎓 Training step done.
[ 2026-03-22 17:21:50 | node_42 | INFO ] ♻️ Proactively processing 1 early models for round 143.
[ 2026-03-22 17:21:50 | node_38 | INFO ] 🛠️ Calling force_add_local_model...
[ 2026-03-22 17:21:50 | node_4 | INFO ] 📈 Evaluated. Results: {'test_loss': 0.0012796774972230196, 'test_accuracy': 0.9968510866165161, 'test_precision': 0.9692906737327576, 'test_recall': 0.3558069169521332, 'test_f1': 0.517666757106781, 'communication_cost': 1457816}
[ 2026-03-22 17:21:50 | node_42 | INFO ] 🧩 Model added for round 143 (1/3) from ['node_41']
[ 2026-03-22 17:21:50 | node_5 | INFO ] 📈 Evaluated. Results: {'test_loss': 0.0014697415754199028, 'test_accuracy': 0.9964912533760071, 'test_precision': 0.6448943018913269, 'test_recall': 0.16012682020664215, 'test_f1': 0.2518158555030823, 'communication_cost': 1457816}
[ 2026-03-22 17:21:50 | node_38 | INFO ] ✅ [FORCE] Local model added for round 143. (2/3)
[ 2026-03-22 17:21:50 | node_4 | INFO ] 📢 Broadcasting metrics.
[ 2026-03-22 17:21:50 | node_42 | INFO ] 🏋️‍♀️ Preparing training...
[ 2026-03-22 17:21:50 | node_5 | INFO ] 📢 Broadcasting metrics.
[ 2026-03-22 17:21:50 | node_28 | INFO ] 📈 Evaluated. Results: {'test_loss': 0.001040104078128934, 'test_accuracy': 0.996850848197937, 'test_precision': 0.7831563949584961, 'test_recall': 0.3127041459083557, 'test_f1': 0.4362967312335968, 'communication_cost': 1457816}
[ 2026-03-22 17:21:50 | node_40 | INFO ] 🧩 Model added for round 143 (3/3) from ['node_39']
[ 2026-03-22 17:21:50 | node_28 | INFO ] 📢 Broadcasting metrics.
[ 2026-03-22 17:21:50 | node_48 | INFO ] 📈 Evaluated. Results: {'test_loss': 0.0015511084347963333, 'test_accuracy': 0.9965808987617493, 'test_precision': 0.8292244076728821, 'test_recall': 0.20423489809036255, 'test_f1': 0.3233935534954071, 'communication_cost': 1457816}
[ 2026-03-22 17:21:50 | node_48 | INFO ] 📢 Broadcasting metrics.
[ 2026-03-22 17:21:50 | node_49 | INFO ] 🎉 Round 142 of 150 finished.
[ 2026-03-22 17:21:50 | node_2 | INFO ] 🎉 Round 142 of 150 finished.
[ 2026-03-22 17:21:50 | node_49 | INFO ] 🗳️ [DETERMINISTIC] Train set assigned (No Voting). Size: 50
[ 2026-03-22 17:21:50 | node_2 | INFO ] 🗳️ [DETERMINISTIC] Train set assigned (No Voting). Size: 50
[ 2026-03-22 17:21:50 | node_2 | INFO ] 🏋️‍♀️ Preparing training...
[ 2026-03-22 17:21:50 | node_49 | INFO ] 🏋️‍♀️ Preparing training...
[ 2026-03-22 17:21:50 | node_40 | INFO ] 🧠 Aggregation complete. Setting new model.
[ 2026-03-22 17:21:50 | node_4 | INFO ] 🎉 Round 142 of 150 finished.
[ 2026-03-22 17:21:50 | node_45 | INFO ] 🎉 Round 142 of 150 finished.
[ 2026-03-22 17:21:50 | node_5 | INFO ] 🎉 Round 142 of 150 finished.
[ 2026-03-22 17:21:50 | node_47 | INFO ] 🎉 Round 142 of 150 finished.
[ 2026-03-22 17:21:50 | node_4 | INFO ] 🗳️ [DETERMINISTIC] Train set assigned (No Voting). Size: 50
[ 2026-03-22 17:21:50 | node_45 | INFO ] 🗳️ [DETERMINISTIC] Train set assigned (No Voting). Size: 50
[ 2026-03-22 17:21:50 | node_30 | INFO ] 📈 Evaluated. Results: {'test_loss': 0.001131462282501161, 'test_accuracy': 0.9973006844520569, 'test_precision': 0.8599364757537842, 'test_recall': 0.3325672745704651, 'test_f1': 0.4786917567253113, 'communication_cost': 1457816}
[ 2026-03-22 17:21:50 | node_5 | INFO ] 🗳️ [DETERMINISTIC] Train set assigned (No Voting). Size: 50
[ 2026-03-22 17:21:50 | node_47 | INFO ] 🗳️ [DETERMINISTIC] Train set assigned (No Voting). Size: 50
[ 2026-03-22 17:21:50 | node_12 | INFO ] 🎓 Training step done.
[ 2026-03-22 17:21:50 | node_30 | INFO ] 📢 Broadcasting metrics.
[ 2026-03-22 17:21:51 | node_12 | INFO ] 🛠️ Calling force_add_local_model...
[ 2026-03-22 17:21:51 | node_45 | INFO ] ♻️ Proactively processing 1 early models for round 142.
[ 2026-03-22 17:21:51 | node_4 | INFO ] 🏋️‍♀️ Preparing training...
[ 2026-03-22 17:21:51 | node_5 | INFO ] 🏋️‍♀️ Preparing training...
[ 2026-03-22 17:21:51 | node_12 | INFO ] ✅ [FORCE] Local model added for round 143. (1/3)
[ 2026-03-22 17:21:51 | node_45 | INFO ] 🧩 Model added for round 142 (1/3) from ['node_44']
[ 2026-03-22 17:21:51 | node_47 | INFO ] 🏋️‍♀️ Preparing training...
[ 2026-03-22 17:21:51 | node_40 | INFO ] 🗣️ Gossiping aggregated model.
[ 2026-03-22 17:21:51 | node_45 | INFO ] 🏋️‍♀️ Preparing training...
[ 2026-03-22 17:21:51 | node_48 | INFO ] 🎉 Round 142 of 150 finished.
[ 2026-03-22 17:21:51 | node_48 | INFO ] 🗳️ [DETERMINISTIC] Train set assigned (No Voting). Size: 50
[ 2026-03-22 17:21:51 | node_28 | INFO ] 🎉 Round 143 of 150 finished.
[ 2026-03-22 17:21:51 | node_10 | INFO ] 📈 Evaluated. Results: {'test_loss': 0.0013483338989317417, 'test_accuracy': 0.997031033039093, 'test_precision': 0.5527665615081787, 'test_recall': 0.10850602388381958, 'test_f1': 0.18106494843959808, 'communication_cost': 1457816}
[ 2026-03-22 17:21:51 | node_10 | INFO ] 📢 Broadcasting metrics.
[ 2026-03-22 17:21:51 | node_28 | INFO ] 🗳️ [DETERMINISTIC] Train set assigned (No Voting). Size: 50
[ 2026-03-22 17:21:51 | node_48 | INFO ] 🏋️‍♀️ Preparing training...
[ 2026-03-22 17:21:51 | node_28 | INFO ] 🏋️‍♀️ Preparing training...
[ 2026-03-22 17:21:51 | node_30 | INFO ] 🎉 Round 143 of 150 finished.
[ 2026-03-22 17:21:51 | node_26 | INFO ] 🎓 Training step done.
[ 2026-03-22 17:21:51 | node_30 | INFO ] 🗳️ [DETERMINISTIC] Train set assigned (No Voting). Size: 50
[ 2026-03-22 17:21:51 | node_26 | INFO ] 🛠️ Calling force_add_local_model...
[ 2026-03-22 17:21:51 | node_26 | INFO ] ✅ [FORCE] Local model added for round 143. (1/3)
[ 2026-03-22 17:21:51 | node_30 | INFO ] 🏋️‍♀️ Preparing training...
[ 2026-03-22 17:21:51 | node_10 | INFO ] 🎉 Round 143 of 150 finished.
[ 2026-03-22 17:21:51 | node_34 | INFO ] 🎓 Training step done.
[ 2026-03-22 17:21:51 | node_10 | INFO ] 🗳️ [DETERMINISTIC] Train set assigned (No Voting). Size: 50
[ 2026-03-22 17:21:51 | node_34 | INFO ] 🛠️ Calling force_add_local_model...
[ 2026-03-22 17:21:51 | node_46 | INFO ] 📈 Evaluated. Results: {'test_loss': 0.0015185708180069923, 'test_accuracy': 0.9963109493255615, 'test_precision': 0.6314558386802673, 'test_recall': 0.12907615303993225, 'test_f1': 0.2025919109582901, 'communication_cost': 1457816}
[ 2026-03-22 17:21:51 | node_34 | INFO ] ✅ [FORCE] Local model added for round 143. (1/3)
[ 2026-03-22 17:21:51 | node_46 | INFO ] 📢 Broadcasting metrics.
[ 2026-03-22 17:21:52 | node_10 | INFO ] 🏋️‍♀️ Preparing training...
[ 2026-03-22 17:21:52 | node_35 | INFO ] 🎓 Training step done.
[ 2026-03-22 17:21:52 | node_35 | INFO ] 🛠️ Calling force_add_local_model...
[ 2026-03-22 17:21:52 | node_17 | INFO ] 🎓 Training step done.
[ 2026-03-22 17:21:52 | node_35 | INFO ] ✅ [FORCE] Local model added for round 143. (1/3)
[ 2026-03-22 17:21:52 | node_17 | INFO ] 🛠️ Calling force_add_local_model...
[ 2026-03-22 17:21:52 | node_17 | INFO ] ✅ [FORCE] Local model added for round 143. (1/3)
[ 2026-03-22 17:21:52 | node_46 | INFO ] 🎉 Round 142 of 150 finished.
[ 2026-03-22 17:21:52 | node_46 | INFO ] 🗳️ [DETERMINISTIC] Train set assigned (No Voting). Size: 50
[ 2026-03-22 17:21:52 | node_46 | INFO ] 🏋️‍♀️ Preparing training...
[ 2026-03-22 17:21:52 | node_36 | INFO ] ⏹️  Gossiping exited for 10 equal rounds.
[ 2026-03-22 17:21:52 | node_36 | INFO ] 🔬 Evaluating...
[ 2026-03-22 17:21:53 | node_19 | INFO ] 📤 Sending model to 2 direct neighbors: ['node_18', 'node_20']
[ 2026-03-22 17:21:53 | node_18 | INFO ] 🧩 Model added for round 143 (1/3) from ['node_19']
[ 2026-03-22 17:21:53 | node_20 | INFO ] 🧩 Model added for round 143 (1/3) from ['node_19']
[ 2026-03-22 17:21:53 | node_7 | INFO ] 🎓 Training step done.
[ 2026-03-22 17:21:53 | node_7 | INFO ] 🛠️ Calling force_add_local_model...
[ 2026-03-22 17:21:53 | node_7 | INFO ] ✅ [FORCE] Local model added for round 142. (2/3)
[ 2026-03-22 17:21:53 | node_15 | INFO ] 🎓 Training step done.
[ 2026-03-22 17:21:53 | node_15 | INFO ] 🛠️ Calling force_add_local_model...
[ 2026-03-22 17:21:53 | node_15 | INFO ] ✅ [FORCE] Local model added for round 143. (1/3)
[ 2026-03-22 17:21:54 | node | INFO ] 🎓 Training step done.
[ 2026-03-22 17:21:54 | node | INFO ] 🛠️ Calling force_add_local_model...
[ 2026-03-22 17:21:54 | node | INFO ] ✅ [FORCE] Local model added for round 142. (1/3)
[ 2026-03-22 17:21:54 | node_24 | INFO ] ⏹️  Gossiping exited for 10 equal rounds.
[ 2026-03-22 17:21:54 | node_24 | INFO ] 🔬 Evaluating...
[ 2026-03-22 17:21:54 | node_1 | INFO ] ⏹️  Gossiping exited for 10 equal rounds.
[ 2026-03-22 17:21:54 | node_18 | INFO ] 🎓 Training step done.
[ 2026-03-22 17:21:54 | node_18 | INFO ] 🛠️ Calling force_add_local_model...
[ 2026-03-22 17:21:54 | node_1 | INFO ] 🔬 Evaluating...
[ 2026-03-22 17:21:54 | node_18 | INFO ] ✅ [FORCE] Local model added for round 143. (2/3)
[ 2026-03-22 17:21:55 | node_37 | INFO ] 📤 Sending model to 2 direct neighbors: ['node_36', 'node_38']
[ 2026-03-22 17:21:55 | node_38 | INFO ] 🧩 Model added for round 143 (3/3) from ['node_37']
[ 2026-03-22 17:21:55 | node_38 | INFO ] 📤 Sending model to 2 direct neighbors: ['node_37', 'node_39']
[ 2026-03-22 17:21:55 | node_33 | INFO ] 🎓 Training step done.
[ 2026-03-22 17:21:55 | node_33 | INFO ] 🛠️ Calling force_add_local_model...
[ 2026-03-22 17:21:55 | node_33 | INFO ] ✅ [FORCE] Local model added for round 143. (1/3)
[ 2026-03-22 17:21:55 | node_32 | INFO ] ⏹️  Gossiping exited for 10 equal rounds.
[ 2026-03-22 17:21:55 | node_37 | INFO ] 🧩 Model added for round 143 (2/3) from ['node_38']
[ 2026-03-22 17:21:55 | node_32 | INFO ] 🔬 Evaluating...
[ 2026-03-22 17:21:55 | node_6 | INFO ] ⏹️  Gossiping exited for 10 equal rounds.
[ 2026-03-22 17:21:55 | node_13 | INFO ] 🎓 Training step done.
[ 2026-03-22 17:21:55 | node_13 | INFO ] 🛠️ Calling force_add_local_model...
[ 2026-03-22 17:21:55 | node_6 | INFO ] 🔬 Evaluating...
[ 2026-03-22 17:21:55 | node_13 | INFO ] ✅ [FORCE] Local model added for round 143. (1/3)
[ 2026-03-22 17:21:56 | node_39 | INFO ] 🧩 Model added for round 143 (3/3) from ['node_38']
[ 2026-03-22 17:21:56 | node_12 | INFO ] 📤 Sending model to 2 direct neighbors: ['node_11', 'node_13']
[ 2026-03-22 17:21:56 | node_39 | INFO ] 🧠 Aggregation complete. Setting new model.
[ 2026-03-22 17:21:56 | node_16 | INFO ] 🎓 Training step done.
[ 2026-03-22 17:21:56 | node_16 | INFO ] 🛠️ Calling force_add_local_model...
[ 2026-03-22 17:21:56 | node_5 | INFO ] 🎓 Training step done.
[ 2026-03-22 17:21:56 | node_16 | INFO ] ✅ [FORCE] Local model added for round 143. (1/3)
[ 2026-03-22 17:21:56 | node_5 | INFO ] 🛠️ Calling force_add_local_model...
[ 2026-03-22 17:21:56 | node_11 | INFO ] 🧩 Model added for round 143 (1/3) from ['node_12']
[ 2026-03-22 17:21:56 | node_5 | INFO ] ✅ [FORCE] Local model added for round 142. (1/3)
[ 2026-03-22 17:21:56 | node_38 | INFO ] 🧠 Aggregation complete. Setting new model.
[ 2026-03-22 17:21:56 | node_39 | INFO ] 🗣️ Gossiping aggregated model.
[ 2026-03-22 17:21:56 | node_26 | INFO ] 📤 Sending model to 2 direct neighbors: ['node_25', 'node_27']
[ 2026-03-22 17:21:56 | node_36 | INFO ] 📈 Evaluated. Results: {'test_loss': 0.001512142363935709, 'test_accuracy': 0.9963109493255615, 'test_precision': 0.6756643652915955, 'test_recall': 0.14537020027637482, 'test_f1': 0.23778033256530762, 'communication_cost': 1457816}
[ 2026-03-22 17:21:56 | node_36 | INFO ] 📢 Broadcasting metrics.
[ 2026-03-22 17:21:56 | node_38 | INFO ] 🗣️ Gossiping aggregated model.
[ 2026-03-22 17:21:57 | node_27 | INFO ] 🎓 Training step done.
[ 2026-03-22 17:21:57 | node_1 | INFO ] 📈 Evaluated. Results: {'test_loss': 0.0013073920272290707, 'test_accuracy': 0.9972109794616699, 'test_precision': 0.6448943018913269, 'test_recall': 0.19244463741779327, 'test_f1': 0.28196677565574646, 'communication_cost': 1457816}
[ 2026-03-22 17:21:57 | node_34 | INFO ] 📤 Sending model to 2 direct neighbors: ['node_33', 'node_35']
[ 2026-03-22 17:21:57 | node_27 | INFO ] 🛠️ Calling force_add_local_model...
[ 2026-03-22 17:21:57 | node_27 | INFO ] ✅ [FORCE] Local model added for round 143. (1/3)
[ 2026-03-22 17:21:57 | node_1 | INFO ] 📢 Broadcasting metrics.
[ 2026-03-22 17:21:57 | node_25 | INFO ] 🧩 Model added for round 143 (1/3) from ['node_26']
[ 2026-03-22 17:21:57 | node_13 | INFO ] 🧩 Model added for round 143 (2/3) from ['node_12']
[ 2026-03-22 17:21:57 | node_20 | INFO ] 🎓 Training step done.
[ 2026-03-22 17:21:57 | node_20 | INFO ] 🛠️ Calling force_add_local_model...
[ 2026-03-22 17:21:57 | node_35 | INFO ] 📤 Sending model to 2 direct neighbors: ['node_34', 'node_36']
[ 2026-03-22 17:21:57 | node_17 | INFO ] 📤 Sending model to 2 direct neighbors: ['node_16', 'node_18']
[ 2026-03-22 17:21:57 | node_20 | INFO ] ✅ [FORCE] Local model added for round 143. (2/3)
[ 2026-03-22 17:21:57 | node_33 | INFO ] 🧩 Model added for round 143 (2/3) from ['node_34']
[ 2026-03-22 17:21:57 | node_34 | INFO ] 🧩 Model added for round 143 (2/3) from ['node_35']
[ 2026-03-22 17:21:57 | node_16 | INFO ] 🧩 Model added for round 143 (2/3) from ['node_17']
[ 2026-03-22 17:21:57 | node_27 | INFO ] 🧩 Model added for round 143 (2/3) from ['node_26']
[ 2026-03-22 17:21:57 | node_36 | INFO ] 🎉 Round 143 of 150 finished.
[ 2026-03-22 17:21:57 | node_36 | INFO ] 🗳️ [DETERMINISTIC] Train set assigned (No Voting). Size: 50
[ 2026-03-22 17:21:57 | node_36 | INFO ] ♻️ Proactively processing 1 early models for round 143.
[ 2026-03-22 17:21:57 | node_36 | INFO ] 🧩 Model added for round 143 (1/3) from ['node_37']
[ 2026-03-22 17:21:57 | node_1 | INFO ] 🎉 Round 142 of 150 finished.
[ 2026-03-22 17:21:57 | node_36 | INFO ] 🏋️‍♀️ Preparing training...
[ 2026-03-22 17:21:57 | node_1 | INFO ] 🗳️ [DETERMINISTIC] Train set assigned (No Voting). Size: 50
[ 2026-03-22 17:21:57 | node_1 | INFO ] 🏋️‍♀️ Preparing training...
[ 2026-03-22 17:21:57 | node_35 | INFO ] 🧩 Model added for round 143 (2/3) from ['node_34']
[ 2026-03-22 17:21:57 | node_36 | INFO ] 🧩 Model added for round 143 (2/3) from ['node_35']
[ 2026-03-22 17:21:57 | node_18 | INFO ] 🧩 Model added for round 143 (3/3) from ['node_17']
[ 2026-03-22 17:21:57 | node_2 | INFO ] 🎓 Training step done.
[ 2026-03-22 17:21:58 | node_14 | INFO ] 🎓 Training step done.
[ 2026-03-22 17:21:58 | node_2 | INFO ] 🛠️ Calling force_add_local_model...
[ 2026-03-22 17:21:58 | node_11 | INFO ] 🎓 Training step done.
[ 2026-03-22 17:21:58 | node_14 | INFO ] 🛠️ Calling force_add_local_model...
[ 2026-03-22 17:21:58 | node_11 | INFO ] 🛠️ Calling force_add_local_model...
[ 2026-03-22 17:21:58 | node_2 | INFO ] ✅ [FORCE] Local model added for round 142. (1/3)
[ 2026-03-22 17:21:58 | node_3 | INFO ] 🎓 Training step done.
[ 2026-03-22 17:21:58 | node_14 | INFO ] ✅ [FORCE] Local model added for round 143. (1/3)
[ 2026-03-22 17:21:58 | node_11 | INFO ] ✅ [FORCE] Local model added for round 143. (2/3)
[ 2026-03-22 17:21:58 | node_3 | INFO ] 🛠️ Calling force_add_local_model...
[ 2026-03-22 17:21:58 | node_4 | INFO ] 🎓 Training step done.
[ 2026-03-22 17:21:58 | node_3 | INFO ] ✅ [FORCE] Local model added for round 142. (1/3)
[ 2026-03-22 17:21:58 | node_4 | INFO ] 🛠️ Calling force_add_local_model...
[ 2026-03-22 17:21:58 | node_4 | INFO ] ✅ [FORCE] Local model added for round 142. (1/3)
[ 2026-03-22 17:21:58 | node_25 | INFO ] 🎓 Training step done.
[ 2026-03-22 17:21:58 | node_25 | INFO ] 🛠️ Calling force_add_local_model...
[ 2026-03-22 17:21:58 | node_25 | INFO ] ✅ [FORCE] Local model added for round 143. (2/3)
[ 2026-03-22 17:21:58 | node_39 | INFO ] 🤫 Gossip finished.
[ 2026-03-22 17:21:58 | node_39 | INFO ] 🔬 Evaluating...
[ 2026-03-22 17:21:58 | node_22 | INFO ] 🎓 Training step done.
[ 2026-03-22 17:21:58 | node_22 | INFO ] 🛠️ Calling force_add_local_model...
[ 2026-03-22 17:21:58 | node_22 | INFO ] ✅ [FORCE] Local model added for round 143. (1/3)
[ 2026-03-22 17:21:58 | node_24 | INFO ] 📈 Evaluated. Results: {'test_loss': 0.0009544453932903707, 'test_accuracy': 0.9972107410430908, 'test_precision': 0.8157278895378113, 'test_recall': 0.2261512130498886, 'test_f1': 0.344655841588974, 'communication_cost': 1457816}
[ 2026-03-22 17:21:58 | node_24 | INFO ] 📢 Broadcasting metrics.
[ 2026-03-22 17:21:58 | node_7 | INFO ] 📤 Sending model to 2 direct neighbors: ['node_6', 'node_8']
[ 2026-03-22 17:21:58 | node_10 | INFO ] 🎓 Training step done.
[ 2026-03-22 17:21:58 | node_10 | INFO ] 🛠️ Calling force_add_local_model...
[ 2026-03-22 17:21:58 | node_10 | INFO ] ✅ [FORCE] Local model added for round 143. (1/3)
[ 2026-03-22 17:21:58 | node_15 | INFO ] 📤 Sending model to 2 direct neighbors: ['node_14', 'node_16']
[ 2026-03-22 17:21:59 | node_8 | INFO ] 🧩 Model added for round 142 (3/3) from ['node_7']
[ 2026-03-22 17:21:59 | node_14 | INFO ] 🧩 Model added for round 143 (2/3) from ['node_15']
[ 2026-03-22 17:21:59 | node_8 | INFO ] 🧠 Aggregation complete. Setting new model.
[ 2026-03-22 17:21:59 | node_42 | INFO ] 🎓 Training step done.
[ 2026-03-22 17:21:59 | node_42 | INFO ] 🛠️ Calling force_add_local_model...
[ 2026-03-22 17:21:59 | node_49 | INFO ] 🎓 Training step done.
[ 2026-03-22 17:21:59 | node_24 | INFO ] 🎉 Round 143 of 150 finished.
[ 2026-03-22 17:21:59 | node_42 | INFO ] ✅ [FORCE] Local model added for round 143. (2/3)
[ 2026-03-22 17:21:59 | node_23 | INFO ] 🎓 Training step done.
[ 2026-03-22 17:21:59 | node_49 | INFO ] 🛠️ Calling force_add_local_model...
[ 2026-03-22 17:21:59 | node_32 | INFO ] 📈 Evaluated. Results: {'test_loss': 0.0010519861243665218, 'test_accuracy': 0.9970307946205139, 'test_precision': 0.8292244076728821, 'test_recall': 0.33591970801353455, 'test_f1': 0.4642433524131775, 'communication_cost': 1457816}
[ 2026-03-22 17:21:59 | node_23 | INFO ] 🛠️ Calling force_add_local_model...
[ 2026-03-22 17:21:59 | node_49 | INFO ] ✅ [FORCE] Local model added for round 142. (1/3)
[ 2026-03-22 17:21:59 | node_32 | INFO ] 📢 Broadcasting metrics.
[ 2026-03-22 17:21:59 | node_24 | INFO ] 🗳️ [DETERMINISTIC] Train set assigned (No Voting). Size: 50
[ 2026-03-22 17:21:59 | node_8 | INFO ] 🗣️ Gossiping aggregated model.
[ 2026-03-22 17:21:59 | node_23 | INFO ] ✅ [FORCE] Local model added for round 143. (1/3)
[ 2026-03-22 17:21:59 | node_24 | INFO ] 🏋️‍♀️ Preparing training...
[ 2026-03-22 17:21:59 | node | INFO ] 📤 Sending model to 2 direct neighbors: ['node_1', 'node_49']
[ 2026-03-22 17:21:59 | node_9 | INFO ] 🤫 Gossip finished.
[ 2026-03-22 17:21:59 | node_43 | INFO ] ⏹️  Gossiping exited for 10 equal rounds.
[ 2026-03-22 17:21:59 | node_16 | INFO ] 🧩 Model added for round 143 (3/3) from ['node_15']
[ 2026-03-22 17:21:59 | node_9 | INFO ] 🔬 Evaluating...
[ 2026-03-22 17:21:59 | node_43 | INFO ] 🔬 Evaluating...
[ 2026-03-22 17:21:59 | node_1 | INFO ] 🧩 Model added for round 142 (1/3) from ['node']
[ 2026-03-22 17:21:59 | node_32 | INFO ] 🎉 Round 143 of 150 finished.
[ 2026-03-22 17:21:59 | node_6 | INFO ] 📈 Evaluated. Results: {'test_loss': 0.0012050149962306023, 'test_accuracy': 0.996941089630127, 'test_precision': 0.8157444596290588, 'test_recall': 0.24512016773223877, 'test_f1': 0.372141033411026, 'communication_cost': 1457816}
[ 2026-03-22 17:21:59 | node_32 | INFO ] 🗳️ [DETERMINISTIC] Train set assigned (No Voting). Size: 50
[ 2026-03-22 17:21:59 | node_6 | INFO ] 📢 Broadcasting metrics.
[ 2026-03-22 17:21:59 | node_49 | INFO ] 🧩 Model added for round 142 (2/3) from ['node']
[ 2026-03-22 17:21:59 | node_32 | INFO ] 🏋️‍♀️ Preparing training...
[ 2026-03-22 17:21:59 | node_18 | INFO ] 📤 Sending model to 2 direct neighbors: ['node_17', 'node_19']
[ 2026-03-22 17:21:59 | node_17 | INFO ] 🧩 Model added for round 143 (2/3) from ['node_18']
[ 2026-03-22 17:21:59 | node_21 | INFO ] 🎓 Training step done.
[ 2026-03-22 17:21:59 | node_21 | INFO ] 🛠️ Calling force_add_local_model...
[ 2026-03-22 17:21:59 | node_30 | INFO ] 🎓 Training step done.
[ 2026-03-22 17:21:59 | node_21 | INFO ] ✅ [FORCE] Local model added for round 143. (1/3)
[ 2026-03-22 17:21:59 | node_30 | INFO ] 🛠️ Calling force_add_local_model...
[ 2026-03-22 17:21:59 | node_30 | INFO ] ✅ [FORCE] Local model added for round 143. (1/3)
[ 2026-03-22 17:21:59 | node_45 | INFO ] 🎓 Training step done.
[ 2026-03-22 17:21:59 | node_45 | INFO ] 🛠️ Calling force_add_local_model...
[ 2026-03-22 17:21:59 | node_45 | INFO ] ✅ [FORCE] Local model added for round 142. (2/3)
[ 2026-03-22 17:21:59 | node_6 | INFO ] 🎉 Round 142 of 150 finished.
[ 2026-03-22 17:21:59 | node_6 | INFO ] 🗳️ [DETERMINISTIC] Train set assigned (No Voting). Size: 50
[ 2026-03-22 17:21:59 | node_19 | INFO ] 🧩 Model added for round 143 (2/3) from ['node_18']
[ 2026-03-22 17:21:59 | node_39 | INFO ] 📈 Evaluated. Results: {'test_loss': 0.0010607711737975478, 'test_accuracy': 0.9975706338882446, 'test_precision': 0.567566454410553, 'test_recall': 0.3903142213821411, 'test_f1': 0.4581199884414673, 'communication_cost': 1457816}
[ 2026-03-22 17:21:59 | node_6 | INFO ] ♻️ Proactively processing 1 early models for round 142.
[ 2026-03-22 17:22:00 | node_39 | INFO ] 📢 Broadcasting metrics.
[ 2026-03-22 17:22:00 | node_6 | INFO ] 🧩 Model added for round 142 (1/3) from ['node_7']
[ 2026-03-22 17:22:00 | node_6 | INFO ] 🏋️‍♀️ Preparing training...
[ 2026-03-22 17:22:00 | node_18 | INFO ] 🧠 Aggregation complete. Setting new model.
[ 2026-03-22 17:22:00 | node_18 | INFO ] 🗣️ Gossiping aggregated model.
[ 2026-03-22 17:22:00 | node_47 | INFO ] 🎓 Training step done.
[ 2026-03-22 17:22:00 | node_47 | INFO ] 🛠️ Calling force_add_local_model...
[ 2026-03-22 17:22:00 | node_47 | INFO ] ✅ [FORCE] Local model added for round 142. (1/3)
[ 2026-03-22 17:22:00 | node_39 | INFO ] 🎉 Round 144 of 150 finished.
[ 2026-03-22 17:22:00 | node_39 | INFO ] 🗳️ [DETERMINISTIC] Train set assigned (No Voting). Size: 50
[ 2026-03-22 17:22:00 | node_48 | INFO ] 🎓 Training step done.
[ 2026-03-22 17:22:00 | node_39 | INFO ] 🏋️‍♀️ Preparing training...
[ 2026-03-22 17:22:00 | node_48 | INFO ] 🛠️ Calling force_add_local_model...
[ 2026-03-22 17:22:00 | node_48 | INFO ] ✅ [FORCE] Local model added for round 142. (1/3)
[ 2026-03-22 17:22:00 | node_29 | INFO ] ⏹️  Gossiping exited for 10 equal rounds.
[ 2026-03-22 17:22:00 | node_33 | INFO ] 📤 Sending model to 2 direct neighbors: ['node_32', 'node_34']
[ 2026-03-22 17:22:00 | node_29 | INFO ] 🔬 Evaluating...
[ 2026-03-22 17:22:00 | node_32 | INFO ] 🧩 Model added for round 143 (1/3) from ['node_33']
[ 2026-03-22 17:22:00 | node_31 | INFO ] ⏹️  Gossiping exited for 10 equal rounds.
[ 2026-03-22 17:22:00 | node_13 | INFO ] 📤 Sending model to 2 direct neighbors: ['node_12', 'node_14']
[ 2026-03-22 17:22:00 | node_46 | INFO ] 🎓 Training step done.
[ 2026-03-22 17:22:00 | node_34 | INFO ] 🧩 Model added for round 143 (3/3) from ['node_33']
[ 2026-03-22 17:22:01 | node_46 | INFO ] 🛠️ Calling force_add_local_model...
[ 2026-03-22 17:22:01 | node_31 | INFO ] 🔬 Evaluating...
[ 2026-03-22 17:22:01 | node_34 | INFO ] 🧠 Aggregation complete. Setting new model.
[ 2026-03-22 17:22:01 | node_46 | INFO ] ✅ [FORCE] Local model added for round 142. (1/3)
[ 2026-03-22 17:22:01 | node_12 | INFO ] 🧩 Model added for round 143 (2/3) from ['node_13']
[ 2026-03-22 17:22:01 | node_34 | INFO ] 🗣️ Gossiping aggregated model.
[ 2026-03-22 17:22:01 | node_14 | INFO ] 🧩 Model added for round 143 (3/3) from ['node_13']
[ 2026-03-22 17:22:01 | node_16 | INFO ] 📤 Sending model to 2 direct neighbors: ['node_15', 'node_17']
[ 2026-03-22 17:22:01 | node_43 | INFO ] 📈 Evaluated. Results: {'test_loss': 0.0014620869187638164, 'test_accuracy': 0.9961310029029846, 'test_precision': 0.36854419112205505, 'test_recall': 0.04475179687142372, 'test_f1': 0.07957203686237335, 'communication_cost': 1457816}
[ 2026-03-22 17:22:01 | node_43 | INFO ] 📢 Broadcasting metrics.
[ 2026-03-22 17:22:01 | node_15 | INFO ] 🧩 Model added for round 143 (2/3) from ['node_16']
[ 2026-03-22 17:22:01 | node_1 | INFO ] 🎓 Training step done.
[ 2026-03-22 17:22:01 | node_1 | INFO ] 🛠️ Calling force_add_local_model...
[ 2026-03-22 17:22:01 | node_1 | INFO ] ✅ [FORCE] Local model added for round 142. (2/3)
[ 2026-03-22 17:22:01 | node_5 | INFO ] 📤 Sending model to 2 direct neighbors: ['node_4', 'node_6']
[ 2026-03-22 17:22:01 | node_9 | INFO ] 📈 Evaluated. Results: {'test_loss': 0.0012469826033338904, 'test_accuracy': 0.996941089630127, 'test_precision': 0.8291497826576233, 'test_recall': 0.21553845703601837, 'test_f1': 0.3285890221595764, 'communication_cost': 1457816}
[ 2026-03-22 17:22:01 | node_43 | INFO ] 🎉 Round 143 of 150 finished.
[ 2026-03-22 17:22:01 | node_9 | INFO ] 📢 Broadcasting metrics.
[ 2026-03-22 17:22:01 | node_43 | INFO ] 🗳️ [DETERMINISTIC] Train set assigned (No Voting). Size: 50
[ 2026-03-22 17:22:01 | node_17 | INFO ] 🧩 Model added for round 143 (3/3) from ['node_16']
[ 2026-03-22 17:22:01 | node_4 | INFO ] 🧩 Model added for round 142 (2/3) from ['node_5']
[ 2026-03-22 17:22:02 | node_43 | INFO ] 🏋️‍♀️ Preparing training...
[ 2026-03-22 17:22:02 | node_17 | INFO ] 🧠 Aggregation complete. Setting new model.
[ 2026-03-22 17:22:02 | node_27 | INFO ] 📤 Sending model to 2 direct neighbors: ['node_26', 'node_28']
[ 2026-03-22 17:22:02 | node_20 | INFO ] 📤 Sending model to 2 direct neighbors: ['node_19', 'node_21']
[ 2026-03-22 17:22:02 | node_16 | INFO ] 🧠 Aggregation complete. Setting new model.
[ 2026-03-22 17:22:02 | node_28 | INFO ] 🎓 Training step done.
[ 2026-03-22 17:22:02 | node_17 | INFO ] 🗣️ Gossiping aggregated model.
[ 2026-03-22 17:22:02 | node_28 | INFO ] 🛠️ Calling force_add_local_model...
[ 2026-03-22 17:22:02 | node_28 | INFO ] ✅ [FORCE] Local model added for round 143. (1/3)
[ 2026-03-22 17:22:02 | node_26 | INFO ] 🧩 Model added for round 143 (2/3) from ['node_27']
[ 2026-03-22 17:22:02 | node_6 | INFO ] 🧩 Model added for round 142 (2/3) from ['node_5']
[ 2026-03-22 17:22:02 | node_16 | INFO ] 🗣️ Gossiping aggregated model.
[ 2026-03-22 17:22:02 | node_31 | INFO ] 📈 Evaluated. Results: {'test_loss': 0.0010049999691545963, 'test_accuracy': 0.9976606369018555, 'test_precision': 0.8157278895378113, 'test_recall': 0.25030919909477234, 'test_f1': 0.3730227053165436, 'communication_cost': 1457816}
[ 2026-03-22 17:22:02 | node_9 | INFO ] 🎉 Round 143 of 150 finished.
[ 2026-03-22 17:22:02 | node_31 | INFO ] 📢 Broadcasting metrics.
[ 2026-03-22 17:22:02 | node_29 | INFO ] 📈 Evaluated. Results: {'test_loss': 0.0012894567335024476, 'test_accuracy': 0.9966708421707153, 'test_precision': 0.7780377268791199, 'test_recall': 0.37242358922958374, 'test_f1': 0.48171743750572205, 'communication_cost': 1457816}
[ 2026-03-22 17:22:02 | node_9 | INFO ] 🗳️ [DETERMINISTIC] Train set assigned (No Voting). Size: 50
[ 2026-03-22 17:22:02 | node_29 | INFO ] 📢 Broadcasting metrics.
[ 2026-03-22 17:22:02 | node_19 | INFO ] 🧩 Model added for round 143 (3/3) from ['node_20']
[ 2026-03-22 17:22:02 | node_36 | INFO ] 🎓 Training step done.
[ 2026-03-22 17:22:02 | node_9 | INFO ] 🏋️‍♀️ Preparing training...
[ 2026-03-22 17:22:02 | node_36 | INFO ] 🛠️ Calling force_add_local_model...
[ 2026-03-22 17:22:02 | node_36 | INFO ] ✅ [FORCE] Local model added for round 143. (3/3)
[ 2026-03-22 17:22:02 | node_28 | INFO ] 🧩 Model added for round 143 (2/3) from ['node_27']
[ 2026-03-22 17:22:02 | node_19 | INFO ] 🧠 Aggregation complete. Setting new model.
[ 2026-03-22 17:22:02 | node_21 | INFO ] 🧩 Model added for round 143 (2/3) from ['node_20']
[ 2026-03-22 17:22:02 | node_31 | INFO ] 🎉 Round 143 of 150 finished.
[ 2026-03-22 17:22:02 | node_19 | INFO ] 🗣️ Gossiping aggregated model.
[ 2026-03-22 17:22:02 | node_31 | INFO ] 🗳️ [DETERMINISTIC] Train set assigned (No Voting). Size: 50
[ 2026-03-22 17:22:02 | node_31 | INFO ] 🏋️‍♀️ Preparing training...
[ 2026-03-22 17:22:02 | node_29 | INFO ] 🎉 Round 143 of 150 finished.
[ 2026-03-22 17:22:02 | node_29 | INFO ] 🗳️ [DETERMINISTIC] Train set assigned (No Voting). Size: 50
[ 2026-03-22 17:22:03 | node_29 | INFO ] 🏋️‍♀️ Preparing training...
[ 2026-03-22 17:22:03 | node_2 | INFO ] 📤 Sending model to 2 direct neighbors: ['node_1', 'node_3']
[ 2026-03-22 17:22:03 | node_14 | INFO ] 📤 Sending model to 2 direct neighbors: ['node_13', 'node_15']
[ 2026-03-22 17:22:03 | node_11 | INFO ] 📤 Sending model to 2 direct neighbors: ['node_10', 'node_12']
[ 2026-03-22 17:22:03 | node_1 | INFO ] 🧩 Model added for round 142 (3/3) from ['node_2']
[ 2026-03-22 17:22:03 | node_3 | INFO ] 📤 Sending model to 2 direct neighbors: ['node_2', 'node_4']
[ 2026-03-22 17:22:03 | node_4 | INFO ] 📤 Sending model to 2 direct neighbors: ['node_3', 'node_5']
[ 2026-03-22 17:22:03 | node_25 | INFO ] 📤 Sending model to 2 direct neighbors: ['node_24', 'node_26']
[ 2026-03-22 17:22:03 | node_13 | INFO ] 🧩 Model added for round 143 (3/3) from ['node_14']
[ 2026-03-22 17:22:03 | node_10 | INFO ] 🧩 Model added for round 143 (2/3) from ['node_11']
[ 2026-03-22 17:22:03 | node_3 | INFO ] 🧩 Model added for round 142 (2/3) from ['node_2']
[ 2026-03-22 17:22:03 | node_2 | INFO ] 🧩 Model added for round 142 (2/3) from ['node_3']
[ 2026-03-22 17:22:03 | node_6 | INFO ] 🎓 Training step done.
[ 2026-03-22 17:22:03 | node_6 | INFO ] 🛠️ Calling force_add_local_model...
[ 2026-03-22 17:22:03 | node_6 | INFO ] ✅ [FORCE] Local model added for round 142. (3/3)
[ 2026-03-22 17:22:03 | node_22 | INFO ] 📤 Sending model to 2 direct neighbors: ['node_21', 'node_23']
[ 2026-03-22 17:22:03 | node_3 | INFO ] 🧩 Model added for round 142 (3/3) from ['node_4']
[ 2026-03-22 17:22:03 | node_24 | INFO ] 🧩 Model added for round 143 (1/3) from ['node_25']
[ 2026-03-22 17:22:03 | node_15 | INFO ] 🧩 Model added for round 143 (3/3) from ['node_14']
[ 2026-03-22 17:22:03 | node_12 | INFO ] 🧩 Model added for round 143 (3/3) from ['node_11']
[ 2026-03-22 17:22:03 | node_4 | INFO ] 🧩 Model added for round 142 (3/3) from ['node_3']
[ 2026-03-22 17:22:03 | node_5 | INFO ] 🧩 Model added for round 142 (2/3) from ['node_4']
[ 2026-03-22 17:22:03 | node_21 | INFO ] 🧩 Model added for round 143 (3/3) from ['node_22']
[ 2026-03-22 17:22:03 | node_18 | INFO ] 🤫 Gossip finished.
[ 2026-03-22 17:22:04 | node_13 | INFO ] 🧠 Aggregation complete. Setting new model.
[ 2026-03-22 17:22:04 | node_18 | INFO ] 🔬 Evaluating...
[ 2026-03-22 17:22:04 | node_26 | INFO ] 🧩 Model added for round 143 (3/3) from ['node_25']
[ 2026-03-22 17:22:04 | node_14 | INFO ] 🧠 Aggregation complete. Setting new model.
[ 2026-03-22 17:22:04 | node_12 | INFO ] 🧠 Aggregation complete. Setting new model.
[ 2026-03-22 17:22:04 | node_15 | INFO ] 🧠 Aggregation complete. Setting new model.
[ 2026-03-22 17:22:04 | node_10 | INFO ] 📤 Sending model to 2 direct neighbors: ['node_9', 'node_11']
[ 2026-03-22 17:22:04 | node_3 | INFO ] 🧠 Aggregation complete. Setting new model.
[ 2026-03-22 17:22:04 | node_17 | INFO ] 🤫 Gossip finished.
[ 2026-03-22 17:22:04 | node_24 | INFO ] 🎓 Training step done.
[ 2026-03-22 17:22:04 | node_26 | INFO ] 🧠 Aggregation complete. Setting new model.
[ 2026-03-22 17:22:04 | node_24 | INFO ] 🛠️ Calling force_add_local_model...
[ 2026-03-22 17:22:04 | node_17 | INFO ] 🔬 Evaluating...
[ 2026-03-22 17:22:04 | node_42 | INFO ] 📤 Sending model to 2 direct neighbors: ['node_41', 'node_43']
[ 2026-03-22 17:22:04 | node_49 | INFO ] 📤 Sending model to 2 direct neighbors: ['node', 'node_48']
[ 2026-03-22 17:22:04 | node_3 | INFO ] 🗣️ Gossiping aggregated model.
[ 2026-03-22 17:22:04 | node_14 | INFO ] 🗣️ Gossiping aggregated model.
[ 2026-03-22 17:22:04 | node_23 | INFO ] 📤 Sending model to 2 direct neighbors: ['node_22', 'node_24']
[ 2026-03-22 17:22:04 | node_13 | INFO ] 🗣️ Gossiping aggregated model.
[ 2026-03-22 17:22:04 | node_14 | INFO ] 🤫 Gossip finished.
[ 2026-03-22 17:22:04 | node_15 | INFO ] 🗣️ Gossiping aggregated model.
[ 2026-03-22 17:22:04 | node_13 | INFO ] 🤫 Gossip finished.
[ 2026-03-22 17:22:04 | node_15 | INFO ] 🤫 Gossip finished.
[ 2026-03-22 17:22:04 | node_12 | INFO ] 🗣️ Gossiping aggregated model.
[ 2026-03-22 17:22:04 | node_26 | INFO ] 🗣️ Gossiping aggregated model.
[ 2026-03-22 17:22:04 | node_14 | INFO ] 🔬 Evaluating...
[ 2026-03-22 17:22:04 | node_24 | INFO ] ✅ [FORCE] Local model added for round 143. (2/3)
[ 2026-03-22 17:22:04 | node_13 | INFO ] 🔬 Evaluating...
[ 2026-03-22 17:22:04 | node_15 | INFO ] 🔬 Evaluating...
[ 2026-03-22 17:22:04 | node_23 | INFO ] 🧩 Model added for round 143 (2/3) from ['node_22']
[ 2026-03-22 17:22:04 | node_9 | INFO ] 🧩 Model added for round 143 (1/3) from ['node_10']
[ 2026-03-22 17:22:04 | node_4 | INFO ] 🧠 Aggregation complete. Setting new model.
[ 2026-03-22 17:22:04 | node_39 | INFO ] 🎓 Training step done.
[ 2026-03-22 17:22:04 | node_32 | INFO ] 🎓 Training step done.
[ 2026-03-22 17:22:04 | node_39 | INFO ] 🛠️ Calling force_add_local_model...
[ 2026-03-22 17:22:04 | node_32 | INFO ] 🛠️ Calling force_add_local_model...
[ 2026-03-22 17:22:04 | node_39 | INFO ] ✅ [FORCE] Local model added for round 144. (1/3)
[ 2026-03-22 17:22:04 | node_4 | INFO ] 🗣️ Gossiping aggregated model.
[ 2026-03-22 17:22:04 | node_32 | INFO ] ✅ [FORCE] Local model added for round 143. (2/3)
[ 2026-03-22 17:22:04 | node | INFO ] 🧩 Model added for round 142 (2/3) from ['node_49']
[ 2026-03-22 17:22:04 | node_21 | INFO ] 📤 Sending model to 2 direct neighbors: ['node_20', 'node_22']
[ 2026-03-22 17:22:04 | node_30 | INFO ] 📤 Sending model to 2 direct neighbors: ['node_29', 'node_31']
[ 2026-03-22 17:22:04 | node_41 | INFO ] 🧩 Model added for round 143 (3/3) from ['node_42']
[ 2026-03-22 17:22:04 | node_45 | INFO ] 📤 Sending model to 2 direct neighbors: ['node_44', 'node_46']
[ 2026-03-22 17:22:05 | node_22 | INFO ] 🧩 Model added for round 143 (2/3) from ['node_23']
[ 2026-03-22 17:22:05 | node_11 | INFO ] 🧩 Model added for round 143 (3/3) from ['node_10']
[ 2026-03-22 17:22:05 | node_48 | INFO ] 🧩 Model added for round 142 (2/3) from ['node_49']
[ 2026-03-22 17:22:05 | node_20 | INFO ] 🧩 Model added for round 143 (3/3) from ['node_21']
[ 2026-03-22 17:22:05 | node_29 | INFO ] 🧩 Model added for round 143 (1/3) from ['node_30']
[ 2026-03-22 17:22:05 | node_44 | INFO ] 🧩 Model added for round 142 (3/3) from ['node_45']
[ 2026-03-22 17:22:05 | node_47 | INFO ] 📤 Sending model to 2 direct neighbors: ['node_46', 'node_48']
[ 2026-03-22 17:22:05 | node_43 | INFO ] 🧩 Model added for round 143 (1/3) from ['node_42']
[ 2026-03-22 17:22:05 | node_24 | INFO ] 🧩 Model added for round 143 (3/3) from ['node_23']
[ 2026-03-22 17:22:05 | node_41 | INFO ] 🧠 Aggregation complete. Setting new model.
[ 2026-03-22 17:22:05 | node_44 | INFO ] 🧠 Aggregation complete. Setting new model.
[ 2026-03-22 17:22:05 | node_11 | INFO ] 🧠 Aggregation complete. Setting new model.
[ 2026-03-22 17:22:05 | node_48 | INFO ] 📤 Sending model to 2 direct neighbors: ['node_47', 'node_49']
[ 2026-03-22 17:22:05 | node_20 | INFO ] 🧠 Aggregation complete. Setting new model.
[ 2026-03-22 17:22:05 | node_22 | INFO ] 🧩 Model added for round 143 (3/3) from ['node_21']
[ 2026-03-22 17:22:05 | node_46 | INFO ] 🧩 Model added for round 142 (2/3) from ['node_47']
[ 2026-03-22 17:22:05 | node_20 | INFO ] 🗣️ Gossiping aggregated model.
[ 2026-03-22 17:22:05 | node_41 | INFO ] 🗣️ Gossiping aggregated model.
[ 2026-03-22 17:22:05 | node_44 | INFO ] 🗣️ Gossiping aggregated model.
[ 2026-03-22 17:22:05 | node_11 | INFO ] 🗣️ Gossiping aggregated model.
[ 2026-03-22 17:22:05 | node_16 | INFO ] 🤫 Gossip finished.
[ 2026-03-22 17:22:05 | node_16 | INFO ] 🔬 Evaluating...
[ 2026-03-22 17:22:05 | node_46 | INFO ] 🧩 Model added for round 142 (3/3) from ['node_45']
[ 2026-03-22 17:22:05 | node_47 | INFO ] 🧩 Model added for round 142 (2/3) from ['node_48']
[ 2026-03-22 17:22:05 | node_31 | INFO ] 🧩 Model added for round 143 (1/3) from ['node_30']
[ 2026-03-22 17:22:06 | node_48 | INFO ] 🧩 Model added for round 142 (3/3) from ['node_47']
[ 2026-03-22 17:22:06 | node_22 | INFO ] 🧠 Aggregation complete. Setting new model.
[ 2026-03-22 17:22:06 | node_21 | INFO ] 🧠 Aggregation complete. Setting new model.
[ 2026-03-22 17:22:06 | node_46 | INFO ] 📤 Sending model to 2 direct neighbors: ['node_45', 'node_47']
[ 2026-03-22 17:22:06 | node_43 | INFO ] 🎓 Training step done.
[ 2026-03-22 17:22:06 | node_40 | INFO ] 🤫 Gossip finished.
[ 2026-03-22 17:22:06 | node_43 | INFO ] 🛠️ Calling force_add_local_model...
[ 2026-03-22 17:22:06 | node_40 | INFO ] 🔬 Evaluating...
[ 2026-03-22 17:22:06 | node_22 | INFO ] 🗣️ Gossiping aggregated model.
[ 2026-03-22 17:22:06 | node_13 | INFO ] 📈 Evaluated. Results: {'test_loss': 0.001117828767746687, 'test_accuracy': 0.997031033039093, 'test_precision': 0.8157444596290588, 'test_recall': 0.2675277888774872, 'test_f1': 0.383743554353714, 'communication_cost': 1457816}
[ 2026-03-22 17:22:06 | node_21 | INFO ] 🗣️ Gossiping aggregated model.
[ 2026-03-22 17:22:06 | node_43 | INFO ] ✅ [FORCE] Local model added for round 143. (2/3)
[ 2026-03-22 17:22:06 | node_21 | INFO ] 🤫 Gossip finished.
[ 2026-03-22 17:22:06 | node_13 | INFO ] 📢 Broadcasting metrics.
[ 2026-03-22 17:22:06 | node_21 | INFO ] 🔬 Evaluating...
[ 2026-03-22 17:22:06 | node_49 | INFO ] 🧩 Model added for round 142 (3/3) from ['node_48']
[ 2026-03-22 17:22:06 | node_45 | INFO ] 🧩 Model added for round 142 (3/3) from ['node_46']
[ 2026-03-22 17:22:06 | node_9 | INFO ] 🎓 Training step done.
[ 2026-03-22 17:22:06 | node_18 | INFO ] 📈 Evaluated. Results: {'test_loss': 0.0012312863254919648, 'test_accuracy': 0.997031033039093, 'test_precision': 1.0, 'test_recall': 0.2197423279285431, 'test_f1': 0.33581677079200745, 'communication_cost': 1457816}
[ 2026-03-22 17:22:06 | node_9 | INFO ] 🛠️ Calling force_add_local_model...
[ 2026-03-22 17:22:06 | node_14 | INFO ] 📈 Evaluated. Results: {'test_loss': 0.0012922784080728889, 'test_accuracy': 0.99676114320755, 'test_precision': 0.9212775826454163, 'test_recall': 0.18303245306015015, 'test_f1': 0.2995670735836029, 'communication_cost': 1457816}
[ 2026-03-22 17:22:06 | node_18 | INFO ] 📢 Broadcasting metrics.
[ 2026-03-22 17:22:06 | node_9 | INFO ] ✅ [FORCE] Local model added for round 143. (2/3)
[ 2026-03-22 17:22:06 | node_14 | INFO ] 📢 Broadcasting metrics.
[ 2026-03-22 17:22:06 | node_45 | INFO ] 🧠 Aggregation complete. Setting new model.
[ 2026-03-22 17:22:06 | node_49 | INFO ] 🧠 Aggregation complete. Setting new model.
[ 2026-03-22 17:22:06 | node_48 | INFO ] 🧠 Aggregation complete. Setting new model.
[ 2026-03-22 17:22:06 | node_47 | INFO ] 🧩 Model added for round 142 (3/3) from ['node_46']
[ 2026-03-22 17:22:06 | node_47 | INFO ] 🧠 Aggregation complete. Setting new model.
[ 2026-03-22 17:22:06 | node_1 | INFO ] 📤 Sending model to 2 direct neighbors: ['node', 'node_2']
[ 2026-03-22 17:22:06 | node_13 | INFO ] 🎉 Round 144 of 150 finished.
[ 2026-03-22 17:22:06 | node_45 | INFO ] 🗣️ Gossiping aggregated model.
[ 2026-03-22 17:22:06 | node_49 | INFO ] 🗣️ Gossiping aggregated model.
[ 2026-03-22 17:22:06 | node_48 | INFO ] 🗣️ Gossiping aggregated model.
[ 2026-03-22 17:22:06 | node_13 | INFO ] 🗳️ [DETERMINISTIC] Train set assigned (No Voting). Size: 50
[ 2026-03-22 17:22:06 | node_17 | INFO ] 📈 Evaluated. Results: {'test_loss': 0.0013971604639664292, 'test_accuracy': 0.9965811967849731, 'test_precision': 0.4472334682941437, 'test_recall': 0.13561555743217468, 'test_f1': 0.19250690937042236, 'communication_cost': 1457816}
[ 2026-03-22 17:22:06 | node_17 | INFO ] 📢 Broadcasting metrics.
[ 2026-03-22 17:22:06 | node_15 | INFO ] 📈 Evaluated. Results: {'test_loss': 0.001223687781020999, 'test_accuracy': 0.9971210360527039, 'test_precision': 0.8157444596290588, 'test_recall': 0.19141273200511932, 'test_f1': 0.29834258556365967, 'communication_cost': 1457816}
[ 2026-03-22 17:22:06 | node_47 | INFO ] 🗣️ Gossiping aggregated model.
[ 2026-03-22 17:22:06 | node_13 | INFO ] 🏋️‍♀️ Preparing training...
[ 2026-03-22 17:22:06 | node | INFO ] 🧩 Model added for round 142 (3/3) from ['node_1']
[ 2026-03-22 17:22:06 | node_15 | INFO ] 📢 Broadcasting metrics.
[ 2026-03-22 17:22:06 | node_46 | INFO ] 🧠 Aggregation complete. Setting new model.
[ 2026-03-22 17:22:06 | node_19 | INFO ] 🤫 Gossip finished.
[ 2026-03-22 17:22:06 | node_18 | INFO ] 🎉 Round 144 of 150 finished.
[ 2026-03-22 17:22:07 | node_18 | INFO ] 🗳️ [DETERMINISTIC] Train set assigned (No Voting). Size: 50
[ 2026-03-22 17:22:07 | node_19 | INFO ] 🔬 Evaluating...
[ 2026-03-22 17:22:07 | node_14 | INFO ] 🎉 Round 144 of 150 finished.
[ 2026-03-22 17:22:07 | node_14 | INFO ] 🗳️ [DETERMINISTIC] Train set assigned (No Voting). Size: 50
[ 2026-03-22 17:22:07 | node_18 | INFO ] 🏋️‍♀️ Preparing training...
[ 2026-03-22 17:22:07 | node_14 | INFO ] 🏋️‍♀️ Preparing training...
[ 2026-03-22 17:22:07 | node_2 | INFO ] 🧩 Model added for round 142 (3/3) from ['node_1']
[ 2026-03-22 17:22:07 | node | INFO ] 🧠 Aggregation complete. Setting new model.
[ 2026-03-22 17:22:07 | node_46 | INFO ] 🗣️ Gossiping aggregated model.
[ 2026-03-22 17:22:07 | node_2 | INFO ] 🧠 Aggregation complete. Setting new model.
[ 2026-03-22 17:22:07 | node_46 | INFO ] 🤫 Gossip finished.
[ 2026-03-22 17:22:07 | node_28 | INFO ] 📤 Sending model to 2 direct neighbors: ['node_27', 'node_29']
[ 2026-03-22 17:22:07 | node_46 | INFO ] 🔬 Evaluating...
[ 2026-03-22 17:22:07 | node_20 | INFO ] 🤫 Gossip finished.
[ 2026-03-22 17:22:07 | node_17 | INFO ] 🎉 Round 144 of 150 finished.
[ 2026-03-22 17:22:07 | node_44 | INFO ] 🤫 Gossip finished.
[ 2026-03-22 17:22:07 | node | INFO ] 🗣️ Gossiping aggregated model.
[ 2026-03-22 17:22:07 | node_20 | INFO ] 🔬 Evaluating...
[ 2026-03-22 17:22:07 | node_17 | INFO ] 🗳️ [DETERMINISTIC] Train set assigned (No Voting). Size: 50
[ 2026-03-22 17:22:07 | node_44 | INFO ] 🔬 Evaluating...
[ 2026-03-22 17:22:07 | node_2 | INFO ] 🗣️ Gossiping aggregated model.
[ 2026-03-22 17:22:07 | node_27 | INFO ] 🧩 Model added for round 143 (3/3) from ['node_28']
[ 2026-03-22 17:22:07 | node_1 | INFO ] 🧠 Aggregation complete. Setting new model.
[ 2026-03-22 17:22:07 | node_12 | INFO ] 🤫 Gossip finished.
[ 2026-03-22 17:22:07 | node_15 | INFO ] 🎉 Round 144 of 150 finished.
[ 2026-03-22 17:22:07 | node_15 | INFO ] 🗳️ [DETERMINISTIC] Train set assigned (No Voting). Size: 50
[ 2026-03-22 17:22:07 | node_36 | INFO ] 📤 Sending model to 2 direct neighbors: ['node_35', 'node_37']
[ 2026-03-22 17:22:07 | node_15 | INFO ] 🏋️‍♀️ Preparing training...
[ 2026-03-22 17:22:07 | node_12 | INFO ] 🔬 Evaluating...
[ 2026-03-22 17:22:07 | node_17 | INFO ] 🏋️‍♀️ Preparing training...
[ 2026-03-22 17:22:07 | node_16 | INFO ] 📈 Evaluated. Results: {'test_loss': 0.0011512902565300465, 'test_accuracy': 0.99676114320755, 'test_precision': 0.6756035685539246, 'test_recall': 0.1535462588071823, 'test_f1': 0.2440224289894104, 'communication_cost': 1457816}
[ 2026-03-22 17:22:07 | node_1 | INFO ] 🗣️ Gossiping aggregated model.
[ 2026-03-22 17:22:07 | node_16 | INFO ] 📢 Broadcasting metrics.
[ 2026-03-22 17:22:07 | node_1 | INFO ] 🤫 Gossip finished.
[ 2026-03-22 17:22:08 | node_29 | INFO ] 🧩 Model added for round 143 (2/3) from ['node_28']
[ 2026-03-22 17:22:08 | node_27 | INFO ] 🧠 Aggregation complete. Setting new model.
[ 2026-03-22 17:22:08 | node_31 | INFO ] 🎓 Training step done.
[ 2026-03-22 17:22:08 | node_1 | INFO ] 🔬 Evaluating...
[ 2026-03-22 17:22:08 | node_31 | INFO ] 🛠️ Calling force_add_local_model...
[ 2026-03-22 17:22:08 | node_31 | INFO ] ✅ [FORCE] Local model added for round 143. (2/3)
[ 2026-03-22 17:22:08 | node_45 | INFO ] 🤫 Gossip finished.
[ 2026-03-22 17:22:08 | node_45 | INFO ] 🔬 Evaluating...
[ 2026-03-22 17:22:08 | node_27 | INFO ] 🗣️ Gossiping aggregated model.
[ 2026-03-22 17:22:08 | node_35 | INFO ] 🧩 Model added for round 143 (3/3) from ['node_36']
[ 2026-03-22 17:22:08 | node_40 | INFO ] 📈 Evaluated. Results: {'test_loss': 0.0013578989310190082, 'test_accuracy': 0.9966708421707153, 'test_precision': 0.7082358598709106, 'test_recall': 0.26526206731796265, 'test_f1': 0.36564427614212036, 'communication_cost': 1457816}
[ 2026-03-22 17:22:08 | node_40 | INFO ] 📢 Broadcasting metrics.
[ 2026-03-22 17:22:08 | node_35 | INFO ] 🧠 Aggregation complete. Setting new model.
[ 2026-03-22 17:22:08 | node_16 | INFO ] 🎉 Round 144 of 150 finished.
[ 2026-03-22 17:22:08 | node_37 | INFO ] 🧩 Model added for round 143 (3/3) from ['node_36']
[ 2026-03-22 17:22:08 | node_16 | INFO ] 🗳️ [DETERMINISTIC] Train set assigned (No Voting). Size: 50
[ 2026-03-22 17:22:08 | node_35 | INFO ] 🗣️ Gossiping aggregated model.
[ 2026-03-22 17:22:08 | node_37 | INFO ] 🧠 Aggregation complete. Setting new model.
[ 2026-03-22 17:22:08 | node_6 | INFO ] 📤 Sending model to 2 direct neighbors: ['node_5', 'node_7']
[ 2026-03-22 17:22:08 | node_47 | INFO ] 🤫 Gossip finished.
[ 2026-03-22 17:22:08 | node_16 | INFO ] 🏋️‍♀️ Preparing training...
[ 2026-03-22 17:22:08 | node_48 | INFO ] 🤫 Gossip finished.
[ 2026-03-22 17:22:08 | node_47 | INFO ] 🔬 Evaluating...
[ 2026-03-22 17:22:08 | node_48 | INFO ] 🔬 Evaluating...
[ 2026-03-22 17:22:08 | node_36 | INFO ] 🧠 Aggregation complete. Setting new model.
[ 2026-03-22 17:22:08 | node_38 | INFO ] 🤫 Gossip finished.
[ 2026-03-22 17:22:08 | node_37 | INFO ] 🗣️ Gossiping aggregated model.
[ 2026-03-22 17:22:08 | node_5 | INFO ] 🧩 Model added for round 142 (3/3) from ['node_6']
[ 2026-03-22 17:22:08 | node_38 | INFO ] 🔬 Evaluating...
[ 2026-03-22 17:22:08 | node_49 | INFO ] 🤫 Gossip finished.
[ 2026-03-22 17:22:08 | node_5 | INFO ] 🧠 Aggregation complete. Setting new model.
[ 2026-03-22 17:22:08 | node_40 | INFO ] 🎉 Round 144 of 150 finished.
[ 2026-03-22 17:22:08 | node_49 | INFO ] 🔬 Evaluating...
[ 2026-03-22 17:22:08 | node_36 | INFO ] 🗣️ Gossiping aggregated model.
[ 2026-03-22 17:22:08 | node_40 | INFO ] 🗳️ [DETERMINISTIC] Train set assigned (No Voting). Size: 50
[ 2026-03-22 17:22:08 | node_36 | INFO ] 🤫 Gossip finished.
[ 2026-03-22 17:22:09 | node_36 | INFO ] 🔬 Evaluating...
[ 2026-03-22 17:22:09 | node_29 | INFO ] 🎓 Training step done.
[ 2026-03-22 17:22:09 | node_40 | INFO ] 🏋️‍♀️ Preparing training...
[ 2026-03-22 17:22:09 | node_5 | INFO ] 🗣️ Gossiping aggregated model.
[ 2026-03-22 17:22:09 | node_29 | INFO ] 🛠️ Calling force_add_local_model...
[ 2026-03-22 17:22:09 | node_2 | INFO ] 🤫 Gossip finished.
[ 2026-03-22 17:22:09 | node_2 | INFO ] 🔬 Evaluating...
[ 2026-03-22 17:22:09 | node_29 | INFO ] ✅ [FORCE] Local model added for round 143. (3/3)
[ 2026-03-22 17:22:09 | node_7 | INFO ] 🧩 Model added for round 142 (3/3) from ['node_6']
[ 2026-03-22 17:22:09 | node_7 | INFO ] 🧠 Aggregation complete. Setting new model.
[ 2026-03-22 17:22:09 | node | INFO ] 🤫 Gossip finished.
[ 2026-03-22 17:22:09 | node_6 | INFO ] 🧠 Aggregation complete. Setting new model.
[ 2026-03-22 17:22:09 | node | INFO ] 🔬 Evaluating...
[ 2026-03-22 17:22:09 | node_24 | INFO ] 📤 Sending model to 2 direct neighbors: ['node_23', 'node_25']
[ 2026-03-22 17:22:09 | node_7 | INFO ] 🗣️ Gossiping aggregated model.
[ 2026-03-22 17:22:09 | node_39 | INFO ] 📤 Sending model to 2 direct neighbors: ['node_38', 'node_40']
[ 2026-03-22 17:22:09 | node_23 | INFO ] 🧩 Model added for round 143 (3/3) from ['node_24']
[ 2026-03-22 17:22:09 | node_32 | INFO ] 📤 Sending model to 2 direct neighbors: ['node_31', 'node_33']
[ 2026-03-22 17:22:09 | node_6 | INFO ] 🗣️ Gossiping aggregated model.
[ 2026-03-22 17:22:09 | node_6 | INFO ] 🤫 Gossip finished.
[ 2026-03-22 17:22:10 | node_23 | INFO ] 🧠 Aggregation complete. Setting new model.
[ 2026-03-22 17:22:10 | node_35 | INFO ] 🤫 Gossip finished.
[ 2026-03-22 17:22:10 | node_8 | INFO ] 🤫 Gossip finished.
[ 2026-03-22 17:22:10 | node_37 | INFO ] 🤫 Gossip finished.
[ 2026-03-22 17:22:10 | node_6 | INFO ] 🔬 Evaluating...
[ 2026-03-22 17:22:10 | node_35 | INFO ] 🔬 Evaluating...
[ 2026-03-22 17:22:10 | node_31 | INFO ] 🧩 Model added for round 143 (3/3) from ['node_32']
[ 2026-03-22 17:22:10 | node_8 | INFO ] 🔬 Evaluating...
[ 2026-03-22 17:22:10 | node_37 | INFO ] 🔬 Evaluating...
[ 2026-03-22 17:22:10 | node_23 | INFO ] 🗣️ Gossiping aggregated model.
[ 2026-03-22 17:22:10 | node_40 | INFO ] 🧩 Model added for round 144 (1/3) from ['node_39']
[ 2026-03-22 17:22:10 | node_46 | INFO ] 📈 Evaluated. Results: {'test_loss': 0.0015124387573450804, 'test_accuracy': 0.9964009523391724, 'test_precision': 0.7235918641090393, 'test_recall': 0.16271312534809113, 'test_f1': 0.2575943171977997, 'communication_cost': 1457816}
[ 2026-03-22 17:22:10 | node_19 | INFO ] 📈 Evaluated. Results: {'test_loss': 0.0011558139231055975, 'test_accuracy': 0.9973006844520569, 'test_precision': 0.8157278895378113, 'test_recall': 0.3026096522808075, 'test_f1': 0.43573689460754395, 'communication_cost': 1457816}
[ 2026-03-22 17:22:10 | node_46 | INFO ] 📢 Broadcasting metrics.
[ 2026-03-22 17:22:10 | node_19 | INFO ] 📢 Broadcasting metrics.
[ 2026-03-22 17:22:10 | node_25 | INFO ] 🧩 Model added for round 143 (3/3) from ['node_24']
[ 2026-03-22 17:22:10 | node_5 | INFO ] 🤫 Gossip finished.
[ 2026-03-22 17:22:10 | node_25 | INFO ] 🧠 Aggregation complete. Setting new model.
[ 2026-03-22 17:22:10 | node_33 | INFO ] 🧩 Model added for round 143 (3/3) from ['node_32']
[ 2026-03-22 17:22:10 | node_5 | INFO ] 🔬 Evaluating...
[ 2026-03-22 17:22:10 | node_33 | INFO ] 🧠 Aggregation complete. Setting new model.
[ 2026-03-22 17:22:10 | node_21 | INFO ] 📈 Evaluated. Results: {'test_loss': 0.0012953266268596053, 'test_accuracy': 0.9960409998893738, 'test_precision': 0.7370883822441101, 'test_recall': 0.13513286411762238, 'test_f1': 0.22763024270534515, 'communication_cost': 1457816}
[ 2026-03-22 17:22:10 | node_21 | INFO ] 📢 Broadcasting metrics.
[ 2026-03-22 17:22:10 | node_24 | INFO ] 🧠 Aggregation complete. Setting new model.
[ 2026-03-22 17:22:10 | node_25 | INFO ] 🗣️ Gossiping aggregated model.
[ 2026-03-22 17:22:10 | node_34 | INFO ] 🤫 Gossip finished.
[ 2026-03-22 17:22:10 | node_33 | INFO ] 🗣️ Gossiping aggregated model.
[ 2026-03-22 17:22:11 | node_34 | INFO ] 🔬 Evaluating...
[ 2026-03-22 17:22:11 | node_24 | INFO ] 🗣️ Gossiping aggregated model.
[ 2026-03-22 17:22:11 | node_24 | INFO ] 🤫 Gossip finished.
[ 2026-03-22 17:22:11 | node_7 | INFO ] 🤫 Gossip finished.
[ 2026-03-22 17:22:11 | node_43 | INFO ] 📤 Sending model to 2 direct neighbors: ['node_42', 'node_44']
[ 2026-03-22 17:22:11 | node_7 | INFO ] 🔬 Evaluating...
[ 2026-03-22 17:22:11 | node_24 | INFO ] 🔬 Evaluating...
[ 2026-03-22 17:22:11 | node_19 | INFO ] 🎉 Round 144 of 150 finished.
[ 2026-03-22 17:22:11 | node_46 | INFO ] 🎉 Round 143 of 150 finished.
[ 2026-03-22 17:22:11 | node_9 | INFO ] 📤 Sending model to 2 direct neighbors: ['node_8', 'node_10']
[ 2026-03-22 17:22:11 | node_42 | INFO ] 🧩 Model added for round 143 (3/3) from ['node_43']
[ 2026-03-22 17:22:11 | node_19 | INFO ] 🗳️ [DETERMINISTIC] Train set assigned (No Voting). Size: 50
[ 2026-03-22 17:22:11 | node_46 | INFO ] 🗳️ [DETERMINISTIC] Train set assigned (No Voting). Size: 50
[ 2026-03-22 17:22:11 | node_42 | INFO ] 🧠 Aggregation complete. Setting new model.
[ 2026-03-22 17:22:11 | node_19 | INFO ] 🏋️‍♀️ Preparing training...
[ 2026-03-22 17:22:11 | node_20 | INFO ] 📈 Evaluated. Results: {'test_loss': 0.0011114730732515454, 'test_accuracy': 0.9973006844520569, 'test_precision': 0.8157278895378113, 'test_recall': 0.28342047333717346, 'test_f1': 0.39474719762802124, 'communication_cost': 1457816}
[ 2026-03-22 17:22:11 | node_46 | INFO ] 🏋️‍♀️ Preparing training...
[ 2026-03-22 17:22:11 | node_20 | INFO ] 📢 Broadcasting metrics.
[ 2026-03-22 17:22:11 | node_21 | INFO ] 🎉 Round 144 of 150 finished.
[ 2026-03-22 17:22:11 | node_10 | INFO ] 🧩 Model added for round 143 (3/3) from ['node_9']
[ 2026-03-22 17:22:11 | node_26 | INFO ] 🤫 Gossip finished.
[ 2026-03-22 17:22:12 | node_42 | INFO ] 🗣️ Gossiping aggregated model.
[ 2026-03-22 17:22:14 | node_41 | INFO ] 🤫 Gossip finished.
[ 2026-03-22 17:22:14 | node_25 | INFO ] 🤫 Gossip finished.
[ 2026-03-22 17:22:14 | node_31 | INFO ] 📤 Sending model to 2 direct neighbors: ['node_30', 'node_32']
[ 2026-03-22 17:22:14 | node_23 | INFO ] 🤫 Gossip finished.
[ 2026-03-22 17:22:14 | node_34 | INFO ] 📈 Evaluated. Results: {'test_loss': 0.0011329625267535448, 'test_accuracy': 0.9974806308746338, 'test_precision': 0.7370883822441101, 'test_recall': 0.2343900501728058, 'test_f1': 0.3528870642185211, 'communication_cost': 1457816}
[ 2026-03-22 17:22:14 | node_5 | INFO ] 📈 Evaluated. Results: {'test_loss': 0.0014639365253970027, 'test_accuracy': 0.9965811967849731, 'test_precision': 0.7236167192459106, 'test_recall': 0.17980742454528809, 'test_f1': 0.2833048403263092, 'communication_cost': 1457816}
[ 2026-03-22 17:22:14 | node_6 | INFO ] 📈 Evaluated. Results: {'test_loss': 0.0012157981982454658, 'test_accuracy': 0.996941089630127, 'test_precision': 0.8157444596290588, 'test_recall': 0.24512016773223877, 'test_f1': 0.372141033411026, 'communication_cost': 1457816}
[ 2026-03-22 17:22:14 | node_29 | INFO ] 📤 Sending model to 2 direct neighbors: ['node_28', 'node_30']
[ 2026-03-22 17:22:14 | node_21 | INFO ] 🗳️ [DETERMINISTIC] Train set assigned (No Voting). Size: 50
[ 2026-03-22 17:22:14 | node_8 | INFO ] 📈 Evaluated. Results: {'test_loss': 0.0014211386442184448, 'test_accuracy': 0.9955015778541565, 'test_precision': 0.5527665615081787, 'test_recall': 0.10146427154541016, 'test_f1': 0.16787724196910858, 'communication_cost': 1457816}
[ 2026-03-22 17:22:14 | node_18 | INFO ] 🎓 Training step done.
[ 2026-03-22 17:22:14 | node_38 | INFO ] 📈 Evaluated. Results: {'test_loss': 0.001122792949900031, 'test_accuracy': 0.9973906874656677, 'test_precision': 0.8925080299377441, 'test_recall': 0.43985608220100403, 'test_f1': 0.5750983357429504, 'communication_cost': 1457816}
[ 2026-03-22 17:22:14 | node | INFO ] 📈 Evaluated. Results: {'test_loss': 0.001373862149193883, 'test_accuracy': 0.9965811967849731, 'test_precision': 0.8464537858963013, 'test_recall': 0.2499065399169922, 'test_f1': 0.38029834628105164, 'communication_cost': 1457816}
[ 2026-03-22 17:22:14 | node_35 | INFO ] 📈 Evaluated. Results: {'test_loss': 0.001053652260452509, 'test_accuracy': 0.9974806308746338, 'test_precision': 0.921360433101654, 'test_recall': 0.31782281398773193, 'test_f1': 0.4648572504520416, 'communication_cost': 1457816}
[ 2026-03-22 17:22:14 | node_37 | INFO ] 📈 Evaluated. Results: {'test_loss': 0.0010573876788839698, 'test_accuracy': 0.9969407916069031, 'test_precision': 0.7305072546005249, 'test_recall': 0.3409033715724945, 'test_f1': 0.4481162428855896, 'communication_cost': 1457816}
[ 2026-03-22 17:22:14 | node_49 | INFO ] 📈 Evaluated. Results: {'test_loss': 0.0014979483094066381, 'test_accuracy': 0.996850848197937, 'test_precision': 0.6756643652915955, 'test_recall': 0.1665894091129303, 'test_f1': 0.26442399621009827, 'communication_cost': 1457816}
[ 2026-03-22 17:22:14 | node_48 | INFO ] 📈 Evaluated. Results: {'test_loss': 0.0015249305870383978, 'test_accuracy': 0.9965808987617493, 'test_precision': 0.8292244076728821, 'test_recall': 0.20423489809036255, 'test_f1': 0.3233935534954071, 'communication_cost': 1457816}
[ 2026-03-22 17:22:14 | node_2 | INFO ] 📈 Evaluated. Results: {'test_loss': 0.0012479675933718681, 'test_accuracy': 0.996941089630127, 'test_precision': 0.4913480281829834, 'test_recall': 0.1921296864748001, 'test_f1': 0.25795769691467285, 'communication_cost': 1457816}
[ 2026-03-22 17:22:14 | node_45 | INFO ] 📈 Evaluated. Results: {'test_loss': 0.0011655696434900165, 'test_accuracy': 0.9973006844520569, 'test_precision': 0.7456960678100586, 'test_recall': 0.33622974157333374, 'test_f1': 0.43947380781173706, 'communication_cost': 1457816}
[ 2026-03-22 17:22:14 | node_47 | INFO ] 📈 Evaluated. Results: {'test_loss': 0.0009067641803994775, 'test_accuracy': 0.9980205297470093, 'test_precision': 0.5067482590675354, 'test_recall': 0.2402118295431137, 'test_f1': 0.32554736733436584, 'communication_cost': 1457816}
[ 2026-03-22 17:22:14 | node_1 | INFO ] 📈 Evaluated. Results: {'test_loss': 0.001319485018029809, 'test_accuracy': 0.9971210360527039, 'test_precision': 0.6448943018913269, 'test_recall': 0.161735400557518, 'test_f1': 0.2512575089931488, 'communication_cost': 1457816}
[ 2026-03-22 17:22:14 | node_12 | INFO ] 📈 Evaluated. Results: {'test_loss': 0.0011788759147748351, 'test_accuracy': 0.996941089630127, 'test_precision': 0.5159153938293457, 'test_recall': 0.12539611756801605, 'test_f1': 0.1946561485528946, 'communication_cost': 1457816}
[ 2026-03-22 17:22:14 | node_7 | INFO ] 📈 Evaluated. Results: {'test_loss': 0.0013152733445167542, 'test_accuracy': 0.9966711401939392, 'test_precision': 0.6448943018913269, 'test_recall': 0.16378267109394073, 'test_f1': 0.2546076476573944, 'communication_cost': 1457816}
[ 2026-03-22 17:22:14 | node_44 | INFO ] 📈 Evaluated. Results: {'test_loss': 0.0011428958969190717, 'test_accuracy': 0.9973006844520569, 'test_precision': 1.0, 'test_recall': 0.24387432634830475, 'test_f1': 0.38913244009017944, 'communication_cost': 1457816}
[ 2026-03-22 17:22:14 | node_26 | INFO ] 🔬 Evaluating...
[ 2026-03-22 17:22:14 | node_34 | INFO ] 📢 Broadcasting metrics.
[ 2026-03-22 17:22:14 | node_18 | INFO ] 🛠️ Calling force_add_local_model...
[ 2026-03-22 17:22:14 | node_6 | INFO ] 📢 Broadcasting metrics.
[ 2026-03-22 17:22:14 | node_41 | INFO ] 🔬 Evaluating...
[ 2026-03-22 17:22:14 | node_5 | INFO ] 📢 Broadcasting metrics.
[ 2026-03-22 17:22:14 | node_8 | INFO ] 📢 Broadcasting metrics.
[ 2026-03-22 17:22:14 | node_25 | INFO ] 🔬 Evaluating...
[ 2026-03-22 17:22:14 | node_23 | INFO ] 🔬 Evaluating...
[ 2026-03-22 17:22:14 | node_38 | INFO ] 📢 Broadcasting metrics.
[ 2026-03-22 17:22:14 | node | INFO ] 📢 Broadcasting metrics.
[ 2026-03-22 17:22:14 | node_48 | INFO ] 📢 Broadcasting metrics.
[ 2026-03-22 17:22:14 | node_18 | INFO ] ✅ [FORCE] Local model added for round 144. (1/3)
[ 2026-03-22 17:22:14 | node_49 | INFO ] 📢 Broadcasting metrics.
[ 2026-03-22 17:22:14 | node_47 | INFO ] 📢 Broadcasting metrics.
[ 2026-03-22 17:22:14 | node_45 | INFO ] 📢 Broadcasting metrics.
[ 2026-03-22 17:22:14 | node_35 | INFO ] 📢 Broadcasting metrics.
[ 2026-03-22 17:22:14 | node_37 | INFO ] 📢 Broadcasting metrics.
[ 2026-03-22 17:22:14 | node_2 | INFO ] 📢 Broadcasting metrics.
[ 2026-03-22 17:22:14 | node_21 | INFO ] 🏋️‍♀️ Preparing training...
[ 2026-03-22 17:22:14 | node_1 | INFO ] 📢 Broadcasting metrics.
[ 2026-03-22 17:22:14 | node_12 | INFO ] 📢 Broadcasting metrics.
[ 2026-03-22 17:22:14 | node_7 | INFO ] 📢 Broadcasting metrics.
[ 2026-03-22 17:22:14 | node_44 | INFO ] 📢 Broadcasting metrics.
[ 2026-03-22 17:22:14 | node_14 | INFO ] 🎓 Training step done.
[ 2026-03-22 17:22:14 | node_14 | INFO ] 🛠️ Calling force_add_local_model...
[ 2026-03-22 17:22:14 | node_17 | INFO ] 🎓 Training step done.
[ 2026-03-22 17:22:14 | node_36 | INFO ] 📈 Evaluated. Results: {'test_loss': 0.0014883237890899181, 'test_accuracy': 0.9964009523391724, 'test_precision': 0.6756643652915955, 'test_recall': 0.16379740834236145, 'test_f1': 0.26140496134757996, 'communication_cost': 1457816}
[ 2026-03-22 17:22:14 | node_17 | INFO ] 🛠️ Calling force_add_local_model...
[ 2026-03-22 17:22:14 | node_14 | INFO ] ✅ [FORCE] Local model added for round 144. (1/3)
[ 2026-03-22 17:22:14 | node_30 | INFO ] 🧩 Model added for round 143 (2/3) from ['node_31']
[ 2026-03-22 17:22:14 | node_36 | INFO ] 📢 Broadcasting metrics.
[ 2026-03-22 17:22:14 | node_17 | INFO ] ✅ [FORCE] Local model added for round 144. (1/3)
[ 2026-03-22 17:22:14 | node_28 | INFO ] 🧩 Model added for round 143 (3/3) from ['node_29']
[ 2026-03-22 17:22:14 | node_13 | INFO ] 🎓 Training step done.
[ 2026-03-22 17:22:14 | node_28 | INFO ] 🧠 Aggregation complete. Setting new model.
[ 2026-03-22 17:22:15 | node_13 | INFO ] 🛠️ Calling force_add_local_model...
[ 2026-03-22 17:22:15 | node_10 | INFO ] 🧠 Aggregation complete. Setting new model.
[ 2026-03-22 17:22:15 | node_13 | INFO ] ✅ [FORCE] Local model added for round 144. (1/3)
[ 2026-03-22 17:22:15 | node_40 | INFO ] 🎓 Training step done.
[ 2026-03-22 17:22:15 | node_40 | INFO ] 🛠️ Calling force_add_local_model...
[ 2026-03-22 17:22:15 | node_15 | INFO ] 🎓 Training step done.
[ 2026-03-22 17:22:15 | node_20 | INFO ] 🎉 Round 144 of 150 finished.
[ 2026-03-22 17:22:15 | node_15 | INFO ] 🛠️ Calling force_add_local_model...
[ 2026-03-22 17:22:15 | node_28 | INFO ] 🗣️ Gossiping aggregated model.
[ 2026-03-22 17:22:15 | node_32 | INFO ] 🧩 Model added for round 143 (3/3) from ['node_31']
[ 2026-03-22 17:22:15 | node_40 | INFO ] ✅ [FORCE] Local model added for round 144. (2/3)
[ 2026-03-22 17:22:15 | node_24 | INFO ] 📈 Evaluated. Results: {'test_loss': 0.00095702416729182, 'test_accuracy': 0.9973006844520569, 'test_precision': 0.8157278895378113, 'test_recall': 0.2491852194070816, 'test_f1': 0.3774152994155884, 'communication_cost': 1457816}
[ 2026-03-22 17:22:15 | node_10 | INFO ] 🗣️ Gossiping aggregated model.
[ 2026-03-22 17:22:15 | node_15 | INFO ] ✅ [FORCE] Local model added for round 144. (1/3)
[ 2026-03-22 17:22:15 | node_30 | INFO ] 🧩 Model added for round 143 (3/3) from ['node_29']
[ 2026-03-22 17:22:15 | node_24 | INFO ] 📢 Broadcasting metrics.
[ 2026-03-22 17:22:15 | node_20 | INFO ] 🗳️ [DETERMINISTIC] Train set assigned (No Voting). Size: 50
[ 2026-03-22 17:22:15 | node_32 | INFO ] 🧠 Aggregation complete. Setting new model.
[ 2026-03-22 17:22:15 | node_30 | INFO ] 🧠 Aggregation complete. Setting new model.
[ 2026-03-22 17:22:15 | node_5 | INFO ] 🎉 Round 143 of 150 finished.
[ 2026-03-22 17:22:15 | node_34 | INFO ] 🎉 Round 144 of 150 finished.
[ 2026-03-22 17:22:15 | node | INFO ] 🎉 Round 143 of 150 finished.
[ 2026-03-22 17:22:15 | node_20 | INFO ] 🏋️‍♀️ Preparing training...
[ 2026-03-22 17:22:15 | node_47 | INFO ] 🎉 Round 143 of 150 finished.
[ 2026-03-22 17:22:15 | node_6 | INFO ] 🎉 Round 143 of 150 finished.
[ 2026-03-22 17:22:15 | node_34 | INFO ] 🗳️ [DETERMINISTIC] Train set assigned (No Voting). Size: 50
[ 2026-03-22 17:22:15 | node_5 | INFO ] 🗳️ [DETERMINISTIC] Train set assigned (No Voting). Size: 50
[ 2026-03-22 17:22:15 | node_48 | INFO ] 🎉 Round 143 of 150 finished.
[ 2026-03-22 17:22:15 | node_2 | INFO ] 🎉 Round 143 of 150 finished.
[ 2026-03-22 17:22:15 | node_8 | INFO ] 🎉 Round 143 of 150 finished.
[ 2026-03-22 17:22:15 | node_27 | INFO ] 🤫 Gossip finished.
[ 2026-03-22 17:22:15 | node_12 | INFO ] 🎉 Round 144 of 150 finished.
[ 2026-03-22 17:22:15 | node_49 | INFO ] 🎉 Round 143 of 150 finished.
[ 2026-03-22 17:22:15 | node_35 | INFO ] 🎉 Round 144 of 150 finished.
[ 2026-03-22 17:22:15 | node_38 | INFO ] 🎉 Round 144 of 150 finished.
[ 2026-03-22 17:22:15 | node | INFO ] 🗳️ [DETERMINISTIC] Train set assigned (No Voting). Size: 50
[ 2026-03-22 17:22:15 | node_45 | INFO ] 🎉 Round 143 of 150 finished.
[ 2026-03-22 17:22:15 | node_37 | INFO ] 🎉 Round 144 of 150 finished.
[ 2026-03-22 17:22:15 | node_33 | INFO ] 🤫 Gossip finished.
[ 2026-03-22 17:22:15 | node_47 | INFO ] 🗳️ [DETERMINISTIC] Train set assigned (No Voting). Size: 50
[ 2026-03-22 17:22:15 | node_7 | INFO ] 🎉 Round 143 of 150 finished.
[ 2026-03-22 17:22:15 | node_6 | INFO ] 🗳️ [DETERMINISTIC] Train set assigned (No Voting). Size: 50
[ 2026-03-22 17:22:15 | node_44 | INFO ] 🎉 Round 143 of 150 finished.
[ 2026-03-22 17:22:15 | node_32 | INFO ] 🗣️ Gossiping aggregated model.
[ 2026-03-22 17:22:15 | node_48 | INFO ] 🗳️ [DETERMINISTIC] Train set assigned (No Voting). Size: 50
[ 2026-03-22 17:22:15 | node_2 | INFO ] 🗳️ [DETERMINISTIC] Train set assigned (No Voting). Size: 50
[ 2026-03-22 17:22:15 | node_8 | INFO ] 🗳️ [DETERMINISTIC] Train set assigned (No Voting). Size: 50
[ 2026-03-22 17:22:15 | node_27 | INFO ] 🔬 Evaluating...
[ 2026-03-22 17:22:15 | node_35 | INFO ] 🗳️ [DETERMINISTIC] Train set assigned (No Voting). Size: 50
[ 2026-03-22 17:22:15 | node_38 | INFO ] 🗳️ [DETERMINISTIC] Train set assigned (No Voting). Size: 50
[ 2026-03-22 17:22:15 | node_12 | INFO ] 🗳️ [DETERMINISTIC] Train set assigned (No Voting). Size: 50
[ 2026-03-22 17:22:15 | node_5 | INFO ] 🏋️‍♀️ Preparing training...
[ 2026-03-22 17:22:15 | node_49 | INFO ] 🗳️ [DETERMINISTIC] Train set assigned (No Voting). Size: 50
[ 2026-03-22 17:22:15 | node_33 | INFO ] 🔬 Evaluating...
[ 2026-03-22 17:22:15 | node_1 | INFO ] 🎉 Round 143 of 150 finished.
[ 2026-03-22 17:22:15 | node_37 | INFO ] 🗳️ [DETERMINISTIC] Train set assigned (No Voting). Size: 50
[ 2026-03-22 17:22:15 | node_36 | INFO ] 🎉 Round 144 of 150 finished.
[ 2026-03-22 17:22:15 | node_44 | INFO ] 🗳️ [DETERMINISTIC] Train set assigned (No Voting). Size: 50
[ 2026-03-22 17:22:15 | node_45 | INFO ] 🗳️ [DETERMINISTIC] Train set assigned (No Voting). Size: 50
[ 2026-03-22 17:22:15 | node_30 | INFO ] 🗣️ Gossiping aggregated model.
[ 2026-03-22 17:22:15 | node_38 | INFO ] ♻️ Proactively processing 1 early models for round 144.
[ 2026-03-22 17:22:15 | node_1 | INFO ] 🗳️ [DETERMINISTIC] Train set assigned (No Voting). Size: 50
[ 2026-03-22 17:22:15 | node | INFO ] 🏋️‍♀️ Preparing training...
[ 2026-03-22 17:22:15 | node_35 | INFO ] 🏋️‍♀️ Preparing training...
[ 2026-03-22 17:22:15 | node_34 | INFO ] 🏋️‍♀️ Preparing training...
[ 2026-03-22 17:22:15 | node_47 | INFO ] 🏋️‍♀️ Preparing training...
[ 2026-03-22 17:22:16 | node_16 | INFO ] 🎓 Training step done.
[ 2026-03-22 17:22:16 | node_37 | INFO ] 🏋️‍♀️ Preparing training...
[ 2026-03-22 17:22:16 | node_38 | INFO ] 🧩 Model added for round 144 (1/3) from ['node_39']
[ 2026-03-22 17:22:16 | node_36 | INFO ] 🗳️ [DETERMINISTIC] Train set assigned (No Voting). Size: 50
[ 2026-03-22 17:22:16 | node_7 | INFO ] 🗳️ [DETERMINISTIC] Train set assigned (No Voting). Size: 50
[ 2026-03-22 17:22:16 | node_48 | INFO ] 🏋️‍♀️ Preparing training...
[ 2026-03-22 17:22:16 | node_8 | INFO ] ♻️ Proactively processing 1 early models for round 143.
[ 2026-03-22 17:22:16 | node_2 | INFO ] 🏋️‍♀️ Preparing training...
[ 2026-03-22 17:22:16 | node_6 | INFO ] 🏋️‍♀️ Preparing training...
[ 2026-03-22 17:22:16 | node_16 | INFO ] 🛠️ Calling force_add_local_model...
[ 2026-03-22 17:22:16 | node_49 | INFO ] 🏋️‍♀️ Preparing training...
[ 2026-03-22 17:22:16 | node_38 | INFO ] 🏋️‍♀️ Preparing training...
[ 2026-03-22 17:22:16 | node_8 | INFO ] 🧩 Model added for round 143 (1/3) from ['node_9']
[ 2026-03-22 17:22:16 | node_12 | INFO ] 🏋️‍♀️ Preparing training...
[ 2026-03-22 17:22:16 | node_44 | INFO ] ♻️ Proactively processing 1 early models for round 143.
[ 2026-03-22 17:22:16 | node_31 | INFO ] 🧠 Aggregation complete. Setting new model.
[ 2026-03-22 17:22:16 | node_29 | INFO ] 🧠 Aggregation complete. Setting new model.
[ 2026-03-22 17:22:16 | node_16 | INFO ] ✅ [FORCE] Local model added for round 144. (1/3)
[ 2026-03-22 17:22:16 | node_45 | INFO ] 🏋️‍♀️ Preparing training...
[ 2026-03-22 17:22:16 | node_44 | INFO ] 🧩 Model added for round 143 (1/3) from ['node_43']
[ 2026-03-22 17:22:16 | node_41 | INFO ] 📈 Evaluated. Results: {'test_loss': 0.0012175494339317083, 'test_accuracy': 0.9974806308746338, 'test_precision': 0.7370883822441101, 'test_recall': 0.1965569108724594, 'test_f1': 0.3071201741695404, 'communication_cost': 1457816}
[ 2026-03-22 17:22:16 | node_7 | INFO ] 🏋️‍♀️ Preparing training...
[ 2026-03-22 17:22:16 | node_8 | INFO ] 🏋️‍♀️ Preparing training...
[ 2026-03-22 17:22:16 | node_44 | INFO ] 🏋️‍♀️ Preparing training...
[ 2026-03-22 17:22:16 | node_1 | INFO ] 🏋️‍♀️ Preparing training...
[ 2026-03-22 17:22:16 | node_36 | INFO ] 🏋️‍♀️ Preparing training...
[ 2026-03-22 17:22:16 | node_23 | INFO ] 📈 Evaluated. Results: {'test_loss': 0.001378799439407885, 'test_accuracy': 0.9965808987617493, 'test_precision': 0.8157278895378113, 'test_recall': 0.22660906612873077, 'test_f1': 0.3442707061767578, 'communication_cost': 1457816}
[ 2026-03-22 17:22:16 | node_31 | INFO ] 🗣️ Gossiping aggregated model.
[ 2026-03-22 17:22:16 | node_26 | INFO ] 📈 Evaluated. Results: {'test_loss': 0.0011280861217528582, 'test_accuracy': 0.9970307946205139, 'test_precision': 0.7370883822441101, 'test_recall': 0.1750584840774536, 'test_f1': 0.2816055715084076, 'communication_cost': 1457816}
[ 2026-03-22 17:22:16 | node_31 | INFO ] 🤫 Gossip finished.
[ 2026-03-22 17:22:16 | node_29 | INFO ] 🗣️ Gossiping aggregated model.
[ 2026-03-22 17:22:16 | node_31 | INFO ] 🔬 Evaluating...
[ 2026-03-22 17:22:16 | node_29 | INFO ] 🤫 Gossip finished.
[ 2026-03-22 17:22:16 | node_24 | INFO ] 🎉 Round 144 of 150 finished.
[ 2026-03-22 17:22:16 | node_23 | INFO ] 📢 Broadcasting metrics.
[ 2026-03-22 17:22:16 | node_41 | INFO ] 📢 Broadcasting metrics.
[ 2026-03-22 17:22:16 | node_25 | INFO ] 📈 Evaluated. Results: {'test_loss': 0.0011551156640052795, 'test_accuracy': 0.99712073802948, 'test_precision': 0.5221042633056641, 'test_recall': 0.14346899092197418, 'test_f1': 0.22490645945072174, 'communication_cost': 1457816}
[ 2026-03-22 17:22:16 | node_26 | INFO ] 📢 Broadcasting metrics.
[ 2026-03-22 17:22:16 | node_46 | INFO ] 🎓 Training step done.
[ 2026-03-22 17:22:16 | node_25 | INFO ] 📢 Broadcasting metrics.
[ 2026-03-22 17:22:16 | node_46 | INFO ] 🛠️ Calling force_add_local_model...
[ 2026-03-22 17:22:16 | node_29 | INFO ] 🔬 Evaluating...
[ 2026-03-22 17:22:16 | node_24 | INFO ] 🗳️ [DETERMINISTIC] Train set assigned (No Voting). Size: 50
[ 2026-03-22 17:22:16 | node_46 | INFO ] ✅ [FORCE] Local model added for round 143. (1/3)
[ 2026-03-22 17:22:16 | node_24 | INFO ] 🏋️‍♀️ Preparing training...
[ 2026-03-22 17:22:17 | node_26 | INFO ] 🎉 Round 144 of 150 finished.
[ 2026-03-22 17:22:17 | node_23 | INFO ] 🎉 Round 144 of 150 finished.
[ 2026-03-22 17:22:17 | node_41 | INFO ] 🎉 Round 144 of 150 finished.
[ 2026-03-22 17:22:17 | node_26 | INFO ] 🗳️ [DETERMINISTIC] Train set assigned (No Voting). Size: 50
[ 2026-03-22 17:22:17 | node_25 | INFO ] 🎉 Round 144 of 150 finished.
[ 2026-03-22 17:22:17 | node_23 | INFO ] 🗳️ [DETERMINISTIC] Train set assigned (No Voting). Size: 50
[ 2026-03-22 17:22:17 | node_41 | INFO ] 🗳️ [DETERMINISTIC] Train set assigned (No Voting). Size: 50
[ 2026-03-22 17:22:17 | node_25 | INFO ] 🗳️ [DETERMINISTIC] Train set assigned (No Voting). Size: 50
[ 2026-03-22 17:22:17 | node_26 | INFO ] 🏋️‍♀️ Preparing training...
[ 2026-03-22 17:22:17 | node_23 | INFO ] 🏋️‍♀️ Preparing training...
[ 2026-03-22 17:22:17 | node_41 | INFO ] 🏋️‍♀️ Preparing training...
[ 2026-03-22 17:22:17 | node_25 | INFO ] 🏋️‍♀️ Preparing training...
[ 2026-03-22 17:22:17 | node_19 | INFO ] 🎓 Training step done.
[ 2026-03-22 17:22:17 | node_19 | INFO ] 🛠️ Calling force_add_local_model...
[ 2026-03-22 17:22:17 | node_19 | INFO ] ✅ [FORCE] Local model added for round 144. (1/3)
[ 2026-03-22 17:22:17 | node_27 | INFO ] 📈 Evaluated. Results: {'test_loss': 0.0013398616574704647, 'test_accuracy': 0.9967608451843262, 'test_precision': 0.8157278895378113, 'test_recall': 0.17282380163669586, 'test_f1': 0.2712863087654114, 'communication_cost': 1457816}
[ 2026-03-22 17:22:17 | node_27 | INFO ] 📢 Broadcasting metrics.
[ 2026-03-22 17:22:17 | node_11 | INFO ] 🤫 Gossip finished.
[ 2026-03-22 17:22:18 | node_11 | INFO ] 🔬 Evaluating...
[ 2026-03-22 17:22:18 | node_28 | INFO ] 🤫 Gossip finished.
[ 2026-03-22 17:22:18 | node_32 | INFO ] 🤫 Gossip finished.
[ 2026-03-22 17:22:18 | node_27 | INFO ] 🎉 Round 144 of 150 finished.
[ 2026-03-22 17:22:18 | node_30 | INFO ] 🤫 Gossip finished.
[ 2026-03-22 17:22:18 | node_28 | INFO ] 🔬 Evaluating...
[ 2026-03-22 17:22:18 | node_32 | INFO ] 🔬 Evaluating...
[ 2026-03-22 17:22:18 | node_30 | INFO ] 🔬 Evaluating...
[ 2026-03-22 17:22:18 | node_27 | INFO ] 🗳️ [DETERMINISTIC] Train set assigned (No Voting). Size: 50
[ 2026-03-22 17:22:18 | node_27 | INFO ] 🏋️‍♀️ Preparing training...
[ 2026-03-22 17:22:19 | node_18 | INFO ] 📤 Sending model to 2 direct neighbors: ['node_17', 'node_19']
[ 2026-03-22 17:22:19 | node_14 | INFO ] 📤 Sending model to 2 direct neighbors: ['node_13', 'node_15']
[ 2026-03-22 17:22:19 | node_17 | INFO ] 🧩 Model added for round 144 (2/3) from ['node_18']
[ 2026-03-22 17:22:19 | node_17 | INFO ] 📤 Sending model to 2 direct neighbors: ['node_16', 'node_18']
[ 2026-03-22 17:22:19 | node_13 | INFO ] 🧩 Model added for round 144 (2/3) from ['node_14']
[ 2026-03-22 17:22:20 | node_16 | INFO ] 🧩 Model added for round 144 (2/3) from ['node_17']
[ 2026-03-22 17:22:20 | node_19 | INFO ] 🧩 Model added for round 144 (2/3) from ['node_18']
[ 2026-03-22 17:22:20 | node_13 | INFO ] 📤 Sending model to 2 direct neighbors: ['node_12', 'node_14']
[ 2026-03-22 17:22:20 | node_15 | INFO ] 🧩 Model added for round 144 (2/3) from ['node_14']
[ 2026-03-22 17:22:20 | node_18 | INFO ] 🧩 Model added for round 144 (2/3) from ['node_17']
[ 2026-03-22 17:22:20 | node_21 | INFO ] 🎓 Training step done.
[ 2026-03-22 17:22:20 | node_12 | INFO ] 🧩 Model added for round 144 (1/3) from ['node_13']
[ 2026-03-22 17:22:20 | node_21 | INFO ] 🛠️ Calling force_add_local_model...
[ 2026-03-22 17:22:20 | node_21 | INFO ] ✅ [FORCE] Local model added for round 144. (1/3)
[ 2026-03-22 17:22:20 | node_40 | INFO ] 📤 Sending model to 2 direct neighbors: ['node_39', 'node_41']
[ 2026-03-22 17:22:20 | node_39 | INFO ] 🧩 Model added for round 144 (2/3) from ['node_40']
[ 2026-03-22 17:22:20 | node_14 | INFO ] 🧩 Model added for round 144 (2/3) from ['node_13']
[ 2026-03-22 17:22:20 | node_15 | INFO ] 📤 Sending model to 2 direct neighbors: ['node_14', 'node_16']
[ 2026-03-22 17:22:20 | node_14 | INFO ] 🧩 Model added for round 144 (3/3) from ['node_15']
[ 2026-03-22 17:22:20 | node_41 | INFO ] 🧩 Model added for round 144 (1/3) from ['node_40']
[ 2026-03-22 17:22:20 | node_14 | INFO ] 🧠 Aggregation complete. Setting new model.
[ 2026-03-22 17:22:20 | node_16 | INFO ] 🧩 Model added for round 144 (3/3) from ['node_15']
[ 2026-03-22 17:22:20 | node_14 | INFO ] 🗣️ Gossiping aggregated model.
[ 2026-03-22 17:22:21 | node_16 | INFO ] 📤 Sending model to 2 direct neighbors: ['node_15', 'node_17']
[ 2026-03-22 17:22:21 | node_15 | INFO ] 🧩 Model added for round 144 (3/3) from ['node_16']
[ 2026-03-22 17:22:21 | node_46 | INFO ] 📤 Sending model to 2 direct neighbors: ['node_45', 'node_47']
[ 2026-03-22 17:22:21 | node_32 | INFO ] 📈 Evaluated. Results: {'test_loss': 0.0010648901807144284, 'test_accuracy': 0.99712073802948, 'test_precision': 0.8599364757537842, 'test_recall': 0.3500944972038269, 'test_f1': 0.4857417941093445, 'communication_cost': 1457816}
[ 2026-03-22 17:22:21 | node_32 | INFO ] 📢 Broadcasting metrics.
[ 2026-03-22 17:22:21 | node_15 | INFO ] 🧠 Aggregation complete. Setting new model.
[ 2026-03-22 17:22:21 | node_31 | INFO ] 📈 Evaluated. Results: {'test_loss': 0.001047394354827702, 'test_accuracy': 0.9975706338882446, 'test_precision': 0.7235918641090393, 'test_recall': 0.25030919909477234, 'test_f1': 0.3642478585243225, 'communication_cost': 1457816}
[ 2026-03-22 17:22:22 | node_31 | INFO ] 📢 Broadcasting metrics.
[ 2026-03-22 17:22:22 | node_45 | INFO ] 🧩 Model added for round 143 (1/3) from ['node_46']
[ 2026-03-22 17:22:22 | node_15 | INFO ] 🗣️ Gossiping aggregated model.
[ 2026-03-22 17:22:22 | node_17 | INFO ] 🧩 Model added for round 144 (3/3) from ['node_16']
[ 2026-03-22 17:22:22 | node_17 | INFO ] 🧠 Aggregation complete. Setting new model.
[ 2026-03-22 17:22:22 | node_47 | INFO ] 🧩 Model added for round 143 (1/3) from ['node_46']
[ 2026-03-22 17:22:22 | node_19 | INFO ] 📤 Sending model to 2 direct neighbors: ['node_18', 'node_20']
[ 2026-03-22 17:22:22 | node_16 | INFO ] 🧠 Aggregation complete. Setting new model.
[ 2026-03-22 17:22:22 | node_32 | INFO ] 🎉 Round 144 of 150 finished.
[ 2026-03-22 17:22:22 | node_17 | INFO ] 🗣️ Gossiping aggregated model.
[ 2026-03-22 17:22:22 | node_32 | INFO ] 🗳️ [DETERMINISTIC] Train set assigned (No Voting). Size: 50
[ 2026-03-22 17:22:22 | node_18 | INFO ] 🧩 Model added for round 144 (3/3) from ['node_19']
[ 2026-03-22 17:22:22 | node_31 | INFO ] 🎉 Round 144 of 150 finished.
[ 2026-03-22 17:22:22 | node_18 | INFO ] 🧠 Aggregation complete. Setting new model.
[ 2026-03-22 17:22:23 | node_32 | INFO ] 🏋️‍♀️ Preparing training...
[ 2026-03-22 17:22:23 | node_31 | INFO ] 🗳️ [DETERMINISTIC] Train set assigned (No Voting). Size: 50
[ 2026-03-22 17:22:23 | node_16 | INFO ] 🗣️ Gossiping aggregated model.
[ 2026-03-22 17:22:23 | node_28 | INFO ] 📈 Evaluated. Results: {'test_loss': 0.0010323604801669717, 'test_accuracy': 0.9969407916069031, 'test_precision': 0.7831563949584961, 'test_recall': 0.3258664608001709, 'test_f1': 0.4513833820819855, 'communication_cost': 1457816}
[ 2026-03-22 17:22:23 | node_16 | INFO ] 🤫 Gossip finished.
[ 2026-03-22 17:22:23 | node_3 | INFO ] ⏹️  Gossiping exited for 10 equal rounds.
[ 2026-03-22 17:22:23 | node_31 | INFO ] 🏋️‍♀️ Preparing training...
[ 2026-03-22 17:22:23 | node_28 | INFO ] 📢 Broadcasting metrics.
[ 2026-03-22 17:22:23 | node_16 | INFO ] 🔬 Evaluating...
[ 2026-03-22 17:22:23 | node_18 | INFO ] 🗣️ Gossiping aggregated model.
[ 2026-03-22 17:22:23 | node_3 | INFO ] 🔬 Evaluating...
[ 2026-03-22 17:22:23 | node_20 | INFO ] 🧩 Model added for round 144 (1/3) from ['node_19']
[ 2026-03-22 17:22:23 | node_30 | INFO ] 📈 Evaluated. Results: {'test_loss': 0.0011478562373667955, 'test_accuracy': 0.9973006844520569, 'test_precision': 0.8599364757537842, 'test_recall': 0.3325672745704651, 'test_f1': 0.4786917567253113, 'communication_cost': 1457816}
[ 2026-03-22 17:22:23 | node_29 | INFO ] 📈 Evaluated. Results: {'test_loss': 0.001291725318878889, 'test_accuracy': 0.9967608451843262, 'test_precision': 0.8173574805259705, 'test_recall': 0.4510631263256073, 'test_f1': 0.5341438055038452, 'communication_cost': 1457816}
[ 2026-03-22 17:22:23 | node_5 | INFO ] 🎓 Training step done.
[ 2026-03-22 17:22:23 | node_30 | INFO ] 📢 Broadcasting metrics.
[ 2026-03-22 17:22:23 | node_29 | INFO ] 📢 Broadcasting metrics.
[ 2026-03-22 17:22:23 | node_5 | INFO ] 🛠️ Calling force_add_local_model...
[ 2026-03-22 17:22:23 | node_15 | INFO ] 🤫 Gossip finished.
[ 2026-03-22 17:22:23 | node_5 | INFO ] ✅ [FORCE] Local model added for round 143. (1/3)
[ 2026-03-22 17:22:23 | node_11 | INFO ] 📈 Evaluated. Results: {'test_loss': 0.001236156327649951, 'test_accuracy': 0.9968510866165161, 'test_precision': 0.6756035685539246, 'test_recall': 0.1535462588071823, 'test_f1': 0.24702388048171997, 'communication_cost': 1457816}
[ 2026-03-22 17:22:23 | node_11 | INFO ] 📢 Broadcasting metrics.
[ 2026-03-22 17:22:23 | node_44 | INFO ] 🎓 Training step done.
[ 2026-03-22 17:22:24 | node_15 | INFO ] 🔬 Evaluating...
[ 2026-03-22 17:22:24 | node_44 | INFO ] 🛠️ Calling force_add_local_model...
[ 2026-03-22 17:22:24 | node_44 | INFO ] ✅ [FORCE] Local model added for round 143. (2/3)
[ 2026-03-22 17:22:24 | node_28 | INFO ] 🎉 Round 144 of 150 finished.
[ 2026-03-22 17:22:24 | node_28 | INFO ] 🗳️ [DETERMINISTIC] Train set assigned (No Voting). Size: 50
[ 2026-03-22 17:22:24 | node_28 | INFO ] 🏋️‍♀️ Preparing training...
[ 2026-03-22 17:22:24 | node_29 | INFO ] 🎉 Round 144 of 150 finished.
[ 2026-03-22 17:22:24 | node_30 | INFO ] 🎉 Round 144 of 150 finished.
[ 2026-03-22 17:22:24 | node_29 | INFO ] 🗳️ [DETERMINISTIC] Train set assigned (No Voting). Size: 50
[ 2026-03-22 17:22:24 | node_30 | INFO ] 🗳️ [DETERMINISTIC] Train set assigned (No Voting). Size: 50
[ 2026-03-22 17:22:24 | node_11 | INFO ] 🎉 Round 144 of 150 finished.
[ 2026-03-22 17:22:24 | node_11 | INFO ] 🗳️ [DETERMINISTIC] Train set assigned (No Voting). Size: 50
[ 2026-03-22 17:22:24 | node_29 | INFO ] 🏋️‍♀️ Preparing training...
[ 2026-03-22 17:22:24 | node_30 | INFO ] 🏋️‍♀️ Preparing training...
[ 2026-03-22 17:22:24 | node_11 | INFO ] 🏋️‍♀️ Preparing training...
[ 2026-03-22 17:22:24 | node_45 | INFO ] 🎓 Training step done.
[ 2026-03-22 17:22:24 | node_45 | INFO ] 🛠️ Calling force_add_local_model...
[ 2026-03-22 17:22:24 | node_45 | INFO ] ✅ [FORCE] Local model added for round 143. (2/3)
[ 2026-03-22 17:22:24 | node_22 | INFO ] ⏹️  Gossiping exited for 10 equal rounds.
[ 2026-03-22 17:22:25 | node_22 | INFO ] 🔬 Evaluating...
[ 2026-03-22 17:22:25 | node_17 | INFO ] 🤫 Gossip finished.
[ 2026-03-22 17:22:25 | node_17 | INFO ] 🔬 Evaluating...
[ 2026-03-22 17:22:25 | node_21 | INFO ] 📤 Sending model to 2 direct neighbors: ['node_20', 'node_22']
[ 2026-03-22 17:22:25 | node_20 | INFO ] 🧩 Model added for round 144 (2/3) from ['node_21']
[ 2026-03-22 17:22:26 | node_33 | INFO ] 📈 Evaluated. Results: {'test_loss': 0.001717985374853015, 'test_accuracy': 0.9961310029029846, 'test_precision': 0.460680216550827, 'test_recall': 0.0742207020521164, 'test_f1': 0.1263580024242401, 'communication_cost': 1457816}
[ 2026-03-22 17:22:26 | node_33 | INFO ] 📢 Broadcasting metrics.
[ 2026-03-22 17:22:26 | node_24 | INFO ] 🎓 Training step done.
[ 2026-03-22 17:22:26 | node | INFO ] 🎓 Training step done.
[ 2026-03-22 17:22:26 | node_24 | INFO ] 🛠️ Calling force_add_local_model...
[ 2026-03-22 17:22:26 | node | INFO ] 🛠️ Calling force_add_local_model...
[ 2026-03-22 17:22:26 | node_24 | INFO ] ✅ [FORCE] Local model added for round 144. (1/3)
[ 2026-03-22 17:22:26 | node | INFO ] ✅ [FORCE] Local model added for round 143. (1/3)
[ 2026-03-22 17:22:26 | node_4 | INFO ] ⏹️  Gossiping exited for 10 equal rounds.
[ 2026-03-22 17:22:26 | node_4 | INFO ] 🔬 Evaluating...
[ 2026-03-22 17:22:26 | node_27 | INFO ] 🎓 Training step done.
[ 2026-03-22 17:22:26 | node_27 | INFO ] 🛠️ Calling force_add_local_model...
[ 2026-03-22 17:22:26 | node_27 | INFO ] ✅ [FORCE] Local model added for round 144. (1/3)
[ 2026-03-22 17:22:26 | node_1 | INFO ] 🎓 Training step done.
[ 2026-03-22 17:22:26 | node_33 | INFO ] 🎉 Round 144 of 150 finished.
[ 2026-03-22 17:22:26 | node_1 | INFO ] 🛠️ Calling force_add_local_model...
[ 2026-03-22 17:22:26 | node_1 | INFO ] ✅ [FORCE] Local model added for round 143. (1/3)
[ 2026-03-22 17:22:26 | node_33 | INFO ] 🗳️ [DETERMINISTIC] Train set assigned (No Voting). Size: 50
[ 2026-03-22 17:22:26 | node_33 | INFO ] 🏋️‍♀️ Preparing training...
[ 2026-03-22 17:22:26 | node_15 | INFO ] 📈 Evaluated. Results: {'test_loss': 0.001233294722624123, 'test_accuracy': 0.996941089630127, 'test_precision': 0.7543260455131531, 'test_recall': 0.19141273200511932, 'test_f1': 0.2936180830001831, 'communication_cost': 1457816}
[ 2026-03-22 17:22:26 | node_15 | INFO ] 📢 Broadcasting metrics.
[ 2026-03-22 17:22:26 | node_20 | INFO ] 🎓 Training step done.
[ 2026-03-22 17:22:26 | node_20 | INFO ] 🛠️ Calling force_add_local_model...
[ 2026-03-22 17:22:27 | node_20 | INFO ] ✅ [FORCE] Local model added for round 144. (3/3)
[ 2026-03-22 17:22:27 | node_2 | INFO ] 🎓 Training step done.
[ 2026-03-22 17:22:27 | node_2 | INFO ] 🛠️ Calling force_add_local_model...
[ 2026-03-22 17:22:27 | node_2 | INFO ] ✅ [FORCE] Local model added for round 143. (1/3)
[ 2026-03-22 17:22:27 | node_22 | INFO ] 📈 Evaluated. Results: {'test_loss': 0.0012989206006750464, 'test_accuracy': 0.9969407916069031, 'test_precision': 0.4471837282180786, 'test_recall': 0.14461812376976013, 'test_f1': 0.20905765891075134, 'communication_cost': 1457816}
[ 2026-03-22 17:22:27 | node_22 | INFO ] 📢 Broadcasting metrics.
[ 2026-03-22 17:22:27 | node_26 | INFO ] 🎓 Training step done.
[ 2026-03-22 17:22:27 | node_26 | INFO ] 🛠️ Calling force_add_local_model...
[ 2026-03-22 17:22:27 | node_26 | INFO ] ✅ [FORCE] Local model added for round 144. (1/3)
[ 2026-03-22 17:22:27 | node_15 | INFO ] 🎉 Round 145 of 150 finished.
[ 2026-03-22 17:22:27 | node_49 | INFO ] 🎓 Training step done.
[ 2026-03-22 17:22:27 | node_15 | INFO ] 🗳️ [DETERMINISTIC] Train set assigned (No Voting). Size: 50
[ 2026-03-22 17:22:27 | node_49 | INFO ] 🛠️ Calling force_add_local_model...
[ 2026-03-22 17:22:27 | node_49 | INFO ] ✅ [FORCE] Local model added for round 143. (1/3)
[ 2026-03-22 17:22:27 | node_15 | INFO ] 🏋️‍♀️ Preparing training...
[ 2026-03-22 17:22:27 | node_22 | INFO ] 🎉 Round 144 of 150 finished.
[ 2026-03-22 17:22:27 | node_22 | INFO ] 🗳️ [DETERMINISTIC] Train set assigned (No Voting). Size: 50
[ 2026-03-22 17:22:27 | node_22 | INFO ] ♻️ Proactively processing 1 early models for round 144.
[ 2026-03-22 17:22:27 | node_22 | INFO ] 🧩 Model added for round 144 (1/3) from ['node_21']
[ 2026-03-22 17:22:27 | node_22 | INFO ] 🏋️‍♀️ Preparing training...
[ 2026-03-22 17:22:27 | node_12 | INFO ] 🎓 Training step done.
[ 2026-03-22 17:22:27 | node_12 | INFO ] 🛠️ Calling force_add_local_model...
[ 2026-03-22 17:22:27 | node_12 | INFO ] ✅ [FORCE] Local model added for round 144. (2/3)
[ 2026-03-22 17:22:28 | node_47 | INFO ] 🎓 Training step done.
[ 2026-03-22 17:22:28 | node_47 | INFO ] 🛠️ Calling force_add_local_model...
[ 2026-03-22 17:22:28 | node_47 | INFO ] ✅ [FORCE] Local model added for round 143. (2/3)
[ 2026-03-22 17:22:28 | node_16 | INFO ] 📈 Evaluated. Results: {'test_loss': 0.0011303320061415434, 'test_accuracy': 0.99676114320755, 'test_precision': 0.6756035685539246, 'test_recall': 0.1535462588071823, 'test_f1': 0.2440224289894104, 'communication_cost': 1457816}
[ 2026-03-22 17:22:28 | node_16 | INFO ] 📢 Broadcasting metrics.
[ 2026-03-22 17:22:28 | node_8 | INFO ] 🎓 Training step done.
[ 2026-03-22 17:22:28 | node_8 | INFO ] 🛠️ Calling force_add_local_model...
[ 2026-03-22 17:22:28 | node_8 | INFO ] ✅ [FORCE] Local model added for round 143. (2/3)
[ 2026-03-22 17:22:28 | node_16 | INFO ] 🎉 Round 145 of 150 finished.
[ 2026-03-22 17:22:28 | node_4 | INFO ] 📈 Evaluated. Results: {'test_loss': 0.0012877375120297074, 'test_accuracy': 0.9966711401939392, 'test_precision': 0.9692906737327576, 'test_recall': 0.32063087821006775, 'test_f1': 0.4747413098812103, 'communication_cost': 1457816}
[ 2026-03-22 17:22:28 | node_4 | INFO ] 📢 Broadcasting metrics.
[ 2026-03-22 17:22:28 | node_16 | INFO ] 🗳️ [DETERMINISTIC] Train set assigned (No Voting). Size: 50
[ 2026-03-22 17:22:28 | node_16 | INFO ] 🏋️‍♀️ Preparing training...
[ 2026-03-22 17:22:28 | node_3 | INFO ] 📈 Evaluated. Results: {'test_loss': 0.0018000119598582387, 'test_accuracy': 0.9960413575172424, 'test_precision': 0.48520615696907043, 'test_recall': 0.2682335078716278, 'test_f1': 0.3043314516544342, 'communication_cost': 1457816}
[ 2026-03-22 17:22:28 | node_3 | INFO ] 📢 Broadcasting metrics.
[ 2026-03-22 17:22:28 | node_25 | INFO ] 🎓 Training step done.
[ 2026-03-22 17:22:28 | node_25 | INFO ] 🛠️ Calling force_add_local_model...
[ 2026-03-22 17:22:29 | node_5 | INFO ] 📤 Sending model to 2 direct neighbors: ['node_4', 'node_6']
[ 2026-03-22 17:22:29 | node_25 | INFO ] ✅ [FORCE] Local model added for round 144. (1/3)
[ 2026-03-22 17:22:29 | node_44 | INFO ] 📤 Sending model to 2 direct neighbors: ['node_43', 'node_45']
[ 2026-03-22 17:22:29 | node_4 | INFO ] 🎉 Round 143 of 150 finished.
[ 2026-03-22 17:22:29 | node_43 | INFO ] 🧩 Model added for round 143 (3/3) from ['node_44']
[ 2026-03-22 17:22:29 | node_4 | INFO ] 🗳️ [DETERMINISTIC] Train set assigned (No Voting). Size: 50
[ 2026-03-22 17:22:29 | node_43 | INFO ] 🧠 Aggregation complete. Setting new model.
[ 2026-03-22 17:22:29 | node_7 | INFO ] 🎓 Training step done.
[ 2026-03-22 17:22:29 | node_6 | INFO ] 🧩 Model added for round 143 (1/3) from ['node_5']
[ 2026-03-22 17:22:29 | node_7 | INFO ] 🛠️ Calling force_add_local_model...
[ 2026-03-22 17:22:29 | node_36 | INFO ] 🎓 Training step done.
[ 2026-03-22 17:22:29 | node_4 | INFO ] ♻️ Proactively processing 1 early models for round 143.
[ 2026-03-22 17:22:29 | node_7 | INFO ] ✅ [FORCE] Local model added for round 143. (1/3)
[ 2026-03-22 17:22:29 | node_36 | INFO ] 🛠️ Calling force_add_local_model...
[ 2026-03-22 17:22:29 | node_4 | INFO ] 🧩 Model added for round 143 (1/3) from ['node_5']
[ 2026-03-22 17:22:29 | node_36 | INFO ] ✅ [FORCE] Local model added for round 144. (1/3)
[ 2026-03-22 17:22:29 | node_4 | INFO ] 🏋️‍♀️ Preparing training...
[ 2026-03-22 17:22:29 | node_3 | INFO ] 🎉 Round 143 of 150 finished.
[ 2026-03-22 17:22:29 | node_43 | INFO ] 🗣️ Gossiping aggregated model.
[ 2026-03-22 17:22:29 | node_3 | INFO ] 🗳️ [DETERMINISTIC] Train set assigned (No Voting). Size: 50
[ 2026-03-22 17:22:29 | node_23 | INFO ] 🎓 Training step done.
[ 2026-03-22 17:22:29 | node_23 | INFO ] 🛠️ Calling force_add_local_model...
[ 2026-03-22 17:22:29 | node_38 | INFO ] 🎓 Training step done.
[ 2026-03-22 17:22:29 | node_45 | INFO ] 📤 Sending model to 2 direct neighbors: ['node_44', 'node_46']
[ 2026-03-22 17:22:29 | node_45 | INFO ] 🧩 Model added for round 143 (3/3) from ['node_44']
[ 2026-03-22 17:22:29 | node_38 | INFO ] 🛠️ Calling force_add_local_model...
[ 2026-03-22 17:22:29 | node_23 | INFO ] ✅ [FORCE] Local model added for round 144. (1/3)
[ 2026-03-22 17:22:29 | node_38 | INFO ] ✅ [FORCE] Local model added for round 144. (2/3)
[ 2026-03-22 17:22:29 | node_3 | INFO ] 🏋️‍♀️ Preparing training...
[ 2026-03-22 17:22:29 | node_41 | INFO ] 🎓 Training step done.
[ 2026-03-22 17:22:29 | node_34 | INFO ] 🎓 Training step done.
[ 2026-03-22 17:22:29 | node_41 | INFO ] 🛠️ Calling force_add_local_model...
[ 2026-03-22 17:22:29 | node_34 | INFO ] 🛠️ Calling force_add_local_model...
[ 2026-03-22 17:22:29 | node_35 | INFO ] 🎓 Training step done.
[ 2026-03-22 17:22:29 | node_35 | INFO ] 🛠️ Calling force_add_local_model...
[ 2026-03-22 17:22:29 | node_34 | INFO ] ✅ [FORCE] Local model added for round 144. (1/3)
[ 2026-03-22 17:22:29 | node_41 | INFO ] ✅ [FORCE] Local model added for round 144. (2/3)
[ 2026-03-22 17:22:29 | node_44 | INFO ] 🧩 Model added for round 143 (3/3) from ['node_45']
[ 2026-03-22 17:22:29 | node_35 | INFO ] ✅ [FORCE] Local model added for round 144. (1/3)
[ 2026-03-22 17:22:29 | node_17 | INFO ] 📈 Evaluated. Results: {'test_loss': 0.0014020197559148073, 'test_accuracy': 0.9965811967849731, 'test_precision': 0.6314889788627625, 'test_recall': 0.13268543779850006, 'test_f1': 0.2082214057445526, 'communication_cost': 1457816}
[ 2026-03-22 17:22:30 | node_17 | INFO ] 📢 Broadcasting metrics.
[ 2026-03-22 17:22:30 | node_42 | INFO ] 🤫 Gossip finished.
[ 2026-03-22 17:22:30 | node_44 | INFO ] 🧠 Aggregation complete. Setting new model.
[ 2026-03-22 17:22:30 | node_42 | INFO ] 🔬 Evaluating...
[ 2026-03-22 17:22:30 | node_44 | INFO ] 🗣️ Gossiping aggregated model.
[ 2026-03-22 17:22:30 | node_46 | INFO ] 🧩 Model added for round 143 (2/3) from ['node_45']
[ 2026-03-22 17:22:30 | node_45 | INFO ] 🧠 Aggregation complete. Setting new model.
[ 2026-03-22 17:22:30 | node_17 | INFO ] 🎉 Round 145 of 150 finished.
[ 2026-03-22 17:22:30 | node_45 | INFO ] 🗣️ Gossiping aggregated model.
[ 2026-03-22 17:22:30 | node_17 | INFO ] 🗳️ [DETERMINISTIC] Train set assigned (No Voting). Size: 50
[ 2026-03-22 17:22:30 | node_28 | INFO ] 🎓 Training step done.
[ 2026-03-22 17:22:30 | node_48 | INFO ] 🎓 Training step done.
[ 2026-03-22 17:22:30 | node_28 | INFO ] 🛠️ Calling force_add_local_model...
[ 2026-03-22 17:22:30 | node_17 | INFO ] 🏋️‍♀️ Preparing training...
[ 2026-03-22 17:22:30 | node_48 | INFO ] 🛠️ Calling force_add_local_model...
[ 2026-03-22 17:22:30 | node_28 | INFO ] ✅ [FORCE] Local model added for round 144. (1/3)
[ 2026-03-22 17:22:30 | node_48 | INFO ] ✅ [FORCE] Local model added for round 143. (1/3)
[ 2026-03-22 17:22:31 | node_43 | INFO ] 🤫 Gossip finished.
[ 2026-03-22 17:22:31 | node_6 | INFO ] 🎓 Training step done.
[ 2026-03-22 17:22:31 | node_6 | INFO ] 🛠️ Calling force_add_local_model...
[ 2026-03-22 17:22:31 | node_24 | INFO ] 📤 Sending model to 2 direct neighbors: ['node_23', 'node_25']
[ 2026-03-22 17:22:31 | node_43 | INFO ] 🔬 Evaluating...
[ 2026-03-22 17:22:31 | node | INFO ] 📤 Sending model to 2 direct neighbors: ['node_1', 'node_49']
[ 2026-03-22 17:22:31 | node_32 | INFO ] 🎓 Training step done.
[ 2026-03-22 17:22:31 | node_32 | INFO ] 🛠️ Calling force_add_local_model...
[ 2026-03-22 17:22:31 | node_6 | INFO ] ✅ [FORCE] Local model added for round 143. (2/3)
[ 2026-03-22 17:22:31 | node_32 | INFO ] ✅ [FORCE] Local model added for round 144. (1/3)
[ 2026-03-22 17:22:31 | node_23 | INFO ] 🧩 Model added for round 144 (2/3) from ['node_24']
[ 2026-03-22 17:22:31 | node_1 | INFO ] 🧩 Model added for round 143 (2/3) from ['node']
[ 2026-03-22 17:22:31 | node_27 | INFO ] 📤 Sending model to 2 direct neighbors: ['node_26', 'node_28']
[ 2026-03-22 17:22:31 | node_29 | INFO ] 🎓 Training step done.
[ 2026-03-22 17:22:31 | node_29 | INFO ] 🛠️ Calling force_add_local_model...
[ 2026-03-22 17:22:31 | node_29 | INFO ] ✅ [FORCE] Local model added for round 144. (1/3)
[ 2026-03-22 17:22:31 | node_31 | INFO ] 🎓 Training step done.
[ 2026-03-22 17:22:31 | node_31 | INFO ] 🛠️ Calling force_add_local_model...
[ 2026-03-22 17:22:31 | node_1 | INFO ] 📤 Sending model to 2 direct neighbors: ['node', 'node_2']
[ 2026-03-22 17:22:31 | node_31 | INFO ] ✅ [FORCE] Local model added for round 144. (1/3)
[ 2026-03-22 17:22:31 | node_49 | INFO ] 🧩 Model added for round 143 (2/3) from ['node']
[ 2026-03-22 17:22:31 | node_25 | INFO ] 🧩 Model added for round 144 (2/3) from ['node_24']
[ 2026-03-22 17:22:31 | node_26 | INFO ] 🧩 Model added for round 144 (2/3) from ['node_27']
[ 2026-03-22 17:22:31 | node_30 | INFO ] 🎓 Training step done.
[ 2026-03-22 17:22:31 | node_30 | INFO ] 🛠️ Calling force_add_local_model...
[ 2026-03-22 17:22:31 | node | INFO ] 🧩 Model added for round 143 (2/3) from ['node_1']
[ 2026-03-22 17:22:31 | node_30 | INFO ] ✅ [FORCE] Local model added for round 144. (1/3)
[ 2026-03-22 17:22:31 | node_44 | INFO ] 🤫 Gossip finished.
[ 2026-03-22 17:22:31 | node_44 | INFO ] 🔬 Evaluating...
[ 2026-03-22 17:22:32 | node_37 | INFO ] 🎓 Training step done.
[ 2026-03-22 17:22:32 | node_37 | INFO ] 🛠️ Calling force_add_local_model...
[ 2026-03-22 17:22:32 | node_20 | INFO ] 📤 Sending model to 2 direct neighbors: ['node_19', 'node_21']
[ 2026-03-22 17:22:32 | node_10 | INFO ] ⏹️  Gossiping exited for 10 equal rounds.
[ 2026-03-22 17:22:32 | node_37 | INFO ] ✅ [FORCE] Local model added for round 144. (1/3)
[ 2026-03-22 17:22:32 | node_28 | INFO ] 🧩 Model added for round 144 (2/3) from ['node_27']
[ 2026-03-22 17:22:32 | node_2 | INFO ] 📤 Sending model to 2 direct neighbors: ['node_1', 'node_3']
[ 2026-03-22 17:22:32 | node_10 | INFO ] 🔬 Evaluating...
[ 2026-03-22 17:22:32 | node_42 | INFO ] 📈 Evaluated. Results: {'test_loss': 0.001377576612867415, 'test_accuracy': 0.9969407916069031, 'test_precision': 0.8157278895378113, 'test_recall': 0.2318151742219925, 'test_f1': 0.3428434133529663, 'communication_cost': 1457816}
[ 2026-03-22 17:22:32 | node_19 | INFO ] 🧩 Model added for round 144 (3/3) from ['node_20']
[ 2026-03-22 17:22:32 | node_42 | INFO ] 📢 Broadcasting metrics.
[ 2026-03-22 17:22:32 | node_2 | INFO ] 🧩 Model added for round 143 (2/3) from ['node_1']
[ 2026-03-22 17:22:32 | node_19 | INFO ] 🧠 Aggregation complete. Setting new model.
[ 2026-03-22 17:22:32 | node_26 | INFO ] 📤 Sending model to 2 direct neighbors: ['node_25', 'node_27']
[ 2026-03-22 17:22:32 | node_1 | INFO ] 🧩 Model added for round 143 (3/3) from ['node_2']
[ 2026-03-22 17:22:32 | node_49 | INFO ] 📤 Sending model to 2 direct neighbors: ['node', 'node_48']
[ 2026-03-22 17:22:32 | node_25 | INFO ] 🧩 Model added for round 144 (3/3) from ['node_26']
[ 2026-03-22 17:22:32 | node_11 | INFO ] 🎓 Training step done.
[ 2026-03-22 17:22:32 | node_19 | INFO ] 🗣️ Gossiping aggregated model.
[ 2026-03-22 17:22:32 | node_1 | INFO ] 🧠 Aggregation complete. Setting new model.
[ 2026-03-22 17:22:32 | node_11 | INFO ] 🛠️ Calling force_add_local_model...
[ 2026-03-22 17:22:32 | node_18 | INFO ] 🤫 Gossip finished.
[ 2026-03-22 17:22:32 | node_11 | INFO ] ✅ [FORCE] Local model added for round 144. (1/3)
[ 2026-03-22 17:22:32 | node_18 | INFO ] 🔬 Evaluating...
[ 2026-03-22 17:22:32 | node | INFO ] 🧩 Model added for round 143 (3/3) from ['node_49']
[ 2026-03-22 17:22:32 | node_21 | INFO ] 🧩 Model added for round 144 (2/3) from ['node_20']
[ 2026-03-22 17:22:32 | node_12 | INFO ] 📤 Sending model to 2 direct neighbors: ['node_11', 'node_13']
[ 2026-03-22 17:22:32 | node_1 | INFO ] 🗣️ Gossiping aggregated model.
[ 2026-03-22 17:22:32 | node_42 | INFO ] 🎉 Round 144 of 150 finished.
[ 2026-03-22 17:22:32 | node_3 | INFO ] 🧩 Model added for round 143 (1/3) from ['node_2']
[ 2026-03-22 17:22:33 | node_42 | INFO ] 🗳️ [DETERMINISTIC] Train set assigned (No Voting). Size: 50
[ 2026-03-22 17:22:33 | node_27 | INFO ] 🧩 Model added for round 144 (2/3) from ['node_26']
[ 2026-03-22 17:22:33 | node_11 | INFO ] 🧩 Model added for round 144 (2/3) from ['node_12']
[ 2026-03-22 17:22:33 | node | INFO ] 🧠 Aggregation complete. Setting new model.
[ 2026-03-22 17:22:33 | node_20 | INFO ] 🧠 Aggregation complete. Setting new model.
[ 2026-03-22 17:22:33 | node_42 | INFO ] 🏋️‍♀️ Preparing training...
[ 2026-03-22 17:22:33 | node_47 | INFO ] 📤 Sending model to 2 direct neighbors: ['node_46', 'node_48']
[ 2026-03-22 17:22:33 | node_48 | INFO ] 🧩 Model added for round 143 (2/3) from ['node_49']
[ 2026-03-22 17:22:33 | node_15 | INFO ] 🎓 Training step done.
[ 2026-03-22 17:22:33 | node_15 | INFO ] 🛠️ Calling force_add_local_model...
[ 2026-03-22 17:22:33 | node_15 | INFO ] ✅ [FORCE] Local model added for round 145. (1/3)
[ 2026-03-22 17:22:33 | node | INFO ] 🗣️ Gossiping aggregated model.
[ 2026-03-22 17:22:33 | node_46 | INFO ] 🧩 Model added for round 143 (3/3) from ['node_47']
[ 2026-03-22 17:22:33 | node_20 | INFO ] 🗣️ Gossiping aggregated model.
[ 2026-03-22 17:22:33 | node_22 | INFO ] 🎓 Training step done.
[ 2026-03-22 17:22:33 | node_22 | INFO ] 🛠️ Calling force_add_local_model...
[ 2026-03-22 17:22:33 | node_43 | INFO ] 📈 Evaluated. Results: {'test_loss': 0.0014533207286149263, 'test_accuracy': 0.9963109493255615, 'test_precision': 0.7370883822441101, 'test_recall': 0.0915510505437851, 'test_f1': 0.1624944806098938, 'communication_cost': 1457816}
[ 2026-03-22 17:22:33 | node_22 | INFO ] ✅ [FORCE] Local model added for round 144. (2/3)
[ 2026-03-22 17:22:33 | node_43 | INFO ] 📢 Broadcasting metrics.
[ 2026-03-22 17:22:33 | node_13 | INFO ] 🧩 Model added for round 144 (3/3) from ['node_12']
[ 2026-03-22 17:22:33 | node_46 | INFO ] 🧠 Aggregation complete. Setting new model.
[ 2026-03-22 17:22:33 | node_8 | INFO ] 📤 Sending model to 2 direct neighbors: ['node_7', 'node_9']
[ 2026-03-22 17:22:33 | node_13 | INFO ] 🧠 Aggregation complete. Setting new model.
[ 2026-03-22 17:22:33 | node_46 | INFO ] 🗣️ Gossiping aggregated model.
[ 2026-03-22 17:22:33 | node_7 | INFO ] 🧩 Model added for round 143 (2/3) from ['node_8']
[ 2026-03-22 17:22:33 | node_48 | INFO ] 🧩 Model added for round 143 (3/3) from ['node_47']
[ 2026-03-22 17:22:33 | node_45 | INFO ] 🤫 Gossip finished.
[ 2026-03-22 17:22:33 | node_13 | INFO ] 🗣️ Gossiping aggregated model.
[ 2026-03-22 17:22:33 | node_45 | INFO ] 🔬 Evaluating...
[ 2026-03-22 17:22:33 | node_9 | INFO ] 🧩 Model added for round 143 (3/3) from ['node_8']
[ 2026-03-22 17:22:33 | node_14 | INFO ] 🤫 Gossip finished.
[ 2026-03-22 17:22:33 | node_43 | INFO ] 🎉 Round 144 of 150 finished.
[ 2026-03-22 17:22:34 | node_14 | INFO ] 🔬 Evaluating...
[ 2026-03-22 17:22:34 | node_44 | INFO ] 📈 Evaluated. Results: {'test_loss': 0.0011248133378103375, 'test_accuracy': 0.9976606369018555, 'test_precision': 1.0, 'test_recall': 0.3456627130508423, 'test_f1': 0.5061981081962585, 'communication_cost': 1457816}
[ 2026-03-22 17:22:34 | node_9 | INFO ] 🧠 Aggregation complete. Setting new model.
[ 2026-03-22 17:22:34 | node_25 | INFO ] 📤 Sending model to 2 direct neighbors: ['node_24', 'node_26']
[ 2026-03-22 17:22:34 | node_16 | INFO ] 🎓 Training step done.
[ 2026-03-22 17:22:34 | node_43 | INFO ] 🗳️ [DETERMINISTIC] Train set assigned (No Voting). Size: 50
[ 2026-03-22 17:22:34 | node_44 | INFO ] 📢 Broadcasting metrics.
[ 2026-03-22 17:22:34 | node_16 | INFO ] 🛠️ Calling force_add_local_model...
[ 2026-03-22 17:22:34 | node_16 | INFO ] ✅ [FORCE] Local model added for round 145. (1/3)
[ 2026-03-22 17:22:34 | node_43 | INFO ] 🏋️‍♀️ Preparing training...
[ 2026-03-22 17:22:34 | node_24 | INFO ] 🧩 Model added for round 144 (2/3) from ['node_25']
[ 2026-03-22 17:22:34 | node_9 | INFO ] 🗣️ Gossiping aggregated model.
[ 2026-03-22 17:22:34 | node_33 | INFO ] 🎓 Training step done.
[ 2026-03-22 17:22:34 | node_33 | INFO ] 🛠️ Calling force_add_local_model...
[ 2026-03-22 17:22:34 | node_33 | INFO ] ✅ [FORCE] Local model added for round 144. (1/3)
[ 2026-03-22 17:22:34 | node_26 | INFO ] 🧩 Model added for round 144 (3/3) from ['node_25']
[ 2026-03-22 17:22:34 | node_44 | INFO ] 🎉 Round 144 of 150 finished.
[ 2026-03-22 17:22:34 | node_44 | INFO ] 🗳️ [DETERMINISTIC] Train set assigned (No Voting). Size: 50
[ 2026-03-22 17:22:34 | node_26 | INFO ] 🧠 Aggregation complete. Setting new model.
[ 2026-03-22 17:22:34 | node_19 | INFO ] 🤫 Gossip finished.
[ 2026-03-22 17:22:34 | node_44 | INFO ] 🏋️‍♀️ Preparing training...
[ 2026-03-22 17:22:34 | node_19 | INFO ] 🔬 Evaluating...
[ 2026-03-22 17:22:34 | node_7 | INFO ] 📤 Sending model to 2 direct neighbors: ['node_6', 'node_8']
[ 2026-03-22 17:22:34 | node_25 | INFO ] 🧠 Aggregation complete. Setting new model.
[ 2026-03-22 17:22:34 | node_36 | INFO ] 📤 Sending model to 2 direct neighbors: ['node_35', 'node_37']
[ 2026-03-22 17:22:34 | node_18 | INFO ] 📈 Evaluated. Results: {'test_loss': 0.0012504691258072853, 'test_accuracy': 0.996941089630127, 'test_precision': 1.0, 'test_recall': 0.19342012703418732, 'test_f1': 0.2999893128871918, 'communication_cost': 1457816}
[ 2026-03-22 17:22:34 | node_4 | INFO ] 🎓 Training step done.
[ 2026-03-22 17:22:34 | node_26 | INFO ] 🗣️ Gossiping aggregated model.
[ 2026-03-22 17:22:34 | node_6 | INFO ] 🧩 Model added for round 143 (3/3) from ['node_7']
[ 2026-03-22 17:22:34 | node_18 | INFO ] 📢 Broadcasting metrics.
[ 2026-03-22 17:22:34 | node_4 | INFO ] 🛠️ Calling force_add_local_model...
[ 2026-03-22 17:22:34 | node_25 | INFO ] 🗣️ Gossiping aggregated model.
[ 2026-03-22 17:22:34 | node_4 | INFO ] ✅ [FORCE] Local model added for round 143. (2/3)
[ 2026-03-22 17:22:34 | node_35 | INFO ] 🧩 Model added for round 144 (2/3) from ['node_36']
[ 2026-03-22 17:22:34 | node_23 | INFO ] 📤 Sending model to 2 direct neighbors: ['node_22', 'node_24']
[ 2026-03-22 17:22:34 | node_38 | INFO ] 📤 Sending model to 2 direct neighbors: ['node_37', 'node_39']
[ 2026-03-22 17:22:34 | node_34 | INFO ] 📤 Sending model to 2 direct neighbors: ['node_33', 'node_35']
[ 2026-03-22 17:22:34 | node_41 | INFO ] 📤 Sending model to 2 direct neighbors: ['node_40', 'node_42']
[ 2026-03-22 17:22:34 | node_35 | INFO ] 📤 Sending model to 2 direct neighbors: ['node_34', 'node_36']
[ 2026-03-22 17:22:35 | node_37 | INFO ] 🧩 Model added for round 144 (2/3) from ['node_38']
[ 2026-03-22 17:22:35 | node_3 | INFO ] 🎓 Training step done.
[ 2026-03-22 17:22:35 | node_22 | INFO ] 🧩 Model added for round 144 (3/3) from ['node_23']
[ 2026-03-22 17:22:35 | node_8 | INFO ] 🧩 Model added for round 143 (3/3) from ['node_7']
[ 2026-03-22 17:22:35 | node_3 | INFO ] 🛠️ Calling force_add_local_model...
[ 2026-03-22 17:22:35 | node_37 | INFO ] 🧩 Model added for round 144 (3/3) from ['node_36']
[ 2026-03-22 17:22:35 | node_3 | INFO ] ✅ [FORCE] Local model added for round 143. (2/3)
[ 2026-03-22 17:22:35 | node_33 | INFO ] 🧩 Model added for round 144 (2/3) from ['node_34']
[ 2026-03-22 17:22:35 | node_40 | INFO ] 🧩 Model added for round 144 (3/3) from ['node_41']
[ 2026-03-22 17:22:35 | node_18 | INFO ] 🎉 Round 145 of 150 finished.
[ 2026-03-22 17:22:35 | node_10 | INFO ] 📈 Evaluated. Results: {'test_loss': 0.0013211164623498917, 'test_accuracy': 0.997031033039093, 'test_precision': 0.5527665615081787, 'test_recall': 0.10850602388381958, 'test_f1': 0.18106494843959808, 'communication_cost': 1457816}
[ 2026-03-22 17:22:35 | node_34 | INFO ] 🧩 Model added for round 144 (2/3) from ['node_35']
[ 2026-03-22 17:22:35 | node_40 | INFO ] 🧠 Aggregation complete. Setting new model.
[ 2026-03-22 17:22:35 | node_8 | INFO ] 🧠 Aggregation complete. Setting new model.
[ 2026-03-22 17:22:35 | node_10 | INFO ] 📢 Broadcasting metrics.
[ 2026-03-22 17:22:35 | node_18 | INFO ] 🗳️ [DETERMINISTIC] Train set assigned (No Voting). Size: 50
[ 2026-03-22 17:22:35 | node_18 | INFO ] 🏋️‍♀️ Preparing training...
[ 2026-03-22 17:22:35 | node_45 | INFO ] 📈 Evaluated. Results: {'test_loss': 0.0011717071756720543, 'test_accuracy': 0.9973906874656677, 'test_precision': 0.7764081358909607, 'test_recall': 0.33622974157333374, 'test_f1': 0.44959864020347595, 'communication_cost': 1457816}
[ 2026-03-22 17:22:35 | node_8 | INFO ] 🗣️ Gossiping aggregated model.
[ 2026-03-22 17:22:35 | node_40 | INFO ] 🗣️ Gossiping aggregated model.
[ 2026-03-22 17:22:35 | node_45 | INFO ] 📢 Broadcasting metrics.
[ 2026-03-22 17:22:35 | node_14 | INFO ] 📈 Evaluated. Results: {'test_loss': 0.0012739880476146936, 'test_accuracy': 0.99676114320755, 'test_precision': 0.7370220422744751, 'test_recall': 0.18098516762256622, 'test_f1': 0.2829638421535492, 'communication_cost': 1457816}
[ 2026-03-22 17:22:35 | node_9 | INFO ] 🤫 Gossip finished.
[ 2026-03-22 17:22:35 | node_24 | INFO ] 🧩 Model added for round 144 (3/3) from ['node_23']
[ 2026-03-22 17:22:35 | node_9 | INFO ] 🔬 Evaluating...
[ 2026-03-22 17:22:35 | node_14 | INFO ] 📢 Broadcasting metrics.
[ 2026-03-22 17:22:35 | node_39 | INFO ] 🧩 Model added for round 144 (3/3) from ['node_38']
[ 2026-03-22 17:22:35 | node_42 | INFO ] 🧩 Model added for round 144 (1/3) from ['node_41']
[ 2026-03-22 17:22:35 | node_36 | INFO ] 🧩 Model added for round 144 (2/3) from ['node_35']
[ 2026-03-22 17:22:35 | node_35 | INFO ] 🧩 Model added for round 144 (3/3) from ['node_34']
[ 2026-03-22 17:22:35 | node_28 | INFO ] 📤 Sending model to 2 direct neighbors: ['node_27', 'node_29']
[ 2026-03-22 17:22:35 | node_48 | INFO ] 📤 Sending model to 2 direct neighbors: ['node_47', 'node_49']
[ 2026-03-22 17:22:36 | node_10 | INFO ] 🎉 Round 144 of 150 finished.
[ 2026-03-22 17:22:36 | node_24 | INFO ] 🧠 Aggregation complete. Setting new model.
[ 2026-03-22 17:22:36 | node_39 | INFO ] 🧠 Aggregation complete. Setting new model.
[ 2026-03-22 17:22:36 | node_17 | INFO ] 🎓 Training step done.
[ 2026-03-22 17:22:36 | node_10 | INFO ] 🗳️ [DETERMINISTIC] Train set assigned (No Voting). Size: 50
[ 2026-03-22 17:22:36 | node_17 | INFO ] 🛠️ Calling force_add_local_model...
[ 2026-03-22 17:22:36 | node_35 | INFO ] 🧠 Aggregation complete. Setting new model.
[ 2026-03-22 17:22:36 | node_19 | INFO ] 📈 Evaluated. Results: {'test_loss': 0.0011703576892614365, 'test_accuracy': 0.9970307946205139, 'test_precision': 0.7543039321899414, 'test_recall': 0.26421961188316345, 'test_f1': 0.38380566239356995, 'communication_cost': 1457816}
[ 2026-03-22 17:22:36 | node_17 | INFO ] ✅ [FORCE] Local model added for round 145. (1/3)
[ 2026-03-22 17:22:36 | node_10 | INFO ] 🏋️‍♀️ Preparing training...
[ 2026-03-22 17:22:36 | node_19 | INFO ] 📢 Broadcasting metrics.
[ 2026-03-22 17:22:36 | node_24 | INFO ] 🗣️ Gossiping aggregated model.
[ 2026-03-22 17:22:36 | node_14 | INFO ] 🎉 Round 145 of 150 finished.
[ 2026-03-22 17:22:36 | node_45 | INFO ] 🎉 Round 144 of 150 finished.
[ 2026-03-22 17:22:36 | node_39 | INFO ] 🗣️ Gossiping aggregated model.
[ 2026-03-22 17:22:36 | node_14 | INFO ] 🗳️ [DETERMINISTIC] Train set assigned (No Voting). Size: 50
[ 2026-03-22 17:22:36 | node_35 | INFO ] 🗣️ Gossiping aggregated model.
[ 2026-03-22 17:22:36 | node_45 | INFO ] 🗳️ [DETERMINISTIC] Train set assigned (No Voting). Size: 50
[ 2026-03-22 17:22:36 | node_6 | INFO ] 📤 Sending model to 2 direct neighbors: ['node_5', 'node_7']
[ 2026-03-22 17:22:36 | node_14 | INFO ] 🏋️‍♀️ Preparing training...
[ 2026-03-22 17:22:36 | node_47 | INFO ] 🧩 Model added for round 143 (3/3) from ['node_48']
[ 2026-03-22 17:22:36 | node_32 | INFO ] 📤 Sending model to 2 direct neighbors: ['node_31', 'node_33']
[ 2026-03-22 17:22:36 | node_45 | INFO ] 🏋️‍♀️ Preparing training...
[ 2026-03-22 17:22:36 | node_27 | INFO ] 🧩 Model added for round 144 (3/3) from ['node_28']
[ 2026-03-22 17:22:36 | node_5 | INFO ] 🧩 Model added for round 143 (2/3) from ['node_6']
[ 2026-03-22 17:22:36 | node_19 | INFO ] 🎉 Round 145 of 150 finished.
[ 2026-03-22 17:22:36 | node_19 | INFO ] 🗳️ [DETERMINISTIC] Train set assigned (No Voting). Size: 50
[ 2026-03-22 17:22:36 | node_29 | INFO ] 📤 Sending model to 2 direct neighbors: ['node_28', 'node_30']
[ 2026-03-22 17:22:36 | node_49 | INFO ] 🧩 Model added for round 143 (3/3) from ['node_48']
[ 2026-03-22 17:22:36 | node_31 | INFO ] 🧩 Model added for round 144 (2/3) from ['node_32']
[ 2026-03-22 17:22:36 | node_19 | INFO ] 🏋️‍♀️ Preparing training...
[ 2026-03-22 17:22:36 | node_31 | INFO ] 📤 Sending model to 2 direct neighbors: ['node_30', 'node_32']
[ 2026-03-22 17:22:36 | node_29 | INFO ] 🧩 Model added for round 144 (2/3) from ['node_28']
[ 2026-03-22 17:22:36 | node_28 | INFO ] 🧩 Model added for round 144 (3/3) from ['node_29']
[ 2026-03-22 17:22:36 | node_47 | INFO ] 🧠 Aggregation complete. Setting new model.
[ 2026-03-22 17:22:36 | node_30 | INFO ] 📤 Sending model to 2 direct neighbors: ['node_29', 'node_31']
[ 2026-03-22 17:22:36 | node_49 | INFO ] 🧠 Aggregation complete. Setting new model.
[ 2026-03-22 17:22:36 | node_7 | INFO ] 🧩 Model added for round 143 (3/3) from ['node_6']
[ 2026-03-22 17:22:37 | node_42 | INFO ] 🎓 Training step done.
[ 2026-03-22 17:22:37 | node_30 | INFO ] 🧩 Model added for round 144 (2/3) from ['node_31']
[ 2026-03-22 17:22:37 | node_42 | INFO ] 🛠️ Calling force_add_local_model...
[ 2026-03-22 17:22:37 | node_27 | INFO ] 🧠 Aggregation complete. Setting new model.
[ 2026-03-22 17:22:37 | node_33 | INFO ] 🧩 Model added for round 144 (3/3) from ['node_32']
[ 2026-03-22 17:22:37 | node_37 | INFO ] 📤 Sending model to 2 direct neighbors: ['node_36', 'node_38']
[ 2026-03-22 17:22:37 | node_42 | INFO ] ✅ [FORCE] Local model added for round 144. (2/3)
[ 2026-03-22 17:22:37 | node_7 | INFO ] 🧠 Aggregation complete. Setting new model.
[ 2026-03-22 17:22:37 | node_29 | INFO ] 🧩 Model added for round 144 (3/3) from ['node_30']
[ 2026-03-22 17:22:37 | node_47 | INFO ] 🗣️ Gossiping aggregated model.
[ 2026-03-22 17:22:37 | node_49 | INFO ] 🗣️ Gossiping aggregated model.
[ 2026-03-22 17:22:37 | node_48 | INFO ] 🧠 Aggregation complete. Setting new model.
[ 2026-03-22 17:22:37 | node_28 | INFO ] 🧠 Aggregation complete. Setting new model.
[ 2026-03-22 17:22:37 | node_36 | INFO ] 🧩 Model added for round 144 (3/3) from ['node_37']
[ 2026-03-22 17:22:37 | node_27 | INFO ] 🗣️ Gossiping aggregated model.
[ 2026-03-22 17:22:37 | node_30 | INFO ] 🧩 Model added for round 144 (3/3) from ['node_29']
[ 2026-03-22 17:22:37 | node_36 | INFO ] 🧠 Aggregation complete. Setting new model.
[ 2026-03-22 17:22:37 | node_6 | INFO ] 🧠 Aggregation complete. Setting new model.
[ 2026-03-22 17:22:37 | node_7 | INFO ] 🗣️ Gossiping aggregated model.
[ 2026-03-22 17:22:37 | node_32 | INFO ] 🧩 Model added for round 144 (2/3) from ['node_31']
[ 2026-03-22 17:22:37 | node_27 | INFO ] 🤫 Gossip finished.
[ 2026-03-22 17:22:37 | node_27 | INFO ] 🔬 Evaluating...
[ 2026-03-22 17:22:37 | node_48 | INFO ] 🗣️ Gossiping aggregated model.
[ 2026-03-22 17:22:37 | node_28 | INFO ] 🗣️ Gossiping aggregated model.
[ 2026-03-22 17:22:37 | node_26 | INFO ] 🤫 Gossip finished.
[ 2026-03-22 17:22:37 | node_48 | INFO ] 🤫 Gossip finished.
[ 2026-03-22 17:22:37 | node_6 | INFO ] 🗣️ Gossiping aggregated model.
[ 2026-03-22 17:22:37 | node_26 | INFO ] 🔬 Evaluating...
[ 2026-03-22 17:22:37 | node_36 | INFO ] 🗣️ Gossiping aggregated model.
[ 2026-03-22 17:22:37 | node_48 | INFO ] 🔬 Evaluating...
[ 2026-03-22 17:22:37 | node_8 | INFO ] 🤫 Gossip finished.
[ 2026-03-22 17:22:37 | node_8 | INFO ] 🔬 Evaluating...
[ 2026-03-22 17:22:37 | node_31 | INFO ] 🧩 Model added for round 144 (3/3) from ['node_30']
[ 2026-03-22 17:22:37 | node_11 | INFO ] 📤 Sending model to 2 direct neighbors: ['node_10', 'node_12']
[ 2026-03-22 17:22:37 | node_38 | INFO ] 🧩 Model added for round 144 (3/3) from ['node_37']
[ 2026-03-22 17:22:38 | node_31 | INFO ] 🧠 Aggregation complete. Setting new model.
[ 2026-03-22 17:22:38 | node | INFO ] 🤫 Gossip finished.
[ 2026-03-22 17:22:38 | node_29 | INFO ] 🧠 Aggregation complete. Setting new model.
[ 2026-03-22 17:22:38 | node_30 | INFO ] 🧠 Aggregation complete. Setting new model.
[ 2026-03-22 17:22:38 | node_38 | INFO ] 🧠 Aggregation complete. Setting new model.
[ 2026-03-22 17:22:38 | node | INFO ] 🔬 Evaluating...
[ 2026-03-22 17:22:38 | node_10 | INFO ] 🧩 Model added for round 144 (1/3) from ['node_11']
[ 2026-03-22 17:22:38 | node_31 | INFO ] 🗣️ Gossiping aggregated model.
[ 2026-03-22 17:22:38 | node_29 | INFO ] 🗣️ Gossiping aggregated model.
[ 2026-03-22 17:22:38 | node_30 | INFO ] 🗣️ Gossiping aggregated model.
[ 2026-03-22 17:22:38 | node_15 | INFO ] 📤 Sending model to 2 direct neighbors: ['node_14', 'node_16']
[ 2026-03-22 17:22:38 | node_37 | INFO ] 🧠 Aggregation complete. Setting new model.
[ 2026-03-22 17:22:38 | node_46 | INFO ] 🤫 Gossip finished.
[ 2026-03-22 17:22:38 | node_29 | INFO ] 🤫 Gossip finished.
[ 2026-03-22 17:22:38 | node_30 | INFO ] 🤫 Gossip finished.
[ 2026-03-22 17:22:38 | node_38 | INFO ] 🗣️ Gossiping aggregated model.
[ 2026-03-22 17:22:38 | node_22 | INFO ] 📤 Sending model to 2 direct neighbors: ['node_21', 'node_23']
[ 2026-03-22 17:22:38 | node_43 | INFO ] 🎓 Training step done.
[ 2026-03-22 17:22:38 | node_43 | INFO ] 🛠️ Calling force_add_local_model...
[ 2026-03-22 17:22:38 | node_29 | INFO ] 🔬 Evaluating...
[ 2026-03-22 17:22:38 | node_30 | INFO ] 🔬 Evaluating...
[ 2026-03-22 17:22:38 | node_46 | INFO ] 🔬 Evaluating...
[ 2026-03-22 17:22:38 | node_43 | INFO ] ✅ [FORCE] Local model added for round 144. (1/3)
[ 2026-03-22 17:22:38 | node_14 | INFO ] 🧩 Model added for round 145 (1/3) from ['node_15']
[ 2026-03-22 17:22:38 | node_37 | INFO ] 🗣️ Gossiping aggregated model.
[ 2026-03-22 17:22:38 | node_37 | INFO ] 🤫 Gossip finished.
[ 2026-03-22 17:22:38 | node_21 | INFO ] 🧩 Model added for round 144 (3/3) from ['node_22']
[ 2026-03-22 17:22:38 | node_12 | INFO ] 🧩 Model added for round 144 (3/3) from ['node_11']
[ 2026-03-22 17:22:38 | node_37 | INFO ] 🔬 Evaluating...
[ 2026-03-22 17:22:38 | node_49 | INFO ] 🤫 Gossip finished.
[ 2026-03-22 17:22:38 | node_21 | INFO ] 🧠 Aggregation complete. Setting new model.
[ 2026-03-22 17:22:38 | node_12 | INFO ] 🧠 Aggregation complete. Setting new model.
[ 2026-03-22 17:22:38 | node_49 | INFO ] 🔬 Evaluating...
[ 2026-03-22 17:22:38 | node_16 | INFO ] 🧩 Model added for round 145 (2/3) from ['node_15']
[ 2026-03-22 17:22:39 | node_21 | INFO ] 🗣️ Gossiping aggregated model.
[ 2026-03-22 17:22:39 | node_12 | INFO ] 🗣️ Gossiping aggregated model.
[ 2026-03-22 17:22:39 | node_23 | INFO ] 🧩 Model added for round 144 (3/3) from ['node_22']
[ 2026-03-22 17:22:39 | node_16 | INFO ] 📤 Sending model to 2 direct neighbors: ['node_15', 'node_17']
[ 2026-03-22 17:22:39 | node_23 | INFO ] 🧠 Aggregation complete. Setting new model.
[ 2026-03-22 17:22:39 | node_33 | INFO ] 📤 Sending model to 2 direct neighbors: ['node_32', 'node_34']
[ 2026-03-22 17:22:39 | node_15 | INFO ] 🧩 Model added for round 145 (2/3) from ['node_16']
[ 2026-03-22 17:22:39 | node_22 | INFO ] 🧠 Aggregation complete. Setting new model.
[ 2026-03-22 17:22:39 | node_23 | INFO ] 🗣️ Gossiping aggregated model.
[ 2026-03-22 17:22:39 | node_20 | INFO ] 🤫 Gossip finished.
[ 2026-03-22 17:22:39 | node_32 | INFO ] 🧩 Model added for round 144 (3/3) from ['node_33']
[ 2026-03-22 17:22:39 | node_20 | INFO ] 🔬 Evaluating...
[ 2026-03-22 17:22:39 | node_39 | INFO ] 🤫 Gossip finished.
[ 2026-03-22 17:22:39 | node_32 | INFO ] 🧠 Aggregation complete. Setting new model.
[ 2026-03-22 17:22:39 | node_7 | INFO ] 🤫 Gossip finished.
[ 2026-03-22 17:22:39 | node_13 | INFO ] 🤫 Gossip finished.
[ 2026-03-22 17:22:39 | node_28 | INFO ] 🤫 Gossip finished.
[ 2026-03-22 17:22:39 | node_36 | INFO ] 🤫 Gossip finished.
[ 2026-03-22 17:22:39 | node_7 | INFO ] 🔬 Evaluating...
[ 2026-03-22 17:22:39 | node_13 | INFO ] 🔬 Evaluating...
[ 2026-03-22 17:22:39 | node_28 | INFO ] 🔬 Evaluating...
[ 2026-03-22 17:22:39 | node_39 | INFO ] 🔬 Evaluating...
[ 2026-03-22 17:22:39 | node_22 | INFO ] 🗣️ Gossiping aggregated model.
[ 2026-03-22 17:22:39 | node_36 | INFO ] 🔬 Evaluating...
[ 2026-03-22 17:22:39 | node_22 | INFO ] 🤫 Gossip finished.
[ 2026-03-22 17:22:39 | node_24 | INFO ] 🤫 Gossip finished.
[ 2026-03-22 17:22:39 | node_22 | INFO ] 🔬 Evaluating...
[ 2026-03-22 17:22:39 | node_24 | INFO ] 🔬 Evaluating...
[ 2026-03-22 17:22:39 | node_4 | INFO ] 📤 Sending model to 2 direct neighbors: ['node_3', 'node_5']
[ 2026-03-22 17:22:39 | node_32 | INFO ] 🗣️ Gossiping aggregated model.
[ 2026-03-22 17:22:39 | node_38 | INFO ] 🤫 Gossip finished.
[ 2026-03-22 17:22:39 | node_44 | INFO ] 🎓 Training step done.
[ 2026-03-22 17:22:39 | node_17 | INFO ] 🧩 Model added for round 145 (2/3) from ['node_16']
[ 2026-03-22 17:22:39 | node_44 | INFO ] 🛠️ Calling force_add_local_model...
[ 2026-03-22 17:22:39 | node_9 | INFO ] 📈 Evaluated. Results: {'test_loss': 0.0012445029569789767, 'test_accuracy': 0.9968510866165161, 'test_precision': 0.6448943018913269, 'test_recall': 0.1892162263393402, 'test_f1': 0.28252512216567993, 'communication_cost': 1457816}
[ 2026-03-22 17:22:39 | node_38 | INFO ] 🔬 Evaluating...
[ 2026-03-22 17:22:39 | node_44 | INFO ] ✅ [FORCE] Local model added for round 144. (1/3)
[ 2026-03-22 17:22:39 | node_34 | INFO ] 🧩 Model added for round 144 (3/3) from ['node_33']
[ 2026-03-22 17:22:40 | node_9 | INFO ] 📢 Broadcasting metrics.
[ 2026-03-22 17:22:40 | node_3 | INFO ] 🧩 Model added for round 143 (3/3) from ['node_4']
[ 2026-03-22 17:22:40 | node_34 | INFO ] 🧠 Aggregation complete. Setting new model.
[ 2026-03-22 17:22:40 | node | INFO ] 📈 Evaluated. Results: {'test_loss': 0.0013968945713713765, 'test_accuracy': 0.9965811967849731, 'test_precision': 0.8464537858963013, 'test_recall': 0.2499065399169922, 'test_f1': 0.38029834628105164, 'communication_cost': 1457816}
[ 2026-03-22 17:22:40 | node_31 | INFO ] 🤫 Gossip finished.
[ 2026-03-22 17:22:40 | node_31 | INFO ] 🔬 Evaluating...
[ 2026-03-22 17:22:40 | node | INFO ] 📢 Broadcasting metrics.
[ 2026-03-22 17:22:40 | node_3 | INFO ] 📤 Sending model to 2 direct neighbors: ['node_2', 'node_4']
[ 2026-03-22 17:22:40 | node_34 | INFO ] 🗣️ Gossiping aggregated model.
[ 2026-03-22 17:22:40 | node_5 | INFO ] 🧩 Model added for round 143 (3/3) from ['node_4']
[ 2026-03-22 17:22:40 | node_33 | INFO ] 🧠 Aggregation complete. Setting new model.
[ 2026-03-22 17:22:40 | node_2 | INFO ] 🧩 Model added for round 143 (3/3) from ['node_3']
[ 2026-03-22 17:22:40 | node_5 | INFO ] 🧠 Aggregation complete. Setting new model.
[ 2026-03-22 17:22:40 | node_21 | INFO ] 🤫 Gossip finished.
[ 2026-03-22 17:22:40 | node_2 | INFO ] 🧠 Aggregation complete. Setting new model.
[ 2026-03-22 17:22:40 | node_18 | INFO ] 🎓 Training step done.
[ 2026-03-22 17:22:40 | node_23 | INFO ] 🤫 Gossip finished.
[ 2026-03-22 17:22:40 | node_21 | INFO ] 🔬 Evaluating...
[ 2026-03-22 17:22:40 | node_18 | INFO ] 🛠️ Calling force_add_local_model...
[ 2026-03-22 17:22:40 | node_18 | INFO ] ✅ [FORCE] Local model added for round 145. (1/3)
[ 2026-03-22 17:22:40 | node_27 | INFO ] 📈 Evaluated. Results: {'test_loss': 0.0013698495458811522, 'test_accuracy': 0.9967608451843262, 'test_precision': 0.8157278895378113, 'test_recall': 0.17282380163669586, 'test_f1': 0.2712863087654114, 'communication_cost': 1457816}
[ 2026-03-22 17:22:40 | node_23 | INFO ] 🔬 Evaluating...
[ 2026-03-22 17:22:40 | node_33 | INFO ] 🗣️ Gossiping aggregated model.
[ 2026-03-22 17:22:40 | node_27 | INFO ] 📢 Broadcasting metrics.
[ 2026-03-22 17:22:40 | node_5 | INFO ] 🗣️ Gossiping aggregated model.
[ 2026-03-22 17:22:40 | node_33 | INFO ] 🤫 Gossip finished.
[ 2026-03-22 17:22:40 | node_9 | INFO ] 🎉 Round 144 of 150 finished.
[ 2026-03-22 17:22:41 | node_33 | INFO ] 🔬 Evaluating...
[ 2026-03-22 17:22:41 | node_9 | INFO ] 🗳️ [DETERMINISTIC] Train set assigned (No Voting). Size: 50
[ 2026-03-22 17:22:41 | node_2 | INFO ] 🗣️ Gossiping aggregated model.
[ 2026-03-22 17:22:41 | node_4 | INFO ] 🧩 Model added for round 143 (3/3) from ['node_3']
[ 2026-03-22 17:22:41 | node | INFO ] 🎉 Round 144 of 150 finished.
[ 2026-03-22 17:22:41 | node_9 | INFO ] 🏋️‍♀️ Preparing training...
[ 2026-03-22 17:22:41 | node_4 | INFO ] 🧠 Aggregation complete. Setting new model.
[ 2026-03-22 17:22:41 | node_17 | INFO ] 📤 Sending model to 2 direct neighbors: ['node_16', 'node_18']
[ 2026-03-22 17:22:41 | node | INFO ] 🗳️ [DETERMINISTIC] Train set assigned (No Voting). Size: 50
[ 2026-03-22 17:22:41 | node | INFO ] 🏋️‍♀️ Preparing training...
[ 2026-03-22 17:22:41 | node_16 | INFO ] 🧩 Model added for round 145 (3/3) from ['node_17']
[ 2026-03-22 17:22:41 | node_1 | INFO ] 🤫 Gossip finished.
[ 2026-03-22 17:22:41 | node_3 | INFO ] 🧠 Aggregation complete. Setting new model.
[ 2026-03-22 17:22:41 | node_26 | INFO ] 📈 Evaluated. Results: {'test_loss': 0.0011478173546493053, 'test_accuracy': 0.99712073802948, 'test_precision': 0.8157278895378113, 'test_recall': 0.25369805097579956, 'test_f1': 0.36024510860443115, 'communication_cost': 1457816}
[ 2026-03-22 17:22:41 | node_35 | INFO ] 🤫 Gossip finished.
[ 2026-03-22 17:22:41 | node_4 | INFO ] 🗣️ Gossiping aggregated model.
[ 2026-03-22 17:22:41 | node_16 | INFO ] 🧠 Aggregation complete. Setting new model.
[ 2026-03-22 17:22:41 | node_26 | INFO ] 📢 Broadcasting metrics.
[ 2026-03-22 17:22:41 | node_1 | INFO ] 🔬 Evaluating...
[ 2026-03-22 17:22:41 | node_35 | INFO ] 🔬 Evaluating...
[ 2026-03-22 17:22:41 | node_48 | INFO ] 📈 Evaluated. Results: {'test_loss': 0.0015443608863279223, 'test_accuracy': 0.9965808987617493, 'test_precision': 0.8292244076728821, 'test_recall': 0.20423489809036255, 'test_f1': 0.3233935534954071, 'communication_cost': 1457816}
[ 2026-03-22 17:22:41 | node_48 | INFO ] 📢 Broadcasting metrics.
[ 2026-03-22 17:22:41 | node_27 | INFO ] 🎉 Round 145 of 150 finished.
[ 2026-03-22 17:22:41 | node_29 | INFO ] 📈 Evaluated. Results: {'test_loss': 0.0013148259604349732, 'test_accuracy': 0.996850848197937, 'test_precision': 0.8848299384117126, 'test_recall': 0.441364586353302, 'test_f1': 0.5529695749282837, 'communication_cost': 1457816}
[ 2026-03-22 17:22:41 | node_3 | INFO ] 🗣️ Gossiping aggregated model.
[ 2026-03-22 17:22:41 | node_16 | INFO ] 🗣️ Gossiping aggregated model.
[ 2026-03-22 17:22:41 | node_29 | INFO ] 📢 Broadcasting metrics.
[ 2026-03-22 17:22:41 | node_3 | INFO ] 🤫 Gossip finished.
[ 2026-03-22 17:22:41 | node_27 | INFO ] 🗳️ [DETERMINISTIC] Train set assigned (No Voting). Size: 50
[ 2026-03-22 17:22:41 | node_3 | INFO ] 🔬 Evaluating...
[ 2026-03-22 17:22:41 | node_27 | INFO ] 🏋️‍♀️ Preparing training...
[ 2026-03-22 17:22:42 | node_18 | INFO ] 🧩 Model added for round 145 (2/3) from ['node_17']
[ 2026-03-22 17:22:42 | node_6 | INFO ] 🤫 Gossip finished.
[ 2026-03-22 17:22:42 | node_6 | INFO ] 🔬 Evaluating...
[ 2026-03-22 17:22:42 | node_42 | INFO ] 📤 Sending model to 2 direct neighbors: ['node_41', 'node_43']
[ 2026-03-22 17:22:42 | node_48 | INFO ] 🎉 Round 144 of 150 finished.
[ 2026-03-22 17:22:42 | node_26 | INFO ] 🎉 Round 145 of 150 finished.
[ 2026-03-22 17:22:42 | node_26 | INFO ] 🗳️ [DETERMINISTIC] Train set assigned (No Voting). Size: 50
[ 2026-03-22 17:22:42 | node_48 | INFO ] 🗳️ [DETERMINISTIC] Train set assigned (No Voting). Size: 50
[ 2026-03-22 17:22:42 | node_29 | INFO ] 🎉 Round 145 of 150 finished.
[ 2026-03-22 17:22:42 | node_48 | INFO ] 🏋️‍♀️ Preparing training...
[ 2026-03-22 17:22:42 | node_26 | INFO ] 🏋️‍♀️ Preparing training...
[ 2026-03-22 17:22:42 | node_32 | INFO ] 🤫 Gossip finished.
[ 2026-03-22 17:22:42 | node_29 | INFO ] 🗳️ [DETERMINISTIC] Train set assigned (No Voting). Size: 50
[ 2026-03-22 17:22:42 | node_41 | INFO ] 🧩 Model added for round 144 (3/3) from ['node_42']
[ 2026-03-22 17:22:42 | node_32 | INFO ] 🔬 Evaluating...
[ 2026-03-22 17:22:42 | node_29 | INFO ] 🏋️‍♀️ Preparing training...
[ 2026-03-22 17:22:42 | node_30 | INFO ] 📈 Evaluated. Results: {'test_loss': 0.0011474157217890024, 'test_accuracy': 0.99712073802948, 'test_precision': 0.8292244076728821, 'test_recall': 0.3062426447868347, 'test_f1': 0.4459323287010193, 'communication_cost': 1457816}
[ 2026-03-22 17:22:42 | node_30 | INFO ] 📢 Broadcasting metrics.
[ 2026-03-22 17:22:42 | node_43 | INFO ] 🧩 Model added for round 144 (2/3) from ['node_42']
[ 2026-03-22 17:22:42 | node_41 | INFO ] 🧠 Aggregation complete. Setting new model.
[ 2026-03-22 17:22:42 | node_13 | INFO ] 📈 Evaluated. Results: {'test_loss': 0.001120925066061318, 'test_accuracy': 0.9972109794616699, 'test_precision': 0.8157444596290588, 'test_recall': 0.3037208318710327, 'test_f1': 0.4216090440750122, 'communication_cost': 1457816}
[ 2026-03-22 17:22:42 | node_5 | INFO ] 🤫 Gossip finished.
[ 2026-03-22 17:22:42 | node_13 | INFO ] 📢 Broadcasting metrics.
[ 2026-03-22 17:22:42 | node_2 | INFO ] 🤫 Gossip finished.
[ 2026-03-22 17:22:42 | node_5 | INFO ] 🔬 Evaluating...
[ 2026-03-22 17:22:42 | node_41 | INFO ] 🗣️ Gossiping aggregated model.
[ 2026-03-22 17:22:43 | node_2 | INFO ] 🔬 Evaluating...
[ 2026-03-22 17:22:43 | node_40 | INFO ] 🤫 Gossip finished.
[ 2026-03-22 17:22:43 | node_46 | INFO ] 📈 Evaluated. Results: {'test_loss': 0.001520751160569489, 'test_accuracy': 0.9964009523391724, 'test_precision': 0.8157278895378113, 'test_recall': 0.20366248488426208, 'test_f1': 0.3162263333797455, 'communication_cost': 1457816}
[ 2026-03-22 17:22:43 | node_46 | INFO ] 📢 Broadcasting metrics.
[ 2026-03-22 17:22:43 | node_40 | INFO ] 🔬 Evaluating...
[ 2026-03-22 17:22:43 | node_8 | INFO ] 📈 Evaluated. Results: {'test_loss': 0.0014619872672483325, 'test_accuracy': 0.9954116344451904, 'test_precision': 0.5527665615081787, 'test_recall': 0.08729077130556107, 'test_f1': 0.14506465196609497, 'communication_cost': 1457816}
[ 2026-03-22 17:22:43 | node_43 | INFO ] 📤 Sending model to 2 direct neighbors: ['node_42', 'node_44']
[ 2026-03-22 17:22:43 | node_8 | INFO ] 📢 Broadcasting metrics.
[ 2026-03-22 17:22:43 | node_21 | INFO ] 📈 Evaluated. Results: {'test_loss': 0.0012706320267170668, 'test_accuracy': 0.9961310029029846, 'test_precision': 0.7370883822441101, 'test_recall': 0.14741767942905426, 'test_f1': 0.24569612741470337, 'communication_cost': 1457816}
[ 2026-03-22 17:22:43 | node_21 | INFO ] 📢 Broadcasting metrics.
[ 2026-03-22 17:22:43 | node_49 | INFO ] 📈 Evaluated. Results: {'test_loss': 0.001481219776906073, 'test_accuracy': 0.996850848197937, 'test_precision': 0.6756643652915955, 'test_recall': 0.1665894091129303, 'test_f1': 0.26442399621009827, 'communication_cost': 1457816}
[ 2026-03-22 17:22:43 | node_24 | INFO ] 📈 Evaluated. Results: {'test_loss': 0.0009345805156044662, 'test_accuracy': 0.9973006844520569, 'test_precision': 0.8157278895378113, 'test_recall': 0.2491852194070816, 'test_f1': 0.3774152994155884, 'communication_cost': 1457816}
[ 2026-03-22 17:22:43 | node_49 | INFO ] 📢 Broadcasting metrics.
[ 2026-03-22 17:22:43 | node_42 | INFO ] 🧩 Model added for round 144 (3/3) from ['node_43']
[ 2026-03-22 17:22:43 | node_37 | INFO ] 📈 Evaluated. Results: {'test_loss': 0.0010590290185064077, 'test_accuracy': 0.9970307946205139, 'test_precision': 0.752444326877594, 'test_recall': 0.3409033715724945, 'test_f1': 0.45579424500465393, 'communication_cost': 1457816}
[ 2026-03-22 17:22:43 | node_30 | INFO ] 🎉 Round 145 of 150 finished.
[ 2026-03-22 17:22:43 | node_24 | INFO ] 📢 Broadcasting metrics.
[ 2026-03-22 17:22:43 | node_37 | INFO ] 📢 Broadcasting metrics.
[ 2026-03-22 17:22:43 | node_42 | INFO ] 🧠 Aggregation complete. Setting new model.
[ 2026-03-22 17:22:44 | node_38 | INFO ] 📈 Evaluated. Results: {'test_loss': 0.001138197141699493, 'test_accuracy': 0.9972107410430908, 'test_precision': 0.8531882166862488, 'test_recall': 0.4091441035270691, 'test_f1': 0.5452861189842224, 'communication_cost': 1457816}
[ 2026-03-22 17:22:44 | node_30 | INFO ] 🗳️ [DETERMINISTIC] Train set assigned (No Voting). Size: 50
[ 2026-03-22 17:22:44 | node_38 | INFO ] 📢 Broadcasting metrics.
[ 2026-03-22 17:22:44 | node_13 | INFO ] 🎉 Round 145 of 150 finished.
[ 2026-03-22 17:22:44 | node_30 | INFO ] 🏋️‍♀️ Preparing training...
[ 2026-03-22 17:22:44 | node_42 | INFO ] 🗣️ Gossiping aggregated model.
[ 2026-03-22 17:22:44 | node_13 | INFO ] 🗳️ [DETERMINISTIC] Train set assigned (No Voting). Size: 50
[ 2026-03-22 17:22:44 | node_13 | INFO ] 🏋️‍♀️ Preparing training...
[ 2026-03-22 17:22:44 | node_44 | INFO ] 🧩 Model added for round 144 (2/3) from ['node_43']
[ 2026-03-22 17:22:44 | node_19 | INFO ] 🎓 Training step done.
[ 2026-03-22 17:22:44 | node_1 | INFO ] 📈 Evaluated. Results: {'test_loss': 0.0013287741458043456, 'test_accuracy': 0.9972109794616699, 'test_precision': 0.5988304018974304, 'test_recall': 0.21087020635604858, 'test_f1': 0.29760056734085083, 'communication_cost': 1457816}
[ 2026-03-22 17:22:44 | node_19 | INFO ] 🛠️ Calling force_add_local_model...
[ 2026-03-22 17:22:44 | node_46 | INFO ] 🎉 Round 144 of 150 finished.
[ 2026-03-22 17:22:44 | node_23 | INFO ] 📈 Evaluated. Results: {'test_loss': 0.0013840142637491226, 'test_accuracy': 0.9965808987617493, 'test_precision': 0.8157278895378113, 'test_recall': 0.22660906612873077, 'test_f1': 0.3442707061767578, 'communication_cost': 1457816}
[ 2026-03-22 17:22:44 | node_1 | INFO ] 📢 Broadcasting metrics.
[ 2026-03-22 17:22:44 | node_19 | INFO ] ✅ [FORCE] Local model added for round 145. (1/3)
[ 2026-03-22 17:22:44 | node_23 | INFO ] 📢 Broadcasting metrics.
[ 2026-03-22 17:22:44 | node_3 | INFO ] 📈 Evaluated. Results: {'test_loss': 0.001769985887221992, 'test_accuracy': 0.9960413575172424, 'test_precision': 0.5009995102882385, 'test_recall': 0.38339319825172424, 'test_f1': 0.34950050711631775, 'communication_cost': 1457816}
[ 2026-03-22 17:22:44 | node_46 | INFO ] 🗳️ [DETERMINISTIC] Train set assigned (No Voting). Size: 50
[ 2026-03-22 17:22:44 | node_8 | INFO ] 🎉 Round 144 of 150 finished.
[ 2026-03-22 17:22:44 | node_3 | INFO ] 📢 Broadcasting metrics.
[ 2026-03-22 17:22:44 | node_21 | INFO ] 🎉 Round 145 of 150 finished.
[ 2026-03-22 17:22:44 | node_46 | INFO ] 🏋️‍♀️ Preparing training...
[ 2026-03-22 17:22:44 | node_8 | INFO ] 🗳️ [DETERMINISTIC] Train set assigned (No Voting). Size: 50
[ 2026-03-22 17:22:44 | node_21 | INFO ] 🗳️ [DETERMINISTIC] Train set assigned (No Voting). Size: 50
[ 2026-03-22 17:22:44 | node_49 | INFO ] 🎉 Round 144 of 150 finished.
[ 2026-03-22 17:22:44 | node_37 | INFO ] 🎉 Round 145 of 150 finished.
[ 2026-03-22 17:22:45 | node_44 | INFO ] 📤 Sending model to 2 direct neighbors: ['node_43', 'node_45']
[ 2026-03-22 17:22:45 | node_24 | INFO ] 🎉 Round 145 of 150 finished.
[ 2026-03-22 17:22:45 | node_45 | INFO ] 🎓 Training step done.
[ 2026-03-22 17:22:45 | node_49 | INFO ] 🗳️ [DETERMINISTIC] Train set assigned (No Voting). Size: 50
[ 2026-03-22 17:22:45 | node_28 | INFO ] 📈 Evaluated. Results: {'test_loss': 0.001052286010235548, 'test_accuracy': 0.996850848197937, 'test_precision': 0.7831563949584961, 'test_recall': 0.3091144561767578, 'test_f1': 0.43207865953445435, 'communication_cost': 1457816}
[ 2026-03-22 17:22:45 | node_8 | INFO ] 🏋️‍♀️ Preparing training...
[ 2026-03-22 17:22:45 | node_45 | INFO ] 🛠️ Calling force_add_local_model...
[ 2026-03-22 17:22:45 | node_39 | INFO ] 📈 Evaluated. Results: {'test_loss': 0.0010464767692610621, 'test_accuracy': 0.9976606369018555, 'test_precision': 0.6074920892715454, 'test_recall': 0.3844643235206604, 'test_f1': 0.4640231132507324, 'communication_cost': 1457816}
[ 2026-03-22 17:22:45 | node_21 | INFO ] 🏋️‍♀️ Preparing training...
[ 2026-03-22 17:22:45 | node_38 | INFO ] 🎉 Round 145 of 150 finished.
[ 2026-03-22 17:22:45 | node_37 | INFO ] 🗳️ [DETERMINISTIC] Train set assigned (No Voting). Size: 50
[ 2026-03-22 17:22:45 | node_24 | INFO ] 🗳️ [DETERMINISTIC] Train set assigned (No Voting). Size: 50
[ 2026-03-22 17:22:45 | node_28 | INFO ] 📢 Broadcasting metrics.
[ 2026-03-22 17:22:45 | node_45 | INFO ] ✅ [FORCE] Local model added for round 144. (1/3)
[ 2026-03-22 17:22:45 | node_39 | INFO ] 📢 Broadcasting metrics.
[ 2026-03-22 17:22:45 | node_38 | INFO ] 🗳️ [DETERMINISTIC] Train set assigned (No Voting). Size: 50
[ 2026-03-22 17:22:45 | node_49 | INFO ] 🏋️‍♀️ Preparing training...
[ 2026-03-22 17:22:45 | node_7 | INFO ] 📈 Evaluated. Results: {'test_loss': 0.0013483489165082574, 'test_accuracy': 0.9965811967849731, 'test_precision': 0.5527665615081787, 'test_recall': 0.1433098465204239, 'test_f1': 0.221106618642807, 'communication_cost': 1457816}
[ 2026-03-22 17:22:45 | node_43 | INFO ] 🧩 Model added for round 144 (3/3) from ['node_44']
[ 2026-03-22 17:22:45 | node_37 | INFO ] 🏋️‍♀️ Preparing training...
[ 2026-03-22 17:22:45 | node_24 | INFO ] 🏋️‍♀️ Preparing training...
[ 2026-03-22 17:22:45 | node_7 | INFO ] 📢 Broadcasting metrics.
[ 2026-03-22 17:22:45 | node_43 | INFO ] 🧠 Aggregation complete. Setting new model.
[ 2026-03-22 17:22:45 | node_38 | INFO ] 🏋️‍♀️ Preparing training...
[ 2026-03-22 17:22:45 | node_36 | INFO ] 📈 Evaluated. Results: {'test_loss': 0.0014908320736140013, 'test_accuracy': 0.9963109493255615, 'test_precision': 0.5835282802581787, 'test_recall': 0.16379740834236145, 'test_f1': 0.25482380390167236, 'communication_cost': 1457816}
[ 2026-03-22 17:22:45 | node_5 | INFO ] 📈 Evaluated. Results: {'test_loss': 0.0014538438990712166, 'test_accuracy': 0.9965811967849731, 'test_precision': 0.6448943018913269, 'test_recall': 0.18644902110099792, 'test_f1': 0.2804778516292572, 'communication_cost': 1457816}
[ 2026-03-22 17:22:45 | node_31 | INFO ] 📈 Evaluated. Results: {'test_loss': 0.0010287858312949538, 'test_accuracy': 0.9977505803108215, 'test_precision': 0.8157278895378113, 'test_recall': 0.287163645029068, 'test_f1': 0.4168970286846161, 'communication_cost': 1457816}
[ 2026-03-22 17:22:45 | node_41 | INFO ] 🤫 Gossip finished.
[ 2026-03-22 17:22:45 | node_36 | INFO ] 📢 Broadcasting metrics.
[ 2026-03-22 17:22:45 | node_5 | INFO ] 📢 Broadcasting metrics.
[ 2026-03-22 17:22:45 | node_31 | INFO ] 📢 Broadcasting metrics.
[ 2026-03-22 17:22:45 | node_41 | INFO ] 🔬 Evaluating...
[ 2026-03-22 17:22:45 | node_23 | INFO ] 🎉 Round 145 of 150 finished.
[ 2026-03-22 17:22:46 | node_1 | INFO ] 🎉 Round 144 of 150 finished.
[ 2026-03-22 17:22:46 | node_18 | INFO ] 📤 Sending model to 2 direct neighbors: ['node_17', 'node_19']
[ 2026-03-22 17:22:46 | node_14 | INFO ] 🎓 Training step done.
[ 2026-03-22 17:22:46 | node_43 | INFO ] 🗣️ Gossiping aggregated model.
[ 2026-03-22 17:22:46 | node_20 | INFO ] 📈 Evaluated. Results: {'test_loss': 0.0010727845365181565, 'test_accuracy': 0.9973006844520569, 'test_precision': 0.8157278895378113, 'test_recall': 0.28342047333717346, 'test_f1': 0.39474719762802124, 'communication_cost': 1457816}
[ 2026-03-22 17:22:46 | node_10 | INFO ] 🎓 Training step done.
[ 2026-03-22 17:22:46 | node_14 | INFO ] 🛠️ Calling force_add_local_model...
[ 2026-03-22 17:22:46 | node_20 | INFO ] 📢 Broadcasting metrics.
[ 2026-03-22 17:22:46 | node_23 | INFO ] 🗳️ [DETERMINISTIC] Train set assigned (No Voting). Size: 50
[ 2026-03-22 17:22:46 | node_22 | INFO ] 📈 Evaluated. Results: {'test_loss': 0.0012990533141419291, 'test_accuracy': 0.99712073802948, 'test_precision': 0.8157278895378113, 'test_recall': 0.188126802444458, 'test_f1': 0.2868614196777344, 'communication_cost': 1457816}
[ 2026-03-22 17:22:46 | node_10 | INFO ] 🛠️ Calling force_add_local_model...
[ 2026-03-22 17:22:46 | node_1 | INFO ] 🗳️ [DETERMINISTIC] Train set assigned (No Voting). Size: 50
[ 2026-03-22 17:22:46 | node_45 | INFO ] 🧩 Model added for round 144 (2/3) from ['node_44']
[ 2026-03-22 17:22:46 | node_14 | INFO ] ✅ [FORCE] Local model added for round 145. (2/3)
[ 2026-03-22 17:22:46 | node_42 | INFO ] 🤫 Gossip finished.
[ 2026-03-22 17:22:46 | node_22 | INFO ] 📢 Broadcasting metrics.
[ 2026-03-22 17:22:46 | node_3 | INFO ] 🎉 Round 144 of 150 finished.
[ 2026-03-22 17:22:46 | node_10 | INFO ] ✅ [FORCE] Local model added for round 144. (2/3)
[ 2026-03-22 17:22:46 | node_33 | INFO ] 📈 Evaluated. Results: {'test_loss': 0.0016849347157403827, 'test_accuracy': 0.9961310029029846, 'test_precision': 0.460680216550827, 'test_recall': 0.0742207020521164, 'test_f1': 0.1263580024242401, 'communication_cost': 1457816}
[ 2026-03-22 17:22:46 | node_23 | INFO ] 🏋️‍♀️ Preparing training...
[ 2026-03-22 17:22:46 | node_3 | INFO ] 🗳️ [DETERMINISTIC] Train set assigned (No Voting). Size: 50
[ 2026-03-22 17:22:46 | node_17 | INFO ] 🧩 Model added for round 145 (3/3) from ['node_18']
[ 2026-03-22 17:22:46 | node_42 | INFO ] 🔬 Evaluating...
[ 2026-03-22 17:22:46 | node_33 | INFO ] 📢 Broadcasting metrics.
[ 2026-03-22 17:22:46 | node_1 | INFO ] 🏋️‍♀️ Preparing training...
[ 2026-03-22 17:22:46 | node_17 | INFO ] 🧠 Aggregation complete. Setting new model.
[ 2026-03-22 17:22:46 | node_3 | INFO ] 🏋️‍♀️ Preparing training...
[ 2026-03-22 17:22:46 | node_2 | INFO ] 📈 Evaluated. Results: {'test_loss': 0.0012365345610305667, 'test_accuracy': 0.997031033039093, 'test_precision': 0.4913480281829834, 'test_recall': 0.22677601873874664, 'test_f1': 0.2917378842830658, 'communication_cost': 1457816}
[ 2026-03-22 17:22:46 | node_39 | INFO ] 🎉 Round 145 of 150 finished.
[ 2026-03-22 17:22:46 | node_2 | INFO ] 📢 Broadcasting metrics.
[ 2026-03-22 17:22:46 | node_28 | INFO ] 🎉 Round 145 of 150 finished.
[ 2026-03-22 17:22:46 | node_39 | INFO ] 🗳️ [DETERMINISTIC] Train set assigned (No Voting). Size: 50
[ 2026-03-22 17:22:47 | node_28 | INFO ] 🗳️ [DETERMINISTIC] Train set assigned (No Voting). Size: 50
[ 2026-03-22 17:22:47 | node_7 | INFO ] 🎉 Round 144 of 150 finished.
[ 2026-03-22 17:22:47 | node_17 | INFO ] 🗣️ Gossiping aggregated model.
[ 2026-03-22 17:22:47 | node_35 | INFO ] 📈 Evaluated. Results: {'test_loss': 0.0010724063031375408, 'test_accuracy': 0.9974806308746338, 'test_precision': 0.921360433101654, 'test_recall': 0.31782281398773193, 'test_f1': 0.4648572504520416, 'communication_cost': 1457816}
[ 2026-03-22 17:22:47 | node_39 | INFO ] 🏋️‍♀️ Preparing training...
[ 2026-03-22 17:22:47 | node_35 | INFO ] 📢 Broadcasting metrics.
[ 2026-03-22 17:22:47 | node_7 | INFO ] 🗳️ [DETERMINISTIC] Train set assigned (No Voting). Size: 50
[ 2026-03-22 17:22:47 | node_36 | INFO ] 🎉 Round 145 of 150 finished.
[ 2026-03-22 17:22:47 | node_19 | INFO ] 🧩 Model added for round 145 (2/3) from ['node_18']
[ 2026-03-22 17:22:47 | node_28 | INFO ] 🏋️‍♀️ Preparing training...
[ 2026-03-22 17:22:47 | node_31 | INFO ] 🎉 Round 145 of 150 finished.
[ 2026-03-22 17:22:47 | node_5 | INFO ] 🎉 Round 144 of 150 finished.
[ 2026-03-22 17:22:47 | node_6 | INFO ] 📈 Evaluated. Results: {'test_loss': 0.0012154526775702834, 'test_accuracy': 0.997031033039093, 'test_precision': 0.8157444596290588, 'test_recall': 0.25929367542266846, 'test_f1': 0.38975369930267334, 'communication_cost': 1457816}
[ 2026-03-22 17:22:47 | node_36 | INFO ] 🗳️ [DETERMINISTIC] Train set assigned (No Voting). Size: 50
[ 2026-03-22 17:22:47 | node_6 | INFO ] 📢 Broadcasting metrics.
[ 2026-03-22 17:22:47 | node_31 | INFO ] 🗳️ [DETERMINISTIC] Train set assigned (No Voting). Size: 50
[ 2026-03-22 17:22:47 | node_7 | INFO ] 🏋️‍♀️ Preparing training...
[ 2026-03-22 17:22:47 | node_5 | INFO ] 🗳️ [DETERMINISTIC] Train set assigned (No Voting). Size: 50
[ 2026-03-22 17:22:47 | node_36 | INFO ] 🏋️‍♀️ Preparing training...
[ 2026-03-22 17:22:47 | node_40 | INFO ] 📈 Evaluated. Results: {'test_loss': 0.0013631314504891634, 'test_accuracy': 0.9965808987617493, 'test_precision': 0.692879855632782, 'test_recall': 0.24683482944965363, 'test_f1': 0.34336963295936584, 'communication_cost': 1457816}
[ 2026-03-22 17:22:47 | node_31 | INFO ] 🏋️‍♀️ Preparing training...
[ 2026-03-22 17:22:47 | node_5 | INFO ] 🏋️‍♀️ Preparing training...
[ 2026-03-22 17:22:47 | node_20 | INFO ] 🎉 Round 145 of 150 finished.
[ 2026-03-22 17:22:47 | node_40 | INFO ] 📢 Broadcasting metrics.
[ 2026-03-22 17:22:47 | node_32 | INFO ] 📈 Evaluated. Results: {'test_loss': 0.0010609079618006945, 'test_accuracy': 0.99712073802948, 'test_precision': 0.8599364757537842, 'test_recall': 0.3500944972038269, 'test_f1': 0.4857417941093445, 'communication_cost': 1457816}
[ 2026-03-22 17:22:47 | node_22 | INFO ] 🎉 Round 145 of 150 finished.
[ 2026-03-22 17:22:47 | node_32 | INFO ] 📢 Broadcasting metrics.
[ 2026-03-22 17:22:47 | node_20 | INFO ] 🗳️ [DETERMINISTIC] Train set assigned (No Voting). Size: 50
[ 2026-03-22 17:22:47 | node_33 | INFO ] 🎉 Round 145 of 150 finished.
[ 2026-03-22 17:22:47 | node_22 | INFO ] 🗳️ [DETERMINISTIC] Train set assigned (No Voting). Size: 50
[ 2026-03-22 17:22:47 | node_33 | INFO ] 🗳️ [DETERMINISTIC] Train set assigned (No Voting). Size: 50
[ 2026-03-22 17:22:47 | node_20 | INFO ] 🏋️‍♀️ Preparing training...
[ 2026-03-22 17:22:47 | node_22 | INFO ] 🏋️‍♀️ Preparing training...
[ 2026-03-22 17:22:47 | node_2 | INFO ] 🎉 Round 144 of 150 finished.
[ 2026-03-22 17:22:47 | node_33 | INFO ] 🏋️‍♀️ Preparing training...
[ 2026-03-22 17:22:47 | node_2 | INFO ] 🗳️ [DETERMINISTIC] Train set assigned (No Voting). Size: 50
[ 2026-03-22 17:22:48 | node_35 | INFO ] 🎉 Round 145 of 150 finished.
[ 2026-03-22 17:22:48 | node_35 | INFO ] 🗳️ [DETERMINISTIC] Train set assigned (No Voting). Size: 50
[ 2026-03-22 17:22:48 | node_2 | INFO ] 🏋️‍♀️ Preparing training...
[ 2026-03-22 17:22:48 | node_6 | INFO ] 🎉 Round 144 of 150 finished.
[ 2026-03-22 17:22:48 | node_35 | INFO ] 🏋️‍♀️ Preparing training...
[ 2026-03-22 17:22:48 | node_6 | INFO ] 🗳️ [DETERMINISTIC] Train set assigned (No Voting). Size: 50
[ 2026-03-22 17:22:48 | node_40 | INFO ] 🎉 Round 145 of 150 finished.
[ 2026-03-22 17:22:48 | node_6 | INFO ] 🏋️‍♀️ Preparing training...
[ 2026-03-22 17:22:48 | node_32 | INFO ] 🎉 Round 145 of 150 finished.
[ 2026-03-22 17:22:48 | node_40 | INFO ] 🗳️ [DETERMINISTIC] Train set assigned (No Voting). Size: 50
[ 2026-03-22 17:22:48 | node_32 | INFO ] 🗳️ [DETERMINISTIC] Train set assigned (No Voting). Size: 50
[ 2026-03-22 17:22:48 | node_40 | INFO ] 🏋️‍♀️ Preparing training...
[ 2026-03-22 17:22:48 | node_32 | INFO ] 🏋️‍♀️ Preparing training...
[ 2026-03-22 17:22:49 | node_9 | INFO ] 🎓 Training step done.
[ 2026-03-22 17:22:49 | node_9 | INFO ] 🛠️ Calling force_add_local_model...
[ 2026-03-22 17:22:49 | node_9 | INFO ] ✅ [FORCE] Local model added for round 144. (1/3)
[ 2026-03-22 17:22:49 | node_41 | INFO ] 📈 Evaluated. Results: {'test_loss': 0.0012031886726617813, 'test_accuracy': 0.9974806308746338, 'test_precision': 0.7370883822441101, 'test_recall': 0.17608222365379333, 'test_f1': 0.2819921672344208, 'communication_cost': 1457816}
[ 2026-03-22 17:22:49 | node_19 | INFO ] 📤 Sending model to 2 direct neighbors: ['node_18', 'node_20']
[ 2026-03-22 17:22:49 | node_41 | INFO ] 📢 Broadcasting metrics.
[ 2026-03-22 17:22:50 | node_18 | INFO ] 🧩 Model added for round 145 (3/3) from ['node_19']
[ 2026-03-22 17:22:50 | node_18 | INFO ] 🧠 Aggregation complete. Setting new model.
[ 2026-03-22 17:22:50 | node_42 | INFO ] 📈 Evaluated. Results: {'test_loss': 0.0013609979068860412, 'test_accuracy': 0.9969407916069031, 'test_precision': 0.8157278895378113, 'test_recall': 0.2318151742219925, 'test_f1': 0.3428434133529663, 'communication_cost': 1457816}
[ 2026-03-22 17:22:50 | node_45 | INFO ] 📤 Sending model to 2 direct neighbors: ['node_44', 'node_46']
[ 2026-03-22 17:22:50 | node_42 | INFO ] 📢 Broadcasting metrics.
[ 2026-03-22 17:22:50 | node_44 | INFO ] 🧩 Model added for round 144 (3/3) from ['node_45']
[ 2026-03-22 17:22:50 | node_18 | INFO ] 🗣️ Gossiping aggregated model.
[ 2026-03-22 17:22:50 | node_44 | INFO ] 🧠 Aggregation complete. Setting new model.
[ 2026-03-22 17:22:50 | node_20 | INFO ] 🧩 Model added for round 145 (1/3) from ['node_19']
[ 2026-03-22 17:22:50 | node_41 | INFO ] 🎉 Round 145 of 150 finished.
[ 2026-03-22 17:22:50 | node_44 | INFO ] 🗣️ Gossiping aggregated model.
[ 2026-03-22 17:22:50 | node_41 | INFO ] 🗳️ [DETERMINISTIC] Train set assigned (No Voting). Size: 50
[ 2026-03-22 17:22:50 | node_46 | INFO ] 🧩 Model added for round 144 (1/3) from ['node_45']
[ 2026-03-22 17:22:50 | node_41 | INFO ] 🏋️‍♀️ Preparing training...
[ 2026-03-22 17:22:50 | node_42 | INFO ] 🎉 Round 145 of 150 finished.
[ 2026-03-22 17:22:50 | node_42 | INFO ] 🗳️ [DETERMINISTIC] Train set assigned (No Voting). Size: 50
[ 2026-03-22 17:22:50 | node_42 | INFO ] 🏋️‍♀️ Preparing training...
[ 2026-03-22 17:22:51 | node_43 | INFO ] 🤫 Gossip finished.
[ 2026-03-22 17:22:51 | node_24 | INFO ] 🎓 Training step done.
[ 2026-03-22 17:22:51 | node_14 | INFO ] 📤 Sending model to 2 direct neighbors: ['node_13', 'node_15']
[ 2026-03-22 17:22:51 | node_24 | INFO ] 🛠️ Calling force_add_local_model...
[ 2026-03-22 17:22:51 | node_43 | INFO ] 🔬 Evaluating...
[ 2026-03-22 17:22:51 | node_10 | INFO ] 📤 Sending model to 2 direct neighbors: ['node_9', 'node_11']
[ 2026-03-22 17:22:51 | node_24 | INFO ] ✅ [FORCE] Local model added for round 145. (1/3)
[ 2026-03-22 17:22:51 | node | INFO ] 🎓 Training step done.
[ 2026-03-22 17:22:51 | node_17 | INFO ] 🤫 Gossip finished.
[ 2026-03-22 17:22:51 | node | INFO ] 🛠️ Calling force_add_local_model...
[ 2026-03-22 17:22:51 | node_13 | INFO ] 🧩 Model added for round 145 (1/3) from ['node_14']
[ 2026-03-22 17:22:51 | node | INFO ] ✅ [FORCE] Local model added for round 144. (1/3)
[ 2026-03-22 17:22:51 | node_17 | INFO ] 🔬 Evaluating...
[ 2026-03-22 17:22:51 | node_9 | INFO ] 🧩 Model added for round 144 (2/3) from ['node_10']
[ 2026-03-22 17:22:51 | node_15 | INFO ] 🧩 Model added for round 145 (3/3) from ['node_14']
[ 2026-03-22 17:22:51 | node_27 | INFO ] 🎓 Training step done.
[ 2026-03-22 17:22:51 | node_27 | INFO ] 🛠️ Calling force_add_local_model...
[ 2026-03-22 17:22:51 | node_15 | INFO ] 🧠 Aggregation complete. Setting new model.
[ 2026-03-22 17:22:51 | node_27 | INFO ] ✅ [FORCE] Local model added for round 145. (1/3)
[ 2026-03-22 17:22:51 | node_11 | INFO ] 🧩 Model added for round 144 (3/3) from ['node_10']
[ 2026-03-22 17:22:51 | node_11 | INFO ] 🧠 Aggregation complete. Setting new model.
[ 2026-03-22 17:22:51 | node_15 | INFO ] 🗣️ Gossiping aggregated model.
[ 2026-03-22 17:22:52 | node_11 | INFO ] 🗣️ Gossiping aggregated model.
[ 2026-03-22 17:22:52 | node_16 | INFO ] 🤫 Gossip finished.
[ 2026-03-22 17:22:52 | node_29 | INFO ] 🎓 Training step done.
[ 2026-03-22 17:22:52 | node_29 | INFO ] 🛠️ Calling force_add_local_model...
[ 2026-03-22 17:22:52 | node_29 | INFO ] ✅ [FORCE] Local model added for round 145. (1/3)
[ 2026-03-22 17:22:52 | node_16 | INFO ] 🔬 Evaluating...
[ 2026-03-22 17:22:52 | node_48 | INFO ] 🎓 Training step done.
[ 2026-03-22 17:22:52 | node_48 | INFO ] 🛠️ Calling force_add_local_model...
[ 2026-03-22 17:22:52 | node_8 | INFO ] 🎓 Training step done.
[ 2026-03-22 17:22:52 | node_8 | INFO ] 🛠️ Calling force_add_local_model...
[ 2026-03-22 17:22:52 | node_48 | INFO ] ✅ [FORCE] Local model added for round 144. (1/3)
[ 2026-03-22 17:22:52 | node_8 | INFO ] ✅ [FORCE] Local model added for round 144. (1/3)
[ 2026-03-22 17:22:52 | node_25 | INFO ] ⏹️  Gossiping exited for 10 equal rounds.
[ 2026-03-22 17:22:52 | node_25 | INFO ] 🔬 Evaluating...
[ 2026-03-22 17:22:52 | node_26 | INFO ] 🎓 Training step done.
[ 2026-03-22 17:22:52 | node_26 | INFO ] 🛠️ Calling force_add_local_model...
[ 2026-03-22 17:22:52 | node_26 | INFO ] ✅ [FORCE] Local model added for round 145. (1/3)
[ 2026-03-22 17:22:53 | node_21 | INFO ] 🎓 Training step done.
[ 2026-03-22 17:22:53 | node_21 | INFO ] 🛠️ Calling force_add_local_model...
[ 2026-03-22 17:22:53 | node_21 | INFO ] ✅ [FORCE] Local model added for round 145. (1/3)
[ 2026-03-22 17:22:53 | node_47 | INFO ] ⏹️  Gossiping exited for 10 equal rounds.
[ 2026-03-22 17:22:53 | node_47 | INFO ] 🔬 Evaluating...
[ 2026-03-22 17:22:54 | node_9 | INFO ] 📤 Sending model to 2 direct neighbors: ['node_8', 'node_10']
[ 2026-03-22 17:22:54 | node_8 | INFO ] 🧩 Model added for round 144 (2/3) from ['node_9']
[ 2026-03-22 17:22:54 | node_30 | INFO ] 🎓 Training step done.
[ 2026-03-22 17:22:54 | node_30 | INFO ] 🛠️ Calling force_add_local_model...
[ 2026-03-22 17:22:54 | node_30 | INFO ] ✅ [FORCE] Local model added for round 145. (1/3)
[ 2026-03-22 17:22:54 | node_13 | INFO ] 🎓 Training step done.
[ 2026-03-22 17:22:54 | node_13 | INFO ] 🛠️ Calling force_add_local_model...
[ 2026-03-22 17:22:54 | node_13 | INFO ] ✅ [FORCE] Local model added for round 145. (2/3)
[ 2026-03-22 17:22:54 | node_10 | INFO ] 🧩 Model added for round 144 (3/3) from ['node_9']
[ 2026-03-22 17:22:54 | node_10 | INFO ] 🧠 Aggregation complete. Setting new model.
[ 2026-03-22 17:22:54 | node_37 | INFO ] 🎓 Training step done.
[ 2026-03-22 17:22:55 | node_36 | INFO ] 🎓 Training step done.
[ 2026-03-22 17:22:55 | node_37 | INFO ] 🛠️ Calling force_add_local_model...
[ 2026-03-22 17:22:55 | node_36 | INFO ] 🛠️ Calling force_add_local_model...
[ 2026-03-22 17:22:55 | node_37 | INFO ] ✅ [FORCE] Local model added for round 145. (1/3)
[ 2026-03-22 17:22:55 | node_43 | INFO ] 📈 Evaluated. Results: {'test_loss': 0.0014772005379199982, 'test_accuracy': 0.9962210059165955, 'test_precision': 0.5528162717819214, 'test_recall': 0.0652264729142189, 'test_f1': 0.11642645299434662, 'communication_cost': 1457816}
[ 2026-03-22 17:22:55 | node_36 | INFO ] ✅ [FORCE] Local model added for round 145. (1/3)
[ 2026-03-22 17:22:55 | node_43 | INFO ] 📢 Broadcasting metrics.
[ 2026-03-22 17:22:55 | node_38 | INFO ] 🎓 Training step done.
[ 2026-03-22 17:22:55 | node_38 | INFO ] 🛠️ Calling force_add_local_model...
[ 2026-03-22 17:22:55 | node_10 | INFO ] 🗣️ Gossiping aggregated model.
[ 2026-03-22 17:22:55 | node_38 | INFO ] ✅ [FORCE] Local model added for round 145. (1/3)
[ 2026-03-22 17:22:55 | node_11 | INFO ] 🤫 Gossip finished.
[ 2026-03-22 17:22:55 | node_11 | INFO ] 🔬 Evaluating...
[ 2026-03-22 17:22:55 | node_43 | INFO ] 🎉 Round 145 of 150 finished.
[ 2026-03-22 17:22:55 | node_43 | INFO ] 🗳️ [DETERMINISTIC] Train set assigned (No Voting). Size: 50
[ 2026-03-22 17:22:55 | node_17 | INFO ] 📈 Evaluated. Results: {'test_loss': 0.0013886200031265616, 'test_accuracy': 0.9966711401939392, 'test_precision': 0.6314889788627625, 'test_recall': 0.1523660570383072, 'test_f1': 0.22321616113185883, 'communication_cost': 1457816}
[ 2026-03-22 17:22:55 | node_43 | INFO ] 🏋️‍♀️ Preparing training...
[ 2026-03-22 17:22:55 | node_17 | INFO ] 📢 Broadcasting metrics.
[ 2026-03-22 17:22:55 | node_49 | INFO ] 🎓 Training step done.
[ 2026-03-22 17:22:55 | node_49 | INFO ] 🛠️ Calling force_add_local_model...
[ 2026-03-22 17:22:55 | node_49 | INFO ] ✅ [FORCE] Local model added for round 144. (1/3)
[ 2026-03-22 17:22:56 | node_1 | INFO ] 🎓 Training step done.
[ 2026-03-22 17:22:56 | node_1 | INFO ] 🛠️ Calling force_add_local_model...
[ 2026-03-22 17:22:56 | node_1 | INFO ] ✅ [FORCE] Local model added for round 144. (1/3)
[ 2026-03-22 17:22:56 | node_17 | INFO ] 🎉 Round 146 of 150 finished.
[ 2026-03-22 17:22:56 | node_17 | INFO ] 🗳️ [DETERMINISTIC] Train set assigned (No Voting). Size: 50
[ 2026-03-22 17:22:56 | node_17 | INFO ] 🏋️‍♀️ Preparing training...
[ 2026-03-22 17:22:56 | node_25 | INFO ] 📈 Evaluated. Results: {'test_loss': 0.0011543635046109557, 'test_accuracy': 0.9972107410430908, 'test_precision': 0.5528162717819214, 'test_recall': 0.16189619898796082, 'test_f1': 0.2492060661315918, 'communication_cost': 1457816}
[ 2026-03-22 17:22:56 | node_25 | INFO ] 📢 Broadcasting metrics.
[ 2026-03-22 17:22:56 | node_47 | INFO ] 📈 Evaluated. Results: {'test_loss': 0.0009109873208217323, 'test_accuracy': 0.9979305267333984, 'test_precision': 0.49139225482940674, 'test_recall': 0.21717782318592072, 'test_f1': 0.30041933059692383, 'communication_cost': 1457816}
[ 2026-03-22 17:22:56 | node_24 | INFO ] 📤 Sending model to 2 direct neighbors: ['node_23', 'node_25']
[ 2026-03-22 17:22:56 | node_47 | INFO ] 📢 Broadcasting metrics.
[ 2026-03-22 17:22:56 | node_23 | INFO ] 🧩 Model added for round 145 (1/3) from ['node_24']
[ 2026-03-22 17:22:56 | node | INFO ] 📤 Sending model to 2 direct neighbors: ['node_1', 'node_49']
[ 2026-03-22 17:22:56 | node_34 | INFO ] ⏹️  Gossiping exited for 10 equal rounds.
[ 2026-03-22 17:22:56 | node_34 | INFO ] 🔬 Evaluating...
[ 2026-03-22 17:22:56 | node_47 | INFO ] 🎉 Round 144 of 150 finished.
[ 2026-03-22 17:22:56 | node_47 | INFO ] 🗳️ [DETERMINISTIC] Train set assigned (No Voting). Size: 50
[ 2026-03-22 17:22:56 | node_1 | INFO ] 🧩 Model added for round 144 (2/3) from ['node']
[ 2026-03-22 17:22:56 | node_25 | INFO ] 🎉 Round 145 of 150 finished.
[ 2026-03-22 17:22:56 | node_27 | INFO ] 📤 Sending model to 2 direct neighbors: ['node_26', 'node_28']
[ 2026-03-22 17:22:56 | node_3 | INFO ] 🎓 Training step done.
[ 2026-03-22 17:22:56 | node_3 | INFO ] 🛠️ Calling force_add_local_model...
[ 2026-03-22 17:22:56 | node_25 | INFO ] 🗳️ [DETERMINISTIC] Train set assigned (No Voting). Size: 50
[ 2026-03-22 17:22:56 | node_47 | INFO ] 🏋️‍♀️ Preparing training...
[ 2026-03-22 17:22:56 | node_3 | INFO ] ✅ [FORCE] Local model added for round 144. (1/3)
[ 2026-03-22 17:22:56 | node_22 | INFO ] 🎓 Training step done.
[ 2026-03-22 17:22:57 | node_7 | INFO ] 🎓 Training step done.
[ 2026-03-22 17:22:57 | node_25 | INFO ] ♻️ Proactively processing 1 early models for round 145.
[ 2026-03-22 17:22:57 | node_22 | INFO ] 🛠️ Calling force_add_local_model...
[ 2026-03-22 17:22:57 | node_7 | INFO ] 🛠️ Calling force_add_local_model...
[ 2026-03-22 17:22:57 | node_25 | INFO ] 🧩 Model added for round 145 (1/3) from ['node_24']
[ 2026-03-22 17:22:57 | node_26 | INFO ] 🧩 Model added for round 145 (2/3) from ['node_27']
[ 2026-03-22 17:22:57 | node_22 | INFO ] ✅ [FORCE] Local model added for round 145. (1/3)
[ 2026-03-22 17:22:57 | node_7 | INFO ] ✅ [FORCE] Local model added for round 144. (1/3)
[ 2026-03-22 17:22:57 | node_25 | INFO ] 🏋️‍♀️ Preparing training...
[ 2026-03-22 17:22:57 | node_16 | INFO ] 📈 Evaluated. Results: {'test_loss': 0.001122932299040258, 'test_accuracy': 0.9968510866165161, 'test_precision': 0.6756035685539246, 'test_recall': 0.166707381606102, 'test_f1': 0.2608824074268341, 'communication_cost': 1457816}
[ 2026-03-22 17:22:57 | node_16 | INFO ] 📢 Broadcasting metrics.
[ 2026-03-22 17:22:57 | node_49 | INFO ] 🧩 Model added for round 144 (2/3) from ['node']
[ 2026-03-22 17:22:57 | node_46 | INFO ] 🎓 Training step done.
[ 2026-03-22 17:22:57 | node_46 | INFO ] 🛠️ Calling force_add_local_model...
[ 2026-03-22 17:22:57 | node_5 | INFO ] 🎓 Training step done.
[ 2026-03-22 17:22:57 | node_46 | INFO ] ✅ [FORCE] Local model added for round 144. (2/3)
[ 2026-03-22 17:22:57 | node_5 | INFO ] 🛠️ Calling force_add_local_model...
[ 2026-03-22 17:22:57 | node_5 | INFO ] ✅ [FORCE] Local model added for round 144. (1/3)
[ 2026-03-22 17:22:57 | node_28 | INFO ] 🧩 Model added for round 145 (1/3) from ['node_27']
[ 2026-03-22 17:22:57 | node_31 | INFO ] 🎓 Training step done.
[ 2026-03-22 17:22:57 | node_31 | INFO ] 🛠️ Calling force_add_local_model...
[ 2026-03-22 17:22:57 | node_33 | INFO ] 🎓 Training step done.
[ 2026-03-22 17:22:57 | node_33 | INFO ] 🛠️ Calling force_add_local_model...
[ 2026-03-22 17:22:57 | node_31 | INFO ] ✅ [FORCE] Local model added for round 145. (1/3)
[ 2026-03-22 17:22:57 | node_33 | INFO ] ✅ [FORCE] Local model added for round 145. (1/3)
[ 2026-03-22 17:22:57 | node_29 | INFO ] 📤 Sending model to 2 direct neighbors: ['node_28', 'node_30']
[ 2026-03-22 17:22:57 | node_4 | INFO ] ⏹️  Gossiping exited for 10 equal rounds.
[ 2026-03-22 17:22:57 | node_23 | INFO ] 🎓 Training step done.
[ 2026-03-22 17:22:57 | node_2 | INFO ] 🎓 Training step done.
[ 2026-03-22 17:22:57 | node_23 | INFO ] 🛠️ Calling force_add_local_model...
[ 2026-03-22 17:22:57 | node_4 | INFO ] 🔬 Evaluating...
[ 2026-03-22 17:22:57 | node_16 | INFO ] 🎉 Round 146 of 150 finished.
[ 2026-03-22 17:22:57 | node_2 | INFO ] 🛠️ Calling force_add_local_model...
[ 2026-03-22 17:22:57 | node_48 | INFO ] 📤 Sending model to 2 direct neighbors: ['node_47', 'node_49']
[ 2026-03-22 17:22:57 | node_23 | INFO ] ✅ [FORCE] Local model added for round 145. (2/3)
[ 2026-03-22 17:22:57 | node_28 | INFO ] 🧩 Model added for round 145 (2/3) from ['node_29']
[ 2026-03-22 17:22:57 | node_2 | INFO ] ✅ [FORCE] Local model added for round 144. (1/3)
[ 2026-03-22 17:22:57 | node_16 | INFO ] 🗳️ [DETERMINISTIC] Train set assigned (No Voting). Size: 50
[ 2026-03-22 17:22:57 | node_12 | INFO ] ⏹️  Gossiping exited for 10 equal rounds.
[ 2026-03-22 17:22:57 | node_8 | INFO ] 📤 Sending model to 2 direct neighbors: ['node_7', 'node_9']
[ 2026-03-22 17:22:57 | node_16 | INFO ] 🏋️‍♀️ Preparing training...
[ 2026-03-22 17:22:57 | node_12 | INFO ] 🔬 Evaluating...
[ 2026-03-22 17:22:57 | node_47 | INFO ] 🧩 Model added for round 144 (1/3) from ['node_48']
[ 2026-03-22 17:22:57 | node_7 | INFO ] 🧩 Model added for round 144 (2/3) from ['node_8']
[ 2026-03-22 17:22:57 | node_30 | INFO ] 🧩 Model added for round 145 (2/3) from ['node_29']
[ 2026-03-22 17:22:57 | node_26 | INFO ] 📤 Sending model to 2 direct neighbors: ['node_25', 'node_27']
[ 2026-03-22 17:22:58 | node_49 | INFO ] 🧩 Model added for round 144 (3/3) from ['node_48']
[ 2026-03-22 17:22:58 | node_25 | INFO ] 🧩 Model added for round 145 (2/3) from ['node_26']
[ 2026-03-22 17:22:58 | node_20 | INFO ] 🎓 Training step done.
[ 2026-03-22 17:22:58 | node_20 | INFO ] 🛠️ Calling force_add_local_model...
[ 2026-03-22 17:22:58 | node_20 | INFO ] ✅ [FORCE] Local model added for round 145. (2/3)
[ 2026-03-22 17:22:58 | node_9 | INFO ] 🧩 Model added for round 144 (3/3) from ['node_8']
[ 2026-03-22 17:22:58 | node_9 | INFO ] 🧠 Aggregation complete. Setting new model.
[ 2026-03-22 17:22:58 | node_27 | INFO ] 🧩 Model added for round 145 (2/3) from ['node_26']
[ 2026-03-22 17:22:58 | node_28 | INFO ] 🎓 Training step done.
[ 2026-03-22 17:22:58 | node_28 | INFO ] 🛠️ Calling force_add_local_model...
[ 2026-03-22 17:22:58 | node_35 | INFO ] 🎓 Training step done.
[ 2026-03-22 17:22:58 | node_35 | INFO ] 🛠️ Calling force_add_local_model...
[ 2026-03-22 17:22:58 | node_9 | INFO ] 🗣️ Gossiping aggregated model.
[ 2026-03-22 17:22:58 | node_35 | INFO ] ✅ [FORCE] Local model added for round 145. (1/3)
[ 2026-03-22 17:22:58 | node_28 | INFO ] ✅ [FORCE] Local model added for round 145. (3/3)
[ 2026-03-22 17:22:58 | node_11 | INFO ] 📈 Evaluated. Results: {'test_loss': 0.0012667971896007657, 'test_accuracy': 0.9966711401939392, 'test_precision': 0.46063879132270813, 'test_recall': 0.10441146790981293, 'test_f1': 0.16839469969272614, 'communication_cost': 1457816}
[ 2026-03-22 17:22:58 | node_11 | INFO ] 📢 Broadcasting metrics.
[ 2026-03-22 17:22:58 | node_21 | INFO ] 📤 Sending model to 2 direct neighbors: ['node_20', 'node_22']
[ 2026-03-22 17:22:58 | node_40 | INFO ] 🎓 Training step done.
[ 2026-03-22 17:22:58 | node_20 | INFO ] 🧩 Model added for round 145 (3/3) from ['node_21']
[ 2026-03-22 17:22:58 | node_40 | INFO ] 🛠️ Calling force_add_local_model...
[ 2026-03-22 17:22:58 | node_6 | INFO ] 🎓 Training step done.
[ 2026-03-22 17:22:58 | node_40 | INFO ] ✅ [FORCE] Local model added for round 145. (1/3)
[ 2026-03-22 17:22:58 | node_6 | INFO ] 🛠️ Calling force_add_local_model...
[ 2026-03-22 17:22:58 | node_6 | INFO ] ✅ [FORCE] Local model added for round 144. (1/3)
[ 2026-03-22 17:22:58 | node_11 | INFO ] 🎉 Round 145 of 150 finished.
[ 2026-03-22 17:22:59 | node_11 | INFO ] 🗳️ [DETERMINISTIC] Train set assigned (No Voting). Size: 50
[ 2026-03-22 17:22:59 | node_22 | INFO ] 🧩 Model added for round 145 (2/3) from ['node_21']
[ 2026-03-22 17:22:59 | node_11 | INFO ] 🏋️‍♀️ Preparing training...
[ 2026-03-22 17:22:59 | node_4 | INFO ] 📈 Evaluated. Results: {'test_loss': 0.0012680066283792257, 'test_accuracy': 0.996941089630127, 'test_precision': 0.9736778140068054, 'test_recall': 0.38065189123153687, 'test_f1': 0.5359882712364197, 'communication_cost': 1457816}
[ 2026-03-22 17:22:59 | node_32 | INFO ] 🎓 Training step done.
[ 2026-03-22 17:22:59 | node_32 | INFO ] 🛠️ Calling force_add_local_model...
[ 2026-03-22 17:22:59 | node_4 | INFO ] 📢 Broadcasting metrics.
[ 2026-03-22 17:22:59 | node_32 | INFO ] ✅ [FORCE] Local model added for round 145. (1/3)
[ 2026-03-22 17:22:59 | node_41 | INFO ] 🎓 Training step done.
[ 2026-03-22 17:22:59 | node_41 | INFO ] 🛠️ Calling force_add_local_model...
[ 2026-03-22 17:22:59 | node_41 | INFO ] ✅ [FORCE] Local model added for round 145. (1/3)
[ 2026-03-22 17:22:59 | node_12 | INFO ] 📈 Evaluated. Results: {'test_loss': 0.001185912755317986, 'test_accuracy': 0.996941089630127, 'test_precision': 0.5159153938293457, 'test_recall': 0.12539611756801605, 'test_f1': 0.1946561485528946, 'communication_cost': 1457816}
[ 2026-03-22 17:22:59 | node_12 | INFO ] 📢 Broadcasting metrics.
[ 2026-03-22 17:22:59 | node_42 | INFO ] 🎓 Training step done.
[ 2026-03-22 17:22:59 | node_10 | INFO ] 🤫 Gossip finished.
[ 2026-03-22 17:22:59 | node_39 | INFO ] 🎓 Training step done.
[ 2026-03-22 17:22:59 | node_42 | INFO ] 🛠️ Calling force_add_local_model...
[ 2026-03-22 17:22:59 | node_39 | INFO ] 🛠️ Calling force_add_local_model...
[ 2026-03-22 17:22:59 | node_42 | INFO ] ✅ [FORCE] Local model added for round 145. (1/3)
[ 2026-03-22 17:22:59 | node_10 | INFO ] 🔬 Evaluating...
[ 2026-03-22 17:22:59 | node_39 | INFO ] ✅ [FORCE] Local model added for round 145. (1/3)
[ 2026-03-22 17:22:59 | node_4 | INFO ] 🎉 Round 144 of 150 finished.
[ 2026-03-22 17:22:59 | node_4 | INFO ] 🗳️ [DETERMINISTIC] Train set assigned (No Voting). Size: 50
[ 2026-03-22 17:22:59 | node_34 | INFO ] 📈 Evaluated. Results: {'test_loss': 0.0011258815648034215, 'test_accuracy': 0.9973906874656677, 'test_precision': 0.5528162717819214, 'test_recall': 0.1883220225572586, 'test_f1': 0.2791782319545746, 'communication_cost': 1457816}
[ 2026-03-22 17:22:59 | node_4 | INFO ] 🏋️‍♀️ Preparing training...
[ 2026-03-22 17:22:59 | node_34 | INFO ] 📢 Broadcasting metrics.
[ 2026-03-22 17:22:59 | node_30 | INFO ] 📤 Sending model to 2 direct neighbors: ['node_29', 'node_31']
[ 2026-03-22 17:22:59 | node_12 | INFO ] 🎉 Round 145 of 150 finished.
[ 2026-03-22 17:22:59 | node_29 | INFO ] 🧩 Model added for round 145 (2/3) from ['node_30']
[ 2026-03-22 17:22:59 | node_13 | INFO ] 📤 Sending model to 2 direct neighbors: ['node_12', 'node_14']
[ 2026-03-22 17:22:59 | node_12 | INFO ] 🗳️ [DETERMINISTIC] Train set assigned (No Voting). Size: 50
[ 2026-03-22 17:22:59 | node_12 | INFO ] 🏋️‍♀️ Preparing training...
[ 2026-03-22 17:22:59 | node_12 | INFO ] 🧩 Model added for round 145 (1/3) from ['node_13']
[ 2026-03-22 17:22:59 | node_34 | INFO ] 🎉 Round 145 of 150 finished.
[ 2026-03-22 17:22:59 | node_31 | INFO ] 🧩 Model added for round 145 (2/3) from ['node_30']
[ 2026-03-22 17:22:59 | node_34 | INFO ] 🗳️ [DETERMINISTIC] Train set assigned (No Voting). Size: 50
[ 2026-03-22 17:22:59 | node_34 | INFO ] 🏋️‍♀️ Preparing training...
[ 2026-03-22 17:23:00 | node_14 | INFO ] 🧩 Model added for round 145 (3/3) from ['node_13']
[ 2026-03-22 17:23:00 | node_14 | INFO ] 🧠 Aggregation complete. Setting new model.
[ 2026-03-22 17:23:00 | node_37 | INFO ] 📤 Sending model to 2 direct neighbors: ['node_36', 'node_38']
[ 2026-03-22 17:23:00 | node_36 | INFO ] 📤 Sending model to 2 direct neighbors: ['node_35', 'node_37']
[ 2026-03-22 17:23:00 | node_36 | INFO ] 🧩 Model added for round 145 (2/3) from ['node_37']
[ 2026-03-22 17:23:00 | node_14 | INFO ] 🗣️ Gossiping aggregated model.
[ 2026-03-22 17:23:00 | node_35 | INFO ] 🧩 Model added for round 145 (2/3) from ['node_36']
[ 2026-03-22 17:23:00 | node_38 | INFO ] 📤 Sending model to 2 direct neighbors: ['node_37', 'node_39']
[ 2026-03-22 17:23:00 | node_37 | INFO ] 🧩 Model added for round 145 (2/3) from ['node_38']
[ 2026-03-22 17:23:00 | node_15 | INFO ] 🤫 Gossip finished.
[ 2026-03-22 17:23:00 | node_25 | INFO ] 🎓 Training step done.
[ 2026-03-22 17:23:00 | node_38 | INFO ] 🧩 Model added for round 145 (2/3) from ['node_37']
[ 2026-03-22 17:23:00 | node_25 | INFO ] 🛠️ Calling force_add_local_model...
[ 2026-03-22 17:23:00 | node_15 | INFO ] 🔬 Evaluating...
[ 2026-03-22 17:23:00 | node_37 | INFO ] 🧩 Model added for round 145 (3/3) from ['node_36']
[ 2026-03-22 17:23:00 | node_25 | INFO ] ✅ [FORCE] Local model added for round 145. (3/3)
[ 2026-03-22 17:23:00 | node_39 | INFO ] 🧩 Model added for round 145 (2/3) from ['node_38']
[ 2026-03-22 17:23:00 | node_37 | INFO ] 🧠 Aggregation complete. Setting new model.
[ 2026-03-22 17:23:00 | node_37 | INFO ] 🗣️ Gossiping aggregated model.
[ 2026-03-22 17:23:00 | node_49 | INFO ] 📤 Sending model to 2 direct neighbors: ['node', 'node_48']
[ 2026-03-22 17:23:00 | node_10 | INFO ] 📈 Evaluated. Results: {'test_loss': 0.0013249032199382782, 'test_accuracy': 0.997031033039093, 'test_precision': 0.5527665615081787, 'test_recall': 0.10850602388381958, 'test_f1': 0.18106494843959808, 'communication_cost': 1457816}
[ 2026-03-22 17:23:00 | node_10 | INFO ] 📢 Broadcasting metrics.
[ 2026-03-22 17:23:01 | node | INFO ] 🧩 Model added for round 144 (2/3) from ['node_49']
[ 2026-03-22 17:23:01 | node_1 | INFO ] 📤 Sending model to 2 direct neighbors: ['node', 'node_2']
[ 2026-03-22 17:23:01 | node_10 | INFO ] 🎉 Round 145 of 150 finished.
[ 2026-03-22 17:23:01 | node_48 | INFO ] 🧩 Model added for round 144 (2/3) from ['node_49']
[ 2026-03-22 17:23:01 | node_10 | INFO ] 🗳️ [DETERMINISTIC] Train set assigned (No Voting). Size: 50
[ 2026-03-22 17:23:01 | node_47 | INFO ] 🎓 Training step done.
[ 2026-03-22 17:23:01 | node | INFO ] 🧩 Model added for round 144 (3/3) from ['node_1']
[ 2026-03-22 17:23:01 | node_47 | INFO ] 🛠️ Calling force_add_local_model...
[ 2026-03-22 17:23:01 | node_47 | INFO ] ✅ [FORCE] Local model added for round 144. (2/3)
[ 2026-03-22 17:23:01 | node_10 | INFO ] 🏋️‍♀️ Preparing training...
[ 2026-03-22 17:23:01 | node | INFO ] 🧠 Aggregation complete. Setting new model.
[ 2026-03-22 17:23:01 | node_49 | INFO ] 🧠 Aggregation complete. Setting new model.
[ 2026-03-22 17:23:01 | node_49 | INFO ] 🗣️ Gossiping aggregated model.
[ 2026-03-22 17:23:01 | node | INFO ] 🗣️ Gossiping aggregated model.
[ 2026-03-22 17:23:01 | node_2 | INFO ] 🧩 Model added for round 144 (2/3) from ['node_1']
[ 2026-03-22 17:23:01 | node_43 | INFO ] 🎓 Training step done.
[ 2026-03-22 17:23:01 | node_43 | INFO ] 🛠️ Calling force_add_local_model...
[ 2026-03-22 17:23:01 | node_43 | INFO ] ✅ [FORCE] Local model added for round 145. (1/3)
[ 2026-03-22 17:23:01 | node_3 | INFO ] 📤 Sending model to 2 direct neighbors: ['node_2', 'node_4']
[ 2026-03-22 17:23:02 | node_2 | INFO ] 🧩 Model added for round 144 (3/3) from ['node_3']
[ 2026-03-22 17:23:02 | node_7 | INFO ] 📤 Sending model to 2 direct neighbors: ['node_6', 'node_8']
[ 2026-03-22 17:23:02 | node_22 | INFO ] 📤 Sending model to 2 direct neighbors: ['node_21', 'node_23']
[ 2026-03-22 17:23:02 | node_4 | INFO ] 🧩 Model added for round 144 (1/3) from ['node_3']
[ 2026-03-22 17:23:02 | node_21 | INFO ] 🧩 Model added for round 145 (2/3) from ['node_22']
[ 2026-03-22 17:23:02 | node_6 | INFO ] 🧩 Model added for round 144 (2/3) from ['node_7']
[ 2026-03-22 17:23:02 | node_16 | INFO ] 🎓 Training step done.
[ 2026-03-22 17:23:02 | node_15 | INFO ] 📈 Evaluated. Results: {'test_loss': 0.0012528449296951294, 'test_accuracy': 0.9971210360527039, 'test_precision': 0.8157444596290588, 'test_recall': 0.19141273200511932, 'test_f1': 0.29834258556365967, 'communication_cost': 1457816}
[ 2026-03-22 17:23:02 | node_16 | INFO ] 🛠️ Calling force_add_local_model...
[ 2026-03-22 17:23:02 | node_15 | INFO ] 📢 Broadcasting metrics.
[ 2026-03-22 17:23:02 | node_46 | INFO ] 📤 Sending model to 2 direct neighbors: ['node_45', 'node_47']
[ 2026-03-22 17:23:02 | node_17 | INFO ] 🎓 Training step done.
[ 2026-03-22 17:23:02 | node_16 | INFO ] ✅ [FORCE] Local model added for round 146. (1/3)
[ 2026-03-22 17:23:02 | node_17 | INFO ] 🛠️ Calling force_add_local_model...
[ 2026-03-22 17:23:02 | node_17 | INFO ] ✅ [FORCE] Local model added for round 146. (1/3)
[ 2026-03-22 17:23:02 | node_5 | INFO ] 📤 Sending model to 2 direct neighbors: ['node_4', 'node_6']
[ 2026-03-22 17:23:02 | node_11 | INFO ] 🎓 Training step done.
[ 2026-03-22 17:23:02 | node_11 | INFO ] 🛠️ Calling force_add_local_model...
[ 2026-03-22 17:23:02 | node_31 | INFO ] 📤 Sending model to 2 direct neighbors: ['node_30', 'node_32']
[ 2026-03-22 17:23:02 | node_11 | INFO ] ✅ [FORCE] Local model added for round 145. (1/3)
[ 2026-03-22 17:23:02 | node_8 | INFO ] 🧩 Model added for round 144 (3/3) from ['node_7']
[ 2026-03-22 17:23:02 | node_33 | INFO ] 📤 Sending model to 2 direct neighbors: ['node_32', 'node_34']
[ 2026-03-22 17:23:02 | node_15 | INFO ] 🎉 Round 146 of 150 finished.
[ 2026-03-22 17:23:02 | node_45 | INFO ] 🧩 Model added for round 144 (3/3) from ['node_46']
[ 2026-03-22 17:23:02 | node_23 | INFO ] 🧩 Model added for round 145 (3/3) from ['node_22']
[ 2026-03-22 17:23:02 | node_15 | INFO ] 🗳️ [DETERMINISTIC] Train set assigned (No Voting). Size: 50
[ 2026-03-22 17:23:02 | node_15 | INFO ] 🏋️‍♀️ Preparing training...
[ 2026-03-22 17:23:02 | node_4 | INFO ] 🧩 Model added for round 144 (2/3) from ['node_5']
[ 2026-03-22 17:23:02 | node_2 | INFO ] 📤 Sending model to 2 direct neighbors: ['node_1', 'node_3']
[ 2026-03-22 17:23:02 | node_23 | INFO ] 📤 Sending model to 2 direct neighbors: ['node_22', 'node_24']
[ 2026-03-22 17:23:02 | node_30 | INFO ] 🧩 Model added for round 145 (3/3) from ['node_31']
[ 2026-03-22 17:23:02 | node_32 | INFO ] 🧩 Model added for round 145 (2/3) from ['node_33']
[ 2026-03-22 17:23:02 | node_47 | INFO ] 🧩 Model added for round 144 (3/3) from ['node_46']
[ 2026-03-22 17:23:02 | node_4 | INFO ] 🎓 Training step done.
[ 2026-03-22 17:23:03 | node_8 | INFO ] 🧠 Aggregation complete. Setting new model.
[ 2026-03-22 17:23:03 | node_30 | INFO ] 🧠 Aggregation complete. Setting new model.
[ 2026-03-22 17:23:03 | node_45 | INFO ] 🧠 Aggregation complete. Setting new model.
[ 2026-03-22 17:23:03 | node_4 | INFO ] 🛠️ Calling force_add_local_model...
[ 2026-03-22 17:23:03 | node_4 | INFO ] ✅ [FORCE] Local model added for round 144. (3/3)
[ 2026-03-22 17:23:03 | node_12 | INFO ] 🎓 Training step done.
[ 2026-03-22 17:23:03 | node_12 | INFO ] 🛠️ Calling force_add_local_model...
[ 2026-03-22 17:23:03 | node_34 | INFO ] 🎓 Training step done.
[ 2026-03-22 17:23:03 | node_34 | INFO ] 🛠️ Calling force_add_local_model...
[ 2026-03-22 17:23:03 | node_30 | INFO ] 🗣️ Gossiping aggregated model.
[ 2026-03-22 17:23:03 | node_20 | INFO ] 📤 Sending model to 2 direct neighbors: ['node_19', 'node_21']
[ 2026-03-22 17:23:03 | node_45 | INFO ] 🗣️ Gossiping aggregated model.
[ 2026-03-22 17:23:03 | node_8 | INFO ] 🗣️ Gossiping aggregated model.
[ 2026-03-22 17:23:03 | node_1 | INFO ] 🧩 Model added for round 144 (3/3) from ['node_2']
[ 2026-03-22 17:23:03 | node_12 | INFO ] ✅ [FORCE] Local model added for round 145. (2/3)
[ 2026-03-22 17:23:03 | node_22 | INFO ] 🧩 Model added for round 145 (3/3) from ['node_23']
[ 2026-03-22 17:23:03 | node_9 | INFO ] 🤫 Gossip finished.
[ 2026-03-22 17:23:03 | node_6 | INFO ] 🧩 Model added for round 144 (3/3) from ['node_5']
[ 2026-03-22 17:23:03 | node_34 | INFO ] ✅ [FORCE] Local model added for round 145. (1/3)
[ 2026-03-22 17:23:03 | node_9 | INFO ] 🔬 Evaluating...
[ 2026-03-22 17:23:03 | node_35 | INFO ] 📤 Sending model to 2 direct neighbors: ['node_34', 'node_36']
[ 2026-03-22 17:23:03 | node_28 | INFO ] 📤 Sending model to 2 direct neighbors: ['node_27', 'node_29']
[ 2026-03-22 17:23:03 | node_32 | INFO ] 🧩 Model added for round 145 (3/3) from ['node_31']
[ 2026-03-22 17:23:03 | node_34 | INFO ] 🧩 Model added for round 145 (2/3) from ['node_33']
[ 2026-03-22 17:23:03 | node_19 | INFO ] 🧩 Model added for round 145 (3/3) from ['node_20']
[ 2026-03-22 17:23:03 | node_3 | INFO ] 🧩 Model added for round 144 (2/3) from ['node_2']
[ 2026-03-22 17:23:03 | node_24 | INFO ] 🧩 Model added for round 145 (2/3) from ['node_23']
[ 2026-03-22 17:23:03 | node_27 | INFO ] 🧩 Model added for round 145 (3/3) from ['node_28']
[ 2026-03-22 17:23:03 | node_34 | INFO ] 🧩 Model added for round 145 (3/3) from ['node_35']
[ 2026-03-22 17:23:03 | node_1 | INFO ] 🧠 Aggregation complete. Setting new model.
[ 2026-03-22 17:23:03 | node_19 | INFO ] 🧠 Aggregation complete. Setting new model.
[ 2026-03-22 17:23:03 | node_22 | INFO ] 🧠 Aggregation complete. Setting new model.
[ 2026-03-22 17:23:03 | node_40 | INFO ] 📤 Sending model to 2 direct neighbors: ['node_39', 'node_41']
[ 2026-03-22 17:23:03 | node_6 | INFO ] 📤 Sending model to 2 direct neighbors: ['node_5', 'node_7']
[ 2026-03-22 17:23:04 | node_19 | INFO ] 🗣️ Gossiping aggregated model.
[ 2026-03-22 17:23:04 | node_1 | INFO ] 🗣️ Gossiping aggregated model.
[ 2026-03-22 17:23:04 | node_22 | INFO ] 🗣️ Gossiping aggregated model.
[ 2026-03-22 17:23:04 | node_10 | INFO ] 🎓 Training step done.
[ 2026-03-22 17:23:04 | node_39 | INFO ] 🧩 Model added for round 145 (3/3) from ['node_40']
[ 2026-03-22 17:23:04 | node_10 | INFO ] 🛠️ Calling force_add_local_model...
[ 2026-03-22 17:23:04 | node_5 | INFO ] 🧩 Model added for round 144 (2/3) from ['node_6']
[ 2026-03-22 17:23:04 | node_29 | INFO ] 🧩 Model added for round 145 (3/3) from ['node_28']
[ 2026-03-22 17:23:04 | node_32 | INFO ] 📤 Sending model to 2 direct neighbors: ['node_31', 'node_33']
[ 2026-03-22 17:23:04 | node_21 | INFO ] 🧩 Model added for round 145 (3/3) from ['node_20']
[ 2026-03-22 17:23:04 | node_10 | INFO ] ✅ [FORCE] Local model added for round 145. (1/3)
[ 2026-03-22 17:23:04 | node_41 | INFO ] 📤 Sending model to 2 direct neighbors: ['node_40', 'node_42']
[ 2026-03-22 17:23:04 | node_18 | INFO ] 🤫 Gossip finished.
[ 2026-03-22 17:23:04 | node | INFO ] 🤫 Gossip finished.
[ 2026-03-22 17:23:04 | node_44 | INFO ] 🤫 Gossip finished.
[ 2026-03-22 17:23:04 | node_18 | INFO ] 🔬 Evaluating...
[ 2026-03-22 17:23:04 | node | INFO ] 🔬 Evaluating...
[ 2026-03-22 17:23:04 | node_44 | INFO ] 🔬 Evaluating...
[ 2026-03-22 17:23:04 | node_42 | INFO ] 📤 Sending model to 2 direct neighbors: ['node_41', 'node_43']
[ 2026-03-22 17:23:04 | node_36 | INFO ] 🧩 Model added for round 145 (3/3) from ['node_35']
[ 2026-03-22 17:23:04 | node_39 | INFO ] 📤 Sending model to 2 direct neighbors: ['node_38', 'node_40']
[ 2026-03-22 17:23:04 | node_2 | INFO ] 🧠 Aggregation complete. Setting new model.
[ 2026-03-22 17:23:04 | node_7 | INFO ] 🧩 Model added for round 144 (3/3) from ['node_6']
[ 2026-03-22 17:23:04 | node_41 | INFO ] 🧩 Model added for round 145 (2/3) from ['node_40']
[ 2026-03-22 17:23:04 | node_27 | INFO ] 🧠 Aggregation complete. Setting new model.
[ 2026-03-22 17:23:04 | node_23 | INFO ] 🧠 Aggregation complete. Setting new model.
[ 2026-03-22 17:23:04 | node_21 | INFO ] 🧠 Aggregation complete. Setting new model.
[ 2026-03-22 17:23:04 | node_29 | INFO ] 🧠 Aggregation complete. Setting new model.
[ 2026-03-22 17:23:04 | node_28 | INFO ] 🧠 Aggregation complete. Setting new model.
[ 2026-03-22 17:23:04 | node_40 | INFO ] 🧩 Model added for round 145 (2/3) from ['node_41']
[ 2026-03-22 17:23:04 | node_36 | INFO ] 🧠 Aggregation complete. Setting new model.
[ 2026-03-22 17:23:04 | node_31 | INFO ] 🧩 Model added for round 145 (3/3) from ['node_32']
[ 2026-03-22 17:23:04 | node_20 | INFO ] 🧠 Aggregation complete. Setting new model.
[ 2026-03-22 17:23:04 | node_9 | INFO ] 📈 Evaluated. Results: {'test_loss': 0.0012224667007103562, 'test_accuracy': 0.99676114320755, 'test_precision': 0.46063879132270813, 'test_recall': 0.15236513316631317, 'test_f1': 0.221106618642807, 'communication_cost': 1457816}
[ 2026-03-22 17:23:05 | node_9 | INFO ] 📢 Broadcasting metrics.
[ 2026-03-22 17:23:05 | node_20 | INFO ] 🗣️ Gossiping aggregated model.
[ 2026-03-22 17:23:05 | node_20 | INFO ] 🤫 Gossip finished.
[ 2026-03-22 17:23:05 | node_29 | INFO ] 🗣️ Gossiping aggregated model.
[ 2026-03-22 17:23:05 | node_2 | INFO ] 🗣️ Gossiping aggregated model.
[ 2026-03-22 17:23:05 | node_29 | INFO ] 🤫 Gossip finished.
[ 2026-03-22 17:23:05 | node_20 | INFO ] 🔬 Evaluating...
[ 2026-03-22 17:23:05 | node_27 | INFO ] 🗣️ Gossiping aggregated model.
[ 2026-03-22 17:23:05 | node_23 | INFO ] 🗣️ Gossiping aggregated model.
[ 2026-03-22 17:23:05 | node_36 | INFO ] 🗣️ Gossiping aggregated model.
[ 2026-03-22 17:23:05 | node_21 | INFO ] 🗣️ Gossiping aggregated model.
[ 2026-03-22 17:23:05 | node_29 | INFO ] 🔬 Evaluating...
[ 2026-03-22 17:23:05 | node_28 | INFO ] 🗣️ Gossiping aggregated model.
[ 2026-03-22 17:23:05 | node_28 | INFO ] 🤫 Gossip finished.
[ 2026-03-22 17:23:05 | node_21 | INFO ] 🤫 Gossip finished.
[ 2026-03-22 17:23:05 | node_21 | INFO ] 🔬 Evaluating...
[ 2026-03-22 17:23:05 | node_28 | INFO ] 🔬 Evaluating...
[ 2026-03-22 17:23:05 | node_41 | INFO ] 🧩 Model added for round 145 (3/3) from ['node_42']
[ 2026-03-22 17:23:05 | node_42 | INFO ] 🧩 Model added for round 145 (2/3) from ['node_41']
[ 2026-03-22 17:23:05 | node_38 | INFO ] 🧩 Model added for round 145 (3/3) from ['node_39']
[ 2026-03-22 17:23:05 | node_33 | INFO ] 🧩 Model added for round 145 (2/3) from ['node_32']
[ 2026-03-22 17:23:05 | node_7 | INFO ] 🧠 Aggregation complete. Setting new model.
[ 2026-03-22 17:23:05 | node_6 | INFO ] 🧠 Aggregation complete. Setting new model.
[ 2026-03-22 17:23:05 | node_31 | INFO ] 🧠 Aggregation complete. Setting new model.
[ 2026-03-22 17:23:05 | node_38 | INFO ] 🧠 Aggregation complete. Setting new model.
[ 2026-03-22 17:23:05 | node_25 | INFO ] 📤 Sending model to 2 direct neighbors: ['node_24', 'node_26']
[ 2026-03-22 17:23:05 | node_31 | INFO ] 🗣️ Gossiping aggregated model.
[ 2026-03-22 17:23:05 | node_7 | INFO ] 🗣️ Gossiping aggregated model.
[ 2026-03-22 17:23:05 | node_7 | INFO ] 🤫 Gossip finished.
[ 2026-03-22 17:23:05 | node_6 | INFO ] 🗣️ Gossiping aggregated model.
[ 2026-03-22 17:23:05 | node_38 | INFO ] 🗣️ Gossiping aggregated model.
[ 2026-03-22 17:23:05 | node_7 | INFO ] 🔬 Evaluating...
[ 2026-03-22 17:23:05 | node_9 | INFO ] 🎉 Round 145 of 150 finished.
[ 2026-03-22 17:23:05 | node_24 | INFO ] 🧩 Model added for round 145 (3/3) from ['node_25']
[ 2026-03-22 17:23:06 | node_40 | INFO ] 🧩 Model added for round 145 (3/3) from ['node_39']
[ 2026-03-22 17:23:06 | node_43 | INFO ] 🧩 Model added for round 145 (2/3) from ['node_42']
[ 2026-03-22 17:23:06 | node_41 | INFO ] 🧠 Aggregation complete. Setting new model.
[ 2026-03-22 17:23:06 | node_32 | INFO ] 🧠 Aggregation complete. Setting new model.
[ 2026-03-22 17:23:06 | node_9 | INFO ] 🗳️ [DETERMINISTIC] Train set assigned (No Voting). Size: 50
[ 2026-03-22 17:23:06 | node_24 | INFO ] 🧠 Aggregation complete. Setting new model.
[ 2026-03-22 17:23:06 | node_9 | INFO ] 🏋️‍♀️ Preparing training...
[ 2026-03-22 17:23:06 | node_15 | INFO ] 🎓 Training step done.
[ 2026-03-22 17:23:06 | node_40 | INFO ] 🧠 Aggregation complete. Setting new model.
[ 2026-03-22 17:23:06 | node_32 | INFO ] 🗣️ Gossiping aggregated model.
[ 2026-03-22 17:23:06 | node_15 | INFO ] 🛠️ Calling force_add_local_model...
[ 2026-03-22 17:23:06 | node_47 | INFO ] 📤 Sending model to 2 direct neighbors: ['node_46', 'node_48']
[ 2026-03-22 17:23:06 | node_41 | INFO ] 🗣️ Gossiping aggregated model.
[ 2026-03-22 17:23:06 | node_15 | INFO ] ✅ [FORCE] Local model added for round 146. (1/3)
[ 2026-03-22 17:23:06 | node_24 | INFO ] 🗣️ Gossiping aggregated model.
[ 2026-03-22 17:23:06 | node_40 | INFO ] 🗣️ Gossiping aggregated model.
[ 2026-03-22 17:23:06 | node_46 | INFO ] 🧩 Model added for round 144 (3/3) from ['node_47']
[ 2026-03-22 17:23:06 | node_26 | INFO ] 🧩 Model added for round 145 (3/3) from ['node_25']
[ 2026-03-22 17:23:06 | node_46 | INFO ] 🧠 Aggregation complete. Setting new model.
[ 2026-03-22 17:23:06 | node_39 | INFO ] 🧠 Aggregation complete. Setting new model.
[ 2026-03-22 17:23:06 | node_1 | INFO ] 🤫 Gossip finished.
[ 2026-03-22 17:23:06 | node_26 | INFO ] 🧠 Aggregation complete. Setting new model.
[ 2026-03-22 17:23:06 | node_8 | INFO ] 🤫 Gossip finished.
[ 2026-03-22 17:23:06 | node_1 | INFO ] 🔬 Evaluating...
[ 2026-03-22 17:23:06 | node_44 | INFO ] 📈 Evaluated. Results: {'test_loss': 0.0011399337090551853, 'test_accuracy': 0.9975706338882446, 'test_precision': 1.0, 'test_recall': 0.31495070457458496, 'test_f1': 0.46671125292778015, 'communication_cost': 1457816}
[ 2026-03-22 17:23:06 | node_37 | INFO ] 🤫 Gossip finished.
[ 2026-03-22 17:23:06 | node | INFO ] 📈 Evaluated. Results: {'test_loss': 0.0013905205996707082, 'test_accuracy': 0.9966711401939392, 'test_precision': 0.8771629929542542, 'test_recall': 0.2683320939540863, 'test_f1': 0.4052952229976654, 'communication_cost': 1457816}
[ 2026-03-22 17:23:06 | node_8 | INFO ] 🔬 Evaluating...
[ 2026-03-22 17:23:06 | node_18 | INFO ] 📈 Evaluated. Results: {'test_loss': 0.001246378174982965, 'test_accuracy': 0.997031033039093, 'test_precision': 1.0, 'test_recall': 0.2197423279285431, 'test_f1': 0.33581677079200745, 'communication_cost': 1457816}
[ 2026-03-22 17:23:06 | node_28 | INFO ] 📈 Evaluated. Results: {'test_loss': 0.0010262358700856566, 'test_accuracy': 0.9969407916069031, 'test_precision': 0.7831563949584961, 'test_recall': 0.3258664608001709, 'test_f1': 0.4513833820819855, 'communication_cost': 1457816}
[ 2026-03-22 17:23:06 | node_29 | INFO ] 📈 Evaluated. Results: {'test_loss': 0.0012816897360607982, 'test_accuracy': 0.9964009523391724, 'test_precision': 0.7678003311157227, 'test_recall': 0.33104321360588074, 'test_f1': 0.44304049015045166, 'communication_cost': 1457816}
[ 2026-03-22 17:23:06 | node_37 | INFO ] 🔬 Evaluating...
[ 2026-03-22 17:23:06 | node_39 | INFO ] 🗣️ Gossiping aggregated model.
[ 2026-03-22 17:23:06 | node_19 | INFO ] 🤫 Gossip finished.
[ 2026-03-22 17:23:06 | node_39 | INFO ] 🤫 Gossip finished.
[ 2026-03-22 17:23:06 | node_43 | INFO ] 📤 Sending model to 2 direct neighbors: ['node_42', 'node_44']
[ 2026-03-22 17:23:06 | node_26 | INFO ] 🗣️ Gossiping aggregated model.
[ 2026-03-22 17:23:06 | node_46 | INFO ] 🗣️ Gossiping aggregated model.
[ 2026-03-22 17:23:06 | node_44 | INFO ] 📢 Broadcasting metrics.
[ 2026-03-22 17:23:06 | node_19 | INFO ] 🔬 Evaluating...
[ 2026-03-22 17:23:06 | node_39 | INFO ] 🔬 Evaluating...
[ 2026-03-22 17:23:07 | node | INFO ] 📢 Broadcasting metrics.
[ 2026-03-22 17:23:07 | node_28 | INFO ] 📢 Broadcasting metrics.
[ 2026-03-22 17:23:07 | node_21 | INFO ] 📈 Evaluated. Results: {'test_loss': 0.0012865045573562384, 'test_accuracy': 0.9962210059165955, 'test_precision': 0.921360433101654, 'test_recall': 0.16277368366718292, 'test_f1': 0.2740457057952881, 'communication_cost': 1457816}
[ 2026-03-22 17:23:07 | node_18 | INFO ] 📢 Broadcasting metrics.
[ 2026-03-22 17:23:07 | node_27 | INFO ] 🤫 Gossip finished.
[ 2026-03-22 17:23:07 | node_29 | INFO ] 📢 Broadcasting metrics.
[ 2026-03-22 17:23:07 | node_20 | INFO ] 📈 Evaluated. Results: {'test_loss': 0.0011042363476008177, 'test_accuracy': 0.9973006844520569, 'test_precision': 0.8157278895378113, 'test_recall': 0.28342047333717346, 'test_f1': 0.39474719762802124, 'communication_cost': 1457816}
[ 2026-03-22 17:23:07 | node_21 | INFO ] 📢 Broadcasting metrics.
[ 2026-03-22 17:23:07 | node_20 | INFO ] 📢 Broadcasting metrics.
[ 2026-03-22 17:23:07 | node_27 | INFO ] 🔬 Evaluating...
[ 2026-03-22 17:23:07 | node_45 | INFO ] 🤫 Gossip finished.
[ 2026-03-22 17:23:07 | node_48 | INFO ] 🧩 Model added for round 144 (3/3) from ['node_47']
[ 2026-03-22 17:23:07 | node_16 | INFO ] 📤 Sending model to 2 direct neighbors: ['node_15', 'node_17']
[ 2026-03-22 17:23:07 | node_44 | INFO ] 🎉 Round 145 of 150 finished.
[ 2026-03-22 17:23:07 | node_45 | INFO ] 🔬 Evaluating...
[ 2026-03-22 17:23:07 | node_17 | INFO ] 📤 Sending model to 2 direct neighbors: ['node_16', 'node_18']
[ 2026-03-22 17:23:07 | node_7 | INFO ] 📈 Evaluated. Results: {'test_loss': 0.0013262478169053793, 'test_accuracy': 0.9966711401939392, 'test_precision': 0.6448943018913269, 'test_recall': 0.16378267109394073, 'test_f1': 0.2546076476573944, 'communication_cost': 1457816}
[ 2026-03-22 17:23:07 | node_44 | INFO ] 🗳️ [DETERMINISTIC] Train set assigned (No Voting). Size: 50
[ 2026-03-22 17:23:07 | node_23 | INFO ] 🤫 Gossip finished.
[ 2026-03-22 17:23:07 | node_23 | INFO ] 🔬 Evaluating...
[ 2026-03-22 17:23:07 | node_44 | INFO ] 🏋️‍♀️ Preparing training...
[ 2026-03-22 17:23:07 | node_7 | INFO ] 📢 Broadcasting metrics.
[ 2026-03-22 17:23:07 | node_11 | INFO ] 📤 Sending model to 2 direct neighbors: ['node_10', 'node_12']
[ 2026-03-22 17:23:07 | node | INFO ] 🎉 Round 145 of 150 finished.
[ 2026-03-22 17:23:07 | node_42 | INFO ] 🧩 Model added for round 145 (3/3) from ['node_43']
[ 2026-03-22 17:23:07 | node_25 | INFO ] 🧠 Aggregation complete. Setting new model.
[ 2026-03-22 17:23:07 | node_48 | INFO ] 🧠 Aggregation complete. Setting new model.
[ 2026-03-22 17:23:07 | node_47 | INFO ] 🧠 Aggregation complete. Setting new model.
[ 2026-03-22 17:23:07 | node_31 | INFO ] 🤫 Gossip finished.
[ 2026-03-22 17:23:07 | node_22 | INFO ] 🤫 Gossip finished.
[ 2026-03-22 17:23:07 | node_30 | INFO ] 🤫 Gossip finished.
[ 2026-03-22 17:23:07 | node | INFO ] 🗳️ [DETERMINISTIC] Train set assigned (No Voting). Size: 50
[ 2026-03-22 17:23:07 | node_30 | INFO ] 🔬 Evaluating...
[ 2026-03-22 17:23:07 | node_31 | INFO ] 🔬 Evaluating...
[ 2026-03-22 17:23:07 | node_28 | INFO ] 🎉 Round 146 of 150 finished.
[ 2026-03-22 17:23:07 | node_22 | INFO ] 🔬 Evaluating...
[ 2026-03-22 17:23:07 | node_38 | INFO ] 🤫 Gossip finished.
[ 2026-03-22 17:23:07 | node_25 | INFO ] 🗣️ Gossiping aggregated model.
[ 2026-03-22 17:23:07 | node_40 | INFO ] 🤫 Gossip finished.
[ 2026-03-22 17:23:07 | node | INFO ] 🏋️‍♀️ Preparing training...
[ 2026-03-22 17:23:07 | node_38 | INFO ] 🔬 Evaluating...
[ 2026-03-22 17:23:07 | node_28 | INFO ] 🗳️ [DETERMINISTIC] Train set assigned (No Voting). Size: 50
[ 2026-03-22 17:23:07 | node_25 | INFO ] 🤫 Gossip finished.
[ 2026-03-22 17:23:07 | node_48 | INFO ] 🗣️ Gossiping aggregated model.
[ 2026-03-22 17:23:08 | node_40 | INFO ] 🔬 Evaluating...
[ 2026-03-22 17:23:08 | node_47 | INFO ] 🗣️ Gossiping aggregated model.
[ 2026-03-22 17:23:08 | node_25 | INFO ] 🔬 Evaluating...
[ 2026-03-22 17:23:08 | node_28 | INFO ] 🏋️‍♀️ Preparing training...
[ 2026-03-22 17:23:08 | node_18 | INFO ] 🎉 Round 146 of 150 finished.
[ 2026-03-22 17:23:08 | node_18 | INFO ] 🗳️ [DETERMINISTIC] Train set assigned (No Voting). Size: 50
[ 2026-03-22 17:23:08 | node_20 | INFO ] 🎉 Round 146 of 150 finished.
[ 2026-03-22 17:23:08 | node_48 | INFO ] 🤫 Gossip finished.
[ 2026-03-22 17:23:08 | node_15 | INFO ] 🧩 Model added for round 146 (2/3) from ['node_16']
[ 2026-03-22 17:23:08 | node_29 | INFO ] 🎉 Round 146 of 150 finished.
[ 2026-03-22 17:23:08 | node_16 | INFO ] 🧩 Model added for round 146 (2/3) from ['node_17']
[ 2026-03-22 17:23:08 | node_10 | INFO ] 🧩 Model added for round 145 (2/3) from ['node_11']
[ 2026-03-22 17:23:08 | node_1 | INFO ] 📈 Evaluated. Results: {'test_loss': 0.0013534340541809797, 'test_accuracy': 0.9971210360527039, 'test_precision': 0.5834757685661316, 'test_recall': 0.18016095459461212, 'test_f1': 0.2689386010169983, 'communication_cost': 1457816}
[ 2026-03-22 17:23:08 | node_20 | INFO ] 🗳️ [DETERMINISTIC] Train set assigned (No Voting). Size: 50
[ 2026-03-22 17:23:08 | node_44 | INFO ] 🧩 Model added for round 145 (1/3) from ['node_43']
[ 2026-03-22 17:23:08 | node_48 | INFO ] 🔬 Evaluating...
[ 2026-03-22 17:23:08 | node_18 | INFO ] 🏋️‍♀️ Preparing training...
[ 2026-03-22 17:23:08 | node_49 | INFO ] 🤫 Gossip finished.
[ 2026-03-22 17:23:08 | node_42 | INFO ] 🧠 Aggregation complete. Setting new model.
[ 2026-03-22 17:23:08 | node_4 | INFO ] 📤 Sending model to 2 direct neighbors: ['node_3', 'node_5']
[ 2026-03-22 17:23:08 | node_1 | INFO ] 📢 Broadcasting metrics.
[ 2026-03-22 17:23:08 | node_24 | INFO ] 🤫 Gossip finished.
[ 2026-03-22 17:23:08 | node_26 | INFO ] 🤫 Gossip finished.
[ 2026-03-22 17:23:08 | node_29 | INFO ] 🗳️ [DETERMINISTIC] Train set assigned (No Voting). Size: 50
[ 2026-03-22 17:23:08 | node_12 | INFO ] 📤 Sending model to 2 direct neighbors: ['node_11', 'node_13']
[ 2026-03-22 17:23:08 | node_34 | INFO ] 📤 Sending model to 2 direct neighbors: ['node_33', 'node_35']
[ 2026-03-22 17:23:08 | node_49 | INFO ] 🔬 Evaluating...
[ 2026-03-22 17:23:08 | node_21 | INFO ] 🎉 Round 146 of 150 finished.
[ 2026-03-22 17:23:08 | node_24 | INFO ] 🔬 Evaluating...
[ 2026-03-22 17:23:08 | node_26 | INFO ] 🔬 Evaluating...
[ 2026-03-22 17:23:08 | node_20 | INFO ] 🏋️‍♀️ Preparing training...
[ 2026-03-22 17:23:08 | node_29 | INFO ] 🏋️‍♀️ Preparing training...
[ 2026-03-22 17:23:08 | node_21 | INFO ] 🗳️ [DETERMINISTIC] Train set assigned (No Voting). Size: 50
[ 2026-03-22 17:23:08 | node_3 | INFO ] 🧩 Model added for round 144 (3/3) from ['node_4']
[ 2026-03-22 17:23:08 | node_42 | INFO ] 🗣️ Gossiping aggregated model.
[ 2026-03-22 17:23:08 | node_21 | INFO ] 🏋️‍♀️ Preparing training...
[ 2026-03-22 17:23:08 | node_7 | INFO ] 🎉 Round 145 of 150 finished.
[ 2026-03-22 17:23:08 | node_7 | INFO ] 🗳️ [DETERMINISTIC] Train set assigned (No Voting). Size: 50
[ 2026-03-22 17:23:08 | node_7 | INFO ] 🏋️‍♀️ Preparing training...
[ 2026-03-22 17:23:08 | node_1 | INFO ] 🎉 Round 145 of 150 finished.
[ 2026-03-22 17:23:08 | node_1 | INFO ] 🗳️ [DETERMINISTIC] Train set assigned (No Voting). Size: 50
[ 2026-03-22 17:23:08 | node_12 | INFO ] 🧩 Model added for round 145 (3/3) from ['node_11']
[ 2026-03-22 17:23:09 | node_11 | INFO ] 🧩 Model added for round 145 (2/3) from ['node_12']
[ 2026-03-22 17:23:09 | node_17 | INFO ] 🧩 Model added for round 146 (2/3) from ['node_16']
[ 2026-03-22 17:23:09 | node_18 | INFO ] 🧩 Model added for round 146 (1/3) from ['node_17']
[ 2026-03-22 17:23:09 | node_33 | INFO ] 🧩 Model added for round 145 (3/3) from ['node_34']
[ 2026-03-22 17:23:09 | node_5 | INFO ] 🧩 Model added for round 144 (3/3) from ['node_4']
[ 2026-03-22 17:23:09 | node_3 | INFO ] 🧠 Aggregation complete. Setting new model.
[ 2026-03-22 17:23:09 | node_33 | INFO ] 🧠 Aggregation complete. Setting new model.
[ 2026-03-22 17:23:09 | node_5 | INFO ] 🧠 Aggregation complete. Setting new model.
[ 2026-03-22 17:23:09 | node_1 | INFO ] 🏋️‍♀️ Preparing training...
[ 2026-03-22 17:23:09 | node_10 | INFO ] 📤 Sending model to 2 direct neighbors: ['node_9', 'node_11']
[ 2026-03-22 17:23:09 | node_41 | INFO ] 🤫 Gossip finished.
[ 2026-03-22 17:23:09 | node_41 | INFO ] 🔬 Evaluating...
[ 2026-03-22 17:23:09 | node_46 | INFO ] 🤫 Gossip finished.
[ 2026-03-22 17:23:09 | node_39 | INFO ] 📈 Evaluated. Results: {'test_loss': 0.0010475097224116325, 'test_accuracy': 0.9973906874656677, 'test_precision': 0.5491392612457275, 'test_recall': 0.3332776427268982, 'test_f1': 0.40786394476890564, 'communication_cost': 1457816}
[ 2026-03-22 17:23:09 | node_4 | INFO ] 🧠 Aggregation complete. Setting new model.
[ 2026-03-22 17:23:09 | node_3 | INFO ] 🗣️ Gossiping aggregated model.
[ 2026-03-22 17:23:09 | node_39 | INFO ] 📢 Broadcasting metrics.
[ 2026-03-22 17:23:09 | node_9 | INFO ] 🧩 Model added for round 145 (1/3) from ['node_10']
[ 2026-03-22 17:23:09 | node_46 | INFO ] 🔬 Evaluating...
[ 2026-03-22 17:23:09 | node_5 | INFO ] 🗣️ Gossiping aggregated model.
[ 2026-03-22 17:23:09 | node_33 | INFO ] 🗣️ Gossiping aggregated model.
[ 2026-03-22 17:23:09 | node_13 | INFO ] 🧩 Model added for round 145 (3/3) from ['node_12']
[ 2026-03-22 17:23:09 | node_32 | INFO ] 🤫 Gossip finished.
[ 2026-03-22 17:23:10 | node_35 | INFO ] 🧩 Model added for round 145 (3/3) from ['node_34']
[ 2026-03-22 17:23:10 | node_13 | INFO ] 🧠 Aggregation complete. Setting new model.
[ 2026-03-22 17:23:10 | node_2 | INFO ] 🤫 Gossip finished.
[ 2026-03-22 17:23:10 | node_35 | INFO ] 🧠 Aggregation complete. Setting new model.
[ 2026-03-22 17:23:10 | node_32 | INFO ] 🔬 Evaluating...
[ 2026-03-22 17:23:10 | node_4 | INFO ] 🗣️ Gossiping aggregated model.
[ 2026-03-22 17:23:10 | node_2 | INFO ] 🔬 Evaluating...
[ 2026-03-22 17:23:10 | node_4 | INFO ] 🤫 Gossip finished.
[ 2026-03-22 17:23:10 | node_4 | INFO ] 🔬 Evaluating...
[ 2026-03-22 17:23:10 | node_34 | INFO ] 🧠 Aggregation complete. Setting new model.
[ 2026-03-22 17:23:10 | node_13 | INFO ] 🗣️ Gossiping aggregated model.
[ 2026-03-22 17:23:10 | node_12 | INFO ] 🧠 Aggregation complete. Setting new model.
[ 2026-03-22 17:23:10 | node_37 | INFO ] 📈 Evaluated. Results: {'test_loss': 0.0010653890203684568, 'test_accuracy': 0.9970307946205139, 'test_precision': 0.752444326877594, 'test_recall': 0.3531881868839264, 'test_f1': 0.4711502492427826, 'communication_cost': 1457816}
[ 2026-03-22 17:23:10 | node_11 | INFO ] 🧩 Model added for round 145 (3/3) from ['node_10']
[ 2026-03-22 17:23:10 | node_35 | INFO ] 🗣️ Gossiping aggregated model.
[ 2026-03-22 17:23:10 | node_37 | INFO ] 📢 Broadcasting metrics.
[ 2026-03-22 17:23:10 | node_11 | INFO ] 🧠 Aggregation complete. Setting new model.
[ 2026-03-22 17:23:11 | node_34 | INFO ] 🗣️ Gossiping aggregated model.
[ 2026-03-22 17:23:11 | node_12 | INFO ] 🗣️ Gossiping aggregated model.
[ 2026-03-22 17:23:11 | node_34 | INFO ] 🤫 Gossip finished.
[ 2026-03-22 17:23:11 | node_12 | INFO ] 🤫 Gossip finished.
[ 2026-03-22 17:23:11 | node_8 | INFO ] 📈 Evaluated. Results: {'test_loss': 0.0014191902009770274, 'test_accuracy': 0.9955015778541565, 'test_precision': 0.5527665615081787, 'test_recall': 0.10146427154541016, 'test_f1': 0.16787724196910858, 'communication_cost': 1457816}
[ 2026-03-22 17:23:11 | node_19 | INFO ] 📈 Evaluated. Results: {'test_loss': 0.0011562887812033296, 'test_accuracy': 0.9973006844520569, 'test_precision': 0.8157278895378113, 'test_recall': 0.2963276505470276, 'test_f1': 0.4258252680301666, 'communication_cost': 1457816}
[ 2026-03-22 17:23:11 | node_39 | INFO ] 🎉 Round 146 of 150 finished.
[ 2026-03-22 17:23:11 | node_34 | INFO ] 🔬 Evaluating...
[ 2026-03-22 17:23:11 | node_12 | INFO ] 🔬 Evaluating...
[ 2026-03-22 17:23:11 | node_11 | INFO ] 🗣️ Gossiping aggregated model.
[ 2026-03-22 17:23:11 | node_19 | INFO ] 📢 Broadcasting metrics.
[ 2026-03-22 17:23:11 | node_8 | INFO ] 📢 Broadcasting metrics.
[ 2026-03-22 17:23:11 | node_6 | INFO ] 🤫 Gossip finished.
[ 2026-03-22 17:23:11 | node_15 | INFO ] 📤 Sending model to 2 direct neighbors: ['node_14', 'node_16']
[ 2026-03-22 17:23:11 | node_39 | INFO ] 🗳️ [DETERMINISTIC] Train set assigned (No Voting). Size: 50
[ 2026-03-22 17:23:11 | node_6 | INFO ] 🔬 Evaluating...
[ 2026-03-22 17:23:11 | node_39 | INFO ] 🏋️‍♀️ Preparing training...
[ 2026-03-22 17:23:11 | node_38 | INFO ] 📈 Evaluated. Results: {'test_loss': 0.0011437076609581709, 'test_accuracy': 0.9973906874656677, 'test_precision': 0.9170776009559631, 'test_recall': 0.4091441035270691, 'test_f1': 0.5586286187171936, 'communication_cost': 1457816}
[ 2026-03-22 17:23:11 | node_25 | INFO ] 📈 Evaluated. Results: {'test_loss': 0.0011910366592928767, 'test_accuracy': 0.9972107410430908, 'test_precision': 0.5528162717819214, 'test_recall': 0.16189619898796082, 'test_f1': 0.2492060661315918, 'communication_cost': 1457816}
[ 2026-03-22 17:23:11 | node_38 | INFO ] 📢 Broadcasting metrics.
[ 2026-03-22 17:23:11 | node_25 | INFO ] 📢 Broadcasting metrics.
[ 2026-03-22 17:23:11 | node_30 | INFO ] 📈 Evaluated. Results: {'test_loss': 0.0011366185499355197, 'test_accuracy': 0.9972107410430908, 'test_precision': 0.8292244076728821, 'test_recall': 0.3062426447868347, 'test_f1': 0.4459323287010193, 'communication_cost': 1457816}
[ 2026-03-22 17:23:11 | node_22 | INFO ] 📈 Evaluated. Results: {'test_loss': 0.0013072998262941837, 'test_accuracy': 0.9970307946205139, 'test_precision': 0.7764081358909607, 'test_recall': 0.188126802444458, 'test_f1': 0.2737548351287842, 'communication_cost': 1457816}
[ 2026-03-22 17:23:11 | node_5 | INFO ] 🤫 Gossip finished.
[ 2026-03-22 17:23:11 | node_30 | INFO ] 📢 Broadcasting metrics.
[ 2026-03-22 17:23:11 | node_14 | INFO ] 🤫 Gossip finished.
[ 2026-03-22 17:23:11 | node_45 | INFO ] 📈 Evaluated. Results: {'test_loss': 0.0011666392674669623, 'test_accuracy': 0.9973006844520569, 'test_precision': 0.7456960678100586, 'test_recall': 0.33622974157333374, 'test_f1': 0.43947380781173706, 'communication_cost': 1457816}
[ 2026-03-22 17:23:11 | node_22 | INFO ] 📢 Broadcasting metrics.
[ 2026-03-22 17:23:11 | node_49 | INFO ] 📈 Evaluated. Results: {'test_loss': 0.0014956280356273055, 'test_accuracy': 0.996850848197937, 'test_precision': 0.6756643652915955, 'test_recall': 0.1665894091129303, 'test_f1': 0.26442399621009827, 'communication_cost': 1457816}
[ 2026-03-22 17:23:11 | node_5 | INFO ] 🔬 Evaluating...
[ 2026-03-22 17:23:11 | node_37 | INFO ] 🎉 Round 146 of 150 finished.
[ 2026-03-22 17:23:11 | node_45 | INFO ] 📢 Broadcasting metrics.
[ 2026-03-22 17:23:11 | node_14 | INFO ] 🔬 Evaluating...
[ 2026-03-22 17:23:11 | node_37 | INFO ] 🗳️ [DETERMINISTIC] Train set assigned (No Voting). Size: 50
[ 2026-03-22 17:23:11 | node_40 | INFO ] 📈 Evaluated. Results: {'test_loss': 0.001363134477287531, 'test_accuracy': 0.9965808987617493, 'test_precision': 0.692879855632782, 'test_recall': 0.24683482944965363, 'test_f1': 0.34336963295936584, 'communication_cost': 1457816}
[ 2026-03-22 17:23:12 | node_16 | INFO ] 🧩 Model added for round 146 (3/3) from ['node_15']
[ 2026-03-22 17:23:12 | node_37 | INFO ] 🏋️‍♀️ Preparing training...
[ 2026-03-22 17:23:12 | node_49 | INFO ] 📢 Broadcasting metrics.
[ 2026-03-22 17:23:12 | node_40 | INFO ] 📢 Broadcasting metrics.
[ 2026-03-22 17:23:12 | node_3 | INFO ] 🤫 Gossip finished.
[ 2026-03-22 17:23:12 | node_16 | INFO ] 🧠 Aggregation complete. Setting new model.
[ 2026-03-22 17:23:12 | node_33 | INFO ] 🤫 Gossip finished.
[ 2026-03-22 17:23:12 | node_3 | INFO ] 🔬 Evaluating...
[ 2026-03-22 17:23:12 | node_33 | INFO ] 🔬 Evaluating...
[ 2026-03-22 17:23:12 | node_19 | INFO ] 🎉 Round 146 of 150 finished.
[ 2026-03-22 17:23:12 | node_35 | INFO ] 🤫 Gossip finished.
[ 2026-03-22 17:23:12 | node_13 | INFO ] 🤫 Gossip finished.
[ 2026-03-22 17:23:12 | node_8 | INFO ] 🎉 Round 145 of 150 finished.
[ 2026-03-22 17:23:12 | node_19 | INFO ] 🗳️ [DETERMINISTIC] Train set assigned (No Voting). Size: 50
[ 2026-03-22 17:23:12 | node_35 | INFO ] 🔬 Evaluating...
[ 2026-03-22 17:23:12 | node_13 | INFO ] 🔬 Evaluating...
[ 2026-03-22 17:23:12 | node_16 | INFO ] 🗣️ Gossiping aggregated model.
[ 2026-03-22 17:23:12 | node_9 | INFO ] 🎓 Training step done.
[ 2026-03-22 17:23:12 | node_8 | INFO ] 🗳️ [DETERMINISTIC] Train set assigned (No Voting). Size: 50
[ 2026-03-22 17:23:12 | node_9 | INFO ] 🛠️ Calling force_add_local_model...
[ 2026-03-22 17:23:12 | node_19 | INFO ] 🏋️‍♀️ Preparing training...
[ 2026-03-22 17:23:12 | node_23 | INFO ] 📈 Evaluated. Results: {'test_loss': 0.0013836967991665006, 'test_accuracy': 0.9965808987617493, 'test_precision': 0.8157278895378113, 'test_recall': 0.22660906612873077, 'test_f1': 0.3442707061767578, 'communication_cost': 1457816}
[ 2026-03-22 17:23:12 | node_25 | INFO ] 🎉 Round 146 of 150 finished.
[ 2026-03-22 17:23:12 | node_9 | INFO ] ✅ [FORCE] Local model added for round 145. (2/3)
[ 2026-03-22 17:23:12 | node_8 | INFO ] 🏋️‍♀️ Preparing training...
[ 2026-03-22 17:23:12 | node_23 | INFO ] 📢 Broadcasting metrics.
[ 2026-03-22 17:23:12 | node_38 | INFO ] 🎉 Round 146 of 150 finished.
[ 2026-03-22 17:23:12 | node_25 | INFO ] 🗳️ [DETERMINISTIC] Train set assigned (No Voting). Size: 50
[ 2026-03-22 17:23:12 | node_30 | INFO ] 🎉 Round 146 of 150 finished.
[ 2026-03-22 17:23:12 | node_22 | INFO ] 🎉 Round 146 of 150 finished.
[ 2026-03-22 17:23:12 | node_38 | INFO ] 🗳️ [DETERMINISTIC] Train set assigned (No Voting). Size: 50
[ 2026-03-22 17:23:12 | node_25 | INFO ] 🏋️‍♀️ Preparing training...
[ 2026-03-22 17:23:12 | node_22 | INFO ] 🗳️ [DETERMINISTIC] Train set assigned (No Voting). Size: 50
[ 2026-03-22 17:23:12 | node_45 | INFO ] 🎉 Round 145 of 150 finished.
[ 2026-03-22 17:23:12 | node_38 | INFO ] 🏋️‍♀️ Preparing training...
[ 2026-03-22 17:23:12 | node_30 | INFO ] 🗳️ [DETERMINISTIC] Train set assigned (No Voting). Size: 50
[ 2026-03-22 17:23:12 | node_27 | INFO ] 📈 Evaluated. Results: {'test_loss': 0.0013610352762043476, 'test_accuracy': 0.9965808987617493, 'test_precision': 0.6314558386802673, 'test_recall': 0.13406187295913696, 'test_f1': 0.21629418432712555, 'communication_cost': 1457816}
[ 2026-03-22 17:23:12 | node_45 | INFO ] 🗳️ [DETERMINISTIC] Train set assigned (No Voting). Size: 50
[ 2026-03-22 17:23:12 | node_22 | INFO ] 🏋️‍♀️ Preparing training...
[ 2026-03-22 17:23:13 | node_27 | INFO ] 📢 Broadcasting metrics.
[ 2026-03-22 17:23:13 | node_49 | INFO ] 🎉 Round 145 of 150 finished.
[ 2026-03-22 17:23:13 | node_40 | INFO ] 🎉 Round 146 of 150 finished.
[ 2026-03-22 17:23:13 | node_30 | INFO ] 🏋️‍♀️ Preparing training...
[ 2026-03-22 17:23:13 | node_45 | INFO ] 🏋️‍♀️ Preparing training...
[ 2026-03-22 17:23:13 | node_49 | INFO ] 🗳️ [DETERMINISTIC] Train set assigned (No Voting). Size: 50
[ 2026-03-22 17:23:13 | node_40 | INFO ] 🗳️ [DETERMINISTIC] Train set assigned (No Voting). Size: 50
[ 2026-03-22 17:23:13 | node_49 | INFO ] 🏋️‍♀️ Preparing training...
[ 2026-03-22 17:23:13 | node_40 | INFO ] 🏋️‍♀️ Preparing training...
[ 2026-03-22 17:23:13 | node_31 | INFO ] 📈 Evaluated. Results: {'test_loss': 0.0010155709460377693, 'test_accuracy': 0.9976606369018555, 'test_precision': 0.8157278895378113, 'test_recall': 0.25030919909477234, 'test_f1': 0.3730227053165436, 'communication_cost': 1457816}
[ 2026-03-22 17:23:13 | node_23 | INFO ] 🎉 Round 146 of 150 finished.
[ 2026-03-22 17:23:13 | node_31 | INFO ] 📢 Broadcasting metrics.
[ 2026-03-22 17:23:13 | node_4 | INFO ] 📈 Evaluated. Results: {'test_loss': 0.0012977003352716565, 'test_accuracy': 0.9966711401939392, 'test_precision': 0.9692906737327576, 'test_recall': 0.32063087821006775, 'test_f1': 0.4747413098812103, 'communication_cost': 1457816}
[ 2026-03-22 17:23:13 | node_23 | INFO ] 🗳️ [DETERMINISTIC] Train set assigned (No Voting). Size: 50
[ 2026-03-22 17:23:13 | node_4 | INFO ] 📢 Broadcasting metrics.
[ 2026-03-22 17:23:13 | node_23 | INFO ] 🏋️‍♀️ Preparing training...
[ 2026-03-22 17:23:13 | node_12 | INFO ] 📈 Evaluated. Results: {'test_loss': 0.0011925355065613985, 'test_accuracy': 0.996941089630127, 'test_precision': 0.5159153938293457, 'test_recall': 0.12539611756801605, 'test_f1': 0.1946561485528946, 'communication_cost': 1457816}
[ 2026-03-22 17:23:14 | node_12 | INFO ] 📢 Broadcasting metrics.
[ 2026-03-22 17:23:14 | node_27 | INFO ] 🎉 Round 146 of 150 finished.
[ 2026-03-22 17:23:14 | node_24 | INFO ] 📈 Evaluated. Results: {'test_loss': 0.00095582619542256, 'test_accuracy': 0.9973006844520569, 'test_precision': 0.8157278895378113, 'test_recall': 0.2491852194070816, 'test_f1': 0.3774152994155884, 'communication_cost': 1457816}
[ 2026-03-22 17:23:14 | node_27 | INFO ] 🗳️ [DETERMINISTIC] Train set assigned (No Voting). Size: 50
[ 2026-03-22 17:23:14 | node_24 | INFO ] 📢 Broadcasting metrics.
[ 2026-03-22 17:23:14 | node_27 | INFO ] 🏋️‍♀️ Preparing training...
[ 2026-03-22 17:23:14 | node_31 | INFO ] 🎉 Round 146 of 150 finished.
[ 2026-03-22 17:23:14 | node_31 | INFO ] 🗳️ [DETERMINISTIC] Train set assigned (No Voting). Size: 50
[ 2026-03-22 17:23:15 | node_4 | INFO ] 🎉 Round 145 of 150 finished.
[ 2026-03-22 17:23:15 | node_31 | INFO ] 🏋️‍♀️ Preparing training...
[ 2026-03-22 17:23:15 | node_48 | INFO ] 📈 Evaluated. Results: {'test_loss': 0.001508538261987269, 'test_accuracy': 0.9966708421707153, 'test_precision': 0.8292244076728821, 'test_recall': 0.20423489809036255, 'test_f1': 0.3233935534954071, 'communication_cost': 1457816}
[ 2026-03-22 17:23:15 | node_26 | INFO ] 📈 Evaluated. Results: {'test_loss': 0.001139485277235508, 'test_accuracy': 0.9970307946205139, 'test_precision': 0.7370883822441101, 'test_recall': 0.1750584840774536, 'test_f1': 0.2816055715084076, 'communication_cost': 1457816}
[ 2026-03-22 17:23:15 | node_4 | INFO ] 🗳️ [DETERMINISTIC] Train set assigned (No Voting). Size: 50
[ 2026-03-22 17:23:15 | node_34 | INFO ] 📈 Evaluated. Results: {'test_loss': 0.0011373462621122599, 'test_accuracy': 0.9974806308746338, 'test_precision': 0.7370883822441101, 'test_recall': 0.2343900501728058, 'test_f1': 0.3528870642185211, 'communication_cost': 1457816}
[ 2026-03-22 17:23:15 | node_26 | INFO ] 📢 Broadcasting metrics.
[ 2026-03-22 17:23:15 | node_48 | INFO ] 📢 Broadcasting metrics.
[ 2026-03-22 17:23:15 | node_34 | INFO ] 📢 Broadcasting metrics.
[ 2026-03-22 17:23:15 | node_4 | INFO ] 🏋️‍♀️ Preparing training...
[ 2026-03-22 17:23:15 | node_12 | INFO ] 🎉 Round 146 of 150 finished.
[ 2026-03-22 17:23:15 | node_12 | INFO ] 🗳️ [DETERMINISTIC] Train set assigned (No Voting). Size: 50
[ 2026-03-22 17:23:15 | node_24 | INFO ] 🎉 Round 146 of 150 finished.
[ 2026-03-22 17:23:15 | node_24 | INFO ] 🗳️ [DETERMINISTIC] Train set assigned (No Voting). Size: 50
[ 2026-03-22 17:23:15 | node_46 | INFO ] 📈 Evaluated. Results: {'test_loss': 0.0015308213187381625, 'test_accuracy': 0.9964009523391724, 'test_precision': 0.6314558386802673, 'test_recall': 0.14223845303058624, 'test_f1': 0.22409029304981232, 'communication_cost': 1457816}
[ 2026-03-22 17:23:15 | node_12 | INFO ] 🏋️‍♀️ Preparing training...
[ 2026-03-22 17:23:15 | node_46 | INFO ] 📢 Broadcasting metrics.
[ 2026-03-22 17:23:15 | node_2 | INFO ] 📈 Evaluated. Results: {'test_loss': 0.00124690355733037, 'test_accuracy': 0.997031033039093, 'test_precision': 0.4913480281829834, 'test_recall': 0.2063031792640686, 'test_f1': 0.2779187262058258, 'communication_cost': 1457816}
[ 2026-03-22 17:23:15 | node_24 | INFO ] 🏋️‍♀️ Preparing training...
[ 2026-03-22 17:23:15 | node_32 | INFO ] 📈 Evaluated. Results: {'test_loss': 0.0010603169212117791, 'test_accuracy': 0.99712073802948, 'test_precision': 0.8599364757537842, 'test_recall': 0.3500944972038269, 'test_f1': 0.4857417941093445, 'communication_cost': 1457816}
[ 2026-03-22 17:23:15 | node_2 | INFO ] 📢 Broadcasting metrics.
[ 2026-03-22 17:23:15 | node_32 | INFO ] 📢 Broadcasting metrics.
[ 2026-03-22 17:23:16 | node_3 | INFO ] 📈 Evaluated. Results: {'test_loss': 0.0017473218031227589, 'test_accuracy': 0.9961313605308533, 'test_precision': 0.4237876534461975, 'test_recall': 0.27283987402915955, 'test_f1': 0.298318475484848, 'communication_cost': 1457816}
[ 2026-03-22 17:23:16 | node_3 | INFO ] 📢 Broadcasting metrics.
[ 2026-03-22 17:23:16 | node_41 | INFO ] 📈 Evaluated. Results: {'test_loss': 0.0011875203344970942, 'test_accuracy': 0.9975706338882446, 'test_precision': 0.7370883822441101, 'test_recall': 0.2129366397857666, 'test_f1': 0.3258664608001709, 'communication_cost': 1457816}
[ 2026-03-22 17:23:16 | node_41 | INFO ] 📢 Broadcasting metrics.
[ 2026-03-22 17:23:16 | node_26 | INFO ] 🎉 Round 146 of 150 finished.
[ 2026-03-22 17:23:16 | node_5 | INFO ] 📈 Evaluated. Results: {'test_loss': 0.0014896931825205684, 'test_accuracy': 0.9965811967849731, 'test_precision': 0.7236167192459106, 'test_recall': 0.17980742454528809, 'test_f1': 0.2833048403263092, 'communication_cost': 1457816}
[ 2026-03-22 17:23:16 | node_48 | INFO ] 🎉 Round 145 of 150 finished.
[ 2026-03-22 17:23:16 | node_34 | INFO ] 🎉 Round 146 of 150 finished.
[ 2026-03-22 17:23:16 | node_5 | INFO ] 📢 Broadcasting metrics.
[ 2026-03-22 17:23:16 | node_26 | INFO ] 🗳️ [DETERMINISTIC] Train set assigned (No Voting). Size: 50
[ 2026-03-22 17:23:16 | node_48 | INFO ] 🗳️ [DETERMINISTIC] Train set assigned (No Voting). Size: 50
[ 2026-03-22 17:23:16 | node_34 | INFO ] 🗳️ [DETERMINISTIC] Train set assigned (No Voting). Size: 50
[ 2026-03-22 17:23:16 | node_6 | INFO ] 📈 Evaluated. Results: {'test_loss': 0.0012375429505482316, 'test_accuracy': 0.996941089630127, 'test_precision': 0.8157444596290588, 'test_recall': 0.24512016773223877, 'test_f1': 0.372141033411026, 'communication_cost': 1457816}
[ 2026-03-22 17:23:16 | node_26 | INFO ] 🏋️‍♀️ Preparing training...
[ 2026-03-22 17:23:16 | node_6 | INFO ] 📢 Broadcasting metrics.
[ 2026-03-22 17:23:16 | node_48 | INFO ] 🏋️‍♀️ Preparing training...
[ 2026-03-22 17:23:16 | node_34 | INFO ] 🏋️‍♀️ Preparing training...
[ 2026-03-22 17:23:16 | node_46 | INFO ] 🎉 Round 145 of 150 finished.
[ 2026-03-22 17:23:17 | node | INFO ] 🎓 Training step done.
[ 2026-03-22 17:23:17 | node_13 | INFO ] 📈 Evaluated. Results: {'test_loss': 0.0011245732894167304, 'test_accuracy': 0.9972109794616699, 'test_precision': 0.8157444596290588, 'test_recall': 0.3037208318710327, 'test_f1': 0.4216090440750122, 'communication_cost': 1457816}
[ 2026-03-22 17:23:17 | node_35 | INFO ] 📈 Evaluated. Results: {'test_loss': 0.0010573090985417366, 'test_accuracy': 0.9973906874656677, 'test_precision': 0.921360433101654, 'test_recall': 0.2871108055114746, 'test_f1': 0.42537033557891846, 'communication_cost': 1457816}
[ 2026-03-22 17:23:17 | node | INFO ] 🛠️ Calling force_add_local_model...
[ 2026-03-22 17:23:17 | node_13 | INFO ] 📢 Broadcasting metrics.
[ 2026-03-22 17:23:17 | node_46 | INFO ] 🗳️ [DETERMINISTIC] Train set assigned (No Voting). Size: 50
[ 2026-03-22 17:23:17 | node_35 | INFO ] 📢 Broadcasting metrics.
[ 2026-03-22 17:23:17 | node | INFO ] ✅ [FORCE] Local model added for round 145. (1/3)
[ 2026-03-22 17:23:17 | node_2 | INFO ] 🎉 Round 145 of 150 finished.
[ 2026-03-22 17:23:17 | node_33 | INFO ] 📈 Evaluated. Results: {'test_loss': 0.0016696096863597631, 'test_accuracy': 0.9961310029029846, 'test_precision': 0.460680216550827, 'test_recall': 0.0742207020521164, 'test_f1': 0.1263580024242401, 'communication_cost': 1457816}
[ 2026-03-22 17:23:17 | node_14 | INFO ] 📈 Evaluated. Results: {'test_loss': 0.0013336747651919723, 'test_accuracy': 0.9964912533760071, 'test_precision': 0.7370220422744751, 'test_recall': 0.1290586143732071, 'test_f1': 0.21445856988430023, 'communication_cost': 1457816}
[ 2026-03-22 17:23:17 | node_33 | INFO ] 📢 Broadcasting metrics.
[ 2026-03-22 17:23:17 | node_32 | INFO ] 🎉 Round 146 of 150 finished.
[ 2026-03-22 17:23:17 | node_46 | INFO ] 🏋️‍♀️ Preparing training...
[ 2026-03-22 17:23:17 | node_14 | INFO ] 📢 Broadcasting metrics.
[ 2026-03-22 17:23:17 | node_2 | INFO ] 🗳️ [DETERMINISTIC] Train set assigned (No Voting). Size: 50
[ 2026-03-22 17:23:17 | node_9 | INFO ] 📤 Sending model to 2 direct neighbors: ['node_8', 'node_10']
[ 2026-03-22 17:23:17 | node_32 | INFO ] 🗳️ [DETERMINISTIC] Train set assigned (No Voting). Size: 50
[ 2026-03-22 17:23:17 | node_3 | INFO ] 🎉 Round 145 of 150 finished.
[ 2026-03-22 17:23:17 | node_2 | INFO ] 🏋️‍♀️ Preparing training...
[ 2026-03-22 17:23:17 | node_41 | INFO ] 🎉 Round 146 of 150 finished.
[ 2026-03-22 17:23:17 | node_3 | INFO ] 🗳️ [DETERMINISTIC] Train set assigned (No Voting). Size: 50
[ 2026-03-22 17:23:17 | node_32 | INFO ] 🏋️‍♀️ Preparing training...
[ 2026-03-22 17:23:17 | node_41 | INFO ] 🗳️ [DETERMINISTIC] Train set assigned (No Voting). Size: 50
[ 2026-03-22 17:23:17 | node_5 | INFO ] 🎉 Round 145 of 150 finished.
[ 2026-03-22 17:23:17 | node_3 | INFO ] 🏋️‍♀️ Preparing training...
[ 2026-03-22 17:23:17 | node_8 | INFO ] 🧩 Model added for round 145 (1/3) from ['node_9']
[ 2026-03-22 17:23:17 | node_5 | INFO ] 🗳️ [DETERMINISTIC] Train set assigned (No Voting). Size: 50
[ 2026-03-22 17:23:18 | node_41 | INFO ] 🏋️‍♀️ Preparing training...
[ 2026-03-22 17:23:18 | node_5 | INFO ] 🏋️‍♀️ Preparing training...
[ 2026-03-22 17:23:18 | node_6 | INFO ] 🎉 Round 145 of 150 finished.
[ 2026-03-22 17:23:18 | node_6 | INFO ] 🗳️ [DETERMINISTIC] Train set assigned (No Voting). Size: 50
[ 2026-03-22 17:23:18 | node_13 | INFO ] 🎉 Round 146 of 150 finished.
[ 2026-03-22 17:23:18 | node_6 | INFO ] 🏋️‍♀️ Preparing training...
[ 2026-03-22 17:23:18 | node_35 | INFO ] 🎉 Round 146 of 150 finished.
[ 2026-03-22 17:23:18 | node_13 | INFO ] 🗳️ [DETERMINISTIC] Train set assigned (No Voting). Size: 50
[ 2026-03-22 17:23:18 | node_10 | INFO ] 🧩 Model added for round 145 (3/3) from ['node_9']
[ 2026-03-22 17:23:18 | node_14 | INFO ] 🎉 Round 146 of 150 finished.
[ 2026-03-22 17:23:18 | node_33 | INFO ] 🎉 Round 146 of 150 finished.
[ 2026-03-22 17:23:18 | node_35 | INFO ] 🗳️ [DETERMINISTIC] Train set assigned (No Voting). Size: 50
[ 2026-03-22 17:23:18 | node_10 | INFO ] 🧠 Aggregation complete. Setting new model.
[ 2026-03-22 17:23:18 | node_14 | INFO ] 🗳️ [DETERMINISTIC] Train set assigned (No Voting). Size: 50
[ 2026-03-22 17:23:18 | node_33 | INFO ] 🗳️ [DETERMINISTIC] Train set assigned (No Voting). Size: 50
[ 2026-03-22 17:23:18 | node_13 | INFO ] 🏋️‍♀️ Preparing training...
[ 2026-03-22 17:23:18 | node_35 | INFO ] 🏋️‍♀️ Preparing training...
[ 2026-03-22 17:23:18 | node_14 | INFO ] ♻️ Proactively processing 1 early models for round 146.
[ 2026-03-22 17:23:18 | node_33 | INFO ] 🏋️‍♀️ Preparing training...
[ 2026-03-22 17:23:18 | node_14 | INFO ] 🧩 Model added for round 146 (1/3) from ['node_15']
[ 2026-03-22 17:23:18 | node_14 | INFO ] 🏋️‍♀️ Preparing training...
[ 2026-03-22 17:23:19 | node_10 | INFO ] 🗣️ Gossiping aggregated model.
[ 2026-03-22 17:23:19 | node_21 | INFO ] 🎓 Training step done.
[ 2026-03-22 17:23:19 | node_21 | INFO ] 🛠️ Calling force_add_local_model...
[ 2026-03-22 17:23:19 | node_21 | INFO ] ✅ [FORCE] Local model added for round 146. (1/3)
[ 2026-03-22 17:23:20 | node_7 | INFO ] 🎓 Training step done.
[ 2026-03-22 17:23:20 | node_7 | INFO ] 🛠️ Calling force_add_local_model...
[ 2026-03-22 17:23:20 | node_7 | INFO ] ✅ [FORCE] Local model added for round 145. (1/3)
[ 2026-03-22 17:23:20 | node_37 | INFO ] 🎓 Training step done.
[ 2026-03-22 17:23:20 | node_37 | INFO ] 🛠️ Calling force_add_local_model...
[ 2026-03-22 17:23:20 | node_37 | INFO ] ✅ [FORCE] Local model added for round 146. (1/3)
[ 2026-03-22 17:23:20 | node_28 | INFO ] 🎓 Training step done.
[ 2026-03-22 17:23:20 | node_29 | INFO ] 🎓 Training step done.
[ 2026-03-22 17:23:20 | node_1 | INFO ] 🎓 Training step done.
[ 2026-03-22 17:23:20 | node_28 | INFO ] 🛠️ Calling force_add_local_model...
[ 2026-03-22 17:23:20 | node_29 | INFO ] 🛠️ Calling force_add_local_model...
[ 2026-03-22 17:23:20 | node_1 | INFO ] 🛠️ Calling force_add_local_model...
[ 2026-03-22 17:23:20 | node_28 | INFO ] ✅ [FORCE] Local model added for round 146. (1/3)
[ 2026-03-22 17:23:20 | node_29 | INFO ] ✅ [FORCE] Local model added for round 146. (1/3)
[ 2026-03-22 17:23:20 | node_1 | INFO ] ✅ [FORCE] Local model added for round 145. (1/3)
[ 2026-03-22 17:23:20 | node_18 | INFO ] 🎓 Training step done.
[ 2026-03-22 17:23:20 | node_18 | INFO ] 🛠️ Calling force_add_local_model...
[ 2026-03-22 17:23:20 | node_18 | INFO ] ✅ [FORCE] Local model added for round 146. (2/3)
[ 2026-03-22 17:23:21 | node_40 | INFO ] 🎓 Training step done.
[ 2026-03-22 17:23:21 | node_40 | INFO ] 🛠️ Calling force_add_local_model...
[ 2026-03-22 17:23:21 | node_40 | INFO ] ✅ [FORCE] Local model added for round 146. (1/3)
[ 2026-03-22 17:23:21 | node_44 | INFO ] 🎓 Training step done.
[ 2026-03-22 17:23:21 | node_44 | INFO ] 🛠️ Calling force_add_local_model...
[ 2026-03-22 17:23:21 | node_44 | INFO ] ✅ [FORCE] Local model added for round 145. (2/3)
[ 2026-03-22 17:23:21 | node_4 | INFO ] 🎓 Training step done.
[ 2026-03-22 17:23:21 | node_4 | INFO ] 🛠️ Calling force_add_local_model...
[ 2026-03-22 17:23:21 | node_4 | INFO ] ✅ [FORCE] Local model added for round 145. (1/3)
[ 2026-03-22 17:23:21 | node_19 | INFO ] 🎓 Training step done.
[ 2026-03-22 17:23:21 | node_19 | INFO ] 🛠️ Calling force_add_local_model...
[ 2026-03-22 17:23:21 | node_19 | INFO ] ✅ [FORCE] Local model added for round 146. (1/3)
[ 2026-03-22 17:23:22 | node_34 | INFO ] 🎓 Training step done.
[ 2026-03-22 17:23:22 | node_34 | INFO ] 🛠️ Calling force_add_local_model...
[ 2026-03-22 17:23:22 | node_34 | INFO ] ✅ [FORCE] Local model added for round 146. (1/3)
[ 2026-03-22 17:23:22 | node | INFO ] 📤 Sending model to 2 direct neighbors: ['node_1', 'node_49']
[ 2026-03-22 17:23:22 | node_1 | INFO ] 🧩 Model added for round 145 (2/3) from ['node']
[ 2026-03-22 17:23:22 | node_20 | INFO ] 🎓 Training step done.
[ 2026-03-22 17:23:22 | node_20 | INFO ] 🛠️ Calling force_add_local_model...
[ 2026-03-22 17:23:22 | node_20 | INFO ] ✅ [FORCE] Local model added for round 146. (1/3)
[ 2026-03-22 17:23:22 | node_25 | INFO ] 🎓 Training step done.
[ 2026-03-22 17:23:22 | node_25 | INFO ] 🛠️ Calling force_add_local_model...
[ 2026-03-22 17:23:22 | node_25 | INFO ] ✅ [FORCE] Local model added for round 146. (1/3)
[ 2026-03-22 17:23:22 | node_49 | INFO ] 🧩 Model added for round 145 (1/3) from ['node']
[ 2026-03-22 17:23:22 | node_31 | INFO ] 🎓 Training step done.
[ 2026-03-22 17:23:23 | node_31 | INFO ] 🛠️ Calling force_add_local_model...
[ 2026-03-22 17:23:23 | node_31 | INFO ] ✅ [FORCE] Local model added for round 146. (1/3)
[ 2026-03-22 17:23:23 | node_49 | INFO ] 🎓 Training step done.
[ 2026-03-22 17:23:23 | node_49 | INFO ] 🛠️ Calling force_add_local_model...
[ 2026-03-22 17:23:23 | node_49 | INFO ] ✅ [FORCE] Local model added for round 145. (2/3)
[ 2026-03-22 17:23:23 | node_32 | INFO ] 🎓 Training step done.
[ 2026-03-22 17:23:23 | node_32 | INFO ] 🛠️ Calling force_add_local_model...
[ 2026-03-22 17:23:23 | node_32 | INFO ] ✅ [FORCE] Local model added for round 146. (1/3)
[ 2026-03-22 17:23:23 | node_47 | INFO ] ⏹️  Gossiping exited for 10 equal rounds.
[ 2026-03-22 17:23:23 | node_45 | INFO ] 🎓 Training step done.
[ 2026-03-22 17:23:23 | node_45 | INFO ] 🛠️ Calling force_add_local_model...
[ 2026-03-22 17:23:23 | node_45 | INFO ] ✅ [FORCE] Local model added for round 145. (1/3)
[ 2026-03-22 17:23:23 | node_47 | INFO ] 🔬 Evaluating...
[ 2026-03-22 17:23:24 | node_8 | INFO ] 🎓 Training step done.
[ 2026-03-22 17:23:24 | node_8 | INFO ] 🛠️ Calling force_add_local_model...
[ 2026-03-22 17:23:24 | node_30 | INFO ] 🎓 Training step done.
[ 2026-03-22 17:23:24 | node_38 | INFO ] 🎓 Training step done.
[ 2026-03-22 17:23:24 | node_8 | INFO ] ✅ [FORCE] Local model added for round 145. (2/3)
[ 2026-03-22 17:23:24 | node_30 | INFO ] 🛠️ Calling force_add_local_model...
[ 2026-03-22 17:23:24 | node_38 | INFO ] 🛠️ Calling force_add_local_model...
[ 2026-03-22 17:23:24 | node_30 | INFO ] ✅ [FORCE] Local model added for round 146. (1/3)
[ 2026-03-22 17:23:24 | node_38 | INFO ] ✅ [FORCE] Local model added for round 146. (1/3)
[ 2026-03-22 17:23:24 | node_39 | INFO ] 🎓 Training step done.
[ 2026-03-22 17:23:24 | node_39 | INFO ] 🛠️ Calling force_add_local_model...
[ 2026-03-22 17:23:24 | node_2 | INFO ] 🎓 Training step done.
[ 2026-03-22 17:23:24 | node_39 | INFO ] ✅ [FORCE] Local model added for round 146. (1/3)
[ 2026-03-22 17:23:24 | node_2 | INFO ] 🛠️ Calling force_add_local_model...
[ 2026-03-22 17:23:24 | node_36 | INFO ] ⏹️  Gossiping exited for 10 equal rounds.
[ 2026-03-22 17:23:24 | node_2 | INFO ] ✅ [FORCE] Local model added for round 145. (1/3)
[ 2026-03-22 17:23:24 | node_36 | INFO ] 🔬 Evaluating...
[ 2026-03-22 17:23:24 | node_27 | INFO ] 🎓 Training step done.
[ 2026-03-22 17:23:24 | node_27 | INFO ] 🛠️ Calling force_add_local_model...
[ 2026-03-22 17:23:24 | node_21 | INFO ] 📤 Sending model to 2 direct neighbors: ['node_20', 'node_22']
[ 2026-03-22 17:23:24 | node_27 | INFO ] ✅ [FORCE] Local model added for round 146. (1/3)
[ 2026-03-22 17:23:24 | node_20 | INFO ] 🧩 Model added for round 146 (2/3) from ['node_21']
[ 2026-03-22 17:23:25 | node_22 | INFO ] 🧩 Model added for round 146 (1/3) from ['node_21']
[ 2026-03-22 17:23:25 | node_7 | INFO ] 📤 Sending model to 2 direct neighbors: ['node_6', 'node_8']
[ 2026-03-22 17:23:25 | node_6 | INFO ] 🧩 Model added for round 145 (1/3) from ['node_7']
[ 2026-03-22 17:23:25 | node_37 | INFO ] 📤 Sending model to 2 direct neighbors: ['node_36', 'node_38']
[ 2026-03-22 17:23:25 | node_23 | INFO ] 🎓 Training step done.
[ 2026-03-22 17:23:25 | node_23 | INFO ] 🛠️ Calling force_add_local_model...
[ 2026-03-22 17:23:25 | node_46 | INFO ] 🎓 Training step done.
[ 2026-03-22 17:23:25 | node_8 | INFO ] 🧩 Model added for round 145 (3/3) from ['node_7']
[ 2026-03-22 17:23:25 | node_46 | INFO ] 🛠️ Calling force_add_local_model...
[ 2026-03-22 17:23:25 | node_23 | INFO ] ✅ [FORCE] Local model added for round 146. (1/3)
[ 2026-03-22 17:23:25 | node_46 | INFO ] ✅ [FORCE] Local model added for round 145. (1/3)
[ 2026-03-22 17:23:25 | node_28 | INFO ] 📤 Sending model to 2 direct neighbors: ['node_27', 'node_29']
[ 2026-03-22 17:23:25 | node_41 | INFO ] 🎓 Training step done.
[ 2026-03-22 17:23:25 | node_24 | INFO ] 🎓 Training step done.
[ 2026-03-22 17:23:25 | node_1 | INFO ] 📤 Sending model to 2 direct neighbors: ['node', 'node_2']
[ 2026-03-22 17:23:25 | node_29 | INFO ] 📤 Sending model to 2 direct neighbors: ['node_28', 'node_30']
[ 2026-03-22 17:23:25 | node_38 | INFO ] 🧩 Model added for round 146 (2/3) from ['node_37']
[ 2026-03-22 17:23:25 | node_41 | INFO ] 🛠️ Calling force_add_local_model...
[ 2026-03-22 17:23:25 | node_24 | INFO ] 🛠️ Calling force_add_local_model...
[ 2026-03-22 17:23:25 | node_24 | INFO ] ✅ [FORCE] Local model added for round 146. (1/3)
[ 2026-03-22 17:23:25 | node_41 | INFO ] ✅ [FORCE] Local model added for round 146. (1/3)
[ 2026-03-22 17:23:25 | node_18 | INFO ] 📤 Sending model to 2 direct neighbors: ['node_17', 'node_19']
[ 2026-03-22 17:23:25 | node_27 | INFO ] 🧩 Model added for round 146 (2/3) from ['node_28']
[ 2026-03-22 17:23:25 | node_28 | INFO ] 🧩 Model added for round 146 (2/3) from ['node_29']
[ 2026-03-22 17:23:25 | node_47 | INFO ] 📈 Evaluated. Results: {'test_loss': 0.0008937698439694941, 'test_accuracy': 0.9978405833244324, 'test_precision': 0.4299682378768921, 'test_recall': 0.21717782318592072, 'test_f1': 0.2828696370124817, 'communication_cost': 1457816}
[ 2026-03-22 17:23:25 | node_33 | INFO ] 🎓 Training step done.
[ 2026-03-22 17:23:25 | node | INFO ] 🧩 Model added for round 145 (2/3) from ['node_1']
[ 2026-03-22 17:23:25 | node_22 | INFO ] 🎓 Training step done.
[ 2026-03-22 17:23:25 | node_33 | INFO ] 🛠️ Calling force_add_local_model...
[ 2026-03-22 17:23:25 | node_47 | INFO ] 📢 Broadcasting metrics.
[ 2026-03-22 17:23:26 | node_22 | INFO ] 🛠️ Calling force_add_local_model...
[ 2026-03-22 17:23:26 | node_33 | INFO ] ✅ [FORCE] Local model added for round 146. (1/3)
[ 2026-03-22 17:23:26 | node_22 | INFO ] ✅ [FORCE] Local model added for round 146. (2/3)
[ 2026-03-22 17:23:26 | node_17 | INFO ] 🧩 Model added for round 146 (3/3) from ['node_18']
[ 2026-03-22 17:23:26 | node_26 | INFO ] 🎓 Training step done.
[ 2026-03-22 17:23:26 | node_26 | INFO ] 🛠️ Calling force_add_local_model...
[ 2026-03-22 17:23:26 | node_26 | INFO ] ✅ [FORCE] Local model added for round 146. (1/3)
[ 2026-03-22 17:23:26 | node_29 | INFO ] 🧩 Model added for round 146 (2/3) from ['node_28']
[ 2026-03-22 17:23:26 | node_30 | INFO ] 🧩 Model added for round 146 (2/3) from ['node_29']
[ 2026-03-22 17:23:26 | node_17 | INFO ] 🧠 Aggregation complete. Setting new model.
[ 2026-03-22 17:23:26 | node_42 | INFO ] ⏹️  Gossiping exited for 10 equal rounds.
[ 2026-03-22 17:23:26 | node_12 | INFO ] 🎓 Training step done.
[ 2026-03-22 17:23:26 | node_40 | INFO ] 📤 Sending model to 2 direct neighbors: ['node_39', 'node_41']
[ 2026-03-22 17:23:26 | node_2 | INFO ] 🧩 Model added for round 145 (2/3) from ['node_1']
[ 2026-03-22 17:23:26 | node_12 | INFO ] 🛠️ Calling force_add_local_model...
[ 2026-03-22 17:23:26 | node_42 | INFO ] 🔬 Evaluating...
[ 2026-03-22 17:23:26 | node_12 | INFO ] ✅ [FORCE] Local model added for round 146. (1/3)
[ 2026-03-22 17:23:26 | node_17 | INFO ] 🗣️ Gossiping aggregated model.
[ 2026-03-22 17:23:26 | node_19 | INFO ] 🧩 Model added for round 146 (2/3) from ['node_18']
[ 2026-03-22 17:23:26 | node_39 | INFO ] 🧩 Model added for round 146 (2/3) from ['node_40']
[ 2026-03-22 17:23:26 | node_3 | INFO ] 🎓 Training step done.
[ 2026-03-22 17:23:26 | node_44 | INFO ] 📤 Sending model to 2 direct neighbors: ['node_43', 'node_45']
[ 2026-03-22 17:23:26 | node_3 | INFO ] 🛠️ Calling force_add_local_model...
[ 2026-03-22 17:23:26 | node_47 | INFO ] 🎉 Round 145 of 150 finished.
[ 2026-03-22 17:23:26 | node_3 | INFO ] ✅ [FORCE] Local model added for round 145. (1/3)
[ 2026-03-22 17:23:26 | node_47 | INFO ] 🗳️ [DETERMINISTIC] Train set assigned (No Voting). Size: 50
[ 2026-03-22 17:23:26 | node_5 | INFO ] 🎓 Training step done.
[ 2026-03-22 17:23:26 | node_6 | INFO ] 🎓 Training step done.
[ 2026-03-22 17:23:26 | node_5 | INFO ] 🛠️ Calling force_add_local_model...
[ 2026-03-22 17:23:26 | node_13 | INFO ] 🎓 Training step done.
[ 2026-03-22 17:23:26 | node_47 | INFO ] 🏋️‍♀️ Preparing training...
[ 2026-03-22 17:23:26 | node_6 | INFO ] 🛠️ Calling force_add_local_model...
[ 2026-03-22 17:23:26 | node_43 | INFO ] 🧩 Model added for round 145 (3/3) from ['node_44']
[ 2026-03-22 17:23:26 | node_13 | INFO ] 🛠️ Calling force_add_local_model...
[ 2026-03-22 17:23:26 | node_5 | INFO ] ✅ [FORCE] Local model added for round 145. (1/3)
[ 2026-03-22 17:23:26 | node_6 | INFO ] ✅ [FORCE] Local model added for round 145. (2/3)
[ 2026-03-22 17:23:26 | node_13 | INFO ] ✅ [FORCE] Local model added for round 146. (1/3)
[ 2026-03-22 17:23:26 | node_48 | INFO ] 🎓 Training step done.
[ 2026-03-22 17:23:26 | node_48 | INFO ] 🛠️ Calling force_add_local_model...
[ 2026-03-22 17:23:26 | node_4 | INFO ] 📤 Sending model to 2 direct neighbors: ['node_3', 'node_5']
[ 2026-03-22 17:23:26 | node_41 | INFO ] 🧩 Model added for round 146 (2/3) from ['node_40']
[ 2026-03-22 17:23:26 | node_48 | INFO ] ✅ [FORCE] Local model added for round 145. (1/3)
[ 2026-03-22 17:23:26 | node_43 | INFO ] 🧠 Aggregation complete. Setting new model.
[ 2026-03-22 17:23:26 | node_36 | INFO ] 📈 Evaluated. Results: {'test_loss': 0.001487855101004243, 'test_accuracy': 0.9964009523391724, 'test_precision': 0.6756643652915955, 'test_recall': 0.16379740834236145, 'test_f1': 0.26140496134757996, 'communication_cost': 1457816}
[ 2026-03-22 17:23:26 | node_43 | INFO ] 🗣️ Gossiping aggregated model.
[ 2026-03-22 17:23:26 | node_36 | INFO ] 📢 Broadcasting metrics.
[ 2026-03-22 17:23:26 | node_45 | INFO ] 🧩 Model added for round 145 (2/3) from ['node_44']
[ 2026-03-22 17:23:26 | node_35 | INFO ] 🎓 Training step done.
[ 2026-03-22 17:23:26 | node_3 | INFO ] 🧩 Model added for round 145 (2/3) from ['node_4']
[ 2026-03-22 17:23:27 | node_19 | INFO ] 📤 Sending model to 2 direct neighbors: ['node_18', 'node_20']
[ 2026-03-22 17:23:27 | node_35 | INFO ] 🛠️ Calling force_add_local_model...
[ 2026-03-22 17:23:27 | node_14 | INFO ] 🎓 Training step done.
[ 2026-03-22 17:23:27 | node_14 | INFO ] 🛠️ Calling force_add_local_model...
[ 2026-03-22 17:23:27 | node_35 | INFO ] ✅ [FORCE] Local model added for round 146. (1/3)
[ 2026-03-22 17:23:27 | node_14 | INFO ] ✅ [FORCE] Local model added for round 146. (2/3)
[ 2026-03-22 17:23:27 | node_34 | INFO ] 📤 Sending model to 2 direct neighbors: ['node_33', 'node_35']
[ 2026-03-22 17:23:27 | node_36 | INFO ] 🎉 Round 146 of 150 finished.
[ 2026-03-22 17:23:27 | node_36 | INFO ] 🗳️ [DETERMINISTIC] Train set assigned (No Voting). Size: 50
[ 2026-03-22 17:23:27 | node_36 | INFO ] ♻️ Proactively processing 1 early models for round 146.
[ 2026-03-22 17:23:27 | node_36 | INFO ] 🧩 Model added for round 146 (1/3) from ['node_37']
[ 2026-03-22 17:23:27 | node_36 | INFO ] 🏋️‍♀️ Preparing training...
[ 2026-03-22 17:23:27 | node_5 | INFO ] 🧩 Model added for round 145 (2/3) from ['node_4']
[ 2026-03-22 17:23:27 | node_42 | INFO ] 📈 Evaluated. Results: {'test_loss': 0.001349033322185278, 'test_accuracy': 0.9969407916069031, 'test_precision': 0.8157278895378113, 'test_recall': 0.2318151742219925, 'test_f1': 0.3428434133529663, 'communication_cost': 1457816}
[ 2026-03-22 17:23:27 | node_18 | INFO ] 🧩 Model added for round 146 (3/3) from ['node_19']
[ 2026-03-22 17:23:27 | node_42 | INFO ] 📢 Broadcasting metrics.
[ 2026-03-22 17:23:27 | node_33 | INFO ] 🧩 Model added for round 146 (2/3) from ['node_34']
[ 2026-03-22 17:23:27 | node_20 | INFO ] 📤 Sending model to 2 direct neighbors: ['node_19', 'node_21']
[ 2026-03-22 17:23:27 | node_42 | INFO ] 🎉 Round 146 of 150 finished.
[ 2026-03-22 17:23:27 | node_25 | INFO ] 📤 Sending model to 2 direct neighbors: ['node_24', 'node_26']
[ 2026-03-22 17:23:27 | node_42 | INFO ] 🗳️ [DETERMINISTIC] Train set assigned (No Voting). Size: 50
[ 2026-03-22 17:23:27 | node_42 | INFO ] 🏋️‍♀️ Preparing training...
[ 2026-03-22 17:23:27 | node_20 | INFO ] 🧩 Model added for round 146 (3/3) from ['node_19']
[ 2026-03-22 17:23:27 | node_19 | INFO ] 🧩 Model added for round 146 (3/3) from ['node_20']
[ 2026-03-22 17:23:27 | node_35 | INFO ] 🧩 Model added for round 146 (2/3) from ['node_34']
[ 2026-03-22 17:23:27 | node_24 | INFO ] 🧩 Model added for round 146 (2/3) from ['node_25']
[ 2026-03-22 17:23:28 | node_18 | INFO ] 🧠 Aggregation complete. Setting new model.
[ 2026-03-22 17:23:28 | node_31 | INFO ] 📤 Sending model to 2 direct neighbors: ['node_30', 'node_32']
[ 2026-03-22 17:23:28 | node_19 | INFO ] 🧠 Aggregation complete. Setting new model.
[ 2026-03-22 17:23:28 | node_19 | INFO ] 🗣️ Gossiping aggregated model.
[ 2026-03-22 17:23:28 | node_18 | INFO ] 🗣️ Gossiping aggregated model.
[ 2026-03-22 17:23:28 | node_18 | INFO ] 🤫 Gossip finished.
[ 2026-03-22 17:23:28 | node_18 | INFO ] 🔬 Evaluating...
[ 2026-03-22 17:23:28 | node_49 | INFO ] 📤 Sending model to 2 direct neighbors: ['node', 'node_48']
[ 2026-03-22 17:23:28 | node_21 | INFO ] 🧩 Model added for round 146 (2/3) from ['node_20']
[ 2026-03-22 17:23:28 | node_30 | INFO ] 🧩 Model added for round 146 (3/3) from ['node_31']
[ 2026-03-22 17:23:28 | node_26 | INFO ] 🧩 Model added for round 146 (2/3) from ['node_25']
[ 2026-03-22 17:23:28 | node_11 | INFO ] ⏹️  Gossiping exited for 10 equal rounds.
[ 2026-03-22 17:23:28 | node | INFO ] 🧩 Model added for round 145 (3/3) from ['node_49']
[ 2026-03-22 17:23:28 | node_11 | INFO ] 🔬 Evaluating...
[ 2026-03-22 17:23:28 | node_32 | INFO ] 📤 Sending model to 2 direct neighbors: ['node_31', 'node_33']
[ 2026-03-22 17:23:28 | node_32 | INFO ] 🧩 Model added for round 146 (2/3) from ['node_31']
[ 2026-03-22 17:23:28 | node_45 | INFO ] 📤 Sending model to 2 direct neighbors: ['node_44', 'node_46']
[ 2026-03-22 17:23:29 | node_48 | INFO ] 🧩 Model added for round 145 (2/3) from ['node_49']
[ 2026-03-22 17:23:29 | node_47 | INFO ] 🎓 Training step done.
[ 2026-03-22 17:23:29 | node_31 | INFO ] 🧩 Model added for round 146 (2/3) from ['node_32']
[ 2026-03-22 17:23:29 | node | INFO ] 🧠 Aggregation complete. Setting new model.
[ 2026-03-22 17:23:29 | node_20 | INFO ] 🧠 Aggregation complete. Setting new model.
[ 2026-03-22 17:23:29 | node_17 | INFO ] 🤫 Gossip finished.
[ 2026-03-22 17:23:29 | node_47 | INFO ] 🛠️ Calling force_add_local_model...
[ 2026-03-22 17:23:29 | node_47 | INFO ] ✅ [FORCE] Local model added for round 145. (1/3)
[ 2026-03-22 17:23:29 | node_17 | INFO ] 🔬 Evaluating...
[ 2026-03-22 17:23:29 | node | INFO ] 🗣️ Gossiping aggregated model.
[ 2026-03-22 17:23:29 | node_20 | INFO ] 🗣️ Gossiping aggregated model.
[ 2026-03-22 17:23:29 | node_44 | INFO ] 🧩 Model added for round 145 (3/3) from ['node_45']
[ 2026-03-22 17:23:29 | node_33 | INFO ] 🧩 Model added for round 146 (3/3) from ['node_32']
[ 2026-03-22 17:23:29 | node_44 | INFO ] 🧠 Aggregation complete. Setting new model.
[ 2026-03-22 17:23:29 | node_8 | INFO ] 📤 Sending model to 2 direct neighbors: ['node_7', 'node_9']
[ 2026-03-22 17:23:29 | node_30 | INFO ] 📤 Sending model to 2 direct neighbors: ['node_29', 'node_31']
[ 2026-03-22 17:23:29 | node_38 | INFO ] 📤 Sending model to 2 direct neighbors: ['node_37', 'node_39']
[ 2026-03-22 17:23:29 | node_44 | INFO ] 🗣️ Gossiping aggregated model.
[ 2026-03-22 17:23:29 | node_39 | INFO ] 📤 Sending model to 2 direct neighbors: ['node_38', 'node_40']
[ 2026-03-22 17:23:29 | node_2 | INFO ] 📤 Sending model to 2 direct neighbors: ['node_1', 'node_3']
[ 2026-03-22 17:23:29 | node_7 | INFO ] 🧩 Model added for round 145 (2/3) from ['node_8']
[ 2026-03-22 17:23:29 | node_46 | INFO ] 🧩 Model added for round 145 (2/3) from ['node_45']
[ 2026-03-22 17:23:29 | node_11 | INFO ] 📈 Evaluated. Results: {'test_loss': 0.0012298952788114548, 'test_accuracy': 0.996941089630127, 'test_precision': 0.6756035685539246, 'test_recall': 0.18425551056861877, 'test_f1': 0.2865072190761566, 'communication_cost': 1457816}
[ 2026-03-22 17:23:29 | node_11 | INFO ] 📢 Broadcasting metrics.
[ 2026-03-22 17:23:29 | node_29 | INFO ] 🧩 Model added for round 146 (3/3) from ['node_30']
[ 2026-03-22 17:23:29 | node_38 | INFO ] 🧩 Model added for round 146 (3/3) from ['node_39']
[ 2026-03-22 17:23:29 | node_37 | INFO ] 🧩 Model added for round 146 (2/3) from ['node_38']
[ 2026-03-22 17:23:29 | node_27 | INFO ] 📤 Sending model to 2 direct neighbors: ['node_26', 'node_28']
[ 2026-03-22 17:23:29 | node_1 | INFO ] 🧩 Model added for round 145 (3/3) from ['node_2']
[ 2026-03-22 17:23:30 | node_36 | INFO ] 🎓 Training step done.
[ 2026-03-22 17:23:30 | node_36 | INFO ] 🛠️ Calling force_add_local_model...
[ 2026-03-22 17:23:30 | node_36 | INFO ] ✅ [FORCE] Local model added for round 146. (2/3)
[ 2026-03-22 17:23:30 | node_9 | INFO ] 🧩 Model added for round 145 (3/3) from ['node_8']
[ 2026-03-22 17:23:30 | node_18 | INFO ] 📈 Evaluated. Results: {'test_loss': 0.001294038025662303, 'test_accuracy': 0.997031033039093, 'test_precision': 1.0, 'test_recall': 0.2197423279285431, 'test_f1': 0.33581677079200745, 'communication_cost': 1457816}
[ 2026-03-22 17:23:30 | node_17 | INFO ] 📈 Evaluated. Results: {'test_loss': 0.0014092279598116875, 'test_accuracy': 0.9966711401939392, 'test_precision': 0.6314889788627625, 'test_recall': 0.1523660570383072, 'test_f1': 0.22321616113185883, 'communication_cost': 1457816}
[ 2026-03-22 17:23:30 | node_11 | INFO ] 🎉 Round 146 of 150 finished.
[ 2026-03-22 17:23:30 | node_18 | INFO ] 📢 Broadcasting metrics.
[ 2026-03-22 17:23:30 | node_11 | INFO ] 🗳️ [DETERMINISTIC] Train set assigned (No Voting). Size: 50
[ 2026-03-22 17:23:30 | node_17 | INFO ] 📢 Broadcasting metrics.
[ 2026-03-22 17:23:30 | node_11 | INFO ] 🏋️‍♀️ Preparing training...
[ 2026-03-22 17:23:30 | node_26 | INFO ] 🧩 Model added for round 146 (3/3) from ['node_27']
[ 2026-03-22 17:23:30 | node_3 | INFO ] 🧩 Model added for round 145 (3/3) from ['node_2']
[ 2026-03-22 17:23:30 | node_40 | INFO ] 🧩 Model added for round 146 (2/3) from ['node_39']
[ 2026-03-22 17:23:30 | node_31 | INFO ] 🧩 Model added for round 146 (3/3) from ['node_30']
[ 2026-03-22 17:23:30 | node_39 | INFO ] 🧩 Model added for round 146 (3/3) from ['node_38']
[ 2026-03-22 17:23:30 | node_43 | INFO ] 🤫 Gossip finished.
[ 2026-03-22 17:23:30 | node_42 | INFO ] 🎓 Training step done.
[ 2026-03-22 17:23:30 | node_42 | INFO ] 🛠️ Calling force_add_local_model...
[ 2026-03-22 17:23:30 | node_42 | INFO ] ✅ [FORCE] Local model added for round 146. (1/3)
[ 2026-03-22 17:23:30 | node_43 | INFO ] 🔬 Evaluating...
[ 2026-03-22 17:23:30 | node_8 | INFO ] 🧠 Aggregation complete. Setting new model.
[ 2026-03-22 17:23:30 | node_29 | INFO ] 🧠 Aggregation complete. Setting new model.
[ 2026-03-22 17:23:30 | node_1 | INFO ] 🧠 Aggregation complete. Setting new model.
[ 2026-03-22 17:23:30 | node_9 | INFO ] 🧠 Aggregation complete. Setting new model.
[ 2026-03-22 17:23:30 | node_31 | INFO ] 🧠 Aggregation complete. Setting new model.
[ 2026-03-22 17:23:30 | node_29 | INFO ] 🗣️ Gossiping aggregated model.
[ 2026-03-22 17:23:30 | node_1 | INFO ] 🗣️ Gossiping aggregated model.
[ 2026-03-22 17:23:30 | node_9 | INFO ] 🗣️ Gossiping aggregated model.
[ 2026-03-22 17:23:30 | node_18 | INFO ] 🎉 Round 147 of 150 finished.
[ 2026-03-22 17:23:30 | node_18 | INFO ] 🗳️ [DETERMINISTIC] Train set assigned (No Voting). Size: 50
[ 2026-03-22 17:23:30 | node_23 | INFO ] 📤 Sending model to 2 direct neighbors: ['node_22', 'node_24']
[ 2026-03-22 17:23:30 | node_31 | INFO ] 🗣️ Gossiping aggregated model.
[ 2026-03-22 17:23:30 | node_8 | INFO ] 🗣️ Gossiping aggregated model.
[ 2026-03-22 17:23:30 | node_18 | INFO ] 🏋️‍♀️ Preparing training...
[ 2026-03-22 17:23:30 | node_46 | INFO ] 📤 Sending model to 2 direct neighbors: ['node_45', 'node_47']
[ 2026-03-22 17:23:30 | node_24 | INFO ] 📤 Sending model to 2 direct neighbors: ['node_23', 'node_25']
[ 2026-03-22 17:23:30 | node_41 | INFO ] 📤 Sending model to 2 direct neighbors: ['node_40', 'node_42']
[ 2026-03-22 17:23:30 | node_17 | INFO ] 🎉 Round 147 of 150 finished.
[ 2026-03-22 17:23:30 | node_17 | INFO ] 🗳️ [DETERMINISTIC] Train set assigned (No Voting). Size: 50
[ 2026-03-22 17:23:30 | node_17 | INFO ] 🏋️‍♀️ Preparing training...
[ 2026-03-22 17:23:30 | node_19 | INFO ] 🤫 Gossip finished.
[ 2026-03-22 17:23:30 | node_19 | INFO ] 🔬 Evaluating...
[ 2026-03-22 17:23:31 | node_22 | INFO ] 📤 Sending model to 2 direct neighbors: ['node_21', 'node_23']
[ 2026-03-22 17:23:31 | node_33 | INFO ] 📤 Sending model to 2 direct neighbors: ['node_32', 'node_34']
[ 2026-03-22 17:23:31 | node_28 | INFO ] 🧩 Model added for round 146 (3/3) from ['node_27']
[ 2026-03-22 17:23:31 | node_26 | INFO ] 📤 Sending model to 2 direct neighbors: ['node_25', 'node_27']
[ 2026-03-22 17:23:31 | node_22 | INFO ] 🧩 Model added for round 146 (3/3) from ['node_23']
[ 2026-03-22 17:23:31 | node_45 | INFO ] 🧩 Model added for round 145 (3/3) from ['node_46']
[ 2026-03-22 17:23:31 | node_23 | INFO ] 🧩 Model added for round 146 (2/3) from ['node_24']
[ 2026-03-22 17:23:31 | node_28 | INFO ] 🧠 Aggregation complete. Setting new model.
[ 2026-03-22 17:23:31 | node_39 | INFO ] 🧠 Aggregation complete. Setting new model.
[ 2026-03-22 17:23:31 | node_30 | INFO ] 🧠 Aggregation complete. Setting new model.
[ 2026-03-22 17:23:31 | node_38 | INFO ] 🧠 Aggregation complete. Setting new model.
[ 2026-03-22 17:23:31 | node_40 | INFO ] 🧩 Model added for round 146 (3/3) from ['node_41']
[ 2026-03-22 17:23:31 | node_12 | INFO ] 📤 Sending model to 2 direct neighbors: ['node_11', 'node_13']
[ 2026-03-22 17:23:31 | node_39 | INFO ] 🗣️ Gossiping aggregated model.
[ 2026-03-22 17:23:31 | node_28 | INFO ] 🗣️ Gossiping aggregated model.
[ 2026-03-22 17:23:31 | node_30 | INFO ] 🗣️ Gossiping aggregated model.
[ 2026-03-22 17:23:31 | node_30 | INFO ] 🤫 Gossip finished.
[ 2026-03-22 17:23:31 | node_38 | INFO ] 🗣️ Gossiping aggregated model.
[ 2026-03-22 17:23:31 | node_3 | INFO ] 📤 Sending model to 2 direct neighbors: ['node_2', 'node_4']
[ 2026-03-22 17:23:31 | node_30 | INFO ] 🔬 Evaluating...
[ 2026-03-22 17:23:31 | node_5 | INFO ] 📤 Sending model to 2 direct neighbors: ['node_4', 'node_6']
[ 2026-03-22 17:23:31 | node_6 | INFO ] 📤 Sending model to 2 direct neighbors: ['node_5', 'node_7']
[ 2026-03-22 17:23:31 | node_13 | INFO ] 📤 Sending model to 2 direct neighbors: ['node_12', 'node_14']
[ 2026-03-22 17:23:31 | node_32 | INFO ] 🧩 Model added for round 146 (3/3) from ['node_33']
[ 2026-03-22 17:23:31 | node_43 | INFO ] 📈 Evaluated. Results: {'test_loss': 0.001452414900995791, 'test_accuracy': 0.9961310029029846, 'test_precision': 0.36854419112205505, 'test_recall': 0.04679926484823227, 'test_f1': 0.08292243629693985, 'communication_cost': 1457816}
[ 2026-03-22 17:23:31 | node_48 | INFO ] 📤 Sending model to 2 direct neighbors: ['node_47', 'node_49']
[ 2026-03-22 17:23:31 | node_21 | INFO ] 🧩 Model added for round 146 (3/3) from ['node_22']
[ 2026-03-22 17:23:31 | node_42 | INFO ] 🧩 Model added for round 146 (2/3) from ['node_41']
[ 2026-03-22 17:23:31 | node_25 | INFO ] 🧩 Model added for round 146 (2/3) from ['node_26']
[ 2026-03-22 17:23:31 | node_10 | INFO ] 🤫 Gossip finished.
[ 2026-03-22 17:23:31 | node_2 | INFO ] 🧩 Model added for round 145 (3/3) from ['node_3']
[ 2026-03-22 17:23:31 | node_16 | INFO ] ⏹️  Gossiping exited for 10 equal rounds.
[ 2026-03-22 17:23:32 | node_10 | INFO ] 🔬 Evaluating...
[ 2026-03-22 17:23:32 | node_43 | INFO ] 📢 Broadcasting metrics.
[ 2026-03-22 17:23:32 | node_25 | INFO ] 🧩 Model added for round 146 (3/3) from ['node_24']
[ 2026-03-22 17:23:32 | node_47 | INFO ] 🧩 Model added for round 145 (2/3) from ['node_46']
[ 2026-03-22 17:23:32 | node_24 | INFO ] 🧩 Model added for round 146 (3/3) from ['node_23']
[ 2026-03-22 17:23:32 | node_16 | INFO ] 🔬 Evaluating...
[ 2026-03-22 17:23:32 | node_35 | INFO ] 📤 Sending model to 2 direct neighbors: ['node_34', 'node_36']
[ 2026-03-22 17:23:32 | node_14 | INFO ] 📤 Sending model to 2 direct neighbors: ['node_13', 'node_15']
[ 2026-03-22 17:23:32 | node_11 | INFO ] 🧩 Model added for round 146 (1/3) from ['node_12']
[ 2026-03-22 17:23:32 | node_5 | INFO ] 🧩 Model added for round 145 (3/3) from ['node_6']
[ 2026-03-22 17:23:32 | node_4 | INFO ] 🧩 Model added for round 145 (2/3) from ['node_5']
[ 2026-03-22 17:23:32 | node_12 | INFO ] 🧩 Model added for round 146 (2/3) from ['node_13']
[ 2026-03-22 17:23:32 | node_45 | INFO ] 🧠 Aggregation complete. Setting new model.
[ 2026-03-22 17:23:32 | node_40 | INFO ] 🧠 Aggregation complete. Setting new model.
[ 2026-03-22 17:23:32 | node_32 | INFO ] 🧠 Aggregation complete. Setting new model.
[ 2026-03-22 17:23:32 | node_25 | INFO ] 🧠 Aggregation complete. Setting new model.
[ 2026-03-22 17:23:32 | node_2 | INFO ] 🧠 Aggregation complete. Setting new model.
[ 2026-03-22 17:23:32 | node_21 | INFO ] 🧠 Aggregation complete. Setting new model.
[ 2026-03-22 17:23:32 | node_45 | INFO ] 🗣️ Gossiping aggregated model.
[ 2026-03-22 17:23:32 | node_32 | INFO ] 🗣️ Gossiping aggregated model.
[ 2026-03-22 17:23:32 | node_40 | INFO ] 🗣️ Gossiping aggregated model.
[ 2026-03-22 17:23:32 | node_47 | INFO ] 🧩 Model added for round 145 (3/3) from ['node_48']
[ 2026-03-22 17:23:32 | node_2 | INFO ] 🗣️ Gossiping aggregated model.
[ 2026-03-22 17:23:32 | node_25 | INFO ] 🗣️ Gossiping aggregated model.
[ 2026-03-22 17:23:32 | node_21 | INFO ] 🗣️ Gossiping aggregated model.
[ 2026-03-22 17:23:32 | node_34 | INFO ] 🧩 Model added for round 146 (2/3) from ['node_33']
[ 2026-03-22 17:23:32 | node_7 | INFO ] 🧩 Model added for round 145 (3/3) from ['node_6']
[ 2026-03-22 17:23:32 | node_43 | INFO ] 🎉 Round 146 of 150 finished.
[ 2026-03-22 17:23:32 | node_34 | INFO ] 🧩 Model added for round 146 (3/3) from ['node_35']
[ 2026-03-22 17:23:32 | node_23 | INFO ] 🧩 Model added for round 146 (3/3) from ['node_22']
[ 2026-03-22 17:23:32 | node_14 | INFO ] 🧩 Model added for round 146 (3/3) from ['node_13']
[ 2026-03-22 17:23:32 | node_43 | INFO ] 🗳️ [DETERMINISTIC] Train set assigned (No Voting). Size: 50
[ 2026-03-22 17:23:32 | node_4 | INFO ] 🧩 Model added for round 145 (3/3) from ['node_3']
[ 2026-03-22 17:23:32 | node_13 | INFO ] 🧩 Model added for round 146 (2/3) from ['node_14']
[ 2026-03-22 17:23:33 | node_6 | INFO ] 🧩 Model added for round 145 (3/3) from ['node_5']
[ 2026-03-22 17:23:33 | node_44 | INFO ] 🤫 Gossip finished.
[ 2026-03-22 17:23:33 | node_27 | INFO ] 🧩 Model added for round 146 (3/3) from ['node_26']
[ 2026-03-22 17:23:33 | node_7 | INFO ] 🧠 Aggregation complete. Setting new model.
[ 2026-03-22 17:23:33 | node_34 | INFO ] 🧠 Aggregation complete. Setting new model.
[ 2026-03-22 17:23:33 | node_24 | INFO ] 🧠 Aggregation complete. Setting new model.
[ 2026-03-22 17:23:33 | node_23 | INFO ] 🧠 Aggregation complete. Setting new model.
[ 2026-03-22 17:23:33 | node_9 | INFO ] 🤫 Gossip finished.
[ 2026-03-22 17:23:33 | node_13 | INFO ] 🧩 Model added for round 146 (3/3) from ['node_12']
[ 2026-03-22 17:23:33 | node_4 | INFO ] 🧠 Aggregation complete. Setting new model.
[ 2026-03-22 17:23:33 | node_1 | INFO ] 🤫 Gossip finished.
[ 2026-03-22 17:23:33 | node_20 | INFO ] 🤫 Gossip finished.
[ 2026-03-22 17:23:33 | node_27 | INFO ] 🧠 Aggregation complete. Setting new model.
[ 2026-03-22 17:23:33 | node_44 | INFO ] 🔬 Evaluating...
[ 2026-03-22 17:23:33 | node_43 | INFO ] 🏋️‍♀️ Preparing training...
[ 2026-03-22 17:23:33 | node_9 | INFO ] 🔬 Evaluating...
[ 2026-03-22 17:23:33 | node_33 | INFO ] 🧠 Aggregation complete. Setting new model.
[ 2026-03-22 17:23:33 | node_1 | INFO ] 🔬 Evaluating...
[ 2026-03-22 17:23:33 | node_6 | INFO ] 🧠 Aggregation complete. Setting new model.
[ 2026-03-22 17:23:33 | node_20 | INFO ] 🔬 Evaluating...
[ 2026-03-22 17:23:33 | node_34 | INFO ] 🗣️ Gossiping aggregated model.
[ 2026-03-22 17:23:33 | node_4 | INFO ] 🗣️ Gossiping aggregated model.
[ 2026-03-22 17:23:33 | node_23 | INFO ] 🗣️ Gossiping aggregated model.
[ 2026-03-22 17:23:33 | node_29 | INFO ] 🤫 Gossip finished.
[ 2026-03-22 17:23:33 | node_24 | INFO ] 🗣️ Gossiping aggregated model.
[ 2026-03-22 17:23:33 | node_27 | INFO ] 🗣️ Gossiping aggregated model.
[ 2026-03-22 17:23:33 | node_30 | INFO ] 📈 Evaluated. Results: {'test_loss': 0.0011329347034916282, 'test_accuracy': 0.9973906874656677, 'test_precision': 0.921360433101654, 'test_recall': 0.3325672745704651, 'test_f1': 0.48688164353370667, 'communication_cost': 1457816}
[ 2026-03-22 17:23:33 | node_7 | INFO ] 🗣️ Gossiping aggregated model.
[ 2026-03-22 17:23:33 | node_24 | INFO ] 🤫 Gossip finished.
[ 2026-03-22 17:23:33 | node_29 | INFO ] 🔬 Evaluating...
[ 2026-03-22 17:23:33 | node_24 | INFO ] 🔬 Evaluating...
[ 2026-03-22 17:23:33 | node_30 | INFO ] 📢 Broadcasting metrics.
[ 2026-03-22 17:23:33 | node_33 | INFO ] 🗣️ Gossiping aggregated model.
[ 2026-03-22 17:23:33 | node_33 | INFO ] 🤫 Gossip finished.
[ 2026-03-22 17:23:33 | node_6 | INFO ] 🗣️ Gossiping aggregated model.
[ 2026-03-22 17:23:33 | node_33 | INFO ] 🔬 Evaluating...
[ 2026-03-22 17:23:33 | node_11 | INFO ] 🎓 Training step done.
[ 2026-03-22 17:23:33 | node_49 | INFO ] 🧩 Model added for round 145 (3/3) from ['node_48']
[ 2026-03-22 17:23:33 | node_36 | INFO ] 🧩 Model added for round 146 (3/3) from ['node_35']
[ 2026-03-22 17:23:34 | node_15 | INFO ] 🧩 Model added for round 146 (3/3) from ['node_14']
[ 2026-03-22 17:23:34 | node_11 | INFO ] 🛠️ Calling force_add_local_model...
[ 2026-03-22 17:23:34 | node_28 | INFO ] 🤫 Gossip finished.
[ 2026-03-22 17:23:34 | node_13 | INFO ] 🧠 Aggregation complete. Setting new model.
[ 2026-03-22 17:23:34 | node_26 | INFO ] 🧠 Aggregation complete. Setting new model.
[ 2026-03-22 17:23:34 | node_22 | INFO ] 🧠 Aggregation complete. Setting new model.
[ 2026-03-22 17:23:34 | node_5 | INFO ] 🧠 Aggregation complete. Setting new model.
[ 2026-03-22 17:23:34 | node_11 | INFO ] ✅ [FORCE] Local model added for round 146. (2/3)
[ 2026-03-22 17:23:34 | node_3 | INFO ] 🧠 Aggregation complete. Setting new model.
[ 2026-03-22 17:23:34 | node_49 | INFO ] 🧠 Aggregation complete. Setting new model.
[ 2026-03-22 17:23:34 | node_15 | INFO ] 🧠 Aggregation complete. Setting new model.
[ 2026-03-22 17:23:34 | node_47 | INFO ] 📤 Sending model to 2 direct neighbors: ['node_46', 'node_48']
[ 2026-03-22 17:23:34 | node_19 | INFO ] 📈 Evaluated. Results: {'test_loss': 0.0011640231823548675, 'test_accuracy': 0.9972107410430908, 'test_precision': 0.8157278895378113, 'test_recall': 0.285857617855072, 'test_f1': 0.4164322018623352, 'communication_cost': 1457816}
[ 2026-03-22 17:23:34 | node_10 | INFO ] 📈 Evaluated. Results: {'test_loss': 0.001312964828684926, 'test_accuracy': 0.997031033039093, 'test_precision': 0.5527665615081787, 'test_recall': 0.10850602388381958, 'test_f1': 0.18106494843959808, 'communication_cost': 1457816}
[ 2026-03-22 17:23:34 | node_28 | INFO ] 🔬 Evaluating...
[ 2026-03-22 17:23:34 | node_19 | INFO ] 📢 Broadcasting metrics.
[ 2026-03-22 17:23:34 | node_39 | INFO ] 🤫 Gossip finished.
[ 2026-03-22 17:23:34 | node_10 | INFO ] 📢 Broadcasting metrics.
[ 2026-03-22 17:23:34 | node_39 | INFO ] 🔬 Evaluating...
[ 2026-03-22 17:23:34 | node_22 | INFO ] 🗣️ Gossiping aggregated model.
[ 2026-03-22 17:23:34 | node_26 | INFO ] 🗣️ Gossiping aggregated model.
[ 2026-03-22 17:23:34 | node_49 | INFO ] 🗣️ Gossiping aggregated model.
[ 2026-03-22 17:23:34 | node_13 | INFO ] 🗣️ Gossiping aggregated model.
[ 2026-03-22 17:23:34 | node_22 | INFO ] 🤫 Gossip finished.
[ 2026-03-22 17:23:34 | node_15 | INFO ] 🗣️ Gossiping aggregated model.
[ 2026-03-22 17:23:34 | node_3 | INFO ] 🗣️ Gossiping aggregated model.
[ 2026-03-22 17:23:34 | node_26 | INFO ] 🤫 Gossip finished.
[ 2026-03-22 17:23:34 | node_22 | INFO ] 🔬 Evaluating...
[ 2026-03-22 17:23:34 | node_3 | INFO ] 🤫 Gossip finished.
[ 2026-03-22 17:23:34 | node_5 | INFO ] 🗣️ Gossiping aggregated model.
[ 2026-03-22 17:23:34 | node_26 | INFO ] 🔬 Evaluating...
[ 2026-03-22 17:23:34 | node_5 | INFO ] 🤫 Gossip finished.
[ 2026-03-22 17:23:34 | node_3 | INFO ] 🔬 Evaluating...
[ 2026-03-22 17:23:34 | node_5 | INFO ] 🔬 Evaluating...
[ 2026-03-22 17:23:34 | node_46 | INFO ] 🧩 Model added for round 145 (3/3) from ['node_47']
[ 2026-03-22 17:23:34 | node_46 | INFO ] 🧠 Aggregation complete. Setting new model.
[ 2026-03-22 17:23:34 | node_14 | INFO ] 🧠 Aggregation complete. Setting new model.
[ 2026-03-22 17:23:34 | node_30 | INFO ] 🎉 Round 147 of 150 finished.
[ 2026-03-22 17:23:34 | node_45 | INFO ] 🤫 Gossip finished.
[ 2026-03-22 17:23:34 | node_30 | INFO ] 🗳️ [DETERMINISTIC] Train set assigned (No Voting). Size: 50
[ 2026-03-22 17:23:34 | node_45 | INFO ] 🔬 Evaluating...
[ 2026-03-22 17:23:34 | node_16 | INFO ] 📈 Evaluated. Results: {'test_loss': 0.0011244890047237277, 'test_accuracy': 0.99676114320755, 'test_precision': 0.6756035685539246, 'test_recall': 0.1535462588071823, 'test_f1': 0.2440224289894104, 'communication_cost': 1457816}
[ 2026-03-22 17:23:34 | node_31 | INFO ] 🤫 Gossip finished.
[ 2026-03-22 17:23:35 | node_16 | INFO ] 📢 Broadcasting metrics.
[ 2026-03-22 17:23:35 | node_14 | INFO ] 🗣️ Gossiping aggregated model.
[ 2026-03-22 17:23:35 | node_46 | INFO ] 🗣️ Gossiping aggregated model.
[ 2026-03-22 17:23:35 | node_10 | INFO ] 🎉 Round 146 of 150 finished.
[ 2026-03-22 17:23:35 | node_31 | INFO ] 🔬 Evaluating...
[ 2026-03-22 17:23:35 | node | INFO ] 🤫 Gossip finished.
[ 2026-03-22 17:23:35 | node_30 | INFO ] 🏋️‍♀️ Preparing training...
[ 2026-03-22 17:23:35 | node_14 | INFO ] 🤫 Gossip finished.
[ 2026-03-22 17:23:35 | node_14 | INFO ] 🔬 Evaluating...
[ 2026-03-22 17:23:35 | node | INFO ] 🔬 Evaluating...
[ 2026-03-22 17:23:35 | node_10 | INFO ] 🗳️ [DETERMINISTIC] Train set assigned (No Voting). Size: 50
[ 2026-03-22 17:23:35 | node_19 | INFO ] 🎉 Round 147 of 150 finished.
[ 2026-03-22 17:23:35 | node_36 | INFO ] 📤 Sending model to 2 direct neighbors: ['node_35', 'node_37']
[ 2026-03-22 17:23:35 | node_48 | INFO ] 🧩 Model added for round 145 (3/3) from ['node_47']
[ 2026-03-22 17:23:35 | node_8 | INFO ] 🤫 Gossip finished.
[ 2026-03-22 17:23:35 | node_19 | INFO ] 🗳️ [DETERMINISTIC] Train set assigned (No Voting). Size: 50
[ 2026-03-22 17:23:35 | node_10 | INFO ] 🏋️‍♀️ Preparing training...
[ 2026-03-22 17:23:35 | node_23 | INFO ] 🤫 Gossip finished.
[ 2026-03-22 17:23:35 | node_2 | INFO ] 🤫 Gossip finished.
[ 2026-03-22 17:23:35 | node_48 | INFO ] 🧠 Aggregation complete. Setting new model.
[ 2026-03-22 17:23:35 | node_8 | INFO ] 🔬 Evaluating...
[ 2026-03-22 17:23:35 | node_32 | INFO ] 🤫 Gossip finished.
[ 2026-03-22 17:23:35 | node_21 | INFO ] 🤫 Gossip finished.
[ 2026-03-22 17:23:35 | node_23 | INFO ] 🔬 Evaluating...
[ 2026-03-22 17:23:35 | node_2 | INFO ] 🔬 Evaluating...
[ 2026-03-22 17:23:35 | node_19 | INFO ] 🏋️‍♀️ Preparing training...
[ 2026-03-22 17:23:35 | node_35 | INFO ] 🧩 Model added for round 146 (3/3) from ['node_36']
[ 2026-03-22 17:23:35 | node_32 | INFO ] 🔬 Evaluating...
[ 2026-03-22 17:23:35 | node_21 | INFO ] 🔬 Evaluating...
[ 2026-03-22 17:23:35 | node_42 | INFO ] 📤 Sending model to 2 direct neighbors: ['node_41', 'node_43']
[ 2026-03-22 17:23:36 | node_35 | INFO ] 🧠 Aggregation complete. Setting new model.
[ 2026-03-22 17:23:36 | node_47 | INFO ] 🧠 Aggregation complete. Setting new model.
[ 2026-03-22 17:23:36 | node_27 | INFO ] 🤫 Gossip finished.
[ 2026-03-22 17:23:36 | node_4 | INFO ] 🤫 Gossip finished.
[ 2026-03-22 17:23:36 | node_48 | INFO ] 🗣️ Gossiping aggregated model.
[ 2026-03-22 17:23:36 | node_17 | INFO ] 🎓 Training step done.
[ 2026-03-22 17:23:36 | node_27 | INFO ] 🔬 Evaluating...
[ 2026-03-22 17:23:36 | node_4 | INFO ] 🔬 Evaluating...
[ 2026-03-22 17:23:36 | node_41 | INFO ] 🧩 Model added for round 146 (3/3) from ['node_42']
[ 2026-03-22 17:23:36 | node_18 | INFO ] 🎓 Training step done.
[ 2026-03-22 17:23:36 | node_17 | INFO ] 🛠️ Calling force_add_local_model...
[ 2026-03-22 17:23:36 | node_7 | INFO ] 🤫 Gossip finished.
[ 2026-03-22 17:23:36 | node_18 | INFO ] 🛠️ Calling force_add_local_model...
[ 2026-03-22 17:23:36 | node_17 | INFO ] ✅ [FORCE] Local model added for round 147. (1/3)
[ 2026-03-22 17:23:36 | node_41 | INFO ] 🧠 Aggregation complete. Setting new model.
[ 2026-03-22 17:23:36 | node_15 | INFO ] 🤫 Gossip finished.
[ 2026-03-22 17:23:36 | node_7 | INFO ] 🔬 Evaluating...
[ 2026-03-22 17:23:36 | node_16 | INFO ] 🎉 Round 147 of 150 finished.
[ 2026-03-22 17:23:36 | node_18 | INFO ] ✅ [FORCE] Local model added for round 147. (1/3)
[ 2026-03-22 17:23:36 | node_47 | INFO ] 🗣️ Gossiping aggregated model.
[ 2026-03-22 17:23:36 | node_35 | INFO ] 🗣️ Gossiping aggregated model.
[ 2026-03-22 17:23:36 | node_15 | INFO ] 🔬 Evaluating...
[ 2026-03-22 17:23:36 | node_44 | INFO ] 📈 Evaluated. Results: {'test_loss': 0.0011122203432023525, 'test_accuracy': 0.9975706338882446, 'test_precision': 1.0, 'test_recall': 0.31495070457458496, 'test_f1': 0.46671125292778015, 'communication_cost': 1457816}
[ 2026-03-22 17:23:36 | node_37 | INFO ] 🧩 Model added for round 146 (3/3) from ['node_36']
[ 2026-03-22 17:23:36 | node_49 | INFO ] 🤫 Gossip finished.
[ 2026-03-22 17:23:36 | node_16 | INFO ] 🗳️ [DETERMINISTIC] Train set assigned (No Voting). Size: 50
[ 2026-03-22 17:23:36 | node_44 | INFO ] 📢 Broadcasting metrics.
[ 2026-03-22 17:23:36 | node_49 | INFO ] 🔬 Evaluating...
[ 2026-03-22 17:23:36 | node_37 | INFO ] 🧠 Aggregation complete. Setting new model.
[ 2026-03-22 17:23:36 | node_16 | INFO ] 🏋️‍♀️ Preparing training...
[ 2026-03-22 17:23:36 | node_25 | INFO ] 🤫 Gossip finished.
[ 2026-03-22 17:23:36 | node_41 | INFO ] 🗣️ Gossiping aggregated model.
[ 2026-03-22 17:23:37 | node_46 | INFO ] 🤫 Gossip finished.
[ 2026-03-22 17:23:37 | node_25 | INFO ] 🔬 Evaluating...
[ 2026-03-22 17:23:37 | node_43 | INFO ] 🧩 Model added for round 146 (1/3) from ['node_42']
[ 2026-03-22 17:23:37 | node_36 | INFO ] 🧠 Aggregation complete. Setting new model.
[ 2026-03-22 17:23:37 | node_34 | INFO ] 🤫 Gossip finished.
[ 2026-03-22 17:23:37 | node_46 | INFO ] 🔬 Evaluating...
[ 2026-03-22 17:23:37 | node_5 | INFO ] 📈 Evaluated. Results: {'test_loss': 0.0014668136136606336, 'test_accuracy': 0.9965811967849731, 'test_precision': 0.7236167192459106, 'test_recall': 0.17980742454528809, 'test_f1': 0.2833048403263092, 'communication_cost': 1457816}
[ 2026-03-22 17:23:37 | node_5 | INFO ] 📢 Broadcasting metrics.
[ 2026-03-22 17:23:37 | node_37 | INFO ] 🗣️ Gossiping aggregated model.
[ 2026-03-22 17:23:37 | node_34 | INFO ] 🔬 Evaluating...
[ 2026-03-22 17:23:37 | node_36 | INFO ] 🗣️ Gossiping aggregated model.
[ 2026-03-22 17:23:37 | node_36 | INFO ] 🤫 Gossip finished.
[ 2026-03-22 17:23:37 | node_36 | INFO ] 🔬 Evaluating...
[ 2026-03-22 17:23:37 | node_40 | INFO ] 🤫 Gossip finished.
[ 2026-03-22 17:23:37 | node_9 | INFO ] 📈 Evaluated. Results: {'test_loss': 0.0012284968979656696, 'test_accuracy': 0.996941089630127, 'test_precision': 0.8291497826576233, 'test_recall': 0.21553845703601837, 'test_f1': 0.3285890221595764, 'communication_cost': 1457816}
[ 2026-03-22 17:23:37 | node_40 | INFO ] 🔬 Evaluating...
[ 2026-03-22 17:23:37 | node_1 | INFO ] 📈 Evaluated. Results: {'test_loss': 0.001342398812994361, 'test_accuracy': 0.9972109794616699, 'test_precision': 0.6448943018913269, 'test_recall': 0.19244463741779327, 'test_f1': 0.28196677565574646, 'communication_cost': 1457816}
[ 2026-03-22 17:23:37 | node_44 | INFO ] 🎉 Round 146 of 150 finished.
[ 2026-03-22 17:23:37 | node_29 | INFO ] 📈 Evaluated. Results: {'test_loss': 0.0012883706949651241, 'test_accuracy': 0.9964009523391724, 'test_precision': 0.79851233959198, 'test_recall': 0.34332799911499023, 'test_f1': 0.4524903893470764, 'communication_cost': 1457816}
[ 2026-03-22 17:23:37 | node_9 | INFO ] 📢 Broadcasting metrics.
[ 2026-03-22 17:23:37 | node_1 | INFO ] 📢 Broadcasting metrics.
[ 2026-03-22 17:23:37 | node_29 | INFO ] 📢 Broadcasting metrics.
[ 2026-03-22 17:23:37 | node_44 | INFO ] 🗳️ [DETERMINISTIC] Train set assigned (No Voting). Size: 50
[ 2026-03-22 17:23:37 | node_38 | INFO ] 🤫 Gossip finished.
[ 2026-03-22 17:23:37 | node_48 | INFO ] 🤫 Gossip finished.
[ 2026-03-22 17:23:37 | node_44 | INFO ] 🏋️‍♀️ Preparing training...
[ 2026-03-22 17:23:37 | node_38 | INFO ] 🔬 Evaluating...
[ 2026-03-22 17:23:37 | node_48 | INFO ] 🔬 Evaluating...
[ 2026-03-22 17:23:37 | node_3 | INFO ] 📈 Evaluated. Results: {'test_loss': 0.001753361662849784, 'test_accuracy': 0.9959514141082764, 'test_precision': 0.4483550786972046, 'test_recall': 0.27709195017814636, 'test_f1': 0.30387669801712036, 'communication_cost': 1457816}
[ 2026-03-22 17:23:37 | node_31 | INFO ] 📈 Evaluated. Results: {'test_loss': 0.0010124860564246774, 'test_accuracy': 0.9976606369018555, 'test_precision': 0.6314558386802673, 'test_recall': 0.21345479786396027, 'test_f1': 0.31159868836402893, 'communication_cost': 1457816}
[ 2026-03-22 17:23:37 | node_5 | INFO ] 🎉 Round 146 of 150 finished.
[ 2026-03-22 17:23:37 | node_3 | INFO ] 📢 Broadcasting metrics.
[ 2026-03-22 17:23:37 | node_31 | INFO ] 📢 Broadcasting metrics.
[ 2026-03-22 17:23:37 | node_5 | INFO ] 🗳️ [DETERMINISTIC] Train set assigned (No Voting). Size: 50
[ 2026-03-22 17:23:38 | node_33 | INFO ] 📈 Evaluated. Results: {'test_loss': 0.001659427653066814, 'test_accuracy': 0.9961310029029846, 'test_precision': 0.460680216550827, 'test_recall': 0.0742207020521164, 'test_f1': 0.1263580024242401, 'communication_cost': 1457816}
[ 2026-03-22 17:23:38 | node_5 | INFO ] 🏋️‍♀️ Preparing training...
[ 2026-03-22 17:23:38 | node_33 | INFO ] 📢 Broadcasting metrics.
[ 2026-03-22 17:23:38 | node_14 | INFO ] 📈 Evaluated. Results: {'test_loss': 0.0012910142540931702, 'test_accuracy': 0.9968510866165161, 'test_precision': 0.9212775826454163, 'test_recall': 0.20145800709724426, 'test_f1': 0.3198149502277374, 'communication_cost': 1457816}
[ 2026-03-22 17:23:38 | node_14 | INFO ] 📢 Broadcasting metrics.
[ 2026-03-22 17:23:38 | node_1 | INFO ] 🎉 Round 146 of 150 finished.
[ 2026-03-22 17:23:38 | node_9 | INFO ] 🎉 Round 146 of 150 finished.
[ 2026-03-22 17:23:38 | node_29 | INFO ] 🎉 Round 147 of 150 finished.
[ 2026-03-22 17:23:38 | node_1 | INFO ] 🗳️ [DETERMINISTIC] Train set assigned (No Voting). Size: 50
[ 2026-03-22 17:23:38 | node_9 | INFO ] 🗳️ [DETERMINISTIC] Train set assigned (No Voting). Size: 50
[ 2026-03-22 17:23:38 | node_29 | INFO ] 🗳️ [DETERMINISTIC] Train set assigned (No Voting). Size: 50
[ 2026-03-22 17:23:38 | node_1 | INFO ] 🏋️‍♀️ Preparing training...
[ 2026-03-22 17:23:38 | node_9 | INFO ] 🏋️‍♀️ Preparing training...
[ 2026-03-22 17:23:38 | node_37 | INFO ] 🤫 Gossip finished.
[ 2026-03-22 17:23:38 | node_29 | INFO ] 🏋️‍♀️ Preparing training...
[ 2026-03-22 17:23:38 | node_31 | INFO ] 🎉 Round 147 of 150 finished.
[ 2026-03-22 17:23:38 | node_3 | INFO ] 🎉 Round 146 of 150 finished.
[ 2026-03-22 17:23:38 | node_37 | INFO ] 🔬 Evaluating...
[ 2026-03-22 17:23:38 | node_45 | INFO ] 📈 Evaluated. Results: {'test_loss': 0.001155360252596438, 'test_accuracy': 0.9974806308746338, 'test_precision': 0.8157278895378113, 'test_recall': 0.33622974157333374, 'test_f1': 0.45334339141845703, 'communication_cost': 1457816}
[ 2026-03-22 17:23:39 | node_35 | INFO ] 🤫 Gossip finished.
[ 2026-03-22 17:23:39 | node_31 | INFO ] 🗳️ [DETERMINISTIC] Train set assigned (No Voting). Size: 50
[ 2026-03-22 17:23:39 | node_3 | INFO ] 🗳️ [DETERMINISTIC] Train set assigned (No Voting). Size: 50
[ 2026-03-22 17:23:39 | node_45 | INFO ] 📢 Broadcasting metrics.
[ 2026-03-22 17:23:39 | node_33 | INFO ] 🎉 Round 147 of 150 finished.
[ 2026-03-22 17:23:39 | node_35 | INFO ] 🔬 Evaluating...
[ 2026-03-22 17:23:39 | node_3 | INFO ] 🏋️‍♀️ Preparing training...
[ 2026-03-22 17:23:39 | node_31 | INFO ] 🏋️‍♀️ Preparing training...
[ 2026-03-22 17:23:39 | node_11 | INFO ] 📤 Sending model to 2 direct neighbors: ['node_10', 'node_12']
[ 2026-03-22 17:23:39 | node_33 | INFO ] 🗳️ [DETERMINISTIC] Train set assigned (No Voting). Size: 50
[ 2026-03-22 17:23:39 | node_14 | INFO ] 🎉 Round 147 of 150 finished.
[ 2026-03-22 17:23:39 | node_14 | INFO ] 🗳️ [DETERMINISTIC] Train set assigned (No Voting). Size: 50
[ 2026-03-22 17:23:39 | node_33 | INFO ] 🏋️‍♀️ Preparing training...
[ 2026-03-22 17:23:39 | node_10 | INFO ] 🧩 Model added for round 146 (1/3) from ['node_11']
[ 2026-03-22 17:23:39 | node_14 | INFO ] 🏋️‍♀️ Preparing training...
[ 2026-03-22 17:23:39 | node_20 | INFO ] 📈 Evaluated. Results: {'test_loss': 0.0010815977584570646, 'test_accuracy': 0.9973006844520569, 'test_precision': 0.8157278895378113, 'test_recall': 0.28342047333717346, 'test_f1': 0.39474719762802124, 'communication_cost': 1457816}
[ 2026-03-22 17:23:39 | node_20 | INFO ] 📢 Broadcasting metrics.
[ 2026-03-22 17:23:39 | node_22 | INFO ] 📈 Evaluated. Results: {'test_loss': 0.0012769594322890043, 'test_accuracy': 0.9972107410430908, 'test_precision': 0.7764081358909607, 'test_recall': 0.23492605984210968, 'test_f1': 0.3397391140460968, 'communication_cost': 1457816}
[ 2026-03-22 17:23:39 | node_22 | INFO ] 📢 Broadcasting metrics.
[ 2026-03-22 17:23:39 | node_23 | INFO ] 📈 Evaluated. Results: {'test_loss': 0.001377033069729805, 'test_accuracy': 0.9965808987617493, 'test_precision': 0.8157278895378113, 'test_recall': 0.22660906612873077, 'test_f1': 0.3442707061767578, 'communication_cost': 1457816}
[ 2026-03-22 17:23:39 | node_23 | INFO ] 📢 Broadcasting metrics.
[ 2026-03-22 17:23:39 | node_12 | INFO ] 🧩 Model added for round 146 (3/3) from ['node_11']
[ 2026-03-22 17:23:39 | node_12 | INFO ] 🧠 Aggregation complete. Setting new model.
[ 2026-03-22 17:23:39 | node_45 | INFO ] 🎉 Round 146 of 150 finished.
[ 2026-03-22 17:23:39 | node_46 | INFO ] 📈 Evaluated. Results: {'test_loss': 0.0015272276941686869, 'test_accuracy': 0.9963109493255615, 'test_precision': 0.6314558386802673, 'test_recall': 0.12907615303993225, 'test_f1': 0.2025919109582901, 'communication_cost': 1457816}
[ 2026-03-22 17:23:39 | node_45 | INFO ] 🗳️ [DETERMINISTIC] Train set assigned (No Voting). Size: 50
[ 2026-03-22 17:23:39 | node_46 | INFO ] 📢 Broadcasting metrics.
[ 2026-03-22 17:23:40 | node_45 | INFO ] 🏋️‍♀️ Preparing training...
[ 2026-03-22 17:23:40 | node_12 | INFO ] 🗣️ Gossiping aggregated model.
[ 2026-03-22 17:23:40 | node_20 | INFO ] 🎉 Round 147 of 150 finished.
[ 2026-03-22 17:23:40 | node_13 | INFO ] 🤫 Gossip finished.
[ 2026-03-22 17:23:40 | node_39 | INFO ] 📈 Evaluated. Results: {'test_loss': 0.0011195314582437277, 'test_accuracy': 0.9973906874656677, 'test_precision': 0.5122848153114319, 'test_recall': 0.3903142213821411, 'test_f1': 0.43857598304748535, 'communication_cost': 1457816}
[ 2026-03-22 17:23:40 | node_22 | INFO ] 🎉 Round 147 of 150 finished.
[ 2026-03-22 17:23:40 | node_20 | INFO ] 🗳️ [DETERMINISTIC] Train set assigned (No Voting). Size: 50
[ 2026-03-22 17:23:40 | node_39 | INFO ] 📢 Broadcasting metrics.
[ 2026-03-22 17:23:40 | node_13 | INFO ] 🔬 Evaluating...
[ 2026-03-22 17:23:40 | node_22 | INFO ] 🗳️ [DETERMINISTIC] Train set assigned (No Voting). Size: 50
[ 2026-03-22 17:23:40 | node_23 | INFO ] 🎉 Round 147 of 150 finished.
[ 2026-03-22 17:23:40 | node_23 | INFO ] 🗳️ [DETERMINISTIC] Train set assigned (No Voting). Size: 50
[ 2026-03-22 17:23:40 | node_22 | INFO ] 🏋️‍♀️ Preparing training...
[ 2026-03-22 17:23:40 | node_20 | INFO ] 🏋️‍♀️ Preparing training...
[ 2026-03-22 17:23:40 | node_28 | INFO ] 📈 Evaluated. Results: {'test_loss': 0.0010163658298552036, 'test_accuracy': 0.9969407916069031, 'test_precision': 0.7831563949584961, 'test_recall': 0.3258664608001709, 'test_f1': 0.4513833820819855, 'communication_cost': 1457816}
[ 2026-03-22 17:23:40 | node_36 | INFO ] 📈 Evaluated. Results: {'test_loss': 0.0015301256207749248, 'test_accuracy': 0.9965808987617493, 'test_precision': 0.6910203099250793, 'test_recall': 0.20269930362701416, 'test_f1': 0.3088076114654541, 'communication_cost': 1457816}
[ 2026-03-22 17:23:40 | node_28 | INFO ] 📢 Broadcasting metrics.
[ 2026-03-22 17:23:40 | node_36 | INFO ] 📢 Broadcasting metrics.
[ 2026-03-22 17:23:40 | node_23 | INFO ] 🏋️‍♀️ Preparing training...
[ 2026-03-22 17:23:41 | node_24 | INFO ] 📈 Evaluated. Results: {'test_loss': 0.0009600671473890543, 'test_accuracy': 0.9973006844520569, 'test_precision': 0.8157278895378113, 'test_recall': 0.2491852194070816, 'test_f1': 0.3774152994155884, 'communication_cost': 1457816}
[ 2026-03-22 17:23:41 | node_46 | INFO ] 🎉 Round 146 of 150 finished.
[ 2026-03-22 17:23:41 | node_24 | INFO ] 📢 Broadcasting metrics.
[ 2026-03-22 17:23:41 | node_46 | INFO ] 🗳️ [DETERMINISTIC] Train set assigned (No Voting). Size: 50
[ 2026-03-22 17:23:41 | node_21 | INFO ] 📈 Evaluated. Results: {'test_loss': 0.0012303210096433759, 'test_accuracy': 0.9963109493255615, 'test_precision': 0.921360433101654, 'test_recall': 0.17812968790531158, 'test_f1': 0.29834532737731934, 'communication_cost': 1457816}
[ 2026-03-22 17:23:41 | node_21 | INFO ] 📢 Broadcasting metrics.
[ 2026-03-22 17:23:41 | node_17 | INFO ] 📤 Sending model to 2 direct neighbors: ['node_16', 'node_18']
[ 2026-03-22 17:23:41 | node_18 | INFO ] 📤 Sending model to 2 direct neighbors: ['node_17', 'node_19']
[ 2026-03-22 17:23:41 | node_46 | INFO ] 🏋️‍♀️ Preparing training...
[ 2026-03-22 17:23:41 | node_48 | INFO ] 📈 Evaluated. Results: {'test_loss': 0.0015303646214306355, 'test_accuracy': 0.9965808987617493, 'test_precision': 0.8292244076728821, 'test_recall': 0.20423489809036255, 'test_f1': 0.3233935534954071, 'communication_cost': 1457816}
[ 2026-03-22 17:23:41 | node_43 | INFO ] 🎓 Training step done.
[ 2026-03-22 17:23:41 | node_48 | INFO ] 📢 Broadcasting metrics.
[ 2026-03-22 17:23:41 | node_7 | INFO ] 📈 Evaluated. Results: {'test_loss': 0.001328562735579908, 'test_accuracy': 0.9966711401939392, 'test_precision': 0.6448943018913269, 'test_recall': 0.16378267109394073, 'test_f1': 0.2546076476573944, 'communication_cost': 1457816}
[ 2026-03-22 17:23:41 | node_39 | INFO ] 🎉 Round 147 of 150 finished.
[ 2026-03-22 17:23:41 | node_43 | INFO ] 🛠️ Calling force_add_local_model...
[ 2026-03-22 17:23:41 | node_7 | INFO ] 📢 Broadcasting metrics.
[ 2026-03-22 17:23:41 | node_43 | INFO ] ✅ [FORCE] Local model added for round 146. (2/3)
[ 2026-03-22 17:23:41 | node_39 | INFO ] 🗳️ [DETERMINISTIC] Train set assigned (No Voting). Size: 50
[ 2026-03-22 17:23:41 | node_16 | INFO ] 🧩 Model added for round 147 (1/3) from ['node_17']
[ 2026-03-22 17:23:42 | node_17 | INFO ] 🧩 Model added for round 147 (2/3) from ['node_18']
[ 2026-03-22 17:23:42 | node_32 | INFO ] 📈 Evaluated. Results: {'test_loss': 0.0010374044068157673, 'test_accuracy': 0.9969407916069031, 'test_precision': 0.8292244076728821, 'test_recall': 0.30520766973495483, 'test_f1': 0.4247564971446991, 'communication_cost': 1457816}
[ 2026-03-22 17:23:42 | node_39 | INFO ] 🏋️‍♀️ Preparing training...
[ 2026-03-22 17:23:42 | node_26 | INFO ] 📈 Evaluated. Results: {'test_loss': 0.0011191305238753557, 'test_accuracy': 0.99712073802948, 'test_precision': 0.7370883822441101, 'test_recall': 0.19348569214344025, 'test_f1': 0.30523017048835754, 'communication_cost': 1457816}
[ 2026-03-22 17:23:42 | node_36 | INFO ] 🎉 Round 147 of 150 finished.
[ 2026-03-22 17:23:42 | node_28 | INFO ] 🎉 Round 147 of 150 finished.
[ 2026-03-22 17:23:42 | node_32 | INFO ] 📢 Broadcasting metrics.
[ 2026-03-22 17:23:42 | node_26 | INFO ] 📢 Broadcasting metrics.
[ 2026-03-22 17:23:42 | node_15 | INFO ] 📈 Evaluated. Results: {'test_loss': 0.0012109274975955486, 'test_accuracy': 0.9971210360527039, 'test_precision': 0.8157444596290588, 'test_recall': 0.19141273200511932, 'test_f1': 0.29834258556365967, 'communication_cost': 1457816}
[ 2026-03-22 17:23:42 | node_36 | INFO ] 🗳️ [DETERMINISTIC] Train set assigned (No Voting). Size: 50
[ 2026-03-22 17:23:42 | node_28 | INFO ] 🗳️ [DETERMINISTIC] Train set assigned (No Voting). Size: 50
[ 2026-03-22 17:23:42 | node_19 | INFO ] 🎓 Training step done.
[ 2026-03-22 17:23:42 | node_15 | INFO ] 📢 Broadcasting metrics.
[ 2026-03-22 17:23:42 | node_19 | INFO ] 🛠️ Calling force_add_local_model...
[ 2026-03-22 17:23:42 | node_8 | INFO ] 📈 Evaluated. Results: {'test_loss': 0.0014279461465775967, 'test_accuracy': 0.9955015778541565, 'test_precision': 0.5527665615081787, 'test_recall': 0.10146427154541016, 'test_f1': 0.16787724196910858, 'communication_cost': 1457816}
[ 2026-03-22 17:23:42 | node_19 | INFO ] ✅ [FORCE] Local model added for round 147. (1/3)
[ 2026-03-22 17:23:42 | node_34 | INFO ] 📈 Evaluated. Results: {'test_loss': 0.0011285836808383465, 'test_accuracy': 0.9973906874656677, 'test_precision': 0.5528162717819214, 'test_recall': 0.1883220225572586, 'test_f1': 0.2791782319545746, 'communication_cost': 1457816}
[ 2026-03-22 17:23:42 | node_8 | INFO ] 📢 Broadcasting metrics.
[ 2026-03-22 17:23:42 | node_36 | INFO ] 🏋️‍♀️ Preparing training...
[ 2026-03-22 17:23:42 | node_28 | INFO ] 🏋️‍♀️ Preparing training...
[ 2026-03-22 17:23:43 | node_34 | INFO ] 📢 Broadcasting metrics.
[ 2026-03-22 17:23:43 | node_24 | INFO ] 🎉 Round 147 of 150 finished.
[ 2026-03-22 17:23:43 | node_38 | INFO ] 📈 Evaluated. Results: {'test_loss': 0.0011559845879673958, 'test_accuracy': 0.9973906874656677, 'test_precision': 0.8619630336761475, 'test_recall': 0.462890088558197, 'test_f1': 0.5874054431915283, 'communication_cost': 1457816}
[ 2026-03-22 17:23:43 | node_19 | INFO ] 🧩 Model added for round 147 (2/3) from ['node_18']
[ 2026-03-22 17:23:43 | node_25 | INFO ] 📈 Evaluated. Results: {'test_loss': 0.00118307676166296, 'test_accuracy': 0.9972107410430908, 'test_precision': 0.5528162717819214, 'test_recall': 0.16979356110095978, 'test_f1': 0.2576659321784973, 'communication_cost': 1457816}
[ 2026-03-22 17:23:43 | node_18 | INFO ] 🧩 Model added for round 147 (2/3) from ['node_17']
[ 2026-03-22 17:23:43 | node_38 | INFO ] 📢 Broadcasting metrics.
[ 2026-03-22 17:23:43 | node_25 | INFO ] 📢 Broadcasting metrics.
[ 2026-03-22 17:23:43 | node | INFO ] 📈 Evaluated. Results: {'test_loss': 0.0013958000345155597, 'test_accuracy': 0.9964912533760071, 'test_precision': 0.8157444596290588, 'test_recall': 0.2499065399169922, 'test_f1': 0.3762487471103668, 'communication_cost': 1457816}
[ 2026-03-22 17:23:43 | node_24 | INFO ] 🗳️ [DETERMINISTIC] Train set assigned (No Voting). Size: 50
[ 2026-03-22 17:23:43 | node_21 | INFO ] 🎉 Round 147 of 150 finished.
[ 2026-03-22 17:23:43 | node | INFO ] 📢 Broadcasting metrics.
[ 2026-03-22 17:23:43 | node_21 | INFO ] 🗳️ [DETERMINISTIC] Train set assigned (No Voting). Size: 50
[ 2026-03-22 17:23:43 | node_24 | INFO ] 🏋️‍♀️ Preparing training...
[ 2026-03-22 17:23:43 | node_2 | INFO ] 📈 Evaluated. Results: {'test_loss': 0.0012410138733685017, 'test_accuracy': 0.9968510866165161, 'test_precision': 0.4913480281829834, 'test_recall': 0.17795617878437042, 'test_f1': 0.23514513671398163, 'communication_cost': 1457816}
[ 2026-03-22 17:23:43 | node_40 | INFO ] 📈 Evaluated. Results: {'test_loss': 0.0013816242571920156, 'test_accuracy': 0.9965808987617493, 'test_precision': 0.692879855632782, 'test_recall': 0.24683482944965363, 'test_f1': 0.34336963295936584, 'communication_cost': 1457816}
[ 2026-03-22 17:23:43 | node_48 | INFO ] 🎉 Round 146 of 150 finished.
[ 2026-03-22 17:23:43 | node_2 | INFO ] 📢 Broadcasting metrics.
[ 2026-03-22 17:23:43 | node_40 | INFO ] 📢 Broadcasting metrics.
[ 2026-03-22 17:23:43 | node_21 | INFO ] 🏋️‍♀️ Preparing training...
[ 2026-03-22 17:23:43 | node_48 | INFO ] 🗳️ [DETERMINISTIC] Train set assigned (No Voting). Size: 50
[ 2026-03-22 17:23:43 | node_7 | INFO ] 🎉 Round 146 of 150 finished.
[ 2026-03-22 17:23:43 | node_4 | INFO ] 📈 Evaluated. Results: {'test_loss': 0.0013055205345153809, 'test_accuracy': 0.99676114320755, 'test_precision': 0.9692906737327576, 'test_recall': 0.3468717038631439, 'test_f1': 0.4983580410480499, 'communication_cost': 1457816}
[ 2026-03-22 17:23:44 | node_4 | INFO ] 📢 Broadcasting metrics.
[ 2026-03-22 17:23:44 | node_7 | INFO ] 🗳️ [DETERMINISTIC] Train set assigned (No Voting). Size: 50
[ 2026-03-22 17:23:44 | node_49 | INFO ] 📈 Evaluated. Results: {'test_loss': 0.0014802142977714539, 'test_accuracy': 0.9969407916069031, 'test_precision': 0.6756643652915955, 'test_recall': 0.18334141373634338, 'test_f1': 0.28669866919517517, 'communication_cost': 1457816}
[ 2026-03-22 17:23:44 | node_48 | INFO ] 🏋️‍♀️ Preparing training...
[ 2026-03-22 17:23:44 | node_49 | INFO ] 📢 Broadcasting metrics.
[ 2026-03-22 17:23:44 | node_32 | INFO ] 🎉 Round 147 of 150 finished.
[ 2026-03-22 17:23:44 | node_7 | INFO ] 🏋️‍♀️ Preparing training...
[ 2026-03-22 17:23:44 | node_26 | INFO ] 🎉 Round 147 of 150 finished.
[ 2026-03-22 17:23:44 | node_27 | INFO ] 📈 Evaluated. Results: {'test_loss': 0.0013453727588057518, 'test_accuracy': 0.9966708421707153, 'test_precision': 0.6314558386802673, 'test_recall': 0.14978978037834167, 'test_f1': 0.23033694922924042, 'communication_cost': 1457816}
[ 2026-03-22 17:23:44 | node_15 | INFO ] 🎉 Round 147 of 150 finished.
[ 2026-03-22 17:23:44 | node_32 | INFO ] 🗳️ [DETERMINISTIC] Train set assigned (No Voting). Size: 50
[ 2026-03-22 17:23:44 | node_27 | INFO ] 📢 Broadcasting metrics.
[ 2026-03-22 17:23:44 | node_8 | INFO ] 🎉 Round 146 of 150 finished.
[ 2026-03-22 17:23:44 | node_26 | INFO ] 🗳️ [DETERMINISTIC] Train set assigned (No Voting). Size: 50
[ 2026-03-22 17:23:44 | node_15 | INFO ] 🗳️ [DETERMINISTIC] Train set assigned (No Voting). Size: 50
[ 2026-03-22 17:23:44 | node_32 | INFO ] 🏋️‍♀️ Preparing training...
[ 2026-03-22 17:23:44 | node_8 | INFO ] 🗳️ [DETERMINISTIC] Train set assigned (No Voting). Size: 50
[ 2026-03-22 17:23:44 | node_34 | INFO ] 🎉 Round 147 of 150 finished.
[ 2026-03-22 17:23:44 | node_38 | INFO ] 🎉 Round 147 of 150 finished.
[ 2026-03-22 17:23:44 | node_26 | INFO ] 🏋️‍♀️ Preparing training...
[ 2026-03-22 17:23:44 | node_25 | INFO ] 🎉 Round 147 of 150 finished.
[ 2026-03-22 17:23:44 | node_15 | INFO ] 🏋️‍♀️ Preparing training...
[ 2026-03-22 17:23:44 | node_34 | INFO ] 🗳️ [DETERMINISTIC] Train set assigned (No Voting). Size: 50
[ 2026-03-22 17:23:44 | node_38 | INFO ] 🗳️ [DETERMINISTIC] Train set assigned (No Voting). Size: 50
[ 2026-03-22 17:23:44 | node_8 | INFO ] 🏋️‍♀️ Preparing training...
[ 2026-03-22 17:23:44 | node | INFO ] 🎉 Round 146 of 150 finished.
[ 2026-03-22 17:23:44 | node_25 | INFO ] 🗳️ [DETERMINISTIC] Train set assigned (No Voting). Size: 50
[ 2026-03-22 17:23:44 | node | INFO ] 🗳️ [DETERMINISTIC] Train set assigned (No Voting). Size: 50
[ 2026-03-22 17:23:44 | node_34 | INFO ] 🏋️‍♀️ Preparing training...
[ 2026-03-22 17:23:44 | node_38 | INFO ] 🏋️‍♀️ Preparing training...
[ 2026-03-22 17:23:45 | node_2 | INFO ] 🎉 Round 146 of 150 finished.
[ 2026-03-22 17:23:45 | node_40 | INFO ] 🎉 Round 147 of 150 finished.
[ 2026-03-22 17:23:45 | node_25 | INFO ] 🏋️‍♀️ Preparing training...
[ 2026-03-22 17:23:45 | node_16 | INFO ] 🎓 Training step done.
[ 2026-03-22 17:23:45 | node_9 | INFO ] 🎓 Training step done.
[ 2026-03-22 17:23:45 | node_40 | INFO ] 🗳️ [DETERMINISTIC] Train set assigned (No Voting). Size: 50
[ 2026-03-22 17:23:45 | node_2 | INFO ] 🗳️ [DETERMINISTIC] Train set assigned (No Voting). Size: 50
[ 2026-03-22 17:23:45 | node_16 | INFO ] 🛠️ Calling force_add_local_model...
[ 2026-03-22 17:23:45 | node_9 | INFO ] 🛠️ Calling force_add_local_model...
[ 2026-03-22 17:23:45 | node | INFO ] 🏋️‍♀️ Preparing training...
[ 2026-03-22 17:23:45 | node_16 | INFO ] ✅ [FORCE] Local model added for round 147. (2/3)
[ 2026-03-22 17:23:45 | node_4 | INFO ] 🎉 Round 146 of 150 finished.
[ 2026-03-22 17:23:45 | node_9 | INFO ] ✅ [FORCE] Local model added for round 146. (1/3)
[ 2026-03-22 17:23:45 | node_2 | INFO ] 🏋️‍♀️ Preparing training...
[ 2026-03-22 17:23:45 | node_49 | INFO ] 🎉 Round 146 of 150 finished.
[ 2026-03-22 17:23:45 | node_40 | INFO ] 🏋️‍♀️ Preparing training...
[ 2026-03-22 17:23:45 | node_4 | INFO ] 🗳️ [DETERMINISTIC] Train set assigned (No Voting). Size: 50
[ 2026-03-22 17:23:45 | node_49 | INFO ] 🗳️ [DETERMINISTIC] Train set assigned (No Voting). Size: 50
[ 2026-03-22 17:23:45 | node_4 | INFO ] 🏋️‍♀️ Preparing training...
[ 2026-03-22 17:23:45 | node_27 | INFO ] 🎉 Round 147 of 150 finished.
[ 2026-03-22 17:23:46 | node_37 | INFO ] 📈 Evaluated. Results: {'test_loss': 0.0010756347328424454, 'test_accuracy': 0.99712073802948, 'test_precision': 0.7370883822441101, 'test_recall': 0.3920900523662567, 'test_f1': 0.49373260140419006, 'communication_cost': 1457816}
[ 2026-03-22 17:23:46 | node_45 | INFO ] 🎓 Training step done.
[ 2026-03-22 17:23:46 | node_35 | INFO ] 📈 Evaluated. Results: {'test_loss': 0.0010774682741612196, 'test_accuracy': 0.9975706338882446, 'test_precision': 0.921360433101654, 'test_recall': 0.32061484456062317, 'test_f1': 0.45716631412506104, 'communication_cost': 1457816}
[ 2026-03-22 17:23:46 | node_49 | INFO ] 🏋️‍♀️ Preparing training...
[ 2026-03-22 17:23:46 | node_45 | INFO ] 🛠️ Calling force_add_local_model...
[ 2026-03-22 17:23:46 | node_27 | INFO ] 🗳️ [DETERMINISTIC] Train set assigned (No Voting). Size: 50
[ 2026-03-22 17:23:46 | node_35 | INFO ] 📢 Broadcasting metrics.
[ 2026-03-22 17:23:46 | node_37 | INFO ] 📢 Broadcasting metrics.
[ 2026-03-22 17:23:46 | node_45 | INFO ] ✅ [FORCE] Local model added for round 146. (1/3)
[ 2026-03-22 17:23:46 | node_27 | INFO ] 🏋️‍♀️ Preparing training...
[ 2026-03-22 17:23:46 | node_5 | INFO ] 🎓 Training step done.
[ 2026-03-22 17:23:46 | node_5 | INFO ] 🛠️ Calling force_add_local_model...
[ 2026-03-22 17:23:46 | node_5 | INFO ] ✅ [FORCE] Local model added for round 146. (1/3)
[ 2026-03-22 17:23:46 | node_13 | INFO ] 📈 Evaluated. Results: {'test_loss': 0.001109166070818901, 'test_accuracy': 0.9972109794616699, 'test_precision': 0.8157444596290588, 'test_recall': 0.3037208318710327, 'test_f1': 0.4216090440750122, 'communication_cost': 1457816}
[ 2026-03-22 17:23:46 | node_13 | INFO ] 📢 Broadcasting metrics.
[ 2026-03-22 17:23:47 | node_46 | INFO ] 🎓 Training step done.
[ 2026-03-22 17:23:47 | node_43 | INFO ] 📤 Sending model to 2 direct neighbors: ['node_42', 'node_44']
[ 2026-03-22 17:23:47 | node_46 | INFO ] 🛠️ Calling force_add_local_model...
[ 2026-03-22 17:23:47 | node_46 | INFO ] ✅ [FORCE] Local model added for round 146. (1/3)
[ 2026-03-22 17:23:47 | node_37 | INFO ] 🎉 Round 147 of 150 finished.
[ 2026-03-22 17:23:47 | node_35 | INFO ] 🎉 Round 147 of 150 finished.
[ 2026-03-22 17:23:47 | node_37 | INFO ] 🗳️ [DETERMINISTIC] Train set assigned (No Voting). Size: 50
[ 2026-03-22 17:23:47 | node_42 | INFO ] 🧩 Model added for round 146 (3/3) from ['node_43']
[ 2026-03-22 17:23:47 | node_35 | INFO ] 🗳️ [DETERMINISTIC] Train set assigned (No Voting). Size: 50
[ 2026-03-22 17:23:47 | node_37 | INFO ] 🏋️‍♀️ Preparing training...
[ 2026-03-22 17:23:47 | node_42 | INFO ] 🧠 Aggregation complete. Setting new model.
[ 2026-03-22 17:23:47 | node_31 | INFO ] 🎓 Training step done.
[ 2026-03-22 17:23:47 | node_31 | INFO ] 🛠️ Calling force_add_local_model...
[ 2026-03-22 17:23:47 | node_35 | INFO ] 🏋️‍♀️ Preparing training...
[ 2026-03-22 17:23:47 | node_31 | INFO ] ✅ [FORCE] Local model added for round 147. (1/3)
[ 2026-03-22 17:23:47 | node_13 | INFO ] 🎉 Round 147 of 150 finished.
[ 2026-03-22 17:23:47 | node_42 | INFO ] 🗣️ Gossiping aggregated model.
[ 2026-03-22 17:23:47 | node_41 | INFO ] 🤫 Gossip finished.
[ 2026-03-22 17:23:47 | node_13 | INFO ] 🗳️ [DETERMINISTIC] Train set assigned (No Voting). Size: 50
[ 2026-03-22 17:23:47 | node_41 | INFO ] 🔬 Evaluating...
[ 2026-03-22 17:23:47 | node_44 | INFO ] 🧩 Model added for round 146 (1/3) from ['node_43']
[ 2026-03-22 17:23:47 | node_13 | INFO ] 🏋️‍♀️ Preparing training...
[ 2026-03-22 17:23:47 | node_19 | INFO ] 📤 Sending model to 2 direct neighbors: ['node_18', 'node_20']
[ 2026-03-22 17:23:48 | node_18 | INFO ] 🧩 Model added for round 147 (3/3) from ['node_19']
[ 2026-03-22 17:23:48 | node_18 | INFO ] 🧠 Aggregation complete. Setting new model.
[ 2026-03-22 17:23:48 | node_30 | INFO ] 🎓 Training step done.
[ 2026-03-22 17:23:48 | node_30 | INFO ] 🛠️ Calling force_add_local_model...
[ 2026-03-22 17:23:48 | node_30 | INFO ] ✅ [FORCE] Local model added for round 147. (1/3)
[ 2026-03-22 17:23:48 | node_10 | INFO ] 🎓 Training step done.
[ 2026-03-22 17:23:48 | node_10 | INFO ] 🛠️ Calling force_add_local_model...
[ 2026-03-22 17:23:48 | node_10 | INFO ] ✅ [FORCE] Local model added for round 146. (2/3)
[ 2026-03-22 17:23:48 | node_18 | INFO ] 🗣️ Gossiping aggregated model.
[ 2026-03-22 17:23:48 | node_20 | INFO ] 🧩 Model added for round 147 (1/3) from ['node_19']
[ 2026-03-22 17:23:48 | node_3 | INFO ] 🎓 Training step done.
[ 2026-03-22 17:23:49 | node_3 | INFO ] 🛠️ Calling force_add_local_model...
[ 2026-03-22 17:23:49 | node_3 | INFO ] ✅ [FORCE] Local model added for round 146. (1/3)
[ 2026-03-22 17:23:49 | node_20 | INFO ] 🎓 Training step done.
[ 2026-03-22 17:23:49 | node_20 | INFO ] 🛠️ Calling force_add_local_model...
[ 2026-03-22 17:23:49 | node_20 | INFO ] ✅ [FORCE] Local model added for round 147. (2/3)
[ 2026-03-22 17:23:50 | node_39 | INFO ] 🎓 Training step done.
[ 2026-03-22 17:23:50 | node_39 | INFO ] 🛠️ Calling force_add_local_model...
[ 2026-03-22 17:23:50 | node_39 | INFO ] ✅ [FORCE] Local model added for round 147. (1/3)
[ 2026-03-22 17:23:50 | node_16 | INFO ] 📤 Sending model to 2 direct neighbors: ['node_15', 'node_17']
[ 2026-03-22 17:23:50 | node_9 | INFO ] 📤 Sending model to 2 direct neighbors: ['node_8', 'node_10']
[ 2026-03-22 17:23:50 | node_15 | INFO ] 🧩 Model added for round 147 (1/3) from ['node_16']
[ 2026-03-22 17:23:50 | node_8 | INFO ] 🧩 Model added for round 146 (1/3) from ['node_9']
[ 2026-03-22 17:23:50 | node_33 | INFO ] 🎓 Training step done.
[ 2026-03-22 17:23:50 | node_33 | INFO ] 🛠️ Calling force_add_local_model...
[ 2026-03-22 17:23:50 | node_22 | INFO ] 🎓 Training step done.
[ 2026-03-22 17:23:51 | node_33 | INFO ] ✅ [FORCE] Local model added for round 147. (1/3)
[ 2026-03-22 17:23:51 | node_17 | INFO ] 🧩 Model added for round 147 (3/3) from ['node_16']
[ 2026-03-22 17:23:51 | node_22 | INFO ] 🛠️ Calling force_add_local_model...
[ 2026-03-22 17:23:51 | node_22 | INFO ] ✅ [FORCE] Local model added for round 147. (1/3)
[ 2026-03-22 17:23:51 | node_17 | INFO ] 🧠 Aggregation complete. Setting new model.
[ 2026-03-22 17:23:51 | node_45 | INFO ] 📤 Sending model to 2 direct neighbors: ['node_44', 'node_46']
[ 2026-03-22 17:23:51 | node_10 | INFO ] 🧩 Model added for round 146 (3/3) from ['node_9']
[ 2026-03-22 17:23:51 | node_14 | INFO ] 🎓 Training step done.
[ 2026-03-22 17:23:51 | node_14 | INFO ] 🛠️ Calling force_add_local_model...
[ 2026-03-22 17:23:51 | node_44 | INFO ] 🧩 Model added for round 146 (2/3) from ['node_45']
[ 2026-03-22 17:23:51 | node_14 | INFO ] ✅ [FORCE] Local model added for round 147. (1/3)
[ 2026-03-22 17:23:51 | node_17 | INFO ] 🗣️ Gossiping aggregated model.
[ 2026-03-22 17:23:51 | node_6 | INFO ] ⏹️  Gossiping exited for 10 equal rounds.
[ 2026-03-22 17:23:51 | node_24 | INFO ] 🎓 Training step done.
[ 2026-03-22 17:23:51 | node_5 | INFO ] 📤 Sending model to 2 direct neighbors: ['node_4', 'node_6']
[ 2026-03-22 17:23:51 | node_24 | INFO ] 🛠️ Calling force_add_local_model...
[ 2026-03-22 17:23:51 | node_46 | INFO ] 🧩 Model added for round 146 (2/3) from ['node_45']
[ 2026-03-22 17:23:51 | node_24 | INFO ] ✅ [FORCE] Local model added for round 147. (1/3)
[ 2026-03-22 17:23:51 | node_6 | INFO ] 🔬 Evaluating...
[ 2026-03-22 17:23:51 | node_44 | INFO ] 🎓 Training step done.
[ 2026-03-22 17:23:51 | node_4 | INFO ] 🧩 Model added for round 146 (1/3) from ['node_5']
[ 2026-03-22 17:23:51 | node_41 | INFO ] 📈 Evaluated. Results: {'test_loss': 0.0011975482339039445, 'test_accuracy': 0.9975706338882446, 'test_precision': 0.7370883822441101, 'test_recall': 0.2129366397857666, 'test_f1': 0.3258664608001709, 'communication_cost': 1457816}
[ 2026-03-22 17:23:51 | node_44 | INFO ] 🛠️ Calling force_add_local_model...
[ 2026-03-22 17:23:52 | node_41 | INFO ] 📢 Broadcasting metrics.
[ 2026-03-22 17:23:52 | node_44 | INFO ] ✅ [FORCE] Local model added for round 146. (3/3)
[ 2026-03-22 17:23:52 | node_46 | INFO ] 📤 Sending model to 2 direct neighbors: ['node_45', 'node_47']
[ 2026-03-22 17:23:52 | node_1 | INFO ] 🎓 Training step done.
[ 2026-03-22 17:23:52 | node_1 | INFO ] 🛠️ Calling force_add_local_model...
[ 2026-03-22 17:23:52 | node_1 | INFO ] ✅ [FORCE] Local model added for round 146. (1/3)
[ 2026-03-22 17:23:52 | node_45 | INFO ] 🧩 Model added for round 146 (2/3) from ['node_46']
[ 2026-03-22 17:23:52 | node_23 | INFO ] 🎓 Training step done.
[ 2026-03-22 17:23:52 | node_31 | INFO ] 📤 Sending model to 2 direct neighbors: ['node_30', 'node_32']
[ 2026-03-22 17:23:52 | node_23 | INFO ] 🛠️ Calling force_add_local_model...
[ 2026-03-22 17:23:52 | node_23 | INFO ] ✅ [FORCE] Local model added for round 147. (1/3)
[ 2026-03-22 17:23:52 | node_30 | INFO ] 🧩 Model added for round 147 (2/3) from ['node_31']
[ 2026-03-22 17:23:52 | node_36 | INFO ] 🎓 Training step done.
[ 2026-03-22 17:23:52 | node_36 | INFO ] 🛠️ Calling force_add_local_model...
[ 2026-03-22 17:23:52 | node_36 | INFO ] ✅ [FORCE] Local model added for round 147. (1/3)
[ 2026-03-22 17:23:52 | node_29 | INFO ] 🎓 Training step done.
[ 2026-03-22 17:23:52 | node_41 | INFO ] 🎉 Round 147 of 150 finished.
[ 2026-03-22 17:23:52 | node_29 | INFO ] 🛠️ Calling force_add_local_model...
[ 2026-03-22 17:23:53 | node_29 | INFO ] ✅ [FORCE] Local model added for round 147. (1/3)
[ 2026-03-22 17:23:53 | node_40 | INFO ] 🎓 Training step done.
[ 2026-03-22 17:23:53 | node_41 | INFO ] 🗳️ [DETERMINISTIC] Train set assigned (No Voting). Size: 50
[ 2026-03-22 17:23:53 | node_48 | INFO ] 🎓 Training step done.
[ 2026-03-22 17:23:53 | node_4 | INFO ] 🎓 Training step done.
[ 2026-03-22 17:23:53 | node_40 | INFO ] 🛠️ Calling force_add_local_model...
[ 2026-03-22 17:23:53 | node_32 | INFO ] 🧩 Model added for round 147 (1/3) from ['node_31']
[ 2026-03-22 17:23:53 | node_48 | INFO ] 🛠️ Calling force_add_local_model...
[ 2026-03-22 17:23:53 | node_4 | INFO ] 🛠️ Calling force_add_local_model...
[ 2026-03-22 17:23:53 | node_40 | INFO ] ✅ [FORCE] Local model added for round 147. (1/3)
[ 2026-03-22 17:23:53 | node_48 | INFO ] ✅ [FORCE] Local model added for round 146. (1/3)
[ 2026-03-22 17:23:53 | node_4 | INFO ] ✅ [FORCE] Local model added for round 146. (2/3)
[ 2026-03-22 17:23:53 | node_41 | INFO ] 🏋️‍♀️ Preparing training...
[ 2026-03-22 17:23:53 | node_30 | INFO ] 📤 Sending model to 2 direct neighbors: ['node_29', 'node_31']
[ 2026-03-22 17:23:53 | node_26 | INFO ] 🎓 Training step done.
[ 2026-03-22 17:23:53 | node_26 | INFO ] 🛠️ Calling force_add_local_model...
[ 2026-03-22 17:23:53 | node_29 | INFO ] 🧩 Model added for round 147 (2/3) from ['node_30']
[ 2026-03-22 17:23:53 | node_26 | INFO ] ✅ [FORCE] Local model added for round 147. (1/3)
[ 2026-03-22 17:23:53 | node_10 | INFO ] 📤 Sending model to 2 direct neighbors: ['node_9', 'node_11']
[ 2026-03-22 17:23:53 | node_9 | INFO ] 🧩 Model added for round 146 (2/3) from ['node_10']
[ 2026-03-22 17:23:53 | node_31 | INFO ] 🧩 Model added for round 147 (2/3) from ['node_30']
[ 2026-03-22 17:23:53 | node_8 | INFO ] 🎓 Training step done.
[ 2026-03-22 17:23:53 | node_8 | INFO ] 🛠️ Calling force_add_local_model...
[ 2026-03-22 17:23:53 | node_8 | INFO ] ✅ [FORCE] Local model added for round 146. (2/3)
[ 2026-03-22 17:23:53 | node_28 | INFO ] 🎓 Training step done.
[ 2026-03-22 17:23:53 | node_28 | INFO ] 🛠️ Calling force_add_local_model...
[ 2026-03-22 17:23:53 | node_11 | INFO ] 🧩 Model added for round 146 (3/3) from ['node_10']
[ 2026-03-22 17:23:54 | node_28 | INFO ] ✅ [FORCE] Local model added for round 147. (1/3)
[ 2026-03-22 17:23:54 | node_11 | INFO ] 🧠 Aggregation complete. Setting new model.
[ 2026-03-22 17:23:54 | node_3 | INFO ] 📤 Sending model to 2 direct neighbors: ['node_2', 'node_4']
[ 2026-03-22 17:23:54 | node_7 | INFO ] 🎓 Training step done.
[ 2026-03-22 17:23:54 | node_7 | INFO ] 🛠️ Calling force_add_local_model...
[ 2026-03-22 17:23:54 | node_7 | INFO ] ✅ [FORCE] Local model added for round 146. (1/3)
[ 2026-03-22 17:23:54 | node_10 | INFO ] 🧠 Aggregation complete. Setting new model.
[ 2026-03-22 17:23:54 | node_47 | INFO ] ⏹️  Gossiping exited for 10 equal rounds.
[ 2026-03-22 17:23:54 | node_11 | INFO ] 🗣️ Gossiping aggregated model.
[ 2026-03-22 17:23:54 | node_2 | INFO ] 🧩 Model added for round 146 (1/3) from ['node_3']
[ 2026-03-22 17:23:54 | node_47 | INFO ] 🔬 Evaluating...
[ 2026-03-22 17:23:54 | node_6 | INFO ] 📈 Evaluated. Results: {'test_loss': 0.0012226155959069729, 'test_accuracy': 0.996941089630127, 'test_precision': 0.8157444596290588, 'test_recall': 0.24512016773223877, 'test_f1': 0.372141033411026, 'communication_cost': 1457816}
[ 2026-03-22 17:23:54 | node_21 | INFO ] 🎓 Training step done.
[ 2026-03-22 17:23:54 | node_6 | INFO ] 📢 Broadcasting metrics.
[ 2026-03-22 17:23:54 | node_21 | INFO ] 🛠️ Calling force_add_local_model...
[ 2026-03-22 17:23:54 | node_10 | INFO ] 🗣️ Gossiping aggregated model.
[ 2026-03-22 17:23:54 | node_21 | INFO ] ✅ [FORCE] Local model added for round 147. (1/3)
[ 2026-03-22 17:23:54 | node_4 | INFO ] 🧩 Model added for round 146 (3/3) from ['node_3']
[ 2026-03-22 17:23:54 | node | INFO ] 🎓 Training step done.
[ 2026-03-22 17:23:54 | node | INFO ] 🛠️ Calling force_add_local_model...
[ 2026-03-22 17:23:54 | node | INFO ] ✅ [FORCE] Local model added for round 146. (1/3)
[ 2026-03-22 17:23:54 | node_20 | INFO ] 📤 Sending model to 2 direct neighbors: ['node_19', 'node_21']
[ 2026-03-22 17:23:54 | node_35 | INFO ] 🎓 Training step done.
[ 2026-03-22 17:23:55 | node_35 | INFO ] 🛠️ Calling force_add_local_model...
[ 2026-03-22 17:23:55 | node_38 | INFO ] 🎓 Training step done.
[ 2026-03-22 17:23:55 | node_35 | INFO ] ✅ [FORCE] Local model added for round 147. (1/3)
[ 2026-03-22 17:23:55 | node_38 | INFO ] 🛠️ Calling force_add_local_model...
[ 2026-03-22 17:23:55 | node_6 | INFO ] 🎉 Round 146 of 150 finished.
[ 2026-03-22 17:23:55 | node_38 | INFO ] ✅ [FORCE] Local model added for round 147. (1/3)
[ 2026-03-22 17:23:55 | node_19 | INFO ] 🧩 Model added for round 147 (3/3) from ['node_20']
[ 2026-03-22 17:23:55 | node_6 | INFO ] 🗳️ [DETERMINISTIC] Train set assigned (No Voting). Size: 50
[ 2026-03-22 17:23:55 | node_19 | INFO ] 🧠 Aggregation complete. Setting new model.
[ 2026-03-22 17:23:55 | node_34 | INFO ] 🎓 Training step done.
[ 2026-03-22 17:23:55 | node_39 | INFO ] 📤 Sending model to 2 direct neighbors: ['node_38', 'node_40']
[ 2026-03-22 17:23:55 | node_34 | INFO ] 🛠️ Calling force_add_local_model...
[ 2026-03-22 17:23:55 | node_34 | INFO ] ✅ [FORCE] Local model added for round 147. (1/3)
[ 2026-03-22 17:23:55 | node_6 | INFO ] ♻️ Proactively processing 1 early models for round 146.
[ 2026-03-22 17:23:55 | node_6 | INFO ] 🧩 Model added for round 146 (1/3) from ['node_5']
[ 2026-03-22 17:23:55 | node_6 | INFO ] 🏋️‍♀️ Preparing training...
[ 2026-03-22 17:23:55 | node_18 | INFO ] 🤫 Gossip finished.
[ 2026-03-22 17:23:55 | node_38 | INFO ] 🧩 Model added for round 147 (2/3) from ['node_39']
[ 2026-03-22 17:23:55 | node_25 | INFO ] 🎓 Training step done.
[ 2026-03-22 17:23:55 | node_19 | INFO ] 🗣️ Gossiping aggregated model.
[ 2026-03-22 17:23:55 | node_25 | INFO ] 🛠️ Calling force_add_local_model...
[ 2026-03-22 17:23:55 | node_18 | INFO ] 🔬 Evaluating...
[ 2026-03-22 17:23:55 | node_25 | INFO ] ✅ [FORCE] Local model added for round 147. (1/3)
[ 2026-03-22 17:23:55 | node_21 | INFO ] 🧩 Model added for round 147 (2/3) from ['node_20']
[ 2026-03-22 17:23:55 | node_2 | INFO ] 🎓 Training step done.
[ 2026-03-22 17:23:55 | node_2 | INFO ] 🛠️ Calling force_add_local_model...
[ 2026-03-22 17:23:55 | node_2 | INFO ] ✅ [FORCE] Local model added for round 146. (2/3)
[ 2026-03-22 17:23:55 | node_40 | INFO ] 🧩 Model added for round 147 (2/3) from ['node_39']
[ 2026-03-22 17:23:55 | node_49 | INFO ] 🎓 Training step done.
[ 2026-03-22 17:23:55 | node_37 | INFO ] 🎓 Training step done.
[ 2026-03-22 17:23:55 | node_47 | INFO ] 📈 Evaluated. Results: {'test_loss': 0.0009071374079212546, 'test_accuracy': 0.9979305267333984, 'test_precision': 0.49139225482940674, 'test_recall': 0.21717782318592072, 'test_f1': 0.30041933059692383, 'communication_cost': 1457816}
[ 2026-03-22 17:23:55 | node_49 | INFO ] 🛠️ Calling force_add_local_model...
[ 2026-03-22 17:23:55 | node_37 | INFO ] 🛠️ Calling force_add_local_model...
[ 2026-03-22 17:23:55 | node_47 | INFO ] 📢 Broadcasting metrics.
[ 2026-03-22 17:23:55 | node_49 | INFO ] ✅ [FORCE] Local model added for round 146. (1/3)
[ 2026-03-22 17:23:55 | node_37 | INFO ] ✅ [FORCE] Local model added for round 147. (1/3)
[ 2026-03-22 17:23:56 | node_33 | INFO ] 📤 Sending model to 2 direct neighbors: ['node_32', 'node_34']
[ 2026-03-22 17:23:56 | node_15 | INFO ] 🎓 Training step done.
[ 2026-03-22 17:23:56 | node_47 | INFO ] 🎉 Round 146 of 150 finished.
[ 2026-03-22 17:23:56 | node_15 | INFO ] 🛠️ Calling force_add_local_model...
[ 2026-03-22 17:23:56 | node_15 | INFO ] ✅ [FORCE] Local model added for round 147. (2/3)
[ 2026-03-22 17:23:56 | node_47 | INFO ] 🗳️ [DETERMINISTIC] Train set assigned (No Voting). Size: 50
[ 2026-03-22 17:23:56 | node_47 | INFO ] ♻️ Proactively processing 1 early models for round 146.
[ 2026-03-22 17:23:56 | node_47 | INFO ] 🧩 Model added for round 146 (1/3) from ['node_46']
[ 2026-03-22 17:23:56 | node_32 | INFO ] 🧩 Model added for round 147 (2/3) from ['node_33']
[ 2026-03-22 17:23:56 | node_22 | INFO ] 📤 Sending model to 2 direct neighbors: ['node_21', 'node_23']
[ 2026-03-22 17:23:56 | node_47 | INFO ] 🏋️‍♀️ Preparing training...
[ 2026-03-22 17:23:56 | node_21 | INFO ] 🧩 Model added for round 147 (3/3) from ['node_22']
[ 2026-03-22 17:23:56 | node_27 | INFO ] 🎓 Training step done.
[ 2026-03-22 17:23:56 | node_14 | INFO ] 📤 Sending model to 2 direct neighbors: ['node_13', 'node_15']
[ 2026-03-22 17:23:56 | node_27 | INFO ] 🛠️ Calling force_add_local_model...
[ 2026-03-22 17:23:56 | node_34 | INFO ] 🧩 Model added for round 147 (2/3) from ['node_33']
[ 2026-03-22 17:23:56 | node_27 | INFO ] ✅ [FORCE] Local model added for round 147. (1/3)
[ 2026-03-22 17:23:56 | node_32 | INFO ] 🎓 Training step done.
[ 2026-03-22 17:23:56 | node_13 | INFO ] 🧩 Model added for round 147 (1/3) from ['node_14']
[ 2026-03-22 17:23:56 | node_32 | INFO ] 🛠️ Calling force_add_local_model...
[ 2026-03-22 17:23:56 | node_32 | INFO ] ✅ [FORCE] Local model added for round 147. (3/3)
[ 2026-03-22 17:23:56 | node_23 | INFO ] 🧩 Model added for round 147 (2/3) from ['node_22']
[ 2026-03-22 17:23:56 | node_13 | INFO ] 🎓 Training step done.
[ 2026-03-22 17:23:56 | node_13 | INFO ] 🛠️ Calling force_add_local_model...
[ 2026-03-22 17:23:56 | node_13 | INFO ] ✅ [FORCE] Local model added for round 147. (2/3)
[ 2026-03-22 17:23:56 | node_18 | INFO ] 📈 Evaluated. Results: {'test_loss': 0.001246271189302206, 'test_accuracy': 0.997031033039093, 'test_precision': 1.0, 'test_recall': 0.2197423279285431, 'test_f1': 0.33581677079200745, 'communication_cost': 1457816}
[ 2026-03-22 17:23:56 | node_18 | INFO ] 📢 Broadcasting metrics.
[ 2026-03-22 17:23:56 | node_15 | INFO ] 🧩 Model added for round 147 (3/3) from ['node_14']
[ 2026-03-22 17:23:56 | node_24 | INFO ] 📤 Sending model to 2 direct neighbors: ['node_23', 'node_25']
[ 2026-03-22 17:23:56 | node_18 | INFO ] 🎉 Round 148 of 150 finished.
[ 2026-03-22 17:23:56 | node_18 | INFO ] 🗳️ [DETERMINISTIC] Train set assigned (No Voting). Size: 50
[ 2026-03-22 17:23:56 | node_18 | INFO ] 🏋️‍♀️ Preparing training...
[ 2026-03-22 17:23:56 | node_23 | INFO ] 🧩 Model added for round 147 (3/3) from ['node_24']
[ 2026-03-22 17:23:57 | node_44 | INFO ] 📤 Sending model to 2 direct neighbors: ['node_43', 'node_45']
[ 2026-03-22 17:23:57 | node_41 | INFO ] 🎓 Training step done.
[ 2026-03-22 17:23:57 | node_41 | INFO ] 🛠️ Calling force_add_local_model...
[ 2026-03-22 17:23:57 | node_41 | INFO ] ✅ [FORCE] Local model added for round 147. (1/3)
[ 2026-03-22 17:23:57 | node_25 | INFO ] 🧩 Model added for round 147 (2/3) from ['node_24']
[ 2026-03-22 17:23:57 | node_43 | INFO ] 🧩 Model added for round 146 (3/3) from ['node_44']
[ 2026-03-22 17:23:57 | node_1 | INFO ] 📤 Sending model to 2 direct neighbors: ['node', 'node_2']
[ 2026-03-22 17:23:57 | node_23 | INFO ] 📤 Sending model to 2 direct neighbors: ['node_22', 'node_24']
[ 2026-03-22 17:23:57 | node | INFO ] 🧩 Model added for round 146 (2/3) from ['node_1']
[ 2026-03-22 17:23:57 | node_45 | INFO ] 🧩 Model added for round 146 (3/3) from ['node_44']
[ 2026-03-22 17:23:57 | node_43 | INFO ] 🧠 Aggregation complete. Setting new model.
[ 2026-03-22 17:23:57 | node_45 | INFO ] 🧠 Aggregation complete. Setting new model.
[ 2026-03-22 17:23:57 | node_6 | INFO ] 🎓 Training step done.
[ 2026-03-22 17:23:57 | node_22 | INFO ] 🧩 Model added for round 147 (2/3) from ['node_23']
[ 2026-03-22 17:23:57 | node_6 | INFO ] 🛠️ Calling force_add_local_model...
[ 2026-03-22 17:23:57 | node_43 | INFO ] 🗣️ Gossiping aggregated model.
[ 2026-03-22 17:23:57 | node_36 | INFO ] 📤 Sending model to 2 direct neighbors: ['node_35', 'node_37']
[ 2026-03-22 17:23:57 | node_6 | INFO ] ✅ [FORCE] Local model added for round 146. (2/3)
[ 2026-03-22 17:23:57 | node_45 | INFO ] 🗣️ Gossiping aggregated model.
[ 2026-03-22 17:23:58 | node_29 | INFO ] 📤 Sending model to 2 direct neighbors: ['node_28', 'node_30']
[ 2026-03-22 17:23:58 | node_2 | INFO ] 🧩 Model added for round 146 (3/3) from ['node_1']
[ 2026-03-22 17:23:58 | node_42 | INFO ] 🤫 Gossip finished.
[ 2026-03-22 17:23:58 | node_42 | INFO ] 🔬 Evaluating...
[ 2026-03-22 17:23:58 | node_40 | INFO ] 📤 Sending model to 2 direct neighbors: ['node_39', 'node_41']
[ 2026-03-22 17:23:58 | node_48 | INFO ] 📤 Sending model to 2 direct neighbors: ['node_47', 'node_49']
[ 2026-03-22 17:23:58 | node_24 | INFO ] 🧩 Model added for round 147 (2/3) from ['node_23']
[ 2026-03-22 17:23:58 | node_4 | INFO ] 📤 Sending model to 2 direct neighbors: ['node_3', 'node_5']
[ 2026-03-22 17:23:58 | node_28 | INFO ] 🧩 Model added for round 147 (2/3) from ['node_29']
[ 2026-03-22 17:23:58 | node_35 | INFO ] 🧩 Model added for round 147 (2/3) from ['node_36']
[ 2026-03-22 17:23:58 | node_44 | INFO ] 🧠 Aggregation complete. Setting new model.
[ 2026-03-22 17:23:58 | node_44 | INFO ] 🗣️ Gossiping aggregated model.
[ 2026-03-22 17:23:58 | node_44 | INFO ] 🤫 Gossip finished.
[ 2026-03-22 17:23:58 | node_44 | INFO ] 🔬 Evaluating...
[ 2026-03-22 17:23:58 | node_26 | INFO ] 📤 Sending model to 2 direct neighbors: ['node_25', 'node_27']
[ 2026-03-22 17:23:58 | node_47 | INFO ] 🎓 Training step done.
[ 2026-03-22 17:23:58 | node_39 | INFO ] 🧩 Model added for round 147 (2/3) from ['node_40']
[ 2026-03-22 17:23:58 | node_3 | INFO ] 🧩 Model added for round 146 (2/3) from ['node_4']
[ 2026-03-22 17:23:58 | node_47 | INFO ] 🛠️ Calling force_add_local_model...
[ 2026-03-22 17:23:58 | node_30 | INFO ] 🧩 Model added for round 147 (3/3) from ['node_29']
[ 2026-03-22 17:23:58 | node_37 | INFO ] 🧩 Model added for round 147 (2/3) from ['node_36']
[ 2026-03-22 17:23:58 | node_47 | INFO ] 🧩 Model added for round 146 (2/3) from ['node_48']
[ 2026-03-22 17:23:58 | node_47 | INFO ] ✅ [FORCE] Local model added for round 146. (3/3)
[ 2026-03-22 17:23:58 | node_25 | INFO ] 🧩 Model added for round 147 (3/3) from ['node_26']
[ 2026-03-22 17:23:58 | node_49 | INFO ] 🧩 Model added for round 146 (2/3) from ['node_48']
[ 2026-03-22 17:23:58 | node_8 | INFO ] 📤 Sending model to 2 direct neighbors: ['node_7', 'node_9']
[ 2026-03-22 17:23:59 | node_41 | INFO ] 🧩 Model added for round 147 (2/3) from ['node_40']
[ 2026-03-22 17:23:59 | node_23 | INFO ] 🧠 Aggregation complete. Setting new model.
[ 2026-03-22 17:23:59 | node_5 | INFO ] 🧩 Model added for round 146 (2/3) from ['node_4']
[ 2026-03-22 17:23:59 | node_30 | INFO ] 🧠 Aggregation complete. Setting new model.
[ 2026-03-22 17:23:59 | node_28 | INFO ] 📤 Sending model to 2 direct neighbors: ['node_27', 'node_29']
[ 2026-03-22 17:23:59 | node_23 | INFO ] 🗣️ Gossiping aggregated model.
[ 2026-03-22 17:23:59 | node_30 | INFO ] 🗣️ Gossiping aggregated model.
[ 2026-03-22 17:23:59 | node_7 | INFO ] 📤 Sending model to 2 direct neighbors: ['node_6', 'node_8']
[ 2026-03-22 17:23:59 | node_18 | INFO ] 🎓 Training step done.
[ 2026-03-22 17:23:59 | node_18 | INFO ] 🛠️ Calling force_add_local_model...
[ 2026-03-22 17:23:59 | node_7 | INFO ] 🧩 Model added for round 146 (2/3) from ['node_8']
[ 2026-03-22 17:23:59 | node_27 | INFO ] 🧩 Model added for round 147 (2/3) from ['node_26']
[ 2026-03-22 17:23:59 | node_27 | INFO ] 🧩 Model added for round 147 (3/3) from ['node_28']
[ 2026-03-22 17:23:59 | node_18 | INFO ] ✅ [FORCE] Local model added for round 148. (1/3)
[ 2026-03-22 17:23:59 | node_4 | INFO ] 🧠 Aggregation complete. Setting new model.
[ 2026-03-22 17:23:59 | node_21 | INFO ] 📤 Sending model to 2 direct neighbors: ['node_20', 'node_22']
[ 2026-03-22 17:23:59 | node_42 | INFO ] 📈 Evaluated. Results: {'test_loss': 0.0013338602147996426, 'test_accuracy': 0.9969407916069031, 'test_precision': 0.8157278895378113, 'test_recall': 0.2318151742219925, 'test_f1': 0.3428434133529663, 'communication_cost': 1457816}
[ 2026-03-22 17:23:59 | node_4 | INFO ] 🗣️ Gossiping aggregated model.
[ 2026-03-22 17:23:59 | node_42 | INFO ] 📢 Broadcasting metrics.
[ 2026-03-22 17:23:59 | node_44 | INFO ] 📈 Evaluated. Results: {'test_loss': 0.0011253635166212916, 'test_accuracy': 0.9976606369018555, 'test_precision': 1.0, 'test_recall': 0.3456627130508423, 'test_f1': 0.5061981081962585, 'communication_cost': 1457816}
[ 2026-03-22 17:23:59 | node_44 | INFO ] 📢 Broadcasting metrics.
[ 2026-03-22 17:23:59 | node_6 | INFO ] 🧩 Model added for round 146 (3/3) from ['node_7']
[ 2026-03-22 17:23:59 | node_29 | INFO ] 🧩 Model added for round 147 (3/3) from ['node_28']
[ 2026-03-22 17:23:59 | node | INFO ] 📤 Sending model to 2 direct neighbors: ['node_1', 'node_49']
[ 2026-03-22 17:23:59 | node_43 | INFO ] 🤫 Gossip finished.
[ 2026-03-22 17:23:59 | node_42 | INFO ] 🎉 Round 147 of 150 finished.
[ 2026-03-22 17:23:59 | node_42 | INFO ] 🗳️ [DETERMINISTIC] Train set assigned (No Voting). Size: 50
[ 2026-03-22 17:23:59 | node_43 | INFO ] 🔬 Evaluating...
[ 2026-03-22 17:24:00 | node_42 | INFO ] 🏋️‍♀️ Preparing training...
[ 2026-03-22 17:24:00 | node_35 | INFO ] 📤 Sending model to 2 direct neighbors: ['node_34', 'node_36']
[ 2026-03-22 17:24:00 | node_20 | INFO ] 🧩 Model added for round 147 (3/3) from ['node_21']
[ 2026-03-22 17:24:00 | node_9 | INFO ] 🧩 Model added for round 146 (3/3) from ['node_8']
[ 2026-03-22 17:24:00 | node_38 | INFO ] 📤 Sending model to 2 direct neighbors: ['node_37', 'node_39']
[ 2026-03-22 17:24:00 | node_44 | INFO ] 🎉 Round 147 of 150 finished.
[ 2026-03-22 17:24:00 | node_44 | INFO ] 🗳️ [DETERMINISTIC] Train set assigned (No Voting). Size: 50
[ 2026-03-22 17:24:00 | node_12 | INFO ] ⏹️  Gossiping exited for 10 equal rounds.
[ 2026-03-22 17:24:00 | node_8 | INFO ] 🧩 Model added for round 146 (3/3) from ['node_7']
[ 2026-03-22 17:24:00 | node_12 | INFO ] 🔬 Evaluating...
[ 2026-03-22 17:24:00 | node_44 | INFO ] 🏋️‍♀️ Preparing training...
[ 2026-03-22 17:24:00 | node_34 | INFO ] 📤 Sending model to 2 direct neighbors: ['node_33', 'node_35']
[ 2026-03-22 17:24:00 | node_1 | INFO ] 🧩 Model added for round 146 (2/3) from ['node']
[ 2026-03-22 17:24:00 | node_25 | INFO ] 📤 Sending model to 2 direct neighbors: ['node_24', 'node_26']
[ 2026-03-22 17:24:00 | node_37 | INFO ] 🧩 Model added for round 147 (3/3) from ['node_38']
[ 2026-03-22 17:24:00 | node_33 | INFO ] 🧩 Model added for round 147 (2/3) from ['node_34']
[ 2026-03-22 17:24:00 | node_22 | INFO ] 🧩 Model added for round 147 (3/3) from ['node_21']
[ 2026-03-22 17:24:00 | node_34 | INFO ] 🧩 Model added for round 147 (3/3) from ['node_35']
[ 2026-03-22 17:24:00 | node_2 | INFO ] 📤 Sending model to 2 direct neighbors: ['node_1', 'node_3']
[ 2026-03-22 17:24:00 | node_29 | INFO ] 🧠 Aggregation complete. Setting new model.
[ 2026-03-22 17:24:00 | node_49 | INFO ] 📤 Sending model to 2 direct neighbors: ['node', 'node_48']
[ 2026-03-22 17:24:00 | node_37 | INFO ] 📤 Sending model to 2 direct neighbors: ['node_36', 'node_38']
[ 2026-03-22 17:24:00 | node_49 | INFO ] 🧩 Model added for round 146 (3/3) from ['node']
[ 2026-03-22 17:24:01 | node_9 | INFO ] 🧠 Aggregation complete. Setting new model.
[ 2026-03-22 17:24:01 | node_20 | INFO ] 🧠 Aggregation complete. Setting new model.
[ 2026-03-22 17:24:01 | node_8 | INFO ] 🧠 Aggregation complete. Setting new model.
[ 2026-03-22 17:24:01 | node_24 | INFO ] 🧩 Model added for round 147 (3/3) from ['node_25']
[ 2026-03-22 17:24:01 | node_22 | INFO ] 🧠 Aggregation complete. Setting new model.
[ 2026-03-22 17:24:01 | node_21 | INFO ] 🧠 Aggregation complete. Setting new model.
[ 2026-03-22 17:24:01 | node_15 | INFO ] 📤 Sending model to 2 direct neighbors: ['node_14', 'node_16']
[ 2026-03-22 17:24:01 | node_29 | INFO ] 🗣️ Gossiping aggregated model.
[ 2026-03-22 17:24:01 | node_8 | INFO ] 🗣️ Gossiping aggregated model.
[ 2026-03-22 17:24:01 | node_20 | INFO ] 🗣️ Gossiping aggregated model.
[ 2026-03-22 17:24:01 | node_20 | INFO ] 🤫 Gossip finished.
[ 2026-03-22 17:24:01 | node_20 | INFO ] 🔬 Evaluating...
[ 2026-03-22 17:24:01 | node_9 | INFO ] 🗣️ Gossiping aggregated model.
[ 2026-03-22 17:24:01 | node_9 | INFO ] 🤫 Gossip finished.
[ 2026-03-22 17:24:01 | node_22 | INFO ] 🗣️ Gossiping aggregated model.
[ 2026-03-22 17:24:01 | node_21 | INFO ] 🗣️ Gossiping aggregated model.
[ 2026-03-22 17:24:01 | node_21 | INFO ] 🤫 Gossip finished.
[ 2026-03-22 17:24:01 | node_22 | INFO ] 🤫 Gossip finished.
[ 2026-03-22 17:24:01 | node_27 | INFO ] 📤 Sending model to 2 direct neighbors: ['node_26', 'node_28']
[ 2026-03-22 17:24:01 | node_9 | INFO ] 🔬 Evaluating...
[ 2026-03-22 17:24:01 | node_39 | INFO ] 🧩 Model added for round 147 (3/3) from ['node_38']
[ 2026-03-22 17:24:01 | node_22 | INFO ] 🔬 Evaluating...
[ 2026-03-22 17:24:01 | node_21 | INFO ] 🔬 Evaluating...
[ 2026-03-22 17:24:01 | node_12 | INFO ] 📈 Evaluated. Results: {'test_loss': 0.0011745846131816506, 'test_accuracy': 0.997031033039093, 'test_precision': 0.7001709342002869, 'test_recall': 0.18681462109088898, 'test_f1': 0.286783903837204, 'communication_cost': 1457816}
[ 2026-03-22 17:24:01 | node_32 | INFO ] 📤 Sending model to 2 direct neighbors: ['node_31', 'node_33']
[ 2026-03-22 17:24:01 | node_12 | INFO ] 📢 Broadcasting metrics.
[ 2026-03-22 17:24:01 | node_36 | INFO ] 🧩 Model added for round 147 (2/3) from ['node_37']
[ 2026-03-22 17:24:01 | node_35 | INFO ] 🧩 Model added for round 147 (3/3) from ['node_34']
[ 2026-03-22 17:24:01 | node_43 | INFO ] 📈 Evaluated. Results: {'test_loss': 0.0014704003697261214, 'test_accuracy': 0.9961310029029846, 'test_precision': 0.36854419112205505, 'test_recall': 0.04679926484823227, 'test_f1': 0.08292243629693985, 'communication_cost': 1457816}
[ 2026-03-22 17:24:01 | node_13 | INFO ] 📤 Sending model to 2 direct neighbors: ['node_12', 'node_14']
[ 2026-03-22 17:24:01 | node | INFO ] 🧩 Model added for round 146 (3/3) from ['node_49']
[ 2026-03-22 17:24:01 | node_36 | INFO ] 🧩 Model added for round 147 (3/3) from ['node_35']
[ 2026-03-22 17:24:01 | node_43 | INFO ] 📢 Broadcasting metrics.
[ 2026-03-22 17:24:01 | node_1 | INFO ] 🧩 Model added for round 146 (3/3) from ['node_2']
[ 2026-03-22 17:24:01 | node_12 | INFO ] 🎉 Round 147 of 150 finished.
[ 2026-03-22 17:24:02 | node_14 | INFO ] 🧩 Model added for round 147 (2/3) from ['node_15']
[ 2026-03-22 17:24:02 | node_26 | INFO ] 🧩 Model added for round 147 (2/3) from ['node_25']
[ 2026-03-22 17:24:02 | node_38 | INFO ] 🧩 Model added for round 147 (3/3) from ['node_37']
[ 2026-03-22 17:24:02 | node_31 | INFO ] 🧩 Model added for round 147 (3/3) from ['node_32']
[ 2026-03-22 17:24:02 | node_48 | INFO ] 🧩 Model added for round 146 (2/3) from ['node_49']
[ 2026-03-22 17:24:02 | node_26 | INFO ] 🧩 Model added for round 147 (3/3) from ['node_27']
[ 2026-03-22 17:24:02 | node_12 | INFO ] 🗳️ [DETERMINISTIC] Train set assigned (No Voting). Size: 50
[ 2026-03-22 17:24:02 | node_41 | INFO ] 📤 Sending model to 2 direct neighbors: ['node_40', 'node_42']
[ 2026-03-22 17:24:02 | node_24 | INFO ] 🧠 Aggregation complete. Setting new model.
[ 2026-03-22 17:24:02 | node_3 | INFO ] 🧩 Model added for round 146 (3/3) from ['node_2']
[ 2026-03-22 17:24:02 | node_12 | INFO ] ♻️ Proactively processing 1 early models for round 147.
[ 2026-03-22 17:24:02 | node_12 | INFO ] 🧩 Model added for round 147 (1/3) from ['node_13']
[ 2026-03-22 17:24:02 | node_12 | INFO ] 🏋️‍♀️ Preparing training...
[ 2026-03-22 17:24:02 | node_39 | INFO ] 🧠 Aggregation complete. Setting new model.
[ 2026-03-22 17:24:02 | node_23 | INFO ] 🤫 Gossip finished.
[ 2026-03-22 17:24:02 | node | INFO ] 🧠 Aggregation complete. Setting new model.
[ 2026-03-22 17:24:02 | node_14 | INFO ] 🧩 Model added for round 147 (3/3) from ['node_13']
[ 2026-03-22 17:24:02 | node_1 | INFO ] 🧠 Aggregation complete. Setting new model.
[ 2026-03-22 17:24:02 | node_36 | INFO ] 🧠 Aggregation complete. Setting new model.
[ 2026-03-22 17:24:02 | node_35 | INFO ] 🧠 Aggregation complete. Setting new model.
[ 2026-03-22 17:24:02 | node_34 | INFO ] 🧠 Aggregation complete. Setting new model.
[ 2026-03-22 17:24:02 | node_31 | INFO ] 🧠 Aggregation complete. Setting new model.
[ 2026-03-22 17:24:02 | node_49 | INFO ] 🧠 Aggregation complete. Setting new model.
[ 2026-03-22 17:24:02 | node_26 | INFO ] 🧠 Aggregation complete. Setting new model.
[ 2026-03-22 17:24:02 | node_37 | INFO ] 🧠 Aggregation complete. Setting new model.
[ 2026-03-22 17:24:02 | node_3 | INFO ] 🧠 Aggregation complete. Setting new model.
[ 2026-03-22 17:24:02 | node_25 | INFO ] 🧠 Aggregation complete. Setting new model.
[ 2026-03-22 17:24:02 | node_38 | INFO ] 🧠 Aggregation complete. Setting new model.
[ 2026-03-22 17:24:02 | node_40 | INFO ] 🧩 Model added for round 147 (3/3) from ['node_41']
[ 2026-03-22 17:24:02 | node_23 | INFO ] 🔬 Evaluating...
[ 2026-03-22 17:24:02 | node_43 | INFO ] 🎉 Round 147 of 150 finished.
[ 2026-03-22 17:24:02 | node_24 | INFO ] 🗣️ Gossiping aggregated model.
[ 2026-03-22 17:24:02 | node_19 | INFO ] 🤫 Gossip finished.
[ 2026-03-22 17:24:02 | node_43 | INFO ] 🗳️ [DETERMINISTIC] Train set assigned (No Voting). Size: 50
[ 2026-03-22 17:24:02 | node_19 | INFO ] 🔬 Evaluating...
[ 2026-03-22 17:24:02 | node_43 | INFO ] 🏋️‍♀️ Preparing training...
[ 2026-03-22 17:24:02 | node_3 | INFO ] 🗣️ Gossiping aggregated model.
[ 2026-03-22 17:24:02 | node_6 | INFO ] 📤 Sending model to 2 direct neighbors: ['node_5', 'node_7']
[ 2026-03-22 17:24:02 | node_37 | INFO ] 🗣️ Gossiping aggregated model.
[ 2026-03-22 17:24:02 | node_39 | INFO ] 🗣️ Gossiping aggregated model.
[ 2026-03-22 17:24:02 | node_10 | INFO ] 🤫 Gossip finished.
[ 2026-03-22 17:24:02 | node_38 | INFO ] 🗣️ Gossiping aggregated model.
[ 2026-03-22 17:24:02 | node_31 | INFO ] 🗣️ Gossiping aggregated model.
[ 2026-03-22 17:24:02 | node_37 | INFO ] 🤫 Gossip finished.
[ 2026-03-22 17:24:02 | node_49 | INFO ] 🗣️ Gossiping aggregated model.
[ 2026-03-22 17:24:02 | node_34 | INFO ] 🗣️ Gossiping aggregated model.
[ 2026-03-22 17:24:02 | node_26 | INFO ] 🗣️ Gossiping aggregated model.
[ 2026-03-22 17:24:02 | node_36 | INFO ] 🗣️ Gossiping aggregated model.
[ 2026-03-22 17:24:02 | node | INFO ] 🗣️ Gossiping aggregated model.
[ 2026-03-22 17:24:02 | node_10 | INFO ] 🔬 Evaluating...
[ 2026-03-22 17:24:02 | node_20 | INFO ] 📈 Evaluated. Results: {'test_loss': 0.0010795833077281713, 'test_accuracy': 0.9973006844520569, 'test_precision': 0.8157278895378113, 'test_recall': 0.28342047333717346, 'test_f1': 0.39474719762802124, 'communication_cost': 1457816}
[ 2026-03-22 17:24:02 | node_38 | INFO ] 🤫 Gossip finished.
[ 2026-03-22 17:24:02 | node_21 | INFO ] 📈 Evaluated. Results: {'test_loss': 0.001299199997447431, 'test_accuracy': 0.9964009523391724, 'test_precision': 0.921360433101654, 'test_recall': 0.19041448831558228, 'test_f1': 0.3145095407962799, 'communication_cost': 1457816}
[ 2026-03-22 17:24:02 | node_37 | INFO ] 🔬 Evaluating...
[ 2026-03-22 17:24:02 | node_25 | INFO ] 🗣️ Gossiping aggregated model.
[ 2026-03-22 17:24:02 | node_38 | INFO ] 🔬 Evaluating...
[ 2026-03-22 17:24:02 | node | INFO ] 🤫 Gossip finished.
[ 2026-03-22 17:24:02 | node_36 | INFO ] 🤫 Gossip finished.
[ 2026-03-22 17:24:02 | node_25 | INFO ] 🤫 Gossip finished.
[ 2026-03-22 17:24:03 | node_35 | INFO ] 🗣️ Gossiping aggregated model.
[ 2026-03-22 17:24:03 | node_1 | INFO ] 🗣️ Gossiping aggregated model.
[ 2026-03-22 17:24:03 | node_36 | INFO ] 🔬 Evaluating...
[ 2026-03-22 17:24:03 | node_35 | INFO ] 🤫 Gossip finished.
[ 2026-03-22 17:24:03 | node_35 | INFO ] 🔬 Evaluating...
[ 2026-03-22 17:24:03 | node_20 | INFO ] 📢 Broadcasting metrics.
[ 2026-03-22 17:24:03 | node_25 | INFO ] 🔬 Evaluating...
[ 2026-03-22 17:24:03 | node | INFO ] 🔬 Evaluating...
[ 2026-03-22 17:24:03 | node_9 | INFO ] 📈 Evaluated. Results: {'test_loss': 0.001217832788825035, 'test_accuracy': 0.996941089630127, 'test_precision': 0.8291497826576233, 'test_recall': 0.21553845703601837, 'test_f1': 0.3285890221595764, 'communication_cost': 1457816}
[ 2026-03-22 17:24:03 | node_21 | INFO ] 📢 Broadcasting metrics.
[ 2026-03-22 17:24:03 | node_22 | INFO ] 📈 Evaluated. Results: {'test_loss': 0.001311410334892571, 'test_accuracy': 0.9973006844520569, 'test_precision': 0.8157278895378113, 'test_recall': 0.23492605984210968, 'test_f1': 0.3528457283973694, 'communication_cost': 1457816}
[ 2026-03-22 17:24:03 | node_28 | INFO ] 🧩 Model added for round 147 (3/3) from ['node_27']
[ 2026-03-22 17:24:03 | node_9 | INFO ] 📢 Broadcasting metrics.
[ 2026-03-22 17:24:03 | node_22 | INFO ] 📢 Broadcasting metrics.
[ 2026-03-22 17:24:03 | node_16 | INFO ] 🧩 Model added for round 147 (3/3) from ['node_15']
[ 2026-03-22 17:24:03 | node_33 | INFO ] 🧩 Model added for round 147 (3/3) from ['node_32']
[ 2026-03-22 17:24:03 | node_42 | INFO ] 🧩 Model added for round 147 (1/3) from ['node_41']
[ 2026-03-22 17:24:03 | node_5 | INFO ] 🧩 Model added for round 146 (3/3) from ['node_6']
[ 2026-03-22 17:24:03 | node_40 | INFO ] 🧠 Aggregation complete. Setting new model.
[ 2026-03-22 17:24:03 | node_28 | INFO ] 🧠 Aggregation complete. Setting new model.
[ 2026-03-22 17:24:03 | node_2 | INFO ] 🧠 Aggregation complete. Setting new model.
[ 2026-03-22 17:24:03 | node_14 | INFO ] 🧠 Aggregation complete. Setting new model.
[ 2026-03-22 17:24:03 | node_33 | INFO ] 🧠 Aggregation complete. Setting new model.
[ 2026-03-22 17:24:03 | node_5 | INFO ] 🧠 Aggregation complete. Setting new model.
[ 2026-03-22 17:24:03 | node_16 | INFO ] 🧠 Aggregation complete. Setting new model.
[ 2026-03-22 17:24:03 | node_44 | INFO ] 🎓 Training step done.
[ 2026-03-22 17:24:03 | node_47 | INFO ] 📤 Sending model to 2 direct neighbors: ['node_46', 'node_48']
[ 2026-03-22 17:24:03 | node_42 | INFO ] 🎓 Training step done.
[ 2026-03-22 17:24:03 | node_44 | INFO ] 🛠️ Calling force_add_local_model...
[ 2026-03-22 17:24:03 | node_27 | INFO ] 🧠 Aggregation complete. Setting new model.
[ 2026-03-22 17:24:03 | node_42 | INFO ] 🛠️ Calling force_add_local_model...
[ 2026-03-22 17:24:04 | node_44 | INFO ] ✅ [FORCE] Local model added for round 147. (1/3)
[ 2026-03-22 17:24:04 | node_42 | INFO ] ✅ [FORCE] Local model added for round 147. (2/3)
[ 2026-03-22 17:24:04 | node_32 | INFO ] 🧠 Aggregation complete. Setting new model.
[ 2026-03-22 17:24:04 | node_46 | INFO ] 🧩 Model added for round 146 (3/3) from ['node_47']
[ 2026-03-22 17:24:04 | node_28 | INFO ] 🗣️ Gossiping aggregated model.
[ 2026-03-22 17:24:04 | node_15 | INFO ] 🧠 Aggregation complete. Setting new model.
[ 2026-03-22 17:24:04 | node_40 | INFO ] 🗣️ Gossiping aggregated model.
[ 2026-03-22 17:24:04 | node_5 | INFO ] 🗣️ Gossiping aggregated model.
[ 2026-03-22 17:24:04 | node_2 | INFO ] 🗣️ Gossiping aggregated model.
[ 2026-03-22 17:24:04 | node_14 | INFO ] 🗣️ Gossiping aggregated model.
[ 2026-03-22 17:24:04 | node_28 | INFO ] 🤫 Gossip finished.
[ 2026-03-22 17:24:04 | node_46 | INFO ] 🧠 Aggregation complete. Setting new model.
[ 2026-03-22 17:24:04 | node_33 | INFO ] 🗣️ Gossiping aggregated model.
[ 2026-03-22 17:24:04 | node_16 | INFO ] 🗣️ Gossiping aggregated model.
[ 2026-03-22 17:24:04 | node_2 | INFO ] 🤫 Gossip finished.
[ 2026-03-22 17:24:04 | node_20 | INFO ] 🎉 Round 148 of 150 finished.
[ 2026-03-22 17:24:04 | node_17 | INFO ] 🤫 Gossip finished.
[ 2026-03-22 17:24:04 | node_7 | INFO ] 🧩 Model added for round 146 (3/3) from ['node_6']
[ 2026-03-22 17:24:04 | node_27 | INFO ] 🗣️ Gossiping aggregated model.
[ 2026-03-22 17:24:04 | node_28 | INFO ] 🔬 Evaluating...
[ 2026-03-22 17:24:04 | node_7 | INFO ] 🧠 Aggregation complete. Setting new model.
[ 2026-03-22 17:24:04 | node_27 | INFO ] 🤫 Gossip finished.
[ 2026-03-22 17:24:04 | node_2 | INFO ] 🔬 Evaluating...
[ 2026-03-22 17:24:04 | node_17 | INFO ] 🔬 Evaluating...
[ 2026-03-22 17:24:04 | node_20 | INFO ] 🗳️ [DETERMINISTIC] Train set assigned (No Voting). Size: 50
[ 2026-03-22 17:24:04 | node_1 | INFO ] 🤫 Gossip finished.
[ 2026-03-22 17:24:04 | node_32 | INFO ] 🗣️ Gossiping aggregated model.
[ 2026-03-22 17:24:04 | node_18 | INFO ] 📤 Sending model to 2 direct neighbors: ['node_17', 'node_19']
[ 2026-03-22 17:24:04 | node_27 | INFO ] 🔬 Evaluating...
[ 2026-03-22 17:24:04 | node_32 | INFO ] 🤫 Gossip finished.
[ 2026-03-22 17:24:04 | node_46 | INFO ] 🗣️ Gossiping aggregated model.
[ 2026-03-22 17:24:04 | node_1 | INFO ] 🔬 Evaluating...
[ 2026-03-22 17:24:04 | node_15 | INFO ] 🗣️ Gossiping aggregated model.
[ 2026-03-22 17:24:04 | node_20 | INFO ] 🏋️‍♀️ Preparing training...
[ 2026-03-22 17:24:04 | node_32 | INFO ] 🔬 Evaluating...
[ 2026-03-22 17:24:04 | node_15 | INFO ] 🤫 Gossip finished.
[ 2026-03-22 17:24:04 | node_22 | INFO ] 🎉 Round 148 of 150 finished.
[ 2026-03-22 17:24:04 | node_7 | INFO ] 🗣️ Gossiping aggregated model.
[ 2026-03-22 17:24:04 | node_21 | INFO ] 🎉 Round 148 of 150 finished.
[ 2026-03-22 17:24:04 | node_4 | INFO ] 🤫 Gossip finished.
[ 2026-03-22 17:24:04 | node_9 | INFO ] 🎉 Round 147 of 150 finished.
[ 2026-03-22 17:24:04 | node_15 | INFO ] 🔬 Evaluating...
[ 2026-03-22 17:24:04 | node_22 | INFO ] 🗳️ [DETERMINISTIC] Train set assigned (No Voting). Size: 50
[ 2026-03-22 17:24:04 | node_23 | INFO ] 📈 Evaluated. Results: {'test_loss': 0.0013977012131363153, 'test_accuracy': 0.9964908957481384, 'test_precision': 0.7235918641090393, 'test_recall': 0.22660906612873077, 'test_f1': 0.3401757478713989, 'communication_cost': 1457816}
[ 2026-03-22 17:24:04 | node_21 | INFO ] 🗳️ [DETERMINISTIC] Train set assigned (No Voting). Size: 50
[ 2026-03-22 17:24:04 | node_4 | INFO ] 🔬 Evaluating...
[ 2026-03-22 17:24:04 | node_9 | INFO ] 🗳️ [DETERMINISTIC] Train set assigned (No Voting). Size: 50
[ 2026-03-22 17:24:04 | node_45 | INFO ] 🤫 Gossip finished.
[ 2026-03-22 17:24:05 | node_23 | INFO ] 📢 Broadcasting metrics.
[ 2026-03-22 17:24:05 | node_22 | INFO ] 🏋️‍♀️ Preparing training...
[ 2026-03-22 17:24:05 | node_45 | INFO ] 🔬 Evaluating...
[ 2026-03-22 17:24:05 | node_21 | INFO ] 🏋️‍♀️ Preparing training...
[ 2026-03-22 17:24:05 | node_48 | INFO ] 🧩 Model added for round 146 (3/3) from ['node_47']
[ 2026-03-22 17:24:05 | node_6 | INFO ] 🧠 Aggregation complete. Setting new model.
[ 2026-03-22 17:24:05 | node_9 | INFO ] 🏋️‍♀️ Preparing training...
[ 2026-03-22 17:24:05 | node_31 | INFO ] 🤫 Gossip finished.
[ 2026-03-22 17:24:05 | node_26 | INFO ] 🤫 Gossip finished.
[ 2026-03-22 17:24:05 | node_39 | INFO ] 🤫 Gossip finished.
[ 2026-03-22 17:24:05 | node_48 | INFO ] 🧠 Aggregation complete. Setting new model.
[ 2026-03-22 17:24:05 | node_24 | INFO ] 🤫 Gossip finished.
[ 2026-03-22 17:24:05 | node_34 | INFO ] 🤫 Gossip finished.
[ 2026-03-22 17:24:05 | node_31 | INFO ] 🔬 Evaluating...
[ 2026-03-22 17:24:05 | node_29 | INFO ] 🤫 Gossip finished.
[ 2026-03-22 17:24:05 | node_26 | INFO ] 🔬 Evaluating...
[ 2026-03-22 17:24:05 | node_24 | INFO ] 🔬 Evaluating...
[ 2026-03-22 17:24:05 | node_8 | INFO ] 🤫 Gossip finished.
[ 2026-03-22 17:24:05 | node_39 | INFO ] 🔬 Evaluating...
[ 2026-03-22 17:24:05 | node_34 | INFO ] 🔬 Evaluating...
[ 2026-03-22 17:24:05 | node_29 | INFO ] 🔬 Evaluating...
[ 2026-03-22 17:24:05 | node_3 | INFO ] 🤫 Gossip finished.
[ 2026-03-22 17:24:05 | node_8 | INFO ] 🔬 Evaluating...
[ 2026-03-22 17:24:05 | node_6 | INFO ] 🗣️ Gossiping aggregated model.
[ 2026-03-22 17:24:05 | node_47 | INFO ] 🧠 Aggregation complete. Setting new model.
[ 2026-03-22 17:24:05 | node_3 | INFO ] 🔬 Evaluating...
[ 2026-03-22 17:24:05 | node_6 | INFO ] 🤫 Gossip finished.
[ 2026-03-22 17:24:05 | node_48 | INFO ] 🗣️ Gossiping aggregated model.
[ 2026-03-22 17:24:06 | node_19 | INFO ] 📈 Evaluated. Results: {'test_loss': 0.0011614488903433084, 'test_accuracy': 0.99712073802948, 'test_precision': 0.8157278895378113, 'test_recall': 0.26421961188316345, 'test_f1': 0.3905065059661865, 'communication_cost': 1457816}
[ 2026-03-22 17:24:06 | node_6 | INFO ] 🔬 Evaluating...
[ 2026-03-22 17:24:06 | node_19 | INFO ] 📢 Broadcasting metrics.
[ 2026-03-22 17:24:06 | node_47 | INFO ] 🗣️ Gossiping aggregated model.
[ 2026-03-22 17:24:06 | node | INFO ] 📈 Evaluated. Results: {'test_loss': 0.001359974266961217, 'test_accuracy': 0.99676114320755, 'test_precision': 0.8464537858963013, 'test_recall': 0.30723047256469727, 'test_f1': 0.44085782766342163, 'communication_cost': 1457816}
[ 2026-03-22 17:24:06 | node_35 | INFO ] 📈 Evaluated. Results: {'test_loss': 0.0010784625774249434, 'test_accuracy': 0.9973906874656677, 'test_precision': 0.921360433101654, 'test_recall': 0.30107080936431885, 'test_f1': 0.4455524981021881, 'communication_cost': 1457816}
[ 2026-03-22 17:24:06 | node_47 | INFO ] 🤫 Gossip finished.
[ 2026-03-22 17:24:06 | node_10 | INFO ] 📈 Evaluated. Results: {'test_loss': 0.0013089138083159924, 'test_accuracy': 0.997031033039093, 'test_precision': 0.5527665615081787, 'test_recall': 0.10850602388381958, 'test_f1': 0.18106494843959808, 'communication_cost': 1457816}
[ 2026-03-22 17:24:06 | node | INFO ] 📢 Broadcasting metrics.
[ 2026-03-22 17:24:06 | node_5 | INFO ] 🤫 Gossip finished.
[ 2026-03-22 17:24:06 | node_35 | INFO ] 📢 Broadcasting metrics.
[ 2026-03-22 17:24:06 | node_10 | INFO ] 📢 Broadcasting metrics.
[ 2026-03-22 17:24:06 | node_23 | INFO ] 🎉 Round 148 of 150 finished.
[ 2026-03-22 17:24:06 | node_47 | INFO ] 🔬 Evaluating...
[ 2026-03-22 17:24:06 | node_5 | INFO ] 🔬 Evaluating...
[ 2026-03-22 17:24:06 | node_23 | INFO ] 🗳️ [DETERMINISTIC] Train set assigned (No Voting). Size: 50
[ 2026-03-22 17:24:06 | node_36 | INFO ] 📈 Evaluated. Results: {'test_loss': 0.0015226893592625856, 'test_accuracy': 0.9964009523391724, 'test_precision': 0.7370883822441101, 'test_recall': 0.14537020027637482, 'test_f1': 0.2425052672624588, 'communication_cost': 1457816}
[ 2026-03-22 17:24:06 | node_23 | INFO ] 🏋️‍♀️ Preparing training...
[ 2026-03-22 17:24:06 | node_36 | INFO ] 📢 Broadcasting metrics.
[ 2026-03-22 17:24:06 | node_7 | INFO ] 🤫 Gossip finished.
[ 2026-03-22 17:24:06 | node_19 | INFO ] 🎉 Round 148 of 150 finished.
[ 2026-03-22 17:24:06 | node_7 | INFO ] 🔬 Evaluating...
[ 2026-03-22 17:24:06 | node | INFO ] 🎉 Round 147 of 150 finished.
[ 2026-03-22 17:24:07 | node_19 | INFO ] 🗳️ [DETERMINISTIC] Train set assigned (No Voting). Size: 50
[ 2026-03-22 17:24:07 | node_10 | INFO ] 🎉 Round 147 of 150 finished.
[ 2026-03-22 17:24:07 | node | INFO ] 🗳️ [DETERMINISTIC] Train set assigned (No Voting). Size: 50
[ 2026-03-22 17:24:07 | node_35 | INFO ] 🎉 Round 148 of 150 finished.
[ 2026-03-22 17:24:07 | node_49 | INFO ] 🤫 Gossip finished.
[ 2026-03-22 17:24:07 | node_10 | INFO ] 🗳️ [DETERMINISTIC] Train set assigned (No Voting). Size: 50
[ 2026-03-22 17:24:07 | node_19 | INFO ] ♻️ Proactively processing 1 early models for round 148.
[ 2026-03-22 17:24:07 | node_35 | INFO ] 🗳️ [DETERMINISTIC] Train set assigned (No Voting). Size: 50
[ 2026-03-22 17:24:07 | node | INFO ] 🏋️‍♀️ Preparing training...
[ 2026-03-22 17:24:07 | node_16 | INFO ] 🤫 Gossip finished.
[ 2026-03-22 17:24:07 | node_19 | INFO ] 🧩 Model added for round 148 (1/3) from ['node_18']
[ 2026-03-22 17:24:07 | node_49 | INFO ] 🔬 Evaluating...
[ 2026-03-22 17:24:07 | node_19 | INFO ] 🏋️‍♀️ Preparing training...
[ 2026-03-22 17:24:07 | node_36 | INFO ] 🎉 Round 148 of 150 finished.
[ 2026-03-22 17:24:07 | node_10 | INFO ] 🏋️‍♀️ Preparing training...
[ 2026-03-22 17:24:07 | node_16 | INFO ] 🔬 Evaluating...
[ 2026-03-22 17:24:07 | node_35 | INFO ] 🏋️‍♀️ Preparing training...
[ 2026-03-22 17:24:07 | node_25 | INFO ] 📈 Evaluated. Results: {'test_loss': 0.0011518745450302958, 'test_accuracy': 0.9973906874656677, 'test_precision': 0.6756643652915955, 'test_recall': 0.16979356110095978, 'test_f1': 0.26282039284706116, 'communication_cost': 1457816}
[ 2026-03-22 17:24:07 | node_36 | INFO ] 🗳️ [DETERMINISTIC] Train set assigned (No Voting). Size: 50
[ 2026-03-22 17:24:07 | node_48 | INFO ] 🤫 Gossip finished.
[ 2026-03-22 17:24:07 | node_25 | INFO ] 📢 Broadcasting metrics.
[ 2026-03-22 17:24:07 | node_46 | INFO ] 🤫 Gossip finished.
[ 2026-03-22 17:24:07 | node_36 | INFO ] 🏋️‍♀️ Preparing training...
[ 2026-03-22 17:24:07 | node_48 | INFO ] 🔬 Evaluating...
[ 2026-03-22 17:24:07 | node_46 | INFO ] 🔬 Evaluating...
[ 2026-03-22 17:24:07 | node_28 | INFO ] 📈 Evaluated. Results: {'test_loss': 0.0010150399757549167, 'test_accuracy': 0.9970307946205139, 'test_precision': 0.7831563949584961, 'test_recall': 0.3521910309791565, 'test_f1': 0.48004794120788574, 'communication_cost': 1457816}
[ 2026-03-22 17:24:07 | node_28 | INFO ] 📢 Broadcasting metrics.
[ 2026-03-22 17:24:08 | node_27 | INFO ] 📈 Evaluated. Results: {'test_loss': 0.0013375947019085288, 'test_accuracy': 0.9966708421707153, 'test_precision': 0.6314558386802673, 'test_recall': 0.14978978037834167, 'test_f1': 0.23033694922924042, 'communication_cost': 1457816}
[ 2026-03-22 17:24:08 | node_25 | INFO ] 🎉 Round 148 of 150 finished.
[ 2026-03-22 17:24:08 | node_4 | INFO ] 📈 Evaluated. Results: {'test_loss': 0.0013042452046647668, 'test_accuracy': 0.9966711401939392, 'test_precision': 0.9692906737327576, 'test_recall': 0.32063087821006775, 'test_f1': 0.4747413098812103, 'communication_cost': 1457816}
[ 2026-03-22 17:24:08 | node_27 | INFO ] 📢 Broadcasting metrics.
[ 2026-03-22 17:24:08 | node_37 | INFO ] 📈 Evaluated. Results: {'test_loss': 0.001083130482584238, 'test_accuracy': 0.996850848197937, 'test_precision': 0.7463020086288452, 'test_recall': 0.3020015060901642, 'test_f1': 0.42288851737976074, 'communication_cost': 1457816}
[ 2026-03-22 17:24:08 | node_4 | INFO ] 📢 Broadcasting metrics.
[ 2026-03-22 17:24:08 | node_37 | INFO ] 📢 Broadcasting metrics.
[ 2026-03-22 17:24:08 | node_25 | INFO ] 🗳️ [DETERMINISTIC] Train set assigned (No Voting). Size: 50
[ 2026-03-22 17:24:08 | node_1 | INFO ] 📈 Evaluated. Results: {'test_loss': 0.0013329213252291083, 'test_accuracy': 0.997031033039093, 'test_precision': 0.5834757685661316, 'test_recall': 0.18016095459461212, 'test_f1': 0.2689386010169983, 'communication_cost': 1457816}
[ 2026-03-22 17:24:08 | node_28 | INFO ] 🎉 Round 148 of 150 finished.
[ 2026-03-22 17:24:08 | node_1 | INFO ] 📢 Broadcasting metrics.
[ 2026-03-22 17:24:08 | node_25 | INFO ] 🏋️‍♀️ Preparing training...
[ 2026-03-22 17:24:08 | node_28 | INFO ] 🗳️ [DETERMINISTIC] Train set assigned (No Voting). Size: 50
[ 2026-03-22 17:24:08 | node_28 | INFO ] 🏋️‍♀️ Preparing training...
[ 2026-03-22 17:24:08 | node_17 | INFO ] 📈 Evaluated. Results: {'test_loss': 0.0014040025416761637, 'test_accuracy': 0.9964912533760071, 'test_precision': 0.4472334682941437, 'test_recall': 0.11593494564294815, 'test_f1': 0.17751216888427734, 'communication_cost': 1457816}
[ 2026-03-22 17:24:08 | node_2 | INFO ] 📈 Evaluated. Results: {'test_loss': 0.001247847219929099, 'test_accuracy': 0.996941089630127, 'test_precision': 0.4913480281829834, 'test_recall': 0.1921296864748001, 'test_f1': 0.25795769691467285, 'communication_cost': 1457816}
[ 2026-03-22 17:24:08 | node_17 | INFO ] 📢 Broadcasting metrics.
[ 2026-03-22 17:24:08 | node_2 | INFO ] 📢 Broadcasting metrics.
[ 2026-03-22 17:24:08 | node_27 | INFO ] 🎉 Round 148 of 150 finished.
[ 2026-03-22 17:24:08 | node_32 | INFO ] 📈 Evaluated. Results: {'test_loss': 0.0010985549306496978, 'test_accuracy': 0.99712073802948, 'test_precision': 0.8599364757537842, 'test_recall': 0.3500944972038269, 'test_f1': 0.4857417941093445, 'communication_cost': 1457816}
[ 2026-03-22 17:24:08 | node_4 | INFO ] 🎉 Round 147 of 150 finished.
[ 2026-03-22 17:24:08 | node_37 | INFO ] 🎉 Round 148 of 150 finished.
[ 2026-03-22 17:24:08 | node_32 | INFO ] 📢 Broadcasting metrics.
[ 2026-03-22 17:24:08 | node_27 | INFO ] 🗳️ [DETERMINISTIC] Train set assigned (No Voting). Size: 50
[ 2026-03-22 17:24:09 | node_1 | INFO ] 🎉 Round 147 of 150 finished.
[ 2026-03-22 17:24:09 | node_37 | INFO ] 🗳️ [DETERMINISTIC] Train set assigned (No Voting). Size: 50
[ 2026-03-22 17:24:09 | node_4 | INFO ] 🗳️ [DETERMINISTIC] Train set assigned (No Voting). Size: 50
[ 2026-03-22 17:24:09 | node_29 | INFO ] 📈 Evaluated. Results: {'test_loss': 0.00129221985116601, 'test_accuracy': 0.9964908957481384, 'test_precision': 0.79851233959198, 'test_recall': 0.33104321360588074, 'test_f1': 0.44540295004844666, 'communication_cost': 1457816}
[ 2026-03-22 17:24:09 | node_1 | INFO ] 🗳️ [DETERMINISTIC] Train set assigned (No Voting). Size: 50
[ 2026-03-22 17:24:09 | node_29 | INFO ] 📢 Broadcasting metrics.
[ 2026-03-22 17:24:09 | node_27 | INFO ] 🏋️‍♀️ Preparing training...
[ 2026-03-22 17:24:09 | node_37 | INFO ] 🏋️‍♀️ Preparing training...
[ 2026-03-22 17:24:09 | node_4 | INFO ] 🏋️‍♀️ Preparing training...
[ 2026-03-22 17:24:09 | node_42 | INFO ] 📤 Sending model to 2 direct neighbors: ['node_41', 'node_43']
[ 2026-03-22 17:24:09 | node_44 | INFO ] 📤 Sending model to 2 direct neighbors: ['node_43', 'node_45']
[ 2026-03-22 17:24:09 | node_38 | INFO ] 📈 Evaluated. Results: {'test_loss': 0.0011422676034271717, 'test_accuracy': 0.9973006844520569, 'test_precision': 0.8531882166862488, 'test_recall': 0.43985608220100403, 'test_f1': 0.5698556900024414, 'communication_cost': 1457816}
[ 2026-03-22 17:24:09 | node_1 | INFO ] 🏋️‍♀️ Preparing training...
[ 2026-03-22 17:24:09 | node_38 | INFO ] 📢 Broadcasting metrics.
[ 2026-03-22 17:24:09 | node_15 | INFO ] 📈 Evaluated. Results: {'test_loss': 0.0012668623821809888, 'test_accuracy': 0.997031033039093, 'test_precision': 0.8157444596290588, 'test_recall': 0.19141273200511932, 'test_f1': 0.29834258556365967, 'communication_cost': 1457816}
[ 2026-03-22 17:24:09 | node_15 | INFO ] 📢 Broadcasting metrics.
[ 2026-03-22 17:24:09 | node_17 | INFO ] 🎉 Round 148 of 150 finished.
[ 2026-03-22 17:24:09 | node_43 | INFO ] 🧩 Model added for round 147 (1/3) from ['node_44']
[ 2026-03-22 17:24:09 | node_41 | INFO ] 🧩 Model added for round 147 (3/3) from ['node_42']
[ 2026-03-22 17:24:09 | node_17 | INFO ] 🗳️ [DETERMINISTIC] Train set assigned (No Voting). Size: 50
[ 2026-03-22 17:24:09 | node_2 | INFO ] 🎉 Round 147 of 150 finished.
[ 2026-03-22 17:24:09 | node_41 | INFO ] 🧠 Aggregation complete. Setting new model.
[ 2026-03-22 17:24:09 | node_2 | INFO ] 🗳️ [DETERMINISTIC] Train set assigned (No Voting). Size: 50
[ 2026-03-22 17:24:09 | node_17 | INFO ] ♻️ Proactively processing 1 early models for round 148.
[ 2026-03-22 17:24:09 | node_17 | INFO ] 🧩 Model added for round 148 (1/3) from ['node_18']
[ 2026-03-22 17:24:09 | node_32 | INFO ] 🎉 Round 148 of 150 finished.
[ 2026-03-22 17:24:09 | node_2 | INFO ] 🏋️‍♀️ Preparing training...
[ 2026-03-22 17:24:09 | node_17 | INFO ] 🏋️‍♀️ Preparing training...
[ 2026-03-22 17:24:09 | node_39 | INFO ] 📈 Evaluated. Results: {'test_loss': 0.001113017206080258, 'test_accuracy': 0.9974806308746338, 'test_precision': 0.5368543863296509, 'test_recall': 0.4166388213634491, 'test_f1': 0.46585169434547424, 'communication_cost': 1457816}
[ 2026-03-22 17:24:09 | node_29 | INFO ] 🎉 Round 148 of 150 finished.
[ 2026-03-22 17:24:09 | node_41 | INFO ] 🗣️ Gossiping aggregated model.
[ 2026-03-22 17:24:09 | node_32 | INFO ] 🗳️ [DETERMINISTIC] Train set assigned (No Voting). Size: 50
[ 2026-03-22 17:24:09 | node_29 | INFO ] 🗳️ [DETERMINISTIC] Train set assigned (No Voting). Size: 50
[ 2026-03-22 17:24:09 | node_39 | INFO ] 📢 Broadcasting metrics.
[ 2026-03-22 17:24:09 | node_32 | INFO ] 🏋️‍♀️ Preparing training...
[ 2026-03-22 17:24:09 | node_38 | INFO ] 🎉 Round 148 of 150 finished.
[ 2026-03-22 17:24:09 | node_29 | INFO ] 🏋️‍♀️ Preparing training...
[ 2026-03-22 17:24:09 | node_38 | INFO ] 🗳️ [DETERMINISTIC] Train set assigned (No Voting). Size: 50
[ 2026-03-22 17:24:09 | node_38 | INFO ] 🏋️‍♀️ Preparing training...
[ 2026-03-22 17:24:09 | node_43 | INFO ] 🧩 Model added for round 147 (2/3) from ['node_42']
[ 2026-03-22 17:24:09 | node_15 | INFO ] 🎉 Round 148 of 150 finished.
[ 2026-03-22 17:24:09 | node_15 | INFO ] 🗳️ [DETERMINISTIC] Train set assigned (No Voting). Size: 50
[ 2026-03-22 17:24:10 | node_15 | INFO ] 🏋️‍♀️ Preparing training...
[ 2026-03-22 17:24:10 | node_34 | INFO ] 📈 Evaluated. Results: {'test_loss': 0.0011567382607609034, 'test_accuracy': 0.9973906874656677, 'test_precision': 0.5528162717819214, 'test_recall': 0.1883220225572586, 'test_f1': 0.2791782319545746, 'communication_cost': 1457816}
[ 2026-03-22 17:24:10 | node_34 | INFO ] 📢 Broadcasting metrics.
[ 2026-03-22 17:24:10 | node_39 | INFO ] 🎉 Round 148 of 150 finished.
[ 2026-03-22 17:24:10 | node_39 | INFO ] 🗳️ [DETERMINISTIC] Train set assigned (No Voting). Size: 50
[ 2026-03-22 17:24:10 | node_39 | INFO ] 🏋️‍♀️ Preparing training...
[ 2026-03-22 17:24:10 | node_31 | INFO ] 📈 Evaluated. Results: {'test_loss': 0.0010206297738477588, 'test_accuracy': 0.9976606369018555, 'test_precision': 0.6314558386802673, 'test_recall': 0.21345479786396027, 'test_f1': 0.31159868836402893, 'communication_cost': 1457816}
[ 2026-03-22 17:24:10 | node_31 | INFO ] 📢 Broadcasting metrics.
[ 2026-03-22 17:24:10 | node_40 | INFO ] 🤫 Gossip finished.
[ 2026-03-22 17:24:10 | node_11 | INFO ] ⏹️  Gossiping exited for 10 equal rounds.
[ 2026-03-22 17:24:10 | node_40 | INFO ] 🔬 Evaluating...
[ 2026-03-22 17:24:10 | node_11 | INFO ] 🔬 Evaluating...
[ 2026-03-22 17:24:10 | node_6 | INFO ] 📈 Evaluated. Results: {'test_loss': 0.0011962739517912269, 'test_accuracy': 0.996941089630127, 'test_precision': 0.8157444596290588, 'test_recall': 0.24512016773223877, 'test_f1': 0.372141033411026, 'communication_cost': 1457816}
[ 2026-03-22 17:24:10 | node_6 | INFO ] 📢 Broadcasting metrics.
[ 2026-03-22 17:24:10 | node_34 | INFO ] 🎉 Round 148 of 150 finished.
[ 2026-03-22 17:24:10 | node_3 | INFO ] 📈 Evaluated. Results: {'test_loss': 0.0017462280811741948, 'test_accuracy': 0.9958614706993103, 'test_precision': 0.43607136607170105, 'test_recall': 0.27709195017814636, 'test_f1': 0.29982709884643555, 'communication_cost': 1457816}
[ 2026-03-22 17:24:10 | node_3 | INFO ] 📢 Broadcasting metrics.
[ 2026-03-22 17:24:10 | node_34 | INFO ] 🗳️ [DETERMINISTIC] Train set assigned (No Voting). Size: 50
[ 2026-03-22 17:24:11 | node_34 | INFO ] 🏋️‍♀️ Preparing training...
[ 2026-03-22 17:24:11 | node_47 | INFO ] 📈 Evaluated. Results: {'test_loss': 0.0008975501405075192, 'test_accuracy': 0.9979305267333984, 'test_precision': 0.49139225482940674, 'test_recall': 0.21717782318592072, 'test_f1': 0.30041933059692383, 'communication_cost': 1457816}
[ 2026-03-22 17:24:11 | node_31 | INFO ] 🎉 Round 148 of 150 finished.
[ 2026-03-22 17:24:11 | node_47 | INFO ] 📢 Broadcasting metrics.
[ 2026-03-22 17:24:11 | node_45 | INFO ] 📈 Evaluated. Results: {'test_loss': 0.0011572763323783875, 'test_accuracy': 0.9974806308746338, 'test_precision': 0.8157278895378113, 'test_recall': 0.33622974157333374, 'test_f1': 0.45334339141845703, 'communication_cost': 1457816}
[ 2026-03-22 17:24:11 | node_31 | INFO ] 🗳️ [DETERMINISTIC] Train set assigned (No Voting). Size: 50
[ 2026-03-22 17:24:11 | node_45 | INFO ] 📢 Broadcasting metrics.
[ 2026-03-22 17:24:11 | node_8 | INFO ] 📈 Evaluated. Results: {'test_loss': 0.0013786077033728361, 'test_accuracy': 0.9955015778541565, 'test_precision': 0.5527665615081787, 'test_recall': 0.10146427154541016, 'test_f1': 0.16787724196910858, 'communication_cost': 1457816}
[ 2026-03-22 17:24:11 | node_7 | INFO ] 📈 Evaluated. Results: {'test_loss': 0.0013149301521480083, 'test_accuracy': 0.9968510866165161, 'test_precision': 0.8291497826576233, 'test_recall': 0.22081415355205536, 'test_f1': 0.33138078451156616, 'communication_cost': 1457816}
[ 2026-03-22 17:24:11 | node_16 | INFO ] 📈 Evaluated. Results: {'test_loss': 0.0011309514520689845, 'test_accuracy': 0.9968510866165161, 'test_precision': 0.6756035685539246, 'test_recall': 0.166707381606102, 'test_f1': 0.2608824074268341, 'communication_cost': 1457816}
[ 2026-03-22 17:24:11 | node_8 | INFO ] 📢 Broadcasting metrics.
[ 2026-03-22 17:24:11 | node_26 | INFO ] 📈 Evaluated. Results: {'test_loss': 0.0011315909214317799, 'test_accuracy': 0.9969407916069031, 'test_precision': 0.7370883822441101, 'test_recall': 0.15663127601146698, 'test_f1': 0.25798091292381287, 'communication_cost': 1457816}
[ 2026-03-22 17:24:11 | node_7 | INFO ] 📢 Broadcasting metrics.
[ 2026-03-22 17:24:11 | node_16 | INFO ] 📢 Broadcasting metrics.
[ 2026-03-22 17:24:11 | node_26 | INFO ] 📢 Broadcasting metrics.
[ 2026-03-22 17:24:11 | node_31 | INFO ] 🏋️‍♀️ Preparing training...
[ 2026-03-22 17:24:11 | node_5 | INFO ] 📈 Evaluated. Results: {'test_loss': 0.0014654450351372361, 'test_accuracy': 0.9966711401939392, 'test_precision': 0.8157444596290588, 'test_recall': 0.17980742454528809, 'test_f1': 0.28739941120147705, 'communication_cost': 1457816}
[ 2026-03-22 17:24:11 | node_5 | INFO ] 📢 Broadcasting metrics.
[ 2026-03-22 17:24:11 | node_6 | INFO ] 🎉 Round 147 of 150 finished.
[ 2026-03-22 17:24:12 | node_6 | INFO ] 🗳️ [DETERMINISTIC] Train set assigned (No Voting). Size: 50
[ 2026-03-22 17:24:12 | node_3 | INFO ] 🎉 Round 147 of 150 finished.
[ 2026-03-22 17:24:12 | node_48 | INFO ] 📈 Evaluated. Results: {'test_loss': 0.001544532598927617, 'test_accuracy': 0.9965808987617493, 'test_precision': 0.8292244076728821, 'test_recall': 0.20423489809036255, 'test_f1': 0.3233935534954071, 'communication_cost': 1457816}
[ 2026-03-22 17:24:12 | node_3 | INFO ] 🗳️ [DETERMINISTIC] Train set assigned (No Voting). Size: 50
[ 2026-03-22 17:24:12 | node_6 | INFO ] 🏋️‍♀️ Preparing training...
[ 2026-03-22 17:24:12 | node_48 | INFO ] 📢 Broadcasting metrics.
[ 2026-03-22 17:24:12 | node_3 | INFO ] 🏋️‍♀️ Preparing training...
[ 2026-03-22 17:24:12 | node_24 | INFO ] 📈 Evaluated. Results: {'test_loss': 0.0009705308475531638, 'test_accuracy': 0.9973006844520569, 'test_precision': 0.8157278895378113, 'test_recall': 0.2491852194070816, 'test_f1': 0.3774152994155884, 'communication_cost': 1457816}
[ 2026-03-22 17:24:12 | node_24 | INFO ] 📢 Broadcasting metrics.
[ 2026-03-22 17:24:12 | node_47 | INFO ] 🎉 Round 147 of 150 finished.
[ 2026-03-22 17:24:12 | node_45 | INFO ] 🎉 Round 147 of 150 finished.
[ 2026-03-22 17:24:12 | node_47 | INFO ] 🗳️ [DETERMINISTIC] Train set assigned (No Voting). Size: 50
[ 2026-03-22 17:24:12 | node_46 | INFO ] 📈 Evaluated. Results: {'test_loss': 0.0015280040679499507, 'test_accuracy': 0.9962210059165955, 'test_precision': 0.6314558386802673, 'test_recall': 0.12907615303993225, 'test_f1': 0.2025919109582901, 'communication_cost': 1457816}
[ 2026-03-22 17:24:12 | node_8 | INFO ] 🎉 Round 147 of 150 finished.
[ 2026-03-22 17:24:12 | node_16 | INFO ] 🎉 Round 148 of 150 finished.
[ 2026-03-22 17:24:12 | node_26 | INFO ] 🎉 Round 148 of 150 finished.
[ 2026-03-22 17:24:13 | node_7 | INFO ] 🎉 Round 147 of 150 finished.
[ 2026-03-22 17:24:13 | node_45 | INFO ] 🗳️ [DETERMINISTIC] Train set assigned (No Voting). Size: 50
[ 2026-03-22 17:24:13 | node_46 | INFO ] 📢 Broadcasting metrics.
[ 2026-03-22 17:24:13 | node_47 | INFO ] 🏋️‍♀️ Preparing training...
[ 2026-03-22 17:24:13 | node_8 | INFO ] 🗳️ [DETERMINISTIC] Train set assigned (No Voting). Size: 50
[ 2026-03-22 17:24:13 | node_16 | INFO ] 🗳️ [DETERMINISTIC] Train set assigned (No Voting). Size: 50
[ 2026-03-22 17:24:13 | node_26 | INFO ] 🗳️ [DETERMINISTIC] Train set assigned (No Voting). Size: 50
[ 2026-03-22 17:24:13 | node_7 | INFO ] 🗳️ [DETERMINISTIC] Train set assigned (No Voting). Size: 50
[ 2026-03-22 17:24:13 | node_45 | INFO ] ♻️ Proactively processing 1 early models for round 147.
[ 2026-03-22 17:24:13 | node_5 | INFO ] 🎉 Round 147 of 150 finished.
[ 2026-03-22 17:24:13 | node_45 | INFO ] 🧩 Model added for round 147 (1/3) from ['node_44']
[ 2026-03-22 17:24:13 | node_8 | INFO ] 🏋️‍♀️ Preparing training...
[ 2026-03-22 17:24:13 | node_16 | INFO ] 🏋️‍♀️ Preparing training...
[ 2026-03-22 17:24:13 | node_26 | INFO ] 🏋️‍♀️ Preparing training...
[ 2026-03-22 17:24:13 | node_49 | INFO ] 📈 Evaluated. Results: {'test_loss': 0.0014804091770201921, 'test_accuracy': 0.9967608451843262, 'test_precision': 0.6142403483390808, 'test_recall': 0.1665894091129303, 'test_f1': 0.25883999466896057, 'communication_cost': 1457816}
[ 2026-03-22 17:24:13 | node_7 | INFO ] 🏋️‍♀️ Preparing training...
[ 2026-03-22 17:24:13 | node_45 | INFO ] 🏋️‍♀️ Preparing training...
[ 2026-03-22 17:24:13 | node_5 | INFO ] 🗳️ [DETERMINISTIC] Train set assigned (No Voting). Size: 50
[ 2026-03-22 17:24:13 | node_49 | INFO ] 📢 Broadcasting metrics.
[ 2026-03-22 17:24:13 | node_5 | INFO ] 🏋️‍♀️ Preparing training...
[ 2026-03-22 17:24:13 | node_48 | INFO ] 🎉 Round 147 of 150 finished.
[ 2026-03-22 17:24:13 | node_48 | INFO ] 🗳️ [DETERMINISTIC] Train set assigned (No Voting). Size: 50
[ 2026-03-22 17:24:13 | node_24 | INFO ] 🎉 Round 148 of 150 finished.
[ 2026-03-22 17:24:14 | node_48 | INFO ] 🏋️‍♀️ Preparing training...
[ 2026-03-22 17:24:14 | node_24 | INFO ] 🗳️ [DETERMINISTIC] Train set assigned (No Voting). Size: 50
[ 2026-03-22 17:24:14 | node_24 | INFO ] 🏋️‍♀️ Preparing training...
[ 2026-03-22 17:24:14 | node_46 | INFO ] 🎉 Round 147 of 150 finished.
[ 2026-03-22 17:24:14 | node_22 | INFO ] 🎓 Training step done.
[ 2026-03-22 17:24:14 | node_46 | INFO ] 🗳️ [DETERMINISTIC] Train set assigned (No Voting). Size: 50
[ 2026-03-22 17:24:14 | node_22 | INFO ] 🛠️ Calling force_add_local_model...
[ 2026-03-22 17:24:14 | node_43 | INFO ] 🎓 Training step done.
[ 2026-03-22 17:24:14 | node_22 | INFO ] ✅ [FORCE] Local model added for round 148. (1/3)
[ 2026-03-22 17:24:14 | node_43 | INFO ] 🛠️ Calling force_add_local_model...
[ 2026-03-22 17:24:14 | node_40 | INFO ] 📈 Evaluated. Results: {'test_loss': 0.0013969514984637499, 'test_accuracy': 0.9966708421707153, 'test_precision': 0.7082358598709106, 'test_recall': 0.26526206731796265, 'test_f1': 0.36564427614212036, 'communication_cost': 1457816}
[ 2026-03-22 17:24:14 | node_49 | INFO ] 🎉 Round 147 of 150 finished.
[ 2026-03-22 17:24:14 | node_43 | INFO ] ✅ [FORCE] Local model added for round 147. (3/3)
[ 2026-03-22 17:24:14 | node_40 | INFO ] 📢 Broadcasting metrics.
[ 2026-03-22 17:24:14 | node_11 | INFO ] 📈 Evaluated. Results: {'test_loss': 0.0012656903127208352, 'test_accuracy': 0.996941089630127, 'test_precision': 0.6756035685539246, 'test_recall': 0.18425551056861877, 'test_f1': 0.2865072190761566, 'communication_cost': 1457816}
[ 2026-03-22 17:24:14 | node_46 | INFO ] 🏋️‍♀️ Preparing training...
[ 2026-03-22 17:24:14 | node_49 | INFO ] 🗳️ [DETERMINISTIC] Train set assigned (No Voting). Size: 50
[ 2026-03-22 17:24:14 | node_11 | INFO ] 📢 Broadcasting metrics.
[ 2026-03-22 17:24:14 | node_49 | INFO ] 🏋️‍♀️ Preparing training...
[ 2026-03-22 17:24:15 | node_40 | INFO ] 🎉 Round 148 of 150 finished.
[ 2026-03-22 17:24:15 | node_11 | INFO ] 🎉 Round 147 of 150 finished.
[ 2026-03-22 17:24:15 | node_40 | INFO ] 🗳️ [DETERMINISTIC] Train set assigned (No Voting). Size: 50
[ 2026-03-22 17:24:15 | node_11 | INFO ] 🗳️ [DETERMINISTIC] Train set assigned (No Voting). Size: 50
[ 2026-03-22 17:24:15 | node_11 | INFO ] 🏋️‍♀️ Preparing training...
[ 2026-03-22 17:24:15 | node_40 | INFO ] 🏋️‍♀️ Preparing training...
[ 2026-03-22 17:24:15 | node_20 | INFO ] 🎓 Training step done.
[ 2026-03-22 17:24:15 | node_20 | INFO ] 🛠️ Calling force_add_local_model...
[ 2026-03-22 17:24:15 | node_20 | INFO ] ✅ [FORCE] Local model added for round 148. (1/3)
[ 2026-03-22 17:24:16 | node_12 | INFO ] 🎓 Training step done.
[ 2026-03-22 17:24:16 | node_23 | INFO ] 🎓 Training step done.
[ 2026-03-22 17:24:16 | node_12 | INFO ] 🛠️ Calling force_add_local_model...
[ 2026-03-22 17:24:16 | node_23 | INFO ] 🛠️ Calling force_add_local_model...
[ 2026-03-22 17:24:16 | node_12 | INFO ] ✅ [FORCE] Local model added for round 147. (2/3)
[ 2026-03-22 17:24:16 | node_23 | INFO ] ✅ [FORCE] Local model added for round 148. (1/3)
[ 2026-03-22 17:24:17 | node_30 | INFO ] ⏹️  Gossiping exited for 10 equal rounds.
[ 2026-03-22 17:24:17 | node_30 | INFO ] 🔬 Evaluating...
[ 2026-03-22 17:24:17 | node_9 | INFO ] 🎓 Training step done.
[ 2026-03-22 17:24:17 | node_9 | INFO ] 🛠️ Calling force_add_local_model...
[ 2026-03-22 17:24:17 | node_9 | INFO ] ✅ [FORCE] Local model added for round 147. (1/3)
[ 2026-03-22 17:24:18 | node_27 | INFO ] 🎓 Training step done.
[ 2026-03-22 17:24:19 | node_27 | INFO ] 🛠️ Calling force_add_local_model...
[ 2026-03-22 17:24:19 | node_27 | INFO ] ✅ [FORCE] Local model added for round 148. (1/3)
[ 2026-03-22 17:24:19 | node_21 | INFO ] 🎓 Training step done.
[ 2026-03-22 17:24:19 | node | INFO ] 🎓 Training step done.
[ 2026-03-22 17:24:19 | node_21 | INFO ] 🛠️ Calling force_add_local_model...
[ 2026-03-22 17:24:19 | node | INFO ] 🛠️ Calling force_add_local_model...
[ 2026-03-22 17:24:19 | node_21 | INFO ] ✅ [FORCE] Local model added for round 148. (1/3)
[ 2026-03-22 17:24:19 | node | INFO ] ✅ [FORCE] Local model added for round 147. (1/3)
[ 2026-03-22 17:24:21 | node_43 | INFO ] 📤 Sending model to 2 direct neighbors: ['node_42', 'node_44']
[ 2026-03-22 17:24:21 | node_22 | INFO ] 📤 Sending model to 2 direct neighbors: ['node_21', 'node_23']
[ 2026-03-22 17:24:21 | node_20 | INFO ] 📤 Sending model to 2 direct neighbors: ['node_19', 'node_21']
[ 2026-03-22 17:24:21 | node_12 | INFO ] 📤 Sending model to 2 direct neighbors: ['node_11', 'node_13']
[ 2026-03-22 17:24:21 | node_23 | INFO ] 📤 Sending model to 2 direct neighbors: ['node_22', 'node_24']
[ 2026-03-22 17:24:21 | node_15 | INFO ] 🎓 Training step done.
[ 2026-03-22 17:24:21 | node_19 | INFO ] 🎓 Training step done.
[ 2026-03-22 17:24:21 | node_10 | INFO ] 🎓 Training step done.
[ 2026-03-22 17:24:21 | node_2 | INFO ] 🎓 Training step done.
[ 2026-03-22 17:24:21 | node_25 | INFO ] 🎓 Training step done.
[ 2026-03-22 17:24:21 | node_32 | INFO ] 🎓 Training step done.
[ 2026-03-22 17:24:21 | node_28 | INFO ] 🎓 Training step done.
[ 2026-03-22 17:24:21 | node_31 | INFO ] 🎓 Training step done.
[ 2026-03-22 17:24:22 | node_45 | INFO ] 🎓 Training step done.
[ 2026-03-22 17:24:22 | node_2 | INFO ] 🛠️ Calling force_add_local_model...
[ 2026-03-22 17:24:22 | node_1 | INFO ] 🎓 Training step done.
[ 2026-03-22 17:24:22 | node_33 | INFO ] ⏹️  Gossiping exited for 10 equal rounds.
[ 2026-03-22 17:24:22 | node_15 | INFO ] 🛠️ Calling force_add_local_model...
[ 2026-03-22 17:24:22 | node_30 | INFO ] 📈 Evaluated. Results: {'test_loss': 0.0011062644189223647, 'test_accuracy': 0.9973006844520569, 'test_precision': 0.8157278895378113, 'test_recall': 0.2930246889591217, 'test_f1': 0.42745140194892883, 'communication_cost': 1457816}
[ 2026-03-22 17:24:22 | node_10 | INFO ] 🛠️ Calling force_add_local_model...
[ 2026-03-22 17:24:22 | node_39 | INFO ] 🎓 Training step done.
[ 2026-03-22 17:24:22 | node_19 | INFO ] 🛠️ Calling force_add_local_model...
[ 2026-03-22 17:24:22 | node_25 | INFO ] 🛠️ Calling force_add_local_model...
[ 2026-03-22 17:24:22 | node_32 | INFO ] 🛠️ Calling force_add_local_model...
[ 2026-03-22 17:24:22 | node_28 | INFO ] 🛠️ Calling force_add_local_model...
[ 2026-03-22 17:24:22 | node_45 | INFO ] 🛠️ Calling force_add_local_model...
[ 2026-03-22 17:24:22 | node_31 | INFO ] 🛠️ Calling force_add_local_model...
[ 2026-03-22 17:24:22 | node_2 | INFO ] ✅ [FORCE] Local model added for round 147. (1/3)
[ 2026-03-22 17:24:22 | node_1 | INFO ] 🛠️ Calling force_add_local_model...
[ 2026-03-22 17:24:22 | node_4 | INFO ] 🎓 Training step done.
[ 2026-03-22 17:24:22 | node_29 | INFO ] 🎓 Training step done.
[ 2026-03-22 17:24:22 | node_30 | INFO ] 📢 Broadcasting metrics.
[ 2026-03-22 17:24:22 | node_15 | INFO ] ✅ [FORCE] Local model added for round 148. (1/3)
[ 2026-03-22 17:24:22 | node_3 | INFO ] 🎓 Training step done.
[ 2026-03-22 17:24:22 | node_19 | INFO ] ✅ [FORCE] Local model added for round 148. (2/3)
[ 2026-03-22 17:24:22 | node_39 | INFO ] 🛠️ Calling force_add_local_model...
[ 2026-03-22 17:24:22 | node_25 | INFO ] ✅ [FORCE] Local model added for round 148. (1/3)
[ 2026-03-22 17:24:22 | node_10 | INFO ] ✅ [FORCE] Local model added for round 147. (1/3)
[ 2026-03-22 17:24:22 | node_28 | INFO ] ✅ [FORCE] Local model added for round 148. (1/3)
[ 2026-03-22 17:24:22 | node_32 | INFO ] ✅ [FORCE] Local model added for round 148. (1/3)
[ 2026-03-22 17:24:22 | node_45 | INFO ] ✅ [FORCE] Local model added for round 147. (2/3)
[ 2026-03-22 17:24:22 | node_31 | INFO ] ✅ [FORCE] Local model added for round 148. (1/3)
[ 2026-03-22 17:24:22 | node_4 | INFO ] 🛠️ Calling force_add_local_model...
[ 2026-03-22 17:24:22 | node_1 | INFO ] ✅ [FORCE] Local model added for round 147. (1/3)
[ 2026-03-22 17:24:22 | node_29 | INFO ] 🛠️ Calling force_add_local_model...
[ 2026-03-22 17:24:22 | node_3 | INFO ] 🛠️ Calling force_add_local_model...
[ 2026-03-22 17:24:22 | node_39 | INFO ] ✅ [FORCE] Local model added for round 148. (1/3)
[ 2026-03-22 17:24:22 | node_4 | INFO ] ✅ [FORCE] Local model added for round 147. (1/3)
[ 2026-03-22 17:24:22 | node_21 | INFO ] 🧩 Model added for round 148 (2/3) from ['node_22']
[ 2026-03-22 17:24:22 | node_33 | INFO ] 🔬 Evaluating...
[ 2026-03-22 17:24:22 | node_42 | INFO ] 🧩 Model added for round 147 (3/3) from ['node_43']
[ 2026-03-22 17:24:22 | node_29 | INFO ] ✅ [FORCE] Local model added for round 148. (1/3)
[ 2026-03-22 17:24:22 | node_3 | INFO ] ✅ [FORCE] Local model added for round 147. (1/3)
[ 2026-03-22 17:24:22 | node_11 | INFO ] 🧩 Model added for round 147 (1/3) from ['node_12']
[ 2026-03-22 17:24:22 | node_19 | INFO ] 🧩 Model added for round 148 (3/3) from ['node_20']
[ 2026-03-22 17:24:22 | node_22 | INFO ] 🧩 Model added for round 148 (2/3) from ['node_23']
[ 2026-03-22 17:24:22 | node_42 | INFO ] 🧠 Aggregation complete. Setting new model.
[ 2026-03-22 17:24:22 | node_9 | INFO ] 📤 Sending model to 2 direct neighbors: ['node_8', 'node_10']
[ 2026-03-22 17:24:22 | node_42 | INFO ] 🗣️ Gossiping aggregated model.
[ 2026-03-22 17:24:22 | node_8 | INFO ] 🧩 Model added for round 147 (1/3) from ['node_9']
[ 2026-03-22 17:24:22 | node_44 | INFO ] 🧩 Model added for round 147 (2/3) from ['node_43']
[ 2026-03-22 17:24:22 | node_21 | INFO ] 🧩 Model added for round 148 (3/3) from ['node_20']
[ 2026-03-22 17:24:22 | node_6 | INFO ] 🎓 Training step done.
[ 2026-03-22 17:24:22 | node_13 | INFO ] 🧩 Model added for round 147 (3/3) from ['node_12']
[ 2026-03-22 17:24:22 | node_6 | INFO ] 🛠️ Calling force_add_local_model...
[ 2026-03-22 17:24:23 | node_23 | INFO ] 🧩 Model added for round 148 (2/3) from ['node_22']
[ 2026-03-22 17:24:23 | node_24 | INFO ] 🧩 Model added for round 148 (1/3) from ['node_23']
[ 2026-03-22 17:24:23 | node_6 | INFO ] ✅ [FORCE] Local model added for round 147. (1/3)
[ 2026-03-22 17:24:23 | node_13 | INFO ] 🧠 Aggregation complete. Setting new model.
[ 2026-03-22 17:24:23 | node_43 | INFO ] 🧠 Aggregation complete. Setting new model.
[ 2026-03-22 17:24:23 | node_30 | INFO ] 🎉 Round 148 of 150 finished.
[ 2026-03-22 17:24:23 | node_10 | INFO ] 🧩 Model added for round 147 (2/3) from ['node_9']
[ 2026-03-22 17:24:23 | node_30 | INFO ] 🗳️ [DETERMINISTIC] Train set assigned (No Voting). Size: 50
[ 2026-03-22 17:24:23 | node_13 | INFO ] 🗣️ Gossiping aggregated model.
[ 2026-03-22 17:24:23 | node_30 | INFO ] 🏋️‍♀️ Preparing training...
[ 2026-03-22 17:24:23 | node_43 | INFO ] 🗣️ Gossiping aggregated model.
[ 2026-03-22 17:24:23 | node_40 | INFO ] 🎓 Training step done.
[ 2026-03-22 17:24:23 | node_38 | INFO ] 🎓 Training step done.
[ 2026-03-22 17:24:23 | node_40 | INFO ] 🛠️ Calling force_add_local_model...
[ 2026-03-22 17:24:23 | node_38 | INFO ] 🛠️ Calling force_add_local_model...
[ 2026-03-22 17:24:23 | node_40 | INFO ] ✅ [FORCE] Local model added for round 148. (1/3)
[ 2026-03-22 17:24:23 | node_38 | INFO ] ✅ [FORCE] Local model added for round 148. (1/3)
[ 2026-03-22 17:24:23 | node_17 | INFO ] 🎓 Training step done.
[ 2026-03-22 17:24:23 | node_35 | INFO ] 🎓 Training step done.
[ 2026-03-22 17:24:23 | node_17 | INFO ] 🛠️ Calling force_add_local_model...
[ 2026-03-22 17:24:23 | node_35 | INFO ] 🛠️ Calling force_add_local_model...
[ 2026-03-22 17:24:23 | node_17 | INFO ] ✅ [FORCE] Local model added for round 148. (2/3)
[ 2026-03-22 17:24:23 | node_26 | INFO ] 🎓 Training step done.
[ 2026-03-22 17:24:23 | node_35 | INFO ] ✅ [FORCE] Local model added for round 148. (1/3)
[ 2026-03-22 17:24:23 | node_26 | INFO ] 🛠️ Calling force_add_local_model...
[ 2026-03-22 17:24:23 | node_37 | INFO ] 🎓 Training step done.
[ 2026-03-22 17:24:23 | node_16 | INFO ] 🎓 Training step done.
[ 2026-03-22 17:24:24 | node_26 | INFO ] ✅ [FORCE] Local model added for round 148. (1/3)
[ 2026-03-22 17:24:24 | node_37 | INFO ] 🛠️ Calling force_add_local_model...
[ 2026-03-22 17:24:24 | node_16 | INFO ] 🛠️ Calling force_add_local_model...
[ 2026-03-22 17:24:24 | node_41 | INFO ] 🤫 Gossip finished.
[ 2026-03-22 17:24:24 | node_37 | INFO ] ✅ [FORCE] Local model added for round 148. (1/3)
[ 2026-03-22 17:24:24 | node_27 | INFO ] 📤 Sending model to 2 direct neighbors: ['node_26', 'node_28']
[ 2026-03-22 17:24:24 | node_16 | INFO ] ✅ [FORCE] Local model added for round 148. (1/3)
[ 2026-03-22 17:24:24 | node_14 | INFO ] 🤫 Gossip finished.
[ 2026-03-22 17:24:24 | node_41 | INFO ] 🔬 Evaluating...
[ 2026-03-22 17:24:24 | node_24 | INFO ] 🎓 Training step done.
[ 2026-03-22 17:24:24 | node_14 | INFO ] 🔬 Evaluating...
[ 2026-03-22 17:24:24 | node_36 | INFO ] 🎓 Training step done.
[ 2026-03-22 17:24:24 | node_5 | INFO ] 🎓 Training step done.
[ 2026-03-22 17:24:24 | node_24 | INFO ] 🛠️ Calling force_add_local_model...
[ 2026-03-22 17:24:24 | node_7 | INFO ] 🎓 Training step done.
[ 2026-03-22 17:24:24 | node_36 | INFO ] 🛠️ Calling force_add_local_model...
[ 2026-03-22 17:24:24 | node_5 | INFO ] 🛠️ Calling force_add_local_model...
[ 2026-03-22 17:24:24 | node_24 | INFO ] ✅ [FORCE] Local model added for round 148. (2/3)
[ 2026-03-22 17:24:24 | node_7 | INFO ] 🛠️ Calling force_add_local_model...
[ 2026-03-22 17:24:24 | node_36 | INFO ] ✅ [FORCE] Local model added for round 148. (1/3)
[ 2026-03-22 17:24:24 | node_7 | INFO ] ✅ [FORCE] Local model added for round 147. (1/3)
[ 2026-03-22 17:24:24 | node_26 | INFO ] 🧩 Model added for round 148 (2/3) from ['node_27']
[ 2026-03-22 17:24:24 | node_5 | INFO ] ✅ [FORCE] Local model added for round 147. (1/3)
[ 2026-03-22 17:24:24 | node_34 | INFO ] 🎓 Training step done.
[ 2026-03-22 17:24:24 | node_34 | INFO ] 🛠️ Calling force_add_local_model...
[ 2026-03-22 17:24:24 | node_34 | INFO ] ✅ [FORCE] Local model added for round 148. (1/3)
[ 2026-03-22 17:24:24 | node_28 | INFO ] 🧩 Model added for round 148 (2/3) from ['node_27']
[ 2026-03-22 17:24:24 | node_21 | INFO ] 📤 Sending model to 2 direct neighbors: ['node_20', 'node_22']
[ 2026-03-22 17:24:24 | node | INFO ] 📤 Sending model to 2 direct neighbors: ['node_1', 'node_49']
[ 2026-03-22 17:24:24 | node_20 | INFO ] 🧩 Model added for round 148 (2/3) from ['node_21']
[ 2026-03-22 17:24:24 | node_49 | INFO ] 🎓 Training step done.
[ 2026-03-22 17:24:24 | node_49 | INFO ] 🛠️ Calling force_add_local_model...
[ 2026-03-22 17:24:24 | node_49 | INFO ] ✅ [FORCE] Local model added for round 147. (1/3)
[ 2026-03-22 17:24:24 | node_1 | INFO ] 🧩 Model added for round 147 (2/3) from ['node']
[ 2026-03-22 17:24:24 | node_46 | INFO ] 🎓 Training step done.
[ 2026-03-22 17:24:24 | node_11 | INFO ] 🎓 Training step done.
[ 2026-03-22 17:24:24 | node_46 | INFO ] 🛠️ Calling force_add_local_model...
[ 2026-03-22 17:24:24 | node_11 | INFO ] 🛠️ Calling force_add_local_model...
[ 2026-03-22 17:24:24 | node_46 | INFO ] ✅ [FORCE] Local model added for round 147. (1/3)
[ 2026-03-22 17:24:24 | node_11 | INFO ] ✅ [FORCE] Local model added for round 147. (2/3)
[ 2026-03-22 17:24:24 | node_22 | INFO ] 🧩 Model added for round 148 (3/3) from ['node_21']
[ 2026-03-22 17:24:24 | node_22 | INFO ] 🧠 Aggregation complete. Setting new model.
[ 2026-03-22 17:24:24 | node_49 | INFO ] 🧩 Model added for round 147 (2/3) from ['node']
[ 2026-03-22 17:24:25 | node_22 | INFO ] 🗣️ Gossiping aggregated model.
[ 2026-03-22 17:24:25 | node_42 | INFO ] 🤫 Gossip finished.
[ 2026-03-22 17:24:25 | node_21 | INFO ] 🧠 Aggregation complete. Setting new model.
[ 2026-03-22 17:24:25 | node_48 | INFO ] 🎓 Training step done.
[ 2026-03-22 17:24:25 | node_48 | INFO ] 🛠️ Calling force_add_local_model...
[ 2026-03-22 17:24:25 | node_42 | INFO ] 🔬 Evaluating...
[ 2026-03-22 17:24:25 | node_48 | INFO ] ✅ [FORCE] Local model added for round 147. (1/3)
[ 2026-03-22 17:24:25 | node_21 | INFO ] 🗣️ Gossiping aggregated model.
[ 2026-03-22 17:24:25 | node_8 | INFO ] 🎓 Training step done.
[ 2026-03-22 17:24:25 | node_8 | INFO ] 🛠️ Calling force_add_local_model...
[ 2026-03-22 17:24:25 | node_8 | INFO ] ✅ [FORCE] Local model added for round 147. (2/3)
[ 2026-03-22 17:24:25 | node_33 | INFO ] 📈 Evaluated. Results: {'test_loss': 0.0017541873967275023, 'test_accuracy': 0.9961310029029846, 'test_precision': 0.460680216550827, 'test_recall': 0.0742207020521164, 'test_f1': 0.1263580024242401, 'communication_cost': 1457816}
[ 2026-03-22 17:24:25 | node_33 | INFO ] 📢 Broadcasting metrics.
[ 2026-03-22 17:24:25 | node_41 | INFO ] 📈 Evaluated. Results: {'test_loss': 0.0012000399874523282, 'test_accuracy': 0.9976606369018555, 'test_precision': 0.7370883822441101, 'test_recall': 0.23341132700443268, 'test_f1': 0.3509944677352905, 'communication_cost': 1457816}
[ 2026-03-22 17:24:25 | node_41 | INFO ] 📢 Broadcasting metrics.
[ 2026-03-22 17:24:25 | node_33 | INFO ] 🎉 Round 148 of 150 finished.
[ 2026-03-22 17:24:25 | node_33 | INFO ] 🗳️ [DETERMINISTIC] Train set assigned (No Voting). Size: 50
[ 2026-03-22 17:24:25 | node_47 | INFO ] 🎓 Training step done.
[ 2026-03-22 17:24:25 | node_33 | INFO ] 🏋️‍♀️ Preparing training...
[ 2026-03-22 17:24:25 | node_47 | INFO ] 🛠️ Calling force_add_local_model...
[ 2026-03-22 17:24:25 | node_14 | INFO ] 📈 Evaluated. Results: {'test_loss': 0.001301231444813311, 'test_accuracy': 0.9966711401939392, 'test_precision': 0.8291497826576233, 'test_recall': 0.18470752239227295, 'test_f1': 0.29242411255836487, 'communication_cost': 1457816}
[ 2026-03-22 17:24:25 | node_47 | INFO ] ✅ [FORCE] Local model added for round 147. (1/3)
[ 2026-03-22 17:24:25 | node_14 | INFO ] 📢 Broadcasting metrics.
[ 2026-03-22 17:24:25 | node_41 | INFO ] 🎉 Round 148 of 150 finished.
[ 2026-03-22 17:24:25 | node_41 | INFO ] 🗳️ [DETERMINISTIC] Train set assigned (No Voting). Size: 50
[ 2026-03-22 17:24:25 | node_41 | INFO ] 🏋️‍♀️ Preparing training...
[ 2026-03-22 17:24:25 | node_14 | INFO ] 🎉 Round 148 of 150 finished.
[ 2026-03-22 17:24:25 | node_14 | INFO ] 🗳️ [DETERMINISTIC] Train set assigned (No Voting). Size: 50
[ 2026-03-22 17:24:25 | node_14 | INFO ] 🏋️‍♀️ Preparing training...
[ 2026-03-22 17:24:26 | node_42 | INFO ] 📈 Evaluated. Results: {'test_loss': 0.00132128840778023, 'test_accuracy': 0.9969407916069031, 'test_precision': 0.8157278895378113, 'test_recall': 0.2318151742219925, 'test_f1': 0.3428434133529663, 'communication_cost': 1457816}
[ 2026-03-22 17:24:26 | node_42 | INFO ] 📢 Broadcasting metrics.
[ 2026-03-22 17:24:26 | node_42 | INFO ] 🎉 Round 148 of 150 finished.
[ 2026-03-22 17:24:26 | node_42 | INFO ] 🗳️ [DETERMINISTIC] Train set assigned (No Voting). Size: 50
[ 2026-03-22 17:24:26 | node_30 | INFO ] 🎓 Training step done.
[ 2026-03-22 17:24:26 | node_30 | INFO ] 🛠️ Calling force_add_local_model...
[ 2026-03-22 17:24:26 | node_42 | INFO ] 🏋️‍♀️ Preparing training...
[ 2026-03-22 17:24:26 | node_30 | INFO ] ✅ [FORCE] Local model added for round 148. (1/3)
[ 2026-03-22 17:24:27 | node_2 | INFO ] 📤 Sending model to 2 direct neighbors: ['node_1', 'node_3']
[ 2026-03-22 17:24:27 | node_15 | INFO ] 📤 Sending model to 2 direct neighbors: ['node_14', 'node_16']
[ 2026-03-22 17:24:27 | node_19 | INFO ] 📤 Sending model to 2 direct neighbors: ['node_18', 'node_20']
[ 2026-03-22 17:24:27 | node_25 | INFO ] 📤 Sending model to 2 direct neighbors: ['node_24', 'node_26']
[ 2026-03-22 17:24:27 | node_10 | INFO ] 📤 Sending model to 2 direct neighbors: ['node_9', 'node_11']
[ 2026-03-22 17:24:27 | node_28 | INFO ] 📤 Sending model to 2 direct neighbors: ['node_27', 'node_29']
[ 2026-03-22 17:24:27 | node_32 | INFO ] 📤 Sending model to 2 direct neighbors: ['node_31', 'node_33']
[ 2026-03-22 17:24:27 | node_31 | INFO ] 📤 Sending model to 2 direct neighbors: ['node_30', 'node_32']
[ 2026-03-22 17:24:27 | node_45 | INFO ] 📤 Sending model to 2 direct neighbors: ['node_44', 'node_46']
[ 2026-03-22 17:24:27 | node_1 | INFO ] 📤 Sending model to 2 direct neighbors: ['node', 'node_2']
[ 2026-03-22 17:24:27 | node_4 | INFO ] 📤 Sending model to 2 direct neighbors: ['node_3', 'node_5']
[ 2026-03-22 17:24:27 | node_39 | INFO ] 📤 Sending model to 2 direct neighbors: ['node_38', 'node_40']
[ 2026-03-22 17:24:27 | node_3 | INFO ] 📤 Sending model to 2 direct neighbors: ['node_2', 'node_4']
[ 2026-03-22 17:24:27 | node_29 | INFO ] 📤 Sending model to 2 direct neighbors: ['node_28', 'node_30']
[ 2026-03-22 17:24:27 | node_9 | INFO ] 🧩 Model added for round 147 (2/3) from ['node_10']
[ 2026-03-22 17:24:27 | node_1 | INFO ] 🧩 Model added for round 147 (3/3) from ['node_2']
[ 2026-03-22 17:24:27 | node_14 | INFO ] 🧩 Model added for round 148 (1/3) from ['node_15']
[ 2026-03-22 17:24:27 | node_31 | INFO ] 🧩 Model added for round 148 (2/3) from ['node_32']
[ 2026-03-22 17:24:27 | node_27 | INFO ] 🧩 Model added for round 148 (2/3) from ['node_28']
[ 2026-03-22 17:24:27 | node_33 | INFO ] 🎓 Training step done.
[ 2026-03-22 17:24:27 | node_44 | INFO ] 🧩 Model added for round 147 (3/3) from ['node_45']
[ 2026-03-22 17:24:27 | node_24 | INFO ] 🧩 Model added for round 148 (3/3) from ['node_25']
[ 2026-03-22 17:24:27 | node_30 | INFO ] 🧩 Model added for round 148 (2/3) from ['node_31']
[ 2026-03-22 17:24:27 | node_33 | INFO ] 🛠️ Calling force_add_local_model...
[ 2026-03-22 17:24:27 | node_28 | INFO ] 🧩 Model added for round 148 (3/3) from ['node_29']
[ 2026-03-22 17:24:27 | node_2 | INFO ] 🧩 Model added for round 147 (2/3) from ['node_3']
[ 2026-03-22 17:24:27 | node_3 | INFO ] 🧩 Model added for round 147 (2/3) from ['node_4']
[ 2026-03-22 17:24:27 | node_18 | INFO ] 🧩 Model added for round 148 (2/3) from ['node_19']
[ 2026-03-22 17:24:27 | node | INFO ] 🧩 Model added for round 147 (2/3) from ['node_1']
[ 2026-03-22 17:24:27 | node_41 | INFO ] 🎓 Training step done.
[ 2026-03-22 17:24:28 | node_38 | INFO ] 🧩 Model added for round 148 (2/3) from ['node_39']
[ 2026-03-22 17:24:28 | node_33 | INFO ] ✅ [FORCE] Local model added for round 148. (1/3)
[ 2026-03-22 17:24:28 | node_41 | INFO ] 🛠️ Calling force_add_local_model...
[ 2026-03-22 17:24:28 | node_41 | INFO ] ✅ [FORCE] Local model added for round 148. (1/3)
[ 2026-03-22 17:24:28 | node_11 | INFO ] 🧩 Model added for round 147 (3/3) from ['node_10']
[ 2026-03-22 17:24:28 | node_14 | INFO ] 🎓 Training step done.
[ 2026-03-22 17:24:28 | node_6 | INFO ] 📤 Sending model to 2 direct neighbors: ['node_5', 'node_7']
[ 2026-03-22 17:24:28 | node_14 | INFO ] 🛠️ Calling force_add_local_model...
[ 2026-03-22 17:24:28 | node_3 | INFO ] 🧩 Model added for round 147 (3/3) from ['node_2']
[ 2026-03-22 17:24:28 | node_16 | INFO ] 🧩 Model added for round 148 (2/3) from ['node_15']
[ 2026-03-22 17:24:28 | node_44 | INFO ] 🧠 Aggregation complete. Setting new model.
[ 2026-03-22 17:24:28 | node_14 | INFO ] ✅ [FORCE] Local model added for round 148. (2/3)
[ 2026-03-22 17:24:28 | node_33 | INFO ] 🧩 Model added for round 148 (2/3) from ['node_32']
[ 2026-03-22 17:24:28 | node_46 | INFO ] 🧩 Model added for round 147 (2/3) from ['node_45']
[ 2026-03-22 17:24:28 | node_20 | INFO ] 🧩 Model added for round 148 (3/3) from ['node_19']
[ 2026-03-22 17:24:28 | node_26 | INFO ] 🧩 Model added for round 148 (3/3) from ['node_25']
[ 2026-03-22 17:24:28 | node_5 | INFO ] 🧩 Model added for round 147 (2/3) from ['node_4']
[ 2026-03-22 17:24:28 | node_42 | INFO ] 🎓 Training step done.
[ 2026-03-22 17:24:28 | node_29 | INFO ] 🧩 Model added for round 148 (2/3) from ['node_28']
[ 2026-03-22 17:24:28 | node_2 | INFO ] 🧩 Model added for round 147 (3/3) from ['node_1']
[ 2026-03-22 17:24:28 | node_5 | INFO ] 🧩 Model added for round 147 (3/3) from ['node_6']
[ 2026-03-22 17:24:28 | node_42 | INFO ] 🛠️ Calling force_add_local_model...
[ 2026-03-22 17:24:28 | node_30 | INFO ] 🧩 Model added for round 148 (3/3) from ['node_29']
[ 2026-03-22 17:24:28 | node_4 | INFO ] 🧩 Model added for round 147 (2/3) from ['node_3']
[ 2026-03-22 17:24:28 | node_44 | INFO ] 🗣️ Gossiping aggregated model.
[ 2026-03-22 17:24:28 | node_32 | INFO ] 🧩 Model added for round 148 (2/3) from ['node_31']
[ 2026-03-22 17:24:28 | node_40 | INFO ] 🧩 Model added for round 148 (2/3) from ['node_39']
[ 2026-03-22 17:24:28 | node_42 | INFO ] ✅ [FORCE] Local model added for round 148. (1/3)
[ 2026-03-22 17:24:28 | node_40 | INFO ] 📤 Sending model to 2 direct neighbors: ['node_39', 'node_41']
[ 2026-03-22 17:24:28 | node_38 | INFO ] 📤 Sending model to 2 direct neighbors: ['node_37', 'node_39']
[ 2026-03-22 17:24:28 | node_7 | INFO ] 🧩 Model added for round 147 (2/3) from ['node_6']
[ 2026-03-22 17:24:28 | node_20 | INFO ] 🧠 Aggregation complete. Setting new model.
[ 2026-03-22 17:24:28 | node_1 | INFO ] 🧠 Aggregation complete. Setting new model.
[ 2026-03-22 17:24:28 | node_17 | INFO ] 📤 Sending model to 2 direct neighbors: ['node_16', 'node_18']
[ 2026-03-22 17:24:28 | node_43 | INFO ] 🤫 Gossip finished.
[ 2026-03-22 17:24:28 | node_3 | INFO ] 🧠 Aggregation complete. Setting new model.
[ 2026-03-22 17:24:29 | node_35 | INFO ] 📤 Sending model to 2 direct neighbors: ['node_34', 'node_36']
[ 2026-03-22 17:24:29 | node_2 | INFO ] 🧠 Aggregation complete. Setting new model.
[ 2026-03-22 17:24:29 | node_39 | INFO ] 🧩 Model added for round 148 (2/3) from ['node_40']
[ 2026-03-22 17:24:29 | node_28 | INFO ] 🧠 Aggregation complete. Setting new model.
[ 2026-03-22 17:24:29 | node_19 | INFO ] 🧠 Aggregation complete. Setting new model.
[ 2026-03-22 17:24:29 | node_26 | INFO ] 📤 Sending model to 2 direct neighbors: ['node_25', 'node_27']
[ 2026-03-22 17:24:29 | node_43 | INFO ] 🔬 Evaluating...
[ 2026-03-22 17:24:29 | node_1 | INFO ] 🗣️ Gossiping aggregated model.
[ 2026-03-22 17:24:29 | node_20 | INFO ] 🗣️ Gossiping aggregated model.
[ 2026-03-22 17:24:29 | node_37 | INFO ] 📤 Sending model to 2 direct neighbors: ['node_36', 'node_38']
[ 2026-03-22 17:24:29 | node_16 | INFO ] 📤 Sending model to 2 direct neighbors: ['node_15', 'node_17']
[ 2026-03-22 17:24:29 | node_3 | INFO ] 🗣️ Gossiping aggregated model.
[ 2026-03-22 17:24:29 | node_19 | INFO ] 🗣️ Gossiping aggregated model.
[ 2026-03-22 17:24:29 | node_2 | INFO ] 🗣️ Gossiping aggregated model.
[ 2026-03-22 17:24:29 | node_2 | INFO ] 🤫 Gossip finished.
[ 2026-03-22 17:24:29 | node_2 | INFO ] 🔬 Evaluating...
[ 2026-03-22 17:24:29 | node_28 | INFO ] 🗣️ Gossiping aggregated model.
[ 2026-03-22 17:24:29 | node_24 | INFO ] 📤 Sending model to 2 direct neighbors: ['node_23', 'node_25']
[ 2026-03-22 17:24:29 | node_21 | INFO ] 🤫 Gossip finished.
[ 2026-03-22 17:24:29 | node_37 | INFO ] 🧩 Model added for round 148 (2/3) from ['node_38']
[ 2026-03-22 17:24:29 | node_36 | INFO ] 📤 Sending model to 2 direct neighbors: ['node_35', 'node_37']
[ 2026-03-22 17:24:29 | node_21 | INFO ] 🔬 Evaluating...
[ 2026-03-22 17:24:29 | node_7 | INFO ] 📤 Sending model to 2 direct neighbors: ['node_6', 'node_8']
[ 2026-03-22 17:24:29 | node_5 | INFO ] 📤 Sending model to 2 direct neighbors: ['node_4', 'node_6']
[ 2026-03-22 17:24:29 | node_34 | INFO ] 📤 Sending model to 2 direct neighbors: ['node_33', 'node_35']
[ 2026-03-22 17:24:29 | node_34 | INFO ] 🧩 Model added for round 148 (2/3) from ['node_35']
[ 2026-03-22 17:24:29 | node_36 | INFO ] 🧩 Model added for round 148 (2/3) from ['node_37']
[ 2026-03-22 17:24:29 | node_41 | INFO ] 🧩 Model added for round 148 (2/3) from ['node_40']
[ 2026-03-22 17:24:29 | node_25 | INFO ] 🧩 Model added for round 148 (2/3) from ['node_26']
[ 2026-03-22 17:24:29 | node_16 | INFO ] 🧩 Model added for round 148 (3/3) from ['node_17']
[ 2026-03-22 17:24:29 | node_15 | INFO ] 🧩 Model added for round 148 (2/3) from ['node_16']
[ 2026-03-22 17:24:29 | node_49 | INFO ] 📤 Sending model to 2 direct neighbors: ['node', 'node_48']
[ 2026-03-22 17:24:29 | node_46 | INFO ] 📤 Sending model to 2 direct neighbors: ['node_45', 'node_47']
[ 2026-03-22 17:24:29 | node_11 | INFO ] 📤 Sending model to 2 direct neighbors: ['node_10', 'node_12']
[ 2026-03-22 17:24:29 | node_23 | INFO ] 🧩 Model added for round 148 (3/3) from ['node_24']
[ 2026-03-22 17:24:29 | node_33 | INFO ] 🧩 Model added for round 148 (3/3) from ['node_34']
[ 2026-03-22 17:24:29 | node_4 | INFO ] 🧩 Model added for round 147 (3/3) from ['node_5']
[ 2026-03-22 17:24:29 | node_39 | INFO ] 🧩 Model added for round 148 (3/3) from ['node_38']
[ 2026-03-22 17:24:29 | node_6 | INFO ] 🧩 Model added for round 147 (2/3) from ['node_7']
[ 2026-03-22 17:24:30 | node_43 | INFO ] 📈 Evaluated. Results: {'test_loss': 0.001422793255187571, 'test_accuracy': 0.9964009523391724, 'test_precision': 0.7370883822441101, 'test_recall': 0.11787563562393188, 'test_f1': 0.19832517206668854, 'communication_cost': 1457816}
[ 2026-03-22 17:24:30 | node_35 | INFO ] 🧩 Model added for round 148 (2/3) from ['node_36']
[ 2026-03-22 17:24:30 | node_36 | INFO ] 🧩 Model added for round 148 (3/3) from ['node_35']
[ 2026-03-22 17:24:30 | node_43 | INFO ] 📢 Broadcasting metrics.
[ 2026-03-22 17:24:30 | node_48 | INFO ] 📤 Sending model to 2 direct neighbors: ['node_47', 'node_49']
[ 2026-03-22 17:24:30 | node_2 | INFO ] 📈 Evaluated. Results: {'test_loss': 0.0012297509238123894, 'test_accuracy': 0.997031033039093, 'test_precision': 0.6492813229560852, 'test_recall': 0.24315428733825684, 'test_f1': 0.33012446761131287, 'communication_cost': 1457816}
[ 2026-03-22 17:24:30 | node_2 | INFO ] 📢 Broadcasting metrics.
[ 2026-03-22 17:24:30 | node_38 | INFO ] 🧩 Model added for round 148 (3/3) from ['node_37']
[ 2026-03-22 17:24:30 | node_8 | INFO ] 📤 Sending model to 2 direct neighbors: ['node_7', 'node_9']
[ 2026-03-22 17:24:30 | node_27 | INFO ] 🧩 Model added for round 148 (3/3) from ['node_26']
[ 2026-03-22 17:24:30 | node_10 | INFO ] 🧩 Model added for round 147 (3/3) from ['node_11']
[ 2026-03-22 17:24:30 | node | INFO ] 🧩 Model added for round 147 (3/3) from ['node_49']
[ 2026-03-22 17:24:30 | node_35 | INFO ] 🧩 Model added for round 148 (3/3) from ['node_34']
[ 2026-03-22 17:24:30 | node_45 | INFO ] 🧩 Model added for round 147 (3/3) from ['node_46']
[ 2026-03-22 17:24:30 | node_18 | INFO ] 🧩 Model added for round 148 (3/3) from ['node_17']
[ 2026-03-22 17:24:30 | node_17 | INFO ] 🧩 Model added for round 148 (3/3) from ['node_16']
[ 2026-03-22 17:24:30 | node_37 | INFO ] 🧩 Model added for round 148 (3/3) from ['node_36']
[ 2026-03-22 17:24:30 | node_25 | INFO ] 🧩 Model added for round 148 (3/3) from ['node_24']
[ 2026-03-22 17:24:30 | node_43 | INFO ] 🎉 Round 148 of 150 finished.
[ 2026-03-22 17:24:30 | node_43 | INFO ] 🗳️ [DETERMINISTIC] Train set assigned (No Voting). Size: 50
[ 2026-03-22 17:24:30 | node_6 | INFO ] 🧩 Model added for round 147 (3/3) from ['node_5']
[ 2026-03-22 17:24:30 | node_43 | INFO ] 🏋️‍♀️ Preparing training...
[ 2026-03-22 17:24:30 | node_2 | INFO ] 🎉 Round 148 of 150 finished.
[ 2026-03-22 17:24:30 | node_7 | INFO ] 🧩 Model added for round 147 (3/3) from ['node_8']
[ 2026-03-22 17:24:30 | node_8 | INFO ] 🧩 Model added for round 147 (3/3) from ['node_7']
[ 2026-03-22 17:24:30 | node_47 | INFO ] 📤 Sending model to 2 direct neighbors: ['node_46', 'node_48']
[ 2026-03-22 17:24:30 | node_47 | INFO ] 🧩 Model added for round 147 (2/3) from ['node_48']
[ 2026-03-22 17:24:30 | node_12 | INFO ] 🧩 Model added for round 147 (3/3) from ['node_11']
[ 2026-03-22 17:24:30 | node_2 | INFO ] 🗳️ [DETERMINISTIC] Train set assigned (No Voting). Size: 50
[ 2026-03-22 17:24:31 | node_48 | INFO ] 🧩 Model added for round 147 (2/3) from ['node_49']
[ 2026-03-22 17:24:31 | node_47 | INFO ] 🧩 Model added for round 147 (3/3) from ['node_46']
[ 2026-03-22 17:24:31 | node_4 | INFO ] 🧠 Aggregation complete. Setting new model.
[ 2026-03-22 17:24:31 | node_35 | INFO ] 🧠 Aggregation complete. Setting new model.
[ 2026-03-22 17:24:31 | node_27 | INFO ] 🧠 Aggregation complete. Setting new model.
[ 2026-03-22 17:24:31 | node_39 | INFO ] 🧠 Aggregation complete. Setting new model.
[ 2026-03-22 17:24:31 | node_10 | INFO ] 🧠 Aggregation complete. Setting new model.
[ 2026-03-22 17:24:31 | node_6 | INFO ] 🧠 Aggregation complete. Setting new model.
[ 2026-03-22 17:24:31 | node_17 | INFO ] 🧠 Aggregation complete. Setting new model.
[ 2026-03-22 17:24:31 | node_16 | INFO ] 🧠 Aggregation complete. Setting new model.
[ 2026-03-22 17:24:31 | node_18 | INFO ] 🧠 Aggregation complete. Setting new model.
[ 2026-03-22 17:24:31 | node_26 | INFO ] 🧠 Aggregation complete. Setting new model.
[ 2026-03-22 17:24:31 | node_5 | INFO ] 🧠 Aggregation complete. Setting new model.
[ 2026-03-22 17:24:31 | node_23 | INFO ] 🧠 Aggregation complete. Setting new model.
[ 2026-03-22 17:24:31 | node_38 | INFO ] 🧠 Aggregation complete. Setting new model.
[ 2026-03-22 17:24:31 | node_37 | INFO ] 🧠 Aggregation complete. Setting new model.
[ 2026-03-22 17:24:31 | node_25 | INFO ] 🧠 Aggregation complete. Setting new model.
[ 2026-03-22 17:24:31 | node_45 | INFO ] 🧠 Aggregation complete. Setting new model.
[ 2026-03-22 17:24:31 | node | INFO ] 🧠 Aggregation complete. Setting new model.
[ 2026-03-22 17:24:31 | node_12 | INFO ] 🧠 Aggregation complete. Setting new model.
[ 2026-03-22 17:24:31 | node_24 | INFO ] 🧠 Aggregation complete. Setting new model.
[ 2026-03-22 17:24:31 | node_36 | INFO ] 🧠 Aggregation complete. Setting new model.
[ 2026-03-22 17:24:31 | node_2 | INFO ] 🏋️‍♀️ Preparing training...
[ 2026-03-22 17:24:31 | node_23 | INFO ] 🗣️ Gossiping aggregated model.
[ 2026-03-22 17:24:31 | node_27 | INFO ] 🗣️ Gossiping aggregated model.
[ 2026-03-22 17:24:31 | node_4 | INFO ] 🗣️ Gossiping aggregated model.
[ 2026-03-22 17:24:31 | node_1 | INFO ] 🤫 Gossip finished.
[ 2026-03-22 17:24:31 | node_27 | INFO ] 🤫 Gossip finished.
[ 2026-03-22 17:24:31 | node_35 | INFO ] 🗣️ Gossiping aggregated model.
[ 2026-03-22 17:24:31 | node_16 | INFO ] 🗣️ Gossiping aggregated model.
[ 2026-03-22 17:24:31 | node_27 | INFO ] 🔬 Evaluating...
[ 2026-03-22 17:24:31 | node_39 | INFO ] 🗣️ Gossiping aggregated model.
[ 2026-03-22 17:24:31 | node_25 | INFO ] 🗣️ Gossiping aggregated model.
[ 2026-03-22 17:24:31 | node_4 | INFO ] 🤫 Gossip finished.
[ 2026-03-22 17:24:31 | node_26 | INFO ] 🗣️ Gossiping aggregated model.
[ 2026-03-22 17:24:31 | node_6 | INFO ] 🗣️ Gossiping aggregated model.
[ 2026-03-22 17:24:31 | node_25 | INFO ] 🤫 Gossip finished.
[ 2026-03-22 17:24:31 | node_24 | INFO ] 🗣️ Gossiping aggregated model.
[ 2026-03-22 17:24:31 | node | INFO ] 🗣️ Gossiping aggregated model.
[ 2026-03-22 17:24:31 | node_45 | INFO ] 🗣️ Gossiping aggregated model.
[ 2026-03-22 17:24:31 | node_10 | INFO ] 🗣️ Gossiping aggregated model.
[ 2026-03-22 17:24:31 | node_24 | INFO ] 🤫 Gossip finished.
[ 2026-03-22 17:24:31 | node_30 | INFO ] 📤 Sending model to 2 direct neighbors: ['node_29', 'node_31']
[ 2026-03-22 17:24:31 | node_37 | INFO ] 🗣️ Gossiping aggregated model.
[ 2026-03-22 17:24:31 | node_26 | INFO ] 🤫 Gossip finished.
[ 2026-03-22 17:24:31 | node_1 | INFO ] 🔬 Evaluating...
[ 2026-03-22 17:24:31 | node_5 | INFO ] 🗣️ Gossiping aggregated model.
[ 2026-03-22 17:24:31 | node_37 | INFO ] 🤫 Gossip finished.
[ 2026-03-22 17:24:31 | node_12 | INFO ] 🗣️ Gossiping aggregated model.
[ 2026-03-22 17:24:31 | node_17 | INFO ] 🗣️ Gossiping aggregated model.
[ 2026-03-22 17:24:31 | node_26 | INFO ] 🔬 Evaluating...
[ 2026-03-22 17:24:31 | node_36 | INFO ] 🗣️ Gossiping aggregated model.
[ 2026-03-22 17:24:31 | node_25 | INFO ] 🔬 Evaluating...
[ 2026-03-22 17:24:31 | node_4 | INFO ] 🔬 Evaluating...
[ 2026-03-22 17:24:31 | node_3 | INFO ] 🤫 Gossip finished.
[ 2026-03-22 17:24:31 | node_5 | INFO ] 🤫 Gossip finished.
[ 2026-03-22 17:24:31 | node_17 | INFO ] 🤫 Gossip finished.
[ 2026-03-22 17:24:31 | node_3 | INFO ] 🔬 Evaluating...
[ 2026-03-22 17:24:31 | node_19 | INFO ] 🤫 Gossip finished.
[ 2026-03-22 17:24:31 | node_17 | INFO ] 🔬 Evaluating...
[ 2026-03-22 17:24:31 | node_18 | INFO ] 🗣️ Gossiping aggregated model.
[ 2026-03-22 17:24:31 | node_18 | INFO ] 🤫 Gossip finished.
[ 2026-03-22 17:24:31 | node_37 | INFO ] 🔬 Evaluating...
[ 2026-03-22 17:24:31 | node_19 | INFO ] 🔬 Evaluating...
[ 2026-03-22 17:24:31 | node_36 | INFO ] 🤫 Gossip finished.
[ 2026-03-22 17:24:31 | node_5 | INFO ] 🔬 Evaluating...
[ 2026-03-22 17:24:31 | node_18 | INFO ] 🔬 Evaluating...
[ 2026-03-22 17:24:31 | node_24 | INFO ] 🔬 Evaluating...
[ 2026-03-22 17:24:31 | node_36 | INFO ] 🔬 Evaluating...
[ 2026-03-22 17:24:31 | node_21 | INFO ] 📈 Evaluated. Results: {'test_loss': 0.0012615200830623507, 'test_accuracy': 0.9964009523391724, 'test_precision': 0.921360433101654, 'test_recall': 0.19041448831558228, 'test_f1': 0.3145095407962799, 'communication_cost': 1457816}
[ 2026-03-22 17:24:31 | node_38 | INFO ] 🗣️ Gossiping aggregated model.
[ 2026-03-22 17:24:31 | node_38 | INFO ] 🤫 Gossip finished.
[ 2026-03-22 17:24:31 | node_38 | INFO ] 🔬 Evaluating...
[ 2026-03-22 17:24:31 | node_21 | INFO ] 📢 Broadcasting metrics.
[ 2026-03-22 17:24:31 | node_13 | INFO ] 🤫 Gossip finished.
[ 2026-03-22 17:24:31 | node_13 | INFO ] 🔬 Evaluating...
[ 2026-03-22 17:24:31 | node_20 | INFO ] 🤫 Gossip finished.
[ 2026-03-22 17:24:31 | node_46 | INFO ] 🧩 Model added for round 147 (3/3) from ['node_47']
[ 2026-03-22 17:24:31 | node_20 | INFO ] 🔬 Evaluating...
[ 2026-03-22 17:24:32 | node_49 | INFO ] 🧩 Model added for round 147 (3/3) from ['node_48']
[ 2026-03-22 17:24:32 | node_29 | INFO ] 🧩 Model added for round 148 (3/3) from ['node_30']
[ 2026-03-22 17:24:32 | node_9 | INFO ] 🧩 Model added for round 147 (3/3) from ['node_8']
[ 2026-03-22 17:24:32 | node_48 | INFO ] 🧩 Model added for round 147 (3/3) from ['node_47']
[ 2026-03-22 17:24:32 | node_11 | INFO ] 🧠 Aggregation complete. Setting new model.
[ 2026-03-22 17:24:32 | node_21 | INFO ] 🎉 Round 149 of 150 finished.
[ 2026-03-22 17:24:32 | node_31 | INFO ] 🧩 Model added for round 148 (3/3) from ['node_30']
[ 2026-03-22 17:24:32 | node_7 | INFO ] 🧠 Aggregation complete. Setting new model.
[ 2026-03-22 17:24:32 | node_49 | INFO ] 🧠 Aggregation complete. Setting new model.
[ 2026-03-22 17:24:32 | node_29 | INFO ] 🧠 Aggregation complete. Setting new model.
[ 2026-03-22 17:24:32 | node_9 | INFO ] 🧠 Aggregation complete. Setting new model.
[ 2026-03-22 17:24:32 | node_46 | INFO ] 🧠 Aggregation complete. Setting new model.
[ 2026-03-22 17:24:32 | node_48 | INFO ] 🧠 Aggregation complete. Setting new model.
[ 2026-03-22 17:24:32 | node_31 | INFO ] 🧠 Aggregation complete. Setting new model.
[ 2026-03-22 17:24:32 | node_8 | INFO ] 🧠 Aggregation complete. Setting new model.
[ 2026-03-22 17:24:32 | node_21 | INFO ] 🗳️ [DETERMINISTIC] Train set assigned (No Voting). Size: 50
[ 2026-03-22 17:24:33 | node_44 | INFO ] 🤫 Gossip finished.
[ 2026-03-22 17:24:33 | node_21 | INFO ] 🏋️‍♀️ Preparing training...
[ 2026-03-22 17:24:33 | node_11 | INFO ] 🗣️ Gossiping aggregated model.
[ 2026-03-22 17:24:33 | node_47 | INFO ] 🧠 Aggregation complete. Setting new model.
[ 2026-03-22 17:24:33 | node_7 | INFO ] 🗣️ Gossiping aggregated model.
[ 2026-03-22 17:24:33 | node_29 | INFO ] 🗣️ Gossiping aggregated model.
[ 2026-03-22 17:24:33 | node_49 | INFO ] 🗣️ Gossiping aggregated model.
[ 2026-03-22 17:24:33 | node_9 | INFO ] 🗣️ Gossiping aggregated model.
[ 2026-03-22 17:24:33 | node_46 | INFO ] 🗣️ Gossiping aggregated model.
[ 2026-03-22 17:24:33 | node_11 | INFO ] 🤫 Gossip finished.
[ 2026-03-22 17:24:33 | node_33 | INFO ] 📤 Sending model to 2 direct neighbors: ['node_32', 'node_34']
[ 2026-03-22 17:24:33 | node_30 | INFO ] 🧠 Aggregation complete. Setting new model.
[ 2026-03-22 17:24:33 | node_7 | INFO ] 🤫 Gossip finished.
[ 2026-03-22 17:24:33 | node_48 | INFO ] 🗣️ Gossiping aggregated model.
[ 2026-03-22 17:24:33 | node_49 | INFO ] 🤫 Gossip finished.
[ 2026-03-22 17:24:33 | node_8 | INFO ] 🗣️ Gossiping aggregated model.
[ 2026-03-22 17:24:33 | node_9 | INFO ] 🤫 Gossip finished.
[ 2026-03-22 17:24:33 | node_44 | INFO ] 🔬 Evaluating...
[ 2026-03-22 17:24:33 | node_41 | INFO ] 📤 Sending model to 2 direct neighbors: ['node_40', 'node_42']
[ 2026-03-22 17:24:33 | node_31 | INFO ] 🗣️ Gossiping aggregated model.
[ 2026-03-22 17:24:33 | node_8 | INFO ] 🤫 Gossip finished.
[ 2026-03-22 17:24:33 | node_11 | INFO ] 🔬 Evaluating...
[ 2026-03-22 17:24:33 | node_7 | INFO ] 🔬 Evaluating...
[ 2026-03-22 17:24:33 | node_14 | INFO ] 📤 Sending model to 2 direct neighbors: ['node_13', 'node_15']
[ 2026-03-22 17:24:33 | node_49 | INFO ] 🔬 Evaluating...
[ 2026-03-22 17:24:33 | node_9 | INFO ] 🔬 Evaluating...
[ 2026-03-22 17:24:33 | node_8 | INFO ] 🔬 Evaluating...
[ 2026-03-22 17:24:33 | node_32 | INFO ] 🧩 Model added for round 148 (3/3) from ['node_33']
[ 2026-03-22 17:24:33 | node_47 | INFO ] 🗣️ Gossiping aggregated model.
[ 2026-03-22 17:24:33 | node_47 | INFO ] 🤫 Gossip finished.
[ 2026-03-22 17:24:33 | node_30 | INFO ] 🗣️ Gossiping aggregated model.
[ 2026-03-22 17:24:33 | node_30 | INFO ] 🤫 Gossip finished.
[ 2026-03-22 17:24:33 | node_47 | INFO ] 🔬 Evaluating...
[ 2026-03-22 17:24:33 | node_42 | INFO ] 📤 Sending model to 2 direct neighbors: ['node_41', 'node_43']
[ 2026-03-22 17:24:33 | node_30 | INFO ] 🔬 Evaluating...
[ 2026-03-22 17:24:33 | node_40 | INFO ] 🧩 Model added for round 148 (3/3) from ['node_41']
[ 2026-03-22 17:24:33 | node_26 | INFO ] 📈 Evaluated. Results: {'test_loss': 0.0011296123266220093, 'test_accuracy': 0.99712073802948, 'test_precision': 0.7370883822441101, 'test_recall': 0.19348569214344025, 'test_f1': 0.30523017048835754, 'communication_cost': 1457816}
[ 2026-03-22 17:24:33 | node_26 | INFO ] 📢 Broadcasting metrics.
[ 2026-03-22 17:24:34 | node_41 | INFO ] 🧩 Model added for round 148 (3/3) from ['node_42']
[ 2026-03-22 17:24:34 | node_34 | INFO ] 🧩 Model added for round 148 (3/3) from ['node_33']
[ 2026-03-22 17:24:34 | node_40 | INFO ] 🧠 Aggregation complete. Setting new model.
[ 2026-03-22 17:24:34 | node_32 | INFO ] 🧠 Aggregation complete. Setting new model.
[ 2026-03-22 17:24:34 | node_34 | INFO ] 🧠 Aggregation complete. Setting new model.
[ 2026-03-22 17:24:34 | node_28 | INFO ] 🤫 Gossip finished.
[ 2026-03-22 17:24:34 | node_28 | INFO ] 🔬 Evaluating...
[ 2026-03-22 17:24:34 | node_42 | INFO ] 🧩 Model added for round 148 (2/3) from ['node_41']
[ 2026-03-22 17:24:34 | node_15 | INFO ] 🧩 Model added for round 148 (3/3) from ['node_14']
[ 2026-03-22 17:24:34 | node_15 | INFO ] 🧠 Aggregation complete. Setting new model.
[ 2026-03-22 17:24:34 | node_12 | INFO ] 🤫 Gossip finished.
[ 2026-03-22 17:24:34 | node_6 | INFO ] 🤫 Gossip finished.
[ 2026-03-22 17:24:34 | node | INFO ] 🤫 Gossip finished.
[ 2026-03-22 17:24:34 | node_4 | INFO ] 📈 Evaluated. Results: {'test_loss': 0.001277580508030951, 'test_accuracy': 0.996941089630127, 'test_precision': 1.0, 'test_recall': 0.36529722809791565, 'test_f1': 0.5280020236968994, 'communication_cost': 1457816}
[ 2026-03-22 17:24:35 | node_33 | INFO ] 🧠 Aggregation complete. Setting new model.
[ 2026-03-22 17:24:35 | node_45 | INFO ] 🤫 Gossip finished.
[ 2026-03-22 17:24:35 | node_4 | INFO ] 📢 Broadcasting metrics.
[ 2026-03-22 17:24:35 | node_32 | INFO ] 🗣️ Gossiping aggregated model.
[ 2026-03-22 17:24:35 | node_40 | INFO ] 🗣️ Gossiping aggregated model.
[ 2026-03-22 17:24:35 | node_12 | INFO ] 🔬 Evaluating...
[ 2026-03-22 17:24:35 | node | INFO ] 🔬 Evaluating...
[ 2026-03-22 17:24:35 | node_6 | INFO ] 🔬 Evaluating...
[ 2026-03-22 17:24:35 | node_34 | INFO ] 🗣️ Gossiping aggregated model.
[ 2026-03-22 17:24:35 | node_48 | INFO ] 🤫 Gossip finished.
[ 2026-03-22 17:24:35 | node_45 | INFO ] 🔬 Evaluating...
[ 2026-03-22 17:24:35 | node_48 | INFO ] 🔬 Evaluating...
[ 2026-03-22 17:24:35 | node_34 | INFO ] 🤫 Gossip finished.
[ 2026-03-22 17:24:35 | node_18 | INFO ] 📈 Evaluated. Results: {'test_loss': 0.0012652415316551924, 'test_accuracy': 0.996941089630127, 'test_precision': 1.0, 'test_recall': 0.19342012703418732, 'test_f1': 0.2999893128871918, 'communication_cost': 1457816}
[ 2026-03-22 17:24:35 | node_15 | INFO ] 🗣️ Gossiping aggregated model.
[ 2026-03-22 17:24:35 | node_33 | INFO ] 🗣️ Gossiping aggregated model.
[ 2026-03-22 17:24:35 | node_33 | INFO ] 🤫 Gossip finished.
[ 2026-03-22 17:24:35 | node_34 | INFO ] 🔬 Evaluating...
[ 2026-03-22 17:24:35 | node_18 | INFO ] 📢 Broadcasting metrics.
[ 2026-03-22 17:24:35 | node_43 | INFO ] 🧩 Model added for round 148 (1/3) from ['node_42']
[ 2026-03-22 17:24:35 | node_41 | INFO ] 🧠 Aggregation complete. Setting new model.
[ 2026-03-22 17:24:35 | node_26 | INFO ] 🎉 Round 149 of 150 finished.
[ 2026-03-22 17:24:35 | node_33 | INFO ] 🔬 Evaluating...
[ 2026-03-22 17:24:35 | node_26 | INFO ] 🗳️ [DETERMINISTIC] Train set assigned (No Voting). Size: 50
[ 2026-03-22 17:24:35 | node_1 | INFO ] 📈 Evaluated. Results: {'test_loss': 0.001329759950749576, 'test_accuracy': 0.9971210360527039, 'test_precision': 0.5834757685661316, 'test_recall': 0.18016095459461212, 'test_f1': 0.2689386010169983, 'communication_cost': 1457816}
[ 2026-03-22 17:24:35 | node_1 | INFO ] 📢 Broadcasting metrics.
[ 2026-03-22 17:24:35 | node_26 | INFO ] 🏋️‍♀️ Preparing training...
[ 2026-03-22 17:24:35 | node_41 | INFO ] 🗣️ Gossiping aggregated model.
[ 2026-03-22 17:24:35 | node_4 | INFO ] 🎉 Round 148 of 150 finished.
[ 2026-03-22 17:24:35 | node_46 | INFO ] 🤫 Gossip finished.
[ 2026-03-22 17:24:35 | node_4 | INFO ] 🗳️ [DETERMINISTIC] Train set assigned (No Voting). Size: 50
[ 2026-03-22 17:24:35 | node_46 | INFO ] 🔬 Evaluating...
[ 2026-03-22 17:24:35 | node_25 | INFO ] 📈 Evaluated. Results: {'test_loss': 0.001173211494460702, 'test_accuracy': 0.9973006844520569, 'test_precision': 0.5835282802581787, 'test_recall': 0.16979356110095978, 'test_f1': 0.2600283920764923, 'communication_cost': 1457816}
[ 2026-03-22 17:24:36 | node_4 | INFO ] 🏋️‍♀️ Preparing training...
[ 2026-03-22 17:24:36 | node_25 | INFO ] 📢 Broadcasting metrics.
[ 2026-03-22 17:24:36 | node_18 | INFO ] 🎉 Round 149 of 150 finished.
[ 2026-03-22 17:24:36 | node_18 | INFO ] 🗳️ [DETERMINISTIC] Train set assigned (No Voting). Size: 50
[ 2026-03-22 17:24:36 | node_3 | INFO ] 📈 Evaluated. Results: {'test_loss': 0.001753091113641858, 'test_accuracy': 0.9961313605308533, 'test_precision': 0.49748989939689636, 'test_recall': 0.27709195017814636, 'test_f1': 0.3109634518623352, 'communication_cost': 1457816}
[ 2026-03-22 17:24:36 | node_37 | INFO ] 📈 Evaluated. Results: {'test_loss': 0.0010795597918331623, 'test_accuracy': 0.996850848197937, 'test_precision': 0.7217323780059814, 'test_recall': 0.3327134847640991, 'test_f1': 0.4465806484222412, 'communication_cost': 1457816}
[ 2026-03-22 17:24:36 | node_29 | INFO ] 🤫 Gossip finished.
[ 2026-03-22 17:24:36 | node_3 | INFO ] 📢 Broadcasting metrics.
[ 2026-03-22 17:24:36 | node_1 | INFO ] 🎉 Round 148 of 150 finished.
[ 2026-03-22 17:24:36 | node_37 | INFO ] 📢 Broadcasting metrics.
[ 2026-03-22 17:24:36 | node_18 | INFO ] 🏋️‍♀️ Preparing training...
[ 2026-03-22 17:24:36 | node_29 | INFO ] 🔬 Evaluating...
[ 2026-03-22 17:24:36 | node_1 | INFO ] 🗳️ [DETERMINISTIC] Train set assigned (No Voting). Size: 50
[ 2026-03-22 17:24:36 | node_31 | INFO ] 🤫 Gossip finished.
[ 2026-03-22 17:24:36 | node_1 | INFO ] 🏋️‍♀️ Preparing training...
[ 2026-03-22 17:24:36 | node_27 | INFO ] 📈 Evaluated. Results: {'test_loss': 0.0013423579512163997, 'test_accuracy': 0.9966708421707153, 'test_precision': 0.6314558386802673, 'test_recall': 0.14978978037834167, 'test_f1': 0.23033694922924042, 'communication_cost': 1457816}
[ 2026-03-22 17:24:36 | node_8 | INFO ] 📈 Evaluated. Results: {'test_loss': 0.0013722563162446022, 'test_accuracy': 0.9955015778541565, 'test_precision': 0.5527665615081787, 'test_recall': 0.10146427154541016, 'test_f1': 0.16787724196910858, 'communication_cost': 1457816}
[ 2026-03-22 17:24:36 | node_31 | INFO ] 🔬 Evaluating...
[ 2026-03-22 17:24:36 | node_27 | INFO ] 📢 Broadcasting metrics.
[ 2026-03-22 17:24:36 | node_35 | INFO ] 🤫 Gossip finished.
[ 2026-03-22 17:24:36 | node_8 | INFO ] 📢 Broadcasting metrics.
[ 2026-03-22 17:24:36 | node_16 | INFO ] 🤫 Gossip finished.
[ 2026-03-22 17:24:36 | node_35 | INFO ] 🔬 Evaluating...
[ 2026-03-22 17:24:36 | node_24 | INFO ] 📈 Evaluated. Results: {'test_loss': 0.0009679720387794077, 'test_accuracy': 0.9973906874656677, 'test_precision': 1.0, 'test_recall': 0.2755098044872284, 'test_f1': 0.42348334193229675, 'communication_cost': 1457816}
[ 2026-03-22 17:24:36 | node_19 | INFO ] 📈 Evaluated. Results: {'test_loss': 0.0011538099497556686, 'test_accuracy': 0.99712073802948, 'test_precision': 0.7543039321899414, 'test_recall': 0.2795756459236145, 'test_f1': 0.40223291516304016, 'communication_cost': 1457816}
[ 2026-03-22 17:24:36 | node_24 | INFO ] 📢 Broadcasting metrics.
[ 2026-03-22 17:24:36 | node_49 | INFO ] 📈 Evaluated. Results: {'test_loss': 0.0015134597197175026, 'test_accuracy': 0.9967608451843262, 'test_precision': 0.6142403483390808, 'test_recall': 0.1665894091129303, 'test_f1': 0.25883999466896057, 'communication_cost': 1457816}
[ 2026-03-22 17:24:36 | node_16 | INFO ] 🔬 Evaluating...
[ 2026-03-22 17:24:36 | node_19 | INFO ] 📢 Broadcasting metrics.
[ 2026-03-22 17:24:36 | node_49 | INFO ] 📢 Broadcasting metrics.
[ 2026-03-22 17:24:36 | node_25 | INFO ] 🎉 Round 149 of 150 finished.
[ 2026-03-22 17:24:36 | node_17 | INFO ] 📈 Evaluated. Results: {'test_loss': 0.001366134500131011, 'test_accuracy': 0.9965811967849731, 'test_precision': 0.6314889788627625, 'test_recall': 0.13268543779850006, 'test_f1': 0.2082214057445526, 'communication_cost': 1457816}
[ 2026-03-22 17:24:36 | node_17 | INFO ] 📢 Broadcasting metrics.
[ 2026-03-22 17:24:36 | node_25 | INFO ] 🗳️ [DETERMINISTIC] Train set assigned (No Voting). Size: 50
[ 2026-03-22 17:24:36 | node_3 | INFO ] 🎉 Round 148 of 150 finished.
[ 2026-03-22 17:24:37 | node_25 | INFO ] 🏋️‍♀️ Preparing training...
[ 2026-03-22 17:24:37 | node_37 | INFO ] 🎉 Round 149 of 150 finished.
[ 2026-03-22 17:24:37 | node_3 | INFO ] 🗳️ [DETERMINISTIC] Train set assigned (No Voting). Size: 50
[ 2026-03-22 17:24:37 | node_40 | INFO ] 🤫 Gossip finished.
[ 2026-03-22 17:24:37 | node_32 | INFO ] 🤫 Gossip finished.
[ 2026-03-22 17:24:37 | node_37 | INFO ] 🗳️ [DETERMINISTIC] Train set assigned (No Voting). Size: 50
[ 2026-03-22 17:24:37 | node_32 | INFO ] 🔬 Evaluating...
[ 2026-03-22 17:24:37 | node_43 | INFO ] 🎓 Training step done.
[ 2026-03-22 17:24:37 | node_40 | INFO ] 🔬 Evaluating...
[ 2026-03-22 17:24:37 | node_3 | INFO ] 🏋️‍♀️ Preparing training...
[ 2026-03-22 17:24:37 | node_43 | INFO ] 🛠️ Calling force_add_local_model...
[ 2026-03-22 17:24:37 | node_37 | INFO ] 🏋️‍♀️ Preparing training...
[ 2026-03-22 17:24:37 | node_43 | INFO ] ✅ [FORCE] Local model added for round 148. (2/3)
[ 2026-03-22 17:24:37 | node_11 | INFO ] 📈 Evaluated. Results: {'test_loss': 0.0012258306378498673, 'test_accuracy': 0.996941089630127, 'test_precision': 0.7370220422744751, 'test_recall': 0.1535462588071823, 'test_f1': 0.25174835324287415, 'communication_cost': 1457816}
[ 2026-03-22 17:24:37 | node_36 | INFO ] 📈 Evaluated. Results: {'test_loss': 0.0014922765549272299, 'test_accuracy': 0.9963109493255615, 'test_precision': 0.6756643652915955, 'test_recall': 0.14537020027637482, 'test_f1': 0.23778033256530762, 'communication_cost': 1457816}
[ 2026-03-22 17:24:37 | node_27 | INFO ] 🎉 Round 149 of 150 finished.
[ 2026-03-22 17:24:37 | node_11 | INFO ] 📢 Broadcasting metrics.
[ 2026-03-22 17:24:37 | node_36 | INFO ] 📢 Broadcasting metrics.
[ 2026-03-22 17:24:37 | node_8 | INFO ] 🎉 Round 148 of 150 finished.
[ 2026-03-22 17:24:37 | node_27 | INFO ] 🗳️ [DETERMINISTIC] Train set assigned (No Voting). Size: 50
[ 2026-03-22 17:24:37 | node_19 | INFO ] 🎉 Round 149 of 150 finished.
[ 2026-03-22 17:24:37 | node_8 | INFO ] 🗳️ [DETERMINISTIC] Train set assigned (No Voting). Size: 50
[ 2026-03-22 17:24:37 | node_24 | INFO ] 🎉 Round 149 of 150 finished.
[ 2026-03-22 17:24:37 | node_13 | INFO ] 📈 Evaluated. Results: {'test_loss': 0.0011079157702624798, 'test_accuracy': 0.997031033039093, 'test_precision': 0.7696806192398071, 'test_recall': 0.28068891167640686, 'test_f1': 0.39909815788269043, 'communication_cost': 1457816}
[ 2026-03-22 17:24:37 | node_44 | INFO ] 📈 Evaluated. Results: {'test_loss': 0.001124710077419877, 'test_accuracy': 0.9976606369018555, 'test_precision': 1.0, 'test_recall': 0.3456627130508423, 'test_f1': 0.5061981081962585, 'communication_cost': 1457816}
[ 2026-03-22 17:24:37 | node_19 | INFO ] 🗳️ [DETERMINISTIC] Train set assigned (No Voting). Size: 50
[ 2026-03-22 17:24:37 | node_27 | INFO ] 🏋️‍♀️ Preparing training...
[ 2026-03-22 17:24:37 | node_49 | INFO ] 🎉 Round 148 of 150 finished.
[ 2026-03-22 17:24:37 | node_13 | INFO ] 📢 Broadcasting metrics.
[ 2026-03-22 17:24:37 | node_44 | INFO ] 📢 Broadcasting metrics.
[ 2026-03-22 17:24:37 | node_24 | INFO ] 🗳️ [DETERMINISTIC] Train set assigned (No Voting). Size: 50
[ 2026-03-22 17:24:37 | node_8 | INFO ] 🏋️‍♀️ Preparing training...
[ 2026-03-22 17:24:37 | node_49 | INFO ] 🗳️ [DETERMINISTIC] Train set assigned (No Voting). Size: 50
[ 2026-03-22 17:24:37 | node_30 | INFO ] 📈 Evaluated. Results: {'test_loss': 0.0011460792738944292, 'test_accuracy': 0.9972107410430908, 'test_precision': 0.8292244076728821, 'test_recall': 0.3062426447868347, 'test_f1': 0.4459323287010193, 'communication_cost': 1457816}
[ 2026-03-22 17:24:37 | node_19 | INFO ] 🏋️‍♀️ Preparing training...
[ 2026-03-22 17:24:37 | node_17 | INFO ] 🎉 Round 149 of 150 finished.
[ 2026-03-22 17:24:37 | node_30 | INFO ] 📢 Broadcasting metrics.
[ 2026-03-22 17:24:37 | node_24 | INFO ] 🏋️‍♀️ Preparing training...
[ 2026-03-22 17:24:37 | node_17 | INFO ] 🗳️ [DETERMINISTIC] Train set assigned (No Voting). Size: 50
[ 2026-03-22 17:24:37 | node_49 | INFO ] 🏋️‍♀️ Preparing training...
[ 2026-03-22 17:24:37 | node_20 | INFO ] 📈 Evaluated. Results: {'test_loss': 0.0011098701506853104, 'test_accuracy': 0.9972107410430908, 'test_precision': 0.7235918641090393, 'test_recall': 0.28342047333717346, 'test_f1': 0.389628529548645, 'communication_cost': 1457816}
[ 2026-03-22 17:24:37 | node_17 | INFO ] 🏋️‍♀️ Preparing training...
[ 2026-03-22 17:24:37 | node_20 | INFO ] 📢 Broadcasting metrics.
[ 2026-03-22 17:24:38 | node_36 | INFO ] 🎉 Round 149 of 150 finished.
[ 2026-03-22 17:24:38 | node_11 | INFO ] 🎉 Round 148 of 150 finished.
[ 2026-03-22 17:24:38 | node_36 | INFO ] 🗳️ [DETERMINISTIC] Train set assigned (No Voting). Size: 50
[ 2026-03-22 17:24:38 | node_11 | INFO ] 🗳️ [DETERMINISTIC] Train set assigned (No Voting). Size: 50
[ 2026-03-22 17:24:38 | node_36 | INFO ] 🏋️‍♀️ Preparing training...
[ 2026-03-22 17:24:38 | node_13 | INFO ] 🎉 Round 148 of 150 finished.
[ 2026-03-22 17:24:38 | node_44 | INFO ] 🎉 Round 148 of 150 finished.
[ 2026-03-22 17:24:38 | node_38 | INFO ] 📈 Evaluated. Results: {'test_loss': 0.0011373573215678334, 'test_accuracy': 0.9973006844520569, 'test_precision': 0.907863974571228, 'test_recall': 0.3861100971698761, 'test_f1': 0.5373664498329163, 'communication_cost': 1457816}
[ 2026-03-22 17:24:38 | node_13 | INFO ] 🗳️ [DETERMINISTIC] Train set assigned (No Voting). Size: 50
[ 2026-03-22 17:24:38 | node_11 | INFO ] 🏋️‍♀️ Preparing training...
[ 2026-03-22 17:24:38 | node_38 | INFO ] 📢 Broadcasting metrics.
[ 2026-03-22 17:24:38 | node_44 | INFO ] 🗳️ [DETERMINISTIC] Train set assigned (No Voting). Size: 50
[ 2026-03-22 17:24:38 | node_30 | INFO ] 🎉 Round 149 of 150 finished.
[ 2026-03-22 17:24:38 | node_13 | INFO ] ♻️ Proactively processing 1 early models for round 148.
[ 2026-03-22 17:24:38 | node_44 | INFO ] 🏋️‍♀️ Preparing training...
[ 2026-03-22 17:24:38 | node_13 | INFO ] 🧩 Model added for round 148 (1/3) from ['node_14']
[ 2026-03-22 17:24:38 | node_30 | INFO ] 🗳️ [DETERMINISTIC] Train set assigned (No Voting). Size: 50
[ 2026-03-22 17:24:38 | node_13 | INFO ] 🏋️‍♀️ Preparing training...
[ 2026-03-22 17:24:38 | node_20 | INFO ] 🎉 Round 149 of 150 finished.
[ 2026-03-22 17:24:38 | node_9 | INFO ] 📈 Evaluated. Results: {'test_loss': 0.0012042653979733586, 'test_accuracy': 0.997031033039093, 'test_precision': 0.8291497826576233, 'test_recall': 0.24186065793037415, 'test_f1': 0.3644164800643921, 'communication_cost': 1457816}
[ 2026-03-22 17:24:38 | node_30 | INFO ] 🏋️‍♀️ Preparing training...
[ 2026-03-22 17:24:38 | node_20 | INFO ] 🗳️ [DETERMINISTIC] Train set assigned (No Voting). Size: 50
[ 2026-03-22 17:24:38 | node_9 | INFO ] 📢 Broadcasting metrics.
[ 2026-03-22 17:24:38 | node_20 | INFO ] 🏋️‍♀️ Preparing training...
[ 2026-03-22 17:24:38 | node_5 | INFO ] 📈 Evaluated. Results: {'test_loss': 0.0014944049762561917, 'test_accuracy': 0.9965811967849731, 'test_precision': 0.7236167192459106, 'test_recall': 0.17980742454528809, 'test_f1': 0.2833048403263092, 'communication_cost': 1457816}
[ 2026-03-22 17:24:39 | node_5 | INFO ] 📢 Broadcasting metrics.
[ 2026-03-22 17:24:39 | node_47 | INFO ] 📈 Evaluated. Results: {'test_loss': 0.0008941201958805323, 'test_accuracy': 0.9979305267333984, 'test_precision': 0.49139225482940674, 'test_recall': 0.21717782318592072, 'test_f1': 0.30041933059692383, 'communication_cost': 1457816}
[ 2026-03-22 17:24:39 | node_47 | INFO ] 📢 Broadcasting metrics.
[ 2026-03-22 17:24:39 | node_38 | INFO ] 🎉 Round 149 of 150 finished.
[ 2026-03-22 17:24:39 | node_38 | INFO ] 🗳️ [DETERMINISTIC] Train set assigned (No Voting). Size: 50
[ 2026-03-22 17:24:39 | node_45 | INFO ] 📈 Evaluated. Results: {'test_loss': 0.0011512525379657745, 'test_accuracy': 0.9973006844520569, 'test_precision': 0.7456960678100586, 'test_recall': 0.33622974157333374, 'test_f1': 0.43947380781173706, 'communication_cost': 1457816}
[ 2026-03-22 17:24:39 | node_45 | INFO ] 📢 Broadcasting metrics.
[ 2026-03-22 17:24:39 | node_38 | INFO ] 🏋️‍♀️ Preparing training...
[ 2026-03-22 17:24:39 | node_9 | INFO ] 🎉 Round 148 of 150 finished.
[ 2026-03-22 17:24:39 | node_34 | INFO ] 📈 Evaluated. Results: {'test_loss': 0.001125740585848689, 'test_accuracy': 0.9973906874656677, 'test_precision': 0.5528162717819214, 'test_recall': 0.1883220225572586, 'test_f1': 0.2791782319545746, 'communication_cost': 1457816}
[ 2026-03-22 17:24:39 | node_9 | INFO ] 🗳️ [DETERMINISTIC] Train set assigned (No Voting). Size: 50
[ 2026-03-22 17:24:39 | node_34 | INFO ] 📢 Broadcasting metrics.
[ 2026-03-22 17:24:39 | node_28 | INFO ] 📈 Evaluated. Results: {'test_loss': 0.0010132777970284224, 'test_accuracy': 0.99712073802948, 'test_precision': 0.7923700213432312, 'test_recall': 0.3785156309604645, 'test_f1': 0.5023839473724365, 'communication_cost': 1457816}
[ 2026-03-22 17:24:39 | node_28 | INFO ] 📢 Broadcasting metrics.
[ 2026-03-22 17:24:39 | node | INFO ] 📈 Evaluated. Results: {'test_loss': 0.0013803868787363172, 'test_accuracy': 0.9965811967849731, 'test_precision': 0.8034607768058777, 'test_recall': 0.28880491852760315, 'test_f1': 0.4190821945667267, 'communication_cost': 1457816}
[ 2026-03-22 17:24:39 | node_9 | INFO ] 🏋️‍♀️ Preparing training...
[ 2026-03-22 17:24:40 | node | INFO ] 📢 Broadcasting metrics.
[ 2026-03-22 17:24:40 | node_29 | INFO ] 📈 Evaluated. Results: {'test_loss': 0.0013192541664466262, 'test_accuracy': 0.9965808987617493, 'test_precision': 0.7386239171028137, 'test_recall': 0.38115227222442627, 'test_f1': 0.4792124629020691, 'communication_cost': 1457816}
[ 2026-03-22 17:24:40 | node_29 | INFO ] 📢 Broadcasting metrics.
[ 2026-03-22 17:24:40 | node_5 | INFO ] 🎉 Round 148 of 150 finished.
[ 2026-03-22 17:24:40 | node_47 | INFO ] 🎉 Round 148 of 150 finished.
[ 2026-03-22 17:24:40 | node_5 | INFO ] 🗳️ [DETERMINISTIC] Train set assigned (No Voting). Size: 50
[ 2026-03-22 17:24:40 | node_47 | INFO ] 🗳️ [DETERMINISTIC] Train set assigned (No Voting). Size: 50
[ 2026-03-22 17:24:40 | node_46 | INFO ] 📈 Evaluated. Results: {'test_loss': 0.0015068395296111703, 'test_accuracy': 0.9964009523391724, 'test_precision': 0.6314558386802673, 'test_recall': 0.14223845303058624, 'test_f1': 0.22409029304981232, 'communication_cost': 1457816}
[ 2026-03-22 17:24:40 | node_31 | INFO ] 📈 Evaluated. Results: {'test_loss': 0.0010657759848982096, 'test_accuracy': 0.9976606369018555, 'test_precision': 0.8157278895378113, 'test_recall': 0.25030919909477234, 'test_f1': 0.3730227053165436, 'communication_cost': 1457816}
[ 2026-03-22 17:24:40 | node_46 | INFO ] 📢 Broadcasting metrics.
[ 2026-03-22 17:24:40 | node_31 | INFO ] 📢 Broadcasting metrics.
[ 2026-03-22 17:24:40 | node_12 | INFO ] 📈 Evaluated. Results: {'test_loss': 0.0011634588008746505, 'test_accuracy': 0.996941089630127, 'test_precision': 0.5159153938293457, 'test_recall': 0.12539611756801605, 'test_f1': 0.1946561485528946, 'communication_cost': 1457816}
[ 2026-03-22 17:24:40 | node_5 | INFO ] 🏋️‍♀️ Preparing training...
[ 2026-03-22 17:24:40 | node_7 | INFO ] 📈 Evaluated. Results: {'test_loss': 0.0013183878036215901, 'test_accuracy': 0.9966711401939392, 'test_precision': 0.6448943018913269, 'test_recall': 0.16378267109394073, 'test_f1': 0.2546076476573944, 'communication_cost': 1457816}
[ 2026-03-22 17:24:40 | node_47 | INFO ] 🏋️‍♀️ Preparing training...
[ 2026-03-22 17:24:40 | node_12 | INFO ] 📢 Broadcasting metrics.
[ 2026-03-22 17:24:40 | node_45 | INFO ] 🎉 Round 148 of 150 finished.
[ 2026-03-22 17:24:40 | node_7 | INFO ] 📢 Broadcasting metrics.
[ 2026-03-22 17:24:40 | node_45 | INFO ] 🗳️ [DETERMINISTIC] Train set assigned (No Voting). Size: 50
[ 2026-03-22 17:24:41 | node_34 | INFO ] 🎉 Round 149 of 150 finished.
[ 2026-03-22 17:24:41 | node_45 | INFO ] 🏋️‍♀️ Preparing training...
[ 2026-03-22 17:24:41 | node_34 | INFO ] 🗳️ [DETERMINISTIC] Train set assigned (No Voting). Size: 50
[ 2026-03-22 17:24:41 | node_28 | INFO ] 🎉 Round 149 of 150 finished.
[ 2026-03-22 17:24:41 | node_40 | INFO ] 📈 Evaluated. Results: {'test_loss': 0.0013949369313195348, 'test_accuracy': 0.9965808987617493, 'test_precision': 0.692879855632782, 'test_recall': 0.24683482944965363, 'test_f1': 0.34336963295936584, 'communication_cost': 1457816}
[ 2026-03-22 17:24:41 | node_6 | INFO ] 📈 Evaluated. Results: {'test_loss': 0.001208811067044735, 'test_accuracy': 0.996941089630127, 'test_precision': 0.8157444596290588, 'test_recall': 0.24512016773223877, 'test_f1': 0.372141033411026, 'communication_cost': 1457816}
[ 2026-03-22 17:24:41 | node_40 | INFO ] 📢 Broadcasting metrics.
[ 2026-03-22 17:24:41 | node_28 | INFO ] 🗳️ [DETERMINISTIC] Train set assigned (No Voting). Size: 50
[ 2026-03-22 17:24:41 | node_34 | INFO ] 🏋️‍♀️ Preparing training...
[ 2026-03-22 17:24:41 | node | INFO ] 🎉 Round 148 of 150 finished.
[ 2026-03-22 17:24:41 | node_6 | INFO ] 📢 Broadcasting metrics.
[ 2026-03-22 17:24:41 | node | INFO ] 🗳️ [DETERMINISTIC] Train set assigned (No Voting). Size: 50
[ 2026-03-22 17:24:41 | node_29 | INFO ] 🎉 Round 149 of 150 finished.
[ 2026-03-22 17:24:41 | node_28 | INFO ] 🏋️‍♀️ Preparing training...
[ 2026-03-22 17:24:41 | node_29 | INFO ] 🗳️ [DETERMINISTIC] Train set assigned (No Voting). Size: 50
[ 2026-03-22 17:24:41 | node_33 | INFO ] 📈 Evaluated. Results: {'test_loss': 0.0017002474050968885, 'test_accuracy': 0.9961310029029846, 'test_precision': 0.460680216550827, 'test_recall': 0.0742207020521164, 'test_f1': 0.1263580024242401, 'communication_cost': 1457816}
[ 2026-03-22 17:24:41 | node | INFO ] 🏋️‍♀️ Preparing training...
[ 2026-03-22 17:24:41 | node_46 | INFO ] 🎉 Round 148 of 150 finished.
[ 2026-03-22 17:24:41 | node_33 | INFO ] 📢 Broadcasting metrics.
[ 2026-03-22 17:24:42 | node_29 | INFO ] 🏋️‍♀️ Preparing training...
[ 2026-03-22 17:24:42 | node_2 | INFO ] 🎓 Training step done.
[ 2026-03-22 17:24:42 | node_12 | INFO ] 🎉 Round 148 of 150 finished.
[ 2026-03-22 17:24:42 | node_31 | INFO ] 🎉 Round 149 of 150 finished.
[ 2026-03-22 17:24:42 | node_46 | INFO ] 🗳️ [DETERMINISTIC] Train set assigned (No Voting). Size: 50
[ 2026-03-22 17:24:42 | node_2 | INFO ] 🛠️ Calling force_add_local_model...
[ 2026-03-22 17:24:42 | node_2 | INFO ] ✅ [FORCE] Local model added for round 148. (1/3)
[ 2026-03-22 17:24:42 | node_12 | INFO ] 🗳️ [DETERMINISTIC] Train set assigned (No Voting). Size: 50
[ 2026-03-22 17:24:42 | node_31 | INFO ] 🗳️ [DETERMINISTIC] Train set assigned (No Voting). Size: 50
[ 2026-03-22 17:24:42 | node_7 | INFO ] 🎉 Round 148 of 150 finished.
[ 2026-03-22 17:24:42 | node_46 | INFO ] 🏋️‍♀️ Preparing training...
[ 2026-03-22 17:24:42 | node_16 | INFO ] 📈 Evaluated. Results: {'test_loss': 0.0011058439267799258, 'test_accuracy': 0.9968510866165161, 'test_precision': 0.6909581422805786, 'test_recall': 0.17986847460269928, 'test_f1': 0.27082324028015137, 'communication_cost': 1457816}
[ 2026-03-22 17:24:42 | node_35 | INFO ] 📈 Evaluated. Results: {'test_loss': 0.0010576500790193677, 'test_accuracy': 0.9974806308746338, 'test_precision': 0.921360433101654, 'test_recall': 0.31782281398773193, 'test_f1': 0.4648572504520416, 'communication_cost': 1457816}
[ 2026-03-22 17:24:42 | node_32 | INFO ] 📈 Evaluated. Results: {'test_loss': 0.0010453762952238321, 'test_accuracy': 0.99712073802948, 'test_precision': 0.8599364757537842, 'test_recall': 0.3500944972038269, 'test_f1': 0.4857417941093445, 'communication_cost': 1457816}
[ 2026-03-22 17:24:42 | node_48 | INFO ] 📈 Evaluated. Results: {'test_loss': 0.0015743863768875599, 'test_accuracy': 0.9964908957481384, 'test_precision': 0.7831563949584961, 'test_recall': 0.20423489809036255, 'test_f1': 0.31501755118370056, 'communication_cost': 1457816}
[ 2026-03-22 17:24:42 | node_16 | INFO ] 📢 Broadcasting metrics.
[ 2026-03-22 17:24:42 | node_7 | INFO ] 🗳️ [DETERMINISTIC] Train set assigned (No Voting). Size: 50
[ 2026-03-22 17:24:42 | node_35 | INFO ] 📢 Broadcasting metrics.
[ 2026-03-22 17:24:42 | node_32 | INFO ] 📢 Broadcasting metrics.
[ 2026-03-22 17:24:42 | node_43 | INFO ] 📤 Sending model to 2 direct neighbors: ['node_42', 'node_44']
[ 2026-03-22 17:24:42 | node_12 | INFO ] 🏋️‍♀️ Preparing training...
[ 2026-03-22 17:24:42 | node_31 | INFO ] 🏋️‍♀️ Preparing training...
[ 2026-03-22 17:24:42 | node_48 | INFO ] 📢 Broadcasting metrics.
[ 2026-03-22 17:24:42 | node_7 | INFO ] 🏋️‍♀️ Preparing training...
[ 2026-03-22 17:24:42 | node_37 | INFO ] 🎓 Training step done.
[ 2026-03-22 17:24:42 | node_42 | INFO ] 🧩 Model added for round 148 (3/3) from ['node_43']
[ 2026-03-22 17:24:42 | node_40 | INFO ] 🎉 Round 149 of 150 finished.
[ 2026-03-22 17:24:42 | node_37 | INFO ] 🛠️ Calling force_add_local_model...
[ 2026-03-22 17:24:42 | node_42 | INFO ] 🧠 Aggregation complete. Setting new model.
[ 2026-03-22 17:24:43 | node_6 | INFO ] 🎉 Round 148 of 150 finished.
[ 2026-03-22 17:24:43 | node_37 | INFO ] ✅ [FORCE] Local model added for round 149. (1/3)
[ 2026-03-22 17:24:43 | node_40 | INFO ] 🗳️ [DETERMINISTIC] Train set assigned (No Voting). Size: 50
[ 2026-03-22 17:24:43 | node_6 | INFO ] 🗳️ [DETERMINISTIC] Train set assigned (No Voting). Size: 50
[ 2026-03-22 17:24:43 | node_40 | INFO ] 🏋️‍♀️ Preparing training...
[ 2026-03-22 17:24:43 | node_42 | INFO ] 🗣️ Gossiping aggregated model.
[ 2026-03-22 17:24:43 | node_6 | INFO ] 🏋️‍♀️ Preparing training...
[ 2026-03-22 17:24:43 | node_33 | INFO ] 🎉 Round 149 of 150 finished.
[ 2026-03-22 17:24:43 | node_41 | INFO ] 🤫 Gossip finished.
[ 2026-03-22 17:24:43 | node_41 | INFO ] 🔬 Evaluating...
[ 2026-03-22 17:24:43 | node_33 | INFO ] 🗳️ [DETERMINISTIC] Train set assigned (No Voting). Size: 50
[ 2026-03-22 17:24:43 | node_16 | INFO ] 🎉 Round 149 of 150 finished.
[ 2026-03-22 17:24:43 | node_35 | INFO ] 🎉 Round 149 of 150 finished.
[ 2026-03-22 17:24:43 | node_22 | INFO ] ⏹️  Gossiping exited for 10 equal rounds.
[ 2026-03-22 17:24:43 | node_16 | INFO ] 🗳️ [DETERMINISTIC] Train set assigned (No Voting). Size: 50
[ 2026-03-22 17:24:43 | node_33 | INFO ] 🏋️‍♀️ Preparing training...
[ 2026-03-22 17:24:43 | node_32 | INFO ] 🎉 Round 149 of 150 finished.
[ 2026-03-22 17:24:43 | node_35 | INFO ] 🗳️ [DETERMINISTIC] Train set assigned (No Voting). Size: 50
[ 2026-03-22 17:24:43 | node_44 | INFO ] 🧩 Model added for round 148 (1/3) from ['node_43']
[ 2026-03-22 17:24:43 | node_48 | INFO ] 🎉 Round 148 of 150 finished.
[ 2026-03-22 17:24:43 | node_1 | INFO ] 🎓 Training step done.
[ 2026-03-22 17:24:43 | node_22 | INFO ] 🔬 Evaluating...
[ 2026-03-22 17:24:43 | node_32 | INFO ] 🗳️ [DETERMINISTIC] Train set assigned (No Voting). Size: 50
[ 2026-03-22 17:24:43 | node_16 | INFO ] 🏋️‍♀️ Preparing training...
[ 2026-03-22 17:24:43 | node_1 | INFO ] 🛠️ Calling force_add_local_model...
[ 2026-03-22 17:24:43 | node_48 | INFO ] 🗳️ [DETERMINISTIC] Train set assigned (No Voting). Size: 50
[ 2026-03-22 17:24:43 | node_1 | INFO ] ✅ [FORCE] Local model added for round 148. (1/3)
[ 2026-03-22 17:24:43 | node_35 | INFO ] 🏋️‍♀️ Preparing training...
[ 2026-03-22 17:24:43 | node_32 | INFO ] 🏋️‍♀️ Preparing training...
[ 2026-03-22 17:24:43 | node_48 | INFO ] 🏋️‍♀️ Preparing training...
[ 2026-03-22 17:24:44 | node_21 | INFO ] 🎓 Training step done.
[ 2026-03-22 17:24:44 | node_21 | INFO ] 🛠️ Calling force_add_local_model...
[ 2026-03-22 17:24:44 | node_21 | INFO ] ✅ [FORCE] Local model added for round 149. (1/3)
[ 2026-03-22 17:24:45 | node_4 | INFO ] 🎓 Training step done.
[ 2026-03-22 17:24:45 | node_4 | INFO ] 🛠️ Calling force_add_local_model...
[ 2026-03-22 17:24:45 | node_4 | INFO ] ✅ [FORCE] Local model added for round 148. (1/3)
[ 2026-03-22 17:24:47 | node_27 | INFO ] 🎓 Training step done.
[ 2026-03-22 17:24:47 | node_2 | INFO ] 📤 Sending model to 2 direct neighbors: ['node_1', 'node_3']
[ 2026-03-22 17:24:47 | node_27 | INFO ] 🛠️ Calling force_add_local_model...
[ 2026-03-22 17:24:47 | node_27 | INFO ] ✅ [FORCE] Local model added for round 149. (1/3)
[ 2026-03-22 17:24:47 | node_18 | INFO ] 🎓 Training step done.
[ 2026-03-22 17:24:47 | node_18 | INFO ] 🛠️ Calling force_add_local_model...
[ 2026-03-22 17:24:47 | node_18 | INFO ] ✅ [FORCE] Local model added for round 149. (1/3)
[ 2026-03-22 17:24:47 | node_1 | INFO ] 🧩 Model added for round 148 (2/3) from ['node_2']
[ 2026-03-22 17:24:47 | node_24 | INFO ] 🎓 Training step done.
[ 2026-03-22 17:24:47 | node_24 | INFO ] 🛠️ Calling force_add_local_model...
[ 2026-03-22 17:24:48 | node_24 | INFO ] ✅ [FORCE] Local model added for round 149. (1/3)
[ 2026-03-22 17:24:48 | node_37 | INFO ] 📤 Sending model to 2 direct neighbors: ['node_36', 'node_38']
[ 2026-03-22 17:24:48 | node_22 | INFO ] 📈 Evaluated. Results: {'test_loss': 0.0012860893039032817, 'test_accuracy': 0.99712073802948, 'test_precision': 0.6314558386802673, 'test_recall': 0.19397671520709991, 'test_f1': 0.28583768010139465, 'communication_cost': 1457816}
[ 2026-03-22 17:24:48 | node_3 | INFO ] 🧩 Model added for round 148 (1/3) from ['node_2']
[ 2026-03-22 17:24:48 | node_36 | INFO ] 🧩 Model added for round 149 (1/3) from ['node_37']
[ 2026-03-22 17:24:48 | node_22 | INFO ] 📢 Broadcasting metrics.
[ 2026-03-22 17:24:48 | node_20 | INFO ] 🎓 Training step done.
[ 2026-03-22 17:24:48 | node_26 | INFO ] 🎓 Training step done.
[ 2026-03-22 17:24:48 | node_20 | INFO ] 🛠️ Calling force_add_local_model...
[ 2026-03-22 17:24:48 | node_26 | INFO ] 🛠️ Calling force_add_local_model...
[ 2026-03-22 17:24:48 | node_20 | INFO ] ✅ [FORCE] Local model added for round 149. (1/3)
[ 2026-03-22 17:24:48 | node_26 | INFO ] ✅ [FORCE] Local model added for round 149. (1/3)
[ 2026-03-22 17:24:48 | node_1 | INFO ] 📤 Sending model to 2 direct neighbors: ['node', 'node_2']
[ 2026-03-22 17:24:48 | node_38 | INFO ] 🧩 Model added for round 149 (1/3) from ['node_37']
[ 2026-03-22 17:24:48 | node | INFO ] 🧩 Model added for round 148 (1/3) from ['node_1']
[ 2026-03-22 17:24:48 | node_11 | INFO ] 🎓 Training step done.
[ 2026-03-22 17:24:48 | node_11 | INFO ] 🛠️ Calling force_add_local_model...
[ 2026-03-22 17:24:48 | node_22 | INFO ] 🎉 Round 149 of 150 finished.
[ 2026-03-22 17:24:48 | node_11 | INFO ] ✅ [FORCE] Local model added for round 148. (1/3)
[ 2026-03-22 17:24:48 | node_22 | INFO ] 🗳️ [DETERMINISTIC] Train set assigned (No Voting). Size: 50
[ 2026-03-22 17:24:49 | node_22 | INFO ] 🏋️‍♀️ Preparing training...
[ 2026-03-22 17:24:49 | node_25 | INFO ] 🎓 Training step done.
[ 2026-03-22 17:24:49 | node_25 | INFO ] 🛠️ Calling force_add_local_model...
[ 2026-03-22 17:24:49 | node_2 | INFO ] 🧩 Model added for round 148 (2/3) from ['node_1']
[ 2026-03-22 17:24:49 | node_25 | INFO ] ✅ [FORCE] Local model added for round 149. (1/3)
[ 2026-03-22 17:24:49 | node_8 | INFO ] 🎓 Training step done.
[ 2026-03-22 17:24:49 | node_8 | INFO ] 🛠️ Calling force_add_local_model...
[ 2026-03-22 17:24:49 | node_8 | INFO ] ✅ [FORCE] Local model added for round 148. (1/3)
[ 2026-03-22 17:24:49 | node_21 | INFO ] 📤 Sending model to 2 direct neighbors: ['node_20', 'node_22']
[ 2026-03-22 17:24:49 | node_20 | INFO ] 🧩 Model added for round 149 (2/3) from ['node_21']
[ 2026-03-22 17:24:49 | node_22 | INFO ] 🧩 Model added for round 149 (1/3) from ['node_21']
[ 2026-03-22 17:24:49 | node_44 | INFO ] 🎓 Training step done.
[ 2026-03-22 17:24:49 | node_44 | INFO ] 🛠️ Calling force_add_local_model...
[ 2026-03-22 17:24:49 | node_44 | INFO ] ✅ [FORCE] Local model added for round 148. (2/3)
[ 2026-03-22 17:24:49 | node_17 | INFO ] 🎓 Training step done.
[ 2026-03-22 17:24:49 | node_17 | INFO ] 🛠️ Calling force_add_local_model...
[ 2026-03-22 17:24:49 | node_17 | INFO ] ✅ [FORCE] Local model added for round 149. (1/3)
[ 2026-03-22 17:24:50 | node_39 | INFO ] ⏹️  Gossiping exited for 10 equal rounds.
[ 2026-03-22 17:24:50 | node_39 | INFO ] 🔬 Evaluating...
[ 2026-03-22 17:24:50 | node_23 | INFO ] ⏹️  Gossiping exited for 10 equal rounds.
[ 2026-03-22 17:24:50 | node_38 | INFO ] 🎓 Training step done.
[ 2026-03-22 17:24:50 | node_38 | INFO ] 🛠️ Calling force_add_local_model...
[ 2026-03-22 17:24:50 | node_10 | INFO ] ⏹️  Gossiping exited for 10 equal rounds.
[ 2026-03-22 17:24:50 | node_38 | INFO ] ✅ [FORCE] Local model added for round 149. (2/3)
[ 2026-03-22 17:24:50 | node_23 | INFO ] 🔬 Evaluating...
[ 2026-03-22 17:24:50 | node_10 | INFO ] 🔬 Evaluating...
[ 2026-03-22 17:24:50 | node_3 | INFO ] 🎓 Training step done.
[ 2026-03-22 17:24:50 | node_4 | INFO ] 📤 Sending model to 2 direct neighbors: ['node_3', 'node_5']
[ 2026-03-22 17:24:50 | node_3 | INFO ] 🛠️ Calling force_add_local_model...
[ 2026-03-22 17:24:50 | node_3 | INFO ] ✅ [FORCE] Local model added for round 148. (2/3)
[ 2026-03-22 17:24:50 | node_3 | INFO ] 🧩 Model added for round 148 (3/3) from ['node_4']
[ 2026-03-22 17:24:50 | node | INFO ] 🎓 Training step done.
[ 2026-03-22 17:24:50 | node | INFO ] 🛠️ Calling force_add_local_model...
[ 2026-03-22 17:24:51 | node | INFO ] ✅ [FORCE] Local model added for round 148. (2/3)
[ 2026-03-22 17:24:51 | node_34 | INFO ] 🎓 Training step done.
[ 2026-03-22 17:24:51 | node_34 | INFO ] 🛠️ Calling force_add_local_model...
[ 2026-03-22 17:24:51 | node_34 | INFO ] ✅ [FORCE] Local model added for round 149. (1/3)
[ 2026-03-22 17:24:51 | node_13 | INFO ] 🎓 Training step done.
[ 2026-03-22 17:24:51 | node_5 | INFO ] 🧩 Model added for round 148 (1/3) from ['node_4']
[ 2026-03-22 17:24:51 | node_13 | INFO ] 🛠️ Calling force_add_local_model...
[ 2026-03-22 17:24:51 | node_13 | INFO ] ✅ [FORCE] Local model added for round 148. (2/3)
[ 2026-03-22 17:24:51 | node_36 | INFO ] 🎓 Training step done.
[ 2026-03-22 17:24:51 | node_36 | INFO ] 🛠️ Calling force_add_local_model...
[ 2026-03-22 17:24:51 | node_36 | INFO ] ✅ [FORCE] Local model added for round 149. (2/3)
[ 2026-03-22 17:24:51 | node_28 | INFO ] 🎓 Training step done.
[ 2026-03-22 17:24:51 | node_28 | INFO ] 🛠️ Calling force_add_local_model...
[ 2026-03-22 17:24:51 | node_28 | INFO ] ✅ [FORCE] Local model added for round 149. (1/3)
[ 2026-03-22 17:24:51 | node_15 | INFO ] ⏹️  Gossiping exited for 10 equal rounds.
[ 2026-03-22 17:24:51 | node_15 | INFO ] 🔬 Evaluating...
[ 2026-03-22 17:24:52 | node_41 | INFO ] 📈 Evaluated. Results: {'test_loss': 0.0011984440498054028, 'test_accuracy': 0.9975706338882446, 'test_precision': 0.7370883822441101, 'test_recall': 0.1965569108724594, 'test_f1': 0.3071201741695404, 'communication_cost': 1457816}
[ 2026-03-22 17:24:52 | node_41 | INFO ] 📢 Broadcasting metrics.
[ 2026-03-22 17:24:52 | node_19 | INFO ] 🎓 Training step done.
[ 2026-03-22 17:24:52 | node_19 | INFO ] 🛠️ Calling force_add_local_model...
[ 2026-03-22 17:24:52 | node_19 | INFO ] ✅ [FORCE] Local model added for round 149. (1/3)
[ 2026-03-22 17:24:52 | node_27 | INFO ] 📤 Sending model to 2 direct neighbors: ['node_26', 'node_28']
[ 2026-03-22 17:24:52 | node_41 | INFO ] 🎉 Round 149 of 150 finished.
[ 2026-03-22 17:24:52 | node_49 | INFO ] 🎓 Training step done.
[ 2026-03-22 17:24:52 | node_49 | INFO ] 🛠️ Calling force_add_local_model...
[ 2026-03-22 17:24:52 | node_41 | INFO ] 🗳️ [DETERMINISTIC] Train set assigned (No Voting). Size: 50
[ 2026-03-22 17:24:52 | node_26 | INFO ] 🧩 Model added for round 149 (2/3) from ['node_27']
[ 2026-03-22 17:24:52 | node_49 | INFO ] ✅ [FORCE] Local model added for round 148. (1/3)
[ 2026-03-22 17:24:52 | node_31 | INFO ] 🎓 Training step done.
[ 2026-03-22 17:24:52 | node_41 | INFO ] 🏋️‍♀️ Preparing training...
[ 2026-03-22 17:24:52 | node_31 | INFO ] 🛠️ Calling force_add_local_model...
[ 2026-03-22 17:24:52 | node_31 | INFO ] ✅ [FORCE] Local model added for round 149. (1/3)
[ 2026-03-22 17:24:52 | node_47 | INFO ] 🎓 Training step done.
[ 2026-03-22 17:24:52 | node_47 | INFO ] 🛠️ Calling force_add_local_model...
[ 2026-03-22 17:24:52 | node_47 | INFO ] ✅ [FORCE] Local model added for round 148. (1/3)
[ 2026-03-22 17:24:52 | node_18 | INFO ] 📤 Sending model to 2 direct neighbors: ['node_17', 'node_19']
[ 2026-03-22 17:24:52 | node_28 | INFO ] 🧩 Model added for round 149 (2/3) from ['node_27']
[ 2026-03-22 17:24:52 | node_30 | INFO ] 🎓 Training step done.
[ 2026-03-22 17:24:52 | node_30 | INFO ] 🛠️ Calling force_add_local_model...
[ 2026-03-22 17:24:52 | node_5 | INFO ] 🎓 Training step done.
[ 2026-03-22 17:24:52 | node_29 | INFO ] 🎓 Training step done.
[ 2026-03-22 17:24:52 | node_5 | INFO ] 🛠️ Calling force_add_local_model...
[ 2026-03-22 17:24:52 | node_30 | INFO ] ✅ [FORCE] Local model added for round 149. (1/3)
[ 2026-03-22 17:24:52 | node_29 | INFO ] 🛠️ Calling force_add_local_model...
[ 2026-03-22 17:24:52 | node_5 | INFO ] ✅ [FORCE] Local model added for round 148. (2/3)
[ 2026-03-22 17:24:52 | node_17 | INFO ] 🧩 Model added for round 149 (2/3) from ['node_18']
[ 2026-03-22 17:24:52 | node_29 | INFO ] ✅ [FORCE] Local model added for round 149. (1/3)
[ 2026-03-22 17:24:52 | node_12 | INFO ] 🎓 Training step done.
[ 2026-03-22 17:24:52 | node_12 | INFO ] 🛠️ Calling force_add_local_model...
[ 2026-03-22 17:24:53 | node_12 | INFO ] ✅ [FORCE] Local model added for round 148. (1/3)
[ 2026-03-22 17:24:53 | node_23 | INFO ] 📈 Evaluated. Results: {'test_loss': 0.0013783188769593835, 'test_accuracy': 0.9965808987617493, 'test_precision': 0.8157278895378113, 'test_recall': 0.22660906612873077, 'test_f1': 0.3442707061767578, 'communication_cost': 1457816}
[ 2026-03-22 17:24:53 | node_24 | INFO ] 📤 Sending model to 2 direct neighbors: ['node_23', 'node_25']
[ 2026-03-22 17:24:53 | node_32 | INFO ] 🎓 Training step done.
[ 2026-03-22 17:24:53 | node_23 | INFO ] 📢 Broadcasting metrics.
[ 2026-03-22 17:24:53 | node_32 | INFO ] 🛠️ Calling force_add_local_model...
[ 2026-03-22 17:24:53 | node_6 | INFO ] 🎓 Training step done.
[ 2026-03-22 17:24:53 | node_32 | INFO ] ✅ [FORCE] Local model added for round 149. (1/3)
[ 2026-03-22 17:24:53 | node_6 | INFO ] 🛠️ Calling force_add_local_model...
[ 2026-03-22 17:24:53 | node_6 | INFO ] ✅ [FORCE] Local model added for round 148. (1/3)
[ 2026-03-22 17:24:53 | node_19 | INFO ] 🧩 Model added for round 149 (2/3) from ['node_18']
[ 2026-03-22 17:24:53 | node_48 | INFO ] 🎓 Training step done.
[ 2026-03-22 17:24:53 | node_48 | INFO ] 🛠️ Calling force_add_local_model...
[ 2026-03-22 17:24:53 | node_48 | INFO ] ✅ [FORCE] Local model added for round 148. (1/3)
[ 2026-03-22 17:24:53 | node_25 | INFO ] 🧩 Model added for round 149 (2/3) from ['node_24']
[ 2026-03-22 17:24:53 | node_9 | INFO ] 🎓 Training step done.
[ 2026-03-22 17:24:53 | node_23 | INFO ] 🎉 Round 149 of 150 finished.
[ 2026-03-22 17:24:53 | node_9 | INFO ] 🛠️ Calling force_add_local_model...
[ 2026-03-22 17:24:53 | node_9 | INFO ] ✅ [FORCE] Local model added for round 148. (1/3)
[ 2026-03-22 17:24:53 | node_23 | INFO ] 🗳️ [DETERMINISTIC] Train set assigned (No Voting). Size: 50
[ 2026-03-22 17:24:53 | node_23 | INFO ] ♻️ Proactively processing 1 early models for round 149.
[ 2026-03-22 17:24:53 | node_33 | INFO ] 🎓 Training step done.
[ 2026-03-22 17:24:53 | node_20 | INFO ] 📤 Sending model to 2 direct neighbors: ['node_19', 'node_21']
[ 2026-03-22 17:24:53 | node_10 | INFO ] 📈 Evaluated. Results: {'test_loss': 0.0012995223514735699, 'test_accuracy': 0.997031033039093, 'test_precision': 0.5527665615081787, 'test_recall': 0.10850602388381958, 'test_f1': 0.18106494843959808, 'communication_cost': 1457816}
[ 2026-03-22 17:24:53 | node_7 | INFO ] 🎓 Training step done.
[ 2026-03-22 17:24:53 | node_23 | INFO ] 🧩 Model added for round 149 (1/3) from ['node_24']
[ 2026-03-22 17:24:53 | node_33 | INFO ] 🛠️ Calling force_add_local_model...
[ 2026-03-22 17:24:53 | node_26 | INFO ] 📤 Sending model to 2 direct neighbors: ['node_25', 'node_27']
[ 2026-03-22 17:24:53 | node_7 | INFO ] 🛠️ Calling force_add_local_model...
[ 2026-03-22 17:24:53 | node_10 | INFO ] 📢 Broadcasting metrics.
[ 2026-03-22 17:24:53 | node_23 | INFO ] 🏋️‍♀️ Preparing training...
[ 2026-03-22 17:24:53 | node_33 | INFO ] ✅ [FORCE] Local model added for round 149. (1/3)
[ 2026-03-22 17:24:53 | node_7 | INFO ] ✅ [FORCE] Local model added for round 148. (1/3)
[ 2026-03-22 17:24:53 | node_25 | INFO ] 🧩 Model added for round 149 (3/3) from ['node_26']
[ 2026-03-22 17:24:53 | node_19 | INFO ] 🧩 Model added for round 149 (3/3) from ['node_20']
[ 2026-03-22 17:24:53 | node_39 | INFO ] 📈 Evaluated. Results: {'test_loss': 0.0010242158314213157, 'test_accuracy': 0.9975706338882446, 'test_precision': 0.5952072739601135, 'test_recall': 0.3639896512031555, 'test_f1': 0.4447183907032013, 'communication_cost': 1457816}
[ 2026-03-22 17:24:53 | node_39 | INFO ] 📢 Broadcasting metrics.
[ 2026-03-22 17:24:53 | node_16 | INFO ] 🎓 Training step done.
[ 2026-03-22 17:24:53 | node_16 | INFO ] 🛠️ Calling force_add_local_model...
[ 2026-03-22 17:24:53 | node_16 | INFO ] ✅ [FORCE] Local model added for round 149. (1/3)
[ 2026-03-22 17:24:53 | node_46 | INFO ] 🎓 Training step done.
[ 2026-03-22 17:24:53 | node_46 | INFO ] 🛠️ Calling force_add_local_model...
[ 2026-03-22 17:24:53 | node_46 | INFO ] ✅ [FORCE] Local model added for round 148. (1/3)
[ 2026-03-22 17:24:53 | node_11 | INFO ] 📤 Sending model to 2 direct neighbors: ['node_10', 'node_12']
[ 2026-03-22 17:24:53 | node_27 | INFO ] 🧩 Model added for round 149 (2/3) from ['node_26']
[ 2026-03-22 17:24:53 | node_21 | INFO ] 🧩 Model added for round 149 (2/3) from ['node_20']
[ 2026-03-22 17:24:53 | node_45 | INFO ] 🎓 Training step done.
[ 2026-03-22 17:24:54 | node_45 | INFO ] 🛠️ Calling force_add_local_model...
[ 2026-03-22 17:24:54 | node_35 | INFO ] 🎓 Training step done.
[ 2026-03-22 17:24:54 | node_45 | INFO ] ✅ [FORCE] Local model added for round 148. (1/3)
[ 2026-03-22 17:24:54 | node_10 | INFO ] 🎉 Round 148 of 150 finished.
[ 2026-03-22 17:24:54 | node_35 | INFO ] 🛠️ Calling force_add_local_model...
[ 2026-03-22 17:24:54 | node_35 | INFO ] ✅ [FORCE] Local model added for round 149. (1/3)
[ 2026-03-22 17:24:54 | node_10 | INFO ] 🗳️ [DETERMINISTIC] Train set assigned (No Voting). Size: 50
[ 2026-03-22 17:24:54 | node_39 | INFO ] 🎉 Round 149 of 150 finished.
[ 2026-03-22 17:24:54 | node_39 | INFO ] 🗳️ [DETERMINISTIC] Train set assigned (No Voting). Size: 50
[ 2026-03-22 17:24:54 | node_10 | INFO ] 🏋️‍♀️ Preparing training...
[ 2026-03-22 17:24:54 | node_39 | INFO ] 🏋️‍♀️ Preparing training...
[ 2026-03-22 17:24:54 | node_25 | INFO ] 📤 Sending model to 2 direct neighbors: ['node_24', 'node_26']
[ 2026-03-22 17:24:54 | node_10 | INFO ] 🧩 Model added for round 148 (1/3) from ['node_11']
[ 2026-03-22 17:24:54 | node_8 | INFO ] 📤 Sending model to 2 direct neighbors: ['node_7', 'node_9']
[ 2026-03-22 17:24:54 | node_24 | INFO ] 🧩 Model added for round 149 (2/3) from ['node_25']
[ 2026-03-22 17:24:54 | node_40 | INFO ] 🎓 Training step done.
[ 2026-03-22 17:24:54 | node_15 | INFO ] 📈 Evaluated. Results: {'test_loss': 0.0011850557057186961, 'test_accuracy': 0.9971210360527039, 'test_precision': 0.6314889788627625, 'test_recall': 0.16838079690933228, 'test_f1': 0.257396936416626, 'communication_cost': 1457816}
[ 2026-03-22 17:24:54 | node_40 | INFO ] 🛠️ Calling force_add_local_model...
[ 2026-03-22 17:24:54 | node_12 | INFO ] 🧩 Model added for round 148 (2/3) from ['node_11']
[ 2026-03-22 17:24:54 | node_15 | INFO ] 📢 Broadcasting metrics.
[ 2026-03-22 17:24:54 | node_40 | INFO ] ✅ [FORCE] Local model added for round 149. (1/3)
[ 2026-03-22 17:24:54 | node_22 | INFO ] 🎓 Training step done.
[ 2026-03-22 17:24:54 | node_22 | INFO ] 🛠️ Calling force_add_local_model...
[ 2026-03-22 17:24:54 | node_22 | INFO ] ✅ [FORCE] Local model added for round 149. (2/3)
[ 2026-03-22 17:24:54 | node_7 | INFO ] 🧩 Model added for round 148 (2/3) from ['node_8']
[ 2026-03-22 17:24:54 | node_26 | INFO ] 🧩 Model added for round 149 (3/3) from ['node_25']
[ 2026-03-22 17:24:54 | node_15 | INFO ] 🎉 Round 149 of 150 finished.
[ 2026-03-22 17:24:54 | node_15 | INFO ] 🗳️ [DETERMINISTIC] Train set assigned (No Voting). Size: 50
[ 2026-03-22 17:24:54 | node_15 | INFO ] 🏋️‍♀️ Preparing training...
[ 2026-03-22 17:24:54 | node_9 | INFO ] 🧩 Model added for round 148 (2/3) from ['node_8']
[ 2026-03-22 17:24:54 | node_25 | INFO ] 🧠 Aggregation complete. Setting new model.
[ 2026-03-22 17:24:54 | node_26 | INFO ] 🧠 Aggregation complete. Setting new model.
[ 2026-03-22 17:24:54 | node_26 | INFO ] 🗣️ Gossiping aggregated model.
[ 2026-03-22 17:24:54 | node_25 | INFO ] 🗣️ Gossiping aggregated model.
[ 2026-03-22 17:24:54 | node_44 | INFO ] 📤 Sending model to 2 direct neighbors: ['node_43', 'node_45']
[ 2026-03-22 17:24:55 | node_17 | INFO ] 📤 Sending model to 2 direct neighbors: ['node_16', 'node_18']
[ 2026-03-22 17:24:55 | node_43 | INFO ] 🧩 Model added for round 148 (3/3) from ['node_44']
[ 2026-03-22 17:24:55 | node_41 | INFO ] 🎓 Training step done.
[ 2026-03-22 17:24:55 | node_41 | INFO ] 🛠️ Calling force_add_local_model...
[ 2026-03-22 17:24:55 | node_16 | INFO ] 🧩 Model added for round 149 (2/3) from ['node_17']
[ 2026-03-22 17:24:55 | node_43 | INFO ] 🧠 Aggregation complete. Setting new model.
[ 2026-03-22 17:24:55 | node_41 | INFO ] ✅ [FORCE] Local model added for round 149. (1/3)
[ 2026-03-22 17:24:55 | node_43 | INFO ] 🗣️ Gossiping aggregated model.
[ 2026-03-22 17:24:55 | node_45 | INFO ] 🧩 Model added for round 148 (2/3) from ['node_44']
[ 2026-03-22 17:24:55 | node_18 | INFO ] 🧩 Model added for round 149 (2/3) from ['node_17']
[ 2026-03-22 17:24:55 | node_42 | INFO ] 🤫 Gossip finished.
[ 2026-03-22 17:24:55 | node_42 | INFO ] 🔬 Evaluating...
[ 2026-03-22 17:24:55 | node_38 | INFO ] 📤 Sending model to 2 direct neighbors: ['node_37', 'node_39']
[ 2026-03-22 17:24:55 | node_37 | INFO ] 🧩 Model added for round 149 (2/3) from ['node_38']
[ 2026-03-22 17:24:55 | node_3 | INFO ] 📤 Sending model to 2 direct neighbors: ['node_2', 'node_4']
[ 2026-03-22 17:24:56 | node_39 | INFO ] 🧩 Model added for round 149 (1/3) from ['node_38']
[ 2026-03-22 17:24:56 | node | INFO ] 📤 Sending model to 2 direct neighbors: ['node_1', 'node_49']
[ 2026-03-22 17:24:56 | node_2 | INFO ] 🧩 Model added for round 148 (3/3) from ['node_3']
[ 2026-03-22 17:24:56 | node_2 | INFO ] 🧠 Aggregation complete. Setting new model.
[ 2026-03-22 17:24:56 | node_23 | INFO ] 🎓 Training step done.
[ 2026-03-22 17:24:56 | node_1 | INFO ] 🧩 Model added for round 148 (3/3) from ['node']
[ 2026-03-22 17:24:56 | node_34 | INFO ] 📤 Sending model to 2 direct neighbors: ['node_33', 'node_35']
[ 2026-03-22 17:24:56 | node_23 | INFO ] 🛠️ Calling force_add_local_model...
[ 2026-03-22 17:24:56 | node_13 | INFO ] 📤 Sending model to 2 direct neighbors: ['node_12', 'node_14']
[ 2026-03-22 17:24:56 | node_2 | INFO ] 🗣️ Gossiping aggregated model.
[ 2026-03-22 17:24:56 | node_23 | INFO ] ✅ [FORCE] Local model added for round 149. (2/3)
[ 2026-03-22 17:24:56 | node_4 | INFO ] 🧩 Model added for round 148 (2/3) from ['node_3']
[ 2026-03-22 17:24:56 | node_12 | INFO ] 🧩 Model added for round 148 (3/3) from ['node_13']
[ 2026-03-22 17:24:56 | node_33 | INFO ] 🧩 Model added for round 149 (2/3) from ['node_34']
[ 2026-03-22 17:24:56 | node_49 | INFO ] 🧩 Model added for round 148 (2/3) from ['node']
[ 2026-03-22 17:24:56 | node_1 | INFO ] 🧠 Aggregation complete. Setting new model.
[ 2026-03-22 17:24:56 | node_36 | INFO ] 📤 Sending model to 2 direct neighbors: ['node_35', 'node_37']
[ 2026-03-22 17:24:56 | node_10 | INFO ] 🎓 Training step done.
[ 2026-03-22 17:24:56 | node_10 | INFO ] 🛠️ Calling force_add_local_model...
[ 2026-03-22 17:24:56 | node_42 | INFO ] 📈 Evaluated. Results: {'test_loss': 0.001347273588180542, 'test_accuracy': 0.9969407916069031, 'test_precision': 0.8157278895378113, 'test_recall': 0.2318151742219925, 'test_f1': 0.3428434133529663, 'communication_cost': 1457816}
[ 2026-03-22 17:24:56 | node_1 | INFO ] 🗣️ Gossiping aggregated model.
[ 2026-03-22 17:24:56 | node_10 | INFO ] ✅ [FORCE] Local model added for round 148. (2/3)
[ 2026-03-22 17:24:56 | node_42 | INFO ] 📢 Broadcasting metrics.
[ 2026-03-22 17:24:56 | node_28 | INFO ] 📤 Sending model to 2 direct neighbors: ['node_27', 'node_29']
[ 2026-03-22 17:24:56 | node_42 | INFO ] 🎉 Round 149 of 150 finished.
[ 2026-03-22 17:24:57 | node_42 | INFO ] 🗳️ [DETERMINISTIC] Train set assigned (No Voting). Size: 50
[ 2026-03-22 17:24:57 | node_35 | INFO ] 🧩 Model added for round 149 (2/3) from ['node_36']
[ 2026-03-22 17:24:57 | node_42 | INFO ] 🏋️‍♀️ Preparing training...
[ 2026-03-22 17:24:57 | node_14 | INFO ] 🧩 Model added for round 148 (3/3) from ['node_13']
[ 2026-03-22 17:24:57 | node_27 | INFO ] 🧩 Model added for round 149 (3/3) from ['node_28']
[ 2026-03-22 17:24:57 | node_19 | INFO ] 📤 Sending model to 2 direct neighbors: ['node_18', 'node_20']
[ 2026-03-22 17:24:57 | node_35 | INFO ] 🧩 Model added for round 149 (3/3) from ['node_34']
[ 2026-03-22 17:24:57 | node_3 | INFO ] 🧠 Aggregation complete. Setting new model.
[ 2026-03-22 17:24:57 | node_14 | INFO ] 🧠 Aggregation complete. Setting new model.
[ 2026-03-22 17:24:57 | node_37 | INFO ] 🧩 Model added for round 149 (3/3) from ['node_36']
[ 2026-03-22 17:24:57 | node_39 | INFO ] 🎓 Training step done.
[ 2026-03-22 17:24:57 | node_39 | INFO ] 🛠️ Calling force_add_local_model...
[ 2026-03-22 17:24:57 | node_39 | INFO ] ✅ [FORCE] Local model added for round 149. (2/3)
[ 2026-03-22 17:24:57 | node_29 | INFO ] 🧩 Model added for round 149 (2/3) from ['node_28']
[ 2026-03-22 17:24:57 | node_15 | INFO ] 🎓 Training step done.
[ 2026-03-22 17:24:57 | node_27 | INFO ] 🧠 Aggregation complete. Setting new model.
[ 2026-03-22 17:24:57 | node_18 | INFO ] 🧩 Model added for round 149 (3/3) from ['node_19']
[ 2026-03-22 17:24:57 | node_37 | INFO ] 🧠 Aggregation complete. Setting new model.
[ 2026-03-22 17:24:57 | node_15 | INFO ] 🛠️ Calling force_add_local_model...
[ 2026-03-22 17:24:57 | node_3 | INFO ] 🗣️ Gossiping aggregated model.
[ 2026-03-22 17:24:57 | node_14 | INFO ] 🗣️ Gossiping aggregated model.
[ 2026-03-22 17:24:57 | node_49 | INFO ] 📤 Sending model to 2 direct neighbors: ['node', 'node_48']
[ 2026-03-22 17:24:57 | node_37 | INFO ] 🗣️ Gossiping aggregated model.
[ 2026-03-22 17:24:57 | node_27 | INFO ] 🗣️ Gossiping aggregated model.
[ 2026-03-22 17:24:57 | node_31 | INFO ] 📤 Sending model to 2 direct neighbors: ['node_30', 'node_32']
[ 2026-03-22 17:24:57 | node_15 | INFO ] ✅ [FORCE] Local model added for round 149. (1/3)
[ 2026-03-22 17:24:57 | node_47 | INFO ] 📤 Sending model to 2 direct neighbors: ['node_46', 'node_48']
[ 2026-03-22 17:24:57 | node_30 | INFO ] 📤 Sending model to 2 direct neighbors: ['node_29', 'node_31']
[ 2026-03-22 17:24:57 | node_5 | INFO ] 📤 Sending model to 2 direct neighbors: ['node_4', 'node_6']
[ 2026-03-22 17:24:57 | node_26 | INFO ] 🤫 Gossip finished.
[ 2026-03-22 17:24:57 | node_29 | INFO ] 📤 Sending model to 2 direct neighbors: ['node_28', 'node_30']
[ 2026-03-22 17:24:57 | node_26 | INFO ] 🔬 Evaluating...
[ 2026-03-22 17:24:58 | node_30 | INFO ] 🧩 Model added for round 149 (2/3) from ['node_31']
[ 2026-03-22 17:24:58 | node_20 | INFO ] 🧩 Model added for round 149 (3/3) from ['node_19']
[ 2026-03-22 17:24:58 | node | INFO ] 🧩 Model added for round 148 (3/3) from ['node_49']
[ 2026-03-22 17:24:58 | node_46 | INFO ] 🧩 Model added for round 148 (2/3) from ['node_47']
[ 2026-03-22 17:24:58 | node_12 | INFO ] 📤 Sending model to 2 direct neighbors: ['node_11', 'node_13']
[ 2026-03-22 17:24:58 | node_18 | INFO ] 🧠 Aggregation complete. Setting new model.
[ 2026-03-22 17:24:58 | node_32 | INFO ] 📤 Sending model to 2 direct neighbors: ['node_31', 'node_33']
[ 2026-03-22 17:24:58 | node_6 | INFO ] 📤 Sending model to 2 direct neighbors: ['node_5', 'node_7']
[ 2026-03-22 17:24:58 | node_48 | INFO ] 📤 Sending model to 2 direct neighbors: ['node_47', 'node_49']
[ 2026-03-22 17:24:58 | node_18 | INFO ] 🗣️ Gossiping aggregated model.
[ 2026-03-22 17:24:58 | node_9 | INFO ] 📤 Sending model to 2 direct neighbors: ['node_8', 'node_10']
[ 2026-03-22 17:24:58 | node_4 | INFO ] 🧩 Model added for round 148 (3/3) from ['node_5']
[ 2026-03-22 17:24:58 | node_29 | INFO ] 🧩 Model added for round 149 (3/3) from ['node_30']
[ 2026-03-22 17:24:58 | node_33 | INFO ] 📤 Sending model to 2 direct neighbors: ['node_32', 'node_34']
[ 2026-03-22 17:24:58 | node_7 | INFO ] 📤 Sending model to 2 direct neighbors: ['node_6', 'node_8']
[ 2026-03-22 17:24:58 | node_11 | INFO ] 🧩 Model added for round 148 (2/3) from ['node_12']
[ 2026-03-22 17:24:58 | node_32 | INFO ] 🧩 Model added for round 149 (2/3) from ['node_31']
[ 2026-03-22 17:24:58 | node_48 | INFO ] 🧩 Model added for round 148 (2/3) from ['node_47']
[ 2026-03-22 17:24:58 | node_47 | INFO ] 🧩 Model added for round 148 (2/3) from ['node_48']
[ 2026-03-22 17:24:58 | node_28 | INFO ] 🧩 Model added for round 149 (3/3) from ['node_29']
[ 2026-03-22 17:24:58 | node_31 | INFO ] 🧩 Model added for round 149 (2/3) from ['node_32']
[ 2026-03-22 17:24:58 | node_48 | INFO ] 🧩 Model added for round 148 (3/3) from ['node_49']
[ 2026-03-22 17:24:58 | node_5 | INFO ] 🧩 Model added for round 148 (3/3) from ['node_6']
[ 2026-03-22 17:24:58 | node_8 | INFO ] 🧩 Model added for round 148 (2/3) from ['node_9']
[ 2026-03-22 17:24:58 | node_16 | INFO ] 📤 Sending model to 2 direct neighbors: ['node_15', 'node_17']
[ 2026-03-22 17:24:58 | node | INFO ] 🧠 Aggregation complete. Setting new model.
[ 2026-03-22 17:24:58 | node_6 | INFO ] 🧩 Model added for round 148 (2/3) from ['node_5']
[ 2026-03-22 17:24:59 | node_46 | INFO ] 📤 Sending model to 2 direct neighbors: ['node_45', 'node_47']
[ 2026-03-22 17:24:59 | node_20 | INFO ] 🧠 Aggregation complete. Setting new model.
[ 2026-03-22 17:24:59 | node_45 | INFO ] 📤 Sending model to 2 direct neighbors: ['node_44', 'node_46']
[ 2026-03-22 17:24:59 | node_35 | INFO ] 📤 Sending model to 2 direct neighbors: ['node_34', 'node_36']
[ 2026-03-22 17:24:59 | node_32 | INFO ] 🧩 Model added for round 149 (3/3) from ['node_33']
[ 2026-03-22 17:24:59 | node_26 | INFO ] 📈 Evaluated. Results: {'test_loss': 0.0011543974978849292, 'test_accuracy': 0.9970307946205139, 'test_precision': 0.7370883822441101, 'test_recall': 0.1750584840774536, 'test_f1': 0.2816055715084076, 'communication_cost': 1457816}
[ 2026-03-22 17:24:59 | node_6 | INFO ] 🧩 Model added for round 148 (3/3) from ['node_7']
[ 2026-03-22 17:24:59 | node_15 | INFO ] 🧩 Model added for round 149 (2/3) from ['node_16']
[ 2026-03-22 17:24:59 | node_19 | INFO ] 🧠 Aggregation complete. Setting new model.
[ 2026-03-22 17:24:59 | node_31 | INFO ] 🧩 Model added for round 149 (3/3) from ['node_30']
[ 2026-03-22 17:24:59 | node_4 | INFO ] 🧠 Aggregation complete. Setting new model.
[ 2026-03-22 17:24:59 | node_28 | INFO ] 🧠 Aggregation complete. Setting new model.
[ 2026-03-22 17:24:59 | node_2 | INFO ] 🤫 Gossip finished.
[ 2026-03-22 17:24:59 | node | INFO ] 🗣️ Gossiping aggregated model.
[ 2026-03-22 17:24:59 | node_26 | INFO ] 📢 Broadcasting metrics.
[ 2026-03-22 17:24:59 | node_31 | INFO ] 🧠 Aggregation complete. Setting new model.
[ 2026-03-22 17:24:59 | node_2 | INFO ] 🔬 Evaluating...
[ 2026-03-22 17:24:59 | node_30 | INFO ] 🧩 Model added for round 149 (3/3) from ['node_29']
[ 2026-03-22 17:24:59 | node_20 | INFO ] 🗣️ Gossiping aggregated model.
[ 2026-03-22 17:24:59 | node_13 | INFO ] 🧩 Model added for round 148 (3/3) from ['node_12']
[ 2026-03-22 17:24:59 | node_49 | INFO ] 🧩 Model added for round 148 (3/3) from ['node_48']
[ 2026-03-22 17:24:59 | node_40 | INFO ] 📤 Sending model to 2 direct neighbors: ['node_39', 'node_41']
[ 2026-03-22 17:24:59 | node_4 | INFO ] 🗣️ Gossiping aggregated model.
[ 2026-03-22 17:24:59 | node_22 | INFO ] 📤 Sending model to 2 direct neighbors: ['node_21', 'node_23']
[ 2026-03-22 17:24:59 | node_28 | INFO ] 🗣️ Gossiping aggregated model.
[ 2026-03-22 17:24:59 | node_19 | INFO ] 🗣️ Gossiping aggregated model.
[ 2026-03-22 17:24:59 | node_31 | INFO ] 🗣️ Gossiping aggregated model.
[ 2026-03-22 17:24:59 | node_19 | INFO ] 🤫 Gossip finished.
[ 2026-03-22 17:24:59 | node_33 | INFO ] 🧩 Model added for round 149 (3/3) from ['node_32']
[ 2026-03-22 17:24:59 | node_19 | INFO ] 🔬 Evaluating...
[ 2026-03-22 17:24:59 | node_34 | INFO ] 🧩 Model added for round 149 (2/3) from ['node_35']
[ 2026-03-22 17:24:59 | node_44 | INFO ] 🧩 Model added for round 148 (3/3) from ['node_45']
[ 2026-03-22 17:24:59 | node_7 | INFO ] 🧩 Model added for round 148 (3/3) from ['node_6']
[ 2026-03-22 17:24:59 | node_26 | INFO ] 🎉 Round 150 of 150 finished.
[ 2026-03-22 17:24:59 | node_26 | INFO ] 😋 Training finished!!
[ 2026-03-22 17:24:59 | node_3 | INFO ] 🤫 Gossip finished.
[ 2026-03-22 17:24:59 | node_3 | INFO ] 🔬 Evaluating...
[ 2026-03-22 17:24:59 | node_27 | INFO ] 🤫 Gossip finished.
[ 2026-03-22 17:24:59 | node_10 | INFO ] 🧩 Model added for round 148 (3/3) from ['node_9']
[ 2026-03-22 17:24:59 | node_45 | INFO ] 🧩 Model added for round 148 (3/3) from ['node_46']
[ 2026-03-22 17:24:59 | node_27 | INFO ] 🔬 Evaluating...
[ 2026-03-22 17:24:59 | node_34 | INFO ] 🧩 Model added for round 149 (3/3) from ['node_33']
[ 2026-03-22 17:25:00 | node_39 | INFO ] 🧩 Model added for round 149 (3/3) from ['node_40']
[ 2026-03-22 17:25:00 | node_1 | INFO ] 🤫 Gossip finished.
[ 2026-03-22 17:25:00 | node_17 | INFO ] 🧩 Model added for round 149 (3/3) from ['node_16']
[ 2026-03-22 17:25:00 | node_8 | INFO ] 🧩 Model added for round 148 (3/3) from ['node_7']
[ 2026-03-22 17:25:00 | node_36 | INFO ] 🧩 Model added for round 149 (3/3) from ['node_35']
[ 2026-03-22 17:25:00 | node_46 | INFO ] 🧩 Model added for round 148 (3/3) from ['node_45']
[ 2026-03-22 17:25:00 | node_5 | INFO ] 🧠 Aggregation complete. Setting new model.
[ 2026-03-22 17:25:00 | node_13 | INFO ] 🧠 Aggregation complete. Setting new model.
[ 2026-03-22 17:25:00 | node_29 | INFO ] 🧠 Aggregation complete. Setting new model.
[ 2026-03-22 17:25:00 | node_41 | INFO ] 📤 Sending model to 2 direct neighbors: ['node_40', 'node_42']
[ 2026-03-22 17:25:00 | node_44 | INFO ] 🧠 Aggregation complete. Setting new model.
[ 2026-03-22 17:25:00 | node_6 | INFO ] 🧠 Aggregation complete. Setting new model.
[ 2026-03-22 17:25:00 | node_49 | INFO ] 🧠 Aggregation complete. Setting new model.
[ 2026-03-22 17:25:00 | node_34 | INFO ] 🧠 Aggregation complete. Setting new model.
[ 2026-03-22 17:25:00 | node_12 | INFO ] 🧠 Aggregation complete. Setting new model.
[ 2026-03-22 17:25:00 | node_32 | INFO ] 🧠 Aggregation complete. Setting new model.
[ 2026-03-22 17:25:00 | node_30 | INFO ] 🧠 Aggregation complete. Setting new model.
[ 2026-03-22 17:25:00 | node_48 | INFO ] 🧠 Aggregation complete. Setting new model.
[ 2026-03-22 17:25:00 | node_1 | INFO ] 🔬 Evaluating...
[ 2026-03-22 17:25:00 | node_21 | INFO ] 🧩 Model added for round 149 (3/3) from ['node_22']
[ 2026-03-22 17:25:00 | node_12 | INFO ] 🗣️ Gossiping aggregated model.
[ 2026-03-22 17:25:00 | node_13 | INFO ] 🗣️ Gossiping aggregated model.
[ 2026-03-22 17:25:00 | node_49 | INFO ] 🗣️ Gossiping aggregated model.
[ 2026-03-22 17:25:00 | node_13 | INFO ] 🤫 Gossip finished.
[ 2026-03-22 17:25:00 | node_29 | INFO ] 🗣️ Gossiping aggregated model.
[ 2026-03-22 17:25:00 | node_48 | INFO ] 🗣️ Gossiping aggregated model.
[ 2026-03-22 17:25:00 | node_32 | INFO ] 🗣️ Gossiping aggregated model.
[ 2026-03-22 17:25:00 | node_29 | INFO ] 🤫 Gossip finished.
[ 2026-03-22 17:25:00 | node_44 | INFO ] 🗣️ Gossiping aggregated model.
[ 2026-03-22 17:25:00 | node_49 | INFO ] 🤫 Gossip finished.
[ 2026-03-22 17:25:00 | node_30 | INFO ] 🗣️ Gossiping aggregated model.
[ 2026-03-22 17:25:00 | node_34 | INFO ] 🗣️ Gossiping aggregated model.
[ 2026-03-22 17:25:00 | node_6 | INFO ] 🗣️ Gossiping aggregated model.
[ 2026-03-22 17:25:00 | node_13 | INFO ] 🔬 Evaluating...
[ 2026-03-22 17:25:00 | node_5 | INFO ] 🗣️ Gossiping aggregated model.
[ 2026-03-22 17:25:00 | node_30 | INFO ] 🤫 Gossip finished.
[ 2026-03-22 17:25:00 | node_29 | INFO ] 🔬 Evaluating...
[ 2026-03-22 17:25:00 | node_42 | INFO ] 🎓 Training step done.
[ 2026-03-22 17:25:00 | node_5 | INFO ] 🤫 Gossip finished.
[ 2026-03-22 17:25:00 | node_49 | INFO ] 🔬 Evaluating...
[ 2026-03-22 17:25:00 | node_40 | INFO ] 🧩 Model added for round 149 (2/3) from ['node_41']
[ 2026-03-22 17:25:00 | node_42 | INFO ] 🛠️ Calling force_add_local_model...
[ 2026-03-22 17:25:00 | node_41 | INFO ] 🧩 Model added for round 149 (2/3) from ['node_40']
[ 2026-03-22 17:25:00 | node_47 | INFO ] 🧩 Model added for round 148 (3/3) from ['node_46']
[ 2026-03-22 17:25:00 | node_33 | INFO ] 🧠 Aggregation complete. Setting new model.
[ 2026-03-22 17:25:00 | node_23 | INFO ] 🧩 Model added for round 149 (3/3) from ['node_22']
[ 2026-03-22 17:25:00 | node_8 | INFO ] 🧠 Aggregation complete. Setting new model.
[ 2026-03-22 17:25:00 | node_30 | INFO ] 🔬 Evaluating...
[ 2026-03-22 17:25:00 | node_43 | INFO ] 🤫 Gossip finished.
[ 2026-03-22 17:25:00 | node_5 | INFO ] 🔬 Evaluating...
[ 2026-03-22 17:25:01 | node_2 | INFO ] 📈 Evaluated. Results: {'test_loss': 0.001222049118950963, 'test_accuracy': 0.996941089630127, 'test_precision': 0.4913480281829834, 'test_recall': 0.1921296864748001, 'test_f1': 0.25795769691467285, 'communication_cost': 1457816}
[ 2026-03-22 17:25:01 | node_43 | INFO ] 🔬 Evaluating...
[ 2026-03-22 17:25:01 | node_2 | INFO ] 📢 Broadcasting metrics.
[ 2026-03-22 17:25:01 | node_42 | INFO ] ✅ [FORCE] Local model added for round 149. (1/3)
[ 2026-03-22 17:25:01 | node_33 | INFO ] 🗣️ Gossiping aggregated model.
[ 2026-03-22 17:25:01 | node_8 | INFO ] 🗣️ Gossiping aggregated model.
[ 2026-03-22 17:25:01 | node_36 | INFO ] 🧠 Aggregation complete. Setting new model.
[ 2026-03-22 17:25:01 | node_33 | INFO ] 🤫 Gossip finished.
[ 2026-03-22 17:25:01 | node_33 | INFO ] 🔬 Evaluating...
[ 2026-03-22 17:25:01 | node_7 | INFO ] 🧠 Aggregation complete. Setting new model.
[ 2026-03-22 17:25:01 | node_23 | INFO ] 📤 Sending model to 2 direct neighbors: ['node_22', 'node_24']
[ 2026-03-22 17:25:01 | node_14 | INFO ] 🤫 Gossip finished.
[ 2026-03-22 17:25:01 | node_19 | INFO ] 📈 Evaluated. Results: {'test_loss': 0.0011610963847488165, 'test_accuracy': 0.9973006844520569, 'test_precision': 0.8157278895378113, 'test_recall': 0.3026096522808075, 'test_f1': 0.43573689460754395, 'communication_cost': 1457816}
[ 2026-03-22 17:25:01 | node_42 | INFO ] 🧩 Model added for round 149 (2/3) from ['node_41']
[ 2026-03-22 17:25:01 | node_19 | INFO ] 📢 Broadcasting metrics.
[ 2026-03-22 17:25:01 | node_14 | INFO ] 🔬 Evaluating...
[ 2026-03-22 17:25:01 | node_35 | INFO ] 🧠 Aggregation complete. Setting new model.
[ 2026-03-22 17:25:01 | node_3 | INFO ] 📈 Evaluated. Results: {'test_loss': 0.0017719011520966887, 'test_accuracy': 0.9961313605308533, 'test_precision': 0.5639286041259766, 'test_recall': 0.31750625371932983, 'test_f1': 0.35961484909057617, 'communication_cost': 1457816}
[ 2026-03-22 17:25:01 | node_21 | INFO ] 🧠 Aggregation complete. Setting new model.
[ 2026-03-22 17:25:01 | node_17 | INFO ] 🧠 Aggregation complete. Setting new model.
[ 2026-03-22 17:25:01 | node_36 | INFO ] 🗣️ Gossiping aggregated model.
[ 2026-03-22 17:25:01 | node_3 | INFO ] 📢 Broadcasting metrics.
[ 2026-03-22 17:25:01 | node_7 | INFO ] 🗣️ Gossiping aggregated model.
[ 2026-03-22 17:25:01 | node_47 | INFO ] 🧠 Aggregation complete. Setting new model.
[ 2026-03-22 17:25:01 | node_7 | INFO ] 🤫 Gossip finished.
[ 2026-03-22 17:25:01 | node_10 | INFO ] 📤 Sending model to 2 direct neighbors: ['node_9', 'node_11']
[ 2026-03-22 17:25:01 | node_35 | INFO ] 🗣️ Gossiping aggregated model.
[ 2026-03-22 17:25:01 | node_17 | INFO ] 🗣️ Gossiping aggregated model.
[ 2026-03-22 17:25:01 | node_21 | INFO ] 🗣️ Gossiping aggregated model.
[ 2026-03-22 17:25:01 | node_47 | INFO ] 🗣️ Gossiping aggregated model.
[ 2026-03-22 17:25:01 | node_7 | INFO ] 🔬 Evaluating...
[ 2026-03-22 17:25:01 | node_45 | INFO ] 🧠 Aggregation complete. Setting new model.
[ 2026-03-22 17:25:01 | node_2 | INFO ] 🎉 Round 149 of 150 finished.
[ 2026-03-22 17:25:01 | node_27 | INFO ] 📈 Evaluated. Results: {'test_loss': 0.0013572879834100604, 'test_accuracy': 0.9965808987617493, 'test_precision': 0.6314558386802673, 'test_recall': 0.13406187295913696, 'test_f1': 0.21629418432712555, 'communication_cost': 1457816}
[ 2026-03-22 17:25:01 | node_46 | INFO ] 🧠 Aggregation complete. Setting new model.
[ 2026-03-22 17:25:01 | node_2 | INFO ] 🗳️ [DETERMINISTIC] Train set assigned (No Voting). Size: 50
[ 2026-03-22 17:25:01 | node_19 | INFO ] 🎉 Round 150 of 150 finished.
[ 2026-03-22 17:25:02 | node_27 | INFO ] 📢 Broadcasting metrics.
[ 2026-03-22 17:25:02 | node_19 | INFO ] 😋 Training finished!!
[ 2026-03-22 17:25:02 | node_22 | INFO ] 🧩 Model added for round 149 (3/3) from ['node_23']
[ 2026-03-22 17:25:02 | node_2 | INFO ] 🏋️‍♀️ Preparing training...
[ 2026-03-22 17:25:02 | node_45 | INFO ] 🗣️ Gossiping aggregated model.
[ 2026-03-22 17:25:02 | node_45 | INFO ] 🤫 Gossip finished.
[ 2026-03-22 17:25:02 | node_3 | INFO ] 🎉 Round 149 of 150 finished.
[ 2026-03-22 17:25:02 | node_45 | INFO ] 🔬 Evaluating...
[ 2026-03-22 17:25:02 | node_46 | INFO ] 🗣️ Gossiping aggregated model.
[ 2026-03-22 17:25:02 | node_46 | INFO ] 🤫 Gossip finished.
[ 2026-03-22 17:25:02 | node_3 | INFO ] 🗳️ [DETERMINISTIC] Train set assigned (No Voting). Size: 50
[ 2026-03-22 17:25:02 | node_9 | INFO ] 🧩 Model added for round 148 (3/3) from ['node_10']
[ 2026-03-22 17:25:02 | node_46 | INFO ] 🔬 Evaluating...
[ 2026-03-22 17:25:02 | node_3 | INFO ] 🏋️‍♀️ Preparing training...
[ 2026-03-22 17:25:02 | node_28 | INFO ] 🤫 Gossip finished.
[ 2026-03-22 17:25:02 | node_4 | INFO ] 🤫 Gossip finished.
[ 2026-03-22 17:25:02 | node_28 | INFO ] 🔬 Evaluating...
[ 2026-03-22 17:25:02 | node_39 | INFO ] 📤 Sending model to 2 direct neighbors: ['node_38', 'node_40']
[ 2026-03-22 17:25:02 | node_24 | INFO ] 🧩 Model added for round 149 (3/3) from ['node_23']
[ 2026-03-22 17:25:02 | node_22 | INFO ] 🧠 Aggregation complete. Setting new model.
[ 2026-03-22 17:25:02 | node_20 | INFO ] 🤫 Gossip finished.
[ 2026-03-22 17:25:02 | node_9 | INFO ] 🧠 Aggregation complete. Setting new model.
[ 2026-03-22 17:25:02 | node_4 | INFO ] 🔬 Evaluating...
[ 2026-03-22 17:25:02 | node_24 | INFO ] 🧠 Aggregation complete. Setting new model.
[ 2026-03-22 17:25:02 | node_20 | INFO ] 🔬 Evaluating...
[ 2026-03-22 17:25:02 | node_1 | INFO ] 📈 Evaluated. Results: {'test_loss': 0.0013204970164224505, 'test_accuracy': 0.997031033039093, 'test_precision': 0.5834757685661316, 'test_recall': 0.161735400557518, 'test_f1': 0.24102109670639038, 'communication_cost': 1457816}
[ 2026-03-22 17:25:02 | node_11 | INFO ] 🧩 Model added for round 148 (3/3) from ['node_10']
[ 2026-03-22 17:25:02 | node | INFO ] 🤫 Gossip finished.
[ 2026-03-22 17:25:02 | node_15 | INFO ] 📤 Sending model to 2 direct neighbors: ['node_14', 'node_16']
[ 2026-03-22 17:25:02 | node_1 | INFO ] 📢 Broadcasting metrics.
[ 2026-03-22 17:25:02 | node_11 | INFO ] 🧠 Aggregation complete. Setting new model.
[ 2026-03-22 17:25:02 | node_38 | INFO ] 🧩 Model added for round 149 (3/3) from ['node_39']
[ 2026-03-22 17:25:02 | node_38 | INFO ] 🧠 Aggregation complete. Setting new model.
[ 2026-03-22 17:25:02 | node_22 | INFO ] 🗣️ Gossiping aggregated model.
[ 2026-03-22 17:25:02 | node_27 | INFO ] 🎉 Round 150 of 150 finished.
[ 2026-03-22 17:25:02 | node | INFO ] 🔬 Evaluating...
[ 2026-03-22 17:25:02 | node_9 | INFO ] 🗣️ Gossiping aggregated model.
[ 2026-03-22 17:25:02 | node_27 | INFO ] 😋 Training finished!!
[ 2026-03-22 17:25:02 | node_18 | INFO ] 🤫 Gossip finished.
[ 2026-03-22 17:25:02 | node_23 | INFO ] 🧠 Aggregation complete. Setting new model.
[ 2026-03-22 17:25:02 | node_24 | INFO ] 🗣️ Gossiping aggregated model.
[ 2026-03-22 17:25:02 | node_18 | INFO ] 🔬 Evaluating...
[ 2026-03-22 17:25:03 | node_10 | INFO ] 🧠 Aggregation complete. Setting new model.
[ 2026-03-22 17:25:03 | node_11 | INFO ] 🗣️ Gossiping aggregated model.
[ 2026-03-22 17:25:03 | node_37 | INFO ] 🤫 Gossip finished.
[ 2026-03-22 17:25:03 | node_31 | INFO ] 🤫 Gossip finished.
[ 2026-03-22 17:25:03 | node_6 | INFO ] 🤫 Gossip finished.
[ 2026-03-22 17:25:03 | node_38 | INFO ] 🗣️ Gossiping aggregated model.
[ 2026-03-22 17:25:03 | node_23 | INFO ] 🗣️ Gossiping aggregated model.
[ 2026-03-22 17:25:03 | node_37 | INFO ] 🔬 Evaluating...
[ 2026-03-22 17:25:03 | node_31 | INFO ] 🔬 Evaluating...
[ 2026-03-22 17:25:03 | node_23 | INFO ] 🤫 Gossip finished.
[ 2026-03-22 17:25:03 | node_6 | INFO ] 🔬 Evaluating...
[ 2026-03-22 17:25:03 | node_13 | INFO ] 📈 Evaluated. Results: {'test_loss': 0.001114407554268837, 'test_accuracy': 0.9972109794616699, 'test_precision': 0.8157444596290588, 'test_recall': 0.3037208318710327, 'test_f1': 0.4216090440750122, 'communication_cost': 1457816}
[ 2026-03-22 17:25:03 | node_16 | INFO ] 🧩 Model added for round 149 (3/3) from ['node_15']
[ 2026-03-22 17:25:03 | node_13 | INFO ] 📢 Broadcasting metrics.
[ 2026-03-22 17:25:03 | node_23 | INFO ] 🔬 Evaluating...
[ 2026-03-22 17:25:03 | node_10 | INFO ] 🗣️ Gossiping aggregated model.
[ 2026-03-22 17:25:03 | node_10 | INFO ] 🤫 Gossip finished.
[ 2026-03-22 17:25:03 | node_29 | INFO ] 📈 Evaluated. Results: {'test_loss': 0.0012868073536083102, 'test_accuracy': 0.9964908957481384, 'test_precision': 0.7754784226417542, 'test_recall': 0.35044026374816895, 'test_f1': 0.46488016843795776, 'communication_cost': 1457816}
[ 2026-03-22 17:25:03 | node_49 | INFO ] 📈 Evaluated. Results: {'test_loss': 0.0015057489508762956, 'test_accuracy': 0.996850848197937, 'test_precision': 0.6142403483390808, 'test_recall': 0.1896234154701233, 'test_f1': 0.28564321994781494, 'communication_cost': 1457816}
[ 2026-03-22 17:25:03 | node_5 | INFO ] 📈 Evaluated. Results: {'test_loss': 0.0014764131046831608, 'test_accuracy': 0.9964912533760071, 'test_precision': 0.6448943018913269, 'test_recall': 0.16012682020664215, 'test_f1': 0.2518158555030823, 'communication_cost': 1457816}
[ 2026-03-22 17:25:03 | node_40 | INFO ] 🧩 Model added for round 149 (3/3) from ['node_39']
[ 2026-03-22 17:25:03 | node_29 | INFO ] 📢 Broadcasting metrics.
[ 2026-03-22 17:25:03 | node_16 | INFO ] 🧠 Aggregation complete. Setting new model.
[ 2026-03-22 17:25:03 | node_49 | INFO ] 📢 Broadcasting metrics.
[ 2026-03-22 17:25:03 | node_10 | INFO ] 🔬 Evaluating...
[ 2026-03-22 17:25:03 | node_5 | INFO ] 📢 Broadcasting metrics.
[ 2026-03-22 17:25:03 | node_47 | INFO ] 🤫 Gossip finished.
[ 2026-03-22 17:25:03 | node_40 | INFO ] 🧠 Aggregation complete. Setting new model.
[ 2026-03-22 17:25:03 | node_48 | INFO ] 🤫 Gossip finished.
[ 2026-03-22 17:25:04 | node_47 | INFO ] 🔬 Evaluating...
[ 2026-03-22 17:25:04 | node_48 | INFO ] 🔬 Evaluating...
[ 2026-03-22 17:25:04 | node_1 | INFO ] 🎉 Round 149 of 150 finished.
[ 2026-03-22 17:25:04 | node_21 | INFO ] 🤫 Gossip finished.
[ 2026-03-22 17:25:04 | node_1 | INFO ] 🗳️ [DETERMINISTIC] Train set assigned (No Voting). Size: 50
[ 2026-03-22 17:25:04 | node_21 | INFO ] 🔬 Evaluating...
[ 2026-03-22 17:25:04 | node_33 | INFO ] 📈 Evaluated. Results: {'test_loss': 0.0016935409512370825, 'test_accuracy': 0.9962210059165955, 'test_precision': 0.460680216550827, 'test_recall': 0.0742207020521164, 'test_f1': 0.1263580024242401, 'communication_cost': 1457816}
[ 2026-03-22 17:25:04 | node_16 | INFO ] 🗣️ Gossiping aggregated model.
[ 2026-03-22 17:25:04 | node_39 | INFO ] 🧠 Aggregation complete. Setting new model.
[ 2026-03-22 17:25:04 | node_8 | INFO ] 🤫 Gossip finished.
[ 2026-03-22 17:25:04 | node_44 | INFO ] 🤫 Gossip finished.
[ 2026-03-22 17:25:04 | node_40 | INFO ] 🗣️ Gossiping aggregated model.
[ 2026-03-22 17:25:04 | node_33 | INFO ] 📢 Broadcasting metrics.
[ 2026-03-22 17:25:04 | node_8 | INFO ] 🔬 Evaluating...
[ 2026-03-22 17:25:04 | node_30 | INFO ] 📈 Evaluated. Results: {'test_loss': 0.001129484735429287, 'test_accuracy': 0.9972107410430908, 'test_precision': 0.8292244076728821, 'test_recall': 0.3062426447868347, 'test_f1': 0.4459323287010193, 'communication_cost': 1457816}
[ 2026-03-22 17:25:04 | node_44 | INFO ] 🔬 Evaluating...
[ 2026-03-22 17:25:04 | node_1 | INFO ] 🏋️‍♀️ Preparing training...
[ 2026-03-22 17:25:04 | node_43 | INFO ] 📈 Evaluated. Results: {'test_loss': 0.0014331777347251773, 'test_accuracy': 0.9961310029029846, 'test_precision': 0.36854419112205505, 'test_recall': 0.04679926484823227, 'test_f1': 0.08292243629693985, 'communication_cost': 1457816}
[ 2026-03-22 17:25:04 | node_39 | INFO ] 🗣️ Gossiping aggregated model.
[ 2026-03-22 17:25:04 | node_30 | INFO ] 📢 Broadcasting metrics.
[ 2026-03-22 17:25:04 | node_39 | INFO ] 🤫 Gossip finished.
[ 2026-03-22 17:25:04 | node_43 | INFO ] 📢 Broadcasting metrics.
[ 2026-03-22 17:25:04 | node_39 | INFO ] 🔬 Evaluating...
[ 2026-03-22 17:25:04 | node_13 | INFO ] 🎉 Round 149 of 150 finished.
[ 2026-03-22 17:25:04 | node_13 | INFO ] 🗳️ [DETERMINISTIC] Train set assigned (No Voting). Size: 50
[ 2026-03-22 17:25:04 | node_34 | INFO ] 🤫 Gossip finished.
[ 2026-03-22 17:25:04 | node_29 | INFO ] 🎉 Round 150 of 150 finished.
[ 2026-03-22 17:25:04 | node_4 | INFO ] 📈 Evaluated. Results: {'test_loss': 0.0012892454396933317, 'test_accuracy': 0.996941089630127, 'test_precision': 1.0, 'test_recall': 0.36529722809791565, 'test_f1': 0.5280020236968994, 'communication_cost': 1457816}
[ 2026-03-22 17:25:04 | node_5 | INFO ] 🎉 Round 149 of 150 finished.
[ 2026-03-22 17:25:04 | node_34 | INFO ] 🔬 Evaluating...
[ 2026-03-22 17:25:04 | node_13 | INFO ] 🏋️‍♀️ Preparing training...
[ 2026-03-22 17:25:04 | node_29 | INFO ] 😋 Training finished!!
[ 2026-03-22 17:25:04 | node_5 | INFO ] 🗳️ [DETERMINISTIC] Train set assigned (No Voting). Size: 50
[ 2026-03-22 17:25:04 | node_28 | INFO ] 📈 Evaluated. Results: {'test_loss': 0.00102996698115021, 'test_accuracy': 0.9969407916069031, 'test_precision': 0.7831563949584961, 'test_recall': 0.3258664608001709, 'test_f1': 0.4513833820819855, 'communication_cost': 1457816}
[ 2026-03-22 17:25:04 | node_4 | INFO ] 📢 Broadcasting metrics.
[ 2026-03-22 17:25:04 | node_49 | INFO ] 🎉 Round 149 of 150 finished.
[ 2026-03-22 17:25:04 | node_7 | INFO ] 📈 Evaluated. Results: {'test_loss': 0.001315611181780696, 'test_accuracy': 0.9965811967849731, 'test_precision': 0.5527665615081787, 'test_recall': 0.1433098465204239, 'test_f1': 0.221106618642807, 'communication_cost': 1457816}
[ 2026-03-22 17:25:04 | node_28 | INFO ] 📢 Broadcasting metrics.
[ 2026-03-22 17:25:04 | node_7 | INFO ] 📢 Broadcasting metrics.
[ 2026-03-22 17:25:04 | node_5 | INFO ] 🏋️‍♀️ Preparing training...
[ 2026-03-22 17:25:04 | node_33 | INFO ] 🎉 Round 150 of 150 finished.
[ 2026-03-22 17:25:04 | node_49 | INFO ] 🗳️ [DETERMINISTIC] Train set assigned (No Voting). Size: 50
[ 2026-03-22 17:25:04 | node_33 | INFO ] 😋 Training finished!!
[ 2026-03-22 17:25:04 | node_49 | INFO ] 🏋️‍♀️ Preparing training...
[ 2026-03-22 17:25:05 | node_30 | INFO ] 🎉 Round 150 of 150 finished.
[ 2026-03-22 17:25:05 | node_30 | INFO ] 😋 Training finished!!
[ 2026-03-22 17:25:05 | node_43 | INFO ] 🎉 Round 149 of 150 finished.
[ 2026-03-22 17:25:05 | node_43 | INFO ] 🗳️ [DETERMINISTIC] Train set assigned (No Voting). Size: 50
[ 2026-03-22 17:25:05 | node_9 | INFO ] 🤫 Gossip finished.
[ 2026-03-22 17:25:05 | node_9 | INFO ] 🔬 Evaluating...
[ 2026-03-22 17:25:05 | node_43 | INFO ] 🏋️‍♀️ Preparing training...
[ 2026-03-22 17:25:05 | node_4 | INFO ] 🎉 Round 149 of 150 finished.
[ 2026-03-22 17:25:05 | node_17 | INFO ] 🤫 Gossip finished.
[ 2026-03-22 17:25:05 | node_20 | INFO ] 📈 Evaluated. Results: {'test_loss': 0.001092156977392733, 'test_accuracy': 0.9973006844520569, 'test_precision': 0.8157278895378113, 'test_recall': 0.28342047333717346, 'test_f1': 0.39474719762802124, 'communication_cost': 1457816}
[ 2026-03-22 17:25:05 | node_28 | INFO ] 🎉 Round 150 of 150 finished.
[ 2026-03-22 17:25:05 | node_14 | INFO ] 📈 Evaluated. Results: {'test_loss': 0.0012745368294417858, 'test_accuracy': 0.9968510866165161, 'test_precision': 0.9212775826454163, 'test_recall': 0.20313306152820587, 'test_f1': 0.3150904178619385, 'communication_cost': 1457816}
[ 2026-03-22 17:25:05 | node_20 | INFO ] 📢 Broadcasting metrics.
[ 2026-03-22 17:25:05 | node_4 | INFO ] 🗳️ [DETERMINISTIC] Train set assigned (No Voting). Size: 50
[ 2026-03-22 17:25:05 | node_28 | INFO ] 😋 Training finished!!
[ 2026-03-22 17:25:05 | node_17 | INFO ] 🔬 Evaluating...
[ 2026-03-22 17:25:05 | node_14 | INFO ] 📢 Broadcasting metrics.
[ 2026-03-22 17:25:05 | node_7 | INFO ] 🎉 Round 149 of 150 finished.
[ 2026-03-22 17:25:05 | node_7 | INFO ] 🗳️ [DETERMINISTIC] Train set assigned (No Voting). Size: 50
[ 2026-03-22 17:25:05 | node_4 | INFO ] 🏋️‍♀️ Preparing training...
[ 2026-03-22 17:25:05 | node_38 | INFO ] 🤫 Gossip finished.
[ 2026-03-22 17:25:05 | node_7 | INFO ] 🏋️‍♀️ Preparing training...
[ 2026-03-22 17:25:05 | node_38 | INFO ] 🔬 Evaluating...
[ 2026-03-22 17:25:06 | node_37 | INFO ] 📈 Evaluated. Results: {'test_loss': 0.0010766605846583843, 'test_accuracy': 0.9970307946205139, 'test_precision': 0.7305072546005249, 'test_recall': 0.37161538004875183, 'test_f1': 0.4788282513618469, 'communication_cost': 1457816}
[ 2026-03-22 17:25:06 | node_6 | INFO ] 📈 Evaluated. Results: {'test_loss': 0.0012218063930049539, 'test_accuracy': 0.996941089630127, 'test_precision': 0.8157444596290588, 'test_recall': 0.24512016773223877, 'test_f1': 0.372141033411026, 'communication_cost': 1457816}
[ 2026-03-22 17:25:06 | node_37 | INFO ] 📢 Broadcasting metrics.
[ 2026-03-22 17:25:06 | node_6 | INFO ] 📢 Broadcasting metrics.
[ 2026-03-22 17:25:06 | node_42 | INFO ] 📤 Sending model to 2 direct neighbors: ['node_41', 'node_43']
[ 2026-03-22 17:25:06 | node_41 | INFO ] 🧩 Model added for round 149 (3/3) from ['node_42']
[ 2026-03-22 17:25:06 | node_41 | INFO ] 🧠 Aggregation complete. Setting new model.
[ 2026-03-22 17:25:06 | node_14 | INFO ] 🎉 Round 149 of 150 finished.
[ 2026-03-22 17:25:06 | node_20 | INFO ] 🎉 Round 150 of 150 finished.
[ 2026-03-22 17:25:06 | node_20 | INFO ] 😋 Training finished!!
[ 2026-03-22 17:25:06 | node_14 | INFO ] 🗳️ [DETERMINISTIC] Train set assigned (No Voting). Size: 50
[ 2026-03-22 17:25:06 | node_46 | INFO ] 📈 Evaluated. Results: {'test_loss': 0.0015079190488904715, 'test_accuracy': 0.9964908957481384, 'test_precision': 0.8157278895378113, 'test_recall': 0.16271312534809113, 'test_f1': 0.2609447240829468, 'communication_cost': 1457816}
[ 2026-03-22 17:25:06 | node_46 | INFO ] 📢 Broadcasting metrics.
[ 2026-03-22 17:25:06 | node_14 | INFO ] ♻️ Proactively processing 1 early models for round 149.
[ 2026-03-22 17:25:06 | node_18 | INFO ] 📈 Evaluated. Results: {'test_loss': 0.0012650454882532358, 'test_accuracy': 0.997031033039093, 'test_precision': 1.0, 'test_recall': 0.2197423279285431, 'test_f1': 0.33581677079200745, 'communication_cost': 1457816}
[ 2026-03-22 17:25:06 | node_41 | INFO ] 🗣️ Gossiping aggregated model.
[ 2026-03-22 17:25:06 | node_14 | INFO ] 🧩 Model added for round 149 (1/3) from ['node_15']
[ 2026-03-22 17:25:06 | node_18 | INFO ] 📢 Broadcasting metrics.
[ 2026-03-22 17:25:06 | node_14 | INFO ] 🏋️‍♀️ Preparing training...
[ 2026-03-22 17:25:06 | node_6 | INFO ] 🎉 Round 149 of 150 finished.
[ 2026-03-22 17:25:06 | node_43 | INFO ] 🧩 Model added for round 149 (1/3) from ['node_42']
[ 2026-03-22 17:25:06 | node_37 | INFO ] 🎉 Round 150 of 150 finished.
[ 2026-03-22 17:25:06 | node_45 | INFO ] 📈 Evaluated. Results: {'test_loss': 0.0011455572675913572, 'test_accuracy': 0.9974806308746338, 'test_precision': 0.8157278895378113, 'test_recall': 0.33622974157333374, 'test_f1': 0.45334339141845703, 'communication_cost': 1457816}
[ 2026-03-22 17:25:06 | node_48 | INFO ] 📈 Evaluated. Results: {'test_loss': 0.0015491226222366095, 'test_accuracy': 0.9966708421707153, 'test_precision': 0.921360433101654, 'test_recall': 0.20423489809036255, 'test_f1': 0.32541853189468384, 'communication_cost': 1457816}
[ 2026-03-22 17:25:06 | node_37 | INFO ] 😋 Training finished!!
[ 2026-03-22 17:25:07 | node_45 | INFO ] 📢 Broadcasting metrics.
[ 2026-03-22 17:25:07 | node_48 | INFO ] 📢 Broadcasting metrics.
[ 2026-03-22 17:25:07 | node_6 | INFO ] 🗳️ [DETERMINISTIC] Train set assigned (No Voting). Size: 50
[ 2026-03-22 17:25:07 | node_6 | INFO ] 🏋️‍♀️ Preparing training...
[ 2026-03-22 17:25:07 | node_46 | INFO ] 🎉 Round 149 of 150 finished.
[ 2026-03-22 17:25:07 | node_18 | INFO ] 🎉 Round 150 of 150 finished.
[ 2026-03-22 17:25:07 | node_44 | INFO ] 📈 Evaluated. Results: {'test_loss': 0.0011319923214614391, 'test_accuracy': 0.9974806308746338, 'test_precision': 1.0, 'test_recall': 0.288626104593277, 'test_f1': 0.43804672360420227, 'communication_cost': 1457816}
[ 2026-03-22 17:25:07 | node_46 | INFO ] 🗳️ [DETERMINISTIC] Train set assigned (No Voting). Size: 50
[ 2026-03-22 17:25:07 | node_18 | INFO ] 😋 Training finished!!
[ 2026-03-22 17:25:07 | node_44 | INFO ] 📢 Broadcasting metrics.
[ 2026-03-22 17:25:07 | node_46 | INFO ] 🏋️‍♀️ Preparing training...
[ 2026-03-22 17:25:07 | node_48 | INFO ] 🎉 Round 149 of 150 finished.
[ 2026-03-22 17:25:07 | node_34 | INFO ] 📈 Evaluated. Results: {'test_loss': 0.0011328866239637136, 'test_accuracy': 0.9973006844520569, 'test_precision': 0.5528162717819214, 'test_recall': 0.17414724826812744, 'test_f1': 0.2615639865398407, 'communication_cost': 1457816}
[ 2026-03-22 17:25:07 | node_45 | INFO ] 🎉 Round 149 of 150 finished.
[ 2026-03-22 17:25:07 | node_34 | INFO ] 📢 Broadcasting metrics.
[ 2026-03-22 17:25:07 | node_48 | INFO ] 🗳️ [DETERMINISTIC] Train set assigned (No Voting). Size: 50
[ 2026-03-22 17:25:07 | node_45 | INFO ] 🗳️ [DETERMINISTIC] Train set assigned (No Voting). Size: 50
[ 2026-03-22 17:25:07 | node_48 | INFO ] 🏋️‍♀️ Preparing training...
[ 2026-03-22 17:25:07 | node_45 | INFO ] 🏋️‍♀️ Preparing training...
[ 2026-03-22 17:25:07 | node | INFO ] 📈 Evaluated. Results: {'test_loss': 0.0013923702063038945, 'test_accuracy': 0.9966711401939392, 'test_precision': 0.8310991525650024, 'test_recall': 0.28880491852760315, 'test_f1': 0.4243466258049011, 'communication_cost': 1457816}
[ 2026-03-22 17:25:07 | node | INFO ] 📢 Broadcasting metrics.
[ 2026-03-22 17:25:08 | node_40 | INFO ] 🤫 Gossip finished.
[ 2026-03-22 17:25:08 | node_44 | INFO ] 🎉 Round 149 of 150 finished.
[ 2026-03-22 17:25:08 | node_40 | INFO ] 🔬 Evaluating...
[ 2026-03-22 17:25:08 | node_10 | INFO ] 📈 Evaluated. Results: {'test_loss': 0.001295932219363749, 'test_accuracy': 0.997031033039093, 'test_precision': 0.5527665615081787, 'test_recall': 0.10850602388381958, 'test_f1': 0.18106494843959808, 'communication_cost': 1457816}
[ 2026-03-22 17:25:08 | node_23 | INFO ] 📈 Evaluated. Results: {'test_loss': 0.0013548436108976603, 'test_accuracy': 0.996850848197937, 'test_precision': 0.8157278895378113, 'test_recall': 0.2749805152416229, 'test_f1': 0.3926941156387329, 'communication_cost': 1457816}
[ 2026-03-22 17:25:08 | node_44 | INFO ] 🗳️ [DETERMINISTIC] Train set assigned (No Voting). Size: 50
[ 2026-03-22 17:25:08 | node_23 | INFO ] 📢 Broadcasting metrics.
[ 2026-03-22 17:25:08 | node_8 | INFO ] 📈 Evaluated. Results: {'test_loss': 0.0013911273563280702, 'test_accuracy': 0.9955015778541565, 'test_precision': 0.5527665615081787, 'test_recall': 0.10146427154541016, 'test_f1': 0.16787724196910858, 'communication_cost': 1457816}
[ 2026-03-22 17:25:08 | node_31 | INFO ] 📈 Evaluated. Results: {'test_loss': 0.001029824954457581, 'test_accuracy': 0.9977505803108215, 'test_precision': 0.8157278895378113, 'test_recall': 0.25030919909477234, 'test_f1': 0.3730227053165436, 'communication_cost': 1457816}
[ 2026-03-22 17:25:08 | node_10 | INFO ] 📢 Broadcasting metrics.
[ 2026-03-22 17:25:08 | node_8 | INFO ] 📢 Broadcasting metrics.
[ 2026-03-22 17:25:08 | node_9 | INFO ] 📈 Evaluated. Results: {'test_loss': 0.0012064517941325903, 'test_accuracy': 0.996941089630127, 'test_precision': 0.8291497826576233, 'test_recall': 0.21553845703601837, 'test_f1': 0.3285890221595764, 'communication_cost': 1457816}
[ 2026-03-22 17:25:08 | node_31 | INFO ] 📢 Broadcasting metrics.
[ 2026-03-22 17:25:08 | node_21 | INFO ] 📈 Evaluated. Results: {'test_loss': 0.0012857780093327165, 'test_accuracy': 0.9962210059165955, 'test_precision': 0.921360433101654, 'test_recall': 0.16277368366718292, 'test_f1': 0.2740457057952881, 'communication_cost': 1457816}
[ 2026-03-22 17:25:08 | node_44 | INFO ] 🏋️‍♀️ Preparing training...
[ 2026-03-22 17:25:08 | node_9 | INFO ] 📢 Broadcasting metrics.
[ 2026-03-22 17:25:08 | node_21 | INFO ] 📢 Broadcasting metrics.
[ 2026-03-22 17:25:08 | node_34 | INFO ] 🎉 Round 150 of 150 finished.
[ 2026-03-22 17:25:08 | node_39 | INFO ] 📈 Evaluated. Results: {'test_loss': 0.0011043829144909978, 'test_accuracy': 0.9975706338882446, 'test_precision': 0.5368543863296509, 'test_recall': 0.4166388213634491, 'test_f1': 0.46585169434547424, 'communication_cost': 1457816}
[ 2026-03-22 17:25:08 | node_34 | INFO ] 😋 Training finished!!
[ 2026-03-22 17:25:08 | node_39 | INFO ] 📢 Broadcasting metrics.
[ 2026-03-22 17:25:08 | node | INFO ] 🎉 Round 149 of 150 finished.
[ 2026-03-22 17:25:08 | node | INFO ] 🗳️ [DETERMINISTIC] Train set assigned (No Voting). Size: 50
[ 2026-03-22 17:25:08 | node | INFO ] 🏋️‍♀️ Preparing training...
[ 2026-03-22 17:25:08 | node_47 | INFO ] 📈 Evaluated. Results: {'test_loss': 0.0008919542306102812, 'test_accuracy': 0.9979305267333984, 'test_precision': 0.49139225482940674, 'test_recall': 0.21717782318592072, 'test_f1': 0.30041933059692383, 'communication_cost': 1457816}
[ 2026-03-22 17:25:08 | node_23 | INFO ] 🎉 Round 150 of 150 finished.
[ 2026-03-22 17:25:08 | node_23 | INFO ] 😋 Training finished!!
[ 2026-03-22 17:25:08 | node_47 | INFO ] 📢 Broadcasting metrics.
[ 2026-03-22 17:25:08 | node_8 | INFO ] 🎉 Round 149 of 150 finished.
[ 2026-03-22 17:25:08 | node_10 | INFO ] 🎉 Round 149 of 150 finished.
[ 2026-03-22 17:25:08 | node_31 | INFO ] 🎉 Round 150 of 150 finished.
[ 2026-03-22 17:25:08 | node_9 | INFO ] 🎉 Round 149 of 150 finished.
[ 2026-03-22 17:25:08 | node_8 | INFO ] 🗳️ [DETERMINISTIC] Train set assigned (No Voting). Size: 50
[ 2026-03-22 17:25:08 | node_31 | INFO ] 😋 Training finished!!
[ 2026-03-22 17:25:08 | node_10 | INFO ] 🗳️ [DETERMINISTIC] Train set assigned (No Voting). Size: 50
[ 2026-03-22 17:25:08 | node_9 | INFO ] 🗳️ [DETERMINISTIC] Train set assigned (No Voting). Size: 50
[ 2026-03-22 17:25:08 | node_21 | INFO ] 🎉 Round 150 of 150 finished.
[ 2026-03-22 17:25:08 | node_39 | INFO ] 🎉 Round 150 of 150 finished.
[ 2026-03-22 17:25:08 | node_21 | INFO ] 😋 Training finished!!
[ 2026-03-22 17:25:08 | node_8 | INFO ] 🏋️‍♀️ Preparing training...
[ 2026-03-22 17:25:08 | node_39 | INFO ] 😋 Training finished!!
[ 2026-03-22 17:25:08 | node_10 | INFO ] 🏋️‍♀️ Preparing training...
[ 2026-03-22 17:25:09 | node_9 | INFO ] 🏋️‍♀️ Preparing training...
[ 2026-03-22 17:25:09 | node_47 | INFO ] 🎉 Round 149 of 150 finished.
[ 2026-03-22 17:25:09 | node_47 | INFO ] 🗳️ [DETERMINISTIC] Train set assigned (No Voting). Size: 50
[ 2026-03-22 17:25:09 | node_47 | INFO ] 🏋️‍♀️ Preparing training...
[ 2026-03-22 17:25:09 | node_1 | INFO ] 🎓 Training step done.
[ 2026-03-22 17:25:09 | node_1 | INFO ] 🛠️ Calling force_add_local_model...
[ 2026-03-22 17:25:09 | node_1 | INFO ] ✅ [FORCE] Local model added for round 149. (1/3)
[ 2026-03-22 17:25:10 | node_17 | INFO ] 📈 Evaluated. Results: {'test_loss': 0.001387907424941659, 'test_accuracy': 0.9968510866165161, 'test_precision': 0.8157444596290588, 'test_recall': 0.19982582330703735, 'test_f1': 0.30184534192085266, 'communication_cost': 1457816}
[ 2026-03-22 17:25:10 | node_3 | INFO ] 🎓 Training step done.
[ 2026-03-22 17:25:10 | node_17 | INFO ] 📢 Broadcasting metrics.
[ 2026-03-22 17:25:10 | node_3 | INFO ] 🛠️ Calling force_add_local_model...
[ 2026-03-22 17:25:10 | node_3 | INFO ] ✅ [FORCE] Local model added for round 149. (1/3)
[ 2026-03-22 17:25:10 | node_38 | INFO ] 📈 Evaluated. Results: {'test_loss': 0.0011829205323010683, 'test_accuracy': 0.9972107410430908, 'test_precision': 0.8071202039718628, 'test_recall': 0.43985608220100403, 'test_f1': 0.5614797472953796, 'communication_cost': 1457816}
[ 2026-03-22 17:25:10 | node_38 | INFO ] 📢 Broadcasting metrics.
[ 2026-03-22 17:25:10 | node_17 | INFO ] 🎉 Round 150 of 150 finished.
[ 2026-03-22 17:25:10 | node_17 | INFO ] 😋 Training finished!!
[ 2026-03-22 17:25:11 | node_38 | INFO ] 🎉 Round 150 of 150 finished.
[ 2026-03-22 17:25:11 | node_38 | INFO ] 😋 Training finished!!
[ 2026-03-22 17:25:11 | node_49 | INFO ] 🎓 Training step done.
[ 2026-03-22 17:25:11 | node_2 | INFO ] 🎓 Training step done.
[ 2026-03-22 17:25:11 | node_49 | INFO ] 🛠️ Calling force_add_local_model...
[ 2026-03-22 17:25:11 | node_2 | INFO ] 🛠️ Calling force_add_local_model...
[ 2026-03-22 17:25:11 | node_49 | INFO ] ✅ [FORCE] Local model added for round 149. (1/3)
[ 2026-03-22 17:25:11 | node_2 | INFO ] ✅ [FORCE] Local model added for round 149. (1/3)
[ 2026-03-22 17:25:11 | node_40 | INFO ] 📈 Evaluated. Results: {'test_loss': 0.0013827062211930752, 'test_accuracy': 0.9965808987617493, 'test_precision': 0.7082358598709106, 'test_recall': 0.24560217559337616, 'test_f1': 0.3506653308868408, 'communication_cost': 1457816}
[ 2026-03-22 17:25:11 | node_40 | INFO ] 📢 Broadcasting metrics.
[ 2026-03-22 17:25:11 | node_40 | INFO ] 🎉 Round 150 of 150 finished.
[ 2026-03-22 17:25:11 | node_40 | INFO ] 😋 Training finished!!
[ 2026-03-22 17:25:12 | node_9 | INFO ] 🎓 Training step done.
[ 2026-03-22 17:25:12 | node_9 | INFO ] 🛠️ Calling force_add_local_model...
[ 2026-03-22 17:25:12 | node_9 | INFO ] ✅ [FORCE] Local model added for round 149. (1/3)
[ 2026-03-22 17:25:12 | node_6 | INFO ] 🎓 Training step done.
[ 2026-03-22 17:25:12 | node_7 | INFO ] 🎓 Training step done.
[ 2026-03-22 17:25:12 | node_7 | INFO ] 🛠️ Calling force_add_local_model...
[ 2026-03-22 17:25:12 | node_6 | INFO ] 🛠️ Calling force_add_local_model...
[ 2026-03-22 17:25:12 | node_7 | INFO ] ✅ [FORCE] Local model added for round 149. (1/3)
[ 2026-03-22 17:25:12 | node_6 | INFO ] ✅ [FORCE] Local model added for round 149. (1/3)
[ 2026-03-22 17:25:12 | node_48 | INFO ] 🎓 Training step done.
[ 2026-03-22 17:25:12 | node_48 | INFO ] 🛠️ Calling force_add_local_model...
[ 2026-03-22 17:25:12 | node_48 | INFO ] ✅ [FORCE] Local model added for round 149. (1/3)
[ 2026-03-22 17:25:12 | node_5 | INFO ] 🎓 Training step done.
[ 2026-03-22 17:25:12 | node_5 | INFO ] 🛠️ Calling force_add_local_model...
[ 2026-03-22 17:25:12 | node_14 | INFO ] 🎓 Training step done.
[ 2026-03-22 17:25:12 | node_14 | INFO ] 🛠️ Calling force_add_local_model...
[ 2026-03-22 17:25:12 | node_5 | INFO ] ✅ [FORCE] Local model added for round 149. (1/3)
[ 2026-03-22 17:25:12 | node_14 | INFO ] ✅ [FORCE] Local model added for round 149. (2/3)
[ 2026-03-22 17:25:12 | node_13 | INFO ] 🎓 Training step done.
[ 2026-03-22 17:25:12 | node | INFO ] 🎓 Training step done.
[ 2026-03-22 17:25:12 | node_13 | INFO ] 🛠️ Calling force_add_local_model...
[ 2026-03-22 17:25:12 | node | INFO ] 🛠️ Calling force_add_local_model...
[ 2026-03-22 17:25:12 | node | INFO ] ✅ [FORCE] Local model added for round 149. (1/3)
[ 2026-03-22 17:25:12 | node_13 | INFO ] ✅ [FORCE] Local model added for round 149. (1/3)
[ 2026-03-22 17:25:13 | node_4 | INFO ] 🎓 Training step done.
[ 2026-03-22 17:25:13 | node_4 | INFO ] 🛠️ Calling force_add_local_model...
[ 2026-03-22 17:25:13 | node_4 | INFO ] ✅ [FORCE] Local model added for round 149. (1/3)
[ 2026-03-22 17:25:13 | node_8 | INFO ] 🎓 Training step done.
[ 2026-03-22 17:25:13 | node_8 | INFO ] 🛠️ Calling force_add_local_model...
[ 2026-03-22 17:25:13 | node_8 | INFO ] ✅ [FORCE] Local model added for round 149. (1/3)
[ 2026-03-22 17:25:13 | node_43 | INFO ] 🎓 Training step done.
[ 2026-03-22 17:25:13 | node_43 | INFO ] 🛠️ Calling force_add_local_model...
[ 2026-03-22 17:25:13 | node_43 | INFO ] ✅ [FORCE] Local model added for round 149. (2/3)
[ 2026-03-22 17:25:13 | node_25 | INFO ] ⏹️  Gossiping exited for 10 equal rounds.
[ 2026-03-22 17:25:13 | node_25 | INFO ] 🔬 Evaluating...
[ 2026-03-22 17:25:13 | node_44 | INFO ] 🎓 Training step done.
[ 2026-03-22 17:25:13 | node_44 | INFO ] 🛠️ Calling force_add_local_model...
[ 2026-03-22 17:25:13 | node_44 | INFO ] ✅ [FORCE] Local model added for round 149. (1/3)
[ 2026-03-22 17:25:13 | node_46 | INFO ] 🎓 Training step done.
[ 2026-03-22 17:25:13 | node_46 | INFO ] 🛠️ Calling force_add_local_model...
[ 2026-03-22 17:25:13 | node_47 | INFO ] 🎓 Training step done.
[ 2026-03-22 17:25:13 | node_46 | INFO ] ✅ [FORCE] Local model added for round 149. (1/3)
[ 2026-03-22 17:25:13 | node_47 | INFO ] 🛠️ Calling force_add_local_model...
[ 2026-03-22 17:25:13 | node_47 | INFO ] ✅ [FORCE] Local model added for round 149. (1/3)
[ 2026-03-22 17:25:14 | node_45 | INFO ] 🎓 Training step done.
[ 2026-03-22 17:25:14 | node_45 | INFO ] 🛠️ Calling force_add_local_model...
[ 2026-03-22 17:25:14 | node_45 | INFO ] ✅ [FORCE] Local model added for round 149. (1/3)
[ 2026-03-22 17:25:14 | node_10 | INFO ] 🎓 Training step done.
[ 2026-03-22 17:25:14 | node_10 | INFO ] 🛠️ Calling force_add_local_model...
[ 2026-03-22 17:25:14 | node_10 | INFO ] ✅ [FORCE] Local model added for round 149. (1/3)
[ 2026-03-22 17:25:14 | node_25 | INFO ] 📈 Evaluated. Results: {'test_loss': 0.00117660709656775, 'test_accuracy': 0.9973006844520569, 'test_precision': 0.5835282802581787, 'test_recall': 0.1882207840681076, 'test_f1': 0.28196555376052856, 'communication_cost': 1457816}
[ 2026-03-22 17:25:14 | node_25 | INFO ] 📢 Broadcasting metrics.
[ 2026-03-22 17:25:14 | node_25 | INFO ] 🎉 Round 150 of 150 finished.
[ 2026-03-22 17:25:14 | node_25 | INFO ] 😋 Training finished!!
[ 2026-03-22 17:25:14 | node_1 | INFO ] 📤 Sending model to 2 direct neighbors: ['node', 'node_2']
[ 2026-03-22 17:25:15 | node | INFO ] 🧩 Model added for round 149 (2/3) from ['node_1']
[ 2026-03-22 17:25:15 | node_3 | INFO ] 📤 Sending model to 2 direct neighbors: ['node_2', 'node_4']
[ 2026-03-22 17:25:15 | node_2 | INFO ] 🧩 Model added for round 149 (2/3) from ['node_1']
[ 2026-03-22 17:25:15 | node_2 | INFO ] 🧩 Model added for round 149 (3/3) from ['node_3']
[ 2026-03-22 17:25:15 | node_35 | INFO ] ⏹️  Gossiping exited for 10 equal rounds.
[ 2026-03-22 17:25:15 | node_4 | INFO ] 🧩 Model added for round 149 (2/3) from ['node_3']
[ 2026-03-22 17:25:16 | node_35 | INFO ] 🔬 Evaluating...
[ 2026-03-22 17:25:16 | node_32 | INFO ] ⏹️  Gossiping exited for 10 equal rounds.
[ 2026-03-22 17:25:16 | node_32 | INFO ] 🔬 Evaluating...
[ 2026-03-22 17:25:16 | node_49 | INFO ] 📤 Sending model to 2 direct neighbors: ['node', 'node_48']
[ 2026-03-22 17:25:16 | node_2 | INFO ] 📤 Sending model to 2 direct neighbors: ['node_1', 'node_3']
[ 2026-03-22 17:25:16 | node_36 | INFO ] ⏹️  Gossiping exited for 10 equal rounds.
[ 2026-03-22 17:25:16 | node_36 | INFO ] 🔬 Evaluating...
[ 2026-03-22 17:25:16 | node | INFO ] 🧩 Model added for round 149 (3/3) from ['node_49']
[ 2026-03-22 17:25:16 | node_1 | INFO ] 🧩 Model added for round 149 (2/3) from ['node_2']
[ 2026-03-22 17:25:16 | node_35 | INFO ] 📈 Evaluated. Results: {'test_loss': 0.001080126385204494, 'test_accuracy': 0.9973006844520569, 'test_precision': 0.921360433101654, 'test_recall': 0.2703588008880615, 'test_f1': 0.4060656428337097, 'communication_cost': 1457816}
[ 2026-03-22 17:25:16 | node_35 | INFO ] 📢 Broadcasting metrics.
[ 2026-03-22 17:25:16 | node_48 | INFO ] 🧩 Model added for round 149 (2/3) from ['node_49']
[ 2026-03-22 17:25:17 | node_3 | INFO ] 🧩 Model added for round 149 (2/3) from ['node_2']
[ 2026-03-22 17:25:17 | node_35 | INFO ] 🎉 Round 150 of 150 finished.
[ 2026-03-22 17:25:17 | node_35 | INFO ] 😋 Training finished!!
[ 2026-03-22 17:25:17 | node_32 | INFO ] 📈 Evaluated. Results: {'test_loss': 0.0010809267405420542, 'test_accuracy': 0.99712073802948, 'test_precision': 0.921360433101654, 'test_recall': 0.33591970801353455, 'test_f1': 0.4659983217716217, 'communication_cost': 1457816}
[ 2026-03-22 17:25:17 | node_32 | INFO ] 📢 Broadcasting metrics.
[ 2026-03-22 17:25:17 | node_12 | INFO ] ⏹️  Gossiping exited for 10 equal rounds.
[ 2026-03-22 17:25:17 | node_12 | INFO ] 🔬 Evaluating...
[ 2026-03-22 17:25:17 | node_32 | INFO ] 🎉 Round 150 of 150 finished.
[ 2026-03-22 17:25:17 | node_32 | INFO ] 😋 Training finished!!
[ 2026-03-22 17:25:17 | node_2 | INFO ] 🧠 Aggregation complete. Setting new model.
[ 2026-03-22 17:25:17 | node_36 | INFO ] 📈 Evaluated. Results: {'test_loss': 0.0014737386954948306, 'test_accuracy': 0.9963109493255615, 'test_precision': 0.6756643652915955, 'test_recall': 0.14537020027637482, 'test_f1': 0.23778033256530762, 'communication_cost': 1457816}
[ 2026-03-22 17:25:17 | node_2 | INFO ] 🗣️ Gossiping aggregated model.
[ 2026-03-22 17:25:17 | node_36 | INFO ] 📢 Broadcasting metrics.
[ 2026-03-22 17:25:17 | node_9 | INFO ] 📤 Sending model to 2 direct neighbors: ['node_8', 'node_10']
[ 2026-03-22 17:25:17 | node_36 | INFO ] 🎉 Round 150 of 150 finished.
[ 2026-03-22 17:25:17 | node_36 | INFO ] 😋 Training finished!!
[ 2026-03-22 17:25:17 | node_7 | INFO ] 📤 Sending model to 2 direct neighbors: ['node_6', 'node_8']
[ 2026-03-22 17:25:17 | node_6 | INFO ] 📤 Sending model to 2 direct neighbors: ['node_5', 'node_7']
[ 2026-03-22 17:25:17 | node_22 | INFO ] ⏹️  Gossiping exited for 10 equal rounds.
[ 2026-03-22 17:25:17 | node_8 | INFO ] 🧩 Model added for round 149 (2/3) from ['node_9']
[ 2026-03-22 17:25:17 | node_48 | INFO ] 📤 Sending model to 2 direct neighbors: ['node_47', 'node_49']
[ 2026-03-22 17:25:17 | node_22 | INFO ] 🔬 Evaluating...
[ 2026-03-22 17:25:17 | node_14 | INFO ] 📤 Sending model to 2 direct neighbors: ['node_13', 'node_15']
[ 2026-03-22 17:25:17 | node_5 | INFO ] 📤 Sending model to 2 direct neighbors: ['node_4', 'node_6']
[ 2026-03-22 17:25:17 | node | INFO ] 📤 Sending model to 2 direct neighbors: ['node_1', 'node_49']
[ 2026-03-22 17:25:18 | node_13 | INFO ] 📤 Sending model to 2 direct neighbors: ['node_12', 'node_14']
[ 2026-03-22 17:25:18 | node_12 | INFO ] 📈 Evaluated. Results: {'test_loss': 0.0011941315606236458, 'test_accuracy': 0.996941089630127, 'test_precision': 0.5159153938293457, 'test_recall': 0.12539611756801605, 'test_f1': 0.1946561485528946, 'communication_cost': 1457816}
[ 2026-03-22 17:25:18 | node_5 | INFO ] 🧩 Model added for round 149 (2/3) from ['node_6']
[ 2026-03-22 17:25:18 | node_4 | INFO ] 📤 Sending model to 2 direct neighbors: ['node_3', 'node_5']
[ 2026-03-22 17:25:18 | node_8 | INFO ] 📤 Sending model to 2 direct neighbors: ['node_7', 'node_9']
[ 2026-03-22 17:25:18 | node_6 | INFO ] 🧩 Model added for round 149 (2/3) from ['node_7']
[ 2026-03-22 17:25:18 | node_12 | INFO ] 📢 Broadcasting metrics.
[ 2026-03-22 17:25:18 | node_10 | INFO ] 🧩 Model added for round 149 (2/3) from ['node_9']
[ 2026-03-22 17:25:18 | node_47 | INFO ] 🧩 Model added for round 149 (2/3) from ['node_48']
[ 2026-03-22 17:25:18 | node_4 | INFO ] 🧩 Model added for round 149 (3/3) from ['node_5']
[ 2026-03-22 17:25:18 | node_43 | INFO ] 📤 Sending model to 2 direct neighbors: ['node_42', 'node_44']
[ 2026-03-22 17:25:18 | node_13 | INFO ] 🧩 Model added for round 149 (2/3) from ['node_14']
[ 2026-03-22 17:25:18 | node_1 | INFO ] 🧩 Model added for round 149 (3/3) from ['node']
[ 2026-03-22 17:25:18 | node_7 | INFO ] 🧩 Model added for round 149 (2/3) from ['node_6']
[ 2026-03-22 17:25:18 | node_11 | INFO ] ⏹️  Gossiping exited for 10 equal rounds.
[ 2026-03-22 17:25:18 | node_12 | INFO ] 🎉 Round 149 of 150 finished.
[ 2026-03-22 17:25:18 | node_3 | INFO ] 🧩 Model added for round 149 (3/3) from ['node_4']
[ 2026-03-22 17:25:18 | node_12 | INFO ] 🗳️ [DETERMINISTIC] Train set assigned (No Voting). Size: 50
[ 2026-03-22 17:25:18 | node_7 | INFO ] 🧩 Model added for round 149 (3/3) from ['node_8']
[ 2026-03-22 17:25:18 | node_11 | INFO ] 🔬 Evaluating...
[ 2026-03-22 17:25:18 | node_12 | INFO ] ♻️ Proactively processing 1 early models for round 149.
[ 2026-03-22 17:25:18 | node_12 | INFO ] 🧩 Model added for round 149 (1/3) from ['node_13']
[ 2026-03-22 17:25:18 | node_24 | INFO ] ⏹️  Gossiping exited for 10 equal rounds.
[ 2026-03-22 17:25:18 | node_24 | INFO ] 🔬 Evaluating...
[ 2026-03-22 17:25:18 | node_12 | INFO ] 🏋️‍♀️ Preparing training...
[ 2026-03-22 17:25:18 | node_44 | INFO ] 📤 Sending model to 2 direct neighbors: ['node_43', 'node_45']
[ 2026-03-22 17:25:18 | node_14 | INFO ] 🧩 Model added for round 149 (3/3) from ['node_13']
[ 2026-03-22 17:25:18 | node_16 | INFO ] ⏹️  Gossiping exited for 10 equal rounds.
[ 2026-03-22 17:25:18 | node_46 | INFO ] 📤 Sending model to 2 direct neighbors: ['node_45', 'node_47']
[ 2026-03-22 17:25:18 | node_6 | INFO ] 🧩 Model added for round 149 (3/3) from ['node_5']
[ 2026-03-22 17:25:18 | node_22 | INFO ] 📈 Evaluated. Results: {'test_loss': 0.001279118238016963, 'test_accuracy': 0.9973006844520569, 'test_precision': 0.8157278895378113, 'test_recall': 0.23492605984210968, 'test_f1': 0.3528457283973694, 'communication_cost': 1457816}
[ 2026-03-22 17:25:18 | node_8 | INFO ] 🧩 Model added for round 149 (3/3) from ['node_7']
[ 2026-03-22 17:25:18 | node_16 | INFO ] 🔬 Evaluating...
[ 2026-03-22 17:25:18 | node_47 | INFO ] 📤 Sending model to 2 direct neighbors: ['node_46', 'node_48']
[ 2026-03-22 17:25:18 | node_22 | INFO ] 📢 Broadcasting metrics.
[ 2026-03-22 17:25:18 | node_49 | INFO ] 🧩 Model added for round 149 (2/3) from ['node']
[ 2026-03-22 17:25:18 | node_42 | INFO ] 🧩 Model added for round 149 (3/3) from ['node_43']
[ 2026-03-22 17:25:18 | node_49 | INFO ] 🧩 Model added for round 149 (3/3) from ['node_48']
[ 2026-03-22 17:25:19 | node_5 | INFO ] 🧩 Model added for round 149 (3/3) from ['node_4']
[ 2026-03-22 17:25:19 | node_15 | INFO ] 🧩 Model added for round 149 (3/3) from ['node_14']
[ 2026-03-22 17:25:19 | node_9 | INFO ] 🧩 Model added for round 149 (2/3) from ['node_8']
[ 2026-03-22 17:25:19 | node_45 | INFO ] 🧩 Model added for round 149 (2/3) from ['node_46']
[ 2026-03-22 17:25:19 | node_43 | INFO ] 🧩 Model added for round 149 (3/3) from ['node_44']
[ 2026-03-22 17:25:19 | node_46 | INFO ] 🧩 Model added for round 149 (2/3) from ['node_47']
[ 2026-03-22 17:25:19 | node_45 | INFO ] 📤 Sending model to 2 direct neighbors: ['node_44', 'node_46']
[ 2026-03-22 17:25:19 | node_1 | INFO ] 🧠 Aggregation complete. Setting new model.
[ 2026-03-22 17:25:19 | node_42 | INFO ] 🧠 Aggregation complete. Setting new model.
[ 2026-03-22 17:25:19 | node_49 | INFO ] 🧠 Aggregation complete. Setting new model.
[ 2026-03-22 17:25:19 | node_3 | INFO ] 🧠 Aggregation complete. Setting new model.
[ 2026-03-22 17:25:19 | node_6 | INFO ] 🧠 Aggregation complete. Setting new model.
[ 2026-03-22 17:25:19 | node_7 | INFO ] 🧠 Aggregation complete. Setting new model.
[ 2026-03-22 17:25:19 | node_5 | INFO ] 🧠 Aggregation complete. Setting new model.
[ 2026-03-22 17:25:19 | node_15 | INFO ] 🧠 Aggregation complete. Setting new model.
[ 2026-03-22 17:25:19 | node | INFO ] 🧠 Aggregation complete. Setting new model.
[ 2026-03-22 17:25:19 | node_10 | INFO ] 📤 Sending model to 2 direct neighbors: ['node_9', 'node_11']
[ 2026-03-22 17:25:19 | node_6 | INFO ] 🗣️ Gossiping aggregated model.
[ 2026-03-22 17:25:19 | node_6 | INFO ] 🤫 Gossip finished.
[ 2026-03-22 17:25:19 | node_49 | INFO ] 🗣️ Gossiping aggregated model.
[ 2026-03-22 17:25:19 | node_5 | INFO ] 🗣️ Gossiping aggregated model.
[ 2026-03-22 17:25:19 | node_1 | INFO ] 🗣️ Gossiping aggregated model.
[ 2026-03-22 17:25:19 | node_7 | INFO ] 🗣️ Gossiping aggregated model.
[ 2026-03-22 17:25:19 | node_42 | INFO ] 🗣️ Gossiping aggregated model.
[ 2026-03-22 17:25:19 | node_15 | INFO ] 🗣️ Gossiping aggregated model.
[ 2026-03-22 17:25:19 | node_6 | INFO ] 🔬 Evaluating...
[ 2026-03-22 17:25:19 | node | INFO ] 🗣️ Gossiping aggregated model.
[ 2026-03-22 17:25:19 | node | INFO ] 🤫 Gossip finished.
[ 2026-03-22 17:25:19 | node | INFO ] 🔬 Evaluating...
[ 2026-03-22 17:25:19 | node_22 | INFO ] 🎉 Round 150 of 150 finished.
[ 2026-03-22 17:25:19 | node_3 | INFO ] 🗣️ Gossiping aggregated model.
[ 2026-03-22 17:25:19 | node_22 | INFO ] 😋 Training finished!!
[ 2026-03-22 17:25:19 | node_47 | INFO ] 🧩 Model added for round 149 (3/3) from ['node_46']
[ 2026-03-22 17:25:19 | node_44 | INFO ] 🧩 Model added for round 149 (2/3) from ['node_43']
[ 2026-03-22 17:25:19 | node_9 | INFO ] 🧩 Model added for round 149 (3/3) from ['node_10']
[ 2026-03-22 17:25:19 | node_44 | INFO ] 🧩 Model added for round 149 (3/3) from ['node_45']
[ 2026-03-22 17:25:20 | node_48 | INFO ] 🧩 Model added for round 149 (3/3) from ['node_47']
[ 2026-03-22 17:25:20 | node_45 | INFO ] 🧩 Model added for round 149 (3/3) from ['node_44']
[ 2026-03-22 17:25:20 | node_4 | INFO ] 🧠 Aggregation complete. Setting new model.
[ 2026-03-22 17:25:20 | node_8 | INFO ] 🧠 Aggregation complete. Setting new model.
[ 2026-03-22 17:25:20 | node_14 | INFO ] 🧠 Aggregation complete. Setting new model.
[ 2026-03-22 17:25:20 | node_9 | INFO ] 🧠 Aggregation complete. Setting new model.
[ 2026-03-22 17:25:20 | node_43 | INFO ] 🧠 Aggregation complete. Setting new model.
[ 2026-03-22 17:25:20 | node_48 | INFO ] 🧠 Aggregation complete. Setting new model.
[ 2026-03-22 17:25:20 | node_2 | INFO ] 🤫 Gossip finished.
[ 2026-03-22 17:25:20 | node_46 | INFO ] 🧩 Model added for round 149 (3/3) from ['node_45']
[ 2026-03-22 17:25:20 | node_14 | INFO ] 🗣️ Gossiping aggregated model.
[ 2026-03-22 17:25:20 | node_4 | INFO ] 🗣️ Gossiping aggregated model.
[ 2026-03-22 17:25:20 | node_9 | INFO ] 🗣️ Gossiping aggregated model.
[ 2026-03-22 17:25:20 | node_43 | INFO ] 🗣️ Gossiping aggregated model.
[ 2026-03-22 17:25:20 | node_4 | INFO ] 🤫 Gossip finished.
[ 2026-03-22 17:25:20 | node_2 | INFO ] 🔬 Evaluating...
[ 2026-03-22 17:25:20 | node_8 | INFO ] 🗣️ Gossiping aggregated model.
[ 2026-03-22 17:25:20 | node_48 | INFO ] 🗣️ Gossiping aggregated model.
[ 2026-03-22 17:25:20 | node_8 | INFO ] 🤫 Gossip finished.
[ 2026-03-22 17:25:20 | node_47 | INFO ] 🧠 Aggregation complete. Setting new model.
[ 2026-03-22 17:25:20 | node_4 | INFO ] 🔬 Evaluating...
[ 2026-03-22 17:25:20 | node_8 | INFO ] 🔬 Evaluating...
[ 2026-03-22 17:25:20 | node_44 | INFO ] 🧠 Aggregation complete. Setting new model.
[ 2026-03-22 17:25:20 | node_46 | INFO ] 🧠 Aggregation complete. Setting new model.
[ 2026-03-22 17:25:20 | node_45 | INFO ] 🧠 Aggregation complete. Setting new model.
[ 2026-03-22 17:25:20 | node_11 | INFO ] 📈 Evaluated. Results: {'test_loss': 0.0012410664930939674, 'test_accuracy': 0.9968510866165161, 'test_precision': 0.6756035685539246, 'test_recall': 0.1535462588071823, 'test_f1': 0.24702388048171997, 'communication_cost': 1457816}
[ 2026-03-22 17:25:20 | node_11 | INFO ] 📢 Broadcasting metrics.
[ 2026-03-22 17:25:20 | node_47 | INFO ] 🗣️ Gossiping aggregated model.
[ 2026-03-22 17:25:20 | node_44 | INFO ] 🗣️ Gossiping aggregated model.
[ 2026-03-22 17:25:20 | node_47 | INFO ] 🤫 Gossip finished.
[ 2026-03-22 17:25:20 | node_46 | INFO ] 🗣️ Gossiping aggregated model.
[ 2026-03-22 17:25:20 | node_44 | INFO ] 🤫 Gossip finished.
[ 2026-03-22 17:25:20 | node_47 | INFO ] 🔬 Evaluating...
[ 2026-03-22 17:25:20 | node_46 | INFO ] 🤫 Gossip finished.
[ 2026-03-22 17:25:20 | node_24 | INFO ] 📈 Evaluated. Results: {'test_loss': 0.0009779245592653751, 'test_accuracy': 0.9973906874656677, 'test_precision': 0.953931987285614, 'test_recall': 0.33693382143974304, 'test_f1': 0.4716775715351105, 'communication_cost': 1457816}
[ 2026-03-22 17:25:20 | node_45 | INFO ] 🗣️ Gossiping aggregated model.
[ 2026-03-22 17:25:20 | node_44 | INFO ] 🔬 Evaluating...
[ 2026-03-22 17:25:20 | node_45 | INFO ] 🤫 Gossip finished.
[ 2026-03-22 17:25:20 | node_41 | INFO ] 🤫 Gossip finished.
[ 2026-03-22 17:25:20 | node_41 | INFO ] 🔬 Evaluating...
[ 2026-03-22 17:25:20 | node_46 | INFO ] 🔬 Evaluating...
[ 2026-03-22 17:25:20 | node_45 | INFO ] 🔬 Evaluating...
[ 2026-03-22 17:25:20 | node_24 | INFO ] 📢 Broadcasting metrics.
[ 2026-03-22 17:25:21 | node_11 | INFO ] 🎉 Round 149 of 150 finished.
[ 2026-03-22 17:25:21 | node_11 | INFO ] 🗳️ [DETERMINISTIC] Train set assigned (No Voting). Size: 50
[ 2026-03-22 17:25:21 | node_5 | INFO ] 🤫 Gossip finished.
[ 2026-03-22 17:25:21 | node_5 | INFO ] 🔬 Evaluating...
[ 2026-03-22 17:25:21 | node_11 | INFO ] ♻️ Proactively processing 1 early models for round 149.
[ 2026-03-22 17:25:21 | node_24 | INFO ] 🎉 Round 150 of 150 finished.
[ 2026-03-22 17:25:21 | node_11 | INFO ] 🧩 Model added for round 149 (1/3) from ['node_10']
[ 2026-03-22 17:25:21 | node_24 | INFO ] 😋 Training finished!!
[ 2026-03-22 17:25:21 | node_11 | INFO ] 🏋️‍♀️ Preparing training...
[ 2026-03-22 17:25:21 | node_16 | INFO ] 📈 Evaluated. Results: {'test_loss': 0.0011244527995586395, 'test_accuracy': 0.99676114320755, 'test_precision': 0.6756035685539246, 'test_recall': 0.1535462588071823, 'test_f1': 0.2440224289894104, 'communication_cost': 1457816}
[ 2026-03-22 17:25:21 | node_16 | INFO ] 📢 Broadcasting metrics.
[ 2026-03-22 17:25:21 | node_16 | INFO ] 🎉 Round 150 of 150 finished.
[ 2026-03-22 17:25:21 | node_16 | INFO ] 😋 Training finished!!
[ 2026-03-22 17:25:21 | node_3 | INFO ] 🤫 Gossip finished.
[ 2026-03-22 17:25:21 | node_2 | INFO ] 📈 Evaluated. Results: {'test_loss': 0.0012402484426274896, 'test_accuracy': 0.996941089630127, 'test_precision': 0.6492813229560852, 'test_recall': 0.22898077964782715, 'test_f1': 0.3101634681224823, 'communication_cost': 1457816}
[ 2026-03-22 17:25:21 | node_2 | INFO ] 📢 Broadcasting metrics.
[ 2026-03-22 17:25:21 | node_3 | INFO ] 🔬 Evaluating...
[ 2026-03-22 17:25:21 | node_7 | INFO ] 🤫 Gossip finished.
[ 2026-03-22 17:25:21 | node_15 | INFO ] 🤫 Gossip finished.
[ 2026-03-22 17:25:21 | node_42 | INFO ] 🤫 Gossip finished.
[ 2026-03-22 17:25:22 | node_7 | INFO ] 🔬 Evaluating...
[ 2026-03-22 17:25:22 | node_15 | INFO ] 🔬 Evaluating...
[ 2026-03-22 17:25:22 | node_42 | INFO ] 🔬 Evaluating...
[ 2026-03-22 17:25:22 | node_43 | INFO ] 🤫 Gossip finished.
[ 2026-03-22 17:25:22 | node_43 | INFO ] 🔬 Evaluating...
[ 2026-03-22 17:25:22 | node_4 | INFO ] 📈 Evaluated. Results: {'test_loss': 0.0012929434888064861, 'test_accuracy': 0.9966711401939392, 'test_precision': 0.9692906737327576, 'test_recall': 0.32063087821006775, 'test_f1': 0.4747413098812103, 'communication_cost': 1457816}
[ 2026-03-22 17:25:22 | node_2 | INFO ] 🎉 Round 150 of 150 finished.
[ 2026-03-22 17:25:22 | node_2 | INFO ] 😋 Training finished!!
[ 2026-03-22 17:25:22 | node_4 | INFO ] 📢 Broadcasting metrics.
[ 2026-03-22 17:25:22 | node_48 | INFO ] 🤫 Gossip finished.
[ 2026-03-22 17:25:22 | node_6 | INFO ] 📈 Evaluated. Results: {'test_loss': 0.0012239590287208557, 'test_accuracy': 0.996941089630127, 'test_precision': 0.8157444596290588, 'test_recall': 0.24512016773223877, 'test_f1': 0.372141033411026, 'communication_cost': 1457816}
[ 2026-03-22 17:25:22 | node_49 | INFO ] 🤫 Gossip finished.
[ 2026-03-22 17:25:22 | node_48 | INFO ] 🔬 Evaluating...
[ 2026-03-22 17:25:22 | node_6 | INFO ] 📢 Broadcasting metrics.
[ 2026-03-22 17:25:22 | node_49 | INFO ] 🔬 Evaluating...
[ 2026-03-22 17:25:22 | node_8 | INFO ] 📈 Evaluated. Results: {'test_loss': 0.0013798504369333386, 'test_accuracy': 0.9956815242767334, 'test_precision': 0.6448943018913269, 'test_recall': 0.1361106038093567, 'test_f1': 0.22133925557136536, 'communication_cost': 1457816}
[ 2026-03-22 17:25:22 | node_8 | INFO ] 📢 Broadcasting metrics.
[ 2026-03-22 17:25:22 | node_45 | INFO ] 📈 Evaluated. Results: {'test_loss': 0.0011660687159746885, 'test_accuracy': 0.9973006844520569, 'test_precision': 0.6007437705993652, 'test_recall': 0.30990514159202576, 'test_f1': 0.39715054631233215, 'communication_cost': 1457816}
[ 2026-03-22 17:25:22 | node_4 | INFO ] 🎉 Round 150 of 150 finished.
[ 2026-03-22 17:25:22 | node_45 | INFO ] 📢 Broadcasting metrics.
[ 2026-03-22 17:25:22 | node_4 | INFO ] 😋 Training finished!!
[ 2026-03-22 17:25:22 | node | INFO ] 📈 Evaluated. Results: {'test_loss': 0.0013830310199409723, 'test_accuracy': 0.9966711401939392, 'test_precision': 0.9078722596168518, 'test_recall': 0.2499065399169922, 'test_f1': 0.3850228786468506, 'communication_cost': 1457816}
[ 2026-03-22 17:25:22 | node_6 | INFO ] 🎉 Round 150 of 150 finished.
[ 2026-03-22 17:25:22 | node | INFO ] 📢 Broadcasting metrics.
[ 2026-03-22 17:25:22 | node_6 | INFO ] 😋 Training finished!!
[ 2026-03-22 17:25:22 | node_47 | INFO ] 📈 Evaluated. Results: {'test_loss': 0.0009020413272082806, 'test_accuracy': 0.9979305267333984, 'test_precision': 0.49139225482940674, 'test_recall': 0.21717782318592072, 'test_f1': 0.30041933059692383, 'communication_cost': 1457816}
[ 2026-03-22 17:25:22 | node_47 | INFO ] 📢 Broadcasting metrics.
[ 2026-03-22 17:25:22 | node_8 | INFO ] 🎉 Round 150 of 150 finished.
[ 2026-03-22 17:25:22 | node_5 | INFO ] 📈 Evaluated. Results: {'test_loss': 0.0014663076726719737, 'test_accuracy': 0.9965811967849731, 'test_precision': 0.7236167192459106, 'test_recall': 0.17980742454528809, 'test_f1': 0.2833048403263092, 'communication_cost': 1457816}
[ 2026-03-22 17:25:23 | node_8 | INFO ] 😋 Training finished!!
[ 2026-03-22 17:25:23 | node_5 | INFO ] 📢 Broadcasting metrics.
[ 2026-03-22 17:25:23 | node_45 | INFO ] 🎉 Round 150 of 150 finished.
[ 2026-03-22 17:25:23 | node_45 | INFO ] 😋 Training finished!!
[ 2026-03-22 17:25:23 | node_46 | INFO ] 📈 Evaluated. Results: {'test_loss': 0.0015413534129038453, 'test_accuracy': 0.9962210059165955, 'test_precision': 0.6314558386802673, 'test_recall': 0.12907615303993225, 'test_f1': 0.2025919109582901, 'communication_cost': 1457816}
[ 2026-03-22 17:25:23 | node_46 | INFO ] 📢 Broadcasting metrics.
[ 2026-03-22 17:25:23 | node | INFO ] 🎉 Round 150 of 150 finished.
[ 2026-03-22 17:25:23 | node | INFO ] 😋 Training finished!!
[ 2026-03-22 17:25:23 | node_47 | INFO ] 🎉 Round 150 of 150 finished.
[ 2026-03-22 17:25:23 | node_47 | INFO ] 😋 Training finished!!
[ 2026-03-22 17:25:23 | node_12 | INFO ] 🎓 Training step done.
[ 2026-03-22 17:25:23 | node_12 | INFO ] 🛠️ Calling force_add_local_model...
[ 2026-03-22 17:25:23 | node_12 | INFO ] ✅ [FORCE] Local model added for round 149. (2/3)
[ 2026-03-22 17:25:23 | node_44 | INFO ] 📈 Evaluated. Results: {'test_loss': 0.0011695974972099066, 'test_accuracy': 0.9974806308746338, 'test_precision': 1.0, 'test_recall': 0.2965235114097595, 'test_f1': 0.44646158814430237, 'communication_cost': 1457816}
[ 2026-03-22 17:25:23 | node_5 | INFO ] 🎉 Round 150 of 150 finished.
[ 2026-03-22 17:25:23 | node_5 | INFO ] 😋 Training finished!!
[ 2026-03-22 17:25:23 | node_44 | INFO ] 📢 Broadcasting metrics.
[ 2026-03-22 17:25:23 | node_46 | INFO ] 🎉 Round 150 of 150 finished.
[ 2026-03-22 17:25:23 | node_46 | INFO ] 😋 Training finished!!
[ 2026-03-22 17:25:23 | node_41 | INFO ] 📈 Evaluated. Results: {'test_loss': 0.0012102278415113688, 'test_accuracy': 0.9974806308746338, 'test_precision': 0.7370883822441101, 'test_recall': 0.17608222365379333, 'test_f1': 0.2819921672344208, 'communication_cost': 1457816}
[ 2026-03-22 17:25:23 | node_7 | INFO ] 📈 Evaluated. Results: {'test_loss': 0.001308141858316958, 'test_accuracy': 0.9965811967849731, 'test_precision': 0.5527665615081787, 'test_recall': 0.1433098465204239, 'test_f1': 0.221106618642807, 'communication_cost': 1457816}
[ 2026-03-22 17:25:23 | node_41 | INFO ] 📢 Broadcasting metrics.
[ 2026-03-22 17:25:23 | node_7 | INFO ] 📢 Broadcasting metrics.
[ 2026-03-22 17:25:23 | node_44 | INFO ] 🎉 Round 150 of 150 finished.
[ 2026-03-22 17:25:23 | node_44 | INFO ] 😋 Training finished!!
[ 2026-03-22 17:25:23 | node_42 | INFO ] 📈 Evaluated. Results: {'test_loss': 0.0013692781794816256, 'test_accuracy': 0.9969407916069031, 'test_precision': 0.8157278895378113, 'test_recall': 0.2318151742219925, 'test_f1': 0.3428434133529663, 'communication_cost': 1457816}
[ 2026-03-22 17:25:23 | node_42 | INFO ] 📢 Broadcasting metrics.
[ 2026-03-22 17:25:23 | node_41 | INFO ] 🎉 Round 150 of 150 finished.
[ 2026-03-22 17:25:23 | node_41 | INFO ] 😋 Training finished!!
[ 2026-03-22 17:25:23 | node_7 | INFO ] 🎉 Round 150 of 150 finished.
[ 2026-03-22 17:25:23 | node_3 | INFO ] 📈 Evaluated. Results: {'test_loss': 0.00181881757453084, 'test_accuracy': 0.9959514141082764, 'test_precision': 0.5147938132286072, 'test_recall': 0.31750625371932983, 'test_f1': 0.35402002930641174, 'communication_cost': 1457816}
[ 2026-03-22 17:25:23 | node_7 | INFO ] 😋 Training finished!!
[ 2026-03-22 17:25:23 | node_3 | INFO ] 📢 Broadcasting metrics.
[ 2026-03-22 17:25:23 | node_15 | INFO ] 📈 Evaluated. Results: {'test_loss': 0.001274237409234047, 'test_accuracy': 0.996941089630127, 'test_precision': 0.6959784030914307, 'test_recall': 0.20983828604221344, 'test_f1': 0.29746517539024353, 'communication_cost': 1457816}
[ 2026-03-22 17:25:23 | node_42 | INFO ] 🎉 Round 150 of 150 finished.
[ 2026-03-22 17:25:23 | node_15 | INFO ] 📢 Broadcasting metrics.
[ 2026-03-22 17:25:23 | node_42 | INFO ] 😋 Training finished!!
[ 2026-03-22 17:25:23 | node_3 | INFO ] 🎉 Round 150 of 150 finished.
[ 2026-03-22 17:25:23 | node_43 | INFO ] 📈 Evaluated. Results: {'test_loss': 0.0014775528106838465, 'test_accuracy': 0.9962210059165955, 'test_precision': 0.5528162717819214, 'test_recall': 0.07312384992837906, 'test_f1': 0.12899045646190643, 'communication_cost': 1457816}
[ 2026-03-22 17:25:23 | node_3 | INFO ] 😋 Training finished!!
[ 2026-03-22 17:25:23 | node_43 | INFO ] 📢 Broadcasting metrics.
[ 2026-03-22 17:25:24 | node_15 | INFO ] 🎉 Round 150 of 150 finished.
[ 2026-03-22 17:25:24 | node_15 | INFO ] 😋 Training finished!!
[ 2026-03-22 17:25:24 | node_48 | INFO ] 📈 Evaluated. Results: {'test_loss': 0.0015449975617229939, 'test_accuracy': 0.9966708421707153, 'test_precision': 0.921360433101654, 'test_recall': 0.20423489809036255, 'test_f1': 0.32541853189468384, 'communication_cost': 1457816}
[ 2026-03-22 17:25:24 | node_48 | INFO ] 📢 Broadcasting metrics.
[ 2026-03-22 17:25:24 | node_49 | INFO ] 📈 Evaluated. Results: {'test_loss': 0.0014863070100545883, 'test_accuracy': 0.996850848197937, 'test_precision': 0.6756643652915955, 'test_recall': 0.1665894091129303, 'test_f1': 0.26442399621009827, 'communication_cost': 1457816}
[ 2026-03-22 17:25:24 | node_49 | INFO ] 📢 Broadcasting metrics.
[ 2026-03-22 17:25:24 | node_43 | INFO ] 🎉 Round 150 of 150 finished.
[ 2026-03-22 17:25:24 | node_43 | INFO ] 😋 Training finished!!
[ 2026-03-22 17:25:24 | node_48 | INFO ] 🎉 Round 150 of 150 finished.
[ 2026-03-22 17:25:24 | node_48 | INFO ] 😋 Training finished!!
[ 2026-03-22 17:25:24 | node_49 | INFO ] 🎉 Round 150 of 150 finished.
[ 2026-03-22 17:25:24 | node_49 | INFO ] 😋 Training finished!!
[ 2026-03-22 17:25:24 | node_11 | INFO ] 🎓 Training step done.
[ 2026-03-22 17:25:24 | node_11 | INFO ] 🛠️ Calling force_add_local_model...
[ 2026-03-22 17:25:24 | node_11 | INFO ] ✅ [FORCE] Local model added for round 149. (2/3)
[ 2026-03-22 17:25:28 | node_12 | INFO ] 📤 Sending model to 2 direct neighbors: ['node_11', 'node_13']
[ 2026-03-22 17:25:28 | node_11 | INFO ] 🧩 Model added for round 149 (3/3) from ['node_12']
[ 2026-03-22 17:25:28 | node_13 | INFO ] 🧩 Model added for round 149 (3/3) from ['node_12']
[ 2026-03-22 17:25:29 | node_13 | INFO ] 🧠 Aggregation complete. Setting new model.
[ 2026-03-22 17:25:29 | node_13 | INFO ] 🗣️ Gossiping aggregated model.
[ 2026-03-22 17:25:29 | node_11 | INFO ] 📤 Sending model to 2 direct neighbors: ['node_10', 'node_12']
[ 2026-03-22 17:25:29 | node_10 | INFO ] 🧩 Model added for round 149 (3/3) from ['node_11']
[ 2026-03-22 17:25:30 | node_12 | INFO ] 🧩 Model added for round 149 (3/3) from ['node_11']
[ 2026-03-22 17:25:30 | node_10 | INFO ] 🧠 Aggregation complete. Setting new model.
[ 2026-03-22 17:25:30 | node_12 | INFO ] 🧠 Aggregation complete. Setting new model.
[ 2026-03-22 17:25:30 | node_10 | INFO ] 🗣️ Gossiping aggregated model.
[ 2026-03-22 17:25:30 | node_11 | INFO ] 🧠 Aggregation complete. Setting new model.
[ 2026-03-22 17:25:30 | node_12 | INFO ] 🗣️ Gossiping aggregated model.
[ 2026-03-22 17:25:30 | node_14 | INFO ] 🤫 Gossip finished.
[ 2026-03-22 17:25:30 | node_14 | INFO ] 🔬 Evaluating...
[ 2026-03-22 17:25:30 | node_11 | INFO ] 🗣️ Gossiping aggregated model.
[ 2026-03-22 17:25:30 | node_11 | INFO ] 🤫 Gossip finished.
[ 2026-03-22 17:25:30 | node_11 | INFO ] 🔬 Evaluating...
[ 2026-03-22 17:25:30 | node_13 | INFO ] 🤫 Gossip finished.
[ 2026-03-22 17:25:30 | node_13 | INFO ] 🔬 Evaluating...
[ 2026-03-22 17:25:31 | node_11 | INFO ] 📈 Evaluated. Results: {'test_loss': 0.0012627785326913, 'test_accuracy': 0.99676114320755, 'test_precision': 0.4913480281829834, 'test_recall': 0.12283700704574585, 'test_f1': 0.19437944889068604, 'communication_cost': 1457816}
[ 2026-03-22 17:25:31 | node_14 | INFO ] 📈 Evaluated. Results: {'test_loss': 0.001294691814109683, 'test_accuracy': 0.9968510866165161, 'test_precision': 0.9212775826454163, 'test_recall': 0.20145800709724426, 'test_f1': 0.3198149502277374, 'communication_cost': 1457816}
[ 2026-03-22 17:25:31 | node_11 | INFO ] 📢 Broadcasting metrics.
[ 2026-03-22 17:25:31 | node_14 | INFO ] 📢 Broadcasting metrics.
[ 2026-03-22 17:25:31 | node_11 | INFO ] 🎉 Round 150 of 150 finished.
[ 2026-03-22 17:25:31 | node_11 | INFO ] 😋 Training finished!!
[ 2026-03-22 17:25:31 | node_14 | INFO ] 🎉 Round 150 of 150 finished.
[ 2026-03-22 17:25:31 | node_14 | INFO ] 😋 Training finished!!
[ 2026-03-22 17:25:31 | node_13 | INFO ] 📈 Evaluated. Results: {'test_loss': 0.0011065182043239474, 'test_accuracy': 0.997300922870636, 'test_precision': 0.8157444596290588, 'test_recall': 0.3168819546699524, 'test_f1': 0.4384689927101135, 'communication_cost': 1457816}
[ 2026-03-22 17:25:31 | node_13 | INFO ] 📢 Broadcasting metrics.
[ 2026-03-22 17:25:31 | node_13 | INFO ] 🎉 Round 150 of 150 finished.
[ 2026-03-22 17:25:31 | node_13 | INFO ] 😋 Training finished!!
[ 2026-03-22 17:25:32 | node_1 | INFO ] ⏹️  Gossiping exited for 10 equal rounds.
[ 2026-03-22 17:25:32 | node_1 | INFO ] 🔬 Evaluating...
[ 2026-03-22 17:25:33 | node_1 | INFO ] 📈 Evaluated. Results: {'test_loss': 0.0013084971578791738, 'test_accuracy': 0.9971210360527039, 'test_precision': 0.6448943018913269, 'test_recall': 0.161735400557518, 'test_f1': 0.2512575089931488, 'communication_cost': 1457816}
[ 2026-03-22 17:25:33 | node_1 | INFO ] 📢 Broadcasting metrics.
[ 2026-03-22 17:25:33 | node_1 | INFO ] 🎉 Round 150 of 150 finished.
[ 2026-03-22 17:25:33 | node_1 | INFO ] 😋 Training finished!!
[ 2026-03-22 17:25:35 | node_9 | INFO ] ⏹️  Gossiping exited for 10 equal rounds.
[ 2026-03-22 17:25:35 | node_9 | INFO ] 🔬 Evaluating...
[ 2026-03-22 17:25:35 | node_9 | INFO ] 📈 Evaluated. Results: {'test_loss': 0.0012287695426493883, 'test_accuracy': 0.99676114320755, 'test_precision': 0.46063879132270813, 'test_recall': 0.15236513316631317, 'test_f1': 0.221106618642807, 'communication_cost': 1457816}
[ 2026-03-22 17:25:35 | node_9 | INFO ] 📢 Broadcasting metrics.
[ 2026-03-22 17:25:36 | node_9 | INFO ] 🎉 Round 150 of 150 finished.
[ 2026-03-22 17:25:36 | node_9 | INFO ] 😋 Training finished!!
[ 2026-03-22 17:25:43 | node_10 | INFO ] ⏹️  Gossiping exited for 10 equal rounds.
[ 2026-03-22 17:25:43 | node_10 | INFO ] 🔬 Evaluating...
[ 2026-03-22 17:25:43 | node_12 | INFO ] ⏹️  Gossiping exited for 10 equal rounds.
[ 2026-03-22 17:25:43 | node_12 | INFO ] 🔬 Evaluating...
[ 2026-03-22 17:25:44 | node_10 | INFO ] 📈 Evaluated. Results: {'test_loss': 0.0013376844581216574, 'test_accuracy': 0.997031033039093, 'test_precision': 0.5527665615081787, 'test_recall': 0.10850602388381958, 'test_f1': 0.18106494843959808, 'communication_cost': 1457816}
[ 2026-03-22 17:25:44 | node_10 | INFO ] 📢 Broadcasting metrics.
[ 2026-03-22 17:25:44 | node_10 | INFO ] 🎉 Round 150 of 150 finished.
[ 2026-03-22 17:25:44 | node_10 | INFO ] 😋 Training finished!!
[ 2026-03-22 17:25:44 | node_12 | INFO ] 📈 Evaluated. Results: {'test_loss': 0.001186056644655764, 'test_accuracy': 0.996941089630127, 'test_precision': 0.7001709342002869, 'test_recall': 0.18681462109088898, 'test_f1': 0.286783903837204, 'communication_cost': 1457816}
[ 2026-03-22 17:25:44 | node_12 | INFO ] 📢 Broadcasting metrics.
[ 2026-03-22 17:25:44 | node_12 | INFO ] 🎉 Round 150 of 150 finished.
[ 2026-03-22 17:25:44 | node_12 | INFO ] 😋 Training finished!!
[ 2026-03-22 17:25:44 | None | INFO ] 🏁 All nodes finished training. Waiting 10s for final synchronization...
[ 2026-03-22 17:25:54 | node | INFO ] Stopping node...
[ 2026-03-22 17:25:55 | node | INFO ] 🛑 Stopping gossiper...
[ 2026-03-22 17:25:55 | node | INFO ] InMemoryServer stopped at node
[ 2026-03-22 17:25:55 | node_1 | INFO ] Stopping node...
[ 2026-03-22 17:25:55 | node_1 | INFO ] 🛑 Stopping gossiper...
[ 2026-03-22 17:25:55 | node_1 | INFO ] InMemoryServer stopped at node_1
[ 2026-03-22 17:25:55 | node_2 | INFO ] Stopping node...
[ 2026-03-22 17:25:55 | node_2 | INFO ] 🛑 Stopping gossiper...
[ 2026-03-22 17:25:55 | node_2 | INFO ] InMemoryServer stopped at node_2
[ 2026-03-22 17:25:55 | node_3 | INFO ] Stopping node...
[ 2026-03-22 17:25:55 | node_3 | INFO ] 🛑 Stopping gossiper...
[ 2026-03-22 17:25:55 | node_3 | INFO ] InMemoryServer stopped at node_3
[ 2026-03-22 17:25:55 | node_4 | INFO ] Stopping node...
[ 2026-03-22 17:25:55 | node_4 | INFO ] 🛑 Stopping gossiper...
[ 2026-03-22 17:25:55 | node_4 | INFO ] InMemoryServer stopped at node_4
[ 2026-03-22 17:25:55 | node_5 | INFO ] Stopping node...
[ 2026-03-22 17:25:55 | node_5 | INFO ] 🛑 Stopping gossiper...
[ 2026-03-22 17:25:55 | node_5 | INFO ] InMemoryServer stopped at node_5
[ 2026-03-22 17:25:55 | node_6 | INFO ] Stopping node...
[ 2026-03-22 17:25:55 | node_6 | INFO ] 🛑 Stopping gossiper...
[ 2026-03-22 17:25:55 | node_6 | INFO ] InMemoryServer stopped at node_6
[ 2026-03-22 17:25:55 | node_7 | INFO ] Stopping node...
[ 2026-03-22 17:25:55 | node_7 | INFO ] 🛑 Stopping gossiper...
[ 2026-03-22 17:25:55 | node_7 | INFO ] InMemoryServer stopped at node_7
[ 2026-03-22 17:25:55 | node_8 | INFO ] Stopping node...
[ 2026-03-22 17:25:55 | node_8 | INFO ] 🛑 Stopping gossiper...
[ 2026-03-22 17:25:55 | node_8 | INFO ] InMemoryServer stopped at node_8
[ 2026-03-22 17:25:55 | node_9 | INFO ] Stopping node...
[ 2026-03-22 17:25:55 | node_9 | INFO ] 🛑 Stopping gossiper...
[ 2026-03-22 17:25:55 | node_9 | INFO ] InMemoryServer stopped at node_9
[ 2026-03-22 17:25:55 | node_10 | INFO ] Stopping node...
[ 2026-03-22 17:25:55 | node_10 | INFO ] 🛑 Stopping gossiper...
[ 2026-03-22 17:25:55 | node_10 | INFO ] InMemoryServer stopped at node_10
[ 2026-03-22 17:25:55 | node_11 | INFO ] Stopping node...
[ 2026-03-22 17:25:55 | node_11 | INFO ] 🛑 Stopping gossiper...
[ 2026-03-22 17:25:55 | node_11 | INFO ] InMemoryServer stopped at node_11
[ 2026-03-22 17:25:55 | node_12 | INFO ] Stopping node...
[ 2026-03-22 17:25:55 | node_12 | INFO ] 🛑 Stopping gossiper...
[ 2026-03-22 17:25:55 | node_12 | INFO ] InMemoryServer stopped at node_12
[ 2026-03-22 17:25:55 | node_13 | INFO ] Stopping node...
[ 2026-03-22 17:25:55 | node_13 | INFO ] 🛑 Stopping gossiper...
[ 2026-03-22 17:25:55 | node_13 | INFO ] InMemoryServer stopped at node_13
[ 2026-03-22 17:25:55 | node_14 | INFO ] Stopping node...
[ 2026-03-22 17:25:55 | node_14 | INFO ] 🛑 Stopping gossiper...
[ 2026-03-22 17:25:55 | node_14 | INFO ] InMemoryServer stopped at node_14
[ 2026-03-22 17:25:55 | node_15 | INFO ] Stopping node...
[ 2026-03-22 17:25:55 | node_15 | INFO ] 🛑 Stopping gossiper...
[ 2026-03-22 17:25:55 | node_15 | INFO ] InMemoryServer stopped at node_15
[ 2026-03-22 17:25:55 | node_16 | INFO ] Stopping node...
[ 2026-03-22 17:25:55 | node_16 | INFO ] 🛑 Stopping gossiper...
[ 2026-03-22 17:25:55 | node_16 | INFO ] InMemoryServer stopped at node_16
[ 2026-03-22 17:25:55 | node_17 | INFO ] Stopping node...
[ 2026-03-22 17:25:55 | node_17 | INFO ] 🛑 Stopping gossiper...
[ 2026-03-22 17:25:55 | node_17 | INFO ] InMemoryServer stopped at node_17
[ 2026-03-22 17:25:55 | node_18 | INFO ] Stopping node...
[ 2026-03-22 17:25:55 | node_18 | INFO ] 🛑 Stopping gossiper...
[ 2026-03-22 17:25:55 | node_18 | INFO ] InMemoryServer stopped at node_18
[ 2026-03-22 17:25:55 | node_19 | INFO ] Stopping node...
[ 2026-03-22 17:25:55 | node_19 | INFO ] 🛑 Stopping gossiper...
[ 2026-03-22 17:25:55 | node_19 | INFO ] InMemoryServer stopped at node_19
[ 2026-03-22 17:25:55 | node_20 | INFO ] Stopping node...
[ 2026-03-22 17:25:55 | node_20 | INFO ] 🛑 Stopping gossiper...
[ 2026-03-22 17:25:55 | node_20 | INFO ] InMemoryServer stopped at node_20
[ 2026-03-22 17:25:55 | node_21 | INFO ] Stopping node...
[ 2026-03-22 17:25:55 | node_21 | INFO ] 🛑 Stopping gossiper...
[ 2026-03-22 17:25:55 | node_21 | INFO ] InMemoryServer stopped at node_21
[ 2026-03-22 17:25:55 | node_22 | INFO ] Stopping node...
[ 2026-03-22 17:25:55 | node_22 | INFO ] 🛑 Stopping gossiper...
[ 2026-03-22 17:25:55 | node_22 | INFO ] InMemoryServer stopped at node_22
[ 2026-03-22 17:25:55 | node_23 | INFO ] Stopping node...
[ 2026-03-22 17:25:55 | node_23 | INFO ] 🛑 Stopping gossiper...
[ 2026-03-22 17:25:55 | node_23 | INFO ] InMemoryServer stopped at node_23
[ 2026-03-22 17:25:55 | node_24 | INFO ] Stopping node...
[ 2026-03-22 17:25:55 | node_24 | INFO ] 🛑 Stopping gossiper...
[ 2026-03-22 17:25:55 | node_24 | INFO ] InMemoryServer stopped at node_24
[ 2026-03-22 17:25:55 | node_25 | INFO ] Stopping node...
[ 2026-03-22 17:25:55 | node_25 | INFO ] 🛑 Stopping gossiper...
[ 2026-03-22 17:25:55 | node_25 | INFO ] InMemoryServer stopped at node_25
[ 2026-03-22 17:25:56 | node_26 | INFO ] Stopping node...
[ 2026-03-22 17:25:56 | node_26 | INFO ] 🛑 Stopping gossiper...
[ 2026-03-22 17:25:56 | node_26 | INFO ] InMemoryServer stopped at node_26
[ 2026-03-22 17:25:56 | node_27 | INFO ] Stopping node...
[ 2026-03-22 17:25:56 | node_27 | INFO ] 🛑 Stopping gossiper...
[ 2026-03-22 17:25:56 | node_27 | INFO ] InMemoryServer stopped at node_27
[ 2026-03-22 17:25:56 | node_28 | INFO ] Stopping node...
[ 2026-03-22 17:25:56 | node_28 | INFO ] 🛑 Stopping gossiper...
[ 2026-03-22 17:25:56 | node_28 | INFO ] InMemoryServer stopped at node_28
[ 2026-03-22 17:25:56 | node_29 | INFO ] Stopping node...
[ 2026-03-22 17:25:56 | node_29 | INFO ] 🛑 Stopping gossiper...
[ 2026-03-22 17:25:56 | node_29 | INFO ] InMemoryServer stopped at node_29
[ 2026-03-22 17:25:56 | node_30 | INFO ] Stopping node...
[ 2026-03-22 17:25:56 | node_30 | INFO ] 🛑 Stopping gossiper...
[ 2026-03-22 17:25:56 | node_30 | INFO ] InMemoryServer stopped at node_30
[ 2026-03-22 17:25:56 | node_31 | INFO ] Stopping node...
[ 2026-03-22 17:25:56 | node_31 | INFO ] 🛑 Stopping gossiper...
[ 2026-03-22 17:25:56 | node_31 | INFO ] InMemoryServer stopped at node_31
[ 2026-03-22 17:25:56 | node_32 | INFO ] Stopping node...
[ 2026-03-22 17:25:56 | node_32 | INFO ] 🛑 Stopping gossiper...
[ 2026-03-22 17:25:56 | node_32 | INFO ] InMemoryServer stopped at node_32
[ 2026-03-22 17:25:56 | node_33 | INFO ] Stopping node...
[ 2026-03-22 17:25:56 | node_33 | INFO ] 🛑 Stopping gossiper...
[ 2026-03-22 17:25:56 | node_33 | INFO ] InMemoryServer stopped at node_33
[ 2026-03-22 17:25:56 | node_34 | INFO ] Stopping node...
[ 2026-03-22 17:25:56 | node_34 | INFO ] 🛑 Stopping gossiper...
[ 2026-03-22 17:25:56 | node_34 | INFO ] InMemoryServer stopped at node_34
[ 2026-03-22 17:25:57 | node_35 | INFO ] Stopping node...
[ 2026-03-22 17:25:57 | node_35 | INFO ] 🛑 Stopping gossiper...
[ 2026-03-22 17:25:57 | node_35 | INFO ] InMemoryServer stopped at node_35
[ 2026-03-22 17:25:57 | node_36 | INFO ] Stopping node...
[ 2026-03-22 17:25:57 | node_36 | INFO ] 🛑 Stopping gossiper...
[ 2026-03-22 17:25:57 | node_36 | INFO ] InMemoryServer stopped at node_36
[ 2026-03-22 17:25:57 | node_37 | INFO ] Stopping node...
[ 2026-03-22 17:25:57 | node_37 | INFO ] 🛑 Stopping gossiper...
[ 2026-03-22 17:25:57 | node_37 | INFO ] InMemoryServer stopped at node_37
[ 2026-03-22 17:25:57 | node_38 | INFO ] Stopping node...
[ 2026-03-22 17:25:57 | node_38 | INFO ] 🛑 Stopping gossiper...
[ 2026-03-22 17:25:57 | node_38 | INFO ] InMemoryServer stopped at node_38
[ 2026-03-22 17:25:57 | node_39 | INFO ] Stopping node...
[ 2026-03-22 17:25:57 | node_39 | INFO ] 🛑 Stopping gossiper...
[ 2026-03-22 17:25:57 | node_39 | INFO ] InMemoryServer stopped at node_39
[ 2026-03-22 17:25:57 | node_40 | INFO ] Stopping node...
[ 2026-03-22 17:25:57 | node_40 | INFO ] 🛑 Stopping gossiper...
[ 2026-03-22 17:25:57 | node_40 | INFO ] InMemoryServer stopped at node_40
[ 2026-03-22 17:25:57 | node_41 | INFO ] Stopping node...
[ 2026-03-22 17:25:57 | node_41 | INFO ] 🛑 Stopping gossiper...
[ 2026-03-22 17:25:57 | node_41 | INFO ] InMemoryServer stopped at node_41
[ 2026-03-22 17:25:57 | node_42 | INFO ] Stopping node...
[ 2026-03-22 17:25:57 | node_42 | INFO ] 🛑 Stopping gossiper...
[ 2026-03-22 17:25:57 | node_42 | INFO ] InMemoryServer stopped at node_42
[ 2026-03-22 17:25:57 | node_43 | INFO ] Stopping node...
[ 2026-03-22 17:25:57 | node_43 | INFO ] 🛑 Stopping gossiper...
[ 2026-03-22 17:25:57 | node_43 | INFO ] InMemoryServer stopped at node_43
[ 2026-03-22 17:25:57 | node_44 | INFO ] Stopping node...
[ 2026-03-22 17:25:57 | node_44 | INFO ] 🛑 Stopping gossiper...
[ 2026-03-22 17:25:57 | node_44 | INFO ] InMemoryServer stopped at node_44
[ 2026-03-22 17:25:57 | node_45 | INFO ] Stopping node...
[ 2026-03-22 17:25:57 | node_45 | INFO ] 🛑 Stopping gossiper...
[ 2026-03-22 17:25:57 | node_45 | INFO ] InMemoryServer stopped at node_45
[ 2026-03-22 17:25:57 | node_46 | INFO ] Stopping node...
[ 2026-03-22 17:25:57 | node_46 | INFO ] 🛑 Stopping gossiper...
[ 2026-03-22 17:25:57 | node_46 | INFO ] InMemoryServer stopped at node_46
[ 2026-03-22 17:25:57 | node_47 | INFO ] Stopping node...
[ 2026-03-22 17:25:57 | node_47 | INFO ] 🛑 Stopping gossiper...
[ 2026-03-22 17:25:57 | node_47 | INFO ] InMemoryServer stopped at node_47
[ 2026-03-22 17:25:57 | node_48 | INFO ] Stopping node...
[ 2026-03-22 17:25:57 | node_48 | INFO ] 🛑 Stopping gossiper...
[ 2026-03-22 17:25:57 | node_48 | INFO ] InMemoryServer stopped at node_48
[ 2026-03-22 17:25:57 | node_49 | INFO ] Stopping node...
[ 2026-03-22 17:25:57 | node_49 | INFO ] 🛑 Stopping gossiper...
[ 2026-03-22 17:25:57 | node_49 | INFO ] InMemoryServer stopped at node_49
