[ 2026-03-06 14:13:45 | node_5 | INFO ] 📈 Evaluated. Results: {'test_loss': 0.17597483098506927, 'test_acc': 0.9900000095367432, 'test_precision': 0.9914999604225159, 'test_recall': 0.9894999861717224, 'test_f1': 0.9898096323013306, 'communication_cost': 0}
[ 2026-03-06 14:13:45 | node_15 | INFO ] 🚂 Round 81: Client training...
[ 2026-03-06 14:13:45 | node_30 | INFO ] 📈 Evaluated. Results: {'test_loss': 0.521098256111145, 'test_acc': 0.9700000286102295, 'test_precision': 0.9675905108451843, 'test_recall': 0.9715458750724792, 'test_f1': 0.9671987295150757, 'communication_cost': 0}
[ 2026-03-06 14:13:45 | node_8 | INFO ] 🚂 Round 81: Client training...
[ 2026-03-06 14:13:45 | node_37 | INFO ] 🔬 Evaluating...
[ 2026-03-06 14:13:45 | node_6 | INFO ] 📈 Evaluated. Results: {'test_loss': 0.24913562834262848, 'test_acc': 0.9750000238418579, 'test_precision': 0.980155885219574, 'test_recall': 0.9731819033622742, 'test_f1': 0.9747730493545532, 'communication_cost': 0}
[ 2026-03-06 14:13:45 | node_26 | INFO ] 📈 Evaluated. Results: {'test_loss': 0.2416526824235916, 'test_acc': 0.9649999737739563, 'test_precision': 0.9607238173484802, 'test_recall': 0.9678034782409668, 'test_f1': 0.962436854839325, 'communication_cost': 0}
[ 2026-03-06 14:13:45 | node_22 | INFO ] 📈 Evaluated. Results: {'test_loss': 0.17274494469165802, 'test_acc': 0.9800000190734863, 'test_precision': 0.979726254940033, 'test_recall': 0.9808332920074463, 'test_f1': 0.9796524047851562, 'communication_cost': 0}
[ 2026-03-06 14:13:45 | node_29 | INFO ] 📈 Evaluated. Results: {'test_loss': 0.40635213255882263, 'test_acc': 0.9750000238418579, 'test_precision': 0.9718396067619324, 'test_recall': 0.9741279482841492, 'test_f1': 0.9710142612457275, 'communication_cost': 0}
[ 2026-03-06 14:13:45 | node_27 | INFO ] 📈 Evaluated. Results: {'test_loss': 0.06679084897041321, 'test_acc': 0.9950000047683716, 'test_precision': 0.9955000281333923, 'test_recall': 0.9910000562667847, 'test_f1': 0.9924571514129639, 'communication_cost': 0}
[ 2026-03-06 14:13:45 | node_20 | INFO ] 📈 Evaluated. Results: {'test_loss': 0.3360765874385834, 'test_acc': 0.9700000286102295, 'test_precision': 0.9760134220123291, 'test_recall': 0.9655454754829407, 'test_f1': 0.9684388041496277, 'communication_cost': 0}
[ 2026-03-06 14:13:45 | node_1 | INFO ] 📈 Evaluated. Results: {'test_loss': 0.4914608895778656, 'test_acc': 0.9649999737739563, 'test_precision': 0.9683341383934021, 'test_recall': 0.9599371552467346, 'test_f1': 0.9616405367851257, 'communication_cost': 0}
[ 2026-03-06 14:13:45 | node_11 | INFO ] 📈 Evaluated. Results: {'test_loss': 0.44098639488220215, 'test_acc': 0.9750000238418579, 'test_precision': 0.9739538431167603, 'test_recall': 0.9724674224853516, 'test_f1': 0.9720712304115295, 'communication_cost': 0}
[ 2026-03-06 14:13:45 | node_4 | INFO ] 📈 Evaluated. Results: {'test_loss': 0.06606048345565796, 'test_acc': 0.9850000143051147, 'test_precision': 0.9857085347175598, 'test_recall': 0.9871538281440735, 'test_f1': 0.9857523441314697, 'communication_cost': 0}
[ 2026-03-06 14:13:45 | node_12 | INFO ] 📈 Evaluated. Results: {'test_loss': 0.10231206566095352, 'test_acc': 0.9950000047683716, 'test_precision': 0.9955000281333923, 'test_recall': 0.9967272877693176, 'test_f1': 0.9958857893943787, 'communication_cost': 0}
[ 2026-03-06 14:13:45 | node_21 | INFO ] 📈 Evaluated. Results: {'test_loss': 0.7018135190010071, 'test_acc': 0.9700000286102295, 'test_precision': 0.9713238477706909, 'test_recall': 0.9652230143547058, 'test_f1': 0.9666387438774109, 'communication_cost': 0}
[ 2026-03-06 14:13:45 | node_5 | INFO ] 🚂 Round 81: Client training...
[ 2026-03-06 14:13:45 | node_30 | INFO ] 🚂 Round 81: Client training...
[ 2026-03-06 14:13:45 | node_25 | INFO ] 📈 Evaluated. Results: {'test_loss': 0.42852985858917236, 'test_acc': 0.9750000238418579, 'test_precision': 0.9763789176940918, 'test_recall': 0.9758769273757935, 'test_f1': 0.9752805829048157, 'communication_cost': 0}
[ 2026-03-06 14:13:45 | node_6 | INFO ] 🚂 Round 81: Client training...
[ 2026-03-06 14:13:45 | node_7 | INFO ] 📈 Evaluated. Results: {'test_loss': 0.06995505094528198, 'test_acc': 0.9950000047683716, 'test_precision': 0.9950768947601318, 'test_recall': 0.9957333207130432, 'test_f1': 0.9952331781387329, 'communication_cost': 0}
[ 2026-03-06 14:13:45 | node_28 | INFO ] 📈 Evaluated. Results: {'test_loss': 0.22055184841156006, 'test_acc': 0.9750000238418579, 'test_precision': 0.9752143025398254, 'test_recall': 0.9739571213722229, 'test_f1': 0.9734120965003967, 'communication_cost': 0}
[ 2026-03-06 14:13:45 | node_22 | INFO ] 🚂 Round 81: Client training...
[ 2026-03-06 14:13:45 | node_26 | INFO ] 🚂 Round 81: Client training...
[ 2026-03-06 14:13:45 | node_32 | INFO ] 📈 Evaluated. Results: {'test_loss': 0.23702500760555267, 'test_acc': 0.9750000238418579, 'test_precision': 0.9760888814926147, 'test_recall': 0.9725828766822815, 'test_f1': 0.9732062816619873, 'communication_cost': 0}
[ 2026-03-06 14:13:45 | node_33 | INFO ] 📈 Evaluated. Results: {'test_loss': 0.12113626301288605, 'test_acc': 0.9750000238418579, 'test_precision': 0.9802181720733643, 'test_recall': 0.969153881072998, 'test_f1': 0.9735009670257568, 'communication_cost': 0}
[ 2026-03-06 14:13:45 | node_29 | INFO ] 🚂 Round 81: Client training...
[ 2026-03-06 14:13:45 | node_27 | INFO ] 🚂 Round 81: Client training...
[ 2026-03-06 14:13:45 | node_20 | INFO ] 🚂 Round 81: Client training...
[ 2026-03-06 14:13:45 | node_1 | INFO ] 🚂 Round 81: Client training...
[ 2026-03-06 14:13:45 | node_11 | INFO ] 🚂 Round 81: Client training...
[ 2026-03-06 14:13:45 | node_23 | INFO ] 📈 Evaluated. Results: {'test_loss': 0.22200170159339905, 'test_acc': 0.9750000238418579, 'test_precision': 0.9682769775390625, 'test_recall': 0.9789887070655823, 'test_f1': 0.9716722369194031, 'communication_cost': 0}
[ 2026-03-06 14:13:45 | node_12 | INFO ] 🚂 Round 81: Client training...
[ 2026-03-06 14:13:45 | node_19 | INFO ] 📈 Evaluated. Results: {'test_loss': 0.0841665267944336, 'test_acc': 0.9850000143051147, 'test_precision': 0.984844446182251, 'test_recall': 0.9824444651603699, 'test_f1': 0.9827436804771423, 'communication_cost': 0}
[ 2026-03-06 14:13:45 | node_31 | INFO ] 📈 Evaluated. Results: {'test_loss': 0.06382811814546585, 'test_acc': 0.9850000143051147, 'test_precision': 0.9830389618873596, 'test_recall': 0.9849286079406738, 'test_f1': 0.9834128022193909, 'communication_cost': 0}
[ 2026-03-06 14:13:45 | node_3 | INFO ] 📈 Evaluated. Results: {'test_loss': 0.13383996486663818, 'test_acc': 0.9800000190734863, 'test_precision': 0.974702000617981, 'test_recall': 0.9765333533287048, 'test_f1': 0.9735440015792847, 'communication_cost': 0}
[ 2026-03-06 14:13:45 | node_18 | INFO ] 📈 Evaluated. Results: {'test_loss': 0.0025020455941557884, 'test_acc': 1.0, 'test_precision': 1.0, 'test_recall': 1.0, 'test_f1': 1.0, 'communication_cost': 0}
[ 2026-03-06 14:13:46 | node_17 | INFO ] 📈 Evaluated. Results: {'test_loss': 0.03592270612716675, 'test_acc': 0.9900000095367432, 'test_precision': 0.9900000095367432, 'test_recall': 0.9919999837875366, 'test_f1': 0.9904806613922119, 'communication_cost': 0}
[ 2026-03-06 14:13:46 | node_40 | INFO ] 🔬 Evaluating...
[ 2026-03-06 14:13:46 | node_35 | INFO ] 📈 Evaluated. Results: {'test_loss': 0.259459525346756, 'test_acc': 0.9800000190734863, 'test_precision': 0.9777769446372986, 'test_recall': 0.9804638624191284, 'test_f1': 0.9779289364814758, 'communication_cost': 0}
[ 2026-03-06 14:13:46 | node_34 | INFO ] 📈 Evaluated. Results: {'test_loss': 0.302192747592926, 'test_acc': 0.9700000286102295, 'test_precision': 0.9674285650253296, 'test_recall': 0.972577691078186, 'test_f1': 0.9674609303474426, 'communication_cost': 0}
[ 2026-03-06 14:13:46 | node_4 | INFO ] 🚂 Round 81: Client training...
[ 2026-03-06 14:13:46 | node_38 | INFO ] 📈 Evaluated. Results: {'test_loss': 0.4243986904621124, 'test_acc': 0.9649999737739563, 'test_precision': 0.9643601775169373, 'test_recall': 0.9650388956069946, 'test_f1': 0.9624630212783813, 'communication_cost': 0}
[ 2026-03-06 14:13:46 | node_39 | INFO ] 📈 Evaluated. Results: {'test_loss': 0.509021520614624, 'test_acc': 0.9599999785423279, 'test_precision': 0.9633920192718506, 'test_recall': 0.9516587853431702, 'test_f1': 0.9544697403907776, 'communication_cost': 0}
[ 2026-03-06 14:13:46 | node_36 | INFO ] 📈 Evaluated. Results: {'test_loss': 0.010559138841927052, 'test_acc': 0.9900000095367432, 'test_precision': 0.9876571893692017, 'test_recall': 0.9897143840789795, 'test_f1': 0.9880878925323486, 'communication_cost': 0}
[ 2026-03-06 14:13:46 | node_21 | INFO ] 🚂 Round 81: Client training...
[ 2026-03-06 14:13:46 | node_16 | INFO ] 📈 Evaluated. Results: {'test_loss': 0.16798637807369232, 'test_acc': 0.9850000143051147, 'test_precision': 0.9874685406684875, 'test_recall': 0.9853352904319763, 'test_f1': 0.9857458472251892, 'communication_cost': 0}
[ 2026-03-06 14:13:46 | node_25 | INFO ] 🚂 Round 81: Client training...
[ 2026-03-06 14:13:46 | node_24 | INFO ] 📈 Evaluated. Results: {'test_loss': 0.04322712868452072, 'test_acc': 0.9800000190734863, 'test_precision': 0.9821721911430359, 'test_recall': 0.9779254198074341, 'test_f1': 0.979290783405304, 'communication_cost': 0}
[ 2026-03-06 14:13:46 | node_7 | INFO ] 🚂 Round 81: Client training...
[ 2026-03-06 14:13:46 | node_37 | INFO ] 📈 Evaluated. Results: {'test_loss': 0.198726087808609, 'test_acc': 0.9700000286102295, 'test_precision': 0.9751619100570679, 'test_recall': 0.9673596024513245, 'test_f1': 0.9698507189750671, 'communication_cost': 0}
[ 2026-03-06 14:13:46 | node_28 | INFO ] 🚂 Round 81: Client training...
[ 2026-03-06 14:13:46 | node_32 | INFO ] 🚂 Round 81: Client training...
[ 2026-03-06 14:13:46 | node_33 | INFO ] 🚂 Round 81: Client training...
[ 2026-03-06 14:13:46 | node_41 | INFO ] 🔬 Evaluating...
[ 2026-03-06 14:13:46 | node_23 | INFO ] 🚂 Round 81: Client training...
[ 2026-03-06 14:13:46 | node_19 | INFO ] 🚂 Round 81: Client training...
[ 2026-03-06 14:13:46 | node_31 | INFO ] 🚂 Round 81: Client training...
[ 2026-03-06 14:13:46 | node_3 | INFO ] 🚂 Round 81: Client training...
[ 2026-03-06 14:13:46 | node_18 | INFO ] 🚂 Round 81: Client training...
[ 2026-03-06 14:13:46 | node_42 | INFO ] 🔬 Evaluating...
[ 2026-03-06 14:13:46 | node_17 | INFO ] 🚂 Round 81: Client training...
[ 2026-03-06 14:13:46 | node_35 | INFO ] 🚂 Round 81: Client training...
[ 2026-03-06 14:13:46 | node_34 | INFO ] 🚂 Round 81: Client training...
[ 2026-03-06 14:13:46 | node_38 | INFO ] 🚂 Round 81: Client training...
[ 2026-03-06 14:13:46 | node_39 | INFO ] 🚂 Round 81: Client training...
[ 2026-03-06 14:13:46 | node_36 | INFO ] 🚂 Round 81: Client training...
[ 2026-03-06 14:13:46 | node_16 | INFO ] 🚂 Round 81: Client training...
[ 2026-03-06 14:13:46 | node_24 | INFO ] 🚂 Round 81: Client training...
[ 2026-03-06 14:13:46 | node_37 | INFO ] 🚂 Round 81: Client training...
[ 2026-03-06 14:13:46 | node_40 | INFO ] 📈 Evaluated. Results: {'test_loss': 0.10158727318048477, 'test_acc': 0.9750000238418579, 'test_precision': 0.9692571759223938, 'test_recall': 0.9799538254737854, 'test_f1': 0.9706836938858032, 'communication_cost': 0}
[ 2026-03-06 14:13:46 | node_43 | INFO ] 🔬 Evaluating...
[ 2026-03-06 14:13:46 | node_44 | INFO ] 🔬 Evaluating...
[ 2026-03-06 14:13:46 | node_40 | INFO ] 🚂 Round 81: Client training...
[ 2026-03-06 14:13:47 | node_41 | INFO ] 📈 Evaluated. Results: {'test_loss': 0.10409294813871384, 'test_acc': 0.9850000143051147, 'test_precision': 0.9868571758270264, 'test_recall': 0.98638916015625, 'test_f1': 0.9861353039741516, 'communication_cost': 0}
[ 2026-03-06 14:13:47 | node_42 | INFO ] 📈 Evaluated. Results: {'test_loss': 0.4432431161403656, 'test_acc': 0.9700000286102295, 'test_precision': 0.9754965305328369, 'test_recall': 0.9670151472091675, 'test_f1': 0.9688677787780762, 'communication_cost': 0}
[ 2026-03-06 14:13:47 | node_41 | INFO ] 🚂 Round 81: Client training...
[ 2026-03-06 14:13:47 | node_43 | INFO ] 📈 Evaluated. Results: {'test_loss': 0.5594542026519775, 'test_acc': 0.9700000286102295, 'test_precision': 0.968067467212677, 'test_recall': 0.9688571095466614, 'test_f1': 0.9660584926605225, 'communication_cost': 0}
[ 2026-03-06 14:13:47 | node_42 | INFO ] 🚂 Round 81: Client training...
[ 2026-03-06 14:13:47 | node_45 | INFO ] 🔬 Evaluating...
[ 2026-03-06 14:13:47 | node_44 | INFO ] 📈 Evaluated. Results: {'test_loss': 0.1660090982913971, 'test_acc': 0.949999988079071, 'test_precision': 0.948411226272583, 'test_recall': 0.9508498907089233, 'test_f1': 0.948561429977417, 'communication_cost': 0}
[ 2026-03-06 14:13:47 | node_43 | INFO ] 🚂 Round 81: Client training...
[ 2026-03-06 14:13:47 | node_46 | INFO ] 🔬 Evaluating...
[ 2026-03-06 14:13:47 | node_44 | INFO ] 🚂 Round 81: Client training...
[ 2026-03-06 14:13:47 | node_45 | INFO ] 📈 Evaluated. Results: {'test_loss': 0.7327278256416321, 'test_acc': 0.9649999737739563, 'test_precision': 0.9619026780128479, 'test_recall': 0.961134135723114, 'test_f1': 0.9585747718811035, 'communication_cost': 0}
[ 2026-03-06 14:13:48 | node_45 | INFO ] 🚂 Round 81: Client training...
[ 2026-03-06 14:13:48 | node_46 | INFO ] 📈 Evaluated. Results: {'test_loss': 0.25659194588661194, 'test_acc': 0.9750000238418579, 'test_precision': 0.9732000827789307, 'test_recall': 0.9748716950416565, 'test_f1': 0.971651017665863, 'communication_cost': 0}
[ 2026-03-06 14:13:48 | node_46 | INFO ] 🚂 Round 81: Client training...
[ 2026-03-06 14:13:48 | node | INFO ] ⏳ Round 81: Server waiting for 49 updates.
[ 2026-03-06 14:13:48 | node | INFO ] ♻️ Proactively processing 44 early models for round 81.
[ 2026-03-06 14:13:48 | node | INFO ] 🧩 Model added for round 81 (1/49) from ['node_2']
[ 2026-03-06 14:13:48 | node | INFO ] 🧩 Model added for round 81 (2/49) from ['node_9']
[ 2026-03-06 14:13:48 | node | INFO ] 🧩 Model added for round 81 (3/49) from ['node_13']
[ 2026-03-06 14:13:48 | node | INFO ] 🧩 Model added for round 81 (4/49) from ['node_10']
[ 2026-03-06 14:13:48 | node | INFO ] 🧩 Model added for round 81 (5/49) from ['node_14']
[ 2026-03-06 14:13:48 | node | INFO ] 🧩 Model added for round 81 (6/49) from ['node_15']
[ 2026-03-06 14:13:48 | node | INFO ] 🧩 Model added for round 81 (7/49) from ['node_8']
[ 2026-03-06 14:13:48 | node | INFO ] 🧩 Model added for round 81 (8/49) from ['node_30']
[ 2026-03-06 14:13:48 | node | INFO ] 🧩 Model added for round 81 (9/49) from ['node_6']
[ 2026-03-06 14:13:48 | node | INFO ] 🧩 Model added for round 81 (10/49) from ['node_26']
[ 2026-03-06 14:13:48 | node | INFO ] 🧩 Model added for round 81 (11/49) from ['node_5']
[ 2026-03-06 14:13:48 | node | INFO ] 🧩 Model added for round 81 (12/49) from ['node_22']
[ 2026-03-06 14:13:48 | node | INFO ] 🧩 Model added for round 81 (13/49) from ['node_29']
[ 2026-03-06 14:13:48 | node | INFO ] 🧩 Model added for round 81 (14/49) from ['node_27']
[ 2026-03-06 14:13:48 | node | INFO ] 🧩 Model added for round 81 (15/49) from ['node_1']
[ 2026-03-06 14:13:48 | node | INFO ] 🧩 Model added for round 81 (16/49) from ['node_20']
[ 2026-03-06 14:13:48 | node | INFO ] 🧩 Model added for round 81 (17/49) from ['node_11']
[ 2026-03-06 14:13:48 | node | INFO ] 🧩 Model added for round 81 (18/49) from ['node_12']
[ 2026-03-06 14:13:48 | node | INFO ] 🧩 Model added for round 81 (19/49) from ['node_28']
[ 2026-03-06 14:13:48 | node | INFO ] 🧩 Model added for round 81 (20/49) from ['node_4']
[ 2026-03-06 14:13:48 | node | INFO ] 🧩 Model added for round 81 (21/49) from ['node_21']
[ 2026-03-06 14:13:48 | node | INFO ] 🧩 Model added for round 81 (22/49) from ['node_25']
[ 2026-03-06 14:13:48 | node | INFO ] 🧩 Model added for round 81 (23/49) from ['node_32']
[ 2026-03-06 14:13:48 | node | INFO ] 🧩 Model added for round 81 (24/49) from ['node_7']
[ 2026-03-06 14:13:48 | node | INFO ] 🧩 Model added for round 81 (25/49) from ['node_33']
[ 2026-03-06 14:13:48 | node | INFO ] 🧩 Model added for round 81 (26/49) from ['node_23']
[ 2026-03-06 14:13:48 | node | INFO ] 🧩 Model added for round 81 (27/49) from ['node_19']
[ 2026-03-06 14:13:48 | node | INFO ] 🧩 Model added for round 81 (28/49) from ['node_3']
[ 2026-03-06 14:13:48 | node | INFO ] 🧩 Model added for round 81 (29/49) from ['node_31']
[ 2026-03-06 14:13:48 | node | INFO ] 🧩 Model added for round 81 (30/49) from ['node_17']
[ 2026-03-06 14:13:48 | node | INFO ] 🧩 Model added for round 81 (31/49) from ['node_18']
[ 2026-03-06 14:13:48 | node | INFO ] 🧩 Model added for round 81 (32/49) from ['node_34']
[ 2026-03-06 14:13:48 | node | INFO ] 🧩 Model added for round 81 (33/49) from ['node_38']
[ 2026-03-06 14:13:48 | node | INFO ] 🧩 Model added for round 81 (34/49) from ['node_37']
[ 2026-03-06 14:13:48 | node | INFO ] 🧩 Model added for round 81 (35/49) from ['node_36']
[ 2026-03-06 14:13:48 | node | INFO ] 🧩 Model added for round 81 (36/49) from ['node_35']
[ 2026-03-06 14:13:48 | node | INFO ] 🧩 Model added for round 81 (37/49) from ['node_39']
[ 2026-03-06 14:13:48 | node | INFO ] 🧩 Model added for round 81 (38/49) from ['node_16']
[ 2026-03-06 14:13:48 | node | INFO ] 🧩 Model added for round 81 (39/49) from ['node_24']
[ 2026-03-06 14:13:48 | node | INFO ] 🧩 Model added for round 81 (40/49) from ['node_40']
[ 2026-03-06 14:13:48 | node | INFO ] 🧩 Model added for round 81 (41/49) from ['node_41']
[ 2026-03-06 14:13:48 | node | INFO ] 🧩 Model added for round 81 (42/49) from ['node_42']
[ 2026-03-06 14:13:48 | node | INFO ] 🧩 Model added for round 81 (43/49) from ['node_43']
[ 2026-03-06 14:13:48 | node | INFO ] 🧩 Model added for round 81 (44/49) from ['node_44']
[ 2026-03-06 14:13:48 | node | INFO ] 🧩 Model added for round 81 (45/49) from ['node_45']
[ 2026-03-06 14:13:48 | node | INFO ] 🧩 Model added for round 81 (46/49) from ['node_46']
[ 2026-03-06 14:13:48 | node_48 | INFO ] 🔬 Evaluating...
[ 2026-03-06 14:13:48 | node_47 | INFO ] 🔬 Evaluating...
[ 2026-03-06 14:13:48 | node_49 | INFO ] 🔬 Evaluating...
[ 2026-03-06 14:13:48 | node_48 | INFO ] 📈 Evaluated. Results: {'test_loss': 0.24469918012619019, 'test_acc': 0.9800000190734863, 'test_precision': 0.9801313877105713, 'test_recall': 0.9808639287948608, 'test_f1': 0.9789226055145264, 'communication_cost': 0}
[ 2026-03-06 14:13:48 | node_49 | INFO ] 📈 Evaluated. Results: {'test_loss': 0.3091631233692169, 'test_acc': 0.9649999737739563, 'test_precision': 0.9712424278259277, 'test_recall': 0.9624881148338318, 'test_f1': 0.964585542678833, 'communication_cost': 0}
[ 2026-03-06 14:13:48 | node_48 | INFO ] 🚂 Round 81: Client training...
[ 2026-03-06 14:13:48 | node_49 | INFO ] 🚂 Round 81: Client training...
[ 2026-03-06 14:13:48 | node_47 | INFO ] 📈 Evaluated. Results: {'test_loss': 0.2981622815132141, 'test_acc': 0.9700000286102295, 'test_precision': 0.9678341150283813, 'test_recall': 0.962334156036377, 'test_f1': 0.9620276689529419, 'communication_cost': 0}
[ 2026-03-06 14:13:48 | node_47 | INFO ] 🚂 Round 81: Client training...
[ 2026-03-06 14:13:48 | node | INFO ] 🧩 Model added for round 81 (47/49) from ['node_48']
[ 2026-03-06 14:13:48 | node | INFO ] 🧩 Model added for round 81 (48/49) from ['node_49']
[ 2026-03-06 14:13:48 | node | INFO ] 🧩 Model added for round 81 (49/49) from ['node_47']
[ 2026-03-06 14:13:49 | node | INFO ] 🔬 Evaluating...
[ 2026-03-06 14:13:49 | node | INFO ] 📈 Evaluated. Results: {'test_loss': 0.2271307110786438, 'test_acc': 0.9850000143051147, 'test_precision': 0.9841939806938171, 'test_recall': 0.9803000092506409, 'test_f1': 0.9808365106582642, 'communication_cost': 46110666}
[ 2026-03-06 14:13:49 | node_1 | INFO ] 🔬 Evaluating...
[ 2026-03-06 14:13:49 | node_6 | INFO ] 🔬 Evaluating...
[ 2026-03-06 14:13:49 | node_20 | INFO ] 🔬 Evaluating...
[ 2026-03-06 14:13:49 | node_26 | INFO ] 🔬 Evaluating...
[ 2026-03-06 14:13:49 | node_22 | INFO ] 🔬 Evaluating...
[ 2026-03-06 14:13:49 | node_5 | INFO ] 🔬 Evaluating...
[ 2026-03-06 14:13:49 | node_4 | INFO ] 🔬 Evaluating...
[ 2026-03-06 14:13:49 | node_1 | INFO ] 📈 Evaluated. Results: {'test_loss': 0.5276367664337158, 'test_acc': 0.9599999785423279, 'test_precision': 0.9579341411590576, 'test_recall': 0.9561609625816345, 'test_f1': 0.9523628950119019, 'communication_cost': 0}
[ 2026-03-06 14:13:49 | node_21 | INFO ] 🔬 Evaluating...
[ 2026-03-06 14:13:49 | node_11 | INFO ] 🔬 Evaluating...
[ 2026-03-06 14:13:49 | node_3 | INFO ] 🔬 Evaluating...
[ 2026-03-06 14:13:49 | node_28 | INFO ] 🔬 Evaluating...
[ 2026-03-06 14:13:49 | node_25 | INFO ] 🔬 Evaluating...
[ 2026-03-06 14:13:49 | node_17 | INFO ] 🔬 Evaluating...
[ 2026-03-06 14:13:49 | node_7 | INFO ] 🔬 Evaluating...
[ 2026-03-06 14:13:49 | node_18 | INFO ] 🔬 Evaluating...
[ 2026-03-06 14:13:49 | node_16 | INFO ] 🔬 Evaluating...
[ 2026-03-06 14:13:49 | node_23 | INFO ] 🔬 Evaluating...
[ 2026-03-06 14:13:49 | node_19 | INFO ] 🔬 Evaluating...
[ 2026-03-06 14:13:49 | node_24 | INFO ] 🔬 Evaluating...
[ 2026-03-06 14:13:49 | node_12 | INFO ] 🔬 Evaluating...
[ 2026-03-06 14:13:49 | node_6 | INFO ] 📈 Evaluated. Results: {'test_loss': 0.2851961851119995, 'test_acc': 0.9700000286102295, 'test_precision': 0.9758285284042358, 'test_recall': 0.9695819020271301, 'test_f1': 0.9707696437835693, 'communication_cost': 0}
[ 2026-03-06 14:13:49 | node_26 | INFO ] 📈 Evaluated. Results: {'test_loss': 0.28999537229537964, 'test_acc': 0.9649999737739563, 'test_precision': 0.9607238173484802, 'test_recall': 0.9678034782409668, 'test_f1': 0.962436854839325, 'communication_cost': 0}
[ 2026-03-06 14:13:49 | node_20 | INFO ] 📈 Evaluated. Results: {'test_loss': 0.3859778344631195, 'test_acc': 0.9599999785423279, 'test_precision': 0.9669390320777893, 'test_recall': 0.9601635932922363, 'test_f1': 0.9608465433120728, 'communication_cost': 0}
[ 2026-03-06 14:13:49 | node_11 | INFO ] 📈 Evaluated. Results: {'test_loss': 0.4428209662437439, 'test_acc': 0.9750000238418579, 'test_precision': 0.9739538431167603, 'test_recall': 0.9724674224853516, 'test_f1': 0.9720712304115295, 'communication_cost': 0}
[ 2026-03-06 14:13:49 | node_1 | INFO ] 🚂 Round 82: Client training...
[ 2026-03-06 14:13:49 | node_6 | INFO ] 🚂 Round 82: Client training...
[ 2026-03-06 14:13:49 | node_26 | INFO ] 🚂 Round 82: Client training...
[ 2026-03-06 14:13:49 | node_20 | INFO ] 🚂 Round 82: Client training...
[ 2026-03-06 14:13:49 | node_10 | INFO ] 🔬 Evaluating...
[ 2026-03-06 14:13:49 | node_2 | INFO ] 🔬 Evaluating...
[ 2026-03-06 14:13:49 | node_8 | INFO ] 🔬 Evaluating...
[ 2026-03-06 14:13:49 | node_15 | INFO ] 🔬 Evaluating...
[ 2026-03-06 14:13:49 | node_9 | INFO ] 🔬 Evaluating...
[ 2026-03-06 14:13:49 | node_14 | INFO ] 🔬 Evaluating...
[ 2026-03-06 14:13:49 | node_13 | INFO ] 🔬 Evaluating...
[ 2026-03-06 14:13:49 | node_29 | INFO ] 🔬 Evaluating...
[ 2026-03-06 14:13:49 | node_30 | INFO ] 🔬 Evaluating...
[ 2026-03-06 14:13:49 | node_27 | INFO ] 🔬 Evaluating...
[ 2026-03-06 14:13:49 | node_22 | INFO ] 📈 Evaluated. Results: {'test_loss': 0.18978622555732727, 'test_acc': 0.9750000238418579, 'test_precision': 0.976226270198822, 'test_recall': 0.9748333692550659, 'test_f1': 0.9742796421051025, 'communication_cost': 0}
[ 2026-03-06 14:13:49 | node_11 | INFO ] 🚂 Round 82: Client training...
[ 2026-03-06 14:13:49 | node_16 | INFO ] 📈 Evaluated. Results: {'test_loss': 0.19429320096969604, 'test_acc': 0.9850000143051147, 'test_precision': 0.9874685406684875, 'test_recall': 0.9853352904319763, 'test_f1': 0.9857458472251892, 'communication_cost': 0}
[ 2026-03-06 14:13:50 | node_32 | INFO ] 🔬 Evaluating...
[ 2026-03-06 14:13:50 | node_28 | INFO ] 📈 Evaluated. Results: {'test_loss': 0.25781628489494324, 'test_acc': 0.9700000286102295, 'test_precision': 0.97125244140625, 'test_recall': 0.9690340161323547, 'test_f1': 0.9686510562896729, 'communication_cost': 0}
[ 2026-03-06 14:13:50 | node_31 | INFO ] 🔬 Evaluating...
[ 2026-03-06 14:13:50 | node_3 | INFO ] 📈 Evaluated. Results: {'test_loss': 0.1320704072713852, 'test_acc': 0.9750000238418579, 'test_precision': 0.9711019992828369, 'test_recall': 0.9735333323478699, 'test_f1': 0.9700840711593628, 'communication_cost': 0}
[ 2026-03-06 14:13:50 | node_22 | INFO ] 🚂 Round 82: Client training...
[ 2026-03-06 14:13:50 | node_16 | INFO ] 🚂 Round 82: Client training...
[ 2026-03-06 14:13:50 | node_5 | INFO ] 📈 Evaluated. Results: {'test_loss': 0.1798660159111023, 'test_acc': 0.9900000095367432, 'test_precision': 0.9914999604225159, 'test_recall': 0.9894999861717224, 'test_f1': 0.9898096323013306, 'communication_cost': 0}
[ 2026-03-06 14:13:50 | node_28 | INFO ] 🚂 Round 82: Client training...
[ 2026-03-06 14:13:50 | node_23 | INFO ] 📈 Evaluated. Results: {'test_loss': 0.22858081758022308, 'test_acc': 0.9750000238418579, 'test_precision': 0.9682769775390625, 'test_recall': 0.9789887070655823, 'test_f1': 0.9716722369194031, 'communication_cost': 0}
[ 2026-03-06 14:13:50 | node_3 | INFO ] 🚂 Round 82: Client training...
[ 2026-03-06 14:13:50 | node_5 | INFO ] 🚂 Round 82: Client training...
[ 2026-03-06 14:13:50 | node_23 | INFO ] 🚂 Round 82: Client training...
[ 2026-03-06 14:13:50 | node_17 | INFO ] 📈 Evaluated. Results: {'test_loss': 0.05653076618909836, 'test_acc': 0.9950000047683716, 'test_precision': 0.9959999918937683, 'test_recall': 0.9959999918937683, 'test_f1': 0.9958709478378296, 'communication_cost': 0}
[ 2026-03-06 14:13:50 | node_21 | INFO ] 📈 Evaluated. Results: {'test_loss': 0.6938972473144531, 'test_acc': 0.9599999785423279, 'test_precision': 0.9635382890701294, 'test_recall': 0.9551118612289429, 'test_f1': 0.9570437669754028, 'communication_cost': 0}
[ 2026-03-06 14:13:50 | node_17 | INFO ] 🚂 Round 82: Client training...
[ 2026-03-06 14:13:50 | node_18 | INFO ] 📈 Evaluated. Results: {'test_loss': 0.0023302268236875534, 'test_acc': 1.0, 'test_precision': 1.0, 'test_recall': 1.0, 'test_f1': 1.0, 'communication_cost': 0}
[ 2026-03-06 14:13:50 | node_21 | INFO ] 🚂 Round 82: Client training...
[ 2026-03-06 14:13:50 | node_18 | INFO ] 🚂 Round 82: Client training...
[ 2026-03-06 14:13:50 | node_33 | INFO ] 🔬 Evaluating...
[ 2026-03-06 14:13:50 | node_4 | INFO ] 📈 Evaluated. Results: {'test_loss': 0.07157508283853531, 'test_acc': 0.9900000095367432, 'test_precision': 0.9890769720077515, 'test_recall': 0.9920769333839417, 'test_f1': 0.9900420308113098, 'communication_cost': 0}
[ 2026-03-06 14:13:50 | node_35 | INFO ] 🔬 Evaluating...
[ 2026-03-06 14:13:50 | node_24 | INFO ] 📈 Evaluated. Results: {'test_loss': 0.04721122235059738, 'test_acc': 0.9850000143051147, 'test_precision': 0.9851720929145813, 'test_recall': 0.9839254021644592, 'test_f1': 0.9841287136077881, 'communication_cost': 0}
[ 2026-03-06 14:13:50 | node_7 | INFO ] 📈 Evaluated. Results: {'test_loss': 0.06508656591176987, 'test_acc': 0.9950000047683716, 'test_precision': 0.9950768947601318, 'test_recall': 0.9957333207130432, 'test_f1': 0.9952331781387329, 'communication_cost': 0}
[ 2026-03-06 14:13:50 | node_19 | INFO ] 📈 Evaluated. Results: {'test_loss': 0.08480436354875565, 'test_acc': 0.9850000143051147, 'test_precision': 0.984844446182251, 'test_recall': 0.9824444651603699, 'test_f1': 0.9827436804771423, 'communication_cost': 0}
[ 2026-03-06 14:13:50 | node_25 | INFO ] 📈 Evaluated. Results: {'test_loss': 0.4646092355251312, 'test_acc': 0.9750000238418579, 'test_precision': 0.9763789176940918, 'test_recall': 0.9758769273757935, 'test_f1': 0.9752805829048157, 'communication_cost': 0}
[ 2026-03-06 14:13:50 | node_34 | INFO ] 🔬 Evaluating...
[ 2026-03-06 14:13:50 | node_4 | INFO ] 🚂 Round 82: Client training...
[ 2026-03-06 14:13:50 | node_36 | INFO ] 🔬 Evaluating...
[ 2026-03-06 14:13:50 | node_12 | INFO ] 📈 Evaluated. Results: {'test_loss': 0.12214688956737518, 'test_acc': 0.9850000143051147, 'test_precision': 0.9868122935295105, 'test_recall': 0.981616199016571, 'test_f1': 0.983354926109314, 'communication_cost': 0}
[ 2026-03-06 14:13:50 | node_24 | INFO ] 🚂 Round 82: Client training...
[ 2026-03-06 14:13:50 | node_7 | INFO ] 🚂 Round 82: Client training...
[ 2026-03-06 14:13:51 | node_37 | INFO ] 🔬 Evaluating...
[ 2026-03-06 14:13:51 | node_19 | INFO ] 🚂 Round 82: Client training...
[ 2026-03-06 14:13:51 | node_25 | INFO ] 🚂 Round 82: Client training...
[ 2026-03-06 14:13:51 | node_12 | INFO ] 🚂 Round 82: Client training...
[ 2026-03-06 14:13:51 | node_10 | INFO ] 📈 Evaluated. Results: {'test_loss': 0.2254067063331604, 'test_acc': 0.9850000143051147, 'test_precision': 0.984687328338623, 'test_recall': 0.9847619533538818, 'test_f1': 0.984351396560669, 'communication_cost': 0}
[ 2026-03-06 14:13:51 | node_15 | INFO ] 📈 Evaluated. Results: {'test_loss': 0.2553911805152893, 'test_acc': 0.9950000047683716, 'test_precision': 0.9957333207130432, 'test_recall': 0.9908571839332581, 'test_f1': 0.992870032787323, 'communication_cost': 0}
[ 2026-03-06 14:13:51 | node_2 | INFO ] 📈 Evaluated. Results: {'test_loss': 0.08614878356456757, 'test_acc': 0.9800000190734863, 'test_precision': 0.9798924326896667, 'test_recall': 0.978404700756073, 'test_f1': 0.9788985252380371, 'communication_cost': 0}
[ 2026-03-06 14:13:51 | node_9 | INFO ] 📈 Evaluated. Results: {'test_loss': 0.11953657120466232, 'test_acc': 0.9850000143051147, 'test_precision': 0.9873122572898865, 'test_recall': 0.9876638650894165, 'test_f1': 0.9870697259902954, 'communication_cost': 0}
[ 2026-03-06 14:13:51 | node_8 | INFO ] 📈 Evaluated. Results: {'test_loss': 0.223759725689888, 'test_acc': 0.9800000190734863, 'test_precision': 0.9824889302253723, 'test_recall': 0.9789541363716125, 'test_f1': 0.9793731570243835, 'communication_cost': 0}
[ 2026-03-06 14:13:51 | node_32 | INFO ] 📈 Evaluated. Results: {'test_loss': 0.21483764052391052, 'test_acc': 0.9750000238418579, 'test_precision': 0.9760888814926147, 'test_recall': 0.9725828766822815, 'test_f1': 0.9732062816619873, 'communication_cost': 0}
[ 2026-03-06 14:13:51 | node_27 | INFO ] 📈 Evaluated. Results: {'test_loss': 0.06770680099725723, 'test_acc': 0.9950000047683716, 'test_precision': 0.9955000281333923, 'test_recall': 0.9910000562667847, 'test_f1': 0.9924571514129639, 'communication_cost': 0}
[ 2026-03-06 14:13:51 | node_14 | INFO ] 📈 Evaluated. Results: {'test_loss': 0.21141114830970764, 'test_acc': 0.9649999737739563, 'test_precision': 0.9671745896339417, 'test_recall': 0.9629746079444885, 'test_f1': 0.9631056785583496, 'communication_cost': 0}
[ 2026-03-06 14:13:51 | node_30 | INFO ] 📈 Evaluated. Results: {'test_loss': 0.5606691241264343, 'test_acc': 0.9700000286102295, 'test_precision': 0.9675905108451843, 'test_recall': 0.9715458750724792, 'test_f1': 0.9671987295150757, 'communication_cost': 0}
[ 2026-03-06 14:13:51 | node_31 | INFO ] 📈 Evaluated. Results: {'test_loss': 0.09740183502435684, 'test_acc': 0.9800000190734863, 'test_precision': 0.9781159162521362, 'test_recall': 0.978528618812561, 'test_f1': 0.9774843454360962, 'communication_cost': 0}
[ 2026-03-06 14:13:51 | node_29 | INFO ] 📈 Evaluated. Results: {'test_loss': 0.4237898290157318, 'test_acc': 0.9700000286102295, 'test_precision': 0.967619776725769, 'test_recall': 0.9695565700531006, 'test_f1': 0.9664558172225952, 'communication_cost': 0}
[ 2026-03-06 14:13:51 | node_13 | INFO ] 📈 Evaluated. Results: {'test_loss': 0.47539061307907104, 'test_acc': 0.9700000286102295, 'test_precision': 0.9701159596443176, 'test_recall': 0.9687647819519043, 'test_f1': 0.9677102565765381, 'communication_cost': 0}
[ 2026-03-06 14:13:51 | node_10 | INFO ] 🚂 Round 82: Client training...
[ 2026-03-06 14:13:51 | node_15 | INFO ] 🚂 Round 82: Client training...
[ 2026-03-06 14:13:51 | node_38 | INFO ] 🔬 Evaluating...
[ 2026-03-06 14:13:51 | node_8 | INFO ] 🚂 Round 82: Client training...
[ 2026-03-06 14:13:51 | node_9 | INFO ] 🚂 Round 82: Client training...
[ 2026-03-06 14:13:51 | node_34 | INFO ] 📈 Evaluated. Results: {'test_loss': 0.3142026960849762, 'test_acc': 0.9750000238418579, 'test_precision': 0.9724395871162415, 'test_recall': 0.9767037034034729, 'test_f1': 0.9727931022644043, 'communication_cost': 0}
[ 2026-03-06 14:13:51 | node_2 | INFO ] 🚂 Round 82: Client training...
[ 2026-03-06 14:13:51 | node_32 | INFO ] 🚂 Round 82: Client training...
[ 2026-03-06 14:13:51 | node_35 | INFO ] 📈 Evaluated. Results: {'test_loss': 0.2241009920835495, 'test_acc': 0.9850000143051147, 'test_precision': 0.9827000498771667, 'test_recall': 0.9842284917831421, 'test_f1': 0.9824283123016357, 'communication_cost': 0}
[ 2026-03-06 14:13:51 | node_33 | INFO ] 📈 Evaluated. Results: {'test_loss': 0.13029693067073822, 'test_acc': 0.9800000190734863, 'test_precision': 0.983537495136261, 'test_recall': 0.9740769863128662, 'test_f1': 0.9777462482452393, 'communication_cost': 0}
[ 2026-03-06 14:13:51 | node_39 | INFO ] 🔬 Evaluating...
[ 2026-03-06 14:13:51 | node_14 | INFO ] 🚂 Round 82: Client training...
[ 2026-03-06 14:13:51 | node_27 | INFO ] 🚂 Round 82: Client training...
[ 2026-03-06 14:13:51 | node_30 | INFO ] 🚂 Round 82: Client training...
[ 2026-03-06 14:13:51 | node_36 | INFO ] 📈 Evaluated. Results: {'test_loss': 0.0036954155657440424, 'test_acc': 1.0, 'test_precision': 1.0, 'test_recall': 1.0, 'test_f1': 1.0, 'communication_cost': 0}
[ 2026-03-06 14:13:51 | node_31 | INFO ] 🚂 Round 82: Client training...
[ 2026-03-06 14:13:51 | node_29 | INFO ] 🚂 Round 82: Client training...
[ 2026-03-06 14:13:51 | node_13 | INFO ] 🚂 Round 82: Client training...
[ 2026-03-06 14:13:51 | node_37 | INFO ] 📈 Evaluated. Results: {'test_loss': 0.2071313112974167, 'test_acc': 0.9750000238418579, 'test_precision': 0.9794285297393799, 'test_recall': 0.9744706749916077, 'test_f1': 0.9762928485870361, 'communication_cost': 0}
[ 2026-03-06 14:13:51 | node_34 | INFO ] 🚂 Round 82: Client training...
[ 2026-03-06 14:13:51 | node_35 | INFO ] 🚂 Round 82: Client training...
[ 2026-03-06 14:13:51 | node_33 | INFO ] 🚂 Round 82: Client training...
[ 2026-03-06 14:13:51 | node_36 | INFO ] 🚂 Round 82: Client training...
[ 2026-03-06 14:13:51 | node_38 | INFO ] 📈 Evaluated. Results: {'test_loss': 0.4262244701385498, 'test_acc': 0.9700000286102295, 'test_precision': 0.9701783657073975, 'test_recall': 0.9693055748939514, 'test_f1': 0.9678751230239868, 'communication_cost': 0}
[ 2026-03-06 14:13:51 | node_37 | INFO ] 🚂 Round 82: Client training...
[ 2026-03-06 14:13:51 | node_39 | INFO ] 📈 Evaluated. Results: {'test_loss': 0.49593037366867065, 'test_acc': 0.9700000286102295, 'test_precision': 0.9709475636482239, 'test_recall': 0.9638769626617432, 'test_f1': 0.9646497964859009, 'communication_cost': 0}
[ 2026-03-06 14:13:52 | node_38 | INFO ] 🚂 Round 82: Client training...
[ 2026-03-06 14:13:52 | node_40 | INFO ] 🔬 Evaluating...
[ 2026-03-06 14:13:52 | node_39 | INFO ] 🚂 Round 82: Client training...
[ 2026-03-06 14:13:52 | node_40 | INFO ] 📈 Evaluated. Results: {'test_loss': 0.12463968992233276, 'test_acc': 0.9750000238418579, 'test_precision': 0.9692571759223938, 'test_recall': 0.9799538254737854, 'test_f1': 0.9706836938858032, 'communication_cost': 0}
[ 2026-03-06 14:13:52 | node_40 | INFO ] 🚂 Round 82: Client training...
[ 2026-03-06 14:13:52 | node | INFO ] ⏳ Round 82: Server waiting for 49 updates.
[ 2026-03-06 14:13:52 | node | INFO ] ♻️ Proactively processing 39 early models for round 82.
[ 2026-03-06 14:13:52 | node | INFO ] 🧩 Model added for round 82 (1/49) from ['node_6']
[ 2026-03-06 14:13:52 | node | INFO ] 🧩 Model added for round 82 (2/49) from ['node_1']
[ 2026-03-06 14:13:52 | node | INFO ] 🧩 Model added for round 82 (3/49) from ['node_26']
[ 2026-03-06 14:13:52 | node | INFO ] 🧩 Model added for round 82 (4/49) from ['node_20']
[ 2026-03-06 14:13:52 | node | INFO ] 🧩 Model added for round 82 (5/49) from ['node_28']
[ 2026-03-06 14:13:52 | node | INFO ] 🧩 Model added for round 82 (6/49) from ['node_11']
[ 2026-03-06 14:13:52 | node | INFO ] 🧩 Model added for round 82 (7/49) from ['node_22']
[ 2026-03-06 14:13:52 | node | INFO ] 🧩 Model added for round 82 (8/49) from ['node_16']
[ 2026-03-06 14:13:52 | node | INFO ] 🧩 Model added for round 82 (9/49) from ['node_5']
[ 2026-03-06 14:13:52 | node | INFO ] 🧩 Model added for round 82 (10/49) from ['node_3']
[ 2026-03-06 14:13:52 | node | INFO ] 🧩 Model added for round 82 (11/49) from ['node_23']
[ 2026-03-06 14:13:52 | node | INFO ] 🧩 Model added for round 82 (12/49) from ['node_17']
[ 2026-03-06 14:13:52 | node | INFO ] 🧩 Model added for round 82 (13/49) from ['node_4']
[ 2026-03-06 14:13:52 | node | INFO ] 🧩 Model added for round 82 (14/49) from ['node_21']
[ 2026-03-06 14:13:52 | node | INFO ] 🧩 Model added for round 82 (15/49) from ['node_7']
[ 2026-03-06 14:13:52 | node | INFO ] 🧩 Model added for round 82 (16/49) from ['node_18']
[ 2026-03-06 14:13:52 | node | INFO ] 🧩 Model added for round 82 (17/49) from ['node_24']
[ 2026-03-06 14:13:52 | node | INFO ] 🧩 Model added for round 82 (18/49) from ['node_19']
[ 2026-03-06 14:13:52 | node | INFO ] 🧩 Model added for round 82 (19/49) from ['node_12']
[ 2026-03-06 14:13:52 | node | INFO ] 🧩 Model added for round 82 (20/49) from ['node_25']
[ 2026-03-06 14:13:52 | node | INFO ] 🧩 Model added for round 82 (21/49) from ['node_10']
[ 2026-03-06 14:13:52 | node | INFO ] 🧩 Model added for round 82 (22/49) from ['node_15']
[ 2026-03-06 14:13:52 | node | INFO ] 🧩 Model added for round 82 (23/49) from ['node_8']
[ 2026-03-06 14:13:52 | node | INFO ] 🧩 Model added for round 82 (24/49) from ['node_32']
[ 2026-03-06 14:13:52 | node | INFO ] 🧩 Model added for round 82 (25/49) from ['node_2']
[ 2026-03-06 14:13:52 | node | INFO ] 🧩 Model added for round 82 (26/49) from ['node_9']
[ 2026-03-06 14:13:52 | node | INFO ] 🧩 Model added for round 82 (27/49) from ['node_30']
[ 2026-03-06 14:13:52 | node | INFO ] 🧩 Model added for round 82 (28/49) from ['node_31']
[ 2026-03-06 14:13:52 | node | INFO ] 🧩 Model added for round 82 (29/49) from ['node_27']
[ 2026-03-06 14:13:52 | node | INFO ] 🧩 Model added for round 82 (30/49) from ['node_13']
[ 2026-03-06 14:13:52 | node | INFO ] 🧩 Model added for round 82 (31/49) from ['node_29']
[ 2026-03-06 14:13:52 | node | INFO ] 🧩 Model added for round 82 (32/49) from ['node_14']
[ 2026-03-06 14:13:52 | node | INFO ] 🧩 Model added for round 82 (33/49) from ['node_35']
[ 2026-03-06 14:13:52 | node | INFO ] 🧩 Model added for round 82 (34/49) from ['node_34']
[ 2026-03-06 14:13:52 | node | INFO ] 🧩 Model added for round 82 (35/49) from ['node_33']
[ 2026-03-06 14:13:52 | node | INFO ] 🧩 Model added for round 82 (36/49) from ['node_36']
[ 2026-03-06 14:13:52 | node | INFO ] 🧩 Model added for round 82 (37/49) from ['node_37']
[ 2026-03-06 14:13:52 | node | INFO ] 🧩 Model added for round 82 (38/49) from ['node_38']
[ 2026-03-06 14:13:52 | node | INFO ] 🧩 Model added for round 82 (39/49) from ['node_39']
[ 2026-03-06 14:13:52 | node | INFO ] 🧩 Model added for round 82 (40/49) from ['node_40']
[ 2026-03-06 14:13:52 | node_42 | INFO ] 🔬 Evaluating...
[ 2026-03-06 14:13:52 | node_41 | INFO ] 🔬 Evaluating...
[ 2026-03-06 14:13:52 | node_48 | INFO ] 🔬 Evaluating...
[ 2026-03-06 14:13:52 | node_47 | INFO ] 🔬 Evaluating...
[ 2026-03-06 14:13:52 | node_43 | INFO ] 🔬 Evaluating...
[ 2026-03-06 14:13:52 | node_42 | INFO ] 📈 Evaluated. Results: {'test_loss': 0.4322755038738251, 'test_acc': 0.9700000286102295, 'test_precision': 0.9754965305328369, 'test_recall': 0.9670151472091675, 'test_f1': 0.9688677787780762, 'communication_cost': 0}
[ 2026-03-06 14:13:52 | node_42 | INFO ] 🚂 Round 82: Client training...
[ 2026-03-06 14:13:52 | node_49 | INFO ] 🔬 Evaluating...
[ 2026-03-06 14:13:52 | node_44 | INFO ] 🔬 Evaluating...
[ 2026-03-06 14:13:52 | node_48 | INFO ] 📈 Evaluated. Results: {'test_loss': 0.205673947930336, 'test_acc': 0.9800000190734863, 'test_precision': 0.9801313877105713, 'test_recall': 0.9808639287948608, 'test_f1': 0.9789226055145264, 'communication_cost': 0}
[ 2026-03-06 14:13:52 | node_48 | INFO ] 🚂 Round 82: Client training...
[ 2026-03-06 14:13:52 | node_43 | INFO ] 📈 Evaluated. Results: {'test_loss': 0.600701093673706, 'test_acc': 0.9750000238418579, 'test_precision': 0.9732102751731873, 'test_recall': 0.9740000367164612, 'test_f1': 0.9715969562530518, 'communication_cost': 0}
[ 2026-03-06 14:13:52 | node_47 | INFO ] 📈 Evaluated. Results: {'test_loss': 0.3087502717971802, 'test_acc': 0.9649999737739563, 'test_precision': 0.9645285606384277, 'test_recall': 0.957000732421875, 'test_f1': 0.9576953053474426, 'communication_cost': 0}
[ 2026-03-06 14:13:52 | node_43 | INFO ] 🚂 Round 82: Client training...
[ 2026-03-06 14:13:52 | node_47 | INFO ] 🚂 Round 82: Client training...
[ 2026-03-06 14:13:52 | node_41 | INFO ] 📈 Evaluated. Results: {'test_loss': 0.13347631692886353, 'test_acc': 0.9800000190734863, 'test_precision': 0.9823572039604187, 'test_recall': 0.9831164479255676, 'test_f1': 0.9820210337638855, 'communication_cost': 0}
[ 2026-03-06 14:13:52 | node_41 | INFO ] 🚂 Round 82: Client training...
[ 2026-03-06 14:13:52 | node_46 | INFO ] 🔬 Evaluating...
[ 2026-03-06 14:13:52 | node_49 | INFO ] 📈 Evaluated. Results: {'test_loss': 0.25748324394226074, 'test_acc': 0.9649999737739563, 'test_precision': 0.9712424278259277, 'test_recall': 0.9624881148338318, 'test_f1': 0.964585542678833, 'communication_cost': 0}
[ 2026-03-06 14:13:52 | node_45 | INFO ] 🔬 Evaluating...
[ 2026-03-06 14:13:52 | node_44 | INFO ] 📈 Evaluated. Results: {'test_loss': 0.22938022017478943, 'test_acc': 0.9449999928474426, 'test_precision': 0.9432790875434875, 'test_recall': 0.9470852613449097, 'test_f1': 0.9444372653961182, 'communication_cost': 0}
[ 2026-03-06 14:13:52 | node_49 | INFO ] 🚂 Round 82: Client training...
[ 2026-03-06 14:13:52 | node_44 | INFO ] 🚂 Round 82: Client training...
[ 2026-03-06 14:13:52 | node_46 | INFO ] 📈 Evaluated. Results: {'test_loss': 0.2766365706920624, 'test_acc': 0.9750000238418579, 'test_precision': 0.9732000827789307, 'test_recall': 0.9748716950416565, 'test_f1': 0.971651017665863, 'communication_cost': 0}
[ 2026-03-06 14:13:52 | node_45 | INFO ] 📈 Evaluated. Results: {'test_loss': 0.7345997095108032, 'test_acc': 0.9649999737739563, 'test_precision': 0.9619026780128479, 'test_recall': 0.961134135723114, 'test_f1': 0.9585747718811035, 'communication_cost': 0}
[ 2026-03-06 14:13:52 | node | INFO ] 🧩 Model added for round 82 (41/49) from ['node_42']
[ 2026-03-06 14:13:52 | node_46 | INFO ] 🚂 Round 82: Client training...
[ 2026-03-06 14:13:52 | node_45 | INFO ] 🚂 Round 82: Client training...
[ 2026-03-06 14:13:53 | node | INFO ] 🧩 Model added for round 82 (42/49) from ['node_48']
[ 2026-03-06 14:13:53 | node | INFO ] 🧩 Model added for round 82 (43/49) from ['node_47']
[ 2026-03-06 14:13:53 | node | INFO ] 🧩 Model added for round 82 (44/49) from ['node_43']
[ 2026-03-06 14:13:53 | node | INFO ] 🧩 Model added for round 82 (45/49) from ['node_49']
[ 2026-03-06 14:13:53 | node | INFO ] 🧩 Model added for round 82 (46/49) from ['node_41']
[ 2026-03-06 14:13:53 | node | INFO ] 🧩 Model added for round 82 (47/49) from ['node_44']
[ 2026-03-06 14:13:53 | node | INFO ] 🧩 Model added for round 82 (48/49) from ['node_46']
[ 2026-03-06 14:13:53 | node | INFO ] 🧩 Model added for round 82 (49/49) from ['node_45']
[ 2026-03-06 14:13:53 | node | INFO ] 🔬 Evaluating...
[ 2026-03-06 14:13:53 | node | INFO ] 📈 Evaluated. Results: {'test_loss': 0.2105029672384262, 'test_acc': 0.9850000143051147, 'test_precision': 0.9841939806938171, 'test_recall': 0.9803000092506409, 'test_f1': 0.9808365106582642, 'communication_cost': 46110666}
[ 2026-03-06 14:13:53 | node_6 | INFO ] 🔬 Evaluating...
[ 2026-03-06 14:13:53 | node_4 | INFO ] 🔬 Evaluating...
[ 2026-03-06 14:13:53 | node_7 | INFO ] 🔬 Evaluating...
[ 2026-03-06 14:13:53 | node_6 | INFO ] 📈 Evaluated. Results: {'test_loss': 0.25187844038009644, 'test_acc': 0.9750000238418579, 'test_precision': 0.980155885219574, 'test_recall': 0.9731819033622742, 'test_f1': 0.9747730493545532, 'communication_cost': 0}
[ 2026-03-06 14:13:53 | node_6 | INFO ] 🚂 Round 83: Client training...
[ 2026-03-06 14:13:53 | node_4 | INFO ] 📈 Evaluated. Results: {'test_loss': 0.06685297936201096, 'test_acc': 0.9800000190734863, 'test_precision': 0.9800055027008057, 'test_recall': 0.9795769453048706, 'test_f1': 0.9786050319671631, 'communication_cost': 0}
[ 2026-03-06 14:13:53 | node_7 | INFO ] 📈 Evaluated. Results: {'test_loss': 0.0572110190987587, 'test_acc': 0.9900000095367432, 'test_precision': 0.9918041825294495, 'test_recall': 0.9912333488464355, 'test_f1': 0.9911187887191772, 'communication_cost': 0}
[ 2026-03-06 14:13:53 | node_4 | INFO ] 🚂 Round 83: Client training...
[ 2026-03-06 14:13:53 | node_10 | INFO ] 🔬 Evaluating...
[ 2026-03-06 14:13:53 | node_15 | INFO ] 🔬 Evaluating...
[ 2026-03-06 14:13:53 | node_7 | INFO ] 🚂 Round 83: Client training...
[ 2026-03-06 14:13:53 | node_2 | INFO ] 🔬 Evaluating...
[ 2026-03-06 14:13:53 | node_8 | INFO ] 🔬 Evaluating...
[ 2026-03-06 14:13:53 | node_9 | INFO ] 🔬 Evaluating...
[ 2026-03-06 14:13:53 | node_13 | INFO ] 🔬 Evaluating...
[ 2026-03-06 14:13:53 | node_14 | INFO ] 🔬 Evaluating...
[ 2026-03-06 14:13:53 | node_10 | INFO ] 📈 Evaluated. Results: {'test_loss': 0.2687353491783142, 'test_acc': 0.9850000143051147, 'test_precision': 0.984687328338623, 'test_recall': 0.9847619533538818, 'test_f1': 0.984351396560669, 'communication_cost': 0}
[ 2026-03-06 14:13:53 | node_10 | INFO ] 🚂 Round 83: Client training...
[ 2026-03-06 14:13:53 | node_15 | INFO ] 📈 Evaluated. Results: {'test_loss': 0.24684980511665344, 'test_acc': 0.9950000047683716, 'test_precision': 0.9957333207130432, 'test_recall': 0.9908571839332581, 'test_f1': 0.992870032787323, 'communication_cost': 0}
[ 2026-03-06 14:13:53 | node_15 | INFO ] 🚂 Round 83: Client training...
[ 2026-03-06 14:13:53 | node_1 | INFO ] 🔬 Evaluating...
[ 2026-03-06 14:13:53 | node_26 | INFO ] 🔬 Evaluating...
[ 2026-03-06 14:13:54 | node_9 | INFO ] 📈 Evaluated. Results: {'test_loss': 0.12916001677513123, 'test_acc': 0.9850000143051147, 'test_precision': 0.9873122572898865, 'test_recall': 0.9876638650894165, 'test_f1': 0.9870697259902954, 'communication_cost': 0}
[ 2026-03-06 14:13:54 | node_9 | INFO ] 🚂 Round 83: Client training...
[ 2026-03-06 14:13:54 | node_14 | INFO ] 📈 Evaluated. Results: {'test_loss': 0.22288593649864197, 'test_acc': 0.9649999737739563, 'test_precision': 0.9671745896339417, 'test_recall': 0.9629746079444885, 'test_f1': 0.9631056785583496, 'communication_cost': 0}
[ 2026-03-06 14:13:54 | node_8 | INFO ] 📈 Evaluated. Results: {'test_loss': 0.26874497532844543, 'test_acc': 0.9750000238418579, 'test_precision': 0.9753777980804443, 'test_recall': 0.9755856394767761, 'test_f1': 0.9738786220550537, 'communication_cost': 0}
[ 2026-03-06 14:13:54 | node_28 | INFO ] 🔬 Evaluating...
[ 2026-03-06 14:13:54 | node_20 | INFO ] 🔬 Evaluating...
[ 2026-03-06 14:13:54 | node_14 | INFO ] 🚂 Round 83: Client training...
[ 2026-03-06 14:13:54 | node_22 | INFO ] 🔬 Evaluating...
[ 2026-03-06 14:13:54 | node_2 | INFO ] 📈 Evaluated. Results: {'test_loss': 0.09050045162439346, 'test_acc': 0.9800000190734863, 'test_precision': 0.978827714920044, 'test_recall': 0.9749693274497986, 'test_f1': 0.9761930704116821, 'communication_cost': 0}
[ 2026-03-06 14:13:54 | node_11 | INFO ] 🔬 Evaluating...
[ 2026-03-06 14:13:54 | node_13 | INFO ] 📈 Evaluated. Results: {'test_loss': 0.41897788643836975, 'test_acc': 0.9700000286102295, 'test_precision': 0.9701159596443176, 'test_recall': 0.9687647819519043, 'test_f1': 0.9677102565765381, 'communication_cost': 0}
[ 2026-03-06 14:13:54 | node_8 | INFO ] 🚂 Round 83: Client training...
[ 2026-03-06 14:13:54 | node_16 | INFO ] 🔬 Evaluating...
[ 2026-03-06 14:13:54 | node_2 | INFO ] 🚂 Round 83: Client training...
[ 2026-03-06 14:13:54 | node_5 | INFO ] 🔬 Evaluating...
[ 2026-03-06 14:13:54 | node_13 | INFO ] 🚂 Round 83: Client training...
[ 2026-03-06 14:13:54 | node_23 | INFO ] 🔬 Evaluating...
[ 2026-03-06 14:13:54 | node_17 | INFO ] 🔬 Evaluating...
[ 2026-03-06 14:13:54 | node_3 | INFO ] 🔬 Evaluating...
[ 2026-03-06 14:13:54 | node_26 | INFO ] 📈 Evaluated. Results: {'test_loss': 0.268898606300354, 'test_acc': 0.9649999737739563, 'test_precision': 0.9607238173484802, 'test_recall': 0.9678034782409668, 'test_f1': 0.962436854839325, 'communication_cost': 0}
[ 2026-03-06 14:13:54 | node_1 | INFO ] 📈 Evaluated. Results: {'test_loss': 0.5295407176017761, 'test_acc': 0.9599999785423279, 'test_precision': 0.9453341960906982, 'test_recall': 0.9568622708320618, 'test_f1': 0.944772481918335, 'communication_cost': 0}
[ 2026-03-06 14:13:54 | node_21 | INFO ] 🔬 Evaluating...
[ 2026-03-06 14:13:54 | node_18 | INFO ] 🔬 Evaluating...
[ 2026-03-06 14:13:54 | node_24 | INFO ] 🔬 Evaluating...
[ 2026-03-06 14:13:54 | node_12 | INFO ] 🔬 Evaluating...
[ 2026-03-06 14:13:54 | node_25 | INFO ] 🔬 Evaluating...
[ 2026-03-06 14:13:54 | node_19 | INFO ] 🔬 Evaluating...
[ 2026-03-06 14:13:54 | node_26 | INFO ] 🚂 Round 83: Client training...
[ 2026-03-06 14:13:54 | node_1 | INFO ] 🚂 Round 83: Client training...
[ 2026-03-06 14:13:54 | node_32 | INFO ] 🔬 Evaluating...
[ 2026-03-06 14:13:54 | node_28 | INFO ] 📈 Evaluated. Results: {'test_loss': 0.2393655925989151, 'test_acc': 0.9700000286102295, 'test_precision': 0.97125244140625, 'test_recall': 0.9690340161323547, 'test_f1': 0.9686510562896729, 'communication_cost': 0}
[ 2026-03-06 14:13:54 | node_30 | INFO ] 🔬 Evaluating...
[ 2026-03-06 14:13:54 | node_22 | INFO ] 📈 Evaluated. Results: {'test_loss': 0.22571146488189697, 'test_acc': 0.9750000238418579, 'test_precision': 0.976226270198822, 'test_recall': 0.9748333692550659, 'test_f1': 0.9742796421051025, 'communication_cost': 0}
[ 2026-03-06 14:13:54 | node_20 | INFO ] 📈 Evaluated. Results: {'test_loss': 0.38596755266189575, 'test_acc': 0.9599999785423279, 'test_precision': 0.9668705463409424, 'test_recall': 0.9583454728126526, 'test_f1': 0.9595519304275513, 'communication_cost': 0}
[ 2026-03-06 14:13:54 | node_31 | INFO ] 🔬 Evaluating...
[ 2026-03-06 14:13:54 | node_11 | INFO ] 📈 Evaluated. Results: {'test_loss': 0.4149814546108246, 'test_acc': 0.9750000238418579, 'test_precision': 0.9739538431167603, 'test_recall': 0.9724674224853516, 'test_f1': 0.9720712304115295, 'communication_cost': 0}
[ 2026-03-06 14:13:54 | node_27 | INFO ] 🔬 Evaluating...
[ 2026-03-06 14:13:54 | node_29 | INFO ] 🔬 Evaluating...
[ 2026-03-06 14:13:54 | node_33 | INFO ] 🔬 Evaluating...
[ 2026-03-06 14:13:54 | node_16 | INFO ] 📈 Evaluated. Results: {'test_loss': 0.17577192187309265, 'test_acc': 0.9850000143051147, 'test_precision': 0.9874685406684875, 'test_recall': 0.9853352904319763, 'test_f1': 0.9857458472251892, 'communication_cost': 0}
[ 2026-03-06 14:13:54 | node_5 | INFO ] 📈 Evaluated. Results: {'test_loss': 0.1826009601354599, 'test_acc': 0.9900000095367432, 'test_precision': 0.9914999604225159, 'test_recall': 0.9894999861717224, 'test_f1': 0.9898096323013306, 'communication_cost': 0}
[ 2026-03-06 14:13:54 | node_28 | INFO ] 🚂 Round 83: Client training...
[ 2026-03-06 14:13:54 | node_17 | INFO ] 📈 Evaluated. Results: {'test_loss': 0.057087693363428116, 'test_acc': 0.9950000047683716, 'test_precision': 0.9959999918937683, 'test_recall': 0.9959999918937683, 'test_f1': 0.9958709478378296, 'communication_cost': 0}
[ 2026-03-06 14:13:54 | node_3 | INFO ] 📈 Evaluated. Results: {'test_loss': 0.15118438005447388, 'test_acc': 0.9750000238418579, 'test_precision': 0.9711019992828369, 'test_recall': 0.9735333323478699, 'test_f1': 0.9700840711593628, 'communication_cost': 0}
[ 2026-03-06 14:13:54 | node_11 | INFO ] 🚂 Round 83: Client training...
[ 2026-03-06 14:13:54 | node_20 | INFO ] 🚂 Round 83: Client training...
[ 2026-03-06 14:13:54 | node_22 | INFO ] 🚂 Round 83: Client training...
[ 2026-03-06 14:13:54 | node_23 | INFO ] 📈 Evaluated. Results: {'test_loss': 0.24428634345531464, 'test_acc': 0.9700000286102295, 'test_precision': 0.9636224508285522, 'test_recall': 0.9744172692298889, 'test_f1': 0.9659211039543152, 'communication_cost': 0}
[ 2026-03-06 14:13:54 | node_16 | INFO ] 🚂 Round 83: Client training...
[ 2026-03-06 14:13:54 | node_5 | INFO ] 🚂 Round 83: Client training...
[ 2026-03-06 14:13:54 | node_21 | INFO ] 📈 Evaluated. Results: {'test_loss': 0.6980087757110596, 'test_acc': 0.9700000286102295, 'test_precision': 0.9713238477706909, 'test_recall': 0.9652230143547058, 'test_f1': 0.9666387438774109, 'communication_cost': 0}
[ 2026-03-06 14:13:54 | node_17 | INFO ] 🚂 Round 83: Client training...
[ 2026-03-06 14:13:54 | node_24 | INFO ] 📈 Evaluated. Results: {'test_loss': 0.047067102044820786, 'test_acc': 0.9750000238418579, 'test_precision': 0.9758691191673279, 'test_recall': 0.9725921154022217, 'test_f1': 0.9735057353973389, 'communication_cost': 0}
[ 2026-03-06 14:13:54 | node_12 | INFO ] 📈 Evaluated. Results: {'test_loss': 0.1070677787065506, 'test_acc': 0.9900000095367432, 'test_precision': 0.9905769228935242, 'test_recall': 0.9896162152290344, 'test_f1': 0.9895610213279724, 'communication_cost': 0}
[ 2026-03-06 14:13:54 | node_3 | INFO ] 🚂 Round 83: Client training...
[ 2026-03-06 14:13:54 | node_23 | INFO ] 🚂 Round 83: Client training...
[ 2026-03-06 14:13:54 | node_18 | INFO ] 📈 Evaluated. Results: {'test_loss': 0.0020870359148830175, 'test_acc': 1.0, 'test_precision': 1.0, 'test_recall': 1.0, 'test_f1': 1.0, 'communication_cost': 0}
[ 2026-03-06 14:13:54 | node_19 | INFO ] 📈 Evaluated. Results: {'test_loss': 0.04761480912566185, 'test_acc': 0.9850000143051147, 'test_precision': 0.9833015203475952, 'test_recall': 0.9824444651603699, 'test_f1': 0.9818692207336426, 'communication_cost': 0}
[ 2026-03-06 14:13:54 | node_25 | INFO ] 📈 Evaluated. Results: {'test_loss': 0.433172345161438, 'test_acc': 0.9750000238418579, 'test_precision': 0.9763789176940918, 'test_recall': 0.9758769273757935, 'test_f1': 0.9752805829048157, 'communication_cost': 0}
[ 2026-03-06 14:13:54 | node_21 | INFO ] 🚂 Round 83: Client training...
[ 2026-03-06 14:13:54 | node_12 | INFO ] 🚂 Round 83: Client training...
[ 2026-03-06 14:13:54 | node_24 | INFO ] 🚂 Round 83: Client training...
[ 2026-03-06 14:13:54 | node_18 | INFO ] 🚂 Round 83: Client training...
[ 2026-03-06 14:13:54 | node_19 | INFO ] 🚂 Round 83: Client training...
[ 2026-03-06 14:13:54 | node_27 | INFO ] 📈 Evaluated. Results: {'test_loss': 0.06412985175848007, 'test_acc': 0.9950000047683716, 'test_precision': 0.9955000281333923, 'test_recall': 0.9910000562667847, 'test_f1': 0.9924571514129639, 'communication_cost': 0}
[ 2026-03-06 14:13:54 | node_25 | INFO ] 🚂 Round 83: Client training...
[ 2026-03-06 14:13:54 | node_31 | INFO ] 📈 Evaluated. Results: {'test_loss': 0.08046882599592209, 'test_acc': 0.9800000190734863, 'test_precision': 0.9781159162521362, 'test_recall': 0.978528618812561, 'test_f1': 0.9774843454360962, 'communication_cost': 0}
[ 2026-03-06 14:13:54 | node_30 | INFO ] 📈 Evaluated. Results: {'test_loss': 0.5243034362792969, 'test_acc': 0.9649999737739563, 'test_precision': 0.961467444896698, 'test_recall': 0.9669744372367859, 'test_f1': 0.9617865681648254, 'communication_cost': 0}
[ 2026-03-06 14:13:54 | node_32 | INFO ] 📈 Evaluated. Results: {'test_loss': 0.2370770126581192, 'test_acc': 0.9750000238418579, 'test_precision': 0.9760888814926147, 'test_recall': 0.9725828766822815, 'test_f1': 0.9732062816619873, 'communication_cost': 0}
[ 2026-03-06 14:13:54 | node_35 | INFO ] 🔬 Evaluating...
[ 2026-03-06 14:13:54 | node_34 | INFO ] 🔬 Evaluating...
[ 2026-03-06 14:13:54 | node_29 | INFO ] 📈 Evaluated. Results: {'test_loss': 0.3797464668750763, 'test_acc': 0.9750000238418579, 'test_precision': 0.9718396067619324, 'test_recall': 0.9741279482841492, 'test_f1': 0.9710142612457275, 'communication_cost': 0}
[ 2026-03-06 14:13:54 | node_33 | INFO ] 📈 Evaluated. Results: {'test_loss': 0.12914404273033142, 'test_acc': 0.9750000238418579, 'test_precision': 0.9802181720733643, 'test_recall': 0.969153881072998, 'test_f1': 0.9735009670257568, 'communication_cost': 0}
[ 2026-03-06 14:13:55 | node_27 | INFO ] 🚂 Round 83: Client training...
[ 2026-03-06 14:13:55 | node_30 | INFO ] 🚂 Round 83: Client training...
[ 2026-03-06 14:13:55 | node_31 | INFO ] 🚂 Round 83: Client training...
[ 2026-03-06 14:13:55 | node_32 | INFO ] 🚂 Round 83: Client training...
[ 2026-03-06 14:13:55 | node_29 | INFO ] 🚂 Round 83: Client training...
[ 2026-03-06 14:13:55 | node_33 | INFO ] 🚂 Round 83: Client training...
[ 2026-03-06 14:13:55 | node_34 | INFO ] 📈 Evaluated. Results: {'test_loss': 0.3151645064353943, 'test_acc': 0.9700000286102295, 'test_precision': 0.9674285650253296, 'test_recall': 0.972577691078186, 'test_f1': 0.9674609303474426, 'communication_cost': 0}
[ 2026-03-06 14:13:55 | node_35 | INFO ] 📈 Evaluated. Results: {'test_loss': 0.22947683930397034, 'test_acc': 0.9850000143051147, 'test_precision': 0.9841769337654114, 'test_recall': 0.985035240650177, 'test_f1': 0.9836676716804504, 'communication_cost': 0}
[ 2026-03-06 14:13:55 | node_36 | INFO ] 🔬 Evaluating...
[ 2026-03-06 14:13:55 | node_37 | INFO ] 🔬 Evaluating...
[ 2026-03-06 14:13:55 | node_34 | INFO ] 🚂 Round 83: Client training...
[ 2026-03-06 14:13:55 | node_35 | INFO ] 🚂 Round 83: Client training...
[ 2026-03-06 14:13:55 | node_37 | INFO ] 📈 Evaluated. Results: {'test_loss': 0.19216276705265045, 'test_acc': 0.9700000286102295, 'test_precision': 0.9751619100570679, 'test_recall': 0.9673596024513245, 'test_f1': 0.9698507189750671, 'communication_cost': 0}
[ 2026-03-06 14:13:55 | node_36 | INFO ] 📈 Evaluated. Results: {'test_loss': 0.010548766702413559, 'test_acc': 0.9950000047683716, 'test_precision': 0.9927999973297119, 'test_recall': 0.9948571920394897, 'test_f1': 0.9932307600975037, 'communication_cost': 0}
[ 2026-03-06 14:13:55 | node_37 | INFO ] 🚂 Round 83: Client training...
[ 2026-03-06 14:13:55 | node_36 | INFO ] 🚂 Round 83: Client training...
[ 2026-03-06 14:13:55 | node_39 | INFO ] 🔬 Evaluating...
[ 2026-03-06 14:13:55 | node_38 | INFO ] 🔬 Evaluating...
[ 2026-03-06 14:13:56 | node | INFO ] ⏳ Round 83: Server waiting for 49 updates.
[ 2026-03-06 14:13:56 | node | INFO ] ♻️ Proactively processing 37 early models for round 83.
[ 2026-03-06 14:13:56 | node | INFO ] 🧩 Model added for round 83 (1/49) from ['node_6']
[ 2026-03-06 14:13:56 | node | INFO ] 🧩 Model added for round 83 (2/49) from ['node_4']
[ 2026-03-06 14:13:56 | node | INFO ] 🧩 Model added for round 83 (3/49) from ['node_7']
[ 2026-03-06 14:13:56 | node | INFO ] 🧩 Model added for round 83 (4/49) from ['node_10']
[ 2026-03-06 14:13:56 | node | INFO ] 🧩 Model added for round 83 (5/49) from ['node_15']
[ 2026-03-06 14:13:56 | node | INFO ] 🧩 Model added for round 83 (6/49) from ['node_9']
[ 2026-03-06 14:13:56 | node | INFO ] 🧩 Model added for round 83 (7/49) from ['node_14']
[ 2026-03-06 14:13:56 | node | INFO ] 🧩 Model added for round 83 (8/49) from ['node_2']
[ 2026-03-06 14:13:56 | node | INFO ] 🧩 Model added for round 83 (9/49) from ['node_8']
[ 2026-03-06 14:13:56 | node | INFO ] 🧩 Model added for round 83 (10/49) from ['node_13']
[ 2026-03-06 14:13:56 | node | INFO ] 🧩 Model added for round 83 (11/49) from ['node_1']
[ 2026-03-06 14:13:56 | node | INFO ] 🧩 Model added for round 83 (12/49) from ['node_26']
[ 2026-03-06 14:13:56 | node | INFO ] 🧩 Model added for round 83 (13/49) from ['node_28']
[ 2026-03-06 14:13:56 | node | INFO ] 🧩 Model added for round 83 (14/49) from ['node_20']
[ 2026-03-06 14:13:56 | node | INFO ] 🧩 Model added for round 83 (15/49) from ['node_5']
[ 2026-03-06 14:13:56 | node | INFO ] 🧩 Model added for round 83 (16/49) from ['node_11']
[ 2026-03-06 14:13:56 | node | INFO ] 🧩 Model added for round 83 (17/49) from ['node_17']
[ 2026-03-06 14:13:56 | node | INFO ] 🧩 Model added for round 83 (18/49) from ['node_22']
[ 2026-03-06 14:13:56 | node | INFO ] 🧩 Model added for round 83 (19/49) from ['node_16']
[ 2026-03-06 14:13:56 | node | INFO ] 🧩 Model added for round 83 (20/49) from ['node_23']
[ 2026-03-06 14:13:56 | node | INFO ] 🧩 Model added for round 83 (21/49) from ['node_19']
[ 2026-03-06 14:13:56 | node | INFO ] 🧩 Model added for round 83 (22/49) from ['node_12']
[ 2026-03-06 14:13:56 | node | INFO ] 🧩 Model added for round 83 (23/49) from ['node_3']
[ 2026-03-06 14:13:56 | node | INFO ] 🧩 Model added for round 83 (24/49) from ['node_21']
[ 2026-03-06 14:13:56 | node_38 | INFO ] 📈 Evaluated. Results: {'test_loss': 0.39521118998527527, 'test_acc': 0.9649999737739563, 'test_precision': 0.9665783643722534, 'test_recall': 0.9641627669334412, 'test_f1': 0.962934136390686, 'communication_cost': 0}
[ 2026-03-06 14:13:56 | node | INFO ] 🧩 Model added for round 83 (25/49) from ['node_24']
[ 2026-03-06 14:13:56 | node | INFO ] 🧩 Model added for round 83 (26/49) from ['node_18']
[ 2026-03-06 14:13:56 | node_39 | INFO ] 📈 Evaluated. Results: {'test_loss': 0.4766829311847687, 'test_acc': 0.9599999785423279, 'test_precision': 0.9633920192718506, 'test_recall': 0.9516587853431702, 'test_f1': 0.9544697403907776, 'communication_cost': 0}
[ 2026-03-06 14:13:56 | node | INFO ] 🧩 Model added for round 83 (27/49) from ['node_33']
[ 2026-03-06 14:13:56 | node | INFO ] 🧩 Model added for round 83 (28/49) from ['node_25']
[ 2026-03-06 14:13:56 | node_38 | INFO ] 🚂 Round 83: Client training...
[ 2026-03-06 14:13:56 | node | INFO ] 🧩 Model added for round 83 (29/49) from ['node_27']
[ 2026-03-06 14:13:56 | node | INFO ] 🧩 Model added for round 83 (30/49) from ['node_30']
[ 2026-03-06 14:13:56 | node | INFO ] 🧩 Model added for round 83 (31/49) from ['node_31']
[ 2026-03-06 14:13:56 | node | INFO ] 🧩 Model added for round 83 (32/49) from ['node_32']
[ 2026-03-06 14:13:56 | node_39 | INFO ] 🚂 Round 83: Client training...
[ 2026-03-06 14:13:56 | node | INFO ] 🧩 Model added for round 83 (33/49) from ['node_29']
[ 2026-03-06 14:13:56 | node | INFO ] 🧩 Model added for round 83 (34/49) from ['node_35']
[ 2026-03-06 14:13:56 | node | INFO ] 🧩 Model added for round 83 (35/49) from ['node_34']
[ 2026-03-06 14:13:56 | node | INFO ] 🧩 Model added for round 83 (36/49) from ['node_37']
[ 2026-03-06 14:13:56 | node | INFO ] 🧩 Model added for round 83 (37/49) from ['node_36']
[ 2026-03-06 14:13:56 | node_42 | INFO ] 🔬 Evaluating...
[ 2026-03-06 14:13:56 | node_42 | INFO ] 📈 Evaluated. Results: {'test_loss': 0.43780502676963806, 'test_acc': 0.9700000286102295, 'test_precision': 0.9754965305328369, 'test_recall': 0.9670151472091675, 'test_f1': 0.9688677787780762, 'communication_cost': 0}
[ 2026-03-06 14:13:56 | node_42 | INFO ] 🚂 Round 83: Client training...
[ 2026-03-06 14:13:56 | node_40 | INFO ] 🔬 Evaluating...
[ 2026-03-06 14:13:56 | node_47 | INFO ] 🔬 Evaluating...
[ 2026-03-06 14:13:56 | node_43 | INFO ] 🔬 Evaluating...
[ 2026-03-06 14:13:56 | node_48 | INFO ] 🔬 Evaluating...
[ 2026-03-06 14:13:56 | node_49 | INFO ] 🔬 Evaluating...
[ 2026-03-06 14:13:56 | node_41 | INFO ] 🔬 Evaluating...
[ 2026-03-06 14:13:56 | node | INFO ] 🧩 Model added for round 83 (38/49) from ['node_38']
[ 2026-03-06 14:13:56 | node | INFO ] 🧩 Model added for round 83 (39/49) from ['node_39']
[ 2026-03-06 14:13:56 | node_46 | INFO ] 🔬 Evaluating...
[ 2026-03-06 14:13:56 | node_44 | INFO ] 🔬 Evaluating...
[ 2026-03-06 14:13:56 | node_45 | INFO ] 🔬 Evaluating...
[ 2026-03-06 14:13:56 | node_43 | INFO ] 📈 Evaluated. Results: {'test_loss': 0.5632814168930054, 'test_acc': 0.9700000286102295, 'test_precision': 0.968067467212677, 'test_recall': 0.9688571095466614, 'test_f1': 0.9660584926605225, 'communication_cost': 0}
[ 2026-03-06 14:13:56 | node_40 | INFO ] 📈 Evaluated. Results: {'test_loss': 0.12751339375972748, 'test_acc': 0.9750000238418579, 'test_precision': 0.9692571759223938, 'test_recall': 0.9799538254737854, 'test_f1': 0.9706836938858032, 'communication_cost': 0}
[ 2026-03-06 14:13:56 | node_43 | INFO ] 🚂 Round 83: Client training...
[ 2026-03-06 14:13:56 | node_47 | INFO ] 📈 Evaluated. Results: {'test_loss': 0.29635894298553467, 'test_acc': 0.9649999737739563, 'test_precision': 0.9645285606384277, 'test_recall': 0.957000732421875, 'test_f1': 0.9576953053474426, 'communication_cost': 0}
[ 2026-03-06 14:13:56 | node_40 | INFO ] 🚂 Round 83: Client training...
[ 2026-03-06 14:13:56 | node_49 | INFO ] 📈 Evaluated. Results: {'test_loss': 0.24902527034282684, 'test_acc': 0.9649999737739563, 'test_precision': 0.9712424278259277, 'test_recall': 0.9624881148338318, 'test_f1': 0.964585542678833, 'communication_cost': 0}
[ 2026-03-06 14:13:56 | node_48 | INFO ] 📈 Evaluated. Results: {'test_loss': 0.2329334318637848, 'test_acc': 0.9800000190734863, 'test_precision': 0.9801313877105713, 'test_recall': 0.9808639287948608, 'test_f1': 0.9789226055145264, 'communication_cost': 0}
[ 2026-03-06 14:13:56 | node_47 | INFO ] 🚂 Round 83: Client training...
[ 2026-03-06 14:13:56 | node_49 | INFO ] 🚂 Round 83: Client training...
[ 2026-03-06 14:13:56 | node_48 | INFO ] 🚂 Round 83: Client training...
[ 2026-03-06 14:13:56 | node | INFO ] 🧩 Model added for round 83 (40/49) from ['node_42']
[ 2026-03-06 14:13:56 | node_41 | INFO ] 📈 Evaluated. Results: {'test_loss': 0.09176141023635864, 'test_acc': 0.9800000190734863, 'test_precision': 0.9823572039604187, 'test_recall': 0.9831164479255676, 'test_f1': 0.9820210337638855, 'communication_cost': 0}
[ 2026-03-06 14:13:56 | node_41 | INFO ] 🚂 Round 83: Client training...
[ 2026-03-06 14:13:56 | node_44 | INFO ] 📈 Evaluated. Results: {'test_loss': 0.18087653815746307, 'test_acc': 0.9549999833106995, 'test_precision': 0.9535517692565918, 'test_recall': 0.956085205078125, 'test_f1': 0.9538549184799194, 'communication_cost': 0}
[ 2026-03-06 14:13:56 | node_44 | INFO ] 🚂 Round 83: Client training...
[ 2026-03-06 14:13:56 | node_46 | INFO ] 📈 Evaluated. Results: {'test_loss': 0.2414984554052353, 'test_acc': 0.9750000238418579, 'test_precision': 0.9732000827789307, 'test_recall': 0.9748716950416565, 'test_f1': 0.971651017665863, 'communication_cost': 0}
[ 2026-03-06 14:13:56 | node_46 | INFO ] 🚂 Round 83: Client training...
[ 2026-03-06 14:13:56 | node_45 | INFO ] 📈 Evaluated. Results: {'test_loss': 0.7241755723953247, 'test_acc': 0.9649999737739563, 'test_precision': 0.9619026780128479, 'test_recall': 0.961134135723114, 'test_f1': 0.9585747718811035, 'communication_cost': 0}
[ 2026-03-06 14:13:56 | node_45 | INFO ] 🚂 Round 83: Client training...
[ 2026-03-06 14:13:56 | node | INFO ] 🧩 Model added for round 83 (41/49) from ['node_43']
[ 2026-03-06 14:13:56 | node | INFO ] 🧩 Model added for round 83 (42/49) from ['node_47']
[ 2026-03-06 14:13:56 | node | INFO ] 🧩 Model added for round 83 (43/49) from ['node_40']
[ 2026-03-06 14:13:56 | node | INFO ] 🧩 Model added for round 83 (44/49) from ['node_49']
[ 2026-03-06 14:13:56 | node | INFO ] 🧩 Model added for round 83 (45/49) from ['node_41']
[ 2026-03-06 14:13:56 | node | INFO ] 🧩 Model added for round 83 (46/49) from ['node_44']
[ 2026-03-06 14:13:56 | node | INFO ] 🧩 Model added for round 83 (47/49) from ['node_45']
[ 2026-03-06 14:13:56 | node | INFO ] 🧩 Model added for round 83 (48/49) from ['node_48']
[ 2026-03-06 14:13:56 | node | INFO ] 🧩 Model added for round 83 (49/49) from ['node_46']
[ 2026-03-06 14:13:57 | node | INFO ] 🔬 Evaluating...
[ 2026-03-06 14:13:57 | node | INFO ] 📈 Evaluated. Results: {'test_loss': 0.21494156122207642, 'test_acc': 0.9900000095367432, 'test_precision': 0.9874666333198547, 'test_recall': 0.9847999811172485, 'test_f1': 0.9849507212638855, 'communication_cost': 46110666}
[ 2026-03-06 14:13:57 | node_8 | INFO ] 🔬 Evaluating...
[ 2026-03-06 14:13:57 | node_11 | INFO ] 🔬 Evaluating...
[ 2026-03-06 14:13:57 | node_5 | INFO ] 🔬 Evaluating...
[ 2026-03-06 14:13:57 | node_12 | INFO ] 🔬 Evaluating...
[ 2026-03-06 14:13:57 | node_3 | INFO ] 🔬 Evaluating...
[ 2026-03-06 14:13:57 | node_8 | INFO ] 📈 Evaluated. Results: {'test_loss': 0.26906001567840576, 'test_acc': 0.9800000190734863, 'test_precision': 0.9824889302253723, 'test_recall': 0.9789541363716125, 'test_f1': 0.9793731570243835, 'communication_cost': 0}
[ 2026-03-06 14:13:57 | node_8 | INFO ] 🚂 Round 84: Client training...
[ 2026-03-06 14:13:57 | node_18 | INFO ] 🔬 Evaluating...
[ 2026-03-06 14:13:57 | node_5 | INFO ] 📈 Evaluated. Results: {'test_loss': 0.17385736107826233, 'test_acc': 0.9900000095367432, 'test_precision': 0.9914999604225159, 'test_recall': 0.9894999861717224, 'test_f1': 0.9898096323013306, 'communication_cost': 0}
[ 2026-03-06 14:13:57 | node_5 | INFO ] 🚂 Round 84: Client training...
[ 2026-03-06 14:13:57 | node_11 | INFO ] 📈 Evaluated. Results: {'test_loss': 0.4474257230758667, 'test_acc': 0.9750000238418579, 'test_precision': 0.9739538431167603, 'test_recall': 0.9724674224853516, 'test_f1': 0.9720712304115295, 'communication_cost': 0}
[ 2026-03-06 14:13:57 | node_11 | INFO ] 🚂 Round 84: Client training...
[ 2026-03-06 14:13:57 | node_3 | INFO ] 📈 Evaluated. Results: {'test_loss': 0.152095228433609, 'test_acc': 0.9750000238418579, 'test_precision': 0.9711019992828369, 'test_recall': 0.9735333323478699, 'test_f1': 0.9700840711593628, 'communication_cost': 0}
[ 2026-03-06 14:13:57 | node_3 | INFO ] 🚂 Round 84: Client training...
[ 2026-03-06 14:13:57 | node_12 | INFO ] 📈 Evaluated. Results: {'test_loss': 0.11729621887207031, 'test_acc': 0.9900000095367432, 'test_precision': 0.9905769228935242, 'test_recall': 0.9896162152290344, 'test_f1': 0.9895610213279724, 'communication_cost': 0}
[ 2026-03-06 14:13:57 | node_12 | INFO ] 🚂 Round 84: Client training...
[ 2026-03-06 14:13:57 | node_18 | INFO ] 📈 Evaluated. Results: {'test_loss': 0.00398578867316246, 'test_acc': 1.0, 'test_precision': 1.0, 'test_recall': 1.0, 'test_f1': 1.0, 'communication_cost': 0}
[ 2026-03-06 14:13:57 | node_18 | INFO ] 🚂 Round 84: Client training...
[ 2026-03-06 14:13:57 | node_10 | INFO ] 🔬 Evaluating...
[ 2026-03-06 14:13:57 | node_15 | INFO ] 🔬 Evaluating...
[ 2026-03-06 14:13:57 | node_35 | INFO ] 🔬 Evaluating...
[ 2026-03-06 14:13:57 | node_34 | INFO ] 🔬 Evaluating...
[ 2026-03-06 14:13:57 | node_37 | INFO ] 🔬 Evaluating...
[ 2026-03-06 14:13:57 | node_10 | INFO ] 📈 Evaluated. Results: {'test_loss': 0.22925835847854614, 'test_acc': 0.9850000143051147, 'test_precision': 0.984687328338623, 'test_recall': 0.9847619533538818, 'test_f1': 0.984351396560669, 'communication_cost': 0}
[ 2026-03-06 14:13:57 | node_9 | INFO ] 🔬 Evaluating...
[ 2026-03-06 14:13:57 | node_15 | INFO ] 📈 Evaluated. Results: {'test_loss': 0.26402223110198975, 'test_acc': 0.9950000047683716, 'test_precision': 0.9957333207130432, 'test_recall': 0.9908571839332581, 'test_f1': 0.992870032787323, 'communication_cost': 0}
[ 2026-03-06 14:13:57 | node_10 | INFO ] 🚂 Round 84: Client training...
[ 2026-03-06 14:13:57 | node_14 | INFO ] 🔬 Evaluating...
[ 2026-03-06 14:13:57 | node_36 | INFO ] 🔬 Evaluating...
[ 2026-03-06 14:13:57 | node_15 | INFO ] 🚂 Round 84: Client training...
[ 2026-03-06 14:13:57 | node_1 | INFO ] 🔬 Evaluating...
[ 2026-03-06 14:13:57 | node_2 | INFO ] 🔬 Evaluating...
[ 2026-03-06 14:13:57 | node_35 | INFO ] 📈 Evaluated. Results: {'test_loss': 0.23270025849342346, 'test_acc': 0.9900000095367432, 'test_precision': 0.9891000390052795, 'test_recall': 0.9887999892234802, 'test_f1': 0.9881671071052551, 'communication_cost': 0}
[ 2026-03-06 14:13:57 | node_34 | INFO ] 📈 Evaluated. Results: {'test_loss': 0.29683157801628113, 'test_acc': 0.9800000190734863, 'test_precision': 0.9764395952224731, 'test_recall': 0.9800722002983093, 'test_f1': 0.976683497428894, 'communication_cost': 0}
[ 2026-03-06 14:13:57 | node_26 | INFO ] 🔬 Evaluating...
[ 2026-03-06 14:13:57 | node_37 | INFO ] 📈 Evaluated. Results: {'test_loss': 0.21578454971313477, 'test_acc': 0.9700000286102295, 'test_precision': 0.9751619100570679, 'test_recall': 0.9673596024513245, 'test_f1': 0.9698507189750671, 'communication_cost': 0}
[ 2026-03-06 14:13:57 | node_14 | INFO ] 📈 Evaluated. Results: {'test_loss': 0.20561236143112183, 'test_acc': 0.9700000286102295, 'test_precision': 0.9706412553787231, 'test_recall': 0.9687927961349487, 'test_f1': 0.9683707356452942, 'communication_cost': 0}
[ 2026-03-06 14:13:57 | node_34 | INFO ] 🚂 Round 84: Client training...
[ 2026-03-06 14:13:57 | node_36 | INFO ] 📈 Evaluated. Results: {'test_loss': 0.005001611076295376, 'test_acc': 1.0, 'test_precision': 1.0, 'test_recall': 1.0, 'test_f1': 1.0, 'communication_cost': 0}
[ 2026-03-06 14:13:57 | node_35 | INFO ] 🚂 Round 84: Client training...
[ 2026-03-06 14:13:57 | node_1 | INFO ] 📈 Evaluated. Results: {'test_loss': 0.5433112382888794, 'test_acc': 0.949999988079071, 'test_precision': 0.9359340667724609, 'test_recall': 0.9508203268051147, 'test_f1': 0.9357072710990906, 'communication_cost': 0}
[ 2026-03-06 14:13:57 | node_6 | INFO ] 🔬 Evaluating...
[ 2026-03-06 14:13:57 | node_9 | INFO ] 📈 Evaluated. Results: {'test_loss': 0.12727288901805878, 'test_acc': 0.9850000143051147, 'test_precision': 0.9873122572898865, 'test_recall': 0.9876638650894165, 'test_f1': 0.9870697259902954, 'communication_cost': 0}
[ 2026-03-06 14:13:57 | node_37 | INFO ] 🚂 Round 84: Client training...
[ 2026-03-06 14:13:57 | node_4 | INFO ] 🔬 Evaluating...
[ 2026-03-06 14:13:57 | node_14 | INFO ] 🚂 Round 84: Client training...
[ 2026-03-06 14:13:57 | node_43 | INFO ] 🔬 Evaluating...
[ 2026-03-06 14:13:57 | node_7 | INFO ] 🔬 Evaluating...
[ 2026-03-06 14:13:57 | node_2 | INFO ] 📈 Evaluated. Results: {'test_loss': 0.11087069660425186, 'test_acc': 0.9800000190734863, 'test_precision': 0.9780210256576538, 'test_recall': 0.9749693274497986, 'test_f1': 0.975762128829956, 'communication_cost': 0}
[ 2026-03-06 14:13:57 | node_13 | INFO ] 🔬 Evaluating...
[ 2026-03-06 14:13:57 | node_26 | INFO ] 📈 Evaluated. Results: {'test_loss': 0.2617861032485962, 'test_acc': 0.9649999737739563, 'test_precision': 0.9607238173484802, 'test_recall': 0.9678034782409668, 'test_f1': 0.962436854839325, 'communication_cost': 0}
[ 2026-03-06 14:13:57 | node_36 | INFO ] 🚂 Round 84: Client training...
[ 2026-03-06 14:13:57 | node_1 | INFO ] 🚂 Round 84: Client training...
[ 2026-03-06 14:13:57 | node_40 | INFO ] 🔬 Evaluating...
[ 2026-03-06 14:13:57 | node_9 | INFO ] 🚂 Round 84: Client training...
[ 2026-03-06 14:13:57 | node_2 | INFO ] 🚂 Round 84: Client training...
[ 2026-03-06 14:13:57 | node_41 | INFO ] 🔬 Evaluating...
[ 2026-03-06 14:13:57 | node_26 | INFO ] 🚂 Round 84: Client training...
[ 2026-03-06 14:13:57 | node_20 | INFO ] 🔬 Evaluating...
[ 2026-03-06 14:13:57 | node_44 | INFO ] 🔬 Evaluating...
[ 2026-03-06 14:13:57 | node_22 | INFO ] 🔬 Evaluating...
[ 2026-03-06 14:13:57 | node_39 | INFO ] 🔬 Evaluating...
[ 2026-03-06 14:13:57 | node_16 | INFO ] 🔬 Evaluating...
[ 2026-03-06 14:13:57 | node_23 | INFO ] 🔬 Evaluating...
[ 2026-03-06 14:13:57 | node_17 | INFO ] 🔬 Evaluating...
[ 2026-03-06 14:13:57 | node_28 | INFO ] 🔬 Evaluating...
[ 2026-03-06 14:13:57 | node_38 | INFO ] 🔬 Evaluating...
[ 2026-03-06 14:13:57 | node_19 | INFO ] 🔬 Evaluating...
[ 2026-03-06 14:13:57 | node_21 | INFO ] 🔬 Evaluating...
[ 2026-03-06 14:13:57 | node_27 | INFO ] 🔬 Evaluating...
[ 2026-03-06 14:13:57 | node_33 | INFO ] 🔬 Evaluating...
[ 2026-03-06 14:13:57 | node_31 | INFO ] 🔬 Evaluating...
[ 2026-03-06 14:13:57 | node_25 | INFO ] 🔬 Evaluating...
[ 2026-03-06 14:13:57 | node_29 | INFO ] 🔬 Evaluating...
[ 2026-03-06 14:13:57 | node_24 | INFO ] 🔬 Evaluating...
[ 2026-03-06 14:13:57 | node_30 | INFO ] 🔬 Evaluating...
[ 2026-03-06 14:13:57 | node_32 | INFO ] 🔬 Evaluating...
[ 2026-03-06 14:13:57 | node_42 | INFO ] 🔬 Evaluating...
[ 2026-03-06 14:13:58 | node_6 | INFO ] 📈 Evaluated. Results: {'test_loss': 0.2444569617509842, 'test_acc': 0.9750000238418579, 'test_precision': 0.980155885219574, 'test_recall': 0.9731819033622742, 'test_f1': 0.9747730493545532, 'communication_cost': 0}
[ 2026-03-06 14:13:58 | node_45 | INFO ] 🔬 Evaluating...
[ 2026-03-06 14:13:58 | node_4 | INFO ] 📈 Evaluated. Results: {'test_loss': 0.05263517424464226, 'test_acc': 0.9900000095367432, 'test_precision': 0.9890769720077515, 'test_recall': 0.9920769333839417, 'test_f1': 0.9900420308113098, 'communication_cost': 0}
[ 2026-03-06 14:13:58 | node_43 | INFO ] 📈 Evaluated. Results: {'test_loss': 0.5459747314453125, 'test_acc': 0.9750000238418579, 'test_precision': 0.9732102751731873, 'test_recall': 0.9740000367164612, 'test_f1': 0.9715969562530518, 'communication_cost': 0}
[ 2026-03-06 14:13:58 | node_7 | INFO ] 📈 Evaluated. Results: {'test_loss': 0.06564480066299438, 'test_acc': 0.9950000047683716, 'test_precision': 0.9950768947601318, 'test_recall': 0.9957333207130432, 'test_f1': 0.9952331781387329, 'communication_cost': 0}
[ 2026-03-06 14:13:58 | node_6 | INFO ] 🚂 Round 84: Client training...
[ 2026-03-06 14:13:58 | node_40 | INFO ] 📈 Evaluated. Results: {'test_loss': 0.14634963870048523, 'test_acc': 0.9750000238418579, 'test_precision': 0.9692571759223938, 'test_recall': 0.9799538254737854, 'test_f1': 0.9706836938858032, 'communication_cost': 0}
[ 2026-03-06 14:13:58 | node_13 | INFO ] 📈 Evaluated. Results: {'test_loss': 0.430192768573761, 'test_acc': 0.9649999737739563, 'test_precision': 0.9602588415145874, 'test_recall': 0.9627649188041687, 'test_f1': 0.959336519241333, 'communication_cost': 0}
[ 2026-03-06 14:13:58 | node_16 | INFO ] 📈 Evaluated. Results: {'test_loss': 0.17872729897499084, 'test_acc': 0.9850000143051147, 'test_precision': 0.9874685406684875, 'test_recall': 0.9853352904319763, 'test_f1': 0.9857458472251892, 'communication_cost': 0}
[ 2026-03-06 14:13:58 | node_41 | INFO ] 📈 Evaluated. Results: {'test_loss': 0.1168217733502388, 'test_acc': 0.9850000143051147, 'test_precision': 0.9868571758270264, 'test_recall': 0.98638916015625, 'test_f1': 0.9861353039741516, 'communication_cost': 0}
[ 2026-03-06 14:13:58 | node_20 | INFO ] 📈 Evaluated. Results: {'test_loss': 0.3871901333332062, 'test_acc': 0.9649999737739563, 'test_precision': 0.9720134139060974, 'test_recall': 0.9619454741477966, 'test_f1': 0.9644263982772827, 'communication_cost': 0}
[ 2026-03-06 14:13:58 | node_4 | INFO ] 🚂 Round 84: Client training...
[ 2026-03-06 14:13:58 | node_43 | INFO ] 🚂 Round 84: Client training...
[ 2026-03-06 14:13:58 | node_7 | INFO ] 🚂 Round 84: Client training...
[ 2026-03-06 14:13:58 | node_40 | INFO ] 🚂 Round 84: Client training...
[ 2026-03-06 14:13:58 | node_17 | INFO ] 📈 Evaluated. Results: {'test_loss': 0.06918676942586899, 'test_acc': 0.9950000047683716, 'test_precision': 0.9959999918937683, 'test_recall': 0.9959999918937683, 'test_f1': 0.9958709478378296, 'communication_cost': 0}
[ 2026-03-06 14:13:58 | node_46 | INFO ] 🔬 Evaluating...
[ 2026-03-06 14:13:58 | node_39 | INFO ] 📈 Evaluated. Results: {'test_loss': 0.5300292372703552, 'test_acc': 0.9649999737739563, 'test_precision': 0.9669474959373474, 'test_recall': 0.958058774471283, 'test_f1': 0.9596666693687439, 'communication_cost': 0}
[ 2026-03-06 14:13:58 | node_13 | INFO ] 🚂 Round 84: Client training...
[ 2026-03-06 14:13:58 | node_22 | INFO ] 📈 Evaluated. Results: {'test_loss': 0.22952228784561157, 'test_acc': 0.9750000238418579, 'test_precision': 0.976226270198822, 'test_recall': 0.9748333692550659, 'test_f1': 0.9742796421051025, 'communication_cost': 0}
[ 2026-03-06 14:13:58 | node_16 | INFO ] 🚂 Round 84: Client training...
[ 2026-03-06 14:13:58 | node_41 | INFO ] 🚂 Round 84: Client training...
[ 2026-03-06 14:13:58 | node_20 | INFO ] 🚂 Round 84: Client training...
[ 2026-03-06 14:13:58 | node_38 | INFO ] 📈 Evaluated. Results: {'test_loss': 0.4119705259799957, 'test_acc': 0.9750000238418579, 'test_precision': 0.9759965538978577, 'test_recall': 0.9735722541809082, 'test_f1': 0.9728526473045349, 'communication_cost': 0}
[ 2026-03-06 14:13:58 | node_19 | INFO ] 📈 Evaluated. Results: {'test_loss': 0.049968671053647995, 'test_acc': 0.9850000143051147, 'test_precision': 0.9833015203475952, 'test_recall': 0.9824444651603699, 'test_f1': 0.9818692207336426, 'communication_cost': 0}
[ 2026-03-06 14:13:58 | node_28 | INFO ] 📈 Evaluated. Results: {'test_loss': 0.24569171667099, 'test_acc': 0.9750000238418579, 'test_precision': 0.9757524132728577, 'test_recall': 0.9726340770721436, 'test_f1': 0.9729458093643188, 'communication_cost': 0}
[ 2026-03-06 14:13:58 | node_44 | INFO ] 📈 Evaluated. Results: {'test_loss': 0.21448272466659546, 'test_acc': 0.9599999785423279, 'test_precision': 0.9586840271949768, 'test_recall': 0.959850013256073, 'test_f1': 0.957979142665863, 'communication_cost': 0}
[ 2026-03-06 14:13:58 | node_23 | INFO ] 📈 Evaluated. Results: {'test_loss': 0.24037422239780426, 'test_acc': 0.9800000190734863, 'test_precision': 0.9739658236503601, 'test_recall': 0.9835602045059204, 'test_f1': 0.9775712490081787, 'communication_cost': 0}
[ 2026-03-06 14:13:58 | node_21 | INFO ] 📈 Evaluated. Results: {'test_loss': 0.6787095665931702, 'test_acc': 0.9700000286102295, 'test_precision': 0.9713238477706909, 'test_recall': 0.9652230143547058, 'test_f1': 0.9666387438774109, 'communication_cost': 0}
[ 2026-03-06 14:13:58 | node_17 | INFO ] 🚂 Round 84: Client training...
[ 2026-03-06 14:13:58 | node_33 | INFO ] 📈 Evaluated. Results: {'test_loss': 0.12650476396083832, 'test_acc': 0.9700000286102295, 'test_precision': 0.9752708673477173, 'test_recall': 0.9620769619941711, 'test_f1': 0.9664278626441956, 'communication_cost': 0}
[ 2026-03-06 14:13:58 | node_31 | INFO ] 📈 Evaluated. Results: {'test_loss': 0.0767459124326706, 'test_acc': 0.9850000143051147, 'test_precision': 0.9839341044425964, 'test_recall': 0.9830999970436096, 'test_f1': 0.9829023480415344, 'communication_cost': 0}
[ 2026-03-06 14:13:58 | node_29 | INFO ] 📈 Evaluated. Results: {'test_loss': 0.42625144124031067, 'test_acc': 0.9750000238418579, 'test_precision': 0.9718396067619324, 'test_recall': 0.9741279482841492, 'test_f1': 0.9710142612457275, 'communication_cost': 0}
[ 2026-03-06 14:13:58 | node_42 | INFO ] 📈 Evaluated. Results: {'test_loss': 0.464150071144104, 'test_acc': 0.9700000286102295, 'test_precision': 0.9754965305328369, 'test_recall': 0.9670151472091675, 'test_f1': 0.9688677787780762, 'communication_cost': 0}
[ 2026-03-06 14:13:58 | node_24 | INFO ] 📈 Evaluated. Results: {'test_loss': 0.04840478301048279, 'test_acc': 0.9800000190734863, 'test_precision': 0.9788691997528076, 'test_recall': 0.9785920977592468, 'test_f1': 0.978343665599823, 'communication_cost': 0}
[ 2026-03-06 14:13:58 | node_30 | INFO ] 📈 Evaluated. Results: {'test_loss': 0.5781829953193665, 'test_acc': 0.9700000286102295, 'test_precision': 0.9675905108451843, 'test_recall': 0.9715458750724792, 'test_f1': 0.9671987295150757, 'communication_cost': 0}
[ 2026-03-06 14:13:58 | node_39 | INFO ] 🚂 Round 84: Client training...
[ 2026-03-06 14:13:58 | node_27 | INFO ] 📈 Evaluated. Results: {'test_loss': 0.07989276200532913, 'test_acc': 0.9950000047683716, 'test_precision': 0.9955000281333923, 'test_recall': 0.9910000562667847, 'test_f1': 0.9924571514129639, 'communication_cost': 0}
[ 2026-03-06 14:13:58 | node_25 | INFO ] 📈 Evaluated. Results: {'test_loss': 0.4479399025440216, 'test_acc': 0.9750000238418579, 'test_precision': 0.9763789176940918, 'test_recall': 0.9758769273757935, 'test_f1': 0.9752805829048157, 'communication_cost': 0}
[ 2026-03-06 14:13:58 | node_45 | INFO ] 📈 Evaluated. Results: {'test_loss': 0.7432317137718201, 'test_acc': 0.9649999737739563, 'test_precision': 0.9619026780128479, 'test_recall': 0.961134135723114, 'test_f1': 0.9585747718811035, 'communication_cost': 0}
[ 2026-03-06 14:13:58 | node_32 | INFO ] 📈 Evaluated. Results: {'test_loss': 0.2397191971540451, 'test_acc': 0.9750000238418579, 'test_precision': 0.9760888814926147, 'test_recall': 0.9725828766822815, 'test_f1': 0.9732062816619873, 'communication_cost': 0}
[ 2026-03-06 14:13:58 | node_22 | INFO ] 🚂 Round 84: Client training...
[ 2026-03-06 14:13:58 | node_38 | INFO ] 🚂 Round 84: Client training...
[ 2026-03-06 14:13:58 | node_28 | INFO ] 🚂 Round 84: Client training...
[ 2026-03-06 14:13:58 | node_46 | INFO ] 📈 Evaluated. Results: {'test_loss': 0.2673777639865875, 'test_acc': 0.9750000238418579, 'test_precision': 0.9732000827789307, 'test_recall': 0.9748716950416565, 'test_f1': 0.971651017665863, 'communication_cost': 0}
[ 2026-03-06 14:13:58 | node_19 | INFO ] 🚂 Round 84: Client training...
[ 2026-03-06 14:13:58 | node_44 | INFO ] 🚂 Round 84: Client training...
[ 2026-03-06 14:13:59 | node_23 | INFO ] 🚂 Round 84: Client training...
[ 2026-03-06 14:13:59 | node_21 | INFO ] 🚂 Round 84: Client training...
[ 2026-03-06 14:13:59 | node_33 | INFO ] 🚂 Round 84: Client training...
[ 2026-03-06 14:13:59 | node_31 | INFO ] 🚂 Round 84: Client training...
[ 2026-03-06 14:13:59 | node_24 | INFO ] 🚂 Round 84: Client training...
[ 2026-03-06 14:13:59 | node_42 | INFO ] 🚂 Round 84: Client training...
[ 2026-03-06 14:13:59 | node_29 | INFO ] 🚂 Round 84: Client training...
[ 2026-03-06 14:13:59 | node_30 | INFO ] 🚂 Round 84: Client training...
[ 2026-03-06 14:13:59 | node_27 | INFO ] 🚂 Round 84: Client training...
[ 2026-03-06 14:13:59 | node_25 | INFO ] 🚂 Round 84: Client training...
[ 2026-03-06 14:13:59 | node_45 | INFO ] 🚂 Round 84: Client training...
[ 2026-03-06 14:13:59 | node_32 | INFO ] 🚂 Round 84: Client training...
[ 2026-03-06 14:13:59 | node_47 | INFO ] 🔬 Evaluating...
[ 2026-03-06 14:13:59 | node_49 | INFO ] 🔬 Evaluating...
[ 2026-03-06 14:13:59 | node_48 | INFO ] 🔬 Evaluating...
[ 2026-03-06 14:13:59 | node_46 | INFO ] 🚂 Round 84: Client training...
[ 2026-03-06 14:13:59 | node_48 | INFO ] 📈 Evaluated. Results: {'test_loss': 0.2648565173149109, 'test_acc': 0.9750000238418579, 'test_precision': 0.9758647084236145, 'test_recall': 0.9770991802215576, 'test_f1': 0.9747763276100159, 'communication_cost': 0}
[ 2026-03-06 14:13:59 | node_47 | INFO ] 📈 Evaluated. Results: {'test_loss': 0.3102337419986725, 'test_acc': 0.9649999737739563, 'test_precision': 0.9624714851379395, 'test_recall': 0.957000732421875, 'test_f1': 0.9564645290374756, 'communication_cost': 0}
[ 2026-03-06 14:13:59 | node_49 | INFO ] 📈 Evaluated. Results: {'test_loss': 0.29684826731681824, 'test_acc': 0.9649999737739563, 'test_precision': 0.9712424278259277, 'test_recall': 0.9624881148338318, 'test_f1': 0.964585542678833, 'communication_cost': 0}
[ 2026-03-06 14:13:59 | node_48 | INFO ] 🚂 Round 84: Client training...
[ 2026-03-06 14:13:59 | node_47 | INFO ] 🚂 Round 84: Client training...
[ 2026-03-06 14:13:59 | node_49 | INFO ] 🚂 Round 84: Client training...
[ 2026-03-06 14:14:00 | node | INFO ] ⏳ Round 84: Server waiting for 49 updates.
[ 2026-03-06 14:14:00 | node | INFO ] ♻️ Proactively processing 49 early models for round 84.
[ 2026-03-06 14:14:00 | node | INFO ] 🧩 Model added for round 84 (1/49) from ['node_8']
[ 2026-03-06 14:14:00 | node | INFO ] 🧩 Model added for round 84 (2/49) from ['node_5']
[ 2026-03-06 14:14:00 | node | INFO ] 🧩 Model added for round 84 (3/49) from ['node_3']
[ 2026-03-06 14:14:00 | node | INFO ] 🧩 Model added for round 84 (4/49) from ['node_11']
[ 2026-03-06 14:14:00 | node | INFO ] 🧩 Model added for round 84 (5/49) from ['node_18']
[ 2026-03-06 14:14:00 | node | INFO ] 🧩 Model added for round 84 (6/49) from ['node_12']
[ 2026-03-06 14:14:00 | node | INFO ] 🧩 Model added for round 84 (7/49) from ['node_10']
[ 2026-03-06 14:14:00 | node | INFO ] 🧩 Model added for round 84 (8/49) from ['node_15']
[ 2026-03-06 14:14:00 | node | INFO ] 🧩 Model added for round 84 (9/49) from ['node_34']
[ 2026-03-06 14:14:00 | node | INFO ] 🧩 Model added for round 84 (10/49) from ['node_2']
[ 2026-03-06 14:14:00 | node | INFO ] 🧩 Model added for round 84 (11/49) from ['node_37']
[ 2026-03-06 14:14:00 | node | INFO ] 🧩 Model added for round 84 (12/49) from ['node_35']
[ 2026-03-06 14:14:00 | node | INFO ] 🧩 Model added for round 84 (13/49) from ['node_14']
[ 2026-03-06 14:14:00 | node | INFO ] 🧩 Model added for round 84 (14/49) from ['node_36']
[ 2026-03-06 14:14:00 | node | INFO ] 🧩 Model added for round 84 (15/49) from ['node_1']
[ 2026-03-06 14:14:00 | node | INFO ] 🧩 Model added for round 84 (16/49) from ['node_9']
[ 2026-03-06 14:14:00 | node | INFO ] 🧩 Model added for round 84 (17/49) from ['node_26']
[ 2026-03-06 14:14:00 | node | INFO ] 🧩 Model added for round 84 (18/49) from ['node_6']
[ 2026-03-06 14:14:00 | node | INFO ] 🧩 Model added for round 84 (19/49) from ['node_7']
[ 2026-03-06 14:14:00 | node | INFO ] 🧩 Model added for round 84 (20/49) from ['node_43']
[ 2026-03-06 14:14:00 | node | INFO ] 🧩 Model added for round 84 (21/49) from ['node_4']
[ 2026-03-06 14:14:00 | node | INFO ] 🧩 Model added for round 84 (22/49) from ['node_40']
[ 2026-03-06 14:14:00 | node | INFO ] 🧩 Model added for round 84 (23/49) from ['node_13']
[ 2026-03-06 14:14:00 | node | INFO ] 🧩 Model added for round 84 (24/49) from ['node_20']
[ 2026-03-06 14:14:00 | node | INFO ] 🧩 Model added for round 84 (25/49) from ['node_41']
[ 2026-03-06 14:14:00 | node | INFO ] 🧩 Model added for round 84 (26/49) from ['node_17']
[ 2026-03-06 14:14:00 | node | INFO ] 🧩 Model added for round 84 (27/49) from ['node_22']
[ 2026-03-06 14:14:00 | node | INFO ] 🧩 Model added for round 84 (28/49) from ['node_16']
[ 2026-03-06 14:14:00 | node | INFO ] 🧩 Model added for round 84 (29/49) from ['node_28']
[ 2026-03-06 14:14:00 | node | INFO ] 🧩 Model added for round 84 (30/49) from ['node_38']
[ 2026-03-06 14:14:00 | node | INFO ] 🧩 Model added for round 84 (31/49) from ['node_19']
[ 2026-03-06 14:14:00 | node | INFO ] 🧩 Model added for round 84 (32/49) from ['node_39']
[ 2026-03-06 14:14:00 | node | INFO ] 🧩 Model added for round 84 (33/49) from ['node_44']
[ 2026-03-06 14:14:00 | node | INFO ] 🧩 Model added for round 84 (34/49) from ['node_21']
[ 2026-03-06 14:14:00 | node | INFO ] 🧩 Model added for round 84 (35/49) from ['node_23']
[ 2026-03-06 14:14:00 | node | INFO ] 🧩 Model added for round 84 (36/49) from ['node_33']
[ 2026-03-06 14:14:00 | node | INFO ] 🧩 Model added for round 84 (37/49) from ['node_31']
[ 2026-03-06 14:14:00 | node | INFO ] 🧩 Model added for round 84 (38/49) from ['node_30']
[ 2026-03-06 14:14:00 | node | INFO ] 🧩 Model added for round 84 (39/49) from ['node_42']
[ 2026-03-06 14:14:00 | node | INFO ] 🧩 Model added for round 84 (40/49) from ['node_24']
[ 2026-03-06 14:14:00 | node | INFO ] 🧩 Model added for round 84 (41/49) from ['node_45']
[ 2026-03-06 14:14:00 | node | INFO ] 🧩 Model added for round 84 (42/49) from ['node_32']
[ 2026-03-06 14:14:00 | node | INFO ] 🧩 Model added for round 84 (43/49) from ['node_46']
[ 2026-03-06 14:14:00 | node | INFO ] 🧩 Model added for round 84 (44/49) from ['node_29']
[ 2026-03-06 14:14:00 | node | INFO ] 🧩 Model added for round 84 (45/49) from ['node_25']
[ 2026-03-06 14:14:00 | node | INFO ] 🧩 Model added for round 84 (46/49) from ['node_27']
[ 2026-03-06 14:14:00 | node | INFO ] 🧩 Model added for round 84 (47/49) from ['node_48']
[ 2026-03-06 14:14:00 | node | INFO ] 🧩 Model added for round 84 (48/49) from ['node_47']
[ 2026-03-06 14:14:00 | node | INFO ] 🧩 Model added for round 84 (49/49) from ['node_49']
[ 2026-03-06 14:14:00 | node | INFO ] 🔬 Evaluating...
[ 2026-03-06 14:14:00 | node | INFO ] 📈 Evaluated. Results: {'test_loss': 0.22700782120227814, 'test_acc': 0.9900000095367432, 'test_precision': 0.9874666333198547, 'test_recall': 0.9847999811172485, 'test_f1': 0.9849507212638855, 'communication_cost': 46110666}
[ 2026-03-06 14:14:00 | node_16 | INFO ] 🔬 Evaluating...
[ 2026-03-06 14:14:00 | node_17 | INFO ] 🔬 Evaluating...
[ 2026-03-06 14:14:00 | node_19 | INFO ] 🔬 Evaluating...
[ 2026-03-06 14:14:00 | node_21 | INFO ] 🔬 Evaluating...
[ 2026-03-06 14:14:00 | node_15 | INFO ] 🔬 Evaluating...
[ 2026-03-06 14:14:00 | node_2 | INFO ] 🔬 Evaluating...
[ 2026-03-06 14:14:00 | node_1 | INFO ] 🔬 Evaluating...
[ 2026-03-06 14:14:00 | node_14 | INFO ] 🔬 Evaluating...
[ 2026-03-06 14:14:00 | node_17 | INFO ] 📈 Evaluated. Results: {'test_loss': 0.06223422661423683, 'test_acc': 0.9950000047683716, 'test_precision': 0.9959999918937683, 'test_recall': 0.9959999918937683, 'test_f1': 0.9958709478378296, 'communication_cost': 0}
[ 2026-03-06 14:14:00 | node_16 | INFO ] 📈 Evaluated. Results: {'test_loss': 0.20625433325767517, 'test_acc': 0.9800000190734863, 'test_precision': 0.9841221570968628, 'test_recall': 0.9815706014633179, 'test_f1': 0.9818600416183472, 'communication_cost': 0}
[ 2026-03-06 14:14:00 | node_17 | INFO ] 🚂 Round 85: Client training...
[ 2026-03-06 14:14:00 | node_16 | INFO ] 🚂 Round 85: Client training...
[ 2026-03-06 14:14:00 | node_19 | INFO ] 📈 Evaluated. Results: {'test_loss': 0.0467381589114666, 'test_acc': 0.9850000143051147, 'test_precision': 0.9812444448471069, 'test_recall': 0.9844444394111633, 'test_f1': 0.9817935228347778, 'communication_cost': 0}
[ 2026-03-06 14:14:00 | node_19 | INFO ] 🚂 Round 85: Client training...
[ 2026-03-06 14:14:00 | node_12 | INFO ] 🔬 Evaluating...
[ 2026-03-06 14:14:00 | node_14 | INFO ] 📈 Evaluated. Results: {'test_loss': 0.23433038592338562, 'test_acc': 0.9700000286102295, 'test_precision': 0.9706412553787231, 'test_recall': 0.9687927961349487, 'test_f1': 0.9683707356452942, 'communication_cost': 0}
[ 2026-03-06 14:14:00 | node_1 | INFO ] 📈 Evaluated. Results: {'test_loss': 0.5560771822929382, 'test_acc': 0.9599999785423279, 'test_precision': 0.9579341411590576, 'test_recall': 0.9561609625816345, 'test_f1': 0.9523628950119019, 'communication_cost': 0}
[ 2026-03-06 14:14:00 | node_21 | INFO ] 📈 Evaluated. Results: {'test_loss': 0.6902809739112854, 'test_acc': 0.9700000286102295, 'test_precision': 0.9713238477706909, 'test_recall': 0.9652230143547058, 'test_f1': 0.9666387438774109, 'communication_cost': 0}
[ 2026-03-06 14:14:00 | node_15 | INFO ] 📈 Evaluated. Results: {'test_loss': 0.2540203034877777, 'test_acc': 0.9950000047683716, 'test_precision': 0.9957333207130432, 'test_recall': 0.9908571839332581, 'test_f1': 0.992870032787323, 'communication_cost': 0}
[ 2026-03-06 14:14:00 | node_14 | INFO ] 🚂 Round 85: Client training...
[ 2026-03-06 14:14:00 | node_3 | INFO ] 🔬 Evaluating...
[ 2026-03-06 14:14:00 | node_1 | INFO ] 🚂 Round 85: Client training...
[ 2026-03-06 14:14:00 | node_11 | INFO ] 🔬 Evaluating...
[ 2026-03-06 14:14:00 | node_9 | INFO ] 🔬 Evaluating...
[ 2026-03-06 14:14:00 | node_5 | INFO ] 🔬 Evaluating...
[ 2026-03-06 14:14:00 | node_8 | INFO ] 🔬 Evaluating...
[ 2026-03-06 14:14:00 | node_2 | INFO ] 📈 Evaluated. Results: {'test_loss': 0.11039787530899048, 'test_acc': 0.9800000190734863, 'test_precision': 0.9780210256576538, 'test_recall': 0.9749693274497986, 'test_f1': 0.975762128829956, 'communication_cost': 0}
[ 2026-03-06 14:14:00 | node_6 | INFO ] 🔬 Evaluating...
[ 2026-03-06 14:14:00 | node_26 | INFO ] 🔬 Evaluating...
[ 2026-03-06 14:14:00 | node_15 | INFO ] 🚂 Round 85: Client training...
[ 2026-03-06 14:14:00 | node_12 | INFO ] 📈 Evaluated. Results: {'test_loss': 0.12429054081439972, 'test_acc': 0.9800000190734863, 'test_precision': 0.9834659099578857, 'test_recall': 0.9773495197296143, 'test_f1': 0.9793227910995483, 'communication_cost': 0}
[ 2026-03-06 14:14:00 | node_21 | INFO ] 🚂 Round 85: Client training...
[ 2026-03-06 14:14:00 | node_2 | INFO ] 🚂 Round 85: Client training...
[ 2026-03-06 14:14:00 | node_12 | INFO ] 🚂 Round 85: Client training...
[ 2026-03-06 14:14:00 | node_18 | INFO ] 🔬 Evaluating...
[ 2026-03-06 14:14:00 | node_7 | INFO ] 🔬 Evaluating...
[ 2026-03-06 14:14:00 | node_43 | INFO ] 🔬 Evaluating...
[ 2026-03-06 14:14:00 | node_11 | INFO ] 📈 Evaluated. Results: {'test_loss': 0.47088050842285156, 'test_acc': 0.9750000238418579, 'test_precision': 0.9739538431167603, 'test_recall': 0.9724674224853516, 'test_f1': 0.9720712304115295, 'communication_cost': 0}
[ 2026-03-06 14:14:00 | node_4 | INFO ] 🔬 Evaluating...
[ 2026-03-06 14:14:00 | node_10 | INFO ] 🔬 Evaluating...
[ 2026-03-06 14:14:00 | node_40 | INFO ] 🔬 Evaluating...
[ 2026-03-06 14:14:00 | node_20 | INFO ] 🔬 Evaluating...
[ 2026-03-06 14:14:00 | node_22 | INFO ] 🔬 Evaluating...
[ 2026-03-06 14:14:00 | node_28 | INFO ] 🔬 Evaluating...
[ 2026-03-06 14:14:00 | node_13 | INFO ] 🔬 Evaluating...
[ 2026-03-06 14:14:00 | node_38 | INFO ] 🔬 Evaluating...
[ 2026-03-06 14:14:00 | node_41 | INFO ] 🔬 Evaluating...
[ 2026-03-06 14:14:00 | node_44 | INFO ] 🔬 Evaluating...
[ 2026-03-06 14:14:00 | node_23 | INFO ] 🔬 Evaluating...
[ 2026-03-06 14:14:00 | node_39 | INFO ] 🔬 Evaluating...
[ 2026-03-06 14:14:00 | node_37 | INFO ] 🔬 Evaluating...
[ 2026-03-06 14:14:00 | node_6 | INFO ] 📈 Evaluated. Results: {'test_loss': 0.2931455671787262, 'test_acc': 0.9750000238418579, 'test_precision': 0.980155885219574, 'test_recall': 0.9731819033622742, 'test_f1': 0.9747730493545532, 'communication_cost': 0}
[ 2026-03-06 14:14:01 | node_32 | INFO ] 🔬 Evaluating...
[ 2026-03-06 14:14:01 | node_31 | INFO ] 🔬 Evaluating...
[ 2026-03-06 14:14:01 | node_35 | INFO ] 🔬 Evaluating...
[ 2026-03-06 14:14:01 | node_33 | INFO ] 🔬 Evaluating...
[ 2026-03-06 14:14:01 | node_29 | INFO ] 🔬 Evaluating...
[ 2026-03-06 14:14:01 | node_45 | INFO ] 🔬 Evaluating...
[ 2026-03-06 14:14:01 | node_30 | INFO ] 🔬 Evaluating...
[ 2026-03-06 14:14:01 | node_36 | INFO ] 🔬 Evaluating...
[ 2026-03-06 14:14:01 | node_24 | INFO ] 🔬 Evaluating...
[ 2026-03-06 14:14:01 | node_27 | INFO ] 🔬 Evaluating...
[ 2026-03-06 14:14:01 | node_25 | INFO ] 🔬 Evaluating...
[ 2026-03-06 14:14:01 | node_11 | INFO ] 🚂 Round 85: Client training...
[ 2026-03-06 14:14:01 | node_42 | INFO ] 🔬 Evaluating...
[ 2026-03-06 14:14:01 | node_34 | INFO ] 🔬 Evaluating...
[ 2026-03-06 14:14:01 | node_46 | INFO ] 🔬 Evaluating...
[ 2026-03-06 14:14:01 | node_6 | INFO ] 🚂 Round 85: Client training...
[ 2026-03-06 14:14:01 | node_3 | INFO ] 📈 Evaluated. Results: {'test_loss': 0.16739441454410553, 'test_acc': 0.9750000238418579, 'test_precision': 0.9711019992828369, 'test_recall': 0.9735333323478699, 'test_f1': 0.9700840711593628, 'communication_cost': 0}
[ 2026-03-06 14:14:01 | node_5 | INFO ] 📈 Evaluated. Results: {'test_loss': 0.15295003354549408, 'test_acc': 0.9900000095367432, 'test_precision': 0.9914999604225159, 'test_recall': 0.9894999861717224, 'test_f1': 0.9898096323013306, 'communication_cost': 0}
[ 2026-03-06 14:14:01 | node_47 | INFO ] 🔬 Evaluating...
[ 2026-03-06 14:14:01 | node_8 | INFO ] 📈 Evaluated. Results: {'test_loss': 0.2977544665336609, 'test_acc': 0.9800000190734863, 'test_precision': 0.9824889302253723, 'test_recall': 0.9789541363716125, 'test_f1': 0.9793731570243835, 'communication_cost': 0}
[ 2026-03-06 14:14:01 | node_48 | INFO ] 🔬 Evaluating...
[ 2026-03-06 14:14:01 | node_18 | INFO ] 📈 Evaluated. Results: {'test_loss': 0.0007323981262743473, 'test_acc': 1.0, 'test_precision': 1.0, 'test_recall': 1.0, 'test_f1': 1.0, 'communication_cost': 0}
[ 2026-03-06 14:14:01 | node_9 | INFO ] 📈 Evaluated. Results: {'test_loss': 0.12428493797779083, 'test_acc': 0.9850000143051147, 'test_precision': 0.9873122572898865, 'test_recall': 0.9876638650894165, 'test_f1': 0.9870697259902954, 'communication_cost': 0}
[ 2026-03-06 14:14:01 | node_26 | INFO ] 📈 Evaluated. Results: {'test_loss': 0.255980908870697, 'test_acc': 0.9649999737739563, 'test_precision': 0.9607238173484802, 'test_recall': 0.9678034782409668, 'test_f1': 0.962436854839325, 'communication_cost': 0}
[ 2026-03-06 14:14:01 | node_7 | INFO ] 📈 Evaluated. Results: {'test_loss': 0.05526721850037575, 'test_acc': 0.9900000095367432, 'test_precision': 0.9918041825294495, 'test_recall': 0.9912333488464355, 'test_f1': 0.9911187887191772, 'communication_cost': 0}
[ 2026-03-06 14:14:01 | node_4 | INFO ] 📈 Evaluated. Results: {'test_loss': 0.06079067289829254, 'test_acc': 0.9850000143051147, 'test_precision': 0.9857085347175598, 'test_recall': 0.9871538281440735, 'test_f1': 0.9857523441314697, 'communication_cost': 0}
[ 2026-03-06 14:14:01 | node_43 | INFO ] 📈 Evaluated. Results: {'test_loss': 0.579114556312561, 'test_acc': 0.9700000286102295, 'test_precision': 0.968067467212677, 'test_recall': 0.9688571095466614, 'test_f1': 0.9660584926605225, 'communication_cost': 0}
[ 2026-03-06 14:14:01 | node_3 | INFO ] 🚂 Round 85: Client training...
[ 2026-03-06 14:14:01 | node_5 | INFO ] 🚂 Round 85: Client training...
[ 2026-03-06 14:14:01 | node_8 | INFO ] 🚂 Round 85: Client training...
[ 2026-03-06 14:14:01 | node_20 | INFO ] 📈 Evaluated. Results: {'test_loss': 0.40725627541542053, 'test_acc': 0.9599999785423279, 'test_precision': 0.9668705463409424, 'test_recall': 0.9583454728126526, 'test_f1': 0.9595519304275513, 'communication_cost': 0}
[ 2026-03-06 14:14:01 | node_10 | INFO ] 📈 Evaluated. Results: {'test_loss': 0.24577850103378296, 'test_acc': 0.9900000095367432, 'test_precision': 0.9900951981544495, 'test_recall': 0.9900951981544495, 'test_f1': 0.9899259209632874, 'communication_cost': 0}
[ 2026-03-06 14:14:01 | node_40 | INFO ] 📈 Evaluated. Results: {'test_loss': 0.13509851694107056, 'test_acc': 0.9750000238418579, 'test_precision': 0.9692571759223938, 'test_recall': 0.9799538254737854, 'test_f1': 0.9706836938858032, 'communication_cost': 0}
[ 2026-03-06 14:14:01 | node_18 | INFO ] 🚂 Round 85: Client training...
[ 2026-03-06 14:14:01 | node_9 | INFO ] 🚂 Round 85: Client training...
[ 2026-03-06 14:14:01 | node_26 | INFO ] 🚂 Round 85: Client training...
[ 2026-03-06 14:14:01 | node_37 | INFO ] 📈 Evaluated. Results: {'test_loss': 0.21139676868915558, 'test_acc': 0.9750000238418579, 'test_precision': 0.9794285297393799, 'test_recall': 0.9744706749916077, 'test_f1': 0.9762928485870361, 'communication_cost': 0}
[ 2026-03-06 14:14:01 | node_23 | INFO ] 📈 Evaluated. Results: {'test_loss': 0.2611125409603119, 'test_acc': 0.9750000238418579, 'test_precision': 0.9682769775390625, 'test_recall': 0.9789887070655823, 'test_f1': 0.9716722369194031, 'communication_cost': 0}
[ 2026-03-06 14:14:01 | node_22 | INFO ] 📈 Evaluated. Results: {'test_loss': 0.21502582728862762, 'test_acc': 0.9750000238418579, 'test_precision': 0.976226270198822, 'test_recall': 0.9748333692550659, 'test_f1': 0.9742796421051025, 'communication_cost': 0}
[ 2026-03-06 14:14:01 | node_38 | INFO ] 📈 Evaluated. Results: {'test_loss': 0.4470253884792328, 'test_acc': 0.9700000286102295, 'test_precision': 0.9719964861869812, 'test_recall': 0.9684293866157532, 'test_f1': 0.9679657220840454, 'communication_cost': 0}
[ 2026-03-06 14:14:01 | node_13 | INFO ] 📈 Evaluated. Results: {'test_loss': 0.40544846653938293, 'test_acc': 0.9700000286102295, 'test_precision': 0.9701159596443176, 'test_recall': 0.9687647819519043, 'test_f1': 0.9677102565765381, 'communication_cost': 0}
[ 2026-03-06 14:14:01 | node_39 | INFO ] 📈 Evaluated. Results: {'test_loss': 0.568300187587738, 'test_acc': 0.9700000286102295, 'test_precision': 0.9709475636482239, 'test_recall': 0.9638769626617432, 'test_f1': 0.9646497964859009, 'communication_cost': 0}
[ 2026-03-06 14:14:01 | node_7 | INFO ] 🚂 Round 85: Client training...
[ 2026-03-06 14:14:01 | node_44 | INFO ] 📈 Evaluated. Results: {'test_loss': 0.1925867795944214, 'test_acc': 0.9649999737739563, 'test_precision': 0.9628840684890747, 'test_recall': 0.9670500159263611, 'test_f1': 0.9633411169052124, 'communication_cost': 0}
[ 2026-03-06 14:14:01 | node_41 | INFO ] 📈 Evaluated. Results: {'test_loss': 0.10122739523649216, 'test_acc': 0.9850000143051147, 'test_precision': 0.9868571758270264, 'test_recall': 0.98638916015625, 'test_f1': 0.9861353039741516, 'communication_cost': 0}
[ 2026-03-06 14:14:01 | node_4 | INFO ] 🚂 Round 85: Client training...
[ 2026-03-06 14:14:01 | node_28 | INFO ] 📈 Evaluated. Results: {'test_loss': 0.2474500685930252, 'test_acc': 0.9750000238418579, 'test_precision': 0.9752143025398254, 'test_recall': 0.9739571213722229, 'test_f1': 0.9734120965003967, 'communication_cost': 0}
[ 2026-03-06 14:14:01 | node_43 | INFO ] 🚂 Round 85: Client training...
[ 2026-03-06 14:14:02 | node_20 | INFO ] 🚂 Round 85: Client training...
[ 2026-03-06 14:14:02 | node_32 | INFO ] 📈 Evaluated. Results: {'test_loss': 0.2868555188179016, 'test_acc': 0.9750000238418579, 'test_precision': 0.9760888814926147, 'test_recall': 0.9725828766822815, 'test_f1': 0.9732062816619873, 'communication_cost': 0}
[ 2026-03-06 14:14:02 | node_10 | INFO ] 🚂 Round 85: Client training...
[ 2026-03-06 14:14:02 | node_36 | INFO ] 📈 Evaluated. Results: {'test_loss': 0.009340902790427208, 'test_acc': 0.9950000047683716, 'test_precision': 0.9927999973297119, 'test_recall': 0.9948571920394897, 'test_f1': 0.9932307600975037, 'communication_cost': 0}
[ 2026-03-06 14:14:02 | node_40 | INFO ] 🚂 Round 85: Client training...
[ 2026-03-06 14:14:02 | node_30 | INFO ] 📈 Evaluated. Results: {'test_loss': 0.5851477980613708, 'test_acc': 0.9700000286102295, 'test_precision': 0.9675905108451843, 'test_recall': 0.9715458750724792, 'test_f1': 0.9671987295150757, 'communication_cost': 0}
[ 2026-03-06 14:14:02 | node_24 | INFO ] 📈 Evaluated. Results: {'test_loss': 0.050116077065467834, 'test_acc': 0.9800000190734863, 'test_precision': 0.9788691997528076, 'test_recall': 0.9785920977592468, 'test_f1': 0.978343665599823, 'communication_cost': 0}
[ 2026-03-06 14:14:02 | node_42 | INFO ] 📈 Evaluated. Results: {'test_loss': 0.42861855030059814, 'test_acc': 0.9700000286102295, 'test_precision': 0.9754965305328369, 'test_recall': 0.9670151472091675, 'test_f1': 0.9688677787780762, 'communication_cost': 0}
[ 2026-03-06 14:14:02 | node_29 | INFO ] 📈 Evaluated. Results: {'test_loss': 0.4366703927516937, 'test_acc': 0.9750000238418579, 'test_precision': 0.9718396067619324, 'test_recall': 0.9741279482841492, 'test_f1': 0.9710142612457275, 'communication_cost': 0}
[ 2026-03-06 14:14:02 | node_37 | INFO ] 🚂 Round 85: Client training...
[ 2026-03-06 14:14:02 | node_45 | INFO ] 📈 Evaluated. Results: {'test_loss': 0.7246753573417664, 'test_acc': 0.9649999737739563, 'test_precision': 0.9619026780128479, 'test_recall': 0.961134135723114, 'test_f1': 0.9585747718811035, 'communication_cost': 0}
[ 2026-03-06 14:14:02 | node_35 | INFO ] 📈 Evaluated. Results: {'test_loss': 0.23868542909622192, 'test_acc': 0.9900000095367432, 'test_precision': 0.9891000390052795, 'test_recall': 0.9887999892234802, 'test_f1': 0.9881671071052551, 'communication_cost': 0}
[ 2026-03-06 14:14:02 | node_27 | INFO ] 📈 Evaluated. Results: {'test_loss': 0.07583394646644592, 'test_acc': 0.9900000095367432, 'test_precision': 0.9912333488464355, 'test_recall': 0.9851818680763245, 'test_f1': 0.9872025847434998, 'communication_cost': 0}
[ 2026-03-06 14:14:02 | node_34 | INFO ] 📈 Evaluated. Results: {'test_loss': 0.3143966794013977, 'test_acc': 0.9750000238418579, 'test_precision': 0.9725714325904846, 'test_recall': 0.9751490950584412, 'test_f1': 0.9715635180473328, 'communication_cost': 0}
[ 2026-03-06 14:14:02 | node_31 | INFO ] 📈 Evaluated. Results: {'test_loss': 0.06037116423249245, 'test_acc': 0.9800000190734863, 'test_precision': 0.9781159162521362, 'test_recall': 0.978528618812561, 'test_f1': 0.9774843454360962, 'communication_cost': 0}
[ 2026-03-06 14:14:02 | node_23 | INFO ] 🚂 Round 85: Client training...
[ 2026-03-06 14:14:02 | node_46 | INFO ] 📈 Evaluated. Results: {'test_loss': 0.3010445833206177, 'test_acc': 0.9750000238418579, 'test_precision': 0.9732000827789307, 'test_recall': 0.9748716950416565, 'test_f1': 0.971651017665863, 'communication_cost': 0}
[ 2026-03-06 14:14:02 | node_33 | INFO ] 📈 Evaluated. Results: {'test_loss': 0.1470710188150406, 'test_acc': 0.9750000238418579, 'test_precision': 0.979270875453949, 'test_recall': 0.9660769701004028, 'test_f1': 0.9706631302833557, 'communication_cost': 0}
[ 2026-03-06 14:14:02 | node_22 | INFO ] 🚂 Round 85: Client training...
[ 2026-03-06 14:14:02 | node_49 | INFO ] 🔬 Evaluating...
[ 2026-03-06 14:14:02 | node_38 | INFO ] 🚂 Round 85: Client training...
[ 2026-03-06 14:14:02 | node_39 | INFO ] 🚂 Round 85: Client training...
[ 2026-03-06 14:14:02 | node_13 | INFO ] 🚂 Round 85: Client training...
[ 2026-03-06 14:14:02 | node_25 | INFO ] 📈 Evaluated. Results: {'test_loss': 0.45090556144714355, 'test_acc': 0.9750000238418579, 'test_precision': 0.9763789176940918, 'test_recall': 0.9758769273757935, 'test_f1': 0.9752805829048157, 'communication_cost': 0}
[ 2026-03-06 14:14:02 | node_44 | INFO ] 🚂 Round 85: Client training...
[ 2026-03-06 14:14:02 | node_48 | INFO ] 📈 Evaluated. Results: {'test_loss': 0.262256383895874, 'test_acc': 0.9800000190734863, 'test_precision': 0.9801313877105713, 'test_recall': 0.9808639287948608, 'test_f1': 0.9789226055145264, 'communication_cost': 0}
[ 2026-03-06 14:14:02 | node_47 | INFO ] 📈 Evaluated. Results: {'test_loss': 0.2745247185230255, 'test_acc': 0.9700000286102295, 'test_precision': 0.9698619246482849, 'test_recall': 0.9730007648468018, 'test_f1': 0.9693889021873474, 'communication_cost': 0}
[ 2026-03-06 14:14:02 | node_41 | INFO ] 🚂 Round 85: Client training...
[ 2026-03-06 14:14:02 | node_28 | INFO ] 🚂 Round 85: Client training...
[ 2026-03-06 14:14:02 | node_32 | INFO ] 🚂 Round 85: Client training...
[ 2026-03-06 14:14:02 | node_36 | INFO ] 🚂 Round 85: Client training...
[ 2026-03-06 14:14:02 | node_30 | INFO ] 🚂 Round 85: Client training...
[ 2026-03-06 14:14:02 | node_42 | INFO ] 🚂 Round 85: Client training...
[ 2026-03-06 14:14:02 | node_24 | INFO ] 🚂 Round 85: Client training...
[ 2026-03-06 14:14:02 | node_29 | INFO ] 🚂 Round 85: Client training...
[ 2026-03-06 14:14:02 | node_45 | INFO ] 🚂 Round 85: Client training...
[ 2026-03-06 14:14:02 | node_35 | INFO ] 🚂 Round 85: Client training...
[ 2026-03-06 14:14:02 | node_34 | INFO ] 🚂 Round 85: Client training...
[ 2026-03-06 14:14:02 | node_27 | INFO ] 🚂 Round 85: Client training...
[ 2026-03-06 14:14:02 | node_31 | INFO ] 🚂 Round 85: Client training...
[ 2026-03-06 14:14:02 | node_46 | INFO ] 🚂 Round 85: Client training...
[ 2026-03-06 14:14:02 | node_33 | INFO ] 🚂 Round 85: Client training...
[ 2026-03-06 14:14:02 | node_25 | INFO ] 🚂 Round 85: Client training...
[ 2026-03-06 14:14:02 | node_48 | INFO ] 🚂 Round 85: Client training...
[ 2026-03-06 14:14:02 | node_47 | INFO ] 🚂 Round 85: Client training...
[ 2026-03-06 14:14:03 | node_49 | INFO ] 📈 Evaluated. Results: {'test_loss': 0.26803457736968994, 'test_acc': 0.9649999737739563, 'test_precision': 0.9712424278259277, 'test_recall': 0.9624881148338318, 'test_f1': 0.964585542678833, 'communication_cost': 0}
[ 2026-03-06 14:14:03 | node_49 | INFO ] 🚂 Round 85: Client training...
[ 2026-03-06 14:14:04 | node | INFO ] ⏳ Round 85: Server waiting for 49 updates.
[ 2026-03-06 14:14:04 | node | INFO ] ♻️ Proactively processing 49 early models for round 85.
[ 2026-03-06 14:14:04 | node | INFO ] 🧩 Model added for round 85 (1/49) from ['node_16']
[ 2026-03-06 14:14:04 | node | INFO ] 🧩 Model added for round 85 (2/49) from ['node_17']
[ 2026-03-06 14:14:04 | node | INFO ] 🧩 Model added for round 85 (3/49) from ['node_19']
[ 2026-03-06 14:14:04 | node | INFO ] 🧩 Model added for round 85 (4/49) from ['node_14']
[ 2026-03-06 14:14:04 | node | INFO ] 🧩 Model added for round 85 (5/49) from ['node_1']
[ 2026-03-06 14:14:04 | node | INFO ] 🧩 Model added for round 85 (6/49) from ['node_15']
[ 2026-03-06 14:14:04 | node | INFO ] 🧩 Model added for round 85 (7/49) from ['node_12']
[ 2026-03-06 14:14:04 | node | INFO ] 🧩 Model added for round 85 (8/49) from ['node_2']
[ 2026-03-06 14:14:04 | node | INFO ] 🧩 Model added for round 85 (9/49) from ['node_21']
[ 2026-03-06 14:14:04 | node | INFO ] 🧩 Model added for round 85 (10/49) from ['node_11']
[ 2026-03-06 14:14:04 | node | INFO ] 🧩 Model added for round 85 (11/49) from ['node_6']
[ 2026-03-06 14:14:04 | node | INFO ] 🧩 Model added for round 85 (12/49) from ['node_5']
[ 2026-03-06 14:14:04 | node | INFO ] 🧩 Model added for round 85 (13/49) from ['node_3']
[ 2026-03-06 14:14:04 | node | INFO ] 🧩 Model added for round 85 (14/49) from ['node_8']
[ 2026-03-06 14:14:04 | node | INFO ] 🧩 Model added for round 85 (15/49) from ['node_26']
[ 2026-03-06 14:14:04 | node | INFO ] 🧩 Model added for round 85 (16/49) from ['node_20']
[ 2026-03-06 14:14:04 | node | INFO ] 🧩 Model added for round 85 (17/49) from ['node_18']
[ 2026-03-06 14:14:04 | node | INFO ] 🧩 Model added for round 85 (18/49) from ['node_40']
[ 2026-03-06 14:14:04 | node | INFO ] 🧩 Model added for round 85 (19/49) from ['node_43']
[ 2026-03-06 14:14:04 | node | INFO ] 🧩 Model added for round 85 (20/49) from ['node_9']
[ 2026-03-06 14:14:04 | node | INFO ] 🧩 Model added for round 85 (21/49) from ['node_10']
[ 2026-03-06 14:14:04 | node | INFO ] 🧩 Model added for round 85 (22/49) from ['node_7']
[ 2026-03-06 14:14:04 | node | INFO ] 🧩 Model added for round 85 (23/49) from ['node_23']
[ 2026-03-06 14:14:04 | node | INFO ] 🧩 Model added for round 85 (24/49) from ['node_4']
[ 2026-03-06 14:14:04 | node | INFO ] 🧩 Model added for round 85 (25/49) from ['node_22']
[ 2026-03-06 14:14:04 | node | INFO ] 🧩 Model added for round 85 (26/49) from ['node_38']
[ 2026-03-06 14:14:04 | node | INFO ] 🧩 Model added for round 85 (27/49) from ['node_37']
[ 2026-03-06 14:14:04 | node | INFO ] 🧩 Model added for round 85 (28/49) from ['node_13']
[ 2026-03-06 14:14:04 | node | INFO ] 🧩 Model added for round 85 (29/49) from ['node_36']
[ 2026-03-06 14:14:04 | node | INFO ] 🧩 Model added for round 85 (30/49) from ['node_39']
[ 2026-03-06 14:14:04 | node | INFO ] 🧩 Model added for round 85 (31/49) from ['node_30']
[ 2026-03-06 14:14:04 | node | INFO ] 🧩 Model added for round 85 (32/49) from ['node_44']
[ 2026-03-06 14:14:04 | node | INFO ] 🧩 Model added for round 85 (33/49) from ['node_41']
[ 2026-03-06 14:14:04 | node | INFO ] 🧩 Model added for round 85 (34/49) from ['node_32']
[ 2026-03-06 14:14:04 | node | INFO ] 🧩 Model added for round 85 (35/49) from ['node_29']
[ 2026-03-06 14:14:04 | node | INFO ] 🧩 Model added for round 85 (36/49) from ['node_42']
[ 2026-03-06 14:14:04 | node | INFO ] 🧩 Model added for round 85 (37/49) from ['node_24']
[ 2026-03-06 14:14:04 | node | INFO ] 🧩 Model added for round 85 (38/49) from ['node_47']
[ 2026-03-06 14:14:04 | node | INFO ] 🧩 Model added for round 85 (39/49) from ['node_31']
[ 2026-03-06 14:14:04 | node | INFO ] 🧩 Model added for round 85 (40/49) from ['node_28']
[ 2026-03-06 14:14:04 | node | INFO ] 🧩 Model added for round 85 (41/49) from ['node_45']
[ 2026-03-06 14:14:04 | node | INFO ] 🧩 Model added for round 85 (42/49) from ['node_34']
[ 2026-03-06 14:14:04 | node | INFO ] 🧩 Model added for round 85 (43/49) from ['node_48']
[ 2026-03-06 14:14:04 | node | INFO ] 🧩 Model added for round 85 (44/49) from ['node_25']
[ 2026-03-06 14:14:04 | node | INFO ] 🧩 Model added for round 85 (45/49) from ['node_33']
[ 2026-03-06 14:14:04 | node | INFO ] 🧩 Model added for round 85 (46/49) from ['node_35']
[ 2026-03-06 14:14:04 | node | INFO ] 🧩 Model added for round 85 (47/49) from ['node_46']
[ 2026-03-06 14:14:04 | node | INFO ] 🧩 Model added for round 85 (48/49) from ['node_27']
[ 2026-03-06 14:14:04 | node | INFO ] 🧩 Model added for round 85 (49/49) from ['node_49']
[ 2026-03-06 14:14:04 | node | INFO ] 🔬 Evaluating...
[ 2026-03-06 14:14:04 | node | INFO ] 📈 Evaluated. Results: {'test_loss': 0.20910578966140747, 'test_acc': 0.9850000143051147, 'test_precision': 0.9841939806938171, 'test_recall': 0.9803000092506409, 'test_f1': 0.9808365106582642, 'communication_cost': 46110666}
[ 2026-03-06 14:14:04 | node_8 | INFO ] 🔬 Evaluating...
[ 2026-03-06 14:14:04 | node_8 | INFO ] 📈 Evaluated. Results: {'test_loss': 0.2661038935184479, 'test_acc': 0.9800000190734863, 'test_precision': 0.9824889302253723, 'test_recall': 0.9789541363716125, 'test_f1': 0.9793731570243835, 'communication_cost': 0}
[ 2026-03-06 14:14:04 | node_8 | INFO ] 🚂 Round 86: Client training...
[ 2026-03-06 14:14:04 | node_26 | INFO ] 🔬 Evaluating...
[ 2026-03-06 14:14:04 | node_20 | INFO ] 🔬 Evaluating...
[ 2026-03-06 14:14:04 | node_18 | INFO ] 🔬 Evaluating...
[ 2026-03-06 14:14:04 | node_40 | INFO ] 🔬 Evaluating...
[ 2026-03-06 14:14:04 | node_43 | INFO ] 🔬 Evaluating...
[ 2026-03-06 14:14:04 | node_9 | INFO ] 🔬 Evaluating...
[ 2026-03-06 14:14:04 | node_4 | INFO ] 🔬 Evaluating...
[ 2026-03-06 14:14:04 | node_22 | INFO ] 🔬 Evaluating...
[ 2026-03-06 14:14:04 | node_7 | INFO ] 🔬 Evaluating...
[ 2026-03-06 14:14:04 | node_23 | INFO ] 🔬 Evaluating...
[ 2026-03-06 14:14:04 | node_10 | INFO ] 🔬 Evaluating...
[ 2026-03-06 14:14:04 | node_38 | INFO ] 🔬 Evaluating...
[ 2026-03-06 14:14:04 | node_37 | INFO ] 🔬 Evaluating...
[ 2026-03-06 14:14:04 | node_26 | INFO ] 📈 Evaluated. Results: {'test_loss': 0.2654120922088623, 'test_acc': 0.9700000286102295, 'test_precision': 0.9652102589607239, 'test_recall': 0.971803605556488, 'test_f1': 0.9669933915138245, 'communication_cost': 0}
[ 2026-03-06 14:14:04 | node_13 | INFO ] 🔬 Evaluating...
[ 2026-03-06 14:14:04 | node_11 | INFO ] 🔬 Evaluating...
[ 2026-03-06 14:14:04 | node_14 | INFO ] 🔬 Evaluating...
[ 2026-03-06 14:14:04 | node_20 | INFO ] 📈 Evaluated. Results: {'test_loss': 0.3905218541622162, 'test_acc': 0.9599999785423279, 'test_precision': 0.9668705463409424, 'test_recall': 0.9583454728126526, 'test_f1': 0.9595519304275513, 'communication_cost': 0}
[ 2026-03-06 14:14:04 | node_19 | INFO ] 🔬 Evaluating...
[ 2026-03-06 14:14:04 | node_1 | INFO ] 🔬 Evaluating...
[ 2026-03-06 14:14:04 | node_15 | INFO ] 🔬 Evaluating...
[ 2026-03-06 14:14:04 | node_17 | INFO ] 🔬 Evaluating...
[ 2026-03-06 14:14:04 | node_12 | INFO ] 🔬 Evaluating...
[ 2026-03-06 14:14:04 | node_6 | INFO ] 🔬 Evaluating...
[ 2026-03-06 14:14:04 | node_18 | INFO ] 📈 Evaluated. Results: {'test_loss': 0.0017127596074715257, 'test_acc': 1.0, 'test_precision': 1.0, 'test_recall': 1.0, 'test_f1': 1.0, 'communication_cost': 0}
[ 2026-03-06 14:14:04 | node_21 | INFO ] 🔬 Evaluating...
[ 2026-03-06 14:14:04 | node_16 | INFO ] 🔬 Evaluating...
[ 2026-03-06 14:14:04 | node_39 | INFO ] 🔬 Evaluating...
[ 2026-03-06 14:14:04 | node_30 | INFO ] 🔬 Evaluating...
[ 2026-03-06 14:14:04 | node_32 | INFO ] 🔬 Evaluating...
[ 2026-03-06 14:14:04 | node_41 | INFO ] 🔬 Evaluating...
[ 2026-03-06 14:14:04 | node_42 | INFO ] 🔬 Evaluating...
[ 2026-03-06 14:14:04 | node_44 | INFO ] 🔬 Evaluating...
[ 2026-03-06 14:14:04 | node_28 | INFO ] 🔬 Evaluating...
[ 2026-03-06 14:14:04 | node_36 | INFO ] 🔬 Evaluating...
[ 2026-03-06 14:14:04 | node_35 | INFO ] 🔬 Evaluating...
[ 2026-03-06 14:14:04 | node_27 | INFO ] 🔬 Evaluating...
[ 2026-03-06 14:14:04 | node_34 | INFO ] 🔬 Evaluating...
[ 2026-03-06 14:14:04 | node_24 | INFO ] 🔬 Evaluating...
[ 2026-03-06 14:14:04 | node_25 | INFO ] 🔬 Evaluating...
[ 2026-03-06 14:14:04 | node_31 | INFO ] 🔬 Evaluating...
[ 2026-03-06 14:14:04 | node_33 | INFO ] 🔬 Evaluating...
[ 2026-03-06 14:14:04 | node_29 | INFO ] 🔬 Evaluating...
[ 2026-03-06 14:14:04 | node_3 | INFO ] 🔬 Evaluating...
[ 2026-03-06 14:14:04 | node_5 | INFO ] 🔬 Evaluating...
[ 2026-03-06 14:14:04 | node_2 | INFO ] 🔬 Evaluating...
[ 2026-03-06 14:14:04 | node_26 | INFO ] 🚂 Round 86: Client training...
[ 2026-03-06 14:14:04 | node_20 | INFO ] 🚂 Round 86: Client training...
[ 2026-03-06 14:14:04 | node_43 | INFO ] 📈 Evaluated. Results: {'test_loss': 0.586885929107666, 'test_acc': 0.9700000286102295, 'test_precision': 0.968067467212677, 'test_recall': 0.9688571095466614, 'test_f1': 0.9660584926605225, 'communication_cost': 0}
[ 2026-03-06 14:14:04 | node_7 | INFO ] 📈 Evaluated. Results: {'test_loss': 0.0610722079873085, 'test_acc': 0.9950000047683716, 'test_precision': 0.9950768947601318, 'test_recall': 0.9957333207130432, 'test_f1': 0.9952331781387329, 'communication_cost': 0}
[ 2026-03-06 14:14:04 | node_18 | INFO ] 🚂 Round 86: Client training...
[ 2026-03-06 14:14:05 | node_23 | INFO ] 📈 Evaluated. Results: {'test_loss': 0.23757728934288025, 'test_acc': 0.9800000190734863, 'test_precision': 0.9739658236503601, 'test_recall': 0.9835602045059204, 'test_f1': 0.9775712490081787, 'communication_cost': 0}
[ 2026-03-06 14:14:05 | node_4 | INFO ] 📈 Evaluated. Results: {'test_loss': 0.0578390508890152, 'test_acc': 0.9900000095367432, 'test_precision': 0.9890769720077515, 'test_recall': 0.9920769333839417, 'test_f1': 0.9900420308113098, 'communication_cost': 0}
[ 2026-03-06 14:14:05 | node_45 | INFO ] 🔬 Evaluating...
[ 2026-03-06 14:14:05 | node_43 | INFO ] 🚂 Round 86: Client training...
[ 2026-03-06 14:14:05 | node_22 | INFO ] 📈 Evaluated. Results: {'test_loss': 0.23148781061172485, 'test_acc': 0.9750000238418579, 'test_precision': 0.976226270198822, 'test_recall': 0.9748333692550659, 'test_f1': 0.9742796421051025, 'communication_cost': 0}
[ 2026-03-06 14:14:05 | node_38 | INFO ] 📈 Evaluated. Results: {'test_loss': 0.43164879083633423, 'test_acc': 0.9649999737739563, 'test_precision': 0.9651965498924255, 'test_recall': 0.964429497718811, 'test_f1': 0.9628709554672241, 'communication_cost': 0}
[ 2026-03-06 14:14:05 | node_13 | INFO ] 📈 Evaluated. Results: {'test_loss': 0.4402320086956024, 'test_acc': 0.9700000286102295, 'test_precision': 0.9701159596443176, 'test_recall': 0.9687647819519043, 'test_f1': 0.9677102565765381, 'communication_cost': 0}
[ 2026-03-06 14:14:05 | node_40 | INFO ] 📈 Evaluated. Results: {'test_loss': 0.10278286039829254, 'test_acc': 0.9850000143051147, 'test_precision': 0.9798042178153992, 'test_recall': 0.9884769320487976, 'test_f1': 0.9825057983398438, 'communication_cost': 0}
[ 2026-03-06 14:14:05 | node_7 | INFO ] 🚂 Round 86: Client training...
[ 2026-03-06 14:14:05 | node_1 | INFO ] 📈 Evaluated. Results: {'test_loss': 0.5393009781837463, 'test_acc': 0.9549999833106995, 'test_precision': 0.9539340734481812, 'test_recall': 0.9533917307853699, 'test_f1': 0.9490405321121216, 'communication_cost': 0}
[ 2026-03-06 14:14:05 | node_10 | INFO ] 📈 Evaluated. Results: {'test_loss': 0.24735864996910095, 'test_acc': 0.9900000095367432, 'test_precision': 0.9900951981544495, 'test_recall': 0.9900951981544495, 'test_f1': 0.9899259209632874, 'communication_cost': 0}
[ 2026-03-06 14:14:05 | node_11 | INFO ] 📈 Evaluated. Results: {'test_loss': 0.46234211325645447, 'test_acc': 0.9750000238418579, 'test_precision': 0.9739538431167603, 'test_recall': 0.9724674224853516, 'test_f1': 0.9720712304115295, 'communication_cost': 0}
[ 2026-03-06 14:14:05 | node_15 | INFO ] 📈 Evaluated. Results: {'test_loss': 0.267734557390213, 'test_acc': 0.9950000047683716, 'test_precision': 0.9957333207130432, 'test_recall': 0.9908571839332581, 'test_f1': 0.992870032787323, 'communication_cost': 0}
[ 2026-03-06 14:14:05 | node_14 | INFO ] 📈 Evaluated. Results: {'test_loss': 0.191466823220253, 'test_acc': 0.9700000286102295, 'test_precision': 0.9706412553787231, 'test_recall': 0.9687927961349487, 'test_f1': 0.9683707356452942, 'communication_cost': 0}
[ 2026-03-06 14:14:05 | node_37 | INFO ] 📈 Evaluated. Results: {'test_loss': 0.20457059144973755, 'test_acc': 0.9750000238418579, 'test_precision': 0.9794285297393799, 'test_recall': 0.9744706749916077, 'test_f1': 0.9762928485870361, 'communication_cost': 0}
[ 2026-03-06 14:14:05 | node_23 | INFO ] 🚂 Round 86: Client training...
[ 2026-03-06 14:14:05 | node_19 | INFO ] 📈 Evaluated. Results: {'test_loss': 0.06132344901561737, 'test_acc': 0.9850000143051147, 'test_precision': 0.9812444448471069, 'test_recall': 0.9844444394111633, 'test_f1': 0.9817935228347778, 'communication_cost': 0}
[ 2026-03-06 14:14:05 | node_4 | INFO ] 🚂 Round 86: Client training...
[ 2026-03-06 14:14:05 | node_39 | INFO ] 📈 Evaluated. Results: {'test_loss': 0.5337753295898438, 'test_acc': 0.9649999737739563, 'test_precision': 0.9669474959373474, 'test_recall': 0.958058774471283, 'test_f1': 0.9596666693687439, 'communication_cost': 0}
[ 2026-03-06 14:14:05 | node_46 | INFO ] 🔬 Evaluating...
[ 2026-03-06 14:14:05 | node_12 | INFO ] 📈 Evaluated. Results: {'test_loss': 0.09623187780380249, 'test_acc': 0.9900000095367432, 'test_precision': 0.9905769228935242, 'test_recall': 0.9896162152290344, 'test_f1': 0.9895610213279724, 'communication_cost': 0}
[ 2026-03-06 14:14:05 | node_22 | INFO ] 🚂 Round 86: Client training...
[ 2026-03-06 14:14:06 | node_38 | INFO ] 🚂 Round 86: Client training...
[ 2026-03-06 14:14:06 | node_21 | INFO ] 📈 Evaluated. Results: {'test_loss': 0.7205807566642761, 'test_acc': 0.9700000286102295, 'test_precision': 0.9713238477706909, 'test_recall': 0.9652230143547058, 'test_f1': 0.9666387438774109, 'communication_cost': 0}
[ 2026-03-06 14:14:06 | node_1 | INFO ] 🚂 Round 86: Client training...
[ 2026-03-06 14:14:06 | node_17 | INFO ] 📈 Evaluated. Results: {'test_loss': 0.07268264144659042, 'test_acc': 0.9900000095367432, 'test_precision': 0.9901818037033081, 'test_recall': 0.9880000352859497, 'test_f1': 0.9885566830635071, 'communication_cost': 0}
[ 2026-03-06 14:14:06 | node_40 | INFO ] 🚂 Round 86: Client training...
[ 2026-03-06 14:14:06 | node_16 | INFO ] 📈 Evaluated. Results: {'test_loss': 0.1966683566570282, 'test_acc': 0.9800000190734863, 'test_precision': 0.9841221570968628, 'test_recall': 0.9815706014633179, 'test_f1': 0.9818600416183472, 'communication_cost': 0}
[ 2026-03-06 14:14:06 | node_13 | INFO ] 🚂 Round 86: Client training...
[ 2026-03-06 14:14:06 | node_10 | INFO ] 🚂 Round 86: Client training...
[ 2026-03-06 14:14:06 | node_30 | INFO ] 📈 Evaluated. Results: {'test_loss': 0.5614222884178162, 'test_acc': 0.9700000286102295, 'test_precision': 0.9675905108451843, 'test_recall': 0.9715458750724792, 'test_f1': 0.9671987295150757, 'communication_cost': 0}
[ 2026-03-06 14:14:06 | node_34 | INFO ] 📈 Evaluated. Results: {'test_loss': 0.2966102659702301, 'test_acc': 0.9750000238418579, 'test_precision': 0.9725714325904846, 'test_recall': 0.9751490950584412, 'test_f1': 0.9715635180473328, 'communication_cost': 0}
[ 2026-03-06 14:14:06 | node_31 | INFO ] 📈 Evaluated. Results: {'test_loss': 0.07544714212417603, 'test_acc': 0.9850000143051147, 'test_precision': 0.9830389618873596, 'test_recall': 0.9849286079406738, 'test_f1': 0.9834128022193909, 'communication_cost': 0}
[ 2026-03-06 14:14:06 | node_37 | INFO ] 🚂 Round 86: Client training...
[ 2026-03-06 14:14:06 | node_15 | INFO ] 🚂 Round 86: Client training...
[ 2026-03-06 14:14:06 | node_41 | INFO ] 📈 Evaluated. Results: {'test_loss': 0.11854688823223114, 'test_acc': 0.9850000143051147, 'test_precision': 0.9868571758270264, 'test_recall': 0.98638916015625, 'test_f1': 0.9861353039741516, 'communication_cost': 0}
[ 2026-03-06 14:14:06 | node_6 | INFO ] 📈 Evaluated. Results: {'test_loss': 0.24755463004112244, 'test_acc': 0.9700000286102295, 'test_precision': 0.9758285284042358, 'test_recall': 0.9695819020271301, 'test_f1': 0.9707696437835693, 'communication_cost': 0}
[ 2026-03-06 14:14:06 | node_11 | INFO ] 🚂 Round 86: Client training...
[ 2026-03-06 14:14:06 | node_28 | INFO ] 📈 Evaluated. Results: {'test_loss': 0.25204551219940186, 'test_acc': 0.9700000286102295, 'test_precision': 0.97125244140625, 'test_recall': 0.9690340161323547, 'test_f1': 0.9686510562896729, 'communication_cost': 0}
[ 2026-03-06 14:14:06 | node_14 | INFO ] 🚂 Round 86: Client training...
[ 2026-03-06 14:14:06 | node_44 | INFO ] 📈 Evaluated. Results: {'test_loss': 0.1968211531639099, 'test_acc': 0.9649999737739563, 'test_precision': 0.9628840684890747, 'test_recall': 0.9670500159263611, 'test_f1': 0.9633411169052124, 'communication_cost': 0}
[ 2026-03-06 14:14:06 | node_19 | INFO ] 🚂 Round 86: Client training...
[ 2026-03-06 14:14:06 | node_32 | INFO ] 📈 Evaluated. Results: {'test_loss': 0.23842810094356537, 'test_acc': 0.9750000238418579, 'test_precision': 0.9760888814926147, 'test_recall': 0.9725828766822815, 'test_f1': 0.9732062816619873, 'communication_cost': 0}
[ 2026-03-06 14:14:06 | node_5 | INFO ] 📈 Evaluated. Results: {'test_loss': 0.16582933068275452, 'test_acc': 0.9800000190734863, 'test_precision': 0.9810000061988831, 'test_recall': 0.9792143106460571, 'test_f1': 0.9788984656333923, 'communication_cost': 0}
[ 2026-03-06 14:14:06 | node_39 | INFO ] 🚂 Round 86: Client training...
[ 2026-03-06 14:14:06 | node_25 | INFO ] 📈 Evaluated. Results: {'test_loss': 0.4073304235935211, 'test_acc': 0.9750000238418579, 'test_precision': 0.9741436243057251, 'test_recall': 0.9772102236747742, 'test_f1': 0.9748651385307312, 'communication_cost': 0}
[ 2026-03-06 14:14:06 | node_3 | INFO ] 📈 Evaluated. Results: {'test_loss': 0.16797901690006256, 'test_acc': 0.9800000190734863, 'test_precision': 0.974702000617981, 'test_recall': 0.9765333533287048, 'test_f1': 0.9735440015792847, 'communication_cost': 0}
[ 2026-03-06 14:14:06 | node_27 | INFO ] 📈 Evaluated. Results: {'test_loss': 0.0703340545296669, 'test_acc': 0.9950000047683716, 'test_precision': 0.9955000281333923, 'test_recall': 0.9910000562667847, 'test_f1': 0.9924571514129639, 'communication_cost': 0}
[ 2026-03-06 14:14:06 | node_33 | INFO ] 📈 Evaluated. Results: {'test_loss': 0.12369327247142792, 'test_acc': 0.9800000190734863, 'test_precision': 0.9855515360832214, 'test_recall': 0.9771538376808167, 'test_f1': 0.9801142811775208, 'communication_cost': 0}
[ 2026-03-06 14:14:06 | node_35 | INFO ] 📈 Evaluated. Results: {'test_loss': 0.2395508587360382, 'test_acc': 0.9850000143051147, 'test_precision': 0.9827000498771667, 'test_recall': 0.9842284917831421, 'test_f1': 0.9824283123016357, 'communication_cost': 0}
[ 2026-03-06 14:14:06 | node_2 | INFO ] 📈 Evaluated. Results: {'test_loss': 0.10385850071907043, 'test_acc': 0.9800000190734863, 'test_precision': 0.978827714920044, 'test_recall': 0.9749693274497986, 'test_f1': 0.9761930704116821, 'communication_cost': 0}
[ 2026-03-06 14:14:06 | node_12 | INFO ] 🚂 Round 86: Client training...
[ 2026-03-06 14:14:06 | node_36 | INFO ] 📈 Evaluated. Results: {'test_loss': 0.022861512377858162, 'test_acc': 0.9950000047683716, 'test_precision': 0.9927999973297119, 'test_recall': 0.9948571920394897, 'test_f1': 0.9932307600975037, 'communication_cost': 0}
[ 2026-03-06 14:14:06 | node_42 | INFO ] 📈 Evaluated. Results: {'test_loss': 0.44796112179756165, 'test_acc': 0.9649999737739563, 'test_precision': 0.9689093828201294, 'test_recall': 0.9634595513343811, 'test_f1': 0.96401047706604, 'communication_cost': 0}
[ 2026-03-06 14:14:06 | node_9 | INFO ] 📈 Evaluated. Results: {'test_loss': 0.1447911113500595, 'test_acc': 0.9850000143051147, 'test_precision': 0.9873122572898865, 'test_recall': 0.9876638650894165, 'test_f1': 0.9870697259902954, 'communication_cost': 0}
[ 2026-03-06 14:14:06 | node_21 | INFO ] 🚂 Round 86: Client training...
[ 2026-03-06 14:14:06 | node_29 | INFO ] 📈 Evaluated. Results: {'test_loss': 0.4187401831150055, 'test_acc': 0.9750000238418579, 'test_precision': 0.9718396067619324, 'test_recall': 0.9741279482841492, 'test_f1': 0.9710142612457275, 'communication_cost': 0}
[ 2026-03-06 14:14:06 | node_24 | INFO ] 📈 Evaluated. Results: {'test_loss': 0.05862222984433174, 'test_acc': 0.9750000238418579, 'test_precision': 0.9758691191673279, 'test_recall': 0.9725921154022217, 'test_f1': 0.9735057353973389, 'communication_cost': 0}
[ 2026-03-06 14:14:06 | node_45 | INFO ] 📈 Evaluated. Results: {'test_loss': 0.7306680083274841, 'test_acc': 0.9649999737739563, 'test_precision': 0.9619026780128479, 'test_recall': 0.961134135723114, 'test_f1': 0.9585747718811035, 'communication_cost': 0}
[ 2026-03-06 14:14:06 | node_17 | INFO ] 🚂 Round 86: Client training...
[ 2026-03-06 14:14:06 | node_16 | INFO ] 🚂 Round 86: Client training...
[ 2026-03-06 14:14:06 | node_30 | INFO ] 🚂 Round 86: Client training...
[ 2026-03-06 14:14:06 | node_34 | INFO ] 🚂 Round 86: Client training...
[ 2026-03-06 14:14:06 | node_31 | INFO ] 🚂 Round 86: Client training...
[ 2026-03-06 14:14:06 | node_41 | INFO ] 🚂 Round 86: Client training...
[ 2026-03-06 14:14:06 | node_47 | INFO ] 🔬 Evaluating...
[ 2026-03-06 14:14:06 | node_28 | INFO ] 🚂 Round 86: Client training...
[ 2026-03-06 14:14:06 | node_6 | INFO ] 🚂 Round 86: Client training...
[ 2026-03-06 14:14:06 | node_44 | INFO ] 🚂 Round 86: Client training...
[ 2026-03-06 14:14:06 | node_46 | INFO ] 📈 Evaluated. Results: {'test_loss': 0.2761453092098236, 'test_acc': 0.9750000238418579, 'test_precision': 0.9732000827789307, 'test_recall': 0.9748716950416565, 'test_f1': 0.971651017665863, 'communication_cost': 0}
[ 2026-03-06 14:14:06 | node_5 | INFO ] 🚂 Round 86: Client training...
[ 2026-03-06 14:14:06 | node_32 | INFO ] 🚂 Round 86: Client training...
[ 2026-03-06 14:14:06 | node_25 | INFO ] 🚂 Round 86: Client training...
[ 2026-03-06 14:14:06 | node_3 | INFO ] 🚂 Round 86: Client training...
[ 2026-03-06 14:14:06 | node_27 | INFO ] 🚂 Round 86: Client training...
[ 2026-03-06 14:14:06 | node_35 | INFO ] 🚂 Round 86: Client training...
[ 2026-03-06 14:14:06 | node_33 | INFO ] 🚂 Round 86: Client training...
[ 2026-03-06 14:14:06 | node_2 | INFO ] 🚂 Round 86: Client training...
[ 2026-03-06 14:14:06 | node_36 | INFO ] 🚂 Round 86: Client training...
[ 2026-03-06 14:14:06 | node_42 | INFO ] 🚂 Round 86: Client training...
[ 2026-03-06 14:14:06 | node_29 | INFO ] 🚂 Round 86: Client training...
[ 2026-03-06 14:14:06 | node_24 | INFO ] 🚂 Round 86: Client training...
[ 2026-03-06 14:14:06 | node_9 | INFO ] 🚂 Round 86: Client training...
[ 2026-03-06 14:14:06 | node_45 | INFO ] 🚂 Round 86: Client training...
[ 2026-03-06 14:14:06 | node_46 | INFO ] 🚂 Round 86: Client training...
[ 2026-03-06 14:14:06 | node_48 | INFO ] 🔬 Evaluating...
[ 2026-03-06 14:14:07 | node_47 | INFO ] 📈 Evaluated. Results: {'test_loss': 0.30611538887023926, 'test_acc': 0.9700000286102295, 'test_precision': 0.9698619246482849, 'test_recall': 0.9730007648468018, 'test_f1': 0.9693889021873474, 'communication_cost': 0}
[ 2026-03-06 14:14:07 | node_47 | INFO ] 🚂 Round 86: Client training...
[ 2026-03-06 14:14:07 | node_48 | INFO ] 📈 Evaluated. Results: {'test_loss': 0.24049171805381775, 'test_acc': 0.9750000238418579, 'test_precision': 0.9758647084236145, 'test_recall': 0.9770991802215576, 'test_f1': 0.9747763276100159, 'communication_cost': 0}
[ 2026-03-06 14:14:07 | node_48 | INFO ] 🚂 Round 86: Client training...
[ 2026-03-06 14:14:07 | node_49 | INFO ] 🔬 Evaluating...
[ 2026-03-06 14:14:08 | node_49 | INFO ] 📈 Evaluated. Results: {'test_loss': 0.25587359070777893, 'test_acc': 0.9649999737739563, 'test_precision': 0.9712424278259277, 'test_recall': 0.9624881148338318, 'test_f1': 0.964585542678833, 'communication_cost': 0}
[ 2026-03-06 14:14:08 | node_49 | INFO ] 🚂 Round 86: Client training...
[ 2026-03-06 14:14:08 | node | INFO ] ⏳ Round 86: Server waiting for 49 updates.
[ 2026-03-06 14:14:08 | node | INFO ] ♻️ Proactively processing 47 early models for round 86.
[ 2026-03-06 14:14:08 | node | INFO ] 🧩 Model added for round 86 (1/49) from ['node_8']
[ 2026-03-06 14:14:08 | node | INFO ] 🧩 Model added for round 86 (2/49) from ['node_26']
[ 2026-03-06 14:14:08 | node | INFO ] 🧩 Model added for round 86 (3/49) from ['node_20']
[ 2026-03-06 14:14:08 | node | INFO ] 🧩 Model added for round 86 (4/49) from ['node_18']
[ 2026-03-06 14:14:08 | node | INFO ] 🧩 Model added for round 86 (5/49) from ['node_4']
[ 2026-03-06 14:14:08 | node | INFO ] 🧩 Model added for round 86 (6/49) from ['node_43']
[ 2026-03-06 14:14:08 | node | INFO ] 🧩 Model added for round 86 (7/49) from ['node_23']
[ 2026-03-06 14:14:08 | node | INFO ] 🧩 Model added for round 86 (8/49) from ['node_7']
[ 2026-03-06 14:14:08 | node | INFO ] 🧩 Model added for round 86 (9/49) from ['node_22']
[ 2026-03-06 14:14:08 | node | INFO ] 🧩 Model added for round 86 (10/49) from ['node_38']
[ 2026-03-06 14:14:08 | node | INFO ] 🧩 Model added for round 86 (11/49) from ['node_1']
[ 2026-03-06 14:14:08 | node | INFO ] 🧩 Model added for round 86 (12/49) from ['node_40']
[ 2026-03-06 14:14:08 | node | INFO ] 🧩 Model added for round 86 (13/49) from ['node_21']
[ 2026-03-06 14:14:08 | node | INFO ] 🧩 Model added for round 86 (14/49) from ['node_10']
[ 2026-03-06 14:14:08 | node | INFO ] 🧩 Model added for round 86 (15/49) from ['node_13']
[ 2026-03-06 14:14:08 | node | INFO ] 🧩 Model added for round 86 (16/49) from ['node_19']
[ 2026-03-06 14:14:08 | node | INFO ] 🧩 Model added for round 86 (17/49) from ['node_37']
[ 2026-03-06 14:14:08 | node | INFO ] 🧩 Model added for round 86 (18/49) from ['node_14']
[ 2026-03-06 14:14:08 | node | INFO ] 🧩 Model added for round 86 (19/49) from ['node_11']
[ 2026-03-06 14:14:08 | node | INFO ] 🧩 Model added for round 86 (20/49) from ['node_15']
[ 2026-03-06 14:14:08 | node | INFO ] 🧩 Model added for round 86 (21/49) from ['node_12']
[ 2026-03-06 14:14:08 | node | INFO ] 🧩 Model added for round 86 (22/49) from ['node_39']
[ 2026-03-06 14:14:08 | node | INFO ] 🧩 Model added for round 86 (23/49) from ['node_17']
[ 2026-03-06 14:14:08 | node | INFO ] 🧩 Model added for round 86 (24/49) from ['node_16']
[ 2026-03-06 14:14:08 | node | INFO ] 🧩 Model added for round 86 (25/49) from ['node_34']
[ 2026-03-06 14:14:08 | node | INFO ] 🧩 Model added for round 86 (26/49) from ['node_44']
[ 2026-03-06 14:14:08 | node | INFO ] 🧩 Model added for round 86 (27/49) from ['node_30']
[ 2026-03-06 14:14:08 | node | INFO ] 🧩 Model added for round 86 (28/49) from ['node_41']
[ 2026-03-06 14:14:08 | node | INFO ] 🧩 Model added for round 86 (29/49) from ['node_31']
[ 2026-03-06 14:14:08 | node | INFO ] 🧩 Model added for round 86 (30/49) from ['node_6']
[ 2026-03-06 14:14:08 | node | INFO ] 🧩 Model added for round 86 (31/49) from ['node_3']
[ 2026-03-06 14:14:08 | node | INFO ] 🧩 Model added for round 86 (32/49) from ['node_2']
[ 2026-03-06 14:14:08 | node | INFO ] 🧩 Model added for round 86 (33/49) from ['node_28']
[ 2026-03-06 14:14:08 | node | INFO ] 🧩 Model added for round 86 (34/49) from ['node_27']
[ 2026-03-06 14:14:08 | node | INFO ] 🧩 Model added for round 86 (35/49) from ['node_5']
[ 2026-03-06 14:14:08 | node | INFO ] 🧩 Model added for round 86 (36/49) from ['node_33']
[ 2026-03-06 14:14:08 | node | INFO ] 🧩 Model added for round 86 (37/49) from ['node_32']
[ 2026-03-06 14:14:08 | node | INFO ] 🧩 Model added for round 86 (38/49) from ['node_36']
[ 2026-03-06 14:14:08 | node | INFO ] 🧩 Model added for round 86 (39/49) from ['node_42']
[ 2026-03-06 14:14:08 | node | INFO ] 🧩 Model added for round 86 (40/49) from ['node_25']
[ 2026-03-06 14:14:08 | node | INFO ] 🧩 Model added for round 86 (41/49) from ['node_9']
[ 2026-03-06 14:14:08 | node | INFO ] 🧩 Model added for round 86 (42/49) from ['node_24']
[ 2026-03-06 14:14:08 | node | INFO ] 🧩 Model added for round 86 (43/49) from ['node_35']
[ 2026-03-06 14:14:08 | node | INFO ] 🧩 Model added for round 86 (44/49) from ['node_29']
[ 2026-03-06 14:14:08 | node | INFO ] 🧩 Model added for round 86 (45/49) from ['node_46']
[ 2026-03-06 14:14:08 | node | INFO ] 🧩 Model added for round 86 (46/49) from ['node_45']
[ 2026-03-06 14:14:08 | node | INFO ] 🧩 Model added for round 86 (47/49) from ['node_47']
[ 2026-03-06 14:14:08 | node | INFO ] 🧩 Model added for round 86 (48/49) from ['node_48']
[ 2026-03-06 14:14:08 | node | INFO ] 🧩 Model added for round 86 (49/49) from ['node_49']
[ 2026-03-06 14:14:09 | node | INFO ] 🔬 Evaluating...
[ 2026-03-06 14:14:09 | node | INFO ] 📈 Evaluated. Results: {'test_loss': 0.2538145184516907, 'test_acc': 0.9900000095367432, 'test_precision': 0.9874666333198547, 'test_recall': 0.9847999811172485, 'test_f1': 0.9849507212638855, 'communication_cost': 46110666}
[ 2026-03-06 14:14:09 | node_4 | INFO ] 🔬 Evaluating...
[ 2026-03-06 14:14:09 | node_1 | INFO ] 🔬 Evaluating...
[ 2026-03-06 14:14:09 | node_10 | INFO ] 🔬 Evaluating...
[ 2026-03-06 14:14:09 | node_19 | INFO ] 🔬 Evaluating...
[ 2026-03-06 14:14:09 | node_14 | INFO ] 🔬 Evaluating...
[ 2026-03-06 14:14:09 | node_11 | INFO ] 🔬 Evaluating...
[ 2026-03-06 14:14:09 | node_17 | INFO ] 🔬 Evaluating...
[ 2026-03-06 14:14:09 | node_15 | INFO ] 🔬 Evaluating...
[ 2026-03-06 14:14:09 | node_16 | INFO ] 🔬 Evaluating...
[ 2026-03-06 14:14:09 | node_12 | INFO ] 🔬 Evaluating...
[ 2026-03-06 14:14:09 | node_6 | INFO ] 🔬 Evaluating...
[ 2026-03-06 14:14:09 | node_1 | INFO ] 📈 Evaluated. Results: {'test_loss': 0.49634236097335815, 'test_acc': 0.9750000238418579, 'test_precision': 0.9760674238204956, 'test_recall': 0.9718492031097412, 'test_f1': 0.9727662801742554, 'communication_cost': 0}
[ 2026-03-06 14:14:09 | node_10 | INFO ] 📈 Evaluated. Results: {'test_loss': 0.24897854030132294, 'test_acc': 0.9900000095367432, 'test_precision': 0.9900951981544495, 'test_recall': 0.9900951981544495, 'test_f1': 0.9899259209632874, 'communication_cost': 0}
[ 2026-03-06 14:14:09 | node_3 | INFO ] 🔬 Evaluating...
[ 2026-03-06 14:14:09 | node_5 | INFO ] 🔬 Evaluating...
[ 2026-03-06 14:14:09 | node_2 | INFO ] 🔬 Evaluating...
[ 2026-03-06 14:14:09 | node_9 | INFO ] 🔬 Evaluating...
[ 2026-03-06 14:14:09 | node_4 | INFO ] 📈 Evaluated. Results: {'test_loss': 0.06763526797294617, 'test_acc': 0.9750000238418579, 'test_precision': 0.9762853980064392, 'test_recall': 0.9746538400650024, 'test_f1': 0.9743225574493408, 'communication_cost': 0}
[ 2026-03-06 14:14:09 | node_1 | INFO ] 🚂 Round 87: Client training...
[ 2026-03-06 14:14:09 | node_10 | INFO ] 🚂 Round 87: Client training...
[ 2026-03-06 14:14:09 | node_20 | INFO ] 🔬 Evaluating...
[ 2026-03-06 14:14:09 | node_4 | INFO ] 🚂 Round 87: Client training...
[ 2026-03-06 14:14:09 | node_11 | INFO ] 📈 Evaluated. Results: {'test_loss': 0.4630606770515442, 'test_acc': 0.9750000238418579, 'test_precision': 0.9739538431167603, 'test_recall': 0.9724674224853516, 'test_f1': 0.9720712304115295, 'communication_cost': 0}
[ 2026-03-06 14:14:09 | node_19 | INFO ] 📈 Evaluated. Results: {'test_loss': 0.06609553098678589, 'test_acc': 0.9850000143051147, 'test_precision': 0.984844446182251, 'test_recall': 0.9824444651603699, 'test_f1': 0.9827436804771423, 'communication_cost': 0}
[ 2026-03-06 14:14:09 | node_11 | INFO ] 🚂 Round 87: Client training...
[ 2026-03-06 14:14:09 | node_15 | INFO ] 📈 Evaluated. Results: {'test_loss': 0.2725752592086792, 'test_acc': 0.9950000047683716, 'test_precision': 0.9957333207130432, 'test_recall': 0.9908571839332581, 'test_f1': 0.992870032787323, 'communication_cost': 0}
[ 2026-03-06 14:14:09 | node_19 | INFO ] 🚂 Round 87: Client training...
[ 2026-03-06 14:14:09 | node_15 | INFO ] 🚂 Round 87: Client training...
[ 2026-03-06 14:14:09 | node_18 | INFO ] 🔬 Evaluating...
[ 2026-03-06 14:14:09 | node_8 | INFO ] 🔬 Evaluating...
[ 2026-03-06 14:14:09 | node_14 | INFO ] 📈 Evaluated. Results: {'test_loss': 0.1978270709514618, 'test_acc': 0.9800000190734863, 'test_precision': 0.9804952144622803, 'test_recall': 0.9801158905029297, 'test_f1': 0.979831874370575, 'communication_cost': 0}
[ 2026-03-06 14:14:09 | node_14 | INFO ] 🚂 Round 87: Client training...
[ 2026-03-06 14:14:09 | node_12 | INFO ] 📈 Evaluated. Results: {'test_loss': 0.11718685925006866, 'test_acc': 0.9900000095367432, 'test_precision': 0.9905769228935242, 'test_recall': 0.9896162152290344, 'test_f1': 0.9895610213279724, 'communication_cost': 0}
[ 2026-03-06 14:14:09 | node_12 | INFO ] 🚂 Round 87: Client training...
[ 2026-03-06 14:14:09 | node_17 | INFO ] 📈 Evaluated. Results: {'test_loss': 0.07770983874797821, 'test_acc': 0.9900000095367432, 'test_precision': 0.9925333261489868, 'test_recall': 0.9917333126068115, 'test_f1': 0.9920278191566467, 'communication_cost': 0}
[ 2026-03-06 14:14:09 | node_16 | INFO ] 📈 Evaluated. Results: {'test_loss': 0.18303966522216797, 'test_acc': 0.9800000190734863, 'test_precision': 0.9841221570968628, 'test_recall': 0.9815706014633179, 'test_f1': 0.9818600416183472, 'communication_cost': 0}
[ 2026-03-06 14:14:09 | node_5 | INFO ] 📈 Evaluated. Results: {'test_loss': 0.16874034702777863, 'test_acc': 0.9900000095367432, 'test_precision': 0.9914999604225159, 'test_recall': 0.9894999861717224, 'test_f1': 0.9898096323013306, 'communication_cost': 0}
[ 2026-03-06 14:14:09 | node_16 | INFO ] 🚂 Round 87: Client training...
[ 2026-03-06 14:14:10 | node_38 | INFO ] 🔬 Evaluating...
[ 2026-03-06 14:14:10 | node_23 | INFO ] 🔬 Evaluating...
[ 2026-03-06 14:14:10 | node_22 | INFO ] 🔬 Evaluating...
[ 2026-03-06 14:14:10 | node_17 | INFO ] 🚂 Round 87: Client training...
[ 2026-03-06 14:14:10 | node_2 | INFO ] 📈 Evaluated. Results: {'test_loss': 0.0803442969918251, 'test_acc': 0.9850000143051147, 'test_precision': 0.9829286336898804, 'test_recall': 0.9841122627258301, 'test_f1': 0.9824635982513428, 'communication_cost': 0}
[ 2026-03-06 14:14:10 | node_7 | INFO ] 🔬 Evaluating...
[ 2026-03-06 14:14:10 | node_13 | INFO ] 🔬 Evaluating...
[ 2026-03-06 14:14:10 | node_40 | INFO ] 🔬 Evaluating...
[ 2026-03-06 14:14:10 | node_21 | INFO ] 🔬 Evaluating...
[ 2026-03-06 14:14:10 | node_3 | INFO ] 📈 Evaluated. Results: {'test_loss': 0.1484413743019104, 'test_acc': 0.9700000286102295, 'test_precision': 0.9631019830703735, 'test_recall': 0.9692666530609131, 'test_f1': 0.9634527564048767, 'communication_cost': 0}
[ 2026-03-06 14:14:10 | node_9 | INFO ] 📈 Evaluated. Results: {'test_loss': 0.1418144553899765, 'test_acc': 0.9850000143051147, 'test_precision': 0.9873122572898865, 'test_recall': 0.9876638650894165, 'test_f1': 0.9870697259902954, 'communication_cost': 0}
[ 2026-03-06 14:14:10 | node_44 | INFO ] 🔬 Evaluating...
[ 2026-03-06 14:14:10 | node_42 | INFO ] 🔬 Evaluating...
[ 2026-03-06 14:14:10 | node_41 | INFO ] 🔬 Evaluating...
[ 2026-03-06 14:14:10 | node_31 | INFO ] 🔬 Evaluating...
[ 2026-03-06 14:14:10 | node_30 | INFO ] 🔬 Evaluating...
[ 2026-03-06 14:14:10 | node_36 | INFO ] 🔬 Evaluating...
[ 2026-03-06 14:14:10 | node_25 | INFO ] 🔬 Evaluating...
[ 2026-03-06 14:14:10 | node_28 | INFO ] 🔬 Evaluating...
[ 2026-03-06 14:14:10 | node_5 | INFO ] 🚂 Round 87: Client training...
[ 2026-03-06 14:14:10 | node_32 | INFO ] 🔬 Evaluating...
[ 2026-03-06 14:14:10 | node_29 | INFO ] 🔬 Evaluating...
[ 2026-03-06 14:14:10 | node_34 | INFO ] 🔬 Evaluating...
[ 2026-03-06 14:14:10 | node_39 | INFO ] 🔬 Evaluating...
[ 2026-03-06 14:14:10 | node_35 | INFO ] 🔬 Evaluating...
[ 2026-03-06 14:14:10 | node_20 | INFO ] 📈 Evaluated. Results: {'test_loss': 0.4007551074028015, 'test_acc': 0.9649999737739563, 'test_precision': 0.9720134139060974, 'test_recall': 0.9619454741477966, 'test_f1': 0.9644263982772827, 'communication_cost': 0}
[ 2026-03-06 14:14:10 | node_27 | INFO ] 🔬 Evaluating...
[ 2026-03-06 14:14:10 | node_24 | INFO ] 🔬 Evaluating...
[ 2026-03-06 14:14:10 | node_37 | INFO ] 🔬 Evaluating...
[ 2026-03-06 14:14:10 | node_33 | INFO ] 🔬 Evaluating...
[ 2026-03-06 14:14:10 | node_6 | INFO ] 📈 Evaluated. Results: {'test_loss': 0.3092385232448578, 'test_acc': 0.9700000286102295, 'test_precision': 0.9758285284042358, 'test_recall': 0.9695819020271301, 'test_f1': 0.9707696437835693, 'communication_cost': 0}
[ 2026-03-06 14:14:10 | node_18 | INFO ] 📈 Evaluated. Results: {'test_loss': 0.0015458316775038838, 'test_acc': 1.0, 'test_precision': 1.0, 'test_recall': 1.0, 'test_f1': 1.0, 'communication_cost': 0}
[ 2026-03-06 14:14:10 | node_26 | INFO ] 🔬 Evaluating...
[ 2026-03-06 14:14:10 | node_2 | INFO ] 🚂 Round 87: Client training...
[ 2026-03-06 14:14:10 | node_3 | INFO ] 🚂 Round 87: Client training...
[ 2026-03-06 14:14:10 | node_9 | INFO ] 🚂 Round 87: Client training...
[ 2026-03-06 14:14:10 | node_8 | INFO ] 📈 Evaluated. Results: {'test_loss': 0.2615365982055664, 'test_acc': 0.9800000190734863, 'test_precision': 0.9824889302253723, 'test_recall': 0.9789541363716125, 'test_f1': 0.9793731570243835, 'communication_cost': 0}
[ 2026-03-06 14:14:10 | node_20 | INFO ] 🚂 Round 87: Client training...
[ 2026-03-06 14:14:10 | node_6 | INFO ] 🚂 Round 87: Client training...
[ 2026-03-06 14:14:10 | node_43 | INFO ] 🔬 Evaluating...
[ 2026-03-06 14:14:10 | node_18 | INFO ] 🚂 Round 87: Client training...
[ 2026-03-06 14:14:10 | node_38 | INFO ] 📈 Evaluated. Results: {'test_loss': 0.4567508399486542, 'test_acc': 0.9700000286102295, 'test_precision': 0.9701783657073975, 'test_recall': 0.9693055748939514, 'test_f1': 0.9675981402397156, 'communication_cost': 0}
[ 2026-03-06 14:14:10 | node_45 | INFO ] 🔬 Evaluating...
[ 2026-03-06 14:14:10 | node_22 | INFO ] 📈 Evaluated. Results: {'test_loss': 0.19113832712173462, 'test_acc': 0.9800000190734863, 'test_precision': 0.979726254940033, 'test_recall': 0.9808332920074463, 'test_f1': 0.9796524047851562, 'communication_cost': 0}
[ 2026-03-06 14:14:10 | node_8 | INFO ] 🚂 Round 87: Client training...
[ 2026-03-06 14:14:11 | node_40 | INFO ] 📈 Evaluated. Results: {'test_loss': 0.13753582537174225, 'test_acc': 0.9750000238418579, 'test_precision': 0.9719843864440918, 'test_recall': 0.9799538254737854, 'test_f1': 0.9737693667411804, 'communication_cost': 0}
[ 2026-03-06 14:14:11 | node_21 | INFO ] 📈 Evaluated. Results: {'test_loss': 0.6861763596534729, 'test_acc': 0.9700000286102295, 'test_precision': 0.9713238477706909, 'test_recall': 0.9652230143547058, 'test_f1': 0.9666387438774109, 'communication_cost': 0}
[ 2026-03-06 14:14:11 | node_23 | INFO ] 📈 Evaluated. Results: {'test_loss': 0.21762757003307343, 'test_acc': 0.9850000143051147, 'test_precision': 0.9810769557952881, 'test_recall': 0.9875600934028625, 'test_f1': 0.9834005236625671, 'communication_cost': 0}
[ 2026-03-06 14:14:11 | node_38 | INFO ] 🚂 Round 87: Client training...
[ 2026-03-06 14:14:11 | node_22 | INFO ] 🚂 Round 87: Client training...
[ 2026-03-06 14:14:11 | node_13 | INFO ] 📈 Evaluated. Results: {'test_loss': 0.3971148729324341, 'test_acc': 0.9649999737739563, 'test_precision': 0.965192973613739, 'test_recall': 0.9650001525878906, 'test_f1': 0.9632108807563782, 'communication_cost': 0}
[ 2026-03-06 14:14:11 | node_24 | INFO ] 📈 Evaluated. Results: {'test_loss': 0.048289891332387924, 'test_acc': 0.9800000190734863, 'test_precision': 0.9788691997528076, 'test_recall': 0.9785920977592468, 'test_f1': 0.978343665599823, 'communication_cost': 0}
[ 2026-03-06 14:14:11 | node_39 | INFO ] 📈 Evaluated. Results: {'test_loss': 0.5228214859962463, 'test_acc': 0.9700000286102295, 'test_precision': 0.9709475636482239, 'test_recall': 0.9638769626617432, 'test_f1': 0.9646497964859009, 'communication_cost': 0}
[ 2026-03-06 14:14:11 | node_7 | INFO ] 📈 Evaluated. Results: {'test_loss': 0.056326113641262054, 'test_acc': 0.9950000047683716, 'test_precision': 0.9950768947601318, 'test_recall': 0.9957333207130432, 'test_f1': 0.9952331781387329, 'communication_cost': 0}
[ 2026-03-06 14:14:11 | node_40 | INFO ] 🚂 Round 87: Client training...
[ 2026-03-06 14:14:11 | node_29 | INFO ] 📈 Evaluated. Results: {'test_loss': 0.4445651173591614, 'test_acc': 0.9750000238418579, 'test_precision': 0.9718396067619324, 'test_recall': 0.9741279482841492, 'test_f1': 0.9710142612457275, 'communication_cost': 0}
[ 2026-03-06 14:14:11 | node_37 | INFO ] 📈 Evaluated. Results: {'test_loss': 0.21726872026920319, 'test_acc': 0.9750000238418579, 'test_precision': 0.9794285297393799, 'test_recall': 0.9744706749916077, 'test_f1': 0.9762928485870361, 'communication_cost': 0}
[ 2026-03-06 14:14:11 | node_41 | INFO ] 📈 Evaluated. Results: {'test_loss': 0.13087356090545654, 'test_acc': 0.9850000143051147, 'test_precision': 0.9868571758270264, 'test_recall': 0.98638916015625, 'test_f1': 0.9861353039741516, 'communication_cost': 0}
[ 2026-03-06 14:14:11 | node_32 | INFO ] 📈 Evaluated. Results: {'test_loss': 0.28861334919929504, 'test_acc': 0.9800000190734863, 'test_precision': 0.9832888841629028, 'test_recall': 0.9770828485488892, 'test_f1': 0.9788063168525696, 'communication_cost': 0}
[ 2026-03-06 14:14:11 | node_33 | INFO ] 📈 Evaluated. Results: {'test_loss': 0.10829117894172668, 'test_acc': 0.9800000190734863, 'test_precision': 0.9855515360832214, 'test_recall': 0.9771538376808167, 'test_f1': 0.9801142811775208, 'communication_cost': 0}
[ 2026-03-06 14:14:11 | node_25 | INFO ] 📈 Evaluated. Results: {'test_loss': 0.4840428829193115, 'test_acc': 0.9700000286102295, 'test_precision': 0.9703788757324219, 'test_recall': 0.9718769788742065, 'test_f1': 0.9698901176452637, 'communication_cost': 0}
[ 2026-03-06 14:14:11 | node_21 | INFO ] 🚂 Round 87: Client training...
[ 2026-03-06 14:14:11 | node_23 | INFO ] 🚂 Round 87: Client training...
[ 2026-03-06 14:14:11 | node_30 | INFO ] 📈 Evaluated. Results: {'test_loss': 0.582918643951416, 'test_acc': 0.9700000286102295, 'test_precision': 0.9675905108451843, 'test_recall': 0.9715458750724792, 'test_f1': 0.9671987295150757, 'communication_cost': 0}
[ 2026-03-06 14:14:11 | node_28 | INFO ] 📈 Evaluated. Results: {'test_loss': 0.20596490800380707, 'test_acc': 0.9700000286102295, 'test_precision': 0.97125244140625, 'test_recall': 0.9690340161323547, 'test_f1': 0.9686510562896729, 'communication_cost': 0}
[ 2026-03-06 14:14:11 | node_26 | INFO ] 📈 Evaluated. Results: {'test_loss': 0.252011239528656, 'test_acc': 0.9649999737739563, 'test_precision': 0.9607238173484802, 'test_recall': 0.9678034782409668, 'test_f1': 0.962436854839325, 'communication_cost': 0}
[ 2026-03-06 14:14:11 | node_42 | INFO ] 📈 Evaluated. Results: {'test_loss': 0.45943787693977356, 'test_acc': 0.9700000286102295, 'test_precision': 0.9754965305328369, 'test_recall': 0.9670151472091675, 'test_f1': 0.9688677787780762, 'communication_cost': 0}
[ 2026-03-06 14:14:11 | node_31 | INFO ] 📈 Evaluated. Results: {'test_loss': 0.07165542244911194, 'test_acc': 0.9800000190734863, 'test_precision': 0.9781159162521362, 'test_recall': 0.978528618812561, 'test_f1': 0.9774843454360962, 'communication_cost': 0}
[ 2026-03-06 14:14:11 | node_44 | INFO ] 📈 Evaluated. Results: {'test_loss': 0.1906314641237259, 'test_acc': 0.9599999785423279, 'test_precision': 0.9568840265274048, 'test_recall': 0.9610499739646912, 'test_f1': 0.9577367901802063, 'communication_cost': 0}
[ 2026-03-06 14:14:11 | node_36 | INFO ] 📈 Evaluated. Results: {'test_loss': 0.0019751519430428743, 'test_acc': 1.0, 'test_precision': 1.0, 'test_recall': 1.0, 'test_f1': 1.0, 'communication_cost': 0}
[ 2026-03-06 14:14:11 | node_27 | INFO ] 📈 Evaluated. Results: {'test_loss': 0.06752580404281616, 'test_acc': 0.9950000047683716, 'test_precision': 0.9955000281333923, 'test_recall': 0.9910000562667847, 'test_f1': 0.9924571514129639, 'communication_cost': 0}
[ 2026-03-06 14:14:11 | node_35 | INFO ] 📈 Evaluated. Results: {'test_loss': 0.24767932295799255, 'test_acc': 0.9850000143051147, 'test_precision': 0.9827000498771667, 'test_recall': 0.9842284917831421, 'test_f1': 0.9824283123016357, 'communication_cost': 0}
[ 2026-03-06 14:14:11 | node_34 | INFO ] 📈 Evaluated. Results: {'test_loss': 0.3088946044445038, 'test_acc': 0.9800000190734863, 'test_precision': 0.9764395952224731, 'test_recall': 0.9800722002983093, 'test_f1': 0.976683497428894, 'communication_cost': 0}
[ 2026-03-06 14:14:11 | node_13 | INFO ] 🚂 Round 87: Client training...
[ 2026-03-06 14:14:11 | node_43 | INFO ] 📈 Evaluated. Results: {'test_loss': 0.5733670592308044, 'test_acc': 0.9700000286102295, 'test_precision': 0.968067467212677, 'test_recall': 0.9688571095466614, 'test_f1': 0.9660584926605225, 'communication_cost': 0}
[ 2026-03-06 14:14:11 | node_39 | INFO ] 🚂 Round 87: Client training...
[ 2026-03-06 14:14:11 | node_45 | INFO ] 📈 Evaluated. Results: {'test_loss': 0.7502834796905518, 'test_acc': 0.9700000286102295, 'test_precision': 0.9691026210784912, 'test_recall': 0.9671341180801392, 'test_f1': 0.9665020704269409, 'communication_cost': 0}
[ 2026-03-06 14:14:11 | node_24 | INFO ] 🚂 Round 87: Client training...
[ 2026-03-06 14:14:11 | node_7 | INFO ] 🚂 Round 87: Client training...
[ 2026-03-06 14:14:11 | node_41 | INFO ] 🚂 Round 87: Client training...
[ 2026-03-06 14:14:11 | node_37 | INFO ] 🚂 Round 87: Client training...
[ 2026-03-06 14:14:11 | node_32 | INFO ] 🚂 Round 87: Client training...
[ 2026-03-06 14:14:11 | node_29 | INFO ] 🚂 Round 87: Client training...
[ 2026-03-06 14:14:11 | node_33 | INFO ] 🚂 Round 87: Client training...
[ 2026-03-06 14:14:11 | node_25 | INFO ] 🚂 Round 87: Client training...
[ 2026-03-06 14:14:11 | node_46 | INFO ] 🔬 Evaluating...
[ 2026-03-06 14:14:11 | node_30 | INFO ] 🚂 Round 87: Client training...
[ 2026-03-06 14:14:11 | node_26 | INFO ] 🚂 Round 87: Client training...
[ 2026-03-06 14:14:11 | node_28 | INFO ] 🚂 Round 87: Client training...
[ 2026-03-06 14:14:11 | node_42 | INFO ] 🚂 Round 87: Client training...
[ 2026-03-06 14:14:11 | node_31 | INFO ] 🚂 Round 87: Client training...
[ 2026-03-06 14:14:11 | node_36 | INFO ] 🚂 Round 87: Client training...
[ 2026-03-06 14:14:11 | node_47 | INFO ] 🔬 Evaluating...
[ 2026-03-06 14:14:11 | node_44 | INFO ] 🚂 Round 87: Client training...
[ 2026-03-06 14:14:11 | node_35 | INFO ] 🚂 Round 87: Client training...
[ 2026-03-06 14:14:11 | node_48 | INFO ] 🔬 Evaluating...
[ 2026-03-06 14:14:11 | node_27 | INFO ] 🚂 Round 87: Client training...
[ 2026-03-06 14:14:11 | node_34 | INFO ] 🚂 Round 87: Client training...
[ 2026-03-06 14:14:11 | node_43 | INFO ] 🚂 Round 87: Client training...
[ 2026-03-06 14:14:11 | node_45 | INFO ] 🚂 Round 87: Client training...
[ 2026-03-06 14:14:12 | node_46 | INFO ] 📈 Evaluated. Results: {'test_loss': 0.2989773154258728, 'test_acc': 0.9750000238418579, 'test_precision': 0.9732000827789307, 'test_recall': 0.9748716950416565, 'test_f1': 0.971651017665863, 'communication_cost': 0}
[ 2026-03-06 14:14:12 | node_47 | INFO ] 📈 Evaluated. Results: {'test_loss': 0.30837881565093994, 'test_acc': 0.9700000286102295, 'test_precision': 0.9698619246482849, 'test_recall': 0.9730007648468018, 'test_f1': 0.9693889021873474, 'communication_cost': 0}
[ 2026-03-06 14:14:12 | node_48 | INFO ] 📈 Evaluated. Results: {'test_loss': 0.22727163136005402, 'test_acc': 0.9800000190734863, 'test_precision': 0.9801313877105713, 'test_recall': 0.9808639287948608, 'test_f1': 0.9789226055145264, 'communication_cost': 0}
[ 2026-03-06 14:14:12 | node_46 | INFO ] 🚂 Round 87: Client training...
[ 2026-03-06 14:14:12 | node_47 | INFO ] 🚂 Round 87: Client training...
[ 2026-03-06 14:14:12 | node_48 | INFO ] 🚂 Round 87: Client training...
[ 2026-03-06 14:14:12 | node_49 | INFO ] 🔬 Evaluating...
[ 2026-03-06 14:14:12 | node_49 | INFO ] 📈 Evaluated. Results: {'test_loss': 0.28956884145736694, 'test_acc': 0.9649999737739563, 'test_precision': 0.9712424278259277, 'test_recall': 0.9624881148338318, 'test_f1': 0.964585542678833, 'communication_cost': 0}
[ 2026-03-06 14:14:12 | node_49 | INFO ] 🚂 Round 87: Client training...
[ 2026-03-06 14:14:12 | node | INFO ] ⏳ Round 87: Server waiting for 49 updates.
[ 2026-03-06 14:14:12 | node | INFO ] ♻️ Proactively processing 48 early models for round 87.
[ 2026-03-06 14:14:12 | node | INFO ] 🧩 Model added for round 87 (1/49) from ['node_1']
[ 2026-03-06 14:14:12 | node | INFO ] 🧩 Model added for round 87 (2/49) from ['node_4']
[ 2026-03-06 14:14:12 | node | INFO ] 🧩 Model added for round 87 (3/49) from ['node_10']
[ 2026-03-06 14:14:12 | node | INFO ] 🧩 Model added for round 87 (4/49) from ['node_15']
[ 2026-03-06 14:14:12 | node | INFO ] 🧩 Model added for round 87 (5/49) from ['node_14']
[ 2026-03-06 14:14:12 | node | INFO ] 🧩 Model added for round 87 (6/49) from ['node_19']
[ 2026-03-06 14:14:12 | node | INFO ] 🧩 Model added for round 87 (7/49) from ['node_11']
[ 2026-03-06 14:14:12 | node | INFO ] 🧩 Model added for round 87 (8/49) from ['node_12']
[ 2026-03-06 14:14:12 | node | INFO ] 🧩 Model added for round 87 (9/49) from ['node_16']
[ 2026-03-06 14:14:12 | node | INFO ] 🧩 Model added for round 87 (10/49) from ['node_17']
[ 2026-03-06 14:14:12 | node | INFO ] 🧩 Model added for round 87 (11/49) from ['node_5']
[ 2026-03-06 14:14:12 | node | INFO ] 🧩 Model added for round 87 (12/49) from ['node_20']
[ 2026-03-06 14:14:12 | node | INFO ] 🧩 Model added for round 87 (13/49) from ['node_2']
[ 2026-03-06 14:14:12 | node | INFO ] 🧩 Model added for round 87 (14/49) from ['node_18']
[ 2026-03-06 14:14:12 | node | INFO ] 🧩 Model added for round 87 (15/49) from ['node_9']
[ 2026-03-06 14:14:12 | node | INFO ] 🧩 Model added for round 87 (16/49) from ['node_6']
[ 2026-03-06 14:14:12 | node | INFO ] 🧩 Model added for round 87 (17/49) from ['node_3']
[ 2026-03-06 14:14:12 | node | INFO ] 🧩 Model added for round 87 (18/49) from ['node_8']
[ 2026-03-06 14:14:12 | node | INFO ] 🧩 Model added for round 87 (19/49) from ['node_22']
[ 2026-03-06 14:14:12 | node | INFO ] 🧩 Model added for round 87 (20/49) from ['node_38']
[ 2026-03-06 14:14:12 | node | INFO ] 🧩 Model added for round 87 (21/49) from ['node_21']
[ 2026-03-06 14:14:12 | node | INFO ] 🧩 Model added for round 87 (22/49) from ['node_39']
[ 2026-03-06 14:14:12 | node | INFO ] 🧩 Model added for round 87 (23/49) from ['node_40']
[ 2026-03-06 14:14:12 | node | INFO ] 🧩 Model added for round 87 (24/49) from ['node_23']
[ 2026-03-06 14:14:12 | node | INFO ] 🧩 Model added for round 87 (25/49) from ['node_13']
[ 2026-03-06 14:14:12 | node | INFO ] 🧩 Model added for round 87 (26/49) from ['node_7']
[ 2026-03-06 14:14:12 | node | INFO ] 🧩 Model added for round 87 (27/49) from ['node_41']
[ 2026-03-06 14:14:12 | node | INFO ] 🧩 Model added for round 87 (28/49) from ['node_37']
[ 2026-03-06 14:14:12 | node | INFO ] 🧩 Model added for round 87 (29/49) from ['node_24']
[ 2026-03-06 14:14:12 | node | INFO ] 🧩 Model added for round 87 (30/49) from ['node_32']
[ 2026-03-06 14:14:12 | node | INFO ] 🧩 Model added for round 87 (31/49) from ['node_33']
[ 2026-03-06 14:14:12 | node | INFO ] 🧩 Model added for round 87 (32/49) from ['node_26']
[ 2026-03-06 14:14:12 | node | INFO ] 🧩 Model added for round 87 (33/49) from ['node_25']
[ 2026-03-06 14:14:12 | node | INFO ] 🧩 Model added for round 87 (34/49) from ['node_30']
[ 2026-03-06 14:14:12 | node | INFO ] 🧩 Model added for round 87 (35/49) from ['node_29']
[ 2026-03-06 14:14:12 | node | INFO ] 🧩 Model added for round 87 (36/49) from ['node_28']
[ 2026-03-06 14:14:12 | node | INFO ] 🧩 Model added for round 87 (37/49) from ['node_42']
[ 2026-03-06 14:14:12 | node | INFO ] 🧩 Model added for round 87 (38/49) from ['node_36']
[ 2026-03-06 14:14:12 | node | INFO ] 🧩 Model added for round 87 (39/49) from ['node_27']
[ 2026-03-06 14:14:12 | node | INFO ] 🧩 Model added for round 87 (40/49) from ['node_31']
[ 2026-03-06 14:14:12 | node | INFO ] 🧩 Model added for round 87 (41/49) from ['node_34']
[ 2026-03-06 14:14:12 | node | INFO ] 🧩 Model added for round 87 (42/49) from ['node_35']
[ 2026-03-06 14:14:12 | node | INFO ] 🧩 Model added for round 87 (43/49) from ['node_44']
[ 2026-03-06 14:14:12 | node | INFO ] 🧩 Model added for round 87 (44/49) from ['node_45']
[ 2026-03-06 14:14:12 | node | INFO ] 🧩 Model added for round 87 (45/49) from ['node_43']
[ 2026-03-06 14:14:12 | node | INFO ] 🧩 Model added for round 87 (46/49) from ['node_46']
[ 2026-03-06 14:14:12 | node | INFO ] 🧩 Model added for round 87 (47/49) from ['node_47']
[ 2026-03-06 14:14:12 | node | INFO ] 🧩 Model added for round 87 (48/49) from ['node_48']
[ 2026-03-06 14:14:13 | node | INFO ] 🧩 Model added for round 87 (49/49) from ['node_49']
[ 2026-03-06 14:14:14 | node | INFO ] 🔬 Evaluating...
[ 2026-03-06 14:14:14 | node | INFO ] 📈 Evaluated. Results: {'test_loss': 0.20158733427524567, 'test_acc': 0.9850000143051147, 'test_precision': 0.9841939806938171, 'test_recall': 0.9803000092506409, 'test_f1': 0.9808365106582642, 'communication_cost': 46110666}
[ 2026-03-06 14:14:14 | node_2 | INFO ] 🔬 Evaluating...
[ 2026-03-06 14:14:14 | node_11 | INFO ] 🔬 Evaluating...
[ 2026-03-06 14:14:14 | node_12 | INFO ] 🔬 Evaluating...
[ 2026-03-06 14:14:14 | node_9 | INFO ] 🔬 Evaluating...
[ 2026-03-06 14:14:14 | node_6 | INFO ] 🔬 Evaluating...
[ 2026-03-06 14:14:14 | node_3 | INFO ] 🔬 Evaluating...
[ 2026-03-06 14:14:14 | node_5 | INFO ] 🔬 Evaluating...
[ 2026-03-06 14:14:14 | node_8 | INFO ] 🔬 Evaluating...
[ 2026-03-06 14:14:14 | node_2 | INFO ] 📈 Evaluated. Results: {'test_loss': 0.07787656038999557, 'test_acc': 0.9800000190734863, 'test_precision': 0.9780210256576538, 'test_recall': 0.9749693274497986, 'test_f1': 0.975762128829956, 'communication_cost': 0}
[ 2026-03-06 14:14:14 | node_11 | INFO ] 📈 Evaluated. Results: {'test_loss': 0.460927277803421, 'test_acc': 0.9750000238418579, 'test_precision': 0.9739538431167603, 'test_recall': 0.9724674224853516, 'test_f1': 0.9720712304115295, 'communication_cost': 0}
[ 2026-03-06 14:14:14 | node_13 | INFO ] 🔬 Evaluating...
[ 2026-03-06 14:14:14 | node_12 | INFO ] 📈 Evaluated. Results: {'test_loss': 0.10609351843595505, 'test_acc': 0.9900000095367432, 'test_precision': 0.9905769228935242, 'test_recall': 0.9896162152290344, 'test_f1': 0.9895610213279724, 'communication_cost': 0}
[ 2026-03-06 14:14:14 | node_7 | INFO ] 🔬 Evaluating...
[ 2026-03-06 14:14:14 | node_6 | INFO ] 📈 Evaluated. Results: {'test_loss': 0.27726468443870544, 'test_acc': 0.9750000238418579, 'test_precision': 0.980155885219574, 'test_recall': 0.9731819033622742, 'test_f1': 0.9747730493545532, 'communication_cost': 0}
[ 2026-03-06 14:14:14 | node_9 | INFO ] 📈 Evaluated. Results: {'test_loss': 0.1340761035680771, 'test_acc': 0.9850000143051147, 'test_precision': 0.9873122572898865, 'test_recall': 0.9876638650894165, 'test_f1': 0.9870697259902954, 'communication_cost': 0}
[ 2026-03-06 14:14:14 | node_11 | INFO ] 🚂 Round 88: Client training...
[ 2026-03-06 14:14:14 | node_2 | INFO ] 🚂 Round 88: Client training...
[ 2026-03-06 14:14:14 | node_12 | INFO ] 🚂 Round 88: Client training...
[ 2026-03-06 14:14:14 | node_3 | INFO ] 📈 Evaluated. Results: {'test_loss': 0.1765880584716797, 'test_acc': 0.9700000286102295, 'test_precision': 0.9631019830703735, 'test_recall': 0.9692666530609131, 'test_f1': 0.9634527564048767, 'communication_cost': 0}
[ 2026-03-06 14:14:14 | node_5 | INFO ] 📈 Evaluated. Results: {'test_loss': 0.1702592670917511, 'test_acc': 0.9900000095367432, 'test_precision': 0.9914999604225159, 'test_recall': 0.9894999861717224, 'test_f1': 0.9898096323013306, 'communication_cost': 0}
[ 2026-03-06 14:14:14 | node_8 | INFO ] 📈 Evaluated. Results: {'test_loss': 0.30550336837768555, 'test_acc': 0.9800000190734863, 'test_precision': 0.9824889302253723, 'test_recall': 0.9789541363716125, 'test_f1': 0.9793731570243835, 'communication_cost': 0}
[ 2026-03-06 14:14:14 | node_6 | INFO ] 🚂 Round 88: Client training...
[ 2026-03-06 14:14:14 | node_9 | INFO ] 🚂 Round 88: Client training...
[ 2026-03-06 14:14:14 | node_7 | INFO ] 📈 Evaluated. Results: {'test_loss': 0.07378976792097092, 'test_acc': 0.9950000047683716, 'test_precision': 0.9950768947601318, 'test_recall': 0.9957333207130432, 'test_f1': 0.9952331781387329, 'communication_cost': 0}
[ 2026-03-06 14:14:14 | node_13 | INFO ] 📈 Evaluated. Results: {'test_loss': 0.43037521839141846, 'test_acc': 0.9700000286102295, 'test_precision': 0.9701159596443176, 'test_recall': 0.9687647819519043, 'test_f1': 0.9677102565765381, 'communication_cost': 0}
[ 2026-03-06 14:14:14 | node_3 | INFO ] 🚂 Round 88: Client training...
[ 2026-03-06 14:14:14 | node_5 | INFO ] 🚂 Round 88: Client training...
[ 2026-03-06 14:14:14 | node_8 | INFO ] 🚂 Round 88: Client training...
[ 2026-03-06 14:14:14 | node_7 | INFO ] 🚂 Round 88: Client training...
[ 2026-03-06 14:14:14 | node_13 | INFO ] 🚂 Round 88: Client training...
[ 2026-03-06 14:14:14 | node_1 | INFO ] 🔬 Evaluating...
[ 2026-03-06 14:14:14 | node_20 | INFO ] 🔬 Evaluating...
[ 2026-03-06 14:14:14 | node_4 | INFO ] 🔬 Evaluating...
[ 2026-03-06 14:14:14 | node_15 | INFO ] 🔬 Evaluating...
[ 2026-03-06 14:14:14 | node_10 | INFO ] 🔬 Evaluating...
[ 2026-03-06 14:14:14 | node_14 | INFO ] 🔬 Evaluating...
[ 2026-03-06 14:14:14 | node_19 | INFO ] 🔬 Evaluating...
[ 2026-03-06 14:14:14 | node_16 | INFO ] 🔬 Evaluating...
[ 2026-03-06 14:14:14 | node_18 | INFO ] 🔬 Evaluating...
[ 2026-03-06 14:14:14 | node_17 | INFO ] 🔬 Evaluating...
[ 2026-03-06 14:14:14 | node_22 | INFO ] 🔬 Evaluating...
[ 2026-03-06 14:14:14 | node_1 | INFO ] 📈 Evaluated. Results: {'test_loss': 0.5142588019371033, 'test_acc': 0.9599999785423279, 'test_precision': 0.9579341411590576, 'test_recall': 0.9561609625816345, 'test_f1': 0.9523628950119019, 'communication_cost': 0}
[ 2026-03-06 14:14:14 | node_4 | INFO ] 📈 Evaluated. Results: {'test_loss': 0.05211510509252548, 'test_acc': 0.9850000143051147, 'test_precision': 0.9845055341720581, 'test_recall': 0.984076976776123, 'test_f1': 0.9834049940109253, 'communication_cost': 0}
[ 2026-03-06 14:14:14 | node_15 | INFO ] 📈 Evaluated. Results: {'test_loss': 0.2648233473300934, 'test_acc': 0.9950000047683716, 'test_precision': 0.9957333207130432, 'test_recall': 0.9908571839332581, 'test_f1': 0.992870032787323, 'communication_cost': 0}
[ 2026-03-06 14:14:14 | node_20 | INFO ] 📈 Evaluated. Results: {'test_loss': 0.3658125400543213, 'test_acc': 0.9599999785423279, 'test_precision': 0.9668705463409424, 'test_recall': 0.9583454728126526, 'test_f1': 0.9595519304275513, 'communication_cost': 0}
[ 2026-03-06 14:14:14 | node_23 | INFO ] 🔬 Evaluating...
[ 2026-03-06 14:14:14 | node_24 | INFO ] 🔬 Evaluating...
[ 2026-03-06 14:14:14 | node_10 | INFO ] 📈 Evaluated. Results: {'test_loss': 0.2568219006061554, 'test_acc': 0.9850000143051147, 'test_precision': 0.984687328338623, 'test_recall': 0.9847619533538818, 'test_f1': 0.984351396560669, 'communication_cost': 0}
[ 2026-03-06 14:14:14 | node_1 | INFO ] 🚂 Round 88: Client training...
[ 2026-03-06 14:14:14 | node_25 | INFO ] 🔬 Evaluating...
[ 2026-03-06 14:14:14 | node_26 | INFO ] 🔬 Evaluating...
[ 2026-03-06 14:14:14 | node_21 | INFO ] 🔬 Evaluating...
[ 2026-03-06 14:14:14 | node_29 | INFO ] 🔬 Evaluating...
[ 2026-03-06 14:14:14 | node_28 | INFO ] 🔬 Evaluating...
[ 2026-03-06 14:14:14 | node_31 | INFO ] 🔬 Evaluating...
[ 2026-03-06 14:14:14 | node_32 | INFO ] 🔬 Evaluating...
[ 2026-03-06 14:14:14 | node_30 | INFO ] 🔬 Evaluating...
[ 2026-03-06 14:14:14 | node_27 | INFO ] 🔬 Evaluating...
[ 2026-03-06 14:14:14 | node_19 | INFO ] 📈 Evaluated. Results: {'test_loss': 0.07756882905960083, 'test_acc': 0.9800000190734863, 'test_precision': 0.9772444367408752, 'test_recall': 0.9784444570541382, 'test_f1': 0.9766383171081543, 'communication_cost': 0}
[ 2026-03-06 14:14:14 | node_18 | INFO ] 📈 Evaluated. Results: {'test_loss': 0.00269189290702343, 'test_acc': 1.0, 'test_precision': 1.0, 'test_recall': 1.0, 'test_f1': 1.0, 'communication_cost': 0}
[ 2026-03-06 14:14:14 | node_17 | INFO ] 📈 Evaluated. Results: {'test_loss': 0.08118312060832977, 'test_acc': 0.9900000095367432, 'test_precision': 0.9901818037033081, 'test_recall': 0.9880000352859497, 'test_f1': 0.9885566830635071, 'communication_cost': 0}
[ 2026-03-06 14:14:14 | node_16 | INFO ] 📈 Evaluated. Results: {'test_loss': 0.1865117847919464, 'test_acc': 0.9800000190734863, 'test_precision': 0.9841221570968628, 'test_recall': 0.9815706014633179, 'test_f1': 0.9818600416183472, 'communication_cost': 0}
[ 2026-03-06 14:14:14 | node_14 | INFO ] 📈 Evaluated. Results: {'test_loss': 0.19729246199131012, 'test_acc': 0.9700000286102295, 'test_precision': 0.9742857217788696, 'test_recall': 0.9693745970726013, 'test_f1': 0.9702388048171997, 'communication_cost': 0}
[ 2026-03-06 14:14:14 | node_4 | INFO ] 🚂 Round 88: Client training...
[ 2026-03-06 14:14:14 | node_22 | INFO ] 📈 Evaluated. Results: {'test_loss': 0.22919946908950806, 'test_acc': 0.9800000190734863, 'test_precision': 0.979726254940033, 'test_recall': 0.9808332920074463, 'test_f1': 0.9796524047851562, 'communication_cost': 0}
[ 2026-03-06 14:14:14 | node_23 | INFO ] 📈 Evaluated. Results: {'test_loss': 0.23070211708545685, 'test_acc': 0.9750000238418579, 'test_precision': 0.9682769775390625, 'test_recall': 0.9789887070655823, 'test_f1': 0.9716722369194031, 'communication_cost': 0}
[ 2026-03-06 14:14:14 | node_20 | INFO ] 🚂 Round 88: Client training...
[ 2026-03-06 14:14:14 | node_15 | INFO ] 🚂 Round 88: Client training...
[ 2026-03-06 14:14:14 | node_24 | INFO ] 📈 Evaluated. Results: {'test_loss': 0.058996595442295074, 'test_acc': 0.9800000190734863, 'test_precision': 0.9788691997528076, 'test_recall': 0.9785920977592468, 'test_f1': 0.978343665599823, 'communication_cost': 0}
[ 2026-03-06 14:14:14 | node_10 | INFO ] 🚂 Round 88: Client training...
[ 2026-03-06 14:14:14 | node_19 | INFO ] 🚂 Round 88: Client training...
[ 2026-03-06 14:14:14 | node_26 | INFO ] 📈 Evaluated. Results: {'test_loss': 0.28689950704574585, 'test_acc': 0.9599999785423279, 'test_precision': 0.9545016288757324, 'test_recall': 0.9638035297393799, 'test_f1': 0.9566389322280884, 'communication_cost': 0}
[ 2026-03-06 14:14:14 | node_17 | INFO ] 🚂 Round 88: Client training...
[ 2026-03-06 14:14:14 | node_18 | INFO ] 🚂 Round 88: Client training...
[ 2026-03-06 14:14:14 | node_14 | INFO ] 🚂 Round 88: Client training...
[ 2026-03-06 14:14:14 | node_16 | INFO ] 🚂 Round 88: Client training...
[ 2026-03-06 14:14:14 | node_22 | INFO ] 🚂 Round 88: Client training...
[ 2026-03-06 14:14:15 | node_23 | INFO ] 🚂 Round 88: Client training...
[ 2026-03-06 14:14:15 | node_24 | INFO ] 🚂 Round 88: Client training...
[ 2026-03-06 14:14:15 | node_26 | INFO ] 🚂 Round 88: Client training...
[ 2026-03-06 14:14:15 | node_29 | INFO ] 📈 Evaluated. Results: {'test_loss': 0.41084885597229004, 'test_acc': 0.9750000238418579, 'test_precision': 0.9718396067619324, 'test_recall': 0.9741279482841492, 'test_f1': 0.9710142612457275, 'communication_cost': 0}
[ 2026-03-06 14:14:15 | node_39 | INFO ] 🔬 Evaluating...
[ 2026-03-06 14:14:15 | node_38 | INFO ] 🔬 Evaluating...
[ 2026-03-06 14:14:15 | node_41 | INFO ] 🔬 Evaluating...
[ 2026-03-06 14:14:15 | node_40 | INFO ] 🔬 Evaluating...
[ 2026-03-06 14:14:15 | node_37 | INFO ] 🔬 Evaluating...
[ 2026-03-06 14:14:15 | node_32 | INFO ] 📈 Evaluated. Results: {'test_loss': 0.24603396654129028, 'test_acc': 0.9750000238418579, 'test_precision': 0.9760888814926147, 'test_recall': 0.9725828766822815, 'test_f1': 0.9732062816619873, 'communication_cost': 0}
[ 2026-03-06 14:14:15 | node_33 | INFO ] 🔬 Evaluating...
[ 2026-03-06 14:14:15 | node_29 | INFO ] 🚂 Round 88: Client training...
[ 2026-03-06 14:14:15 | node_31 | INFO ] 📈 Evaluated. Results: {'test_loss': 0.07226521521806717, 'test_acc': 0.9800000190734863, 'test_precision': 0.9781159162521362, 'test_recall': 0.978528618812561, 'test_f1': 0.9774843454360962, 'communication_cost': 0}
[ 2026-03-06 14:14:15 | node_30 | INFO ] 📈 Evaluated. Results: {'test_loss': 0.5590130686759949, 'test_acc': 0.9700000286102295, 'test_precision': 0.9675905108451843, 'test_recall': 0.9715458750724792, 'test_f1': 0.9671987295150757, 'communication_cost': 0}
[ 2026-03-06 14:14:15 | node_44 | INFO ] 🔬 Evaluating...
[ 2026-03-06 14:14:15 | node_27 | INFO ] 📈 Evaluated. Results: {'test_loss': 0.0657239705324173, 'test_acc': 0.9950000047683716, 'test_precision': 0.9955000281333923, 'test_recall': 0.9910000562667847, 'test_f1': 0.9924571514129639, 'communication_cost': 0}
[ 2026-03-06 14:14:15 | node_43 | INFO ] 🔬 Evaluating...
[ 2026-03-06 14:14:15 | node_45 | INFO ] 🔬 Evaluating...
[ 2026-03-06 14:14:15 | node_35 | INFO ] 🔬 Evaluating...
[ 2026-03-06 14:14:15 | node_34 | INFO ] 🔬 Evaluating...
[ 2026-03-06 14:14:15 | node_42 | INFO ] 🔬 Evaluating...
[ 2026-03-06 14:14:15 | node_36 | INFO ] 🔬 Evaluating...
[ 2026-03-06 14:14:15 | node_46 | INFO ] 🔬 Evaluating...
[ 2026-03-06 14:14:15 | node_25 | INFO ] 📈 Evaluated. Results: {'test_loss': 0.4253087639808655, 'test_acc': 0.9750000238418579, 'test_precision': 0.9763789176940918, 'test_recall': 0.9758769273757935, 'test_f1': 0.9752805829048157, 'communication_cost': 0}
[ 2026-03-06 14:14:15 | node_48 | INFO ] 🔬 Evaluating...
[ 2026-03-06 14:14:15 | node_28 | INFO ] 📈 Evaluated. Results: {'test_loss': 0.2027953565120697, 'test_acc': 0.9700000286102295, 'test_precision': 0.97125244140625, 'test_recall': 0.9690340161323547, 'test_f1': 0.9686510562896729, 'communication_cost': 0}
[ 2026-03-06 14:14:15 | node_47 | INFO ] 🔬 Evaluating...
[ 2026-03-06 14:14:15 | node_32 | INFO ] 🚂 Round 88: Client training...
[ 2026-03-06 14:14:15 | node_30 | INFO ] 🚂 Round 88: Client training...
[ 2026-03-06 14:14:15 | node_31 | INFO ] 🚂 Round 88: Client training...
[ 2026-03-06 14:14:15 | node_21 | INFO ] 📈 Evaluated. Results: {'test_loss': 0.6885754466056824, 'test_acc': 0.9700000286102295, 'test_precision': 0.9713238477706909, 'test_recall': 0.9652230143547058, 'test_f1': 0.9666387438774109, 'communication_cost': 0}
[ 2026-03-06 14:14:15 | node_27 | INFO ] 🚂 Round 88: Client training...
[ 2026-03-06 14:14:15 | node_25 | INFO ] 🚂 Round 88: Client training...
[ 2026-03-06 14:14:15 | node_28 | INFO ] 🚂 Round 88: Client training...
[ 2026-03-06 14:14:15 | node_41 | INFO ] 📈 Evaluated. Results: {'test_loss': 0.11451523751020432, 'test_acc': 0.9800000190734863, 'test_precision': 0.9823572039604187, 'test_recall': 0.9831164479255676, 'test_f1': 0.9820210337638855, 'communication_cost': 0}
[ 2026-03-06 14:14:15 | node_38 | INFO ] 📈 Evaluated. Results: {'test_loss': 0.46784403920173645, 'test_acc': 0.9700000286102295, 'test_precision': 0.9687965512275696, 'test_recall': 0.9695723056793213, 'test_f1': 0.9675349593162537, 'communication_cost': 0}
[ 2026-03-06 14:14:15 | node_21 | INFO ] 🚂 Round 88: Client training...
[ 2026-03-06 14:14:15 | node_39 | INFO ] 📈 Evaluated. Results: {'test_loss': 0.50052809715271, 'test_acc': 0.9700000286102295, 'test_precision': 0.9709475636482239, 'test_recall': 0.9638769626617432, 'test_f1': 0.9646497964859009, 'communication_cost': 0}
[ 2026-03-06 14:14:16 | node_40 | INFO ] 📈 Evaluated. Results: {'test_loss': 0.12055542320013046, 'test_acc': 0.9800000190734863, 'test_precision': 0.9762042164802551, 'test_recall': 0.9848769307136536, 'test_f1': 0.9789057970046997, 'communication_cost': 0}
[ 2026-03-06 14:14:16 | node_37 | INFO ] 📈 Evaluated. Results: {'test_loss': 0.19862835109233856, 'test_acc': 0.9750000238418579, 'test_precision': 0.9794285297393799, 'test_recall': 0.9744706749916077, 'test_f1': 0.9762928485870361, 'communication_cost': 0}
[ 2026-03-06 14:14:16 | node_33 | INFO ] 📈 Evaluated. Results: {'test_loss': 0.09376683086156845, 'test_acc': 0.9750000238418579, 'test_precision': 0.9802181720733643, 'test_recall': 0.969153881072998, 'test_f1': 0.9735009670257568, 'communication_cost': 0}
[ 2026-03-06 14:14:16 | node_43 | INFO ] 📈 Evaluated. Results: {'test_loss': 0.5938141345977783, 'test_acc': 0.9700000286102295, 'test_precision': 0.968067467212677, 'test_recall': 0.9688571095466614, 'test_f1': 0.9660584926605225, 'communication_cost': 0}
[ 2026-03-06 14:14:16 | node_34 | INFO ] 📈 Evaluated. Results: {'test_loss': 0.31651926040649414, 'test_acc': 0.9700000286102295, 'test_precision': 0.9674285650253296, 'test_recall': 0.972577691078186, 'test_f1': 0.9674609303474426, 'communication_cost': 0}
[ 2026-03-06 14:14:16 | node_42 | INFO ] 📈 Evaluated. Results: {'test_loss': 0.41689300537109375, 'test_acc': 0.9700000286102295, 'test_precision': 0.9754965305328369, 'test_recall': 0.9670151472091675, 'test_f1': 0.9688677787780762, 'communication_cost': 0}
[ 2026-03-06 14:14:16 | node_41 | INFO ] 🚂 Round 88: Client training...
[ 2026-03-06 14:14:16 | node_45 | INFO ] 📈 Evaluated. Results: {'test_loss': 0.757831871509552, 'test_acc': 0.9649999737739563, 'test_precision': 0.9619026780128479, 'test_recall': 0.961134135723114, 'test_f1': 0.9585747718811035, 'communication_cost': 0}
[ 2026-03-06 14:14:16 | node_35 | INFO ] 📈 Evaluated. Results: {'test_loss': 0.2376132607460022, 'test_acc': 0.9850000143051147, 'test_precision': 0.9827000498771667, 'test_recall': 0.9842284917831421, 'test_f1': 0.9824283123016357, 'communication_cost': 0}
[ 2026-03-06 14:14:16 | node_36 | INFO ] 📈 Evaluated. Results: {'test_loss': 0.00946867372840643, 'test_acc': 0.9950000047683716, 'test_precision': 0.9927999973297119, 'test_recall': 0.9948571920394897, 'test_f1': 0.9932307600975037, 'communication_cost': 0}
[ 2026-03-06 14:14:16 | node_49 | INFO ] 🔬 Evaluating...
[ 2026-03-06 14:14:16 | node_44 | INFO ] 📈 Evaluated. Results: {'test_loss': 0.20504142343997955, 'test_acc': 0.9599999785423279, 'test_precision': 0.9568840265274048, 'test_recall': 0.9610499739646912, 'test_f1': 0.9577367901802063, 'communication_cost': 0}
[ 2026-03-06 14:14:16 | node_46 | INFO ] 📈 Evaluated. Results: {'test_loss': 0.2816571891307831, 'test_acc': 0.9750000238418579, 'test_precision': 0.9732000827789307, 'test_recall': 0.9748716950416565, 'test_f1': 0.971651017665863, 'communication_cost': 0}
[ 2026-03-06 14:14:16 | node_38 | INFO ] 🚂 Round 88: Client training...
[ 2026-03-06 14:14:16 | node_47 | INFO ] 📈 Evaluated. Results: {'test_loss': 0.29406073689460754, 'test_acc': 0.9750000238418579, 'test_precision': 0.977061927318573, 'test_recall': 0.9770007133483887, 'test_f1': 0.975506603717804, 'communication_cost': 0}
[ 2026-03-06 14:14:16 | node_48 | INFO ] 📈 Evaluated. Results: {'test_loss': 0.25796616077423096, 'test_acc': 0.9750000238418579, 'test_precision': 0.9758647084236145, 'test_recall': 0.9770991802215576, 'test_f1': 0.9747763276100159, 'communication_cost': 0}
[ 2026-03-06 14:14:16 | node_39 | INFO ] 🚂 Round 88: Client training...
[ 2026-03-06 14:14:16 | node_40 | INFO ] 🚂 Round 88: Client training...
[ 2026-03-06 14:14:16 | node_37 | INFO ] 🚂 Round 88: Client training...
[ 2026-03-06 14:14:16 | node_33 | INFO ] 🚂 Round 88: Client training...
[ 2026-03-06 14:14:16 | node_34 | INFO ] 🚂 Round 88: Client training...
[ 2026-03-06 14:14:16 | node_43 | INFO ] 🚂 Round 88: Client training...
[ 2026-03-06 14:14:16 | node_42 | INFO ] 🚂 Round 88: Client training...
[ 2026-03-06 14:14:16 | node_45 | INFO ] 🚂 Round 88: Client training...
[ 2026-03-06 14:14:16 | node_36 | INFO ] 🚂 Round 88: Client training...
[ 2026-03-06 14:14:16 | node_35 | INFO ] 🚂 Round 88: Client training...
[ 2026-03-06 14:14:16 | node_46 | INFO ] 🚂 Round 88: Client training...
[ 2026-03-06 14:14:16 | node_44 | INFO ] 🚂 Round 88: Client training...
[ 2026-03-06 14:14:16 | node_48 | INFO ] 🚂 Round 88: Client training...
[ 2026-03-06 14:14:16 | node_47 | INFO ] 🚂 Round 88: Client training...
[ 2026-03-06 14:14:16 | node_49 | INFO ] 📈 Evaluated. Results: {'test_loss': 0.25437453389167786, 'test_acc': 0.9649999737739563, 'test_precision': 0.9712424278259277, 'test_recall': 0.9624881148338318, 'test_f1': 0.964585542678833, 'communication_cost': 0}
[ 2026-03-06 14:14:16 | node_49 | INFO ] 🚂 Round 88: Client training...
[ 2026-03-06 14:14:17 | node | INFO ] ⏳ Round 88: Server waiting for 49 updates.
[ 2026-03-06 14:14:17 | node | INFO ] ♻️ Proactively processing 49 early models for round 88.
[ 2026-03-06 14:14:17 | node | INFO ] 🧩 Model added for round 88 (1/49) from ['node_11']
[ 2026-03-06 14:14:17 | node | INFO ] 🧩 Model added for round 88 (2/49) from ['node_12']
[ 2026-03-06 14:14:17 | node | INFO ] 🧩 Model added for round 88 (3/49) from ['node_2']
[ 2026-03-06 14:14:17 | node | INFO ] 🧩 Model added for round 88 (4/49) from ['node_6']
[ 2026-03-06 14:14:17 | node | INFO ] 🧩 Model added for round 88 (5/49) from ['node_5']
[ 2026-03-06 14:14:17 | node | INFO ] 🧩 Model added for round 88 (6/49) from ['node_3']
[ 2026-03-06 14:14:17 | node | INFO ] 🧩 Model added for round 88 (7/49) from ['node_9']
[ 2026-03-06 14:14:17 | node | INFO ] 🧩 Model added for round 88 (8/49) from ['node_7']
[ 2026-03-06 14:14:17 | node | INFO ] 🧩 Model added for round 88 (9/49) from ['node_8']
[ 2026-03-06 14:14:17 | node | INFO ] 🧩 Model added for round 88 (10/49) from ['node_13']
[ 2026-03-06 14:14:17 | node | INFO ] 🧩 Model added for round 88 (11/49) from ['node_1']
[ 2026-03-06 14:14:17 | node | INFO ] 🧩 Model added for round 88 (12/49) from ['node_4']
[ 2026-03-06 14:14:17 | node | INFO ] 🧩 Model added for round 88 (13/49) from ['node_10']
[ 2026-03-06 14:14:17 | node | INFO ] 🧩 Model added for round 88 (14/49) from ['node_15']
[ 2026-03-06 14:14:17 | node | INFO ] 🧩 Model added for round 88 (15/49) from ['node_19']
[ 2026-03-06 14:14:17 | node | INFO ] 🧩 Model added for round 88 (16/49) from ['node_18']
[ 2026-03-06 14:14:17 | node | INFO ] 🧩 Model added for round 88 (17/49) from ['node_24']
[ 2026-03-06 14:14:17 | node | INFO ] 🧩 Model added for round 88 (18/49) from ['node_20']
[ 2026-03-06 14:14:17 | node | INFO ] 🧩 Model added for round 88 (19/49) from ['node_14']
[ 2026-03-06 14:14:17 | node | INFO ] 🧩 Model added for round 88 (20/49) from ['node_16']
[ 2026-03-06 14:14:17 | node | INFO ] 🧩 Model added for round 88 (21/49) from ['node_17']
[ 2026-03-06 14:14:17 | node | INFO ] 🧩 Model added for round 88 (22/49) from ['node_26']
[ 2026-03-06 14:14:17 | node | INFO ] 🧩 Model added for round 88 (23/49) from ['node_23']
[ 2026-03-06 14:14:17 | node | INFO ] 🧩 Model added for round 88 (24/49) from ['node_22']
[ 2026-03-06 14:14:17 | node | INFO ] 🧩 Model added for round 88 (25/49) from ['node_29']
[ 2026-03-06 14:14:17 | node | INFO ] 🧩 Model added for round 88 (26/49) from ['node_31']
[ 2026-03-06 14:14:17 | node | INFO ] 🧩 Model added for round 88 (27/49) from ['node_32']
[ 2026-03-06 14:14:17 | node | INFO ] 🧩 Model added for round 88 (28/49) from ['node_30']
[ 2026-03-06 14:14:17 | node | INFO ] 🧩 Model added for round 88 (29/49) from ['node_27']
[ 2026-03-06 14:14:17 | node | INFO ] 🧩 Model added for round 88 (30/49) from ['node_25']
[ 2026-03-06 14:14:17 | node | INFO ] 🧩 Model added for round 88 (31/49) from ['node_28']
[ 2026-03-06 14:14:17 | node | INFO ] 🧩 Model added for round 88 (32/49) from ['node_21']
[ 2026-03-06 14:14:17 | node | INFO ] 🧩 Model added for round 88 (33/49) from ['node_41']
[ 2026-03-06 14:14:17 | node | INFO ] 🧩 Model added for round 88 (34/49) from ['node_38']
[ 2026-03-06 14:14:17 | node | INFO ] 🧩 Model added for round 88 (35/49) from ['node_39']
[ 2026-03-06 14:14:17 | node | INFO ] 🧩 Model added for round 88 (36/49) from ['node_33']
[ 2026-03-06 14:14:17 | node | INFO ] 🧩 Model added for round 88 (37/49) from ['node_40']
[ 2026-03-06 14:14:17 | node | INFO ] 🧩 Model added for round 88 (38/49) from ['node_37']
[ 2026-03-06 14:14:17 | node | INFO ] 🧩 Model added for round 88 (39/49) from ['node_36']
[ 2026-03-06 14:14:17 | node | INFO ] 🧩 Model added for round 88 (40/49) from ['node_44']
[ 2026-03-06 14:14:17 | node | INFO ] 🧩 Model added for round 88 (41/49) from ['node_35']
[ 2026-03-06 14:14:17 | node | INFO ] 🧩 Model added for round 88 (42/49) from ['node_43']
[ 2026-03-06 14:14:17 | node | INFO ] 🧩 Model added for round 88 (43/49) from ['node_34']
[ 2026-03-06 14:14:17 | node | INFO ] 🧩 Model added for round 88 (44/49) from ['node_42']
[ 2026-03-06 14:14:17 | node | INFO ] 🧩 Model added for round 88 (45/49) from ['node_45']
[ 2026-03-06 14:14:17 | node | INFO ] 🧩 Model added for round 88 (46/49) from ['node_46']
[ 2026-03-06 14:14:17 | node | INFO ] 🧩 Model added for round 88 (47/49) from ['node_47']
[ 2026-03-06 14:14:17 | node | INFO ] 🧩 Model added for round 88 (48/49) from ['node_48']
[ 2026-03-06 14:14:17 | node | INFO ] 🧩 Model added for round 88 (49/49) from ['node_49']
[ 2026-03-06 14:14:17 | node | INFO ] 🔬 Evaluating...
[ 2026-03-06 14:14:17 | node | INFO ] 📈 Evaluated. Results: {'test_loss': 0.2196948081254959, 'test_acc': 0.9850000143051147, 'test_precision': 0.9841939806938171, 'test_recall': 0.9803000092506409, 'test_f1': 0.9808365106582642, 'communication_cost': 46110666}
[ 2026-03-06 14:14:17 | node_6 | INFO ] 🔬 Evaluating...
[ 2026-03-06 14:14:17 | node_5 | INFO ] 🔬 Evaluating...
[ 2026-03-06 14:14:17 | node_3 | INFO ] 🔬 Evaluating...
[ 2026-03-06 14:14:17 | node_2 | INFO ] 🔬 Evaluating...
[ 2026-03-06 14:14:17 | node_1 | INFO ] 🔬 Evaluating...
[ 2026-03-06 14:14:17 | node_9 | INFO ] 🔬 Evaluating...
[ 2026-03-06 14:14:17 | node_4 | INFO ] 🔬 Evaluating...
[ 2026-03-06 14:14:17 | node_21 | INFO ] 🔬 Evaluating...
[ 2026-03-06 14:14:17 | node_6 | INFO ] 📈 Evaluated. Results: {'test_loss': 0.3066021800041199, 'test_acc': 0.9700000286102295, 'test_precision': 0.9758285284042358, 'test_recall': 0.9695819020271301, 'test_f1': 0.9707696437835693, 'communication_cost': 0}
[ 2026-03-06 14:14:17 | node_6 | INFO ] 🚂 Round 89: Client training...
[ 2026-03-06 14:14:17 | node_1 | INFO ] 📈 Evaluated. Results: {'test_loss': 0.5476370453834534, 'test_acc': 0.9549999833106995, 'test_precision': 0.9539340734481812, 'test_recall': 0.9533917307853699, 'test_f1': 0.9490405321121216, 'communication_cost': 0}
[ 2026-03-06 14:14:17 | node_3 | INFO ] 📈 Evaluated. Results: {'test_loss': 0.16961964964866638, 'test_acc': 0.9750000238418579, 'test_precision': 0.9721019864082336, 'test_recall': 0.9732666611671448, 'test_f1': 0.9707132577896118, 'communication_cost': 0}
[ 2026-03-06 14:14:17 | node_2 | INFO ] 📈 Evaluated. Results: {'test_loss': 0.09111473709344864, 'test_acc': 0.9800000190734863, 'test_precision': 0.978827714920044, 'test_recall': 0.9749693274497986, 'test_f1': 0.9761930704116821, 'communication_cost': 0}
[ 2026-03-06 14:14:17 | node_1 | INFO ] 🚂 Round 89: Client training...
[ 2026-03-06 14:14:17 | node_3 | INFO ] 🚂 Round 89: Client training...
[ 2026-03-06 14:14:17 | node_9 | INFO ] 📈 Evaluated. Results: {'test_loss': 0.16597087681293488, 'test_acc': 0.9850000143051147, 'test_precision': 0.9873122572898865, 'test_recall': 0.9876638650894165, 'test_f1': 0.9870697259902954, 'communication_cost': 0}
[ 2026-03-06 14:14:17 | node_39 | INFO ] 🔬 Evaluating...
[ 2026-03-06 14:14:17 | node_37 | INFO ] 🔬 Evaluating...
[ 2026-03-06 14:14:17 | node_33 | INFO ] 🔬 Evaluating...
[ 2026-03-06 14:14:17 | node_38 | INFO ] 🔬 Evaluating...
[ 2026-03-06 14:14:17 | node_36 | INFO ] 🔬 Evaluating...
[ 2026-03-06 14:14:17 | node_5 | INFO ] 📈 Evaluated. Results: {'test_loss': 0.16042308509349823, 'test_acc': 0.9850000143051147, 'test_precision': 0.9869999885559082, 'test_recall': 0.9843571186065674, 'test_f1': 0.9849404096603394, 'communication_cost': 0}
[ 2026-03-06 14:14:17 | node_40 | INFO ] 🔬 Evaluating...
[ 2026-03-06 14:14:17 | node_35 | INFO ] 🔬 Evaluating...
[ 2026-03-06 14:14:17 | node_7 | INFO ] 🔬 Evaluating...
[ 2026-03-06 14:14:17 | node_8 | INFO ] 🔬 Evaluating...
[ 2026-03-06 14:14:17 | node_34 | INFO ] 🔬 Evaluating...
[ 2026-03-06 14:14:17 | node_19 | INFO ] 🔬 Evaluating...
[ 2026-03-06 14:14:17 | node_10 | INFO ] 🔬 Evaluating...
[ 2026-03-06 14:14:17 | node_15 | INFO ] 🔬 Evaluating...
[ 2026-03-06 14:14:17 | node_4 | INFO ] 📈 Evaluated. Results: {'test_loss': 0.07686837762594223, 'test_acc': 0.9800000190734863, 'test_precision': 0.9800055027008057, 'test_recall': 0.9795769453048706, 'test_f1': 0.9786050319671631, 'communication_cost': 0}
[ 2026-03-06 14:14:17 | node_21 | INFO ] 📈 Evaluated. Results: {'test_loss': 0.6929579377174377, 'test_acc': 0.9700000286102295, 'test_precision': 0.9713238477706909, 'test_recall': 0.9652230143547058, 'test_f1': 0.9666387438774109, 'communication_cost': 0}
[ 2026-03-06 14:14:17 | node_2 | INFO ] 🚂 Round 89: Client training...
[ 2026-03-06 14:14:17 | node_13 | INFO ] 🔬 Evaluating...
[ 2026-03-06 14:14:17 | node_18 | INFO ] 🔬 Evaluating...
[ 2026-03-06 14:14:17 | node_11 | INFO ] 🔬 Evaluating...
[ 2026-03-06 14:14:17 | node_24 | INFO ] 🔬 Evaluating...
[ 2026-03-06 14:14:17 | node_14 | INFO ] 🔬 Evaluating...
[ 2026-03-06 14:14:17 | node_17 | INFO ] 🔬 Evaluating...
[ 2026-03-06 14:14:17 | node_16 | INFO ] 🔬 Evaluating...
[ 2026-03-06 14:14:17 | node_22 | INFO ] 🔬 Evaluating...
[ 2026-03-06 14:14:17 | node_20 | INFO ] 🔬 Evaluating...
[ 2026-03-06 14:14:17 | node_23 | INFO ] 🔬 Evaluating...
[ 2026-03-06 14:14:17 | node_26 | INFO ] 🔬 Evaluating...
[ 2026-03-06 14:14:17 | node_12 | INFO ] 🔬 Evaluating...
[ 2026-03-06 14:14:17 | node_29 | INFO ] 🔬 Evaluating...
[ 2026-03-06 14:14:17 | node_9 | INFO ] 🚂 Round 89: Client training...
[ 2026-03-06 14:14:17 | node_5 | INFO ] 🚂 Round 89: Client training...
[ 2026-03-06 14:14:17 | node_4 | INFO ] 🚂 Round 89: Client training...
[ 2026-03-06 14:14:17 | node_27 | INFO ] 🔬 Evaluating...
[ 2026-03-06 14:14:17 | node_28 | INFO ] 🔬 Evaluating...
[ 2026-03-06 14:14:17 | node_30 | INFO ] 🔬 Evaluating...
[ 2026-03-06 14:14:17 | node_31 | INFO ] 🔬 Evaluating...
[ 2026-03-06 14:14:17 | node_25 | INFO ] 🔬 Evaluating...
[ 2026-03-06 14:14:17 | node_21 | INFO ] 🚂 Round 89: Client training...
[ 2026-03-06 14:14:17 | node_32 | INFO ] 🔬 Evaluating...
[ 2026-03-06 14:14:17 | node_41 | INFO ] 🔬 Evaluating...
[ 2026-03-06 14:14:17 | node_33 | INFO ] 📈 Evaluated. Results: {'test_loss': 0.10609160363674164, 'test_acc': 0.9750000238418579, 'test_precision': 0.980957567691803, 'test_recall': 0.969153881072998, 'test_f1': 0.973224937915802, 'communication_cost': 0}
[ 2026-03-06 14:14:17 | node_37 | INFO ] 📈 Evaluated. Results: {'test_loss': 0.23516759276390076, 'test_acc': 0.9750000238418579, 'test_precision': 0.9794285297393799, 'test_recall': 0.9744706749916077, 'test_f1': 0.9762928485870361, 'communication_cost': 0}
[ 2026-03-06 14:14:18 | node_36 | INFO ] 📈 Evaluated. Results: {'test_loss': 0.00693355780094862, 'test_acc': 0.9950000047683716, 'test_precision': 0.9927999973297119, 'test_recall': 0.9948571920394897, 'test_f1': 0.9932307600975037, 'communication_cost': 0}
[ 2026-03-06 14:14:18 | node_33 | INFO ] 🚂 Round 89: Client training...
[ 2026-03-06 14:14:18 | node_39 | INFO ] 📈 Evaluated. Results: {'test_loss': 0.5034976005554199, 'test_acc': 0.9700000286102295, 'test_precision': 0.9709475636482239, 'test_recall': 0.9638769626617432, 'test_f1': 0.9646497964859009, 'communication_cost': 0}
[ 2026-03-06 14:14:18 | node_40 | INFO ] 📈 Evaluated. Results: {'test_loss': 0.1283181607723236, 'test_acc': 0.9800000190734863, 'test_precision': 0.9755843877792358, 'test_recall': 0.9835538268089294, 'test_f1': 0.9773693680763245, 'communication_cost': 0}
[ 2026-03-06 14:14:18 | node_8 | INFO ] 📈 Evaluated. Results: {'test_loss': 0.2556955814361572, 'test_acc': 0.9800000190734863, 'test_precision': 0.9824889302253723, 'test_recall': 0.9789541363716125, 'test_f1': 0.9793731570243835, 'communication_cost': 0}
[ 2026-03-06 14:14:18 | node_38 | INFO ] 📈 Evaluated. Results: {'test_loss': 0.4597494900226593, 'test_acc': 0.9700000286102295, 'test_precision': 0.9687965512275696, 'test_recall': 0.9695723056793213, 'test_f1': 0.9675349593162537, 'communication_cost': 0}
[ 2026-03-06 14:14:18 | node_7 | INFO ] 📈 Evaluated. Results: {'test_loss': 0.05378542095422745, 'test_acc': 0.9950000047683716, 'test_precision': 0.9950768947601318, 'test_recall': 0.9957333207130432, 'test_f1': 0.9952331781387329, 'communication_cost': 0}
[ 2026-03-06 14:14:18 | node_15 | INFO ] 📈 Evaluated. Results: {'test_loss': 0.29174596071243286, 'test_acc': 0.9950000047683716, 'test_precision': 0.9957333207130432, 'test_recall': 0.9908571839332581, 'test_f1': 0.992870032787323, 'communication_cost': 0}
[ 2026-03-06 14:14:18 | node_10 | INFO ] 📈 Evaluated. Results: {'test_loss': 0.24524961411952972, 'test_acc': 0.9900000095367432, 'test_precision': 0.9900951981544495, 'test_recall': 0.9900951981544495, 'test_f1': 0.9899259209632874, 'communication_cost': 0}
[ 2026-03-06 14:14:18 | node_35 | INFO ] 📈 Evaluated. Results: {'test_loss': 0.2558707892894745, 'test_acc': 0.9850000143051147, 'test_precision': 0.9827000498771667, 'test_recall': 0.9842284917831421, 'test_f1': 0.9824283123016357, 'communication_cost': 0}
[ 2026-03-06 14:14:18 | node_37 | INFO ] 🚂 Round 89: Client training...
[ 2026-03-06 14:14:18 | node_36 | INFO ] 🚂 Round 89: Client training...
[ 2026-03-06 14:14:18 | node_19 | INFO ] 📈 Evaluated. Results: {'test_loss': 0.08092012256383896, 'test_acc': 0.9850000143051147, 'test_precision': 0.984844446182251, 'test_recall': 0.9824444651603699, 'test_f1': 0.9827436804771423, 'communication_cost': 0}
[ 2026-03-06 14:14:18 | node_39 | INFO ] 🚂 Round 89: Client training...
[ 2026-03-06 14:14:18 | node_42 | INFO ] 🔬 Evaluating...
[ 2026-03-06 14:14:18 | node_13 | INFO ] 📈 Evaluated. Results: {'test_loss': 0.4219225347042084, 'test_acc': 0.9700000286102295, 'test_precision': 0.9701159596443176, 'test_recall': 0.9687647819519043, 'test_f1': 0.9677102565765381, 'communication_cost': 0}
[ 2026-03-06 14:14:18 | node_11 | INFO ] 📈 Evaluated. Results: {'test_loss': 0.48155543208122253, 'test_acc': 0.9700000286102295, 'test_precision': 0.9681356549263, 'test_recall': 0.9678959846496582, 'test_f1': 0.9666531085968018, 'communication_cost': 0}
[ 2026-03-06 14:14:18 | node_8 | INFO ] 🚂 Round 89: Client training...
[ 2026-03-06 14:14:18 | node_38 | INFO ] 🚂 Round 89: Client training...
[ 2026-03-06 14:14:18 | node_40 | INFO ] 🚂 Round 89: Client training...
[ 2026-03-06 14:14:18 | node_10 | INFO ] 🚂 Round 89: Client training...
[ 2026-03-06 14:14:18 | node_35 | INFO ] 🚂 Round 89: Client training...
[ 2026-03-06 14:14:18 | node_18 | INFO ] 📈 Evaluated. Results: {'test_loss': 0.0008112987852655351, 'test_acc': 1.0, 'test_precision': 1.0, 'test_recall': 1.0, 'test_f1': 1.0, 'communication_cost': 0}
[ 2026-03-06 14:14:18 | node_34 | INFO ] 📈 Evaluated. Results: {'test_loss': 0.3082612156867981, 'test_acc': 0.9750000238418579, 'test_precision': 0.9725714325904846, 'test_recall': 0.9751490950584412, 'test_f1': 0.9715635180473328, 'communication_cost': 0}
[ 2026-03-06 14:14:18 | node_16 | INFO ] 📈 Evaluated. Results: {'test_loss': 0.24262939393520355, 'test_acc': 0.9800000190734863, 'test_precision': 0.9841221570968628, 'test_recall': 0.9815706014633179, 'test_f1': 0.9818600416183472, 'communication_cost': 0}
[ 2026-03-06 14:14:18 | node_24 | INFO ] 📈 Evaluated. Results: {'test_loss': 0.04551876708865166, 'test_acc': 0.9850000143051147, 'test_precision': 0.9851720929145813, 'test_recall': 0.9839254021644592, 'test_f1': 0.9841287136077881, 'communication_cost': 0}
[ 2026-03-06 14:14:18 | node_26 | INFO ] 📈 Evaluated. Results: {'test_loss': 0.24308651685714722, 'test_acc': 0.9649999737739563, 'test_precision': 0.9607238173484802, 'test_recall': 0.9678034782409668, 'test_f1': 0.962436854839325, 'communication_cost': 0}
[ 2026-03-06 14:14:18 | node_20 | INFO ] 📈 Evaluated. Results: {'test_loss': 0.39837417006492615, 'test_acc': 0.9599999785423279, 'test_precision': 0.9668705463409424, 'test_recall': 0.9583454728126526, 'test_f1': 0.9595519304275513, 'communication_cost': 0}
[ 2026-03-06 14:14:18 | node_23 | INFO ] 📈 Evaluated. Results: {'test_loss': 0.2391788810491562, 'test_acc': 0.9750000238418579, 'test_precision': 0.9682769775390625, 'test_recall': 0.9789887070655823, 'test_f1': 0.9716722369194031, 'communication_cost': 0}
[ 2026-03-06 14:14:18 | node_22 | INFO ] 📈 Evaluated. Results: {'test_loss': 0.22952772676944733, 'test_acc': 0.9800000190734863, 'test_precision': 0.979726254940033, 'test_recall': 0.9808332920074463, 'test_f1': 0.9796524047851562, 'communication_cost': 0}
[ 2026-03-06 14:14:18 | node_17 | INFO ] 📈 Evaluated. Results: {'test_loss': 0.11723314225673676, 'test_acc': 0.9900000095367432, 'test_precision': 0.9925333261489868, 'test_recall': 0.9917333126068115, 'test_f1': 0.9920278191566467, 'communication_cost': 0}
[ 2026-03-06 14:14:18 | node_14 | INFO ] 📈 Evaluated. Results: {'test_loss': 0.19415481388568878, 'test_acc': 0.9750000238418579, 'test_precision': 0.975165843963623, 'test_recall': 0.9733642339706421, 'test_f1': 0.9730983972549438, 'communication_cost': 0}
[ 2026-03-06 14:14:18 | node_7 | INFO ] 🚂 Round 89: Client training...
[ 2026-03-06 14:14:18 | node_15 | INFO ] 🚂 Round 89: Client training...
[ 2026-03-06 14:14:18 | node_29 | INFO ] 📈 Evaluated. Results: {'test_loss': 0.4896978437900543, 'test_acc': 0.9750000238418579, 'test_precision': 0.9724958539009094, 'test_recall': 0.9741279482841492, 'test_f1': 0.9711704850196838, 'communication_cost': 0}
[ 2026-03-06 14:14:18 | node_12 | INFO ] 📈 Evaluated. Results: {'test_loss': 0.09177348017692566, 'test_acc': 0.9900000095367432, 'test_precision': 0.9905769228935242, 'test_recall': 0.9896162152290344, 'test_f1': 0.9895610213279724, 'communication_cost': 0}
[ 2026-03-06 14:14:18 | node_19 | INFO ] 🚂 Round 89: Client training...
[ 2026-03-06 14:14:18 | node_43 | INFO ] 🔬 Evaluating...
[ 2026-03-06 14:14:18 | node_28 | INFO ] 📈 Evaluated. Results: {'test_loss': 0.24249520897865295, 'test_acc': 0.9700000286102295, 'test_precision': 0.97125244140625, 'test_recall': 0.9690340161323547, 'test_f1': 0.9686510562896729, 'communication_cost': 0}
[ 2026-03-06 14:14:19 | node_13 | INFO ] 🚂 Round 89: Client training...
[ 2026-03-06 14:14:19 | node_11 | INFO ] 🚂 Round 89: Client training...
[ 2026-03-06 14:14:19 | node_18 | INFO ] 🚂 Round 89: Client training...
[ 2026-03-06 14:14:19 | node_34 | INFO ] 🚂 Round 89: Client training...
[ 2026-03-06 14:14:19 | node_32 | INFO ] 📈 Evaluated. Results: {'test_loss': 0.2614971697330475, 'test_acc': 0.9750000238418579, 'test_precision': 0.9760888814926147, 'test_recall': 0.9725828766822815, 'test_f1': 0.9732062816619873, 'communication_cost': 0}
[ 2026-03-06 14:14:19 | node_27 | INFO ] 📈 Evaluated. Results: {'test_loss': 0.07335521280765533, 'test_acc': 0.9950000047683716, 'test_precision': 0.9955000281333923, 'test_recall': 0.9910000562667847, 'test_f1': 0.9924571514129639, 'communication_cost': 0}
[ 2026-03-06 14:14:19 | node_25 | INFO ] 📈 Evaluated. Results: {'test_loss': 0.43897372484207153, 'test_acc': 0.9750000238418579, 'test_precision': 0.9763789176940918, 'test_recall': 0.9758769273757935, 'test_f1': 0.9752805829048157, 'communication_cost': 0}
[ 2026-03-06 14:14:19 | node_31 | INFO ] 📈 Evaluated. Results: {'test_loss': 0.08495647460222244, 'test_acc': 0.9850000143051147, 'test_precision': 0.9841158986091614, 'test_recall': 0.9845286011695862, 'test_f1': 0.9834843277931213, 'communication_cost': 0}
[ 2026-03-06 14:14:19 | node_30 | INFO ] 📈 Evaluated. Results: {'test_loss': 0.5626454949378967, 'test_acc': 0.9700000286102295, 'test_precision': 0.9675905108451843, 'test_recall': 0.9715458750724792, 'test_f1': 0.9671987295150757, 'communication_cost': 0}
[ 2026-03-06 14:14:19 | node_16 | INFO ] 🚂 Round 89: Client training...
[ 2026-03-06 14:14:19 | node_41 | INFO ] 📈 Evaluated. Results: {'test_loss': 0.16322222352027893, 'test_acc': 0.9850000143051147, 'test_precision': 0.9868571758270264, 'test_recall': 0.98638916015625, 'test_f1': 0.9861353039741516, 'communication_cost': 0}
[ 2026-03-06 14:14:19 | node_26 | INFO ] 🚂 Round 89: Client training...
[ 2026-03-06 14:14:19 | node_24 | INFO ] 🚂 Round 89: Client training...
[ 2026-03-06 14:14:19 | node_23 | INFO ] 🚂 Round 89: Client training...
[ 2026-03-06 14:14:19 | node_20 | INFO ] 🚂 Round 89: Client training...
[ 2026-03-06 14:14:19 | node_22 | INFO ] 🚂 Round 89: Client training...
[ 2026-03-06 14:14:19 | node_14 | INFO ] 🚂 Round 89: Client training...
[ 2026-03-06 14:14:19 | node_17 | INFO ] 🚂 Round 89: Client training...
[ 2026-03-06 14:14:19 | node_29 | INFO ] 🚂 Round 89: Client training...
[ 2026-03-06 14:14:19 | node_12 | INFO ] 🚂 Round 89: Client training...
[ 2026-03-06 14:14:19 | node_28 | INFO ] 🚂 Round 89: Client training...
[ 2026-03-06 14:14:19 | node_42 | INFO ] 📈 Evaluated. Results: {'test_loss': 0.4435935616493225, 'test_acc': 0.9700000286102295, 'test_precision': 0.9754965305328369, 'test_recall': 0.9670151472091675, 'test_f1': 0.9688677787780762, 'communication_cost': 0}
[ 2026-03-06 14:14:19 | node_44 | INFO ] 🔬 Evaluating...
[ 2026-03-06 14:14:19 | node_32 | INFO ] 🚂 Round 89: Client training...
[ 2026-03-06 14:14:19 | node_25 | INFO ] 🚂 Round 89: Client training...
[ 2026-03-06 14:14:19 | node_31 | INFO ] 🚂 Round 89: Client training...
[ 2026-03-06 14:14:19 | node_27 | INFO ] 🚂 Round 89: Client training...
[ 2026-03-06 14:14:19 | node_30 | INFO ] 🚂 Round 89: Client training...
[ 2026-03-06 14:14:19 | node_41 | INFO ] 🚂 Round 89: Client training...
[ 2026-03-06 14:14:19 | node_45 | INFO ] 🔬 Evaluating...
[ 2026-03-06 14:14:19 | node_43 | INFO ] 📈 Evaluated. Results: {'test_loss': 0.5962499976158142, 'test_acc': 0.9750000238418579, 'test_precision': 0.9716587662696838, 'test_recall': 0.9740000367164612, 'test_f1': 0.9709991216659546, 'communication_cost': 0}
[ 2026-03-06 14:14:19 | node_42 | INFO ] 🚂 Round 89: Client training...
[ 2026-03-06 14:14:20 | node_46 | INFO ] 🔬 Evaluating...
[ 2026-03-06 14:14:20 | node_43 | INFO ] 🚂 Round 89: Client training...
[ 2026-03-06 14:14:20 | node_44 | INFO ] 📈 Evaluated. Results: {'test_loss': 0.24744434654712677, 'test_acc': 0.9549999833106995, 'test_precision': 0.9526840448379517, 'test_recall': 0.9538499712944031, 'test_f1': 0.9523746967315674, 'communication_cost': 0}
[ 2026-03-06 14:14:20 | node_45 | INFO ] 📈 Evaluated. Results: {'test_loss': 0.7508081793785095, 'test_acc': 0.9700000286102295, 'test_precision': 0.9691026210784912, 'test_recall': 0.9671341180801392, 'test_f1': 0.9665020704269409, 'communication_cost': 0}
[ 2026-03-06 14:14:20 | node_44 | INFO ] 🚂 Round 89: Client training...
[ 2026-03-06 14:14:20 | node_45 | INFO ] 🚂 Round 89: Client training...
[ 2026-03-06 14:14:20 | node_46 | INFO ] 📈 Evaluated. Results: {'test_loss': 0.265755295753479, 'test_acc': 0.9750000238418579, 'test_precision': 0.9732000827789307, 'test_recall': 0.9748716950416565, 'test_f1': 0.971651017665863, 'communication_cost': 0}
[ 2026-03-06 14:14:20 | node_47 | INFO ] 🔬 Evaluating...
[ 2026-03-06 14:14:20 | node_46 | INFO ] 🚂 Round 89: Client training...
[ 2026-03-06 14:14:20 | node_47 | INFO ] 📈 Evaluated. Results: {'test_loss': 0.30995312333106995, 'test_acc': 0.9700000286102295, 'test_precision': 0.9698619246482849, 'test_recall': 0.9730007648468018, 'test_f1': 0.9693889021873474, 'communication_cost': 0}
[ 2026-03-06 14:14:20 | node_47 | INFO ] 🚂 Round 89: Client training...
[ 2026-03-06 14:14:21 | node | INFO ] ⏳ Round 89: Server waiting for 49 updates.
[ 2026-03-06 14:14:21 | node | INFO ] ♻️ Proactively processing 46 early models for round 89.
[ 2026-03-06 14:14:21 | node | INFO ] 🧩 Model added for round 89 (1/49) from ['node_6']
[ 2026-03-06 14:14:21 | node | INFO ] 🧩 Model added for round 89 (2/49) from ['node_1']
[ 2026-03-06 14:14:21 | node | INFO ] 🧩 Model added for round 89 (3/49) from ['node_3']
[ 2026-03-06 14:14:21 | node | INFO ] 🧩 Model added for round 89 (4/49) from ['node_2']
[ 2026-03-06 14:14:21 | node | INFO ] 🧩 Model added for round 89 (5/49) from ['node_9']
[ 2026-03-06 14:14:21 | node | INFO ] 🧩 Model added for round 89 (6/49) from ['node_5']
[ 2026-03-06 14:14:21 | node | INFO ] 🧩 Model added for round 89 (7/49) from ['node_21']
[ 2026-03-06 14:14:21 | node | INFO ] 🧩 Model added for round 89 (8/49) from ['node_4']
[ 2026-03-06 14:14:21 | node | INFO ] 🧩 Model added for round 89 (9/49) from ['node_33']
[ 2026-03-06 14:14:21 | node | INFO ] 🧩 Model added for round 89 (10/49) from ['node_36']
[ 2026-03-06 14:14:21 | node | INFO ] 🧩 Model added for round 89 (11/49) from ['node_37']
[ 2026-03-06 14:14:21 | node | INFO ] 🧩 Model added for round 89 (12/49) from ['node_39']
[ 2026-03-06 14:14:21 | node | INFO ] 🧩 Model added for round 89 (13/49) from ['node_38']
[ 2026-03-06 14:14:21 | node | INFO ] 🧩 Model added for round 89 (14/49) from ['node_40']
[ 2026-03-06 14:14:21 | node | INFO ] 🧩 Model added for round 89 (15/49) from ['node_8']
[ 2026-03-06 14:14:21 | node | INFO ] 🧩 Model added for round 89 (16/49) from ['node_35']
[ 2026-03-06 14:14:21 | node | INFO ] 🧩 Model added for round 89 (17/49) from ['node_10']
[ 2026-03-06 14:14:21 | node | INFO ] 🧩 Model added for round 89 (18/49) from ['node_15']
[ 2026-03-06 14:14:21 | node | INFO ] 🧩 Model added for round 89 (19/49) from ['node_7']
[ 2026-03-06 14:14:21 | node | INFO ] 🧩 Model added for round 89 (20/49) from ['node_19']
[ 2026-03-06 14:14:21 | node | INFO ] 🧩 Model added for round 89 (21/49) from ['node_34']
[ 2026-03-06 14:14:21 | node | INFO ] 🧩 Model added for round 89 (22/49) from ['node_18']
[ 2026-03-06 14:14:21 | node | INFO ] 🧩 Model added for round 89 (23/49) from ['node_23']
[ 2026-03-06 14:14:21 | node | INFO ] 🧩 Model added for round 89 (24/49) from ['node_13']
[ 2026-03-06 14:14:21 | node | INFO ] 🧩 Model added for round 89 (25/49) from ['node_11']
[ 2026-03-06 14:14:21 | node | INFO ] 🧩 Model added for round 89 (26/49) from ['node_16']
[ 2026-03-06 14:14:21 | node | INFO ] 🧩 Model added for round 89 (27/49) from ['node_20']
[ 2026-03-06 14:14:21 | node | INFO ] 🧩 Model added for round 89 (28/49) from ['node_24']
[ 2026-03-06 14:14:21 | node | INFO ] 🧩 Model added for round 89 (29/49) from ['node_22']
[ 2026-03-06 14:14:21 | node | INFO ] 🧩 Model added for round 89 (30/49) from ['node_26']
[ 2026-03-06 14:14:21 | node | INFO ] 🧩 Model added for round 89 (31/49) from ['node_29']
[ 2026-03-06 14:14:21 | node | INFO ] 🧩 Model added for round 89 (32/49) from ['node_17']
[ 2026-03-06 14:14:21 | node | INFO ] 🧩 Model added for round 89 (33/49) from ['node_31']
[ 2026-03-06 14:14:21 | node | INFO ] 🧩 Model added for round 89 (34/49) from ['node_30']
[ 2026-03-06 14:14:21 | node | INFO ] 🧩 Model added for round 89 (35/49) from ['node_41']
[ 2026-03-06 14:14:21 | node | INFO ] 🧩 Model added for round 89 (36/49) from ['node_27']
[ 2026-03-06 14:14:21 | node | INFO ] 🧩 Model added for round 89 (37/49) from ['node_14']
[ 2026-03-06 14:14:21 | node | INFO ] 🧩 Model added for round 89 (38/49) from ['node_25']
[ 2026-03-06 14:14:21 | node | INFO ] 🧩 Model added for round 89 (39/49) from ['node_32']
[ 2026-03-06 14:14:21 | node | INFO ] 🧩 Model added for round 89 (40/49) from ['node_12']
[ 2026-03-06 14:14:21 | node | INFO ] 🧩 Model added for round 89 (41/49) from ['node_28']
[ 2026-03-06 14:14:21 | node | INFO ] 🧩 Model added for round 89 (42/49) from ['node_42']
[ 2026-03-06 14:14:21 | node | INFO ] 🧩 Model added for round 89 (43/49) from ['node_43']
[ 2026-03-06 14:14:21 | node | INFO ] 🧩 Model added for round 89 (44/49) from ['node_45']
[ 2026-03-06 14:14:21 | node | INFO ] 🧩 Model added for round 89 (45/49) from ['node_44']
[ 2026-03-06 14:14:21 | node | INFO ] 🧩 Model added for round 89 (46/49) from ['node_46']
[ 2026-03-06 14:14:21 | node | INFO ] 🧩 Model added for round 89 (47/49) from ['node_47']
[ 2026-03-06 14:14:21 | node_49 | INFO ] 🔬 Evaluating...
[ 2026-03-06 14:14:21 | node_48 | INFO ] 🔬 Evaluating...
[ 2026-03-06 14:14:21 | node_49 | INFO ] 📈 Evaluated. Results: {'test_loss': 0.30246829986572266, 'test_acc': 0.9649999737739563, 'test_precision': 0.9712424278259277, 'test_recall': 0.9624881148338318, 'test_f1': 0.964585542678833, 'communication_cost': 0}
[ 2026-03-06 14:14:21 | node_49 | INFO ] 🚂 Round 89: Client training...
[ 2026-03-06 14:14:21 | node_48 | INFO ] 📈 Evaluated. Results: {'test_loss': 0.21312874555587769, 'test_acc': 0.9750000238418579, 'test_precision': 0.9758647084236145, 'test_recall': 0.9770991802215576, 'test_f1': 0.9747763276100159, 'communication_cost': 0}
[ 2026-03-06 14:14:21 | node_48 | INFO ] 🚂 Round 89: Client training...
[ 2026-03-06 14:14:21 | node | INFO ] 🧩 Model added for round 89 (48/49) from ['node_49']
[ 2026-03-06 14:14:21 | node | INFO ] 🧩 Model added for round 89 (49/49) from ['node_48']
[ 2026-03-06 14:14:22 | node | INFO ] 🔬 Evaluating...
[ 2026-03-06 14:14:22 | node | INFO ] 📈 Evaluated. Results: {'test_loss': 0.19473543763160706, 'test_acc': 0.9900000095367432, 'test_precision': 0.9874666333198547, 'test_recall': 0.9847999811172485, 'test_f1': 0.9849507212638855, 'communication_cost': 46110666}
[ 2026-03-06 14:14:22 | node_4 | INFO ] 🔬 Evaluating...
[ 2026-03-06 14:14:22 | node_1 | INFO ] 🔬 Evaluating...
[ 2026-03-06 14:14:22 | node_3 | INFO ] 🔬 Evaluating...
[ 2026-03-06 14:14:22 | node_33 | INFO ] 🔬 Evaluating...
[ 2026-03-06 14:14:22 | node_4 | INFO ] 📈 Evaluated. Results: {'test_loss': 0.0665007010102272, 'test_acc': 0.9850000143051147, 'test_precision': 0.984576940536499, 'test_recall': 0.9875769019126892, 'test_f1': 0.9852420091629028, 'communication_cost': 0}
[ 2026-03-06 14:14:22 | node_36 | INFO ] 🔬 Evaluating...
[ 2026-03-06 14:14:22 | node_6 | INFO ] 🔬 Evaluating...
[ 2026-03-06 14:14:22 | node_10 | INFO ] 🔬 Evaluating...
[ 2026-03-06 14:14:22 | node_8 | INFO ] 🔬 Evaluating...
[ 2026-03-06 14:14:22 | node_35 | INFO ] 🔬 Evaluating...
[ 2026-03-06 14:14:22 | node_4 | INFO ] 🚂 Round 90: Client training...
[ 2026-03-06 14:14:22 | node_9 | INFO ] 🔬 Evaluating...
[ 2026-03-06 14:14:22 | node_2 | INFO ] 🔬 Evaluating...
[ 2026-03-06 14:14:22 | node_19 | INFO ] 🔬 Evaluating...
[ 2026-03-06 14:14:22 | node_15 | INFO ] 🔬 Evaluating...
[ 2026-03-06 14:14:22 | node_34 | INFO ] 🔬 Evaluating...
[ 2026-03-06 14:14:22 | node_11 | INFO ] 🔬 Evaluating...
[ 2026-03-06 14:14:22 | node_18 | INFO ] 🔬 Evaluating...
[ 2026-03-06 14:14:22 | node_13 | INFO ] 🔬 Evaluating...
[ 2026-03-06 14:14:22 | node_23 | INFO ] 🔬 Evaluating...
[ 2026-03-06 14:14:22 | node_7 | INFO ] 🔬 Evaluating...
[ 2026-03-06 14:14:22 | node_31 | INFO ] 🔬 Evaluating...
[ 2026-03-06 14:14:22 | node_16 | INFO ] 🔬 Evaluating...
[ 2026-03-06 14:14:22 | node_22 | INFO ] 🔬 Evaluating...
[ 2026-03-06 14:14:22 | node_41 | INFO ] 🔬 Evaluating...
[ 2026-03-06 14:14:22 | node_27 | INFO ] 🔬 Evaluating...
[ 2026-03-06 14:14:22 | node_30 | INFO ] 🔬 Evaluating...
[ 2026-03-06 14:14:22 | node_24 | INFO ] 🔬 Evaluating...
[ 2026-03-06 14:14:22 | node_12 | INFO ] 🔬 Evaluating...
[ 2026-03-06 14:14:22 | node_25 | INFO ] 🔬 Evaluating...
[ 2026-03-06 14:14:22 | node_26 | INFO ] 🔬 Evaluating...
[ 2026-03-06 14:14:22 | node_1 | INFO ] 📈 Evaluated. Results: {'test_loss': 0.5242442488670349, 'test_acc': 0.9700000286102295, 'test_precision': 0.9686102867126465, 'test_recall': 0.9698072671890259, 'test_f1': 0.9674612283706665, 'communication_cost': 0}
[ 2026-03-06 14:14:22 | node_20 | INFO ] 🔬 Evaluating...
[ 2026-03-06 14:14:22 | node_17 | INFO ] 🔬 Evaluating...
[ 2026-03-06 14:14:22 | node_32 | INFO ] 🔬 Evaluating...
[ 2026-03-06 14:14:22 | node_28 | INFO ] 🔬 Evaluating...
[ 2026-03-06 14:14:22 | node_29 | INFO ] 🔬 Evaluating...
[ 2026-03-06 14:14:22 | node_3 | INFO ] 📈 Evaluated. Results: {'test_loss': 0.14442186057567596, 'test_acc': 0.9750000238418579, 'test_precision': 0.9711019992828369, 'test_recall': 0.9735333323478699, 'test_f1': 0.9700840711593628, 'communication_cost': 0}
[ 2026-03-06 14:14:22 | node_14 | INFO ] 🔬 Evaluating...
[ 2026-03-06 14:14:22 | node_33 | INFO ] 📈 Evaluated. Results: {'test_loss': 0.14088553190231323, 'test_acc': 0.9700000286102295, 'test_precision': 0.9759515523910522, 'test_recall': 0.9611538648605347, 'test_f1': 0.9664178490638733, 'communication_cost': 0}
[ 2026-03-06 14:14:22 | node_35 | INFO ] 📈 Evaluated. Results: {'test_loss': 0.2603428363800049, 'test_acc': 0.9850000143051147, 'test_precision': 0.9827000498771667, 'test_recall': 0.9842284917831421, 'test_f1': 0.9824283123016357, 'communication_cost': 0}
[ 2026-03-06 14:14:22 | node_6 | INFO ] 📈 Evaluated. Results: {'test_loss': 0.27784794569015503, 'test_acc': 0.9700000286102295, 'test_precision': 0.9758285284042358, 'test_recall': 0.9695819020271301, 'test_f1': 0.9707696437835693, 'communication_cost': 0}
[ 2026-03-06 14:14:22 | node_9 | INFO ] 📈 Evaluated. Results: {'test_loss': 0.1407887041568756, 'test_acc': 0.9850000143051147, 'test_precision': 0.9873122572898865, 'test_recall': 0.9876638650894165, 'test_f1': 0.9870697259902954, 'communication_cost': 0}
[ 2026-03-06 14:14:22 | node_2 | INFO ] 📈 Evaluated. Results: {'test_loss': 0.08676044642925262, 'test_acc': 0.9800000190734863, 'test_precision': 0.978827714920044, 'test_recall': 0.9749693274497986, 'test_f1': 0.9761930704116821, 'communication_cost': 0}
[ 2026-03-06 14:14:22 | node_10 | INFO ] 📈 Evaluated. Results: {'test_loss': 0.25823917984962463, 'test_acc': 0.9900000095367432, 'test_precision': 0.9900951981544495, 'test_recall': 0.9900951981544495, 'test_f1': 0.9899259209632874, 'communication_cost': 0}
[ 2026-03-06 14:14:22 | node_8 | INFO ] 📈 Evaluated. Results: {'test_loss': 0.28246742486953735, 'test_acc': 0.9750000238418579, 'test_precision': 0.9782221913337708, 'test_recall': 0.9746875166893005, 'test_f1': 0.9748017191886902, 'communication_cost': 0}
[ 2026-03-06 14:14:22 | node_41 | INFO ] 📈 Evaluated. Results: {'test_loss': 0.15065529942512512, 'test_acc': 0.9850000143051147, 'test_precision': 0.9868571758270264, 'test_recall': 0.98638916015625, 'test_f1': 0.9861353039741516, 'communication_cost': 0}
[ 2026-03-06 14:14:22 | node_36 | INFO ] 📈 Evaluated. Results: {'test_loss': 0.003597184317186475, 'test_acc': 1.0, 'test_precision': 1.0, 'test_recall': 1.0, 'test_f1': 1.0, 'communication_cost': 0}
[ 2026-03-06 14:14:22 | node_1 | INFO ] 🚂 Round 90: Client training...
[ 2026-03-06 14:14:22 | node_21 | INFO ] 🔬 Evaluating...
[ 2026-03-06 14:14:22 | node_5 | INFO ] 🔬 Evaluating...
[ 2026-03-06 14:14:22 | node_33 | INFO ] 🚂 Round 90: Client training...
[ 2026-03-06 14:14:22 | node_9 | INFO ] 🚂 Round 90: Client training...
[ 2026-03-06 14:14:22 | node_6 | INFO ] 🚂 Round 90: Client training...
[ 2026-03-06 14:14:22 | node_16 | INFO ] 📈 Evaluated. Results: {'test_loss': 0.19641031324863434, 'test_acc': 0.9800000190734863, 'test_precision': 0.9841221570968628, 'test_recall': 0.9815706014633179, 'test_f1': 0.9818600416183472, 'communication_cost': 0}
[ 2026-03-06 14:14:22 | node_3 | INFO ] 🚂 Round 90: Client training...
[ 2026-03-06 14:14:22 | node_2 | INFO ] 🚂 Round 90: Client training...
[ 2026-03-06 14:14:22 | node_10 | INFO ] 🚂 Round 90: Client training...
[ 2026-03-06 14:14:22 | node_35 | INFO ] 🚂 Round 90: Client training...
[ 2026-03-06 14:14:22 | node_36 | INFO ] 🚂 Round 90: Client training...
[ 2026-03-06 14:14:22 | node_37 | INFO ] 🔬 Evaluating...
[ 2026-03-06 14:14:22 | node_39 | INFO ] 🔬 Evaluating...
[ 2026-03-06 14:14:22 | node_27 | INFO ] 📈 Evaluated. Results: {'test_loss': 0.06253416836261749, 'test_acc': 0.9950000047683716, 'test_precision': 0.9955000281333923, 'test_recall': 0.9910000562667847, 'test_f1': 0.9924571514129639, 'communication_cost': 0}
[ 2026-03-06 14:14:22 | node_38 | INFO ] 🔬 Evaluating...
[ 2026-03-06 14:14:22 | node_40 | INFO ] 🔬 Evaluating...
[ 2026-03-06 14:14:22 | node_8 | INFO ] 🚂 Round 90: Client training...
[ 2026-03-06 14:14:23 | node_42 | INFO ] 🔬 Evaluating...
[ 2026-03-06 14:14:23 | node_41 | INFO ] 🚂 Round 90: Client training...
[ 2026-03-06 14:14:23 | node_17 | INFO ] 📈 Evaluated. Results: {'test_loss': 0.08771274238824844, 'test_acc': 0.9900000095367432, 'test_precision': 0.9925333261489868, 'test_recall': 0.9917333126068115, 'test_f1': 0.9920278191566467, 'communication_cost': 0}
[ 2026-03-06 14:14:23 | node_13 | INFO ] 📈 Evaluated. Results: {'test_loss': 0.4394400119781494, 'test_acc': 0.9700000286102295, 'test_precision': 0.9687445163726807, 'test_recall': 0.9687647819519043, 'test_f1': 0.9675646424293518, 'communication_cost': 0}
[ 2026-03-06 14:14:23 | node_16 | INFO ] 🚂 Round 90: Client training...
[ 2026-03-06 14:14:23 | node_24 | INFO ] 📈 Evaluated. Results: {'test_loss': 0.058723416179418564, 'test_acc': 0.9750000238418579, 'test_precision': 0.9758691191673279, 'test_recall': 0.9725921154022217, 'test_f1': 0.9735057353973389, 'communication_cost': 0}
[ 2026-03-06 14:14:23 | node_27 | INFO ] 🚂 Round 90: Client training...
[ 2026-03-06 14:14:23 | node_11 | INFO ] 📈 Evaluated. Results: {'test_loss': 0.4645613729953766, 'test_acc': 0.9750000238418579, 'test_precision': 0.9739538431167603, 'test_recall': 0.9724674224853516, 'test_f1': 0.9720712304115295, 'communication_cost': 0}
[ 2026-03-06 14:14:23 | node_34 | INFO ] 📈 Evaluated. Results: {'test_loss': 0.30042529106140137, 'test_acc': 0.9750000238418579, 'test_precision': 0.9725714325904846, 'test_recall': 0.9751490950584412, 'test_f1': 0.9715635180473328, 'communication_cost': 0}
[ 2026-03-06 14:14:23 | node_17 | INFO ] 🚂 Round 90: Client training...
[ 2026-03-06 14:14:23 | node_43 | INFO ] 🔬 Evaluating...
[ 2026-03-06 14:14:23 | node_13 | INFO ] 🚂 Round 90: Client training...
[ 2026-03-06 14:14:23 | node_18 | INFO ] 📈 Evaluated. Results: {'test_loss': 0.0022605552803725004, 'test_acc': 1.0, 'test_precision': 1.0, 'test_recall': 1.0, 'test_f1': 1.0, 'communication_cost': 0}
[ 2026-03-06 14:14:23 | node_24 | INFO ] 🚂 Round 90: Client training...
[ 2026-03-06 14:14:23 | node_32 | INFO ] 📈 Evaluated. Results: {'test_loss': 0.3124476969242096, 'test_acc': 0.9750000238418579, 'test_precision': 0.9760888814926147, 'test_recall': 0.9725828766822815, 'test_f1': 0.9732062816619873, 'communication_cost': 0}
[ 2026-03-06 14:14:23 | node_30 | INFO ] 📈 Evaluated. Results: {'test_loss': 0.5134969353675842, 'test_acc': 0.9700000286102295, 'test_precision': 0.9675905108451843, 'test_recall': 0.9715458750724792, 'test_f1': 0.9671987295150757, 'communication_cost': 0}
[ 2026-03-06 14:14:23 | node_22 | INFO ] 📈 Evaluated. Results: {'test_loss': 0.21204322576522827, 'test_acc': 0.9750000238418579, 'test_precision': 0.976226270198822, 'test_recall': 0.9748333692550659, 'test_f1': 0.9742796421051025, 'communication_cost': 0}
[ 2026-03-06 14:14:23 | node_11 | INFO ] 🚂 Round 90: Client training...
[ 2026-03-06 14:14:23 | node_19 | INFO ] 📈 Evaluated. Results: {'test_loss': 0.07004886865615845, 'test_acc': 0.9850000143051147, 'test_precision': 0.984844446182251, 'test_recall': 0.9824444651603699, 'test_f1': 0.9827436804771423, 'communication_cost': 0}
[ 2026-03-06 14:14:23 | node_31 | INFO ] 📈 Evaluated. Results: {'test_loss': 0.10407958924770355, 'test_acc': 0.9800000190734863, 'test_precision': 0.9781159162521362, 'test_recall': 0.978528618812561, 'test_f1': 0.9774843454360962, 'communication_cost': 0}
[ 2026-03-06 14:14:23 | node_34 | INFO ] 🚂 Round 90: Client training...
[ 2026-03-06 14:14:23 | node_28 | INFO ] 📈 Evaluated. Results: {'test_loss': 0.21603913605213165, 'test_acc': 0.9700000286102295, 'test_precision': 0.97125244140625, 'test_recall': 0.9690340161323547, 'test_f1': 0.9686510562896729, 'communication_cost': 0}
[ 2026-03-06 14:14:23 | node_18 | INFO ] 🚂 Round 90: Client training...
[ 2026-03-06 14:14:23 | node_26 | INFO ] 📈 Evaluated. Results: {'test_loss': 0.2486296147108078, 'test_acc': 0.9649999737739563, 'test_precision': 0.9607238173484802, 'test_recall': 0.9678034782409668, 'test_f1': 0.962436854839325, 'communication_cost': 0}
[ 2026-03-06 14:14:23 | node_7 | INFO ] 📈 Evaluated. Results: {'test_loss': 0.06907492130994797, 'test_acc': 0.9950000047683716, 'test_precision': 0.9950768947601318, 'test_recall': 0.9957333207130432, 'test_f1': 0.9952331781387329, 'communication_cost': 0}
[ 2026-03-06 14:14:23 | node_25 | INFO ] 📈 Evaluated. Results: {'test_loss': 0.4022020101547241, 'test_acc': 0.9800000190734863, 'test_precision': 0.9809971451759338, 'test_recall': 0.9808000326156616, 'test_f1': 0.9798930287361145, 'communication_cost': 0}
[ 2026-03-06 14:14:23 | node_23 | INFO ] 📈 Evaluated. Results: {'test_loss': 0.20052741467952728, 'test_acc': 0.9850000143051147, 'test_precision': 0.9810769557952881, 'test_recall': 0.9875600934028625, 'test_f1': 0.9834005236625671, 'communication_cost': 0}
[ 2026-03-06 14:14:23 | node_12 | INFO ] 📈 Evaluated. Results: {'test_loss': 0.11749424040317535, 'test_acc': 0.9900000095367432, 'test_precision': 0.9905769228935242, 'test_recall': 0.9896162152290344, 'test_f1': 0.9895610213279724, 'communication_cost': 0}
[ 2026-03-06 14:14:23 | node_20 | INFO ] 📈 Evaluated. Results: {'test_loss': 0.4094589948654175, 'test_acc': 0.9599999785423279, 'test_precision': 0.9671134352684021, 'test_recall': 0.9579454064369202, 'test_f1': 0.95992112159729, 'communication_cost': 0}
[ 2026-03-06 14:14:23 | node_29 | INFO ] 📈 Evaluated. Results: {'test_loss': 0.4322236180305481, 'test_acc': 0.9750000238418579, 'test_precision': 0.9718396067619324, 'test_recall': 0.9741279482841492, 'test_f1': 0.9710142612457275, 'communication_cost': 0}
[ 2026-03-06 14:14:23 | node_14 | INFO ] 📈 Evaluated. Results: {'test_loss': 0.1872796267271042, 'test_acc': 0.9750000238418579, 'test_precision': 0.9748610854148865, 'test_recall': 0.9737159013748169, 'test_f1': 0.9735071659088135, 'communication_cost': 0}
[ 2026-03-06 14:14:23 | node_32 | INFO ] 🚂 Round 90: Client training...
[ 2026-03-06 14:14:24 | node_15 | INFO ] 📈 Evaluated. Results: {'test_loss': 0.26534926891326904, 'test_acc': 0.9950000047683716, 'test_precision': 0.9957333207130432, 'test_recall': 0.9908571839332581, 'test_f1': 0.992870032787323, 'communication_cost': 0}
[ 2026-03-06 14:14:24 | node_30 | INFO ] 🚂 Round 90: Client training...
[ 2026-03-06 14:14:24 | node_22 | INFO ] 🚂 Round 90: Client training...
[ 2026-03-06 14:14:24 | node_31 | INFO ] 🚂 Round 90: Client training...
[ 2026-03-06 14:14:24 | node_44 | INFO ] 🔬 Evaluating...
[ 2026-03-06 14:14:24 | node_5 | INFO ] 📈 Evaluated. Results: {'test_loss': 0.1592574268579483, 'test_acc': 0.9900000095367432, 'test_precision': 0.9914999604225159, 'test_recall': 0.9894999861717224, 'test_f1': 0.9898096323013306, 'communication_cost': 0}
[ 2026-03-06 14:14:24 | node_19 | INFO ] 🚂 Round 90: Client training...
[ 2026-03-06 14:14:24 | node_28 | INFO ] 🚂 Round 90: Client training...
[ 2026-03-06 14:14:24 | node_26 | INFO ] 🚂 Round 90: Client training...
[ 2026-03-06 14:14:24 | node_7 | INFO ] 🚂 Round 90: Client training...
[ 2026-03-06 14:14:24 | node_37 | INFO ] 📈 Evaluated. Results: {'test_loss': 0.21691292524337769, 'test_acc': 0.9800000190734863, 'test_precision': 0.9856593608856201, 'test_recall': 0.9774706959724426, 'test_f1': 0.9805801510810852, 'communication_cost': 0}
[ 2026-03-06 14:14:24 | node_25 | INFO ] 🚂 Round 90: Client training...
[ 2026-03-06 14:14:24 | node_21 | INFO ] 📈 Evaluated. Results: {'test_loss': 0.7353809475898743, 'test_acc': 0.9700000286102295, 'test_precision': 0.9713238477706909, 'test_recall': 0.9652230143547058, 'test_f1': 0.9666387438774109, 'communication_cost': 0}
[ 2026-03-06 14:14:24 | node_45 | INFO ] 🔬 Evaluating...
[ 2026-03-06 14:14:24 | node_23 | INFO ] 🚂 Round 90: Client training...
[ 2026-03-06 14:14:24 | node_12 | INFO ] 🚂 Round 90: Client training...
[ 2026-03-06 14:14:24 | node_42 | INFO ] 📈 Evaluated. Results: {'test_loss': 0.4397076368331909, 'test_acc': 0.9700000286102295, 'test_precision': 0.9754965305328369, 'test_recall': 0.9670151472091675, 'test_f1': 0.9688677787780762, 'communication_cost': 0}
[ 2026-03-06 14:14:24 | node_29 | INFO ] 🚂 Round 90: Client training...
[ 2026-03-06 14:14:24 | node_46 | INFO ] 🔬 Evaluating...
[ 2026-03-06 14:14:24 | node_20 | INFO ] 🚂 Round 90: Client training...
[ 2026-03-06 14:14:24 | node_14 | INFO ] 🚂 Round 90: Client training...
[ 2026-03-06 14:14:24 | node_15 | INFO ] 🚂 Round 90: Client training...
[ 2026-03-06 14:14:24 | node_5 | INFO ] 🚂 Round 90: Client training...
[ 2026-03-06 14:14:24 | node_40 | INFO ] 📈 Evaluated. Results: {'test_loss': 0.13019093871116638, 'test_acc': 0.9750000238418579, 'test_precision': 0.9719843864440918, 'test_recall': 0.9799538254737854, 'test_f1': 0.9737693667411804, 'communication_cost': 0}
[ 2026-03-06 14:14:24 | node_37 | INFO ] 🚂 Round 90: Client training...
[ 2026-03-06 14:14:24 | node_21 | INFO ] 🚂 Round 90: Client training...
[ 2026-03-06 14:14:24 | node_39 | INFO ] 📈 Evaluated. Results: {'test_loss': 0.5167624354362488, 'test_acc': 0.9700000286102295, 'test_precision': 0.9709475636482239, 'test_recall': 0.9638769626617432, 'test_f1': 0.9646497964859009, 'communication_cost': 0}
[ 2026-03-06 14:14:24 | node_38 | INFO ] 📈 Evaluated. Results: {'test_loss': 0.4728829860687256, 'test_acc': 0.9700000286102295, 'test_precision': 0.9687965512275696, 'test_recall': 0.9695723056793213, 'test_f1': 0.9675349593162537, 'communication_cost': 0}
[ 2026-03-06 14:14:24 | node_42 | INFO ] 🚂 Round 90: Client training...
[ 2026-03-06 14:14:25 | node_43 | INFO ] 📈 Evaluated. Results: {'test_loss': 0.5713754892349243, 'test_acc': 0.9750000238418579, 'test_precision': 0.9732102751731873, 'test_recall': 0.9740000367164612, 'test_f1': 0.9715969562530518, 'communication_cost': 0}
[ 2026-03-06 14:14:25 | node_47 | INFO ] 🔬 Evaluating...
[ 2026-03-06 14:14:25 | node_40 | INFO ] 🚂 Round 90: Client training...
[ 2026-03-06 14:14:25 | node_39 | INFO ] 🚂 Round 90: Client training...
[ 2026-03-06 14:14:25 | node_38 | INFO ] 🚂 Round 90: Client training...
[ 2026-03-06 14:14:25 | node_44 | INFO ] 📈 Evaluated. Results: {'test_loss': 0.1946936845779419, 'test_acc': 0.9549999833106995, 'test_precision': 0.9514840841293335, 'test_recall': 0.9547072052955627, 'test_f1': 0.9512098431587219, 'communication_cost': 0}
[ 2026-03-06 14:14:25 | node_45 | INFO ] 📈 Evaluated. Results: {'test_loss': 0.6930668354034424, 'test_acc': 0.9700000286102295, 'test_precision': 0.9691026210784912, 'test_recall': 0.9671341180801392, 'test_f1': 0.9665020704269409, 'communication_cost': 0}
[ 2026-03-06 14:14:25 | node_43 | INFO ] 🚂 Round 90: Client training...
[ 2026-03-06 14:14:25 | node_46 | INFO ] 📈 Evaluated. Results: {'test_loss': 0.27039214968681335, 'test_acc': 0.9750000238418579, 'test_precision': 0.9732000827789307, 'test_recall': 0.9748716950416565, 'test_f1': 0.971651017665863, 'communication_cost': 0}
[ 2026-03-06 14:14:25 | node_44 | INFO ] 🚂 Round 90: Client training...
[ 2026-03-06 14:14:25 | node_48 | INFO ] 🔬 Evaluating...
[ 2026-03-06 14:14:25 | node_45 | INFO ] 🚂 Round 90: Client training...
[ 2026-03-06 14:14:25 | node_47 | INFO ] 📈 Evaluated. Results: {'test_loss': 0.32625114917755127, 'test_acc': 0.9700000286102295, 'test_precision': 0.9698619246482849, 'test_recall': 0.9730007648468018, 'test_f1': 0.9693889021873474, 'communication_cost': 0}
[ 2026-03-06 14:14:25 | node_46 | INFO ] 🚂 Round 90: Client training...
[ 2026-03-06 14:14:25 | node_47 | INFO ] 🚂 Round 90: Client training...
[ 2026-03-06 14:14:25 | node_48 | INFO ] 📈 Evaluated. Results: {'test_loss': 0.23278018832206726, 'test_acc': 0.9800000190734863, 'test_precision': 0.9803406000137329, 'test_recall': 0.9808639287948608, 'test_f1': 0.9789193868637085, 'communication_cost': 0}
[ 2026-03-06 14:14:26 | node_48 | INFO ] 🚂 Round 90: Client training...
[ 2026-03-06 14:14:26 | node_49 | INFO ] 🔬 Evaluating...
[ 2026-03-06 14:14:26 | node | INFO ] ⏳ Round 90: Server waiting for 49 updates.
[ 2026-03-06 14:14:26 | node | INFO ] ♻️ Proactively processing 48 early models for round 90.
[ 2026-03-06 14:14:26 | node | INFO ] 🧩 Model added for round 90 (1/49) from ['node_4']
[ 2026-03-06 14:14:26 | node | INFO ] 🧩 Model added for round 90 (2/49) from ['node_6']
[ 2026-03-06 14:14:26 | node | INFO ] 🧩 Model added for round 90 (3/49) from ['node_1']
[ 2026-03-06 14:14:26 | node | INFO ] 🧩 Model added for round 90 (4/49) from ['node_9']
[ 2026-03-06 14:14:26 | node | INFO ] 🧩 Model added for round 90 (5/49) from ['node_2']
[ 2026-03-06 14:14:26 | node | INFO ] 🧩 Model added for round 90 (6/49) from ['node_33']
[ 2026-03-06 14:14:26 | node | INFO ] 🧩 Model added for round 90 (7/49) from ['node_3']
[ 2026-03-06 14:14:26 | node | INFO ] 🧩 Model added for round 90 (8/49) from ['node_8']
[ 2026-03-06 14:14:26 | node | INFO ] 🧩 Model added for round 90 (9/49) from ['node_41']
[ 2026-03-06 14:14:26 | node | INFO ] 🧩 Model added for round 90 (10/49) from ['node_10']
[ 2026-03-06 14:14:26 | node | INFO ] 🧩 Model added for round 90 (11/49) from ['node_35']
[ 2026-03-06 14:14:26 | node | INFO ] 🧩 Model added for round 90 (12/49) from ['node_27']
[ 2026-03-06 14:14:26 | node | INFO ] 🧩 Model added for round 90 (13/49) from ['node_36']
[ 2026-03-06 14:14:26 | node | INFO ] 🧩 Model added for round 90 (14/49) from ['node_11']
[ 2026-03-06 14:14:26 | node | INFO ] 🧩 Model added for round 90 (15/49) from ['node_17']
[ 2026-03-06 14:14:26 | node | INFO ] 🧩 Model added for round 90 (16/49) from ['node_16']
[ 2026-03-06 14:14:26 | node | INFO ] 🧩 Model added for round 90 (17/49) from ['node_32']
[ 2026-03-06 14:14:26 | node | INFO ] 🧩 Model added for round 90 (18/49) from ['node_13']
[ 2026-03-06 14:14:26 | node | INFO ] 🧩 Model added for round 90 (19/49) from ['node_30']
[ 2026-03-06 14:14:26 | node | INFO ] 🧩 Model added for round 90 (20/49) from ['node_24']
[ 2026-03-06 14:14:26 | node | INFO ] 🧩 Model added for round 90 (21/49) from ['node_34']
[ 2026-03-06 14:14:26 | node | INFO ] 🧩 Model added for round 90 (22/49) from ['node_18']
[ 2026-03-06 14:14:26 | node | INFO ] 🧩 Model added for round 90 (23/49) from ['node_19']
[ 2026-03-06 14:14:26 | node | INFO ] 🧩 Model added for round 90 (24/49) from ['node_28']
[ 2026-03-06 14:14:26 | node | INFO ] 🧩 Model added for round 90 (25/49) from ['node_22']
[ 2026-03-06 14:14:26 | node | INFO ] 🧩 Model added for round 90 (26/49) from ['node_7']
[ 2026-03-06 14:14:26 | node | INFO ] 🧩 Model added for round 90 (27/49) from ['node_26']
[ 2026-03-06 14:14:26 | node | INFO ] 🧩 Model added for round 90 (28/49) from ['node_31']
[ 2026-03-06 14:14:26 | node | INFO ] 🧩 Model added for round 90 (29/49) from ['node_25']
[ 2026-03-06 14:14:26 | node | INFO ] 🧩 Model added for round 90 (30/49) from ['node_12']
[ 2026-03-06 14:14:26 | node | INFO ] 🧩 Model added for round 90 (31/49) from ['node_29']
[ 2026-03-06 14:14:26 | node_49 | INFO ] 📈 Evaluated. Results: {'test_loss': 0.3316117227077484, 'test_acc': 0.9649999737739563, 'test_precision': 0.9712424278259277, 'test_recall': 0.9624881148338318, 'test_f1': 0.964585542678833, 'communication_cost': 0}
[ 2026-03-06 14:14:26 | node | INFO ] 🧩 Model added for round 90 (32/49) from ['node_20']
[ 2026-03-06 14:14:26 | node | INFO ] 🧩 Model added for round 90 (33/49) from ['node_14']
[ 2026-03-06 14:14:26 | node_49 | INFO ] 🚂 Round 90: Client training...
[ 2026-03-06 14:14:26 | node | INFO ] 🧩 Model added for round 90 (34/49) from ['node_15']
[ 2026-03-06 14:14:26 | node | INFO ] 🧩 Model added for round 90 (35/49) from ['node_23']
[ 2026-03-06 14:14:26 | node | INFO ] 🧩 Model added for round 90 (36/49) from ['node_5']
[ 2026-03-06 14:14:26 | node | INFO ] 🧩 Model added for round 90 (37/49) from ['node_37']
[ 2026-03-06 14:14:26 | node | INFO ] 🧩 Model added for round 90 (38/49) from ['node_21']
[ 2026-03-06 14:14:26 | node | INFO ] 🧩 Model added for round 90 (39/49) from ['node_39']
[ 2026-03-06 14:14:26 | node | INFO ] 🧩 Model added for round 90 (40/49) from ['node_40']
[ 2026-03-06 14:14:26 | node | INFO ] 🧩 Model added for round 90 (41/49) from ['node_42']
[ 2026-03-06 14:14:26 | node | INFO ] 🧩 Model added for round 90 (42/49) from ['node_38']
[ 2026-03-06 14:14:26 | node | INFO ] 🧩 Model added for round 90 (43/49) from ['node_43']
[ 2026-03-06 14:14:26 | node | INFO ] 🧩 Model added for round 90 (44/49) from ['node_44']
[ 2026-03-06 14:14:26 | node | INFO ] 🧩 Model added for round 90 (45/49) from ['node_45']
[ 2026-03-06 14:14:26 | node | INFO ] 🧩 Model added for round 90 (46/49) from ['node_46']
[ 2026-03-06 14:14:26 | node | INFO ] 🧩 Model added for round 90 (47/49) from ['node_47']
[ 2026-03-06 14:14:26 | node | INFO ] 🧩 Model added for round 90 (48/49) from ['node_48']
[ 2026-03-06 14:14:26 | node | INFO ] 🧩 Model added for round 90 (49/49) from ['node_49']
[ 2026-03-06 14:14:27 | node | INFO ] 🔬 Evaluating...
[ 2026-03-06 14:14:27 | node | INFO ] 📈 Evaluated. Results: {'test_loss': 0.22450530529022217, 'test_acc': 0.9850000143051147, 'test_precision': 0.9841939806938171, 'test_recall': 0.9803000092506409, 'test_f1': 0.9808365106582642, 'communication_cost': 46110666}
[ 2026-03-06 14:14:27 | node_2 | INFO ] 🔬 Evaluating...
[ 2026-03-06 14:14:27 | node_3 | INFO ] 🔬 Evaluating...
[ 2026-03-06 14:14:27 | node_10 | INFO ] 🔬 Evaluating...
[ 2026-03-06 14:14:27 | node_8 | INFO ] 🔬 Evaluating...
[ 2026-03-06 14:14:27 | node_11 | INFO ] 🔬 Evaluating...
[ 2026-03-06 14:14:27 | node_13 | INFO ] 🔬 Evaluating...
[ 2026-03-06 14:14:27 | node_2 | INFO ] 📈 Evaluated. Results: {'test_loss': 0.10270320624113083, 'test_acc': 0.9800000190734863, 'test_precision': 0.9780210256576538, 'test_recall': 0.9749693274497986, 'test_f1': 0.975762128829956, 'communication_cost': 0}
[ 2026-03-06 14:14:27 | node_2 | INFO ] 🚂 Round 91: Client training...
[ 2026-03-06 14:14:27 | node_7 | INFO ] 🔬 Evaluating...
[ 2026-03-06 14:14:27 | node_12 | INFO ] 🔬 Evaluating...
[ 2026-03-06 14:14:27 | node_14 | INFO ] 🔬 Evaluating...
[ 2026-03-06 14:14:27 | node_5 | INFO ] 🔬 Evaluating...
[ 2026-03-06 14:14:27 | node_15 | INFO ] 🔬 Evaluating...
[ 2026-03-06 14:14:27 | node_3 | INFO ] 📈 Evaluated. Results: {'test_loss': 0.1578829139471054, 'test_acc': 0.9750000238418579, 'test_precision': 0.9711019992828369, 'test_recall': 0.9735333323478699, 'test_f1': 0.9700840711593628, 'communication_cost': 0}
[ 2026-03-06 14:14:27 | node_8 | INFO ] 📈 Evaluated. Results: {'test_loss': 0.2839614748954773, 'test_acc': 0.9700000286102295, 'test_precision': 0.9711111187934875, 'test_recall': 0.9713189601898193, 'test_f1': 0.9693072438240051, 'communication_cost': 0}
[ 2026-03-06 14:14:27 | node_10 | INFO ] 📈 Evaluated. Results: {'test_loss': 0.2477872222661972, 'test_acc': 0.9850000143051147, 'test_precision': 0.984687328338623, 'test_recall': 0.9847619533538818, 'test_f1': 0.984351396560669, 'communication_cost': 0}
[ 2026-03-06 14:14:27 | node_8 | INFO ] 🚂 Round 91: Client training...
[ 2026-03-06 14:14:27 | node_3 | INFO ] 🚂 Round 91: Client training...
[ 2026-03-06 14:14:27 | node_11 | INFO ] 📈 Evaluated. Results: {'test_loss': 0.44064217805862427, 'test_acc': 0.9750000238418579, 'test_precision': 0.9739538431167603, 'test_recall': 0.9724674224853516, 'test_f1': 0.9720712304115295, 'communication_cost': 0}
[ 2026-03-06 14:14:27 | node_10 | INFO ] 🚂 Round 91: Client training...
[ 2026-03-06 14:14:27 | node_7 | INFO ] 📈 Evaluated. Results: {'test_loss': 0.06481382250785828, 'test_acc': 0.9950000047683716, 'test_precision': 0.9950768947601318, 'test_recall': 0.9957333207130432, 'test_f1': 0.9952331781387329, 'communication_cost': 0}
[ 2026-03-06 14:14:27 | node_13 | INFO ] 📈 Evaluated. Results: {'test_loss': 0.4415721893310547, 'test_acc': 0.9649999737739563, 'test_precision': 0.9602588415145874, 'test_recall': 0.9627649188041687, 'test_f1': 0.959336519241333, 'communication_cost': 0}
[ 2026-03-06 14:14:27 | node_11 | INFO ] 🚂 Round 91: Client training...
[ 2026-03-06 14:14:27 | node_7 | INFO ] 🚂 Round 91: Client training...
[ 2026-03-06 14:14:27 | node_13 | INFO ] 🚂 Round 91: Client training...
[ 2026-03-06 14:14:27 | node_12 | INFO ] 📈 Evaluated. Results: {'test_loss': 0.10352612286806107, 'test_acc': 0.9950000047683716, 'test_precision': 0.9955000281333923, 'test_recall': 0.9967272877693176, 'test_f1': 0.9958857893943787, 'communication_cost': 0}
[ 2026-03-06 14:14:27 | node_12 | INFO ] 🚂 Round 91: Client training...
[ 2026-03-06 14:14:27 | node_14 | INFO ] 📈 Evaluated. Results: {'test_loss': 0.20378723740577698, 'test_acc': 0.9700000286102295, 'test_precision': 0.9706412553787231, 'test_recall': 0.9687927961349487, 'test_f1': 0.9683707356452942, 'communication_cost': 0}
[ 2026-03-06 14:14:27 | node_6 | INFO ] 🔬 Evaluating...
[ 2026-03-06 14:14:27 | node_14 | INFO ] 🚂 Round 91: Client training...
[ 2026-03-06 14:14:27 | node_5 | INFO ] 📈 Evaluated. Results: {'test_loss': 0.17643609642982483, 'test_acc': 0.9900000095367432, 'test_precision': 0.9914999604225159, 'test_recall': 0.9894999861717224, 'test_f1': 0.9898096323013306, 'communication_cost': 0}
[ 2026-03-06 14:14:27 | node_15 | INFO ] 📈 Evaluated. Results: {'test_loss': 0.2796610891819, 'test_acc': 0.9950000047683716, 'test_precision': 0.9957333207130432, 'test_recall': 0.9908571839332581, 'test_f1': 0.992870032787323, 'communication_cost': 0}
[ 2026-03-06 14:14:27 | node_5 | INFO ] 🚂 Round 91: Client training...
[ 2026-03-06 14:14:27 | node_15 | INFO ] 🚂 Round 91: Client training...
[ 2026-03-06 14:14:27 | node_1 | INFO ] 🔬 Evaluating...
[ 2026-03-06 14:14:27 | node_4 | INFO ] 🔬 Evaluating...
[ 2026-03-06 14:14:27 | node_9 | INFO ] 🔬 Evaluating...
[ 2026-03-06 14:14:27 | node_41 | INFO ] 🔬 Evaluating...
[ 2026-03-06 14:14:27 | node_33 | INFO ] 🔬 Evaluating...
[ 2026-03-06 14:14:27 | node_6 | INFO ] 📈 Evaluated. Results: {'test_loss': 0.32186195254325867, 'test_acc': 0.9700000286102295, 'test_precision': 0.9755619168281555, 'test_recall': 0.9695819020271301, 'test_f1': 0.9706273078918457, 'communication_cost': 0}
[ 2026-03-06 14:14:27 | node_27 | INFO ] 🔬 Evaluating...
[ 2026-03-06 14:14:27 | node_35 | INFO ] 🔬 Evaluating...
[ 2026-03-06 14:14:27 | node_36 | INFO ] 🔬 Evaluating...
[ 2026-03-06 14:14:27 | node_16 | INFO ] 🔬 Evaluating...
[ 2026-03-06 14:14:27 | node_32 | INFO ] 🔬 Evaluating...
[ 2026-03-06 14:14:27 | node_30 | INFO ] 🔬 Evaluating...
[ 2026-03-06 14:14:27 | node_17 | INFO ] 🔬 Evaluating...
[ 2026-03-06 14:14:27 | node_24 | INFO ] 🔬 Evaluating...
[ 2026-03-06 14:14:27 | node_34 | INFO ] 🔬 Evaluating...
[ 2026-03-06 14:14:27 | node_18 | INFO ] 🔬 Evaluating...
[ 2026-03-06 14:14:27 | node_19 | INFO ] 🔬 Evaluating...
[ 2026-03-06 14:14:27 | node_28 | INFO ] 🔬 Evaluating...
[ 2026-03-06 14:14:27 | node_22 | INFO ] 🔬 Evaluating...
[ 2026-03-06 14:14:27 | node_6 | INFO ] 🚂 Round 91: Client training...
[ 2026-03-06 14:14:27 | node_31 | INFO ] 🔬 Evaluating...
[ 2026-03-06 14:14:28 | node_26 | INFO ] 🔬 Evaluating...
[ 2026-03-06 14:14:28 | node_29 | INFO ] 🔬 Evaluating...
[ 2026-03-06 14:14:28 | node_25 | INFO ] 🔬 Evaluating...
[ 2026-03-06 14:14:28 | node_20 | INFO ] 🔬 Evaluating...
[ 2026-03-06 14:14:28 | node_37 | INFO ] 🔬 Evaluating...
[ 2026-03-06 14:14:28 | node_23 | INFO ] 🔬 Evaluating...
[ 2026-03-06 14:14:28 | node_39 | INFO ] 🔬 Evaluating...
[ 2026-03-06 14:14:28 | node_42 | INFO ] 🔬 Evaluating...
[ 2026-03-06 14:14:28 | node_40 | INFO ] 🔬 Evaluating...
[ 2026-03-06 14:14:28 | node_38 | INFO ] 🔬 Evaluating...
[ 2026-03-06 14:14:28 | node_21 | INFO ] 🔬 Evaluating...
[ 2026-03-06 14:14:28 | node_43 | INFO ] 🔬 Evaluating...
[ 2026-03-06 14:14:28 | node_1 | INFO ] 📈 Evaluated. Results: {'test_loss': 0.5330426692962646, 'test_acc': 0.9599999785423279, 'test_precision': 0.959334135055542, 'test_recall': 0.9566644430160522, 'test_f1': 0.9547833800315857, 'communication_cost': 0}
[ 2026-03-06 14:14:28 | node_44 | INFO ] 🔬 Evaluating...
[ 2026-03-06 14:14:28 | node_45 | INFO ] 🔬 Evaluating...
[ 2026-03-06 14:14:28 | node_46 | INFO ] 🔬 Evaluating...
[ 2026-03-06 14:14:28 | node_47 | INFO ] 🔬 Evaluating...
[ 2026-03-06 14:14:28 | node_48 | INFO ] 🔬 Evaluating...
[ 2026-03-06 14:14:28 | node_4 | INFO ] 📈 Evaluated. Results: {'test_loss': 0.08406798541545868, 'test_acc': 0.9850000143051147, 'test_precision': 0.9845055341720581, 'test_recall': 0.984076976776123, 'test_f1': 0.9834049940109253, 'communication_cost': 0}
[ 2026-03-06 14:14:28 | node_1 | INFO ] 🚂 Round 91: Client training...
[ 2026-03-06 14:14:28 | node_9 | INFO ] 📈 Evaluated. Results: {'test_loss': 0.13500584661960602, 'test_acc': 0.9850000143051147, 'test_precision': 0.9873122572898865, 'test_recall': 0.9876638650894165, 'test_f1': 0.9870697259902954, 'communication_cost': 0}
[ 2026-03-06 14:14:28 | node_41 | INFO ] 📈 Evaluated. Results: {'test_loss': 0.14363719522953033, 'test_acc': 0.9850000143051147, 'test_precision': 0.9868571758270264, 'test_recall': 0.98638916015625, 'test_f1': 0.9861353039741516, 'communication_cost': 0}
[ 2026-03-06 14:14:28 | node_33 | INFO ] 📈 Evaluated. Results: {'test_loss': 0.09632004052400589, 'test_acc': 0.9850000143051147, 'test_precision': 0.9874908924102783, 'test_recall': 0.9821538329124451, 'test_f1': 0.9843580722808838, 'communication_cost': 0}
[ 2026-03-06 14:14:28 | node_27 | INFO ] 📈 Evaluated. Results: {'test_loss': 0.06421878933906555, 'test_acc': 0.9950000047683716, 'test_precision': 0.9955000281333923, 'test_recall': 0.9910000562667847, 'test_f1': 0.9924571514129639, 'communication_cost': 0}
[ 2026-03-06 14:14:28 | node_16 | INFO ] 📈 Evaluated. Results: {'test_loss': 0.2073371708393097, 'test_acc': 0.9800000190734863, 'test_precision': 0.9841221570968628, 'test_recall': 0.9815706014633179, 'test_f1': 0.9818600416183472, 'communication_cost': 0}
[ 2026-03-06 14:14:28 | node_35 | INFO ] 📈 Evaluated. Results: {'test_loss': 0.23280227184295654, 'test_acc': 0.9850000143051147, 'test_precision': 0.9827000498771667, 'test_recall': 0.9842284917831421, 'test_f1': 0.9824283123016357, 'communication_cost': 0}
[ 2026-03-06 14:14:28 | node_36 | INFO ] 📈 Evaluated. Results: {'test_loss': 0.014745937660336494, 'test_acc': 0.9950000047683716, 'test_precision': 0.9927999973297119, 'test_recall': 0.9948571920394897, 'test_f1': 0.9932307600975037, 'communication_cost': 0}
[ 2026-03-06 14:14:28 | node_17 | INFO ] 📈 Evaluated. Results: {'test_loss': 0.0873909443616867, 'test_acc': 0.9900000095367432, 'test_precision': 0.9925333261489868, 'test_recall': 0.9917333126068115, 'test_f1': 0.9920278191566467, 'communication_cost': 0}
[ 2026-03-06 14:14:28 | node_4 | INFO ] 🚂 Round 91: Client training...
[ 2026-03-06 14:14:28 | node_30 | INFO ] 📈 Evaluated. Results: {'test_loss': 0.6139944791793823, 'test_acc': 0.9700000286102295, 'test_precision': 0.9675905108451843, 'test_recall': 0.9715458750724792, 'test_f1': 0.9671987295150757, 'communication_cost': 0}
[ 2026-03-06 14:14:28 | node_32 | INFO ] 📈 Evaluated. Results: {'test_loss': 0.309935599565506, 'test_acc': 0.9750000238418579, 'test_precision': 0.9760888814926147, 'test_recall': 0.9725828766822815, 'test_f1': 0.9732062816619873, 'communication_cost': 0}
[ 2026-03-06 14:14:28 | node_24 | INFO ] 📈 Evaluated. Results: {'test_loss': 0.0543757863342762, 'test_acc': 0.9800000190734863, 'test_precision': 0.9788691997528076, 'test_recall': 0.9785920977592468, 'test_f1': 0.978343665599823, 'communication_cost': 0}
[ 2026-03-06 14:14:28 | node_18 | INFO ] 📈 Evaluated. Results: {'test_loss': 0.0012052517849951982, 'test_acc': 1.0, 'test_precision': 1.0, 'test_recall': 1.0, 'test_f1': 1.0, 'communication_cost': 0}
[ 2026-03-06 14:14:28 | node_9 | INFO ] 🚂 Round 91: Client training...
[ 2026-03-06 14:14:28 | node_34 | INFO ] 📈 Evaluated. Results: {'test_loss': 0.33091554045677185, 'test_acc': 0.9700000286102295, 'test_precision': 0.9685714840888977, 'test_recall': 0.9717805981636047, 'test_f1': 0.9676731824874878, 'communication_cost': 0}
[ 2026-03-06 14:14:28 | node_22 | INFO ] 📈 Evaluated. Results: {'test_loss': 0.23324750363826752, 'test_acc': 0.9750000238418579, 'test_precision': 0.976226270198822, 'test_recall': 0.9748333692550659, 'test_f1': 0.9742796421051025, 'communication_cost': 0}
[ 2026-03-06 14:14:28 | node_41 | INFO ] 🚂 Round 91: Client training...
[ 2026-03-06 14:14:28 | node_33 | INFO ] 🚂 Round 91: Client training...
[ 2026-03-06 14:14:28 | node_28 | INFO ] 📈 Evaluated. Results: {'test_loss': 0.19104111194610596, 'test_acc': 0.9750000238418579, 'test_precision': 0.9752143025398254, 'test_recall': 0.9739571213722229, 'test_f1': 0.9734120965003967, 'communication_cost': 0}
[ 2026-03-06 14:14:28 | node_35 | INFO ] 🚂 Round 91: Client training...
[ 2026-03-06 14:14:28 | node_20 | INFO ] 📈 Evaluated. Results: {'test_loss': 0.38628631830215454, 'test_acc': 0.9599999785423279, 'test_precision': 0.9668705463409424, 'test_recall': 0.9583454728126526, 'test_f1': 0.9595519304275513, 'communication_cost': 0}
[ 2026-03-06 14:14:28 | node_29 | INFO ] 📈 Evaluated. Results: {'test_loss': 0.4519316852092743, 'test_acc': 0.9750000238418579, 'test_precision': 0.9724958539009094, 'test_recall': 0.9741279482841492, 'test_f1': 0.9711704850196838, 'communication_cost': 0}
[ 2026-03-06 14:14:28 | node_31 | INFO ] 📈 Evaluated. Results: {'test_loss': 0.11110547184944153, 'test_acc': 0.9800000190734863, 'test_precision': 0.9781159162521362, 'test_recall': 0.978528618812561, 'test_f1': 0.9774843454360962, 'communication_cost': 0}
[ 2026-03-06 14:14:28 | node_26 | INFO ] 📈 Evaluated. Results: {'test_loss': 0.26947373151779175, 'test_acc': 0.9649999737739563, 'test_precision': 0.9607238173484802, 'test_recall': 0.9678034782409668, 'test_f1': 0.962436854839325, 'communication_cost': 0}
[ 2026-03-06 14:14:28 | node_27 | INFO ] 🚂 Round 91: Client training...
[ 2026-03-06 14:14:28 | node_23 | INFO ] 📈 Evaluated. Results: {'test_loss': 0.259977787733078, 'test_acc': 0.9800000190734863, 'test_precision': 0.9739658236503601, 'test_recall': 0.9835602045059204, 'test_f1': 0.9775712490081787, 'communication_cost': 0}
[ 2026-03-06 14:14:28 | node_49 | INFO ] 🔬 Evaluating...
[ 2026-03-06 14:14:28 | node_19 | INFO ] 📈 Evaluated. Results: {'test_loss': 0.06850946694612503, 'test_acc': 0.9800000190734863, 'test_precision': 0.9772444367408752, 'test_recall': 0.9784444570541382, 'test_f1': 0.9766383171081543, 'communication_cost': 0}
[ 2026-03-06 14:14:28 | node_42 | INFO ] 📈 Evaluated. Results: {'test_loss': 0.4584752917289734, 'test_acc': 0.9649999737739563, 'test_precision': 0.9664965271949768, 'test_recall': 0.9625151753425598, 'test_f1': 0.96132493019104, 'communication_cost': 0}
[ 2026-03-06 14:14:28 | node_16 | INFO ] 🚂 Round 91: Client training...
[ 2026-03-06 14:14:28 | node_37 | INFO ] 📈 Evaluated. Results: {'test_loss': 0.23262301087379456, 'test_acc': 0.9700000286102295, 'test_precision': 0.9719657897949219, 'test_recall': 0.9695476293563843, 'test_f1': 0.9703936576843262, 'communication_cost': 0}
[ 2026-03-06 14:14:28 | node_25 | INFO ] 📈 Evaluated. Results: {'test_loss': 0.4008583724498749, 'test_acc': 0.9700000286102295, 'test_precision': 0.9714558124542236, 'test_recall': 0.9709538221359253, 'test_f1': 0.9699729084968567, 'communication_cost': 0}
[ 2026-03-06 14:14:28 | node_36 | INFO ] 🚂 Round 91: Client training...
[ 2026-03-06 14:14:28 | node_17 | INFO ] 🚂 Round 91: Client training...
[ 2026-03-06 14:14:28 | node_21 | INFO ] 📈 Evaluated. Results: {'test_loss': 0.7310975790023804, 'test_acc': 0.9649999737739563, 'test_precision': 0.9680511355400085, 'test_recall': 0.9622229933738708, 'test_f1': 0.9633592367172241, 'communication_cost': 0}
[ 2026-03-06 14:14:29 | node_39 | INFO ] 📈 Evaluated. Results: {'test_loss': 0.4889453053474426, 'test_acc': 0.9649999737739563, 'test_precision': 0.9669474959373474, 'test_recall': 0.958058774471283, 'test_f1': 0.9596666693687439, 'communication_cost': 0}
[ 2026-03-06 14:14:29 | node_40 | INFO ] 📈 Evaluated. Results: {'test_loss': 0.11971186846494675, 'test_acc': 0.9800000190734863, 'test_precision': 0.9762042164802551, 'test_recall': 0.9848769307136536, 'test_f1': 0.9789057970046997, 'communication_cost': 0}
[ 2026-03-06 14:14:29 | node_38 | INFO ] 📈 Evaluated. Results: {'test_loss': 0.4866909086704254, 'test_acc': 0.9700000286102295, 'test_precision': 0.9687965512275696, 'test_recall': 0.9695723056793213, 'test_f1': 0.9675349593162537, 'communication_cost': 0}
[ 2026-03-06 14:14:29 | node_43 | INFO ] 📈 Evaluated. Results: {'test_loss': 0.6457726359367371, 'test_acc': 0.9700000286102295, 'test_precision': 0.9672102332115173, 'test_recall': 0.9700000286102295, 'test_f1': 0.9667519927024841, 'communication_cost': 0}
[ 2026-03-06 14:14:29 | node_30 | INFO ] 🚂 Round 91: Client training...
[ 2026-03-06 14:14:29 | node_48 | INFO ] 📈 Evaluated. Results: {'test_loss': 0.22493280470371246, 'test_acc': 0.9800000190734863, 'test_precision': 0.9801313877105713, 'test_recall': 0.9808639287948608, 'test_f1': 0.9789226055145264, 'communication_cost': 0}
[ 2026-03-06 14:14:29 | node_45 | INFO ] 📈 Evaluated. Results: {'test_loss': 0.7697399854660034, 'test_acc': 0.9649999737739563, 'test_precision': 0.9619026780128479, 'test_recall': 0.961134135723114, 'test_f1': 0.9585747718811035, 'communication_cost': 0}
[ 2026-03-06 14:14:29 | node_32 | INFO ] 🚂 Round 91: Client training...
[ 2026-03-06 14:14:29 | node_44 | INFO ] 📈 Evaluated. Results: {'test_loss': 0.20861345529556274, 'test_acc': 0.9549999833106995, 'test_precision': 0.9496839642524719, 'test_recall': 0.9559071063995361, 'test_f1': 0.95096755027771, 'communication_cost': 0}
[ 2026-03-06 14:14:29 | node_24 | INFO ] 🚂 Round 91: Client training...
[ 2026-03-06 14:14:29 | node_46 | INFO ] 📈 Evaluated. Results: {'test_loss': 0.28389713168144226, 'test_acc': 0.9750000238418579, 'test_precision': 0.9732000827789307, 'test_recall': 0.9748716950416565, 'test_f1': 0.971651017665863, 'communication_cost': 0}
[ 2026-03-06 14:14:29 | node_47 | INFO ] 📈 Evaluated. Results: {'test_loss': 0.33121395111083984, 'test_acc': 0.9700000286102295, 'test_precision': 0.9698619246482849, 'test_recall': 0.9730007648468018, 'test_f1': 0.9693889021873474, 'communication_cost': 0}
[ 2026-03-06 14:14:29 | node_22 | INFO ] 🚂 Round 91: Client training...
[ 2026-03-06 14:14:29 | node_18 | INFO ] 🚂 Round 91: Client training...
[ 2026-03-06 14:14:29 | node_34 | INFO ] 🚂 Round 91: Client training...
[ 2026-03-06 14:14:29 | node_28 | INFO ] 🚂 Round 91: Client training...
[ 2026-03-06 14:14:29 | node_20 | INFO ] 🚂 Round 91: Client training...
[ 2026-03-06 14:14:29 | node_29 | INFO ] 🚂 Round 91: Client training...
[ 2026-03-06 14:14:29 | node_31 | INFO ] 🚂 Round 91: Client training...
[ 2026-03-06 14:14:29 | node_26 | INFO ] 🚂 Round 91: Client training...
[ 2026-03-06 14:14:29 | node_23 | INFO ] 🚂 Round 91: Client training...
[ 2026-03-06 14:14:29 | node_19 | INFO ] 🚂 Round 91: Client training...
[ 2026-03-06 14:14:29 | node_42 | INFO ] 🚂 Round 91: Client training...
[ 2026-03-06 14:14:29 | node_37 | INFO ] 🚂 Round 91: Client training...
[ 2026-03-06 14:14:29 | node_25 | INFO ] 🚂 Round 91: Client training...
[ 2026-03-06 14:14:29 | node_21 | INFO ] 🚂 Round 91: Client training...
[ 2026-03-06 14:14:29 | node_40 | INFO ] 🚂 Round 91: Client training...
[ 2026-03-06 14:14:29 | node_49 | INFO ] 📈 Evaluated. Results: {'test_loss': 0.32364708185195923, 'test_acc': 0.9649999737739563, 'test_precision': 0.9712424278259277, 'test_recall': 0.9624881148338318, 'test_f1': 0.964585542678833, 'communication_cost': 0}
[ 2026-03-06 14:14:29 | node_39 | INFO ] 🚂 Round 91: Client training...
[ 2026-03-06 14:14:29 | node_43 | INFO ] 🚂 Round 91: Client training...
[ 2026-03-06 14:14:29 | node_38 | INFO ] 🚂 Round 91: Client training...
[ 2026-03-06 14:14:29 | node_48 | INFO ] 🚂 Round 91: Client training...
[ 2026-03-06 14:14:29 | node_45 | INFO ] 🚂 Round 91: Client training...
[ 2026-03-06 14:14:29 | node_44 | INFO ] 🚂 Round 91: Client training...
[ 2026-03-06 14:14:29 | node_46 | INFO ] 🚂 Round 91: Client training...
[ 2026-03-06 14:14:29 | node_47 | INFO ] 🚂 Round 91: Client training...
[ 2026-03-06 14:14:29 | node_49 | INFO ] 🚂 Round 91: Client training...
[ 2026-03-06 14:14:30 | node | INFO ] ⏳ Round 91: Server waiting for 49 updates.
[ 2026-03-06 14:14:30 | node | INFO ] ♻️ Proactively processing 49 early models for round 91.
[ 2026-03-06 14:14:30 | node | INFO ] 🧩 Model added for round 91 (1/49) from ['node_2']
[ 2026-03-06 14:14:30 | node | INFO ] 🧩 Model added for round 91 (2/49) from ['node_8']
[ 2026-03-06 14:14:30 | node | INFO ] 🧩 Model added for round 91 (3/49) from ['node_10']
[ 2026-03-06 14:14:30 | node | INFO ] 🧩 Model added for round 91 (4/49) from ['node_11']
[ 2026-03-06 14:14:30 | node | INFO ] 🧩 Model added for round 91 (5/49) from ['node_3']
[ 2026-03-06 14:14:30 | node | INFO ] 🧩 Model added for round 91 (6/49) from ['node_13']
[ 2026-03-06 14:14:30 | node | INFO ] 🧩 Model added for round 91 (7/49) from ['node_12']
[ 2026-03-06 14:14:30 | node | INFO ] 🧩 Model added for round 91 (8/49) from ['node_15']
[ 2026-03-06 14:14:30 | node | INFO ] 🧩 Model added for round 91 (9/49) from ['node_7']
[ 2026-03-06 14:14:30 | node | INFO ] 🧩 Model added for round 91 (10/49) from ['node_5']
[ 2026-03-06 14:14:30 | node | INFO ] 🧩 Model added for round 91 (11/49) from ['node_14']
[ 2026-03-06 14:14:30 | node | INFO ] 🧩 Model added for round 91 (12/49) from ['node_6']
[ 2026-03-06 14:14:30 | node | INFO ] 🧩 Model added for round 91 (13/49) from ['node_4']
[ 2026-03-06 14:14:30 | node | INFO ] 🧩 Model added for round 91 (14/49) from ['node_1']
[ 2026-03-06 14:14:30 | node | INFO ] 🧩 Model added for round 91 (15/49) from ['node_33']
[ 2026-03-06 14:14:30 | node | INFO ] 🧩 Model added for round 91 (16/49) from ['node_27']
[ 2026-03-06 14:14:30 | node | INFO ] 🧩 Model added for round 91 (17/49) from ['node_41']
[ 2026-03-06 14:14:30 | node | INFO ] 🧩 Model added for round 91 (18/49) from ['node_9']
[ 2026-03-06 14:14:30 | node | INFO ] 🧩 Model added for round 91 (19/49) from ['node_16']
[ 2026-03-06 14:14:30 | node | INFO ] 🧩 Model added for round 91 (20/49) from ['node_35']
[ 2026-03-06 14:14:30 | node | INFO ] 🧩 Model added for round 91 (21/49) from ['node_17']
[ 2026-03-06 14:14:30 | node | INFO ] 🧩 Model added for round 91 (22/49) from ['node_30']
[ 2026-03-06 14:14:30 | node | INFO ] 🧩 Model added for round 91 (23/49) from ['node_24']
[ 2026-03-06 14:14:30 | node | INFO ] 🧩 Model added for round 91 (24/49) from ['node_36']
[ 2026-03-06 14:14:30 | node | INFO ] 🧩 Model added for round 91 (25/49) from ['node_32']
[ 2026-03-06 14:14:30 | node | INFO ] 🧩 Model added for round 91 (26/49) from ['node_34']
[ 2026-03-06 14:14:30 | node | INFO ] 🧩 Model added for round 91 (27/49) from ['node_28']
[ 2026-03-06 14:14:30 | node | INFO ] 🧩 Model added for round 91 (28/49) from ['node_22']
[ 2026-03-06 14:14:30 | node | INFO ] 🧩 Model added for round 91 (29/49) from ['node_31']
[ 2026-03-06 14:14:30 | node | INFO ] 🧩 Model added for round 91 (30/49) from ['node_20']
[ 2026-03-06 14:14:30 | node | INFO ] 🧩 Model added for round 91 (31/49) from ['node_29']
[ 2026-03-06 14:14:30 | node | INFO ] 🧩 Model added for round 91 (32/49) from ['node_18']
[ 2026-03-06 14:14:30 | node | INFO ] 🧩 Model added for round 91 (33/49) from ['node_19']
[ 2026-03-06 14:14:30 | node | INFO ] 🧩 Model added for round 91 (34/49) from ['node_26']
[ 2026-03-06 14:14:30 | node | INFO ] 🧩 Model added for round 91 (35/49) from ['node_23']
[ 2026-03-06 14:14:30 | node | INFO ] 🧩 Model added for round 91 (36/49) from ['node_42']
[ 2026-03-06 14:14:30 | node | INFO ] 🧩 Model added for round 91 (37/49) from ['node_25']
[ 2026-03-06 14:14:30 | node | INFO ] 🧩 Model added for round 91 (38/49) from ['node_37']
[ 2026-03-06 14:14:30 | node | INFO ] 🧩 Model added for round 91 (39/49) from ['node_39']
[ 2026-03-06 14:14:30 | node | INFO ] 🧩 Model added for round 91 (40/49) from ['node_43']
[ 2026-03-06 14:14:30 | node | INFO ] 🧩 Model added for round 91 (41/49) from ['node_21']
[ 2026-03-06 14:14:30 | node | INFO ] 🧩 Model added for round 91 (42/49) from ['node_46']
[ 2026-03-06 14:14:30 | node | INFO ] 🧩 Model added for round 91 (43/49) from ['node_40']
[ 2026-03-06 14:14:30 | node | INFO ] 🧩 Model added for round 91 (44/49) from ['node_38']
[ 2026-03-06 14:14:30 | node | INFO ] 🧩 Model added for round 91 (45/49) from ['node_44']
[ 2026-03-06 14:14:30 | node | INFO ] 🧩 Model added for round 91 (46/49) from ['node_48']
[ 2026-03-06 14:14:30 | node | INFO ] 🧩 Model added for round 91 (47/49) from ['node_47']
[ 2026-03-06 14:14:30 | node | INFO ] 🧩 Model added for round 91 (48/49) from ['node_45']
[ 2026-03-06 14:14:30 | node | INFO ] 🧩 Model added for round 91 (49/49) from ['node_49']
[ 2026-03-06 14:14:30 | node | INFO ] 🔬 Evaluating...
[ 2026-03-06 14:14:30 | node | INFO ] 📈 Evaluated. Results: {'test_loss': 0.23711812496185303, 'test_acc': 0.9850000143051147, 'test_precision': 0.9841939806938171, 'test_recall': 0.9803000092506409, 'test_f1': 0.9808365106582642, 'communication_cost': 46110666}
[ 2026-03-06 14:14:30 | node_4 | INFO ] 🔬 Evaluating...
[ 2026-03-06 14:14:30 | node_3 | INFO ] 🔬 Evaluating...
[ 2026-03-06 14:14:30 | node_12 | INFO ] 🔬 Evaluating...
[ 2026-03-06 14:14:30 | node_13 | INFO ] 🔬 Evaluating...
[ 2026-03-06 14:14:30 | node_4 | INFO ] 📈 Evaluated. Results: {'test_loss': 0.07227832823991776, 'test_acc': 0.9900000095367432, 'test_precision': 0.9890769720077515, 'test_recall': 0.9920769333839417, 'test_f1': 0.9900420308113098, 'communication_cost': 0}
[ 2026-03-06 14:14:30 | node_4 | INFO ] 🚂 Round 92: Client training...
[ 2026-03-06 14:14:31 | node_3 | INFO ] 📈 Evaluated. Results: {'test_loss': 0.14514830708503723, 'test_acc': 0.9750000238418579, 'test_precision': 0.9711019992828369, 'test_recall': 0.9735333323478699, 'test_f1': 0.9700840711593628, 'communication_cost': 0}
[ 2026-03-06 14:14:31 | node_15 | INFO ] 🔬 Evaluating...
[ 2026-03-06 14:14:31 | node_3 | INFO ] 🚂 Round 92: Client training...
[ 2026-03-06 14:14:31 | node_7 | INFO ] 🔬 Evaluating...
[ 2026-03-06 14:14:31 | node_1 | INFO ] 🔬 Evaluating...
[ 2026-03-06 14:14:31 | node_33 | INFO ] 🔬 Evaluating...
[ 2026-03-06 14:14:31 | node_13 | INFO ] 📈 Evaluated. Results: {'test_loss': 0.4874710440635681, 'test_acc': 0.9750000238418579, 'test_precision': 0.9750475883483887, 'test_recall': 0.9751647710800171, 'test_f1': 0.9732359051704407, 'communication_cost': 0}
[ 2026-03-06 14:14:31 | node_12 | INFO ] 📈 Evaluated. Results: {'test_loss': 0.10853658616542816, 'test_acc': 0.9950000047683716, 'test_precision': 0.9955000281333923, 'test_recall': 0.9967272877693176, 'test_f1': 0.9958857893943787, 'communication_cost': 0}
[ 2026-03-06 14:14:31 | node_12 | INFO ] 🚂 Round 92: Client training...
[ 2026-03-06 14:14:31 | node_13 | INFO ] 🚂 Round 92: Client training...
[ 2026-03-06 14:14:31 | node_27 | INFO ] 🔬 Evaluating...
[ 2026-03-06 14:14:31 | node_9 | INFO ] 🔬 Evaluating...
[ 2026-03-06 14:14:31 | node_41 | INFO ] 🔬 Evaluating...
[ 2026-03-06 14:14:31 | node_14 | INFO ] 🔬 Evaluating...
[ 2026-03-06 14:14:31 | node_5 | INFO ] 🔬 Evaluating...
[ 2026-03-06 14:14:31 | node_16 | INFO ] 🔬 Evaluating...
[ 2026-03-06 14:14:31 | node_35 | INFO ] 🔬 Evaluating...
[ 2026-03-06 14:14:31 | node_8 | INFO ] 🔬 Evaluating...
[ 2026-03-06 14:14:31 | node_30 | INFO ] 🔬 Evaluating...
[ 2026-03-06 14:14:31 | node_6 | INFO ] 🔬 Evaluating...
[ 2026-03-06 14:14:31 | node_17 | INFO ] 🔬 Evaluating...
[ 2026-03-06 14:14:31 | node_36 | INFO ] 🔬 Evaluating...
[ 2026-03-06 14:14:31 | node_32 | INFO ] 🔬 Evaluating...
[ 2026-03-06 14:14:31 | node_22 | INFO ] 🔬 Evaluating...
[ 2026-03-06 14:14:31 | node_28 | INFO ] 🔬 Evaluating...
[ 2026-03-06 14:14:31 | node_31 | INFO ] 🔬 Evaluating...
[ 2026-03-06 14:14:31 | node_24 | INFO ] 🔬 Evaluating...
[ 2026-03-06 14:14:31 | node_26 | INFO ] 🔬 Evaluating...
[ 2026-03-06 14:14:31 | node_29 | INFO ] 🔬 Evaluating...
[ 2026-03-06 14:14:31 | node_19 | INFO ] 🔬 Evaluating...
[ 2026-03-06 14:14:31 | node_34 | INFO ] 🔬 Evaluating...
[ 2026-03-06 14:14:31 | node_20 | INFO ] 🔬 Evaluating...
[ 2026-03-06 14:14:31 | node_18 | INFO ] 🔬 Evaluating...
[ 2026-03-06 14:14:31 | node_23 | INFO ] 🔬 Evaluating...
[ 2026-03-06 14:14:31 | node_42 | INFO ] 🔬 Evaluating...
[ 2026-03-06 14:14:31 | node_37 | INFO ] 🔬 Evaluating...
[ 2026-03-06 14:14:31 | node_25 | INFO ] 🔬 Evaluating...
[ 2026-03-06 14:14:31 | node_46 | INFO ] 🔬 Evaluating...
[ 2026-03-06 14:14:31 | node_43 | INFO ] 🔬 Evaluating...
[ 2026-03-06 14:14:31 | node_44 | INFO ] 🔬 Evaluating...
[ 2026-03-06 14:14:31 | node_40 | INFO ] 🔬 Evaluating...
[ 2026-03-06 14:14:31 | node_21 | INFO ] 🔬 Evaluating...
[ 2026-03-06 14:14:31 | node_45 | INFO ] 🔬 Evaluating...
[ 2026-03-06 14:14:31 | node_38 | INFO ] 🔬 Evaluating...
[ 2026-03-06 14:14:31 | node_39 | INFO ] 🔬 Evaluating...
[ 2026-03-06 14:14:31 | node_10 | INFO ] 🔬 Evaluating...
[ 2026-03-06 14:14:31 | node_2 | INFO ] 🔬 Evaluating...
[ 2026-03-06 14:14:31 | node_11 | INFO ] 🔬 Evaluating...
[ 2026-03-06 14:14:31 | node_1 | INFO ] 📈 Evaluated. Results: {'test_loss': 0.5273887515068054, 'test_acc': 0.9700000286102295, 'test_precision': 0.9670674204826355, 'test_recall': 0.9685764908790588, 'test_f1': 0.9659091234207153, 'communication_cost': 0}
[ 2026-03-06 14:14:31 | node_7 | INFO ] 📈 Evaluated. Results: {'test_loss': 0.05747613310813904, 'test_acc': 0.9950000047683716, 'test_precision': 0.9950768947601318, 'test_recall': 0.9957333207130432, 'test_f1': 0.9952331781387329, 'communication_cost': 0}
[ 2026-03-06 14:14:31 | node_33 | INFO ] 📈 Evaluated. Results: {'test_loss': 0.10406096279621124, 'test_acc': 0.9800000190734863, 'test_precision': 0.9838908910751343, 'test_recall': 0.973153829574585, 'test_f1': 0.9773204922676086, 'communication_cost': 0}
[ 2026-03-06 14:14:31 | node_15 | INFO ] 📈 Evaluated. Results: {'test_loss': 0.26980358362197876, 'test_acc': 0.9950000047683716, 'test_precision': 0.9957333207130432, 'test_recall': 0.9908571839332581, 'test_f1': 0.992870032787323, 'communication_cost': 0}
[ 2026-03-06 14:14:31 | node_35 | INFO ] 📈 Evaluated. Results: {'test_loss': 0.23034854233264923, 'test_acc': 0.9850000143051147, 'test_precision': 0.9827000498771667, 'test_recall': 0.9842284917831421, 'test_f1': 0.9824283123016357, 'communication_cost': 0}
[ 2026-03-06 14:14:32 | node_27 | INFO ] 📈 Evaluated. Results: {'test_loss': 0.05356081947684288, 'test_acc': 0.9950000047683716, 'test_precision': 0.9955000281333923, 'test_recall': 0.9910000562667847, 'test_f1': 0.9924571514129639, 'communication_cost': 0}
[ 2026-03-06 14:14:32 | node_9 | INFO ] 📈 Evaluated. Results: {'test_loss': 0.13385659456253052, 'test_acc': 0.9850000143051147, 'test_precision': 0.9873122572898865, 'test_recall': 0.9876638650894165, 'test_f1': 0.9870697259902954, 'communication_cost': 0}
[ 2026-03-06 14:14:32 | node_41 | INFO ] 📈 Evaluated. Results: {'test_loss': 0.14464376866817474, 'test_acc': 0.9850000143051147, 'test_precision': 0.9868571758270264, 'test_recall': 0.98638916015625, 'test_f1': 0.9861353039741516, 'communication_cost': 0}
[ 2026-03-06 14:14:32 | node_14 | INFO ] 📈 Evaluated. Results: {'test_loss': 0.17168855667114258, 'test_acc': 0.9750000238418579, 'test_precision': 0.9736889004707336, 'test_recall': 0.9724690914154053, 'test_f1': 0.9717108011245728, 'communication_cost': 0}
[ 2026-03-06 14:14:32 | node_16 | INFO ] 📈 Evaluated. Results: {'test_loss': 0.22806648910045624, 'test_acc': 0.9800000190734863, 'test_precision': 0.9841221570968628, 'test_recall': 0.9815706014633179, 'test_f1': 0.9818600416183472, 'communication_cost': 0}
[ 2026-03-06 14:14:32 | node_5 | INFO ] 📈 Evaluated. Results: {'test_loss': 0.17973646521568298, 'test_acc': 0.9850000143051147, 'test_precision': 0.9869999885559082, 'test_recall': 0.9843571186065674, 'test_f1': 0.9849404096603394, 'communication_cost': 0}
[ 2026-03-06 14:14:32 | node_47 | INFO ] 🔬 Evaluating...
[ 2026-03-06 14:14:32 | node_1 | INFO ] 🚂 Round 92: Client training...
[ 2026-03-06 14:14:32 | node_7 | INFO ] 🚂 Round 92: Client training...
[ 2026-03-06 14:14:32 | node_33 | INFO ] 🚂 Round 92: Client training...
[ 2026-03-06 14:14:32 | node_15 | INFO ] 🚂 Round 92: Client training...
[ 2026-03-06 14:14:32 | node_35 | INFO ] 🚂 Round 92: Client training...
[ 2026-03-06 14:14:32 | node_6 | INFO ] 📈 Evaluated. Results: {'test_loss': 0.27190276980400085, 'test_acc': 0.9700000286102295, 'test_precision': 0.9758285284042358, 'test_recall': 0.9695819020271301, 'test_f1': 0.9707696437835693, 'communication_cost': 0}
[ 2026-03-06 14:14:32 | node_30 | INFO ] 📈 Evaluated. Results: {'test_loss': 0.5728451013565063, 'test_acc': 0.9700000286102295, 'test_precision': 0.9675905108451843, 'test_recall': 0.9715458750724792, 'test_f1': 0.9671987295150757, 'communication_cost': 0}
[ 2026-03-06 14:14:32 | node_27 | INFO ] 🚂 Round 92: Client training...
[ 2026-03-06 14:14:32 | node_36 | INFO ] 📈 Evaluated. Results: {'test_loss': 0.005155418533831835, 'test_acc': 0.9950000047683716, 'test_precision': 0.9927999973297119, 'test_recall': 0.9948571920394897, 'test_f1': 0.9932307600975037, 'communication_cost': 0}
[ 2026-03-06 14:14:32 | node_8 | INFO ] 📈 Evaluated. Results: {'test_loss': 0.24172721803188324, 'test_acc': 0.9750000238418579, 'test_precision': 0.9782221913337708, 'test_recall': 0.9746875166893005, 'test_f1': 0.9748017191886902, 'communication_cost': 0}
[ 2026-03-06 14:14:32 | node_17 | INFO ] 📈 Evaluated. Results: {'test_loss': 0.08610710501670837, 'test_acc': 0.9900000095367432, 'test_precision': 0.9925333261489868, 'test_recall': 0.9917333126068115, 'test_f1': 0.9920278191566467, 'communication_cost': 0}
[ 2026-03-06 14:14:32 | node_31 | INFO ] 📈 Evaluated. Results: {'test_loss': 0.10605310648679733, 'test_acc': 0.9800000190734863, 'test_precision': 0.9781159162521362, 'test_recall': 0.978528618812561, 'test_f1': 0.9774843454360962, 'communication_cost': 0}
[ 2026-03-06 14:14:32 | node_9 | INFO ] 🚂 Round 92: Client training...
[ 2026-03-06 14:14:32 | node_41 | INFO ] 🚂 Round 92: Client training...
[ 2026-03-06 14:14:32 | node_24 | INFO ] 📈 Evaluated. Results: {'test_loss': 0.049210235476493835, 'test_acc': 0.9800000190734863, 'test_precision': 0.9788691997528076, 'test_recall': 0.9785920977592468, 'test_f1': 0.978343665599823, 'communication_cost': 0}
[ 2026-03-06 14:14:32 | node_28 | INFO ] 📈 Evaluated. Results: {'test_loss': 0.19672811031341553, 'test_acc': 0.9700000286102295, 'test_precision': 0.97125244140625, 'test_recall': 0.9690340161323547, 'test_f1': 0.9686510562896729, 'communication_cost': 0}
[ 2026-03-06 14:14:32 | node_22 | INFO ] 📈 Evaluated. Results: {'test_loss': 0.21489372849464417, 'test_acc': 0.9800000190734863, 'test_precision': 0.979726254940033, 'test_recall': 0.9808332920074463, 'test_f1': 0.9796524047851562, 'communication_cost': 0}
[ 2026-03-06 14:14:32 | node_26 | INFO ] 📈 Evaluated. Results: {'test_loss': 0.29227808117866516, 'test_acc': 0.9649999737739563, 'test_precision': 0.9607238173484802, 'test_recall': 0.9678034782409668, 'test_f1': 0.962436854839325, 'communication_cost': 0}
[ 2026-03-06 14:14:32 | node_14 | INFO ] 🚂 Round 92: Client training...
[ 2026-03-06 14:14:32 | node_19 | INFO ] 📈 Evaluated. Results: {'test_loss': 0.03926118463277817, 'test_acc': 0.9900000095367432, 'test_precision': 0.9847999811172485, 'test_recall': 0.9924444556236267, 'test_f1': 0.9877871870994568, 'communication_cost': 0}
[ 2026-03-06 14:14:32 | node_16 | INFO ] 🚂 Round 92: Client training...
[ 2026-03-06 14:14:32 | node_42 | INFO ] 📈 Evaluated. Results: {'test_loss': 0.4565699100494385, 'test_acc': 0.9649999737739563, 'test_precision': 0.9689093828201294, 'test_recall': 0.9634595513343811, 'test_f1': 0.96401047706604, 'communication_cost': 0}
[ 2026-03-06 14:14:32 | node_20 | INFO ] 📈 Evaluated. Results: {'test_loss': 0.40754905343055725, 'test_acc': 0.9649999737739563, 'test_precision': 0.9720134139060974, 'test_recall': 0.9619454741477966, 'test_f1': 0.9644263982772827, 'communication_cost': 0}
[ 2026-03-06 14:14:32 | node_32 | INFO ] 📈 Evaluated. Results: {'test_loss': 0.2884241044521332, 'test_acc': 0.9800000190734863, 'test_precision': 0.9832888841629028, 'test_recall': 0.9770828485488892, 'test_f1': 0.9788063168525696, 'communication_cost': 0}
[ 2026-03-06 14:14:32 | node_18 | INFO ] 📈 Evaluated. Results: {'test_loss': 0.0019369203364476562, 'test_acc': 1.0, 'test_precision': 1.0, 'test_recall': 1.0, 'test_f1': 1.0, 'communication_cost': 0}
[ 2026-03-06 14:14:32 | node_23 | INFO ] 📈 Evaluated. Results: {'test_loss': 0.20872920751571655, 'test_acc': 0.9850000143051147, 'test_precision': 0.9848102331161499, 'test_recall': 0.9875600934028625, 'test_f1': 0.9854602813720703, 'communication_cost': 0}
[ 2026-03-06 14:14:32 | node_34 | INFO ] 📈 Evaluated. Results: {'test_loss': 0.3102346956729889, 'test_acc': 0.9750000238418579, 'test_precision': 0.9725714325904846, 'test_recall': 0.9751490950584412, 'test_f1': 0.9715635180473328, 'communication_cost': 0}
[ 2026-03-06 14:14:32 | node_25 | INFO ] 📈 Evaluated. Results: {'test_loss': 0.40464726090431213, 'test_acc': 0.9750000238418579, 'test_precision': 0.9763789176940918, 'test_recall': 0.9758769273757935, 'test_f1': 0.9752805829048157, 'communication_cost': 0}
[ 2026-03-06 14:14:32 | node_29 | INFO ] 📈 Evaluated. Results: {'test_loss': 0.41912925243377686, 'test_acc': 0.9800000190734863, 'test_precision': 0.9751123189926147, 'test_recall': 0.9813279509544373, 'test_f1': 0.9767284989356995, 'communication_cost': 0}
[ 2026-03-06 14:14:32 | node_5 | INFO ] 🚂 Round 92: Client training...
[ 2026-03-06 14:14:32 | node_40 | INFO ] 📈 Evaluated. Results: {'test_loss': 0.15165676176548004, 'test_acc': 0.9850000143051147, 'test_precision': 0.9798042178153992, 'test_recall': 0.9884769320487976, 'test_f1': 0.9825057983398438, 'communication_cost': 0}
[ 2026-03-06 14:14:32 | node_30 | INFO ] 🚂 Round 92: Client training...
[ 2026-03-06 14:14:32 | node_37 | INFO ] 📈 Evaluated. Results: {'test_loss': 0.23827514052391052, 'test_acc': 0.9750000238418579, 'test_precision': 0.9781965613365173, 'test_recall': 0.9725475907325745, 'test_f1': 0.9746809601783752, 'communication_cost': 0}
[ 2026-03-06 14:14:32 | node_43 | INFO ] 📈 Evaluated. Results: {'test_loss': 0.5740368366241455, 'test_acc': 0.9750000238418579, 'test_precision': 0.9732102751731873, 'test_recall': 0.9740000367164612, 'test_f1': 0.9715969562530518, 'communication_cost': 0}
[ 2026-03-06 14:14:32 | node_6 | INFO ] 🚂 Round 92: Client training...
[ 2026-03-06 14:14:32 | node_45 | INFO ] 📈 Evaluated. Results: {'test_loss': 0.6950725317001343, 'test_acc': 0.9700000286102295, 'test_precision': 0.9691026210784912, 'test_recall': 0.9671341180801392, 'test_f1': 0.9665020704269409, 'communication_cost': 0}
[ 2026-03-06 14:14:32 | node_17 | INFO ] 🚂 Round 92: Client training...
[ 2026-03-06 14:14:32 | node_36 | INFO ] 🚂 Round 92: Client training...
[ 2026-03-06 14:14:32 | node_10 | INFO ] 📈 Evaluated. Results: {'test_loss': 0.24733680486679077, 'test_acc': 0.9900000095367432, 'test_precision': 0.9900951981544495, 'test_recall': 0.9900951981544495, 'test_f1': 0.9899259209632874, 'communication_cost': 0}
[ 2026-03-06 14:14:32 | node_38 | INFO ] 📈 Evaluated. Results: {'test_loss': 0.475935697555542, 'test_acc': 0.9700000286102295, 'test_precision': 0.9687965512275696, 'test_recall': 0.9695723056793213, 'test_f1': 0.9675349593162537, 'communication_cost': 0}
[ 2026-03-06 14:14:32 | node_21 | INFO ] 📈 Evaluated. Results: {'test_loss': 0.7091905474662781, 'test_acc': 0.9700000286102295, 'test_precision': 0.9713238477706909, 'test_recall': 0.9652230143547058, 'test_f1': 0.9666387438774109, 'communication_cost': 0}
[ 2026-03-06 14:14:32 | node_39 | INFO ] 📈 Evaluated. Results: {'test_loss': 0.5434756278991699, 'test_acc': 0.9700000286102295, 'test_precision': 0.9709475636482239, 'test_recall': 0.9638769626617432, 'test_f1': 0.9646497964859009, 'communication_cost': 0}
[ 2026-03-06 14:14:32 | node_44 | INFO ] 📈 Evaluated. Results: {'test_loss': 0.18768958747386932, 'test_acc': 0.9649999737739563, 'test_precision': 0.9631301760673523, 'test_recall': 0.9670500159263611, 'test_f1': 0.9633004069328308, 'communication_cost': 0}
[ 2026-03-06 14:14:32 | node_11 | INFO ] 📈 Evaluated. Results: {'test_loss': 0.4642796218395233, 'test_acc': 0.9700000286102295, 'test_precision': 0.9681356549263, 'test_recall': 0.9678959846496582, 'test_f1': 0.9666531085968018, 'communication_cost': 0}
[ 2026-03-06 14:14:32 | node_2 | INFO ] 📈 Evaluated. Results: {'test_loss': 0.08595398813486099, 'test_acc': 0.9800000190734863, 'test_precision': 0.9780210256576538, 'test_recall': 0.9749693274497986, 'test_f1': 0.975762128829956, 'communication_cost': 0}
[ 2026-03-06 14:14:32 | node_46 | INFO ] 📈 Evaluated. Results: {'test_loss': 0.29411858320236206, 'test_acc': 0.9750000238418579, 'test_precision': 0.9732000827789307, 'test_recall': 0.9748716950416565, 'test_f1': 0.971651017665863, 'communication_cost': 0}
[ 2026-03-06 14:14:32 | node_31 | INFO ] 🚂 Round 92: Client training...
[ 2026-03-06 14:14:32 | node_8 | INFO ] 🚂 Round 92: Client training...
[ 2026-03-06 14:14:33 | node_24 | INFO ] 🚂 Round 92: Client training...
[ 2026-03-06 14:14:33 | node_28 | INFO ] 🚂 Round 92: Client training...
[ 2026-03-06 14:14:33 | node_26 | INFO ] 🚂 Round 92: Client training...
[ 2026-03-06 14:14:33 | node_22 | INFO ] 🚂 Round 92: Client training...
[ 2026-03-06 14:14:33 | node_19 | INFO ] 🚂 Round 92: Client training...
[ 2026-03-06 14:14:33 | node_47 | INFO ] 📈 Evaluated. Results: {'test_loss': 0.3123277425765991, 'test_acc': 0.9750000238418579, 'test_precision': 0.977061927318573, 'test_recall': 0.9770007133483887, 'test_f1': 0.975506603717804, 'communication_cost': 0}
[ 2026-03-06 14:14:33 | node_42 | INFO ] 🚂 Round 92: Client training...
[ 2026-03-06 14:14:33 | node_20 | INFO ] 🚂 Round 92: Client training...
[ 2026-03-06 14:14:33 | node_48 | INFO ] 🔬 Evaluating...
[ 2026-03-06 14:14:33 | node_49 | INFO ] 🔬 Evaluating...
[ 2026-03-06 14:14:33 | node_32 | INFO ] 🚂 Round 92: Client training...
[ 2026-03-06 14:14:33 | node_18 | INFO ] 🚂 Round 92: Client training...
[ 2026-03-06 14:14:33 | node_23 | INFO ] 🚂 Round 92: Client training...
[ 2026-03-06 14:14:33 | node_25 | INFO ] 🚂 Round 92: Client training...
[ 2026-03-06 14:14:33 | node_34 | INFO ] 🚂 Round 92: Client training...
[ 2026-03-06 14:14:33 | node_29 | INFO ] 🚂 Round 92: Client training...
[ 2026-03-06 14:14:33 | node_37 | INFO ] 🚂 Round 92: Client training...
[ 2026-03-06 14:14:33 | node_40 | INFO ] 🚂 Round 92: Client training...
[ 2026-03-06 14:14:33 | node_43 | INFO ] 🚂 Round 92: Client training...
[ 2026-03-06 14:14:33 | node_45 | INFO ] 🚂 Round 92: Client training...
[ 2026-03-06 14:14:33 | node_10 | INFO ] 🚂 Round 92: Client training...
[ 2026-03-06 14:14:33 | node_39 | INFO ] 🚂 Round 92: Client training...
[ 2026-03-06 14:14:33 | node_21 | INFO ] 🚂 Round 92: Client training...
[ 2026-03-06 14:14:33 | node_38 | INFO ] 🚂 Round 92: Client training...
[ 2026-03-06 14:14:33 | node_44 | INFO ] 🚂 Round 92: Client training...
[ 2026-03-06 14:14:33 | node_46 | INFO ] 🚂 Round 92: Client training...
[ 2026-03-06 14:14:33 | node_2 | INFO ] 🚂 Round 92: Client training...
[ 2026-03-06 14:14:33 | node_11 | INFO ] 🚂 Round 92: Client training...
[ 2026-03-06 14:14:33 | node_47 | INFO ] 🚂 Round 92: Client training...
[ 2026-03-06 14:14:34 | node_48 | INFO ] 📈 Evaluated. Results: {'test_loss': 0.22536726295948029, 'test_acc': 0.9800000190734863, 'test_precision': 0.9801313877105713, 'test_recall': 0.9808639287948608, 'test_f1': 0.9789226055145264, 'communication_cost': 0}
[ 2026-03-06 14:14:34 | node_49 | INFO ] 📈 Evaluated. Results: {'test_loss': 0.2958640158176422, 'test_acc': 0.9649999737739563, 'test_precision': 0.9712424278259277, 'test_recall': 0.9624881148338318, 'test_f1': 0.964585542678833, 'communication_cost': 0}
[ 2026-03-06 14:14:34 | node_48 | INFO ] 🚂 Round 92: Client training...
[ 2026-03-06 14:14:34 | node_49 | INFO ] 🚂 Round 92: Client training...
[ 2026-03-06 14:14:35 | node | INFO ] ⏳ Round 92: Server waiting for 49 updates.
[ 2026-03-06 14:14:35 | node | INFO ] ♻️ Proactively processing 48 early models for round 92.
[ 2026-03-06 14:14:35 | node | INFO ] 🧩 Model added for round 92 (1/49) from ['node_4']
[ 2026-03-06 14:14:35 | node | INFO ] 🧩 Model added for round 92 (2/49) from ['node_13']
[ 2026-03-06 14:14:35 | node | INFO ] 🧩 Model added for round 92 (3/49) from ['node_12']
[ 2026-03-06 14:14:35 | node | INFO ] 🧩 Model added for round 92 (4/49) from ['node_3']
[ 2026-03-06 14:14:35 | node | INFO ] 🧩 Model added for round 92 (5/49) from ['node_15']
[ 2026-03-06 14:14:35 | node | INFO ] 🧩 Model added for round 92 (6/49) from ['node_1']
[ 2026-03-06 14:14:35 | node | INFO ] 🧩 Model added for round 92 (7/49) from ['node_35']
[ 2026-03-06 14:14:35 | node | INFO ] 🧩 Model added for round 92 (8/49) from ['node_7']
[ 2026-03-06 14:14:35 | node | INFO ] 🧩 Model added for round 92 (9/49) from ['node_33']
[ 2026-03-06 14:14:35 | node | INFO ] 🧩 Model added for round 92 (10/49) from ['node_16']
[ 2026-03-06 14:14:35 | node | INFO ] 🧩 Model added for round 92 (11/49) from ['node_14']
[ 2026-03-06 14:14:35 | node | INFO ] 🧩 Model added for round 92 (12/49) from ['node_41']
[ 2026-03-06 14:14:35 | node | INFO ] 🧩 Model added for round 92 (13/49) from ['node_6']
[ 2026-03-06 14:14:35 | node | INFO ] 🧩 Model added for round 92 (14/49) from ['node_9']
[ 2026-03-06 14:14:35 | node | INFO ] 🧩 Model added for round 92 (15/49) from ['node_30']
[ 2026-03-06 14:14:35 | node | INFO ] 🧩 Model added for round 92 (16/49) from ['node_5']
[ 2026-03-06 14:14:35 | node | INFO ] 🧩 Model added for round 92 (17/49) from ['node_27']
[ 2026-03-06 14:14:35 | node | INFO ] 🧩 Model added for round 92 (18/49) from ['node_8']
[ 2026-03-06 14:14:35 | node | INFO ] 🧩 Model added for round 92 (19/49) from ['node_17']
[ 2026-03-06 14:14:35 | node | INFO ] 🧩 Model added for round 92 (20/49) from ['node_31']
[ 2026-03-06 14:14:35 | node | INFO ] 🧩 Model added for round 92 (21/49) from ['node_36']
[ 2026-03-06 14:14:35 | node | INFO ] 🧩 Model added for round 92 (22/49) from ['node_28']
[ 2026-03-06 14:14:35 | node | INFO ] 🧩 Model added for round 92 (23/49) from ['node_19']
[ 2026-03-06 14:14:35 | node | INFO ] 🧩 Model added for round 92 (24/49) from ['node_24']
[ 2026-03-06 14:14:35 | node | INFO ] 🧩 Model added for round 92 (25/49) from ['node_22']
[ 2026-03-06 14:14:35 | node | INFO ] 🧩 Model added for round 92 (26/49) from ['node_26']
[ 2026-03-06 14:14:35 | node | INFO ] 🧩 Model added for round 92 (27/49) from ['node_20']
[ 2026-03-06 14:14:35 | node | INFO ] 🧩 Model added for round 92 (28/49) from ['node_18']
[ 2026-03-06 14:14:35 | node | INFO ] 🧩 Model added for round 92 (29/49) from ['node_23']
[ 2026-03-06 14:14:35 | node | INFO ] 🧩 Model added for round 92 (30/49) from ['node_42']
[ 2026-03-06 14:14:35 | node | INFO ] 🧩 Model added for round 92 (31/49) from ['node_34']
[ 2026-03-06 14:14:35 | node | INFO ] 🧩 Model added for round 92 (32/49) from ['node_29']
[ 2026-03-06 14:14:35 | node | INFO ] 🧩 Model added for round 92 (33/49) from ['node_32']
[ 2026-03-06 14:14:35 | node | INFO ] 🧩 Model added for round 92 (34/49) from ['node_37']
[ 2026-03-06 14:14:35 | node | INFO ] 🧩 Model added for round 92 (35/49) from ['node_38']
[ 2026-03-06 14:14:35 | node | INFO ] 🧩 Model added for round 92 (36/49) from ['node_39']
[ 2026-03-06 14:14:35 | node | INFO ] 🧩 Model added for round 92 (37/49) from ['node_45']
[ 2026-03-06 14:14:35 | node | INFO ] 🧩 Model added for round 92 (38/49) from ['node_10']
[ 2026-03-06 14:14:35 | node | INFO ] 🧩 Model added for round 92 (39/49) from ['node_25']
[ 2026-03-06 14:14:35 | node | INFO ] 🧩 Model added for round 92 (40/49) from ['node_43']
[ 2026-03-06 14:14:35 | node | INFO ] 🧩 Model added for round 92 (41/49) from ['node_44']
[ 2026-03-06 14:14:35 | node | INFO ] 🧩 Model added for round 92 (42/49) from ['node_46']
[ 2026-03-06 14:14:35 | node | INFO ] 🧩 Model added for round 92 (43/49) from ['node_11']
[ 2026-03-06 14:14:35 | node | INFO ] 🧩 Model added for round 92 (44/49) from ['node_40']
[ 2026-03-06 14:14:35 | node | INFO ] 🧩 Model added for round 92 (45/49) from ['node_47']
[ 2026-03-06 14:14:35 | node | INFO ] 🧩 Model added for round 92 (46/49) from ['node_2']
[ 2026-03-06 14:14:35 | node | INFO ] 🧩 Model added for round 92 (47/49) from ['node_21']
[ 2026-03-06 14:14:35 | node | INFO ] 🧩 Model added for round 92 (48/49) from ['node_48']
[ 2026-03-06 14:14:35 | node | INFO ] 🧩 Model added for round 92 (49/49) from ['node_49']
[ 2026-03-06 14:14:36 | node | INFO ] 🔬 Evaluating...
[ 2026-03-06 14:14:36 | node | INFO ] 📈 Evaluated. Results: {'test_loss': 0.24073348939418793, 'test_acc': 0.9850000143051147, 'test_precision': 0.9841939806938171, 'test_recall': 0.9803000092506409, 'test_f1': 0.9808365106582642, 'communication_cost': 46110666}
[ 2026-03-06 14:14:36 | node_1 | INFO ] 🔬 Evaluating...
[ 2026-03-06 14:14:36 | node_7 | INFO ] 🔬 Evaluating...
[ 2026-03-06 14:14:36 | node_14 | INFO ] 🔬 Evaluating...
[ 2026-03-06 14:14:36 | node_6 | INFO ] 🔬 Evaluating...
[ 2026-03-06 14:14:36 | node_5 | INFO ] 🔬 Evaluating...
[ 2026-03-06 14:14:36 | node_1 | INFO ] 📈 Evaluated. Results: {'test_loss': 0.5185162425041199, 'test_acc': 0.9649999737739563, 'test_precision': 0.9616674780845642, 'test_recall': 0.9653037786483765, 'test_f1': 0.9601662158966064, 'communication_cost': 0}
[ 2026-03-06 14:14:36 | node_9 | INFO ] 🔬 Evaluating...
[ 2026-03-06 14:14:36 | node_1 | INFO ] 🚂 Round 93: Client training...
[ 2026-03-06 14:14:36 | node_17 | INFO ] 🔬 Evaluating...
[ 2026-03-06 14:14:36 | node_8 | INFO ] 🔬 Evaluating...
[ 2026-03-06 14:14:36 | node_19 | INFO ] 🔬 Evaluating...
[ 2026-03-06 14:14:36 | node_7 | INFO ] 📈 Evaluated. Results: {'test_loss': 0.06381675601005554, 'test_acc': 0.9950000047683716, 'test_precision': 0.9950768947601318, 'test_recall': 0.9957333207130432, 'test_f1': 0.9952331781387329, 'communication_cost': 0}
[ 2026-03-06 14:14:36 | node_12 | INFO ] 🔬 Evaluating...
[ 2026-03-06 14:14:36 | node_13 | INFO ] 🔬 Evaluating...
[ 2026-03-06 14:14:36 | node_18 | INFO ] 🔬 Evaluating...
[ 2026-03-06 14:14:36 | node_3 | INFO ] 🔬 Evaluating...
[ 2026-03-06 14:14:36 | node_7 | INFO ] 🚂 Round 93: Client training...
[ 2026-03-06 14:14:36 | node_14 | INFO ] 📈 Evaluated. Results: {'test_loss': 0.19443581998348236, 'test_acc': 0.9750000238418579, 'test_precision': 0.9748610854148865, 'test_recall': 0.9737159013748169, 'test_f1': 0.9735071659088135, 'communication_cost': 0}
[ 2026-03-06 14:14:36 | node_6 | INFO ] 📈 Evaluated. Results: {'test_loss': 0.2989947199821472, 'test_acc': 0.9700000286102295, 'test_precision': 0.9758285284042358, 'test_recall': 0.9695819020271301, 'test_f1': 0.9707696437835693, 'communication_cost': 0}
[ 2026-03-06 14:14:36 | node_14 | INFO ] 🚂 Round 93: Client training...
[ 2026-03-06 14:14:36 | node_10 | INFO ] 🔬 Evaluating...
[ 2026-03-06 14:14:36 | node_11 | INFO ] 🔬 Evaluating...
[ 2026-03-06 14:14:36 | node_21 | INFO ] 🔬 Evaluating...
[ 2026-03-06 14:14:36 | node_2 | INFO ] 🔬 Evaluating...
[ 2026-03-06 14:14:36 | node_5 | INFO ] 📈 Evaluated. Results: {'test_loss': 0.15978595614433289, 'test_acc': 0.9850000143051147, 'test_precision': 0.9869999885559082, 'test_recall': 0.9843571186065674, 'test_f1': 0.9849404096603394, 'communication_cost': 0}
[ 2026-03-06 14:14:36 | node_6 | INFO ] 🚂 Round 93: Client training...
[ 2026-03-06 14:14:36 | node_9 | INFO ] 📈 Evaluated. Results: {'test_loss': 0.1456041932106018, 'test_acc': 0.9850000143051147, 'test_precision': 0.9873122572898865, 'test_recall': 0.9876638650894165, 'test_f1': 0.9870697259902954, 'communication_cost': 0}
[ 2026-03-06 14:14:36 | node_5 | INFO ] 🚂 Round 93: Client training...
[ 2026-03-06 14:14:36 | node_15 | INFO ] 🔬 Evaluating...
[ 2026-03-06 14:14:36 | node_4 | INFO ] 🔬 Evaluating...
[ 2026-03-06 14:14:37 | node_20 | INFO ] 🔬 Evaluating...
[ 2026-03-06 14:14:37 | node_22 | INFO ] 🔬 Evaluating...
[ 2026-03-06 14:14:37 | node_18 | INFO ] 📈 Evaluated. Results: {'test_loss': 0.0014440207742154598, 'test_acc': 1.0, 'test_precision': 1.0, 'test_recall': 1.0, 'test_f1': 1.0, 'communication_cost': 0}
[ 2026-03-06 14:14:37 | node_16 | INFO ] 🔬 Evaluating...
[ 2026-03-06 14:14:37 | node_3 | INFO ] 📈 Evaluated. Results: {'test_loss': 0.1481829434633255, 'test_acc': 0.9800000190734863, 'test_precision': 0.980102002620697, 'test_recall': 0.9775333404541016, 'test_f1': 0.9773445129394531, 'communication_cost': 0}
[ 2026-03-06 14:14:37 | node_13 | INFO ] 📈 Evaluated. Results: {'test_loss': 0.47891971468925476, 'test_acc': 0.9649999737739563, 'test_precision': 0.9602588415145874, 'test_recall': 0.9627649188041687, 'test_f1': 0.959336519241333, 'communication_cost': 0}
[ 2026-03-06 14:14:37 | node_9 | INFO ] 🚂 Round 93: Client training...
[ 2026-03-06 14:14:37 | node_21 | INFO ] 📈 Evaluated. Results: {'test_loss': 0.6824642419815063, 'test_acc': 0.9700000286102295, 'test_precision': 0.9713238477706909, 'test_recall': 0.9652230143547058, 'test_f1': 0.9666387438774109, 'communication_cost': 0}
[ 2026-03-06 14:14:37 | node_17 | INFO ] 📈 Evaluated. Results: {'test_loss': 0.09808734059333801, 'test_acc': 0.9900000095367432, 'test_precision': 0.9925333261489868, 'test_recall': 0.9917333126068115, 'test_f1': 0.9920278191566467, 'communication_cost': 0}
[ 2026-03-06 14:14:37 | node_10 | INFO ] 📈 Evaluated. Results: {'test_loss': 0.23670756816864014, 'test_acc': 0.9850000143051147, 'test_precision': 0.9862856864929199, 'test_recall': 0.9847619533538818, 'test_f1': 0.9845179915428162, 'communication_cost': 0}
[ 2026-03-06 14:14:37 | node_12 | INFO ] 📈 Evaluated. Results: {'test_loss': 0.10372314602136612, 'test_acc': 0.9900000095367432, 'test_precision': 0.9905769228935242, 'test_recall': 0.9896162152290344, 'test_f1': 0.9895610213279724, 'communication_cost': 0}
[ 2026-03-06 14:14:37 | node_2 | INFO ] 📈 Evaluated. Results: {'test_loss': 0.08029306679964066, 'test_acc': 0.9800000190734863, 'test_precision': 0.978827714920044, 'test_recall': 0.9749693274497986, 'test_f1': 0.9761930704116821, 'communication_cost': 0}
[ 2026-03-06 14:14:37 | node_8 | INFO ] 📈 Evaluated. Results: {'test_loss': 0.26355841755867004, 'test_acc': 0.9750000238418579, 'test_precision': 0.9782221913337708, 'test_recall': 0.9746875166893005, 'test_f1': 0.9748017191886902, 'communication_cost': 0}
[ 2026-03-06 14:14:37 | node_11 | INFO ] 📈 Evaluated. Results: {'test_loss': 0.44318631291389465, 'test_acc': 0.9750000238418579, 'test_precision': 0.9739538431167603, 'test_recall': 0.9724674224853516, 'test_f1': 0.9720712304115295, 'communication_cost': 0}
[ 2026-03-06 14:14:37 | node_3 | INFO ] 🚂 Round 93: Client training...
[ 2026-03-06 14:14:37 | node_13 | INFO ] 🚂 Round 93: Client training...
[ 2026-03-06 14:14:37 | node_18 | INFO ] 🚂 Round 93: Client training...
[ 2026-03-06 14:14:37 | node_21 | INFO ] 🚂 Round 93: Client training...
[ 2026-03-06 14:14:37 | node_17 | INFO ] 🚂 Round 93: Client training...
[ 2026-03-06 14:14:37 | node_4 | INFO ] 📈 Evaluated. Results: {'test_loss': 0.09087175130844116, 'test_acc': 0.9900000095367432, 'test_precision': 0.9890769720077515, 'test_recall': 0.9920769333839417, 'test_f1': 0.9900420308113098, 'communication_cost': 0}
[ 2026-03-06 14:14:37 | node_10 | INFO ] 🚂 Round 93: Client training...
[ 2026-03-06 14:14:37 | node_15 | INFO ] 📈 Evaluated. Results: {'test_loss': 0.2870660722255707, 'test_acc': 0.9950000047683716, 'test_precision': 0.9957333207130432, 'test_recall': 0.9908571839332581, 'test_f1': 0.992870032787323, 'communication_cost': 0}
[ 2026-03-06 14:14:37 | node_20 | INFO ] 📈 Evaluated. Results: {'test_loss': 0.37457388639450073, 'test_acc': 0.9649999737739563, 'test_precision': 0.9720134139060974, 'test_recall': 0.9619454741477966, 'test_f1': 0.9644263982772827, 'communication_cost': 0}
[ 2026-03-06 14:14:37 | node_22 | INFO ] 📈 Evaluated. Results: {'test_loss': 0.22677093744277954, 'test_acc': 0.9750000238418579, 'test_precision': 0.976226270198822, 'test_recall': 0.9748333692550659, 'test_f1': 0.9742796421051025, 'communication_cost': 0}
[ 2026-03-06 14:14:37 | node_16 | INFO ] 📈 Evaluated. Results: {'test_loss': 0.2050822377204895, 'test_acc': 0.9800000190734863, 'test_precision': 0.9841221570968628, 'test_recall': 0.9815706014633179, 'test_f1': 0.9818600416183472, 'communication_cost': 0}
[ 2026-03-06 14:14:37 | node_12 | INFO ] 🚂 Round 93: Client training...
[ 2026-03-06 14:14:37 | node_2 | INFO ] 🚂 Round 93: Client training...
[ 2026-03-06 14:14:37 | node_8 | INFO ] 🚂 Round 93: Client training...
[ 2026-03-06 14:14:37 | node_11 | INFO ] 🚂 Round 93: Client training...
[ 2026-03-06 14:14:37 | node_4 | INFO ] 🚂 Round 93: Client training...
[ 2026-03-06 14:14:37 | node_15 | INFO ] 🚂 Round 93: Client training...
[ 2026-03-06 14:14:37 | node_20 | INFO ] 🚂 Round 93: Client training...
[ 2026-03-06 14:14:37 | node_16 | INFO ] 🚂 Round 93: Client training...
[ 2026-03-06 14:14:37 | node_22 | INFO ] 🚂 Round 93: Client training...
[ 2026-03-06 14:14:37 | node_25 | INFO ] 🔬 Evaluating...
[ 2026-03-06 14:14:37 | node_24 | INFO ] 🔬 Evaluating...
[ 2026-03-06 14:14:37 | node_23 | INFO ] 🔬 Evaluating...
[ 2026-03-06 14:14:37 | node_28 | INFO ] 🔬 Evaluating...
[ 2026-03-06 14:14:37 | node_26 | INFO ] 🔬 Evaluating...
[ 2026-03-06 14:14:37 | node_27 | INFO ] 🔬 Evaluating...
[ 2026-03-06 14:14:37 | node_24 | INFO ] 📈 Evaluated. Results: {'test_loss': 0.04694780334830284, 'test_acc': 0.9850000143051147, 'test_precision': 0.9851720929145813, 'test_recall': 0.9839254021644592, 'test_f1': 0.9841287136077881, 'communication_cost': 0}
[ 2026-03-06 14:14:37 | node_25 | INFO ] 📈 Evaluated. Results: {'test_loss': 0.4276106357574463, 'test_acc': 0.9700000286102295, 'test_precision': 0.9714558124542236, 'test_recall': 0.9709538221359253, 'test_f1': 0.9699729084968567, 'communication_cost': 0}
[ 2026-03-06 14:14:37 | node_28 | INFO ] 📈 Evaluated. Results: {'test_loss': 0.20178642868995667, 'test_acc': 0.9700000286102295, 'test_precision': 0.97125244140625, 'test_recall': 0.9690340161323547, 'test_f1': 0.9686510562896729, 'communication_cost': 0}
[ 2026-03-06 14:14:37 | node_27 | INFO ] 📈 Evaluated. Results: {'test_loss': 0.07236966490745544, 'test_acc': 0.9950000047683716, 'test_precision': 0.9955000281333923, 'test_recall': 0.9910000562667847, 'test_f1': 0.9924571514129639, 'communication_cost': 0}
[ 2026-03-06 14:14:37 | node_26 | INFO ] 📈 Evaluated. Results: {'test_loss': 0.29062965512275696, 'test_acc': 0.9649999737739563, 'test_precision': 0.9607238173484802, 'test_recall': 0.9678034782409668, 'test_f1': 0.962436854839325, 'communication_cost': 0}
[ 2026-03-06 14:14:37 | node_23 | INFO ] 📈 Evaluated. Results: {'test_loss': 0.22513790428638458, 'test_acc': 0.9800000190734863, 'test_precision': 0.9739658236503601, 'test_recall': 0.9835602045059204, 'test_f1': 0.9775712490081787, 'communication_cost': 0}
[ 2026-03-06 14:14:37 | node_24 | INFO ] 🚂 Round 93: Client training...
[ 2026-03-06 14:14:37 | node_25 | INFO ] 🚂 Round 93: Client training...
[ 2026-03-06 14:14:37 | node_28 | INFO ] 🚂 Round 93: Client training...
[ 2026-03-06 14:14:37 | node_27 | INFO ] 🚂 Round 93: Client training...
[ 2026-03-06 14:14:37 | node_26 | INFO ] 🚂 Round 93: Client training...
[ 2026-03-06 14:14:37 | node_23 | INFO ] 🚂 Round 93: Client training...
[ 2026-03-06 14:14:38 | node_29 | INFO ] 🔬 Evaluating...
[ 2026-03-06 14:14:38 | node_40 | INFO ] 🔬 Evaluating...
[ 2026-03-06 14:14:38 | node_46 | INFO ] 🔬 Evaluating...
[ 2026-03-06 14:14:38 | node_44 | INFO ] 🔬 Evaluating...
[ 2026-03-06 14:14:38 | node_39 | INFO ] 🔬 Evaluating...
[ 2026-03-06 14:14:38 | node_35 | INFO ] 🔬 Evaluating...
[ 2026-03-06 14:14:38 | node_37 | INFO ] 🔬 Evaluating...
[ 2026-03-06 14:14:38 | node_36 | INFO ] 🔬 Evaluating...
[ 2026-03-06 14:14:38 | node_49 | INFO ] 🔬 Evaluating...
[ 2026-03-06 14:14:38 | node_43 | INFO ] 🔬 Evaluating...
[ 2026-03-06 14:14:38 | node_34 | INFO ] 🔬 Evaluating...
[ 2026-03-06 14:14:38 | node_38 | INFO ] 🔬 Evaluating...
[ 2026-03-06 14:14:38 | node_42 | INFO ] 🔬 Evaluating...
[ 2026-03-06 14:14:38 | node_30 | INFO ] 🔬 Evaluating...
[ 2026-03-06 14:14:38 | node_45 | INFO ] 🔬 Evaluating...
[ 2026-03-06 14:14:38 | node_41 | INFO ] 🔬 Evaluating...
[ 2026-03-06 14:14:38 | node_48 | INFO ] 🔬 Evaluating...
[ 2026-03-06 14:14:38 | node_33 | INFO ] 🔬 Evaluating...
[ 2026-03-06 14:14:38 | node_32 | INFO ] 🔬 Evaluating...
[ 2026-03-06 14:14:38 | node_31 | INFO ] 🔬 Evaluating...
[ 2026-03-06 14:14:38 | node_47 | INFO ] 🔬 Evaluating...
[ 2026-03-06 14:14:38 | node_36 | INFO ] 📈 Evaluated. Results: {'test_loss': 0.0045625269412994385, 'test_acc': 1.0, 'test_precision': 1.0, 'test_recall': 1.0, 'test_f1': 1.0, 'communication_cost': 0}
[ 2026-03-06 14:14:38 | node_36 | INFO ] 🚂 Round 93: Client training...
[ 2026-03-06 14:14:38 | node_40 | INFO ] 📈 Evaluated. Results: {'test_loss': 0.15035773813724518, 'test_acc': 0.9800000190734863, 'test_precision': 0.9755843877792358, 'test_recall': 0.9835538268089294, 'test_f1': 0.9773693680763245, 'communication_cost': 0}
[ 2026-03-06 14:14:38 | node_45 | INFO ] 📈 Evaluated. Results: {'test_loss': 0.7855140566825867, 'test_acc': 0.9700000286102295, 'test_precision': 0.9691026210784912, 'test_recall': 0.9671341180801392, 'test_f1': 0.9665020704269409, 'communication_cost': 0}
[ 2026-03-06 14:14:38 | node_44 | INFO ] 📈 Evaluated. Results: {'test_loss': 0.22297966480255127, 'test_acc': 0.9549999833106995, 'test_precision': 0.9518269300460815, 'test_recall': 0.9559071063995361, 'test_f1': 0.9521830677986145, 'communication_cost': 0}
[ 2026-03-06 14:14:38 | node_40 | INFO ] 🚂 Round 93: Client training...
[ 2026-03-06 14:14:38 | node_45 | INFO ] 🚂 Round 93: Client training...
[ 2026-03-06 14:14:38 | node_42 | INFO ] 📈 Evaluated. Results: {'test_loss': 0.4660806357860565, 'test_acc': 0.9700000286102295, 'test_precision': 0.9754965305328369, 'test_recall': 0.9670151472091675, 'test_f1': 0.9688677787780762, 'communication_cost': 0}
[ 2026-03-06 14:14:38 | node_41 | INFO ] 📈 Evaluated. Results: {'test_loss': 0.1688215583562851, 'test_acc': 0.9850000143051147, 'test_precision': 0.9868571758270264, 'test_recall': 0.98638916015625, 'test_f1': 0.9861353039741516, 'communication_cost': 0}
[ 2026-03-06 14:14:38 | node_39 | INFO ] 📈 Evaluated. Results: {'test_loss': 0.48160022497177124, 'test_acc': 0.9700000286102295, 'test_precision': 0.9709475636482239, 'test_recall': 0.9638769626617432, 'test_f1': 0.9646497964859009, 'communication_cost': 0}
[ 2026-03-06 14:14:38 | node_35 | INFO ] 📈 Evaluated. Results: {'test_loss': 0.2701280117034912, 'test_acc': 0.9850000143051147, 'test_precision': 0.9827000498771667, 'test_recall': 0.9842284917831421, 'test_f1': 0.9824283123016357, 'communication_cost': 0}
[ 2026-03-06 14:14:38 | node_44 | INFO ] 🚂 Round 93: Client training...
[ 2026-03-06 14:14:38 | node_37 | INFO ] 📈 Evaluated. Results: {'test_loss': 0.24248646199703217, 'test_acc': 0.9700000286102295, 'test_precision': 0.9719657897949219, 'test_recall': 0.9695476293563843, 'test_f1': 0.9703936576843262, 'communication_cost': 0}
[ 2026-03-06 14:14:38 | node_43 | INFO ] 📈 Evaluated. Results: {'test_loss': 0.6185449361801147, 'test_acc': 0.9750000238418579, 'test_precision': 0.9732102751731873, 'test_recall': 0.9740000367164612, 'test_f1': 0.9715969562530518, 'communication_cost': 0}
[ 2026-03-06 14:14:38 | node_29 | INFO ] 📈 Evaluated. Results: {'test_loss': 0.46636250615119934, 'test_acc': 0.9750000238418579, 'test_precision': 0.9724958539009094, 'test_recall': 0.9741279482841492, 'test_f1': 0.9711704850196838, 'communication_cost': 0}
[ 2026-03-06 14:14:38 | node_42 | INFO ] 🚂 Round 93: Client training...
[ 2026-03-06 14:14:38 | node_49 | INFO ] 📈 Evaluated. Results: {'test_loss': 0.34834346175193787, 'test_acc': 0.9649999737739563, 'test_precision': 0.9712424278259277, 'test_recall': 0.9624881148338318, 'test_f1': 0.964585542678833, 'communication_cost': 0}
[ 2026-03-06 14:14:38 | node_39 | INFO ] 🚂 Round 93: Client training...
[ 2026-03-06 14:14:38 | node_41 | INFO ] 🚂 Round 93: Client training...
[ 2026-03-06 14:14:38 | node_46 | INFO ] 📈 Evaluated. Results: {'test_loss': 0.3164357841014862, 'test_acc': 0.9750000238418579, 'test_precision': 0.9732000827789307, 'test_recall': 0.9748716950416565, 'test_f1': 0.971651017665863, 'communication_cost': 0}
[ 2026-03-06 14:14:38 | node_48 | INFO ] 📈 Evaluated. Results: {'test_loss': 0.26283854246139526, 'test_acc': 0.9750000238418579, 'test_precision': 0.9758647084236145, 'test_recall': 0.9770991802215576, 'test_f1': 0.9747763276100159, 'communication_cost': 0}
[ 2026-03-06 14:14:38 | node_30 | INFO ] 📈 Evaluated. Results: {'test_loss': 0.5897085666656494, 'test_acc': 0.9700000286102295, 'test_precision': 0.9675905108451843, 'test_recall': 0.9715458750724792, 'test_f1': 0.9671987295150757, 'communication_cost': 0}
[ 2026-03-06 14:14:38 | node_38 | INFO ] 📈 Evaluated. Results: {'test_loss': 0.4904641807079315, 'test_acc': 0.9700000286102295, 'test_precision': 0.9687965512275696, 'test_recall': 0.9695723056793213, 'test_f1': 0.9675349593162537, 'communication_cost': 0}
[ 2026-03-06 14:14:38 | node_34 | INFO ] 📈 Evaluated. Results: {'test_loss': 0.3341960906982422, 'test_acc': 0.9700000286102295, 'test_precision': 0.9685714840888977, 'test_recall': 0.9717805981636047, 'test_f1': 0.9676731824874878, 'communication_cost': 0}
[ 2026-03-06 14:14:38 | node_31 | INFO ] 📈 Evaluated. Results: {'test_loss': 0.09418848901987076, 'test_acc': 0.9800000190734863, 'test_precision': 0.9781159162521362, 'test_recall': 0.978528618812561, 'test_f1': 0.9774843454360962, 'communication_cost': 0}
[ 2026-03-06 14:14:38 | node_32 | INFO ] 📈 Evaluated. Results: {'test_loss': 0.30941691994667053, 'test_acc': 0.9750000238418579, 'test_precision': 0.9760888814926147, 'test_recall': 0.9725828766822815, 'test_f1': 0.9732062816619873, 'communication_cost': 0}
[ 2026-03-06 14:14:38 | node_35 | INFO ] 🚂 Round 93: Client training...
[ 2026-03-06 14:14:38 | node_33 | INFO ] 📈 Evaluated. Results: {'test_loss': 0.12242931127548218, 'test_acc': 0.9850000143051147, 'test_precision': 0.9895515441894531, 'test_recall': 0.9861538410186768, 'test_f1': 0.9871395230293274, 'communication_cost': 0}
[ 2026-03-06 14:14:38 | node_37 | INFO ] 🚂 Round 93: Client training...
[ 2026-03-06 14:14:38 | node_47 | INFO ] 📈 Evaluated. Results: {'test_loss': 0.31076598167419434, 'test_acc': 0.9700000286102295, 'test_precision': 0.9698619246482849, 'test_recall': 0.9730007648468018, 'test_f1': 0.9693889021873474, 'communication_cost': 0}
[ 2026-03-06 14:14:38 | node_29 | INFO ] 🚂 Round 93: Client training...
[ 2026-03-06 14:14:38 | node_43 | INFO ] 🚂 Round 93: Client training...
[ 2026-03-06 14:14:38 | node_49 | INFO ] 🚂 Round 93: Client training...
[ 2026-03-06 14:14:38 | node_46 | INFO ] 🚂 Round 93: Client training...
[ 2026-03-06 14:14:38 | node_34 | INFO ] 🚂 Round 93: Client training...
[ 2026-03-06 14:14:38 | node_38 | INFO ] 🚂 Round 93: Client training...
[ 2026-03-06 14:14:38 | node_48 | INFO ] 🚂 Round 93: Client training...
[ 2026-03-06 14:14:38 | node_31 | INFO ] 🚂 Round 93: Client training...
[ 2026-03-06 14:14:38 | node_30 | INFO ] 🚂 Round 93: Client training...
[ 2026-03-06 14:14:38 | node_32 | INFO ] 🚂 Round 93: Client training...
[ 2026-03-06 14:14:39 | node_33 | INFO ] 🚂 Round 93: Client training...
[ 2026-03-06 14:14:39 | node_47 | INFO ] 🚂 Round 93: Client training...
[ 2026-03-06 14:14:39 | node | INFO ] ⏳ Round 93: Server waiting for 49 updates.
[ 2026-03-06 14:14:39 | node | INFO ] ♻️ Proactively processing 48 early models for round 93.
[ 2026-03-06 14:14:39 | node | INFO ] 🧩 Model added for round 93 (1/49) from ['node_7']
[ 2026-03-06 14:14:39 | node | INFO ] 🧩 Model added for round 93 (2/49) from ['node_1']
[ 2026-03-06 14:14:39 | node | INFO ] 🧩 Model added for round 93 (3/49) from ['node_14']
[ 2026-03-06 14:14:39 | node | INFO ] 🧩 Model added for round 93 (4/49) from ['node_6']
[ 2026-03-06 14:14:39 | node | INFO ] 🧩 Model added for round 93 (5/49) from ['node_5']
[ 2026-03-06 14:14:39 | node | INFO ] 🧩 Model added for round 93 (6/49) from ['node_9']
[ 2026-03-06 14:14:39 | node | INFO ] 🧩 Model added for round 93 (7/49) from ['node_13']
[ 2026-03-06 14:14:39 | node | INFO ] 🧩 Model added for round 93 (8/49) from ['node_18']
[ 2026-03-06 14:14:39 | node | INFO ] 🧩 Model added for round 93 (9/49) from ['node_3']
[ 2026-03-06 14:14:39 | node | INFO ] 🧩 Model added for round 93 (10/49) from ['node_10']
[ 2026-03-06 14:14:39 | node | INFO ] 🧩 Model added for round 93 (11/49) from ['node_21']
[ 2026-03-06 14:14:39 | node | INFO ] 🧩 Model added for round 93 (12/49) from ['node_2']
[ 2026-03-06 14:14:39 | node | INFO ] 🧩 Model added for round 93 (13/49) from ['node_12']
[ 2026-03-06 14:14:39 | node | INFO ] 🧩 Model added for round 93 (14/49) from ['node_4']
[ 2026-03-06 14:14:39 | node | INFO ] 🧩 Model added for round 93 (15/49) from ['node_8']
[ 2026-03-06 14:14:39 | node | INFO ] 🧩 Model added for round 93 (16/49) from ['node_17']
[ 2026-03-06 14:14:39 | node | INFO ] 🧩 Model added for round 93 (17/49) from ['node_15']
[ 2026-03-06 14:14:39 | node | INFO ] 🧩 Model added for round 93 (18/49) from ['node_11']
[ 2026-03-06 14:14:39 | node | INFO ] 🧩 Model added for round 93 (19/49) from ['node_20']
[ 2026-03-06 14:14:39 | node | INFO ] 🧩 Model added for round 93 (20/49) from ['node_16']
[ 2026-03-06 14:14:39 | node | INFO ] 🧩 Model added for round 93 (21/49) from ['node_22']
[ 2026-03-06 14:14:39 | node | INFO ] 🧩 Model added for round 93 (22/49) from ['node_24']
[ 2026-03-06 14:14:39 | node | INFO ] 🧩 Model added for round 93 (23/49) from ['node_25']
[ 2026-03-06 14:14:39 | node | INFO ] 🧩 Model added for round 93 (24/49) from ['node_28']
[ 2026-03-06 14:14:39 | node | INFO ] 🧩 Model added for round 93 (25/49) from ['node_26']
[ 2026-03-06 14:14:39 | node | INFO ] 🧩 Model added for round 93 (26/49) from ['node_27']
[ 2026-03-06 14:14:39 | node | INFO ] 🧩 Model added for round 93 (27/49) from ['node_23']
[ 2026-03-06 14:14:39 | node | INFO ] 🧩 Model added for round 93 (28/49) from ['node_44']
[ 2026-03-06 14:14:39 | node | INFO ] 🧩 Model added for round 93 (29/49) from ['node_36']
[ 2026-03-06 14:14:39 | node | INFO ] 🧩 Model added for round 93 (30/49) from ['node_39']
[ 2026-03-06 14:14:39 | node | INFO ] 🧩 Model added for round 93 (31/49) from ['node_45']
[ 2026-03-06 14:14:39 | node | INFO ] 🧩 Model added for round 93 (32/49) from ['node_42']
[ 2026-03-06 14:14:39 | node | INFO ] 🧩 Model added for round 93 (33/49) from ['node_41']
[ 2026-03-06 14:14:39 | node | INFO ] 🧩 Model added for round 93 (34/49) from ['node_35']
[ 2026-03-06 14:14:39 | node | INFO ] 🧩 Model added for round 93 (35/49) from ['node_40']
[ 2026-03-06 14:14:39 | node | INFO ] 🧩 Model added for round 93 (36/49) from ['node_29']
[ 2026-03-06 14:14:39 | node | INFO ] 🧩 Model added for round 93 (37/49) from ['node_49']
[ 2026-03-06 14:14:39 | node | INFO ] 🧩 Model added for round 93 (38/49) from ['node_37']
[ 2026-03-06 14:14:39 | node | INFO ] 🧩 Model added for round 93 (39/49) from ['node_46']
[ 2026-03-06 14:14:39 | node | INFO ] 🧩 Model added for round 93 (40/49) from ['node_34']
[ 2026-03-06 14:14:39 | node | INFO ] 🧩 Model added for round 93 (41/49) from ['node_38']
[ 2026-03-06 14:14:39 | node | INFO ] 🧩 Model added for round 93 (42/49) from ['node_48']
[ 2026-03-06 14:14:39 | node | INFO ] 🧩 Model added for round 93 (43/49) from ['node_47']
[ 2026-03-06 14:14:39 | node | INFO ] 🧩 Model added for round 93 (44/49) from ['node_43']
[ 2026-03-06 14:14:39 | node | INFO ] 🧩 Model added for round 93 (45/49) from ['node_33']
[ 2026-03-06 14:14:39 | node | INFO ] 🧩 Model added for round 93 (46/49) from ['node_30']
[ 2026-03-06 14:14:39 | node | INFO ] 🧩 Model added for round 93 (47/49) from ['node_32']
[ 2026-03-06 14:14:39 | node | INFO ] 🧩 Model added for round 93 (48/49) from ['node_31']
[ 2026-03-06 14:14:39 | node_19 | INFO ] 📈 Evaluated. Results: {'test_loss': 0.07808948308229446, 'test_acc': 0.9800000190734863, 'test_precision': 0.9772444367408752, 'test_recall': 0.9784444570541382, 'test_f1': 0.9766383171081543, 'communication_cost': 0}
[ 2026-03-06 14:14:39 | node_19 | INFO ] 🚂 Round 93: Client training...
[ 2026-03-06 14:14:39 | node | INFO ] 🧩 Model added for round 93 (49/49) from ['node_19']
[ 2026-03-06 14:14:40 | node | INFO ] 🔬 Evaluating...
[ 2026-03-06 14:14:40 | node | INFO ] 📈 Evaluated. Results: {'test_loss': 0.22194236516952515, 'test_acc': 0.9850000143051147, 'test_precision': 0.9841939806938171, 'test_recall': 0.9803000092506409, 'test_f1': 0.9808365106582642, 'communication_cost': 46110666}
[ 2026-03-06 14:14:40 | node_11 | INFO ] 🔬 Evaluating...
[ 2026-03-06 14:14:40 | node_8 | INFO ] 🔬 Evaluating...
[ 2026-03-06 14:14:40 | node_4 | INFO ] 🔬 Evaluating...
[ 2026-03-06 14:14:40 | node_12 | INFO ] 🔬 Evaluating...
[ 2026-03-06 14:14:41 | node_12 | INFO ] 📈 Evaluated. Results: {'test_loss': 0.12502174079418182, 'test_acc': 0.9900000095367432, 'test_precision': 0.9905769228935242, 'test_recall': 0.9896162152290344, 'test_f1': 0.9895610213279724, 'communication_cost': 0}
[ 2026-03-06 14:14:41 | node_12 | INFO ] 🚂 Round 94: Client training...
[ 2026-03-06 14:14:41 | node_26 | INFO ] 🔬 Evaluating...
[ 2026-03-06 14:14:41 | node_11 | INFO ] 📈 Evaluated. Results: {'test_loss': 0.4682950973510742, 'test_acc': 0.9750000238418579, 'test_precision': 0.9739538431167603, 'test_recall': 0.9724674224853516, 'test_f1': 0.9720712304115295, 'communication_cost': 0}
[ 2026-03-06 14:14:41 | node_27 | INFO ] 🔬 Evaluating...
[ 2026-03-06 14:14:41 | node_23 | INFO ] 🔬 Evaluating...
[ 2026-03-06 14:14:41 | node_8 | INFO ] 📈 Evaluated. Results: {'test_loss': 0.267332524061203, 'test_acc': 0.9750000238418579, 'test_precision': 0.9782221913337708, 'test_recall': 0.9746875166893005, 'test_f1': 0.9748017191886902, 'communication_cost': 0}
[ 2026-03-06 14:14:41 | node_29 | INFO ] 🔬 Evaluating...
[ 2026-03-06 14:14:41 | node_4 | INFO ] 📈 Evaluated. Results: {'test_loss': 0.07129485160112381, 'test_acc': 0.9800000190734863, 'test_precision': 0.9800055027008057, 'test_recall': 0.9795769453048706, 'test_f1': 0.9786050319671631, 'communication_cost': 0}
[ 2026-03-06 14:14:41 | node_30 | INFO ] 🔬 Evaluating...
[ 2026-03-06 14:14:41 | node_11 | INFO ] 🚂 Round 94: Client training...
[ 2026-03-06 14:14:41 | node_8 | INFO ] 🚂 Round 94: Client training...
[ 2026-03-06 14:14:41 | node_4 | INFO ] 🚂 Round 94: Client training...
[ 2026-03-06 14:14:41 | node_27 | INFO ] 📈 Evaluated. Results: {'test_loss': 0.05673033371567726, 'test_acc': 0.9950000047683716, 'test_precision': 0.9955000281333923, 'test_recall': 0.9910000562667847, 'test_f1': 0.9924571514129639, 'communication_cost': 0}
[ 2026-03-06 14:14:41 | node_27 | INFO ] 🚂 Round 94: Client training...
[ 2026-03-06 14:14:41 | node_26 | INFO ] 📈 Evaluated. Results: {'test_loss': 0.2819095849990845, 'test_acc': 0.9649999737739563, 'test_precision': 0.9607238173484802, 'test_recall': 0.9678034782409668, 'test_f1': 0.962436854839325, 'communication_cost': 0}
[ 2026-03-06 14:14:41 | node_26 | INFO ] 🚂 Round 94: Client training...
[ 2026-03-06 14:14:41 | node_23 | INFO ] 📈 Evaluated. Results: {'test_loss': 0.20135366916656494, 'test_acc': 0.9900000095367432, 'test_precision': 0.9860000610351562, 'test_recall': 0.9921315908432007, 'test_f1': 0.9883308410644531, 'communication_cost': 0}
[ 2026-03-06 14:14:41 | node_23 | INFO ] 🚂 Round 94: Client training...
[ 2026-03-06 14:14:41 | node_1 | INFO ] 🔬 Evaluating...
[ 2026-03-06 14:14:41 | node_30 | INFO ] 📈 Evaluated. Results: {'test_loss': 0.6599358916282654, 'test_acc': 0.9700000286102295, 'test_precision': 0.9675905108451843, 'test_recall': 0.9715458750724792, 'test_f1': 0.9671987295150757, 'communication_cost': 0}
[ 2026-03-06 14:14:41 | node_6 | INFO ] 🔬 Evaluating...
[ 2026-03-06 14:14:41 | node_7 | INFO ] 🔬 Evaluating...
[ 2026-03-06 14:14:41 | node_14 | INFO ] 🔬 Evaluating...
[ 2026-03-06 14:14:41 | node_5 | INFO ] 🔬 Evaluating...
[ 2026-03-06 14:14:41 | node_30 | INFO ] 🚂 Round 94: Client training...
[ 2026-03-06 14:14:41 | node_2 | INFO ] 🔬 Evaluating...
[ 2026-03-06 14:14:41 | node_3 | INFO ] 🔬 Evaluating...
[ 2026-03-06 14:14:41 | node_9 | INFO ] 🔬 Evaluating...
[ 2026-03-06 14:14:41 | node_10 | INFO ] 🔬 Evaluating...
[ 2026-03-06 14:14:41 | node_18 | INFO ] 🔬 Evaluating...
[ 2026-03-06 14:14:41 | node_21 | INFO ] 🔬 Evaluating...
[ 2026-03-06 14:14:41 | node_13 | INFO ] 🔬 Evaluating...
[ 2026-03-06 14:14:41 | node_25 | INFO ] 🔬 Evaluating...
[ 2026-03-06 14:14:41 | node_24 | INFO ] 🔬 Evaluating...
[ 2026-03-06 14:14:41 | node_20 | INFO ] 🔬 Evaluating...
[ 2026-03-06 14:14:41 | node_19 | INFO ] 🔬 Evaluating...
[ 2026-03-06 14:14:41 | node_16 | INFO ] 🔬 Evaluating...
[ 2026-03-06 14:14:41 | node_15 | INFO ] 🔬 Evaluating...
[ 2026-03-06 14:14:41 | node_17 | INFO ] 🔬 Evaluating...
[ 2026-03-06 14:14:41 | node_22 | INFO ] 🔬 Evaluating...
[ 2026-03-06 14:14:41 | node_28 | INFO ] 🔬 Evaluating...
[ 2026-03-06 14:14:41 | node_36 | INFO ] 🔬 Evaluating...
[ 2026-03-06 14:14:41 | node_39 | INFO ] 🔬 Evaluating...
[ 2026-03-06 14:14:41 | node_41 | INFO ] 🔬 Evaluating...
[ 2026-03-06 14:14:41 | node_35 | INFO ] 🔬 Evaluating...
[ 2026-03-06 14:14:41 | node_37 | INFO ] 🔬 Evaluating...
[ 2026-03-06 14:14:41 | node_34 | INFO ] 🔬 Evaluating...
[ 2026-03-06 14:14:41 | node_38 | INFO ] 🔬 Evaluating...
[ 2026-03-06 14:14:41 | node_32 | INFO ] 🔬 Evaluating...
[ 2026-03-06 14:14:41 | node_40 | INFO ] 🔬 Evaluating...
[ 2026-03-06 14:14:41 | node_33 | INFO ] 🔬 Evaluating...
[ 2026-03-06 14:14:41 | node_31 | INFO ] 🔬 Evaluating...
[ 2026-03-06 14:14:41 | node_1 | INFO ] 📈 Evaluated. Results: {'test_loss': 0.5382282733917236, 'test_acc': 0.9700000286102295, 'test_precision': 0.9668102860450745, 'test_recall': 0.9693037271499634, 'test_f1': 0.9650530815124512, 'communication_cost': 0}
[ 2026-03-06 14:14:41 | node_5 | INFO ] 📈 Evaluated. Results: {'test_loss': 0.16749243438243866, 'test_acc': 0.9900000095367432, 'test_precision': 0.9914999604225159, 'test_recall': 0.9894999861717224, 'test_f1': 0.9898096323013306, 'communication_cost': 0}
[ 2026-03-06 14:14:41 | node_6 | INFO ] 📈 Evaluated. Results: {'test_loss': 0.2612757980823517, 'test_acc': 0.9700000286102295, 'test_precision': 0.9740104079246521, 'test_recall': 0.9695819020271301, 'test_f1': 0.9700636267662048, 'communication_cost': 0}
[ 2026-03-06 14:14:41 | node_7 | INFO ] 📈 Evaluated. Results: {'test_loss': 0.05634733662009239, 'test_acc': 0.9950000047683716, 'test_precision': 0.9950768947601318, 'test_recall': 0.9957333207130432, 'test_f1': 0.9952331781387329, 'communication_cost': 0}
[ 2026-03-06 14:14:41 | node_14 | INFO ] 📈 Evaluated. Results: {'test_loss': 0.17842306196689606, 'test_acc': 0.9750000238418579, 'test_precision': 0.9755722284317017, 'test_recall': 0.9742977023124695, 'test_f1': 0.9739194512367249, 'communication_cost': 0}
[ 2026-03-06 14:14:42 | node_1 | INFO ] 🚂 Round 94: Client training...
[ 2026-03-06 14:14:42 | node_2 | INFO ] 📈 Evaluated. Results: {'test_loss': 0.07422951608896255, 'test_acc': 0.9850000143051147, 'test_precision': 0.9829286336898804, 'test_recall': 0.9841122627258301, 'test_f1': 0.9824635982513428, 'communication_cost': 0}
[ 2026-03-06 14:14:42 | node_5 | INFO ] 🚂 Round 94: Client training...
[ 2026-03-06 14:14:42 | node_6 | INFO ] 🚂 Round 94: Client training...
[ 2026-03-06 14:14:42 | node_10 | INFO ] 📈 Evaluated. Results: {'test_loss': 0.22511425614356995, 'test_acc': 0.9900000095367432, 'test_precision': 0.9900951981544495, 'test_recall': 0.9900951981544495, 'test_f1': 0.9899259209632874, 'communication_cost': 0}
[ 2026-03-06 14:14:42 | node_7 | INFO ] 🚂 Round 94: Client training...
[ 2026-03-06 14:14:42 | node_18 | INFO ] 📈 Evaluated. Results: {'test_loss': 0.0015875978861004114, 'test_acc': 1.0, 'test_precision': 1.0, 'test_recall': 1.0, 'test_f1': 1.0, 'communication_cost': 0}
[ 2026-03-06 14:14:42 | node_3 | INFO ] 📈 Evaluated. Results: {'test_loss': 0.16294223070144653, 'test_acc': 0.9750000238418579, 'test_precision': 0.9711019992828369, 'test_recall': 0.9735333323478699, 'test_f1': 0.9700840711593628, 'communication_cost': 0}
[ 2026-03-06 14:14:42 | node_9 | INFO ] 📈 Evaluated. Results: {'test_loss': 0.13685303926467896, 'test_acc': 0.9850000143051147, 'test_precision': 0.9873122572898865, 'test_recall': 0.9876638650894165, 'test_f1': 0.9870697259902954, 'communication_cost': 0}
[ 2026-03-06 14:14:42 | node_16 | INFO ] 📈 Evaluated. Results: {'test_loss': 0.22622893750667572, 'test_acc': 0.9800000190734863, 'test_precision': 0.9841221570968628, 'test_recall': 0.9815706014633179, 'test_f1': 0.9818600416183472, 'communication_cost': 0}
[ 2026-03-06 14:14:42 | node_29 | INFO ] 📈 Evaluated. Results: {'test_loss': 0.41094136238098145, 'test_acc': 0.9800000190734863, 'test_precision': 0.9762606620788574, 'test_recall': 0.9790510535240173, 'test_f1': 0.9756698608398438, 'communication_cost': 0}
[ 2026-03-06 14:14:42 | node_21 | INFO ] 📈 Evaluated. Results: {'test_loss': 0.6793768405914307, 'test_acc': 0.9700000286102295, 'test_precision': 0.9713238477706909, 'test_recall': 0.9652230143547058, 'test_f1': 0.9666387438774109, 'communication_cost': 0}
[ 2026-03-06 14:14:42 | node_13 | INFO ] 📈 Evaluated. Results: {'test_loss': 0.3968634009361267, 'test_acc': 0.9700000286102295, 'test_precision': 0.9701159596443176, 'test_recall': 0.9687647819519043, 'test_f1': 0.9677102565765381, 'communication_cost': 0}
[ 2026-03-06 14:14:42 | node_20 | INFO ] 📈 Evaluated. Results: {'test_loss': 0.3720167875289917, 'test_acc': 0.9599999785423279, 'test_precision': 0.9659706354141235, 'test_recall': 0.9579454064369202, 'test_f1': 0.9592695832252502, 'communication_cost': 0}
[ 2026-03-06 14:14:42 | node_24 | INFO ] 📈 Evaluated. Results: {'test_loss': 0.06237432360649109, 'test_acc': 0.9850000143051147, 'test_precision': 0.9851720929145813, 'test_recall': 0.9839254021644592, 'test_f1': 0.9841287136077881, 'communication_cost': 0}
[ 2026-03-06 14:14:42 | node_25 | INFO ] 📈 Evaluated. Results: {'test_loss': 0.4098668694496155, 'test_acc': 0.9750000238418579, 'test_precision': 0.9763789176940918, 'test_recall': 0.9758769273757935, 'test_f1': 0.9752805829048157, 'communication_cost': 0}
[ 2026-03-06 14:14:42 | node_14 | INFO ] 🚂 Round 94: Client training...
[ 2026-03-06 14:14:42 | node_19 | INFO ] 📈 Evaluated. Results: {'test_loss': 0.06162887439131737, 'test_acc': 0.9850000143051147, 'test_precision': 0.9812444448471069, 'test_recall': 0.9844444394111633, 'test_f1': 0.9817935228347778, 'communication_cost': 0}
[ 2026-03-06 14:14:42 | node_22 | INFO ] 📈 Evaluated. Results: {'test_loss': 0.2324427366256714, 'test_acc': 0.9750000238418579, 'test_precision': 0.976226270198822, 'test_recall': 0.9748333692550659, 'test_f1': 0.9742796421051025, 'communication_cost': 0}
[ 2026-03-06 14:14:42 | node_28 | INFO ] 📈 Evaluated. Results: {'test_loss': 0.183702290058136, 'test_acc': 0.9700000286102295, 'test_precision': 0.97125244140625, 'test_recall': 0.9690340161323547, 'test_f1': 0.9686510562896729, 'communication_cost': 0}
[ 2026-03-06 14:14:42 | node_15 | INFO ] 📈 Evaluated. Results: {'test_loss': 0.2638442814350128, 'test_acc': 0.9950000047683716, 'test_precision': 0.9957333207130432, 'test_recall': 0.9908571839332581, 'test_f1': 0.992870032787323, 'communication_cost': 0}
[ 2026-03-06 14:14:42 | node_17 | INFO ] 📈 Evaluated. Results: {'test_loss': 0.07969601452350616, 'test_acc': 0.9950000047683716, 'test_precision': 0.9959999918937683, 'test_recall': 0.9959999918937683, 'test_f1': 0.9958709478378296, 'communication_cost': 0}
[ 2026-03-06 14:14:42 | node_39 | INFO ] 📈 Evaluated. Results: {'test_loss': 0.5132927298545837, 'test_acc': 0.9700000286102295, 'test_precision': 0.9709475636482239, 'test_recall': 0.9638769626617432, 'test_f1': 0.9646497964859009, 'communication_cost': 0}
[ 2026-03-06 14:14:42 | node_36 | INFO ] 📈 Evaluated. Results: {'test_loss': 0.0031935255974531174, 'test_acc': 1.0, 'test_precision': 1.0, 'test_recall': 1.0, 'test_f1': 1.0, 'communication_cost': 0}
[ 2026-03-06 14:14:42 | node_2 | INFO ] 🚂 Round 94: Client training...
[ 2026-03-06 14:14:42 | node_10 | INFO ] 🚂 Round 94: Client training...
[ 2026-03-06 14:14:42 | node_41 | INFO ] 📈 Evaluated. Results: {'test_loss': 0.14777596294879913, 'test_acc': 0.9850000143051147, 'test_precision': 0.9868571758270264, 'test_recall': 0.98638916015625, 'test_f1': 0.9861353039741516, 'communication_cost': 0}
[ 2026-03-06 14:14:42 | node_35 | INFO ] 📈 Evaluated. Results: {'test_loss': 0.24881745874881744, 'test_acc': 0.9850000143051147, 'test_precision': 0.9827000498771667, 'test_recall': 0.9842284917831421, 'test_f1': 0.9824283123016357, 'communication_cost': 0}
[ 2026-03-06 14:14:42 | node_18 | INFO ] 🚂 Round 94: Client training...
[ 2026-03-06 14:14:42 | node_16 | INFO ] 🚂 Round 94: Client training...
[ 2026-03-06 14:14:42 | node_33 | INFO ] 📈 Evaluated. Results: {'test_loss': 0.11106324940919876, 'test_acc': 0.9750000238418579, 'test_precision': 0.9802181720733643, 'test_recall': 0.969153881072998, 'test_f1': 0.9735009670257568, 'communication_cost': 0}
[ 2026-03-06 14:14:42 | node_38 | INFO ] 📈 Evaluated. Results: {'test_loss': 0.4735504984855652, 'test_acc': 0.9649999737739563, 'test_precision': 0.9650631546974182, 'test_recall': 0.9653056263923645, 'test_f1': 0.9632682800292969, 'communication_cost': 0}
[ 2026-03-06 14:14:42 | node_32 | INFO ] 📈 Evaluated. Results: {'test_loss': 0.3067031800746918, 'test_acc': 0.9800000190734863, 'test_precision': 0.9832888841629028, 'test_recall': 0.9770828485488892, 'test_f1': 0.9788063168525696, 'communication_cost': 0}
[ 2026-03-06 14:14:42 | node_34 | INFO ] 📈 Evaluated. Results: {'test_loss': 0.30778008699417114, 'test_acc': 0.9800000190734863, 'test_precision': 0.9764395952224731, 'test_recall': 0.9800722002983093, 'test_f1': 0.976683497428894, 'communication_cost': 0}
[ 2026-03-06 14:14:42 | node_31 | INFO ] 📈 Evaluated. Results: {'test_loss': 0.07629210501909256, 'test_acc': 0.9800000190734863, 'test_precision': 0.9781159162521362, 'test_recall': 0.978528618812561, 'test_f1': 0.9774843454360962, 'communication_cost': 0}
[ 2026-03-06 14:14:42 | node_3 | INFO ] 🚂 Round 94: Client training...
[ 2026-03-06 14:14:42 | node_40 | INFO ] 📈 Evaluated. Results: {'test_loss': 0.16032013297080994, 'test_acc': 0.9850000143051147, 'test_precision': 0.9798042178153992, 'test_recall': 0.9884769320487976, 'test_f1': 0.9825057983398438, 'communication_cost': 0}
[ 2026-03-06 14:14:42 | node_37 | INFO ] 📈 Evaluated. Results: {'test_loss': 0.2475583702325821, 'test_acc': 0.9700000286102295, 'test_precision': 0.9719657897949219, 'test_recall': 0.9695476293563843, 'test_f1': 0.9703936576843262, 'communication_cost': 0}
[ 2026-03-06 14:14:42 | node_21 | INFO ] 🚂 Round 94: Client training...
[ 2026-03-06 14:14:42 | node_9 | INFO ] 🚂 Round 94: Client training...
[ 2026-03-06 14:14:42 | node_13 | INFO ] 🚂 Round 94: Client training...
[ 2026-03-06 14:14:42 | node_29 | INFO ] 🚂 Round 94: Client training...
[ 2026-03-06 14:14:42 | node_20 | INFO ] 🚂 Round 94: Client training...
[ 2026-03-06 14:14:42 | node_24 | INFO ] 🚂 Round 94: Client training...
[ 2026-03-06 14:14:42 | node_25 | INFO ] 🚂 Round 94: Client training...
[ 2026-03-06 14:14:42 | node_19 | INFO ] 🚂 Round 94: Client training...
[ 2026-03-06 14:14:42 | node_22 | INFO ] 🚂 Round 94: Client training...
[ 2026-03-06 14:14:42 | node_28 | INFO ] 🚂 Round 94: Client training...
[ 2026-03-06 14:14:42 | node_15 | INFO ] 🚂 Round 94: Client training...
[ 2026-03-06 14:14:42 | node_17 | INFO ] 🚂 Round 94: Client training...
[ 2026-03-06 14:14:42 | node_39 | INFO ] 🚂 Round 94: Client training...
[ 2026-03-06 14:14:42 | node_44 | INFO ] 🔬 Evaluating...
[ 2026-03-06 14:14:42 | node_36 | INFO ] 🚂 Round 94: Client training...
[ 2026-03-06 14:14:42 | node_42 | INFO ] 🔬 Evaluating...
[ 2026-03-06 14:14:42 | node_45 | INFO ] 🔬 Evaluating...
[ 2026-03-06 14:14:42 | node_35 | INFO ] 🚂 Round 94: Client training...
[ 2026-03-06 14:14:42 | node_41 | INFO ] 🚂 Round 94: Client training...
[ 2026-03-06 14:14:42 | node_38 | INFO ] 🚂 Round 94: Client training...
[ 2026-03-06 14:14:42 | node_46 | INFO ] 🔬 Evaluating...
[ 2026-03-06 14:14:42 | node_33 | INFO ] 🚂 Round 94: Client training...
[ 2026-03-06 14:14:42 | node_43 | INFO ] 🔬 Evaluating...
[ 2026-03-06 14:14:42 | node_32 | INFO ] 🚂 Round 94: Client training...
[ 2026-03-06 14:14:42 | node_47 | INFO ] 🔬 Evaluating...
[ 2026-03-06 14:14:42 | node_48 | INFO ] 🔬 Evaluating...
[ 2026-03-06 14:14:42 | node_34 | INFO ] 🚂 Round 94: Client training...
[ 2026-03-06 14:14:42 | node_31 | INFO ] 🚂 Round 94: Client training...
[ 2026-03-06 14:14:42 | node_40 | INFO ] 🚂 Round 94: Client training...
[ 2026-03-06 14:14:42 | node_37 | INFO ] 🚂 Round 94: Client training...
[ 2026-03-06 14:14:43 | node_44 | INFO ] 📈 Evaluated. Results: {'test_loss': 0.20620159804821014, 'test_acc': 0.9599999785423279, 'test_precision': 0.9559301733970642, 'test_recall': 0.961907148361206, 'test_f1': 0.9565312266349792, 'communication_cost': 0}
[ 2026-03-06 14:14:43 | node_45 | INFO ] 📈 Evaluated. Results: {'test_loss': 0.7369107007980347, 'test_acc': 0.9649999737739563, 'test_precision': 0.9619026780128479, 'test_recall': 0.961134135723114, 'test_f1': 0.9585747718811035, 'communication_cost': 0}
[ 2026-03-06 14:14:43 | node_46 | INFO ] 📈 Evaluated. Results: {'test_loss': 0.3202277421951294, 'test_acc': 0.9750000238418579, 'test_precision': 0.9732000827789307, 'test_recall': 0.9748716950416565, 'test_f1': 0.971651017665863, 'communication_cost': 0}
[ 2026-03-06 14:14:43 | node_43 | INFO ] 📈 Evaluated. Results: {'test_loss': 0.6110906600952148, 'test_acc': 0.9700000286102295, 'test_precision': 0.968067467212677, 'test_recall': 0.9688571095466614, 'test_f1': 0.9660584926605225, 'communication_cost': 0}
[ 2026-03-06 14:14:43 | node_42 | INFO ] 📈 Evaluated. Results: {'test_loss': 0.43100273609161377, 'test_acc': 0.9700000286102295, 'test_precision': 0.9730467200279236, 'test_recall': 0.9698596000671387, 'test_f1': 0.9690898060798645, 'communication_cost': 0}
[ 2026-03-06 14:14:43 | node_47 | INFO ] 📈 Evaluated. Results: {'test_loss': 0.32274991273880005, 'test_acc': 0.9700000286102295, 'test_precision': 0.9678047299385071, 'test_recall': 0.9730007648468018, 'test_f1': 0.9681581258773804, 'communication_cost': 0}
[ 2026-03-06 14:14:43 | node_48 | INFO ] 📈 Evaluated. Results: {'test_loss': 0.26690343022346497, 'test_acc': 0.9750000238418579, 'test_precision': 0.9758647084236145, 'test_recall': 0.9770991802215576, 'test_f1': 0.9747763276100159, 'communication_cost': 0}
[ 2026-03-06 14:14:43 | node_44 | INFO ] 🚂 Round 94: Client training...
[ 2026-03-06 14:14:43 | node_49 | INFO ] 🔬 Evaluating...
[ 2026-03-06 14:14:43 | node_46 | INFO ] 🚂 Round 94: Client training...
[ 2026-03-06 14:14:43 | node_43 | INFO ] 🚂 Round 94: Client training...
[ 2026-03-06 14:14:43 | node_42 | INFO ] 🚂 Round 94: Client training...
[ 2026-03-06 14:14:43 | node_48 | INFO ] 🚂 Round 94: Client training...
[ 2026-03-06 14:14:43 | node_47 | INFO ] 🚂 Round 94: Client training...
[ 2026-03-06 14:14:43 | node_45 | INFO ] 🚂 Round 94: Client training...
[ 2026-03-06 14:14:43 | node_49 | INFO ] 📈 Evaluated. Results: {'test_loss': 0.3132399618625641, 'test_acc': 0.9649999737739563, 'test_precision': 0.9712424278259277, 'test_recall': 0.9624881148338318, 'test_f1': 0.964585542678833, 'communication_cost': 0}
[ 2026-03-06 14:14:44 | node_49 | INFO ] 🚂 Round 94: Client training...
[ 2026-03-06 14:14:44 | node | INFO ] ⏳ Round 94: Server waiting for 49 updates.
[ 2026-03-06 14:14:44 | node | INFO ] ♻️ Proactively processing 49 early models for round 94.
[ 2026-03-06 14:14:44 | node | INFO ] 🧩 Model added for round 94 (1/49) from ['node_12']
[ 2026-03-06 14:14:44 | node | INFO ] 🧩 Model added for round 94 (2/49) from ['node_27']
[ 2026-03-06 14:14:44 | node | INFO ] 🧩 Model added for round 94 (3/49) from ['node_11']
[ 2026-03-06 14:14:44 | node | INFO ] 🧩 Model added for round 94 (4/49) from ['node_8']
[ 2026-03-06 14:14:44 | node | INFO ] 🧩 Model added for round 94 (5/49) from ['node_4']
[ 2026-03-06 14:14:44 | node | INFO ] 🧩 Model added for round 94 (6/49) from ['node_26']
[ 2026-03-06 14:14:44 | node | INFO ] 🧩 Model added for round 94 (7/49) from ['node_23']
[ 2026-03-06 14:14:44 | node | INFO ] 🧩 Model added for round 94 (8/49) from ['node_30']
[ 2026-03-06 14:14:44 | node | INFO ] 🧩 Model added for round 94 (9/49) from ['node_1']
[ 2026-03-06 14:14:44 | node | INFO ] 🧩 Model added for round 94 (10/49) from ['node_7']
[ 2026-03-06 14:14:44 | node | INFO ] 🧩 Model added for round 94 (11/49) from ['node_5']
[ 2026-03-06 14:14:44 | node | INFO ] 🧩 Model added for round 94 (12/49) from ['node_6']
[ 2026-03-06 14:14:44 | node | INFO ] 🧩 Model added for round 94 (13/49) from ['node_14']
[ 2026-03-06 14:14:44 | node | INFO ] 🧩 Model added for round 94 (14/49) from ['node_2']
[ 2026-03-06 14:14:44 | node | INFO ] 🧩 Model added for round 94 (15/49) from ['node_18']
[ 2026-03-06 14:14:44 | node | INFO ] 🧩 Model added for round 94 (16/49) from ['node_10']
[ 2026-03-06 14:14:44 | node | INFO ] 🧩 Model added for round 94 (17/49) from ['node_16']
[ 2026-03-06 14:14:44 | node | INFO ] 🧩 Model added for round 94 (18/49) from ['node_21']
[ 2026-03-06 14:14:44 | node | INFO ] 🧩 Model added for round 94 (19/49) from ['node_9']
[ 2026-03-06 14:14:44 | node | INFO ] 🧩 Model added for round 94 (20/49) from ['node_13']
[ 2026-03-06 14:14:44 | node | INFO ] 🧩 Model added for round 94 (21/49) from ['node_20']
[ 2026-03-06 14:14:44 | node | INFO ] 🧩 Model added for round 94 (22/49) from ['node_29']
[ 2026-03-06 14:14:44 | node | INFO ] 🧩 Model added for round 94 (23/49) from ['node_24']
[ 2026-03-06 14:14:44 | node | INFO ] 🧩 Model added for round 94 (24/49) from ['node_22']
[ 2026-03-06 14:14:44 | node | INFO ] 🧩 Model added for round 94 (25/49) from ['node_3']
[ 2026-03-06 14:14:44 | node | INFO ] 🧩 Model added for round 94 (26/49) from ['node_25']
[ 2026-03-06 14:14:44 | node | INFO ] 🧩 Model added for round 94 (27/49) from ['node_39']
[ 2026-03-06 14:14:44 | node | INFO ] 🧩 Model added for round 94 (28/49) from ['node_28']
[ 2026-03-06 14:14:44 | node | INFO ] 🧩 Model added for round 94 (29/49) from ['node_17']
[ 2026-03-06 14:14:44 | node | INFO ] 🧩 Model added for round 94 (30/49) from ['node_15']
[ 2026-03-06 14:14:44 | node | INFO ] 🧩 Model added for round 94 (31/49) from ['node_19']
[ 2026-03-06 14:14:44 | node | INFO ] 🧩 Model added for round 94 (32/49) from ['node_36']
[ 2026-03-06 14:14:44 | node | INFO ] 🧩 Model added for round 94 (33/49) from ['node_41']
[ 2026-03-06 14:14:44 | node | INFO ] 🧩 Model added for round 94 (34/49) from ['node_35']
[ 2026-03-06 14:14:44 | node | INFO ] 🧩 Model added for round 94 (35/49) from ['node_38']
[ 2026-03-06 14:14:44 | node | INFO ] 🧩 Model added for round 94 (36/49) from ['node_32']
[ 2026-03-06 14:14:44 | node | INFO ] 🧩 Model added for round 94 (37/49) from ['node_33']
[ 2026-03-06 14:14:44 | node | INFO ] 🧩 Model added for round 94 (38/49) from ['node_37']
[ 2026-03-06 14:14:44 | node | INFO ] 🧩 Model added for round 94 (39/49) from ['node_34']
[ 2026-03-06 14:14:44 | node | INFO ] 🧩 Model added for round 94 (40/49) from ['node_31']
[ 2026-03-06 14:14:44 | node | INFO ] 🧩 Model added for round 94 (41/49) from ['node_40']
[ 2026-03-06 14:14:44 | node | INFO ] 🧩 Model added for round 94 (42/49) from ['node_44']
[ 2026-03-06 14:14:44 | node | INFO ] 🧩 Model added for round 94 (43/49) from ['node_46']
[ 2026-03-06 14:14:44 | node | INFO ] 🧩 Model added for round 94 (44/49) from ['node_43']
[ 2026-03-06 14:14:44 | node | INFO ] 🧩 Model added for round 94 (45/49) from ['node_42']
[ 2026-03-06 14:14:44 | node | INFO ] 🧩 Model added for round 94 (46/49) from ['node_48']
[ 2026-03-06 14:14:44 | node | INFO ] 🧩 Model added for round 94 (47/49) from ['node_47']
[ 2026-03-06 14:14:44 | node | INFO ] 🧩 Model added for round 94 (48/49) from ['node_45']
[ 2026-03-06 14:14:44 | node | INFO ] 🧩 Model added for round 94 (49/49) from ['node_49']
[ 2026-03-06 14:14:44 | node | INFO ] 🔬 Evaluating...
[ 2026-03-06 14:14:44 | node | INFO ] 📈 Evaluated. Results: {'test_loss': 0.23151561617851257, 'test_acc': 0.9850000143051147, 'test_precision': 0.9841939806938171, 'test_recall': 0.9803000092506409, 'test_f1': 0.9808365106582642, 'communication_cost': 46110666}
[ 2026-03-06 14:14:44 | node_18 | INFO ] 🔬 Evaluating...
[ 2026-03-06 14:14:44 | node_10 | INFO ] 🔬 Evaluating...
[ 2026-03-06 14:14:44 | node_16 | INFO ] 🔬 Evaluating...
[ 2026-03-06 14:14:44 | node_9 | INFO ] 🔬 Evaluating...
[ 2026-03-06 14:14:44 | node_20 | INFO ] 🔬 Evaluating...
[ 2026-03-06 14:14:44 | node_3 | INFO ] 🔬 Evaluating...
[ 2026-03-06 14:14:44 | node_17 | INFO ] 🔬 Evaluating...
[ 2026-03-06 14:14:44 | node_13 | INFO ] 🔬 Evaluating...
[ 2026-03-06 14:14:44 | node_15 | INFO ] 🔬 Evaluating...
[ 2026-03-06 14:14:44 | node_19 | INFO ] 🔬 Evaluating...
[ 2026-03-06 14:14:44 | node_18 | INFO ] 📈 Evaluated. Results: {'test_loss': 0.0005320740747265518, 'test_acc': 1.0, 'test_precision': 1.0, 'test_recall': 1.0, 'test_f1': 1.0, 'communication_cost': 0}
[ 2026-03-06 14:14:44 | node_18 | INFO ] 🚂 Round 95: Client training...
[ 2026-03-06 14:14:44 | node_10 | INFO ] 📈 Evaluated. Results: {'test_loss': 0.23933017253875732, 'test_acc': 0.9900000095367432, 'test_precision': 0.9900951981544495, 'test_recall': 0.9900951981544495, 'test_f1': 0.9899259209632874, 'communication_cost': 0}
[ 2026-03-06 14:14:44 | node_10 | INFO ] 🚂 Round 95: Client training...
[ 2026-03-06 14:14:44 | node_16 | INFO ] 📈 Evaluated. Results: {'test_loss': 0.22575324773788452, 'test_acc': 0.9800000190734863, 'test_precision': 0.9841221570968628, 'test_recall': 0.9815706014633179, 'test_f1': 0.9818600416183472, 'communication_cost': 0}
[ 2026-03-06 14:14:44 | node_16 | INFO ] 🚂 Round 95: Client training...
[ 2026-03-06 14:14:44 | node_9 | INFO ] 📈 Evaluated. Results: {'test_loss': 0.1488313227891922, 'test_acc': 0.9850000143051147, 'test_precision': 0.9873122572898865, 'test_recall': 0.9876638650894165, 'test_f1': 0.9870697259902954, 'communication_cost': 0}
[ 2026-03-06 14:14:44 | node_9 | INFO ] 🚂 Round 95: Client training...
[ 2026-03-06 14:14:44 | node_20 | INFO ] 📈 Evaluated. Results: {'test_loss': 0.37669867277145386, 'test_acc': 0.9649999737739563, 'test_precision': 0.9720134139060974, 'test_recall': 0.9619454741477966, 'test_f1': 0.9644263982772827, 'communication_cost': 0}
[ 2026-03-06 14:14:44 | node_20 | INFO ] 🚂 Round 95: Client training...
[ 2026-03-06 14:14:44 | node_17 | INFO ] 📈 Evaluated. Results: {'test_loss': 0.1004711464047432, 'test_acc': 0.9900000095367432, 'test_precision': 0.9925333261489868, 'test_recall': 0.9917333126068115, 'test_f1': 0.9920278191566467, 'communication_cost': 0}
[ 2026-03-06 14:14:44 | node_3 | INFO ] 📈 Evaluated. Results: {'test_loss': 0.16951091587543488, 'test_acc': 0.9800000190734863, 'test_precision': 0.980102002620697, 'test_recall': 0.9775333404541016, 'test_f1': 0.9773445129394531, 'communication_cost': 0}
[ 2026-03-06 14:14:44 | node_1 | INFO ] 🔬 Evaluating...
[ 2026-03-06 14:14:44 | node_17 | INFO ] 🚂 Round 95: Client training...
[ 2026-03-06 14:14:44 | node_12 | INFO ] 🔬 Evaluating...
[ 2026-03-06 14:14:44 | node_15 | INFO ] 📈 Evaluated. Results: {'test_loss': 0.2721302807331085, 'test_acc': 0.9950000047683716, 'test_precision': 0.9957333207130432, 'test_recall': 0.9908571839332581, 'test_f1': 0.992870032787323, 'communication_cost': 0}
[ 2026-03-06 14:14:44 | node_13 | INFO ] 📈 Evaluated. Results: {'test_loss': 0.5081580281257629, 'test_acc': 0.9700000286102295, 'test_precision': 0.9701159596443176, 'test_recall': 0.9687647819519043, 'test_f1': 0.9677102565765381, 'communication_cost': 0}
[ 2026-03-06 14:14:44 | node_3 | INFO ] 🚂 Round 95: Client training...
[ 2026-03-06 14:14:44 | node_19 | INFO ] 📈 Evaluated. Results: {'test_loss': 0.03504858911037445, 'test_acc': 0.9850000143051147, 'test_precision': 0.984844446182251, 'test_recall': 0.9824444651603699, 'test_f1': 0.9827436804771423, 'communication_cost': 0}
[ 2026-03-06 14:14:44 | node_15 | INFO ] 🚂 Round 95: Client training...
[ 2026-03-06 14:14:44 | node_13 | INFO ] 🚂 Round 95: Client training...
[ 2026-03-06 14:14:44 | node_19 | INFO ] 🚂 Round 95: Client training...
[ 2026-03-06 14:14:44 | node_27 | INFO ] 🔬 Evaluating...
[ 2026-03-06 14:14:44 | node_8 | INFO ] 🔬 Evaluating...
[ 2026-03-06 14:14:44 | node_30 | INFO ] 🔬 Evaluating...
[ 2026-03-06 14:14:44 | node_23 | INFO ] 🔬 Evaluating...
[ 2026-03-06 14:14:44 | node_26 | INFO ] 🔬 Evaluating...
[ 2026-03-06 14:14:44 | node_7 | INFO ] 🔬 Evaluating...
[ 2026-03-06 14:14:44 | node_5 | INFO ] 🔬 Evaluating...
[ 2026-03-06 14:14:44 | node_4 | INFO ] 🔬 Evaluating...
[ 2026-03-06 14:14:44 | node_11 | INFO ] 🔬 Evaluating...
[ 2026-03-06 14:14:44 | node_6 | INFO ] 🔬 Evaluating...
[ 2026-03-06 14:14:44 | node_14 | INFO ] 🔬 Evaluating...
[ 2026-03-06 14:14:44 | node_2 | INFO ] 🔬 Evaluating...
[ 2026-03-06 14:14:44 | node_1 | INFO ] 📈 Evaluated. Results: {'test_loss': 0.5414720773696899, 'test_acc': 0.9649999737739563, 'test_precision': 0.9490674734115601, 'test_recall': 0.9660050868988037, 'test_f1': 0.9525758624076843, 'communication_cost': 0}
[ 2026-03-06 14:14:44 | node_21 | INFO ] 🔬 Evaluating...
[ 2026-03-06 14:14:45 | node_36 | INFO ] 🔬 Evaluating...
[ 2026-03-06 14:14:45 | node_39 | INFO ] 🔬 Evaluating...
[ 2026-03-06 14:14:45 | node_28 | INFO ] 🔬 Evaluating...
[ 2026-03-06 14:14:45 | node_40 | INFO ] 🔬 Evaluating...
[ 2026-03-06 14:14:45 | node_34 | INFO ] 🔬 Evaluating...
[ 2026-03-06 14:14:45 | node_38 | INFO ] 🔬 Evaluating...
[ 2026-03-06 14:14:45 | node_33 | INFO ] 🔬 Evaluating...
[ 2026-03-06 14:14:45 | node_41 | INFO ] 🔬 Evaluating...
[ 2026-03-06 14:14:45 | node_32 | INFO ] 🔬 Evaluating...
[ 2026-03-06 14:14:45 | node_25 | INFO ] 🔬 Evaluating...
[ 2026-03-06 14:14:45 | node_37 | INFO ] 🔬 Evaluating...
[ 2026-03-06 14:14:45 | node_22 | INFO ] 🔬 Evaluating...
[ 2026-03-06 14:14:45 | node_31 | INFO ] 🔬 Evaluating...
[ 2026-03-06 14:14:45 | node_24 | INFO ] 🔬 Evaluating...
[ 2026-03-06 14:14:45 | node_35 | INFO ] 🔬 Evaluating...
[ 2026-03-06 14:14:45 | node_29 | INFO ] 🔬 Evaluating...
[ 2026-03-06 14:14:45 | node_42 | INFO ] 🔬 Evaluating...
[ 2026-03-06 14:14:45 | node_43 | INFO ] 🔬 Evaluating...
[ 2026-03-06 14:14:45 | node_12 | INFO ] 📈 Evaluated. Results: {'test_loss': 0.11253032088279724, 'test_acc': 0.9850000143051147, 'test_precision': 0.9868122935295105, 'test_recall': 0.9853495955467224, 'test_f1': 0.9854147434234619, 'communication_cost': 0}
[ 2026-03-06 14:14:45 | node_1 | INFO ] 🚂 Round 95: Client training...
[ 2026-03-06 14:14:45 | node_27 | INFO ] 📈 Evaluated. Results: {'test_loss': 0.07067037373781204, 'test_acc': 0.9950000047683716, 'test_precision': 0.9955000281333923, 'test_recall': 0.9910000562667847, 'test_f1': 0.9924571514129639, 'communication_cost': 0}
[ 2026-03-06 14:14:45 | node_30 | INFO ] 📈 Evaluated. Results: {'test_loss': 0.628514289855957, 'test_acc': 0.9700000286102295, 'test_precision': 0.9675905108451843, 'test_recall': 0.9715458750724792, 'test_f1': 0.9671987295150757, 'communication_cost': 0}
[ 2026-03-06 14:14:45 | node_8 | INFO ] 📈 Evaluated. Results: {'test_loss': 0.23275884985923767, 'test_acc': 0.9800000190734863, 'test_precision': 0.9824889302253723, 'test_recall': 0.9789541363716125, 'test_f1': 0.9793731570243835, 'communication_cost': 0}
[ 2026-03-06 14:14:45 | node_12 | INFO ] 🚂 Round 95: Client training...
[ 2026-03-06 14:14:45 | node_4 | INFO ] 📈 Evaluated. Results: {'test_loss': 0.06478270143270493, 'test_acc': 0.9900000095367432, 'test_precision': 0.9890769720077515, 'test_recall': 0.9920769333839417, 'test_f1': 0.9900420308113098, 'communication_cost': 0}
[ 2026-03-06 14:14:45 | node_5 | INFO ] 📈 Evaluated. Results: {'test_loss': 0.1744861602783203, 'test_acc': 0.9850000143051147, 'test_precision': 0.9869999885559082, 'test_recall': 0.9843571186065674, 'test_f1': 0.9849404096603394, 'communication_cost': 0}
[ 2026-03-06 14:14:45 | node_23 | INFO ] 📈 Evaluated. Results: {'test_loss': 0.2129339575767517, 'test_acc': 0.9700000286102295, 'test_precision': 0.959134042263031, 'test_recall': 0.9749886989593506, 'test_f1': 0.9645469784736633, 'communication_cost': 0}
[ 2026-03-06 14:14:45 | node_2 | INFO ] 📈 Evaluated. Results: {'test_loss': 0.08882714062929153, 'test_acc': 0.9800000190734863, 'test_precision': 0.978827714920044, 'test_recall': 0.9749693274497986, 'test_f1': 0.9761930704116821, 'communication_cost': 0}
[ 2026-03-06 14:14:45 | node_26 | INFO ] 📈 Evaluated. Results: {'test_loss': 0.3337101340293884, 'test_acc': 0.9649999737739563, 'test_precision': 0.9607238173484802, 'test_recall': 0.9678034782409668, 'test_f1': 0.962436854839325, 'communication_cost': 0}
[ 2026-03-06 14:14:45 | node_6 | INFO ] 📈 Evaluated. Results: {'test_loss': 0.27836477756500244, 'test_acc': 0.9700000286102295, 'test_precision': 0.9758285284042358, 'test_recall': 0.9695819020271301, 'test_f1': 0.9707696437835693, 'communication_cost': 0}
[ 2026-03-06 14:14:45 | node_44 | INFO ] 🔬 Evaluating...
[ 2026-03-06 14:14:45 | node_27 | INFO ] 🚂 Round 95: Client training...
[ 2026-03-06 14:14:45 | node_14 | INFO ] 📈 Evaluated. Results: {'test_loss': 0.16078823804855347, 'test_acc': 0.9750000238418579, 'test_precision': 0.9748610854148865, 'test_recall': 0.9737159013748169, 'test_f1': 0.9735071659088135, 'communication_cost': 0}
[ 2026-03-06 14:14:45 | node_11 | INFO ] 📈 Evaluated. Results: {'test_loss': 0.4597155451774597, 'test_acc': 0.9700000286102295, 'test_precision': 0.9681356549263, 'test_recall': 0.9678959846496582, 'test_f1': 0.9666531085968018, 'communication_cost': 0}
[ 2026-03-06 14:14:45 | node_30 | INFO ] 🚂 Round 95: Client training...
[ 2026-03-06 14:14:45 | node_7 | INFO ] 📈 Evaluated. Results: {'test_loss': 0.08541803061962128, 'test_acc': 0.9950000047683716, 'test_precision': 0.9950768947601318, 'test_recall': 0.9957333207130432, 'test_f1': 0.9952331781387329, 'communication_cost': 0}
[ 2026-03-06 14:14:45 | node_34 | INFO ] 📈 Evaluated. Results: {'test_loss': 0.30791720747947693, 'test_acc': 0.9750000238418579, 'test_precision': 0.9725714325904846, 'test_recall': 0.9751490950584412, 'test_f1': 0.9715635180473328, 'communication_cost': 0}
[ 2026-03-06 14:14:45 | node_41 | INFO ] 📈 Evaluated. Results: {'test_loss': 0.14630840718746185, 'test_acc': 0.9850000143051147, 'test_precision': 0.9868571758270264, 'test_recall': 0.98638916015625, 'test_f1': 0.9861353039741516, 'communication_cost': 0}
[ 2026-03-06 14:14:45 | node_33 | INFO ] 📈 Evaluated. Results: {'test_loss': 0.11768125742673874, 'test_acc': 0.9850000143051147, 'test_precision': 0.9895515441894531, 'test_recall': 0.9861538410186768, 'test_f1': 0.9871395230293274, 'communication_cost': 0}
[ 2026-03-06 14:14:45 | node_8 | INFO ] 🚂 Round 95: Client training...
[ 2026-03-06 14:14:45 | node_21 | INFO ] 📈 Evaluated. Results: {'test_loss': 0.7145363092422485, 'test_acc': 0.9649999737739563, 'test_precision': 0.9680511355400085, 'test_recall': 0.9622229933738708, 'test_f1': 0.9633592367172241, 'communication_cost': 0}
[ 2026-03-06 14:14:45 | node_38 | INFO ] 📈 Evaluated. Results: {'test_loss': 0.5122854709625244, 'test_acc': 0.9700000286102295, 'test_precision': 0.9687965512275696, 'test_recall': 0.9695723056793213, 'test_f1': 0.9675349593162537, 'communication_cost': 0}
[ 2026-03-06 14:14:45 | node_25 | INFO ] 📈 Evaluated. Results: {'test_loss': 0.4364554286003113, 'test_acc': 0.9700000286102295, 'test_precision': 0.9714558124542236, 'test_recall': 0.9709538221359253, 'test_f1': 0.9699729084968567, 'communication_cost': 0}
[ 2026-03-06 14:14:45 | node_37 | INFO ] 📈 Evaluated. Results: {'test_loss': 0.23605239391326904, 'test_acc': 0.9700000286102295, 'test_precision': 0.9719657897949219, 'test_recall': 0.9695476293563843, 'test_f1': 0.9703936576843262, 'communication_cost': 0}
[ 2026-03-06 14:14:45 | node_40 | INFO ] 📈 Evaluated. Results: {'test_loss': 0.14136865735054016, 'test_acc': 0.9800000190734863, 'test_precision': 0.9755843877792358, 'test_recall': 0.9835538268089294, 'test_f1': 0.9773693680763245, 'communication_cost': 0}
[ 2026-03-06 14:14:45 | node_28 | INFO ] 📈 Evaluated. Results: {'test_loss': 0.21248580515384674, 'test_acc': 0.9700000286102295, 'test_precision': 0.97125244140625, 'test_recall': 0.9690340161323547, 'test_f1': 0.9686510562896729, 'communication_cost': 0}
[ 2026-03-06 14:14:45 | node_4 | INFO ] 🚂 Round 95: Client training...
[ 2026-03-06 14:14:45 | node_23 | INFO ] 🚂 Round 95: Client training...
[ 2026-03-06 14:14:45 | node_32 | INFO ] 📈 Evaluated. Results: {'test_loss': 0.28520697355270386, 'test_acc': 0.9750000238418579, 'test_precision': 0.9760888814926147, 'test_recall': 0.9725828766822815, 'test_f1': 0.9732062816619873, 'communication_cost': 0}
[ 2026-03-06 14:14:45 | node_45 | INFO ] 🔬 Evaluating...
[ 2026-03-06 14:14:45 | node_31 | INFO ] 📈 Evaluated. Results: {'test_loss': 0.08099046349525452, 'test_acc': 0.9800000190734863, 'test_precision': 0.9781159162521362, 'test_recall': 0.978528618812561, 'test_f1': 0.9774843454360962, 'communication_cost': 0}
[ 2026-03-06 14:14:45 | node_5 | INFO ] 🚂 Round 95: Client training...
[ 2026-03-06 14:14:45 | node_29 | INFO ] 📈 Evaluated. Results: {'test_loss': 0.4370274245738983, 'test_acc': 0.9750000238418579, 'test_precision': 0.9724958539009094, 'test_recall': 0.9741279482841492, 'test_f1': 0.9711704850196838, 'communication_cost': 0}
[ 2026-03-06 14:14:45 | node_26 | INFO ] 🚂 Round 95: Client training...
[ 2026-03-06 14:14:45 | node_24 | INFO ] 📈 Evaluated. Results: {'test_loss': 0.043952956795692444, 'test_acc': 0.9850000143051147, 'test_precision': 0.9851720929145813, 'test_recall': 0.9839254021644592, 'test_f1': 0.9841287136077881, 'communication_cost': 0}
[ 2026-03-06 14:14:45 | node_39 | INFO ] 📈 Evaluated. Results: {'test_loss': 0.5267090201377869, 'test_acc': 0.9700000286102295, 'test_precision': 0.9709475636482239, 'test_recall': 0.9638769626617432, 'test_f1': 0.9646497964859009, 'communication_cost': 0}
[ 2026-03-06 14:14:45 | node_22 | INFO ] 📈 Evaluated. Results: {'test_loss': 0.2424279749393463, 'test_acc': 0.9800000190734863, 'test_precision': 0.979726254940033, 'test_recall': 0.9808332920074463, 'test_f1': 0.9796524047851562, 'communication_cost': 0}
[ 2026-03-06 14:14:45 | node_35 | INFO ] 📈 Evaluated. Results: {'test_loss': 0.2683834433555603, 'test_acc': 0.9850000143051147, 'test_precision': 0.9827000498771667, 'test_recall': 0.9842284917831421, 'test_f1': 0.9824283123016357, 'communication_cost': 0}
[ 2026-03-06 14:14:45 | node_6 | INFO ] 🚂 Round 95: Client training...
[ 2026-03-06 14:14:45 | node_36 | INFO ] 📈 Evaluated. Results: {'test_loss': 0.01086733490228653, 'test_acc': 0.9950000047683716, 'test_precision': 0.9927999973297119, 'test_recall': 0.9948571920394897, 'test_f1': 0.9932307600975037, 'communication_cost': 0}
[ 2026-03-06 14:14:45 | node_42 | INFO ] 📈 Evaluated. Results: {'test_loss': 0.44604530930519104, 'test_acc': 0.9700000286102295, 'test_precision': 0.9698649644851685, 'test_recall': 0.9689151644706726, 'test_f1': 0.9664232134819031, 'communication_cost': 0}
[ 2026-03-06 14:14:45 | node_43 | INFO ] 📈 Evaluated. Results: {'test_loss': 0.6079391241073608, 'test_acc': 0.9750000238418579, 'test_precision': 0.9732102751731873, 'test_recall': 0.9740000367164612, 'test_f1': 0.9715969562530518, 'communication_cost': 0}
[ 2026-03-06 14:14:45 | node_2 | INFO ] 🚂 Round 95: Client training...
[ 2026-03-06 14:14:45 | node_14 | INFO ] 🚂 Round 95: Client training...
[ 2026-03-06 14:14:45 | node_44 | INFO ] 📈 Evaluated. Results: {'test_loss': 0.1966683268547058, 'test_acc': 0.9649999737739563, 'test_precision': 0.9628840684890747, 'test_recall': 0.9670500159263611, 'test_f1': 0.9633411169052124, 'communication_cost': 0}
[ 2026-03-06 14:14:45 | node_11 | INFO ] 🚂 Round 95: Client training...
[ 2026-03-06 14:14:45 | node_7 | INFO ] 🚂 Round 95: Client training...
[ 2026-03-06 14:14:45 | node_34 | INFO ] 🚂 Round 95: Client training...
[ 2026-03-06 14:14:45 | node_38 | INFO ] 🚂 Round 95: Client training...
[ 2026-03-06 14:14:45 | node_33 | INFO ] 🚂 Round 95: Client training...
[ 2026-03-06 14:14:45 | node_21 | INFO ] 🚂 Round 95: Client training...
[ 2026-03-06 14:14:45 | node_25 | INFO ] 🚂 Round 95: Client training...
[ 2026-03-06 14:14:45 | node_41 | INFO ] 🚂 Round 95: Client training...
[ 2026-03-06 14:14:45 | node_40 | INFO ] 🚂 Round 95: Client training...
[ 2026-03-06 14:14:45 | node_37 | INFO ] 🚂 Round 95: Client training...
[ 2026-03-06 14:14:45 | node_28 | INFO ] 🚂 Round 95: Client training...
[ 2026-03-06 14:14:45 | node_32 | INFO ] 🚂 Round 95: Client training...
[ 2026-03-06 14:14:46 | node_31 | INFO ] 🚂 Round 95: Client training...
[ 2026-03-06 14:14:46 | node_29 | INFO ] 🚂 Round 95: Client training...
[ 2026-03-06 14:14:46 | node_24 | INFO ] 🚂 Round 95: Client training...
[ 2026-03-06 14:14:46 | node_39 | INFO ] 🚂 Round 95: Client training...
[ 2026-03-06 14:14:46 | node_22 | INFO ] 🚂 Round 95: Client training...
[ 2026-03-06 14:14:46 | node_35 | INFO ] 🚂 Round 95: Client training...
[ 2026-03-06 14:14:46 | node_46 | INFO ] 🔬 Evaluating...
[ 2026-03-06 14:14:46 | node_42 | INFO ] 🚂 Round 95: Client training...
[ 2026-03-06 14:14:46 | node_45 | INFO ] 📈 Evaluated. Results: {'test_loss': 0.8082870244979858, 'test_acc': 0.9700000286102295, 'test_precision': 0.9691026210784912, 'test_recall': 0.9671341180801392, 'test_f1': 0.9665020704269409, 'communication_cost': 0}
[ 2026-03-06 14:14:46 | node_47 | INFO ] 🔬 Evaluating...
[ 2026-03-06 14:14:46 | node_48 | INFO ] 🔬 Evaluating...
[ 2026-03-06 14:14:46 | node_36 | INFO ] 🚂 Round 95: Client training...
[ 2026-03-06 14:14:46 | node_43 | INFO ] 🚂 Round 95: Client training...
[ 2026-03-06 14:14:46 | node_44 | INFO ] 🚂 Round 95: Client training...
[ 2026-03-06 14:14:46 | node_45 | INFO ] 🚂 Round 95: Client training...
[ 2026-03-06 14:14:46 | node_49 | INFO ] 🔬 Evaluating...
[ 2026-03-06 14:14:46 | node_46 | INFO ] 📈 Evaluated. Results: {'test_loss': 0.30478012561798096, 'test_acc': 0.9750000238418579, 'test_precision': 0.9732000827789307, 'test_recall': 0.9748716950416565, 'test_f1': 0.971651017665863, 'communication_cost': 0}
[ 2026-03-06 14:14:46 | node_48 | INFO ] 📈 Evaluated. Results: {'test_loss': 0.2501467168331146, 'test_acc': 0.9750000238418579, 'test_precision': 0.9758647084236145, 'test_recall': 0.9770991802215576, 'test_f1': 0.9747763276100159, 'communication_cost': 0}
[ 2026-03-06 14:14:46 | node_47 | INFO ] 📈 Evaluated. Results: {'test_loss': 0.30910739302635193, 'test_acc': 0.9800000190734863, 'test_precision': 0.979957103729248, 'test_recall': 0.9823341369628906, 'test_f1': 0.9798481464385986, 'communication_cost': 0}
[ 2026-03-06 14:14:46 | node_46 | INFO ] 🚂 Round 95: Client training...
[ 2026-03-06 14:14:47 | node_48 | INFO ] 🚂 Round 95: Client training...
[ 2026-03-06 14:14:47 | node_49 | INFO ] 📈 Evaluated. Results: {'test_loss': 0.2911389470100403, 'test_acc': 0.9649999737739563, 'test_precision': 0.9712424278259277, 'test_recall': 0.9624881148338318, 'test_f1': 0.964585542678833, 'communication_cost': 0}
[ 2026-03-06 14:14:47 | node_47 | INFO ] 🚂 Round 95: Client training...
[ 2026-03-06 14:14:47 | node_49 | INFO ] 🚂 Round 95: Client training...
[ 2026-03-06 14:14:47 | node | INFO ] ⏳ Round 95: Server waiting for 49 updates.
[ 2026-03-06 14:14:47 | node | INFO ] ♻️ Proactively processing 49 early models for round 95.
[ 2026-03-06 14:14:47 | node | INFO ] 🧩 Model added for round 95 (1/49) from ['node_18']
[ 2026-03-06 14:14:47 | node | INFO ] 🧩 Model added for round 95 (2/49) from ['node_10']
[ 2026-03-06 14:14:47 | node | INFO ] 🧩 Model added for round 95 (3/49) from ['node_16']
[ 2026-03-06 14:14:47 | node | INFO ] 🧩 Model added for round 95 (4/49) from ['node_9']
[ 2026-03-06 14:14:47 | node | INFO ] 🧩 Model added for round 95 (5/49) from ['node_20']
[ 2026-03-06 14:14:47 | node | INFO ] 🧩 Model added for round 95 (6/49) from ['node_13']
[ 2026-03-06 14:14:47 | node | INFO ] 🧩 Model added for round 95 (7/49) from ['node_19']
[ 2026-03-06 14:14:47 | node | INFO ] 🧩 Model added for round 95 (8/49) from ['node_15']
[ 2026-03-06 14:14:47 | node | INFO ] 🧩 Model added for round 95 (9/49) from ['node_17']
[ 2026-03-06 14:14:47 | node | INFO ] 🧩 Model added for round 95 (10/49) from ['node_3']
[ 2026-03-06 14:14:47 | node | INFO ] 🧩 Model added for round 95 (11/49) from ['node_1']
[ 2026-03-06 14:14:47 | node | INFO ] 🧩 Model added for round 95 (12/49) from ['node_12']
[ 2026-03-06 14:14:47 | node | INFO ] 🧩 Model added for round 95 (13/49) from ['node_27']
[ 2026-03-06 14:14:47 | node | INFO ] 🧩 Model added for round 95 (14/49) from ['node_8']
[ 2026-03-06 14:14:47 | node | INFO ] 🧩 Model added for round 95 (15/49) from ['node_30']
[ 2026-03-06 14:14:47 | node | INFO ] 🧩 Model added for round 95 (16/49) from ['node_4']
[ 2026-03-06 14:14:47 | node | INFO ] 🧩 Model added for round 95 (17/49) from ['node_23']
[ 2026-03-06 14:14:47 | node | INFO ] 🧩 Model added for round 95 (18/49) from ['node_5']
[ 2026-03-06 14:14:47 | node | INFO ] 🧩 Model added for round 95 (19/49) from ['node_26']
[ 2026-03-06 14:14:47 | node | INFO ] 🧩 Model added for round 95 (20/49) from ['node_2']
[ 2026-03-06 14:14:47 | node | INFO ] 🧩 Model added for round 95 (21/49) from ['node_6']
[ 2026-03-06 14:14:47 | node | INFO ] 🧩 Model added for round 95 (22/49) from ['node_38']
[ 2026-03-06 14:14:47 | node | INFO ] 🧩 Model added for round 95 (23/49) from ['node_14']
[ 2026-03-06 14:14:47 | node | INFO ] 🧩 Model added for round 95 (24/49) from ['node_11']
[ 2026-03-06 14:14:47 | node | INFO ] 🧩 Model added for round 95 (25/49) from ['node_7']
[ 2026-03-06 14:14:47 | node | INFO ] 🧩 Model added for round 95 (26/49) from ['node_34']
[ 2026-03-06 14:14:47 | node | INFO ] 🧩 Model added for round 95 (27/49) from ['node_33']
[ 2026-03-06 14:14:47 | node | INFO ] 🧩 Model added for round 95 (28/49) from ['node_21']
[ 2026-03-06 14:14:47 | node | INFO ] 🧩 Model added for round 95 (29/49) from ['node_25']
[ 2026-03-06 14:14:47 | node | INFO ] 🧩 Model added for round 95 (30/49) from ['node_28']
[ 2026-03-06 14:14:47 | node | INFO ] 🧩 Model added for round 95 (31/49) from ['node_41']
[ 2026-03-06 14:14:47 | node | INFO ] 🧩 Model added for round 95 (32/49) from ['node_40']
[ 2026-03-06 14:14:47 | node | INFO ] 🧩 Model added for round 95 (33/49) from ['node_37']
[ 2026-03-06 14:14:47 | node | INFO ] 🧩 Model added for round 95 (34/49) from ['node_32']
[ 2026-03-06 14:14:47 | node | INFO ] 🧩 Model added for round 95 (35/49) from ['node_31']
[ 2026-03-06 14:14:47 | node | INFO ] 🧩 Model added for round 95 (36/49) from ['node_42']
[ 2026-03-06 14:14:47 | node | INFO ] 🧩 Model added for round 95 (37/49) from ['node_22']
[ 2026-03-06 14:14:47 | node | INFO ] 🧩 Model added for round 95 (38/49) from ['node_29']
[ 2026-03-06 14:14:47 | node | INFO ] 🧩 Model added for round 95 (39/49) from ['node_39']
[ 2026-03-06 14:14:47 | node | INFO ] 🧩 Model added for round 95 (40/49) from ['node_44']
[ 2026-03-06 14:14:47 | node | INFO ] 🧩 Model added for round 95 (41/49) from ['node_24']
[ 2026-03-06 14:14:47 | node | INFO ] 🧩 Model added for round 95 (42/49) from ['node_43']
[ 2026-03-06 14:14:47 | node | INFO ] 🧩 Model added for round 95 (43/49) from ['node_35']
[ 2026-03-06 14:14:47 | node | INFO ] 🧩 Model added for round 95 (44/49) from ['node_36']
[ 2026-03-06 14:14:47 | node | INFO ] 🧩 Model added for round 95 (45/49) from ['node_45']
[ 2026-03-06 14:14:47 | node | INFO ] 🧩 Model added for round 95 (46/49) from ['node_48']
[ 2026-03-06 14:14:47 | node | INFO ] 🧩 Model added for round 95 (47/49) from ['node_46']
[ 2026-03-06 14:14:47 | node | INFO ] 🧩 Model added for round 95 (48/49) from ['node_47']
[ 2026-03-06 14:14:47 | node | INFO ] 🧩 Model added for round 95 (49/49) from ['node_49']
[ 2026-03-06 14:14:47 | node | INFO ] 🔬 Evaluating...
[ 2026-03-06 14:14:47 | node | INFO ] 📈 Evaluated. Results: {'test_loss': 0.22090661525726318, 'test_acc': 0.9850000143051147, 'test_precision': 0.9841939806938171, 'test_recall': 0.9803000092506409, 'test_f1': 0.9808365106582642, 'communication_cost': 46110666}
[ 2026-03-06 14:14:47 | node_4 | INFO ] 🔬 Evaluating...
[ 2026-03-06 14:14:47 | node_5 | INFO ] 🔬 Evaluating...
[ 2026-03-06 14:14:47 | node_2 | INFO ] 🔬 Evaluating...
[ 2026-03-06 14:14:47 | node_6 | INFO ] 🔬 Evaluating...
[ 2026-03-06 14:14:47 | node_4 | INFO ] 📈 Evaluated. Results: {'test_loss': 0.06610077619552612, 'test_acc': 0.9850000143051147, 'test_precision': 0.9845055341720581, 'test_recall': 0.984076976776123, 'test_f1': 0.9834049940109253, 'communication_cost': 0}
[ 2026-03-06 14:14:47 | node_4 | INFO ] 🚂 Round 96: Client training...
[ 2026-03-06 14:14:47 | node_14 | INFO ] 🔬 Evaluating...
[ 2026-03-06 14:14:47 | node_11 | INFO ] 🔬 Evaluating...
[ 2026-03-06 14:14:47 | node_7 | INFO ] 🔬 Evaluating...
[ 2026-03-06 14:14:47 | node_21 | INFO ] 🔬 Evaluating...
[ 2026-03-06 14:14:47 | node_25 | INFO ] 🔬 Evaluating...
[ 2026-03-06 14:14:47 | node_2 | INFO ] 📈 Evaluated. Results: {'test_loss': 0.08637604117393494, 'test_acc': 0.9800000190734863, 'test_precision': 0.978827714920044, 'test_recall': 0.9749693274497986, 'test_f1': 0.9761930704116821, 'communication_cost': 0}
[ 2026-03-06 14:14:47 | node_5 | INFO ] 📈 Evaluated. Results: {'test_loss': 0.16151362657546997, 'test_acc': 0.9900000095367432, 'test_precision': 0.9914999604225159, 'test_recall': 0.9894999861717224, 'test_f1': 0.9898096323013306, 'communication_cost': 0}
[ 2026-03-06 14:14:47 | node_6 | INFO ] 📈 Evaluated. Results: {'test_loss': 0.24049262702465057, 'test_acc': 0.9750000238418579, 'test_precision': 0.9792951941490173, 'test_recall': 0.9754000902175903, 'test_f1': 0.9757346510887146, 'communication_cost': 0}
[ 2026-03-06 14:14:47 | node_5 | INFO ] 🚂 Round 96: Client training...
[ 2026-03-06 14:14:47 | node_6 | INFO ] 🚂 Round 96: Client training...
[ 2026-03-06 14:14:47 | node_2 | INFO ] 🚂 Round 96: Client training...
[ 2026-03-06 14:14:47 | node_28 | INFO ] 🔬 Evaluating...
[ 2026-03-06 14:14:47 | node_32 | INFO ] 🔬 Evaluating...
[ 2026-03-06 14:14:47 | node_37 | INFO ] 🔬 Evaluating...
[ 2026-03-06 14:14:47 | node_31 | INFO ] 🔬 Evaluating...
[ 2026-03-06 14:14:47 | node_18 | INFO ] 🔬 Evaluating...
[ 2026-03-06 14:14:47 | node_14 | INFO ] 📈 Evaluated. Results: {'test_loss': 0.17910706996917725, 'test_acc': 0.9800000190734863, 'test_precision': 0.9808000326156616, 'test_recall': 0.9788691997528076, 'test_f1': 0.9788439869880676, 'communication_cost': 0}
[ 2026-03-06 14:14:47 | node_11 | INFO ] 📈 Evaluated. Results: {'test_loss': 0.4916774034500122, 'test_acc': 0.9750000238418579, 'test_precision': 0.9739538431167603, 'test_recall': 0.9724674224853516, 'test_f1': 0.9720712304115295, 'communication_cost': 0}
[ 2026-03-06 14:14:47 | node_35 | INFO ] 🔬 Evaluating...
[ 2026-03-06 14:14:47 | node_22 | INFO ] 🔬 Evaluating...
[ 2026-03-06 14:14:47 | node_29 | INFO ] 🔬 Evaluating...
[ 2026-03-06 14:14:47 | node_24 | INFO ] 🔬 Evaluating...
[ 2026-03-06 14:14:47 | node_36 | INFO ] 🔬 Evaluating...
[ 2026-03-06 14:14:47 | node_14 | INFO ] 🚂 Round 96: Client training...
[ 2026-03-06 14:14:47 | node_9 | INFO ] 🔬 Evaluating...
[ 2026-03-06 14:14:47 | node_16 | INFO ] 🔬 Evaluating...
[ 2026-03-06 14:14:47 | node_10 | INFO ] 🔬 Evaluating...
[ 2026-03-06 14:14:47 | node_3 | INFO ] 🔬 Evaluating...
[ 2026-03-06 14:14:47 | node_17 | INFO ] 🔬 Evaluating...
[ 2026-03-06 14:14:47 | node_20 | INFO ] 🔬 Evaluating...
[ 2026-03-06 14:14:47 | node_15 | INFO ] 🔬 Evaluating...
[ 2026-03-06 14:14:47 | node_13 | INFO ] 🔬 Evaluating...
[ 2026-03-06 14:14:47 | node_19 | INFO ] 🔬 Evaluating...
[ 2026-03-06 14:14:47 | node_1 | INFO ] 🔬 Evaluating...
[ 2026-03-06 14:14:47 | node_7 | INFO ] 📈 Evaluated. Results: {'test_loss': 0.07477236539125443, 'test_acc': 0.9900000095367432, 'test_precision': 0.9918041825294495, 'test_recall': 0.9912333488464355, 'test_f1': 0.9911187887191772, 'communication_cost': 0}
[ 2026-03-06 14:14:47 | node_21 | INFO ] 📈 Evaluated. Results: {'test_loss': 0.7381002902984619, 'test_acc': 0.9700000286102295, 'test_precision': 0.9713238477706909, 'test_recall': 0.9652230143547058, 'test_f1': 0.9666387438774109, 'communication_cost': 0}
[ 2026-03-06 14:14:47 | node_25 | INFO ] 📈 Evaluated. Results: {'test_loss': 0.385700523853302, 'test_acc': 0.9750000238418579, 'test_precision': 0.9749972820281982, 'test_recall': 0.9768000245094299, 'test_f1': 0.9745026230812073, 'communication_cost': 0}
[ 2026-03-06 14:14:47 | node_11 | INFO ] 🚂 Round 96: Client training...
[ 2026-03-06 14:14:47 | node_12 | INFO ] 🔬 Evaluating...
[ 2026-03-06 14:14:47 | node_7 | INFO ] 🚂 Round 96: Client training...
[ 2026-03-06 14:14:47 | node_27 | INFO ] 🔬 Evaluating...
[ 2026-03-06 14:14:47 | node_28 | INFO ] 📈 Evaluated. Results: {'test_loss': 0.18317992985248566, 'test_acc': 0.9750000238418579, 'test_precision': 0.9752143025398254, 'test_recall': 0.9739571213722229, 'test_f1': 0.9734120965003967, 'communication_cost': 0}
[ 2026-03-06 14:14:48 | node_8 | INFO ] 🔬 Evaluating...
[ 2026-03-06 14:14:48 | node_30 | INFO ] 🔬 Evaluating...
[ 2026-03-06 14:14:48 | node_21 | INFO ] 🚂 Round 96: Client training...
[ 2026-03-06 14:14:48 | node_35 | INFO ] 📈 Evaluated. Results: {'test_loss': 0.24485744535923004, 'test_acc': 0.9850000143051147, 'test_precision': 0.9827000498771667, 'test_recall': 0.9842284917831421, 'test_f1': 0.9824283123016357, 'communication_cost': 0}
[ 2026-03-06 14:14:48 | node_31 | INFO ] 📈 Evaluated. Results: {'test_loss': 0.09659620374441147, 'test_acc': 0.9800000190734863, 'test_precision': 0.9781159162521362, 'test_recall': 0.978528618812561, 'test_f1': 0.9774843454360962, 'communication_cost': 0}
[ 2026-03-06 14:14:48 | node_25 | INFO ] 🚂 Round 96: Client training...
[ 2026-03-06 14:14:48 | node_23 | INFO ] 🔬 Evaluating...
[ 2026-03-06 14:14:48 | node_26 | INFO ] 🔬 Evaluating...
[ 2026-03-06 14:14:48 | node_37 | INFO ] 📈 Evaluated. Results: {'test_loss': 0.24679474532604218, 'test_acc': 0.9700000286102295, 'test_precision': 0.9719657897949219, 'test_recall': 0.9695476293563843, 'test_f1': 0.9703936576843262, 'communication_cost': 0}
[ 2026-03-06 14:14:48 | node_33 | INFO ] 🔬 Evaluating...
[ 2026-03-06 14:14:48 | node_34 | INFO ] 🔬 Evaluating...
[ 2026-03-06 14:14:48 | node_38 | INFO ] 🔬 Evaluating...
[ 2026-03-06 14:14:48 | node_28 | INFO ] 🚂 Round 96: Client training...
[ 2026-03-06 14:14:48 | node_18 | INFO ] 📈 Evaluated. Results: {'test_loss': 0.0013102898374199867, 'test_acc': 1.0, 'test_precision': 1.0, 'test_recall': 1.0, 'test_f1': 1.0, 'communication_cost': 0}
[ 2026-03-06 14:14:48 | node_32 | INFO ] 📈 Evaluated. Results: {'test_loss': 0.3550015985965729, 'test_acc': 0.9800000190734863, 'test_precision': 0.9832888841629028, 'test_recall': 0.9770828485488892, 'test_f1': 0.9788063168525696, 'communication_cost': 0}
[ 2026-03-06 14:14:48 | node_39 | INFO ] 🔬 Evaluating...
[ 2026-03-06 14:14:48 | node_31 | INFO ] 🚂 Round 96: Client training...
[ 2026-03-06 14:14:48 | node_10 | INFO ] 📈 Evaluated. Results: {'test_loss': 0.2790888845920563, 'test_acc': 0.9900000095367432, 'test_precision': 0.9900951981544495, 'test_recall': 0.9900951981544495, 'test_f1': 0.9899259209632874, 'communication_cost': 0}
[ 2026-03-06 14:14:48 | node_35 | INFO ] 🚂 Round 96: Client training...
[ 2026-03-06 14:14:48 | node_24 | INFO ] 📈 Evaluated. Results: {'test_loss': 0.047442641109228134, 'test_acc': 0.9800000190734863, 'test_precision': 0.9788691997528076, 'test_recall': 0.9785920977592468, 'test_f1': 0.978343665599823, 'communication_cost': 0}
[ 2026-03-06 14:14:48 | node_37 | INFO ] 🚂 Round 96: Client training...
[ 2026-03-06 14:14:48 | node_18 | INFO ] 🚂 Round 96: Client training...
[ 2026-03-06 14:14:48 | node_9 | INFO ] 📈 Evaluated. Results: {'test_loss': 0.1497616320848465, 'test_acc': 0.9850000143051147, 'test_precision': 0.9873122572898865, 'test_recall': 0.9876638650894165, 'test_f1': 0.9870697259902954, 'communication_cost': 0}
[ 2026-03-06 14:14:48 | node_13 | INFO ] 📈 Evaluated. Results: {'test_loss': 0.457011342048645, 'test_acc': 0.9700000286102295, 'test_precision': 0.9701159596443176, 'test_recall': 0.9687647819519043, 'test_f1': 0.9677102565765381, 'communication_cost': 0}
[ 2026-03-06 14:14:48 | node_32 | INFO ] 🚂 Round 96: Client training...
[ 2026-03-06 14:14:48 | node_29 | INFO ] 📈 Evaluated. Results: {'test_loss': 0.4282578229904175, 'test_acc': 0.9750000238418579, 'test_precision': 0.9724958539009094, 'test_recall': 0.9741279482841492, 'test_f1': 0.9711704850196838, 'communication_cost': 0}
[ 2026-03-06 14:14:48 | node_3 | INFO ] 📈 Evaluated. Results: {'test_loss': 0.17501135170459747, 'test_acc': 0.9750000238418579, 'test_precision': 0.9711019992828369, 'test_recall': 0.9735333323478699, 'test_f1': 0.9700840711593628, 'communication_cost': 0}
[ 2026-03-06 14:14:48 | node_22 | INFO ] 📈 Evaluated. Results: {'test_loss': 0.2288581281900406, 'test_acc': 0.9800000190734863, 'test_precision': 0.979726254940033, 'test_recall': 0.9808332920074463, 'test_f1': 0.9796524047851562, 'communication_cost': 0}
[ 2026-03-06 14:14:48 | node_10 | INFO ] 🚂 Round 96: Client training...
[ 2026-03-06 14:14:48 | node_36 | INFO ] 📈 Evaluated. Results: {'test_loss': 0.01577569544315338, 'test_acc': 0.9950000047683716, 'test_precision': 0.9927999973297119, 'test_recall': 0.9948571920394897, 'test_f1': 0.9932307600975037, 'communication_cost': 0}
[ 2026-03-06 14:14:48 | node_19 | INFO ] 📈 Evaluated. Results: {'test_loss': 0.05002828687429428, 'test_acc': 0.9900000095367432, 'test_precision': 0.9847999811172485, 'test_recall': 0.9924444556236267, 'test_f1': 0.9877871870994568, 'communication_cost': 0}
[ 2026-03-06 14:14:48 | node_1 | INFO ] 📈 Evaluated. Results: {'test_loss': 0.525037944316864, 'test_acc': 0.9800000190734863, 'test_precision': 0.9812103509902954, 'test_recall': 0.9758492112159729, 'test_f1': 0.9776531457901001, 'communication_cost': 0}
[ 2026-03-06 14:14:48 | node_20 | INFO ] 📈 Evaluated. Results: {'test_loss': 0.4293002188205719, 'test_acc': 0.9700000286102295, 'test_precision': 0.9760134220123291, 'test_recall': 0.9655454754829407, 'test_f1': 0.9684388041496277, 'communication_cost': 0}
[ 2026-03-06 14:14:48 | node_16 | INFO ] 📈 Evaluated. Results: {'test_loss': 0.22508418560028076, 'test_acc': 0.9800000190734863, 'test_precision': 0.9841221570968628, 'test_recall': 0.9815706014633179, 'test_f1': 0.9818600416183472, 'communication_cost': 0}
[ 2026-03-06 14:14:48 | node_24 | INFO ] 🚂 Round 96: Client training...
[ 2026-03-06 14:14:48 | node_15 | INFO ] 📈 Evaluated. Results: {'test_loss': 0.2670426666736603, 'test_acc': 0.9950000047683716, 'test_precision': 0.9957333207130432, 'test_recall': 0.9908571839332581, 'test_f1': 0.992870032787323, 'communication_cost': 0}
[ 2026-03-06 14:14:48 | node_12 | INFO ] 📈 Evaluated. Results: {'test_loss': 0.12863212823867798, 'test_acc': 0.9900000095367432, 'test_precision': 0.9917352795600891, 'test_recall': 0.9887272715568542, 'test_f1': 0.9896796941757202, 'communication_cost': 0}
[ 2026-03-06 14:14:48 | node_17 | INFO ] 📈 Evaluated. Results: {'test_loss': 0.07263805717229843, 'test_acc': 0.9950000047683716, 'test_precision': 0.9959999918937683, 'test_recall': 0.9959999918937683, 'test_f1': 0.9958709478378296, 'communication_cost': 0}
[ 2026-03-06 14:14:48 | node_9 | INFO ] 🚂 Round 96: Client training...
[ 2026-03-06 14:14:48 | node_27 | INFO ] 📈 Evaluated. Results: {'test_loss': 0.06546039134263992, 'test_acc': 0.9950000047683716, 'test_precision': 0.9955000281333923, 'test_recall': 0.9910000562667847, 'test_f1': 0.9924571514129639, 'communication_cost': 0}
[ 2026-03-06 14:14:48 | node_13 | INFO ] 🚂 Round 96: Client training...
[ 2026-03-06 14:14:48 | node_8 | INFO ] 📈 Evaluated. Results: {'test_loss': 0.20762118697166443, 'test_acc': 0.9800000190734863, 'test_precision': 0.9815685749053955, 'test_recall': 0.9805057048797607, 'test_f1': 0.979979395866394, 'communication_cost': 0}
[ 2026-03-06 14:14:48 | node_30 | INFO ] 📈 Evaluated. Results: {'test_loss': 0.6898673176765442, 'test_acc': 0.9700000286102295, 'test_precision': 0.9675905108451843, 'test_recall': 0.9715458750724792, 'test_f1': 0.9671987295150757, 'communication_cost': 0}
[ 2026-03-06 14:14:48 | node_29 | INFO ] 🚂 Round 96: Client training...
[ 2026-03-06 14:14:48 | node_22 | INFO ] 🚂 Round 96: Client training...
[ 2026-03-06 14:14:48 | node_3 | INFO ] 🚂 Round 96: Client training...
[ 2026-03-06 14:14:48 | node_36 | INFO ] 🚂 Round 96: Client training...
[ 2026-03-06 14:14:48 | node_19 | INFO ] 🚂 Round 96: Client training...
[ 2026-03-06 14:14:48 | node_16 | INFO ] 🚂 Round 96: Client training...
[ 2026-03-06 14:14:48 | node_1 | INFO ] 🚂 Round 96: Client training...
[ 2026-03-06 14:14:48 | node_20 | INFO ] 🚂 Round 96: Client training...
[ 2026-03-06 14:14:48 | node_15 | INFO ] 🚂 Round 96: Client training...
[ 2026-03-06 14:14:49 | node_38 | INFO ] 📈 Evaluated. Results: {'test_loss': 0.4469796121120453, 'test_acc': 0.9700000286102295, 'test_precision': 0.9687965512275696, 'test_recall': 0.9695723056793213, 'test_f1': 0.9675349593162537, 'communication_cost': 0}
[ 2026-03-06 14:14:49 | node_23 | INFO ] 📈 Evaluated. Results: {'test_loss': 0.18541580438613892, 'test_acc': 0.9850000143051147, 'test_precision': 0.9848102331161499, 'test_recall': 0.9875600934028625, 'test_f1': 0.9854602813720703, 'communication_cost': 0}
[ 2026-03-06 14:14:49 | node_39 | INFO ] 📈 Evaluated. Results: {'test_loss': 0.5264556407928467, 'test_acc': 0.9700000286102295, 'test_precision': 0.9709475636482239, 'test_recall': 0.9638769626617432, 'test_f1': 0.9646497964859009, 'communication_cost': 0}
[ 2026-03-06 14:14:49 | node_26 | INFO ] 📈 Evaluated. Results: {'test_loss': 0.29866302013397217, 'test_acc': 0.9649999737739563, 'test_precision': 0.9607238173484802, 'test_recall': 0.9678034782409668, 'test_f1': 0.962436854839325, 'communication_cost': 0}
[ 2026-03-06 14:14:49 | node_12 | INFO ] 🚂 Round 96: Client training...
[ 2026-03-06 14:14:49 | node_33 | INFO ] 📈 Evaluated. Results: {'test_loss': 0.13631056249141693, 'test_acc': 0.9700000286102295, 'test_precision': 0.9759515523910522, 'test_recall': 0.9611538648605347, 'test_f1': 0.9664178490638733, 'communication_cost': 0}
[ 2026-03-06 14:14:49 | node_34 | INFO ] 📈 Evaluated. Results: {'test_loss': 0.3040402829647064, 'test_acc': 0.9750000238418579, 'test_precision': 0.9725714325904846, 'test_recall': 0.9751490950584412, 'test_f1': 0.9715635180473328, 'communication_cost': 0}
[ 2026-03-06 14:14:49 | node_17 | INFO ] 🚂 Round 96: Client training...
[ 2026-03-06 14:14:49 | node_27 | INFO ] 🚂 Round 96: Client training...
[ 2026-03-06 14:14:49 | node_8 | INFO ] 🚂 Round 96: Client training...
[ 2026-03-06 14:14:49 | node_30 | INFO ] 🚂 Round 96: Client training...
[ 2026-03-06 14:14:49 | node_38 | INFO ] 🚂 Round 96: Client training...
[ 2026-03-06 14:14:49 | node_23 | INFO ] 🚂 Round 96: Client training...
[ 2026-03-06 14:14:49 | node_39 | INFO ] 🚂 Round 96: Client training...
[ 2026-03-06 14:14:49 | node_26 | INFO ] 🚂 Round 96: Client training...
[ 2026-03-06 14:14:49 | node_40 | INFO ] 🔬 Evaluating...
[ 2026-03-06 14:14:49 | node_41 | INFO ] 🔬 Evaluating...
[ 2026-03-06 14:14:49 | node_33 | INFO ] 🚂 Round 96: Client training...
[ 2026-03-06 14:14:49 | node_34 | INFO ] 🚂 Round 96: Client training...
[ 2026-03-06 14:14:49 | node_42 | INFO ] 🔬 Evaluating...
[ 2026-03-06 14:14:49 | node_43 | INFO ] 🔬 Evaluating...
[ 2026-03-06 14:14:49 | node_41 | INFO ] 📈 Evaluated. Results: {'test_loss': 0.1394190490245819, 'test_acc': 0.9850000143051147, 'test_precision': 0.9868571758270264, 'test_recall': 0.98638916015625, 'test_f1': 0.9861353039741516, 'communication_cost': 0}
[ 2026-03-06 14:14:49 | node_40 | INFO ] 📈 Evaluated. Results: {'test_loss': 0.16118180751800537, 'test_acc': 0.9750000238418579, 'test_precision': 0.9719843864440918, 'test_recall': 0.9799538254737854, 'test_f1': 0.9737693667411804, 'communication_cost': 0}
[ 2026-03-06 14:14:49 | node_42 | INFO ] 📈 Evaluated. Results: {'test_loss': 0.41217041015625, 'test_acc': 0.9700000286102295, 'test_precision': 0.9742221236228943, 'test_recall': 0.9689151644706726, 'test_f1': 0.9691483974456787, 'communication_cost': 0}
[ 2026-03-06 14:14:50 | node_41 | INFO ] 🚂 Round 96: Client training...
[ 2026-03-06 14:14:50 | node_43 | INFO ] 📈 Evaluated. Results: {'test_loss': 0.5890005230903625, 'test_acc': 0.9700000286102295, 'test_precision': 0.968067467212677, 'test_recall': 0.9688571095466614, 'test_f1': 0.9660584926605225, 'communication_cost': 0}
[ 2026-03-06 14:14:50 | node_40 | INFO ] 🚂 Round 96: Client training...
[ 2026-03-06 14:14:50 | node_42 | INFO ] 🚂 Round 96: Client training...
[ 2026-03-06 14:14:50 | node_43 | INFO ] 🚂 Round 96: Client training...
[ 2026-03-06 14:14:50 | node_45 | INFO ] 🔬 Evaluating...
[ 2026-03-06 14:14:50 | node_44 | INFO ] 🔬 Evaluating...
[ 2026-03-06 14:14:50 | node_45 | INFO ] 📈 Evaluated. Results: {'test_loss': 0.7508436441421509, 'test_acc': 0.9700000286102295, 'test_precision': 0.9691026210784912, 'test_recall': 0.9671341180801392, 'test_f1': 0.9665020704269409, 'communication_cost': 0}
[ 2026-03-06 14:14:50 | node_44 | INFO ] 📈 Evaluated. Results: {'test_loss': 0.23548918962478638, 'test_acc': 0.9599999785423279, 'test_precision': 0.9559301733970642, 'test_recall': 0.961907148361206, 'test_f1': 0.9565312266349792, 'communication_cost': 0}
[ 2026-03-06 14:14:50 | node_45 | INFO ] 🚂 Round 96: Client training...
[ 2026-03-06 14:14:50 | node_48 | INFO ] 🔬 Evaluating...
[ 2026-03-06 14:14:50 | node_44 | INFO ] 🚂 Round 96: Client training...
[ 2026-03-06 14:14:50 | node_48 | INFO ] 📈 Evaluated. Results: {'test_loss': 0.2380864918231964, 'test_acc': 0.9800000190734863, 'test_precision': 0.9803406000137329, 'test_recall': 0.9808639287948608, 'test_f1': 0.9789193868637085, 'communication_cost': 0}
[ 2026-03-06 14:14:50 | node_46 | INFO ] 🔬 Evaluating...
[ 2026-03-06 14:14:50 | node_49 | INFO ] 🔬 Evaluating...
[ 2026-03-06 14:14:50 | node_47 | INFO ] 🔬 Evaluating...
[ 2026-03-06 14:14:50 | node_48 | INFO ] 🚂 Round 96: Client training...
[ 2026-03-06 14:14:50 | node | INFO ] ⏳ Round 96: Server waiting for 49 updates.
[ 2026-03-06 14:14:50 | node | INFO ] ♻️ Proactively processing 43 early models for round 96.
[ 2026-03-06 14:14:50 | node | INFO ] 🧩 Model added for round 96 (1/49) from ['node_4']
[ 2026-03-06 14:14:50 | node | INFO ] 🧩 Model added for round 96 (2/49) from ['node_2']
[ 2026-03-06 14:14:50 | node | INFO ] 🧩 Model added for round 96 (3/49) from ['node_6']
[ 2026-03-06 14:14:50 | node | INFO ] 🧩 Model added for round 96 (4/49) from ['node_5']
[ 2026-03-06 14:14:50 | node | INFO ] 🧩 Model added for round 96 (5/49) from ['node_14']
[ 2026-03-06 14:14:50 | node | INFO ] 🧩 Model added for round 96 (6/49) from ['node_11']
[ 2026-03-06 14:14:50 | node | INFO ] 🧩 Model added for round 96 (7/49) from ['node_7']
[ 2026-03-06 14:14:50 | node | INFO ] 🧩 Model added for round 96 (8/49) from ['node_21']
[ 2026-03-06 14:14:50 | node | INFO ] 🧩 Model added for round 96 (9/49) from ['node_28']
[ 2026-03-06 14:14:50 | node | INFO ] 🧩 Model added for round 96 (10/49) from ['node_25']
[ 2026-03-06 14:14:50 | node | INFO ] 🧩 Model added for round 96 (11/49) from ['node_35']
[ 2026-03-06 14:14:50 | node | INFO ] 🧩 Model added for round 96 (12/49) from ['node_37']
[ 2026-03-06 14:14:50 | node | INFO ] 🧩 Model added for round 96 (13/49) from ['node_18']
[ 2026-03-06 14:14:50 | node | INFO ] 🧩 Model added for round 96 (14/49) from ['node_24']
[ 2026-03-06 14:14:50 | node | INFO ] 🧩 Model added for round 96 (15/49) from ['node_9']
[ 2026-03-06 14:14:50 | node | INFO ] 🧩 Model added for round 96 (16/49) from ['node_10']
[ 2026-03-06 14:14:50 | node | INFO ] 🧩 Model added for round 96 (17/49) from ['node_32']
[ 2026-03-06 14:14:50 | node | INFO ] 🧩 Model added for round 96 (18/49) from ['node_31']
[ 2026-03-06 14:14:50 | node_46 | INFO ] 📈 Evaluated. Results: {'test_loss': 0.28206273913383484, 'test_acc': 0.9750000238418579, 'test_precision': 0.9732000827789307, 'test_recall': 0.9748716950416565, 'test_f1': 0.971651017665863, 'communication_cost': 0}
[ 2026-03-06 14:14:50 | node | INFO ] 🧩 Model added for round 96 (19/49) from ['node_22']
[ 2026-03-06 14:14:50 | node_46 | INFO ] 🚂 Round 96: Client training...
[ 2026-03-06 14:14:50 | node_49 | INFO ] 📈 Evaluated. Results: {'test_loss': 0.32728835940361023, 'test_acc': 0.9649999737739563, 'test_precision': 0.9712424278259277, 'test_recall': 0.9624881148338318, 'test_f1': 0.964585542678833, 'communication_cost': 0}
[ 2026-03-06 14:14:50 | node_47 | INFO ] 📈 Evaluated. Results: {'test_loss': 0.315342515707016, 'test_acc': 0.9750000238418579, 'test_precision': 0.9707000255584717, 'test_recall': 0.9783340692520142, 'test_f1': 0.972499668598175, 'communication_cost': 0}
[ 2026-03-06 14:14:50 | node | INFO ] 🧩 Model added for round 96 (20/49) from ['node_13']
[ 2026-03-06 14:14:50 | node | INFO ] 🧩 Model added for round 96 (21/49) from ['node_36']
[ 2026-03-06 14:14:50 | node | INFO ] 🧩 Model added for round 96 (22/49) from ['node_3']
[ 2026-03-06 14:14:50 | node_49 | INFO ] 🚂 Round 96: Client training...
[ 2026-03-06 14:14:50 | node | INFO ] 🧩 Model added for round 96 (23/49) from ['node_29']
[ 2026-03-06 14:14:50 | node | INFO ] 🧩 Model added for round 96 (24/49) from ['node_19']
[ 2026-03-06 14:14:50 | node | INFO ] 🧩 Model added for round 96 (25/49) from ['node_15']
[ 2026-03-06 14:14:50 | node_47 | INFO ] 🚂 Round 96: Client training...
[ 2026-03-06 14:14:50 | node | INFO ] 🧩 Model added for round 96 (26/49) from ['node_1']
[ 2026-03-06 14:14:50 | node | INFO ] 🧩 Model added for round 96 (27/49) from ['node_16']
[ 2026-03-06 14:14:50 | node | INFO ] 🧩 Model added for round 96 (28/49) from ['node_12']
[ 2026-03-06 14:14:50 | node | INFO ] 🧩 Model added for round 96 (29/49) from ['node_8']
[ 2026-03-06 14:14:50 | node | INFO ] 🧩 Model added for round 96 (30/49) from ['node_20']
[ 2026-03-06 14:14:50 | node | INFO ] 🧩 Model added for round 96 (31/49) from ['node_38']
[ 2026-03-06 14:14:50 | node | INFO ] 🧩 Model added for round 96 (32/49) from ['node_17']
[ 2026-03-06 14:14:50 | node | INFO ] 🧩 Model added for round 96 (33/49) from ['node_27']
[ 2026-03-06 14:14:50 | node | INFO ] 🧩 Model added for round 96 (34/49) from ['node_26']
[ 2026-03-06 14:14:50 | node | INFO ] 🧩 Model added for round 96 (35/49) from ['node_33']
[ 2026-03-06 14:14:50 | node | INFO ] 🧩 Model added for round 96 (36/49) from ['node_34']
[ 2026-03-06 14:14:50 | node | INFO ] 🧩 Model added for round 96 (37/49) from ['node_30']
[ 2026-03-06 14:14:50 | node | INFO ] 🧩 Model added for round 96 (38/49) from ['node_39']
[ 2026-03-06 14:14:50 | node | INFO ] 🧩 Model added for round 96 (39/49) from ['node_23']
[ 2026-03-06 14:14:50 | node | INFO ] 🧩 Model added for round 96 (40/49) from ['node_41']
[ 2026-03-06 14:14:50 | node | INFO ] 🧩 Model added for round 96 (41/49) from ['node_40']
[ 2026-03-06 14:14:50 | node | INFO ] 🧩 Model added for round 96 (42/49) from ['node_42']
[ 2026-03-06 14:14:50 | node | INFO ] 🧩 Model added for round 96 (43/49) from ['node_43']
[ 2026-03-06 14:14:50 | node | INFO ] 🧩 Model added for round 96 (44/49) from ['node_45']
[ 2026-03-06 14:14:50 | node | INFO ] 🧩 Model added for round 96 (45/49) from ['node_44']
[ 2026-03-06 14:14:50 | node | INFO ] 🧩 Model added for round 96 (46/49) from ['node_48']
[ 2026-03-06 14:14:50 | node | INFO ] 🧩 Model added for round 96 (47/49) from ['node_46']
[ 2026-03-06 14:14:50 | node | INFO ] 🧩 Model added for round 96 (48/49) from ['node_49']
[ 2026-03-06 14:14:50 | node | INFO ] 🧩 Model added for round 96 (49/49) from ['node_47']
[ 2026-03-06 14:14:51 | node | INFO ] 🔬 Evaluating...
[ 2026-03-06 14:14:51 | node | INFO ] 📈 Evaluated. Results: {'test_loss': 0.2348131388425827, 'test_acc': 0.9850000143051147, 'test_precision': 0.9841939806938171, 'test_recall': 0.9803000092506409, 'test_f1': 0.9808365106582642, 'communication_cost': 46110666}
[ 2026-03-06 14:14:51 | node_8 | INFO ] 🔬 Evaluating...
[ 2026-03-06 14:14:51 | node_8 | INFO ] 📈 Evaluated. Results: {'test_loss': 0.24759288132190704, 'test_acc': 0.9850000143051147, 'test_precision': 0.9858353137969971, 'test_recall': 0.9847723245620728, 'test_f1': 0.9845507740974426, 'communication_cost': 0}
[ 2026-03-06 14:14:51 | node_8 | INFO ] 🚂 Round 97: Client training...
[ 2026-03-06 14:14:51 | node_4 | INFO ] 🔬 Evaluating...
[ 2026-03-06 14:14:51 | node_7 | INFO ] 🔬 Evaluating...
[ 2026-03-06 14:14:51 | node_4 | INFO ] 📈 Evaluated. Results: {'test_loss': 0.08962907642126083, 'test_acc': 0.9850000143051147, 'test_precision': 0.9845055341720581, 'test_recall': 0.984076976776123, 'test_f1': 0.9834049940109253, 'communication_cost': 0}
[ 2026-03-06 14:14:51 | node_4 | INFO ] 🚂 Round 97: Client training...
[ 2026-03-06 14:14:51 | node_7 | INFO ] 📈 Evaluated. Results: {'test_loss': 0.05111682787537575, 'test_acc': 0.9950000047683716, 'test_precision': 0.9950768947601318, 'test_recall': 0.9957333207130432, 'test_f1': 0.9952331781387329, 'communication_cost': 0}
[ 2026-03-06 14:14:51 | node_7 | INFO ] 🚂 Round 97: Client training...
[ 2026-03-06 14:14:52 | node_21 | INFO ] 🔬 Evaluating...
[ 2026-03-06 14:14:52 | node_28 | INFO ] 🔬 Evaluating...
[ 2026-03-06 14:14:52 | node_2 | INFO ] 🔬 Evaluating...
[ 2026-03-06 14:14:52 | node_6 | INFO ] 🔬 Evaluating...
[ 2026-03-06 14:14:52 | node_5 | INFO ] 🔬 Evaluating...
[ 2026-03-06 14:14:52 | node_25 | INFO ] 🔬 Evaluating...
[ 2026-03-06 14:14:52 | node_21 | INFO ] 📈 Evaluated. Results: {'test_loss': 0.6965176463127136, 'test_acc': 0.9700000286102295, 'test_precision': 0.9713238477706909, 'test_recall': 0.9652230143547058, 'test_f1': 0.9666387438774109, 'communication_cost': 0}
[ 2026-03-06 14:14:52 | node_35 | INFO ] 🔬 Evaluating...
[ 2026-03-06 14:14:52 | node_28 | INFO ] 📈 Evaluated. Results: {'test_loss': 0.1979433298110962, 'test_acc': 0.9750000238418579, 'test_precision': 0.9778952598571777, 'test_recall': 0.9741769433021545, 'test_f1': 0.9746665954589844, 'communication_cost': 0}
[ 2026-03-06 14:14:52 | node_21 | INFO ] 🚂 Round 97: Client training...
[ 2026-03-06 14:14:52 | node_44 | INFO ] 🔬 Evaluating...
[ 2026-03-06 14:14:52 | node_45 | INFO ] 🔬 Evaluating...
[ 2026-03-06 14:14:52 | node_18 | INFO ] 🔬 Evaluating...
[ 2026-03-06 14:14:52 | node_37 | INFO ] 🔬 Evaluating...
[ 2026-03-06 14:14:52 | node_24 | INFO ] 🔬 Evaluating...
[ 2026-03-06 14:14:52 | node_9 | INFO ] 🔬 Evaluating...
[ 2026-03-06 14:14:52 | node_32 | INFO ] 🔬 Evaluating...
[ 2026-03-06 14:14:52 | node_10 | INFO ] 🔬 Evaluating...
[ 2026-03-06 14:14:52 | node_22 | INFO ] 🔬 Evaluating...
[ 2026-03-06 14:14:52 | node_36 | INFO ] 🔬 Evaluating...
[ 2026-03-06 14:14:52 | node_31 | INFO ] 🔬 Evaluating...
[ 2026-03-06 14:14:52 | node_13 | INFO ] 🔬 Evaluating...
[ 2026-03-06 14:14:52 | node_3 | INFO ] 🔬 Evaluating...
[ 2026-03-06 14:14:52 | node_1 | INFO ] 🔬 Evaluating...
[ 2026-03-06 14:14:52 | node_48 | INFO ] 🔬 Evaluating...
[ 2026-03-06 14:14:52 | node_15 | INFO ] 🔬 Evaluating...
[ 2026-03-06 14:14:52 | node_19 | INFO ] 🔬 Evaluating...
[ 2026-03-06 14:14:52 | node_29 | INFO ] 🔬 Evaluating...
[ 2026-03-06 14:14:52 | node_16 | INFO ] 🔬 Evaluating...
[ 2026-03-06 14:14:52 | node_28 | INFO ] 🚂 Round 97: Client training...
[ 2026-03-06 14:14:52 | node_46 | INFO ] 🔬 Evaluating...
[ 2026-03-06 14:14:52 | node_5 | INFO ] 📈 Evaluated. Results: {'test_loss': 0.16441909968852997, 'test_acc': 0.9800000190734863, 'test_precision': 0.9810000061988831, 'test_recall': 0.9792143106460571, 'test_f1': 0.9788984656333923, 'communication_cost': 0}
[ 2026-03-06 14:14:52 | node_12 | INFO ] 🔬 Evaluating...
[ 2026-03-06 14:14:52 | node_6 | INFO ] 📈 Evaluated. Results: {'test_loss': 0.3284279704093933, 'test_acc': 0.9700000286102295, 'test_precision': 0.9758285284042358, 'test_recall': 0.9695819020271301, 'test_f1': 0.9707696437835693, 'communication_cost': 0}
[ 2026-03-06 14:14:52 | node_2 | INFO ] 📈 Evaluated. Results: {'test_loss': 0.09899228066205978, 'test_acc': 0.9800000190734863, 'test_precision': 0.9780210256576538, 'test_recall': 0.9749693274497986, 'test_f1': 0.975762128829956, 'communication_cost': 0}
[ 2026-03-06 14:14:52 | node_25 | INFO ] 📈 Evaluated. Results: {'test_loss': 0.420602411031723, 'test_acc': 0.9700000286102295, 'test_precision': 0.9703788757324219, 'test_recall': 0.9718769788742065, 'test_f1': 0.9698901176452637, 'communication_cost': 0}
[ 2026-03-06 14:14:52 | node_11 | INFO ] 🔬 Evaluating...
[ 2026-03-06 14:14:52 | node_35 | INFO ] 📈 Evaluated. Results: {'test_loss': 0.2598813772201538, 'test_acc': 0.9850000143051147, 'test_precision': 0.9827000498771667, 'test_recall': 0.9842284917831421, 'test_f1': 0.9824283123016357, 'communication_cost': 0}
[ 2026-03-06 14:14:52 | node_14 | INFO ] 🔬 Evaluating...
[ 2026-03-06 14:14:52 | node_49 | INFO ] 🔬 Evaluating...
[ 2026-03-06 14:14:52 | node_38 | INFO ] 🔬 Evaluating...
[ 2026-03-06 14:14:52 | node_20 | INFO ] 🔬 Evaluating...
[ 2026-03-06 14:14:52 | node_34 | INFO ] 🔬 Evaluating...
[ 2026-03-06 14:14:52 | node_39 | INFO ] 🔬 Evaluating...
[ 2026-03-06 14:14:52 | node_33 | INFO ] 🔬 Evaluating...
[ 2026-03-06 14:14:52 | node_23 | INFO ] 🔬 Evaluating...
[ 2026-03-06 14:14:52 | node_47 | INFO ] 🔬 Evaluating...
[ 2026-03-06 14:14:52 | node_40 | INFO ] 🔬 Evaluating...
[ 2026-03-06 14:14:52 | node_41 | INFO ] 🔬 Evaluating...
[ 2026-03-06 14:14:52 | node_30 | INFO ] 🔬 Evaluating...
[ 2026-03-06 14:14:52 | node_26 | INFO ] 🔬 Evaluating...
[ 2026-03-06 14:14:52 | node_27 | INFO ] 🔬 Evaluating...
[ 2026-03-06 14:14:52 | node_17 | INFO ] 🔬 Evaluating...
[ 2026-03-06 14:14:52 | node_5 | INFO ] 🚂 Round 97: Client training...
[ 2026-03-06 14:14:52 | node_44 | INFO ] 📈 Evaluated. Results: {'test_loss': 0.22856366634368896, 'test_acc': 0.9599999785423279, 'test_precision': 0.9541968703269958, 'test_recall': 0.9604785442352295, 'test_f1': 0.9556863903999329, 'communication_cost': 0}
[ 2026-03-06 14:14:52 | node_42 | INFO ] 🔬 Evaluating...
[ 2026-03-06 14:14:52 | node_43 | INFO ] 🔬 Evaluating...
[ 2026-03-06 14:14:52 | node_6 | INFO ] 🚂 Round 97: Client training...
[ 2026-03-06 14:14:52 | node_32 | INFO ] 📈 Evaluated. Results: {'test_loss': 0.34652528166770935, 'test_acc': 0.9750000238418579, 'test_precision': 0.9760888814926147, 'test_recall': 0.9725828766822815, 'test_f1': 0.9732062816619873, 'communication_cost': 0}
[ 2026-03-06 14:14:53 | node_25 | INFO ] 🚂 Round 97: Client training...
[ 2026-03-06 14:14:53 | node_2 | INFO ] 🚂 Round 97: Client training...
[ 2026-03-06 14:14:53 | node_35 | INFO ] 🚂 Round 97: Client training...
[ 2026-03-06 14:14:53 | node_18 | INFO ] 📈 Evaluated. Results: {'test_loss': 0.0002867724688258022, 'test_acc': 1.0, 'test_precision': 1.0, 'test_recall': 1.0, 'test_f1': 1.0, 'communication_cost': 0}
[ 2026-03-06 14:14:53 | node_37 | INFO ] 📈 Evaluated. Results: {'test_loss': 0.27655357122421265, 'test_acc': 0.9700000286102295, 'test_precision': 0.9731242656707764, 'test_recall': 0.9695476293563843, 'test_f1': 0.9708173871040344, 'communication_cost': 0}
[ 2026-03-06 14:14:53 | node_44 | INFO ] 🚂 Round 97: Client training...
[ 2026-03-06 14:14:53 | node_45 | INFO ] 📈 Evaluated. Results: {'test_loss': 0.797099769115448, 'test_acc': 0.9649999737739563, 'test_precision': 0.9619026780128479, 'test_recall': 0.961134135723114, 'test_f1': 0.9585747718811035, 'communication_cost': 0}
[ 2026-03-06 14:14:53 | node_9 | INFO ] 📈 Evaluated. Results: {'test_loss': 0.13807626068592072, 'test_acc': 0.9850000143051147, 'test_precision': 0.9873122572898865, 'test_recall': 0.9876638650894165, 'test_f1': 0.9870697259902954, 'communication_cost': 0}
[ 2026-03-06 14:14:53 | node_31 | INFO ] 📈 Evaluated. Results: {'test_loss': 0.10546087473630905, 'test_acc': 0.9800000190734863, 'test_precision': 0.9781159162521362, 'test_recall': 0.978528618812561, 'test_f1': 0.9774843454360962, 'communication_cost': 0}
[ 2026-03-06 14:14:53 | node_19 | INFO ] 📈 Evaluated. Results: {'test_loss': 0.06793949007987976, 'test_acc': 0.9800000190734863, 'test_precision': 0.9772444367408752, 'test_recall': 0.9784444570541382, 'test_f1': 0.9766383171081543, 'communication_cost': 0}
[ 2026-03-06 14:14:53 | node_46 | INFO ] 📈 Evaluated. Results: {'test_loss': 0.2897701561450958, 'test_acc': 0.9750000238418579, 'test_precision': 0.9732000827789307, 'test_recall': 0.9748716950416565, 'test_f1': 0.971651017665863, 'communication_cost': 0}
[ 2026-03-06 14:14:53 | node_10 | INFO ] 📈 Evaluated. Results: {'test_loss': 0.24755653738975525, 'test_acc': 0.9900000095367432, 'test_precision': 0.9900951981544495, 'test_recall': 0.9900951981544495, 'test_f1': 0.9899259209632874, 'communication_cost': 0}
[ 2026-03-06 14:14:53 | node_12 | INFO ] 📈 Evaluated. Results: {'test_loss': 0.10958600789308548, 'test_acc': 0.9900000095367432, 'test_precision': 0.9905769228935242, 'test_recall': 0.9887272715568542, 'test_f1': 0.9890590906143188, 'communication_cost': 0}
[ 2026-03-06 14:14:53 | node_1 | INFO ] 📈 Evaluated. Results: {'test_loss': 0.5658023357391357, 'test_acc': 0.9700000286102295, 'test_precision': 0.9670674204826355, 'test_recall': 0.9685764908790588, 'test_f1': 0.9659091234207153, 'communication_cost': 0}
[ 2026-03-06 14:14:53 | node_16 | INFO ] 📈 Evaluated. Results: {'test_loss': 0.233428493142128, 'test_acc': 0.9800000190734863, 'test_precision': 0.9841221570968628, 'test_recall': 0.9815706014633179, 'test_f1': 0.9818600416183472, 'communication_cost': 0}
[ 2026-03-06 14:14:53 | node_32 | INFO ] 🚂 Round 97: Client training...
[ 2026-03-06 14:14:53 | node_36 | INFO ] 📈 Evaluated. Results: {'test_loss': 0.027993597090244293, 'test_acc': 0.9950000047683716, 'test_precision': 0.9927999973297119, 'test_recall': 0.9948571920394897, 'test_f1': 0.9932307600975037, 'communication_cost': 0}
[ 2026-03-06 14:14:53 | node_22 | INFO ] 📈 Evaluated. Results: {'test_loss': 0.24505534768104553, 'test_acc': 0.9750000238418579, 'test_precision': 0.9757262468338013, 'test_recall': 0.9768333435058594, 'test_f1': 0.9753857254981995, 'communication_cost': 0}
[ 2026-03-06 14:14:53 | node_15 | INFO ] 📈 Evaluated. Results: {'test_loss': 0.27361565828323364, 'test_acc': 0.9950000047683716, 'test_precision': 0.9957333207130432, 'test_recall': 0.9908571839332581, 'test_f1': 0.992870032787323, 'communication_cost': 0}
[ 2026-03-06 14:14:53 | node_24 | INFO ] 📈 Evaluated. Results: {'test_loss': 0.048042699694633484, 'test_acc': 0.9850000143051147, 'test_precision': 0.9851720929145813, 'test_recall': 0.9839254021644592, 'test_f1': 0.9841287136077881, 'communication_cost': 0}
[ 2026-03-06 14:14:53 | node_3 | INFO ] 📈 Evaluated. Results: {'test_loss': 0.15573996305465698, 'test_acc': 0.9750000238418579, 'test_precision': 0.9711019992828369, 'test_recall': 0.9735333323478699, 'test_f1': 0.9700840711593628, 'communication_cost': 0}
[ 2026-03-06 14:14:53 | node_48 | INFO ] 📈 Evaluated. Results: {'test_loss': 0.24185031652450562, 'test_acc': 0.9750000238418579, 'test_precision': 0.9758647084236145, 'test_recall': 0.9770991802215576, 'test_f1': 0.9747763276100159, 'communication_cost': 0}
[ 2026-03-06 14:14:53 | node_29 | INFO ] 📈 Evaluated. Results: {'test_loss': 0.4645508825778961, 'test_acc': 0.9800000190734863, 'test_precision': 0.9757685661315918, 'test_recall': 0.9813279509544373, 'test_f1': 0.9768847823143005, 'communication_cost': 0}
[ 2026-03-06 14:14:53 | node_13 | INFO ] 📈 Evaluated. Results: {'test_loss': 0.521650493144989, 'test_acc': 0.9700000286102295, 'test_precision': 0.9701159596443176, 'test_recall': 0.9687647819519043, 'test_f1': 0.9677102565765381, 'communication_cost': 0}
[ 2026-03-06 14:14:53 | node_11 | INFO ] 📈 Evaluated. Results: {'test_loss': 0.47339898347854614, 'test_acc': 0.9700000286102295, 'test_precision': 0.9681356549263, 'test_recall': 0.9678959846496582, 'test_f1': 0.9666531085968018, 'communication_cost': 0}
[ 2026-03-06 14:14:53 | node_14 | INFO ] 📈 Evaluated. Results: {'test_loss': 0.17863959074020386, 'test_acc': 0.9800000190734863, 'test_precision': 0.9822769165039062, 'test_recall': 0.9797642230987549, 'test_f1': 0.9802314639091492, 'communication_cost': 0}
[ 2026-03-06 14:14:53 | node_47 | INFO ] 📈 Evaluated. Results: {'test_loss': 0.3065946102142334, 'test_acc': 0.9700000286102295, 'test_precision': 0.9698619246482849, 'test_recall': 0.9730007648468018, 'test_f1': 0.9693889021873474, 'communication_cost': 0}
[ 2026-03-06 14:14:53 | node_18 | INFO ] 🚂 Round 97: Client training...
[ 2026-03-06 14:14:53 | node_33 | INFO ] 📈 Evaluated. Results: {'test_loss': 0.10781219601631165, 'test_acc': 0.9800000190734863, 'test_precision': 0.9842182397842407, 'test_recall': 0.9781538248062134, 'test_f1': 0.9805261492729187, 'communication_cost': 0}
[ 2026-03-06 14:14:53 | node_39 | INFO ] 📈 Evaluated. Results: {'test_loss': 0.5236858129501343, 'test_acc': 0.9700000286102295, 'test_precision': 0.9709475636482239, 'test_recall': 0.9638769626617432, 'test_f1': 0.9646497964859009, 'communication_cost': 0}
[ 2026-03-06 14:14:53 | node_37 | INFO ] 🚂 Round 97: Client training...
[ 2026-03-06 14:14:53 | node_38 | INFO ] 📈 Evaluated. Results: {'test_loss': 0.4879682660102844, 'test_acc': 0.9700000286102295, 'test_precision': 0.9687965512275696, 'test_recall': 0.9695723056793213, 'test_f1': 0.9675349593162537, 'communication_cost': 0}
[ 2026-03-06 14:14:53 | node_45 | INFO ] 🚂 Round 97: Client training...
[ 2026-03-06 14:14:53 | node_23 | INFO ] 📈 Evaluated. Results: {'test_loss': 0.22331376373767853, 'test_acc': 0.9750000238418579, 'test_precision': 0.9686325192451477, 'test_recall': 0.9789887070655823, 'test_f1': 0.9724183678627014, 'communication_cost': 0}
[ 2026-03-06 14:14:53 | node_40 | INFO ] 📈 Evaluated. Results: {'test_loss': 0.1403699815273285, 'test_acc': 0.9800000190734863, 'test_precision': 0.9762042164802551, 'test_recall': 0.9848769307136536, 'test_f1': 0.9789057970046997, 'communication_cost': 0}
[ 2026-03-06 14:14:53 | node_34 | INFO ] 📈 Evaluated. Results: {'test_loss': 0.34365758299827576, 'test_acc': 0.9700000286102295, 'test_precision': 0.9685714840888977, 'test_recall': 0.9717805981636047, 'test_f1': 0.9676731824874878, 'communication_cost': 0}
[ 2026-03-06 14:14:53 | node_30 | INFO ] 📈 Evaluated. Results: {'test_loss': 0.6714385747909546, 'test_acc': 0.9700000286102295, 'test_precision': 0.9675905108451843, 'test_recall': 0.9715458750724792, 'test_f1': 0.9671987295150757, 'communication_cost': 0}
[ 2026-03-06 14:14:53 | node_31 | INFO ] 🚂 Round 97: Client training...
[ 2026-03-06 14:14:53 | node_27 | INFO ] 📈 Evaluated. Results: {'test_loss': 0.05839579179883003, 'test_acc': 0.9950000047683716, 'test_precision': 0.9955000281333923, 'test_recall': 0.9910000562667847, 'test_f1': 0.9924571514129639, 'communication_cost': 0}
[ 2026-03-06 14:14:53 | node_9 | INFO ] 🚂 Round 97: Client training...
[ 2026-03-06 14:14:53 | node_19 | INFO ] 🚂 Round 97: Client training...
[ 2026-03-06 14:14:53 | node_41 | INFO ] 📈 Evaluated. Results: {'test_loss': 0.14070188999176025, 'test_acc': 0.9850000143051147, 'test_precision': 0.9868571758270264, 'test_recall': 0.98638916015625, 'test_f1': 0.9861353039741516, 'communication_cost': 0}
[ 2026-03-06 14:14:53 | node_26 | INFO ] 📈 Evaluated. Results: {'test_loss': 0.3379259407520294, 'test_acc': 0.9649999737739563, 'test_precision': 0.9607238173484802, 'test_recall': 0.9678034782409668, 'test_f1': 0.962436854839325, 'communication_cost': 0}
[ 2026-03-06 14:14:53 | node_20 | INFO ] 📈 Evaluated. Results: {'test_loss': 0.42310386896133423, 'test_acc': 0.9649999737739563, 'test_precision': 0.9720134139060974, 'test_recall': 0.9619454741477966, 'test_f1': 0.9644263982772827, 'communication_cost': 0}
[ 2026-03-06 14:14:53 | node_17 | INFO ] 📈 Evaluated. Results: {'test_loss': 0.10773011296987534, 'test_acc': 0.9900000095367432, 'test_precision': 0.9925333261489868, 'test_recall': 0.9917333126068115, 'test_f1': 0.9920278191566467, 'communication_cost': 0}
[ 2026-03-06 14:14:53 | node_46 | INFO ] 🚂 Round 97: Client training...
[ 2026-03-06 14:14:53 | node_42 | INFO ] 📈 Evaluated. Results: {'test_loss': 0.42039328813552856, 'test_acc': 0.9700000286102295, 'test_precision': 0.9754965305328369, 'test_recall': 0.9670151472091675, 'test_f1': 0.9688677787780762, 'communication_cost': 0}
[ 2026-03-06 14:14:53 | node_10 | INFO ] 🚂 Round 97: Client training...
[ 2026-03-06 14:14:53 | node_43 | INFO ] 📈 Evaluated. Results: {'test_loss': 0.6127326488494873, 'test_acc': 0.9700000286102295, 'test_precision': 0.968067467212677, 'test_recall': 0.9688571095466614, 'test_f1': 0.9660584926605225, 'communication_cost': 0}
[ 2026-03-06 14:14:53 | node_12 | INFO ] 🚂 Round 97: Client training...
[ 2026-03-06 14:14:53 | node_1 | INFO ] 🚂 Round 97: Client training...
[ 2026-03-06 14:14:53 | node_36 | INFO ] 🚂 Round 97: Client training...
[ 2026-03-06 14:14:53 | node_22 | INFO ] 🚂 Round 97: Client training...
[ 2026-03-06 14:14:53 | node_16 | INFO ] 🚂 Round 97: Client training...
[ 2026-03-06 14:14:53 | node_3 | INFO ] 🚂 Round 97: Client training...
[ 2026-03-06 14:14:53 | node_15 | INFO ] 🚂 Round 97: Client training...
[ 2026-03-06 14:14:54 | node_48 | INFO ] 🚂 Round 97: Client training...
[ 2026-03-06 14:14:54 | node_24 | INFO ] 🚂 Round 97: Client training...
[ 2026-03-06 14:14:54 | node_13 | INFO ] 🚂 Round 97: Client training...
[ 2026-03-06 14:14:54 | node_29 | INFO ] 🚂 Round 97: Client training...
[ 2026-03-06 14:14:54 | node_11 | INFO ] 🚂 Round 97: Client training...
[ 2026-03-06 14:14:54 | node_14 | INFO ] 🚂 Round 97: Client training...
[ 2026-03-06 14:14:54 | node_47 | INFO ] 🚂 Round 97: Client training...
[ 2026-03-06 14:14:54 | node_39 | INFO ] 🚂 Round 97: Client training...
[ 2026-03-06 14:14:54 | node_33 | INFO ] 🚂 Round 97: Client training...
[ 2026-03-06 14:14:54 | node_38 | INFO ] 🚂 Round 97: Client training...
[ 2026-03-06 14:14:54 | node_23 | INFO ] 🚂 Round 97: Client training...
[ 2026-03-06 14:14:54 | node_40 | INFO ] 🚂 Round 97: Client training...
[ 2026-03-06 14:14:54 | node_34 | INFO ] 🚂 Round 97: Client training...
[ 2026-03-06 14:14:54 | node_30 | INFO ] 🚂 Round 97: Client training...
[ 2026-03-06 14:14:54 | node_27 | INFO ] 🚂 Round 97: Client training...
[ 2026-03-06 14:14:54 | node_41 | INFO ] 🚂 Round 97: Client training...
[ 2026-03-06 14:14:54 | node_26 | INFO ] 🚂 Round 97: Client training...
[ 2026-03-06 14:14:54 | node_20 | INFO ] 🚂 Round 97: Client training...
[ 2026-03-06 14:14:54 | node_17 | INFO ] 🚂 Round 97: Client training...
[ 2026-03-06 14:14:54 | node_42 | INFO ] 🚂 Round 97: Client training...
[ 2026-03-06 14:14:54 | node_43 | INFO ] 🚂 Round 97: Client training...
[ 2026-03-06 14:14:55 | node | INFO ] ⏳ Round 97: Server waiting for 49 updates.
[ 2026-03-06 14:14:55 | node | INFO ] ♻️ Proactively processing 48 early models for round 97.
[ 2026-03-06 14:14:55 | node | INFO ] 🧩 Model added for round 97 (1/49) from ['node_8']
[ 2026-03-06 14:14:55 | node | INFO ] 🧩 Model added for round 97 (2/49) from ['node_4']
[ 2026-03-06 14:14:55 | node | INFO ] 🧩 Model added for round 97 (3/49) from ['node_7']
[ 2026-03-06 14:14:55 | node | INFO ] 🧩 Model added for round 97 (4/49) from ['node_28']
[ 2026-03-06 14:14:55 | node | INFO ] 🧩 Model added for round 97 (5/49) from ['node_21']
[ 2026-03-06 14:14:55 | node | INFO ] 🧩 Model added for round 97 (6/49) from ['node_5']
[ 2026-03-06 14:14:55 | node | INFO ] 🧩 Model added for round 97 (7/49) from ['node_6']
[ 2026-03-06 14:14:55 | node | INFO ] 🧩 Model added for round 97 (8/49) from ['node_2']
[ 2026-03-06 14:14:55 | node | INFO ] 🧩 Model added for round 97 (9/49) from ['node_35']
[ 2026-03-06 14:14:55 | node | INFO ] 🧩 Model added for round 97 (10/49) from ['node_32']
[ 2026-03-06 14:14:55 | node | INFO ] 🧩 Model added for round 97 (11/49) from ['node_45']
[ 2026-03-06 14:14:55 | node | INFO ] 🧩 Model added for round 97 (12/49) from ['node_18']
[ 2026-03-06 14:14:55 | node | INFO ] 🧩 Model added for round 97 (13/49) from ['node_25']
[ 2026-03-06 14:14:55 | node | INFO ] 🧩 Model added for round 97 (14/49) from ['node_44']
[ 2026-03-06 14:14:55 | node | INFO ] 🧩 Model added for round 97 (15/49) from ['node_37']
[ 2026-03-06 14:14:55 | node | INFO ] 🧩 Model added for round 97 (16/49) from ['node_19']
[ 2026-03-06 14:14:55 | node | INFO ] 🧩 Model added for round 97 (17/49) from ['node_31']
[ 2026-03-06 14:14:55 | node | INFO ] 🧩 Model added for round 97 (18/49) from ['node_9']
[ 2026-03-06 14:14:55 | node | INFO ] 🧩 Model added for round 97 (19/49) from ['node_10']
[ 2026-03-06 14:14:55 | node | INFO ] 🧩 Model added for round 97 (20/49) from ['node_46']
[ 2026-03-06 14:14:55 | node | INFO ] 🧩 Model added for round 97 (21/49) from ['node_12']
[ 2026-03-06 14:14:55 | node | INFO ] 🧩 Model added for round 97 (22/49) from ['node_36']
[ 2026-03-06 14:14:55 | node | INFO ] 🧩 Model added for round 97 (23/49) from ['node_22']
[ 2026-03-06 14:14:55 | node | INFO ] 🧩 Model added for round 97 (24/49) from ['node_1']
[ 2026-03-06 14:14:55 | node | INFO ] 🧩 Model added for round 97 (25/49) from ['node_16']
[ 2026-03-06 14:14:55 | node | INFO ] 🧩 Model added for round 97 (26/49) from ['node_15']
[ 2026-03-06 14:14:55 | node | INFO ] 🧩 Model added for round 97 (27/49) from ['node_48']
[ 2026-03-06 14:14:55 | node | INFO ] 🧩 Model added for round 97 (28/49) from ['node_11']
[ 2026-03-06 14:14:55 | node | INFO ] 🧩 Model added for round 97 (29/49) from ['node_13']
[ 2026-03-06 14:14:55 | node | INFO ] 🧩 Model added for round 97 (30/49) from ['node_24']
[ 2026-03-06 14:14:55 | node | INFO ] 🧩 Model added for round 97 (31/49) from ['node_29']
[ 2026-03-06 14:14:55 | node | INFO ] 🧩 Model added for round 97 (32/49) from ['node_3']
[ 2026-03-06 14:14:55 | node | INFO ] 🧩 Model added for round 97 (33/49) from ['node_14']
[ 2026-03-06 14:14:55 | node | INFO ] 🧩 Model added for round 97 (34/49) from ['node_38']
[ 2026-03-06 14:14:55 | node | INFO ] 🧩 Model added for round 97 (35/49) from ['node_47']
[ 2026-03-06 14:14:55 | node | INFO ] 🧩 Model added for round 97 (36/49) from ['node_40']
[ 2026-03-06 14:14:55 | node | INFO ] 🧩 Model added for round 97 (37/49) from ['node_33']
[ 2026-03-06 14:14:55 | node | INFO ] 🧩 Model added for round 97 (38/49) from ['node_39']
[ 2026-03-06 14:14:55 | node | INFO ] 🧩 Model added for round 97 (39/49) from ['node_23']
[ 2026-03-06 14:14:55 | node | INFO ] 🧩 Model added for round 97 (40/49) from ['node_27']
[ 2026-03-06 14:14:55 | node | INFO ] 🧩 Model added for round 97 (41/49) from ['node_34']
[ 2026-03-06 14:14:55 | node | INFO ] 🧩 Model added for round 97 (42/49) from ['node_30']
[ 2026-03-06 14:14:55 | node | INFO ] 🧩 Model added for round 97 (43/49) from ['node_41']
[ 2026-03-06 14:14:55 | node | INFO ] 🧩 Model added for round 97 (44/49) from ['node_17']
[ 2026-03-06 14:14:55 | node | INFO ] 🧩 Model added for round 97 (45/49) from ['node_20']
[ 2026-03-06 14:14:55 | node | INFO ] 🧩 Model added for round 97 (46/49) from ['node_26']
[ 2026-03-06 14:14:55 | node | INFO ] 🧩 Model added for round 97 (47/49) from ['node_43']
[ 2026-03-06 14:14:55 | node | INFO ] 🧩 Model added for round 97 (48/49) from ['node_42']
[ 2026-03-06 14:14:55 | node_49 | INFO ] 📈 Evaluated. Results: {'test_loss': 0.34560003876686096, 'test_acc': 0.9649999737739563, 'test_precision': 0.966379702091217, 'test_recall': 0.9624881148338318, 'test_f1': 0.9621370434761047, 'communication_cost': 0}
[ 2026-03-06 14:14:55 | node_49 | INFO ] 🚂 Round 97: Client training...
[ 2026-03-06 14:14:55 | node | INFO ] 🧩 Model added for round 97 (49/49) from ['node_49']
[ 2026-03-06 14:14:56 | node | INFO ] 🔬 Evaluating...
[ 2026-03-06 14:14:56 | node | INFO ] 📈 Evaluated. Results: {'test_loss': 0.2231435775756836, 'test_acc': 0.9850000143051147, 'test_precision': 0.9841939806938171, 'test_recall': 0.9803000092506409, 'test_f1': 0.9808365106582642, 'communication_cost': 46110666}
[ 2026-03-06 14:14:56 | node_8 | INFO ] 🔬 Evaluating...
[ 2026-03-06 14:14:56 | node_4 | INFO ] 🔬 Evaluating...
[ 2026-03-06 14:14:56 | node_6 | INFO ] 🔬 Evaluating...
[ 2026-03-06 14:14:56 | node_2 | INFO ] 🔬 Evaluating...
[ 2026-03-06 14:14:56 | node_18 | INFO ] 🔬 Evaluating...
[ 2026-03-06 14:14:56 | node_25 | INFO ] 🔬 Evaluating...
[ 2026-03-06 14:14:56 | node_21 | INFO ] 🔬 Evaluating...
[ 2026-03-06 14:14:56 | node_4 | INFO ] 📈 Evaluated. Results: {'test_loss': 0.08834672719240189, 'test_acc': 0.9800000190734863, 'test_precision': 0.9800055027008057, 'test_recall': 0.9795769453048706, 'test_f1': 0.9786050319671631, 'communication_cost': 0}
[ 2026-03-06 14:14:56 | node_8 | INFO ] 📈 Evaluated. Results: {'test_loss': 0.24307610094547272, 'test_acc': 0.9800000190734863, 'test_precision': 0.9824889302253723, 'test_recall': 0.9789541363716125, 'test_f1': 0.9793731570243835, 'communication_cost': 0}
[ 2026-03-06 14:14:56 | node_6 | INFO ] 📈 Evaluated. Results: {'test_loss': 0.2546263635158539, 'test_acc': 0.9750000238418579, 'test_precision': 0.9792951941490173, 'test_recall': 0.9754000902175903, 'test_f1': 0.9757346510887146, 'communication_cost': 0}
[ 2026-03-06 14:14:56 | node_19 | INFO ] 🔬 Evaluating...
[ 2026-03-06 14:14:56 | node_9 | INFO ] 🔬 Evaluating...
[ 2026-03-06 14:14:56 | node_1 | INFO ] 🔬 Evaluating...
[ 2026-03-06 14:14:56 | node_16 | INFO ] 🔬 Evaluating...
[ 2026-03-06 14:14:56 | node_11 | INFO ] 🔬 Evaluating...
[ 2026-03-06 14:14:56 | node_22 | INFO ] 🔬 Evaluating...
[ 2026-03-06 14:14:56 | node_2 | INFO ] 📈 Evaluated. Results: {'test_loss': 0.0879492312669754, 'test_acc': 0.9800000190734863, 'test_precision': 0.9780210256576538, 'test_recall': 0.9749693274497986, 'test_f1': 0.975762128829956, 'communication_cost': 0}
[ 2026-03-06 14:14:56 | node_13 | INFO ] 🔬 Evaluating...
[ 2026-03-06 14:14:56 | node_12 | INFO ] 🔬 Evaluating...
[ 2026-03-06 14:14:56 | node_15 | INFO ] 🔬 Evaluating...
[ 2026-03-06 14:14:56 | node_24 | INFO ] 🔬 Evaluating...
[ 2026-03-06 14:14:56 | node_4 | INFO ] 🚂 Round 98: Client training...
[ 2026-03-06 14:14:56 | node_3 | INFO ] 🔬 Evaluating...
[ 2026-03-06 14:14:56 | node_14 | INFO ] 🔬 Evaluating...
[ 2026-03-06 14:14:56 | node_27 | INFO ] 🔬 Evaluating...
[ 2026-03-06 14:14:56 | node_26 | INFO ] 🔬 Evaluating...
[ 2026-03-06 14:14:56 | node_18 | INFO ] 📈 Evaluated. Results: {'test_loss': 0.001057818066328764, 'test_acc': 1.0, 'test_precision': 1.0, 'test_recall': 1.0, 'test_f1': 1.0, 'communication_cost': 0}
[ 2026-03-06 14:14:56 | node_17 | INFO ] 🔬 Evaluating...
[ 2026-03-06 14:14:56 | node_20 | INFO ] 🔬 Evaluating...
[ 2026-03-06 14:14:56 | node_25 | INFO ] 📈 Evaluated. Results: {'test_loss': 0.4105283319950104, 'test_acc': 0.9700000286102295, 'test_precision': 0.9714558124542236, 'test_recall': 0.9709538221359253, 'test_f1': 0.9699729084968567, 'communication_cost': 0}
[ 2026-03-06 14:14:56 | node_19 | INFO ] 📈 Evaluated. Results: {'test_loss': 0.02990306168794632, 'test_acc': 0.9900000095367432, 'test_precision': 0.9847999811172485, 'test_recall': 0.9924444556236267, 'test_f1': 0.9877871870994568, 'communication_cost': 0}
[ 2026-03-06 14:14:56 | node_21 | INFO ] 📈 Evaluated. Results: {'test_loss': 0.6922394037246704, 'test_acc': 0.9700000286102295, 'test_precision': 0.9713238477706909, 'test_recall': 0.9652230143547058, 'test_f1': 0.9666387438774109, 'communication_cost': 0}
[ 2026-03-06 14:14:57 | node_23 | INFO ] 🔬 Evaluating...
[ 2026-03-06 14:14:57 | node_8 | INFO ] 🚂 Round 98: Client training...
[ 2026-03-06 14:14:57 | node_6 | INFO ] 🚂 Round 98: Client training...
[ 2026-03-06 14:14:57 | node_2 | INFO ] 🚂 Round 98: Client training...
[ 2026-03-06 14:14:57 | node_18 | INFO ] 🚂 Round 98: Client training...
[ 2026-03-06 14:14:57 | node_5 | INFO ] 🔬 Evaluating...
[ 2026-03-06 14:14:57 | node_25 | INFO ] 🚂 Round 98: Client training...
[ 2026-03-06 14:14:57 | node_7 | INFO ] 🔬 Evaluating...
[ 2026-03-06 14:14:57 | node_21 | INFO ] 🚂 Round 98: Client training...
[ 2026-03-06 14:14:57 | node_19 | INFO ] 🚂 Round 98: Client training...
[ 2026-03-06 14:14:57 | node_16 | INFO ] 📈 Evaluated. Results: {'test_loss': 0.23234203457832336, 'test_acc': 0.9800000190734863, 'test_precision': 0.9841221570968628, 'test_recall': 0.9815706014633179, 'test_f1': 0.9818600416183472, 'communication_cost': 0}
[ 2026-03-06 14:14:57 | node_16 | INFO ] 🚂 Round 98: Client training...
[ 2026-03-06 14:14:57 | node_28 | INFO ] 🔬 Evaluating...
[ 2026-03-06 14:14:57 | node_32 | INFO ] 🔬 Evaluating...
[ 2026-03-06 14:14:57 | node_29 | INFO ] 🔬 Evaluating...
[ 2026-03-06 14:14:57 | node_31 | INFO ] 🔬 Evaluating...
[ 2026-03-06 14:14:57 | node_30 | INFO ] 🔬 Evaluating...
[ 2026-03-06 14:14:57 | node_34 | INFO ] 🔬 Evaluating...
[ 2026-03-06 14:14:57 | node_33 | INFO ] 🔬 Evaluating...
[ 2026-03-06 14:14:57 | node_24 | INFO ] 📈 Evaluated. Results: {'test_loss': 0.05584516376256943, 'test_acc': 0.9850000143051147, 'test_precision': 0.9851720929145813, 'test_recall': 0.9839254021644592, 'test_f1': 0.9841287136077881, 'communication_cost': 0}
[ 2026-03-06 14:14:57 | node_1 | INFO ] 📈 Evaluated. Results: {'test_loss': 0.5456849932670593, 'test_acc': 0.9750000238418579, 'test_precision': 0.9722102880477905, 'test_recall': 0.9725764989852905, 'test_f1': 0.9707959890365601, 'communication_cost': 0}
[ 2026-03-06 14:14:57 | node_35 | INFO ] 🔬 Evaluating...
[ 2026-03-06 14:14:57 | node_14 | INFO ] 📈 Evaluated. Results: {'test_loss': 0.17867225408554077, 'test_acc': 0.9850000143051147, 'test_precision': 0.9872000217437744, 'test_recall': 0.984687328338623, 'test_f1': 0.9855648279190063, 'communication_cost': 0}
[ 2026-03-06 14:14:57 | node_26 | INFO ] 📈 Evaluated. Results: {'test_loss': 0.29898178577423096, 'test_acc': 0.9649999737739563, 'test_precision': 0.9607238173484802, 'test_recall': 0.9678034782409668, 'test_f1': 0.962436854839325, 'communication_cost': 0}
[ 2026-03-06 14:14:57 | node_13 | INFO ] 📈 Evaluated. Results: {'test_loss': 0.4932325780391693, 'test_acc': 0.9649999737739563, 'test_precision': 0.9619396924972534, 'test_recall': 0.9627649188041687, 'test_f1': 0.9602508544921875, 'communication_cost': 0}
[ 2026-03-06 14:14:58 | node_24 | INFO ] 🚂 Round 98: Client training...
[ 2026-03-06 14:14:58 | node_12 | INFO ] 📈 Evaluated. Results: {'test_loss': 0.11370828747749329, 'test_acc': 0.9950000047683716, 'test_precision': 0.9955000281333923, 'test_recall': 0.9967272877693176, 'test_f1': 0.9958857893943787, 'communication_cost': 0}
[ 2026-03-06 14:14:58 | node_15 | INFO ] 📈 Evaluated. Results: {'test_loss': 0.259480357170105, 'test_acc': 0.9950000047683716, 'test_precision': 0.9957333207130432, 'test_recall': 0.9908571839332581, 'test_f1': 0.992870032787323, 'communication_cost': 0}
[ 2026-03-06 14:14:58 | node_1 | INFO ] 🚂 Round 98: Client training...
[ 2026-03-06 14:14:58 | node_9 | INFO ] 📈 Evaluated. Results: {'test_loss': 0.13523632287979126, 'test_acc': 0.9850000143051147, 'test_precision': 0.9873122572898865, 'test_recall': 0.9876638650894165, 'test_f1': 0.9870697259902954, 'communication_cost': 0}
[ 2026-03-06 14:14:58 | node_11 | INFO ] 📈 Evaluated. Results: {'test_loss': 0.500196635723114, 'test_acc': 0.9750000238418579, 'test_precision': 0.9739538431167603, 'test_recall': 0.9724674224853516, 'test_f1': 0.9720712304115295, 'communication_cost': 0}
[ 2026-03-06 14:14:58 | node_14 | INFO ] 🚂 Round 98: Client training...
[ 2026-03-06 14:14:58 | node_20 | INFO ] 📈 Evaluated. Results: {'test_loss': 0.38107529282569885, 'test_acc': 0.9649999737739563, 'test_precision': 0.9720134139060974, 'test_recall': 0.9619454741477966, 'test_f1': 0.9644263982772827, 'communication_cost': 0}
[ 2026-03-06 14:14:58 | node_3 | INFO ] 📈 Evaluated. Results: {'test_loss': 0.1616775095462799, 'test_acc': 0.9750000238418579, 'test_precision': 0.9663020372390747, 'test_recall': 0.9735333323478699, 'test_f1': 0.9668840169906616, 'communication_cost': 0}
[ 2026-03-06 14:14:58 | node_26 | INFO ] 🚂 Round 98: Client training...
[ 2026-03-06 14:14:58 | node_17 | INFO ] 📈 Evaluated. Results: {'test_loss': 0.0851447805762291, 'test_acc': 0.9900000095367432, 'test_precision': 0.9925333261489868, 'test_recall': 0.9917333126068115, 'test_f1': 0.9920278191566467, 'communication_cost': 0}
[ 2026-03-06 14:14:58 | node_27 | INFO ] 📈 Evaluated. Results: {'test_loss': 0.059886228293180466, 'test_acc': 0.9950000047683716, 'test_precision': 0.9955000281333923, 'test_recall': 0.9910000562667847, 'test_f1': 0.9924571514129639, 'communication_cost': 0}
[ 2026-03-06 14:14:58 | node_22 | INFO ] 📈 Evaluated. Results: {'test_loss': 0.25199276208877563, 'test_acc': 0.9800000190734863, 'test_precision': 0.979726254940033, 'test_recall': 0.9808332920074463, 'test_f1': 0.9796524047851562, 'communication_cost': 0}
[ 2026-03-06 14:14:58 | node_23 | INFO ] 📈 Evaluated. Results: {'test_loss': 0.18529784679412842, 'test_acc': 0.9900000095367432, 'test_precision': 0.9897333383560181, 'test_recall': 0.9921315908432007, 'test_f1': 0.9903905987739563, 'communication_cost': 0}
[ 2026-03-06 14:14:58 | node_13 | INFO ] 🚂 Round 98: Client training...
[ 2026-03-06 14:14:58 | node_12 | INFO ] 🚂 Round 98: Client training...
[ 2026-03-06 14:14:58 | node_15 | INFO ] 🚂 Round 98: Client training...
[ 2026-03-06 14:14:58 | node_9 | INFO ] 🚂 Round 98: Client training...
[ 2026-03-06 14:14:58 | node_11 | INFO ] 🚂 Round 98: Client training...
[ 2026-03-06 14:14:58 | node_20 | INFO ] 🚂 Round 98: Client training...
[ 2026-03-06 14:14:58 | node_3 | INFO ] 🚂 Round 98: Client training...
[ 2026-03-06 14:14:58 | node_17 | INFO ] 🚂 Round 98: Client training...
[ 2026-03-06 14:14:58 | node_27 | INFO ] 🚂 Round 98: Client training...
[ 2026-03-06 14:14:58 | node_22 | INFO ] 🚂 Round 98: Client training...
[ 2026-03-06 14:14:58 | node_23 | INFO ] 🚂 Round 98: Client training...
[ 2026-03-06 14:14:58 | node_36 | INFO ] 🔬 Evaluating...
[ 2026-03-06 14:14:58 | node_37 | INFO ] 🔬 Evaluating...
[ 2026-03-06 14:14:58 | node_10 | INFO ] 🔬 Evaluating...
[ 2026-03-06 14:14:58 | node_38 | INFO ] 🔬 Evaluating...
[ 2026-03-06 14:14:58 | node_7 | INFO ] 📈 Evaluated. Results: {'test_loss': 0.07082989811897278, 'test_acc': 0.9950000047683716, 'test_precision': 0.9950768947601318, 'test_recall': 0.9957333207130432, 'test_f1': 0.9952331781387329, 'communication_cost': 0}
[ 2026-03-06 14:14:58 | node_5 | INFO ] 📈 Evaluated. Results: {'test_loss': 0.18469960987567902, 'test_acc': 0.9850000143051147, 'test_precision': 0.9855000376701355, 'test_recall': 0.9843571186065674, 'test_f1': 0.9837676882743835, 'communication_cost': 0}
[ 2026-03-06 14:14:58 | node_32 | INFO ] 📈 Evaluated. Results: {'test_loss': 0.3014433979988098, 'test_acc': 0.9750000238418579, 'test_precision': 0.9760888814926147, 'test_recall': 0.9725828766822815, 'test_f1': 0.9732062816619873, 'communication_cost': 0}
[ 2026-03-06 14:14:58 | node_28 | INFO ] 📈 Evaluated. Results: {'test_loss': 0.17104503512382507, 'test_acc': 0.9800000190734863, 'test_precision': 0.9818571209907532, 'test_recall': 0.9791000485420227, 'test_f1': 0.9794276356697083, 'communication_cost': 0}
[ 2026-03-06 14:14:58 | node_31 | INFO ] 📈 Evaluated. Results: {'test_loss': 0.0995575487613678, 'test_acc': 0.9800000190734863, 'test_precision': 0.9781159162521362, 'test_recall': 0.978528618812561, 'test_f1': 0.9774843454360962, 'communication_cost': 0}
[ 2026-03-06 14:14:58 | node_34 | INFO ] 📈 Evaluated. Results: {'test_loss': 0.3156638741493225, 'test_acc': 0.9750000238418579, 'test_precision': 0.9725714325904846, 'test_recall': 0.9751490950584412, 'test_f1': 0.9715635180473328, 'communication_cost': 0}
[ 2026-03-06 14:14:58 | node_29 | INFO ] 📈 Evaluated. Results: {'test_loss': 0.40860623121261597, 'test_acc': 0.9750000238418579, 'test_precision': 0.9724958539009094, 'test_recall': 0.9741279482841492, 'test_f1': 0.9711704850196838, 'communication_cost': 0}
[ 2026-03-06 14:14:58 | node_30 | INFO ] 📈 Evaluated. Results: {'test_loss': 0.6493170857429504, 'test_acc': 0.9700000286102295, 'test_precision': 0.9675905108451843, 'test_recall': 0.9715458750724792, 'test_f1': 0.9671987295150757, 'communication_cost': 0}
[ 2026-03-06 14:14:58 | node_33 | INFO ] 📈 Evaluated. Results: {'test_loss': 0.12656322121620178, 'test_acc': 0.9750000238418579, 'test_precision': 0.9799515008926392, 'test_recall': 0.9701538681983948, 'test_f1': 0.9734431505203247, 'communication_cost': 0}
[ 2026-03-06 14:14:58 | node_7 | INFO ] 🚂 Round 98: Client training...
[ 2026-03-06 14:14:58 | node_5 | INFO ] 🚂 Round 98: Client training...
[ 2026-03-06 14:14:58 | node_35 | INFO ] 📈 Evaluated. Results: {'test_loss': 0.27943363785743713, 'test_acc': 0.9850000143051147, 'test_precision': 0.9827000498771667, 'test_recall': 0.9842284917831421, 'test_f1': 0.9824283123016357, 'communication_cost': 0}
[ 2026-03-06 14:14:58 | node_32 | INFO ] 🚂 Round 98: Client training...
[ 2026-03-06 14:14:58 | node_31 | INFO ] 🚂 Round 98: Client training...
[ 2026-03-06 14:14:58 | node_28 | INFO ] 🚂 Round 98: Client training...
[ 2026-03-06 14:14:58 | node_39 | INFO ] 🔬 Evaluating...
[ 2026-03-06 14:14:58 | node_34 | INFO ] 🚂 Round 98: Client training...
[ 2026-03-06 14:14:59 | node_33 | INFO ] 🚂 Round 98: Client training...
[ 2026-03-06 14:14:59 | node_30 | INFO ] 🚂 Round 98: Client training...
[ 2026-03-06 14:14:59 | node_29 | INFO ] 🚂 Round 98: Client training...
[ 2026-03-06 14:14:59 | node_35 | INFO ] 🚂 Round 98: Client training...
[ 2026-03-06 14:14:59 | node_36 | INFO ] 📈 Evaluated. Results: {'test_loss': 0.008025150746107101, 'test_acc': 0.9950000047683716, 'test_precision': 0.9927999973297119, 'test_recall': 0.9948571920394897, 'test_f1': 0.9932307600975037, 'communication_cost': 0}
[ 2026-03-06 14:14:59 | node_37 | INFO ] 📈 Evaluated. Results: {'test_loss': 0.25665512681007385, 'test_acc': 0.9700000286102295, 'test_precision': 0.9719657897949219, 'test_recall': 0.9695476293563843, 'test_f1': 0.9703936576843262, 'communication_cost': 0}
[ 2026-03-06 14:14:59 | node_10 | INFO ] 📈 Evaluated. Results: {'test_loss': 0.25466880202293396, 'test_acc': 0.9900000095367432, 'test_precision': 0.9900951981544495, 'test_recall': 0.9900951981544495, 'test_f1': 0.9899259209632874, 'communication_cost': 0}
[ 2026-03-06 14:14:59 | node_38 | INFO ] 📈 Evaluated. Results: {'test_loss': 0.46797889471054077, 'test_acc': 0.9700000286102295, 'test_precision': 0.9687965512275696, 'test_recall': 0.9695723056793213, 'test_f1': 0.9675349593162537, 'communication_cost': 0}
[ 2026-03-06 14:14:59 | node_37 | INFO ] 🚂 Round 98: Client training...
[ 2026-03-06 14:14:59 | node_36 | INFO ] 🚂 Round 98: Client training...
[ 2026-03-06 14:14:59 | node_10 | INFO ] 🚂 Round 98: Client training...
[ 2026-03-06 14:14:59 | node_39 | INFO ] 📈 Evaluated. Results: {'test_loss': 0.49301573634147644, 'test_acc': 0.9700000286102295, 'test_precision': 0.9709475636482239, 'test_recall': 0.9638769626617432, 'test_f1': 0.9646497964859009, 'communication_cost': 0}
[ 2026-03-06 14:14:59 | node_38 | INFO ] 🚂 Round 98: Client training...
[ 2026-03-06 14:14:59 | node_41 | INFO ] 🔬 Evaluating...
[ 2026-03-06 14:14:59 | node_40 | INFO ] 🔬 Evaluating...
[ 2026-03-06 14:14:59 | node_39 | INFO ] 🚂 Round 98: Client training...
[ 2026-03-06 14:14:59 | node_41 | INFO ] 📈 Evaluated. Results: {'test_loss': 0.13142907619476318, 'test_acc': 0.9850000143051147, 'test_precision': 0.9868571758270264, 'test_recall': 0.98638916015625, 'test_f1': 0.9861353039741516, 'communication_cost': 0}
[ 2026-03-06 14:14:59 | node_40 | INFO ] 📈 Evaluated. Results: {'test_loss': 0.15245084464550018, 'test_acc': 0.9800000190734863, 'test_precision': 0.9755843877792358, 'test_recall': 0.9835538268089294, 'test_f1': 0.9773693680763245, 'communication_cost': 0}
[ 2026-03-06 14:14:59 | node_41 | INFO ] 🚂 Round 98: Client training...
[ 2026-03-06 14:14:59 | node_40 | INFO ] 🚂 Round 98: Client training...
[ 2026-03-06 14:14:59 | node_49 | INFO ] 🔬 Evaluating...
[ 2026-03-06 14:14:59 | node | INFO ] ⏳ Round 98: Server waiting for 49 updates.
[ 2026-03-06 14:14:59 | node | INFO ] ♻️ Proactively processing 41 early models for round 98.
[ 2026-03-06 14:14:59 | node | INFO ] 🧩 Model added for round 98 (1/49) from ['node_6']
[ 2026-03-06 14:14:59 | node | INFO ] 🧩 Model added for round 98 (2/49) from ['node_4']
[ 2026-03-06 14:14:59 | node | INFO ] 🧩 Model added for round 98 (3/49) from ['node_2']
[ 2026-03-06 14:14:59 | node | INFO ] 🧩 Model added for round 98 (4/49) from ['node_8']
[ 2026-03-06 14:14:59 | node | INFO ] 🧩 Model added for round 98 (5/49) from ['node_18']
[ 2026-03-06 14:14:59 | node | INFO ] 🧩 Model added for round 98 (6/49) from ['node_21']
[ 2026-03-06 14:14:59 | node | INFO ] 🧩 Model added for round 98 (7/49) from ['node_19']
[ 2026-03-06 14:14:59 | node | INFO ] 🧩 Model added for round 98 (8/49) from ['node_25']
[ 2026-03-06 14:14:59 | node | INFO ] 🧩 Model added for round 98 (9/49) from ['node_16']
[ 2026-03-06 14:14:59 | node | INFO ] 🧩 Model added for round 98 (10/49) from ['node_24']
[ 2026-03-06 14:14:59 | node | INFO ] 🧩 Model added for round 98 (11/49) from ['node_14']
[ 2026-03-06 14:14:59 | node | INFO ] 🧩 Model added for round 98 (12/49) from ['node_1']
[ 2026-03-06 14:14:59 | node | INFO ] 🧩 Model added for round 98 (13/49) from ['node_11']
[ 2026-03-06 14:14:59 | node | INFO ] 🧩 Model added for round 98 (14/49) from ['node_26']
[ 2026-03-06 14:14:59 | node | INFO ] 🧩 Model added for round 98 (15/49) from ['node_9']
[ 2026-03-06 14:14:59 | node | INFO ] 🧩 Model added for round 98 (16/49) from ['node_13']
[ 2026-03-06 14:14:59 | node | INFO ] 🧩 Model added for round 98 (17/49) from ['node_20']
[ 2026-03-06 14:14:59 | node | INFO ] 🧩 Model added for round 98 (18/49) from ['node_12']
[ 2026-03-06 14:14:59 | node | INFO ] 🧩 Model added for round 98 (19/49) from ['node_27']
[ 2026-03-06 14:14:59 | node | INFO ] 🧩 Model added for round 98 (20/49) from ['node_3']
[ 2026-03-06 14:14:59 | node | INFO ] 🧩 Model added for round 98 (21/49) from ['node_17']
[ 2026-03-06 14:14:59 | node | INFO ] 🧩 Model added for round 98 (22/49) from ['node_15']
[ 2026-03-06 14:14:59 | node | INFO ] 🧩 Model added for round 98 (23/49) from ['node_22']
[ 2026-03-06 14:14:59 | node_49 | INFO ] 📈 Evaluated. Results: {'test_loss': 0.3423806130886078, 'test_acc': 0.9649999737739563, 'test_precision': 0.9712424278259277, 'test_recall': 0.9624881148338318, 'test_f1': 0.964585542678833, 'communication_cost': 0}
[ 2026-03-06 14:14:59 | node | INFO ] 🧩 Model added for round 98 (24/49) from ['node_23']
[ 2026-03-06 14:14:59 | node | INFO ] 🧩 Model added for round 98 (25/49) from ['node_7']
[ 2026-03-06 14:14:59 | node | INFO ] 🧩 Model added for round 98 (26/49) from ['node_5']
[ 2026-03-06 14:14:59 | node | INFO ] 🧩 Model added for round 98 (27/49) from ['node_32']
[ 2026-03-06 14:14:59 | node_49 | INFO ] 🚂 Round 98: Client training...
[ 2026-03-06 14:14:59 | node | INFO ] 🧩 Model added for round 98 (28/49) from ['node_31']
[ 2026-03-06 14:14:59 | node | INFO ] 🧩 Model added for round 98 (29/49) from ['node_34']
[ 2026-03-06 14:14:59 | node | INFO ] 🧩 Model added for round 98 (30/49) from ['node_33']
[ 2026-03-06 14:14:59 | node | INFO ] 🧩 Model added for round 98 (31/49) from ['node_30']
[ 2026-03-06 14:14:59 | node | INFO ] 🧩 Model added for round 98 (32/49) from ['node_28']
[ 2026-03-06 14:14:59 | node | INFO ] 🧩 Model added for round 98 (33/49) from ['node_29']
[ 2026-03-06 14:14:59 | node | INFO ] 🧩 Model added for round 98 (34/49) from ['node_35']
[ 2026-03-06 14:14:59 | node | INFO ] 🧩 Model added for round 98 (35/49) from ['node_10']
[ 2026-03-06 14:14:59 | node_44 | INFO ] 🔬 Evaluating...
[ 2026-03-06 14:14:59 | node | INFO ] 🧩 Model added for round 98 (36/49) from ['node_37']
[ 2026-03-06 14:14:59 | node | INFO ] 🧩 Model added for round 98 (37/49) from ['node_36']
[ 2026-03-06 14:14:59 | node_46 | INFO ] 🔬 Evaluating...
[ 2026-03-06 14:14:59 | node | INFO ] 🧩 Model added for round 98 (38/49) from ['node_38']
[ 2026-03-06 14:14:59 | node_48 | INFO ] 🔬 Evaluating...
[ 2026-03-06 14:14:59 | node | INFO ] 🧩 Model added for round 98 (39/49) from ['node_39']
[ 2026-03-06 14:14:59 | node_45 | INFO ] 🔬 Evaluating...
[ 2026-03-06 14:14:59 | node_43 | INFO ] 🔬 Evaluating...
[ 2026-03-06 14:14:59 | node | INFO ] 🧩 Model added for round 98 (40/49) from ['node_41']
[ 2026-03-06 14:14:59 | node | INFO ] 🧩 Model added for round 98 (41/49) from ['node_40']
[ 2026-03-06 14:15:00 | node_44 | INFO ] 📈 Evaluated. Results: {'test_loss': 0.2281252145767212, 'test_acc': 0.9599999785423279, 'test_precision': 0.9559301733970642, 'test_recall': 0.961907148361206, 'test_f1': 0.9565312266349792, 'communication_cost': 0}
[ 2026-03-06 14:15:00 | node_44 | INFO ] 🚂 Round 98: Client training...
[ 2026-03-06 14:15:00 | node_47 | INFO ] 🔬 Evaluating...
[ 2026-03-06 14:15:00 | node_42 | INFO ] 🔬 Evaluating...
[ 2026-03-06 14:15:00 | node_48 | INFO ] 📈 Evaluated. Results: {'test_loss': 0.23992422223091125, 'test_acc': 0.9750000238418579, 'test_precision': 0.9758647084236145, 'test_recall': 0.9770991802215576, 'test_f1': 0.9747763276100159, 'communication_cost': 0}
[ 2026-03-06 14:15:00 | node_46 | INFO ] 📈 Evaluated. Results: {'test_loss': 0.30092689394950867, 'test_acc': 0.9750000238418579, 'test_precision': 0.9732000827789307, 'test_recall': 0.9748716950416565, 'test_f1': 0.971651017665863, 'communication_cost': 0}
[ 2026-03-06 14:15:00 | node_48 | INFO ] 🚂 Round 98: Client training...
[ 2026-03-06 14:15:00 | node_46 | INFO ] 🚂 Round 98: Client training...
[ 2026-03-06 14:15:00 | node_45 | INFO ] 📈 Evaluated. Results: {'test_loss': 0.7479463815689087, 'test_acc': 0.9649999737739563, 'test_precision': 0.9619026780128479, 'test_recall': 0.961134135723114, 'test_f1': 0.9585747718811035, 'communication_cost': 0}
[ 2026-03-06 14:15:00 | node_43 | INFO ] 📈 Evaluated. Results: {'test_loss': 0.5983136296272278, 'test_acc': 0.9750000238418579, 'test_precision': 0.9732102751731873, 'test_recall': 0.9740000367164612, 'test_f1': 0.9715969562530518, 'communication_cost': 0}
[ 2026-03-06 14:15:00 | node_43 | INFO ] 🚂 Round 98: Client training...
[ 2026-03-06 14:15:00 | node_45 | INFO ] 🚂 Round 98: Client training...
[ 2026-03-06 14:15:00 | node | INFO ] 🧩 Model added for round 98 (42/49) from ['node_49']
[ 2026-03-06 14:15:00 | node_47 | INFO ] 📈 Evaluated. Results: {'test_loss': 0.34983769059181213, 'test_acc': 0.9750000238418579, 'test_precision': 0.97275710105896, 'test_recall': 0.9783340692520142, 'test_f1': 0.9737304449081421, 'communication_cost': 0}
[ 2026-03-06 14:15:00 | node_47 | INFO ] 🚂 Round 98: Client training...
[ 2026-03-06 14:15:00 | node_42 | INFO ] 📈 Evaluated. Results: {'test_loss': 0.4508848190307617, 'test_acc': 0.9750000238418579, 'test_precision': 0.9788649082183838, 'test_recall': 0.9734151363372803, 'test_f1': 0.9739660620689392, 'communication_cost': 0}
[ 2026-03-06 14:15:00 | node_42 | INFO ] 🚂 Round 98: Client training...
[ 2026-03-06 14:15:00 | node | INFO ] 🧩 Model added for round 98 (43/49) from ['node_44']
[ 2026-03-06 14:15:00 | node | INFO ] 🧩 Model added for round 98 (44/49) from ['node_43']
[ 2026-03-06 14:15:00 | node | INFO ] 🧩 Model added for round 98 (45/49) from ['node_45']
[ 2026-03-06 14:15:00 | node | INFO ] 🧩 Model added for round 98 (46/49) from ['node_46']
[ 2026-03-06 14:15:00 | node | INFO ] 🧩 Model added for round 98 (47/49) from ['node_48']
[ 2026-03-06 14:15:00 | node | INFO ] 🧩 Model added for round 98 (48/49) from ['node_42']
[ 2026-03-06 14:15:00 | node | INFO ] 🧩 Model added for round 98 (49/49) from ['node_47']
[ 2026-03-06 14:15:01 | node | INFO ] 🔬 Evaluating...
[ 2026-03-06 14:15:01 | node | INFO ] 📈 Evaluated. Results: {'test_loss': 0.2827569246292114, 'test_acc': 0.9850000143051147, 'test_precision': 0.9841939806938171, 'test_recall': 0.9803000092506409, 'test_f1': 0.9808365106582642, 'communication_cost': 46110666}
[ 2026-03-06 14:15:01 | node_4 | INFO ] 🔬 Evaluating...
[ 2026-03-06 14:15:01 | node_10 | INFO ] 🔬 Evaluating...
[ 2026-03-06 14:15:01 | node_2 | INFO ] 🔬 Evaluating...
[ 2026-03-06 14:15:01 | node_10 | INFO ] 📈 Evaluated. Results: {'test_loss': 0.22097232937812805, 'test_acc': 0.9900000095367432, 'test_precision': 0.9900951981544495, 'test_recall': 0.9900951981544495, 'test_f1': 0.9899259209632874, 'communication_cost': 0}
[ 2026-03-06 14:15:01 | node_4 | INFO ] 📈 Evaluated. Results: {'test_loss': 0.07976679503917694, 'test_acc': 0.9900000095367432, 'test_precision': 0.9890769720077515, 'test_recall': 0.9920769333839417, 'test_f1': 0.9900420308113098, 'communication_cost': 0}
[ 2026-03-06 14:15:01 | node_10 | INFO ] 🚂 Round 99: Client training...
[ 2026-03-06 14:15:01 | node_4 | INFO ] 🚂 Round 99: Client training...
[ 2026-03-06 14:15:01 | node_43 | INFO ] 🔬 Evaluating...
[ 2026-03-06 14:15:01 | node_45 | INFO ] 🔬 Evaluating...
[ 2026-03-06 14:15:01 | node_48 | INFO ] 🔬 Evaluating...
[ 2026-03-06 14:15:01 | node_46 | INFO ] 🔬 Evaluating...
[ 2026-03-06 14:15:01 | node_42 | INFO ] 🔬 Evaluating...
[ 2026-03-06 14:15:01 | node_47 | INFO ] 🔬 Evaluating...
[ 2026-03-06 14:15:01 | node_2 | INFO ] 📈 Evaluated. Results: {'test_loss': 0.08815206587314606, 'test_acc': 0.9800000190734863, 'test_precision': 0.978827714920044, 'test_recall': 0.9749693274497986, 'test_f1': 0.9761930704116821, 'communication_cost': 0}
[ 2026-03-06 14:15:01 | node_41 | INFO ] 🔬 Evaluating...
[ 2026-03-06 14:15:01 | node_40 | INFO ] 🔬 Evaluating...
[ 2026-03-06 14:15:01 | node_2 | INFO ] 🚂 Round 99: Client training...
[ 2026-03-06 14:15:01 | node_8 | INFO ] 🔬 Evaluating...
[ 2026-03-06 14:15:01 | node_18 | INFO ] 🔬 Evaluating...
[ 2026-03-06 14:15:01 | node_21 | INFO ] 🔬 Evaluating...
[ 2026-03-06 14:15:01 | node_43 | INFO ] 📈 Evaluated. Results: {'test_loss': 0.6329609155654907, 'test_acc': 0.9700000286102295, 'test_precision': 0.968067467212677, 'test_recall': 0.9688571095466614, 'test_f1': 0.9660584926605225, 'communication_cost': 0}
[ 2026-03-06 14:15:01 | node_43 | INFO ] 🚂 Round 99: Client training...
[ 2026-03-06 14:15:01 | node_46 | INFO ] 📈 Evaluated. Results: {'test_loss': 0.32815924286842346, 'test_acc': 0.9750000238418579, 'test_precision': 0.9732000827789307, 'test_recall': 0.9748716950416565, 'test_f1': 0.971651017665863, 'communication_cost': 0}
[ 2026-03-06 14:15:01 | node_16 | INFO ] 🔬 Evaluating...
[ 2026-03-06 14:15:01 | node_19 | INFO ] 🔬 Evaluating...
[ 2026-03-06 14:15:01 | node_25 | INFO ] 🔬 Evaluating...
[ 2026-03-06 14:15:01 | node_46 | INFO ] 🚂 Round 99: Client training...
[ 2026-03-06 14:15:01 | node_48 | INFO ] 📈 Evaluated. Results: {'test_loss': 0.2866048514842987, 'test_acc': 0.9750000238418579, 'test_precision': 0.9758647084236145, 'test_recall': 0.9770991802215576, 'test_f1': 0.9747763276100159, 'communication_cost': 0}
[ 2026-03-06 14:15:01 | node_14 | INFO ] 🔬 Evaluating...
[ 2026-03-06 14:15:01 | node_26 | INFO ] 🔬 Evaluating...
[ 2026-03-06 14:15:01 | node_12 | INFO ] 🔬 Evaluating...
[ 2026-03-06 14:15:01 | node_15 | INFO ] 🔬 Evaluating...
[ 2026-03-06 14:15:01 | node_9 | INFO ] 🔬 Evaluating...
[ 2026-03-06 14:15:01 | node_3 | INFO ] 🔬 Evaluating...
[ 2026-03-06 14:15:01 | node_27 | INFO ] 🔬 Evaluating...
[ 2026-03-06 14:15:01 | node_17 | INFO ] 🔬 Evaluating...
[ 2026-03-06 14:15:01 | node_5 | INFO ] 🔬 Evaluating...
[ 2026-03-06 14:15:01 | node_32 | INFO ] 🔬 Evaluating...
[ 2026-03-06 14:15:01 | node_24 | INFO ] 🔬 Evaluating...
[ 2026-03-06 14:15:01 | node_1 | INFO ] 🔬 Evaluating...
[ 2026-03-06 14:15:01 | node_49 | INFO ] 🔬 Evaluating...
[ 2026-03-06 14:15:01 | node_22 | INFO ] 🔬 Evaluating...
[ 2026-03-06 14:15:01 | node_20 | INFO ] 🔬 Evaluating...
[ 2026-03-06 14:15:01 | node_6 | INFO ] 🔬 Evaluating...
[ 2026-03-06 14:15:01 | node_11 | INFO ] 🔬 Evaluating...
[ 2026-03-06 14:15:01 | node_7 | INFO ] 🔬 Evaluating...
[ 2026-03-06 14:15:01 | node_23 | INFO ] 🔬 Evaluating...
[ 2026-03-06 14:15:01 | node_13 | INFO ] 🔬 Evaluating...
[ 2026-03-06 14:15:01 | node_42 | INFO ] 📈 Evaluated. Results: {'test_loss': 0.4811532199382782, 'test_acc': 0.9700000286102295, 'test_precision': 0.9730467200279236, 'test_recall': 0.9698596000671387, 'test_f1': 0.9690898060798645, 'communication_cost': 0}
[ 2026-03-06 14:15:01 | node_40 | INFO ] 📈 Evaluated. Results: {'test_loss': 0.1809597760438919, 'test_acc': 0.9800000190734863, 'test_precision': 0.9762042164802551, 'test_recall': 0.9848769307136536, 'test_f1': 0.9789057970046997, 'communication_cost': 0}
[ 2026-03-06 14:15:01 | node_47 | INFO ] 📈 Evaluated. Results: {'test_loss': 0.34642860293388367, 'test_acc': 0.9700000286102295, 'test_precision': 0.9698619246482849, 'test_recall': 0.9730007648468018, 'test_f1': 0.9693889021873474, 'communication_cost': 0}
[ 2026-03-06 14:15:01 | node_41 | INFO ] 📈 Evaluated. Results: {'test_loss': 0.15939611196517944, 'test_acc': 0.9850000143051147, 'test_precision': 0.9868571758270264, 'test_recall': 0.98638916015625, 'test_f1': 0.9861353039741516, 'communication_cost': 0}
[ 2026-03-06 14:15:01 | node_34 | INFO ] 🔬 Evaluating...
[ 2026-03-06 14:15:01 | node_33 | INFO ] 🔬 Evaluating...
[ 2026-03-06 14:15:01 | node_31 | INFO ] 🔬 Evaluating...
[ 2026-03-06 14:15:01 | node_44 | INFO ] 🔬 Evaluating...
[ 2026-03-06 14:15:01 | node_28 | INFO ] 🔬 Evaluating...
[ 2026-03-06 14:15:01 | node_30 | INFO ] 🔬 Evaluating...
[ 2026-03-06 14:15:01 | node_29 | INFO ] 🔬 Evaluating...
[ 2026-03-06 14:15:01 | node_36 | INFO ] 🔬 Evaluating...
[ 2026-03-06 14:15:01 | node_48 | INFO ] 🚂 Round 99: Client training...
[ 2026-03-06 14:15:01 | node_35 | INFO ] 🔬 Evaluating...
[ 2026-03-06 14:15:01 | node_38 | INFO ] 🔬 Evaluating...
[ 2026-03-06 14:15:01 | node_37 | INFO ] 🔬 Evaluating...
[ 2026-03-06 14:15:01 | node_39 | INFO ] 🔬 Evaluating...
[ 2026-03-06 14:15:01 | node_8 | INFO ] 📈 Evaluated. Results: {'test_loss': 0.24260090291500092, 'test_acc': 0.9750000238418579, 'test_precision': 0.9782221913337708, 'test_recall': 0.9746875166893005, 'test_f1': 0.9748017191886902, 'communication_cost': 0}
[ 2026-03-06 14:15:01 | node_45 | INFO ] 📈 Evaluated. Results: {'test_loss': 0.765072226524353, 'test_acc': 0.9700000286102295, 'test_precision': 0.9691026210784912, 'test_recall': 0.9671341180801392, 'test_f1': 0.9665020704269409, 'communication_cost': 0}
[ 2026-03-06 14:15:01 | node_21 | INFO ] 📈 Evaluated. Results: {'test_loss': 0.6955757141113281, 'test_acc': 0.9649999737739563, 'test_precision': 0.9680511355400085, 'test_recall': 0.9622229933738708, 'test_f1': 0.9633592367172241, 'communication_cost': 0}
[ 2026-03-06 14:15:01 | node_18 | INFO ] 📈 Evaluated. Results: {'test_loss': 0.004637553822249174, 'test_acc': 1.0, 'test_precision': 1.0, 'test_recall': 1.0, 'test_f1': 1.0, 'communication_cost': 0}
[ 2026-03-06 14:15:01 | node_42 | INFO ] 🚂 Round 99: Client training...
[ 2026-03-06 14:15:02 | node_19 | INFO ] 📈 Evaluated. Results: {'test_loss': 0.04523320123553276, 'test_acc': 0.9850000143051147, 'test_precision': 0.9812444448471069, 'test_recall': 0.9844444394111633, 'test_f1': 0.9817935228347778, 'communication_cost': 0}
[ 2026-03-06 14:15:02 | node_16 | INFO ] 📈 Evaluated. Results: {'test_loss': 0.2285998910665512, 'test_acc': 0.9800000190734863, 'test_precision': 0.9841221570968628, 'test_recall': 0.9815706014633179, 'test_f1': 0.9818600416183472, 'communication_cost': 0}
[ 2026-03-06 14:15:02 | node_40 | INFO ] 🚂 Round 99: Client training...
[ 2026-03-06 14:15:02 | node_41 | INFO ] 🚂 Round 99: Client training...
[ 2026-03-06 14:15:02 | node_47 | INFO ] 🚂 Round 99: Client training...
[ 2026-03-06 14:15:02 | node_25 | INFO ] 📈 Evaluated. Results: {'test_loss': 0.40821731090545654, 'test_acc': 0.9750000238418579, 'test_precision': 0.9752205014228821, 'test_recall': 0.9762872457504272, 'test_f1': 0.9749478697776794, 'communication_cost': 0}
[ 2026-03-06 14:15:02 | node_9 | INFO ] 📈 Evaluated. Results: {'test_loss': 0.12999160587787628, 'test_acc': 0.9850000143051147, 'test_precision': 0.9873122572898865, 'test_recall': 0.9876638650894165, 'test_f1': 0.9870697259902954, 'communication_cost': 0}
[ 2026-03-06 14:15:02 | node_32 | INFO ] 📈 Evaluated. Results: {'test_loss': 0.3564521372318268, 'test_acc': 0.9750000238418579, 'test_precision': 0.9779556393623352, 'test_recall': 0.971264660358429, 'test_f1': 0.973207950592041, 'communication_cost': 0}
[ 2026-03-06 14:15:02 | node_15 | INFO ] 📈 Evaluated. Results: {'test_loss': 0.2637791335582733, 'test_acc': 0.9950000047683716, 'test_precision': 0.9957333207130432, 'test_recall': 0.9908571839332581, 'test_f1': 0.992870032787323, 'communication_cost': 0}
[ 2026-03-06 14:15:02 | node_8 | INFO ] 🚂 Round 99: Client training...
[ 2026-03-06 14:15:02 | node_45 | INFO ] 🚂 Round 99: Client training...
[ 2026-03-06 14:15:02 | node_21 | INFO ] 🚂 Round 99: Client training...
[ 2026-03-06 14:15:02 | node_49 | INFO ] 📈 Evaluated. Results: {'test_loss': 0.3665316104888916, 'test_acc': 0.9649999737739563, 'test_precision': 0.9712424278259277, 'test_recall': 0.9624881148338318, 'test_f1': 0.964585542678833, 'communication_cost': 0}
[ 2026-03-06 14:15:02 | node_27 | INFO ] 📈 Evaluated. Results: {'test_loss': 0.06188322976231575, 'test_acc': 0.9950000047683716, 'test_precision': 0.9955000281333923, 'test_recall': 0.9910000562667847, 'test_f1': 0.9924571514129639, 'communication_cost': 0}
[ 2026-03-06 14:15:02 | node_26 | INFO ] 📈 Evaluated. Results: {'test_loss': 0.30967798829078674, 'test_acc': 0.9649999737739563, 'test_precision': 0.9607238173484802, 'test_recall': 0.9678034782409668, 'test_f1': 0.962436854839325, 'communication_cost': 0}
[ 2026-03-06 14:15:02 | node_22 | INFO ] 📈 Evaluated. Results: {'test_loss': 0.2380845993757248, 'test_acc': 0.9750000238418579, 'test_precision': 0.976226270198822, 'test_recall': 0.9748333692550659, 'test_f1': 0.9742796421051025, 'communication_cost': 0}
[ 2026-03-06 14:15:02 | node_20 | INFO ] 📈 Evaluated. Results: {'test_loss': 0.3927166759967804, 'test_acc': 0.9649999737739563, 'test_precision': 0.9720134139060974, 'test_recall': 0.9619454741477966, 'test_f1': 0.9644263982772827, 'communication_cost': 0}
[ 2026-03-06 14:15:02 | node_18 | INFO ] 🚂 Round 99: Client training...
[ 2026-03-06 14:15:02 | node_24 | INFO ] 📈 Evaluated. Results: {'test_loss': 0.06302385032176971, 'test_acc': 0.9800000190734863, 'test_precision': 0.9788691997528076, 'test_recall': 0.9785920977592468, 'test_f1': 0.978343665599823, 'communication_cost': 0}
[ 2026-03-06 14:15:02 | node_3 | INFO ] 📈 Evaluated. Results: {'test_loss': 0.1984853595495224, 'test_acc': 0.9750000238418579, 'test_precision': 0.9711019992828369, 'test_recall': 0.9735333323478699, 'test_f1': 0.9700840711593628, 'communication_cost': 0}
[ 2026-03-06 14:15:02 | node_19 | INFO ] 🚂 Round 99: Client training...
[ 2026-03-06 14:15:02 | node_16 | INFO ] 🚂 Round 99: Client training...
[ 2026-03-06 14:15:02 | node_5 | INFO ] 📈 Evaluated. Results: {'test_loss': 0.16840657591819763, 'test_acc': 0.9900000095367432, 'test_precision': 0.9914999604225159, 'test_recall': 0.9894999861717224, 'test_f1': 0.9898096323013306, 'communication_cost': 0}
[ 2026-03-06 14:15:02 | node_11 | INFO ] 📈 Evaluated. Results: {'test_loss': 0.5147829651832581, 'test_acc': 0.9700000286102295, 'test_precision': 0.9681356549263, 'test_recall': 0.9678959846496582, 'test_f1': 0.9666531085968018, 'communication_cost': 0}
[ 2026-03-06 14:15:02 | node_25 | INFO ] 🚂 Round 99: Client training...
[ 2026-03-06 14:15:02 | node_17 | INFO ] 📈 Evaluated. Results: {'test_loss': 0.07830772548913956, 'test_acc': 0.9900000095367432, 'test_precision': 0.9925333261489868, 'test_recall': 0.9917333126068115, 'test_f1': 0.9920278191566467, 'communication_cost': 0}
[ 2026-03-06 14:15:02 | node_6 | INFO ] 📈 Evaluated. Results: {'test_loss': 0.24728141725063324, 'test_acc': 0.9750000238418579, 'test_precision': 0.9792951941490173, 'test_recall': 0.9754000902175903, 'test_f1': 0.9757346510887146, 'communication_cost': 0}
[ 2026-03-06 14:15:02 | node_9 | INFO ] 🚂 Round 99: Client training...
[ 2026-03-06 14:15:02 | node_23 | INFO ] 📈 Evaluated. Results: {'test_loss': 0.2344963401556015, 'test_acc': 0.9800000190734863, 'test_precision': 0.9776992201805115, 'test_recall': 0.9835602045059204, 'test_f1': 0.9796310663223267, 'communication_cost': 0}
[ 2026-03-06 14:15:02 | node_14 | INFO ] 📈 Evaluated. Results: {'test_loss': 0.20979906618595123, 'test_acc': 0.9750000238418579, 'test_precision': 0.9755722284317017, 'test_recall': 0.9742977023124695, 'test_f1': 0.9739194512367249, 'communication_cost': 0}
[ 2026-03-06 14:15:02 | node_1 | INFO ] 📈 Evaluated. Results: {'test_loss': 0.5796418190002441, 'test_acc': 0.9700000286102295, 'test_precision': 0.9542103409767151, 'test_recall': 0.9700050354003906, 'test_f1': 0.9574626088142395, 'communication_cost': 0}
[ 2026-03-06 14:15:02 | node_12 | INFO ] 📈 Evaluated. Results: {'test_loss': 0.1382688581943512, 'test_acc': 0.9900000095367432, 'test_precision': 0.9917352795600891, 'test_recall': 0.9924606084823608, 'test_f1': 0.9917395114898682, 'communication_cost': 0}
[ 2026-03-06 14:15:02 | node_32 | INFO ] 🚂 Round 99: Client training...
[ 2026-03-06 14:15:02 | node_7 | INFO ] 📈 Evaluated. Results: {'test_loss': 0.05133872851729393, 'test_acc': 0.9950000047683716, 'test_precision': 0.9950768947601318, 'test_recall': 0.9957333207130432, 'test_f1': 0.9952331781387329, 'communication_cost': 0}
[ 2026-03-06 14:15:02 | node_13 | INFO ] 📈 Evaluated. Results: {'test_loss': 0.5195375084877014, 'test_acc': 0.9700000286102295, 'test_precision': 0.9701159596443176, 'test_recall': 0.9687647819519043, 'test_f1': 0.9677102565765381, 'communication_cost': 0}
[ 2026-03-06 14:15:02 | node_15 | INFO ] 🚂 Round 99: Client training...
[ 2026-03-06 14:15:02 | node_26 | INFO ] 🚂 Round 99: Client training...
[ 2026-03-06 14:15:02 | node_34 | INFO ] 📈 Evaluated. Results: {'test_loss': 0.32683274149894714, 'test_acc': 0.9750000238418579, 'test_precision': 0.9725714325904846, 'test_recall': 0.9751490950584412, 'test_f1': 0.9715635180473328, 'communication_cost': 0}
[ 2026-03-06 14:15:02 | node_49 | INFO ] 🚂 Round 99: Client training...
[ 2026-03-06 14:15:03 | node_36 | INFO ] 📈 Evaluated. Results: {'test_loss': 0.006743601523339748, 'test_acc': 1.0, 'test_precision': 1.0, 'test_recall': 1.0, 'test_f1': 1.0, 'communication_cost': 0}
[ 2026-03-06 14:15:03 | node_33 | INFO ] 📈 Evaluated. Results: {'test_loss': 0.1605975478887558, 'test_acc': 0.9750000238418579, 'test_precision': 0.9799515008926392, 'test_recall': 0.9701538681983948, 'test_f1': 0.9734431505203247, 'communication_cost': 0}
[ 2026-03-06 14:15:03 | node_28 | INFO ] 📈 Evaluated. Results: {'test_loss': 0.18811416625976562, 'test_acc': 0.9750000238418579, 'test_precision': 0.9752143025398254, 'test_recall': 0.9739571213722229, 'test_f1': 0.9734120965003967, 'communication_cost': 0}
[ 2026-03-06 14:15:03 | node_20 | INFO ] 🚂 Round 99: Client training...
[ 2026-03-06 14:15:03 | node_31 | INFO ] 📈 Evaluated. Results: {'test_loss': 0.09360866248607635, 'test_acc': 0.9800000190734863, 'test_precision': 0.9781159162521362, 'test_recall': 0.978528618812561, 'test_f1': 0.9774843454360962, 'communication_cost': 0}
[ 2026-03-06 14:15:03 | node_44 | INFO ] 📈 Evaluated. Results: {'test_loss': 0.25359654426574707, 'test_acc': 0.9649999737739563, 'test_precision': 0.960196852684021, 'test_recall': 0.9664785861968994, 'test_f1': 0.9612908363342285, 'communication_cost': 0}
[ 2026-03-06 14:15:03 | node_27 | INFO ] 🚂 Round 99: Client training...
[ 2026-03-06 14:15:03 | node_38 | INFO ] 📈 Evaluated. Results: {'test_loss': 0.4249851703643799, 'test_acc': 0.9700000286102295, 'test_precision': 0.9687965512275696, 'test_recall': 0.9695723056793213, 'test_f1': 0.9675349593162537, 'communication_cost': 0}
[ 2026-03-06 14:15:03 | node_30 | INFO ] 📈 Evaluated. Results: {'test_loss': 0.6794906854629517, 'test_acc': 0.9700000286102295, 'test_precision': 0.9675905108451843, 'test_recall': 0.9715458750724792, 'test_f1': 0.9671987295150757, 'communication_cost': 0}
[ 2026-03-06 14:15:03 | node_22 | INFO ] 🚂 Round 99: Client training...
[ 2026-03-06 14:15:03 | node_24 | INFO ] 🚂 Round 99: Client training...
[ 2026-03-06 14:15:03 | node_29 | INFO ] 📈 Evaluated. Results: {'test_loss': 0.42918887734413147, 'test_acc': 0.9800000190734863, 'test_precision': 0.9762606620788574, 'test_recall': 0.9790510535240173, 'test_f1': 0.9756698608398438, 'communication_cost': 0}
[ 2026-03-06 14:15:03 | node_3 | INFO ] 🚂 Round 99: Client training...
[ 2026-03-06 14:15:03 | node_37 | INFO ] 📈 Evaluated. Results: {'test_loss': 0.2857229709625244, 'test_acc': 0.9700000286102295, 'test_precision': 0.9731242656707764, 'test_recall': 0.9695476293563843, 'test_f1': 0.9708173871040344, 'communication_cost': 0}
[ 2026-03-06 14:15:03 | node_35 | INFO ] 📈 Evaluated. Results: {'test_loss': 0.26910683512687683, 'test_acc': 0.9850000143051147, 'test_precision': 0.9827000498771667, 'test_recall': 0.9842284917831421, 'test_f1': 0.9824283123016357, 'communication_cost': 0}
[ 2026-03-06 14:15:03 | node_5 | INFO ] 🚂 Round 99: Client training...
[ 2026-03-06 14:15:03 | node_11 | INFO ] 🚂 Round 99: Client training...
[ 2026-03-06 14:15:03 | node_17 | INFO ] 🚂 Round 99: Client training...
[ 2026-03-06 14:15:03 | node_6 | INFO ] 🚂 Round 99: Client training...
[ 2026-03-06 14:15:03 | node_23 | INFO ] 🚂 Round 99: Client training...
[ 2026-03-06 14:15:03 | node_14 | INFO ] 🚂 Round 99: Client training...
[ 2026-03-06 14:15:03 | node_1 | INFO ] 🚂 Round 99: Client training...
[ 2026-03-06 14:15:03 | node_12 | INFO ] 🚂 Round 99: Client training...
[ 2026-03-06 14:15:03 | node_39 | INFO ] 📈 Evaluated. Results: {'test_loss': 0.5687512755393982, 'test_acc': 0.9700000286102295, 'test_precision': 0.9709475636482239, 'test_recall': 0.9638769626617432, 'test_f1': 0.9646497964859009, 'communication_cost': 0}
[ 2026-03-06 14:15:03 | node_7 | INFO ] 🚂 Round 99: Client training...
[ 2026-03-06 14:15:03 | node_13 | INFO ] 🚂 Round 99: Client training...
[ 2026-03-06 14:15:03 | node_34 | INFO ] 🚂 Round 99: Client training...
[ 2026-03-06 14:15:03 | node_36 | INFO ] 🚂 Round 99: Client training...
[ 2026-03-06 14:15:03 | node_33 | INFO ] 🚂 Round 99: Client training...
[ 2026-03-06 14:15:03 | node_28 | INFO ] 🚂 Round 99: Client training...
[ 2026-03-06 14:15:03 | node_31 | INFO ] 🚂 Round 99: Client training...
[ 2026-03-06 14:15:03 | node_44 | INFO ] 🚂 Round 99: Client training...
[ 2026-03-06 14:15:03 | node_38 | INFO ] 🚂 Round 99: Client training...
[ 2026-03-06 14:15:03 | node_30 | INFO ] 🚂 Round 99: Client training...
[ 2026-03-06 14:15:03 | node_29 | INFO ] 🚂 Round 99: Client training...
[ 2026-03-06 14:15:03 | node_37 | INFO ] 🚂 Round 99: Client training...
[ 2026-03-06 14:15:03 | node_35 | INFO ] 🚂 Round 99: Client training...
[ 2026-03-06 14:15:04 | node_39 | INFO ] 🚂 Round 99: Client training...
[ 2026-03-06 14:15:05 | node | INFO ] ⏳ Round 99: Server waiting for 49 updates.
[ 2026-03-06 14:15:05 | node | INFO ] ♻️ Proactively processing 49 early models for round 99.
[ 2026-03-06 14:15:05 | node | INFO ] 🧩 Model added for round 99 (1/49) from ['node_10']
[ 2026-03-06 14:15:05 | node | INFO ] 🧩 Model added for round 99 (2/49) from ['node_4']
[ 2026-03-06 14:15:05 | node | INFO ] 🧩 Model added for round 99 (3/49) from ['node_43']
[ 2026-03-06 14:15:05 | node | INFO ] 🧩 Model added for round 99 (4/49) from ['node_2']
[ 2026-03-06 14:15:05 | node | INFO ] 🧩 Model added for round 99 (5/49) from ['node_46']
[ 2026-03-06 14:15:05 | node | INFO ] 🧩 Model added for round 99 (6/49) from ['node_48']
[ 2026-03-06 14:15:05 | node | INFO ] 🧩 Model added for round 99 (7/49) from ['node_41']
[ 2026-03-06 14:15:05 | node | INFO ] 🧩 Model added for round 99 (8/49) from ['node_42']
[ 2026-03-06 14:15:05 | node | INFO ] 🧩 Model added for round 99 (9/49) from ['node_47']
[ 2026-03-06 14:15:05 | node | INFO ] 🧩 Model added for round 99 (10/49) from ['node_40']
[ 2026-03-06 14:15:05 | node | INFO ] 🧩 Model added for round 99 (11/49) from ['node_19']
[ 2026-03-06 14:15:05 | node | INFO ] 🧩 Model added for round 99 (12/49) from ['node_45']
[ 2026-03-06 14:15:05 | node | INFO ] 🧩 Model added for round 99 (13/49) from ['node_16']
[ 2026-03-06 14:15:05 | node | INFO ] 🧩 Model added for round 99 (14/49) from ['node_21']
[ 2026-03-06 14:15:05 | node | INFO ] 🧩 Model added for round 99 (15/49) from ['node_26']
[ 2026-03-06 14:15:05 | node | INFO ] 🧩 Model added for round 99 (16/49) from ['node_25']
[ 2026-03-06 14:15:05 | node | INFO ] 🧩 Model added for round 99 (17/49) from ['node_18']
[ 2026-03-06 14:15:05 | node | INFO ] 🧩 Model added for round 99 (18/49) from ['node_8']
[ 2026-03-06 14:15:05 | node | INFO ] 🧩 Model added for round 99 (19/49) from ['node_9']
[ 2026-03-06 14:15:05 | node | INFO ] 🧩 Model added for round 99 (20/49) from ['node_32']
[ 2026-03-06 14:15:05 | node | INFO ] 🧩 Model added for round 99 (21/49) from ['node_5']
[ 2026-03-06 14:15:05 | node | INFO ] 🧩 Model added for round 99 (22/49) from ['node_20']
[ 2026-03-06 14:15:05 | node | INFO ] 🧩 Model added for round 99 (23/49) from ['node_15']
[ 2026-03-06 14:15:05 | node | INFO ] 🧩 Model added for round 99 (24/49) from ['node_49']
[ 2026-03-06 14:15:05 | node | INFO ] 🧩 Model added for round 99 (25/49) from ['node_22']
[ 2026-03-06 14:15:05 | node | INFO ] 🧩 Model added for round 99 (26/49) from ['node_3']
[ 2026-03-06 14:15:05 | node | INFO ] 🧩 Model added for round 99 (27/49) from ['node_27']
[ 2026-03-06 14:15:05 | node | INFO ] 🧩 Model added for round 99 (28/49) from ['node_24']
[ 2026-03-06 14:15:05 | node | INFO ] 🧩 Model added for round 99 (29/49) from ['node_11']
[ 2026-03-06 14:15:05 | node | INFO ] 🧩 Model added for round 99 (30/49) from ['node_14']
[ 2026-03-06 14:15:05 | node | INFO ] 🧩 Model added for round 99 (31/49) from ['node_6']
[ 2026-03-06 14:15:05 | node | INFO ] 🧩 Model added for round 99 (32/49) from ['node_13']
[ 2026-03-06 14:15:05 | node | INFO ] 🧩 Model added for round 99 (33/49) from ['node_17']
[ 2026-03-06 14:15:05 | node | INFO ] 🧩 Model added for round 99 (34/49) from ['node_36']
[ 2026-03-06 14:15:05 | node | INFO ] 🧩 Model added for round 99 (35/49) from ['node_7']
[ 2026-03-06 14:15:05 | node | INFO ] 🧩 Model added for round 99 (36/49) from ['node_1']
[ 2026-03-06 14:15:05 | node | INFO ] 🧩 Model added for round 99 (37/49) from ['node_23']
[ 2026-03-06 14:15:05 | node | INFO ] 🧩 Model added for round 99 (38/49) from ['node_34']
[ 2026-03-06 14:15:05 | node | INFO ] 🧩 Model added for round 99 (39/49) from ['node_33']
[ 2026-03-06 14:15:05 | node | INFO ] 🧩 Model added for round 99 (40/49) from ['node_28']
[ 2026-03-06 14:15:05 | node | INFO ] 🧩 Model added for round 99 (41/49) from ['node_12']
[ 2026-03-06 14:15:05 | node | INFO ] 🧩 Model added for round 99 (42/49) from ['node_37']
[ 2026-03-06 14:15:05 | node | INFO ] 🧩 Model added for round 99 (43/49) from ['node_35']
[ 2026-03-06 14:15:05 | node | INFO ] 🧩 Model added for round 99 (44/49) from ['node_30']
[ 2026-03-06 14:15:05 | node | INFO ] 🧩 Model added for round 99 (45/49) from ['node_39']
[ 2026-03-06 14:15:05 | node | INFO ] 🧩 Model added for round 99 (46/49) from ['node_44']
[ 2026-03-06 14:15:05 | node | INFO ] 🧩 Model added for round 99 (47/49) from ['node_31']
[ 2026-03-06 14:15:05 | node | INFO ] 🧩 Model added for round 99 (48/49) from ['node_29']
[ 2026-03-06 14:15:05 | node | INFO ] 🧩 Model added for round 99 (49/49) from ['node_38']
[ 2026-03-06 14:15:05 | node | INFO ] 🔬 Evaluating...
[ 2026-03-06 14:15:05 | node | INFO ] 📈 Evaluated. Results: {'test_loss': 0.2253822535276413, 'test_acc': 0.9850000143051147, 'test_precision': 0.9841939806938171, 'test_recall': 0.9803000092506409, 'test_f1': 0.9808365106582642, 'communication_cost': 46110666}
[ 2026-03-06 14:15:05 | node_4 | INFO ] 🔬 Evaluating...
[ 2026-03-06 14:15:05 | node_41 | INFO ] 🔬 Evaluating...
[ 2026-03-06 14:15:05 | node_42 | INFO ] 🔬 Evaluating...
[ 2026-03-06 14:15:05 | node_4 | INFO ] 📈 Evaluated. Results: {'test_loss': 0.0800410807132721, 'test_acc': 0.9900000095367432, 'test_precision': 0.9890769720077515, 'test_recall': 0.9920769333839417, 'test_f1': 0.9900420308113098, 'communication_cost': 0}
[ 2026-03-06 14:15:05 | node_4 | INFO ] 🚂 Round 100: Client training...
[ 2026-03-06 14:15:05 | node_41 | INFO ] 📈 Evaluated. Results: {'test_loss': 0.14780622720718384, 'test_acc': 0.9850000143051147, 'test_precision': 0.9868571758270264, 'test_recall': 0.98638916015625, 'test_f1': 0.9861353039741516, 'communication_cost': 0}
[ 2026-03-06 14:15:05 | node_41 | INFO ] 🚂 Round 100: Client training...
[ 2026-03-06 14:15:05 | node_47 | INFO ] 🔬 Evaluating...
[ 2026-03-06 14:15:05 | node_45 | INFO ] 🔬 Evaluating...
[ 2026-03-06 14:15:05 | node_40 | INFO ] 🔬 Evaluating...
[ 2026-03-06 14:15:05 | node_19 | INFO ] 🔬 Evaluating...
[ 2026-03-06 14:15:05 | node_25 | INFO ] 🔬 Evaluating...
[ 2026-03-06 14:15:05 | node_21 | INFO ] 🔬 Evaluating...
[ 2026-03-06 14:15:05 | node_26 | INFO ] 🔬 Evaluating...
[ 2026-03-06 14:15:05 | node_32 | INFO ] 🔬 Evaluating...
[ 2026-03-06 14:15:05 | node_16 | INFO ] 🔬 Evaluating...
[ 2026-03-06 14:15:05 | node_9 | INFO ] 🔬 Evaluating...
[ 2026-03-06 14:15:05 | node_18 | INFO ] 🔬 Evaluating...
[ 2026-03-06 14:15:05 | node_8 | INFO ] 🔬 Evaluating...
[ 2026-03-06 14:15:05 | node_42 | INFO ] 📈 Evaluated. Results: {'test_loss': 0.4745491147041321, 'test_acc': 0.9700000286102295, 'test_precision': 0.9698649644851685, 'test_recall': 0.9689151644706726, 'test_f1': 0.9664232134819031, 'communication_cost': 0}
[ 2026-03-06 14:15:05 | node_22 | INFO ] 🔬 Evaluating...
[ 2026-03-06 14:15:05 | node_24 | INFO ] 🔬 Evaluating...
[ 2026-03-06 14:15:05 | node_5 | INFO ] 🔬 Evaluating...
[ 2026-03-06 14:15:05 | node_3 | INFO ] 🔬 Evaluating...
[ 2026-03-06 14:15:05 | node_15 | INFO ] 🔬 Evaluating...
[ 2026-03-06 14:15:05 | node_14 | INFO ] 🔬 Evaluating...
[ 2026-03-06 14:15:05 | node_27 | INFO ] 🔬 Evaluating...
[ 2026-03-06 14:15:05 | node_13 | INFO ] 🔬 Evaluating...
[ 2026-03-06 14:15:05 | node_6 | INFO ] 🔬 Evaluating...
[ 2026-03-06 14:15:05 | node_20 | INFO ] 🔬 Evaluating...
[ 2026-03-06 14:15:05 | node_11 | INFO ] 🔬 Evaluating...
[ 2026-03-06 14:15:05 | node_17 | INFO ] 🔬 Evaluating...
[ 2026-03-06 14:15:05 | node_36 | INFO ] 🔬 Evaluating...
[ 2026-03-06 14:15:05 | node_1 | INFO ] 🔬 Evaluating...
[ 2026-03-06 14:15:05 | node_7 | INFO ] 🔬 Evaluating...
[ 2026-03-06 14:15:05 | node_34 | INFO ] 🔬 Evaluating...
[ 2026-03-06 14:15:05 | node_12 | INFO ] 🔬 Evaluating...
[ 2026-03-06 14:15:05 | node_30 | INFO ] 🔬 Evaluating...
[ 2026-03-06 14:15:05 | node_33 | INFO ] 🔬 Evaluating...
[ 2026-03-06 14:15:05 | node_44 | INFO ] 🔬 Evaluating...
[ 2026-03-06 14:15:05 | node_49 | INFO ] 🔬 Evaluating...
[ 2026-03-06 14:15:05 | node_29 | INFO ] 🔬 Evaluating...
[ 2026-03-06 14:15:05 | node_23 | INFO ] 🔬 Evaluating...
[ 2026-03-06 14:15:05 | node_46 | INFO ] 🔬 Evaluating...
[ 2026-03-06 14:15:05 | node_39 | INFO ] 🔬 Evaluating...
[ 2026-03-06 14:15:05 | node_31 | INFO ] 🔬 Evaluating...
[ 2026-03-06 14:15:05 | node_28 | INFO ] 🔬 Evaluating...
[ 2026-03-06 14:15:05 | node_37 | INFO ] 🔬 Evaluating...
[ 2026-03-06 14:15:05 | node_2 | INFO ] 🔬 Evaluating...
[ 2026-03-06 14:15:05 | node_38 | INFO ] 🔬 Evaluating...
[ 2026-03-06 14:15:05 | node_43 | INFO ] 🔬 Evaluating...
[ 2026-03-06 14:15:05 | node_35 | INFO ] 🔬 Evaluating...
[ 2026-03-06 14:15:05 | node_47 | INFO ] 📈 Evaluated. Results: {'test_loss': 0.3525235652923584, 'test_acc': 0.9700000286102295, 'test_precision': 0.9698619246482849, 'test_recall': 0.9730007648468018, 'test_f1': 0.9693889021873474, 'communication_cost': 0}
[ 2026-03-06 14:15:05 | node_48 | INFO ] 🔬 Evaluating...
[ 2026-03-06 14:15:05 | node_40 | INFO ] 📈 Evaluated. Results: {'test_loss': 0.13882555067539215, 'test_acc': 0.9850000143051147, 'test_precision': 0.9798042178153992, 'test_recall': 0.9884769320487976, 'test_f1': 0.9825057983398438, 'communication_cost': 0}
[ 2026-03-06 14:15:05 | node_10 | INFO ] 🔬 Evaluating...
[ 2026-03-06 14:15:05 | node_42 | INFO ] 🚂 Round 100: Client training...
[ 2026-03-06 14:15:06 | node_22 | INFO ] 📈 Evaluated. Results: {'test_loss': 0.23957763612270355, 'test_acc': 0.9750000238418579, 'test_precision': 0.976226270198822, 'test_recall': 0.9748333692550659, 'test_f1': 0.9742796421051025, 'communication_cost': 0}
[ 2026-03-06 14:15:06 | node_47 | INFO ] 🚂 Round 100: Client training...
[ 2026-03-06 14:15:06 | node_26 | INFO ] 📈 Evaluated. Results: {'test_loss': 0.2797640860080719, 'test_acc': 0.9649999737739563, 'test_precision': 0.9607238173484802, 'test_recall': 0.9678034782409668, 'test_f1': 0.962436854839325, 'communication_cost': 0}
[ 2026-03-06 14:15:06 | node_45 | INFO ] 📈 Evaluated. Results: {'test_loss': 0.739154040813446, 'test_acc': 0.9649999737739563, 'test_precision': 0.9619026780128479, 'test_recall': 0.961134135723114, 'test_f1': 0.9585747718811035, 'communication_cost': 0}
[ 2026-03-06 14:15:06 | node_1 | INFO ] 📈 Evaluated. Results: {'test_loss': 0.5842886567115784, 'test_acc': 0.9700000286102295, 'test_precision': 0.9670674204826355, 'test_recall': 0.9685764908790588, 'test_f1': 0.9659091234207153, 'communication_cost': 0}
[ 2026-03-06 14:15:06 | node_40 | INFO ] 🚂 Round 100: Client training...
[ 2026-03-06 14:15:06 | node_19 | INFO ] 📈 Evaluated. Results: {'test_loss': 0.04684792831540108, 'test_acc': 0.9900000095367432, 'test_precision': 0.9847999811172485, 'test_recall': 0.9924444556236267, 'test_f1': 0.9877871870994568, 'communication_cost': 0}
[ 2026-03-06 14:15:06 | node_22 | INFO ] 🚂 Round 100: Client training...
[ 2026-03-06 14:15:06 | node_3 | INFO ] 📈 Evaluated. Results: {'test_loss': 0.16139978170394897, 'test_acc': 0.9750000238418579, 'test_precision': 0.9711019992828369, 'test_recall': 0.9735333323478699, 'test_f1': 0.9700840711593628, 'communication_cost': 0}
[ 2026-03-06 14:15:06 | node_26 | INFO ] 🚂 Round 100: Client training...
[ 2026-03-06 14:15:06 | node_45 | INFO ] 🚂 Round 100: Client training...
[ 2026-03-06 14:15:06 | node_1 | INFO ] 🚂 Round 100: Client training...
[ 2026-03-06 14:15:07 | node_19 | INFO ] 🚂 Round 100: Client training...
[ 2026-03-06 14:15:07 | node_3 | INFO ] 🚂 Round 100: Client training...
[ 2026-03-06 14:15:07 | node_29 | INFO ] 📈 Evaluated. Results: {'test_loss': 0.420586496591568, 'test_acc': 0.9850000143051147, 'test_precision': 0.9792286157608032, 'test_recall': 0.9862510561943054, 'test_f1': 0.9812207221984863, 'communication_cost': 0}
[ 2026-03-06 14:15:07 | node_8 | INFO ] 📈 Evaluated. Results: {'test_loss': 0.22417226433753967, 'test_acc': 0.9800000190734863, 'test_precision': 0.9815685749053955, 'test_recall': 0.9805057048797607, 'test_f1': 0.979979395866394, 'communication_cost': 0}
[ 2026-03-06 14:15:07 | node_7 | INFO ] 📈 Evaluated. Results: {'test_loss': 0.07747999578714371, 'test_acc': 0.9950000047683716, 'test_precision': 0.9950768947601318, 'test_recall': 0.9957333207130432, 'test_f1': 0.9952331781387329, 'communication_cost': 0}
[ 2026-03-06 14:15:07 | node_49 | INFO ] 📈 Evaluated. Results: {'test_loss': 0.3486098349094391, 'test_acc': 0.9649999737739563, 'test_precision': 0.9712424278259277, 'test_recall': 0.9624881148338318, 'test_f1': 0.964585542678833, 'communication_cost': 0}
[ 2026-03-06 14:15:07 | node_29 | INFO ] 🚂 Round 100: Client training...
[ 2026-03-06 14:15:07 | node_25 | INFO ] 📈 Evaluated. Results: {'test_loss': 0.4338940382003784, 'test_acc': 0.9750000238418579, 'test_precision': 0.9752205014228821, 'test_recall': 0.9762872457504272, 'test_f1': 0.9749478697776794, 'communication_cost': 0}
[ 2026-03-06 14:15:07 | node_8 | INFO ] 🚂 Round 100: Client training...
[ 2026-03-06 14:15:07 | node_7 | INFO ] 🚂 Round 100: Client training...
[ 2026-03-06 14:15:07 | node_49 | INFO ] 🚂 Round 100: Client training...
[ 2026-03-06 14:15:07 | node_25 | INFO ] 🚂 Round 100: Client training...
[ 2026-03-06 14:15:07 | node_17 | INFO ] 📈 Evaluated. Results: {'test_loss': 0.1038942039012909, 'test_acc': 0.9900000095367432, 'test_precision': 0.9925333261489868, 'test_recall': 0.9917333126068115, 'test_f1': 0.9920278191566467, 'communication_cost': 0}
[ 2026-03-06 14:15:07 | node_23 | INFO ] 📈 Evaluated. Results: {'test_loss': 0.19297844171524048, 'test_acc': 0.9750000238418579, 'test_precision': 0.9677905440330505, 'test_recall': 0.9795600771903992, 'test_f1': 0.9717194437980652, 'communication_cost': 0}
[ 2026-03-06 14:15:07 | node_23 | INFO ] 🚂 Round 100: Client training...
[ 2026-03-06 14:15:07 | node_17 | INFO ] 🚂 Round 100: Client training...
[ 2026-03-06 14:15:07 | node_34 | INFO ] 📈 Evaluated. Results: {'test_loss': 0.29787513613700867, 'test_acc': 0.9750000238418579, 'test_precision': 0.9725714325904846, 'test_recall': 0.9751490950584412, 'test_f1': 0.9715635180473328, 'communication_cost': 0}
[ 2026-03-06 14:15:07 | node_30 | INFO ] 📈 Evaluated. Results: {'test_loss': 0.6767494678497314, 'test_acc': 0.9700000286102295, 'test_precision': 0.9675905108451843, 'test_recall': 0.9715458750724792, 'test_f1': 0.9671987295150757, 'communication_cost': 0}
[ 2026-03-06 14:15:07 | node_31 | INFO ] 📈 Evaluated. Results: {'test_loss': 0.09306085854768753, 'test_acc': 0.9800000190734863, 'test_precision': 0.9781159162521362, 'test_recall': 0.978528618812561, 'test_f1': 0.9774843454360962, 'communication_cost': 0}
[ 2026-03-06 14:15:07 | node_24 | INFO ] 📈 Evaluated. Results: {'test_loss': 0.05707972124218941, 'test_acc': 0.9800000190734863, 'test_precision': 0.9788691997528076, 'test_recall': 0.9785920977592468, 'test_f1': 0.978343665599823, 'communication_cost': 0}
[ 2026-03-06 14:15:07 | node_37 | INFO ] 📈 Evaluated. Results: {'test_loss': 0.23857314884662628, 'test_acc': 0.9750000238418579, 'test_precision': 0.9794285297393799, 'test_recall': 0.9744706749916077, 'test_f1': 0.9762928485870361, 'communication_cost': 0}
[ 2026-03-06 14:15:07 | node_32 | INFO ] 📈 Evaluated. Results: {'test_loss': 0.3408455550670624, 'test_acc': 0.9800000190734863, 'test_precision': 0.9832888841629028, 'test_recall': 0.9770828485488892, 'test_f1': 0.9788063168525696, 'communication_cost': 0}
[ 2026-03-06 14:15:07 | node_11 | INFO ] 📈 Evaluated. Results: {'test_loss': 0.494182288646698, 'test_acc': 0.9750000238418579, 'test_precision': 0.9739538431167603, 'test_recall': 0.9724674224853516, 'test_f1': 0.9720712304115295, 'communication_cost': 0}
[ 2026-03-06 14:15:07 | node_15 | INFO ] 📈 Evaluated. Results: {'test_loss': 0.2554321587085724, 'test_acc': 0.9950000047683716, 'test_precision': 0.9957333207130432, 'test_recall': 0.9908571839332581, 'test_f1': 0.992870032787323, 'communication_cost': 0}
[ 2026-03-06 14:15:07 | node_12 | INFO ] 📈 Evaluated. Results: {'test_loss': 0.1303975135087967, 'test_acc': 0.9900000095367432, 'test_precision': 0.9905769228935242, 'test_recall': 0.9896162152290344, 'test_f1': 0.9895610213279724, 'communication_cost': 0}
[ 2026-03-06 14:15:07 | node_6 | INFO ] 📈 Evaluated. Results: {'test_loss': 0.29037562012672424, 'test_acc': 0.9750000238418579, 'test_precision': 0.9795619249343872, 'test_recall': 0.9754000902175903, 'test_f1': 0.9758769869804382, 'communication_cost': 0}
[ 2026-03-06 14:15:07 | node_18 | INFO ] 📈 Evaluated. Results: {'test_loss': 0.0038245597388595343, 'test_acc': 1.0, 'test_precision': 1.0, 'test_recall': 1.0, 'test_f1': 1.0, 'communication_cost': 0}
[ 2026-03-06 14:15:07 | node_21 | INFO ] 📈 Evaluated. Results: {'test_loss': 0.7286938428878784, 'test_acc': 0.9700000286102295, 'test_precision': 0.9720510840415955, 'test_recall': 0.9693341255187988, 'test_f1': 0.9690593481063843, 'communication_cost': 0}
[ 2026-03-06 14:15:07 | node_44 | INFO ] 📈 Evaluated. Results: {'test_loss': 0.28387317061424255, 'test_acc': 0.9649999737739563, 'test_precision': 0.960196852684021, 'test_recall': 0.9664785861968994, 'test_f1': 0.9612908363342285, 'communication_cost': 0}
[ 2026-03-06 14:15:07 | node_5 | INFO ] 📈 Evaluated. Results: {'test_loss': 0.16946198046207428, 'test_acc': 0.9850000143051147, 'test_precision': 0.9855000376701355, 'test_recall': 0.9843571186065674, 'test_f1': 0.9837676882743835, 'communication_cost': 0}
[ 2026-03-06 14:15:07 | node_39 | INFO ] 📈 Evaluated. Results: {'test_loss': 0.5442371964454651, 'test_acc': 0.9700000286102295, 'test_precision': 0.9709475636482239, 'test_recall': 0.9638769626617432, 'test_f1': 0.9646497964859009, 'communication_cost': 0}
[ 2026-03-06 14:15:07 | node_34 | INFO ] 🚂 Round 100: Client training...
[ 2026-03-06 14:15:07 | node_33 | INFO ] 📈 Evaluated. Results: {'test_loss': 0.11263049393892288, 'test_acc': 0.9800000190734863, 'test_precision': 0.9842182397842407, 'test_recall': 0.9781538248062134, 'test_f1': 0.9805261492729187, 'communication_cost': 0}
[ 2026-03-06 14:15:07 | node_31 | INFO ] 🚂 Round 100: Client training...
[ 2026-03-06 14:15:07 | node_30 | INFO ] 🚂 Round 100: Client training...
[ 2026-03-06 14:15:07 | node_46 | INFO ] 📈 Evaluated. Results: {'test_loss': 0.3379478454589844, 'test_acc': 0.9750000238418579, 'test_precision': 0.9732000827789307, 'test_recall': 0.9748716950416565, 'test_f1': 0.971651017665863, 'communication_cost': 0}
[ 2026-03-06 14:15:07 | node_13 | INFO ] 📈 Evaluated. Results: {'test_loss': 0.5017240047454834, 'test_acc': 0.9700000286102295, 'test_precision': 0.9717968702316284, 'test_recall': 0.9687647819519043, 'test_f1': 0.9686245918273926, 'communication_cost': 0}
[ 2026-03-06 14:15:07 | node_38 | INFO ] 📈 Evaluated. Results: {'test_loss': 0.49625900387763977, 'test_acc': 0.9700000286102295, 'test_precision': 0.9687965512275696, 'test_recall': 0.9695723056793213, 'test_f1': 0.9675349593162537, 'communication_cost': 0}
[ 2026-03-06 14:15:07 | node_2 | INFO ] 📈 Evaluated. Results: {'test_loss': 0.07565424591302872, 'test_acc': 0.9800000190734863, 'test_precision': 0.9780210256576538, 'test_recall': 0.9749693274497986, 'test_f1': 0.975762128829956, 'communication_cost': 0}
[ 2026-03-06 14:15:07 | node_16 | INFO ] 📈 Evaluated. Results: {'test_loss': 0.24116556346416473, 'test_acc': 0.9800000190734863, 'test_precision': 0.9841221570968628, 'test_recall': 0.9815706014633179, 'test_f1': 0.9818600416183472, 'communication_cost': 0}
[ 2026-03-06 14:15:07 | node_36 | INFO ] 📈 Evaluated. Results: {'test_loss': 0.01548072136938572, 'test_acc': 0.9900000095367432, 'test_precision': 0.989431619644165, 'test_recall': 0.990590512752533, 'test_f1': 0.9892941117286682, 'communication_cost': 0}
[ 2026-03-06 14:15:07 | node_48 | INFO ] 📈 Evaluated. Results: {'test_loss': 0.25113025307655334, 'test_acc': 0.9750000238418579, 'test_precision': 0.9758647084236145, 'test_recall': 0.9770991802215576, 'test_f1': 0.9747763276100159, 'communication_cost': 0}
[ 2026-03-06 14:15:07 | node_9 | INFO ] 📈 Evaluated. Results: {'test_loss': 0.13776718080043793, 'test_acc': 0.9850000143051147, 'test_precision': 0.9873122572898865, 'test_recall': 0.9876638650894165, 'test_f1': 0.9870697259902954, 'communication_cost': 0}
[ 2026-03-06 14:15:07 | node_27 | INFO ] 📈 Evaluated. Results: {'test_loss': 0.04200448468327522, 'test_acc': 0.9950000047683716, 'test_precision': 0.9955000281333923, 'test_recall': 0.9910000562667847, 'test_f1': 0.9924571514129639, 'communication_cost': 0}
[ 2026-03-06 14:15:07 | node_20 | INFO ] 📈 Evaluated. Results: {'test_loss': 0.40218058228492737, 'test_acc': 0.9649999737739563, 'test_precision': 0.969928503036499, 'test_recall': 0.9619454741477966, 'test_f1': 0.9631852507591248, 'communication_cost': 0}
[ 2026-03-06 14:15:07 | node_24 | INFO ] 🚂 Round 100: Client training...
[ 2026-03-06 14:15:08 | node_28 | INFO ] 📈 Evaluated. Results: {'test_loss': 0.16950982809066772, 'test_acc': 0.9750000238418579, 'test_precision': 0.9752143025398254, 'test_recall': 0.9739571213722229, 'test_f1': 0.9734120965003967, 'communication_cost': 0}
[ 2026-03-06 14:15:08 | node_32 | INFO ] 🚂 Round 100: Client training...
[ 2026-03-06 14:15:08 | node_37 | INFO ] 🚂 Round 100: Client training...
[ 2026-03-06 14:15:08 | node_43 | INFO ] 📈 Evaluated. Results: {'test_loss': 0.5923411250114441, 'test_acc': 0.9750000238418579, 'test_precision': 0.9732102751731873, 'test_recall': 0.9740000367164612, 'test_f1': 0.9715969562530518, 'communication_cost': 0}
[ 2026-03-06 14:15:08 | node_35 | INFO ] 📈 Evaluated. Results: {'test_loss': 0.26564139127731323, 'test_acc': 0.9850000143051147, 'test_precision': 0.9827000498771667, 'test_recall': 0.9842284917831421, 'test_f1': 0.9824283123016357, 'communication_cost': 0}
[ 2026-03-06 14:15:08 | node_10 | INFO ] 📈 Evaluated. Results: {'test_loss': 0.23971110582351685, 'test_acc': 0.9900000095367432, 'test_precision': 0.9900951981544495, 'test_recall': 0.9900951981544495, 'test_f1': 0.9899259209632874, 'communication_cost': 0}
[ 2026-03-06 14:15:08 | node_14 | INFO ] 📈 Evaluated. Results: {'test_loss': 0.1801181435585022, 'test_acc': 0.9850000143051147, 'test_precision': 0.9872000217437744, 'test_recall': 0.984687328338623, 'test_f1': 0.9855648279190063, 'communication_cost': 0}
[ 2026-03-06 14:15:08 | node_11 | INFO ] 🚂 Round 100: Client training...
[ 2026-03-06 14:15:08 | node_15 | INFO ] 🚂 Round 100: Client training...
[ 2026-03-06 14:15:08 | node_12 | INFO ] 🚂 Round 100: Client training...
[ 2026-03-06 14:15:08 | node_6 | INFO ] 🚂 Round 100: Client training...
[ 2026-03-06 14:15:08 | node_18 | INFO ] 🚂 Round 100: Client training...
[ 2026-03-06 14:15:08 | node_21 | INFO ] 🚂 Round 100: Client training...
[ 2026-03-06 14:15:08 | node_44 | INFO ] 🚂 Round 100: Client training...
[ 2026-03-06 14:15:08 | node | INFO ] ⏳ Round 100: Server waiting for 49 updates.
[ 2026-03-06 14:15:08 | node_39 | INFO ] 🚂 Round 100: Client training...
[ 2026-03-06 14:15:08 | node | INFO ] ♻️ Proactively processing 2 early models for round 100.
[ 2026-03-06 14:15:08 | node | INFO ] 🧩 Model added for round 100 (1/49) from ['node_41']
[ 2026-03-06 14:15:08 | node | INFO ] 🧩 Model added for round 100 (2/49) from ['node_4']
[ 2026-03-06 14:15:08 | node_5 | INFO ] 🚂 Round 100: Client training...
[ 2026-03-06 14:15:08 | node_46 | INFO ] 🚂 Round 100: Client training...
[ 2026-03-06 14:15:08 | node | INFO ] 🧩 Model added for round 100 (3/49) from ['node_42']
[ 2026-03-06 14:15:08 | node_33 | INFO ] 🚂 Round 100: Client training...
[ 2026-03-06 14:15:08 | node_36 | INFO ] 🚂 Round 100: Client training...
[ 2026-03-06 14:15:08 | node_16 | INFO ] 🚂 Round 100: Client training...
[ 2026-03-06 14:15:08 | node_13 | INFO ] 🚂 Round 100: Client training...
[ 2026-03-06 14:15:08 | node_2 | INFO ] 🚂 Round 100: Client training...
[ 2026-03-06 14:15:08 | node_48 | INFO ] 🚂 Round 100: Client training...
[ 2026-03-06 14:15:08 | node_38 | INFO ] 🚂 Round 100: Client training...
[ 2026-03-06 14:15:08 | node_27 | INFO ] 🚂 Round 100: Client training...
[ 2026-03-06 14:15:08 | node_9 | INFO ] 🚂 Round 100: Client training...
[ 2026-03-06 14:15:08 | node_20 | INFO ] 🚂 Round 100: Client training...
[ 2026-03-06 14:15:08 | node_28 | INFO ] 🚂 Round 100: Client training...
[ 2026-03-06 14:15:08 | node_35 | INFO ] 🚂 Round 100: Client training...
[ 2026-03-06 14:15:08 | node_10 | INFO ] 🚂 Round 100: Client training...
[ 2026-03-06 14:15:08 | node_43 | INFO ] 🚂 Round 100: Client training...
[ 2026-03-06 14:15:08 | node_14 | INFO ] 🚂 Round 100: Client training...
[ 2026-03-06 14:15:09 | node | INFO ] 🧩 Model added for round 100 (4/49) from ['node_47']
[ 2026-03-06 14:15:09 | node | INFO ] 🧩 Model added for round 100 (5/49) from ['node_26']
[ 2026-03-06 14:15:09 | node | INFO ] 🧩 Model added for round 100 (6/49) from ['node_40']
[ 2026-03-06 14:15:09 | node | INFO ] 🧩 Model added for round 100 (7/49) from ['node_3']
[ 2026-03-06 14:15:09 | node | INFO ] 🧩 Model added for round 100 (8/49) from ['node_1']
[ 2026-03-06 14:15:09 | node | INFO ] 🧩 Model added for round 100 (9/49) from ['node_7']
[ 2026-03-06 14:15:09 | node | INFO ] 🧩 Model added for round 100 (10/49) from ['node_29']
[ 2026-03-06 14:15:09 | node | INFO ] 🧩 Model added for round 100 (11/49) from ['node_23']
[ 2026-03-06 14:15:09 | node | INFO ] 🧩 Model added for round 100 (12/49) from ['node_45']
[ 2026-03-06 14:15:09 | node | INFO ] 🧩 Model added for round 100 (13/49) from ['node_8']
[ 2026-03-06 14:15:09 | node | INFO ] 🧩 Model added for round 100 (14/49) from ['node_25']
[ 2026-03-06 14:15:09 | node | INFO ] 🧩 Model added for round 100 (15/49) from ['node_19']
[ 2026-03-06 14:15:09 | node | INFO ] 🧩 Model added for round 100 (16/49) from ['node_49']
[ 2026-03-06 14:15:09 | node | INFO ] 🧩 Model added for round 100 (17/49) from ['node_22']
[ 2026-03-06 14:15:09 | node | INFO ] 🧩 Model added for round 100 (18/49) from ['node_17']
[ 2026-03-06 14:15:09 | node | INFO ] 🧩 Model added for round 100 (19/49) from ['node_34']
[ 2026-03-06 14:15:09 | node | INFO ] 🧩 Model added for round 100 (20/49) from ['node_30']
[ 2026-03-06 14:15:09 | node | INFO ] 🧩 Model added for round 100 (21/49) from ['node_6']
[ 2026-03-06 14:15:09 | node | INFO ] 🧩 Model added for round 100 (22/49) from ['node_31']
[ 2026-03-06 14:15:09 | node | INFO ] 🧩 Model added for round 100 (23/49) from ['node_24']
[ 2026-03-06 14:15:09 | node | INFO ] 🧩 Model added for round 100 (24/49) from ['node_32']
[ 2026-03-06 14:15:09 | node | INFO ] 🧩 Model added for round 100 (25/49) from ['node_11']
[ 2026-03-06 14:15:09 | node | INFO ] 🧩 Model added for round 100 (26/49) from ['node_15']
[ 2026-03-06 14:15:09 | node | INFO ] 🧩 Model added for round 100 (27/49) from ['node_12']
[ 2026-03-06 14:15:09 | node | INFO ] 🧩 Model added for round 100 (28/49) from ['node_21']
[ 2026-03-06 14:15:09 | node | INFO ] 🧩 Model added for round 100 (29/49) from ['node_5']
[ 2026-03-06 14:15:09 | node | INFO ] 🧩 Model added for round 100 (30/49) from ['node_18']
[ 2026-03-06 14:15:09 | node | INFO ] 🧩 Model added for round 100 (31/49) from ['node_37']
[ 2026-03-06 14:15:09 | node | INFO ] 🧩 Model added for round 100 (32/49) from ['node_46']
[ 2026-03-06 14:15:09 | node | INFO ] 🧩 Model added for round 100 (33/49) from ['node_39']
[ 2026-03-06 14:15:09 | node | INFO ] 🧩 Model added for round 100 (34/49) from ['node_44']
[ 2026-03-06 14:15:09 | node | INFO ] 🧩 Model added for round 100 (35/49) from ['node_33']
[ 2026-03-06 14:15:09 | node | INFO ] 🧩 Model added for round 100 (36/49) from ['node_36']
[ 2026-03-06 14:15:09 | node | INFO ] 🧩 Model added for round 100 (37/49) from ['node_48']
[ 2026-03-06 14:15:09 | node | INFO ] 🧩 Model added for round 100 (38/49) from ['node_13']
[ 2026-03-06 14:15:09 | node | INFO ] 🧩 Model added for round 100 (39/49) from ['node_38']
[ 2026-03-06 14:15:10 | node | INFO ] 🧩 Model added for round 100 (40/49) from ['node_20']
[ 2026-03-06 14:15:10 | node | INFO ] 🧩 Model added for round 100 (41/49) from ['node_9']
[ 2026-03-06 14:15:10 | node | INFO ] 🧩 Model added for round 100 (42/49) from ['node_16']
[ 2026-03-06 14:15:10 | node | INFO ] 🧩 Model added for round 100 (43/49) from ['node_14']
[ 2026-03-06 14:15:10 | node | INFO ] 🧩 Model added for round 100 (44/49) from ['node_27']
[ 2026-03-06 14:15:10 | node | INFO ] 🧩 Model added for round 100 (45/49) from ['node_2']
[ 2026-03-06 14:15:10 | node | INFO ] 🧩 Model added for round 100 (46/49) from ['node_43']
[ 2026-03-06 14:15:10 | node | INFO ] 🧩 Model added for round 100 (47/49) from ['node_35']
[ 2026-03-06 14:15:10 | node | INFO ] 🧩 Model added for round 100 (48/49) from ['node_10']
[ 2026-03-06 14:15:10 | node | INFO ] 🧩 Model added for round 100 (49/49) from ['node_28']
[ 2026-03-06 14:15:10 | node | INFO ] 🔬 Evaluating...
[ 2026-03-06 14:15:10 | node | INFO ] 📈 Evaluated. Results: {'test_loss': 0.26077139377593994, 'test_acc': 0.9850000143051147, 'test_precision': 0.9841939806938171, 'test_recall': 0.9803000092506409, 'test_f1': 0.9808365106582642, 'communication_cost': 46110666}
[ 2026-03-06 14:15:10 | node | INFO ] 🏁 Training Finished.
[ 2026-03-06 14:15:11 | None | INFO ] 🏁 All nodes finished training. Finalizing...
[ 2026-03-06 14:15:13 | node | INFO ] Stopping node...
[ 2026-03-06 14:15:13 | ActorPool | INFO ] Shutting down pool with 1 idle actors.
[ 2026-03-06 14:15:13 | node | INFO ] 🛑 Stopping gossiper...
[ 2026-03-06 14:15:13 | node | INFO ] InMemoryServer stopped at node
[ 2026-03-06 14:15:13 | node_1 | INFO ] Stopping node...
[ 2026-03-06 14:15:13 | ActorPool | INFO ] Shutting down pool with 1 idle actors.
[ 2026-03-06 14:15:13 | node_1 | INFO ] 🛑 Stopping gossiper...
[ 2026-03-06 14:15:13 | node_1 | INFO ] InMemoryServer stopped at node_1
[ 2026-03-06 14:15:13 | node_2 | INFO ] Stopping node...
[ 2026-03-06 14:15:13 | ActorPool | INFO ] Shutting down pool with 1 idle actors.
[ 2026-03-06 14:15:13 | node_2 | INFO ] 🛑 Stopping gossiper...
[ 2026-03-06 14:15:13 | node_2 | INFO ] InMemoryServer stopped at node_2
[ 2026-03-06 14:15:13 | node_3 | INFO ] Stopping node...
[ 2026-03-06 14:15:13 | ActorPool | INFO ] Shutting down pool with 1 idle actors.
[ 2026-03-06 14:15:13 | node_3 | INFO ] 🛑 Stopping gossiper...
[ 2026-03-06 14:15:13 | node_3 | INFO ] InMemoryServer stopped at node_3
[ 2026-03-06 14:15:13 | node_4 | INFO ] Stopping node...
[ 2026-03-06 14:15:13 | ActorPool | INFO ] Shutting down pool with 1 idle actors.
[ 2026-03-06 14:15:13 | node_4 | INFO ] 🛑 Stopping gossiper...
[ 2026-03-06 14:15:13 | node_4 | INFO ] InMemoryServer stopped at node_4
[ 2026-03-06 14:15:13 | node_5 | INFO ] Stopping node...
[ 2026-03-06 14:15:13 | ActorPool | INFO ] Shutting down pool with 1 idle actors.
[ 2026-03-06 14:15:13 | node_5 | INFO ] 🛑 Stopping gossiper...
[ 2026-03-06 14:15:13 | node_5 | INFO ] InMemoryServer stopped at node_5
[ 2026-03-06 14:15:13 | node_6 | INFO ] Stopping node...
[ 2026-03-06 14:15:13 | ActorPool | INFO ] Shutting down pool with 1 idle actors.
[ 2026-03-06 14:15:13 | node_6 | INFO ] 🛑 Stopping gossiper...
[ 2026-03-06 14:15:13 | node_6 | INFO ] InMemoryServer stopped at node_6
[ 2026-03-06 14:15:13 | node_7 | INFO ] Stopping node...
[ 2026-03-06 14:15:13 | ActorPool | INFO ] Shutting down pool with 1 idle actors.
[ 2026-03-06 14:15:13 | node_7 | INFO ] 🛑 Stopping gossiper...
[ 2026-03-06 14:15:13 | node_7 | INFO ] InMemoryServer stopped at node_7
[ 2026-03-06 14:15:13 | node_8 | INFO ] Stopping node...
[ 2026-03-06 14:15:13 | ActorPool | INFO ] Shutting down pool with 1 idle actors.
[ 2026-03-06 14:15:13 | node_8 | INFO ] 🛑 Stopping gossiper...
[ 2026-03-06 14:15:13 | node_8 | INFO ] InMemoryServer stopped at node_8
[ 2026-03-06 14:15:13 | node_9 | INFO ] Stopping node...
[ 2026-03-06 14:15:13 | ActorPool | INFO ] Shutting down pool with 1 idle actors.
[ 2026-03-06 14:15:13 | node_9 | INFO ] 🛑 Stopping gossiper...
[ 2026-03-06 14:15:13 | node_9 | INFO ] InMemoryServer stopped at node_9
[ 2026-03-06 14:15:13 | node_10 | INFO ] Stopping node...
[ 2026-03-06 14:15:13 | ActorPool | INFO ] Shutting down pool with 1 idle actors.
[ 2026-03-06 14:15:13 | node_10 | INFO ] 🛑 Stopping gossiper...
[ 2026-03-06 14:15:13 | node_10 | INFO ] InMemoryServer stopped at node_10
[ 2026-03-06 14:15:13 | node_11 | INFO ] Stopping node...
[ 2026-03-06 14:15:13 | ActorPool | INFO ] Shutting down pool with 1 idle actors.
[ 2026-03-06 14:15:13 | node_11 | INFO ] 🛑 Stopping gossiper...
[ 2026-03-06 14:15:13 | node_11 | INFO ] InMemoryServer stopped at node_11
[ 2026-03-06 14:15:13 | node_12 | INFO ] Stopping node...
[ 2026-03-06 14:15:13 | ActorPool | INFO ] Shutting down pool with 1 idle actors.
[ 2026-03-06 14:15:13 | node_12 | INFO ] 🛑 Stopping gossiper...
[ 2026-03-06 14:15:13 | node_12 | INFO ] InMemoryServer stopped at node_12
[ 2026-03-06 14:15:13 | node_13 | INFO ] Stopping node...
[ 2026-03-06 14:15:13 | ActorPool | INFO ] Shutting down pool with 1 idle actors.
[ 2026-03-06 14:15:13 | node_13 | INFO ] 🛑 Stopping gossiper...
[ 2026-03-06 14:15:13 | node_13 | INFO ] InMemoryServer stopped at node_13
[ 2026-03-06 14:15:13 | node_14 | INFO ] Stopping node...
[ 2026-03-06 14:15:13 | ActorPool | INFO ] Shutting down pool with 1 idle actors.
[ 2026-03-06 14:15:13 | node_14 | INFO ] 🛑 Stopping gossiper...
[ 2026-03-06 14:15:13 | node_14 | INFO ] InMemoryServer stopped at node_14
[ 2026-03-06 14:15:13 | node_15 | INFO ] Stopping node...
[ 2026-03-06 14:15:13 | ActorPool | INFO ] Shutting down pool with 1 idle actors.
[ 2026-03-06 14:15:13 | node_15 | INFO ] 🛑 Stopping gossiper...
[ 2026-03-06 14:15:13 | node_15 | INFO ] InMemoryServer stopped at node_15
[ 2026-03-06 14:15:13 | node_16 | INFO ] Stopping node...
[ 2026-03-06 14:15:13 | ActorPool | INFO ] Shutting down pool with 1 idle actors.
[ 2026-03-06 14:15:13 | node_16 | INFO ] 🛑 Stopping gossiper...
[ 2026-03-06 14:15:13 | node_16 | INFO ] InMemoryServer stopped at node_16
[ 2026-03-06 14:15:13 | node_17 | INFO ] Stopping node...
[ 2026-03-06 14:15:13 | ActorPool | INFO ] Shutting down pool with 1 idle actors.
[ 2026-03-06 14:15:13 | node_17 | INFO ] 🛑 Stopping gossiper...
[ 2026-03-06 14:15:13 | node_17 | INFO ] InMemoryServer stopped at node_17
[ 2026-03-06 14:15:13 | node_18 | INFO ] Stopping node...
[ 2026-03-06 14:15:13 | ActorPool | INFO ] Shutting down pool with 1 idle actors.
[ 2026-03-06 14:15:13 | node_18 | INFO ] 🛑 Stopping gossiper...
[ 2026-03-06 14:15:13 | node_18 | INFO ] InMemoryServer stopped at node_18
[ 2026-03-06 14:15:13 | node_19 | INFO ] Stopping node...
[ 2026-03-06 14:15:13 | ActorPool | INFO ] Shutting down pool with 1 idle actors.
[ 2026-03-06 14:15:13 | node_19 | INFO ] 🛑 Stopping gossiper...
[ 2026-03-06 14:15:13 | node_19 | INFO ] InMemoryServer stopped at node_19
[ 2026-03-06 14:15:13 | node_20 | INFO ] Stopping node...
[ 2026-03-06 14:15:13 | ActorPool | INFO ] Shutting down pool with 1 idle actors.
[ 2026-03-06 14:15:13 | node_20 | INFO ] 🛑 Stopping gossiper...
[ 2026-03-06 14:15:13 | node_20 | INFO ] InMemoryServer stopped at node_20
[ 2026-03-06 14:15:13 | node_21 | INFO ] Stopping node...
[ 2026-03-06 14:15:13 | ActorPool | INFO ] Shutting down pool with 1 idle actors.
[ 2026-03-06 14:15:13 | node_21 | INFO ] 🛑 Stopping gossiper...
[ 2026-03-06 14:15:13 | node_21 | INFO ] InMemoryServer stopped at node_21
[ 2026-03-06 14:15:13 | node_22 | INFO ] Stopping node...
[ 2026-03-06 14:15:13 | ActorPool | INFO ] Shutting down pool with 1 idle actors.
[ 2026-03-06 14:15:13 | node_22 | INFO ] 🛑 Stopping gossiper...
[ 2026-03-06 14:15:13 | node_22 | INFO ] InMemoryServer stopped at node_22
[ 2026-03-06 14:15:13 | node_23 | INFO ] Stopping node...
[ 2026-03-06 14:15:13 | ActorPool | INFO ] Shutting down pool with 1 idle actors.
[ 2026-03-06 14:15:13 | node_23 | INFO ] 🛑 Stopping gossiper...
[ 2026-03-06 14:15:13 | node_23 | INFO ] InMemoryServer stopped at node_23
[ 2026-03-06 14:15:13 | node_24 | INFO ] Stopping node...
[ 2026-03-06 14:15:13 | ActorPool | INFO ] Shutting down pool with 1 idle actors.
[ 2026-03-06 14:15:13 | node_24 | INFO ] 🛑 Stopping gossiper...
[ 2026-03-06 14:15:13 | node_24 | INFO ] InMemoryServer stopped at node_24
[ 2026-03-06 14:15:13 | node_25 | INFO ] Stopping node...
[ 2026-03-06 14:15:13 | ActorPool | INFO ] Shutting down pool with 1 idle actors.
[ 2026-03-06 14:15:13 | node_25 | INFO ] 🛑 Stopping gossiper...
[ 2026-03-06 14:15:13 | node_25 | INFO ] InMemoryServer stopped at node_25
[ 2026-03-06 14:15:13 | node_26 | INFO ] Stopping node...
[ 2026-03-06 14:15:13 | ActorPool | INFO ] Shutting down pool with 1 idle actors.
[ 2026-03-06 14:15:13 | node_26 | INFO ] 🛑 Stopping gossiper...
[ 2026-03-06 14:15:13 | node_26 | INFO ] InMemoryServer stopped at node_26
[ 2026-03-06 14:15:13 | node_27 | INFO ] Stopping node...
[ 2026-03-06 14:15:13 | ActorPool | INFO ] Shutting down pool with 1 idle actors.
[ 2026-03-06 14:15:13 | node_27 | INFO ] 🛑 Stopping gossiper...
[ 2026-03-06 14:15:13 | node_27 | INFO ] InMemoryServer stopped at node_27
[ 2026-03-06 14:15:13 | node_28 | INFO ] Stopping node...
[ 2026-03-06 14:15:13 | ActorPool | INFO ] Shutting down pool with 1 idle actors.
[ 2026-03-06 14:15:13 | node_28 | INFO ] 🛑 Stopping gossiper...
[ 2026-03-06 14:15:13 | node_28 | INFO ] InMemoryServer stopped at node_28
[ 2026-03-06 14:15:13 | node_29 | INFO ] Stopping node...
[ 2026-03-06 14:15:13 | ActorPool | INFO ] Shutting down pool with 1 idle actors.
[ 2026-03-06 14:15:13 | node_29 | INFO ] 🛑 Stopping gossiper...
[ 2026-03-06 14:15:13 | node_29 | INFO ] InMemoryServer stopped at node_29
[ 2026-03-06 14:15:13 | node_30 | INFO ] Stopping node...
[ 2026-03-06 14:15:13 | ActorPool | INFO ] Shutting down pool with 1 idle actors.
[ 2026-03-06 14:15:13 | node_30 | INFO ] 🛑 Stopping gossiper...
[ 2026-03-06 14:15:13 | node_30 | INFO ] InMemoryServer stopped at node_30
[ 2026-03-06 14:15:13 | node_31 | INFO ] Stopping node...
[ 2026-03-06 14:15:13 | ActorPool | INFO ] Shutting down pool with 1 idle actors.
[ 2026-03-06 14:15:13 | node_31 | INFO ] 🛑 Stopping gossiper...
[ 2026-03-06 14:15:13 | node_31 | INFO ] InMemoryServer stopped at node_31
[ 2026-03-06 14:15:13 | node_32 | INFO ] Stopping node...
[ 2026-03-06 14:15:13 | ActorPool | INFO ] Shutting down pool with 1 idle actors.
[ 2026-03-06 14:15:13 | node_32 | INFO ] 🛑 Stopping gossiper...
[ 2026-03-06 14:15:13 | node_32 | INFO ] InMemoryServer stopped at node_32
[ 2026-03-06 14:15:13 | node_33 | INFO ] Stopping node...
[ 2026-03-06 14:15:13 | ActorPool | INFO ] Shutting down pool with 1 idle actors.
[ 2026-03-06 14:15:13 | node_33 | INFO ] 🛑 Stopping gossiper...
[ 2026-03-06 14:15:13 | node_33 | INFO ] InMemoryServer stopped at node_33
[ 2026-03-06 14:15:13 | node_34 | INFO ] Stopping node...
[ 2026-03-06 14:15:13 | ActorPool | INFO ] Shutting down pool with 1 idle actors.
[ 2026-03-06 14:15:13 | node_34 | INFO ] 🛑 Stopping gossiper...
[ 2026-03-06 14:15:13 | node_34 | INFO ] InMemoryServer stopped at node_34
[ 2026-03-06 14:15:13 | node_35 | INFO ] Stopping node...
[ 2026-03-06 14:15:13 | ActorPool | INFO ] Shutting down pool with 1 idle actors.
[ 2026-03-06 14:15:13 | node_35 | INFO ] 🛑 Stopping gossiper...
[ 2026-03-06 14:15:13 | node_35 | INFO ] InMemoryServer stopped at node_35
[ 2026-03-06 14:15:13 | node_36 | INFO ] Stopping node...
[ 2026-03-06 14:15:13 | ActorPool | INFO ] Shutting down pool with 1 idle actors.
[ 2026-03-06 14:15:13 | node_36 | INFO ] 🛑 Stopping gossiper...
[ 2026-03-06 14:15:13 | node_36 | INFO ] InMemoryServer stopped at node_36
[ 2026-03-06 14:15:13 | node_37 | INFO ] Stopping node...
[ 2026-03-06 14:15:13 | ActorPool | INFO ] Shutting down pool with 1 idle actors.
[ 2026-03-06 14:15:13 | node_37 | INFO ] 🛑 Stopping gossiper...
[ 2026-03-06 14:15:13 | node_37 | INFO ] InMemoryServer stopped at node_37
[ 2026-03-06 14:15:13 | node_38 | INFO ] Stopping node...
[ 2026-03-06 14:15:13 | ActorPool | INFO ] Shutting down pool with 1 idle actors.
[ 2026-03-06 14:15:14 | node_38 | INFO ] 🛑 Stopping gossiper...
[ 2026-03-06 14:15:14 | node_38 | INFO ] InMemoryServer stopped at node_38
[ 2026-03-06 14:15:14 | node_39 | INFO ] Stopping node...
[ 2026-03-06 14:15:14 | ActorPool | INFO ] Shutting down pool with 1 idle actors.
[ 2026-03-06 14:15:14 | node_39 | INFO ] 🛑 Stopping gossiper...
[ 2026-03-06 14:15:14 | node_39 | INFO ] InMemoryServer stopped at node_39
[ 2026-03-06 14:15:14 | node_40 | INFO ] Stopping node...
[ 2026-03-06 14:15:14 | ActorPool | INFO ] Shutting down pool with 1 idle actors.
[ 2026-03-06 14:15:14 | node_40 | INFO ] 🛑 Stopping gossiper...
[ 2026-03-06 14:15:14 | node_40 | INFO ] InMemoryServer stopped at node_40
[ 2026-03-06 14:15:14 | node_41 | INFO ] Stopping node...
[ 2026-03-06 14:15:14 | ActorPool | INFO ] Shutting down pool with 1 idle actors.
[ 2026-03-06 14:15:14 | node_41 | INFO ] 🛑 Stopping gossiper...
[ 2026-03-06 14:15:14 | node_41 | INFO ] InMemoryServer stopped at node_41
[ 2026-03-06 14:15:14 | node_42 | INFO ] Stopping node...
[ 2026-03-06 14:15:14 | ActorPool | INFO ] Shutting down pool with 1 idle actors.
[ 2026-03-06 14:15:14 | node_42 | INFO ] 🛑 Stopping gossiper...
[ 2026-03-06 14:15:14 | node_42 | INFO ] InMemoryServer stopped at node_42
[ 2026-03-06 14:15:14 | node_43 | INFO ] Stopping node...
[ 2026-03-06 14:15:14 | ActorPool | INFO ] Shutting down pool with 1 idle actors.
[ 2026-03-06 14:15:14 | node_43 | INFO ] 🛑 Stopping gossiper...
[ 2026-03-06 14:15:14 | node_43 | INFO ] InMemoryServer stopped at node_43
[ 2026-03-06 14:15:14 | node_44 | INFO ] Stopping node...
[ 2026-03-06 14:15:14 | ActorPool | INFO ] Shutting down pool with 1 idle actors.
[ 2026-03-06 14:15:14 | node_44 | INFO ] 🛑 Stopping gossiper...
[ 2026-03-06 14:15:14 | node_44 | INFO ] InMemoryServer stopped at node_44
[ 2026-03-06 14:15:14 | node_45 | INFO ] Stopping node...
[ 2026-03-06 14:15:14 | ActorPool | INFO ] Shutting down pool with 1 idle actors.
[ 2026-03-06 14:15:14 | node_45 | INFO ] 🛑 Stopping gossiper...
[ 2026-03-06 14:15:14 | node_45 | INFO ] InMemoryServer stopped at node_45
[ 2026-03-06 14:15:14 | node_46 | INFO ] Stopping node...
[ 2026-03-06 14:15:14 | ActorPool | INFO ] Shutting down pool with 1 idle actors.
[ 2026-03-06 14:15:14 | node_46 | INFO ] 🛑 Stopping gossiper...
[ 2026-03-06 14:15:14 | node_46 | INFO ] InMemoryServer stopped at node_46
[ 2026-03-06 14:15:14 | node_47 | INFO ] Stopping node...
[ 2026-03-06 14:15:14 | ActorPool | INFO ] Shutting down pool with 1 idle actors.
[ 2026-03-06 14:15:14 | node_47 | INFO ] 🛑 Stopping gossiper...
[ 2026-03-06 14:15:14 | node_47 | INFO ] InMemoryServer stopped at node_47
[ 2026-03-06 14:15:14 | node_48 | INFO ] Stopping node...
[ 2026-03-06 14:15:14 | ActorPool | INFO ] Shutting down pool with 1 idle actors.
[ 2026-03-06 14:15:14 | node_48 | INFO ] 🛑 Stopping gossiper...
[ 2026-03-06 14:15:14 | node_48 | INFO ] InMemoryServer stopped at node_48
[ 2026-03-06 14:15:14 | node_49 | INFO ] Stopping node...
[ 2026-03-06 14:15:14 | ActorPool | INFO ] Shutting down pool with 1 idle actors.
[ 2026-03-06 14:15:14 | node_49 | INFO ] 🛑 Stopping gossiper...
[ 2026-03-06 14:15:14 | node_49 | INFO ] InMemoryServer stopped at node_49
[ 2026-03-06 14:15:14 | None | INFO ] 🌙 Shutting down Ray cluster...
