[ 2026-03-27 10:41:15 | None | INFO ] Created experiment folder: /home/hoap/p2pfl/experiments/p2pfl_MNIST_DirichletPartitionStrategy_DFedAdp_no_adaptive_model_build_fn_20260327_104115 and copied ablation_mnist_02_no_adaptive.yaml
[ 2026-03-27 10:41:15 | None | INFO ] Set simulation heartbeat: timeout=99999s, period=10s
[ 2026-03-27 10:41:17 | node | INFO ] InMemoryServer started at node
[ 2026-03-27 10:41:17 | node | INFO ] 🏁 Starting gossiper...
[ 2026-03-27 10:41:17 | None | INFO ] 🚀 Created 0/10 nodes, waiting 1.00s for CPU to breathe...
[ 2026-03-27 10:41:18 | node_1 | INFO ] InMemoryServer started at node_1
[ 2026-03-27 10:41:18 | node_1 | INFO ] 🏁 Starting gossiper...
[ 2026-03-27 10:41:19 | node_2 | INFO ] InMemoryServer started at node_2
[ 2026-03-27 10:41:19 | node_2 | INFO ] 🏁 Starting gossiper...
[ 2026-03-27 10:41:20 | node_3 | INFO ] InMemoryServer started at node_3
[ 2026-03-27 10:41:20 | node_3 | INFO ] 🏁 Starting gossiper...
[ 2026-03-27 10:41:22 | node_4 | INFO ] InMemoryServer started at node_4
[ 2026-03-27 10:41:22 | node_4 | INFO ] 🏁 Starting gossiper...
[ 2026-03-27 10:41:23 | node_5 | INFO ] InMemoryServer started at node_5
[ 2026-03-27 10:41:23 | node_5 | INFO ] 🏁 Starting gossiper...
[ 2026-03-27 10:41:23 | None | INFO ] 🚀 Created 5/10 nodes, waiting 1.50s for CPU to breathe...
[ 2026-03-27 10:41:25 | node_6 | INFO ] InMemoryServer started at node_6
[ 2026-03-27 10:41:25 | node_6 | INFO ] 🏁 Starting gossiper...
[ 2026-03-27 10:41:26 | node_7 | INFO ] InMemoryServer started at node_7
[ 2026-03-27 10:41:26 | node_7 | INFO ] 🏁 Starting gossiper...
[ 2026-03-27 10:41:28 | node_8 | INFO ] InMemoryServer started at node_8
[ 2026-03-27 10:41:28 | node_8 | INFO ] 🏁 Starting gossiper...
[ 2026-03-27 10:41:30 | node_9 | INFO ] InMemoryServer started at node_9
[ 2026-03-27 10:41:30 | node_9 | INFO ] 🏁 Starting gossiper...
[ 2026-03-27 10:41:32 |  | INFO ] Connected nodes node and node_1
[ 2026-03-27 10:41:32 |  | INFO ] Connected nodes node and node_2
[ 2026-03-27 10:41:32 |  | INFO ] Connected nodes node and node_3
[ 2026-03-27 10:41:32 |  | INFO ] Connected nodes node and node_4
[ 2026-03-27 10:41:32 |  | INFO ] Connected nodes node and node_5
[ 2026-03-27 10:41:32 |  | INFO ] Connected nodes node and node_6
[ 2026-03-27 10:41:32 |  | INFO ] Connected nodes node and node_7
[ 2026-03-27 10:41:32 |  | INFO ] Connected nodes node and node_8
[ 2026-03-27 10:41:32 |  | INFO ] Connected nodes node and node_9
[ 2026-03-27 10:41:32 |  | INFO ] Connected nodes node_1 and node_2
[ 2026-03-27 10:41:32 |  | INFO ] Connected nodes node_1 and node_3
[ 2026-03-27 10:41:32 |  | INFO ] Connected nodes node_1 and node_4
[ 2026-03-27 10:41:32 |  | INFO ] Connected nodes node_1 and node_5
[ 2026-03-27 10:41:32 |  | INFO ] Connected nodes node_1 and node_6
[ 2026-03-27 10:41:32 |  | INFO ] Connected nodes node_1 and node_8
[ 2026-03-27 10:41:32 |  | INFO ] Connected nodes node_1 and node_9
[ 2026-03-27 10:41:32 |  | INFO ] Connected nodes node_2 and node_3
[ 2026-03-27 10:41:32 |  | INFO ] Connected nodes node_2 and node_4
[ 2026-03-27 10:41:32 |  | INFO ] Connected nodes node_2 and node_5
[ 2026-03-27 10:41:32 |  | INFO ] Connected nodes node_2 and node_6
[ 2026-03-27 10:41:32 |  | INFO ] Connected nodes node_2 and node_7
[ 2026-03-27 10:41:32 |  | INFO ] Connected nodes node_2 and node_8
[ 2026-03-27 10:41:32 |  | INFO ] Connected nodes node_2 and node_9
[ 2026-03-27 10:41:32 |  | INFO ] Connected nodes node_3 and node_4
[ 2026-03-27 10:41:32 |  | INFO ] Connected nodes node_3 and node_5
[ 2026-03-27 10:41:32 |  | INFO ] Connected nodes node_3 and node_6
[ 2026-03-27 10:41:32 |  | INFO ] Connected nodes node_3 and node_7
[ 2026-03-27 10:41:32 |  | INFO ] Connected nodes node_3 and node_8
[ 2026-03-27 10:41:32 |  | INFO ] Connected nodes node_3 and node_9
[ 2026-03-27 10:41:32 |  | INFO ] Connected nodes node_4 and node_6
[ 2026-03-27 10:41:32 |  | INFO ] Connected nodes node_4 and node_9
[ 2026-03-27 10:41:32 |  | INFO ] Connected nodes node_5 and node_6
[ 2026-03-27 10:41:32 |  | INFO ] Connected nodes node_5 and node_7
[ 2026-03-27 10:41:32 |  | INFO ] Connected nodes node_5 and node_8
[ 2026-03-27 10:41:32 |  | INFO ] Connected nodes node_5 and node_9
[ 2026-03-27 10:41:32 |  | INFO ] Connected nodes node_6 and node_7
[ 2026-03-27 10:41:32 |  | INFO ] Connected nodes node_6 and node_9
[ 2026-03-27 10:41:32 |  | INFO ] Connected nodes node_7 and node_8
[ 2026-03-27 10:41:32 |  | INFO ] Connected nodes node_7 and node_9
[ 2026-03-27 10:41:32 |  | INFO ] Connected nodes node_8 and node_9
[ 2026-03-27 10:41:32 | None | INFO ] 📡 Performing global simulation discovery for 10 nodes...
[ 2026-03-27 10:41:32 | None | INFO ] ⌛ Waiting for direct topology connections (6-9 per node)...
[ 2026-03-27 10:41:32 | None | INFO ] ✅ Network topology ready.
[ 2026-03-27 10:41:32 | node | INFO ] 🚀 Broadcasting start learning to 10 nodes...
[ 2026-03-27 10:41:32 | node_1 | INFO ] 🔍 Neighbors found: ['node', 'node_2', 'node_3', 'node_4', 'node_5', 'node_6', 'node_8', 'node_9'] | Degree: 8
[ 2026-03-27 10:41:32 | node_2 | INFO ] 🔍 Neighbors found: ['node', 'node_1', 'node_3', 'node_4', 'node_5', 'node_6', 'node_7', 'node_8', 'node_9'] | Degree: 9
[ 2026-03-27 10:41:32 | node_1 | INFO ] ⏳ Waiting initialization.
[ 2026-03-27 10:41:32 | node_3 | INFO ] 🔍 Neighbors found: ['node', 'node_1', 'node_2', 'node_4', 'node_5', 'node_6', 'node_7', 'node_8', 'node_9'] | Degree: 9
[ 2026-03-27 10:41:32 | node_4 | INFO ] 🔍 Neighbors found: ['node', 'node_1', 'node_2', 'node_3', 'node_6', 'node_9'] | Degree: 6
[ 2026-03-27 10:41:32 | node_2 | INFO ] ⏳ Waiting initialization.
[ 2026-03-27 10:41:32 | node_3 | INFO ] ⏳ Waiting initialization.
[ 2026-03-27 10:41:32 | node_5 | INFO ] 🔍 Neighbors found: ['node', 'node_1', 'node_2', 'node_3', 'node_6', 'node_7', 'node_8', 'node_9'] | Degree: 8
[ 2026-03-27 10:41:32 | node_6 | INFO ] 🔍 Neighbors found: ['node', 'node_1', 'node_2', 'node_3', 'node_4', 'node_5', 'node_7', 'node_9'] | Degree: 8
[ 2026-03-27 10:41:32 | node_4 | INFO ] ⏳ Waiting initialization.
[ 2026-03-27 10:41:32 | node_5 | INFO ] ⏳ Waiting initialization.
[ 2026-03-27 10:41:32 | node_7 | INFO ] 🔍 Neighbors found: ['node', 'node_2', 'node_3', 'node_5', 'node_6', 'node_8', 'node_9'] | Degree: 7
[ 2026-03-27 10:41:32 | node_8 | INFO ] 🔍 Neighbors found: ['node', 'node_1', 'node_2', 'node_3', 'node_5', 'node_7', 'node_9'] | Degree: 7
[ 2026-03-27 10:41:32 | node_6 | INFO ] ⏳ Waiting initialization.
[ 2026-03-27 10:41:32 | node_7 | INFO ] ⏳ Waiting initialization.
[ 2026-03-27 10:41:32 | node_9 | INFO ] 🔍 Neighbors found: ['node', 'node_1', 'node_2', 'node_3', 'node_4', 'node_5', 'node_6', 'node_7', 'node_8'] | Degree: 9
[ 2026-03-27 10:41:32 | node_8 | INFO ] ⏳ Waiting initialization.
[ 2026-03-27 10:41:32 | node_9 | INFO ] ⏳ Waiting initialization.
[ 2026-03-27 10:41:32 | node | INFO ] 🔍 Neighbors found: ['node_1', 'node_2', 'node_3', 'node_4', 'node_5', 'node_6', 'node_7', 'node_8', 'node_9'] | Degree: 9
[ 2026-03-27 10:41:32 | node | INFO ] ⏳ Waiting initialization.
[ 2026-03-27 10:41:32 | node | INFO ] 🗣️ Gossiping model initialization.
[ 2026-03-27 10:41:33 | node_8 | INFO ] 🗣️ Gossiping model initialization.
[ 2026-03-27 10:41:33 | node_9 | INFO ] 🗣️ Gossiping model initialization.
[ 2026-03-27 10:41:34 | node_1 | INFO ] 🗣️ Gossiping model initialization.
[ 2026-03-27 10:41:34 | node_4 | INFO ] 🗣️ Gossiping model initialization.
[ 2026-03-27 10:41:34 | node_3 | INFO ] 🗣️ Gossiping model initialization.
[ 2026-03-27 10:41:34 | node_7 | INFO ] 🗣️ Gossiping model initialization.
[ 2026-03-27 10:41:35 | node_2 | INFO ] 🗣️ Gossiping model initialization.
[ 2026-03-27 10:41:35 | node_5 | INFO ] 🗣️ Gossiping model initialization.
[ 2026-03-27 10:41:35 | node_6 | INFO ] 🗣️ Gossiping model initialization.
[ 2026-03-27 10:41:36 | node_2 | INFO ] 🤫 Gossip finished.
[ 2026-03-27 10:41:36 | node_3 | INFO ] 🤫 Gossip finished.
[ 2026-03-27 10:41:36 | node_5 | INFO ] 🤫 Gossip finished.
[ 2026-03-27 10:41:36 | node_6 | INFO ] 🤫 Gossip finished.
[ 2026-03-27 10:41:36 | node | INFO ] 🤫 Gossip finished.
[ 2026-03-27 10:41:36 | node_9 | INFO ] 🤫 Gossip finished.
[ 2026-03-27 10:41:36 | node_4 | INFO ] 🤫 Gossip finished.
[ 2026-03-27 10:41:36 | node_1 | INFO ] 🤫 Gossip finished.
[ 2026-03-27 10:41:36 | node_8 | INFO ] 🤫 Gossip finished.
[ 2026-03-27 10:41:36 | node_7 | INFO ] 🤫 Gossip finished.
[ 2026-03-27 10:44:32 | node_1 | INFO ] 🚂 Train set of 10 nodes (all available nodes): ['node', 'node_2', 'node_3', 'node_4', 'node_5', 'node_6', 'node_8', 'node_9', 'node_7', 'node_1']
[ 2026-03-27 10:44:32 | node_1 | INFO ] 🏋️‍♀️ Preparing training...
[ 2026-03-27 10:44:32 | node_2 | INFO ] 🚂 Train set of 10 nodes (all available nodes): ['node', 'node_1', 'node_3', 'node_4', 'node_5', 'node_6', 'node_7', 'node_8', 'node_9', 'node_2']
[ 2026-03-27 10:44:32 | node_3 | INFO ] 🚂 Train set of 10 nodes (all available nodes): ['node', 'node_1', 'node_2', 'node_4', 'node_5', 'node_6', 'node_7', 'node_8', 'node_9', 'node_3']
[ 2026-03-27 10:44:32 | node_2 | INFO ] 🏋️‍♀️ Preparing training...
[ 2026-03-27 10:44:32 | node_4 | INFO ] 🚂 Train set of 10 nodes (all available nodes): ['node', 'node_1', 'node_2', 'node_3', 'node_6', 'node_9', 'node_5', 'node_7', 'node_8', 'node_4']
[ 2026-03-27 10:44:32 | node_3 | INFO ] 🏋️‍♀️ Preparing training...
[ 2026-03-27 10:44:32 | node_5 | INFO ] 🚂 Train set of 10 nodes (all available nodes): ['node', 'node_1', 'node_2', 'node_3', 'node_6', 'node_7', 'node_8', 'node_9', 'node_4', 'node_5']
[ 2026-03-27 10:44:32 | node_4 | INFO ] 🏋️‍♀️ Preparing training...
[ 2026-03-27 10:44:32 | node_5 | INFO ] 🏋️‍♀️ Preparing training...
[ 2026-03-27 10:44:32 | node_7 | INFO ] 🚂 Train set of 10 nodes (all available nodes): ['node', 'node_2', 'node_3', 'node_5', 'node_6', 'node_8', 'node_9', 'node_1', 'node_4', 'node_7']
[ 2026-03-27 10:44:32 | node_6 | INFO ] 🚂 Train set of 10 nodes (all available nodes): ['node', 'node_1', 'node_2', 'node_3', 'node_4', 'node_5', 'node_7', 'node_9', 'node_8', 'node_6']
[ 2026-03-27 10:44:32 | node_8 | INFO ] 🚂 Train set of 10 nodes (all available nodes): ['node', 'node_1', 'node_2', 'node_3', 'node_5', 'node_7', 'node_9', 'node_4', 'node_6', 'node_8']
[ 2026-03-27 10:44:32 | node_9 | INFO ] 🚂 Train set of 10 nodes (all available nodes): ['node', 'node_1', 'node_2', 'node_3', 'node_4', 'node_5', 'node_6', 'node_7', 'node_8', 'node_9']
[ 2026-03-27 10:44:32 | node_6 | INFO ] 🏋️‍♀️ Preparing training...
[ 2026-03-27 10:44:32 | node_7 | INFO ] 🏋️‍♀️ Preparing training...
[ 2026-03-27 10:44:32 | node_8 | INFO ] 🏋️‍♀️ Preparing training...
[ 2026-03-27 10:44:32 | node_9 | INFO ] 🏋️‍♀️ Preparing training...
[ 2026-03-27 10:44:32 | node | INFO ] 🚂 Train set of 10 nodes (all available nodes): ['node_1', 'node_2', 'node_3', 'node_4', 'node_5', 'node_6', 'node_7', 'node_8', 'node_9', 'node']
[ 2026-03-27 10:44:32 | node | INFO ] 🏋️‍♀️ Preparing training...
[ 2026-03-27 10:44:34 | node | INFO ] 🎓 Training step done.
[ 2026-03-27 10:44:34 | node_3 | INFO ] 🎓 Training step done.
[ 2026-03-27 10:44:34 | node | INFO ] 🛠️ Calling force_add_local_model...
[ 2026-03-27 10:44:34 | node_3 | INFO ] 🛠️ Calling force_add_local_model...
[ 2026-03-27 10:44:34 | node | INFO ] ✅ [FORCE] Local model added for round 0. (1/10)
[ 2026-03-27 10:44:34 | node_3 | INFO ] ✅ [FORCE] Local model added for round 0. (1/10)
[ 2026-03-27 10:44:34 | node_1 | INFO ] 🎓 Training step done.
[ 2026-03-27 10:44:34 | node_1 | INFO ] 🛠️ Calling force_add_local_model...
[ 2026-03-27 10:44:34 | node_1 | INFO ] ✅ [FORCE] Local model added for round 0. (1/9)
[ 2026-03-27 10:44:34 | node_7 | INFO ] 🎓 Training step done.
[ 2026-03-27 10:44:34 | node_7 | INFO ] 🛠️ Calling force_add_local_model...
[ 2026-03-27 10:44:34 | node_7 | INFO ] ✅ [FORCE] Local model added for round 0. (1/8)
[ 2026-03-27 10:44:35 | node_5 | INFO ] 🎓 Training step done.
[ 2026-03-27 10:44:35 | node_5 | INFO ] 🛠️ Calling force_add_local_model...
[ 2026-03-27 10:44:35 | node_5 | INFO ] ✅ [FORCE] Local model added for round 0. (1/9)
[ 2026-03-27 10:44:35 | node_8 | INFO ] 🎓 Training step done.
[ 2026-03-27 10:44:35 | node_8 | INFO ] 🛠️ Calling force_add_local_model...
[ 2026-03-27 10:44:35 | node_8 | INFO ] ✅ [FORCE] Local model added for round 0. (1/8)
[ 2026-03-27 10:44:35 | node_9 | INFO ] 🎓 Training step done.
[ 2026-03-27 10:44:35 | node_9 | INFO ] 🛠️ Calling force_add_local_model...
[ 2026-03-27 10:44:35 | node_9 | INFO ] ✅ [FORCE] Local model added for round 0. (1/10)
[ 2026-03-27 10:44:35 | node_2 | INFO ] 🎓 Training step done.
[ 2026-03-27 10:44:35 | node_2 | INFO ] 🛠️ Calling force_add_local_model...
[ 2026-03-27 10:44:35 | node_2 | INFO ] ✅ [FORCE] Local model added for round 0. (1/10)
[ 2026-03-27 10:44:35 | node_6 | INFO ] 🎓 Training step done.
[ 2026-03-27 10:44:35 | node_6 | INFO ] 🛠️ Calling force_add_local_model...
[ 2026-03-27 10:44:35 | node_6 | INFO ] ✅ [FORCE] Local model added for round 0. (1/9)
[ 2026-03-27 10:44:38 | node_4 | INFO ] 🎓 Training step done.
[ 2026-03-27 10:44:38 | node_4 | INFO ] 🛠️ Calling force_add_local_model...
[ 2026-03-27 10:44:38 | node_4 | INFO ] ✅ [FORCE] Local model added for round 0. (1/7)
[ 2026-03-27 10:44:39 | node | INFO ] 📤 Sending model to 9 direct neighbors: ['node_1', 'node_2', 'node_3', 'node_4', 'node_5', 'node_6', 'node_7', 'node_8', 'node_9']
[ 2026-03-27 10:44:39 | node_3 | INFO ] 📤 Sending model to 9 direct neighbors: ['node', 'node_1', 'node_2', 'node_4', 'node_5', 'node_6', 'node_7', 'node_8', 'node_9']
[ 2026-03-27 10:44:39 | node_1 | INFO ] 🧩 Model added for round 0 (2/9) from ['node']
[ 2026-03-27 10:44:39 | node | INFO ] 🧩 Model added for round 0 (2/10) from ['node_3']
[ 2026-03-27 10:44:39 | node_2 | INFO ] 🧩 Model added for round 0 (2/10) from ['node']
[ 2026-03-27 10:44:39 | node_1 | INFO ] 🧩 Model added for round 0 (3/9) from ['node_3']
[ 2026-03-27 10:44:39 | node_3 | INFO ] 🧩 Model added for round 0 (2/10) from ['node']
[ 2026-03-27 10:44:39 | node_2 | INFO ] 🧩 Model added for round 0 (3/10) from ['node_3']
[ 2026-03-27 10:44:39 | node_4 | INFO ] 🧩 Model added for round 0 (2/7) from ['node']
[ 2026-03-27 10:44:39 | node_4 | INFO ] 🧩 Model added for round 0 (3/7) from ['node_3']
[ 2026-03-27 10:44:39 | node_5 | INFO ] 🧩 Model added for round 0 (2/9) from ['node']
[ 2026-03-27 10:44:39 | node_5 | INFO ] 🧩 Model added for round 0 (3/9) from ['node_3']
[ 2026-03-27 10:44:39 | node_1 | INFO ] 📤 Sending model to 8 direct neighbors: ['node', 'node_2', 'node_3', 'node_4', 'node_5', 'node_6', 'node_8', 'node_9']
[ 2026-03-27 10:44:39 | node_6 | INFO ] 🧩 Model added for round 0 (2/9) from ['node']
[ 2026-03-27 10:44:39 | node_6 | INFO ] 🧩 Model added for round 0 (3/9) from ['node_3']
[ 2026-03-27 10:44:39 | node | INFO ] 🧩 Model added for round 0 (3/10) from ['node_1']
[ 2026-03-27 10:44:39 | node_7 | INFO ] 📤 Sending model to 7 direct neighbors: ['node', 'node_2', 'node_3', 'node_5', 'node_6', 'node_8', 'node_9']
[ 2026-03-27 10:44:39 | node_7 | INFO ] 🧩 Model added for round 0 (2/8) from ['node']
[ 2026-03-27 10:44:39 | node_7 | INFO ] 🧩 Model added for round 0 (3/8) from ['node_3']
[ 2026-03-27 10:44:39 | node_2 | INFO ] 🧩 Model added for round 0 (4/10) from ['node_1']
[ 2026-03-27 10:44:39 | node | INFO ] 🧩 Model added for round 0 (4/10) from ['node_7']
[ 2026-03-27 10:44:40 | node_8 | INFO ] 🧩 Model added for round 0 (2/8) from ['node']
[ 2026-03-27 10:44:40 | node_2 | INFO ] 🧩 Model added for round 0 (5/10) from ['node_7']
[ 2026-03-27 10:44:40 | node_8 | INFO ] 🧩 Model added for round 0 (3/8) from ['node_3']
[ 2026-03-27 10:44:40 | node_3 | INFO ] 🧩 Model added for round 0 (3/10) from ['node_1']
[ 2026-03-27 10:44:40 | node_5 | INFO ] 📤 Sending model to 8 direct neighbors: ['node', 'node_1', 'node_2', 'node_3', 'node_6', 'node_7', 'node_8', 'node_9']
[ 2026-03-27 10:44:40 | node_8 | INFO ] 📤 Sending model to 7 direct neighbors: ['node', 'node_1', 'node_2', 'node_3', 'node_5', 'node_7', 'node_9']
[ 2026-03-27 10:44:40 | node_9 | INFO ] 🧩 Model added for round 0 (2/10) from ['node']
[ 2026-03-27 10:44:40 | node_3 | INFO ] 🧩 Model added for round 0 (4/10) from ['node_7']
[ 2026-03-27 10:44:40 | node_9 | INFO ] 🧩 Model added for round 0 (3/10) from ['node_3']
[ 2026-03-27 10:44:40 | node_9 | INFO ] 📤 Sending model to 9 direct neighbors: ['node', 'node_1', 'node_2', 'node_3', 'node_4', 'node_5', 'node_6', 'node_7', 'node_8']
[ 2026-03-27 10:44:40 | node | INFO ] 🧩 Model added for round 0 (5/10) from ['node_5']
[ 2026-03-27 10:44:40 | node | INFO ] 🧩 Model added for round 0 (6/10) from ['node_8']
[ 2026-03-27 10:44:40 | node_4 | INFO ] 🧩 Model added for round 0 (4/7) from ['node_1']
[ 2026-03-27 10:44:40 | node | INFO ] 🧩 Model added for round 0 (7/10) from ['node_9']
[ 2026-03-27 10:44:40 | node_2 | INFO ] 📤 Sending model to 9 direct neighbors: ['node', 'node_1', 'node_3', 'node_4', 'node_5', 'node_6', 'node_7', 'node_8', 'node_9']
[ 2026-03-27 10:44:40 | node_5 | INFO ] 🧩 Model added for round 0 (4/9) from ['node_7']
[ 2026-03-27 10:44:40 | node | INFO ] 🧩 Model added for round 0 (8/10) from ['node_2']
[ 2026-03-27 10:44:40 | node_5 | INFO ] 🧩 Model added for round 0 (5/9) from ['node_1']
[ 2026-03-27 10:44:40 | node_1 | INFO ] 🧩 Model added for round 0 (4/9) from ['node_8']
[ 2026-03-27 10:44:40 | node_1 | INFO ] 🧩 Model added for round 0 (5/9) from ['node_5']
[ 2026-03-27 10:44:40 | node_6 | INFO ] 📤 Sending model to 8 direct neighbors: ['node', 'node_1', 'node_2', 'node_3', 'node_4', 'node_5', 'node_7', 'node_9']
[ 2026-03-27 10:44:41 | node_1 | INFO ] 🧩 Model added for round 0 (6/9) from ['node_9']
[ 2026-03-27 10:44:41 | node_6 | INFO ] 🧩 Model added for round 0 (4/9) from ['node_7']
[ 2026-03-27 10:44:41 | node | INFO ] 🧩 Model added for round 0 (9/10) from ['node_6']
[ 2026-03-27 10:44:41 | node_1 | INFO ] 🧩 Model added for round 0 (7/9) from ['node_2']
[ 2026-03-27 10:44:41 | node_2 | INFO ] 🧩 Model added for round 0 (6/10) from ['node_5']
[ 2026-03-27 10:44:41 | node_2 | INFO ] 🧩 Model added for round 0 (7/10) from ['node_8']
[ 2026-03-27 10:44:41 | node_6 | INFO ] 🧩 Model added for round 0 (5/9) from ['node_1']
[ 2026-03-27 10:44:41 | node_2 | INFO ] 🧩 Model added for round 0 (8/10) from ['node_9']
[ 2026-03-27 10:44:41 | node_8 | INFO ] 🧩 Model added for round 0 (4/8) from ['node_7']
[ 2026-03-27 10:44:41 | node_1 | INFO ] 🧩 Model added for round 0 (8/9) from ['node_6']
[ 2026-03-27 10:44:41 | node_8 | INFO ] 🧩 Model added for round 0 (5/8) from ['node_1']
[ 2026-03-27 10:44:41 | node_3 | INFO ] 🧩 Model added for round 0 (5/10) from ['node_5']
[ 2026-03-27 10:44:41 | node_3 | INFO ] 🧩 Model added for round 0 (6/10) from ['node_2']
[ 2026-03-27 10:44:41 | node_3 | INFO ] 🧩 Model added for round 0 (7/10) from ['node_8']
[ 2026-03-27 10:44:41 | node_3 | INFO ] 🧩 Model added for round 0 (8/10) from ['node_9']
[ 2026-03-27 10:44:41 | node_9 | INFO ] 🧩 Model added for round 0 (4/10) from ['node_7']
[ 2026-03-27 10:44:41 | node_2 | INFO ] 🧩 Model added for round 0 (9/10) from ['node_6']
[ 2026-03-27 10:44:41 | node_9 | INFO ] 🧩 Model added for round 0 (5/10) from ['node_1']
[ 2026-03-27 10:44:42 | node_5 | INFO ] 🧩 Model added for round 0 (6/9) from ['node_8']
[ 2026-03-27 10:44:42 | node_6 | INFO ] 🧩 Model added for round 0 (6/9) from ['node_5']
[ 2026-03-27 10:44:42 | node_4 | INFO ] 🧩 Model added for round 0 (5/7) from ['node_2']
[ 2026-03-27 10:44:42 | node_4 | INFO ] 🧩 Model added for round 0 (6/7) from ['node_9']
[ 2026-03-27 10:44:42 | node_3 | INFO ] 🧩 Model added for round 0 (9/10) from ['node_6']
[ 2026-03-27 10:44:42 | node_5 | INFO ] 🧩 Model added for round 0 (7/9) from ['node_2']
[ 2026-03-27 10:44:42 | node_7 | INFO ] 🧩 Model added for round 0 (4/8) from ['node_5']
[ 2026-03-27 10:44:42 | node_7 | INFO ] 🧩 Model added for round 0 (5/8) from ['node_8']
[ 2026-03-27 10:44:42 | node_5 | INFO ] 🧩 Model added for round 0 (8/9) from ['node_9']
[ 2026-03-27 10:44:42 | node_4 | INFO ] 🧩 Model added for round 0 (7/7) from ['node_6']
[ 2026-03-27 10:44:42 | node_6 | INFO ] 🧩 Model added for round 0 (7/9) from ['node_2']
[ 2026-03-27 10:44:42 | node_8 | INFO ] 🧩 Model added for round 0 (6/8) from ['node_5']
[ 2026-03-27 10:44:42 | node_9 | INFO ] 🧩 Model added for round 0 (6/10) from ['node_8']
[ 2026-03-27 10:44:42 | node_5 | INFO ] 🧩 Model added for round 0 (9/9) from ['node_6']
[ 2026-03-27 10:44:42 | node_6 | INFO ] 🧩 Model added for round 0 (8/9) from ['node_9']
[ 2026-03-27 10:44:42 | node_9 | INFO ] 🧩 Model added for round 0 (7/10) from ['node_5']
[ 2026-03-27 10:44:42 | node_7 | INFO ] 🧩 Model added for round 0 (6/8) from ['node_2']
[ 2026-03-27 10:44:42 | node_7 | INFO ] 🧩 Model added for round 0 (7/8) from ['node_6']
[ 2026-03-27 10:44:43 | node_7 | INFO ] 🧩 Model added for round 0 (8/8) from ['node_9']
[ 2026-03-27 10:44:43 | node_4 | INFO ] 📤 Sending model to 6 direct neighbors: ['node', 'node_1', 'node_2', 'node_3', 'node_6', 'node_9']
[ 2026-03-27 10:44:43 | node | INFO ] 🧩 Model added for round 0 (10/10) from ['node_4']
[ 2026-03-27 10:44:43 | node_8 | INFO ] 🧩 Model added for round 0 (7/8) from ['node_2']
[ 2026-03-27 10:44:43 | node_9 | INFO ] 🧩 Model added for round 0 (8/10) from ['node_6']
[ 2026-03-27 10:44:43 | node_8 | INFO ] 🧩 Model added for round 0 (8/8) from ['node_9']
[ 2026-03-27 10:44:43 | node_9 | INFO ] 🧩 Model added for round 0 (9/10) from ['node_2']
[ 2026-03-27 10:44:43 | node_1 | INFO ] 🧩 Model added for round 0 (9/9) from ['node_4']
[ 2026-03-27 10:44:43 | node_2 | INFO ] 🧩 Model added for round 0 (10/10) from ['node_4']
[ 2026-03-27 10:44:44 | node_7 | INFO ] 🧠 Aggregation complete. Setting new model.
[ 2026-03-27 10:44:44 | node_3 | INFO ] 🧩 Model added for round 0 (10/10) from ['node_4']
[ 2026-03-27 10:44:44 | node_7 | INFO ] 🗣️ Gossiping aggregated model.
[ 2026-03-27 10:44:44 | node_5 | INFO ] 🧠 Aggregation complete. Setting new model.
[ 2026-03-27 10:44:44 | node_5 | INFO ] 🗣️ Gossiping aggregated model.
[ 2026-03-27 10:44:44 | node_8 | INFO ] 🧠 Aggregation complete. Setting new model.
[ 2026-03-27 10:44:44 | node_6 | INFO ] 🧩 Model added for round 0 (9/9) from ['node_4']
[ 2026-03-27 10:44:44 | node | INFO ] 🧠 Aggregation complete. Setting new model.
[ 2026-03-27 10:44:44 | node_8 | INFO ] 🗣️ Gossiping aggregated model.
[ 2026-03-27 10:44:44 | node | INFO ] 🗣️ Gossiping aggregated model.
[ 2026-03-27 10:44:44 | node_1 | INFO ] 🧠 Aggregation complete. Setting new model.
[ 2026-03-27 10:44:44 | node_9 | INFO ] 🧩 Model added for round 0 (10/10) from ['node_4']
[ 2026-03-27 10:44:44 | node_1 | INFO ] 🗣️ Gossiping aggregated model.
[ 2026-03-27 10:44:45 | node_2 | INFO ] 🧠 Aggregation complete. Setting new model.
[ 2026-03-27 10:44:45 | node_2 | INFO ] 🗣️ Gossiping aggregated model.
[ 2026-03-27 10:44:45 | node_3 | INFO ] 🧠 Aggregation complete. Setting new model.
[ 2026-03-27 10:44:45 | node_6 | INFO ] 🧠 Aggregation complete. Setting new model.
[ 2026-03-27 10:44:45 | node_3 | INFO ] 🗣️ Gossiping aggregated model.
[ 2026-03-27 10:44:45 | node_6 | INFO ] 🗣️ Gossiping aggregated model.
[ 2026-03-27 10:44:45 | node_9 | INFO ] 🧠 Aggregation complete. Setting new model.
[ 2026-03-27 10:44:45 | node_4 | INFO ] 🧠 Aggregation complete. Setting new model.
[ 2026-03-27 10:44:45 | node_4 | INFO ] 🗣️ Gossiping aggregated model.
[ 2026-03-27 10:44:45 | node_4 | INFO ] 🤫 Gossip finished.
[ 2026-03-27 10:44:45 | node_4 | INFO ] 🔬 Evaluating...
[ 2026-03-27 10:44:45 | node_9 | INFO ] 🗣️ Gossiping aggregated model.
[ 2026-03-27 10:44:45 | node_9 | INFO ] 🤫 Gossip finished.
[ 2026-03-27 10:44:45 | node_9 | INFO ] 🔬 Evaluating...
[ 2026-03-27 10:44:45 | node | INFO ] 🤫 Gossip finished.
[ 2026-03-27 10:44:45 | node | INFO ] 🔬 Evaluating...
[ 2026-03-27 10:44:45 | node_8 | INFO ] 🤫 Gossip finished.
[ 2026-03-27 10:44:45 | node_8 | INFO ] 🔬 Evaluating...
[ 2026-03-27 10:44:45 | node_4 | INFO ] 📈 Evaluated. Results: {'test_loss': 37.68442153930664, 'test_acc': 0.0, 'test_precision': 0.0, 'test_recall': 0.0, 'test_f1': 0.0, 'communication_cost': 11291592}
[ 2026-03-27 10:44:45 | node_9 | INFO ] 📈 Evaluated. Results: {'test_loss': 4.457327365875244, 'test_acc': 0.12114014476537704, 'test_precision': 0.04160032421350479, 'test_recall': 0.020602066069841385, 'test_f1': 0.023188956081867218, 'communication_cost': 16937388}
[ 2026-03-27 10:44:45 | node_4 | INFO ] 📢 Broadcasting metrics.
[ 2026-03-27 10:44:45 | node_9 | INFO ] 📢 Broadcasting metrics.
[ 2026-03-27 10:44:45 | node_1 | INFO ] 🤫 Gossip finished.
[ 2026-03-27 10:44:45 | node_1 | INFO ] 🔬 Evaluating...
[ 2026-03-27 10:44:46 | node_8 | INFO ] 📈 Evaluated. Results: {'test_loss': 6.448608875274658, 'test_acc': 0.007285974454134703, 'test_precision': 0.054401945322752, 'test_recall': 0.002032403601333499, 'test_f1': 0.003909403923898935, 'communication_cost': 13173524}
[ 2026-03-27 10:44:46 | node_8 | INFO ] 📢 Broadcasting metrics.
[ 2026-03-27 10:44:46 | node_4 | INFO ] 🎉 Round 1 of 10 finished.
[ 2026-03-27 10:44:46 | node_2 | INFO ] 🤫 Gossip finished.
[ 2026-03-27 10:44:46 | node_4 | INFO ] 🗳️ [DETERMINISTIC] Train set assigned (No Voting). Size: 10
[ 2026-03-27 10:44:46 | node_2 | INFO ] 🔬 Evaluating...
[ 2026-03-27 10:44:46 | node_4 | INFO ] 🏋️‍♀️ Preparing training...
[ 2026-03-27 10:44:46 | node_1 | INFO ] 📈 Evaluated. Results: {'test_loss': 1.3249859809875488, 'test_acc': 0.5851393342018127, 'test_precision': 0.26594769954681396, 'test_recall': 0.18461880087852478, 'test_f1': 0.20670710504055023, 'communication_cost': 15055456}
[ 2026-03-27 10:44:46 | node | INFO ] 📈 Evaluated. Results: {'test_loss': 3.261384963989258, 'test_acc': 0.10927572846412659, 'test_precision': 0.1861657053232193, 'test_recall': 0.039353229105472565, 'test_f1': 0.053372807800769806, 'communication_cost': 16937388}
[ 2026-03-27 10:44:46 | node | INFO ] 📢 Broadcasting metrics.
[ 2026-03-27 10:44:46 | node_1 | INFO ] 📢 Broadcasting metrics.
[ 2026-03-27 10:44:46 | node_9 | INFO ] 🎉 Round 1 of 10 finished.
[ 2026-03-27 10:44:46 | node_9 | INFO ] 🗳️ [DETERMINISTIC] Train set assigned (No Voting). Size: 10
[ 2026-03-27 10:44:46 | node_9 | INFO ] 🏋️‍♀️ Preparing training...
[ 2026-03-27 10:44:46 | node_7 | INFO ] 🤫 Gossip finished.
[ 2026-03-27 10:44:46 | node_7 | INFO ] 🔬 Evaluating...
[ 2026-03-27 10:44:46 | node_3 | INFO ] 🤫 Gossip finished.
[ 2026-03-27 10:44:46 | node_3 | INFO ] 🔬 Evaluating...
[ 2026-03-27 10:44:46 | node_8 | INFO ] 🎉 Round 1 of 10 finished.
[ 2026-03-27 10:44:46 | node_8 | INFO ] 🗳️ [DETERMINISTIC] Train set assigned (No Voting). Size: 10
[ 2026-03-27 10:44:46 | node_8 | INFO ] 🏋️‍♀️ Preparing training...
[ 2026-03-27 10:44:46 | node_5 | INFO ] 🤫 Gossip finished.
[ 2026-03-27 10:44:46 | node_5 | INFO ] 🔬 Evaluating...
[ 2026-03-27 10:44:46 | node_6 | INFO ] 🤫 Gossip finished.
[ 2026-03-27 10:44:46 | node_6 | INFO ] 🔬 Evaluating...
[ 2026-03-27 10:44:46 | node_2 | INFO ] 📈 Evaluated. Results: {'test_loss': 3.29805064201355, 'test_acc': 0.05304212123155594, 'test_precision': 0.1763191819190979, 'test_recall': 0.020357275381684303, 'test_f1': 0.024623572826385498, 'communication_cost': 16937388}
[ 2026-03-27 10:44:46 | node_2 | INFO ] 📢 Broadcasting metrics.
[ 2026-03-27 10:44:46 | node_1 | INFO ] 🎉 Round 1 of 10 finished.
[ 2026-03-27 10:44:47 | node_1 | INFO ] 🗳️ [DETERMINISTIC] Train set assigned (No Voting). Size: 10
[ 2026-03-27 10:44:47 | node_1 | INFO ] 🏋️‍♀️ Preparing training...
[ 2026-03-27 10:44:47 | node | INFO ] 🎉 Round 1 of 10 finished.
[ 2026-03-27 10:44:47 | node | INFO ] 🗳️ [DETERMINISTIC] Train set assigned (No Voting). Size: 10
[ 2026-03-27 10:44:47 | node | INFO ] 🏋️‍♀️ Preparing training...
[ 2026-03-27 10:44:47 | node_7 | INFO ] 📈 Evaluated. Results: {'test_loss': 4.241140842437744, 'test_acc': 0.31588131189346313, 'test_precision': 0.15007935464382172, 'test_recall': 0.10804389417171478, 'test_f1': 0.11936764419078827, 'communication_cost': 13173524}
[ 2026-03-27 10:44:47 | node_7 | INFO ] 📢 Broadcasting metrics.
[ 2026-03-27 10:44:47 | node_5 | INFO ] 📈 Evaluated. Results: {'test_loss': 6.467925071716309, 'test_acc': 0.04564907029271126, 'test_precision': 0.018357859924435616, 'test_recall': 0.0315399207174778, 'test_f1': 0.019567660987377167, 'communication_cost': 15055456}
[ 2026-03-27 10:44:47 | node_5 | INFO ] 📢 Broadcasting metrics.
[ 2026-03-27 10:44:47 | node_6 | INFO ] 📈 Evaluated. Results: {'test_loss': 4.6633806228637695, 'test_acc': 0.0021598271559923887, 'test_precision': 0.012616134248673916, 'test_recall': 0.0009073388646356761, 'test_f1': 0.0012557745212689042, 'communication_cost': 15055456}
[ 2026-03-27 10:44:47 | node_6 | INFO ] 📢 Broadcasting metrics.
[ 2026-03-27 10:44:47 | node_2 | INFO ] 🎉 Round 1 of 10 finished.
[ 2026-03-27 10:44:47 | node_2 | INFO ] 🗳️ [DETERMINISTIC] Train set assigned (No Voting). Size: 10
[ 2026-03-27 10:44:47 | node_2 | INFO ] 🏋️‍♀️ Preparing training...
[ 2026-03-27 10:44:47 | node_3 | INFO ] 📈 Evaluated. Results: {'test_loss': 5.007064342498779, 'test_acc': 0.012025011703372002, 'test_precision': 0.08370325714349747, 'test_recall': 0.0035914448089897633, 'test_f1': 0.006451449356973171, 'communication_cost': 16937388}
[ 2026-03-27 10:44:47 | node_3 | INFO ] 📢 Broadcasting metrics.
[ 2026-03-27 10:44:47 | node_7 | INFO ] 🎉 Round 1 of 10 finished.
[ 2026-03-27 10:44:47 | node | INFO ] 🎓 Training step done.
[ 2026-03-27 10:44:47 | node | INFO ] 🛠️ Calling force_add_local_model...
[ 2026-03-27 10:44:47 | node_7 | INFO ] 🗳️ [DETERMINISTIC] Train set assigned (No Voting). Size: 10
[ 2026-03-27 10:44:47 | node | INFO ] ✅ [FORCE] Local model added for round 1. (1/10)
[ 2026-03-27 10:44:47 | node_7 | INFO ] 🏋️‍♀️ Preparing training...
[ 2026-03-27 10:44:47 | node_5 | INFO ] 🎉 Round 1 of 10 finished.
[ 2026-03-27 10:44:47 | node_5 | INFO ] 🗳️ [DETERMINISTIC] Train set assigned (No Voting). Size: 10
[ 2026-03-27 10:44:47 | node_5 | INFO ] 🏋️‍♀️ Preparing training...
[ 2026-03-27 10:44:47 | node_6 | INFO ] 🎉 Round 1 of 10 finished.
[ 2026-03-27 10:44:47 | node_6 | INFO ] 🗳️ [DETERMINISTIC] Train set assigned (No Voting). Size: 10
[ 2026-03-27 10:44:47 | node_6 | INFO ] 🏋️‍♀️ Preparing training...
[ 2026-03-27 10:44:47 | node_3 | INFO ] 🎉 Round 1 of 10 finished.
[ 2026-03-27 10:44:47 | node_3 | INFO ] 🗳️ [DETERMINISTIC] Train set assigned (No Voting). Size: 10
[ 2026-03-27 10:44:47 | node_3 | INFO ] 🏋️‍♀️ Preparing training...
[ 2026-03-27 10:44:48 | node_3 | INFO ] 🎓 Training step done.
[ 2026-03-27 10:44:48 | node_3 | INFO ] 🛠️ Calling force_add_local_model...
[ 2026-03-27 10:44:48 | node_3 | INFO ] ✅ [FORCE] Local model added for round 1. (1/10)
[ 2026-03-27 10:44:48 | node_1 | INFO ] 🎓 Training step done.
[ 2026-03-27 10:44:48 | node_1 | INFO ] 🛠️ Calling force_add_local_model...
[ 2026-03-27 10:44:48 | node_1 | INFO ] ✅ [FORCE] Local model added for round 1. (1/9)
[ 2026-03-27 10:44:48 | node_9 | INFO ] 🎓 Training step done.
[ 2026-03-27 10:44:48 | node_9 | INFO ] 🛠️ Calling force_add_local_model...
[ 2026-03-27 10:44:48 | node_9 | INFO ] ✅ [FORCE] Local model added for round 1. (1/10)
[ 2026-03-27 10:44:48 | node_8 | INFO ] 🎓 Training step done.
[ 2026-03-27 10:44:48 | node_8 | INFO ] 🛠️ Calling force_add_local_model...
[ 2026-03-27 10:44:48 | node_8 | INFO ] ✅ [FORCE] Local model added for round 1. (1/8)
[ 2026-03-27 10:44:49 | node_7 | INFO ] 🎓 Training step done.
[ 2026-03-27 10:44:49 | node_7 | INFO ] 🛠️ Calling force_add_local_model...
[ 2026-03-27 10:44:49 | node_7 | INFO ] ✅ [FORCE] Local model added for round 1. (1/8)
[ 2026-03-27 10:44:49 | node_5 | INFO ] 🎓 Training step done.
[ 2026-03-27 10:44:49 | node_5 | INFO ] 🛠️ Calling force_add_local_model...
[ 2026-03-27 10:44:49 | node_5 | INFO ] ✅ [FORCE] Local model added for round 1. (1/9)
[ 2026-03-27 10:44:49 | node_2 | INFO ] 🎓 Training step done.
[ 2026-03-27 10:44:49 | node_2 | INFO ] 🛠️ Calling force_add_local_model...
[ 2026-03-27 10:44:49 | node_2 | INFO ] ✅ [FORCE] Local model added for round 1. (1/10)
[ 2026-03-27 10:44:50 | node_6 | INFO ] 🎓 Training step done.
[ 2026-03-27 10:44:50 | node_6 | INFO ] 🛠️ Calling force_add_local_model...
[ 2026-03-27 10:44:50 | node_6 | INFO ] ✅ [FORCE] Local model added for round 1. (1/9)
[ 2026-03-27 10:44:51 | node_4 | INFO ] 🎓 Training step done.
[ 2026-03-27 10:44:51 | node_4 | INFO ] 🛠️ Calling force_add_local_model...
[ 2026-03-27 10:44:51 | node_4 | INFO ] ✅ [FORCE] Local model added for round 1. (1/7)
[ 2026-03-27 10:44:52 | node | INFO ] 📤 Sending model to 9 direct neighbors: ['node_1', 'node_2', 'node_3', 'node_4', 'node_5', 'node_6', 'node_7', 'node_8', 'node_9']
[ 2026-03-27 10:44:52 | node_1 | INFO ] 🧩 Model added for round 1 (2/9) from ['node']
[ 2026-03-27 10:44:52 | node_2 | INFO ] 🧩 Model added for round 1 (2/10) from ['node']
[ 2026-03-27 10:44:52 | node_3 | INFO ] 🧩 Model added for round 1 (2/10) from ['node']
[ 2026-03-27 10:44:52 | node_4 | INFO ] 🧩 Model added for round 1 (2/7) from ['node']
[ 2026-03-27 10:44:52 | node_5 | INFO ] 🧩 Model added for round 1 (2/9) from ['node']
[ 2026-03-27 10:44:52 | node_6 | INFO ] 🧩 Model added for round 1 (2/9) from ['node']
[ 2026-03-27 10:44:53 | node_7 | INFO ] 🧩 Model added for round 1 (2/8) from ['node']
[ 2026-03-27 10:44:53 | node_8 | INFO ] 🧩 Model added for round 1 (2/8) from ['node']
[ 2026-03-27 10:44:53 | node_9 | INFO ] 🧩 Model added for round 1 (2/10) from ['node']
[ 2026-03-27 10:44:53 | node_3 | INFO ] 📤 Sending model to 9 direct neighbors: ['node', 'node_1', 'node_2', 'node_4', 'node_5', 'node_6', 'node_7', 'node_8', 'node_9']
[ 2026-03-27 10:44:53 | node_1 | INFO ] 📤 Sending model to 8 direct neighbors: ['node', 'node_2', 'node_3', 'node_4', 'node_5', 'node_6', 'node_8', 'node_9']
[ 2026-03-27 10:44:53 | node | INFO ] 🧩 Model added for round 1 (2/10) from ['node_3']
[ 2026-03-27 10:44:53 | node | INFO ] 🧩 Model added for round 1 (3/10) from ['node_1']
[ 2026-03-27 10:44:53 | node_9 | INFO ] 📤 Sending model to 9 direct neighbors: ['node', 'node_1', 'node_2', 'node_3', 'node_4', 'node_5', 'node_6', 'node_7', 'node_8']
[ 2026-03-27 10:44:53 | node_1 | INFO ] 🧩 Model added for round 1 (3/9) from ['node_3']
[ 2026-03-27 10:44:53 | node_2 | INFO ] 🧩 Model added for round 1 (3/10) from ['node_1']
[ 2026-03-27 10:44:53 | node | INFO ] 🧩 Model added for round 1 (4/10) from ['node_9']
[ 2026-03-27 10:44:53 | node_8 | INFO ] 📤 Sending model to 7 direct neighbors: ['node', 'node_1', 'node_2', 'node_3', 'node_5', 'node_7', 'node_9']
[ 2026-03-27 10:44:53 | node_2 | INFO ] 🧩 Model added for round 1 (4/10) from ['node_3']
[ 2026-03-27 10:44:53 | node | INFO ] 🧩 Model added for round 1 (5/10) from ['node_8']
[ 2026-03-27 10:44:53 | node_3 | INFO ] 🧩 Model added for round 1 (3/10) from ['node_1']
[ 2026-03-27 10:44:53 | node_1 | INFO ] 🧩 Model added for round 1 (4/9) from ['node_9']
[ 2026-03-27 10:44:54 | node_4 | INFO ] 🧩 Model added for round 1 (3/7) from ['node_3']
[ 2026-03-27 10:44:54 | node_4 | INFO ] 🧩 Model added for round 1 (4/7) from ['node_1']
[ 2026-03-27 10:44:54 | node_1 | INFO ] 🧩 Model added for round 1 (5/9) from ['node_8']
[ 2026-03-27 10:44:54 | node_2 | INFO ] 🧩 Model added for round 1 (5/10) from ['node_9']
[ 2026-03-27 10:44:54 | node_7 | INFO ] 📤 Sending model to 7 direct neighbors: ['node', 'node_2', 'node_3', 'node_5', 'node_6', 'node_8', 'node_9']
[ 2026-03-27 10:44:54 | node_5 | INFO ] 🧩 Model added for round 1 (3/9) from ['node_3']
[ 2026-03-27 10:44:54 | node | INFO ] 🧩 Model added for round 1 (6/10) from ['node_7']
[ 2026-03-27 10:44:54 | node_5 | INFO ] 🧩 Model added for round 1 (4/9) from ['node_1']
[ 2026-03-27 10:44:54 | node_3 | INFO ] 🧩 Model added for round 1 (4/10) from ['node_9']
[ 2026-03-27 10:44:54 | node_2 | INFO ] 🧩 Model added for round 1 (6/10) from ['node_8']
[ 2026-03-27 10:44:54 | node_6 | INFO ] 🧩 Model added for round 1 (3/9) from ['node_3']
[ 2026-03-27 10:44:54 | node_6 | INFO ] 🧩 Model added for round 1 (4/9) from ['node_1']
[ 2026-03-27 10:44:54 | node_2 | INFO ] 🧩 Model added for round 1 (7/10) from ['node_7']
[ 2026-03-27 10:44:54 | node_4 | INFO ] 🧩 Model added for round 1 (5/7) from ['node_9']
[ 2026-03-27 10:44:54 | node_7 | INFO ] 🧩 Model added for round 1 (3/8) from ['node_3']
[ 2026-03-27 10:44:54 | node_3 | INFO ] 🧩 Model added for round 1 (5/10) from ['node_8']
[ 2026-03-27 10:44:54 | node_5 | INFO ] 📤 Sending model to 8 direct neighbors: ['node', 'node_1', 'node_2', 'node_3', 'node_6', 'node_7', 'node_8', 'node_9']
[ 2026-03-27 10:44:54 | node_8 | INFO ] 🧩 Model added for round 1 (3/8) from ['node_1']
[ 2026-03-27 10:44:54 | node_5 | INFO ] 🧩 Model added for round 1 (5/9) from ['node_9']
[ 2026-03-27 10:44:54 | node | INFO ] 🧩 Model added for round 1 (7/10) from ['node_5']
[ 2026-03-27 10:44:54 | node_2 | INFO ] 📤 Sending model to 9 direct neighbors: ['node', 'node_1', 'node_3', 'node_4', 'node_5', 'node_6', 'node_7', 'node_8', 'node_9']
[ 2026-03-27 10:44:54 | node_8 | INFO ] 🧩 Model added for round 1 (4/8) from ['node_3']
[ 2026-03-27 10:44:55 | node_3 | INFO ] 🧩 Model added for round 1 (6/10) from ['node_7']
[ 2026-03-27 10:44:55 | node_5 | INFO ] 🧩 Model added for round 1 (6/9) from ['node_8']
[ 2026-03-27 10:44:55 | node | INFO ] 🧩 Model added for round 1 (8/10) from ['node_2']
[ 2026-03-27 10:44:55 | node_6 | INFO ] 🧩 Model added for round 1 (5/9) from ['node_9']
[ 2026-03-27 10:44:55 | node_9 | INFO ] 🧩 Model added for round 1 (3/10) from ['node_1']
[ 2026-03-27 10:44:55 | node_9 | INFO ] 🧩 Model added for round 1 (4/10) from ['node_3']
[ 2026-03-27 10:44:55 | node_1 | INFO ] 🧩 Model added for round 1 (6/9) from ['node_5']
[ 2026-03-27 10:44:55 | node_7 | INFO ] 🧩 Model added for round 1 (4/8) from ['node_8']
[ 2026-03-27 10:44:55 | node_5 | INFO ] 🧩 Model added for round 1 (7/9) from ['node_7']
[ 2026-03-27 10:44:55 | node_1 | INFO ] 🧩 Model added for round 1 (7/9) from ['node_2']
[ 2026-03-27 10:44:55 | node_7 | INFO ] 🧩 Model added for round 1 (5/8) from ['node_9']
[ 2026-03-27 10:44:55 | node_6 | INFO ] 📤 Sending model to 8 direct neighbors: ['node', 'node_1', 'node_2', 'node_3', 'node_4', 'node_5', 'node_7', 'node_9']
[ 2026-03-27 10:44:55 | node_9 | INFO ] 🧩 Model added for round 1 (5/10) from ['node_8']
[ 2026-03-27 10:44:55 | node_2 | INFO ] 🧩 Model added for round 1 (8/10) from ['node_5']
[ 2026-03-27 10:44:55 | node | INFO ] 🧩 Model added for round 1 (9/10) from ['node_6']
[ 2026-03-27 10:44:55 | node_6 | INFO ] 🧩 Model added for round 1 (6/9) from ['node_7']
[ 2026-03-27 10:44:55 | node_8 | INFO ] 🧩 Model added for round 1 (5/8) from ['node_9']
[ 2026-03-27 10:44:55 | node_3 | INFO ] 🧩 Model added for round 1 (7/10) from ['node_2']
[ 2026-03-27 10:44:55 | node_1 | INFO ] 🧩 Model added for round 1 (8/9) from ['node_6']
[ 2026-03-27 10:44:56 | node_3 | INFO ] 🧩 Model added for round 1 (8/10) from ['node_5']
[ 2026-03-27 10:44:56 | node_8 | INFO ] 🧩 Model added for round 1 (6/8) from ['node_7']
[ 2026-03-27 10:44:56 | node_4 | INFO ] 🧩 Model added for round 1 (6/7) from ['node_2']
[ 2026-03-27 10:44:56 | node_2 | INFO ] 🧩 Model added for round 1 (9/10) from ['node_6']
[ 2026-03-27 10:44:56 | node_9 | INFO ] 🧩 Model added for round 1 (6/10) from ['node_7']
[ 2026-03-27 10:44:56 | node_6 | INFO ] 🧩 Model added for round 1 (7/9) from ['node_5']
[ 2026-03-27 10:44:56 | node_5 | INFO ] 🧩 Model added for round 1 (8/9) from ['node_2']
[ 2026-03-27 10:44:56 | node_7 | INFO ] 🧩 Model added for round 1 (6/8) from ['node_5']
[ 2026-03-27 10:44:56 | node_3 | INFO ] 🧩 Model added for round 1 (9/10) from ['node_6']
[ 2026-03-27 10:44:56 | node_6 | INFO ] 🧩 Model added for round 1 (8/9) from ['node_2']
[ 2026-03-27 10:44:56 | node_4 | INFO ] 📤 Sending model to 6 direct neighbors: ['node', 'node_1', 'node_2', 'node_3', 'node_6', 'node_9']
[ 2026-03-27 10:44:56 | node_8 | INFO ] 🧩 Model added for round 1 (7/8) from ['node_5']
[ 2026-03-27 10:44:56 | node_4 | INFO ] 🧩 Model added for round 1 (7/7) from ['node_6']
[ 2026-03-27 10:44:56 | node | INFO ] 🧩 Model added for round 1 (10/10) from ['node_4']
[ 2026-03-27 10:44:57 | node_7 | INFO ] 🧩 Model added for round 1 (7/8) from ['node_2']
[ 2026-03-27 10:44:57 | node_9 | INFO ] 🧩 Model added for round 1 (7/10) from ['node_5']
[ 2026-03-27 10:44:57 | node_5 | INFO ] 🧩 Model added for round 1 (9/9) from ['node_6']
[ 2026-03-27 10:44:57 | node_1 | INFO ] 🧩 Model added for round 1 (9/9) from ['node_4']
[ 2026-03-27 10:44:57 | node_8 | INFO ] 🧩 Model added for round 1 (8/8) from ['node_2']
[ 2026-03-27 10:44:57 | node_7 | INFO ] 🧩 Model added for round 1 (8/8) from ['node_6']
[ 2026-03-27 10:44:57 | node_2 | INFO ] 🧩 Model added for round 1 (10/10) from ['node_4']
[ 2026-03-27 10:44:57 | node_1 | INFO ] 🧠 Aggregation complete. Setting new model.
[ 2026-03-27 10:44:57 | node | INFO ] 🧠 Aggregation complete. Setting new model.
[ 2026-03-27 10:44:57 | node_8 | INFO ] 🧠 Aggregation complete. Setting new model.
[ 2026-03-27 10:44:57 | node_5 | INFO ] 🧠 Aggregation complete. Setting new model.
[ 2026-03-27 10:44:57 | node_7 | INFO ] 🧠 Aggregation complete. Setting new model.
[ 2026-03-27 10:44:57 | node_9 | INFO ] 🧩 Model added for round 1 (8/10) from ['node_2']
[ 2026-03-27 10:44:57 | node_8 | INFO ] 🗣️ Gossiping aggregated model.
[ 2026-03-27 10:44:57 | node_1 | INFO ] 🗣️ Gossiping aggregated model.
[ 2026-03-27 10:44:57 | node_7 | INFO ] 🗣️ Gossiping aggregated model.
[ 2026-03-27 10:44:57 | node | INFO ] 🗣️ Gossiping aggregated model.
[ 2026-03-27 10:44:57 | node_5 | INFO ] 🗣️ Gossiping aggregated model.
[ 2026-03-27 10:44:58 | node_9 | INFO ] 🧩 Model added for round 1 (9/10) from ['node_6']
[ 2026-03-27 10:44:58 | node_3 | INFO ] 🧩 Model added for round 1 (10/10) from ['node_4']
[ 2026-03-27 10:44:58 | node_6 | INFO ] 🧩 Model added for round 1 (9/9) from ['node_4']
[ 2026-03-27 10:44:58 | node_2 | INFO ] 🧠 Aggregation complete. Setting new model.
[ 2026-03-27 10:44:58 | node_3 | INFO ] 🧠 Aggregation complete. Setting new model.
[ 2026-03-27 10:44:58 | node_6 | INFO ] 🧠 Aggregation complete. Setting new model.
[ 2026-03-27 10:44:58 | node_3 | INFO ] 🗣️ Gossiping aggregated model.
[ 2026-03-27 10:44:58 | node_6 | INFO ] 🗣️ Gossiping aggregated model.
[ 2026-03-27 10:44:58 | node_2 | INFO ] 🗣️ Gossiping aggregated model.
[ 2026-03-27 10:44:58 | node_9 | INFO ] 🧩 Model added for round 1 (10/10) from ['node_4']
[ 2026-03-27 10:44:58 | node_4 | INFO ] 🧠 Aggregation complete. Setting new model.
[ 2026-03-27 10:44:58 | node_9 | INFO ] 🧠 Aggregation complete. Setting new model.
[ 2026-03-27 10:44:59 | node_4 | INFO ] 🗣️ Gossiping aggregated model.
[ 2026-03-27 10:44:59 | node_4 | INFO ] 🤫 Gossip finished.
[ 2026-03-27 10:44:59 | node_4 | INFO ] 🔬 Evaluating...
[ 2026-03-27 10:44:59 | node_8 | INFO ] 🤫 Gossip finished.
[ 2026-03-27 10:44:59 | node_9 | INFO ] 🗣️ Gossiping aggregated model.
[ 2026-03-27 10:44:59 | node_9 | INFO ] 🤫 Gossip finished.
[ 2026-03-27 10:44:59 | node_8 | INFO ] 🔬 Evaluating...
[ 2026-03-27 10:44:59 | node_9 | INFO ] 🔬 Evaluating...
[ 2026-03-27 10:44:59 | node_1 | INFO ] 🤫 Gossip finished.
[ 2026-03-27 10:44:59 | node | INFO ] 🤫 Gossip finished.
[ 2026-03-27 10:44:59 | node_1 | INFO ] 🔬 Evaluating...
[ 2026-03-27 10:44:59 | node | INFO ] 🔬 Evaluating...
[ 2026-03-27 10:44:59 | node_4 | INFO ] 📈 Evaluated. Results: {'test_loss': 2.458909034729004, 'test_acc': 0.05099150165915489, 'test_precision': 0.13519494235515594, 'test_recall': 0.02919125184416771, 'test_f1': 0.02871035225689411, 'communication_cost': 16936668}
[ 2026-03-27 10:44:59 | node_4 | INFO ] 📢 Broadcasting metrics.
[ 2026-03-27 10:44:59 | node_5 | INFO ] 🤫 Gossip finished.
[ 2026-03-27 10:44:59 | node_9 | INFO ] 📈 Evaluated. Results: {'test_loss': 1.1900970935821533, 'test_acc': 0.7957244515419006, 'test_precision': 0.2760095000267029, 'test_recall': 0.2505391538143158, 'test_f1': 0.2557165026664734, 'communication_cost': 25405002}
[ 2026-03-27 10:44:59 | node_5 | INFO ] 🔬 Evaluating...
[ 2026-03-27 10:44:59 | node_9 | INFO ] 📢 Broadcasting metrics.
[ 2026-03-27 10:44:59 | node_8 | INFO ] 📈 Evaluated. Results: {'test_loss': 1.8040556907653809, 'test_acc': 0.3260473608970642, 'test_precision': 0.16000521183013916, 'test_recall': 0.07312314212322235, 'test_f1': 0.08278582245111465, 'communication_cost': 19759446}
[ 2026-03-27 10:44:59 | node_7 | INFO ] 🤫 Gossip finished.
[ 2026-03-27 10:44:59 | node_8 | INFO ] 📢 Broadcasting metrics.
[ 2026-03-27 10:44:59 | node_7 | INFO ] 🔬 Evaluating...
[ 2026-03-27 10:44:59 | node_1 | INFO ] 📈 Evaluated. Results: {'test_loss': 2.2572152614593506, 'test_acc': 0.1351909190416336, 'test_precision': 0.14528480172157288, 'test_recall': 0.02856905572116375, 'test_f1': 0.03704531863331795, 'communication_cost': 22582224}
[ 2026-03-27 10:44:59 | node_1 | INFO ] 📢 Broadcasting metrics.
[ 2026-03-27 10:44:59 | node_5 | INFO ] 📈 Evaluated. Results: {'test_loss': 0.7537037134170532, 'test_acc': 0.8502140045166016, 'test_precision': 0.2683916985988617, 'test_recall': 0.2471030056476593, 'test_f1': 0.2567426264286041, 'communication_cost': 22582224}
[ 2026-03-27 10:44:59 | node_4 | INFO ] 🎉 Round 2 of 10 finished.
[ 2026-03-27 10:44:59 | node_5 | INFO ] 📢 Broadcasting metrics.
[ 2026-03-27 10:44:59 | node_4 | INFO ] 🗳️ [DETERMINISTIC] Train set assigned (No Voting). Size: 10
[ 2026-03-27 10:44:59 | node_4 | INFO ] 🏋️‍♀️ Preparing training...
[ 2026-03-27 10:44:59 | node_8 | INFO ] 🎉 Round 2 of 10 finished.
[ 2026-03-27 10:44:59 | node | INFO ] 📈 Evaluated. Results: {'test_loss': 2.238753080368042, 'test_acc': 0.4383735656738281, 'test_precision': 0.15758751332759857, 'test_recall': 0.08023981004953384, 'test_f1': 0.09347707033157349, 'communication_cost': 25405002}
[ 2026-03-27 10:44:59 | node_7 | INFO ] 📈 Evaluated. Results: {'test_loss': 2.1770806312561035, 'test_acc': 0.22862128913402557, 'test_precision': 0.13651646673679352, 'test_recall': 0.036968182772397995, 'test_f1': 0.05215400457382202, 'communication_cost': 19759446}
[ 2026-03-27 10:44:59 | node | INFO ] 📢 Broadcasting metrics.
[ 2026-03-27 10:44:59 | node_8 | INFO ] 🗳️ [DETERMINISTIC] Train set assigned (No Voting). Size: 10
[ 2026-03-27 10:44:59 | node_7 | INFO ] 📢 Broadcasting metrics.
[ 2026-03-27 10:44:59 | node_2 | INFO ] 🤫 Gossip finished.
[ 2026-03-27 10:44:59 | node_8 | INFO ] 🏋️‍♀️ Preparing training...
[ 2026-03-27 10:44:59 | node_2 | INFO ] 🔬 Evaluating...
[ 2026-03-27 10:44:59 | node_3 | INFO ] 🤫 Gossip finished.
[ 2026-03-27 10:44:59 | node_6 | INFO ] 🤫 Gossip finished.
[ 2026-03-27 10:44:59 | node_9 | INFO ] 🎉 Round 2 of 10 finished.
[ 2026-03-27 10:44:59 | node_3 | INFO ] 🔬 Evaluating...
[ 2026-03-27 10:44:59 | node_6 | INFO ] 🔬 Evaluating...
[ 2026-03-27 10:44:59 | node_9 | INFO ] 🗳️ [DETERMINISTIC] Train set assigned (No Voting). Size: 10
[ 2026-03-27 10:44:59 | node_9 | INFO ] 🏋️‍♀️ Preparing training...
[ 2026-03-27 10:45:00 | node_1 | INFO ] 🎉 Round 2 of 10 finished.
[ 2026-03-27 10:45:00 | node_1 | INFO ] 🗳️ [DETERMINISTIC] Train set assigned (No Voting). Size: 10
[ 2026-03-27 10:45:00 | node_5 | INFO ] 🎉 Round 2 of 10 finished.
[ 2026-03-27 10:45:00 | node_5 | INFO ] 🗳️ [DETERMINISTIC] Train set assigned (No Voting). Size: 10
[ 2026-03-27 10:45:00 | node_1 | INFO ] 🏋️‍♀️ Preparing training...
[ 2026-03-27 10:45:00 | node_5 | INFO ] 🏋️‍♀️ Preparing training...
[ 2026-03-27 10:45:00 | node_7 | INFO ] 🎉 Round 2 of 10 finished.
[ 2026-03-27 10:45:00 | node_2 | INFO ] 📈 Evaluated. Results: {'test_loss': 2.1171557903289795, 'test_acc': 0.1099843978881836, 'test_precision': 0.1519550234079361, 'test_recall': 0.018382588401436806, 'test_f1': 0.029043033719062805, 'communication_cost': 25405002}
[ 2026-03-27 10:45:00 | node_2 | INFO ] 📢 Broadcasting metrics.
[ 2026-03-27 10:45:00 | node_7 | INFO ] 🗳️ [DETERMINISTIC] Train set assigned (No Voting). Size: 10
[ 2026-03-27 10:45:00 | node_7 | INFO ] 🏋️‍♀️ Preparing training...
[ 2026-03-27 10:45:00 | node | INFO ] 🎉 Round 2 of 10 finished.
[ 2026-03-27 10:45:00 | node_6 | INFO ] 📈 Evaluated. Results: {'test_loss': 2.351029634475708, 'test_acc': 0.029157666489481926, 'test_precision': 0.10695553570985794, 'test_recall': 0.006171930581331253, 'test_f1': 0.010697065852582455, 'communication_cost': 22582224}
[ 2026-03-27 10:45:00 | node_6 | INFO ] 📢 Broadcasting metrics.
[ 2026-03-27 10:45:00 | node | INFO ] 🗳️ [DETERMINISTIC] Train set assigned (No Voting). Size: 10
[ 2026-03-27 10:45:00 | node | INFO ] 🏋️‍♀️ Preparing training...
[ 2026-03-27 10:45:00 | node_3 | INFO ] 📈 Evaluated. Results: {'test_loss': 2.100200891494751, 'test_acc': 0.26647427678108215, 'test_precision': 0.09777691960334778, 'test_recall': 0.05957282334566116, 'test_f1': 0.0649232566356659, 'communication_cost': 25405002}
[ 2026-03-27 10:45:00 | node_3 | INFO ] 📢 Broadcasting metrics.
[ 2026-03-27 10:45:00 | node_6 | INFO ] 🎉 Round 2 of 10 finished.
[ 2026-03-27 10:45:00 | node_6 | INFO ] 🗳️ [DETERMINISTIC] Train set assigned (No Voting). Size: 10
[ 2026-03-27 10:45:00 | node_2 | INFO ] 🎉 Round 2 of 10 finished.
[ 2026-03-27 10:45:00 | node_6 | INFO ] 🏋️‍♀️ Preparing training...
[ 2026-03-27 10:45:00 | node_2 | INFO ] 🗳️ [DETERMINISTIC] Train set assigned (No Voting). Size: 10
[ 2026-03-27 10:45:00 | node_2 | INFO ] 🏋️‍♀️ Preparing training...
[ 2026-03-27 10:45:01 | node | INFO ] 🎓 Training step done.
[ 2026-03-27 10:45:01 | node | INFO ] 🛠️ Calling force_add_local_model...
[ 2026-03-27 10:45:01 | node | INFO ] ✅ [FORCE] Local model added for round 2. (1/10)
[ 2026-03-27 10:45:01 | node_3 | INFO ] 🎉 Round 2 of 10 finished.
[ 2026-03-27 10:45:01 | node_3 | INFO ] 🗳️ [DETERMINISTIC] Train set assigned (No Voting). Size: 10
[ 2026-03-27 10:45:01 | node_3 | INFO ] 🏋️‍♀️ Preparing training...
[ 2026-03-27 10:45:01 | node_3 | INFO ] 🎓 Training step done.
[ 2026-03-27 10:45:01 | node_3 | INFO ] 🛠️ Calling force_add_local_model...
[ 2026-03-27 10:45:01 | node_3 | INFO ] ✅ [FORCE] Local model added for round 2. (1/10)
[ 2026-03-27 10:45:02 | node_1 | INFO ] 🎓 Training step done.
[ 2026-03-27 10:45:02 | node_1 | INFO ] 🛠️ Calling force_add_local_model...
[ 2026-03-27 10:45:02 | node_1 | INFO ] ✅ [FORCE] Local model added for round 2. (1/9)
[ 2026-03-27 10:45:02 | node_9 | INFO ] 🎓 Training step done.
[ 2026-03-27 10:45:02 | node_9 | INFO ] 🛠️ Calling force_add_local_model...
[ 2026-03-27 10:45:02 | node_8 | INFO ] 🎓 Training step done.
[ 2026-03-27 10:45:02 | node_9 | INFO ] ✅ [FORCE] Local model added for round 2. (1/10)
[ 2026-03-27 10:45:02 | node_8 | INFO ] 🛠️ Calling force_add_local_model...
[ 2026-03-27 10:45:02 | node_8 | INFO ] ✅ [FORCE] Local model added for round 2. (1/8)
[ 2026-03-27 10:45:02 | node_7 | INFO ] 🎓 Training step done.
[ 2026-03-27 10:45:02 | node_7 | INFO ] 🛠️ Calling force_add_local_model...
[ 2026-03-27 10:45:02 | node_7 | INFO ] ✅ [FORCE] Local model added for round 2. (1/8)
[ 2026-03-27 10:45:02 | node_5 | INFO ] 🎓 Training step done.
[ 2026-03-27 10:45:02 | node_5 | INFO ] 🛠️ Calling force_add_local_model...
[ 2026-03-27 10:45:02 | node_5 | INFO ] ✅ [FORCE] Local model added for round 2. (1/9)
[ 2026-03-27 10:45:03 | node_2 | INFO ] 🎓 Training step done.
[ 2026-03-27 10:45:03 | node_2 | INFO ] 🛠️ Calling force_add_local_model...
[ 2026-03-27 10:45:03 | node_2 | INFO ] ✅ [FORCE] Local model added for round 2. (1/10)
[ 2026-03-27 10:45:03 | node_6 | INFO ] 🎓 Training step done.
[ 2026-03-27 10:45:03 | node_6 | INFO ] 🛠️ Calling force_add_local_model...
[ 2026-03-27 10:45:03 | node_6 | INFO ] ✅ [FORCE] Local model added for round 2. (1/9)
[ 2026-03-27 10:45:05 | node_4 | INFO ] 🎓 Training step done.
[ 2026-03-27 10:45:05 | node_4 | INFO ] 🛠️ Calling force_add_local_model...
[ 2026-03-27 10:45:05 | node_4 | INFO ] ✅ [FORCE] Local model added for round 2. (1/7)
[ 2026-03-27 10:45:06 | node | INFO ] 📤 Sending model to 9 direct neighbors: ['node_1', 'node_2', 'node_3', 'node_4', 'node_5', 'node_6', 'node_7', 'node_8', 'node_9']
[ 2026-03-27 10:45:06 | node_1 | INFO ] 🧩 Model added for round 2 (2/9) from ['node']
[ 2026-03-27 10:45:06 | node_2 | INFO ] 🧩 Model added for round 2 (2/10) from ['node']
[ 2026-03-27 10:45:06 | node_3 | INFO ] 🧩 Model added for round 2 (2/10) from ['node']
[ 2026-03-27 10:45:06 | node_4 | INFO ] 🧩 Model added for round 2 (2/7) from ['node']
[ 2026-03-27 10:45:06 | node_5 | INFO ] 🧩 Model added for round 2 (2/9) from ['node']
[ 2026-03-27 10:45:06 | node_6 | INFO ] 🧩 Model added for round 2 (2/9) from ['node']
[ 2026-03-27 10:45:06 | node_7 | INFO ] 🧩 Model added for round 2 (2/8) from ['node']
[ 2026-03-27 10:45:06 | node_8 | INFO ] 🧩 Model added for round 2 (2/8) from ['node']
[ 2026-03-27 10:45:06 | node_9 | INFO ] 🧩 Model added for round 2 (2/10) from ['node']
[ 2026-03-27 10:45:06 | node_3 | INFO ] 📤 Sending model to 9 direct neighbors: ['node', 'node_1', 'node_2', 'node_4', 'node_5', 'node_6', 'node_7', 'node_8', 'node_9']
[ 2026-03-27 10:45:07 | node_1 | INFO ] 📤 Sending model to 8 direct neighbors: ['node', 'node_2', 'node_3', 'node_4', 'node_5', 'node_6', 'node_8', 'node_9']
[ 2026-03-27 10:45:07 | node | INFO ] 🧩 Model added for round 2 (2/10) from ['node_3']
[ 2026-03-27 10:45:07 | node | INFO ] 🧩 Model added for round 2 (3/10) from ['node_1']
[ 2026-03-27 10:45:07 | node_9 | INFO ] 📤 Sending model to 9 direct neighbors: ['node', 'node_1', 'node_2', 'node_3', 'node_4', 'node_5', 'node_6', 'node_7', 'node_8']
[ 2026-03-27 10:45:07 | node_8 | INFO ] 📤 Sending model to 7 direct neighbors: ['node', 'node_1', 'node_2', 'node_3', 'node_5', 'node_7', 'node_9']
[ 2026-03-27 10:45:07 | node | INFO ] 🧩 Model added for round 2 (4/10) from ['node_9']
[ 2026-03-27 10:45:07 | node | INFO ] 🧩 Model added for round 2 (5/10) from ['node_8']
[ 2026-03-27 10:45:07 | node_7 | INFO ] 📤 Sending model to 7 direct neighbors: ['node', 'node_2', 'node_3', 'node_5', 'node_6', 'node_8', 'node_9']
[ 2026-03-27 10:45:07 | node_1 | INFO ] 🧩 Model added for round 2 (3/9) from ['node_3']
[ 2026-03-27 10:45:07 | node_2 | INFO ] 🧩 Model added for round 2 (3/10) from ['node_1']
[ 2026-03-27 10:45:07 | node | INFO ] 🧩 Model added for round 2 (6/10) from ['node_7']
[ 2026-03-27 10:45:07 | node_1 | INFO ] 🧩 Model added for round 2 (4/9) from ['node_9']
[ 2026-03-27 10:45:07 | node_2 | INFO ] 🧩 Model added for round 2 (4/10) from ['node_3']
[ 2026-03-27 10:45:07 | node_1 | INFO ] 🧩 Model added for round 2 (5/9) from ['node_8']
[ 2026-03-27 10:45:07 | node_3 | INFO ] 🧩 Model added for round 2 (3/10) from ['node_1']
[ 2026-03-27 10:45:07 | node_2 | INFO ] 🧩 Model added for round 2 (5/10) from ['node_7']
[ 2026-03-27 10:45:07 | node_5 | INFO ] 📤 Sending model to 8 direct neighbors: ['node', 'node_1', 'node_2', 'node_3', 'node_6', 'node_7', 'node_8', 'node_9']
[ 2026-03-27 10:45:07 | node_2 | INFO ] 🧩 Model added for round 2 (6/10) from ['node_9']
[ 2026-03-27 10:45:07 | node | INFO ] 🧩 Model added for round 2 (7/10) from ['node_5']
[ 2026-03-27 10:45:07 | node_2 | INFO ] 🧩 Model added for round 2 (7/10) from ['node_8']
[ 2026-03-27 10:45:07 | node_4 | INFO ] 🧩 Model added for round 2 (3/7) from ['node_1']
[ 2026-03-27 10:45:08 | node_4 | INFO ] 🧩 Model added for round 2 (4/7) from ['node_3']
[ 2026-03-27 10:45:08 | node_3 | INFO ] 🧩 Model added for round 2 (4/10) from ['node_7']
[ 2026-03-27 10:45:08 | node_3 | INFO ] 🧩 Model added for round 2 (5/10) from ['node_9']
[ 2026-03-27 10:45:08 | node_5 | INFO ] 🧩 Model added for round 2 (3/9) from ['node_1']
[ 2026-03-27 10:45:08 | node_1 | INFO ] 🧩 Model added for round 2 (6/9) from ['node_5']
[ 2026-03-27 10:45:08 | node_3 | INFO ] 🧩 Model added for round 2 (6/10) from ['node_8']
[ 2026-03-27 10:45:08 | node_5 | INFO ] 🧩 Model added for round 2 (4/9) from ['node_3']
[ 2026-03-27 10:45:08 | node_5 | INFO ] 🧩 Model added for round 2 (5/9) from ['node_7']
[ 2026-03-27 10:45:08 | node_6 | INFO ] 🧩 Model added for round 2 (3/9) from ['node_1']
[ 2026-03-27 10:45:08 | node_2 | INFO ] 🧩 Model added for round 2 (8/10) from ['node_5']
[ 2026-03-27 10:45:08 | node_2 | INFO ] 📤 Sending model to 9 direct neighbors: ['node', 'node_1', 'node_3', 'node_4', 'node_5', 'node_6', 'node_7', 'node_8', 'node_9']
[ 2026-03-27 10:45:08 | node_5 | INFO ] 🧩 Model added for round 2 (6/9) from ['node_8']
[ 2026-03-27 10:45:08 | node_6 | INFO ] 🧩 Model added for round 2 (4/9) from ['node_3']
[ 2026-03-27 10:45:08 | node_4 | INFO ] 🧩 Model added for round 2 (5/7) from ['node_9']
[ 2026-03-27 10:45:08 | node_6 | INFO ] 📤 Sending model to 8 direct neighbors: ['node', 'node_1', 'node_2', 'node_3', 'node_4', 'node_5', 'node_7', 'node_9']
[ 2026-03-27 10:45:08 | node_6 | INFO ] 🧩 Model added for round 2 (5/9) from ['node_7']
[ 2026-03-27 10:45:08 | node | INFO ] 🧩 Model added for round 2 (8/10) from ['node_2']
[ 2026-03-27 10:45:08 | node_8 | INFO ] 🧩 Model added for round 2 (3/8) from ['node_1']
[ 2026-03-27 10:45:08 | node_5 | INFO ] 🧩 Model added for round 2 (7/9) from ['node_9']
[ 2026-03-27 10:45:08 | node | INFO ] 🧩 Model added for round 2 (9/10) from ['node_6']
[ 2026-03-27 10:45:09 | node_3 | INFO ] 🧩 Model added for round 2 (7/10) from ['node_5']
[ 2026-03-27 10:45:09 | node_7 | INFO ] 🧩 Model added for round 2 (3/8) from ['node_3']
[ 2026-03-27 10:45:09 | node_7 | INFO ] 🧩 Model added for round 2 (4/8) from ['node_8']
[ 2026-03-27 10:45:09 | node_8 | INFO ] 🧩 Model added for round 2 (4/8) from ['node_7']
[ 2026-03-27 10:45:09 | node_1 | INFO ] 🧩 Model added for round 2 (7/9) from ['node_2']
[ 2026-03-27 10:45:09 | node_9 | INFO ] 🧩 Model added for round 2 (3/10) from ['node_1']
[ 2026-03-27 10:45:09 | node_9 | INFO ] 🧩 Model added for round 2 (4/10) from ['node_8']
[ 2026-03-27 10:45:09 | node_8 | INFO ] 🧩 Model added for round 2 (5/8) from ['node_3']
[ 2026-03-27 10:45:09 | node_6 | INFO ] 🧩 Model added for round 2 (6/9) from ['node_9']
[ 2026-03-27 10:45:09 | node_6 | INFO ] 🧩 Model added for round 2 (7/9) from ['node_5']
[ 2026-03-27 10:45:09 | node_1 | INFO ] 🧩 Model added for round 2 (8/9) from ['node_6']
[ 2026-03-27 10:45:09 | node_9 | INFO ] 🧩 Model added for round 2 (5/10) from ['node_7']
[ 2026-03-27 10:45:09 | node_3 | INFO ] 🧩 Model added for round 2 (8/10) from ['node_2']
[ 2026-03-27 10:45:09 | node_9 | INFO ] 🧩 Model added for round 2 (6/10) from ['node_3']
[ 2026-03-27 10:45:09 | node_7 | INFO ] 🧩 Model added for round 2 (5/8) from ['node_9']
[ 2026-03-27 10:45:09 | node_7 | INFO ] 🧩 Model added for round 2 (6/8) from ['node_5']
[ 2026-03-27 10:45:09 | node_4 | INFO ] 🧩 Model added for round 2 (6/7) from ['node_2']
[ 2026-03-27 10:45:09 | node_2 | INFO ] 🧩 Model added for round 2 (9/10) from ['node_6']
[ 2026-03-27 10:45:09 | node_8 | INFO ] 🧩 Model added for round 2 (6/8) from ['node_5']
[ 2026-03-27 10:45:09 | node_8 | INFO ] 🧩 Model added for round 2 (7/8) from ['node_9']
[ 2026-03-27 10:45:10 | node_5 | INFO ] 🧩 Model added for round 2 (8/9) from ['node_2']
[ 2026-03-27 10:45:10 | node_3 | INFO ] 🧩 Model added for round 2 (9/10) from ['node_6']
[ 2026-03-27 10:45:10 | node_9 | INFO ] 🧩 Model added for round 2 (7/10) from ['node_5']
[ 2026-03-27 10:45:10 | node_4 | INFO ] 📤 Sending model to 6 direct neighbors: ['node', 'node_1', 'node_2', 'node_3', 'node_6', 'node_9']
[ 2026-03-27 10:45:10 | node_6 | INFO ] 🧩 Model added for round 2 (8/9) from ['node_2']
[ 2026-03-27 10:45:10 | node | INFO ] 🧩 Model added for round 2 (10/10) from ['node_4']
[ 2026-03-27 10:45:10 | node_4 | INFO ] 🧩 Model added for round 2 (7/7) from ['node_6']
[ 2026-03-27 10:45:10 | node_7 | INFO ] 🧩 Model added for round 2 (7/8) from ['node_2']
[ 2026-03-27 10:45:10 | node_1 | INFO ] 🧩 Model added for round 2 (9/9) from ['node_4']
[ 2026-03-27 10:45:10 | node_5 | INFO ] 🧩 Model added for round 2 (9/9) from ['node_6']
[ 2026-03-27 10:45:10 | node_8 | INFO ] 🧩 Model added for round 2 (8/8) from ['node_2']
[ 2026-03-27 10:45:10 | node_5 | INFO ] 🧠 Aggregation complete. Setting new model.
[ 2026-03-27 10:45:10 | node | INFO ] 🧠 Aggregation complete. Setting new model.
[ 2026-03-27 10:45:10 | node_2 | INFO ] 🧩 Model added for round 2 (10/10) from ['node_4']
[ 2026-03-27 10:45:10 | node_7 | INFO ] 🧩 Model added for round 2 (8/8) from ['node_6']
[ 2026-03-27 10:45:11 | node_8 | INFO ] 🧠 Aggregation complete. Setting new model.
[ 2026-03-27 10:45:11 | node_1 | INFO ] 🧠 Aggregation complete. Setting new model.
[ 2026-03-27 10:45:11 | node_7 | INFO ] 🧠 Aggregation complete. Setting new model.
[ 2026-03-27 10:45:11 | node_5 | INFO ] 🗣️ Gossiping aggregated model.
[ 2026-03-27 10:45:11 | node | INFO ] 🗣️ Gossiping aggregated model.
[ 2026-03-27 10:45:11 | node_8 | INFO ] 🗣️ Gossiping aggregated model.
[ 2026-03-27 10:45:11 | node_7 | INFO ] 🗣️ Gossiping aggregated model.
[ 2026-03-27 10:45:11 | node_1 | INFO ] 🗣️ Gossiping aggregated model.
[ 2026-03-27 10:45:11 | node_9 | INFO ] 🧩 Model added for round 2 (8/10) from ['node_2']
[ 2026-03-27 10:45:11 | node_3 | INFO ] 🧩 Model added for round 2 (10/10) from ['node_4']
[ 2026-03-27 10:45:11 | node_9 | INFO ] 🧩 Model added for round 2 (9/10) from ['node_6']
[ 2026-03-27 10:45:11 | node_6 | INFO ] 🧩 Model added for round 2 (9/9) from ['node_4']
[ 2026-03-27 10:45:11 | node_3 | INFO ] 🧠 Aggregation complete. Setting new model.
[ 2026-03-27 10:45:11 | node_2 | INFO ] 🧠 Aggregation complete. Setting new model.
[ 2026-03-27 10:45:11 | node_6 | INFO ] 🧠 Aggregation complete. Setting new model.
[ 2026-03-27 10:45:12 | node_6 | INFO ] 🗣️ Gossiping aggregated model.
[ 2026-03-27 10:45:12 | node_2 | INFO ] 🗣️ Gossiping aggregated model.
[ 2026-03-27 10:45:12 | node_3 | INFO ] 🗣️ Gossiping aggregated model.
[ 2026-03-27 10:45:12 | node_9 | INFO ] 🧩 Model added for round 2 (10/10) from ['node_4']
[ 2026-03-27 10:45:12 | node_9 | INFO ] 🧠 Aggregation complete. Setting new model.
[ 2026-03-27 10:45:12 | node_4 | INFO ] 🧠 Aggregation complete. Setting new model.
[ 2026-03-27 10:45:12 | node_4 | INFO ] 🗣️ Gossiping aggregated model.
[ 2026-03-27 10:45:12 | node_4 | INFO ] 🤫 Gossip finished.
[ 2026-03-27 10:45:12 | node_4 | INFO ] 🔬 Evaluating...
[ 2026-03-27 10:45:12 | node_5 | INFO ] 🤫 Gossip finished.
[ 2026-03-27 10:45:12 | node_5 | INFO ] 🔬 Evaluating...
[ 2026-03-27 10:45:12 | node_9 | INFO ] 🗣️ Gossiping aggregated model.
[ 2026-03-27 10:45:12 | node_9 | INFO ] 🤫 Gossip finished.
[ 2026-03-27 10:45:12 | node_9 | INFO ] 🔬 Evaluating...
[ 2026-03-27 10:45:12 | node | INFO ] 🤫 Gossip finished.
[ 2026-03-27 10:45:12 | node | INFO ] 🔬 Evaluating...
[ 2026-03-27 10:45:12 | node_8 | INFO ] 🤫 Gossip finished.
[ 2026-03-27 10:45:12 | node_7 | INFO ] 🤫 Gossip finished.
[ 2026-03-27 10:45:12 | node_1 | INFO ] 🤫 Gossip finished.
[ 2026-03-27 10:45:12 | node_7 | INFO ] 🔬 Evaluating...
[ 2026-03-27 10:45:12 | node_1 | INFO ] 🔬 Evaluating...
[ 2026-03-27 10:45:12 | node_8 | INFO ] 🔬 Evaluating...
[ 2026-03-27 10:45:12 | node_4 | INFO ] 📈 Evaluated. Results: {'test_loss': 1.7937917709350586, 'test_acc': 0.11898016929626465, 'test_precision': 0.2189936637878418, 'test_recall': 0.050192058086395264, 'test_f1': 0.067496657371521, 'communication_cost': 22580172}
[ 2026-03-27 10:45:12 | node_4 | INFO ] 📢 Broadcasting metrics.
[ 2026-03-27 10:45:12 | node_9 | INFO ] 📈 Evaluated. Results: {'test_loss': 0.5876437425613403, 'test_acc': 0.826603353023529, 'test_precision': 0.49231407046318054, 'test_recall': 0.45547255873680115, 'test_f1': 0.46330124139785767, 'communication_cost': 33870258}
[ 2026-03-27 10:45:12 | node_9 | INFO ] 📢 Broadcasting metrics.
[ 2026-03-27 10:45:12 | node_5 | INFO ] 📈 Evaluated. Results: {'test_loss': 0.4196586310863495, 'test_acc': 0.8659058213233948, 'test_precision': 0.417807012796402, 'test_recall': 0.4052343964576721, 'test_f1': 0.403333455324173, 'communication_cost': 30106896}
[ 2026-03-27 10:45:12 | node_5 | INFO ] 📢 Broadcasting metrics.
[ 2026-03-27 10:45:13 | node_8 | INFO ] 📈 Evaluated. Results: {'test_loss': 1.3814855813980103, 'test_acc': 0.5300546288490295, 'test_precision': 0.23992283642292023, 'test_recall': 0.190516397356987, 'test_f1': 0.21021738648414612, 'communication_cost': 26343534}
[ 2026-03-27 10:45:13 | node_8 | INFO ] 📢 Broadcasting metrics.
[ 2026-03-27 10:45:13 | node_1 | INFO ] 📈 Evaluated. Results: {'test_loss': 2.117810010910034, 'test_acc': 0.1351909190416336, 'test_precision': 0.14813032746315002, 'test_recall': 0.03485243394970894, 'test_f1': 0.041156377643346786, 'communication_cost': 30106896}
[ 2026-03-27 10:45:13 | node_1 | INFO ] 📢 Broadcasting metrics.
[ 2026-03-27 10:45:13 | node_7 | INFO ] 📈 Evaluated. Results: {'test_loss': 1.952205777168274, 'test_acc': 0.2521815001964569, 'test_precision': 0.20106375217437744, 'test_recall': 0.057885028421878815, 'test_f1': 0.0859718918800354, 'communication_cost': 26343534}
[ 2026-03-27 10:45:13 | node_7 | INFO ] 📢 Broadcasting metrics.
[ 2026-03-27 10:45:13 | node_4 | INFO ] 🎉 Round 3 of 10 finished.
[ 2026-03-27 10:45:13 | node_3 | INFO ] 🤫 Gossip finished.
[ 2026-03-27 10:45:13 | node_4 | INFO ] 🗳️ [DETERMINISTIC] Train set assigned (No Voting). Size: 10
[ 2026-03-27 10:45:13 | node_6 | INFO ] 🤫 Gossip finished.
[ 2026-03-27 10:45:13 | node_3 | INFO ] 🔬 Evaluating...
[ 2026-03-27 10:45:13 | node_6 | INFO ] 🔬 Evaluating...
[ 2026-03-27 10:45:13 | node | INFO ] 📈 Evaluated. Results: {'test_loss': 2.6282002925872803, 'test_acc': 0.13786530494689941, 'test_precision': 0.14758700132369995, 'test_recall': 0.03883914276957512, 'test_f1': 0.04923173785209656, 'communication_cost': 33870258}
[ 2026-03-27 10:45:13 | node_4 | INFO ] 🏋️‍♀️ Preparing training...
[ 2026-03-27 10:45:13 | node_2 | INFO ] 🤫 Gossip finished.
[ 2026-03-27 10:45:13 | node | INFO ] 📢 Broadcasting metrics.
[ 2026-03-27 10:45:13 | node_2 | INFO ] 🔬 Evaluating...
[ 2026-03-27 10:45:13 | node_5 | INFO ] 🎉 Round 3 of 10 finished.
[ 2026-03-27 10:45:13 | node_8 | INFO ] 🎉 Round 3 of 10 finished.
[ 2026-03-27 10:45:13 | node_8 | INFO ] 🗳️ [DETERMINISTIC] Train set assigned (No Voting). Size: 10
[ 2026-03-27 10:45:13 | node_5 | INFO ] 🗳️ [DETERMINISTIC] Train set assigned (No Voting). Size: 10
[ 2026-03-27 10:45:13 | node_8 | INFO ] 🏋️‍♀️ Preparing training...
[ 2026-03-27 10:45:13 | node_5 | INFO ] 🏋️‍♀️ Preparing training...
[ 2026-03-27 10:45:13 | node_9 | INFO ] 🎉 Round 3 of 10 finished.
[ 2026-03-27 10:45:13 | node_9 | INFO ] 🗳️ [DETERMINISTIC] Train set assigned (No Voting). Size: 10
[ 2026-03-27 10:45:13 | node_6 | INFO ] 📈 Evaluated. Results: {'test_loss': 3.0328736305236816, 'test_acc': 0.03131749480962753, 'test_precision': 0.037249259650707245, 'test_recall': 0.007115986663848162, 'test_f1': 0.01085744984447956, 'communication_cost': 30106896}
[ 2026-03-27 10:45:13 | node_9 | INFO ] 🏋️‍♀️ Preparing training...
[ 2026-03-27 10:45:13 | node_6 | INFO ] 📢 Broadcasting metrics.
[ 2026-03-27 10:45:13 | node_1 | INFO ] 🎉 Round 3 of 10 finished.
[ 2026-03-27 10:45:13 | node_1 | INFO ] 🗳️ [DETERMINISTIC] Train set assigned (No Voting). Size: 10
[ 2026-03-27 10:45:13 | node_7 | INFO ] 🎉 Round 3 of 10 finished.
[ 2026-03-27 10:45:13 | node_1 | INFO ] 🏋️‍♀️ Preparing training...
[ 2026-03-27 10:45:13 | node_7 | INFO ] 🗳️ [DETERMINISTIC] Train set assigned (No Voting). Size: 10
[ 2026-03-27 10:45:13 | node_7 | INFO ] 🏋️‍♀️ Preparing training...
[ 2026-03-27 10:45:13 | node_2 | INFO ] 📈 Evaluated. Results: {'test_loss': 1.9278467893600464, 'test_acc': 0.24648985266685486, 'test_precision': 0.15628856420516968, 'test_recall': 0.04198335483670235, 'test_f1': 0.06233259290456772, 'communication_cost': 33870258}
[ 2026-03-27 10:45:13 | node_2 | INFO ] 📢 Broadcasting metrics.
[ 2026-03-27 10:45:14 | node | INFO ] 🎉 Round 3 of 10 finished.
[ 2026-03-27 10:45:14 | node_3 | INFO ] 📈 Evaluated. Results: {'test_loss': 2.057494640350342, 'test_acc': 0.31457430124282837, 'test_precision': 0.11262604594230652, 'test_recall': 0.07727799564599991, 'test_f1': 0.08375962823629379, 'communication_cost': 33870258}
[ 2026-03-27 10:45:14 | node_3 | INFO ] 📢 Broadcasting metrics.
[ 2026-03-27 10:45:14 | node | INFO ] 🗳️ [DETERMINISTIC] Train set assigned (No Voting). Size: 10
[ 2026-03-27 10:45:14 | node | INFO ] 🏋️‍♀️ Preparing training...
[ 2026-03-27 10:45:14 | node_6 | INFO ] 🎉 Round 3 of 10 finished.
[ 2026-03-27 10:45:14 | node_6 | INFO ] 🗳️ [DETERMINISTIC] Train set assigned (No Voting). Size: 10
[ 2026-03-27 10:45:14 | node_6 | INFO ] 🏋️‍♀️ Preparing training...
[ 2026-03-27 10:45:14 | node_2 | INFO ] 🎉 Round 3 of 10 finished.
[ 2026-03-27 10:45:14 | node_2 | INFO ] 🗳️ [DETERMINISTIC] Train set assigned (No Voting). Size: 10
[ 2026-03-27 10:45:14 | node_2 | INFO ] 🏋️‍♀️ Preparing training...
[ 2026-03-27 10:45:14 | node | INFO ] 🎓 Training step done.
[ 2026-03-27 10:45:14 | node | INFO ] 🛠️ Calling force_add_local_model...
[ 2026-03-27 10:45:14 | node | INFO ] ✅ [FORCE] Local model added for round 3. (1/10)
[ 2026-03-27 10:45:14 | node_3 | INFO ] 🎉 Round 3 of 10 finished.
[ 2026-03-27 10:45:14 | node_3 | INFO ] 🗳️ [DETERMINISTIC] Train set assigned (No Voting). Size: 10
[ 2026-03-27 10:45:14 | node_3 | INFO ] 🏋️‍♀️ Preparing training...
[ 2026-03-27 10:45:15 | node_3 | INFO ] 🎓 Training step done.
[ 2026-03-27 10:45:15 | node_3 | INFO ] 🛠️ Calling force_add_local_model...
[ 2026-03-27 10:45:15 | node_3 | INFO ] ✅ [FORCE] Local model added for round 3. (1/10)
[ 2026-03-27 10:45:15 | node_1 | INFO ] 🎓 Training step done.
[ 2026-03-27 10:45:15 | node_1 | INFO ] 🛠️ Calling force_add_local_model...
[ 2026-03-27 10:45:15 | node_1 | INFO ] ✅ [FORCE] Local model added for round 3. (1/9)
[ 2026-03-27 10:45:15 | node_8 | INFO ] 🎓 Training step done.
[ 2026-03-27 10:45:15 | node_8 | INFO ] 🛠️ Calling force_add_local_model...
[ 2026-03-27 10:45:15 | node_8 | INFO ] ✅ [FORCE] Local model added for round 3. (1/8)
[ 2026-03-27 10:45:15 | node_7 | INFO ] 🎓 Training step done.
[ 2026-03-27 10:45:15 | node_7 | INFO ] 🛠️ Calling force_add_local_model...
[ 2026-03-27 10:45:15 | node_7 | INFO ] ✅ [FORCE] Local model added for round 3. (1/8)
[ 2026-03-27 10:45:15 | node_9 | INFO ] 🎓 Training step done.
[ 2026-03-27 10:45:15 | node_9 | INFO ] 🛠️ Calling force_add_local_model...
[ 2026-03-27 10:45:15 | node_9 | INFO ] ✅ [FORCE] Local model added for round 3. (1/10)
[ 2026-03-27 10:45:16 | node_5 | INFO ] 🎓 Training step done.
[ 2026-03-27 10:45:16 | node_5 | INFO ] 🛠️ Calling force_add_local_model...
[ 2026-03-27 10:45:16 | node_5 | INFO ] ✅ [FORCE] Local model added for round 3. (1/9)
[ 2026-03-27 10:45:16 | node_2 | INFO ] 🎓 Training step done.
[ 2026-03-27 10:45:16 | node_2 | INFO ] 🛠️ Calling force_add_local_model...
[ 2026-03-27 10:45:16 | node_2 | INFO ] ✅ [FORCE] Local model added for round 3. (1/10)
[ 2026-03-27 10:45:17 | node_6 | INFO ] 🎓 Training step done.
[ 2026-03-27 10:45:17 | node_6 | INFO ] 🛠️ Calling force_add_local_model...
[ 2026-03-27 10:45:17 | node_6 | INFO ] ✅ [FORCE] Local model added for round 3. (1/9)
[ 2026-03-27 10:45:18 | node_4 | INFO ] 🎓 Training step done.
[ 2026-03-27 10:45:18 | node_4 | INFO ] 🛠️ Calling force_add_local_model...
[ 2026-03-27 10:45:18 | node_4 | INFO ] ✅ [FORCE] Local model added for round 3. (1/7)
[ 2026-03-27 10:45:19 | node | INFO ] 📤 Sending model to 9 direct neighbors: ['node_1', 'node_2', 'node_3', 'node_4', 'node_5', 'node_6', 'node_7', 'node_8', 'node_9']
[ 2026-03-27 10:45:19 | node_1 | INFO ] 🧩 Model added for round 3 (2/9) from ['node']
[ 2026-03-27 10:45:19 | node_2 | INFO ] 🧩 Model added for round 3 (2/10) from ['node']
[ 2026-03-27 10:45:19 | node_3 | INFO ] 🧩 Model added for round 3 (2/10) from ['node']
[ 2026-03-27 10:45:20 | node_4 | INFO ] 🧩 Model added for round 3 (2/7) from ['node']
[ 2026-03-27 10:45:20 | node_5 | INFO ] 🧩 Model added for round 3 (2/9) from ['node']
[ 2026-03-27 10:45:20 | node_3 | INFO ] 📤 Sending model to 9 direct neighbors: ['node', 'node_1', 'node_2', 'node_4', 'node_5', 'node_6', 'node_7', 'node_8', 'node_9']
[ 2026-03-27 10:45:20 | node_1 | INFO ] 📤 Sending model to 8 direct neighbors: ['node', 'node_2', 'node_3', 'node_4', 'node_5', 'node_6', 'node_8', 'node_9']
[ 2026-03-27 10:45:20 | node | INFO ] 🧩 Model added for round 3 (2/10) from ['node_1']
[ 2026-03-27 10:45:20 | node | INFO ] 🧩 Model added for round 3 (3/10) from ['node_3']
[ 2026-03-27 10:45:20 | node_6 | INFO ] 🧩 Model added for round 3 (2/9) from ['node']
[ 2026-03-27 10:45:20 | node_1 | INFO ] 🧩 Model added for round 3 (3/9) from ['node_3']
[ 2026-03-27 10:45:20 | node_2 | INFO ] 🧩 Model added for round 3 (3/10) from ['node_1']
[ 2026-03-27 10:45:20 | node_8 | INFO ] 📤 Sending model to 7 direct neighbors: ['node', 'node_1', 'node_2', 'node_3', 'node_5', 'node_7', 'node_9']
[ 2026-03-27 10:45:20 | node_7 | INFO ] 🧩 Model added for round 3 (2/8) from ['node']
[ 2026-03-27 10:45:20 | node_7 | INFO ] 📤 Sending model to 7 direct neighbors: ['node', 'node_2', 'node_3', 'node_5', 'node_6', 'node_8', 'node_9']
[ 2026-03-27 10:45:20 | node | INFO ] 🧩 Model added for round 3 (4/10) from ['node_8']
[ 2026-03-27 10:45:20 | node | INFO ] 🧩 Model added for round 3 (5/10) from ['node_7']
[ 2026-03-27 10:45:20 | node_8 | INFO ] 🧩 Model added for round 3 (2/8) from ['node']
[ 2026-03-27 10:45:20 | node_2 | INFO ] 🧩 Model added for round 3 (4/10) from ['node_3']
[ 2026-03-27 10:45:20 | node_9 | INFO ] 📤 Sending model to 9 direct neighbors: ['node', 'node_1', 'node_2', 'node_3', 'node_4', 'node_5', 'node_6', 'node_7', 'node_8']
[ 2026-03-27 10:45:20 | node_3 | INFO ] 🧩 Model added for round 3 (3/10) from ['node_1']
[ 2026-03-27 10:45:20 | node_1 | INFO ] 🧩 Model added for round 3 (4/9) from ['node_8']
[ 2026-03-27 10:45:21 | node | INFO ] 🧩 Model added for round 3 (6/10) from ['node_9']
[ 2026-03-27 10:45:21 | node_5 | INFO ] 📤 Sending model to 8 direct neighbors: ['node', 'node_1', 'node_2', 'node_3', 'node_6', 'node_7', 'node_8', 'node_9']
[ 2026-03-27 10:45:21 | node_9 | INFO ] 🧩 Model added for round 3 (2/10) from ['node']
[ 2026-03-27 10:45:21 | node_2 | INFO ] 🧩 Model added for round 3 (5/10) from ['node_7']
[ 2026-03-27 10:45:21 | node_4 | INFO ] 🧩 Model added for round 3 (3/7) from ['node_3']
[ 2026-03-27 10:45:21 | node_4 | INFO ] 🧩 Model added for round 3 (4/7) from ['node_1']
[ 2026-03-27 10:45:21 | node | INFO ] 🧩 Model added for round 3 (7/10) from ['node_5']
[ 2026-03-27 10:45:21 | node_2 | INFO ] 🧩 Model added for round 3 (6/10) from ['node_8']
[ 2026-03-27 10:45:21 | node_1 | INFO ] 🧩 Model added for round 3 (5/9) from ['node_9']
[ 2026-03-27 10:45:21 | node_3 | INFO ] 🧩 Model added for round 3 (4/10) from ['node_7']
[ 2026-03-27 10:45:21 | node_5 | INFO ] 🧩 Model added for round 3 (3/9) from ['node_3']
[ 2026-03-27 10:45:21 | node_5 | INFO ] 🧩 Model added for round 3 (4/9) from ['node_1']
[ 2026-03-27 10:45:21 | node_1 | INFO ] 🧩 Model added for round 3 (6/9) from ['node_5']
[ 2026-03-27 10:45:21 | node_3 | INFO ] 🧩 Model added for round 3 (5/10) from ['node_8']
[ 2026-03-27 10:45:21 | node_2 | INFO ] 🧩 Model added for round 3 (7/10) from ['node_9']
[ 2026-03-27 10:45:21 | node_5 | INFO ] 🧩 Model added for round 3 (5/9) from ['node_7']
[ 2026-03-27 10:45:21 | node_2 | INFO ] 📤 Sending model to 9 direct neighbors: ['node', 'node_1', 'node_3', 'node_4', 'node_5', 'node_6', 'node_7', 'node_8', 'node_9']
[ 2026-03-27 10:45:21 | node_6 | INFO ] 🧩 Model added for round 3 (3/9) from ['node_3']
[ 2026-03-27 10:45:22 | node_6 | INFO ] 🧩 Model added for round 3 (4/9) from ['node_1']
[ 2026-03-27 10:45:22 | node | INFO ] 🧩 Model added for round 3 (8/10) from ['node_2']
[ 2026-03-27 10:45:22 | node_2 | INFO ] 🧩 Model added for round 3 (8/10) from ['node_5']
[ 2026-03-27 10:45:22 | node_6 | INFO ] 🧩 Model added for round 3 (5/9) from ['node_7']
[ 2026-03-27 10:45:22 | node_5 | INFO ] 🧩 Model added for round 3 (6/9) from ['node_8']
[ 2026-03-27 10:45:22 | node_3 | INFO ] 🧩 Model added for round 3 (6/10) from ['node_9']
[ 2026-03-27 10:45:22 | node_6 | INFO ] 📤 Sending model to 8 direct neighbors: ['node', 'node_1', 'node_2', 'node_3', 'node_4', 'node_5', 'node_7', 'node_9']
[ 2026-03-27 10:45:22 | node_7 | INFO ] 🧩 Model added for round 3 (3/8) from ['node_3']
[ 2026-03-27 10:45:22 | node_1 | INFO ] 🧩 Model added for round 3 (7/9) from ['node_2']
[ 2026-03-27 10:45:22 | node_8 | INFO ] 🧩 Model added for round 3 (3/8) from ['node_1']
[ 2026-03-27 10:45:22 | node | INFO ] 🧩 Model added for round 3 (9/10) from ['node_6']
[ 2026-03-27 10:45:22 | node_3 | INFO ] 🧩 Model added for round 3 (7/10) from ['node_5']
[ 2026-03-27 10:45:22 | node_7 | INFO ] 🧩 Model added for round 3 (4/8) from ['node_8']
[ 2026-03-27 10:45:22 | node_8 | INFO ] 🧩 Model added for round 3 (4/8) from ['node_7']
[ 2026-03-27 10:45:22 | node_8 | INFO ] 🧩 Model added for round 3 (5/8) from ['node_3']
[ 2026-03-27 10:45:22 | node_4 | INFO ] 🧩 Model added for round 3 (5/7) from ['node_9']
[ 2026-03-27 10:45:22 | node_9 | INFO ] 🧩 Model added for round 3 (3/10) from ['node_1']
[ 2026-03-27 10:45:22 | node_3 | INFO ] 🧩 Model added for round 3 (8/10) from ['node_2']
[ 2026-03-27 10:45:23 | node_1 | INFO ] 🧩 Model added for round 3 (8/9) from ['node_6']
[ 2026-03-27 10:45:23 | node_9 | INFO ] 🧩 Model added for round 3 (4/10) from ['node_8']
[ 2026-03-27 10:45:23 | node_6 | INFO ] 🧩 Model added for round 3 (6/9) from ['node_5']
[ 2026-03-27 10:45:23 | node_9 | INFO ] 🧩 Model added for round 3 (5/10) from ['node_7']
[ 2026-03-27 10:45:23 | node_9 | INFO ] 🧩 Model added for round 3 (6/10) from ['node_3']
[ 2026-03-27 10:45:23 | node_5 | INFO ] 🧩 Model added for round 3 (7/9) from ['node_9']
[ 2026-03-27 10:45:23 | node_4 | INFO ] 🧩 Model added for round 3 (6/7) from ['node_2']
[ 2026-03-27 10:45:23 | node_2 | INFO ] 🧩 Model added for round 3 (9/10) from ['node_6']
[ 2026-03-27 10:45:23 | node_7 | INFO ] 🧩 Model added for round 3 (5/8) from ['node_5']
[ 2026-03-27 10:45:23 | node_6 | INFO ] 🧩 Model added for round 3 (7/9) from ['node_9']
[ 2026-03-27 10:45:23 | node_5 | INFO ] 🧩 Model added for round 3 (8/9) from ['node_2']
[ 2026-03-27 10:45:23 | node_3 | INFO ] 🧩 Model added for round 3 (9/10) from ['node_6']
[ 2026-03-27 10:45:23 | node_4 | INFO ] 📤 Sending model to 6 direct neighbors: ['node', 'node_1', 'node_2', 'node_3', 'node_6', 'node_9']
[ 2026-03-27 10:45:23 | node_7 | INFO ] 🧩 Model added for round 3 (6/8) from ['node_9']
[ 2026-03-27 10:45:23 | node_8 | INFO ] 🧩 Model added for round 3 (6/8) from ['node_5']
[ 2026-03-27 10:45:23 | node_6 | INFO ] 🧩 Model added for round 3 (8/9) from ['node_2']
[ 2026-03-27 10:45:23 | node | INFO ] 🧩 Model added for round 3 (10/10) from ['node_4']
[ 2026-03-27 10:45:23 | node_8 | INFO ] 🧩 Model added for round 3 (7/8) from ['node_9']
[ 2026-03-27 10:45:23 | node_4 | INFO ] 🧩 Model added for round 3 (7/7) from ['node_6']
[ 2026-03-27 10:45:24 | node_9 | INFO ] 🧩 Model added for round 3 (7/10) from ['node_5']
[ 2026-03-27 10:45:24 | node_1 | INFO ] 🧩 Model added for round 3 (9/9) from ['node_4']
[ 2026-03-27 10:45:24 | node_7 | INFO ] 🧩 Model added for round 3 (7/8) from ['node_2']
[ 2026-03-27 10:45:24 | node_5 | INFO ] 🧩 Model added for round 3 (9/9) from ['node_6']
[ 2026-03-27 10:45:24 | node_1 | INFO ] 🧠 Aggregation complete. Setting new model.
[ 2026-03-27 10:45:24 | node_5 | INFO ] 🧠 Aggregation complete. Setting new model.
[ 2026-03-27 10:45:24 | node_2 | INFO ] 🧩 Model added for round 3 (10/10) from ['node_4']
[ 2026-03-27 10:45:24 | node | INFO ] 🧠 Aggregation complete. Setting new model.
[ 2026-03-27 10:45:24 | node_8 | INFO ] 🧩 Model added for round 3 (8/8) from ['node_2']
[ 2026-03-27 10:45:24 | node_8 | INFO ] 🧠 Aggregation complete. Setting new model.
[ 2026-03-27 10:45:24 | node_7 | INFO ] 🧩 Model added for round 3 (8/8) from ['node_6']
[ 2026-03-27 10:45:24 | node_1 | INFO ] 🗣️ Gossiping aggregated model.
[ 2026-03-27 10:45:24 | node_5 | INFO ] 🗣️ Gossiping aggregated model.
[ 2026-03-27 10:45:24 | node_7 | INFO ] 🧠 Aggregation complete. Setting new model.
[ 2026-03-27 10:45:24 | node | INFO ] 🗣️ Gossiping aggregated model.
[ 2026-03-27 10:45:24 | node_3 | INFO ] 🧩 Model added for round 3 (10/10) from ['node_4']
[ 2026-03-27 10:45:24 | node_9 | INFO ] 🧩 Model added for round 3 (8/10) from ['node_2']
[ 2026-03-27 10:45:24 | node_8 | INFO ] 🗣️ Gossiping aggregated model.
[ 2026-03-27 10:45:24 | node_7 | INFO ] 🗣️ Gossiping aggregated model.
[ 2026-03-27 10:45:24 | node_9 | INFO ] 🧩 Model added for round 3 (9/10) from ['node_6']
[ 2026-03-27 10:45:24 | node_6 | INFO ] 🧩 Model added for round 3 (9/9) from ['node_4']
[ 2026-03-27 10:45:25 | node_3 | INFO ] 🧠 Aggregation complete. Setting new model.
[ 2026-03-27 10:45:25 | node_2 | INFO ] 🧠 Aggregation complete. Setting new model.
[ 2026-03-27 10:45:25 | node_6 | INFO ] 🧠 Aggregation complete. Setting new model.
[ 2026-03-27 10:45:25 | node_9 | INFO ] 🧩 Model added for round 3 (10/10) from ['node_4']
[ 2026-03-27 10:45:25 | node_9 | INFO ] 🧠 Aggregation complete. Setting new model.
[ 2026-03-27 10:45:25 | node_3 | INFO ] 🗣️ Gossiping aggregated model.
[ 2026-03-27 10:45:25 | node_6 | INFO ] 🗣️ Gossiping aggregated model.
[ 2026-03-27 10:45:25 | node_2 | INFO ] 🗣️ Gossiping aggregated model.
[ 2026-03-27 10:45:25 | node_9 | INFO ] 🗣️ Gossiping aggregated model.
[ 2026-03-27 10:45:25 | node_4 | INFO ] 🧠 Aggregation complete. Setting new model.
[ 2026-03-27 10:45:25 | node_4 | INFO ] 🗣️ Gossiping aggregated model.
[ 2026-03-27 10:45:25 | node_4 | INFO ] 🤫 Gossip finished.
[ 2026-03-27 10:45:25 | node_4 | INFO ] 🔬 Evaluating...
[ 2026-03-27 10:45:25 | node_4 | INFO ] 📈 Evaluated. Results: {'test_loss': 2.070178270339966, 'test_acc': 0.12747874855995178, 'test_precision': 0.2530217170715332, 'test_recall': 0.08493117243051529, 'test_f1': 0.09080944210290909, 'communication_cost': 22580376}
[ 2026-03-27 10:45:25 | node_4 | INFO ] 📢 Broadcasting metrics.
[ 2026-03-27 10:45:25 | node_5 | INFO ] 🤫 Gossip finished.
[ 2026-03-27 10:45:25 | node_5 | INFO ] 🔬 Evaluating...
[ 2026-03-27 10:45:25 | node_1 | INFO ] 🤫 Gossip finished.
[ 2026-03-27 10:45:25 | node_1 | INFO ] 🔬 Evaluating...
[ 2026-03-27 10:45:25 | node_8 | INFO ] 🤫 Gossip finished.
[ 2026-03-27 10:45:25 | node_8 | INFO ] 🔬 Evaluating...
[ 2026-03-27 10:45:25 | node | INFO ] 🤫 Gossip finished.
[ 2026-03-27 10:45:25 | node | INFO ] 🔬 Evaluating...
[ 2026-03-27 10:45:25 | node_7 | INFO ] 🤫 Gossip finished.
[ 2026-03-27 10:45:25 | node_7 | INFO ] 🔬 Evaluating...
[ 2026-03-27 10:45:25 | node_5 | INFO ] 📈 Evaluated. Results: {'test_loss': 0.48020032048225403, 'test_acc': 0.8758915662765503, 'test_precision': 0.5405295491218567, 'test_recall': 0.5227223634719849, 'test_f1': 0.5199844241142273, 'communication_cost': 30107168}
[ 2026-03-27 10:45:25 | node_5 | INFO ] 📢 Broadcasting metrics.
[ 2026-03-27 10:45:25 | node_4 | INFO ] 🎉 Round 4 of 10 finished.
[ 2026-03-27 10:45:25 | node_4 | INFO ] 🗳️ [DETERMINISTIC] Train set assigned (No Voting). Size: 10
[ 2026-03-27 10:45:26 | node_4 | INFO ] 🏋️‍♀️ Preparing training...
[ 2026-03-27 10:45:26 | node_8 | INFO ] 📈 Evaluated. Results: {'test_loss': 1.4795300960540771, 'test_acc': 0.4517304301261902, 'test_precision': 0.20621569454669952, 'test_recall': 0.13065330684185028, 'test_f1': 0.14541277289390564, 'communication_cost': 26343772}
[ 2026-03-27 10:45:26 | node_1 | INFO ] 📈 Evaluated. Results: {'test_loss': 2.2621965408325195, 'test_acc': 0.09391124546527863, 'test_precision': 0.23282833397388458, 'test_recall': 0.048352088779211044, 'test_f1': 0.04944365844130516, 'communication_cost': 30107168}
[ 2026-03-27 10:45:26 | node_8 | INFO ] 📢 Broadcasting metrics.
[ 2026-03-27 10:45:26 | node_1 | INFO ] 📢 Broadcasting metrics.
[ 2026-03-27 10:45:26 | node_2 | INFO ] 🤫 Gossip finished.
[ 2026-03-27 10:45:26 | node_2 | INFO ] 🔬 Evaluating...
[ 2026-03-27 10:45:26 | node_7 | INFO ] 📈 Evaluated. Results: {'test_loss': 1.62687087059021, 'test_acc': 0.5, 'test_precision': 0.1544933170080185, 'test_recall': 0.09457353502511978, 'test_f1': 0.11195416003465652, 'communication_cost': 26343772}
[ 2026-03-27 10:45:26 | node_6 | INFO ] 🤫 Gossip finished.
[ 2026-03-27 10:45:26 | node_3 | INFO ] 🤫 Gossip finished.
[ 2026-03-27 10:45:26 | node_6 | INFO ] 🔬 Evaluating...
[ 2026-03-27 10:45:26 | node_7 | INFO ] 📢 Broadcasting metrics.
[ 2026-03-27 10:45:26 | node_9 | INFO ] 🤫 Gossip finished.
[ 2026-03-27 10:45:26 | node | INFO ] 📈 Evaluated. Results: {'test_loss': 2.4197728633880615, 'test_acc': 0.15438373386859894, 'test_precision': 0.09235440194606781, 'test_recall': 0.050778113305568695, 'test_f1': 0.055608946830034256, 'communication_cost': 33870564}
[ 2026-03-27 10:45:26 | node_3 | INFO ] 🔬 Evaluating...
[ 2026-03-27 10:45:26 | node_9 | INFO ] 🔬 Evaluating...
[ 2026-03-27 10:45:26 | node | INFO ] 📢 Broadcasting metrics.
[ 2026-03-27 10:45:26 | node_5 | INFO ] 🎉 Round 4 of 10 finished.
[ 2026-03-27 10:45:26 | node_5 | INFO ] 🗳️ [DETERMINISTIC] Train set assigned (No Voting). Size: 10
[ 2026-03-27 10:45:26 | node_5 | INFO ] 🏋️‍♀️ Preparing training...
[ 2026-03-27 10:45:26 | node_8 | INFO ] 🎉 Round 4 of 10 finished.
[ 2026-03-27 10:45:26 | node_8 | INFO ] 🗳️ [DETERMINISTIC] Train set assigned (No Voting). Size: 10
[ 2026-03-27 10:45:26 | node_8 | INFO ] 🏋️‍♀️ Preparing training...
[ 2026-03-27 10:45:26 | node_9 | INFO ] 📈 Evaluated. Results: {'test_loss': 0.7451750040054321, 'test_acc': 0.7600950002670288, 'test_precision': 0.3436262905597687, 'test_recall': 0.3085906207561493, 'test_f1': 0.3149331510066986, 'communication_cost': 33870564}
[ 2026-03-27 10:45:26 | node_1 | INFO ] 🎉 Round 4 of 10 finished.
[ 2026-03-27 10:45:26 | node_9 | INFO ] 📢 Broadcasting metrics.
[ 2026-03-27 10:45:26 | node_1 | INFO ] 🗳️ [DETERMINISTIC] Train set assigned (No Voting). Size: 10
[ 2026-03-27 10:45:26 | node_1 | INFO ] 🏋️‍♀️ Preparing training...
[ 2026-03-27 10:45:26 | node_6 | INFO ] 📈 Evaluated. Results: {'test_loss': 2.649646282196045, 'test_acc': 0.04319654405117035, 'test_precision': 0.07119593769311905, 'test_recall': 0.018176764249801636, 'test_f1': 0.02221948467195034, 'communication_cost': 30107168}
[ 2026-03-27 10:45:26 | node_6 | INFO ] 📢 Broadcasting metrics.
[ 2026-03-27 10:45:26 | node_2 | INFO ] 📈 Evaluated. Results: {'test_loss': 1.6033859252929688, 'test_acc': 0.5343213677406311, 'test_precision': 0.1558256596326828, 'test_recall': 0.08670554310083389, 'test_f1': 0.10698287934064865, 'communication_cost': 33870564}
[ 2026-03-27 10:45:26 | node_2 | INFO ] 📢 Broadcasting metrics.
[ 2026-03-27 10:45:26 | node_7 | INFO ] 🎉 Round 4 of 10 finished.
[ 2026-03-27 10:45:27 | node_7 | INFO ] 🗳️ [DETERMINISTIC] Train set assigned (No Voting). Size: 10
[ 2026-03-27 10:45:27 | node_7 | INFO ] 🏋️‍♀️ Preparing training...
[ 2026-03-27 10:45:27 | node | INFO ] 🎉 Round 4 of 10 finished.
[ 2026-03-27 10:45:27 | node | INFO ] 🗳️ [DETERMINISTIC] Train set assigned (No Voting). Size: 10
[ 2026-03-27 10:45:27 | node | INFO ] 🏋️‍♀️ Preparing training...
[ 2026-03-27 10:45:27 | node_3 | INFO ] 📈 Evaluated. Results: {'test_loss': 1.752709150314331, 'test_acc': 0.4304954409599304, 'test_precision': 0.20108835399150848, 'test_recall': 0.1288202404975891, 'test_f1': 0.1378403604030609, 'communication_cost': 33870564}
[ 2026-03-27 10:45:27 | node_3 | INFO ] 📢 Broadcasting metrics.
[ 2026-03-27 10:45:27 | node_9 | INFO ] 🎉 Round 4 of 10 finished.
[ 2026-03-27 10:45:27 | node_9 | INFO ] 🗳️ [DETERMINISTIC] Train set assigned (No Voting). Size: 10
[ 2026-03-27 10:45:27 | node_6 | INFO ] 🎉 Round 4 of 10 finished.
[ 2026-03-27 10:45:27 | node_9 | INFO ] 🏋️‍♀️ Preparing training...
[ 2026-03-27 10:45:27 | node_6 | INFO ] 🗳️ [DETERMINISTIC] Train set assigned (No Voting). Size: 10
[ 2026-03-27 10:45:27 | node_6 | INFO ] 🏋️‍♀️ Preparing training...
[ 2026-03-27 10:45:27 | node_2 | INFO ] 🎉 Round 4 of 10 finished.
[ 2026-03-27 10:45:27 | node_2 | INFO ] 🗳️ [DETERMINISTIC] Train set assigned (No Voting). Size: 10
[ 2026-03-27 10:45:27 | node_2 | INFO ] 🏋️‍♀️ Preparing training...
[ 2026-03-27 10:45:27 | node | INFO ] 🎓 Training step done.
[ 2026-03-27 10:45:27 | node | INFO ] 🛠️ Calling force_add_local_model...
[ 2026-03-27 10:45:27 | node | INFO ] ✅ [FORCE] Local model added for round 4. (1/10)
[ 2026-03-27 10:45:28 | node_1 | INFO ] 🎓 Training step done.
[ 2026-03-27 10:45:28 | node_1 | INFO ] 🛠️ Calling force_add_local_model...
[ 2026-03-27 10:45:28 | node_1 | INFO ] ✅ [FORCE] Local model added for round 4. (1/9)
[ 2026-03-27 10:45:28 | node_3 | INFO ] 🎉 Round 4 of 10 finished.
[ 2026-03-27 10:45:28 | node_3 | INFO ] 🗳️ [DETERMINISTIC] Train set assigned (No Voting). Size: 10
[ 2026-03-27 10:45:28 | node_3 | INFO ] 🏋️‍♀️ Preparing training...
[ 2026-03-27 10:45:28 | node_8 | INFO ] 🎓 Training step done.
[ 2026-03-27 10:45:28 | node_8 | INFO ] 🛠️ Calling force_add_local_model...
[ 2026-03-27 10:45:28 | node_8 | INFO ] ✅ [FORCE] Local model added for round 4. (1/8)
[ 2026-03-27 10:45:28 | node_7 | INFO ] 🎓 Training step done.
[ 2026-03-27 10:45:28 | node_7 | INFO ] 🛠️ Calling force_add_local_model...
[ 2026-03-27 10:45:28 | node_7 | INFO ] ✅ [FORCE] Local model added for round 4. (1/8)
[ 2026-03-27 10:45:28 | node_3 | INFO ] 🎓 Training step done.
[ 2026-03-27 10:45:28 | node_3 | INFO ] 🛠️ Calling force_add_local_model...
[ 2026-03-27 10:45:28 | node_3 | INFO ] ✅ [FORCE] Local model added for round 4. (1/10)
[ 2026-03-27 10:45:28 | node_5 | INFO ] 🎓 Training step done.
[ 2026-03-27 10:45:28 | node_5 | INFO ] 🛠️ Calling force_add_local_model...
[ 2026-03-27 10:45:28 | node_5 | INFO ] ✅ [FORCE] Local model added for round 4. (1/9)
[ 2026-03-27 10:45:29 | node_9 | INFO ] 🎓 Training step done.
[ 2026-03-27 10:45:29 | node_9 | INFO ] 🛠️ Calling force_add_local_model...
[ 2026-03-27 10:45:29 | node_9 | INFO ] ✅ [FORCE] Local model added for round 4. (1/10)
[ 2026-03-27 10:45:30 | node_2 | INFO ] 🎓 Training step done.
[ 2026-03-27 10:45:30 | node_2 | INFO ] 🛠️ Calling force_add_local_model...
[ 2026-03-27 10:45:30 | node_2 | INFO ] ✅ [FORCE] Local model added for round 4. (1/10)
[ 2026-03-27 10:45:30 | node_6 | INFO ] 🎓 Training step done.
[ 2026-03-27 10:45:30 | node_6 | INFO ] 🛠️ Calling force_add_local_model...
[ 2026-03-27 10:45:30 | node_6 | INFO ] ✅ [FORCE] Local model added for round 4. (1/9)
[ 2026-03-27 10:45:31 | node_4 | INFO ] 🎓 Training step done.
[ 2026-03-27 10:45:31 | node_4 | INFO ] 🛠️ Calling force_add_local_model...
[ 2026-03-27 10:45:31 | node_4 | INFO ] ✅ [FORCE] Local model added for round 4. (1/7)
[ 2026-03-27 10:45:32 | node | INFO ] 📤 Sending model to 9 direct neighbors: ['node_1', 'node_2', 'node_3', 'node_4', 'node_5', 'node_6', 'node_7', 'node_8', 'node_9']
[ 2026-03-27 10:45:32 | node_1 | INFO ] 🧩 Model added for round 4 (2/9) from ['node']
[ 2026-03-27 10:45:32 | node_2 | INFO ] 🧩 Model added for round 4 (2/10) from ['node']
[ 2026-03-27 10:45:32 | node_3 | INFO ] 🧩 Model added for round 4 (2/10) from ['node']
[ 2026-03-27 10:45:32 | node_4 | INFO ] 🧩 Model added for round 4 (2/7) from ['node']
[ 2026-03-27 10:45:33 | node_5 | INFO ] 🧩 Model added for round 4 (2/9) from ['node']
[ 2026-03-27 10:45:33 | node_6 | INFO ] 🧩 Model added for round 4 (2/9) from ['node']
[ 2026-03-27 10:45:33 | node_7 | INFO ] 🧩 Model added for round 4 (2/8) from ['node']
[ 2026-03-27 10:45:33 | node_1 | INFO ] 📤 Sending model to 8 direct neighbors: ['node', 'node_2', 'node_3', 'node_4', 'node_5', 'node_6', 'node_8', 'node_9']
[ 2026-03-27 10:45:33 | node | INFO ] 🧩 Model added for round 4 (2/10) from ['node_1']
[ 2026-03-27 10:45:33 | node_8 | INFO ] 🧩 Model added for round 4 (2/8) from ['node']
[ 2026-03-27 10:45:33 | node_2 | INFO ] 🧩 Model added for round 4 (3/10) from ['node_1']
[ 2026-03-27 10:45:33 | node_9 | INFO ] 🧩 Model added for round 4 (2/10) from ['node']
[ 2026-03-27 10:45:33 | node_3 | INFO ] 🧩 Model added for round 4 (3/10) from ['node_1']
[ 2026-03-27 10:45:33 | node_4 | INFO ] 🧩 Model added for round 4 (3/7) from ['node_1']
[ 2026-03-27 10:45:33 | node_5 | INFO ] 🧩 Model added for round 4 (3/9) from ['node_1']
[ 2026-03-27 10:45:33 | node_6 | INFO ] 🧩 Model added for round 4 (3/9) from ['node_1']
[ 2026-03-27 10:45:33 | node_8 | INFO ] 🧩 Model added for round 4 (3/8) from ['node_1']
[ 2026-03-27 10:45:33 | node_8 | INFO ] 📤 Sending model to 7 direct neighbors: ['node', 'node_1', 'node_2', 'node_3', 'node_5', 'node_7', 'node_9']
[ 2026-03-27 10:45:33 | node_7 | INFO ] 📤 Sending model to 7 direct neighbors: ['node', 'node_2', 'node_3', 'node_5', 'node_6', 'node_8', 'node_9']
[ 2026-03-27 10:45:33 | node | INFO ] 🧩 Model added for round 4 (3/10) from ['node_8']
[ 2026-03-27 10:45:33 | node_9 | INFO ] 🧩 Model added for round 4 (3/10) from ['node_1']
[ 2026-03-27 10:45:33 | node | INFO ] 🧩 Model added for round 4 (4/10) from ['node_7']
[ 2026-03-27 10:45:33 | node_1 | INFO ] 🧩 Model added for round 4 (3/9) from ['node_8']
[ 2026-03-27 10:45:33 | node_3 | INFO ] 📤 Sending model to 9 direct neighbors: ['node', 'node_1', 'node_2', 'node_4', 'node_5', 'node_6', 'node_7', 'node_8', 'node_9']
[ 2026-03-27 10:45:33 | node_2 | INFO ] 🧩 Model added for round 4 (4/10) from ['node_7']
[ 2026-03-27 10:45:33 | node | INFO ] 🧩 Model added for round 4 (5/10) from ['node_3']
[ 2026-03-27 10:45:33 | node_5 | INFO ] 📤 Sending model to 8 direct neighbors: ['node', 'node_1', 'node_2', 'node_3', 'node_6', 'node_7', 'node_8', 'node_9']
[ 2026-03-27 10:45:33 | node_2 | INFO ] 🧩 Model added for round 4 (5/10) from ['node_8']
[ 2026-03-27 10:45:34 | node | INFO ] 🧩 Model added for round 4 (6/10) from ['node_5']
[ 2026-03-27 10:45:34 | node_3 | INFO ] 🧩 Model added for round 4 (4/10) from ['node_7']
[ 2026-03-27 10:45:34 | node_1 | INFO ] 🧩 Model added for round 4 (4/9) from ['node_3']
[ 2026-03-27 10:45:34 | node_3 | INFO ] 🧩 Model added for round 4 (5/10) from ['node_8']
[ 2026-03-27 10:45:34 | node_1 | INFO ] 🧩 Model added for round 4 (5/9) from ['node_5']
[ 2026-03-27 10:45:34 | node_5 | INFO ] 🧩 Model added for round 4 (4/9) from ['node_7']
[ 2026-03-27 10:45:34 | node_9 | INFO ] 📤 Sending model to 9 direct neighbors: ['node', 'node_1', 'node_2', 'node_3', 'node_4', 'node_5', 'node_6', 'node_7', 'node_8']
[ 2026-03-27 10:45:34 | node_2 | INFO ] 🧩 Model added for round 4 (6/10) from ['node_3']
[ 2026-03-27 10:45:34 | node | INFO ] 🧩 Model added for round 4 (7/10) from ['node_9']
[ 2026-03-27 10:45:34 | node_2 | INFO ] 🧩 Model added for round 4 (7/10) from ['node_5']
[ 2026-03-27 10:45:34 | node_5 | INFO ] 🧩 Model added for round 4 (5/9) from ['node_8']
[ 2026-03-27 10:45:35 | node_4 | INFO ] 🧩 Model added for round 4 (4/7) from ['node_3']
[ 2026-03-27 10:45:35 | node_2 | INFO ] 📤 Sending model to 9 direct neighbors: ['node', 'node_1', 'node_3', 'node_4', 'node_5', 'node_6', 'node_7', 'node_8', 'node_9']
[ 2026-03-27 10:45:35 | node_7 | INFO ] 🧩 Model added for round 4 (3/8) from ['node_8']
[ 2026-03-27 10:45:35 | node_1 | INFO ] 🧩 Model added for round 4 (6/9) from ['node_9']
[ 2026-03-27 10:45:35 | node_3 | INFO ] 🧩 Model added for round 4 (6/10) from ['node_5']
[ 2026-03-27 10:45:35 | node | INFO ] 🧩 Model added for round 4 (8/10) from ['node_2']
[ 2026-03-27 10:45:35 | node_5 | INFO ] 🧩 Model added for round 4 (6/9) from ['node_3']
[ 2026-03-27 10:45:35 | node_6 | INFO ] 📤 Sending model to 8 direct neighbors: ['node', 'node_1', 'node_2', 'node_3', 'node_4', 'node_5', 'node_7', 'node_9']
[ 2026-03-27 10:45:35 | node_9 | INFO ] 🧩 Model added for round 4 (4/10) from ['node_8']
[ 2026-03-27 10:45:35 | node_2 | INFO ] 🧩 Model added for round 4 (8/10) from ['node_9']
[ 2026-03-27 10:45:35 | node_6 | INFO ] 🧩 Model added for round 4 (4/9) from ['node_5']
[ 2026-03-27 10:45:35 | node_1 | INFO ] 🧩 Model added for round 4 (7/9) from ['node_2']
[ 2026-03-27 10:45:35 | node | INFO ] 🧩 Model added for round 4 (9/10) from ['node_6']
[ 2026-03-27 10:45:35 | node_6 | INFO ] 🧩 Model added for round 4 (5/9) from ['node_3']
[ 2026-03-27 10:45:36 | node_3 | INFO ] 🧩 Model added for round 4 (7/10) from ['node_9']
[ 2026-03-27 10:45:36 | node_7 | INFO ] 🧩 Model added for round 4 (4/8) from ['node_5']
[ 2026-03-27 10:45:36 | node_3 | INFO ] 🧩 Model added for round 4 (8/10) from ['node_2']
[ 2026-03-27 10:45:36 | node_7 | INFO ] 🧩 Model added for round 4 (5/8) from ['node_3']
[ 2026-03-27 10:45:36 | node_1 | INFO ] 🧩 Model added for round 4 (8/9) from ['node_6']
[ 2026-03-27 10:45:36 | node_8 | INFO ] 🧩 Model added for round 4 (4/8) from ['node_5']
[ 2026-03-27 10:45:36 | node_4 | INFO ] 🧩 Model added for round 4 (5/7) from ['node_9']
[ 2026-03-27 10:45:36 | node_4 | INFO ] 🧩 Model added for round 4 (6/7) from ['node_2']
[ 2026-03-27 10:45:36 | node_8 | INFO ] 🧩 Model added for round 4 (5/8) from ['node_3']
[ 2026-03-27 10:45:36 | node_4 | INFO ] 📤 Sending model to 6 direct neighbors: ['node', 'node_1', 'node_2', 'node_3', 'node_6', 'node_9']
[ 2026-03-27 10:45:36 | node_2 | INFO ] 🧩 Model added for round 4 (9/10) from ['node_6']
[ 2026-03-27 10:45:36 | node_9 | INFO ] 🧩 Model added for round 4 (5/10) from ['node_5']
[ 2026-03-27 10:45:36 | node_5 | INFO ] 🧩 Model added for round 4 (7/9) from ['node_9']
[ 2026-03-27 10:45:36 | node_5 | INFO ] 🧩 Model added for round 4 (8/9) from ['node_2']
[ 2026-03-27 10:45:36 | node | INFO ] 🧩 Model added for round 4 (10/10) from ['node_4']
[ 2026-03-27 10:45:36 | node_9 | INFO ] 🧩 Model added for round 4 (6/10) from ['node_3']
[ 2026-03-27 10:45:37 | node_3 | INFO ] 🧩 Model added for round 4 (9/10) from ['node_6']
[ 2026-03-27 10:45:37 | node_6 | INFO ] 🧩 Model added for round 4 (6/9) from ['node_2']
[ 2026-03-27 10:45:37 | node_6 | INFO ] 🧩 Model added for round 4 (7/9) from ['node_9']
[ 2026-03-27 10:45:37 | node_1 | INFO ] 🧩 Model added for round 4 (9/9) from ['node_4']
[ 2026-03-27 10:45:37 | node_4 | INFO ] 🧩 Model added for round 4 (7/7) from ['node_6']
[ 2026-03-27 10:45:37 | node_1 | INFO ] 🧠 Aggregation complete. Setting new model.
[ 2026-03-27 10:45:37 | node | INFO ] 🧠 Aggregation complete. Setting new model.
[ 2026-03-27 10:45:37 | node_7 | INFO ] 🧩 Model added for round 4 (6/8) from ['node_2']
[ 2026-03-27 10:45:37 | node_7 | INFO ] 🧩 Model added for round 4 (7/8) from ['node_9']
[ 2026-03-27 10:45:37 | node_1 | INFO ] 🗣️ Gossiping aggregated model.
[ 2026-03-27 10:45:37 | node_2 | INFO ] 🧩 Model added for round 4 (10/10) from ['node_4']
[ 2026-03-27 10:45:37 | node | INFO ] 🗣️ Gossiping aggregated model.
[ 2026-03-27 10:45:37 | node_5 | INFO ] 🧩 Model added for round 4 (9/9) from ['node_6']
[ 2026-03-27 10:45:37 | node_6 | INFO ] 🧩 Model added for round 4 (8/9) from ['node_7']
[ 2026-03-27 10:45:37 | node_8 | INFO ] 🧩 Model added for round 4 (6/8) from ['node_2']
[ 2026-03-27 10:45:38 | node_8 | INFO ] 🧩 Model added for round 4 (7/8) from ['node_9']
[ 2026-03-27 10:45:38 | node_3 | INFO ] 🧩 Model added for round 4 (10/10) from ['node_4']
[ 2026-03-27 10:45:38 | node_8 | INFO ] 🧩 Model added for round 4 (8/8) from ['node_7']
[ 2026-03-27 10:45:38 | node_7 | INFO ] 🧩 Model added for round 4 (8/8) from ['node_6']
[ 2026-03-27 10:45:38 | node_9 | INFO ] 🧩 Model added for round 4 (7/10) from ['node_2']
[ 2026-03-27 10:45:38 | node_3 | INFO ] 🧠 Aggregation complete. Setting new model.
[ 2026-03-27 10:45:38 | node_5 | INFO ] 🧠 Aggregation complete. Setting new model.
[ 2026-03-27 10:45:38 | node_8 | INFO ] 🧠 Aggregation complete. Setting new model.
[ 2026-03-27 10:45:38 | node_6 | INFO ] 🧩 Model added for round 4 (9/9) from ['node_4']
[ 2026-03-27 10:45:38 | node_9 | INFO ] 🧩 Model added for round 4 (8/10) from ['node_6']
[ 2026-03-27 10:45:38 | node_8 | INFO ] 🗣️ Gossiping aggregated model.
[ 2026-03-27 10:45:38 | node_5 | INFO ] 🗣️ Gossiping aggregated model.
[ 2026-03-27 10:45:38 | node_9 | INFO ] 🧩 Model added for round 4 (9/10) from ['node_7']
[ 2026-03-27 10:45:38 | node_3 | INFO ] 🗣️ Gossiping aggregated model.
[ 2026-03-27 10:45:38 | node_9 | INFO ] 🧩 Model added for round 4 (10/10) from ['node_4']
[ 2026-03-27 10:45:39 | node_7 | INFO ] 🧠 Aggregation complete. Setting new model.
[ 2026-03-27 10:45:39 | node_2 | INFO ] 🧠 Aggregation complete. Setting new model.
[ 2026-03-27 10:45:39 | node_9 | INFO ] 🧠 Aggregation complete. Setting new model.
[ 2026-03-27 10:45:39 | node_6 | INFO ] 🧠 Aggregation complete. Setting new model.
[ 2026-03-27 10:45:39 | node_4 | INFO ] 🧠 Aggregation complete. Setting new model.
[ 2026-03-27 10:45:39 | node_4 | INFO ] 🗣️ Gossiping aggregated model.
[ 2026-03-27 10:45:39 | node_4 | INFO ] 🤫 Gossip finished.
[ 2026-03-27 10:45:39 | node_4 | INFO ] 🔬 Evaluating...
[ 2026-03-27 10:45:39 | node_6 | INFO ] 🗣️ Gossiping aggregated model.
[ 2026-03-27 10:45:39 | node_2 | INFO ] 🗣️ Gossiping aggregated model.
[ 2026-03-27 10:45:39 | node_7 | INFO ] 🗣️ Gossiping aggregated model.
[ 2026-03-27 10:45:39 | node_2 | INFO ] 🤫 Gossip finished.
[ 2026-03-27 10:45:39 | node_6 | INFO ] 🤫 Gossip finished.
[ 2026-03-27 10:45:39 | node_7 | INFO ] 🤫 Gossip finished.
[ 2026-03-27 10:45:39 | node_7 | INFO ] 🔬 Evaluating...
[ 2026-03-27 10:45:39 | node_2 | INFO ] 🔬 Evaluating...
[ 2026-03-27 10:45:39 | node_9 | INFO ] 🗣️ Gossiping aggregated model.
[ 2026-03-27 10:45:39 | node_9 | INFO ] 🤫 Gossip finished.
[ 2026-03-27 10:45:39 | node_6 | INFO ] 🔬 Evaluating...
[ 2026-03-27 10:45:39 | node_9 | INFO ] 🔬 Evaluating...
[ 2026-03-27 10:45:39 | node_4 | INFO ] 📈 Evaluated. Results: {'test_loss': 3.9093809127807617, 'test_acc': 0.01983002759516239, 'test_precision': 0.09459732472896576, 'test_recall': 0.028733307495713234, 'test_f1': 0.03131844475865364, 'communication_cost': 22580376}
[ 2026-03-27 10:45:39 | node_4 | INFO ] 📢 Broadcasting metrics.
[ 2026-03-27 10:45:39 | node_9 | INFO ] 📈 Evaluated. Results: {'test_loss': 0.599923312664032, 'test_acc': 0.7743467688560486, 'test_precision': 0.5025901794433594, 'test_recall': 0.45112544298171997, 'test_f1': 0.4595382809638977, 'communication_cost': 33870564}
[ 2026-03-27 10:45:39 | node_9 | INFO ] 📢 Broadcasting metrics.
[ 2026-03-27 10:45:39 | node_6 | INFO ] 📈 Evaluated. Results: {'test_loss': 6.34335994720459, 'test_acc': 0.07019438594579697, 'test_precision': 0.04024330899119377, 'test_recall': 0.023105064406991005, 'test_f1': 0.026836927980184555, 'communication_cost': 30107168}
[ 2026-03-27 10:45:39 | node_6 | INFO ] 📢 Broadcasting metrics.
[ 2026-03-27 10:45:39 | node_7 | INFO ] 📈 Evaluated. Results: {'test_loss': 1.5573245286941528, 'test_acc': 0.4624781906604767, 'test_precision': 0.18042875826358795, 'test_recall': 0.09907500445842743, 'test_f1': 0.12033838778734207, 'communication_cost': 26343772}
[ 2026-03-27 10:45:39 | node_7 | INFO ] 📢 Broadcasting metrics.
[ 2026-03-27 10:45:39 | node_2 | INFO ] 📈 Evaluated. Results: {'test_loss': 1.5542982816696167, 'test_acc': 0.3065522611141205, 'test_precision': 0.18169790506362915, 'test_recall': 0.05941038578748703, 'test_f1': 0.08692061901092529, 'communication_cost': 33870564}
[ 2026-03-27 10:45:39 | node_5 | INFO ] 🤫 Gossip finished.
[ 2026-03-27 10:45:39 | node_2 | INFO ] 📢 Broadcasting metrics.
[ 2026-03-27 10:45:39 | node_5 | INFO ] 🔬 Evaluating...
[ 2026-03-27 10:45:39 | node_8 | INFO ] 🤫 Gossip finished.
[ 2026-03-27 10:45:39 | node_3 | INFO ] 🤫 Gossip finished.
[ 2026-03-27 10:45:39 | node_8 | INFO ] 🔬 Evaluating...
[ 2026-03-27 10:45:39 | node_3 | INFO ] 🔬 Evaluating...
[ 2026-03-27 10:45:40 | node_4 | INFO ] 🎉 Round 5 of 10 finished.
[ 2026-03-27 10:45:40 | node_4 | INFO ] 🗳️ [DETERMINISTIC] Train set assigned (No Voting). Size: 10
[ 2026-03-27 10:45:40 | node_4 | INFO ] 🏋️‍♀️ Preparing training...
[ 2026-03-27 10:45:40 | node_8 | INFO ] 📈 Evaluated. Results: {'test_loss': 1.3162314891815186, 'test_acc': 0.6029143929481506, 'test_precision': 0.2551623582839966, 'test_recall': 0.18505612015724182, 'test_f1': 0.20595474541187286, 'communication_cost': 26343772}
[ 2026-03-27 10:45:40 | node_8 | INFO ] 📢 Broadcasting metrics.
[ 2026-03-27 10:45:40 | node_5 | INFO ] 📈 Evaluated. Results: {'test_loss': 0.3278859555721283, 'test_acc': 0.8930099606513977, 'test_precision': 0.5504000782966614, 'test_recall': 0.5438088178634644, 'test_f1': 0.5452662110328674, 'communication_cost': 30107168}
[ 2026-03-27 10:45:40 | node_5 | INFO ] 📢 Broadcasting metrics.
[ 2026-03-27 10:45:40 | node_6 | INFO ] 🎉 Round 5 of 10 finished.
[ 2026-03-27 10:45:40 | node_9 | INFO ] 🎉 Round 5 of 10 finished.
[ 2026-03-27 10:45:40 | node_6 | INFO ] 🗳️ [DETERMINISTIC] Train set assigned (No Voting). Size: 10
[ 2026-03-27 10:45:40 | node_9 | INFO ] 🗳️ [DETERMINISTIC] Train set assigned (No Voting). Size: 10
[ 2026-03-27 10:45:40 | node_6 | INFO ] 🏋️‍♀️ Preparing training...
[ 2026-03-27 10:45:40 | node_9 | INFO ] 🏋️‍♀️ Preparing training...
[ 2026-03-27 10:45:40 | node_7 | INFO ] 🎉 Round 5 of 10 finished.
[ 2026-03-27 10:45:40 | node_1 | INFO ] 🤫 Gossip finished.
[ 2026-03-27 10:45:40 | node_7 | INFO ] 🗳️ [DETERMINISTIC] Train set assigned (No Voting). Size: 10
[ 2026-03-27 10:45:40 | node | INFO ] 🤫 Gossip finished.
[ 2026-03-27 10:45:40 | node | INFO ] 🔬 Evaluating...
[ 2026-03-27 10:45:40 | node_1 | INFO ] 🔬 Evaluating...
[ 2026-03-27 10:45:40 | node_7 | INFO ] 🏋️‍♀️ Preparing training...
[ 2026-03-27 10:45:40 | node_2 | INFO ] 🎉 Round 5 of 10 finished.
[ 2026-03-27 10:45:40 | node_2 | INFO ] 🗳️ [DETERMINISTIC] Train set assigned (No Voting). Size: 10
[ 2026-03-27 10:45:40 | node_3 | INFO ] 📈 Evaluated. Results: {'test_loss': 1.9572842121124268, 'test_acc': 0.44829243421554565, 'test_precision': 0.16219152510166168, 'test_recall': 0.09626633673906326, 'test_f1': 0.111772321164608, 'communication_cost': 33870564}
[ 2026-03-27 10:45:40 | node_2 | INFO ] 🏋️‍♀️ Preparing training...
[ 2026-03-27 10:45:40 | node_3 | INFO ] 📢 Broadcasting metrics.
[ 2026-03-27 10:45:40 | node_8 | INFO ] 🎉 Round 5 of 10 finished.
[ 2026-03-27 10:45:40 | node_8 | INFO ] 🗳️ [DETERMINISTIC] Train set assigned (No Voting). Size: 10
[ 2026-03-27 10:45:40 | node_8 | INFO ] 🏋️‍♀️ Preparing training...
[ 2026-03-27 10:45:40 | node_5 | INFO ] 🎉 Round 5 of 10 finished.
[ 2026-03-27 10:45:40 | node_5 | INFO ] 🗳️ [DETERMINISTIC] Train set assigned (No Voting). Size: 10
[ 2026-03-27 10:45:40 | node_5 | INFO ] 🏋️‍♀️ Preparing training...
[ 2026-03-27 10:45:41 | node_1 | INFO ] 📈 Evaluated. Results: {'test_loss': 2.5145938396453857, 'test_acc': 0.10216718167066574, 'test_precision': 0.19988246262073517, 'test_recall': 0.03914599493145943, 'test_f1': 0.05266530066728592, 'communication_cost': 30107168}
[ 2026-03-27 10:45:41 | node_1 | INFO ] 📢 Broadcasting metrics.
[ 2026-03-27 10:45:41 | node | INFO ] 📈 Evaluated. Results: {'test_loss': 2.074836015701294, 'test_acc': 0.19504447281360626, 'test_precision': 0.16128186881542206, 'test_recall': 0.04508846625685692, 'test_f1': 0.06095999479293823, 'communication_cost': 33870564}
[ 2026-03-27 10:45:41 | node | INFO ] 📢 Broadcasting metrics.
[ 2026-03-27 10:45:41 | node_3 | INFO ] 🎉 Round 5 of 10 finished.
[ 2026-03-27 10:45:41 | node_3 | INFO ] 🗳️ [DETERMINISTIC] Train set assigned (No Voting). Size: 10
[ 2026-03-27 10:45:41 | node_3 | INFO ] 🏋️‍♀️ Preparing training...
[ 2026-03-27 10:45:41 | node_1 | INFO ] 🎉 Round 5 of 10 finished.
[ 2026-03-27 10:45:41 | node_1 | INFO ] 🗳️ [DETERMINISTIC] Train set assigned (No Voting). Size: 10
[ 2026-03-27 10:45:41 | node_1 | INFO ] 🏋️‍♀️ Preparing training...
[ 2026-03-27 10:45:42 | node | INFO ] 🎉 Round 5 of 10 finished.
[ 2026-03-27 10:45:42 | node_3 | INFO ] 🎓 Training step done.
[ 2026-03-27 10:45:42 | node | INFO ] 🗳️ [DETERMINISTIC] Train set assigned (No Voting). Size: 10
[ 2026-03-27 10:45:42 | node_3 | INFO ] 🛠️ Calling force_add_local_model...
[ 2026-03-27 10:45:42 | node_3 | INFO ] ✅ [FORCE] Local model added for round 5. (1/10)
[ 2026-03-27 10:45:42 | node | INFO ] 🏋️‍♀️ Preparing training...
[ 2026-03-27 10:45:42 | node_7 | INFO ] 🎓 Training step done.
[ 2026-03-27 10:45:42 | node_7 | INFO ] 🛠️ Calling force_add_local_model...
[ 2026-03-27 10:45:42 | node_7 | INFO ] ✅ [FORCE] Local model added for round 5. (1/8)
[ 2026-03-27 10:45:42 | node | INFO ] 🎓 Training step done.
[ 2026-03-27 10:45:42 | node | INFO ] 🛠️ Calling force_add_local_model...
[ 2026-03-27 10:45:42 | node | INFO ] ✅ [FORCE] Local model added for round 5. (1/10)
[ 2026-03-27 10:45:42 | node_9 | INFO ] 🎓 Training step done.
[ 2026-03-27 10:45:42 | node_9 | INFO ] 🛠️ Calling force_add_local_model...
[ 2026-03-27 10:45:42 | node_9 | INFO ] ✅ [FORCE] Local model added for round 5. (1/10)
[ 2026-03-27 10:45:43 | node_8 | INFO ] 🎓 Training step done.
[ 2026-03-27 10:45:43 | node_8 | INFO ] 🛠️ Calling force_add_local_model...
[ 2026-03-27 10:45:43 | node_8 | INFO ] ✅ [FORCE] Local model added for round 5. (1/8)
[ 2026-03-27 10:45:43 | node_1 | INFO ] 🎓 Training step done.
[ 2026-03-27 10:45:43 | node_1 | INFO ] 🛠️ Calling force_add_local_model...
[ 2026-03-27 10:45:43 | node_1 | INFO ] ✅ [FORCE] Local model added for round 5. (1/9)
[ 2026-03-27 10:45:43 | node_5 | INFO ] 🎓 Training step done.
[ 2026-03-27 10:45:43 | node_5 | INFO ] 🛠️ Calling force_add_local_model...
[ 2026-03-27 10:45:43 | node_5 | INFO ] ✅ [FORCE] Local model added for round 5. (1/9)
[ 2026-03-27 10:45:43 | node_2 | INFO ] 🎓 Training step done.
[ 2026-03-27 10:45:43 | node_2 | INFO ] 🛠️ Calling force_add_local_model...
[ 2026-03-27 10:45:43 | node_6 | INFO ] 🎓 Training step done.
[ 2026-03-27 10:45:43 | node_2 | INFO ] ✅ [FORCE] Local model added for round 5. (1/10)
[ 2026-03-27 10:45:43 | node_6 | INFO ] 🛠️ Calling force_add_local_model...
[ 2026-03-27 10:45:43 | node_6 | INFO ] ✅ [FORCE] Local model added for round 5. (1/9)
[ 2026-03-27 10:45:45 | node_4 | INFO ] 🎓 Training step done.
[ 2026-03-27 10:45:45 | node_4 | INFO ] 🛠️ Calling force_add_local_model...
[ 2026-03-27 10:45:45 | node_4 | INFO ] ✅ [FORCE] Local model added for round 5. (1/7)
[ 2026-03-27 10:45:47 | node_3 | INFO ] 📤 Sending model to 9 direct neighbors: ['node', 'node_1', 'node_2', 'node_4', 'node_5', 'node_6', 'node_7', 'node_8', 'node_9']
[ 2026-03-27 10:45:47 | node | INFO ] 🧩 Model added for round 5 (2/10) from ['node_3']
[ 2026-03-27 10:45:47 | node_1 | INFO ] 🧩 Model added for round 5 (2/9) from ['node_3']
[ 2026-03-27 10:45:47 | node_2 | INFO ] 🧩 Model added for round 5 (2/10) from ['node_3']
[ 2026-03-27 10:45:47 | node_4 | INFO ] 🧩 Model added for round 5 (2/7) from ['node_3']
[ 2026-03-27 10:45:47 | node_7 | INFO ] 📤 Sending model to 7 direct neighbors: ['node', 'node_2', 'node_3', 'node_5', 'node_6', 'node_8', 'node_9']
[ 2026-03-27 10:45:47 | node | INFO ] 🧩 Model added for round 5 (3/10) from ['node_7']
[ 2026-03-27 10:45:47 | node_5 | INFO ] 🧩 Model added for round 5 (2/9) from ['node_3']
[ 2026-03-27 10:45:47 | node | INFO ] 📤 Sending model to 9 direct neighbors: ['node_1', 'node_2', 'node_3', 'node_4', 'node_5', 'node_6', 'node_7', 'node_8', 'node_9']
[ 2026-03-27 10:45:47 | node_1 | INFO ] 🧩 Model added for round 5 (3/9) from ['node']
[ 2026-03-27 10:45:47 | node_2 | INFO ] 🧩 Model added for round 5 (3/10) from ['node_7']
[ 2026-03-27 10:45:47 | node_6 | INFO ] 🧩 Model added for round 5 (2/9) from ['node_3']
[ 2026-03-27 10:45:47 | node_9 | INFO ] 📤 Sending model to 9 direct neighbors: ['node', 'node_1', 'node_2', 'node_3', 'node_4', 'node_5', 'node_6', 'node_7', 'node_8']
[ 2026-03-27 10:45:47 | node_2 | INFO ] 🧩 Model added for round 5 (4/10) from ['node']
[ 2026-03-27 10:45:47 | node | INFO ] 🧩 Model added for round 5 (4/10) from ['node_9']
[ 2026-03-27 10:45:48 | node_3 | INFO ] 🧩 Model added for round 5 (2/10) from ['node_7']
[ 2026-03-27 10:45:48 | node_7 | INFO ] 🧩 Model added for round 5 (2/8) from ['node_3']
[ 2026-03-27 10:45:48 | node_8 | INFO ] 📤 Sending model to 7 direct neighbors: ['node', 'node_1', 'node_2', 'node_3', 'node_5', 'node_7', 'node_9']
[ 2026-03-27 10:45:48 | node_1 | INFO ] 📤 Sending model to 8 direct neighbors: ['node', 'node_2', 'node_3', 'node_4', 'node_5', 'node_6', 'node_8', 'node_9']
[ 2026-03-27 10:45:48 | node_3 | INFO ] 🧩 Model added for round 5 (3/10) from ['node']
[ 2026-03-27 10:45:48 | node | INFO ] 🧩 Model added for round 5 (5/10) from ['node_8']
[ 2026-03-27 10:45:48 | node_1 | INFO ] 🧩 Model added for round 5 (4/9) from ['node_9']
[ 2026-03-27 10:45:48 | node | INFO ] 🧩 Model added for round 5 (6/10) from ['node_1']
[ 2026-03-27 10:45:48 | node_5 | INFO ] 📤 Sending model to 8 direct neighbors: ['node', 'node_1', 'node_2', 'node_3', 'node_6', 'node_7', 'node_8', 'node_9']
[ 2026-03-27 10:45:48 | node_8 | INFO ] 🧩 Model added for round 5 (2/8) from ['node_3']
[ 2026-03-27 10:45:48 | node_5 | INFO ] 🧩 Model added for round 5 (3/9) from ['node_7']
[ 2026-03-27 10:45:48 | node | INFO ] 🧩 Model added for round 5 (7/10) from ['node_5']
[ 2026-03-27 10:45:48 | node_2 | INFO ] 📤 Sending model to 9 direct neighbors: ['node', 'node_1', 'node_3', 'node_4', 'node_5', 'node_6', 'node_7', 'node_8', 'node_9']
[ 2026-03-27 10:45:48 | node_6 | INFO ] 📤 Sending model to 8 direct neighbors: ['node', 'node_1', 'node_2', 'node_3', 'node_4', 'node_5', 'node_7', 'node_9']
[ 2026-03-27 10:45:48 | node_1 | INFO ] 🧩 Model added for round 5 (5/9) from ['node_8']
[ 2026-03-27 10:45:48 | node_4 | INFO ] 🧩 Model added for round 5 (3/7) from ['node']
[ 2026-03-27 10:45:48 | node_9 | INFO ] 🧩 Model added for round 5 (2/10) from ['node_3']
[ 2026-03-27 10:45:48 | node_2 | INFO ] 🧩 Model added for round 5 (5/10) from ['node_9']
[ 2026-03-27 10:45:48 | node | INFO ] 🧩 Model added for round 5 (8/10) from ['node_6']
[ 2026-03-27 10:45:48 | node_2 | INFO ] 🧩 Model added for round 5 (6/10) from ['node_1']
[ 2026-03-27 10:45:48 | node | INFO ] 🧩 Model added for round 5 (9/10) from ['node_2']
[ 2026-03-27 10:45:48 | node_6 | INFO ] 🧩 Model added for round 5 (3/9) from ['node_7']
[ 2026-03-27 10:45:49 | node_1 | INFO ] 🧩 Model added for round 5 (6/9) from ['node_5']
[ 2026-03-27 10:45:49 | node_5 | INFO ] 🧩 Model added for round 5 (4/9) from ['node']
[ 2026-03-27 10:45:49 | node_2 | INFO ] 🧩 Model added for round 5 (7/10) from ['node_8']
[ 2026-03-27 10:45:49 | node_3 | INFO ] 🧩 Model added for round 5 (4/10) from ['node_1']
[ 2026-03-27 10:45:49 | node_1 | INFO ] 🧩 Model added for round 5 (7/9) from ['node_2']
[ 2026-03-27 10:45:49 | node_8 | INFO ] 🧩 Model added for round 5 (3/8) from ['node_7']
[ 2026-03-27 10:45:49 | node_3 | INFO ] 🧩 Model added for round 5 (5/10) from ['node_9']
[ 2026-03-27 10:45:49 | node_2 | INFO ] 🧩 Model added for round 5 (8/10) from ['node_5']
[ 2026-03-27 10:45:49 | node_1 | INFO ] 🧩 Model added for round 5 (8/9) from ['node_6']
[ 2026-03-27 10:45:49 | node_6 | INFO ] 🧩 Model added for round 5 (4/9) from ['node']
[ 2026-03-27 10:45:49 | node_3 | INFO ] 🧩 Model added for round 5 (6/10) from ['node_2']
[ 2026-03-27 10:45:49 | node_4 | INFO ] 🧩 Model added for round 5 (4/7) from ['node_1']
[ 2026-03-27 10:45:49 | node_3 | INFO ] 🧩 Model added for round 5 (7/10) from ['node_8']
[ 2026-03-27 10:45:49 | node_9 | INFO ] 🧩 Model added for round 5 (3/10) from ['node_7']
[ 2026-03-27 10:45:49 | node_3 | INFO ] 🧩 Model added for round 5 (8/10) from ['node_5']
[ 2026-03-27 10:45:49 | node_2 | INFO ] 🧩 Model added for round 5 (9/10) from ['node_6']
[ 2026-03-27 10:45:49 | node_4 | INFO ] 🧩 Model added for round 5 (5/7) from ['node_9']
[ 2026-03-27 10:45:50 | node_5 | INFO ] 🧩 Model added for round 5 (5/9) from ['node_1']
[ 2026-03-27 10:45:50 | node_7 | INFO ] 🧩 Model added for round 5 (3/8) from ['node']
[ 2026-03-27 10:45:50 | node_4 | INFO ] 🧩 Model added for round 5 (6/7) from ['node_2']
[ 2026-03-27 10:45:50 | node_5 | INFO ] 🧩 Model added for round 5 (6/9) from ['node_8']
[ 2026-03-27 10:45:50 | node_6 | INFO ] 🧩 Model added for round 5 (5/9) from ['node_5']
[ 2026-03-27 10:45:50 | node_3 | INFO ] 🧩 Model added for round 5 (9/10) from ['node_6']
[ 2026-03-27 10:45:50 | node_5 | INFO ] 🧩 Model added for round 5 (7/9) from ['node_9']
[ 2026-03-27 10:45:50 | node_6 | INFO ] 🧩 Model added for round 5 (6/9) from ['node_1']
[ 2026-03-27 10:45:50 | node_8 | INFO ] 🧩 Model added for round 5 (4/8) from ['node']
[ 2026-03-27 10:45:50 | node_4 | INFO ] 📤 Sending model to 6 direct neighbors: ['node', 'node_1', 'node_2', 'node_3', 'node_6', 'node_9']
[ 2026-03-27 10:45:50 | node_5 | INFO ] 🧩 Model added for round 5 (8/9) from ['node_2']
[ 2026-03-27 10:45:50 | node_7 | INFO ] 🧩 Model added for round 5 (4/8) from ['node_8']
[ 2026-03-27 10:45:50 | node_4 | INFO ] 🧩 Model added for round 5 (7/7) from ['node_6']
[ 2026-03-27 10:45:50 | node_7 | INFO ] 🧩 Model added for round 5 (5/8) from ['node_5']
[ 2026-03-27 10:45:50 | node | INFO ] 🧩 Model added for round 5 (10/10) from ['node_4']
[ 2026-03-27 10:45:50 | node_6 | INFO ] 🧩 Model added for round 5 (7/9) from ['node_9']
[ 2026-03-27 10:45:51 | node_9 | INFO ] 🧩 Model added for round 5 (4/10) from ['node']
[ 2026-03-27 10:45:51 | node_8 | INFO ] 🧩 Model added for round 5 (5/8) from ['node_1']
[ 2026-03-27 10:45:51 | node_5 | INFO ] 🧩 Model added for round 5 (9/9) from ['node_6']
[ 2026-03-27 10:45:51 | node_9 | INFO ] 🧩 Model added for round 5 (5/10) from ['node_8']
[ 2026-03-27 10:45:51 | node_6 | INFO ] 🧩 Model added for round 5 (8/9) from ['node_2']
[ 2026-03-27 10:45:51 | node_8 | INFO ] 🧩 Model added for round 5 (6/8) from ['node_5']
[ 2026-03-27 10:45:51 | node_7 | INFO ] 🧩 Model added for round 5 (6/8) from ['node_9']
[ 2026-03-27 10:45:51 | node_1 | INFO ] 🧩 Model added for round 5 (9/9) from ['node_4']
[ 2026-03-27 10:45:51 | node_9 | INFO ] 🧩 Model added for round 5 (6/10) from ['node_1']
[ 2026-03-27 10:45:51 | node_9 | INFO ] 🧩 Model added for round 5 (7/10) from ['node_5']
[ 2026-03-27 10:45:51 | node_7 | INFO ] 🧩 Model added for round 5 (7/8) from ['node_2']
[ 2026-03-27 10:45:51 | node_7 | INFO ] 🧩 Model added for round 5 (8/8) from ['node_6']
[ 2026-03-27 10:45:51 | node_8 | INFO ] 🧩 Model added for round 5 (7/8) from ['node_9']
[ 2026-03-27 10:45:51 | node_2 | INFO ] 🧩 Model added for round 5 (10/10) from ['node_4']
[ 2026-03-27 10:45:52 | node_9 | INFO ] 🧩 Model added for round 5 (8/10) from ['node_6']
[ 2026-03-27 10:45:52 | node_8 | INFO ] 🧩 Model added for round 5 (8/8) from ['node_2']
[ 2026-03-27 10:45:52 | node_5 | INFO ] 🧠 Aggregation complete. Setting new model.
[ 2026-03-27 10:45:52 | node_7 | INFO ] 🧠 Aggregation complete. Setting new model.
[ 2026-03-27 10:45:52 | node | INFO ] 🧠 Aggregation complete. Setting new model.
[ 2026-03-27 10:45:52 | node_1 | INFO ] 🧠 Aggregation complete. Setting new model.
[ 2026-03-27 10:45:52 | node_8 | INFO ] 🧠 Aggregation complete. Setting new model.
[ 2026-03-27 10:45:52 | node_7 | INFO ] 🗣️ Gossiping aggregated model.
[ 2026-03-27 10:45:52 | node_8 | INFO ] 🗣️ Gossiping aggregated model.
[ 2026-03-27 10:45:52 | node | INFO ] 🗣️ Gossiping aggregated model.
[ 2026-03-27 10:45:52 | node_1 | INFO ] 🗣️ Gossiping aggregated model.
[ 2026-03-27 10:45:52 | node_5 | INFO ] 🗣️ Gossiping aggregated model.
[ 2026-03-27 10:45:52 | node_9 | INFO ] 🧩 Model added for round 5 (9/10) from ['node_2']
[ 2026-03-27 10:45:52 | node_3 | INFO ] 🧩 Model added for round 5 (10/10) from ['node_4']
[ 2026-03-27 10:45:52 | node_6 | INFO ] 🧩 Model added for round 5 (9/9) from ['node_4']
[ 2026-03-27 10:45:53 | node_3 | INFO ] 🧠 Aggregation complete. Setting new model.
[ 2026-03-27 10:45:53 | node_6 | INFO ] 🧠 Aggregation complete. Setting new model.
[ 2026-03-27 10:45:53 | node_2 | INFO ] 🧠 Aggregation complete. Setting new model.
[ 2026-03-27 10:45:53 | node_9 | INFO ] 🧩 Model added for round 5 (10/10) from ['node_4']
[ 2026-03-27 10:45:53 | node_9 | INFO ] 🧠 Aggregation complete. Setting new model.
[ 2026-03-27 10:45:53 | node_3 | INFO ] 🗣️ Gossiping aggregated model.
[ 2026-03-27 10:45:53 | node_6 | INFO ] 🗣️ Gossiping aggregated model.
[ 2026-03-27 10:45:53 | node_2 | INFO ] 🗣️ Gossiping aggregated model.
[ 2026-03-27 10:45:53 | node_9 | INFO ] 🗣️ Gossiping aggregated model.
[ 2026-03-27 10:45:53 | node_7 | INFO ] 🤫 Gossip finished.
[ 2026-03-27 10:45:53 | node_7 | INFO ] 🔬 Evaluating...
[ 2026-03-27 10:45:53 | node_4 | INFO ] 🧠 Aggregation complete. Setting new model.
[ 2026-03-27 10:45:54 | node_4 | INFO ] 🗣️ Gossiping aggregated model.
[ 2026-03-27 10:45:54 | node_4 | INFO ] 🤫 Gossip finished.
[ 2026-03-27 10:45:54 | node_4 | INFO ] 🔬 Evaluating...
[ 2026-03-27 10:45:54 | node_7 | INFO ] 📈 Evaluated. Results: {'test_loss': 1.5473957061767578, 'test_acc': 0.49127399921417236, 'test_precision': 0.177299365401268, 'test_recall': 0.09813222289085388, 'test_f1': 0.124160036444664, 'communication_cost': 26343772}
[ 2026-03-27 10:45:54 | node_7 | INFO ] 📢 Broadcasting metrics.
[ 2026-03-27 10:45:54 | node_4 | INFO ] 📈 Evaluated. Results: {'test_loss': 4.903766632080078, 'test_acc': 0.04249291867017746, 'test_precision': 0.45165249705314636, 'test_recall': 0.049972664564847946, 'test_f1': 0.06266868114471436, 'communication_cost': 22580376}
[ 2026-03-27 10:45:54 | node_4 | INFO ] 📢 Broadcasting metrics.
[ 2026-03-27 10:45:54 | node_4 | INFO ] 🎉 Round 6 of 10 finished.
[ 2026-03-27 10:45:54 | node_4 | INFO ] 🗳️ [DETERMINISTIC] Train set assigned (No Voting). Size: 10
[ 2026-03-27 10:45:54 | node_7 | INFO ] 🎉 Round 6 of 10 finished.
[ 2026-03-27 10:45:54 | node_4 | INFO ] 🏋️‍♀️ Preparing training...
[ 2026-03-27 10:45:54 | node_7 | INFO ] 🗳️ [DETERMINISTIC] Train set assigned (No Voting). Size: 10
[ 2026-03-27 10:45:54 | node_7 | INFO ] 🏋️‍♀️ Preparing training...
[ 2026-03-27 10:45:56 | node_7 | INFO ] 🎓 Training step done.
[ 2026-03-27 10:45:56 | node_7 | INFO ] 🛠️ Calling force_add_local_model...
[ 2026-03-27 10:45:56 | node_7 | INFO ] ✅ [FORCE] Local model added for round 6. (1/8)
[ 2026-03-27 10:46:00 | node_4 | INFO ] 🎓 Training step done.
[ 2026-03-27 10:46:00 | node_4 | INFO ] 🛠️ Calling force_add_local_model...
[ 2026-03-27 10:46:00 | node_4 | INFO ] ✅ [FORCE] Local model added for round 6. (1/7)
[ 2026-03-27 10:46:01 | node_7 | INFO ] 📤 Sending model to 7 direct neighbors: ['node', 'node_2', 'node_3', 'node_5', 'node_6', 'node_8', 'node_9']
[ 2026-03-27 10:46:05 | node_4 | INFO ] 📤 Sending model to 6 direct neighbors: ['node', 'node_1', 'node_2', 'node_3', 'node_6', 'node_9']
[ 2026-03-27 10:46:05 | node_8 | INFO ] ⏹️  Gossiping exited for 10 equal rounds.
[ 2026-03-27 10:46:05 | node_8 | INFO ] 🔬 Evaluating...
[ 2026-03-27 10:46:05 | node_8 | INFO ] 📈 Evaluated. Results: {'test_loss': 1.1912970542907715, 'test_acc': 0.626593828201294, 'test_precision': 0.2588669955730438, 'test_recall': 0.18914031982421875, 'test_f1': 0.20962724089622498, 'communication_cost': 26343772}
[ 2026-03-27 10:46:05 | node_8 | INFO ] 📢 Broadcasting metrics.
[ 2026-03-27 10:46:05 | node_5 | INFO ] ⏹️  Gossiping exited for 10 equal rounds.
[ 2026-03-27 10:46:05 | node_5 | INFO ] 🔬 Evaluating...
[ 2026-03-27 10:46:05 | node | INFO ] ⏹️  Gossiping exited for 10 equal rounds.
[ 2026-03-27 10:46:05 | node | INFO ] 🔬 Evaluating...
[ 2026-03-27 10:46:05 | node_5 | INFO ] 📈 Evaluated. Results: {'test_loss': 0.39505863189697266, 'test_acc': 0.8644793033599854, 'test_precision': 0.46815088391304016, 'test_recall': 0.4466806948184967, 'test_f1': 0.4522944986820221, 'communication_cost': 30107168}
[ 2026-03-27 10:46:05 | node_8 | INFO ] 🎉 Round 6 of 10 finished.
[ 2026-03-27 10:46:05 | node_5 | INFO ] 📢 Broadcasting metrics.
[ 2026-03-27 10:46:05 | node_8 | INFO ] 🗳️ [DETERMINISTIC] Train set assigned (No Voting). Size: 10
[ 2026-03-27 10:46:05 | node_8 | INFO ] ♻️ Proactively processing 1 early models for round 6.
[ 2026-03-27 10:46:05 | node_8 | INFO ] 🧩 Model added for round 6 (1/8) from ['node_7']
[ 2026-03-27 10:46:05 | node_8 | INFO ] 🏋️‍♀️ Preparing training...
[ 2026-03-27 10:46:06 | node_6 | INFO ] ⏹️  Gossiping exited for 10 equal rounds.
[ 2026-03-27 10:46:06 | node_6 | INFO ] 🔬 Evaluating...
[ 2026-03-27 10:46:06 | node | INFO ] 📈 Evaluated. Results: {'test_loss': 2.68414568901062, 'test_acc': 0.11054638028144836, 'test_precision': 0.1153959110379219, 'test_recall': 0.051615048199892044, 'test_f1': 0.04671871289610863, 'communication_cost': 33870564}
[ 2026-03-27 10:46:06 | node | INFO ] 📢 Broadcasting metrics.
[ 2026-03-27 10:46:06 | node_5 | INFO ] 🎉 Round 6 of 10 finished.
[ 2026-03-27 10:46:06 | node_5 | INFO ] 🗳️ [DETERMINISTIC] Train set assigned (No Voting). Size: 10
[ 2026-03-27 10:46:06 | node_5 | INFO ] ♻️ Proactively processing 1 early models for round 6.
[ 2026-03-27 10:46:06 | node_5 | INFO ] 🧩 Model added for round 6 (1/9) from ['node_7']
[ 2026-03-27 10:46:06 | node_5 | INFO ] 🏋️‍♀️ Preparing training...
[ 2026-03-27 10:46:06 | node_3 | INFO ] ⏹️  Gossiping exited for 10 equal rounds.
[ 2026-03-27 10:46:06 | node_6 | INFO ] 📈 Evaluated. Results: {'test_loss': 7.347838401794434, 'test_acc': 0.028077753260731697, 'test_precision': 0.0820840522646904, 'test_recall': 0.025203712284564972, 'test_f1': 0.021838579326868057, 'communication_cost': 30107168}
[ 2026-03-27 10:46:06 | node_3 | INFO ] 🔬 Evaluating...
[ 2026-03-27 10:46:06 | node_6 | INFO ] 📢 Broadcasting metrics.
[ 2026-03-27 10:46:06 | node_2 | INFO ] ⏹️  Gossiping exited for 10 equal rounds.
[ 2026-03-27 10:46:06 | node_2 | INFO ] 🔬 Evaluating...
[ 2026-03-27 10:46:06 | node | INFO ] 🎉 Round 6 of 10 finished.
[ 2026-03-27 10:46:06 | node | INFO ] 🗳️ [DETERMINISTIC] Train set assigned (No Voting). Size: 10
[ 2026-03-27 10:46:06 | node | INFO ] ♻️ Proactively processing 2 early models for round 6.
[ 2026-03-27 10:46:06 | node_9 | INFO ] ⏹️  Gossiping exited for 10 equal rounds.
[ 2026-03-27 10:46:06 | node | INFO ] 🧩 Model added for round 6 (1/10) from ['node_7']
[ 2026-03-27 10:46:06 | node | INFO ] 🧩 Model added for round 6 (2/10) from ['node_4']
[ 2026-03-27 10:46:06 | node | INFO ] 🏋️‍♀️ Preparing training...
[ 2026-03-27 10:46:06 | node_9 | INFO ] 🔬 Evaluating...
[ 2026-03-27 10:46:06 | node_6 | INFO ] 🎉 Round 6 of 10 finished.
[ 2026-03-27 10:46:06 | node_6 | INFO ] 🗳️ [DETERMINISTIC] Train set assigned (No Voting). Size: 10
[ 2026-03-27 10:46:06 | node_6 | INFO ] ♻️ Proactively processing 2 early models for round 6.
[ 2026-03-27 10:46:06 | node_6 | INFO ] 🧩 Model added for round 6 (1/9) from ['node_7']
[ 2026-03-27 10:46:07 | node_6 | INFO ] 🧩 Model added for round 6 (2/9) from ['node_4']
[ 2026-03-27 10:46:07 | node_6 | INFO ] 🏋️‍♀️ Preparing training...
[ 2026-03-27 10:46:07 | node_9 | INFO ] 📈 Evaluated. Results: {'test_loss': 0.8051140308380127, 'test_acc': 0.7173396944999695, 'test_precision': 0.4019341766834259, 'test_recall': 0.3331475257873535, 'test_f1': 0.3491987884044647, 'communication_cost': 33870564}
[ 2026-03-27 10:46:07 | node_9 | INFO ] 📢 Broadcasting metrics.
[ 2026-03-27 10:46:07 | node_2 | INFO ] 📈 Evaluated. Results: {'test_loss': 1.2448432445526123, 'test_acc': 0.6349453926086426, 'test_precision': 0.32534486055374146, 'test_recall': 0.2467111051082611, 'test_f1': 0.2564704418182373, 'communication_cost': 33870564}
[ 2026-03-27 10:46:07 | node_2 | INFO ] 📢 Broadcasting metrics.
[ 2026-03-27 10:46:07 | node_3 | INFO ] 📈 Evaluated. Results: {'test_loss': 3.0941433906555176, 'test_acc': 0.16450215876102448, 'test_precision': 0.2292071282863617, 'test_recall': 0.05979371443390846, 'test_f1': 0.07671846449375153, 'communication_cost': 33870564}
[ 2026-03-27 10:46:07 | node_3 | INFO ] 📢 Broadcasting metrics.
[ 2026-03-27 10:46:07 | node | INFO ] 🎓 Training step done.
[ 2026-03-27 10:46:07 | node | INFO ] 🛠️ Calling force_add_local_model...
[ 2026-03-27 10:46:07 | node | INFO ] ✅ [FORCE] Local model added for round 6. (3/10)
[ 2026-03-27 10:46:07 | node_8 | INFO ] 🎓 Training step done.
[ 2026-03-27 10:46:07 | node_8 | INFO ] 🛠️ Calling force_add_local_model...
[ 2026-03-27 10:46:07 | node_8 | INFO ] ✅ [FORCE] Local model added for round 6. (2/8)
[ 2026-03-27 10:46:07 | node_9 | INFO ] 🎉 Round 6 of 10 finished.
[ 2026-03-27 10:46:07 | node_9 | INFO ] 🗳️ [DETERMINISTIC] Train set assigned (No Voting). Size: 10
[ 2026-03-27 10:46:07 | node_9 | INFO ] ♻️ Proactively processing 2 early models for round 6.
[ 2026-03-27 10:46:07 | node_9 | INFO ] 🧩 Model added for round 6 (1/10) from ['node_7']
[ 2026-03-27 10:46:07 | node_9 | INFO ] 🧩 Model added for round 6 (2/10) from ['node_4']
[ 2026-03-27 10:46:07 | node_9 | INFO ] 🏋️‍♀️ Preparing training...
[ 2026-03-27 10:46:07 | node_3 | INFO ] 🎉 Round 6 of 10 finished.
[ 2026-03-27 10:46:07 | node_3 | INFO ] 🗳️ [DETERMINISTIC] Train set assigned (No Voting). Size: 10
[ 2026-03-27 10:46:07 | node_3 | INFO ] ♻️ Proactively processing 2 early models for round 6.
[ 2026-03-27 10:46:07 | node_3 | INFO ] 🧩 Model added for round 6 (1/10) from ['node_7']
[ 2026-03-27 10:46:07 | node_3 | INFO ] 🧩 Model added for round 6 (2/10) from ['node_4']
[ 2026-03-27 10:46:07 | node_2 | INFO ] 🎉 Round 6 of 10 finished.
[ 2026-03-27 10:46:07 | node_3 | INFO ] 🏋️‍♀️ Preparing training...
[ 2026-03-27 10:46:07 | node_2 | INFO ] 🗳️ [DETERMINISTIC] Train set assigned (No Voting). Size: 10
[ 2026-03-27 10:46:07 | node_2 | INFO ] ♻️ Proactively processing 2 early models for round 6.
[ 2026-03-27 10:46:07 | node_2 | INFO ] 🧩 Model added for round 6 (1/10) from ['node_7']
[ 2026-03-27 10:46:07 | node_2 | INFO ] 🧩 Model added for round 6 (2/10) from ['node_4']
[ 2026-03-27 10:46:07 | node_2 | INFO ] 🏋️‍♀️ Preparing training...
[ 2026-03-27 10:46:08 | node_3 | INFO ] 🎓 Training step done.
[ 2026-03-27 10:46:08 | node_3 | INFO ] 🛠️ Calling force_add_local_model...
[ 2026-03-27 10:46:08 | node_3 | INFO ] ✅ [FORCE] Local model added for round 6. (3/10)
[ 2026-03-27 10:46:08 | node_5 | INFO ] 🎓 Training step done.
[ 2026-03-27 10:46:08 | node_5 | INFO ] 🛠️ Calling force_add_local_model...
[ 2026-03-27 10:46:08 | node_5 | INFO ] ✅ [FORCE] Local model added for round 6. (2/9)
[ 2026-03-27 10:46:09 | node_9 | INFO ] 🎓 Training step done.
[ 2026-03-27 10:46:09 | node_9 | INFO ] 🛠️ Calling force_add_local_model...
[ 2026-03-27 10:46:09 | node_9 | INFO ] ✅ [FORCE] Local model added for round 6. (3/10)
[ 2026-03-27 10:46:09 | node_6 | INFO ] 🎓 Training step done.
[ 2026-03-27 10:46:09 | node_6 | INFO ] 🛠️ Calling force_add_local_model...
[ 2026-03-27 10:46:09 | node_6 | INFO ] ✅ [FORCE] Local model added for round 6. (3/9)
[ 2026-03-27 10:46:09 | node_2 | INFO ] 🎓 Training step done.
[ 2026-03-27 10:46:09 | node_2 | INFO ] 🛠️ Calling force_add_local_model...
[ 2026-03-27 10:46:09 | node_2 | INFO ] ✅ [FORCE] Local model added for round 6. (3/10)
[ 2026-03-27 10:46:12 | node | INFO ] 📤 Sending model to 9 direct neighbors: ['node_1', 'node_2', 'node_3', 'node_4', 'node_5', 'node_6', 'node_7', 'node_8', 'node_9']
[ 2026-03-27 10:46:12 | node_2 | INFO ] 🧩 Model added for round 6 (4/10) from ['node']
[ 2026-03-27 10:46:12 | node_8 | INFO ] 📤 Sending model to 7 direct neighbors: ['node', 'node_1', 'node_2', 'node_3', 'node_5', 'node_7', 'node_9']
[ 2026-03-27 10:46:12 | node | INFO ] 🧩 Model added for round 6 (4/10) from ['node_8']
[ 2026-03-27 10:46:12 | node_3 | INFO ] 🧩 Model added for round 6 (4/10) from ['node']
[ 2026-03-27 10:46:12 | node_4 | INFO ] 🧩 Model added for round 6 (2/7) from ['node']
[ 2026-03-27 10:46:12 | node_2 | INFO ] 🧩 Model added for round 6 (5/10) from ['node_8']
[ 2026-03-27 10:46:13 | node_5 | INFO ] 🧩 Model added for round 6 (3/9) from ['node']
[ 2026-03-27 10:46:13 | node_3 | INFO ] 📤 Sending model to 9 direct neighbors: ['node', 'node_1', 'node_2', 'node_4', 'node_5', 'node_6', 'node_7', 'node_8', 'node_9']
[ 2026-03-27 10:46:13 | node_3 | INFO ] 🧩 Model added for round 6 (5/10) from ['node_8']
[ 2026-03-27 10:46:13 | node_5 | INFO ] 📤 Sending model to 8 direct neighbors: ['node', 'node_1', 'node_2', 'node_3', 'node_6', 'node_7', 'node_8', 'node_9']
[ 2026-03-27 10:46:13 | node | INFO ] 🧩 Model added for round 6 (5/10) from ['node_3']
[ 2026-03-27 10:46:13 | node | INFO ] 🧩 Model added for round 6 (6/10) from ['node_5']
[ 2026-03-27 10:46:13 | node_6 | INFO ] 🧩 Model added for round 6 (4/9) from ['node']
[ 2026-03-27 10:46:13 | node_5 | INFO ] 🧩 Model added for round 6 (4/9) from ['node_8']
[ 2026-03-27 10:46:13 | node_2 | INFO ] 🧩 Model added for round 6 (6/10) from ['node_3']
[ 2026-03-27 10:46:13 | node_7 | INFO ] 🧩 Model added for round 6 (2/8) from ['node_8']
[ 2026-03-27 10:46:13 | node_2 | INFO ] 🧩 Model added for round 6 (7/10) from ['node_5']
[ 2026-03-27 10:46:13 | node_7 | INFO ] 🧩 Model added for round 6 (3/8) from ['node']
[ 2026-03-27 10:46:14 | node_8 | INFO ] 🧩 Model added for round 6 (3/8) from ['node']
[ 2026-03-27 10:46:14 | node_9 | INFO ] 🧩 Model added for round 6 (4/10) from ['node_8']
[ 2026-03-27 10:46:14 | node_4 | INFO ] 🧩 Model added for round 6 (3/7) from ['node_3']
[ 2026-03-27 10:46:14 | node_3 | INFO ] 🧩 Model added for round 6 (6/10) from ['node_5']
[ 2026-03-27 10:46:14 | node_9 | INFO ] 📤 Sending model to 9 direct neighbors: ['node', 'node_1', 'node_2', 'node_3', 'node_4', 'node_5', 'node_6', 'node_7', 'node_8']
[ 2026-03-27 10:46:14 | node_9 | INFO ] 🧩 Model added for round 6 (5/10) from ['node']
[ 2026-03-27 10:46:14 | node_5 | INFO ] 🧩 Model added for round 6 (5/9) from ['node_3']
[ 2026-03-27 10:46:14 | node | INFO ] 🧩 Model added for round 6 (7/10) from ['node_9']
[ 2026-03-27 10:46:14 | node_6 | INFO ] 🧩 Model added for round 6 (5/9) from ['node_5']
[ 2026-03-27 10:46:14 | node_6 | INFO ] 📤 Sending model to 8 direct neighbors: ['node', 'node_1', 'node_2', 'node_3', 'node_4', 'node_5', 'node_7', 'node_9']
[ 2026-03-27 10:46:14 | node_6 | INFO ] 🧩 Model added for round 6 (6/9) from ['node_3']
[ 2026-03-27 10:46:14 | node | INFO ] 🧩 Model added for round 6 (8/10) from ['node_6']
[ 2026-03-27 10:46:14 | node_7 | INFO ] 🧩 Model added for round 6 (4/8) from ['node_5']
[ 2026-03-27 10:46:14 | node_2 | INFO ] 🧩 Model added for round 6 (8/10) from ['node_9']
[ 2026-03-27 10:46:14 | node_2 | INFO ] 📤 Sending model to 9 direct neighbors: ['node', 'node_1', 'node_3', 'node_4', 'node_5', 'node_6', 'node_7', 'node_8', 'node_9']
[ 2026-03-27 10:46:15 | node_7 | INFO ] 🧩 Model added for round 6 (5/8) from ['node_3']
[ 2026-03-27 10:46:15 | node | INFO ] 🧩 Model added for round 6 (9/10) from ['node_2']
[ 2026-03-27 10:46:15 | node_8 | INFO ] 🧩 Model added for round 6 (4/8) from ['node_5']
[ 2026-03-27 10:46:15 | node_2 | INFO ] 🧩 Model added for round 6 (9/10) from ['node_6']
[ 2026-03-27 10:46:15 | node_3 | INFO ] 🧩 Model added for round 6 (7/10) from ['node_9']
[ 2026-03-27 10:46:15 | node_8 | INFO ] 🧩 Model added for round 6 (5/8) from ['node_3']
[ 2026-03-27 10:46:15 | node_9 | INFO ] 🧩 Model added for round 6 (6/10) from ['node_5']
[ 2026-03-27 10:46:15 | node_1 | INFO ] ⏹️  Gossiping exited for 10 equal rounds.
[ 2026-03-27 10:46:15 | node_3 | INFO ] 🧩 Model added for round 6 (8/10) from ['node_2']
[ 2026-03-27 10:46:15 | node_1 | INFO ] 🔬 Evaluating...
[ 2026-03-27 10:46:15 | node_4 | INFO ] 🧩 Model added for round 6 (4/7) from ['node_9']
[ 2026-03-27 10:46:15 | node_3 | INFO ] 🧩 Model added for round 6 (9/10) from ['node_6']
[ 2026-03-27 10:46:15 | node_9 | INFO ] 🧩 Model added for round 6 (7/10) from ['node_3']
[ 2026-03-27 10:46:15 | node_5 | INFO ] 🧩 Model added for round 6 (6/9) from ['node_9']
[ 2026-03-27 10:46:16 | node_4 | INFO ] 🧩 Model added for round 6 (5/7) from ['node_2']
[ 2026-03-27 10:46:16 | node_1 | INFO ] 📈 Evaluated. Results: {'test_loss': 2.299023389816284, 'test_acc': 0.12383900582790375, 'test_precision': 0.2221836894750595, 'test_recall': 0.058327872306108475, 'test_f1': 0.05879271775484085, 'communication_cost': 30107168}
[ 2026-03-27 10:46:16 | node_1 | INFO ] 📢 Broadcasting metrics.
[ 2026-03-27 10:46:16 | node_4 | INFO ] 🧩 Model added for round 6 (6/7) from ['node_6']
[ 2026-03-27 10:46:16 | node_5 | INFO ] 🧩 Model added for round 6 (7/9) from ['node_2']
[ 2026-03-27 10:46:16 | node_6 | INFO ] 🧩 Model added for round 6 (7/9) from ['node_9']
[ 2026-03-27 10:46:16 | node_5 | INFO ] 🧩 Model added for round 6 (8/9) from ['node_6']
[ 2026-03-27 10:46:16 | node_6 | INFO ] 🧩 Model added for round 6 (8/9) from ['node_2']
[ 2026-03-27 10:46:16 | node_1 | INFO ] 🎉 Round 6 of 10 finished.
[ 2026-03-27 10:46:16 | node_1 | INFO ] 🗳️ [DETERMINISTIC] Train set assigned (No Voting). Size: 10
[ 2026-03-27 10:46:16 | node_1 | INFO ] ♻️ Proactively processing 8 early models for round 6.
[ 2026-03-27 10:46:16 | node_7 | INFO ] 🧩 Model added for round 6 (6/8) from ['node_6']
[ 2026-03-27 10:46:16 | node_1 | INFO ] 🧩 Model added for round 6 (1/9) from ['node_4']
[ 2026-03-27 10:46:16 | node_1 | INFO ] 🧩 Model added for round 6 (2/9) from ['node']
[ 2026-03-27 10:46:16 | node_1 | INFO ] 🧩 Model added for round 6 (3/9) from ['node_8']
[ 2026-03-27 10:46:16 | node_7 | INFO ] 🧩 Model added for round 6 (7/8) from ['node_9']
[ 2026-03-27 10:46:16 | node_1 | INFO ] 🧩 Model added for round 6 (4/9) from ['node_3']
[ 2026-03-27 10:46:16 | node_1 | INFO ] 🧩 Model added for round 6 (5/9) from ['node_5']
[ 2026-03-27 10:46:16 | node_1 | INFO ] 🧩 Model added for round 6 (6/9) from ['node_9']
[ 2026-03-27 10:46:16 | node_1 | INFO ] 🧩 Model added for round 6 (7/9) from ['node_6']
[ 2026-03-27 10:46:16 | node_1 | INFO ] 🧩 Model added for round 6 (8/9) from ['node_2']
[ 2026-03-27 10:46:16 | node_1 | INFO ] 🏋️‍♀️ Preparing training...
[ 2026-03-27 10:46:16 | node_8 | INFO ] 🧩 Model added for round 6 (6/8) from ['node_9']
[ 2026-03-27 10:46:16 | node_7 | INFO ] 🧩 Model added for round 6 (8/8) from ['node_2']
[ 2026-03-27 10:46:17 | node_9 | INFO ] 🧩 Model added for round 6 (8/10) from ['node_6']
[ 2026-03-27 10:46:17 | node_8 | INFO ] 🧩 Model added for round 6 (7/8) from ['node_2']
[ 2026-03-27 10:46:17 | node_7 | INFO ] 🧠 Aggregation complete. Setting new model.
[ 2026-03-27 10:46:17 | node_7 | INFO ] 🗣️ Gossiping aggregated model.
[ 2026-03-27 10:46:17 | node_9 | INFO ] 🧩 Model added for round 6 (9/10) from ['node_2']
[ 2026-03-27 10:46:17 | node_1 | INFO ] 🎓 Training step done.
[ 2026-03-27 10:46:17 | node_1 | INFO ] 🛠️ Calling force_add_local_model...
[ 2026-03-27 10:46:17 | node_1 | INFO ] ✅ [FORCE] Local model added for round 6. (9/9)
[ 2026-03-27 10:46:22 | node_1 | INFO ] 📤 Sending model to 8 direct neighbors: ['node', 'node_2', 'node_3', 'node_4', 'node_5', 'node_6', 'node_8', 'node_9']
[ 2026-03-27 10:46:22 | node | INFO ] 🧩 Model added for round 6 (10/10) from ['node_1']
[ 2026-03-27 10:46:23 | node_2 | INFO ] 🧩 Model added for round 6 (10/10) from ['node_1']
[ 2026-03-27 10:46:23 | node | INFO ] 🧠 Aggregation complete. Setting new model.
[ 2026-03-27 10:46:23 | node_2 | INFO ] 🧠 Aggregation complete. Setting new model.
[ 2026-03-27 10:46:23 | node | INFO ] 🗣️ Gossiping aggregated model.
[ 2026-03-27 10:46:23 | node_2 | INFO ] 🗣️ Gossiping aggregated model.
[ 2026-03-27 10:46:23 | node_3 | INFO ] 🧩 Model added for round 6 (10/10) from ['node_1']
[ 2026-03-27 10:46:23 | node_4 | INFO ] 🧩 Model added for round 6 (7/7) from ['node_1']
[ 2026-03-27 10:46:23 | node_4 | INFO ] 🧠 Aggregation complete. Setting new model.
[ 2026-03-27 10:46:23 | node_3 | INFO ] 🧠 Aggregation complete. Setting new model.
[ 2026-03-27 10:46:23 | node_5 | INFO ] 🧩 Model added for round 6 (9/9) from ['node_1']
[ 2026-03-27 10:46:23 | node_4 | INFO ] 🗣️ Gossiping aggregated model.
[ 2026-03-27 10:46:23 | node_3 | INFO ] 🗣️ Gossiping aggregated model.
[ 2026-03-27 10:46:24 | node_6 | INFO ] 🧩 Model added for round 6 (9/9) from ['node_1']
[ 2026-03-27 10:46:24 | node_5 | INFO ] 🧠 Aggregation complete. Setting new model.
[ 2026-03-27 10:46:24 | node_6 | INFO ] 🧠 Aggregation complete. Setting new model.
[ 2026-03-27 10:46:24 | node_6 | INFO ] 🗣️ Gossiping aggregated model.
[ 2026-03-27 10:46:24 | node_5 | INFO ] 🗣️ Gossiping aggregated model.
[ 2026-03-27 10:46:24 | node_8 | INFO ] 🧩 Model added for round 6 (8/8) from ['node_1']
[ 2026-03-27 10:46:24 | node_9 | INFO ] 🧩 Model added for round 6 (10/10) from ['node_1']
[ 2026-03-27 10:46:24 | node_8 | INFO ] 🧠 Aggregation complete. Setting new model.
[ 2026-03-27 10:46:24 | node_9 | INFO ] 🧠 Aggregation complete. Setting new model.
[ 2026-03-27 10:46:24 | node_1 | INFO ] 🧠 Aggregation complete. Setting new model.
[ 2026-03-27 10:46:24 | node_8 | INFO ] 🗣️ Gossiping aggregated model.
[ 2026-03-27 10:46:24 | node_9 | INFO ] 🗣️ Gossiping aggregated model.
[ 2026-03-27 10:46:25 | node_1 | INFO ] 🗣️ Gossiping aggregated model.
[ 2026-03-27 10:46:36 | node | INFO ] ⏹️  Gossiping exited for 10 equal rounds.
[ 2026-03-27 10:46:36 | node | INFO ] 🔬 Evaluating...
[ 2026-03-27 10:46:36 | node_2 | INFO ] ⏹️  Gossiping exited for 10 equal rounds.
[ 2026-03-27 10:46:36 | node_2 | INFO ] 🔬 Evaluating...
[ 2026-03-27 10:46:36 | node | INFO ] 📈 Evaluated. Results: {'test_loss': 2.5670440196990967, 'test_acc': 0.1689961850643158, 'test_precision': 0.14304381608963013, 'test_recall': 0.04939985275268555, 'test_f1': 0.06156225875020027, 'communication_cost': 33870564}
[ 2026-03-27 10:46:36 | node_2 | INFO ] 📈 Evaluated. Results: {'test_loss': 1.5823489427566528, 'test_acc': 0.3611544370651245, 'test_precision': 0.1770286113023758, 'test_recall': 0.06622887402772903, 'test_f1': 0.09378273040056229, 'communication_cost': 33870564}
[ 2026-03-27 10:46:36 | node | INFO ] 📢 Broadcasting metrics.
[ 2026-03-27 10:46:36 | node_2 | INFO ] 📢 Broadcasting metrics.
[ 2026-03-27 10:46:36 | node_4 | INFO ] ⏹️  Gossiping exited for 10 equal rounds.
[ 2026-03-27 10:46:36 | node_4 | INFO ] 🔬 Evaluating...
[ 2026-03-27 10:46:36 | node_3 | INFO ] ⏹️  Gossiping exited for 10 equal rounds.
[ 2026-03-27 10:46:36 | node_3 | INFO ] 🔬 Evaluating...
[ 2026-03-27 10:46:36 | node_6 | INFO ] ⏹️  Gossiping exited for 10 equal rounds.
[ 2026-03-27 10:46:36 | node_6 | INFO ] 🔬 Evaluating...
[ 2026-03-27 10:46:37 | node_5 | INFO ] ⏹️  Gossiping exited for 10 equal rounds.
[ 2026-03-27 10:46:37 | node_5 | INFO ] 🔬 Evaluating...
[ 2026-03-27 10:46:37 | node_4 | INFO ] 📈 Evaluated. Results: {'test_loss': 4.178490161895752, 'test_acc': 0.05099150165915489, 'test_precision': 0.26424524188041687, 'test_recall': 0.043233081698417664, 'test_f1': 0.05552849918603897, 'communication_cost': 22580376}
[ 2026-03-27 10:46:37 | node_4 | INFO ] 📢 Broadcasting metrics.
[ 2026-03-27 10:46:37 | node_2 | INFO ] 🎉 Round 7 of 10 finished.
[ 2026-03-27 10:46:37 | node | INFO ] 🎉 Round 7 of 10 finished.
[ 2026-03-27 10:46:37 | node_2 | INFO ] 🗳️ [DETERMINISTIC] Train set assigned (No Voting). Size: 10
[ 2026-03-27 10:46:37 | node | INFO ] 🗳️ [DETERMINISTIC] Train set assigned (No Voting). Size: 10
[ 2026-03-27 10:46:37 | node_2 | INFO ] 🏋️‍♀️ Preparing training...
[ 2026-03-27 10:46:37 | node | INFO ] 🏋️‍♀️ Preparing training...
[ 2026-03-27 10:46:37 | node_6 | INFO ] 📈 Evaluated. Results: {'test_loss': 5.615349292755127, 'test_acc': 0.10583153367042542, 'test_precision': 0.2431105375289917, 'test_recall': 0.045189883559942245, 'test_f1': 0.05701100826263428, 'communication_cost': 30107168}
[ 2026-03-27 10:46:37 | node_6 | INFO ] 📢 Broadcasting metrics.
[ 2026-03-27 10:46:37 | node_5 | INFO ] 📈 Evaluated. Results: {'test_loss': 0.336723268032074, 'test_acc': 0.8972895741462708, 'test_precision': 0.5047392845153809, 'test_recall': 0.5010512471199036, 'test_f1': 0.49006035923957825, 'communication_cost': 30107168}
[ 2026-03-27 10:46:37 | node_5 | INFO ] 📢 Broadcasting metrics.
[ 2026-03-27 10:46:37 | node_4 | INFO ] 🎉 Round 7 of 10 finished.
[ 2026-03-27 10:46:37 | node_4 | INFO ] 🗳️ [DETERMINISTIC] Train set assigned (No Voting). Size: 10
[ 2026-03-27 10:46:37 | node_4 | INFO ] 🏋️‍♀️ Preparing training...
[ 2026-03-27 10:46:37 | node_3 | INFO ] 📈 Evaluated. Results: {'test_loss': 1.531326413154602, 'test_acc': 0.554593563079834, 'test_precision': 0.18584012985229492, 'test_recall': 0.11283840984106064, 'test_f1': 0.13556984066963196, 'communication_cost': 33870564}
[ 2026-03-27 10:46:37 | node_3 | INFO ] 📢 Broadcasting metrics.
[ 2026-03-27 10:46:37 | node_1 | INFO ] ⏹️  Gossiping exited for 10 equal rounds.
[ 2026-03-27 10:46:37 | node_1 | INFO ] 🔬 Evaluating...
[ 2026-03-27 10:46:37 | node | INFO ] 🎓 Training step done.
[ 2026-03-27 10:46:37 | node | INFO ] 🛠️ Calling force_add_local_model...
[ 2026-03-27 10:46:37 | node | INFO ] ✅ [FORCE] Local model added for round 7. (1/10)
[ 2026-03-27 10:46:37 | node_8 | INFO ] ⏹️  Gossiping exited for 10 equal rounds.
[ 2026-03-27 10:46:37 | node_8 | INFO ] 🔬 Evaluating...
[ 2026-03-27 10:46:37 | node_6 | INFO ] 🎉 Round 7 of 10 finished.
[ 2026-03-27 10:46:37 | node_6 | INFO ] 🗳️ [DETERMINISTIC] Train set assigned (No Voting). Size: 10
[ 2026-03-27 10:46:37 | node_6 | INFO ] 🏋️‍♀️ Preparing training...
[ 2026-03-27 10:46:37 | node_5 | INFO ] 🎉 Round 7 of 10 finished.
[ 2026-03-27 10:46:37 | node_5 | INFO ] 🗳️ [DETERMINISTIC] Train set assigned (No Voting). Size: 10
[ 2026-03-27 10:46:37 | node_5 | INFO ] 🏋️‍♀️ Preparing training...
[ 2026-03-27 10:46:38 | node_1 | INFO ] 📈 Evaluated. Results: {'test_loss': 1.8265900611877441, 'test_acc': 0.35087719559669495, 'test_precision': 0.20157551765441895, 'test_recall': 0.07939814776182175, 'test_f1': 0.11080021411180496, 'communication_cost': 30107168}
[ 2026-03-27 10:46:38 | node_8 | INFO ] 📈 Evaluated. Results: {'test_loss': 1.1242378950119019, 'test_acc': 0.562841534614563, 'test_precision': 0.24164746701717377, 'test_recall': 0.18072126805782318, 'test_f1': 0.19578881561756134, 'communication_cost': 26343772}
[ 2026-03-27 10:46:38 | node_1 | INFO ] 📢 Broadcasting metrics.
[ 2026-03-27 10:46:38 | node_8 | INFO ] 📢 Broadcasting metrics.
[ 2026-03-27 10:46:38 | node_9 | INFO ] ⏹️  Gossiping exited for 10 equal rounds.
[ 2026-03-27 10:46:38 | node_9 | INFO ] 🔬 Evaluating...
[ 2026-03-27 10:46:38 | node_3 | INFO ] 🎉 Round 7 of 10 finished.
[ 2026-03-27 10:46:38 | node_3 | INFO ] 🗳️ [DETERMINISTIC] Train set assigned (No Voting). Size: 10
[ 2026-03-27 10:46:38 | node_3 | INFO ] 🏋️‍♀️ Preparing training...
[ 2026-03-27 10:46:38 | node_9 | INFO ] 📈 Evaluated. Results: {'test_loss': 0.5348578691482544, 'test_acc': 0.826603353023529, 'test_precision': 0.5457956194877625, 'test_recall': 0.5204728245735168, 'test_f1': 0.5296890139579773, 'communication_cost': 33870564}
[ 2026-03-27 10:46:38 | node_9 | INFO ] 📢 Broadcasting metrics.
[ 2026-03-27 10:46:38 | node_8 | INFO ] 🎉 Round 7 of 10 finished.
[ 2026-03-27 10:46:38 | node_8 | INFO ] 🗳️ [DETERMINISTIC] Train set assigned (No Voting). Size: 10
[ 2026-03-27 10:46:38 | node_1 | INFO ] 🎉 Round 7 of 10 finished.
[ 2026-03-27 10:46:38 | node_1 | INFO ] 🗳️ [DETERMINISTIC] Train set assigned (No Voting). Size: 10
[ 2026-03-27 10:46:38 | node_8 | INFO ] 🏋️‍♀️ Preparing training...
[ 2026-03-27 10:46:38 | node_1 | INFO ] 🏋️‍♀️ Preparing training...
[ 2026-03-27 10:46:38 | node_3 | INFO ] 🎓 Training step done.
[ 2026-03-27 10:46:38 | node_3 | INFO ] 🛠️ Calling force_add_local_model...
[ 2026-03-27 10:46:38 | node_3 | INFO ] ✅ [FORCE] Local model added for round 7. (1/10)
[ 2026-03-27 10:46:38 | node_9 | INFO ] 🎉 Round 7 of 10 finished.
[ 2026-03-27 10:46:38 | node_9 | INFO ] 🗳️ [DETERMINISTIC] Train set assigned (No Voting). Size: 10
[ 2026-03-27 10:46:38 | node_9 | INFO ] 🏋️‍♀️ Preparing training...
[ 2026-03-27 10:46:39 | node_2 | INFO ] 🎓 Training step done.
[ 2026-03-27 10:46:39 | node_2 | INFO ] 🛠️ Calling force_add_local_model...
[ 2026-03-27 10:46:39 | node_2 | INFO ] ✅ [FORCE] Local model added for round 7. (1/10)
[ 2026-03-27 10:46:39 | node_1 | INFO ] 🎓 Training step done.
[ 2026-03-27 10:46:40 | node_1 | INFO ] 🛠️ Calling force_add_local_model...
[ 2026-03-27 10:46:40 | node_1 | INFO ] ✅ [FORCE] Local model added for round 7. (1/9)
[ 2026-03-27 10:46:40 | node_5 | INFO ] 🎓 Training step done.
[ 2026-03-27 10:46:40 | node_5 | INFO ] 🛠️ Calling force_add_local_model...
[ 2026-03-27 10:46:40 | node_5 | INFO ] ✅ [FORCE] Local model added for round 7. (1/9)
[ 2026-03-27 10:46:40 | node_8 | INFO ] 🎓 Training step done.
[ 2026-03-27 10:46:40 | node_8 | INFO ] 🛠️ Calling force_add_local_model...
[ 2026-03-27 10:46:40 | node_8 | INFO ] ✅ [FORCE] Local model added for round 7. (1/8)
[ 2026-03-27 10:46:40 | node_9 | INFO ] 🎓 Training step done.
[ 2026-03-27 10:46:40 | node_9 | INFO ] 🛠️ Calling force_add_local_model...
[ 2026-03-27 10:46:40 | node_9 | INFO ] ✅ [FORCE] Local model added for round 7. (1/10)
[ 2026-03-27 10:46:40 | node_6 | INFO ] 🎓 Training step done.
[ 2026-03-27 10:46:40 | node_6 | INFO ] 🛠️ Calling force_add_local_model...
[ 2026-03-27 10:46:40 | node_6 | INFO ] ✅ [FORCE] Local model added for round 7. (1/9)
[ 2026-03-27 10:46:41 | node_7 | INFO ] ⏹️  Gossiping exited for 10 equal rounds.
[ 2026-03-27 10:46:41 | node_7 | INFO ] 🔬 Evaluating...
[ 2026-03-27 10:46:42 | node_7 | INFO ] 📈 Evaluated. Results: {'test_loss': 1.4985089302062988, 'test_acc': 0.4703315794467926, 'test_precision': 0.2210463136434555, 'test_recall': 0.11742647737264633, 'test_f1': 0.14666953682899475, 'communication_cost': 26343772}
[ 2026-03-27 10:46:42 | node_7 | INFO ] 📢 Broadcasting metrics.
[ 2026-03-27 10:46:42 | node_7 | INFO ] 🎉 Round 7 of 10 finished.
[ 2026-03-27 10:46:42 | node_7 | INFO ] 🗳️ [DETERMINISTIC] Train set assigned (No Voting). Size: 10
[ 2026-03-27 10:46:42 | node_7 | INFO ] 🏋️‍♀️ Preparing training...
[ 2026-03-27 10:46:42 | node | INFO ] 📤 Sending model to 9 direct neighbors: ['node_1', 'node_2', 'node_3', 'node_4', 'node_5', 'node_6', 'node_7', 'node_8', 'node_9']
[ 2026-03-27 10:46:42 | node_1 | INFO ] 🧩 Model added for round 7 (2/9) from ['node']
[ 2026-03-27 10:46:42 | node_2 | INFO ] 🧩 Model added for round 7 (2/10) from ['node']
[ 2026-03-27 10:46:43 | node_3 | INFO ] 🧩 Model added for round 7 (2/10) from ['node']
[ 2026-03-27 10:46:43 | node_4 | INFO ] 🎓 Training step done.
[ 2026-03-27 10:46:43 | node_4 | INFO ] 🛠️ Calling force_add_local_model...
[ 2026-03-27 10:46:43 | node_4 | INFO ] ✅ [FORCE] Local model added for round 7. (1/7)
[ 2026-03-27 10:46:43 | node_4 | INFO ] 🧩 Model added for round 7 (2/7) from ['node']
[ 2026-03-27 10:46:43 | node_5 | INFO ] 🧩 Model added for round 7 (2/9) from ['node']
[ 2026-03-27 10:46:43 | node_7 | INFO ] 🎓 Training step done.
[ 2026-03-27 10:46:43 | node_7 | INFO ] 🛠️ Calling force_add_local_model...
[ 2026-03-27 10:46:43 | node_6 | INFO ] 🧩 Model added for round 7 (2/9) from ['node']
[ 2026-03-27 10:46:43 | node_7 | INFO ] ✅ [FORCE] Local model added for round 7. (1/8)
[ 2026-03-27 10:46:43 | node_3 | INFO ] 📤 Sending model to 9 direct neighbors: ['node', 'node_1', 'node_2', 'node_4', 'node_5', 'node_6', 'node_7', 'node_8', 'node_9']
[ 2026-03-27 10:46:43 | node | INFO ] 🧩 Model added for round 7 (2/10) from ['node_3']
[ 2026-03-27 10:46:43 | node_7 | INFO ] 🧩 Model added for round 7 (2/8) from ['node']
[ 2026-03-27 10:46:44 | node_8 | INFO ] 🧩 Model added for round 7 (2/8) from ['node']
[ 2026-03-27 10:46:44 | node_1 | INFO ] 🧩 Model added for round 7 (3/9) from ['node_3']
[ 2026-03-27 10:46:44 | node_9 | INFO ] 🧩 Model added for round 7 (2/10) from ['node']
[ 2026-03-27 10:46:44 | node_2 | INFO ] 🧩 Model added for round 7 (3/10) from ['node_3']
[ 2026-03-27 10:46:44 | node_4 | INFO ] 🧩 Model added for round 7 (3/7) from ['node_3']
[ 2026-03-27 10:46:44 | node_5 | INFO ] 🧩 Model added for round 7 (3/9) from ['node_3']
[ 2026-03-27 10:46:44 | node_2 | INFO ] 📤 Sending model to 9 direct neighbors: ['node', 'node_1', 'node_3', 'node_4', 'node_5', 'node_6', 'node_7', 'node_8', 'node_9']
[ 2026-03-27 10:46:44 | node | INFO ] 🧩 Model added for round 7 (3/10) from ['node_2']
[ 2026-03-27 10:46:44 | node_6 | INFO ] 🧩 Model added for round 7 (3/9) from ['node_3']
[ 2026-03-27 10:46:45 | node_1 | INFO ] 📤 Sending model to 8 direct neighbors: ['node', 'node_2', 'node_3', 'node_4', 'node_5', 'node_6', 'node_8', 'node_9']
[ 2026-03-27 10:46:45 | node_1 | INFO ] 🧩 Model added for round 7 (4/9) from ['node_2']
[ 2026-03-27 10:46:45 | node_7 | INFO ] 🧩 Model added for round 7 (3/8) from ['node_3']
[ 2026-03-27 10:46:45 | node | INFO ] 🧩 Model added for round 7 (4/10) from ['node_1']
[ 2026-03-27 10:46:45 | node_5 | INFO ] 📤 Sending model to 8 direct neighbors: ['node', 'node_1', 'node_2', 'node_3', 'node_6', 'node_7', 'node_8', 'node_9']
[ 2026-03-27 10:46:45 | node_3 | INFO ] 🧩 Model added for round 7 (3/10) from ['node_2']
[ 2026-03-27 10:46:45 | node_8 | INFO ] 🧩 Model added for round 7 (3/8) from ['node_3']
[ 2026-03-27 10:46:45 | node | INFO ] 🧩 Model added for round 7 (5/10) from ['node_5']
[ 2026-03-27 10:46:45 | node_8 | INFO ] 📤 Sending model to 7 direct neighbors: ['node', 'node_1', 'node_2', 'node_3', 'node_5', 'node_7', 'node_9']
[ 2026-03-27 10:46:45 | node_2 | INFO ] 🧩 Model added for round 7 (4/10) from ['node_1']
[ 2026-03-27 10:46:45 | node | INFO ] 🧩 Model added for round 7 (6/10) from ['node_8']
[ 2026-03-27 10:46:45 | node_4 | INFO ] 🧩 Model added for round 7 (4/7) from ['node_2']
[ 2026-03-27 10:46:45 | node_9 | INFO ] 🧩 Model added for round 7 (3/10) from ['node_3']
[ 2026-03-27 10:46:45 | node_1 | INFO ] 🧩 Model added for round 7 (5/9) from ['node_5']
[ 2026-03-27 10:46:45 | node_9 | INFO ] 📤 Sending model to 9 direct neighbors: ['node', 'node_1', 'node_2', 'node_3', 'node_4', 'node_5', 'node_6', 'node_7', 'node_8']
[ 2026-03-27 10:46:45 | node_3 | INFO ] 🧩 Model added for round 7 (4/10) from ['node_1']
[ 2026-03-27 10:46:45 | node_6 | INFO ] 📤 Sending model to 8 direct neighbors: ['node', 'node_1', 'node_2', 'node_3', 'node_4', 'node_5', 'node_7', 'node_9']
[ 2026-03-27 10:46:45 | node_1 | INFO ] 🧩 Model added for round 7 (6/9) from ['node_8']
[ 2026-03-27 10:46:45 | node | INFO ] 🧩 Model added for round 7 (7/10) from ['node_9']
[ 2026-03-27 10:46:46 | node | INFO ] 🧩 Model added for round 7 (8/10) from ['node_6']
[ 2026-03-27 10:46:46 | node_5 | INFO ] 🧩 Model added for round 7 (4/9) from ['node_2']
[ 2026-03-27 10:46:46 | node_2 | INFO ] 🧩 Model added for round 7 (5/10) from ['node_5']
[ 2026-03-27 10:46:46 | node_4 | INFO ] 🧩 Model added for round 7 (5/7) from ['node_1']
[ 2026-03-27 10:46:46 | node_2 | INFO ] 🧩 Model added for round 7 (6/10) from ['node_8']
[ 2026-03-27 10:46:46 | node_1 | INFO ] 🧩 Model added for round 7 (7/9) from ['node_9']
[ 2026-03-27 10:46:46 | node_6 | INFO ] 🧩 Model added for round 7 (4/9) from ['node_2']
[ 2026-03-27 10:46:46 | node_1 | INFO ] 🧩 Model added for round 7 (8/9) from ['node_6']
[ 2026-03-27 10:46:46 | node_3 | INFO ] 🧩 Model added for round 7 (5/10) from ['node_5']
[ 2026-03-27 10:46:46 | node_5 | INFO ] 🧩 Model added for round 7 (5/9) from ['node_1']
[ 2026-03-27 10:46:46 | node_2 | INFO ] 🧩 Model added for round 7 (7/10) from ['node_6']
[ 2026-03-27 10:46:46 | node_3 | INFO ] 🧩 Model added for round 7 (6/10) from ['node_8']
[ 2026-03-27 10:46:46 | node_2 | INFO ] 🧩 Model added for round 7 (8/10) from ['node_9']
[ 2026-03-27 10:46:46 | node_7 | INFO ] 🧩 Model added for round 7 (4/8) from ['node_2']
[ 2026-03-27 10:46:46 | node_6 | INFO ] 🧩 Model added for round 7 (5/9) from ['node_5']
[ 2026-03-27 10:46:46 | node_6 | INFO ] 🧩 Model added for round 7 (6/9) from ['node_1']
[ 2026-03-27 10:46:47 | node_5 | INFO ] 🧩 Model added for round 7 (6/9) from ['node_8']
[ 2026-03-27 10:46:47 | node_3 | INFO ] 🧩 Model added for round 7 (7/10) from ['node_6']
[ 2026-03-27 10:46:47 | node_3 | INFO ] 🧩 Model added for round 7 (8/10) from ['node_9']
[ 2026-03-27 10:46:47 | node_8 | INFO ] 🧩 Model added for round 7 (4/8) from ['node_2']
[ 2026-03-27 10:46:47 | node_7 | INFO ] 🧩 Model added for round 7 (5/8) from ['node_5']
[ 2026-03-27 10:46:47 | node_8 | INFO ] 🧩 Model added for round 7 (5/8) from ['node_1']
[ 2026-03-27 10:46:47 | node_7 | INFO ] 🧩 Model added for round 7 (6/8) from ['node_8']
[ 2026-03-27 10:46:47 | node_4 | INFO ] 🧩 Model added for round 7 (6/7) from ['node_6']
[ 2026-03-27 10:46:47 | node_9 | INFO ] 🧩 Model added for round 7 (4/10) from ['node_2']
[ 2026-03-27 10:46:47 | node_8 | INFO ] 🧩 Model added for round 7 (6/8) from ['node_5']
[ 2026-03-27 10:46:47 | node_9 | INFO ] 🧩 Model added for round 7 (5/10) from ['node_1']
[ 2026-03-27 10:46:47 | node_4 | INFO ] 🧩 Model added for round 7 (7/7) from ['node_9']
[ 2026-03-27 10:46:47 | node_9 | INFO ] 🧩 Model added for round 7 (6/10) from ['node_8']
[ 2026-03-27 10:46:47 | node_5 | INFO ] 🧩 Model added for round 7 (7/9) from ['node_6']
[ 2026-03-27 10:46:47 | node_9 | INFO ] 🧩 Model added for round 7 (7/10) from ['node_5']
[ 2026-03-27 10:46:47 | node_5 | INFO ] 🧩 Model added for round 7 (8/9) from ['node_9']
[ 2026-03-27 10:46:48 | node_7 | INFO ] 🧩 Model added for round 7 (7/8) from ['node_6']
[ 2026-03-27 10:46:48 | node_6 | INFO ] 🧩 Model added for round 7 (7/9) from ['node_9']
[ 2026-03-27 10:46:48 | node_4 | INFO ] 📤 Sending model to 6 direct neighbors: ['node', 'node_1', 'node_2', 'node_3', 'node_6', 'node_9']
[ 2026-03-27 10:46:48 | node_9 | INFO ] 🧩 Model added for round 7 (8/10) from ['node_6']
[ 2026-03-27 10:46:48 | node | INFO ] 🧩 Model added for round 7 (9/10) from ['node_4']
[ 2026-03-27 10:46:48 | node_7 | INFO ] 🧩 Model added for round 7 (8/8) from ['node_9']
[ 2026-03-27 10:46:48 | node_7 | INFO ] 📤 Sending model to 7 direct neighbors: ['node', 'node_2', 'node_3', 'node_5', 'node_6', 'node_8', 'node_9']
[ 2026-03-27 10:46:48 | node_1 | INFO ] 🧩 Model added for round 7 (9/9) from ['node_4']
[ 2026-03-27 10:46:48 | node_8 | INFO ] 🧩 Model added for round 7 (7/8) from ['node_9']
[ 2026-03-27 10:46:48 | node | INFO ] 🧩 Model added for round 7 (10/10) from ['node_7']
[ 2026-03-27 10:46:48 | node_2 | INFO ] 🧩 Model added for round 7 (9/10) from ['node_4']
[ 2026-03-27 10:46:49 | node_2 | INFO ] 🧩 Model added for round 7 (10/10) from ['node_7']
[ 2026-03-27 10:46:49 | node_3 | INFO ] 🧩 Model added for round 7 (9/10) from ['node_4']
[ 2026-03-27 10:46:49 | node_1 | INFO ] 🧠 Aggregation complete. Setting new model.
[ 2026-03-27 10:46:49 | node | INFO ] 🧠 Aggregation complete. Setting new model.
[ 2026-03-27 10:46:49 | node_3 | INFO ] 🧩 Model added for round 7 (10/10) from ['node_7']
[ 2026-03-27 10:46:49 | node_2 | INFO ] 🧠 Aggregation complete. Setting new model.
[ 2026-03-27 10:46:49 | node_3 | INFO ] 🧠 Aggregation complete. Setting new model.
[ 2026-03-27 10:46:49 | node_1 | INFO ] 🗣️ Gossiping aggregated model.
[ 2026-03-27 10:46:49 | node_6 | INFO ] 🧩 Model added for round 7 (8/9) from ['node_4']
[ 2026-03-27 10:46:49 | node | INFO ] 🗣️ Gossiping aggregated model.
[ 2026-03-27 10:46:49 | node_5 | INFO ] 🧩 Model added for round 7 (9/9) from ['node_7']
[ 2026-03-27 10:46:49 | node_2 | INFO ] 🗣️ Gossiping aggregated model.
[ 2026-03-27 10:46:49 | node_3 | INFO ] 🗣️ Gossiping aggregated model.
[ 2026-03-27 10:46:50 | node_9 | INFO ] 🧩 Model added for round 7 (9/10) from ['node_4']
[ 2026-03-27 10:46:50 | node_6 | INFO ] 🧩 Model added for round 7 (9/9) from ['node_7']
[ 2026-03-27 10:46:50 | node_5 | INFO ] 🧠 Aggregation complete. Setting new model.
[ 2026-03-27 10:46:50 | node_6 | INFO ] 🧠 Aggregation complete. Setting new model.
[ 2026-03-27 10:46:50 | node_4 | INFO ] 🧠 Aggregation complete. Setting new model.
[ 2026-03-27 10:46:50 | node_5 | INFO ] 🗣️ Gossiping aggregated model.
[ 2026-03-27 10:46:50 | node_4 | INFO ] 🗣️ Gossiping aggregated model.
[ 2026-03-27 10:46:50 | node_6 | INFO ] 🗣️ Gossiping aggregated model.
[ 2026-03-27 10:46:50 | node_8 | INFO ] 🧩 Model added for round 7 (8/8) from ['node_7']
[ 2026-03-27 10:46:50 | node_9 | INFO ] 🧩 Model added for round 7 (10/10) from ['node_7']
[ 2026-03-27 10:46:51 | node_8 | INFO ] 🧠 Aggregation complete. Setting new model.
[ 2026-03-27 10:46:51 | node_9 | INFO ] 🧠 Aggregation complete. Setting new model.
[ 2026-03-27 10:46:51 | node_7 | INFO ] 🧠 Aggregation complete. Setting new model.
[ 2026-03-27 10:46:51 | node_8 | INFO ] 🗣️ Gossiping aggregated model.
[ 2026-03-27 10:46:51 | node_9 | INFO ] 🗣️ Gossiping aggregated model.
[ 2026-03-27 10:46:51 | node_7 | INFO ] 🗣️ Gossiping aggregated model.
[ 2026-03-27 10:46:51 | node_7 | INFO ] 🤫 Gossip finished.
[ 2026-03-27 10:46:51 | node_7 | INFO ] 🔬 Evaluating...
[ 2026-03-27 10:46:51 | node_7 | INFO ] 📈 Evaluated. Results: {'test_loss': 1.317736029624939, 'test_acc': 0.5750436186790466, 'test_precision': 0.22799229621887207, 'test_recall': 0.15275178849697113, 'test_f1': 0.16796396672725677, 'communication_cost': 26343772}
[ 2026-03-27 10:46:51 | node_7 | INFO ] 📢 Broadcasting metrics.
[ 2026-03-27 10:46:52 | node_7 | INFO ] 🎉 Round 8 of 10 finished.
[ 2026-03-27 10:46:52 | node_7 | INFO ] 🗳️ [DETERMINISTIC] Train set assigned (No Voting). Size: 10
[ 2026-03-27 10:46:52 | node_7 | INFO ] 🏋️‍♀️ Preparing training...
[ 2026-03-27 10:46:53 | node_7 | INFO ] 🎓 Training step done.
[ 2026-03-27 10:46:53 | node_7 | INFO ] 🛠️ Calling force_add_local_model...
[ 2026-03-27 10:46:53 | node_7 | INFO ] ✅ [FORCE] Local model added for round 8. (1/8)
[ 2026-03-27 10:46:58 | node_7 | INFO ] 📤 Sending model to 7 direct neighbors: ['node', 'node_2', 'node_3', 'node_5', 'node_6', 'node_8', 'node_9']
[ 2026-03-27 10:47:03 | node_3 | INFO ] ⏹️  Gossiping exited for 10 equal rounds.
[ 2026-03-27 10:47:03 | node_3 | INFO ] 🔬 Evaluating...
[ 2026-03-27 10:47:03 | node_4 | INFO ] ⏹️  Gossiping exited for 10 equal rounds.
[ 2026-03-27 10:47:03 | node_4 | INFO ] 🔬 Evaluating...
[ 2026-03-27 10:47:03 | node_4 | INFO ] 📈 Evaluated. Results: {'test_loss': 1.808958888053894, 'test_acc': 0.3031161427497864, 'test_precision': 0.23248347640037537, 'test_recall': 0.10050693154335022, 'test_f1': 0.12706689536571503, 'communication_cost': 22580376}
[ 2026-03-27 10:47:03 | node_4 | INFO ] 📢 Broadcasting metrics.
[ 2026-03-27 10:47:03 | node_6 | INFO ] ⏹️  Gossiping exited for 10 equal rounds.
[ 2026-03-27 10:47:03 | node_6 | INFO ] 🔬 Evaluating...
[ 2026-03-27 10:47:03 | node_5 | INFO ] ⏹️  Gossiping exited for 10 equal rounds.
[ 2026-03-27 10:47:03 | node_5 | INFO ] 🔬 Evaluating...
[ 2026-03-27 10:47:03 | node_3 | INFO ] 📈 Evaluated. Results: {'test_loss': 0.8956732749938965, 'test_acc': 0.777296781539917, 'test_precision': 0.24772869050502777, 'test_recall': 0.21326704323291779, 'test_f1': 0.22515620291233063, 'communication_cost': 33870564}
[ 2026-03-27 10:47:03 | node_3 | INFO ] 📢 Broadcasting metrics.
[ 2026-03-27 10:47:03 | node_4 | INFO ] 🎉 Round 8 of 10 finished.
[ 2026-03-27 10:47:03 | node_4 | INFO ] 🗳️ [DETERMINISTIC] Train set assigned (No Voting). Size: 10
[ 2026-03-27 10:47:03 | node_4 | INFO ] 🏋️‍♀️ Preparing training...
[ 2026-03-27 10:47:03 | node_5 | INFO ] 📈 Evaluated. Results: {'test_loss': 0.28439295291900635, 'test_acc': 0.9115549325942993, 'test_precision': 0.6541479229927063, 'test_recall': 0.6425018906593323, 'test_f1': 0.6418424844741821, 'communication_cost': 30107168}
[ 2026-03-27 10:47:03 | node_6 | INFO ] 📈 Evaluated. Results: {'test_loss': 1.8427926301956177, 'test_acc': 0.36285096406936646, 'test_precision': 0.17657911777496338, 'test_recall': 0.0740680992603302, 'test_f1': 0.09973842650651932, 'communication_cost': 30107168}
[ 2026-03-27 10:47:03 | node_5 | INFO ] 📢 Broadcasting metrics.
[ 2026-03-27 10:47:03 | node_6 | INFO ] 📢 Broadcasting metrics.
[ 2026-03-27 10:47:04 | node_8 | INFO ] ⏹️  Gossiping exited for 10 equal rounds.
[ 2026-03-27 10:47:04 | node_8 | INFO ] 🔬 Evaluating...
[ 2026-03-27 10:47:04 | node_3 | INFO ] 🎉 Round 8 of 10 finished.
[ 2026-03-27 10:47:04 | node_3 | INFO ] 🗳️ [DETERMINISTIC] Train set assigned (No Voting). Size: 10
[ 2026-03-27 10:47:04 | node_5 | INFO ] 🎉 Round 8 of 10 finished.
[ 2026-03-27 10:47:04 | node_3 | INFO ] ♻️ Proactively processing 1 early models for round 8.
[ 2026-03-27 10:47:04 | node_3 | INFO ] 🧩 Model added for round 8 (1/10) from ['node_7']
[ 2026-03-27 10:47:04 | node_3 | INFO ] 🏋️‍♀️ Preparing training...
[ 2026-03-27 10:47:04 | node_5 | INFO ] 🗳️ [DETERMINISTIC] Train set assigned (No Voting). Size: 10
[ 2026-03-27 10:47:04 | node_6 | INFO ] 🎉 Round 8 of 10 finished.
[ 2026-03-27 10:47:04 | node_5 | INFO ] ♻️ Proactively processing 1 early models for round 8.
[ 2026-03-27 10:47:04 | node_6 | INFO ] 🗳️ [DETERMINISTIC] Train set assigned (No Voting). Size: 10
[ 2026-03-27 10:47:04 | node_5 | INFO ] 🧩 Model added for round 8 (1/9) from ['node_7']
[ 2026-03-27 10:47:04 | node_5 | INFO ] 🏋️‍♀️ Preparing training...
[ 2026-03-27 10:47:04 | node_6 | INFO ] ♻️ Proactively processing 1 early models for round 8.
[ 2026-03-27 10:47:04 | node_6 | INFO ] 🧩 Model added for round 8 (1/9) from ['node_7']
[ 2026-03-27 10:47:04 | node_6 | INFO ] 🏋️‍♀️ Preparing training...
[ 2026-03-27 10:47:04 | node_8 | INFO ] 📈 Evaluated. Results: {'test_loss': 1.125188946723938, 'test_acc': 0.6102003455162048, 'test_precision': 0.2589556872844696, 'test_recall': 0.1924210637807846, 'test_f1': 0.21322064101696014, 'communication_cost': 26343772}
[ 2026-03-27 10:47:04 | node_9 | INFO ] ⏹️  Gossiping exited for 10 equal rounds.
[ 2026-03-27 10:47:04 | node_8 | INFO ] 📢 Broadcasting metrics.
[ 2026-03-27 10:47:04 | node_9 | INFO ] 🔬 Evaluating...
[ 2026-03-27 10:47:04 | node_9 | INFO ] 📈 Evaluated. Results: {'test_loss': 0.39742511510849, 'test_acc': 0.8907363414764404, 'test_precision': 0.7558788657188416, 'test_recall': 0.745152473449707, 'test_f1': 0.7454541921615601, 'communication_cost': 33870564}
[ 2026-03-27 10:47:04 | node_9 | INFO ] 📢 Broadcasting metrics.
[ 2026-03-27 10:47:04 | node_3 | INFO ] 🎓 Training step done.
[ 2026-03-27 10:47:04 | node_3 | INFO ] 🛠️ Calling force_add_local_model...
[ 2026-03-27 10:47:04 | node_3 | INFO ] ✅ [FORCE] Local model added for round 8. (2/10)
[ 2026-03-27 10:47:04 | node_8 | INFO ] 🎉 Round 8 of 10 finished.
[ 2026-03-27 10:47:04 | node_8 | INFO ] 🗳️ [DETERMINISTIC] Train set assigned (No Voting). Size: 10
[ 2026-03-27 10:47:04 | node_8 | INFO ] ♻️ Proactively processing 1 early models for round 8.
[ 2026-03-27 10:47:04 | node_8 | INFO ] 🧩 Model added for round 8 (1/8) from ['node_7']
[ 2026-03-27 10:47:04 | node_8 | INFO ] 🏋️‍♀️ Preparing training...
[ 2026-03-27 10:47:05 | node_9 | INFO ] 🎉 Round 8 of 10 finished.
[ 2026-03-27 10:47:05 | node_9 | INFO ] 🗳️ [DETERMINISTIC] Train set assigned (No Voting). Size: 10
[ 2026-03-27 10:47:05 | node_9 | INFO ] ♻️ Proactively processing 1 early models for round 8.
[ 2026-03-27 10:47:05 | node_9 | INFO ] 🧩 Model added for round 8 (1/10) from ['node_7']
[ 2026-03-27 10:47:05 | node_9 | INFO ] 🏋️‍♀️ Preparing training...
[ 2026-03-27 10:47:06 | node_5 | INFO ] 🎓 Training step done.
[ 2026-03-27 10:47:06 | node_5 | INFO ] 🛠️ Calling force_add_local_model...
[ 2026-03-27 10:47:06 | node_5 | INFO ] ✅ [FORCE] Local model added for round 8. (2/9)
[ 2026-03-27 10:47:06 | node_8 | INFO ] 🎓 Training step done.
[ 2026-03-27 10:47:06 | node_8 | INFO ] 🛠️ Calling force_add_local_model...
[ 2026-03-27 10:47:06 | node_8 | INFO ] ✅ [FORCE] Local model added for round 8. (2/8)
[ 2026-03-27 10:47:07 | node_6 | INFO ] 🎓 Training step done.
[ 2026-03-27 10:47:07 | node_6 | INFO ] 🛠️ Calling force_add_local_model...
[ 2026-03-27 10:47:07 | node_6 | INFO ] ✅ [FORCE] Local model added for round 8. (2/9)
[ 2026-03-27 10:47:07 | node_9 | INFO ] 🎓 Training step done.
[ 2026-03-27 10:47:07 | node_9 | INFO ] 🛠️ Calling force_add_local_model...
[ 2026-03-27 10:47:07 | node_9 | INFO ] ✅ [FORCE] Local model added for round 8. (2/10)
[ 2026-03-27 10:47:09 | node_4 | INFO ] 🎓 Training step done.
[ 2026-03-27 10:47:09 | node_4 | INFO ] 🛠️ Calling force_add_local_model...
[ 2026-03-27 10:47:09 | node_4 | INFO ] ✅ [FORCE] Local model added for round 8. (1/7)
[ 2026-03-27 10:47:09 | node_3 | INFO ] 📤 Sending model to 9 direct neighbors: ['node', 'node_1', 'node_2', 'node_4', 'node_5', 'node_6', 'node_7', 'node_8', 'node_9']
[ 2026-03-27 10:47:10 | node_4 | INFO ] 🧩 Model added for round 8 (2/7) from ['node_3']
[ 2026-03-27 10:47:10 | node_5 | INFO ] 🧩 Model added for round 8 (3/9) from ['node_3']
[ 2026-03-27 10:47:10 | node_6 | INFO ] 🧩 Model added for round 8 (3/9) from ['node_3']
[ 2026-03-27 10:47:10 | node_7 | INFO ] 🧩 Model added for round 8 (2/8) from ['node_3']
[ 2026-03-27 10:47:11 | node_8 | INFO ] 🧩 Model added for round 8 (3/8) from ['node_3']
[ 2026-03-27 10:47:11 | node_9 | INFO ] 🧩 Model added for round 8 (3/10) from ['node_3']
[ 2026-03-27 10:47:11 | node_5 | INFO ] 📤 Sending model to 8 direct neighbors: ['node', 'node_1', 'node_2', 'node_3', 'node_6', 'node_7', 'node_8', 'node_9']
[ 2026-03-27 10:47:11 | node_8 | INFO ] 📤 Sending model to 7 direct neighbors: ['node', 'node_1', 'node_2', 'node_3', 'node_5', 'node_7', 'node_9']
[ 2026-03-27 10:47:11 | node_3 | INFO ] 🧩 Model added for round 8 (3/10) from ['node_5']
[ 2026-03-27 10:47:12 | node_3 | INFO ] 🧩 Model added for round 8 (4/10) from ['node_8']
[ 2026-03-27 10:47:12 | node_6 | INFO ] 📤 Sending model to 8 direct neighbors: ['node', 'node_1', 'node_2', 'node_3', 'node_4', 'node_5', 'node_7', 'node_9']
[ 2026-03-27 10:47:12 | node_6 | INFO ] 🧩 Model added for round 8 (4/9) from ['node_5']
[ 2026-03-27 10:47:12 | node_9 | INFO ] 📤 Sending model to 9 direct neighbors: ['node', 'node_1', 'node_2', 'node_3', 'node_4', 'node_5', 'node_6', 'node_7', 'node_8']
[ 2026-03-27 10:47:12 | node_5 | INFO ] 🧩 Model added for round 8 (4/9) from ['node_8']
[ 2026-03-27 10:47:12 | node_7 | INFO ] 🧩 Model added for round 8 (3/8) from ['node_5']
[ 2026-03-27 10:47:12 | node_3 | INFO ] 🧩 Model added for round 8 (5/10) from ['node_6']
[ 2026-03-27 10:47:12 | node_7 | INFO ] 🧩 Model added for round 8 (4/8) from ['node_8']
[ 2026-03-27 10:47:12 | node_8 | INFO ] 🧩 Model added for round 8 (4/8) from ['node_5']
[ 2026-03-27 10:47:12 | node_3 | INFO ] 🧩 Model added for round 8 (6/10) from ['node_9']
[ 2026-03-27 10:47:13 | node_9 | INFO ] 🧩 Model added for round 8 (4/10) from ['node_8']
[ 2026-03-27 10:47:13 | node_4 | INFO ] 🧩 Model added for round 8 (3/7) from ['node_6']
[ 2026-03-27 10:47:13 | node_9 | INFO ] 🧩 Model added for round 8 (5/10) from ['node_5']
[ 2026-03-27 10:47:13 | node_1 | INFO ] ⏹️  Gossiping exited for 10 equal rounds.
[ 2026-03-27 10:47:13 | node_1 | INFO ] 🔬 Evaluating...
[ 2026-03-27 10:47:13 | node_4 | INFO ] 🧩 Model added for round 8 (4/7) from ['node_9']
[ 2026-03-27 10:47:13 | node_5 | INFO ] 🧩 Model added for round 8 (5/9) from ['node_6']
[ 2026-03-27 10:47:13 | node_2 | INFO ] ⏹️  Gossiping exited for 10 equal rounds.
[ 2026-03-27 10:47:13 | node_2 | INFO ] 🔬 Evaluating...
[ 2026-03-27 10:47:13 | node_1 | INFO ] 📈 Evaluated. Results: {'test_loss': 1.034186601638794, 'test_acc': 0.6057791709899902, 'test_precision': 0.21884776651859283, 'test_recall': 0.15150237083435059, 'test_f1': 0.1762397289276123, 'communication_cost': 30107168}
[ 2026-03-27 10:47:13 | node | INFO ] ⏹️  Gossiping exited for 10 equal rounds.
[ 2026-03-27 10:47:13 | node_5 | INFO ] 🧩 Model added for round 8 (6/9) from ['node_9']
[ 2026-03-27 10:47:13 | node_1 | INFO ] 📢 Broadcasting metrics.
[ 2026-03-27 10:47:13 | node | INFO ] 🔬 Evaluating...
[ 2026-03-27 10:47:13 | node_7 | INFO ] 🧩 Model added for round 8 (5/8) from ['node_6']
[ 2026-03-27 10:47:13 | node_6 | INFO ] 🧩 Model added for round 8 (5/9) from ['node_9']
[ 2026-03-27 10:47:14 | node_9 | INFO ] 🧩 Model added for round 8 (6/10) from ['node_6']
[ 2026-03-27 10:47:14 | node_2 | INFO ] 📈 Evaluated. Results: {'test_loss': 1.5363316535949707, 'test_acc': 0.5366614460945129, 'test_precision': 0.20246677100658417, 'test_recall': 0.1054975762963295, 'test_f1': 0.12123627215623856, 'communication_cost': 33870564}
[ 2026-03-27 10:47:14 | node_2 | INFO ] 📢 Broadcasting metrics.
[ 2026-03-27 10:47:14 | node | INFO ] 📈 Evaluated. Results: {'test_loss': 2.486738443374634, 'test_acc': 0.16391359269618988, 'test_precision': 0.17782758176326752, 'test_recall': 0.06855640560388565, 'test_f1': 0.07228470593690872, 'communication_cost': 33870564}
[ 2026-03-27 10:47:14 | node_4 | INFO ] 📤 Sending model to 6 direct neighbors: ['node', 'node_1', 'node_2', 'node_3', 'node_6', 'node_9']
[ 2026-03-27 10:47:14 | node | INFO ] 📢 Broadcasting metrics.
[ 2026-03-27 10:47:14 | node_7 | INFO ] 🧩 Model added for round 8 (6/8) from ['node_9']
[ 2026-03-27 10:47:14 | node_1 | INFO ] 🎉 Round 8 of 10 finished.
[ 2026-03-27 10:47:14 | node_1 | INFO ] 🗳️ [DETERMINISTIC] Train set assigned (No Voting). Size: 10
[ 2026-03-27 10:47:14 | node_1 | INFO ] ♻️ Proactively processing 5 early models for round 8.
[ 2026-03-27 10:47:14 | node_1 | INFO ] 🧩 Model added for round 8 (1/9) from ['node_3']
[ 2026-03-27 10:47:14 | node_1 | INFO ] 🧩 Model added for round 8 (2/9) from ['node_5']
[ 2026-03-27 10:47:14 | node_1 | INFO ] 🧩 Model added for round 8 (3/9) from ['node_8']
[ 2026-03-27 10:47:14 | node_1 | INFO ] 🧩 Model added for round 8 (4/9) from ['node_6']
[ 2026-03-27 10:47:14 | node_1 | INFO ] 🧩 Model added for round 8 (5/9) from ['node_9']
[ 2026-03-27 10:47:14 | node_1 | INFO ] 🏋️‍♀️ Preparing training...
[ 2026-03-27 10:47:14 | node_1 | INFO ] 🧩 Model added for round 8 (6/9) from ['node_4']
[ 2026-03-27 10:47:14 | node_8 | INFO ] 🧩 Model added for round 8 (5/8) from ['node_9']
[ 2026-03-27 10:47:14 | node | INFO ] 🎉 Round 8 of 10 finished.
[ 2026-03-27 10:47:14 | node | INFO ] 🗳️ [DETERMINISTIC] Train set assigned (No Voting). Size: 10
[ 2026-03-27 10:47:14 | node | INFO ] ♻️ Proactively processing 7 early models for round 8.
[ 2026-03-27 10:47:14 | node | INFO ] 🧩 Model added for round 8 (1/10) from ['node_7']
[ 2026-03-27 10:47:14 | node_2 | INFO ] 🎉 Round 8 of 10 finished.
[ 2026-03-27 10:47:14 | node | INFO ] 🧩 Model added for round 8 (2/10) from ['node_3']
[ 2026-03-27 10:47:14 | node_2 | INFO ] 🗳️ [DETERMINISTIC] Train set assigned (No Voting). Size: 10
[ 2026-03-27 10:47:14 | node | INFO ] 🧩 Model added for round 8 (3/10) from ['node_5']
[ 2026-03-27 10:47:14 | node | INFO ] 🧩 Model added for round 8 (4/10) from ['node_8']
[ 2026-03-27 10:47:14 | node | INFO ] 🧩 Model added for round 8 (5/10) from ['node_6']
[ 2026-03-27 10:47:14 | node_3 | INFO ] 🧩 Model added for round 8 (7/10) from ['node_4']
[ 2026-03-27 10:47:14 | node_2 | INFO ] ♻️ Proactively processing 7 early models for round 8.
[ 2026-03-27 10:47:14 | node | INFO ] 🧩 Model added for round 8 (6/10) from ['node_9']
[ 2026-03-27 10:47:14 | node_2 | INFO ] 🧩 Model added for round 8 (1/10) from ['node_7']
[ 2026-03-27 10:47:14 | node | INFO ] 🧩 Model added for round 8 (7/10) from ['node_4']
[ 2026-03-27 10:47:14 | node_2 | INFO ] 🧩 Model added for round 8 (2/10) from ['node_3']
[ 2026-03-27 10:47:14 | node | INFO ] 🏋️‍♀️ Preparing training...
[ 2026-03-27 10:47:14 | node_2 | INFO ] 🧩 Model added for round 8 (3/10) from ['node_5']
[ 2026-03-27 10:47:14 | node_2 | INFO ] 🧩 Model added for round 8 (4/10) from ['node_8']
[ 2026-03-27 10:47:14 | node_2 | INFO ] 🧩 Model added for round 8 (5/10) from ['node_6']
[ 2026-03-27 10:47:14 | node_2 | INFO ] 🧩 Model added for round 8 (6/10) from ['node_9']
[ 2026-03-27 10:47:14 | node_2 | INFO ] 🧩 Model added for round 8 (7/10) from ['node_4']
[ 2026-03-27 10:47:14 | node_2 | INFO ] 🏋️‍♀️ Preparing training...
[ 2026-03-27 10:47:15 | node_6 | INFO ] 🧩 Model added for round 8 (6/9) from ['node_4']
[ 2026-03-27 10:47:15 | node | INFO ] 🎓 Training step done.
[ 2026-03-27 10:47:15 | node | INFO ] 🛠️ Calling force_add_local_model...
[ 2026-03-27 10:47:15 | node | INFO ] ✅ [FORCE] Local model added for round 8. (8/10)
[ 2026-03-27 10:47:15 | node_9 | INFO ] 🧩 Model added for round 8 (7/10) from ['node_4']
[ 2026-03-27 10:47:15 | node_1 | INFO ] 🎓 Training step done.
[ 2026-03-27 10:47:15 | node_1 | INFO ] 🛠️ Calling force_add_local_model...
[ 2026-03-27 10:47:15 | node_1 | INFO ] ✅ [FORCE] Local model added for round 8. (7/9)
[ 2026-03-27 10:47:16 | node_2 | INFO ] 🎓 Training step done.
[ 2026-03-27 10:47:16 | node_2 | INFO ] 🛠️ Calling force_add_local_model...
[ 2026-03-27 10:47:16 | node_2 | INFO ] ✅ [FORCE] Local model added for round 8. (8/10)
[ 2026-03-27 10:47:20 | node | INFO ] 📤 Sending model to 9 direct neighbors: ['node_1', 'node_2', 'node_3', 'node_4', 'node_5', 'node_6', 'node_7', 'node_8', 'node_9']
[ 2026-03-27 10:47:20 | node_1 | INFO ] 📤 Sending model to 8 direct neighbors: ['node', 'node_2', 'node_3', 'node_4', 'node_5', 'node_6', 'node_8', 'node_9']
[ 2026-03-27 10:47:20 | node_1 | INFO ] 🧩 Model added for round 8 (8/9) from ['node']
[ 2026-03-27 10:47:20 | node | INFO ] 🧩 Model added for round 8 (9/10) from ['node_1']
[ 2026-03-27 10:47:20 | node_2 | INFO ] 🧩 Model added for round 8 (9/10) from ['node']
[ 2026-03-27 10:47:20 | node_2 | INFO ] 🧩 Model added for round 8 (10/10) from ['node_1']
[ 2026-03-27 10:47:20 | node_3 | INFO ] 🧩 Model added for round 8 (8/10) from ['node']
[ 2026-03-27 10:47:20 | node_3 | INFO ] 🧩 Model added for round 8 (9/10) from ['node_1']
[ 2026-03-27 10:47:21 | node_4 | INFO ] 🧩 Model added for round 8 (5/7) from ['node']
[ 2026-03-27 10:47:21 | node_4 | INFO ] 🧩 Model added for round 8 (6/7) from ['node_1']
[ 2026-03-27 10:47:21 | node_5 | INFO ] 🧩 Model added for round 8 (7/9) from ['node_1']
[ 2026-03-27 10:47:21 | node_5 | INFO ] 🧩 Model added for round 8 (8/9) from ['node']
[ 2026-03-27 10:47:21 | node_6 | INFO ] 🧩 Model added for round 8 (7/9) from ['node_1']
[ 2026-03-27 10:47:21 | node_6 | INFO ] 🧩 Model added for round 8 (8/9) from ['node']
[ 2026-03-27 10:47:21 | node_2 | INFO ] 📤 Sending model to 9 direct neighbors: ['node', 'node_1', 'node_3', 'node_4', 'node_5', 'node_6', 'node_7', 'node_8', 'node_9']
[ 2026-03-27 10:47:21 | node_8 | INFO ] 🧩 Model added for round 8 (6/8) from ['node_1']
[ 2026-03-27 10:47:22 | node_7 | INFO ] 🧩 Model added for round 8 (7/8) from ['node']
[ 2026-03-27 10:47:22 | node | INFO ] 🧩 Model added for round 8 (10/10) from ['node_2']
[ 2026-03-27 10:47:22 | node_9 | INFO ] 🧩 Model added for round 8 (8/10) from ['node_1']
[ 2026-03-27 10:47:22 | node_1 | INFO ] 🧩 Model added for round 8 (9/9) from ['node_2']
[ 2026-03-27 10:47:22 | node_8 | INFO ] 🧩 Model added for round 8 (7/8) from ['node']
[ 2026-03-27 10:47:22 | node_3 | INFO ] 🧩 Model added for round 8 (10/10) from ['node_2']
[ 2026-03-27 10:47:22 | node_9 | INFO ] 🧩 Model added for round 8 (9/10) from ['node']
[ 2026-03-27 10:47:22 | node_1 | INFO ] 🧠 Aggregation complete. Setting new model.
[ 2026-03-27 10:47:22 | node_3 | INFO ] 🧠 Aggregation complete. Setting new model.
[ 2026-03-27 10:47:22 | node_4 | INFO ] 🧩 Model added for round 8 (7/7) from ['node_2']
[ 2026-03-27 10:47:23 | node | INFO ] 🧠 Aggregation complete. Setting new model.
[ 2026-03-27 10:47:23 | node_4 | INFO ] 🧠 Aggregation complete. Setting new model.
[ 2026-03-27 10:47:23 | node_1 | INFO ] 🗣️ Gossiping aggregated model.
[ 2026-03-27 10:47:23 | node_3 | INFO ] 🗣️ Gossiping aggregated model.
[ 2026-03-27 10:47:23 | node_4 | INFO ] 🗣️ Gossiping aggregated model.
[ 2026-03-27 10:47:23 | node | INFO ] 🗣️ Gossiping aggregated model.
[ 2026-03-27 10:47:23 | node_5 | INFO ] 🧩 Model added for round 8 (9/9) from ['node_2']
[ 2026-03-27 10:47:23 | node_6 | INFO ] 🧩 Model added for round 8 (9/9) from ['node_2']
[ 2026-03-27 10:47:23 | node_6 | INFO ] 🧠 Aggregation complete. Setting new model.
[ 2026-03-27 10:47:23 | node_5 | INFO ] 🧠 Aggregation complete. Setting new model.
[ 2026-03-27 10:47:23 | node_7 | INFO ] 🧩 Model added for round 8 (8/8) from ['node_2']
[ 2026-03-27 10:47:23 | node_7 | INFO ] 🧠 Aggregation complete. Setting new model.
[ 2026-03-27 10:47:23 | node_5 | INFO ] 🗣️ Gossiping aggregated model.
[ 2026-03-27 10:47:23 | node_6 | INFO ] 🗣️ Gossiping aggregated model.
[ 2026-03-27 10:47:24 | node_7 | INFO ] 🗣️ Gossiping aggregated model.
[ 2026-03-27 10:47:24 | node_8 | INFO ] 🧩 Model added for round 8 (8/8) from ['node_2']
[ 2026-03-27 10:47:24 | node_9 | INFO ] 🧩 Model added for round 8 (10/10) from ['node_2']
[ 2026-03-27 10:47:24 | node_8 | INFO ] 🧠 Aggregation complete. Setting new model.
[ 2026-03-27 10:47:24 | node_9 | INFO ] 🧠 Aggregation complete. Setting new model.
[ 2026-03-27 10:47:24 | node_8 | INFO ] 🗣️ Gossiping aggregated model.
[ 2026-03-27 10:47:24 | node_9 | INFO ] 🗣️ Gossiping aggregated model.
[ 2026-03-27 10:47:24 | node_2 | INFO ] 🧠 Aggregation complete. Setting new model.
[ 2026-03-27 10:47:25 | node_2 | INFO ] 🗣️ Gossiping aggregated model.
[ 2026-03-27 10:47:36 | node_4 | INFO ] ⏹️  Gossiping exited for 10 equal rounds.
[ 2026-03-27 10:47:36 | node_4 | INFO ] 🔬 Evaluating...
[ 2026-03-27 10:47:36 | node | INFO ] ⏹️  Gossiping exited for 10 equal rounds.
[ 2026-03-27 10:47:36 | node | INFO ] 🔬 Evaluating...
[ 2026-03-27 10:47:36 | node_4 | INFO ] 📈 Evaluated. Results: {'test_loss': 1.3252619504928589, 'test_acc': 0.47875353693962097, 'test_precision': 0.20100723206996918, 'test_recall': 0.11871621012687683, 'test_f1': 0.14357087016105652, 'communication_cost': 22580376}
[ 2026-03-27 10:47:36 | node_3 | INFO ] ⏹️  Gossiping exited for 10 equal rounds.
[ 2026-03-27 10:47:36 | node_3 | INFO ] 🔬 Evaluating...
[ 2026-03-27 10:47:36 | node_4 | INFO ] 📢 Broadcasting metrics.
[ 2026-03-27 10:47:36 | node_6 | INFO ] ⏹️  Gossiping exited for 10 equal rounds.
[ 2026-03-27 10:47:36 | node_1 | INFO ] ⏹️  Gossiping exited for 10 equal rounds.
[ 2026-03-27 10:47:36 | node_6 | INFO ] 🔬 Evaluating...
[ 2026-03-27 10:47:36 | node_1 | INFO ] 🔬 Evaluating...
[ 2026-03-27 10:47:36 | node_7 | INFO ] ⏹️  Gossiping exited for 10 equal rounds.
[ 2026-03-27 10:47:36 | node | INFO ] 📈 Evaluated. Results: {'test_loss': 2.5738961696624756, 'test_acc': 0.22490470111370087, 'test_precision': 0.187815859913826, 'test_recall': 0.06747210025787354, 'test_f1': 0.0762476846575737, 'communication_cost': 33870564}
[ 2026-03-27 10:47:36 | node_7 | INFO ] 🔬 Evaluating...
[ 2026-03-27 10:47:36 | node_5 | INFO ] ⏹️  Gossiping exited for 10 equal rounds.
[ 2026-03-27 10:47:36 | node_4 | INFO ] 🎉 Round 9 of 10 finished.
[ 2026-03-27 10:47:36 | node | INFO ] 📢 Broadcasting metrics.
[ 2026-03-27 10:47:36 | node_4 | INFO ] 🗳️ [DETERMINISTIC] Train set assigned (No Voting). Size: 10
[ 2026-03-27 10:47:36 | node_5 | INFO ] 🔬 Evaluating...
[ 2026-03-27 10:47:36 | node_4 | INFO ] 🏋️‍♀️ Preparing training...
[ 2026-03-27 10:47:36 | node_3 | INFO ] 📈 Evaluated. Results: {'test_loss': 0.9579211473464966, 'test_acc': 0.7426647543907166, 'test_precision': 0.1885109543800354, 'test_recall': 0.1479574590921402, 'test_f1': 0.161082923412323, 'communication_cost': 33870564}
[ 2026-03-27 10:47:36 | node_3 | INFO ] 📢 Broadcasting metrics.
[ 2026-03-27 10:47:37 | node_6 | INFO ] 📈 Evaluated. Results: {'test_loss': 2.5885205268859863, 'test_acc': 0.21922245621681213, 'test_precision': 0.12716594338417053, 'test_recall': 0.04061466455459595, 'test_f1': 0.0528554767370224, 'communication_cost': 30107168}
[ 2026-03-27 10:47:37 | node_6 | INFO ] 📢 Broadcasting metrics.
[ 2026-03-27 10:47:37 | node_1 | INFO ] 📈 Evaluated. Results: {'test_loss': 1.4658830165863037, 'test_acc': 0.40866872668266296, 'test_precision': 0.2342621386051178, 'test_recall': 0.11132348328828812, 'test_f1': 0.14414151012897491, 'communication_cost': 30107168}
[ 2026-03-27 10:47:37 | node_5 | INFO ] 📈 Evaluated. Results: {'test_loss': 0.35867807269096375, 'test_acc': 0.8873038291931152, 'test_precision': 0.46604952216148376, 'test_recall': 0.4553849995136261, 'test_f1': 0.4487859308719635, 'communication_cost': 30107168}
[ 2026-03-27 10:47:37 | node_1 | INFO ] 📢 Broadcasting metrics.
[ 2026-03-27 10:47:37 | node_5 | INFO ] 📢 Broadcasting metrics.
[ 2026-03-27 10:47:37 | node_7 | INFO ] 📈 Evaluated. Results: {'test_loss': 1.2880867719650269, 'test_acc': 0.5855148434638977, 'test_precision': 0.22681492567062378, 'test_recall': 0.13808441162109375, 'test_f1': 0.16504177451133728, 'communication_cost': 26343772}
[ 2026-03-27 10:47:37 | node_7 | INFO ] 📢 Broadcasting metrics.
[ 2026-03-27 10:47:37 | node_8 | INFO ] ⏹️  Gossiping exited for 10 equal rounds.
[ 2026-03-27 10:47:37 | node | INFO ] 🎉 Round 9 of 10 finished.
[ 2026-03-27 10:47:37 | node | INFO ] 🗳️ [DETERMINISTIC] Train set assigned (No Voting). Size: 10
[ 2026-03-27 10:47:37 | node_8 | INFO ] 🔬 Evaluating...
[ 2026-03-27 10:47:37 | node | INFO ] 🏋️‍♀️ Preparing training...
[ 2026-03-27 10:47:37 | node_3 | INFO ] 🎉 Round 9 of 10 finished.
[ 2026-03-27 10:47:37 | node_3 | INFO ] 🗳️ [DETERMINISTIC] Train set assigned (No Voting). Size: 10
[ 2026-03-27 10:47:37 | node_3 | INFO ] 🏋️‍♀️ Preparing training...
[ 2026-03-27 10:47:37 | node_8 | INFO ] 📈 Evaluated. Results: {'test_loss': 1.1282680034637451, 'test_acc': 0.693989098072052, 'test_precision': 0.29038944840431213, 'test_recall': 0.21502679586410522, 'test_f1': 0.2357790321111679, 'communication_cost': 26343772}
[ 2026-03-27 10:47:37 | node_1 | INFO ] 🎉 Round 9 of 10 finished.
[ 2026-03-27 10:47:37 | node_8 | INFO ] 📢 Broadcasting metrics.
[ 2026-03-27 10:47:37 | node_6 | INFO ] 🎉 Round 9 of 10 finished.
[ 2026-03-27 10:47:37 | node_1 | INFO ] 🗳️ [DETERMINISTIC] Train set assigned (No Voting). Size: 10
[ 2026-03-27 10:47:37 | node_5 | INFO ] 🎉 Round 9 of 10 finished.
[ 2026-03-27 10:47:37 | node_5 | INFO ] 🗳️ [DETERMINISTIC] Train set assigned (No Voting). Size: 10
[ 2026-03-27 10:47:37 | node_6 | INFO ] 🗳️ [DETERMINISTIC] Train set assigned (No Voting). Size: 10
[ 2026-03-27 10:47:37 | node_1 | INFO ] 🏋️‍♀️ Preparing training...
[ 2026-03-27 10:47:37 | node_6 | INFO ] 🏋️‍♀️ Preparing training...
[ 2026-03-27 10:47:37 | node_5 | INFO ] 🏋️‍♀️ Preparing training...
[ 2026-03-27 10:47:37 | node_9 | INFO ] ⏹️  Gossiping exited for 10 equal rounds.
[ 2026-03-27 10:47:37 | node_9 | INFO ] 🔬 Evaluating...
[ 2026-03-27 10:47:37 | node | INFO ] 🎓 Training step done.
[ 2026-03-27 10:47:37 | node | INFO ] 🛠️ Calling force_add_local_model...
[ 2026-03-27 10:47:37 | node | INFO ] ✅ [FORCE] Local model added for round 9. (1/10)
[ 2026-03-27 10:47:37 | node_2 | INFO ] ⏹️  Gossiping exited for 10 equal rounds.
[ 2026-03-27 10:47:37 | node_2 | INFO ] 🔬 Evaluating...
[ 2026-03-27 10:47:37 | node_7 | INFO ] 🎉 Round 9 of 10 finished.
[ 2026-03-27 10:47:37 | node_7 | INFO ] 🗳️ [DETERMINISTIC] Train set assigned (No Voting). Size: 10
[ 2026-03-27 10:47:38 | node_7 | INFO ] 🏋️‍♀️ Preparing training...
[ 2026-03-27 10:47:38 | node_3 | INFO ] 🎓 Training step done.
[ 2026-03-27 10:47:38 | node_3 | INFO ] 🛠️ Calling force_add_local_model...
[ 2026-03-27 10:47:38 | node_3 | INFO ] ✅ [FORCE] Local model added for round 9. (1/10)
[ 2026-03-27 10:47:38 | node_9 | INFO ] 📈 Evaluated. Results: {'test_loss': 0.553218424320221, 'test_acc': 0.8218527436256409, 'test_precision': 0.6788259148597717, 'test_recall': 0.6465332508087158, 'test_f1': 0.6535428762435913, 'communication_cost': 33870564}
[ 2026-03-27 10:47:38 | node_9 | INFO ] 📢 Broadcasting metrics.
[ 2026-03-27 10:47:38 | node_8 | INFO ] 🎉 Round 9 of 10 finished.
[ 2026-03-27 10:47:38 | node_8 | INFO ] 🗳️ [DETERMINISTIC] Train set assigned (No Voting). Size: 10
[ 2026-03-27 10:47:38 | node_8 | INFO ] 🏋️‍♀️ Preparing training...
[ 2026-03-27 10:47:38 | node_2 | INFO ] 📈 Evaluated. Results: {'test_loss': 1.2711029052734375, 'test_acc': 0.570982813835144, 'test_precision': 0.19730481505393982, 'test_recall': 0.11647659540176392, 'test_f1': 0.14088164269924164, 'communication_cost': 33870564}
[ 2026-03-27 10:47:38 | node_2 | INFO ] 📢 Broadcasting metrics.
[ 2026-03-27 10:47:38 | node_9 | INFO ] 🎉 Round 9 of 10 finished.
[ 2026-03-27 10:47:38 | node_9 | INFO ] 🗳️ [DETERMINISTIC] Train set assigned (No Voting). Size: 10
[ 2026-03-27 10:47:38 | node_9 | INFO ] 🏋️‍♀️ Preparing training...
[ 2026-03-27 10:47:39 | node_1 | INFO ] 🎓 Training step done.
[ 2026-03-27 10:47:39 | node_1 | INFO ] 🛠️ Calling force_add_local_model...
[ 2026-03-27 10:47:39 | node_1 | INFO ] ✅ [FORCE] Local model added for round 9. (1/9)
[ 2026-03-27 10:47:39 | node_2 | INFO ] 🎉 Round 9 of 10 finished.
[ 2026-03-27 10:47:39 | node_2 | INFO ] 🗳️ [DETERMINISTIC] Train set assigned (No Voting). Size: 10
[ 2026-03-27 10:47:39 | node_2 | INFO ] 🏋️‍♀️ Preparing training...
[ 2026-03-27 10:47:39 | node_7 | INFO ] 🎓 Training step done.
[ 2026-03-27 10:47:39 | node_7 | INFO ] 🛠️ Calling force_add_local_model...
[ 2026-03-27 10:47:39 | node_7 | INFO ] ✅ [FORCE] Local model added for round 9. (1/8)
[ 2026-03-27 10:47:40 | node_5 | INFO ] 🎓 Training step done.
[ 2026-03-27 10:47:40 | node_5 | INFO ] 🛠️ Calling force_add_local_model...
[ 2026-03-27 10:47:40 | node_5 | INFO ] ✅ [FORCE] Local model added for round 9. (1/9)
[ 2026-03-27 10:47:40 | node_8 | INFO ] 🎓 Training step done.
[ 2026-03-27 10:47:40 | node_8 | INFO ] 🛠️ Calling force_add_local_model...
[ 2026-03-27 10:47:40 | node_8 | INFO ] ✅ [FORCE] Local model added for round 9. (1/8)
[ 2026-03-27 10:47:40 | node_9 | INFO ] 🎓 Training step done.
[ 2026-03-27 10:47:40 | node_9 | INFO ] 🛠️ Calling force_add_local_model...
[ 2026-03-27 10:47:40 | node_9 | INFO ] ✅ [FORCE] Local model added for round 9. (1/10)
[ 2026-03-27 10:47:40 | node_6 | INFO ] 🎓 Training step done.
[ 2026-03-27 10:47:40 | node_6 | INFO ] 🛠️ Calling force_add_local_model...
[ 2026-03-27 10:47:40 | node_6 | INFO ] ✅ [FORCE] Local model added for round 9. (1/9)
[ 2026-03-27 10:47:41 | node_2 | INFO ] 🎓 Training step done.
[ 2026-03-27 10:47:41 | node_2 | INFO ] 🛠️ Calling force_add_local_model...
[ 2026-03-27 10:47:41 | node_2 | INFO ] ✅ [FORCE] Local model added for round 9. (1/10)
[ 2026-03-27 10:47:42 | node_4 | INFO ] 🎓 Training step done.
[ 2026-03-27 10:47:42 | node_4 | INFO ] 🛠️ Calling force_add_local_model...
[ 2026-03-27 10:47:42 | node_4 | INFO ] ✅ [FORCE] Local model added for round 9. (1/7)
[ 2026-03-27 10:47:42 | node | INFO ] 📤 Sending model to 9 direct neighbors: ['node_1', 'node_2', 'node_3', 'node_4', 'node_5', 'node_6', 'node_7', 'node_8', 'node_9']
[ 2026-03-27 10:47:42 | node_1 | INFO ] 🧩 Model added for round 9 (2/9) from ['node']
[ 2026-03-27 10:47:43 | node_3 | INFO ] 📤 Sending model to 9 direct neighbors: ['node', 'node_1', 'node_2', 'node_4', 'node_5', 'node_6', 'node_7', 'node_8', 'node_9']
[ 2026-03-27 10:47:43 | node | INFO ] 🧩 Model added for round 9 (2/10) from ['node_3']
[ 2026-03-27 10:47:43 | node_2 | INFO ] 🧩 Model added for round 9 (2/10) from ['node']
[ 2026-03-27 10:47:43 | node_1 | INFO ] 🧩 Model added for round 9 (3/9) from ['node_3']
[ 2026-03-27 10:47:43 | node_3 | INFO ] 🧩 Model added for round 9 (2/10) from ['node']
[ 2026-03-27 10:47:43 | node_4 | INFO ] 🧩 Model added for round 9 (2/7) from ['node']
[ 2026-03-27 10:47:43 | node_2 | INFO ] 🧩 Model added for round 9 (3/10) from ['node_3']
[ 2026-03-27 10:47:43 | node_5 | INFO ] 🧩 Model added for round 9 (2/9) from ['node']
[ 2026-03-27 10:47:43 | node_4 | INFO ] 🧩 Model added for round 9 (3/7) from ['node_3']
[ 2026-03-27 10:47:44 | node_1 | INFO ] 📤 Sending model to 8 direct neighbors: ['node', 'node_2', 'node_3', 'node_4', 'node_5', 'node_6', 'node_8', 'node_9']
[ 2026-03-27 10:47:44 | node_5 | INFO ] 🧩 Model added for round 9 (3/9) from ['node_3']
[ 2026-03-27 10:47:44 | node_6 | INFO ] 🧩 Model added for round 9 (2/9) from ['node']
[ 2026-03-27 10:47:44 | node | INFO ] 🧩 Model added for round 9 (3/10) from ['node_1']
[ 2026-03-27 10:47:44 | node_6 | INFO ] 🧩 Model added for round 9 (3/9) from ['node_3']
[ 2026-03-27 10:47:44 | node_7 | INFO ] 🧩 Model added for round 9 (2/8) from ['node']
[ 2026-03-27 10:47:44 | node_2 | INFO ] 🧩 Model added for round 9 (4/10) from ['node_1']
[ 2026-03-27 10:47:44 | node_7 | INFO ] 📤 Sending model to 7 direct neighbors: ['node', 'node_2', 'node_3', 'node_5', 'node_6', 'node_8', 'node_9']
[ 2026-03-27 10:47:44 | node_7 | INFO ] 🧩 Model added for round 9 (3/8) from ['node_3']
[ 2026-03-27 10:47:44 | node | INFO ] 🧩 Model added for round 9 (4/10) from ['node_7']
[ 2026-03-27 10:47:44 | node_8 | INFO ] 🧩 Model added for round 9 (2/8) from ['node']
[ 2026-03-27 10:47:44 | node_3 | INFO ] 🧩 Model added for round 9 (3/10) from ['node_1']
[ 2026-03-27 10:47:44 | node_8 | INFO ] 🧩 Model added for round 9 (3/8) from ['node_3']
[ 2026-03-27 10:47:45 | node_5 | INFO ] 📤 Sending model to 8 direct neighbors: ['node', 'node_1', 'node_2', 'node_3', 'node_6', 'node_7', 'node_8', 'node_9']
[ 2026-03-27 10:47:45 | node_9 | INFO ] 🧩 Model added for round 9 (2/10) from ['node']
[ 2026-03-27 10:47:45 | node_2 | INFO ] 🧩 Model added for round 9 (5/10) from ['node_7']
[ 2026-03-27 10:47:45 | node_4 | INFO ] 🧩 Model added for round 9 (4/7) from ['node_1']
[ 2026-03-27 10:47:45 | node | INFO ] 🧩 Model added for round 9 (5/10) from ['node_5']
[ 2026-03-27 10:47:45 | node_9 | INFO ] 🧩 Model added for round 9 (3/10) from ['node_3']
[ 2026-03-27 10:47:45 | node_8 | INFO ] 📤 Sending model to 7 direct neighbors: ['node', 'node_1', 'node_2', 'node_3', 'node_5', 'node_7', 'node_9']
[ 2026-03-27 10:47:45 | node_3 | INFO ] 🧩 Model added for round 9 (4/10) from ['node_7']
[ 2026-03-27 10:47:45 | node | INFO ] 🧩 Model added for round 9 (6/10) from ['node_8']
[ 2026-03-27 10:47:45 | node_5 | INFO ] 🧩 Model added for round 9 (4/9) from ['node_1']
[ 2026-03-27 10:47:45 | node_1 | INFO ] 🧩 Model added for round 9 (4/9) from ['node_5']
[ 2026-03-27 10:47:45 | node_9 | INFO ] 📤 Sending model to 9 direct neighbors: ['node', 'node_1', 'node_2', 'node_3', 'node_4', 'node_5', 'node_6', 'node_7', 'node_8']
[ 2026-03-27 10:47:45 | node_1 | INFO ] 🧩 Model added for round 9 (5/9) from ['node_8']
[ 2026-03-27 10:47:45 | node_5 | INFO ] 🧩 Model added for round 9 (5/9) from ['node_7']
[ 2026-03-27 10:47:45 | node_6 | INFO ] 🧩 Model added for round 9 (4/9) from ['node_1']
[ 2026-03-27 10:47:45 | node_6 | INFO ] 📤 Sending model to 8 direct neighbors: ['node', 'node_1', 'node_2', 'node_3', 'node_4', 'node_5', 'node_7', 'node_9']
[ 2026-03-27 10:47:45 | node | INFO ] 🧩 Model added for round 9 (7/10) from ['node_9']
[ 2026-03-27 10:47:45 | node_2 | INFO ] 🧩 Model added for round 9 (6/10) from ['node_5']
[ 2026-03-27 10:47:46 | node | INFO ] 🧩 Model added for round 9 (8/10) from ['node_6']
[ 2026-03-27 10:47:46 | node_2 | INFO ] 🧩 Model added for round 9 (7/10) from ['node_8']
[ 2026-03-27 10:47:46 | node_6 | INFO ] 🧩 Model added for round 9 (5/9) from ['node_7']
[ 2026-03-27 10:47:46 | node_8 | INFO ] 🧩 Model added for round 9 (4/8) from ['node_1']
[ 2026-03-27 10:47:46 | node_3 | INFO ] 🧩 Model added for round 9 (5/10) from ['node_5']
[ 2026-03-27 10:47:46 | node_1 | INFO ] 🧩 Model added for round 9 (6/9) from ['node_9']
[ 2026-03-27 10:47:46 | node_1 | INFO ] 🧩 Model added for round 9 (7/9) from ['node_6']
[ 2026-03-27 10:47:46 | node_3 | INFO ] 🧩 Model added for round 9 (6/10) from ['node_8']
[ 2026-03-27 10:47:46 | node_9 | INFO ] 🧩 Model added for round 9 (4/10) from ['node_1']
[ 2026-03-27 10:47:46 | node_8 | INFO ] 🧩 Model added for round 9 (5/8) from ['node_7']
[ 2026-03-27 10:47:46 | node_2 | INFO ] 📤 Sending model to 9 direct neighbors: ['node', 'node_1', 'node_3', 'node_4', 'node_5', 'node_6', 'node_7', 'node_8', 'node_9']
[ 2026-03-27 10:47:46 | node_2 | INFO ] 🧩 Model added for round 9 (8/10) from ['node_9']
[ 2026-03-27 10:47:46 | node_6 | INFO ] 🧩 Model added for round 9 (6/9) from ['node_5']
[ 2026-03-27 10:47:46 | node_2 | INFO ] 🧩 Model added for round 9 (9/10) from ['node_6']
[ 2026-03-27 10:47:46 | node | INFO ] 🧩 Model added for round 9 (9/10) from ['node_2']
[ 2026-03-27 10:47:46 | node_5 | INFO ] 🧩 Model added for round 9 (6/9) from ['node_8']
[ 2026-03-27 10:47:46 | node_9 | INFO ] 🧩 Model added for round 9 (5/10) from ['node_7']
[ 2026-03-27 10:47:47 | node_3 | INFO ] 🧩 Model added for round 9 (7/10) from ['node_9']
[ 2026-03-27 10:47:47 | node_7 | INFO ] 🧩 Model added for round 9 (4/8) from ['node_5']
[ 2026-03-27 10:47:47 | node_1 | INFO ] 🧩 Model added for round 9 (8/9) from ['node_2']
[ 2026-03-27 10:47:47 | node_7 | INFO ] 🧩 Model added for round 9 (5/8) from ['node_8']
[ 2026-03-27 10:47:47 | node_3 | INFO ] 🧩 Model added for round 9 (8/10) from ['node_6']
[ 2026-03-27 10:47:47 | node_4 | INFO ] 🧩 Model added for round 9 (5/7) from ['node_9']
[ 2026-03-27 10:47:47 | node_8 | INFO ] 🧩 Model added for round 9 (6/8) from ['node_5']
[ 2026-03-27 10:47:47 | node_4 | INFO ] 📤 Sending model to 6 direct neighbors: ['node', 'node_1', 'node_2', 'node_3', 'node_6', 'node_9']
[ 2026-03-27 10:47:48 | node_9 | INFO ] 🧩 Model added for round 9 (6/10) from ['node_8']
[ 2026-03-27 10:47:48 | node_4 | INFO ] 🧩 Model added for round 9 (6/7) from ['node_6']
[ 2026-03-27 10:47:48 | node | INFO ] 🧩 Model added for round 9 (10/10) from ['node_4']
[ 2026-03-27 10:47:48 | node_5 | INFO ] 🧩 Model added for round 9 (7/9) from ['node_9']
[ 2026-03-27 10:47:48 | node_5 | INFO ] 🧩 Model added for round 9 (8/9) from ['node_6']
[ 2026-03-27 10:47:48 | node_3 | INFO ] 🧩 Model added for round 9 (9/10) from ['node_2']
[ 2026-03-27 10:47:48 | node_9 | INFO ] 🧩 Model added for round 9 (7/10) from ['node_5']
[ 2026-03-27 10:47:48 | node_6 | INFO ] 🧩 Model added for round 9 (7/9) from ['node_9']
[ 2026-03-27 10:47:48 | node_7 | INFO ] 🧩 Model added for round 9 (6/8) from ['node_6']
[ 2026-03-27 10:47:48 | node_1 | INFO ] 🧩 Model added for round 9 (9/9) from ['node_4']
[ 2026-03-27 10:47:48 | node_4 | INFO ] 🧩 Model added for round 9 (7/7) from ['node_2']
[ 2026-03-27 10:47:48 | node | INFO ] 🧠 Aggregation complete. Setting new model.
[ 2026-03-27 10:47:48 | node_1 | INFO ] 🧠 Aggregation complete. Setting new model.
[ 2026-03-27 10:47:49 | node_9 | INFO ] 🧩 Model added for round 9 (8/10) from ['node_6']
[ 2026-03-27 10:47:49 | node_5 | INFO ] 🧩 Model added for round 9 (9/9) from ['node_2']
[ 2026-03-27 10:47:49 | node_1 | INFO ] 🗣️ Gossiping aggregated model.
[ 2026-03-27 10:47:49 | node | INFO ] 🗣️ Gossiping aggregated model.
[ 2026-03-27 10:47:49 | node_2 | INFO ] 🧩 Model added for round 9 (10/10) from ['node_4']
[ 2026-03-27 10:47:49 | node_7 | INFO ] 🧩 Model added for round 9 (7/8) from ['node_9']
[ 2026-03-27 10:47:49 | node_6 | INFO ] 🧩 Model added for round 9 (8/9) from ['node_2']
[ 2026-03-27 10:47:49 | node_3 | INFO ] 🧩 Model added for round 9 (10/10) from ['node_4']
[ 2026-03-27 10:47:49 | node_8 | INFO ] 🧩 Model added for round 9 (7/8) from ['node_9']
[ 2026-03-27 10:47:49 | node_5 | INFO ] 🧠 Aggregation complete. Setting new model.
[ 2026-03-27 10:47:49 | node_3 | INFO ] 🧠 Aggregation complete. Setting new model.
[ 2026-03-27 10:47:49 | node_5 | INFO ] 🗣️ Gossiping aggregated model.
[ 2026-03-27 10:47:49 | node_7 | INFO ] 🧩 Model added for round 9 (8/8) from ['node_2']
[ 2026-03-27 10:47:49 | node_3 | INFO ] 🗣️ Gossiping aggregated model.
[ 2026-03-27 10:47:50 | node_8 | INFO ] 🧩 Model added for round 9 (8/8) from ['node_2']
[ 2026-03-27 10:47:50 | node_6 | INFO ] 🧩 Model added for round 9 (9/9) from ['node_4']
[ 2026-03-27 10:47:50 | node_6 | INFO ] 🧠 Aggregation complete. Setting new model.
[ 2026-03-27 10:47:50 | node_7 | INFO ] 🧠 Aggregation complete. Setting new model.
[ 2026-03-27 10:47:50 | node_8 | INFO ] 🧠 Aggregation complete. Setting new model.
[ 2026-03-27 10:47:50 | node_7 | INFO ] 🗣️ Gossiping aggregated model.
[ 2026-03-27 10:47:50 | node_8 | INFO ] 🗣️ Gossiping aggregated model.
[ 2026-03-27 10:47:50 | node_6 | INFO ] 🗣️ Gossiping aggregated model.
[ 2026-03-27 10:47:50 | node_9 | INFO ] 🧩 Model added for round 9 (9/10) from ['node_2']
[ 2026-03-27 10:47:50 | node_9 | INFO ] 🧩 Model added for round 9 (10/10) from ['node_4']
[ 2026-03-27 10:47:50 | node_4 | INFO ] 🧠 Aggregation complete. Setting new model.
[ 2026-03-27 10:47:50 | node_2 | INFO ] 🧠 Aggregation complete. Setting new model.
[ 2026-03-27 10:47:50 | node_9 | INFO ] 🧠 Aggregation complete. Setting new model.
[ 2026-03-27 10:47:51 | node_4 | INFO ] 🗣️ Gossiping aggregated model.
[ 2026-03-27 10:47:51 | node_4 | INFO ] 🤫 Gossip finished.
[ 2026-03-27 10:47:51 | node_4 | INFO ] 🔬 Evaluating...
[ 2026-03-27 10:47:51 | node_9 | INFO ] 🗣️ Gossiping aggregated model.
[ 2026-03-27 10:47:51 | node_2 | INFO ] 🗣️ Gossiping aggregated model.
[ 2026-03-27 10:47:51 | node_4 | INFO ] 📈 Evaluated. Results: {'test_loss': 1.2766460180282593, 'test_acc': 0.6033994555473328, 'test_precision': 0.23814919590950012, 'test_recall': 0.16194523870944977, 'test_f1': 0.19014474749565125, 'communication_cost': 22580376}
[ 2026-03-27 10:47:51 | node_4 | INFO ] 📢 Broadcasting metrics.
[ 2026-03-27 10:47:51 | node_4 | INFO ] 🎉 Round 10 of 10 finished.
[ 2026-03-27 10:47:51 | node_4 | INFO ] 😋 Training finished!!
[ 2026-03-27 10:48:02 | node_1 | INFO ] ⏹️  Gossiping exited for 10 equal rounds.
[ 2026-03-27 10:48:02 | node_1 | INFO ] 🔬 Evaluating...
[ 2026-03-27 10:48:02 | node | INFO ] ⏹️  Gossiping exited for 10 equal rounds.
[ 2026-03-27 10:48:02 | node_1 | INFO ] 📈 Evaluated. Results: {'test_loss': 1.0946835279464722, 'test_acc': 0.5706914067268372, 'test_precision': 0.2235318422317505, 'test_recall': 0.14636223018169403, 'test_f1': 0.1729494333267212, 'communication_cost': 30107168}
[ 2026-03-27 10:48:02 | node_1 | INFO ] 📢 Broadcasting metrics.
[ 2026-03-27 10:48:02 | node | INFO ] 🔬 Evaluating...
[ 2026-03-27 10:48:02 | node_5 | INFO ] ⏹️  Gossiping exited for 10 equal rounds.
[ 2026-03-27 10:48:02 | node_5 | INFO ] 🔬 Evaluating...
[ 2026-03-27 10:48:02 | node_3 | INFO ] ⏹️  Gossiping exited for 10 equal rounds.
[ 2026-03-27 10:48:02 | node_3 | INFO ] 🔬 Evaluating...
[ 2026-03-27 10:48:02 | node_1 | INFO ] 🎉 Round 10 of 10 finished.
[ 2026-03-27 10:48:02 | node_1 | INFO ] 😋 Training finished!!
[ 2026-03-27 10:48:02 | node | INFO ] 📈 Evaluated. Results: {'test_loss': 3.0258028507232666, 'test_acc': 0.14930114150047302, 'test_precision': 0.14095360040664673, 'test_recall': 0.060098882764577866, 'test_f1': 0.06536822766065598, 'communication_cost': 33870564}
[ 2026-03-27 10:48:02 | node | INFO ] 📢 Broadcasting metrics.
[ 2026-03-27 10:48:02 | node_5 | INFO ] 📈 Evaluated. Results: {'test_loss': 0.41928404569625854, 'test_acc': 0.883024275302887, 'test_precision': 0.4446035325527191, 'test_recall': 0.44447994232177734, 'test_f1': 0.4377480149269104, 'communication_cost': 30107168}
[ 2026-03-27 10:48:02 | node_5 | INFO ] 📢 Broadcasting metrics.
[ 2026-03-27 10:48:03 | node_7 | INFO ] ⏹️  Gossiping exited for 10 equal rounds.
[ 2026-03-27 10:48:03 | node_7 | INFO ] 🔬 Evaluating...
[ 2026-03-27 10:48:03 | node_3 | INFO ] 📈 Evaluated. Results: {'test_loss': 0.7337331175804138, 'test_acc': 0.7854737639427185, 'test_precision': 0.28690093755722046, 'test_recall': 0.23853033781051636, 'test_f1': 0.2572026550769806, 'communication_cost': 33870564}
[ 2026-03-27 10:48:03 | node_3 | INFO ] 📢 Broadcasting metrics.
[ 2026-03-27 10:48:03 | node_7 | INFO ] 📈 Evaluated. Results: {'test_loss': 1.2855865955352783, 'test_acc': 0.6535776853561401, 'test_precision': 0.33802634477615356, 'test_recall': 0.2429249882698059, 'test_f1': 0.26395195722579956, 'communication_cost': 26343772}
[ 2026-03-27 10:48:03 | node_8 | INFO ] ⏹️  Gossiping exited for 10 equal rounds.
[ 2026-03-27 10:48:03 | node | INFO ] 🎉 Round 10 of 10 finished.
[ 2026-03-27 10:48:03 | node_8 | INFO ] 🔬 Evaluating...
[ 2026-03-27 10:48:03 | node_5 | INFO ] 🎉 Round 10 of 10 finished.
[ 2026-03-27 10:48:03 | node_7 | INFO ] 📢 Broadcasting metrics.
[ 2026-03-27 10:48:03 | node_5 | INFO ] 😋 Training finished!!
[ 2026-03-27 10:48:03 | node_6 | INFO ] ⏹️  Gossiping exited for 10 equal rounds.
[ 2026-03-27 10:48:03 | node | INFO ] 😋 Training finished!!
[ 2026-03-27 10:48:03 | node_6 | INFO ] 🔬 Evaluating...
[ 2026-03-27 10:48:03 | node_8 | INFO ] 📈 Evaluated. Results: {'test_loss': 0.7166566848754883, 'test_acc': 0.7850637435913086, 'test_precision': 0.3444109261035919, 'test_recall': 0.2861355245113373, 'test_f1': 0.3086596727371216, 'communication_cost': 26343772}
[ 2026-03-27 10:48:03 | node_8 | INFO ] 📢 Broadcasting metrics.
[ 2026-03-27 10:48:03 | node_2 | INFO ] ⏹️  Gossiping exited for 10 equal rounds.
[ 2026-03-27 10:48:03 | node_2 | INFO ] 🔬 Evaluating...
[ 2026-03-27 10:48:03 | node_6 | INFO ] 📈 Evaluated. Results: {'test_loss': 2.7802445888519287, 'test_acc': 0.26565873622894287, 'test_precision': 0.22452998161315918, 'test_recall': 0.07864650338888168, 'test_f1': 0.10414993762969971, 'communication_cost': 30107168}
[ 2026-03-27 10:48:03 | node_6 | INFO ] 📢 Broadcasting metrics.
[ 2026-03-27 10:48:03 | node_7 | INFO ] 🎉 Round 10 of 10 finished.
[ 2026-03-27 10:48:03 | node_7 | INFO ] 😋 Training finished!!
[ 2026-03-27 10:48:04 | node_3 | INFO ] 🎉 Round 10 of 10 finished.
[ 2026-03-27 10:48:04 | node_3 | INFO ] 😋 Training finished!!
[ 2026-03-27 10:48:04 | node_9 | INFO ] ⏹️  Gossiping exited for 10 equal rounds.
[ 2026-03-27 10:48:04 | node_9 | INFO ] 🔬 Evaluating...
[ 2026-03-27 10:48:04 | node_8 | INFO ] 🎉 Round 10 of 10 finished.
[ 2026-03-27 10:48:04 | node_8 | INFO ] 😋 Training finished!!
[ 2026-03-27 10:48:04 | node_9 | INFO ] 📈 Evaluated. Results: {'test_loss': 0.5267342925071716, 'test_acc': 0.8408551216125488, 'test_precision': 0.4850130081176758, 'test_recall': 0.47637632489204407, 'test_f1': 0.4791277050971985, 'communication_cost': 33870564}
[ 2026-03-27 10:48:04 | node_2 | INFO ] 📈 Evaluated. Results: {'test_loss': 1.6466127634048462, 'test_acc': 0.5015600919723511, 'test_precision': 0.16886435449123383, 'test_recall': 0.08648746460676193, 'test_f1': 0.10218507796525955, 'communication_cost': 33870564}
[ 2026-03-27 10:48:04 | node_9 | INFO ] 📢 Broadcasting metrics.
[ 2026-03-27 10:48:04 | node_2 | INFO ] 📢 Broadcasting metrics.
[ 2026-03-27 10:48:04 | node_6 | INFO ] 🎉 Round 10 of 10 finished.
[ 2026-03-27 10:48:04 | node_6 | INFO ] 😋 Training finished!!
[ 2026-03-27 10:48:04 | node_9 | INFO ] 🎉 Round 10 of 10 finished.
[ 2026-03-27 10:48:04 | node_9 | INFO ] 😋 Training finished!!
[ 2026-03-27 10:48:04 | node_2 | INFO ] 🎉 Round 10 of 10 finished.
[ 2026-03-27 10:48:04 | node_2 | INFO ] 😋 Training finished!!
[ 2026-03-27 10:48:05 | None | INFO ] 🏁 All nodes finished training. Waiting 10s for final synchronization...
[ 2026-03-27 10:48:15 | node | INFO ] Stopping node...
[ 2026-03-27 10:48:15 | node | INFO ] 🛑 Stopping gossiper...
[ 2026-03-27 10:48:15 | node | INFO ] InMemoryServer stopped at node
[ 2026-03-27 10:48:15 | node_1 | INFO ] Stopping node...
[ 2026-03-27 10:48:15 | node_1 | INFO ] 🛑 Stopping gossiper...
[ 2026-03-27 10:48:15 | node_1 | INFO ] InMemoryServer stopped at node_1
[ 2026-03-27 10:48:15 | node_2 | INFO ] Stopping node...
[ 2026-03-27 10:48:15 | node_2 | INFO ] 🛑 Stopping gossiper...
[ 2026-03-27 10:48:15 | node_2 | INFO ] InMemoryServer stopped at node_2
[ 2026-03-27 10:48:15 | node_3 | INFO ] Stopping node...
[ 2026-03-27 10:48:15 | node_3 | INFO ] 🛑 Stopping gossiper...
[ 2026-03-27 10:48:15 | node_3 | INFO ] InMemoryServer stopped at node_3
[ 2026-03-27 10:48:15 | node_4 | INFO ] Stopping node...
[ 2026-03-27 10:48:15 | node_4 | INFO ] 🛑 Stopping gossiper...
[ 2026-03-27 10:48:15 | node_4 | INFO ] InMemoryServer stopped at node_4
[ 2026-03-27 10:48:15 | node_5 | INFO ] Stopping node...
[ 2026-03-27 10:48:15 | node_5 | INFO ] 🛑 Stopping gossiper...
[ 2026-03-27 10:48:15 | node_5 | INFO ] InMemoryServer stopped at node_5
[ 2026-03-27 10:48:15 | node_6 | INFO ] Stopping node...
[ 2026-03-27 10:48:15 | node_6 | INFO ] 🛑 Stopping gossiper...
[ 2026-03-27 10:48:15 | node_6 | INFO ] InMemoryServer stopped at node_6
[ 2026-03-27 10:48:15 | node_7 | INFO ] Stopping node...
[ 2026-03-27 10:48:15 | node_7 | INFO ] 🛑 Stopping gossiper...
[ 2026-03-27 10:48:15 | node_7 | INFO ] InMemoryServer stopped at node_7
[ 2026-03-27 10:48:15 | node_8 | INFO ] Stopping node...
[ 2026-03-27 10:48:15 | node_8 | INFO ] 🛑 Stopping gossiper...
[ 2026-03-27 10:48:15 | node_8 | INFO ] InMemoryServer stopped at node_8
[ 2026-03-27 10:48:15 | node_9 | INFO ] Stopping node...
[ 2026-03-27 10:48:15 | node_9 | INFO ] 🛑 Stopping gossiper...
[ 2026-03-27 10:48:15 | node_9 | INFO ] InMemoryServer stopped at node_9
